rep,t_over_ttl,cum_rehold,cum_duplicate
rep1,1.009,1,0
rep1,1.009,2,0
rep1,1.009,3,0
rep1,1.0093,4,0
rep1,1.0093,5,0
rep1,1.0094,6,0
rep1,1.0096,7,0
rep1,1.0097,8,0
rep1,1.0097,9,0
rep1,1.0097,10,0
rep1,1.0099,11,0
rep1,1.01,12,0
rep1,1.0101,13,0
rep1,1.0104,14,0
rep1,1.0105,15,0
rep1,1.0106,16,0
rep1,1.0106,17,0
rep1,1.0108,18,0
rep1,1.0112,19,0
rep1,1.0112,20,0
rep1,1.0115,21,0
rep1,1.0116,22,0
rep1,1.0118,23,0
rep1,1.0122,24,0
rep1,1.0124,25,0
rep1,1.0129,26,0
rep1,1.0136,27,0
rep1,1.0142,28,0
rep1,1.0144,29,0
rep1,1.0145,30,0
rep1,1.0146,31,0
rep1,1.0146,32,0
rep1,1.0147,33,0
rep1,1.0148,34,0
rep1,1.0149,35,0
rep1,1.0151,36,0
rep1,1.0156,37,0
rep1,1.0157,38,0
rep1,1.016,39,0
rep1,1.0161,40,0
rep1,1.0167,41,0
rep1,1.0173,42,0
rep1,1.0184,43,0
rep1,1.0191,44,0
rep1,1.0194,45,0
rep1,1.02,46,0
rep1,1.0206,47,0
rep1,1.0209,48,0
rep1,1.0219,49,0
rep1,1.0239,50,0
rep1,1.0241,51,0
rep1,1.0251,52,0
rep1,1.0251,53,0
rep1,1.0258,54,0
rep1,1.026,55,0
rep1,1.0261,56,0
rep1,1.0268,57,0
rep1,1.0284,58,0
rep1,1.0291,59,0
rep1,1.0309,60,0
rep1,1.037,61,0
rep1,1.0371,62,0
rep1,1.0384,63,0
rep1,1.0412,64,0
rep1,1.0425,65,0
rep1,1.0425,66,0
rep1,1.0426,67,0
rep1,1.0426,68,0
rep1,1.0426,69,0
rep1,1.0427,70,0
rep1,1.0427,71,0
rep1,1.0427,72,0
rep1,1.0427,73,0
rep1,1.0428,74,0
rep1,1.0428,75,0
rep1,1.0428,76,0
rep1,1.0428,77,0
rep1,1.0429,78,0
rep1,1.0429,79,0
rep1,1.043,80,0
rep1,1.043,81,0
rep1,1.043,82,0
rep1,1.0431,83,0
rep1,1.0432,84,0
rep1,1.0432,85,0
rep1,1.0432,86,0
rep1,1.0434,87,0
rep1,1.0434,88,0
rep1,1.0434,89,0
rep1,1.0435,90,0
rep1,1.0435,91,0
rep1,1.0435,92,0
rep1,1.0435,93,0
rep1,1.0436,94,0
rep1,1.0437,95,0
rep1,1.0438,96,0
rep1,1.0438,97,0
rep1,1.0439,98,0
rep1,1.0439,99,0
rep1,1.0439,100,0
rep1,1.044,101,0
rep1,1.044,102,0
rep1,1.044,103,0
rep1,1.044,104,0
rep1,1.044,105,0
rep1,1.044,106,0
rep1,1.0441,107,0
rep1,1.0441,108,0
rep1,1.0441,109,0
rep1,1.0441,110,0
rep1,1.0441,111,0
rep1,1.0442,112,0
rep1,1.0442,113,0
rep1,1.0442,114,0
rep1,1.0442,115,0
rep1,1.0442,116,0
rep1,1.0443,117,0
rep1,1.0443,118,0
rep1,1.0444,119,0
rep1,1.0444,120,0
rep1,1.0445,121,0
rep1,1.0446,122,0
rep1,1.0446,123,0
rep1,1.0446,124,0
rep1,1.0447,125,0
rep1,1.0447,126,0
rep1,1.0447,127,0
rep1,1.0448,128,0
rep1,1.0449,129,0
rep1,1.0449,130,0
rep1,1.0449,131,0
rep1,1.045,132,0
rep1,1.045,133,0
rep1,1.045,134,0
rep1,1.0451,135,0
rep1,1.0451,136,0
rep1,1.0451,137,0
rep1,1.0451,138,0
rep1,1.0452,139,0
rep1,1.0452,140,0
rep1,1.0453,141,0
rep1,1.0453,142,0
rep1,1.0453,143,0
rep1,1.0453,144,0
rep1,1.0453,145,0
rep1,1.0454,146,0
rep1,1.0455,147,0
rep1,1.0455,148,0
rep1,1.0455,149,0
rep1,1.0455,150,0
rep1,1.0456,151,0
rep1,1.0456,152,0
rep1,1.0456,153,0
rep1,1.0457,154,0
rep1,1.0458,155,0
rep1,1.0458,156,0
rep1,1.0459,157,0
rep1,1.0459,158,0
rep1,1.046,159,0
rep1,1.046,160,0
rep1,1.0461,161,0
rep1,1.0462,162,0
rep1,1.0462,163,0
rep1,1.0462,164,0
rep1,1.0463,165,0
rep1,1.0464,166,0
rep1,1.0465,167,0
rep1,1.0465,168,0
rep1,1.0466,169,0
rep1,1.0466,170,0
rep1,1.0467,171,0
rep1,1.0467,172,0
rep1,1.0467,173,0
rep1,1.0468,174,0
rep1,1.0471,175,0
rep1,1.0471,176,0
rep1,1.0471,177,0
rep1,1.0471,178,0
rep1,1.0472,179,0
rep1,1.0472,180,0
rep1,1.0473,181,0
rep1,1.0473,182,0
rep1,1.0473,183,0
rep1,1.0474,184,0
rep1,1.0474,185,0
rep1,1.0474,186,0
rep1,1.0474,187,0
rep1,1.0474,188,0
rep1,1.0474,189,0
rep1,1.0475,190,0
rep1,1.0476,191,0
rep1,1.0479,192,0
rep1,1.048,193,0
rep1,1.048,194,0
rep1,1.048,195,0
rep1,1.0481,196,0
rep1,1.0481,197,0
rep1,1.0482,198,0
rep1,1.0482,199,0
rep1,1.0484,200,0
rep1,1.0485,201,0
rep1,1.0487,202,0
rep1,1.0487,203,0
rep1,1.0488,204,0
rep1,1.0488,205,0
rep1,1.0489,206,0
rep1,1.0489,207,0
rep1,1.0489,208,0
rep1,1.049,209,0
rep1,1.049,210,0
rep1,1.0491,211,0
rep1,1.0491,212,0
rep1,1.0491,213,0
rep1,1.0491,214,0
rep1,1.0492,215,0
rep1,1.0493,216,0
rep1,1.0493,217,0
rep1,1.0494,218,0
rep1,1.0495,219,0
rep1,1.0495,220,0
rep1,1.0496,221,0
rep1,1.0499,222,0
rep1,1.0499,223,0
rep1,1.0499,224,0
rep1,1.05,225,0
rep1,1.0501,226,0
rep1,1.0502,227,0
rep1,1.0502,228,0
rep1,1.0503,229,0
rep1,1.0503,230,0
rep1,1.0503,231,0
rep1,1.0503,232,0
rep1,1.0504,233,0
rep1,1.0505,234,0
rep1,1.0505,235,0
rep1,1.0505,236,0
rep1,1.0505,237,0
rep1,1.0508,238,0
rep1,1.0509,239,0
rep1,1.051,240,0
rep1,1.0511,241,0
rep1,1.0512,242,0
rep1,1.0512,243,0
rep1,1.0512,244,0
rep1,1.0513,245,0
rep1,1.0513,246,0
rep1,1.0514,247,0
rep1,1.0514,248,0
rep1,1.0515,249,0
rep1,1.0515,250,0
rep1,1.0516,251,0
rep1,1.0516,252,0
rep1,1.0517,253,0
rep1,1.052,254,0
rep1,1.052,255,0
rep1,1.0521,256,0
rep1,1.0521,257,0
rep1,1.0522,258,0
rep1,1.0524,259,0
rep1,1.0524,260,0
rep1,1.0525,261,0
rep1,1.0527,262,0
rep1,1.0529,263,0
rep1,1.0531,264,0
rep1,1.0532,265,0
rep1,1.0533,266,0
rep1,1.0534,267,0
rep1,1.0534,268,0
rep1,1.0535,269,0
rep1,1.0535,270,0
rep1,1.0536,271,0
rep1,1.0537,272,0
rep1,1.0539,273,0
rep1,1.0539,274,0
rep1,1.054,275,0
rep1,1.0541,276,0
rep1,1.0542,277,0
rep1,1.0542,278,0
rep1,1.0542,279,0
rep1,1.0543,280,0
rep1,1.0544,281,0
rep1,1.0545,282,0
rep1,1.0546,283,0
rep1,1.0548,284,0
rep1,1.0549,285,0
rep1,1.055,286,0
rep1,1.0552,287,0
rep1,1.0553,288,0
rep1,1.0554,289,0
rep1,1.0554,290,0
rep1,1.0555,291,0
rep1,1.0556,292,0
rep1,1.0557,293,0
rep1,1.0558,294,0
rep1,1.0561,295,0
rep1,1.0562,296,0
rep1,1.0564,297,0
rep1,1.0564,298,0
rep1,1.0566,299,0
rep1,1.0567,300,0
rep1,1.0568,301,0
rep1,1.0568,302,0
rep1,1.0569,303,0
rep1,1.0572,304,0
rep1,1.0572,305,0
rep1,1.0573,306,0
rep1,1.0574,307,0
rep1,1.0575,308,0
rep1,1.0576,309,0
rep1,1.0578,310,0
rep1,1.0579,311,0
rep1,1.0579,312,0
rep1,1.058,313,0
rep1,1.0581,314,0
rep1,1.0581,315,0
rep1,1.0584,316,0
rep1,1.0584,317,0
rep1,1.0586,318,0
rep1,1.0587,319,0
rep1,1.0589,320,0
rep1,1.059,321,0
rep1,1.0592,322,0
rep1,1.0592,323,0
rep1,1.0593,324,0
rep1,1.0599,325,0
rep1,1.0599,326,0
rep1,1.06,327,0
rep1,1.0601,328,0
rep1,1.0602,329,0
rep1,1.0603,330,0
rep1,1.0603,331,0
rep1,1.0607,332,0
rep1,1.0608,333,0
rep1,1.0608,334,0
rep1,1.061,335,0
rep1,1.061,336,0
rep1,1.0615,337,0
rep1,1.0615,338,0
rep1,1.0616,339,0
rep1,1.0619,340,0
rep1,1.062,341,0
rep1,1.0621,342,0
rep1,1.0624,343,0
rep1,1.0625,344,0
rep1,1.0628,345,0
rep1,1.0628,346,0
rep1,1.063,347,0
rep1,1.063,348,0
rep1,1.063,349,0
rep1,1.0633,350,0
rep1,1.0633,351,0
rep1,1.0634,352,0
rep1,1.0635,353,0
rep1,1.0637,354,0
rep1,1.0639,355,0
rep1,1.0641,356,0
rep1,1.0645,357,0
rep1,1.0651,358,0
rep1,1.0652,359,0
rep1,1.0656,360,0
rep1,1.0664,361,0
rep1,1.0667,362,0
rep1,1.0668,363,0
rep1,1.0668,364,0
rep1,1.0669,365,0
rep1,1.0669,366,0
rep1,1.067,367,0
rep1,1.0674,368,0
rep1,1.0675,369,0
rep1,1.0679,370,0
rep1,1.0682,371,0
rep1,1.069,372,0
rep1,1.0692,373,0
rep1,1.0693,374,0
rep1,1.0694,375,0
rep1,1.0705,376,0
rep1,1.0709,377,0
rep1,1.0711,378,0
rep1,1.0713,379,0
rep1,1.0714,380,0
rep1,1.0714,381,0
rep1,1.0718,382,0
rep1,1.072,383,0
rep1,1.0721,384,0
rep1,1.0728,385,0
rep1,1.0732,386,0
rep1,1.0736,387,0
rep1,1.0736,388,0
rep1,1.0736,389,0
rep1,1.0749,390,0
rep1,1.075,391,0
rep1,1.0753,392,0
rep1,1.0759,393,0
rep1,1.076,394,0
rep1,1.0762,395,0
rep1,1.0763,396,0
rep1,1.0763,397,0
rep1,1.0763,398,0
rep1,1.0764,399,0
rep1,1.0765,400,0
rep1,1.0767,401,0
rep1,1.0769,402,0
rep1,1.077,403,0
rep1,1.0772,404,0
rep1,1.0772,405,0
rep1,1.0773,406,0
rep1,1.0773,407,0
rep1,1.0775,408,0
rep1,1.0775,409,0
rep1,1.0777,410,0
rep1,1.0777,411,0
rep1,1.0778,412,0
rep1,1.0779,413,0
rep1,1.078,414,0
rep1,1.078,415,0
rep1,1.0782,416,0
rep1,1.0782,417,0
rep1,1.0784,418,0
rep1,1.0785,419,0
rep1,1.0788,420,0
rep1,1.079,421,0
rep1,1.0792,422,0
rep1,1.0793,423,0
rep1,1.0793,424,0
rep1,1.0794,425,0
rep1,1.0795,426,0
rep1,1.0795,427,0
rep1,1.0796,428,0
rep1,1.0797,429,0
rep1,1.0802,430,0
rep1,1.0805,431,0
rep1,1.0805,432,0
rep1,1.081,433,0
rep1,1.081,434,0
rep1,1.081,435,0
rep1,1.0812,436,0
rep1,1.0812,437,0
rep1,1.0813,438,0
rep1,1.0814,439,0
rep1,1.0814,440,0
rep1,1.0815,441,0
rep1,1.0815,442,0
rep1,1.0816,443,0
rep1,1.0816,444,0
rep1,1.0817,445,0
rep1,1.0818,446,0
rep1,1.0819,447,0
rep1,1.0819,448,0
rep1,1.082,449,0
rep1,1.082,450,0
rep1,1.0823,451,0
rep1,1.0823,452,0
rep1,1.0824,453,0
rep1,1.0824,454,0
rep1,1.0826,455,0
rep1,1.0826,456,0
rep1,1.083,457,0
rep1,1.083,458,0
rep1,1.0831,459,0
rep1,1.0832,460,0
rep1,1.0833,461,0
rep1,1.0833,462,0
rep1,1.0836,463,0
rep1,1.0836,464,0
rep1,1.0837,465,0
rep1,1.0838,466,0
rep1,1.0838,467,0
rep1,1.0839,468,0
rep1,1.084,469,0
rep1,1.0841,470,0
rep1,1.0841,471,0
rep1,1.0841,472,0
rep1,1.0841,473,0
rep1,1.0842,474,0
rep1,1.0842,475,0
rep1,1.0843,476,0
rep1,1.0845,477,0
rep1,1.0846,478,0
rep1,1.0846,479,0
rep1,1.0847,480,0
rep1,1.0848,481,0
rep1,1.0848,482,0
rep1,1.0849,483,0
rep1,1.085,484,0
rep1,1.0853,485,0
rep1,1.0853,486,0
rep1,1.0854,487,0
rep1,1.0855,488,0
rep1,1.0856,489,0
rep1,1.0859,490,0
rep1,1.0859,491,0
rep1,1.086,492,0
rep1,1.086,493,0
rep1,1.0861,494,0
rep1,1.0864,495,0
rep1,1.0866,496,0
rep1,1.0866,497,0
rep1,1.0868,498,0
rep1,1.0871,499,0
rep1,1.0874,500,0
rep1,1.0879,501,0
rep1,1.0881,502,0
rep1,1.0883,503,0
rep1,1.0888,504,0
rep1,1.0893,505,0
rep1,1.0894,506,0
rep1,1.0896,507,0
rep1,1.0898,508,0
rep1,1.0899,509,0
rep1,1.0899,510,0
rep1,1.09,511,0
rep1,1.0901,512,0
rep1,1.0903,513,0
rep1,1.0904,514,0
rep1,1.0904,515,0
rep1,1.0906,516,0
rep1,1.0907,517,0
rep1,1.0908,518,0
rep1,1.0909,519,0
rep1,1.0912,520,0
rep1,1.0922,521,0
rep1,1.0922,522,0
rep1,1.0929,523,0
rep1,1.093,524,0
rep1,1.093,525,0
rep1,1.0932,526,0
rep1,1.0934,527,0
rep1,1.0942,528,0
rep1,1.0951,529,0
rep1,1.0953,530,0
rep1,1.096,531,0
rep1,1.0961,532,0
rep1,1.0962,533,0
rep1,1.0965,534,0
rep1,1.0969,535,0
rep1,1.0971,536,0
rep1,1.0971,537,0
rep1,1.0972,538,0
rep1,1.0974,539,0
rep1,1.0975,540,0
rep1,1.0984,541,0
rep1,1.0987,542,0
rep1,1.099,543,0
rep1,1.0991,544,0
rep1,1.0994,545,0
rep1,1.0994,546,0
rep1,1.0997,547,0
rep1,1.0998,548,0
rep1,1.0999,549,0
rep1,1.1001,550,0
rep1,1.1002,551,0
rep1,1.1004,552,0
rep1,1.1007,553,0
rep1,1.1009,554,0
rep1,1.1012,555,0
rep1,1.1013,556,0
rep1,1.1014,557,0
rep1,1.1014,558,0
rep1,1.1016,559,0
rep1,1.1017,560,0
rep1,1.1019,561,0
rep1,1.102,562,0
rep1,1.1031,563,0
rep1,1.1035,564,0
rep1,1.1036,565,0
rep1,1.104,566,0
rep1,1.1041,567,0
rep1,1.105,568,0
rep1,1.105,569,0
rep1,1.1053,570,0
rep1,1.1056,571,0
rep1,1.1062,572,0
rep1,1.1068,573,0
rep1,1.1073,574,0
rep1,1.1073,575,0
rep1,1.108,576,0
rep1,1.1086,577,0
rep1,1.1087,578,0
rep1,1.1089,579,0
rep1,1.109,580,0
rep1,1.1092,581,0
rep1,1.1097,582,0
rep1,1.1099,583,0
rep1,1.11,584,0
rep1,1.1102,585,0
rep1,1.1105,586,0
rep1,1.1107,587,0
rep1,1.1108,588,0
rep1,1.1108,589,0
rep1,1.1109,590,0
rep1,1.111,591,0
rep1,1.1111,592,0
rep1,1.1112,593,0
rep1,1.1114,594,0
rep1,1.1115,595,0
rep1,1.1115,596,0
rep1,1.1116,597,0
rep1,1.1116,598,0
rep1,1.112,599,0
rep1,1.112,600,0
rep1,1.112,601,0
rep1,1.1121,602,0
rep1,1.1122,603,0
rep1,1.1124,604,0
rep1,1.1125,605,0
rep1,1.1126,606,0
rep1,1.1128,607,0
rep1,1.1128,608,0
rep1,1.1132,609,0
rep1,1.1132,610,0
rep1,1.1133,611,0
rep1,1.1134,612,0
rep1,1.1135,613,0
rep1,1.1135,614,0
rep1,1.1137,615,0
rep1,1.1137,616,0
rep1,1.1138,617,0
rep1,1.114,618,0
rep1,1.1141,619,0
rep1,1.1145,620,0
rep1,1.1147,621,0
rep1,1.115,622,0
rep1,1.1151,623,0
rep1,1.1152,624,0
rep1,1.1152,625,0
rep1,1.1155,626,0
rep1,1.116,627,0
rep1,1.116,628,0
rep1,1.1163,629,0
rep1,1.1163,630,0
rep1,1.1164,631,0
rep1,1.1165,632,0
rep1,1.1167,633,0
rep1,1.1167,634,0
rep1,1.1168,635,0
rep1,1.1174,636,0
rep1,1.1175,637,0
rep1,1.1177,638,0
rep1,1.1177,639,0
rep1,1.1178,640,0
rep1,1.1178,641,0
rep1,1.1181,642,0
rep1,1.1181,643,0
rep1,1.1183,644,0
rep1,1.1184,645,0
rep1,1.1187,646,0
rep1,1.1188,647,0
rep1,1.1189,648,0
rep1,1.119,649,0
rep1,1.119,650,0
rep1,1.1192,651,0
rep1,1.1196,652,0
rep1,1.1196,653,0
rep1,1.1198,654,0
rep1,1.1199,655,0
rep1,1.1201,656,0
rep1,1.1201,657,0
rep1,1.1202,658,0
rep1,1.1203,659,0
rep1,1.1204,660,0
rep1,1.1208,661,0
rep1,1.1211,662,0
rep1,1.1212,663,0
rep1,1.1212,664,0
rep1,1.1212,665,0
rep1,1.1213,666,0
rep1,1.1215,667,0
rep1,1.1219,668,0
rep1,1.1219,669,0
rep1,1.1222,670,0
rep1,1.1224,671,0
rep1,1.1224,672,0
rep1,1.1225,673,0
rep1,1.1227,674,0
rep1,1.1231,675,0
rep1,1.1233,676,0
rep1,1.1234,677,0
rep1,1.1237,678,0
rep1,1.1238,679,0
rep1,1.1239,680,0
rep1,1.124,681,0
rep1,1.1242,682,0
rep1,1.1242,683,0
rep1,1.1244,684,0
rep1,1.1245,685,0
rep1,1.1245,686,0
rep1,1.1247,687,0
rep1,1.1251,688,0
rep1,1.1256,689,0
rep1,1.1257,690,0
rep1,1.1257,691,0
rep1,1.1258,692,0
rep1,1.1258,693,0
rep1,1.1259,694,0
rep1,1.1259,695,0
rep1,1.126,696,0
rep1,1.1265,697,0
rep1,1.1269,698,0
rep1,1.1274,699,0
rep1,1.1274,700,0
rep1,1.1277,701,0
rep1,1.1277,702,0
rep1,1.1278,703,0
rep1,1.1279,704,0
rep1,1.1285,705,0
rep1,1.1285,706,0
rep1,1.1286,707,0
rep1,1.129,708,0
rep1,1.1293,709,0
rep1,1.1294,710,0
rep1,1.1294,711,0
rep1,1.1295,712,0
rep1,1.1295,713,0
rep1,1.1296,714,0
rep1,1.1298,715,0
rep1,1.1299,716,0
rep1,1.13,717,0
rep1,1.13,718,0
rep1,1.1302,719,0
rep1,1.1305,720,0
rep1,1.1305,721,0
rep1,1.1306,722,0
rep1,1.1307,723,0
rep1,1.1307,724,0
rep1,1.1312,725,0
rep1,1.1318,726,0
rep1,1.1323,727,0
rep1,1.1333,728,0
rep1,1.1335,729,0
rep1,1.1336,730,0
rep1,1.1336,731,0
rep1,1.134,732,0
rep1,1.1344,733,0
rep1,1.1347,734,0
rep1,1.135,735,0
rep1,1.1352,736,0
rep1,1.1354,737,0
rep1,1.1357,738,0
rep1,1.1357,739,0
rep1,1.136,740,0
rep1,1.1361,741,0
rep1,1.1363,742,0
rep1,1.1364,743,0
rep1,1.1365,744,0
rep1,1.1365,745,0
rep1,1.1366,746,0
rep1,1.1367,747,0
rep1,1.1368,748,0
rep1,1.1368,749,0
rep1,1.1372,750,0
rep1,1.1372,751,0
rep1,1.1372,752,0
rep1,1.1376,753,0
rep1,1.1382,754,0
rep1,1.1382,755,0
rep1,1.1385,756,0
rep1,1.1386,757,0
rep1,1.1388,758,0
rep1,1.139,759,0
rep1,1.1393,760,0
rep1,1.1394,761,0
rep1,1.14,762,0
rep1,1.1402,763,0
rep1,1.1403,764,0
rep1,1.1404,765,0
rep1,1.1412,766,0
rep1,1.1416,767,0
rep1,1.1419,768,0
rep1,1.1419,769,0
rep1,1.1421,770,0
rep1,1.1429,771,0
rep1,1.1431,772,0
rep1,1.1433,773,0
rep1,1.1437,774,0
rep1,1.1441,775,0
rep1,1.1441,776,0
rep1,1.1442,777,0
rep1,1.1449,778,0
rep1,1.145,779,0
rep1,1.1451,780,0
rep1,1.1452,781,0
rep1,1.1456,782,0
rep1,1.1458,783,0
rep1,1.146,784,0
rep1,1.1461,785,0
rep1,1.1465,786,0
rep1,1.1466,787,0
rep1,1.1467,788,0
rep1,1.1467,789,0
rep1,1.1471,790,0
rep1,1.1471,791,0
rep1,1.1473,792,0
rep1,1.1474,793,0
rep1,1.1476,794,0
rep1,1.1476,795,0
rep1,1.1477,796,0
rep1,1.1481,797,0
rep1,1.1481,798,0
rep1,1.1482,799,0
rep1,1.1483,800,0
rep1,1.1483,801,0
rep1,1.1488,802,0
rep1,1.1491,803,0
rep1,1.1492,804,0
rep1,1.1495,805,0
rep1,1.1496,806,0
rep1,1.1496,807,0
rep1,1.1497,808,0
rep1,1.1498,809,0
rep1,1.1498,810,0
rep1,1.15,811,0
rep1,1.1501,812,0
rep1,1.1502,813,0
rep1,1.1504,814,0
rep1,1.1505,815,0
rep1,1.1506,816,0
rep1,1.1508,817,0
rep1,1.1509,818,0
rep1,1.1512,819,0
rep1,1.1516,820,0
rep1,1.1518,821,0
rep1,1.1519,822,0
rep1,1.1521,823,0
rep1,1.1522,824,0
rep1,1.1528,825,0
rep1,1.1528,826,0
rep1,1.1529,827,0
rep1,1.1533,828,0
rep1,1.1535,829,0
rep1,1.1538,830,0
rep1,1.1542,831,0
rep1,1.1543,832,0
rep1,1.1545,833,0
rep1,1.1546,834,0
rep1,1.1548,835,0
rep1,1.1549,836,0
rep1,1.1549,837,0
rep1,1.155,838,0
rep1,1.1551,839,0
rep1,1.1553,840,0
rep1,1.1557,841,0
rep1,1.1558,842,0
rep1,1.1558,843,0
rep1,1.1562,844,0
rep1,1.1563,845,0
rep1,1.1563,846,0
rep1,1.1567,847,0
rep1,1.1568,848,0
rep1,1.1569,849,0
rep1,1.1569,850,0
rep1,1.1571,851,0
rep1,1.1575,852,0
rep1,1.1579,853,0
rep1,1.1584,854,0
rep1,1.1585,855,0
rep1,1.1585,856,0
rep1,1.1586,857,0
rep1,1.1586,858,0
rep1,1.159,859,0
rep1,1.1595,860,0
rep1,1.1599,861,0
rep1,1.1602,862,0
rep1,1.1605,863,0
rep1,1.1606,864,0
rep1,1.1606,865,0
rep1,1.1607,866,0
rep1,1.161,867,0
rep1,1.1613,868,0
rep1,1.1613,869,0
rep1,1.1613,870,0
rep1,1.1614,871,0
rep1,1.1615,872,0
rep1,1.1616,873,0
rep1,1.1618,874,0
rep1,1.1618,875,0
rep1,1.1619,876,0
rep1,1.1619,877,0
rep1,1.1619,878,0
rep1,1.162,879,0
rep1,1.1621,880,0
rep1,1.1623,881,0
rep1,1.1628,882,0
rep1,1.1633,883,0
rep1,1.1634,884,0
rep1,1.1636,885,0
rep1,1.1637,886,0
rep1,1.1641,887,0
rep1,1.1641,888,0
rep1,1.1642,889,0
rep1,1.1645,890,0
rep1,1.1646,891,0
rep1,1.1648,892,0
rep1,1.1651,893,0
rep1,1.1652,894,0
rep1,1.1655,895,0
rep1,1.1655,896,0
rep1,1.1657,897,0
rep1,1.166,898,0
rep1,1.1661,899,0
rep1,1.1664,900,0
rep1,1.1665,901,0
rep1,1.1668,902,0
rep1,1.1669,903,0
rep1,1.1671,904,0
rep1,1.1672,905,0
rep1,1.1674,906,0
rep1,1.1675,907,0
rep1,1.1679,908,0
rep1,1.168,909,0
rep1,1.1684,910,0
rep1,1.1684,911,0
rep1,1.1691,912,0
rep1,1.1693,913,0
rep1,1.1697,914,0
rep1,1.1697,915,0
rep1,1.1699,916,0
rep1,1.17,917,0
rep1,1.17,918,0
rep1,1.1706,919,0
rep1,1.1707,920,0
rep1,1.171,921,0
rep1,1.171,922,0
rep1,1.1711,923,0
rep1,1.1711,924,0
rep1,1.1712,925,0
rep1,1.1712,926,0
rep1,1.1713,927,0
rep1,1.1717,928,0
rep1,1.1717,929,0
rep1,1.1718,930,0
rep1,1.172,931,0
rep1,1.1721,932,0
rep1,1.1722,933,0
rep1,1.1722,934,0
rep1,1.1723,935,0
rep1,1.1725,936,0
rep1,1.1725,937,0
rep1,1.1727,938,0
rep1,1.1727,939,0
rep1,1.1727,940,0
rep1,1.1728,941,0
rep1,1.1729,942,0
rep1,1.173,943,0
rep1,1.1732,944,0
rep1,1.1732,945,0
rep1,1.1736,946,0
rep1,1.1736,947,0
rep1,1.1738,948,0
rep1,1.1742,949,0
rep1,1.1743,950,0
rep1,1.1744,951,0
rep1,1.1749,952,0
rep1,1.1751,953,0
rep1,1.1753,954,0
rep1,1.1756,955,0
rep1,1.1757,956,0
rep1,1.1758,957,0
rep1,1.1759,958,0
rep1,1.1761,959,0
rep1,1.1763,960,0
rep1,1.1765,961,0
rep1,1.1769,962,0
rep1,1.1769,963,0
rep1,1.1769,964,0
rep1,1.1777,965,0
rep1,1.1779,966,0
rep1,1.1781,967,0
rep1,1.1782,968,0
rep1,1.1782,969,0
rep1,1.1782,970,0
rep1,1.1783,971,0
rep1,1.1784,972,0
rep1,1.1785,973,0
rep1,1.1787,974,0
rep1,1.1788,975,0
rep1,1.179,976,0
rep1,1.179,977,0
rep1,1.1792,978,0
rep1,1.1792,979,0
rep1,1.1793,980,0
rep1,1.1795,981,0
rep1,1.1796,982,0
rep1,1.1797,983,0
rep1,1.1798,984,0
rep1,1.1799,985,0
rep1,1.1799,986,0
rep1,1.18,987,0
rep1,1.1801,988,0
rep1,1.1802,989,0
rep1,1.1803,990,0
rep1,1.1804,991,0
rep1,1.1805,992,0
rep1,1.1807,993,0
rep1,1.1807,994,0
rep1,1.1811,995,0
rep1,1.1813,996,0
rep1,1.1814,997,0
rep1,1.1816,998,0
rep1,1.1816,999,0
rep1,1.1816,1000,0
rep1,1.1817,1001,0
rep1,1.1818,1002,0
rep1,1.1821,1003,0
rep1,1.1824,1004,0
rep1,1.1827,1005,0
rep1,1.1828,1006,0
rep1,1.183,1007,0
rep1,1.1831,1008,0
rep1,1.1833,1009,0
rep1,1.1834,1010,0
rep1,1.1835,1011,0
rep1,1.1837,1012,0
rep1,1.1839,1013,0
rep1,1.1841,1014,0
rep1,1.1842,1015,0
rep1,1.1845,1016,0
rep1,1.1846,1017,0
rep1,1.1847,1018,0
rep1,1.1847,1019,0
rep1,1.185,1020,0
rep1,1.1852,1021,0
rep1,1.1852,1022,0
rep1,1.1854,1023,0
rep1,1.1854,1024,0
rep1,1.1857,1025,0
rep1,1.1859,1026,0
rep1,1.1859,1027,0
rep1,1.186,1028,0
rep1,1.1861,1029,0
rep1,1.1861,1030,0
rep1,1.1863,1031,0
rep1,1.1865,1032,0
rep1,1.1866,1033,0
rep1,1.1867,1034,0
rep1,1.1867,1035,0
rep1,1.1869,1036,0
rep1,1.187,1037,0
rep1,1.1873,1038,0
rep1,1.1874,1039,0
rep1,1.1875,1040,0
rep1,1.1876,1041,0
rep1,1.1877,1042,0
rep1,1.1881,1043,0
rep1,1.1882,1044,0
rep1,1.1884,1045,0
rep1,1.1886,1046,0
rep1,1.1886,1047,0
rep1,1.1888,1048,0
rep1,1.1889,1049,0
rep1,1.189,1050,0
rep1,1.189,1051,0
rep1,1.1892,1052,0
rep1,1.19,1053,0
rep1,1.1901,1054,0
rep1,1.1906,1055,0
rep1,1.1908,1056,0
rep1,1.1913,1057,0
rep1,1.1918,1058,0
rep1,1.1919,1059,0
rep1,1.1919,1060,0
rep1,1.192,1061,0
rep1,1.1923,1062,0
rep1,1.1923,1063,0
rep1,1.1924,1064,0
rep1,1.1925,1065,0
rep1,1.1926,1066,0
rep1,1.1928,1067,0
rep1,1.1931,1068,0
rep1,1.1931,1069,0
rep1,1.1935,1070,0
rep1,1.1936,1071,0
rep1,1.1936,1072,0
rep1,1.1936,1073,0
rep1,1.1937,1074,0
rep1,1.1938,1075,0
rep1,1.1938,1076,0
rep1,1.1942,1077,0
rep1,1.1943,1078,0
rep1,1.1943,1079,0
rep1,1.1946,1080,0
rep1,1.1949,1081,0
rep1,1.1952,1082,0
rep1,1.1953,1083,0
rep1,1.1954,1084,0
rep1,1.1955,1085,0
rep1,1.1956,1086,0
rep1,1.1959,1087,0
rep1,1.1962,1088,0
rep1,1.1964,1089,0
rep1,1.1966,1090,0
rep1,1.1966,1091,0
rep1,1.1971,1092,0
rep1,1.1973,1093,0
rep1,1.1974,1094,0
rep1,1.1975,1095,0
rep1,1.1977,1096,0
rep1,1.198,1097,0
rep1,1.1983,1098,0
rep1,1.1984,1099,0
rep1,1.1989,1100,0
rep1,1.1991,1101,0
rep1,1.1994,1102,0
rep1,1.1997,1103,0
rep1,1.1997,1104,0
rep1,1.1999,1105,0
rep1,1.2003,1106,0
rep1,1.2005,1107,0
rep1,1.2006,1108,0
rep1,1.2007,1109,0
rep1,1.2008,1110,0
rep1,1.201,1111,0
rep1,1.2011,1112,0
rep1,1.2013,1113,0
rep1,1.2014,1114,0
rep1,1.2025,1115,0
rep1,1.2029,1116,0
rep1,1.2031,1117,0
rep1,1.2032,1118,0
rep1,1.2033,1119,0
rep1,1.2034,1120,0
rep1,1.2034,1121,0
rep1,1.2038,1122,0
rep1,1.2039,1123,0
rep1,1.204,1124,0
rep1,1.2042,1125,0
rep1,1.2044,1126,0
rep1,1.2048,1127,0
rep1,1.2049,1128,0
rep1,1.2051,1129,0
rep1,1.2052,1130,0
rep1,1.2057,1131,0
rep1,1.2061,1132,0
rep1,1.2062,1133,0
rep1,1.2063,1134,0
rep1,1.2063,1135,0
rep1,1.2065,1136,0
rep1,1.2067,1137,0
rep1,1.2068,1138,0
rep1,1.2069,1139,0
rep1,1.2074,1140,0
rep1,1.2077,1141,0
rep1,1.208,1142,0
rep1,1.2081,1143,0
rep1,1.2082,1144,0
rep1,1.2082,1145,0
rep1,1.2084,1146,0
rep1,1.2084,1147,0
rep1,1.2087,1148,0
rep1,1.2089,1149,0
rep1,1.2092,1150,0
rep1,1.2093,1151,0
rep1,1.2094,1152,0
rep1,1.2096,1153,0
rep1,1.2097,1154,0
rep1,1.2098,1155,0
rep1,1.2098,1156,0
rep1,1.2099,1157,0
rep1,1.2101,1158,0
rep1,1.2102,1159,0
rep1,1.2103,1160,0
rep1,1.2106,1161,0
rep1,1.2109,1162,0
rep1,1.211,1163,0
rep1,1.211,1164,0
rep1,1.211,1165,0
rep1,1.2112,1166,0
rep1,1.2117,1167,0
rep1,1.2121,1168,0
rep1,1.2122,1169,0
rep1,1.2123,1170,0
rep1,1.2129,1171,0
rep1,1.213,1172,0
rep1,1.213,1173,0
rep1,1.2132,1174,0
rep1,1.2132,1175,0
rep1,1.2133,1176,0
rep1,1.2134,1177,0
rep1,1.2136,1178,0
rep1,1.2139,1179,0
rep1,1.2139,1180,0
rep1,1.214,1181,0
rep1,1.2141,1182,0
rep1,1.2142,1183,0
rep1,1.2143,1184,0
rep1,1.2144,1185,0
rep1,1.2145,1186,0
rep1,1.2145,1187,0
rep1,1.215,1188,0
rep1,1.215,1189,0
rep1,1.2151,1190,0
rep1,1.2151,1191,0
rep1,1.2154,1192,0
rep1,1.2159,1193,0
rep1,1.2159,1194,0
rep1,1.2165,1195,0
rep1,1.2174,1196,0
rep1,1.2174,1197,0
rep1,1.2175,1198,0
rep1,1.2176,1199,0
rep1,1.218,1200,0
rep1,1.2182,1201,0
rep1,1.2183,1202,0
rep1,1.2183,1203,0
rep1,1.2185,1204,0
rep1,1.2185,1205,0
rep1,1.2188,1206,0
rep1,1.2189,1207,0
rep1,1.2191,1208,0
rep1,1.2195,1209,0
rep1,1.2196,1210,0
rep1,1.2196,1211,0
rep1,1.2199,1212,0
rep1,1.2199,1213,0
rep1,1.2202,1214,0
rep1,1.2203,1215,0
rep1,1.2205,1216,0
rep1,1.2205,1217,0
rep1,1.2206,1218,0
rep1,1.2207,1219,0
rep1,1.2211,1220,0
rep1,1.2213,1221,0
rep1,1.2214,1222,0
rep1,1.2214,1223,0
rep1,1.2215,1224,0
rep1,1.2218,1225,0
rep1,1.2219,1226,0
rep1,1.2225,1227,0
rep1,1.2228,1228,0
rep1,1.2231,1229,0
rep1,1.2231,1230,0
rep1,1.2233,1231,0
rep1,1.2235,1232,0
rep1,1.2238,1233,0
rep1,1.2241,1234,0
rep1,1.2242,1235,0
rep1,1.2244,1236,0
rep1,1.2246,1237,0
rep1,1.2246,1238,0
rep1,1.2249,1239,0
rep1,1.2249,1240,0
rep1,1.2254,1241,0
rep1,1.2258,1242,0
rep1,1.2261,1243,0
rep1,1.2263,1244,0
rep1,1.2265,1245,0
rep1,1.2268,1246,0
rep1,1.2271,1247,0
rep1,1.2271,1248,0
rep1,1.2272,1249,0
rep1,1.2273,1250,0
rep1,1.2273,1251,0
rep1,1.2278,1252,0
rep1,1.2278,1253,0
rep1,1.228,1254,0
rep1,1.2281,1255,0
rep1,1.2281,1256,0
rep1,1.2281,1257,0
rep1,1.2284,1258,0
rep1,1.2285,1259,0
rep1,1.2286,1260,0
rep1,1.2289,1261,0
rep1,1.2289,1262,0
rep1,1.229,1263,0
rep1,1.229,1264,0
rep1,1.2292,1265,0
rep1,1.2292,1266,0
rep1,1.2293,1267,0
rep1,1.2293,1268,0
rep1,1.2294,1269,0
rep1,1.2295,1270,0
rep1,1.2296,1271,0
rep1,1.2298,1272,0
rep1,1.23,1273,0
rep1,1.2304,1274,0
rep1,1.2304,1275,0
rep1,1.2305,1276,0
rep1,1.2306,1277,0
rep1,1.2307,1278,0
rep1,1.2309,1279,0
rep1,1.2314,1280,0
rep1,1.2315,1281,0
rep1,1.2315,1282,0
rep1,1.2319,1283,0
rep1,1.2321,1284,0
rep1,1.2324,1285,0
rep1,1.2324,1286,0
rep1,1.233,1287,0
rep1,1.2331,1288,0
rep1,1.2331,1289,0
rep1,1.2332,1290,0
rep1,1.2333,1291,0
rep1,1.2333,1292,0
rep1,1.2334,1293,0
rep1,1.2336,1294,0
rep1,1.2337,1295,0
rep1,1.234,1296,0
rep1,1.2342,1297,0
rep1,1.2343,1298,0
rep1,1.235,1299,0
rep1,1.2351,1300,0
rep1,1.2351,1301,0
rep1,1.2354,1302,0
rep1,1.2357,1303,0
rep1,1.236,1304,0
rep1,1.2362,1305,0
rep1,1.2366,1306,0
rep1,1.2366,1307,0
rep1,1.2367,1308,0
rep1,1.2369,1309,0
rep1,1.2372,1310,0
rep1,1.2373,1311,0
rep1,1.2374,1312,0
rep1,1.2375,1313,0
rep1,1.2376,1314,0
rep1,1.2377,1315,0
rep1,1.2378,1316,0
rep1,1.2381,1317,0
rep1,1.2384,1318,0
rep1,1.2386,1319,0
rep1,1.2386,1320,0
rep1,1.2387,1321,0
rep1,1.2393,1322,0
rep1,1.2395,1323,0
rep1,1.2396,1324,0
rep1,1.2398,1325,0
rep1,1.24,1326,0
rep1,1.2404,1327,0
rep1,1.2404,1328,0
rep1,1.2405,1329,0
rep1,1.241,1330,0
rep1,1.2411,1331,0
rep1,1.242,1332,0
rep1,1.2425,1333,0
rep1,1.2426,1334,0
rep1,1.2426,1335,0
rep1,1.2429,1336,0
rep1,1.243,1337,0
rep1,1.2431,1338,0
rep1,1.2433,1339,0
rep1,1.2435,1340,0
rep1,1.2435,1341,0
rep1,1.2436,1342,0
rep1,1.2436,1343,0
rep1,1.2438,1344,0
rep1,1.2441,1345,0
rep1,1.2442,1346,0
rep1,1.2444,1347,0
rep1,1.2449,1348,0
rep1,1.245,1349,0
rep1,1.2452,1350,0
rep1,1.2452,1351,0
rep1,1.2457,1352,0
rep1,1.246,1353,0
rep1,1.2461,1354,0
rep1,1.2462,1355,0
rep1,1.2466,1356,0
rep1,1.2467,1357,0
rep1,1.2467,1358,0
rep1,1.2469,1359,0
rep1,1.247,1360,0
rep1,1.2472,1361,0
rep1,1.2474,1362,0
rep1,1.2477,1363,0
rep1,1.2483,1364,0
rep1,1.2486,1365,0
rep1,1.2488,1366,0
rep1,1.2488,1367,0
rep1,1.2489,1368,0
rep1,1.2493,1369,0
rep1,1.2496,1370,0
rep1,1.2497,1371,0
rep1,1.2497,1372,0
rep1,1.2498,1373,0
rep1,1.2499,1374,0
rep1,1.2501,1375,0
rep1,1.2502,1376,0
rep1,1.2505,1377,0
rep1,1.2507,1378,0
rep1,1.2508,1379,0
rep1,1.251,1380,0
rep1,1.251,1381,0
rep1,1.2511,1382,0
rep1,1.2519,1383,0
rep1,1.2522,1384,0
rep1,1.2524,1385,0
rep1,1.2532,1386,0
rep1,1.2533,1387,0
rep1,1.2535,1388,0
rep1,1.2536,1389,0
rep1,1.2538,1390,0
rep1,1.2539,1391,0
rep1,1.2539,1392,0
rep1,1.2542,1393,0
rep1,1.2552,1394,0
rep1,1.2555,1395,0
rep1,1.2557,1396,0
rep1,1.256,1397,0
rep1,1.2561,1398,0
rep1,1.2567,1399,0
rep1,1.2568,1400,0
rep1,1.2568,1401,0
rep1,1.2568,1402,0
rep1,1.2572,1403,0
rep1,1.2577,1404,0
rep1,1.2577,1405,0
rep1,1.2585,1406,0
rep1,1.2588,1407,0
rep1,1.259,1408,0
rep1,1.2593,1409,0
rep1,1.2595,1410,0
rep1,1.2598,1411,0
rep1,1.2603,1412,0
rep1,1.2604,1413,0
rep1,1.2605,1414,0
rep1,1.2607,1415,0
rep1,1.2609,1416,0
rep1,1.2614,1417,0
rep1,1.2616,1418,0
rep1,1.262,1419,0
rep1,1.262,1420,0
rep1,1.2622,1421,0
rep1,1.2624,1422,0
rep1,1.2626,1423,0
rep1,1.2627,1424,0
rep1,1.2629,1425,0
rep1,1.2633,1426,0
rep1,1.2635,1427,0
rep1,1.2636,1428,0
rep1,1.2637,1429,0
rep1,1.2638,1430,0
rep1,1.264,1431,0
rep1,1.2645,1432,0
rep1,1.2645,1433,0
rep1,1.2652,1434,0
rep1,1.2653,1435,0
rep1,1.2659,1436,0
rep1,1.2662,1437,0
rep1,1.2665,1438,0
rep1,1.2666,1439,0
rep1,1.2666,1440,0
rep1,1.2667,1441,0
rep1,1.2668,1442,0
rep1,1.2669,1443,0
rep1,1.267,1444,0
rep1,1.2674,1445,0
rep1,1.2675,1446,0
rep1,1.2677,1447,0
rep1,1.2679,1448,0
rep1,1.268,1449,0
rep1,1.2681,1450,0
rep1,1.2682,1451,0
rep1,1.2683,1452,0
rep1,1.2693,1453,0
rep1,1.2696,1454,0
rep1,1.2698,1455,0
rep1,1.2703,1456,0
rep1,1.2711,1457,0
rep1,1.2727,1458,0
rep1,1.2728,1459,0
rep1,1.273,1460,0
rep1,1.2734,1461,0
rep1,1.2734,1462,0
rep1,1.2735,1463,0
rep1,1.2736,1464,0
rep1,1.2738,1465,0
rep1,1.2748,1466,0
rep1,1.2759,1467,0
rep1,1.2761,1468,0
rep1,1.2763,1469,0
rep1,1.2775,1470,0
rep1,1.2776,1471,0
rep1,1.2776,1472,0
rep1,1.2778,1473,0
rep1,1.278,1474,0
rep1,1.2782,1475,0
rep1,1.2784,1476,0
rep1,1.2791,1477,0
rep1,1.2792,1478,0
rep1,1.2792,1479,0
rep1,1.2794,1480,0
rep1,1.2794,1481,0
rep1,1.2798,1482,0
rep1,1.2802,1483,0
rep1,1.2803,1484,0
rep1,1.2808,1485,0
rep1,1.2809,1486,0
rep1,1.2811,1487,0
rep1,1.2817,1488,0
rep1,1.2819,1489,0
rep1,1.282,1490,0
rep1,1.282,1491,0
rep1,1.2821,1492,0
rep1,1.2822,1493,0
rep1,1.283,1494,0
rep1,1.2834,1495,0
rep1,1.2848,1496,0
rep1,1.2855,1497,0
rep1,1.2855,1498,0
rep1,1.2857,1499,0
rep1,1.2857,1500,0
rep1,1.2858,1501,0
rep1,1.2861,1502,0
rep1,1.2864,1503,0
rep1,1.2865,1504,0
rep1,1.2866,1505,0
rep1,1.2866,1506,0
rep1,1.2868,1507,0
rep1,1.2873,1508,0
rep1,1.2873,1509,0
rep1,1.2874,1510,0
rep1,1.2875,1511,0
rep1,1.288,1512,0
rep1,1.2883,1513,0
rep1,1.2884,1514,0
rep1,1.2886,1515,0
rep1,1.289,1516,0
rep1,1.2894,1517,0
rep1,1.2896,1518,0
rep1,1.2899,1519,0
rep1,1.29,1520,0
rep1,1.2903,1521,0
rep1,1.2904,1522,0
rep1,1.2906,1523,0
rep1,1.2907,1524,0
rep1,1.2911,1525,0
rep1,1.2911,1526,0
rep1,1.2913,1527,0
rep1,1.2918,1528,0
rep1,1.2921,1529,0
rep1,1.2925,1530,0
rep1,1.2925,1531,0
rep1,1.2926,1532,0
rep1,1.2928,1533,0
rep1,1.2931,1534,0
rep1,1.2933,1535,0
rep1,1.2937,1536,0
rep1,1.2944,1537,0
rep1,1.2948,1538,0
rep1,1.2948,1539,0
rep1,1.2951,1540,0
rep1,1.2951,1541,0
rep1,1.2952,1542,0
rep1,1.296,1543,0
rep1,1.2962,1544,0
rep1,1.2963,1545,0
rep1,1.2964,1546,0
rep1,1.2969,1547,0
rep1,1.297,1548,0
rep1,1.2973,1549,0
rep1,1.2977,1550,0
rep1,1.2981,1551,0
rep1,1.2981,1552,0
rep1,1.2988,1553,0
rep1,1.2994,1554,0
rep1,1.2995,1555,0
rep1,1.2998,1556,0
rep1,1.3,1557,0
rep1,1.3005,1558,0
rep1,1.3007,1559,0
rep1,1.3017,1560,0
rep1,1.3019,1561,0
rep1,1.3023,1562,0
rep1,1.3026,1563,0
rep1,1.3031,1564,0
rep1,1.3034,1565,0
rep1,1.3036,1566,0
rep1,1.3037,1567,0
rep1,1.3039,1568,0
rep1,1.3041,1569,0
rep1,1.3045,1570,0
rep1,1.3049,1571,0
rep1,1.305,1572,0
rep1,1.305,1573,0
rep1,1.3054,1574,0
rep1,1.3057,1575,0
rep1,1.306,1576,0
rep1,1.3061,1577,0
rep1,1.3065,1578,0
rep1,1.3068,1579,0
rep1,1.3075,1580,0
rep1,1.3079,1581,0
rep1,1.3089,1582,0
rep1,1.3091,1583,0
rep1,1.3093,1584,0
rep1,1.3094,1585,0
rep1,1.3096,1586,0
rep1,1.3098,1587,0
rep1,1.3099,1588,0
rep1,1.31,1589,0
rep1,1.3101,1590,0
rep1,1.3103,1591,0
rep1,1.3106,1592,0
rep1,1.3109,1593,0
rep1,1.3111,1594,0
rep1,1.3116,1595,0
rep1,1.312,1596,0
rep1,1.312,1597,0
rep1,1.3121,1598,0
rep1,1.3123,1599,0
rep1,1.3123,1600,0
rep1,1.3128,1601,0
rep1,1.3133,1602,0
rep1,1.3138,1603,0
rep1,1.3138,1604,0
rep1,1.314,1605,0
rep1,1.3142,1606,0
rep1,1.3144,1607,0
rep1,1.3145,1608,0
rep1,1.3152,1609,0
rep1,1.3155,1610,0
rep1,1.3156,1611,0
rep1,1.3157,1612,0
rep1,1.3157,1613,0
rep1,1.3158,1614,0
rep1,1.3161,1615,0
rep1,1.3162,1616,0
rep1,1.3165,1617,0
rep1,1.3166,1618,0
rep1,1.3177,1619,0
rep1,1.318,1620,0
rep1,1.318,1621,0
rep1,1.3189,1622,0
rep1,1.3191,1623,0
rep1,1.3194,1624,0
rep1,1.3195,1625,0
rep1,1.32,1626,0
rep1,1.3201,1627,0
rep1,1.3208,1628,0
rep1,1.3209,1629,0
rep1,1.321,1630,0
rep1,1.3211,1631,0
rep1,1.3214,1632,0
rep1,1.3219,1633,0
rep1,1.3222,1634,0
rep1,1.3227,1635,0
rep1,1.3228,1636,0
rep1,1.323,1637,0
rep1,1.3231,1638,0
rep1,1.3233,1639,0
rep1,1.3239,1640,0
rep1,1.3241,1641,0
rep1,1.3242,1642,0
rep1,1.3249,1643,0
rep1,1.3249,1644,0
rep1,1.3249,1645,0
rep1,1.325,1646,0
rep1,1.3251,1647,0
rep1,1.3252,1648,0
rep1,1.3254,1649,0
rep1,1.3266,1650,0
rep1,1.3268,1651,0
rep1,1.3273,1652,0
rep1,1.3278,1653,0
rep1,1.3287,1654,0
rep1,1.329,1655,0
rep1,1.3291,1656,0
rep1,1.3291,1657,0
rep1,1.3292,1658,0
rep1,1.3292,1659,0
rep1,1.3297,1660,0
rep1,1.3298,1661,0
rep1,1.3298,1662,0
rep1,1.3299,1663,0
rep1,1.3309,1664,0
rep1,1.3312,1665,0
rep1,1.3312,1666,0
rep1,1.3319,1667,0
rep1,1.3328,1668,0
rep1,1.3333,1669,0
rep1,1.334,1670,0
rep1,1.3341,1671,0
rep1,1.3349,1672,0
rep1,1.3356,1673,0
rep1,1.3356,1674,0
rep1,1.3363,1675,0
rep1,1.3364,1676,0
rep1,1.3368,1677,0
rep1,1.3368,1678,0
rep1,1.3379,1679,0
rep1,1.3383,1680,0
rep1,1.3388,1681,0
rep1,1.3393,1682,0
rep1,1.3394,1683,0
rep1,1.34,1684,0
rep1,1.3401,1685,0
rep1,1.3402,1686,0
rep1,1.3407,1687,0
rep1,1.3409,1688,0
rep1,1.3411,1689,0
rep1,1.3411,1690,0
rep1,1.3412,1691,0
rep1,1.3417,1692,0
rep1,1.3419,1693,0
rep1,1.342,1694,0
rep1,1.342,1695,0
rep1,1.3428,1696,0
rep1,1.3437,1697,0
rep1,1.3441,1698,0
rep1,1.3446,1699,0
rep1,1.3449,1700,0
rep1,1.3451,1701,0
rep1,1.3457,1702,0
rep1,1.3462,1703,0
rep1,1.3463,1704,0
rep1,1.3464,1705,0
rep1,1.3465,1706,0
rep1,1.3467,1707,0
rep1,1.3475,1708,0
rep1,1.3478,1709,0
rep1,1.3479,1710,0
rep1,1.3481,1711,0
rep1,1.3484,1712,0
rep1,1.3485,1713,0
rep1,1.3491,1714,0
rep1,1.3491,1715,0
rep1,1.3494,1716,0
rep1,1.3495,1717,0
rep1,1.3498,1718,0
rep1,1.3498,1719,0
rep1,1.3498,1720,0
rep1,1.3507,1721,0
rep1,1.3511,1722,0
rep1,1.3513,1723,0
rep1,1.3519,1724,0
rep1,1.3519,1725,0
rep1,1.3521,1726,0
rep1,1.3522,1727,0
rep1,1.3525,1728,0
rep1,1.3532,1729,0
rep1,1.3535,1730,0
rep1,1.3536,1731,0
rep1,1.3536,1732,0
rep1,1.3536,1733,0
rep1,1.3537,1734,0
rep1,1.3538,1735,0
rep1,1.354,1736,0
rep1,1.3542,1737,0
rep1,1.3549,1738,0
rep1,1.355,1739,0
rep1,1.3551,1740,0
rep1,1.3555,1741,0
rep1,1.3557,1742,0
rep1,1.3558,1743,0
rep1,1.3563,1744,0
rep1,1.3577,1745,0
rep1,1.3582,1746,0
rep1,1.3611,1747,0
rep1,1.3612,1748,0
rep1,1.362,1749,0
rep1,1.3625,1750,0
rep1,1.3629,1751,0
rep1,1.3629,1752,0
rep1,1.3643,1753,0
rep1,1.3645,1754,0
rep1,1.3645,1755,0
rep1,1.3649,1756,0
rep1,1.3652,1757,0
rep1,1.3669,1758,0
rep1,1.3673,1759,0
rep1,1.3674,1760,0
rep1,1.3675,1761,0
rep1,1.368,1762,0
rep1,1.3682,1763,0
rep1,1.369,1764,0
rep1,1.3694,1765,0
rep1,1.3698,1766,0
rep1,1.37,1767,0
rep1,1.3717,1768,0
rep1,1.3719,1769,0
rep1,1.3724,1770,0
rep1,1.3726,1771,0
rep1,1.3726,1772,0
rep1,1.3728,1773,0
rep1,1.3734,1774,0
rep1,1.374,1775,0
rep1,1.3742,1776,0
rep1,1.3748,1777,0
rep1,1.3749,1778,0
rep1,1.375,1779,0
rep1,1.3752,1780,0
rep1,1.3756,1781,0
rep1,1.3757,1782,0
rep1,1.3762,1783,0
rep1,1.3772,1784,0
rep1,1.3774,1785,0
rep1,1.3776,1786,0
rep1,1.3779,1787,0
rep1,1.3785,1788,0
rep1,1.3789,1789,0
rep1,1.3797,1790,0
rep1,1.3798,1791,0
rep1,1.3799,1792,0
rep1,1.3809,1793,0
rep1,1.381,1794,0
rep1,1.3815,1795,0
rep1,1.3817,1796,0
rep1,1.3818,1797,0
rep1,1.3818,1798,0
rep1,1.3827,1799,0
rep1,1.3832,1800,0
rep1,1.3833,1801,0
rep1,1.3841,1802,0
rep1,1.3849,1803,0
rep1,1.3858,1804,0
rep1,1.3866,1805,0
rep1,1.3867,1806,0
rep1,1.387,1807,0
rep1,1.3872,1808,0
rep1,1.3883,1809,0
rep1,1.3897,1810,0
rep1,1.3905,1811,0
rep1,1.3915,1812,0
rep1,1.393,1813,0
rep1,1.3936,1814,0
rep1,1.3939,1815,0
rep1,1.3946,1816,0
rep1,1.3946,1817,0
rep1,1.3952,1818,0
rep1,1.3966,1819,0
rep1,1.3969,1820,0
rep1,1.397,1821,0
rep1,1.3978,1822,0
rep1,1.3981,1823,0
rep1,1.3987,1824,0
rep1,1.3988,1825,0
rep1,1.4,1826,0
rep1,1.4008,1827,0
rep1,1.4023,1828,0
rep1,1.4025,1829,0
rep1,1.4048,1830,0
rep1,1.4052,1831,0
rep1,1.4058,1832,0
rep1,1.4059,1833,0
rep1,1.406,1834,0
rep1,1.4066,1835,0
rep1,1.4071,1836,0
rep1,1.4081,1837,0
rep1,1.4084,1838,0
rep1,1.4086,1839,0
rep1,1.4086,1840,0
rep1,1.4096,1841,0
rep1,1.4111,1842,0
rep1,1.4112,1843,0
rep1,1.4116,1844,0
rep1,1.4123,1845,0
rep1,1.4124,1846,0
rep1,1.4125,1847,0
rep1,1.4126,1848,0
rep1,1.4145,1849,0
rep1,1.4166,1850,0
rep1,1.4171,1851,0
rep1,1.4175,1852,0
rep1,1.4177,1853,0
rep1,1.4177,1854,0
rep1,1.4182,1855,0
rep1,1.4185,1856,0
rep1,1.4186,1857,0
rep1,1.419,1858,0
rep1,1.4195,1859,0
rep1,1.4196,1860,0
rep1,1.4203,1861,0
rep1,1.4228,1862,0
rep1,1.4231,1863,0
rep1,1.4233,1864,0
rep1,1.4239,1865,0
rep1,1.4248,1866,0
rep1,1.4266,1867,0
rep1,1.4279,1868,0
rep1,1.428,1869,0
rep1,1.4285,1870,0
rep1,1.4288,1871,0
rep1,1.4295,1872,0
rep1,1.4297,1873,0
rep1,1.4298,1874,0
rep1,1.4333,1875,0
rep1,1.4339,1876,0
rep1,1.4352,1877,0
rep1,1.4356,1878,0
rep1,1.4358,1879,0
rep1,1.437,1880,0
rep1,1.4375,1881,0
rep1,1.4385,1882,0
rep1,1.44,1883,0
rep1,1.4404,1884,0
rep1,1.4408,1885,0
rep1,1.4446,1886,0
rep1,1.4455,1887,0
rep1,1.4456,1888,0
rep1,1.4464,1889,0
rep1,1.4478,1890,0
rep1,1.4481,1891,0
rep1,1.4482,1892,0
rep1,1.449,1893,0
rep1,1.4502,1894,0
rep1,1.4507,1895,0
rep1,1.454,1896,0
rep1,1.4553,1897,0
rep1,1.4559,1898,0
rep1,1.4571,1899,0
rep1,1.4574,1900,0
rep1,1.4577,1901,0
rep1,1.4581,1902,0
rep1,1.4584,1903,0
rep1,1.4589,1904,0
rep1,1.4608,1905,0
rep1,1.4618,1906,0
rep1,1.4634,1907,0
rep1,1.4645,1908,0
rep1,1.4659,1909,0
rep1,1.4688,1910,0
rep1,1.4729,1911,0
rep1,1.4735,1912,0
rep1,1.4749,1913,0
rep1,1.4756,1914,0
rep1,1.4782,1915,0
rep1,1.4803,1916,0
rep1,1.4815,1917,0
rep1,1.4822,1918,0
rep1,1.4828,1919,0
rep1,1.485,1920,0
rep1,1.4878,1921,0
rep1,1.4904,1922,0
rep1,1.4919,1923,0
rep1,1.495,1924,0
rep1,1.4978,1925,0
rep1,1.499,1926,0
rep1,1.5091,1927,0
rep1,1.5114,1928,0
rep1,1.5131,1929,0
rep1,1.5135,1930,0
rep1,1.5138,1931,0
rep1,1.5146,1932,0
rep1,1.517,1933,0
rep1,1.5216,1934,0
rep1,1.5227,1935,0
rep1,1.5283,1936,0
rep1,1.5285,1937,0
rep1,1.535,1938,0
rep1,1.5365,1939,0
rep1,1.5399,1940,0
rep1,1.5401,1941,0
rep1,1.5421,1942,0
rep1,1.5522,1943,0
rep1,1.5548,1944,0
rep1,1.5585,1945,0
rep1,1.5597,1946,0
rep1,1.5638,1947,0
rep1,1.5709,1948,0
rep1,1.5715,1949,0
rep1,1.5724,1950,0
rep1,1.5727,1951,0
rep1,1.5738,1952,0
rep1,1.5746,1953,0
rep1,1.5765,1954,0
rep1,1.58,1955,0
rep1,1.5804,1956,0
rep1,1.5809,1957,0
rep1,1.5891,1958,0
rep1,1.5991,1959,0
rep1,1.5991,1960,0
rep1,1.6029,1961,0
rep1,1.6043,1962,0
rep1,1.6146,1963,0
rep1,1.6156,1964,0
rep1,1.6265,1965,0
rep1,1.6336,1966,0
rep1,1.6347,1967,0
rep1,1.6359,1968,0
rep1,1.6479,1969,0
rep1,1.6532,1970,0
rep1,1.6559,1971,0
rep1,1.6749,1972,0
rep1,1.6808,1973,0
rep1,1.6988,1974,0
rep1,1.7003,1975,0
rep1,1.7195,1976,0
rep1,1.7755,1977,0
rep1,1.8063,1978,0
rep1,1.8097,1979,0
rep1,1.8123,1980,0
rep1,1.888,1981,0
rep1,2.0163,1982,0
rep1,2.0435,1983,0
rep1,2.0448,1984,0
rep1,2.0458,1985,0
rep1,2.0459,1986,0
rep1,2.0481,1987,0
rep1,2.0523,1988,0
rep1,2.0536,1989,0
rep1,2.055,1990,0
rep1,2.057,1991,0
rep1,2.0768,1992,0
rep1,2.0771,1993,0
rep1,2.0772,1994,0
rep1,2.0777,1995,0
rep1,2.0778,1996,0
rep1,2.0779,1997,0
rep1,2.0781,1998,0
rep1,2.0781,1999,0
rep1,2.0783,2000,0
rep1,2.0784,2001,0
rep1,2.0785,2002,0
rep1,2.079,2003,0
rep1,2.0793,2004,0
rep1,2.0794,2005,0
rep1,2.0795,2006,0
rep1,2.0798,2007,0
rep1,2.0802,2008,0
rep1,2.0805,2009,0
rep1,2.0818,2010,0
rep1,2.082,2011,0
rep1,2.0829,2012,0
rep1,2.083,2013,0
rep1,2.0833,2014,0
rep1,2.0834,2015,0
rep1,2.0835,2016,0
rep1,2.0837,2017,0
rep1,2.0837,2018,0
rep1,2.084,2019,0
rep1,2.0842,2020,0
rep1,2.0847,2021,0
rep1,2.0849,2022,0
rep1,2.0853,2023,0
rep1,2.0855,2024,0
rep1,2.0859,2025,0
rep1,2.0859,2026,0
rep1,2.0867,2027,0
rep1,2.087,2028,0
rep1,2.0872,2029,0
rep1,2.0882,2030,0
rep1,2.0885,2031,0
rep1,2.0889,2032,0
rep1,2.0889,2033,0
rep1,2.0898,2034,0
rep1,2.0899,2035,0
rep1,2.09,2036,0
rep1,2.0906,2037,0
rep1,2.0909,2038,0
rep1,2.0913,2039,0
rep1,2.0936,2040,0
rep1,2.0958,2041,0
rep1,2.096,2042,0
rep1,2.1082,2043,0
rep1,2.1083,2044,0
rep1,2.1102,2045,0
rep1,2.1108,2046,0
rep1,2.111,2047,0
rep1,2.1114,2048,0
rep1,2.1123,2049,0
rep1,2.1126,2050,0
rep1,2.1132,2051,0
rep1,2.1136,2052,0
rep1,2.1137,2053,0
rep1,2.1142,2054,0
rep1,2.1159,2055,0
rep1,2.1169,2056,0
rep1,2.1182,2057,0
rep1,2.1199,2058,0
rep1,2.1233,2059,0
rep1,2.1245,2060,0
rep1,2.1275,2061,0
rep1,2.1284,2062,0
rep1,2.1286,2063,0
rep1,2.1318,2064,0
rep1,2.1362,2065,0
rep1,2.1403,2066,0
rep1,2.1409,2067,0
rep1,2.1443,2068,0
rep1,2.1446,2069,0
rep1,2.1457,2070,0
rep1,2.1464,2071,0
rep1,2.1466,2072,0
rep1,2.15,2073,0
rep1,2.1505,2074,0
rep1,2.151,2075,0
rep1,2.1514,2076,0
rep1,2.1523,2077,0
rep1,2.1535,2078,0
rep1,2.1557,2079,0
rep1,2.1566,2080,0
rep1,2.157,2081,0
rep1,2.1578,2082,0
rep1,2.1583,2083,0
rep1,2.1585,2084,0
rep1,2.1593,2085,0
rep1,2.16,2086,0
rep1,2.1632,2087,0
rep1,2.1645,2088,0
rep1,2.1651,2089,0
rep1,2.166,2090,0
rep1,2.1671,2091,0
rep1,2.1688,2092,0
rep1,2.1692,2093,0
rep1,2.1702,2094,0
rep1,2.1705,2095,0
rep1,2.1709,2096,0
rep1,2.1718,2097,0
rep1,2.1749,2098,0
rep1,2.177,2099,0
rep1,2.1777,2100,0
rep1,2.1783,2101,0
rep1,2.1786,2102,0
rep1,2.1791,2103,0
rep1,2.1793,2104,0
rep1,2.1795,2105,0
rep1,2.18,2106,0
rep1,2.1802,2107,0
rep1,2.1812,2108,0
rep1,2.1814,2109,0
rep1,2.1835,2110,0
rep1,2.1839,2111,0
rep1,2.1849,2112,0
rep1,2.1861,2113,0
rep1,2.1873,2114,0
rep1,2.1892,2115,0
rep1,2.1917,2116,0
rep1,2.1924,2117,0
rep1,2.1956,2118,0
rep1,2.1963,2119,0
rep1,2.1965,2120,0
rep1,2.1987,2121,0
rep1,2.1996,2122,0
rep1,2.2023,2123,0
rep1,2.2026,2124,0
rep1,2.203,2125,0
rep1,2.2045,2126,0
rep1,2.2077,2127,0
rep1,2.2096,2128,0
rep1,2.2108,2129,0
rep1,2.2123,2130,0
rep1,2.2127,2131,0
rep1,2.2129,2132,0
rep1,2.2151,2133,0
rep1,2.2195,2134,0
rep1,2.2202,2135,0
rep1,2.2212,2136,0
rep1,2.2213,2137,0
rep1,2.2236,2138,0
rep1,2.224,2139,0
rep1,2.2251,2140,0
rep2,1.0096,1,0
rep2,1.0098,2,0
rep2,1.01,3,0
rep2,1.0103,4,0
rep2,1.0107,5,0
rep2,1.0108,6,0
rep2,1.0108,7,0
rep2,1.0111,8,0
rep2,1.0112,9,0
rep2,1.0114,10,0
rep2,1.0116,11,0
rep2,1.0117,12,0
rep2,1.0117,13,0
rep2,1.0118,14,0
rep2,1.0119,15,0
rep2,1.0119,16,0
rep2,1.012,17,0
rep2,1.0121,18,0
rep2,1.0121,19,0
rep2,1.0122,20,0
rep2,1.0123,21,0
rep2,1.0129,22,0
rep2,1.0134,23,0
rep2,1.0136,24,0
rep2,1.0137,25,0
rep2,1.0138,26,0
rep2,1.0143,27,0
rep2,1.0143,28,0
rep2,1.0144,29,0
rep2,1.0145,30,0
rep2,1.0145,31,0
rep2,1.0146,32,0
rep2,1.0147,33,0
rep2,1.0148,34,0
rep2,1.015,35,0
rep2,1.015,36,0
rep2,1.0152,37,0
rep2,1.0153,38,0
rep2,1.0154,39,0
rep2,1.0157,40,0
rep2,1.016,41,0
rep2,1.0162,42,0
rep2,1.0165,43,0
rep2,1.0167,44,0
rep2,1.0169,45,0
rep2,1.017,46,0
rep2,1.0171,47,0
rep2,1.0173,48,0
rep2,1.0176,49,0
rep2,1.0176,50,0
rep2,1.0181,51,0
rep2,1.0186,52,0
rep2,1.0186,53,0
rep2,1.0201,54,0
rep2,1.0204,55,0
rep2,1.0205,56,0
rep2,1.0206,57,0
rep2,1.0209,58,0
rep2,1.0211,59,0
rep2,1.0223,60,0
rep2,1.0226,61,0
rep2,1.0228,62,0
rep2,1.0232,63,0
rep2,1.0235,64,0
rep2,1.0237,65,0
rep2,1.0238,66,0
rep2,1.0239,67,0
rep2,1.024,68,0
rep2,1.0255,69,0
rep2,1.0262,70,0
rep2,1.0269,71,0
rep2,1.0273,72,0
rep2,1.0276,73,0
rep2,1.0291,74,0
rep2,1.0328,75,0
rep2,1.0346,76,0
rep2,1.0363,77,0
rep2,1.0374,78,0
rep2,1.0416,79,0
rep2,1.043,80,0
rep2,1.043,81,0
rep2,1.043,82,0
rep2,1.0431,83,0
rep2,1.0431,84,0
rep2,1.0431,85,0
rep2,1.0432,86,0
rep2,1.0432,87,0
rep2,1.0432,88,0
rep2,1.0432,89,0
rep2,1.0433,90,0
rep2,1.0433,91,0
rep2,1.0433,92,0
rep2,1.0434,93,0
rep2,1.0434,94,0
rep2,1.0434,95,0
rep2,1.0434,96,0
rep2,1.0435,97,0
rep2,1.0435,98,0
rep2,1.0435,99,0
rep2,1.0435,100,0
rep2,1.0435,101,0
rep2,1.0435,102,0
rep2,1.0436,103,0
rep2,1.0436,104,0
rep2,1.0437,105,0
rep2,1.0437,106,0
rep2,1.0438,107,0
rep2,1.0439,108,0
rep2,1.0439,109,0
rep2,1.0441,110,0
rep2,1.0441,111,0
rep2,1.0441,112,0
rep2,1.0441,113,0
rep2,1.0442,114,0
rep2,1.0443,115,0
rep2,1.0443,116,0
rep2,1.0444,117,0
rep2,1.0444,118,0
rep2,1.0445,119,0
rep2,1.0445,120,0
rep2,1.0446,121,0
rep2,1.0446,122,0
rep2,1.0446,123,0
rep2,1.0447,124,0
rep2,1.0447,125,0
rep2,1.0447,126,0
rep2,1.0448,127,0
rep2,1.0448,128,0
rep2,1.0449,129,0
rep2,1.0449,130,0
rep2,1.045,131,0
rep2,1.045,132,0
rep2,1.0451,133,0
rep2,1.0452,134,0
rep2,1.0452,135,0
rep2,1.0452,136,0
rep2,1.0453,137,0
rep2,1.0453,138,0
rep2,1.0453,139,0
rep2,1.0453,140,0
rep2,1.0453,141,0
rep2,1.0454,142,0
rep2,1.0454,143,0
rep2,1.0454,144,0
rep2,1.0454,145,0
rep2,1.0455,146,0
rep2,1.0455,147,0
rep2,1.0455,148,0
rep2,1.0455,149,0
rep2,1.0456,150,0
rep2,1.0456,151,0
rep2,1.0456,152,0
rep2,1.0457,153,0
rep2,1.0457,154,0
rep2,1.0458,155,0
rep2,1.0458,156,0
rep2,1.0458,157,0
rep2,1.0459,158,0
rep2,1.0459,159,0
rep2,1.0459,160,0
rep2,1.046,161,0
rep2,1.046,162,0
rep2,1.0461,163,0
rep2,1.0462,164,0
rep2,1.0463,165,0
rep2,1.0464,166,0
rep2,1.0464,167,0
rep2,1.0464,168,0
rep2,1.0465,169,0
rep2,1.0466,170,0
rep2,1.0466,171,0
rep2,1.0466,172,0
rep2,1.0467,173,0
rep2,1.0468,174,0
rep2,1.0469,175,0
rep2,1.0469,176,0
rep2,1.047,177,0
rep2,1.047,178,0
rep2,1.0471,179,0
rep2,1.0472,180,0
rep2,1.0472,181,0
rep2,1.0473,182,0
rep2,1.0473,183,0
rep2,1.0473,184,0
rep2,1.0474,185,0
rep2,1.0474,186,0
rep2,1.0474,187,0
rep2,1.0474,188,0
rep2,1.0474,189,0
rep2,1.0475,190,0
rep2,1.0475,191,0
rep2,1.0476,192,0
rep2,1.0477,193,0
rep2,1.0477,194,0
rep2,1.0477,195,0
rep2,1.0477,196,0
rep2,1.0477,197,0
rep2,1.0477,198,0
rep2,1.0479,199,0
rep2,1.0479,200,0
rep2,1.0479,201,0
rep2,1.048,202,0
rep2,1.048,203,0
rep2,1.0481,204,0
rep2,1.0482,205,0
rep2,1.0483,206,0
rep2,1.0483,207,0
rep2,1.0483,208,0
rep2,1.0484,209,0
rep2,1.0484,210,0
rep2,1.0485,211,0
rep2,1.0486,212,0
rep2,1.0487,213,0
rep2,1.0487,214,0
rep2,1.0488,215,0
rep2,1.0488,216,0
rep2,1.0488,217,0
rep2,1.0488,218,0
rep2,1.0489,219,0
rep2,1.0489,220,0
rep2,1.049,221,0
rep2,1.049,222,0
rep2,1.049,223,0
rep2,1.0491,224,0
rep2,1.0491,225,0
rep2,1.0491,226,0
rep2,1.0492,227,0
rep2,1.0493,228,0
rep2,1.0493,229,0
rep2,1.0494,230,0
rep2,1.0494,231,0
rep2,1.0494,232,0
rep2,1.0495,233,0
rep2,1.0495,234,0
rep2,1.0496,235,0
rep2,1.0497,236,0
rep2,1.0497,237,0
rep2,1.0498,238,0
rep2,1.0498,239,0
rep2,1.0498,240,0
rep2,1.0499,241,0
rep2,1.0499,242,0
rep2,1.0501,243,0
rep2,1.0501,244,0
rep2,1.0502,245,0
rep2,1.0502,246,0
rep2,1.0504,247,0
rep2,1.0504,248,0
rep2,1.0504,249,0
rep2,1.0505,250,0
rep2,1.0506,251,0
rep2,1.0507,252,0
rep2,1.0509,253,0
rep2,1.051,254,0
rep2,1.051,255,0
rep2,1.0513,256,0
rep2,1.0513,257,0
rep2,1.0514,258,0
rep2,1.0516,259,0
rep2,1.0516,260,0
rep2,1.0517,261,0
rep2,1.0517,262,0
rep2,1.0517,263,0
rep2,1.0518,264,0
rep2,1.0519,265,0
rep2,1.052,266,0
rep2,1.052,267,0
rep2,1.0521,268,0
rep2,1.0522,269,0
rep2,1.0523,270,0
rep2,1.0523,271,0
rep2,1.0524,272,0
rep2,1.0525,273,0
rep2,1.0526,274,0
rep2,1.0527,275,0
rep2,1.053,276,0
rep2,1.0531,277,0
rep2,1.0533,278,0
rep2,1.0533,279,0
rep2,1.0534,280,0
rep2,1.0535,281,0
rep2,1.0535,282,0
rep2,1.0536,283,0
rep2,1.0537,284,0
rep2,1.0538,285,0
rep2,1.0539,286,0
rep2,1.0539,287,0
rep2,1.0541,288,0
rep2,1.0541,289,0
rep2,1.0543,290,0
rep2,1.0544,291,0
rep2,1.0544,292,0
rep2,1.0545,293,0
rep2,1.0545,294,0
rep2,1.0545,295,0
rep2,1.0546,296,0
rep2,1.0546,297,0
rep2,1.0547,298,0
rep2,1.0547,299,0
rep2,1.0548,300,0
rep2,1.0548,301,0
rep2,1.0548,302,0
rep2,1.0549,303,0
rep2,1.0549,304,0
rep2,1.0551,305,0
rep2,1.0552,306,0
rep2,1.0554,307,0
rep2,1.0555,308,0
rep2,1.0555,309,0
rep2,1.0555,310,0
rep2,1.0556,311,0
rep2,1.0558,312,0
rep2,1.0558,313,0
rep2,1.0559,314,0
rep2,1.056,315,0
rep2,1.0561,316,0
rep2,1.0562,317,0
rep2,1.0563,318,0
rep2,1.0564,319,0
rep2,1.0565,320,0
rep2,1.0566,321,0
rep2,1.0567,322,0
rep2,1.0568,323,0
rep2,1.0569,324,0
rep2,1.0569,325,0
rep2,1.0569,326,0
rep2,1.057,327,0
rep2,1.057,328,0
rep2,1.0571,329,0
rep2,1.0574,330,0
rep2,1.0575,331,0
rep2,1.0575,332,0
rep2,1.0576,333,0
rep2,1.0578,334,0
rep2,1.0579,335,0
rep2,1.0582,336,0
rep2,1.0583,337,0
rep2,1.0584,338,0
rep2,1.0586,339,0
rep2,1.0586,340,0
rep2,1.0586,341,0
rep2,1.0587,342,0
rep2,1.0588,343,0
rep2,1.0588,344,0
rep2,1.0589,345,0
rep2,1.059,346,0
rep2,1.0591,347,0
rep2,1.0592,348,0
rep2,1.0592,349,0
rep2,1.0592,350,0
rep2,1.0594,351,0
rep2,1.0595,352,0
rep2,1.0596,353,0
rep2,1.0596,354,0
rep2,1.0596,355,0
rep2,1.06,356,0
rep2,1.0601,357,0
rep2,1.0601,358,0
rep2,1.0602,359,0
rep2,1.0602,360,0
rep2,1.0605,361,0
rep2,1.0606,362,0
rep2,1.0606,363,0
rep2,1.0607,364,0
rep2,1.0616,365,0
rep2,1.0617,366,0
rep2,1.0618,367,0
rep2,1.062,368,0
rep2,1.062,369,0
rep2,1.0621,370,0
rep2,1.0622,371,0
rep2,1.0623,372,0
rep2,1.0623,373,0
rep2,1.0624,374,0
rep2,1.0627,375,0
rep2,1.063,376,0
rep2,1.0632,377,0
rep2,1.0634,378,0
rep2,1.064,379,0
rep2,1.0646,380,0
rep2,1.0646,381,0
rep2,1.0647,382,0
rep2,1.0648,383,0
rep2,1.0648,384,0
rep2,1.0652,385,0
rep2,1.0655,386,0
rep2,1.0659,387,0
rep2,1.0662,388,0
rep2,1.0662,389,0
rep2,1.0664,390,0
rep2,1.0665,391,0
rep2,1.0665,392,0
rep2,1.0666,393,0
rep2,1.0668,394,0
rep2,1.0669,395,0
rep2,1.0671,396,0
rep2,1.0672,397,0
rep2,1.0675,398,0
rep2,1.0676,399,0
rep2,1.0679,400,0
rep2,1.0681,401,0
rep2,1.0684,402,0
rep2,1.0686,403,0
rep2,1.0688,404,0
rep2,1.069,405,0
rep2,1.0693,406,0
rep2,1.0697,407,0
rep2,1.0697,408,0
rep2,1.0701,409,0
rep2,1.0704,410,0
rep2,1.0715,411,0
rep2,1.0725,412,0
rep2,1.0726,413,0
rep2,1.073,414,0
rep2,1.073,415,0
rep2,1.0738,416,0
rep2,1.0743,417,0
rep2,1.0747,418,0
rep2,1.0751,419,0
rep2,1.0751,420,0
rep2,1.0755,421,0
rep2,1.0758,422,0
rep2,1.0759,423,0
rep2,1.0767,424,0
rep2,1.0768,425,0
rep2,1.0769,426,0
rep2,1.077,427,0
rep2,1.077,428,0
rep2,1.0772,429,0
rep2,1.0773,430,0
rep2,1.0776,431,0
rep2,1.0777,432,0
rep2,1.0778,433,0
rep2,1.0778,434,0
rep2,1.0779,435,0
rep2,1.0779,436,0
rep2,1.0779,437,0
rep2,1.0781,438,0
rep2,1.0782,439,0
rep2,1.0782,440,0
rep2,1.0783,441,0
rep2,1.0783,442,0
rep2,1.0784,443,0
rep2,1.0785,444,0
rep2,1.0785,445,0
rep2,1.0786,446,0
rep2,1.0786,447,0
rep2,1.0786,448,0
rep2,1.0788,449,0
rep2,1.0788,450,0
rep2,1.0789,451,0
rep2,1.079,452,0
rep2,1.0791,453,0
rep2,1.0792,454,0
rep2,1.0793,455,0
rep2,1.0794,456,0
rep2,1.0794,457,0
rep2,1.0795,458,0
rep2,1.0797,459,0
rep2,1.0798,460,0
rep2,1.0798,461,0
rep2,1.0799,462,0
rep2,1.0802,463,0
rep2,1.0805,464,0
rep2,1.0805,465,0
rep2,1.0807,466,0
rep2,1.0808,467,0
rep2,1.0808,468,0
rep2,1.0808,469,0
rep2,1.0809,470,0
rep2,1.0811,471,0
rep2,1.0811,472,0
rep2,1.0811,473,0
rep2,1.0811,474,0
rep2,1.0812,475,0
rep2,1.0812,476,0
rep2,1.0812,477,0
rep2,1.0812,478,0
rep2,1.0812,479,0
rep2,1.0813,480,0
rep2,1.0813,481,0
rep2,1.0814,482,0
rep2,1.0815,483,0
rep2,1.0817,484,0
rep2,1.0818,485,0
rep2,1.082,486,0
rep2,1.082,487,0
rep2,1.082,488,0
rep2,1.0822,489,0
rep2,1.0823,490,0
rep2,1.0824,491,0
rep2,1.0824,492,0
rep2,1.0825,493,0
rep2,1.0825,494,0
rep2,1.0826,495,0
rep2,1.0828,496,0
rep2,1.0828,497,0
rep2,1.0828,498,0
rep2,1.0829,499,0
rep2,1.0829,500,0
rep2,1.0829,501,0
rep2,1.0832,502,0
rep2,1.0833,503,0
rep2,1.0834,504,0
rep2,1.0834,505,0
rep2,1.0835,506,0
rep2,1.0835,507,0
rep2,1.0836,508,0
rep2,1.0837,509,0
rep2,1.0838,510,0
rep2,1.0839,511,0
rep2,1.084,512,0
rep2,1.0842,513,0
rep2,1.0843,514,0
rep2,1.0843,515,0
rep2,1.0846,516,0
rep2,1.0846,517,0
rep2,1.085,518,0
rep2,1.0851,519,0
rep2,1.0851,520,0
rep2,1.0851,521,0
rep2,1.0853,522,0
rep2,1.0853,523,0
rep2,1.0853,524,0
rep2,1.0858,525,0
rep2,1.0859,526,0
rep2,1.086,527,0
rep2,1.0861,528,0
rep2,1.0862,529,0
rep2,1.0862,530,0
rep2,1.0862,531,0
rep2,1.0866,532,0
rep2,1.0867,533,0
rep2,1.0868,534,0
rep2,1.0869,535,0
rep2,1.087,536,0
rep2,1.0871,537,0
rep2,1.0871,538,0
rep2,1.0872,539,0
rep2,1.0876,540,0
rep2,1.0877,541,0
rep2,1.0878,542,0
rep2,1.0879,543,0
rep2,1.088,544,0
rep2,1.0881,545,0
rep2,1.0883,546,0
rep2,1.0883,547,0
rep2,1.0886,548,0
rep2,1.0889,549,0
rep2,1.0892,550,0
rep2,1.0894,551,0
rep2,1.0894,552,0
rep2,1.0897,553,0
rep2,1.0903,554,0
rep2,1.0904,555,0
rep2,1.0904,556,0
rep2,1.0908,557,0
rep2,1.0916,558,0
rep2,1.0917,559,0
rep2,1.0917,560,0
rep2,1.0919,561,0
rep2,1.0919,562,0
rep2,1.0925,563,0
rep2,1.0931,564,0
rep2,1.0932,565,0
rep2,1.0933,566,0
rep2,1.0936,567,0
rep2,1.0938,568,0
rep2,1.0938,569,0
rep2,1.0943,570,0
rep2,1.0954,571,0
rep2,1.0958,572,0
rep2,1.0959,573,0
rep2,1.096,574,0
rep2,1.096,575,0
rep2,1.0961,576,0
rep2,1.0962,577,0
rep2,1.0964,578,0
rep2,1.0967,579,0
rep2,1.0968,580,0
rep2,1.0969,581,0
rep2,1.097,582,0
rep2,1.0973,583,0
rep2,1.0974,584,0
rep2,1.0976,585,0
rep2,1.098,586,0
rep2,1.0982,587,0
rep2,1.0982,588,0
rep2,1.0986,589,0
rep2,1.0989,590,0
rep2,1.0995,591,0
rep2,1.0999,592,0
rep2,1.101,593,0
rep2,1.1013,594,0
rep2,1.1013,595,0
rep2,1.1014,596,0
rep2,1.1018,597,0
rep2,1.1022,598,0
rep2,1.1023,599,0
rep2,1.1025,600,0
rep2,1.1026,601,0
rep2,1.1027,602,0
rep2,1.103,603,0
rep2,1.1034,604,0
rep2,1.1038,605,0
rep2,1.1041,606,0
rep2,1.1043,607,0
rep2,1.1044,608,0
rep2,1.1045,609,0
rep2,1.1048,610,0
rep2,1.1049,611,0
rep2,1.1059,612,0
rep2,1.106,613,0
rep2,1.1062,614,0
rep2,1.1063,615,0
rep2,1.107,616,0
rep2,1.107,617,0
rep2,1.1074,618,0
rep2,1.1074,619,0
rep2,1.1075,620,0
rep2,1.1076,621,0
rep2,1.1078,622,0
rep2,1.1086,623,0
rep2,1.1087,624,0
rep2,1.1087,625,0
rep2,1.1089,626,0
rep2,1.1091,627,0
rep2,1.1092,628,0
rep2,1.1097,629,0
rep2,1.11,630,0
rep2,1.1102,631,0
rep2,1.1104,632,0
rep2,1.1106,633,0
rep2,1.1106,634,0
rep2,1.1106,635,0
rep2,1.1107,636,0
rep2,1.1107,637,0
rep2,1.1109,638,0
rep2,1.1109,639,0
rep2,1.1111,640,0
rep2,1.1116,641,0
rep2,1.1116,642,0
rep2,1.1117,643,0
rep2,1.1122,644,0
rep2,1.1122,645,0
rep2,1.1123,646,0
rep2,1.1123,647,0
rep2,1.1126,648,0
rep2,1.1127,649,0
rep2,1.1128,650,0
rep2,1.113,651,0
rep2,1.1131,652,0
rep2,1.1132,653,0
rep2,1.1133,654,0
rep2,1.1133,655,0
rep2,1.1133,656,0
rep2,1.1134,657,0
rep2,1.1134,658,0
rep2,1.1135,659,0
rep2,1.1135,660,0
rep2,1.1136,661,0
rep2,1.1136,662,0
rep2,1.1136,663,0
rep2,1.1138,664,0
rep2,1.114,665,0
rep2,1.114,666,0
rep2,1.114,667,0
rep2,1.1141,668,0
rep2,1.1141,669,0
rep2,1.1142,670,0
rep2,1.1143,671,0
rep2,1.1143,672,0
rep2,1.1144,673,0
rep2,1.1145,674,0
rep2,1.1146,675,0
rep2,1.1147,676,0
rep2,1.1148,677,0
rep2,1.1152,678,0
rep2,1.1152,679,0
rep2,1.1153,680,0
rep2,1.1158,681,0
rep2,1.1159,682,0
rep2,1.116,683,0
rep2,1.1161,684,0
rep2,1.1162,685,0
rep2,1.1163,686,0
rep2,1.1164,687,0
rep2,1.1166,688,0
rep2,1.117,689,0
rep2,1.1172,690,0
rep2,1.1173,691,0
rep2,1.1175,692,0
rep2,1.1177,693,0
rep2,1.118,694,0
rep2,1.1183,695,0
rep2,1.1184,696,0
rep2,1.1185,697,0
rep2,1.1186,698,0
rep2,1.1189,699,0
rep2,1.1189,700,0
rep2,1.1192,701,0
rep2,1.1196,702,0
rep2,1.1198,703,0
rep2,1.12,704,0
rep2,1.1201,705,0
rep2,1.1202,706,0
rep2,1.1207,707,0
rep2,1.1208,708,0
rep2,1.1211,709,0
rep2,1.1213,710,0
rep2,1.1213,711,0
rep2,1.1213,712,0
rep2,1.1215,713,0
rep2,1.1215,714,0
rep2,1.1217,715,0
rep2,1.1218,716,0
rep2,1.1219,717,0
rep2,1.1219,718,0
rep2,1.1223,719,0
rep2,1.1224,720,0
rep2,1.1226,721,0
rep2,1.1226,722,0
rep2,1.1228,723,0
rep2,1.1235,724,0
rep2,1.1236,725,0
rep2,1.1236,726,0
rep2,1.1238,727,0
rep2,1.1242,728,0
rep2,1.1243,729,0
rep2,1.1246,730,0
rep2,1.1247,731,0
rep2,1.1247,732,0
rep2,1.1254,733,0
rep2,1.1255,734,0
rep2,1.1257,735,0
rep2,1.126,736,0
rep2,1.1263,737,0
rep2,1.1267,738,0
rep2,1.1268,739,0
rep2,1.1272,740,0
rep2,1.1272,741,0
rep2,1.1273,742,0
rep2,1.1278,743,0
rep2,1.1279,744,0
rep2,1.1284,745,0
rep2,1.1287,746,0
rep2,1.129,747,0
rep2,1.1292,748,0
rep2,1.1294,749,0
rep2,1.1294,750,0
rep2,1.1295,751,0
rep2,1.1295,752,0
rep2,1.1296,753,0
rep2,1.1298,754,0
rep2,1.1299,755,0
rep2,1.1301,756,0
rep2,1.1308,757,0
rep2,1.1309,758,0
rep2,1.131,759,0
rep2,1.1312,760,0
rep2,1.1315,761,0
rep2,1.1315,762,0
rep2,1.1316,763,0
rep2,1.1319,764,0
rep2,1.1326,765,0
rep2,1.1327,766,0
rep2,1.1331,767,0
rep2,1.1334,768,0
rep2,1.1337,769,0
rep2,1.1345,770,0
rep2,1.1347,771,0
rep2,1.1347,772,0
rep2,1.135,773,0
rep2,1.1353,774,0
rep2,1.1353,775,0
rep2,1.1354,776,0
rep2,1.1356,777,0
rep2,1.1358,778,0
rep2,1.1359,779,0
rep2,1.1361,780,0
rep2,1.1364,781,0
rep2,1.1365,782,0
rep2,1.1365,783,0
rep2,1.1366,784,0
rep2,1.1368,785,0
rep2,1.137,786,0
rep2,1.1371,787,0
rep2,1.1373,788,0
rep2,1.1373,789,0
rep2,1.1375,790,0
rep2,1.1379,791,0
rep2,1.1382,792,0
rep2,1.1383,793,0
rep2,1.1387,794,0
rep2,1.1388,795,0
rep2,1.14,796,0
rep2,1.1401,797,0
rep2,1.1402,798,0
rep2,1.1403,799,0
rep2,1.1411,800,0
rep2,1.1412,801,0
rep2,1.1415,802,0
rep2,1.1415,803,0
rep2,1.1417,804,0
rep2,1.1418,805,0
rep2,1.1421,806,0
rep2,1.1421,807,0
rep2,1.1425,808,0
rep2,1.1428,809,0
rep2,1.1428,810,0
rep2,1.1432,811,0
rep2,1.1434,812,0
rep2,1.1435,813,0
rep2,1.1437,814,0
rep2,1.1437,815,0
rep2,1.1438,816,0
rep2,1.1438,817,0
rep2,1.1439,818,0
rep2,1.1441,819,0
rep2,1.1441,820,0
rep2,1.1442,821,0
rep2,1.1443,822,0
rep2,1.1443,823,0
rep2,1.1443,824,0
rep2,1.1444,825,0
rep2,1.1446,826,0
rep2,1.1446,827,0
rep2,1.1447,828,0
rep2,1.1452,829,0
rep2,1.1455,830,0
rep2,1.1457,831,0
rep2,1.1457,832,0
rep2,1.1458,833,0
rep2,1.1458,834,0
rep2,1.1459,835,0
rep2,1.1461,836,0
rep2,1.1461,837,0
rep2,1.1461,838,0
rep2,1.1467,839,0
rep2,1.147,840,0
rep2,1.1471,841,0
rep2,1.1473,842,0
rep2,1.1477,843,0
rep2,1.1478,844,0
rep2,1.1478,845,0
rep2,1.148,846,0
rep2,1.1481,847,0
rep2,1.1483,848,0
rep2,1.1485,849,0
rep2,1.1495,850,0
rep2,1.1496,851,0
rep2,1.1496,852,0
rep2,1.1497,853,0
rep2,1.1497,854,0
rep2,1.1498,855,0
rep2,1.1499,856,0
rep2,1.15,857,0
rep2,1.15,858,0
rep2,1.1501,859,0
rep2,1.1502,860,0
rep2,1.1503,861,0
rep2,1.1505,862,0
rep2,1.1505,863,0
rep2,1.1506,864,0
rep2,1.1507,865,0
rep2,1.1508,866,0
rep2,1.1512,867,0
rep2,1.1512,868,0
rep2,1.1514,869,0
rep2,1.1516,870,0
rep2,1.152,871,0
rep2,1.1521,872,0
rep2,1.1521,873,0
rep2,1.1522,874,0
rep2,1.1524,875,0
rep2,1.1528,876,0
rep2,1.153,877,0
rep2,1.1532,878,0
rep2,1.1533,879,0
rep2,1.1533,880,0
rep2,1.1534,881,0
rep2,1.1536,882,0
rep2,1.1536,883,0
rep2,1.1537,884,0
rep2,1.1538,885,0
rep2,1.1538,886,0
rep2,1.1541,887,0
rep2,1.1543,888,0
rep2,1.1543,889,0
rep2,1.1545,890,0
rep2,1.1545,891,0
rep2,1.1552,892,0
rep2,1.1552,893,0
rep2,1.1552,894,0
rep2,1.1553,895,0
rep2,1.1553,896,0
rep2,1.1556,897,0
rep2,1.1558,898,0
rep2,1.1558,899,0
rep2,1.1559,900,0
rep2,1.1562,901,0
rep2,1.1563,902,0
rep2,1.1563,903,0
rep2,1.1565,904,0
rep2,1.1566,905,0
rep2,1.1567,906,0
rep2,1.1567,907,0
rep2,1.1568,908,0
rep2,1.1574,909,0
rep2,1.1578,910,0
rep2,1.1582,911,0
rep2,1.1583,912,0
rep2,1.1584,913,0
rep2,1.1585,914,0
rep2,1.1585,915,0
rep2,1.1587,916,0
rep2,1.1587,917,0
rep2,1.1588,918,0
rep2,1.1588,919,0
rep2,1.1592,920,0
rep2,1.1595,921,0
rep2,1.1595,922,0
rep2,1.1596,923,0
rep2,1.1597,924,0
rep2,1.16,925,0
rep2,1.1601,926,0
rep2,1.1602,927,0
rep2,1.1603,928,0
rep2,1.1604,929,0
rep2,1.1604,930,0
rep2,1.1604,931,0
rep2,1.1605,932,0
rep2,1.161,933,0
rep2,1.1611,934,0
rep2,1.1612,935,0
rep2,1.1613,936,0
rep2,1.1613,937,0
rep2,1.1616,938,0
rep2,1.1617,939,0
rep2,1.1619,940,0
rep2,1.1622,941,0
rep2,1.1623,942,0
rep2,1.1626,943,0
rep2,1.1629,944,0
rep2,1.163,945,0
rep2,1.1633,946,0
rep2,1.1633,947,0
rep2,1.1634,948,0
rep2,1.1634,949,0
rep2,1.1637,950,0
rep2,1.1639,951,0
rep2,1.1644,952,0
rep2,1.1646,953,0
rep2,1.1646,954,0
rep2,1.1647,955,0
rep2,1.165,956,0
rep2,1.1652,957,0
rep2,1.1654,958,0
rep2,1.1655,959,0
rep2,1.1655,960,0
rep2,1.1656,961,0
rep2,1.1657,962,0
rep2,1.1661,963,0
rep2,1.1662,964,0
rep2,1.1664,965,0
rep2,1.1664,966,0
rep2,1.1668,967,0
rep2,1.1669,968,0
rep2,1.1672,969,0
rep2,1.1673,970,0
rep2,1.1674,971,0
rep2,1.1674,972,0
rep2,1.1678,973,0
rep2,1.168,974,0
rep2,1.1682,975,0
rep2,1.1685,976,0
rep2,1.1691,977,0
rep2,1.1692,978,0
rep2,1.1695,979,0
rep2,1.1697,980,0
rep2,1.1697,981,0
rep2,1.1698,982,0
rep2,1.1706,983,0
rep2,1.1706,984,0
rep2,1.1706,985,0
rep2,1.1706,986,0
rep2,1.1708,987,0
rep2,1.1709,988,0
rep2,1.171,989,0
rep2,1.1714,990,0
rep2,1.1721,991,0
rep2,1.1725,992,0
rep2,1.1727,993,0
rep2,1.1728,994,0
rep2,1.1729,995,0
rep2,1.1732,996,0
rep2,1.1736,997,0
rep2,1.1736,998,0
rep2,1.1737,999,0
rep2,1.174,1000,0
rep2,1.1747,1001,0
rep2,1.1756,1002,0
rep2,1.1762,1003,0
rep2,1.1765,1004,0
rep2,1.1766,1005,0
rep2,1.1768,1006,0
rep2,1.177,1007,0
rep2,1.1771,1008,0
rep2,1.1772,1009,0
rep2,1.1772,1010,0
rep2,1.1773,1011,0
rep2,1.1775,1012,0
rep2,1.1777,1013,0
rep2,1.1781,1014,0
rep2,1.1783,1015,0
rep2,1.1785,1016,0
rep2,1.1787,1017,0
rep2,1.1788,1018,0
rep2,1.1789,1019,0
rep2,1.179,1020,0
rep2,1.1792,1021,0
rep2,1.1793,1022,0
rep2,1.1793,1023,0
rep2,1.1793,1024,0
rep2,1.1793,1025,0
rep2,1.1795,1026,0
rep2,1.18,1027,0
rep2,1.1801,1028,0
rep2,1.1802,1029,0
rep2,1.1802,1030,0
rep2,1.1802,1031,0
rep2,1.1804,1032,0
rep2,1.1805,1033,0
rep2,1.1808,1034,0
rep2,1.1809,1035,0
rep2,1.1811,1036,0
rep2,1.1811,1037,0
rep2,1.1814,1038,0
rep2,1.1816,1039,0
rep2,1.1817,1040,0
rep2,1.1818,1041,0
rep2,1.182,1042,0
rep2,1.1822,1043,0
rep2,1.1825,1044,0
rep2,1.183,1045,0
rep2,1.1835,1046,0
rep2,1.184,1047,0
rep2,1.1846,1048,0
rep2,1.1846,1049,0
rep2,1.1847,1050,0
rep2,1.1847,1051,0
rep2,1.1849,1052,0
rep2,1.1854,1053,0
rep2,1.1858,1054,0
rep2,1.1858,1055,0
rep2,1.1859,1056,0
rep2,1.186,1057,0
rep2,1.1861,1058,0
rep2,1.1861,1059,0
rep2,1.1862,1060,0
rep2,1.1865,1061,0
rep2,1.1865,1062,0
rep2,1.1866,1063,0
rep2,1.1868,1064,0
rep2,1.187,1065,0
rep2,1.1872,1066,0
rep2,1.1874,1067,0
rep2,1.1874,1068,0
rep2,1.1877,1069,0
rep2,1.188,1070,0
rep2,1.1881,1071,0
rep2,1.1882,1072,0
rep2,1.1884,1073,0
rep2,1.1888,1074,0
rep2,1.1891,1075,0
rep2,1.1892,1076,0
rep2,1.1895,1077,0
rep2,1.1896,1078,0
rep2,1.1897,1079,0
rep2,1.1897,1080,0
rep2,1.1898,1081,0
rep2,1.1898,1082,0
rep2,1.1898,1083,0
rep2,1.1901,1084,0
rep2,1.1901,1085,0
rep2,1.1904,1086,0
rep2,1.1904,1087,0
rep2,1.1906,1088,0
rep2,1.1909,1089,0
rep2,1.1909,1090,0
rep2,1.191,1091,0
rep2,1.1911,1092,0
rep2,1.1911,1093,0
rep2,1.1912,1094,0
rep2,1.1912,1095,0
rep2,1.1913,1096,0
rep2,1.1917,1097,0
rep2,1.1919,1098,0
rep2,1.192,1099,0
rep2,1.1922,1100,0
rep2,1.1922,1101,0
rep2,1.1926,1102,0
rep2,1.1928,1103,0
rep2,1.193,1104,0
rep2,1.1931,1105,0
rep2,1.1932,1106,0
rep2,1.1939,1107,0
rep2,1.1942,1108,0
rep2,1.1942,1109,0
rep2,1.1944,1110,0
rep2,1.1947,1111,0
rep2,1.1951,1112,0
rep2,1.1952,1113,0
rep2,1.1953,1114,0
rep2,1.1955,1115,0
rep2,1.1958,1116,0
rep2,1.196,1117,0
rep2,1.1961,1118,0
rep2,1.1961,1119,0
rep2,1.1962,1120,0
rep2,1.1963,1121,0
rep2,1.1963,1122,0
rep2,1.1965,1123,0
rep2,1.1966,1124,0
rep2,1.1968,1125,0
rep2,1.1968,1126,0
rep2,1.1969,1127,0
rep2,1.197,1128,0
rep2,1.1972,1129,0
rep2,1.1973,1130,0
rep2,1.1976,1131,0
rep2,1.1977,1132,0
rep2,1.199,1133,0
rep2,1.199,1134,0
rep2,1.1991,1135,0
rep2,1.1991,1136,0
rep2,1.1995,1137,0
rep2,1.1997,1138,0
rep2,1.1997,1139,0
rep2,1.1998,1140,0
rep2,1.1998,1141,0
rep2,1.2,1142,0
rep2,1.2001,1143,0
rep2,1.2001,1144,0
rep2,1.2002,1145,0
rep2,1.2006,1146,0
rep2,1.2009,1147,0
rep2,1.201,1148,0
rep2,1.201,1149,0
rep2,1.2012,1150,0
rep2,1.2017,1151,0
rep2,1.2017,1152,0
rep2,1.2019,1153,0
rep2,1.2019,1154,0
rep2,1.202,1155,0
rep2,1.2022,1156,0
rep2,1.2022,1157,0
rep2,1.2024,1158,0
rep2,1.2028,1159,0
rep2,1.2031,1160,0
rep2,1.2033,1161,0
rep2,1.2033,1162,0
rep2,1.2036,1163,0
rep2,1.2036,1164,0
rep2,1.2038,1165,0
rep2,1.2039,1166,0
rep2,1.2039,1167,0
rep2,1.2039,1168,0
rep2,1.2043,1169,0
rep2,1.2045,1170,0
rep2,1.2049,1171,0
rep2,1.2052,1172,0
rep2,1.2054,1173,0
rep2,1.2058,1174,0
rep2,1.2058,1175,0
rep2,1.2059,1176,0
rep2,1.206,1177,0
rep2,1.206,1178,0
rep2,1.206,1179,0
rep2,1.2062,1180,0
rep2,1.207,1181,0
rep2,1.2072,1182,0
rep2,1.2074,1183,0
rep2,1.2078,1184,0
rep2,1.2085,1185,0
rep2,1.2087,1186,0
rep2,1.2094,1187,0
rep2,1.2097,1188,0
rep2,1.2097,1189,0
rep2,1.2097,1190,0
rep2,1.2099,1191,0
rep2,1.21,1192,0
rep2,1.2102,1193,0
rep2,1.2104,1194,0
rep2,1.2104,1195,0
rep2,1.2105,1196,0
rep2,1.2105,1197,0
rep2,1.2106,1198,0
rep2,1.2107,1199,0
rep2,1.2109,1200,0
rep2,1.2109,1201,0
rep2,1.211,1202,0
rep2,1.2111,1203,0
rep2,1.2111,1204,0
rep2,1.2114,1205,0
rep2,1.2114,1206,0
rep2,1.2119,1207,0
rep2,1.2119,1208,0
rep2,1.212,1209,0
rep2,1.2122,1210,0
rep2,1.2122,1211,0
rep2,1.2123,1212,0
rep2,1.2123,1213,0
rep2,1.2123,1214,0
rep2,1.2128,1215,0
rep2,1.213,1216,0
rep2,1.2133,1217,0
rep2,1.2136,1218,0
rep2,1.2136,1219,0
rep2,1.2137,1220,0
rep2,1.2139,1221,0
rep2,1.2141,1222,0
rep2,1.2144,1223,0
rep2,1.2144,1224,0
rep2,1.2145,1225,0
rep2,1.2146,1226,0
rep2,1.2147,1227,0
rep2,1.2151,1228,0
rep2,1.2151,1229,0
rep2,1.2152,1230,0
rep2,1.2154,1231,0
rep2,1.2159,1232,0
rep2,1.2162,1233,0
rep2,1.2163,1234,0
rep2,1.2164,1235,0
rep2,1.2165,1236,0
rep2,1.217,1237,0
rep2,1.217,1238,0
rep2,1.2171,1239,0
rep2,1.2173,1240,0
rep2,1.2173,1241,0
rep2,1.2175,1242,0
rep2,1.2175,1243,0
rep2,1.2176,1244,0
rep2,1.2177,1245,0
rep2,1.218,1246,0
rep2,1.2181,1247,0
rep2,1.2181,1248,0
rep2,1.2183,1249,0
rep2,1.2187,1250,0
rep2,1.2188,1251,0
rep2,1.2189,1252,0
rep2,1.219,1253,0
rep2,1.2191,1254,0
rep2,1.2195,1255,0
rep2,1.2199,1256,0
rep2,1.2202,1257,0
rep2,1.2202,1258,0
rep2,1.2204,1259,0
rep2,1.2207,1260,0
rep2,1.2207,1261,0
rep2,1.2208,1262,0
rep2,1.221,1263,0
rep2,1.221,1264,0
rep2,1.2217,1265,0
rep2,1.222,1266,0
rep2,1.222,1267,0
rep2,1.222,1268,0
rep2,1.2221,1269,0
rep2,1.2224,1270,0
rep2,1.2225,1271,0
rep2,1.2227,1272,0
rep2,1.2227,1273,0
rep2,1.2228,1274,0
rep2,1.2229,1275,0
rep2,1.2229,1276,0
rep2,1.2229,1277,0
rep2,1.223,1278,0
rep2,1.2233,1279,0
rep2,1.2234,1280,0
rep2,1.2238,1281,0
rep2,1.2239,1282,0
rep2,1.224,1283,0
rep2,1.2242,1284,0
rep2,1.2244,1285,0
rep2,1.2244,1286,0
rep2,1.2245,1287,0
rep2,1.2245,1288,0
rep2,1.2245,1289,0
rep2,1.2246,1290,0
rep2,1.2248,1291,0
rep2,1.2248,1292,0
rep2,1.225,1293,0
rep2,1.2254,1294,0
rep2,1.2257,1295,0
rep2,1.2258,1296,0
rep2,1.2266,1297,0
rep2,1.2268,1298,0
rep2,1.227,1299,0
rep2,1.227,1300,0
rep2,1.2274,1301,0
rep2,1.2276,1302,0
rep2,1.2278,1303,0
rep2,1.2279,1304,0
rep2,1.2279,1305,0
rep2,1.228,1306,0
rep2,1.2286,1307,0
rep2,1.229,1308,0
rep2,1.2292,1309,0
rep2,1.2293,1310,0
rep2,1.2298,1311,0
rep2,1.23,1312,0
rep2,1.2301,1313,0
rep2,1.2303,1314,0
rep2,1.2308,1315,0
rep2,1.231,1316,0
rep2,1.2312,1317,0
rep2,1.2315,1318,0
rep2,1.2323,1319,0
rep2,1.2323,1320,0
rep2,1.2323,1321,0
rep2,1.2324,1322,0
rep2,1.233,1323,0
rep2,1.233,1324,0
rep2,1.2336,1325,0
rep2,1.2337,1326,0
rep2,1.2339,1327,0
rep2,1.2339,1328,0
rep2,1.2339,1329,0
rep2,1.2342,1330,0
rep2,1.2346,1331,0
rep2,1.2347,1332,0
rep2,1.2347,1333,0
rep2,1.2348,1334,0
rep2,1.235,1335,0
rep2,1.235,1336,0
rep2,1.2352,1337,0
rep2,1.2353,1338,0
rep2,1.2353,1339,0
rep2,1.2354,1340,0
rep2,1.2357,1341,0
rep2,1.2357,1342,0
rep2,1.2359,1343,0
rep2,1.236,1344,0
rep2,1.2365,1345,0
rep2,1.2369,1346,0
rep2,1.2369,1347,0
rep2,1.2371,1348,0
rep2,1.2372,1349,0
rep2,1.2374,1350,0
rep2,1.2376,1351,0
rep2,1.2378,1352,0
rep2,1.2378,1353,0
rep2,1.2379,1354,0
rep2,1.2383,1355,0
rep2,1.2387,1356,0
rep2,1.2389,1357,0
rep2,1.2391,1358,0
rep2,1.2393,1359,0
rep2,1.2394,1360,0
rep2,1.2395,1361,0
rep2,1.2399,1362,0
rep2,1.2402,1363,0
rep2,1.2402,1364,0
rep2,1.2404,1365,0
rep2,1.2405,1366,0
rep2,1.2406,1367,0
rep2,1.2407,1368,0
rep2,1.2408,1369,0
rep2,1.2412,1370,0
rep2,1.2412,1371,0
rep2,1.2416,1372,0
rep2,1.2419,1373,0
rep2,1.2419,1374,0
rep2,1.2425,1375,0
rep2,1.2429,1376,0
rep2,1.2429,1377,0
rep2,1.243,1378,0
rep2,1.2435,1379,0
rep2,1.2439,1380,0
rep2,1.2443,1381,0
rep2,1.2447,1382,0
rep2,1.2448,1383,0
rep2,1.2449,1384,0
rep2,1.245,1385,0
rep2,1.2451,1386,0
rep2,1.2454,1387,0
rep2,1.2455,1388,0
rep2,1.2455,1389,0
rep2,1.2457,1390,0
rep2,1.2459,1391,0
rep2,1.246,1392,0
rep2,1.2461,1393,0
rep2,1.2462,1394,0
rep2,1.2467,1395,0
rep2,1.2468,1396,0
rep2,1.2472,1397,0
rep2,1.2472,1398,0
rep2,1.2474,1399,0
rep2,1.2475,1400,0
rep2,1.2476,1401,0
rep2,1.2477,1402,0
rep2,1.2478,1403,0
rep2,1.2479,1404,0
rep2,1.2479,1405,0
rep2,1.2481,1406,0
rep2,1.2484,1407,0
rep2,1.2485,1408,0
rep2,1.2486,1409,0
rep2,1.2488,1410,0
rep2,1.2488,1411,0
rep2,1.2489,1412,0
rep2,1.2494,1413,0
rep2,1.2495,1414,0
rep2,1.2498,1415,0
rep2,1.25,1416,0
rep2,1.2501,1417,0
rep2,1.2506,1418,0
rep2,1.251,1419,0
rep2,1.2511,1420,0
rep2,1.2512,1421,0
rep2,1.2513,1422,0
rep2,1.2514,1423,0
rep2,1.2515,1424,0
rep2,1.2517,1425,0
rep2,1.252,1426,0
rep2,1.2521,1427,0
rep2,1.2522,1428,0
rep2,1.2524,1429,0
rep2,1.2524,1430,0
rep2,1.2528,1431,0
rep2,1.2529,1432,0
rep2,1.2532,1433,0
rep2,1.2534,1434,0
rep2,1.2534,1435,0
rep2,1.2537,1436,0
rep2,1.2537,1437,0
rep2,1.2547,1438,0
rep2,1.2548,1439,0
rep2,1.2548,1440,0
rep2,1.2551,1441,0
rep2,1.2557,1442,0
rep2,1.2559,1443,0
rep2,1.2559,1444,0
rep2,1.2561,1445,0
rep2,1.2562,1446,0
rep2,1.2562,1447,0
rep2,1.2563,1448,0
rep2,1.2565,1449,0
rep2,1.2565,1450,0
rep2,1.2566,1451,0
rep2,1.257,1452,0
rep2,1.2573,1453,0
rep2,1.2574,1454,0
rep2,1.258,1455,0
rep2,1.2582,1456,0
rep2,1.2585,1457,0
rep2,1.2586,1458,0
rep2,1.2589,1459,0
rep2,1.2591,1460,0
rep2,1.2593,1461,0
rep2,1.2593,1462,0
rep2,1.2593,1463,0
rep2,1.2603,1464,0
rep2,1.2604,1465,0
rep2,1.2611,1466,0
rep2,1.2611,1467,0
rep2,1.2614,1468,0
rep2,1.2615,1469,0
rep2,1.2619,1470,0
rep2,1.2621,1471,0
rep2,1.2624,1472,0
rep2,1.2625,1473,0
rep2,1.263,1474,0
rep2,1.2631,1475,0
rep2,1.2636,1476,0
rep2,1.2645,1477,0
rep2,1.2648,1478,0
rep2,1.2649,1479,0
rep2,1.2649,1480,0
rep2,1.265,1481,0
rep2,1.2653,1482,0
rep2,1.2654,1483,0
rep2,1.2654,1484,0
rep2,1.2655,1485,0
rep2,1.2657,1486,0
rep2,1.2658,1487,0
rep2,1.266,1488,0
rep2,1.2661,1489,0
rep2,1.2663,1490,0
rep2,1.2664,1491,0
rep2,1.2671,1492,0
rep2,1.2675,1493,0
rep2,1.2676,1494,0
rep2,1.2676,1495,0
rep2,1.2676,1496,0
rep2,1.2677,1497,0
rep2,1.2677,1498,0
rep2,1.2678,1499,0
rep2,1.2678,1500,0
rep2,1.2679,1501,0
rep2,1.2679,1502,0
rep2,1.2684,1503,0
rep2,1.2686,1504,0
rep2,1.2688,1505,0
rep2,1.2688,1506,0
rep2,1.2693,1507,0
rep2,1.2693,1508,0
rep2,1.2697,1509,0
rep2,1.2699,1510,0
rep2,1.2699,1511,0
rep2,1.2703,1512,0
rep2,1.2713,1513,0
rep2,1.2715,1514,0
rep2,1.272,1515,0
rep2,1.272,1516,0
rep2,1.2724,1517,0
rep2,1.2727,1518,0
rep2,1.2729,1519,0
rep2,1.2732,1520,0
rep2,1.2732,1521,0
rep2,1.2733,1522,0
rep2,1.2733,1523,0
rep2,1.2734,1524,0
rep2,1.2739,1525,0
rep2,1.2744,1526,0
rep2,1.2747,1527,0
rep2,1.2749,1528,0
rep2,1.275,1529,0
rep2,1.2752,1530,0
rep2,1.2759,1531,0
rep2,1.2766,1532,0
rep2,1.2768,1533,0
rep2,1.2769,1534,0
rep2,1.2774,1535,0
rep2,1.278,1536,0
rep2,1.2781,1537,0
rep2,1.2781,1538,0
rep2,1.2782,1539,0
rep2,1.2782,1540,0
rep2,1.2783,1541,0
rep2,1.2787,1542,0
rep2,1.279,1543,0
rep2,1.2793,1544,0
rep2,1.2793,1545,0
rep2,1.2796,1546,0
rep2,1.2798,1547,0
rep2,1.2799,1548,0
rep2,1.28,1549,0
rep2,1.2802,1550,0
rep2,1.2805,1551,0
rep2,1.2807,1552,0
rep2,1.2808,1553,0
rep2,1.281,1554,0
rep2,1.2813,1555,0
rep2,1.2817,1556,0
rep2,1.282,1557,0
rep2,1.2821,1558,0
rep2,1.2821,1559,0
rep2,1.2822,1560,0
rep2,1.2828,1561,0
rep2,1.2828,1562,0
rep2,1.2832,1563,0
rep2,1.2833,1564,0
rep2,1.2834,1565,0
rep2,1.2835,1566,0
rep2,1.2836,1567,0
rep2,1.2837,1568,0
rep2,1.2841,1569,0
rep2,1.2841,1570,0
rep2,1.2842,1571,0
rep2,1.2851,1572,0
rep2,1.2858,1573,0
rep2,1.2863,1574,0
rep2,1.2865,1575,0
rep2,1.2866,1576,0
rep2,1.287,1577,0
rep2,1.2871,1578,0
rep2,1.2874,1579,0
rep2,1.2875,1580,0
rep2,1.2884,1581,0
rep2,1.2886,1582,0
rep2,1.2887,1583,0
rep2,1.2887,1584,0
rep2,1.2889,1585,0
rep2,1.289,1586,0
rep2,1.2891,1587,0
rep2,1.2893,1588,0
rep2,1.2904,1589,0
rep2,1.2905,1590,0
rep2,1.2905,1591,0
rep2,1.2906,1592,0
rep2,1.2907,1593,0
rep2,1.2915,1594,0
rep2,1.2919,1595,0
rep2,1.2921,1596,0
rep2,1.2924,1597,0
rep2,1.2929,1598,0
rep2,1.293,1599,0
rep2,1.2936,1600,0
rep2,1.2937,1601,0
rep2,1.2939,1602,0
rep2,1.2941,1603,0
rep2,1.2947,1604,0
rep2,1.2949,1605,0
rep2,1.2951,1606,0
rep2,1.2953,1607,0
rep2,1.2954,1608,0
rep2,1.2956,1609,0
rep2,1.2957,1610,0
rep2,1.2957,1611,0
rep2,1.2962,1612,0
rep2,1.2969,1613,0
rep2,1.2972,1614,0
rep2,1.2975,1615,0
rep2,1.2987,1616,0
rep2,1.2989,1617,0
rep2,1.2994,1618,0
rep2,1.3004,1619,0
rep2,1.3004,1620,0
rep2,1.3008,1621,0
rep2,1.3009,1622,0
rep2,1.3016,1623,0
rep2,1.3021,1624,0
rep2,1.3023,1625,0
rep2,1.303,1626,0
rep2,1.3032,1627,0
rep2,1.3041,1628,0
rep2,1.3042,1629,0
rep2,1.3043,1630,0
rep2,1.3045,1631,0
rep2,1.3049,1632,0
rep2,1.3054,1633,0
rep2,1.3054,1634,0
rep2,1.3059,1635,0
rep2,1.3065,1636,0
rep2,1.3071,1637,0
rep2,1.3077,1638,0
rep2,1.3078,1639,0
rep2,1.3086,1640,0
rep2,1.3087,1641,0
rep2,1.3088,1642,0
rep2,1.3092,1643,0
rep2,1.3094,1644,0
rep2,1.3095,1645,0
rep2,1.3096,1646,0
rep2,1.3096,1647,0
rep2,1.3099,1648,0
rep2,1.3103,1649,0
rep2,1.3112,1650,0
rep2,1.3113,1651,0
rep2,1.3116,1652,0
rep2,1.3124,1653,0
rep2,1.3129,1654,0
rep2,1.3136,1655,0
rep2,1.3136,1656,0
rep2,1.3142,1657,0
rep2,1.3146,1658,0
rep2,1.315,1659,0
rep2,1.3155,1660,0
rep2,1.3158,1661,0
rep2,1.3161,1662,0
rep2,1.3162,1663,0
rep2,1.3163,1664,0
rep2,1.3168,1665,0
rep2,1.3168,1666,0
rep2,1.3171,1667,0
rep2,1.3176,1668,0
rep2,1.3177,1669,0
rep2,1.3178,1670,0
rep2,1.318,1671,0
rep2,1.3184,1672,0
rep2,1.3185,1673,0
rep2,1.3186,1674,0
rep2,1.3186,1675,0
rep2,1.3194,1676,0
rep2,1.3194,1677,0
rep2,1.32,1678,0
rep2,1.3204,1679,0
rep2,1.3206,1680,0
rep2,1.321,1681,0
rep2,1.3212,1682,0
rep2,1.3212,1683,0
rep2,1.3223,1684,0
rep2,1.3225,1685,0
rep2,1.3226,1686,0
rep2,1.3228,1687,0
rep2,1.3228,1688,0
rep2,1.3235,1689,0
rep2,1.3238,1690,0
rep2,1.3238,1691,0
rep2,1.3242,1692,0
rep2,1.3244,1693,0
rep2,1.3244,1694,0
rep2,1.3245,1695,0
rep2,1.3248,1696,0
rep2,1.3249,1697,0
rep2,1.325,1698,0
rep2,1.325,1699,0
rep2,1.3256,1700,0
rep2,1.3267,1701,0
rep2,1.3267,1702,0
rep2,1.3281,1703,0
rep2,1.3282,1704,0
rep2,1.3287,1705,0
rep2,1.3288,1706,0
rep2,1.3289,1707,0
rep2,1.3294,1708,0
rep2,1.3301,1709,0
rep2,1.3303,1710,0
rep2,1.331,1711,0
rep2,1.3314,1712,0
rep2,1.3315,1713,0
rep2,1.3316,1714,0
rep2,1.3318,1715,0
rep2,1.3325,1716,0
rep2,1.3331,1717,0
rep2,1.3333,1718,0
rep2,1.3335,1719,0
rep2,1.3338,1720,0
rep2,1.3342,1721,0
rep2,1.335,1722,0
rep2,1.3354,1723,0
rep2,1.3355,1724,0
rep2,1.3357,1725,0
rep2,1.3364,1726,0
rep2,1.3364,1727,0
rep2,1.3369,1728,0
rep2,1.3378,1729,0
rep2,1.338,1730,0
rep2,1.3382,1731,0
rep2,1.3383,1732,0
rep2,1.3387,1733,0
rep2,1.3396,1734,0
rep2,1.3401,1735,0
rep2,1.3405,1736,0
rep2,1.3406,1737,0
rep2,1.3412,1738,0
rep2,1.3417,1739,0
rep2,1.3419,1740,0
rep2,1.3425,1741,0
rep2,1.3429,1742,0
rep2,1.3434,1743,0
rep2,1.3439,1744,0
rep2,1.3443,1745,0
rep2,1.3444,1746,0
rep2,1.3445,1747,0
rep2,1.3457,1748,0
rep2,1.3459,1749,0
rep2,1.3463,1750,0
rep2,1.3467,1751,0
rep2,1.3467,1752,0
rep2,1.3472,1753,0
rep2,1.3477,1754,0
rep2,1.3482,1755,0
rep2,1.3485,1756,0
rep2,1.349,1757,0
rep2,1.3493,1758,0
rep2,1.3494,1759,0
rep2,1.3496,1760,0
rep2,1.3501,1761,0
rep2,1.3502,1762,0
rep2,1.3503,1763,0
rep2,1.3513,1764,0
rep2,1.3521,1765,0
rep2,1.3529,1766,0
rep2,1.3531,1767,0
rep2,1.3534,1768,0
rep2,1.3541,1769,0
rep2,1.3548,1770,0
rep2,1.3556,1771,0
rep2,1.3558,1772,0
rep2,1.3564,1773,0
rep2,1.357,1774,0
rep2,1.3575,1775,0
rep2,1.3579,1776,0
rep2,1.3579,1777,0
rep2,1.3584,1778,0
rep2,1.3586,1779,0
rep2,1.3587,1780,0
rep2,1.3592,1781,0
rep2,1.3603,1782,0
rep2,1.3605,1783,0
rep2,1.3606,1784,0
rep2,1.3613,1785,0
rep2,1.3614,1786,0
rep2,1.3623,1787,0
rep2,1.3623,1788,0
rep2,1.3632,1789,0
rep2,1.3633,1790,0
rep2,1.3634,1791,0
rep2,1.3634,1792,0
rep2,1.3637,1793,0
rep2,1.3643,1794,0
rep2,1.3643,1795,0
rep2,1.3648,1796,0
rep2,1.3648,1797,0
rep2,1.3656,1798,0
rep2,1.3679,1799,0
rep2,1.368,1800,0
rep2,1.3701,1801,0
rep2,1.3707,1802,0
rep2,1.3719,1803,0
rep2,1.372,1804,0
rep2,1.3724,1805,0
rep2,1.3725,1806,0
rep2,1.3726,1807,0
rep2,1.3733,1808,0
rep2,1.3735,1809,0
rep2,1.3735,1810,0
rep2,1.3736,1811,0
rep2,1.3746,1812,0
rep2,1.3747,1813,0
rep2,1.3749,1814,0
rep2,1.3751,1815,0
rep2,1.3752,1816,0
rep2,1.3763,1817,0
rep2,1.377,1818,0
rep2,1.3771,1819,0
rep2,1.3773,1820,0
rep2,1.3775,1821,0
rep2,1.3782,1822,0
rep2,1.3786,1823,0
rep2,1.3796,1824,0
rep2,1.3799,1825,0
rep2,1.3799,1826,0
rep2,1.3803,1827,0
rep2,1.3805,1828,0
rep2,1.3809,1829,0
rep2,1.3816,1830,0
rep2,1.3818,1831,0
rep2,1.3819,1832,0
rep2,1.3828,1833,0
rep2,1.3833,1834,0
rep2,1.3835,1835,0
rep2,1.3838,1836,0
rep2,1.3847,1837,0
rep2,1.386,1838,0
rep2,1.3861,1839,0
rep2,1.3865,1840,0
rep2,1.3876,1841,0
rep2,1.3877,1842,0
rep2,1.3878,1843,0
rep2,1.3878,1844,0
rep2,1.3878,1845,0
rep2,1.3885,1846,0
rep2,1.3896,1847,0
rep2,1.3897,1848,0
rep2,1.3898,1849,0
rep2,1.3905,1850,0
rep2,1.3908,1851,0
rep2,1.391,1852,0
rep2,1.3929,1853,0
rep2,1.393,1854,0
rep2,1.3936,1855,0
rep2,1.3941,1856,0
rep2,1.3942,1857,0
rep2,1.3947,1858,0
rep2,1.3948,1859,0
rep2,1.3957,1860,0
rep2,1.3973,1861,0
rep2,1.3984,1862,0
rep2,1.3986,1863,0
rep2,1.3996,1864,0
rep2,1.3998,1865,0
rep2,1.4,1866,0
rep2,1.4005,1867,0
rep2,1.4014,1868,0
rep2,1.4022,1869,0
rep2,1.4024,1870,0
rep2,1.4028,1871,0
rep2,1.4029,1872,0
rep2,1.4048,1873,0
rep2,1.405,1874,0
rep2,1.4059,1875,0
rep2,1.4061,1876,0
rep2,1.408,1877,0
rep2,1.4086,1878,0
rep2,1.4095,1879,0
rep2,1.41,1880,0
rep2,1.4104,1881,0
rep2,1.4106,1882,0
rep2,1.411,1883,0
rep2,1.4112,1884,0
rep2,1.4117,1885,0
rep2,1.4126,1886,0
rep2,1.4134,1887,0
rep2,1.4143,1888,0
rep2,1.415,1889,0
rep2,1.4156,1890,0
rep2,1.4157,1891,0
rep2,1.4158,1892,0
rep2,1.4167,1893,0
rep2,1.4175,1894,0
rep2,1.4179,1895,0
rep2,1.4191,1896,0
rep2,1.4197,1897,0
rep2,1.42,1898,0
rep2,1.4201,1899,0
rep2,1.4203,1900,0
rep2,1.421,1901,0
rep2,1.4231,1902,0
rep2,1.4241,1903,0
rep2,1.4245,1904,0
rep2,1.4256,1905,0
rep2,1.4257,1906,0
rep2,1.4271,1907,0
rep2,1.4314,1908,0
rep2,1.4321,1909,0
rep2,1.4326,1910,0
rep2,1.4327,1911,0
rep2,1.433,1912,0
rep2,1.4331,1913,0
rep2,1.4335,1914,0
rep2,1.4345,1915,0
rep2,1.4345,1916,0
rep2,1.4372,1917,0
rep2,1.4376,1918,0
rep2,1.439,1919,0
rep2,1.44,1920,0
rep2,1.4411,1921,0
rep2,1.4415,1922,0
rep2,1.4422,1923,0
rep2,1.4443,1924,0
rep2,1.4454,1925,0
rep2,1.4459,1926,0
rep2,1.4473,1927,0
rep2,1.4476,1928,0
rep2,1.4485,1929,0
rep2,1.4485,1930,0
rep2,1.4534,1931,0
rep2,1.4534,1932,0
rep2,1.4535,1933,0
rep2,1.4539,1934,0
rep2,1.4543,1935,0
rep2,1.455,1936,0
rep2,1.457,1937,0
rep2,1.4598,1938,0
rep2,1.4623,1939,0
rep2,1.4624,1940,0
rep2,1.4631,1941,0
rep2,1.4631,1942,0
rep2,1.4665,1943,0
rep2,1.4687,1944,0
rep2,1.4695,1945,0
rep2,1.4699,1946,0
rep2,1.471,1947,0
rep2,1.4714,1948,0
rep2,1.4715,1949,0
rep2,1.4723,1950,0
rep2,1.4745,1951,0
rep2,1.4747,1952,0
rep2,1.4747,1953,0
rep2,1.4786,1954,0
rep2,1.4791,1955,0
rep2,1.4793,1956,0
rep2,1.4853,1957,0
rep2,1.4871,1958,0
rep2,1.4882,1959,0
rep2,1.4907,1960,0
rep2,1.4911,1961,0
rep2,1.4918,1962,0
rep2,1.4923,1963,0
rep2,1.4925,1964,0
rep2,1.4935,1965,0
rep2,1.4941,1966,0
rep2,1.4981,1967,0
rep2,1.5004,1968,0
rep2,1.5023,1969,0
rep2,1.5024,1970,0
rep2,1.5026,1971,0
rep2,1.5039,1972,0
rep2,1.5045,1973,0
rep2,1.5063,1974,0
rep2,1.5069,1975,0
rep2,1.5105,1976,0
rep2,1.5111,1977,0
rep2,1.5131,1978,0
rep2,1.5138,1979,0
rep2,1.5142,1980,0
rep2,1.5146,1981,0
rep2,1.5183,1982,0
rep2,1.5206,1983,0
rep2,1.5222,1984,0
rep2,1.5295,1985,0
rep2,1.5338,1986,0
rep2,1.5349,1987,0
rep2,1.5354,1988,0
rep2,1.5391,1989,0
rep2,1.5397,1990,0
rep2,1.5477,1991,0
rep2,1.5496,1992,0
rep2,1.5504,1993,0
rep2,1.5506,1994,0
rep2,1.5519,1995,0
rep2,1.5521,1996,0
rep2,1.5525,1997,0
rep2,1.554,1998,0
rep2,1.5598,1999,0
rep2,1.5609,2000,0
rep2,1.5618,2001,0
rep2,1.5635,2002,0
rep2,1.5667,2003,0
rep2,1.5731,2004,0
rep2,1.5783,2005,0
rep2,1.5821,2006,0
rep2,1.587,2007,0
rep2,1.6006,2008,0
rep2,1.6087,2009,0
rep2,1.6105,2010,0
rep2,1.611,2011,0
rep2,1.6123,2012,0
rep2,1.616,2013,0
rep2,1.6192,2014,0
rep2,1.6198,2015,0
rep2,1.6217,2016,0
rep2,1.624,2017,0
rep2,1.6251,2018,0
rep2,1.6252,2019,0
rep2,1.6279,2020,0
rep2,1.6376,2021,0
rep2,1.6386,2022,0
rep2,1.6439,2023,0
rep2,1.6493,2024,0
rep2,1.6535,2025,0
rep2,1.6646,2026,0
rep2,1.6693,2027,0
rep2,1.6918,2028,0
rep2,1.6969,2029,0
rep2,1.703,2030,0
rep2,1.7183,2031,0
rep2,1.7482,2032,0
rep2,1.7686,2033,0
rep2,1.8414,2034,0
rep2,1.8975,2035,0
rep2,2.0133,2036,0
rep2,2.014,2037,0
rep2,2.045,2038,0
rep2,2.0464,2039,0
rep2,2.0473,2040,0
rep2,2.0477,2041,0
rep2,2.0483,2042,0
rep2,2.0487,2043,0
rep2,2.0488,2044,0
rep2,2.0503,2045,0
rep2,2.0535,2046,0
rep2,2.0546,2047,0
rep2,2.0645,2048,0
rep2,2.0646,2049,0
rep2,2.0708,2050,0
rep2,2.0773,2051,0
rep2,2.0779,2052,0
rep2,2.0779,2053,0
rep2,2.0785,2054,0
rep2,2.0786,2055,0
rep2,2.0786,2056,0
rep2,2.0787,2057,0
rep2,2.0793,2058,0
rep2,2.0797,2059,0
rep2,2.0797,2060,0
rep2,2.0799,2061,0
rep2,2.0801,2062,0
rep2,2.0801,2063,0
rep2,2.0804,2064,0
rep2,2.0815,2065,0
rep2,2.0815,2066,0
rep2,2.0817,2067,0
rep2,2.082,2068,0
rep2,2.0821,2069,0
rep2,2.0824,2070,0
rep2,2.0824,2071,0
rep2,2.0831,2072,0
rep2,2.0831,2073,0
rep2,2.0833,2074,0
rep2,2.084,2075,0
rep2,2.0841,2076,0
rep2,2.0843,2077,0
rep2,2.0847,2078,0
rep2,2.0847,2079,0
rep2,2.085,2080,0
rep2,2.0854,2081,0
rep2,2.0863,2082,0
rep2,2.0871,2083,0
rep2,2.0871,2084,0
rep2,2.0872,2085,0
rep2,2.0877,2086,0
rep2,2.0877,2087,0
rep2,2.0889,2088,0
rep2,2.0892,2089,0
rep2,2.0901,2090,0
rep2,2.0906,2091,0
rep2,2.0907,2092,0
rep2,2.0914,2093,0
rep2,2.0917,2094,0
rep2,2.0919,2095,0
rep2,2.092,2096,0
rep2,2.0929,2097,0
rep2,2.0945,2098,0
rep2,2.0985,2099,0
rep2,2.1005,2100,0
rep2,2.1024,2101,0
rep2,2.1024,2102,0
rep2,2.1052,2103,0
rep2,2.1076,2104,0
rep2,2.1105,2105,0
rep2,2.1106,2106,0
rep2,2.1126,2107,0
rep2,2.1127,2108,0
rep2,2.1129,2109,0
rep2,2.1136,2110,0
rep2,2.114,2111,0
rep2,2.1146,2112,0
rep2,2.1165,2113,0
rep2,2.1171,2114,0
rep2,2.1178,2115,0
rep2,2.1181,2116,0
rep2,2.1198,2117,0
rep2,2.1199,2118,0
rep2,2.1212,2119,0
rep2,2.1213,2120,0
rep2,2.1215,2121,0
rep2,2.1217,2122,0
rep2,2.1223,2123,0
rep2,2.123,2124,0
rep2,2.1238,2125,0
rep2,2.1242,2126,0
rep2,2.1253,2127,0
rep2,2.1267,2128,0
rep2,2.1311,2129,0
rep2,2.1316,2130,0
rep2,2.1325,2131,0
rep2,2.1327,2132,0
rep2,2.1366,2133,0
rep2,2.1377,2134,0
rep2,2.1426,2135,0
rep2,2.1431,2136,0
rep2,2.1444,2137,0
rep2,2.1446,2138,0
rep2,2.1449,2139,0
rep2,2.1481,2140,0
rep2,2.1496,2141,0
rep2,2.1498,2142,0
rep2,2.1532,2143,0
rep2,2.1567,2144,0
rep2,2.1597,2145,0
rep2,2.1602,2146,0
rep2,2.1614,2147,0
rep2,2.1615,2148,0
rep2,2.1625,2149,0
rep2,2.1631,2150,0
rep2,2.1638,2151,0
rep2,2.1639,2152,0
rep2,2.1646,2153,0
rep2,2.1656,2154,0
rep2,2.1657,2155,0
rep2,2.1659,2156,0
rep2,2.1661,2157,0
rep2,2.169,2158,0
rep2,2.1691,2159,0
rep2,2.1703,2160,0
rep2,2.171,2161,0
rep2,2.1717,2162,0
rep2,2.1748,2163,0
rep2,2.1756,2164,0
rep2,2.1764,2165,0
rep2,2.1776,2166,0
rep2,2.178,2167,0
rep2,2.1785,2168,0
rep2,2.179,2169,0
rep2,2.1812,2170,0
rep2,2.1815,2171,0
rep2,2.1816,2172,0
rep2,2.1819,2173,0
rep2,2.1863,2174,0
rep2,2.1916,2175,0
rep2,2.1924,2176,0
rep2,2.1943,2177,0
rep2,2.1945,2178,0
rep2,2.1948,2179,0
rep2,2.1965,2180,0
rep2,2.1983,2181,0
rep2,2.2015,2182,0
rep2,2.2016,2183,0
rep2,2.2033,2184,0
rep2,2.2038,2185,0
rep2,2.2113,2186,0
rep2,2.2124,2187,0
rep2,2.213,2188,0
rep2,2.2132,2189,0
rep2,2.2141,2190,0
rep2,2.2142,2191,0
rep2,2.2173,2192,0
rep2,2.2181,2193,0
rep2,2.2185,2194,0
rep2,2.2191,2195,0
rep2,2.2197,2196,0
rep2,2.2211,2197,0
rep2,2.2221,2198,0
rep2,2.2224,2199,0
rep2,2.2234,2200,0
rep2,2.2239,2201,0
rep2,2.2239,2202,0
rep2,2.2241,2203,0
rep2,2.2249,2204,0
rep2,2.2252,2205,0
rep2,2.2254,2206,0
rep2,2.2276,2207,0
rep2,2.2277,2208,0
rep3,1.0093,1,0
rep3,1.0094,2,0
rep3,1.0094,3,0
rep3,1.0097,4,0
rep3,1.0099,5,0
rep3,1.01,6,0
rep3,1.0108,7,0
rep3,1.0108,8,0
rep3,1.0108,9,0
rep3,1.0109,10,0
rep3,1.0111,11,0
rep3,1.0113,12,0
rep3,1.0113,13,0
rep3,1.0114,14,0
rep3,1.0116,15,0
rep3,1.0117,16,0
rep3,1.012,17,0
rep3,1.0121,18,0
rep3,1.0122,19,0
rep3,1.0123,20,0
rep3,1.0126,21,0
rep3,1.0128,22,0
rep3,1.0128,23,0
rep3,1.0131,24,0
rep3,1.0133,25,0
rep3,1.0134,26,0
rep3,1.0135,27,0
rep3,1.0135,28,0
rep3,1.0139,29,0
rep3,1.014,30,0
rep3,1.014,31,0
rep3,1.014,32,0
rep3,1.014,33,0
rep3,1.0144,34,0
rep3,1.0145,35,0
rep3,1.0147,36,0
rep3,1.0147,37,0
rep3,1.0148,38,0
rep3,1.015,39,0
rep3,1.0152,40,0
rep3,1.0153,41,0
rep3,1.0154,42,0
rep3,1.0155,43,0
rep3,1.0156,44,0
rep3,1.0158,45,0
rep3,1.016,46,0
rep3,1.0162,47,0
rep3,1.017,48,0
rep3,1.0171,49,0
rep3,1.0171,50,0
rep3,1.0172,51,0
rep3,1.0172,52,0
rep3,1.0176,53,0
rep3,1.0181,54,0
rep3,1.0182,55,0
rep3,1.0185,56,0
rep3,1.0187,57,0
rep3,1.0188,58,0
rep3,1.0188,59,0
rep3,1.0189,60,0
rep3,1.0193,61,0
rep3,1.0202,62,0
rep3,1.0202,63,0
rep3,1.0205,64,0
rep3,1.0206,65,0
rep3,1.0209,66,0
rep3,1.0213,67,0
rep3,1.0213,68,0
rep3,1.0214,69,0
rep3,1.0216,70,0
rep3,1.0221,71,0
rep3,1.0221,72,0
rep3,1.0228,73,0
rep3,1.0251,74,0
rep3,1.0253,75,0
rep3,1.0256,76,0
rep3,1.0258,77,0
rep3,1.0266,78,0
rep3,1.0268,79,0
rep3,1.0285,80,0
rep3,1.0288,81,0
rep3,1.029,82,0
rep3,1.0296,83,0
rep3,1.0327,84,0
rep3,1.0348,85,0
rep3,1.0369,86,0
rep3,1.0389,87,0
rep3,1.0428,88,0
rep3,1.0428,89,0
rep3,1.0429,90,0
rep3,1.0429,91,0
rep3,1.0429,92,0
rep3,1.0429,93,0
rep3,1.0429,94,0
rep3,1.043,95,0
rep3,1.043,96,0
rep3,1.0431,97,0
rep3,1.0431,98,0
rep3,1.0431,99,0
rep3,1.0431,100,0
rep3,1.0431,101,0
rep3,1.0432,102,0
rep3,1.0432,103,0
rep3,1.0433,104,0
rep3,1.0433,105,0
rep3,1.0433,106,0
rep3,1.0433,107,0
rep3,1.0434,108,0
rep3,1.0435,109,0
rep3,1.0435,110,0
rep3,1.0436,111,0
rep3,1.0436,112,0
rep3,1.0437,113,0
rep3,1.0438,114,0
rep3,1.0438,115,0
rep3,1.0438,116,0
rep3,1.0439,117,0
rep3,1.0439,118,0
rep3,1.044,119,0
rep3,1.044,120,0
rep3,1.0441,121,0
rep3,1.0441,122,0
rep3,1.0441,123,0
rep3,1.0442,124,0
rep3,1.0442,125,0
rep3,1.0442,126,0
rep3,1.0442,127,0
rep3,1.0442,128,0
rep3,1.0442,129,0
rep3,1.0443,130,0
rep3,1.0443,131,0
rep3,1.0443,132,0
rep3,1.0443,133,0
rep3,1.0443,134,0
rep3,1.0444,135,0
rep3,1.0444,136,0
rep3,1.0444,137,0
rep3,1.0445,138,0
rep3,1.0445,139,0
rep3,1.0445,140,0
rep3,1.0446,141,0
rep3,1.0446,142,0
rep3,1.0446,143,0
rep3,1.0446,144,0
rep3,1.0446,145,0
rep3,1.0446,146,0
rep3,1.0447,147,0
rep3,1.0447,148,0
rep3,1.0448,149,0
rep3,1.0449,150,0
rep3,1.0449,151,0
rep3,1.0449,152,0
rep3,1.045,153,0
rep3,1.045,154,0
rep3,1.0451,155,0
rep3,1.0452,156,0
rep3,1.0452,157,0
rep3,1.0453,158,0
rep3,1.0453,159,0
rep3,1.0454,160,0
rep3,1.0454,161,0
rep3,1.0454,162,0
rep3,1.0454,163,0
rep3,1.0455,164,0
rep3,1.0455,165,0
rep3,1.0456,166,0
rep3,1.0456,167,0
rep3,1.0456,168,0
rep3,1.0456,169,0
rep3,1.0456,170,0
rep3,1.0457,171,0
rep3,1.0457,172,0
rep3,1.0457,173,0
rep3,1.0458,174,0
rep3,1.0458,175,0
rep3,1.0459,176,0
rep3,1.0459,177,0
rep3,1.0459,178,0
rep3,1.0459,179,0
rep3,1.046,180,0
rep3,1.046,181,0
rep3,1.046,182,0
rep3,1.046,183,0
rep3,1.0461,184,0
rep3,1.0461,185,0
rep3,1.0461,186,0
rep3,1.0462,187,0
rep3,1.0462,188,0
rep3,1.0462,189,0
rep3,1.0463,190,0
rep3,1.0464,191,0
rep3,1.0464,192,0
rep3,1.0465,193,0
rep3,1.0466,194,0
rep3,1.0466,195,0
rep3,1.0466,196,0
rep3,1.0466,197,0
rep3,1.0467,198,0
rep3,1.0467,199,0
rep3,1.0468,200,0
rep3,1.0468,201,0
rep3,1.0468,202,0
rep3,1.0468,203,0
rep3,1.0469,204,0
rep3,1.0471,205,0
rep3,1.0471,206,0
rep3,1.0472,207,0
rep3,1.0473,208,0
rep3,1.0473,209,0
rep3,1.0474,210,0
rep3,1.0474,211,0
rep3,1.0475,212,0
rep3,1.0475,213,0
rep3,1.0477,214,0
rep3,1.0477,215,0
rep3,1.0477,216,0
rep3,1.0478,217,0
rep3,1.0478,218,0
rep3,1.0478,219,0
rep3,1.0478,220,0
rep3,1.0478,221,0
rep3,1.0479,222,0
rep3,1.048,223,0
rep3,1.048,224,0
rep3,1.0481,225,0
rep3,1.0481,226,0
rep3,1.0482,227,0
rep3,1.0482,228,0
rep3,1.0482,229,0
rep3,1.0483,230,0
rep3,1.0483,231,0
rep3,1.0484,232,0
rep3,1.0485,233,0
rep3,1.0485,234,0
rep3,1.0486,235,0
rep3,1.0486,236,0
rep3,1.0486,237,0
rep3,1.0488,238,0
rep3,1.0488,239,0
rep3,1.0488,240,0
rep3,1.0489,241,0
rep3,1.049,242,0
rep3,1.049,243,0
rep3,1.0491,244,0
rep3,1.0491,245,0
rep3,1.0492,246,0
rep3,1.0493,247,0
rep3,1.0493,248,0
rep3,1.0494,249,0
rep3,1.0494,250,0
rep3,1.0495,251,0
rep3,1.0495,252,0
rep3,1.0495,253,0
rep3,1.0497,254,0
rep3,1.0497,255,0
rep3,1.0498,256,0
rep3,1.05,257,0
rep3,1.05,258,0
rep3,1.05,259,0
rep3,1.0502,260,0
rep3,1.0502,261,0
rep3,1.0502,262,0
rep3,1.0502,263,0
rep3,1.0503,264,0
rep3,1.0504,265,0
rep3,1.0504,266,0
rep3,1.0505,267,0
rep3,1.0505,268,0
rep3,1.0505,269,0
rep3,1.0505,270,0
rep3,1.0506,271,0
rep3,1.0506,272,0
rep3,1.0506,273,0
rep3,1.0507,274,0
rep3,1.0508,275,0
rep3,1.0508,276,0
rep3,1.0509,277,0
rep3,1.0509,278,0
rep3,1.0509,279,0
rep3,1.051,280,0
rep3,1.051,281,0
rep3,1.0512,282,0
rep3,1.0512,283,0
rep3,1.0513,284,0
rep3,1.0514,285,0
rep3,1.0515,286,0
rep3,1.0516,287,0
rep3,1.0517,288,0
rep3,1.0517,289,0
rep3,1.0518,290,0
rep3,1.0518,291,0
rep3,1.0519,292,0
rep3,1.052,293,0
rep3,1.0521,294,0
rep3,1.0523,295,0
rep3,1.0524,296,0
rep3,1.0524,297,0
rep3,1.0525,298,0
rep3,1.0525,299,0
rep3,1.0527,300,0
rep3,1.0527,301,0
rep3,1.0528,302,0
rep3,1.053,303,0
rep3,1.0531,304,0
rep3,1.0532,305,0
rep3,1.0533,306,0
rep3,1.0533,307,0
rep3,1.0533,308,0
rep3,1.0534,309,0
rep3,1.0535,310,0
rep3,1.0535,311,0
rep3,1.0536,312,0
rep3,1.0536,313,0
rep3,1.0536,314,0
rep3,1.0538,315,0
rep3,1.054,316,0
rep3,1.0541,317,0
rep3,1.0542,318,0
rep3,1.0543,319,0
rep3,1.0544,320,0
rep3,1.0544,321,0
rep3,1.0545,322,0
rep3,1.0545,323,0
rep3,1.0546,324,0
rep3,1.0546,325,0
rep3,1.0546,326,0
rep3,1.0546,327,0
rep3,1.0546,328,0
rep3,1.0547,329,0
rep3,1.0548,330,0
rep3,1.0548,331,0
rep3,1.055,332,0
rep3,1.0551,333,0
rep3,1.0556,334,0
rep3,1.0556,335,0
rep3,1.0557,336,0
rep3,1.0558,337,0
rep3,1.0558,338,0
rep3,1.056,339,0
rep3,1.0562,340,0
rep3,1.0563,341,0
rep3,1.0564,342,0
rep3,1.0566,343,0
rep3,1.0566,344,0
rep3,1.0566,345,0
rep3,1.0566,346,0
rep3,1.0567,347,0
rep3,1.0567,348,0
rep3,1.0567,349,0
rep3,1.0567,350,0
rep3,1.0567,351,0
rep3,1.0569,352,0
rep3,1.0569,353,0
rep3,1.0571,354,0
rep3,1.0573,355,0
rep3,1.0574,356,0
rep3,1.0575,357,0
rep3,1.0576,358,0
rep3,1.0577,359,0
rep3,1.0581,360,0
rep3,1.0582,361,0
rep3,1.0583,362,0
rep3,1.0583,363,0
rep3,1.0585,364,0
rep3,1.0587,365,0
rep3,1.0588,366,0
rep3,1.059,367,0
rep3,1.0592,368,0
rep3,1.0595,369,0
rep3,1.0595,370,0
rep3,1.0595,371,0
rep3,1.0596,372,0
rep3,1.0599,373,0
rep3,1.06,374,0
rep3,1.06,375,0
rep3,1.0601,376,0
rep3,1.0601,377,0
rep3,1.0602,378,0
rep3,1.0604,379,0
rep3,1.0605,380,0
rep3,1.0607,381,0
rep3,1.0608,382,0
rep3,1.0609,383,0
rep3,1.061,384,0
rep3,1.0611,385,0
rep3,1.0615,386,0
rep3,1.0616,387,0
rep3,1.0617,388,0
rep3,1.0618,389,0
rep3,1.0619,390,0
rep3,1.0629,391,0
rep3,1.0631,392,0
rep3,1.0632,393,0
rep3,1.0636,394,0
rep3,1.0645,395,0
rep3,1.0646,396,0
rep3,1.065,397,0
rep3,1.0651,398,0
rep3,1.0658,399,0
rep3,1.0661,400,0
rep3,1.0662,401,0
rep3,1.0662,402,0
rep3,1.0662,403,0
rep3,1.0665,404,0
rep3,1.0666,405,0
rep3,1.0668,406,0
rep3,1.0672,407,0
rep3,1.0674,408,0
rep3,1.0676,409,0
rep3,1.0677,410,0
rep3,1.0678,411,0
rep3,1.068,412,0
rep3,1.0681,413,0
rep3,1.0683,414,0
rep3,1.0685,415,0
rep3,1.0687,416,0
rep3,1.0693,417,0
rep3,1.0694,418,0
rep3,1.0694,419,0
rep3,1.0706,420,0
rep3,1.0707,421,0
rep3,1.0708,422,0
rep3,1.0717,423,0
rep3,1.0721,424,0
rep3,1.0722,425,0
rep3,1.0722,426,0
rep3,1.0724,427,0
rep3,1.0724,428,0
rep3,1.0728,429,0
rep3,1.073,430,0
rep3,1.073,431,0
rep3,1.0731,432,0
rep3,1.0738,433,0
rep3,1.0738,434,0
rep3,1.0746,435,0
rep3,1.0748,436,0
rep3,1.075,437,0
rep3,1.0751,438,0
rep3,1.0763,439,0
rep3,1.0763,440,0
rep3,1.0764,441,0
rep3,1.0765,442,0
rep3,1.0765,443,0
rep3,1.0766,444,0
rep3,1.0767,445,0
rep3,1.0769,446,0
rep3,1.0769,447,0
rep3,1.0773,448,0
rep3,1.0773,449,0
rep3,1.0773,450,0
rep3,1.0774,451,0
rep3,1.0775,452,0
rep3,1.0776,453,0
rep3,1.0776,454,0
rep3,1.0777,455,0
rep3,1.0782,456,0
rep3,1.0782,457,0
rep3,1.0783,458,0
rep3,1.0784,459,0
rep3,1.0785,460,0
rep3,1.0785,461,0
rep3,1.0786,462,0
rep3,1.0787,463,0
rep3,1.0789,464,0
rep3,1.0789,465,0
rep3,1.0791,466,0
rep3,1.0793,467,0
rep3,1.0796,468,0
rep3,1.0797,469,0
rep3,1.0798,470,0
rep3,1.0799,471,0
rep3,1.08,472,0
rep3,1.0802,473,0
rep3,1.0803,474,0
rep3,1.0804,475,0
rep3,1.0805,476,0
rep3,1.0806,477,0
rep3,1.0806,478,0
rep3,1.0807,479,0
rep3,1.0807,480,0
rep3,1.0808,481,0
rep3,1.0808,482,0
rep3,1.0808,483,0
rep3,1.0809,484,0
rep3,1.0811,485,0
rep3,1.0812,486,0
rep3,1.0812,487,0
rep3,1.0813,488,0
rep3,1.0814,489,0
rep3,1.0815,490,0
rep3,1.0816,491,0
rep3,1.0818,492,0
rep3,1.082,493,0
rep3,1.0822,494,0
rep3,1.0823,495,0
rep3,1.0823,496,0
rep3,1.0824,497,0
rep3,1.083,498,0
rep3,1.083,499,0
rep3,1.083,500,0
rep3,1.0833,501,0
rep3,1.0835,502,0
rep3,1.0838,503,0
rep3,1.0838,504,0
rep3,1.0839,505,0
rep3,1.0842,506,0
rep3,1.0843,507,0
rep3,1.0845,508,0
rep3,1.0846,509,0
rep3,1.0847,510,0
rep3,1.0847,511,0
rep3,1.0848,512,0
rep3,1.0851,513,0
rep3,1.0855,514,0
rep3,1.0858,515,0
rep3,1.0858,516,0
rep3,1.0859,517,0
rep3,1.0861,518,0
rep3,1.0864,519,0
rep3,1.0864,520,0
rep3,1.0864,521,0
rep3,1.0865,522,0
rep3,1.0867,523,0
rep3,1.0868,524,0
rep3,1.0869,525,0
rep3,1.087,526,0
rep3,1.0871,527,0
rep3,1.0873,528,0
rep3,1.0876,529,0
rep3,1.0878,530,0
rep3,1.0878,531,0
rep3,1.0879,532,0
rep3,1.088,533,0
rep3,1.0882,534,0
rep3,1.0882,535,0
rep3,1.0886,536,0
rep3,1.0887,537,0
rep3,1.0888,538,0
rep3,1.089,539,0
rep3,1.0897,540,0
rep3,1.0899,541,0
rep3,1.0903,542,0
rep3,1.0903,543,0
rep3,1.0904,544,0
rep3,1.0906,545,0
rep3,1.0906,546,0
rep3,1.0906,547,0
rep3,1.0907,548,0
rep3,1.0911,549,0
rep3,1.0912,550,0
rep3,1.0914,551,0
rep3,1.0917,552,0
rep3,1.0922,553,0
rep3,1.0923,554,0
rep3,1.0923,555,0
rep3,1.0927,556,0
rep3,1.0931,557,0
rep3,1.0932,558,0
rep3,1.0935,559,0
rep3,1.0936,560,0
rep3,1.0937,561,0
rep3,1.0942,562,0
rep3,1.0943,563,0
rep3,1.0944,564,0
rep3,1.095,565,0
rep3,1.0952,566,0
rep3,1.0953,567,0
rep3,1.0957,568,0
rep3,1.0957,569,0
rep3,1.096,570,0
rep3,1.0961,571,0
rep3,1.0964,572,0
rep3,1.0965,573,0
rep3,1.0966,574,0
rep3,1.0967,575,0
rep3,1.0968,576,0
rep3,1.0969,577,0
rep3,1.0973,578,0
rep3,1.0975,579,0
rep3,1.098,580,0
rep3,1.098,581,0
rep3,1.0984,582,0
rep3,1.0987,583,0
rep3,1.0996,584,0
rep3,1.0997,585,0
rep3,1.1004,586,0
rep3,1.1006,587,0
rep3,1.1006,588,0
rep3,1.101,589,0
rep3,1.1012,590,0
rep3,1.1012,591,0
rep3,1.1014,592,0
rep3,1.1017,593,0
rep3,1.1027,594,0
rep3,1.1031,595,0
rep3,1.1036,596,0
rep3,1.1039,597,0
rep3,1.1043,598,0
rep3,1.1051,599,0
rep3,1.1053,600,0
rep3,1.1056,601,0
rep3,1.1061,602,0
rep3,1.1062,603,0
rep3,1.1062,604,0
rep3,1.1063,605,0
rep3,1.1063,606,0
rep3,1.1068,607,0
rep3,1.1071,608,0
rep3,1.1073,609,0
rep3,1.1078,610,0
rep3,1.108,611,0
rep3,1.1081,612,0
rep3,1.1082,613,0
rep3,1.1083,614,0
rep3,1.1083,615,0
rep3,1.1085,616,0
rep3,1.1091,617,0
rep3,1.1094,618,0
rep3,1.1099,619,0
rep3,1.11,620,0
rep3,1.1101,621,0
rep3,1.1101,622,0
rep3,1.1102,623,0
rep3,1.1104,624,0
rep3,1.1105,625,0
rep3,1.1106,626,0
rep3,1.1107,627,0
rep3,1.1109,628,0
rep3,1.1109,629,0
rep3,1.1112,630,0
rep3,1.1113,631,0
rep3,1.1114,632,0
rep3,1.1114,633,0
rep3,1.1115,634,0
rep3,1.1116,635,0
rep3,1.1116,636,0
rep3,1.1118,637,0
rep3,1.1118,638,0
rep3,1.1119,639,0
rep3,1.1121,640,0
rep3,1.1123,641,0
rep3,1.1124,642,0
rep3,1.1126,643,0
rep3,1.1127,644,0
rep3,1.1127,645,0
rep3,1.1128,646,0
rep3,1.1129,647,0
rep3,1.1129,648,0
rep3,1.113,649,0
rep3,1.1131,650,0
rep3,1.1134,651,0
rep3,1.1135,652,0
rep3,1.1136,653,0
rep3,1.1136,654,0
rep3,1.1136,655,0
rep3,1.1136,656,0
rep3,1.1138,657,0
rep3,1.1143,658,0
rep3,1.1145,659,0
rep3,1.1145,660,0
rep3,1.1147,661,0
rep3,1.1148,662,0
rep3,1.1148,663,0
rep3,1.1151,664,0
rep3,1.1153,665,0
rep3,1.1155,666,0
rep3,1.1157,667,0
rep3,1.1158,668,0
rep3,1.1159,669,0
rep3,1.1159,670,0
rep3,1.1159,671,0
rep3,1.1161,672,0
rep3,1.1165,673,0
rep3,1.1165,674,0
rep3,1.1166,675,0
rep3,1.1166,676,0
rep3,1.1168,677,0
rep3,1.1169,678,0
rep3,1.1174,679,0
rep3,1.1175,680,0
rep3,1.1179,681,0
rep3,1.1181,682,0
rep3,1.1181,683,0
rep3,1.1182,684,0
rep3,1.1186,685,0
rep3,1.1187,686,0
rep3,1.1187,687,0
rep3,1.1187,688,0
rep3,1.1187,689,0
rep3,1.1191,690,0
rep3,1.1194,691,0
rep3,1.1195,692,0
rep3,1.1197,693,0
rep3,1.1197,694,0
rep3,1.1197,695,0
rep3,1.1199,696,0
rep3,1.12,697,0
rep3,1.1204,698,0
rep3,1.1206,699,0
rep3,1.1207,700,0
rep3,1.121,701,0
rep3,1.121,702,0
rep3,1.121,703,0
rep3,1.1211,704,0
rep3,1.1214,705,0
rep3,1.1214,706,0
rep3,1.1215,707,0
rep3,1.1216,708,0
rep3,1.1219,709,0
rep3,1.1219,710,0
rep3,1.1221,711,0
rep3,1.1222,712,0
rep3,1.1222,713,0
rep3,1.1222,714,0
rep3,1.1223,715,0
rep3,1.1229,716,0
rep3,1.1234,717,0
rep3,1.1236,718,0
rep3,1.124,719,0
rep3,1.1243,720,0
rep3,1.1243,721,0
rep3,1.1245,722,0
rep3,1.1245,723,0
rep3,1.1246,724,0
rep3,1.1247,725,0
rep3,1.125,726,0
rep3,1.1257,727,0
rep3,1.1258,728,0
rep3,1.1262,729,0
rep3,1.1262,730,0
rep3,1.1264,731,0
rep3,1.1264,732,0
rep3,1.1265,733,0
rep3,1.1265,734,0
rep3,1.1267,735,0
rep3,1.1267,736,0
rep3,1.1269,737,0
rep3,1.1269,738,0
rep3,1.1274,739,0
rep3,1.1275,740,0
rep3,1.128,741,0
rep3,1.1288,742,0
rep3,1.1293,743,0
rep3,1.1294,744,0
rep3,1.1299,745,0
rep3,1.13,746,0
rep3,1.1303,747,0
rep3,1.1304,748,0
rep3,1.1305,749,0
rep3,1.1305,750,0
rep3,1.1305,751,0
rep3,1.1307,752,0
rep3,1.1308,753,0
rep3,1.1308,754,0
rep3,1.1311,755,0
rep3,1.1311,756,0
rep3,1.1312,757,0
rep3,1.1315,758,0
rep3,1.1316,759,0
rep3,1.1317,760,0
rep3,1.132,761,0
rep3,1.1321,762,0
rep3,1.1326,763,0
rep3,1.1328,764,0
rep3,1.1329,765,0
rep3,1.1332,766,0
rep3,1.1339,767,0
rep3,1.1339,768,0
rep3,1.134,769,0
rep3,1.134,770,0
rep3,1.1344,771,0
rep3,1.1345,772,0
rep3,1.1348,773,0
rep3,1.135,774,0
rep3,1.1351,775,0
rep3,1.1352,776,0
rep3,1.1353,777,0
rep3,1.1355,778,0
rep3,1.1355,779,0
rep3,1.1359,780,0
rep3,1.1361,781,0
rep3,1.1364,782,0
rep3,1.137,783,0
rep3,1.1373,784,0
rep3,1.1376,785,0
rep3,1.1379,786,0
rep3,1.1379,787,0
rep3,1.1383,788,0
rep3,1.1384,789,0
rep3,1.1384,790,0
rep3,1.1385,791,0
rep3,1.1386,792,0
rep3,1.1388,793,0
rep3,1.1393,794,0
rep3,1.1394,795,0
rep3,1.1395,796,0
rep3,1.1396,797,0
rep3,1.1398,798,0
rep3,1.1399,799,0
rep3,1.14,800,0
rep3,1.1402,801,0
rep3,1.1402,802,0
rep3,1.1403,803,0
rep3,1.1411,804,0
rep3,1.1412,805,0
rep3,1.1416,806,0
rep3,1.1417,807,0
rep3,1.142,808,0
rep3,1.142,809,0
rep3,1.1425,810,0
rep3,1.1426,811,0
rep3,1.1427,812,0
rep3,1.143,813,0
rep3,1.1431,814,0
rep3,1.1431,815,0
rep3,1.1432,816,0
rep3,1.1432,817,0
rep3,1.1433,818,0
rep3,1.1434,819,0
rep3,1.1434,820,0
rep3,1.1434,821,0
rep3,1.1436,822,0
rep3,1.1437,823,0
rep3,1.1437,824,0
rep3,1.1439,825,0
rep3,1.1441,826,0
rep3,1.1444,827,0
rep3,1.1446,828,0
rep3,1.1448,829,0
rep3,1.1449,830,0
rep3,1.1451,831,0
rep3,1.1454,832,0
rep3,1.1454,833,0
rep3,1.1454,834,0
rep3,1.1457,835,0
rep3,1.1458,836,0
rep3,1.1459,837,0
rep3,1.1459,838,0
rep3,1.1462,839,0
rep3,1.1463,840,0
rep3,1.1463,841,0
rep3,1.1463,842,0
rep3,1.1464,843,0
rep3,1.1464,844,0
rep3,1.1467,845,0
rep3,1.1468,846,0
rep3,1.1469,847,0
rep3,1.1471,848,0
rep3,1.1473,849,0
rep3,1.1473,850,0
rep3,1.1473,851,0
rep3,1.1475,852,0
rep3,1.1477,853,0
rep3,1.1477,854,0
rep3,1.1477,855,0
rep3,1.1479,856,0
rep3,1.148,857,0
rep3,1.1485,858,0
rep3,1.1486,859,0
rep3,1.1493,860,0
rep3,1.1494,861,0
rep3,1.1496,862,0
rep3,1.1497,863,0
rep3,1.1499,864,0
rep3,1.1499,865,0
rep3,1.15,866,0
rep3,1.1513,867,0
rep3,1.1514,868,0
rep3,1.1517,869,0
rep3,1.1519,870,0
rep3,1.1519,871,0
rep3,1.1524,872,0
rep3,1.1526,873,0
rep3,1.1527,874,0
rep3,1.1527,875,0
rep3,1.1529,876,0
rep3,1.153,877,0
rep3,1.153,878,0
rep3,1.1539,879,0
rep3,1.1539,880,0
rep3,1.1541,881,0
rep3,1.1544,882,0
rep3,1.1545,883,0
rep3,1.1547,884,0
rep3,1.1547,885,0
rep3,1.1553,886,0
rep3,1.1562,887,0
rep3,1.1563,888,0
rep3,1.1564,889,0
rep3,1.1566,890,0
rep3,1.1567,891,0
rep3,1.1568,892,0
rep3,1.1569,893,0
rep3,1.1569,894,0
rep3,1.157,895,0
rep3,1.1571,896,0
rep3,1.1575,897,0
rep3,1.1576,898,0
rep3,1.1579,899,0
rep3,1.1581,900,0
rep3,1.1581,901,0
rep3,1.1582,902,0
rep3,1.1582,903,0
rep3,1.1584,904,0
rep3,1.1587,905,0
rep3,1.1589,906,0
rep3,1.1594,907,0
rep3,1.1596,908,0
rep3,1.1597,909,0
rep3,1.1599,910,0
rep3,1.1599,911,0
rep3,1.1602,912,0
rep3,1.1605,913,0
rep3,1.1608,914,0
rep3,1.1609,915,0
rep3,1.161,916,0
rep3,1.1613,917,0
rep3,1.1613,918,0
rep3,1.1621,919,0
rep3,1.1625,920,0
rep3,1.1625,921,0
rep3,1.1626,922,0
rep3,1.1626,923,0
rep3,1.1628,924,0
rep3,1.1629,925,0
rep3,1.1631,926,0
rep3,1.1632,927,0
rep3,1.1636,928,0
rep3,1.1636,929,0
rep3,1.1637,930,0
rep3,1.1639,931,0
rep3,1.1643,932,0
rep3,1.1649,933,0
rep3,1.1652,934,0
rep3,1.1655,935,0
rep3,1.1663,936,0
rep3,1.1663,937,0
rep3,1.1665,938,0
rep3,1.1667,939,0
rep3,1.1669,940,0
rep3,1.1672,941,0
rep3,1.1674,942,0
rep3,1.1675,943,0
rep3,1.1675,944,0
rep3,1.1681,945,0
rep3,1.1683,946,0
rep3,1.1684,947,0
rep3,1.1686,948,0
rep3,1.1688,949,0
rep3,1.1691,950,0
rep3,1.1692,951,0
rep3,1.1696,952,0
rep3,1.1697,953,0
rep3,1.17,954,0
rep3,1.17,955,0
rep3,1.1705,956,0
rep3,1.1706,957,0
rep3,1.1708,958,0
rep3,1.1708,959,0
rep3,1.171,960,0
rep3,1.1714,961,0
rep3,1.1715,962,0
rep3,1.1716,963,0
rep3,1.1717,964,0
rep3,1.1717,965,0
rep3,1.1717,966,0
rep3,1.172,967,0
rep3,1.1723,968,0
rep3,1.1726,969,0
rep3,1.1727,970,0
rep3,1.1731,971,0
rep3,1.1736,972,0
rep3,1.1736,973,0
rep3,1.1737,974,0
rep3,1.1741,975,0
rep3,1.1741,976,0
rep3,1.1743,977,0
rep3,1.1746,978,0
rep3,1.1748,979,0
rep3,1.1748,980,0
rep3,1.1753,981,0
rep3,1.1753,982,0
rep3,1.1756,983,0
rep3,1.1757,984,0
rep3,1.1759,985,0
rep3,1.1761,986,0
rep3,1.1764,987,0
rep3,1.1764,988,0
rep3,1.1766,989,0
rep3,1.1766,990,0
rep3,1.1769,991,0
rep3,1.1771,992,0
rep3,1.1772,993,0
rep3,1.1775,994,0
rep3,1.1775,995,0
rep3,1.1777,996,0
rep3,1.1778,997,0
rep3,1.1779,998,0
rep3,1.1779,999,0
rep3,1.1781,1000,0
rep3,1.1784,1001,0
rep3,1.1785,1002,0
rep3,1.1786,1003,0
rep3,1.1787,1004,0
rep3,1.1787,1005,0
rep3,1.1788,1006,0
rep3,1.1788,1007,0
rep3,1.1789,1008,0
rep3,1.1792,1009,0
rep3,1.1793,1010,0
rep3,1.1793,1011,0
rep3,1.1793,1012,0
rep3,1.1794,1013,0
rep3,1.1795,1014,0
rep3,1.1798,1015,0
rep3,1.1798,1016,0
rep3,1.1799,1017,0
rep3,1.18,1018,0
rep3,1.18,1019,0
rep3,1.1803,1020,0
rep3,1.1807,1021,0
rep3,1.181,1022,0
rep3,1.1811,1023,0
rep3,1.1812,1024,0
rep3,1.1814,1025,0
rep3,1.1814,1026,0
rep3,1.1816,1027,0
rep3,1.1817,1028,0
rep3,1.1818,1029,0
rep3,1.1821,1030,0
rep3,1.1823,1031,0
rep3,1.1823,1032,0
rep3,1.1825,1033,0
rep3,1.1825,1034,0
rep3,1.1829,1035,0
rep3,1.1833,1036,0
rep3,1.1834,1037,0
rep3,1.1839,1038,0
rep3,1.1839,1039,0
rep3,1.1842,1040,0
rep3,1.1843,1041,0
rep3,1.1843,1042,0
rep3,1.1843,1043,0
rep3,1.1846,1044,0
rep3,1.185,1045,0
rep3,1.1854,1046,0
rep3,1.1857,1047,0
rep3,1.1858,1048,0
rep3,1.1859,1049,0
rep3,1.186,1050,0
rep3,1.1861,1051,0
rep3,1.1862,1052,0
rep3,1.1864,1053,0
rep3,1.1864,1054,0
rep3,1.1865,1055,0
rep3,1.1867,1056,0
rep3,1.1868,1057,0
rep3,1.1868,1058,0
rep3,1.1869,1059,0
rep3,1.1869,1060,0
rep3,1.1869,1061,0
rep3,1.1873,1062,0
rep3,1.1873,1063,0
rep3,1.1874,1064,0
rep3,1.1876,1065,0
rep3,1.188,1066,0
rep3,1.1881,1067,0
rep3,1.1882,1068,0
rep3,1.1883,1069,0
rep3,1.1883,1070,0
rep3,1.1884,1071,0
rep3,1.1884,1072,0
rep3,1.1887,1073,0
rep3,1.1889,1074,0
rep3,1.1889,1075,0
rep3,1.1892,1076,0
rep3,1.1893,1077,0
rep3,1.1894,1078,0
rep3,1.1895,1079,0
rep3,1.1895,1080,0
rep3,1.1896,1081,0
rep3,1.1896,1082,0
rep3,1.1899,1083,0
rep3,1.1903,1084,0
rep3,1.1903,1085,0
rep3,1.1904,1086,0
rep3,1.1907,1087,0
rep3,1.1907,1088,0
rep3,1.1909,1089,0
rep3,1.1912,1090,0
rep3,1.1914,1091,0
rep3,1.1915,1092,0
rep3,1.1915,1093,0
rep3,1.1916,1094,0
rep3,1.1916,1095,0
rep3,1.1917,1096,0
rep3,1.1918,1097,0
rep3,1.1919,1098,0
rep3,1.192,1099,0
rep3,1.193,1100,0
rep3,1.193,1101,0
rep3,1.1931,1102,0
rep3,1.1933,1103,0
rep3,1.1933,1104,0
rep3,1.1933,1105,0
rep3,1.1934,1106,0
rep3,1.1935,1107,0
rep3,1.1936,1108,0
rep3,1.1936,1109,0
rep3,1.1937,1110,0
rep3,1.1937,1111,0
rep3,1.1939,1112,0
rep3,1.194,1113,0
rep3,1.1942,1114,0
rep3,1.1942,1115,0
rep3,1.1943,1116,0
rep3,1.1943,1117,0
rep3,1.1945,1118,0
rep3,1.1945,1119,0
rep3,1.195,1120,0
rep3,1.1951,1121,0
rep3,1.1957,1122,0
rep3,1.1958,1123,0
rep3,1.1959,1124,0
rep3,1.196,1125,0
rep3,1.1961,1126,0
rep3,1.1962,1127,0
rep3,1.1962,1128,0
rep3,1.1965,1129,0
rep3,1.1965,1130,0
rep3,1.1966,1131,0
rep3,1.1967,1132,0
rep3,1.1971,1133,0
rep3,1.1978,1134,0
rep3,1.1981,1135,0
rep3,1.1984,1136,0
rep3,1.199,1137,0
rep3,1.2,1138,0
rep3,1.2004,1139,0
rep3,1.2011,1140,0
rep3,1.2018,1141,0
rep3,1.2019,1142,0
rep3,1.2021,1143,0
rep3,1.2022,1144,0
rep3,1.2024,1145,0
rep3,1.2026,1146,0
rep3,1.2026,1147,0
rep3,1.2028,1148,0
rep3,1.2031,1149,0
rep3,1.2033,1150,0
rep3,1.2033,1151,0
rep3,1.2042,1152,0
rep3,1.2042,1153,0
rep3,1.2048,1154,0
rep3,1.2049,1155,0
rep3,1.205,1156,0
rep3,1.2056,1157,0
rep3,1.2057,1158,0
rep3,1.2058,1159,0
rep3,1.206,1160,0
rep3,1.2065,1161,0
rep3,1.2071,1162,0
rep3,1.2076,1163,0
rep3,1.2077,1164,0
rep3,1.2079,1165,0
rep3,1.208,1166,0
rep3,1.2082,1167,0
rep3,1.2082,1168,0
rep3,1.2083,1169,0
rep3,1.2086,1170,0
rep3,1.2087,1171,0
rep3,1.2089,1172,0
rep3,1.2093,1173,0
rep3,1.2098,1174,0
rep3,1.2098,1175,0
rep3,1.2103,1176,0
rep3,1.2105,1177,0
rep3,1.2106,1178,0
rep3,1.2107,1179,0
rep3,1.2107,1180,0
rep3,1.2108,1181,0
rep3,1.2108,1182,0
rep3,1.211,1183,0
rep3,1.2113,1184,0
rep3,1.2114,1185,0
rep3,1.2116,1186,0
rep3,1.2118,1187,0
rep3,1.212,1188,0
rep3,1.2122,1189,0
rep3,1.2125,1190,0
rep3,1.2127,1191,0
rep3,1.2129,1192,0
rep3,1.213,1193,0
rep3,1.2132,1194,0
rep3,1.2133,1195,0
rep3,1.2133,1196,0
rep3,1.2133,1197,0
rep3,1.2134,1198,0
rep3,1.2135,1199,0
rep3,1.2135,1200,0
rep3,1.2136,1201,0
rep3,1.2138,1202,0
rep3,1.2139,1203,0
rep3,1.214,1204,0
rep3,1.214,1205,0
rep3,1.2141,1206,0
rep3,1.2144,1207,0
rep3,1.2144,1208,0
rep3,1.2145,1209,0
rep3,1.2145,1210,0
rep3,1.2145,1211,0
rep3,1.2147,1212,0
rep3,1.2148,1213,0
rep3,1.215,1214,0
rep3,1.215,1215,0
rep3,1.2151,1216,0
rep3,1.2152,1217,0
rep3,1.2152,1218,0
rep3,1.2156,1219,0
rep3,1.2157,1220,0
rep3,1.2157,1221,0
rep3,1.216,1222,0
rep3,1.2162,1223,0
rep3,1.2162,1224,0
rep3,1.2163,1225,0
rep3,1.2163,1226,0
rep3,1.2164,1227,0
rep3,1.2165,1228,0
rep3,1.217,1229,0
rep3,1.217,1230,0
rep3,1.2172,1231,0
rep3,1.2172,1232,0
rep3,1.2173,1233,0
rep3,1.2174,1234,0
rep3,1.2174,1235,0
rep3,1.2175,1236,0
rep3,1.2175,1237,0
rep3,1.2176,1238,0
rep3,1.2178,1239,0
rep3,1.2187,1240,0
rep3,1.2188,1241,0
rep3,1.219,1242,0
rep3,1.2194,1243,0
rep3,1.2195,1244,0
rep3,1.2204,1245,0
rep3,1.2207,1246,0
rep3,1.2208,1247,0
rep3,1.2209,1248,0
rep3,1.221,1249,0
rep3,1.2212,1250,0
rep3,1.2213,1251,0
rep3,1.2213,1252,0
rep3,1.2215,1253,0
rep3,1.2219,1254,0
rep3,1.2221,1255,0
rep3,1.2223,1256,0
rep3,1.2226,1257,0
rep3,1.2226,1258,0
rep3,1.2227,1259,0
rep3,1.223,1260,0
rep3,1.2231,1261,0
rep3,1.2232,1262,0
rep3,1.2232,1263,0
rep3,1.2233,1264,0
rep3,1.2236,1265,0
rep3,1.2236,1266,0
rep3,1.2238,1267,0
rep3,1.2241,1268,0
rep3,1.2241,1269,0
rep3,1.2243,1270,0
rep3,1.2246,1271,0
rep3,1.2248,1272,0
rep3,1.2252,1273,0
rep3,1.2253,1274,0
rep3,1.2256,1275,0
rep3,1.2256,1276,0
rep3,1.2259,1277,0
rep3,1.2259,1278,0
rep3,1.2259,1279,0
rep3,1.226,1280,0
rep3,1.2262,1281,0
rep3,1.2263,1282,0
rep3,1.2271,1283,0
rep3,1.2271,1284,0
rep3,1.2273,1285,0
rep3,1.2274,1286,0
rep3,1.2277,1287,0
rep3,1.2278,1288,0
rep3,1.2278,1289,0
rep3,1.2279,1290,0
rep3,1.228,1291,0
rep3,1.2283,1292,0
rep3,1.2284,1293,0
rep3,1.2286,1294,0
rep3,1.2286,1295,0
rep3,1.2286,1296,0
rep3,1.2288,1297,0
rep3,1.2289,1298,0
rep3,1.229,1299,0
rep3,1.229,1300,0
rep3,1.2292,1301,0
rep3,1.2299,1302,0
rep3,1.23,1303,0
rep3,1.2305,1304,0
rep3,1.2305,1305,0
rep3,1.2306,1306,0
rep3,1.2308,1307,0
rep3,1.2308,1308,0
rep3,1.231,1309,0
rep3,1.2327,1310,0
rep3,1.233,1311,0
rep3,1.2331,1312,0
rep3,1.2331,1313,0
rep3,1.2333,1314,0
rep3,1.2334,1315,0
rep3,1.2339,1316,0
rep3,1.2339,1317,0
rep3,1.2343,1318,0
rep3,1.2344,1319,0
rep3,1.2345,1320,0
rep3,1.2347,1321,0
rep3,1.2349,1322,0
rep3,1.2351,1323,0
rep3,1.2352,1324,0
rep3,1.2356,1325,0
rep3,1.2357,1326,0
rep3,1.2363,1327,0
rep3,1.2364,1328,0
rep3,1.237,1329,0
rep3,1.2371,1330,0
rep3,1.2371,1331,0
rep3,1.2371,1332,0
rep3,1.2372,1333,0
rep3,1.2373,1334,0
rep3,1.238,1335,0
rep3,1.2382,1336,0
rep3,1.2383,1337,0
rep3,1.2385,1338,0
rep3,1.2386,1339,0
rep3,1.2386,1340,0
rep3,1.239,1341,0
rep3,1.2393,1342,0
rep3,1.2393,1343,0
rep3,1.2396,1344,0
rep3,1.2397,1345,0
rep3,1.2398,1346,0
rep3,1.24,1347,0
rep3,1.2403,1348,0
rep3,1.2408,1349,0
rep3,1.2408,1350,0
rep3,1.2414,1351,0
rep3,1.2415,1352,0
rep3,1.2415,1353,0
rep3,1.2416,1354,0
rep3,1.242,1355,0
rep3,1.242,1356,0
rep3,1.2424,1357,0
rep3,1.2426,1358,0
rep3,1.2426,1359,0
rep3,1.2427,1360,0
rep3,1.2427,1361,0
rep3,1.2427,1362,0
rep3,1.2432,1363,0
rep3,1.2434,1364,0
rep3,1.2434,1365,0
rep3,1.2435,1366,0
rep3,1.2435,1367,0
rep3,1.2438,1368,0
rep3,1.2439,1369,0
rep3,1.244,1370,0
rep3,1.2441,1371,0
rep3,1.2442,1372,0
rep3,1.2447,1373,0
rep3,1.2452,1374,0
rep3,1.2455,1375,0
rep3,1.2455,1376,0
rep3,1.2456,1377,0
rep3,1.246,1378,0
rep3,1.2463,1379,0
rep3,1.2471,1380,0
rep3,1.2471,1381,0
rep3,1.2473,1382,0
rep3,1.2475,1383,0
rep3,1.2481,1384,0
rep3,1.2483,1385,0
rep3,1.2484,1386,0
rep3,1.2487,1387,0
rep3,1.249,1388,0
rep3,1.2491,1389,0
rep3,1.2495,1390,0
rep3,1.2499,1391,0
rep3,1.2502,1392,0
rep3,1.2503,1393,0
rep3,1.2506,1394,0
rep3,1.2507,1395,0
rep3,1.2508,1396,0
rep3,1.2511,1397,0
rep3,1.2511,1398,0
rep3,1.2514,1399,0
rep3,1.2519,1400,0
rep3,1.2522,1401,0
rep3,1.2524,1402,0
rep3,1.2524,1403,0
rep3,1.2527,1404,0
rep3,1.2527,1405,0
rep3,1.2534,1406,0
rep3,1.254,1407,0
rep3,1.254,1408,0
rep3,1.2543,1409,0
rep3,1.2547,1410,0
rep3,1.2547,1411,0
rep3,1.2552,1412,0
rep3,1.2557,1413,0
rep3,1.2557,1414,0
rep3,1.2559,1415,0
rep3,1.2566,1416,0
rep3,1.2567,1417,0
rep3,1.2568,1418,0
rep3,1.257,1419,0
rep3,1.2571,1420,0
rep3,1.2576,1421,0
rep3,1.2576,1422,0
rep3,1.2578,1423,0
rep3,1.2579,1424,0
rep3,1.2589,1425,0
rep3,1.2592,1426,0
rep3,1.2594,1427,0
rep3,1.2602,1428,0
rep3,1.2603,1429,0
rep3,1.2607,1430,0
rep3,1.2607,1431,0
rep3,1.2608,1432,0
rep3,1.2608,1433,0
rep3,1.2608,1434,0
rep3,1.2609,1435,0
rep3,1.2611,1436,0
rep3,1.2614,1437,0
rep3,1.2616,1438,0
rep3,1.2617,1439,0
rep3,1.2618,1440,0
rep3,1.2622,1441,0
rep3,1.2626,1442,0
rep3,1.2627,1443,0
rep3,1.2629,1444,0
rep3,1.2636,1445,0
rep3,1.2636,1446,0
rep3,1.2638,1447,0
rep3,1.2642,1448,0
rep3,1.2646,1449,0
rep3,1.2648,1450,0
rep3,1.2651,1451,0
rep3,1.2653,1452,0
rep3,1.2661,1453,0
rep3,1.2662,1454,0
rep3,1.2663,1455,0
rep3,1.2664,1456,0
rep3,1.2665,1457,0
rep3,1.2665,1458,0
rep3,1.2665,1459,0
rep3,1.2672,1460,0
rep3,1.2672,1461,0
rep3,1.2673,1462,0
rep3,1.2673,1463,0
rep3,1.2674,1464,0
rep3,1.2674,1465,0
rep3,1.2683,1466,0
rep3,1.2694,1467,0
rep3,1.2697,1468,0
rep3,1.2699,1469,0
rep3,1.2699,1470,0
rep3,1.27,1471,0
rep3,1.27,1472,0
rep3,1.2701,1473,0
rep3,1.2701,1474,0
rep3,1.2705,1475,0
rep3,1.2707,1476,0
rep3,1.271,1477,0
rep3,1.2717,1478,0
rep3,1.2717,1479,0
rep3,1.2721,1480,0
rep3,1.2722,1481,0
rep3,1.2723,1482,0
rep3,1.2726,1483,0
rep3,1.2727,1484,0
rep3,1.2732,1485,0
rep3,1.2737,1486,0
rep3,1.2737,1487,0
rep3,1.2738,1488,0
rep3,1.2738,1489,0
rep3,1.2739,1490,0
rep3,1.274,1491,0
rep3,1.2747,1492,0
rep3,1.2748,1493,0
rep3,1.2749,1494,0
rep3,1.2753,1495,0
rep3,1.2755,1496,0
rep3,1.2763,1497,0
rep3,1.277,1498,0
rep3,1.277,1499,0
rep3,1.2771,1500,0
rep3,1.2774,1501,0
rep3,1.2775,1502,0
rep3,1.2775,1503,0
rep3,1.2776,1504,0
rep3,1.278,1505,0
rep3,1.2781,1506,0
rep3,1.2782,1507,0
rep3,1.2783,1508,0
rep3,1.2786,1509,0
rep3,1.2788,1510,0
rep3,1.2789,1511,0
rep3,1.279,1512,0
rep3,1.2791,1513,0
rep3,1.2791,1514,0
rep3,1.2792,1515,0
rep3,1.2792,1516,0
rep3,1.2793,1517,0
rep3,1.2794,1518,0
rep3,1.2797,1519,0
rep3,1.28,1520,0
rep3,1.2806,1521,0
rep3,1.2809,1522,0
rep3,1.2811,1523,0
rep3,1.2813,1524,0
rep3,1.2815,1525,0
rep3,1.2818,1526,0
rep3,1.2818,1527,0
rep3,1.2822,1528,0
rep3,1.2824,1529,0
rep3,1.2826,1530,0
rep3,1.2831,1531,0
rep3,1.2834,1532,0
rep3,1.2841,1533,0
rep3,1.2845,1534,0
rep3,1.285,1535,0
rep3,1.2851,1536,0
rep3,1.2852,1537,0
rep3,1.2853,1538,0
rep3,1.2855,1539,0
rep3,1.2858,1540,0
rep3,1.2859,1541,0
rep3,1.286,1542,0
rep3,1.2862,1543,0
rep3,1.2863,1544,0
rep3,1.2865,1545,0
rep3,1.2865,1546,0
rep3,1.2865,1547,0
rep3,1.2866,1548,0
rep3,1.2866,1549,0
rep3,1.2867,1550,0
rep3,1.2871,1551,0
rep3,1.2871,1552,0
rep3,1.2875,1553,0
rep3,1.2878,1554,0
rep3,1.2879,1555,0
rep3,1.2881,1556,0
rep3,1.2883,1557,0
rep3,1.2889,1558,0
rep3,1.2893,1559,0
rep3,1.2894,1560,0
rep3,1.2897,1561,0
rep3,1.2899,1562,0
rep3,1.29,1563,0
rep3,1.2902,1564,0
rep3,1.2902,1565,0
rep3,1.2906,1566,0
rep3,1.2909,1567,0
rep3,1.2911,1568,0
rep3,1.292,1569,0
rep3,1.2921,1570,0
rep3,1.2924,1571,0
rep3,1.2933,1572,0
rep3,1.2935,1573,0
rep3,1.2936,1574,0
rep3,1.2937,1575,0
rep3,1.2947,1576,0
rep3,1.2948,1577,0
rep3,1.2949,1578,0
rep3,1.2956,1579,0
rep3,1.2957,1580,0
rep3,1.2958,1581,0
rep3,1.2958,1582,0
rep3,1.2959,1583,0
rep3,1.2961,1584,0
rep3,1.2963,1585,0
rep3,1.2973,1586,0
rep3,1.2977,1587,0
rep3,1.2978,1588,0
rep3,1.298,1589,0
rep3,1.298,1590,0
rep3,1.2982,1591,0
rep3,1.2982,1592,0
rep3,1.2986,1593,0
rep3,1.2986,1594,0
rep3,1.2987,1595,0
rep3,1.2991,1596,0
rep3,1.2993,1597,0
rep3,1.3003,1598,0
rep3,1.3004,1599,0
rep3,1.3008,1600,0
rep3,1.3009,1601,0
rep3,1.3012,1602,0
rep3,1.3016,1603,0
rep3,1.3017,1604,0
rep3,1.3028,1605,0
rep3,1.3029,1606,0
rep3,1.3033,1607,0
rep3,1.3034,1608,0
rep3,1.3047,1609,0
rep3,1.3047,1610,0
rep3,1.3052,1611,0
rep3,1.3053,1612,0
rep3,1.3054,1613,0
rep3,1.3054,1614,0
rep3,1.3058,1615,0
rep3,1.3061,1616,0
rep3,1.3065,1617,0
rep3,1.3065,1618,0
rep3,1.3072,1619,0
rep3,1.3074,1620,0
rep3,1.3079,1621,0
rep3,1.3084,1622,0
rep3,1.3091,1623,0
rep3,1.3093,1624,0
rep3,1.3094,1625,0
rep3,1.3096,1626,0
rep3,1.3097,1627,0
rep3,1.3104,1628,0
rep3,1.3105,1629,0
rep3,1.3107,1630,0
rep3,1.3107,1631,0
rep3,1.3108,1632,0
rep3,1.311,1633,0
rep3,1.311,1634,0
rep3,1.3113,1635,0
rep3,1.3113,1636,0
rep3,1.3114,1637,0
rep3,1.3118,1638,0
rep3,1.3119,1639,0
rep3,1.3122,1640,0
rep3,1.3127,1641,0
rep3,1.3129,1642,0
rep3,1.3136,1643,0
rep3,1.3145,1644,0
rep3,1.3147,1645,0
rep3,1.315,1646,0
rep3,1.3153,1647,0
rep3,1.3155,1648,0
rep3,1.3164,1649,0
rep3,1.3164,1650,0
rep3,1.3169,1651,0
rep3,1.3174,1652,0
rep3,1.3176,1653,0
rep3,1.3176,1654,0
rep3,1.3184,1655,0
rep3,1.3185,1656,0
rep3,1.3185,1657,0
rep3,1.3191,1658,0
rep3,1.3191,1659,0
rep3,1.3193,1660,0
rep3,1.3194,1661,0
rep3,1.3196,1662,0
rep3,1.3196,1663,0
rep3,1.3198,1664,0
rep3,1.32,1665,0
rep3,1.3201,1666,0
rep3,1.3206,1667,0
rep3,1.3208,1668,0
rep3,1.3212,1669,0
rep3,1.322,1670,0
rep3,1.3225,1671,0
rep3,1.3226,1672,0
rep3,1.3226,1673,0
rep3,1.3228,1674,0
rep3,1.3232,1675,0
rep3,1.3235,1676,0
rep3,1.3236,1677,0
rep3,1.3236,1678,0
rep3,1.3237,1679,0
rep3,1.3237,1680,0
rep3,1.3245,1681,0
rep3,1.3248,1682,0
rep3,1.325,1683,0
rep3,1.3254,1684,0
rep3,1.3256,1685,0
rep3,1.3259,1686,0
rep3,1.3263,1687,0
rep3,1.3265,1688,0
rep3,1.3265,1689,0
rep3,1.3267,1690,0
rep3,1.3271,1691,0
rep3,1.3272,1692,0
rep3,1.3276,1693,0
rep3,1.3281,1694,0
rep3,1.3289,1695,0
rep3,1.3289,1696,0
rep3,1.3301,1697,0
rep3,1.3302,1698,0
rep3,1.3302,1699,0
rep3,1.3304,1700,0
rep3,1.3307,1701,0
rep3,1.3307,1702,0
rep3,1.3308,1703,0
rep3,1.3312,1704,0
rep3,1.3326,1705,0
rep3,1.3333,1706,0
rep3,1.3341,1707,0
rep3,1.3343,1708,0
rep3,1.3345,1709,0
rep3,1.3347,1710,0
rep3,1.3348,1711,0
rep3,1.335,1712,0
rep3,1.3357,1713,0
rep3,1.3357,1714,0
rep3,1.3358,1715,0
rep3,1.3359,1716,0
rep3,1.3363,1717,0
rep3,1.3363,1718,0
rep3,1.3363,1719,0
rep3,1.3371,1720,0
rep3,1.3373,1721,0
rep3,1.3378,1722,0
rep3,1.338,1723,0
rep3,1.3385,1724,0
rep3,1.3388,1725,0
rep3,1.3388,1726,0
rep3,1.3392,1727,0
rep3,1.3393,1728,0
rep3,1.3393,1729,0
rep3,1.3398,1730,0
rep3,1.3401,1731,0
rep3,1.3407,1732,0
rep3,1.3411,1733,0
rep3,1.3416,1734,0
rep3,1.3416,1735,0
rep3,1.3422,1736,0
rep3,1.3427,1737,0
rep3,1.3428,1738,0
rep3,1.3429,1739,0
rep3,1.343,1740,0
rep3,1.3433,1741,0
rep3,1.3436,1742,0
rep3,1.3438,1743,0
rep3,1.3439,1744,0
rep3,1.3439,1745,0
rep3,1.3441,1746,0
rep3,1.3442,1747,0
rep3,1.345,1748,0
rep3,1.3452,1749,0
rep3,1.3456,1750,0
rep3,1.3462,1751,0
rep3,1.3462,1752,0
rep3,1.3464,1753,0
rep3,1.3468,1754,0
rep3,1.3476,1755,0
rep3,1.3476,1756,0
rep3,1.3485,1757,0
rep3,1.3487,1758,0
rep3,1.3492,1759,0
rep3,1.3493,1760,0
rep3,1.3496,1761,0
rep3,1.3497,1762,0
rep3,1.3501,1763,0
rep3,1.3501,1764,0
rep3,1.3505,1765,0
rep3,1.3507,1766,0
rep3,1.3511,1767,0
rep3,1.3515,1768,0
rep3,1.3518,1769,0
rep3,1.3527,1770,0
rep3,1.353,1771,0
rep3,1.353,1772,0
rep3,1.3532,1773,0
rep3,1.3538,1774,0
rep3,1.3542,1775,0
rep3,1.3547,1776,0
rep3,1.3553,1777,0
rep3,1.3555,1778,0
rep3,1.3559,1779,0
rep3,1.3559,1780,0
rep3,1.3565,1781,0
rep3,1.3575,1782,0
rep3,1.3576,1783,0
rep3,1.3578,1784,0
rep3,1.3588,1785,0
rep3,1.3592,1786,0
rep3,1.3595,1787,0
rep3,1.36,1788,0
rep3,1.3606,1789,0
rep3,1.361,1790,0
rep3,1.3613,1791,0
rep3,1.3614,1792,0
rep3,1.3616,1793,0
rep3,1.3618,1794,0
rep3,1.362,1795,0
rep3,1.3622,1796,0
rep3,1.3624,1797,0
rep3,1.363,1798,0
rep3,1.3632,1799,0
rep3,1.3638,1800,0
rep3,1.3641,1801,0
rep3,1.3643,1802,0
rep3,1.3644,1803,0
rep3,1.3647,1804,0
rep3,1.3651,1805,0
rep3,1.3655,1806,0
rep3,1.3657,1807,0
rep3,1.366,1808,0
rep3,1.3663,1809,0
rep3,1.367,1810,0
rep3,1.367,1811,0
rep3,1.3672,1812,0
rep3,1.3673,1813,0
rep3,1.3675,1814,0
rep3,1.3677,1815,0
rep3,1.3682,1816,0
rep3,1.3685,1817,0
rep3,1.3686,1818,0
rep3,1.3688,1819,0
rep3,1.3688,1820,0
rep3,1.3689,1821,0
rep3,1.3689,1822,0
rep3,1.3702,1823,0
rep3,1.3703,1824,0
rep3,1.3703,1825,0
rep3,1.3707,1826,0
rep3,1.3708,1827,0
rep3,1.371,1828,0
rep3,1.3712,1829,0
rep3,1.3727,1830,0
rep3,1.3728,1831,0
rep3,1.374,1832,0
rep3,1.3747,1833,0
rep3,1.375,1834,0
rep3,1.3752,1835,0
rep3,1.3759,1836,0
rep3,1.3764,1837,0
rep3,1.3764,1838,0
rep3,1.3767,1839,0
rep3,1.3773,1840,0
rep3,1.3775,1841,0
rep3,1.3776,1842,0
rep3,1.3779,1843,0
rep3,1.3782,1844,0
rep3,1.3784,1845,0
rep3,1.3784,1846,0
rep3,1.3794,1847,0
rep3,1.3797,1848,0
rep3,1.3798,1849,0
rep3,1.3801,1850,0
rep3,1.3803,1851,0
rep3,1.3808,1852,0
rep3,1.381,1853,0
rep3,1.3816,1854,0
rep3,1.3819,1855,0
rep3,1.3827,1856,0
rep3,1.3831,1857,0
rep3,1.3846,1858,0
rep3,1.3856,1859,0
rep3,1.3859,1860,0
rep3,1.3859,1861,0
rep3,1.3863,1862,0
rep3,1.388,1863,0
rep3,1.3885,1864,0
rep3,1.3892,1865,0
rep3,1.39,1866,0
rep3,1.3902,1867,0
rep3,1.3923,1868,0
rep3,1.3925,1869,0
rep3,1.3931,1870,0
rep3,1.3944,1871,0
rep3,1.3944,1872,0
rep3,1.3947,1873,0
rep3,1.3951,1874,0
rep3,1.3959,1875,0
rep3,1.396,1876,0
rep3,1.3966,1877,0
rep3,1.3966,1878,0
rep3,1.3976,1879,0
rep3,1.3978,1880,0
rep3,1.4018,1881,0
rep3,1.4021,1882,0
rep3,1.4029,1883,0
rep3,1.4041,1884,0
rep3,1.4046,1885,0
rep3,1.4059,1886,0
rep3,1.406,1887,0
rep3,1.4075,1888,0
rep3,1.4077,1889,0
rep3,1.4078,1890,0
rep3,1.4079,1891,0
rep3,1.4085,1892,0
rep3,1.4086,1893,0
rep3,1.411,1894,0
rep3,1.4114,1895,0
rep3,1.4114,1896,0
rep3,1.4126,1897,0
rep3,1.4126,1898,0
rep3,1.4126,1899,0
rep3,1.4131,1900,0
rep3,1.4145,1901,0
rep3,1.4145,1902,0
rep3,1.415,1903,0
rep3,1.4151,1904,0
rep3,1.4163,1905,0
rep3,1.4176,1906,0
rep3,1.4181,1907,0
rep3,1.4181,1908,0
rep3,1.419,1909,0
rep3,1.4191,1910,0
rep3,1.4197,1911,0
rep3,1.421,1912,0
rep3,1.4211,1913,0
rep3,1.4225,1914,0
rep3,1.4239,1915,0
rep3,1.4241,1916,0
rep3,1.4286,1917,0
rep3,1.4302,1918,0
rep3,1.4308,1919,0
rep3,1.4321,1920,0
rep3,1.4321,1921,0
rep3,1.4327,1922,0
rep3,1.4336,1923,0
rep3,1.4347,1924,0
rep3,1.4349,1925,0
rep3,1.4364,1926,0
rep3,1.438,1927,0
rep3,1.4382,1928,0
rep3,1.4414,1929,0
rep3,1.442,1930,0
rep3,1.4424,1931,0
rep3,1.4434,1932,0
rep3,1.4443,1933,0
rep3,1.4448,1934,0
rep3,1.4465,1935,0
rep3,1.4475,1936,0
rep3,1.4478,1937,0
rep3,1.4482,1938,0
rep3,1.4487,1939,0
rep3,1.4488,1940,0
rep3,1.4522,1941,0
rep3,1.4522,1942,0
rep3,1.4525,1943,0
rep3,1.4528,1944,0
rep3,1.4532,1945,0
rep3,1.4551,1946,0
rep3,1.4554,1947,0
rep3,1.4558,1948,0
rep3,1.4594,1949,0
rep3,1.4597,1950,0
rep3,1.4612,1951,0
rep3,1.4617,1952,0
rep3,1.463,1953,0
rep3,1.4639,1954,0
rep3,1.4639,1955,0
rep3,1.4653,1956,0
rep3,1.4658,1957,0
rep3,1.4658,1958,0
rep3,1.4672,1959,0
rep3,1.4674,1960,0
rep3,1.4689,1961,0
rep3,1.4729,1962,0
rep3,1.473,1963,0
rep3,1.4732,1964,0
rep3,1.478,1965,0
rep3,1.4816,1966,0
rep3,1.4829,1967,0
rep3,1.4838,1968,0
rep3,1.4864,1969,0
rep3,1.4867,1970,0
rep3,1.4905,1971,0
rep3,1.4922,1972,0
rep3,1.4935,1973,0
rep3,1.4956,1974,0
rep3,1.4968,1975,0
rep3,1.4992,1976,0
rep3,1.4997,1977,0
rep3,1.5006,1978,0
rep3,1.5008,1979,0
rep3,1.5026,1980,0
rep3,1.5084,1981,0
rep3,1.5106,1982,0
rep3,1.511,1983,0
rep3,1.5128,1984,0
rep3,1.5138,1985,0
rep3,1.5141,1986,0
rep3,1.5144,1987,0
rep3,1.5163,1988,0
rep3,1.5188,1989,0
rep3,1.5247,1990,0
rep3,1.5255,1991,0
rep3,1.5256,1992,0
rep3,1.5259,1993,0
rep3,1.5275,1994,0
rep3,1.5301,1995,0
rep3,1.5319,1996,0
rep3,1.5334,1997,0
rep3,1.5371,1998,0
rep3,1.538,1999,0
rep3,1.5387,2000,0
rep3,1.5413,2001,0
rep3,1.5416,2002,0
rep3,1.543,2003,0
rep3,1.5464,2004,0
rep3,1.5518,2005,0
rep3,1.553,2006,0
rep3,1.5536,2007,0
rep3,1.575,2008,0
rep3,1.578,2009,0
rep3,1.5781,2010,0
rep3,1.5823,2011,0
rep3,1.5829,2012,0
rep3,1.5863,2013,0
rep3,1.6003,2014,0
rep3,1.6028,2015,0
rep3,1.6065,2016,0
rep3,1.61,2017,0
rep3,1.6259,2018,0
rep3,1.6284,2019,0
rep3,1.6306,2020,0
rep3,1.6548,2021,0
rep3,1.6576,2022,0
rep3,1.6682,2023,0
rep3,1.6848,2024,0
rep3,1.6974,2025,0
rep3,1.7085,2026,0
rep3,1.7154,2027,0
rep3,1.7155,2028,0
rep3,1.7261,2029,0
rep3,1.7791,2030,0
rep3,1.8151,2031,0
rep3,1.8586,2032,0
rep3,1.9054,2033,0
rep3,2.0177,2034,0
rep3,2.0442,2035,0
rep3,2.0447,2036,0
rep3,2.0448,2037,0
rep3,2.0461,2038,0
rep3,2.0463,2039,0
rep3,2.0473,2040,0
rep3,2.0484,2041,0
rep3,2.0491,2042,0
rep3,2.0492,2043,0
rep3,2.0527,2044,0
rep3,2.0529,2045,0
rep3,2.0586,2046,0
rep3,2.063,2047,0
rep3,2.0631,2048,0
rep3,2.0705,2049,0
rep3,2.0771,2050,0
rep3,2.0776,2051,0
rep3,2.078,2052,0
rep3,2.078,2053,0
rep3,2.0783,2054,0
rep3,2.0783,2055,0
rep3,2.0785,2056,0
rep3,2.0785,2057,0
rep3,2.0787,2058,0
rep3,2.0789,2059,0
rep3,2.0789,2060,0
rep3,2.0789,2061,0
rep3,2.079,2062,0
rep3,2.0796,2063,0
rep3,2.0801,2064,0
rep3,2.0802,2065,0
rep3,2.0812,2066,0
rep3,2.0814,2067,0
rep3,2.0814,2068,0
rep3,2.082,2069,0
rep3,2.0823,2070,0
rep3,2.0829,2071,0
rep3,2.083,2072,0
rep3,2.0832,2073,0
rep3,2.0839,2074,0
rep3,2.0842,2075,0
rep3,2.0845,2076,0
rep3,2.0846,2077,0
rep3,2.0848,2078,0
rep3,2.086,2079,0
rep3,2.0861,2080,0
rep3,2.0862,2081,0
rep3,2.087,2082,0
rep3,2.0873,2083,0
rep3,2.0873,2084,0
rep3,2.0875,2085,0
rep3,2.0896,2086,0
rep3,2.0899,2087,0
rep3,2.0912,2088,0
rep3,2.0915,2089,0
rep3,2.0916,2090,0
rep3,2.0916,2091,0
rep3,2.0926,2092,0
rep3,2.0928,2093,0
rep3,2.0933,2094,0
rep3,2.0943,2095,0
rep3,2.0947,2096,0
rep3,2.0956,2097,0
rep3,2.0966,2098,0
rep3,2.1021,2099,0
rep3,2.1036,2100,0
rep3,2.1066,2101,0
rep3,2.1102,2102,0
rep3,2.1105,2103,0
rep3,2.111,2104,0
rep3,2.1115,2105,0
rep3,2.1117,2106,0
rep3,2.1125,2107,0
rep3,2.1126,2108,0
rep3,2.1132,2109,0
rep3,2.1142,2110,0
rep3,2.1146,2111,0
rep3,2.1157,2112,0
rep3,2.1158,2113,0
rep3,2.1166,2114,0
rep3,2.1171,2115,0
rep3,2.1172,2116,0
rep3,2.119,2117,0
rep3,2.1192,2118,0
rep3,2.1202,2119,0
rep3,2.1216,2120,0
rep3,2.122,2121,0
rep3,2.1231,2122,0
rep3,2.1246,2123,0
rep3,2.1272,2124,0
rep3,2.1303,2125,0
rep3,2.1305,2126,0
rep3,2.1337,2127,0
rep3,2.1431,2128,0
rep3,2.1477,2129,0
rep3,2.1478,2130,0
rep3,2.1485,2131,0
rep3,2.1488,2132,0
rep3,2.1489,2133,0
rep3,2.1509,2134,0
rep3,2.1515,2135,0
rep3,2.1532,2136,0
rep3,2.1536,2137,0
rep3,2.1546,2138,0
rep3,2.155,2139,0
rep3,2.1552,2140,0
rep3,2.1562,2141,0
rep3,2.1568,2142,0
rep3,2.1588,2143,0
rep3,2.1595,2144,0
rep3,2.1639,2145,0
rep3,2.1651,2146,0
rep3,2.1654,2147,0
rep3,2.1656,2148,0
rep3,2.1659,2149,0
rep3,2.1703,2150,0
rep3,2.1707,2151,0
rep3,2.171,2152,0
rep3,2.1764,2153,0
rep3,2.1787,2154,0
rep3,2.1788,2155,0
rep3,2.1813,2156,0
rep3,2.1829,2157,0
rep3,2.1829,2158,0
rep3,2.1843,2159,0
rep3,2.1861,2160,0
rep3,2.1867,2161,0
rep3,2.187,2162,0
rep3,2.1874,2163,0
rep3,2.1878,2164,0
rep3,2.1919,2165,0
rep3,2.1921,2166,0
rep3,2.193,2167,0
rep3,2.193,2168,0
rep3,2.1945,2169,0
rep3,2.1956,2170,0
rep3,2.1956,2171,0
rep3,2.1963,2172,0
rep3,2.1986,2173,0
rep3,2.1989,2174,0
rep3,2.2002,2175,0
rep3,2.2029,2176,0
rep3,2.203,2177,0
rep3,2.2034,2178,0
rep3,2.2041,2179,0
rep3,2.2074,2180,0
rep3,2.2085,2181,0
rep3,2.2112,2182,0
rep3,2.2118,2183,0
rep3,2.2124,2184,0
rep3,2.2124,2185,0
rep3,2.213,2186,0
rep3,2.2135,2187,0
rep3,2.2144,2188,0
rep3,2.215,2189,0
rep3,2.2154,2190,0
rep3,2.2164,2191,0
rep3,2.2177,2192,0
rep3,2.2207,2193,0
rep3,2.2213,2194,0
rep3,2.2214,2195,0
rep3,2.223,2196,0
rep3,2.2253,2197,0
rep3,2.2262,2198,0
