rep,t_over_ttl,cum_rehold,cum_duplicate
rep1,1.0097,1,0
rep1,1.0097,2,0
rep1,1.0097,3,0
rep1,1.0097,4,0
rep1,1.0098,5,0
rep1,1.0099,6,0
rep1,1.0099,7,0
rep1,1.01,8,0
rep1,1.0101,9,0
rep1,1.0101,10,0
rep1,1.0101,11,0
rep1,1.0102,12,0
rep1,1.0102,13,0
rep1,1.0102,14,0
rep1,1.0103,15,0
rep1,1.0103,16,0
rep1,1.0103,17,0
rep1,1.0104,18,0
rep1,1.0104,19,0
rep1,1.0104,20,0
rep1,1.0105,21,0
rep1,1.0105,22,0
rep1,1.0105,23,0
rep1,1.0106,24,0
rep1,1.0106,25,0
rep1,1.0106,26,0
rep1,1.0106,27,0
rep1,1.0108,28,0
rep1,1.0108,29,0
rep1,1.0109,30,0
rep1,1.011,31,0
rep1,1.011,32,0
rep1,1.0111,33,0
rep1,1.0111,34,0
rep1,1.0112,35,0
rep1,1.0112,36,0
rep1,1.0113,37,0
rep1,1.0113,38,0
rep1,1.0114,39,0
rep1,1.0115,40,0
rep1,1.0115,41,0
rep1,1.0116,42,0
rep1,1.0116,43,0
rep1,1.0116,44,0
rep1,1.0116,45,0
rep1,1.0117,46,0
rep1,1.0118,47,0
rep1,1.0118,48,0
rep1,1.0119,49,0
rep1,1.0119,50,0
rep1,1.012,51,0
rep1,1.012,52,0
rep1,1.012,53,0
rep1,1.0121,54,0
rep1,1.0122,55,0
rep1,1.0123,56,0
rep1,1.0123,57,0
rep1,1.0124,58,0
rep1,1.0124,59,0
rep1,1.0125,60,0
rep1,1.0125,61,0
rep1,1.0126,62,0
rep1,1.0127,63,0
rep1,1.0128,64,0
rep1,1.0128,65,0
rep1,1.0129,66,0
rep1,1.0129,67,0
rep1,1.013,68,0
rep1,1.013,69,0
rep1,1.0131,70,0
rep1,1.0131,71,0
rep1,1.0131,72,0
rep1,1.0132,73,0
rep1,1.0132,74,0
rep1,1.0135,75,0
rep1,1.0135,76,0
rep1,1.0137,77,0
rep1,1.0138,78,0
rep1,1.0138,79,0
rep1,1.0139,80,0
rep1,1.0141,81,0
rep1,1.0142,82,0
rep1,1.0143,83,0
rep1,1.0145,84,0
rep1,1.0145,85,0
rep1,1.0146,86,0
rep1,1.0147,87,0
rep1,1.0148,88,0
rep1,1.0149,89,0
rep1,1.015,90,0
rep1,1.015,91,0
rep1,1.0152,92,0
rep1,1.0154,93,0
rep1,1.0155,94,0
rep1,1.0156,95,0
rep1,1.0157,96,0
rep1,1.0157,97,0
rep1,1.0158,98,0
rep1,1.0161,99,0
rep1,1.0162,100,0
rep1,1.0162,101,0
rep1,1.0163,102,0
rep1,1.0166,103,0
rep1,1.0167,104,0
rep1,1.0168,105,0
rep1,1.0168,106,0
rep1,1.017,107,0
rep1,1.0172,108,0
rep1,1.0176,109,0
rep1,1.0176,110,0
rep1,1.0177,111,0
rep1,1.0178,112,0
rep1,1.0179,113,0
rep1,1.0181,114,0
rep1,1.0183,115,0
rep1,1.0183,116,0
rep1,1.0184,117,0
rep1,1.0185,118,0
rep1,1.0185,119,0
rep1,1.0186,120,0
rep1,1.0188,121,0
rep1,1.0188,122,0
rep1,1.019,123,0
rep1,1.0191,124,0
rep1,1.0191,125,0
rep1,1.0193,126,0
rep1,1.0194,127,0
rep1,1.0197,128,0
rep1,1.02,129,0
rep1,1.02,130,0
rep1,1.0201,131,0
rep1,1.0203,132,0
rep1,1.0204,133,0
rep1,1.0204,134,0
rep1,1.0205,135,0
rep1,1.0208,136,0
rep1,1.0213,137,0
rep1,1.0214,138,0
rep1,1.0214,139,0
rep1,1.0215,140,0
rep1,1.0215,141,0
rep1,1.0216,142,0
rep1,1.0217,143,0
rep1,1.0217,144,0
rep1,1.0221,145,0
rep1,1.0222,146,0
rep1,1.0224,147,0
rep1,1.0225,148,0
rep1,1.023,149,0
rep1,1.0238,150,0
rep1,1.0244,151,0
rep1,1.0244,152,0
rep1,1.0246,153,0
rep1,1.0247,154,0
rep1,1.025,155,0
rep1,1.0252,156,0
rep1,1.0253,157,0
rep1,1.0254,158,0
rep1,1.0254,159,0
rep1,1.0257,160,0
rep1,1.026,161,0
rep1,1.0269,162,0
rep1,1.0269,163,0
rep1,1.0277,164,0
rep1,1.0281,165,0
rep1,1.0282,166,0
rep1,1.0287,167,0
rep1,1.0289,168,0
rep1,1.0291,169,0
rep1,1.03,170,0
rep1,1.0305,171,0
rep1,1.0318,172,0
rep1,1.0329,173,0
rep1,1.0333,174,0
rep1,1.0337,175,0
rep1,1.0358,176,0
rep1,1.036,177,0
rep1,1.0361,178,0
rep1,1.0362,179,0
rep1,1.0371,180,0
rep1,1.0383,181,0
rep1,1.0385,182,0
rep1,1.0397,183,0
rep1,1.0407,184,0
rep1,1.0417,185,0
rep1,1.0426,186,0
rep1,1.0436,187,0
rep1,1.0436,188,0
rep1,1.0436,189,0
rep1,1.0436,190,0
rep1,1.0437,191,0
rep1,1.0437,192,0
rep1,1.0437,193,0
rep1,1.0437,194,0
rep1,1.0437,195,0
rep1,1.0437,196,0
rep1,1.0437,197,0
rep1,1.0438,198,0
rep1,1.0438,199,0
rep1,1.0438,200,0
rep1,1.0438,201,0
rep1,1.0438,202,0
rep1,1.0438,203,0
rep1,1.0438,204,0
rep1,1.0438,205,0
rep1,1.0438,206,0
rep1,1.0439,207,0
rep1,1.0439,208,0
rep1,1.0439,209,0
rep1,1.0439,210,0
rep1,1.0439,211,0
rep1,1.0439,212,0
rep1,1.044,213,0
rep1,1.044,214,0
rep1,1.044,215,0
rep1,1.044,216,0
rep1,1.044,217,0
rep1,1.044,218,0
rep1,1.044,219,0
rep1,1.0441,220,0
rep1,1.0441,221,0
rep1,1.0441,222,0
rep1,1.0441,223,0
rep1,1.0441,224,0
rep1,1.0441,225,0
rep1,1.0441,226,0
rep1,1.0442,227,0
rep1,1.0442,228,0
rep1,1.0442,229,0
rep1,1.0442,230,0
rep1,1.0442,231,0
rep1,1.0442,232,0
rep1,1.0443,233,0
rep1,1.0443,234,0
rep1,1.0443,235,0
rep1,1.0443,236,0
rep1,1.0443,237,0
rep1,1.0443,238,0
rep1,1.0444,239,0
rep1,1.0444,240,0
rep1,1.0444,241,0
rep1,1.0444,242,0
rep1,1.0444,243,0
rep1,1.0444,244,0
rep1,1.0444,245,0
rep1,1.0445,246,0
rep1,1.0445,247,0
rep1,1.0445,248,0
rep1,1.0445,249,0
rep1,1.0445,250,0
rep1,1.0445,251,0
rep1,1.0445,252,0
rep1,1.0446,253,0
rep1,1.0446,254,0
rep1,1.0446,255,0
rep1,1.0446,256,0
rep1,1.0446,257,0
rep1,1.0446,258,0
rep1,1.0447,259,0
rep1,1.0447,260,0
rep1,1.0447,261,0
rep1,1.0447,262,0
rep1,1.0447,263,0
rep1,1.0447,264,0
rep1,1.0448,265,0
rep1,1.0448,266,0
rep1,1.0448,267,0
rep1,1.0448,268,0
rep1,1.0448,269,0
rep1,1.0448,270,0
rep1,1.0448,271,0
rep1,1.0449,272,0
rep1,1.0449,273,0
rep1,1.0449,274,0
rep1,1.0449,275,0
rep1,1.0449,276,0
rep1,1.045,277,0
rep1,1.045,278,0
rep1,1.045,279,0
rep1,1.045,280,0
rep1,1.0451,281,0
rep1,1.0451,282,0
rep1,1.0451,283,0
rep1,1.0451,284,0
rep1,1.0451,285,0
rep1,1.0451,286,0
rep1,1.0451,287,0
rep1,1.0452,288,0
rep1,1.0452,289,0
rep1,1.0452,290,0
rep1,1.0452,291,0
rep1,1.0452,292,0
rep1,1.0453,293,0
rep1,1.0453,294,0
rep1,1.0453,295,0
rep1,1.0453,296,0
rep1,1.0453,297,0
rep1,1.0453,298,0
rep1,1.0453,299,0
rep1,1.0453,300,0
rep1,1.0454,301,0
rep1,1.0454,302,0
rep1,1.0454,303,0
rep1,1.0454,304,0
rep1,1.0455,305,0
rep1,1.0455,306,0
rep1,1.0455,307,0
rep1,1.0455,308,0
rep1,1.0455,309,0
rep1,1.0455,310,0
rep1,1.0456,311,0
rep1,1.0456,312,0
rep1,1.0456,313,0
rep1,1.0456,314,0
rep1,1.0456,315,0
rep1,1.0456,316,0
rep1,1.0457,317,0
rep1,1.0457,318,0
rep1,1.0457,319,0
rep1,1.0457,320,0
rep1,1.0457,321,0
rep1,1.0458,322,0
rep1,1.0458,323,0
rep1,1.0458,324,0
rep1,1.0458,325,0
rep1,1.0458,326,0
rep1,1.0458,327,0
rep1,1.0459,328,0
rep1,1.0459,329,0
rep1,1.0459,330,0
rep1,1.0459,331,0
rep1,1.0459,332,0
rep1,1.0459,333,0
rep1,1.0459,334,0
rep1,1.0459,335,0
rep1,1.0459,336,0
rep1,1.046,337,0
rep1,1.046,338,0
rep1,1.046,339,0
rep1,1.0461,340,0
rep1,1.0461,341,0
rep1,1.0461,342,0
rep1,1.0461,343,0
rep1,1.0461,344,0
rep1,1.0461,345,0
rep1,1.0462,346,0
rep1,1.0462,347,0
rep1,1.0462,348,0
rep1,1.0462,349,0
rep1,1.0462,350,0
rep1,1.0463,351,0
rep1,1.0463,352,0
rep1,1.0463,353,0
rep1,1.0463,354,0
rep1,1.0463,355,0
rep1,1.0464,356,0
rep1,1.0464,357,0
rep1,1.0464,358,0
rep1,1.0464,359,0
rep1,1.0464,360,0
rep1,1.0465,361,0
rep1,1.0465,362,0
rep1,1.0465,363,0
rep1,1.0465,364,0
rep1,1.0465,365,0
rep1,1.0465,366,0
rep1,1.0466,367,0
rep1,1.0466,368,0
rep1,1.0466,369,0
rep1,1.0466,370,0
rep1,1.0466,371,0
rep1,1.0466,372,0
rep1,1.0466,373,0
rep1,1.0467,374,0
rep1,1.0467,375,0
rep1,1.0467,376,0
rep1,1.0467,377,0
rep1,1.0467,378,0
rep1,1.0467,379,0
rep1,1.0467,380,0
rep1,1.0468,381,0
rep1,1.0468,382,0
rep1,1.0468,383,0
rep1,1.0469,384,0
rep1,1.0469,385,0
rep1,1.0469,386,0
rep1,1.0469,387,0
rep1,1.0469,388,0
rep1,1.0469,389,0
rep1,1.0469,390,0
rep1,1.047,391,0
rep1,1.047,392,0
rep1,1.047,393,0
rep1,1.047,394,0
rep1,1.047,395,0
rep1,1.047,396,0
rep1,1.047,397,0
rep1,1.0471,398,0
rep1,1.0471,399,0
rep1,1.0472,400,0
rep1,1.0472,401,0
rep1,1.0472,402,0
rep1,1.0472,403,0
rep1,1.0472,404,0
rep1,1.0472,405,0
rep1,1.0473,406,0
rep1,1.0473,407,0
rep1,1.0473,408,0
rep1,1.0473,409,0
rep1,1.0473,410,0
rep1,1.0473,411,0
rep1,1.0473,412,0
rep1,1.0474,413,0
rep1,1.0474,414,0
rep1,1.0474,415,0
rep1,1.0474,416,0
rep1,1.0474,417,0
rep1,1.0474,418,0
rep1,1.0474,419,0
rep1,1.0475,420,0
rep1,1.0475,421,0
rep1,1.0475,422,0
rep1,1.0475,423,0
rep1,1.0475,424,0
rep1,1.0475,425,0
rep1,1.0476,426,0
rep1,1.0476,427,0
rep1,1.0476,428,0
rep1,1.0476,429,0
rep1,1.0476,430,0
rep1,1.0477,431,0
rep1,1.0477,432,0
rep1,1.0477,433,0
rep1,1.0477,434,0
rep1,1.0477,435,0
rep1,1.0478,436,0
rep1,1.0478,437,0
rep1,1.0478,438,0
rep1,1.0478,439,0
rep1,1.0479,440,0
rep1,1.0479,441,0
rep1,1.0479,442,0
rep1,1.0479,443,0
rep1,1.0479,444,0
rep1,1.0479,445,0
rep1,1.0479,446,0
rep1,1.0479,447,0
rep1,1.048,448,0
rep1,1.048,449,0
rep1,1.048,450,0
rep1,1.0481,451,0
rep1,1.0481,452,0
rep1,1.0481,453,0
rep1,1.0481,454,0
rep1,1.0481,455,0
rep1,1.0482,456,0
rep1,1.0482,457,0
rep1,1.0483,458,0
rep1,1.0483,459,0
rep1,1.0483,460,0
rep1,1.0483,461,0
rep1,1.0483,462,0
rep1,1.0483,463,0
rep1,1.0483,464,0
rep1,1.0484,465,0
rep1,1.0484,466,0
rep1,1.0484,467,0
rep1,1.0484,468,0
rep1,1.0484,469,0
rep1,1.0484,470,0
rep1,1.0484,471,0
rep1,1.0485,472,0
rep1,1.0485,473,0
rep1,1.0485,474,0
rep1,1.0485,475,0
rep1,1.0485,476,0
rep1,1.0486,477,0
rep1,1.0486,478,0
rep1,1.0486,479,0
rep1,1.0486,480,0
rep1,1.0486,481,0
rep1,1.0486,482,0
rep1,1.0487,483,0
rep1,1.0487,484,0
rep1,1.0487,485,0
rep1,1.0487,486,0
rep1,1.0487,487,0
rep1,1.0487,488,0
rep1,1.0488,489,0
rep1,1.0488,490,0
rep1,1.0489,491,0
rep1,1.0489,492,0
rep1,1.0489,493,0
rep1,1.0489,494,0
rep1,1.0489,495,0
rep1,1.0489,496,0
rep1,1.0489,497,0
rep1,1.049,498,0
rep1,1.049,499,0
rep1,1.049,500,0
rep1,1.049,501,0
rep1,1.049,502,0
rep1,1.0491,503,0
rep1,1.0491,504,0
rep1,1.0491,505,0
rep1,1.0491,506,0
rep1,1.0492,507,0
rep1,1.0492,508,0
rep1,1.0492,509,0
rep1,1.0493,510,0
rep1,1.0493,511,0
rep1,1.0493,512,0
rep1,1.0493,513,0
rep1,1.0493,514,0
rep1,1.0493,515,0
rep1,1.0493,516,0
rep1,1.0494,517,0
rep1,1.0494,518,0
rep1,1.0494,519,0
rep1,1.0495,520,0
rep1,1.0495,521,0
rep1,1.0495,522,0
rep1,1.0495,523,0
rep1,1.0495,524,0
rep1,1.0495,525,0
rep1,1.0496,526,0
rep1,1.0496,527,0
rep1,1.0496,528,0
rep1,1.0496,529,0
rep1,1.0497,530,0
rep1,1.0497,531,0
rep1,1.0497,532,0
rep1,1.0497,533,0
rep1,1.0498,534,0
rep1,1.0498,535,0
rep1,1.0499,536,0
rep1,1.0499,537,0
rep1,1.0499,538,0
rep1,1.0499,539,0
rep1,1.05,540,0
rep1,1.05,541,0
rep1,1.05,542,0
rep1,1.05,543,0
rep1,1.0501,544,0
rep1,1.0501,545,0
rep1,1.0501,546,0
rep1,1.0502,547,0
rep1,1.0502,548,0
rep1,1.0502,549,0
rep1,1.0502,550,0
rep1,1.0503,551,0
rep1,1.0503,552,0
rep1,1.0503,553,0
rep1,1.0503,554,0
rep1,1.0503,555,0
rep1,1.0503,556,0
rep1,1.0504,557,0
rep1,1.0504,558,0
rep1,1.0504,559,0
rep1,1.0504,560,0
rep1,1.0504,561,0
rep1,1.0504,562,0
rep1,1.0505,563,0
rep1,1.0505,564,0
rep1,1.0505,565,0
rep1,1.0506,566,0
rep1,1.0506,567,0
rep1,1.0506,568,0
rep1,1.0506,569,0
rep1,1.0506,570,0
rep1,1.0506,571,0
rep1,1.0507,572,0
rep1,1.0507,573,0
rep1,1.0507,574,0
rep1,1.0508,575,0
rep1,1.0508,576,0
rep1,1.0508,577,0
rep1,1.0508,578,0
rep1,1.0509,579,0
rep1,1.0509,580,0
rep1,1.0509,581,0
rep1,1.0509,582,0
rep1,1.051,583,0
rep1,1.051,584,0
rep1,1.051,585,0
rep1,1.0511,586,0
rep1,1.0511,587,0
rep1,1.0511,588,0
rep1,1.0511,589,0
rep1,1.0511,590,0
rep1,1.0511,591,0
rep1,1.0512,592,0
rep1,1.0512,593,0
rep1,1.0512,594,0
rep1,1.0512,595,0
rep1,1.0512,596,0
rep1,1.0513,597,0
rep1,1.0513,598,0
rep1,1.0513,599,0
rep1,1.0513,600,0
rep1,1.0514,601,0
rep1,1.0514,602,0
rep1,1.0514,603,0
rep1,1.0515,604,0
rep1,1.0516,605,0
rep1,1.0516,606,0
rep1,1.0516,607,0
rep1,1.0516,608,0
rep1,1.0517,609,0
rep1,1.0517,610,0
rep1,1.0517,611,0
rep1,1.0518,612,0
rep1,1.0518,613,0
rep1,1.0518,614,0
rep1,1.0518,615,0
rep1,1.0518,616,0
rep1,1.0518,617,0
rep1,1.0519,618,0
rep1,1.0519,619,0
rep1,1.0519,620,0
rep1,1.0519,621,0
rep1,1.052,622,0
rep1,1.052,623,0
rep1,1.052,624,0
rep1,1.052,625,0
rep1,1.052,626,0
rep1,1.0521,627,0
rep1,1.0521,628,0
rep1,1.0521,629,0
rep1,1.0521,630,0
rep1,1.0522,631,0
rep1,1.0522,632,0
rep1,1.0522,633,0
rep1,1.0523,634,0
rep1,1.0523,635,0
rep1,1.0523,636,0
rep1,1.0523,637,0
rep1,1.0523,638,0
rep1,1.0524,639,0
rep1,1.0524,640,0
rep1,1.0524,641,0
rep1,1.0524,642,0
rep1,1.0524,643,0
rep1,1.0525,644,0
rep1,1.0525,645,0
rep1,1.0525,646,0
rep1,1.0525,647,0
rep1,1.0526,648,0
rep1,1.0526,649,0
rep1,1.0526,650,0
rep1,1.0526,651,0
rep1,1.0526,652,0
rep1,1.0526,653,0
rep1,1.0526,654,0
rep1,1.0527,655,0
rep1,1.0527,656,0
rep1,1.0527,657,0
rep1,1.0527,658,0
rep1,1.0527,659,0
rep1,1.0528,660,0
rep1,1.0528,661,0
rep1,1.0528,662,0
rep1,1.0528,663,0
rep1,1.0528,664,0
rep1,1.0529,665,0
rep1,1.0529,666,0
rep1,1.0529,667,0
rep1,1.0529,668,0
rep1,1.0529,669,0
rep1,1.053,670,0
rep1,1.053,671,0
rep1,1.053,672,0
rep1,1.0531,673,0
rep1,1.0531,674,0
rep1,1.0531,675,0
rep1,1.0531,676,0
rep1,1.0532,677,0
rep1,1.0532,678,0
rep1,1.0532,679,0
rep1,1.0532,680,0
rep1,1.0532,681,0
rep1,1.0533,682,0
rep1,1.0533,683,0
rep1,1.0533,684,0
rep1,1.0533,685,0
rep1,1.0534,686,0
rep1,1.0534,687,0
rep1,1.0534,688,0
rep1,1.0534,689,0
rep1,1.0535,690,0
rep1,1.0536,691,0
rep1,1.0536,692,0
rep1,1.0536,693,0
rep1,1.0536,694,0
rep1,1.0537,695,0
rep1,1.0537,696,0
rep1,1.0537,697,0
rep1,1.0538,698,0
rep1,1.0538,699,0
rep1,1.0538,700,0
rep1,1.0538,701,0
rep1,1.0538,702,0
rep1,1.0538,703,0
rep1,1.0539,704,0
rep1,1.0539,705,0
rep1,1.0539,706,0
rep1,1.0539,707,0
rep1,1.054,708,0
rep1,1.054,709,0
rep1,1.054,710,0
rep1,1.054,711,0
rep1,1.0541,712,0
rep1,1.0541,713,0
rep1,1.0541,714,0
rep1,1.0541,715,0
rep1,1.0542,716,0
rep1,1.0542,717,0
rep1,1.0542,718,0
rep1,1.0542,719,0
rep1,1.0543,720,0
rep1,1.0543,721,0
rep1,1.0543,722,0
rep1,1.0543,723,0
rep1,1.0544,724,0
rep1,1.0544,725,0
rep1,1.0544,726,0
rep1,1.0544,727,0
rep1,1.0545,728,0
rep1,1.0545,729,0
rep1,1.0545,730,0
rep1,1.0546,731,0
rep1,1.0546,732,0
rep1,1.0547,733,0
rep1,1.0547,734,0
rep1,1.0547,735,0
rep1,1.0547,736,0
rep1,1.0547,737,0
rep1,1.0547,738,0
rep1,1.0548,739,0
rep1,1.0548,740,0
rep1,1.0548,741,0
rep1,1.0548,742,0
rep1,1.0548,743,0
rep1,1.0548,744,0
rep1,1.0549,745,0
rep1,1.0549,746,0
rep1,1.0549,747,0
rep1,1.0549,748,0
rep1,1.055,749,0
rep1,1.055,750,0
rep1,1.055,751,0
rep1,1.055,752,0
rep1,1.055,753,0
rep1,1.0551,754,0
rep1,1.0551,755,0
rep1,1.0551,756,0
rep1,1.0551,757,0
rep1,1.0552,758,0
rep1,1.0553,759,0
rep1,1.0553,760,0
rep1,1.0553,761,0
rep1,1.0554,762,0
rep1,1.0554,763,0
rep1,1.0554,764,0
rep1,1.0554,765,0
rep1,1.0554,766,0
rep1,1.0555,767,0
rep1,1.0555,768,0
rep1,1.0556,769,0
rep1,1.0556,770,0
rep1,1.0557,771,0
rep1,1.0557,772,0
rep1,1.0558,773,0
rep1,1.0558,774,0
rep1,1.0558,775,0
rep1,1.0558,776,0
rep1,1.0558,777,0
rep1,1.0559,778,0
rep1,1.056,779,0
rep1,1.056,780,0
rep1,1.0561,781,0
rep1,1.0561,782,0
rep1,1.0562,783,0
rep1,1.0562,784,0
rep1,1.0562,785,0
rep1,1.0563,786,0
rep1,1.0563,787,0
rep1,1.0564,788,0
rep1,1.0564,789,0
rep1,1.0564,790,0
rep1,1.0564,791,0
rep1,1.0565,792,0
rep1,1.0566,793,0
rep1,1.0566,794,0
rep1,1.0566,795,0
rep1,1.0566,796,0
rep1,1.0566,797,0
rep1,1.0567,798,0
rep1,1.0567,799,0
rep1,1.0567,800,0
rep1,1.0567,801,0
rep1,1.0567,802,0
rep1,1.0567,803,0
rep1,1.0568,804,0
rep1,1.0568,805,0
rep1,1.0569,806,0
rep1,1.0569,807,0
rep1,1.0569,808,0
rep1,1.057,809,0
rep1,1.057,810,0
rep1,1.0571,811,0
rep1,1.0571,812,0
rep1,1.0571,813,0
rep1,1.0571,814,0
rep1,1.0572,815,0
rep1,1.0572,816,0
rep1,1.0572,817,0
rep1,1.0572,818,0
rep1,1.0572,819,0
rep1,1.0573,820,0
rep1,1.0573,821,0
rep1,1.0574,822,0
rep1,1.0575,823,0
rep1,1.0575,824,0
rep1,1.0575,825,0
rep1,1.0575,826,0
rep1,1.0576,827,0
rep1,1.0576,828,0
rep1,1.0577,829,0
rep1,1.0577,830,0
rep1,1.0577,831,0
rep1,1.0579,832,0
rep1,1.0579,833,0
rep1,1.0579,834,0
rep1,1.0579,835,0
rep1,1.058,836,0
rep1,1.058,837,0
rep1,1.058,838,0
rep1,1.058,839,0
rep1,1.058,840,0
rep1,1.0582,841,0
rep1,1.0582,842,0
rep1,1.0582,843,0
rep1,1.0583,844,0
rep1,1.0583,845,0
rep1,1.0584,846,0
rep1,1.0584,847,0
rep1,1.0584,848,0
rep1,1.0584,849,0
rep1,1.0585,850,0
rep1,1.0585,851,0
rep1,1.0585,852,0
rep1,1.0585,853,0
rep1,1.0586,854,0
rep1,1.0586,855,0
rep1,1.0587,856,0
rep1,1.0587,857,0
rep1,1.0587,858,0
rep1,1.0587,859,0
rep1,1.0588,860,0
rep1,1.0588,861,0
rep1,1.0589,862,0
rep1,1.0589,863,0
rep1,1.0589,864,0
rep1,1.059,865,0
rep1,1.059,866,0
rep1,1.0591,867,0
rep1,1.0591,868,0
rep1,1.0592,869,0
rep1,1.0592,870,0
rep1,1.0592,871,0
rep1,1.0592,872,0
rep1,1.0593,873,0
rep1,1.0594,874,0
rep1,1.0595,875,0
rep1,1.0596,876,0
rep1,1.0596,877,0
rep1,1.0596,878,0
rep1,1.0597,879,0
rep1,1.0597,880,0
rep1,1.0597,881,0
rep1,1.0598,882,0
rep1,1.0599,883,0
rep1,1.0599,884,0
rep1,1.0599,885,0
rep1,1.06,886,0
rep1,1.06,887,0
rep1,1.0601,888,0
rep1,1.0601,889,0
rep1,1.0601,890,0
rep1,1.0601,891,0
rep1,1.0602,892,0
rep1,1.0602,893,0
rep1,1.0602,894,0
rep1,1.0602,895,0
rep1,1.0603,896,0
rep1,1.0603,897,0
rep1,1.0604,898,0
rep1,1.0604,899,0
rep1,1.0604,900,0
rep1,1.0605,901,0
rep1,1.0605,902,0
rep1,1.0605,903,0
rep1,1.0606,904,0
rep1,1.0606,905,0
rep1,1.0607,906,0
rep1,1.0607,907,0
rep1,1.0608,908,0
rep1,1.0608,909,0
rep1,1.0608,910,0
rep1,1.0608,911,0
rep1,1.0609,912,0
rep1,1.0609,913,0
rep1,1.0609,914,0
rep1,1.061,915,0
rep1,1.061,916,0
rep1,1.061,917,0
rep1,1.061,918,0
rep1,1.0611,919,0
rep1,1.0612,920,0
rep1,1.0612,921,0
rep1,1.0612,922,0
rep1,1.0613,923,0
rep1,1.0614,924,0
rep1,1.0614,925,0
rep1,1.0614,926,0
rep1,1.0614,927,0
rep1,1.0615,928,0
rep1,1.0615,929,0
rep1,1.0616,930,0
rep1,1.0616,931,0
rep1,1.0616,932,0
rep1,1.0617,933,0
rep1,1.0617,934,0
rep1,1.0617,935,0
rep1,1.0618,936,0
rep1,1.0618,937,0
rep1,1.0618,938,0
rep1,1.0619,939,0
rep1,1.062,940,0
rep1,1.062,941,0
rep1,1.062,942,0
rep1,1.062,943,0
rep1,1.0621,944,0
rep1,1.0621,945,0
rep1,1.0622,946,0
rep1,1.0622,947,0
rep1,1.0622,948,0
rep1,1.0622,949,0
rep1,1.0623,950,0
rep1,1.0623,951,0
rep1,1.0626,952,0
rep1,1.0627,953,0
rep1,1.0627,954,0
rep1,1.0629,955,0
rep1,1.0629,956,0
rep1,1.0629,957,0
rep1,1.063,958,0
rep1,1.0631,959,0
rep1,1.0632,960,0
rep1,1.0632,961,0
rep1,1.0633,962,0
rep1,1.0634,963,0
rep1,1.0634,964,0
rep1,1.0635,965,0
rep1,1.0635,966,0
rep1,1.0635,967,0
rep1,1.0635,968,0
rep1,1.0636,969,0
rep1,1.0636,970,0
rep1,1.0637,971,0
rep1,1.0637,972,0
rep1,1.0637,973,0
rep1,1.0638,974,0
rep1,1.0639,975,0
rep1,1.064,976,0
rep1,1.064,977,0
rep1,1.064,978,0
rep1,1.0641,979,0
rep1,1.0641,980,0
rep1,1.0643,981,0
rep1,1.0644,982,0
rep1,1.0645,983,0
rep1,1.0645,984,0
rep1,1.0645,985,0
rep1,1.0646,986,0
rep1,1.0646,987,0
rep1,1.0647,988,0
rep1,1.0648,989,0
rep1,1.0649,990,0
rep1,1.0649,991,0
rep1,1.0651,992,0
rep1,1.0652,993,0
rep1,1.0652,994,0
rep1,1.0653,995,0
rep1,1.0653,996,0
rep1,1.0653,997,0
rep1,1.0653,998,0
rep1,1.0654,999,0
rep1,1.0655,1000,0
rep1,1.0655,1001,0
rep1,1.0655,1002,0
rep1,1.0655,1003,0
rep1,1.0657,1004,0
rep1,1.0657,1005,0
rep1,1.0659,1006,0
rep1,1.0659,1007,0
rep1,1.0661,1008,0
rep1,1.0663,1009,0
rep1,1.0663,1010,0
rep1,1.0664,1011,0
rep1,1.0665,1012,0
rep1,1.0665,1013,0
rep1,1.0666,1014,0
rep1,1.0666,1015,0
rep1,1.0667,1016,0
rep1,1.0668,1017,0
rep1,1.0669,1018,0
rep1,1.0669,1019,0
rep1,1.0671,1020,0
rep1,1.0671,1021,0
rep1,1.0672,1022,0
rep1,1.0672,1023,0
rep1,1.0674,1024,0
rep1,1.0675,1025,0
rep1,1.0675,1026,0
rep1,1.0675,1027,0
rep1,1.0677,1028,0
rep1,1.0677,1029,0
rep1,1.0678,1030,0
rep1,1.0678,1031,0
rep1,1.0679,1032,0
rep1,1.0679,1033,0
rep1,1.0679,1034,0
rep1,1.0683,1035,0
rep1,1.0683,1036,0
rep1,1.0684,1037,0
rep1,1.0686,1038,0
rep1,1.0687,1039,0
rep1,1.0687,1040,0
rep1,1.069,1041,0
rep1,1.069,1042,0
rep1,1.0691,1043,0
rep1,1.0691,1044,0
rep1,1.0692,1045,0
rep1,1.0692,1046,0
rep1,1.0693,1047,0
rep1,1.0695,1048,0
rep1,1.0696,1049,0
rep1,1.0697,1050,0
rep1,1.0697,1051,0
rep1,1.0698,1052,0
rep1,1.0702,1053,0
rep1,1.0703,1054,0
rep1,1.0703,1055,0
rep1,1.0703,1056,0
rep1,1.0704,1057,0
rep1,1.0705,1058,0
rep1,1.0705,1059,0
rep1,1.0705,1060,0
rep1,1.0708,1061,0
rep1,1.0709,1062,0
rep1,1.0709,1063,0
rep1,1.0709,1064,0
rep1,1.071,1065,0
rep1,1.0714,1066,0
rep1,1.0715,1067,0
rep1,1.0716,1068,0
rep1,1.0716,1069,0
rep1,1.0717,1070,0
rep1,1.0718,1071,0
rep1,1.0718,1072,0
rep1,1.0719,1073,0
rep1,1.0719,1074,0
rep1,1.072,1075,0
rep1,1.0722,1076,0
rep1,1.0722,1077,0
rep1,1.0725,1078,0
rep1,1.0725,1079,0
rep1,1.0727,1080,0
rep1,1.0727,1081,0
rep1,1.0727,1082,0
rep1,1.0728,1083,0
rep1,1.0728,1084,0
rep1,1.0729,1085,0
rep1,1.0731,1086,0
rep1,1.0731,1087,0
rep1,1.0735,1088,0
rep1,1.0735,1089,0
rep1,1.0737,1090,0
rep1,1.0738,1091,0
rep1,1.0743,1092,0
rep1,1.0744,1093,0
rep1,1.0745,1094,0
rep1,1.0746,1095,0
rep1,1.0746,1096,0
rep1,1.0748,1097,0
rep1,1.0748,1098,0
rep1,1.075,1099,0
rep1,1.0753,1100,0
rep1,1.0755,1101,0
rep1,1.0755,1102,0
rep1,1.0757,1103,0
rep1,1.0757,1104,0
rep1,1.0758,1105,0
rep1,1.076,1106,0
rep1,1.076,1107,0
rep1,1.0762,1108,0
rep1,1.0762,1109,0
rep1,1.0763,1110,0
rep1,1.0764,1111,0
rep1,1.0764,1112,0
rep1,1.0764,1113,0
rep1,1.0765,1114,0
rep1,1.0766,1115,0
rep1,1.0767,1116,0
rep1,1.0769,1117,0
rep1,1.0772,1118,0
rep1,1.0773,1119,0
rep1,1.0773,1120,0
rep1,1.0773,1121,0
rep1,1.0774,1122,0
rep1,1.0774,1123,0
rep1,1.0774,1124,0
rep1,1.0775,1125,0
rep1,1.0775,1126,0
rep1,1.0775,1127,0
rep1,1.0775,1128,0
rep1,1.0775,1129,0
rep1,1.0776,1130,0
rep1,1.0777,1131,0
rep1,1.0777,1132,0
rep1,1.0778,1133,0
rep1,1.0778,1134,0
rep1,1.0778,1135,0
rep1,1.0778,1136,0
rep1,1.0779,1137,0
rep1,1.0779,1138,0
rep1,1.0779,1139,0
rep1,1.078,1140,0
rep1,1.0781,1141,0
rep1,1.0781,1142,0
rep1,1.0781,1143,0
rep1,1.0781,1144,0
rep1,1.0781,1145,0
rep1,1.0782,1146,0
rep1,1.0782,1147,0
rep1,1.0782,1148,0
rep1,1.0783,1149,0
rep1,1.0783,1150,0
rep1,1.0784,1151,0
rep1,1.0784,1152,0
rep1,1.0785,1153,0
rep1,1.0786,1154,0
rep1,1.0786,1155,0
rep1,1.0787,1156,0
rep1,1.0787,1157,0
rep1,1.0788,1158,0
rep1,1.0788,1159,0
rep1,1.0788,1160,0
rep1,1.0789,1161,0
rep1,1.0789,1162,0
rep1,1.0789,1163,0
rep1,1.079,1164,0
rep1,1.0791,1165,0
rep1,1.0791,1166,0
rep1,1.0792,1167,0
rep1,1.0792,1168,0
rep1,1.0792,1169,0
rep1,1.0793,1170,0
rep1,1.0794,1171,0
rep1,1.0794,1172,0
rep1,1.0795,1173,0
rep1,1.0795,1174,0
rep1,1.0795,1175,0
rep1,1.0795,1176,0
rep1,1.0796,1177,0
rep1,1.0796,1178,0
rep1,1.0797,1179,0
rep1,1.0797,1180,0
rep1,1.0798,1181,0
rep1,1.0798,1182,0
rep1,1.0799,1183,0
rep1,1.0799,1184,0
rep1,1.0799,1185,0
rep1,1.08,1186,0
rep1,1.0801,1187,0
rep1,1.0801,1188,0
rep1,1.0801,1189,0
rep1,1.0801,1190,0
rep1,1.0801,1191,0
rep1,1.0801,1192,0
rep1,1.0802,1193,0
rep1,1.0802,1194,0
rep1,1.0803,1195,0
rep1,1.0803,1196,0
rep1,1.0803,1197,0
rep1,1.0804,1198,0
rep1,1.0805,1199,0
rep1,1.0805,1200,0
rep1,1.0805,1201,0
rep1,1.0805,1202,0
rep1,1.0806,1203,0
rep1,1.0806,1204,0
rep1,1.0807,1205,0
rep1,1.0808,1206,0
rep1,1.0808,1207,0
rep1,1.0808,1208,0
rep1,1.0809,1209,0
rep1,1.0809,1210,0
rep1,1.0809,1211,0
rep1,1.081,1212,0
rep1,1.0811,1213,0
rep1,1.0811,1214,0
rep1,1.0811,1215,0
rep1,1.0811,1216,0
rep1,1.0812,1217,0
rep1,1.0812,1218,0
rep1,1.0813,1219,0
rep1,1.0813,1220,0
rep1,1.0813,1221,0
rep1,1.0814,1222,0
rep1,1.0814,1223,0
rep1,1.0815,1224,0
rep1,1.0816,1225,0
rep1,1.0816,1226,0
rep1,1.0817,1227,0
rep1,1.0817,1228,0
rep1,1.0818,1229,0
rep1,1.0818,1230,0
rep1,1.0818,1231,0
rep1,1.082,1232,0
rep1,1.082,1233,0
rep1,1.082,1234,0
rep1,1.0821,1235,0
rep1,1.0821,1236,0
rep1,1.0821,1237,0
rep1,1.0822,1238,0
rep1,1.0822,1239,0
rep1,1.0823,1240,0
rep1,1.0823,1241,0
rep1,1.0823,1242,0
rep1,1.0824,1243,0
rep1,1.0824,1244,0
rep1,1.0824,1245,0
rep1,1.0825,1246,0
rep1,1.0825,1247,0
rep1,1.0826,1248,0
rep1,1.0826,1249,0
rep1,1.0826,1250,0
rep1,1.0826,1251,0
rep1,1.0826,1252,0
rep1,1.0827,1253,0
rep1,1.0827,1254,0
rep1,1.0827,1255,0
rep1,1.0827,1256,0
rep1,1.0827,1257,0
rep1,1.0827,1258,0
rep1,1.0827,1259,0
rep1,1.0828,1260,0
rep1,1.0829,1261,0
rep1,1.0829,1262,0
rep1,1.0829,1263,0
rep1,1.0829,1264,0
rep1,1.083,1265,0
rep1,1.083,1266,0
rep1,1.0831,1267,0
rep1,1.0831,1268,0
rep1,1.0832,1269,0
rep1,1.0832,1270,0
rep1,1.0833,1271,0
rep1,1.0833,1272,0
rep1,1.0833,1273,0
rep1,1.0833,1274,0
rep1,1.0833,1275,0
rep1,1.0834,1276,0
rep1,1.0834,1277,0
rep1,1.0834,1278,0
rep1,1.0835,1279,0
rep1,1.0835,1280,0
rep1,1.0836,1281,0
rep1,1.0836,1282,0
rep1,1.0836,1283,0
rep1,1.0838,1284,0
rep1,1.0838,1285,0
rep1,1.0838,1286,0
rep1,1.0839,1287,0
rep1,1.0839,1288,0
rep1,1.0839,1289,0
rep1,1.0839,1290,0
rep1,1.084,1291,0
rep1,1.084,1292,0
rep1,1.0841,1293,0
rep1,1.0841,1294,0
rep1,1.0843,1295,0
rep1,1.0843,1296,0
rep1,1.0843,1297,0
rep1,1.0843,1298,0
rep1,1.0844,1299,0
rep1,1.0845,1300,0
rep1,1.0845,1301,0
rep1,1.0846,1302,0
rep1,1.0847,1303,0
rep1,1.0847,1304,0
rep1,1.0848,1305,0
rep1,1.0848,1306,0
rep1,1.0848,1307,0
rep1,1.0849,1308,0
rep1,1.0849,1309,0
rep1,1.0849,1310,0
rep1,1.085,1311,0
rep1,1.085,1312,0
rep1,1.085,1313,0
rep1,1.085,1314,0
rep1,1.085,1315,0
rep1,1.0851,1316,0
rep1,1.0851,1317,0
rep1,1.0852,1318,0
rep1,1.0852,1319,0
rep1,1.0853,1320,0
rep1,1.0853,1321,0
rep1,1.0854,1322,0
rep1,1.0854,1323,0
rep1,1.0854,1324,0
rep1,1.0854,1325,0
rep1,1.0855,1326,0
rep1,1.0856,1327,0
rep1,1.0856,1328,0
rep1,1.0857,1329,0
rep1,1.0857,1330,0
rep1,1.0858,1331,0
rep1,1.0858,1332,0
rep1,1.0859,1333,0
rep1,1.0859,1334,0
rep1,1.086,1335,0
rep1,1.086,1336,0
rep1,1.086,1337,0
rep1,1.0861,1338,0
rep1,1.0862,1339,0
rep1,1.0863,1340,0
rep1,1.0863,1341,0
rep1,1.0864,1342,0
rep1,1.0864,1343,0
rep1,1.0864,1344,0
rep1,1.0865,1345,0
rep1,1.0865,1346,0
rep1,1.0865,1347,0
rep1,1.0866,1348,0
rep1,1.0867,1349,0
rep1,1.0868,1350,0
rep1,1.0868,1351,0
rep1,1.0868,1352,0
rep1,1.0868,1353,0
rep1,1.0869,1354,0
rep1,1.087,1355,0
rep1,1.087,1356,0
rep1,1.087,1357,0
rep1,1.087,1358,0
rep1,1.0871,1359,0
rep1,1.0871,1360,0
rep1,1.0871,1361,0
rep1,1.0873,1362,0
rep1,1.0873,1363,0
rep1,1.0873,1364,0
rep1,1.0874,1365,0
rep1,1.0876,1366,0
rep1,1.0876,1367,0
rep1,1.0877,1368,0
rep1,1.0877,1369,0
rep1,1.0877,1370,0
rep1,1.0878,1371,0
rep1,1.0878,1372,0
rep1,1.0879,1373,0
rep1,1.0879,1374,0
rep1,1.0879,1375,0
rep1,1.0879,1376,0
rep1,1.0879,1377,0
rep1,1.088,1378,0
rep1,1.088,1379,0
rep1,1.0881,1380,0
rep1,1.0881,1381,0
rep1,1.0881,1382,0
rep1,1.0883,1383,0
rep1,1.0883,1384,0
rep1,1.0884,1385,0
rep1,1.0885,1386,0
rep1,1.0886,1387,0
rep1,1.0886,1388,0
rep1,1.0887,1389,0
rep1,1.0887,1390,0
rep1,1.0888,1391,0
rep1,1.0888,1392,0
rep1,1.0888,1393,0
rep1,1.0888,1394,0
rep1,1.0889,1395,0
rep1,1.0889,1396,0
rep1,1.0889,1397,0
rep1,1.0891,1398,0
rep1,1.0891,1399,0
rep1,1.0892,1400,0
rep1,1.0892,1401,0
rep1,1.0894,1402,0
rep1,1.0894,1403,0
rep1,1.0896,1404,0
rep1,1.0896,1405,0
rep1,1.0897,1406,0
rep1,1.0898,1407,0
rep1,1.0898,1408,0
rep1,1.0898,1409,0
rep1,1.0899,1410,0
rep1,1.0899,1411,0
rep1,1.0899,1412,0
rep1,1.09,1413,0
rep1,1.09,1414,0
rep1,1.0901,1415,0
rep1,1.0902,1416,0
rep1,1.0904,1417,0
rep1,1.0905,1418,0
rep1,1.0905,1419,0
rep1,1.0906,1420,0
rep1,1.0906,1421,0
rep1,1.0907,1422,0
rep1,1.0908,1423,0
rep1,1.0909,1424,0
rep1,1.0909,1425,0
rep1,1.091,1426,0
rep1,1.091,1427,0
rep1,1.0911,1428,0
rep1,1.0911,1429,0
rep1,1.0913,1430,0
rep1,1.0914,1431,0
rep1,1.0915,1432,0
rep1,1.0917,1433,0
rep1,1.0918,1434,0
rep1,1.0918,1435,0
rep1,1.0919,1436,0
rep1,1.092,1437,0
rep1,1.092,1438,0
rep1,1.0921,1439,0
rep1,1.0922,1440,0
rep1,1.0922,1441,0
rep1,1.0922,1442,0
rep1,1.0923,1443,0
rep1,1.0924,1444,0
rep1,1.0924,1445,0
rep1,1.0925,1446,0
rep1,1.0926,1447,0
rep1,1.093,1448,0
rep1,1.0931,1449,0
rep1,1.0932,1450,0
rep1,1.0933,1451,0
rep1,1.0933,1452,0
rep1,1.0934,1453,0
rep1,1.0935,1454,0
rep1,1.0937,1455,0
rep1,1.0937,1456,0
rep1,1.0937,1457,0
rep1,1.0937,1458,0
rep1,1.0939,1459,0
rep1,1.0939,1460,0
rep1,1.094,1461,0
rep1,1.094,1462,0
rep1,1.094,1463,0
rep1,1.0941,1464,0
rep1,1.0941,1465,0
rep1,1.0941,1466,0
rep1,1.0941,1467,0
rep1,1.0942,1468,0
rep1,1.0944,1469,0
rep1,1.0944,1470,0
rep1,1.0944,1471,0
rep1,1.0945,1472,0
rep1,1.0947,1473,0
rep1,1.0947,1474,0
rep1,1.0948,1475,0
rep1,1.0949,1476,0
rep1,1.0949,1477,0
rep1,1.095,1478,0
rep1,1.095,1479,0
rep1,1.095,1480,0
rep1,1.0951,1481,0
rep1,1.0952,1482,0
rep1,1.0952,1483,0
rep1,1.0952,1484,0
rep1,1.0953,1485,0
rep1,1.0953,1486,0
rep1,1.0955,1487,0
rep1,1.0955,1488,0
rep1,1.0955,1489,0
rep1,1.0956,1490,0
rep1,1.0957,1491,0
rep1,1.0957,1492,0
rep1,1.0957,1493,0
rep1,1.0957,1494,0
rep1,1.0958,1495,0
rep1,1.0958,1496,0
rep1,1.0958,1497,0
rep1,1.0958,1498,0
rep1,1.096,1499,0
rep1,1.0961,1500,0
rep1,1.0961,1501,0
rep1,1.0962,1502,0
rep1,1.0963,1503,0
rep1,1.0963,1504,0
rep1,1.0963,1505,0
rep1,1.0964,1506,0
rep1,1.0964,1507,0
rep1,1.0965,1508,0
rep1,1.0967,1509,0
rep1,1.0969,1510,0
rep1,1.097,1511,0
rep1,1.0971,1512,0
rep1,1.0972,1513,0
rep1,1.0973,1514,0
rep1,1.0977,1515,0
rep1,1.0977,1516,0
rep1,1.0978,1517,0
rep1,1.0978,1518,0
rep1,1.0979,1519,0
rep1,1.0979,1520,0
rep1,1.098,1521,0
rep1,1.098,1522,0
rep1,1.0981,1523,0
rep1,1.0982,1524,0
rep1,1.0983,1525,0
rep1,1.0983,1526,0
rep1,1.0984,1527,0
rep1,1.0985,1528,0
rep1,1.0986,1529,0
rep1,1.0987,1530,0
rep1,1.0988,1531,0
rep1,1.0988,1532,0
rep1,1.0988,1533,0
rep1,1.0989,1534,0
rep1,1.0991,1535,0
rep1,1.0991,1536,0
rep1,1.0992,1537,0
rep1,1.0992,1538,0
rep1,1.0995,1539,0
rep1,1.0995,1540,0
rep1,1.0996,1541,0
rep1,1.0998,1542,0
rep1,1.0998,1543,0
rep1,1.0998,1544,0
rep1,1.0999,1545,0
rep1,1.0999,1546,0
rep1,1.0999,1547,0
rep1,1.0999,1548,0
rep1,1.1,1549,0
rep1,1.1002,1550,0
rep1,1.1003,1551,0
rep1,1.1003,1552,0
rep1,1.1004,1553,0
rep1,1.1004,1554,0
rep1,1.1005,1555,0
rep1,1.1006,1556,0
rep1,1.1007,1557,0
rep1,1.1007,1558,0
rep1,1.1008,1559,0
rep1,1.1008,1560,0
rep1,1.1009,1561,0
rep1,1.1009,1562,0
rep1,1.101,1563,0
rep1,1.1011,1564,0
rep1,1.1011,1565,0
rep1,1.1012,1566,0
rep1,1.1015,1567,0
rep1,1.1015,1568,0
rep1,1.1016,1569,0
rep1,1.1017,1570,0
rep1,1.1019,1571,0
rep1,1.1021,1572,0
rep1,1.1021,1573,0
rep1,1.1022,1574,0
rep1,1.1024,1575,0
rep1,1.1026,1576,0
rep1,1.1027,1577,0
rep1,1.1027,1578,0
rep1,1.1028,1579,0
rep1,1.1031,1580,0
rep1,1.1031,1581,0
rep1,1.1033,1582,0
rep1,1.1033,1583,0
rep1,1.1033,1584,0
rep1,1.1034,1585,0
rep1,1.1037,1586,0
rep1,1.1039,1587,0
rep1,1.1041,1588,0
rep1,1.1042,1589,0
rep1,1.1043,1590,0
rep1,1.1044,1591,0
rep1,1.1046,1592,0
rep1,1.1047,1593,0
rep1,1.1048,1594,0
rep1,1.1049,1595,0
rep1,1.105,1596,0
rep1,1.1051,1597,0
rep1,1.1052,1598,0
rep1,1.1052,1599,0
rep1,1.1053,1600,0
rep1,1.1053,1601,0
rep1,1.1054,1602,0
rep1,1.1056,1603,0
rep1,1.1057,1604,0
rep1,1.1058,1605,0
rep1,1.1058,1606,0
rep1,1.1058,1607,0
rep1,1.1059,1608,0
rep1,1.1059,1609,0
rep1,1.1059,1610,0
rep1,1.1059,1611,0
rep1,1.106,1612,0
rep1,1.1061,1613,0
rep1,1.1062,1614,0
rep1,1.1062,1615,0
rep1,1.1063,1616,0
rep1,1.1063,1617,0
rep1,1.1064,1618,0
rep1,1.1065,1619,0
rep1,1.1065,1620,0
rep1,1.1066,1621,0
rep1,1.1066,1622,0
rep1,1.1068,1623,0
rep1,1.107,1624,0
rep1,1.107,1625,0
rep1,1.1072,1626,0
rep1,1.1072,1627,0
rep1,1.1073,1628,0
rep1,1.1074,1629,0
rep1,1.1075,1630,0
rep1,1.1075,1631,0
rep1,1.1076,1632,0
rep1,1.1078,1633,0
rep1,1.1081,1634,0
rep1,1.1082,1635,0
rep1,1.1083,1636,0
rep1,1.1084,1637,0
rep1,1.1084,1638,0
rep1,1.1084,1639,0
rep1,1.1085,1640,0
rep1,1.1089,1641,0
rep1,1.1092,1642,0
rep1,1.1092,1643,0
rep1,1.1093,1644,0
rep1,1.1096,1645,0
rep1,1.1096,1646,0
rep1,1.1098,1647,0
rep1,1.1099,1648,0
rep1,1.11,1649,0
rep1,1.1102,1650,0
rep1,1.1105,1651,0
rep1,1.1107,1652,0
rep1,1.1107,1653,0
rep1,1.1107,1654,0
rep1,1.1107,1655,0
rep1,1.1109,1656,0
rep1,1.111,1657,0
rep1,1.1111,1658,0
rep1,1.1111,1659,0
rep1,1.1112,1660,0
rep1,1.1112,1661,0
rep1,1.1112,1662,0
rep1,1.1112,1663,0
rep1,1.1113,1664,0
rep1,1.1113,1665,0
rep1,1.1113,1666,0
rep1,1.1113,1667,0
rep1,1.1113,1668,0
rep1,1.1114,1669,0
rep1,1.1114,1670,0
rep1,1.1114,1671,0
rep1,1.1115,1672,0
rep1,1.1116,1673,0
rep1,1.1116,1674,0
rep1,1.1116,1675,0
rep1,1.1118,1676,0
rep1,1.1118,1677,0
rep1,1.1118,1678,0
rep1,1.1119,1679,0
rep1,1.112,1680,0
rep1,1.112,1681,0
rep1,1.112,1682,0
rep1,1.1121,1683,0
rep1,1.1121,1684,0
rep1,1.1122,1685,0
rep1,1.1123,1686,0
rep1,1.1124,1687,0
rep1,1.1127,1688,0
rep1,1.1128,1689,0
rep1,1.1129,1690,0
rep1,1.1131,1691,0
rep1,1.1131,1692,0
rep1,1.1132,1693,0
rep1,1.1133,1694,0
rep1,1.1133,1695,0
rep1,1.1134,1696,0
rep1,1.1135,1697,0
rep1,1.1135,1698,0
rep1,1.1135,1699,0
rep1,1.1136,1700,0
rep1,1.1137,1701,0
rep1,1.1138,1702,0
rep1,1.1138,1703,0
rep1,1.1139,1704,0
rep1,1.1139,1705,0
rep1,1.1139,1706,0
rep1,1.114,1707,0
rep1,1.114,1708,0
rep1,1.114,1709,0
rep1,1.1141,1710,0
rep1,1.1141,1711,0
rep1,1.1141,1712,0
rep1,1.1141,1713,0
rep1,1.1142,1714,0
rep1,1.1143,1715,0
rep1,1.1143,1716,0
rep1,1.1143,1717,0
rep1,1.1144,1718,0
rep1,1.1144,1719,0
rep1,1.1146,1720,0
rep1,1.1146,1721,0
rep1,1.1147,1722,0
rep1,1.1147,1723,0
rep1,1.1148,1724,0
rep1,1.1148,1725,0
rep1,1.1148,1726,0
rep1,1.1149,1727,0
rep1,1.115,1728,0
rep1,1.115,1729,0
rep1,1.115,1730,0
rep1,1.1151,1731,0
rep1,1.1151,1732,0
rep1,1.1152,1733,0
rep1,1.1152,1734,0
rep1,1.1153,1735,0
rep1,1.1155,1736,0
rep1,1.1155,1737,0
rep1,1.1155,1738,0
rep1,1.1155,1739,0
rep1,1.1156,1740,0
rep1,1.1157,1741,0
rep1,1.1157,1742,0
rep1,1.1158,1743,0
rep1,1.1158,1744,0
rep1,1.1158,1745,0
rep1,1.1159,1746,0
rep1,1.1159,1747,0
rep1,1.116,1748,0
rep1,1.116,1749,0
rep1,1.1161,1750,0
rep1,1.1162,1751,0
rep1,1.1163,1752,0
rep1,1.1163,1753,0
rep1,1.1163,1754,0
rep1,1.1165,1755,0
rep1,1.1165,1756,0
rep1,1.1167,1757,0
rep1,1.1167,1758,0
rep1,1.1168,1759,0
rep1,1.1168,1760,0
rep1,1.1169,1761,0
rep1,1.1169,1762,0
rep1,1.117,1763,0
rep1,1.117,1764,0
rep1,1.117,1765,0
rep1,1.1171,1766,0
rep1,1.1172,1767,0
rep1,1.1172,1768,0
rep1,1.1173,1769,0
rep1,1.1173,1770,0
rep1,1.1173,1771,0
rep1,1.1174,1772,0
rep1,1.1175,1773,0
rep1,1.1175,1774,0
rep1,1.1175,1775,0
rep1,1.1176,1776,0
rep1,1.1176,1777,0
rep1,1.1176,1778,0
rep1,1.1176,1779,0
rep1,1.1177,1780,0
rep1,1.1178,1781,0
rep1,1.1178,1782,0
rep1,1.1178,1783,0
rep1,1.1179,1784,0
rep1,1.118,1785,0
rep1,1.118,1786,0
rep1,1.118,1787,0
rep1,1.118,1788,0
rep1,1.1181,1789,0
rep1,1.1182,1790,0
rep1,1.1182,1791,0
rep1,1.1182,1792,0
rep1,1.1183,1793,0
rep1,1.1184,1794,0
rep1,1.1184,1795,0
rep1,1.1185,1796,0
rep1,1.1185,1797,0
rep1,1.1185,1798,0
rep1,1.1185,1799,0
rep1,1.1186,1800,0
rep1,1.1187,1801,0
rep1,1.1188,1802,0
rep1,1.1189,1803,0
rep1,1.1189,1804,0
rep1,1.119,1805,0
rep1,1.1191,1806,0
rep1,1.1191,1807,0
rep1,1.1192,1808,0
rep1,1.1194,1809,0
rep1,1.1194,1810,0
rep1,1.1195,1811,0
rep1,1.1195,1812,0
rep1,1.1196,1813,0
rep1,1.1196,1814,0
rep1,1.1197,1815,0
rep1,1.1197,1816,0
rep1,1.1199,1817,0
rep1,1.12,1818,0
rep1,1.12,1819,0
rep1,1.12,1820,0
rep1,1.12,1821,0
rep1,1.1201,1822,0
rep1,1.1201,1823,0
rep1,1.1201,1824,0
rep1,1.1202,1825,0
rep1,1.1202,1826,0
rep1,1.1202,1827,0
rep1,1.1203,1828,0
rep1,1.1204,1829,0
rep1,1.1205,1830,0
rep1,1.1205,1831,0
rep1,1.1206,1832,0
rep1,1.1207,1833,0
rep1,1.1207,1834,0
rep1,1.1208,1835,0
rep1,1.1211,1836,0
rep1,1.1211,1837,0
rep1,1.1211,1838,0
rep1,1.1212,1839,0
rep1,1.1214,1840,0
rep1,1.1214,1841,0
rep1,1.1214,1842,0
rep1,1.1215,1843,0
rep1,1.1215,1844,0
rep1,1.1216,1845,0
rep1,1.1218,1846,0
rep1,1.1218,1847,0
rep1,1.1218,1848,0
rep1,1.1219,1849,0
rep1,1.1219,1850,0
rep1,1.1219,1851,0
rep1,1.122,1852,0
rep1,1.122,1853,0
rep1,1.1221,1854,0
rep1,1.1221,1855,0
rep1,1.1222,1856,0
rep1,1.1222,1857,0
rep1,1.1222,1858,0
rep1,1.1223,1859,0
rep1,1.1223,1860,0
rep1,1.1223,1861,0
rep1,1.1224,1862,0
rep1,1.1226,1863,0
rep1,1.1227,1864,0
rep1,1.1228,1865,0
rep1,1.1228,1866,0
rep1,1.1228,1867,0
rep1,1.1229,1868,0
rep1,1.1229,1869,0
rep1,1.1229,1870,0
rep1,1.123,1871,0
rep1,1.1231,1872,0
rep1,1.1232,1873,0
rep1,1.1232,1874,0
rep1,1.1233,1875,0
rep1,1.1234,1876,0
rep1,1.1235,1877,0
rep1,1.1235,1878,0
rep1,1.1236,1879,0
rep1,1.1238,1880,0
rep1,1.1238,1881,0
rep1,1.1239,1882,0
rep1,1.1239,1883,0
rep1,1.124,1884,0
rep1,1.124,1885,0
rep1,1.1241,1886,0
rep1,1.1241,1887,0
rep1,1.1241,1888,0
rep1,1.1241,1889,0
rep1,1.1242,1890,0
rep1,1.1242,1891,0
rep1,1.1242,1892,0
rep1,1.1243,1893,0
rep1,1.1244,1894,0
rep1,1.1246,1895,0
rep1,1.1246,1896,0
rep1,1.1247,1897,0
rep1,1.1247,1898,0
rep1,1.1248,1899,0
rep1,1.1249,1900,0
rep1,1.1249,1901,0
rep1,1.1249,1902,0
rep1,1.1251,1903,0
rep1,1.1251,1904,0
rep1,1.1252,1905,0
rep1,1.1253,1906,0
rep1,1.1253,1907,0
rep1,1.1254,1908,0
rep1,1.1255,1909,0
rep1,1.1256,1910,0
rep1,1.1256,1911,0
rep1,1.1257,1912,0
rep1,1.1257,1913,0
rep1,1.1258,1914,0
rep1,1.1258,1915,0
rep1,1.1259,1916,0
rep1,1.1261,1917,0
rep1,1.1261,1918,0
rep1,1.1261,1919,0
rep1,1.1261,1920,0
rep1,1.1262,1921,0
rep1,1.1262,1922,0
rep1,1.1263,1923,0
rep1,1.1264,1924,0
rep1,1.1264,1925,0
rep1,1.1264,1926,0
rep1,1.1264,1927,0
rep1,1.1264,1928,0
rep1,1.1265,1929,0
rep1,1.1265,1930,0
rep1,1.1265,1931,0
rep1,1.1265,1932,0
rep1,1.1266,1933,0
rep1,1.1267,1934,0
rep1,1.1267,1935,0
rep1,1.1267,1936,0
rep1,1.1267,1937,0
rep1,1.1268,1938,0
rep1,1.1271,1939,0
rep1,1.1273,1940,0
rep1,1.1273,1941,0
rep1,1.1273,1942,0
rep1,1.1274,1943,0
rep1,1.1275,1944,0
rep1,1.1275,1945,0
rep1,1.1276,1946,0
rep1,1.1276,1947,0
rep1,1.1276,1948,0
rep1,1.1276,1949,0
rep1,1.1277,1950,0
rep1,1.1278,1951,0
rep1,1.1278,1952,0
rep1,1.1279,1953,0
rep1,1.1279,1954,0
rep1,1.128,1955,0
rep1,1.1281,1956,0
rep1,1.1281,1957,0
rep1,1.1281,1958,0
rep1,1.1283,1959,0
rep1,1.1284,1960,0
rep1,1.1284,1961,0
rep1,1.1285,1962,0
rep1,1.1285,1963,0
rep1,1.1285,1964,0
rep1,1.1287,1965,0
rep1,1.1287,1966,0
rep1,1.1289,1967,0
rep1,1.1291,1968,0
rep1,1.1291,1969,0
rep1,1.1291,1970,0
rep1,1.1292,1971,0
rep1,1.1293,1972,0
rep1,1.1293,1973,0
rep1,1.1293,1974,0
rep1,1.1294,1975,0
rep1,1.1294,1976,0
rep1,1.1294,1977,0
rep1,1.1295,1978,0
rep1,1.1296,1979,0
rep1,1.1297,1980,0
rep1,1.13,1981,0
rep1,1.13,1982,0
rep1,1.1301,1983,0
rep1,1.1303,1984,0
rep1,1.1303,1985,0
rep1,1.1304,1986,0
rep1,1.1305,1987,0
rep1,1.1306,1988,0
rep1,1.1307,1989,0
rep1,1.1308,1990,0
rep1,1.1308,1991,0
rep1,1.1309,1992,0
rep1,1.1309,1993,0
rep1,1.131,1994,0
rep1,1.1312,1995,0
rep1,1.1312,1996,0
rep1,1.1313,1997,0
rep1,1.1314,1998,0
rep1,1.1314,1999,0
rep1,1.1315,2000,0
rep1,1.1316,2001,0
rep1,1.1316,2002,0
rep1,1.1317,2003,0
rep1,1.1317,2004,0
rep1,1.1317,2005,0
rep1,1.1319,2006,0
rep1,1.1319,2007,0
rep1,1.132,2008,0
rep1,1.132,2009,0
rep1,1.132,2010,0
rep1,1.1321,2011,0
rep1,1.1322,2012,0
rep1,1.1323,2013,0
rep1,1.1323,2014,0
rep1,1.1324,2015,0
rep1,1.1325,2016,0
rep1,1.1328,2017,0
rep1,1.1328,2018,0
rep1,1.1329,2019,0
rep1,1.133,2020,0
rep1,1.1331,2021,0
rep1,1.1331,2022,0
rep1,1.1331,2023,0
rep1,1.1332,2024,0
rep1,1.1332,2025,0
rep1,1.1334,2026,0
rep1,1.1334,2027,0
rep1,1.1337,2028,0
rep1,1.1337,2029,0
rep1,1.1337,2030,0
rep1,1.1338,2031,0
rep1,1.1338,2032,0
rep1,1.134,2033,0
rep1,1.1342,2034,0
rep1,1.1342,2035,0
rep1,1.1343,2036,0
rep1,1.1343,2037,0
rep1,1.1345,2038,0
rep1,1.1345,2039,0
rep1,1.1346,2040,0
rep1,1.1347,2041,0
rep1,1.1348,2042,0
rep1,1.135,2043,0
rep1,1.1353,2044,0
rep1,1.1354,2045,0
rep1,1.1355,2046,0
rep1,1.1356,2047,0
rep1,1.1357,2048,0
rep1,1.1357,2049,0
rep1,1.1358,2050,0
rep1,1.136,2051,0
rep1,1.136,2052,0
rep1,1.1363,2053,0
rep1,1.1364,2054,0
rep1,1.1365,2055,0
rep1,1.1365,2056,0
rep1,1.1366,2057,0
rep1,1.1366,2058,0
rep1,1.1366,2059,0
rep1,1.1366,2060,0
rep1,1.1367,2061,0
rep1,1.1367,2062,0
rep1,1.1368,2063,0
rep1,1.1368,2064,0
rep1,1.1368,2065,0
rep1,1.1369,2066,0
rep1,1.1371,2067,0
rep1,1.1372,2068,0
rep1,1.1372,2069,0
rep1,1.1373,2070,0
rep1,1.1373,2071,0
rep1,1.1374,2072,0
rep1,1.1374,2073,0
rep1,1.1375,2074,0
rep1,1.1376,2075,0
rep1,1.1377,2076,0
rep1,1.1377,2077,0
rep1,1.1381,2078,0
rep1,1.1382,2079,0
rep1,1.1382,2080,0
rep1,1.1386,2081,0
rep1,1.1386,2082,0
rep1,1.1386,2083,0
rep1,1.1387,2084,0
rep1,1.1389,2085,0
rep1,1.1391,2086,0
rep1,1.1395,2087,0
rep1,1.1396,2088,0
rep1,1.1397,2089,0
rep1,1.1397,2090,0
rep1,1.1398,2091,0
rep1,1.1399,2092,0
rep1,1.1402,2093,0
rep1,1.1402,2094,0
rep1,1.1403,2095,0
rep1,1.1405,2096,0
rep1,1.1407,2097,0
rep1,1.1408,2098,0
rep1,1.1408,2099,0
rep1,1.1409,2100,0
rep1,1.141,2101,0
rep1,1.1411,2102,0
rep1,1.1411,2103,0
rep1,1.1411,2104,0
rep1,1.1413,2105,0
rep1,1.1415,2106,0
rep1,1.1416,2107,0
rep1,1.1418,2108,0
rep1,1.1419,2109,0
rep1,1.1419,2110,0
rep1,1.1421,2111,0
rep1,1.1421,2112,0
rep1,1.1421,2113,0
rep1,1.1422,2114,0
rep1,1.1424,2115,0
rep1,1.1424,2116,0
rep1,1.1425,2117,0
rep1,1.1426,2118,0
rep1,1.1426,2119,0
rep1,1.1427,2120,0
rep1,1.1428,2121,0
rep1,1.1429,2122,0
rep1,1.1429,2123,0
rep1,1.1431,2124,0
rep1,1.1431,2125,0
rep1,1.1433,2126,0
rep1,1.1434,2127,0
rep1,1.1434,2128,0
rep1,1.1434,2129,0
rep1,1.1435,2130,0
rep1,1.1435,2131,0
rep1,1.1437,2132,0
rep1,1.1438,2133,0
rep1,1.1439,2134,0
rep1,1.144,2135,0
rep1,1.1441,2136,0
rep1,1.1443,2137,0
rep1,1.1443,2138,0
rep1,1.1443,2139,0
rep1,1.1444,2140,0
rep1,1.1444,2141,0
rep1,1.1445,2142,0
rep1,1.1445,2143,0
rep1,1.1446,2144,0
rep1,1.1446,2145,0
rep1,1.1446,2146,0
rep1,1.1446,2147,0
rep1,1.1447,2148,0
rep1,1.1447,2149,0
rep1,1.1448,2150,0
rep1,1.1448,2151,0
rep1,1.1448,2152,0
rep1,1.1448,2153,0
rep1,1.145,2154,0
rep1,1.145,2155,0
rep1,1.1451,2156,0
rep1,1.1451,2157,0
rep1,1.1451,2158,0
rep1,1.1452,2159,0
rep1,1.1452,2160,0
rep1,1.1453,2161,0
rep1,1.1453,2162,0
rep1,1.1453,2163,0
rep1,1.1455,2164,0
rep1,1.1455,2165,0
rep1,1.1456,2166,0
rep1,1.1457,2167,0
rep1,1.1457,2168,0
rep1,1.1457,2169,0
rep1,1.1458,2170,0
rep1,1.1459,2171,0
rep1,1.146,2172,0
rep1,1.1461,2173,0
rep1,1.1461,2174,0
rep1,1.1461,2175,0
rep1,1.1463,2176,0
rep1,1.1464,2177,0
rep1,1.1464,2178,0
rep1,1.1464,2179,0
rep1,1.1465,2180,0
rep1,1.1465,2181,0
rep1,1.1466,2182,0
rep1,1.1466,2183,0
rep1,1.1467,2184,0
rep1,1.1467,2185,0
rep1,1.1468,2186,0
rep1,1.1468,2187,0
rep1,1.1469,2188,0
rep1,1.1469,2189,0
rep1,1.147,2190,0
rep1,1.1472,2191,0
rep1,1.1474,2192,0
rep1,1.1474,2193,0
rep1,1.1474,2194,0
rep1,1.1474,2195,0
rep1,1.1474,2196,0
rep1,1.1474,2197,0
rep1,1.1475,2198,0
rep1,1.1475,2199,0
rep1,1.1476,2200,0
rep1,1.1477,2201,0
rep1,1.1478,2202,0
rep1,1.1479,2203,0
rep1,1.1479,2204,0
rep1,1.1481,2205,0
rep1,1.1481,2206,0
rep1,1.1482,2207,0
rep1,1.1483,2208,0
rep1,1.1484,2209,0
rep1,1.1485,2210,0
rep1,1.1485,2211,0
rep1,1.1485,2212,0
rep1,1.1486,2213,0
rep1,1.1486,2214,0
rep1,1.1487,2215,0
rep1,1.1487,2216,0
rep1,1.1487,2217,0
rep1,1.1488,2218,0
rep1,1.1488,2219,0
rep1,1.1489,2220,0
rep1,1.1489,2221,0
rep1,1.1491,2222,0
rep1,1.1492,2223,0
rep1,1.1494,2224,0
rep1,1.1495,2225,0
rep1,1.1496,2226,0
rep1,1.1497,2227,0
rep1,1.1497,2228,0
rep1,1.1498,2229,0
rep1,1.1499,2230,0
rep1,1.1499,2231,0
rep1,1.1499,2232,0
rep1,1.15,2233,0
rep1,1.1501,2234,0
rep1,1.1501,2235,0
rep1,1.1502,2236,0
rep1,1.1503,2237,0
rep1,1.1503,2238,0
rep1,1.1504,2239,0
rep1,1.1504,2240,0
rep1,1.1504,2241,0
rep1,1.1505,2242,0
rep1,1.1505,2243,0
rep1,1.1506,2244,0
rep1,1.1506,2245,0
rep1,1.1508,2246,0
rep1,1.1508,2247,0
rep1,1.1508,2248,0
rep1,1.1508,2249,0
rep1,1.1508,2250,0
rep1,1.1509,2251,0
rep1,1.1509,2252,0
rep1,1.151,2253,0
rep1,1.151,2254,0
rep1,1.151,2255,0
rep1,1.1511,2256,0
rep1,1.1511,2257,0
rep1,1.1511,2258,0
rep1,1.1512,2259,0
rep1,1.1512,2260,0
rep1,1.1513,2261,0
rep1,1.1513,2262,0
rep1,1.1516,2263,0
rep1,1.1517,2264,0
rep1,1.1519,2265,0
rep1,1.152,2266,0
rep1,1.152,2267,0
rep1,1.1521,2268,0
rep1,1.1522,2269,0
rep1,1.1523,2270,0
rep1,1.1525,2271,0
rep1,1.1526,2272,0
rep1,1.1526,2273,0
rep1,1.1527,2274,0
rep1,1.1527,2275,0
rep1,1.1528,2276,0
rep1,1.1528,2277,0
rep1,1.1529,2278,0
rep1,1.1529,2279,0
rep1,1.153,2280,0
rep1,1.1532,2281,0
rep1,1.1532,2282,0
rep1,1.1533,2283,0
rep1,1.1533,2284,0
rep1,1.1533,2285,0
rep1,1.1534,2286,0
rep1,1.1535,2287,0
rep1,1.1535,2288,0
rep1,1.1535,2289,0
rep1,1.1536,2290,0
rep1,1.1537,2291,0
rep1,1.1537,2292,0
rep1,1.1538,2293,0
rep1,1.1538,2294,0
rep1,1.1538,2295,0
rep1,1.1538,2296,0
rep1,1.1538,2297,0
rep1,1.1539,2298,0
rep1,1.1539,2299,0
rep1,1.1539,2300,0
rep1,1.154,2301,0
rep1,1.154,2302,0
rep1,1.154,2303,0
rep1,1.1541,2304,0
rep1,1.1542,2305,0
rep1,1.1543,2306,0
rep1,1.1543,2307,0
rep1,1.1544,2308,0
rep1,1.1544,2309,0
rep1,1.1544,2310,0
rep1,1.1545,2311,0
rep1,1.1547,2312,0
rep1,1.1548,2313,0
rep1,1.1548,2314,0
rep1,1.1549,2315,0
rep1,1.1549,2316,0
rep1,1.1551,2317,0
rep1,1.1551,2318,0
rep1,1.1552,2319,0
rep1,1.1552,2320,0
rep1,1.1553,2321,0
rep1,1.1553,2322,0
rep1,1.1553,2323,0
rep1,1.1554,2324,0
rep1,1.1555,2325,0
rep1,1.1555,2326,0
rep1,1.1556,2327,0
rep1,1.1556,2328,0
rep1,1.1557,2329,0
rep1,1.1557,2330,0
rep1,1.1557,2331,0
rep1,1.1557,2332,0
rep1,1.1559,2333,0
rep1,1.1559,2334,0
rep1,1.1561,2335,0
rep1,1.1562,2336,0
rep1,1.1562,2337,0
rep1,1.1563,2338,0
rep1,1.1564,2339,0
rep1,1.1566,2340,0
rep1,1.1567,2341,0
rep1,1.1568,2342,0
rep1,1.1568,2343,0
rep1,1.1571,2344,0
rep1,1.1572,2345,0
rep1,1.1572,2346,0
rep1,1.1572,2347,0
rep1,1.1572,2348,0
rep1,1.1573,2349,0
rep1,1.1573,2350,0
rep1,1.1574,2351,0
rep1,1.1574,2352,0
rep1,1.1574,2353,0
rep1,1.1575,2354,0
rep1,1.1576,2355,0
rep1,1.1576,2356,0
rep1,1.1576,2357,0
rep1,1.1577,2358,0
rep1,1.1577,2359,0
rep1,1.1578,2360,0
rep1,1.1578,2361,0
rep1,1.1579,2362,0
rep1,1.1579,2363,0
rep1,1.1581,2364,0
rep1,1.1581,2365,0
rep1,1.1584,2366,0
rep1,1.1586,2367,0
rep1,1.159,2368,0
rep1,1.1591,2369,0
rep1,1.1591,2370,0
rep1,1.1592,2371,0
rep1,1.1592,2372,0
rep1,1.1594,2373,0
rep1,1.1594,2374,0
rep1,1.1595,2375,0
rep1,1.1597,2376,0
rep1,1.1597,2377,0
rep1,1.1598,2378,0
rep1,1.1599,2379,0
rep1,1.1599,2380,0
rep1,1.16,2381,0
rep1,1.1601,2382,0
rep1,1.1601,2383,0
rep1,1.1601,2384,0
rep1,1.1601,2385,0
rep1,1.1601,2386,0
rep1,1.1601,2387,0
rep1,1.1602,2388,0
rep1,1.1602,2389,0
rep1,1.1603,2390,0
rep1,1.1604,2391,0
rep1,1.1604,2392,0
rep1,1.1604,2393,0
rep1,1.1605,2394,0
rep1,1.1605,2395,0
rep1,1.1606,2396,0
rep1,1.1607,2397,0
rep1,1.1608,2398,0
rep1,1.1608,2399,0
rep1,1.1609,2400,0
rep1,1.161,2401,0
rep1,1.1611,2402,0
rep1,1.1612,2403,0
rep1,1.1612,2404,0
rep1,1.1613,2405,0
rep1,1.1613,2406,0
rep1,1.1613,2407,0
rep1,1.1613,2408,0
rep1,1.1615,2409,0
rep1,1.1615,2410,0
rep1,1.1617,2411,0
rep1,1.1619,2412,0
rep1,1.162,2413,0
rep1,1.1621,2414,0
rep1,1.1622,2415,0
rep1,1.1622,2416,0
rep1,1.1623,2417,0
rep1,1.1623,2418,0
rep1,1.1624,2419,0
rep1,1.1624,2420,0
rep1,1.1625,2421,0
rep1,1.1625,2422,0
rep1,1.1626,2423,0
rep1,1.1626,2424,0
rep1,1.1626,2425,0
rep1,1.1627,2426,0
rep1,1.1627,2427,0
rep1,1.1628,2428,0
rep1,1.1628,2429,0
rep1,1.1629,2430,0
rep1,1.1629,2431,0
rep1,1.163,2432,0
rep1,1.1631,2433,0
rep1,1.1631,2434,0
rep1,1.1631,2435,0
rep1,1.1632,2436,0
rep1,1.1632,2437,0
rep1,1.1633,2438,0
rep1,1.1635,2439,0
rep1,1.1635,2440,0
rep1,1.1636,2441,0
rep1,1.1636,2442,0
rep1,1.1638,2443,0
rep1,1.1638,2444,0
rep1,1.1639,2445,0
rep1,1.164,2446,0
rep1,1.164,2447,0
rep1,1.1641,2448,0
rep1,1.1642,2449,0
rep1,1.1642,2450,0
rep1,1.1642,2451,0
rep1,1.1643,2452,0
rep1,1.1644,2453,0
rep1,1.1644,2454,0
rep1,1.1645,2455,0
rep1,1.1645,2456,0
rep1,1.1646,2457,0
rep1,1.1646,2458,0
rep1,1.1646,2459,0
rep1,1.1647,2460,0
rep1,1.1647,2461,0
rep1,1.1648,2462,0
rep1,1.1648,2463,0
rep1,1.1648,2464,0
rep1,1.165,2465,0
rep1,1.165,2466,0
rep1,1.165,2467,0
rep1,1.1651,2468,0
rep1,1.1653,2469,0
rep1,1.1653,2470,0
rep1,1.1653,2471,0
rep1,1.1654,2472,0
rep1,1.1654,2473,0
rep1,1.1655,2474,0
rep1,1.1655,2475,0
rep1,1.1656,2476,0
rep1,1.1656,2477,0
rep1,1.1657,2478,0
rep1,1.1657,2479,0
rep1,1.1658,2480,0
rep1,1.1658,2481,0
rep1,1.1658,2482,0
rep1,1.1659,2483,0
rep1,1.1659,2484,0
rep1,1.1661,2485,0
rep1,1.1662,2486,0
rep1,1.1665,2487,0
rep1,1.1665,2488,0
rep1,1.1668,2489,0
rep1,1.167,2490,0
rep1,1.167,2491,0
rep1,1.1671,2492,0
rep1,1.1672,2493,0
rep1,1.1673,2494,0
rep1,1.1673,2495,0
rep1,1.1674,2496,0
rep1,1.1674,2497,0
rep1,1.1676,2498,0
rep1,1.1676,2499,0
rep1,1.1676,2500,0
rep1,1.1677,2501,0
rep1,1.1678,2502,0
rep1,1.1678,2503,0
rep1,1.1678,2504,0
rep1,1.1678,2505,0
rep1,1.168,2506,0
rep1,1.168,2507,0
rep1,1.168,2508,0
rep1,1.1681,2509,0
rep1,1.1681,2510,0
rep1,1.1681,2511,0
rep1,1.1681,2512,0
rep1,1.1682,2513,0
rep1,1.1682,2514,0
rep1,1.1682,2515,0
rep1,1.1683,2516,0
rep1,1.1683,2517,0
rep1,1.1683,2518,0
rep1,1.1684,2519,0
rep1,1.1684,2520,0
rep1,1.1686,2521,0
rep1,1.1686,2522,0
rep1,1.1687,2523,0
rep1,1.1688,2524,0
rep1,1.1689,2525,0
rep1,1.1689,2526,0
rep1,1.169,2527,0
rep1,1.169,2528,0
rep1,1.1691,2529,0
rep1,1.1693,2530,0
rep1,1.1693,2531,0
rep1,1.1695,2532,0
rep1,1.1696,2533,0
rep1,1.1696,2534,0
rep1,1.1696,2535,0
rep1,1.1698,2536,0
rep1,1.1699,2537,0
rep1,1.1699,2538,0
rep1,1.17,2539,0
rep1,1.1701,2540,0
rep1,1.1701,2541,0
rep1,1.1702,2542,0
rep1,1.1702,2543,0
rep1,1.1703,2544,0
rep1,1.1704,2545,0
rep1,1.1704,2546,0
rep1,1.1704,2547,0
rep1,1.1705,2548,0
rep1,1.1707,2549,0
rep1,1.1708,2550,0
rep1,1.1708,2551,0
rep1,1.1709,2552,0
rep1,1.1709,2553,0
rep1,1.1709,2554,0
rep1,1.171,2555,0
rep1,1.1711,2556,0
rep1,1.1713,2557,0
rep1,1.1714,2558,0
rep1,1.1714,2559,0
rep1,1.1714,2560,0
rep1,1.1715,2561,0
rep1,1.1715,2562,0
rep1,1.1717,2563,0
rep1,1.1718,2564,0
rep1,1.1718,2565,0
rep1,1.172,2566,0
rep1,1.172,2567,0
rep1,1.1722,2568,0
rep1,1.1723,2569,0
rep1,1.1724,2570,0
rep1,1.1725,2571,0
rep1,1.1726,2572,0
rep1,1.1728,2573,0
rep1,1.173,2574,0
rep1,1.1731,2575,0
rep1,1.1731,2576,0
rep1,1.1732,2577,0
rep1,1.1732,2578,0
rep1,1.1732,2579,0
rep1,1.1732,2580,0
rep1,1.1733,2581,0
rep1,1.1733,2582,0
rep1,1.1734,2583,0
rep1,1.1735,2584,0
rep1,1.1735,2585,0
rep1,1.1736,2586,0
rep1,1.1736,2587,0
rep1,1.1738,2588,0
rep1,1.1739,2589,0
rep1,1.1741,2590,0
rep1,1.1741,2591,0
rep1,1.1741,2592,0
rep1,1.1742,2593,0
rep1,1.1743,2594,0
rep1,1.1744,2595,0
rep1,1.1744,2596,0
rep1,1.1744,2597,0
rep1,1.1745,2598,0
rep1,1.1745,2599,0
rep1,1.1746,2600,0
rep1,1.1746,2601,0
rep1,1.1747,2602,0
rep1,1.1747,2603,0
rep1,1.1749,2604,0
rep1,1.1749,2605,0
rep1,1.175,2606,0
rep1,1.175,2607,0
rep1,1.1751,2608,0
rep1,1.1751,2609,0
rep1,1.1752,2610,0
rep1,1.1752,2611,0
rep1,1.1752,2612,0
rep1,1.1752,2613,0
rep1,1.1753,2614,0
rep1,1.1755,2615,0
rep1,1.1755,2616,0
rep1,1.1756,2617,0
rep1,1.1756,2618,0
rep1,1.1757,2619,0
rep1,1.1757,2620,0
rep1,1.176,2621,0
rep1,1.176,2622,0
rep1,1.1761,2623,0
rep1,1.1761,2624,0
rep1,1.1762,2625,0
rep1,1.1762,2626,0
rep1,1.1763,2627,0
rep1,1.1764,2628,0
rep1,1.1764,2629,0
rep1,1.1766,2630,0
rep1,1.1766,2631,0
rep1,1.1768,2632,0
rep1,1.1768,2633,0
rep1,1.177,2634,0
rep1,1.1771,2635,0
rep1,1.1772,2636,0
rep1,1.1773,2637,0
rep1,1.1779,2638,0
rep1,1.1779,2639,0
rep1,1.1779,2640,0
rep1,1.178,2641,0
rep1,1.178,2642,0
rep1,1.178,2643,0
rep1,1.178,2644,0
rep1,1.1782,2645,0
rep1,1.1783,2646,0
rep1,1.1783,2647,0
rep1,1.1783,2648,0
rep1,1.1784,2649,0
rep1,1.1785,2650,0
rep1,1.1785,2651,0
rep1,1.1785,2652,0
rep1,1.1785,2653,0
rep1,1.1786,2654,0
rep1,1.1786,2655,0
rep1,1.1787,2656,0
rep1,1.1788,2657,0
rep1,1.1788,2658,0
rep1,1.1789,2659,0
rep1,1.1791,2660,0
rep1,1.1791,2661,0
rep1,1.1791,2662,0
rep1,1.1792,2663,0
rep1,1.1792,2664,0
rep1,1.1792,2665,0
rep1,1.1793,2666,0
rep1,1.1795,2667,0
rep1,1.1795,2668,0
rep1,1.1796,2669,0
rep1,1.1797,2670,0
rep1,1.1798,2671,0
rep1,1.1798,2672,0
rep1,1.1799,2673,0
rep1,1.1799,2674,0
rep1,1.1799,2675,0
rep1,1.18,2676,0
rep1,1.1801,2677,0
rep1,1.1801,2678,0
rep1,1.1802,2679,0
rep1,1.1802,2680,0
rep1,1.1802,2681,0
rep1,1.1803,2682,0
rep1,1.1803,2683,0
rep1,1.1805,2684,0
rep1,1.1805,2685,0
rep1,1.1805,2686,0
rep1,1.1805,2687,0
rep1,1.1806,2688,0
rep1,1.1806,2689,0
rep1,1.1806,2690,0
rep1,1.1809,2691,0
rep1,1.1809,2692,0
rep1,1.1809,2693,0
rep1,1.1809,2694,0
rep1,1.181,2695,0
rep1,1.181,2696,0
rep1,1.181,2697,0
rep1,1.181,2698,0
rep1,1.181,2699,0
rep1,1.1812,2700,0
rep1,1.1812,2701,0
rep1,1.1812,2702,0
rep1,1.1814,2703,0
rep1,1.1816,2704,0
rep1,1.1816,2705,0
rep1,1.1817,2706,0
rep1,1.1818,2707,0
rep1,1.1818,2708,0
rep1,1.1818,2709,0
rep1,1.1819,2710,0
rep1,1.1819,2711,0
rep1,1.182,2712,0
rep1,1.182,2713,0
rep1,1.182,2714,0
rep1,1.1821,2715,0
rep1,1.1821,2716,0
rep1,1.1821,2717,0
rep1,1.1822,2718,0
rep1,1.1822,2719,0
rep1,1.1822,2720,0
rep1,1.1822,2721,0
rep1,1.1824,2722,0
rep1,1.1825,2723,0
rep1,1.1825,2724,0
rep1,1.1826,2725,0
rep1,1.1827,2726,0
rep1,1.1828,2727,0
rep1,1.1828,2728,0
rep1,1.183,2729,0
rep1,1.1831,2730,0
rep1,1.1831,2731,0
rep1,1.1832,2732,0
rep1,1.1834,2733,0
rep1,1.1834,2734,0
rep1,1.1835,2735,0
rep1,1.1835,2736,0
rep1,1.1836,2737,0
rep1,1.1837,2738,0
rep1,1.1837,2739,0
rep1,1.1838,2740,0
rep1,1.1838,2741,0
rep1,1.1839,2742,0
rep1,1.1839,2743,0
rep1,1.184,2744,0
rep1,1.184,2745,0
rep1,1.1841,2746,0
rep1,1.1841,2747,0
rep1,1.1841,2748,0
rep1,1.1841,2749,0
rep1,1.1842,2750,0
rep1,1.1843,2751,0
rep1,1.1844,2752,0
rep1,1.1845,2753,0
rep1,1.1845,2754,0
rep1,1.1845,2755,0
rep1,1.1847,2756,0
rep1,1.1847,2757,0
rep1,1.1848,2758,0
rep1,1.1848,2759,0
rep1,1.1848,2760,0
rep1,1.1848,2761,0
rep1,1.1849,2762,0
rep1,1.1852,2763,0
rep1,1.1852,2764,0
rep1,1.1852,2765,0
rep1,1.1852,2766,0
rep1,1.1852,2767,0
rep1,1.1852,2768,0
rep1,1.1853,2769,0
rep1,1.1853,2770,0
rep1,1.1853,2771,0
rep1,1.1854,2772,0
rep1,1.1854,2773,0
rep1,1.1854,2774,0
rep1,1.1856,2775,0
rep1,1.1857,2776,0
rep1,1.1857,2777,0
rep1,1.1857,2778,0
rep1,1.1857,2779,0
rep1,1.1859,2780,0
rep1,1.1861,2781,0
rep1,1.1861,2782,0
rep1,1.1861,2783,0
rep1,1.1861,2784,0
rep1,1.1862,2785,0
rep1,1.1863,2786,0
rep1,1.1863,2787,0
rep1,1.1863,2788,0
rep1,1.1863,2789,0
rep1,1.1864,2790,0
rep1,1.1864,2791,0
rep1,1.1865,2792,0
rep1,1.1865,2793,0
rep1,1.1865,2794,0
rep1,1.1867,2795,0
rep1,1.1868,2796,0
rep1,1.1868,2797,0
rep1,1.1868,2798,0
rep1,1.1869,2799,0
rep1,1.1869,2800,0
rep1,1.187,2801,0
rep1,1.187,2802,0
rep1,1.1871,2803,0
rep1,1.1871,2804,0
rep1,1.1872,2805,0
rep1,1.1873,2806,0
rep1,1.1873,2807,0
rep1,1.1874,2808,0
rep1,1.1875,2809,0
rep1,1.1875,2810,0
rep1,1.1876,2811,0
rep1,1.1876,2812,0
rep1,1.1877,2813,0
rep1,1.1878,2814,0
rep1,1.1879,2815,0
rep1,1.1879,2816,0
rep1,1.188,2817,0
rep1,1.188,2818,0
rep1,1.1881,2819,0
rep1,1.1882,2820,0
rep1,1.1883,2821,0
rep1,1.1883,2822,0
rep1,1.1883,2823,0
rep1,1.1884,2824,0
rep1,1.1885,2825,0
rep1,1.1886,2826,0
rep1,1.1887,2827,0
rep1,1.1887,2828,0
rep1,1.1887,2829,0
rep1,1.1889,2830,0
rep1,1.189,2831,0
rep1,1.1891,2832,0
rep1,1.1891,2833,0
rep1,1.1892,2834,0
rep1,1.1892,2835,0
rep1,1.1892,2836,0
rep1,1.1892,2837,0
rep1,1.1893,2838,0
rep1,1.1894,2839,0
rep1,1.1894,2840,0
rep1,1.1896,2841,0
rep1,1.1897,2842,0
rep1,1.1898,2843,0
rep1,1.1898,2844,0
rep1,1.1898,2845,0
rep1,1.1899,2846,0
rep1,1.1899,2847,0
rep1,1.1899,2848,0
rep1,1.1901,2849,0
rep1,1.1902,2850,0
rep1,1.1903,2851,0
rep1,1.1903,2852,0
rep1,1.1904,2853,0
rep1,1.1904,2854,0
rep1,1.1905,2855,0
rep1,1.1907,2856,0
rep1,1.1907,2857,0
rep1,1.1908,2858,0
rep1,1.1908,2859,0
rep1,1.1909,2860,0
rep1,1.1909,2861,0
rep1,1.191,2862,0
rep1,1.191,2863,0
rep1,1.191,2864,0
rep1,1.1911,2865,0
rep1,1.1913,2866,0
rep1,1.1913,2867,0
rep1,1.1913,2868,0
rep1,1.1915,2869,0
rep1,1.1915,2870,0
rep1,1.1916,2871,0
rep1,1.1917,2872,0
rep1,1.1917,2873,0
rep1,1.1918,2874,0
rep1,1.1918,2875,0
rep1,1.192,2876,0
rep1,1.192,2877,0
rep1,1.1921,2878,0
rep1,1.1921,2879,0
rep1,1.1922,2880,0
rep1,1.1922,2881,0
rep1,1.1922,2882,0
rep1,1.1923,2883,0
rep1,1.1923,2884,0
rep1,1.1923,2885,0
rep1,1.1924,2886,0
rep1,1.1924,2887,0
rep1,1.1924,2888,0
rep1,1.1924,2889,0
rep1,1.1924,2890,0
rep1,1.1926,2891,0
rep1,1.1927,2892,0
rep1,1.1927,2893,0
rep1,1.1928,2894,0
rep1,1.1928,2895,0
rep1,1.193,2896,0
rep1,1.193,2897,0
rep1,1.1932,2898,0
rep1,1.1932,2899,0
rep1,1.1933,2900,0
rep1,1.1934,2901,0
rep1,1.1934,2902,0
rep1,1.1935,2903,0
rep1,1.1935,2904,0
rep1,1.1935,2905,0
rep1,1.1935,2906,0
rep1,1.1935,2907,0
rep1,1.1937,2908,0
rep1,1.1939,2909,0
rep1,1.1941,2910,0
rep1,1.1941,2911,0
rep1,1.1942,2912,0
rep1,1.1945,2913,0
rep1,1.1946,2914,0
rep1,1.1948,2915,0
rep1,1.1951,2916,0
rep1,1.1951,2917,0
rep1,1.1952,2918,0
rep1,1.1953,2919,0
rep1,1.1953,2920,0
rep1,1.1955,2921,0
rep1,1.1956,2922,0
rep1,1.1956,2923,0
rep1,1.1956,2924,0
rep1,1.1958,2925,0
rep1,1.1959,2926,0
rep1,1.196,2927,0
rep1,1.1961,2928,0
rep1,1.1962,2929,0
rep1,1.1965,2930,0
rep1,1.1966,2931,0
rep1,1.1966,2932,0
rep1,1.1966,2933,0
rep1,1.1967,2934,0
rep1,1.1968,2935,0
rep1,1.1968,2936,0
rep1,1.1968,2937,0
rep1,1.1969,2938,0
rep1,1.1969,2939,0
rep1,1.197,2940,0
rep1,1.197,2941,0
rep1,1.1973,2942,0
rep1,1.1973,2943,0
rep1,1.1973,2944,0
rep1,1.1975,2945,0
rep1,1.1975,2946,0
rep1,1.1975,2947,0
rep1,1.1976,2948,0
rep1,1.1977,2949,0
rep1,1.1977,2950,0
rep1,1.1977,2951,0
rep1,1.1978,2952,0
rep1,1.1978,2953,0
rep1,1.1979,2954,0
rep1,1.198,2955,0
rep1,1.1981,2956,0
rep1,1.1981,2957,0
rep1,1.1982,2958,0
rep1,1.1983,2959,0
rep1,1.1985,2960,0
rep1,1.1986,2961,0
rep1,1.1986,2962,0
rep1,1.1987,2963,0
rep1,1.1988,2964,0
rep1,1.1988,2965,0
rep1,1.1989,2966,0
rep1,1.199,2967,0
rep1,1.1991,2968,0
rep1,1.1991,2969,0
rep1,1.1992,2970,0
rep1,1.1992,2971,0
rep1,1.1992,2972,0
rep1,1.1993,2973,0
rep1,1.1994,2974,0
rep1,1.1994,2975,0
rep1,1.1995,2976,0
rep1,1.1995,2977,0
rep1,1.1996,2978,0
rep1,1.1996,2979,0
rep1,1.1998,2980,0
rep1,1.1998,2981,0
rep1,1.1998,2982,0
rep1,1.1998,2983,0
rep1,1.1999,2984,0
rep1,1.1999,2985,0
rep1,1.2,2986,0
rep1,1.2001,2987,0
rep1,1.2001,2988,0
rep1,1.2003,2989,0
rep1,1.2005,2990,0
rep1,1.2005,2991,0
rep1,1.2008,2992,0
rep1,1.2008,2993,0
rep1,1.2008,2994,0
rep1,1.201,2995,0
rep1,1.2011,2996,0
rep1,1.2011,2997,0
rep1,1.2012,2998,0
rep1,1.2013,2999,0
rep1,1.2013,3000,0
rep1,1.2014,3001,0
rep1,1.2015,3002,0
rep1,1.2016,3003,0
rep1,1.2016,3004,0
rep1,1.2016,3005,0
rep1,1.2017,3006,0
rep1,1.2017,3007,0
rep1,1.2018,3008,0
rep1,1.2019,3009,0
rep1,1.202,3010,0
rep1,1.202,3011,0
rep1,1.202,3012,0
rep1,1.2022,3013,0
rep1,1.2022,3014,0
rep1,1.2023,3015,0
rep1,1.2023,3016,0
rep1,1.2024,3017,0
rep1,1.2025,3018,0
rep1,1.2027,3019,0
rep1,1.2027,3020,0
rep1,1.2028,3021,0
rep1,1.2029,3022,0
rep1,1.2029,3023,0
rep1,1.2029,3024,0
rep1,1.203,3025,0
rep1,1.203,3026,0
rep1,1.203,3027,0
rep1,1.2031,3028,0
rep1,1.2031,3029,0
rep1,1.2031,3030,0
rep1,1.2032,3031,0
rep1,1.2033,3032,0
rep1,1.2033,3033,0
rep1,1.2035,3034,0
rep1,1.2036,3035,0
rep1,1.2036,3036,0
rep1,1.2037,3037,0
rep1,1.2039,3038,0
rep1,1.2039,3039,0
rep1,1.204,3040,0
rep1,1.2042,3041,0
rep1,1.2043,3042,0
rep1,1.2045,3043,0
rep1,1.2045,3044,0
rep1,1.2048,3045,0
rep1,1.2048,3046,0
rep1,1.2049,3047,0
rep1,1.2049,3048,0
rep1,1.2049,3049,0
rep1,1.205,3050,0
rep1,1.205,3051,0
rep1,1.205,3052,0
rep1,1.2051,3053,0
rep1,1.2053,3054,0
rep1,1.2054,3055,0
rep1,1.2056,3056,0
rep1,1.2056,3057,0
rep1,1.2058,3058,0
rep1,1.2059,3059,0
rep1,1.206,3060,0
rep1,1.2061,3061,0
rep1,1.2061,3062,0
rep1,1.2063,3063,0
rep1,1.2064,3064,0
rep1,1.2064,3065,0
rep1,1.2064,3066,0
rep1,1.2065,3067,0
rep1,1.2066,3068,0
rep1,1.2066,3069,0
rep1,1.2067,3070,0
rep1,1.2067,3071,0
rep1,1.2068,3072,0
rep1,1.2069,3073,0
rep1,1.207,3074,0
rep1,1.207,3075,0
rep1,1.207,3076,0
rep1,1.207,3077,0
rep1,1.2071,3078,0
rep1,1.2071,3079,0
rep1,1.2071,3080,0
rep1,1.2073,3081,0
rep1,1.2073,3082,0
rep1,1.2074,3083,0
rep1,1.2074,3084,0
rep1,1.2075,3085,0
rep1,1.2075,3086,0
rep1,1.2076,3087,0
rep1,1.2076,3088,0
rep1,1.2078,3089,0
rep1,1.208,3090,0
rep1,1.208,3091,0
rep1,1.2081,3092,0
rep1,1.2081,3093,0
rep1,1.2082,3094,0
rep1,1.2083,3095,0
rep1,1.2084,3096,0
rep1,1.2084,3097,0
rep1,1.2084,3098,0
rep1,1.2085,3099,0
rep1,1.2086,3100,0
rep1,1.2086,3101,0
rep1,1.2087,3102,0
rep1,1.2088,3103,0
rep1,1.2089,3104,0
rep1,1.2091,3105,0
rep1,1.2091,3106,0
rep1,1.2091,3107,0
rep1,1.2093,3108,0
rep1,1.2094,3109,0
rep1,1.2094,3110,0
rep1,1.2095,3111,0
rep1,1.2095,3112,0
rep1,1.2097,3113,0
rep1,1.2098,3114,0
rep1,1.2098,3115,0
rep1,1.21,3116,0
rep1,1.21,3117,0
rep1,1.2102,3118,0
rep1,1.2104,3119,0
rep1,1.2104,3120,0
rep1,1.2106,3121,0
rep1,1.2106,3122,0
rep1,1.2107,3123,0
rep1,1.2108,3124,0
rep1,1.211,3125,0
rep1,1.2111,3126,0
rep1,1.2112,3127,0
rep1,1.2113,3128,0
rep1,1.2114,3129,0
rep1,1.2114,3130,0
rep1,1.2115,3131,0
rep1,1.2116,3132,0
rep1,1.2117,3133,0
rep1,1.2117,3134,0
rep1,1.2118,3135,0
rep1,1.2119,3136,0
rep1,1.2119,3137,0
rep1,1.212,3138,0
rep1,1.2121,3139,0
rep1,1.2121,3140,0
rep1,1.2121,3141,0
rep1,1.2122,3142,0
rep1,1.2123,3143,0
rep1,1.2124,3144,0
rep1,1.2124,3145,0
rep1,1.2125,3146,0
rep1,1.2126,3147,0
rep1,1.2126,3148,0
rep1,1.2126,3149,0
rep1,1.2127,3150,0
rep1,1.2128,3151,0
rep1,1.2129,3152,0
rep1,1.213,3153,0
rep1,1.2131,3154,0
rep1,1.2132,3155,0
rep1,1.2132,3156,0
rep1,1.2132,3157,0
rep1,1.2133,3158,0
rep1,1.2133,3159,0
rep1,1.2134,3160,0
rep1,1.2136,3161,0
rep1,1.2137,3162,0
rep1,1.2138,3163,0
rep1,1.2138,3164,0
rep1,1.2138,3165,0
rep1,1.214,3166,0
rep1,1.2141,3167,0
rep1,1.2141,3168,0
rep1,1.2141,3169,0
rep1,1.2142,3170,0
rep1,1.2143,3171,0
rep1,1.2143,3172,0
rep1,1.2145,3173,0
rep1,1.2146,3174,0
rep1,1.2146,3175,0
rep1,1.2147,3176,0
rep1,1.2147,3177,0
rep1,1.2151,3178,0
rep1,1.2151,3179,0
rep1,1.2151,3180,0
rep1,1.2152,3181,0
rep1,1.2153,3182,0
rep1,1.2154,3183,0
rep1,1.2155,3184,0
rep1,1.2155,3185,0
rep1,1.2156,3186,0
rep1,1.2156,3187,0
rep1,1.2157,3188,0
rep1,1.2157,3189,0
rep1,1.2158,3190,0
rep1,1.2158,3191,0
rep1,1.216,3192,0
rep1,1.2162,3193,0
rep1,1.2162,3194,0
rep1,1.2163,3195,0
rep1,1.2164,3196,0
rep1,1.2165,3197,0
rep1,1.2165,3198,0
rep1,1.2166,3199,0
rep1,1.2167,3200,0
rep1,1.2167,3201,0
rep1,1.2168,3202,0
rep1,1.2168,3203,0
rep1,1.2169,3204,0
rep1,1.217,3205,0
rep1,1.217,3206,0
rep1,1.2171,3207,0
rep1,1.2172,3208,0
rep1,1.2172,3209,0
rep1,1.2173,3210,0
rep1,1.2174,3211,0
rep1,1.2175,3212,0
rep1,1.2175,3213,0
rep1,1.2176,3214,0
rep1,1.2176,3215,0
rep1,1.2178,3216,0
rep1,1.218,3217,0
rep1,1.2181,3218,0
rep1,1.2182,3219,0
rep1,1.2182,3220,0
rep1,1.2182,3221,0
rep1,1.2182,3222,0
rep1,1.2183,3223,0
rep1,1.2183,3224,0
rep1,1.2184,3225,0
rep1,1.2185,3226,0
rep1,1.2185,3227,0
rep1,1.2187,3228,0
rep1,1.2188,3229,0
rep1,1.2188,3230,0
rep1,1.2189,3231,0
rep1,1.2191,3232,0
rep1,1.2193,3233,0
rep1,1.2193,3234,0
rep1,1.2194,3235,0
rep1,1.2194,3236,0
rep1,1.2195,3237,0
rep1,1.2196,3238,0
rep1,1.2198,3239,0
rep1,1.2198,3240,0
rep1,1.2199,3241,0
rep1,1.22,3242,0
rep1,1.2201,3243,0
rep1,1.2202,3244,0
rep1,1.2202,3245,0
rep1,1.2203,3246,0
rep1,1.2204,3247,0
rep1,1.2206,3248,0
rep1,1.2206,3249,0
rep1,1.2206,3250,0
rep1,1.2208,3251,0
rep1,1.221,3252,0
rep1,1.221,3253,0
rep1,1.2211,3254,0
rep1,1.2211,3255,0
rep1,1.2212,3256,0
rep1,1.2212,3257,0
rep1,1.2212,3258,0
rep1,1.2212,3259,0
rep1,1.2213,3260,0
rep1,1.2214,3261,0
rep1,1.2215,3262,0
rep1,1.2216,3263,0
rep1,1.2217,3264,0
rep1,1.2218,3265,0
rep1,1.2219,3266,0
rep1,1.222,3267,0
rep1,1.222,3268,0
rep1,1.2221,3269,0
rep1,1.2222,3270,0
rep1,1.2222,3271,0
rep1,1.2223,3272,0
rep1,1.2223,3273,0
rep1,1.2224,3274,0
rep1,1.2225,3275,0
rep1,1.2226,3276,0
rep1,1.2227,3277,0
rep1,1.2227,3278,0
rep1,1.2227,3279,0
rep1,1.2228,3280,0
rep1,1.2228,3281,0
rep1,1.223,3282,0
rep1,1.223,3283,0
rep1,1.2231,3284,0
rep1,1.2232,3285,0
rep1,1.2232,3286,0
rep1,1.2233,3287,0
rep1,1.2236,3288,0
rep1,1.2238,3289,0
rep1,1.224,3290,0
rep1,1.224,3291,0
rep1,1.2241,3292,0
rep1,1.2241,3293,0
rep1,1.2242,3294,0
rep1,1.2243,3295,0
rep1,1.2243,3296,0
rep1,1.2244,3297,0
rep1,1.2245,3298,0
rep1,1.2245,3299,0
rep1,1.2246,3300,0
rep1,1.2247,3301,0
rep1,1.2247,3302,0
rep1,1.2247,3303,0
rep1,1.2248,3304,0
rep1,1.2249,3305,0
rep1,1.2251,3306,0
rep1,1.2253,3307,0
rep1,1.2255,3308,0
rep1,1.2257,3309,0
rep1,1.2257,3310,0
rep1,1.2258,3311,0
rep1,1.2258,3312,0
rep1,1.2259,3313,0
rep1,1.2259,3314,0
rep1,1.2259,3315,0
rep1,1.226,3316,0
rep1,1.2261,3317,0
rep1,1.2261,3318,0
rep1,1.2262,3319,0
rep1,1.2264,3320,0
rep1,1.2267,3321,0
rep1,1.2268,3322,0
rep1,1.2269,3323,0
rep1,1.2269,3324,0
rep1,1.2269,3325,0
rep1,1.2269,3326,0
rep1,1.227,3327,0
rep1,1.227,3328,0
rep1,1.2271,3329,0
rep1,1.2273,3330,0
rep1,1.2273,3331,0
rep1,1.2274,3332,0
rep1,1.2275,3333,0
rep1,1.2276,3334,0
rep1,1.2278,3335,0
rep1,1.2278,3336,0
rep1,1.2279,3337,0
rep1,1.228,3338,0
rep1,1.2283,3339,0
rep1,1.2283,3340,0
rep1,1.2284,3341,0
rep1,1.2284,3342,0
rep1,1.2285,3343,0
rep1,1.2285,3344,0
rep1,1.2285,3345,0
rep1,1.2288,3346,0
rep1,1.229,3347,0
rep1,1.2292,3348,0
rep1,1.2292,3349,0
rep1,1.2292,3350,0
rep1,1.2293,3351,0
rep1,1.2293,3352,0
rep1,1.2294,3353,0
rep1,1.2294,3354,0
rep1,1.2295,3355,0
rep1,1.2295,3356,0
rep1,1.2296,3357,0
rep1,1.2296,3358,0
rep1,1.2297,3359,0
rep1,1.2297,3360,0
rep1,1.2298,3361,0
rep1,1.2298,3362,0
rep1,1.2299,3363,0
rep1,1.23,3364,0
rep1,1.23,3365,0
rep1,1.2301,3366,0
rep1,1.2302,3367,0
rep1,1.2302,3368,0
rep1,1.2304,3369,0
rep1,1.2307,3370,0
rep1,1.2308,3371,0
rep1,1.2308,3372,0
rep1,1.2308,3373,0
rep1,1.231,3374,0
rep1,1.2311,3375,0
rep1,1.2312,3376,0
rep1,1.2312,3377,0
rep1,1.2313,3378,0
rep1,1.2314,3379,0
rep1,1.2315,3380,0
rep1,1.2315,3381,0
rep1,1.2316,3382,0
rep1,1.2316,3383,0
rep1,1.2317,3384,0
rep1,1.2319,3385,0
rep1,1.232,3386,0
rep1,1.2322,3387,0
rep1,1.2322,3388,0
rep1,1.2323,3389,0
rep1,1.2325,3390,0
rep1,1.2325,3391,0
rep1,1.2325,3392,0
rep1,1.2327,3393,0
rep1,1.2327,3394,0
rep1,1.233,3395,0
rep1,1.233,3396,0
rep1,1.2331,3397,0
rep1,1.2332,3398,0
rep1,1.2332,3399,0
rep1,1.2335,3400,0
rep1,1.2335,3401,0
rep1,1.2335,3402,0
rep1,1.2336,3403,0
rep1,1.2337,3404,0
rep1,1.2338,3405,0
rep1,1.2339,3406,0
rep1,1.234,3407,0
rep1,1.234,3408,0
rep1,1.2343,3409,0
rep1,1.2344,3410,0
rep1,1.2345,3411,0
rep1,1.2346,3412,0
rep1,1.2346,3413,0
rep1,1.2346,3414,0
rep1,1.2348,3415,0
rep1,1.2349,3416,0
rep1,1.235,3417,0
rep1,1.235,3418,0
rep1,1.235,3419,0
rep1,1.2352,3420,0
rep1,1.2353,3421,0
rep1,1.2355,3422,0
rep1,1.2356,3423,0
rep1,1.2359,3424,0
rep1,1.2359,3425,0
rep1,1.236,3426,0
rep1,1.2365,3427,0
rep1,1.2365,3428,0
rep1,1.2365,3429,0
rep1,1.2365,3430,0
rep1,1.2371,3431,0
rep1,1.2372,3432,0
rep1,1.2373,3433,0
rep1,1.2373,3434,0
rep1,1.2373,3435,0
rep1,1.2374,3436,0
rep1,1.2375,3437,0
rep1,1.2375,3438,0
rep1,1.2375,3439,0
rep1,1.2376,3440,0
rep1,1.2378,3441,0
rep1,1.2378,3442,0
rep1,1.2379,3443,0
rep1,1.2381,3444,0
rep1,1.2381,3445,0
rep1,1.2381,3446,0
rep1,1.2382,3447,0
rep1,1.2383,3448,0
rep1,1.2384,3449,0
rep1,1.2384,3450,0
rep1,1.2385,3451,0
rep1,1.2386,3452,0
rep1,1.2386,3453,0
rep1,1.2386,3454,0
rep1,1.2387,3455,0
rep1,1.2388,3456,0
rep1,1.2388,3457,0
rep1,1.2389,3458,0
rep1,1.239,3459,0
rep1,1.239,3460,0
rep1,1.2392,3461,0
rep1,1.2392,3462,0
rep1,1.2393,3463,0
rep1,1.2393,3464,0
rep1,1.2393,3465,0
rep1,1.2395,3466,0
rep1,1.2395,3467,0
rep1,1.2396,3468,0
rep1,1.2397,3469,0
rep1,1.2399,3470,0
rep1,1.2399,3471,0
rep1,1.2405,3472,0
rep1,1.2408,3473,0
rep1,1.2408,3474,0
rep1,1.2408,3475,0
rep1,1.2409,3476,0
rep1,1.241,3477,0
rep1,1.241,3478,0
rep1,1.2411,3479,0
rep1,1.2411,3480,0
rep1,1.2412,3481,0
rep1,1.2412,3482,0
rep1,1.2412,3483,0
rep1,1.2413,3484,0
rep1,1.2413,3485,0
rep1,1.2414,3486,0
rep1,1.2418,3487,0
rep1,1.2421,3488,0
rep1,1.2422,3489,0
rep1,1.2422,3490,0
rep1,1.2424,3491,0
rep1,1.2425,3492,0
rep1,1.2425,3493,0
rep1,1.2426,3494,0
rep1,1.2428,3495,0
rep1,1.2431,3496,0
rep1,1.2432,3497,0
rep1,1.2432,3498,0
rep1,1.2432,3499,0
rep1,1.2432,3500,0
rep1,1.2432,3501,0
rep1,1.2433,3502,0
rep1,1.2434,3503,0
rep1,1.2435,3504,0
rep1,1.2437,3505,0
rep1,1.2437,3506,0
rep1,1.2437,3507,0
rep1,1.244,3508,0
rep1,1.244,3509,0
rep1,1.2441,3510,0
rep1,1.2442,3511,0
rep1,1.2443,3512,0
rep1,1.2446,3513,0
rep1,1.2447,3514,0
rep1,1.2448,3515,0
rep1,1.2448,3516,0
rep1,1.2449,3517,0
rep1,1.245,3518,0
rep1,1.245,3519,0
rep1,1.2451,3520,0
rep1,1.2451,3521,0
rep1,1.2452,3522,0
rep1,1.2453,3523,0
rep1,1.2453,3524,0
rep1,1.2455,3525,0
rep1,1.2456,3526,0
rep1,1.2456,3527,0
rep1,1.2459,3528,0
rep1,1.246,3529,0
rep1,1.246,3530,0
rep1,1.2464,3531,0
rep1,1.2467,3532,0
rep1,1.2467,3533,0
rep1,1.247,3534,0
rep1,1.247,3535,0
rep1,1.247,3536,0
rep1,1.2471,3537,0
rep1,1.2473,3538,0
rep1,1.2473,3539,0
rep1,1.2474,3540,0
rep1,1.2475,3541,0
rep1,1.2477,3542,0
rep1,1.2478,3543,0
rep1,1.248,3544,0
rep1,1.2481,3545,0
rep1,1.2481,3546,0
rep1,1.2482,3547,0
rep1,1.2483,3548,0
rep1,1.2483,3549,0
rep1,1.2485,3550,0
rep1,1.2485,3551,0
rep1,1.2486,3552,0
rep1,1.2487,3553,0
rep1,1.2488,3554,0
rep1,1.2488,3555,0
rep1,1.2489,3556,0
rep1,1.2489,3557,0
rep1,1.2489,3558,0
rep1,1.2491,3559,0
rep1,1.2493,3560,0
rep1,1.2495,3561,0
rep1,1.2495,3562,0
rep1,1.2495,3563,0
rep1,1.2496,3564,0
rep1,1.2496,3565,0
rep1,1.2496,3566,0
rep1,1.2497,3567,0
rep1,1.2498,3568,0
rep1,1.2499,3569,0
rep1,1.2501,3570,0
rep1,1.2501,3571,0
rep1,1.2501,3572,0
rep1,1.2503,3573,0
rep1,1.2505,3574,0
rep1,1.2505,3575,0
rep1,1.2506,3576,0
rep1,1.2506,3577,0
rep1,1.2508,3578,0
rep1,1.251,3579,0
rep1,1.2511,3580,0
rep1,1.2511,3581,0
rep1,1.2511,3582,0
rep1,1.2514,3583,0
rep1,1.2514,3584,0
rep1,1.2514,3585,0
rep1,1.2515,3586,0
rep1,1.2516,3587,0
rep1,1.2518,3588,0
rep1,1.2518,3589,0
rep1,1.2518,3590,0
rep1,1.2519,3591,0
rep1,1.2519,3592,0
rep1,1.252,3593,0
rep1,1.252,3594,0
rep1,1.2521,3595,0
rep1,1.2521,3596,0
rep1,1.2522,3597,0
rep1,1.2522,3598,0
rep1,1.2524,3599,0
rep1,1.2525,3600,0
rep1,1.2528,3601,0
rep1,1.2529,3602,0
rep1,1.253,3603,0
rep1,1.2531,3604,0
rep1,1.2531,3605,0
rep1,1.2532,3606,0
rep1,1.2534,3607,0
rep1,1.2535,3608,0
rep1,1.2536,3609,0
rep1,1.2536,3610,0
rep1,1.2537,3611,0
rep1,1.2537,3612,0
rep1,1.2538,3613,0
rep1,1.2538,3614,0
rep1,1.2538,3615,0
rep1,1.2539,3616,0
rep1,1.2539,3617,0
rep1,1.2542,3618,0
rep1,1.2542,3619,0
rep1,1.2542,3620,0
rep1,1.2545,3621,0
rep1,1.2546,3622,0
rep1,1.2547,3623,0
rep1,1.2548,3624,0
rep1,1.2548,3625,0
rep1,1.255,3626,0
rep1,1.2552,3627,0
rep1,1.2552,3628,0
rep1,1.2555,3629,0
rep1,1.2556,3630,0
rep1,1.2556,3631,0
rep1,1.2557,3632,0
rep1,1.2557,3633,0
rep1,1.2558,3634,0
rep1,1.2558,3635,0
rep1,1.2559,3636,0
rep1,1.256,3637,0
rep1,1.256,3638,0
rep1,1.256,3639,0
rep1,1.2561,3640,0
rep1,1.2561,3641,0
rep1,1.2562,3642,0
rep1,1.2562,3643,0
rep1,1.2565,3644,0
rep1,1.2565,3645,0
rep1,1.2565,3646,0
rep1,1.2566,3647,0
rep1,1.2566,3648,0
rep1,1.2567,3649,0
rep1,1.2567,3650,0
rep1,1.2568,3651,0
rep1,1.2569,3652,0
rep1,1.257,3653,0
rep1,1.257,3654,0
rep1,1.2571,3655,0
rep1,1.2571,3656,0
rep1,1.2571,3657,0
rep1,1.2572,3658,0
rep1,1.2575,3659,0
rep1,1.2578,3660,0
rep1,1.2578,3661,0
rep1,1.2579,3662,0
rep1,1.258,3663,0
rep1,1.2581,3664,0
rep1,1.2581,3665,0
rep1,1.2582,3666,0
rep1,1.2582,3667,0
rep1,1.2585,3668,0
rep1,1.2586,3669,0
rep1,1.2587,3670,0
rep1,1.2587,3671,0
rep1,1.2587,3672,0
rep1,1.2588,3673,0
rep1,1.2589,3674,0
rep1,1.2589,3675,0
rep1,1.2589,3676,0
rep1,1.259,3677,0
rep1,1.2591,3678,0
rep1,1.2591,3679,0
rep1,1.2592,3680,0
rep1,1.2593,3681,0
rep1,1.2594,3682,0
rep1,1.2594,3683,0
rep1,1.2596,3684,0
rep1,1.2596,3685,0
rep1,1.2597,3686,0
rep1,1.2597,3687,0
rep1,1.2597,3688,0
rep1,1.2598,3689,0
rep1,1.2599,3690,0
rep1,1.2599,3691,0
rep1,1.26,3692,0
rep1,1.26,3693,0
rep1,1.26,3694,0
rep1,1.2601,3695,0
rep1,1.2604,3696,0
rep1,1.2604,3697,0
rep1,1.2605,3698,0
rep1,1.2607,3699,0
rep1,1.2608,3700,0
rep1,1.261,3701,0
rep1,1.2611,3702,0
rep1,1.2611,3703,0
rep1,1.2613,3704,0
rep1,1.2615,3705,0
rep1,1.2616,3706,0
rep1,1.2618,3707,0
rep1,1.2618,3708,0
rep1,1.2618,3709,0
rep1,1.2619,3710,0
rep1,1.262,3711,0
rep1,1.262,3712,0
rep1,1.2621,3713,0
rep1,1.2622,3714,0
rep1,1.2623,3715,0
rep1,1.2624,3716,0
rep1,1.2625,3717,0
rep1,1.2626,3718,0
rep1,1.2628,3719,0
rep1,1.2629,3720,0
rep1,1.2631,3721,0
rep1,1.2634,3722,0
rep1,1.2635,3723,0
rep1,1.2636,3724,0
rep1,1.2642,3725,0
rep1,1.2642,3726,0
rep1,1.2643,3727,0
rep1,1.2644,3728,0
rep1,1.2644,3729,0
rep1,1.2645,3730,0
rep1,1.2647,3731,0
rep1,1.2648,3732,0
rep1,1.2649,3733,0
rep1,1.265,3734,0
rep1,1.265,3735,0
rep1,1.265,3736,0
rep1,1.2652,3737,0
rep1,1.2653,3738,0
rep1,1.2655,3739,0
rep1,1.2655,3740,0
rep1,1.2655,3741,0
rep1,1.2656,3742,0
rep1,1.2656,3743,0
rep1,1.2656,3744,0
rep1,1.2658,3745,0
rep1,1.2659,3746,0
rep1,1.266,3747,0
rep1,1.2662,3748,0
rep1,1.2662,3749,0
rep1,1.2663,3750,0
rep1,1.2663,3751,0
rep1,1.2664,3752,0
rep1,1.2665,3753,0
rep1,1.2666,3754,0
rep1,1.2668,3755,0
rep1,1.2669,3756,0
rep1,1.2669,3757,0
rep1,1.2672,3758,0
rep1,1.2673,3759,0
rep1,1.2674,3760,0
rep1,1.2674,3761,0
rep1,1.2674,3762,0
rep1,1.2675,3763,0
rep1,1.2677,3764,0
rep1,1.2678,3765,0
rep1,1.2678,3766,0
rep1,1.2678,3767,0
rep1,1.2681,3768,0
rep1,1.2682,3769,0
rep1,1.2683,3770,0
rep1,1.2683,3771,0
rep1,1.2683,3772,0
rep1,1.2684,3773,0
rep1,1.2684,3774,0
rep1,1.2684,3775,0
rep1,1.2685,3776,0
rep1,1.2686,3777,0
rep1,1.2686,3778,0
rep1,1.2686,3779,0
rep1,1.2688,3780,0
rep1,1.2689,3781,0
rep1,1.269,3782,0
rep1,1.269,3783,0
rep1,1.2691,3784,0
rep1,1.2693,3785,0
rep1,1.2695,3786,0
rep1,1.2695,3787,0
rep1,1.2698,3788,0
rep1,1.2698,3789,0
rep1,1.2699,3790,0
rep1,1.2703,3791,0
rep1,1.2704,3792,0
rep1,1.2705,3793,0
rep1,1.2705,3794,0
rep1,1.2707,3795,0
rep1,1.2707,3796,0
rep1,1.2709,3797,0
rep1,1.2709,3798,0
rep1,1.271,3799,0
rep1,1.271,3800,0
rep1,1.271,3801,0
rep1,1.2711,3802,0
rep1,1.2711,3803,0
rep1,1.2714,3804,0
rep1,1.2716,3805,0
rep1,1.2717,3806,0
rep1,1.2717,3807,0
rep1,1.2717,3808,0
rep1,1.2718,3809,0
rep1,1.272,3810,0
rep1,1.2721,3811,0
rep1,1.2724,3812,0
rep1,1.2724,3813,0
rep1,1.2725,3814,0
rep1,1.2726,3815,0
rep1,1.2726,3816,0
rep1,1.2727,3817,0
rep1,1.2727,3818,0
rep1,1.2728,3819,0
rep1,1.2729,3820,0
rep1,1.273,3821,0
rep1,1.273,3822,0
rep1,1.273,3823,0
rep1,1.273,3824,0
rep1,1.273,3825,0
rep1,1.2732,3826,0
rep1,1.2732,3827,0
rep1,1.2733,3828,0
rep1,1.2734,3829,0
rep1,1.2736,3830,0
rep1,1.2739,3831,0
rep1,1.274,3832,0
rep1,1.2741,3833,0
rep1,1.2741,3834,0
rep1,1.2741,3835,0
rep1,1.2743,3836,0
rep1,1.2744,3837,0
rep1,1.2744,3838,0
rep1,1.2745,3839,0
rep1,1.2746,3840,0
rep1,1.2747,3841,0
rep1,1.275,3842,0
rep1,1.2751,3843,0
rep1,1.2753,3844,0
rep1,1.2757,3845,0
rep1,1.2757,3846,0
rep1,1.2759,3847,0
rep1,1.2759,3848,0
rep1,1.276,3849,0
rep1,1.276,3850,0
rep1,1.2762,3851,0
rep1,1.2762,3852,0
rep1,1.2767,3853,0
rep1,1.2768,3854,0
rep1,1.2768,3855,0
rep1,1.277,3856,0
rep1,1.2774,3857,0
rep1,1.2775,3858,0
rep1,1.2777,3859,0
rep1,1.2777,3860,0
rep1,1.2779,3861,0
rep1,1.2779,3862,0
rep1,1.2781,3863,0
rep1,1.2786,3864,0
rep1,1.2788,3865,0
rep1,1.2789,3866,0
rep1,1.279,3867,0
rep1,1.279,3868,0
rep1,1.279,3869,0
rep1,1.2791,3870,0
rep1,1.2792,3871,0
rep1,1.2793,3872,0
rep1,1.2793,3873,0
rep1,1.2793,3874,0
rep1,1.2795,3875,0
rep1,1.2796,3876,0
rep1,1.2797,3877,0
rep1,1.2797,3878,0
rep1,1.2798,3879,0
rep1,1.28,3880,0
rep1,1.28,3881,0
rep1,1.2802,3882,0
rep1,1.2802,3883,0
rep1,1.2802,3884,0
rep1,1.2802,3885,0
rep1,1.2804,3886,0
rep1,1.2805,3887,0
rep1,1.2806,3888,0
rep1,1.2806,3889,0
rep1,1.2807,3890,0
rep1,1.2809,3891,0
rep1,1.281,3892,0
rep1,1.281,3893,0
rep1,1.281,3894,0
rep1,1.2812,3895,0
rep1,1.2812,3896,0
rep1,1.2816,3897,0
rep1,1.2817,3898,0
rep1,1.2819,3899,0
rep1,1.2821,3900,0
rep1,1.2821,3901,0
rep1,1.2821,3902,0
rep1,1.2822,3903,0
rep1,1.2823,3904,0
rep1,1.2824,3905,0
rep1,1.2825,3906,0
rep1,1.2825,3907,0
rep1,1.2826,3908,0
rep1,1.2827,3909,0
rep1,1.283,3910,0
rep1,1.2834,3911,0
rep1,1.2835,3912,0
rep1,1.2835,3913,0
rep1,1.2836,3914,0
rep1,1.2837,3915,0
rep1,1.2838,3916,0
rep1,1.284,3917,0
rep1,1.284,3918,0
rep1,1.2841,3919,0
rep1,1.2843,3920,0
rep1,1.2844,3921,0
rep1,1.2845,3922,0
rep1,1.2846,3923,0
rep1,1.2847,3924,0
rep1,1.2848,3925,0
rep1,1.2849,3926,0
rep1,1.285,3927,0
rep1,1.2851,3928,0
rep1,1.2854,3929,0
rep1,1.2854,3930,0
rep1,1.2854,3931,0
rep1,1.2856,3932,0
rep1,1.2859,3933,0
rep1,1.2859,3934,0
rep1,1.2859,3935,0
rep1,1.2862,3936,0
rep1,1.2863,3937,0
rep1,1.2865,3938,0
rep1,1.2865,3939,0
rep1,1.2865,3940,0
rep1,1.2868,3941,0
rep1,1.2868,3942,0
rep1,1.2869,3943,0
rep1,1.2869,3944,0
rep1,1.2871,3945,0
rep1,1.2872,3946,0
rep1,1.2874,3947,0
rep1,1.2875,3948,0
rep1,1.2876,3949,0
rep1,1.2877,3950,0
rep1,1.2877,3951,0
rep1,1.288,3952,0
rep1,1.2881,3953,0
rep1,1.2882,3954,0
rep1,1.2883,3955,0
rep1,1.2884,3956,0
rep1,1.2888,3957,0
rep1,1.2888,3958,0
rep1,1.2889,3959,0
rep1,1.289,3960,0
rep1,1.2892,3961,0
rep1,1.2893,3962,0
rep1,1.2893,3963,0
rep1,1.2897,3964,0
rep1,1.2901,3965,0
rep1,1.2902,3966,0
rep1,1.2902,3967,0
rep1,1.2902,3968,0
rep1,1.2904,3969,0
rep1,1.2907,3970,0
rep1,1.2909,3971,0
rep1,1.2909,3972,0
rep1,1.2909,3973,0
rep1,1.291,3974,0
rep1,1.291,3975,0
rep1,1.2911,3976,0
rep1,1.2911,3977,0
rep1,1.2912,3978,0
rep1,1.2912,3979,0
rep1,1.2912,3980,0
rep1,1.2912,3981,0
rep1,1.2913,3982,0
rep1,1.2913,3983,0
rep1,1.2914,3984,0
rep1,1.2914,3985,0
rep1,1.2915,3986,0
rep1,1.2915,3987,0
rep1,1.2916,3988,0
rep1,1.2916,3989,0
rep1,1.2917,3990,0
rep1,1.2919,3991,0
rep1,1.2919,3992,0
rep1,1.2919,3993,0
rep1,1.2919,3994,0
rep1,1.292,3995,0
rep1,1.292,3996,0
rep1,1.2925,3997,0
rep1,1.2925,3998,0
rep1,1.2927,3999,0
rep1,1.2927,4000,0
rep1,1.2929,4001,0
rep1,1.2929,4002,0
rep1,1.293,4003,0
rep1,1.2931,4004,0
rep1,1.2932,4005,0
rep1,1.2935,4006,0
rep1,1.2935,4007,0
rep1,1.2937,4008,0
rep1,1.2938,4009,0
rep1,1.2938,4010,0
rep1,1.2939,4011,0
rep1,1.294,4012,0
rep1,1.2941,4013,0
rep1,1.2944,4014,0
rep1,1.2945,4015,0
rep1,1.2946,4016,0
rep1,1.2947,4017,0
rep1,1.2948,4018,0
rep1,1.2948,4019,0
rep1,1.2949,4020,0
rep1,1.295,4021,0
rep1,1.295,4022,0
rep1,1.2951,4023,0
rep1,1.2954,4024,0
rep1,1.2954,4025,0
rep1,1.2957,4026,0
rep1,1.2957,4027,0
rep1,1.2959,4028,0
rep1,1.2962,4029,0
rep1,1.2962,4030,0
rep1,1.2964,4031,0
rep1,1.2965,4032,0
rep1,1.2966,4033,0
rep1,1.2966,4034,0
rep1,1.2967,4035,0
rep1,1.2969,4036,0
rep1,1.2969,4037,0
rep1,1.297,4038,0
rep1,1.2972,4039,0
rep1,1.2972,4040,0
rep1,1.2973,4041,0
rep1,1.2973,4042,0
rep1,1.2975,4043,0
rep1,1.2975,4044,0
rep1,1.2976,4045,0
rep1,1.2979,4046,0
rep1,1.2979,4047,0
rep1,1.2979,4048,0
rep1,1.298,4049,0
rep1,1.2983,4050,0
rep1,1.2985,4051,0
rep1,1.2986,4052,0
rep1,1.2986,4053,0
rep1,1.2986,4054,0
rep1,1.2988,4055,0
rep1,1.299,4056,0
rep1,1.2994,4057,0
rep1,1.2995,4058,0
rep1,1.2996,4059,0
rep1,1.2999,4060,0
rep1,1.2999,4061,0
rep1,1.3,4062,0
rep1,1.3002,4063,0
rep1,1.3002,4064,0
rep1,1.3003,4065,0
rep1,1.3006,4066,0
rep1,1.3006,4067,0
rep1,1.3007,4068,0
rep1,1.3009,4069,0
rep1,1.3013,4070,0
rep1,1.3014,4071,0
rep1,1.3023,4072,0
rep1,1.3023,4073,0
rep1,1.3025,4074,0
rep1,1.3025,4075,0
rep1,1.3026,4076,0
rep1,1.3026,4077,0
rep1,1.3026,4078,0
rep1,1.3026,4079,0
rep1,1.3027,4080,0
rep1,1.3028,4081,0
rep1,1.3029,4082,0
rep1,1.3029,4083,0
rep1,1.303,4084,0
rep1,1.303,4085,0
rep1,1.3031,4086,0
rep1,1.3032,4087,0
rep1,1.3032,4088,0
rep1,1.3035,4089,0
rep1,1.3036,4090,0
rep1,1.3037,4091,0
rep1,1.3042,4092,0
rep1,1.3042,4093,0
rep1,1.3043,4094,0
rep1,1.3043,4095,0
rep1,1.3043,4096,0
rep1,1.3045,4097,0
rep1,1.3045,4098,0
rep1,1.3045,4099,0
rep1,1.3045,4100,0
rep1,1.3046,4101,0
rep1,1.3047,4102,0
rep1,1.3047,4103,0
rep1,1.3048,4104,0
rep1,1.3048,4105,0
rep1,1.3049,4106,0
rep1,1.3049,4107,0
rep1,1.3049,4108,0
rep1,1.3049,4109,0
rep1,1.3052,4110,0
rep1,1.3052,4111,0
rep1,1.3054,4112,0
rep1,1.3058,4113,0
rep1,1.3059,4114,0
rep1,1.3062,4115,0
rep1,1.3066,4116,0
rep1,1.3067,4117,0
rep1,1.3067,4118,0
rep1,1.3068,4119,0
rep1,1.3069,4120,0
rep1,1.3071,4121,0
rep1,1.3071,4122,0
rep1,1.3072,4123,0
rep1,1.3073,4124,0
rep1,1.3073,4125,0
rep1,1.3074,4126,0
rep1,1.3076,4127,0
rep1,1.3076,4128,0
rep1,1.3078,4129,0
rep1,1.3084,4130,0
rep1,1.3085,4131,0
rep1,1.3088,4132,0
rep1,1.3088,4133,0
rep1,1.3089,4134,0
rep1,1.309,4135,0
rep1,1.3092,4136,0
rep1,1.3092,4137,0
rep1,1.3092,4138,0
rep1,1.3093,4139,0
rep1,1.3094,4140,0
rep1,1.3094,4141,0
rep1,1.3095,4142,0
rep1,1.3095,4143,0
rep1,1.3097,4144,0
rep1,1.3098,4145,0
rep1,1.3098,4146,0
rep1,1.3098,4147,0
rep1,1.3101,4148,0
rep1,1.3101,4149,0
rep1,1.3103,4150,0
rep1,1.3104,4151,0
rep1,1.3106,4152,0
rep1,1.3107,4153,0
rep1,1.3107,4154,0
rep1,1.3109,4155,0
rep1,1.3111,4156,0
rep1,1.3112,4157,0
rep1,1.3118,4158,0
rep1,1.3118,4159,0
rep1,1.3118,4160,0
rep1,1.3119,4161,0
rep1,1.312,4162,0
rep1,1.3121,4163,0
rep1,1.3123,4164,0
rep1,1.3123,4165,0
rep1,1.3124,4166,0
rep1,1.3128,4167,0
rep1,1.313,4168,0
rep1,1.313,4169,0
rep1,1.3131,4170,0
rep1,1.3132,4171,0
rep1,1.3133,4172,0
rep1,1.3138,4173,0
rep1,1.3139,4174,0
rep1,1.314,4175,0
rep1,1.314,4176,0
rep1,1.3141,4177,0
rep1,1.3144,4178,0
rep1,1.3148,4179,0
rep1,1.315,4180,0
rep1,1.315,4181,0
rep1,1.3151,4182,0
rep1,1.3153,4183,0
rep1,1.3154,4184,0
rep1,1.3154,4185,0
rep1,1.3155,4186,0
rep1,1.3158,4187,0
rep1,1.3161,4188,0
rep1,1.3164,4189,0
rep1,1.3164,4190,0
rep1,1.3167,4191,0
rep1,1.3167,4192,0
rep1,1.3167,4193,0
rep1,1.3168,4194,0
rep1,1.3169,4195,0
rep1,1.3169,4196,0
rep1,1.3171,4197,0
rep1,1.3173,4198,0
rep1,1.3173,4199,0
rep1,1.3175,4200,0
rep1,1.3177,4201,0
rep1,1.3178,4202,0
rep1,1.3179,4203,0
rep1,1.3179,4204,0
rep1,1.3179,4205,0
rep1,1.318,4206,0
rep1,1.3181,4207,0
rep1,1.3192,4208,0
rep1,1.3192,4209,0
rep1,1.3194,4210,0
rep1,1.3196,4211,0
rep1,1.3198,4212,0
rep1,1.3198,4213,0
rep1,1.3199,4214,0
rep1,1.32,4215,0
rep1,1.3201,4216,0
rep1,1.3202,4217,0
rep1,1.3203,4218,0
rep1,1.3203,4219,0
rep1,1.3204,4220,0
rep1,1.3205,4221,0
rep1,1.3208,4222,0
rep1,1.3208,4223,0
rep1,1.321,4224,0
rep1,1.3211,4225,0
rep1,1.3212,4226,0
rep1,1.3212,4227,0
rep1,1.3214,4228,0
rep1,1.3215,4229,0
rep1,1.3215,4230,0
rep1,1.3216,4231,0
rep1,1.3217,4232,0
rep1,1.3217,4233,0
rep1,1.3217,4234,0
rep1,1.3218,4235,0
rep1,1.3219,4236,0
rep1,1.3219,4237,0
rep1,1.322,4238,0
rep1,1.322,4239,0
rep1,1.3222,4240,0
rep1,1.3222,4241,0
rep1,1.3223,4242,0
rep1,1.3224,4243,0
rep1,1.3226,4244,0
rep1,1.3227,4245,0
rep1,1.3227,4246,0
rep1,1.3228,4247,0
rep1,1.3229,4248,0
rep1,1.3229,4249,0
rep1,1.3231,4250,0
rep1,1.3232,4251,0
rep1,1.3232,4252,0
rep1,1.3233,4253,0
rep1,1.3233,4254,0
rep1,1.3234,4255,0
rep1,1.3235,4256,0
rep1,1.3235,4257,0
rep1,1.3236,4258,0
rep1,1.3236,4259,0
rep1,1.3237,4260,0
rep1,1.3238,4261,0
rep1,1.3239,4262,0
rep1,1.3243,4263,0
rep1,1.3247,4264,0
rep1,1.325,4265,0
rep1,1.325,4266,0
rep1,1.3251,4267,0
rep1,1.3251,4268,0
rep1,1.3251,4269,0
rep1,1.3256,4270,0
rep1,1.3256,4271,0
rep1,1.3256,4272,0
rep1,1.3257,4273,0
rep1,1.3258,4274,0
rep1,1.3263,4275,0
rep1,1.3264,4276,0
rep1,1.3264,4277,0
rep1,1.3265,4278,0
rep1,1.3266,4279,0
rep1,1.3267,4280,0
rep1,1.3268,4281,0
rep1,1.3269,4282,0
rep1,1.327,4283,0
rep1,1.3272,4284,0
rep1,1.3274,4285,0
rep1,1.3275,4286,0
rep1,1.3276,4287,0
rep1,1.3279,4288,0
rep1,1.328,4289,0
rep1,1.328,4290,0
rep1,1.3284,4291,0
rep1,1.3285,4292,0
rep1,1.3286,4293,0
rep1,1.3286,4294,0
rep1,1.3288,4295,0
rep1,1.3289,4296,0
rep1,1.329,4297,0
rep1,1.3291,4298,0
rep1,1.3295,4299,0
rep1,1.3296,4300,0
rep1,1.3296,4301,0
rep1,1.3297,4302,0
rep1,1.3298,4303,0
rep1,1.3298,4304,0
rep1,1.3301,4305,0
rep1,1.3302,4306,0
rep1,1.3302,4307,0
rep1,1.3309,4308,0
rep1,1.3311,4309,0
rep1,1.3312,4310,0
rep1,1.3316,4311,0
rep1,1.3317,4312,0
rep1,1.3319,4313,0
rep1,1.3321,4314,0
rep1,1.3322,4315,0
rep1,1.3324,4316,0
rep1,1.3326,4317,0
rep1,1.3328,4318,0
rep1,1.3329,4319,0
rep1,1.3329,4320,0
rep1,1.3331,4321,0
rep1,1.3333,4322,0
rep1,1.3334,4323,0
rep1,1.3337,4324,0
rep1,1.3338,4325,0
rep1,1.3339,4326,0
rep1,1.3345,4327,0
rep1,1.3349,4328,0
rep1,1.3352,4329,0
rep1,1.3353,4330,0
rep1,1.3354,4331,0
rep1,1.3355,4332,0
rep1,1.3356,4333,0
rep1,1.3358,4334,0
rep1,1.336,4335,0
rep1,1.3361,4336,0
rep1,1.3362,4337,0
rep1,1.3362,4338,0
rep1,1.3362,4339,0
rep1,1.3363,4340,0
rep1,1.3364,4341,0
rep1,1.3366,4342,0
rep1,1.3366,4343,0
rep1,1.3367,4344,0
rep1,1.3368,4345,0
rep1,1.3369,4346,0
rep1,1.337,4347,0
rep1,1.3373,4348,0
rep1,1.3376,4349,0
rep1,1.338,4350,0
rep1,1.338,4351,0
rep1,1.3383,4352,0
rep1,1.3385,4353,0
rep1,1.3387,4354,0
rep1,1.3389,4355,0
rep1,1.3389,4356,0
rep1,1.3393,4357,0
rep1,1.3394,4358,0
rep1,1.3397,4359,0
rep1,1.3401,4360,0
rep1,1.3402,4361,0
rep1,1.3402,4362,0
rep1,1.3405,4363,0
rep1,1.3405,4364,0
rep1,1.3406,4365,0
rep1,1.3407,4366,0
rep1,1.3408,4367,0
rep1,1.3412,4368,0
rep1,1.3414,4369,0
rep1,1.3415,4370,0
rep1,1.3417,4371,0
rep1,1.342,4372,0
rep1,1.3423,4373,0
rep1,1.3426,4374,0
rep1,1.3426,4375,0
rep1,1.3428,4376,0
rep1,1.343,4377,0
rep1,1.3431,4378,0
rep1,1.3432,4379,0
rep1,1.3439,4380,0
rep1,1.3441,4381,0
rep1,1.3444,4382,0
rep1,1.3445,4383,0
rep1,1.3446,4384,0
rep1,1.3446,4385,0
rep1,1.3447,4386,0
rep1,1.3448,4387,0
rep1,1.3448,4388,0
rep1,1.3454,4389,0
rep1,1.3455,4390,0
rep1,1.3465,4391,0
rep1,1.3465,4392,0
rep1,1.3466,4393,0
rep1,1.3469,4394,0
rep1,1.3473,4395,0
rep1,1.3474,4396,0
rep1,1.3474,4397,0
rep1,1.3478,4398,0
rep1,1.3487,4399,0
rep1,1.3487,4400,0
rep1,1.3488,4401,0
rep1,1.3488,4402,0
rep1,1.3491,4403,0
rep1,1.3493,4404,0
rep1,1.3493,4405,0
rep1,1.3494,4406,0
rep1,1.3495,4407,0
rep1,1.3499,4408,0
rep1,1.35,4409,0
rep1,1.3503,4410,0
rep1,1.3506,4411,0
rep1,1.3507,4412,0
rep1,1.3507,4413,0
rep1,1.3509,4414,0
rep1,1.3516,4415,0
rep1,1.3517,4416,0
rep1,1.3522,4417,0
rep1,1.3524,4418,0
rep1,1.3524,4419,0
rep1,1.3527,4420,0
rep1,1.3528,4421,0
rep1,1.3528,4422,0
rep1,1.3528,4423,0
rep1,1.3529,4424,0
rep1,1.3531,4425,0
rep1,1.3533,4426,0
rep1,1.3538,4427,0
rep1,1.354,4428,0
rep1,1.354,4429,0
rep1,1.3542,4430,0
rep1,1.3546,4431,0
rep1,1.3546,4432,0
rep1,1.355,4433,0
rep1,1.355,4434,0
rep1,1.3551,4435,0
rep1,1.3551,4436,0
rep1,1.3552,4437,0
rep1,1.3553,4438,0
rep1,1.3556,4439,0
rep1,1.3557,4440,0
rep1,1.3558,4441,0
rep1,1.356,4442,0
rep1,1.3561,4443,0
rep1,1.3562,4444,0
rep1,1.3565,4445,0
rep1,1.3567,4446,0
rep1,1.3568,4447,0
rep1,1.3569,4448,0
rep1,1.357,4449,0
rep1,1.357,4450,0
rep1,1.3571,4451,0
rep1,1.3573,4452,0
rep1,1.3574,4453,0
rep1,1.3577,4454,0
rep1,1.3577,4455,0
rep1,1.3579,4456,0
rep1,1.3579,4457,0
rep1,1.3581,4458,0
rep1,1.3584,4459,0
rep1,1.3585,4460,0
rep1,1.3589,4461,0
rep1,1.3589,4462,0
rep1,1.3596,4463,0
rep1,1.3596,4464,0
rep1,1.3597,4465,0
rep1,1.3599,4466,0
rep1,1.36,4467,0
rep1,1.3602,4468,0
rep1,1.3603,4469,0
rep1,1.3605,4470,0
rep1,1.3606,4471,0
rep1,1.3607,4472,0
rep1,1.3611,4473,0
rep1,1.3612,4474,0
rep1,1.3613,4475,0
rep1,1.3615,4476,0
rep1,1.3616,4477,0
rep1,1.3621,4478,0
rep1,1.3623,4479,0
rep1,1.3623,4480,0
rep1,1.3624,4481,0
rep1,1.3627,4482,0
rep1,1.3627,4483,0
rep1,1.3627,4484,0
rep1,1.3631,4485,0
rep1,1.3631,4486,0
rep1,1.3631,4487,0
rep1,1.3635,4488,0
rep1,1.3636,4489,0
rep1,1.3636,4490,0
rep1,1.3637,4491,0
rep1,1.3643,4492,0
rep1,1.3644,4493,0
rep1,1.3646,4494,0
rep1,1.3652,4495,0
rep1,1.3653,4496,0
rep1,1.3655,4497,0
rep1,1.3656,4498,0
rep1,1.366,4499,0
rep1,1.3662,4500,0
rep1,1.3663,4501,0
rep1,1.3667,4502,0
rep1,1.367,4503,0
rep1,1.3675,4504,0
rep1,1.3676,4505,0
rep1,1.3678,4506,0
rep1,1.3689,4507,0
rep1,1.3694,4508,0
rep1,1.3694,4509,0
rep1,1.3695,4510,0
rep1,1.3696,4511,0
rep1,1.3701,4512,0
rep1,1.3702,4513,0
rep1,1.3706,4514,0
rep1,1.3707,4515,0
rep1,1.3711,4516,0
rep1,1.3712,4517,0
rep1,1.3721,4518,0
rep1,1.3725,4519,0
rep1,1.3725,4520,0
rep1,1.3727,4521,0
rep1,1.3728,4522,0
rep1,1.373,4523,0
rep1,1.3732,4524,0
rep1,1.3734,4525,0
rep1,1.3735,4526,0
rep1,1.3736,4527,0
rep1,1.3737,4528,0
rep1,1.3752,4529,0
rep1,1.3756,4530,0
rep1,1.3758,4531,0
rep1,1.3758,4532,0
rep1,1.3759,4533,0
rep1,1.3759,4534,0
rep1,1.376,4535,0
rep1,1.3765,4536,0
rep1,1.3765,4537,0
rep1,1.3768,4538,0
rep1,1.377,4539,0
rep1,1.3772,4540,0
rep1,1.3773,4541,0
rep1,1.3774,4542,0
rep1,1.378,4543,0
rep1,1.3786,4544,0
rep1,1.3786,4545,0
rep1,1.3788,4546,0
rep1,1.3789,4547,0
rep1,1.379,4548,0
rep1,1.3792,4549,0
rep1,1.3793,4550,0
rep1,1.3794,4551,0
rep1,1.3795,4552,0
rep1,1.3797,4553,0
rep1,1.3798,4554,0
rep1,1.38,4555,0
rep1,1.3801,4556,0
rep1,1.3802,4557,0
rep1,1.3803,4558,0
rep1,1.3808,4559,0
rep1,1.3809,4560,0
rep1,1.3812,4561,0
rep1,1.3816,4562,0
rep1,1.3819,4563,0
rep1,1.3819,4564,0
rep1,1.3822,4565,0
rep1,1.3824,4566,0
rep1,1.3828,4567,0
rep1,1.3829,4568,0
rep1,1.3837,4569,0
rep1,1.3839,4570,0
rep1,1.384,4571,0
rep1,1.3841,4572,0
rep1,1.3844,4573,0
rep1,1.3845,4574,0
rep1,1.3847,4575,0
rep1,1.3848,4576,0
rep1,1.3849,4577,0
rep1,1.3851,4578,0
rep1,1.3853,4579,0
rep1,1.386,4580,0
rep1,1.3861,4581,0
rep1,1.3863,4582,0
rep1,1.3864,4583,0
rep1,1.3866,4584,0
rep1,1.3868,4585,0
rep1,1.3869,4586,0
rep1,1.387,4587,0
rep1,1.3874,4588,0
rep1,1.3874,4589,0
rep1,1.3875,4590,0
rep1,1.3876,4591,0
rep1,1.3876,4592,0
rep1,1.3881,4593,0
rep1,1.3882,4594,0
rep1,1.3882,4595,0
rep1,1.3886,4596,0
rep1,1.3887,4597,0
rep1,1.3891,4598,0
rep1,1.3892,4599,0
rep1,1.3895,4600,0
rep1,1.3903,4601,0
rep1,1.3905,4602,0
rep1,1.391,4603,0
rep1,1.3911,4604,0
rep1,1.3917,4605,0
rep1,1.3924,4606,0
rep1,1.3926,4607,0
rep1,1.3929,4608,0
rep1,1.3936,4609,0
rep1,1.3939,4610,0
rep1,1.394,4611,0
rep1,1.3944,4612,0
rep1,1.3944,4613,0
rep1,1.3946,4614,0
rep1,1.395,4615,0
rep1,1.3961,4616,0
rep1,1.3963,4617,0
rep1,1.3971,4618,0
rep1,1.3974,4619,0
rep1,1.3975,4620,0
rep1,1.398,4621,0
rep1,1.3982,4622,0
rep1,1.3983,4623,0
rep1,1.3995,4624,0
rep1,1.3998,4625,0
rep1,1.3999,4626,0
rep1,1.4,4627,0
rep1,1.4,4628,0
rep1,1.4002,4629,0
rep1,1.4014,4630,0
rep1,1.4015,4631,0
rep1,1.4016,4632,0
rep1,1.4016,4633,0
rep1,1.4018,4634,0
rep1,1.402,4635,0
rep1,1.403,4636,0
rep1,1.4033,4637,0
rep1,1.4036,4638,0
rep1,1.4037,4639,0
rep1,1.404,4640,0
rep1,1.4042,4641,0
rep1,1.4045,4642,0
rep1,1.4046,4643,0
rep1,1.4047,4644,0
rep1,1.4047,4645,0
rep1,1.4047,4646,0
rep1,1.4057,4647,0
rep1,1.4059,4648,0
rep1,1.406,4649,0
rep1,1.4064,4650,0
rep1,1.4067,4651,0
rep1,1.407,4652,0
rep1,1.4071,4653,0
rep1,1.4071,4654,0
rep1,1.4072,4655,0
rep1,1.4077,4656,0
rep1,1.4077,4657,0
rep1,1.4081,4658,0
rep1,1.4091,4659,0
rep1,1.4096,4660,0
rep1,1.4096,4661,0
rep1,1.4107,4662,0
rep1,1.4108,4663,0
rep1,1.4109,4664,0
rep1,1.4111,4665,0
rep1,1.4114,4666,0
rep1,1.4116,4667,0
rep1,1.4121,4668,0
rep1,1.4123,4669,0
rep1,1.4124,4670,0
rep1,1.4126,4671,0
rep1,1.4128,4672,0
rep1,1.4132,4673,0
rep1,1.4134,4674,0
rep1,1.4137,4675,0
rep1,1.4137,4676,0
rep1,1.4138,4677,0
rep1,1.4141,4678,0
rep1,1.4142,4679,0
rep1,1.4142,4680,0
rep1,1.4143,4681,0
rep1,1.4146,4682,0
rep1,1.4149,4683,0
rep1,1.4149,4684,0
rep1,1.4151,4685,0
rep1,1.4152,4686,0
rep1,1.4152,4687,0
rep1,1.4156,4688,0
rep1,1.4163,4689,0
rep1,1.4167,4690,0
rep1,1.4168,4691,0
rep1,1.4177,4692,0
rep1,1.4183,4693,0
rep1,1.4186,4694,0
rep1,1.4188,4695,0
rep1,1.4194,4696,0
rep1,1.4196,4697,0
rep1,1.4197,4698,0
rep1,1.4198,4699,0
rep1,1.4199,4700,0
rep1,1.4202,4701,0
rep1,1.4206,4702,0
rep1,1.4209,4703,0
rep1,1.421,4704,0
rep1,1.4214,4705,0
rep1,1.4215,4706,0
rep1,1.4218,4707,0
rep1,1.4221,4708,0
rep1,1.4228,4709,0
rep1,1.4229,4710,0
rep1,1.4242,4711,0
rep1,1.4243,4712,0
rep1,1.4244,4713,0
rep1,1.4245,4714,0
rep1,1.4246,4715,0
rep1,1.4262,4716,0
rep1,1.4263,4717,0
rep1,1.4268,4718,0
rep1,1.4275,4719,0
rep1,1.4284,4720,0
rep1,1.4289,4721,0
rep1,1.4289,4722,0
rep1,1.429,4723,0
rep1,1.429,4724,0
rep1,1.4294,4725,0
rep1,1.4303,4726,0
rep1,1.4303,4727,0
rep1,1.4304,4728,0
rep1,1.4306,4729,0
rep1,1.4309,4730,0
rep1,1.4317,4731,0
rep1,1.4321,4732,0
rep1,1.4321,4733,0
rep1,1.4321,4734,0
rep1,1.4321,4735,0
rep1,1.4323,4736,0
rep1,1.4328,4737,0
rep1,1.4331,4738,0
rep1,1.4335,4739,0
rep1,1.4343,4740,0
rep1,1.4344,4741,0
rep1,1.4349,4742,0
rep1,1.4352,4743,0
rep1,1.4353,4744,0
rep1,1.4357,4745,0
rep1,1.4357,4746,0
rep1,1.4359,4747,0
rep1,1.4365,4748,0
rep1,1.4368,4749,0
rep1,1.4369,4750,0
rep1,1.4371,4751,0
rep1,1.4385,4752,0
rep1,1.4387,4753,0
rep1,1.4389,4754,0
rep1,1.439,4755,0
rep1,1.4403,4756,0
rep1,1.4403,4757,0
rep1,1.4404,4758,0
rep1,1.4412,4759,0
rep1,1.4413,4760,0
rep1,1.4415,4761,0
rep1,1.4425,4762,0
rep1,1.4425,4763,0
rep1,1.4431,4764,0
rep1,1.4432,4765,0
rep1,1.4434,4766,0
rep1,1.4445,4767,0
rep1,1.4446,4768,0
rep1,1.4455,4769,0
rep1,1.4461,4770,0
rep1,1.4475,4771,0
rep1,1.4485,4772,0
rep1,1.4487,4773,0
rep1,1.4509,4774,0
rep1,1.4517,4775,0
rep1,1.4519,4776,0
rep1,1.4529,4777,0
rep1,1.4534,4778,0
rep1,1.454,4779,0
rep1,1.4543,4780,0
rep1,1.4545,4781,0
rep1,1.4554,4782,0
rep1,1.4558,4783,0
rep1,1.4559,4784,0
rep1,1.4566,4785,0
rep1,1.4581,4786,0
rep1,1.459,4787,0
rep1,1.4603,4788,0
rep1,1.4603,4789,0
rep1,1.4611,4790,0
rep1,1.4612,4791,0
rep1,1.4623,4792,0
rep1,1.4628,4793,0
rep1,1.4628,4794,0
rep1,1.463,4795,0
rep1,1.4635,4796,0
rep1,1.4636,4797,0
rep1,1.466,4798,0
rep1,1.4661,4799,0
rep1,1.4661,4800,0
rep1,1.4667,4801,0
rep1,1.4674,4802,0
rep1,1.4677,4803,0
rep1,1.4679,4804,0
rep1,1.468,4805,0
rep1,1.4686,4806,0
rep1,1.4689,4807,0
rep1,1.4692,4808,0
rep1,1.4692,4809,0
rep1,1.4709,4810,0
rep1,1.4722,4811,0
rep1,1.473,4812,0
rep1,1.4733,4813,0
rep1,1.4747,4814,0
rep1,1.4754,4815,0
rep1,1.4762,4816,0
rep1,1.4767,4817,0
rep1,1.4768,4818,0
rep1,1.4778,4819,0
rep1,1.4787,4820,0
rep1,1.4795,4821,0
rep1,1.4838,4822,0
rep1,1.4844,4823,0
rep1,1.4867,4824,0
rep1,1.489,4825,0
rep1,1.4899,4826,0
rep1,1.4914,4827,0
rep1,1.4917,4828,0
rep1,1.4944,4829,0
rep1,1.4947,4830,0
rep1,1.495,4831,0
rep1,1.4958,4832,0
rep1,1.4958,4833,0
rep1,1.497,4834,0
rep1,1.4972,4835,0
rep1,1.4978,4836,0
rep1,1.4982,4837,0
rep1,1.4985,4838,0
rep1,1.4987,4839,0
rep1,1.4988,4840,0
rep1,1.5005,4841,0
rep1,1.5022,4842,0
rep1,1.5024,4843,0
rep1,1.5025,4844,0
rep1,1.5042,4845,0
rep1,1.5056,4846,0
rep1,1.5059,4847,0
rep1,1.5077,4848,0
rep1,1.509,4849,0
rep1,1.5095,4850,0
rep1,1.5112,4851,0
rep1,1.5115,4852,0
rep1,1.5121,4853,0
rep1,1.5158,4854,0
rep1,1.516,4855,0
rep1,1.5164,4856,0
rep1,1.5164,4857,0
rep1,1.5184,4858,0
rep1,1.5196,4859,0
rep1,1.5222,4860,0
rep1,1.5237,4861,0
rep1,1.5256,4862,0
rep1,1.5257,4863,0
rep1,1.5286,4864,0
rep1,1.5289,4865,0
rep1,1.5292,4866,0
rep1,1.5307,4867,0
rep1,1.5314,4868,0
rep1,1.5324,4869,0
rep1,1.5325,4870,0
rep1,1.5327,4871,0
rep1,1.5328,4872,0
rep1,1.5333,4873,0
rep1,1.5359,4874,0
rep1,1.5373,4875,0
rep1,1.5376,4876,0
rep1,1.5394,4877,0
rep1,1.5435,4878,0
rep1,1.5449,4879,0
rep1,1.5454,4880,0
rep1,1.5466,4881,0
rep1,1.5466,4882,0
rep1,1.5486,4883,0
rep1,1.549,4884,0
rep1,1.5493,4885,0
rep1,1.5502,4886,0
rep1,1.5528,4887,0
rep1,1.5533,4888,0
rep1,1.5556,4889,0
rep1,1.556,4890,0
rep1,1.5568,4891,0
rep1,1.5574,4892,0
rep1,1.559,4893,0
rep1,1.5596,4894,0
rep1,1.562,4895,0
rep1,1.5633,4896,0
rep1,1.5683,4897,0
rep1,1.5684,4898,0
rep1,1.5716,4899,0
rep1,1.5734,4900,0
rep1,1.5744,4901,0
rep1,1.5791,4902,0
rep1,1.5801,4903,0
rep1,1.5803,4904,0
rep1,1.5814,4905,0
rep1,1.5822,4906,0
rep1,1.583,4907,0
rep1,1.5853,4908,0
rep1,1.5897,4909,0
rep1,1.5927,4910,0
rep1,1.593,4911,0
rep1,1.5957,4912,0
rep1,1.5973,4913,0
rep1,1.5981,4914,0
rep1,1.5983,4915,0
rep1,1.5993,4916,0
rep1,1.5993,4917,0
rep1,1.5994,4918,0
rep1,1.601,4919,0
rep1,1.6028,4920,0
rep1,1.6043,4921,0
rep1,1.6053,4922,0
rep1,1.6077,4923,0
rep1,1.6109,4924,0
rep1,1.6116,4925,0
rep1,1.6138,4926,0
rep1,1.6181,4927,0
rep1,1.6211,4928,0
rep1,1.623,4929,0
rep1,1.6233,4930,0
rep1,1.6252,4931,0
rep1,1.6309,4932,0
rep1,1.6357,4933,0
rep1,1.637,4934,0
rep1,1.6387,4935,0
rep1,1.6418,4936,0
rep1,1.652,4937,0
rep1,1.6559,4938,0
rep1,1.6591,4939,0
rep1,1.6674,4940,0
rep1,1.6676,4941,0
rep1,1.6721,4942,0
rep1,1.6722,4943,0
rep1,1.6789,4944,0
rep1,1.6812,4945,0
rep1,1.6816,4946,0
rep1,1.7009,4947,0
rep1,1.701,4948,0
rep1,1.7194,4949,0
rep1,1.7266,4950,0
rep1,1.7352,4951,0
rep1,1.7449,4952,0
rep1,1.7484,4953,0
rep1,1.7604,4954,0
rep1,1.7785,4955,0
rep1,1.8523,4956,0
rep1,2.0123,4957,0
rep1,2.0132,4958,0
rep1,2.0135,4959,0
rep1,2.0136,4960,0
rep1,2.014,4961,0
rep1,2.0141,4962,0
rep1,2.0141,4963,0
rep1,2.0142,4964,0
rep1,2.0145,4965,0
rep1,2.0155,4966,0
rep1,2.0165,4967,0
rep1,2.0188,4968,0
rep1,2.0189,4969,0
rep1,2.0195,4970,0
rep1,2.0195,4971,0
rep1,2.0209,4972,0
rep1,2.0227,4973,0
rep1,2.0233,4974,0
rep1,2.0257,4975,0
rep1,2.0262,4976,0
rep1,2.027,4977,0
rep1,2.0279,4978,0
rep1,2.0315,4979,0
rep1,2.0348,4980,0
rep1,2.0452,4981,0
rep1,2.0453,4982,0
rep1,2.0453,4983,0
rep1,2.0455,4984,0
rep1,2.0457,4985,0
rep1,2.0457,4986,0
rep1,2.0458,4987,0
rep1,2.0458,4988,0
rep1,2.0458,4989,0
rep1,2.046,4990,0
rep1,2.0462,4991,0
rep1,2.0462,4992,0
rep1,2.0463,4993,0
rep1,2.0463,4994,0
rep1,2.0467,4995,0
rep1,2.0468,4996,0
rep1,2.0469,4997,0
rep1,2.0469,4998,0
rep1,2.047,4999,0
rep1,2.047,5000,0
rep1,2.0471,5001,0
rep1,2.0471,5002,0
rep1,2.0471,5003,0
rep1,2.0473,5004,0
rep1,2.0474,5005,0
rep1,2.0474,5006,0
rep1,2.0474,5007,0
rep1,2.0474,5008,0
rep1,2.0475,5009,0
rep1,2.0475,5010,0
rep1,2.0475,5011,0
rep1,2.0475,5012,0
rep1,2.0477,5013,0
rep1,2.0477,5014,0
rep1,2.0478,5015,0
rep1,2.0479,5016,0
rep1,2.0483,5017,0
rep1,2.0484,5018,0
rep1,2.0485,5019,0
rep1,2.0486,5020,0
rep1,2.0487,5021,0
rep1,2.0487,5022,0
rep1,2.0491,5023,0
rep1,2.0492,5024,0
rep1,2.0495,5025,0
rep1,2.0496,5026,0
rep1,2.0497,5027,0
rep1,2.0498,5028,0
rep1,2.05,5029,0
rep1,2.0501,5030,0
rep1,2.0502,5031,0
rep1,2.0502,5032,0
rep1,2.0503,5033,0
rep1,2.0504,5034,0
rep1,2.0504,5035,0
rep1,2.0504,5036,0
rep1,2.0504,5037,0
rep1,2.0505,5038,0
rep1,2.0509,5039,0
rep1,2.051,5040,0
rep1,2.0512,5041,0
rep1,2.0518,5042,0
rep1,2.0519,5043,0
rep1,2.0521,5044,0
rep1,2.0529,5045,0
rep1,2.053,5046,0
rep1,2.0537,5047,0
rep1,2.0537,5048,0
rep1,2.0538,5049,0
rep1,2.054,5050,0
rep1,2.0542,5051,0
rep1,2.0542,5052,0
rep1,2.0543,5053,0
rep1,2.0546,5054,0
rep1,2.0546,5055,0
rep1,2.0551,5056,0
rep1,2.0556,5057,0
rep1,2.0558,5058,0
rep1,2.0563,5059,0
rep1,2.0564,5060,0
rep1,2.0565,5061,0
rep1,2.0567,5062,0
rep1,2.0572,5063,0
rep1,2.0573,5064,0
rep1,2.0578,5065,0
rep1,2.0591,5066,0
rep1,2.0592,5067,0
rep1,2.0593,5068,0
rep1,2.0595,5069,0
rep1,2.0601,5070,0
rep1,2.0605,5071,0
rep1,2.0607,5072,0
rep1,2.061,5073,0
rep1,2.0616,5074,0
rep1,2.0624,5075,0
rep1,2.0628,5076,0
rep1,2.063,5077,0
rep1,2.0631,5078,0
rep1,2.0634,5079,0
rep1,2.0634,5080,0
rep1,2.0638,5081,0
rep1,2.0639,5082,0
rep1,2.0644,5083,0
rep1,2.0666,5084,0
rep1,2.0678,5085,0
rep1,2.068,5086,0
rep1,2.0706,5087,0
rep1,2.071,5088,0
rep1,2.0714,5089,0
rep1,2.0715,5090,0
rep1,2.0717,5091,0
rep1,2.0748,5092,0
rep1,2.0787,5093,0
rep1,2.0788,5094,0
rep1,2.0788,5095,0
rep1,2.0788,5096,0
rep1,2.0788,5097,0
rep1,2.0789,5098,0
rep1,2.0789,5099,0
rep1,2.0789,5100,0
rep1,2.079,5101,0
rep1,2.0791,5102,0
rep1,2.0792,5103,0
rep1,2.0792,5104,0
rep1,2.0792,5105,0
rep1,2.0792,5106,0
rep1,2.0793,5107,0
rep1,2.0793,5108,0
rep1,2.0793,5109,0
rep1,2.0793,5110,0
rep1,2.0794,5111,0
rep1,2.0794,5112,0
rep1,2.0794,5113,0
rep1,2.0795,5114,0
rep1,2.0795,5115,0
rep1,2.0796,5116,0
rep1,2.0797,5117,0
rep1,2.0797,5118,0
rep1,2.0797,5119,0
rep1,2.0797,5120,0
rep1,2.0798,5121,0
rep1,2.0798,5122,0
rep1,2.0798,5123,0
rep1,2.0798,5124,0
rep1,2.0798,5125,0
rep1,2.0798,5126,0
rep1,2.0799,5127,0
rep1,2.0799,5128,0
rep1,2.08,5129,0
rep1,2.0801,5130,0
rep1,2.0801,5131,0
rep1,2.0801,5132,0
rep1,2.0801,5133,0
rep1,2.0801,5134,0
rep1,2.0801,5135,0
rep1,2.0801,5136,0
rep1,2.0802,5137,0
rep1,2.0802,5138,0
rep1,2.0802,5139,0
rep1,2.0803,5140,0
rep1,2.0803,5141,0
rep1,2.0803,5142,0
rep1,2.0803,5143,0
rep1,2.0804,5144,0
rep1,2.0804,5145,0
rep1,2.0804,5146,0
rep1,2.0805,5147,0
rep1,2.0805,5148,0
rep1,2.0805,5149,0
rep1,2.0806,5150,0
rep1,2.0806,5151,0
rep1,2.0806,5152,0
rep1,2.0806,5153,0
rep1,2.0806,5154,0
rep1,2.0807,5155,0
rep1,2.0807,5156,0
rep1,2.0807,5157,0
rep1,2.0808,5158,0
rep1,2.0808,5159,0
rep1,2.0808,5160,0
rep1,2.0808,5161,0
rep1,2.0809,5162,0
rep1,2.0809,5163,0
rep1,2.0809,5164,0
rep1,2.0809,5165,0
rep1,2.081,5166,0
rep1,2.081,5167,0
rep1,2.0811,5168,0
rep1,2.0811,5169,0
rep1,2.0812,5170,0
rep1,2.0812,5171,0
rep1,2.0813,5172,0
rep1,2.0813,5173,0
rep1,2.0814,5174,0
rep1,2.0814,5175,0
rep1,2.0814,5176,0
rep1,2.0815,5177,0
rep1,2.0815,5178,0
rep1,2.0816,5179,0
rep1,2.0817,5180,0
rep1,2.0818,5181,0
rep1,2.0818,5182,0
rep1,2.0818,5183,0
rep1,2.0819,5184,0
rep1,2.0819,5185,0
rep1,2.0819,5186,0
rep1,2.082,5187,0
rep1,2.082,5188,0
rep1,2.0821,5189,0
rep1,2.0821,5190,0
rep1,2.0821,5191,0
rep1,2.0822,5192,0
rep1,2.0822,5193,0
rep1,2.0823,5194,0
rep1,2.0823,5195,0
rep1,2.0823,5196,0
rep1,2.0823,5197,0
rep1,2.0824,5198,0
rep1,2.0824,5199,0
rep1,2.0825,5200,0
rep1,2.0825,5201,0
rep1,2.0825,5202,0
rep1,2.0825,5203,0
rep1,2.0825,5204,0
rep1,2.0826,5205,0
rep1,2.0826,5206,0
rep1,2.0826,5207,0
rep1,2.0826,5208,0
rep1,2.0827,5209,0
rep1,2.0828,5210,0
rep1,2.0828,5211,0
rep1,2.0828,5212,0
rep1,2.0828,5213,0
rep1,2.0828,5214,0
rep1,2.0829,5215,0
rep1,2.083,5216,0
rep1,2.083,5217,0
rep1,2.0831,5218,0
rep1,2.0833,5219,0
rep1,2.0833,5220,0
rep1,2.0833,5221,0
rep1,2.0834,5222,0
rep1,2.0835,5223,0
rep1,2.0835,5224,0
rep1,2.0836,5225,0
rep1,2.0836,5226,0
rep1,2.0837,5227,0
rep1,2.0837,5228,0
rep1,2.0837,5229,0
rep1,2.0837,5230,0
rep1,2.0837,5231,0
rep1,2.0837,5232,0
rep1,2.0838,5233,0
rep1,2.0838,5234,0
rep1,2.0838,5235,0
rep1,2.0838,5236,0
rep1,2.0838,5237,0
rep1,2.0839,5238,0
rep1,2.0839,5239,0
rep1,2.0839,5240,0
rep1,2.084,5241,0
rep1,2.084,5242,0
rep1,2.0841,5243,0
rep1,2.0841,5244,0
rep1,2.0841,5245,0
rep1,2.0842,5246,0
rep1,2.0843,5247,0
rep1,2.0844,5248,0
rep1,2.0844,5249,0
rep1,2.0845,5250,0
rep1,2.0845,5251,0
rep1,2.0846,5252,0
rep1,2.0846,5253,0
rep1,2.0846,5254,0
rep1,2.0846,5255,0
rep1,2.0846,5256,0
rep1,2.0847,5257,0
rep1,2.0847,5258,0
rep1,2.0847,5259,0
rep1,2.0848,5260,0
rep1,2.0849,5261,0
rep1,2.0849,5262,0
rep1,2.0849,5263,0
rep1,2.0849,5264,0
rep1,2.0851,5265,0
rep1,2.0851,5266,0
rep1,2.0851,5267,0
rep1,2.0852,5268,0
rep1,2.0853,5269,0
rep1,2.0854,5270,0
rep1,2.0855,5271,0
rep1,2.0859,5272,0
rep1,2.086,5273,0
rep1,2.086,5274,0
rep1,2.0861,5275,0
rep1,2.0861,5276,0
rep1,2.0862,5277,0
rep1,2.0863,5278,0
rep1,2.0863,5279,0
rep1,2.0863,5280,0
rep1,2.0864,5281,0
rep1,2.0865,5282,0
rep1,2.0865,5283,0
rep1,2.0865,5284,0
rep1,2.0865,5285,0
rep1,2.0867,5286,0
rep1,2.0867,5287,0
rep1,2.0868,5288,0
rep1,2.087,5289,0
rep1,2.0871,5290,0
rep1,2.0872,5291,0
rep1,2.0873,5292,0
rep1,2.0873,5293,0
rep1,2.0873,5294,0
rep1,2.0875,5295,0
rep1,2.0875,5296,0
rep1,2.0875,5297,0
rep1,2.0876,5298,0
rep1,2.0876,5299,0
rep1,2.0877,5300,0
rep1,2.0879,5301,0
rep1,2.0879,5302,0
rep1,2.0882,5303,0
rep1,2.0882,5304,0
rep1,2.0882,5305,0
rep1,2.0883,5306,0
rep1,2.0884,5307,0
rep1,2.0885,5308,0
rep1,2.0887,5309,0
rep1,2.0888,5310,0
rep1,2.0889,5311,0
rep1,2.089,5312,0
rep1,2.0891,5313,0
rep1,2.0892,5314,0
rep1,2.0893,5315,0
rep1,2.0894,5316,0
rep1,2.0894,5317,0
rep1,2.0895,5318,0
rep1,2.0895,5319,0
rep1,2.0895,5320,0
rep1,2.0897,5321,0
rep1,2.0897,5322,0
rep1,2.0898,5323,0
rep1,2.0898,5324,0
rep1,2.0899,5325,0
rep1,2.09,5326,0
rep1,2.09,5327,0
rep1,2.0902,5328,0
rep1,2.0902,5329,0
rep1,2.0903,5330,0
rep1,2.0903,5331,0
rep1,2.0904,5332,0
rep1,2.0904,5333,0
rep1,2.0905,5334,0
rep1,2.0906,5335,0
rep1,2.0906,5336,0
rep1,2.0907,5337,0
rep1,2.0907,5338,0
rep1,2.0907,5339,0
rep1,2.091,5340,0
rep1,2.0911,5341,0
rep1,2.0911,5342,0
rep1,2.0914,5343,0
rep1,2.0915,5344,0
rep1,2.0915,5345,0
rep1,2.0917,5346,0
rep1,2.0918,5347,0
rep1,2.0918,5348,0
rep1,2.0918,5349,0
rep1,2.0919,5350,0
rep1,2.0919,5351,0
rep1,2.0919,5352,0
rep1,2.092,5353,0
rep1,2.0922,5354,0
rep1,2.0925,5355,0
rep1,2.0926,5356,0
rep1,2.0926,5357,0
rep1,2.0927,5358,0
rep1,2.093,5359,0
rep1,2.0933,5360,0
rep1,2.0934,5361,0
rep1,2.0934,5362,0
rep1,2.0935,5363,0
rep1,2.0935,5364,0
rep1,2.0937,5365,0
rep1,2.094,5366,0
rep1,2.0943,5367,0
rep1,2.0943,5368,0
rep1,2.0944,5369,0
rep1,2.0945,5370,0
rep1,2.0946,5371,0
rep1,2.0946,5372,0
rep1,2.0952,5373,0
rep1,2.0953,5374,0
rep1,2.0953,5375,0
rep1,2.0953,5376,0
rep1,2.0954,5377,0
rep1,2.0957,5378,0
rep1,2.0965,5379,0
rep1,2.0967,5380,0
rep1,2.0969,5381,0
rep1,2.0974,5382,0
rep1,2.0976,5383,0
rep1,2.0977,5384,0
rep1,2.0978,5385,0
rep1,2.0979,5386,0
rep1,2.0979,5387,0
rep1,2.0985,5388,0
rep1,2.0985,5389,0
rep1,2.0986,5390,0
rep1,2.0987,5391,0
rep1,2.0987,5392,0
rep1,2.0989,5393,0
rep1,2.0992,5394,0
rep1,2.0993,5395,0
rep1,2.0994,5396,0
rep1,2.0994,5397,0
rep1,2.0995,5398,0
rep1,2.0995,5399,0
rep1,2.0997,5400,0
rep1,2.0998,5401,0
rep1,2.1,5402,0
rep1,2.1009,5403,0
rep1,2.1014,5404,0
rep1,2.1016,5405,0
rep1,2.1016,5406,0
rep1,2.1019,5407,0
rep1,2.102,5408,0
rep1,2.1024,5409,0
rep1,2.1024,5410,0
rep1,2.1025,5411,0
rep1,2.1026,5412,0
rep1,2.103,5413,0
rep1,2.1036,5414,0
rep1,2.1039,5415,0
rep1,2.1039,5416,0
rep1,2.1042,5417,0
rep1,2.1044,5418,0
rep1,2.1045,5419,0
rep1,2.1046,5420,0
rep1,2.1052,5421,0
rep1,2.1059,5422,0
rep1,2.1062,5423,0
rep1,2.1071,5424,0
rep1,2.1071,5425,0
rep1,2.1074,5426,0
rep1,2.1077,5427,0
rep1,2.1084,5428,0
rep1,2.109,5429,0
rep1,2.109,5430,0
rep1,2.1098,5431,0
rep1,2.1099,5432,0
rep1,2.1099,5433,0
rep1,2.11,5434,0
rep1,2.1104,5435,0
rep1,2.1105,5436,0
rep1,2.1105,5437,0
rep1,2.1106,5438,0
rep1,2.111,5439,0
rep1,2.1116,5440,0
rep1,2.1118,5441,0
rep1,2.112,5442,0
rep1,2.1121,5443,0
rep1,2.1122,5444,0
rep1,2.1123,5445,0
rep1,2.1123,5446,0
rep1,2.1123,5447,0
rep1,2.1124,5448,0
rep1,2.1125,5449,0
rep1,2.1125,5450,0
rep1,2.1127,5451,0
rep1,2.1127,5452,0
rep1,2.1128,5453,0
rep1,2.1129,5454,0
rep1,2.113,5455,0
rep1,2.113,5456,0
rep1,2.113,5457,0
rep1,2.1131,5458,0
rep1,2.1132,5459,0
rep1,2.1133,5460,0
rep1,2.1134,5461,0
rep1,2.1134,5462,0
rep1,2.1137,5463,0
rep1,2.1137,5464,0
rep1,2.1138,5465,0
rep1,2.1138,5466,0
rep1,2.1139,5467,0
rep1,2.1139,5468,0
rep1,2.1139,5469,0
rep1,2.114,5470,0
rep1,2.1142,5471,0
rep1,2.1145,5472,0
rep1,2.1145,5473,0
rep1,2.1145,5474,0
rep1,2.1146,5475,0
rep1,2.1146,5476,0
rep1,2.1148,5477,0
rep1,2.115,5478,0
rep1,2.1151,5479,0
rep1,2.1153,5480,0
rep1,2.1153,5481,0
rep1,2.1154,5482,0
rep1,2.1155,5483,0
rep1,2.1157,5484,0
rep1,2.1158,5485,0
rep1,2.1159,5486,0
rep1,2.1161,5487,0
rep1,2.1161,5488,0
rep1,2.1163,5489,0
rep1,2.1164,5490,0
rep1,2.1164,5491,0
rep1,2.1164,5492,0
rep1,2.1167,5493,0
rep1,2.1168,5494,0
rep1,2.1169,5495,0
rep1,2.1169,5496,0
rep1,2.1169,5497,0
rep1,2.117,5498,0
rep1,2.1172,5499,0
rep1,2.1172,5500,0
rep1,2.1173,5501,0
rep1,2.1174,5502,0
rep1,2.1175,5503,0
rep1,2.1176,5504,0
rep1,2.1177,5505,0
rep1,2.1178,5506,0
rep1,2.1178,5507,0
rep1,2.118,5508,0
rep1,2.118,5509,0
rep1,2.1181,5510,0
rep1,2.1181,5511,0
rep1,2.1183,5512,0
rep1,2.1185,5513,0
rep1,2.1186,5514,0
rep1,2.1188,5515,0
rep1,2.1189,5516,0
rep1,2.1191,5517,0
rep1,2.1191,5518,0
rep1,2.1193,5519,0
rep1,2.1194,5520,0
rep1,2.1195,5521,0
rep1,2.1196,5522,0
rep1,2.1201,5523,0
rep1,2.1202,5524,0
rep1,2.1205,5525,0
rep1,2.1206,5526,0
rep1,2.1207,5527,0
rep1,2.1209,5528,0
rep1,2.121,5529,0
rep1,2.1211,5530,0
rep1,2.1212,5531,0
rep1,2.1213,5532,0
rep1,2.1215,5533,0
rep1,2.1216,5534,0
rep1,2.1217,5535,0
rep1,2.1218,5536,0
rep1,2.1219,5537,0
rep1,2.122,5538,0
rep1,2.122,5539,0
rep1,2.122,5540,0
rep1,2.1221,5541,0
rep1,2.1221,5542,0
rep1,2.1222,5543,0
rep1,2.1222,5544,0
rep1,2.1223,5545,0
rep1,2.1223,5546,0
rep1,2.1225,5547,0
rep1,2.1234,5548,0
rep1,2.1243,5549,0
rep1,2.1243,5550,0
rep1,2.1247,5551,0
rep1,2.1249,5552,0
rep1,2.125,5553,0
rep1,2.1251,5554,0
rep1,2.1252,5555,0
rep1,2.1256,5556,0
rep1,2.126,5557,0
rep1,2.1264,5558,0
rep1,2.1278,5559,0
rep1,2.1279,5560,0
rep1,2.1279,5561,0
rep1,2.1281,5562,0
rep1,2.1285,5563,0
rep1,2.1286,5564,0
rep1,2.1289,5565,0
rep1,2.1292,5566,0
rep1,2.1294,5567,0
rep1,2.1294,5568,0
rep1,2.1295,5569,0
rep1,2.1297,5570,0
rep1,2.13,5571,0
rep1,2.1302,5572,0
rep1,2.1304,5573,0
rep1,2.1304,5574,0
rep1,2.1307,5575,0
rep1,2.1308,5576,0
rep1,2.1309,5577,0
rep1,2.131,5578,0
rep1,2.1313,5579,0
rep1,2.1314,5580,0
rep1,2.1319,5581,0
rep1,2.132,5582,0
rep1,2.1322,5583,0
rep1,2.1323,5584,0
rep1,2.1324,5585,0
rep1,2.133,5586,0
rep1,2.1334,5587,0
rep1,2.1338,5588,0
rep1,2.1338,5589,0
rep1,2.134,5590,0
rep1,2.1341,5591,0
rep1,2.1344,5592,0
rep1,2.1345,5593,0
rep1,2.1352,5594,0
rep1,2.1374,5595,0
rep1,2.1382,5596,0
rep1,2.1382,5597,0
rep1,2.1393,5598,0
rep1,2.1399,5599,0
rep1,2.14,5600,0
rep1,2.1408,5601,0
rep1,2.141,5602,0
rep1,2.1412,5603,0
rep1,2.1414,5604,0
rep1,2.1414,5605,0
rep1,2.1416,5606,0
rep1,2.1416,5607,0
rep1,2.1417,5608,0
rep1,2.142,5609,0
rep1,2.1423,5610,0
rep1,2.1427,5611,0
rep1,2.1429,5612,0
rep1,2.1432,5613,0
rep1,2.1454,5614,0
rep1,2.1456,5615,0
rep1,2.1458,5616,0
rep1,2.1461,5617,0
rep1,2.1461,5618,0
rep1,2.1465,5619,0
rep1,2.1466,5620,0
rep1,2.1467,5621,0
rep1,2.1471,5622,0
rep1,2.1471,5623,0
rep1,2.1471,5624,0
rep1,2.1472,5625,0
rep1,2.1472,5626,0
rep1,2.1475,5627,0
rep1,2.1478,5628,0
rep1,2.1478,5629,0
rep1,2.148,5630,0
rep1,2.1483,5631,0
rep1,2.1485,5632,0
rep1,2.1486,5633,0
rep1,2.1487,5634,0
rep1,2.1487,5635,0
rep1,2.1497,5636,0
rep1,2.1499,5637,0
rep1,2.1499,5638,0
rep1,2.1504,5639,0
rep1,2.1504,5640,0
rep1,2.1508,5641,0
rep1,2.1514,5642,0
rep1,2.1515,5643,0
rep1,2.1515,5644,0
rep1,2.1516,5645,0
rep1,2.1516,5646,0
rep1,2.1518,5647,0
rep1,2.1531,5648,0
rep1,2.1531,5649,0
rep1,2.1531,5650,0
rep1,2.1533,5651,0
rep1,2.1533,5652,0
rep1,2.1534,5653,0
rep1,2.1535,5654,0
rep1,2.1535,5655,0
rep1,2.1539,5656,0
rep1,2.1546,5657,0
rep1,2.1547,5658,0
rep1,2.1547,5659,0
rep1,2.1548,5660,0
rep1,2.1548,5661,0
rep1,2.1549,5662,0
rep1,2.1553,5663,0
rep1,2.1558,5664,0
rep1,2.1564,5665,0
rep1,2.1582,5666,0
rep1,2.1583,5667,0
rep1,2.1585,5668,0
rep1,2.1586,5669,0
rep1,2.1586,5670,0
rep1,2.1588,5671,0
rep1,2.1588,5672,0
rep1,2.1588,5673,0
rep1,2.1589,5674,0
rep1,2.1589,5675,0
rep1,2.16,5676,0
rep1,2.16,5677,0
rep1,2.1601,5678,0
rep1,2.1604,5679,0
rep1,2.1605,5680,0
rep1,2.1605,5681,0
rep1,2.1607,5682,0
rep1,2.1613,5683,0
rep1,2.1613,5684,0
rep1,2.1614,5685,0
rep1,2.1614,5686,0
rep1,2.1617,5687,0
rep1,2.162,5688,0
rep1,2.1623,5689,0
rep1,2.1623,5690,0
rep1,2.1624,5691,0
rep1,2.1628,5692,0
rep1,2.1628,5693,0
rep1,2.1631,5694,0
rep1,2.1633,5695,0
rep1,2.1634,5696,0
rep1,2.1638,5697,0
rep1,2.1639,5698,0
rep1,2.164,5699,0
rep1,2.164,5700,0
rep1,2.1645,5701,0
rep1,2.165,5702,0
rep1,2.1651,5703,0
rep1,2.1651,5704,0
rep1,2.1655,5705,0
rep1,2.1656,5706,0
rep1,2.1656,5707,0
rep1,2.1669,5708,0
rep1,2.1673,5709,0
rep1,2.1673,5710,0
rep1,2.1675,5711,0
rep1,2.1678,5712,0
rep1,2.1678,5713,0
rep1,2.1679,5714,0
rep1,2.1679,5715,0
rep1,2.1681,5716,0
rep1,2.1683,5717,0
rep1,2.1684,5718,0
rep1,2.1687,5719,0
rep1,2.1688,5720,0
rep1,2.1691,5721,0
rep1,2.1694,5722,0
rep1,2.1694,5723,0
rep1,2.1695,5724,0
rep1,2.1695,5725,0
rep1,2.1697,5726,0
rep1,2.1698,5727,0
rep1,2.1698,5728,0
rep1,2.17,5729,0
rep1,2.1702,5730,0
rep1,2.1711,5731,0
rep1,2.1714,5732,0
rep1,2.1715,5733,0
rep1,2.1717,5734,0
rep1,2.1722,5735,0
rep1,2.1724,5736,0
rep1,2.1726,5737,0
rep1,2.1727,5738,0
rep1,2.1729,5739,0
rep1,2.1729,5740,0
rep1,2.173,5741,0
rep1,2.173,5742,0
rep1,2.1731,5743,0
rep1,2.1734,5744,0
rep1,2.1752,5745,0
rep1,2.1752,5746,0
rep1,2.1757,5747,0
rep1,2.1763,5748,0
rep1,2.1765,5749,0
rep1,2.1765,5750,0
rep1,2.1774,5751,0
rep1,2.1775,5752,0
rep1,2.1775,5753,0
rep1,2.1779,5754,0
rep1,2.1781,5755,0
rep1,2.1781,5756,0
rep1,2.1785,5757,0
rep1,2.1787,5758,0
rep1,2.1789,5759,0
rep1,2.1789,5760,0
rep1,2.1794,5761,0
rep1,2.1796,5762,0
rep1,2.1797,5763,0
rep1,2.1797,5764,0
rep1,2.1798,5765,0
rep1,2.18,5766,0
rep1,2.1801,5767,0
rep1,2.1801,5768,0
rep1,2.1804,5769,0
rep1,2.1804,5770,0
rep1,2.1806,5771,0
rep1,2.1806,5772,0
rep1,2.1807,5773,0
rep1,2.1811,5774,0
rep1,2.1812,5775,0
rep1,2.1813,5776,0
rep1,2.1816,5777,0
rep1,2.1816,5778,0
rep1,2.1816,5779,0
rep1,2.1817,5780,0
rep1,2.1818,5781,0
rep1,2.1819,5782,0
rep1,2.182,5783,0
rep1,2.1822,5784,0
rep1,2.1824,5785,0
rep1,2.1826,5786,0
rep1,2.183,5787,0
rep1,2.1831,5788,0
rep1,2.1833,5789,0
rep1,2.1833,5790,0
rep1,2.1834,5791,0
rep1,2.1834,5792,0
rep1,2.1835,5793,0
rep1,2.1836,5794,0
rep1,2.1837,5795,0
rep1,2.1838,5796,0
rep1,2.184,5797,0
rep1,2.1845,5798,0
rep1,2.1846,5799,0
rep1,2.1852,5800,0
rep1,2.1854,5801,0
rep1,2.1855,5802,0
rep1,2.1856,5803,0
rep1,2.1858,5804,0
rep1,2.1859,5805,0
rep1,2.1859,5806,0
rep1,2.186,5807,0
rep1,2.1864,5808,0
rep1,2.1866,5809,0
rep1,2.1867,5810,0
rep1,2.1868,5811,0
rep1,2.187,5812,0
rep1,2.187,5813,0
rep1,2.1871,5814,0
rep1,2.1872,5815,0
rep1,2.1873,5816,0
rep1,2.1873,5817,0
rep1,2.1877,5818,0
rep1,2.1877,5819,0
rep1,2.1882,5820,0
rep1,2.1883,5821,0
rep1,2.1883,5822,0
rep1,2.1886,5823,0
rep1,2.1886,5824,0
rep1,2.1891,5825,0
rep1,2.1891,5826,0
rep1,2.1892,5827,0
rep1,2.1895,5828,0
rep1,2.1897,5829,0
rep1,2.1902,5830,0
rep1,2.1903,5831,0
rep1,2.1903,5832,0
rep1,2.1906,5833,0
rep1,2.1906,5834,0
rep1,2.191,5835,0
rep1,2.191,5836,0
rep1,2.1913,5837,0
rep1,2.1915,5838,0
rep1,2.1917,5839,0
rep1,2.1919,5840,0
rep1,2.1922,5841,0
rep1,2.1924,5842,0
rep1,2.1924,5843,0
rep1,2.1927,5844,0
rep1,2.193,5845,0
rep1,2.193,5846,0
rep1,2.1933,5847,0
rep1,2.1938,5848,0
rep1,2.1939,5849,0
rep1,2.1939,5850,0
rep1,2.1941,5851,0
rep1,2.1941,5852,0
rep1,2.1941,5853,0
rep1,2.1943,5854,0
rep1,2.1944,5855,0
rep1,2.1947,5856,0
rep1,2.195,5857,0
rep1,2.1952,5858,0
rep1,2.1954,5859,0
rep1,2.1955,5860,0
rep1,2.1955,5861,0
rep1,2.1956,5862,0
rep1,2.1957,5863,0
rep1,2.1957,5864,0
rep1,2.196,5865,0
rep1,2.1961,5866,0
rep1,2.1962,5867,0
rep1,2.1963,5868,0
rep1,2.1968,5869,0
rep1,2.197,5870,0
rep1,2.1972,5871,0
rep1,2.1975,5872,0
rep1,2.1975,5873,0
rep1,2.1977,5874,0
rep1,2.198,5875,0
rep1,2.198,5876,0
rep1,2.1981,5877,0
rep1,2.1983,5878,0
rep1,2.1983,5879,0
rep1,2.1985,5880,0
rep1,2.1986,5881,0
rep1,2.1987,5882,0
rep1,2.1988,5883,0
rep1,2.1991,5884,0
rep1,2.1993,5885,0
rep1,2.1993,5886,0
rep1,2.1993,5887,0
rep1,2.1993,5888,0
rep1,2.1995,5889,0
rep1,2.1995,5890,0
rep1,2.1997,5891,0
rep1,2.1999,5892,0
rep1,2.2003,5893,0
rep1,2.2006,5894,0
rep1,2.2006,5895,0
rep1,2.2007,5896,0
rep1,2.2014,5897,0
rep1,2.2016,5898,0
rep1,2.2019,5899,0
rep1,2.202,5900,0
rep1,2.202,5901,0
rep1,2.2023,5902,0
rep1,2.2024,5903,0
rep1,2.2025,5904,0
rep1,2.2026,5905,0
rep1,2.2027,5906,0
rep1,2.2027,5907,0
rep1,2.2031,5908,0
rep1,2.2034,5909,0
rep1,2.2035,5910,0
rep1,2.2036,5911,0
rep1,2.204,5912,0
rep1,2.2041,5913,0
rep1,2.2041,5914,0
rep1,2.2043,5915,0
rep1,2.2044,5916,0
rep1,2.2047,5917,0
rep1,2.2049,5918,0
rep1,2.2052,5919,0
rep1,2.2054,5920,0
rep1,2.2055,5921,0
rep1,2.2057,5922,0
rep1,2.2059,5923,0
rep1,2.2059,5924,0
rep1,2.2061,5925,0
rep1,2.2062,5926,0
rep1,2.2062,5927,0
rep1,2.2064,5928,0
rep1,2.2064,5929,0
rep1,2.2066,5930,0
rep1,2.207,5931,0
rep1,2.2072,5932,0
rep1,2.2074,5933,0
rep1,2.208,5934,0
rep1,2.2082,5935,0
rep1,2.2084,5936,0
rep1,2.2085,5937,0
rep1,2.2089,5938,0
rep1,2.2093,5939,0
rep1,2.2093,5940,0
rep1,2.2093,5941,0
rep1,2.2097,5942,0
rep1,2.2098,5943,0
rep1,2.2101,5944,0
rep1,2.2104,5945,0
rep1,2.2105,5946,0
rep1,2.2106,5947,0
rep1,2.2106,5948,0
rep1,2.2108,5949,0
rep1,2.2113,5950,0
rep1,2.2113,5951,0
rep1,2.2116,5952,0
rep1,2.2121,5953,0
rep1,2.2124,5954,0
rep1,2.2124,5955,0
rep1,2.2125,5956,0
rep1,2.2127,5957,0
rep1,2.2127,5958,0
rep1,2.2128,5959,0
rep1,2.2129,5960,0
rep1,2.2133,5961,0
rep1,2.2133,5962,0
rep1,2.2138,5963,0
rep1,2.2138,5964,0
rep1,2.2139,5965,0
rep1,2.2139,5966,0
rep1,2.214,5967,0
rep1,2.2143,5968,0
rep1,2.2145,5969,0
rep1,2.2146,5970,0
rep1,2.2149,5971,0
rep1,2.2151,5972,0
rep1,2.2155,5973,0
rep1,2.2157,5974,0
rep1,2.2159,5975,0
rep1,2.2161,5976,0
rep1,2.2162,5977,0
rep1,2.2164,5978,0
rep1,2.2165,5979,0
rep1,2.2165,5980,0
rep1,2.2165,5981,0
rep1,2.2166,5982,0
rep1,2.2169,5983,0
rep1,2.217,5984,0
rep1,2.2172,5985,0
rep1,2.2175,5986,0
rep1,2.2175,5987,0
rep1,2.2176,5988,0
rep1,2.2177,5989,0
rep1,2.2178,5990,0
rep1,2.2178,5991,0
rep1,2.2179,5992,0
rep1,2.218,5993,0
rep1,2.2182,5994,0
rep1,2.2188,5995,0
rep1,2.219,5996,0
rep1,2.2191,5997,0
rep1,2.2191,5998,0
rep1,2.2192,5999,0
rep1,2.2193,6000,0
rep1,2.2194,6001,0
rep1,2.2195,6002,0
rep1,2.2196,6003,0
rep1,2.2197,6004,0
rep1,2.2198,6005,0
rep1,2.2201,6006,0
rep1,2.2204,6007,0
rep1,2.2207,6008,0
rep1,2.2209,6009,0
rep1,2.221,6010,0
rep1,2.2211,6011,0
rep1,2.2213,6012,0
rep1,2.2213,6013,0
rep1,2.2217,6014,0
rep1,2.2219,6015,0
rep1,2.222,6016,0
rep1,2.222,6017,0
rep1,2.2221,6018,0
rep1,2.2223,6019,0
rep1,2.2224,6020,0
rep1,2.2226,6021,0
rep1,2.2228,6022,0
rep1,2.2229,6023,0
rep1,2.2233,6024,0
rep1,2.2235,6025,0
rep1,2.2236,6026,0
rep1,2.2236,6027,0
rep1,2.2237,6028,0
rep1,2.2237,6029,0
rep1,2.224,6030,0
rep1,2.2241,6031,0
rep1,2.2247,6032,0
rep1,2.2249,6033,0
rep1,2.2249,6034,0
rep1,2.2252,6035,0
rep1,2.2253,6036,0
rep1,2.2254,6037,0
rep1,2.2256,6038,0
rep1,2.2258,6039,0
rep1,2.2259,6040,0
rep1,2.2259,6041,0
rep1,2.2263,6042,0
rep1,2.2264,6043,0
rep1,2.2266,6044,0
rep1,2.2266,6045,0
rep1,2.2268,6046,0
rep1,2.227,6047,0
rep1,2.2271,6048,0
rep1,2.2273,6049,0
rep1,2.2273,6050,0
rep1,2.2273,6051,0
rep2,1.0075,1,0
rep2,1.0076,2,0
rep2,1.0076,3,0
rep2,1.0077,4,0
rep2,1.0078,5,0
rep2,1.0078,6,0
rep2,1.0079,7,0
rep2,1.0079,8,0
rep2,1.008,9,0
rep2,1.008,10,0
rep2,1.008,11,0
rep2,1.0081,12,0
rep2,1.0081,13,0
rep2,1.0081,14,0
rep2,1.0081,15,0
rep2,1.0082,16,0
rep2,1.0082,17,0
rep2,1.0082,18,0
rep2,1.0083,19,0
rep2,1.0083,20,0
rep2,1.0083,21,0
rep2,1.0083,22,0
rep2,1.0083,23,0
rep2,1.0084,24,0
rep2,1.0084,25,0
rep2,1.0086,26,0
rep2,1.0086,27,0
rep2,1.0087,28,0
rep2,1.0087,29,0
rep2,1.0087,30,0
rep2,1.0088,31,0
rep2,1.0089,32,0
rep2,1.0089,33,0
rep2,1.0089,34,0
rep2,1.009,35,0
rep2,1.009,36,0
rep2,1.009,37,0
rep2,1.0091,38,0
rep2,1.0091,39,0
rep2,1.0092,40,0
rep2,1.0093,41,0
rep2,1.0093,42,0
rep2,1.0094,43,0
rep2,1.0094,44,0
rep2,1.0094,45,0
rep2,1.0095,46,0
rep2,1.0096,47,0
rep2,1.0097,48,0
rep2,1.0098,49,0
rep2,1.0099,50,0
rep2,1.0103,51,0
rep2,1.0104,52,0
rep2,1.0104,53,0
rep2,1.0106,54,0
rep2,1.011,55,0
rep2,1.0111,56,0
rep2,1.0111,57,0
rep2,1.0111,58,0
rep2,1.0112,59,0
rep2,1.0112,60,0
rep2,1.0113,61,0
rep2,1.0115,62,0
rep2,1.0116,63,0
rep2,1.0118,64,0
rep2,1.0121,65,0
rep2,1.0121,66,0
rep2,1.0123,67,0
rep2,1.0123,68,0
rep2,1.0123,69,0
rep2,1.0123,70,0
rep2,1.0124,71,0
rep2,1.0125,72,0
rep2,1.0126,73,0
rep2,1.0127,74,0
rep2,1.0127,75,0
rep2,1.0127,76,0
rep2,1.0128,77,0
rep2,1.013,78,0
rep2,1.013,79,0
rep2,1.0131,80,0
rep2,1.0131,81,0
rep2,1.0132,82,0
rep2,1.0134,83,0
rep2,1.0134,84,0
rep2,1.0134,85,0
rep2,1.0135,86,0
rep2,1.0135,87,0
rep2,1.0138,88,0
rep2,1.0139,89,0
rep2,1.0139,90,0
rep2,1.014,91,0
rep2,1.0141,92,0
rep2,1.0142,93,0
rep2,1.0143,94,0
rep2,1.0143,95,0
rep2,1.0144,96,0
rep2,1.0146,97,0
rep2,1.0147,98,0
rep2,1.0147,99,0
rep2,1.0154,100,0
rep2,1.0155,101,0
rep2,1.0156,102,0
rep2,1.0156,103,0
rep2,1.0157,104,0
rep2,1.0158,105,0
rep2,1.0162,106,0
rep2,1.0162,107,0
rep2,1.0163,108,0
rep2,1.0166,109,0
rep2,1.0167,110,0
rep2,1.0167,111,0
rep2,1.0169,112,0
rep2,1.0171,113,0
rep2,1.0173,114,0
rep2,1.0173,115,0
rep2,1.0173,116,0
rep2,1.0174,117,0
rep2,1.0175,118,0
rep2,1.0176,119,0
rep2,1.0177,120,0
rep2,1.0178,121,0
rep2,1.018,122,0
rep2,1.0182,123,0
rep2,1.0182,124,0
rep2,1.0182,125,0
rep2,1.0186,126,0
rep2,1.0186,127,0
rep2,1.0186,128,0
rep2,1.0188,129,0
rep2,1.019,130,0
rep2,1.019,131,0
rep2,1.0191,132,0
rep2,1.0191,133,0
rep2,1.0192,134,0
rep2,1.0192,135,0
rep2,1.0193,136,0
rep2,1.0195,137,0
rep2,1.02,138,0
rep2,1.0203,139,0
rep2,1.0203,140,0
rep2,1.0204,141,0
rep2,1.0205,142,0
rep2,1.0205,143,0
rep2,1.0208,144,0
rep2,1.0208,145,0
rep2,1.0209,146,0
rep2,1.0212,147,0
rep2,1.0214,148,0
rep2,1.0214,149,0
rep2,1.0214,150,0
rep2,1.0216,151,0
rep2,1.0216,152,0
rep2,1.0216,153,0
rep2,1.0217,154,0
rep2,1.0228,155,0
rep2,1.0234,156,0
rep2,1.0242,157,0
rep2,1.025,158,0
rep2,1.0254,159,0
rep2,1.0256,160,0
rep2,1.026,161,0
rep2,1.0268,162,0
rep2,1.0269,163,0
rep2,1.027,164,0
rep2,1.0273,165,0
rep2,1.0274,166,0
rep2,1.0275,167,0
rep2,1.0278,168,0
rep2,1.0281,169,0
rep2,1.0282,170,0
rep2,1.029,171,0
rep2,1.0294,172,0
rep2,1.0297,173,0
rep2,1.0299,174,0
rep2,1.0301,175,0
rep2,1.0305,176,0
rep2,1.0306,177,0
rep2,1.0306,178,0
rep2,1.0333,179,0
rep2,1.0342,180,0
rep2,1.0342,181,0
rep2,1.0358,182,0
rep2,1.036,183,0
rep2,1.0372,184,0
rep2,1.0376,185,0
rep2,1.0378,186,0
rep2,1.0386,187,0
rep2,1.0388,188,0
rep2,1.0395,189,0
rep2,1.04,190,0
rep2,1.0415,191,0
rep2,1.0415,192,0
rep2,1.0415,193,0
rep2,1.0415,194,0
rep2,1.0415,195,0
rep2,1.0415,196,0
rep2,1.0415,197,0
rep2,1.0415,198,0
rep2,1.0416,199,0
rep2,1.0416,200,0
rep2,1.0416,201,0
rep2,1.0416,202,0
rep2,1.0416,203,0
rep2,1.0416,204,0
rep2,1.0416,205,0
rep2,1.0417,206,0
rep2,1.0417,207,0
rep2,1.0417,208,0
rep2,1.0417,209,0
rep2,1.0417,210,0
rep2,1.0417,211,0
rep2,1.0417,212,0
rep2,1.0417,213,0
rep2,1.0418,214,0
rep2,1.0418,215,0
rep2,1.0418,216,0
rep2,1.0418,217,0
rep2,1.0418,218,0
rep2,1.0418,219,0
rep2,1.0419,220,0
rep2,1.0419,221,0
rep2,1.0419,222,0
rep2,1.0419,223,0
rep2,1.0419,224,0
rep2,1.0419,225,0
rep2,1.042,226,0
rep2,1.042,227,0
rep2,1.042,228,0
rep2,1.042,229,0
rep2,1.042,230,0
rep2,1.042,231,0
rep2,1.0421,232,0
rep2,1.0421,233,0
rep2,1.0421,234,0
rep2,1.0421,235,0
rep2,1.0421,236,0
rep2,1.0421,237,0
rep2,1.0421,238,0
rep2,1.0422,239,0
rep2,1.0422,240,0
rep2,1.0422,241,0
rep2,1.0422,242,0
rep2,1.0423,243,0
rep2,1.0423,244,0
rep2,1.0423,245,0
rep2,1.0423,246,0
rep2,1.0423,247,0
rep2,1.0423,248,0
rep2,1.0423,249,0
rep2,1.0423,250,0
rep2,1.0424,251,0
rep2,1.0424,252,0
rep2,1.0424,253,0
rep2,1.0424,254,0
rep2,1.0424,255,0
rep2,1.0424,256,0
rep2,1.0424,257,0
rep2,1.0425,258,0
rep2,1.0425,259,0
rep2,1.0425,260,0
rep2,1.0425,261,0
rep2,1.0425,262,0
rep2,1.0425,263,0
rep2,1.0425,264,0
rep2,1.0425,265,0
rep2,1.0426,266,0
rep2,1.0426,267,0
rep2,1.0426,268,0
rep2,1.0426,269,0
rep2,1.0426,270,0
rep2,1.0426,271,0
rep2,1.0427,272,0
rep2,1.0427,273,0
rep2,1.0427,274,0
rep2,1.0427,275,0
rep2,1.0428,276,0
rep2,1.0428,277,0
rep2,1.0428,278,0
rep2,1.0428,279,0
rep2,1.0428,280,0
rep2,1.0428,281,0
rep2,1.0428,282,0
rep2,1.0429,283,0
rep2,1.0429,284,0
rep2,1.0429,285,0
rep2,1.0429,286,0
rep2,1.0429,287,0
rep2,1.0429,288,0
rep2,1.0429,289,0
rep2,1.043,290,0
rep2,1.043,291,0
rep2,1.043,292,0
rep2,1.043,293,0
rep2,1.043,294,0
rep2,1.043,295,0
rep2,1.043,296,0
rep2,1.0431,297,0
rep2,1.0431,298,0
rep2,1.0431,299,0
rep2,1.0431,300,0
rep2,1.0431,301,0
rep2,1.0431,302,0
rep2,1.0431,303,0
rep2,1.0432,304,0
rep2,1.0432,305,0
rep2,1.0432,306,0
rep2,1.0432,307,0
rep2,1.0432,308,0
rep2,1.0433,309,0
rep2,1.0433,310,0
rep2,1.0433,311,0
rep2,1.0433,312,0
rep2,1.0433,313,0
rep2,1.0433,314,0
rep2,1.0433,315,0
rep2,1.0434,316,0
rep2,1.0434,317,0
rep2,1.0434,318,0
rep2,1.0434,319,0
rep2,1.0434,320,0
rep2,1.0435,321,0
rep2,1.0435,322,0
rep2,1.0435,323,0
rep2,1.0435,324,0
rep2,1.0435,325,0
rep2,1.0435,326,0
rep2,1.0435,327,0
rep2,1.0435,328,0
rep2,1.0436,329,0
rep2,1.0436,330,0
rep2,1.0436,331,0
rep2,1.0436,332,0
rep2,1.0436,333,0
rep2,1.0436,334,0
rep2,1.0437,335,0
rep2,1.0437,336,0
rep2,1.0437,337,0
rep2,1.0437,338,0
rep2,1.0437,339,0
rep2,1.0438,340,0
rep2,1.0438,341,0
rep2,1.0438,342,0
rep2,1.0438,343,0
rep2,1.0438,344,0
rep2,1.0438,345,0
rep2,1.0438,346,0
rep2,1.0439,347,0
rep2,1.0439,348,0
rep2,1.0439,349,0
rep2,1.0439,350,0
rep2,1.0439,351,0
rep2,1.0439,352,0
rep2,1.044,353,0
rep2,1.044,354,0
rep2,1.044,355,0
rep2,1.044,356,0
rep2,1.044,357,0
rep2,1.044,358,0
rep2,1.0441,359,0
rep2,1.0441,360,0
rep2,1.0441,361,0
rep2,1.0441,362,0
rep2,1.0441,363,0
rep2,1.0442,364,0
rep2,1.0442,365,0
rep2,1.0442,366,0
rep2,1.0442,367,0
rep2,1.0442,368,0
rep2,1.0442,369,0
rep2,1.0442,370,0
rep2,1.0443,371,0
rep2,1.0443,372,0
rep2,1.0443,373,0
rep2,1.0443,374,0
rep2,1.0443,375,0
rep2,1.0443,376,0
rep2,1.0443,377,0
rep2,1.0443,378,0
rep2,1.0443,379,0
rep2,1.0444,380,0
rep2,1.0444,381,0
rep2,1.0444,382,0
rep2,1.0444,383,0
rep2,1.0445,384,0
rep2,1.0445,385,0
rep2,1.0445,386,0
rep2,1.0445,387,0
rep2,1.0445,388,0
rep2,1.0445,389,0
rep2,1.0446,390,0
rep2,1.0446,391,0
rep2,1.0446,392,0
rep2,1.0446,393,0
rep2,1.0446,394,0
rep2,1.0446,395,0
rep2,1.0446,396,0
rep2,1.0447,397,0
rep2,1.0447,398,0
rep2,1.0447,399,0
rep2,1.0447,400,0
rep2,1.0447,401,0
rep2,1.0447,402,0
rep2,1.0448,403,0
rep2,1.0448,404,0
rep2,1.0448,405,0
rep2,1.0448,406,0
rep2,1.0448,407,0
rep2,1.0448,408,0
rep2,1.0448,409,0
rep2,1.0448,410,0
rep2,1.0449,411,0
rep2,1.0449,412,0
rep2,1.0449,413,0
rep2,1.0449,414,0
rep2,1.045,415,0
rep2,1.045,416,0
rep2,1.045,417,0
rep2,1.045,418,0
rep2,1.045,419,0
rep2,1.045,420,0
rep2,1.0451,421,0
rep2,1.0451,422,0
rep2,1.0451,423,0
rep2,1.0451,424,0
rep2,1.0451,425,0
rep2,1.0451,426,0
rep2,1.0452,427,0
rep2,1.0452,428,0
rep2,1.0452,429,0
rep2,1.0452,430,0
rep2,1.0453,431,0
rep2,1.0453,432,0
rep2,1.0453,433,0
rep2,1.0453,434,0
rep2,1.0453,435,0
rep2,1.0454,436,0
rep2,1.0454,437,0
rep2,1.0454,438,0
rep2,1.0454,439,0
rep2,1.0454,440,0
rep2,1.0454,441,0
rep2,1.0454,442,0
rep2,1.0455,443,0
rep2,1.0455,444,0
rep2,1.0455,445,0
rep2,1.0455,446,0
rep2,1.0456,447,0
rep2,1.0456,448,0
rep2,1.0456,449,0
rep2,1.0456,450,0
rep2,1.0456,451,0
rep2,1.0456,452,0
rep2,1.0456,453,0
rep2,1.0456,454,0
rep2,1.0457,455,0
rep2,1.0457,456,0
rep2,1.0457,457,0
rep2,1.0457,458,0
rep2,1.0457,459,0
rep2,1.0457,460,0
rep2,1.0457,461,0
rep2,1.0458,462,0
rep2,1.0458,463,0
rep2,1.0458,464,0
rep2,1.0458,465,0
rep2,1.0458,466,0
rep2,1.0458,467,0
rep2,1.0459,468,0
rep2,1.0459,469,0
rep2,1.0459,470,0
rep2,1.0459,471,0
rep2,1.0459,472,0
rep2,1.046,473,0
rep2,1.046,474,0
rep2,1.046,475,0
rep2,1.046,476,0
rep2,1.046,477,0
rep2,1.0461,478,0
rep2,1.0461,479,0
rep2,1.0461,480,0
rep2,1.0462,481,0
rep2,1.0462,482,0
rep2,1.0462,483,0
rep2,1.0462,484,0
rep2,1.0463,485,0
rep2,1.0463,486,0
rep2,1.0463,487,0
rep2,1.0463,488,0
rep2,1.0463,489,0
rep2,1.0463,490,0
rep2,1.0463,491,0
rep2,1.0464,492,0
rep2,1.0464,493,0
rep2,1.0464,494,0
rep2,1.0464,495,0
rep2,1.0465,496,0
rep2,1.0465,497,0
rep2,1.0465,498,0
rep2,1.0465,499,0
rep2,1.0466,500,0
rep2,1.0466,501,0
rep2,1.0466,502,0
rep2,1.0466,503,0
rep2,1.0466,504,0
rep2,1.0466,505,0
rep2,1.0466,506,0
rep2,1.0467,507,0
rep2,1.0467,508,0
rep2,1.0467,509,0
rep2,1.0467,510,0
rep2,1.0467,511,0
rep2,1.0467,512,0
rep2,1.0468,513,0
rep2,1.0468,514,0
rep2,1.0468,515,0
rep2,1.0468,516,0
rep2,1.0468,517,0
rep2,1.0468,518,0
rep2,1.0469,519,0
rep2,1.0469,520,0
rep2,1.0469,521,0
rep2,1.0469,522,0
rep2,1.047,523,0
rep2,1.047,524,0
rep2,1.047,525,0
rep2,1.047,526,0
rep2,1.047,527,0
rep2,1.047,528,0
rep2,1.0471,529,0
rep2,1.0471,530,0
rep2,1.0471,531,0
rep2,1.0471,532,0
rep2,1.0472,533,0
rep2,1.0473,534,0
rep2,1.0473,535,0
rep2,1.0473,536,0
rep2,1.0473,537,0
rep2,1.0473,538,0
rep2,1.0473,539,0
rep2,1.0474,540,0
rep2,1.0474,541,0
rep2,1.0474,542,0
rep2,1.0474,543,0
rep2,1.0474,544,0
rep2,1.0474,545,0
rep2,1.0475,546,0
rep2,1.0475,547,0
rep2,1.0475,548,0
rep2,1.0475,549,0
rep2,1.0475,550,0
rep2,1.0475,551,0
rep2,1.0475,552,0
rep2,1.0475,553,0
rep2,1.0475,554,0
rep2,1.0476,555,0
rep2,1.0476,556,0
rep2,1.0476,557,0
rep2,1.0476,558,0
rep2,1.0476,559,0
rep2,1.0476,560,0
rep2,1.0476,561,0
rep2,1.0477,562,0
rep2,1.0477,563,0
rep2,1.0477,564,0
rep2,1.0477,565,0
rep2,1.0478,566,0
rep2,1.0478,567,0
rep2,1.0478,568,0
rep2,1.0479,569,0
rep2,1.0479,570,0
rep2,1.0479,571,0
rep2,1.0479,572,0
rep2,1.048,573,0
rep2,1.048,574,0
rep2,1.048,575,0
rep2,1.048,576,0
rep2,1.048,577,0
rep2,1.048,578,0
rep2,1.048,579,0
rep2,1.048,580,0
rep2,1.0481,581,0
rep2,1.0481,582,0
rep2,1.0481,583,0
rep2,1.0481,584,0
rep2,1.0481,585,0
rep2,1.0482,586,0
rep2,1.0482,587,0
rep2,1.0482,588,0
rep2,1.0482,589,0
rep2,1.0482,590,0
rep2,1.0483,591,0
rep2,1.0483,592,0
rep2,1.0483,593,0
rep2,1.0484,594,0
rep2,1.0484,595,0
rep2,1.0484,596,0
rep2,1.0484,597,0
rep2,1.0484,598,0
rep2,1.0485,599,0
rep2,1.0485,600,0
rep2,1.0485,601,0
rep2,1.0485,602,0
rep2,1.0485,603,0
rep2,1.0486,604,0
rep2,1.0486,605,0
rep2,1.0486,606,0
rep2,1.0486,607,0
rep2,1.0486,608,0
rep2,1.0487,609,0
rep2,1.0487,610,0
rep2,1.0488,611,0
rep2,1.0488,612,0
rep2,1.0488,613,0
rep2,1.0488,614,0
rep2,1.0489,615,0
rep2,1.0489,616,0
rep2,1.0489,617,0
rep2,1.0489,618,0
rep2,1.0489,619,0
rep2,1.0489,620,0
rep2,1.0489,621,0
rep2,1.049,622,0
rep2,1.049,623,0
rep2,1.049,624,0
rep2,1.049,625,0
rep2,1.049,626,0
rep2,1.0491,627,0
rep2,1.0491,628,0
rep2,1.0491,629,0
rep2,1.0491,630,0
rep2,1.0491,631,0
rep2,1.0491,632,0
rep2,1.0491,633,0
rep2,1.0492,634,0
rep2,1.0492,635,0
rep2,1.0492,636,0
rep2,1.0492,637,0
rep2,1.0492,638,0
rep2,1.0492,639,0
rep2,1.0493,640,0
rep2,1.0493,641,0
rep2,1.0493,642,0
rep2,1.0493,643,0
rep2,1.0493,644,0
rep2,1.0494,645,0
rep2,1.0494,646,0
rep2,1.0494,647,0
rep2,1.0494,648,0
rep2,1.0494,649,0
rep2,1.0495,650,0
rep2,1.0495,651,0
rep2,1.0495,652,0
rep2,1.0495,653,0
rep2,1.0495,654,0
rep2,1.0496,655,0
rep2,1.0496,656,0
rep2,1.0497,657,0
rep2,1.0497,658,0
rep2,1.0497,659,0
rep2,1.0497,660,0
rep2,1.0498,661,0
rep2,1.0498,662,0
rep2,1.0498,663,0
rep2,1.0498,664,0
rep2,1.0498,665,0
rep2,1.0499,666,0
rep2,1.0499,667,0
rep2,1.05,668,0
rep2,1.05,669,0
rep2,1.05,670,0
rep2,1.0501,671,0
rep2,1.0501,672,0
rep2,1.0501,673,0
rep2,1.0502,674,0
rep2,1.0502,675,0
rep2,1.0502,676,0
rep2,1.0502,677,0
rep2,1.0503,678,0
rep2,1.0503,679,0
rep2,1.0503,680,0
rep2,1.0504,681,0
rep2,1.0504,682,0
rep2,1.0504,683,0
rep2,1.0505,684,0
rep2,1.0505,685,0
rep2,1.0506,686,0
rep2,1.0506,687,0
rep2,1.0506,688,0
rep2,1.0506,689,0
rep2,1.0507,690,0
rep2,1.0507,691,0
rep2,1.0507,692,0
rep2,1.0508,693,0
rep2,1.0508,694,0
rep2,1.0508,695,0
rep2,1.0509,696,0
rep2,1.0509,697,0
rep2,1.0509,698,0
rep2,1.051,699,0
rep2,1.051,700,0
rep2,1.051,701,0
rep2,1.0511,702,0
rep2,1.0511,703,0
rep2,1.0511,704,0
rep2,1.0511,705,0
rep2,1.0511,706,0
rep2,1.0512,707,0
rep2,1.0512,708,0
rep2,1.0512,709,0
rep2,1.0512,710,0
rep2,1.0513,711,0
rep2,1.0513,712,0
rep2,1.0513,713,0
rep2,1.0513,714,0
rep2,1.0513,715,0
rep2,1.0514,716,0
rep2,1.0514,717,0
rep2,1.0514,718,0
rep2,1.0515,719,0
rep2,1.0515,720,0
rep2,1.0515,721,0
rep2,1.0515,722,0
rep2,1.0516,723,0
rep2,1.0516,724,0
rep2,1.0516,725,0
rep2,1.0516,726,0
rep2,1.0517,727,0
rep2,1.0517,728,0
rep2,1.0517,729,0
rep2,1.0517,730,0
rep2,1.0518,731,0
rep2,1.0518,732,0
rep2,1.0518,733,0
rep2,1.0518,734,0
rep2,1.0518,735,0
rep2,1.0518,736,0
rep2,1.0519,737,0
rep2,1.0519,738,0
rep2,1.0519,739,0
rep2,1.0519,740,0
rep2,1.0519,741,0
rep2,1.052,742,0
rep2,1.052,743,0
rep2,1.052,744,0
rep2,1.052,745,0
rep2,1.0521,746,0
rep2,1.0521,747,0
rep2,1.0521,748,0
rep2,1.0522,749,0
rep2,1.0522,750,0
rep2,1.0522,751,0
rep2,1.0522,752,0
rep2,1.0522,753,0
rep2,1.0523,754,0
rep2,1.0523,755,0
rep2,1.0523,756,0
rep2,1.0523,757,0
rep2,1.0524,758,0
rep2,1.0524,759,0
rep2,1.0524,760,0
rep2,1.0524,761,0
rep2,1.0524,762,0
rep2,1.0525,763,0
rep2,1.0525,764,0
rep2,1.0525,765,0
rep2,1.0526,766,0
rep2,1.0526,767,0
rep2,1.0526,768,0
rep2,1.0526,769,0
rep2,1.0526,770,0
rep2,1.0526,771,0
rep2,1.0527,772,0
rep2,1.0527,773,0
rep2,1.0528,774,0
rep2,1.0528,775,0
rep2,1.0528,776,0
rep2,1.0528,777,0
rep2,1.0528,778,0
rep2,1.0529,779,0
rep2,1.053,780,0
rep2,1.053,781,0
rep2,1.053,782,0
rep2,1.0531,783,0
rep2,1.0531,784,0
rep2,1.0531,785,0
rep2,1.0531,786,0
rep2,1.0531,787,0
rep2,1.0532,788,0
rep2,1.0532,789,0
rep2,1.0532,790,0
rep2,1.0532,791,0
rep2,1.0533,792,0
rep2,1.0533,793,0
rep2,1.0533,794,0
rep2,1.0534,795,0
rep2,1.0534,796,0
rep2,1.0534,797,0
rep2,1.0534,798,0
rep2,1.0534,799,0
rep2,1.0535,800,0
rep2,1.0535,801,0
rep2,1.0535,802,0
rep2,1.0535,803,0
rep2,1.0535,804,0
rep2,1.0536,805,0
rep2,1.0536,806,0
rep2,1.0536,807,0
rep2,1.0536,808,0
rep2,1.0537,809,0
rep2,1.0537,810,0
rep2,1.0537,811,0
rep2,1.0537,812,0
rep2,1.0538,813,0
rep2,1.0538,814,0
rep2,1.0539,815,0
rep2,1.0539,816,0
rep2,1.054,817,0
rep2,1.054,818,0
rep2,1.0541,819,0
rep2,1.0541,820,0
rep2,1.0541,821,0
rep2,1.0542,822,0
rep2,1.0542,823,0
rep2,1.0544,824,0
rep2,1.0544,825,0
rep2,1.0544,826,0
rep2,1.0545,827,0
rep2,1.0545,828,0
rep2,1.0545,829,0
rep2,1.0545,830,0
rep2,1.0545,831,0
rep2,1.0546,832,0
rep2,1.0546,833,0
rep2,1.0546,834,0
rep2,1.0547,835,0
rep2,1.0547,836,0
rep2,1.0548,837,0
rep2,1.0548,838,0
rep2,1.0548,839,0
rep2,1.0548,840,0
rep2,1.0548,841,0
rep2,1.0549,842,0
rep2,1.0549,843,0
rep2,1.0549,844,0
rep2,1.0549,845,0
rep2,1.0549,846,0
rep2,1.055,847,0
rep2,1.055,848,0
rep2,1.0551,849,0
rep2,1.0551,850,0
rep2,1.0551,851,0
rep2,1.0551,852,0
rep2,1.0552,853,0
rep2,1.0552,854,0
rep2,1.0553,855,0
rep2,1.0553,856,0
rep2,1.0553,857,0
rep2,1.0554,858,0
rep2,1.0554,859,0
rep2,1.0554,860,0
rep2,1.0555,861,0
rep2,1.0555,862,0
rep2,1.0555,863,0
rep2,1.0556,864,0
rep2,1.0556,865,0
rep2,1.0556,866,0
rep2,1.0556,867,0
rep2,1.0557,868,0
rep2,1.0557,869,0
rep2,1.0557,870,0
rep2,1.0558,871,0
rep2,1.0558,872,0
rep2,1.0559,873,0
rep2,1.0559,874,0
rep2,1.0559,875,0
rep2,1.056,876,0
rep2,1.056,877,0
rep2,1.056,878,0
rep2,1.0561,879,0
rep2,1.0561,880,0
rep2,1.0561,881,0
rep2,1.0562,882,0
rep2,1.0562,883,0
rep2,1.0562,884,0
rep2,1.0562,885,0
rep2,1.0563,886,0
rep2,1.0563,887,0
rep2,1.0563,888,0
rep2,1.0563,889,0
rep2,1.0564,890,0
rep2,1.0564,891,0
rep2,1.0564,892,0
rep2,1.0564,893,0
rep2,1.0564,894,0
rep2,1.0565,895,0
rep2,1.0565,896,0
rep2,1.0566,897,0
rep2,1.0567,898,0
rep2,1.0568,899,0
rep2,1.0569,900,0
rep2,1.0569,901,0
rep2,1.0569,902,0
rep2,1.057,903,0
rep2,1.0571,904,0
rep2,1.0572,905,0
rep2,1.0572,906,0
rep2,1.0573,907,0
rep2,1.0573,908,0
rep2,1.0574,909,0
rep2,1.0574,910,0
rep2,1.0574,911,0
rep2,1.0574,912,0
rep2,1.0574,913,0
rep2,1.0575,914,0
rep2,1.0575,915,0
rep2,1.0576,916,0
rep2,1.0576,917,0
rep2,1.0577,918,0
rep2,1.0577,919,0
rep2,1.0577,920,0
rep2,1.0577,921,0
rep2,1.0578,922,0
rep2,1.0578,923,0
rep2,1.0578,924,0
rep2,1.0579,925,0
rep2,1.0579,926,0
rep2,1.0579,927,0
rep2,1.058,928,0
rep2,1.058,929,0
rep2,1.058,930,0
rep2,1.0581,931,0
rep2,1.0581,932,0
rep2,1.0581,933,0
rep2,1.0581,934,0
rep2,1.0582,935,0
rep2,1.0583,936,0
rep2,1.0583,937,0
rep2,1.0583,938,0
rep2,1.0583,939,0
rep2,1.0584,940,0
rep2,1.0585,941,0
rep2,1.0585,942,0
rep2,1.0585,943,0
rep2,1.0585,944,0
rep2,1.0586,945,0
rep2,1.0586,946,0
rep2,1.0587,947,0
rep2,1.0589,948,0
rep2,1.0589,949,0
rep2,1.059,950,0
rep2,1.0591,951,0
rep2,1.0591,952,0
rep2,1.0592,953,0
rep2,1.0592,954,0
rep2,1.0592,955,0
rep2,1.0594,956,0
rep2,1.0594,957,0
rep2,1.0594,958,0
rep2,1.0595,959,0
rep2,1.0596,960,0
rep2,1.0596,961,0
rep2,1.0597,962,0
rep2,1.0598,963,0
rep2,1.0598,964,0
rep2,1.0598,965,0
rep2,1.0599,966,0
rep2,1.06,967,0
rep2,1.0601,968,0
rep2,1.0601,969,0
rep2,1.0602,970,0
rep2,1.0602,971,0
rep2,1.0603,972,0
rep2,1.0603,973,0
rep2,1.0603,974,0
rep2,1.0604,975,0
rep2,1.0604,976,0
rep2,1.0604,977,0
rep2,1.0605,978,0
rep2,1.0605,979,0
rep2,1.0605,980,0
rep2,1.0605,981,0
rep2,1.0606,982,0
rep2,1.0608,983,0
rep2,1.0609,984,0
rep2,1.0609,985,0
rep2,1.0609,986,0
rep2,1.061,987,0
rep2,1.061,988,0
rep2,1.0611,989,0
rep2,1.0612,990,0
rep2,1.0612,991,0
rep2,1.0612,992,0
rep2,1.0612,993,0
rep2,1.0613,994,0
rep2,1.0613,995,0
rep2,1.0614,996,0
rep2,1.0614,997,0
rep2,1.0615,998,0
rep2,1.0616,999,0
rep2,1.0616,1000,0
rep2,1.0617,1001,0
rep2,1.0617,1002,0
rep2,1.0618,1003,0
rep2,1.0618,1004,0
rep2,1.0619,1005,0
rep2,1.0619,1006,0
rep2,1.0619,1007,0
rep2,1.0619,1008,0
rep2,1.062,1009,0
rep2,1.0621,1010,0
rep2,1.0622,1011,0
rep2,1.0622,1012,0
rep2,1.0623,1013,0
rep2,1.0623,1014,0
rep2,1.0623,1015,0
rep2,1.0623,1016,0
rep2,1.0623,1017,0
rep2,1.0624,1018,0
rep2,1.0624,1019,0
rep2,1.0625,1020,0
rep2,1.0627,1021,0
rep2,1.0627,1022,0
rep2,1.0628,1023,0
rep2,1.0629,1024,0
rep2,1.063,1025,0
rep2,1.063,1026,0
rep2,1.063,1027,0
rep2,1.0631,1028,0
rep2,1.0631,1029,0
rep2,1.0631,1030,0
rep2,1.0633,1031,0
rep2,1.0633,1032,0
rep2,1.0633,1033,0
rep2,1.0635,1034,0
rep2,1.0635,1035,0
rep2,1.0636,1036,0
rep2,1.0638,1037,0
rep2,1.0639,1038,0
rep2,1.0639,1039,0
rep2,1.064,1040,0
rep2,1.0641,1041,0
rep2,1.0642,1042,0
rep2,1.0643,1043,0
rep2,1.0644,1044,0
rep2,1.0644,1045,0
rep2,1.0645,1046,0
rep2,1.0645,1047,0
rep2,1.0646,1048,0
rep2,1.0646,1049,0
rep2,1.0648,1050,0
rep2,1.0649,1051,0
rep2,1.0649,1052,0
rep2,1.065,1053,0
rep2,1.065,1054,0
rep2,1.0651,1055,0
rep2,1.0652,1056,0
rep2,1.0652,1057,0
rep2,1.0652,1058,0
rep2,1.0653,1059,0
rep2,1.0653,1060,0
rep2,1.0654,1061,0
rep2,1.0655,1062,0
rep2,1.0657,1063,0
rep2,1.0658,1064,0
rep2,1.0658,1065,0
rep2,1.0658,1066,0
rep2,1.0658,1067,0
rep2,1.0659,1068,0
rep2,1.0659,1069,0
rep2,1.0659,1070,0
rep2,1.0659,1071,0
rep2,1.066,1072,0
rep2,1.0661,1073,0
rep2,1.0662,1074,0
rep2,1.0663,1075,0
rep2,1.0666,1076,0
rep2,1.0667,1077,0
rep2,1.0668,1078,0
rep2,1.0668,1079,0
rep2,1.0668,1080,0
rep2,1.0671,1081,0
rep2,1.0671,1082,0
rep2,1.0672,1083,0
rep2,1.0673,1084,0
rep2,1.0675,1085,0
rep2,1.0675,1086,0
rep2,1.0676,1087,0
rep2,1.0676,1088,0
rep2,1.0676,1089,0
rep2,1.0677,1090,0
rep2,1.0678,1091,0
rep2,1.068,1092,0
rep2,1.0681,1093,0
rep2,1.0683,1094,0
rep2,1.0683,1095,0
rep2,1.0683,1096,0
rep2,1.0683,1097,0
rep2,1.0684,1098,0
rep2,1.0686,1099,0
rep2,1.0688,1100,0
rep2,1.0689,1101,0
rep2,1.0691,1102,0
rep2,1.0691,1103,0
rep2,1.0691,1104,0
rep2,1.0692,1105,0
rep2,1.0693,1106,0
rep2,1.0694,1107,0
rep2,1.0694,1108,0
rep2,1.0696,1109,0
rep2,1.0697,1110,0
rep2,1.0698,1111,0
rep2,1.07,1112,0
rep2,1.0701,1113,0
rep2,1.0701,1114,0
rep2,1.0704,1115,0
rep2,1.0705,1116,0
rep2,1.0706,1117,0
rep2,1.0708,1118,0
rep2,1.0708,1119,0
rep2,1.0709,1120,0
rep2,1.071,1121,0
rep2,1.0712,1122,0
rep2,1.0713,1123,0
rep2,1.0715,1124,0
rep2,1.0716,1125,0
rep2,1.0716,1126,0
rep2,1.0717,1127,0
rep2,1.0718,1128,0
rep2,1.0719,1129,0
rep2,1.072,1130,0
rep2,1.072,1131,0
rep2,1.0723,1132,0
rep2,1.0724,1133,0
rep2,1.0724,1134,0
rep2,1.0725,1135,0
rep2,1.0726,1136,0
rep2,1.0727,1137,0
rep2,1.0727,1138,0
rep2,1.0727,1139,0
rep2,1.0728,1140,0
rep2,1.073,1141,0
rep2,1.0731,1142,0
rep2,1.0731,1143,0
rep2,1.0732,1144,0
rep2,1.0734,1145,0
rep2,1.0735,1146,0
rep2,1.0738,1147,0
rep2,1.0739,1148,0
rep2,1.0739,1149,0
rep2,1.0739,1150,0
rep2,1.0741,1151,0
rep2,1.0746,1152,0
rep2,1.0747,1153,0
rep2,1.0748,1154,0
rep2,1.0749,1155,0
rep2,1.0751,1156,0
rep2,1.0751,1157,0
rep2,1.0752,1158,0
rep2,1.0752,1159,0
rep2,1.0752,1160,0
rep2,1.0752,1161,0
rep2,1.0752,1162,0
rep2,1.0752,1163,0
rep2,1.0753,1164,0
rep2,1.0753,1165,0
rep2,1.0753,1166,0
rep2,1.0753,1167,0
rep2,1.0754,1168,0
rep2,1.0754,1169,0
rep2,1.0755,1170,0
rep2,1.0755,1171,0
rep2,1.0755,1172,0
rep2,1.0756,1173,0
rep2,1.0756,1174,0
rep2,1.0756,1175,0
rep2,1.0756,1176,0
rep2,1.0757,1177,0
rep2,1.0757,1178,0
rep2,1.0757,1179,0
rep2,1.0757,1180,0
rep2,1.0758,1181,0
rep2,1.0759,1182,0
rep2,1.0759,1183,0
rep2,1.076,1184,0
rep2,1.076,1185,0
rep2,1.076,1186,0
rep2,1.076,1187,0
rep2,1.0761,1188,0
rep2,1.0761,1189,0
rep2,1.0762,1190,0
rep2,1.0762,1191,0
rep2,1.0763,1192,0
rep2,1.0763,1193,0
rep2,1.0763,1194,0
rep2,1.0764,1195,0
rep2,1.0764,1196,0
rep2,1.0764,1197,0
rep2,1.0764,1198,0
rep2,1.0764,1199,0
rep2,1.0765,1200,0
rep2,1.0765,1201,0
rep2,1.0765,1202,0
rep2,1.0766,1203,0
rep2,1.0766,1204,0
rep2,1.0767,1205,0
rep2,1.0767,1206,0
rep2,1.0767,1207,0
rep2,1.0767,1208,0
rep2,1.0767,1209,0
rep2,1.0768,1210,0
rep2,1.0768,1211,0
rep2,1.0768,1212,0
rep2,1.0769,1213,0
rep2,1.077,1214,0
rep2,1.077,1215,0
rep2,1.0771,1216,0
rep2,1.0771,1217,0
rep2,1.0771,1218,0
rep2,1.0771,1219,0
rep2,1.0772,1220,0
rep2,1.0772,1221,0
rep2,1.0773,1222,0
rep2,1.0773,1223,0
rep2,1.0773,1224,0
rep2,1.0774,1225,0
rep2,1.0774,1226,0
rep2,1.0775,1227,0
rep2,1.0775,1228,0
rep2,1.0775,1229,0
rep2,1.0775,1230,0
rep2,1.0775,1231,0
rep2,1.0775,1232,0
rep2,1.0776,1233,0
rep2,1.0777,1234,0
rep2,1.0777,1235,0
rep2,1.0778,1236,0
rep2,1.0778,1237,0
rep2,1.0778,1238,0
rep2,1.0779,1239,0
rep2,1.0779,1240,0
rep2,1.0779,1241,0
rep2,1.0779,1242,0
rep2,1.078,1243,0
rep2,1.078,1244,0
rep2,1.078,1245,0
rep2,1.078,1246,0
rep2,1.0781,1247,0
rep2,1.0781,1248,0
rep2,1.0781,1249,0
rep2,1.0782,1250,0
rep2,1.0782,1251,0
rep2,1.0783,1252,0
rep2,1.0783,1253,0
rep2,1.0783,1254,0
rep2,1.0784,1255,0
rep2,1.0785,1256,0
rep2,1.0785,1257,0
rep2,1.0785,1258,0
rep2,1.0785,1259,0
rep2,1.0786,1260,0
rep2,1.0786,1261,0
rep2,1.0787,1262,0
rep2,1.0787,1263,0
rep2,1.0787,1264,0
rep2,1.0787,1265,0
rep2,1.0787,1266,0
rep2,1.0788,1267,0
rep2,1.0788,1268,0
rep2,1.0788,1269,0
rep2,1.0789,1270,0
rep2,1.0789,1271,0
rep2,1.0789,1272,0
rep2,1.079,1273,0
rep2,1.0791,1274,0
rep2,1.0791,1275,0
rep2,1.0792,1276,0
rep2,1.0792,1277,0
rep2,1.0793,1278,0
rep2,1.0794,1279,0
rep2,1.0794,1280,0
rep2,1.0795,1281,0
rep2,1.0795,1282,0
rep2,1.0795,1283,0
rep2,1.0796,1284,0
rep2,1.0797,1285,0
rep2,1.0798,1286,0
rep2,1.0798,1287,0
rep2,1.0798,1288,0
rep2,1.0798,1289,0
rep2,1.0799,1290,0
rep2,1.0799,1291,0
rep2,1.08,1292,0
rep2,1.0801,1293,0
rep2,1.0801,1294,0
rep2,1.0801,1295,0
rep2,1.0802,1296,0
rep2,1.0802,1297,0
rep2,1.0802,1298,0
rep2,1.0803,1299,0
rep2,1.0803,1300,0
rep2,1.0803,1301,0
rep2,1.0804,1302,0
rep2,1.0804,1303,0
rep2,1.0805,1304,0
rep2,1.0806,1305,0
rep2,1.0806,1306,0
rep2,1.0807,1307,0
rep2,1.0808,1308,0
rep2,1.0808,1309,0
rep2,1.0808,1310,0
rep2,1.0808,1311,0
rep2,1.0808,1312,0
rep2,1.0808,1313,0
rep2,1.0808,1314,0
rep2,1.0809,1315,0
rep2,1.0809,1316,0
rep2,1.0809,1317,0
rep2,1.081,1318,0
rep2,1.081,1319,0
rep2,1.0811,1320,0
rep2,1.0811,1321,0
rep2,1.0812,1322,0
rep2,1.0812,1323,0
rep2,1.0812,1324,0
rep2,1.0812,1325,0
rep2,1.0812,1326,0
rep2,1.0813,1327,0
rep2,1.0813,1328,0
rep2,1.0814,1329,0
rep2,1.0815,1330,0
rep2,1.0816,1331,0
rep2,1.0816,1332,0
rep2,1.0816,1333,0
rep2,1.0816,1334,0
rep2,1.0817,1335,0
rep2,1.0817,1336,0
rep2,1.0817,1337,0
rep2,1.0818,1338,0
rep2,1.0819,1339,0
rep2,1.082,1340,0
rep2,1.082,1341,0
rep2,1.082,1342,0
rep2,1.0821,1343,0
rep2,1.0822,1344,0
rep2,1.0822,1345,0
rep2,1.0822,1346,0
rep2,1.0823,1347,0
rep2,1.0825,1348,0
rep2,1.0825,1349,0
rep2,1.0825,1350,0
rep2,1.0826,1351,0
rep2,1.0826,1352,0
rep2,1.0827,1353,0
rep2,1.0828,1354,0
rep2,1.0829,1355,0
rep2,1.0829,1356,0
rep2,1.0829,1357,0
rep2,1.0831,1358,0
rep2,1.0831,1359,0
rep2,1.0831,1360,0
rep2,1.0832,1361,0
rep2,1.0833,1362,0
rep2,1.0833,1363,0
rep2,1.0834,1364,0
rep2,1.0835,1365,0
rep2,1.0835,1366,0
rep2,1.0835,1367,0
rep2,1.0836,1368,0
rep2,1.0838,1369,0
rep2,1.0838,1370,0
rep2,1.0838,1371,0
rep2,1.0838,1372,0
rep2,1.0839,1373,0
rep2,1.084,1374,0
rep2,1.084,1375,0
rep2,1.0844,1376,0
rep2,1.0844,1377,0
rep2,1.0844,1378,0
rep2,1.0845,1379,0
rep2,1.0845,1380,0
rep2,1.0845,1381,0
rep2,1.0845,1382,0
rep2,1.0845,1383,0
rep2,1.0846,1384,0
rep2,1.0846,1385,0
rep2,1.0846,1386,0
rep2,1.0847,1387,0
rep2,1.0847,1388,0
rep2,1.0847,1389,0
rep2,1.0847,1390,0
rep2,1.0849,1391,0
rep2,1.0849,1392,0
rep2,1.0849,1393,0
rep2,1.085,1394,0
rep2,1.085,1395,0
rep2,1.085,1396,0
rep2,1.085,1397,0
rep2,1.0851,1398,0
rep2,1.0852,1399,0
rep2,1.0852,1400,0
rep2,1.0852,1401,0
rep2,1.0854,1402,0
rep2,1.0854,1403,0
rep2,1.0854,1404,0
rep2,1.0855,1405,0
rep2,1.0856,1406,0
rep2,1.0856,1407,0
rep2,1.0857,1408,0
rep2,1.0859,1409,0
rep2,1.0859,1410,0
rep2,1.0859,1411,0
rep2,1.086,1412,0
rep2,1.086,1413,0
rep2,1.086,1414,0
rep2,1.0861,1415,0
rep2,1.0861,1416,0
rep2,1.0862,1417,0
rep2,1.0862,1418,0
rep2,1.0862,1419,0
rep2,1.0863,1420,0
rep2,1.0863,1421,0
rep2,1.0864,1422,0
rep2,1.0864,1423,0
rep2,1.0864,1424,0
rep2,1.0865,1425,0
rep2,1.0867,1426,0
rep2,1.0867,1427,0
rep2,1.0867,1428,0
rep2,1.0867,1429,0
rep2,1.0868,1430,0
rep2,1.0868,1431,0
rep2,1.0868,1432,0
rep2,1.087,1433,0
rep2,1.0871,1434,0
rep2,1.0871,1435,0
rep2,1.0872,1436,0
rep2,1.0874,1437,0
rep2,1.0874,1438,0
rep2,1.0874,1439,0
rep2,1.0874,1440,0
rep2,1.0876,1441,0
rep2,1.0876,1442,0
rep2,1.0877,1443,0
rep2,1.0877,1444,0
rep2,1.0878,1445,0
rep2,1.0878,1446,0
rep2,1.0879,1447,0
rep2,1.0879,1448,0
rep2,1.088,1449,0
rep2,1.088,1450,0
rep2,1.0881,1451,0
rep2,1.0882,1452,0
rep2,1.0883,1453,0
rep2,1.0884,1454,0
rep2,1.0884,1455,0
rep2,1.0884,1456,0
rep2,1.0886,1457,0
rep2,1.0886,1458,0
rep2,1.0887,1459,0
rep2,1.0887,1460,0
rep2,1.0887,1461,0
rep2,1.0888,1462,0
rep2,1.0889,1463,0
rep2,1.0889,1464,0
rep2,1.089,1465,0
rep2,1.0892,1466,0
rep2,1.0893,1467,0
rep2,1.0893,1468,0
rep2,1.0895,1469,0
rep2,1.0895,1470,0
rep2,1.0896,1471,0
rep2,1.0896,1472,0
rep2,1.0897,1473,0
rep2,1.0898,1474,0
rep2,1.09,1475,0
rep2,1.09,1476,0
rep2,1.09,1477,0
rep2,1.0901,1478,0
rep2,1.0902,1479,0
rep2,1.0902,1480,0
rep2,1.0903,1481,0
rep2,1.0904,1482,0
rep2,1.0905,1483,0
rep2,1.0905,1484,0
rep2,1.0905,1485,0
rep2,1.0905,1486,0
rep2,1.0908,1487,0
rep2,1.0908,1488,0
rep2,1.0909,1489,0
rep2,1.0909,1490,0
rep2,1.0909,1491,0
rep2,1.091,1492,0
rep2,1.091,1493,0
rep2,1.0912,1494,0
rep2,1.0912,1495,0
rep2,1.0914,1496,0
rep2,1.0915,1497,0
rep2,1.0917,1498,0
rep2,1.0918,1499,0
rep2,1.0919,1500,0
rep2,1.092,1501,0
rep2,1.0921,1502,0
rep2,1.0921,1503,0
rep2,1.0921,1504,0
rep2,1.0922,1505,0
rep2,1.0923,1506,0
rep2,1.0923,1507,0
rep2,1.0925,1508,0
rep2,1.0926,1509,0
rep2,1.0926,1510,0
rep2,1.0926,1511,0
rep2,1.0927,1512,0
rep2,1.0928,1513,0
rep2,1.0928,1514,0
rep2,1.0929,1515,0
rep2,1.0932,1516,0
rep2,1.0933,1517,0
rep2,1.0933,1518,0
rep2,1.0934,1519,0
rep2,1.0935,1520,0
rep2,1.0935,1521,0
rep2,1.0936,1522,0
rep2,1.0937,1523,0
rep2,1.0939,1524,0
rep2,1.094,1525,0
rep2,1.094,1526,0
rep2,1.0941,1527,0
rep2,1.0941,1528,0
rep2,1.0942,1529,0
rep2,1.0943,1530,0
rep2,1.0943,1531,0
rep2,1.0943,1532,0
rep2,1.0944,1533,0
rep2,1.0945,1534,0
rep2,1.0946,1535,0
rep2,1.0947,1536,0
rep2,1.0947,1537,0
rep2,1.0948,1538,0
rep2,1.0948,1539,0
rep2,1.0952,1540,0
rep2,1.0952,1541,0
rep2,1.0952,1542,0
rep2,1.0953,1543,0
rep2,1.0953,1544,0
rep2,1.0954,1545,0
rep2,1.0954,1546,0
rep2,1.0956,1547,0
rep2,1.0959,1548,0
rep2,1.0959,1549,0
rep2,1.0959,1550,0
rep2,1.096,1551,0
rep2,1.0962,1552,0
rep2,1.0963,1553,0
rep2,1.0964,1554,0
rep2,1.0964,1555,0
rep2,1.0965,1556,0
rep2,1.0965,1557,0
rep2,1.0966,1558,0
rep2,1.0966,1559,0
rep2,1.0967,1560,0
rep2,1.0967,1561,0
rep2,1.0968,1562,0
rep2,1.0969,1563,0
rep2,1.0969,1564,0
rep2,1.097,1565,0
rep2,1.097,1566,0
rep2,1.0973,1567,0
rep2,1.0975,1568,0
rep2,1.0975,1569,0
rep2,1.0975,1570,0
rep2,1.0975,1571,0
rep2,1.0977,1572,0
rep2,1.0977,1573,0
rep2,1.0978,1574,0
rep2,1.098,1575,0
rep2,1.0983,1576,0
rep2,1.0983,1577,0
rep2,1.0984,1578,0
rep2,1.0987,1579,0
rep2,1.0988,1580,0
rep2,1.0988,1581,0
rep2,1.099,1582,0
rep2,1.099,1583,0
rep2,1.0991,1584,0
rep2,1.0991,1585,0
rep2,1.0993,1586,0
rep2,1.0996,1587,0
rep2,1.0996,1588,0
rep2,1.0998,1589,0
rep2,1.0998,1590,0
rep2,1.0999,1591,0
rep2,1.0999,1592,0
rep2,1.0999,1593,0
rep2,1.0999,1594,0
rep2,1.1002,1595,0
rep2,1.1002,1596,0
rep2,1.1004,1597,0
rep2,1.1004,1598,0
rep2,1.1005,1599,0
rep2,1.1005,1600,0
rep2,1.1006,1601,0
rep2,1.1007,1602,0
rep2,1.1008,1603,0
rep2,1.1008,1604,0
rep2,1.1009,1605,0
rep2,1.1009,1606,0
rep2,1.101,1607,0
rep2,1.1011,1608,0
rep2,1.1012,1609,0
rep2,1.1012,1610,0
rep2,1.1014,1611,0
rep2,1.1014,1612,0
rep2,1.1015,1613,0
rep2,1.1016,1614,0
rep2,1.1017,1615,0
rep2,1.102,1616,0
rep2,1.1021,1617,0
rep2,1.1022,1618,0
rep2,1.1023,1619,0
rep2,1.1023,1620,0
rep2,1.1024,1621,0
rep2,1.1024,1622,0
rep2,1.1025,1623,0
rep2,1.1025,1624,0
rep2,1.1025,1625,0
rep2,1.1026,1626,0
rep2,1.1028,1627,0
rep2,1.1028,1628,0
rep2,1.1029,1629,0
rep2,1.1029,1630,0
rep2,1.1029,1631,0
rep2,1.103,1632,0
rep2,1.103,1633,0
rep2,1.1031,1634,0
rep2,1.1031,1635,0
rep2,1.1033,1636,0
rep2,1.1034,1637,0
rep2,1.1035,1638,0
rep2,1.1035,1639,0
rep2,1.1037,1640,0
rep2,1.1037,1641,0
rep2,1.1037,1642,0
rep2,1.1038,1643,0
rep2,1.104,1644,0
rep2,1.1041,1645,0
rep2,1.1043,1646,0
rep2,1.1043,1647,0
rep2,1.1043,1648,0
rep2,1.1044,1649,0
rep2,1.1045,1650,0
rep2,1.1045,1651,0
rep2,1.1046,1652,0
rep2,1.1046,1653,0
rep2,1.1048,1654,0
rep2,1.1048,1655,0
rep2,1.1048,1656,0
rep2,1.1048,1657,0
rep2,1.1049,1658,0
rep2,1.105,1659,0
rep2,1.1052,1660,0
rep2,1.1053,1661,0
rep2,1.1053,1662,0
rep2,1.1054,1663,0
rep2,1.1056,1664,0
rep2,1.1058,1665,0
rep2,1.1059,1666,0
rep2,1.1059,1667,0
rep2,1.106,1668,0
rep2,1.1061,1669,0
rep2,1.1061,1670,0
rep2,1.1062,1671,0
rep2,1.1063,1672,0
rep2,1.1063,1673,0
rep2,1.1064,1674,0
rep2,1.1065,1675,0
rep2,1.1065,1676,0
rep2,1.1065,1677,0
rep2,1.1065,1678,0
rep2,1.1067,1679,0
rep2,1.1069,1680,0
rep2,1.1069,1681,0
rep2,1.1072,1682,0
rep2,1.1072,1683,0
rep2,1.1072,1684,0
rep2,1.1074,1685,0
rep2,1.1074,1686,0
rep2,1.1075,1687,0
rep2,1.1077,1688,0
rep2,1.1078,1689,0
rep2,1.1079,1690,0
rep2,1.108,1691,0
rep2,1.1081,1692,0
rep2,1.1082,1693,0
rep2,1.1082,1694,0
rep2,1.1082,1695,0
rep2,1.1083,1696,0
rep2,1.1083,1697,0
rep2,1.1084,1698,0
rep2,1.1084,1699,0
rep2,1.1086,1700,0
rep2,1.1087,1701,0
rep2,1.1087,1702,0
rep2,1.1089,1703,0
rep2,1.1089,1704,0
rep2,1.109,1705,0
rep2,1.1091,1706,0
rep2,1.1092,1707,0
rep2,1.1092,1708,0
rep2,1.1093,1709,0
rep2,1.1093,1710,0
rep2,1.1094,1711,0
rep2,1.1095,1712,0
rep2,1.1095,1713,0
rep2,1.1095,1714,0
rep2,1.1096,1715,0
rep2,1.1098,1716,0
rep2,1.1099,1717,0
rep2,1.1099,1718,0
rep2,1.11,1719,0
rep2,1.11,1720,0
rep2,1.1101,1721,0
rep2,1.1101,1722,0
rep2,1.1102,1723,0
rep2,1.1103,1724,0
rep2,1.1103,1725,0
rep2,1.1105,1726,0
rep2,1.1105,1727,0
rep2,1.1105,1728,0
rep2,1.1105,1729,0
rep2,1.1105,1730,0
rep2,1.1106,1731,0
rep2,1.1106,1732,0
rep2,1.1106,1733,0
rep2,1.1107,1734,0
rep2,1.1107,1735,0
rep2,1.1108,1736,0
rep2,1.1108,1737,0
rep2,1.1109,1738,0
rep2,1.111,1739,0
rep2,1.1111,1740,0
rep2,1.1111,1741,0
rep2,1.1112,1742,0
rep2,1.1112,1743,0
rep2,1.1112,1744,0
rep2,1.1113,1745,0
rep2,1.1114,1746,0
rep2,1.1114,1747,0
rep2,1.1115,1748,0
rep2,1.1115,1749,0
rep2,1.1117,1750,0
rep2,1.1117,1751,0
rep2,1.1118,1752,0
rep2,1.1118,1753,0
rep2,1.1118,1754,0
rep2,1.1118,1755,0
rep2,1.1118,1756,0
rep2,1.1119,1757,0
rep2,1.1119,1758,0
rep2,1.1119,1759,0
rep2,1.1119,1760,0
rep2,1.112,1761,0
rep2,1.112,1762,0
rep2,1.112,1763,0
rep2,1.1122,1764,0
rep2,1.1122,1765,0
rep2,1.1122,1766,0
rep2,1.1123,1767,0
rep2,1.1123,1768,0
rep2,1.1123,1769,0
rep2,1.1123,1770,0
rep2,1.1124,1771,0
rep2,1.1125,1772,0
rep2,1.1125,1773,0
rep2,1.1126,1774,0
rep2,1.1126,1775,0
rep2,1.1127,1776,0
rep2,1.1127,1777,0
rep2,1.1129,1778,0
rep2,1.1129,1779,0
rep2,1.1129,1780,0
rep2,1.113,1781,0
rep2,1.113,1782,0
rep2,1.1131,1783,0
rep2,1.1131,1784,0
rep2,1.1132,1785,0
rep2,1.1132,1786,0
rep2,1.1132,1787,0
rep2,1.1133,1788,0
rep2,1.1135,1789,0
rep2,1.1135,1790,0
rep2,1.1135,1791,0
rep2,1.1135,1792,0
rep2,1.1137,1793,0
rep2,1.1137,1794,0
rep2,1.1137,1795,0
rep2,1.1137,1796,0
rep2,1.1138,1797,0
rep2,1.1138,1798,0
rep2,1.1138,1799,0
rep2,1.1138,1800,0
rep2,1.1139,1801,0
rep2,1.1139,1802,0
rep2,1.1139,1803,0
rep2,1.1139,1804,0
rep2,1.114,1805,0
rep2,1.114,1806,0
rep2,1.114,1807,0
rep2,1.1141,1808,0
rep2,1.1142,1809,0
rep2,1.1142,1810,0
rep2,1.1143,1811,0
rep2,1.1144,1812,0
rep2,1.1145,1813,0
rep2,1.1147,1814,0
rep2,1.1148,1815,0
rep2,1.115,1816,0
rep2,1.1151,1817,0
rep2,1.1151,1818,0
rep2,1.1151,1819,0
rep2,1.1151,1820,0
rep2,1.1152,1821,0
rep2,1.1153,1822,0
rep2,1.1153,1823,0
rep2,1.1154,1824,0
rep2,1.1154,1825,0
rep2,1.1155,1826,0
rep2,1.1155,1827,0
rep2,1.1155,1828,0
rep2,1.1159,1829,0
rep2,1.116,1830,0
rep2,1.116,1831,0
rep2,1.116,1832,0
rep2,1.116,1833,0
rep2,1.1161,1834,0
rep2,1.1162,1835,0
rep2,1.1162,1836,0
rep2,1.1163,1837,0
rep2,1.1163,1838,0
rep2,1.1164,1839,0
rep2,1.1164,1840,0
rep2,1.1164,1841,0
rep2,1.1164,1842,0
rep2,1.1165,1843,0
rep2,1.1165,1844,0
rep2,1.1165,1845,0
rep2,1.1166,1846,0
rep2,1.1166,1847,0
rep2,1.1167,1848,0
rep2,1.1167,1849,0
rep2,1.1168,1850,0
rep2,1.1169,1851,0
rep2,1.1169,1852,0
rep2,1.1169,1853,0
rep2,1.1171,1854,0
rep2,1.1171,1855,0
rep2,1.1171,1856,0
rep2,1.1174,1857,0
rep2,1.1174,1858,0
rep2,1.1175,1859,0
rep2,1.1176,1860,0
rep2,1.1177,1861,0
rep2,1.1178,1862,0
rep2,1.1178,1863,0
rep2,1.118,1864,0
rep2,1.118,1865,0
rep2,1.118,1866,0
rep2,1.118,1867,0
rep2,1.1181,1868,0
rep2,1.1181,1869,0
rep2,1.1182,1870,0
rep2,1.1182,1871,0
rep2,1.1183,1872,0
rep2,1.1183,1873,0
rep2,1.1185,1874,0
rep2,1.1186,1875,0
rep2,1.1187,1876,0
rep2,1.1188,1877,0
rep2,1.1188,1878,0
rep2,1.1189,1879,0
rep2,1.1191,1880,0
rep2,1.1191,1881,0
rep2,1.1191,1882,0
rep2,1.1192,1883,0
rep2,1.1192,1884,0
rep2,1.1192,1885,0
rep2,1.1192,1886,0
rep2,1.1193,1887,0
rep2,1.1193,1888,0
rep2,1.1193,1889,0
rep2,1.1194,1890,0
rep2,1.1194,1891,0
rep2,1.1197,1892,0
rep2,1.1198,1893,0
rep2,1.1199,1894,0
rep2,1.1199,1895,0
rep2,1.1199,1896,0
rep2,1.12,1897,0
rep2,1.12,1898,0
rep2,1.1201,1899,0
rep2,1.1202,1900,0
rep2,1.1203,1901,0
rep2,1.1204,1902,0
rep2,1.1205,1903,0
rep2,1.1206,1904,0
rep2,1.1208,1905,0
rep2,1.1209,1906,0
rep2,1.1209,1907,0
rep2,1.1209,1908,0
rep2,1.121,1909,0
rep2,1.121,1910,0
rep2,1.1211,1911,0
rep2,1.1211,1912,0
rep2,1.1212,1913,0
rep2,1.1213,1914,0
rep2,1.1214,1915,0
rep2,1.1215,1916,0
rep2,1.1215,1917,0
rep2,1.1215,1918,0
rep2,1.1217,1919,0
rep2,1.1218,1920,0
rep2,1.1218,1921,0
rep2,1.1218,1922,0
rep2,1.1219,1923,0
rep2,1.122,1924,0
rep2,1.122,1925,0
rep2,1.122,1926,0
rep2,1.1221,1927,0
rep2,1.1222,1928,0
rep2,1.1222,1929,0
rep2,1.1222,1930,0
rep2,1.1223,1931,0
rep2,1.1223,1932,0
rep2,1.1223,1933,0
rep2,1.1224,1934,0
rep2,1.1225,1935,0
rep2,1.1225,1936,0
rep2,1.1227,1937,0
rep2,1.1227,1938,0
rep2,1.1229,1939,0
rep2,1.1229,1940,0
rep2,1.123,1941,0
rep2,1.1231,1942,0
rep2,1.1232,1943,0
rep2,1.1233,1944,0
rep2,1.1233,1945,0
rep2,1.1236,1946,0
rep2,1.1236,1947,0
rep2,1.1236,1948,0
rep2,1.1237,1949,0
rep2,1.1239,1950,0
rep2,1.1239,1951,0
rep2,1.1239,1952,0
rep2,1.124,1953,0
rep2,1.1241,1954,0
rep2,1.1242,1955,0
rep2,1.1243,1956,0
rep2,1.1244,1957,0
rep2,1.1244,1958,0
rep2,1.1245,1959,0
rep2,1.1245,1960,0
rep2,1.1246,1961,0
rep2,1.1246,1962,0
rep2,1.1246,1963,0
rep2,1.1247,1964,0
rep2,1.1247,1965,0
rep2,1.1247,1966,0
rep2,1.1248,1967,0
rep2,1.1249,1968,0
rep2,1.125,1969,0
rep2,1.1251,1970,0
rep2,1.1251,1971,0
rep2,1.1251,1972,0
rep2,1.1252,1973,0
rep2,1.1252,1974,0
rep2,1.1253,1975,0
rep2,1.1254,1976,0
rep2,1.1255,1977,0
rep2,1.1255,1978,0
rep2,1.1255,1979,0
rep2,1.1256,1980,0
rep2,1.1258,1981,0
rep2,1.1259,1982,0
rep2,1.1259,1983,0
rep2,1.1261,1984,0
rep2,1.1261,1985,0
rep2,1.1261,1986,0
rep2,1.1262,1987,0
rep2,1.1263,1988,0
rep2,1.1263,1989,0
rep2,1.1264,1990,0
rep2,1.1264,1991,0
rep2,1.1264,1992,0
rep2,1.1264,1993,0
rep2,1.1264,1994,0
rep2,1.1267,1995,0
rep2,1.1269,1996,0
rep2,1.127,1997,0
rep2,1.1271,1998,0
rep2,1.1271,1999,0
rep2,1.1272,2000,0
rep2,1.1273,2001,0
rep2,1.1276,2002,0
rep2,1.1277,2003,0
rep2,1.1278,2004,0
rep2,1.1279,2005,0
rep2,1.128,2006,0
rep2,1.1282,2007,0
rep2,1.1286,2008,0
rep2,1.1288,2009,0
rep2,1.1289,2010,0
rep2,1.129,2011,0
rep2,1.1292,2012,0
rep2,1.1292,2013,0
rep2,1.1292,2014,0
rep2,1.1294,2015,0
rep2,1.1295,2016,0
rep2,1.1296,2017,0
rep2,1.1297,2018,0
rep2,1.1297,2019,0
rep2,1.1297,2020,0
rep2,1.1298,2021,0
rep2,1.1298,2022,0
rep2,1.13,2023,0
rep2,1.1301,2024,0
rep2,1.1301,2025,0
rep2,1.1302,2026,0
rep2,1.1302,2027,0
rep2,1.1302,2028,0
rep2,1.1303,2029,0
rep2,1.1303,2030,0
rep2,1.1303,2031,0
rep2,1.1304,2032,0
rep2,1.1305,2033,0
rep2,1.1306,2034,0
rep2,1.1307,2035,0
rep2,1.1309,2036,0
rep2,1.1311,2037,0
rep2,1.1313,2038,0
rep2,1.1315,2039,0
rep2,1.1315,2040,0
rep2,1.1316,2041,0
rep2,1.1316,2042,0
rep2,1.1317,2043,0
rep2,1.1318,2044,0
rep2,1.1319,2045,0
rep2,1.132,2046,0
rep2,1.1321,2047,0
rep2,1.1321,2048,0
rep2,1.1321,2049,0
rep2,1.1322,2050,0
rep2,1.1324,2051,0
rep2,1.1326,2052,0
rep2,1.1326,2053,0
rep2,1.1326,2054,0
rep2,1.1328,2055,0
rep2,1.1328,2056,0
rep2,1.1329,2057,0
rep2,1.1329,2058,0
rep2,1.1332,2059,0
rep2,1.1333,2060,0
rep2,1.1334,2061,0
rep2,1.1334,2062,0
rep2,1.1335,2063,0
rep2,1.1336,2064,0
rep2,1.1336,2065,0
rep2,1.1337,2066,0
rep2,1.1337,2067,0
rep2,1.1338,2068,0
rep2,1.134,2069,0
rep2,1.134,2070,0
rep2,1.134,2071,0
rep2,1.134,2072,0
rep2,1.1341,2073,0
rep2,1.1343,2074,0
rep2,1.1344,2075,0
rep2,1.1344,2076,0
rep2,1.1345,2077,0
rep2,1.1346,2078,0
rep2,1.1346,2079,0
rep2,1.1346,2080,0
rep2,1.1347,2081,0
rep2,1.1347,2082,0
rep2,1.1348,2083,0
rep2,1.1348,2084,0
rep2,1.1348,2085,0
rep2,1.1349,2086,0
rep2,1.135,2087,0
rep2,1.135,2088,0
rep2,1.135,2089,0
rep2,1.1352,2090,0
rep2,1.1352,2091,0
rep2,1.1353,2092,0
rep2,1.1354,2093,0
rep2,1.1355,2094,0
rep2,1.1355,2095,0
rep2,1.1356,2096,0
rep2,1.1356,2097,0
rep2,1.1358,2098,0
rep2,1.1358,2099,0
rep2,1.1359,2100,0
rep2,1.136,2101,0
rep2,1.1361,2102,0
rep2,1.1363,2103,0
rep2,1.1364,2104,0
rep2,1.1364,2105,0
rep2,1.1364,2106,0
rep2,1.1364,2107,0
rep2,1.1365,2108,0
rep2,1.1369,2109,0
rep2,1.137,2110,0
rep2,1.1372,2111,0
rep2,1.1374,2112,0
rep2,1.1376,2113,0
rep2,1.1379,2114,0
rep2,1.138,2115,0
rep2,1.138,2116,0
rep2,1.1381,2117,0
rep2,1.1381,2118,0
rep2,1.1383,2119,0
rep2,1.1384,2120,0
rep2,1.1385,2121,0
rep2,1.1387,2122,0
rep2,1.1387,2123,0
rep2,1.1388,2124,0
rep2,1.1388,2125,0
rep2,1.1389,2126,0
rep2,1.139,2127,0
rep2,1.1391,2128,0
rep2,1.1392,2129,0
rep2,1.1393,2130,0
rep2,1.1393,2131,0
rep2,1.1394,2132,0
rep2,1.1395,2133,0
rep2,1.1396,2134,0
rep2,1.1396,2135,0
rep2,1.1398,2136,0
rep2,1.1399,2137,0
rep2,1.1399,2138,0
rep2,1.1399,2139,0
rep2,1.1401,2140,0
rep2,1.1401,2141,0
rep2,1.1404,2142,0
rep2,1.1404,2143,0
rep2,1.1404,2144,0
rep2,1.1404,2145,0
rep2,1.1405,2146,0
rep2,1.1407,2147,0
rep2,1.1408,2148,0
rep2,1.1408,2149,0
rep2,1.1409,2150,0
rep2,1.1409,2151,0
rep2,1.141,2152,0
rep2,1.141,2153,0
rep2,1.1411,2154,0
rep2,1.1411,2155,0
rep2,1.1413,2156,0
rep2,1.1415,2157,0
rep2,1.1415,2158,0
rep2,1.1415,2159,0
rep2,1.1415,2160,0
rep2,1.142,2161,0
rep2,1.1422,2162,0
rep2,1.1422,2163,0
rep2,1.1423,2164,0
rep2,1.1424,2165,0
rep2,1.1424,2166,0
rep2,1.1425,2167,0
rep2,1.1426,2168,0
rep2,1.1426,2169,0
rep2,1.1427,2170,0
rep2,1.1428,2171,0
rep2,1.1428,2172,0
rep2,1.1429,2173,0
rep2,1.1429,2174,0
rep2,1.1429,2175,0
rep2,1.143,2176,0
rep2,1.1431,2177,0
rep2,1.1431,2178,0
rep2,1.1431,2179,0
rep2,1.1432,2180,0
rep2,1.1432,2181,0
rep2,1.1432,2182,0
rep2,1.1433,2183,0
rep2,1.1433,2184,0
rep2,1.1434,2185,0
rep2,1.1435,2186,0
rep2,1.1435,2187,0
rep2,1.1436,2188,0
rep2,1.1436,2189,0
rep2,1.1436,2190,0
rep2,1.1436,2191,0
rep2,1.1437,2192,0
rep2,1.1437,2193,0
rep2,1.1437,2194,0
rep2,1.1438,2195,0
rep2,1.1439,2196,0
rep2,1.1439,2197,0
rep2,1.144,2198,0
rep2,1.144,2199,0
rep2,1.144,2200,0
rep2,1.144,2201,0
rep2,1.1442,2202,0
rep2,1.1442,2203,0
rep2,1.1442,2204,0
rep2,1.1442,2205,0
rep2,1.1443,2206,0
rep2,1.1444,2207,0
rep2,1.1444,2208,0
rep2,1.1445,2209,0
rep2,1.1447,2210,0
rep2,1.1448,2211,0
rep2,1.145,2212,0
rep2,1.1451,2213,0
rep2,1.1451,2214,0
rep2,1.1452,2215,0
rep2,1.1452,2216,0
rep2,1.1453,2217,0
rep2,1.1453,2218,0
rep2,1.1454,2219,0
rep2,1.1455,2220,0
rep2,1.1456,2221,0
rep2,1.1456,2222,0
rep2,1.1458,2223,0
rep2,1.1458,2224,0
rep2,1.1459,2225,0
rep2,1.1459,2226,0
rep2,1.146,2227,0
rep2,1.146,2228,0
rep2,1.1461,2229,0
rep2,1.1462,2230,0
rep2,1.1462,2231,0
rep2,1.1463,2232,0
rep2,1.1463,2233,0
rep2,1.1464,2234,0
rep2,1.1465,2235,0
rep2,1.1466,2236,0
rep2,1.1466,2237,0
rep2,1.1466,2238,0
rep2,1.1467,2239,0
rep2,1.1468,2240,0
rep2,1.1468,2241,0
rep2,1.1469,2242,0
rep2,1.147,2243,0
rep2,1.147,2244,0
rep2,1.1472,2245,0
rep2,1.1473,2246,0
rep2,1.1473,2247,0
rep2,1.1473,2248,0
rep2,1.1474,2249,0
rep2,1.1475,2250,0
rep2,1.1475,2251,0
rep2,1.1475,2252,0
rep2,1.1476,2253,0
rep2,1.1476,2254,0
rep2,1.1476,2255,0
rep2,1.1477,2256,0
rep2,1.1477,2257,0
rep2,1.1477,2258,0
rep2,1.1478,2259,0
rep2,1.1478,2260,0
rep2,1.1479,2261,0
rep2,1.148,2262,0
rep2,1.1481,2263,0
rep2,1.1481,2264,0
rep2,1.1482,2265,0
rep2,1.1484,2266,0
rep2,1.1484,2267,0
rep2,1.1484,2268,0
rep2,1.1484,2269,0
rep2,1.1485,2270,0
rep2,1.1485,2271,0
rep2,1.1486,2272,0
rep2,1.1486,2273,0
rep2,1.1488,2274,0
rep2,1.1488,2275,0
rep2,1.1489,2276,0
rep2,1.1489,2277,0
rep2,1.149,2278,0
rep2,1.1491,2279,0
rep2,1.1491,2280,0
rep2,1.1492,2281,0
rep2,1.1492,2282,0
rep2,1.1494,2283,0
rep2,1.1494,2284,0
rep2,1.1495,2285,0
rep2,1.1495,2286,0
rep2,1.1495,2287,0
rep2,1.1497,2288,0
rep2,1.1497,2289,0
rep2,1.1497,2290,0
rep2,1.1498,2291,0
rep2,1.1498,2292,0
rep2,1.1498,2293,0
rep2,1.1498,2294,0
rep2,1.1498,2295,0
rep2,1.1498,2296,0
rep2,1.1498,2297,0
rep2,1.1499,2298,0
rep2,1.1499,2299,0
rep2,1.1499,2300,0
rep2,1.1501,2301,0
rep2,1.1501,2302,0
rep2,1.1502,2303,0
rep2,1.1503,2304,0
rep2,1.1504,2305,0
rep2,1.1505,2306,0
rep2,1.1505,2307,0
rep2,1.1506,2308,0
rep2,1.1506,2309,0
rep2,1.1507,2310,0
rep2,1.1508,2311,0
rep2,1.1508,2312,0
rep2,1.151,2313,0
rep2,1.151,2314,0
rep2,1.1511,2315,0
rep2,1.1511,2316,0
rep2,1.1513,2317,0
rep2,1.1513,2318,0
rep2,1.1513,2319,0
rep2,1.1514,2320,0
rep2,1.1514,2321,0
rep2,1.1515,2322,0
rep2,1.1515,2323,0
rep2,1.1516,2324,0
rep2,1.1516,2325,0
rep2,1.1517,2326,0
rep2,1.1517,2327,0
rep2,1.1518,2328,0
rep2,1.1518,2329,0
rep2,1.1518,2330,0
rep2,1.1518,2331,0
rep2,1.1518,2332,0
rep2,1.1519,2333,0
rep2,1.1521,2334,0
rep2,1.1521,2335,0
rep2,1.1521,2336,0
rep2,1.1523,2337,0
rep2,1.1523,2338,0
rep2,1.1524,2339,0
rep2,1.1524,2340,0
rep2,1.1525,2341,0
rep2,1.1526,2342,0
rep2,1.1527,2343,0
rep2,1.1527,2344,0
rep2,1.1528,2345,0
rep2,1.1529,2346,0
rep2,1.153,2347,0
rep2,1.153,2348,0
rep2,1.1532,2349,0
rep2,1.1532,2350,0
rep2,1.1533,2351,0
rep2,1.1534,2352,0
rep2,1.1534,2353,0
rep2,1.1535,2354,0
rep2,1.1536,2355,0
rep2,1.1536,2356,0
rep2,1.1537,2357,0
rep2,1.1537,2358,0
rep2,1.1538,2359,0
rep2,1.1539,2360,0
rep2,1.1539,2361,0
rep2,1.154,2362,0
rep2,1.154,2363,0
rep2,1.154,2364,0
rep2,1.1543,2365,0
rep2,1.1544,2366,0
rep2,1.1545,2367,0
rep2,1.1547,2368,0
rep2,1.1548,2369,0
rep2,1.1549,2370,0
rep2,1.1549,2371,0
rep2,1.155,2372,0
rep2,1.1551,2373,0
rep2,1.1551,2374,0
rep2,1.1551,2375,0
rep2,1.1553,2376,0
rep2,1.1553,2377,0
rep2,1.1553,2378,0
rep2,1.1553,2379,0
rep2,1.1554,2380,0
rep2,1.1554,2381,0
rep2,1.1554,2382,0
rep2,1.1554,2383,0
rep2,1.1555,2384,0
rep2,1.1556,2385,0
rep2,1.1556,2386,0
rep2,1.1557,2387,0
rep2,1.1557,2388,0
rep2,1.1559,2389,0
rep2,1.156,2390,0
rep2,1.1562,2391,0
rep2,1.1562,2392,0
rep2,1.1562,2393,0
rep2,1.1563,2394,0
rep2,1.1563,2395,0
rep2,1.1564,2396,0
rep2,1.1564,2397,0
rep2,1.1565,2398,0
rep2,1.1568,2399,0
rep2,1.1568,2400,0
rep2,1.1569,2401,0
rep2,1.1569,2402,0
rep2,1.157,2403,0
rep2,1.1571,2404,0
rep2,1.1571,2405,0
rep2,1.1572,2406,0
rep2,1.1572,2407,0
rep2,1.1573,2408,0
rep2,1.1573,2409,0
rep2,1.1573,2410,0
rep2,1.1576,2411,0
rep2,1.1576,2412,0
rep2,1.1576,2413,0
rep2,1.1577,2414,0
rep2,1.1578,2415,0
rep2,1.1579,2416,0
rep2,1.1579,2417,0
rep2,1.158,2418,0
rep2,1.158,2419,0
rep2,1.158,2420,0
rep2,1.1582,2421,0
rep2,1.1582,2422,0
rep2,1.1582,2423,0
rep2,1.1582,2424,0
rep2,1.1583,2425,0
rep2,1.1584,2426,0
rep2,1.1584,2427,0
rep2,1.1587,2428,0
rep2,1.1587,2429,0
rep2,1.1587,2430,0
rep2,1.1588,2431,0
rep2,1.1588,2432,0
rep2,1.1589,2433,0
rep2,1.159,2434,0
rep2,1.159,2435,0
rep2,1.1591,2436,0
rep2,1.1591,2437,0
rep2,1.1594,2438,0
rep2,1.1595,2439,0
rep2,1.1596,2440,0
rep2,1.1597,2441,0
rep2,1.1597,2442,0
rep2,1.1598,2443,0
rep2,1.1598,2444,0
rep2,1.1598,2445,0
rep2,1.1598,2446,0
rep2,1.1599,2447,0
rep2,1.1602,2448,0
rep2,1.1602,2449,0
rep2,1.1604,2450,0
rep2,1.1604,2451,0
rep2,1.1604,2452,0
rep2,1.1604,2453,0
rep2,1.1606,2454,0
rep2,1.1609,2455,0
rep2,1.1609,2456,0
rep2,1.1609,2457,0
rep2,1.161,2458,0
rep2,1.1611,2459,0
rep2,1.1612,2460,0
rep2,1.1612,2461,0
rep2,1.1613,2462,0
rep2,1.1613,2463,0
rep2,1.1614,2464,0
rep2,1.1614,2465,0
rep2,1.1614,2466,0
rep2,1.1614,2467,0
rep2,1.1614,2468,0
rep2,1.1616,2469,0
rep2,1.1617,2470,0
rep2,1.1617,2471,0
rep2,1.1618,2472,0
rep2,1.1619,2473,0
rep2,1.1619,2474,0
rep2,1.1619,2475,0
rep2,1.1621,2476,0
rep2,1.1622,2477,0
rep2,1.1622,2478,0
rep2,1.1622,2479,0
rep2,1.1623,2480,0
rep2,1.1626,2481,0
rep2,1.1626,2482,0
rep2,1.1626,2483,0
rep2,1.1627,2484,0
rep2,1.1627,2485,0
rep2,1.1627,2486,0
rep2,1.1628,2487,0
rep2,1.163,2488,0
rep2,1.1631,2489,0
rep2,1.1631,2490,0
rep2,1.1631,2491,0
rep2,1.1632,2492,0
rep2,1.1632,2493,0
rep2,1.1633,2494,0
rep2,1.1633,2495,0
rep2,1.1634,2496,0
rep2,1.1634,2497,0
rep2,1.1634,2498,0
rep2,1.1635,2499,0
rep2,1.1635,2500,0
rep2,1.1636,2501,0
rep2,1.1636,2502,0
rep2,1.1637,2503,0
rep2,1.1638,2504,0
rep2,1.1638,2505,0
rep2,1.1638,2506,0
rep2,1.1639,2507,0
rep2,1.1639,2508,0
rep2,1.1639,2509,0
rep2,1.164,2510,0
rep2,1.164,2511,0
rep2,1.1641,2512,0
rep2,1.1644,2513,0
rep2,1.1645,2514,0
rep2,1.1646,2515,0
rep2,1.1647,2516,0
rep2,1.1647,2517,0
rep2,1.1648,2518,0
rep2,1.165,2519,0
rep2,1.1651,2520,0
rep2,1.1654,2521,0
rep2,1.1654,2522,0
rep2,1.1654,2523,0
rep2,1.1655,2524,0
rep2,1.1656,2525,0
rep2,1.1656,2526,0
rep2,1.1657,2527,0
rep2,1.1659,2528,0
rep2,1.166,2529,0
rep2,1.1661,2530,0
rep2,1.1661,2531,0
rep2,1.1662,2532,0
rep2,1.1664,2533,0
rep2,1.1664,2534,0
rep2,1.1665,2535,0
rep2,1.1667,2536,0
rep2,1.1667,2537,0
rep2,1.1667,2538,0
rep2,1.1668,2539,0
rep2,1.1668,2540,0
rep2,1.1668,2541,0
rep2,1.1669,2542,0
rep2,1.167,2543,0
rep2,1.1671,2544,0
rep2,1.1671,2545,0
rep2,1.1672,2546,0
rep2,1.1673,2547,0
rep2,1.1673,2548,0
rep2,1.1673,2549,0
rep2,1.1673,2550,0
rep2,1.1673,2551,0
rep2,1.1674,2552,0
rep2,1.1675,2553,0
rep2,1.1676,2554,0
rep2,1.1676,2555,0
rep2,1.1677,2556,0
rep2,1.1678,2557,0
rep2,1.1679,2558,0
rep2,1.168,2559,0
rep2,1.168,2560,0
rep2,1.1681,2561,0
rep2,1.1681,2562,0
rep2,1.1682,2563,0
rep2,1.1682,2564,0
rep2,1.1683,2565,0
rep2,1.1684,2566,0
rep2,1.1684,2567,0
rep2,1.1688,2568,0
rep2,1.1688,2569,0
rep2,1.1689,2570,0
rep2,1.1689,2571,0
rep2,1.169,2572,0
rep2,1.169,2573,0
rep2,1.1692,2574,0
rep2,1.1694,2575,0
rep2,1.1694,2576,0
rep2,1.1694,2577,0
rep2,1.1695,2578,0
rep2,1.1696,2579,0
rep2,1.1696,2580,0
rep2,1.1697,2581,0
rep2,1.1697,2582,0
rep2,1.1699,2583,0
rep2,1.1699,2584,0
rep2,1.1699,2585,0
rep2,1.17,2586,0
rep2,1.1702,2587,0
rep2,1.1703,2588,0
rep2,1.1705,2589,0
rep2,1.1705,2590,0
rep2,1.1706,2591,0
rep2,1.1708,2592,0
rep2,1.1709,2593,0
rep2,1.171,2594,0
rep2,1.1712,2595,0
rep2,1.1712,2596,0
rep2,1.1712,2597,0
rep2,1.1715,2598,0
rep2,1.1717,2599,0
rep2,1.1719,2600,0
rep2,1.172,2601,0
rep2,1.172,2602,0
rep2,1.1721,2603,0
rep2,1.1721,2604,0
rep2,1.1722,2605,0
rep2,1.1722,2606,0
rep2,1.1722,2607,0
rep2,1.1722,2608,0
rep2,1.1723,2609,0
rep2,1.1723,2610,0
rep2,1.1724,2611,0
rep2,1.1724,2612,0
rep2,1.1727,2613,0
rep2,1.1728,2614,0
rep2,1.1728,2615,0
rep2,1.1729,2616,0
rep2,1.173,2617,0
rep2,1.173,2618,0
rep2,1.1731,2619,0
rep2,1.1731,2620,0
rep2,1.1731,2621,0
rep2,1.1734,2622,0
rep2,1.1734,2623,0
rep2,1.1734,2624,0
rep2,1.1735,2625,0
rep2,1.1735,2626,0
rep2,1.1736,2627,0
rep2,1.1737,2628,0
rep2,1.1737,2629,0
rep2,1.1738,2630,0
rep2,1.1738,2631,0
rep2,1.1739,2632,0
rep2,1.174,2633,0
rep2,1.1741,2634,0
rep2,1.1743,2635,0
rep2,1.1743,2636,0
rep2,1.1743,2637,0
rep2,1.1743,2638,0
rep2,1.1744,2639,0
rep2,1.1744,2640,0
rep2,1.1747,2641,0
rep2,1.1747,2642,0
rep2,1.1747,2643,0
rep2,1.1748,2644,0
rep2,1.1749,2645,0
rep2,1.1749,2646,0
rep2,1.175,2647,0
rep2,1.1751,2648,0
rep2,1.1752,2649,0
rep2,1.1752,2650,0
rep2,1.1752,2651,0
rep2,1.1753,2652,0
rep2,1.1754,2653,0
rep2,1.1755,2654,0
rep2,1.1756,2655,0
rep2,1.1757,2656,0
rep2,1.1759,2657,0
rep2,1.1759,2658,0
rep2,1.176,2659,0
rep2,1.176,2660,0
rep2,1.176,2661,0
rep2,1.1761,2662,0
rep2,1.1762,2663,0
rep2,1.1762,2664,0
rep2,1.1763,2665,0
rep2,1.1764,2666,0
rep2,1.1765,2667,0
rep2,1.1767,2668,0
rep2,1.1767,2669,0
rep2,1.1768,2670,0
rep2,1.1768,2671,0
rep2,1.1768,2672,0
rep2,1.1769,2673,0
rep2,1.177,2674,0
rep2,1.177,2675,0
rep2,1.1771,2676,0
rep2,1.1771,2677,0
rep2,1.1773,2678,0
rep2,1.1773,2679,0
rep2,1.1774,2680,0
rep2,1.1774,2681,0
rep2,1.1774,2682,0
rep2,1.1774,2683,0
rep2,1.1775,2684,0
rep2,1.1775,2685,0
rep2,1.1776,2686,0
rep2,1.1776,2687,0
rep2,1.1776,2688,0
rep2,1.1777,2689,0
rep2,1.1777,2690,0
rep2,1.1777,2691,0
rep2,1.1778,2692,0
rep2,1.1778,2693,0
rep2,1.178,2694,0
rep2,1.1781,2695,0
rep2,1.1781,2696,0
rep2,1.1782,2697,0
rep2,1.1782,2698,0
rep2,1.1782,2699,0
rep2,1.1782,2700,0
rep2,1.1782,2701,0
rep2,1.1783,2702,0
rep2,1.1785,2703,0
rep2,1.1786,2704,0
rep2,1.1786,2705,0
rep2,1.1786,2706,0
rep2,1.1786,2707,0
rep2,1.1787,2708,0
rep2,1.1788,2709,0
rep2,1.1788,2710,0
rep2,1.1789,2711,0
rep2,1.1789,2712,0
rep2,1.179,2713,0
rep2,1.1791,2714,0
rep2,1.1791,2715,0
rep2,1.1791,2716,0
rep2,1.1792,2717,0
rep2,1.1792,2718,0
rep2,1.1793,2719,0
rep2,1.1795,2720,0
rep2,1.1797,2721,0
rep2,1.1798,2722,0
rep2,1.1798,2723,0
rep2,1.1798,2724,0
rep2,1.1799,2725,0
rep2,1.1799,2726,0
rep2,1.1799,2727,0
rep2,1.18,2728,0
rep2,1.1801,2729,0
rep2,1.1802,2730,0
rep2,1.1803,2731,0
rep2,1.1803,2732,0
rep2,1.1804,2733,0
rep2,1.1805,2734,0
rep2,1.1806,2735,0
rep2,1.1806,2736,0
rep2,1.1807,2737,0
rep2,1.1807,2738,0
rep2,1.181,2739,0
rep2,1.1811,2740,0
rep2,1.1811,2741,0
rep2,1.1812,2742,0
rep2,1.1812,2743,0
rep2,1.1812,2744,0
rep2,1.1813,2745,0
rep2,1.1813,2746,0
rep2,1.1814,2747,0
rep2,1.1817,2748,0
rep2,1.1817,2749,0
rep2,1.1817,2750,0
rep2,1.1817,2751,0
rep2,1.1818,2752,0
rep2,1.1819,2753,0
rep2,1.1819,2754,0
rep2,1.182,2755,0
rep2,1.1821,2756,0
rep2,1.1822,2757,0
rep2,1.1822,2758,0
rep2,1.1823,2759,0
rep2,1.1823,2760,0
rep2,1.1824,2761,0
rep2,1.1824,2762,0
rep2,1.1825,2763,0
rep2,1.1825,2764,0
rep2,1.1825,2765,0
rep2,1.1826,2766,0
rep2,1.1826,2767,0
rep2,1.1827,2768,0
rep2,1.1827,2769,0
rep2,1.1828,2770,0
rep2,1.1829,2771,0
rep2,1.1829,2772,0
rep2,1.1829,2773,0
rep2,1.1829,2774,0
rep2,1.1829,2775,0
rep2,1.183,2776,0
rep2,1.183,2777,0
rep2,1.1831,2778,0
rep2,1.1831,2779,0
rep2,1.1832,2780,0
rep2,1.1832,2781,0
rep2,1.1833,2782,0
rep2,1.1833,2783,0
rep2,1.1834,2784,0
rep2,1.1834,2785,0
rep2,1.1834,2786,0
rep2,1.1834,2787,0
rep2,1.1836,2788,0
rep2,1.1836,2789,0
rep2,1.1837,2790,0
rep2,1.1838,2791,0
rep2,1.1838,2792,0
rep2,1.1839,2793,0
rep2,1.1841,2794,0
rep2,1.1843,2795,0
rep2,1.1843,2796,0
rep2,1.1844,2797,0
rep2,1.1844,2798,0
rep2,1.1844,2799,0
rep2,1.1844,2800,0
rep2,1.1847,2801,0
rep2,1.1847,2802,0
rep2,1.1849,2803,0
rep2,1.1849,2804,0
rep2,1.185,2805,0
rep2,1.185,2806,0
rep2,1.185,2807,0
rep2,1.1851,2808,0
rep2,1.1851,2809,0
rep2,1.1858,2810,0
rep2,1.1858,2811,0
rep2,1.186,2812,0
rep2,1.1861,2813,0
rep2,1.1862,2814,0
rep2,1.1862,2815,0
rep2,1.1863,2816,0
rep2,1.1863,2817,0
rep2,1.1863,2818,0
rep2,1.1863,2819,0
rep2,1.1864,2820,0
rep2,1.1864,2821,0
rep2,1.1864,2822,0
rep2,1.1864,2823,0
rep2,1.1865,2824,0
rep2,1.1867,2825,0
rep2,1.1868,2826,0
rep2,1.1869,2827,0
rep2,1.187,2828,0
rep2,1.187,2829,0
rep2,1.1871,2830,0
rep2,1.1871,2831,0
rep2,1.1872,2832,0
rep2,1.1872,2833,0
rep2,1.1872,2834,0
rep2,1.1874,2835,0
rep2,1.1874,2836,0
rep2,1.1874,2837,0
rep2,1.1875,2838,0
rep2,1.1875,2839,0
rep2,1.1876,2840,0
rep2,1.1876,2841,0
rep2,1.1877,2842,0
rep2,1.1877,2843,0
rep2,1.1877,2844,0
rep2,1.1879,2845,0
rep2,1.1879,2846,0
rep2,1.188,2847,0
rep2,1.188,2848,0
rep2,1.1882,2849,0
rep2,1.1883,2850,0
rep2,1.1883,2851,0
rep2,1.1883,2852,0
rep2,1.1885,2853,0
rep2,1.1885,2854,0
rep2,1.1886,2855,0
rep2,1.1886,2856,0
rep2,1.1887,2857,0
rep2,1.1887,2858,0
rep2,1.1888,2859,0
rep2,1.1888,2860,0
rep2,1.1888,2861,0
rep2,1.1888,2862,0
rep2,1.1889,2863,0
rep2,1.1889,2864,0
rep2,1.1889,2865,0
rep2,1.189,2866,0
rep2,1.1891,2867,0
rep2,1.1893,2868,0
rep2,1.1894,2869,0
rep2,1.1894,2870,0
rep2,1.1894,2871,0
rep2,1.1894,2872,0
rep2,1.1896,2873,0
rep2,1.1896,2874,0
rep2,1.1897,2875,0
rep2,1.1897,2876,0
rep2,1.1898,2877,0
rep2,1.1898,2878,0
rep2,1.1898,2879,0
rep2,1.1899,2880,0
rep2,1.19,2881,0
rep2,1.1901,2882,0
rep2,1.1902,2883,0
rep2,1.1903,2884,0
rep2,1.1904,2885,0
rep2,1.1904,2886,0
rep2,1.1905,2887,0
rep2,1.1906,2888,0
rep2,1.1906,2889,0
rep2,1.1906,2890,0
rep2,1.1906,2891,0
rep2,1.1907,2892,0
rep2,1.1907,2893,0
rep2,1.1913,2894,0
rep2,1.1913,2895,0
rep2,1.1914,2896,0
rep2,1.1914,2897,0
rep2,1.1915,2898,0
rep2,1.1915,2899,0
rep2,1.1916,2900,0
rep2,1.1918,2901,0
rep2,1.1919,2902,0
rep2,1.1922,2903,0
rep2,1.1923,2904,0
rep2,1.1923,2905,0
rep2,1.1923,2906,0
rep2,1.1925,2907,0
rep2,1.1926,2908,0
rep2,1.1926,2909,0
rep2,1.1926,2910,0
rep2,1.1926,2911,0
rep2,1.1927,2912,0
rep2,1.1927,2913,0
rep2,1.1929,2914,0
rep2,1.1929,2915,0
rep2,1.1931,2916,0
rep2,1.1932,2917,0
rep2,1.1932,2918,0
rep2,1.1933,2919,0
rep2,1.1933,2920,0
rep2,1.1934,2921,0
rep2,1.1934,2922,0
rep2,1.1935,2923,0
rep2,1.1935,2924,0
rep2,1.1935,2925,0
rep2,1.1935,2926,0
rep2,1.1936,2927,0
rep2,1.1936,2928,0
rep2,1.1937,2929,0
rep2,1.1937,2930,0
rep2,1.1939,2931,0
rep2,1.1939,2932,0
rep2,1.194,2933,0
rep2,1.1941,2934,0
rep2,1.1942,2935,0
rep2,1.1944,2936,0
rep2,1.1944,2937,0
rep2,1.1944,2938,0
rep2,1.1944,2939,0
rep2,1.1945,2940,0
rep2,1.1946,2941,0
rep2,1.1946,2942,0
rep2,1.1949,2943,0
rep2,1.1949,2944,0
rep2,1.1949,2945,0
rep2,1.195,2946,0
rep2,1.195,2947,0
rep2,1.1952,2948,0
rep2,1.1952,2949,0
rep2,1.1953,2950,0
rep2,1.1953,2951,0
rep2,1.1953,2952,0
rep2,1.1954,2953,0
rep2,1.1955,2954,0
rep2,1.1955,2955,0
rep2,1.1955,2956,0
rep2,1.1956,2957,0
rep2,1.1956,2958,0
rep2,1.1957,2959,0
rep2,1.1957,2960,0
rep2,1.1957,2961,0
rep2,1.1958,2962,0
rep2,1.1958,2963,0
rep2,1.196,2964,0
rep2,1.196,2965,0
rep2,1.196,2966,0
rep2,1.1961,2967,0
rep2,1.1962,2968,0
rep2,1.1962,2969,0
rep2,1.1962,2970,0
rep2,1.1963,2971,0
rep2,1.1963,2972,0
rep2,1.1965,2973,0
rep2,1.1967,2974,0
rep2,1.1968,2975,0
rep2,1.1969,2976,0
rep2,1.1971,2977,0
rep2,1.1971,2978,0
rep2,1.1973,2979,0
rep2,1.1973,2980,0
rep2,1.1973,2981,0
rep2,1.1974,2982,0
rep2,1.1975,2983,0
rep2,1.1975,2984,0
rep2,1.1976,2985,0
rep2,1.1976,2986,0
rep2,1.1977,2987,0
rep2,1.1978,2988,0
rep2,1.198,2989,0
rep2,1.198,2990,0
rep2,1.198,2991,0
rep2,1.1982,2992,0
rep2,1.1982,2993,0
rep2,1.1983,2994,0
rep2,1.1984,2995,0
rep2,1.1985,2996,0
rep2,1.1985,2997,0
rep2,1.1986,2998,0
rep2,1.1986,2999,0
rep2,1.1987,3000,0
rep2,1.1988,3001,0
rep2,1.1988,3002,0
rep2,1.199,3003,0
rep2,1.1993,3004,0
rep2,1.1993,3005,0
rep2,1.1994,3006,0
rep2,1.1994,3007,0
rep2,1.1994,3008,0
rep2,1.1995,3009,0
rep2,1.1996,3010,0
rep2,1.1996,3011,0
rep2,1.1998,3012,0
rep2,1.1998,3013,0
rep2,1.1998,3014,0
rep2,1.1999,3015,0
rep2,1.2,3016,0
rep2,1.2001,3017,0
rep2,1.2001,3018,0
rep2,1.2001,3019,0
rep2,1.2002,3020,0
rep2,1.2003,3021,0
rep2,1.2005,3022,0
rep2,1.2005,3023,0
rep2,1.2006,3024,0
rep2,1.2006,3025,0
rep2,1.2006,3026,0
rep2,1.2007,3027,0
rep2,1.2007,3028,0
rep2,1.2008,3029,0
rep2,1.2008,3030,0
rep2,1.2009,3031,0
rep2,1.201,3032,0
rep2,1.201,3033,0
rep2,1.201,3034,0
rep2,1.2011,3035,0
rep2,1.2011,3036,0
rep2,1.2013,3037,0
rep2,1.2013,3038,0
rep2,1.2014,3039,0
rep2,1.2014,3040,0
rep2,1.2015,3041,0
rep2,1.2015,3042,0
rep2,1.2015,3043,0
rep2,1.2015,3044,0
rep2,1.2016,3045,0
rep2,1.2016,3046,0
rep2,1.2017,3047,0
rep2,1.2017,3048,0
rep2,1.2017,3049,0
rep2,1.2018,3050,0
rep2,1.202,3051,0
rep2,1.202,3052,0
rep2,1.2021,3053,0
rep2,1.2022,3054,0
rep2,1.2023,3055,0
rep2,1.2024,3056,0
rep2,1.2025,3057,0
rep2,1.2026,3058,0
rep2,1.2026,3059,0
rep2,1.2026,3060,0
rep2,1.2028,3061,0
rep2,1.2028,3062,0
rep2,1.2029,3063,0
rep2,1.2029,3064,0
rep2,1.2031,3065,0
rep2,1.2031,3066,0
rep2,1.2033,3067,0
rep2,1.2033,3068,0
rep2,1.2034,3069,0
rep2,1.2034,3070,0
rep2,1.2034,3071,0
rep2,1.2035,3072,0
rep2,1.2037,3073,0
rep2,1.2037,3074,0
rep2,1.2037,3075,0
rep2,1.2039,3076,0
rep2,1.2039,3077,0
rep2,1.204,3078,0
rep2,1.2041,3079,0
rep2,1.2041,3080,0
rep2,1.2041,3081,0
rep2,1.2042,3082,0
rep2,1.2046,3083,0
rep2,1.2049,3084,0
rep2,1.205,3085,0
rep2,1.2053,3086,0
rep2,1.2053,3087,0
rep2,1.2055,3088,0
rep2,1.2056,3089,0
rep2,1.2056,3090,0
rep2,1.2058,3091,0
rep2,1.2058,3092,0
rep2,1.2059,3093,0
rep2,1.206,3094,0
rep2,1.2061,3095,0
rep2,1.2062,3096,0
rep2,1.2062,3097,0
rep2,1.2063,3098,0
rep2,1.2063,3099,0
rep2,1.2063,3100,0
rep2,1.2064,3101,0
rep2,1.2065,3102,0
rep2,1.2065,3103,0
rep2,1.2066,3104,0
rep2,1.2066,3105,0
rep2,1.2067,3106,0
rep2,1.2068,3107,0
rep2,1.2069,3108,0
rep2,1.207,3109,0
rep2,1.2071,3110,0
rep2,1.2072,3111,0
rep2,1.2072,3112,0
rep2,1.2073,3113,0
rep2,1.2073,3114,0
rep2,1.2077,3115,0
rep2,1.2078,3116,0
rep2,1.2079,3117,0
rep2,1.208,3118,0
rep2,1.208,3119,0
rep2,1.2081,3120,0
rep2,1.2081,3121,0
rep2,1.2083,3122,0
rep2,1.2086,3123,0
rep2,1.2087,3124,0
rep2,1.2087,3125,0
rep2,1.2087,3126,0
rep2,1.2089,3127,0
rep2,1.2091,3128,0
rep2,1.2091,3129,0
rep2,1.2091,3130,0
rep2,1.2092,3131,0
rep2,1.2095,3132,0
rep2,1.2095,3133,0
rep2,1.2095,3134,0
rep2,1.2096,3135,0
rep2,1.2096,3136,0
rep2,1.2097,3137,0
rep2,1.2098,3138,0
rep2,1.2099,3139,0
rep2,1.2099,3140,0
rep2,1.2101,3141,0
rep2,1.2101,3142,0
rep2,1.2101,3143,0
rep2,1.2103,3144,0
rep2,1.2105,3145,0
rep2,1.2107,3146,0
rep2,1.2107,3147,0
rep2,1.2109,3148,0
rep2,1.211,3149,0
rep2,1.211,3150,0
rep2,1.211,3151,0
rep2,1.2112,3152,0
rep2,1.2112,3153,0
rep2,1.2114,3154,0
rep2,1.2115,3155,0
rep2,1.2115,3156,0
rep2,1.2115,3157,0
rep2,1.2115,3158,0
rep2,1.2116,3159,0
rep2,1.2117,3160,0
rep2,1.2117,3161,0
rep2,1.2118,3162,0
rep2,1.2118,3163,0
rep2,1.212,3164,0
rep2,1.2121,3165,0
rep2,1.2121,3166,0
rep2,1.2122,3167,0
rep2,1.2122,3168,0
rep2,1.2123,3169,0
rep2,1.2126,3170,0
rep2,1.2126,3171,0
rep2,1.2127,3172,0
rep2,1.2128,3173,0
rep2,1.2128,3174,0
rep2,1.2129,3175,0
rep2,1.213,3176,0
rep2,1.213,3177,0
rep2,1.2131,3178,0
rep2,1.2132,3179,0
rep2,1.2132,3180,0
rep2,1.2133,3181,0
rep2,1.2134,3182,0
rep2,1.2136,3183,0
rep2,1.2136,3184,0
rep2,1.2136,3185,0
rep2,1.2137,3186,0
rep2,1.2138,3187,0
rep2,1.2138,3188,0
rep2,1.214,3189,0
rep2,1.2141,3190,0
rep2,1.2142,3191,0
rep2,1.2143,3192,0
rep2,1.2143,3193,0
rep2,1.2143,3194,0
rep2,1.2144,3195,0
rep2,1.2145,3196,0
rep2,1.2146,3197,0
rep2,1.2148,3198,0
rep2,1.2149,3199,0
rep2,1.2149,3200,0
rep2,1.215,3201,0
rep2,1.2151,3202,0
rep2,1.2153,3203,0
rep2,1.2153,3204,0
rep2,1.2156,3205,0
rep2,1.2156,3206,0
rep2,1.2156,3207,0
rep2,1.2156,3208,0
rep2,1.2157,3209,0
rep2,1.2158,3210,0
rep2,1.2158,3211,0
rep2,1.2158,3212,0
rep2,1.2158,3213,0
rep2,1.2159,3214,0
rep2,1.2161,3215,0
rep2,1.2162,3216,0
rep2,1.2162,3217,0
rep2,1.2162,3218,0
rep2,1.2163,3219,0
rep2,1.2164,3220,0
rep2,1.2165,3221,0
rep2,1.2165,3222,0
rep2,1.2166,3223,0
rep2,1.2166,3224,0
rep2,1.2167,3225,0
rep2,1.2168,3226,0
rep2,1.2168,3227,0
rep2,1.2168,3228,0
rep2,1.217,3229,0
rep2,1.2171,3230,0
rep2,1.2171,3231,0
rep2,1.2172,3232,0
rep2,1.2172,3233,0
rep2,1.2173,3234,0
rep2,1.2175,3235,0
rep2,1.2177,3236,0
rep2,1.2177,3237,0
rep2,1.2177,3238,0
rep2,1.2177,3239,0
rep2,1.2179,3240,0
rep2,1.218,3241,0
rep2,1.2181,3242,0
rep2,1.2181,3243,0
rep2,1.2182,3244,0
rep2,1.2182,3245,0
rep2,1.2183,3246,0
rep2,1.2184,3247,0
rep2,1.2184,3248,0
rep2,1.2185,3249,0
rep2,1.2187,3250,0
rep2,1.2187,3251,0
rep2,1.2187,3252,0
rep2,1.2187,3253,0
rep2,1.2188,3254,0
rep2,1.2188,3255,0
rep2,1.2192,3256,0
rep2,1.2192,3257,0
rep2,1.2193,3258,0
rep2,1.2196,3259,0
rep2,1.2198,3260,0
rep2,1.2198,3261,0
rep2,1.2199,3262,0
rep2,1.2199,3263,0
rep2,1.22,3264,0
rep2,1.22,3265,0
rep2,1.22,3266,0
rep2,1.22,3267,0
rep2,1.22,3268,0
rep2,1.2201,3269,0
rep2,1.2203,3270,0
rep2,1.2203,3271,0
rep2,1.2204,3272,0
rep2,1.2204,3273,0
rep2,1.2204,3274,0
rep2,1.2205,3275,0
rep2,1.2206,3276,0
rep2,1.2207,3277,0
rep2,1.2207,3278,0
rep2,1.2207,3279,0
rep2,1.2208,3280,0
rep2,1.2208,3281,0
rep2,1.2209,3282,0
rep2,1.2209,3283,0
rep2,1.2209,3284,0
rep2,1.2212,3285,0
rep2,1.2214,3286,0
rep2,1.2216,3287,0
rep2,1.2216,3288,0
rep2,1.2219,3289,0
rep2,1.222,3290,0
rep2,1.2221,3291,0
rep2,1.2222,3292,0
rep2,1.2223,3293,0
rep2,1.2223,3294,0
rep2,1.2224,3295,0
rep2,1.2224,3296,0
rep2,1.2224,3297,0
rep2,1.2225,3298,0
rep2,1.2225,3299,0
rep2,1.2225,3300,0
rep2,1.2227,3301,0
rep2,1.2228,3302,0
rep2,1.2228,3303,0
rep2,1.2228,3304,0
rep2,1.2229,3305,0
rep2,1.223,3306,0
rep2,1.223,3307,0
rep2,1.2232,3308,0
rep2,1.2233,3309,0
rep2,1.2233,3310,0
rep2,1.2236,3311,0
rep2,1.2237,3312,0
rep2,1.2238,3313,0
rep2,1.2238,3314,0
rep2,1.2238,3315,0
rep2,1.2239,3316,0
rep2,1.2239,3317,0
rep2,1.224,3318,0
rep2,1.224,3319,0
rep2,1.224,3320,0
rep2,1.2243,3321,0
rep2,1.2244,3322,0
rep2,1.2246,3323,0
rep2,1.2247,3324,0
rep2,1.2249,3325,0
rep2,1.2249,3326,0
rep2,1.225,3327,0
rep2,1.225,3328,0
rep2,1.225,3329,0
rep2,1.225,3330,0
rep2,1.2251,3331,0
rep2,1.2252,3332,0
rep2,1.2255,3333,0
rep2,1.2256,3334,0
rep2,1.2256,3335,0
rep2,1.2258,3336,0
rep2,1.2258,3337,0
rep2,1.226,3338,0
rep2,1.226,3339,0
rep2,1.2262,3340,0
rep2,1.2262,3341,0
rep2,1.2263,3342,0
rep2,1.2267,3343,0
rep2,1.2268,3344,0
rep2,1.2268,3345,0
rep2,1.2269,3346,0
rep2,1.2269,3347,0
rep2,1.227,3348,0
rep2,1.227,3349,0
rep2,1.2271,3350,0
rep2,1.2273,3351,0
rep2,1.2273,3352,0
rep2,1.2274,3353,0
rep2,1.2274,3354,0
rep2,1.2277,3355,0
rep2,1.228,3356,0
rep2,1.228,3357,0
rep2,1.2281,3358,0
rep2,1.2281,3359,0
rep2,1.2282,3360,0
rep2,1.2285,3361,0
rep2,1.2285,3362,0
rep2,1.2285,3363,0
rep2,1.2286,3364,0
rep2,1.2286,3365,0
rep2,1.2287,3366,0
rep2,1.2288,3367,0
rep2,1.2288,3368,0
rep2,1.2288,3369,0
rep2,1.2289,3370,0
rep2,1.2291,3371,0
rep2,1.2292,3372,0
rep2,1.2293,3373,0
rep2,1.2294,3374,0
rep2,1.2294,3375,0
rep2,1.2295,3376,0
rep2,1.2297,3377,0
rep2,1.2297,3378,0
rep2,1.2299,3379,0
rep2,1.2299,3380,0
rep2,1.23,3381,0
rep2,1.2302,3382,0
rep2,1.2302,3383,0
rep2,1.2305,3384,0
rep2,1.2306,3385,0
rep2,1.2306,3386,0
rep2,1.2306,3387,0
rep2,1.2307,3388,0
rep2,1.2308,3389,0
rep2,1.2308,3390,0
rep2,1.231,3391,0
rep2,1.2313,3392,0
rep2,1.2314,3393,0
rep2,1.2315,3394,0
rep2,1.2316,3395,0
rep2,1.2317,3396,0
rep2,1.2318,3397,0
rep2,1.2318,3398,0
rep2,1.2321,3399,0
rep2,1.2321,3400,0
rep2,1.2321,3401,0
rep2,1.2323,3402,0
rep2,1.2326,3403,0
rep2,1.2326,3404,0
rep2,1.2327,3405,0
rep2,1.2327,3406,0
rep2,1.2328,3407,0
rep2,1.2329,3408,0
rep2,1.233,3409,0
rep2,1.233,3410,0
rep2,1.2331,3411,0
rep2,1.2331,3412,0
rep2,1.2332,3413,0
rep2,1.2333,3414,0
rep2,1.2334,3415,0
rep2,1.2334,3416,0
rep2,1.2334,3417,0
rep2,1.2339,3418,0
rep2,1.234,3419,0
rep2,1.234,3420,0
rep2,1.2341,3421,0
rep2,1.2343,3422,0
rep2,1.2343,3423,0
rep2,1.2343,3424,0
rep2,1.2344,3425,0
rep2,1.2346,3426,0
rep2,1.2349,3427,0
rep2,1.235,3428,0
rep2,1.235,3429,0
rep2,1.2351,3430,0
rep2,1.2353,3431,0
rep2,1.2353,3432,0
rep2,1.2354,3433,0
rep2,1.2355,3434,0
rep2,1.2356,3435,0
rep2,1.2356,3436,0
rep2,1.2357,3437,0
rep2,1.2358,3438,0
rep2,1.2359,3439,0
rep2,1.236,3440,0
rep2,1.2361,3441,0
rep2,1.2362,3442,0
rep2,1.2363,3443,0
rep2,1.2363,3444,0
rep2,1.2363,3445,0
rep2,1.2364,3446,0
rep2,1.2364,3447,0
rep2,1.2365,3448,0
rep2,1.2365,3449,0
rep2,1.2366,3450,0
rep2,1.2366,3451,0
rep2,1.2367,3452,0
rep2,1.2368,3453,0
rep2,1.2368,3454,0
rep2,1.2369,3455,0
rep2,1.2369,3456,0
rep2,1.237,3457,0
rep2,1.2371,3458,0
rep2,1.2372,3459,0
rep2,1.2373,3460,0
rep2,1.2373,3461,0
rep2,1.2374,3462,0
rep2,1.2375,3463,0
rep2,1.2375,3464,0
rep2,1.2377,3465,0
rep2,1.2377,3466,0
rep2,1.2377,3467,0
rep2,1.2378,3468,0
rep2,1.2378,3469,0
rep2,1.2378,3470,0
rep2,1.2379,3471,0
rep2,1.238,3472,0
rep2,1.238,3473,0
rep2,1.2381,3474,0
rep2,1.2381,3475,0
rep2,1.2382,3476,0
rep2,1.2382,3477,0
rep2,1.2384,3478,0
rep2,1.2385,3479,0
rep2,1.2386,3480,0
rep2,1.2386,3481,0
rep2,1.2388,3482,0
rep2,1.2388,3483,0
rep2,1.2389,3484,0
rep2,1.2389,3485,0
rep2,1.2389,3486,0
rep2,1.239,3487,0
rep2,1.239,3488,0
rep2,1.239,3489,0
rep2,1.2391,3490,0
rep2,1.2392,3491,0
rep2,1.2392,3492,0
rep2,1.2392,3493,0
rep2,1.2395,3494,0
rep2,1.2395,3495,0
rep2,1.2395,3496,0
rep2,1.2396,3497,0
rep2,1.2396,3498,0
rep2,1.2397,3499,0
rep2,1.2398,3500,0
rep2,1.2398,3501,0
rep2,1.2399,3502,0
rep2,1.24,3503,0
rep2,1.2402,3504,0
rep2,1.2403,3505,0
rep2,1.2403,3506,0
rep2,1.2403,3507,0
rep2,1.2404,3508,0
rep2,1.2407,3509,0
rep2,1.2408,3510,0
rep2,1.2409,3511,0
rep2,1.2409,3512,0
rep2,1.241,3513,0
rep2,1.2413,3514,0
rep2,1.2413,3515,0
rep2,1.2414,3516,0
rep2,1.2416,3517,0
rep2,1.2416,3518,0
rep2,1.2416,3519,0
rep2,1.2417,3520,0
rep2,1.2418,3521,0
rep2,1.242,3522,0
rep2,1.2422,3523,0
rep2,1.2422,3524,0
rep2,1.2422,3525,0
rep2,1.2422,3526,0
rep2,1.2423,3527,0
rep2,1.2423,3528,0
rep2,1.2424,3529,0
rep2,1.2424,3530,0
rep2,1.2426,3531,0
rep2,1.2426,3532,0
rep2,1.2426,3533,0
rep2,1.2427,3534,0
rep2,1.2429,3535,0
rep2,1.243,3536,0
rep2,1.2431,3537,0
rep2,1.2432,3538,0
rep2,1.2433,3539,0
rep2,1.2434,3540,0
rep2,1.2436,3541,0
rep2,1.2437,3542,0
rep2,1.2438,3543,0
rep2,1.2438,3544,0
rep2,1.2438,3545,0
rep2,1.2439,3546,0
rep2,1.2439,3547,0
rep2,1.2439,3548,0
rep2,1.244,3549,0
rep2,1.244,3550,0
rep2,1.2442,3551,0
rep2,1.2442,3552,0
rep2,1.2442,3553,0
rep2,1.2443,3554,0
rep2,1.2444,3555,0
rep2,1.2445,3556,0
rep2,1.2446,3557,0
rep2,1.2446,3558,0
rep2,1.2448,3559,0
rep2,1.2448,3560,0
rep2,1.2448,3561,0
rep2,1.2448,3562,0
rep2,1.2449,3563,0
rep2,1.2449,3564,0
rep2,1.2449,3565,0
rep2,1.2451,3566,0
rep2,1.2452,3567,0
rep2,1.2453,3568,0
rep2,1.2453,3569,0
rep2,1.2456,3570,0
rep2,1.2457,3571,0
rep2,1.2457,3572,0
rep2,1.2459,3573,0
rep2,1.2459,3574,0
rep2,1.246,3575,0
rep2,1.246,3576,0
rep2,1.2461,3577,0
rep2,1.2461,3578,0
rep2,1.2462,3579,0
rep2,1.2462,3580,0
rep2,1.2464,3581,0
rep2,1.2464,3582,0
rep2,1.2465,3583,0
rep2,1.2466,3584,0
rep2,1.2466,3585,0
rep2,1.2469,3586,0
rep2,1.247,3587,0
rep2,1.247,3588,0
rep2,1.2471,3589,0
rep2,1.2471,3590,0
rep2,1.2472,3591,0
rep2,1.2473,3592,0
rep2,1.2475,3593,0
rep2,1.2475,3594,0
rep2,1.2475,3595,0
rep2,1.2476,3596,0
rep2,1.2478,3597,0
rep2,1.2478,3598,0
rep2,1.2479,3599,0
rep2,1.2482,3600,0
rep2,1.2485,3601,0
rep2,1.2485,3602,0
rep2,1.2485,3603,0
rep2,1.2487,3604,0
rep2,1.2488,3605,0
rep2,1.2488,3606,0
rep2,1.2488,3607,0
rep2,1.2488,3608,0
rep2,1.2489,3609,0
rep2,1.249,3610,0
rep2,1.2493,3611,0
rep2,1.2495,3612,0
rep2,1.2495,3613,0
rep2,1.2496,3614,0
rep2,1.2497,3615,0
rep2,1.2497,3616,0
rep2,1.2497,3617,0
rep2,1.25,3618,0
rep2,1.2503,3619,0
rep2,1.2503,3620,0
rep2,1.2504,3621,0
rep2,1.2505,3622,0
rep2,1.2508,3623,0
rep2,1.2509,3624,0
rep2,1.251,3625,0
rep2,1.2511,3626,0
rep2,1.2512,3627,0
rep2,1.2513,3628,0
rep2,1.2514,3629,0
rep2,1.2514,3630,0
rep2,1.2515,3631,0
rep2,1.2516,3632,0
rep2,1.2516,3633,0
rep2,1.2517,3634,0
rep2,1.2518,3635,0
rep2,1.2519,3636,0
rep2,1.2521,3637,0
rep2,1.2522,3638,0
rep2,1.2522,3639,0
rep2,1.2523,3640,0
rep2,1.2523,3641,0
rep2,1.2524,3642,0
rep2,1.2525,3643,0
rep2,1.2526,3644,0
rep2,1.2526,3645,0
rep2,1.2526,3646,0
rep2,1.2528,3647,0
rep2,1.2528,3648,0
rep2,1.2528,3649,0
rep2,1.2532,3650,0
rep2,1.2533,3651,0
rep2,1.2534,3652,0
rep2,1.2536,3653,0
rep2,1.2536,3654,0
rep2,1.2536,3655,0
rep2,1.2537,3656,0
rep2,1.2539,3657,0
rep2,1.2539,3658,0
rep2,1.254,3659,0
rep2,1.254,3660,0
rep2,1.254,3661,0
rep2,1.2541,3662,0
rep2,1.2542,3663,0
rep2,1.2542,3664,0
rep2,1.2543,3665,0
rep2,1.2544,3666,0
rep2,1.2546,3667,0
rep2,1.2546,3668,0
rep2,1.2547,3669,0
rep2,1.2547,3670,0
rep2,1.2548,3671,0
rep2,1.255,3672,0
rep2,1.2552,3673,0
rep2,1.2552,3674,0
rep2,1.2554,3675,0
rep2,1.2554,3676,0
rep2,1.2556,3677,0
rep2,1.2558,3678,0
rep2,1.2559,3679,0
rep2,1.2559,3680,0
rep2,1.256,3681,0
rep2,1.2561,3682,0
rep2,1.2561,3683,0
rep2,1.2563,3684,0
rep2,1.2564,3685,0
rep2,1.2565,3686,0
rep2,1.2566,3687,0
rep2,1.2566,3688,0
rep2,1.2566,3689,0
rep2,1.2567,3690,0
rep2,1.2568,3691,0
rep2,1.2571,3692,0
rep2,1.2572,3693,0
rep2,1.2572,3694,0
rep2,1.2574,3695,0
rep2,1.2574,3696,0
rep2,1.2575,3697,0
rep2,1.2578,3698,0
rep2,1.2579,3699,0
rep2,1.258,3700,0
rep2,1.258,3701,0
rep2,1.2581,3702,0
rep2,1.2581,3703,0
rep2,1.2582,3704,0
rep2,1.2582,3705,0
rep2,1.2582,3706,0
rep2,1.2582,3707,0
rep2,1.2584,3708,0
rep2,1.2585,3709,0
rep2,1.2585,3710,0
rep2,1.2587,3711,0
rep2,1.2587,3712,0
rep2,1.2588,3713,0
rep2,1.2588,3714,0
rep2,1.2589,3715,0
rep2,1.259,3716,0
rep2,1.259,3717,0
rep2,1.2591,3718,0
rep2,1.2594,3719,0
rep2,1.2594,3720,0
rep2,1.2595,3721,0
rep2,1.2598,3722,0
rep2,1.26,3723,0
rep2,1.2601,3724,0
rep2,1.2602,3725,0
rep2,1.2602,3726,0
rep2,1.2602,3727,0
rep2,1.2605,3728,0
rep2,1.2606,3729,0
rep2,1.2607,3730,0
rep2,1.2607,3731,0
rep2,1.261,3732,0
rep2,1.261,3733,0
rep2,1.2611,3734,0
rep2,1.2612,3735,0
rep2,1.2615,3736,0
rep2,1.2616,3737,0
rep2,1.2616,3738,0
rep2,1.2618,3739,0
rep2,1.2618,3740,0
rep2,1.2618,3741,0
rep2,1.2619,3742,0
rep2,1.262,3743,0
rep2,1.2621,3744,0
rep2,1.2621,3745,0
rep2,1.2621,3746,0
rep2,1.2622,3747,0
rep2,1.2624,3748,0
rep2,1.2625,3749,0
rep2,1.2625,3750,0
rep2,1.2626,3751,0
rep2,1.2628,3752,0
rep2,1.2628,3753,0
rep2,1.263,3754,0
rep2,1.2631,3755,0
rep2,1.2632,3756,0
rep2,1.2632,3757,0
rep2,1.2633,3758,0
rep2,1.2633,3759,0
rep2,1.2634,3760,0
rep2,1.2635,3761,0
rep2,1.2635,3762,0
rep2,1.2635,3763,0
rep2,1.2637,3764,0
rep2,1.2637,3765,0
rep2,1.2638,3766,0
rep2,1.2639,3767,0
rep2,1.2639,3768,0
rep2,1.264,3769,0
rep2,1.2642,3770,0
rep2,1.2642,3771,0
rep2,1.2643,3772,0
rep2,1.2643,3773,0
rep2,1.2647,3774,0
rep2,1.2647,3775,0
rep2,1.2647,3776,0
rep2,1.2648,3777,0
rep2,1.2649,3778,0
rep2,1.2651,3779,0
rep2,1.2652,3780,0
rep2,1.2653,3781,0
rep2,1.2656,3782,0
rep2,1.2656,3783,0
rep2,1.2657,3784,0
rep2,1.2658,3785,0
rep2,1.2658,3786,0
rep2,1.266,3787,0
rep2,1.2662,3788,0
rep2,1.2663,3789,0
rep2,1.2665,3790,0
rep2,1.2666,3791,0
rep2,1.2666,3792,0
rep2,1.2667,3793,0
rep2,1.2668,3794,0
rep2,1.2669,3795,0
rep2,1.267,3796,0
rep2,1.267,3797,0
rep2,1.267,3798,0
rep2,1.267,3799,0
rep2,1.2671,3800,0
rep2,1.2671,3801,0
rep2,1.2671,3802,0
rep2,1.2672,3803,0
rep2,1.2673,3804,0
rep2,1.2674,3805,0
rep2,1.2674,3806,0
rep2,1.2678,3807,0
rep2,1.2678,3808,0
rep2,1.2679,3809,0
rep2,1.268,3810,0
rep2,1.2682,3811,0
rep2,1.2685,3812,0
rep2,1.2685,3813,0
rep2,1.2685,3814,0
rep2,1.2686,3815,0
rep2,1.2686,3816,0
rep2,1.2688,3817,0
rep2,1.269,3818,0
rep2,1.269,3819,0
rep2,1.2692,3820,0
rep2,1.2692,3821,0
rep2,1.2693,3822,0
rep2,1.2695,3823,0
rep2,1.2696,3824,0
rep2,1.2698,3825,0
rep2,1.2698,3826,0
rep2,1.2698,3827,0
rep2,1.2699,3828,0
rep2,1.27,3829,0
rep2,1.27,3830,0
rep2,1.2703,3831,0
rep2,1.2704,3832,0
rep2,1.2704,3833,0
rep2,1.2705,3834,0
rep2,1.2706,3835,0
rep2,1.2707,3836,0
rep2,1.2708,3837,0
rep2,1.2709,3838,0
rep2,1.2711,3839,0
rep2,1.2711,3840,0
rep2,1.2712,3841,0
rep2,1.2712,3842,0
rep2,1.2713,3843,0
rep2,1.2719,3844,0
rep2,1.272,3845,0
rep2,1.2721,3846,0
rep2,1.2722,3847,0
rep2,1.2723,3848,0
rep2,1.2724,3849,0
rep2,1.2724,3850,0
rep2,1.2725,3851,0
rep2,1.2725,3852,0
rep2,1.2726,3853,0
rep2,1.2726,3854,0
rep2,1.2728,3855,0
rep2,1.2729,3856,0
rep2,1.273,3857,0
rep2,1.2733,3858,0
rep2,1.2734,3859,0
rep2,1.2734,3860,0
rep2,1.2734,3861,0
rep2,1.2736,3862,0
rep2,1.2736,3863,0
rep2,1.2737,3864,0
rep2,1.274,3865,0
rep2,1.2742,3866,0
rep2,1.2743,3867,0
rep2,1.2743,3868,0
rep2,1.2745,3869,0
rep2,1.2746,3870,0
rep2,1.2746,3871,0
rep2,1.2747,3872,0
rep2,1.2752,3873,0
rep2,1.2753,3874,0
rep2,1.2753,3875,0
rep2,1.2753,3876,0
rep2,1.2754,3877,0
rep2,1.2755,3878,0
rep2,1.2757,3879,0
rep2,1.2758,3880,0
rep2,1.276,3881,0
rep2,1.276,3882,0
rep2,1.2761,3883,0
rep2,1.2763,3884,0
rep2,1.2763,3885,0
rep2,1.2767,3886,0
rep2,1.2768,3887,0
rep2,1.2768,3888,0
rep2,1.2769,3889,0
rep2,1.2769,3890,0
rep2,1.2769,3891,0
rep2,1.2773,3892,0
rep2,1.2773,3893,0
rep2,1.2773,3894,0
rep2,1.2776,3895,0
rep2,1.2777,3896,0
rep2,1.2779,3897,0
rep2,1.2779,3898,0
rep2,1.278,3899,0
rep2,1.278,3900,0
rep2,1.2781,3901,0
rep2,1.2781,3902,0
rep2,1.2783,3903,0
rep2,1.2786,3904,0
rep2,1.2786,3905,0
rep2,1.2787,3906,0
rep2,1.2787,3907,0
rep2,1.2788,3908,0
rep2,1.2789,3909,0
rep2,1.2793,3910,0
rep2,1.2793,3911,0
rep2,1.2793,3912,0
rep2,1.2795,3913,0
rep2,1.2795,3914,0
rep2,1.2796,3915,0
rep2,1.2796,3916,0
rep2,1.2797,3917,0
rep2,1.2798,3918,0
rep2,1.2798,3919,0
rep2,1.2799,3920,0
rep2,1.2801,3921,0
rep2,1.2805,3922,0
rep2,1.2805,3923,0
rep2,1.2805,3924,0
rep2,1.2808,3925,0
rep2,1.2808,3926,0
rep2,1.281,3927,0
rep2,1.281,3928,0
rep2,1.281,3929,0
rep2,1.2811,3930,0
rep2,1.2812,3931,0
rep2,1.2814,3932,0
rep2,1.2815,3933,0
rep2,1.2815,3934,0
rep2,1.2816,3935,0
rep2,1.2817,3936,0
rep2,1.2818,3937,0
rep2,1.2818,3938,0
rep2,1.2819,3939,0
rep2,1.2822,3940,0
rep2,1.2822,3941,0
rep2,1.2823,3942,0
rep2,1.2823,3943,0
rep2,1.2824,3944,0
rep2,1.2824,3945,0
rep2,1.2826,3946,0
rep2,1.2827,3947,0
rep2,1.2827,3948,0
rep2,1.2827,3949,0
rep2,1.2827,3950,0
rep2,1.2829,3951,0
rep2,1.2829,3952,0
rep2,1.283,3953,0
rep2,1.2837,3954,0
rep2,1.2837,3955,0
rep2,1.2838,3956,0
rep2,1.2839,3957,0
rep2,1.284,3958,0
rep2,1.2842,3959,0
rep2,1.2842,3960,0
rep2,1.2842,3961,0
rep2,1.2843,3962,0
rep2,1.2844,3963,0
rep2,1.2844,3964,0
rep2,1.2846,3965,0
rep2,1.2846,3966,0
rep2,1.2847,3967,0
rep2,1.2847,3968,0
rep2,1.2847,3969,0
rep2,1.285,3970,0
rep2,1.285,3971,0
rep2,1.2854,3972,0
rep2,1.2855,3973,0
rep2,1.2855,3974,0
rep2,1.2855,3975,0
rep2,1.2859,3976,0
rep2,1.286,3977,0
rep2,1.2861,3978,0
rep2,1.2861,3979,0
rep2,1.2861,3980,0
rep2,1.2863,3981,0
rep2,1.2864,3982,0
rep2,1.2865,3983,0
rep2,1.2865,3984,0
rep2,1.2865,3985,0
rep2,1.2866,3986,0
rep2,1.2867,3987,0
rep2,1.2868,3988,0
rep2,1.2868,3989,0
rep2,1.2869,3990,0
rep2,1.2873,3991,0
rep2,1.2875,3992,0
rep2,1.2876,3993,0
rep2,1.2876,3994,0
rep2,1.2876,3995,0
rep2,1.288,3996,0
rep2,1.2883,3997,0
rep2,1.2884,3998,0
rep2,1.2885,3999,0
rep2,1.2885,4000,0
rep2,1.2885,4001,0
rep2,1.2886,4002,0
rep2,1.2886,4003,0
rep2,1.2887,4004,0
rep2,1.2888,4005,0
rep2,1.2892,4006,0
rep2,1.2893,4007,0
rep2,1.2894,4008,0
rep2,1.2895,4009,0
rep2,1.2895,4010,0
rep2,1.2897,4011,0
rep2,1.2897,4012,0
rep2,1.2899,4013,0
rep2,1.2899,4014,0
rep2,1.29,4015,0
rep2,1.29,4016,0
rep2,1.2901,4017,0
rep2,1.2902,4018,0
rep2,1.2903,4019,0
rep2,1.2904,4020,0
rep2,1.2904,4021,0
rep2,1.2906,4022,0
rep2,1.2907,4023,0
rep2,1.2909,4024,0
rep2,1.2911,4025,0
rep2,1.2912,4026,0
rep2,1.2913,4027,0
rep2,1.2914,4028,0
rep2,1.2914,4029,0
rep2,1.2914,4030,0
rep2,1.2917,4031,0
rep2,1.2917,4032,0
rep2,1.2917,4033,0
rep2,1.2919,4034,0
rep2,1.2919,4035,0
rep2,1.292,4036,0
rep2,1.2921,4037,0
rep2,1.2924,4038,0
rep2,1.2924,4039,0
rep2,1.2925,4040,0
rep2,1.2926,4041,0
rep2,1.2927,4042,0
rep2,1.2928,4043,0
rep2,1.2931,4044,0
rep2,1.2931,4045,0
rep2,1.2934,4046,0
rep2,1.2935,4047,0
rep2,1.2935,4048,0
rep2,1.2937,4049,0
rep2,1.2939,4050,0
rep2,1.2942,4051,0
rep2,1.2942,4052,0
rep2,1.2944,4053,0
rep2,1.2945,4054,0
rep2,1.2945,4055,0
rep2,1.2949,4056,0
rep2,1.295,4057,0
rep2,1.2951,4058,0
rep2,1.2951,4059,0
rep2,1.2952,4060,0
rep2,1.2953,4061,0
rep2,1.2954,4062,0
rep2,1.2956,4063,0
rep2,1.2957,4064,0
rep2,1.296,4065,0
rep2,1.296,4066,0
rep2,1.2961,4067,0
rep2,1.2962,4068,0
rep2,1.2963,4069,0
rep2,1.2964,4070,0
rep2,1.2967,4071,0
rep2,1.2969,4072,0
rep2,1.297,4073,0
rep2,1.2972,4074,0
rep2,1.2972,4075,0
rep2,1.2974,4076,0
rep2,1.2975,4077,0
rep2,1.2976,4078,0
rep2,1.2984,4079,0
rep2,1.2985,4080,0
rep2,1.2986,4081,0
rep2,1.2986,4082,0
rep2,1.2989,4083,0
rep2,1.2989,4084,0
rep2,1.2992,4085,0
rep2,1.2993,4086,0
rep2,1.2993,4087,0
rep2,1.2994,4088,0
rep2,1.2996,4089,0
rep2,1.2998,4090,0
rep2,1.3003,4091,0
rep2,1.3004,4092,0
rep2,1.3005,4093,0
rep2,1.3006,4094,0
rep2,1.3006,4095,0
rep2,1.3006,4096,0
rep2,1.3007,4097,0
rep2,1.3009,4098,0
rep2,1.3012,4099,0
rep2,1.3013,4100,0
rep2,1.3013,4101,0
rep2,1.3016,4102,0
rep2,1.3018,4103,0
rep2,1.302,4104,0
rep2,1.3023,4105,0
rep2,1.3025,4106,0
rep2,1.3028,4107,0
rep2,1.3029,4108,0
rep2,1.3029,4109,0
rep2,1.303,4110,0
rep2,1.3031,4111,0
rep2,1.3031,4112,0
rep2,1.3033,4113,0
rep2,1.3033,4114,0
rep2,1.3035,4115,0
rep2,1.3035,4116,0
rep2,1.3038,4117,0
rep2,1.3041,4118,0
rep2,1.3041,4119,0
rep2,1.3044,4120,0
rep2,1.3047,4121,0
rep2,1.3049,4122,0
rep2,1.305,4123,0
rep2,1.305,4124,0
rep2,1.3051,4125,0
rep2,1.3054,4126,0
rep2,1.3054,4127,0
rep2,1.3054,4128,0
rep2,1.3056,4129,0
rep2,1.3057,4130,0
rep2,1.3057,4131,0
rep2,1.3059,4132,0
rep2,1.306,4133,0
rep2,1.306,4134,0
rep2,1.3062,4135,0
rep2,1.3065,4136,0
rep2,1.3065,4137,0
rep2,1.3067,4138,0
rep2,1.3067,4139,0
rep2,1.3068,4140,0
rep2,1.3069,4141,0
rep2,1.3072,4142,0
rep2,1.3075,4143,0
rep2,1.3077,4144,0
rep2,1.3078,4145,0
rep2,1.3084,4146,0
rep2,1.3086,4147,0
rep2,1.3089,4148,0
rep2,1.309,4149,0
rep2,1.309,4150,0
rep2,1.3091,4151,0
rep2,1.3092,4152,0
rep2,1.3093,4153,0
rep2,1.3094,4154,0
rep2,1.3094,4155,0
rep2,1.3096,4156,0
rep2,1.3096,4157,0
rep2,1.3099,4158,0
rep2,1.3101,4159,0
rep2,1.3103,4160,0
rep2,1.3105,4161,0
rep2,1.3106,4162,0
rep2,1.3109,4163,0
rep2,1.3109,4164,0
rep2,1.3109,4165,0
rep2,1.311,4166,0
rep2,1.3112,4167,0
rep2,1.3115,4168,0
rep2,1.3119,4169,0
rep2,1.312,4170,0
rep2,1.3123,4171,0
rep2,1.3124,4172,0
rep2,1.3125,4173,0
rep2,1.3126,4174,0
rep2,1.3126,4175,0
rep2,1.3126,4176,0
rep2,1.3129,4177,0
rep2,1.313,4178,0
rep2,1.3135,4179,0
rep2,1.3136,4180,0
rep2,1.3137,4181,0
rep2,1.3139,4182,0
rep2,1.3139,4183,0
rep2,1.3141,4184,0
rep2,1.3141,4185,0
rep2,1.3143,4186,0
rep2,1.3145,4187,0
rep2,1.3146,4188,0
rep2,1.3147,4189,0
rep2,1.3151,4190,0
rep2,1.3152,4191,0
rep2,1.3154,4192,0
rep2,1.3155,4193,0
rep2,1.3156,4194,0
rep2,1.3157,4195,0
rep2,1.3157,4196,0
rep2,1.3161,4197,0
rep2,1.3161,4198,0
rep2,1.3163,4199,0
rep2,1.3164,4200,0
rep2,1.3164,4201,0
rep2,1.3164,4202,0
rep2,1.3168,4203,0
rep2,1.3169,4204,0
rep2,1.317,4205,0
rep2,1.3171,4206,0
rep2,1.3174,4207,0
rep2,1.3174,4208,0
rep2,1.3177,4209,0
rep2,1.3178,4210,0
rep2,1.3179,4211,0
rep2,1.3181,4212,0
rep2,1.3184,4213,0
rep2,1.3186,4214,0
rep2,1.3187,4215,0
rep2,1.3188,4216,0
rep2,1.3189,4217,0
rep2,1.3193,4218,0
rep2,1.3194,4219,0
rep2,1.3194,4220,0
rep2,1.3195,4221,0
rep2,1.3195,4222,0
rep2,1.3196,4223,0
rep2,1.3199,4224,0
rep2,1.3199,4225,0
rep2,1.3201,4226,0
rep2,1.3201,4227,0
rep2,1.3202,4228,0
rep2,1.3202,4229,0
rep2,1.3203,4230,0
rep2,1.3203,4231,0
rep2,1.3208,4232,0
rep2,1.321,4233,0
rep2,1.3211,4234,0
rep2,1.3216,4235,0
rep2,1.3219,4236,0
rep2,1.3219,4237,0
rep2,1.322,4238,0
rep2,1.3224,4239,0
rep2,1.3224,4240,0
rep2,1.3226,4241,0
rep2,1.3226,4242,0
rep2,1.3227,4243,0
rep2,1.3229,4244,0
rep2,1.3229,4245,0
rep2,1.3234,4246,0
rep2,1.3235,4247,0
rep2,1.3236,4248,0
rep2,1.3236,4249,0
rep2,1.3237,4250,0
rep2,1.3237,4251,0
rep2,1.324,4252,0
rep2,1.324,4253,0
rep2,1.324,4254,0
rep2,1.3242,4255,0
rep2,1.3242,4256,0
rep2,1.3242,4257,0
rep2,1.3242,4258,0
rep2,1.3244,4259,0
rep2,1.3247,4260,0
rep2,1.325,4261,0
rep2,1.325,4262,0
rep2,1.3252,4263,0
rep2,1.3253,4264,0
rep2,1.3254,4265,0
rep2,1.3255,4266,0
rep2,1.3262,4267,0
rep2,1.3263,4268,0
rep2,1.3263,4269,0
rep2,1.3263,4270,0
rep2,1.3265,4271,0
rep2,1.3267,4272,0
rep2,1.3269,4273,0
rep2,1.327,4274,0
rep2,1.3271,4275,0
rep2,1.3271,4276,0
rep2,1.3276,4277,0
rep2,1.3277,4278,0
rep2,1.3281,4279,0
rep2,1.3285,4280,0
rep2,1.3285,4281,0
rep2,1.3287,4282,0
rep2,1.3288,4283,0
rep2,1.3289,4284,0
rep2,1.329,4285,0
rep2,1.3292,4286,0
rep2,1.3292,4287,0
rep2,1.3292,4288,0
rep2,1.3293,4289,0
rep2,1.3294,4290,0
rep2,1.3296,4291,0
rep2,1.3296,4292,0
rep2,1.3296,4293,0
rep2,1.3297,4294,0
rep2,1.3298,4295,0
rep2,1.3301,4296,0
rep2,1.3302,4297,0
rep2,1.3304,4298,0
rep2,1.3305,4299,0
rep2,1.3305,4300,0
rep2,1.3308,4301,0
rep2,1.3312,4302,0
rep2,1.3313,4303,0
rep2,1.3316,4304,0
rep2,1.3319,4305,0
rep2,1.3319,4306,0
rep2,1.332,4307,0
rep2,1.3326,4308,0
rep2,1.3327,4309,0
rep2,1.333,4310,0
rep2,1.333,4311,0
rep2,1.333,4312,0
rep2,1.333,4313,0
rep2,1.3332,4314,0
rep2,1.3333,4315,0
rep2,1.3336,4316,0
rep2,1.3337,4317,0
rep2,1.3337,4318,0
rep2,1.3338,4319,0
rep2,1.3341,4320,0
rep2,1.3341,4321,0
rep2,1.3342,4322,0
rep2,1.3346,4323,0
rep2,1.3346,4324,0
rep2,1.3346,4325,0
rep2,1.3349,4326,0
rep2,1.3351,4327,0
rep2,1.3351,4328,0
rep2,1.3351,4329,0
rep2,1.3351,4330,0
rep2,1.3352,4331,0
rep2,1.3353,4332,0
rep2,1.3354,4333,0
rep2,1.3354,4334,0
rep2,1.3357,4335,0
rep2,1.3357,4336,0
rep2,1.3357,4337,0
rep2,1.3358,4338,0
rep2,1.3358,4339,0
rep2,1.3359,4340,0
rep2,1.336,4341,0
rep2,1.3366,4342,0
rep2,1.3366,4343,0
rep2,1.3368,4344,0
rep2,1.3368,4345,0
rep2,1.337,4346,0
rep2,1.3375,4347,0
rep2,1.3376,4348,0
rep2,1.3378,4349,0
rep2,1.3381,4350,0
rep2,1.339,4351,0
rep2,1.3391,4352,0
rep2,1.3391,4353,0
rep2,1.3395,4354,0
rep2,1.3396,4355,0
rep2,1.3397,4356,0
rep2,1.3397,4357,0
rep2,1.3399,4358,0
rep2,1.3401,4359,0
rep2,1.3402,4360,0
rep2,1.3404,4361,0
rep2,1.3407,4362,0
rep2,1.341,4363,0
rep2,1.3413,4364,0
rep2,1.3413,4365,0
rep2,1.3415,4366,0
rep2,1.3415,4367,0
rep2,1.3416,4368,0
rep2,1.3417,4369,0
rep2,1.3417,4370,0
rep2,1.3418,4371,0
rep2,1.3418,4372,0
rep2,1.342,4373,0
rep2,1.3421,4374,0
rep2,1.3423,4375,0
rep2,1.3427,4376,0
rep2,1.343,4377,0
rep2,1.3432,4378,0
rep2,1.3432,4379,0
rep2,1.3433,4380,0
rep2,1.3438,4381,0
rep2,1.3438,4382,0
rep2,1.3439,4383,0
rep2,1.3445,4384,0
rep2,1.3449,4385,0
rep2,1.3449,4386,0
rep2,1.345,4387,0
rep2,1.3451,4388,0
rep2,1.3454,4389,0
rep2,1.3457,4390,0
rep2,1.346,4391,0
rep2,1.346,4392,0
rep2,1.3462,4393,0
rep2,1.3463,4394,0
rep2,1.3464,4395,0
rep2,1.3466,4396,0
rep2,1.3471,4397,0
rep2,1.3473,4398,0
rep2,1.3473,4399,0
rep2,1.3473,4400,0
rep2,1.3475,4401,0
rep2,1.3475,4402,0
rep2,1.3475,4403,0
rep2,1.3478,4404,0
rep2,1.3478,4405,0
rep2,1.3479,4406,0
rep2,1.3479,4407,0
rep2,1.3479,4408,0
rep2,1.348,4409,0
rep2,1.3481,4410,0
rep2,1.3486,4411,0
rep2,1.3488,4412,0
rep2,1.3489,4413,0
rep2,1.3489,4414,0
rep2,1.349,4415,0
rep2,1.3491,4416,0
rep2,1.3493,4417,0
rep2,1.3493,4418,0
rep2,1.3496,4419,0
rep2,1.3499,4420,0
rep2,1.3505,4421,0
rep2,1.3508,4422,0
rep2,1.3509,4423,0
rep2,1.351,4424,0
rep2,1.3511,4425,0
rep2,1.3512,4426,0
rep2,1.3515,4427,0
rep2,1.3515,4428,0
rep2,1.3515,4429,0
rep2,1.3516,4430,0
rep2,1.3518,4431,0
rep2,1.352,4432,0
rep2,1.352,4433,0
rep2,1.353,4434,0
rep2,1.3531,4435,0
rep2,1.3532,4436,0
rep2,1.3532,4437,0
rep2,1.3533,4438,0
rep2,1.3536,4439,0
rep2,1.3541,4440,0
rep2,1.3541,4441,0
rep2,1.3543,4442,0
rep2,1.3543,4443,0
rep2,1.3543,4444,0
rep2,1.3544,4445,0
rep2,1.3545,4446,0
rep2,1.3548,4447,0
rep2,1.3548,4448,0
rep2,1.3549,4449,0
rep2,1.3549,4450,0
rep2,1.355,4451,0
rep2,1.3551,4452,0
rep2,1.3551,4453,0
rep2,1.3558,4454,0
rep2,1.3558,4455,0
rep2,1.3561,4456,0
rep2,1.3561,4457,0
rep2,1.3565,4458,0
rep2,1.3565,4459,0
rep2,1.3566,4460,0
rep2,1.3569,4461,0
rep2,1.3572,4462,0
rep2,1.3575,4463,0
rep2,1.3576,4464,0
rep2,1.3577,4465,0
rep2,1.3582,4466,0
rep2,1.3583,4467,0
rep2,1.3585,4468,0
rep2,1.3588,4469,0
rep2,1.3588,4470,0
rep2,1.3589,4471,0
rep2,1.3592,4472,0
rep2,1.3595,4473,0
rep2,1.3595,4474,0
rep2,1.3597,4475,0
rep2,1.3601,4476,0
rep2,1.3602,4477,0
rep2,1.3604,4478,0
rep2,1.3613,4479,0
rep2,1.3614,4480,0
rep2,1.3615,4481,0
rep2,1.3617,4482,0
rep2,1.3617,4483,0
rep2,1.3618,4484,0
rep2,1.3618,4485,0
rep2,1.3621,4486,0
rep2,1.3623,4487,0
rep2,1.3625,4488,0
rep2,1.3625,4489,0
rep2,1.363,4490,0
rep2,1.3631,4491,0
rep2,1.3632,4492,0
rep2,1.3635,4493,0
rep2,1.3637,4494,0
rep2,1.3641,4495,0
rep2,1.3641,4496,0
rep2,1.3646,4497,0
rep2,1.3649,4498,0
rep2,1.365,4499,0
rep2,1.3653,4500,0
rep2,1.3655,4501,0
rep2,1.3665,4502,0
rep2,1.3666,4503,0
rep2,1.3669,4504,0
rep2,1.367,4505,0
rep2,1.3672,4506,0
rep2,1.3672,4507,0
rep2,1.3675,4508,0
rep2,1.3676,4509,0
rep2,1.3677,4510,0
rep2,1.3678,4511,0
rep2,1.3682,4512,0
rep2,1.3684,4513,0
rep2,1.3684,4514,0
rep2,1.3691,4515,0
rep2,1.3694,4516,0
rep2,1.3695,4517,0
rep2,1.3696,4518,0
rep2,1.3697,4519,0
rep2,1.37,4520,0
rep2,1.3701,4521,0
rep2,1.3702,4522,0
rep2,1.3704,4523,0
rep2,1.3705,4524,0
rep2,1.3707,4525,0
rep2,1.3711,4526,0
rep2,1.3717,4527,0
rep2,1.3718,4528,0
rep2,1.3719,4529,0
rep2,1.3721,4530,0
rep2,1.3722,4531,0
rep2,1.3724,4532,0
rep2,1.3725,4533,0
rep2,1.3725,4534,0
rep2,1.3728,4535,0
rep2,1.3729,4536,0
rep2,1.373,4537,0
rep2,1.3733,4538,0
rep2,1.3735,4539,0
rep2,1.3737,4540,0
rep2,1.3742,4541,0
rep2,1.3742,4542,0
rep2,1.3743,4543,0
rep2,1.3746,4544,0
rep2,1.3747,4545,0
rep2,1.3756,4546,0
rep2,1.3757,4547,0
rep2,1.3758,4548,0
rep2,1.3762,4549,0
rep2,1.3766,4550,0
rep2,1.3767,4551,0
rep2,1.3768,4552,0
rep2,1.3778,4553,0
rep2,1.3779,4554,0
rep2,1.3782,4555,0
rep2,1.3788,4556,0
rep2,1.3792,4557,0
rep2,1.3792,4558,0
rep2,1.3794,4559,0
rep2,1.3794,4560,0
rep2,1.3795,4561,0
rep2,1.3795,4562,0
rep2,1.38,4563,0
rep2,1.38,4564,0
rep2,1.38,4565,0
rep2,1.3802,4566,0
rep2,1.3808,4567,0
rep2,1.3813,4568,0
rep2,1.3815,4569,0
rep2,1.3821,4570,0
rep2,1.3821,4571,0
rep2,1.3824,4572,0
rep2,1.3827,4573,0
rep2,1.3828,4574,0
rep2,1.3829,4575,0
rep2,1.3829,4576,0
rep2,1.3834,4577,0
rep2,1.3838,4578,0
rep2,1.3839,4579,0
rep2,1.3839,4580,0
rep2,1.384,4581,0
rep2,1.3841,4582,0
rep2,1.3845,4583,0
rep2,1.3846,4584,0
rep2,1.3846,4585,0
rep2,1.3847,4586,0
rep2,1.3852,4587,0
rep2,1.3853,4588,0
rep2,1.3856,4589,0
rep2,1.3859,4590,0
rep2,1.386,4591,0
rep2,1.386,4592,0
rep2,1.3869,4593,0
rep2,1.3871,4594,0
rep2,1.3874,4595,0
rep2,1.3875,4596,0
rep2,1.3878,4597,0
rep2,1.3878,4598,0
rep2,1.3878,4599,0
rep2,1.3879,4600,0
rep2,1.388,4601,0
rep2,1.3887,4602,0
rep2,1.3896,4603,0
rep2,1.3898,4604,0
rep2,1.3898,4605,0
rep2,1.3906,4606,0
rep2,1.391,4607,0
rep2,1.3914,4608,0
rep2,1.3916,4609,0
rep2,1.3918,4610,0
rep2,1.392,4611,0
rep2,1.3921,4612,0
rep2,1.3922,4613,0
rep2,1.3925,4614,0
rep2,1.3925,4615,0
rep2,1.3926,4616,0
rep2,1.3929,4617,0
rep2,1.3934,4618,0
rep2,1.3938,4619,0
rep2,1.394,4620,0
rep2,1.3943,4621,0
rep2,1.3946,4622,0
rep2,1.395,4623,0
rep2,1.396,4624,0
rep2,1.3961,4625,0
rep2,1.3962,4626,0
rep2,1.3963,4627,0
rep2,1.3966,4628,0
rep2,1.3968,4629,0
rep2,1.3977,4630,0
rep2,1.3978,4631,0
rep2,1.3982,4632,0
rep2,1.3983,4633,0
rep2,1.3986,4634,0
rep2,1.3989,4635,0
rep2,1.399,4636,0
rep2,1.3993,4637,0
rep2,1.3993,4638,0
rep2,1.3996,4639,0
rep2,1.3999,4640,0
rep2,1.4001,4641,0
rep2,1.4004,4642,0
rep2,1.4006,4643,0
rep2,1.4006,4644,0
rep2,1.4007,4645,0
rep2,1.4013,4646,0
rep2,1.4013,4647,0
rep2,1.4013,4648,0
rep2,1.4015,4649,0
rep2,1.4018,4650,0
rep2,1.4023,4651,0
rep2,1.4026,4652,0
rep2,1.4029,4653,0
rep2,1.4031,4654,0
rep2,1.4038,4655,0
rep2,1.4038,4656,0
rep2,1.4039,4657,0
rep2,1.4039,4658,0
rep2,1.404,4659,0
rep2,1.4053,4660,0
rep2,1.4053,4661,0
rep2,1.4064,4662,0
rep2,1.4065,4663,0
rep2,1.4066,4664,0
rep2,1.4068,4665,0
rep2,1.4069,4666,0
rep2,1.4071,4667,0
rep2,1.4072,4668,0
rep2,1.4073,4669,0
rep2,1.4074,4670,0
rep2,1.4079,4671,0
rep2,1.4087,4672,0
rep2,1.4094,4673,0
rep2,1.4096,4674,0
rep2,1.4099,4675,0
rep2,1.41,4676,0
rep2,1.4101,4677,0
rep2,1.4102,4678,0
rep2,1.4109,4679,0
rep2,1.411,4680,0
rep2,1.4113,4681,0
rep2,1.4116,4682,0
rep2,1.4116,4683,0
rep2,1.4117,4684,0
rep2,1.4117,4685,0
rep2,1.412,4686,0
rep2,1.4121,4687,0
rep2,1.4123,4688,0
rep2,1.4125,4689,0
rep2,1.4131,4690,0
rep2,1.4132,4691,0
rep2,1.4138,4692,0
rep2,1.4151,4693,0
rep2,1.4156,4694,0
rep2,1.4163,4695,0
rep2,1.417,4696,0
rep2,1.4171,4697,0
rep2,1.4173,4698,0
rep2,1.4175,4699,0
rep2,1.4176,4700,0
rep2,1.4186,4701,0
rep2,1.4187,4702,0
rep2,1.419,4703,0
rep2,1.4199,4704,0
rep2,1.42,4705,0
rep2,1.4209,4706,0
rep2,1.4214,4707,0
rep2,1.4219,4708,0
rep2,1.4224,4709,0
rep2,1.4225,4710,0
rep2,1.4231,4711,0
rep2,1.4234,4712,0
rep2,1.4237,4713,0
rep2,1.4238,4714,0
rep2,1.4243,4715,0
rep2,1.4246,4716,0
rep2,1.425,4717,0
rep2,1.4252,4718,0
rep2,1.4259,4719,0
rep2,1.4259,4720,0
rep2,1.426,4721,0
rep2,1.4265,4722,0
rep2,1.4265,4723,0
rep2,1.4268,4724,0
rep2,1.4271,4725,0
rep2,1.4273,4726,0
rep2,1.4273,4727,0
rep2,1.4277,4728,0
rep2,1.428,4729,0
rep2,1.4283,4730,0
rep2,1.4283,4731,0
rep2,1.4285,4732,0
rep2,1.4288,4733,0
rep2,1.43,4734,0
rep2,1.4308,4735,0
rep2,1.4313,4736,0
rep2,1.4318,4737,0
rep2,1.4328,4738,0
rep2,1.4333,4739,0
rep2,1.4334,4740,0
rep2,1.4342,4741,0
rep2,1.4345,4742,0
rep2,1.4357,4743,0
rep2,1.4359,4744,0
rep2,1.4369,4745,0
rep2,1.4372,4746,0
rep2,1.4375,4747,0
rep2,1.438,4748,0
rep2,1.4383,4749,0
rep2,1.4383,4750,0
rep2,1.4386,4751,0
rep2,1.4392,4752,0
rep2,1.4403,4753,0
rep2,1.4405,4754,0
rep2,1.4421,4755,0
rep2,1.4425,4756,0
rep2,1.4426,4757,0
rep2,1.4428,4758,0
rep2,1.4428,4759,0
rep2,1.4434,4760,0
rep2,1.4446,4761,0
rep2,1.4446,4762,0
rep2,1.445,4763,0
rep2,1.4456,4764,0
rep2,1.4459,4765,0
rep2,1.4464,4766,0
rep2,1.4465,4767,0
rep2,1.4476,4768,0
rep2,1.4479,4769,0
rep2,1.448,4770,0
rep2,1.4481,4771,0
rep2,1.4496,4772,0
rep2,1.4498,4773,0
rep2,1.45,4774,0
rep2,1.4503,4775,0
rep2,1.4507,4776,0
rep2,1.4511,4777,0
rep2,1.4552,4778,0
rep2,1.4564,4779,0
rep2,1.4569,4780,0
rep2,1.4572,4781,0
rep2,1.4581,4782,0
rep2,1.4592,4783,0
rep2,1.4594,4784,0
rep2,1.46,4785,0
rep2,1.461,4786,0
rep2,1.4612,4787,0
rep2,1.4613,4788,0
rep2,1.4613,4789,0
rep2,1.462,4790,0
rep2,1.4624,4791,0
rep2,1.4626,4792,0
rep2,1.4638,4793,0
rep2,1.4651,4794,0
rep2,1.4653,4795,0
rep2,1.4654,4796,0
rep2,1.4656,4797,0
rep2,1.4665,4798,0
rep2,1.4666,4799,0
rep2,1.4677,4800,0
rep2,1.468,4801,0
rep2,1.4685,4802,0
rep2,1.4695,4803,0
rep2,1.4707,4804,0
rep2,1.4714,4805,0
rep2,1.4718,4806,0
rep2,1.4719,4807,0
rep2,1.4725,4808,0
rep2,1.4728,4809,0
rep2,1.4731,4810,0
rep2,1.4736,4811,0
rep2,1.474,4812,0
rep2,1.4742,4813,0
rep2,1.4746,4814,0
rep2,1.4748,4815,0
rep2,1.4748,4816,0
rep2,1.4757,4817,0
rep2,1.4763,4818,0
rep2,1.477,4819,0
rep2,1.4773,4820,0
rep2,1.4774,4821,0
rep2,1.478,4822,0
rep2,1.478,4823,0
rep2,1.4798,4824,0
rep2,1.4805,4825,0
rep2,1.4806,4826,0
rep2,1.4811,4827,0
rep2,1.483,4828,0
rep2,1.4832,4829,0
rep2,1.4834,4830,0
rep2,1.4835,4831,0
rep2,1.4836,4832,0
rep2,1.4836,4833,0
rep2,1.4837,4834,0
rep2,1.4854,4835,0
rep2,1.4857,4836,0
rep2,1.4863,4837,0
rep2,1.4867,4838,0
rep2,1.4872,4839,0
rep2,1.4875,4840,0
rep2,1.4888,4841,0
rep2,1.4899,4842,0
rep2,1.49,4843,0
rep2,1.4907,4844,0
rep2,1.4942,4845,0
rep2,1.4943,4846,0
rep2,1.4944,4847,0
rep2,1.4958,4848,0
rep2,1.4968,4849,0
rep2,1.497,4850,0
rep2,1.499,4851,0
rep2,1.5001,4852,0
rep2,1.5002,4853,0
rep2,1.5009,4854,0
rep2,1.5016,4855,0
rep2,1.5023,4856,0
rep2,1.5031,4857,0
rep2,1.5031,4858,0
rep2,1.5032,4859,0
rep2,1.5052,4860,0
rep2,1.5058,4861,0
rep2,1.5073,4862,0
rep2,1.5075,4863,0
rep2,1.508,4864,0
rep2,1.5081,4865,0
rep2,1.5094,4866,0
rep2,1.5116,4867,0
rep2,1.512,4868,0
rep2,1.5127,4869,0
rep2,1.5131,4870,0
rep2,1.5158,4871,0
rep2,1.5162,4872,0
rep2,1.5195,4873,0
rep2,1.5209,4874,0
rep2,1.5216,4875,0
rep2,1.5224,4876,0
rep2,1.5225,4877,0
rep2,1.5226,4878,0
rep2,1.523,4879,0
rep2,1.5239,4880,0
rep2,1.5242,4881,0
rep2,1.5251,4882,0
rep2,1.5262,4883,0
rep2,1.5294,4884,0
rep2,1.5299,4885,0
rep2,1.5313,4886,0
rep2,1.535,4887,0
rep2,1.5355,4888,0
rep2,1.5366,4889,0
rep2,1.5374,4890,0
rep2,1.5374,4891,0
rep2,1.5389,4892,0
rep2,1.539,4893,0
rep2,1.5413,4894,0
rep2,1.5418,4895,0
rep2,1.5433,4896,0
rep2,1.5434,4897,0
rep2,1.5439,4898,0
rep2,1.5443,4899,0
rep2,1.5455,4900,0
rep2,1.5487,4901,0
rep2,1.551,4902,0
rep2,1.5511,4903,0
rep2,1.5524,4904,0
rep2,1.5546,4905,0
rep2,1.5549,4906,0
rep2,1.5583,4907,0
rep2,1.5597,4908,0
rep2,1.5618,4909,0
rep2,1.5626,4910,0
rep2,1.5638,4911,0
rep2,1.5663,4912,0
rep2,1.5664,4913,0
rep2,1.5688,4914,0
rep2,1.571,4915,0
rep2,1.5735,4916,0
rep2,1.5746,4917,0
rep2,1.5748,4918,0
rep2,1.5749,4919,0
rep2,1.5757,4920,0
rep2,1.5762,4921,0
rep2,1.5771,4922,0
rep2,1.5787,4923,0
rep2,1.5809,4924,0
rep2,1.5849,4925,0
rep2,1.5869,4926,0
rep2,1.5886,4927,0
rep2,1.5886,4928,0
rep2,1.5978,4929,0
rep2,1.6011,4930,0
rep2,1.6056,4931,0
rep2,1.6085,4932,0
rep2,1.609,4933,0
rep2,1.6095,4934,0
rep2,1.6118,4935,0
rep2,1.6156,4936,0
rep2,1.6162,4937,0
rep2,1.6181,4938,0
rep2,1.622,4939,0
rep2,1.6236,4940,0
rep2,1.626,4941,0
rep2,1.6285,4942,0
rep2,1.6354,4943,0
rep2,1.6408,4944,0
rep2,1.6438,4945,0
rep2,1.6438,4946,0
rep2,1.6456,4947,0
rep2,1.646,4948,0
rep2,1.6489,4949,0
rep2,1.6513,4950,0
rep2,1.6576,4951,0
rep2,1.6696,4952,0
rep2,1.6712,4953,0
rep2,1.6757,4954,0
rep2,1.6853,4955,0
rep2,1.6885,4956,0
rep2,1.6895,4957,0
rep2,1.6993,4958,0
rep2,1.7167,4959,0
rep2,1.7299,4960,0
rep2,1.7315,4961,0
rep2,1.7414,4962,0
rep2,1.7476,4963,0
rep2,1.764,4964,0
rep2,1.7712,4965,0
rep2,1.7802,4966,0
rep2,1.8081,4967,0
rep2,1.8202,4968,0
rep2,1.8328,4969,0
rep2,1.8894,4970,0
rep2,1.9053,4971,0
rep2,2.0106,4972,0
rep2,2.0111,4973,0
rep2,2.0115,4974,0
rep2,2.0119,4975,0
rep2,2.0119,4976,0
rep2,2.012,4977,0
rep2,2.0124,4978,0
rep2,2.0126,4979,0
rep2,2.0129,4980,0
rep2,2.0148,4981,0
rep2,2.0154,4982,0
rep2,2.0155,4983,0
rep2,2.0159,4984,0
rep2,2.0159,4985,0
rep2,2.016,4986,0
rep2,2.0162,4987,0
rep2,2.0163,4988,0
rep2,2.0164,4989,0
rep2,2.0174,4990,0
rep2,2.0175,4991,0
rep2,2.0179,4992,0
rep2,2.0181,4993,0
rep2,2.0184,4994,0
rep2,2.0208,4995,0
rep2,2.0252,4996,0
rep2,2.0264,4997,0
rep2,2.0275,4998,0
rep2,2.0278,4999,0
rep2,2.0432,5000,0
rep2,2.0434,5001,0
rep2,2.0435,5002,0
rep2,2.0436,5003,0
rep2,2.0437,5004,0
rep2,2.0437,5005,0
rep2,2.0437,5006,0
rep2,2.0438,5007,0
rep2,2.0438,5008,0
rep2,2.0439,5009,0
rep2,2.0442,5010,0
rep2,2.0442,5011,0
rep2,2.0443,5012,0
rep2,2.0443,5013,0
rep2,2.0445,5014,0
rep2,2.0445,5015,0
rep2,2.0446,5016,0
rep2,2.0446,5017,0
rep2,2.0447,5018,0
rep2,2.0447,5019,0
rep2,2.045,5020,0
rep2,2.045,5021,0
rep2,2.045,5022,0
rep2,2.0453,5023,0
rep2,2.0456,5024,0
rep2,2.0456,5025,0
rep2,2.0458,5026,0
rep2,2.0458,5027,0
rep2,2.0458,5028,0
rep2,2.0462,5029,0
rep2,2.0462,5030,0
rep2,2.0462,5031,0
rep2,2.0464,5032,0
rep2,2.0465,5033,0
rep2,2.0469,5034,0
rep2,2.047,5035,0
rep2,2.0474,5036,0
rep2,2.0474,5037,0
rep2,2.0475,5038,0
rep2,2.0475,5039,0
rep2,2.0476,5040,0
rep2,2.0477,5041,0
rep2,2.0478,5042,0
rep2,2.048,5043,0
rep2,2.0482,5044,0
rep2,2.0483,5045,0
rep2,2.0485,5046,0
rep2,2.0485,5047,0
rep2,2.0487,5048,0
rep2,2.0488,5049,0
rep2,2.0489,5050,0
rep2,2.0489,5051,0
rep2,2.0491,5052,0
rep2,2.0492,5053,0
rep2,2.0493,5054,0
rep2,2.0493,5055,0
rep2,2.0494,5056,0
rep2,2.0495,5057,0
rep2,2.0499,5058,0
rep2,2.05,5059,0
rep2,2.0503,5060,0
rep2,2.0505,5061,0
rep2,2.0505,5062,0
rep2,2.0506,5063,0
rep2,2.0508,5064,0
rep2,2.0512,5065,0
rep2,2.0512,5066,0
rep2,2.0515,5067,0
rep2,2.0516,5068,0
rep2,2.0518,5069,0
rep2,2.0518,5070,0
rep2,2.0519,5071,0
rep2,2.0519,5072,0
rep2,2.0528,5073,0
rep2,2.0528,5074,0
rep2,2.0532,5075,0
rep2,2.0534,5076,0
rep2,2.0534,5077,0
rep2,2.0539,5078,0
rep2,2.0541,5079,0
rep2,2.0543,5080,0
rep2,2.0545,5081,0
rep2,2.0547,5082,0
rep2,2.055,5083,0
rep2,2.0551,5084,0
rep2,2.0552,5085,0
rep2,2.0553,5086,0
rep2,2.0554,5087,0
rep2,2.0561,5088,0
rep2,2.0563,5089,0
rep2,2.0569,5090,0
rep2,2.057,5091,0
rep2,2.0575,5092,0
rep2,2.0576,5093,0
rep2,2.0577,5094,0
rep2,2.0581,5095,0
rep2,2.0583,5096,0
rep2,2.0585,5097,0
rep2,2.0598,5098,0
rep2,2.0613,5099,0
rep2,2.0614,5100,0
rep2,2.0624,5101,0
rep2,2.0625,5102,0
rep2,2.0627,5103,0
rep2,2.0643,5104,0
rep2,2.0654,5105,0
rep2,2.0656,5106,0
rep2,2.0656,5107,0
rep2,2.0657,5108,0
rep2,2.066,5109,0
rep2,2.0667,5110,0
rep2,2.0681,5111,0
rep2,2.0696,5112,0
rep2,2.0703,5113,0
rep2,2.0711,5114,0
rep2,2.0745,5115,0
rep2,2.0759,5116,0
rep2,2.0767,5117,0
rep2,2.0768,5118,0
rep2,2.0768,5119,0
rep2,2.0768,5120,0
rep2,2.0768,5121,0
rep2,2.0769,5122,0
rep2,2.0769,5123,0
rep2,2.0769,5124,0
rep2,2.0769,5125,0
rep2,2.077,5126,0
rep2,2.077,5127,0
rep2,2.077,5128,0
rep2,2.077,5129,0
rep2,2.0771,5130,0
rep2,2.0771,5131,0
rep2,2.0771,5132,0
rep2,2.0771,5133,0
rep2,2.0772,5134,0
rep2,2.0772,5135,0
rep2,2.0772,5136,0
rep2,2.0773,5137,0
rep2,2.0773,5138,0
rep2,2.0773,5139,0
rep2,2.0774,5140,0
rep2,2.0774,5141,0
rep2,2.0774,5142,0
rep2,2.0775,5143,0
rep2,2.0776,5144,0
rep2,2.0776,5145,0
rep2,2.0776,5146,0
rep2,2.0776,5147,0
rep2,2.0777,5148,0
rep2,2.0778,5149,0
rep2,2.0778,5150,0
rep2,2.0779,5151,0
rep2,2.0779,5152,0
rep2,2.0779,5153,0
rep2,2.0779,5154,0
rep2,2.0781,5155,0
rep2,2.0781,5156,0
rep2,2.0781,5157,0
rep2,2.0781,5158,0
rep2,2.0782,5159,0
rep2,2.0783,5160,0
rep2,2.0783,5161,0
rep2,2.0783,5162,0
rep2,2.0783,5163,0
rep2,2.0784,5164,0
rep2,2.0784,5165,0
rep2,2.0784,5166,0
rep2,2.0784,5167,0
rep2,2.0785,5168,0
rep2,2.0785,5169,0
rep2,2.0786,5170,0
rep2,2.0787,5171,0
rep2,2.0787,5172,0
rep2,2.0787,5173,0
rep2,2.0788,5174,0
rep2,2.0789,5175,0
rep2,2.0789,5176,0
rep2,2.0789,5177,0
rep2,2.0789,5178,0
rep2,2.0789,5179,0
rep2,2.0789,5180,0
rep2,2.0789,5181,0
rep2,2.079,5182,0
rep2,2.079,5183,0
rep2,2.0791,5184,0
rep2,2.0791,5185,0
rep2,2.0791,5186,0
rep2,2.0791,5187,0
rep2,2.0791,5188,0
rep2,2.0792,5189,0
rep2,2.0792,5190,0
rep2,2.0792,5191,0
rep2,2.0793,5192,0
rep2,2.0793,5193,0
rep2,2.0793,5194,0
rep2,2.0793,5195,0
rep2,2.0793,5196,0
rep2,2.0794,5197,0
rep2,2.0794,5198,0
rep2,2.0794,5199,0
rep2,2.0794,5200,0
rep2,2.0795,5201,0
rep2,2.0795,5202,0
rep2,2.0795,5203,0
rep2,2.0795,5204,0
rep2,2.0796,5205,0
rep2,2.0796,5206,0
rep2,2.0797,5207,0
rep2,2.0797,5208,0
rep2,2.0797,5209,0
rep2,2.0797,5210,0
rep2,2.0798,5211,0
rep2,2.0798,5212,0
rep2,2.0798,5213,0
rep2,2.0799,5214,0
rep2,2.0799,5215,0
rep2,2.0799,5216,0
rep2,2.0799,5217,0
rep2,2.08,5218,0
rep2,2.08,5219,0
rep2,2.0801,5220,0
rep2,2.0802,5221,0
rep2,2.0802,5222,0
rep2,2.0803,5223,0
rep2,2.0803,5224,0
rep2,2.0804,5225,0
rep2,2.0804,5226,0
rep2,2.0804,5227,0
rep2,2.0806,5228,0
rep2,2.0806,5229,0
rep2,2.0807,5230,0
rep2,2.0807,5231,0
rep2,2.0808,5232,0
rep2,2.0809,5233,0
rep2,2.081,5234,0
rep2,2.081,5235,0
rep2,2.0811,5236,0
rep2,2.0811,5237,0
rep2,2.0812,5238,0
rep2,2.0812,5239,0
rep2,2.0813,5240,0
rep2,2.0813,5241,0
rep2,2.0813,5242,0
rep2,2.0813,5243,0
rep2,2.0814,5244,0
rep2,2.0814,5245,0
rep2,2.0814,5246,0
rep2,2.0815,5247,0
rep2,2.0816,5248,0
rep2,2.0816,5249,0
rep2,2.0817,5250,0
rep2,2.0817,5251,0
rep2,2.0818,5252,0
rep2,2.0819,5253,0
rep2,2.0819,5254,0
rep2,2.0819,5255,0
rep2,2.082,5256,0
rep2,2.0821,5257,0
rep2,2.0821,5258,0
rep2,2.0823,5259,0
rep2,2.0823,5260,0
rep2,2.0824,5261,0
rep2,2.0824,5262,0
rep2,2.0825,5263,0
rep2,2.0825,5264,0
rep2,2.0826,5265,0
rep2,2.0826,5266,0
rep2,2.0826,5267,0
rep2,2.0827,5268,0
rep2,2.0827,5269,0
rep2,2.0827,5270,0
rep2,2.0828,5271,0
rep2,2.0829,5272,0
rep2,2.0829,5273,0
rep2,2.0829,5274,0
rep2,2.083,5275,0
rep2,2.083,5276,0
rep2,2.0831,5277,0
rep2,2.0831,5278,0
rep2,2.0831,5279,0
rep2,2.0832,5280,0
rep2,2.0832,5281,0
rep2,2.0832,5282,0
rep2,2.0834,5283,0
rep2,2.0834,5284,0
rep2,2.0835,5285,0
rep2,2.0836,5286,0
rep2,2.0837,5287,0
rep2,2.0838,5288,0
rep2,2.084,5289,0
rep2,2.084,5290,0
rep2,2.0842,5291,0
rep2,2.0843,5292,0
rep2,2.0844,5293,0
rep2,2.0845,5294,0
rep2,2.0846,5295,0
rep2,2.0846,5296,0
rep2,2.0846,5297,0
rep2,2.0846,5298,0
rep2,2.0848,5299,0
rep2,2.0848,5300,0
rep2,2.0849,5301,0
rep2,2.0849,5302,0
rep2,2.0852,5303,0
rep2,2.0853,5304,0
rep2,2.0854,5305,0
rep2,2.0854,5306,0
rep2,2.0856,5307,0
rep2,2.0857,5308,0
rep2,2.0857,5309,0
rep2,2.0857,5310,0
rep2,2.0858,5311,0
rep2,2.0859,5312,0
rep2,2.086,5313,0
rep2,2.086,5314,0
rep2,2.086,5315,0
rep2,2.086,5316,0
rep2,2.086,5317,0
rep2,2.0862,5318,0
rep2,2.0862,5319,0
rep2,2.0863,5320,0
rep2,2.0863,5321,0
rep2,2.0864,5322,0
rep2,2.0864,5323,0
rep2,2.0865,5324,0
rep2,2.0865,5325,0
rep2,2.0868,5326,0
rep2,2.087,5327,0
rep2,2.087,5328,0
rep2,2.0871,5329,0
rep2,2.0872,5330,0
rep2,2.0872,5331,0
rep2,2.0872,5332,0
rep2,2.0872,5333,0
rep2,2.0873,5334,0
rep2,2.0873,5335,0
rep2,2.0874,5336,0
rep2,2.0874,5337,0
rep2,2.0875,5338,0
rep2,2.0876,5339,0
rep2,2.0876,5340,0
rep2,2.0876,5341,0
rep2,2.0877,5342,0
rep2,2.0877,5343,0
rep2,2.0878,5344,0
rep2,2.0878,5345,0
rep2,2.0878,5346,0
rep2,2.0878,5347,0
rep2,2.088,5348,0
rep2,2.0881,5349,0
rep2,2.0885,5350,0
rep2,2.0885,5351,0
rep2,2.0886,5352,0
rep2,2.0888,5353,0
rep2,2.0889,5354,0
rep2,2.0891,5355,0
rep2,2.0892,5356,0
rep2,2.0892,5357,0
rep2,2.0893,5358,0
rep2,2.0893,5359,0
rep2,2.0899,5360,0
rep2,2.0902,5361,0
rep2,2.0903,5362,0
rep2,2.0904,5363,0
rep2,2.0904,5364,0
rep2,2.0909,5365,0
rep2,2.0909,5366,0
rep2,2.0909,5367,0
rep2,2.091,5368,0
rep2,2.0911,5369,0
rep2,2.0913,5370,0
rep2,2.0913,5371,0
rep2,2.0917,5372,0
rep2,2.0917,5373,0
rep2,2.0917,5374,0
rep2,2.0918,5375,0
rep2,2.0919,5376,0
rep2,2.0921,5377,0
rep2,2.0924,5378,0
rep2,2.0925,5379,0
rep2,2.0925,5380,0
rep2,2.0927,5381,0
rep2,2.0928,5382,0
rep2,2.0928,5383,0
rep2,2.0928,5384,0
rep2,2.093,5385,0
rep2,2.0932,5386,0
rep2,2.0934,5387,0
rep2,2.0936,5388,0
rep2,2.0937,5389,0
rep2,2.0937,5390,0
rep2,2.0938,5391,0
rep2,2.0939,5392,0
rep2,2.094,5393,0
rep2,2.0944,5394,0
rep2,2.0945,5395,0
rep2,2.0946,5396,0
rep2,2.095,5397,0
rep2,2.0951,5398,0
rep2,2.0953,5399,0
rep2,2.0956,5400,0
rep2,2.0957,5401,0
rep2,2.0958,5402,0
rep2,2.0959,5403,0
rep2,2.0959,5404,0
rep2,2.0963,5405,0
rep2,2.0965,5406,0
rep2,2.0965,5407,0
rep2,2.0965,5408,0
rep2,2.0968,5409,0
rep2,2.0968,5410,0
rep2,2.0971,5411,0
rep2,2.0972,5412,0
rep2,2.0975,5413,0
rep2,2.0978,5414,0
rep2,2.0984,5415,0
rep2,2.0985,5416,0
rep2,2.0988,5417,0
rep2,2.0989,5418,0
rep2,2.0993,5419,0
rep2,2.0995,5420,0
rep2,2.0996,5421,0
rep2,2.1001,5422,0
rep2,2.1002,5423,0
rep2,2.1006,5424,0
rep2,2.1015,5425,0
rep2,2.1018,5426,0
rep2,2.1022,5427,0
rep2,2.1029,5428,0
rep2,2.1031,5429,0
rep2,2.1043,5430,0
rep2,2.1046,5431,0
rep2,2.1046,5432,0
rep2,2.1047,5433,0
rep2,2.1056,5434,0
rep2,2.106,5435,0
rep2,2.1065,5436,0
rep2,2.1067,5437,0
rep2,2.1069,5438,0
rep2,2.1074,5439,0
rep2,2.1078,5440,0
rep2,2.1091,5441,0
rep2,2.1098,5442,0
rep2,2.1098,5443,0
rep2,2.1099,5444,0
rep2,2.1103,5445,0
rep2,2.1103,5446,0
rep2,2.1104,5447,0
rep2,2.1104,5448,0
rep2,2.1105,5449,0
rep2,2.1105,5450,0
rep2,2.1105,5451,0
rep2,2.1107,5452,0
rep2,2.1108,5453,0
rep2,2.1108,5454,0
rep2,2.111,5455,0
rep2,2.1111,5456,0
rep2,2.1112,5457,0
rep2,2.1112,5458,0
rep2,2.1113,5459,0
rep2,2.1114,5460,0
rep2,2.1115,5461,0
rep2,2.1116,5462,0
rep2,2.1118,5463,0
rep2,2.1118,5464,0
rep2,2.1121,5465,0
rep2,2.1121,5466,0
rep2,2.1122,5467,0
rep2,2.1124,5468,0
rep2,2.1124,5469,0
rep2,2.1124,5470,0
rep2,2.1124,5471,0
rep2,2.1126,5472,0
rep2,2.1127,5473,0
rep2,2.1127,5474,0
rep2,2.1128,5475,0
rep2,2.1129,5476,0
rep2,2.1131,5477,0
rep2,2.1131,5478,0
rep2,2.1131,5479,0
rep2,2.1132,5480,0
rep2,2.1132,5481,0
rep2,2.1132,5482,0
rep2,2.1134,5483,0
rep2,2.1136,5484,0
rep2,2.1137,5485,0
rep2,2.1137,5486,0
rep2,2.1138,5487,0
rep2,2.1138,5488,0
rep2,2.1139,5489,0
rep2,2.1139,5490,0
rep2,2.114,5491,0
rep2,2.114,5492,0
rep2,2.1142,5493,0
rep2,2.1142,5494,0
rep2,2.1143,5495,0
rep2,2.1144,5496,0
rep2,2.1144,5497,0
rep2,2.1145,5498,0
rep2,2.1149,5499,0
rep2,2.1149,5500,0
rep2,2.1152,5501,0
rep2,2.1155,5502,0
rep2,2.1155,5503,0
rep2,2.1156,5504,0
rep2,2.1157,5505,0
rep2,2.1159,5506,0
rep2,2.116,5507,0
rep2,2.1161,5508,0
rep2,2.1163,5509,0
rep2,2.1163,5510,0
rep2,2.1164,5511,0
rep2,2.1165,5512,0
rep2,2.1169,5513,0
rep2,2.117,5514,0
rep2,2.117,5515,0
rep2,2.1173,5516,0
rep2,2.1175,5517,0
rep2,2.1176,5518,0
rep2,2.1178,5519,0
rep2,2.1178,5520,0
rep2,2.1178,5521,0
rep2,2.1179,5522,0
rep2,2.1182,5523,0
rep2,2.1184,5524,0
rep2,2.1186,5525,0
rep2,2.1186,5526,0
rep2,2.1187,5527,0
rep2,2.1188,5528,0
rep2,2.119,5529,0
rep2,2.1193,5530,0
rep2,2.1193,5531,0
rep2,2.1195,5532,0
rep2,2.1195,5533,0
rep2,2.1195,5534,0
rep2,2.1196,5535,0
rep2,2.1198,5536,0
rep2,2.1202,5537,0
rep2,2.1202,5538,0
rep2,2.1205,5539,0
rep2,2.1206,5540,0
rep2,2.121,5541,0
rep2,2.1214,5542,0
rep2,2.1214,5543,0
rep2,2.1216,5544,0
rep2,2.1217,5545,0
rep2,2.1219,5546,0
rep2,2.122,5547,0
rep2,2.122,5548,0
rep2,2.1222,5549,0
rep2,2.1222,5550,0
rep2,2.1225,5551,0
rep2,2.1236,5552,0
rep2,2.1237,5553,0
rep2,2.1241,5554,0
rep2,2.1242,5555,0
rep2,2.1243,5556,0
rep2,2.1244,5557,0
rep2,2.1247,5558,0
rep2,2.1249,5559,0
rep2,2.1251,5560,0
rep2,2.1256,5561,0
rep2,2.126,5562,0
rep2,2.126,5563,0
rep2,2.1261,5564,0
rep2,2.1263,5565,0
rep2,2.1266,5566,0
rep2,2.1268,5567,0
rep2,2.1268,5568,0
rep2,2.127,5569,0
rep2,2.1276,5570,0
rep2,2.1276,5571,0
rep2,2.1277,5572,0
rep2,2.1281,5573,0
rep2,2.1283,5574,0
rep2,2.1284,5575,0
rep2,2.1285,5576,0
rep2,2.1285,5577,0
rep2,2.1286,5578,0
rep2,2.129,5579,0
rep2,2.1292,5580,0
rep2,2.1293,5581,0
rep2,2.1301,5582,0
rep2,2.1302,5583,0
rep2,2.1307,5584,0
rep2,2.1311,5585,0
rep2,2.1312,5586,0
rep2,2.1312,5587,0
rep2,2.1313,5588,0
rep2,2.1314,5589,0
rep2,2.1314,5590,0
rep2,2.1315,5591,0
rep2,2.1315,5592,0
rep2,2.1317,5593,0
rep2,2.132,5594,0
rep2,2.1323,5595,0
rep2,2.1324,5596,0
rep2,2.1325,5597,0
rep2,2.1333,5598,0
rep2,2.1334,5599,0
rep2,2.1337,5600,0
rep2,2.134,5601,0
rep2,2.1342,5602,0
rep2,2.1345,5603,0
rep2,2.1346,5604,0
rep2,2.1354,5605,0
rep2,2.1355,5606,0
rep2,2.1357,5607,0
rep2,2.1359,5608,0
rep2,2.1365,5609,0
rep2,2.1366,5610,0
rep2,2.1367,5611,0
rep2,2.1368,5612,0
rep2,2.1369,5613,0
rep2,2.1371,5614,0
rep2,2.1379,5615,0
rep2,2.1382,5616,0
rep2,2.1391,5617,0
rep2,2.1395,5618,0
rep2,2.1399,5619,0
rep2,2.14,5620,0
rep2,2.1403,5621,0
rep2,2.1405,5622,0
rep2,2.1406,5623,0
rep2,2.1406,5624,0
rep2,2.1413,5625,0
rep2,2.1416,5626,0
rep2,2.1418,5627,0
rep2,2.1421,5628,0
rep2,2.1422,5629,0
rep2,2.1429,5630,0
rep2,2.1431,5631,0
rep2,2.1431,5632,0
rep2,2.1436,5633,0
rep2,2.1437,5634,0
rep2,2.1441,5635,0
rep2,2.1441,5636,0
rep2,2.1445,5637,0
rep2,2.1446,5638,0
rep2,2.1446,5639,0
rep2,2.1449,5640,0
rep2,2.1449,5641,0
rep2,2.145,5642,0
rep2,2.1451,5643,0
rep2,2.1454,5644,0
rep2,2.1454,5645,0
rep2,2.1456,5646,0
rep2,2.1458,5647,0
rep2,2.1459,5648,0
rep2,2.1459,5649,0
rep2,2.146,5650,0
rep2,2.146,5651,0
rep2,2.1461,5652,0
rep2,2.1462,5653,0
rep2,2.1466,5654,0
rep2,2.1468,5655,0
rep2,2.1468,5656,0
rep2,2.1474,5657,0
rep2,2.148,5658,0
rep2,2.1481,5659,0
rep2,2.1483,5660,0
rep2,2.1486,5661,0
rep2,2.1488,5662,0
rep2,2.1493,5663,0
rep2,2.1496,5664,0
rep2,2.1497,5665,0
rep2,2.1498,5666,0
rep2,2.1502,5667,0
rep2,2.1503,5668,0
rep2,2.1505,5669,0
rep2,2.1506,5670,0
rep2,2.1507,5671,0
rep2,2.1509,5672,0
rep2,2.1509,5673,0
rep2,2.1511,5674,0
rep2,2.1515,5675,0
rep2,2.1515,5676,0
rep2,2.1516,5677,0
rep2,2.1518,5678,0
rep2,2.1519,5679,0
rep2,2.1519,5680,0
rep2,2.1522,5681,0
rep2,2.1526,5682,0
rep2,2.1527,5683,0
rep2,2.1532,5684,0
rep2,2.1536,5685,0
rep2,2.1537,5686,0
rep2,2.1537,5687,0
rep2,2.1537,5688,0
rep2,2.1537,5689,0
rep2,2.1538,5690,0
rep2,2.1539,5691,0
rep2,2.154,5692,0
rep2,2.154,5693,0
rep2,2.1541,5694,0
rep2,2.1541,5695,0
rep2,2.1544,5696,0
rep2,2.1547,5697,0
rep2,2.1548,5698,0
rep2,2.1548,5699,0
rep2,2.1548,5700,0
rep2,2.1549,5701,0
rep2,2.155,5702,0
rep2,2.1552,5703,0
rep2,2.1554,5704,0
rep2,2.1556,5705,0
rep2,2.1557,5706,0
rep2,2.1558,5707,0
rep2,2.156,5708,0
rep2,2.1562,5709,0
rep2,2.1562,5710,0
rep2,2.1562,5711,0
rep2,2.1562,5712,0
rep2,2.1563,5713,0
rep2,2.1565,5714,0
rep2,2.1565,5715,0
rep2,2.1567,5716,0
rep2,2.1573,5717,0
rep2,2.1574,5718,0
rep2,2.1574,5719,0
rep2,2.1577,5720,0
rep2,2.158,5721,0
rep2,2.1587,5722,0
rep2,2.1588,5723,0
rep2,2.1591,5724,0
rep2,2.1597,5725,0
rep2,2.1601,5726,0
rep2,2.1605,5727,0
rep2,2.1606,5728,0
rep2,2.1606,5729,0
rep2,2.1608,5730,0
rep2,2.161,5731,0
rep2,2.1611,5732,0
rep2,2.1611,5733,0
rep2,2.1612,5734,0
rep2,2.1613,5735,0
rep2,2.1614,5736,0
rep2,2.1617,5737,0
rep2,2.1622,5738,0
rep2,2.1628,5739,0
rep2,2.163,5740,0
rep2,2.1634,5741,0
rep2,2.1638,5742,0
rep2,2.1639,5743,0
rep2,2.1644,5744,0
rep2,2.1647,5745,0
rep2,2.1648,5746,0
rep2,2.1649,5747,0
rep2,2.1651,5748,0
rep2,2.1651,5749,0
rep2,2.1656,5750,0
rep2,2.1657,5751,0
rep2,2.166,5752,0
rep2,2.1661,5753,0
rep2,2.1662,5754,0
rep2,2.1668,5755,0
rep2,2.1671,5756,0
rep2,2.1673,5757,0
rep2,2.1674,5758,0
rep2,2.1675,5759,0
rep2,2.1681,5760,0
rep2,2.1681,5761,0
rep2,2.1684,5762,0
rep2,2.1687,5763,0
rep2,2.1688,5764,0
rep2,2.1689,5765,0
rep2,2.1689,5766,0
rep2,2.169,5767,0
rep2,2.1694,5768,0
rep2,2.1695,5769,0
rep2,2.1701,5770,0
rep2,2.1703,5771,0
rep2,2.1703,5772,0
rep2,2.1706,5773,0
rep2,2.1707,5774,0
rep2,2.171,5775,0
rep2,2.171,5776,0
rep2,2.1712,5777,0
rep2,2.1715,5778,0
rep2,2.1716,5779,0
rep2,2.172,5780,0
rep2,2.1721,5781,0
rep2,2.1721,5782,0
rep2,2.1722,5783,0
rep2,2.1727,5784,0
rep2,2.1728,5785,0
rep2,2.173,5786,0
rep2,2.1733,5787,0
rep2,2.174,5788,0
rep2,2.1742,5789,0
rep2,2.1744,5790,0
rep2,2.1746,5791,0
rep2,2.1747,5792,0
rep2,2.1748,5793,0
rep2,2.1751,5794,0
rep2,2.1754,5795,0
rep2,2.1766,5796,0
rep2,2.1768,5797,0
rep2,2.177,5798,0
rep2,2.1775,5799,0
rep2,2.1776,5800,0
rep2,2.1777,5801,0
rep2,2.1777,5802,0
rep2,2.1778,5803,0
rep2,2.1779,5804,0
rep2,2.178,5805,0
rep2,2.178,5806,0
rep2,2.1781,5807,0
rep2,2.1781,5808,0
rep2,2.1784,5809,0
rep2,2.1784,5810,0
rep2,2.1784,5811,0
rep2,2.1784,5812,0
rep2,2.1786,5813,0
rep2,2.1787,5814,0
rep2,2.1787,5815,0
rep2,2.1788,5816,0
rep2,2.179,5817,0
rep2,2.1791,5818,0
rep2,2.1793,5819,0
rep2,2.1793,5820,0
rep2,2.1797,5821,0
rep2,2.1797,5822,0
rep2,2.1799,5823,0
rep2,2.18,5824,0
rep2,2.1801,5825,0
rep2,2.1802,5826,0
rep2,2.1802,5827,0
rep2,2.1805,5828,0
rep2,2.1812,5829,0
rep2,2.1812,5830,0
rep2,2.1814,5831,0
rep2,2.1814,5832,0
rep2,2.1815,5833,0
rep2,2.1816,5834,0
rep2,2.1818,5835,0
rep2,2.1818,5836,0
rep2,2.1818,5837,0
rep2,2.1829,5838,0
rep2,2.183,5839,0
rep2,2.1833,5840,0
rep2,2.1834,5841,0
rep2,2.1839,5842,0
rep2,2.1841,5843,0
rep2,2.1842,5844,0
rep2,2.1843,5845,0
rep2,2.1843,5846,0
rep2,2.1849,5847,0
rep2,2.1849,5848,0
rep2,2.1852,5849,0
rep2,2.1853,5850,0
rep2,2.1854,5851,0
rep2,2.1855,5852,0
rep2,2.1855,5853,0
rep2,2.1856,5854,0
rep2,2.1857,5855,0
rep2,2.1861,5856,0
rep2,2.1862,5857,0
rep2,2.1862,5858,0
rep2,2.1863,5859,0
rep2,2.1863,5860,0
rep2,2.1863,5861,0
rep2,2.1864,5862,0
rep2,2.1865,5863,0
rep2,2.1868,5864,0
rep2,2.1871,5865,0
rep2,2.1874,5866,0
rep2,2.1875,5867,0
rep2,2.1876,5868,0
rep2,2.1877,5869,0
rep2,2.1878,5870,0
rep2,2.1882,5871,0
rep2,2.1884,5872,0
rep2,2.1884,5873,0
rep2,2.1889,5874,0
rep2,2.1891,5875,0
rep2,2.1891,5876,0
rep2,2.1893,5877,0
rep2,2.1893,5878,0
rep2,2.1894,5879,0
rep2,2.1895,5880,0
rep2,2.1896,5881,0
rep2,2.1897,5882,0
rep2,2.1897,5883,0
rep2,2.1899,5884,0
rep2,2.1904,5885,0
rep2,2.1906,5886,0
rep2,2.1907,5887,0
rep2,2.1909,5888,0
rep2,2.191,5889,0
rep2,2.191,5890,0
rep2,2.1913,5891,0
rep2,2.1914,5892,0
rep2,2.1916,5893,0
rep2,2.1917,5894,0
rep2,2.1919,5895,0
rep2,2.1919,5896,0
rep2,2.1921,5897,0
rep2,2.1926,5898,0
rep2,2.1928,5899,0
rep2,2.1929,5900,0
rep2,2.1931,5901,0
rep2,2.1934,5902,0
rep2,2.1934,5903,0
rep2,2.1935,5904,0
rep2,2.1937,5905,0
rep2,2.1938,5906,0
rep2,2.194,5907,0
rep2,2.1943,5908,0
rep2,2.1949,5909,0
rep2,2.195,5910,0
rep2,2.1951,5911,0
rep2,2.1956,5912,0
rep2,2.1956,5913,0
rep2,2.1959,5914,0
rep2,2.196,5915,0
rep2,2.1961,5916,0
rep2,2.1962,5917,0
rep2,2.1966,5918,0
rep2,2.1967,5919,0
rep2,2.1968,5920,0
rep2,2.1969,5921,0
rep2,2.197,5922,0
rep2,2.197,5923,0
rep2,2.1974,5924,0
rep2,2.1975,5925,0
rep2,2.1978,5926,0
rep2,2.1979,5927,0
rep2,2.1982,5928,0
rep2,2.1986,5929,0
rep2,2.1987,5930,0
rep2,2.1988,5931,0
rep2,2.199,5932,0
rep2,2.199,5933,0
rep2,2.1993,5934,0
rep2,2.1995,5935,0
rep2,2.1995,5936,0
rep2,2.1998,5937,0
rep2,2.2001,5938,0
rep2,2.2002,5939,0
rep2,2.2004,5940,0
rep2,2.2005,5941,0
rep2,2.2006,5942,0
rep2,2.2006,5943,0
rep2,2.2009,5944,0
rep2,2.201,5945,0
rep2,2.2011,5946,0
rep2,2.2013,5947,0
rep2,2.2014,5948,0
rep2,2.2017,5949,0
rep2,2.2021,5950,0
rep2,2.2023,5951,0
rep2,2.2023,5952,0
rep2,2.2025,5953,0
rep2,2.2025,5954,0
rep2,2.2026,5955,0
rep2,2.2026,5956,0
rep2,2.2031,5957,0
rep2,2.2032,5958,0
rep2,2.2033,5959,0
rep2,2.2035,5960,0
rep2,2.2036,5961,0
rep2,2.2036,5962,0
rep2,2.2037,5963,0
rep2,2.2037,5964,0
rep2,2.2038,5965,0
rep2,2.2038,5966,0
rep2,2.2038,5967,0
rep2,2.204,5968,0
rep2,2.2041,5969,0
rep2,2.2044,5970,0
rep2,2.2044,5971,0
rep2,2.205,5972,0
rep2,2.2051,5973,0
rep2,2.2052,5974,0
rep2,2.2053,5975,0
rep2,2.2056,5976,0
rep2,2.206,5977,0
rep2,2.206,5978,0
rep2,2.2065,5979,0
rep2,2.2066,5980,0
rep2,2.2071,5981,0
rep2,2.2072,5982,0
rep2,2.2072,5983,0
rep2,2.2075,5984,0
rep2,2.2076,5985,0
rep2,2.2081,5986,0
rep2,2.2081,5987,0
rep2,2.2085,5988,0
rep2,2.2088,5989,0
rep2,2.2088,5990,0
rep2,2.2092,5991,0
rep2,2.2093,5992,0
rep2,2.2102,5993,0
rep2,2.2102,5994,0
rep2,2.2103,5995,0
rep2,2.2104,5996,0
rep2,2.2106,5997,0
rep2,2.2107,5998,0
rep2,2.2109,5999,0
rep2,2.2109,6000,0
rep2,2.2109,6001,0
rep2,2.2112,6002,0
rep2,2.2113,6003,0
rep2,2.2114,6004,0
rep2,2.2116,6005,0
rep2,2.2117,6006,0
rep2,2.2119,6007,0
rep2,2.2119,6008,0
rep2,2.2124,6009,0
rep2,2.2125,6010,0
rep2,2.2125,6011,0
rep2,2.2126,6012,0
rep2,2.2128,6013,0
rep2,2.2129,6014,0
rep2,2.2132,6015,0
rep2,2.2134,6016,0
rep2,2.2137,6017,0
rep2,2.2139,6018,0
rep2,2.2139,6019,0
rep2,2.214,6020,0
rep2,2.2141,6021,0
rep2,2.2141,6022,0
rep2,2.2145,6023,0
rep2,2.2149,6024,0
rep2,2.2149,6025,0
rep2,2.2151,6026,0
rep2,2.2152,6027,0
rep2,2.2153,6028,0
rep2,2.2155,6029,0
rep2,2.2156,6030,0
rep2,2.2156,6031,0
rep2,2.2157,6032,0
rep2,2.2163,6033,0
rep2,2.2164,6034,0
rep2,2.2167,6035,0
rep2,2.2168,6036,0
rep2,2.2169,6037,0
rep2,2.217,6038,0
rep2,2.2172,6039,0
rep2,2.2174,6040,0
rep2,2.2175,6041,0
rep2,2.2176,6042,0
rep2,2.2177,6043,0
rep2,2.2177,6044,0
rep2,2.2178,6045,0
rep2,2.2181,6046,0
rep2,2.2184,6047,0
rep2,2.2187,6048,0
rep2,2.2188,6049,0
rep2,2.219,6050,0
rep2,2.2191,6051,0
rep2,2.2191,6052,0
rep2,2.2192,6053,0
rep2,2.2193,6054,0
rep2,2.2196,6055,0
rep2,2.2198,6056,0
rep2,2.2202,6057,0
rep2,2.2203,6058,0
rep2,2.2205,6059,0
rep2,2.2207,6060,0
rep2,2.2214,6061,0
rep2,2.2215,6062,0
rep2,2.2216,6063,0
rep2,2.2217,6064,0
rep2,2.2222,6065,0
rep2,2.2223,6066,0
rep2,2.2225,6067,0
rep2,2.2226,6068,0
rep2,2.2227,6069,0
rep2,2.2231,6070,0
rep2,2.2231,6071,0
rep2,2.2231,6072,0
rep2,2.2232,6073,0
rep2,2.2235,6074,0
rep2,2.2236,6075,0
rep2,2.2236,6076,0
rep2,2.2236,6077,0
rep2,2.2237,6078,0
rep2,2.2241,6079,0
rep2,2.2242,6080,0
rep2,2.2242,6081,0
rep2,2.2246,6082,0
rep2,2.2246,6083,0
rep2,2.2248,6084,0
rep2,2.2249,6085,0
rep2,2.2249,6086,0
rep2,2.2249,6087,0
rep2,2.2251,6088,0
rep2,2.2253,6089,0
rep3,1.0084,1,0
rep3,1.0085,2,0
rep3,1.0085,3,0
rep3,1.0085,4,0
rep3,1.0087,5,0
rep3,1.0087,6,0
rep3,1.0087,7,0
rep3,1.0087,8,0
rep3,1.0089,9,0
rep3,1.009,10,0
rep3,1.009,11,0
rep3,1.0091,12,0
rep3,1.0091,13,0
rep3,1.0092,14,0
rep3,1.0092,15,0
rep3,1.0092,16,0
rep3,1.0093,17,0
rep3,1.0093,18,0
rep3,1.0094,19,0
rep3,1.0094,20,0
rep3,1.0094,21,0
rep3,1.0094,22,0
rep3,1.0095,23,0
rep3,1.0095,24,0
rep3,1.0096,25,0
rep3,1.0097,26,0
rep3,1.0099,27,0
rep3,1.01,28,0
rep3,1.0101,29,0
rep3,1.0101,30,0
rep3,1.0102,31,0
rep3,1.0103,32,0
rep3,1.0105,33,0
rep3,1.0105,34,0
rep3,1.0105,35,0
rep3,1.0106,36,0
rep3,1.0107,37,0
rep3,1.0107,38,0
rep3,1.0109,39,0
rep3,1.011,40,0
rep3,1.011,41,0
rep3,1.0111,42,0
rep3,1.0111,43,0
rep3,1.0111,44,0
rep3,1.0112,45,0
rep3,1.0113,46,0
rep3,1.0113,47,0
rep3,1.0113,48,0
rep3,1.0114,49,0
rep3,1.0116,50,0
rep3,1.0116,51,0
rep3,1.0116,52,0
rep3,1.0117,53,0
rep3,1.012,54,0
rep3,1.012,55,0
rep3,1.0121,56,0
rep3,1.0121,57,0
rep3,1.0121,58,0
rep3,1.0122,59,0
rep3,1.0122,60,0
rep3,1.0122,61,0
rep3,1.0124,62,0
rep3,1.0125,63,0
rep3,1.0125,64,0
rep3,1.0127,65,0
rep3,1.0128,66,0
rep3,1.0129,67,0
rep3,1.013,68,0
rep3,1.013,69,0
rep3,1.0131,70,0
rep3,1.0131,71,0
rep3,1.0131,72,0
rep3,1.0132,73,0
rep3,1.0134,74,0
rep3,1.0134,75,0
rep3,1.0134,76,0
rep3,1.0135,77,0
rep3,1.0137,78,0
rep3,1.0141,79,0
rep3,1.0141,80,0
rep3,1.0141,81,0
rep3,1.0143,82,0
rep3,1.0144,83,0
rep3,1.0145,84,0
rep3,1.0145,85,0
rep3,1.0145,86,0
rep3,1.0147,87,0
rep3,1.0149,88,0
rep3,1.0149,89,0
rep3,1.015,90,0
rep3,1.0151,91,0
rep3,1.0151,92,0
rep3,1.0152,93,0
rep3,1.0153,94,0
rep3,1.0154,95,0
rep3,1.0155,96,0
rep3,1.0155,97,0
rep3,1.0155,98,0
rep3,1.0156,99,0
rep3,1.0156,100,0
rep3,1.0156,101,0
rep3,1.0158,102,0
rep3,1.0159,103,0
rep3,1.0159,104,0
rep3,1.016,105,0
rep3,1.0161,106,0
rep3,1.0161,107,0
rep3,1.0162,108,0
rep3,1.0162,109,0
rep3,1.0162,110,0
rep3,1.0164,111,0
rep3,1.0166,112,0
rep3,1.0166,113,0
rep3,1.0167,114,0
rep3,1.0167,115,0
rep3,1.0168,116,0
rep3,1.0169,117,0
rep3,1.017,118,0
rep3,1.017,119,0
rep3,1.0171,120,0
rep3,1.0172,121,0
rep3,1.0172,122,0
rep3,1.0173,123,0
rep3,1.0174,124,0
rep3,1.0175,125,0
rep3,1.0178,126,0
rep3,1.0186,127,0
rep3,1.0186,128,0
rep3,1.0188,129,0
rep3,1.0189,130,0
rep3,1.0189,131,0
rep3,1.019,132,0
rep3,1.0191,133,0
rep3,1.0191,134,0
rep3,1.0197,135,0
rep3,1.0198,136,0
rep3,1.0199,137,0
rep3,1.02,138,0
rep3,1.0202,139,0
rep3,1.0202,140,0
rep3,1.0203,141,0
rep3,1.0206,142,0
rep3,1.0206,143,0
rep3,1.0207,144,0
rep3,1.0208,145,0
rep3,1.0208,146,0
rep3,1.0209,147,0
rep3,1.0209,148,0
rep3,1.021,149,0
rep3,1.0212,150,0
rep3,1.0215,151,0
rep3,1.0215,152,0
rep3,1.0217,153,0
rep3,1.022,154,0
rep3,1.0221,155,0
rep3,1.0222,156,0
rep3,1.0222,157,0
rep3,1.0223,158,0
rep3,1.0225,159,0
rep3,1.0229,160,0
rep3,1.0229,161,0
rep3,1.0232,162,0
rep3,1.0233,163,0
rep3,1.0233,164,0
rep3,1.0236,165,0
rep3,1.024,166,0
rep3,1.024,167,0
rep3,1.0245,168,0
rep3,1.0248,169,0
rep3,1.0249,170,0
rep3,1.025,171,0
rep3,1.0255,172,0
rep3,1.0259,173,0
rep3,1.026,174,0
rep3,1.0262,175,0
rep3,1.0264,176,0
rep3,1.0266,177,0
rep3,1.0266,178,0
rep3,1.0268,179,0
rep3,1.0272,180,0
rep3,1.0275,181,0
rep3,1.0276,182,0
rep3,1.0277,183,0
rep3,1.0284,184,0
rep3,1.0289,185,0
rep3,1.029,186,0
rep3,1.0306,187,0
rep3,1.0319,188,0
rep3,1.0333,189,0
rep3,1.0346,190,0
rep3,1.0356,191,0
rep3,1.0361,192,0
rep3,1.0363,193,0
rep3,1.0365,194,0
rep3,1.0373,195,0
rep3,1.038,196,0
rep3,1.0407,197,0
rep3,1.0424,198,0
rep3,1.0424,199,0
rep3,1.0424,200,0
rep3,1.0424,201,0
rep3,1.0424,202,0
rep3,1.0424,203,0
rep3,1.0424,204,0
rep3,1.0424,205,0
rep3,1.0425,206,0
rep3,1.0425,207,0
rep3,1.0425,208,0
rep3,1.0425,209,0
rep3,1.0425,210,0
rep3,1.0425,211,0
rep3,1.0426,212,0
rep3,1.0426,213,0
rep3,1.0426,214,0
rep3,1.0426,215,0
rep3,1.0426,216,0
rep3,1.0427,217,0
rep3,1.0427,218,0
rep3,1.0427,219,0
rep3,1.0427,220,0
rep3,1.0427,221,0
rep3,1.0427,222,0
rep3,1.0427,223,0
rep3,1.0427,224,0
rep3,1.0428,225,0
rep3,1.0428,226,0
rep3,1.0428,227,0
rep3,1.0428,228,0
rep3,1.0428,229,0
rep3,1.0428,230,0
rep3,1.0428,231,0
rep3,1.0428,232,0
rep3,1.0429,233,0
rep3,1.0429,234,0
rep3,1.0429,235,0
rep3,1.0429,236,0
rep3,1.0429,237,0
rep3,1.0429,238,0
rep3,1.0429,239,0
rep3,1.0429,240,0
rep3,1.043,241,0
rep3,1.043,242,0
rep3,1.043,243,0
rep3,1.043,244,0
rep3,1.043,245,0
rep3,1.0431,246,0
rep3,1.0431,247,0
rep3,1.0431,248,0
rep3,1.0431,249,0
rep3,1.0431,250,0
rep3,1.0431,251,0
rep3,1.0432,252,0
rep3,1.0432,253,0
rep3,1.0432,254,0
rep3,1.0432,255,0
rep3,1.0432,256,0
rep3,1.0432,257,0
rep3,1.0433,258,0
rep3,1.0433,259,0
rep3,1.0433,260,0
rep3,1.0433,261,0
rep3,1.0433,262,0
rep3,1.0433,263,0
rep3,1.0434,264,0
rep3,1.0434,265,0
rep3,1.0434,266,0
rep3,1.0434,267,0
rep3,1.0434,268,0
rep3,1.0435,269,0
rep3,1.0435,270,0
rep3,1.0435,271,0
rep3,1.0435,272,0
rep3,1.0435,273,0
rep3,1.0435,274,0
rep3,1.0435,275,0
rep3,1.0436,276,0
rep3,1.0436,277,0
rep3,1.0436,278,0
rep3,1.0436,279,0
rep3,1.0436,280,0
rep3,1.0436,281,0
rep3,1.0436,282,0
rep3,1.0437,283,0
rep3,1.0437,284,0
rep3,1.0437,285,0
rep3,1.0437,286,0
rep3,1.0437,287,0
rep3,1.0437,288,0
rep3,1.0438,289,0
rep3,1.0438,290,0
rep3,1.0438,291,0
rep3,1.0438,292,0
rep3,1.0438,293,0
rep3,1.0438,294,0
rep3,1.0438,295,0
rep3,1.0438,296,0
rep3,1.0438,297,0
rep3,1.0439,298,0
rep3,1.0439,299,0
rep3,1.0439,300,0
rep3,1.0439,301,0
rep3,1.0439,302,0
rep3,1.044,303,0
rep3,1.044,304,0
rep3,1.044,305,0
rep3,1.044,306,0
rep3,1.044,307,0
rep3,1.044,308,0
rep3,1.0441,309,0
rep3,1.0441,310,0
rep3,1.0441,311,0
rep3,1.0441,312,0
rep3,1.0441,313,0
rep3,1.0442,314,0
rep3,1.0442,315,0
rep3,1.0442,316,0
rep3,1.0442,317,0
rep3,1.0442,318,0
rep3,1.0442,319,0
rep3,1.0442,320,0
rep3,1.0443,321,0
rep3,1.0443,322,0
rep3,1.0443,323,0
rep3,1.0443,324,0
rep3,1.0443,325,0
rep3,1.0443,326,0
rep3,1.0443,327,0
rep3,1.0443,328,0
rep3,1.0444,329,0
rep3,1.0444,330,0
rep3,1.0444,331,0
rep3,1.0444,332,0
rep3,1.0444,333,0
rep3,1.0445,334,0
rep3,1.0445,335,0
rep3,1.0445,336,0
rep3,1.0445,337,0
rep3,1.0445,338,0
rep3,1.0445,339,0
rep3,1.0446,340,0
rep3,1.0446,341,0
rep3,1.0446,342,0
rep3,1.0446,343,0
rep3,1.0447,344,0
rep3,1.0447,345,0
rep3,1.0447,346,0
rep3,1.0447,347,0
rep3,1.0448,348,0
rep3,1.0448,349,0
rep3,1.0448,350,0
rep3,1.0448,351,0
rep3,1.0448,352,0
rep3,1.0448,353,0
rep3,1.0449,354,0
rep3,1.0449,355,0
rep3,1.0449,356,0
rep3,1.0449,357,0
rep3,1.0449,358,0
rep3,1.0449,359,0
rep3,1.045,360,0
rep3,1.045,361,0
rep3,1.045,362,0
rep3,1.045,363,0
rep3,1.045,364,0
rep3,1.045,365,0
rep3,1.045,366,0
rep3,1.0451,367,0
rep3,1.0451,368,0
rep3,1.0451,369,0
rep3,1.0451,370,0
rep3,1.0451,371,0
rep3,1.0451,372,0
rep3,1.0452,373,0
rep3,1.0452,374,0
rep3,1.0452,375,0
rep3,1.0452,376,0
rep3,1.0453,377,0
rep3,1.0453,378,0
rep3,1.0453,379,0
rep3,1.0453,380,0
rep3,1.0453,381,0
rep3,1.0453,382,0
rep3,1.0454,383,0
rep3,1.0454,384,0
rep3,1.0454,385,0
rep3,1.0454,386,0
rep3,1.0454,387,0
rep3,1.0455,388,0
rep3,1.0455,389,0
rep3,1.0455,390,0
rep3,1.0455,391,0
rep3,1.0455,392,0
rep3,1.0455,393,0
rep3,1.0456,394,0
rep3,1.0456,395,0
rep3,1.0456,396,0
rep3,1.0456,397,0
rep3,1.0456,398,0
rep3,1.0456,399,0
rep3,1.0456,400,0
rep3,1.0457,401,0
rep3,1.0457,402,0
rep3,1.0457,403,0
rep3,1.0457,404,0
rep3,1.0458,405,0
rep3,1.0458,406,0
rep3,1.0458,407,0
rep3,1.0459,408,0
rep3,1.0459,409,0
rep3,1.0459,410,0
rep3,1.046,411,0
rep3,1.046,412,0
rep3,1.046,413,0
rep3,1.046,414,0
rep3,1.0461,415,0
rep3,1.0461,416,0
rep3,1.0461,417,0
rep3,1.0461,418,0
rep3,1.0461,419,0
rep3,1.0461,420,0
rep3,1.0461,421,0
rep3,1.0461,422,0
rep3,1.0462,423,0
rep3,1.0462,424,0
rep3,1.0462,425,0
rep3,1.0462,426,0
rep3,1.0462,427,0
rep3,1.0463,428,0
rep3,1.0463,429,0
rep3,1.0463,430,0
rep3,1.0463,431,0
rep3,1.0464,432,0
rep3,1.0464,433,0
rep3,1.0464,434,0
rep3,1.0464,435,0
rep3,1.0464,436,0
rep3,1.0464,437,0
rep3,1.0464,438,0
rep3,1.0464,439,0
rep3,1.0465,440,0
rep3,1.0465,441,0
rep3,1.0465,442,0
rep3,1.0465,443,0
rep3,1.0465,444,0
rep3,1.0465,445,0
rep3,1.0466,446,0
rep3,1.0466,447,0
rep3,1.0466,448,0
rep3,1.0466,449,0
rep3,1.0466,450,0
rep3,1.0466,451,0
rep3,1.0467,452,0
rep3,1.0467,453,0
rep3,1.0467,454,0
rep3,1.0468,455,0
rep3,1.0468,456,0
rep3,1.0468,457,0
rep3,1.0468,458,0
rep3,1.0468,459,0
rep3,1.0469,460,0
rep3,1.0469,461,0
rep3,1.0469,462,0
rep3,1.0469,463,0
rep3,1.047,464,0
rep3,1.047,465,0
rep3,1.047,466,0
rep3,1.047,467,0
rep3,1.047,468,0
rep3,1.047,469,0
rep3,1.047,470,0
rep3,1.0471,471,0
rep3,1.0471,472,0
rep3,1.0471,473,0
rep3,1.0471,474,0
rep3,1.0472,475,0
rep3,1.0472,476,0
rep3,1.0472,477,0
rep3,1.0472,478,0
rep3,1.0472,479,0
rep3,1.0473,480,0
rep3,1.0473,481,0
rep3,1.0474,482,0
rep3,1.0474,483,0
rep3,1.0474,484,0
rep3,1.0475,485,0
rep3,1.0475,486,0
rep3,1.0475,487,0
rep3,1.0475,488,0
rep3,1.0475,489,0
rep3,1.0475,490,0
rep3,1.0475,491,0
rep3,1.0476,492,0
rep3,1.0476,493,0
rep3,1.0476,494,0
rep3,1.0476,495,0
rep3,1.0476,496,0
rep3,1.0477,497,0
rep3,1.0477,498,0
rep3,1.0477,499,0
rep3,1.0477,500,0
rep3,1.0477,501,0
rep3,1.0477,502,0
rep3,1.0477,503,0
rep3,1.0478,504,0
rep3,1.0478,505,0
rep3,1.0478,506,0
rep3,1.0478,507,0
rep3,1.0478,508,0
rep3,1.0478,509,0
rep3,1.0479,510,0
rep3,1.0479,511,0
rep3,1.0479,512,0
rep3,1.0479,513,0
rep3,1.0479,514,0
rep3,1.0479,515,0
rep3,1.048,516,0
rep3,1.048,517,0
rep3,1.048,518,0
rep3,1.048,519,0
rep3,1.048,520,0
rep3,1.0481,521,0
rep3,1.0481,522,0
rep3,1.0481,523,0
rep3,1.0481,524,0
rep3,1.0481,525,0
rep3,1.0482,526,0
rep3,1.0482,527,0
rep3,1.0482,528,0
rep3,1.0482,529,0
rep3,1.0482,530,0
rep3,1.0482,531,0
rep3,1.0482,532,0
rep3,1.0483,533,0
rep3,1.0483,534,0
rep3,1.0483,535,0
rep3,1.0483,536,0
rep3,1.0483,537,0
rep3,1.0483,538,0
rep3,1.0484,539,0
rep3,1.0484,540,0
rep3,1.0484,541,0
rep3,1.0485,542,0
rep3,1.0485,543,0
rep3,1.0485,544,0
rep3,1.0485,545,0
rep3,1.0485,546,0
rep3,1.0486,547,0
rep3,1.0486,548,0
rep3,1.0486,549,0
rep3,1.0486,550,0
rep3,1.0486,551,0
rep3,1.0487,552,0
rep3,1.0487,553,0
rep3,1.0487,554,0
rep3,1.0487,555,0
rep3,1.0488,556,0
rep3,1.0488,557,0
rep3,1.0488,558,0
rep3,1.0488,559,0
rep3,1.0488,560,0
rep3,1.0489,561,0
rep3,1.0489,562,0
rep3,1.0489,563,0
rep3,1.0489,564,0
rep3,1.0489,565,0
rep3,1.049,566,0
rep3,1.049,567,0
rep3,1.049,568,0
rep3,1.049,569,0
rep3,1.0491,570,0
rep3,1.0491,571,0
rep3,1.0491,572,0
rep3,1.0491,573,0
rep3,1.0491,574,0
rep3,1.0491,575,0
rep3,1.0491,576,0
rep3,1.0492,577,0
rep3,1.0492,578,0
rep3,1.0492,579,0
rep3,1.0492,580,0
rep3,1.0492,581,0
rep3,1.0493,582,0
rep3,1.0493,583,0
rep3,1.0493,584,0
rep3,1.0493,585,0
rep3,1.0493,586,0
rep3,1.0493,587,0
rep3,1.0494,588,0
rep3,1.0494,589,0
rep3,1.0494,590,0
rep3,1.0494,591,0
rep3,1.0494,592,0
rep3,1.0495,593,0
rep3,1.0495,594,0
rep3,1.0495,595,0
rep3,1.0495,596,0
rep3,1.0495,597,0
rep3,1.0495,598,0
rep3,1.0496,599,0
rep3,1.0496,600,0
rep3,1.0496,601,0
rep3,1.0496,602,0
rep3,1.0496,603,0
rep3,1.0497,604,0
rep3,1.0497,605,0
rep3,1.0497,606,0
rep3,1.0497,607,0
rep3,1.0497,608,0
rep3,1.0497,609,0
rep3,1.0497,610,0
rep3,1.0497,611,0
rep3,1.0498,612,0
rep3,1.0498,613,0
rep3,1.0498,614,0
rep3,1.0498,615,0
rep3,1.0498,616,0
rep3,1.0499,617,0
rep3,1.0499,618,0
rep3,1.0499,619,0
rep3,1.0499,620,0
rep3,1.0499,621,0
rep3,1.05,622,0
rep3,1.05,623,0
rep3,1.05,624,0
rep3,1.05,625,0
rep3,1.0501,626,0
rep3,1.0501,627,0
rep3,1.0501,628,0
rep3,1.0501,629,0
rep3,1.0501,630,0
rep3,1.0501,631,0
rep3,1.0502,632,0
rep3,1.0502,633,0
rep3,1.0502,634,0
rep3,1.0503,635,0
rep3,1.0503,636,0
rep3,1.0504,637,0
rep3,1.0504,638,0
rep3,1.0504,639,0
rep3,1.0504,640,0
rep3,1.0504,641,0
rep3,1.0504,642,0
rep3,1.0504,643,0
rep3,1.0505,644,0
rep3,1.0505,645,0
rep3,1.0505,646,0
rep3,1.0506,647,0
rep3,1.0506,648,0
rep3,1.0506,649,0
rep3,1.0507,650,0
rep3,1.0507,651,0
rep3,1.0507,652,0
rep3,1.0507,653,0
rep3,1.0507,654,0
rep3,1.0507,655,0
rep3,1.0507,656,0
rep3,1.0507,657,0
rep3,1.0508,658,0
rep3,1.0509,659,0
rep3,1.0509,660,0
rep3,1.051,661,0
rep3,1.051,662,0
rep3,1.0511,663,0
rep3,1.0511,664,0
rep3,1.0512,665,0
rep3,1.0512,666,0
rep3,1.0512,667,0
rep3,1.0512,668,0
rep3,1.0512,669,0
rep3,1.0513,670,0
rep3,1.0513,671,0
rep3,1.0514,672,0
rep3,1.0515,673,0
rep3,1.0515,674,0
rep3,1.0515,675,0
rep3,1.0515,676,0
rep3,1.0515,677,0
rep3,1.0515,678,0
rep3,1.0516,679,0
rep3,1.0516,680,0
rep3,1.0516,681,0
rep3,1.0516,682,0
rep3,1.0517,683,0
rep3,1.0517,684,0
rep3,1.0517,685,0
rep3,1.0518,686,0
rep3,1.0518,687,0
rep3,1.0518,688,0
rep3,1.0518,689,0
rep3,1.0519,690,0
rep3,1.0519,691,0
rep3,1.0519,692,0
rep3,1.0519,693,0
rep3,1.0521,694,0
rep3,1.0521,695,0
rep3,1.0521,696,0
rep3,1.0521,697,0
rep3,1.0521,698,0
rep3,1.0522,699,0
rep3,1.0522,700,0
rep3,1.0522,701,0
rep3,1.0522,702,0
rep3,1.0522,703,0
rep3,1.0523,704,0
rep3,1.0523,705,0
rep3,1.0523,706,0
rep3,1.0523,707,0
rep3,1.0524,708,0
rep3,1.0524,709,0
rep3,1.0525,710,0
rep3,1.0525,711,0
rep3,1.0525,712,0
rep3,1.0525,713,0
rep3,1.0525,714,0
rep3,1.0525,715,0
rep3,1.0526,716,0
rep3,1.0526,717,0
rep3,1.0526,718,0
rep3,1.0526,719,0
rep3,1.0526,720,0
rep3,1.0526,721,0
rep3,1.0527,722,0
rep3,1.0527,723,0
rep3,1.0528,724,0
rep3,1.0528,725,0
rep3,1.0528,726,0
rep3,1.0529,727,0
rep3,1.0529,728,0
rep3,1.0529,729,0
rep3,1.0529,730,0
rep3,1.0529,731,0
rep3,1.0529,732,0
rep3,1.053,733,0
rep3,1.053,734,0
rep3,1.053,735,0
rep3,1.053,736,0
rep3,1.0531,737,0
rep3,1.0531,738,0
rep3,1.0531,739,0
rep3,1.0531,740,0
rep3,1.0531,741,0
rep3,1.0532,742,0
rep3,1.0532,743,0
rep3,1.0532,744,0
rep3,1.0532,745,0
rep3,1.0532,746,0
rep3,1.0532,747,0
rep3,1.0533,748,0
rep3,1.0533,749,0
rep3,1.0533,750,0
rep3,1.0534,751,0
rep3,1.0534,752,0
rep3,1.0534,753,0
rep3,1.0534,754,0
rep3,1.0534,755,0
rep3,1.0535,756,0
rep3,1.0535,757,0
rep3,1.0535,758,0
rep3,1.0535,759,0
rep3,1.0536,760,0
rep3,1.0536,761,0
rep3,1.0537,762,0
rep3,1.0537,763,0
rep3,1.0537,764,0
rep3,1.0537,765,0
rep3,1.0538,766,0
rep3,1.0538,767,0
rep3,1.0538,768,0
rep3,1.0538,769,0
rep3,1.0539,770,0
rep3,1.0539,771,0
rep3,1.0539,772,0
rep3,1.054,773,0
rep3,1.054,774,0
rep3,1.054,775,0
rep3,1.054,776,0
rep3,1.0541,777,0
rep3,1.0541,778,0
rep3,1.0541,779,0
rep3,1.0541,780,0
rep3,1.0542,781,0
rep3,1.0542,782,0
rep3,1.0543,783,0
rep3,1.0543,784,0
rep3,1.0544,785,0
rep3,1.0544,786,0
rep3,1.0544,787,0
rep3,1.0544,788,0
rep3,1.0545,789,0
rep3,1.0546,790,0
rep3,1.0546,791,0
rep3,1.0546,792,0
rep3,1.0547,793,0
rep3,1.0547,794,0
rep3,1.0548,795,0
rep3,1.0548,796,0
rep3,1.0548,797,0
rep3,1.0548,798,0
rep3,1.0548,799,0
rep3,1.0548,800,0
rep3,1.0549,801,0
rep3,1.0549,802,0
rep3,1.055,803,0
rep3,1.055,804,0
rep3,1.055,805,0
rep3,1.055,806,0
rep3,1.055,807,0
rep3,1.0551,808,0
rep3,1.0551,809,0
rep3,1.0551,810,0
rep3,1.0552,811,0
rep3,1.0552,812,0
rep3,1.0552,813,0
rep3,1.0553,814,0
rep3,1.0553,815,0
rep3,1.0553,816,0
rep3,1.0554,817,0
rep3,1.0554,818,0
rep3,1.0554,819,0
rep3,1.0554,820,0
rep3,1.0555,821,0
rep3,1.0555,822,0
rep3,1.0556,823,0
rep3,1.0556,824,0
rep3,1.0556,825,0
rep3,1.0556,826,0
rep3,1.0556,827,0
rep3,1.0557,828,0
rep3,1.0557,829,0
rep3,1.0557,830,0
rep3,1.0558,831,0
rep3,1.0558,832,0
rep3,1.0558,833,0
rep3,1.0559,834,0
rep3,1.0559,835,0
rep3,1.0559,836,0
rep3,1.0559,837,0
rep3,1.056,838,0
rep3,1.056,839,0
rep3,1.056,840,0
rep3,1.056,841,0
rep3,1.0561,842,0
rep3,1.0562,843,0
rep3,1.0562,844,0
rep3,1.0562,845,0
rep3,1.0563,846,0
rep3,1.0563,847,0
rep3,1.0563,848,0
rep3,1.0563,849,0
rep3,1.0563,850,0
rep3,1.0564,851,0
rep3,1.0564,852,0
rep3,1.0564,853,0
rep3,1.0565,854,0
rep3,1.0566,855,0
rep3,1.0566,856,0
rep3,1.0567,857,0
rep3,1.0567,858,0
rep3,1.0567,859,0
rep3,1.0568,860,0
rep3,1.0568,861,0
rep3,1.0568,862,0
rep3,1.0569,863,0
rep3,1.0569,864,0
rep3,1.0571,865,0
rep3,1.0571,866,0
rep3,1.0571,867,0
rep3,1.0571,868,0
rep3,1.0571,869,0
rep3,1.0572,870,0
rep3,1.0573,871,0
rep3,1.0573,872,0
rep3,1.0574,873,0
rep3,1.0574,874,0
rep3,1.0575,875,0
rep3,1.0575,876,0
rep3,1.0576,877,0
rep3,1.0576,878,0
rep3,1.0577,879,0
rep3,1.0577,880,0
rep3,1.0577,881,0
rep3,1.0578,882,0
rep3,1.0578,883,0
rep3,1.058,884,0
rep3,1.0581,885,0
rep3,1.0581,886,0
rep3,1.0582,887,0
rep3,1.0582,888,0
rep3,1.0583,889,0
rep3,1.0584,890,0
rep3,1.0584,891,0
rep3,1.0584,892,0
rep3,1.0585,893,0
rep3,1.0585,894,0
rep3,1.0585,895,0
rep3,1.0585,896,0
rep3,1.0585,897,0
rep3,1.0586,898,0
rep3,1.0587,899,0
rep3,1.0587,900,0
rep3,1.0587,901,0
rep3,1.0588,902,0
rep3,1.0589,903,0
rep3,1.0589,904,0
rep3,1.059,905,0
rep3,1.059,906,0
rep3,1.059,907,0
rep3,1.0591,908,0
rep3,1.0591,909,0
rep3,1.0591,910,0
rep3,1.0592,911,0
rep3,1.0593,912,0
rep3,1.0593,913,0
rep3,1.0594,914,0
rep3,1.0594,915,0
rep3,1.0594,916,0
rep3,1.0594,917,0
rep3,1.0595,918,0
rep3,1.0596,919,0
rep3,1.0596,920,0
rep3,1.0597,921,0
rep3,1.0597,922,0
rep3,1.0597,923,0
rep3,1.0599,924,0
rep3,1.0599,925,0
rep3,1.0599,926,0
rep3,1.06,927,0
rep3,1.06,928,0
rep3,1.06,929,0
rep3,1.06,930,0
rep3,1.06,931,0
rep3,1.0601,932,0
rep3,1.0602,933,0
rep3,1.0602,934,0
rep3,1.0603,935,0
rep3,1.0604,936,0
rep3,1.0604,937,0
rep3,1.0605,938,0
rep3,1.0605,939,0
rep3,1.0605,940,0
rep3,1.0605,941,0
rep3,1.0606,942,0
rep3,1.0606,943,0
rep3,1.0607,944,0
rep3,1.0608,945,0
rep3,1.0608,946,0
rep3,1.0609,947,0
rep3,1.0609,948,0
rep3,1.0609,949,0
rep3,1.061,950,0
rep3,1.061,951,0
rep3,1.0611,952,0
rep3,1.0611,953,0
rep3,1.0612,954,0
rep3,1.0613,955,0
rep3,1.0614,956,0
rep3,1.0615,957,0
rep3,1.0617,958,0
rep3,1.0617,959,0
rep3,1.0618,960,0
rep3,1.0619,961,0
rep3,1.0619,962,0
rep3,1.062,963,0
rep3,1.062,964,0
rep3,1.0621,965,0
rep3,1.0622,966,0
rep3,1.0622,967,0
rep3,1.0623,968,0
rep3,1.0623,969,0
rep3,1.0623,970,0
rep3,1.0624,971,0
rep3,1.0624,972,0
rep3,1.0624,973,0
rep3,1.0624,974,0
rep3,1.0625,975,0
rep3,1.0625,976,0
rep3,1.0625,977,0
rep3,1.0626,978,0
rep3,1.0626,979,0
rep3,1.0626,980,0
rep3,1.0626,981,0
rep3,1.0626,982,0
rep3,1.0627,983,0
rep3,1.0627,984,0
rep3,1.0628,985,0
rep3,1.0629,986,0
rep3,1.0629,987,0
rep3,1.0629,988,0
rep3,1.0629,989,0
rep3,1.063,990,0
rep3,1.063,991,0
rep3,1.0631,992,0
rep3,1.0631,993,0
rep3,1.0632,994,0
rep3,1.0633,995,0
rep3,1.0633,996,0
rep3,1.0634,997,0
rep3,1.0635,998,0
rep3,1.0635,999,0
rep3,1.0635,1000,0
rep3,1.0636,1001,0
rep3,1.0636,1002,0
rep3,1.0636,1003,0
rep3,1.0637,1004,0
rep3,1.0638,1005,0
rep3,1.0638,1006,0
rep3,1.0639,1007,0
rep3,1.064,1008,0
rep3,1.064,1009,0
rep3,1.0641,1010,0
rep3,1.0641,1011,0
rep3,1.0642,1012,0
rep3,1.0642,1013,0
rep3,1.0643,1014,0
rep3,1.0643,1015,0
rep3,1.0643,1016,0
rep3,1.0643,1017,0
rep3,1.0644,1018,0
rep3,1.0646,1019,0
rep3,1.0646,1020,0
rep3,1.0646,1021,0
rep3,1.0647,1022,0
rep3,1.0647,1023,0
rep3,1.0648,1024,0
rep3,1.0648,1025,0
rep3,1.0649,1026,0
rep3,1.065,1027,0
rep3,1.065,1028,0
rep3,1.065,1029,0
rep3,1.0651,1030,0
rep3,1.0652,1031,0
rep3,1.0652,1032,0
rep3,1.0652,1033,0
rep3,1.0653,1034,0
rep3,1.0654,1035,0
rep3,1.0654,1036,0
rep3,1.0655,1037,0
rep3,1.0655,1038,0
rep3,1.0656,1039,0
rep3,1.0657,1040,0
rep3,1.0658,1041,0
rep3,1.0658,1042,0
rep3,1.0658,1043,0
rep3,1.0659,1044,0
rep3,1.0661,1045,0
rep3,1.0661,1046,0
rep3,1.0663,1047,0
rep3,1.0663,1048,0
rep3,1.0663,1049,0
rep3,1.0664,1050,0
rep3,1.0664,1051,0
rep3,1.0665,1052,0
rep3,1.0667,1053,0
rep3,1.0667,1054,0
rep3,1.0667,1055,0
rep3,1.067,1056,0
rep3,1.067,1057,0
rep3,1.0671,1058,0
rep3,1.0672,1059,0
rep3,1.0672,1060,0
rep3,1.0672,1061,0
rep3,1.0673,1062,0
rep3,1.0674,1063,0
rep3,1.0674,1064,0
rep3,1.0675,1065,0
rep3,1.0676,1066,0
rep3,1.0677,1067,0
rep3,1.0678,1068,0
rep3,1.0678,1069,0
rep3,1.0678,1070,0
rep3,1.0678,1071,0
rep3,1.0679,1072,0
rep3,1.068,1073,0
rep3,1.0682,1074,0
rep3,1.0682,1075,0
rep3,1.0682,1076,0
rep3,1.0683,1077,0
rep3,1.0684,1078,0
rep3,1.0684,1079,0
rep3,1.0685,1080,0
rep3,1.0686,1081,0
rep3,1.0687,1082,0
rep3,1.0688,1083,0
rep3,1.0688,1084,0
rep3,1.0689,1085,0
rep3,1.069,1086,0
rep3,1.069,1087,0
rep3,1.069,1088,0
rep3,1.0691,1089,0
rep3,1.0691,1090,0
rep3,1.0692,1091,0
rep3,1.0693,1092,0
rep3,1.0693,1093,0
rep3,1.0698,1094,0
rep3,1.0699,1095,0
rep3,1.0699,1096,0
rep3,1.07,1097,0
rep3,1.07,1098,0
rep3,1.07,1099,0
rep3,1.0701,1100,0
rep3,1.0702,1101,0
rep3,1.0703,1102,0
rep3,1.0704,1103,0
rep3,1.0704,1104,0
rep3,1.0705,1105,0
rep3,1.0707,1106,0
rep3,1.0707,1107,0
rep3,1.0707,1108,0
rep3,1.071,1109,0
rep3,1.0711,1110,0
rep3,1.0711,1111,0
rep3,1.0712,1112,0
rep3,1.0713,1113,0
rep3,1.0713,1114,0
rep3,1.0714,1115,0
rep3,1.0714,1116,0
rep3,1.0715,1117,0
rep3,1.0715,1118,0
rep3,1.0716,1119,0
rep3,1.0716,1120,0
rep3,1.0717,1121,0
rep3,1.0717,1122,0
rep3,1.0719,1123,0
rep3,1.0721,1124,0
rep3,1.0723,1125,0
rep3,1.0723,1126,0
rep3,1.0723,1127,0
rep3,1.0726,1128,0
rep3,1.0727,1129,0
rep3,1.0727,1130,0
rep3,1.0728,1131,0
rep3,1.0729,1132,0
rep3,1.0729,1133,0
rep3,1.073,1134,0
rep3,1.0732,1135,0
rep3,1.0733,1136,0
rep3,1.0733,1137,0
rep3,1.0734,1138,0
rep3,1.0739,1139,0
rep3,1.0742,1140,0
rep3,1.0743,1141,0
rep3,1.0744,1142,0
rep3,1.0745,1143,0
rep3,1.0746,1144,0
rep3,1.0747,1145,0
rep3,1.0748,1146,0
rep3,1.0749,1147,0
rep3,1.075,1148,0
rep3,1.0753,1149,0
rep3,1.0754,1150,0
rep3,1.0756,1151,0
rep3,1.0757,1152,0
rep3,1.0757,1153,0
rep3,1.0759,1154,0
rep3,1.0759,1155,0
rep3,1.076,1156,0
rep3,1.0761,1157,0
rep3,1.0761,1158,0
rep3,1.0761,1159,0
rep3,1.0762,1160,0
rep3,1.0762,1161,0
rep3,1.0763,1162,0
rep3,1.0763,1163,0
rep3,1.0764,1164,0
rep3,1.0764,1165,0
rep3,1.0765,1166,0
rep3,1.0765,1167,0
rep3,1.0765,1168,0
rep3,1.0765,1169,0
rep3,1.0767,1170,0
rep3,1.0767,1171,0
rep3,1.0767,1172,0
rep3,1.0767,1173,0
rep3,1.0768,1174,0
rep3,1.0769,1175,0
rep3,1.0769,1176,0
rep3,1.0769,1177,0
rep3,1.077,1178,0
rep3,1.0771,1179,0
rep3,1.0772,1180,0
rep3,1.0772,1181,0
rep3,1.0772,1182,0
rep3,1.0772,1183,0
rep3,1.0773,1184,0
rep3,1.0773,1185,0
rep3,1.0774,1186,0
rep3,1.0774,1187,0
rep3,1.0774,1188,0
rep3,1.0774,1189,0
rep3,1.0776,1190,0
rep3,1.0776,1191,0
rep3,1.0776,1192,0
rep3,1.0776,1193,0
rep3,1.0776,1194,0
rep3,1.0777,1195,0
rep3,1.0777,1196,0
rep3,1.0778,1197,0
rep3,1.0778,1198,0
rep3,1.0778,1199,0
rep3,1.0778,1200,0
rep3,1.0779,1201,0
rep3,1.0779,1202,0
rep3,1.078,1203,0
rep3,1.078,1204,0
rep3,1.078,1205,0
rep3,1.0781,1206,0
rep3,1.0781,1207,0
rep3,1.0781,1208,0
rep3,1.0781,1209,0
rep3,1.0782,1210,0
rep3,1.0782,1211,0
rep3,1.0782,1212,0
rep3,1.0782,1213,0
rep3,1.0783,1214,0
rep3,1.0784,1215,0
rep3,1.0784,1216,0
rep3,1.0784,1217,0
rep3,1.0784,1218,0
rep3,1.0785,1219,0
rep3,1.0786,1220,0
rep3,1.0787,1221,0
rep3,1.0788,1222,0
rep3,1.0788,1223,0
rep3,1.0788,1224,0
rep3,1.0788,1225,0
rep3,1.0789,1226,0
rep3,1.0789,1227,0
rep3,1.0789,1228,0
rep3,1.079,1229,0
rep3,1.079,1230,0
rep3,1.0791,1231,0
rep3,1.0792,1232,0
rep3,1.0792,1233,0
rep3,1.0792,1234,0
rep3,1.0792,1235,0
rep3,1.0793,1236,0
rep3,1.0793,1237,0
rep3,1.0794,1238,0
rep3,1.0794,1239,0
rep3,1.0794,1240,0
rep3,1.0795,1241,0
rep3,1.0795,1242,0
rep3,1.0795,1243,0
rep3,1.0795,1244,0
rep3,1.0795,1245,0
rep3,1.0796,1246,0
rep3,1.0796,1247,0
rep3,1.0796,1248,0
rep3,1.0798,1249,0
rep3,1.0798,1250,0
rep3,1.0798,1251,0
rep3,1.0799,1252,0
rep3,1.0799,1253,0
rep3,1.0799,1254,0
rep3,1.08,1255,0
rep3,1.08,1256,0
rep3,1.0801,1257,0
rep3,1.0801,1258,0
rep3,1.0801,1259,0
rep3,1.0801,1260,0
rep3,1.0802,1261,0
rep3,1.0802,1262,0
rep3,1.0802,1263,0
rep3,1.0803,1264,0
rep3,1.0803,1265,0
rep3,1.0805,1266,0
rep3,1.0806,1267,0
rep3,1.0806,1268,0
rep3,1.0807,1269,0
rep3,1.0808,1270,0
rep3,1.0808,1271,0
rep3,1.0809,1272,0
rep3,1.081,1273,0
rep3,1.081,1274,0
rep3,1.081,1275,0
rep3,1.081,1276,0
rep3,1.0812,1277,0
rep3,1.0812,1278,0
rep3,1.0813,1279,0
rep3,1.0813,1280,0
rep3,1.0815,1281,0
rep3,1.0815,1282,0
rep3,1.0816,1283,0
rep3,1.0816,1284,0
rep3,1.0816,1285,0
rep3,1.0817,1286,0
rep3,1.0817,1287,0
rep3,1.0817,1288,0
rep3,1.0818,1289,0
rep3,1.0818,1290,0
rep3,1.0818,1291,0
rep3,1.0819,1292,0
rep3,1.0819,1293,0
rep3,1.0819,1294,0
rep3,1.0819,1295,0
rep3,1.082,1296,0
rep3,1.082,1297,0
rep3,1.0821,1298,0
rep3,1.0821,1299,0
rep3,1.0822,1300,0
rep3,1.0823,1301,0
rep3,1.0823,1302,0
rep3,1.0823,1303,0
rep3,1.0824,1304,0
rep3,1.0825,1305,0
rep3,1.0825,1306,0
rep3,1.0827,1307,0
rep3,1.0827,1308,0
rep3,1.0828,1309,0
rep3,1.0828,1310,0
rep3,1.0829,1311,0
rep3,1.0829,1312,0
rep3,1.0829,1313,0
rep3,1.0829,1314,0
rep3,1.0829,1315,0
rep3,1.083,1316,0
rep3,1.083,1317,0
rep3,1.0831,1318,0
rep3,1.0831,1319,0
rep3,1.0832,1320,0
rep3,1.0832,1321,0
rep3,1.0832,1322,0
rep3,1.0834,1323,0
rep3,1.0835,1324,0
rep3,1.0835,1325,0
rep3,1.0836,1326,0
rep3,1.0837,1327,0
rep3,1.0837,1328,0
rep3,1.0837,1329,0
rep3,1.0838,1330,0
rep3,1.0838,1331,0
rep3,1.0839,1332,0
rep3,1.0839,1333,0
rep3,1.084,1334,0
rep3,1.084,1335,0
rep3,1.084,1336,0
rep3,1.084,1337,0
rep3,1.0841,1338,0
rep3,1.0841,1339,0
rep3,1.0841,1340,0
rep3,1.0842,1341,0
rep3,1.0842,1342,0
rep3,1.0843,1343,0
rep3,1.0843,1344,0
rep3,1.0844,1345,0
rep3,1.0845,1346,0
rep3,1.0845,1347,0
rep3,1.0845,1348,0
rep3,1.0846,1349,0
rep3,1.0846,1350,0
rep3,1.0847,1351,0
rep3,1.0847,1352,0
rep3,1.0848,1353,0
rep3,1.0848,1354,0
rep3,1.0848,1355,0
rep3,1.0848,1356,0
rep3,1.0849,1357,0
rep3,1.085,1358,0
rep3,1.0851,1359,0
rep3,1.0851,1360,0
rep3,1.0852,1361,0
rep3,1.0853,1362,0
rep3,1.0853,1363,0
rep3,1.0854,1364,0
rep3,1.0855,1365,0
rep3,1.0855,1366,0
rep3,1.0856,1367,0
rep3,1.0856,1368,0
rep3,1.0856,1369,0
rep3,1.0856,1370,0
rep3,1.0858,1371,0
rep3,1.0859,1372,0
rep3,1.086,1373,0
rep3,1.0861,1374,0
rep3,1.0861,1375,0
rep3,1.0862,1376,0
rep3,1.0863,1377,0
rep3,1.0864,1378,0
rep3,1.0864,1379,0
rep3,1.0864,1380,0
rep3,1.0865,1381,0
rep3,1.0865,1382,0
rep3,1.0866,1383,0
rep3,1.0866,1384,0
rep3,1.0866,1385,0
rep3,1.0867,1386,0
rep3,1.0867,1387,0
rep3,1.0868,1388,0
rep3,1.0868,1389,0
rep3,1.0868,1390,0
rep3,1.0869,1391,0
rep3,1.0869,1392,0
rep3,1.087,1393,0
rep3,1.087,1394,0
rep3,1.0871,1395,0
rep3,1.0871,1396,0
rep3,1.0871,1397,0
rep3,1.0872,1398,0
rep3,1.0872,1399,0
rep3,1.0873,1400,0
rep3,1.0873,1401,0
rep3,1.0873,1402,0
rep3,1.0874,1403,0
rep3,1.0874,1404,0
rep3,1.0874,1405,0
rep3,1.0875,1406,0
rep3,1.0875,1407,0
rep3,1.0875,1408,0
rep3,1.0875,1409,0
rep3,1.0876,1410,0
rep3,1.0877,1411,0
rep3,1.0879,1412,0
rep3,1.0879,1413,0
rep3,1.088,1414,0
rep3,1.088,1415,0
rep3,1.0881,1416,0
rep3,1.0882,1417,0
rep3,1.0883,1418,0
rep3,1.0884,1419,0
rep3,1.0884,1420,0
rep3,1.0885,1421,0
rep3,1.0885,1422,0
rep3,1.0885,1423,0
rep3,1.0887,1424,0
rep3,1.0887,1425,0
rep3,1.0887,1426,0
rep3,1.0888,1427,0
rep3,1.0889,1428,0
rep3,1.0889,1429,0
rep3,1.0889,1430,0
rep3,1.0889,1431,0
rep3,1.089,1432,0
rep3,1.089,1433,0
rep3,1.089,1434,0
rep3,1.0891,1435,0
rep3,1.0892,1436,0
rep3,1.0892,1437,0
rep3,1.0893,1438,0
rep3,1.0893,1439,0
rep3,1.0893,1440,0
rep3,1.0893,1441,0
rep3,1.0895,1442,0
rep3,1.0895,1443,0
rep3,1.0895,1444,0
rep3,1.0896,1445,0
rep3,1.0897,1446,0
rep3,1.0898,1447,0
rep3,1.0899,1448,0
rep3,1.0901,1449,0
rep3,1.0903,1450,0
rep3,1.0903,1451,0
rep3,1.0904,1452,0
rep3,1.0905,1453,0
rep3,1.0908,1454,0
rep3,1.0908,1455,0
rep3,1.0909,1456,0
rep3,1.091,1457,0
rep3,1.0911,1458,0
rep3,1.0911,1459,0
rep3,1.0912,1460,0
rep3,1.0912,1461,0
rep3,1.0913,1462,0
rep3,1.0913,1463,0
rep3,1.0913,1464,0
rep3,1.0913,1465,0
rep3,1.0914,1466,0
rep3,1.0914,1467,0
rep3,1.0915,1468,0
rep3,1.0916,1469,0
rep3,1.0917,1470,0
rep3,1.0918,1471,0
rep3,1.0918,1472,0
rep3,1.0919,1473,0
rep3,1.092,1474,0
rep3,1.092,1475,0
rep3,1.0921,1476,0
rep3,1.0923,1477,0
rep3,1.0923,1478,0
rep3,1.0926,1479,0
rep3,1.0927,1480,0
rep3,1.0927,1481,0
rep3,1.0927,1482,0
rep3,1.0928,1483,0
rep3,1.0929,1484,0
rep3,1.093,1485,0
rep3,1.0931,1486,0
rep3,1.0931,1487,0
rep3,1.0931,1488,0
rep3,1.0931,1489,0
rep3,1.0932,1490,0
rep3,1.0933,1491,0
rep3,1.0934,1492,0
rep3,1.0934,1493,0
rep3,1.0935,1494,0
rep3,1.0936,1495,0
rep3,1.0936,1496,0
rep3,1.0937,1497,0
rep3,1.0938,1498,0
rep3,1.0939,1499,0
rep3,1.094,1500,0
rep3,1.094,1501,0
rep3,1.0942,1502,0
rep3,1.0943,1503,0
rep3,1.0943,1504,0
rep3,1.0944,1505,0
rep3,1.0945,1506,0
rep3,1.0945,1507,0
rep3,1.0946,1508,0
rep3,1.0946,1509,0
rep3,1.0948,1510,0
rep3,1.0948,1511,0
rep3,1.0949,1512,0
rep3,1.0949,1513,0
rep3,1.095,1514,0
rep3,1.095,1515,0
rep3,1.0951,1516,0
rep3,1.0952,1517,0
rep3,1.0952,1518,0
rep3,1.0953,1519,0
rep3,1.0954,1520,0
rep3,1.0954,1521,0
rep3,1.0955,1522,0
rep3,1.0956,1523,0
rep3,1.0957,1524,0
rep3,1.0958,1525,0
rep3,1.0958,1526,0
rep3,1.0958,1527,0
rep3,1.0959,1528,0
rep3,1.0959,1529,0
rep3,1.096,1530,0
rep3,1.096,1531,0
rep3,1.0961,1532,0
rep3,1.0961,1533,0
rep3,1.0963,1534,0
rep3,1.0963,1535,0
rep3,1.0964,1536,0
rep3,1.0965,1537,0
rep3,1.0966,1538,0
rep3,1.0966,1539,0
rep3,1.0966,1540,0
rep3,1.0967,1541,0
rep3,1.0967,1542,0
rep3,1.0969,1543,0
rep3,1.0969,1544,0
rep3,1.097,1545,0
rep3,1.0971,1546,0
rep3,1.0971,1547,0
rep3,1.0972,1548,0
rep3,1.0972,1549,0
rep3,1.0973,1550,0
rep3,1.0974,1551,0
rep3,1.0974,1552,0
rep3,1.0975,1553,0
rep3,1.0976,1554,0
rep3,1.0976,1555,0
rep3,1.0978,1556,0
rep3,1.0978,1557,0
rep3,1.0979,1558,0
rep3,1.0979,1559,0
rep3,1.0979,1560,0
rep3,1.098,1561,0
rep3,1.0982,1562,0
rep3,1.0983,1563,0
rep3,1.0983,1564,0
rep3,1.0983,1565,0
rep3,1.0984,1566,0
rep3,1.0986,1567,0
rep3,1.0987,1568,0
rep3,1.0987,1569,0
rep3,1.0988,1570,0
rep3,1.0988,1571,0
rep3,1.0989,1572,0
rep3,1.0989,1573,0
rep3,1.099,1574,0
rep3,1.099,1575,0
rep3,1.0991,1576,0
rep3,1.0992,1577,0
rep3,1.0993,1578,0
rep3,1.0995,1579,0
rep3,1.0996,1580,0
rep3,1.0997,1581,0
rep3,1.0997,1582,0
rep3,1.0999,1583,0
rep3,1.1,1584,0
rep3,1.1001,1585,0
rep3,1.1002,1586,0
rep3,1.1002,1587,0
rep3,1.1005,1588,0
rep3,1.1005,1589,0
rep3,1.1006,1590,0
rep3,1.1007,1591,0
rep3,1.1007,1592,0
rep3,1.1008,1593,0
rep3,1.1009,1594,0
rep3,1.101,1595,0
rep3,1.101,1596,0
rep3,1.101,1597,0
rep3,1.101,1598,0
rep3,1.101,1599,0
rep3,1.1012,1600,0
rep3,1.1013,1601,0
rep3,1.1014,1602,0
rep3,1.1015,1603,0
rep3,1.1016,1604,0
rep3,1.1017,1605,0
rep3,1.1017,1606,0
rep3,1.1017,1607,0
rep3,1.1018,1608,0
rep3,1.1018,1609,0
rep3,1.102,1610,0
rep3,1.102,1611,0
rep3,1.102,1612,0
rep3,1.1021,1613,0
rep3,1.1023,1614,0
rep3,1.1024,1615,0
rep3,1.1024,1616,0
rep3,1.1025,1617,0
rep3,1.1027,1618,0
rep3,1.1027,1619,0
rep3,1.1028,1620,0
rep3,1.1029,1621,0
rep3,1.1029,1622,0
rep3,1.103,1623,0
rep3,1.103,1624,0
rep3,1.103,1625,0
rep3,1.1032,1626,0
rep3,1.1032,1627,0
rep3,1.1034,1628,0
rep3,1.1034,1629,0
rep3,1.1035,1630,0
rep3,1.1036,1631,0
rep3,1.1036,1632,0
rep3,1.1036,1633,0
rep3,1.1038,1634,0
rep3,1.1038,1635,0
rep3,1.1039,1636,0
rep3,1.104,1637,0
rep3,1.1041,1638,0
rep3,1.1041,1639,0
rep3,1.1042,1640,0
rep3,1.1043,1641,0
rep3,1.1045,1642,0
rep3,1.1045,1643,0
rep3,1.1046,1644,0
rep3,1.1047,1645,0
rep3,1.1047,1646,0
rep3,1.1049,1647,0
rep3,1.1049,1648,0
rep3,1.105,1649,0
rep3,1.1051,1650,0
rep3,1.1051,1651,0
rep3,1.1052,1652,0
rep3,1.1053,1653,0
rep3,1.1053,1654,0
rep3,1.1054,1655,0
rep3,1.1054,1656,0
rep3,1.1056,1657,0
rep3,1.1056,1658,0
rep3,1.1058,1659,0
rep3,1.1059,1660,0
rep3,1.106,1661,0
rep3,1.1061,1662,0
rep3,1.1066,1663,0
rep3,1.1069,1664,0
rep3,1.1069,1665,0
rep3,1.107,1666,0
rep3,1.1071,1667,0
rep3,1.1071,1668,0
rep3,1.1071,1669,0
rep3,1.1072,1670,0
rep3,1.1074,1671,0
rep3,1.1074,1672,0
rep3,1.1075,1673,0
rep3,1.1076,1674,0
rep3,1.1078,1675,0
rep3,1.1081,1676,0
rep3,1.1081,1677,0
rep3,1.1082,1678,0
rep3,1.1082,1679,0
rep3,1.1082,1680,0
rep3,1.1083,1681,0
rep3,1.1085,1682,0
rep3,1.1087,1683,0
rep3,1.1087,1684,0
rep3,1.1087,1685,0
rep3,1.1089,1686,0
rep3,1.109,1687,0
rep3,1.1091,1688,0
rep3,1.1091,1689,0
rep3,1.1092,1690,0
rep3,1.1093,1691,0
rep3,1.1093,1692,0
rep3,1.1094,1693,0
rep3,1.1096,1694,0
rep3,1.1097,1695,0
rep3,1.1097,1696,0
rep3,1.1098,1697,0
rep3,1.1098,1698,0
rep3,1.1099,1699,0
rep3,1.1099,1700,0
rep3,1.1099,1701,0
rep3,1.11,1702,0
rep3,1.1101,1703,0
rep3,1.1101,1704,0
rep3,1.1101,1705,0
rep3,1.1101,1706,0
rep3,1.1101,1707,0
rep3,1.1101,1708,0
rep3,1.1102,1709,0
rep3,1.1102,1710,0
rep3,1.1103,1711,0
rep3,1.1103,1712,0
rep3,1.1104,1713,0
rep3,1.1104,1714,0
rep3,1.1104,1715,0
rep3,1.1105,1716,0
rep3,1.1105,1717,0
rep3,1.1105,1718,0
rep3,1.1105,1719,0
rep3,1.1108,1720,0
rep3,1.1108,1721,0
rep3,1.1108,1722,0
rep3,1.1108,1723,0
rep3,1.1109,1724,0
rep3,1.1109,1725,0
rep3,1.1109,1726,0
rep3,1.1109,1727,0
rep3,1.1109,1728,0
rep3,1.111,1729,0
rep3,1.111,1730,0
rep3,1.1111,1731,0
rep3,1.1112,1732,0
rep3,1.1112,1733,0
rep3,1.1113,1734,0
rep3,1.1113,1735,0
rep3,1.1113,1736,0
rep3,1.1114,1737,0
rep3,1.1114,1738,0
rep3,1.1114,1739,0
rep3,1.1116,1740,0
rep3,1.1116,1741,0
rep3,1.1117,1742,0
rep3,1.1117,1743,0
rep3,1.1118,1744,0
rep3,1.1119,1745,0
rep3,1.1121,1746,0
rep3,1.1121,1747,0
rep3,1.1121,1748,0
rep3,1.1123,1749,0
rep3,1.1124,1750,0
rep3,1.1124,1751,0
rep3,1.1125,1752,0
rep3,1.1125,1753,0
rep3,1.1126,1754,0
rep3,1.1126,1755,0
rep3,1.1127,1756,0
rep3,1.1127,1757,0
rep3,1.1127,1758,0
rep3,1.1128,1759,0
rep3,1.1129,1760,0
rep3,1.1129,1761,0
rep3,1.1129,1762,0
rep3,1.113,1763,0
rep3,1.1131,1764,0
rep3,1.1131,1765,0
rep3,1.1132,1766,0
rep3,1.1135,1767,0
rep3,1.1135,1768,0
rep3,1.1135,1769,0
rep3,1.1136,1770,0
rep3,1.1137,1771,0
rep3,1.1138,1772,0
rep3,1.1138,1773,0
rep3,1.1138,1774,0
rep3,1.1139,1775,0
rep3,1.1139,1776,0
rep3,1.1139,1777,0
rep3,1.1139,1778,0
rep3,1.1139,1779,0
rep3,1.114,1780,0
rep3,1.1142,1781,0
rep3,1.1143,1782,0
rep3,1.1143,1783,0
rep3,1.1143,1784,0
rep3,1.1144,1785,0
rep3,1.1145,1786,0
rep3,1.1146,1787,0
rep3,1.1148,1788,0
rep3,1.1148,1789,0
rep3,1.1148,1790,0
rep3,1.1149,1791,0
rep3,1.1149,1792,0
rep3,1.115,1793,0
rep3,1.115,1794,0
rep3,1.1151,1795,0
rep3,1.1152,1796,0
rep3,1.1152,1797,0
rep3,1.1153,1798,0
rep3,1.1154,1799,0
rep3,1.1156,1800,0
rep3,1.1156,1801,0
rep3,1.1156,1802,0
rep3,1.1158,1803,0
rep3,1.1159,1804,0
rep3,1.116,1805,0
rep3,1.1161,1806,0
rep3,1.1161,1807,0
rep3,1.1161,1808,0
rep3,1.1162,1809,0
rep3,1.1162,1810,0
rep3,1.1163,1811,0
rep3,1.1163,1812,0
rep3,1.1163,1813,0
rep3,1.1164,1814,0
rep3,1.1164,1815,0
rep3,1.1164,1816,0
rep3,1.1165,1817,0
rep3,1.1165,1818,0
rep3,1.1165,1819,0
rep3,1.1166,1820,0
rep3,1.1167,1821,0
rep3,1.1168,1822,0
rep3,1.1169,1823,0
rep3,1.1171,1824,0
rep3,1.1171,1825,0
rep3,1.1172,1826,0
rep3,1.1172,1827,0
rep3,1.1172,1828,0
rep3,1.1173,1829,0
rep3,1.1174,1830,0
rep3,1.1175,1831,0
rep3,1.1175,1832,0
rep3,1.1176,1833,0
rep3,1.1176,1834,0
rep3,1.1176,1835,0
rep3,1.1176,1836,0
rep3,1.1176,1837,0
rep3,1.1177,1838,0
rep3,1.1178,1839,0
rep3,1.1178,1840,0
rep3,1.1179,1841,0
rep3,1.1179,1842,0
rep3,1.118,1843,0
rep3,1.118,1844,0
rep3,1.118,1845,0
rep3,1.1181,1846,0
rep3,1.1182,1847,0
rep3,1.1182,1848,0
rep3,1.1183,1849,0
rep3,1.1184,1850,0
rep3,1.1186,1851,0
rep3,1.1186,1852,0
rep3,1.1187,1853,0
rep3,1.1187,1854,0
rep3,1.1187,1855,0
rep3,1.1187,1856,0
rep3,1.1188,1857,0
rep3,1.1188,1858,0
rep3,1.1192,1859,0
rep3,1.1193,1860,0
rep3,1.1194,1861,0
rep3,1.1194,1862,0
rep3,1.1194,1863,0
rep3,1.1194,1864,0
rep3,1.1195,1865,0
rep3,1.1196,1866,0
rep3,1.1196,1867,0
rep3,1.1196,1868,0
rep3,1.1197,1869,0
rep3,1.1198,1870,0
rep3,1.1198,1871,0
rep3,1.1201,1872,0
rep3,1.1202,1873,0
rep3,1.1202,1874,0
rep3,1.1202,1875,0
rep3,1.1203,1876,0
rep3,1.1204,1877,0
rep3,1.1204,1878,0
rep3,1.1205,1879,0
rep3,1.1207,1880,0
rep3,1.1207,1881,0
rep3,1.1207,1882,0
rep3,1.1208,1883,0
rep3,1.1208,1884,0
rep3,1.1208,1885,0
rep3,1.1208,1886,0
rep3,1.1208,1887,0
rep3,1.1209,1888,0
rep3,1.121,1889,0
rep3,1.1212,1890,0
rep3,1.1212,1891,0
rep3,1.1213,1892,0
rep3,1.1214,1893,0
rep3,1.1215,1894,0
rep3,1.1216,1895,0
rep3,1.1216,1896,0
rep3,1.1216,1897,0
rep3,1.1217,1898,0
rep3,1.1217,1899,0
rep3,1.1218,1900,0
rep3,1.1218,1901,0
rep3,1.1218,1902,0
rep3,1.1219,1903,0
rep3,1.1219,1904,0
rep3,1.122,1905,0
rep3,1.122,1906,0
rep3,1.1221,1907,0
rep3,1.1222,1908,0
rep3,1.1222,1909,0
rep3,1.1222,1910,0
rep3,1.1224,1911,0
rep3,1.1226,1912,0
rep3,1.1227,1913,0
rep3,1.1227,1914,0
rep3,1.1227,1915,0
rep3,1.1227,1916,0
rep3,1.1229,1917,0
rep3,1.1229,1918,0
rep3,1.123,1919,0
rep3,1.123,1920,0
rep3,1.123,1921,0
rep3,1.1231,1922,0
rep3,1.1232,1923,0
rep3,1.1232,1924,0
rep3,1.1235,1925,0
rep3,1.1237,1926,0
rep3,1.1238,1927,0
rep3,1.1238,1928,0
rep3,1.1238,1929,0
rep3,1.1239,1930,0
rep3,1.1239,1931,0
rep3,1.1239,1932,0
rep3,1.1239,1933,0
rep3,1.1239,1934,0
rep3,1.124,1935,0
rep3,1.124,1936,0
rep3,1.124,1937,0
rep3,1.124,1938,0
rep3,1.124,1939,0
rep3,1.1241,1940,0
rep3,1.1241,1941,0
rep3,1.1242,1942,0
rep3,1.1242,1943,0
rep3,1.1243,1944,0
rep3,1.1243,1945,0
rep3,1.1243,1946,0
rep3,1.1244,1947,0
rep3,1.1244,1948,0
rep3,1.1244,1949,0
rep3,1.1245,1950,0
rep3,1.1245,1951,0
rep3,1.1245,1952,0
rep3,1.1246,1953,0
rep3,1.1246,1954,0
rep3,1.1246,1955,0
rep3,1.1247,1956,0
rep3,1.1247,1957,0
rep3,1.1248,1958,0
rep3,1.1248,1959,0
rep3,1.1249,1960,0
rep3,1.1249,1961,0
rep3,1.125,1962,0
rep3,1.1251,1963,0
rep3,1.1253,1964,0
rep3,1.1253,1965,0
rep3,1.1254,1966,0
rep3,1.1254,1967,0
rep3,1.1255,1968,0
rep3,1.1256,1969,0
rep3,1.1256,1970,0
rep3,1.1257,1971,0
rep3,1.1258,1972,0
rep3,1.1258,1973,0
rep3,1.1258,1974,0
rep3,1.1259,1975,0
rep3,1.126,1976,0
rep3,1.126,1977,0
rep3,1.1261,1978,0
rep3,1.1262,1979,0
rep3,1.1262,1980,0
rep3,1.1263,1981,0
rep3,1.1264,1982,0
rep3,1.1265,1983,0
rep3,1.1265,1984,0
rep3,1.1267,1985,0
rep3,1.1268,1986,0
rep3,1.1271,1987,0
rep3,1.1272,1988,0
rep3,1.1272,1989,0
rep3,1.1273,1990,0
rep3,1.1274,1991,0
rep3,1.1274,1992,0
rep3,1.1275,1993,0
rep3,1.1276,1994,0
rep3,1.1278,1995,0
rep3,1.1278,1996,0
rep3,1.1278,1997,0
rep3,1.1279,1998,0
rep3,1.128,1999,0
rep3,1.128,2000,0
rep3,1.1281,2001,0
rep3,1.1281,2002,0
rep3,1.1282,2003,0
rep3,1.1283,2004,0
rep3,1.1283,2005,0
rep3,1.1284,2006,0
rep3,1.1287,2007,0
rep3,1.1288,2008,0
rep3,1.1288,2009,0
rep3,1.1289,2010,0
rep3,1.129,2011,0
rep3,1.129,2012,0
rep3,1.1291,2013,0
rep3,1.1293,2014,0
rep3,1.1293,2015,0
rep3,1.1294,2016,0
rep3,1.1295,2017,0
rep3,1.1295,2018,0
rep3,1.1295,2019,0
rep3,1.1296,2020,0
rep3,1.1296,2021,0
rep3,1.1298,2022,0
rep3,1.1299,2023,0
rep3,1.13,2024,0
rep3,1.13,2025,0
rep3,1.1301,2026,0
rep3,1.1301,2027,0
rep3,1.1301,2028,0
rep3,1.1302,2029,0
rep3,1.1303,2030,0
rep3,1.1303,2031,0
rep3,1.1304,2032,0
rep3,1.1307,2033,0
rep3,1.1308,2034,0
rep3,1.1308,2035,0
rep3,1.1308,2036,0
rep3,1.131,2037,0
rep3,1.131,2038,0
rep3,1.1312,2039,0
rep3,1.1313,2040,0
rep3,1.1314,2041,0
rep3,1.1315,2042,0
rep3,1.1316,2043,0
rep3,1.1319,2044,0
rep3,1.132,2045,0
rep3,1.132,2046,0
rep3,1.1321,2047,0
rep3,1.1323,2048,0
rep3,1.1324,2049,0
rep3,1.1326,2050,0
rep3,1.1327,2051,0
rep3,1.1328,2052,0
rep3,1.1329,2053,0
rep3,1.133,2054,0
rep3,1.133,2055,0
rep3,1.133,2056,0
rep3,1.1332,2057,0
rep3,1.1332,2058,0
rep3,1.1334,2059,0
rep3,1.1334,2060,0
rep3,1.1336,2061,0
rep3,1.1336,2062,0
rep3,1.1337,2063,0
rep3,1.1338,2064,0
rep3,1.1338,2065,0
rep3,1.134,2066,0
rep3,1.1341,2067,0
rep3,1.1341,2068,0
rep3,1.1341,2069,0
rep3,1.1342,2070,0
rep3,1.1342,2071,0
rep3,1.1342,2072,0
rep3,1.1343,2073,0
rep3,1.1343,2074,0
rep3,1.1344,2075,0
rep3,1.1345,2076,0
rep3,1.1346,2077,0
rep3,1.1347,2078,0
rep3,1.1348,2079,0
rep3,1.1348,2080,0
rep3,1.135,2081,0
rep3,1.135,2082,0
rep3,1.135,2083,0
rep3,1.1351,2084,0
rep3,1.1352,2085,0
rep3,1.1353,2086,0
rep3,1.1353,2087,0
rep3,1.1353,2088,0
rep3,1.1354,2089,0
rep3,1.1355,2090,0
rep3,1.1356,2091,0
rep3,1.1358,2092,0
rep3,1.1358,2093,0
rep3,1.1358,2094,0
rep3,1.1358,2095,0
rep3,1.1358,2096,0
rep3,1.1359,2097,0
rep3,1.1359,2098,0
rep3,1.136,2099,0
rep3,1.136,2100,0
rep3,1.136,2101,0
rep3,1.1362,2102,0
rep3,1.1362,2103,0
rep3,1.1365,2104,0
rep3,1.1366,2105,0
rep3,1.1367,2106,0
rep3,1.1367,2107,0
rep3,1.1368,2108,0
rep3,1.1368,2109,0
rep3,1.1369,2110,0
rep3,1.1369,2111,0
rep3,1.1369,2112,0
rep3,1.137,2113,0
rep3,1.137,2114,0
rep3,1.1371,2115,0
rep3,1.1372,2116,0
rep3,1.1373,2117,0
rep3,1.1373,2118,0
rep3,1.1373,2119,0
rep3,1.1374,2120,0
rep3,1.1374,2121,0
rep3,1.1374,2122,0
rep3,1.1375,2123,0
rep3,1.1375,2124,0
rep3,1.1375,2125,0
rep3,1.1376,2126,0
rep3,1.1376,2127,0
rep3,1.1376,2128,0
rep3,1.1378,2129,0
rep3,1.1379,2130,0
rep3,1.138,2131,0
rep3,1.1382,2132,0
rep3,1.1383,2133,0
rep3,1.1383,2134,0
rep3,1.1385,2135,0
rep3,1.1386,2136,0
rep3,1.1388,2137,0
rep3,1.139,2138,0
rep3,1.1391,2139,0
rep3,1.1391,2140,0
rep3,1.1392,2141,0
rep3,1.1392,2142,0
rep3,1.1394,2143,0
rep3,1.1394,2144,0
rep3,1.1396,2145,0
rep3,1.1396,2146,0
rep3,1.1396,2147,0
rep3,1.1397,2148,0
rep3,1.1397,2149,0
rep3,1.1397,2150,0
rep3,1.1398,2151,0
rep3,1.1401,2152,0
rep3,1.1401,2153,0
rep3,1.1403,2154,0
rep3,1.1403,2155,0
rep3,1.1403,2156,0
rep3,1.1404,2157,0
rep3,1.1404,2158,0
rep3,1.1405,2159,0
rep3,1.1405,2160,0
rep3,1.1406,2161,0
rep3,1.1407,2162,0
rep3,1.1408,2163,0
rep3,1.1409,2164,0
rep3,1.1409,2165,0
rep3,1.1409,2166,0
rep3,1.141,2167,0
rep3,1.141,2168,0
rep3,1.1411,2169,0
rep3,1.1412,2170,0
rep3,1.1413,2171,0
rep3,1.1414,2172,0
rep3,1.1414,2173,0
rep3,1.1418,2174,0
rep3,1.1418,2175,0
rep3,1.142,2176,0
rep3,1.142,2177,0
rep3,1.1421,2178,0
rep3,1.1421,2179,0
rep3,1.1421,2180,0
rep3,1.1422,2181,0
rep3,1.1422,2182,0
rep3,1.1422,2183,0
rep3,1.1423,2184,0
rep3,1.1426,2185,0
rep3,1.1427,2186,0
rep3,1.1427,2187,0
rep3,1.1428,2188,0
rep3,1.1428,2189,0
rep3,1.143,2190,0
rep3,1.143,2191,0
rep3,1.143,2192,0
rep3,1.143,2193,0
rep3,1.143,2194,0
rep3,1.1432,2195,0
rep3,1.1432,2196,0
rep3,1.1433,2197,0
rep3,1.1433,2198,0
rep3,1.1433,2199,0
rep3,1.1434,2200,0
rep3,1.1434,2201,0
rep3,1.1434,2202,0
rep3,1.1434,2203,0
rep3,1.1435,2204,0
rep3,1.1435,2205,0
rep3,1.1435,2206,0
rep3,1.1435,2207,0
rep3,1.1436,2208,0
rep3,1.1436,2209,0
rep3,1.1437,2210,0
rep3,1.1437,2211,0
rep3,1.1438,2212,0
rep3,1.1439,2213,0
rep3,1.1439,2214,0
rep3,1.144,2215,0
rep3,1.1442,2216,0
rep3,1.1443,2217,0
rep3,1.1443,2218,0
rep3,1.1444,2219,0
rep3,1.1445,2220,0
rep3,1.1445,2221,0
rep3,1.1446,2222,0
rep3,1.1448,2223,0
rep3,1.1449,2224,0
rep3,1.145,2225,0
rep3,1.145,2226,0
rep3,1.145,2227,0
rep3,1.145,2228,0
rep3,1.1451,2229,0
rep3,1.1452,2230,0
rep3,1.1453,2231,0
rep3,1.1453,2232,0
rep3,1.1453,2233,0
rep3,1.1453,2234,0
rep3,1.1454,2235,0
rep3,1.1455,2236,0
rep3,1.1456,2237,0
rep3,1.1456,2238,0
rep3,1.1456,2239,0
rep3,1.1456,2240,0
rep3,1.1456,2241,0
rep3,1.1457,2242,0
rep3,1.1459,2243,0
rep3,1.146,2244,0
rep3,1.1461,2245,0
rep3,1.1462,2246,0
rep3,1.1462,2247,0
rep3,1.1463,2248,0
rep3,1.1464,2249,0
rep3,1.1465,2250,0
rep3,1.1465,2251,0
rep3,1.1465,2252,0
rep3,1.1465,2253,0
rep3,1.1467,2254,0
rep3,1.1467,2255,0
rep3,1.1468,2256,0
rep3,1.1469,2257,0
rep3,1.1469,2258,0
rep3,1.147,2259,0
rep3,1.147,2260,0
rep3,1.147,2261,0
rep3,1.1471,2262,0
rep3,1.1471,2263,0
rep3,1.1472,2264,0
rep3,1.1472,2265,0
rep3,1.1472,2266,0
rep3,1.1472,2267,0
rep3,1.1472,2268,0
rep3,1.1473,2269,0
rep3,1.1473,2270,0
rep3,1.1473,2271,0
rep3,1.1474,2272,0
rep3,1.1475,2273,0
rep3,1.1475,2274,0
rep3,1.1475,2275,0
rep3,1.1476,2276,0
rep3,1.1476,2277,0
rep3,1.1476,2278,0
rep3,1.1477,2279,0
rep3,1.1477,2280,0
rep3,1.1478,2281,0
rep3,1.1478,2282,0
rep3,1.1479,2283,0
rep3,1.148,2284,0
rep3,1.148,2285,0
rep3,1.148,2286,0
rep3,1.148,2287,0
rep3,1.1481,2288,0
rep3,1.1481,2289,0
rep3,1.1481,2290,0
rep3,1.1482,2291,0
rep3,1.1482,2292,0
rep3,1.1482,2293,0
rep3,1.1483,2294,0
rep3,1.1484,2295,0
rep3,1.1484,2296,0
rep3,1.1484,2297,0
rep3,1.1485,2298,0
rep3,1.1485,2299,0
rep3,1.1486,2300,0
rep3,1.1486,2301,0
rep3,1.1486,2302,0
rep3,1.1487,2303,0
rep3,1.1488,2304,0
rep3,1.149,2305,0
rep3,1.1491,2306,0
rep3,1.1492,2307,0
rep3,1.1492,2308,0
rep3,1.1492,2309,0
rep3,1.1495,2310,0
rep3,1.1496,2311,0
rep3,1.1496,2312,0
rep3,1.1497,2313,0
rep3,1.1497,2314,0
rep3,1.1497,2315,0
rep3,1.1497,2316,0
rep3,1.1497,2317,0
rep3,1.1499,2318,0
rep3,1.1499,2319,0
rep3,1.1499,2320,0
rep3,1.1499,2321,0
rep3,1.15,2322,0
rep3,1.15,2323,0
rep3,1.1501,2324,0
rep3,1.1501,2325,0
rep3,1.1501,2326,0
rep3,1.1502,2327,0
rep3,1.1503,2328,0
rep3,1.1504,2329,0
rep3,1.1504,2330,0
rep3,1.1505,2331,0
rep3,1.1505,2332,0
rep3,1.1506,2333,0
rep3,1.1507,2334,0
rep3,1.1507,2335,0
rep3,1.1507,2336,0
rep3,1.1507,2337,0
rep3,1.1508,2338,0
rep3,1.1509,2339,0
rep3,1.1509,2340,0
rep3,1.1509,2341,0
rep3,1.151,2342,0
rep3,1.1511,2343,0
rep3,1.1512,2344,0
rep3,1.1514,2345,0
rep3,1.1516,2346,0
rep3,1.1516,2347,0
rep3,1.1517,2348,0
rep3,1.1517,2349,0
rep3,1.1518,2350,0
rep3,1.152,2351,0
rep3,1.152,2352,0
rep3,1.1521,2353,0
rep3,1.1521,2354,0
rep3,1.1521,2355,0
rep3,1.1522,2356,0
rep3,1.1523,2357,0
rep3,1.1523,2358,0
rep3,1.1523,2359,0
rep3,1.1524,2360,0
rep3,1.1524,2361,0
rep3,1.1525,2362,0
rep3,1.1525,2363,0
rep3,1.1525,2364,0
rep3,1.1525,2365,0
rep3,1.1525,2366,0
rep3,1.1527,2367,0
rep3,1.1528,2368,0
rep3,1.1529,2369,0
rep3,1.1529,2370,0
rep3,1.153,2371,0
rep3,1.153,2372,0
rep3,1.1531,2373,0
rep3,1.1532,2374,0
rep3,1.1533,2375,0
rep3,1.1535,2376,0
rep3,1.1536,2377,0
rep3,1.1536,2378,0
rep3,1.1539,2379,0
rep3,1.1539,2380,0
rep3,1.1539,2381,0
rep3,1.154,2382,0
rep3,1.1541,2383,0
rep3,1.1541,2384,0
rep3,1.1542,2385,0
rep3,1.1543,2386,0
rep3,1.1543,2387,0
rep3,1.1543,2388,0
rep3,1.1545,2389,0
rep3,1.1545,2390,0
rep3,1.1546,2391,0
rep3,1.1546,2392,0
rep3,1.1547,2393,0
rep3,1.1547,2394,0
rep3,1.1547,2395,0
rep3,1.1547,2396,0
rep3,1.1549,2397,0
rep3,1.1551,2398,0
rep3,1.1551,2399,0
rep3,1.1552,2400,0
rep3,1.1553,2401,0
rep3,1.1553,2402,0
rep3,1.1554,2403,0
rep3,1.1555,2404,0
rep3,1.1556,2405,0
rep3,1.1556,2406,0
rep3,1.1557,2407,0
rep3,1.1557,2408,0
rep3,1.1559,2409,0
rep3,1.1559,2410,0
rep3,1.1559,2411,0
rep3,1.156,2412,0
rep3,1.156,2413,0
rep3,1.1562,2414,0
rep3,1.1562,2415,0
rep3,1.1562,2416,0
rep3,1.1564,2417,0
rep3,1.1565,2418,0
rep3,1.1565,2419,0
rep3,1.1565,2420,0
rep3,1.1565,2421,0
rep3,1.1566,2422,0
rep3,1.1566,2423,0
rep3,1.1566,2424,0
rep3,1.1567,2425,0
rep3,1.1567,2426,0
rep3,1.1567,2427,0
rep3,1.1568,2428,0
rep3,1.1568,2429,0
rep3,1.157,2430,0
rep3,1.157,2431,0
rep3,1.1571,2432,0
rep3,1.1571,2433,0
rep3,1.1571,2434,0
rep3,1.1572,2435,0
rep3,1.1572,2436,0
rep3,1.1574,2437,0
rep3,1.1574,2438,0
rep3,1.1574,2439,0
rep3,1.1575,2440,0
rep3,1.1576,2441,0
rep3,1.1576,2442,0
rep3,1.1576,2443,0
rep3,1.1576,2444,0
rep3,1.1577,2445,0
rep3,1.1577,2446,0
rep3,1.1577,2447,0
rep3,1.1577,2448,0
rep3,1.1578,2449,0
rep3,1.1578,2450,0
rep3,1.1579,2451,0
rep3,1.1579,2452,0
rep3,1.158,2453,0
rep3,1.1581,2454,0
rep3,1.1581,2455,0
rep3,1.1581,2456,0
rep3,1.1583,2457,0
rep3,1.1584,2458,0
rep3,1.1585,2459,0
rep3,1.1585,2460,0
rep3,1.1587,2461,0
rep3,1.1587,2462,0
rep3,1.1587,2463,0
rep3,1.1588,2464,0
rep3,1.1588,2465,0
rep3,1.1588,2466,0
rep3,1.1589,2467,0
rep3,1.1589,2468,0
rep3,1.159,2469,0
rep3,1.1591,2470,0
rep3,1.1591,2471,0
rep3,1.1591,2472,0
rep3,1.1593,2473,0
rep3,1.1594,2474,0
rep3,1.1594,2475,0
rep3,1.1595,2476,0
rep3,1.1596,2477,0
rep3,1.1596,2478,0
rep3,1.1597,2479,0
rep3,1.1597,2480,0
rep3,1.1597,2481,0
rep3,1.1599,2482,0
rep3,1.1599,2483,0
rep3,1.16,2484,0
rep3,1.16,2485,0
rep3,1.1601,2486,0
rep3,1.1602,2487,0
rep3,1.1603,2488,0
rep3,1.1604,2489,0
rep3,1.1605,2490,0
rep3,1.1605,2491,0
rep3,1.1606,2492,0
rep3,1.1607,2493,0
rep3,1.1607,2494,0
rep3,1.1607,2495,0
rep3,1.1608,2496,0
rep3,1.1609,2497,0
rep3,1.161,2498,0
rep3,1.161,2499,0
rep3,1.1611,2500,0
rep3,1.1611,2501,0
rep3,1.1612,2502,0
rep3,1.1612,2503,0
rep3,1.1614,2504,0
rep3,1.1615,2505,0
rep3,1.1616,2506,0
rep3,1.1616,2507,0
rep3,1.1616,2508,0
rep3,1.1617,2509,0
rep3,1.1617,2510,0
rep3,1.1619,2511,0
rep3,1.162,2512,0
rep3,1.162,2513,0
rep3,1.1621,2514,0
rep3,1.1621,2515,0
rep3,1.1621,2516,0
rep3,1.1622,2517,0
rep3,1.1623,2518,0
rep3,1.1623,2519,0
rep3,1.1623,2520,0
rep3,1.1625,2521,0
rep3,1.1625,2522,0
rep3,1.1625,2523,0
rep3,1.1626,2524,0
rep3,1.1626,2525,0
rep3,1.1626,2526,0
rep3,1.1627,2527,0
rep3,1.1628,2528,0
rep3,1.1628,2529,0
rep3,1.1628,2530,0
rep3,1.1628,2531,0
rep3,1.1629,2532,0
rep3,1.1629,2533,0
rep3,1.163,2534,0
rep3,1.1631,2535,0
rep3,1.1631,2536,0
rep3,1.1631,2537,0
rep3,1.1631,2538,0
rep3,1.1633,2539,0
rep3,1.1636,2540,0
rep3,1.1638,2541,0
rep3,1.1638,2542,0
rep3,1.164,2543,0
rep3,1.164,2544,0
rep3,1.1641,2545,0
rep3,1.1642,2546,0
rep3,1.1643,2547,0
rep3,1.1643,2548,0
rep3,1.1644,2549,0
rep3,1.1645,2550,0
rep3,1.1645,2551,0
rep3,1.1645,2552,0
rep3,1.1645,2553,0
rep3,1.1646,2554,0
rep3,1.1646,2555,0
rep3,1.1648,2556,0
rep3,1.1648,2557,0
rep3,1.1649,2558,0
rep3,1.1649,2559,0
rep3,1.165,2560,0
rep3,1.1652,2561,0
rep3,1.1652,2562,0
rep3,1.1653,2563,0
rep3,1.1653,2564,0
rep3,1.1654,2565,0
rep3,1.1655,2566,0
rep3,1.1657,2567,0
rep3,1.1658,2568,0
rep3,1.1659,2569,0
rep3,1.1659,2570,0
rep3,1.1659,2571,0
rep3,1.1659,2572,0
rep3,1.166,2573,0
rep3,1.166,2574,0
rep3,1.1661,2575,0
rep3,1.1661,2576,0
rep3,1.1663,2577,0
rep3,1.1663,2578,0
rep3,1.1663,2579,0
rep3,1.1663,2580,0
rep3,1.1663,2581,0
rep3,1.1663,2582,0
rep3,1.1663,2583,0
rep3,1.1664,2584,0
rep3,1.1666,2585,0
rep3,1.1666,2586,0
rep3,1.1666,2587,0
rep3,1.1667,2588,0
rep3,1.1668,2589,0
rep3,1.1668,2590,0
rep3,1.1668,2591,0
rep3,1.1668,2592,0
rep3,1.1669,2593,0
rep3,1.1669,2594,0
rep3,1.167,2595,0
rep3,1.167,2596,0
rep3,1.1671,2597,0
rep3,1.1672,2598,0
rep3,1.1673,2599,0
rep3,1.1673,2600,0
rep3,1.1674,2601,0
rep3,1.1675,2602,0
rep3,1.1678,2603,0
rep3,1.1678,2604,0
rep3,1.1679,2605,0
rep3,1.1679,2606,0
rep3,1.1681,2607,0
rep3,1.1681,2608,0
rep3,1.1685,2609,0
rep3,1.1686,2610,0
rep3,1.1686,2611,0
rep3,1.1686,2612,0
rep3,1.1686,2613,0
rep3,1.1686,2614,0
rep3,1.1687,2615,0
rep3,1.1688,2616,0
rep3,1.1689,2617,0
rep3,1.1689,2618,0
rep3,1.1689,2619,0
rep3,1.1689,2620,0
rep3,1.1691,2621,0
rep3,1.1692,2622,0
rep3,1.1694,2623,0
rep3,1.1694,2624,0
rep3,1.1694,2625,0
rep3,1.1696,2626,0
rep3,1.1697,2627,0
rep3,1.1698,2628,0
rep3,1.1698,2629,0
rep3,1.1698,2630,0
rep3,1.1698,2631,0
rep3,1.1699,2632,0
rep3,1.1699,2633,0
rep3,1.17,2634,0
rep3,1.17,2635,0
rep3,1.1701,2636,0
rep3,1.1701,2637,0
rep3,1.1704,2638,0
rep3,1.1704,2639,0
rep3,1.1704,2640,0
rep3,1.1704,2641,0
rep3,1.1705,2642,0
rep3,1.1706,2643,0
rep3,1.1706,2644,0
rep3,1.1706,2645,0
rep3,1.1706,2646,0
rep3,1.1707,2647,0
rep3,1.1709,2648,0
rep3,1.171,2649,0
rep3,1.1711,2650,0
rep3,1.1712,2651,0
rep3,1.1712,2652,0
rep3,1.1713,2653,0
rep3,1.1714,2654,0
rep3,1.1715,2655,0
rep3,1.1715,2656,0
rep3,1.1716,2657,0
rep3,1.1717,2658,0
rep3,1.1718,2659,0
rep3,1.1718,2660,0
rep3,1.172,2661,0
rep3,1.1721,2662,0
rep3,1.1721,2663,0
rep3,1.1721,2664,0
rep3,1.1724,2665,0
rep3,1.1725,2666,0
rep3,1.1725,2667,0
rep3,1.1726,2668,0
rep3,1.1726,2669,0
rep3,1.1726,2670,0
rep3,1.1726,2671,0
rep3,1.1727,2672,0
rep3,1.1727,2673,0
rep3,1.173,2674,0
rep3,1.1731,2675,0
rep3,1.1731,2676,0
rep3,1.1733,2677,0
rep3,1.1735,2678,0
rep3,1.1735,2679,0
rep3,1.1735,2680,0
rep3,1.1739,2681,0
rep3,1.174,2682,0
rep3,1.1741,2683,0
rep3,1.1742,2684,0
rep3,1.1743,2685,0
rep3,1.1748,2686,0
rep3,1.175,2687,0
rep3,1.175,2688,0
rep3,1.1751,2689,0
rep3,1.1751,2690,0
rep3,1.1751,2691,0
rep3,1.1755,2692,0
rep3,1.1756,2693,0
rep3,1.1756,2694,0
rep3,1.1757,2695,0
rep3,1.1757,2696,0
rep3,1.1758,2697,0
rep3,1.1758,2698,0
rep3,1.1758,2699,0
rep3,1.1759,2700,0
rep3,1.1761,2701,0
rep3,1.1762,2702,0
rep3,1.1762,2703,0
rep3,1.1762,2704,0
rep3,1.1763,2705,0
rep3,1.1763,2706,0
rep3,1.1764,2707,0
rep3,1.1764,2708,0
rep3,1.1765,2709,0
rep3,1.1766,2710,0
rep3,1.1766,2711,0
rep3,1.1766,2712,0
rep3,1.1767,2713,0
rep3,1.1767,2714,0
rep3,1.1768,2715,0
rep3,1.1769,2716,0
rep3,1.177,2717,0
rep3,1.177,2718,0
rep3,1.1772,2719,0
rep3,1.1772,2720,0
rep3,1.1772,2721,0
rep3,1.1772,2722,0
rep3,1.1772,2723,0
rep3,1.1773,2724,0
rep3,1.1773,2725,0
rep3,1.1773,2726,0
rep3,1.1773,2727,0
rep3,1.1774,2728,0
rep3,1.1774,2729,0
rep3,1.1774,2730,0
rep3,1.1774,2731,0
rep3,1.1775,2732,0
rep3,1.1776,2733,0
rep3,1.1776,2734,0
rep3,1.1776,2735,0
rep3,1.1777,2736,0
rep3,1.1779,2737,0
rep3,1.178,2738,0
rep3,1.178,2739,0
rep3,1.1781,2740,0
rep3,1.1782,2741,0
rep3,1.1783,2742,0
rep3,1.1784,2743,0
rep3,1.1784,2744,0
rep3,1.1784,2745,0
rep3,1.1785,2746,0
rep3,1.1786,2747,0
rep3,1.1786,2748,0
rep3,1.1786,2749,0
rep3,1.1786,2750,0
rep3,1.1789,2751,0
rep3,1.1789,2752,0
rep3,1.179,2753,0
rep3,1.179,2754,0
rep3,1.1791,2755,0
rep3,1.1791,2756,0
rep3,1.1791,2757,0
rep3,1.1792,2758,0
rep3,1.1793,2759,0
rep3,1.1793,2760,0
rep3,1.1793,2761,0
rep3,1.1794,2762,0
rep3,1.1794,2763,0
rep3,1.1795,2764,0
rep3,1.1795,2765,0
rep3,1.1797,2766,0
rep3,1.1797,2767,0
rep3,1.1798,2768,0
rep3,1.18,2769,0
rep3,1.1802,2770,0
rep3,1.1802,2771,0
rep3,1.1803,2772,0
rep3,1.1803,2773,0
rep3,1.1804,2774,0
rep3,1.1804,2775,0
rep3,1.1804,2776,0
rep3,1.1805,2777,0
rep3,1.1807,2778,0
rep3,1.1807,2779,0
rep3,1.1808,2780,0
rep3,1.1808,2781,0
rep3,1.1809,2782,0
rep3,1.1809,2783,0
rep3,1.1809,2784,0
rep3,1.181,2785,0
rep3,1.181,2786,0
rep3,1.1811,2787,0
rep3,1.1812,2788,0
rep3,1.1812,2789,0
rep3,1.1813,2790,0
rep3,1.1814,2791,0
rep3,1.1814,2792,0
rep3,1.1815,2793,0
rep3,1.1817,2794,0
rep3,1.1819,2795,0
rep3,1.182,2796,0
rep3,1.182,2797,0
rep3,1.1821,2798,0
rep3,1.1822,2799,0
rep3,1.1822,2800,0
rep3,1.1822,2801,0
rep3,1.1823,2802,0
rep3,1.1823,2803,0
rep3,1.1823,2804,0
rep3,1.1824,2805,0
rep3,1.1824,2806,0
rep3,1.1825,2807,0
rep3,1.1826,2808,0
rep3,1.1826,2809,0
rep3,1.1827,2810,0
rep3,1.1828,2811,0
rep3,1.1828,2812,0
rep3,1.1828,2813,0
rep3,1.1829,2814,0
rep3,1.1831,2815,0
rep3,1.1831,2816,0
rep3,1.1832,2817,0
rep3,1.1832,2818,0
rep3,1.1833,2819,0
rep3,1.1835,2820,0
rep3,1.1835,2821,0
rep3,1.1835,2822,0
rep3,1.1836,2823,0
rep3,1.1839,2824,0
rep3,1.1839,2825,0
rep3,1.1839,2826,0
rep3,1.184,2827,0
rep3,1.1841,2828,0
rep3,1.1842,2829,0
rep3,1.1842,2830,0
rep3,1.1842,2831,0
rep3,1.1843,2832,0
rep3,1.1845,2833,0
rep3,1.1848,2834,0
rep3,1.1849,2835,0
rep3,1.1849,2836,0
rep3,1.1849,2837,0
rep3,1.1852,2838,0
rep3,1.1855,2839,0
rep3,1.1856,2840,0
rep3,1.1857,2841,0
rep3,1.1858,2842,0
rep3,1.1859,2843,0
rep3,1.1859,2844,0
rep3,1.186,2845,0
rep3,1.1861,2846,0
rep3,1.1862,2847,0
rep3,1.1863,2848,0
rep3,1.1863,2849,0
rep3,1.1864,2850,0
rep3,1.1864,2851,0
rep3,1.1864,2852,0
rep3,1.1864,2853,0
rep3,1.1865,2854,0
rep3,1.1865,2855,0
rep3,1.1865,2856,0
rep3,1.1866,2857,0
rep3,1.1866,2858,0
rep3,1.1867,2859,0
rep3,1.1868,2860,0
rep3,1.1868,2861,0
rep3,1.1869,2862,0
rep3,1.1869,2863,0
rep3,1.187,2864,0
rep3,1.187,2865,0
rep3,1.1871,2866,0
rep3,1.1872,2867,0
rep3,1.1872,2868,0
rep3,1.1874,2869,0
rep3,1.1875,2870,0
rep3,1.1877,2871,0
rep3,1.1877,2872,0
rep3,1.1879,2873,0
rep3,1.1879,2874,0
rep3,1.188,2875,0
rep3,1.1882,2876,0
rep3,1.1883,2877,0
rep3,1.1883,2878,0
rep3,1.1884,2879,0
rep3,1.1884,2880,0
rep3,1.1885,2881,0
rep3,1.1885,2882,0
rep3,1.1885,2883,0
rep3,1.1886,2884,0
rep3,1.1887,2885,0
rep3,1.1887,2886,0
rep3,1.1888,2887,0
rep3,1.1888,2888,0
rep3,1.1889,2889,0
rep3,1.189,2890,0
rep3,1.189,2891,0
rep3,1.1891,2892,0
rep3,1.1893,2893,0
rep3,1.1893,2894,0
rep3,1.1894,2895,0
rep3,1.1895,2896,0
rep3,1.1896,2897,0
rep3,1.19,2898,0
rep3,1.1903,2899,0
rep3,1.1903,2900,0
rep3,1.1903,2901,0
rep3,1.1904,2902,0
rep3,1.1905,2903,0
rep3,1.1906,2904,0
rep3,1.1907,2905,0
rep3,1.1907,2906,0
rep3,1.1907,2907,0
rep3,1.1909,2908,0
rep3,1.1909,2909,0
rep3,1.1911,2910,0
rep3,1.1911,2911,0
rep3,1.1912,2912,0
rep3,1.1912,2913,0
rep3,1.1913,2914,0
rep3,1.1913,2915,0
rep3,1.1913,2916,0
rep3,1.1916,2917,0
rep3,1.1916,2918,0
rep3,1.1917,2919,0
rep3,1.1918,2920,0
rep3,1.1918,2921,0
rep3,1.1919,2922,0
rep3,1.192,2923,0
rep3,1.1921,2924,0
rep3,1.1921,2925,0
rep3,1.1921,2926,0
rep3,1.1922,2927,0
rep3,1.1923,2928,0
rep3,1.1923,2929,0
rep3,1.1924,2930,0
rep3,1.1924,2931,0
rep3,1.1925,2932,0
rep3,1.1925,2933,0
rep3,1.1925,2934,0
rep3,1.1926,2935,0
rep3,1.1927,2936,0
rep3,1.1927,2937,0
rep3,1.1928,2938,0
rep3,1.1929,2939,0
rep3,1.193,2940,0
rep3,1.193,2941,0
rep3,1.193,2942,0
rep3,1.1931,2943,0
rep3,1.1931,2944,0
rep3,1.1931,2945,0
rep3,1.1931,2946,0
rep3,1.1931,2947,0
rep3,1.1931,2948,0
rep3,1.1932,2949,0
rep3,1.1933,2950,0
rep3,1.1935,2951,0
rep3,1.1935,2952,0
rep3,1.1936,2953,0
rep3,1.1936,2954,0
rep3,1.1936,2955,0
rep3,1.1938,2956,0
rep3,1.1939,2957,0
rep3,1.1939,2958,0
rep3,1.194,2959,0
rep3,1.194,2960,0
rep3,1.194,2961,0
rep3,1.194,2962,0
rep3,1.1942,2963,0
rep3,1.1942,2964,0
rep3,1.1943,2965,0
rep3,1.1943,2966,0
rep3,1.1943,2967,0
rep3,1.1943,2968,0
rep3,1.1943,2969,0
rep3,1.1944,2970,0
rep3,1.1945,2971,0
rep3,1.1946,2972,0
rep3,1.1946,2973,0
rep3,1.1946,2974,0
rep3,1.1947,2975,0
rep3,1.1948,2976,0
rep3,1.1948,2977,0
rep3,1.1949,2978,0
rep3,1.1949,2979,0
rep3,1.195,2980,0
rep3,1.195,2981,0
rep3,1.195,2982,0
rep3,1.1951,2983,0
rep3,1.1951,2984,0
rep3,1.1952,2985,0
rep3,1.1952,2986,0
rep3,1.1952,2987,0
rep3,1.1952,2988,0
rep3,1.1953,2989,0
rep3,1.1954,2990,0
rep3,1.1957,2991,0
rep3,1.1957,2992,0
rep3,1.1957,2993,0
rep3,1.1958,2994,0
rep3,1.1958,2995,0
rep3,1.1958,2996,0
rep3,1.196,2997,0
rep3,1.196,2998,0
rep3,1.1963,2999,0
rep3,1.1963,3000,0
rep3,1.1963,3001,0
rep3,1.1965,3002,0
rep3,1.1965,3003,0
rep3,1.1965,3004,0
rep3,1.1965,3005,0
rep3,1.1966,3006,0
rep3,1.1968,3007,0
rep3,1.1968,3008,0
rep3,1.1968,3009,0
rep3,1.1969,3010,0
rep3,1.197,3011,0
rep3,1.1971,3012,0
rep3,1.1971,3013,0
rep3,1.1971,3014,0
rep3,1.1971,3015,0
rep3,1.1971,3016,0
rep3,1.1972,3017,0
rep3,1.1972,3018,0
rep3,1.1972,3019,0
rep3,1.1973,3020,0
rep3,1.1973,3021,0
rep3,1.1974,3022,0
rep3,1.1974,3023,0
rep3,1.1975,3024,0
rep3,1.1975,3025,0
rep3,1.1976,3026,0
rep3,1.1977,3027,0
rep3,1.1978,3028,0
rep3,1.1979,3029,0
rep3,1.198,3030,0
rep3,1.1981,3031,0
rep3,1.1981,3032,0
rep3,1.1983,3033,0
rep3,1.1983,3034,0
rep3,1.1985,3035,0
rep3,1.1986,3036,0
rep3,1.1986,3037,0
rep3,1.1988,3038,0
rep3,1.1988,3039,0
rep3,1.199,3040,0
rep3,1.199,3041,0
rep3,1.199,3042,0
rep3,1.199,3043,0
rep3,1.1992,3044,0
rep3,1.1993,3045,0
rep3,1.1994,3046,0
rep3,1.1995,3047,0
rep3,1.1995,3048,0
rep3,1.1996,3049,0
rep3,1.1996,3050,0
rep3,1.1997,3051,0
rep3,1.1997,3052,0
rep3,1.1998,3053,0
rep3,1.1998,3054,0
rep3,1.1999,3055,0
rep3,1.1999,3056,0
rep3,1.2,3057,0
rep3,1.2,3058,0
rep3,1.2002,3059,0
rep3,1.2003,3060,0
rep3,1.2004,3061,0
rep3,1.2005,3062,0
rep3,1.2007,3063,0
rep3,1.2007,3064,0
rep3,1.2007,3065,0
rep3,1.2008,3066,0
rep3,1.2009,3067,0
rep3,1.201,3068,0
rep3,1.201,3069,0
rep3,1.2011,3070,0
rep3,1.2011,3071,0
rep3,1.2013,3072,0
rep3,1.2014,3073,0
rep3,1.2014,3074,0
rep3,1.2014,3075,0
rep3,1.2016,3076,0
rep3,1.2016,3077,0
rep3,1.2017,3078,0
rep3,1.202,3079,0
rep3,1.2021,3080,0
rep3,1.2022,3081,0
rep3,1.2022,3082,0
rep3,1.2022,3083,0
rep3,1.2025,3084,0
rep3,1.2026,3085,0
rep3,1.2027,3086,0
rep3,1.2027,3087,0
rep3,1.2028,3088,0
rep3,1.2028,3089,0
rep3,1.203,3090,0
rep3,1.203,3091,0
rep3,1.203,3092,0
rep3,1.2031,3093,0
rep3,1.2031,3094,0
rep3,1.2033,3095,0
rep3,1.2034,3096,0
rep3,1.2035,3097,0
rep3,1.2035,3098,0
rep3,1.2038,3099,0
rep3,1.2038,3100,0
rep3,1.2039,3101,0
rep3,1.2039,3102,0
rep3,1.204,3103,0
rep3,1.2041,3104,0
rep3,1.2042,3105,0
rep3,1.2044,3106,0
rep3,1.2048,3107,0
rep3,1.205,3108,0
rep3,1.205,3109,0
rep3,1.205,3110,0
rep3,1.2051,3111,0
rep3,1.2052,3112,0
rep3,1.2052,3113,0
rep3,1.2053,3114,0
rep3,1.2054,3115,0
rep3,1.2055,3116,0
rep3,1.2055,3117,0
rep3,1.2056,3118,0
rep3,1.2056,3119,0
rep3,1.2057,3120,0
rep3,1.2057,3121,0
rep3,1.2058,3122,0
rep3,1.206,3123,0
rep3,1.2061,3124,0
rep3,1.2062,3125,0
rep3,1.2062,3126,0
rep3,1.2063,3127,0
rep3,1.2064,3128,0
rep3,1.2065,3129,0
rep3,1.2066,3130,0
rep3,1.2066,3131,0
rep3,1.2066,3132,0
rep3,1.2066,3133,0
rep3,1.2071,3134,0
rep3,1.2072,3135,0
rep3,1.2072,3136,0
rep3,1.2074,3137,0
rep3,1.2074,3138,0
rep3,1.2075,3139,0
rep3,1.2076,3140,0
rep3,1.2077,3141,0
rep3,1.2077,3142,0
rep3,1.2078,3143,0
rep3,1.2079,3144,0
rep3,1.208,3145,0
rep3,1.208,3146,0
rep3,1.208,3147,0
rep3,1.208,3148,0
rep3,1.2081,3149,0
rep3,1.2082,3150,0
rep3,1.2082,3151,0
rep3,1.2083,3152,0
rep3,1.2083,3153,0
rep3,1.2083,3154,0
rep3,1.2084,3155,0
rep3,1.2084,3156,0
rep3,1.2084,3157,0
rep3,1.2085,3158,0
rep3,1.2087,3159,0
rep3,1.2088,3160,0
rep3,1.2088,3161,0
rep3,1.2089,3162,0
rep3,1.209,3163,0
rep3,1.2091,3164,0
rep3,1.2093,3165,0
rep3,1.2094,3166,0
rep3,1.2098,3167,0
rep3,1.2098,3168,0
rep3,1.2099,3169,0
rep3,1.21,3170,0
rep3,1.21,3171,0
rep3,1.2102,3172,0
rep3,1.2102,3173,0
rep3,1.2103,3174,0
rep3,1.2104,3175,0
rep3,1.2105,3176,0
rep3,1.2105,3177,0
rep3,1.2106,3178,0
rep3,1.2107,3179,0
rep3,1.2107,3180,0
rep3,1.2109,3181,0
rep3,1.2111,3182,0
rep3,1.2112,3183,0
rep3,1.2112,3184,0
rep3,1.2113,3185,0
rep3,1.2113,3186,0
rep3,1.2113,3187,0
rep3,1.2114,3188,0
rep3,1.2115,3189,0
rep3,1.2115,3190,0
rep3,1.2116,3191,0
rep3,1.2116,3192,0
rep3,1.2119,3193,0
rep3,1.2119,3194,0
rep3,1.2121,3195,0
rep3,1.2123,3196,0
rep3,1.2124,3197,0
rep3,1.2124,3198,0
rep3,1.2125,3199,0
rep3,1.2125,3200,0
rep3,1.2125,3201,0
rep3,1.2126,3202,0
rep3,1.2126,3203,0
rep3,1.2126,3204,0
rep3,1.2127,3205,0
rep3,1.2127,3206,0
rep3,1.2127,3207,0
rep3,1.2127,3208,0
rep3,1.2129,3209,0
rep3,1.213,3210,0
rep3,1.213,3211,0
rep3,1.2131,3212,0
rep3,1.2132,3213,0
rep3,1.2132,3214,0
rep3,1.2134,3215,0
rep3,1.2136,3216,0
rep3,1.2137,3217,0
rep3,1.2138,3218,0
rep3,1.2139,3219,0
rep3,1.214,3220,0
rep3,1.214,3221,0
rep3,1.2141,3222,0
rep3,1.2141,3223,0
rep3,1.2141,3224,0
rep3,1.2142,3225,0
rep3,1.2143,3226,0
rep3,1.2144,3227,0
rep3,1.2144,3228,0
rep3,1.2145,3229,0
rep3,1.2146,3230,0
rep3,1.2146,3231,0
rep3,1.2147,3232,0
rep3,1.2148,3233,0
rep3,1.2149,3234,0
rep3,1.2149,3235,0
rep3,1.215,3236,0
rep3,1.2151,3237,0
rep3,1.2152,3238,0
rep3,1.2153,3239,0
rep3,1.2156,3240,0
rep3,1.2156,3241,0
rep3,1.2156,3242,0
rep3,1.2157,3243,0
rep3,1.2157,3244,0
rep3,1.2157,3245,0
rep3,1.2158,3246,0
rep3,1.2158,3247,0
rep3,1.2158,3248,0
rep3,1.2159,3249,0
rep3,1.216,3250,0
rep3,1.2161,3251,0
rep3,1.2161,3252,0
rep3,1.2161,3253,0
rep3,1.2161,3254,0
rep3,1.2161,3255,0
rep3,1.2162,3256,0
rep3,1.2163,3257,0
rep3,1.2163,3258,0
rep3,1.2163,3259,0
rep3,1.2163,3260,0
rep3,1.2164,3261,0
rep3,1.2168,3262,0
rep3,1.2171,3263,0
rep3,1.2172,3264,0
rep3,1.2173,3265,0
rep3,1.2173,3266,0
rep3,1.2174,3267,0
rep3,1.2175,3268,0
rep3,1.2175,3269,0
rep3,1.2177,3270,0
rep3,1.2177,3271,0
rep3,1.2178,3272,0
rep3,1.2178,3273,0
rep3,1.2181,3274,0
rep3,1.2183,3275,0
rep3,1.2183,3276,0
rep3,1.2184,3277,0
rep3,1.2184,3278,0
rep3,1.2184,3279,0
rep3,1.2185,3280,0
rep3,1.2186,3281,0
rep3,1.2187,3282,0
rep3,1.2188,3283,0
rep3,1.219,3284,0
rep3,1.2191,3285,0
rep3,1.2192,3286,0
rep3,1.2193,3287,0
rep3,1.2193,3288,0
rep3,1.2194,3289,0
rep3,1.2194,3290,0
rep3,1.2195,3291,0
rep3,1.2196,3292,0
rep3,1.2197,3293,0
rep3,1.2197,3294,0
rep3,1.2198,3295,0
rep3,1.2199,3296,0
rep3,1.2199,3297,0
rep3,1.2203,3298,0
rep3,1.2204,3299,0
rep3,1.2204,3300,0
rep3,1.2205,3301,0
rep3,1.2206,3302,0
rep3,1.2207,3303,0
rep3,1.2207,3304,0
rep3,1.2208,3305,0
rep3,1.2208,3306,0
rep3,1.2209,3307,0
rep3,1.221,3308,0
rep3,1.2211,3309,0
rep3,1.2211,3310,0
rep3,1.2212,3311,0
rep3,1.2212,3312,0
rep3,1.2213,3313,0
rep3,1.2213,3314,0
rep3,1.2215,3315,0
rep3,1.2216,3316,0
rep3,1.2217,3317,0
rep3,1.2218,3318,0
rep3,1.2218,3319,0
rep3,1.2218,3320,0
rep3,1.2219,3321,0
rep3,1.2219,3322,0
rep3,1.2219,3323,0
rep3,1.2219,3324,0
rep3,1.222,3325,0
rep3,1.222,3326,0
rep3,1.2221,3327,0
rep3,1.2222,3328,0
rep3,1.2224,3329,0
rep3,1.2225,3330,0
rep3,1.2227,3331,0
rep3,1.2227,3332,0
rep3,1.2228,3333,0
rep3,1.2228,3334,0
rep3,1.223,3335,0
rep3,1.2231,3336,0
rep3,1.2234,3337,0
rep3,1.2234,3338,0
rep3,1.2235,3339,0
rep3,1.2236,3340,0
rep3,1.2237,3341,0
rep3,1.2237,3342,0
rep3,1.2237,3343,0
rep3,1.2238,3344,0
rep3,1.2238,3345,0
rep3,1.2238,3346,0
rep3,1.2239,3347,0
rep3,1.2241,3348,0
rep3,1.2243,3349,0
rep3,1.2245,3350,0
rep3,1.2245,3351,0
rep3,1.2245,3352,0
rep3,1.2246,3353,0
rep3,1.2247,3354,0
rep3,1.2248,3355,0
rep3,1.2248,3356,0
rep3,1.2248,3357,0
rep3,1.2249,3358,0
rep3,1.225,3359,0
rep3,1.2251,3360,0
rep3,1.2251,3361,0
rep3,1.2252,3362,0
rep3,1.2253,3363,0
rep3,1.2253,3364,0
rep3,1.2255,3365,0
rep3,1.2255,3366,0
rep3,1.2257,3367,0
rep3,1.226,3368,0
rep3,1.226,3369,0
rep3,1.226,3370,0
rep3,1.2261,3371,0
rep3,1.2262,3372,0
rep3,1.2263,3373,0
rep3,1.2263,3374,0
rep3,1.2264,3375,0
rep3,1.2264,3376,0
rep3,1.2266,3377,0
rep3,1.2267,3378,0
rep3,1.2268,3379,0
rep3,1.2268,3380,0
rep3,1.2269,3381,0
rep3,1.2269,3382,0
rep3,1.2271,3383,0
rep3,1.2271,3384,0
rep3,1.2273,3385,0
rep3,1.2273,3386,0
rep3,1.2274,3387,0
rep3,1.2274,3388,0
rep3,1.2276,3389,0
rep3,1.2278,3390,0
rep3,1.2278,3391,0
rep3,1.2279,3392,0
rep3,1.2279,3393,0
rep3,1.228,3394,0
rep3,1.2281,3395,0
rep3,1.2281,3396,0
rep3,1.2282,3397,0
rep3,1.2282,3398,0
rep3,1.2283,3399,0
rep3,1.2283,3400,0
rep3,1.2284,3401,0
rep3,1.2285,3402,0
rep3,1.2286,3403,0
rep3,1.2287,3404,0
rep3,1.2287,3405,0
rep3,1.2288,3406,0
rep3,1.2288,3407,0
rep3,1.2288,3408,0
rep3,1.229,3409,0
rep3,1.229,3410,0
rep3,1.229,3411,0
rep3,1.2296,3412,0
rep3,1.2296,3413,0
rep3,1.2297,3414,0
rep3,1.2298,3415,0
rep3,1.2298,3416,0
rep3,1.2299,3417,0
rep3,1.2299,3418,0
rep3,1.2301,3419,0
rep3,1.2301,3420,0
rep3,1.2302,3421,0
rep3,1.2303,3422,0
rep3,1.2303,3423,0
rep3,1.2304,3424,0
rep3,1.2304,3425,0
rep3,1.2304,3426,0
rep3,1.2306,3427,0
rep3,1.2307,3428,0
rep3,1.2309,3429,0
rep3,1.2309,3430,0
rep3,1.231,3431,0
rep3,1.231,3432,0
rep3,1.2311,3433,0
rep3,1.2313,3434,0
rep3,1.2313,3435,0
rep3,1.2313,3436,0
rep3,1.2313,3437,0
rep3,1.2314,3438,0
rep3,1.2314,3439,0
rep3,1.2316,3440,0
rep3,1.2318,3441,0
rep3,1.232,3442,0
rep3,1.232,3443,0
rep3,1.2321,3444,0
rep3,1.2322,3445,0
rep3,1.2322,3446,0
rep3,1.2322,3447,0
rep3,1.2324,3448,0
rep3,1.2324,3449,0
rep3,1.2325,3450,0
rep3,1.2326,3451,0
rep3,1.2327,3452,0
rep3,1.2327,3453,0
rep3,1.2328,3454,0
rep3,1.2328,3455,0
rep3,1.2329,3456,0
rep3,1.233,3457,0
rep3,1.2331,3458,0
rep3,1.2331,3459,0
rep3,1.2333,3460,0
rep3,1.2333,3461,0
rep3,1.2334,3462,0
rep3,1.2336,3463,0
rep3,1.2337,3464,0
rep3,1.2337,3465,0
rep3,1.2337,3466,0
rep3,1.2338,3467,0
rep3,1.2338,3468,0
rep3,1.234,3469,0
rep3,1.2341,3470,0
rep3,1.2343,3471,0
rep3,1.2344,3472,0
rep3,1.2344,3473,0
rep3,1.2344,3474,0
rep3,1.2345,3475,0
rep3,1.2346,3476,0
rep3,1.2346,3477,0
rep3,1.2348,3478,0
rep3,1.2349,3479,0
rep3,1.2351,3480,0
rep3,1.2353,3481,0
rep3,1.2353,3482,0
rep3,1.2355,3483,0
rep3,1.2355,3484,0
rep3,1.2356,3485,0
rep3,1.2357,3486,0
rep3,1.2357,3487,0
rep3,1.2357,3488,0
rep3,1.2359,3489,0
rep3,1.2359,3490,0
rep3,1.236,3491,0
rep3,1.236,3492,0
rep3,1.2361,3493,0
rep3,1.2361,3494,0
rep3,1.2363,3495,0
rep3,1.2365,3496,0
rep3,1.2366,3497,0
rep3,1.2367,3498,0
rep3,1.2368,3499,0
rep3,1.2368,3500,0
rep3,1.2369,3501,0
rep3,1.237,3502,0
rep3,1.2371,3503,0
rep3,1.2372,3504,0
rep3,1.2374,3505,0
rep3,1.2375,3506,0
rep3,1.2377,3507,0
rep3,1.2379,3508,0
rep3,1.2382,3509,0
rep3,1.2383,3510,0
rep3,1.2384,3511,0
rep3,1.2384,3512,0
rep3,1.2385,3513,0
rep3,1.2386,3514,0
rep3,1.2387,3515,0
rep3,1.2388,3516,0
rep3,1.2388,3517,0
rep3,1.2389,3518,0
rep3,1.2389,3519,0
rep3,1.2391,3520,0
rep3,1.2392,3521,0
rep3,1.2392,3522,0
rep3,1.2393,3523,0
rep3,1.2394,3524,0
rep3,1.2394,3525,0
rep3,1.2395,3526,0
rep3,1.2395,3527,0
rep3,1.2397,3528,0
rep3,1.2398,3529,0
rep3,1.24,3530,0
rep3,1.2401,3531,0
rep3,1.2401,3532,0
rep3,1.2404,3533,0
rep3,1.2404,3534,0
rep3,1.2407,3535,0
rep3,1.2409,3536,0
rep3,1.2409,3537,0
rep3,1.241,3538,0
rep3,1.2413,3539,0
rep3,1.2413,3540,0
rep3,1.2414,3541,0
rep3,1.2415,3542,0
rep3,1.2415,3543,0
rep3,1.2416,3544,0
rep3,1.2417,3545,0
rep3,1.2417,3546,0
rep3,1.2418,3547,0
rep3,1.2418,3548,0
rep3,1.2419,3549,0
rep3,1.2419,3550,0
rep3,1.2419,3551,0
rep3,1.2419,3552,0
rep3,1.242,3553,0
rep3,1.2421,3554,0
rep3,1.2422,3555,0
rep3,1.2422,3556,0
rep3,1.2423,3557,0
rep3,1.2423,3558,0
rep3,1.2423,3559,0
rep3,1.2425,3560,0
rep3,1.2425,3561,0
rep3,1.2427,3562,0
rep3,1.2427,3563,0
rep3,1.2429,3564,0
rep3,1.2431,3565,0
rep3,1.2432,3566,0
rep3,1.2432,3567,0
rep3,1.2433,3568,0
rep3,1.2433,3569,0
rep3,1.2436,3570,0
rep3,1.2436,3571,0
rep3,1.2437,3572,0
rep3,1.2438,3573,0
rep3,1.2438,3574,0
rep3,1.2438,3575,0
rep3,1.2439,3576,0
rep3,1.2439,3577,0
rep3,1.2439,3578,0
rep3,1.244,3579,0
rep3,1.244,3580,0
rep3,1.2441,3581,0
rep3,1.2441,3582,0
rep3,1.2442,3583,0
rep3,1.2442,3584,0
rep3,1.2443,3585,0
rep3,1.2443,3586,0
rep3,1.2444,3587,0
rep3,1.2445,3588,0
rep3,1.2445,3589,0
rep3,1.2445,3590,0
rep3,1.2446,3591,0
rep3,1.2446,3592,0
rep3,1.2446,3593,0
rep3,1.2448,3594,0
rep3,1.2449,3595,0
rep3,1.245,3596,0
rep3,1.245,3597,0
rep3,1.2452,3598,0
rep3,1.2454,3599,0
rep3,1.2455,3600,0
rep3,1.2455,3601,0
rep3,1.2456,3602,0
rep3,1.2458,3603,0
rep3,1.2458,3604,0
rep3,1.2459,3605,0
rep3,1.246,3606,0
rep3,1.2461,3607,0
rep3,1.2461,3608,0
rep3,1.2461,3609,0
rep3,1.2462,3610,0
rep3,1.2465,3611,0
rep3,1.2465,3612,0
rep3,1.2465,3613,0
rep3,1.2465,3614,0
rep3,1.2466,3615,0
rep3,1.2468,3616,0
rep3,1.2469,3617,0
rep3,1.2469,3618,0
rep3,1.247,3619,0
rep3,1.2472,3620,0
rep3,1.2473,3621,0
rep3,1.2474,3622,0
rep3,1.2475,3623,0
rep3,1.2475,3624,0
rep3,1.2476,3625,0
rep3,1.2476,3626,0
rep3,1.2477,3627,0
rep3,1.2478,3628,0
rep3,1.2479,3629,0
rep3,1.248,3630,0
rep3,1.2481,3631,0
rep3,1.2481,3632,0
rep3,1.2481,3633,0
rep3,1.2482,3634,0
rep3,1.2482,3635,0
rep3,1.2483,3636,0
rep3,1.2483,3637,0
rep3,1.2483,3638,0
rep3,1.2484,3639,0
rep3,1.2485,3640,0
rep3,1.2486,3641,0
rep3,1.2486,3642,0
rep3,1.2487,3643,0
rep3,1.2489,3644,0
rep3,1.2489,3645,0
rep3,1.249,3646,0
rep3,1.2491,3647,0
rep3,1.2491,3648,0
rep3,1.2491,3649,0
rep3,1.2492,3650,0
rep3,1.2492,3651,0
rep3,1.2493,3652,0
rep3,1.2495,3653,0
rep3,1.2497,3654,0
rep3,1.2497,3655,0
rep3,1.2497,3656,0
rep3,1.2497,3657,0
rep3,1.2501,3658,0
rep3,1.2501,3659,0
rep3,1.2502,3660,0
rep3,1.2507,3661,0
rep3,1.2508,3662,0
rep3,1.2509,3663,0
rep3,1.251,3664,0
rep3,1.2511,3665,0
rep3,1.2511,3666,0
rep3,1.2513,3667,0
rep3,1.2513,3668,0
rep3,1.2514,3669,0
rep3,1.2514,3670,0
rep3,1.2515,3671,0
rep3,1.2516,3672,0
rep3,1.2516,3673,0
rep3,1.2517,3674,0
rep3,1.2517,3675,0
rep3,1.2518,3676,0
rep3,1.252,3677,0
rep3,1.2521,3678,0
rep3,1.2521,3679,0
rep3,1.2522,3680,0
rep3,1.2523,3681,0
rep3,1.2524,3682,0
rep3,1.2525,3683,0
rep3,1.2526,3684,0
rep3,1.2526,3685,0
rep3,1.2527,3686,0
rep3,1.2527,3687,0
rep3,1.2529,3688,0
rep3,1.253,3689,0
rep3,1.253,3690,0
rep3,1.2531,3691,0
rep3,1.2534,3692,0
rep3,1.2535,3693,0
rep3,1.2535,3694,0
rep3,1.2538,3695,0
rep3,1.2538,3696,0
rep3,1.2539,3697,0
rep3,1.2541,3698,0
rep3,1.2541,3699,0
rep3,1.2542,3700,0
rep3,1.2542,3701,0
rep3,1.2544,3702,0
rep3,1.2546,3703,0
rep3,1.2551,3704,0
rep3,1.2552,3705,0
rep3,1.2553,3706,0
rep3,1.2554,3707,0
rep3,1.2556,3708,0
rep3,1.2557,3709,0
rep3,1.2558,3710,0
rep3,1.2558,3711,0
rep3,1.2559,3712,0
rep3,1.2559,3713,0
rep3,1.256,3714,0
rep3,1.256,3715,0
rep3,1.256,3716,0
rep3,1.2562,3717,0
rep3,1.2562,3718,0
rep3,1.2563,3719,0
rep3,1.2563,3720,0
rep3,1.2563,3721,0
rep3,1.2565,3722,0
rep3,1.2565,3723,0
rep3,1.2565,3724,0
rep3,1.2568,3725,0
rep3,1.2569,3726,0
rep3,1.2569,3727,0
rep3,1.257,3728,0
rep3,1.2571,3729,0
rep3,1.2572,3730,0
rep3,1.2572,3731,0
rep3,1.2572,3732,0
rep3,1.2575,3733,0
rep3,1.2577,3734,0
rep3,1.2578,3735,0
rep3,1.2579,3736,0
rep3,1.258,3737,0
rep3,1.258,3738,0
rep3,1.2581,3739,0
rep3,1.2583,3740,0
rep3,1.2584,3741,0
rep3,1.2586,3742,0
rep3,1.2587,3743,0
rep3,1.2587,3744,0
rep3,1.2588,3745,0
rep3,1.2588,3746,0
rep3,1.2593,3747,0
rep3,1.2595,3748,0
rep3,1.2596,3749,0
rep3,1.2596,3750,0
rep3,1.2596,3751,0
rep3,1.2597,3752,0
rep3,1.2599,3753,0
rep3,1.2599,3754,0
rep3,1.2601,3755,0
rep3,1.2601,3756,0
rep3,1.2603,3757,0
rep3,1.2603,3758,0
rep3,1.2603,3759,0
rep3,1.2604,3760,0
rep3,1.2608,3761,0
rep3,1.2609,3762,0
rep3,1.261,3763,0
rep3,1.261,3764,0
rep3,1.2611,3765,0
rep3,1.2612,3766,0
rep3,1.2613,3767,0
rep3,1.262,3768,0
rep3,1.262,3769,0
rep3,1.262,3770,0
rep3,1.2621,3771,0
rep3,1.2622,3772,0
rep3,1.2622,3773,0
rep3,1.2623,3774,0
rep3,1.2625,3775,0
rep3,1.2625,3776,0
rep3,1.2625,3777,0
rep3,1.2626,3778,0
rep3,1.2627,3779,0
rep3,1.2627,3780,0
rep3,1.2628,3781,0
rep3,1.2629,3782,0
rep3,1.2631,3783,0
rep3,1.2631,3784,0
rep3,1.2631,3785,0
rep3,1.2632,3786,0
rep3,1.2634,3787,0
rep3,1.2635,3788,0
rep3,1.2636,3789,0
rep3,1.2638,3790,0
rep3,1.2638,3791,0
rep3,1.2639,3792,0
rep3,1.2639,3793,0
rep3,1.2639,3794,0
rep3,1.264,3795,0
rep3,1.2643,3796,0
rep3,1.2643,3797,0
rep3,1.2645,3798,0
rep3,1.2646,3799,0
rep3,1.2649,3800,0
rep3,1.265,3801,0
rep3,1.265,3802,0
rep3,1.2651,3803,0
rep3,1.2652,3804,0
rep3,1.2652,3805,0
rep3,1.2653,3806,0
rep3,1.2654,3807,0
rep3,1.2655,3808,0
rep3,1.2656,3809,0
rep3,1.2656,3810,0
rep3,1.2657,3811,0
rep3,1.2658,3812,0
rep3,1.2659,3813,0
rep3,1.2661,3814,0
rep3,1.2661,3815,0
rep3,1.2661,3816,0
rep3,1.2665,3817,0
rep3,1.2668,3818,0
rep3,1.2669,3819,0
rep3,1.2671,3820,0
rep3,1.2671,3821,0
rep3,1.2672,3822,0
rep3,1.2673,3823,0
rep3,1.2673,3824,0
rep3,1.2674,3825,0
rep3,1.2674,3826,0
rep3,1.2674,3827,0
rep3,1.2675,3828,0
rep3,1.2676,3829,0
rep3,1.2677,3830,0
rep3,1.2677,3831,0
rep3,1.2679,3832,0
rep3,1.2679,3833,0
rep3,1.268,3834,0
rep3,1.268,3835,0
rep3,1.268,3836,0
rep3,1.268,3837,0
rep3,1.268,3838,0
rep3,1.2685,3839,0
rep3,1.2686,3840,0
rep3,1.2687,3841,0
rep3,1.2688,3842,0
rep3,1.2688,3843,0
rep3,1.269,3844,0
rep3,1.2691,3845,0
rep3,1.2693,3846,0
rep3,1.2696,3847,0
rep3,1.2696,3848,0
rep3,1.2696,3849,0
rep3,1.2698,3850,0
rep3,1.2699,3851,0
rep3,1.2699,3852,0
rep3,1.2699,3853,0
rep3,1.27,3854,0
rep3,1.27,3855,0
rep3,1.27,3856,0
rep3,1.2701,3857,0
rep3,1.2702,3858,0
rep3,1.2703,3859,0
rep3,1.2703,3860,0
rep3,1.2707,3861,0
rep3,1.2707,3862,0
rep3,1.2709,3863,0
rep3,1.2709,3864,0
rep3,1.2709,3865,0
rep3,1.271,3866,0
rep3,1.271,3867,0
rep3,1.2712,3868,0
rep3,1.2712,3869,0
rep3,1.2715,3870,0
rep3,1.2716,3871,0
rep3,1.272,3872,0
rep3,1.272,3873,0
rep3,1.272,3874,0
rep3,1.2721,3875,0
rep3,1.2723,3876,0
rep3,1.2724,3877,0
rep3,1.2725,3878,0
rep3,1.2725,3879,0
rep3,1.2727,3880,0
rep3,1.2728,3881,0
rep3,1.2728,3882,0
rep3,1.2729,3883,0
rep3,1.2729,3884,0
rep3,1.273,3885,0
rep3,1.2731,3886,0
rep3,1.2731,3887,0
rep3,1.2732,3888,0
rep3,1.2736,3889,0
rep3,1.2736,3890,0
rep3,1.2737,3891,0
rep3,1.2738,3892,0
rep3,1.2738,3893,0
rep3,1.2738,3894,0
rep3,1.2739,3895,0
rep3,1.2741,3896,0
rep3,1.2743,3897,0
rep3,1.2745,3898,0
rep3,1.2746,3899,0
rep3,1.2747,3900,0
rep3,1.2748,3901,0
rep3,1.275,3902,0
rep3,1.275,3903,0
rep3,1.275,3904,0
rep3,1.2752,3905,0
rep3,1.2752,3906,0
rep3,1.2757,3907,0
rep3,1.2757,3908,0
rep3,1.2758,3909,0
rep3,1.2758,3910,0
rep3,1.2758,3911,0
rep3,1.2759,3912,0
rep3,1.276,3913,0
rep3,1.2762,3914,0
rep3,1.2764,3915,0
rep3,1.2764,3916,0
rep3,1.2764,3917,0
rep3,1.2765,3918,0
rep3,1.2767,3919,0
rep3,1.2768,3920,0
rep3,1.2768,3921,0
rep3,1.277,3922,0
rep3,1.2772,3923,0
rep3,1.2773,3924,0
rep3,1.2773,3925,0
rep3,1.2776,3926,0
rep3,1.2776,3927,0
rep3,1.2777,3928,0
rep3,1.2777,3929,0
rep3,1.2779,3930,0
rep3,1.278,3931,0
rep3,1.278,3932,0
rep3,1.2781,3933,0
rep3,1.2781,3934,0
rep3,1.2781,3935,0
rep3,1.2782,3936,0
rep3,1.2783,3937,0
rep3,1.2784,3938,0
rep3,1.2785,3939,0
rep3,1.2785,3940,0
rep3,1.2787,3941,0
rep3,1.2788,3942,0
rep3,1.2791,3943,0
rep3,1.2791,3944,0
rep3,1.2796,3945,0
rep3,1.2796,3946,0
rep3,1.2796,3947,0
rep3,1.2799,3948,0
rep3,1.28,3949,0
rep3,1.28,3950,0
rep3,1.2801,3951,0
rep3,1.2802,3952,0
rep3,1.2802,3953,0
rep3,1.2803,3954,0
rep3,1.2804,3955,0
rep3,1.2804,3956,0
rep3,1.2809,3957,0
rep3,1.281,3958,0
rep3,1.2814,3959,0
rep3,1.2814,3960,0
rep3,1.2816,3961,0
rep3,1.2816,3962,0
rep3,1.2816,3963,0
rep3,1.2816,3964,0
rep3,1.2817,3965,0
rep3,1.2817,3966,0
rep3,1.2817,3967,0
rep3,1.2817,3968,0
rep3,1.2818,3969,0
rep3,1.2818,3970,0
rep3,1.2818,3971,0
rep3,1.2819,3972,0
rep3,1.2823,3973,0
rep3,1.2824,3974,0
rep3,1.2825,3975,0
rep3,1.2825,3976,0
rep3,1.2826,3977,0
rep3,1.2829,3978,0
rep3,1.2829,3979,0
rep3,1.2829,3980,0
rep3,1.283,3981,0
rep3,1.2831,3982,0
rep3,1.2832,3983,0
rep3,1.2833,3984,0
rep3,1.2836,3985,0
rep3,1.2836,3986,0
rep3,1.2836,3987,0
rep3,1.2837,3988,0
rep3,1.2838,3989,0
rep3,1.284,3990,0
rep3,1.284,3991,0
rep3,1.2841,3992,0
rep3,1.2841,3993,0
rep3,1.2841,3994,0
rep3,1.2842,3995,0
rep3,1.2842,3996,0
rep3,1.2843,3997,0
rep3,1.2843,3998,0
rep3,1.2844,3999,0
rep3,1.2844,4000,0
rep3,1.2845,4001,0
rep3,1.2846,4002,0
rep3,1.2847,4003,0
rep3,1.2849,4004,0
rep3,1.2851,4005,0
rep3,1.2852,4006,0
rep3,1.2856,4007,0
rep3,1.2856,4008,0
rep3,1.2858,4009,0
rep3,1.2858,4010,0
rep3,1.2858,4011,0
rep3,1.2859,4012,0
rep3,1.286,4013,0
rep3,1.2861,4014,0
rep3,1.2862,4015,0
rep3,1.2864,4016,0
rep3,1.2865,4017,0
rep3,1.2867,4018,0
rep3,1.2868,4019,0
rep3,1.2869,4020,0
rep3,1.2872,4021,0
rep3,1.2873,4022,0
rep3,1.2873,4023,0
rep3,1.2878,4024,0
rep3,1.2879,4025,0
rep3,1.2879,4026,0
rep3,1.2879,4027,0
rep3,1.288,4028,0
rep3,1.2882,4029,0
rep3,1.2882,4030,0
rep3,1.2885,4031,0
rep3,1.2886,4032,0
rep3,1.2888,4033,0
rep3,1.2888,4034,0
rep3,1.2888,4035,0
rep3,1.2893,4036,0
rep3,1.2893,4037,0
rep3,1.2894,4038,0
rep3,1.2896,4039,0
rep3,1.2896,4040,0
rep3,1.2899,4041,0
rep3,1.29,4042,0
rep3,1.29,4043,0
rep3,1.2901,4044,0
rep3,1.2902,4045,0
rep3,1.2903,4046,0
rep3,1.2904,4047,0
rep3,1.2904,4048,0
rep3,1.2908,4049,0
rep3,1.2909,4050,0
rep3,1.2912,4051,0
rep3,1.2913,4052,0
rep3,1.2913,4053,0
rep3,1.2914,4054,0
rep3,1.2916,4055,0
rep3,1.2917,4056,0
rep3,1.2918,4057,0
rep3,1.2918,4058,0
rep3,1.2918,4059,0
rep3,1.2919,4060,0
rep3,1.2921,4061,0
rep3,1.2922,4062,0
rep3,1.2923,4063,0
rep3,1.2925,4064,0
rep3,1.2926,4065,0
rep3,1.2926,4066,0
rep3,1.2926,4067,0
rep3,1.2929,4068,0
rep3,1.293,4069,0
rep3,1.293,4070,0
rep3,1.2931,4071,0
rep3,1.2931,4072,0
rep3,1.2932,4073,0
rep3,1.2933,4074,0
rep3,1.2934,4075,0
rep3,1.2934,4076,0
rep3,1.2935,4077,0
rep3,1.2935,4078,0
rep3,1.2936,4079,0
rep3,1.2938,4080,0
rep3,1.2941,4081,0
rep3,1.2941,4082,0
rep3,1.2942,4083,0
rep3,1.2945,4084,0
rep3,1.2947,4085,0
rep3,1.2951,4086,0
rep3,1.2951,4087,0
rep3,1.2952,4088,0
rep3,1.2955,4089,0
rep3,1.2958,4090,0
rep3,1.2958,4091,0
rep3,1.2959,4092,0
rep3,1.2959,4093,0
rep3,1.2959,4094,0
rep3,1.296,4095,0
rep3,1.2961,4096,0
rep3,1.2961,4097,0
rep3,1.2961,4098,0
rep3,1.2962,4099,0
rep3,1.2963,4100,0
rep3,1.2963,4101,0
rep3,1.2964,4102,0
rep3,1.2964,4103,0
rep3,1.2965,4104,0
rep3,1.2965,4105,0
rep3,1.2967,4106,0
rep3,1.2967,4107,0
rep3,1.2968,4108,0
rep3,1.2972,4109,0
rep3,1.2973,4110,0
rep3,1.2976,4111,0
rep3,1.2977,4112,0
rep3,1.2977,4113,0
rep3,1.2978,4114,0
rep3,1.2979,4115,0
rep3,1.298,4116,0
rep3,1.2981,4117,0
rep3,1.2981,4118,0
rep3,1.2982,4119,0
rep3,1.2984,4120,0
rep3,1.2987,4121,0
rep3,1.2987,4122,0
rep3,1.2988,4123,0
rep3,1.2989,4124,0
rep3,1.2989,4125,0
rep3,1.2993,4126,0
rep3,1.2994,4127,0
rep3,1.2994,4128,0
rep3,1.2996,4129,0
rep3,1.2998,4130,0
rep3,1.2999,4131,0
rep3,1.2999,4132,0
rep3,1.3001,4133,0
rep3,1.3001,4134,0
rep3,1.3002,4135,0
rep3,1.3004,4136,0
rep3,1.3004,4137,0
rep3,1.3006,4138,0
rep3,1.3008,4139,0
rep3,1.3009,4140,0
rep3,1.3009,4141,0
rep3,1.301,4142,0
rep3,1.3013,4143,0
rep3,1.3014,4144,0
rep3,1.3016,4145,0
rep3,1.3017,4146,0
rep3,1.3018,4147,0
rep3,1.3019,4148,0
rep3,1.3019,4149,0
rep3,1.3019,4150,0
rep3,1.3019,4151,0
rep3,1.302,4152,0
rep3,1.3021,4153,0
rep3,1.3023,4154,0
rep3,1.3024,4155,0
rep3,1.3027,4156,0
rep3,1.3031,4157,0
rep3,1.3031,4158,0
rep3,1.3031,4159,0
rep3,1.3032,4160,0
rep3,1.3036,4161,0
rep3,1.3038,4162,0
rep3,1.3041,4163,0
rep3,1.3043,4164,0
rep3,1.3043,4165,0
rep3,1.3045,4166,0
rep3,1.3047,4167,0
rep3,1.3048,4168,0
rep3,1.3051,4169,0
rep3,1.3051,4170,0
rep3,1.3054,4171,0
rep3,1.3056,4172,0
rep3,1.3057,4173,0
rep3,1.3059,4174,0
rep3,1.306,4175,0
rep3,1.3061,4176,0
rep3,1.3062,4177,0
rep3,1.3062,4178,0
rep3,1.3063,4179,0
rep3,1.3065,4180,0
rep3,1.3066,4181,0
rep3,1.3066,4182,0
rep3,1.3067,4183,0
rep3,1.3068,4184,0
rep3,1.3068,4185,0
rep3,1.307,4186,0
rep3,1.3071,4187,0
rep3,1.3072,4188,0
rep3,1.3075,4189,0
rep3,1.3076,4190,0
rep3,1.3084,4191,0
rep3,1.3084,4192,0
rep3,1.3084,4193,0
rep3,1.3084,4194,0
rep3,1.3085,4195,0
rep3,1.3085,4196,0
rep3,1.3086,4197,0
rep3,1.3087,4198,0
rep3,1.3088,4199,0
rep3,1.3089,4200,0
rep3,1.3089,4201,0
rep3,1.3094,4202,0
rep3,1.3094,4203,0
rep3,1.3095,4204,0
rep3,1.3095,4205,0
rep3,1.31,4206,0
rep3,1.3101,4207,0
rep3,1.3101,4208,0
rep3,1.3102,4209,0
rep3,1.3104,4210,0
rep3,1.3106,4211,0
rep3,1.3107,4212,0
rep3,1.3108,4213,0
rep3,1.3112,4214,0
rep3,1.3113,4215,0
rep3,1.3114,4216,0
rep3,1.3114,4217,0
rep3,1.3115,4218,0
rep3,1.3119,4219,0
rep3,1.3119,4220,0
rep3,1.312,4221,0
rep3,1.3122,4222,0
rep3,1.3122,4223,0
rep3,1.3122,4224,0
rep3,1.3125,4225,0
rep3,1.3127,4226,0
rep3,1.3128,4227,0
rep3,1.3129,4228,0
rep3,1.3129,4229,0
rep3,1.313,4230,0
rep3,1.3131,4231,0
rep3,1.3133,4232,0
rep3,1.3134,4233,0
rep3,1.3134,4234,0
rep3,1.3134,4235,0
rep3,1.3134,4236,0
rep3,1.3137,4237,0
rep3,1.3138,4238,0
rep3,1.3139,4239,0
rep3,1.3147,4240,0
rep3,1.3149,4241,0
rep3,1.315,4242,0
rep3,1.3152,4243,0
rep3,1.3156,4244,0
rep3,1.3156,4245,0
rep3,1.3157,4246,0
rep3,1.3158,4247,0
rep3,1.3159,4248,0
rep3,1.316,4249,0
rep3,1.3161,4250,0
rep3,1.3161,4251,0
rep3,1.3162,4252,0
rep3,1.3164,4253,0
rep3,1.3164,4254,0
rep3,1.3164,4255,0
rep3,1.3165,4256,0
rep3,1.3169,4257,0
rep3,1.317,4258,0
rep3,1.317,4259,0
rep3,1.3171,4260,0
rep3,1.3173,4261,0
rep3,1.3174,4262,0
rep3,1.3175,4263,0
rep3,1.3176,4264,0
rep3,1.3178,4265,0
rep3,1.3178,4266,0
rep3,1.3179,4267,0
rep3,1.3181,4268,0
rep3,1.3182,4269,0
rep3,1.3182,4270,0
rep3,1.3184,4271,0
rep3,1.3184,4272,0
rep3,1.3185,4273,0
rep3,1.3186,4274,0
rep3,1.3187,4275,0
rep3,1.3187,4276,0
rep3,1.3189,4277,0
rep3,1.319,4278,0
rep3,1.3191,4279,0
rep3,1.3192,4280,0
rep3,1.3193,4281,0
rep3,1.3196,4282,0
rep3,1.3201,4283,0
rep3,1.3201,4284,0
rep3,1.3204,4285,0
rep3,1.3208,4286,0
rep3,1.321,4287,0
rep3,1.3211,4288,0
rep3,1.3212,4289,0
rep3,1.3213,4290,0
rep3,1.3215,4291,0
rep3,1.3217,4292,0
rep3,1.3219,4293,0
rep3,1.3219,4294,0
rep3,1.322,4295,0
rep3,1.322,4296,0
rep3,1.3224,4297,0
rep3,1.3224,4298,0
rep3,1.3224,4299,0
rep3,1.3225,4300,0
rep3,1.3227,4301,0
rep3,1.3227,4302,0
rep3,1.3227,4303,0
rep3,1.3227,4304,0
rep3,1.3229,4305,0
rep3,1.3229,4306,0
rep3,1.323,4307,0
rep3,1.3234,4308,0
rep3,1.3238,4309,0
rep3,1.3238,4310,0
rep3,1.324,4311,0
rep3,1.3242,4312,0
rep3,1.3243,4313,0
rep3,1.3244,4314,0
rep3,1.3245,4315,0
rep3,1.3245,4316,0
rep3,1.3245,4317,0
rep3,1.3245,4318,0
rep3,1.3246,4319,0
rep3,1.3247,4320,0
rep3,1.3249,4321,0
rep3,1.325,4322,0
rep3,1.3251,4323,0
rep3,1.3253,4324,0
rep3,1.3253,4325,0
rep3,1.3254,4326,0
rep3,1.3254,4327,0
rep3,1.3255,4328,0
rep3,1.3256,4329,0
rep3,1.3258,4330,0
rep3,1.3259,4331,0
rep3,1.3262,4332,0
rep3,1.3266,4333,0
rep3,1.3267,4334,0
rep3,1.3268,4335,0
rep3,1.3269,4336,0
rep3,1.3271,4337,0
rep3,1.3271,4338,0
rep3,1.3272,4339,0
rep3,1.3273,4340,0
rep3,1.3274,4341,0
rep3,1.3275,4342,0
rep3,1.3275,4343,0
rep3,1.3277,4344,0
rep3,1.3278,4345,0
rep3,1.3284,4346,0
rep3,1.3288,4347,0
rep3,1.3288,4348,0
rep3,1.3289,4349,0
rep3,1.329,4350,0
rep3,1.3293,4351,0
rep3,1.3293,4352,0
rep3,1.3295,4353,0
rep3,1.3295,4354,0
rep3,1.3296,4355,0
rep3,1.3296,4356,0
rep3,1.3299,4357,0
rep3,1.3301,4358,0
rep3,1.3301,4359,0
rep3,1.3306,4360,0
rep3,1.3307,4361,0
rep3,1.3311,4362,0
rep3,1.3313,4363,0
rep3,1.3316,4364,0
rep3,1.3317,4365,0
rep3,1.3318,4366,0
rep3,1.332,4367,0
rep3,1.332,4368,0
rep3,1.3321,4369,0
rep3,1.3324,4370,0
rep3,1.3325,4371,0
rep3,1.3326,4372,0
rep3,1.3331,4373,0
rep3,1.3333,4374,0
rep3,1.3339,4375,0
rep3,1.3342,4376,0
rep3,1.3346,4377,0
rep3,1.3347,4378,0
rep3,1.3349,4379,0
rep3,1.335,4380,0
rep3,1.335,4381,0
rep3,1.3351,4382,0
rep3,1.3352,4383,0
rep3,1.3352,4384,0
rep3,1.3357,4385,0
rep3,1.3359,4386,0
rep3,1.336,4387,0
rep3,1.3361,4388,0
rep3,1.3362,4389,0
rep3,1.3364,4390,0
rep3,1.3365,4391,0
rep3,1.3368,4392,0
rep3,1.3368,4393,0
rep3,1.3369,4394,0
rep3,1.3371,4395,0
rep3,1.3373,4396,0
rep3,1.3374,4397,0
rep3,1.3375,4398,0
rep3,1.3375,4399,0
rep3,1.3376,4400,0
rep3,1.3378,4401,0
rep3,1.3378,4402,0
rep3,1.3379,4403,0
rep3,1.338,4404,0
rep3,1.338,4405,0
rep3,1.3381,4406,0
rep3,1.3382,4407,0
rep3,1.3382,4408,0
rep3,1.3384,4409,0
rep3,1.3386,4410,0
rep3,1.3392,4411,0
rep3,1.3394,4412,0
rep3,1.3395,4413,0
rep3,1.3399,4414,0
rep3,1.34,4415,0
rep3,1.3402,4416,0
rep3,1.3405,4417,0
rep3,1.3406,4418,0
rep3,1.341,4419,0
rep3,1.341,4420,0
rep3,1.3412,4421,0
rep3,1.3416,4422,0
rep3,1.3417,4423,0
rep3,1.3419,4424,0
rep3,1.3419,4425,0
rep3,1.3419,4426,0
rep3,1.3421,4427,0
rep3,1.3422,4428,0
rep3,1.3424,4429,0
rep3,1.3425,4430,0
rep3,1.3433,4431,0
rep3,1.3438,4432,0
rep3,1.3439,4433,0
rep3,1.3439,4434,0
rep3,1.3443,4435,0
rep3,1.3445,4436,0
rep3,1.3446,4437,0
rep3,1.3446,4438,0
rep3,1.3448,4439,0
rep3,1.3455,4440,0
rep3,1.3455,4441,0
rep3,1.3459,4442,0
rep3,1.3461,4443,0
rep3,1.3463,4444,0
rep3,1.3465,4445,0
rep3,1.3465,4446,0
rep3,1.3466,4447,0
rep3,1.3468,4448,0
rep3,1.3469,4449,0
rep3,1.3473,4450,0
rep3,1.3476,4451,0
rep3,1.3479,4452,0
rep3,1.3481,4453,0
rep3,1.3481,4454,0
rep3,1.3484,4455,0
rep3,1.3486,4456,0
rep3,1.3487,4457,0
rep3,1.349,4458,0
rep3,1.3492,4459,0
rep3,1.3492,4460,0
rep3,1.3494,4461,0
rep3,1.3494,4462,0
rep3,1.3495,4463,0
rep3,1.3498,4464,0
rep3,1.3499,4465,0
rep3,1.3501,4466,0
rep3,1.3502,4467,0
rep3,1.3502,4468,0
rep3,1.3507,4469,0
rep3,1.3508,4470,0
rep3,1.3512,4471,0
rep3,1.3517,4472,0
rep3,1.3518,4473,0
rep3,1.3519,4474,0
rep3,1.3522,4475,0
rep3,1.3523,4476,0
rep3,1.3524,4477,0
rep3,1.3525,4478,0
rep3,1.3529,4479,0
rep3,1.3532,4480,0
rep3,1.3533,4481,0
rep3,1.3534,4482,0
rep3,1.3538,4483,0
rep3,1.3538,4484,0
rep3,1.3541,4485,0
rep3,1.3543,4486,0
rep3,1.3543,4487,0
rep3,1.3544,4488,0
rep3,1.3545,4489,0
rep3,1.3546,4490,0
rep3,1.3547,4491,0
rep3,1.3547,4492,0
rep3,1.3549,4493,0
rep3,1.3551,4494,0
rep3,1.3554,4495,0
rep3,1.3555,4496,0
rep3,1.3557,4497,0
rep3,1.3559,4498,0
rep3,1.3562,4499,0
rep3,1.3562,4500,0
rep3,1.3569,4501,0
rep3,1.3569,4502,0
rep3,1.3572,4503,0
rep3,1.3577,4504,0
rep3,1.3578,4505,0
rep3,1.358,4506,0
rep3,1.358,4507,0
rep3,1.3582,4508,0
rep3,1.3588,4509,0
rep3,1.3591,4510,0
rep3,1.3591,4511,0
rep3,1.3593,4512,0
rep3,1.3594,4513,0
rep3,1.3595,4514,0
rep3,1.3596,4515,0
rep3,1.3597,4516,0
rep3,1.3598,4517,0
rep3,1.3604,4518,0
rep3,1.3611,4519,0
rep3,1.3612,4520,0
rep3,1.3621,4521,0
rep3,1.3621,4522,0
rep3,1.3622,4523,0
rep3,1.3624,4524,0
rep3,1.3624,4525,0
rep3,1.363,4526,0
rep3,1.363,4527,0
rep3,1.363,4528,0
rep3,1.3633,4529,0
rep3,1.3635,4530,0
rep3,1.3636,4531,0
rep3,1.3638,4532,0
rep3,1.364,4533,0
rep3,1.364,4534,0
rep3,1.3641,4535,0
rep3,1.3641,4536,0
rep3,1.3642,4537,0
rep3,1.3643,4538,0
rep3,1.3647,4539,0
rep3,1.3648,4540,0
rep3,1.3652,4541,0
rep3,1.3652,4542,0
rep3,1.3653,4543,0
rep3,1.3656,4544,0
rep3,1.3657,4545,0
rep3,1.3657,4546,0
rep3,1.3658,4547,0
rep3,1.3668,4548,0
rep3,1.367,4549,0
rep3,1.3672,4550,0
rep3,1.3677,4551,0
rep3,1.3677,4552,0
rep3,1.3679,4553,0
rep3,1.3681,4554,0
rep3,1.3683,4555,0
rep3,1.3685,4556,0
rep3,1.3685,4557,0
rep3,1.3686,4558,0
rep3,1.3688,4559,0
rep3,1.3689,4560,0
rep3,1.3689,4561,0
rep3,1.3689,4562,0
rep3,1.3692,4563,0
rep3,1.3693,4564,0
rep3,1.3695,4565,0
rep3,1.3696,4566,0
rep3,1.3705,4567,0
rep3,1.3705,4568,0
rep3,1.3706,4569,0
rep3,1.3715,4570,0
rep3,1.3719,4571,0
rep3,1.372,4572,0
rep3,1.3721,4573,0
rep3,1.3724,4574,0
rep3,1.3726,4575,0
rep3,1.3729,4576,0
rep3,1.3729,4577,0
rep3,1.373,4578,0
rep3,1.3731,4579,0
rep3,1.374,4580,0
rep3,1.3744,4581,0
rep3,1.375,4582,0
rep3,1.3754,4583,0
rep3,1.3758,4584,0
rep3,1.3761,4585,0
rep3,1.3762,4586,0
rep3,1.3764,4587,0
rep3,1.3764,4588,0
rep3,1.3765,4589,0
rep3,1.3767,4590,0
rep3,1.3768,4591,0
rep3,1.3768,4592,0
rep3,1.3769,4593,0
rep3,1.3773,4594,0
rep3,1.3774,4595,0
rep3,1.3776,4596,0
rep3,1.3776,4597,0
rep3,1.3777,4598,0
rep3,1.378,4599,0
rep3,1.378,4600,0
rep3,1.3781,4601,0
rep3,1.3784,4602,0
rep3,1.3784,4603,0
rep3,1.3787,4604,0
rep3,1.379,4605,0
rep3,1.3791,4606,0
rep3,1.3793,4607,0
rep3,1.3794,4608,0
rep3,1.3795,4609,0
rep3,1.3802,4610,0
rep3,1.3802,4611,0
rep3,1.3803,4612,0
rep3,1.3804,4613,0
rep3,1.3807,4614,0
rep3,1.3814,4615,0
rep3,1.3817,4616,0
rep3,1.3819,4617,0
rep3,1.382,4618,0
rep3,1.3822,4619,0
rep3,1.3823,4620,0
rep3,1.3824,4621,0
rep3,1.3825,4622,0
rep3,1.3828,4623,0
rep3,1.3829,4624,0
rep3,1.3832,4625,0
rep3,1.3835,4626,0
rep3,1.3836,4627,0
rep3,1.3837,4628,0
rep3,1.3838,4629,0
rep3,1.384,4630,0
rep3,1.3843,4631,0
rep3,1.3843,4632,0
rep3,1.3844,4633,0
rep3,1.3845,4634,0
rep3,1.3846,4635,0
rep3,1.3847,4636,0
rep3,1.3853,4637,0
rep3,1.3855,4638,0
rep3,1.3857,4639,0
rep3,1.3859,4640,0
rep3,1.3861,4641,0
rep3,1.3864,4642,0
rep3,1.3866,4643,0
rep3,1.3866,4644,0
rep3,1.3869,4645,0
rep3,1.387,4646,0
rep3,1.387,4647,0
rep3,1.3872,4648,0
rep3,1.3879,4649,0
rep3,1.3882,4650,0
rep3,1.3885,4651,0
rep3,1.3886,4652,0
rep3,1.3897,4653,0
rep3,1.3902,4654,0
rep3,1.3903,4655,0
rep3,1.3918,4656,0
rep3,1.392,4657,0
rep3,1.3922,4658,0
rep3,1.3924,4659,0
rep3,1.3925,4660,0
rep3,1.3926,4661,0
rep3,1.3931,4662,0
rep3,1.3932,4663,0
rep3,1.3939,4664,0
rep3,1.3939,4665,0
rep3,1.3939,4666,0
rep3,1.3941,4667,0
rep3,1.3946,4668,0
rep3,1.3949,4669,0
rep3,1.3953,4670,0
rep3,1.396,4671,0
rep3,1.3964,4672,0
rep3,1.3966,4673,0
rep3,1.3969,4674,0
rep3,1.397,4675,0
rep3,1.3971,4676,0
rep3,1.3973,4677,0
rep3,1.3975,4678,0
rep3,1.3976,4679,0
rep3,1.398,4680,0
rep3,1.398,4681,0
rep3,1.3981,4682,0
rep3,1.3982,4683,0
rep3,1.3982,4684,0
rep3,1.3986,4685,0
rep3,1.3988,4686,0
rep3,1.3988,4687,0
rep3,1.399,4688,0
rep3,1.3992,4689,0
rep3,1.3993,4690,0
rep3,1.3993,4691,0
rep3,1.4,4692,0
rep3,1.4001,4693,0
rep3,1.4001,4694,0
rep3,1.4007,4695,0
rep3,1.4007,4696,0
rep3,1.4007,4697,0
rep3,1.4011,4698,0
rep3,1.4011,4699,0
rep3,1.4017,4700,0
rep3,1.4019,4701,0
rep3,1.4025,4702,0
rep3,1.4032,4703,0
rep3,1.4033,4704,0
rep3,1.4035,4705,0
rep3,1.4035,4706,0
rep3,1.4036,4707,0
rep3,1.4038,4708,0
rep3,1.4043,4709,0
rep3,1.4045,4710,0
rep3,1.4046,4711,0
rep3,1.4047,4712,0
rep3,1.4051,4713,0
rep3,1.4052,4714,0
rep3,1.4056,4715,0
rep3,1.4058,4716,0
rep3,1.4065,4717,0
rep3,1.4068,4718,0
rep3,1.407,4719,0
rep3,1.4075,4720,0
rep3,1.4078,4721,0
rep3,1.4084,4722,0
rep3,1.4088,4723,0
rep3,1.409,4724,0
rep3,1.4091,4725,0
rep3,1.4095,4726,0
rep3,1.4101,4727,0
rep3,1.4104,4728,0
rep3,1.4104,4729,0
rep3,1.4107,4730,0
rep3,1.4107,4731,0
rep3,1.4108,4732,0
rep3,1.4111,4733,0
rep3,1.4114,4734,0
rep3,1.4129,4735,0
rep3,1.4132,4736,0
rep3,1.4133,4737,0
rep3,1.4138,4738,0
rep3,1.4138,4739,0
rep3,1.4142,4740,0
rep3,1.4145,4741,0
rep3,1.4145,4742,0
rep3,1.4151,4743,0
rep3,1.4152,4744,0
rep3,1.4154,4745,0
rep3,1.4159,4746,0
rep3,1.4163,4747,0
rep3,1.4166,4748,0
rep3,1.4168,4749,0
rep3,1.4174,4750,0
rep3,1.4179,4751,0
rep3,1.4181,4752,0
rep3,1.4184,4753,0
rep3,1.4189,4754,0
rep3,1.4206,4755,0
rep3,1.4207,4756,0
rep3,1.4211,4757,0
rep3,1.4211,4758,0
rep3,1.4213,4759,0
rep3,1.4222,4760,0
rep3,1.4238,4761,0
rep3,1.4238,4762,0
rep3,1.4238,4763,0
rep3,1.4239,4764,0
rep3,1.4265,4765,0
rep3,1.4269,4766,0
rep3,1.4278,4767,0
rep3,1.4283,4768,0
rep3,1.4308,4769,0
rep3,1.4318,4770,0
rep3,1.4323,4771,0
rep3,1.4337,4772,0
rep3,1.4339,4773,0
rep3,1.4346,4774,0
rep3,1.4348,4775,0
rep3,1.4358,4776,0
rep3,1.436,4777,0
rep3,1.436,4778,0
rep3,1.4367,4779,0
rep3,1.4378,4780,0
rep3,1.438,4781,0
rep3,1.4399,4782,0
rep3,1.44,4783,0
rep3,1.4409,4784,0
rep3,1.441,4785,0
rep3,1.4415,4786,0
rep3,1.443,4787,0
rep3,1.4439,4788,0
rep3,1.4441,4789,0
rep3,1.445,4790,0
rep3,1.4475,4791,0
rep3,1.4479,4792,0
rep3,1.4483,4793,0
rep3,1.4489,4794,0
rep3,1.45,4795,0
rep3,1.4503,4796,0
rep3,1.4506,4797,0
rep3,1.451,4798,0
rep3,1.4517,4799,0
rep3,1.4518,4800,0
rep3,1.4522,4801,0
rep3,1.4524,4802,0
rep3,1.4524,4803,0
rep3,1.453,4804,0
rep3,1.4554,4805,0
rep3,1.4554,4806,0
rep3,1.4557,4807,0
rep3,1.4559,4808,0
rep3,1.4564,4809,0
rep3,1.4566,4810,0
rep3,1.4575,4811,0
rep3,1.4578,4812,0
rep3,1.4584,4813,0
rep3,1.4587,4814,0
rep3,1.4619,4815,0
rep3,1.4626,4816,0
rep3,1.4637,4817,0
rep3,1.4644,4818,0
rep3,1.4651,4819,0
rep3,1.4656,4820,0
rep3,1.4657,4821,0
rep3,1.4661,4822,0
rep3,1.4664,4823,0
rep3,1.4672,4824,0
rep3,1.4681,4825,0
rep3,1.4682,4826,0
rep3,1.4683,4827,0
rep3,1.4684,4828,0
rep3,1.469,4829,0
rep3,1.4693,4830,0
rep3,1.4697,4831,0
rep3,1.4704,4832,0
rep3,1.4706,4833,0
rep3,1.4708,4834,0
rep3,1.4712,4835,0
rep3,1.4712,4836,0
rep3,1.4733,4837,0
rep3,1.4744,4838,0
rep3,1.4768,4839,0
rep3,1.4774,4840,0
rep3,1.4776,4841,0
rep3,1.4777,4842,0
rep3,1.479,4843,0
rep3,1.4796,4844,0
rep3,1.4799,4845,0
rep3,1.4812,4846,0
rep3,1.4812,4847,0
rep3,1.4819,4848,0
rep3,1.4833,4849,0
rep3,1.4834,4850,0
rep3,1.4844,4851,0
rep3,1.4858,4852,0
rep3,1.4871,4853,0
rep3,1.4872,4854,0
rep3,1.4875,4855,0
rep3,1.4878,4856,0
rep3,1.4885,4857,0
rep3,1.4886,4858,0
rep3,1.4893,4859,0
rep3,1.4898,4860,0
rep3,1.4899,4861,0
rep3,1.492,4862,0
rep3,1.493,4863,0
rep3,1.4954,4864,0
rep3,1.4969,4865,0
rep3,1.4979,4866,0
rep3,1.4986,4867,0
rep3,1.4988,4868,0
rep3,1.4993,4869,0
rep3,1.5001,4870,0
rep3,1.5017,4871,0
rep3,1.5021,4872,0
rep3,1.5033,4873,0
rep3,1.5038,4874,0
rep3,1.5078,4875,0
rep3,1.5079,4876,0
rep3,1.5082,4877,0
rep3,1.5104,4878,0
rep3,1.5105,4879,0
rep3,1.5135,4880,0
rep3,1.5136,4881,0
rep3,1.5141,4882,0
rep3,1.5144,4883,0
rep3,1.5166,4884,0
rep3,1.5188,4885,0
rep3,1.5194,4886,0
rep3,1.5196,4887,0
rep3,1.5207,4888,0
rep3,1.5219,4889,0
rep3,1.5235,4890,0
rep3,1.5235,4891,0
rep3,1.5243,4892,0
rep3,1.5247,4893,0
rep3,1.5252,4894,0
rep3,1.5267,4895,0
rep3,1.5301,4896,0
rep3,1.5321,4897,0
rep3,1.5331,4898,0
rep3,1.5331,4899,0
rep3,1.5339,4900,0
rep3,1.5349,4901,0
rep3,1.5357,4902,0
rep3,1.5374,4903,0
rep3,1.5398,4904,0
rep3,1.5404,4905,0
rep3,1.5421,4906,0
rep3,1.5444,4907,0
rep3,1.5444,4908,0
rep3,1.545,4909,0
rep3,1.5456,4910,0
rep3,1.5482,4911,0
rep3,1.5482,4912,0
rep3,1.5489,4913,0
rep3,1.5496,4914,0
rep3,1.5502,4915,0
rep3,1.5517,4916,0
rep3,1.5523,4917,0
rep3,1.5544,4918,0
rep3,1.5548,4919,0
rep3,1.5549,4920,0
rep3,1.5603,4921,0
rep3,1.5632,4922,0
rep3,1.5642,4923,0
rep3,1.5643,4924,0
rep3,1.5656,4925,0
rep3,1.5671,4926,0
rep3,1.572,4927,0
rep3,1.5726,4928,0
rep3,1.5727,4929,0
rep3,1.5737,4930,0
rep3,1.5747,4931,0
rep3,1.5793,4932,0
rep3,1.5816,4933,0
rep3,1.5841,4934,0
rep3,1.5866,4935,0
rep3,1.5881,4936,0
rep3,1.5882,4937,0
rep3,1.5893,4938,0
rep3,1.592,4939,0
rep3,1.5974,4940,0
rep3,1.5997,4941,0
rep3,1.5998,4942,0
rep3,1.6045,4943,0
rep3,1.6052,4944,0
rep3,1.6106,4945,0
rep3,1.6167,4946,0
rep3,1.6192,4947,0
rep3,1.6204,4948,0
rep3,1.6264,4949,0
rep3,1.6267,4950,0
rep3,1.6268,4951,0
rep3,1.63,4952,0
rep3,1.6317,4953,0
rep3,1.6323,4954,0
rep3,1.6398,4955,0
rep3,1.6465,4956,0
rep3,1.6468,4957,0
rep3,1.6538,4958,0
rep3,1.6564,4959,0
rep3,1.6603,4960,0
rep3,1.6644,4961,0
rep3,1.667,4962,0
rep3,1.673,4963,0
rep3,1.6826,4964,0
rep3,1.6829,4965,0
rep3,1.6892,4966,0
rep3,1.6928,4967,0
rep3,1.6993,4968,0
rep3,1.7024,4969,0
rep3,1.7114,4970,0
rep3,1.7274,4971,0
rep3,1.7414,4972,0
rep3,1.7414,4973,0
rep3,1.7433,4974,0
rep3,1.7597,4975,0
rep3,1.7785,4976,0
rep3,1.7991,4977,0
rep3,1.8484,4978,0
rep3,2.0106,4979,0
rep3,2.0108,4980,0
rep3,2.0111,4981,0
rep3,2.0115,4982,0
rep3,2.012,4983,0
rep3,2.0132,4984,0
rep3,2.0132,4985,0
rep3,2.0144,4986,0
rep3,2.0147,4987,0
rep3,2.0173,4988,0
rep3,2.0183,4989,0
rep3,2.0247,4990,0
rep3,2.0348,4991,0
rep3,2.0441,4992,0
rep3,2.0441,4993,0
rep3,2.0443,4994,0
rep3,2.0444,4995,0
rep3,2.0445,4996,0
rep3,2.0446,4997,0
rep3,2.0447,4998,0
rep3,2.0448,4999,0
rep3,2.0449,5000,0
rep3,2.045,5001,0
rep3,2.045,5002,0
rep3,2.0451,5003,0
rep3,2.0451,5004,0
rep3,2.0452,5005,0
rep3,2.0453,5006,0
rep3,2.0453,5007,0
rep3,2.0456,5008,0
rep3,2.0458,5009,0
rep3,2.0458,5010,0
rep3,2.0459,5011,0
rep3,2.0462,5012,0
rep3,2.0463,5013,0
rep3,2.0464,5014,0
rep3,2.0466,5015,0
rep3,2.0467,5016,0
rep3,2.0467,5017,0
rep3,2.0467,5018,0
rep3,2.0467,5019,0
rep3,2.0468,5020,0
rep3,2.0468,5021,0
rep3,2.0468,5022,0
rep3,2.0469,5023,0
rep3,2.0471,5024,0
rep3,2.0472,5025,0
rep3,2.0473,5026,0
rep3,2.0474,5027,0
rep3,2.0475,5028,0
rep3,2.0475,5029,0
rep3,2.0475,5030,0
rep3,2.0479,5031,0
rep3,2.048,5032,0
rep3,2.048,5033,0
rep3,2.0482,5034,0
rep3,2.0483,5035,0
rep3,2.0484,5036,0
rep3,2.0485,5037,0
rep3,2.0488,5038,0
rep3,2.0488,5039,0
rep3,2.0489,5040,0
rep3,2.0491,5041,0
rep3,2.0493,5042,0
rep3,2.0493,5043,0
rep3,2.0494,5044,0
rep3,2.0495,5045,0
rep3,2.0498,5046,0
rep3,2.0499,5047,0
rep3,2.0499,5048,0
rep3,2.0501,5049,0
rep3,2.0501,5050,0
rep3,2.0502,5051,0
rep3,2.0502,5052,0
rep3,2.0504,5053,0
rep3,2.051,5054,0
rep3,2.0513,5055,0
rep3,2.0514,5056,0
rep3,2.0515,5057,0
rep3,2.0518,5058,0
rep3,2.0521,5059,0
rep3,2.0524,5060,0
rep3,2.0525,5061,0
rep3,2.0526,5062,0
rep3,2.0527,5063,0
rep3,2.0532,5064,0
rep3,2.0532,5065,0
rep3,2.054,5066,0
rep3,2.0541,5067,0
rep3,2.0545,5068,0
rep3,2.0546,5069,0
rep3,2.0547,5070,0
rep3,2.0548,5071,0
rep3,2.055,5072,0
rep3,2.0551,5073,0
rep3,2.0551,5074,0
rep3,2.0553,5075,0
rep3,2.0554,5076,0
rep3,2.0554,5077,0
rep3,2.0555,5078,0
rep3,2.0556,5079,0
rep3,2.0559,5080,0
rep3,2.0564,5081,0
rep3,2.0565,5082,0
rep3,2.057,5083,0
rep3,2.0572,5084,0
rep3,2.0573,5085,0
rep3,2.0576,5086,0
rep3,2.0577,5087,0
rep3,2.0579,5088,0
rep3,2.0589,5089,0
rep3,2.0605,5090,0
rep3,2.0609,5091,0
rep3,2.061,5092,0
rep3,2.061,5093,0
rep3,2.0613,5094,0
rep3,2.062,5095,0
rep3,2.062,5096,0
rep3,2.0623,5097,0
rep3,2.0624,5098,0
rep3,2.0626,5099,0
rep3,2.0628,5100,0
rep3,2.0645,5101,0
rep3,2.0661,5102,0
rep3,2.0669,5103,0
rep3,2.0694,5104,0
rep3,2.0732,5105,0
rep3,2.0755,5106,0
rep3,2.0761,5107,0
rep3,2.0767,5108,0
rep3,2.0775,5109,0
rep3,2.0775,5110,0
rep3,2.0776,5111,0
rep3,2.0776,5112,0
rep3,2.0776,5113,0
rep3,2.0776,5114,0
rep3,2.0777,5115,0
rep3,2.0777,5116,0
rep3,2.0777,5117,0
rep3,2.0777,5118,0
rep3,2.0778,5119,0
rep3,2.0778,5120,0
rep3,2.0778,5121,0
rep3,2.0778,5122,0
rep3,2.0779,5123,0
rep3,2.0779,5124,0
rep3,2.0779,5125,0
rep3,2.078,5126,0
rep3,2.078,5127,0
rep3,2.078,5128,0
rep3,2.0781,5129,0
rep3,2.0781,5130,0
rep3,2.0782,5131,0
rep3,2.0782,5132,0
rep3,2.0782,5133,0
rep3,2.0782,5134,0
rep3,2.0783,5135,0
rep3,2.0783,5136,0
rep3,2.0784,5137,0
rep3,2.0784,5138,0
rep3,2.0784,5139,0
rep3,2.0784,5140,0
rep3,2.0785,5141,0
rep3,2.0785,5142,0
rep3,2.0785,5143,0
rep3,2.0785,5144,0
rep3,2.0786,5145,0
rep3,2.0786,5146,0
rep3,2.0786,5147,0
rep3,2.0787,5148,0
rep3,2.0787,5149,0
rep3,2.0787,5150,0
rep3,2.0788,5151,0
rep3,2.0788,5152,0
rep3,2.0789,5153,0
rep3,2.079,5154,0
rep3,2.079,5155,0
rep3,2.0791,5156,0
rep3,2.0791,5157,0
rep3,2.0791,5158,0
rep3,2.0791,5159,0
rep3,2.0791,5160,0
rep3,2.0791,5161,0
rep3,2.0792,5162,0
rep3,2.0792,5163,0
rep3,2.0792,5164,0
rep3,2.0793,5165,0
rep3,2.0793,5166,0
rep3,2.0793,5167,0
rep3,2.0793,5168,0
rep3,2.0794,5169,0
rep3,2.0794,5170,0
rep3,2.0794,5171,0
rep3,2.0795,5172,0
rep3,2.0795,5173,0
rep3,2.0796,5174,0
rep3,2.0796,5175,0
rep3,2.0797,5176,0
rep3,2.0797,5177,0
rep3,2.0798,5178,0
rep3,2.0798,5179,0
rep3,2.0798,5180,0
rep3,2.0799,5181,0
rep3,2.0799,5182,0
rep3,2.0799,5183,0
rep3,2.08,5184,0
rep3,2.08,5185,0
rep3,2.08,5186,0
rep3,2.08,5187,0
rep3,2.0801,5188,0
rep3,2.0801,5189,0
rep3,2.0801,5190,0
rep3,2.0802,5191,0
rep3,2.0802,5192,0
rep3,2.0803,5193,0
rep3,2.0803,5194,0
rep3,2.0803,5195,0
rep3,2.0803,5196,0
rep3,2.0804,5197,0
rep3,2.0804,5198,0
rep3,2.0804,5199,0
rep3,2.0804,5200,0
rep3,2.0804,5201,0
rep3,2.0804,5202,0
rep3,2.0805,5203,0
rep3,2.0805,5204,0
rep3,2.0805,5205,0
rep3,2.0806,5206,0
rep3,2.0807,5207,0
rep3,2.0807,5208,0
rep3,2.0807,5209,0
rep3,2.0808,5210,0
rep3,2.0809,5211,0
rep3,2.0809,5212,0
rep3,2.0809,5213,0
rep3,2.081,5214,0
rep3,2.081,5215,0
rep3,2.0811,5216,0
rep3,2.0811,5217,0
rep3,2.0811,5218,0
rep3,2.0811,5219,0
rep3,2.0811,5220,0
rep3,2.0812,5221,0
rep3,2.0813,5222,0
rep3,2.0813,5223,0
rep3,2.0813,5224,0
rep3,2.0814,5225,0
rep3,2.0815,5226,0
rep3,2.0815,5227,0
rep3,2.0815,5228,0
rep3,2.0816,5229,0
rep3,2.0816,5230,0
rep3,2.0817,5231,0
rep3,2.0817,5232,0
rep3,2.0817,5233,0
rep3,2.0817,5234,0
rep3,2.0817,5235,0
rep3,2.0818,5236,0
rep3,2.0818,5237,0
rep3,2.0818,5238,0
rep3,2.0819,5239,0
rep3,2.0819,5240,0
rep3,2.0819,5241,0
rep3,2.082,5242,0
rep3,2.0821,5243,0
rep3,2.0821,5244,0
rep3,2.0821,5245,0
rep3,2.0821,5246,0
rep3,2.0822,5247,0
rep3,2.0822,5248,0
rep3,2.0822,5249,0
rep3,2.0823,5250,0
rep3,2.0824,5251,0
rep3,2.0825,5252,0
rep3,2.0825,5253,0
rep3,2.0825,5254,0
rep3,2.0826,5255,0
rep3,2.0826,5256,0
rep3,2.0827,5257,0
rep3,2.0827,5258,0
rep3,2.0828,5259,0
rep3,2.0828,5260,0
rep3,2.0829,5261,0
rep3,2.0829,5262,0
rep3,2.0829,5263,0
rep3,2.0829,5264,0
rep3,2.0829,5265,0
rep3,2.0831,5266,0
rep3,2.0831,5267,0
rep3,2.0832,5268,0
rep3,2.0832,5269,0
rep3,2.0832,5270,0
rep3,2.0832,5271,0
rep3,2.0832,5272,0
rep3,2.0833,5273,0
rep3,2.0833,5274,0
rep3,2.0834,5275,0
rep3,2.0834,5276,0
rep3,2.0834,5277,0
rep3,2.0834,5278,0
rep3,2.0836,5279,0
rep3,2.0837,5280,0
rep3,2.0838,5281,0
rep3,2.0838,5282,0
rep3,2.0839,5283,0
rep3,2.0839,5284,0
rep3,2.084,5285,0
rep3,2.084,5286,0
rep3,2.084,5287,0
rep3,2.0841,5288,0
rep3,2.0841,5289,0
rep3,2.0841,5290,0
rep3,2.0841,5291,0
rep3,2.0841,5292,0
rep3,2.0842,5293,0
rep3,2.0842,5294,0
rep3,2.0843,5295,0
rep3,2.0843,5296,0
rep3,2.0845,5297,0
rep3,2.0845,5298,0
rep3,2.0845,5299,0
rep3,2.0845,5300,0
rep3,2.0845,5301,0
rep3,2.0846,5302,0
rep3,2.0846,5303,0
rep3,2.0846,5304,0
rep3,2.0847,5305,0
rep3,2.0847,5306,0
rep3,2.0848,5307,0
rep3,2.0848,5308,0
rep3,2.0848,5309,0
rep3,2.0849,5310,0
rep3,2.085,5311,0
rep3,2.0852,5312,0
rep3,2.0852,5313,0
rep3,2.0855,5314,0
rep3,2.0856,5315,0
rep3,2.0856,5316,0
rep3,2.0856,5317,0
rep3,2.0857,5318,0
rep3,2.0857,5319,0
rep3,2.0857,5320,0
rep3,2.0857,5321,0
rep3,2.0858,5322,0
rep3,2.0858,5323,0
rep3,2.0859,5324,0
rep3,2.0859,5325,0
rep3,2.086,5326,0
rep3,2.086,5327,0
rep3,2.0861,5328,0
rep3,2.0861,5329,0
rep3,2.0861,5330,0
rep3,2.0864,5331,0
rep3,2.0864,5332,0
rep3,2.0865,5333,0
rep3,2.0866,5334,0
rep3,2.0866,5335,0
rep3,2.0867,5336,0
rep3,2.0867,5337,0
rep3,2.0868,5338,0
rep3,2.0869,5339,0
rep3,2.0869,5340,0
rep3,2.087,5341,0
rep3,2.087,5342,0
rep3,2.0871,5343,0
rep3,2.0871,5344,0
rep3,2.0873,5345,0
rep3,2.0873,5346,0
rep3,2.0873,5347,0
rep3,2.0874,5348,0
rep3,2.0876,5349,0
rep3,2.0876,5350,0
rep3,2.0876,5351,0
rep3,2.0877,5352,0
rep3,2.0877,5353,0
rep3,2.0878,5354,0
rep3,2.0878,5355,0
rep3,2.0878,5356,0
rep3,2.088,5357,0
rep3,2.0881,5358,0
rep3,2.0881,5359,0
rep3,2.0882,5360,0
rep3,2.0882,5361,0
rep3,2.0882,5362,0
rep3,2.0883,5363,0
rep3,2.0884,5364,0
rep3,2.0884,5365,0
rep3,2.0884,5366,0
rep3,2.0885,5367,0
rep3,2.0886,5368,0
rep3,2.0886,5369,0
rep3,2.0886,5370,0
rep3,2.0887,5371,0
rep3,2.0888,5372,0
rep3,2.0888,5373,0
rep3,2.0889,5374,0
rep3,2.0892,5375,0
rep3,2.0893,5376,0
rep3,2.0894,5377,0
rep3,2.0894,5378,0
rep3,2.0898,5379,0
rep3,2.0901,5380,0
rep3,2.0902,5381,0
rep3,2.0903,5382,0
rep3,2.0903,5383,0
rep3,2.0905,5384,0
rep3,2.0905,5385,0
rep3,2.0906,5386,0
rep3,2.0906,5387,0
rep3,2.0906,5388,0
rep3,2.0907,5389,0
rep3,2.0907,5390,0
rep3,2.0907,5391,0
rep3,2.0907,5392,0
rep3,2.0907,5393,0
rep3,2.0911,5394,0
rep3,2.0912,5395,0
rep3,2.0912,5396,0
rep3,2.0913,5397,0
rep3,2.0914,5398,0
rep3,2.0915,5399,0
rep3,2.0917,5400,0
rep3,2.0918,5401,0
rep3,2.0919,5402,0
rep3,2.092,5403,0
rep3,2.0921,5404,0
rep3,2.0922,5405,0
rep3,2.0922,5406,0
rep3,2.0923,5407,0
rep3,2.0923,5408,0
rep3,2.0923,5409,0
rep3,2.0925,5410,0
rep3,2.0925,5411,0
rep3,2.0926,5412,0
rep3,2.0926,5413,0
rep3,2.0927,5414,0
rep3,2.0928,5415,0
rep3,2.0943,5416,0
rep3,2.0944,5417,0
rep3,2.0946,5418,0
rep3,2.0947,5419,0
rep3,2.0947,5420,0
rep3,2.0948,5421,0
rep3,2.0948,5422,0
rep3,2.0949,5423,0
rep3,2.0952,5424,0
rep3,2.0952,5425,0
rep3,2.0953,5426,0
rep3,2.0954,5427,0
rep3,2.0955,5428,0
rep3,2.0957,5429,0
rep3,2.0959,5430,0
rep3,2.096,5431,0
rep3,2.0962,5432,0
rep3,2.0967,5433,0
rep3,2.0968,5434,0
rep3,2.0972,5435,0
rep3,2.0979,5436,0
rep3,2.0979,5437,0
rep3,2.0981,5438,0
rep3,2.0983,5439,0
rep3,2.0983,5440,0
rep3,2.0984,5441,0
rep3,2.0984,5442,0
rep3,2.0985,5443,0
rep3,2.099,5444,0
rep3,2.0994,5445,0
rep3,2.0995,5446,0
rep3,2.1,5447,0
rep3,2.1002,5448,0
rep3,2.1008,5449,0
rep3,2.1008,5450,0
rep3,2.1012,5451,0
rep3,2.1013,5452,0
rep3,2.1018,5453,0
rep3,2.1019,5454,0
rep3,2.1019,5455,0
rep3,2.1021,5456,0
rep3,2.1028,5457,0
rep3,2.1043,5458,0
rep3,2.1043,5459,0
rep3,2.1046,5460,0
rep3,2.1059,5461,0
rep3,2.1064,5462,0
rep3,2.1064,5463,0
rep3,2.1065,5464,0
rep3,2.1069,5465,0
rep3,2.1076,5466,0
rep3,2.108,5467,0
rep3,2.1083,5468,0
rep3,2.1086,5469,0
rep3,2.1087,5470,0
rep3,2.1087,5471,0
rep3,2.1089,5472,0
rep3,2.1104,5473,0
rep3,2.1109,5474,0
rep3,2.1109,5475,0
rep3,2.1111,5476,0
rep3,2.1111,5477,0
rep3,2.1112,5478,0
rep3,2.1113,5479,0
rep3,2.1115,5480,0
rep3,2.1115,5481,0
rep3,2.1117,5482,0
rep3,2.1117,5483,0
rep3,2.1119,5484,0
rep3,2.1121,5485,0
rep3,2.1122,5486,0
rep3,2.1122,5487,0
rep3,2.1123,5488,0
rep3,2.1124,5489,0
rep3,2.1126,5490,0
rep3,2.1126,5491,0
rep3,2.1127,5492,0
rep3,2.1129,5493,0
rep3,2.1129,5494,0
rep3,2.113,5495,0
rep3,2.113,5496,0
rep3,2.113,5497,0
rep3,2.1131,5498,0
rep3,2.1131,5499,0
rep3,2.1132,5500,0
rep3,2.1133,5501,0
rep3,2.1133,5502,0
rep3,2.1135,5503,0
rep3,2.1135,5504,0
rep3,2.1136,5505,0
rep3,2.1137,5506,0
rep3,2.1139,5507,0
rep3,2.114,5508,0
rep3,2.1141,5509,0
rep3,2.1142,5510,0
rep3,2.1144,5511,0
rep3,2.1144,5512,0
rep3,2.1145,5513,0
rep3,2.1146,5514,0
rep3,2.1147,5515,0
rep3,2.1148,5516,0
rep3,2.1151,5517,0
rep3,2.1152,5518,0
rep3,2.1152,5519,0
rep3,2.1154,5520,0
rep3,2.1154,5521,0
rep3,2.1154,5522,0
rep3,2.1157,5523,0
rep3,2.1157,5524,0
rep3,2.1158,5525,0
rep3,2.1159,5526,0
rep3,2.116,5527,0
rep3,2.116,5528,0
rep3,2.1162,5529,0
rep3,2.1165,5530,0
rep3,2.1166,5531,0
rep3,2.1166,5532,0
rep3,2.1167,5533,0
rep3,2.1168,5534,0
rep3,2.1168,5535,0
rep3,2.1169,5536,0
rep3,2.1171,5537,0
rep3,2.1172,5538,0
rep3,2.1174,5539,0
rep3,2.1175,5540,0
rep3,2.1179,5541,0
rep3,2.1179,5542,0
rep3,2.1182,5543,0
rep3,2.1182,5544,0
rep3,2.1184,5545,0
rep3,2.1184,5546,0
rep3,2.1185,5547,0
rep3,2.1185,5548,0
rep3,2.1185,5549,0
rep3,2.1188,5550,0
rep3,2.1193,5551,0
rep3,2.1194,5552,0
rep3,2.1194,5553,0
rep3,2.1202,5554,0
rep3,2.1204,5555,0
rep3,2.1208,5556,0
rep3,2.1209,5557,0
rep3,2.1209,5558,0
rep3,2.1213,5559,0
rep3,2.1214,5560,0
rep3,2.1221,5561,0
rep3,2.1226,5562,0
rep3,2.1229,5563,0
rep3,2.123,5564,0
rep3,2.123,5565,0
rep3,2.1231,5566,0
rep3,2.1232,5567,0
rep3,2.1232,5568,0
rep3,2.1233,5569,0
rep3,2.1235,5570,0
rep3,2.1236,5571,0
rep3,2.1238,5572,0
rep3,2.1239,5573,0
rep3,2.1239,5574,0
rep3,2.1244,5575,0
rep3,2.1247,5576,0
rep3,2.1248,5577,0
rep3,2.1254,5578,0
rep3,2.1261,5579,0
rep3,2.1267,5580,0
rep3,2.1268,5581,0
rep3,2.1269,5582,0
rep3,2.127,5583,0
rep3,2.127,5584,0
rep3,2.1271,5585,0
rep3,2.1271,5586,0
rep3,2.1274,5587,0
rep3,2.1274,5588,0
rep3,2.1278,5589,0
rep3,2.128,5590,0
rep3,2.1289,5591,0
rep3,2.1289,5592,0
rep3,2.1292,5593,0
rep3,2.1293,5594,0
rep3,2.1294,5595,0
rep3,2.1294,5596,0
rep3,2.1295,5597,0
rep3,2.1297,5598,0
rep3,2.1299,5599,0
rep3,2.1301,5600,0
rep3,2.1309,5601,0
rep3,2.1315,5602,0
rep3,2.1315,5603,0
rep3,2.1316,5604,0
rep3,2.1318,5605,0
rep3,2.1327,5606,0
rep3,2.1332,5607,0
rep3,2.1342,5608,0
rep3,2.1343,5609,0
rep3,2.1348,5610,0
rep3,2.1352,5611,0
rep3,2.1362,5612,0
rep3,2.1363,5613,0
rep3,2.1365,5614,0
rep3,2.1368,5615,0
rep3,2.1374,5616,0
rep3,2.1375,5617,0
rep3,2.138,5618,0
rep3,2.1384,5619,0
rep3,2.1389,5620,0
rep3,2.1389,5621,0
rep3,2.1393,5622,0
rep3,2.1394,5623,0
rep3,2.1394,5624,0
rep3,2.1396,5625,0
rep3,2.1408,5626,0
rep3,2.1409,5627,0
rep3,2.1419,5628,0
rep3,2.1433,5629,0
rep3,2.1439,5630,0
rep3,2.1439,5631,0
rep3,2.1443,5632,0
rep3,2.1445,5633,0
rep3,2.1446,5634,0
rep3,2.1448,5635,0
rep3,2.1448,5636,0
rep3,2.1449,5637,0
rep3,2.1449,5638,0
rep3,2.1451,5639,0
rep3,2.1451,5640,0
rep3,2.1452,5641,0
rep3,2.1456,5642,0
rep3,2.1457,5643,0
rep3,2.1459,5644,0
rep3,2.146,5645,0
rep3,2.1463,5646,0
rep3,2.1464,5647,0
rep3,2.1465,5648,0
rep3,2.1466,5649,0
rep3,2.1467,5650,0
rep3,2.1469,5651,0
rep3,2.1473,5652,0
rep3,2.1473,5653,0
rep3,2.1474,5654,0
rep3,2.1474,5655,0
rep3,2.1475,5656,0
rep3,2.1476,5657,0
rep3,2.1476,5658,0
rep3,2.1478,5659,0
rep3,2.148,5660,0
rep3,2.148,5661,0
rep3,2.1481,5662,0
rep3,2.1481,5663,0
rep3,2.1488,5664,0
rep3,2.1488,5665,0
rep3,2.1491,5666,0
rep3,2.1492,5667,0
rep3,2.1493,5668,0
rep3,2.1494,5669,0
rep3,2.1495,5670,0
rep3,2.1497,5671,0
rep3,2.1498,5672,0
rep3,2.1507,5673,0
rep3,2.1509,5674,0
rep3,2.1509,5675,0
rep3,2.1512,5676,0
rep3,2.1513,5677,0
rep3,2.1514,5678,0
rep3,2.1516,5679,0
rep3,2.1516,5680,0
rep3,2.1517,5681,0
rep3,2.1517,5682,0
rep3,2.1521,5683,0
rep3,2.1521,5684,0
rep3,2.1523,5685,0
rep3,2.1524,5686,0
rep3,2.1527,5687,0
rep3,2.1529,5688,0
rep3,2.153,5689,0
rep3,2.1531,5690,0
rep3,2.1534,5691,0
rep3,2.1536,5692,0
rep3,2.1537,5693,0
rep3,2.154,5694,0
rep3,2.154,5695,0
rep3,2.1542,5696,0
rep3,2.1542,5697,0
rep3,2.1543,5698,0
rep3,2.1546,5699,0
rep3,2.1547,5700,0
rep3,2.155,5701,0
rep3,2.1552,5702,0
rep3,2.1553,5703,0
rep3,2.1555,5704,0
rep3,2.1562,5705,0
rep3,2.1564,5706,0
rep3,2.1564,5707,0
rep3,2.1567,5708,0
rep3,2.1567,5709,0
rep3,2.1568,5710,0
rep3,2.157,5711,0
rep3,2.1576,5712,0
rep3,2.158,5713,0
rep3,2.1582,5714,0
rep3,2.1583,5715,0
rep3,2.1585,5716,0
rep3,2.1587,5717,0
rep3,2.1592,5718,0
rep3,2.1594,5719,0
rep3,2.1595,5720,0
rep3,2.1596,5721,0
rep3,2.1607,5722,0
rep3,2.1612,5723,0
rep3,2.1614,5724,0
rep3,2.1614,5725,0
rep3,2.1617,5726,0
rep3,2.1619,5727,0
rep3,2.1619,5728,0
rep3,2.162,5729,0
rep3,2.162,5730,0
rep3,2.1628,5731,0
rep3,2.1636,5732,0
rep3,2.1641,5733,0
rep3,2.165,5734,0
rep3,2.165,5735,0
rep3,2.165,5736,0
rep3,2.1651,5737,0
rep3,2.1652,5738,0
rep3,2.1653,5739,0
rep3,2.1654,5740,0
rep3,2.1655,5741,0
rep3,2.1656,5742,0
rep3,2.1658,5743,0
rep3,2.166,5744,0
rep3,2.1662,5745,0
rep3,2.1667,5746,0
rep3,2.1668,5747,0
rep3,2.1674,5748,0
rep3,2.1674,5749,0
rep3,2.1675,5750,0
rep3,2.1676,5751,0
rep3,2.1676,5752,0
rep3,2.168,5753,0
rep3,2.1681,5754,0
rep3,2.1683,5755,0
rep3,2.1691,5756,0
rep3,2.1695,5757,0
rep3,2.1695,5758,0
rep3,2.1696,5759,0
rep3,2.1701,5760,0
rep3,2.1702,5761,0
rep3,2.1703,5762,0
rep3,2.1705,5763,0
rep3,2.1709,5764,0
rep3,2.1709,5765,0
rep3,2.171,5766,0
rep3,2.1712,5767,0
rep3,2.1717,5768,0
rep3,2.1717,5769,0
rep3,2.172,5770,0
rep3,2.1721,5771,0
rep3,2.1723,5772,0
rep3,2.1727,5773,0
rep3,2.1732,5774,0
rep3,2.1734,5775,0
rep3,2.1742,5776,0
rep3,2.1746,5777,0
rep3,2.1747,5778,0
rep3,2.1751,5779,0
rep3,2.1753,5780,0
rep3,2.1756,5781,0
rep3,2.1756,5782,0
rep3,2.1757,5783,0
rep3,2.1759,5784,0
rep3,2.176,5785,0
rep3,2.1765,5786,0
rep3,2.177,5787,0
rep3,2.1771,5788,0
rep3,2.1774,5789,0
rep3,2.1774,5790,0
rep3,2.1777,5791,0
rep3,2.1779,5792,0
rep3,2.1779,5793,0
rep3,2.178,5794,0
rep3,2.1786,5795,0
rep3,2.1786,5796,0
rep3,2.1787,5797,0
rep3,2.1787,5798,0
rep3,2.1789,5799,0
rep3,2.179,5800,0
rep3,2.1793,5801,0
rep3,2.1795,5802,0
rep3,2.1795,5803,0
rep3,2.1795,5804,0
rep3,2.1798,5805,0
rep3,2.1803,5806,0
rep3,2.1804,5807,0
rep3,2.1807,5808,0
rep3,2.1807,5809,0
rep3,2.1808,5810,0
rep3,2.181,5811,0
rep3,2.181,5812,0
rep3,2.1811,5813,0
rep3,2.1811,5814,0
rep3,2.1814,5815,0
rep3,2.1816,5816,0
rep3,2.1818,5817,0
rep3,2.1819,5818,0
rep3,2.1821,5819,0
rep3,2.1824,5820,0
rep3,2.1827,5821,0
rep3,2.1827,5822,0
rep3,2.1832,5823,0
rep3,2.1833,5824,0
rep3,2.1833,5825,0
rep3,2.1833,5826,0
rep3,2.1834,5827,0
rep3,2.1835,5828,0
rep3,2.1839,5829,0
rep3,2.1842,5830,0
rep3,2.1843,5831,0
rep3,2.1846,5832,0
rep3,2.1848,5833,0
rep3,2.1849,5834,0
rep3,2.1855,5835,0
rep3,2.1856,5836,0
rep3,2.1858,5837,0
rep3,2.186,5838,0
rep3,2.186,5839,0
rep3,2.1866,5840,0
rep3,2.1869,5841,0
rep3,2.1871,5842,0
rep3,2.1873,5843,0
rep3,2.1873,5844,0
rep3,2.1876,5845,0
rep3,2.1876,5846,0
rep3,2.1878,5847,0
rep3,2.1878,5848,0
rep3,2.1885,5849,0
rep3,2.1886,5850,0
rep3,2.1886,5851,0
rep3,2.1886,5852,0
rep3,2.1888,5853,0
rep3,2.1891,5854,0
rep3,2.1892,5855,0
rep3,2.1893,5856,0
rep3,2.1894,5857,0
rep3,2.1895,5858,0
rep3,2.1895,5859,0
rep3,2.1897,5860,0
rep3,2.1897,5861,0
rep3,2.1898,5862,0
rep3,2.19,5863,0
rep3,2.1903,5864,0
rep3,2.1904,5865,0
rep3,2.1904,5866,0
rep3,2.1905,5867,0
rep3,2.191,5868,0
rep3,2.1914,5869,0
rep3,2.1915,5870,0
rep3,2.1916,5871,0
rep3,2.1918,5872,0
rep3,2.1918,5873,0
rep3,2.1919,5874,0
rep3,2.1919,5875,0
rep3,2.1923,5876,0
rep3,2.1923,5877,0
rep3,2.1926,5878,0
rep3,2.1927,5879,0
rep3,2.1927,5880,0
rep3,2.1927,5881,0
rep3,2.193,5882,0
rep3,2.1932,5883,0
rep3,2.1933,5884,0
rep3,2.1936,5885,0
rep3,2.1937,5886,0
rep3,2.194,5887,0
rep3,2.1944,5888,0
rep3,2.1945,5889,0
rep3,2.1946,5890,0
rep3,2.1947,5891,0
rep3,2.1949,5892,0
rep3,2.1954,5893,0
rep3,2.1956,5894,0
rep3,2.196,5895,0
rep3,2.1966,5896,0
rep3,2.1966,5897,0
rep3,2.1968,5898,0
rep3,2.1969,5899,0
rep3,2.1971,5900,0
rep3,2.1977,5901,0
rep3,2.1979,5902,0
rep3,2.198,5903,0
rep3,2.1982,5904,0
rep3,2.1985,5905,0
rep3,2.1986,5906,0
rep3,2.1987,5907,0
rep3,2.1987,5908,0
rep3,2.1989,5909,0
rep3,2.1994,5910,0
rep3,2.1994,5911,0
rep3,2.1994,5912,0
rep3,2.1997,5913,0
rep3,2.1998,5914,0
rep3,2.2006,5915,0
rep3,2.2008,5916,0
rep3,2.2009,5917,0
rep3,2.2013,5918,0
rep3,2.2014,5919,0
rep3,2.2014,5920,0
rep3,2.2015,5921,0
rep3,2.2015,5922,0
rep3,2.2015,5923,0
rep3,2.2022,5924,0
rep3,2.2022,5925,0
rep3,2.2023,5926,0
rep3,2.2024,5927,0
rep3,2.2024,5928,0
rep3,2.2025,5929,0
rep3,2.2025,5930,0
rep3,2.2026,5931,0
rep3,2.2029,5932,0
rep3,2.2031,5933,0
rep3,2.2032,5934,0
rep3,2.2036,5935,0
rep3,2.2036,5936,0
rep3,2.2036,5937,0
rep3,2.2037,5938,0
rep3,2.2038,5939,0
rep3,2.2038,5940,0
rep3,2.2039,5941,0
rep3,2.204,5942,0
rep3,2.2042,5943,0
rep3,2.2043,5944,0
rep3,2.2044,5945,0
rep3,2.2045,5946,0
rep3,2.2047,5947,0
rep3,2.2051,5948,0
rep3,2.2052,5949,0
rep3,2.2054,5950,0
rep3,2.2059,5951,0
rep3,2.2062,5952,0
rep3,2.2065,5953,0
rep3,2.2066,5954,0
rep3,2.2067,5955,0
rep3,2.2072,5956,0
rep3,2.2073,5957,0
rep3,2.2073,5958,0
rep3,2.2074,5959,0
rep3,2.2077,5960,0
rep3,2.2078,5961,0
rep3,2.2079,5962,0
rep3,2.208,5963,0
rep3,2.2086,5964,0
rep3,2.2088,5965,0
rep3,2.2089,5966,0
rep3,2.209,5967,0
rep3,2.2091,5968,0
rep3,2.2092,5969,0
rep3,2.2094,5970,0
rep3,2.21,5971,0
rep3,2.21,5972,0
rep3,2.2104,5973,0
rep3,2.2105,5974,0
rep3,2.2107,5975,0
rep3,2.2108,5976,0
rep3,2.211,5977,0
rep3,2.2111,5978,0
rep3,2.2112,5979,0
rep3,2.2114,5980,0
rep3,2.2115,5981,0
rep3,2.2117,5982,0
rep3,2.2118,5983,0
rep3,2.212,5984,0
rep3,2.212,5985,0
rep3,2.2123,5986,0
rep3,2.2125,5987,0
rep3,2.2126,5988,0
rep3,2.2129,5989,0
rep3,2.2129,5990,0
rep3,2.2132,5991,0
rep3,2.2133,5992,0
rep3,2.2134,5993,0
rep3,2.2137,5994,0
rep3,2.2138,5995,0
rep3,2.2138,5996,0
rep3,2.2139,5997,0
rep3,2.214,5998,0
rep3,2.2141,5999,0
rep3,2.2142,6000,0
rep3,2.2142,6001,0
rep3,2.2146,6002,0
rep3,2.2147,6003,0
rep3,2.215,6004,0
rep3,2.2152,6005,0
rep3,2.2153,6006,0
rep3,2.2154,6007,0
rep3,2.2154,6008,0
rep3,2.216,6009,0
rep3,2.216,6010,0
rep3,2.216,6011,0
rep3,2.2161,6012,0
rep3,2.2162,6013,0
rep3,2.2164,6014,0
rep3,2.2165,6015,0
rep3,2.2166,6016,0
rep3,2.2169,6017,0
rep3,2.2169,6018,0
rep3,2.2171,6019,0
rep3,2.2172,6020,0
rep3,2.2174,6021,0
rep3,2.2177,6022,0
rep3,2.218,6023,0
rep3,2.2181,6024,0
rep3,2.2183,6025,0
rep3,2.2183,6026,0
rep3,2.2184,6027,0
rep3,2.2184,6028,0
rep3,2.2186,6029,0
rep3,2.2187,6030,0
rep3,2.2187,6031,0
rep3,2.2191,6032,0
rep3,2.2192,6033,0
rep3,2.2195,6034,0
rep3,2.2196,6035,0
rep3,2.2199,6036,0
rep3,2.2201,6037,0
rep3,2.2202,6038,0
rep3,2.2203,6039,0
rep3,2.2205,6040,0
rep3,2.2205,6041,0
rep3,2.2208,6042,0
rep3,2.2209,6043,0
rep3,2.2213,6044,0
rep3,2.2213,6045,0
rep3,2.2215,6046,0
rep3,2.2216,6047,0
rep3,2.2218,6048,0
rep3,2.2219,6049,0
rep3,2.222,6050,0
rep3,2.2223,6051,0
rep3,2.2224,6052,0
rep3,2.2224,6053,0
rep3,2.2228,6054,0
rep3,2.2228,6055,0
rep3,2.2228,6056,0
rep3,2.2232,6057,0
rep3,2.2234,6058,0
rep3,2.2235,6059,0
rep3,2.2236,6060,0
rep3,2.2237,6061,0
rep3,2.2238,6062,0
rep3,2.2238,6063,0
rep3,2.224,6064,0
rep3,2.2241,6065,0
rep3,2.2241,6066,0
rep3,2.2242,6067,0
rep3,2.2244,6068,0
rep3,2.2246,6069,0
rep3,2.2246,6070,0
rep3,2.2249,6071,0
rep3,2.2251,6072,0
rep3,2.2251,6073,0
rep3,2.2252,6074,0
rep3,2.2255,6075,0
rep3,2.2259,6076,0
