rep,t_over_ttl,cum_rehold,cum_duplicate
rep1,1.0089,1,0
rep1,1.0089,2,0
rep1,1.009,3,0
rep1,1.009,4,0
rep1,1.009,5,0
rep1,1.0092,6,0
rep1,1.0093,7,0
rep1,1.0094,8,0
rep1,1.0094,9,0
rep1,1.0094,10,0
rep1,1.0096,11,0
rep1,1.0097,12,0
rep1,1.0097,13,0
rep1,1.0099,14,0
rep1,1.01,15,0
rep1,1.01,16,0
rep1,1.01,17,0
rep1,1.0103,18,0
rep1,1.0104,19,0
rep1,1.0104,20,0
rep1,1.0108,21,0
rep1,1.0115,22,0
rep1,1.0122,23,0
rep1,1.0125,24,0
rep1,1.0125,25,0
rep1,1.0125,26,0
rep1,1.0128,27,0
rep1,1.0128,28,0
rep1,1.0129,29,0
rep1,1.013,30,0
rep1,1.0131,31,0
rep1,1.0134,32,0
rep1,1.0135,33,0
rep1,1.0135,34,0
rep1,1.014,35,0
rep1,1.0142,36,0
rep1,1.0143,37,0
rep1,1.0144,38,0
rep1,1.0145,39,0
rep1,1.0147,40,0
rep1,1.0154,41,0
rep1,1.0158,42,0
rep1,1.0161,43,0
rep1,1.0166,44,0
rep1,1.0171,45,0
rep1,1.0173,46,0
rep1,1.0173,47,0
rep1,1.0175,48,0
rep1,1.0175,49,0
rep1,1.0175,50,0
rep1,1.0181,51,0
rep1,1.0182,52,0
rep1,1.0182,53,0
rep1,1.0185,54,0
rep1,1.0186,55,0
rep1,1.0186,56,0
rep1,1.0192,57,0
rep1,1.0192,58,0
rep1,1.0215,59,0
rep1,1.0216,60,0
rep1,1.0219,61,0
rep1,1.0234,62,0
rep1,1.0241,63,0
rep1,1.025,64,0
rep1,1.0255,65,0
rep1,1.0259,66,0
rep1,1.027,67,0
rep1,1.0271,68,0
rep1,1.0274,69,0
rep1,1.0275,70,0
rep1,1.0277,71,0
rep1,1.0292,72,0
rep1,1.0339,73,0
rep1,1.0343,74,0
rep1,1.0352,75,0
rep1,1.0366,76,0
rep1,1.0412,77,0
rep1,1.0414,78,0
rep1,1.0424,79,0
rep1,1.0424,80,0
rep1,1.0424,81,0
rep1,1.0424,82,0
rep1,1.0424,83,0
rep1,1.0425,84,0
rep1,1.0425,85,0
rep1,1.0425,86,0
rep1,1.0426,87,0
rep1,1.0426,88,0
rep1,1.0426,89,0
rep1,1.0426,90,0
rep1,1.0426,91,0
rep1,1.0427,92,0
rep1,1.0427,93,0
rep1,1.0427,94,0
rep1,1.0428,95,0
rep1,1.0429,96,0
rep1,1.0429,97,0
rep1,1.0429,98,0
rep1,1.043,99,0
rep1,1.0431,100,0
rep1,1.0431,101,0
rep1,1.0432,102,0
rep1,1.0433,103,0
rep1,1.0434,104,0
rep1,1.0434,105,0
rep1,1.0434,106,0
rep1,1.0435,107,0
rep1,1.0435,108,0
rep1,1.0436,109,0
rep1,1.0436,110,0
rep1,1.0436,111,0
rep1,1.0437,112,0
rep1,1.0437,113,0
rep1,1.0437,114,0
rep1,1.0437,115,0
rep1,1.0437,116,0
rep1,1.0438,117,0
rep1,1.0438,118,0
rep1,1.0439,119,0
rep1,1.0439,120,0
rep1,1.0439,121,0
rep1,1.0439,122,0
rep1,1.044,123,0
rep1,1.0441,124,0
rep1,1.0441,125,0
rep1,1.0441,126,0
rep1,1.0441,127,0
rep1,1.0442,128,0
rep1,1.0442,129,0
rep1,1.0442,130,0
rep1,1.0442,131,0
rep1,1.0442,132,0
rep1,1.0442,133,0
rep1,1.0443,134,0
rep1,1.0443,135,0
rep1,1.0443,136,0
rep1,1.0444,137,0
rep1,1.0445,138,0
rep1,1.0445,139,0
rep1,1.0445,140,0
rep1,1.0445,141,0
rep1,1.0445,142,0
rep1,1.0445,143,0
rep1,1.0446,144,0
rep1,1.0447,145,0
rep1,1.0447,146,0
rep1,1.0447,147,0
rep1,1.0447,148,0
rep1,1.0448,149,0
rep1,1.0448,150,0
rep1,1.0448,151,0
rep1,1.0448,152,0
rep1,1.0449,153,0
rep1,1.045,154,0
rep1,1.045,155,0
rep1,1.045,156,0
rep1,1.045,157,0
rep1,1.0451,158,0
rep1,1.0451,159,0
rep1,1.0452,160,0
rep1,1.0453,161,0
rep1,1.0453,162,0
rep1,1.0453,163,0
rep1,1.0454,164,0
rep1,1.0454,165,0
rep1,1.0455,166,0
rep1,1.0455,167,0
rep1,1.0455,168,0
rep1,1.0455,169,0
rep1,1.0456,170,0
rep1,1.0456,171,0
rep1,1.0457,172,0
rep1,1.0457,173,0
rep1,1.0457,174,0
rep1,1.0458,175,0
rep1,1.0458,176,0
rep1,1.0459,177,0
rep1,1.0459,178,0
rep1,1.046,179,0
rep1,1.046,180,0
rep1,1.0461,181,0
rep1,1.0462,182,0
rep1,1.0462,183,0
rep1,1.0462,184,0
rep1,1.0463,185,0
rep1,1.0463,186,0
rep1,1.0463,187,0
rep1,1.0463,188,0
rep1,1.0463,189,0
rep1,1.0464,190,0
rep1,1.0465,191,0
rep1,1.0465,192,0
rep1,1.0465,193,0
rep1,1.0465,194,0
rep1,1.0466,195,0
rep1,1.0466,196,0
rep1,1.0466,197,0
rep1,1.0467,198,0
rep1,1.0467,199,0
rep1,1.0467,200,0
rep1,1.0468,201,0
rep1,1.0468,202,0
rep1,1.0469,203,0
rep1,1.0469,204,0
rep1,1.0469,205,0
rep1,1.0469,206,0
rep1,1.047,207,0
rep1,1.047,208,0
rep1,1.0471,209,0
rep1,1.0471,210,0
rep1,1.0471,211,0
rep1,1.0472,212,0
rep1,1.0472,213,0
rep1,1.0472,214,0
rep1,1.0472,215,0
rep1,1.0474,216,0
rep1,1.0475,217,0
rep1,1.0475,218,0
rep1,1.0476,219,0
rep1,1.0476,220,0
rep1,1.0476,221,0
rep1,1.0477,222,0
rep1,1.0477,223,0
rep1,1.0477,224,0
rep1,1.0478,225,0
rep1,1.0478,226,0
rep1,1.0479,227,0
rep1,1.0479,228,0
rep1,1.048,229,0
rep1,1.048,230,0
rep1,1.048,231,0
rep1,1.0481,232,0
rep1,1.0481,233,0
rep1,1.0483,234,0
rep1,1.0483,235,0
rep1,1.0483,236,0
rep1,1.0483,237,0
rep1,1.0483,238,0
rep1,1.0483,239,0
rep1,1.0483,240,0
rep1,1.0484,241,0
rep1,1.0485,242,0
rep1,1.0486,243,0
rep1,1.0486,244,0
rep1,1.0487,245,0
rep1,1.0488,246,0
rep1,1.0489,247,0
rep1,1.0489,248,0
rep1,1.0489,249,0
rep1,1.0491,250,0
rep1,1.0492,251,0
rep1,1.0492,252,0
rep1,1.0492,253,0
rep1,1.0493,254,0
rep1,1.0494,255,0
rep1,1.0494,256,0
rep1,1.0494,257,0
rep1,1.0494,258,0
rep1,1.0497,259,0
rep1,1.0497,260,0
rep1,1.0497,261,0
rep1,1.0498,262,0
rep1,1.0499,263,0
rep1,1.05,264,0
rep1,1.0501,265,0
rep1,1.0502,266,0
rep1,1.0503,267,0
rep1,1.0503,268,0
rep1,1.0503,269,0
rep1,1.0504,270,0
rep1,1.0506,271,0
rep1,1.0506,272,0
rep1,1.0506,273,0
rep1,1.0507,274,0
rep1,1.0507,275,0
rep1,1.0508,276,0
rep1,1.0508,277,0
rep1,1.0509,278,0
rep1,1.051,279,0
rep1,1.0511,280,0
rep1,1.0513,281,0
rep1,1.0513,282,0
rep1,1.0513,283,0
rep1,1.0514,284,0
rep1,1.0514,285,0
rep1,1.0515,286,0
rep1,1.0515,287,0
rep1,1.0516,288,0
rep1,1.0517,289,0
rep1,1.0517,290,0
rep1,1.0517,291,0
rep1,1.0518,292,0
rep1,1.0519,293,0
rep1,1.0519,294,0
rep1,1.052,295,0
rep1,1.052,296,0
rep1,1.052,297,0
rep1,1.052,298,0
rep1,1.0522,299,0
rep1,1.0523,300,0
rep1,1.0523,301,0
rep1,1.0523,302,0
rep1,1.0523,303,0
rep1,1.0524,304,0
rep1,1.0525,305,0
rep1,1.0526,306,0
rep1,1.0526,307,0
rep1,1.0527,308,0
rep1,1.0528,309,0
rep1,1.0529,310,0
rep1,1.053,311,0
rep1,1.053,312,0
rep1,1.053,313,0
rep1,1.0531,314,0
rep1,1.0531,315,0
rep1,1.0532,316,0
rep1,1.0532,317,0
rep1,1.0534,318,0
rep1,1.0534,319,0
rep1,1.0534,320,0
rep1,1.0535,321,0
rep1,1.0536,322,0
rep1,1.0538,323,0
rep1,1.0539,324,0
rep1,1.0539,325,0
rep1,1.0539,326,0
rep1,1.054,327,0
rep1,1.0542,328,0
rep1,1.0542,329,0
rep1,1.0544,330,0
rep1,1.0544,331,0
rep1,1.0544,332,0
rep1,1.0544,333,0
rep1,1.0546,334,0
rep1,1.0546,335,0
rep1,1.0546,336,0
rep1,1.0547,337,0
rep1,1.0549,338,0
rep1,1.0549,339,0
rep1,1.0551,340,0
rep1,1.0552,341,0
rep1,1.0552,342,0
rep1,1.0553,343,0
rep1,1.0557,344,0
rep1,1.0558,345,0
rep1,1.0559,346,0
rep1,1.056,347,0
rep1,1.056,348,0
rep1,1.0561,349,0
rep1,1.0562,350,0
rep1,1.0564,351,0
rep1,1.0564,352,0
rep1,1.0565,353,0
rep1,1.0566,354,0
rep1,1.0567,355,0
rep1,1.057,356,0
rep1,1.057,357,0
rep1,1.0571,358,0
rep1,1.0571,359,0
rep1,1.0574,360,0
rep1,1.0575,361,0
rep1,1.0576,362,0
rep1,1.0578,363,0
rep1,1.0581,364,0
rep1,1.0581,365,0
rep1,1.0583,366,0
rep1,1.0583,367,0
rep1,1.0585,368,0
rep1,1.0585,369,0
rep1,1.0586,370,0
rep1,1.0587,371,0
rep1,1.0595,372,0
rep1,1.0599,373,0
rep1,1.06,374,0
rep1,1.0601,375,0
rep1,1.0603,376,0
rep1,1.0603,377,0
rep1,1.0604,378,0
rep1,1.061,379,0
rep1,1.0613,380,0
rep1,1.0616,381,0
rep1,1.0616,382,0
rep1,1.062,383,0
rep1,1.062,384,0
rep1,1.062,385,0
rep1,1.0623,386,0
rep1,1.0624,387,0
rep1,1.0627,388,0
rep1,1.0627,389,0
rep1,1.0629,390,0
rep1,1.0629,391,0
rep1,1.0633,392,0
rep1,1.0634,393,0
rep1,1.0634,394,0
rep1,1.0636,395,0
rep1,1.0639,396,0
rep1,1.0639,397,0
rep1,1.0641,398,0
rep1,1.0643,399,0
rep1,1.0643,400,0
rep1,1.0647,401,0
rep1,1.0648,402,0
rep1,1.0648,403,0
rep1,1.065,404,0
rep1,1.0654,405,0
rep1,1.0655,406,0
rep1,1.0656,407,0
rep1,1.0659,408,0
rep1,1.0666,409,0
rep1,1.0667,410,0
rep1,1.0669,411,0
rep1,1.0673,412,0
rep1,1.0676,413,0
rep1,1.0677,414,0
rep1,1.0681,415,0
rep1,1.0684,416,0
rep1,1.0686,417,0
rep1,1.0693,418,0
rep1,1.0703,419,0
rep1,1.0704,420,0
rep1,1.0705,421,0
rep1,1.0705,422,0
rep1,1.0711,423,0
rep1,1.0712,424,0
rep1,1.0718,425,0
rep1,1.0718,426,0
rep1,1.0719,427,0
rep1,1.072,428,0
rep1,1.0723,429,0
rep1,1.0725,430,0
rep1,1.073,431,0
rep1,1.0738,432,0
rep1,1.0748,433,0
rep1,1.0748,434,0
rep1,1.0756,435,0
rep1,1.0756,436,0
rep1,1.0758,437,0
rep1,1.0759,438,0
rep1,1.0759,439,0
rep1,1.0759,440,0
rep1,1.076,441,0
rep1,1.076,442,0
rep1,1.0761,443,0
rep1,1.0761,444,0
rep1,1.0761,445,0
rep1,1.0762,446,0
rep1,1.0762,447,0
rep1,1.0762,448,0
rep1,1.0762,449,0
rep1,1.0766,450,0
rep1,1.0766,451,0
rep1,1.0767,452,0
rep1,1.0768,453,0
rep1,1.077,454,0
rep1,1.077,455,0
rep1,1.077,456,0
rep1,1.0771,457,0
rep1,1.0772,458,0
rep1,1.0776,459,0
rep1,1.0776,460,0
rep1,1.0777,461,0
rep1,1.0778,462,0
rep1,1.0778,463,0
rep1,1.0779,464,0
rep1,1.0781,465,0
rep1,1.0782,466,0
rep1,1.0782,467,0
rep1,1.0782,468,0
rep1,1.0786,469,0
rep1,1.0787,470,0
rep1,1.0788,471,0
rep1,1.0789,472,0
rep1,1.0793,473,0
rep1,1.0795,474,0
rep1,1.0795,475,0
rep1,1.0796,476,0
rep1,1.0796,477,0
rep1,1.0798,478,0
rep1,1.0799,479,0
rep1,1.0802,480,0
rep1,1.0802,481,0
rep1,1.0803,482,0
rep1,1.0803,483,0
rep1,1.0804,484,0
rep1,1.0805,485,0
rep1,1.0806,486,0
rep1,1.0807,487,0
rep1,1.0807,488,0
rep1,1.0808,489,0
rep1,1.0808,490,0
rep1,1.0809,491,0
rep1,1.081,492,0
rep1,1.081,493,0
rep1,1.0811,494,0
rep1,1.0812,495,0
rep1,1.0814,496,0
rep1,1.0814,497,0
rep1,1.0816,498,0
rep1,1.0816,499,0
rep1,1.0823,500,0
rep1,1.0823,501,0
rep1,1.0823,502,0
rep1,1.0823,503,0
rep1,1.0825,504,0
rep1,1.0826,505,0
rep1,1.0827,506,0
rep1,1.0828,507,0
rep1,1.0828,508,0
rep1,1.0829,509,0
rep1,1.083,510,0
rep1,1.0831,511,0
rep1,1.0832,512,0
rep1,1.0832,513,0
rep1,1.0834,514,0
rep1,1.0835,515,0
rep1,1.0835,516,0
rep1,1.0836,517,0
rep1,1.0838,518,0
rep1,1.0839,519,0
rep1,1.0839,520,0
rep1,1.084,521,0
rep1,1.0841,522,0
rep1,1.0842,523,0
rep1,1.0842,524,0
rep1,1.0845,525,0
rep1,1.0845,526,0
rep1,1.0846,527,0
rep1,1.0847,528,0
rep1,1.0848,529,0
rep1,1.0849,530,0
rep1,1.085,531,0
rep1,1.0851,532,0
rep1,1.0851,533,0
rep1,1.0851,534,0
rep1,1.0852,535,0
rep1,1.0852,536,0
rep1,1.0852,537,0
rep1,1.0854,538,0
rep1,1.0855,539,0
rep1,1.0858,540,0
rep1,1.0858,541,0
rep1,1.0859,542,0
rep1,1.086,543,0
rep1,1.0861,544,0
rep1,1.0862,545,0
rep1,1.0862,546,0
rep1,1.0863,547,0
rep1,1.0866,548,0
rep1,1.0868,549,0
rep1,1.0869,550,0
rep1,1.087,551,0
rep1,1.0871,552,0
rep1,1.0872,553,0
rep1,1.0873,554,0
rep1,1.0874,555,0
rep1,1.0874,556,0
rep1,1.0875,557,0
rep1,1.0876,558,0
rep1,1.0879,559,0
rep1,1.0881,560,0
rep1,1.0882,561,0
rep1,1.0882,562,0
rep1,1.0882,563,0
rep1,1.0883,564,0
rep1,1.0886,565,0
rep1,1.0886,566,0
rep1,1.089,567,0
rep1,1.089,568,0
rep1,1.089,569,0
rep1,1.0892,570,0
rep1,1.0893,571,0
rep1,1.0895,572,0
rep1,1.0896,573,0
rep1,1.0899,574,0
rep1,1.0899,575,0
rep1,1.0903,576,0
rep1,1.0907,577,0
rep1,1.091,578,0
rep1,1.091,579,0
rep1,1.0916,580,0
rep1,1.0919,581,0
rep1,1.092,582,0
rep1,1.0921,583,0
rep1,1.0921,584,0
rep1,1.0924,585,0
rep1,1.0926,586,0
rep1,1.0928,587,0
rep1,1.093,588,0
rep1,1.0932,589,0
rep1,1.0932,590,0
rep1,1.0932,591,0
rep1,1.0937,592,0
rep1,1.0939,593,0
rep1,1.094,594,0
rep1,1.0942,595,0
rep1,1.0943,596,0
rep1,1.0944,597,0
rep1,1.0946,598,0
rep1,1.0946,599,0
rep1,1.0946,600,0
rep1,1.095,601,0
rep1,1.0955,602,0
rep1,1.0957,603,0
rep1,1.0959,604,0
rep1,1.0959,605,0
rep1,1.096,606,0
rep1,1.0962,607,0
rep1,1.0963,608,0
rep1,1.0964,609,0
rep1,1.0969,610,0
rep1,1.097,611,0
rep1,1.0971,612,0
rep1,1.0971,613,0
rep1,1.0972,614,0
rep1,1.0972,615,0
rep1,1.0974,616,0
rep1,1.0975,617,0
rep1,1.0978,618,0
rep1,1.0979,619,0
rep1,1.098,620,0
rep1,1.0982,621,0
rep1,1.0982,622,0
rep1,1.0997,623,0
rep1,1.0998,624,0
rep1,1.0998,625,0
rep1,1.0999,626,0
rep1,1.1006,627,0
rep1,1.1009,628,0
rep1,1.1009,629,0
rep1,1.1016,630,0
rep1,1.1018,631,0
rep1,1.1019,632,0
rep1,1.102,633,0
rep1,1.102,634,0
rep1,1.1021,635,0
rep1,1.1021,636,0
rep1,1.1027,637,0
rep1,1.1029,638,0
rep1,1.1032,639,0
rep1,1.1032,640,0
rep1,1.1033,641,0
rep1,1.1034,642,0
rep1,1.1035,643,0
rep1,1.1037,644,0
rep1,1.1038,645,0
rep1,1.1039,646,0
rep1,1.1043,647,0
rep1,1.1043,648,0
rep1,1.1051,649,0
rep1,1.1053,650,0
rep1,1.1055,651,0
rep1,1.1056,652,0
rep1,1.1056,653,0
rep1,1.1056,654,0
rep1,1.1057,655,0
rep1,1.1058,656,0
rep1,1.1062,657,0
rep1,1.1063,658,0
rep1,1.107,659,0
rep1,1.1077,660,0
rep1,1.108,661,0
rep1,1.1085,662,0
rep1,1.1095,663,0
rep1,1.1095,664,0
rep1,1.1096,665,0
rep1,1.1096,666,0
rep1,1.1097,667,0
rep1,1.1097,668,0
rep1,1.1098,669,0
rep1,1.1098,670,0
rep1,1.1099,671,0
rep1,1.1102,672,0
rep1,1.1102,673,0
rep1,1.1105,674,0
rep1,1.1106,675,0
rep1,1.1106,676,0
rep1,1.1107,677,0
rep1,1.1107,678,0
rep1,1.1107,679,0
rep1,1.1108,680,0
rep1,1.1109,681,0
rep1,1.111,682,0
rep1,1.111,683,0
rep1,1.1112,684,0
rep1,1.1115,685,0
rep1,1.1115,686,0
rep1,1.1118,687,0
rep1,1.1123,688,0
rep1,1.1125,689,0
rep1,1.1125,690,0
rep1,1.1127,691,0
rep1,1.1128,692,0
rep1,1.1133,693,0
rep1,1.1133,694,0
rep1,1.1135,695,0
rep1,1.1138,696,0
rep1,1.1139,697,0
rep1,1.1139,698,0
rep1,1.1139,699,0
rep1,1.1141,700,0
rep1,1.1141,701,0
rep1,1.1142,702,0
rep1,1.1142,703,0
rep1,1.1144,704,0
rep1,1.1144,705,0
rep1,1.1144,706,0
rep1,1.1145,707,0
rep1,1.1148,708,0
rep1,1.1151,709,0
rep1,1.1152,710,0
rep1,1.1152,711,0
rep1,1.1152,712,0
rep1,1.1154,713,0
rep1,1.1155,714,0
rep1,1.1155,715,0
rep1,1.1161,716,0
rep1,1.1161,717,0
rep1,1.1164,718,0
rep1,1.1164,719,0
rep1,1.1168,720,0
rep1,1.1168,721,0
rep1,1.1169,722,0
rep1,1.1178,723,0
rep1,1.1178,724,0
rep1,1.118,725,0
rep1,1.1181,726,0
rep1,1.1181,727,0
rep1,1.1183,728,0
rep1,1.1187,729,0
rep1,1.1187,730,0
rep1,1.1189,731,0
rep1,1.1191,732,0
rep1,1.1192,733,0
rep1,1.1192,734,0
rep1,1.1194,735,0
rep1,1.1194,736,0
rep1,1.1195,737,0
rep1,1.1197,738,0
rep1,1.1199,739,0
rep1,1.1199,740,0
rep1,1.12,741,0
rep1,1.1203,742,0
rep1,1.1208,743,0
rep1,1.1214,744,0
rep1,1.1218,745,0
rep1,1.122,746,0
rep1,1.1222,747,0
rep1,1.1222,748,0
rep1,1.1225,749,0
rep1,1.1228,750,0
rep1,1.1237,751,0
rep1,1.1239,752,0
rep1,1.1239,753,0
rep1,1.1241,754,0
rep1,1.1242,755,0
rep1,1.1245,756,0
rep1,1.1246,757,0
rep1,1.1248,758,0
rep1,1.1249,759,0
rep1,1.1253,760,0
rep1,1.1253,761,0
rep1,1.1254,762,0
rep1,1.1255,763,0
rep1,1.1257,764,0
rep1,1.1258,765,0
rep1,1.1261,766,0
rep1,1.1263,767,0
rep1,1.127,768,0
rep1,1.1271,769,0
rep1,1.1272,770,0
rep1,1.1273,771,0
rep1,1.1275,772,0
rep1,1.1276,773,0
rep1,1.1278,774,0
rep1,1.1279,775,0
rep1,1.128,776,0
rep1,1.1283,777,0
rep1,1.1283,778,0
rep1,1.1285,779,0
rep1,1.1287,780,0
rep1,1.1288,781,0
rep1,1.129,782,0
rep1,1.1293,783,0
rep1,1.1293,784,0
rep1,1.1294,785,0
rep1,1.1295,786,0
rep1,1.1297,787,0
rep1,1.1298,788,0
rep1,1.1301,789,0
rep1,1.1304,790,0
rep1,1.1305,791,0
rep1,1.1309,792,0
rep1,1.131,793,0
rep1,1.1311,794,0
rep1,1.1313,795,0
rep1,1.1314,796,0
rep1,1.1315,797,0
rep1,1.1318,798,0
rep1,1.132,799,0
rep1,1.1324,800,0
rep1,1.1327,801,0
rep1,1.1328,802,0
rep1,1.1338,803,0
rep1,1.1344,804,0
rep1,1.1344,805,0
rep1,1.1347,806,0
rep1,1.1348,807,0
rep1,1.1348,808,0
rep1,1.1349,809,0
rep1,1.1349,810,0
rep1,1.135,811,0
rep1,1.1354,812,0
rep1,1.1354,813,0
rep1,1.1354,814,0
rep1,1.1364,815,0
rep1,1.1364,816,0
rep1,1.1364,817,0
rep1,1.1365,818,0
rep1,1.1366,819,0
rep1,1.1367,820,0
rep1,1.1367,821,0
rep1,1.1375,822,0
rep1,1.1376,823,0
rep1,1.1378,824,0
rep1,1.1378,825,0
rep1,1.1379,826,0
rep1,1.1382,827,0
rep1,1.1384,828,0
rep1,1.1385,829,0
rep1,1.1389,830,0
rep1,1.139,831,0
rep1,1.1391,832,0
rep1,1.1392,833,0
rep1,1.1395,834,0
rep1,1.1397,835,0
rep1,1.1403,836,0
rep1,1.1405,837,0
rep1,1.1406,838,0
rep1,1.1408,839,0
rep1,1.1409,840,0
rep1,1.141,841,0
rep1,1.1412,842,0
rep1,1.1413,843,0
rep1,1.1414,844,0
rep1,1.1414,845,0
rep1,1.1415,846,0
rep1,1.1416,847,0
rep1,1.1418,848,0
rep1,1.142,849,0
rep1,1.1429,850,0
rep1,1.1431,851,0
rep1,1.1432,852,0
rep1,1.1432,853,0
rep1,1.1435,854,0
rep1,1.1436,855,0
rep1,1.1436,856,0
rep1,1.1437,857,0
rep1,1.1437,858,0
rep1,1.144,859,0
rep1,1.1442,860,0
rep1,1.1443,861,0
rep1,1.1445,862,0
rep1,1.1445,863,0
rep1,1.1446,864,0
rep1,1.1448,865,0
rep1,1.1451,866,0
rep1,1.1453,867,0
rep1,1.1454,868,0
rep1,1.1455,869,0
rep1,1.1455,870,0
rep1,1.1455,871,0
rep1,1.1457,872,0
rep1,1.1463,873,0
rep1,1.1468,874,0
rep1,1.1472,875,0
rep1,1.1472,876,0
rep1,1.1472,877,0
rep1,1.1473,878,0
rep1,1.1473,879,0
rep1,1.1481,880,0
rep1,1.1485,881,0
rep1,1.1485,882,0
rep1,1.1485,883,0
rep1,1.1486,884,0
rep1,1.1486,885,0
rep1,1.1487,886,0
rep1,1.1491,887,0
rep1,1.1492,888,0
rep1,1.1492,889,0
rep1,1.1497,890,0
rep1,1.1497,891,0
rep1,1.1498,892,0
rep1,1.1505,893,0
rep1,1.1508,894,0
rep1,1.1509,895,0
rep1,1.1511,896,0
rep1,1.1512,897,0
rep1,1.1514,898,0
rep1,1.1514,899,0
rep1,1.1515,900,0
rep1,1.1515,901,0
rep1,1.1516,902,0
rep1,1.1518,903,0
rep1,1.1518,904,0
rep1,1.1518,905,0
rep1,1.1522,906,0
rep1,1.1524,907,0
rep1,1.1526,908,0
rep1,1.153,909,0
rep1,1.1533,910,0
rep1,1.1534,911,0
rep1,1.1537,912,0
rep1,1.1537,913,0
rep1,1.1541,914,0
rep1,1.1541,915,0
rep1,1.1541,916,0
rep1,1.1542,917,0
rep1,1.1542,918,0
rep1,1.1543,919,0
rep1,1.1544,920,0
rep1,1.1545,921,0
rep1,1.1547,922,0
rep1,1.1548,923,0
rep1,1.1549,924,0
rep1,1.1549,925,0
rep1,1.155,926,0
rep1,1.1552,927,0
rep1,1.1553,928,0
rep1,1.1553,929,0
rep1,1.1553,930,0
rep1,1.1555,931,0
rep1,1.1557,932,0
rep1,1.1558,933,0
rep1,1.1559,934,0
rep1,1.1562,935,0
rep1,1.1563,936,0
rep1,1.1564,937,0
rep1,1.1565,938,0
rep1,1.1566,939,0
rep1,1.1566,940,0
rep1,1.1569,941,0
rep1,1.157,942,0
rep1,1.157,943,0
rep1,1.1572,944,0
rep1,1.1575,945,0
rep1,1.1576,946,0
rep1,1.1577,947,0
rep1,1.1577,948,0
rep1,1.1579,949,0
rep1,1.1581,950,0
rep1,1.1583,951,0
rep1,1.1584,952,0
rep1,1.1584,953,0
rep1,1.1585,954,0
rep1,1.1586,955,0
rep1,1.1588,956,0
rep1,1.1589,957,0
rep1,1.1592,958,0
rep1,1.1593,959,0
rep1,1.1594,960,0
rep1,1.1596,961,0
rep1,1.1599,962,0
rep1,1.1603,963,0
rep1,1.1605,964,0
rep1,1.1606,965,0
rep1,1.1611,966,0
rep1,1.1614,967,0
rep1,1.1616,968,0
rep1,1.1617,969,0
rep1,1.162,970,0
rep1,1.1623,971,0
rep1,1.1623,972,0
rep1,1.1624,973,0
rep1,1.1625,974,0
rep1,1.1626,975,0
rep1,1.1629,976,0
rep1,1.1629,977,0
rep1,1.163,978,0
rep1,1.1633,979,0
rep1,1.1634,980,0
rep1,1.1635,981,0
rep1,1.1636,982,0
rep1,1.1637,983,0
rep1,1.1637,984,0
rep1,1.1638,985,0
rep1,1.1642,986,0
rep1,1.1643,987,0
rep1,1.1648,988,0
rep1,1.1649,989,0
rep1,1.165,990,0
rep1,1.165,991,0
rep1,1.1652,992,0
rep1,1.1652,993,0
rep1,1.1653,994,0
rep1,1.1653,995,0
rep1,1.1656,996,0
rep1,1.1656,997,0
rep1,1.1657,998,0
rep1,1.1659,999,0
rep1,1.166,1000,0
rep1,1.1661,1001,0
rep1,1.1663,1002,0
rep1,1.1669,1003,0
rep1,1.1672,1004,0
rep1,1.1672,1005,0
rep1,1.1673,1006,0
rep1,1.1677,1007,0
rep1,1.1683,1008,0
rep1,1.1684,1009,0
rep1,1.1685,1010,0
rep1,1.1688,1011,0
rep1,1.1689,1012,0
rep1,1.1689,1013,0
rep1,1.169,1014,0
rep1,1.1691,1015,0
rep1,1.1695,1016,0
rep1,1.1697,1017,0
rep1,1.1697,1018,0
rep1,1.1701,1019,0
rep1,1.1703,1020,0
rep1,1.1704,1021,0
rep1,1.1706,1022,0
rep1,1.1706,1023,0
rep1,1.1708,1024,0
rep1,1.171,1025,0
rep1,1.1711,1026,0
rep1,1.1713,1027,0
rep1,1.1713,1028,0
rep1,1.1715,1029,0
rep1,1.1716,1030,0
rep1,1.1717,1031,0
rep1,1.1717,1032,0
rep1,1.1721,1033,0
rep1,1.1721,1034,0
rep1,1.1721,1035,0
rep1,1.1725,1036,0
rep1,1.1726,1037,0
rep1,1.1727,1038,0
rep1,1.1728,1039,0
rep1,1.1728,1040,0
rep1,1.1728,1041,0
rep1,1.1732,1042,0
rep1,1.1736,1043,0
rep1,1.1739,1044,0
rep1,1.1739,1045,0
rep1,1.1748,1046,0
rep1,1.1752,1047,0
rep1,1.1754,1048,0
rep1,1.176,1049,0
rep1,1.1762,1050,0
rep1,1.1762,1051,0
rep1,1.1762,1052,0
rep1,1.1763,1053,0
rep1,1.1763,1054,0
rep1,1.1763,1055,0
rep1,1.1764,1056,0
rep1,1.1767,1057,0
rep1,1.1768,1058,0
rep1,1.177,1059,0
rep1,1.177,1060,0
rep1,1.1771,1061,0
rep1,1.1774,1062,0
rep1,1.1775,1063,0
rep1,1.1777,1064,0
rep1,1.1779,1065,0
rep1,1.178,1066,0
rep1,1.1781,1067,0
rep1,1.1784,1068,0
rep1,1.1785,1069,0
rep1,1.1785,1070,0
rep1,1.1785,1071,0
rep1,1.1786,1072,0
rep1,1.1786,1073,0
rep1,1.1788,1074,0
rep1,1.1788,1075,0
rep1,1.1789,1076,0
rep1,1.1789,1077,0
rep1,1.179,1078,0
rep1,1.1791,1079,0
rep1,1.1791,1080,0
rep1,1.1791,1081,0
rep1,1.1791,1082,0
rep1,1.1792,1083,0
rep1,1.1795,1084,0
rep1,1.1796,1085,0
rep1,1.1797,1086,0
rep1,1.1798,1087,0
rep1,1.18,1088,0
rep1,1.1803,1089,0
rep1,1.1803,1090,0
rep1,1.1805,1091,0
rep1,1.1806,1092,0
rep1,1.1806,1093,0
rep1,1.1807,1094,0
rep1,1.1808,1095,0
rep1,1.1809,1096,0
rep1,1.181,1097,0
rep1,1.181,1098,0
rep1,1.1812,1099,0
rep1,1.1814,1100,0
rep1,1.1815,1101,0
rep1,1.1815,1102,0
rep1,1.1817,1103,0
rep1,1.1817,1104,0
rep1,1.1819,1105,0
rep1,1.182,1106,0
rep1,1.1826,1107,0
rep1,1.1826,1108,0
rep1,1.1827,1109,0
rep1,1.1831,1110,0
rep1,1.1831,1111,0
rep1,1.1837,1112,0
rep1,1.1842,1113,0
rep1,1.1843,1114,0
rep1,1.1844,1115,0
rep1,1.1844,1116,0
rep1,1.1844,1117,0
rep1,1.1848,1118,0
rep1,1.1848,1119,0
rep1,1.1851,1120,0
rep1,1.1852,1121,0
rep1,1.1852,1122,0
rep1,1.1855,1123,0
rep1,1.1855,1124,0
rep1,1.1857,1125,0
rep1,1.186,1126,0
rep1,1.1861,1127,0
rep1,1.1861,1128,0
rep1,1.1862,1129,0
rep1,1.1863,1130,0
rep1,1.1864,1131,0
rep1,1.1865,1132,0
rep1,1.1865,1133,0
rep1,1.1866,1134,0
rep1,1.1868,1135,0
rep1,1.187,1136,0
rep1,1.187,1137,0
rep1,1.1873,1138,0
rep1,1.1874,1139,0
rep1,1.1877,1140,0
rep1,1.1877,1141,0
rep1,1.1878,1142,0
rep1,1.1879,1143,0
rep1,1.1879,1144,0
rep1,1.1883,1145,0
rep1,1.1884,1146,0
rep1,1.1886,1147,0
rep1,1.1886,1148,0
rep1,1.1887,1149,0
rep1,1.1892,1150,0
rep1,1.1893,1151,0
rep1,1.1894,1152,0
rep1,1.1896,1153,0
rep1,1.1899,1154,0
rep1,1.19,1155,0
rep1,1.19,1156,0
rep1,1.19,1157,0
rep1,1.19,1158,0
rep1,1.1902,1159,0
rep1,1.1902,1160,0
rep1,1.1903,1161,0
rep1,1.1903,1162,0
rep1,1.1906,1163,0
rep1,1.1907,1164,0
rep1,1.1911,1165,0
rep1,1.1911,1166,0
rep1,1.1912,1167,0
rep1,1.1912,1168,0
rep1,1.1914,1169,0
rep1,1.1915,1170,0
rep1,1.1917,1171,0
rep1,1.1924,1172,0
rep1,1.1925,1173,0
rep1,1.1925,1174,0
rep1,1.1929,1175,0
rep1,1.1929,1176,0
rep1,1.1934,1177,0
rep1,1.1936,1178,0
rep1,1.1937,1179,0
rep1,1.1939,1180,0
rep1,1.1941,1181,0
rep1,1.1942,1182,0
rep1,1.1943,1183,0
rep1,1.1948,1184,0
rep1,1.1952,1185,0
rep1,1.1953,1186,0
rep1,1.1955,1187,0
rep1,1.1955,1188,0
rep1,1.1955,1189,0
rep1,1.1959,1190,0
rep1,1.196,1191,0
rep1,1.1961,1192,0
rep1,1.1962,1193,0
rep1,1.1963,1194,0
rep1,1.1967,1195,0
rep1,1.197,1196,0
rep1,1.197,1197,0
rep1,1.197,1198,0
rep1,1.1972,1199,0
rep1,1.1972,1200,0
rep1,1.1972,1201,0
rep1,1.1976,1202,0
rep1,1.1977,1203,0
rep1,1.1982,1204,0
rep1,1.1983,1205,0
rep1,1.1984,1206,0
rep1,1.1985,1207,0
rep1,1.1986,1208,0
rep1,1.1986,1209,0
rep1,1.1986,1210,0
rep1,1.199,1211,0
rep1,1.1991,1212,0
rep1,1.1992,1213,0
rep1,1.1994,1214,0
rep1,1.1995,1215,0
rep1,1.1997,1216,0
rep1,1.1998,1217,0
rep1,1.1999,1218,0
rep1,1.2003,1219,0
rep1,1.2004,1220,0
rep1,1.2006,1221,0
rep1,1.2006,1222,0
rep1,1.2007,1223,0
rep1,1.2008,1224,0
rep1,1.201,1225,0
rep1,1.2014,1226,0
rep1,1.2014,1227,0
rep1,1.2014,1228,0
rep1,1.2019,1229,0
rep1,1.2026,1230,0
rep1,1.2031,1231,0
rep1,1.2032,1232,0
rep1,1.2034,1233,0
rep1,1.204,1234,0
rep1,1.2042,1235,0
rep1,1.2044,1236,0
rep1,1.2045,1237,0
rep1,1.2045,1238,0
rep1,1.2051,1239,0
rep1,1.2054,1240,0
rep1,1.2058,1241,0
rep1,1.2059,1242,0
rep1,1.2059,1243,0
rep1,1.2059,1244,0
rep1,1.206,1245,0
rep1,1.2061,1246,0
rep1,1.2061,1247,0
rep1,1.2062,1248,0
rep1,1.2064,1249,0
rep1,1.2067,1250,0
rep1,1.2067,1251,0
rep1,1.207,1252,0
rep1,1.2074,1253,0
rep1,1.2075,1254,0
rep1,1.2076,1255,0
rep1,1.2077,1256,0
rep1,1.2078,1257,0
rep1,1.2078,1258,0
rep1,1.2084,1259,0
rep1,1.2084,1260,0
rep1,1.2085,1261,0
rep1,1.2086,1262,0
rep1,1.2087,1263,0
rep1,1.209,1264,0
rep1,1.2092,1265,0
rep1,1.2094,1266,0
rep1,1.2097,1267,0
rep1,1.2098,1268,0
rep1,1.2099,1269,0
rep1,1.21,1270,0
rep1,1.21,1271,0
rep1,1.2104,1272,0
rep1,1.2105,1273,0
rep1,1.2105,1274,0
rep1,1.2105,1275,0
rep1,1.2107,1276,0
rep1,1.2107,1277,0
rep1,1.2108,1278,0
rep1,1.2109,1279,0
rep1,1.2113,1280,0
rep1,1.2114,1281,0
rep1,1.2116,1282,0
rep1,1.2118,1283,0
rep1,1.2118,1284,0
rep1,1.2122,1285,0
rep1,1.2123,1286,0
rep1,1.2125,1287,0
rep1,1.2125,1288,0
rep1,1.2125,1289,0
rep1,1.2126,1290,0
rep1,1.2127,1291,0
rep1,1.2129,1292,0
rep1,1.213,1293,0
rep1,1.213,1294,0
rep1,1.2135,1295,0
rep1,1.2135,1296,0
rep1,1.2135,1297,0
rep1,1.2136,1298,0
rep1,1.2137,1299,0
rep1,1.2139,1300,0
rep1,1.2145,1301,0
rep1,1.2145,1302,0
rep1,1.2146,1303,0
rep1,1.2148,1304,0
rep1,1.2148,1305,0
rep1,1.2149,1306,0
rep1,1.215,1307,0
rep1,1.2154,1308,0
rep1,1.2156,1309,0
rep1,1.2157,1310,0
rep1,1.2158,1311,0
rep1,1.2159,1312,0
rep1,1.2161,1313,0
rep1,1.2161,1314,0
rep1,1.2162,1315,0
rep1,1.2163,1316,0
rep1,1.2165,1317,0
rep1,1.2168,1318,0
rep1,1.2173,1319,0
rep1,1.2176,1320,0
rep1,1.2176,1321,0
rep1,1.2176,1322,0
rep1,1.2176,1323,0
rep1,1.2179,1324,0
rep1,1.2181,1325,0
rep1,1.2182,1326,0
rep1,1.2186,1327,0
rep1,1.2188,1328,0
rep1,1.2189,1329,0
rep1,1.2192,1330,0
rep1,1.2194,1331,0
rep1,1.2195,1332,0
rep1,1.2196,1333,0
rep1,1.2197,1334,0
rep1,1.2197,1335,0
rep1,1.2198,1336,0
rep1,1.2198,1337,0
rep1,1.22,1338,0
rep1,1.2206,1339,0
rep1,1.2206,1340,0
rep1,1.221,1341,0
rep1,1.2212,1342,0
rep1,1.2212,1343,0
rep1,1.2215,1344,0
rep1,1.2221,1345,0
rep1,1.2224,1346,0
rep1,1.2226,1347,0
rep1,1.2226,1348,0
rep1,1.2229,1349,0
rep1,1.2232,1350,0
rep1,1.2233,1351,0
rep1,1.2235,1352,0
rep1,1.2235,1353,0
rep1,1.2236,1354,0
rep1,1.224,1355,0
rep1,1.224,1356,0
rep1,1.224,1357,0
rep1,1.2242,1358,0
rep1,1.2245,1359,0
rep1,1.2245,1360,0
rep1,1.2247,1361,0
rep1,1.2248,1362,0
rep1,1.2249,1363,0
rep1,1.2253,1364,0
rep1,1.2269,1365,0
rep1,1.227,1366,0
rep1,1.2271,1367,0
rep1,1.2272,1368,0
rep1,1.2278,1369,0
rep1,1.2282,1370,0
rep1,1.2283,1371,0
rep1,1.2284,1372,0
rep1,1.2286,1373,0
rep1,1.2292,1374,0
rep1,1.2294,1375,0
rep1,1.2297,1376,0
rep1,1.2298,1377,0
rep1,1.2298,1378,0
rep1,1.2299,1379,0
rep1,1.2302,1380,0
rep1,1.2303,1381,0
rep1,1.2306,1382,0
rep1,1.2308,1383,0
rep1,1.2311,1384,0
rep1,1.2314,1385,0
rep1,1.2316,1386,0
rep1,1.2317,1387,0
rep1,1.2319,1388,0
rep1,1.2319,1389,0
rep1,1.2322,1390,0
rep1,1.2323,1391,0
rep1,1.2323,1392,0
rep1,1.2329,1393,0
rep1,1.2331,1394,0
rep1,1.2332,1395,0
rep1,1.2334,1396,0
rep1,1.2341,1397,0
rep1,1.2342,1398,0
rep1,1.2344,1399,0
rep1,1.2347,1400,0
rep1,1.2353,1401,0
rep1,1.2354,1402,0
rep1,1.2356,1403,0
rep1,1.2357,1404,0
rep1,1.2358,1405,0
rep1,1.2359,1406,0
rep1,1.236,1407,0
rep1,1.236,1408,0
rep1,1.2361,1409,0
rep1,1.2365,1410,0
rep1,1.2375,1411,0
rep1,1.2375,1412,0
rep1,1.2386,1413,0
rep1,1.2389,1414,0
rep1,1.2389,1415,0
rep1,1.2392,1416,0
rep1,1.2392,1417,0
rep1,1.2395,1418,0
rep1,1.2398,1419,0
rep1,1.2403,1420,0
rep1,1.2403,1421,0
rep1,1.2407,1422,0
rep1,1.2408,1423,0
rep1,1.2409,1424,0
rep1,1.2409,1425,0
rep1,1.241,1426,0
rep1,1.2416,1427,0
rep1,1.2419,1428,0
rep1,1.242,1429,0
rep1,1.242,1430,0
rep1,1.242,1431,0
rep1,1.2421,1432,0
rep1,1.2425,1433,0
rep1,1.2428,1434,0
rep1,1.2432,1435,0
rep1,1.2434,1436,0
rep1,1.2434,1437,0
rep1,1.2434,1438,0
rep1,1.2434,1439,0
rep1,1.2435,1440,0
rep1,1.2436,1441,0
rep1,1.2438,1442,0
rep1,1.2441,1443,0
rep1,1.2442,1444,0
rep1,1.2443,1445,0
rep1,1.2444,1446,0
rep1,1.2446,1447,0
rep1,1.2451,1448,0
rep1,1.2453,1449,0
rep1,1.2458,1450,0
rep1,1.2461,1451,0
rep1,1.2461,1452,0
rep1,1.2463,1453,0
rep1,1.2465,1454,0
rep1,1.2467,1455,0
rep1,1.2468,1456,0
rep1,1.2468,1457,0
rep1,1.247,1458,0
rep1,1.2475,1459,0
rep1,1.2476,1460,0
rep1,1.248,1461,0
rep1,1.2483,1462,0
rep1,1.2483,1463,0
rep1,1.2485,1464,0
rep1,1.2485,1465,0
rep1,1.2485,1466,0
rep1,1.2489,1467,0
rep1,1.2492,1468,0
rep1,1.2493,1469,0
rep1,1.2494,1470,0
rep1,1.2495,1471,0
rep1,1.25,1472,0
rep1,1.2501,1473,0
rep1,1.2505,1474,0
rep1,1.2507,1475,0
rep1,1.2508,1476,0
rep1,1.2511,1477,0
rep1,1.2512,1478,0
rep1,1.2514,1479,0
rep1,1.2515,1480,0
rep1,1.2516,1481,0
rep1,1.2519,1482,0
rep1,1.2519,1483,0
rep1,1.252,1484,0
rep1,1.252,1485,0
rep1,1.2521,1486,0
rep1,1.2523,1487,0
rep1,1.2523,1488,0
rep1,1.2528,1489,0
rep1,1.253,1490,0
rep1,1.2531,1491,0
rep1,1.2535,1492,0
rep1,1.2536,1493,0
rep1,1.2537,1494,0
rep1,1.2537,1495,0
rep1,1.2538,1496,0
rep1,1.2551,1497,0
rep1,1.2551,1498,0
rep1,1.2551,1499,0
rep1,1.2552,1500,0
rep1,1.2556,1501,0
rep1,1.2557,1502,0
rep1,1.2558,1503,0
rep1,1.2559,1504,0
rep1,1.2561,1505,0
rep1,1.2564,1506,0
rep1,1.2571,1507,0
rep1,1.2572,1508,0
rep1,1.2573,1509,0
rep1,1.2574,1510,0
rep1,1.2576,1511,0
rep1,1.2583,1512,0
rep1,1.2584,1513,0
rep1,1.2586,1514,0
rep1,1.2589,1515,0
rep1,1.2591,1516,0
rep1,1.2592,1517,0
rep1,1.2593,1518,0
rep1,1.2595,1519,0
rep1,1.2602,1520,0
rep1,1.2603,1521,0
rep1,1.2607,1522,0
rep1,1.2609,1523,0
rep1,1.261,1524,0
rep1,1.261,1525,0
rep1,1.2611,1526,0
rep1,1.2615,1527,0
rep1,1.2618,1528,0
rep1,1.262,1529,0
rep1,1.2621,1530,0
rep1,1.263,1531,0
rep1,1.2633,1532,0
rep1,1.2634,1533,0
rep1,1.2639,1534,0
rep1,1.2639,1535,0
rep1,1.264,1536,0
rep1,1.264,1537,0
rep1,1.264,1538,0
rep1,1.2643,1539,0
rep1,1.2647,1540,0
rep1,1.2648,1541,0
rep1,1.2649,1542,0
rep1,1.2652,1543,0
rep1,1.2652,1544,0
rep1,1.2653,1545,0
rep1,1.2657,1546,0
rep1,1.266,1547,0
rep1,1.266,1548,0
rep1,1.2662,1549,0
rep1,1.2663,1550,0
rep1,1.2665,1551,0
rep1,1.267,1552,0
rep1,1.2671,1553,0
rep1,1.2673,1554,0
rep1,1.2676,1555,0
rep1,1.268,1556,0
rep1,1.268,1557,0
rep1,1.2683,1558,0
rep1,1.2684,1559,0
rep1,1.2685,1560,0
rep1,1.2685,1561,0
rep1,1.2686,1562,0
rep1,1.2688,1563,0
rep1,1.2688,1564,0
rep1,1.2691,1565,0
rep1,1.2698,1566,0
rep1,1.2708,1567,0
rep1,1.2711,1568,0
rep1,1.2712,1569,0
rep1,1.2713,1570,0
rep1,1.2715,1571,0
rep1,1.2716,1572,0
rep1,1.272,1573,0
rep1,1.2728,1574,0
rep1,1.2729,1575,0
rep1,1.273,1576,0
rep1,1.273,1577,0
rep1,1.2732,1578,0
rep1,1.2732,1579,0
rep1,1.2735,1580,0
rep1,1.2737,1581,0
rep1,1.274,1582,0
rep1,1.2748,1583,0
rep1,1.2759,1584,0
rep1,1.2765,1585,0
rep1,1.277,1586,0
rep1,1.277,1587,0
rep1,1.2773,1588,0
rep1,1.2774,1589,0
rep1,1.2776,1590,0
rep1,1.2786,1591,0
rep1,1.2786,1592,0
rep1,1.2788,1593,0
rep1,1.2788,1594,0
rep1,1.2788,1595,0
rep1,1.279,1596,0
rep1,1.2798,1597,0
rep1,1.2801,1598,0
rep1,1.2801,1599,0
rep1,1.2807,1600,0
rep1,1.2809,1601,0
rep1,1.2811,1602,0
rep1,1.2826,1603,0
rep1,1.2831,1604,0
rep1,1.2833,1605,0
rep1,1.2834,1606,0
rep1,1.2835,1607,0
rep1,1.2839,1608,0
rep1,1.2842,1609,0
rep1,1.2852,1610,0
rep1,1.2852,1611,0
rep1,1.2855,1612,0
rep1,1.286,1613,0
rep1,1.2866,1614,0
rep1,1.2867,1615,0
rep1,1.2875,1616,0
rep1,1.2876,1617,0
rep1,1.2876,1618,0
rep1,1.2878,1619,0
rep1,1.288,1620,0
rep1,1.2883,1621,0
rep1,1.2888,1622,0
rep1,1.2888,1623,0
rep1,1.2891,1624,0
rep1,1.2894,1625,0
rep1,1.2894,1626,0
rep1,1.2895,1627,0
rep1,1.2897,1628,0
rep1,1.2902,1629,0
rep1,1.2902,1630,0
rep1,1.2904,1631,0
rep1,1.2909,1632,0
rep1,1.291,1633,0
rep1,1.2916,1634,0
rep1,1.2917,1635,0
rep1,1.2918,1636,0
rep1,1.2918,1637,0
rep1,1.2921,1638,0
rep1,1.2926,1639,0
rep1,1.2928,1640,0
rep1,1.2929,1641,0
rep1,1.293,1642,0
rep1,1.2931,1643,0
rep1,1.2933,1644,0
rep1,1.2935,1645,0
rep1,1.2936,1646,0
rep1,1.2945,1647,0
rep1,1.2947,1648,0
rep1,1.2954,1649,0
rep1,1.2955,1650,0
rep1,1.2956,1651,0
rep1,1.2959,1652,0
rep1,1.2962,1653,0
rep1,1.2966,1654,0
rep1,1.2973,1655,0
rep1,1.2977,1656,0
rep1,1.2978,1657,0
rep1,1.2983,1658,0
rep1,1.2985,1659,0
rep1,1.2989,1660,0
rep1,1.299,1661,0
rep1,1.299,1662,0
rep1,1.2992,1663,0
rep1,1.2994,1664,0
rep1,1.2995,1665,0
rep1,1.3005,1666,0
rep1,1.3006,1667,0
rep1,1.3007,1668,0
rep1,1.3008,1669,0
rep1,1.3013,1670,0
rep1,1.3013,1671,0
rep1,1.3016,1672,0
rep1,1.3019,1673,0
rep1,1.3028,1674,0
rep1,1.3029,1675,0
rep1,1.3029,1676,0
rep1,1.3033,1677,0
rep1,1.3034,1678,0
rep1,1.3034,1679,0
rep1,1.3034,1680,0
rep1,1.304,1681,0
rep1,1.304,1682,0
rep1,1.3041,1683,0
rep1,1.3042,1684,0
rep1,1.3049,1685,0
rep1,1.3052,1686,0
rep1,1.3059,1687,0
rep1,1.306,1688,0
rep1,1.3071,1689,0
rep1,1.3083,1690,0
rep1,1.3085,1691,0
rep1,1.3087,1692,0
rep1,1.3099,1693,0
rep1,1.31,1694,0
rep1,1.31,1695,0
rep1,1.31,1696,0
rep1,1.3104,1697,0
rep1,1.3107,1698,0
rep1,1.3107,1699,0
rep1,1.3117,1700,0
rep1,1.3118,1701,0
rep1,1.3121,1702,0
rep1,1.3126,1703,0
rep1,1.3128,1704,0
rep1,1.313,1705,0
rep1,1.3131,1706,0
rep1,1.3133,1707,0
rep1,1.3133,1708,0
rep1,1.3133,1709,0
rep1,1.3135,1710,0
rep1,1.3137,1711,0
rep1,1.3137,1712,0
rep1,1.3141,1713,0
rep1,1.3145,1714,0
rep1,1.3145,1715,0
rep1,1.3147,1716,0
rep1,1.3157,1717,0
rep1,1.3158,1718,0
rep1,1.3159,1719,0
rep1,1.316,1720,0
rep1,1.3163,1721,0
rep1,1.3168,1722,0
rep1,1.3175,1723,0
rep1,1.3176,1724,0
rep1,1.3178,1725,0
rep1,1.3178,1726,0
rep1,1.3178,1727,0
rep1,1.3179,1728,0
rep1,1.318,1729,0
rep1,1.3182,1730,0
rep1,1.3189,1731,0
rep1,1.319,1732,0
rep1,1.3192,1733,0
rep1,1.3194,1734,0
rep1,1.3196,1735,0
rep1,1.3197,1736,0
rep1,1.3206,1737,0
rep1,1.3211,1738,0
rep1,1.3213,1739,0
rep1,1.3217,1740,0
rep1,1.3218,1741,0
rep1,1.3221,1742,0
rep1,1.3225,1743,0
rep1,1.323,1744,0
rep1,1.3247,1745,0
rep1,1.3252,1746,0
rep1,1.3252,1747,0
rep1,1.3257,1748,0
rep1,1.3259,1749,0
rep1,1.3259,1750,0
rep1,1.3268,1751,0
rep1,1.3268,1752,0
rep1,1.327,1753,0
rep1,1.3273,1754,0
rep1,1.3273,1755,0
rep1,1.3274,1756,0
rep1,1.3276,1757,0
rep1,1.3277,1758,0
rep1,1.3279,1759,0
rep1,1.3283,1760,0
rep1,1.3284,1761,0
rep1,1.3285,1762,0
rep1,1.3286,1763,0
rep1,1.329,1764,0
rep1,1.3292,1765,0
rep1,1.3305,1766,0
rep1,1.3326,1767,0
rep1,1.3329,1768,0
rep1,1.3335,1769,0
rep1,1.3347,1770,0
rep1,1.3354,1771,0
rep1,1.3356,1772,0
rep1,1.3358,1773,0
rep1,1.3359,1774,0
rep1,1.336,1775,0
rep1,1.3361,1776,0
rep1,1.3363,1777,0
rep1,1.3364,1778,0
rep1,1.338,1779,0
rep1,1.338,1780,0
rep1,1.3386,1781,0
rep1,1.3386,1782,0
rep1,1.3393,1783,0
rep1,1.3394,1784,0
rep1,1.3394,1785,0
rep1,1.3399,1786,0
rep1,1.3405,1787,0
rep1,1.3406,1788,0
rep1,1.3408,1789,0
rep1,1.3409,1790,0
rep1,1.3411,1791,0
rep1,1.3419,1792,0
rep1,1.343,1793,0
rep1,1.3437,1794,0
rep1,1.3443,1795,0
rep1,1.3451,1796,0
rep1,1.3453,1797,0
rep1,1.3455,1798,0
rep1,1.3463,1799,0
rep1,1.3467,1800,0
rep1,1.3469,1801,0
rep1,1.347,1802,0
rep1,1.3471,1803,0
rep1,1.3475,1804,0
rep1,1.3476,1805,0
rep1,1.3481,1806,0
rep1,1.3487,1807,0
rep1,1.349,1808,0
rep1,1.3491,1809,0
rep1,1.3505,1810,0
rep1,1.3507,1811,0
rep1,1.3514,1812,0
rep1,1.352,1813,0
rep1,1.3522,1814,0
rep1,1.3525,1815,0
rep1,1.3526,1816,0
rep1,1.3529,1817,0
rep1,1.3529,1818,0
rep1,1.3531,1819,0
rep1,1.3533,1820,0
rep1,1.354,1821,0
rep1,1.356,1822,0
rep1,1.3567,1823,0
rep1,1.3567,1824,0
rep1,1.3571,1825,0
rep1,1.3577,1826,0
rep1,1.3578,1827,0
rep1,1.3579,1828,0
rep1,1.3587,1829,0
rep1,1.3588,1830,0
rep1,1.3589,1831,0
rep1,1.3592,1832,0
rep1,1.3597,1833,0
rep1,1.3602,1834,0
rep1,1.3614,1835,0
rep1,1.3615,1836,0
rep1,1.3619,1837,0
rep1,1.3622,1838,0
rep1,1.3623,1839,0
rep1,1.3628,1840,0
rep1,1.363,1841,0
rep1,1.3633,1842,0
rep1,1.3638,1843,0
rep1,1.364,1844,0
rep1,1.3642,1845,0
rep1,1.3642,1846,0
rep1,1.3646,1847,0
rep1,1.3647,1848,0
rep1,1.365,1849,0
rep1,1.3655,1850,0
rep1,1.3661,1851,0
rep1,1.3665,1852,0
rep1,1.3668,1853,0
rep1,1.367,1854,0
rep1,1.3674,1855,0
rep1,1.3676,1856,0
rep1,1.3676,1857,0
rep1,1.3683,1858,0
rep1,1.369,1859,0
rep1,1.3695,1860,0
rep1,1.3704,1861,0
rep1,1.3707,1862,0
rep1,1.3712,1863,0
rep1,1.3733,1864,0
rep1,1.3766,1865,0
rep1,1.3789,1866,0
rep1,1.3795,1867,0
rep1,1.3809,1868,0
rep1,1.3815,1869,0
rep1,1.3818,1870,0
rep1,1.3823,1871,0
rep1,1.3824,1872,0
rep1,1.3827,1873,0
rep1,1.3832,1874,0
rep1,1.3837,1875,0
rep1,1.384,1876,0
rep1,1.385,1877,0
rep1,1.3854,1878,0
rep1,1.3857,1879,0
rep1,1.3859,1880,0
rep1,1.386,1881,0
rep1,1.3864,1882,0
rep1,1.3874,1883,0
rep1,1.3879,1884,0
rep1,1.3883,1885,0
rep1,1.389,1886,0
rep1,1.3897,1887,0
rep1,1.3899,1888,0
rep1,1.3908,1889,0
rep1,1.3918,1890,0
rep1,1.3922,1891,0
rep1,1.3926,1892,0
rep1,1.3926,1893,0
rep1,1.3928,1894,0
rep1,1.3932,1895,0
rep1,1.3935,1896,0
rep1,1.3939,1897,0
rep1,1.3946,1898,0
rep1,1.395,1899,0
rep1,1.3957,1900,0
rep1,1.3958,1901,0
rep1,1.3962,1902,0
rep1,1.3968,1903,0
rep1,1.3989,1904,0
rep1,1.4001,1905,0
rep1,1.4004,1906,0
rep1,1.4037,1907,0
rep1,1.4042,1908,0
rep1,1.4043,1909,0
rep1,1.4047,1910,0
rep1,1.4049,1911,0
rep1,1.4055,1912,0
rep1,1.4063,1913,0
rep1,1.4065,1914,0
rep1,1.4069,1915,0
rep1,1.4071,1916,0
rep1,1.4077,1917,0
rep1,1.408,1918,0
rep1,1.4081,1919,0
rep1,1.4086,1920,0
rep1,1.4115,1921,0
rep1,1.4128,1922,0
rep1,1.4135,1923,0
rep1,1.4151,1924,0
rep1,1.4168,1925,0
rep1,1.4171,1926,0
rep1,1.4176,1927,0
rep1,1.4192,1928,0
rep1,1.4195,1929,0
rep1,1.4212,1930,0
rep1,1.4217,1931,0
rep1,1.4221,1932,0
rep1,1.4224,1933,0
rep1,1.4249,1934,0
rep1,1.4255,1935,0
rep1,1.4263,1936,0
rep1,1.4269,1937,0
rep1,1.4276,1938,0
rep1,1.4299,1939,0
rep1,1.4304,1940,0
rep1,1.4308,1941,0
rep1,1.4325,1942,0
rep1,1.4358,1943,0
rep1,1.4358,1944,0
rep1,1.4362,1945,0
rep1,1.4363,1946,0
rep1,1.4366,1947,0
rep1,1.4367,1948,0
rep1,1.4374,1949,0
rep1,1.438,1950,0
rep1,1.438,1951,0
rep1,1.4408,1952,0
rep1,1.442,1953,0
rep1,1.4447,1954,0
rep1,1.4457,1955,0
rep1,1.4458,1956,0
rep1,1.4482,1957,0
rep1,1.4487,1958,0
rep1,1.449,1959,0
rep1,1.4511,1960,0
rep1,1.4518,1961,0
rep1,1.4527,1962,0
rep1,1.4533,1963,0
rep1,1.4539,1964,0
rep1,1.4576,1965,0
rep1,1.4584,1966,0
rep1,1.4585,1967,0
rep1,1.4591,1968,0
rep1,1.4592,1969,0
rep1,1.4605,1970,0
rep1,1.4635,1971,0
rep1,1.4642,1972,0
rep1,1.4656,1973,0
rep1,1.4675,1974,0
rep1,1.4689,1975,0
rep1,1.4691,1976,0
rep1,1.4697,1977,0
rep1,1.4711,1978,0
rep1,1.4735,1979,0
rep1,1.4762,1980,0
rep1,1.4776,1981,0
rep1,1.4786,1982,0
rep1,1.4801,1983,0
rep1,1.4805,1984,0
rep1,1.4879,1985,0
rep1,1.4886,1986,0
rep1,1.4906,1987,0
rep1,1.4914,1988,0
rep1,1.4922,1989,0
rep1,1.4924,1990,0
rep1,1.496,1991,0
rep1,1.4962,1992,0
rep1,1.4968,1993,0
rep1,1.4997,1994,0
rep1,1.5017,1995,0
rep1,1.5035,1996,0
rep1,1.5045,1997,0
rep1,1.5052,1998,0
rep1,1.5156,1999,0
rep1,1.5169,2000,0
rep1,1.5185,2001,0
rep1,1.5195,2002,0
rep1,1.5223,2003,0
rep1,1.5223,2004,0
rep1,1.5228,2005,0
rep1,1.5233,2006,0
rep1,1.5292,2007,0
rep1,1.53,2008,0
rep1,1.5308,2009,0
rep1,1.5308,2010,0
rep1,1.531,2011,0
rep1,1.5371,2012,0
rep1,1.538,2013,0
rep1,1.5443,2014,0
rep1,1.5471,2015,0
rep1,1.5519,2016,0
rep1,1.5558,2017,0
rep1,1.5592,2018,0
rep1,1.5596,2019,0
rep1,1.5728,2020,0
rep1,1.5735,2021,0
rep1,1.5752,2022,0
rep1,1.5764,2023,0
rep1,1.5812,2024,0
rep1,1.5839,2025,0
rep1,1.5893,2026,0
rep1,1.5904,2027,0
rep1,1.6099,2028,0
rep1,1.616,2029,0
rep1,1.6269,2030,0
rep1,1.6553,2031,0
rep1,1.6676,2032,0
rep1,1.6683,2033,0
rep1,1.6751,2034,0
rep1,1.681,2035,0
rep1,1.6835,2036,0
rep1,1.6974,2037,0
rep1,1.7052,2038,0
rep1,1.7312,2039,0
rep1,1.7402,2040,0
rep1,1.856,2041,0
rep1,1.8698,2042,0
rep1,2.0146,2043,0
rep1,2.016,2044,0
rep1,2.0174,2045,0
rep1,2.0184,2046,0
rep1,2.0436,2047,0
rep1,2.0442,2048,0
rep1,2.0448,2049,0
rep1,2.0468,2050,0
rep1,2.0471,2051,0
rep1,2.0471,2052,0
rep1,2.0481,2053,0
rep1,2.0488,2054,0
rep1,2.0494,2055,0
rep1,2.0495,2056,0
rep1,2.0534,2057,0
rep1,2.0541,2058,0
rep1,2.0542,2059,0
rep1,2.0542,2060,0
rep1,2.0546,2061,0
rep1,2.0559,2062,0
rep1,2.0567,2063,0
rep1,2.0593,2064,0
rep1,2.0593,2065,0
rep1,2.0623,2066,0
rep1,2.0656,2067,0
rep1,2.0736,2068,0
rep1,2.0766,2069,0
rep1,2.0767,2070,0
rep1,2.077,2071,0
rep1,2.0771,2072,0
rep1,2.0774,2073,0
rep1,2.0774,2074,0
rep1,2.078,2075,0
rep1,2.0784,2076,0
rep1,2.0785,2077,0
rep1,2.0785,2078,0
rep1,2.0786,2079,0
rep1,2.079,2080,0
rep1,2.079,2081,0
rep1,2.079,2082,0
rep1,2.0791,2083,0
rep1,2.0793,2084,0
rep1,2.0796,2085,0
rep1,2.0812,2086,0
rep1,2.0815,2087,0
rep1,2.0817,2088,0
rep1,2.0821,2089,0
rep1,2.0822,2090,0
rep1,2.0826,2091,0
rep1,2.0828,2092,0
rep1,2.0831,2093,0
rep1,2.0837,2094,0
rep1,2.084,2095,0
rep1,2.0847,2096,0
rep1,2.086,2097,0
rep1,2.0867,2098,0
rep1,2.0871,2099,0
rep1,2.0875,2100,0
rep1,2.0879,2101,0
rep1,2.088,2102,0
rep1,2.0891,2103,0
rep1,2.0907,2104,0
rep1,2.0912,2105,0
rep1,2.0912,2106,0
rep1,2.0919,2107,0
rep1,2.0921,2108,0
rep1,2.0922,2109,0
rep1,2.0935,2110,0
rep1,2.0945,2111,0
rep1,2.0948,2112,0
rep1,2.0952,2113,0
rep1,2.0971,2114,0
rep1,2.0973,2115,0
rep1,2.0976,2116,0
rep1,2.0981,2117,0
rep1,2.0988,2118,0
rep1,2.0989,2119,0
rep1,2.1001,2120,0
rep1,2.1054,2121,0
rep1,2.1101,2122,0
rep1,2.1105,2123,0
rep1,2.1108,2124,0
rep1,2.111,2125,0
rep1,2.1111,2126,0
rep1,2.1118,2127,0
rep1,2.1129,2128,0
rep1,2.1129,2129,0
rep1,2.1137,2130,0
rep1,2.1145,2131,0
rep1,2.116,2132,0
rep1,2.1162,2133,0
rep1,2.1164,2134,0
rep1,2.1171,2135,0
rep1,2.1178,2136,0
rep1,2.1196,2137,0
rep1,2.1224,2138,0
rep1,2.1251,2139,0
rep1,2.1262,2140,0
rep1,2.1266,2141,0
rep1,2.1273,2142,0
rep1,2.1279,2143,0
rep1,2.1287,2144,0
rep1,2.1293,2145,0
rep1,2.133,2146,0
rep1,2.1365,2147,0
rep1,2.1373,2148,0
rep1,2.1379,2149,0
rep1,2.1385,2150,0
rep1,2.1402,2151,0
rep1,2.1442,2152,0
rep1,2.1443,2153,0
rep1,2.1445,2154,0
rep1,2.1448,2155,0
rep1,2.145,2156,0
rep1,2.1459,2157,0
rep1,2.146,2158,0
rep1,2.1472,2159,0
rep1,2.149,2160,0
rep1,2.1499,2161,0
rep1,2.15,2162,0
rep1,2.1508,2163,0
rep1,2.1565,2164,0
rep1,2.157,2165,0
rep1,2.1571,2166,0
rep1,2.1589,2167,0
rep1,2.1624,2168,0
rep1,2.1631,2169,0
rep1,2.164,2170,0
rep1,2.164,2171,0
rep1,2.1641,2172,0
rep1,2.1655,2173,0
rep1,2.168,2174,0
rep1,2.1692,2175,0
rep1,2.1755,2176,0
rep1,2.1773,2177,0
rep1,2.1775,2178,0
rep1,2.179,2179,0
rep1,2.1798,2180,0
rep1,2.1809,2181,0
rep1,2.1815,2182,0
rep1,2.1822,2183,0
rep1,2.1824,2184,0
rep1,2.1847,2185,0
rep1,2.1859,2186,0
rep1,2.1859,2187,0
rep1,2.1884,2188,0
rep1,2.1916,2189,0
rep1,2.1922,2190,0
rep1,2.1927,2191,0
rep1,2.1929,2192,0
rep1,2.1934,2193,0
rep1,2.1942,2194,0
rep1,2.1953,2195,0
rep1,2.1964,2196,0
rep1,2.1987,2197,0
rep1,2.1987,2198,0
rep1,2.1996,2199,0
rep1,2.2001,2200,0
rep1,2.2006,2201,0
rep1,2.2007,2202,0
rep1,2.2021,2203,0
rep1,2.2063,2204,0
rep1,2.2089,2205,0
rep1,2.2107,2206,0
rep1,2.2114,2207,0
rep1,2.2114,2208,0
rep1,2.2126,2209,0
rep1,2.2128,2210,0
rep1,2.2149,2211,0
rep1,2.2153,2212,0
rep1,2.2191,2213,0
rep1,2.2192,2214,0
rep1,2.2196,2215,0
rep1,2.2198,2216,0
rep1,2.2202,2217,0
rep1,2.222,2218,0
rep1,2.2225,2219,0
rep1,2.2229,2220,0
rep1,2.223,2221,0
rep1,2.2241,2222,0
rep1,2.225,2223,0
rep2,1.0093,1,0
rep2,1.0096,2,0
rep2,1.0097,3,0
rep2,1.01,4,0
rep2,1.01,5,0
rep2,1.0102,6,0
rep2,1.0103,7,0
rep2,1.0103,8,0
rep2,1.0104,9,0
rep2,1.0104,10,0
rep2,1.0107,11,0
rep2,1.0107,12,0
rep2,1.0108,13,0
rep2,1.0113,14,0
rep2,1.0114,15,0
rep2,1.0116,16,0
rep2,1.0117,17,0
rep2,1.0118,18,0
rep2,1.0125,19,0
rep2,1.0128,20,0
rep2,1.0133,21,0
rep2,1.0137,22,0
rep2,1.0138,23,0
rep2,1.0142,24,0
rep2,1.0145,25,0
rep2,1.0148,26,0
rep2,1.0163,27,0
rep2,1.0166,28,0
rep2,1.0173,29,0
rep2,1.0177,30,0
rep2,1.0177,31,0
rep2,1.0185,32,0
rep2,1.0185,33,0
rep2,1.0185,34,0
rep2,1.0191,35,0
rep2,1.0195,36,0
rep2,1.0196,37,0
rep2,1.0197,38,0
rep2,1.02,39,0
rep2,1.0203,40,0
rep2,1.0204,41,0
rep2,1.0205,42,0
rep2,1.0207,43,0
rep2,1.0215,44,0
rep2,1.0221,45,0
rep2,1.0227,46,0
rep2,1.0232,47,0
rep2,1.0232,48,0
rep2,1.025,49,0
rep2,1.0258,50,0
rep2,1.0267,51,0
rep2,1.0269,52,0
rep2,1.0272,53,0
rep2,1.0273,54,0
rep2,1.0276,55,0
rep2,1.031,56,0
rep2,1.0316,57,0
rep2,1.033,58,0
rep2,1.034,59,0
rep2,1.0345,60,0
rep2,1.0347,61,0
rep2,1.0366,62,0
rep2,1.0386,63,0
rep2,1.0402,64,0
rep2,1.0402,65,0
rep2,1.0425,66,0
rep2,1.0426,67,0
rep2,1.0426,68,0
rep2,1.0426,69,0
rep2,1.0426,70,0
rep2,1.0427,71,0
rep2,1.0427,72,0
rep2,1.0427,73,0
rep2,1.0427,74,0
rep2,1.0428,75,0
rep2,1.0428,76,0
rep2,1.0428,77,0
rep2,1.0429,78,0
rep2,1.0429,79,0
rep2,1.0429,80,0
rep2,1.043,81,0
rep2,1.043,82,0
rep2,1.0431,83,0
rep2,1.0431,84,0
rep2,1.0431,85,0
rep2,1.0432,86,0
rep2,1.0432,87,0
rep2,1.0432,88,0
rep2,1.0432,89,0
rep2,1.0433,90,0
rep2,1.0433,91,0
rep2,1.0433,92,0
rep2,1.0433,93,0
rep2,1.0433,94,0
rep2,1.0434,95,0
rep2,1.0434,96,0
rep2,1.0434,97,0
rep2,1.0434,98,0
rep2,1.0435,99,0
rep2,1.0435,100,0
rep2,1.0436,101,0
rep2,1.0436,102,0
rep2,1.0437,103,0
rep2,1.0437,104,0
rep2,1.0438,105,0
rep2,1.0438,106,0
rep2,1.0438,107,0
rep2,1.0438,108,0
rep2,1.0438,109,0
rep2,1.0439,110,0
rep2,1.0439,111,0
rep2,1.0439,112,0
rep2,1.0441,113,0
rep2,1.0442,114,0
rep2,1.0442,115,0
rep2,1.0443,116,0
rep2,1.0444,117,0
rep2,1.0444,118,0
rep2,1.0444,119,0
rep2,1.0445,120,0
rep2,1.0445,121,0
rep2,1.0446,122,0
rep2,1.0446,123,0
rep2,1.0447,124,0
rep2,1.0447,125,0
rep2,1.0448,126,0
rep2,1.0448,127,0
rep2,1.0448,128,0
rep2,1.0448,129,0
rep2,1.0448,130,0
rep2,1.0449,131,0
rep2,1.045,132,0
rep2,1.045,133,0
rep2,1.045,134,0
rep2,1.045,135,0
rep2,1.0451,136,0
rep2,1.0452,137,0
rep2,1.0452,138,0
rep2,1.0452,139,0
rep2,1.0452,140,0
rep2,1.0452,141,0
rep2,1.0452,142,0
rep2,1.0453,143,0
rep2,1.0453,144,0
rep2,1.0453,145,0
rep2,1.0453,146,0
rep2,1.0454,147,0
rep2,1.0454,148,0
rep2,1.0454,149,0
rep2,1.0455,150,0
rep2,1.0455,151,0
rep2,1.0455,152,0
rep2,1.0456,153,0
rep2,1.0457,154,0
rep2,1.0457,155,0
rep2,1.0457,156,0
rep2,1.0457,157,0
rep2,1.0457,158,0
rep2,1.0458,159,0
rep2,1.0459,160,0
rep2,1.0459,161,0
rep2,1.0459,162,0
rep2,1.0459,163,0
rep2,1.046,164,0
rep2,1.0461,165,0
rep2,1.0461,166,0
rep2,1.0462,167,0
rep2,1.0462,168,0
rep2,1.0462,169,0
rep2,1.0463,170,0
rep2,1.0463,171,0
rep2,1.0464,172,0
rep2,1.0464,173,0
rep2,1.0465,174,0
rep2,1.0465,175,0
rep2,1.0465,176,0
rep2,1.0466,177,0
rep2,1.0466,178,0
rep2,1.0466,179,0
rep2,1.0466,180,0
rep2,1.0467,181,0
rep2,1.0467,182,0
rep2,1.0468,183,0
rep2,1.0468,184,0
rep2,1.0469,185,0
rep2,1.047,186,0
rep2,1.047,187,0
rep2,1.047,188,0
rep2,1.0471,189,0
rep2,1.0472,190,0
rep2,1.0472,191,0
rep2,1.0472,192,0
rep2,1.0473,193,0
rep2,1.0473,194,0
rep2,1.0474,195,0
rep2,1.0475,196,0
rep2,1.0475,197,0
rep2,1.0475,198,0
rep2,1.0475,199,0
rep2,1.0476,200,0
rep2,1.0476,201,0
rep2,1.0476,202,0
rep2,1.0476,203,0
rep2,1.0477,204,0
rep2,1.0477,205,0
rep2,1.0477,206,0
rep2,1.0477,207,0
rep2,1.0477,208,0
rep2,1.0477,209,0
rep2,1.0478,210,0
rep2,1.0478,211,0
rep2,1.0478,212,0
rep2,1.0479,213,0
rep2,1.048,214,0
rep2,1.048,215,0
rep2,1.0483,216,0
rep2,1.0483,217,0
rep2,1.0484,218,0
rep2,1.0484,219,0
rep2,1.0485,220,0
rep2,1.0486,221,0
rep2,1.0486,222,0
rep2,1.0486,223,0
rep2,1.0487,224,0
rep2,1.0487,225,0
rep2,1.0488,226,0
rep2,1.0488,227,0
rep2,1.0489,228,0
rep2,1.0489,229,0
rep2,1.0489,230,0
rep2,1.049,231,0
rep2,1.0491,232,0
rep2,1.0494,233,0
rep2,1.0495,234,0
rep2,1.0495,235,0
rep2,1.0495,236,0
rep2,1.0496,237,0
rep2,1.0496,238,0
rep2,1.0496,239,0
rep2,1.0497,240,0
rep2,1.0497,241,0
rep2,1.0499,242,0
rep2,1.0499,243,0
rep2,1.05,244,0
rep2,1.05,245,0
rep2,1.0501,246,0
rep2,1.0502,247,0
rep2,1.0502,248,0
rep2,1.0503,249,0
rep2,1.0503,250,0
rep2,1.0504,251,0
rep2,1.0505,252,0
rep2,1.0505,253,0
rep2,1.0506,254,0
rep2,1.0506,255,0
rep2,1.0507,256,0
rep2,1.0507,257,0
rep2,1.0509,258,0
rep2,1.051,259,0
rep2,1.0511,260,0
rep2,1.0511,261,0
rep2,1.0511,262,0
rep2,1.0512,263,0
rep2,1.0512,264,0
rep2,1.0513,265,0
rep2,1.0513,266,0
rep2,1.0514,267,0
rep2,1.0514,268,0
rep2,1.0516,269,0
rep2,1.0517,270,0
rep2,1.0518,271,0
rep2,1.0518,272,0
rep2,1.0519,273,0
rep2,1.0519,274,0
rep2,1.052,275,0
rep2,1.052,276,0
rep2,1.0521,277,0
rep2,1.0524,278,0
rep2,1.0524,279,0
rep2,1.0524,280,0
rep2,1.0525,281,0
rep2,1.0525,282,0
rep2,1.0525,283,0
rep2,1.0526,284,0
rep2,1.0527,285,0
rep2,1.0527,286,0
rep2,1.0528,287,0
rep2,1.053,288,0
rep2,1.053,289,0
rep2,1.053,290,0
rep2,1.053,291,0
rep2,1.0531,292,0
rep2,1.0532,293,0
rep2,1.0532,294,0
rep2,1.0533,295,0
rep2,1.0533,296,0
rep2,1.0534,297,0
rep2,1.0534,298,0
rep2,1.0535,299,0
rep2,1.0536,300,0
rep2,1.0536,301,0
rep2,1.0536,302,0
rep2,1.0536,303,0
rep2,1.0536,304,0
rep2,1.0538,305,0
rep2,1.0538,306,0
rep2,1.0538,307,0
rep2,1.054,308,0
rep2,1.0541,309,0
rep2,1.0541,310,0
rep2,1.0541,311,0
rep2,1.0541,312,0
rep2,1.0542,313,0
rep2,1.0543,314,0
rep2,1.0544,315,0
rep2,1.0545,316,0
rep2,1.0545,317,0
rep2,1.0546,318,0
rep2,1.0547,319,0
rep2,1.0547,320,0
rep2,1.0547,321,0
rep2,1.0548,322,0
rep2,1.0549,323,0
rep2,1.0549,324,0
rep2,1.0549,325,0
rep2,1.0551,326,0
rep2,1.0552,327,0
rep2,1.0553,328,0
rep2,1.0553,329,0
rep2,1.0554,330,0
rep2,1.0554,331,0
rep2,1.0555,332,0
rep2,1.0555,333,0
rep2,1.0556,334,0
rep2,1.0557,335,0
rep2,1.0557,336,0
rep2,1.0558,337,0
rep2,1.0558,338,0
rep2,1.0558,339,0
rep2,1.0561,340,0
rep2,1.0561,341,0
rep2,1.0563,342,0
rep2,1.0563,343,0
rep2,1.0566,344,0
rep2,1.0566,345,0
rep2,1.0567,346,0
rep2,1.0567,347,0
rep2,1.0567,348,0
rep2,1.0567,349,0
rep2,1.0568,350,0
rep2,1.0568,351,0
rep2,1.057,352,0
rep2,1.057,353,0
rep2,1.0572,354,0
rep2,1.0572,355,0
rep2,1.0573,356,0
rep2,1.0574,357,0
rep2,1.0574,358,0
rep2,1.0575,359,0
rep2,1.0575,360,0
rep2,1.0577,361,0
rep2,1.0579,362,0
rep2,1.058,363,0
rep2,1.0582,364,0
rep2,1.0584,365,0
rep2,1.0585,366,0
rep2,1.0585,367,0
rep2,1.0586,368,0
rep2,1.0589,369,0
rep2,1.0589,370,0
rep2,1.059,371,0
rep2,1.0593,372,0
rep2,1.0594,373,0
rep2,1.0596,374,0
rep2,1.0596,375,0
rep2,1.0601,376,0
rep2,1.0604,377,0
rep2,1.0604,378,0
rep2,1.0605,379,0
rep2,1.0606,380,0
rep2,1.0612,381,0
rep2,1.0614,382,0
rep2,1.0616,383,0
rep2,1.0616,384,0
rep2,1.0617,385,0
rep2,1.0617,386,0
rep2,1.0618,387,0
rep2,1.0619,388,0
rep2,1.0619,389,0
rep2,1.0619,390,0
rep2,1.0625,391,0
rep2,1.0626,392,0
rep2,1.0629,393,0
rep2,1.0633,394,0
rep2,1.0633,395,0
rep2,1.0637,396,0
rep2,1.0638,397,0
rep2,1.0643,398,0
rep2,1.0648,399,0
rep2,1.0648,400,0
rep2,1.065,401,0
rep2,1.065,402,0
rep2,1.0652,403,0
rep2,1.0654,404,0
rep2,1.0662,405,0
rep2,1.0663,406,0
rep2,1.0663,407,0
rep2,1.0665,408,0
rep2,1.0666,409,0
rep2,1.0673,410,0
rep2,1.0673,411,0
rep2,1.0676,412,0
rep2,1.0677,413,0
rep2,1.0678,414,0
rep2,1.0678,415,0
rep2,1.0679,416,0
rep2,1.0681,417,0
rep2,1.0682,418,0
rep2,1.0684,419,0
rep2,1.0695,420,0
rep2,1.0697,421,0
rep2,1.0702,422,0
rep2,1.0703,423,0
rep2,1.0709,424,0
rep2,1.0711,425,0
rep2,1.0712,426,0
rep2,1.0722,427,0
rep2,1.0734,428,0
rep2,1.0736,429,0
rep2,1.074,430,0
rep2,1.0742,431,0
rep2,1.0745,432,0
rep2,1.0753,433,0
rep2,1.0757,434,0
rep2,1.076,435,0
rep2,1.076,436,0
rep2,1.0761,437,0
rep2,1.0761,438,0
rep2,1.0762,439,0
rep2,1.0763,440,0
rep2,1.0763,441,0
rep2,1.0764,442,0
rep2,1.0765,443,0
rep2,1.0765,444,0
rep2,1.0766,445,0
rep2,1.0767,446,0
rep2,1.0768,447,0
rep2,1.0768,448,0
rep2,1.0768,449,0
rep2,1.0768,450,0
rep2,1.0769,451,0
rep2,1.0769,452,0
rep2,1.077,453,0
rep2,1.077,454,0
rep2,1.0771,455,0
rep2,1.0771,456,0
rep2,1.0772,457,0
rep2,1.0773,458,0
rep2,1.0774,459,0
rep2,1.0774,460,0
rep2,1.0775,461,0
rep2,1.0775,462,0
rep2,1.0776,463,0
rep2,1.0776,464,0
rep2,1.0777,465,0
rep2,1.0779,466,0
rep2,1.0779,467,0
rep2,1.0779,468,0
rep2,1.078,469,0
rep2,1.0781,470,0
rep2,1.0782,471,0
rep2,1.0782,472,0
rep2,1.0782,473,0
rep2,1.0783,474,0
rep2,1.0784,475,0
rep2,1.0784,476,0
rep2,1.0785,477,0
rep2,1.0787,478,0
rep2,1.0788,479,0
rep2,1.0788,480,0
rep2,1.0788,481,0
rep2,1.0788,482,0
rep2,1.079,483,0
rep2,1.0792,484,0
rep2,1.0794,485,0
rep2,1.0796,486,0
rep2,1.0797,487,0
rep2,1.0797,488,0
rep2,1.0801,489,0
rep2,1.0802,490,0
rep2,1.0802,491,0
rep2,1.0803,492,0
rep2,1.0804,493,0
rep2,1.0805,494,0
rep2,1.0805,495,0
rep2,1.0806,496,0
rep2,1.0806,497,0
rep2,1.0807,498,0
rep2,1.0809,499,0
rep2,1.081,500,0
rep2,1.0814,501,0
rep2,1.0814,502,0
rep2,1.0815,503,0
rep2,1.0816,504,0
rep2,1.082,505,0
rep2,1.0822,506,0
rep2,1.0828,507,0
rep2,1.0829,508,0
rep2,1.0829,509,0
rep2,1.083,510,0
rep2,1.083,511,0
rep2,1.0831,512,0
rep2,1.0832,513,0
rep2,1.0833,514,0
rep2,1.0836,515,0
rep2,1.0836,516,0
rep2,1.0837,517,0
rep2,1.0844,518,0
rep2,1.0845,519,0
rep2,1.0846,520,0
rep2,1.0846,521,0
rep2,1.0847,522,0
rep2,1.085,523,0
rep2,1.0853,524,0
rep2,1.0855,525,0
rep2,1.0857,526,0
rep2,1.0858,527,0
rep2,1.0862,528,0
rep2,1.0862,529,0
rep2,1.0865,530,0
rep2,1.0866,531,0
rep2,1.0867,532,0
rep2,1.0867,533,0
rep2,1.0868,534,0
rep2,1.0871,535,0
rep2,1.0871,536,0
rep2,1.0871,537,0
rep2,1.0871,538,0
rep2,1.0873,539,0
rep2,1.0875,540,0
rep2,1.0876,541,0
rep2,1.0877,542,0
rep2,1.0879,543,0
rep2,1.088,544,0
rep2,1.0883,545,0
rep2,1.0885,546,0
rep2,1.0888,547,0
rep2,1.0889,548,0
rep2,1.0895,549,0
rep2,1.0895,550,0
rep2,1.0896,551,0
rep2,1.0899,552,0
rep2,1.0901,553,0
rep2,1.0901,554,0
rep2,1.0902,555,0
rep2,1.0904,556,0
rep2,1.0905,557,0
rep2,1.0911,558,0
rep2,1.0911,559,0
rep2,1.0913,560,0
rep2,1.0915,561,0
rep2,1.0915,562,0
rep2,1.0916,563,0
rep2,1.0916,564,0
rep2,1.0917,565,0
rep2,1.0918,566,0
rep2,1.0919,567,0
rep2,1.0921,568,0
rep2,1.0922,569,0
rep2,1.0926,570,0
rep2,1.0926,571,0
rep2,1.0927,572,0
rep2,1.0932,573,0
rep2,1.0933,574,0
rep2,1.0935,575,0
rep2,1.0935,576,0
rep2,1.0935,577,0
rep2,1.0938,578,0
rep2,1.094,579,0
rep2,1.0944,580,0
rep2,1.0947,581,0
rep2,1.0948,582,0
rep2,1.0951,583,0
rep2,1.0955,584,0
rep2,1.0957,585,0
rep2,1.0957,586,0
rep2,1.0957,587,0
rep2,1.0959,588,0
rep2,1.0959,589,0
rep2,1.0959,590,0
rep2,1.0966,591,0
rep2,1.097,592,0
rep2,1.0971,593,0
rep2,1.0974,594,0
rep2,1.0975,595,0
rep2,1.0976,596,0
rep2,1.0978,597,0
rep2,1.0985,598,0
rep2,1.0986,599,0
rep2,1.0987,600,0
rep2,1.0987,601,0
rep2,1.0991,602,0
rep2,1.0991,603,0
rep2,1.0997,604,0
rep2,1.0998,605,0
rep2,1.1005,606,0
rep2,1.1016,607,0
rep2,1.102,608,0
rep2,1.1027,609,0
rep2,1.1027,610,0
rep2,1.1032,611,0
rep2,1.1032,612,0
rep2,1.1037,613,0
rep2,1.1039,614,0
rep2,1.1039,615,0
rep2,1.1039,616,0
rep2,1.1041,617,0
rep2,1.1048,618,0
rep2,1.1049,619,0
rep2,1.1049,620,0
rep2,1.1052,621,0
rep2,1.1054,622,0
rep2,1.1054,623,0
rep2,1.1055,624,0
rep2,1.1056,625,0
rep2,1.1067,626,0
rep2,1.1069,627,0
rep2,1.1071,628,0
rep2,1.1072,629,0
rep2,1.1077,630,0
rep2,1.1082,631,0
rep2,1.1082,632,0
rep2,1.1086,633,0
rep2,1.109,634,0
rep2,1.1093,635,0
rep2,1.1095,636,0
rep2,1.1095,637,0
rep2,1.1096,638,0
rep2,1.1096,639,0
rep2,1.1096,640,0
rep2,1.1098,641,0
rep2,1.1099,642,0
rep2,1.11,643,0
rep2,1.11,644,0
rep2,1.1101,645,0
rep2,1.1103,646,0
rep2,1.1103,647,0
rep2,1.1103,648,0
rep2,1.1104,649,0
rep2,1.1106,650,0
rep2,1.1107,651,0
rep2,1.1107,652,0
rep2,1.111,653,0
rep2,1.1111,654,0
rep2,1.1113,655,0
rep2,1.1115,656,0
rep2,1.1116,657,0
rep2,1.1116,658,0
rep2,1.1117,659,0
rep2,1.1118,660,0
rep2,1.1119,661,0
rep2,1.1119,662,0
rep2,1.112,663,0
rep2,1.1121,664,0
rep2,1.1122,665,0
rep2,1.1122,666,0
rep2,1.1125,667,0
rep2,1.1128,668,0
rep2,1.1131,669,0
rep2,1.1133,670,0
rep2,1.1134,671,0
rep2,1.1135,672,0
rep2,1.1137,673,0
rep2,1.1138,674,0
rep2,1.114,675,0
rep2,1.1142,676,0
rep2,1.1142,677,0
rep2,1.1145,678,0
rep2,1.1146,679,0
rep2,1.1153,680,0
rep2,1.1153,681,0
rep2,1.1155,682,0
rep2,1.1156,683,0
rep2,1.1157,684,0
rep2,1.1159,685,0
rep2,1.116,686,0
rep2,1.1161,687,0
rep2,1.1162,688,0
rep2,1.1163,689,0
rep2,1.1164,690,0
rep2,1.1165,691,0
rep2,1.1167,692,0
rep2,1.1167,693,0
rep2,1.1169,694,0
rep2,1.1169,695,0
rep2,1.1171,696,0
rep2,1.1174,697,0
rep2,1.1175,698,0
rep2,1.1176,699,0
rep2,1.1176,700,0
rep2,1.1178,701,0
rep2,1.1178,702,0
rep2,1.1182,703,0
rep2,1.1183,704,0
rep2,1.1185,705,0
rep2,1.1186,706,0
rep2,1.1191,707,0
rep2,1.1192,708,0
rep2,1.1193,709,0
rep2,1.1196,710,0
rep2,1.1196,711,0
rep2,1.1203,712,0
rep2,1.1204,713,0
rep2,1.1204,714,0
rep2,1.1207,715,0
rep2,1.1215,716,0
rep2,1.1216,717,0
rep2,1.1217,718,0
rep2,1.122,719,0
rep2,1.1225,720,0
rep2,1.1226,721,0
rep2,1.1226,722,0
rep2,1.1227,723,0
rep2,1.1228,724,0
rep2,1.1229,725,0
rep2,1.123,726,0
rep2,1.1232,727,0
rep2,1.1233,728,0
rep2,1.1234,729,0
rep2,1.1235,730,0
rep2,1.1235,731,0
rep2,1.1238,732,0
rep2,1.1241,733,0
rep2,1.1243,734,0
rep2,1.1247,735,0
rep2,1.1252,736,0
rep2,1.1252,737,0
rep2,1.1253,738,0
rep2,1.1253,739,0
rep2,1.1255,740,0
rep2,1.1258,741,0
rep2,1.1258,742,0
rep2,1.126,743,0
rep2,1.126,744,0
rep2,1.1264,745,0
rep2,1.1266,746,0
rep2,1.1268,747,0
rep2,1.1268,748,0
rep2,1.1272,749,0
rep2,1.1272,750,0
rep2,1.1272,751,0
rep2,1.1273,752,0
rep2,1.1276,753,0
rep2,1.1279,754,0
rep2,1.1279,755,0
rep2,1.128,756,0
rep2,1.1283,757,0
rep2,1.1285,758,0
rep2,1.1288,759,0
rep2,1.1289,760,0
rep2,1.1289,761,0
rep2,1.129,762,0
rep2,1.1291,763,0
rep2,1.1294,764,0
rep2,1.1294,765,0
rep2,1.1296,766,0
rep2,1.1296,767,0
rep2,1.1297,768,0
rep2,1.1298,769,0
rep2,1.13,770,0
rep2,1.13,771,0
rep2,1.1302,772,0
rep2,1.1304,773,0
rep2,1.1305,774,0
rep2,1.1308,775,0
rep2,1.131,776,0
rep2,1.1312,777,0
rep2,1.1314,778,0
rep2,1.1314,779,0
rep2,1.1319,780,0
rep2,1.1329,781,0
rep2,1.1331,782,0
rep2,1.1336,783,0
rep2,1.1337,784,0
rep2,1.1339,785,0
rep2,1.1339,786,0
rep2,1.134,787,0
rep2,1.1342,788,0
rep2,1.1342,789,0
rep2,1.1345,790,0
rep2,1.1346,791,0
rep2,1.1346,792,0
rep2,1.1351,793,0
rep2,1.1353,794,0
rep2,1.1354,795,0
rep2,1.1354,796,0
rep2,1.1355,797,0
rep2,1.1355,798,0
rep2,1.1356,799,0
rep2,1.1358,800,0
rep2,1.1365,801,0
rep2,1.1372,802,0
rep2,1.1374,803,0
rep2,1.1378,804,0
rep2,1.1378,805,0
rep2,1.138,806,0
rep2,1.1382,807,0
rep2,1.1382,808,0
rep2,1.1387,809,0
rep2,1.1389,810,0
rep2,1.1389,811,0
rep2,1.1389,812,0
rep2,1.1392,813,0
rep2,1.1397,814,0
rep2,1.1398,815,0
rep2,1.1399,816,0
rep2,1.1401,817,0
rep2,1.1403,818,0
rep2,1.1406,819,0
rep2,1.1408,820,0
rep2,1.1418,821,0
rep2,1.142,822,0
rep2,1.1421,823,0
rep2,1.1423,824,0
rep2,1.1423,825,0
rep2,1.1425,826,0
rep2,1.1429,827,0
rep2,1.1431,828,0
rep2,1.1436,829,0
rep2,1.1437,830,0
rep2,1.1437,831,0
rep2,1.1438,832,0
rep2,1.144,833,0
rep2,1.1444,834,0
rep2,1.1446,835,0
rep2,1.1447,836,0
rep2,1.1448,837,0
rep2,1.1449,838,0
rep2,1.145,839,0
rep2,1.1453,840,0
rep2,1.1456,841,0
rep2,1.1459,842,0
rep2,1.1459,843,0
rep2,1.146,844,0
rep2,1.1461,845,0
rep2,1.1462,846,0
rep2,1.1463,847,0
rep2,1.1465,848,0
rep2,1.1465,849,0
rep2,1.1466,850,0
rep2,1.1467,851,0
rep2,1.1476,852,0
rep2,1.1481,853,0
rep2,1.1485,854,0
rep2,1.1487,855,0
rep2,1.1488,856,0
rep2,1.1488,857,0
rep2,1.1492,858,0
rep2,1.1494,859,0
rep2,1.1494,860,0
rep2,1.1496,861,0
rep2,1.1497,862,0
rep2,1.1497,863,0
rep2,1.1499,864,0
rep2,1.1507,865,0
rep2,1.1509,866,0
rep2,1.151,867,0
rep2,1.1518,868,0
rep2,1.1519,869,0
rep2,1.152,870,0
rep2,1.1522,871,0
rep2,1.1523,872,0
rep2,1.1524,873,0
rep2,1.1526,874,0
rep2,1.1526,875,0
rep2,1.1527,876,0
rep2,1.1527,877,0
rep2,1.1529,878,0
rep2,1.153,879,0
rep2,1.1534,880,0
rep2,1.1535,881,0
rep2,1.1536,882,0
rep2,1.1538,883,0
rep2,1.1538,884,0
rep2,1.1542,885,0
rep2,1.1544,886,0
rep2,1.1545,887,0
rep2,1.1553,888,0
rep2,1.1553,889,0
rep2,1.1554,890,0
rep2,1.1558,891,0
rep2,1.1558,892,0
rep2,1.156,893,0
rep2,1.1563,894,0
rep2,1.1568,895,0
rep2,1.1569,896,0
rep2,1.1571,897,0
rep2,1.1572,898,0
rep2,1.1575,899,0
rep2,1.1576,900,0
rep2,1.1579,901,0
rep2,1.158,902,0
rep2,1.1585,903,0
rep2,1.1588,904,0
rep2,1.159,905,0
rep2,1.159,906,0
rep2,1.159,907,0
rep2,1.1597,908,0
rep2,1.1601,909,0
rep2,1.1603,910,0
rep2,1.1605,911,0
rep2,1.1606,912,0
rep2,1.1611,913,0
rep2,1.1614,914,0
rep2,1.1616,915,0
rep2,1.1617,916,0
rep2,1.1619,917,0
rep2,1.1622,918,0
rep2,1.1624,919,0
rep2,1.1627,920,0
rep2,1.1631,921,0
rep2,1.1632,922,0
rep2,1.1633,923,0
rep2,1.1633,924,0
rep2,1.1635,925,0
rep2,1.1641,926,0
rep2,1.1642,927,0
rep2,1.1643,928,0
rep2,1.1645,929,0
rep2,1.1645,930,0
rep2,1.1647,931,0
rep2,1.1648,932,0
rep2,1.1649,933,0
rep2,1.165,934,0
rep2,1.1651,935,0
rep2,1.1652,936,0
rep2,1.1653,937,0
rep2,1.1656,938,0
rep2,1.1658,939,0
rep2,1.1659,940,0
rep2,1.166,941,0
rep2,1.166,942,0
rep2,1.1661,943,0
rep2,1.1663,944,0
rep2,1.1664,945,0
rep2,1.1665,946,0
rep2,1.1666,947,0
rep2,1.1666,948,0
rep2,1.167,949,0
rep2,1.1673,950,0
rep2,1.1673,951,0
rep2,1.1674,952,0
rep2,1.1675,953,0
rep2,1.1676,954,0
rep2,1.1678,955,0
rep2,1.1681,956,0
rep2,1.1681,957,0
rep2,1.1684,958,0
rep2,1.1691,959,0
rep2,1.1693,960,0
rep2,1.1695,961,0
rep2,1.1701,962,0
rep2,1.1703,963,0
rep2,1.1704,964,0
rep2,1.1705,965,0
rep2,1.1709,966,0
rep2,1.1714,967,0
rep2,1.1714,968,0
rep2,1.1715,969,0
rep2,1.1716,970,0
rep2,1.1718,971,0
rep2,1.1719,972,0
rep2,1.1722,973,0
rep2,1.1728,974,0
rep2,1.1729,975,0
rep2,1.1737,976,0
rep2,1.1737,977,0
rep2,1.1738,978,0
rep2,1.1742,979,0
rep2,1.1743,980,0
rep2,1.1744,981,0
rep2,1.1744,982,0
rep2,1.1745,983,0
rep2,1.1748,984,0
rep2,1.1749,985,0
rep2,1.1752,986,0
rep2,1.1758,987,0
rep2,1.1761,988,0
rep2,1.1766,989,0
rep2,1.1768,990,0
rep2,1.1769,991,0
rep2,1.1771,992,0
rep2,1.1772,993,0
rep2,1.1772,994,0
rep2,1.1776,995,0
rep2,1.1776,996,0
rep2,1.1777,997,0
rep2,1.1778,998,0
rep2,1.178,999,0
rep2,1.1781,1000,0
rep2,1.1783,1001,0
rep2,1.1784,1002,0
rep2,1.1784,1003,0
rep2,1.1785,1004,0
rep2,1.1786,1005,0
rep2,1.1788,1006,0
rep2,1.1789,1007,0
rep2,1.1792,1008,0
rep2,1.1795,1009,0
rep2,1.1796,1010,0
rep2,1.1796,1011,0
rep2,1.1797,1012,0
rep2,1.1797,1013,0
rep2,1.1799,1014,0
rep2,1.18,1015,0
rep2,1.1801,1016,0
rep2,1.1801,1017,0
rep2,1.1804,1018,0
rep2,1.1805,1019,0
rep2,1.1806,1020,0
rep2,1.1807,1021,0
rep2,1.1808,1022,0
rep2,1.1808,1023,0
rep2,1.181,1024,0
rep2,1.1813,1025,0
rep2,1.1814,1026,0
rep2,1.1815,1027,0
rep2,1.1815,1028,0
rep2,1.1817,1029,0
rep2,1.1818,1030,0
rep2,1.1818,1031,0
rep2,1.1822,1032,0
rep2,1.1829,1033,0
rep2,1.1829,1034,0
rep2,1.1834,1035,0
rep2,1.1834,1036,0
rep2,1.1835,1037,0
rep2,1.1835,1038,0
rep2,1.1835,1039,0
rep2,1.1836,1040,0
rep2,1.1839,1041,0
rep2,1.1842,1042,0
rep2,1.1844,1043,0
rep2,1.1845,1044,0
rep2,1.1847,1045,0
rep2,1.1848,1046,0
rep2,1.185,1047,0
rep2,1.1851,1048,0
rep2,1.1852,1049,0
rep2,1.1857,1050,0
rep2,1.186,1051,0
rep2,1.1863,1052,0
rep2,1.1863,1053,0
rep2,1.1866,1054,0
rep2,1.187,1055,0
rep2,1.187,1056,0
rep2,1.1871,1057,0
rep2,1.1874,1058,0
rep2,1.1874,1059,0
rep2,1.1875,1060,0
rep2,1.1875,1061,0
rep2,1.1879,1062,0
rep2,1.1879,1063,0
rep2,1.1889,1064,0
rep2,1.1891,1065,0
rep2,1.1891,1066,0
rep2,1.1892,1067,0
rep2,1.1893,1068,0
rep2,1.1893,1069,0
rep2,1.1896,1070,0
rep2,1.1902,1071,0
rep2,1.1904,1072,0
rep2,1.1905,1073,0
rep2,1.1906,1074,0
rep2,1.1906,1075,0
rep2,1.1907,1076,0
rep2,1.1908,1077,0
rep2,1.1908,1078,0
rep2,1.1908,1079,0
rep2,1.1909,1080,0
rep2,1.191,1081,0
rep2,1.1915,1082,0
rep2,1.192,1083,0
rep2,1.1921,1084,0
rep2,1.1921,1085,0
rep2,1.1928,1086,0
rep2,1.193,1087,0
rep2,1.193,1088,0
rep2,1.1931,1089,0
rep2,1.1934,1090,0
rep2,1.1934,1091,0
rep2,1.1935,1092,0
rep2,1.1936,1093,0
rep2,1.1939,1094,0
rep2,1.194,1095,0
rep2,1.1941,1096,0
rep2,1.1943,1097,0
rep2,1.1946,1098,0
rep2,1.195,1099,0
rep2,1.195,1100,0
rep2,1.1951,1101,0
rep2,1.1956,1102,0
rep2,1.1959,1103,0
rep2,1.1962,1104,0
rep2,1.1969,1105,0
rep2,1.1969,1106,0
rep2,1.1972,1107,0
rep2,1.1973,1108,0
rep2,1.1973,1109,0
rep2,1.1975,1110,0
rep2,1.1975,1111,0
rep2,1.1976,1112,0
rep2,1.1985,1113,0
rep2,1.1986,1114,0
rep2,1.1991,1115,0
rep2,1.1991,1116,0
rep2,1.1992,1117,0
rep2,1.1997,1118,0
rep2,1.1998,1119,0
rep2,1.2,1120,0
rep2,1.2,1121,0
rep2,1.2003,1122,0
rep2,1.2003,1123,0
rep2,1.2006,1124,0
rep2,1.2007,1125,0
rep2,1.2008,1126,0
rep2,1.2015,1127,0
rep2,1.2018,1128,0
rep2,1.2019,1129,0
rep2,1.202,1130,0
rep2,1.2022,1131,0
rep2,1.2023,1132,0
rep2,1.2023,1133,0
rep2,1.2028,1134,0
rep2,1.2031,1135,0
rep2,1.2032,1136,0
rep2,1.2034,1137,0
rep2,1.2034,1138,0
rep2,1.2036,1139,0
rep2,1.2037,1140,0
rep2,1.2047,1141,0
rep2,1.2049,1142,0
rep2,1.205,1143,0
rep2,1.2051,1144,0
rep2,1.2053,1145,0
rep2,1.2054,1146,0
rep2,1.2056,1147,0
rep2,1.2061,1148,0
rep2,1.2063,1149,0
rep2,1.2068,1150,0
rep2,1.2071,1151,0
rep2,1.2072,1152,0
rep2,1.2074,1153,0
rep2,1.2075,1154,0
rep2,1.2084,1155,0
rep2,1.2088,1156,0
rep2,1.2089,1157,0
rep2,1.209,1158,0
rep2,1.209,1159,0
rep2,1.209,1160,0
rep2,1.2091,1161,0
rep2,1.2095,1162,0
rep2,1.2097,1163,0
rep2,1.21,1164,0
rep2,1.2101,1165,0
rep2,1.2101,1166,0
rep2,1.2102,1167,0
rep2,1.2104,1168,0
rep2,1.2105,1169,0
rep2,1.2109,1170,0
rep2,1.2114,1171,0
rep2,1.2115,1172,0
rep2,1.2117,1173,0
rep2,1.2118,1174,0
rep2,1.2119,1175,0
rep2,1.212,1176,0
rep2,1.2122,1177,0
rep2,1.2123,1178,0
rep2,1.2124,1179,0
rep2,1.2125,1180,0
rep2,1.2128,1181,0
rep2,1.2129,1182,0
rep2,1.2129,1183,0
rep2,1.2129,1184,0
rep2,1.2129,1185,0
rep2,1.213,1186,0
rep2,1.2132,1187,0
rep2,1.2132,1188,0
rep2,1.2134,1189,0
rep2,1.2134,1190,0
rep2,1.2138,1191,0
rep2,1.214,1192,0
rep2,1.2141,1193,0
rep2,1.2142,1194,0
rep2,1.2145,1195,0
rep2,1.2146,1196,0
rep2,1.2147,1197,0
rep2,1.2149,1198,0
rep2,1.2156,1199,0
rep2,1.2157,1200,0
rep2,1.2161,1201,0
rep2,1.2165,1202,0
rep2,1.2166,1203,0
rep2,1.2169,1204,0
rep2,1.217,1205,0
rep2,1.2172,1206,0
rep2,1.2173,1207,0
rep2,1.2174,1208,0
rep2,1.2174,1209,0
rep2,1.2178,1210,0
rep2,1.2182,1211,0
rep2,1.2184,1212,0
rep2,1.2185,1213,0
rep2,1.2187,1214,0
rep2,1.2188,1215,0
rep2,1.2189,1216,0
rep2,1.219,1217,0
rep2,1.2191,1218,0
rep2,1.2194,1219,0
rep2,1.2195,1220,0
rep2,1.2195,1221,0
rep2,1.2196,1222,0
rep2,1.2198,1223,0
rep2,1.2198,1224,0
rep2,1.22,1225,0
rep2,1.2203,1226,0
rep2,1.2204,1227,0
rep2,1.2204,1228,0
rep2,1.2206,1229,0
rep2,1.2207,1230,0
rep2,1.2208,1231,0
rep2,1.2208,1232,0
rep2,1.2209,1233,0
rep2,1.2213,1234,0
rep2,1.2214,1235,0
rep2,1.222,1236,0
rep2,1.2225,1237,0
rep2,1.2226,1238,0
rep2,1.2226,1239,0
rep2,1.2228,1240,0
rep2,1.2229,1241,0
rep2,1.223,1242,0
rep2,1.2232,1243,0
rep2,1.2233,1244,0
rep2,1.2233,1245,0
rep2,1.2234,1246,0
rep2,1.2235,1247,0
rep2,1.2237,1248,0
rep2,1.2238,1249,0
rep2,1.2239,1250,0
rep2,1.2239,1251,0
rep2,1.2239,1252,0
rep2,1.2243,1253,0
rep2,1.2244,1254,0
rep2,1.2246,1255,0
rep2,1.2248,1256,0
rep2,1.2249,1257,0
rep2,1.2249,1258,0
rep2,1.2252,1259,0
rep2,1.2254,1260,0
rep2,1.2258,1261,0
rep2,1.2258,1262,0
rep2,1.2259,1263,0
rep2,1.2259,1264,0
rep2,1.2265,1265,0
rep2,1.2265,1266,0
rep2,1.2266,1267,0
rep2,1.2267,1268,0
rep2,1.227,1269,0
rep2,1.2271,1270,0
rep2,1.2272,1271,0
rep2,1.2275,1272,0
rep2,1.2278,1273,0
rep2,1.2283,1274,0
rep2,1.2283,1275,0
rep2,1.2285,1276,0
rep2,1.2286,1277,0
rep2,1.2288,1278,0
rep2,1.2289,1279,0
rep2,1.2291,1280,0
rep2,1.2298,1281,0
rep2,1.2299,1282,0
rep2,1.2301,1283,0
rep2,1.2302,1284,0
rep2,1.2302,1285,0
rep2,1.2303,1286,0
rep2,1.2305,1287,0
rep2,1.2311,1288,0
rep2,1.2311,1289,0
rep2,1.2314,1290,0
rep2,1.2315,1291,0
rep2,1.2316,1292,0
rep2,1.2317,1293,0
rep2,1.2317,1294,0
rep2,1.2322,1295,0
rep2,1.2324,1296,0
rep2,1.2327,1297,0
rep2,1.2332,1298,0
rep2,1.2334,1299,0
rep2,1.2338,1300,0
rep2,1.2338,1301,0
rep2,1.235,1302,0
rep2,1.2359,1303,0
rep2,1.236,1304,0
rep2,1.2362,1305,0
rep2,1.2364,1306,0
rep2,1.2365,1307,0
rep2,1.2367,1308,0
rep2,1.2368,1309,0
rep2,1.2372,1310,0
rep2,1.2378,1311,0
rep2,1.2379,1312,0
rep2,1.2379,1313,0
rep2,1.2383,1314,0
rep2,1.2384,1315,0
rep2,1.2385,1316,0
rep2,1.2386,1317,0
rep2,1.2386,1318,0
rep2,1.2388,1319,0
rep2,1.2388,1320,0
rep2,1.2392,1321,0
rep2,1.2393,1322,0
rep2,1.2396,1323,0
rep2,1.2406,1324,0
rep2,1.2407,1325,0
rep2,1.2409,1326,0
rep2,1.2412,1327,0
rep2,1.2413,1328,0
rep2,1.2414,1329,0
rep2,1.2415,1330,0
rep2,1.2418,1331,0
rep2,1.2418,1332,0
rep2,1.2418,1333,0
rep2,1.2425,1334,0
rep2,1.2427,1335,0
rep2,1.2429,1336,0
rep2,1.2431,1337,0
rep2,1.2431,1338,0
rep2,1.2432,1339,0
rep2,1.2434,1340,0
rep2,1.2435,1341,0
rep2,1.2436,1342,0
rep2,1.2438,1343,0
rep2,1.2439,1344,0
rep2,1.244,1345,0
rep2,1.2441,1346,0
rep2,1.2441,1347,0
rep2,1.2441,1348,0
rep2,1.2443,1349,0
rep2,1.2446,1350,0
rep2,1.2447,1351,0
rep2,1.2449,1352,0
rep2,1.245,1353,0
rep2,1.2451,1354,0
rep2,1.2451,1355,0
rep2,1.2456,1356,0
rep2,1.2457,1357,0
rep2,1.2459,1358,0
rep2,1.2467,1359,0
rep2,1.2469,1360,0
rep2,1.2473,1361,0
rep2,1.2481,1362,0
rep2,1.2483,1363,0
rep2,1.2487,1364,0
rep2,1.2491,1365,0
rep2,1.2492,1366,0
rep2,1.2492,1367,0
rep2,1.2494,1368,0
rep2,1.2495,1369,0
rep2,1.2498,1370,0
rep2,1.2499,1371,0
rep2,1.25,1372,0
rep2,1.2502,1373,0
rep2,1.2506,1374,0
rep2,1.2509,1375,0
rep2,1.2511,1376,0
rep2,1.2517,1377,0
rep2,1.2518,1378,0
rep2,1.2519,1379,0
rep2,1.2519,1380,0
rep2,1.2522,1381,0
rep2,1.2538,1382,0
rep2,1.2541,1383,0
rep2,1.2542,1384,0
rep2,1.2544,1385,0
rep2,1.2544,1386,0
rep2,1.2545,1387,0
rep2,1.2546,1388,0
rep2,1.2551,1389,0
rep2,1.2552,1390,0
rep2,1.2555,1391,0
rep2,1.2557,1392,0
rep2,1.256,1393,0
rep2,1.2564,1394,0
rep2,1.2564,1395,0
rep2,1.2566,1396,0
rep2,1.2567,1397,0
rep2,1.2568,1398,0
rep2,1.257,1399,0
rep2,1.2573,1400,0
rep2,1.2575,1401,0
rep2,1.2575,1402,0
rep2,1.258,1403,0
rep2,1.2586,1404,0
rep2,1.2586,1405,0
rep2,1.2586,1406,0
rep2,1.2589,1407,0
rep2,1.2589,1408,0
rep2,1.2589,1409,0
rep2,1.259,1410,0
rep2,1.2596,1411,0
rep2,1.2601,1412,0
rep2,1.2602,1413,0
rep2,1.2603,1414,0
rep2,1.2605,1415,0
rep2,1.2606,1416,0
rep2,1.2612,1417,0
rep2,1.2612,1418,0
rep2,1.2612,1419,0
rep2,1.2613,1420,0
rep2,1.2615,1421,0
rep2,1.2615,1422,0
rep2,1.262,1423,0
rep2,1.2624,1424,0
rep2,1.2625,1425,0
rep2,1.2629,1426,0
rep2,1.2633,1427,0
rep2,1.2634,1428,0
rep2,1.2637,1429,0
rep2,1.264,1430,0
rep2,1.264,1431,0
rep2,1.2641,1432,0
rep2,1.2643,1433,0
rep2,1.2643,1434,0
rep2,1.2645,1435,0
rep2,1.2645,1436,0
rep2,1.2647,1437,0
rep2,1.265,1438,0
rep2,1.2655,1439,0
rep2,1.2658,1440,0
rep2,1.2666,1441,0
rep2,1.2667,1442,0
rep2,1.2668,1443,0
rep2,1.2671,1444,0
rep2,1.2673,1445,0
rep2,1.2677,1446,0
rep2,1.2677,1447,0
rep2,1.2682,1448,0
rep2,1.2688,1449,0
rep2,1.269,1450,0
rep2,1.269,1451,0
rep2,1.269,1452,0
rep2,1.2691,1453,0
rep2,1.2695,1454,0
rep2,1.2706,1455,0
rep2,1.2707,1456,0
rep2,1.2707,1457,0
rep2,1.2709,1458,0
rep2,1.271,1459,0
rep2,1.2717,1460,0
rep2,1.2719,1461,0
rep2,1.2722,1462,0
rep2,1.2727,1463,0
rep2,1.2727,1464,0
rep2,1.2728,1465,0
rep2,1.273,1466,0
rep2,1.2735,1467,0
rep2,1.2738,1468,0
rep2,1.2739,1469,0
rep2,1.274,1470,0
rep2,1.2741,1471,0
rep2,1.2745,1472,0
rep2,1.2748,1473,0
rep2,1.275,1474,0
rep2,1.2751,1475,0
rep2,1.2752,1476,0
rep2,1.2753,1477,0
rep2,1.2754,1478,0
rep2,1.2754,1479,0
rep2,1.2759,1480,0
rep2,1.2765,1481,0
rep2,1.2766,1482,0
rep2,1.2771,1483,0
rep2,1.2771,1484,0
rep2,1.2772,1485,0
rep2,1.2777,1486,0
rep2,1.2781,1487,0
rep2,1.2785,1488,0
rep2,1.2786,1489,0
rep2,1.2789,1490,0
rep2,1.2793,1491,0
rep2,1.2797,1492,0
rep2,1.2799,1493,0
rep2,1.2801,1494,0
rep2,1.2803,1495,0
rep2,1.2806,1496,0
rep2,1.2806,1497,0
rep2,1.281,1498,0
rep2,1.2811,1499,0
rep2,1.2811,1500,0
rep2,1.2815,1501,0
rep2,1.2815,1502,0
rep2,1.2815,1503,0
rep2,1.2821,1504,0
rep2,1.2822,1505,0
rep2,1.2824,1506,0
rep2,1.2824,1507,0
rep2,1.2826,1508,0
rep2,1.2829,1509,0
rep2,1.2831,1510,0
rep2,1.2835,1511,0
rep2,1.2838,1512,0
rep2,1.2839,1513,0
rep2,1.2846,1514,0
rep2,1.2849,1515,0
rep2,1.285,1516,0
rep2,1.285,1517,0
rep2,1.2851,1518,0
rep2,1.2852,1519,0
rep2,1.2852,1520,0
rep2,1.2853,1521,0
rep2,1.2854,1522,0
rep2,1.2855,1523,0
rep2,1.2856,1524,0
rep2,1.2857,1525,0
rep2,1.286,1526,0
rep2,1.2863,1527,0
rep2,1.2864,1528,0
rep2,1.2869,1529,0
rep2,1.2872,1530,0
rep2,1.2873,1531,0
rep2,1.2879,1532,0
rep2,1.2882,1533,0
rep2,1.2884,1534,0
rep2,1.2886,1535,0
rep2,1.2886,1536,0
rep2,1.2894,1537,0
rep2,1.2896,1538,0
rep2,1.2902,1539,0
rep2,1.2904,1540,0
rep2,1.2905,1541,0
rep2,1.2906,1542,0
rep2,1.2908,1543,0
rep2,1.2909,1544,0
rep2,1.291,1545,0
rep2,1.2911,1546,0
rep2,1.2911,1547,0
rep2,1.2911,1548,0
rep2,1.2916,1549,0
rep2,1.2916,1550,0
rep2,1.2916,1551,0
rep2,1.292,1552,0
rep2,1.2926,1553,0
rep2,1.2926,1554,0
rep2,1.2927,1555,0
rep2,1.2929,1556,0
rep2,1.2936,1557,0
rep2,1.2945,1558,0
rep2,1.2945,1559,0
rep2,1.2947,1560,0
rep2,1.295,1561,0
rep2,1.2953,1562,0
rep2,1.2958,1563,0
rep2,1.2961,1564,0
rep2,1.2965,1565,0
rep2,1.2968,1566,0
rep2,1.297,1567,0
rep2,1.2974,1568,0
rep2,1.2976,1569,0
rep2,1.2978,1570,0
rep2,1.2984,1571,0
rep2,1.2985,1572,0
rep2,1.2988,1573,0
rep2,1.2989,1574,0
rep2,1.2992,1575,0
rep2,1.2995,1576,0
rep2,1.2996,1577,0
rep2,1.2997,1578,0
rep2,1.3,1579,0
rep2,1.3001,1580,0
rep2,1.3001,1581,0
rep2,1.3002,1582,0
rep2,1.3005,1583,0
rep2,1.3012,1584,0
rep2,1.302,1585,0
rep2,1.302,1586,0
rep2,1.3032,1587,0
rep2,1.3034,1588,0
rep2,1.3036,1589,0
rep2,1.3038,1590,0
rep2,1.304,1591,0
rep2,1.3057,1592,0
rep2,1.3059,1593,0
rep2,1.3063,1594,0
rep2,1.3066,1595,0
rep2,1.3071,1596,0
rep2,1.3073,1597,0
rep2,1.3081,1598,0
rep2,1.3085,1599,0
rep2,1.3085,1600,0
rep2,1.3086,1601,0
rep2,1.3089,1602,0
rep2,1.3095,1603,0
rep2,1.3095,1604,0
rep2,1.3096,1605,0
rep2,1.3099,1606,0
rep2,1.3099,1607,0
rep2,1.31,1608,0
rep2,1.3104,1609,0
rep2,1.3114,1610,0
rep2,1.3114,1611,0
rep2,1.3127,1612,0
rep2,1.3132,1613,0
rep2,1.3133,1614,0
rep2,1.3135,1615,0
rep2,1.3142,1616,0
rep2,1.3147,1617,0
rep2,1.3153,1618,0
rep2,1.3153,1619,0
rep2,1.3154,1620,0
rep2,1.3155,1621,0
rep2,1.3158,1622,0
rep2,1.3159,1623,0
rep2,1.3162,1624,0
rep2,1.3168,1625,0
rep2,1.3172,1626,0
rep2,1.3172,1627,0
rep2,1.3174,1628,0
rep2,1.3178,1629,0
rep2,1.3178,1630,0
rep2,1.3181,1631,0
rep2,1.3185,1632,0
rep2,1.3186,1633,0
rep2,1.3188,1634,0
rep2,1.3191,1635,0
rep2,1.3196,1636,0
rep2,1.3197,1637,0
rep2,1.3199,1638,0
rep2,1.3206,1639,0
rep2,1.3209,1640,0
rep2,1.3227,1641,0
rep2,1.3231,1642,0
rep2,1.3236,1643,0
rep2,1.3238,1644,0
rep2,1.324,1645,0
rep2,1.3249,1646,0
rep2,1.325,1647,0
rep2,1.3253,1648,0
rep2,1.3253,1649,0
rep2,1.3253,1650,0
rep2,1.3255,1651,0
rep2,1.3257,1652,0
rep2,1.3266,1653,0
rep2,1.327,1654,0
rep2,1.328,1655,0
rep2,1.3281,1656,0
rep2,1.3281,1657,0
rep2,1.3283,1658,0
rep2,1.329,1659,0
rep2,1.3301,1660,0
rep2,1.3301,1661,0
rep2,1.3301,1662,0
rep2,1.3302,1663,0
rep2,1.3303,1664,0
rep2,1.3304,1665,0
rep2,1.3315,1666,0
rep2,1.3317,1667,0
rep2,1.3317,1668,0
rep2,1.3323,1669,0
rep2,1.3325,1670,0
rep2,1.3328,1671,0
rep2,1.3339,1672,0
rep2,1.3341,1673,0
rep2,1.3354,1674,0
rep2,1.3357,1675,0
rep2,1.3362,1676,0
rep2,1.3366,1677,0
rep2,1.3371,1678,0
rep2,1.3372,1679,0
rep2,1.3374,1680,0
rep2,1.3386,1681,0
rep2,1.339,1682,0
rep2,1.3393,1683,0
rep2,1.3406,1684,0
rep2,1.3407,1685,0
rep2,1.3407,1686,0
rep2,1.3411,1687,0
rep2,1.3414,1688,0
rep2,1.3421,1689,0
rep2,1.3421,1690,0
rep2,1.3424,1691,0
rep2,1.3426,1692,0
rep2,1.3428,1693,0
rep2,1.3434,1694,0
rep2,1.3436,1695,0
rep2,1.3446,1696,0
rep2,1.3456,1697,0
rep2,1.3461,1698,0
rep2,1.3464,1699,0
rep2,1.3472,1700,0
rep2,1.3478,1701,0
rep2,1.3479,1702,0
rep2,1.3494,1703,0
rep2,1.3494,1704,0
rep2,1.3503,1705,0
rep2,1.3505,1706,0
rep2,1.3514,1707,0
rep2,1.3515,1708,0
rep2,1.3521,1709,0
rep2,1.3521,1710,0
rep2,1.3525,1711,0
rep2,1.3529,1712,0
rep2,1.3534,1713,0
rep2,1.355,1714,0
rep2,1.3551,1715,0
rep2,1.3553,1716,0
rep2,1.3557,1717,0
rep2,1.3561,1718,0
rep2,1.3562,1719,0
rep2,1.3565,1720,0
rep2,1.3569,1721,0
rep2,1.357,1722,0
rep2,1.3573,1723,0
rep2,1.3575,1724,0
rep2,1.3578,1725,0
rep2,1.3579,1726,0
rep2,1.3583,1727,0
rep2,1.3585,1728,0
rep2,1.3587,1729,0
rep2,1.3588,1730,0
rep2,1.3593,1731,0
rep2,1.3593,1732,0
rep2,1.3599,1733,0
rep2,1.3601,1734,0
rep2,1.3606,1735,0
rep2,1.3615,1736,0
rep2,1.3621,1737,0
rep2,1.3623,1738,0
rep2,1.3633,1739,0
rep2,1.3634,1740,0
rep2,1.3637,1741,0
rep2,1.3638,1742,0
rep2,1.364,1743,0
rep2,1.364,1744,0
rep2,1.3645,1745,0
rep2,1.366,1746,0
rep2,1.3665,1747,0
rep2,1.3683,1748,0
rep2,1.3685,1749,0
rep2,1.3691,1750,0
rep2,1.37,1751,0
rep2,1.3708,1752,0
rep2,1.3709,1753,0
rep2,1.372,1754,0
rep2,1.3728,1755,0
rep2,1.373,1756,0
rep2,1.3736,1757,0
rep2,1.374,1758,0
rep2,1.374,1759,0
rep2,1.3743,1760,0
rep2,1.3745,1761,0
rep2,1.3751,1762,0
rep2,1.3758,1763,0
rep2,1.3761,1764,0
rep2,1.3763,1765,0
rep2,1.3764,1766,0
rep2,1.3768,1767,0
rep2,1.3772,1768,0
rep2,1.3773,1769,0
rep2,1.3775,1770,0
rep2,1.3775,1771,0
rep2,1.378,1772,0
rep2,1.3784,1773,0
rep2,1.3791,1774,0
rep2,1.3797,1775,0
rep2,1.3799,1776,0
rep2,1.3804,1777,0
rep2,1.3809,1778,0
rep2,1.381,1779,0
rep2,1.3814,1780,0
rep2,1.3817,1781,0
rep2,1.3818,1782,0
rep2,1.383,1783,0
rep2,1.3837,1784,0
rep2,1.3839,1785,0
rep2,1.3846,1786,0
rep2,1.3847,1787,0
rep2,1.3851,1788,0
rep2,1.3856,1789,0
rep2,1.386,1790,0
rep2,1.3863,1791,0
rep2,1.3867,1792,0
rep2,1.3867,1793,0
rep2,1.3869,1794,0
rep2,1.3872,1795,0
rep2,1.3883,1796,0
rep2,1.3885,1797,0
rep2,1.3886,1798,0
rep2,1.3892,1799,0
rep2,1.3914,1800,0
rep2,1.3918,1801,0
rep2,1.3918,1802,0
rep2,1.392,1803,0
rep2,1.3925,1804,0
rep2,1.3927,1805,0
rep2,1.3929,1806,0
rep2,1.393,1807,0
rep2,1.3941,1808,0
rep2,1.395,1809,0
rep2,1.3959,1810,0
rep2,1.3962,1811,0
rep2,1.3971,1812,0
rep2,1.3982,1813,0
rep2,1.3987,1814,0
rep2,1.3997,1815,0
rep2,1.3997,1816,0
rep2,1.3998,1817,0
rep2,1.4,1818,0
rep2,1.4003,1819,0
rep2,1.4007,1820,0
rep2,1.401,1821,0
rep2,1.4019,1822,0
rep2,1.4022,1823,0
rep2,1.4042,1824,0
rep2,1.4061,1825,0
rep2,1.4079,1826,0
rep2,1.4081,1827,0
rep2,1.4089,1828,0
rep2,1.4091,1829,0
rep2,1.4094,1830,0
rep2,1.4094,1831,0
rep2,1.4097,1832,0
rep2,1.4107,1833,0
rep2,1.4109,1834,0
rep2,1.4114,1835,0
rep2,1.4117,1836,0
rep2,1.4118,1837,0
rep2,1.4127,1838,0
rep2,1.413,1839,0
rep2,1.4134,1840,0
rep2,1.4134,1841,0
rep2,1.4138,1842,0
rep2,1.4138,1843,0
rep2,1.4168,1844,0
rep2,1.4173,1845,0
rep2,1.4174,1846,0
rep2,1.4179,1847,0
rep2,1.4181,1848,0
rep2,1.4189,1849,0
rep2,1.4197,1850,0
rep2,1.4203,1851,0
rep2,1.4209,1852,0
rep2,1.4219,1853,0
rep2,1.4225,1854,0
rep2,1.4227,1855,0
rep2,1.4229,1856,0
rep2,1.4235,1857,0
rep2,1.424,1858,0
rep2,1.4244,1859,0
rep2,1.4245,1860,0
rep2,1.425,1861,0
rep2,1.4252,1862,0
rep2,1.4253,1863,0
rep2,1.4266,1864,0
rep2,1.4277,1865,0
rep2,1.4284,1866,0
rep2,1.4289,1867,0
rep2,1.4305,1868,0
rep2,1.4344,1869,0
rep2,1.4354,1870,0
rep2,1.4362,1871,0
rep2,1.4363,1872,0
rep2,1.4386,1873,0
rep2,1.4401,1874,0
rep2,1.4409,1875,0
rep2,1.4425,1876,0
rep2,1.4428,1877,0
rep2,1.4448,1878,0
rep2,1.445,1879,0
rep2,1.4473,1880,0
rep2,1.4485,1881,0
rep2,1.4517,1882,0
rep2,1.4543,1883,0
rep2,1.4547,1884,0
rep2,1.4565,1885,0
rep2,1.4577,1886,0
rep2,1.4579,1887,0
rep2,1.459,1888,0
rep2,1.4591,1889,0
rep2,1.4592,1890,0
rep2,1.4604,1891,0
rep2,1.4609,1892,0
rep2,1.4621,1893,0
rep2,1.4632,1894,0
rep2,1.4645,1895,0
rep2,1.4662,1896,0
rep2,1.4705,1897,0
rep2,1.4716,1898,0
rep2,1.4718,1899,0
rep2,1.4721,1900,0
rep2,1.4793,1901,0
rep2,1.4799,1902,0
rep2,1.4857,1903,0
rep2,1.4871,1904,0
rep2,1.4877,1905,0
rep2,1.4885,1906,0
rep2,1.489,1907,0
rep2,1.49,1908,0
rep2,1.4914,1909,0
rep2,1.4941,1910,0
rep2,1.4955,1911,0
rep2,1.4997,1912,0
rep2,1.4999,1913,0
rep2,1.5029,1914,0
rep2,1.507,1915,0
rep2,1.507,1916,0
rep2,1.5116,1917,0
rep2,1.5124,1918,0
rep2,1.5155,1919,0
rep2,1.5157,1920,0
rep2,1.5157,1921,0
rep2,1.5159,1922,0
rep2,1.5163,1923,0
rep2,1.517,1924,0
rep2,1.5201,1925,0
rep2,1.5232,1926,0
rep2,1.5363,1927,0
rep2,1.5408,1928,0
rep2,1.5423,1929,0
rep2,1.5438,1930,0
rep2,1.5498,1931,0
rep2,1.5503,1932,0
rep2,1.5538,1933,0
rep2,1.5551,1934,0
rep2,1.5567,1935,0
rep2,1.561,1936,0
rep2,1.5699,1937,0
rep2,1.5713,1938,0
rep2,1.5734,1939,0
rep2,1.5835,1940,0
rep2,1.5839,1941,0
rep2,1.5843,1942,0
rep2,1.5889,1943,0
rep2,1.5913,1944,0
rep2,1.5943,1945,0
rep2,1.5955,1946,0
rep2,1.5955,1947,0
rep2,1.6115,1948,0
rep2,1.6123,1949,0
rep2,1.6132,1950,0
rep2,1.6177,1951,0
rep2,1.6347,1952,0
rep2,1.6375,1953,0
rep2,1.6388,1954,0
rep2,1.6558,1955,0
rep2,1.6693,1956,0
rep2,1.67,1957,0
rep2,1.6703,1958,0
rep2,1.7236,1959,0
rep2,1.7414,1960,0
rep2,1.7872,1961,0
rep2,1.8104,1962,0
rep2,1.8859,1963,0
rep2,1.9586,1964,0
rep2,2.0434,1965,0
rep2,2.0434,1966,0
rep2,2.0435,1967,0
rep2,2.044,1968,0
rep2,2.0446,1969,0
rep2,2.0448,1970,0
rep2,2.046,1971,0
rep2,2.0463,1972,0
rep2,2.0467,1973,0
rep2,2.0474,1974,0
rep2,2.0478,1975,0
rep2,2.0508,1976,0
rep2,2.0509,1977,0
rep2,2.0511,1978,0
rep2,2.0512,1979,0
rep2,2.0517,1980,0
rep2,2.0634,1981,0
rep2,2.0643,1982,0
rep2,2.0662,1983,0
rep2,2.0767,1984,0
rep2,2.0772,1985,0
rep2,2.0772,1986,0
rep2,2.0772,1987,0
rep2,2.0775,1988,0
rep2,2.0778,1989,0
rep2,2.0781,1990,0
rep2,2.0784,1991,0
rep2,2.0788,1992,0
rep2,2.0788,1993,0
rep2,2.0788,1994,0
rep2,2.0789,1995,0
rep2,2.0789,1996,0
rep2,2.0792,1997,0
rep2,2.0793,1998,0
rep2,2.0798,1999,0
rep2,2.0798,2000,0
rep2,2.08,2001,0
rep2,2.0802,2002,0
rep2,2.0804,2003,0
rep2,2.0806,2004,0
rep2,2.0809,2005,0
rep2,2.081,2006,0
rep2,2.0813,2007,0
rep2,2.0818,2008,0
rep2,2.082,2009,0
rep2,2.0822,2010,0
rep2,2.0824,2011,0
rep2,2.0828,2012,0
rep2,2.0828,2013,0
rep2,2.0828,2014,0
rep2,2.0832,2015,0
rep2,2.0833,2016,0
rep2,2.0834,2017,0
rep2,2.0834,2018,0
rep2,2.0845,2019,0
rep2,2.0847,2020,0
rep2,2.0851,2021,0
rep2,2.0854,2022,0
rep2,2.0858,2023,0
rep2,2.086,2024,0
rep2,2.0861,2025,0
rep2,2.087,2026,0
rep2,2.0875,2027,0
rep2,2.0879,2028,0
rep2,2.088,2029,0
rep2,2.0883,2030,0
rep2,2.0884,2031,0
rep2,2.0886,2032,0
rep2,2.0886,2033,0
rep2,2.0887,2034,0
rep2,2.0891,2035,0
rep2,2.0904,2036,0
rep2,2.0919,2037,0
rep2,2.0929,2038,0
rep2,2.093,2039,0
rep2,2.0938,2040,0
rep2,2.0946,2041,0
rep2,2.0948,2042,0
rep2,2.1001,2043,0
rep2,2.1006,2044,0
rep2,2.1034,2045,0
rep2,2.1041,2046,0
rep2,2.1042,2047,0
rep2,2.1112,2048,0
rep2,2.1116,2049,0
rep2,2.1125,2050,0
rep2,2.1157,2051,0
rep2,2.1166,2052,0
rep2,2.1169,2053,0
rep2,2.1174,2054,0
rep2,2.1186,2055,0
rep2,2.1196,2056,0
rep2,2.121,2057,0
rep2,2.1211,2058,0
rep2,2.1221,2059,0
rep2,2.1227,2060,0
rep2,2.1258,2061,0
rep2,2.128,2062,0
rep2,2.1281,2063,0
rep2,2.1332,2064,0
rep2,2.1335,2065,0
rep2,2.1338,2066,0
rep2,2.1375,2067,0
rep2,2.1451,2068,0
rep2,2.1459,2069,0
rep2,2.1461,2070,0
rep2,2.1501,2071,0
rep2,2.151,2072,0
rep2,2.1522,2073,0
rep2,2.1536,2074,0
rep2,2.1537,2075,0
rep2,2.1538,2076,0
rep2,2.1543,2077,0
rep2,2.1557,2078,0
rep2,2.157,2079,0
rep2,2.1582,2080,0
rep2,2.1632,2081,0
rep2,2.1633,2082,0
rep2,2.1644,2083,0
rep2,2.1655,2084,0
rep2,2.166,2085,0
rep2,2.1672,2086,0
rep2,2.173,2087,0
rep2,2.1732,2088,0
rep2,2.174,2089,0
rep2,2.1742,2090,0
rep2,2.1742,2091,0
rep2,2.1763,2092,0
rep2,2.1772,2093,0
rep2,2.1806,2094,0
rep2,2.182,2095,0
rep2,2.1825,2096,0
rep2,2.1844,2097,0
rep2,2.1845,2098,0
rep2,2.188,2099,0
rep2,2.1888,2100,0
rep2,2.1894,2101,0
rep2,2.1895,2102,0
rep2,2.1908,2103,0
rep2,2.1919,2104,0
rep2,2.1925,2105,0
rep2,2.1936,2106,0
rep2,2.1945,2107,0
rep2,2.195,2108,0
rep2,2.1966,2109,0
rep2,2.1977,2110,0
rep2,2.198,2111,0
rep2,2.1988,2112,0
rep2,2.2018,2113,0
rep2,2.2027,2114,0
rep2,2.2095,2115,0
rep2,2.2105,2116,0
rep2,2.2121,2117,0
rep2,2.2134,2118,0
rep2,2.2136,2119,0
rep2,2.2148,2120,0
rep2,2.2153,2121,0
rep2,2.2154,2122,0
rep2,2.2168,2123,0
rep2,2.2184,2124,0
rep2,2.2188,2125,0
rep2,2.2198,2126,0
rep2,2.2203,2127,0
rep2,2.2203,2128,0
rep2,2.2239,2129,0
rep2,2.2244,2130,0
rep2,2.2248,2131,0
rep2,2.226,2132,0
rep2,2.2265,2133,0
rep2,2.2272,2134,0
rep3,1.0086,1,0
rep3,1.0087,2,0
rep3,1.0088,3,0
rep3,1.0089,4,0
rep3,1.009,5,0
rep3,1.0093,6,0
rep3,1.0096,7,0
rep3,1.0101,8,0
rep3,1.0105,9,0
rep3,1.0106,10,0
rep3,1.0109,11,0
rep3,1.011,12,0
rep3,1.0113,13,0
rep3,1.0117,14,0
rep3,1.0119,15,0
rep3,1.012,16,0
rep3,1.0121,17,0
rep3,1.0123,18,0
rep3,1.0126,19,0
rep3,1.0126,20,0
rep3,1.0127,21,0
rep3,1.0127,22,0
rep3,1.0128,23,0
rep3,1.0128,24,0
rep3,1.013,25,0
rep3,1.0133,26,0
rep3,1.0134,27,0
rep3,1.0147,28,0
rep3,1.0152,29,0
rep3,1.0154,30,0
rep3,1.0155,31,0
rep3,1.0157,32,0
rep3,1.0157,33,0
rep3,1.0159,34,0
rep3,1.0163,35,0
rep3,1.0165,36,0
rep3,1.0167,37,0
rep3,1.0176,38,0
rep3,1.0181,39,0
rep3,1.0196,40,0
rep3,1.0198,41,0
rep3,1.02,42,0
rep3,1.0205,43,0
rep3,1.0209,44,0
rep3,1.0211,45,0
rep3,1.0217,46,0
rep3,1.0229,47,0
rep3,1.023,48,0
rep3,1.0232,49,0
rep3,1.0235,50,0
rep3,1.0236,51,0
rep3,1.0252,52,0
rep3,1.0258,53,0
rep3,1.0275,54,0
rep3,1.0303,55,0
rep3,1.0305,56,0
rep3,1.0322,57,0
rep3,1.0339,58,0
rep3,1.034,59,0
rep3,1.0345,60,0
rep3,1.035,61,0
rep3,1.0356,62,0
rep3,1.0382,63,0
rep3,1.0385,64,0
rep3,1.0396,65,0
rep3,1.042,66,0
rep3,1.0421,67,0
rep3,1.0422,68,0
rep3,1.0422,69,0
rep3,1.0422,70,0
rep3,1.0422,71,0
rep3,1.0423,72,0
rep3,1.0423,73,0
rep3,1.0423,74,0
rep3,1.0424,75,0
rep3,1.0424,76,0
rep3,1.0424,77,0
rep3,1.0424,78,0
rep3,1.0424,79,0
rep3,1.0425,80,0
rep3,1.0426,81,0
rep3,1.0426,82,0
rep3,1.0426,83,0
rep3,1.0426,84,0
rep3,1.0426,85,0
rep3,1.0426,86,0
rep3,1.0427,87,0
rep3,1.0427,88,0
rep3,1.0427,89,0
rep3,1.0427,90,0
rep3,1.0427,91,0
rep3,1.0428,92,0
rep3,1.0428,93,0
rep3,1.0429,94,0
rep3,1.0429,95,0
rep3,1.0429,96,0
rep3,1.043,97,0
rep3,1.0431,98,0
rep3,1.0431,99,0
rep3,1.0431,100,0
rep3,1.0431,101,0
rep3,1.0431,102,0
rep3,1.0432,103,0
rep3,1.0433,104,0
rep3,1.0433,105,0
rep3,1.0433,106,0
rep3,1.0434,107,0
rep3,1.0434,108,0
rep3,1.0434,109,0
rep3,1.0434,110,0
rep3,1.0435,111,0
rep3,1.0435,112,0
rep3,1.0435,113,0
rep3,1.0435,114,0
rep3,1.0436,115,0
rep3,1.0436,116,0
rep3,1.0436,117,0
rep3,1.0437,118,0
rep3,1.0437,119,0
rep3,1.0437,120,0
rep3,1.0437,121,0
rep3,1.0437,122,0
rep3,1.0438,123,0
rep3,1.0438,124,0
rep3,1.0438,125,0
rep3,1.0439,126,0
rep3,1.0439,127,0
rep3,1.044,128,0
rep3,1.044,129,0
rep3,1.0441,130,0
rep3,1.0441,131,0
rep3,1.0441,132,0
rep3,1.0441,133,0
rep3,1.0441,134,0
rep3,1.0442,135,0
rep3,1.0442,136,0
rep3,1.0442,137,0
rep3,1.0442,138,0
rep3,1.0442,139,0
rep3,1.0443,140,0
rep3,1.0443,141,0
rep3,1.0443,142,0
rep3,1.0444,143,0
rep3,1.0445,144,0
rep3,1.0446,145,0
rep3,1.0446,146,0
rep3,1.0446,147,0
rep3,1.0447,148,0
rep3,1.0447,149,0
rep3,1.0448,150,0
rep3,1.0448,151,0
rep3,1.0448,152,0
rep3,1.0448,153,0
rep3,1.0449,154,0
rep3,1.045,155,0
rep3,1.0452,156,0
rep3,1.0452,157,0
rep3,1.0452,158,0
rep3,1.0452,159,0
rep3,1.0452,160,0
rep3,1.0453,161,0
rep3,1.0453,162,0
rep3,1.0453,163,0
rep3,1.0453,164,0
rep3,1.0454,165,0
rep3,1.0454,166,0
rep3,1.0455,167,0
rep3,1.0455,168,0
rep3,1.0455,169,0
rep3,1.0455,170,0
rep3,1.0456,171,0
rep3,1.0456,172,0
rep3,1.0456,173,0
rep3,1.0456,174,0
rep3,1.0457,175,0
rep3,1.0458,176,0
rep3,1.0458,177,0
rep3,1.0459,178,0
rep3,1.046,179,0
rep3,1.046,180,0
rep3,1.0461,181,0
rep3,1.0461,182,0
rep3,1.0462,183,0
rep3,1.0463,184,0
rep3,1.0463,185,0
rep3,1.0464,186,0
rep3,1.0464,187,0
rep3,1.0464,188,0
rep3,1.0465,189,0
rep3,1.0465,190,0
rep3,1.0466,191,0
rep3,1.0466,192,0
rep3,1.0468,193,0
rep3,1.0468,194,0
rep3,1.0468,195,0
rep3,1.0469,196,0
rep3,1.0469,197,0
rep3,1.047,198,0
rep3,1.047,199,0
rep3,1.0471,200,0
rep3,1.0471,201,0
rep3,1.0471,202,0
rep3,1.0471,203,0
rep3,1.0472,204,0
rep3,1.0472,205,0
rep3,1.0472,206,0
rep3,1.0473,207,0
rep3,1.0473,208,0
rep3,1.0473,209,0
rep3,1.0474,210,0
rep3,1.0474,211,0
rep3,1.0474,212,0
rep3,1.0475,213,0
rep3,1.0475,214,0
rep3,1.0475,215,0
rep3,1.0477,216,0
rep3,1.0478,217,0
rep3,1.0478,218,0
rep3,1.0478,219,0
rep3,1.0479,220,0
rep3,1.048,221,0
rep3,1.048,222,0
rep3,1.048,223,0
rep3,1.048,224,0
rep3,1.048,225,0
rep3,1.0481,226,0
rep3,1.0481,227,0
rep3,1.0482,228,0
rep3,1.0482,229,0
rep3,1.0482,230,0
rep3,1.0484,231,0
rep3,1.0485,232,0
rep3,1.0485,233,0
rep3,1.0486,234,0
rep3,1.0486,235,0
rep3,1.0486,236,0
rep3,1.0486,237,0
rep3,1.0487,238,0
rep3,1.0487,239,0
rep3,1.0489,240,0
rep3,1.0489,241,0
rep3,1.049,242,0
rep3,1.049,243,0
rep3,1.0491,244,0
rep3,1.0492,245,0
rep3,1.0493,246,0
rep3,1.0493,247,0
rep3,1.0493,248,0
rep3,1.0494,249,0
rep3,1.0494,250,0
rep3,1.0494,251,0
rep3,1.0495,252,0
rep3,1.0495,253,0
rep3,1.0496,254,0
rep3,1.0496,255,0
rep3,1.0497,256,0
rep3,1.0497,257,0
rep3,1.0497,258,0
rep3,1.0498,259,0
rep3,1.0499,260,0
rep3,1.0499,261,0
rep3,1.0499,262,0
rep3,1.0501,263,0
rep3,1.0502,264,0
rep3,1.0502,265,0
rep3,1.0502,266,0
rep3,1.0503,267,0
rep3,1.0505,268,0
rep3,1.0505,269,0
rep3,1.0505,270,0
rep3,1.0507,271,0
rep3,1.0508,272,0
rep3,1.0509,273,0
rep3,1.0509,274,0
rep3,1.051,275,0
rep3,1.051,276,0
rep3,1.051,277,0
rep3,1.0511,278,0
rep3,1.0511,279,0
rep3,1.0512,280,0
rep3,1.0512,281,0
rep3,1.0513,282,0
rep3,1.0515,283,0
rep3,1.0515,284,0
rep3,1.0516,285,0
rep3,1.0517,286,0
rep3,1.0518,287,0
rep3,1.052,288,0
rep3,1.052,289,0
rep3,1.0521,290,0
rep3,1.0521,291,0
rep3,1.0522,292,0
rep3,1.0524,293,0
rep3,1.0525,294,0
rep3,1.0527,295,0
rep3,1.0527,296,0
rep3,1.0531,297,0
rep3,1.0531,298,0
rep3,1.0532,299,0
rep3,1.0532,300,0
rep3,1.0532,301,0
rep3,1.0534,302,0
rep3,1.0535,303,0
rep3,1.0539,304,0
rep3,1.0539,305,0
rep3,1.054,306,0
rep3,1.0541,307,0
rep3,1.0541,308,0
rep3,1.0541,309,0
rep3,1.0542,310,0
rep3,1.0542,311,0
rep3,1.0542,312,0
rep3,1.0543,313,0
rep3,1.0546,314,0
rep3,1.055,315,0
rep3,1.055,316,0
rep3,1.0551,317,0
rep3,1.0552,318,0
rep3,1.0553,319,0
rep3,1.0554,320,0
rep3,1.0555,321,0
rep3,1.0555,322,0
rep3,1.0557,323,0
rep3,1.0557,324,0
rep3,1.056,325,0
rep3,1.056,326,0
rep3,1.0562,327,0
rep3,1.0564,328,0
rep3,1.0566,329,0
rep3,1.0566,330,0
rep3,1.0567,331,0
rep3,1.0567,332,0
rep3,1.057,333,0
rep3,1.0572,334,0
rep3,1.0573,335,0
rep3,1.0574,336,0
rep3,1.0574,337,0
rep3,1.0576,338,0
rep3,1.0578,339,0
rep3,1.0578,340,0
rep3,1.058,341,0
rep3,1.0581,342,0
rep3,1.0583,343,0
rep3,1.0583,344,0
rep3,1.0584,345,0
rep3,1.0584,346,0
rep3,1.0585,347,0
rep3,1.0587,348,0
rep3,1.0588,349,0
rep3,1.0589,350,0
rep3,1.0589,351,0
rep3,1.0589,352,0
rep3,1.059,353,0
rep3,1.0591,354,0
rep3,1.0591,355,0
rep3,1.0595,356,0
rep3,1.0596,357,0
rep3,1.0597,358,0
rep3,1.06,359,0
rep3,1.0602,360,0
rep3,1.0608,361,0
rep3,1.0609,362,0
rep3,1.061,363,0
rep3,1.0611,364,0
rep3,1.0613,365,0
rep3,1.0613,366,0
rep3,1.0614,367,0
rep3,1.0615,368,0
rep3,1.0616,369,0
rep3,1.0617,370,0
rep3,1.0617,371,0
rep3,1.0618,372,0
rep3,1.0621,373,0
rep3,1.0624,374,0
rep3,1.0627,375,0
rep3,1.0627,376,0
rep3,1.0629,377,0
rep3,1.0633,378,0
rep3,1.0633,379,0
rep3,1.0636,380,0
rep3,1.064,381,0
rep3,1.0643,382,0
rep3,1.0649,383,0
rep3,1.065,384,0
rep3,1.0652,385,0
rep3,1.0656,386,0
rep3,1.0656,387,0
rep3,1.0663,388,0
rep3,1.0664,389,0
rep3,1.0665,390,0
rep3,1.0666,391,0
rep3,1.067,392,0
rep3,1.0674,393,0
rep3,1.0678,394,0
rep3,1.0679,395,0
rep3,1.0681,396,0
rep3,1.0685,397,0
rep3,1.0685,398,0
rep3,1.0686,399,0
rep3,1.0688,400,0
rep3,1.069,401,0
rep3,1.069,402,0
rep3,1.0696,403,0
rep3,1.0697,404,0
rep3,1.0698,405,0
rep3,1.0699,406,0
rep3,1.0703,407,0
rep3,1.0704,408,0
rep3,1.0704,409,0
rep3,1.0704,410,0
rep3,1.0704,411,0
rep3,1.0705,412,0
rep3,1.0707,413,0
rep3,1.0712,414,0
rep3,1.0712,415,0
rep3,1.0714,416,0
rep3,1.0716,417,0
rep3,1.0719,418,0
rep3,1.0731,419,0
rep3,1.0732,420,0
rep3,1.0735,421,0
rep3,1.0739,422,0
rep3,1.0745,423,0
rep3,1.075,424,0
rep3,1.0751,425,0
rep3,1.0755,426,0
rep3,1.0755,427,0
rep3,1.0756,428,0
rep3,1.0756,429,0
rep3,1.0756,430,0
rep3,1.0757,431,0
rep3,1.0757,432,0
rep3,1.0758,433,0
rep3,1.0759,434,0
rep3,1.0759,435,0
rep3,1.0759,436,0
rep3,1.076,437,0
rep3,1.0761,438,0
rep3,1.0761,439,0
rep3,1.0763,440,0
rep3,1.0764,441,0
rep3,1.0765,442,0
rep3,1.0766,443,0
rep3,1.0769,444,0
rep3,1.0771,445,0
rep3,1.0771,446,0
rep3,1.0772,447,0
rep3,1.0772,448,0
rep3,1.0774,449,0
rep3,1.0775,450,0
rep3,1.0775,451,0
rep3,1.0776,452,0
rep3,1.0777,453,0
rep3,1.0779,454,0
rep3,1.0779,455,0
rep3,1.078,456,0
rep3,1.0781,457,0
rep3,1.0781,458,0
rep3,1.0781,459,0
rep3,1.0782,460,0
rep3,1.0784,461,0
rep3,1.0785,462,0
rep3,1.0786,463,0
rep3,1.0787,464,0
rep3,1.0787,465,0
rep3,1.0788,466,0
rep3,1.0788,467,0
rep3,1.0789,468,0
rep3,1.0791,469,0
rep3,1.0792,470,0
rep3,1.0793,471,0
rep3,1.0793,472,0
rep3,1.0794,473,0
rep3,1.0797,474,0
rep3,1.0797,475,0
rep3,1.0799,476,0
rep3,1.0799,477,0
rep3,1.0802,478,0
rep3,1.0802,479,0
rep3,1.0803,480,0
rep3,1.0804,481,0
rep3,1.0806,482,0
rep3,1.0807,483,0
rep3,1.0807,484,0
rep3,1.0808,485,0
rep3,1.0811,486,0
rep3,1.0811,487,0
rep3,1.0812,488,0
rep3,1.0812,489,0
rep3,1.0814,490,0
rep3,1.0816,491,0
rep3,1.0816,492,0
rep3,1.0816,493,0
rep3,1.0817,494,0
rep3,1.0817,495,0
rep3,1.0818,496,0
rep3,1.0819,497,0
rep3,1.0819,498,0
rep3,1.082,499,0
rep3,1.0821,500,0
rep3,1.0821,501,0
rep3,1.0822,502,0
rep3,1.0822,503,0
rep3,1.0823,504,0
rep3,1.0824,505,0
rep3,1.0824,506,0
rep3,1.0825,507,0
rep3,1.0827,508,0
rep3,1.083,509,0
rep3,1.0833,510,0
rep3,1.0835,511,0
rep3,1.0835,512,0
rep3,1.0835,513,0
rep3,1.0838,514,0
rep3,1.0838,515,0
rep3,1.0839,516,0
rep3,1.0839,517,0
rep3,1.0841,518,0
rep3,1.0844,519,0
rep3,1.0845,520,0
rep3,1.0851,521,0
rep3,1.0851,522,0
rep3,1.0852,523,0
rep3,1.0852,524,0
rep3,1.0853,525,0
rep3,1.0855,526,0
rep3,1.0856,527,0
rep3,1.0859,528,0
rep3,1.0861,529,0
rep3,1.0862,530,0
rep3,1.0865,531,0
rep3,1.0867,532,0
rep3,1.0868,533,0
rep3,1.0869,534,0
rep3,1.087,535,0
rep3,1.0871,536,0
rep3,1.0871,537,0
rep3,1.0874,538,0
rep3,1.0875,539,0
rep3,1.0876,540,0
rep3,1.0877,541,0
rep3,1.0878,542,0
rep3,1.0878,543,0
rep3,1.0879,544,0
rep3,1.0886,545,0
rep3,1.0887,546,0
rep3,1.0892,547,0
rep3,1.0893,548,0
rep3,1.0894,549,0
rep3,1.0894,550,0
rep3,1.0894,551,0
rep3,1.0894,552,0
rep3,1.0898,553,0
rep3,1.09,554,0
rep3,1.09,555,0
rep3,1.0902,556,0
rep3,1.0905,557,0
rep3,1.0909,558,0
rep3,1.0912,559,0
rep3,1.0915,560,0
rep3,1.0918,561,0
rep3,1.092,562,0
rep3,1.0921,563,0
rep3,1.0921,564,0
rep3,1.0922,565,0
rep3,1.0922,566,0
rep3,1.0924,567,0
rep3,1.0927,568,0
rep3,1.0928,569,0
rep3,1.0929,570,0
rep3,1.093,571,0
rep3,1.093,572,0
rep3,1.093,573,0
rep3,1.0931,574,0
rep3,1.0934,575,0
rep3,1.0936,576,0
rep3,1.0937,577,0
rep3,1.094,578,0
rep3,1.094,579,0
rep3,1.0944,580,0
rep3,1.0949,581,0
rep3,1.0954,582,0
rep3,1.0955,583,0
rep3,1.0956,584,0
rep3,1.0957,585,0
rep3,1.0957,586,0
rep3,1.0958,587,0
rep3,1.096,588,0
rep3,1.0967,589,0
rep3,1.0969,590,0
rep3,1.097,591,0
rep3,1.097,592,0
rep3,1.0974,593,0
rep3,1.0977,594,0
rep3,1.0977,595,0
rep3,1.0978,596,0
rep3,1.0979,597,0
rep3,1.0979,598,0
rep3,1.0983,599,0
rep3,1.0983,600,0
rep3,1.0986,601,0
rep3,1.0988,602,0
rep3,1.0989,603,0
rep3,1.0994,604,0
rep3,1.0995,605,0
rep3,1.1001,606,0
rep3,1.1006,607,0
rep3,1.1006,608,0
rep3,1.1007,609,0
rep3,1.1012,610,0
rep3,1.1014,611,0
rep3,1.1015,612,0
rep3,1.1017,613,0
rep3,1.1017,614,0
rep3,1.102,615,0
rep3,1.102,616,0
rep3,1.1021,617,0
rep3,1.1022,618,0
rep3,1.1026,619,0
rep3,1.103,620,0
rep3,1.1031,621,0
rep3,1.1032,622,0
rep3,1.1033,623,0
rep3,1.1034,624,0
rep3,1.1038,625,0
rep3,1.1044,626,0
rep3,1.1045,627,0
rep3,1.1046,628,0
rep3,1.1047,629,0
rep3,1.1048,630,0
rep3,1.1051,631,0
rep3,1.1051,632,0
rep3,1.1058,633,0
rep3,1.1059,634,0
rep3,1.1066,635,0
rep3,1.1068,636,0
rep3,1.107,637,0
rep3,1.1071,638,0
rep3,1.1073,639,0
rep3,1.1074,640,0
rep3,1.1075,641,0
rep3,1.1078,642,0
rep3,1.1085,643,0
rep3,1.1086,644,0
rep3,1.1086,645,0
rep3,1.1088,646,0
rep3,1.109,647,0
rep3,1.109,648,0
rep3,1.109,649,0
rep3,1.1091,650,0
rep3,1.1091,651,0
rep3,1.1095,652,0
rep3,1.1097,653,0
rep3,1.1099,654,0
rep3,1.11,655,0
rep3,1.1101,656,0
rep3,1.1101,657,0
rep3,1.1102,658,0
rep3,1.1103,659,0
rep3,1.1103,660,0
rep3,1.1104,661,0
rep3,1.1105,662,0
rep3,1.1108,663,0
rep3,1.1108,664,0
rep3,1.1109,665,0
rep3,1.1109,666,0
rep3,1.111,667,0
rep3,1.1111,668,0
rep3,1.1114,669,0
rep3,1.1114,670,0
rep3,1.1117,671,0
rep3,1.1122,672,0
rep3,1.1122,673,0
rep3,1.1123,674,0
rep3,1.1124,675,0
rep3,1.1124,676,0
rep3,1.1125,677,0
rep3,1.113,678,0
rep3,1.1131,679,0
rep3,1.1131,680,0
rep3,1.1135,681,0
rep3,1.1136,682,0
rep3,1.1137,683,0
rep3,1.1138,684,0
rep3,1.1139,685,0
rep3,1.1141,686,0
rep3,1.1141,687,0
rep3,1.1145,688,0
rep3,1.1147,689,0
rep3,1.1148,690,0
rep3,1.115,691,0
rep3,1.1154,692,0
rep3,1.1158,693,0
rep3,1.1159,694,0
rep3,1.1159,695,0
rep3,1.116,696,0
rep3,1.1162,697,0
rep3,1.1163,698,0
rep3,1.1163,699,0
rep3,1.1164,700,0
rep3,1.1164,701,0
rep3,1.1178,702,0
rep3,1.1179,703,0
rep3,1.1181,704,0
rep3,1.1181,705,0
rep3,1.1183,706,0
rep3,1.1183,707,0
rep3,1.1184,708,0
rep3,1.1185,709,0
rep3,1.1186,710,0
rep3,1.1188,711,0
rep3,1.119,712,0
rep3,1.1199,713,0
rep3,1.12,714,0
rep3,1.1204,715,0
rep3,1.1206,716,0
rep3,1.1207,717,0
rep3,1.1211,718,0
rep3,1.1218,719,0
rep3,1.1219,720,0
rep3,1.122,721,0
rep3,1.1224,722,0
rep3,1.1226,723,0
rep3,1.1229,724,0
rep3,1.1229,725,0
rep3,1.123,726,0
rep3,1.1232,727,0
rep3,1.1235,728,0
rep3,1.1239,729,0
rep3,1.1239,730,0
rep3,1.1239,731,0
rep3,1.124,732,0
rep3,1.1242,733,0
rep3,1.1244,734,0
rep3,1.1246,735,0
rep3,1.1246,736,0
rep3,1.1247,737,0
rep3,1.1248,738,0
rep3,1.1252,739,0
rep3,1.1254,740,0
rep3,1.1257,741,0
rep3,1.1257,742,0
rep3,1.1259,743,0
rep3,1.1259,744,0
rep3,1.1262,745,0
rep3,1.1271,746,0
rep3,1.1271,747,0
rep3,1.1273,748,0
rep3,1.1273,749,0
rep3,1.1279,750,0
rep3,1.1281,751,0
rep3,1.1284,752,0
rep3,1.1284,753,0
rep3,1.1284,754,0
rep3,1.1287,755,0
rep3,1.129,756,0
rep3,1.1291,757,0
rep3,1.1292,758,0
rep3,1.1293,759,0
rep3,1.1294,760,0
rep3,1.1294,761,0
rep3,1.1295,762,0
rep3,1.1296,763,0
rep3,1.13,764,0
rep3,1.1301,765,0
rep3,1.1303,766,0
rep3,1.1307,767,0
rep3,1.1308,768,0
rep3,1.1313,769,0
rep3,1.1313,770,0
rep3,1.1315,771,0
rep3,1.1316,772,0
rep3,1.1319,773,0
rep3,1.1321,774,0
rep3,1.1322,775,0
rep3,1.1325,776,0
rep3,1.1326,777,0
rep3,1.133,778,0
rep3,1.1339,779,0
rep3,1.1341,780,0
rep3,1.1342,781,0
rep3,1.1343,782,0
rep3,1.1344,783,0
rep3,1.1344,784,0
rep3,1.1345,785,0
rep3,1.1351,786,0
rep3,1.1354,787,0
rep3,1.1356,788,0
rep3,1.1363,789,0
rep3,1.1365,790,0
rep3,1.1375,791,0
rep3,1.1378,792,0
rep3,1.1378,793,0
rep3,1.1379,794,0
rep3,1.1386,795,0
rep3,1.1389,796,0
rep3,1.1389,797,0
rep3,1.1391,798,0
rep3,1.1393,799,0
rep3,1.1399,800,0
rep3,1.14,801,0
rep3,1.1403,802,0
rep3,1.1405,803,0
rep3,1.1406,804,0
rep3,1.1407,805,0
rep3,1.1409,806,0
rep3,1.1412,807,0
rep3,1.1412,808,0
rep3,1.1415,809,0
rep3,1.1416,810,0
rep3,1.1417,811,0
rep3,1.1419,812,0
rep3,1.142,813,0
rep3,1.1422,814,0
rep3,1.1424,815,0
rep3,1.1424,816,0
rep3,1.1426,817,0
rep3,1.1426,818,0
rep3,1.1427,819,0
rep3,1.1428,820,0
rep3,1.1431,821,0
rep3,1.1433,822,0
rep3,1.1433,823,0
rep3,1.1434,824,0
rep3,1.1434,825,0
rep3,1.1435,826,0
rep3,1.1436,827,0
rep3,1.1438,828,0
rep3,1.1438,829,0
rep3,1.1447,830,0
rep3,1.1449,831,0
rep3,1.1451,832,0
rep3,1.1452,833,0
rep3,1.1453,834,0
rep3,1.1453,835,0
rep3,1.1455,836,0
rep3,1.1458,837,0
rep3,1.1459,838,0
rep3,1.1459,839,0
rep3,1.1459,840,0
rep3,1.146,841,0
rep3,1.146,842,0
rep3,1.1461,843,0
rep3,1.1462,844,0
rep3,1.1464,845,0
rep3,1.1469,846,0
rep3,1.1469,847,0
rep3,1.1475,848,0
rep3,1.1477,849,0
rep3,1.1478,850,0
rep3,1.1479,851,0
rep3,1.1481,852,0
rep3,1.1487,853,0
rep3,1.149,854,0
rep3,1.1494,855,0
rep3,1.1496,856,0
rep3,1.1505,857,0
rep3,1.1505,858,0
rep3,1.1507,859,0
rep3,1.1508,860,0
rep3,1.1509,861,0
rep3,1.1509,862,0
rep3,1.151,863,0
rep3,1.151,864,0
rep3,1.1511,865,0
rep3,1.1514,866,0
rep3,1.1516,867,0
rep3,1.1519,868,0
rep3,1.1522,869,0
rep3,1.1526,870,0
rep3,1.1528,871,0
rep3,1.1529,872,0
rep3,1.1531,873,0
rep3,1.1532,874,0
rep3,1.1532,875,0
rep3,1.1533,876,0
rep3,1.1537,877,0
rep3,1.1538,878,0
rep3,1.154,879,0
rep3,1.1542,880,0
rep3,1.1546,881,0
rep3,1.1551,882,0
rep3,1.1553,883,0
rep3,1.1558,884,0
rep3,1.1559,885,0
rep3,1.1561,886,0
rep3,1.1562,887,0
rep3,1.1565,888,0
rep3,1.1566,889,0
rep3,1.1569,890,0
rep3,1.1571,891,0
rep3,1.1571,892,0
rep3,1.1579,893,0
rep3,1.1582,894,0
rep3,1.1585,895,0
rep3,1.1586,896,0
rep3,1.1587,897,0
rep3,1.159,898,0
rep3,1.1591,899,0
rep3,1.1594,900,0
rep3,1.1594,901,0
rep3,1.1596,902,0
rep3,1.1596,903,0
rep3,1.1597,904,0
rep3,1.1597,905,0
rep3,1.1604,906,0
rep3,1.1605,907,0
rep3,1.1606,908,0
rep3,1.1607,909,0
rep3,1.1609,910,0
rep3,1.1612,911,0
rep3,1.1615,912,0
rep3,1.1616,913,0
rep3,1.1617,914,0
rep3,1.162,915,0
rep3,1.1621,916,0
rep3,1.1622,917,0
rep3,1.1634,918,0
rep3,1.1634,919,0
rep3,1.1635,920,0
rep3,1.1639,921,0
rep3,1.1639,922,0
rep3,1.1639,923,0
rep3,1.1639,924,0
rep3,1.1646,925,0
rep3,1.165,926,0
rep3,1.1653,927,0
rep3,1.1654,928,0
rep3,1.1657,929,0
rep3,1.1659,930,0
rep3,1.1663,931,0
rep3,1.167,932,0
rep3,1.1673,933,0
rep3,1.1676,934,0
rep3,1.1678,935,0
rep3,1.1682,936,0
rep3,1.1683,937,0
rep3,1.1689,938,0
rep3,1.1692,939,0
rep3,1.1694,940,0
rep3,1.1694,941,0
rep3,1.1699,942,0
rep3,1.1705,943,0
rep3,1.1706,944,0
rep3,1.1707,945,0
rep3,1.1709,946,0
rep3,1.1709,947,0
rep3,1.1709,948,0
rep3,1.171,949,0
rep3,1.1711,950,0
rep3,1.1712,951,0
rep3,1.1716,952,0
rep3,1.1716,953,0
rep3,1.1717,954,0
rep3,1.1718,955,0
rep3,1.1718,956,0
rep3,1.172,957,0
rep3,1.1721,958,0
rep3,1.1724,959,0
rep3,1.1728,960,0
rep3,1.1729,961,0
rep3,1.173,962,0
rep3,1.1731,963,0
rep3,1.1732,964,0
rep3,1.1734,965,0
rep3,1.1734,966,0
rep3,1.1736,967,0
rep3,1.1737,968,0
rep3,1.1739,969,0
rep3,1.1743,970,0
rep3,1.1743,971,0
rep3,1.1745,972,0
rep3,1.1748,973,0
rep3,1.1754,974,0
rep3,1.1757,975,0
rep3,1.1757,976,0
rep3,1.1758,977,0
rep3,1.1759,978,0
rep3,1.1759,979,0
rep3,1.1762,980,0
rep3,1.1765,981,0
rep3,1.1765,982,0
rep3,1.1766,983,0
rep3,1.1767,984,0
rep3,1.1767,985,0
rep3,1.177,986,0
rep3,1.177,987,0
rep3,1.1772,988,0
rep3,1.1774,989,0
rep3,1.1776,990,0
rep3,1.178,991,0
rep3,1.1783,992,0
rep3,1.1784,993,0
rep3,1.1787,994,0
rep3,1.1787,995,0
rep3,1.1791,996,0
rep3,1.1792,997,0
rep3,1.1793,998,0
rep3,1.1794,999,0
rep3,1.1795,1000,0
rep3,1.1796,1001,0
rep3,1.1797,1002,0
rep3,1.1798,1003,0
rep3,1.1799,1004,0
rep3,1.18,1005,0
rep3,1.1802,1006,0
rep3,1.1804,1007,0
rep3,1.1806,1008,0
rep3,1.1806,1009,0
rep3,1.1808,1010,0
rep3,1.181,1011,0
rep3,1.1811,1012,0
rep3,1.1813,1013,0
rep3,1.1813,1014,0
rep3,1.1814,1015,0
rep3,1.1815,1016,0
rep3,1.182,1017,0
rep3,1.182,1018,0
rep3,1.1822,1019,0
rep3,1.1822,1020,0
rep3,1.1823,1021,0
rep3,1.1825,1022,0
rep3,1.1826,1023,0
rep3,1.1828,1024,0
rep3,1.1828,1025,0
rep3,1.1832,1026,0
rep3,1.1833,1027,0
rep3,1.1833,1028,0
rep3,1.1837,1029,0
rep3,1.1839,1030,0
rep3,1.1841,1031,0
rep3,1.1841,1032,0
rep3,1.1842,1033,0
rep3,1.1844,1034,0
rep3,1.1845,1035,0
rep3,1.1845,1036,0
rep3,1.1845,1037,0
rep3,1.1845,1038,0
rep3,1.1846,1039,0
rep3,1.1847,1040,0
rep3,1.1847,1041,0
rep3,1.1847,1042,0
rep3,1.1847,1043,0
rep3,1.1855,1044,0
rep3,1.186,1045,0
rep3,1.1863,1046,0
rep3,1.1866,1047,0
rep3,1.1867,1048,0
rep3,1.1867,1049,0
rep3,1.1867,1050,0
rep3,1.1868,1051,0
rep3,1.1869,1052,0
rep3,1.187,1053,0
rep3,1.187,1054,0
rep3,1.1875,1055,0
rep3,1.1875,1056,0
rep3,1.1876,1057,0
rep3,1.1878,1058,0
rep3,1.1879,1059,0
rep3,1.188,1060,0
rep3,1.1882,1061,0
rep3,1.1883,1062,0
rep3,1.1886,1063,0
rep3,1.1888,1064,0
rep3,1.1892,1065,0
rep3,1.1893,1066,0
rep3,1.1894,1067,0
rep3,1.1895,1068,0
rep3,1.1898,1069,0
rep3,1.1898,1070,0
rep3,1.1902,1071,0
rep3,1.1904,1072,0
rep3,1.1906,1073,0
rep3,1.1909,1074,0
rep3,1.1913,1075,0
rep3,1.1913,1076,0
rep3,1.1914,1077,0
rep3,1.1914,1078,0
rep3,1.1918,1079,0
rep3,1.1919,1080,0
rep3,1.192,1081,0
rep3,1.1921,1082,0
rep3,1.1928,1083,0
rep3,1.1928,1084,0
rep3,1.1929,1085,0
rep3,1.1929,1086,0
rep3,1.193,1087,0
rep3,1.1931,1088,0
rep3,1.1931,1089,0
rep3,1.1933,1090,0
rep3,1.1934,1091,0
rep3,1.1935,1092,0
rep3,1.1936,1093,0
rep3,1.1937,1094,0
rep3,1.1937,1095,0
rep3,1.194,1096,0
rep3,1.1945,1097,0
rep3,1.1947,1098,0
rep3,1.1949,1099,0
rep3,1.1952,1100,0
rep3,1.1953,1101,0
rep3,1.1953,1102,0
rep3,1.1953,1103,0
rep3,1.1955,1104,0
rep3,1.1958,1105,0
rep3,1.1958,1106,0
rep3,1.1962,1107,0
rep3,1.1969,1108,0
rep3,1.1974,1109,0
rep3,1.1976,1110,0
rep3,1.198,1111,0
rep3,1.1985,1112,0
rep3,1.1985,1113,0
rep3,1.1992,1114,0
rep3,1.1994,1115,0
rep3,1.1996,1116,0
rep3,1.1997,1117,0
rep3,1.2,1118,0
rep3,1.2001,1119,0
rep3,1.2002,1120,0
rep3,1.2006,1121,0
rep3,1.201,1122,0
rep3,1.201,1123,0
rep3,1.2021,1124,0
rep3,1.2024,1125,0
rep3,1.2024,1126,0
rep3,1.2025,1127,0
rep3,1.2027,1128,0
rep3,1.2027,1129,0
rep3,1.203,1130,0
rep3,1.2036,1131,0
rep3,1.2037,1132,0
rep3,1.204,1133,0
rep3,1.2041,1134,0
rep3,1.2042,1135,0
rep3,1.2042,1136,0
rep3,1.2047,1137,0
rep3,1.2047,1138,0
rep3,1.2052,1139,0
rep3,1.2054,1140,0
rep3,1.2057,1141,0
rep3,1.2062,1142,0
rep3,1.207,1143,0
rep3,1.2071,1144,0
rep3,1.2074,1145,0
rep3,1.2076,1146,0
rep3,1.2081,1147,0
rep3,1.2083,1148,0
rep3,1.2087,1149,0
rep3,1.2088,1150,0
rep3,1.2091,1151,0
rep3,1.2092,1152,0
rep3,1.2092,1153,0
rep3,1.2094,1154,0
rep3,1.2094,1155,0
rep3,1.2094,1156,0
rep3,1.2096,1157,0
rep3,1.2098,1158,0
rep3,1.2099,1159,0
rep3,1.2101,1160,0
rep3,1.2103,1161,0
rep3,1.2105,1162,0
rep3,1.2107,1163,0
rep3,1.2107,1164,0
rep3,1.2107,1165,0
rep3,1.2112,1166,0
rep3,1.2113,1167,0
rep3,1.2115,1168,0
rep3,1.2116,1169,0
rep3,1.2119,1170,0
rep3,1.2123,1171,0
rep3,1.2124,1172,0
rep3,1.2126,1173,0
rep3,1.2126,1174,0
rep3,1.2127,1175,0
rep3,1.2131,1176,0
rep3,1.2131,1177,0
rep3,1.2132,1178,0
rep3,1.2134,1179,0
rep3,1.2138,1180,0
rep3,1.214,1181,0
rep3,1.2142,1182,0
rep3,1.2142,1183,0
rep3,1.2143,1184,0
rep3,1.2145,1185,0
rep3,1.2149,1186,0
rep3,1.2151,1187,0
rep3,1.2154,1188,0
rep3,1.2155,1189,0
rep3,1.2156,1190,0
rep3,1.2163,1191,0
rep3,1.2163,1192,0
rep3,1.2168,1193,0
rep3,1.2171,1194,0
rep3,1.2171,1195,0
rep3,1.2176,1196,0
rep3,1.2181,1197,0
rep3,1.2181,1198,0
rep3,1.2181,1199,0
rep3,1.2183,1200,0
rep3,1.2183,1201,0
rep3,1.2184,1202,0
rep3,1.2187,1203,0
rep3,1.2188,1204,0
rep3,1.2189,1205,0
rep3,1.2191,1206,0
rep3,1.2194,1207,0
rep3,1.2195,1208,0
rep3,1.2197,1209,0
rep3,1.2199,1210,0
rep3,1.2201,1211,0
rep3,1.2202,1212,0
rep3,1.2204,1213,0
rep3,1.2205,1214,0
rep3,1.2205,1215,0
rep3,1.2206,1216,0
rep3,1.221,1217,0
rep3,1.2212,1218,0
rep3,1.2213,1219,0
rep3,1.2213,1220,0
rep3,1.2214,1221,0
rep3,1.2218,1222,0
rep3,1.2223,1223,0
rep3,1.2226,1224,0
rep3,1.2226,1225,0
rep3,1.2227,1226,0
rep3,1.2229,1227,0
rep3,1.223,1228,0
rep3,1.2232,1229,0
rep3,1.2234,1230,0
rep3,1.2237,1231,0
rep3,1.2239,1232,0
rep3,1.2244,1233,0
rep3,1.2246,1234,0
rep3,1.2246,1235,0
rep3,1.2252,1236,0
rep3,1.2252,1237,0
rep3,1.2253,1238,0
rep3,1.2257,1239,0
rep3,1.2258,1240,0
rep3,1.2258,1241,0
rep3,1.2258,1242,0
rep3,1.2259,1243,0
rep3,1.226,1244,0
rep3,1.2262,1245,0
rep3,1.2262,1246,0
rep3,1.2265,1247,0
rep3,1.2266,1248,0
rep3,1.2278,1249,0
rep3,1.2279,1250,0
rep3,1.228,1251,0
rep3,1.2285,1252,0
rep3,1.2286,1253,0
rep3,1.2288,1254,0
rep3,1.2294,1255,0
rep3,1.2295,1256,0
rep3,1.2297,1257,0
rep3,1.2298,1258,0
rep3,1.2301,1259,0
rep3,1.2302,1260,0
rep3,1.2302,1261,0
rep3,1.2302,1262,0
rep3,1.2312,1263,0
rep3,1.2315,1264,0
rep3,1.2316,1265,0
rep3,1.2317,1266,0
rep3,1.2318,1267,0
rep3,1.2321,1268,0
rep3,1.2321,1269,0
rep3,1.2323,1270,0
rep3,1.2324,1271,0
rep3,1.2328,1272,0
rep3,1.2329,1273,0
rep3,1.2332,1274,0
rep3,1.234,1275,0
rep3,1.234,1276,0
rep3,1.2343,1277,0
rep3,1.2345,1278,0
rep3,1.2348,1279,0
rep3,1.2349,1280,0
rep3,1.2349,1281,0
rep3,1.235,1282,0
rep3,1.235,1283,0
rep3,1.2354,1284,0
rep3,1.2356,1285,0
rep3,1.2359,1286,0
rep3,1.2361,1287,0
rep3,1.2361,1288,0
rep3,1.2363,1289,0
rep3,1.2366,1290,0
rep3,1.2368,1291,0
rep3,1.2369,1292,0
rep3,1.2373,1293,0
rep3,1.2378,1294,0
rep3,1.2381,1295,0
rep3,1.2382,1296,0
rep3,1.2384,1297,0
rep3,1.2387,1298,0
rep3,1.2389,1299,0
rep3,1.239,1300,0
rep3,1.2391,1301,0
rep3,1.2395,1302,0
rep3,1.2398,1303,0
rep3,1.2406,1304,0
rep3,1.2406,1305,0
rep3,1.2418,1306,0
rep3,1.2418,1307,0
rep3,1.242,1308,0
rep3,1.2421,1309,0
rep3,1.2425,1310,0
rep3,1.2426,1311,0
rep3,1.243,1312,0
rep3,1.243,1313,0
rep3,1.2433,1314,0
rep3,1.2435,1315,0
rep3,1.2436,1316,0
rep3,1.2437,1317,0
rep3,1.244,1318,0
rep3,1.2443,1319,0
rep3,1.2447,1320,0
rep3,1.2448,1321,0
rep3,1.2449,1322,0
rep3,1.245,1323,0
rep3,1.245,1324,0
rep3,1.2458,1325,0
rep3,1.2459,1326,0
rep3,1.2461,1327,0
rep3,1.2462,1328,0
rep3,1.2464,1329,0
rep3,1.2468,1330,0
rep3,1.2472,1331,0
rep3,1.2474,1332,0
rep3,1.2477,1333,0
rep3,1.2477,1334,0
rep3,1.2478,1335,0
rep3,1.2481,1336,0
rep3,1.2484,1337,0
rep3,1.2488,1338,0
rep3,1.2489,1339,0
rep3,1.2489,1340,0
rep3,1.2493,1341,0
rep3,1.2499,1342,0
rep3,1.2504,1343,0
rep3,1.2516,1344,0
rep3,1.2516,1345,0
rep3,1.2517,1346,0
rep3,1.2519,1347,0
rep3,1.2519,1348,0
rep3,1.2525,1349,0
rep3,1.2528,1350,0
rep3,1.2529,1351,0
rep3,1.2532,1352,0
rep3,1.2537,1353,0
rep3,1.2538,1354,0
rep3,1.2539,1355,0
rep3,1.2539,1356,0
rep3,1.2542,1357,0
rep3,1.2542,1358,0
rep3,1.2544,1359,0
rep3,1.2546,1360,0
rep3,1.2552,1361,0
rep3,1.2553,1362,0
rep3,1.2556,1363,0
rep3,1.2561,1364,0
rep3,1.2561,1365,0
rep3,1.2562,1366,0
rep3,1.2565,1367,0
rep3,1.2567,1368,0
rep3,1.2569,1369,0
rep3,1.257,1370,0
rep3,1.2572,1371,0
rep3,1.2573,1372,0
rep3,1.2575,1373,0
rep3,1.2576,1374,0
rep3,1.2577,1375,0
rep3,1.2581,1376,0
rep3,1.2581,1377,0
rep3,1.2582,1378,0
rep3,1.2584,1379,0
rep3,1.2585,1380,0
rep3,1.2586,1381,0
rep3,1.2594,1382,0
rep3,1.2596,1383,0
rep3,1.2598,1384,0
rep3,1.2599,1385,0
rep3,1.2607,1386,0
rep3,1.2612,1387,0
rep3,1.2615,1388,0
rep3,1.2619,1389,0
rep3,1.2623,1390,0
rep3,1.2624,1391,0
rep3,1.2627,1392,0
rep3,1.263,1393,0
rep3,1.2634,1394,0
rep3,1.2636,1395,0
rep3,1.2639,1396,0
rep3,1.264,1397,0
rep3,1.2642,1398,0
rep3,1.2644,1399,0
rep3,1.2649,1400,0
rep3,1.2651,1401,0
rep3,1.2654,1402,0
rep3,1.2656,1403,0
rep3,1.2657,1404,0
rep3,1.2659,1405,0
rep3,1.266,1406,0
rep3,1.266,1407,0
rep3,1.2662,1408,0
rep3,1.2666,1409,0
rep3,1.2669,1410,0
rep3,1.267,1411,0
rep3,1.2674,1412,0
rep3,1.2675,1413,0
rep3,1.2679,1414,0
rep3,1.2682,1415,0
rep3,1.2686,1416,0
rep3,1.2688,1417,0
rep3,1.2688,1418,0
rep3,1.269,1419,0
rep3,1.2697,1420,0
rep3,1.2703,1421,0
rep3,1.2704,1422,0
rep3,1.2709,1423,0
rep3,1.2715,1424,0
rep3,1.2715,1425,0
rep3,1.2721,1426,0
rep3,1.2721,1427,0
rep3,1.2721,1428,0
rep3,1.2722,1429,0
rep3,1.2723,1430,0
rep3,1.2724,1431,0
rep3,1.2728,1432,0
rep3,1.2733,1433,0
rep3,1.2736,1434,0
rep3,1.2737,1435,0
rep3,1.2738,1436,0
rep3,1.2741,1437,0
rep3,1.2742,1438,0
rep3,1.2743,1439,0
rep3,1.2745,1440,0
rep3,1.2754,1441,0
rep3,1.2757,1442,0
rep3,1.2761,1443,0
rep3,1.2762,1444,0
rep3,1.2769,1445,0
rep3,1.2769,1446,0
rep3,1.277,1447,0
rep3,1.2772,1448,0
rep3,1.2777,1449,0
rep3,1.2778,1450,0
rep3,1.2779,1451,0
rep3,1.278,1452,0
rep3,1.2781,1453,0
rep3,1.2784,1454,0
rep3,1.2786,1455,0
rep3,1.2787,1456,0
rep3,1.2793,1457,0
rep3,1.2794,1458,0
rep3,1.2795,1459,0
rep3,1.2799,1460,0
rep3,1.2802,1461,0
rep3,1.2802,1462,0
rep3,1.2804,1463,0
rep3,1.2805,1464,0
rep3,1.2805,1465,0
rep3,1.2806,1466,0
rep3,1.2813,1467,0
rep3,1.2813,1468,0
rep3,1.2813,1469,0
rep3,1.2816,1470,0
rep3,1.282,1471,0
rep3,1.2821,1472,0
rep3,1.2823,1473,0
rep3,1.2825,1474,0
rep3,1.2833,1475,0
rep3,1.2833,1476,0
rep3,1.2833,1477,0
rep3,1.2839,1478,0
rep3,1.284,1479,0
rep3,1.2841,1480,0
rep3,1.2842,1481,0
rep3,1.2843,1482,0
rep3,1.2844,1483,0
rep3,1.2844,1484,0
rep3,1.2847,1485,0
rep3,1.2848,1486,0
rep3,1.2848,1487,0
rep3,1.2849,1488,0
rep3,1.2852,1489,0
rep3,1.2856,1490,0
rep3,1.2858,1491,0
rep3,1.2861,1492,0
rep3,1.2864,1493,0
rep3,1.2865,1494,0
rep3,1.2867,1495,0
rep3,1.2868,1496,0
rep3,1.2869,1497,0
rep3,1.2873,1498,0
rep3,1.2873,1499,0
rep3,1.2876,1500,0
rep3,1.2879,1501,0
rep3,1.288,1502,0
rep3,1.2883,1503,0
rep3,1.2885,1504,0
rep3,1.2886,1505,0
rep3,1.2887,1506,0
rep3,1.2889,1507,0
rep3,1.2894,1508,0
rep3,1.2895,1509,0
rep3,1.2897,1510,0
rep3,1.29,1511,0
rep3,1.29,1512,0
rep3,1.2907,1513,0
rep3,1.2909,1514,0
rep3,1.291,1515,0
rep3,1.2913,1516,0
rep3,1.2913,1517,0
rep3,1.2917,1518,0
rep3,1.2918,1519,0
rep3,1.2922,1520,0
rep3,1.2924,1521,0
rep3,1.2925,1522,0
rep3,1.2931,1523,0
rep3,1.2935,1524,0
rep3,1.2935,1525,0
rep3,1.2937,1526,0
rep3,1.2939,1527,0
rep3,1.294,1528,0
rep3,1.294,1529,0
rep3,1.2941,1530,0
rep3,1.2941,1531,0
rep3,1.2942,1532,0
rep3,1.2953,1533,0
rep3,1.2959,1534,0
rep3,1.2959,1535,0
rep3,1.296,1536,0
rep3,1.2961,1537,0
rep3,1.2961,1538,0
rep3,1.2967,1539,0
rep3,1.2973,1540,0
rep3,1.2975,1541,0
rep3,1.2978,1542,0
rep3,1.2978,1543,0
rep3,1.298,1544,0
rep3,1.2985,1545,0
rep3,1.2987,1546,0
rep3,1.2991,1547,0
rep3,1.2992,1548,0
rep3,1.2993,1549,0
rep3,1.2994,1550,0
rep3,1.2997,1551,0
rep3,1.2999,1552,0
rep3,1.3001,1553,0
rep3,1.3004,1554,0
rep3,1.3005,1555,0
rep3,1.3009,1556,0
rep3,1.3012,1557,0
rep3,1.3015,1558,0
rep3,1.3016,1559,0
rep3,1.3022,1560,0
rep3,1.3023,1561,0
rep3,1.3029,1562,0
rep3,1.3033,1563,0
rep3,1.3035,1564,0
rep3,1.3045,1565,0
rep3,1.3048,1566,0
rep3,1.3054,1567,0
rep3,1.3056,1568,0
rep3,1.3056,1569,0
rep3,1.3062,1570,0
rep3,1.3066,1571,0
rep3,1.307,1572,0
rep3,1.3075,1573,0
rep3,1.3077,1574,0
rep3,1.308,1575,0
rep3,1.3082,1576,0
rep3,1.3089,1577,0
rep3,1.3092,1578,0
rep3,1.3093,1579,0
rep3,1.3093,1580,0
rep3,1.3096,1581,0
rep3,1.3098,1582,0
rep3,1.3098,1583,0
rep3,1.31,1584,0
rep3,1.3101,1585,0
rep3,1.3101,1586,0
rep3,1.3104,1587,0
rep3,1.3104,1588,0
rep3,1.3108,1589,0
rep3,1.3109,1590,0
rep3,1.3111,1591,0
rep3,1.3114,1592,0
rep3,1.3115,1593,0
rep3,1.3122,1594,0
rep3,1.3129,1595,0
rep3,1.3143,1596,0
rep3,1.3143,1597,0
rep3,1.3147,1598,0
rep3,1.3147,1599,0
rep3,1.315,1600,0
rep3,1.3151,1601,0
rep3,1.3153,1602,0
rep3,1.3154,1603,0
rep3,1.3155,1604,0
rep3,1.3158,1605,0
rep3,1.3159,1606,0
rep3,1.316,1607,0
rep3,1.3161,1608,0
rep3,1.3164,1609,0
rep3,1.3165,1610,0
rep3,1.3171,1611,0
rep3,1.3172,1612,0
rep3,1.3174,1613,0
rep3,1.3179,1614,0
rep3,1.3181,1615,0
rep3,1.3186,1616,0
rep3,1.3186,1617,0
rep3,1.3192,1618,0
rep3,1.3199,1619,0
rep3,1.32,1620,0
rep3,1.3203,1621,0
rep3,1.3205,1622,0
rep3,1.3208,1623,0
rep3,1.3212,1624,0
rep3,1.3212,1625,0
rep3,1.3212,1626,0
rep3,1.3217,1627,0
rep3,1.3218,1628,0
rep3,1.3222,1629,0
rep3,1.3225,1630,0
rep3,1.3226,1631,0
rep3,1.3233,1632,0
rep3,1.324,1633,0
rep3,1.3245,1634,0
rep3,1.3248,1635,0
rep3,1.3249,1636,0
rep3,1.3249,1637,0
rep3,1.3251,1638,0
rep3,1.3251,1639,0
rep3,1.3254,1640,0
rep3,1.3255,1641,0
rep3,1.3257,1642,0
rep3,1.3257,1643,0
rep3,1.326,1644,0
rep3,1.3262,1645,0
rep3,1.3262,1646,0
rep3,1.3263,1647,0
rep3,1.3263,1648,0
rep3,1.3273,1649,0
rep3,1.3274,1650,0
rep3,1.3275,1651,0
rep3,1.3278,1652,0
rep3,1.3279,1653,0
rep3,1.3279,1654,0
rep3,1.3297,1655,0
rep3,1.3298,1656,0
rep3,1.3304,1657,0
rep3,1.3307,1658,0
rep3,1.3308,1659,0
rep3,1.3312,1660,0
rep3,1.3315,1661,0
rep3,1.3319,1662,0
rep3,1.3321,1663,0
rep3,1.3323,1664,0
rep3,1.3324,1665,0
rep3,1.3324,1666,0
rep3,1.3331,1667,0
rep3,1.3333,1668,0
rep3,1.3335,1669,0
rep3,1.3337,1670,0
rep3,1.334,1671,0
rep3,1.3348,1672,0
rep3,1.3353,1673,0
rep3,1.3355,1674,0
rep3,1.3356,1675,0
rep3,1.3357,1676,0
rep3,1.3358,1677,0
rep3,1.3358,1678,0
rep3,1.336,1679,0
rep3,1.3364,1680,0
rep3,1.3365,1681,0
rep3,1.3366,1682,0
rep3,1.3371,1683,0
rep3,1.3372,1684,0
rep3,1.3373,1685,0
rep3,1.3375,1686,0
rep3,1.3375,1687,0
rep3,1.3376,1688,0
rep3,1.3376,1689,0
rep3,1.3376,1690,0
rep3,1.338,1691,0
rep3,1.3385,1692,0
rep3,1.3387,1693,0
rep3,1.3393,1694,0
rep3,1.3396,1695,0
rep3,1.3396,1696,0
rep3,1.3399,1697,0
rep3,1.3423,1698,0
rep3,1.3424,1699,0
rep3,1.3425,1700,0
rep3,1.3427,1701,0
rep3,1.3433,1702,0
rep3,1.3437,1703,0
rep3,1.3442,1704,0
rep3,1.3442,1705,0
rep3,1.3444,1706,0
rep3,1.3444,1707,0
rep3,1.3445,1708,0
rep3,1.3449,1709,0
rep3,1.345,1710,0
rep3,1.3451,1711,0
rep3,1.3452,1712,0
rep3,1.3453,1713,0
rep3,1.3453,1714,0
rep3,1.3456,1715,0
rep3,1.3459,1716,0
rep3,1.3462,1717,0
rep3,1.3462,1718,0
rep3,1.3463,1719,0
rep3,1.3463,1720,0
rep3,1.3468,1721,0
rep3,1.3471,1722,0
rep3,1.3475,1723,0
rep3,1.3476,1724,0
rep3,1.3477,1725,0
rep3,1.3481,1726,0
rep3,1.3487,1727,0
rep3,1.3492,1728,0
rep3,1.3495,1729,0
rep3,1.3504,1730,0
rep3,1.351,1731,0
rep3,1.3517,1732,0
rep3,1.3517,1733,0
rep3,1.3518,1734,0
rep3,1.3518,1735,0
rep3,1.3521,1736,0
rep3,1.3521,1737,0
rep3,1.3523,1738,0
rep3,1.3524,1739,0
rep3,1.3526,1740,0
rep3,1.3529,1741,0
rep3,1.3534,1742,0
rep3,1.3536,1743,0
rep3,1.3537,1744,0
rep3,1.3553,1745,0
rep3,1.3556,1746,0
rep3,1.3559,1747,0
rep3,1.3563,1748,0
rep3,1.3563,1749,0
rep3,1.3564,1750,0
rep3,1.3567,1751,0
rep3,1.3567,1752,0
rep3,1.3567,1753,0
rep3,1.3571,1754,0
rep3,1.3579,1755,0
rep3,1.358,1756,0
rep3,1.3581,1757,0
rep3,1.3586,1758,0
rep3,1.3587,1759,0
rep3,1.3592,1760,0
rep3,1.3592,1761,0
rep3,1.3603,1762,0
rep3,1.3608,1763,0
rep3,1.3611,1764,0
rep3,1.3614,1765,0
rep3,1.3615,1766,0
rep3,1.362,1767,0
rep3,1.3642,1768,0
rep3,1.3645,1769,0
rep3,1.3648,1770,0
rep3,1.3649,1771,0
rep3,1.365,1772,0
rep3,1.365,1773,0
rep3,1.3651,1774,0
rep3,1.3652,1775,0
rep3,1.3656,1776,0
rep3,1.3658,1777,0
rep3,1.3659,1778,0
rep3,1.366,1779,0
rep3,1.3664,1780,0
rep3,1.3666,1781,0
rep3,1.3678,1782,0
rep3,1.3691,1783,0
rep3,1.3692,1784,0
rep3,1.3693,1785,0
rep3,1.3699,1786,0
rep3,1.3708,1787,0
rep3,1.371,1788,0
rep3,1.3711,1789,0
rep3,1.3711,1790,0
rep3,1.3712,1791,0
rep3,1.3725,1792,0
rep3,1.3734,1793,0
rep3,1.3739,1794,0
rep3,1.3748,1795,0
rep3,1.3749,1796,0
rep3,1.3759,1797,0
rep3,1.3765,1798,0
rep3,1.3768,1799,0
rep3,1.3773,1800,0
rep3,1.3776,1801,0
rep3,1.3779,1802,0
rep3,1.3782,1803,0
rep3,1.3785,1804,0
rep3,1.3794,1805,0
rep3,1.3794,1806,0
rep3,1.3794,1807,0
rep3,1.3797,1808,0
rep3,1.3803,1809,0
rep3,1.3803,1810,0
rep3,1.3805,1811,0
rep3,1.3809,1812,0
rep3,1.3819,1813,0
rep3,1.3821,1814,0
rep3,1.3831,1815,0
rep3,1.3831,1816,0
rep3,1.3834,1817,0
rep3,1.3838,1818,0
rep3,1.3839,1819,0
rep3,1.384,1820,0
rep3,1.384,1821,0
rep3,1.3841,1822,0
rep3,1.3844,1823,0
rep3,1.3847,1824,0
rep3,1.3863,1825,0
rep3,1.3864,1826,0
rep3,1.3866,1827,0
rep3,1.3867,1828,0
rep3,1.3886,1829,0
rep3,1.3895,1830,0
rep3,1.3902,1831,0
rep3,1.3909,1832,0
rep3,1.3911,1833,0
rep3,1.3917,1834,0
rep3,1.392,1835,0
rep3,1.3923,1836,0
rep3,1.3932,1837,0
rep3,1.3933,1838,0
rep3,1.3939,1839,0
rep3,1.394,1840,0
rep3,1.3949,1841,0
rep3,1.3953,1842,0
rep3,1.3961,1843,0
rep3,1.3961,1844,0
rep3,1.3965,1845,0
rep3,1.3969,1846,0
rep3,1.3971,1847,0
rep3,1.3973,1848,0
rep3,1.3977,1849,0
rep3,1.3982,1850,0
rep3,1.3983,1851,0
rep3,1.399,1852,0
rep3,1.4,1853,0
rep3,1.4002,1854,0
rep3,1.4022,1855,0
rep3,1.403,1856,0
rep3,1.4039,1857,0
rep3,1.4043,1858,0
rep3,1.405,1859,0
rep3,1.4052,1860,0
rep3,1.4053,1861,0
rep3,1.4063,1862,0
rep3,1.4064,1863,0
rep3,1.4068,1864,0
rep3,1.4078,1865,0
rep3,1.4094,1866,0
rep3,1.4104,1867,0
rep3,1.4107,1868,0
rep3,1.411,1869,0
rep3,1.4114,1870,0
rep3,1.4117,1871,0
rep3,1.412,1872,0
rep3,1.4126,1873,0
rep3,1.4126,1874,0
rep3,1.4157,1875,0
rep3,1.4158,1876,0
rep3,1.4158,1877,0
rep3,1.416,1878,0
rep3,1.4168,1879,0
rep3,1.4173,1880,0
rep3,1.4181,1881,0
rep3,1.4183,1882,0
rep3,1.4187,1883,0
rep3,1.4192,1884,0
rep3,1.4192,1885,0
rep3,1.4192,1886,0
rep3,1.4215,1887,0
rep3,1.4229,1888,0
rep3,1.4233,1889,0
rep3,1.4234,1890,0
rep3,1.4237,1891,0
rep3,1.4265,1892,0
rep3,1.4266,1893,0
rep3,1.4268,1894,0
rep3,1.4272,1895,0
rep3,1.4281,1896,0
rep3,1.4284,1897,0
rep3,1.4287,1898,0
rep3,1.4289,1899,0
rep3,1.4292,1900,0
rep3,1.4306,1901,0
rep3,1.4306,1902,0
rep3,1.4307,1903,0
rep3,1.4325,1904,0
rep3,1.4329,1905,0
rep3,1.4353,1906,0
rep3,1.4371,1907,0
rep3,1.4376,1908,0
rep3,1.4377,1909,0
rep3,1.4405,1910,0
rep3,1.4406,1911,0
rep3,1.4429,1912,0
rep3,1.4442,1913,0
rep3,1.4461,1914,0
rep3,1.4463,1915,0
rep3,1.4464,1916,0
rep3,1.4484,1917,0
rep3,1.4492,1918,0
rep3,1.4506,1919,0
rep3,1.4507,1920,0
rep3,1.4531,1921,0
rep3,1.4533,1922,0
rep3,1.4533,1923,0
rep3,1.4534,1924,0
rep3,1.4547,1925,0
rep3,1.4563,1926,0
rep3,1.457,1927,0
rep3,1.4582,1928,0
rep3,1.4583,1929,0
rep3,1.4592,1930,0
rep3,1.4595,1931,0
rep3,1.4617,1932,0
rep3,1.462,1933,0
rep3,1.4621,1934,0
rep3,1.4625,1935,0
rep3,1.4626,1936,0
rep3,1.4633,1937,0
rep3,1.4635,1938,0
rep3,1.4635,1939,0
rep3,1.4642,1940,0
rep3,1.4651,1941,0
rep3,1.4655,1942,0
rep3,1.4668,1943,0
rep3,1.4699,1944,0
rep3,1.4704,1945,0
rep3,1.4709,1946,0
rep3,1.4719,1947,0
rep3,1.4719,1948,0
rep3,1.475,1949,0
rep3,1.4751,1950,0
rep3,1.4752,1951,0
rep3,1.4755,1952,0
rep3,1.4761,1953,0
rep3,1.4767,1954,0
rep3,1.4797,1955,0
rep3,1.4826,1956,0
rep3,1.4851,1957,0
rep3,1.4856,1958,0
rep3,1.491,1959,0
rep3,1.4917,1960,0
rep3,1.4923,1961,0
rep3,1.4931,1962,0
rep3,1.4932,1963,0
rep3,1.4968,1964,0
rep3,1.4969,1965,0
rep3,1.4981,1966,0
rep3,1.4993,1967,0
rep3,1.4994,1968,0
rep3,1.5005,1969,0
rep3,1.5021,1970,0
rep3,1.5023,1971,0
rep3,1.5029,1972,0
rep3,1.503,1973,0
rep3,1.5053,1974,0
rep3,1.5137,1975,0
rep3,1.514,1976,0
rep3,1.5143,1977,0
rep3,1.5177,1978,0
rep3,1.5183,1979,0
rep3,1.5192,1980,0
rep3,1.5198,1981,0
rep3,1.5213,1982,0
rep3,1.525,1983,0
rep3,1.5278,1984,0
rep3,1.5284,1985,0
rep3,1.5339,1986,0
rep3,1.5402,1987,0
rep3,1.5492,1988,0
rep3,1.5494,1989,0
rep3,1.5526,1990,0
rep3,1.553,1991,0
rep3,1.5553,1992,0
rep3,1.5583,1993,0
rep3,1.5639,1994,0
rep3,1.5639,1995,0
rep3,1.5661,1996,0
rep3,1.5664,1997,0
rep3,1.5707,1998,0
rep3,1.5733,1999,0
rep3,1.5766,2000,0
rep3,1.5823,2001,0
rep3,1.5846,2002,0
rep3,1.5871,2003,0
rep3,1.5936,2004,0
rep3,1.5977,2005,0
rep3,1.6028,2006,0
rep3,1.6095,2007,0
rep3,1.6105,2008,0
rep3,1.6115,2009,0
rep3,1.6167,2010,0
rep3,1.622,2011,0
rep3,1.6341,2012,0
rep3,1.635,2013,0
rep3,1.6351,2014,0
rep3,1.6365,2015,0
rep3,1.6519,2016,0
rep3,1.6605,2017,0
rep3,1.6734,2018,0
rep3,1.6842,2019,0
rep3,1.6845,2020,0
rep3,1.7115,2021,0
rep3,1.7477,2022,0
rep3,1.7589,2023,0
rep3,1.7774,2024,0
rep3,1.8107,2025,0
rep3,1.9591,2026,0
rep3,2.0242,2027,0
rep3,2.0434,2028,0
rep3,2.0435,2029,0
rep3,2.0436,2030,0
rep3,2.0457,2031,0
rep3,2.0458,2032,0
rep3,2.0471,2033,0
rep3,2.0493,2034,0
rep3,2.0501,2035,0
rep3,2.0516,2036,0
rep3,2.0518,2037,0
rep3,2.0527,2038,0
rep3,2.0531,2039,0
rep3,2.0542,2040,0
rep3,2.0573,2041,0
rep3,2.0598,2042,0
rep3,2.0671,2043,0
rep3,2.0763,2044,0
rep3,2.0764,2045,0
rep3,2.0765,2046,0
rep3,2.0766,2047,0
rep3,2.0768,2048,0
rep3,2.077,2049,0
rep3,2.0771,2050,0
rep3,2.0773,2051,0
rep3,2.0774,2052,0
rep3,2.0778,2053,0
rep3,2.078,2054,0
rep3,2.078,2055,0
rep3,2.0781,2056,0
rep3,2.0783,2057,0
rep3,2.0784,2058,0
rep3,2.0785,2059,0
rep3,2.0785,2060,0
rep3,2.0789,2061,0
rep3,2.0792,2062,0
rep3,2.0793,2063,0
rep3,2.0794,2064,0
rep3,2.0797,2065,0
rep3,2.08,2066,0
rep3,2.0801,2067,0
rep3,2.0801,2068,0
rep3,2.0802,2069,0
rep3,2.081,2070,0
rep3,2.081,2071,0
rep3,2.0812,2072,0
rep3,2.0819,2073,0
rep3,2.0819,2074,0
rep3,2.0822,2075,0
rep3,2.083,2076,0
rep3,2.084,2077,0
rep3,2.0841,2078,0
rep3,2.0841,2079,0
rep3,2.0842,2080,0
rep3,2.0845,2081,0
rep3,2.0859,2082,0
rep3,2.0866,2083,0
rep3,2.0869,2084,0
rep3,2.0879,2085,0
rep3,2.0892,2086,0
rep3,2.0902,2087,0
rep3,2.091,2088,0
rep3,2.0917,2089,0
rep3,2.0918,2090,0
rep3,2.0922,2091,0
rep3,2.0927,2092,0
rep3,2.0941,2093,0
rep3,2.095,2094,0
rep3,2.0964,2095,0
rep3,2.0981,2096,0
rep3,2.0988,2097,0
rep3,2.1008,2098,0
rep3,2.1016,2099,0
rep3,2.102,2100,0
rep3,2.1058,2101,0
rep3,2.1075,2102,0
rep3,2.1081,2103,0
rep3,2.1108,2104,0
rep3,2.111,2105,0
rep3,2.1114,2106,0
rep3,2.1117,2107,0
rep3,2.1142,2108,0
rep3,2.1148,2109,0
rep3,2.1148,2110,0
rep3,2.1148,2111,0
rep3,2.1152,2112,0
rep3,2.1158,2113,0
rep3,2.1187,2114,0
rep3,2.1193,2115,0
rep3,2.122,2116,0
rep3,2.1228,2117,0
rep3,2.1252,2118,0
rep3,2.1283,2119,0
rep3,2.129,2120,0
rep3,2.1332,2121,0
rep3,2.1404,2122,0
rep3,2.1429,2123,0
rep3,2.1439,2124,0
rep3,2.1443,2125,0
rep3,2.1465,2126,0
rep3,2.1497,2127,0
rep3,2.1528,2128,0
rep3,2.1538,2129,0
rep3,2.1557,2130,0
rep3,2.1573,2131,0
rep3,2.1604,2132,0
rep3,2.1631,2133,0
rep3,2.1632,2134,0
rep3,2.1638,2135,0
rep3,2.1646,2136,0
rep3,2.1651,2137,0
rep3,2.1661,2138,0
rep3,2.1664,2139,0
rep3,2.1671,2140,0
rep3,2.1685,2141,0
rep3,2.1714,2142,0
rep3,2.1742,2143,0
rep3,2.1754,2144,0
rep3,2.1775,2145,0
rep3,2.179,2146,0
rep3,2.1798,2147,0
rep3,2.1808,2148,0
rep3,2.1818,2149,0
rep3,2.1824,2150,0
rep3,2.1833,2151,0
rep3,2.187,2152,0
rep3,2.1874,2153,0
rep3,2.1879,2154,0
rep3,2.1917,2155,0
rep3,2.1917,2156,0
rep3,2.1923,2157,0
rep3,2.1932,2158,0
rep3,2.1938,2159,0
rep3,2.1951,2160,0
rep3,2.1962,2161,0
rep3,2.1984,2162,0
rep3,2.1985,2163,0
rep3,2.199,2164,0
rep3,2.1997,2165,0
rep3,2.2002,2166,0
rep3,2.2013,2167,0
rep3,2.2015,2168,0
rep3,2.2042,2169,0
rep3,2.2061,2170,0
rep3,2.2095,2171,0
rep3,2.2101,2172,0
rep3,2.2102,2173,0
rep3,2.2107,2174,0
rep3,2.211,2175,0
rep3,2.2115,2176,0
rep3,2.2156,2177,0
rep3,2.2205,2178,0
rep3,2.2209,2179,0
rep3,2.221,2180,0
rep3,2.2222,2181,0
rep3,2.2223,2182,0
rep3,2.2229,2183,0
rep3,2.2236,2184,0
rep3,2.2255,2185,0
rep3,2.2261,2186,0
rep3,2.227,2187,0
