rep,t_over_ttl,cum_rehold,cum_duplicate
rep1,1.0127,1,0
rep1,1.0127,2,0
rep1,1.0128,3,0
rep1,1.0129,4,0
rep1,1.013,5,0
rep1,1.0131,6,0
rep1,1.0132,7,0
rep1,1.0132,8,0
rep1,1.0133,9,0
rep1,1.0134,10,0
rep1,1.0136,11,0
rep1,1.0137,12,0
rep1,1.0138,13,0
rep1,1.0138,14,0
rep1,1.0138,15,0
rep1,1.0138,16,0
rep1,1.0139,17,0
rep1,1.014,18,0
rep1,1.014,19,0
rep1,1.014,20,0
rep1,1.0141,21,0
rep1,1.0141,22,0
rep1,1.0142,23,0
rep1,1.0143,24,0
rep1,1.0144,25,0
rep1,1.0145,26,0
rep1,1.015,27,0
rep1,1.015,28,0
rep1,1.0153,29,0
rep1,1.0153,30,0
rep1,1.0153,31,0
rep1,1.0156,32,0
rep1,1.0156,33,0
rep1,1.0158,34,0
rep1,1.0159,35,0
rep1,1.0159,36,0
rep1,1.0161,37,0
rep1,1.0162,38,0
rep1,1.0163,39,0
rep1,1.0167,40,0
rep1,1.0167,41,0
rep1,1.0168,42,0
rep1,1.0169,43,0
rep1,1.017,44,0
rep1,1.017,45,0
rep1,1.0171,46,0
rep1,1.0172,47,0
rep1,1.0172,48,0
rep1,1.0174,49,0
rep1,1.0174,50,0
rep1,1.0177,51,0
rep1,1.0177,52,0
rep1,1.0179,53,0
rep1,1.0179,54,0
rep1,1.0179,55,0
rep1,1.0181,56,0
rep1,1.0181,57,0
rep1,1.0183,58,0
rep1,1.0183,59,0
rep1,1.0186,60,0
rep1,1.0189,61,0
rep1,1.0189,62,0
rep1,1.019,63,0
rep1,1.0193,64,0
rep1,1.0194,65,0
rep1,1.0194,66,0
rep1,1.0194,67,0
rep1,1.0195,68,0
rep1,1.0197,69,0
rep1,1.0197,70,0
rep1,1.0205,71,0
rep1,1.0206,72,0
rep1,1.0208,73,0
rep1,1.0209,74,0
rep1,1.021,75,0
rep1,1.0212,76,0
rep1,1.0214,77,0
rep1,1.0214,78,0
rep1,1.0214,79,0
rep1,1.0215,80,0
rep1,1.0215,81,0
rep1,1.0216,82,0
rep1,1.0218,83,0
rep1,1.022,84,0
rep1,1.022,85,0
rep1,1.0222,86,0
rep1,1.0222,87,0
rep1,1.0223,88,0
rep1,1.0223,89,0
rep1,1.0224,90,0
rep1,1.0229,91,0
rep1,1.0231,92,0
rep1,1.0234,93,0
rep1,1.0235,94,0
rep1,1.0236,95,0
rep1,1.024,96,0
rep1,1.024,97,0
rep1,1.0245,98,0
rep1,1.0247,99,0
rep1,1.0251,100,0
rep1,1.0254,101,0
rep1,1.0258,102,0
rep1,1.026,103,0
rep1,1.0266,104,0
rep1,1.0276,105,0
rep1,1.0278,106,0
rep1,1.0281,107,0
rep1,1.0291,108,0
rep1,1.0299,109,0
rep1,1.0302,110,0
rep1,1.0305,111,0
rep1,1.0309,112,0
rep1,1.031,113,0
rep1,1.0311,114,0
rep1,1.0315,115,0
rep1,1.0318,116,0
rep1,1.0319,117,0
rep1,1.0322,118,0
rep1,1.0328,119,0
rep1,1.0332,120,0
rep1,1.0337,121,0
rep1,1.0347,122,0
rep1,1.0354,123,0
rep1,1.0355,124,0
rep1,1.0376,125,0
rep1,1.0378,126,0
rep1,1.0387,127,0
rep1,1.0391,128,0
rep1,1.0398,129,0
rep1,1.0405,130,0
rep1,1.0406,131,0
rep1,1.0462,132,0
rep1,1.0462,133,0
rep1,1.0463,134,0
rep1,1.0463,135,0
rep1,1.0463,136,0
rep1,1.0463,137,0
rep1,1.0465,138,0
rep1,1.0465,139,0
rep1,1.0466,140,0
rep1,1.0466,141,0
rep1,1.0466,142,0
rep1,1.0466,143,0
rep1,1.0467,144,0
rep1,1.0467,145,0
rep1,1.0467,146,0
rep1,1.0467,147,0
rep1,1.0468,148,0
rep1,1.0468,149,0
rep1,1.0468,150,0
rep1,1.0469,151,0
rep1,1.0469,152,0
rep1,1.0469,153,0
rep1,1.0469,154,0
rep1,1.0469,155,0
rep1,1.0469,156,0
rep1,1.047,157,0
rep1,1.047,158,0
rep1,1.047,159,0
rep1,1.047,160,0
rep1,1.047,161,0
rep1,1.0471,162,0
rep1,1.0471,163,0
rep1,1.0472,164,0
rep1,1.0472,165,0
rep1,1.0472,166,0
rep1,1.0473,167,0
rep1,1.0473,168,0
rep1,1.0473,169,0
rep1,1.0473,170,0
rep1,1.0474,171,0
rep1,1.0474,172,0
rep1,1.0474,173,0
rep1,1.0474,174,0
rep1,1.0475,175,0
rep1,1.0475,176,0
rep1,1.0475,177,0
rep1,1.0475,178,0
rep1,1.0476,179,0
rep1,1.0476,180,0
rep1,1.0476,181,0
rep1,1.0476,182,0
rep1,1.0477,183,0
rep1,1.0477,184,0
rep1,1.0477,185,0
rep1,1.0477,186,0
rep1,1.0477,187,0
rep1,1.0478,188,0
rep1,1.0478,189,0
rep1,1.0478,190,0
rep1,1.0478,191,0
rep1,1.0479,192,0
rep1,1.0479,193,0
rep1,1.048,194,0
rep1,1.048,195,0
rep1,1.048,196,0
rep1,1.0481,197,0
rep1,1.0481,198,0
rep1,1.0481,199,0
rep1,1.0482,200,0
rep1,1.0482,201,0
rep1,1.0483,202,0
rep1,1.0483,203,0
rep1,1.0483,204,0
rep1,1.0483,205,0
rep1,1.0483,206,0
rep1,1.0483,207,0
rep1,1.0484,208,0
rep1,1.0484,209,0
rep1,1.0484,210,0
rep1,1.0485,211,0
rep1,1.0485,212,0
rep1,1.0485,213,0
rep1,1.0486,214,0
rep1,1.0486,215,0
rep1,1.0486,216,0
rep1,1.0487,217,0
rep1,1.0487,218,0
rep1,1.0487,219,0
rep1,1.0487,220,0
rep1,1.0487,221,0
rep1,1.0488,222,0
rep1,1.0488,223,0
rep1,1.0488,224,0
rep1,1.0488,225,0
rep1,1.0489,226,0
rep1,1.0489,227,0
rep1,1.049,228,0
rep1,1.049,229,0
rep1,1.049,230,0
rep1,1.0491,231,0
rep1,1.0491,232,0
rep1,1.0491,233,0
rep1,1.0491,234,0
rep1,1.0491,235,0
rep1,1.0492,236,0
rep1,1.0492,237,0
rep1,1.0492,238,0
rep1,1.0493,239,0
rep1,1.0493,240,0
rep1,1.0493,241,0
rep1,1.0493,242,0
rep1,1.0494,243,0
rep1,1.0494,244,0
rep1,1.0494,245,0
rep1,1.0495,246,0
rep1,1.0495,247,0
rep1,1.0495,248,0
rep1,1.0495,249,0
rep1,1.0495,250,0
rep1,1.0496,251,0
rep1,1.0496,252,0
rep1,1.0496,253,0
rep1,1.0496,254,0
rep1,1.0496,255,0
rep1,1.0497,256,0
rep1,1.0497,257,0
rep1,1.0497,258,0
rep1,1.0498,259,0
rep1,1.0498,260,0
rep1,1.0498,261,0
rep1,1.0498,262,0
rep1,1.0498,263,0
rep1,1.0499,264,0
rep1,1.0499,265,0
rep1,1.0499,266,0
rep1,1.0499,267,0
rep1,1.0499,268,0
rep1,1.05,269,0
rep1,1.05,270,0
rep1,1.05,271,0
rep1,1.0501,272,0
rep1,1.0501,273,0
rep1,1.0501,274,0
rep1,1.0501,275,0
rep1,1.0502,276,0
rep1,1.0504,277,0
rep1,1.0504,278,0
rep1,1.0504,279,0
rep1,1.0504,280,0
rep1,1.0505,281,0
rep1,1.0505,282,0
rep1,1.0505,283,0
rep1,1.0506,284,0
rep1,1.0507,285,0
rep1,1.0507,286,0
rep1,1.0508,287,0
rep1,1.0508,288,0
rep1,1.0508,289,0
rep1,1.0509,290,0
rep1,1.051,291,0
rep1,1.051,292,0
rep1,1.0511,293,0
rep1,1.0511,294,0
rep1,1.0511,295,0
rep1,1.0512,296,0
rep1,1.0512,297,0
rep1,1.0512,298,0
rep1,1.0512,299,0
rep1,1.0513,300,0
rep1,1.0514,301,0
rep1,1.0514,302,0
rep1,1.0514,303,0
rep1,1.0514,304,0
rep1,1.0515,305,0
rep1,1.0515,306,0
rep1,1.0515,307,0
rep1,1.0516,308,0
rep1,1.0516,309,0
rep1,1.0516,310,0
rep1,1.0516,311,0
rep1,1.0517,312,0
rep1,1.0517,313,0
rep1,1.0517,314,0
rep1,1.0517,315,0
rep1,1.0518,316,0
rep1,1.0518,317,0
rep1,1.0518,318,0
rep1,1.0519,319,0
rep1,1.0519,320,0
rep1,1.0519,321,0
rep1,1.0519,322,0
rep1,1.052,323,0
rep1,1.052,324,0
rep1,1.0521,325,0
rep1,1.0521,326,0
rep1,1.0522,327,0
rep1,1.0523,328,0
rep1,1.0523,329,0
rep1,1.0524,330,0
rep1,1.0525,331,0
rep1,1.0525,332,0
rep1,1.0525,333,0
rep1,1.0527,334,0
rep1,1.0527,335,0
rep1,1.0527,336,0
rep1,1.0528,337,0
rep1,1.0528,338,0
rep1,1.053,339,0
rep1,1.053,340,0
rep1,1.0531,341,0
rep1,1.0531,342,0
rep1,1.0531,343,0
rep1,1.0532,344,0
rep1,1.0533,345,0
rep1,1.0534,346,0
rep1,1.0534,347,0
rep1,1.0535,348,0
rep1,1.0535,349,0
rep1,1.0536,350,0
rep1,1.0536,351,0
rep1,1.0536,352,0
rep1,1.0537,353,0
rep1,1.0538,354,0
rep1,1.0538,355,0
rep1,1.0539,356,0
rep1,1.054,357,0
rep1,1.054,358,0
rep1,1.0541,359,0
rep1,1.0541,360,0
rep1,1.0542,361,0
rep1,1.0543,362,0
rep1,1.0544,363,0
rep1,1.0546,364,0
rep1,1.0546,365,0
rep1,1.0546,366,0
rep1,1.0547,367,0
rep1,1.0547,368,0
rep1,1.0547,369,0
rep1,1.0547,370,0
rep1,1.0548,371,0
rep1,1.0548,372,0
rep1,1.0549,373,0
rep1,1.0551,374,0
rep1,1.0552,375,0
rep1,1.0552,376,0
rep1,1.0552,377,0
rep1,1.0553,378,0
rep1,1.0555,379,0
rep1,1.0558,380,0
rep1,1.0558,381,0
rep1,1.0558,382,0
rep1,1.0559,383,0
rep1,1.0559,384,0
rep1,1.056,385,0
rep1,1.0561,386,0
rep1,1.0561,387,0
rep1,1.0562,388,0
rep1,1.0562,389,0
rep1,1.0562,390,0
rep1,1.0562,391,0
rep1,1.0564,392,0
rep1,1.0565,393,0
rep1,1.0565,394,0
rep1,1.0565,395,0
rep1,1.0566,396,0
rep1,1.0566,397,0
rep1,1.0567,398,0
rep1,1.0568,399,0
rep1,1.0569,400,0
rep1,1.0569,401,0
rep1,1.0569,402,0
rep1,1.057,403,0
rep1,1.0571,404,0
rep1,1.0571,405,0
rep1,1.0571,406,0
rep1,1.0572,407,0
rep1,1.0574,408,0
rep1,1.0575,409,0
rep1,1.0575,410,0
rep1,1.0576,411,0
rep1,1.0576,412,0
rep1,1.0577,413,0
rep1,1.0578,414,0
rep1,1.0578,415,0
rep1,1.058,416,0
rep1,1.058,417,0
rep1,1.0581,418,0
rep1,1.0582,419,0
rep1,1.0582,420,0
rep1,1.0583,421,0
rep1,1.0585,422,0
rep1,1.0585,423,0
rep1,1.0586,424,0
rep1,1.0586,425,0
rep1,1.0588,426,0
rep1,1.0588,427,0
rep1,1.0588,428,0
rep1,1.0589,429,0
rep1,1.059,430,0
rep1,1.0591,431,0
rep1,1.0592,432,0
rep1,1.0593,433,0
rep1,1.0594,434,0
rep1,1.0596,435,0
rep1,1.0596,436,0
rep1,1.0597,437,0
rep1,1.0599,438,0
rep1,1.0601,439,0
rep1,1.0605,440,0
rep1,1.0605,441,0
rep1,1.0605,442,0
rep1,1.0606,443,0
rep1,1.0606,444,0
rep1,1.0606,445,0
rep1,1.0607,446,0
rep1,1.0608,447,0
rep1,1.0609,448,0
rep1,1.0609,449,0
rep1,1.061,450,0
rep1,1.061,451,0
rep1,1.0611,452,0
rep1,1.0613,453,0
rep1,1.0617,454,0
rep1,1.0617,455,0
rep1,1.0618,456,0
rep1,1.062,457,0
rep1,1.0621,458,0
rep1,1.0621,459,0
rep1,1.0622,460,0
rep1,1.0623,461,0
rep1,1.0624,462,0
rep1,1.0625,463,0
rep1,1.0626,464,0
rep1,1.0626,465,0
rep1,1.0627,466,0
rep1,1.0628,467,0
rep1,1.0629,468,0
rep1,1.063,469,0
rep1,1.063,470,0
rep1,1.0631,471,0
rep1,1.0634,472,0
rep1,1.0637,473,0
rep1,1.064,474,0
rep1,1.0641,475,0
rep1,1.0644,476,0
rep1,1.0645,477,0
rep1,1.0647,478,0
rep1,1.065,479,0
rep1,1.065,480,0
rep1,1.0653,481,0
rep1,1.0654,482,0
rep1,1.0655,483,0
rep1,1.0656,484,0
rep1,1.0656,485,0
rep1,1.0657,486,0
rep1,1.0658,487,0
rep1,1.066,488,0
rep1,1.066,489,0
rep1,1.0661,490,0
rep1,1.0662,491,0
rep1,1.0663,492,0
rep1,1.0668,493,0
rep1,1.0671,494,0
rep1,1.0674,495,0
rep1,1.0674,496,0
rep1,1.0675,497,0
rep1,1.0677,498,0
rep1,1.0678,499,0
rep1,1.0679,500,0
rep1,1.068,501,0
rep1,1.0681,502,0
rep1,1.0681,503,0
rep1,1.0682,504,0
rep1,1.0685,505,0
rep1,1.0685,506,0
rep1,1.0687,507,0
rep1,1.0688,508,0
rep1,1.069,509,0
rep1,1.0691,510,0
rep1,1.0692,511,0
rep1,1.0692,512,0
rep1,1.0695,513,0
rep1,1.0696,514,0
rep1,1.0699,515,0
rep1,1.0701,516,0
rep1,1.0706,517,0
rep1,1.0707,518,0
rep1,1.0708,519,0
rep1,1.0711,520,0
rep1,1.0716,521,0
rep1,1.0717,522,0
rep1,1.0727,523,0
rep1,1.0731,524,0
rep1,1.0734,525,0
rep1,1.0737,526,0
rep1,1.0739,527,0
rep1,1.0741,528,0
rep1,1.0742,529,0
rep1,1.0752,530,0
rep1,1.0756,531,0
rep1,1.0756,532,0
rep1,1.076,533,0
rep1,1.0761,534,0
rep1,1.0765,535,0
rep1,1.0769,536,0
rep1,1.0771,537,0
rep1,1.0771,538,0
rep1,1.0775,539,0
rep1,1.0781,540,0
rep1,1.0783,541,0
rep1,1.0786,542,0
rep1,1.0787,543,0
rep1,1.0788,544,0
rep1,1.0789,545,0
rep1,1.0795,546,0
rep1,1.0797,547,0
rep1,1.0797,548,0
rep1,1.0798,549,0
rep1,1.0798,550,0
rep1,1.0798,551,0
rep1,1.0799,552,0
rep1,1.08,553,0
rep1,1.08,554,0
rep1,1.08,555,0
rep1,1.08,556,0
rep1,1.0802,557,0
rep1,1.0802,558,0
rep1,1.0802,559,0
rep1,1.0802,560,0
rep1,1.0803,561,0
rep1,1.0803,562,0
rep1,1.0803,563,0
rep1,1.0803,564,0
rep1,1.0803,565,0
rep1,1.0804,566,0
rep1,1.0804,567,0
rep1,1.0805,568,0
rep1,1.0805,569,0
rep1,1.0805,570,0
rep1,1.0806,571,0
rep1,1.0806,572,0
rep1,1.0806,573,0
rep1,1.0807,574,0
rep1,1.0807,575,0
rep1,1.0807,576,0
rep1,1.0808,577,0
rep1,1.0808,578,0
rep1,1.0808,579,0
rep1,1.0808,580,0
rep1,1.0808,581,0
rep1,1.0808,582,0
rep1,1.0809,583,0
rep1,1.081,584,0
rep1,1.0811,585,0
rep1,1.0811,586,0
rep1,1.0811,587,0
rep1,1.0811,588,0
rep1,1.0811,589,0
rep1,1.0812,590,0
rep1,1.0812,591,0
rep1,1.0812,592,0
rep1,1.0812,593,0
rep1,1.0813,594,0
rep1,1.0813,595,0
rep1,1.0813,596,0
rep1,1.0813,597,0
rep1,1.0813,598,0
rep1,1.0813,599,0
rep1,1.0814,600,0
rep1,1.0815,601,0
rep1,1.0815,602,0
rep1,1.0815,603,0
rep1,1.0816,604,0
rep1,1.0816,605,0
rep1,1.0816,606,0
rep1,1.0816,607,0
rep1,1.0816,608,0
rep1,1.0816,609,0
rep1,1.0817,610,0
rep1,1.0818,611,0
rep1,1.0818,612,0
rep1,1.0818,613,0
rep1,1.0818,614,0
rep1,1.0819,615,0
rep1,1.0819,616,0
rep1,1.0819,617,0
rep1,1.082,618,0
rep1,1.082,619,0
rep1,1.082,620,0
rep1,1.082,621,0
rep1,1.082,622,0
rep1,1.082,623,0
rep1,1.0821,624,0
rep1,1.0821,625,0
rep1,1.0822,626,0
rep1,1.0822,627,0
rep1,1.0822,628,0
rep1,1.0823,629,0
rep1,1.0823,630,0
rep1,1.0823,631,0
rep1,1.0824,632,0
rep1,1.0824,633,0
rep1,1.0825,634,0
rep1,1.0825,635,0
rep1,1.0826,636,0
rep1,1.0826,637,0
rep1,1.0827,638,0
rep1,1.0827,639,0
rep1,1.0827,640,0
rep1,1.0828,641,0
rep1,1.0829,642,0
rep1,1.0829,643,0
rep1,1.083,644,0
rep1,1.083,645,0
rep1,1.0831,646,0
rep1,1.0832,647,0
rep1,1.0832,648,0
rep1,1.0833,649,0
rep1,1.0833,650,0
rep1,1.0833,651,0
rep1,1.0833,652,0
rep1,1.0834,653,0
rep1,1.0834,654,0
rep1,1.0835,655,0
rep1,1.0835,656,0
rep1,1.0835,657,0
rep1,1.0835,658,0
rep1,1.0836,659,0
rep1,1.0836,660,0
rep1,1.0836,661,0
rep1,1.0837,662,0
rep1,1.0837,663,0
rep1,1.0837,664,0
rep1,1.0838,665,0
rep1,1.0838,666,0
rep1,1.0838,667,0
rep1,1.0839,668,0
rep1,1.0839,669,0
rep1,1.0839,670,0
rep1,1.0839,671,0
rep1,1.0839,672,0
rep1,1.084,673,0
rep1,1.0841,674,0
rep1,1.0841,675,0
rep1,1.0841,676,0
rep1,1.0842,677,0
rep1,1.0842,678,0
rep1,1.0842,679,0
rep1,1.0842,680,0
rep1,1.0843,681,0
rep1,1.0844,682,0
rep1,1.0844,683,0
rep1,1.0845,684,0
rep1,1.0845,685,0
rep1,1.0845,686,0
rep1,1.0845,687,0
rep1,1.0845,688,0
rep1,1.0845,689,0
rep1,1.0846,690,0
rep1,1.0846,691,0
rep1,1.0846,692,0
rep1,1.0847,693,0
rep1,1.0848,694,0
rep1,1.0848,695,0
rep1,1.0849,696,0
rep1,1.0849,697,0
rep1,1.085,698,0
rep1,1.085,699,0
rep1,1.085,700,0
rep1,1.0851,701,0
rep1,1.0851,702,0
rep1,1.0851,703,0
rep1,1.0852,704,0
rep1,1.0852,705,0
rep1,1.0853,706,0
rep1,1.0854,707,0
rep1,1.0854,708,0
rep1,1.0854,709,0
rep1,1.0855,710,0
rep1,1.0855,711,0
rep1,1.0856,712,0
rep1,1.0856,713,0
rep1,1.0856,714,0
rep1,1.0857,715,0
rep1,1.0857,716,0
rep1,1.0857,717,0
rep1,1.0858,718,0
rep1,1.0858,719,0
rep1,1.0859,720,0
rep1,1.0859,721,0
rep1,1.0859,722,0
rep1,1.086,723,0
rep1,1.0861,724,0
rep1,1.0861,725,0
rep1,1.0861,726,0
rep1,1.0861,727,0
rep1,1.0862,728,0
rep1,1.0862,729,0
rep1,1.0862,730,0
rep1,1.0863,731,0
rep1,1.0863,732,0
rep1,1.0864,733,0
rep1,1.0864,734,0
rep1,1.0864,735,0
rep1,1.0865,736,0
rep1,1.0865,737,0
rep1,1.0866,738,0
rep1,1.0866,739,0
rep1,1.0867,740,0
rep1,1.0867,741,0
rep1,1.0868,742,0
rep1,1.0869,743,0
rep1,1.0871,744,0
rep1,1.0871,745,0
rep1,1.0871,746,0
rep1,1.0871,747,0
rep1,1.0871,748,0
rep1,1.0871,749,0
rep1,1.0872,750,0
rep1,1.0873,751,0
rep1,1.0873,752,0
rep1,1.0873,753,0
rep1,1.0874,754,0
rep1,1.0874,755,0
rep1,1.0874,756,0
rep1,1.0874,757,0
rep1,1.0876,758,0
rep1,1.0876,759,0
rep1,1.0876,760,0
rep1,1.0876,761,0
rep1,1.0877,762,0
rep1,1.0878,763,0
rep1,1.0878,764,0
rep1,1.0878,765,0
rep1,1.0878,766,0
rep1,1.0879,767,0
rep1,1.088,768,0
rep1,1.0881,769,0
rep1,1.0881,770,0
rep1,1.0881,771,0
rep1,1.0882,772,0
rep1,1.0882,773,0
rep1,1.0883,774,0
rep1,1.0883,775,0
rep1,1.0883,776,0
rep1,1.0883,777,0
rep1,1.0884,778,0
rep1,1.0884,779,0
rep1,1.0884,780,0
rep1,1.0885,781,0
rep1,1.0886,782,0
rep1,1.0886,783,0
rep1,1.0886,784,0
rep1,1.0888,785,0
rep1,1.0889,786,0
rep1,1.0891,787,0
rep1,1.0891,788,0
rep1,1.0892,789,0
rep1,1.0894,790,0
rep1,1.0894,791,0
rep1,1.0895,792,0
rep1,1.0897,793,0
rep1,1.0897,794,0
rep1,1.0898,795,0
rep1,1.0898,796,0
rep1,1.0899,797,0
rep1,1.0899,798,0
rep1,1.0899,799,0
rep1,1.0899,800,0
rep1,1.09,801,0
rep1,1.09,802,0
rep1,1.0901,803,0
rep1,1.0901,804,0
rep1,1.0902,805,0
rep1,1.0904,806,0
rep1,1.0905,807,0
rep1,1.0905,808,0
rep1,1.0906,809,0
rep1,1.0907,810,0
rep1,1.0909,811,0
rep1,1.091,812,0
rep1,1.0911,813,0
rep1,1.0911,814,0
rep1,1.0912,815,0
rep1,1.0912,816,0
rep1,1.0912,817,0
rep1,1.0912,818,0
rep1,1.0913,819,0
rep1,1.0915,820,0
rep1,1.0918,821,0
rep1,1.0919,822,0
rep1,1.0919,823,0
rep1,1.092,824,0
rep1,1.092,825,0
rep1,1.092,826,0
rep1,1.0922,827,0
rep1,1.0922,828,0
rep1,1.0923,829,0
rep1,1.0923,830,0
rep1,1.0923,831,0
rep1,1.0924,832,0
rep1,1.0925,833,0
rep1,1.0926,834,0
rep1,1.0926,835,0
rep1,1.0926,836,0
rep1,1.0927,837,0
rep1,1.0927,838,0
rep1,1.0927,839,0
rep1,1.0928,840,0
rep1,1.0928,841,0
rep1,1.0929,842,0
rep1,1.0929,843,0
rep1,1.0929,844,0
rep1,1.093,845,0
rep1,1.0931,846,0
rep1,1.0931,847,0
rep1,1.0932,848,0
rep1,1.0933,849,0
rep1,1.0935,850,0
rep1,1.0936,851,0
rep1,1.0936,852,0
rep1,1.0939,853,0
rep1,1.0939,854,0
rep1,1.0939,855,0
rep1,1.094,856,0
rep1,1.094,857,0
rep1,1.094,858,0
rep1,1.0941,859,0
rep1,1.0943,860,0
rep1,1.0943,861,0
rep1,1.0943,862,0
rep1,1.0946,863,0
rep1,1.0947,864,0
rep1,1.0947,865,0
rep1,1.0948,866,0
rep1,1.0948,867,0
rep1,1.0948,868,0
rep1,1.0949,869,0
rep1,1.0949,870,0
rep1,1.0949,871,0
rep1,1.095,872,0
rep1,1.095,873,0
rep1,1.095,874,0
rep1,1.0951,875,0
rep1,1.0951,876,0
rep1,1.0952,877,0
rep1,1.0952,878,0
rep1,1.0953,879,0
rep1,1.0954,880,0
rep1,1.0954,881,0
rep1,1.0956,882,0
rep1,1.0959,883,0
rep1,1.096,884,0
rep1,1.0961,885,0
rep1,1.0963,886,0
rep1,1.0964,887,0
rep1,1.0965,888,0
rep1,1.0966,889,0
rep1,1.0967,890,0
rep1,1.0968,891,0
rep1,1.0969,892,0
rep1,1.097,893,0
rep1,1.097,894,0
rep1,1.0971,895,0
rep1,1.0972,896,0
rep1,1.0974,897,0
rep1,1.0975,898,0
rep1,1.0976,899,0
rep1,1.0978,900,0
rep1,1.0979,901,0
rep1,1.0981,902,0
rep1,1.0986,903,0
rep1,1.0986,904,0
rep1,1.0987,905,0
rep1,1.0988,906,0
rep1,1.099,907,0
rep1,1.099,908,0
rep1,1.0991,909,0
rep1,1.0991,910,0
rep1,1.0993,911,0
rep1,1.0993,912,0
rep1,1.0994,913,0
rep1,1.0997,914,0
rep1,1.0997,915,0
rep1,1.0998,916,0
rep1,1.0999,917,0
rep1,1.1001,918,0
rep1,1.1004,919,0
rep1,1.1004,920,0
rep1,1.1006,921,0
rep1,1.1006,922,0
rep1,1.1008,923,0
rep1,1.1009,924,0
rep1,1.101,925,0
rep1,1.1011,926,0
rep1,1.1016,927,0
rep1,1.1018,928,0
rep1,1.1019,929,0
rep1,1.102,930,0
rep1,1.102,931,0
rep1,1.1021,932,0
rep1,1.1026,933,0
rep1,1.1027,934,0
rep1,1.1028,935,0
rep1,1.1031,936,0
rep1,1.1031,937,0
rep1,1.1032,938,0
rep1,1.1032,939,0
rep1,1.1033,940,0
rep1,1.1036,941,0
rep1,1.1036,942,0
rep1,1.1037,943,0
rep1,1.1039,944,0
rep1,1.1039,945,0
rep1,1.1041,946,0
rep1,1.1043,947,0
rep1,1.1045,948,0
rep1,1.1047,949,0
rep1,1.1047,950,0
rep1,1.1047,951,0
rep1,1.1048,952,0
rep1,1.1051,953,0
rep1,1.1052,954,0
rep1,1.1053,955,0
rep1,1.1054,956,0
rep1,1.106,957,0
rep1,1.106,958,0
rep1,1.1061,959,0
rep1,1.1065,960,0
rep1,1.1069,961,0
rep1,1.1069,962,0
rep1,1.1074,963,0
rep1,1.1075,964,0
rep1,1.1075,965,0
rep1,1.1079,966,0
rep1,1.108,967,0
rep1,1.108,968,0
rep1,1.1084,969,0
rep1,1.1086,970,0
rep1,1.1087,971,0
rep1,1.109,972,0
rep1,1.109,973,0
rep1,1.1101,974,0
rep1,1.1102,975,0
rep1,1.1105,976,0
rep1,1.1106,977,0
rep1,1.1107,978,0
rep1,1.1107,979,0
rep1,1.1108,980,0
rep1,1.1109,981,0
rep1,1.1113,982,0
rep1,1.112,983,0
rep1,1.112,984,0
rep1,1.1124,985,0
rep1,1.1125,986,0
rep1,1.1126,987,0
rep1,1.1128,988,0
rep1,1.113,989,0
rep1,1.1133,990,0
rep1,1.1134,991,0
rep1,1.1134,992,0
rep1,1.1134,993,0
rep1,1.1134,994,0
rep1,1.1135,995,0
rep1,1.1135,996,0
rep1,1.1135,997,0
rep1,1.1135,998,0
rep1,1.1136,999,0
rep1,1.1136,1000,0
rep1,1.1136,1001,0
rep1,1.1137,1002,0
rep1,1.1138,1003,0
rep1,1.1138,1004,0
rep1,1.1138,1005,0
rep1,1.1138,1006,0
rep1,1.1138,1007,0
rep1,1.1139,1008,0
rep1,1.1139,1009,0
rep1,1.1139,1010,0
rep1,1.1139,1011,0
rep1,1.1139,1012,0
rep1,1.1139,1013,0
rep1,1.114,1014,0
rep1,1.114,1015,0
rep1,1.1141,1016,0
rep1,1.1141,1017,0
rep1,1.1142,1018,0
rep1,1.1143,1019,0
rep1,1.1144,1020,0
rep1,1.1144,1021,0
rep1,1.1145,1022,0
rep1,1.1146,1023,0
rep1,1.1146,1024,0
rep1,1.1146,1025,0
rep1,1.1146,1026,0
rep1,1.1147,1027,0
rep1,1.1147,1028,0
rep1,1.1147,1029,0
rep1,1.1148,1030,0
rep1,1.1148,1031,0
rep1,1.1148,1032,0
rep1,1.1149,1033,0
rep1,1.1149,1034,0
rep1,1.1149,1035,0
rep1,1.1149,1036,0
rep1,1.115,1037,0
rep1,1.115,1038,0
rep1,1.115,1039,0
rep1,1.115,1040,0
rep1,1.1151,1041,0
rep1,1.1151,1042,0
rep1,1.1152,1043,0
rep1,1.1152,1044,0
rep1,1.1152,1045,0
rep1,1.1152,1046,0
rep1,1.1153,1047,0
rep1,1.1153,1048,0
rep1,1.1154,1049,0
rep1,1.1155,1050,0
rep1,1.1155,1051,0
rep1,1.1156,1052,0
rep1,1.1156,1053,0
rep1,1.1157,1054,0
rep1,1.1157,1055,0
rep1,1.1157,1056,0
rep1,1.1157,1057,0
rep1,1.1157,1058,0
rep1,1.1158,1059,0
rep1,1.1158,1060,0
rep1,1.1158,1061,0
rep1,1.1158,1062,0
rep1,1.1158,1063,0
rep1,1.1158,1064,0
rep1,1.1159,1065,0
rep1,1.1159,1066,0
rep1,1.116,1067,0
rep1,1.116,1068,0
rep1,1.116,1069,0
rep1,1.116,1070,0
rep1,1.1161,1071,0
rep1,1.1162,1072,0
rep1,1.1162,1073,0
rep1,1.1162,1074,0
rep1,1.1163,1075,0
rep1,1.1163,1076,0
rep1,1.1164,1077,0
rep1,1.1164,1078,0
rep1,1.1164,1079,0
rep1,1.1164,1080,0
rep1,1.1165,1081,0
rep1,1.1165,1082,0
rep1,1.1166,1083,0
rep1,1.1166,1084,0
rep1,1.1167,1085,0
rep1,1.1168,1086,0
rep1,1.1168,1087,0
rep1,1.1169,1088,0
rep1,1.1169,1089,0
rep1,1.1169,1090,0
rep1,1.117,1091,0
rep1,1.117,1092,0
rep1,1.117,1093,0
rep1,1.1171,1094,0
rep1,1.1171,1095,0
rep1,1.1171,1096,0
rep1,1.1171,1097,0
rep1,1.1171,1098,0
rep1,1.1172,1099,0
rep1,1.1172,1100,0
rep1,1.1173,1101,0
rep1,1.1174,1102,0
rep1,1.1174,1103,0
rep1,1.1175,1104,0
rep1,1.1177,1105,0
rep1,1.1177,1106,0
rep1,1.1178,1107,0
rep1,1.1178,1108,0
rep1,1.1178,1109,0
rep1,1.1179,1110,0
rep1,1.1179,1111,0
rep1,1.1179,1112,0
rep1,1.118,1113,0
rep1,1.118,1114,0
rep1,1.118,1115,0
rep1,1.118,1116,0
rep1,1.118,1117,0
rep1,1.1181,1118,0
rep1,1.1182,1119,0
rep1,1.1183,1120,0
rep1,1.1183,1121,0
rep1,1.1184,1122,0
rep1,1.1184,1123,0
rep1,1.1184,1124,0
rep1,1.1185,1125,0
rep1,1.1185,1126,0
rep1,1.1185,1127,0
rep1,1.1187,1128,0
rep1,1.1187,1129,0
rep1,1.1188,1130,0
rep1,1.1188,1131,0
rep1,1.1189,1132,0
rep1,1.1189,1133,0
rep1,1.1189,1134,0
rep1,1.1191,1135,0
rep1,1.1191,1136,0
rep1,1.1191,1137,0
rep1,1.1192,1138,0
rep1,1.1192,1139,0
rep1,1.1192,1140,0
rep1,1.1193,1141,0
rep1,1.1193,1142,0
rep1,1.1194,1143,0
rep1,1.1195,1144,0
rep1,1.1195,1145,0
rep1,1.1196,1146,0
rep1,1.1196,1147,0
rep1,1.1196,1148,0
rep1,1.1198,1149,0
rep1,1.1199,1150,0
rep1,1.12,1151,0
rep1,1.12,1152,0
rep1,1.12,1153,0
rep1,1.1201,1154,0
rep1,1.1201,1155,0
rep1,1.1201,1156,0
rep1,1.1202,1157,0
rep1,1.1202,1158,0
rep1,1.1202,1159,0
rep1,1.1202,1160,0
rep1,1.1203,1161,0
rep1,1.1203,1162,0
rep1,1.1203,1163,0
rep1,1.1204,1164,0
rep1,1.1205,1165,0
rep1,1.1206,1166,0
rep1,1.1206,1167,0
rep1,1.1206,1168,0
rep1,1.1207,1169,0
rep1,1.1207,1170,0
rep1,1.1207,1171,0
rep1,1.1207,1172,0
rep1,1.1208,1173,0
rep1,1.1209,1174,0
rep1,1.1209,1175,0
rep1,1.1209,1176,0
rep1,1.1209,1177,0
rep1,1.121,1178,0
rep1,1.121,1179,0
rep1,1.121,1180,0
rep1,1.1211,1181,0
rep1,1.1211,1182,0
rep1,1.1211,1183,0
rep1,1.1212,1184,0
rep1,1.1212,1185,0
rep1,1.1213,1186,0
rep1,1.1213,1187,0
rep1,1.1213,1188,0
rep1,1.1214,1189,0
rep1,1.1215,1190,0
rep1,1.1216,1191,0
rep1,1.1218,1192,0
rep1,1.1218,1193,0
rep1,1.1218,1194,0
rep1,1.1219,1195,0
rep1,1.1219,1196,0
rep1,1.1219,1197,0
rep1,1.1221,1198,0
rep1,1.1221,1199,0
rep1,1.1221,1200,0
rep1,1.1222,1201,0
rep1,1.1222,1202,0
rep1,1.1222,1203,0
rep1,1.1223,1204,0
rep1,1.1223,1205,0
rep1,1.1223,1206,0
rep1,1.1224,1207,0
rep1,1.1224,1208,0
rep1,1.1225,1209,0
rep1,1.1225,1210,0
rep1,1.1226,1211,0
rep1,1.1226,1212,0
rep1,1.1227,1213,0
rep1,1.1227,1214,0
rep1,1.1228,1215,0
rep1,1.1228,1216,0
rep1,1.1228,1217,0
rep1,1.1228,1218,0
rep1,1.1228,1219,0
rep1,1.1229,1220,0
rep1,1.1229,1221,0
rep1,1.1229,1222,0
rep1,1.1229,1223,0
rep1,1.123,1224,0
rep1,1.1231,1225,0
rep1,1.1231,1226,0
rep1,1.1231,1227,0
rep1,1.1232,1228,0
rep1,1.1233,1229,0
rep1,1.1234,1230,0
rep1,1.1234,1231,0
rep1,1.1234,1232,0
rep1,1.1235,1233,0
rep1,1.1235,1234,0
rep1,1.1238,1235,0
rep1,1.1238,1236,0
rep1,1.1238,1237,0
rep1,1.1238,1238,0
rep1,1.1239,1239,0
rep1,1.124,1240,0
rep1,1.124,1241,0
rep1,1.1241,1242,0
rep1,1.1242,1243,0
rep1,1.1242,1244,0
rep1,1.1242,1245,0
rep1,1.1243,1246,0
rep1,1.1243,1247,0
rep1,1.1243,1248,0
rep1,1.1243,1249,0
rep1,1.1243,1250,0
rep1,1.1245,1251,0
rep1,1.1245,1252,0
rep1,1.1245,1253,0
rep1,1.1247,1254,0
rep1,1.1247,1255,0
rep1,1.1248,1256,0
rep1,1.1249,1257,0
rep1,1.125,1258,0
rep1,1.125,1259,0
rep1,1.1251,1260,0
rep1,1.1251,1261,0
rep1,1.1252,1262,0
rep1,1.1253,1263,0
rep1,1.1253,1264,0
rep1,1.1253,1265,0
rep1,1.1254,1266,0
rep1,1.1254,1267,0
rep1,1.1255,1268,0
rep1,1.1256,1269,0
rep1,1.1257,1270,0
rep1,1.1257,1271,0
rep1,1.1257,1272,0
rep1,1.1258,1273,0
rep1,1.1258,1274,0
rep1,1.1262,1275,0
rep1,1.1262,1276,0
rep1,1.1263,1277,0
rep1,1.1263,1278,0
rep1,1.1263,1279,0
rep1,1.1264,1280,0
rep1,1.1264,1281,0
rep1,1.1264,1282,0
rep1,1.1265,1283,0
rep1,1.1266,1284,0
rep1,1.1266,1285,0
rep1,1.1267,1286,0
rep1,1.1267,1287,0
rep1,1.1268,1288,0
rep1,1.1268,1289,0
rep1,1.1268,1290,0
rep1,1.1269,1291,0
rep1,1.1269,1292,0
rep1,1.127,1293,0
rep1,1.1271,1294,0
rep1,1.1271,1295,0
rep1,1.1271,1296,0
rep1,1.1272,1297,0
rep1,1.1272,1298,0
rep1,1.1272,1299,0
rep1,1.1273,1300,0
rep1,1.1273,1301,0
rep1,1.1273,1302,0
rep1,1.1274,1303,0
rep1,1.1276,1304,0
rep1,1.1276,1305,0
rep1,1.1279,1306,0
rep1,1.128,1307,0
rep1,1.1281,1308,0
rep1,1.1282,1309,0
rep1,1.1282,1310,0
rep1,1.1283,1311,0
rep1,1.1283,1312,0
rep1,1.1283,1313,0
rep1,1.1284,1314,0
rep1,1.1285,1315,0
rep1,1.1285,1316,0
rep1,1.1285,1317,0
rep1,1.1286,1318,0
rep1,1.1287,1319,0
rep1,1.1288,1320,0
rep1,1.1288,1321,0
rep1,1.1289,1322,0
rep1,1.1289,1323,0
rep1,1.1289,1324,0
rep1,1.1292,1325,0
rep1,1.1293,1326,0
rep1,1.1293,1327,0
rep1,1.1295,1328,0
rep1,1.1295,1329,0
rep1,1.1295,1330,0
rep1,1.1296,1331,0
rep1,1.1297,1332,0
rep1,1.1298,1333,0
rep1,1.1299,1334,0
rep1,1.1299,1335,0
rep1,1.1299,1336,0
rep1,1.1299,1337,0
rep1,1.1299,1338,0
rep1,1.13,1339,0
rep1,1.1303,1340,0
rep1,1.1305,1341,0
rep1,1.1306,1342,0
rep1,1.1306,1343,0
rep1,1.1307,1344,0
rep1,1.1309,1345,0
rep1,1.1309,1346,0
rep1,1.1309,1347,0
rep1,1.1313,1348,0
rep1,1.1313,1349,0
rep1,1.1314,1350,0
rep1,1.1314,1351,0
rep1,1.1314,1352,0
rep1,1.1315,1353,0
rep1,1.1315,1354,0
rep1,1.1316,1355,0
rep1,1.1316,1356,0
rep1,1.1317,1357,0
rep1,1.1317,1358,0
rep1,1.1318,1359,0
rep1,1.1318,1360,0
rep1,1.1318,1361,0
rep1,1.1318,1362,0
rep1,1.1319,1363,0
rep1,1.1319,1364,0
rep1,1.132,1365,0
rep1,1.132,1366,0
rep1,1.1321,1367,0
rep1,1.1322,1368,0
rep1,1.1323,1369,0
rep1,1.1323,1370,0
rep1,1.1323,1371,0
rep1,1.1326,1372,0
rep1,1.1327,1373,0
rep1,1.1328,1374,0
rep1,1.1328,1375,0
rep1,1.1328,1376,0
rep1,1.1329,1377,0
rep1,1.133,1378,0
rep1,1.133,1379,0
rep1,1.133,1380,0
rep1,1.133,1381,0
rep1,1.1331,1382,0
rep1,1.1331,1383,0
rep1,1.1333,1384,0
rep1,1.1334,1385,0
rep1,1.1334,1386,0
rep1,1.1334,1387,0
rep1,1.1335,1388,0
rep1,1.1335,1389,0
rep1,1.1335,1390,0
rep1,1.1336,1391,0
rep1,1.1336,1392,0
rep1,1.1339,1393,0
rep1,1.134,1394,0
rep1,1.1341,1395,0
rep1,1.1342,1396,0
rep1,1.1343,1397,0
rep1,1.1346,1398,0
rep1,1.1346,1399,0
rep1,1.1347,1400,0
rep1,1.1348,1401,0
rep1,1.135,1402,0
rep1,1.1353,1403,0
rep1,1.1356,1404,0
rep1,1.1357,1405,0
rep1,1.1357,1406,0
rep1,1.1358,1407,0
rep1,1.1358,1408,0
rep1,1.1358,1409,0
rep1,1.1358,1410,0
rep1,1.1359,1411,0
rep1,1.1359,1412,0
rep1,1.1359,1413,0
rep1,1.136,1414,0
rep1,1.1361,1415,0
rep1,1.1364,1416,0
rep1,1.1364,1417,0
rep1,1.1367,1418,0
rep1,1.1368,1419,0
rep1,1.1368,1420,0
rep1,1.1368,1421,0
rep1,1.137,1422,0
rep1,1.1372,1423,0
rep1,1.1374,1424,0
rep1,1.1374,1425,0
rep1,1.1374,1426,0
rep1,1.1374,1427,0
rep1,1.1374,1428,0
rep1,1.1375,1429,0
rep1,1.1375,1430,0
rep1,1.1376,1431,0
rep1,1.1377,1432,0
rep1,1.1378,1433,0
rep1,1.1378,1434,0
rep1,1.138,1435,0
rep1,1.1381,1436,0
rep1,1.1381,1437,0
rep1,1.1383,1438,0
rep1,1.1384,1439,0
rep1,1.1384,1440,0
rep1,1.1385,1441,0
rep1,1.1386,1442,0
rep1,1.1386,1443,0
rep1,1.1387,1444,0
rep1,1.1388,1445,0
rep1,1.1388,1446,0
rep1,1.1389,1447,0
rep1,1.1395,1448,0
rep1,1.1396,1449,0
rep1,1.1396,1450,0
rep1,1.1397,1451,0
rep1,1.1401,1452,0
rep1,1.1403,1453,0
rep1,1.1405,1454,0
rep1,1.1406,1455,0
rep1,1.1408,1456,0
rep1,1.141,1457,0
rep1,1.141,1458,0
rep1,1.1412,1459,0
rep1,1.1414,1460,0
rep1,1.1414,1461,0
rep1,1.1415,1462,0
rep1,1.1415,1463,0
rep1,1.1416,1464,0
rep1,1.1416,1465,0
rep1,1.1419,1466,0
rep1,1.142,1467,0
rep1,1.1421,1468,0
rep1,1.1423,1469,0
rep1,1.1424,1470,0
rep1,1.1425,1471,0
rep1,1.1426,1472,0
rep1,1.1426,1473,0
rep1,1.1427,1474,0
rep1,1.1427,1475,0
rep1,1.1428,1476,0
rep1,1.1429,1477,0
rep1,1.1429,1478,0
rep1,1.143,1479,0
rep1,1.143,1480,0
rep1,1.1432,1481,0
rep1,1.1432,1482,0
rep1,1.1433,1483,0
rep1,1.1433,1484,0
rep1,1.1433,1485,0
rep1,1.1434,1486,0
rep1,1.1434,1487,0
rep1,1.1436,1488,0
rep1,1.1439,1489,0
rep1,1.144,1490,0
rep1,1.1441,1491,0
rep1,1.1442,1492,0
rep1,1.1443,1493,0
rep1,1.145,1494,0
rep1,1.1453,1495,0
rep1,1.1454,1496,0
rep1,1.1454,1497,0
rep1,1.1454,1498,0
rep1,1.1455,1499,0
rep1,1.1455,1500,0
rep1,1.1459,1501,0
rep1,1.146,1502,0
rep1,1.146,1503,0
rep1,1.1462,1504,0
rep1,1.1463,1505,0
rep1,1.1465,1506,0
rep1,1.1465,1507,0
rep1,1.1468,1508,0
rep1,1.1469,1509,0
rep1,1.147,1510,0
rep1,1.147,1511,0
rep1,1.147,1512,0
rep1,1.147,1513,0
rep1,1.1471,1514,0
rep1,1.1471,1515,0
rep1,1.1471,1516,0
rep1,1.1471,1517,0
rep1,1.1472,1518,0
rep1,1.1472,1519,0
rep1,1.1474,1520,0
rep1,1.1475,1521,0
rep1,1.1475,1522,0
rep1,1.1475,1523,0
rep1,1.1475,1524,0
rep1,1.1475,1525,0
rep1,1.1475,1526,0
rep1,1.1476,1527,0
rep1,1.1477,1528,0
rep1,1.1477,1529,0
rep1,1.1478,1530,0
rep1,1.1478,1531,0
rep1,1.1478,1532,0
rep1,1.1479,1533,0
rep1,1.1479,1534,0
rep1,1.1479,1535,0
rep1,1.1479,1536,0
rep1,1.1481,1537,0
rep1,1.1482,1538,0
rep1,1.1482,1539,0
rep1,1.1483,1540,0
rep1,1.1484,1541,0
rep1,1.1484,1542,0
rep1,1.1484,1543,0
rep1,1.1484,1544,0
rep1,1.1485,1545,0
rep1,1.1485,1546,0
rep1,1.1486,1547,0
rep1,1.1487,1548,0
rep1,1.1487,1549,0
rep1,1.1487,1550,0
rep1,1.1488,1551,0
rep1,1.1488,1552,0
rep1,1.1488,1553,0
rep1,1.1488,1554,0
rep1,1.1488,1555,0
rep1,1.1489,1556,0
rep1,1.1489,1557,0
rep1,1.149,1558,0
rep1,1.149,1559,0
rep1,1.1491,1560,0
rep1,1.1491,1561,0
rep1,1.1491,1562,0
rep1,1.1492,1563,0
rep1,1.1493,1564,0
rep1,1.1494,1565,0
rep1,1.1494,1566,0
rep1,1.1494,1567,0
rep1,1.1494,1568,0
rep1,1.1496,1569,0
rep1,1.1496,1570,0
rep1,1.1497,1571,0
rep1,1.1497,1572,0
rep1,1.1497,1573,0
rep1,1.1498,1574,0
rep1,1.1499,1575,0
rep1,1.1499,1576,0
rep1,1.1499,1577,0
rep1,1.1499,1578,0
rep1,1.15,1579,0
rep1,1.15,1580,0
rep1,1.1501,1581,0
rep1,1.1501,1582,0
rep1,1.1502,1583,0
rep1,1.1502,1584,0
rep1,1.1502,1585,0
rep1,1.1503,1586,0
rep1,1.1503,1587,0
rep1,1.1504,1588,0
rep1,1.1504,1589,0
rep1,1.1504,1590,0
rep1,1.1505,1591,0
rep1,1.1507,1592,0
rep1,1.1508,1593,0
rep1,1.1508,1594,0
rep1,1.1509,1595,0
rep1,1.151,1596,0
rep1,1.151,1597,0
rep1,1.151,1598,0
rep1,1.1513,1599,0
rep1,1.1514,1600,0
rep1,1.1515,1601,0
rep1,1.1515,1602,0
rep1,1.1515,1603,0
rep1,1.1516,1604,0
rep1,1.1516,1605,0
rep1,1.1516,1606,0
rep1,1.1517,1607,0
rep1,1.1518,1608,0
rep1,1.1518,1609,0
rep1,1.1519,1610,0
rep1,1.152,1611,0
rep1,1.152,1612,0
rep1,1.152,1613,0
rep1,1.152,1614,0
rep1,1.1521,1615,0
rep1,1.1521,1616,0
rep1,1.1521,1617,0
rep1,1.1522,1618,0
rep1,1.1522,1619,0
rep1,1.1523,1620,0
rep1,1.1523,1621,0
rep1,1.1524,1622,0
rep1,1.1524,1623,0
rep1,1.1525,1624,0
rep1,1.1526,1625,0
rep1,1.1526,1626,0
rep1,1.1526,1627,0
rep1,1.1526,1628,0
rep1,1.1527,1629,0
rep1,1.1527,1630,0
rep1,1.1527,1631,0
rep1,1.1528,1632,0
rep1,1.1528,1633,0
rep1,1.1528,1634,0
rep1,1.1529,1635,0
rep1,1.153,1636,0
rep1,1.153,1637,0
rep1,1.1531,1638,0
rep1,1.1531,1639,0
rep1,1.1531,1640,0
rep1,1.1532,1641,0
rep1,1.1532,1642,0
rep1,1.1532,1643,0
rep1,1.1532,1644,0
rep1,1.1533,1645,0
rep1,1.1534,1646,0
rep1,1.1534,1647,0
rep1,1.1535,1648,0
rep1,1.1535,1649,0
rep1,1.1535,1650,0
rep1,1.1537,1651,0
rep1,1.1537,1652,0
rep1,1.1538,1653,0
rep1,1.1539,1654,0
rep1,1.1539,1655,0
rep1,1.1541,1656,0
rep1,1.1541,1657,0
rep1,1.1541,1658,0
rep1,1.1542,1659,0
rep1,1.1543,1660,0
rep1,1.1543,1661,0
rep1,1.1544,1662,0
rep1,1.1544,1663,0
rep1,1.1546,1664,0
rep1,1.1547,1665,0
rep1,1.1547,1666,0
rep1,1.1547,1667,0
rep1,1.1548,1668,0
rep1,1.1548,1669,0
rep1,1.1548,1670,0
rep1,1.1549,1671,0
rep1,1.1549,1672,0
rep1,1.1549,1673,0
rep1,1.1551,1674,0
rep1,1.1553,1675,0
rep1,1.1553,1676,0
rep1,1.1553,1677,0
rep1,1.1553,1678,0
rep1,1.1554,1679,0
rep1,1.1554,1680,0
rep1,1.1555,1681,0
rep1,1.1555,1682,0
rep1,1.1556,1683,0
rep1,1.1556,1684,0
rep1,1.1556,1685,0
rep1,1.1556,1686,0
rep1,1.1557,1687,0
rep1,1.1557,1688,0
rep1,1.1557,1689,0
rep1,1.1559,1690,0
rep1,1.1559,1691,0
rep1,1.156,1692,0
rep1,1.156,1693,0
rep1,1.1561,1694,0
rep1,1.1561,1695,0
rep1,1.1561,1696,0
rep1,1.1562,1697,0
rep1,1.1564,1698,0
rep1,1.1564,1699,0
rep1,1.1565,1700,0
rep1,1.1565,1701,0
rep1,1.1565,1702,0
rep1,1.1566,1703,0
rep1,1.1566,1704,0
rep1,1.1566,1705,0
rep1,1.1566,1706,0
rep1,1.1568,1707,0
rep1,1.1568,1708,0
rep1,1.1569,1709,0
rep1,1.1569,1710,0
rep1,1.1569,1711,0
rep1,1.157,1712,0
rep1,1.157,1713,0
rep1,1.1572,1714,0
rep1,1.1572,1715,0
rep1,1.1573,1716,0
rep1,1.1573,1717,0
rep1,1.1574,1718,0
rep1,1.1574,1719,0
rep1,1.1575,1720,0
rep1,1.1575,1721,0
rep1,1.1576,1722,0
rep1,1.1577,1723,0
rep1,1.1579,1724,0
rep1,1.1579,1725,0
rep1,1.1579,1726,0
rep1,1.1581,1727,0
rep1,1.1582,1728,0
rep1,1.1583,1729,0
rep1,1.1583,1730,0
rep1,1.1586,1731,0
rep1,1.1586,1732,0
rep1,1.1587,1733,0
rep1,1.1587,1734,0
rep1,1.1588,1735,0
rep1,1.1589,1736,0
rep1,1.1589,1737,0
rep1,1.159,1738,0
rep1,1.1591,1739,0
rep1,1.1591,1740,0
rep1,1.1592,1741,0
rep1,1.1592,1742,0
rep1,1.1593,1743,0
rep1,1.1594,1744,0
rep1,1.1594,1745,0
rep1,1.1595,1746,0
rep1,1.1596,1747,0
rep1,1.1596,1748,0
rep1,1.1596,1749,0
rep1,1.1596,1750,0
rep1,1.1596,1751,0
rep1,1.1596,1752,0
rep1,1.1597,1753,0
rep1,1.1597,1754,0
rep1,1.1598,1755,0
rep1,1.1599,1756,0
rep1,1.1599,1757,0
rep1,1.16,1758,0
rep1,1.16,1759,0
rep1,1.1601,1760,0
rep1,1.1601,1761,0
rep1,1.1602,1762,0
rep1,1.1602,1763,0
rep1,1.1603,1764,0
rep1,1.1603,1765,0
rep1,1.1603,1766,0
rep1,1.1603,1767,0
rep1,1.1604,1768,0
rep1,1.1604,1769,0
rep1,1.1605,1770,0
rep1,1.1605,1771,0
rep1,1.1606,1772,0
rep1,1.1606,1773,0
rep1,1.1607,1774,0
rep1,1.1608,1775,0
rep1,1.1608,1776,0
rep1,1.161,1777,0
rep1,1.1611,1778,0
rep1,1.1611,1779,0
rep1,1.1611,1780,0
rep1,1.1611,1781,0
rep1,1.1612,1782,0
rep1,1.1612,1783,0
rep1,1.1612,1784,0
rep1,1.1613,1785,0
rep1,1.1614,1786,0
rep1,1.1616,1787,0
rep1,1.1617,1788,0
rep1,1.1618,1789,0
rep1,1.162,1790,0
rep1,1.162,1791,0
rep1,1.162,1792,0
rep1,1.162,1793,0
rep1,1.1621,1794,0
rep1,1.1622,1795,0
rep1,1.1622,1796,0
rep1,1.1623,1797,0
rep1,1.1623,1798,0
rep1,1.1624,1799,0
rep1,1.1624,1800,0
rep1,1.1624,1801,0
rep1,1.1625,1802,0
rep1,1.1625,1803,0
rep1,1.1625,1804,0
rep1,1.1625,1805,0
rep1,1.1626,1806,0
rep1,1.1628,1807,0
rep1,1.1628,1808,0
rep1,1.1628,1809,0
rep1,1.1629,1810,0
rep1,1.163,1811,0
rep1,1.163,1812,0
rep1,1.163,1813,0
rep1,1.163,1814,0
rep1,1.163,1815,0
rep1,1.1633,1816,0
rep1,1.1633,1817,0
rep1,1.1633,1818,0
rep1,1.1634,1819,0
rep1,1.1635,1820,0
rep1,1.1635,1821,0
rep1,1.1635,1822,0
rep1,1.1635,1823,0
rep1,1.1637,1824,0
rep1,1.1637,1825,0
rep1,1.1639,1826,0
rep1,1.164,1827,0
rep1,1.164,1828,0
rep1,1.1641,1829,0
rep1,1.1641,1830,0
rep1,1.1642,1831,0
rep1,1.1644,1832,0
rep1,1.1644,1833,0
rep1,1.1645,1834,0
rep1,1.1647,1835,0
rep1,1.1647,1836,0
rep1,1.1648,1837,0
rep1,1.1648,1838,0
rep1,1.1648,1839,0
rep1,1.1649,1840,0
rep1,1.165,1841,0
rep1,1.165,1842,0
rep1,1.1651,1843,0
rep1,1.1651,1844,0
rep1,1.1652,1845,0
rep1,1.1652,1846,0
rep1,1.1653,1847,0
rep1,1.1653,1848,0
rep1,1.1653,1849,0
rep1,1.1654,1850,0
rep1,1.1654,1851,0
rep1,1.1655,1852,0
rep1,1.1655,1853,0
rep1,1.1655,1854,0
rep1,1.1655,1855,0
rep1,1.1656,1856,0
rep1,1.1656,1857,0
rep1,1.1657,1858,0
rep1,1.1657,1859,0
rep1,1.1657,1860,0
rep1,1.1658,1861,0
rep1,1.1658,1862,0
rep1,1.1659,1863,0
rep1,1.1659,1864,0
rep1,1.1659,1865,0
rep1,1.166,1866,0
rep1,1.1661,1867,0
rep1,1.1662,1868,0
rep1,1.1662,1869,0
rep1,1.1662,1870,0
rep1,1.1663,1871,0
rep1,1.1663,1872,0
rep1,1.1664,1873,0
rep1,1.1665,1874,0
rep1,1.1665,1875,0
rep1,1.1666,1876,0
rep1,1.1667,1877,0
rep1,1.167,1878,0
rep1,1.1671,1879,0
rep1,1.1671,1880,0
rep1,1.1671,1881,0
rep1,1.1672,1882,0
rep1,1.1674,1883,0
rep1,1.1676,1884,0
rep1,1.1676,1885,0
rep1,1.1678,1886,0
rep1,1.1678,1887,0
rep1,1.1679,1888,0
rep1,1.1679,1889,0
rep1,1.168,1890,0
rep1,1.1681,1891,0
rep1,1.1681,1892,0
rep1,1.1681,1893,0
rep1,1.1681,1894,0
rep1,1.1682,1895,0
rep1,1.1682,1896,0
rep1,1.1682,1897,0
rep1,1.1682,1898,0
rep1,1.1682,1899,0
rep1,1.1683,1900,0
rep1,1.1683,1901,0
rep1,1.1683,1902,0
rep1,1.1683,1903,0
rep1,1.1684,1904,0
rep1,1.1684,1905,0
rep1,1.1684,1906,0
rep1,1.1685,1907,0
rep1,1.1685,1908,0
rep1,1.1686,1909,0
rep1,1.1686,1910,0
rep1,1.1687,1911,0
rep1,1.1688,1912,0
rep1,1.1688,1913,0
rep1,1.1688,1914,0
rep1,1.1688,1915,0
rep1,1.1689,1916,0
rep1,1.1689,1917,0
rep1,1.1689,1918,0
rep1,1.169,1919,0
rep1,1.1693,1920,0
rep1,1.1693,1921,0
rep1,1.1693,1922,0
rep1,1.1694,1923,0
rep1,1.1694,1924,0
rep1,1.1696,1925,0
rep1,1.1696,1926,0
rep1,1.1697,1927,0
rep1,1.1698,1928,0
rep1,1.1698,1929,0
rep1,1.1698,1930,0
rep1,1.17,1931,0
rep1,1.1702,1932,0
rep1,1.1704,1933,0
rep1,1.1706,1934,0
rep1,1.1706,1935,0
rep1,1.1706,1936,0
rep1,1.171,1937,0
rep1,1.1713,1938,0
rep1,1.1713,1939,0
rep1,1.1714,1940,0
rep1,1.1715,1941,0
rep1,1.1716,1942,0
rep1,1.1717,1943,0
rep1,1.1718,1944,0
rep1,1.1719,1945,0
rep1,1.172,1946,0
rep1,1.1723,1947,0
rep1,1.1723,1948,0
rep1,1.1723,1949,0
rep1,1.1724,1950,0
rep1,1.1725,1951,0
rep1,1.1726,1952,0
rep1,1.1726,1953,0
rep1,1.1727,1954,0
rep1,1.1727,1955,0
rep1,1.1728,1956,0
rep1,1.1729,1957,0
rep1,1.1729,1958,0
rep1,1.173,1959,0
rep1,1.1731,1960,0
rep1,1.1731,1961,0
rep1,1.1731,1962,0
rep1,1.1733,1963,0
rep1,1.1733,1964,0
rep1,1.1734,1965,0
rep1,1.1736,1966,0
rep1,1.1736,1967,0
rep1,1.1737,1968,0
rep1,1.1737,1969,0
rep1,1.1739,1970,0
rep1,1.1739,1971,0
rep1,1.174,1972,0
rep1,1.1742,1973,0
rep1,1.1742,1974,0
rep1,1.1742,1975,0
rep1,1.1743,1976,0
rep1,1.1743,1977,0
rep1,1.1744,1978,0
rep1,1.1745,1979,0
rep1,1.1747,1980,0
rep1,1.1748,1981,0
rep1,1.1748,1982,0
rep1,1.1748,1983,0
rep1,1.1748,1984,0
rep1,1.1749,1985,0
rep1,1.1749,1986,0
rep1,1.1749,1987,0
rep1,1.1749,1988,0
rep1,1.1749,1989,0
rep1,1.175,1990,0
rep1,1.1751,1991,0
rep1,1.1752,1992,0
rep1,1.1753,1993,0
rep1,1.1754,1994,0
rep1,1.1755,1995,0
rep1,1.1756,1996,0
rep1,1.1756,1997,0
rep1,1.1757,1998,0
rep1,1.1757,1999,0
rep1,1.1758,2000,0
rep1,1.1758,2001,0
rep1,1.1761,2002,0
rep1,1.1762,2003,0
rep1,1.1762,2004,0
rep1,1.1763,2005,0
rep1,1.1764,2006,0
rep1,1.1765,2007,0
rep1,1.1766,2008,0
rep1,1.1766,2009,0
rep1,1.1767,2010,0
rep1,1.1768,2011,0
rep1,1.1768,2012,0
rep1,1.1769,2013,0
rep1,1.177,2014,0
rep1,1.177,2015,0
rep1,1.1771,2016,0
rep1,1.1772,2017,0
rep1,1.1772,2018,0
rep1,1.1772,2019,0
rep1,1.1772,2020,0
rep1,1.1775,2021,0
rep1,1.1776,2022,0
rep1,1.1777,2023,0
rep1,1.1779,2024,0
rep1,1.178,2025,0
rep1,1.1781,2026,0
rep1,1.1782,2027,0
rep1,1.1783,2028,0
rep1,1.1783,2029,0
rep1,1.1783,2030,0
rep1,1.1784,2031,0
rep1,1.1784,2032,0
rep1,1.1785,2033,0
rep1,1.1786,2034,0
rep1,1.1787,2035,0
rep1,1.1788,2036,0
rep1,1.1789,2037,0
rep1,1.1789,2038,0
rep1,1.179,2039,0
rep1,1.179,2040,0
rep1,1.179,2041,0
rep1,1.1791,2042,0
rep1,1.1792,2043,0
rep1,1.1792,2044,0
rep1,1.1792,2045,0
rep1,1.1792,2046,0
rep1,1.1794,2047,0
rep1,1.1796,2048,0
rep1,1.1797,2049,0
rep1,1.1798,2050,0
rep1,1.1799,2051,0
rep1,1.1799,2052,0
rep1,1.18,2053,0
rep1,1.1801,2054,0
rep1,1.1801,2055,0
rep1,1.1802,2056,0
rep1,1.1804,2057,0
rep1,1.1804,2058,0
rep1,1.1806,2059,0
rep1,1.1806,2060,0
rep1,1.1807,2061,0
rep1,1.1808,2062,0
rep1,1.1809,2063,0
rep1,1.181,2064,0
rep1,1.181,2065,0
rep1,1.181,2066,0
rep1,1.181,2067,0
rep1,1.181,2068,0
rep1,1.1811,2069,0
rep1,1.1811,2070,0
rep1,1.1812,2071,0
rep1,1.1814,2072,0
rep1,1.1814,2073,0
rep1,1.1816,2074,0
rep1,1.1817,2075,0
rep1,1.1817,2076,0
rep1,1.1818,2077,0
rep1,1.1818,2078,0
rep1,1.1819,2079,0
rep1,1.182,2080,0
rep1,1.182,2081,0
rep1,1.182,2082,0
rep1,1.1822,2083,0
rep1,1.1822,2084,0
rep1,1.1822,2085,0
rep1,1.1823,2086,0
rep1,1.1823,2087,0
rep1,1.1823,2088,0
rep1,1.1825,2089,0
rep1,1.1826,2090,0
rep1,1.1826,2091,0
rep1,1.1826,2092,0
rep1,1.1827,2093,0
rep1,1.1827,2094,0
rep1,1.1828,2095,0
rep1,1.1828,2096,0
rep1,1.183,2097,0
rep1,1.183,2098,0
rep1,1.183,2099,0
rep1,1.1831,2100,0
rep1,1.1833,2101,0
rep1,1.1836,2102,0
rep1,1.1836,2103,0
rep1,1.1837,2104,0
rep1,1.1838,2105,0
rep1,1.1838,2106,0
rep1,1.1839,2107,0
rep1,1.1839,2108,0
rep1,1.184,2109,0
rep1,1.184,2110,0
rep1,1.1842,2111,0
rep1,1.1842,2112,0
rep1,1.1843,2113,0
rep1,1.1843,2114,0
rep1,1.1845,2115,0
rep1,1.1845,2116,0
rep1,1.1846,2117,0
rep1,1.1846,2118,0
rep1,1.1847,2119,0
rep1,1.1848,2120,0
rep1,1.1848,2121,0
rep1,1.1848,2122,0
rep1,1.1849,2123,0
rep1,1.1849,2124,0
rep1,1.1849,2125,0
rep1,1.1849,2126,0
rep1,1.1849,2127,0
rep1,1.185,2128,0
rep1,1.185,2129,0
rep1,1.185,2130,0
rep1,1.185,2131,0
rep1,1.185,2132,0
rep1,1.1853,2133,0
rep1,1.1853,2134,0
rep1,1.1853,2135,0
rep1,1.1854,2136,0
rep1,1.1855,2137,0
rep1,1.1855,2138,0
rep1,1.1856,2139,0
rep1,1.1856,2140,0
rep1,1.1856,2141,0
rep1,1.1856,2142,0
rep1,1.1857,2143,0
rep1,1.1857,2144,0
rep1,1.1858,2145,0
rep1,1.1858,2146,0
rep1,1.1859,2147,0
rep1,1.1859,2148,0
rep1,1.1859,2149,0
rep1,1.1859,2150,0
rep1,1.186,2151,0
rep1,1.1861,2152,0
rep1,1.1861,2153,0
rep1,1.1862,2154,0
rep1,1.1862,2155,0
rep1,1.1863,2156,0
rep1,1.1865,2157,0
rep1,1.1866,2158,0
rep1,1.1866,2159,0
rep1,1.1867,2160,0
rep1,1.1867,2161,0
rep1,1.1868,2162,0
rep1,1.1869,2163,0
rep1,1.187,2164,0
rep1,1.1871,2165,0
rep1,1.1872,2166,0
rep1,1.1872,2167,0
rep1,1.1873,2168,0
rep1,1.1874,2169,0
rep1,1.1874,2170,0
rep1,1.1874,2171,0
rep1,1.1874,2172,0
rep1,1.1875,2173,0
rep1,1.1875,2174,0
rep1,1.1876,2175,0
rep1,1.1877,2176,0
rep1,1.1878,2177,0
rep1,1.1878,2178,0
rep1,1.1878,2179,0
rep1,1.1879,2180,0
rep1,1.188,2181,0
rep1,1.188,2182,0
rep1,1.1881,2183,0
rep1,1.1882,2184,0
rep1,1.1882,2185,0
rep1,1.1882,2186,0
rep1,1.1882,2187,0
rep1,1.1883,2188,0
rep1,1.1883,2189,0
rep1,1.1884,2190,0
rep1,1.1884,2191,0
rep1,1.1884,2192,0
rep1,1.1885,2193,0
rep1,1.1886,2194,0
rep1,1.1886,2195,0
rep1,1.1886,2196,0
rep1,1.1887,2197,0
rep1,1.1887,2198,0
rep1,1.1888,2199,0
rep1,1.1889,2200,0
rep1,1.1889,2201,0
rep1,1.1889,2202,0
rep1,1.1889,2203,0
rep1,1.189,2204,0
rep1,1.189,2205,0
rep1,1.1891,2206,0
rep1,1.1892,2207,0
rep1,1.1893,2208,0
rep1,1.1893,2209,0
rep1,1.1894,2210,0
rep1,1.1894,2211,0
rep1,1.1896,2212,0
rep1,1.1896,2213,0
rep1,1.1896,2214,0
rep1,1.1897,2215,0
rep1,1.1897,2216,0
rep1,1.1897,2217,0
rep1,1.1898,2218,0
rep1,1.1899,2219,0
rep1,1.19,2220,0
rep1,1.1901,2221,0
rep1,1.1901,2222,0
rep1,1.1902,2223,0
rep1,1.1902,2224,0
rep1,1.1902,2225,0
rep1,1.1903,2226,0
rep1,1.1903,2227,0
rep1,1.1904,2228,0
rep1,1.1904,2229,0
rep1,1.1905,2230,0
rep1,1.1905,2231,0
rep1,1.1907,2232,0
rep1,1.1908,2233,0
rep1,1.1909,2234,0
rep1,1.1909,2235,0
rep1,1.191,2236,0
rep1,1.1911,2237,0
rep1,1.1912,2238,0
rep1,1.1913,2239,0
rep1,1.1913,2240,0
rep1,1.1915,2241,0
rep1,1.1916,2242,0
rep1,1.1916,2243,0
rep1,1.1916,2244,0
rep1,1.1917,2245,0
rep1,1.1917,2246,0
rep1,1.1917,2247,0
rep1,1.1918,2248,0
rep1,1.1918,2249,0
rep1,1.1918,2250,0
rep1,1.1919,2251,0
rep1,1.192,2252,0
rep1,1.1921,2253,0
rep1,1.1921,2254,0
rep1,1.1922,2255,0
rep1,1.1922,2256,0
rep1,1.1923,2257,0
rep1,1.1923,2258,0
rep1,1.1924,2259,0
rep1,1.1925,2260,0
rep1,1.1925,2261,0
rep1,1.1925,2262,0
rep1,1.1927,2263,0
rep1,1.1927,2264,0
rep1,1.1928,2265,0
rep1,1.1928,2266,0
rep1,1.1929,2267,0
rep1,1.1929,2268,0
rep1,1.1929,2269,0
rep1,1.193,2270,0
rep1,1.1931,2271,0
rep1,1.1933,2272,0
rep1,1.1933,2273,0
rep1,1.1933,2274,0
rep1,1.1934,2275,0
rep1,1.1935,2276,0
rep1,1.1935,2277,0
rep1,1.1936,2278,0
rep1,1.1936,2279,0
rep1,1.1937,2280,0
rep1,1.1937,2281,0
rep1,1.1938,2282,0
rep1,1.1939,2283,0
rep1,1.1939,2284,0
rep1,1.194,2285,0
rep1,1.1941,2286,0
rep1,1.1943,2287,0
rep1,1.1943,2288,0
rep1,1.1945,2289,0
rep1,1.1946,2290,0
rep1,1.1946,2291,0
rep1,1.1946,2292,0
rep1,1.1947,2293,0
rep1,1.1947,2294,0
rep1,1.1948,2295,0
rep1,1.1948,2296,0
rep1,1.1948,2297,0
rep1,1.1948,2298,0
rep1,1.1949,2299,0
rep1,1.1949,2300,0
rep1,1.195,2301,0
rep1,1.1951,2302,0
rep1,1.1951,2303,0
rep1,1.1951,2304,0
rep1,1.1953,2305,0
rep1,1.1953,2306,0
rep1,1.1954,2307,0
rep1,1.1955,2308,0
rep1,1.1955,2309,0
rep1,1.1955,2310,0
rep1,1.1956,2311,0
rep1,1.1959,2312,0
rep1,1.196,2313,0
rep1,1.1961,2314,0
rep1,1.1961,2315,0
rep1,1.1961,2316,0
rep1,1.1963,2317,0
rep1,1.1963,2318,0
rep1,1.1964,2319,0
rep1,1.1964,2320,0
rep1,1.1965,2321,0
rep1,1.1965,2322,0
rep1,1.1966,2323,0
rep1,1.1967,2324,0
rep1,1.1967,2325,0
rep1,1.1967,2326,0
rep1,1.1968,2327,0
rep1,1.197,2328,0
rep1,1.1971,2329,0
rep1,1.1972,2330,0
rep1,1.1972,2331,0
rep1,1.1973,2332,0
rep1,1.1974,2333,0
rep1,1.1975,2334,0
rep1,1.1975,2335,0
rep1,1.1975,2336,0
rep1,1.1976,2337,0
rep1,1.1977,2338,0
rep1,1.1978,2339,0
rep1,1.1979,2340,0
rep1,1.1981,2341,0
rep1,1.1981,2342,0
rep1,1.1981,2343,0
rep1,1.1981,2344,0
rep1,1.1981,2345,0
rep1,1.1982,2346,0
rep1,1.1982,2347,0
rep1,1.1983,2348,0
rep1,1.1983,2349,0
rep1,1.1983,2350,0
rep1,1.1983,2351,0
rep1,1.1984,2352,0
rep1,1.1984,2353,0
rep1,1.1984,2354,0
rep1,1.1984,2355,0
rep1,1.1987,2356,0
rep1,1.1987,2357,0
rep1,1.1987,2358,0
rep1,1.1987,2359,0
rep1,1.1987,2360,0
rep1,1.1989,2361,0
rep1,1.1989,2362,0
rep1,1.1989,2363,0
rep1,1.199,2364,0
rep1,1.199,2365,0
rep1,1.1992,2366,0
rep1,1.1992,2367,0
rep1,1.1992,2368,0
rep1,1.1992,2369,0
rep1,1.1993,2370,0
rep1,1.1993,2371,0
rep1,1.1994,2372,0
rep1,1.1995,2373,0
rep1,1.1995,2374,0
rep1,1.1997,2375,0
rep1,1.1998,2376,0
rep1,1.1999,2377,0
rep1,1.1999,2378,0
rep1,1.1999,2379,0
rep1,1.2,2380,0
rep1,1.2,2381,0
rep1,1.2001,2382,0
rep1,1.2001,2383,0
rep1,1.2001,2384,0
rep1,1.2003,2385,0
rep1,1.2003,2386,0
rep1,1.2003,2387,0
rep1,1.2004,2388,0
rep1,1.2004,2389,0
rep1,1.2004,2390,0
rep1,1.2005,2391,0
rep1,1.2005,2392,0
rep1,1.2006,2393,0
rep1,1.2008,2394,0
rep1,1.2009,2395,0
rep1,1.201,2396,0
rep1,1.201,2397,0
rep1,1.2011,2398,0
rep1,1.2012,2399,0
rep1,1.2012,2400,0
rep1,1.2013,2401,0
rep1,1.2013,2402,0
rep1,1.2013,2403,0
rep1,1.2014,2404,0
rep1,1.2014,2405,0
rep1,1.2014,2406,0
rep1,1.2015,2407,0
rep1,1.2016,2408,0
rep1,1.2016,2409,0
rep1,1.2017,2410,0
rep1,1.2017,2411,0
rep1,1.2017,2412,0
rep1,1.2017,2413,0
rep1,1.2018,2414,0
rep1,1.2019,2415,0
rep1,1.2019,2416,0
rep1,1.2019,2417,0
rep1,1.202,2418,0
rep1,1.202,2419,0
rep1,1.2021,2420,0
rep1,1.2021,2421,0
rep1,1.2022,2422,0
rep1,1.2023,2423,0
rep1,1.2025,2424,0
rep1,1.2026,2425,0
rep1,1.2026,2426,0
rep1,1.2026,2427,0
rep1,1.2027,2428,0
rep1,1.2028,2429,0
rep1,1.2029,2430,0
rep1,1.2029,2431,0
rep1,1.2032,2432,0
rep1,1.2033,2433,0
rep1,1.2033,2434,0
rep1,1.2033,2435,0
rep1,1.2034,2436,0
rep1,1.2034,2437,0
rep1,1.2035,2438,0
rep1,1.2036,2439,0
rep1,1.2036,2440,0
rep1,1.2037,2441,0
rep1,1.2037,2442,0
rep1,1.2038,2443,0
rep1,1.2038,2444,0
rep1,1.2038,2445,0
rep1,1.2039,2446,0
rep1,1.204,2447,0
rep1,1.2041,2448,0
rep1,1.2041,2449,0
rep1,1.2041,2450,0
rep1,1.2042,2451,0
rep1,1.2043,2452,0
rep1,1.2044,2453,0
rep1,1.2045,2454,0
rep1,1.2045,2455,0
rep1,1.2046,2456,0
rep1,1.2046,2457,0
rep1,1.2047,2458,0
rep1,1.2048,2459,0
rep1,1.2049,2460,0
rep1,1.2049,2461,0
rep1,1.205,2462,0
rep1,1.205,2463,0
rep1,1.2051,2464,0
rep1,1.2051,2465,0
rep1,1.2053,2466,0
rep1,1.2053,2467,0
rep1,1.2055,2468,0
rep1,1.2056,2469,0
rep1,1.2056,2470,0
rep1,1.2057,2471,0
rep1,1.2058,2472,0
rep1,1.2059,2473,0
rep1,1.2059,2474,0
rep1,1.206,2475,0
rep1,1.2061,2476,0
rep1,1.2061,2477,0
rep1,1.2061,2478,0
rep1,1.2062,2479,0
rep1,1.2062,2480,0
rep1,1.2063,2481,0
rep1,1.2063,2482,0
rep1,1.2065,2483,0
rep1,1.2067,2484,0
rep1,1.2067,2485,0
rep1,1.2068,2486,0
rep1,1.2068,2487,0
rep1,1.2071,2488,0
rep1,1.2071,2489,0
rep1,1.2072,2490,0
rep1,1.2073,2491,0
rep1,1.2074,2492,0
rep1,1.2074,2493,0
rep1,1.2075,2494,0
rep1,1.2075,2495,0
rep1,1.2075,2496,0
rep1,1.2075,2497,0
rep1,1.2075,2498,0
rep1,1.2076,2499,0
rep1,1.2076,2500,0
rep1,1.2076,2501,0
rep1,1.2076,2502,0
rep1,1.2077,2503,0
rep1,1.2077,2504,0
rep1,1.2078,2505,0
rep1,1.2079,2506,0
rep1,1.2079,2507,0
rep1,1.208,2508,0
rep1,1.208,2509,0
rep1,1.208,2510,0
rep1,1.2081,2511,0
rep1,1.2082,2512,0
rep1,1.2083,2513,0
rep1,1.2084,2514,0
rep1,1.2084,2515,0
rep1,1.2085,2516,0
rep1,1.2086,2517,0
rep1,1.2086,2518,0
rep1,1.2087,2519,0
rep1,1.2088,2520,0
rep1,1.2088,2521,0
rep1,1.2089,2522,0
rep1,1.2089,2523,0
rep1,1.209,2524,0
rep1,1.209,2525,0
rep1,1.2091,2526,0
rep1,1.2091,2527,0
rep1,1.2093,2528,0
rep1,1.2094,2529,0
rep1,1.2095,2530,0
rep1,1.2096,2531,0
rep1,1.2096,2532,0
rep1,1.2096,2533,0
rep1,1.2098,2534,0
rep1,1.2098,2535,0
rep1,1.2099,2536,0
rep1,1.2099,2537,0
rep1,1.2099,2538,0
rep1,1.2099,2539,0
rep1,1.2101,2540,0
rep1,1.2101,2541,0
rep1,1.2101,2542,0
rep1,1.2104,2543,0
rep1,1.2104,2544,0
rep1,1.2105,2545,0
rep1,1.2105,2546,0
rep1,1.2106,2547,0
rep1,1.2107,2548,0
rep1,1.2107,2549,0
rep1,1.2108,2550,0
rep1,1.2108,2551,0
rep1,1.2109,2552,0
rep1,1.211,2553,0
rep1,1.211,2554,0
rep1,1.211,2555,0
rep1,1.2111,2556,0
rep1,1.2114,2557,0
rep1,1.2115,2558,0
rep1,1.2118,2559,0
rep1,1.2119,2560,0
rep1,1.212,2561,0
rep1,1.2121,2562,0
rep1,1.2121,2563,0
rep1,1.2122,2564,0
rep1,1.2123,2565,0
rep1,1.2125,2566,0
rep1,1.2125,2567,0
rep1,1.2125,2568,0
rep1,1.2126,2569,0
rep1,1.2126,2570,0
rep1,1.2127,2571,0
rep1,1.2127,2572,0
rep1,1.2128,2573,0
rep1,1.2129,2574,0
rep1,1.2129,2575,0
rep1,1.213,2576,0
rep1,1.213,2577,0
rep1,1.2131,2578,0
rep1,1.2131,2579,0
rep1,1.2132,2580,0
rep1,1.2133,2581,0
rep1,1.2133,2582,0
rep1,1.2136,2583,0
rep1,1.2136,2584,0
rep1,1.2136,2585,0
rep1,1.2138,2586,0
rep1,1.214,2587,0
rep1,1.2141,2588,0
rep1,1.2142,2589,0
rep1,1.2142,2590,0
rep1,1.2142,2591,0
rep1,1.2142,2592,0
rep1,1.2142,2593,0
rep1,1.2143,2594,0
rep1,1.2144,2595,0
rep1,1.2144,2596,0
rep1,1.2146,2597,0
rep1,1.2146,2598,0
rep1,1.2146,2599,0
rep1,1.2146,2600,0
rep1,1.2147,2601,0
rep1,1.2149,2602,0
rep1,1.2149,2603,0
rep1,1.2153,2604,0
rep1,1.2153,2605,0
rep1,1.2154,2606,0
rep1,1.2154,2607,0
rep1,1.2155,2608,0
rep1,1.2156,2609,0
rep1,1.2156,2610,0
rep1,1.2157,2611,0
rep1,1.2157,2612,0
rep1,1.2157,2613,0
rep1,1.2157,2614,0
rep1,1.2157,2615,0
rep1,1.2159,2616,0
rep1,1.2159,2617,0
rep1,1.2161,2618,0
rep1,1.2161,2619,0
rep1,1.2161,2620,0
rep1,1.2162,2621,0
rep1,1.2163,2622,0
rep1,1.2164,2623,0
rep1,1.2164,2624,0
rep1,1.2165,2625,0
rep1,1.2166,2626,0
rep1,1.2166,2627,0
rep1,1.2169,2628,0
rep1,1.217,2629,0
rep1,1.217,2630,0
rep1,1.2171,2631,0
rep1,1.2171,2632,0
rep1,1.2172,2633,0
rep1,1.2172,2634,0
rep1,1.2173,2635,0
rep1,1.2173,2636,0
rep1,1.2173,2637,0
rep1,1.2174,2638,0
rep1,1.2174,2639,0
rep1,1.2175,2640,0
rep1,1.2175,2641,0
rep1,1.2177,2642,0
rep1,1.2178,2643,0
rep1,1.2179,2644,0
rep1,1.218,2645,0
rep1,1.218,2646,0
rep1,1.2182,2647,0
rep1,1.2182,2648,0
rep1,1.2182,2649,0
rep1,1.2184,2650,0
rep1,1.2184,2651,0
rep1,1.2184,2652,0
rep1,1.2185,2653,0
rep1,1.2185,2654,0
rep1,1.2185,2655,0
rep1,1.2185,2656,0
rep1,1.2185,2657,0
rep1,1.2186,2658,0
rep1,1.2186,2659,0
rep1,1.2186,2660,0
rep1,1.2187,2661,0
rep1,1.2187,2662,0
rep1,1.2187,2663,0
rep1,1.2188,2664,0
rep1,1.2188,2665,0
rep1,1.2188,2666,0
rep1,1.2188,2667,0
rep1,1.2189,2668,0
rep1,1.2189,2669,0
rep1,1.2189,2670,0
rep1,1.219,2671,0
rep1,1.2191,2672,0
rep1,1.2192,2673,0
rep1,1.2192,2674,0
rep1,1.2193,2675,0
rep1,1.2194,2676,0
rep1,1.2195,2677,0
rep1,1.2195,2678,0
rep1,1.2196,2679,0
rep1,1.2196,2680,0
rep1,1.2197,2681,0
rep1,1.2197,2682,0
rep1,1.2197,2683,0
rep1,1.2198,2684,0
rep1,1.2199,2685,0
rep1,1.2199,2686,0
rep1,1.2199,2687,0
rep1,1.2199,2688,0
rep1,1.22,2689,0
rep1,1.2202,2690,0
rep1,1.2203,2691,0
rep1,1.2204,2692,0
rep1,1.2204,2693,0
rep1,1.2206,2694,0
rep1,1.2206,2695,0
rep1,1.2208,2696,0
rep1,1.2212,2697,0
rep1,1.2212,2698,0
rep1,1.2213,2699,0
rep1,1.2213,2700,0
rep1,1.2213,2701,0
rep1,1.2215,2702,0
rep1,1.2216,2703,0
rep1,1.2216,2704,0
rep1,1.2216,2705,0
rep1,1.2217,2706,0
rep1,1.2217,2707,0
rep1,1.2218,2708,0
rep1,1.2218,2709,0
rep1,1.2221,2710,0
rep1,1.2221,2711,0
rep1,1.2221,2712,0
rep1,1.2222,2713,0
rep1,1.2222,2714,0
rep1,1.2222,2715,0
rep1,1.2225,2716,0
rep1,1.2225,2717,0
rep1,1.2225,2718,0
rep1,1.2225,2719,0
rep1,1.2226,2720,0
rep1,1.2227,2721,0
rep1,1.2227,2722,0
rep1,1.2227,2723,0
rep1,1.2229,2724,0
rep1,1.223,2725,0
rep1,1.223,2726,0
rep1,1.223,2727,0
rep1,1.2231,2728,0
rep1,1.2231,2729,0
rep1,1.2232,2730,0
rep1,1.2232,2731,0
rep1,1.2233,2732,0
rep1,1.2233,2733,0
rep1,1.2233,2734,0
rep1,1.2234,2735,0
rep1,1.2235,2736,0
rep1,1.2236,2737,0
rep1,1.2238,2738,0
rep1,1.224,2739,0
rep1,1.2242,2740,0
rep1,1.2242,2741,0
rep1,1.2242,2742,0
rep1,1.2244,2743,0
rep1,1.2245,2744,0
rep1,1.2246,2745,0
rep1,1.2246,2746,0
rep1,1.2247,2747,0
rep1,1.2248,2748,0
rep1,1.2249,2749,0
rep1,1.2251,2750,0
rep1,1.2251,2751,0
rep1,1.2251,2752,0
rep1,1.2252,2753,0
rep1,1.2254,2754,0
rep1,1.2255,2755,0
rep1,1.2255,2756,0
rep1,1.2256,2757,0
rep1,1.2256,2758,0
rep1,1.2257,2759,0
rep1,1.2258,2760,0
rep1,1.226,2761,0
rep1,1.226,2762,0
rep1,1.2261,2763,0
rep1,1.2261,2764,0
rep1,1.2262,2765,0
rep1,1.2262,2766,0
rep1,1.2262,2767,0
rep1,1.2263,2768,0
rep1,1.2263,2769,0
rep1,1.2263,2770,0
rep1,1.2263,2771,0
rep1,1.2264,2772,0
rep1,1.2264,2773,0
rep1,1.2266,2774,0
rep1,1.2266,2775,0
rep1,1.2266,2776,0
rep1,1.2267,2777,0
rep1,1.2267,2778,0
rep1,1.2268,2779,0
rep1,1.2269,2780,0
rep1,1.2271,2781,0
rep1,1.2271,2782,0
rep1,1.2271,2783,0
rep1,1.2272,2784,0
rep1,1.2272,2785,0
rep1,1.2273,2786,0
rep1,1.2275,2787,0
rep1,1.2275,2788,0
rep1,1.2275,2789,0
rep1,1.2276,2790,0
rep1,1.2276,2791,0
rep1,1.2276,2792,0
rep1,1.2278,2793,0
rep1,1.2278,2794,0
rep1,1.2278,2795,0
rep1,1.2279,2796,0
rep1,1.2279,2797,0
rep1,1.228,2798,0
rep1,1.2281,2799,0
rep1,1.2282,2800,0
rep1,1.2283,2801,0
rep1,1.2284,2802,0
rep1,1.2285,2803,0
rep1,1.2285,2804,0
rep1,1.2285,2805,0
rep1,1.2286,2806,0
rep1,1.2286,2807,0
rep1,1.2286,2808,0
rep1,1.2287,2809,0
rep1,1.2287,2810,0
rep1,1.2288,2811,0
rep1,1.2288,2812,0
rep1,1.229,2813,0
rep1,1.2292,2814,0
rep1,1.2292,2815,0
rep1,1.2292,2816,0
rep1,1.2292,2817,0
rep1,1.2293,2818,0
rep1,1.2296,2819,0
rep1,1.2297,2820,0
rep1,1.23,2821,0
rep1,1.23,2822,0
rep1,1.2301,2823,0
rep1,1.2304,2824,0
rep1,1.2304,2825,0
rep1,1.2305,2826,0
rep1,1.2305,2827,0
rep1,1.2306,2828,0
rep1,1.2307,2829,0
rep1,1.2307,2830,0
rep1,1.2308,2831,0
rep1,1.2309,2832,0
rep1,1.2309,2833,0
rep1,1.2309,2834,0
rep1,1.231,2835,0
rep1,1.231,2836,0
rep1,1.2311,2837,0
rep1,1.2312,2838,0
rep1,1.2312,2839,0
rep1,1.2314,2840,0
rep1,1.2315,2841,0
rep1,1.2317,2842,0
rep1,1.2318,2843,0
rep1,1.2318,2844,0
rep1,1.2319,2845,0
rep1,1.2321,2846,0
rep1,1.2321,2847,0
rep1,1.2323,2848,0
rep1,1.2323,2849,0
rep1,1.2323,2850,0
rep1,1.2325,2851,0
rep1,1.2326,2852,0
rep1,1.2326,2853,0
rep1,1.2326,2854,0
rep1,1.2327,2855,0
rep1,1.2328,2856,0
rep1,1.2329,2857,0
rep1,1.2329,2858,0
rep1,1.233,2859,0
rep1,1.2331,2860,0
rep1,1.2331,2861,0
rep1,1.2332,2862,0
rep1,1.2332,2863,0
rep1,1.2332,2864,0
rep1,1.2333,2865,0
rep1,1.2335,2866,0
rep1,1.2336,2867,0
rep1,1.2337,2868,0
rep1,1.2337,2869,0
rep1,1.2338,2870,0
rep1,1.2339,2871,0
rep1,1.2339,2872,0
rep1,1.234,2873,0
rep1,1.2343,2874,0
rep1,1.2343,2875,0
rep1,1.2343,2876,0
rep1,1.2343,2877,0
rep1,1.2344,2878,0
rep1,1.2346,2879,0
rep1,1.2347,2880,0
rep1,1.2347,2881,0
rep1,1.2348,2882,0
rep1,1.2349,2883,0
rep1,1.235,2884,0
rep1,1.2351,2885,0
rep1,1.2351,2886,0
rep1,1.2351,2887,0
rep1,1.2352,2888,0
rep1,1.2353,2889,0
rep1,1.2354,2890,0
rep1,1.2355,2891,0
rep1,1.2357,2892,0
rep1,1.2357,2893,0
rep1,1.236,2894,0
rep1,1.236,2895,0
rep1,1.2361,2896,0
rep1,1.2361,2897,0
rep1,1.2362,2898,0
rep1,1.2362,2899,0
rep1,1.2362,2900,0
rep1,1.2362,2901,0
rep1,1.2363,2902,0
rep1,1.2364,2903,0
rep1,1.2365,2904,0
rep1,1.2367,2905,0
rep1,1.2367,2906,0
rep1,1.2367,2907,0
rep1,1.2367,2908,0
rep1,1.2368,2909,0
rep1,1.2369,2910,0
rep1,1.237,2911,0
rep1,1.2372,2912,0
rep1,1.2374,2913,0
rep1,1.2374,2914,0
rep1,1.2376,2915,0
rep1,1.2377,2916,0
rep1,1.2378,2917,0
rep1,1.2379,2918,0
rep1,1.2379,2919,0
rep1,1.238,2920,0
rep1,1.2382,2921,0
rep1,1.2383,2922,0
rep1,1.2383,2923,0
rep1,1.2384,2924,0
rep1,1.2386,2925,0
rep1,1.2386,2926,0
rep1,1.2386,2927,0
rep1,1.2386,2928,0
rep1,1.2387,2929,0
rep1,1.2388,2930,0
rep1,1.2388,2931,0
rep1,1.2389,2932,0
rep1,1.2389,2933,0
rep1,1.239,2934,0
rep1,1.2391,2935,0
rep1,1.2391,2936,0
rep1,1.2392,2937,0
rep1,1.2392,2938,0
rep1,1.2393,2939,0
rep1,1.2394,2940,0
rep1,1.2394,2941,0
rep1,1.2394,2942,0
rep1,1.2395,2943,0
rep1,1.2396,2944,0
rep1,1.2396,2945,0
rep1,1.2397,2946,0
rep1,1.2397,2947,0
rep1,1.2397,2948,0
rep1,1.2397,2949,0
rep1,1.2398,2950,0
rep1,1.2398,2951,0
rep1,1.2399,2952,0
rep1,1.2399,2953,0
rep1,1.2399,2954,0
rep1,1.2399,2955,0
rep1,1.24,2956,0
rep1,1.2401,2957,0
rep1,1.2402,2958,0
rep1,1.2402,2959,0
rep1,1.2402,2960,0
rep1,1.2405,2961,0
rep1,1.2405,2962,0
rep1,1.2405,2963,0
rep1,1.2406,2964,0
rep1,1.2407,2965,0
rep1,1.2407,2966,0
rep1,1.2408,2967,0
rep1,1.2409,2968,0
rep1,1.2409,2969,0
rep1,1.2409,2970,0
rep1,1.241,2971,0
rep1,1.241,2972,0
rep1,1.241,2973,0
rep1,1.2411,2974,0
rep1,1.2413,2975,0
rep1,1.2414,2976,0
rep1,1.2415,2977,0
rep1,1.2416,2978,0
rep1,1.2417,2979,0
rep1,1.2419,2980,0
rep1,1.242,2981,0
rep1,1.2422,2982,0
rep1,1.2422,2983,0
rep1,1.2422,2984,0
rep1,1.2425,2985,0
rep1,1.2426,2986,0
rep1,1.2427,2987,0
rep1,1.2427,2988,0
rep1,1.2427,2989,0
rep1,1.2428,2990,0
rep1,1.2428,2991,0
rep1,1.2429,2992,0
rep1,1.2429,2993,0
rep1,1.243,2994,0
rep1,1.243,2995,0
rep1,1.243,2996,0
rep1,1.2431,2997,0
rep1,1.2433,2998,0
rep1,1.2433,2999,0
rep1,1.2436,3000,0
rep1,1.2437,3001,0
rep1,1.2437,3002,0
rep1,1.2438,3003,0
rep1,1.2439,3004,0
rep1,1.244,3005,0
rep1,1.2441,3006,0
rep1,1.2441,3007,0
rep1,1.2442,3008,0
rep1,1.2443,3009,0
rep1,1.2444,3010,0
rep1,1.2444,3011,0
rep1,1.2445,3012,0
rep1,1.2446,3013,0
rep1,1.2446,3014,0
rep1,1.2446,3015,0
rep1,1.2447,3016,0
rep1,1.2447,3017,0
rep1,1.2448,3018,0
rep1,1.2449,3019,0
rep1,1.2452,3020,0
rep1,1.2452,3021,0
rep1,1.2453,3022,0
rep1,1.2455,3023,0
rep1,1.2456,3024,0
rep1,1.2457,3025,0
rep1,1.2458,3026,0
rep1,1.2459,3027,0
rep1,1.2461,3028,0
rep1,1.2461,3029,0
rep1,1.2462,3030,0
rep1,1.2463,3031,0
rep1,1.2464,3032,0
rep1,1.2464,3033,0
rep1,1.2464,3034,0
rep1,1.2465,3035,0
rep1,1.2466,3036,0
rep1,1.2466,3037,0
rep1,1.2467,3038,0
rep1,1.2468,3039,0
rep1,1.2468,3040,0
rep1,1.2471,3041,0
rep1,1.2474,3042,0
rep1,1.2474,3043,0
rep1,1.2474,3044,0
rep1,1.2477,3045,0
rep1,1.2478,3046,0
rep1,1.2478,3047,0
rep1,1.2478,3048,0
rep1,1.2478,3049,0
rep1,1.2479,3050,0
rep1,1.248,3051,0
rep1,1.2481,3052,0
rep1,1.2483,3053,0
rep1,1.2484,3054,0
rep1,1.2485,3055,0
rep1,1.2485,3056,0
rep1,1.2487,3057,0
rep1,1.2488,3058,0
rep1,1.2489,3059,0
rep1,1.2489,3060,0
rep1,1.2489,3061,0
rep1,1.249,3062,0
rep1,1.2491,3063,0
rep1,1.2492,3064,0
rep1,1.2492,3065,0
rep1,1.2492,3066,0
rep1,1.2492,3067,0
rep1,1.2493,3068,0
rep1,1.2495,3069,0
rep1,1.2496,3070,0
rep1,1.2496,3071,0
rep1,1.2497,3072,0
rep1,1.2497,3073,0
rep1,1.2498,3074,0
rep1,1.2499,3075,0
rep1,1.25,3076,0
rep1,1.2501,3077,0
rep1,1.2501,3078,0
rep1,1.2501,3079,0
rep1,1.2501,3080,0
rep1,1.2502,3081,0
rep1,1.2502,3082,0
rep1,1.2502,3083,0
rep1,1.2503,3084,0
rep1,1.2504,3085,0
rep1,1.2505,3086,0
rep1,1.2505,3087,0
rep1,1.2506,3088,0
rep1,1.2507,3089,0
rep1,1.2508,3090,0
rep1,1.2509,3091,0
rep1,1.251,3092,0
rep1,1.251,3093,0
rep1,1.251,3094,0
rep1,1.251,3095,0
rep1,1.2511,3096,0
rep1,1.2511,3097,0
rep1,1.2512,3098,0
rep1,1.2512,3099,0
rep1,1.2512,3100,0
rep1,1.2513,3101,0
rep1,1.2513,3102,0
rep1,1.2513,3103,0
rep1,1.2514,3104,0
rep1,1.2515,3105,0
rep1,1.2516,3106,0
rep1,1.2516,3107,0
rep1,1.2516,3108,0
rep1,1.2516,3109,0
rep1,1.2517,3110,0
rep1,1.2518,3111,0
rep1,1.2518,3112,0
rep1,1.2519,3113,0
rep1,1.2519,3114,0
rep1,1.2519,3115,0
rep1,1.2521,3116,0
rep1,1.2521,3117,0
rep1,1.2522,3118,0
rep1,1.2523,3119,0
rep1,1.2523,3120,0
rep1,1.2523,3121,0
rep1,1.2524,3122,0
rep1,1.2524,3123,0
rep1,1.2525,3124,0
rep1,1.2526,3125,0
rep1,1.2526,3126,0
rep1,1.2527,3127,0
rep1,1.2527,3128,0
rep1,1.2528,3129,0
rep1,1.2528,3130,0
rep1,1.2531,3131,0
rep1,1.2532,3132,0
rep1,1.2533,3133,0
rep1,1.2535,3134,0
rep1,1.2536,3135,0
rep1,1.2536,3136,0
rep1,1.2537,3137,0
rep1,1.2537,3138,0
rep1,1.2537,3139,0
rep1,1.2538,3140,0
rep1,1.2538,3141,0
rep1,1.2539,3142,0
rep1,1.254,3143,0
rep1,1.2541,3144,0
rep1,1.2542,3145,0
rep1,1.2543,3146,0
rep1,1.2544,3147,0
rep1,1.2545,3148,0
rep1,1.2545,3149,0
rep1,1.2545,3150,0
rep1,1.2546,3151,0
rep1,1.2546,3152,0
rep1,1.2547,3153,0
rep1,1.2549,3154,0
rep1,1.2549,3155,0
rep1,1.255,3156,0
rep1,1.255,3157,0
rep1,1.2552,3158,0
rep1,1.2552,3159,0
rep1,1.2553,3160,0
rep1,1.2553,3161,0
rep1,1.2553,3162,0
rep1,1.2555,3163,0
rep1,1.2556,3164,0
rep1,1.2556,3165,0
rep1,1.2556,3166,0
rep1,1.2557,3167,0
rep1,1.2557,3168,0
rep1,1.2558,3169,0
rep1,1.2559,3170,0
rep1,1.2559,3171,0
rep1,1.2559,3172,0
rep1,1.256,3173,0
rep1,1.256,3174,0
rep1,1.256,3175,0
rep1,1.2561,3176,0
rep1,1.2562,3177,0
rep1,1.2562,3178,0
rep1,1.2562,3179,0
rep1,1.2563,3180,0
rep1,1.2565,3181,0
rep1,1.2566,3182,0
rep1,1.2566,3183,0
rep1,1.2566,3184,0
rep1,1.2566,3185,0
rep1,1.2567,3186,0
rep1,1.2567,3187,0
rep1,1.2567,3188,0
rep1,1.2569,3189,0
rep1,1.2569,3190,0
rep1,1.257,3191,0
rep1,1.2571,3192,0
rep1,1.2571,3193,0
rep1,1.2572,3194,0
rep1,1.2573,3195,0
rep1,1.2574,3196,0
rep1,1.2574,3197,0
rep1,1.2575,3198,0
rep1,1.2575,3199,0
rep1,1.2578,3200,0
rep1,1.2578,3201,0
rep1,1.2581,3202,0
rep1,1.2581,3203,0
rep1,1.2582,3204,0
rep1,1.2582,3205,0
rep1,1.2583,3206,0
rep1,1.2583,3207,0
rep1,1.2584,3208,0
rep1,1.2585,3209,0
rep1,1.2586,3210,0
rep1,1.2586,3211,0
rep1,1.2586,3212,0
rep1,1.2586,3213,0
rep1,1.2588,3214,0
rep1,1.2588,3215,0
rep1,1.2589,3216,0
rep1,1.259,3217,0
rep1,1.259,3218,0
rep1,1.259,3219,0
rep1,1.259,3220,0
rep1,1.2591,3221,0
rep1,1.2591,3222,0
rep1,1.2591,3223,0
rep1,1.2591,3224,0
rep1,1.2591,3225,0
rep1,1.2592,3226,0
rep1,1.2592,3227,0
rep1,1.2593,3228,0
rep1,1.2593,3229,0
rep1,1.2594,3230,0
rep1,1.2595,3231,0
rep1,1.2595,3232,0
rep1,1.2596,3233,0
rep1,1.2598,3234,0
rep1,1.26,3235,0
rep1,1.26,3236,0
rep1,1.26,3237,0
rep1,1.2601,3238,0
rep1,1.2602,3239,0
rep1,1.2602,3240,0
rep1,1.2603,3241,0
rep1,1.2604,3242,0
rep1,1.2604,3243,0
rep1,1.2604,3244,0
rep1,1.2606,3245,0
rep1,1.2607,3246,0
rep1,1.2607,3247,0
rep1,1.2607,3248,0
rep1,1.2608,3249,0
rep1,1.2608,3250,0
rep1,1.2609,3251,0
rep1,1.2609,3252,0
rep1,1.2611,3253,0
rep1,1.2614,3254,0
rep1,1.2615,3255,0
rep1,1.2616,3256,0
rep1,1.2617,3257,0
rep1,1.2617,3258,0
rep1,1.2618,3259,0
rep1,1.2619,3260,0
rep1,1.2621,3261,0
rep1,1.2622,3262,0
rep1,1.2622,3263,0
rep1,1.2623,3264,0
rep1,1.2623,3265,0
rep1,1.2623,3266,0
rep1,1.2623,3267,0
rep1,1.2625,3268,0
rep1,1.2626,3269,0
rep1,1.2628,3270,0
rep1,1.2629,3271,0
rep1,1.2629,3272,0
rep1,1.2632,3273,0
rep1,1.2632,3274,0
rep1,1.2638,3275,0
rep1,1.2638,3276,0
rep1,1.2638,3277,0
rep1,1.2639,3278,0
rep1,1.2639,3279,0
rep1,1.2639,3280,0
rep1,1.264,3281,0
rep1,1.264,3282,0
rep1,1.2641,3283,0
rep1,1.2641,3284,0
rep1,1.2642,3285,0
rep1,1.2642,3286,0
rep1,1.2642,3287,0
rep1,1.2643,3288,0
rep1,1.2644,3289,0
rep1,1.2644,3290,0
rep1,1.2645,3291,0
rep1,1.2647,3292,0
rep1,1.2647,3293,0
rep1,1.265,3294,0
rep1,1.265,3295,0
rep1,1.2653,3296,0
rep1,1.2656,3297,0
rep1,1.2656,3298,0
rep1,1.2658,3299,0
rep1,1.2659,3300,0
rep1,1.266,3301,0
rep1,1.266,3302,0
rep1,1.2661,3303,0
rep1,1.2664,3304,0
rep1,1.2664,3305,0
rep1,1.2666,3306,0
rep1,1.2667,3307,0
rep1,1.2668,3308,0
rep1,1.2668,3309,0
rep1,1.2668,3310,0
rep1,1.2668,3311,0
rep1,1.2669,3312,0
rep1,1.2669,3313,0
rep1,1.2669,3314,0
rep1,1.267,3315,0
rep1,1.267,3316,0
rep1,1.2671,3317,0
rep1,1.2671,3318,0
rep1,1.2674,3319,0
rep1,1.2675,3320,0
rep1,1.2675,3321,0
rep1,1.2675,3322,0
rep1,1.2676,3323,0
rep1,1.2677,3324,0
rep1,1.2678,3325,0
rep1,1.2679,3326,0
rep1,1.268,3327,0
rep1,1.268,3328,0
rep1,1.2681,3329,0
rep1,1.2682,3330,0
rep1,1.2683,3331,0
rep1,1.2683,3332,0
rep1,1.2684,3333,0
rep1,1.2684,3334,0
rep1,1.2685,3335,0
rep1,1.2685,3336,0
rep1,1.2685,3337,0
rep1,1.2685,3338,0
rep1,1.2686,3339,0
rep1,1.2686,3340,0
rep1,1.2687,3341,0
rep1,1.2688,3342,0
rep1,1.2688,3343,0
rep1,1.2689,3344,0
rep1,1.269,3345,0
rep1,1.269,3346,0
rep1,1.2691,3347,0
rep1,1.2691,3348,0
rep1,1.2691,3349,0
rep1,1.2693,3350,0
rep1,1.2693,3351,0
rep1,1.2693,3352,0
rep1,1.2695,3353,0
rep1,1.2695,3354,0
rep1,1.2696,3355,0
rep1,1.2696,3356,0
rep1,1.2697,3357,0
rep1,1.2697,3358,0
rep1,1.2698,3359,0
rep1,1.2698,3360,0
rep1,1.2699,3361,0
rep1,1.2699,3362,0
rep1,1.2699,3363,0
rep1,1.2701,3364,0
rep1,1.2701,3365,0
rep1,1.2703,3366,0
rep1,1.2704,3367,0
rep1,1.2705,3368,0
rep1,1.2705,3369,0
rep1,1.2706,3370,0
rep1,1.2707,3371,0
rep1,1.2708,3372,0
rep1,1.2708,3373,0
rep1,1.2709,3374,0
rep1,1.2709,3375,0
rep1,1.271,3376,0
rep1,1.271,3377,0
rep1,1.2711,3378,0
rep1,1.2711,3379,0
rep1,1.2711,3380,0
rep1,1.2711,3381,0
rep1,1.2711,3382,0
rep1,1.2712,3383,0
rep1,1.2714,3384,0
rep1,1.2715,3385,0
rep1,1.2716,3386,0
rep1,1.2716,3387,0
rep1,1.2718,3388,0
rep1,1.2719,3389,0
rep1,1.272,3390,0
rep1,1.2721,3391,0
rep1,1.2722,3392,0
rep1,1.2724,3393,0
rep1,1.2724,3394,0
rep1,1.2726,3395,0
rep1,1.2727,3396,0
rep1,1.2729,3397,0
rep1,1.2731,3398,0
rep1,1.2732,3399,0
rep1,1.2732,3400,0
rep1,1.2733,3401,0
rep1,1.2734,3402,0
rep1,1.2738,3403,0
rep1,1.2738,3404,0
rep1,1.2738,3405,0
rep1,1.2738,3406,0
rep1,1.2739,3407,0
rep1,1.2741,3408,0
rep1,1.2742,3409,0
rep1,1.2742,3410,0
rep1,1.2744,3411,0
rep1,1.2746,3412,0
rep1,1.2746,3413,0
rep1,1.2747,3414,0
rep1,1.2748,3415,0
rep1,1.275,3416,0
rep1,1.2751,3417,0
rep1,1.2752,3418,0
rep1,1.2752,3419,0
rep1,1.2753,3420,0
rep1,1.2754,3421,0
rep1,1.2755,3422,0
rep1,1.2755,3423,0
rep1,1.2756,3424,0
rep1,1.2756,3425,0
rep1,1.2758,3426,0
rep1,1.2759,3427,0
rep1,1.2759,3428,0
rep1,1.2761,3429,0
rep1,1.2761,3430,0
rep1,1.2762,3431,0
rep1,1.2763,3432,0
rep1,1.2763,3433,0
rep1,1.2763,3434,0
rep1,1.2767,3435,0
rep1,1.2767,3436,0
rep1,1.2768,3437,0
rep1,1.2768,3438,0
rep1,1.2769,3439,0
rep1,1.2771,3440,0
rep1,1.2772,3441,0
rep1,1.2774,3442,0
rep1,1.2775,3443,0
rep1,1.2776,3444,0
rep1,1.2777,3445,0
rep1,1.2777,3446,0
rep1,1.2781,3447,0
rep1,1.2781,3448,0
rep1,1.2782,3449,0
rep1,1.2783,3450,0
rep1,1.2784,3451,0
rep1,1.2784,3452,0
rep1,1.2785,3453,0
rep1,1.2785,3454,0
rep1,1.2785,3455,0
rep1,1.2786,3456,0
rep1,1.2787,3457,0
rep1,1.2788,3458,0
rep1,1.2788,3459,0
rep1,1.2788,3460,0
rep1,1.2788,3461,0
rep1,1.2789,3462,0
rep1,1.279,3463,0
rep1,1.2791,3464,0
rep1,1.2792,3465,0
rep1,1.2794,3466,0
rep1,1.2795,3467,0
rep1,1.2796,3468,0
rep1,1.2796,3469,0
rep1,1.2797,3470,0
rep1,1.2797,3471,0
rep1,1.2798,3472,0
rep1,1.2799,3473,0
rep1,1.2799,3474,0
rep1,1.28,3475,0
rep1,1.2801,3476,0
rep1,1.2802,3477,0
rep1,1.2803,3478,0
rep1,1.2804,3479,0
rep1,1.2805,3480,0
rep1,1.2807,3481,0
rep1,1.2807,3482,0
rep1,1.2808,3483,0
rep1,1.2808,3484,0
rep1,1.2809,3485,0
rep1,1.281,3486,0
rep1,1.281,3487,0
rep1,1.2812,3488,0
rep1,1.2813,3489,0
rep1,1.2813,3490,0
rep1,1.2815,3491,0
rep1,1.2815,3492,0
rep1,1.2816,3493,0
rep1,1.2817,3494,0
rep1,1.2819,3495,0
rep1,1.282,3496,0
rep1,1.2823,3497,0
rep1,1.2824,3498,0
rep1,1.2825,3499,0
rep1,1.2825,3500,0
rep1,1.2826,3501,0
rep1,1.2826,3502,0
rep1,1.2826,3503,0
rep1,1.2827,3504,0
rep1,1.2827,3505,0
rep1,1.2828,3506,0
rep1,1.2829,3507,0
rep1,1.2831,3508,0
rep1,1.2831,3509,0
rep1,1.2832,3510,0
rep1,1.2832,3511,0
rep1,1.2833,3512,0
rep1,1.2834,3513,0
rep1,1.2834,3514,0
rep1,1.2835,3515,0
rep1,1.2835,3516,0
rep1,1.2836,3517,0
rep1,1.2836,3518,0
rep1,1.2837,3519,0
rep1,1.2838,3520,0
rep1,1.2839,3521,0
rep1,1.2839,3522,0
rep1,1.284,3523,0
rep1,1.284,3524,0
rep1,1.2842,3525,0
rep1,1.2842,3526,0
rep1,1.2843,3527,0
rep1,1.2843,3528,0
rep1,1.2848,3529,0
rep1,1.2849,3530,0
rep1,1.2849,3531,0
rep1,1.285,3532,0
rep1,1.2851,3533,0
rep1,1.2851,3534,0
rep1,1.2851,3535,0
rep1,1.2851,3536,0
rep1,1.2852,3537,0
rep1,1.2853,3538,0
rep1,1.2853,3539,0
rep1,1.2853,3540,0
rep1,1.2854,3541,0
rep1,1.2854,3542,0
rep1,1.2855,3543,0
rep1,1.2855,3544,0
rep1,1.2856,3545,0
rep1,1.2857,3546,0
rep1,1.2858,3547,0
rep1,1.2858,3548,0
rep1,1.2859,3549,0
rep1,1.2862,3550,0
rep1,1.2862,3551,0
rep1,1.2863,3552,0
rep1,1.2864,3553,0
rep1,1.2864,3554,0
rep1,1.2864,3555,0
rep1,1.2865,3556,0
rep1,1.2865,3557,0
rep1,1.2867,3558,0
rep1,1.2868,3559,0
rep1,1.2868,3560,0
rep1,1.2869,3561,0
rep1,1.2872,3562,0
rep1,1.2873,3563,0
rep1,1.2873,3564,0
rep1,1.2874,3565,0
rep1,1.2874,3566,0
rep1,1.2874,3567,0
rep1,1.2876,3568,0
rep1,1.2877,3569,0
rep1,1.2878,3570,0
rep1,1.2879,3571,0
rep1,1.288,3572,0
rep1,1.2881,3573,0
rep1,1.2882,3574,0
rep1,1.2882,3575,0
rep1,1.2883,3576,0
rep1,1.2883,3577,0
rep1,1.2883,3578,0
rep1,1.2885,3579,0
rep1,1.2885,3580,0
rep1,1.2887,3581,0
rep1,1.2887,3582,0
rep1,1.2887,3583,0
rep1,1.2889,3584,0
rep1,1.2889,3585,0
rep1,1.289,3586,0
rep1,1.289,3587,0
rep1,1.289,3588,0
rep1,1.2891,3589,0
rep1,1.2892,3590,0
rep1,1.2893,3591,0
rep1,1.2894,3592,0
rep1,1.2895,3593,0
rep1,1.2896,3594,0
rep1,1.2897,3595,0
rep1,1.2898,3596,0
rep1,1.2898,3597,0
rep1,1.2899,3598,0
rep1,1.2899,3599,0
rep1,1.29,3600,0
rep1,1.29,3601,0
rep1,1.2901,3602,0
rep1,1.2901,3603,0
rep1,1.2901,3604,0
rep1,1.2901,3605,0
rep1,1.2901,3606,0
rep1,1.2901,3607,0
rep1,1.2901,3608,0
rep1,1.2904,3609,0
rep1,1.2904,3610,0
rep1,1.2904,3611,0
rep1,1.2905,3612,0
rep1,1.2905,3613,0
rep1,1.2906,3614,0
rep1,1.2907,3615,0
rep1,1.2908,3616,0
rep1,1.2909,3617,0
rep1,1.2912,3618,0
rep1,1.2913,3619,0
rep1,1.2913,3620,0
rep1,1.2913,3621,0
rep1,1.2914,3622,0
rep1,1.2917,3623,0
rep1,1.2918,3624,0
rep1,1.2919,3625,0
rep1,1.2919,3626,0
rep1,1.2919,3627,0
rep1,1.2919,3628,0
rep1,1.292,3629,0
rep1,1.292,3630,0
rep1,1.2921,3631,0
rep1,1.2922,3632,0
rep1,1.2922,3633,0
rep1,1.2922,3634,0
rep1,1.2923,3635,0
rep1,1.2923,3636,0
rep1,1.2924,3637,0
rep1,1.2924,3638,0
rep1,1.2925,3639,0
rep1,1.2925,3640,0
rep1,1.2927,3641,0
rep1,1.2927,3642,0
rep1,1.2929,3643,0
rep1,1.2929,3644,0
rep1,1.293,3645,0
rep1,1.2931,3646,0
rep1,1.2932,3647,0
rep1,1.2937,3648,0
rep1,1.2937,3649,0
rep1,1.2938,3650,0
rep1,1.2938,3651,0
rep1,1.2939,3652,0
rep1,1.294,3653,0
rep1,1.2941,3654,0
rep1,1.2942,3655,0
rep1,1.2942,3656,0
rep1,1.2942,3657,0
rep1,1.2944,3658,0
rep1,1.2944,3659,0
rep1,1.2944,3660,0
rep1,1.2945,3661,0
rep1,1.2946,3662,0
rep1,1.2946,3663,0
rep1,1.2947,3664,0
rep1,1.2947,3665,0
rep1,1.2949,3666,0
rep1,1.295,3667,0
rep1,1.295,3668,0
rep1,1.295,3669,0
rep1,1.2951,3670,0
rep1,1.2951,3671,0
rep1,1.2951,3672,0
rep1,1.2952,3673,0
rep1,1.2952,3674,0
rep1,1.2953,3675,0
rep1,1.2953,3676,0
rep1,1.2955,3677,0
rep1,1.2957,3678,0
rep1,1.2958,3679,0
rep1,1.2959,3680,0
rep1,1.2959,3681,0
rep1,1.296,3682,0
rep1,1.2963,3683,0
rep1,1.2963,3684,0
rep1,1.2963,3685,0
rep1,1.2964,3686,0
rep1,1.2964,3687,0
rep1,1.2965,3688,0
rep1,1.2965,3689,0
rep1,1.2966,3690,0
rep1,1.2966,3691,0
rep1,1.2966,3692,0
rep1,1.2967,3693,0
rep1,1.2968,3694,0
rep1,1.2968,3695,0
rep1,1.2968,3696,0
rep1,1.2969,3697,0
rep1,1.297,3698,0
rep1,1.2971,3699,0
rep1,1.2971,3700,0
rep1,1.2971,3701,0
rep1,1.2972,3702,0
rep1,1.2973,3703,0
rep1,1.2973,3704,0
rep1,1.2973,3705,0
rep1,1.2973,3706,0
rep1,1.2974,3707,0
rep1,1.2974,3708,0
rep1,1.2976,3709,0
rep1,1.2976,3710,0
rep1,1.2976,3711,0
rep1,1.2977,3712,0
rep1,1.2977,3713,0
rep1,1.2977,3714,0
rep1,1.2977,3715,0
rep1,1.2978,3716,0
rep1,1.2978,3717,0
rep1,1.2978,3718,0
rep1,1.2979,3719,0
rep1,1.298,3720,0
rep1,1.298,3721,0
rep1,1.2981,3722,0
rep1,1.2982,3723,0
rep1,1.2983,3724,0
rep1,1.2986,3725,0
rep1,1.2988,3726,0
rep1,1.2989,3727,0
rep1,1.299,3728,0
rep1,1.299,3729,0
rep1,1.299,3730,0
rep1,1.2992,3731,0
rep1,1.2993,3732,0
rep1,1.2993,3733,0
rep1,1.2995,3734,0
rep1,1.2995,3735,0
rep1,1.2997,3736,0
rep1,1.2998,3737,0
rep1,1.3001,3738,0
rep1,1.3002,3739,0
rep1,1.3002,3740,0
rep1,1.3002,3741,0
rep1,1.3004,3742,0
rep1,1.3004,3743,0
rep1,1.3007,3744,0
rep1,1.3007,3745,0
rep1,1.3008,3746,0
rep1,1.3008,3747,0
rep1,1.3008,3748,0
rep1,1.301,3749,0
rep1,1.3011,3750,0
rep1,1.3012,3751,0
rep1,1.3012,3752,0
rep1,1.3012,3753,0
rep1,1.3013,3754,0
rep1,1.3013,3755,0
rep1,1.3015,3756,0
rep1,1.3017,3757,0
rep1,1.3017,3758,0
rep1,1.3017,3759,0
rep1,1.3019,3760,0
rep1,1.302,3761,0
rep1,1.302,3762,0
rep1,1.3021,3763,0
rep1,1.3022,3764,0
rep1,1.3023,3765,0
rep1,1.3024,3766,0
rep1,1.3024,3767,0
rep1,1.3025,3768,0
rep1,1.3025,3769,0
rep1,1.3025,3770,0
rep1,1.3025,3771,0
rep1,1.3026,3772,0
rep1,1.3028,3773,0
rep1,1.3029,3774,0
rep1,1.303,3775,0
rep1,1.303,3776,0
rep1,1.3031,3777,0
rep1,1.3032,3778,0
rep1,1.3035,3779,0
rep1,1.3036,3780,0
rep1,1.3036,3781,0
rep1,1.3037,3782,0
rep1,1.3038,3783,0
rep1,1.3038,3784,0
rep1,1.3039,3785,0
rep1,1.3039,3786,0
rep1,1.304,3787,0
rep1,1.304,3788,0
rep1,1.3042,3789,0
rep1,1.3046,3790,0
rep1,1.3047,3791,0
rep1,1.3047,3792,0
rep1,1.3048,3793,0
rep1,1.3051,3794,0
rep1,1.3053,3795,0
rep1,1.3053,3796,0
rep1,1.3053,3797,0
rep1,1.3053,3798,0
rep1,1.3053,3799,0
rep1,1.3054,3800,0
rep1,1.3054,3801,0
rep1,1.3055,3802,0
rep1,1.3055,3803,0
rep1,1.3056,3804,0
rep1,1.3058,3805,0
rep1,1.3058,3806,0
rep1,1.3061,3807,0
rep1,1.3061,3808,0
rep1,1.3061,3809,0
rep1,1.3063,3810,0
rep1,1.3063,3811,0
rep1,1.3064,3812,0
rep1,1.3065,3813,0
rep1,1.3066,3814,0
rep1,1.3067,3815,0
rep1,1.3067,3816,0
rep1,1.3068,3817,0
rep1,1.3068,3818,0
rep1,1.3069,3819,0
rep1,1.3071,3820,0
rep1,1.3072,3821,0
rep1,1.3072,3822,0
rep1,1.3073,3823,0
rep1,1.3074,3824,0
rep1,1.3074,3825,0
rep1,1.3075,3826,0
rep1,1.3075,3827,0
rep1,1.3076,3828,0
rep1,1.3077,3829,0
rep1,1.3079,3830,0
rep1,1.3082,3831,0
rep1,1.3083,3832,0
rep1,1.3084,3833,0
rep1,1.3085,3834,0
rep1,1.3086,3835,0
rep1,1.3087,3836,0
rep1,1.3088,3837,0
rep1,1.3089,3838,0
rep1,1.309,3839,0
rep1,1.3091,3840,0
rep1,1.3091,3841,0
rep1,1.3092,3842,0
rep1,1.3092,3843,0
rep1,1.3093,3844,0
rep1,1.3093,3845,0
rep1,1.3093,3846,0
rep1,1.3095,3847,0
rep1,1.3095,3848,0
rep1,1.3096,3849,0
rep1,1.3097,3850,0
rep1,1.3098,3851,0
rep1,1.31,3852,0
rep1,1.31,3853,0
rep1,1.3101,3854,0
rep1,1.3105,3855,0
rep1,1.3105,3856,0
rep1,1.3106,3857,0
rep1,1.3106,3858,0
rep1,1.3107,3859,0
rep1,1.3108,3860,0
rep1,1.3109,3861,0
rep1,1.3109,3862,0
rep1,1.3111,3863,0
rep1,1.3113,3864,0
rep1,1.3114,3865,0
rep1,1.3114,3866,0
rep1,1.3117,3867,0
rep1,1.3118,3868,0
rep1,1.3119,3869,0
rep1,1.3119,3870,0
rep1,1.3121,3871,0
rep1,1.3125,3872,0
rep1,1.3125,3873,0
rep1,1.3126,3874,0
rep1,1.3127,3875,0
rep1,1.3128,3876,0
rep1,1.3129,3877,0
rep1,1.313,3878,0
rep1,1.3132,3879,0
rep1,1.3132,3880,0
rep1,1.3132,3881,0
rep1,1.3133,3882,0
rep1,1.3133,3883,0
rep1,1.3134,3884,0
rep1,1.3136,3885,0
rep1,1.3138,3886,0
rep1,1.3138,3887,0
rep1,1.314,3888,0
rep1,1.3141,3889,0
rep1,1.3141,3890,0
rep1,1.3142,3891,0
rep1,1.3143,3892,0
rep1,1.3145,3893,0
rep1,1.3145,3894,0
rep1,1.3146,3895,0
rep1,1.3147,3896,0
rep1,1.3147,3897,0
rep1,1.3147,3898,0
rep1,1.3149,3899,0
rep1,1.315,3900,0
rep1,1.3152,3901,0
rep1,1.3152,3902,0
rep1,1.3153,3903,0
rep1,1.3153,3904,0
rep1,1.3154,3905,0
rep1,1.3156,3906,0
rep1,1.3157,3907,0
rep1,1.3157,3908,0
rep1,1.3158,3909,0
rep1,1.3158,3910,0
rep1,1.3159,3911,0
rep1,1.316,3912,0
rep1,1.3161,3913,0
rep1,1.3163,3914,0
rep1,1.3163,3915,0
rep1,1.3164,3916,0
rep1,1.3164,3917,0
rep1,1.3166,3918,0
rep1,1.3166,3919,0
rep1,1.3167,3920,0
rep1,1.3167,3921,0
rep1,1.3168,3922,0
rep1,1.3169,3923,0
rep1,1.3174,3924,0
rep1,1.3174,3925,0
rep1,1.3176,3926,0
rep1,1.3177,3927,0
rep1,1.3177,3928,0
rep1,1.3178,3929,0
rep1,1.3178,3930,0
rep1,1.318,3931,0
rep1,1.3182,3932,0
rep1,1.3183,3933,0
rep1,1.3183,3934,0
rep1,1.3183,3935,0
rep1,1.3184,3936,0
rep1,1.3184,3937,0
rep1,1.3185,3938,0
rep1,1.3185,3939,0
rep1,1.3186,3940,0
rep1,1.3188,3941,0
rep1,1.3188,3942,0
rep1,1.3188,3943,0
rep1,1.3189,3944,0
rep1,1.319,3945,0
rep1,1.3191,3946,0
rep1,1.3192,3947,0
rep1,1.3193,3948,0
rep1,1.3194,3949,0
rep1,1.3194,3950,0
rep1,1.3196,3951,0
rep1,1.3196,3952,0
rep1,1.3197,3953,0
rep1,1.3198,3954,0
rep1,1.32,3955,0
rep1,1.32,3956,0
rep1,1.3201,3957,0
rep1,1.3203,3958,0
rep1,1.3203,3959,0
rep1,1.3204,3960,0
rep1,1.3205,3961,0
rep1,1.3206,3962,0
rep1,1.3208,3963,0
rep1,1.3208,3964,0
rep1,1.321,3965,0
rep1,1.3213,3966,0
rep1,1.3213,3967,0
rep1,1.3214,3968,0
rep1,1.3214,3969,0
rep1,1.3215,3970,0
rep1,1.3216,3971,0
rep1,1.3219,3972,0
rep1,1.322,3973,0
rep1,1.322,3974,0
rep1,1.322,3975,0
rep1,1.3221,3976,0
rep1,1.3223,3977,0
rep1,1.3223,3978,0
rep1,1.3225,3979,0
rep1,1.3225,3980,0
rep1,1.3225,3981,0
rep1,1.3225,3982,0
rep1,1.3228,3983,0
rep1,1.3231,3984,0
rep1,1.3231,3985,0
rep1,1.3232,3986,0
rep1,1.3232,3987,0
rep1,1.3235,3988,0
rep1,1.3237,3989,0
rep1,1.3238,3990,0
rep1,1.3239,3991,0
rep1,1.3242,3992,0
rep1,1.3243,3993,0
rep1,1.3246,3994,0
rep1,1.3246,3995,0
rep1,1.3247,3996,0
rep1,1.3248,3997,0
rep1,1.3251,3998,0
rep1,1.3253,3999,0
rep1,1.3254,4000,0
rep1,1.3254,4001,0
rep1,1.3257,4002,0
rep1,1.3259,4003,0
rep1,1.3259,4004,0
rep1,1.326,4005,0
rep1,1.326,4006,0
rep1,1.3262,4007,0
rep1,1.3264,4008,0
rep1,1.3266,4009,0
rep1,1.3266,4010,0
rep1,1.3266,4011,0
rep1,1.3268,4012,0
rep1,1.3269,4013,0
rep1,1.3269,4014,0
rep1,1.327,4015,0
rep1,1.3275,4016,0
rep1,1.3276,4017,0
rep1,1.3277,4018,0
rep1,1.3278,4019,0
rep1,1.3278,4020,0
rep1,1.328,4021,0
rep1,1.3283,4022,0
rep1,1.3283,4023,0
rep1,1.3286,4024,0
rep1,1.3288,4025,0
rep1,1.3288,4026,0
rep1,1.3289,4027,0
rep1,1.3289,4028,0
rep1,1.329,4029,0
rep1,1.3291,4030,0
rep1,1.3293,4031,0
rep1,1.3295,4032,0
rep1,1.3297,4033,0
rep1,1.3298,4034,0
rep1,1.3299,4035,0
rep1,1.3301,4036,0
rep1,1.3301,4037,0
rep1,1.3308,4038,0
rep1,1.3309,4039,0
rep1,1.331,4040,0
rep1,1.331,4041,0
rep1,1.3311,4042,0
rep1,1.3311,4043,0
rep1,1.3314,4044,0
rep1,1.3317,4045,0
rep1,1.3317,4046,0
rep1,1.332,4047,0
rep1,1.3322,4048,0
rep1,1.3323,4049,0
rep1,1.3324,4050,0
rep1,1.3326,4051,0
rep1,1.3326,4052,0
rep1,1.3327,4053,0
rep1,1.3328,4054,0
rep1,1.3328,4055,0
rep1,1.3328,4056,0
rep1,1.333,4057,0
rep1,1.333,4058,0
rep1,1.3331,4059,0
rep1,1.3331,4060,0
rep1,1.3332,4061,0
rep1,1.3333,4062,0
rep1,1.3337,4063,0
rep1,1.334,4064,0
rep1,1.3341,4065,0
rep1,1.3342,4066,0
rep1,1.3343,4067,0
rep1,1.3344,4068,0
rep1,1.3346,4069,0
rep1,1.3347,4070,0
rep1,1.3347,4071,0
rep1,1.3349,4072,0
rep1,1.3349,4073,0
rep1,1.335,4074,0
rep1,1.335,4075,0
rep1,1.335,4076,0
rep1,1.3351,4077,0
rep1,1.3351,4078,0
rep1,1.3352,4079,0
rep1,1.3353,4080,0
rep1,1.3353,4081,0
rep1,1.3354,4082,0
rep1,1.3354,4083,0
rep1,1.3354,4084,0
rep1,1.3356,4085,0
rep1,1.3356,4086,0
rep1,1.3356,4087,0
rep1,1.3358,4088,0
rep1,1.3359,4089,0
rep1,1.3361,4090,0
rep1,1.3361,4091,0
rep1,1.3361,4092,0
rep1,1.3362,4093,0
rep1,1.3362,4094,0
rep1,1.3366,4095,0
rep1,1.3366,4096,0
rep1,1.3368,4097,0
rep1,1.3368,4098,0
rep1,1.3369,4099,0
rep1,1.3374,4100,0
rep1,1.3374,4101,0
rep1,1.3375,4102,0
rep1,1.3376,4103,0
rep1,1.3377,4104,0
rep1,1.3379,4105,0
rep1,1.3379,4106,0
rep1,1.338,4107,0
rep1,1.338,4108,0
rep1,1.3383,4109,0
rep1,1.3386,4110,0
rep1,1.3388,4111,0
rep1,1.339,4112,0
rep1,1.339,4113,0
rep1,1.3391,4114,0
rep1,1.3392,4115,0
rep1,1.3392,4116,0
rep1,1.3393,4117,0
rep1,1.3393,4118,0
rep1,1.3395,4119,0
rep1,1.3396,4120,0
rep1,1.3397,4121,0
rep1,1.3399,4122,0
rep1,1.34,4123,0
rep1,1.3401,4124,0
rep1,1.3401,4125,0
rep1,1.3403,4126,0
rep1,1.3403,4127,0
rep1,1.3404,4128,0
rep1,1.3404,4129,0
rep1,1.3404,4130,0
rep1,1.3405,4131,0
rep1,1.3408,4132,0
rep1,1.3408,4133,0
rep1,1.3411,4134,0
rep1,1.3411,4135,0
rep1,1.3411,4136,0
rep1,1.3412,4137,0
rep1,1.3413,4138,0
rep1,1.3413,4139,0
rep1,1.3414,4140,0
rep1,1.3414,4141,0
rep1,1.3414,4142,0
rep1,1.3415,4143,0
rep1,1.3415,4144,0
rep1,1.3419,4145,0
rep1,1.342,4146,0
rep1,1.3422,4147,0
rep1,1.3422,4148,0
rep1,1.3424,4149,0
rep1,1.3427,4150,0
rep1,1.3428,4151,0
rep1,1.3429,4152,0
rep1,1.343,4153,0
rep1,1.343,4154,0
rep1,1.3431,4155,0
rep1,1.3434,4156,0
rep1,1.3434,4157,0
rep1,1.3438,4158,0
rep1,1.3439,4159,0
rep1,1.3442,4160,0
rep1,1.3445,4161,0
rep1,1.3448,4162,0
rep1,1.3448,4163,0
rep1,1.3451,4164,0
rep1,1.3451,4165,0
rep1,1.3452,4166,0
rep1,1.3454,4167,0
rep1,1.346,4168,0
rep1,1.3461,4169,0
rep1,1.3463,4170,0
rep1,1.3464,4171,0
rep1,1.3464,4172,0
rep1,1.3464,4173,0
rep1,1.3464,4174,0
rep1,1.3465,4175,0
rep1,1.3468,4176,0
rep1,1.3469,4177,0
rep1,1.3471,4178,0
rep1,1.3471,4179,0
rep1,1.3472,4180,0
rep1,1.3473,4181,0
rep1,1.3476,4182,0
rep1,1.3476,4183,0
rep1,1.3477,4184,0
rep1,1.3477,4185,0
rep1,1.3478,4186,0
rep1,1.348,4187,0
rep1,1.348,4188,0
rep1,1.3482,4189,0
rep1,1.3482,4190,0
rep1,1.3483,4191,0
rep1,1.3484,4192,0
rep1,1.3485,4193,0
rep1,1.3485,4194,0
rep1,1.3486,4195,0
rep1,1.3487,4196,0
rep1,1.3488,4197,0
rep1,1.3491,4198,0
rep1,1.3493,4199,0
rep1,1.3494,4200,0
rep1,1.3495,4201,0
rep1,1.3498,4202,0
rep1,1.3499,4203,0
rep1,1.35,4204,0
rep1,1.35,4205,0
rep1,1.3501,4206,0
rep1,1.3501,4207,0
rep1,1.3503,4208,0
rep1,1.3503,4209,0
rep1,1.3504,4210,0
rep1,1.3504,4211,0
rep1,1.3506,4212,0
rep1,1.3509,4213,0
rep1,1.3509,4214,0
rep1,1.351,4215,0
rep1,1.351,4216,0
rep1,1.351,4217,0
rep1,1.3511,4218,0
rep1,1.3512,4219,0
rep1,1.3514,4220,0
rep1,1.3515,4221,0
rep1,1.3515,4222,0
rep1,1.3516,4223,0
rep1,1.3517,4224,0
rep1,1.3518,4225,0
rep1,1.3518,4226,0
rep1,1.3519,4227,0
rep1,1.3522,4228,0
rep1,1.3525,4229,0
rep1,1.3526,4230,0
rep1,1.3526,4231,0
rep1,1.3528,4232,0
rep1,1.3532,4233,0
rep1,1.3534,4234,0
rep1,1.3534,4235,0
rep1,1.3535,4236,0
rep1,1.3538,4237,0
rep1,1.354,4238,0
rep1,1.3541,4239,0
rep1,1.3543,4240,0
rep1,1.3544,4241,0
rep1,1.3544,4242,0
rep1,1.3544,4243,0
rep1,1.3547,4244,0
rep1,1.3549,4245,0
rep1,1.3549,4246,0
rep1,1.355,4247,0
rep1,1.3551,4248,0
rep1,1.3553,4249,0
rep1,1.3556,4250,0
rep1,1.3558,4251,0
rep1,1.356,4252,0
rep1,1.3561,4253,0
rep1,1.3564,4254,0
rep1,1.3568,4255,0
rep1,1.3571,4256,0
rep1,1.3573,4257,0
rep1,1.3574,4258,0
rep1,1.3576,4259,0
rep1,1.3577,4260,0
rep1,1.3578,4261,0
rep1,1.3579,4262,0
rep1,1.358,4263,0
rep1,1.3581,4264,0
rep1,1.3582,4265,0
rep1,1.3583,4266,0
rep1,1.3586,4267,0
rep1,1.3587,4268,0
rep1,1.3589,4269,0
rep1,1.359,4270,0
rep1,1.359,4271,0
rep1,1.3591,4272,0
rep1,1.3591,4273,0
rep1,1.3594,4274,0
rep1,1.3595,4275,0
rep1,1.3596,4276,0
rep1,1.3597,4277,0
rep1,1.3599,4278,0
rep1,1.3601,4279,0
rep1,1.3603,4280,0
rep1,1.3603,4281,0
rep1,1.3604,4282,0
rep1,1.3605,4283,0
rep1,1.3605,4284,0
rep1,1.3605,4285,0
rep1,1.3606,4286,0
rep1,1.3609,4287,0
rep1,1.3609,4288,0
rep1,1.361,4289,0
rep1,1.3611,4290,0
rep1,1.3615,4291,0
rep1,1.3616,4292,0
rep1,1.3616,4293,0
rep1,1.3617,4294,0
rep1,1.3617,4295,0
rep1,1.3618,4296,0
rep1,1.3619,4297,0
rep1,1.3621,4298,0
rep1,1.3622,4299,0
rep1,1.3625,4300,0
rep1,1.3629,4301,0
rep1,1.3631,4302,0
rep1,1.3634,4303,0
rep1,1.3635,4304,0
rep1,1.3636,4305,0
rep1,1.3636,4306,0
rep1,1.3637,4307,0
rep1,1.3639,4308,0
rep1,1.3639,4309,0
rep1,1.3645,4310,0
rep1,1.3646,4311,0
rep1,1.3647,4312,0
rep1,1.3649,4313,0
rep1,1.3652,4314,0
rep1,1.3653,4315,0
rep1,1.3656,4316,0
rep1,1.3656,4317,0
rep1,1.3661,4318,0
rep1,1.3662,4319,0
rep1,1.3663,4320,0
rep1,1.3663,4321,0
rep1,1.3667,4322,0
rep1,1.3667,4323,0
rep1,1.3667,4324,0
rep1,1.3668,4325,0
rep1,1.3668,4326,0
rep1,1.3668,4327,0
rep1,1.3669,4328,0
rep1,1.367,4329,0
rep1,1.367,4330,0
rep1,1.3671,4331,0
rep1,1.3672,4332,0
rep1,1.3672,4333,0
rep1,1.3673,4334,0
rep1,1.3674,4335,0
rep1,1.3675,4336,0
rep1,1.3675,4337,0
rep1,1.3676,4338,0
rep1,1.3678,4339,0
rep1,1.3679,4340,0
rep1,1.3681,4341,0
rep1,1.3681,4342,0
rep1,1.3681,4343,0
rep1,1.3683,4344,0
rep1,1.3684,4345,0
rep1,1.3685,4346,0
rep1,1.3686,4347,0
rep1,1.3687,4348,0
rep1,1.3689,4349,0
rep1,1.3689,4350,0
rep1,1.3689,4351,0
rep1,1.3691,4352,0
rep1,1.3693,4353,0
rep1,1.3696,4354,0
rep1,1.3697,4355,0
rep1,1.3697,4356,0
rep1,1.37,4357,0
rep1,1.3702,4358,0
rep1,1.3709,4359,0
rep1,1.3711,4360,0
rep1,1.3712,4361,0
rep1,1.3712,4362,0
rep1,1.3715,4363,0
rep1,1.3715,4364,0
rep1,1.3715,4365,0
rep1,1.3717,4366,0
rep1,1.3719,4367,0
rep1,1.372,4368,0
rep1,1.3722,4369,0
rep1,1.3724,4370,0
rep1,1.3726,4371,0
rep1,1.3734,4372,0
rep1,1.3741,4373,0
rep1,1.3742,4374,0
rep1,1.3742,4375,0
rep1,1.3744,4376,0
rep1,1.3745,4377,0
rep1,1.3745,4378,0
rep1,1.3746,4379,0
rep1,1.3746,4380,0
rep1,1.3747,4381,0
rep1,1.3747,4382,0
rep1,1.3748,4383,0
rep1,1.3752,4384,0
rep1,1.3754,4385,0
rep1,1.3754,4386,0
rep1,1.3754,4387,0
rep1,1.3755,4388,0
rep1,1.376,4389,0
rep1,1.3762,4390,0
rep1,1.377,4391,0
rep1,1.3772,4392,0
rep1,1.3773,4393,0
rep1,1.3775,4394,0
rep1,1.3777,4395,0
rep1,1.378,4396,0
rep1,1.3781,4397,0
rep1,1.3781,4398,0
rep1,1.3782,4399,0
rep1,1.3787,4400,0
rep1,1.3787,4401,0
rep1,1.3788,4402,0
rep1,1.3788,4403,0
rep1,1.379,4404,0
rep1,1.379,4405,0
rep1,1.3792,4406,0
rep1,1.3801,4407,0
rep1,1.3804,4408,0
rep1,1.3804,4409,0
rep1,1.3807,4410,0
rep1,1.3809,4411,0
rep1,1.3809,4412,0
rep1,1.3811,4413,0
rep1,1.3814,4414,0
rep1,1.3815,4415,0
rep1,1.3817,4416,0
rep1,1.382,4417,0
rep1,1.3821,4418,0
rep1,1.3822,4419,0
rep1,1.3822,4420,0
rep1,1.3822,4421,0
rep1,1.3823,4422,0
rep1,1.3826,4423,0
rep1,1.3826,4424,0
rep1,1.3829,4425,0
rep1,1.383,4426,0
rep1,1.383,4427,0
rep1,1.3832,4428,0
rep1,1.3832,4429,0
rep1,1.3835,4430,0
rep1,1.3836,4431,0
rep1,1.3839,4432,0
rep1,1.3839,4433,0
rep1,1.3842,4434,0
rep1,1.3843,4435,0
rep1,1.3843,4436,0
rep1,1.3845,4437,0
rep1,1.3846,4438,0
rep1,1.3848,4439,0
rep1,1.3849,4440,0
rep1,1.3851,4441,0
rep1,1.3852,4442,0
rep1,1.3852,4443,0
rep1,1.3858,4444,0
rep1,1.3865,4445,0
rep1,1.3867,4446,0
rep1,1.3867,4447,0
rep1,1.3868,4448,0
rep1,1.3869,4449,0
rep1,1.387,4450,0
rep1,1.3872,4451,0
rep1,1.3873,4452,0
rep1,1.3873,4453,0
rep1,1.3874,4454,0
rep1,1.3876,4455,0
rep1,1.3877,4456,0
rep1,1.3884,4457,0
rep1,1.3885,4458,0
rep1,1.3886,4459,0
rep1,1.3887,4460,0
rep1,1.3887,4461,0
rep1,1.3888,4462,0
rep1,1.3889,4463,0
rep1,1.3892,4464,0
rep1,1.3893,4465,0
rep1,1.3894,4466,0
rep1,1.3894,4467,0
rep1,1.3895,4468,0
rep1,1.3897,4469,0
rep1,1.3897,4470,0
rep1,1.3898,4471,0
rep1,1.3901,4472,0
rep1,1.3903,4473,0
rep1,1.3903,4474,0
rep1,1.3904,4475,0
rep1,1.3904,4476,0
rep1,1.3904,4477,0
rep1,1.3905,4478,0
rep1,1.3909,4479,0
rep1,1.3914,4480,0
rep1,1.3919,4481,0
rep1,1.392,4482,0
rep1,1.3922,4483,0
rep1,1.3924,4484,0
rep1,1.3924,4485,0
rep1,1.3924,4486,0
rep1,1.3926,4487,0
rep1,1.3928,4488,0
rep1,1.3928,4489,0
rep1,1.3929,4490,0
rep1,1.393,4491,0
rep1,1.3937,4492,0
rep1,1.3938,4493,0
rep1,1.394,4494,0
rep1,1.394,4495,0
rep1,1.3943,4496,0
rep1,1.3945,4497,0
rep1,1.3951,4498,0
rep1,1.3954,4499,0
rep1,1.3955,4500,0
rep1,1.3958,4501,0
rep1,1.3959,4502,0
rep1,1.396,4503,0
rep1,1.3962,4504,0
rep1,1.3963,4505,0
rep1,1.3966,4506,0
rep1,1.3967,4507,0
rep1,1.3968,4508,0
rep1,1.397,4509,0
rep1,1.3972,4510,0
rep1,1.3972,4511,0
rep1,1.3974,4512,0
rep1,1.3975,4513,0
rep1,1.398,4514,0
rep1,1.3986,4515,0
rep1,1.3987,4516,0
rep1,1.399,4517,0
rep1,1.3992,4518,0
rep1,1.3993,4519,0
rep1,1.3994,4520,0
rep1,1.3994,4521,0
rep1,1.3997,4522,0
rep1,1.3998,4523,0
rep1,1.3999,4524,0
rep1,1.4004,4525,0
rep1,1.4004,4526,0
rep1,1.4009,4527,0
rep1,1.4016,4528,0
rep1,1.4019,4529,0
rep1,1.4022,4530,0
rep1,1.4026,4531,0
rep1,1.4027,4532,0
rep1,1.4029,4533,0
rep1,1.4037,4534,0
rep1,1.4038,4535,0
rep1,1.4043,4536,0
rep1,1.4044,4537,0
rep1,1.405,4538,0
rep1,1.405,4539,0
rep1,1.4053,4540,0
rep1,1.4053,4541,0
rep1,1.4055,4542,0
rep1,1.4056,4543,0
rep1,1.4057,4544,0
rep1,1.4057,4545,0
rep1,1.4058,4546,0
rep1,1.4059,4547,0
rep1,1.4061,4548,0
rep1,1.4061,4549,0
rep1,1.4066,4550,0
rep1,1.4067,4551,0
rep1,1.4068,4552,0
rep1,1.4069,4553,0
rep1,1.4082,4554,0
rep1,1.4084,4555,0
rep1,1.4084,4556,0
rep1,1.4084,4557,0
rep1,1.4088,4558,0
rep1,1.4091,4559,0
rep1,1.4094,4560,0
rep1,1.4095,4561,0
rep1,1.4098,4562,0
rep1,1.4099,4563,0
rep1,1.41,4564,0
rep1,1.4102,4565,0
rep1,1.4102,4566,0
rep1,1.4106,4567,0
rep1,1.4106,4568,0
rep1,1.4108,4569,0
rep1,1.4109,4570,0
rep1,1.411,4571,0
rep1,1.4111,4572,0
rep1,1.4112,4573,0
rep1,1.4121,4574,0
rep1,1.4122,4575,0
rep1,1.4124,4576,0
rep1,1.4125,4577,0
rep1,1.4125,4578,0
rep1,1.4127,4579,0
rep1,1.4129,4580,0
rep1,1.4129,4581,0
rep1,1.413,4582,0
rep1,1.4134,4583,0
rep1,1.4137,4584,0
rep1,1.4139,4585,0
rep1,1.414,4586,0
rep1,1.4146,4587,0
rep1,1.4151,4588,0
rep1,1.4159,4589,0
rep1,1.4159,4590,0
rep1,1.4159,4591,0
rep1,1.416,4592,0
rep1,1.4161,4593,0
rep1,1.4165,4594,0
rep1,1.4169,4595,0
rep1,1.4172,4596,0
rep1,1.4173,4597,0
rep1,1.4174,4598,0
rep1,1.4176,4599,0
rep1,1.4177,4600,0
rep1,1.4178,4601,0
rep1,1.4181,4602,0
rep1,1.4182,4603,0
rep1,1.4183,4604,0
rep1,1.4192,4605,0
rep1,1.4194,4606,0
rep1,1.42,4607,0
rep1,1.42,4608,0
rep1,1.42,4609,0
rep1,1.4201,4610,0
rep1,1.4202,4611,0
rep1,1.4204,4612,0
rep1,1.4205,4613,0
rep1,1.4209,4614,0
rep1,1.4217,4615,0
rep1,1.4219,4616,0
rep1,1.4224,4617,0
rep1,1.4224,4618,0
rep1,1.4225,4619,0
rep1,1.4226,4620,0
rep1,1.4226,4621,0
rep1,1.4228,4622,0
rep1,1.423,4623,0
rep1,1.423,4624,0
rep1,1.4232,4625,0
rep1,1.4233,4626,0
rep1,1.4235,4627,0
rep1,1.4236,4628,0
rep1,1.4237,4629,0
rep1,1.4238,4630,0
rep1,1.424,4631,0
rep1,1.4241,4632,0
rep1,1.4246,4633,0
rep1,1.4249,4634,0
rep1,1.4249,4635,0
rep1,1.4253,4636,0
rep1,1.4255,4637,0
rep1,1.4255,4638,0
rep1,1.4258,4639,0
rep1,1.426,4640,0
rep1,1.4261,4641,0
rep1,1.4263,4642,0
rep1,1.4266,4643,0
rep1,1.4267,4644,0
rep1,1.427,4645,0
rep1,1.4273,4646,0
rep1,1.4278,4647,0
rep1,1.4284,4648,0
rep1,1.4285,4649,0
rep1,1.4285,4650,0
rep1,1.429,4651,0
rep1,1.4291,4652,0
rep1,1.4292,4653,0
rep1,1.4294,4654,0
rep1,1.43,4655,0
rep1,1.4303,4656,0
rep1,1.4305,4657,0
rep1,1.4308,4658,0
rep1,1.4309,4659,0
rep1,1.431,4660,0
rep1,1.4311,4661,0
rep1,1.4314,4662,0
rep1,1.4322,4663,0
rep1,1.4329,4664,0
rep1,1.4329,4665,0
rep1,1.433,4666,0
rep1,1.4333,4667,0
rep1,1.4336,4668,0
rep1,1.4336,4669,0
rep1,1.4339,4670,0
rep1,1.434,4671,0
rep1,1.4341,4672,0
rep1,1.4343,4673,0
rep1,1.4344,4674,0
rep1,1.4347,4675,0
rep1,1.4355,4676,0
rep1,1.4357,4677,0
rep1,1.4357,4678,0
rep1,1.436,4679,0
rep1,1.4363,4680,0
rep1,1.4363,4681,0
rep1,1.4367,4682,0
rep1,1.4367,4683,0
rep1,1.4368,4684,0
rep1,1.4371,4685,0
rep1,1.4371,4686,0
rep1,1.4376,4687,0
rep1,1.438,4688,0
rep1,1.4384,4689,0
rep1,1.4398,4690,0
rep1,1.441,4691,0
rep1,1.4413,4692,0
rep1,1.4414,4693,0
rep1,1.4416,4694,0
rep1,1.4428,4695,0
rep1,1.4429,4696,0
rep1,1.443,4697,0
rep1,1.4434,4698,0
rep1,1.444,4699,0
rep1,1.4442,4700,0
rep1,1.4443,4701,0
rep1,1.4453,4702,0
rep1,1.4454,4703,0
rep1,1.4454,4704,0
rep1,1.4455,4705,0
rep1,1.4456,4706,0
rep1,1.4462,4707,0
rep1,1.4465,4708,0
rep1,1.4471,4709,0
rep1,1.4474,4710,0
rep1,1.4475,4711,0
rep1,1.4477,4712,0
rep1,1.4477,4713,0
rep1,1.448,4714,0
rep1,1.4489,4715,0
rep1,1.449,4716,0
rep1,1.4494,4717,0
rep1,1.4497,4718,0
rep1,1.4505,4719,0
rep1,1.4505,4720,0
rep1,1.4507,4721,0
rep1,1.4507,4722,0
rep1,1.4509,4723,0
rep1,1.4512,4724,0
rep1,1.4514,4725,0
rep1,1.4518,4726,0
rep1,1.4519,4727,0
rep1,1.452,4728,0
rep1,1.4522,4729,0
rep1,1.4523,4730,0
rep1,1.4524,4731,0
rep1,1.4526,4732,0
rep1,1.4531,4733,0
rep1,1.4531,4734,0
rep1,1.4534,4735,0
rep1,1.4537,4736,0
rep1,1.4542,4737,0
rep1,1.4546,4738,0
rep1,1.4552,4739,0
rep1,1.4554,4740,0
rep1,1.4557,4741,0
rep1,1.4558,4742,0
rep1,1.4559,4743,0
rep1,1.4562,4744,0
rep1,1.4565,4745,0
rep1,1.4566,4746,0
rep1,1.4568,4747,0
rep1,1.457,4748,0
rep1,1.457,4749,0
rep1,1.4571,4750,0
rep1,1.4572,4751,0
rep1,1.4573,4752,0
rep1,1.4574,4753,0
rep1,1.4579,4754,0
rep1,1.4587,4755,0
rep1,1.4595,4756,0
rep1,1.4601,4757,0
rep1,1.4602,4758,0
rep1,1.4606,4759,0
rep1,1.4607,4760,0
rep1,1.4611,4761,0
rep1,1.4616,4762,0
rep1,1.4618,4763,0
rep1,1.4622,4764,0
rep1,1.4625,4765,0
rep1,1.463,4766,0
rep1,1.4637,4767,0
rep1,1.4643,4768,0
rep1,1.4651,4769,0
rep1,1.4653,4770,0
rep1,1.4655,4771,0
rep1,1.4655,4772,0
rep1,1.4658,4773,0
rep1,1.4659,4774,0
rep1,1.4663,4775,0
rep1,1.4668,4776,0
rep1,1.4668,4777,0
rep1,1.4668,4778,0
rep1,1.4673,4779,0
rep1,1.4675,4780,0
rep1,1.4678,4781,0
rep1,1.4679,4782,0
rep1,1.4696,4783,0
rep1,1.4711,4784,0
rep1,1.4713,4785,0
rep1,1.4714,4786,0
rep1,1.4723,4787,0
rep1,1.4723,4788,0
rep1,1.4733,4789,0
rep1,1.4737,4790,0
rep1,1.4759,4791,0
rep1,1.4762,4792,0
rep1,1.4765,4793,0
rep1,1.4765,4794,0
rep1,1.4769,4795,0
rep1,1.4771,4796,0
rep1,1.478,4797,0
rep1,1.4781,4798,0
rep1,1.4784,4799,0
rep1,1.4794,4800,0
rep1,1.4808,4801,0
rep1,1.4808,4802,0
rep1,1.4809,4803,0
rep1,1.481,4804,0
rep1,1.4812,4805,0
rep1,1.4819,4806,0
rep1,1.4821,4807,0
rep1,1.4823,4808,0
rep1,1.4825,4809,0
rep1,1.4828,4810,0
rep1,1.483,4811,0
rep1,1.4835,4812,0
rep1,1.4835,4813,0
rep1,1.4841,4814,0
rep1,1.4846,4815,0
rep1,1.4851,4816,0
rep1,1.4853,4817,0
rep1,1.4854,4818,0
rep1,1.4855,4819,0
rep1,1.4856,4820,0
rep1,1.486,4821,0
rep1,1.4863,4822,0
rep1,1.4875,4823,0
rep1,1.4875,4824,0
rep1,1.4879,4825,0
rep1,1.488,4826,0
rep1,1.4885,4827,0
rep1,1.4889,4828,0
rep1,1.4891,4829,0
rep1,1.4901,4830,0
rep1,1.4918,4831,0
rep1,1.4919,4832,0
rep1,1.4925,4833,0
rep1,1.4926,4834,0
rep1,1.4932,4835,0
rep1,1.4935,4836,0
rep1,1.4936,4837,0
rep1,1.4943,4838,0
rep1,1.495,4839,0
rep1,1.4954,4840,0
rep1,1.4976,4841,0
rep1,1.4981,4842,0
rep1,1.4991,4843,0
rep1,1.4996,4844,0
rep1,1.5009,4845,0
rep1,1.5009,4846,0
rep1,1.5014,4847,0
rep1,1.5015,4848,0
rep1,1.5021,4849,0
rep1,1.5027,4850,0
rep1,1.5035,4851,0
rep1,1.505,4852,0
rep1,1.5051,4853,0
rep1,1.5055,4854,0
rep1,1.5055,4855,0
rep1,1.5063,4856,0
rep1,1.5072,4857,0
rep1,1.5073,4858,0
rep1,1.5078,4859,0
rep1,1.5095,4860,0
rep1,1.5103,4861,0
rep1,1.5105,4862,0
rep1,1.5111,4863,0
rep1,1.5113,4864,0
rep1,1.5121,4865,0
rep1,1.5124,4866,0
rep1,1.5126,4867,0
rep1,1.5127,4868,0
rep1,1.5131,4869,0
rep1,1.5131,4870,0
rep1,1.5139,4871,0
rep1,1.5142,4872,0
rep1,1.5143,4873,0
rep1,1.5146,4874,0
rep1,1.5153,4875,0
rep1,1.5164,4876,0
rep1,1.5164,4877,0
rep1,1.5172,4878,0
rep1,1.5184,4879,0
rep1,1.5187,4880,0
rep1,1.5192,4881,0
rep1,1.5201,4882,0
rep1,1.5206,4883,0
rep1,1.5218,4884,0
rep1,1.522,4885,0
rep1,1.5228,4886,0
rep1,1.5231,4887,0
rep1,1.524,4888,0
rep1,1.5252,4889,0
rep1,1.5275,4890,0
rep1,1.5282,4891,0
rep1,1.5293,4892,0
rep1,1.5299,4893,0
rep1,1.5306,4894,0
rep1,1.5308,4895,0
rep1,1.5309,4896,0
rep1,1.531,4897,0
rep1,1.5319,4898,0
rep1,1.5319,4899,0
rep1,1.5334,4900,0
rep1,1.5336,4901,0
rep1,1.5339,4902,0
rep1,1.5346,4903,0
rep1,1.5349,4904,0
rep1,1.5351,4905,0
rep1,1.5353,4906,0
rep1,1.5354,4907,0
rep1,1.5361,4908,0
rep1,1.5375,4909,0
rep1,1.5378,4910,0
rep1,1.5382,4911,0
rep1,1.54,4912,0
rep1,1.5403,4913,0
rep1,1.5427,4914,0
rep1,1.5431,4915,0
rep1,1.5445,4916,0
rep1,1.5455,4917,0
rep1,1.5467,4918,0
rep1,1.5491,4919,0
rep1,1.5497,4920,0
rep1,1.55,4921,0
rep1,1.5504,4922,0
rep1,1.5524,4923,0
rep1,1.5526,4924,0
rep1,1.5528,4925,0
rep1,1.5541,4926,0
rep1,1.5542,4927,0
rep1,1.5551,4928,0
rep1,1.5552,4929,0
rep1,1.5556,4930,0
rep1,1.5558,4931,0
rep1,1.5559,4932,0
rep1,1.5564,4933,0
rep1,1.5565,4934,0
rep1,1.5573,4935,0
rep1,1.5578,4936,0
rep1,1.5579,4937,0
rep1,1.5582,4938,0
rep1,1.5583,4939,0
rep1,1.5584,4940,0
rep1,1.5632,4941,0
rep1,1.5638,4942,0
rep1,1.5645,4943,0
rep1,1.5649,4944,0
rep1,1.565,4945,0
rep1,1.5663,4946,0
rep1,1.5679,4947,0
rep1,1.5685,4948,0
rep1,1.5696,4949,0
rep1,1.5713,4950,0
rep1,1.5723,4951,0
rep1,1.5727,4952,0
rep1,1.5727,4953,0
rep1,1.5731,4954,0
rep1,1.5764,4955,0
rep1,1.5791,4956,0
rep1,1.5793,4957,0
rep1,1.5833,4958,0
rep1,1.586,4959,0
rep1,1.5868,4960,0
rep1,1.5919,4961,0
rep1,1.5937,4962,0
rep1,1.5949,4963,0
rep1,1.597,4964,0
rep1,1.5973,4965,0
rep1,1.5987,4966,0
rep1,1.6019,4967,0
rep1,1.6057,4968,0
rep1,1.6059,4969,0
rep1,1.6091,4970,0
rep1,1.6093,4971,0
rep1,1.6096,4972,0
rep1,1.6097,4973,0
rep1,1.6121,4974,0
rep1,1.6124,4975,0
rep1,1.6132,4976,0
rep1,1.6141,4977,0
rep1,1.6147,4978,0
rep1,1.6192,4979,0
rep1,1.6202,4980,0
rep1,1.6211,4981,0
rep1,1.6227,4982,0
rep1,1.6256,4983,0
rep1,1.626,4984,0
rep1,1.6304,4985,0
rep1,1.6325,4986,0
rep1,1.6337,4987,0
rep1,1.6349,4988,0
rep1,1.6382,4989,0
rep1,1.6385,4990,0
rep1,1.6402,4991,0
rep1,1.6404,4992,0
rep1,1.6404,4993,0
rep1,1.641,4994,0
rep1,1.6452,4995,0
rep1,1.6484,4996,0
rep1,1.6491,4997,0
rep1,1.6499,4998,0
rep1,1.6504,4999,0
rep1,1.6517,5000,0
rep1,1.6569,5001,0
rep1,1.6629,5002,0
rep1,1.6631,5003,0
rep1,1.6658,5004,0
rep1,1.6672,5005,0
rep1,1.6711,5006,0
rep1,1.6725,5007,0
rep1,1.6754,5008,0
rep1,1.6772,5009,0
rep1,1.6811,5010,0
rep1,1.6819,5011,0
rep1,1.6889,5012,0
rep1,1.6927,5013,0
rep1,1.6934,5014,0
rep1,1.696,5015,0
rep1,1.6984,5016,0
rep1,1.701,5017,0
rep1,1.7055,5018,0
rep1,1.7084,5019,0
rep1,1.7209,5020,0
rep1,1.7236,5021,0
rep1,1.7295,5022,0
rep1,1.7342,5023,0
rep1,1.7343,5024,0
rep1,1.7362,5025,0
rep1,1.7489,5026,0
rep1,1.7641,5027,0
rep1,1.7777,5028,0
rep1,1.8231,5029,0
rep1,1.8531,5030,0
rep1,1.9329,5031,0
rep1,1.938,5032,0
rep1,1.9553,5033,0
rep1,1.9582,5034,0
rep1,2.0153,5035,0
rep1,2.016,5036,0
rep1,2.0165,5037,0
rep1,2.0166,5038,0
rep1,2.0206,5039,0
rep1,2.0215,5040,0
rep1,2.0215,5041,0
rep1,2.022,5042,0
rep1,2.0223,5043,0
rep1,2.0224,5044,0
rep1,2.0231,5045,0
rep1,2.0244,5046,0
rep1,2.0292,5047,0
rep1,2.0477,5048,0
rep1,2.048,5049,0
rep1,2.0481,5050,0
rep1,2.0484,5051,0
rep1,2.0484,5052,0
rep1,2.0484,5053,0
rep1,2.0485,5054,0
rep1,2.0485,5055,0
rep1,2.0486,5056,0
rep1,2.0489,5057,0
rep1,2.049,5058,0
rep1,2.049,5059,0
rep1,2.0491,5060,0
rep1,2.0492,5061,0
rep1,2.0492,5062,0
rep1,2.0493,5063,0
rep1,2.0495,5064,0
rep1,2.0496,5065,0
rep1,2.0498,5066,0
rep1,2.0499,5067,0
rep1,2.0503,5068,0
rep1,2.0503,5069,0
rep1,2.0504,5070,0
rep1,2.0508,5071,0
rep1,2.0509,5072,0
rep1,2.0509,5073,0
rep1,2.051,5074,0
rep1,2.051,5075,0
rep1,2.0511,5076,0
rep1,2.0513,5077,0
rep1,2.0514,5078,0
rep1,2.0514,5079,0
rep1,2.0515,5080,0
rep1,2.0515,5081,0
rep1,2.0518,5082,0
rep1,2.052,5083,0
rep1,2.0521,5084,0
rep1,2.0524,5085,0
rep1,2.0526,5086,0
rep1,2.0527,5087,0
rep1,2.0529,5088,0
rep1,2.0532,5089,0
rep1,2.0532,5090,0
rep1,2.0533,5091,0
rep1,2.0535,5092,0
rep1,2.0535,5093,0
rep1,2.0535,5094,0
rep1,2.0535,5095,0
rep1,2.0541,5096,0
rep1,2.0543,5097,0
rep1,2.0544,5098,0
rep1,2.0545,5099,0
rep1,2.0551,5100,0
rep1,2.0554,5101,0
rep1,2.0556,5102,0
rep1,2.0556,5103,0
rep1,2.056,5104,0
rep1,2.0562,5105,0
rep1,2.0563,5106,0
rep1,2.0563,5107,0
rep1,2.0567,5108,0
rep1,2.0568,5109,0
rep1,2.0569,5110,0
rep1,2.0575,5111,0
rep1,2.0578,5112,0
rep1,2.0592,5113,0
rep1,2.0594,5114,0
rep1,2.0596,5115,0
rep1,2.0597,5116,0
rep1,2.06,5117,0
rep1,2.0601,5118,0
rep1,2.0603,5119,0
rep1,2.0608,5120,0
rep1,2.0612,5121,0
rep1,2.062,5122,0
rep1,2.0627,5123,0
rep1,2.0644,5124,0
rep1,2.0645,5125,0
rep1,2.0666,5126,0
rep1,2.0708,5127,0
rep1,2.0729,5128,0
rep1,2.0745,5129,0
rep1,2.0767,5130,0
rep1,2.0778,5131,0
rep1,2.0811,5132,0
rep1,2.0812,5133,0
rep1,2.0812,5134,0
rep1,2.0812,5135,0
rep1,2.0812,5136,0
rep1,2.0813,5137,0
rep1,2.0814,5138,0
rep1,2.0815,5139,0
rep1,2.0816,5140,0
rep1,2.0816,5141,0
rep1,2.0817,5142,0
rep1,2.0818,5143,0
rep1,2.0818,5144,0
rep1,2.0819,5145,0
rep1,2.0819,5146,0
rep1,2.082,5147,0
rep1,2.0821,5148,0
rep1,2.0821,5149,0
rep1,2.0823,5150,0
rep1,2.0823,5151,0
rep1,2.0823,5152,0
rep1,2.0825,5153,0
rep1,2.0825,5154,0
rep1,2.0826,5155,0
rep1,2.0826,5156,0
rep1,2.0827,5157,0
rep1,2.0827,5158,0
rep1,2.0827,5159,0
rep1,2.0827,5160,0
rep1,2.0828,5161,0
rep1,2.0828,5162,0
rep1,2.0829,5163,0
rep1,2.083,5164,0
rep1,2.083,5165,0
rep1,2.0831,5166,0
rep1,2.0831,5167,0
rep1,2.0831,5168,0
rep1,2.0832,5169,0
rep1,2.0834,5170,0
rep1,2.0834,5171,0
rep1,2.0834,5172,0
rep1,2.0836,5173,0
rep1,2.0836,5174,0
rep1,2.0837,5175,0
rep1,2.0838,5176,0
rep1,2.0839,5177,0
rep1,2.0839,5178,0
rep1,2.0839,5179,0
rep1,2.0839,5180,0
rep1,2.0841,5181,0
rep1,2.0841,5182,0
rep1,2.0841,5183,0
rep1,2.0842,5184,0
rep1,2.0847,5185,0
rep1,2.0847,5186,0
rep1,2.0848,5187,0
rep1,2.0848,5188,0
rep1,2.0849,5189,0
rep1,2.0851,5190,0
rep1,2.0851,5191,0
rep1,2.0853,5192,0
rep1,2.0854,5193,0
rep1,2.0855,5194,0
rep1,2.0855,5195,0
rep1,2.0858,5196,0
rep1,2.086,5197,0
rep1,2.0861,5198,0
rep1,2.0863,5199,0
rep1,2.0863,5200,0
rep1,2.0865,5201,0
rep1,2.0866,5202,0
rep1,2.0866,5203,0
rep1,2.0868,5204,0
rep1,2.0869,5205,0
rep1,2.087,5206,0
rep1,2.087,5207,0
rep1,2.0871,5208,0
rep1,2.0874,5209,0
rep1,2.0874,5210,0
rep1,2.0874,5211,0
rep1,2.0876,5212,0
rep1,2.0876,5213,0
rep1,2.0879,5214,0
rep1,2.0879,5215,0
rep1,2.0879,5216,0
rep1,2.0881,5217,0
rep1,2.0883,5218,0
rep1,2.0883,5219,0
rep1,2.0884,5220,0
rep1,2.0887,5221,0
rep1,2.0888,5222,0
rep1,2.0891,5223,0
rep1,2.0892,5224,0
rep1,2.0892,5225,0
rep1,2.0892,5226,0
rep1,2.0893,5227,0
rep1,2.0894,5228,0
rep1,2.0895,5229,0
rep1,2.0896,5230,0
rep1,2.0897,5231,0
rep1,2.0901,5232,0
rep1,2.0902,5233,0
rep1,2.0903,5234,0
rep1,2.0903,5235,0
rep1,2.0905,5236,0
rep1,2.0908,5237,0
rep1,2.0909,5238,0
rep1,2.091,5239,0
rep1,2.0913,5240,0
rep1,2.0913,5241,0
rep1,2.0916,5242,0
rep1,2.0919,5243,0
rep1,2.092,5244,0
rep1,2.0921,5245,0
rep1,2.0923,5246,0
rep1,2.0926,5247,0
rep1,2.0927,5248,0
rep1,2.0929,5249,0
rep1,2.093,5250,0
rep1,2.093,5251,0
rep1,2.0931,5252,0
rep1,2.0932,5253,0
rep1,2.0933,5254,0
rep1,2.0934,5255,0
rep1,2.0937,5256,0
rep1,2.0938,5257,0
rep1,2.0939,5258,0
rep1,2.0939,5259,0
rep1,2.0939,5260,0
rep1,2.094,5261,0
rep1,2.0941,5262,0
rep1,2.0943,5263,0
rep1,2.0945,5264,0
rep1,2.0949,5265,0
rep1,2.0951,5266,0
rep1,2.0952,5267,0
rep1,2.0953,5268,0
rep1,2.0954,5269,0
rep1,2.0959,5270,0
rep1,2.0961,5271,0
rep1,2.0961,5272,0
rep1,2.0962,5273,0
rep1,2.0965,5274,0
rep1,2.0967,5275,0
rep1,2.0968,5276,0
rep1,2.097,5277,0
rep1,2.0978,5278,0
rep1,2.098,5279,0
rep1,2.0981,5280,0
rep1,2.0994,5281,0
rep1,2.0995,5282,0
rep1,2.0997,5283,0
rep1,2.0998,5284,0
rep1,2.1003,5285,0
rep1,2.1006,5286,0
rep1,2.1007,5287,0
rep1,2.1014,5288,0
rep1,2.1014,5289,0
rep1,2.1016,5290,0
rep1,2.1016,5291,0
rep1,2.1029,5292,0
rep1,2.103,5293,0
rep1,2.1031,5294,0
rep1,2.1041,5295,0
rep1,2.1076,5296,0
rep1,2.1081,5297,0
rep1,2.1089,5298,0
rep1,2.112,5299,0
rep1,2.1139,5300,0
rep1,2.1145,5301,0
rep1,2.1147,5302,0
rep1,2.1147,5303,0
rep1,2.1147,5304,0
rep1,2.1147,5305,0
rep1,2.1148,5306,0
rep1,2.1149,5307,0
rep1,2.115,5308,0
rep1,2.115,5309,0
rep1,2.1151,5310,0
rep1,2.1151,5311,0
rep1,2.1151,5312,0
rep1,2.1152,5313,0
rep1,2.1152,5314,0
rep1,2.1153,5315,0
rep1,2.1154,5316,0
rep1,2.1154,5317,0
rep1,2.1155,5318,0
rep1,2.1157,5319,0
rep1,2.1157,5320,0
rep1,2.1158,5321,0
rep1,2.1158,5322,0
rep1,2.1159,5323,0
rep1,2.1159,5324,0
rep1,2.1161,5325,0
rep1,2.1163,5326,0
rep1,2.1164,5327,0
rep1,2.1166,5328,0
rep1,2.1167,5329,0
rep1,2.1167,5330,0
rep1,2.1168,5331,0
rep1,2.1168,5332,0
rep1,2.1169,5333,0
rep1,2.1169,5334,0
rep1,2.1172,5335,0
rep1,2.1174,5336,0
rep1,2.1174,5337,0
rep1,2.1174,5338,0
rep1,2.1177,5339,0
rep1,2.1178,5340,0
rep1,2.1178,5341,0
rep1,2.1179,5342,0
rep1,2.1184,5343,0
rep1,2.1186,5344,0
rep1,2.1187,5345,0
rep1,2.1187,5346,0
rep1,2.1187,5347,0
rep1,2.1188,5348,0
rep1,2.1188,5349,0
rep1,2.1189,5350,0
rep1,2.119,5351,0
rep1,2.119,5352,0
rep1,2.119,5353,0
rep1,2.1191,5354,0
rep1,2.1192,5355,0
rep1,2.1192,5356,0
rep1,2.1192,5357,0
rep1,2.1194,5358,0
rep1,2.1196,5359,0
rep1,2.1196,5360,0
rep1,2.1197,5361,0
rep1,2.1198,5362,0
rep1,2.1198,5363,0
rep1,2.12,5364,0
rep1,2.12,5365,0
rep1,2.1201,5366,0
rep1,2.1201,5367,0
rep1,2.1202,5368,0
rep1,2.1203,5369,0
rep1,2.1206,5370,0
rep1,2.1207,5371,0
rep1,2.1207,5372,0
rep1,2.1209,5373,0
rep1,2.1209,5374,0
rep1,2.121,5375,0
rep1,2.1211,5376,0
rep1,2.1212,5377,0
rep1,2.1213,5378,0
rep1,2.1216,5379,0
rep1,2.1217,5380,0
rep1,2.1217,5381,0
rep1,2.1218,5382,0
rep1,2.1218,5383,0
rep1,2.1219,5384,0
rep1,2.122,5385,0
rep1,2.1222,5386,0
rep1,2.1223,5387,0
rep1,2.1227,5388,0
rep1,2.1227,5389,0
rep1,2.1229,5390,0
rep1,2.1229,5391,0
rep1,2.1231,5392,0
rep1,2.1231,5393,0
rep1,2.1235,5394,0
rep1,2.1235,5395,0
rep1,2.1237,5396,0
rep1,2.1239,5397,0
rep1,2.1239,5398,0
rep1,2.124,5399,0
rep1,2.1242,5400,0
rep1,2.1243,5401,0
rep1,2.1244,5402,0
rep1,2.1244,5403,0
rep1,2.1245,5404,0
rep1,2.1245,5405,0
rep1,2.1245,5406,0
rep1,2.1245,5407,0
rep1,2.1248,5408,0
rep1,2.1256,5409,0
rep1,2.1261,5410,0
rep1,2.1262,5411,0
rep1,2.1263,5412,0
rep1,2.1263,5413,0
rep1,2.1266,5414,0
rep1,2.1268,5415,0
rep1,2.1268,5416,0
rep1,2.127,5417,0
rep1,2.127,5418,0
rep1,2.1278,5419,0
rep1,2.1279,5420,0
rep1,2.1281,5421,0
rep1,2.1283,5422,0
rep1,2.1284,5423,0
rep1,2.1285,5424,0
rep1,2.129,5425,0
rep1,2.1292,5426,0
rep1,2.1294,5427,0
rep1,2.1296,5428,0
rep1,2.1301,5429,0
rep1,2.1302,5430,0
rep1,2.1303,5431,0
rep1,2.1307,5432,0
rep1,2.1307,5433,0
rep1,2.1308,5434,0
rep1,2.1313,5435,0
rep1,2.1317,5436,0
rep1,2.1317,5437,0
rep1,2.1319,5438,0
rep1,2.1324,5439,0
rep1,2.1328,5440,0
rep1,2.1333,5441,0
rep1,2.1337,5442,0
rep1,2.1344,5443,0
rep1,2.1348,5444,0
rep1,2.1348,5445,0
rep1,2.1351,5446,0
rep1,2.1362,5447,0
rep1,2.1396,5448,0
rep1,2.1403,5449,0
rep1,2.1414,5450,0
rep1,2.1421,5451,0
rep1,2.1424,5452,0
rep1,2.1424,5453,0
rep1,2.1427,5454,0
rep1,2.1427,5455,0
rep1,2.1428,5456,0
rep1,2.1442,5457,0
rep1,2.1443,5458,0
rep1,2.1448,5459,0
rep1,2.1449,5460,0
rep1,2.1457,5461,0
rep1,2.1465,5462,0
rep1,2.1472,5463,0
rep1,2.148,5464,0
rep1,2.1481,5465,0
rep1,2.1481,5466,0
rep1,2.1481,5467,0
rep1,2.1482,5468,0
rep1,2.1483,5469,0
rep1,2.1483,5470,0
rep1,2.1483,5471,0
rep1,2.1484,5472,0
rep1,2.1485,5473,0
rep1,2.1485,5474,0
rep1,2.1487,5475,0
rep1,2.1488,5476,0
rep1,2.149,5477,0
rep1,2.1491,5478,0
rep1,2.1491,5479,0
rep1,2.1494,5480,0
rep1,2.1495,5481,0
rep1,2.1496,5482,0
rep1,2.1497,5483,0
rep1,2.1497,5484,0
rep1,2.1498,5485,0
rep1,2.1498,5486,0
rep1,2.1499,5487,0
rep1,2.15,5488,0
rep1,2.15,5489,0
rep1,2.1501,5490,0
rep1,2.1501,5491,0
rep1,2.1502,5492,0
rep1,2.1502,5493,0
rep1,2.1502,5494,0
rep1,2.1502,5495,0
rep1,2.1503,5496,0
rep1,2.1505,5497,0
rep1,2.1506,5498,0
rep1,2.1508,5499,0
rep1,2.1509,5500,0
rep1,2.1509,5501,0
rep1,2.1516,5502,0
rep1,2.1516,5503,0
rep1,2.1518,5504,0
rep1,2.1519,5505,0
rep1,2.1521,5506,0
rep1,2.1521,5507,0
rep1,2.1522,5508,0
rep1,2.1522,5509,0
rep1,2.1522,5510,0
rep1,2.1522,5511,0
rep1,2.1524,5512,0
rep1,2.1525,5513,0
rep1,2.1525,5514,0
rep1,2.1525,5515,0
rep1,2.1526,5516,0
rep1,2.1526,5517,0
rep1,2.1529,5518,0
rep1,2.1529,5519,0
rep1,2.153,5520,0
rep1,2.1531,5521,0
rep1,2.1531,5522,0
rep1,2.1531,5523,0
rep1,2.1532,5524,0
rep1,2.1533,5525,0
rep1,2.1534,5526,0
rep1,2.1535,5527,0
rep1,2.1536,5528,0
rep1,2.1538,5529,0
rep1,2.1539,5530,0
rep1,2.1539,5531,0
rep1,2.1539,5532,0
rep1,2.154,5533,0
rep1,2.1541,5534,0
rep1,2.1542,5535,0
rep1,2.1543,5536,0
rep1,2.1543,5537,0
rep1,2.1543,5538,0
rep1,2.1544,5539,0
rep1,2.1546,5540,0
rep1,2.1547,5541,0
rep1,2.1547,5542,0
rep1,2.1549,5543,0
rep1,2.1549,5544,0
rep1,2.1552,5545,0
rep1,2.1553,5546,0
rep1,2.1554,5547,0
rep1,2.1558,5548,0
rep1,2.1559,5549,0
rep1,2.156,5550,0
rep1,2.1561,5551,0
rep1,2.1563,5552,0
rep1,2.1564,5553,0
rep1,2.1567,5554,0
rep1,2.1572,5555,0
rep1,2.1573,5556,0
rep1,2.1574,5557,0
rep1,2.1577,5558,0
rep1,2.158,5559,0
rep1,2.1581,5560,0
rep1,2.1582,5561,0
rep1,2.1584,5562,0
rep1,2.1585,5563,0
rep1,2.1586,5564,0
rep1,2.1589,5565,0
rep1,2.1589,5566,0
rep1,2.1589,5567,0
rep1,2.159,5568,0
rep1,2.1591,5569,0
rep1,2.1595,5570,0
rep1,2.1596,5571,0
rep1,2.1597,5572,0
rep1,2.1599,5573,0
rep1,2.16,5574,0
rep1,2.1604,5575,0
rep1,2.1605,5576,0
rep1,2.1605,5577,0
rep1,2.1607,5578,0
rep1,2.1607,5579,0
rep1,2.1608,5580,0
rep1,2.1611,5581,0
rep1,2.1611,5582,0
rep1,2.1614,5583,0
rep1,2.1615,5584,0
rep1,2.1618,5585,0
rep1,2.1619,5586,0
rep1,2.162,5587,0
rep1,2.1624,5588,0
rep1,2.1627,5589,0
rep1,2.1629,5590,0
rep1,2.1638,5591,0
rep1,2.1638,5592,0
rep1,2.1641,5593,0
rep1,2.1642,5594,0
rep1,2.1647,5595,0
rep1,2.1648,5596,0
rep1,2.165,5597,0
rep1,2.1659,5598,0
rep1,2.1659,5599,0
rep1,2.1661,5600,0
rep1,2.1667,5601,0
rep1,2.1668,5602,0
rep1,2.1669,5603,0
rep1,2.1673,5604,0
rep1,2.1674,5605,0
rep1,2.1675,5606,0
rep1,2.1676,5607,0
rep1,2.168,5608,0
rep1,2.1682,5609,0
rep1,2.1685,5610,0
rep1,2.169,5611,0
rep1,2.1691,5612,0
rep1,2.1704,5613,0
rep1,2.1716,5614,0
rep1,2.1722,5615,0
rep1,2.1724,5616,0
rep1,2.1728,5617,0
rep1,2.1734,5618,0
rep1,2.1737,5619,0
rep1,2.1747,5620,0
rep1,2.175,5621,0
rep1,2.1761,5622,0
rep1,2.1762,5623,0
rep1,2.1766,5624,0
rep1,2.1768,5625,0
rep1,2.1769,5626,0
rep1,2.1772,5627,0
rep1,2.1774,5628,0
rep1,2.1783,5629,0
rep1,2.1785,5630,0
rep1,2.1788,5631,0
rep1,2.1791,5632,0
rep1,2.1797,5633,0
rep1,2.1801,5634,0
rep1,2.1803,5635,0
rep1,2.1804,5636,0
rep1,2.1811,5637,0
rep1,2.1811,5638,0
rep1,2.1818,5639,0
rep1,2.182,5640,0
rep1,2.1822,5641,0
rep1,2.1824,5642,0
rep1,2.1826,5643,0
rep1,2.1826,5644,0
rep1,2.1827,5645,0
rep1,2.1829,5646,0
rep1,2.1831,5647,0
rep1,2.1833,5648,0
rep1,2.1834,5649,0
rep1,2.184,5650,0
rep1,2.184,5651,0
rep1,2.184,5652,0
rep1,2.1841,5653,0
rep1,2.1842,5654,0
rep1,2.1843,5655,0
rep1,2.1845,5656,0
rep1,2.1845,5657,0
rep1,2.1845,5658,0
rep1,2.1847,5659,0
rep1,2.1848,5660,0
rep1,2.1849,5661,0
rep1,2.1853,5662,0
rep1,2.1854,5663,0
rep1,2.1855,5664,0
rep1,2.1855,5665,0
rep1,2.1855,5666,0
rep1,2.1856,5667,0
rep1,2.1856,5668,0
rep1,2.1858,5669,0
rep1,2.1858,5670,0
rep1,2.186,5671,0
rep1,2.186,5672,0
rep1,2.1862,5673,0
rep1,2.1866,5674,0
rep1,2.1867,5675,0
rep1,2.1867,5676,0
rep1,2.1867,5677,0
rep1,2.1869,5678,0
rep1,2.187,5679,0
rep1,2.1871,5680,0
rep1,2.1872,5681,0
rep1,2.1878,5682,0
rep1,2.1884,5683,0
rep1,2.1887,5684,0
rep1,2.1887,5685,0
rep1,2.189,5686,0
rep1,2.1894,5687,0
rep1,2.1895,5688,0
rep1,2.1896,5689,0
rep1,2.1897,5690,0
rep1,2.1898,5691,0
rep1,2.19,5692,0
rep1,2.1901,5693,0
rep1,2.1902,5694,0
rep1,2.1902,5695,0
rep1,2.1902,5696,0
rep1,2.1903,5697,0
rep1,2.1905,5698,0
rep1,2.1905,5699,0
rep1,2.1906,5700,0
rep1,2.1907,5701,0
rep1,2.1909,5702,0
rep1,2.1909,5703,0
rep1,2.1912,5704,0
rep1,2.1914,5705,0
rep1,2.1915,5706,0
rep1,2.1916,5707,0
rep1,2.1918,5708,0
rep1,2.192,5709,0
rep1,2.192,5710,0
rep1,2.192,5711,0
rep1,2.1921,5712,0
rep1,2.1922,5713,0
rep1,2.1926,5714,0
rep1,2.1927,5715,0
rep1,2.1929,5716,0
rep1,2.193,5717,0
rep1,2.1932,5718,0
rep1,2.1937,5719,0
rep1,2.1937,5720,0
rep1,2.1939,5721,0
rep1,2.194,5722,0
rep1,2.1943,5723,0
rep1,2.1943,5724,0
rep1,2.1948,5725,0
rep1,2.1953,5726,0
rep1,2.1954,5727,0
rep1,2.1955,5728,0
rep1,2.1955,5729,0
rep1,2.1957,5730,0
rep1,2.1958,5731,0
rep1,2.1959,5732,0
rep1,2.196,5733,0
rep1,2.1962,5734,0
rep1,2.1963,5735,0
rep1,2.1963,5736,0
rep1,2.1964,5737,0
rep1,2.1966,5738,0
rep1,2.1968,5739,0
rep1,2.1971,5740,0
rep1,2.1976,5741,0
rep1,2.198,5742,0
rep1,2.198,5743,0
rep1,2.198,5744,0
rep1,2.1981,5745,0
rep1,2.1983,5746,0
rep1,2.1987,5747,0
rep1,2.1988,5748,0
rep1,2.1989,5749,0
rep1,2.1991,5750,0
rep1,2.1994,5751,0
rep1,2.2,5752,0
rep1,2.2001,5753,0
rep1,2.2005,5754,0
rep1,2.2008,5755,0
rep1,2.2009,5756,0
rep1,2.2015,5757,0
rep1,2.2016,5758,0
rep1,2.2018,5759,0
rep1,2.2018,5760,0
rep1,2.202,5761,0
rep1,2.2022,5762,0
rep1,2.2023,5763,0
rep1,2.2025,5764,0
rep1,2.2027,5765,0
rep1,2.203,5766,0
rep1,2.2031,5767,0
rep1,2.2033,5768,0
rep1,2.2034,5769,0
rep1,2.2035,5770,0
rep1,2.2035,5771,0
rep1,2.2037,5772,0
rep1,2.2043,5773,0
rep1,2.2044,5774,0
rep1,2.2045,5775,0
rep1,2.2052,5776,0
rep1,2.2054,5777,0
rep1,2.2054,5778,0
rep1,2.2055,5779,0
rep1,2.2057,5780,0
rep1,2.2058,5781,0
rep1,2.2062,5782,0
rep1,2.2063,5783,0
rep1,2.2063,5784,0
rep1,2.2073,5785,0
rep1,2.208,5786,0
rep1,2.2083,5787,0
rep1,2.2086,5788,0
rep1,2.2092,5789,0
rep1,2.2099,5790,0
rep1,2.2099,5791,0
rep1,2.2099,5792,0
rep1,2.21,5793,0
rep1,2.2103,5794,0
rep1,2.2112,5795,0
rep1,2.2117,5796,0
rep1,2.2117,5797,0
rep1,2.2122,5798,0
rep1,2.2125,5799,0
rep1,2.2132,5800,0
rep1,2.2137,5801,0
rep1,2.2137,5802,0
rep1,2.2139,5803,0
rep1,2.214,5804,0
rep1,2.2141,5805,0
rep1,2.2142,5806,0
rep1,2.2142,5807,0
rep1,2.2149,5808,0
rep1,2.215,5809,0
rep1,2.2154,5810,0
rep1,2.2157,5811,0
rep1,2.2159,5812,0
rep1,2.2159,5813,0
rep1,2.2161,5814,0
rep1,2.2161,5815,0
rep1,2.2163,5816,0
rep1,2.2169,5817,0
rep1,2.2171,5818,0
rep1,2.2171,5819,0
rep1,2.2172,5820,0
rep1,2.2173,5821,0
rep1,2.2175,5822,0
rep1,2.2177,5823,0
rep1,2.2178,5824,0
rep1,2.2182,5825,0
rep1,2.2186,5826,0
rep1,2.2187,5827,0
rep1,2.2189,5828,0
rep1,2.219,5829,0
rep1,2.2193,5830,0
rep1,2.2194,5831,0
rep1,2.2195,5832,0
rep1,2.2196,5833,0
rep1,2.2197,5834,0
rep1,2.2199,5835,0
rep1,2.2201,5836,0
rep1,2.2203,5837,0
rep1,2.2205,5838,0
rep1,2.2208,5839,0
rep1,2.2211,5840,0
rep1,2.2211,5841,0
rep1,2.2213,5842,0
rep1,2.2213,5843,0
rep1,2.2214,5844,0
rep1,2.2215,5845,0
rep1,2.2219,5846,0
rep1,2.2219,5847,0
rep1,2.2223,5848,0
rep1,2.2225,5849,0
rep1,2.2225,5850,0
rep1,2.2228,5851,0
rep1,2.223,5852,0
rep1,2.2231,5853,0
rep1,2.2232,5854,0
rep1,2.2234,5855,0
rep1,2.2237,5856,0
rep1,2.2241,5857,0
rep1,2.2242,5858,0
rep1,2.2244,5859,0
rep1,2.2246,5860,0
rep1,2.2247,5861,0
rep2,1.0198,1,0
rep2,1.0198,2,0
rep2,1.0199,3,0
rep2,1.0201,4,0
rep2,1.0201,5,0
rep2,1.0202,6,0
rep2,1.0202,7,0
rep2,1.0202,8,0
rep2,1.0202,9,0
rep2,1.0203,10,0
rep2,1.0203,11,0
rep2,1.0204,12,0
rep2,1.0205,13,0
rep2,1.0205,14,0
rep2,1.0206,15,0
rep2,1.0206,16,0
rep2,1.0207,17,0
rep2,1.0207,18,0
rep2,1.0207,19,0
rep2,1.0208,20,0
rep2,1.0208,21,0
rep2,1.0208,22,0
rep2,1.0208,23,0
rep2,1.021,24,0
rep2,1.0211,25,0
rep2,1.0211,26,0
rep2,1.0212,27,0
rep2,1.0212,28,0
rep2,1.0214,29,0
rep2,1.0214,30,0
rep2,1.0216,31,0
rep2,1.0217,32,0
rep2,1.0218,33,0
rep2,1.0218,34,0
rep2,1.0218,35,0
rep2,1.0219,36,0
rep2,1.022,37,0
rep2,1.0221,38,0
rep2,1.0221,39,0
rep2,1.0221,40,0
rep2,1.0222,41,0
rep2,1.0225,42,0
rep2,1.0225,43,0
rep2,1.0227,44,0
rep2,1.0227,45,0
rep2,1.0227,46,0
rep2,1.023,47,0
rep2,1.0231,48,0
rep2,1.0231,49,0
rep2,1.0232,50,0
rep2,1.0234,51,0
rep2,1.0235,52,0
rep2,1.0235,53,0
rep2,1.0237,54,0
rep2,1.0238,55,0
rep2,1.0238,56,0
rep2,1.0239,57,0
rep2,1.0242,58,0
rep2,1.0245,59,0
rep2,1.0247,60,0
rep2,1.0247,61,0
rep2,1.0247,62,0
rep2,1.0248,63,0
rep2,1.0248,64,0
rep2,1.025,65,0
rep2,1.0253,66,0
rep2,1.0254,67,0
rep2,1.0257,68,0
rep2,1.0258,69,0
rep2,1.0259,70,0
rep2,1.0259,71,0
rep2,1.0261,72,0
rep2,1.0262,73,0
rep2,1.0262,74,0
rep2,1.0263,75,0
rep2,1.0263,76,0
rep2,1.0264,77,0
rep2,1.0264,78,0
rep2,1.0264,79,0
rep2,1.0266,80,0
rep2,1.0267,81,0
rep2,1.0271,82,0
rep2,1.0273,83,0
rep2,1.0273,84,0
rep2,1.0273,85,0
rep2,1.0275,86,0
rep2,1.0276,87,0
rep2,1.0276,88,0
rep2,1.0276,89,0
rep2,1.0279,90,0
rep2,1.0279,91,0
rep2,1.0284,92,0
rep2,1.0284,93,0
rep2,1.0284,94,0
rep2,1.029,95,0
rep2,1.0291,96,0
rep2,1.0293,97,0
rep2,1.0293,98,0
rep2,1.0294,99,0
rep2,1.0295,100,0
rep2,1.0295,101,0
rep2,1.0298,102,0
rep2,1.0301,103,0
rep2,1.0302,104,0
rep2,1.0303,105,0
rep2,1.0305,106,0
rep2,1.0305,107,0
rep2,1.0306,108,0
rep2,1.0307,109,0
rep2,1.0308,110,0
rep2,1.0313,111,0
rep2,1.0317,112,0
rep2,1.0321,113,0
rep2,1.0323,114,0
rep2,1.0323,115,0
rep2,1.0324,116,0
rep2,1.0325,117,0
rep2,1.0327,118,0
rep2,1.0332,119,0
rep2,1.0337,120,0
rep2,1.0337,121,0
rep2,1.0338,122,0
rep2,1.0341,123,0
rep2,1.0341,124,0
rep2,1.0343,125,0
rep2,1.0345,126,0
rep2,1.0347,127,0
rep2,1.0349,128,0
rep2,1.0351,129,0
rep2,1.0352,130,0
rep2,1.0353,131,0
rep2,1.0357,132,0
rep2,1.0358,133,0
rep2,1.0369,134,0
rep2,1.038,135,0
rep2,1.0383,136,0
rep2,1.0384,137,0
rep2,1.0388,138,0
rep2,1.0388,139,0
rep2,1.0391,140,0
rep2,1.0391,141,0
rep2,1.0397,142,0
rep2,1.0401,143,0
rep2,1.0405,144,0
rep2,1.0406,145,0
rep2,1.0408,146,0
rep2,1.042,147,0
rep2,1.0421,148,0
rep2,1.0421,149,0
rep2,1.0429,150,0
rep2,1.0438,151,0
rep2,1.0461,152,0
rep2,1.0467,153,0
rep2,1.05,154,0
rep2,1.0504,155,0
rep2,1.0504,156,0
rep2,1.0513,157,0
rep2,1.0522,158,0
rep2,1.0534,159,0
rep2,1.0534,160,0
rep2,1.0535,161,0
rep2,1.0535,162,0
rep2,1.0535,163,0
rep2,1.0536,164,0
rep2,1.0536,165,0
rep2,1.0536,166,0
rep2,1.0537,167,0
rep2,1.0537,168,0
rep2,1.0537,169,0
rep2,1.0538,170,0
rep2,1.0538,171,0
rep2,1.0538,172,0
rep2,1.0538,173,0
rep2,1.0538,174,0
rep2,1.0539,175,0
rep2,1.0539,176,0
rep2,1.0539,177,0
rep2,1.054,178,0
rep2,1.054,179,0
rep2,1.054,180,0
rep2,1.054,181,0
rep2,1.0541,182,0
rep2,1.0541,183,0
rep2,1.0541,184,0
rep2,1.0542,185,0
rep2,1.0542,186,0
rep2,1.0542,187,0
rep2,1.0543,188,0
rep2,1.0543,189,0
rep2,1.0543,190,0
rep2,1.0544,191,0
rep2,1.0544,192,0
rep2,1.0544,193,0
rep2,1.0545,194,0
rep2,1.0545,195,0
rep2,1.0545,196,0
rep2,1.0545,197,0
rep2,1.0546,198,0
rep2,1.0546,199,0
rep2,1.0546,200,0
rep2,1.0546,201,0
rep2,1.0546,202,0
rep2,1.0546,203,0
rep2,1.0546,204,0
rep2,1.0547,205,0
rep2,1.0547,206,0
rep2,1.0547,207,0
rep2,1.0547,208,0
rep2,1.0548,209,0
rep2,1.0548,210,0
rep2,1.0549,211,0
rep2,1.0549,212,0
rep2,1.0549,213,0
rep2,1.055,214,0
rep2,1.055,215,0
rep2,1.0551,216,0
rep2,1.0551,217,0
rep2,1.0551,218,0
rep2,1.0551,219,0
rep2,1.0554,220,0
rep2,1.0554,221,0
rep2,1.0555,222,0
rep2,1.0555,223,0
rep2,1.0556,224,0
rep2,1.0557,225,0
rep2,1.0557,226,0
rep2,1.0558,227,0
rep2,1.0558,228,0
rep2,1.0558,229,0
rep2,1.0559,230,0
rep2,1.056,231,0
rep2,1.056,232,0
rep2,1.056,233,0
rep2,1.0561,234,0
rep2,1.0561,235,0
rep2,1.0562,236,0
rep2,1.0562,237,0
rep2,1.0563,238,0
rep2,1.0563,239,0
rep2,1.0563,240,0
rep2,1.0564,241,0
rep2,1.0564,242,0
rep2,1.0565,243,0
rep2,1.0565,244,0
rep2,1.0566,245,0
rep2,1.0566,246,0
rep2,1.0566,247,0
rep2,1.0566,248,0
rep2,1.0566,249,0
rep2,1.0567,250,0
rep2,1.0567,251,0
rep2,1.0567,252,0
rep2,1.0567,253,0
rep2,1.0568,254,0
rep2,1.0568,255,0
rep2,1.0568,256,0
rep2,1.057,257,0
rep2,1.057,258,0
rep2,1.057,259,0
rep2,1.0571,260,0
rep2,1.0571,261,0
rep2,1.0572,262,0
rep2,1.0572,263,0
rep2,1.0573,264,0
rep2,1.0574,265,0
rep2,1.0574,266,0
rep2,1.0575,267,0
rep2,1.0575,268,0
rep2,1.0575,269,0
rep2,1.0576,270,0
rep2,1.0576,271,0
rep2,1.0576,272,0
rep2,1.0577,273,0
rep2,1.0577,274,0
rep2,1.0577,275,0
rep2,1.0578,276,0
rep2,1.0578,277,0
rep2,1.0578,278,0
rep2,1.0579,279,0
rep2,1.0579,280,0
rep2,1.058,281,0
rep2,1.058,282,0
rep2,1.058,283,0
rep2,1.0581,284,0
rep2,1.0581,285,0
rep2,1.0581,286,0
rep2,1.0582,287,0
rep2,1.0583,288,0
rep2,1.0583,289,0
rep2,1.0583,290,0
rep2,1.0583,291,0
rep2,1.0584,292,0
rep2,1.0585,293,0
rep2,1.0587,294,0
rep2,1.0587,295,0
rep2,1.0588,296,0
rep2,1.0588,297,0
rep2,1.0589,298,0
rep2,1.0589,299,0
rep2,1.0589,300,0
rep2,1.059,301,0
rep2,1.059,302,0
rep2,1.0591,303,0
rep2,1.0591,304,0
rep2,1.0592,305,0
rep2,1.0592,306,0
rep2,1.0593,307,0
rep2,1.0595,308,0
rep2,1.0596,309,0
rep2,1.0596,310,0
rep2,1.0596,311,0
rep2,1.0596,312,0
rep2,1.0596,313,0
rep2,1.0597,314,0
rep2,1.0597,315,0
rep2,1.0597,316,0
rep2,1.0597,317,0
rep2,1.0598,318,0
rep2,1.0599,319,0
rep2,1.0599,320,0
rep2,1.06,321,0
rep2,1.06,322,0
rep2,1.0601,323,0
rep2,1.0603,324,0
rep2,1.0604,325,0
rep2,1.0605,326,0
rep2,1.0606,327,0
rep2,1.0607,328,0
rep2,1.0608,329,0
rep2,1.0609,330,0
rep2,1.0609,331,0
rep2,1.0609,332,0
rep2,1.0609,333,0
rep2,1.061,334,0
rep2,1.0611,335,0
rep2,1.0611,336,0
rep2,1.0612,337,0
rep2,1.0612,338,0
rep2,1.0613,339,0
rep2,1.0613,340,0
rep2,1.0614,341,0
rep2,1.0614,342,0
rep2,1.0615,343,0
rep2,1.0615,344,0
rep2,1.0616,345,0
rep2,1.0618,346,0
rep2,1.0619,347,0
rep2,1.0619,348,0
rep2,1.0621,349,0
rep2,1.0622,350,0
rep2,1.0622,351,0
rep2,1.0623,352,0
rep2,1.0626,353,0
rep2,1.0626,354,0
rep2,1.0627,355,0
rep2,1.0627,356,0
rep2,1.0628,357,0
rep2,1.063,358,0
rep2,1.0631,359,0
rep2,1.0632,360,0
rep2,1.0633,361,0
rep2,1.0634,362,0
rep2,1.0634,363,0
rep2,1.0634,364,0
rep2,1.0636,365,0
rep2,1.0638,366,0
rep2,1.064,367,0
rep2,1.0641,368,0
rep2,1.0642,369,0
rep2,1.0642,370,0
rep2,1.0643,371,0
rep2,1.0643,372,0
rep2,1.0644,373,0
rep2,1.0645,374,0
rep2,1.0647,375,0
rep2,1.0647,376,0
rep2,1.0647,377,0
rep2,1.0648,378,0
rep2,1.0649,379,0
rep2,1.0649,380,0
rep2,1.0651,381,0
rep2,1.0652,382,0
rep2,1.0654,383,0
rep2,1.0654,384,0
rep2,1.0655,385,0
rep2,1.0656,386,0
rep2,1.0657,387,0
rep2,1.0658,388,0
rep2,1.066,389,0
rep2,1.0661,390,0
rep2,1.0662,391,0
rep2,1.0663,392,0
rep2,1.0664,393,0
rep2,1.0665,394,0
rep2,1.0665,395,0
rep2,1.0666,396,0
rep2,1.0666,397,0
rep2,1.0667,398,0
rep2,1.0669,399,0
rep2,1.067,400,0
rep2,1.0673,401,0
rep2,1.0674,402,0
rep2,1.0674,403,0
rep2,1.0675,404,0
rep2,1.0677,405,0
rep2,1.0678,406,0
rep2,1.0679,407,0
rep2,1.0679,408,0
rep2,1.068,409,0
rep2,1.068,410,0
rep2,1.0681,411,0
rep2,1.0682,412,0
rep2,1.0684,413,0
rep2,1.0686,414,0
rep2,1.0687,415,0
rep2,1.0688,416,0
rep2,1.0688,417,0
rep2,1.0689,418,0
rep2,1.069,419,0
rep2,1.069,420,0
rep2,1.069,421,0
rep2,1.0692,422,0
rep2,1.0693,423,0
rep2,1.0694,424,0
rep2,1.0695,425,0
rep2,1.0696,426,0
rep2,1.0697,427,0
rep2,1.0699,428,0
rep2,1.0699,429,0
rep2,1.07,430,0
rep2,1.07,431,0
rep2,1.0702,432,0
rep2,1.0703,433,0
rep2,1.0707,434,0
rep2,1.0707,435,0
rep2,1.0707,436,0
rep2,1.0709,437,0
rep2,1.0709,438,0
rep2,1.0713,439,0
rep2,1.0716,440,0
rep2,1.0716,441,0
rep2,1.0717,442,0
rep2,1.0718,443,0
rep2,1.0718,444,0
rep2,1.0718,445,0
rep2,1.0722,446,0
rep2,1.0722,447,0
rep2,1.0722,448,0
rep2,1.0722,449,0
rep2,1.0726,450,0
rep2,1.0727,451,0
rep2,1.0727,452,0
rep2,1.0727,453,0
rep2,1.0729,454,0
rep2,1.0729,455,0
rep2,1.0729,456,0
rep2,1.073,457,0
rep2,1.0731,458,0
rep2,1.0734,459,0
rep2,1.0736,460,0
rep2,1.0738,461,0
rep2,1.0741,462,0
rep2,1.0741,463,0
rep2,1.0744,464,0
rep2,1.0748,465,0
rep2,1.0749,466,0
rep2,1.0752,467,0
rep2,1.0754,468,0
rep2,1.0755,469,0
rep2,1.0757,470,0
rep2,1.0758,471,0
rep2,1.076,472,0
rep2,1.0763,473,0
rep2,1.0764,474,0
rep2,1.0765,475,0
rep2,1.0766,476,0
rep2,1.0773,477,0
rep2,1.0774,478,0
rep2,1.0779,479,0
rep2,1.0781,480,0
rep2,1.0785,481,0
rep2,1.0786,482,0
rep2,1.0788,483,0
rep2,1.079,484,0
rep2,1.0791,485,0
rep2,1.0798,486,0
rep2,1.0807,487,0
rep2,1.0808,488,0
rep2,1.0812,489,0
rep2,1.0817,490,0
rep2,1.082,491,0
rep2,1.0821,492,0
rep2,1.0821,493,0
rep2,1.0828,494,0
rep2,1.0832,495,0
rep2,1.0835,496,0
rep2,1.0835,497,0
rep2,1.0849,498,0
rep2,1.0851,499,0
rep2,1.0859,500,0
rep2,1.0869,501,0
rep2,1.087,502,0
rep2,1.087,503,0
rep2,1.087,504,0
rep2,1.087,505,0
rep2,1.0871,506,0
rep2,1.0871,507,0
rep2,1.0872,508,0
rep2,1.0872,509,0
rep2,1.0872,510,0
rep2,1.0872,511,0
rep2,1.0873,512,0
rep2,1.0873,513,0
rep2,1.0873,514,0
rep2,1.0873,515,0
rep2,1.0874,516,0
rep2,1.0874,517,0
rep2,1.0874,518,0
rep2,1.0874,519,0
rep2,1.0875,520,0
rep2,1.0875,521,0
rep2,1.0875,522,0
rep2,1.0875,523,0
rep2,1.0876,524,0
rep2,1.0876,525,0
rep2,1.0876,526,0
rep2,1.0876,527,0
rep2,1.0876,528,0
rep2,1.0876,529,0
rep2,1.0877,530,0
rep2,1.0877,531,0
rep2,1.0877,532,0
rep2,1.0877,533,0
rep2,1.0878,534,0
rep2,1.0878,535,0
rep2,1.0879,536,0
rep2,1.0879,537,0
rep2,1.0879,538,0
rep2,1.088,539,0
rep2,1.088,540,0
rep2,1.088,541,0
rep2,1.0881,542,0
rep2,1.0881,543,0
rep2,1.0881,544,0
rep2,1.0881,545,0
rep2,1.0882,546,0
rep2,1.0882,547,0
rep2,1.0883,548,0
rep2,1.0883,549,0
rep2,1.0883,550,0
rep2,1.0883,551,0
rep2,1.0883,552,0
rep2,1.0883,553,0
rep2,1.0884,554,0
rep2,1.0884,555,0
rep2,1.0884,556,0
rep2,1.0885,557,0
rep2,1.0885,558,0
rep2,1.0885,559,0
rep2,1.0886,560,0
rep2,1.0886,561,0
rep2,1.0886,562,0
rep2,1.0887,563,0
rep2,1.0887,564,0
rep2,1.0887,565,0
rep2,1.0887,566,0
rep2,1.0888,567,0
rep2,1.0888,568,0
rep2,1.0888,569,0
rep2,1.0888,570,0
rep2,1.0889,571,0
rep2,1.0889,572,0
rep2,1.0889,573,0
rep2,1.089,574,0
rep2,1.0891,575,0
rep2,1.0891,576,0
rep2,1.0891,577,0
rep2,1.0892,578,0
rep2,1.0892,579,0
rep2,1.0892,580,0
rep2,1.0892,581,0
rep2,1.0892,582,0
rep2,1.0893,583,0
rep2,1.0893,584,0
rep2,1.0893,585,0
rep2,1.0894,586,0
rep2,1.0894,587,0
rep2,1.0895,588,0
rep2,1.0895,589,0
rep2,1.0895,590,0
rep2,1.0896,591,0
rep2,1.0897,592,0
rep2,1.0897,593,0
rep2,1.0897,594,0
rep2,1.0898,595,0
rep2,1.0898,596,0
rep2,1.0898,597,0
rep2,1.0898,598,0
rep2,1.0898,599,0
rep2,1.0899,600,0
rep2,1.0899,601,0
rep2,1.09,602,0
rep2,1.09,603,0
rep2,1.09,604,0
rep2,1.09,605,0
rep2,1.09,606,0
rep2,1.09,607,0
rep2,1.0901,608,0
rep2,1.0901,609,0
rep2,1.0901,610,0
rep2,1.0902,611,0
rep2,1.0902,612,0
rep2,1.0902,613,0
rep2,1.0903,614,0
rep2,1.0903,615,0
rep2,1.0903,616,0
rep2,1.0904,617,0
rep2,1.0904,618,0
rep2,1.0904,619,0
rep2,1.0904,620,0
rep2,1.0904,621,0
rep2,1.0905,622,0
rep2,1.0905,623,0
rep2,1.0905,624,0
rep2,1.0906,625,0
rep2,1.0906,626,0
rep2,1.0906,627,0
rep2,1.0907,628,0
rep2,1.0907,629,0
rep2,1.0907,630,0
rep2,1.0907,631,0
rep2,1.0908,632,0
rep2,1.0909,633,0
rep2,1.0909,634,0
rep2,1.0909,635,0
rep2,1.091,636,0
rep2,1.091,637,0
rep2,1.0911,638,0
rep2,1.0911,639,0
rep2,1.0911,640,0
rep2,1.0912,641,0
rep2,1.0912,642,0
rep2,1.0913,643,0
rep2,1.0913,644,0
rep2,1.0915,645,0
rep2,1.0915,646,0
rep2,1.0916,647,0
rep2,1.0916,648,0
rep2,1.0916,649,0
rep2,1.0917,650,0
rep2,1.0917,651,0
rep2,1.0917,652,0
rep2,1.0917,653,0
rep2,1.0918,654,0
rep2,1.0918,655,0
rep2,1.0918,656,0
rep2,1.0919,657,0
rep2,1.0919,658,0
rep2,1.092,659,0
rep2,1.092,660,0
rep2,1.0921,661,0
rep2,1.0921,662,0
rep2,1.0922,663,0
rep2,1.0922,664,0
rep2,1.0922,665,0
rep2,1.0923,666,0
rep2,1.0923,667,0
rep2,1.0923,668,0
rep2,1.0923,669,0
rep2,1.0924,670,0
rep2,1.0925,671,0
rep2,1.0925,672,0
rep2,1.0925,673,0
rep2,1.0926,674,0
rep2,1.0926,675,0
rep2,1.0926,676,0
rep2,1.0926,677,0
rep2,1.0927,678,0
rep2,1.0927,679,0
rep2,1.0927,680,0
rep2,1.0928,681,0
rep2,1.0928,682,0
rep2,1.093,683,0
rep2,1.0931,684,0
rep2,1.0931,685,0
rep2,1.0931,686,0
rep2,1.0932,687,0
rep2,1.0932,688,0
rep2,1.0932,689,0
rep2,1.0932,690,0
rep2,1.0934,691,0
rep2,1.0934,692,0
rep2,1.0935,693,0
rep2,1.0936,694,0
rep2,1.0936,695,0
rep2,1.0937,696,0
rep2,1.0939,697,0
rep2,1.094,698,0
rep2,1.094,699,0
rep2,1.094,700,0
rep2,1.0941,701,0
rep2,1.0941,702,0
rep2,1.0941,703,0
rep2,1.0941,704,0
rep2,1.0941,705,0
rep2,1.0942,706,0
rep2,1.0942,707,0
rep2,1.0943,708,0
rep2,1.0943,709,0
rep2,1.0944,710,0
rep2,1.0945,711,0
rep2,1.0945,712,0
rep2,1.0946,713,0
rep2,1.0946,714,0
rep2,1.0947,715,0
rep2,1.0948,716,0
rep2,1.0948,717,0
rep2,1.0949,718,0
rep2,1.095,719,0
rep2,1.0951,720,0
rep2,1.0952,721,0
rep2,1.0952,722,0
rep2,1.0953,723,0
rep2,1.0953,724,0
rep2,1.0953,725,0
rep2,1.0954,726,0
rep2,1.0954,727,0
rep2,1.0954,728,0
rep2,1.0956,729,0
rep2,1.0957,730,0
rep2,1.0957,731,0
rep2,1.0957,732,0
rep2,1.0958,733,0
rep2,1.0958,734,0
rep2,1.0959,735,0
rep2,1.0959,736,0
rep2,1.0959,737,0
rep2,1.096,738,0
rep2,1.0961,739,0
rep2,1.0962,740,0
rep2,1.0962,741,0
rep2,1.0962,742,0
rep2,1.0963,743,0
rep2,1.0964,744,0
rep2,1.0964,745,0
rep2,1.0964,746,0
rep2,1.0965,747,0
rep2,1.0965,748,0
rep2,1.0966,749,0
rep2,1.0967,750,0
rep2,1.0967,751,0
rep2,1.0967,752,0
rep2,1.0967,753,0
rep2,1.0968,754,0
rep2,1.0969,755,0
rep2,1.0969,756,0
rep2,1.097,757,0
rep2,1.097,758,0
rep2,1.0971,759,0
rep2,1.0972,760,0
rep2,1.0972,761,0
rep2,1.0972,762,0
rep2,1.0973,763,0
rep2,1.0973,764,0
rep2,1.0975,765,0
rep2,1.0976,766,0
rep2,1.0976,767,0
rep2,1.0976,768,0
rep2,1.0978,769,0
rep2,1.0978,770,0
rep2,1.0978,771,0
rep2,1.0978,772,0
rep2,1.098,773,0
rep2,1.098,774,0
rep2,1.0981,775,0
rep2,1.0982,776,0
rep2,1.0983,777,0
rep2,1.0983,778,0
rep2,1.0984,779,0
rep2,1.0984,780,0
rep2,1.0984,781,0
rep2,1.0985,782,0
rep2,1.0986,783,0
rep2,1.0989,784,0
rep2,1.099,785,0
rep2,1.0991,786,0
rep2,1.0991,787,0
rep2,1.0992,788,0
rep2,1.0993,789,0
rep2,1.0993,790,0
rep2,1.0993,791,0
rep2,1.0994,792,0
rep2,1.0996,793,0
rep2,1.0997,794,0
rep2,1.0997,795,0
rep2,1.0997,796,0
rep2,1.0998,797,0
rep2,1.0999,798,0
rep2,1.1,799,0
rep2,1.1001,800,0
rep2,1.1002,801,0
rep2,1.1002,802,0
rep2,1.1003,803,0
rep2,1.1003,804,0
rep2,1.1005,805,0
rep2,1.1005,806,0
rep2,1.1005,807,0
rep2,1.1005,808,0
rep2,1.1005,809,0
rep2,1.1007,810,0
rep2,1.1007,811,0
rep2,1.1007,812,0
rep2,1.101,813,0
rep2,1.1011,814,0
rep2,1.1012,815,0
rep2,1.1012,816,0
rep2,1.1013,817,0
rep2,1.1014,818,0
rep2,1.1014,819,0
rep2,1.1016,820,0
rep2,1.1016,821,0
rep2,1.1018,822,0
rep2,1.1018,823,0
rep2,1.1019,824,0
rep2,1.102,825,0
rep2,1.102,826,0
rep2,1.102,827,0
rep2,1.1023,828,0
rep2,1.1023,829,0
rep2,1.1024,830,0
rep2,1.1026,831,0
rep2,1.1027,832,0
rep2,1.1027,833,0
rep2,1.1027,834,0
rep2,1.103,835,0
rep2,1.103,836,0
rep2,1.1031,837,0
rep2,1.1032,838,0
rep2,1.1032,839,0
rep2,1.1033,840,0
rep2,1.1036,841,0
rep2,1.1037,842,0
rep2,1.1039,843,0
rep2,1.1041,844,0
rep2,1.1041,845,0
rep2,1.1042,846,0
rep2,1.1043,847,0
rep2,1.1043,848,0
rep2,1.1044,849,0
rep2,1.1047,850,0
rep2,1.1051,851,0
rep2,1.1051,852,0
rep2,1.1052,853,0
rep2,1.1053,854,0
rep2,1.1055,855,0
rep2,1.1055,856,0
rep2,1.1055,857,0
rep2,1.1056,858,0
rep2,1.1056,859,0
rep2,1.1057,860,0
rep2,1.1057,861,0
rep2,1.1059,862,0
rep2,1.106,863,0
rep2,1.106,864,0
rep2,1.1061,865,0
rep2,1.1062,866,0
rep2,1.1062,867,0
rep2,1.1064,868,0
rep2,1.1064,869,0
rep2,1.1065,870,0
rep2,1.1068,871,0
rep2,1.1068,872,0
rep2,1.1069,873,0
rep2,1.107,874,0
rep2,1.107,875,0
rep2,1.1075,876,0
rep2,1.1075,877,0
rep2,1.1077,878,0
rep2,1.1079,879,0
rep2,1.108,880,0
rep2,1.1081,881,0
rep2,1.1083,882,0
rep2,1.1085,883,0
rep2,1.1086,884,0
rep2,1.1086,885,0
rep2,1.1086,886,0
rep2,1.1088,887,0
rep2,1.1089,888,0
rep2,1.1091,889,0
rep2,1.1096,890,0
rep2,1.1097,891,0
rep2,1.1098,892,0
rep2,1.1098,893,0
rep2,1.1103,894,0
rep2,1.1106,895,0
rep2,1.1106,896,0
rep2,1.1107,897,0
rep2,1.1107,898,0
rep2,1.1108,899,0
rep2,1.111,900,0
rep2,1.111,901,0
rep2,1.1111,902,0
rep2,1.1112,903,0
rep2,1.1112,904,0
rep2,1.1115,905,0
rep2,1.1121,906,0
rep2,1.1127,907,0
rep2,1.1129,908,0
rep2,1.113,909,0
rep2,1.1132,910,0
rep2,1.1135,911,0
rep2,1.1136,912,0
rep2,1.114,913,0
rep2,1.1143,914,0
rep2,1.1145,915,0
rep2,1.1149,916,0
rep2,1.1151,917,0
rep2,1.1153,918,0
rep2,1.1162,919,0
rep2,1.1162,920,0
rep2,1.1164,921,0
rep2,1.1165,922,0
rep2,1.1167,923,0
rep2,1.1168,924,0
rep2,1.1168,925,0
rep2,1.117,926,0
rep2,1.117,927,0
rep2,1.1171,928,0
rep2,1.1171,929,0
rep2,1.1172,930,0
rep2,1.1177,931,0
rep2,1.1177,932,0
rep2,1.1178,933,0
rep2,1.118,934,0
rep2,1.1184,935,0
rep2,1.1186,936,0
rep2,1.119,937,0
rep2,1.1191,938,0
rep2,1.1192,939,0
rep2,1.1194,940,0
rep2,1.1195,941,0
rep2,1.1198,942,0
rep2,1.1202,943,0
rep2,1.1205,944,0
rep2,1.1205,945,0
rep2,1.1205,946,0
rep2,1.1206,947,0
rep2,1.1206,948,0
rep2,1.1207,949,0
rep2,1.1207,950,0
rep2,1.1207,951,0
rep2,1.1208,952,0
rep2,1.1208,953,0
rep2,1.1209,954,0
rep2,1.121,955,0
rep2,1.121,956,0
rep2,1.121,957,0
rep2,1.1211,958,0
rep2,1.1211,959,0
rep2,1.1211,960,0
rep2,1.1211,961,0
rep2,1.1211,962,0
rep2,1.1211,963,0
rep2,1.1212,964,0
rep2,1.1212,965,0
rep2,1.1212,966,0
rep2,1.1213,967,0
rep2,1.1213,968,0
rep2,1.1213,969,0
rep2,1.1214,970,0
rep2,1.1214,971,0
rep2,1.1214,972,0
rep2,1.1215,973,0
rep2,1.1215,974,0
rep2,1.1216,975,0
rep2,1.1216,976,0
rep2,1.1216,977,0
rep2,1.1216,978,0
rep2,1.1217,979,0
rep2,1.1218,980,0
rep2,1.1218,981,0
rep2,1.1218,982,0
rep2,1.1218,983,0
rep2,1.1219,984,0
rep2,1.1219,985,0
rep2,1.122,986,0
rep2,1.122,987,0
rep2,1.122,988,0
rep2,1.122,989,0
rep2,1.122,990,0
rep2,1.1221,991,0
rep2,1.1221,992,0
rep2,1.1221,993,0
rep2,1.1221,994,0
rep2,1.1222,995,0
rep2,1.1222,996,0
rep2,1.1223,997,0
rep2,1.1223,998,0
rep2,1.1223,999,0
rep2,1.1223,1000,0
rep2,1.1224,1001,0
rep2,1.1224,1002,0
rep2,1.1224,1003,0
rep2,1.1225,1004,0
rep2,1.1225,1005,0
rep2,1.1226,1006,0
rep2,1.1226,1007,0
rep2,1.1227,1008,0
rep2,1.1228,1009,0
rep2,1.1229,1010,0
rep2,1.1229,1011,0
rep2,1.1229,1012,0
rep2,1.1229,1013,0
rep2,1.123,1014,0
rep2,1.123,1015,0
rep2,1.123,1016,0
rep2,1.123,1017,0
rep2,1.1231,1018,0
rep2,1.1231,1019,0
rep2,1.1231,1020,0
rep2,1.1231,1021,0
rep2,1.1233,1022,0
rep2,1.1233,1023,0
rep2,1.1234,1024,0
rep2,1.1234,1025,0
rep2,1.1235,1026,0
rep2,1.1235,1027,0
rep2,1.1235,1028,0
rep2,1.1236,1029,0
rep2,1.1236,1030,0
rep2,1.1237,1031,0
rep2,1.1237,1032,0
rep2,1.1237,1033,0
rep2,1.1238,1034,0
rep2,1.1239,1035,0
rep2,1.1239,1036,0
rep2,1.124,1037,0
rep2,1.124,1038,0
rep2,1.1241,1039,0
rep2,1.1241,1040,0
rep2,1.1241,1041,0
rep2,1.1242,1042,0
rep2,1.1242,1043,0
rep2,1.1242,1044,0
rep2,1.1243,1045,0
rep2,1.1243,1046,0
rep2,1.1244,1047,0
rep2,1.1244,1048,0
rep2,1.1245,1049,0
rep2,1.1245,1050,0
rep2,1.1246,1051,0
rep2,1.1246,1052,0
rep2,1.1247,1053,0
rep2,1.1247,1054,0
rep2,1.1248,1055,0
rep2,1.1248,1056,0
rep2,1.1248,1057,0
rep2,1.1249,1058,0
rep2,1.1249,1059,0
rep2,1.125,1060,0
rep2,1.125,1061,0
rep2,1.1251,1062,0
rep2,1.1252,1063,0
rep2,1.1252,1064,0
rep2,1.1252,1065,0
rep2,1.1252,1066,0
rep2,1.1253,1067,0
rep2,1.1253,1068,0
rep2,1.1253,1069,0
rep2,1.1253,1070,0
rep2,1.1253,1071,0
rep2,1.1254,1072,0
rep2,1.1254,1073,0
rep2,1.1255,1074,0
rep2,1.1255,1075,0
rep2,1.1255,1076,0
rep2,1.1255,1077,0
rep2,1.1256,1078,0
rep2,1.1256,1079,0
rep2,1.1256,1080,0
rep2,1.1257,1081,0
rep2,1.1257,1082,0
rep2,1.1258,1083,0
rep2,1.1258,1084,0
rep2,1.1259,1085,0
rep2,1.1259,1086,0
rep2,1.126,1087,0
rep2,1.1261,1088,0
rep2,1.1261,1089,0
rep2,1.1261,1090,0
rep2,1.1261,1091,0
rep2,1.1261,1092,0
rep2,1.1262,1093,0
rep2,1.1262,1094,0
rep2,1.1262,1095,0
rep2,1.1263,1096,0
rep2,1.1263,1097,0
rep2,1.1263,1098,0
rep2,1.1264,1099,0
rep2,1.1264,1100,0
rep2,1.1264,1101,0
rep2,1.1264,1102,0
rep2,1.1265,1103,0
rep2,1.1265,1104,0
rep2,1.1265,1105,0
rep2,1.1266,1106,0
rep2,1.1268,1107,0
rep2,1.1268,1108,0
rep2,1.1268,1109,0
rep2,1.1269,1110,0
rep2,1.1269,1111,0
rep2,1.127,1112,0
rep2,1.1271,1113,0
rep2,1.1273,1114,0
rep2,1.1273,1115,0
rep2,1.1273,1116,0
rep2,1.1274,1117,0
rep2,1.1274,1118,0
rep2,1.1275,1119,0
rep2,1.1276,1120,0
rep2,1.1277,1121,0
rep2,1.1277,1122,0
rep2,1.1277,1123,0
rep2,1.1278,1124,0
rep2,1.1278,1125,0
rep2,1.1278,1126,0
rep2,1.1279,1127,0
rep2,1.1279,1128,0
rep2,1.1279,1129,0
rep2,1.1279,1130,0
rep2,1.128,1131,0
rep2,1.1281,1132,0
rep2,1.1282,1133,0
rep2,1.1282,1134,0
rep2,1.1283,1135,0
rep2,1.1284,1136,0
rep2,1.1284,1137,0
rep2,1.1284,1138,0
rep2,1.1284,1139,0
rep2,1.1285,1140,0
rep2,1.1286,1141,0
rep2,1.1286,1142,0
rep2,1.1287,1143,0
rep2,1.1287,1144,0
rep2,1.1288,1145,0
rep2,1.129,1146,0
rep2,1.1291,1147,0
rep2,1.1292,1148,0
rep2,1.1293,1149,0
rep2,1.1294,1150,0
rep2,1.1295,1151,0
rep2,1.1295,1152,0
rep2,1.1295,1153,0
rep2,1.1296,1154,0
rep2,1.1296,1155,0
rep2,1.1297,1156,0
rep2,1.1297,1157,0
rep2,1.1299,1158,0
rep2,1.1299,1159,0
rep2,1.1299,1160,0
rep2,1.13,1161,0
rep2,1.1301,1162,0
rep2,1.1301,1163,0
rep2,1.1302,1164,0
rep2,1.1302,1165,0
rep2,1.1303,1166,0
rep2,1.1303,1167,0
rep2,1.1304,1168,0
rep2,1.1305,1169,0
rep2,1.1307,1170,0
rep2,1.1308,1171,0
rep2,1.1309,1172,0
rep2,1.1309,1173,0
rep2,1.131,1174,0
rep2,1.131,1175,0
rep2,1.131,1176,0
rep2,1.1311,1177,0
rep2,1.1311,1178,0
rep2,1.1313,1179,0
rep2,1.1315,1180,0
rep2,1.1315,1181,0
rep2,1.1315,1182,0
rep2,1.1316,1183,0
rep2,1.1317,1184,0
rep2,1.1317,1185,0
rep2,1.1317,1186,0
rep2,1.1317,1187,0
rep2,1.1319,1188,0
rep2,1.132,1189,0
rep2,1.132,1190,0
rep2,1.132,1191,0
rep2,1.1321,1192,0
rep2,1.1321,1193,0
rep2,1.1321,1194,0
rep2,1.1321,1195,0
rep2,1.1322,1196,0
rep2,1.1322,1197,0
rep2,1.1323,1198,0
rep2,1.1324,1199,0
rep2,1.1324,1200,0
rep2,1.1325,1201,0
rep2,1.1327,1202,0
rep2,1.1327,1203,0
rep2,1.1328,1204,0
rep2,1.1329,1205,0
rep2,1.1329,1206,0
rep2,1.133,1207,0
rep2,1.1331,1208,0
rep2,1.1335,1209,0
rep2,1.1335,1210,0
rep2,1.1337,1211,0
rep2,1.1337,1212,0
rep2,1.1338,1213,0
rep2,1.1338,1214,0
rep2,1.1338,1215,0
rep2,1.1339,1216,0
rep2,1.134,1217,0
rep2,1.1342,1218,0
rep2,1.1343,1219,0
rep2,1.1344,1220,0
rep2,1.1344,1221,0
rep2,1.1344,1222,0
rep2,1.1346,1223,0
rep2,1.1346,1224,0
rep2,1.1348,1225,0
rep2,1.1348,1226,0
rep2,1.1349,1227,0
rep2,1.1349,1228,0
rep2,1.135,1229,0
rep2,1.1351,1230,0
rep2,1.1352,1231,0
rep2,1.1352,1232,0
rep2,1.1352,1233,0
rep2,1.1353,1234,0
rep2,1.1354,1235,0
rep2,1.1354,1236,0
rep2,1.1354,1237,0
rep2,1.1355,1238,0
rep2,1.1355,1239,0
rep2,1.1355,1240,0
rep2,1.1356,1241,0
rep2,1.1356,1242,0
rep2,1.1356,1243,0
rep2,1.1358,1244,0
rep2,1.1358,1245,0
rep2,1.1361,1246,0
rep2,1.1362,1247,0
rep2,1.1362,1248,0
rep2,1.1363,1249,0
rep2,1.1366,1250,0
rep2,1.1366,1251,0
rep2,1.1367,1252,0
rep2,1.1367,1253,0
rep2,1.1368,1254,0
rep2,1.1369,1255,0
rep2,1.1369,1256,0
rep2,1.1369,1257,0
rep2,1.137,1258,0
rep2,1.137,1259,0
rep2,1.1373,1260,0
rep2,1.1374,1261,0
rep2,1.1375,1262,0
rep2,1.1376,1263,0
rep2,1.1377,1264,0
rep2,1.1377,1265,0
rep2,1.1378,1266,0
rep2,1.1382,1267,0
rep2,1.1382,1268,0
rep2,1.1382,1269,0
rep2,1.1383,1270,0
rep2,1.1383,1271,0
rep2,1.1383,1272,0
rep2,1.1383,1273,0
rep2,1.1385,1274,0
rep2,1.1386,1275,0
rep2,1.1387,1276,0
rep2,1.1387,1277,0
rep2,1.1388,1278,0
rep2,1.139,1279,0
rep2,1.139,1280,0
rep2,1.1393,1281,0
rep2,1.1393,1282,0
rep2,1.1395,1283,0
rep2,1.1397,1284,0
rep2,1.1398,1285,0
rep2,1.1398,1286,0
rep2,1.1399,1287,0
rep2,1.1403,1288,0
rep2,1.1403,1289,0
rep2,1.1404,1290,0
rep2,1.1405,1291,0
rep2,1.1407,1292,0
rep2,1.1408,1293,0
rep2,1.1408,1294,0
rep2,1.141,1295,0
rep2,1.1411,1296,0
rep2,1.1411,1297,0
rep2,1.1411,1298,0
rep2,1.1412,1299,0
rep2,1.1413,1300,0
rep2,1.1413,1301,0
rep2,1.1415,1302,0
rep2,1.1417,1303,0
rep2,1.1418,1304,0
rep2,1.1419,1305,0
rep2,1.1419,1306,0
rep2,1.1421,1307,0
rep2,1.1421,1308,0
rep2,1.1423,1309,0
rep2,1.1423,1310,0
rep2,1.1424,1311,0
rep2,1.1424,1312,0
rep2,1.1426,1313,0
rep2,1.1427,1314,0
rep2,1.1427,1315,0
rep2,1.1427,1316,0
rep2,1.1428,1317,0
rep2,1.1433,1318,0
rep2,1.1434,1319,0
rep2,1.1434,1320,0
rep2,1.1437,1321,0
rep2,1.1438,1322,0
rep2,1.1439,1323,0
rep2,1.1439,1324,0
rep2,1.144,1325,0
rep2,1.144,1326,0
rep2,1.144,1327,0
rep2,1.144,1328,0
rep2,1.1442,1329,0
rep2,1.1442,1330,0
rep2,1.1444,1331,0
rep2,1.1447,1332,0
rep2,1.1449,1333,0
rep2,1.145,1334,0
rep2,1.145,1335,0
rep2,1.1451,1336,0
rep2,1.1452,1337,0
rep2,1.1452,1338,0
rep2,1.1453,1339,0
rep2,1.1454,1340,0
rep2,1.1458,1341,0
rep2,1.1458,1342,0
rep2,1.1461,1343,0
rep2,1.1462,1344,0
rep2,1.1464,1345,0
rep2,1.1467,1346,0
rep2,1.147,1347,0
rep2,1.147,1348,0
rep2,1.1473,1349,0
rep2,1.1475,1350,0
rep2,1.1475,1351,0
rep2,1.1475,1352,0
rep2,1.1476,1353,0
rep2,1.1477,1354,0
rep2,1.1477,1355,0
rep2,1.1477,1356,0
rep2,1.1478,1357,0
rep2,1.1481,1358,0
rep2,1.1482,1359,0
rep2,1.1482,1360,0
rep2,1.1483,1361,0
rep2,1.1483,1362,0
rep2,1.1486,1363,0
rep2,1.1486,1364,0
rep2,1.1486,1365,0
rep2,1.149,1366,0
rep2,1.149,1367,0
rep2,1.1493,1368,0
rep2,1.1494,1369,0
rep2,1.1494,1370,0
rep2,1.1494,1371,0
rep2,1.1496,1372,0
rep2,1.1503,1373,0
rep2,1.1503,1374,0
rep2,1.1504,1375,0
rep2,1.1505,1376,0
rep2,1.1506,1377,0
rep2,1.1508,1378,0
rep2,1.151,1379,0
rep2,1.151,1380,0
rep2,1.1511,1381,0
rep2,1.1517,1382,0
rep2,1.1517,1383,0
rep2,1.1518,1384,0
rep2,1.1518,1385,0
rep2,1.1525,1386,0
rep2,1.1525,1387,0
rep2,1.1527,1388,0
rep2,1.1528,1389,0
rep2,1.1531,1390,0
rep2,1.1532,1391,0
rep2,1.1533,1392,0
rep2,1.1535,1393,0
rep2,1.1535,1394,0
rep2,1.1535,1395,0
rep2,1.1538,1396,0
rep2,1.1538,1397,0
rep2,1.1539,1398,0
rep2,1.154,1399,0
rep2,1.1541,1400,0
rep2,1.1541,1401,0
rep2,1.1543,1402,0
rep2,1.1543,1403,0
rep2,1.1544,1404,0
rep2,1.1544,1405,0
rep2,1.1544,1406,0
rep2,1.1545,1407,0
rep2,1.1545,1408,0
rep2,1.1545,1409,0
rep2,1.1546,1410,0
rep2,1.1546,1411,0
rep2,1.1547,1412,0
rep2,1.1548,1413,0
rep2,1.1548,1414,0
rep2,1.1548,1415,0
rep2,1.1548,1416,0
rep2,1.1549,1417,0
rep2,1.1549,1418,0
rep2,1.1549,1419,0
rep2,1.155,1420,0
rep2,1.155,1421,0
rep2,1.155,1422,0
rep2,1.155,1423,0
rep2,1.1551,1424,0
rep2,1.1552,1425,0
rep2,1.1552,1426,0
rep2,1.1552,1427,0
rep2,1.1554,1428,0
rep2,1.1554,1429,0
rep2,1.1554,1430,0
rep2,1.1555,1431,0
rep2,1.1555,1432,0
rep2,1.1555,1433,0
rep2,1.1555,1434,0
rep2,1.1556,1435,0
rep2,1.1557,1436,0
rep2,1.1557,1437,0
rep2,1.1559,1438,0
rep2,1.1559,1439,0
rep2,1.1559,1440,0
rep2,1.156,1441,0
rep2,1.156,1442,0
rep2,1.156,1443,0
rep2,1.1561,1444,0
rep2,1.1561,1445,0
rep2,1.1562,1446,0
rep2,1.1562,1447,0
rep2,1.1563,1448,0
rep2,1.1563,1449,0
rep2,1.1563,1450,0
rep2,1.1564,1451,0
rep2,1.1564,1452,0
rep2,1.1565,1453,0
rep2,1.1566,1454,0
rep2,1.1566,1455,0
rep2,1.1566,1456,0
rep2,1.1567,1457,0
rep2,1.1567,1458,0
rep2,1.1568,1459,0
rep2,1.1568,1460,0
rep2,1.1569,1461,0
rep2,1.1569,1462,0
rep2,1.1569,1463,0
rep2,1.1569,1464,0
rep2,1.157,1465,0
rep2,1.1571,1466,0
rep2,1.1571,1467,0
rep2,1.1571,1468,0
rep2,1.1572,1469,0
rep2,1.1572,1470,0
rep2,1.1572,1471,0
rep2,1.1573,1472,0
rep2,1.1573,1473,0
rep2,1.1574,1474,0
rep2,1.1575,1475,0
rep2,1.1575,1476,0
rep2,1.1575,1477,0
rep2,1.1576,1478,0
rep2,1.1577,1479,0
rep2,1.1577,1480,0
rep2,1.1577,1481,0
rep2,1.1578,1482,0
rep2,1.1578,1483,0
rep2,1.1579,1484,0
rep2,1.1579,1485,0
rep2,1.1579,1486,0
rep2,1.158,1487,0
rep2,1.1581,1488,0
rep2,1.1582,1489,0
rep2,1.1582,1490,0
rep2,1.1583,1491,0
rep2,1.1583,1492,0
rep2,1.1584,1493,0
rep2,1.1584,1494,0
rep2,1.1584,1495,0
rep2,1.1584,1496,0
rep2,1.1585,1497,0
rep2,1.1585,1498,0
rep2,1.1586,1499,0
rep2,1.1586,1500,0
rep2,1.1586,1501,0
rep2,1.1586,1502,0
rep2,1.1586,1503,0
rep2,1.1587,1504,0
rep2,1.1587,1505,0
rep2,1.1589,1506,0
rep2,1.1589,1507,0
rep2,1.1589,1508,0
rep2,1.159,1509,0
rep2,1.1591,1510,0
rep2,1.1592,1511,0
rep2,1.1592,1512,0
rep2,1.1593,1513,0
rep2,1.1595,1514,0
rep2,1.1596,1515,0
rep2,1.1596,1516,0
rep2,1.1596,1517,0
rep2,1.1597,1518,0
rep2,1.1599,1519,0
rep2,1.1599,1520,0
rep2,1.16,1521,0
rep2,1.1601,1522,0
rep2,1.1601,1523,0
rep2,1.1601,1524,0
rep2,1.1602,1525,0
rep2,1.1602,1526,0
rep2,1.1602,1527,0
rep2,1.1603,1528,0
rep2,1.1604,1529,0
rep2,1.1606,1530,0
rep2,1.1607,1531,0
rep2,1.1608,1532,0
rep2,1.161,1533,0
rep2,1.161,1534,0
rep2,1.161,1535,0
rep2,1.1611,1536,0
rep2,1.1611,1537,0
rep2,1.1611,1538,0
rep2,1.1611,1539,0
rep2,1.1613,1540,0
rep2,1.1613,1541,0
rep2,1.1613,1542,0
rep2,1.1614,1543,0
rep2,1.1614,1544,0
rep2,1.1615,1545,0
rep2,1.1615,1546,0
rep2,1.1615,1547,0
rep2,1.1616,1548,0
rep2,1.1616,1549,0
rep2,1.1616,1550,0
rep2,1.1617,1551,0
rep2,1.1617,1552,0
rep2,1.1617,1553,0
rep2,1.1618,1554,0
rep2,1.1618,1555,0
rep2,1.1618,1556,0
rep2,1.1619,1557,0
rep2,1.1619,1558,0
rep2,1.162,1559,0
rep2,1.1621,1560,0
rep2,1.1621,1561,0
rep2,1.1622,1562,0
rep2,1.1622,1563,0
rep2,1.1623,1564,0
rep2,1.1623,1565,0
rep2,1.1625,1566,0
rep2,1.1625,1567,0
rep2,1.1625,1568,0
rep2,1.1625,1569,0
rep2,1.1627,1570,0
rep2,1.1627,1571,0
rep2,1.1627,1572,0
rep2,1.1628,1573,0
rep2,1.1628,1574,0
rep2,1.1629,1575,0
rep2,1.163,1576,0
rep2,1.163,1577,0
rep2,1.1632,1578,0
rep2,1.1633,1579,0
rep2,1.1634,1580,0
rep2,1.1634,1581,0
rep2,1.1634,1582,0
rep2,1.1635,1583,0
rep2,1.1635,1584,0
rep2,1.1635,1585,0
rep2,1.1635,1586,0
rep2,1.1637,1587,0
rep2,1.1638,1588,0
rep2,1.1638,1589,0
rep2,1.1639,1590,0
rep2,1.1639,1591,0
rep2,1.1639,1592,0
rep2,1.164,1593,0
rep2,1.164,1594,0
rep2,1.164,1595,0
rep2,1.1641,1596,0
rep2,1.1641,1597,0
rep2,1.1641,1598,0
rep2,1.1642,1599,0
rep2,1.1642,1600,0
rep2,1.1643,1601,0
rep2,1.1644,1602,0
rep2,1.1644,1603,0
rep2,1.1645,1604,0
rep2,1.1646,1605,0
rep2,1.1647,1606,0
rep2,1.1648,1607,0
rep2,1.1649,1608,0
rep2,1.1649,1609,0
rep2,1.1649,1610,0
rep2,1.165,1611,0
rep2,1.1651,1612,0
rep2,1.1651,1613,0
rep2,1.1651,1614,0
rep2,1.1652,1615,0
rep2,1.1652,1616,0
rep2,1.1653,1617,0
rep2,1.1653,1618,0
rep2,1.1654,1619,0
rep2,1.1654,1620,0
rep2,1.1655,1621,0
rep2,1.1655,1622,0
rep2,1.1655,1623,0
rep2,1.1656,1624,0
rep2,1.1657,1625,0
rep2,1.1657,1626,0
rep2,1.1657,1627,0
rep2,1.1657,1628,0
rep2,1.1658,1629,0
rep2,1.1658,1630,0
rep2,1.1658,1631,0
rep2,1.1658,1632,0
rep2,1.1659,1633,0
rep2,1.1659,1634,0
rep2,1.1661,1635,0
rep2,1.1661,1636,0
rep2,1.1661,1637,0
rep2,1.1661,1638,0
rep2,1.1661,1639,0
rep2,1.1662,1640,0
rep2,1.1662,1641,0
rep2,1.1662,1642,0
rep2,1.1663,1643,0
rep2,1.1664,1644,0
rep2,1.1664,1645,0
rep2,1.1664,1646,0
rep2,1.1664,1647,0
rep2,1.1664,1648,0
rep2,1.1664,1649,0
rep2,1.1665,1650,0
rep2,1.1666,1651,0
rep2,1.1666,1652,0
rep2,1.1667,1653,0
rep2,1.1667,1654,0
rep2,1.1668,1655,0
rep2,1.1669,1656,0
rep2,1.167,1657,0
rep2,1.1671,1658,0
rep2,1.1671,1659,0
rep2,1.1672,1660,0
rep2,1.1673,1661,0
rep2,1.1673,1662,0
rep2,1.1676,1663,0
rep2,1.1676,1664,0
rep2,1.1678,1665,0
rep2,1.1679,1666,0
rep2,1.1679,1667,0
rep2,1.1679,1668,0
rep2,1.168,1669,0
rep2,1.1681,1670,0
rep2,1.1681,1671,0
rep2,1.1683,1672,0
rep2,1.1683,1673,0
rep2,1.1684,1674,0
rep2,1.1684,1675,0
rep2,1.1685,1676,0
rep2,1.1685,1677,0
rep2,1.1685,1678,0
rep2,1.1685,1679,0
rep2,1.1686,1680,0
rep2,1.1687,1681,0
rep2,1.1687,1682,0
rep2,1.1689,1683,0
rep2,1.1689,1684,0
rep2,1.1691,1685,0
rep2,1.1692,1686,0
rep2,1.1693,1687,0
rep2,1.1694,1688,0
rep2,1.1694,1689,0
rep2,1.1695,1690,0
rep2,1.1696,1691,0
rep2,1.1696,1692,0
rep2,1.1696,1693,0
rep2,1.1698,1694,0
rep2,1.1698,1695,0
rep2,1.1699,1696,0
rep2,1.1699,1697,0
rep2,1.1699,1698,0
rep2,1.17,1699,0
rep2,1.17,1700,0
rep2,1.1702,1701,0
rep2,1.1703,1702,0
rep2,1.1705,1703,0
rep2,1.1705,1704,0
rep2,1.1706,1705,0
rep2,1.1706,1706,0
rep2,1.1708,1707,0
rep2,1.1709,1708,0
rep2,1.171,1709,0
rep2,1.171,1710,0
rep2,1.171,1711,0
rep2,1.171,1712,0
rep2,1.171,1713,0
rep2,1.1711,1714,0
rep2,1.1712,1715,0
rep2,1.1712,1716,0
rep2,1.1713,1717,0
rep2,1.1713,1718,0
rep2,1.1713,1719,0
rep2,1.1715,1720,0
rep2,1.1715,1721,0
rep2,1.1716,1722,0
rep2,1.1716,1723,0
rep2,1.1716,1724,0
rep2,1.1717,1725,0
rep2,1.1717,1726,0
rep2,1.1718,1727,0
rep2,1.1718,1728,0
rep2,1.1719,1729,0
rep2,1.1719,1730,0
rep2,1.1719,1731,0
rep2,1.172,1732,0
rep2,1.1721,1733,0
rep2,1.1722,1734,0
rep2,1.1724,1735,0
rep2,1.1724,1736,0
rep2,1.1724,1737,0
rep2,1.1725,1738,0
rep2,1.1727,1739,0
rep2,1.1728,1740,0
rep2,1.1729,1741,0
rep2,1.173,1742,0
rep2,1.1731,1743,0
rep2,1.1731,1744,0
rep2,1.1731,1745,0
rep2,1.1732,1746,0
rep2,1.1733,1747,0
rep2,1.1735,1748,0
rep2,1.1735,1749,0
rep2,1.1736,1750,0
rep2,1.1736,1751,0
rep2,1.1737,1752,0
rep2,1.1739,1753,0
rep2,1.1739,1754,0
rep2,1.1741,1755,0
rep2,1.1741,1756,0
rep2,1.1741,1757,0
rep2,1.1742,1758,0
rep2,1.1742,1759,0
rep2,1.1743,1760,0
rep2,1.1744,1761,0
rep2,1.1746,1762,0
rep2,1.1746,1763,0
rep2,1.1747,1764,0
rep2,1.1747,1765,0
rep2,1.1748,1766,0
rep2,1.175,1767,0
rep2,1.1752,1768,0
rep2,1.1754,1769,0
rep2,1.1754,1770,0
rep2,1.1755,1771,0
rep2,1.1755,1772,0
rep2,1.1755,1773,0
rep2,1.1755,1774,0
rep2,1.1755,1775,0
rep2,1.1757,1776,0
rep2,1.1757,1777,0
rep2,1.1758,1778,0
rep2,1.1759,1779,0
rep2,1.1759,1780,0
rep2,1.1759,1781,0
rep2,1.176,1782,0
rep2,1.1761,1783,0
rep2,1.1761,1784,0
rep2,1.1761,1785,0
rep2,1.1762,1786,0
rep2,1.1762,1787,0
rep2,1.1763,1788,0
rep2,1.1765,1789,0
rep2,1.1765,1790,0
rep2,1.1766,1791,0
rep2,1.1767,1792,0
rep2,1.1768,1793,0
rep2,1.1769,1794,0
rep2,1.1769,1795,0
rep2,1.1769,1796,0
rep2,1.1769,1797,0
rep2,1.177,1798,0
rep2,1.1771,1799,0
rep2,1.1772,1800,0
rep2,1.1773,1801,0
rep2,1.1773,1802,0
rep2,1.1774,1803,0
rep2,1.1775,1804,0
rep2,1.1775,1805,0
rep2,1.1777,1806,0
rep2,1.1777,1807,0
rep2,1.1777,1808,0
rep2,1.1778,1809,0
rep2,1.1778,1810,0
rep2,1.1779,1811,0
rep2,1.1781,1812,0
rep2,1.1781,1813,0
rep2,1.1781,1814,0
rep2,1.1781,1815,0
rep2,1.1782,1816,0
rep2,1.1782,1817,0
rep2,1.1783,1818,0
rep2,1.1785,1819,0
rep2,1.1785,1820,0
rep2,1.1786,1821,0
rep2,1.1787,1822,0
rep2,1.1787,1823,0
rep2,1.1788,1824,0
rep2,1.1788,1825,0
rep2,1.1793,1826,0
rep2,1.1794,1827,0
rep2,1.1798,1828,0
rep2,1.1799,1829,0
rep2,1.18,1830,0
rep2,1.18,1831,0
rep2,1.1801,1832,0
rep2,1.1802,1833,0
rep2,1.1803,1834,0
rep2,1.1803,1835,0
rep2,1.1804,1836,0
rep2,1.1804,1837,0
rep2,1.1805,1838,0
rep2,1.1806,1839,0
rep2,1.1808,1840,0
rep2,1.1808,1841,0
rep2,1.1808,1842,0
rep2,1.1808,1843,0
rep2,1.1809,1844,0
rep2,1.1809,1845,0
rep2,1.181,1846,0
rep2,1.1811,1847,0
rep2,1.1812,1848,0
rep2,1.1812,1849,0
rep2,1.1813,1850,0
rep2,1.1813,1851,0
rep2,1.1813,1852,0
rep2,1.1813,1853,0
rep2,1.1814,1854,0
rep2,1.1814,1855,0
rep2,1.1815,1856,0
rep2,1.1816,1857,0
rep2,1.1816,1858,0
rep2,1.1817,1859,0
rep2,1.1818,1860,0
rep2,1.1819,1861,0
rep2,1.1819,1862,0
rep2,1.182,1863,0
rep2,1.1821,1864,0
rep2,1.1822,1865,0
rep2,1.1822,1866,0
rep2,1.1822,1867,0
rep2,1.1823,1868,0
rep2,1.1824,1869,0
rep2,1.1824,1870,0
rep2,1.1825,1871,0
rep2,1.1827,1872,0
rep2,1.1827,1873,0
rep2,1.1829,1874,0
rep2,1.1829,1875,0
rep2,1.183,1876,0
rep2,1.183,1877,0
rep2,1.1832,1878,0
rep2,1.1833,1879,0
rep2,1.1835,1880,0
rep2,1.1835,1881,0
rep2,1.1837,1882,0
rep2,1.1837,1883,0
rep2,1.1838,1884,0
rep2,1.1839,1885,0
rep2,1.1841,1886,0
rep2,1.1844,1887,0
rep2,1.1845,1888,0
rep2,1.1845,1889,0
rep2,1.1846,1890,0
rep2,1.1846,1891,0
rep2,1.1848,1892,0
rep2,1.1848,1893,0
rep2,1.1848,1894,0
rep2,1.1849,1895,0
rep2,1.1849,1896,0
rep2,1.1849,1897,0
rep2,1.185,1898,0
rep2,1.1851,1899,0
rep2,1.1852,1900,0
rep2,1.1852,1901,0
rep2,1.1854,1902,0
rep2,1.1855,1903,0
rep2,1.1856,1904,0
rep2,1.1857,1905,0
rep2,1.1859,1906,0
rep2,1.1859,1907,0
rep2,1.1862,1908,0
rep2,1.1863,1909,0
rep2,1.1865,1910,0
rep2,1.1866,1911,0
rep2,1.1867,1912,0
rep2,1.1867,1913,0
rep2,1.1868,1914,0
rep2,1.1869,1915,0
rep2,1.1871,1916,0
rep2,1.1873,1917,0
rep2,1.1874,1918,0
rep2,1.1875,1919,0
rep2,1.1876,1920,0
rep2,1.1877,1921,0
rep2,1.1879,1922,0
rep2,1.1879,1923,0
rep2,1.188,1924,0
rep2,1.1881,1925,0
rep2,1.1881,1926,0
rep2,1.1881,1927,0
rep2,1.1883,1928,0
rep2,1.1883,1929,0
rep2,1.1883,1930,0
rep2,1.1883,1931,0
rep2,1.1885,1932,0
rep2,1.1886,1933,0
rep2,1.1886,1934,0
rep2,1.1887,1935,0
rep2,1.1887,1936,0
rep2,1.1887,1937,0
rep2,1.1888,1938,0
rep2,1.1888,1939,0
rep2,1.1889,1940,0
rep2,1.1889,1941,0
rep2,1.189,1942,0
rep2,1.1891,1943,0
rep2,1.1891,1944,0
rep2,1.1891,1945,0
rep2,1.1892,1946,0
rep2,1.1892,1947,0
rep2,1.1893,1948,0
rep2,1.1893,1949,0
rep2,1.1894,1950,0
rep2,1.1894,1951,0
rep2,1.1894,1952,0
rep2,1.1895,1953,0
rep2,1.1895,1954,0
rep2,1.1895,1955,0
rep2,1.1895,1956,0
rep2,1.1896,1957,0
rep2,1.1896,1958,0
rep2,1.1896,1959,0
rep2,1.1897,1960,0
rep2,1.1897,1961,0
rep2,1.1897,1962,0
rep2,1.1897,1963,0
rep2,1.1898,1964,0
rep2,1.1898,1965,0
rep2,1.1898,1966,0
rep2,1.19,1967,0
rep2,1.19,1968,0
rep2,1.19,1969,0
rep2,1.19,1970,0
rep2,1.1901,1971,0
rep2,1.1902,1972,0
rep2,1.1902,1973,0
rep2,1.1903,1974,0
rep2,1.1904,1975,0
rep2,1.1905,1976,0
rep2,1.1905,1977,0
rep2,1.1906,1978,0
rep2,1.1906,1979,0
rep2,1.1907,1980,0
rep2,1.1908,1981,0
rep2,1.1908,1982,0
rep2,1.191,1983,0
rep2,1.1911,1984,0
rep2,1.1911,1985,0
rep2,1.1912,1986,0
rep2,1.1912,1987,0
rep2,1.1912,1988,0
rep2,1.1913,1989,0
rep2,1.1914,1990,0
rep2,1.1914,1991,0
rep2,1.1916,1992,0
rep2,1.1916,1993,0
rep2,1.1917,1994,0
rep2,1.1917,1995,0
rep2,1.1918,1996,0
rep2,1.1919,1997,0
rep2,1.1919,1998,0
rep2,1.1919,1999,0
rep2,1.192,2000,0
rep2,1.192,2001,0
rep2,1.192,2002,0
rep2,1.1921,2003,0
rep2,1.1922,2004,0
rep2,1.1923,2005,0
rep2,1.1923,2006,0
rep2,1.1923,2007,0
rep2,1.1924,2008,0
rep2,1.1924,2009,0
rep2,1.1924,2010,0
rep2,1.1925,2011,0
rep2,1.1925,2012,0
rep2,1.1926,2013,0
rep2,1.1927,2014,0
rep2,1.1927,2015,0
rep2,1.1927,2016,0
rep2,1.1927,2017,0
rep2,1.1928,2018,0
rep2,1.1928,2019,0
rep2,1.1928,2020,0
rep2,1.1928,2021,0
rep2,1.1928,2022,0
rep2,1.1929,2023,0
rep2,1.1929,2024,0
rep2,1.193,2025,0
rep2,1.193,2026,0
rep2,1.193,2027,0
rep2,1.1931,2028,0
rep2,1.1932,2029,0
rep2,1.1932,2030,0
rep2,1.1932,2031,0
rep2,1.1932,2032,0
rep2,1.1933,2033,0
rep2,1.1934,2034,0
rep2,1.1934,2035,0
rep2,1.1934,2036,0
rep2,1.1935,2037,0
rep2,1.1935,2038,0
rep2,1.1936,2039,0
rep2,1.1937,2040,0
rep2,1.1937,2041,0
rep2,1.1938,2042,0
rep2,1.1938,2043,0
rep2,1.1938,2044,0
rep2,1.1939,2045,0
rep2,1.194,2046,0
rep2,1.194,2047,0
rep2,1.194,2048,0
rep2,1.194,2049,0
rep2,1.1941,2050,0
rep2,1.1942,2051,0
rep2,1.1943,2052,0
rep2,1.1943,2053,0
rep2,1.1943,2054,0
rep2,1.1944,2055,0
rep2,1.1945,2056,0
rep2,1.1945,2057,0
rep2,1.1946,2058,0
rep2,1.1946,2059,0
rep2,1.1946,2060,0
rep2,1.1946,2061,0
rep2,1.1946,2062,0
rep2,1.1947,2063,0
rep2,1.1947,2064,0
rep2,1.1947,2065,0
rep2,1.1947,2066,0
rep2,1.1948,2067,0
rep2,1.1948,2068,0
rep2,1.1948,2069,0
rep2,1.1949,2070,0
rep2,1.1949,2071,0
rep2,1.195,2072,0
rep2,1.195,2073,0
rep2,1.1951,2074,0
rep2,1.1951,2075,0
rep2,1.1952,2076,0
rep2,1.1952,2077,0
rep2,1.1953,2078,0
rep2,1.1953,2079,0
rep2,1.1953,2080,0
rep2,1.1954,2081,0
rep2,1.1954,2082,0
rep2,1.1955,2083,0
rep2,1.1955,2084,0
rep2,1.1957,2085,0
rep2,1.1957,2086,0
rep2,1.1958,2087,0
rep2,1.1958,2088,0
rep2,1.196,2089,0
rep2,1.196,2090,0
rep2,1.196,2091,0
rep2,1.1961,2092,0
rep2,1.1961,2093,0
rep2,1.1961,2094,0
rep2,1.1961,2095,0
rep2,1.1962,2096,0
rep2,1.1962,2097,0
rep2,1.1963,2098,0
rep2,1.1963,2099,0
rep2,1.1964,2100,0
rep2,1.1965,2101,0
rep2,1.1965,2102,0
rep2,1.1965,2103,0
rep2,1.1966,2104,0
rep2,1.1967,2105,0
rep2,1.1968,2106,0
rep2,1.1968,2107,0
rep2,1.1968,2108,0
rep2,1.1969,2109,0
rep2,1.197,2110,0
rep2,1.1971,2111,0
rep2,1.1971,2112,0
rep2,1.1971,2113,0
rep2,1.1972,2114,0
rep2,1.1972,2115,0
rep2,1.1973,2116,0
rep2,1.1973,2117,0
rep2,1.1973,2118,0
rep2,1.1974,2119,0
rep2,1.1974,2120,0
rep2,1.1977,2121,0
rep2,1.1978,2122,0
rep2,1.198,2123,0
rep2,1.1981,2124,0
rep2,1.1981,2125,0
rep2,1.1983,2126,0
rep2,1.1983,2127,0
rep2,1.1983,2128,0
rep2,1.1985,2129,0
rep2,1.1985,2130,0
rep2,1.1985,2131,0
rep2,1.1986,2132,0
rep2,1.1986,2133,0
rep2,1.1987,2134,0
rep2,1.1988,2135,0
rep2,1.1988,2136,0
rep2,1.1989,2137,0
rep2,1.1989,2138,0
rep2,1.1989,2139,0
rep2,1.1989,2140,0
rep2,1.1989,2141,0
rep2,1.199,2142,0
rep2,1.199,2143,0
rep2,1.1991,2144,0
rep2,1.1993,2145,0
rep2,1.1993,2146,0
rep2,1.1993,2147,0
rep2,1.1994,2148,0
rep2,1.1994,2149,0
rep2,1.1994,2150,0
rep2,1.1997,2151,0
rep2,1.1998,2152,0
rep2,1.1998,2153,0
rep2,1.1999,2154,0
rep2,1.2,2155,0
rep2,1.2,2156,0
rep2,1.2,2157,0
rep2,1.2001,2158,0
rep2,1.2001,2159,0
rep2,1.2002,2160,0
rep2,1.2002,2161,0
rep2,1.2004,2162,0
rep2,1.2004,2163,0
rep2,1.2004,2164,0
rep2,1.2004,2165,0
rep2,1.2006,2166,0
rep2,1.2007,2167,0
rep2,1.2007,2168,0
rep2,1.2007,2169,0
rep2,1.2007,2170,0
rep2,1.2007,2171,0
rep2,1.2008,2172,0
rep2,1.2008,2173,0
rep2,1.2009,2174,0
rep2,1.2009,2175,0
rep2,1.2011,2176,0
rep2,1.2011,2177,0
rep2,1.2012,2178,0
rep2,1.2014,2179,0
rep2,1.2017,2180,0
rep2,1.2018,2181,0
rep2,1.2018,2182,0
rep2,1.2019,2183,0
rep2,1.2019,2184,0
rep2,1.202,2185,0
rep2,1.202,2186,0
rep2,1.202,2187,0
rep2,1.202,2188,0
rep2,1.2021,2189,0
rep2,1.2021,2190,0
rep2,1.2021,2191,0
rep2,1.2021,2192,0
rep2,1.2022,2193,0
rep2,1.2024,2194,0
rep2,1.2028,2195,0
rep2,1.2028,2196,0
rep2,1.2028,2197,0
rep2,1.2029,2198,0
rep2,1.203,2199,0
rep2,1.2031,2200,0
rep2,1.2032,2201,0
rep2,1.2032,2202,0
rep2,1.2032,2203,0
rep2,1.2033,2204,0
rep2,1.2034,2205,0
rep2,1.2034,2206,0
rep2,1.2034,2207,0
rep2,1.2034,2208,0
rep2,1.2035,2209,0
rep2,1.2037,2210,0
rep2,1.2038,2211,0
rep2,1.2039,2212,0
rep2,1.204,2213,0
rep2,1.204,2214,0
rep2,1.2041,2215,0
rep2,1.2042,2216,0
rep2,1.2042,2217,0
rep2,1.2042,2218,0
rep2,1.2044,2219,0
rep2,1.2044,2220,0
rep2,1.2045,2221,0
rep2,1.2045,2222,0
rep2,1.2045,2223,0
rep2,1.2046,2224,0
rep2,1.2047,2225,0
rep2,1.2048,2226,0
rep2,1.2049,2227,0
rep2,1.205,2228,0
rep2,1.205,2229,0
rep2,1.2051,2230,0
rep2,1.2051,2231,0
rep2,1.2051,2232,0
rep2,1.2051,2233,0
rep2,1.2051,2234,0
rep2,1.2053,2235,0
rep2,1.2053,2236,0
rep2,1.2057,2237,0
rep2,1.2057,2238,0
rep2,1.2058,2239,0
rep2,1.2058,2240,0
rep2,1.2058,2241,0
rep2,1.2058,2242,0
rep2,1.2059,2243,0
rep2,1.2059,2244,0
rep2,1.2059,2245,0
rep2,1.206,2246,0
rep2,1.206,2247,0
rep2,1.2061,2248,0
rep2,1.2062,2249,0
rep2,1.2062,2250,0
rep2,1.2063,2251,0
rep2,1.2064,2252,0
rep2,1.2064,2253,0
rep2,1.2064,2254,0
rep2,1.2064,2255,0
rep2,1.2065,2256,0
rep2,1.2065,2257,0
rep2,1.2065,2258,0
rep2,1.2066,2259,0
rep2,1.2067,2260,0
rep2,1.2067,2261,0
rep2,1.2068,2262,0
rep2,1.2068,2263,0
rep2,1.2069,2264,0
rep2,1.2071,2265,0
rep2,1.2071,2266,0
rep2,1.2071,2267,0
rep2,1.2072,2268,0
rep2,1.2072,2269,0
rep2,1.2073,2270,0
rep2,1.2073,2271,0
rep2,1.2073,2272,0
rep2,1.2075,2273,0
rep2,1.2075,2274,0
rep2,1.2076,2275,0
rep2,1.2076,2276,0
rep2,1.2076,2277,0
rep2,1.2077,2278,0
rep2,1.2077,2279,0
rep2,1.2077,2280,0
rep2,1.2079,2281,0
rep2,1.2079,2282,0
rep2,1.208,2283,0
rep2,1.208,2284,0
rep2,1.2081,2285,0
rep2,1.2081,2286,0
rep2,1.2083,2287,0
rep2,1.2083,2288,0
rep2,1.2083,2289,0
rep2,1.2083,2290,0
rep2,1.2083,2291,0
rep2,1.2083,2292,0
rep2,1.2084,2293,0
rep2,1.2084,2294,0
rep2,1.2084,2295,0
rep2,1.2084,2296,0
rep2,1.2085,2297,0
rep2,1.2086,2298,0
rep2,1.2087,2299,0
rep2,1.2087,2300,0
rep2,1.2088,2301,0
rep2,1.2089,2302,0
rep2,1.2089,2303,0
rep2,1.2091,2304,0
rep2,1.2091,2305,0
rep2,1.2091,2306,0
rep2,1.2091,2307,0
rep2,1.2092,2308,0
rep2,1.2092,2309,0
rep2,1.2093,2310,0
rep2,1.2093,2311,0
rep2,1.2094,2312,0
rep2,1.2095,2313,0
rep2,1.2097,2314,0
rep2,1.2097,2315,0
rep2,1.2097,2316,0
rep2,1.2098,2317,0
rep2,1.2099,2318,0
rep2,1.2101,2319,0
rep2,1.2103,2320,0
rep2,1.2103,2321,0
rep2,1.2105,2322,0
rep2,1.2105,2323,0
rep2,1.2106,2324,0
rep2,1.2107,2325,0
rep2,1.2107,2326,0
rep2,1.2108,2327,0
rep2,1.2108,2328,0
rep2,1.2109,2329,0
rep2,1.2109,2330,0
rep2,1.2109,2331,0
rep2,1.2109,2332,0
rep2,1.211,2333,0
rep2,1.211,2334,0
rep2,1.211,2335,0
rep2,1.2111,2336,0
rep2,1.2113,2337,0
rep2,1.2113,2338,0
rep2,1.2114,2339,0
rep2,1.2116,2340,0
rep2,1.2117,2341,0
rep2,1.2118,2342,0
rep2,1.2118,2343,0
rep2,1.2119,2344,0
rep2,1.2119,2345,0
rep2,1.2121,2346,0
rep2,1.2121,2347,0
rep2,1.2121,2348,0
rep2,1.2122,2349,0
rep2,1.2123,2350,0
rep2,1.2123,2351,0
rep2,1.2123,2352,0
rep2,1.2125,2353,0
rep2,1.2125,2354,0
rep2,1.2125,2355,0
rep2,1.2125,2356,0
rep2,1.2126,2357,0
rep2,1.2126,2358,0
rep2,1.2126,2359,0
rep2,1.2128,2360,0
rep2,1.2128,2361,0
rep2,1.2128,2362,0
rep2,1.2129,2363,0
rep2,1.2129,2364,0
rep2,1.213,2365,0
rep2,1.213,2366,0
rep2,1.213,2367,0
rep2,1.2131,2368,0
rep2,1.2131,2369,0
rep2,1.2131,2370,0
rep2,1.2131,2371,0
rep2,1.2132,2372,0
rep2,1.2132,2373,0
rep2,1.2133,2374,0
rep2,1.2133,2375,0
rep2,1.2134,2376,0
rep2,1.2135,2377,0
rep2,1.2136,2378,0
rep2,1.2136,2379,0
rep2,1.2136,2380,0
rep2,1.2138,2381,0
rep2,1.2138,2382,0
rep2,1.2139,2383,0
rep2,1.2139,2384,0
rep2,1.214,2385,0
rep2,1.2142,2386,0
rep2,1.2142,2387,0
rep2,1.2142,2388,0
rep2,1.2144,2389,0
rep2,1.2145,2390,0
rep2,1.2145,2391,0
rep2,1.2147,2392,0
rep2,1.2148,2393,0
rep2,1.2149,2394,0
rep2,1.2149,2395,0
rep2,1.215,2396,0
rep2,1.2151,2397,0
rep2,1.2151,2398,0
rep2,1.2151,2399,0
rep2,1.2152,2400,0
rep2,1.2152,2401,0
rep2,1.2154,2402,0
rep2,1.2154,2403,0
rep2,1.2154,2404,0
rep2,1.2155,2405,0
rep2,1.2156,2406,0
rep2,1.2157,2407,0
rep2,1.2157,2408,0
rep2,1.2157,2409,0
rep2,1.2158,2410,0
rep2,1.2158,2411,0
rep2,1.2158,2412,0
rep2,1.216,2413,0
rep2,1.2161,2414,0
rep2,1.2161,2415,0
rep2,1.2162,2416,0
rep2,1.2163,2417,0
rep2,1.2163,2418,0
rep2,1.2165,2419,0
rep2,1.2166,2420,0
rep2,1.2166,2421,0
rep2,1.2167,2422,0
rep2,1.2167,2423,0
rep2,1.2167,2424,0
rep2,1.2167,2425,0
rep2,1.2169,2426,0
rep2,1.217,2427,0
rep2,1.2171,2428,0
rep2,1.2171,2429,0
rep2,1.2173,2430,0
rep2,1.2174,2431,0
rep2,1.2175,2432,0
rep2,1.2176,2433,0
rep2,1.2177,2434,0
rep2,1.2177,2435,0
rep2,1.2178,2436,0
rep2,1.2179,2437,0
rep2,1.2179,2438,0
rep2,1.2179,2439,0
rep2,1.218,2440,0
rep2,1.218,2441,0
rep2,1.2181,2442,0
rep2,1.2181,2443,0
rep2,1.2182,2444,0
rep2,1.2184,2445,0
rep2,1.2185,2446,0
rep2,1.2185,2447,0
rep2,1.2187,2448,0
rep2,1.2187,2449,0
rep2,1.2188,2450,0
rep2,1.2188,2451,0
rep2,1.2189,2452,0
rep2,1.2191,2453,0
rep2,1.2192,2454,0
rep2,1.2193,2455,0
rep2,1.2193,2456,0
rep2,1.2194,2457,0
rep2,1.2194,2458,0
rep2,1.2194,2459,0
rep2,1.2195,2460,0
rep2,1.2195,2461,0
rep2,1.2195,2462,0
rep2,1.2196,2463,0
rep2,1.2196,2464,0
rep2,1.2196,2465,0
rep2,1.2198,2466,0
rep2,1.2199,2467,0
rep2,1.2199,2468,0
rep2,1.2199,2469,0
rep2,1.22,2470,0
rep2,1.22,2471,0
rep2,1.2201,2472,0
rep2,1.2202,2473,0
rep2,1.2203,2474,0
rep2,1.2203,2475,0
rep2,1.2204,2476,0
rep2,1.2204,2477,0
rep2,1.2206,2478,0
rep2,1.2207,2479,0
rep2,1.2209,2480,0
rep2,1.2209,2481,0
rep2,1.2212,2482,0
rep2,1.2212,2483,0
rep2,1.2212,2484,0
rep2,1.2212,2485,0
rep2,1.2213,2486,0
rep2,1.2213,2487,0
rep2,1.2213,2488,0
rep2,1.2214,2489,0
rep2,1.2214,2490,0
rep2,1.2215,2491,0
rep2,1.2215,2492,0
rep2,1.2215,2493,0
rep2,1.2216,2494,0
rep2,1.2218,2495,0
rep2,1.2218,2496,0
rep2,1.2218,2497,0
rep2,1.2218,2498,0
rep2,1.222,2499,0
rep2,1.2221,2500,0
rep2,1.2222,2501,0
rep2,1.2223,2502,0
rep2,1.2223,2503,0
rep2,1.2225,2504,0
rep2,1.2225,2505,0
rep2,1.2226,2506,0
rep2,1.2226,2507,0
rep2,1.2227,2508,0
rep2,1.2228,2509,0
rep2,1.2228,2510,0
rep2,1.2228,2511,0
rep2,1.2229,2512,0
rep2,1.223,2513,0
rep2,1.223,2514,0
rep2,1.2233,2515,0
rep2,1.2233,2516,0
rep2,1.2233,2517,0
rep2,1.2234,2518,0
rep2,1.2235,2519,0
rep2,1.2235,2520,0
rep2,1.2235,2521,0
rep2,1.2235,2522,0
rep2,1.2236,2523,0
rep2,1.2236,2524,0
rep2,1.2237,2525,0
rep2,1.2238,2526,0
rep2,1.2238,2527,0
rep2,1.2239,2528,0
rep2,1.224,2529,0
rep2,1.224,2530,0
rep2,1.2241,2531,0
rep2,1.2241,2532,0
rep2,1.2242,2533,0
rep2,1.2242,2534,0
rep2,1.2243,2535,0
rep2,1.2243,2536,0
rep2,1.2243,2537,0
rep2,1.2244,2538,0
rep2,1.2244,2539,0
rep2,1.2245,2540,0
rep2,1.2247,2541,0
rep2,1.2247,2542,0
rep2,1.2248,2543,0
rep2,1.2248,2544,0
rep2,1.2249,2545,0
rep2,1.225,2546,0
rep2,1.225,2547,0
rep2,1.225,2548,0
rep2,1.2251,2549,0
rep2,1.2251,2550,0
rep2,1.2251,2551,0
rep2,1.2252,2552,0
rep2,1.2252,2553,0
rep2,1.2252,2554,0
rep2,1.2252,2555,0
rep2,1.2253,2556,0
rep2,1.2254,2557,0
rep2,1.2254,2558,0
rep2,1.2254,2559,0
rep2,1.2255,2560,0
rep2,1.2256,2561,0
rep2,1.2256,2562,0
rep2,1.2259,2563,0
rep2,1.2259,2564,0
rep2,1.2259,2565,0
rep2,1.226,2566,0
rep2,1.2261,2567,0
rep2,1.2261,2568,0
rep2,1.2262,2569,0
rep2,1.2262,2570,0
rep2,1.2263,2571,0
rep2,1.2264,2572,0
rep2,1.2265,2573,0
rep2,1.2266,2574,0
rep2,1.2266,2575,0
rep2,1.2266,2576,0
rep2,1.2268,2577,0
rep2,1.2268,2578,0
rep2,1.2268,2579,0
rep2,1.227,2580,0
rep2,1.227,2581,0
rep2,1.2271,2582,0
rep2,1.2271,2583,0
rep2,1.2272,2584,0
rep2,1.2272,2585,0
rep2,1.2274,2586,0
rep2,1.2275,2587,0
rep2,1.2276,2588,0
rep2,1.2277,2589,0
rep2,1.2277,2590,0
rep2,1.2277,2591,0
rep2,1.2278,2592,0
rep2,1.2278,2593,0
rep2,1.2278,2594,0
rep2,1.2278,2595,0
rep2,1.2279,2596,0
rep2,1.2281,2597,0
rep2,1.2282,2598,0
rep2,1.2283,2599,0
rep2,1.2283,2600,0
rep2,1.2283,2601,0
rep2,1.2284,2602,0
rep2,1.2284,2603,0
rep2,1.2284,2604,0
rep2,1.2285,2605,0
rep2,1.2285,2606,0
rep2,1.2285,2607,0
rep2,1.2285,2608,0
rep2,1.2286,2609,0
rep2,1.2286,2610,0
rep2,1.2287,2611,0
rep2,1.2287,2612,0
rep2,1.2287,2613,0
rep2,1.2288,2614,0
rep2,1.2288,2615,0
rep2,1.2288,2616,0
rep2,1.2289,2617,0
rep2,1.2289,2618,0
rep2,1.2289,2619,0
rep2,1.229,2620,0
rep2,1.229,2621,0
rep2,1.2291,2622,0
rep2,1.2293,2623,0
rep2,1.2293,2624,0
rep2,1.2293,2625,0
rep2,1.2293,2626,0
rep2,1.2294,2627,0
rep2,1.2294,2628,0
rep2,1.2295,2629,0
rep2,1.2296,2630,0
rep2,1.2297,2631,0
rep2,1.2297,2632,0
rep2,1.2298,2633,0
rep2,1.2299,2634,0
rep2,1.2299,2635,0
rep2,1.23,2636,0
rep2,1.2301,2637,0
rep2,1.2301,2638,0
rep2,1.2302,2639,0
rep2,1.2303,2640,0
rep2,1.2303,2641,0
rep2,1.2304,2642,0
rep2,1.2305,2643,0
rep2,1.2305,2644,0
rep2,1.2305,2645,0
rep2,1.2306,2646,0
rep2,1.2306,2647,0
rep2,1.2307,2648,0
rep2,1.2307,2649,0
rep2,1.2307,2650,0
rep2,1.2308,2651,0
rep2,1.2308,2652,0
rep2,1.2308,2653,0
rep2,1.2309,2654,0
rep2,1.231,2655,0
rep2,1.2311,2656,0
rep2,1.2312,2657,0
rep2,1.2312,2658,0
rep2,1.2313,2659,0
rep2,1.2314,2660,0
rep2,1.2315,2661,0
rep2,1.2315,2662,0
rep2,1.2316,2663,0
rep2,1.2316,2664,0
rep2,1.2317,2665,0
rep2,1.2317,2666,0
rep2,1.2318,2667,0
rep2,1.2318,2668,0
rep2,1.2319,2669,0
rep2,1.2319,2670,0
rep2,1.232,2671,0
rep2,1.2321,2672,0
rep2,1.2321,2673,0
rep2,1.2321,2674,0
rep2,1.2322,2675,0
rep2,1.2322,2676,0
rep2,1.2323,2677,0
rep2,1.2323,2678,0
rep2,1.2324,2679,0
rep2,1.2324,2680,0
rep2,1.2324,2681,0
rep2,1.2325,2682,0
rep2,1.2325,2683,0
rep2,1.2326,2684,0
rep2,1.2326,2685,0
rep2,1.2327,2686,0
rep2,1.2327,2687,0
rep2,1.2328,2688,0
rep2,1.2328,2689,0
rep2,1.2328,2690,0
rep2,1.2329,2691,0
rep2,1.233,2692,0
rep2,1.233,2693,0
rep2,1.233,2694,0
rep2,1.2332,2695,0
rep2,1.2332,2696,0
rep2,1.2333,2697,0
rep2,1.2333,2698,0
rep2,1.2333,2699,0
rep2,1.2334,2700,0
rep2,1.2334,2701,0
rep2,1.2337,2702,0
rep2,1.2337,2703,0
rep2,1.2342,2704,0
rep2,1.2343,2705,0
rep2,1.2343,2706,0
rep2,1.2344,2707,0
rep2,1.2345,2708,0
rep2,1.2346,2709,0
rep2,1.2346,2710,0
rep2,1.2347,2711,0
rep2,1.2348,2712,0
rep2,1.2349,2713,0
rep2,1.235,2714,0
rep2,1.2354,2715,0
rep2,1.2354,2716,0
rep2,1.2354,2717,0
rep2,1.2355,2718,0
rep2,1.2355,2719,0
rep2,1.2356,2720,0
rep2,1.2356,2721,0
rep2,1.2357,2722,0
rep2,1.2359,2723,0
rep2,1.236,2724,0
rep2,1.236,2725,0
rep2,1.2362,2726,0
rep2,1.2362,2727,0
rep2,1.2363,2728,0
rep2,1.2363,2729,0
rep2,1.2363,2730,0
rep2,1.2365,2731,0
rep2,1.2365,2732,0
rep2,1.2365,2733,0
rep2,1.2366,2734,0
rep2,1.2367,2735,0
rep2,1.2367,2736,0
rep2,1.2367,2737,0
rep2,1.2368,2738,0
rep2,1.2369,2739,0
rep2,1.237,2740,0
rep2,1.237,2741,0
rep2,1.2371,2742,0
rep2,1.2371,2743,0
rep2,1.2371,2744,0
rep2,1.2372,2745,0
rep2,1.2372,2746,0
rep2,1.2372,2747,0
rep2,1.2373,2748,0
rep2,1.2373,2749,0
rep2,1.2374,2750,0
rep2,1.2375,2751,0
rep2,1.2376,2752,0
rep2,1.2376,2753,0
rep2,1.2376,2754,0
rep2,1.2377,2755,0
rep2,1.2377,2756,0
rep2,1.2377,2757,0
rep2,1.2378,2758,0
rep2,1.2378,2759,0
rep2,1.2379,2760,0
rep2,1.2379,2761,0
rep2,1.2379,2762,0
rep2,1.238,2763,0
rep2,1.2381,2764,0
rep2,1.2382,2765,0
rep2,1.2382,2766,0
rep2,1.2383,2767,0
rep2,1.2385,2768,0
rep2,1.2385,2769,0
rep2,1.2386,2770,0
rep2,1.2386,2771,0
rep2,1.2387,2772,0
rep2,1.2387,2773,0
rep2,1.2388,2774,0
rep2,1.2388,2775,0
rep2,1.2388,2776,0
rep2,1.2389,2777,0
rep2,1.239,2778,0
rep2,1.239,2779,0
rep2,1.2391,2780,0
rep2,1.2391,2781,0
rep2,1.2392,2782,0
rep2,1.2392,2783,0
rep2,1.2394,2784,0
rep2,1.2394,2785,0
rep2,1.2395,2786,0
rep2,1.2395,2787,0
rep2,1.2395,2788,0
rep2,1.2397,2789,0
rep2,1.2398,2790,0
rep2,1.2399,2791,0
rep2,1.24,2792,0
rep2,1.2401,2793,0
rep2,1.2402,2794,0
rep2,1.2402,2795,0
rep2,1.2402,2796,0
rep2,1.2402,2797,0
rep2,1.2402,2798,0
rep2,1.2403,2799,0
rep2,1.2403,2800,0
rep2,1.2405,2801,0
rep2,1.2405,2802,0
rep2,1.2406,2803,0
rep2,1.2407,2804,0
rep2,1.2407,2805,0
rep2,1.2407,2806,0
rep2,1.2408,2807,0
rep2,1.2409,2808,0
rep2,1.2412,2809,0
rep2,1.2414,2810,0
rep2,1.2414,2811,0
rep2,1.2415,2812,0
rep2,1.2416,2813,0
rep2,1.2416,2814,0
rep2,1.2416,2815,0
rep2,1.2417,2816,0
rep2,1.2417,2817,0
rep2,1.2417,2818,0
rep2,1.2418,2819,0
rep2,1.2419,2820,0
rep2,1.242,2821,0
rep2,1.242,2822,0
rep2,1.242,2823,0
rep2,1.2422,2824,0
rep2,1.2422,2825,0
rep2,1.2422,2826,0
rep2,1.2423,2827,0
rep2,1.2423,2828,0
rep2,1.2423,2829,0
rep2,1.2423,2830,0
rep2,1.2424,2831,0
rep2,1.2424,2832,0
rep2,1.2424,2833,0
rep2,1.2425,2834,0
rep2,1.2425,2835,0
rep2,1.2426,2836,0
rep2,1.2426,2837,0
rep2,1.2429,2838,0
rep2,1.2429,2839,0
rep2,1.2429,2840,0
rep2,1.2429,2841,0
rep2,1.243,2842,0
rep2,1.2432,2843,0
rep2,1.2432,2844,0
rep2,1.2433,2845,0
rep2,1.2433,2846,0
rep2,1.2434,2847,0
rep2,1.2435,2848,0
rep2,1.2436,2849,0
rep2,1.2436,2850,0
rep2,1.2438,2851,0
rep2,1.2439,2852,0
rep2,1.244,2853,0
rep2,1.2441,2854,0
rep2,1.2441,2855,0
rep2,1.2442,2856,0
rep2,1.2443,2857,0
rep2,1.2446,2858,0
rep2,1.2447,2859,0
rep2,1.2447,2860,0
rep2,1.2448,2861,0
rep2,1.2449,2862,0
rep2,1.245,2863,0
rep2,1.2452,2864,0
rep2,1.2453,2865,0
rep2,1.2454,2866,0
rep2,1.2456,2867,0
rep2,1.2457,2868,0
rep2,1.2458,2869,0
rep2,1.2458,2870,0
rep2,1.2458,2871,0
rep2,1.2459,2872,0
rep2,1.2459,2873,0
rep2,1.246,2874,0
rep2,1.2461,2875,0
rep2,1.2461,2876,0
rep2,1.2462,2877,0
rep2,1.2462,2878,0
rep2,1.2462,2879,0
rep2,1.2463,2880,0
rep2,1.2463,2881,0
rep2,1.2463,2882,0
rep2,1.2465,2883,0
rep2,1.2465,2884,0
rep2,1.2467,2885,0
rep2,1.2468,2886,0
rep2,1.2468,2887,0
rep2,1.2469,2888,0
rep2,1.2469,2889,0
rep2,1.247,2890,0
rep2,1.247,2891,0
rep2,1.247,2892,0
rep2,1.247,2893,0
rep2,1.2472,2894,0
rep2,1.2473,2895,0
rep2,1.2473,2896,0
rep2,1.2474,2897,0
rep2,1.2474,2898,0
rep2,1.2476,2899,0
rep2,1.2478,2900,0
rep2,1.2478,2901,0
rep2,1.2479,2902,0
rep2,1.2479,2903,0
rep2,1.248,2904,0
rep2,1.2481,2905,0
rep2,1.2481,2906,0
rep2,1.2481,2907,0
rep2,1.2482,2908,0
rep2,1.2483,2909,0
rep2,1.2484,2910,0
rep2,1.2485,2911,0
rep2,1.2486,2912,0
rep2,1.2487,2913,0
rep2,1.2487,2914,0
rep2,1.2488,2915,0
rep2,1.2489,2916,0
rep2,1.2489,2917,0
rep2,1.249,2918,0
rep2,1.249,2919,0
rep2,1.249,2920,0
rep2,1.2491,2921,0
rep2,1.2491,2922,0
rep2,1.2491,2923,0
rep2,1.2492,2924,0
rep2,1.2493,2925,0
rep2,1.2496,2926,0
rep2,1.2496,2927,0
rep2,1.2496,2928,0
rep2,1.2496,2929,0
rep2,1.2497,2930,0
rep2,1.2498,2931,0
rep2,1.2498,2932,0
rep2,1.2498,2933,0
rep2,1.25,2934,0
rep2,1.25,2935,0
rep2,1.2501,2936,0
rep2,1.2501,2937,0
rep2,1.2502,2938,0
rep2,1.2502,2939,0
rep2,1.2502,2940,0
rep2,1.2502,2941,0
rep2,1.2502,2942,0
rep2,1.2503,2943,0
rep2,1.2503,2944,0
rep2,1.2505,2945,0
rep2,1.2505,2946,0
rep2,1.2505,2947,0
rep2,1.2506,2948,0
rep2,1.2507,2949,0
rep2,1.2507,2950,0
rep2,1.2507,2951,0
rep2,1.2508,2952,0
rep2,1.2508,2953,0
rep2,1.2511,2954,0
rep2,1.2513,2955,0
rep2,1.2513,2956,0
rep2,1.2516,2957,0
rep2,1.2516,2958,0
rep2,1.2517,2959,0
rep2,1.2517,2960,0
rep2,1.2518,2961,0
rep2,1.2518,2962,0
rep2,1.2519,2963,0
rep2,1.2519,2964,0
rep2,1.252,2965,0
rep2,1.252,2966,0
rep2,1.2521,2967,0
rep2,1.2522,2968,0
rep2,1.2522,2969,0
rep2,1.2523,2970,0
rep2,1.2526,2971,0
rep2,1.2528,2972,0
rep2,1.2529,2973,0
rep2,1.2529,2974,0
rep2,1.2529,2975,0
rep2,1.253,2976,0
rep2,1.253,2977,0
rep2,1.2531,2978,0
rep2,1.2531,2979,0
rep2,1.2533,2980,0
rep2,1.2533,2981,0
rep2,1.2535,2982,0
rep2,1.2535,2983,0
rep2,1.2537,2984,0
rep2,1.2538,2985,0
rep2,1.2539,2986,0
rep2,1.2539,2987,0
rep2,1.254,2988,0
rep2,1.254,2989,0
rep2,1.2541,2990,0
rep2,1.2542,2991,0
rep2,1.2542,2992,0
rep2,1.2544,2993,0
rep2,1.2544,2994,0
rep2,1.2545,2995,0
rep2,1.2545,2996,0
rep2,1.2545,2997,0
rep2,1.2546,2998,0
rep2,1.2546,2999,0
rep2,1.2547,3000,0
rep2,1.2548,3001,0
rep2,1.2549,3002,0
rep2,1.2551,3003,0
rep2,1.2552,3004,0
rep2,1.2553,3005,0
rep2,1.2554,3006,0
rep2,1.2555,3007,0
rep2,1.2555,3008,0
rep2,1.2556,3009,0
rep2,1.2558,3010,0
rep2,1.2558,3011,0
rep2,1.2558,3012,0
rep2,1.2558,3013,0
rep2,1.256,3014,0
rep2,1.256,3015,0
rep2,1.2561,3016,0
rep2,1.2562,3017,0
rep2,1.2562,3018,0
rep2,1.2563,3019,0
rep2,1.2563,3020,0
rep2,1.2563,3021,0
rep2,1.2564,3022,0
rep2,1.2564,3023,0
rep2,1.2564,3024,0
rep2,1.2566,3025,0
rep2,1.2566,3026,0
rep2,1.2568,3027,0
rep2,1.2569,3028,0
rep2,1.2569,3029,0
rep2,1.2569,3030,0
rep2,1.257,3031,0
rep2,1.2571,3032,0
rep2,1.2571,3033,0
rep2,1.2571,3034,0
rep2,1.2572,3035,0
rep2,1.2573,3036,0
rep2,1.2574,3037,0
rep2,1.2574,3038,0
rep2,1.2576,3039,0
rep2,1.2577,3040,0
rep2,1.2578,3041,0
rep2,1.2578,3042,0
rep2,1.2579,3043,0
rep2,1.2579,3044,0
rep2,1.258,3045,0
rep2,1.2581,3046,0
rep2,1.2581,3047,0
rep2,1.2582,3048,0
rep2,1.2583,3049,0
rep2,1.2583,3050,0
rep2,1.2584,3051,0
rep2,1.2586,3052,0
rep2,1.2587,3053,0
rep2,1.2588,3054,0
rep2,1.2588,3055,0
rep2,1.2588,3056,0
rep2,1.2589,3057,0
rep2,1.259,3058,0
rep2,1.259,3059,0
rep2,1.2591,3060,0
rep2,1.2591,3061,0
rep2,1.2592,3062,0
rep2,1.2592,3063,0
rep2,1.2593,3064,0
rep2,1.2593,3065,0
rep2,1.2594,3066,0
rep2,1.2594,3067,0
rep2,1.2595,3068,0
rep2,1.2596,3069,0
rep2,1.2597,3070,0
rep2,1.2597,3071,0
rep2,1.2598,3072,0
rep2,1.2598,3073,0
rep2,1.2598,3074,0
rep2,1.2599,3075,0
rep2,1.26,3076,0
rep2,1.26,3077,0
rep2,1.26,3078,0
rep2,1.2601,3079,0
rep2,1.2601,3080,0
rep2,1.2602,3081,0
rep2,1.2602,3082,0
rep2,1.2602,3083,0
rep2,1.2603,3084,0
rep2,1.2603,3085,0
rep2,1.2604,3086,0
rep2,1.2604,3087,0
rep2,1.2605,3088,0
rep2,1.2605,3089,0
rep2,1.2607,3090,0
rep2,1.2608,3091,0
rep2,1.2608,3092,0
rep2,1.2609,3093,0
rep2,1.2611,3094,0
rep2,1.2613,3095,0
rep2,1.2613,3096,0
rep2,1.2614,3097,0
rep2,1.2615,3098,0
rep2,1.2616,3099,0
rep2,1.2616,3100,0
rep2,1.2616,3101,0
rep2,1.2616,3102,0
rep2,1.2617,3103,0
rep2,1.2617,3104,0
rep2,1.2617,3105,0
rep2,1.2617,3106,0
rep2,1.2618,3107,0
rep2,1.2618,3108,0
rep2,1.2618,3109,0
rep2,1.2619,3110,0
rep2,1.262,3111,0
rep2,1.2621,3112,0
rep2,1.2621,3113,0
rep2,1.2623,3114,0
rep2,1.2624,3115,0
rep2,1.2625,3116,0
rep2,1.2626,3117,0
rep2,1.2627,3118,0
rep2,1.2629,3119,0
rep2,1.2631,3120,0
rep2,1.2631,3121,0
rep2,1.2631,3122,0
rep2,1.2632,3123,0
rep2,1.2632,3124,0
rep2,1.2632,3125,0
rep2,1.2634,3126,0
rep2,1.2634,3127,0
rep2,1.2635,3128,0
rep2,1.2635,3129,0
rep2,1.2636,3130,0
rep2,1.2637,3131,0
rep2,1.2637,3132,0
rep2,1.2637,3133,0
rep2,1.2637,3134,0
rep2,1.2638,3135,0
rep2,1.2638,3136,0
rep2,1.2638,3137,0
rep2,1.2639,3138,0
rep2,1.2639,3139,0
rep2,1.2639,3140,0
rep2,1.264,3141,0
rep2,1.264,3142,0
rep2,1.264,3143,0
rep2,1.2642,3144,0
rep2,1.2642,3145,0
rep2,1.2642,3146,0
rep2,1.2643,3147,0
rep2,1.2643,3148,0
rep2,1.2643,3149,0
rep2,1.2644,3150,0
rep2,1.2645,3151,0
rep2,1.2646,3152,0
rep2,1.2646,3153,0
rep2,1.2647,3154,0
rep2,1.2647,3155,0
rep2,1.2648,3156,0
rep2,1.2648,3157,0
rep2,1.2648,3158,0
rep2,1.2649,3159,0
rep2,1.265,3160,0
rep2,1.265,3161,0
rep2,1.265,3162,0
rep2,1.2651,3163,0
rep2,1.2651,3164,0
rep2,1.2652,3165,0
rep2,1.2653,3166,0
rep2,1.2654,3167,0
rep2,1.2655,3168,0
rep2,1.2656,3169,0
rep2,1.2657,3170,0
rep2,1.2658,3171,0
rep2,1.2658,3172,0
rep2,1.2658,3173,0
rep2,1.266,3174,0
rep2,1.266,3175,0
rep2,1.2662,3176,0
rep2,1.2662,3177,0
rep2,1.2662,3178,0
rep2,1.2664,3179,0
rep2,1.2665,3180,0
rep2,1.2665,3181,0
rep2,1.2665,3182,0
rep2,1.2666,3183,0
rep2,1.2666,3184,0
rep2,1.2666,3185,0
rep2,1.2667,3186,0
rep2,1.2669,3187,0
rep2,1.2669,3188,0
rep2,1.2671,3189,0
rep2,1.2672,3190,0
rep2,1.2673,3191,0
rep2,1.2674,3192,0
rep2,1.2675,3193,0
rep2,1.2675,3194,0
rep2,1.2675,3195,0
rep2,1.2676,3196,0
rep2,1.2677,3197,0
rep2,1.2678,3198,0
rep2,1.2681,3199,0
rep2,1.2682,3200,0
rep2,1.2684,3201,0
rep2,1.2684,3202,0
rep2,1.2685,3203,0
rep2,1.2686,3204,0
rep2,1.2687,3205,0
rep2,1.2687,3206,0
rep2,1.2688,3207,0
rep2,1.2689,3208,0
rep2,1.2689,3209,0
rep2,1.269,3210,0
rep2,1.269,3211,0
rep2,1.2692,3212,0
rep2,1.2692,3213,0
rep2,1.2693,3214,0
rep2,1.2694,3215,0
rep2,1.2694,3216,0
rep2,1.2696,3217,0
rep2,1.2696,3218,0
rep2,1.2697,3219,0
rep2,1.2698,3220,0
rep2,1.2699,3221,0
rep2,1.27,3222,0
rep2,1.27,3223,0
rep2,1.2701,3224,0
rep2,1.2702,3225,0
rep2,1.2704,3226,0
rep2,1.2704,3227,0
rep2,1.2704,3228,0
rep2,1.2705,3229,0
rep2,1.2705,3230,0
rep2,1.2705,3231,0
rep2,1.2706,3232,0
rep2,1.2706,3233,0
rep2,1.2706,3234,0
rep2,1.2706,3235,0
rep2,1.2707,3236,0
rep2,1.2707,3237,0
rep2,1.2708,3238,0
rep2,1.2708,3239,0
rep2,1.2708,3240,0
rep2,1.2708,3241,0
rep2,1.2709,3242,0
rep2,1.271,3243,0
rep2,1.2712,3244,0
rep2,1.2712,3245,0
rep2,1.2713,3246,0
rep2,1.2713,3247,0
rep2,1.2714,3248,0
rep2,1.2715,3249,0
rep2,1.2715,3250,0
rep2,1.2716,3251,0
rep2,1.2716,3252,0
rep2,1.2716,3253,0
rep2,1.2717,3254,0
rep2,1.2717,3255,0
rep2,1.2719,3256,0
rep2,1.272,3257,0
rep2,1.272,3258,0
rep2,1.2721,3259,0
rep2,1.2721,3260,0
rep2,1.2722,3261,0
rep2,1.2722,3262,0
rep2,1.2723,3263,0
rep2,1.2724,3264,0
rep2,1.2724,3265,0
rep2,1.2724,3266,0
rep2,1.2725,3267,0
rep2,1.2725,3268,0
rep2,1.2725,3269,0
rep2,1.2726,3270,0
rep2,1.2726,3271,0
rep2,1.2727,3272,0
rep2,1.2727,3273,0
rep2,1.2727,3274,0
rep2,1.2729,3275,0
rep2,1.2729,3276,0
rep2,1.273,3277,0
rep2,1.2731,3278,0
rep2,1.2731,3279,0
rep2,1.2732,3280,0
rep2,1.2733,3281,0
rep2,1.2733,3282,0
rep2,1.2734,3283,0
rep2,1.2737,3284,0
rep2,1.2739,3285,0
rep2,1.2739,3286,0
rep2,1.2741,3287,0
rep2,1.2742,3288,0
rep2,1.2744,3289,0
rep2,1.2744,3290,0
rep2,1.2745,3291,0
rep2,1.2746,3292,0
rep2,1.2746,3293,0
rep2,1.2747,3294,0
rep2,1.2747,3295,0
rep2,1.2748,3296,0
rep2,1.2748,3297,0
rep2,1.2749,3298,0
rep2,1.2751,3299,0
rep2,1.2752,3300,0
rep2,1.2755,3301,0
rep2,1.2755,3302,0
rep2,1.2756,3303,0
rep2,1.2758,3304,0
rep2,1.2758,3305,0
rep2,1.276,3306,0
rep2,1.276,3307,0
rep2,1.2763,3308,0
rep2,1.2763,3309,0
rep2,1.2763,3310,0
rep2,1.2765,3311,0
rep2,1.2766,3312,0
rep2,1.2766,3313,0
rep2,1.2768,3314,0
rep2,1.2768,3315,0
rep2,1.2769,3316,0
rep2,1.2769,3317,0
rep2,1.277,3318,0
rep2,1.2771,3319,0
rep2,1.2772,3320,0
rep2,1.2774,3321,0
rep2,1.2775,3322,0
rep2,1.2776,3323,0
rep2,1.2777,3324,0
rep2,1.2778,3325,0
rep2,1.278,3326,0
rep2,1.278,3327,0
rep2,1.2781,3328,0
rep2,1.2782,3329,0
rep2,1.2782,3330,0
rep2,1.2783,3331,0
rep2,1.2783,3332,0
rep2,1.2783,3333,0
rep2,1.2784,3334,0
rep2,1.2784,3335,0
rep2,1.2786,3336,0
rep2,1.2787,3337,0
rep2,1.2787,3338,0
rep2,1.2787,3339,0
rep2,1.2788,3340,0
rep2,1.2788,3341,0
rep2,1.2788,3342,0
rep2,1.2788,3343,0
rep2,1.2789,3344,0
rep2,1.2789,3345,0
rep2,1.2789,3346,0
rep2,1.2791,3347,0
rep2,1.2792,3348,0
rep2,1.2793,3349,0
rep2,1.2793,3350,0
rep2,1.2794,3351,0
rep2,1.2795,3352,0
rep2,1.2795,3353,0
rep2,1.2795,3354,0
rep2,1.2797,3355,0
rep2,1.2798,3356,0
rep2,1.2798,3357,0
rep2,1.2799,3358,0
rep2,1.2799,3359,0
rep2,1.28,3360,0
rep2,1.2801,3361,0
rep2,1.2801,3362,0
rep2,1.2802,3363,0
rep2,1.2803,3364,0
rep2,1.2803,3365,0
rep2,1.2803,3366,0
rep2,1.2804,3367,0
rep2,1.2804,3368,0
rep2,1.2805,3369,0
rep2,1.2807,3370,0
rep2,1.2807,3371,0
rep2,1.2807,3372,0
rep2,1.2807,3373,0
rep2,1.2808,3374,0
rep2,1.2808,3375,0
rep2,1.2809,3376,0
rep2,1.2809,3377,0
rep2,1.2809,3378,0
rep2,1.281,3379,0
rep2,1.2811,3380,0
rep2,1.2811,3381,0
rep2,1.2812,3382,0
rep2,1.2814,3383,0
rep2,1.2815,3384,0
rep2,1.2818,3385,0
rep2,1.282,3386,0
rep2,1.2821,3387,0
rep2,1.2825,3388,0
rep2,1.2827,3389,0
rep2,1.2827,3390,0
rep2,1.2828,3391,0
rep2,1.283,3392,0
rep2,1.2832,3393,0
rep2,1.2832,3394,0
rep2,1.2832,3395,0
rep2,1.2833,3396,0
rep2,1.2835,3397,0
rep2,1.2837,3398,0
rep2,1.2837,3399,0
rep2,1.2838,3400,0
rep2,1.2839,3401,0
rep2,1.2839,3402,0
rep2,1.284,3403,0
rep2,1.2841,3404,0
rep2,1.2842,3405,0
rep2,1.2842,3406,0
rep2,1.2843,3407,0
rep2,1.2844,3408,0
rep2,1.2845,3409,0
rep2,1.2845,3410,0
rep2,1.2846,3411,0
rep2,1.2846,3412,0
rep2,1.2847,3413,0
rep2,1.2847,3414,0
rep2,1.2849,3415,0
rep2,1.2849,3416,0
rep2,1.285,3417,0
rep2,1.2851,3418,0
rep2,1.2851,3419,0
rep2,1.2853,3420,0
rep2,1.2856,3421,0
rep2,1.2857,3422,0
rep2,1.2859,3423,0
rep2,1.286,3424,0
rep2,1.2861,3425,0
rep2,1.2861,3426,0
rep2,1.2861,3427,0
rep2,1.2862,3428,0
rep2,1.2862,3429,0
rep2,1.2862,3430,0
rep2,1.2863,3431,0
rep2,1.2863,3432,0
rep2,1.2865,3433,0
rep2,1.2865,3434,0
rep2,1.2866,3435,0
rep2,1.2866,3436,0
rep2,1.2866,3437,0
rep2,1.2868,3438,0
rep2,1.2868,3439,0
rep2,1.2868,3440,0
rep2,1.2868,3441,0
rep2,1.2871,3442,0
rep2,1.2873,3443,0
rep2,1.2874,3444,0
rep2,1.2874,3445,0
rep2,1.2875,3446,0
rep2,1.2875,3447,0
rep2,1.2879,3448,0
rep2,1.2881,3449,0
rep2,1.2881,3450,0
rep2,1.2882,3451,0
rep2,1.2883,3452,0
rep2,1.2885,3453,0
rep2,1.2885,3454,0
rep2,1.2885,3455,0
rep2,1.2886,3456,0
rep2,1.2887,3457,0
rep2,1.2887,3458,0
rep2,1.2888,3459,0
rep2,1.2889,3460,0
rep2,1.289,3461,0
rep2,1.2891,3462,0
rep2,1.2893,3463,0
rep2,1.2893,3464,0
rep2,1.2893,3465,0
rep2,1.2894,3466,0
rep2,1.2894,3467,0
rep2,1.2894,3468,0
rep2,1.2895,3469,0
rep2,1.2897,3470,0
rep2,1.2897,3471,0
rep2,1.2899,3472,0
rep2,1.2901,3473,0
rep2,1.2902,3474,0
rep2,1.2902,3475,0
rep2,1.2902,3476,0
rep2,1.2903,3477,0
rep2,1.2903,3478,0
rep2,1.2904,3479,0
rep2,1.2906,3480,0
rep2,1.2907,3481,0
rep2,1.2908,3482,0
rep2,1.291,3483,0
rep2,1.2911,3484,0
rep2,1.2912,3485,0
rep2,1.2912,3486,0
rep2,1.2913,3487,0
rep2,1.2914,3488,0
rep2,1.2916,3489,0
rep2,1.2916,3490,0
rep2,1.2916,3491,0
rep2,1.2917,3492,0
rep2,1.2918,3493,0
rep2,1.2919,3494,0
rep2,1.2919,3495,0
rep2,1.292,3496,0
rep2,1.292,3497,0
rep2,1.292,3498,0
rep2,1.2921,3499,0
rep2,1.2922,3500,0
rep2,1.2923,3501,0
rep2,1.2923,3502,0
rep2,1.2924,3503,0
rep2,1.2925,3504,0
rep2,1.2925,3505,0
rep2,1.2925,3506,0
rep2,1.2926,3507,0
rep2,1.2928,3508,0
rep2,1.2928,3509,0
rep2,1.2929,3510,0
rep2,1.2931,3511,0
rep2,1.2932,3512,0
rep2,1.2933,3513,0
rep2,1.2934,3514,0
rep2,1.2939,3515,0
rep2,1.2939,3516,0
rep2,1.294,3517,0
rep2,1.2941,3518,0
rep2,1.2941,3519,0
rep2,1.2941,3520,0
rep2,1.2942,3521,0
rep2,1.2942,3522,0
rep2,1.2943,3523,0
rep2,1.2943,3524,0
rep2,1.2944,3525,0
rep2,1.2945,3526,0
rep2,1.2945,3527,0
rep2,1.2945,3528,0
rep2,1.2947,3529,0
rep2,1.2948,3530,0
rep2,1.2948,3531,0
rep2,1.2948,3532,0
rep2,1.295,3533,0
rep2,1.2952,3534,0
rep2,1.2954,3535,0
rep2,1.2954,3536,0
rep2,1.2955,3537,0
rep2,1.2957,3538,0
rep2,1.2958,3539,0
rep2,1.2958,3540,0
rep2,1.2958,3541,0
rep2,1.2959,3542,0
rep2,1.2959,3543,0
rep2,1.2959,3544,0
rep2,1.2959,3545,0
rep2,1.2961,3546,0
rep2,1.2961,3547,0
rep2,1.2961,3548,0
rep2,1.2961,3549,0
rep2,1.2961,3550,0
rep2,1.2962,3551,0
rep2,1.2963,3552,0
rep2,1.2964,3553,0
rep2,1.2965,3554,0
rep2,1.2965,3555,0
rep2,1.2965,3556,0
rep2,1.2967,3557,0
rep2,1.2967,3558,0
rep2,1.2967,3559,0
rep2,1.2967,3560,0
rep2,1.2969,3561,0
rep2,1.2969,3562,0
rep2,1.2969,3563,0
rep2,1.2971,3564,0
rep2,1.2972,3565,0
rep2,1.2972,3566,0
rep2,1.2973,3567,0
rep2,1.2974,3568,0
rep2,1.2974,3569,0
rep2,1.2975,3570,0
rep2,1.2975,3571,0
rep2,1.2976,3572,0
rep2,1.2976,3573,0
rep2,1.2977,3574,0
rep2,1.2977,3575,0
rep2,1.2977,3576,0
rep2,1.298,3577,0
rep2,1.2981,3578,0
rep2,1.2983,3579,0
rep2,1.2986,3580,0
rep2,1.2986,3581,0
rep2,1.2988,3582,0
rep2,1.2991,3583,0
rep2,1.2992,3584,0
rep2,1.2994,3585,0
rep2,1.2994,3586,0
rep2,1.2996,3587,0
rep2,1.2996,3588,0
rep2,1.3,3589,0
rep2,1.3001,3590,0
rep2,1.3001,3591,0
rep2,1.3001,3592,0
rep2,1.3002,3593,0
rep2,1.3002,3594,0
rep2,1.3002,3595,0
rep2,1.3003,3596,0
rep2,1.3003,3597,0
rep2,1.3003,3598,0
rep2,1.3005,3599,0
rep2,1.3006,3600,0
rep2,1.3006,3601,0
rep2,1.3006,3602,0
rep2,1.3007,3603,0
rep2,1.3007,3604,0
rep2,1.3007,3605,0
rep2,1.3008,3606,0
rep2,1.3012,3607,0
rep2,1.3012,3608,0
rep2,1.3013,3609,0
rep2,1.3014,3610,0
rep2,1.3014,3611,0
rep2,1.3015,3612,0
rep2,1.3016,3613,0
rep2,1.3017,3614,0
rep2,1.3019,3615,0
rep2,1.3019,3616,0
rep2,1.302,3617,0
rep2,1.302,3618,0
rep2,1.3022,3619,0
rep2,1.3022,3620,0
rep2,1.3023,3621,0
rep2,1.3023,3622,0
rep2,1.3023,3623,0
rep2,1.3023,3624,0
rep2,1.3025,3625,0
rep2,1.3025,3626,0
rep2,1.3025,3627,0
rep2,1.3025,3628,0
rep2,1.3026,3629,0
rep2,1.3027,3630,0
rep2,1.3028,3631,0
rep2,1.3029,3632,0
rep2,1.303,3633,0
rep2,1.303,3634,0
rep2,1.3032,3635,0
rep2,1.3032,3636,0
rep2,1.3032,3637,0
rep2,1.3033,3638,0
rep2,1.3033,3639,0
rep2,1.3033,3640,0
rep2,1.3034,3641,0
rep2,1.3036,3642,0
rep2,1.3036,3643,0
rep2,1.3036,3644,0
rep2,1.3037,3645,0
rep2,1.3037,3646,0
rep2,1.3038,3647,0
rep2,1.3038,3648,0
rep2,1.3038,3649,0
rep2,1.3039,3650,0
rep2,1.3041,3651,0
rep2,1.3041,3652,0
rep2,1.3043,3653,0
rep2,1.3043,3654,0
rep2,1.3045,3655,0
rep2,1.3046,3656,0
rep2,1.3048,3657,0
rep2,1.3048,3658,0
rep2,1.3048,3659,0
rep2,1.3048,3660,0
rep2,1.305,3661,0
rep2,1.3052,3662,0
rep2,1.3055,3663,0
rep2,1.3055,3664,0
rep2,1.3055,3665,0
rep2,1.3056,3666,0
rep2,1.3057,3667,0
rep2,1.3058,3668,0
rep2,1.3059,3669,0
rep2,1.3059,3670,0
rep2,1.306,3671,0
rep2,1.3061,3672,0
rep2,1.3062,3673,0
rep2,1.3063,3674,0
rep2,1.3065,3675,0
rep2,1.3065,3676,0
rep2,1.3068,3677,0
rep2,1.3069,3678,0
rep2,1.3069,3679,0
rep2,1.3069,3680,0
rep2,1.3071,3681,0
rep2,1.3072,3682,0
rep2,1.3073,3683,0
rep2,1.3074,3684,0
rep2,1.3074,3685,0
rep2,1.3076,3686,0
rep2,1.3077,3687,0
rep2,1.3078,3688,0
rep2,1.3081,3689,0
rep2,1.3082,3690,0
rep2,1.3082,3691,0
rep2,1.3083,3692,0
rep2,1.3083,3693,0
rep2,1.3086,3694,0
rep2,1.3087,3695,0
rep2,1.3088,3696,0
rep2,1.3089,3697,0
rep2,1.309,3698,0
rep2,1.3091,3699,0
rep2,1.3092,3700,0
rep2,1.3093,3701,0
rep2,1.3093,3702,0
rep2,1.3093,3703,0
rep2,1.3094,3704,0
rep2,1.3094,3705,0
rep2,1.3096,3706,0
rep2,1.3097,3707,0
rep2,1.3099,3708,0
rep2,1.3102,3709,0
rep2,1.3103,3710,0
rep2,1.3103,3711,0
rep2,1.3104,3712,0
rep2,1.3104,3713,0
rep2,1.3106,3714,0
rep2,1.3107,3715,0
rep2,1.3108,3716,0
rep2,1.3108,3717,0
rep2,1.3108,3718,0
rep2,1.3108,3719,0
rep2,1.3109,3720,0
rep2,1.311,3721,0
rep2,1.3111,3722,0
rep2,1.3112,3723,0
rep2,1.3114,3724,0
rep2,1.3115,3725,0
rep2,1.3115,3726,0
rep2,1.3117,3727,0
rep2,1.3117,3728,0
rep2,1.3118,3729,0
rep2,1.3118,3730,0
rep2,1.3121,3731,0
rep2,1.3121,3732,0
rep2,1.3123,3733,0
rep2,1.3124,3734,0
rep2,1.3125,3735,0
rep2,1.3128,3736,0
rep2,1.3129,3737,0
rep2,1.3129,3738,0
rep2,1.313,3739,0
rep2,1.313,3740,0
rep2,1.3131,3741,0
rep2,1.3131,3742,0
rep2,1.3132,3743,0
rep2,1.3132,3744,0
rep2,1.3134,3745,0
rep2,1.3136,3746,0
rep2,1.3136,3747,0
rep2,1.3138,3748,0
rep2,1.3138,3749,0
rep2,1.3139,3750,0
rep2,1.314,3751,0
rep2,1.3141,3752,0
rep2,1.3143,3753,0
rep2,1.3145,3754,0
rep2,1.3146,3755,0
rep2,1.3147,3756,0
rep2,1.3149,3757,0
rep2,1.3149,3758,0
rep2,1.3151,3759,0
rep2,1.3151,3760,0
rep2,1.3153,3761,0
rep2,1.3156,3762,0
rep2,1.3156,3763,0
rep2,1.3156,3764,0
rep2,1.3157,3765,0
rep2,1.3158,3766,0
rep2,1.3158,3767,0
rep2,1.3159,3768,0
rep2,1.316,3769,0
rep2,1.3161,3770,0
rep2,1.3163,3771,0
rep2,1.3165,3772,0
rep2,1.3169,3773,0
rep2,1.317,3774,0
rep2,1.3171,3775,0
rep2,1.3171,3776,0
rep2,1.3172,3777,0
rep2,1.3172,3778,0
rep2,1.3173,3779,0
rep2,1.3174,3780,0
rep2,1.3175,3781,0
rep2,1.3177,3782,0
rep2,1.3178,3783,0
rep2,1.3178,3784,0
rep2,1.3179,3785,0
rep2,1.318,3786,0
rep2,1.318,3787,0
rep2,1.318,3788,0
rep2,1.3181,3789,0
rep2,1.3182,3790,0
rep2,1.3183,3791,0
rep2,1.3185,3792,0
rep2,1.3186,3793,0
rep2,1.3186,3794,0
rep2,1.3188,3795,0
rep2,1.3189,3796,0
rep2,1.3192,3797,0
rep2,1.3197,3798,0
rep2,1.3198,3799,0
rep2,1.3199,3800,0
rep2,1.3199,3801,0
rep2,1.32,3802,0
rep2,1.32,3803,0
rep2,1.3201,3804,0
rep2,1.3201,3805,0
rep2,1.3201,3806,0
rep2,1.3202,3807,0
rep2,1.3203,3808,0
rep2,1.3204,3809,0
rep2,1.3205,3810,0
rep2,1.3206,3811,0
rep2,1.321,3812,0
rep2,1.3212,3813,0
rep2,1.3213,3814,0
rep2,1.3215,3815,0
rep2,1.3217,3816,0
rep2,1.3217,3817,0
rep2,1.3217,3818,0
rep2,1.3218,3819,0
rep2,1.3218,3820,0
rep2,1.3219,3821,0
rep2,1.3219,3822,0
rep2,1.322,3823,0
rep2,1.3222,3824,0
rep2,1.3225,3825,0
rep2,1.3226,3826,0
rep2,1.3227,3827,0
rep2,1.3227,3828,0
rep2,1.3227,3829,0
rep2,1.3227,3830,0
rep2,1.3229,3831,0
rep2,1.323,3832,0
rep2,1.323,3833,0
rep2,1.3232,3834,0
rep2,1.3233,3835,0
rep2,1.3235,3836,0
rep2,1.3235,3837,0
rep2,1.3237,3838,0
rep2,1.3238,3839,0
rep2,1.324,3840,0
rep2,1.3242,3841,0
rep2,1.3242,3842,0
rep2,1.3242,3843,0
rep2,1.3243,3844,0
rep2,1.3245,3845,0
rep2,1.3246,3846,0
rep2,1.3246,3847,0
rep2,1.3246,3848,0
rep2,1.3248,3849,0
rep2,1.325,3850,0
rep2,1.3251,3851,0
rep2,1.3252,3852,0
rep2,1.3253,3853,0
rep2,1.3255,3854,0
rep2,1.3255,3855,0
rep2,1.3255,3856,0
rep2,1.3256,3857,0
rep2,1.3256,3858,0
rep2,1.3258,3859,0
rep2,1.3258,3860,0
rep2,1.3258,3861,0
rep2,1.3259,3862,0
rep2,1.326,3863,0
rep2,1.3261,3864,0
rep2,1.3263,3865,0
rep2,1.3263,3866,0
rep2,1.3265,3867,0
rep2,1.3266,3868,0
rep2,1.3266,3869,0
rep2,1.3268,3870,0
rep2,1.3268,3871,0
rep2,1.327,3872,0
rep2,1.327,3873,0
rep2,1.3271,3874,0
rep2,1.3272,3875,0
rep2,1.3272,3876,0
rep2,1.3274,3877,0
rep2,1.3274,3878,0
rep2,1.3274,3879,0
rep2,1.3276,3880,0
rep2,1.3279,3881,0
rep2,1.3281,3882,0
rep2,1.3281,3883,0
rep2,1.3282,3884,0
rep2,1.3282,3885,0
rep2,1.3284,3886,0
rep2,1.3285,3887,0
rep2,1.3285,3888,0
rep2,1.3286,3889,0
rep2,1.3287,3890,0
rep2,1.3287,3891,0
rep2,1.329,3892,0
rep2,1.329,3893,0
rep2,1.3291,3894,0
rep2,1.3292,3895,0
rep2,1.3292,3896,0
rep2,1.3293,3897,0
rep2,1.3294,3898,0
rep2,1.3294,3899,0
rep2,1.3295,3900,0
rep2,1.3296,3901,0
rep2,1.3297,3902,0
rep2,1.3297,3903,0
rep2,1.3299,3904,0
rep2,1.33,3905,0
rep2,1.3301,3906,0
rep2,1.3302,3907,0
rep2,1.3303,3908,0
rep2,1.3304,3909,0
rep2,1.3305,3910,0
rep2,1.3305,3911,0
rep2,1.3306,3912,0
rep2,1.3307,3913,0
rep2,1.3309,3914,0
rep2,1.3309,3915,0
rep2,1.3309,3916,0
rep2,1.331,3917,0
rep2,1.331,3918,0
rep2,1.3313,3919,0
rep2,1.3314,3920,0
rep2,1.3315,3921,0
rep2,1.3318,3922,0
rep2,1.3318,3923,0
rep2,1.332,3924,0
rep2,1.3322,3925,0
rep2,1.3324,3926,0
rep2,1.3325,3927,0
rep2,1.3325,3928,0
rep2,1.3326,3929,0
rep2,1.3327,3930,0
rep2,1.3327,3931,0
rep2,1.3327,3932,0
rep2,1.3328,3933,0
rep2,1.3328,3934,0
rep2,1.3328,3935,0
rep2,1.3329,3936,0
rep2,1.3333,3937,0
rep2,1.3333,3938,0
rep2,1.3336,3939,0
rep2,1.3337,3940,0
rep2,1.3339,3941,0
rep2,1.334,3942,0
rep2,1.3341,3943,0
rep2,1.3341,3944,0
rep2,1.3343,3945,0
rep2,1.3344,3946,0
rep2,1.3346,3947,0
rep2,1.3347,3948,0
rep2,1.3347,3949,0
rep2,1.3348,3950,0
rep2,1.335,3951,0
rep2,1.3351,3952,0
rep2,1.3353,3953,0
rep2,1.3353,3954,0
rep2,1.3353,3955,0
rep2,1.3355,3956,0
rep2,1.3356,3957,0
rep2,1.3357,3958,0
rep2,1.3357,3959,0
rep2,1.3358,3960,0
rep2,1.336,3961,0
rep2,1.3361,3962,0
rep2,1.3361,3963,0
rep2,1.3363,3964,0
rep2,1.3364,3965,0
rep2,1.3366,3966,0
rep2,1.3366,3967,0
rep2,1.3367,3968,0
rep2,1.3368,3969,0
rep2,1.3368,3970,0
rep2,1.337,3971,0
rep2,1.3372,3972,0
rep2,1.3373,3973,0
rep2,1.3373,3974,0
rep2,1.3375,3975,0
rep2,1.3377,3976,0
rep2,1.3377,3977,0
rep2,1.3378,3978,0
rep2,1.3381,3979,0
rep2,1.3382,3980,0
rep2,1.3385,3981,0
rep2,1.3385,3982,0
rep2,1.3388,3983,0
rep2,1.3389,3984,0
rep2,1.3391,3985,0
rep2,1.3393,3986,0
rep2,1.3393,3987,0
rep2,1.3393,3988,0
rep2,1.3393,3989,0
rep2,1.3394,3990,0
rep2,1.3395,3991,0
rep2,1.3395,3992,0
rep2,1.3395,3993,0
rep2,1.3397,3994,0
rep2,1.3398,3995,0
rep2,1.3399,3996,0
rep2,1.34,3997,0
rep2,1.34,3998,0
rep2,1.3401,3999,0
rep2,1.3401,4000,0
rep2,1.3402,4001,0
rep2,1.3404,4002,0
rep2,1.3404,4003,0
rep2,1.3406,4004,0
rep2,1.3407,4005,0
rep2,1.3407,4006,0
rep2,1.3407,4007,0
rep2,1.3408,4008,0
rep2,1.3409,4009,0
rep2,1.341,4010,0
rep2,1.341,4011,0
rep2,1.341,4012,0
rep2,1.3411,4013,0
rep2,1.3412,4014,0
rep2,1.3416,4015,0
rep2,1.3417,4016,0
rep2,1.3419,4017,0
rep2,1.342,4018,0
rep2,1.3421,4019,0
rep2,1.3421,4020,0
rep2,1.3423,4021,0
rep2,1.3424,4022,0
rep2,1.3424,4023,0
rep2,1.3425,4024,0
rep2,1.3428,4025,0
rep2,1.3431,4026,0
rep2,1.3432,4027,0
rep2,1.3432,4028,0
rep2,1.3434,4029,0
rep2,1.3439,4030,0
rep2,1.3439,4031,0
rep2,1.3442,4032,0
rep2,1.3443,4033,0
rep2,1.3444,4034,0
rep2,1.3444,4035,0
rep2,1.3445,4036,0
rep2,1.3448,4037,0
rep2,1.3449,4038,0
rep2,1.345,4039,0
rep2,1.3451,4040,0
rep2,1.3453,4041,0
rep2,1.3454,4042,0
rep2,1.3454,4043,0
rep2,1.3455,4044,0
rep2,1.3457,4045,0
rep2,1.3457,4046,0
rep2,1.3458,4047,0
rep2,1.3459,4048,0
rep2,1.3459,4049,0
rep2,1.3461,4050,0
rep2,1.3462,4051,0
rep2,1.3463,4052,0
rep2,1.3465,4053,0
rep2,1.3465,4054,0
rep2,1.3466,4055,0
rep2,1.3466,4056,0
rep2,1.3469,4057,0
rep2,1.3471,4058,0
rep2,1.3472,4059,0
rep2,1.3473,4060,0
rep2,1.3477,4061,0
rep2,1.3478,4062,0
rep2,1.3478,4063,0
rep2,1.3479,4064,0
rep2,1.348,4065,0
rep2,1.3481,4066,0
rep2,1.3482,4067,0
rep2,1.3482,4068,0
rep2,1.3483,4069,0
rep2,1.3485,4070,0
rep2,1.3486,4071,0
rep2,1.349,4072,0
rep2,1.349,4073,0
rep2,1.3491,4074,0
rep2,1.3492,4075,0
rep2,1.3492,4076,0
rep2,1.3493,4077,0
rep2,1.3494,4078,0
rep2,1.3496,4079,0
rep2,1.3498,4080,0
rep2,1.3502,4081,0
rep2,1.3502,4082,0
rep2,1.3503,4083,0
rep2,1.3505,4084,0
rep2,1.3506,4085,0
rep2,1.3506,4086,0
rep2,1.3506,4087,0
rep2,1.3507,4088,0
rep2,1.3507,4089,0
rep2,1.3511,4090,0
rep2,1.3517,4091,0
rep2,1.3518,4092,0
rep2,1.3519,4093,0
rep2,1.3523,4094,0
rep2,1.3523,4095,0
rep2,1.3526,4096,0
rep2,1.3529,4097,0
rep2,1.353,4098,0
rep2,1.3531,4099,0
rep2,1.3531,4100,0
rep2,1.3532,4101,0
rep2,1.3532,4102,0
rep2,1.3538,4103,0
rep2,1.3538,4104,0
rep2,1.3539,4105,0
rep2,1.3539,4106,0
rep2,1.354,4107,0
rep2,1.3541,4108,0
rep2,1.3542,4109,0
rep2,1.3544,4110,0
rep2,1.3545,4111,0
rep2,1.3546,4112,0
rep2,1.3548,4113,0
rep2,1.3548,4114,0
rep2,1.355,4115,0
rep2,1.355,4116,0
rep2,1.3552,4117,0
rep2,1.3555,4118,0
rep2,1.3555,4119,0
rep2,1.3555,4120,0
rep2,1.3557,4121,0
rep2,1.3557,4122,0
rep2,1.3557,4123,0
rep2,1.3558,4124,0
rep2,1.356,4125,0
rep2,1.3564,4126,0
rep2,1.3565,4127,0
rep2,1.3566,4128,0
rep2,1.3567,4129,0
rep2,1.3567,4130,0
rep2,1.3568,4131,0
rep2,1.3568,4132,0
rep2,1.3569,4133,0
rep2,1.3569,4134,0
rep2,1.3571,4135,0
rep2,1.3571,4136,0
rep2,1.3573,4137,0
rep2,1.3575,4138,0
rep2,1.3576,4139,0
rep2,1.3576,4140,0
rep2,1.3577,4141,0
rep2,1.3578,4142,0
rep2,1.3579,4143,0
rep2,1.3579,4144,0
rep2,1.3579,4145,0
rep2,1.358,4146,0
rep2,1.3581,4147,0
rep2,1.3582,4148,0
rep2,1.3585,4149,0
rep2,1.3585,4150,0
rep2,1.3587,4151,0
rep2,1.3589,4152,0
rep2,1.3591,4153,0
rep2,1.3591,4154,0
rep2,1.3592,4155,0
rep2,1.3593,4156,0
rep2,1.3594,4157,0
rep2,1.3598,4158,0
rep2,1.3603,4159,0
rep2,1.3604,4160,0
rep2,1.3604,4161,0
rep2,1.3605,4162,0
rep2,1.3606,4163,0
rep2,1.3607,4164,0
rep2,1.3608,4165,0
rep2,1.361,4166,0
rep2,1.3611,4167,0
rep2,1.3611,4168,0
rep2,1.3619,4169,0
rep2,1.362,4170,0
rep2,1.3621,4171,0
rep2,1.3621,4172,0
rep2,1.3622,4173,0
rep2,1.3623,4174,0
rep2,1.3628,4175,0
rep2,1.3629,4176,0
rep2,1.3629,4177,0
rep2,1.3629,4178,0
rep2,1.3629,4179,0
rep2,1.3631,4180,0
rep2,1.3631,4181,0
rep2,1.3632,4182,0
rep2,1.3635,4183,0
rep2,1.3637,4184,0
rep2,1.3638,4185,0
rep2,1.364,4186,0
rep2,1.3641,4187,0
rep2,1.3644,4188,0
rep2,1.3644,4189,0
rep2,1.3645,4190,0
rep2,1.3645,4191,0
rep2,1.3648,4192,0
rep2,1.3648,4193,0
rep2,1.3653,4194,0
rep2,1.3653,4195,0
rep2,1.3654,4196,0
rep2,1.3654,4197,0
rep2,1.3665,4198,0
rep2,1.3666,4199,0
rep2,1.3666,4200,0
rep2,1.3667,4201,0
rep2,1.3667,4202,0
rep2,1.3668,4203,0
rep2,1.367,4204,0
rep2,1.367,4205,0
rep2,1.3671,4206,0
rep2,1.3672,4207,0
rep2,1.3672,4208,0
rep2,1.3673,4209,0
rep2,1.3673,4210,0
rep2,1.3677,4211,0
rep2,1.3678,4212,0
rep2,1.3678,4213,0
rep2,1.368,4214,0
rep2,1.368,4215,0
rep2,1.3681,4216,0
rep2,1.3681,4217,0
rep2,1.3682,4218,0
rep2,1.3683,4219,0
rep2,1.3686,4220,0
rep2,1.3686,4221,0
rep2,1.3688,4222,0
rep2,1.369,4223,0
rep2,1.3691,4224,0
rep2,1.3691,4225,0
rep2,1.3693,4226,0
rep2,1.3694,4227,0
rep2,1.37,4228,0
rep2,1.37,4229,0
rep2,1.3703,4230,0
rep2,1.3705,4231,0
rep2,1.3705,4232,0
rep2,1.3706,4233,0
rep2,1.3707,4234,0
rep2,1.371,4235,0
rep2,1.371,4236,0
rep2,1.3711,4237,0
rep2,1.3713,4238,0
rep2,1.3713,4239,0
rep2,1.3714,4240,0
rep2,1.3714,4241,0
rep2,1.3716,4242,0
rep2,1.3718,4243,0
rep2,1.372,4244,0
rep2,1.3722,4245,0
rep2,1.3724,4246,0
rep2,1.3724,4247,0
rep2,1.3732,4248,0
rep2,1.3734,4249,0
rep2,1.3737,4250,0
rep2,1.3737,4251,0
rep2,1.3737,4252,0
rep2,1.3738,4253,0
rep2,1.3738,4254,0
rep2,1.3739,4255,0
rep2,1.3745,4256,0
rep2,1.3745,4257,0
rep2,1.3748,4258,0
rep2,1.3753,4259,0
rep2,1.3753,4260,0
rep2,1.3754,4261,0
rep2,1.3754,4262,0
rep2,1.3754,4263,0
rep2,1.3755,4264,0
rep2,1.3757,4265,0
rep2,1.3757,4266,0
rep2,1.3758,4267,0
rep2,1.3759,4268,0
rep2,1.3759,4269,0
rep2,1.3761,4270,0
rep2,1.3761,4271,0
rep2,1.3762,4272,0
rep2,1.3763,4273,0
rep2,1.3763,4274,0
rep2,1.3765,4275,0
rep2,1.3766,4276,0
rep2,1.3767,4277,0
rep2,1.3772,4278,0
rep2,1.3773,4279,0
rep2,1.3775,4280,0
rep2,1.3776,4281,0
rep2,1.3778,4282,0
rep2,1.3778,4283,0
rep2,1.3778,4284,0
rep2,1.3783,4285,0
rep2,1.3783,4286,0
rep2,1.3784,4287,0
rep2,1.3787,4288,0
rep2,1.3788,4289,0
rep2,1.3789,4290,0
rep2,1.3789,4291,0
rep2,1.3791,4292,0
rep2,1.3793,4293,0
rep2,1.3794,4294,0
rep2,1.3796,4295,0
rep2,1.3797,4296,0
rep2,1.3798,4297,0
rep2,1.3798,4298,0
rep2,1.3802,4299,0
rep2,1.3803,4300,0
rep2,1.3809,4301,0
rep2,1.3814,4302,0
rep2,1.3815,4303,0
rep2,1.3819,4304,0
rep2,1.3823,4305,0
rep2,1.3827,4306,0
rep2,1.3827,4307,0
rep2,1.3828,4308,0
rep2,1.3835,4309,0
rep2,1.3837,4310,0
rep2,1.384,4311,0
rep2,1.3842,4312,0
rep2,1.3843,4313,0
rep2,1.3844,4314,0
rep2,1.3844,4315,0
rep2,1.3845,4316,0
rep2,1.3851,4317,0
rep2,1.3851,4318,0
rep2,1.3855,4319,0
rep2,1.3858,4320,0
rep2,1.3858,4321,0
rep2,1.3864,4322,0
rep2,1.3865,4323,0
rep2,1.3869,4324,0
rep2,1.387,4325,0
rep2,1.387,4326,0
rep2,1.3875,4327,0
rep2,1.3875,4328,0
rep2,1.3877,4329,0
rep2,1.3878,4330,0
rep2,1.3879,4331,0
rep2,1.3879,4332,0
rep2,1.3882,4333,0
rep2,1.3882,4334,0
rep2,1.3883,4335,0
rep2,1.3884,4336,0
rep2,1.3885,4337,0
rep2,1.3889,4338,0
rep2,1.3891,4339,0
rep2,1.3892,4340,0
rep2,1.3892,4341,0
rep2,1.3894,4342,0
rep2,1.3894,4343,0
rep2,1.3897,4344,0
rep2,1.3899,4345,0
rep2,1.39,4346,0
rep2,1.3903,4347,0
rep2,1.3905,4348,0
rep2,1.3906,4349,0
rep2,1.3906,4350,0
rep2,1.3908,4351,0
rep2,1.3912,4352,0
rep2,1.3912,4353,0
rep2,1.3917,4354,0
rep2,1.3921,4355,0
rep2,1.3923,4356,0
rep2,1.3924,4357,0
rep2,1.3927,4358,0
rep2,1.3927,4359,0
rep2,1.3928,4360,0
rep2,1.3929,4361,0
rep2,1.3937,4362,0
rep2,1.3941,4363,0
rep2,1.3941,4364,0
rep2,1.3942,4365,0
rep2,1.3944,4366,0
rep2,1.3944,4367,0
rep2,1.3945,4368,0
rep2,1.3947,4369,0
rep2,1.3948,4370,0
rep2,1.3951,4371,0
rep2,1.3951,4372,0
rep2,1.3952,4373,0
rep2,1.3957,4374,0
rep2,1.3958,4375,0
rep2,1.3958,4376,0
rep2,1.3961,4377,0
rep2,1.3965,4378,0
rep2,1.3965,4379,0
rep2,1.397,4380,0
rep2,1.3973,4381,0
rep2,1.3976,4382,0
rep2,1.3977,4383,0
rep2,1.3978,4384,0
rep2,1.3981,4385,0
rep2,1.3989,4386,0
rep2,1.3993,4387,0
rep2,1.3995,4388,0
rep2,1.3996,4389,0
rep2,1.3997,4390,0
rep2,1.3999,4391,0
rep2,1.4,4392,0
rep2,1.4,4393,0
rep2,1.4009,4394,0
rep2,1.4015,4395,0
rep2,1.4017,4396,0
rep2,1.4019,4397,0
rep2,1.4019,4398,0
rep2,1.402,4399,0
rep2,1.4024,4400,0
rep2,1.4026,4401,0
rep2,1.4027,4402,0
rep2,1.4032,4403,0
rep2,1.4037,4404,0
rep2,1.4037,4405,0
rep2,1.4038,4406,0
rep2,1.404,4407,0
rep2,1.4042,4408,0
rep2,1.4042,4409,0
rep2,1.4043,4410,0
rep2,1.4046,4411,0
rep2,1.4047,4412,0
rep2,1.4051,4413,0
rep2,1.4051,4414,0
rep2,1.4054,4415,0
rep2,1.4055,4416,0
rep2,1.4055,4417,0
rep2,1.4057,4418,0
rep2,1.4066,4419,0
rep2,1.4069,4420,0
rep2,1.4075,4421,0
rep2,1.4075,4422,0
rep2,1.408,4423,0
rep2,1.4081,4424,0
rep2,1.4084,4425,0
rep2,1.4089,4426,0
rep2,1.4093,4427,0
rep2,1.4093,4428,0
rep2,1.4094,4429,0
rep2,1.4097,4430,0
rep2,1.4098,4431,0
rep2,1.41,4432,0
rep2,1.4109,4433,0
rep2,1.4112,4434,0
rep2,1.4117,4435,0
rep2,1.4118,4436,0
rep2,1.4119,4437,0
rep2,1.412,4438,0
rep2,1.4122,4439,0
rep2,1.4123,4440,0
rep2,1.4125,4441,0
rep2,1.4127,4442,0
rep2,1.4132,4443,0
rep2,1.4135,4444,0
rep2,1.4137,4445,0
rep2,1.4138,4446,0
rep2,1.4139,4447,0
rep2,1.4139,4448,0
rep2,1.4144,4449,0
rep2,1.4149,4450,0
rep2,1.4154,4451,0
rep2,1.4154,4452,0
rep2,1.4157,4453,0
rep2,1.4158,4454,0
rep2,1.4159,4455,0
rep2,1.416,4456,0
rep2,1.4163,4457,0
rep2,1.4165,4458,0
rep2,1.4167,4459,0
rep2,1.4168,4460,0
rep2,1.4171,4461,0
rep2,1.4172,4462,0
rep2,1.4173,4463,0
rep2,1.4173,4464,0
rep2,1.4176,4465,0
rep2,1.4182,4466,0
rep2,1.4191,4467,0
rep2,1.4191,4468,0
rep2,1.4192,4469,0
rep2,1.4193,4470,0
rep2,1.4196,4471,0
rep2,1.42,4472,0
rep2,1.421,4473,0
rep2,1.4217,4474,0
rep2,1.4221,4475,0
rep2,1.4222,4476,0
rep2,1.4224,4477,0
rep2,1.4224,4478,0
rep2,1.4225,4479,0
rep2,1.4227,4480,0
rep2,1.4232,4481,0
rep2,1.4232,4482,0
rep2,1.4232,4483,0
rep2,1.4233,4484,0
rep2,1.4235,4485,0
rep2,1.4237,4486,0
rep2,1.4238,4487,0
rep2,1.424,4488,0
rep2,1.4241,4489,0
rep2,1.4242,4490,0
rep2,1.4242,4491,0
rep2,1.4244,4492,0
rep2,1.4245,4493,0
rep2,1.4245,4494,0
rep2,1.4247,4495,0
rep2,1.4253,4496,0
rep2,1.4256,4497,0
rep2,1.4257,4498,0
rep2,1.4258,4499,0
rep2,1.4261,4500,0
rep2,1.4264,4501,0
rep2,1.4265,4502,0
rep2,1.4266,4503,0
rep2,1.4267,4504,0
rep2,1.4267,4505,0
rep2,1.427,4506,0
rep2,1.4271,4507,0
rep2,1.4272,4508,0
rep2,1.4274,4509,0
rep2,1.4275,4510,0
rep2,1.4278,4511,0
rep2,1.428,4512,0
rep2,1.4284,4513,0
rep2,1.4286,4514,0
rep2,1.4289,4515,0
rep2,1.4291,4516,0
rep2,1.4291,4517,0
rep2,1.4296,4518,0
rep2,1.4297,4519,0
rep2,1.4298,4520,0
rep2,1.4299,4521,0
rep2,1.43,4522,0
rep2,1.4305,4523,0
rep2,1.4308,4524,0
rep2,1.4313,4525,0
rep2,1.4313,4526,0
rep2,1.4315,4527,0
rep2,1.4316,4528,0
rep2,1.4319,4529,0
rep2,1.4321,4530,0
rep2,1.4322,4531,0
rep2,1.4323,4532,0
rep2,1.4323,4533,0
rep2,1.4325,4534,0
rep2,1.4326,4535,0
rep2,1.4326,4536,0
rep2,1.4327,4537,0
rep2,1.4328,4538,0
rep2,1.4329,4539,0
rep2,1.4329,4540,0
rep2,1.4333,4541,0
rep2,1.4334,4542,0
rep2,1.4334,4543,0
rep2,1.4335,4544,0
rep2,1.4338,4545,0
rep2,1.4339,4546,0
rep2,1.4341,4547,0
rep2,1.4344,4548,0
rep2,1.4344,4549,0
rep2,1.4345,4550,0
rep2,1.4347,4551,0
rep2,1.4349,4552,0
rep2,1.4351,4553,0
rep2,1.4351,4554,0
rep2,1.4354,4555,0
rep2,1.4354,4556,0
rep2,1.4355,4557,0
rep2,1.4355,4558,0
rep2,1.4362,4559,0
rep2,1.4364,4560,0
rep2,1.4368,4561,0
rep2,1.4369,4562,0
rep2,1.4372,4563,0
rep2,1.4374,4564,0
rep2,1.4374,4565,0
rep2,1.4375,4566,0
rep2,1.4376,4567,0
rep2,1.4376,4568,0
rep2,1.4383,4569,0
rep2,1.4384,4570,0
rep2,1.4385,4571,0
rep2,1.4386,4572,0
rep2,1.439,4573,0
rep2,1.4391,4574,0
rep2,1.4392,4575,0
rep2,1.4399,4576,0
rep2,1.4401,4577,0
rep2,1.4403,4578,0
rep2,1.4414,4579,0
rep2,1.4414,4580,0
rep2,1.4429,4581,0
rep2,1.4432,4582,0
rep2,1.4433,4583,0
rep2,1.4435,4584,0
rep2,1.4437,4585,0
rep2,1.4439,4586,0
rep2,1.4439,4587,0
rep2,1.4444,4588,0
rep2,1.4448,4589,0
rep2,1.4449,4590,0
rep2,1.445,4591,0
rep2,1.4451,4592,0
rep2,1.4454,4593,0
rep2,1.4455,4594,0
rep2,1.4461,4595,0
rep2,1.4461,4596,0
rep2,1.4462,4597,0
rep2,1.4462,4598,0
rep2,1.4465,4599,0
rep2,1.4465,4600,0
rep2,1.4468,4601,0
rep2,1.4472,4602,0
rep2,1.4477,4603,0
rep2,1.4483,4604,0
rep2,1.4484,4605,0
rep2,1.4487,4606,0
rep2,1.4487,4607,0
rep2,1.4488,4608,0
rep2,1.4488,4609,0
rep2,1.4493,4610,0
rep2,1.4494,4611,0
rep2,1.4496,4612,0
rep2,1.4499,4613,0
rep2,1.4499,4614,0
rep2,1.4499,4615,0
rep2,1.45,4616,0
rep2,1.4504,4617,0
rep2,1.4511,4618,0
rep2,1.4512,4619,0
rep2,1.452,4620,0
rep2,1.452,4621,0
rep2,1.4521,4622,0
rep2,1.4522,4623,0
rep2,1.4526,4624,0
rep2,1.4528,4625,0
rep2,1.4531,4626,0
rep2,1.4533,4627,0
rep2,1.4533,4628,0
rep2,1.4535,4629,0
rep2,1.4541,4630,0
rep2,1.4544,4631,0
rep2,1.4545,4632,0
rep2,1.4545,4633,0
rep2,1.4549,4634,0
rep2,1.4549,4635,0
rep2,1.4551,4636,0
rep2,1.4552,4637,0
rep2,1.4554,4638,0
rep2,1.4557,4639,0
rep2,1.456,4640,0
rep2,1.4564,4641,0
rep2,1.4565,4642,0
rep2,1.4577,4643,0
rep2,1.4579,4644,0
rep2,1.458,4645,0
rep2,1.4581,4646,0
rep2,1.4581,4647,0
rep2,1.4583,4648,0
rep2,1.4586,4649,0
rep2,1.4586,4650,0
rep2,1.4594,4651,0
rep2,1.4596,4652,0
rep2,1.4598,4653,0
rep2,1.4603,4654,0
rep2,1.4606,4655,0
rep2,1.4609,4656,0
rep2,1.4615,4657,0
rep2,1.4615,4658,0
rep2,1.4617,4659,0
rep2,1.4619,4660,0
rep2,1.4626,4661,0
rep2,1.4633,4662,0
rep2,1.4634,4663,0
rep2,1.4637,4664,0
rep2,1.4639,4665,0
rep2,1.464,4666,0
rep2,1.4651,4667,0
rep2,1.4657,4668,0
rep2,1.4666,4669,0
rep2,1.4666,4670,0
rep2,1.4667,4671,0
rep2,1.4669,4672,0
rep2,1.4674,4673,0
rep2,1.4674,4674,0
rep2,1.4683,4675,0
rep2,1.4683,4676,0
rep2,1.4684,4677,0
rep2,1.4685,4678,0
rep2,1.4686,4679,0
rep2,1.4688,4680,0
rep2,1.4692,4681,0
rep2,1.4696,4682,0
rep2,1.4698,4683,0
rep2,1.4703,4684,0
rep2,1.4704,4685,0
rep2,1.4707,4686,0
rep2,1.4708,4687,0
rep2,1.471,4688,0
rep2,1.4712,4689,0
rep2,1.472,4690,0
rep2,1.4725,4691,0
rep2,1.4726,4692,0
rep2,1.473,4693,0
rep2,1.4736,4694,0
rep2,1.4742,4695,0
rep2,1.4748,4696,0
rep2,1.4748,4697,0
rep2,1.475,4698,0
rep2,1.475,4699,0
rep2,1.4753,4700,0
rep2,1.4757,4701,0
rep2,1.4758,4702,0
rep2,1.4761,4703,0
rep2,1.4761,4704,0
rep2,1.4763,4705,0
rep2,1.4767,4706,0
rep2,1.4774,4707,0
rep2,1.4781,4708,0
rep2,1.4792,4709,0
rep2,1.4794,4710,0
rep2,1.4795,4711,0
rep2,1.4796,4712,0
rep2,1.48,4713,0
rep2,1.4806,4714,0
rep2,1.4808,4715,0
rep2,1.4815,4716,0
rep2,1.4818,4717,0
rep2,1.4822,4718,0
rep2,1.4838,4719,0
rep2,1.4839,4720,0
rep2,1.4845,4721,0
rep2,1.4857,4722,0
rep2,1.4862,4723,0
rep2,1.4865,4724,0
rep2,1.4867,4725,0
rep2,1.4888,4726,0
rep2,1.4889,4727,0
rep2,1.489,4728,0
rep2,1.4893,4729,0
rep2,1.4896,4730,0
rep2,1.4898,4731,0
rep2,1.4904,4732,0
rep2,1.4905,4733,0
rep2,1.4912,4734,0
rep2,1.4918,4735,0
rep2,1.4925,4736,0
rep2,1.4932,4737,0
rep2,1.4934,4738,0
rep2,1.4938,4739,0
rep2,1.494,4740,0
rep2,1.4941,4741,0
rep2,1.4943,4742,0
rep2,1.4944,4743,0
rep2,1.4946,4744,0
rep2,1.4948,4745,0
rep2,1.4949,4746,0
rep2,1.4957,4747,0
rep2,1.496,4748,0
rep2,1.4971,4749,0
rep2,1.4975,4750,0
rep2,1.4977,4751,0
rep2,1.4978,4752,0
rep2,1.4988,4753,0
rep2,1.4989,4754,0
rep2,1.4989,4755,0
rep2,1.499,4756,0
rep2,1.4991,4757,0
rep2,1.4994,4758,0
rep2,1.4999,4759,0
rep2,1.4999,4760,0
rep2,1.5006,4761,0
rep2,1.5007,4762,0
rep2,1.5009,4763,0
rep2,1.5014,4764,0
rep2,1.502,4765,0
rep2,1.5023,4766,0
rep2,1.5025,4767,0
rep2,1.5027,4768,0
rep2,1.504,4769,0
rep2,1.504,4770,0
rep2,1.5051,4771,0
rep2,1.5052,4772,0
rep2,1.5053,4773,0
rep2,1.5063,4774,0
rep2,1.5065,4775,0
rep2,1.5079,4776,0
rep2,1.5085,4777,0
rep2,1.5094,4778,0
rep2,1.5095,4779,0
rep2,1.5096,4780,0
rep2,1.5097,4781,0
rep2,1.5104,4782,0
rep2,1.5115,4783,0
rep2,1.5119,4784,0
rep2,1.512,4785,0
rep2,1.5125,4786,0
rep2,1.513,4787,0
rep2,1.5131,4788,0
rep2,1.5149,4789,0
rep2,1.516,4790,0
rep2,1.5171,4791,0
rep2,1.5172,4792,0
rep2,1.5173,4793,0
rep2,1.5179,4794,0
rep2,1.5193,4795,0
rep2,1.5193,4796,0
rep2,1.5195,4797,0
rep2,1.5205,4798,0
rep2,1.521,4799,0
rep2,1.5215,4800,0
rep2,1.522,4801,0
rep2,1.5225,4802,0
rep2,1.5242,4803,0
rep2,1.5255,4804,0
rep2,1.5261,4805,0
rep2,1.5271,4806,0
rep2,1.5271,4807,0
rep2,1.5278,4808,0
rep2,1.5282,4809,0
rep2,1.5282,4810,0
rep2,1.5284,4811,0
rep2,1.5285,4812,0
rep2,1.5296,4813,0
rep2,1.5303,4814,0
rep2,1.5315,4815,0
rep2,1.5317,4816,0
rep2,1.5317,4817,0
rep2,1.532,4818,0
rep2,1.5338,4819,0
rep2,1.534,4820,0
rep2,1.5342,4821,0
rep2,1.5353,4822,0
rep2,1.5357,4823,0
rep2,1.536,4824,0
rep2,1.5362,4825,0
rep2,1.5362,4826,0
rep2,1.5364,4827,0
rep2,1.5364,4828,0
rep2,1.5369,4829,0
rep2,1.537,4830,0
rep2,1.5385,4831,0
rep2,1.5394,4832,0
rep2,1.54,4833,0
rep2,1.542,4834,0
rep2,1.5422,4835,0
rep2,1.5426,4836,0
rep2,1.5447,4837,0
rep2,1.5465,4838,0
rep2,1.5506,4839,0
rep2,1.5514,4840,0
rep2,1.5532,4841,0
rep2,1.5537,4842,0
rep2,1.554,4843,0
rep2,1.5546,4844,0
rep2,1.5566,4845,0
rep2,1.5567,4846,0
rep2,1.5578,4847,0
rep2,1.5587,4848,0
rep2,1.5594,4849,0
rep2,1.5613,4850,0
rep2,1.5618,4851,0
rep2,1.5624,4852,0
rep2,1.5641,4853,0
rep2,1.5641,4854,0
rep2,1.5643,4855,0
rep2,1.5655,4856,0
rep2,1.5657,4857,0
rep2,1.5682,4858,0
rep2,1.5697,4859,0
rep2,1.5705,4860,0
rep2,1.5709,4861,0
rep2,1.5718,4862,0
rep2,1.5727,4863,0
rep2,1.5728,4864,0
rep2,1.5734,4865,0
rep2,1.5738,4866,0
rep2,1.5753,4867,0
rep2,1.5756,4868,0
rep2,1.5792,4869,0
rep2,1.5794,4870,0
rep2,1.5794,4871,0
rep2,1.5801,4872,0
rep2,1.5809,4873,0
rep2,1.5824,4874,0
rep2,1.5825,4875,0
rep2,1.5834,4876,0
rep2,1.5862,4877,0
rep2,1.5865,4878,0
rep2,1.5865,4879,0
rep2,1.5869,4880,0
rep2,1.5893,4881,0
rep2,1.5894,4882,0
rep2,1.5916,4883,0
rep2,1.5938,4884,0
rep2,1.5975,4885,0
rep2,1.5978,4886,0
rep2,1.5985,4887,0
rep2,1.5987,4888,0
rep2,1.5989,4889,0
rep2,1.6025,4890,0
rep2,1.6025,4891,0
rep2,1.6033,4892,0
rep2,1.6068,4893,0
rep2,1.6102,4894,0
rep2,1.611,4895,0
rep2,1.6137,4896,0
rep2,1.6139,4897,0
rep2,1.6176,4898,0
rep2,1.6185,4899,0
rep2,1.6205,4900,0
rep2,1.6253,4901,0
rep2,1.6257,4902,0
rep2,1.6262,4903,0
rep2,1.6287,4904,0
rep2,1.6289,4905,0
rep2,1.6316,4906,0
rep2,1.6328,4907,0
rep2,1.6382,4908,0
rep2,1.639,4909,0
rep2,1.6394,4910,0
rep2,1.6428,4911,0
rep2,1.6529,4912,0
rep2,1.6543,4913,0
rep2,1.6557,4914,0
rep2,1.6621,4915,0
rep2,1.6641,4916,0
rep2,1.6804,4917,0
rep2,1.687,4918,0
rep2,1.6906,4919,0
rep2,1.6929,4920,0
rep2,1.7002,4921,0
rep2,1.7003,4922,0
rep2,1.7007,4923,0
rep2,1.7128,4924,0
rep2,1.713,4925,0
rep2,1.716,4926,0
rep2,1.7218,4927,0
rep2,1.7257,4928,0
rep2,1.7332,4929,0
rep2,1.7351,4930,0
rep2,1.7549,4931,0
rep2,1.7632,4932,0
rep2,1.7689,4933,0
rep2,1.7798,4934,0
rep2,1.8065,4935,0
rep2,1.8266,4936,0
rep2,1.8328,4937,0
rep2,1.8334,4938,0
rep2,1.8335,4939,0
rep2,1.8376,4940,0
rep2,1.8463,4941,0
rep2,1.8687,4942,0
rep2,1.9315,4943,0
rep2,2.0117,4944,0
rep2,2.0219,4945,0
rep2,2.0221,4946,0
rep2,2.0222,4947,0
rep2,2.0233,4948,0
rep2,2.0233,4949,0
rep2,2.0238,4950,0
rep2,2.0247,4951,0
rep2,2.0251,4952,0
rep2,2.0264,4953,0
rep2,2.0265,4954,0
rep2,2.0266,4955,0
rep2,2.027,4956,0
rep2,2.0299,4957,0
rep2,2.0317,4958,0
rep2,2.0319,4959,0
rep2,2.0342,4960,0
rep2,2.0391,4961,0
rep2,2.0406,4962,0
rep2,2.0553,4963,0
rep2,2.0553,4964,0
rep2,2.0554,4965,0
rep2,2.0554,4966,0
rep2,2.0554,4967,0
rep2,2.0557,4968,0
rep2,2.0558,4969,0
rep2,2.0558,4970,0
rep2,2.056,4971,0
rep2,2.056,4972,0
rep2,2.0561,4973,0
rep2,2.0563,4974,0
rep2,2.0564,4975,0
rep2,2.0565,4976,0
rep2,2.0565,4977,0
rep2,2.0565,4978,0
rep2,2.0567,4979,0
rep2,2.0568,4980,0
rep2,2.0568,4981,0
rep2,2.0568,4982,0
rep2,2.057,4983,0
rep2,2.0571,4984,0
rep2,2.0571,4985,0
rep2,2.0572,4986,0
rep2,2.0574,4987,0
rep2,2.0576,4988,0
rep2,2.0578,4989,0
rep2,2.0579,4990,0
rep2,2.058,4991,0
rep2,2.0581,4992,0
rep2,2.0581,4993,0
rep2,2.0581,4994,0
rep2,2.0581,4995,0
rep2,2.0581,4996,0
rep2,2.0584,4997,0
rep2,2.0585,4998,0
rep2,2.0588,4999,0
rep2,2.0588,5000,0
rep2,2.0589,5001,0
rep2,2.059,5002,0
rep2,2.059,5003,0
rep2,2.0593,5004,0
rep2,2.0596,5005,0
rep2,2.0601,5006,0
rep2,2.0603,5007,0
rep2,2.0606,5008,0
rep2,2.0606,5009,0
rep2,2.0608,5010,0
rep2,2.061,5011,0
rep2,2.061,5012,0
rep2,2.0617,5013,0
rep2,2.0621,5014,0
rep2,2.0622,5015,0
rep2,2.0622,5016,0
rep2,2.0625,5017,0
rep2,2.0628,5018,0
rep2,2.063,5019,0
rep2,2.0636,5020,0
rep2,2.064,5021,0
rep2,2.0642,5022,0
rep2,2.0646,5023,0
rep2,2.0646,5024,0
rep2,2.0653,5025,0
rep2,2.0654,5026,0
rep2,2.0654,5027,0
rep2,2.0655,5028,0
rep2,2.0663,5029,0
rep2,2.0676,5030,0
rep2,2.0679,5031,0
rep2,2.0682,5032,0
rep2,2.0687,5033,0
rep2,2.0698,5034,0
rep2,2.07,5035,0
rep2,2.0702,5036,0
rep2,2.0707,5037,0
rep2,2.072,5038,0
rep2,2.0725,5039,0
rep2,2.0728,5040,0
rep2,2.0757,5041,0
rep2,2.0779,5042,0
rep2,2.0796,5043,0
rep2,2.0799,5044,0
rep2,2.0819,5045,0
rep2,2.0852,5046,0
rep2,2.0888,5047,0
rep2,2.0888,5048,0
rep2,2.089,5049,0
rep2,2.0891,5050,0
rep2,2.0892,5051,0
rep2,2.0893,5052,0
rep2,2.0893,5053,0
rep2,2.0893,5054,0
rep2,2.0893,5055,0
rep2,2.0895,5056,0
rep2,2.0895,5057,0
rep2,2.0895,5058,0
rep2,2.0895,5059,0
rep2,2.0896,5060,0
rep2,2.0896,5061,0
rep2,2.0897,5062,0
rep2,2.0898,5063,0
rep2,2.0898,5064,0
rep2,2.0898,5065,0
rep2,2.0899,5066,0
rep2,2.0899,5067,0
rep2,2.0904,5068,0
rep2,2.0905,5069,0
rep2,2.0905,5070,0
rep2,2.0905,5071,0
rep2,2.0905,5072,0
rep2,2.0906,5073,0
rep2,2.0906,5074,0
rep2,2.091,5075,0
rep2,2.0911,5076,0
rep2,2.0911,5077,0
rep2,2.0911,5078,0
rep2,2.0912,5079,0
rep2,2.0913,5080,0
rep2,2.0914,5081,0
rep2,2.0916,5082,0
rep2,2.0917,5083,0
rep2,2.0918,5084,0
rep2,2.0918,5085,0
rep2,2.0918,5086,0
rep2,2.0918,5087,0
rep2,2.0919,5088,0
rep2,2.0919,5089,0
rep2,2.0919,5090,0
rep2,2.0919,5091,0
rep2,2.092,5092,0
rep2,2.0921,5093,0
rep2,2.0921,5094,0
rep2,2.0923,5095,0
rep2,2.0925,5096,0
rep2,2.0925,5097,0
rep2,2.0927,5098,0
rep2,2.0927,5099,0
rep2,2.0928,5100,0
rep2,2.0928,5101,0
rep2,2.0928,5102,0
rep2,2.0929,5103,0
rep2,2.093,5104,0
rep2,2.0932,5105,0
rep2,2.0932,5106,0
rep2,2.0933,5107,0
rep2,2.0934,5108,0
rep2,2.0934,5109,0
rep2,2.0935,5110,0
rep2,2.094,5111,0
rep2,2.094,5112,0
rep2,2.0942,5113,0
rep2,2.0943,5114,0
rep2,2.0944,5115,0
rep2,2.0945,5116,0
rep2,2.0946,5117,0
rep2,2.0948,5118,0
rep2,2.0948,5119,0
rep2,2.095,5120,0
rep2,2.095,5121,0
rep2,2.0953,5122,0
rep2,2.0954,5123,0
rep2,2.0954,5124,0
rep2,2.0955,5125,0
rep2,2.0955,5126,0
rep2,2.0956,5127,0
rep2,2.0959,5128,0
rep2,2.0961,5129,0
rep2,2.0963,5130,0
rep2,2.0965,5131,0
rep2,2.0966,5132,0
rep2,2.0966,5133,0
rep2,2.0967,5134,0
rep2,2.097,5135,0
rep2,2.0975,5136,0
rep2,2.0976,5137,0
rep2,2.0981,5138,0
rep2,2.0987,5139,0
rep2,2.0989,5140,0
rep2,2.099,5141,0
rep2,2.0992,5142,0
rep2,2.0996,5143,0
rep2,2.0998,5144,0
rep2,2.0998,5145,0
rep2,2.1003,5146,0
rep2,2.1005,5147,0
rep2,2.1005,5148,0
rep2,2.1007,5149,0
rep2,2.1007,5150,0
rep2,2.1008,5151,0
rep2,2.1011,5152,0
rep2,2.1012,5153,0
rep2,2.1015,5154,0
rep2,2.1018,5155,0
rep2,2.1019,5156,0
rep2,2.1019,5157,0
rep2,2.1026,5158,0
rep2,2.1027,5159,0
rep2,2.1031,5160,0
rep2,2.1033,5161,0
rep2,2.1035,5162,0
rep2,2.104,5163,0
rep2,2.1041,5164,0
rep2,2.1043,5165,0
rep2,2.1049,5166,0
rep2,2.1051,5167,0
rep2,2.1052,5168,0
rep2,2.1055,5169,0
rep2,2.1073,5170,0
rep2,2.1076,5171,0
rep2,2.1079,5172,0
rep2,2.1081,5173,0
rep2,2.1083,5174,0
rep2,2.1086,5175,0
rep2,2.1092,5176,0
rep2,2.1108,5177,0
rep2,2.1109,5178,0
rep2,2.1117,5179,0
rep2,2.1117,5180,0
rep2,2.1131,5181,0
rep2,2.1156,5182,0
rep2,2.1158,5183,0
rep2,2.1159,5184,0
rep2,2.116,5185,0
rep2,2.1183,5186,0
rep2,2.1198,5187,0
rep2,2.1214,5188,0
rep2,2.1214,5189,0
rep2,2.1221,5190,0
rep2,2.1221,5191,0
rep2,2.1221,5192,0
rep2,2.1222,5193,0
rep2,2.1222,5194,0
rep2,2.1223,5195,0
rep2,2.1223,5196,0
rep2,2.1224,5197,0
rep2,2.1224,5198,0
rep2,2.1225,5199,0
rep2,2.1225,5200,0
rep2,2.1225,5201,0
rep2,2.1225,5202,0
rep2,2.1226,5203,0
rep2,2.1226,5204,0
rep2,2.1227,5205,0
rep2,2.1228,5206,0
rep2,2.1229,5207,0
rep2,2.1229,5208,0
rep2,2.123,5209,0
rep2,2.123,5210,0
rep2,2.1231,5211,0
rep2,2.1231,5212,0
rep2,2.1231,5213,0
rep2,2.1232,5214,0
rep2,2.1233,5215,0
rep2,2.1234,5216,0
rep2,2.1234,5217,0
rep2,2.1235,5218,0
rep2,2.1236,5219,0
rep2,2.1236,5220,0
rep2,2.1237,5221,0
rep2,2.1237,5222,0
rep2,2.1237,5223,0
rep2,2.1238,5224,0
rep2,2.1238,5225,0
rep2,2.1238,5226,0
rep2,2.1239,5227,0
rep2,2.124,5228,0
rep2,2.124,5229,0
rep2,2.1241,5230,0
rep2,2.1241,5231,0
rep2,2.1241,5232,0
rep2,2.1244,5233,0
rep2,2.1245,5234,0
rep2,2.1246,5235,0
rep2,2.1246,5236,0
rep2,2.1246,5237,0
rep2,2.1246,5238,0
rep2,2.1249,5239,0
rep2,2.1249,5240,0
rep2,2.1249,5241,0
rep2,2.1251,5242,0
rep2,2.1253,5243,0
rep2,2.1255,5244,0
rep2,2.1257,5245,0
rep2,2.1257,5246,0
rep2,2.1259,5247,0
rep2,2.1261,5248,0
rep2,2.1263,5249,0
rep2,2.1264,5250,0
rep2,2.1265,5251,0
rep2,2.1266,5252,0
rep2,2.1267,5253,0
rep2,2.1267,5254,0
rep2,2.1269,5255,0
rep2,2.127,5256,0
rep2,2.127,5257,0
rep2,2.1271,5258,0
rep2,2.1271,5259,0
rep2,2.1271,5260,0
rep2,2.1272,5261,0
rep2,2.1273,5262,0
rep2,2.1274,5263,0
rep2,2.1276,5264,0
rep2,2.1276,5265,0
rep2,2.1276,5266,0
rep2,2.1277,5267,0
rep2,2.1278,5268,0
rep2,2.1278,5269,0
rep2,2.1279,5270,0
rep2,2.1279,5271,0
rep2,2.128,5272,0
rep2,2.1282,5273,0
rep2,2.1282,5274,0
rep2,2.1283,5275,0
rep2,2.1284,5276,0
rep2,2.1284,5277,0
rep2,2.1287,5278,0
rep2,2.1287,5279,0
rep2,2.1288,5280,0
rep2,2.1289,5281,0
rep2,2.1289,5282,0
rep2,2.1289,5283,0
rep2,2.129,5284,0
rep2,2.1291,5285,0
rep2,2.1291,5286,0
rep2,2.1293,5287,0
rep2,2.1297,5288,0
rep2,2.1297,5289,0
rep2,2.1297,5290,0
rep2,2.1297,5291,0
rep2,2.13,5292,0
rep2,2.13,5293,0
rep2,2.13,5294,0
rep2,2.1302,5295,0
rep2,2.1307,5296,0
rep2,2.1308,5297,0
rep2,2.1309,5298,0
rep2,2.1311,5299,0
rep2,2.1318,5300,0
rep2,2.1319,5301,0
rep2,2.1319,5302,0
rep2,2.1321,5303,0
rep2,2.1323,5304,0
rep2,2.1327,5305,0
rep2,2.1328,5306,0
rep2,2.1331,5307,0
rep2,2.1331,5308,0
rep2,2.1332,5309,0
rep2,2.1333,5310,0
rep2,2.1336,5311,0
rep2,2.1337,5312,0
rep2,2.1337,5313,0
rep2,2.134,5314,0
rep2,2.1345,5315,0
rep2,2.1346,5316,0
rep2,2.1348,5317,0
rep2,2.1349,5318,0
rep2,2.1353,5319,0
rep2,2.1355,5320,0
rep2,2.136,5321,0
rep2,2.1362,5322,0
rep2,2.1363,5323,0
rep2,2.1365,5324,0
rep2,2.1367,5325,0
rep2,2.1368,5326,0
rep2,2.1371,5327,0
rep2,2.1372,5328,0
rep2,2.1373,5329,0
rep2,2.1374,5330,0
rep2,2.1375,5331,0
rep2,2.1376,5332,0
rep2,2.1376,5333,0
rep2,2.1381,5334,0
rep2,2.1384,5335,0
rep2,2.1386,5336,0
rep2,2.1388,5337,0
rep2,2.139,5338,0
rep2,2.1404,5339,0
rep2,2.1412,5340,0
rep2,2.1412,5341,0
rep2,2.1416,5342,0
rep2,2.1417,5343,0
rep2,2.1418,5344,0
rep2,2.1418,5345,0
rep2,2.1418,5346,0
rep2,2.1419,5347,0
rep2,2.142,5348,0
rep2,2.1421,5349,0
rep2,2.1422,5350,0
rep2,2.1424,5351,0
rep2,2.1437,5352,0
rep2,2.144,5353,0
rep2,2.1447,5354,0
rep2,2.1458,5355,0
rep2,2.1465,5356,0
rep2,2.1467,5357,0
rep2,2.1471,5358,0
rep2,2.1474,5359,0
rep2,2.1481,5360,0
rep2,2.1485,5361,0
rep2,2.1499,5362,0
rep2,2.1503,5363,0
rep2,2.1526,5364,0
rep2,2.1541,5365,0
rep2,2.1547,5366,0
rep2,2.1547,5367,0
rep2,2.1552,5368,0
rep2,2.1556,5369,0
rep2,2.1556,5370,0
rep2,2.1556,5371,0
rep2,2.1557,5372,0
rep2,2.1557,5373,0
rep2,2.1559,5374,0
rep2,2.156,5375,0
rep2,2.156,5376,0
rep2,2.156,5377,0
rep2,2.1561,5378,0
rep2,2.1562,5379,0
rep2,2.1562,5380,0
rep2,2.1562,5381,0
rep2,2.1562,5382,0
rep2,2.1563,5383,0
rep2,2.1563,5384,0
rep2,2.1564,5385,0
rep2,2.1567,5386,0
rep2,2.1567,5387,0
rep2,2.1568,5388,0
rep2,2.1569,5389,0
rep2,2.157,5390,0
rep2,2.157,5391,0
rep2,2.1571,5392,0
rep2,2.1571,5393,0
rep2,2.1571,5394,0
rep2,2.1572,5395,0
rep2,2.1573,5396,0
rep2,2.1574,5397,0
rep2,2.1577,5398,0
rep2,2.1577,5399,0
rep2,2.1579,5400,0
rep2,2.158,5401,0
rep2,2.158,5402,0
rep2,2.1581,5403,0
rep2,2.1581,5404,0
rep2,2.1584,5405,0
rep2,2.1585,5406,0
rep2,2.1586,5407,0
rep2,2.1587,5408,0
rep2,2.1588,5409,0
rep2,2.159,5410,0
rep2,2.1591,5411,0
rep2,2.1594,5412,0
rep2,2.1594,5413,0
rep2,2.1595,5414,0
rep2,2.1595,5415,0
rep2,2.1596,5416,0
rep2,2.1596,5417,0
rep2,2.16,5418,0
rep2,2.16,5419,0
rep2,2.1601,5420,0
rep2,2.1601,5421,0
rep2,2.1604,5422,0
rep2,2.1606,5423,0
rep2,2.1606,5424,0
rep2,2.1607,5425,0
rep2,2.1609,5426,0
rep2,2.1611,5427,0
rep2,2.1613,5428,0
rep2,2.1613,5429,0
rep2,2.1616,5430,0
rep2,2.1619,5431,0
rep2,2.1622,5432,0
rep2,2.1622,5433,0
rep2,2.1623,5434,0
rep2,2.1625,5435,0
rep2,2.1625,5436,0
rep2,2.1627,5437,0
rep2,2.1627,5438,0
rep2,2.1628,5439,0
rep2,2.1629,5440,0
rep2,2.163,5441,0
rep2,2.1631,5442,0
rep2,2.1638,5443,0
rep2,2.1638,5444,0
rep2,2.164,5445,0
rep2,2.1641,5446,0
rep2,2.1641,5447,0
rep2,2.1642,5448,0
rep2,2.1642,5449,0
rep2,2.1643,5450,0
rep2,2.1645,5451,0
rep2,2.1645,5452,0
rep2,2.1646,5453,0
rep2,2.1646,5454,0
rep2,2.1647,5455,0
rep2,2.1648,5456,0
rep2,2.1649,5457,0
rep2,2.165,5458,0
rep2,2.1651,5459,0
rep2,2.1652,5460,0
rep2,2.1654,5461,0
rep2,2.1655,5462,0
rep2,2.1661,5463,0
rep2,2.1666,5464,0
rep2,2.1668,5465,0
rep2,2.1669,5466,0
rep2,2.1669,5467,0
rep2,2.1669,5468,0
rep2,2.1674,5469,0
rep2,2.1678,5470,0
rep2,2.1679,5471,0
rep2,2.168,5472,0
rep2,2.1681,5473,0
rep2,2.1682,5474,0
rep2,2.1682,5475,0
rep2,2.1684,5476,0
rep2,2.1684,5477,0
rep2,2.1684,5478,0
rep2,2.1688,5479,0
rep2,2.1694,5480,0
rep2,2.1695,5481,0
rep2,2.1697,5482,0
rep2,2.1697,5483,0
rep2,2.1701,5484,0
rep2,2.1704,5485,0
rep2,2.1704,5486,0
rep2,2.1705,5487,0
rep2,2.1705,5488,0
rep2,2.1707,5489,0
rep2,2.1707,5490,0
rep2,2.171,5491,0
rep2,2.1711,5492,0
rep2,2.1717,5493,0
rep2,2.1718,5494,0
rep2,2.1718,5495,0
rep2,2.1722,5496,0
rep2,2.1732,5497,0
rep2,2.1733,5498,0
rep2,2.1737,5499,0
rep2,2.1738,5500,0
rep2,2.1743,5501,0
rep2,2.1745,5502,0
rep2,2.1749,5503,0
rep2,2.1751,5504,0
rep2,2.1752,5505,0
rep2,2.1752,5506,0
rep2,2.1752,5507,0
rep2,2.1755,5508,0
rep2,2.1755,5509,0
rep2,2.176,5510,0
rep2,2.1761,5511,0
rep2,2.1765,5512,0
rep2,2.1765,5513,0
rep2,2.1769,5514,0
rep2,2.1782,5515,0
rep2,2.1783,5516,0
rep2,2.1784,5517,0
rep2,2.1789,5518,0
rep2,2.1794,5519,0
rep2,2.1796,5520,0
rep2,2.1796,5521,0
rep2,2.1801,5522,0
rep2,2.1802,5523,0
rep2,2.1805,5524,0
rep2,2.1808,5525,0
rep2,2.1811,5526,0
rep2,2.1813,5527,0
rep2,2.1815,5528,0
rep2,2.1817,5529,0
rep2,2.1819,5530,0
rep2,2.1821,5531,0
rep2,2.1828,5532,0
rep2,2.1833,5533,0
rep2,2.1845,5534,0
rep2,2.1847,5535,0
rep2,2.1848,5536,0
rep2,2.1857,5537,0
rep2,2.1859,5538,0
rep2,2.1861,5539,0
rep2,2.1861,5540,0
rep2,2.1863,5541,0
rep2,2.1864,5542,0
rep2,2.1868,5543,0
rep2,2.1872,5544,0
rep2,2.1874,5545,0
rep2,2.1878,5546,0
rep2,2.1885,5547,0
rep2,2.1891,5548,0
rep2,2.1891,5549,0
rep2,2.1894,5550,0
rep2,2.1896,5551,0
rep2,2.1898,5552,0
rep2,2.1898,5553,0
rep2,2.1899,5554,0
rep2,2.19,5555,0
rep2,2.19,5556,0
rep2,2.1901,5557,0
rep2,2.1903,5558,0
rep2,2.1904,5559,0
rep2,2.1905,5560,0
rep2,2.1905,5561,0
rep2,2.1906,5562,0
rep2,2.1907,5563,0
rep2,2.1909,5564,0
rep2,2.1912,5565,0
rep2,2.1912,5566,0
rep2,2.1913,5567,0
rep2,2.1914,5568,0
rep2,2.1914,5569,0
rep2,2.1914,5570,0
rep2,2.1918,5571,0
rep2,2.1918,5572,0
rep2,2.1919,5573,0
rep2,2.1919,5574,0
rep2,2.192,5575,0
rep2,2.1922,5576,0
rep2,2.1923,5577,0
rep2,2.1927,5578,0
rep2,2.1928,5579,0
rep2,2.1929,5580,0
rep2,2.1929,5581,0
rep2,2.193,5582,0
rep2,2.193,5583,0
rep2,2.1932,5584,0
rep2,2.1933,5585,0
rep2,2.1935,5586,0
rep2,2.1937,5587,0
rep2,2.1939,5588,0
rep2,2.1942,5589,0
rep2,2.1942,5590,0
rep2,2.1943,5591,0
rep2,2.1946,5592,0
rep2,2.195,5593,0
rep2,2.1951,5594,0
rep2,2.1952,5595,0
rep2,2.1953,5596,0
rep2,2.1954,5597,0
rep2,2.1954,5598,0
rep2,2.1956,5599,0
rep2,2.1959,5600,0
rep2,2.1963,5601,0
rep2,2.1965,5602,0
rep2,2.1965,5603,0
rep2,2.1967,5604,0
rep2,2.1967,5605,0
rep2,2.1969,5606,0
rep2,2.1974,5607,0
rep2,2.1976,5608,0
rep2,2.1982,5609,0
rep2,2.199,5610,0
rep2,2.1993,5611,0
rep2,2.1993,5612,0
rep2,2.1999,5613,0
rep2,2.2,5614,0
rep2,2.2003,5615,0
rep2,2.2005,5616,0
rep2,2.2007,5617,0
rep2,2.2007,5618,0
rep2,2.2008,5619,0
rep2,2.2009,5620,0
rep2,2.2013,5621,0
rep2,2.2013,5622,0
rep2,2.2016,5623,0
rep2,2.2016,5624,0
rep2,2.2017,5625,0
rep2,2.202,5626,0
rep2,2.202,5627,0
rep2,2.2021,5628,0
rep2,2.2022,5629,0
rep2,2.2023,5630,0
rep2,2.2024,5631,0
rep2,2.2024,5632,0
rep2,2.2025,5633,0
rep2,2.2026,5634,0
rep2,2.2028,5635,0
rep2,2.2029,5636,0
rep2,2.2036,5637,0
rep2,2.2037,5638,0
rep2,2.2041,5639,0
rep2,2.2041,5640,0
rep2,2.2043,5641,0
rep2,2.2045,5642,0
rep2,2.2049,5643,0
rep2,2.205,5644,0
rep2,2.2051,5645,0
rep2,2.2056,5646,0
rep2,2.2057,5647,0
rep2,2.2061,5648,0
rep2,2.2066,5649,0
rep2,2.2067,5650,0
rep2,2.2071,5651,0
rep2,2.2077,5652,0
rep2,2.2077,5653,0
rep2,2.2078,5654,0
rep2,2.208,5655,0
rep2,2.2081,5656,0
rep2,2.2081,5657,0
rep2,2.2082,5658,0
rep2,2.209,5659,0
rep2,2.2094,5660,0
rep2,2.2096,5661,0
rep2,2.2097,5662,0
rep2,2.2097,5663,0
rep2,2.2101,5664,0
rep2,2.2105,5665,0
rep2,2.2107,5666,0
rep2,2.2107,5667,0
rep2,2.2111,5668,0
rep2,2.2118,5669,0
rep2,2.2119,5670,0
rep2,2.2119,5671,0
rep2,2.2124,5672,0
rep2,2.2125,5673,0
rep2,2.2125,5674,0
rep2,2.2131,5675,0
rep2,2.2133,5676,0
rep2,2.2133,5677,0
rep2,2.2138,5678,0
rep2,2.2138,5679,0
rep2,2.2142,5680,0
rep2,2.2148,5681,0
rep2,2.2149,5682,0
rep2,2.2151,5683,0
rep2,2.2152,5684,0
rep2,2.2153,5685,0
rep2,2.2154,5686,0
rep2,2.2165,5687,0
rep2,2.2166,5688,0
rep2,2.2169,5689,0
rep2,2.2175,5690,0
rep2,2.2177,5691,0
rep2,2.2182,5692,0
rep2,2.2185,5693,0
rep2,2.2189,5694,0
rep2,2.2192,5695,0
rep2,2.2195,5696,0
rep2,2.22,5697,0
rep2,2.2203,5698,0
rep2,2.2204,5699,0
rep2,2.2204,5700,0
rep2,2.2206,5701,0
rep2,2.2214,5702,0
rep2,2.2223,5703,0
rep2,2.2226,5704,0
rep2,2.2227,5705,0
rep2,2.2228,5706,0
rep2,2.2228,5707,0
rep2,2.223,5708,0
rep2,2.2232,5709,0
rep2,2.2234,5710,0
rep2,2.2235,5711,0
rep2,2.2235,5712,0
rep2,2.2236,5713,0
rep2,2.2238,5714,0
rep2,2.2239,5715,0
rep2,2.2242,5716,0
rep2,2.2246,5717,0
rep2,2.2246,5718,0
rep2,2.2248,5719,0
rep2,2.2248,5720,0
rep2,2.2248,5721,0
rep2,2.2254,5722,0
rep2,2.2256,5723,0
rep2,2.2259,5724,0
rep2,2.2262,5725,0
rep2,2.2265,5726,0
rep2,2.2265,5727,0
rep2,2.227,5728,0
rep2,2.227,5729,0
rep3,1.0167,1,0
rep3,1.0167,2,0
rep3,1.0168,3,0
rep3,1.0168,4,0
rep3,1.0168,5,0
rep3,1.0168,6,0
rep3,1.0169,7,0
rep3,1.017,8,0
rep3,1.0171,9,0
rep3,1.0171,10,0
rep3,1.0172,11,0
rep3,1.0172,12,0
rep3,1.0173,13,0
rep3,1.0173,14,0
rep3,1.0173,15,0
rep3,1.0175,16,0
rep3,1.0175,17,0
rep3,1.0176,18,0
rep3,1.0176,19,0
rep3,1.0176,20,0
rep3,1.0177,21,0
rep3,1.0177,22,0
rep3,1.0179,23,0
rep3,1.0179,24,0
rep3,1.018,25,0
rep3,1.0181,26,0
rep3,1.0181,27,0
rep3,1.0182,28,0
rep3,1.0182,29,0
rep3,1.0182,30,0
rep3,1.0182,31,0
rep3,1.0183,32,0
rep3,1.0183,33,0
rep3,1.0185,34,0
rep3,1.0185,35,0
rep3,1.0185,36,0
rep3,1.0186,37,0
rep3,1.0186,38,0
rep3,1.0186,39,0
rep3,1.0186,40,0
rep3,1.0187,41,0
rep3,1.0188,42,0
rep3,1.0188,43,0
rep3,1.0188,44,0
rep3,1.019,45,0
rep3,1.0191,46,0
rep3,1.0192,47,0
rep3,1.0192,48,0
rep3,1.0193,49,0
rep3,1.0193,50,0
rep3,1.0193,51,0
rep3,1.0195,52,0
rep3,1.0195,53,0
rep3,1.0196,54,0
rep3,1.0197,55,0
rep3,1.0197,56,0
rep3,1.0198,57,0
rep3,1.0199,58,0
rep3,1.02,59,0
rep3,1.0201,60,0
rep3,1.0202,61,0
rep3,1.0203,62,0
rep3,1.0203,63,0
rep3,1.0204,64,0
rep3,1.0204,65,0
rep3,1.0206,66,0
rep3,1.0209,67,0
rep3,1.0209,68,0
rep3,1.021,69,0
rep3,1.021,70,0
rep3,1.0211,71,0
rep3,1.0212,72,0
rep3,1.0212,73,0
rep3,1.0213,74,0
rep3,1.0214,75,0
rep3,1.0217,76,0
rep3,1.0219,77,0
rep3,1.022,78,0
rep3,1.022,79,0
rep3,1.0224,80,0
rep3,1.0227,81,0
rep3,1.0227,82,0
rep3,1.0228,83,0
rep3,1.0229,84,0
rep3,1.0229,85,0
rep3,1.0229,86,0
rep3,1.0231,87,0
rep3,1.0231,88,0
rep3,1.0231,89,0
rep3,1.0233,90,0
rep3,1.0235,91,0
rep3,1.0235,92,0
rep3,1.0236,93,0
rep3,1.0237,94,0
rep3,1.0238,95,0
rep3,1.0238,96,0
rep3,1.0239,97,0
rep3,1.024,98,0
rep3,1.0244,99,0
rep3,1.0246,100,0
rep3,1.0246,101,0
rep3,1.0246,102,0
rep3,1.0247,103,0
rep3,1.0252,104,0
rep3,1.0252,105,0
rep3,1.0254,106,0
rep3,1.0257,107,0
rep3,1.0259,108,0
rep3,1.0263,109,0
rep3,1.0264,110,0
rep3,1.0265,111,0
rep3,1.0265,112,0
rep3,1.0267,113,0
rep3,1.0267,114,0
rep3,1.027,115,0
rep3,1.0271,116,0
rep3,1.0272,117,0
rep3,1.0272,118,0
rep3,1.0272,119,0
rep3,1.0273,120,0
rep3,1.0277,121,0
rep3,1.0278,122,0
rep3,1.0278,123,0
rep3,1.0278,124,0
rep3,1.0279,125,0
rep3,1.0281,126,0
rep3,1.0282,127,0
rep3,1.0284,128,0
rep3,1.0285,129,0
rep3,1.0288,130,0
rep3,1.0288,131,0
rep3,1.029,132,0
rep3,1.0293,133,0
rep3,1.0297,134,0
rep3,1.0299,135,0
rep3,1.0301,136,0
rep3,1.0308,137,0
rep3,1.0314,138,0
rep3,1.0318,139,0
rep3,1.0318,140,0
rep3,1.032,141,0
rep3,1.0322,142,0
rep3,1.0328,143,0
rep3,1.0331,144,0
rep3,1.0331,145,0
rep3,1.0335,146,0
rep3,1.0336,147,0
rep3,1.0337,148,0
rep3,1.034,149,0
rep3,1.0346,150,0
rep3,1.0347,151,0
rep3,1.0348,152,0
rep3,1.0353,153,0
rep3,1.0357,154,0
rep3,1.0357,155,0
rep3,1.0364,156,0
rep3,1.0367,157,0
rep3,1.0371,158,0
rep3,1.0381,159,0
rep3,1.0383,160,0
rep3,1.0387,161,0
rep3,1.0391,162,0
rep3,1.0392,163,0
rep3,1.0408,164,0
rep3,1.0409,165,0
rep3,1.0411,166,0
rep3,1.0414,167,0
rep3,1.0447,168,0
rep3,1.0447,169,0
rep3,1.0449,170,0
rep3,1.0458,171,0
rep3,1.0464,172,0
rep3,1.0467,173,0
rep3,1.0502,174,0
rep3,1.0502,175,0
rep3,1.0503,176,0
rep3,1.0503,177,0
rep3,1.0503,178,0
rep3,1.0503,179,0
rep3,1.0504,180,0
rep3,1.0504,181,0
rep3,1.0504,182,0
rep3,1.0505,183,0
rep3,1.0505,184,0
rep3,1.0505,185,0
rep3,1.0505,186,0
rep3,1.0506,187,0
rep3,1.0506,188,0
rep3,1.0506,189,0
rep3,1.0506,190,0
rep3,1.0507,191,0
rep3,1.0507,192,0
rep3,1.0507,193,0
rep3,1.0508,194,0
rep3,1.0508,195,0
rep3,1.0508,196,0
rep3,1.0508,197,0
rep3,1.0508,198,0
rep3,1.0508,199,0
rep3,1.0508,200,0
rep3,1.0509,201,0
rep3,1.0509,202,0
rep3,1.0509,203,0
rep3,1.051,204,0
rep3,1.051,205,0
rep3,1.051,206,0
rep3,1.051,207,0
rep3,1.051,208,0
rep3,1.051,209,0
rep3,1.0511,210,0
rep3,1.0511,211,0
rep3,1.0511,212,0
rep3,1.0512,213,0
rep3,1.0512,214,0
rep3,1.0512,215,0
rep3,1.0512,216,0
rep3,1.0513,217,0
rep3,1.0513,218,0
rep3,1.0513,219,0
rep3,1.0513,220,0
rep3,1.0514,221,0
rep3,1.0514,222,0
rep3,1.0514,223,0
rep3,1.0514,224,0
rep3,1.0514,225,0
rep3,1.0515,226,0
rep3,1.0515,227,0
rep3,1.0516,228,0
rep3,1.0516,229,0
rep3,1.0516,230,0
rep3,1.0517,231,0
rep3,1.0518,232,0
rep3,1.0518,233,0
rep3,1.0518,234,0
rep3,1.0518,235,0
rep3,1.0518,236,0
rep3,1.0519,237,0
rep3,1.0519,238,0
rep3,1.0519,239,0
rep3,1.052,240,0
rep3,1.052,241,0
rep3,1.0521,242,0
rep3,1.0521,243,0
rep3,1.0521,244,0
rep3,1.0522,245,0
rep3,1.0522,246,0
rep3,1.0522,247,0
rep3,1.0523,248,0
rep3,1.0523,249,0
rep3,1.0523,250,0
rep3,1.0523,251,0
rep3,1.0524,252,0
rep3,1.0524,253,0
rep3,1.0524,254,0
rep3,1.0524,255,0
rep3,1.0524,256,0
rep3,1.0525,257,0
rep3,1.0525,258,0
rep3,1.0525,259,0
rep3,1.0526,260,0
rep3,1.0527,261,0
rep3,1.0527,262,0
rep3,1.0527,263,0
rep3,1.0527,264,0
rep3,1.0528,265,0
rep3,1.0528,266,0
rep3,1.0528,267,0
rep3,1.053,268,0
rep3,1.0531,269,0
rep3,1.0531,270,0
rep3,1.0531,271,0
rep3,1.0531,272,0
rep3,1.0532,273,0
rep3,1.0532,274,0
rep3,1.0533,275,0
rep3,1.0533,276,0
rep3,1.0533,277,0
rep3,1.0533,278,0
rep3,1.0534,279,0
rep3,1.0535,280,0
rep3,1.0535,281,0
rep3,1.0535,282,0
rep3,1.0535,283,0
rep3,1.0535,284,0
rep3,1.0535,285,0
rep3,1.0536,286,0
rep3,1.0536,287,0
rep3,1.0536,288,0
rep3,1.0538,289,0
rep3,1.0538,290,0
rep3,1.0539,291,0
rep3,1.0539,292,0
rep3,1.0539,293,0
rep3,1.054,294,0
rep3,1.054,295,0
rep3,1.054,296,0
rep3,1.054,297,0
rep3,1.0541,298,0
rep3,1.0542,299,0
rep3,1.0542,300,0
rep3,1.0543,301,0
rep3,1.0544,302,0
rep3,1.0544,303,0
rep3,1.0544,304,0
rep3,1.0545,305,0
rep3,1.0545,306,0
rep3,1.0545,307,0
rep3,1.0545,308,0
rep3,1.0546,309,0
rep3,1.0546,310,0
rep3,1.0547,311,0
rep3,1.0547,312,0
rep3,1.0548,313,0
rep3,1.0548,314,0
rep3,1.0549,315,0
rep3,1.0549,316,0
rep3,1.0549,317,0
rep3,1.055,318,0
rep3,1.055,319,0
rep3,1.0551,320,0
rep3,1.0551,321,0
rep3,1.0552,322,0
rep3,1.0552,323,0
rep3,1.0552,324,0
rep3,1.0552,325,0
rep3,1.0553,326,0
rep3,1.0553,327,0
rep3,1.0553,328,0
rep3,1.0554,329,0
rep3,1.0554,330,0
rep3,1.0554,331,0
rep3,1.0555,332,0
rep3,1.0555,333,0
rep3,1.0555,334,0
rep3,1.0555,335,0
rep3,1.0555,336,0
rep3,1.0556,337,0
rep3,1.0556,338,0
rep3,1.0557,339,0
rep3,1.0557,340,0
rep3,1.0557,341,0
rep3,1.0557,342,0
rep3,1.0558,343,0
rep3,1.0558,344,0
rep3,1.0559,345,0
rep3,1.0559,346,0
rep3,1.0559,347,0
rep3,1.0559,348,0
rep3,1.0561,349,0
rep3,1.0562,350,0
rep3,1.0562,351,0
rep3,1.0562,352,0
rep3,1.0562,353,0
rep3,1.0563,354,0
rep3,1.0563,355,0
rep3,1.0563,356,0
rep3,1.0564,357,0
rep3,1.0564,358,0
rep3,1.0564,359,0
rep3,1.0565,360,0
rep3,1.0566,361,0
rep3,1.0567,362,0
rep3,1.0568,363,0
rep3,1.0569,364,0
rep3,1.0569,365,0
rep3,1.0569,366,0
rep3,1.0569,367,0
rep3,1.057,368,0
rep3,1.0572,369,0
rep3,1.0572,370,0
rep3,1.0573,371,0
rep3,1.0574,372,0
rep3,1.0574,373,0
rep3,1.0574,374,0
rep3,1.0574,375,0
rep3,1.0575,376,0
rep3,1.0575,377,0
rep3,1.0576,378,0
rep3,1.0577,379,0
rep3,1.0578,380,0
rep3,1.0579,381,0
rep3,1.0579,382,0
rep3,1.058,383,0
rep3,1.0581,384,0
rep3,1.0581,385,0
rep3,1.0581,386,0
rep3,1.0581,387,0
rep3,1.0582,388,0
rep3,1.0582,389,0
rep3,1.0582,390,0
rep3,1.0583,391,0
rep3,1.0583,392,0
rep3,1.0583,393,0
rep3,1.0584,394,0
rep3,1.0585,395,0
rep3,1.0587,396,0
rep3,1.0588,397,0
rep3,1.0588,398,0
rep3,1.0588,399,0
rep3,1.0588,400,0
rep3,1.0588,401,0
rep3,1.0589,402,0
rep3,1.0589,403,0
rep3,1.059,404,0
rep3,1.059,405,0
rep3,1.0591,406,0
rep3,1.0591,407,0
rep3,1.0592,408,0
rep3,1.0592,409,0
rep3,1.0592,410,0
rep3,1.0594,411,0
rep3,1.0594,412,0
rep3,1.0595,413,0
rep3,1.0595,414,0
rep3,1.0595,415,0
rep3,1.0595,416,0
rep3,1.0596,417,0
rep3,1.0597,418,0
rep3,1.0597,419,0
rep3,1.0599,420,0
rep3,1.0599,421,0
rep3,1.0599,422,0
rep3,1.06,423,0
rep3,1.06,424,0
rep3,1.0601,425,0
rep3,1.0601,426,0
rep3,1.0602,427,0
rep3,1.0603,428,0
rep3,1.0603,429,0
rep3,1.0603,430,0
rep3,1.0605,431,0
rep3,1.0607,432,0
rep3,1.0608,433,0
rep3,1.0608,434,0
rep3,1.0608,435,0
rep3,1.0609,436,0
rep3,1.0609,437,0
rep3,1.0609,438,0
rep3,1.0609,439,0
rep3,1.061,440,0
rep3,1.061,441,0
rep3,1.061,442,0
rep3,1.0611,443,0
rep3,1.0611,444,0
rep3,1.0612,445,0
rep3,1.0613,446,0
rep3,1.0613,447,0
rep3,1.0613,448,0
rep3,1.0614,449,0
rep3,1.0615,450,0
rep3,1.0615,451,0
rep3,1.0615,452,0
rep3,1.0616,453,0
rep3,1.0617,454,0
rep3,1.0618,455,0
rep3,1.0618,456,0
rep3,1.0619,457,0
rep3,1.0619,458,0
rep3,1.062,459,0
rep3,1.062,460,0
rep3,1.0621,461,0
rep3,1.0625,462,0
rep3,1.0625,463,0
rep3,1.0626,464,0
rep3,1.0626,465,0
rep3,1.0628,466,0
rep3,1.0628,467,0
rep3,1.0628,468,0
rep3,1.0629,469,0
rep3,1.063,470,0
rep3,1.0631,471,0
rep3,1.0632,472,0
rep3,1.0633,473,0
rep3,1.0636,474,0
rep3,1.0637,475,0
rep3,1.0638,476,0
rep3,1.0642,477,0
rep3,1.0643,478,0
rep3,1.0643,479,0
rep3,1.0644,480,0
rep3,1.0645,481,0
rep3,1.0645,482,0
rep3,1.0648,483,0
rep3,1.0648,484,0
rep3,1.0648,485,0
rep3,1.0649,486,0
rep3,1.0649,487,0
rep3,1.065,488,0
rep3,1.065,489,0
rep3,1.065,490,0
rep3,1.0651,491,0
rep3,1.0651,492,0
rep3,1.0652,493,0
rep3,1.0653,494,0
rep3,1.0653,495,0
rep3,1.0654,496,0
rep3,1.0654,497,0
rep3,1.0656,498,0
rep3,1.0656,499,0
rep3,1.0657,500,0
rep3,1.0657,501,0
rep3,1.0659,502,0
rep3,1.066,503,0
rep3,1.0662,504,0
rep3,1.0664,505,0
rep3,1.0664,506,0
rep3,1.0665,507,0
rep3,1.0667,508,0
rep3,1.0668,509,0
rep3,1.0669,510,0
rep3,1.067,511,0
rep3,1.0672,512,0
rep3,1.0672,513,0
rep3,1.0673,514,0
rep3,1.0675,515,0
rep3,1.0677,516,0
rep3,1.0679,517,0
rep3,1.0679,518,0
rep3,1.0683,519,0
rep3,1.0684,520,0
rep3,1.0684,521,0
rep3,1.0685,522,0
rep3,1.0686,523,0
rep3,1.0686,524,0
rep3,1.0687,525,0
rep3,1.0688,526,0
rep3,1.0691,527,0
rep3,1.0693,528,0
rep3,1.0693,529,0
rep3,1.0693,530,0
rep3,1.0694,531,0
rep3,1.0694,532,0
rep3,1.0694,533,0
rep3,1.0697,534,0
rep3,1.0697,535,0
rep3,1.0698,536,0
rep3,1.0699,537,0
rep3,1.07,538,0
rep3,1.07,539,0
rep3,1.0703,540,0
rep3,1.0707,541,0
rep3,1.0708,542,0
rep3,1.0711,543,0
rep3,1.0711,544,0
rep3,1.0713,545,0
rep3,1.0714,546,0
rep3,1.0714,547,0
rep3,1.0716,548,0
rep3,1.0719,549,0
rep3,1.0722,550,0
rep3,1.0722,551,0
rep3,1.0724,552,0
rep3,1.0725,553,0
rep3,1.0726,554,0
rep3,1.0727,555,0
rep3,1.0728,556,0
rep3,1.0734,557,0
rep3,1.0735,558,0
rep3,1.0737,559,0
rep3,1.0738,560,0
rep3,1.0741,561,0
rep3,1.0742,562,0
rep3,1.0744,563,0
rep3,1.0748,564,0
rep3,1.0758,565,0
rep3,1.0759,566,0
rep3,1.0761,567,0
rep3,1.0762,568,0
rep3,1.0766,569,0
rep3,1.0768,570,0
rep3,1.0771,571,0
rep3,1.0773,572,0
rep3,1.0773,573,0
rep3,1.0776,574,0
rep3,1.0778,575,0
rep3,1.0783,576,0
rep3,1.0784,577,0
rep3,1.0785,578,0
rep3,1.0788,579,0
rep3,1.079,580,0
rep3,1.0791,581,0
rep3,1.0791,582,0
rep3,1.0797,583,0
rep3,1.08,584,0
rep3,1.0808,585,0
rep3,1.0812,586,0
rep3,1.0813,587,0
rep3,1.0814,588,0
rep3,1.0817,589,0
rep3,1.082,590,0
rep3,1.082,591,0
rep3,1.0832,592,0
rep3,1.0834,593,0
rep3,1.0836,594,0
rep3,1.0838,595,0
rep3,1.0838,596,0
rep3,1.0838,597,0
rep3,1.0839,598,0
rep3,1.0839,599,0
rep3,1.0839,600,0
rep3,1.0839,601,0
rep3,1.084,602,0
rep3,1.084,603,0
rep3,1.084,604,0
rep3,1.084,605,0
rep3,1.0841,606,0
rep3,1.0841,607,0
rep3,1.0841,608,0
rep3,1.0842,609,0
rep3,1.0842,610,0
rep3,1.0843,611,0
rep3,1.0843,612,0
rep3,1.0843,613,0
rep3,1.0843,614,0
rep3,1.0844,615,0
rep3,1.0844,616,0
rep3,1.0844,617,0
rep3,1.0845,618,0
rep3,1.0845,619,0
rep3,1.0845,620,0
rep3,1.0846,621,0
rep3,1.0846,622,0
rep3,1.0846,623,0
rep3,1.0846,624,0
rep3,1.0847,625,0
rep3,1.0847,626,0
rep3,1.0847,627,0
rep3,1.0847,628,0
rep3,1.0847,629,0
rep3,1.0848,630,0
rep3,1.0848,631,0
rep3,1.0848,632,0
rep3,1.0849,633,0
rep3,1.0849,634,0
rep3,1.0849,635,0
rep3,1.085,636,0
rep3,1.085,637,0
rep3,1.085,638,0
rep3,1.085,639,0
rep3,1.085,640,0
rep3,1.0851,641,0
rep3,1.0851,642,0
rep3,1.0852,643,0
rep3,1.0852,644,0
rep3,1.0852,645,0
rep3,1.0853,646,0
rep3,1.0853,647,0
rep3,1.0853,648,0
rep3,1.0854,649,0
rep3,1.0854,650,0
rep3,1.0854,651,0
rep3,1.0855,652,0
rep3,1.0855,653,0
rep3,1.0855,654,0
rep3,1.0856,655,0
rep3,1.0856,656,0
rep3,1.0856,657,0
rep3,1.0857,658,0
rep3,1.0857,659,0
rep3,1.0857,660,0
rep3,1.0857,661,0
rep3,1.0858,662,0
rep3,1.0858,663,0
rep3,1.0859,664,0
rep3,1.0859,665,0
rep3,1.0859,666,0
rep3,1.086,667,0
rep3,1.086,668,0
rep3,1.086,669,0
rep3,1.086,670,0
rep3,1.0861,671,0
rep3,1.0861,672,0
rep3,1.0862,673,0
rep3,1.0862,674,0
rep3,1.0862,675,0
rep3,1.0862,676,0
rep3,1.0863,677,0
rep3,1.0863,678,0
rep3,1.0864,679,0
rep3,1.0864,680,0
rep3,1.0864,681,0
rep3,1.0864,682,0
rep3,1.0864,683,0
rep3,1.0865,684,0
rep3,1.0865,685,0
rep3,1.0865,686,0
rep3,1.0866,687,0
rep3,1.0866,688,0
rep3,1.0867,689,0
rep3,1.0867,690,0
rep3,1.0868,691,0
rep3,1.0868,692,0
rep3,1.0869,693,0
rep3,1.0869,694,0
rep3,1.0869,695,0
rep3,1.0871,696,0
rep3,1.0871,697,0
rep3,1.0871,698,0
rep3,1.0871,699,0
rep3,1.0871,700,0
rep3,1.0872,701,0
rep3,1.0872,702,0
rep3,1.0872,703,0
rep3,1.0873,704,0
rep3,1.0874,705,0
rep3,1.0874,706,0
rep3,1.0874,707,0
rep3,1.0875,708,0
rep3,1.0875,709,0
rep3,1.0876,710,0
rep3,1.0876,711,0
rep3,1.0877,712,0
rep3,1.0877,713,0
rep3,1.0877,714,0
rep3,1.0877,715,0
rep3,1.0878,716,0
rep3,1.0878,717,0
rep3,1.0878,718,0
rep3,1.088,719,0
rep3,1.088,720,0
rep3,1.0881,721,0
rep3,1.0881,722,0
rep3,1.0881,723,0
rep3,1.0882,724,0
rep3,1.0882,725,0
rep3,1.0882,726,0
rep3,1.0883,727,0
rep3,1.0883,728,0
rep3,1.0885,729,0
rep3,1.0885,730,0
rep3,1.0886,731,0
rep3,1.0886,732,0
rep3,1.0886,733,0
rep3,1.0887,734,0
rep3,1.0888,735,0
rep3,1.0888,736,0
rep3,1.0888,737,0
rep3,1.089,738,0
rep3,1.089,739,0
rep3,1.0891,740,0
rep3,1.0891,741,0
rep3,1.0891,742,0
rep3,1.0891,743,0
rep3,1.0892,744,0
rep3,1.0892,745,0
rep3,1.0893,746,0
rep3,1.0893,747,0
rep3,1.0893,748,0
rep3,1.0893,749,0
rep3,1.0894,750,0
rep3,1.0894,751,0
rep3,1.0894,752,0
rep3,1.0894,753,0
rep3,1.0895,754,0
rep3,1.0896,755,0
rep3,1.0896,756,0
rep3,1.0897,757,0
rep3,1.0897,758,0
rep3,1.0897,759,0
rep3,1.0897,760,0
rep3,1.0899,761,0
rep3,1.0899,762,0
rep3,1.09,763,0
rep3,1.0901,764,0
rep3,1.0901,765,0
rep3,1.0902,766,0
rep3,1.0902,767,0
rep3,1.0903,768,0
rep3,1.0903,769,0
rep3,1.0905,770,0
rep3,1.0906,771,0
rep3,1.0907,772,0
rep3,1.0907,773,0
rep3,1.0908,774,0
rep3,1.0908,775,0
rep3,1.0909,776,0
rep3,1.091,777,0
rep3,1.0911,778,0
rep3,1.0911,779,0
rep3,1.0912,780,0
rep3,1.0912,781,0
rep3,1.0913,782,0
rep3,1.0913,783,0
rep3,1.0913,784,0
rep3,1.0914,785,0
rep3,1.0915,786,0
rep3,1.0916,787,0
rep3,1.0916,788,0
rep3,1.0916,789,0
rep3,1.0917,790,0
rep3,1.0917,791,0
rep3,1.0917,792,0
rep3,1.0917,793,0
rep3,1.0918,794,0
rep3,1.0918,795,0
rep3,1.092,796,0
rep3,1.0921,797,0
rep3,1.0923,798,0
rep3,1.0924,799,0
rep3,1.0924,800,0
rep3,1.0925,801,0
rep3,1.0925,802,0
rep3,1.0926,803,0
rep3,1.0928,804,0
rep3,1.0928,805,0
rep3,1.0929,806,0
rep3,1.0929,807,0
rep3,1.0932,808,0
rep3,1.0932,809,0
rep3,1.0932,810,0
rep3,1.0934,811,0
rep3,1.0935,812,0
rep3,1.0935,813,0
rep3,1.0936,814,0
rep3,1.0937,815,0
rep3,1.0937,816,0
rep3,1.0938,817,0
rep3,1.0938,818,0
rep3,1.0939,819,0
rep3,1.0939,820,0
rep3,1.094,821,0
rep3,1.0941,822,0
rep3,1.0941,823,0
rep3,1.0942,824,0
rep3,1.0942,825,0
rep3,1.0942,826,0
rep3,1.0943,827,0
rep3,1.0944,828,0
rep3,1.0945,829,0
rep3,1.0945,830,0
rep3,1.0945,831,0
rep3,1.0945,832,0
rep3,1.0946,833,0
rep3,1.0946,834,0
rep3,1.0947,835,0
rep3,1.0948,836,0
rep3,1.0948,837,0
rep3,1.0948,838,0
rep3,1.0948,839,0
rep3,1.0949,840,0
rep3,1.095,841,0
rep3,1.0951,842,0
rep3,1.0951,843,0
rep3,1.0953,844,0
rep3,1.0954,845,0
rep3,1.0956,846,0
rep3,1.0956,847,0
rep3,1.0958,848,0
rep3,1.0959,849,0
rep3,1.0959,850,0
rep3,1.096,851,0
rep3,1.096,852,0
rep3,1.0962,853,0
rep3,1.0965,854,0
rep3,1.0965,855,0
rep3,1.0966,856,0
rep3,1.0966,857,0
rep3,1.0966,858,0
rep3,1.0967,859,0
rep3,1.0968,860,0
rep3,1.0969,861,0
rep3,1.0969,862,0
rep3,1.097,863,0
rep3,1.097,864,0
rep3,1.097,865,0
rep3,1.0972,866,0
rep3,1.0973,867,0
rep3,1.0973,868,0
rep3,1.0974,869,0
rep3,1.0974,870,0
rep3,1.0976,871,0
rep3,1.0977,872,0
rep3,1.0977,873,0
rep3,1.0977,874,0
rep3,1.0977,875,0
rep3,1.0978,876,0
rep3,1.0979,877,0
rep3,1.0982,878,0
rep3,1.0982,879,0
rep3,1.0984,880,0
rep3,1.0984,881,0
rep3,1.0986,882,0
rep3,1.0986,883,0
rep3,1.0989,884,0
rep3,1.0991,885,0
rep3,1.0991,886,0
rep3,1.0992,887,0
rep3,1.0994,888,0
rep3,1.0995,889,0
rep3,1.0996,890,0
rep3,1.0996,891,0
rep3,1.0998,892,0
rep3,1.0999,893,0
rep3,1.0999,894,0
rep3,1.1,895,0
rep3,1.1001,896,0
rep3,1.1002,897,0
rep3,1.1003,898,0
rep3,1.1004,899,0
rep3,1.1005,900,0
rep3,1.1005,901,0
rep3,1.1005,902,0
rep3,1.1006,903,0
rep3,1.1006,904,0
rep3,1.1007,905,0
rep3,1.1007,906,0
rep3,1.1007,907,0
rep3,1.1008,908,0
rep3,1.1009,909,0
rep3,1.101,910,0
rep3,1.101,911,0
rep3,1.1011,912,0
rep3,1.1011,913,0
rep3,1.1011,914,0
rep3,1.1011,915,0
rep3,1.1012,916,0
rep3,1.1014,917,0
rep3,1.1014,918,0
rep3,1.1015,919,0
rep3,1.1015,920,0
rep3,1.1015,921,0
rep3,1.1016,922,0
rep3,1.1024,923,0
rep3,1.1026,924,0
rep3,1.1027,925,0
rep3,1.1028,926,0
rep3,1.1028,927,0
rep3,1.1029,928,0
rep3,1.103,929,0
rep3,1.103,930,0
rep3,1.1031,931,0
rep3,1.1031,932,0
rep3,1.1031,933,0
rep3,1.1032,934,0
rep3,1.1032,935,0
rep3,1.1032,936,0
rep3,1.1033,937,0
rep3,1.1033,938,0
rep3,1.1037,939,0
rep3,1.1038,940,0
rep3,1.1039,941,0
rep3,1.1041,942,0
rep3,1.1042,943,0
rep3,1.1042,944,0
rep3,1.1043,945,0
rep3,1.1043,946,0
rep3,1.1045,947,0
rep3,1.1047,948,0
rep3,1.1048,949,0
rep3,1.1051,950,0
rep3,1.1052,951,0
rep3,1.1052,952,0
rep3,1.1053,953,0
rep3,1.1057,954,0
rep3,1.1059,955,0
rep3,1.1063,956,0
rep3,1.1064,957,0
rep3,1.1067,958,0
rep3,1.1068,959,0
rep3,1.1068,960,0
rep3,1.1069,961,0
rep3,1.1071,962,0
rep3,1.1073,963,0
rep3,1.1074,964,0
rep3,1.1074,965,0
rep3,1.1075,966,0
rep3,1.1076,967,0
rep3,1.1077,968,0
rep3,1.1079,969,0
rep3,1.108,970,0
rep3,1.1084,971,0
rep3,1.1085,972,0
rep3,1.1085,973,0
rep3,1.1087,974,0
rep3,1.1089,975,0
rep3,1.1094,976,0
rep3,1.1096,977,0
rep3,1.1097,978,0
rep3,1.1098,979,0
rep3,1.11,980,0
rep3,1.1101,981,0
rep3,1.1102,982,0
rep3,1.1103,983,0
rep3,1.1105,984,0
rep3,1.1106,985,0
rep3,1.1107,986,0
rep3,1.1111,987,0
rep3,1.1111,988,0
rep3,1.1112,989,0
rep3,1.1115,990,0
rep3,1.1117,991,0
rep3,1.1119,992,0
rep3,1.1119,993,0
rep3,1.1121,994,0
rep3,1.1122,995,0
rep3,1.1125,996,0
rep3,1.1127,997,0
rep3,1.1127,998,0
rep3,1.1127,999,0
rep3,1.1129,1000,0
rep3,1.1131,1001,0
rep3,1.1134,1002,0
rep3,1.1135,1003,0
rep3,1.1135,1004,0
rep3,1.1138,1005,0
rep3,1.1143,1006,0
rep3,1.1143,1007,0
rep3,1.1144,1008,0
rep3,1.1144,1009,0
rep3,1.1144,1010,0
rep3,1.1144,1011,0
rep3,1.1148,1012,0
rep3,1.1149,1013,0
rep3,1.1149,1014,0
rep3,1.1149,1015,0
rep3,1.115,1016,0
rep3,1.1151,1017,0
rep3,1.1155,1018,0
rep3,1.1155,1019,0
rep3,1.1157,1020,0
rep3,1.1157,1021,0
rep3,1.1162,1022,0
rep3,1.1171,1023,0
rep3,1.1172,1024,0
rep3,1.1172,1025,0
rep3,1.1174,1026,0
rep3,1.1174,1027,0
rep3,1.1175,1028,0
rep3,1.1175,1029,0
rep3,1.1175,1030,0
rep3,1.1176,1031,0
rep3,1.1177,1032,0
rep3,1.1177,1033,0
rep3,1.1177,1034,0
rep3,1.1178,1035,0
rep3,1.1178,1036,0
rep3,1.1178,1037,0
rep3,1.1178,1038,0
rep3,1.1179,1039,0
rep3,1.1179,1040,0
rep3,1.1179,1041,0
rep3,1.118,1042,0
rep3,1.118,1043,0
rep3,1.118,1044,0
rep3,1.1181,1045,0
rep3,1.1181,1046,0
rep3,1.1182,1047,0
rep3,1.1182,1048,0
rep3,1.1182,1049,0
rep3,1.1183,1050,0
rep3,1.1183,1051,0
rep3,1.1183,1052,0
rep3,1.1183,1053,0
rep3,1.1184,1054,0
rep3,1.1185,1055,0
rep3,1.1185,1056,0
rep3,1.1185,1057,0
rep3,1.1186,1058,0
rep3,1.1186,1059,0
rep3,1.1186,1060,0
rep3,1.1186,1061,0
rep3,1.1186,1062,0
rep3,1.1187,1063,0
rep3,1.1187,1064,0
rep3,1.1188,1065,0
rep3,1.1188,1066,0
rep3,1.1189,1067,0
rep3,1.1189,1068,0
rep3,1.1189,1069,0
rep3,1.1189,1070,0
rep3,1.1189,1071,0
rep3,1.119,1072,0
rep3,1.1191,1073,0
rep3,1.1191,1074,0
rep3,1.1191,1075,0
rep3,1.1191,1076,0
rep3,1.1192,1077,0
rep3,1.1192,1078,0
rep3,1.1192,1079,0
rep3,1.1192,1080,0
rep3,1.1193,1081,0
rep3,1.1193,1082,0
rep3,1.1194,1083,0
rep3,1.1194,1084,0
rep3,1.1195,1085,0
rep3,1.1195,1086,0
rep3,1.1196,1087,0
rep3,1.1196,1088,0
rep3,1.1196,1089,0
rep3,1.1196,1090,0
rep3,1.1197,1091,0
rep3,1.1197,1092,0
rep3,1.1197,1093,0
rep3,1.1198,1094,0
rep3,1.1198,1095,0
rep3,1.1198,1096,0
rep3,1.1198,1097,0
rep3,1.1198,1098,0
rep3,1.1199,1099,0
rep3,1.1199,1100,0
rep3,1.1199,1101,0
rep3,1.1199,1102,0
rep3,1.12,1103,0
rep3,1.12,1104,0
rep3,1.12,1105,0
rep3,1.12,1106,0
rep3,1.12,1107,0
rep3,1.1201,1108,0
rep3,1.1201,1109,0
rep3,1.1201,1110,0
rep3,1.1201,1111,0
rep3,1.1202,1112,0
rep3,1.1202,1113,0
rep3,1.1202,1114,0
rep3,1.1202,1115,0
rep3,1.1203,1116,0
rep3,1.1203,1117,0
rep3,1.1203,1118,0
rep3,1.1203,1119,0
rep3,1.1204,1120,0
rep3,1.1204,1121,0
rep3,1.1204,1122,0
rep3,1.1205,1123,0
rep3,1.1205,1124,0
rep3,1.1205,1125,0
rep3,1.1205,1126,0
rep3,1.1206,1127,0
rep3,1.1206,1128,0
rep3,1.1207,1129,0
rep3,1.1208,1130,0
rep3,1.1209,1131,0
rep3,1.1209,1132,0
rep3,1.1209,1133,0
rep3,1.121,1134,0
rep3,1.121,1135,0
rep3,1.121,1136,0
rep3,1.1211,1137,0
rep3,1.1211,1138,0
rep3,1.1212,1139,0
rep3,1.1213,1140,0
rep3,1.1214,1141,0
rep3,1.1214,1142,0
rep3,1.1217,1143,0
rep3,1.1217,1144,0
rep3,1.1217,1145,0
rep3,1.1217,1146,0
rep3,1.1218,1147,0
rep3,1.1219,1148,0
rep3,1.1219,1149,0
rep3,1.122,1150,0
rep3,1.1221,1151,0
rep3,1.1221,1152,0
rep3,1.1222,1153,0
rep3,1.1224,1154,0
rep3,1.1224,1155,0
rep3,1.1224,1156,0
rep3,1.1225,1157,0
rep3,1.1225,1158,0
rep3,1.1226,1159,0
rep3,1.1226,1160,0
rep3,1.1227,1161,0
rep3,1.1227,1162,0
rep3,1.1227,1163,0
rep3,1.1227,1164,0
rep3,1.1228,1165,0
rep3,1.1228,1166,0
rep3,1.1229,1167,0
rep3,1.1229,1168,0
rep3,1.123,1169,0
rep3,1.123,1170,0
rep3,1.123,1171,0
rep3,1.123,1172,0
rep3,1.1231,1173,0
rep3,1.1231,1174,0
rep3,1.1231,1175,0
rep3,1.1233,1176,0
rep3,1.1234,1177,0
rep3,1.1234,1178,0
rep3,1.1235,1179,0
rep3,1.1235,1180,0
rep3,1.1235,1181,0
rep3,1.1235,1182,0
rep3,1.1237,1183,0
rep3,1.1238,1184,0
rep3,1.1239,1185,0
rep3,1.124,1186,0
rep3,1.124,1187,0
rep3,1.124,1188,0
rep3,1.1241,1189,0
rep3,1.1242,1190,0
rep3,1.1242,1191,0
rep3,1.1242,1192,0
rep3,1.1244,1193,0
rep3,1.1245,1194,0
rep3,1.1245,1195,0
rep3,1.1246,1196,0
rep3,1.1246,1197,0
rep3,1.1247,1198,0
rep3,1.1247,1199,0
rep3,1.1248,1200,0
rep3,1.1248,1201,0
rep3,1.1249,1202,0
rep3,1.125,1203,0
rep3,1.1251,1204,0
rep3,1.1251,1205,0
rep3,1.1251,1206,0
rep3,1.1252,1207,0
rep3,1.1252,1208,0
rep3,1.1252,1209,0
rep3,1.1252,1210,0
rep3,1.1253,1211,0
rep3,1.1253,1212,0
rep3,1.1253,1213,0
rep3,1.1254,1214,0
rep3,1.1254,1215,0
rep3,1.1255,1216,0
rep3,1.1257,1217,0
rep3,1.1257,1218,0
rep3,1.1257,1219,0
rep3,1.1258,1220,0
rep3,1.1258,1221,0
rep3,1.1258,1222,0
rep3,1.1259,1223,0
rep3,1.1259,1224,0
rep3,1.126,1225,0
rep3,1.126,1226,0
rep3,1.1261,1227,0
rep3,1.1261,1228,0
rep3,1.1263,1229,0
rep3,1.1263,1230,0
rep3,1.1264,1231,0
rep3,1.1265,1232,0
rep3,1.1265,1233,0
rep3,1.1265,1234,0
rep3,1.1265,1235,0
rep3,1.1266,1236,0
rep3,1.1266,1237,0
rep3,1.1267,1238,0
rep3,1.1267,1239,0
rep3,1.1267,1240,0
rep3,1.1267,1241,0
rep3,1.1268,1242,0
rep3,1.1268,1243,0
rep3,1.1268,1244,0
rep3,1.1269,1245,0
rep3,1.1269,1246,0
rep3,1.1269,1247,0
rep3,1.127,1248,0
rep3,1.1271,1249,0
rep3,1.1272,1250,0
rep3,1.1272,1251,0
rep3,1.1272,1252,0
rep3,1.1273,1253,0
rep3,1.1273,1254,0
rep3,1.1274,1255,0
rep3,1.1276,1256,0
rep3,1.1276,1257,0
rep3,1.1277,1258,0
rep3,1.1277,1259,0
rep3,1.1277,1260,0
rep3,1.1278,1261,0
rep3,1.1279,1262,0
rep3,1.1279,1263,0
rep3,1.1279,1264,0
rep3,1.128,1265,0
rep3,1.128,1266,0
rep3,1.1281,1267,0
rep3,1.1281,1268,0
rep3,1.1281,1269,0
rep3,1.1282,1270,0
rep3,1.1282,1271,0
rep3,1.1283,1272,0
rep3,1.1285,1273,0
rep3,1.1286,1274,0
rep3,1.1286,1275,0
rep3,1.1286,1276,0
rep3,1.1288,1277,0
rep3,1.1289,1278,0
rep3,1.1289,1279,0
rep3,1.129,1280,0
rep3,1.129,1281,0
rep3,1.1291,1282,0
rep3,1.1292,1283,0
rep3,1.1292,1284,0
rep3,1.1292,1285,0
rep3,1.1295,1286,0
rep3,1.1296,1287,0
rep3,1.1296,1288,0
rep3,1.1297,1289,0
rep3,1.1297,1290,0
rep3,1.1299,1291,0
rep3,1.13,1292,0
rep3,1.13,1293,0
rep3,1.13,1294,0
rep3,1.1301,1295,0
rep3,1.1301,1296,0
rep3,1.1302,1297,0
rep3,1.1302,1298,0
rep3,1.1303,1299,0
rep3,1.1303,1300,0
rep3,1.1304,1301,0
rep3,1.1306,1302,0
rep3,1.1306,1303,0
rep3,1.1306,1304,0
rep3,1.1308,1305,0
rep3,1.1309,1306,0
rep3,1.131,1307,0
rep3,1.131,1308,0
rep3,1.1312,1309,0
rep3,1.1314,1310,0
rep3,1.1314,1311,0
rep3,1.1315,1312,0
rep3,1.1316,1313,0
rep3,1.1318,1314,0
rep3,1.132,1315,0
rep3,1.132,1316,0
rep3,1.1321,1317,0
rep3,1.1321,1318,0
rep3,1.1322,1319,0
rep3,1.1322,1320,0
rep3,1.1322,1321,0
rep3,1.1322,1322,0
rep3,1.1326,1323,0
rep3,1.1327,1324,0
rep3,1.1328,1325,0
rep3,1.1328,1326,0
rep3,1.1328,1327,0
rep3,1.1329,1328,0
rep3,1.133,1329,0
rep3,1.133,1330,0
rep3,1.1332,1331,0
rep3,1.1334,1332,0
rep3,1.1336,1333,0
rep3,1.1336,1334,0
rep3,1.1337,1335,0
rep3,1.1337,1336,0
rep3,1.1338,1337,0
rep3,1.1339,1338,0
rep3,1.1341,1339,0
rep3,1.1341,1340,0
rep3,1.1343,1341,0
rep3,1.1345,1342,0
rep3,1.1345,1343,0
rep3,1.1346,1344,0
rep3,1.1349,1345,0
rep3,1.1352,1346,0
rep3,1.1353,1347,0
rep3,1.1354,1348,0
rep3,1.1355,1349,0
rep3,1.1356,1350,0
rep3,1.1358,1351,0
rep3,1.1359,1352,0
rep3,1.1361,1353,0
rep3,1.1361,1354,0
rep3,1.1363,1355,0
rep3,1.1363,1356,0
rep3,1.1364,1357,0
rep3,1.1364,1358,0
rep3,1.1364,1359,0
rep3,1.1366,1360,0
rep3,1.1367,1361,0
rep3,1.1368,1362,0
rep3,1.137,1363,0
rep3,1.137,1364,0
rep3,1.1372,1365,0
rep3,1.1373,1366,0
rep3,1.1373,1367,0
rep3,1.1374,1368,0
rep3,1.1375,1369,0
rep3,1.1377,1370,0
rep3,1.1379,1371,0
rep3,1.138,1372,0
rep3,1.1381,1373,0
rep3,1.1381,1374,0
rep3,1.1382,1375,0
rep3,1.1384,1376,0
rep3,1.1385,1377,0
rep3,1.1386,1378,0
rep3,1.1386,1379,0
rep3,1.1386,1380,0
rep3,1.1387,1381,0
rep3,1.1387,1382,0
rep3,1.1389,1383,0
rep3,1.139,1384,0
rep3,1.1392,1385,0
rep3,1.1393,1386,0
rep3,1.1394,1387,0
rep3,1.1396,1388,0
rep3,1.1396,1389,0
rep3,1.1397,1390,0
rep3,1.1398,1391,0
rep3,1.14,1392,0
rep3,1.14,1393,0
rep3,1.1403,1394,0
rep3,1.1403,1395,0
rep3,1.1403,1396,0
rep3,1.1404,1397,0
rep3,1.1404,1398,0
rep3,1.1405,1399,0
rep3,1.1405,1400,0
rep3,1.1405,1401,0
rep3,1.1407,1402,0
rep3,1.1407,1403,0
rep3,1.1407,1404,0
rep3,1.1407,1405,0
rep3,1.1409,1406,0
rep3,1.141,1407,0
rep3,1.1412,1408,0
rep3,1.1413,1409,0
rep3,1.1413,1410,0
rep3,1.1414,1411,0
rep3,1.1416,1412,0
rep3,1.1417,1413,0
rep3,1.1417,1414,0
rep3,1.1417,1415,0
rep3,1.1418,1416,0
rep3,1.1418,1417,0
rep3,1.1421,1418,0
rep3,1.1421,1419,0
rep3,1.1421,1420,0
rep3,1.1422,1421,0
rep3,1.1422,1422,0
rep3,1.1425,1423,0
rep3,1.1426,1424,0
rep3,1.1427,1425,0
rep3,1.1431,1426,0
rep3,1.1432,1427,0
rep3,1.1433,1428,0
rep3,1.1433,1429,0
rep3,1.1434,1430,0
rep3,1.1435,1431,0
rep3,1.1437,1432,0
rep3,1.1438,1433,0
rep3,1.1439,1434,0
rep3,1.1439,1435,0
rep3,1.1441,1436,0
rep3,1.1441,1437,0
rep3,1.1442,1438,0
rep3,1.1445,1439,0
rep3,1.1445,1440,0
rep3,1.1447,1441,0
rep3,1.1449,1442,0
rep3,1.1451,1443,0
rep3,1.1452,1444,0
rep3,1.1452,1445,0
rep3,1.1453,1446,0
rep3,1.1453,1447,0
rep3,1.1454,1448,0
rep3,1.1455,1449,0
rep3,1.1456,1450,0
rep3,1.1459,1451,0
rep3,1.1459,1452,0
rep3,1.146,1453,0
rep3,1.146,1454,0
rep3,1.146,1455,0
rep3,1.1461,1456,0
rep3,1.1462,1457,0
rep3,1.1463,1458,0
rep3,1.1464,1459,0
rep3,1.1465,1460,0
rep3,1.1465,1461,0
rep3,1.1466,1462,0
rep3,1.1466,1463,0
rep3,1.1467,1464,0
rep3,1.1467,1465,0
rep3,1.1468,1466,0
rep3,1.1468,1467,0
rep3,1.1468,1468,0
rep3,1.147,1469,0
rep3,1.1471,1470,0
rep3,1.1471,1471,0
rep3,1.1473,1472,0
rep3,1.1474,1473,0
rep3,1.1475,1474,0
rep3,1.1475,1475,0
rep3,1.1478,1476,0
rep3,1.1479,1477,0
rep3,1.1481,1478,0
rep3,1.1484,1479,0
rep3,1.1484,1480,0
rep3,1.1487,1481,0
rep3,1.1489,1482,0
rep3,1.1492,1483,0
rep3,1.1493,1484,0
rep3,1.1494,1485,0
rep3,1.1496,1486,0
rep3,1.1496,1487,0
rep3,1.1496,1488,0
rep3,1.15,1489,0
rep3,1.15,1490,0
rep3,1.1502,1491,0
rep3,1.1502,1492,0
rep3,1.1502,1493,0
rep3,1.1503,1494,0
rep3,1.1503,1495,0
rep3,1.1504,1496,0
rep3,1.1506,1497,0
rep3,1.1507,1498,0
rep3,1.1509,1499,0
rep3,1.1509,1500,0
rep3,1.151,1501,0
rep3,1.151,1502,0
rep3,1.1511,1503,0
rep3,1.1511,1504,0
rep3,1.1511,1505,0
rep3,1.1511,1506,0
rep3,1.1512,1507,0
rep3,1.1512,1508,0
rep3,1.1512,1509,0
rep3,1.1513,1510,0
rep3,1.1513,1511,0
rep3,1.1514,1512,0
rep3,1.1514,1513,0
rep3,1.1515,1514,0
rep3,1.1515,1515,0
rep3,1.1515,1516,0
rep3,1.1515,1517,0
rep3,1.1515,1518,0
rep3,1.1515,1519,0
rep3,1.1515,1520,0
rep3,1.1516,1521,0
rep3,1.1516,1522,0
rep3,1.1516,1523,0
rep3,1.1517,1524,0
rep3,1.1518,1525,0
rep3,1.1518,1526,0
rep3,1.1519,1527,0
rep3,1.1519,1528,0
rep3,1.1519,1529,0
rep3,1.152,1530,0
rep3,1.152,1531,0
rep3,1.152,1532,0
rep3,1.1521,1533,0
rep3,1.1522,1534,0
rep3,1.1522,1535,0
rep3,1.1523,1536,0
rep3,1.1524,1537,0
rep3,1.1524,1538,0
rep3,1.1524,1539,0
rep3,1.1525,1540,0
rep3,1.1525,1541,0
rep3,1.1525,1542,0
rep3,1.1525,1543,0
rep3,1.1526,1544,0
rep3,1.1526,1545,0
rep3,1.1527,1546,0
rep3,1.1528,1547,0
rep3,1.1528,1548,0
rep3,1.1529,1549,0
rep3,1.1529,1550,0
rep3,1.1529,1551,0
rep3,1.1529,1552,0
rep3,1.1529,1553,0
rep3,1.153,1554,0
rep3,1.153,1555,0
rep3,1.1531,1556,0
rep3,1.1532,1557,0
rep3,1.1532,1558,0
rep3,1.1532,1559,0
rep3,1.1532,1560,0
rep3,1.1533,1561,0
rep3,1.1534,1562,0
rep3,1.1535,1563,0
rep3,1.1535,1564,0
rep3,1.1536,1565,0
rep3,1.1536,1566,0
rep3,1.1538,1567,0
rep3,1.1538,1568,0
rep3,1.1539,1569,0
rep3,1.1539,1570,0
rep3,1.1539,1571,0
rep3,1.154,1572,0
rep3,1.1541,1573,0
rep3,1.1541,1574,0
rep3,1.1541,1575,0
rep3,1.1543,1576,0
rep3,1.1543,1577,0
rep3,1.1543,1578,0
rep3,1.1543,1579,0
rep3,1.1544,1580,0
rep3,1.1544,1581,0
rep3,1.1545,1582,0
rep3,1.1546,1583,0
rep3,1.1547,1584,0
rep3,1.1547,1585,0
rep3,1.1548,1586,0
rep3,1.1548,1587,0
rep3,1.1549,1588,0
rep3,1.1549,1589,0
rep3,1.1551,1590,0
rep3,1.1551,1591,0
rep3,1.1551,1592,0
rep3,1.1551,1593,0
rep3,1.1552,1594,0
rep3,1.1552,1595,0
rep3,1.1552,1596,0
rep3,1.1553,1597,0
rep3,1.1553,1598,0
rep3,1.1553,1599,0
rep3,1.1554,1600,0
rep3,1.1554,1601,0
rep3,1.1555,1602,0
rep3,1.1555,1603,0
rep3,1.1556,1604,0
rep3,1.1557,1605,0
rep3,1.1557,1606,0
rep3,1.1557,1607,0
rep3,1.1558,1608,0
rep3,1.1558,1609,0
rep3,1.1558,1610,0
rep3,1.1559,1611,0
rep3,1.1559,1612,0
rep3,1.1559,1613,0
rep3,1.1561,1614,0
rep3,1.1561,1615,0
rep3,1.1562,1616,0
rep3,1.1562,1617,0
rep3,1.1563,1618,0
rep3,1.1563,1619,0
rep3,1.1565,1620,0
rep3,1.1566,1621,0
rep3,1.1566,1622,0
rep3,1.1567,1623,0
rep3,1.1568,1624,0
rep3,1.1568,1625,0
rep3,1.1569,1626,0
rep3,1.1569,1627,0
rep3,1.1569,1628,0
rep3,1.1569,1629,0
rep3,1.157,1630,0
rep3,1.157,1631,0
rep3,1.1572,1632,0
rep3,1.1572,1633,0
rep3,1.1572,1634,0
rep3,1.1573,1635,0
rep3,1.1574,1636,0
rep3,1.1575,1637,0
rep3,1.1575,1638,0
rep3,1.1576,1639,0
rep3,1.1576,1640,0
rep3,1.1577,1641,0
rep3,1.1577,1642,0
rep3,1.1577,1643,0
rep3,1.1577,1644,0
rep3,1.1578,1645,0
rep3,1.1578,1646,0
rep3,1.1579,1647,0
rep3,1.1579,1648,0
rep3,1.158,1649,0
rep3,1.158,1650,0
rep3,1.1581,1651,0
rep3,1.1581,1652,0
rep3,1.1581,1653,0
rep3,1.1581,1654,0
rep3,1.1582,1655,0
rep3,1.1583,1656,0
rep3,1.1584,1657,0
rep3,1.1585,1658,0
rep3,1.1587,1659,0
rep3,1.1587,1660,0
rep3,1.1587,1661,0
rep3,1.1588,1662,0
rep3,1.1589,1663,0
rep3,1.159,1664,0
rep3,1.159,1665,0
rep3,1.1591,1666,0
rep3,1.1593,1667,0
rep3,1.1594,1668,0
rep3,1.1594,1669,0
rep3,1.1594,1670,0
rep3,1.1595,1671,0
rep3,1.1596,1672,0
rep3,1.1596,1673,0
rep3,1.1597,1674,0
rep3,1.1598,1675,0
rep3,1.1599,1676,0
rep3,1.1599,1677,0
rep3,1.16,1678,0
rep3,1.16,1679,0
rep3,1.16,1680,0
rep3,1.1603,1681,0
rep3,1.1604,1682,0
rep3,1.1604,1683,0
rep3,1.1605,1684,0
rep3,1.1605,1685,0
rep3,1.1605,1686,0
rep3,1.1606,1687,0
rep3,1.1606,1688,0
rep3,1.1606,1689,0
rep3,1.1606,1690,0
rep3,1.1607,1691,0
rep3,1.1609,1692,0
rep3,1.161,1693,0
rep3,1.1611,1694,0
rep3,1.1611,1695,0
rep3,1.1611,1696,0
rep3,1.1612,1697,0
rep3,1.1612,1698,0
rep3,1.1612,1699,0
rep3,1.1613,1700,0
rep3,1.1613,1701,0
rep3,1.1613,1702,0
rep3,1.1614,1703,0
rep3,1.1614,1704,0
rep3,1.1614,1705,0
rep3,1.1614,1706,0
rep3,1.1616,1707,0
rep3,1.1617,1708,0
rep3,1.1618,1709,0
rep3,1.1619,1710,0
rep3,1.1619,1711,0
rep3,1.1619,1712,0
rep3,1.1621,1713,0
rep3,1.1622,1714,0
rep3,1.1623,1715,0
rep3,1.1624,1716,0
rep3,1.1624,1717,0
rep3,1.1625,1718,0
rep3,1.1625,1719,0
rep3,1.1626,1720,0
rep3,1.1626,1721,0
rep3,1.1626,1722,0
rep3,1.1627,1723,0
rep3,1.1627,1724,0
rep3,1.1628,1725,0
rep3,1.1629,1726,0
rep3,1.1631,1727,0
rep3,1.1632,1728,0
rep3,1.1633,1729,0
rep3,1.1634,1730,0
rep3,1.1634,1731,0
rep3,1.1635,1732,0
rep3,1.1636,1733,0
rep3,1.1637,1734,0
rep3,1.1637,1735,0
rep3,1.1637,1736,0
rep3,1.1639,1737,0
rep3,1.164,1738,0
rep3,1.1641,1739,0
rep3,1.1641,1740,0
rep3,1.1643,1741,0
rep3,1.1644,1742,0
rep3,1.1644,1743,0
rep3,1.1644,1744,0
rep3,1.1644,1745,0
rep3,1.1645,1746,0
rep3,1.1645,1747,0
rep3,1.1645,1748,0
rep3,1.1647,1749,0
rep3,1.1648,1750,0
rep3,1.1648,1751,0
rep3,1.1649,1752,0
rep3,1.1649,1753,0
rep3,1.1649,1754,0
rep3,1.165,1755,0
rep3,1.1652,1756,0
rep3,1.1653,1757,0
rep3,1.1654,1758,0
rep3,1.1654,1759,0
rep3,1.1654,1760,0
rep3,1.1655,1761,0
rep3,1.1655,1762,0
rep3,1.1656,1763,0
rep3,1.1656,1764,0
rep3,1.1657,1765,0
rep3,1.1658,1766,0
rep3,1.1658,1767,0
rep3,1.1659,1768,0
rep3,1.166,1769,0
rep3,1.166,1770,0
rep3,1.1661,1771,0
rep3,1.1661,1772,0
rep3,1.1662,1773,0
rep3,1.1662,1774,0
rep3,1.1663,1775,0
rep3,1.1663,1776,0
rep3,1.1664,1777,0
rep3,1.1664,1778,0
rep3,1.1666,1779,0
rep3,1.1667,1780,0
rep3,1.1668,1781,0
rep3,1.1668,1782,0
rep3,1.1669,1783,0
rep3,1.167,1784,0
rep3,1.1671,1785,0
rep3,1.1672,1786,0
rep3,1.1672,1787,0
rep3,1.1673,1788,0
rep3,1.1673,1789,0
rep3,1.1673,1790,0
rep3,1.1674,1791,0
rep3,1.1674,1792,0
rep3,1.1674,1793,0
rep3,1.1674,1794,0
rep3,1.1675,1795,0
rep3,1.1675,1796,0
rep3,1.1675,1797,0
rep3,1.1676,1798,0
rep3,1.1677,1799,0
rep3,1.1678,1800,0
rep3,1.168,1801,0
rep3,1.1681,1802,0
rep3,1.1681,1803,0
rep3,1.1682,1804,0
rep3,1.1682,1805,0
rep3,1.1683,1806,0
rep3,1.1685,1807,0
rep3,1.1685,1808,0
rep3,1.1686,1809,0
rep3,1.1686,1810,0
rep3,1.1687,1811,0
rep3,1.1688,1812,0
rep3,1.1688,1813,0
rep3,1.1689,1814,0
rep3,1.1694,1815,0
rep3,1.1696,1816,0
rep3,1.1699,1817,0
rep3,1.1699,1818,0
rep3,1.1699,1819,0
rep3,1.17,1820,0
rep3,1.17,1821,0
rep3,1.1701,1822,0
rep3,1.1701,1823,0
rep3,1.1701,1824,0
rep3,1.1702,1825,0
rep3,1.1703,1826,0
rep3,1.1703,1827,0
rep3,1.1705,1828,0
rep3,1.1706,1829,0
rep3,1.1708,1830,0
rep3,1.1708,1831,0
rep3,1.171,1832,0
rep3,1.171,1833,0
rep3,1.171,1834,0
rep3,1.171,1835,0
rep3,1.1711,1836,0
rep3,1.1713,1837,0
rep3,1.1715,1838,0
rep3,1.1715,1839,0
rep3,1.1718,1840,0
rep3,1.1718,1841,0
rep3,1.1719,1842,0
rep3,1.1721,1843,0
rep3,1.1723,1844,0
rep3,1.1723,1845,0
rep3,1.1724,1846,0
rep3,1.1724,1847,0
rep3,1.1725,1848,0
rep3,1.1726,1849,0
rep3,1.1726,1850,0
rep3,1.1727,1851,0
rep3,1.1728,1852,0
rep3,1.1729,1853,0
rep3,1.1729,1854,0
rep3,1.173,1855,0
rep3,1.1731,1856,0
rep3,1.1731,1857,0
rep3,1.1731,1858,0
rep3,1.1732,1859,0
rep3,1.1733,1860,0
rep3,1.1734,1861,0
rep3,1.1734,1862,0
rep3,1.1735,1863,0
rep3,1.1735,1864,0
rep3,1.1735,1865,0
rep3,1.1736,1866,0
rep3,1.1737,1867,0
rep3,1.1737,1868,0
rep3,1.1737,1869,0
rep3,1.1737,1870,0
rep3,1.1738,1871,0
rep3,1.1738,1872,0
rep3,1.1738,1873,0
rep3,1.1739,1874,0
rep3,1.1739,1875,0
rep3,1.174,1876,0
rep3,1.174,1877,0
rep3,1.174,1878,0
rep3,1.1742,1879,0
rep3,1.1743,1880,0
rep3,1.1743,1881,0
rep3,1.1743,1882,0
rep3,1.1744,1883,0
rep3,1.1745,1884,0
rep3,1.1746,1885,0
rep3,1.1746,1886,0
rep3,1.1746,1887,0
rep3,1.1747,1888,0
rep3,1.1747,1889,0
rep3,1.1747,1890,0
rep3,1.1748,1891,0
rep3,1.1748,1892,0
rep3,1.1749,1893,0
rep3,1.175,1894,0
rep3,1.1752,1895,0
rep3,1.1753,1896,0
rep3,1.1755,1897,0
rep3,1.1758,1898,0
rep3,1.1758,1899,0
rep3,1.176,1900,0
rep3,1.176,1901,0
rep3,1.176,1902,0
rep3,1.1762,1903,0
rep3,1.1762,1904,0
rep3,1.1763,1905,0
rep3,1.1764,1906,0
rep3,1.1765,1907,0
rep3,1.1765,1908,0
rep3,1.1766,1909,0
rep3,1.1766,1910,0
rep3,1.1767,1911,0
rep3,1.1767,1912,0
rep3,1.1768,1913,0
rep3,1.177,1914,0
rep3,1.1771,1915,0
rep3,1.1771,1916,0
rep3,1.1772,1917,0
rep3,1.1772,1918,0
rep3,1.1773,1919,0
rep3,1.1776,1920,0
rep3,1.1776,1921,0
rep3,1.1776,1922,0
rep3,1.1778,1923,0
rep3,1.1779,1924,0
rep3,1.178,1925,0
rep3,1.1781,1926,0
rep3,1.1783,1927,0
rep3,1.1783,1928,0
rep3,1.1784,1929,0
rep3,1.1784,1930,0
rep3,1.1784,1931,0
rep3,1.1785,1932,0
rep3,1.1785,1933,0
rep3,1.1785,1934,0
rep3,1.1786,1935,0
rep3,1.1786,1936,0
rep3,1.1787,1937,0
rep3,1.1787,1938,0
rep3,1.1788,1939,0
rep3,1.1788,1940,0
rep3,1.1791,1941,0
rep3,1.1793,1942,0
rep3,1.1794,1943,0
rep3,1.1794,1944,0
rep3,1.1794,1945,0
rep3,1.1795,1946,0
rep3,1.1797,1947,0
rep3,1.1798,1948,0
rep3,1.1798,1949,0
rep3,1.1798,1950,0
rep3,1.1801,1951,0
rep3,1.1803,1952,0
rep3,1.1804,1953,0
rep3,1.1805,1954,0
rep3,1.1806,1955,0
rep3,1.1807,1956,0
rep3,1.1807,1957,0
rep3,1.1808,1958,0
rep3,1.1809,1959,0
rep3,1.181,1960,0
rep3,1.1811,1961,0
rep3,1.1811,1962,0
rep3,1.1813,1963,0
rep3,1.1814,1964,0
rep3,1.1814,1965,0
rep3,1.1814,1966,0
rep3,1.1814,1967,0
rep3,1.1815,1968,0
rep3,1.1818,1969,0
rep3,1.1819,1970,0
rep3,1.1819,1971,0
rep3,1.1819,1972,0
rep3,1.182,1973,0
rep3,1.182,1974,0
rep3,1.1821,1975,0
rep3,1.1821,1976,0
rep3,1.1822,1977,0
rep3,1.1822,1978,0
rep3,1.1824,1979,0
rep3,1.1825,1980,0
rep3,1.1825,1981,0
rep3,1.1825,1982,0
rep3,1.1826,1983,0
rep3,1.1826,1984,0
rep3,1.1826,1985,0
rep3,1.1826,1986,0
rep3,1.1826,1987,0
rep3,1.1827,1988,0
rep3,1.1827,1989,0
rep3,1.1828,1990,0
rep3,1.1829,1991,0
rep3,1.1829,1992,0
rep3,1.1829,1993,0
rep3,1.183,1994,0
rep3,1.1832,1995,0
rep3,1.1833,1996,0
rep3,1.1833,1997,0
rep3,1.1836,1998,0
rep3,1.1836,1999,0
rep3,1.1837,2000,0
rep3,1.1837,2001,0
rep3,1.1841,2002,0
rep3,1.1842,2003,0
rep3,1.1842,2004,0
rep3,1.1842,2005,0
rep3,1.1844,2006,0
rep3,1.1844,2007,0
rep3,1.1845,2008,0
rep3,1.1845,2009,0
rep3,1.1845,2010,0
rep3,1.1845,2011,0
rep3,1.1846,2012,0
rep3,1.1847,2013,0
rep3,1.1847,2014,0
rep3,1.1848,2015,0
rep3,1.1848,2016,0
rep3,1.1848,2017,0
rep3,1.185,2018,0
rep3,1.185,2019,0
rep3,1.185,2020,0
rep3,1.1851,2021,0
rep3,1.1854,2022,0
rep3,1.1855,2023,0
rep3,1.1855,2024,0
rep3,1.1855,2025,0
rep3,1.1855,2026,0
rep3,1.1856,2027,0
rep3,1.1856,2028,0
rep3,1.1857,2029,0
rep3,1.1859,2030,0
rep3,1.186,2031,0
rep3,1.1861,2032,0
rep3,1.1863,2033,0
rep3,1.1864,2034,0
rep3,1.1864,2035,0
rep3,1.1865,2036,0
rep3,1.1865,2037,0
rep3,1.1865,2038,0
rep3,1.1866,2039,0
rep3,1.1866,2040,0
rep3,1.1867,2041,0
rep3,1.1868,2042,0
rep3,1.1869,2043,0
rep3,1.1869,2044,0
rep3,1.1869,2045,0
rep3,1.1872,2046,0
rep3,1.1872,2047,0
rep3,1.1872,2048,0
rep3,1.1872,2049,0
rep3,1.1873,2050,0
rep3,1.1874,2051,0
rep3,1.1874,2052,0
rep3,1.1875,2053,0
rep3,1.1876,2054,0
rep3,1.1878,2055,0
rep3,1.1878,2056,0
rep3,1.1879,2057,0
rep3,1.1879,2058,0
rep3,1.188,2059,0
rep3,1.188,2060,0
rep3,1.1881,2061,0
rep3,1.1881,2062,0
rep3,1.1882,2063,0
rep3,1.1882,2064,0
rep3,1.1883,2065,0
rep3,1.1883,2066,0
rep3,1.1884,2067,0
rep3,1.1884,2068,0
rep3,1.1885,2069,0
rep3,1.1886,2070,0
rep3,1.1886,2071,0
rep3,1.1887,2072,0
rep3,1.1888,2073,0
rep3,1.1888,2074,0
rep3,1.1889,2075,0
rep3,1.1889,2076,0
rep3,1.1889,2077,0
rep3,1.1889,2078,0
rep3,1.1889,2079,0
rep3,1.189,2080,0
rep3,1.189,2081,0
rep3,1.1891,2082,0
rep3,1.1892,2083,0
rep3,1.1892,2084,0
rep3,1.1892,2085,0
rep3,1.1893,2086,0
rep3,1.1893,2087,0
rep3,1.1894,2088,0
rep3,1.1895,2089,0
rep3,1.1895,2090,0
rep3,1.1896,2091,0
rep3,1.1896,2092,0
rep3,1.1896,2093,0
rep3,1.1897,2094,0
rep3,1.1897,2095,0
rep3,1.1897,2096,0
rep3,1.1899,2097,0
rep3,1.19,2098,0
rep3,1.1901,2099,0
rep3,1.1902,2100,0
rep3,1.1902,2101,0
rep3,1.1902,2102,0
rep3,1.1904,2103,0
rep3,1.1904,2104,0
rep3,1.1905,2105,0
rep3,1.1906,2106,0
rep3,1.1906,2107,0
rep3,1.1907,2108,0
rep3,1.1908,2109,0
rep3,1.1909,2110,0
rep3,1.191,2111,0
rep3,1.191,2112,0
rep3,1.1911,2113,0
rep3,1.1911,2114,0
rep3,1.1912,2115,0
rep3,1.1913,2116,0
rep3,1.1914,2117,0
rep3,1.1915,2118,0
rep3,1.1915,2119,0
rep3,1.1915,2120,0
rep3,1.1916,2121,0
rep3,1.1917,2122,0
rep3,1.1917,2123,0
rep3,1.1917,2124,0
rep3,1.1919,2125,0
rep3,1.1919,2126,0
rep3,1.192,2127,0
rep3,1.192,2128,0
rep3,1.1922,2129,0
rep3,1.1922,2130,0
rep3,1.1923,2131,0
rep3,1.1923,2132,0
rep3,1.1924,2133,0
rep3,1.1925,2134,0
rep3,1.1927,2135,0
rep3,1.1928,2136,0
rep3,1.1928,2137,0
rep3,1.1928,2138,0
rep3,1.1928,2139,0
rep3,1.1928,2140,0
rep3,1.1929,2141,0
rep3,1.193,2142,0
rep3,1.1931,2143,0
rep3,1.1932,2144,0
rep3,1.1932,2145,0
rep3,1.1933,2146,0
rep3,1.1934,2147,0
rep3,1.1935,2148,0
rep3,1.1935,2149,0
rep3,1.1935,2150,0
rep3,1.1936,2151,0
rep3,1.1936,2152,0
rep3,1.1936,2153,0
rep3,1.1936,2154,0
rep3,1.1937,2155,0
rep3,1.1938,2156,0
rep3,1.1939,2157,0
rep3,1.194,2158,0
rep3,1.194,2159,0
rep3,1.1941,2160,0
rep3,1.1941,2161,0
rep3,1.1941,2162,0
rep3,1.1941,2163,0
rep3,1.1942,2164,0
rep3,1.1942,2165,0
rep3,1.1944,2166,0
rep3,1.1944,2167,0
rep3,1.1944,2168,0
rep3,1.1945,2169,0
rep3,1.1947,2170,0
rep3,1.1947,2171,0
rep3,1.1948,2172,0
rep3,1.1948,2173,0
rep3,1.1949,2174,0
rep3,1.1949,2175,0
rep3,1.195,2176,0
rep3,1.1951,2177,0
rep3,1.1951,2178,0
rep3,1.1951,2179,0
rep3,1.1953,2180,0
rep3,1.1953,2181,0
rep3,1.1954,2182,0
rep3,1.1955,2183,0
rep3,1.1955,2184,0
rep3,1.1955,2185,0
rep3,1.1955,2186,0
rep3,1.1956,2187,0
rep3,1.1956,2188,0
rep3,1.1957,2189,0
rep3,1.1957,2190,0
rep3,1.1957,2191,0
rep3,1.1958,2192,0
rep3,1.1959,2193,0
rep3,1.1959,2194,0
rep3,1.1959,2195,0
rep3,1.1959,2196,0
rep3,1.196,2197,0
rep3,1.196,2198,0
rep3,1.196,2199,0
rep3,1.1961,2200,0
rep3,1.1961,2201,0
rep3,1.1962,2202,0
rep3,1.1962,2203,0
rep3,1.1963,2204,0
rep3,1.1963,2205,0
rep3,1.1963,2206,0
rep3,1.1964,2207,0
rep3,1.1965,2208,0
rep3,1.1965,2209,0
rep3,1.1965,2210,0
rep3,1.1965,2211,0
rep3,1.1965,2212,0
rep3,1.1966,2213,0
rep3,1.1966,2214,0
rep3,1.1966,2215,0
rep3,1.1967,2216,0
rep3,1.1967,2217,0
rep3,1.1968,2218,0
rep3,1.1968,2219,0
rep3,1.1969,2220,0
rep3,1.1969,2221,0
rep3,1.1969,2222,0
rep3,1.197,2223,0
rep3,1.197,2224,0
rep3,1.197,2225,0
rep3,1.1971,2226,0
rep3,1.1971,2227,0
rep3,1.1972,2228,0
rep3,1.1972,2229,0
rep3,1.1973,2230,0
rep3,1.1973,2231,0
rep3,1.1974,2232,0
rep3,1.1974,2233,0
rep3,1.1975,2234,0
rep3,1.1975,2235,0
rep3,1.1976,2236,0
rep3,1.1976,2237,0
rep3,1.1976,2238,0
rep3,1.1977,2239,0
rep3,1.1977,2240,0
rep3,1.1977,2241,0
rep3,1.1978,2242,0
rep3,1.1979,2243,0
rep3,1.1981,2244,0
rep3,1.1981,2245,0
rep3,1.1982,2246,0
rep3,1.1983,2247,0
rep3,1.1983,2248,0
rep3,1.1983,2249,0
rep3,1.1984,2250,0
rep3,1.1984,2251,0
rep3,1.1985,2252,0
rep3,1.1985,2253,0
rep3,1.1986,2254,0
rep3,1.1987,2255,0
rep3,1.1987,2256,0
rep3,1.1987,2257,0
rep3,1.1988,2258,0
rep3,1.1989,2259,0
rep3,1.1991,2260,0
rep3,1.1991,2261,0
rep3,1.1991,2262,0
rep3,1.1992,2263,0
rep3,1.1992,2264,0
rep3,1.1993,2265,0
rep3,1.1993,2266,0
rep3,1.1994,2267,0
rep3,1.1994,2268,0
rep3,1.1995,2269,0
rep3,1.1996,2270,0
rep3,1.1997,2271,0
rep3,1.1997,2272,0
rep3,1.1998,2273,0
rep3,1.1998,2274,0
rep3,1.1999,2275,0
rep3,1.1999,2276,0
rep3,1.2,2277,0
rep3,1.2,2278,0
rep3,1.2,2279,0
rep3,1.2,2280,0
rep3,1.2001,2281,0
rep3,1.2001,2282,0
rep3,1.2002,2283,0
rep3,1.2003,2284,0
rep3,1.2004,2285,0
rep3,1.2004,2286,0
rep3,1.2005,2287,0
rep3,1.2005,2288,0
rep3,1.2006,2289,0
rep3,1.2006,2290,0
rep3,1.2007,2291,0
rep3,1.2008,2292,0
rep3,1.2009,2293,0
rep3,1.2009,2294,0
rep3,1.201,2295,0
rep3,1.201,2296,0
rep3,1.201,2297,0
rep3,1.201,2298,0
rep3,1.2011,2299,0
rep3,1.2011,2300,0
rep3,1.2012,2301,0
rep3,1.2012,2302,0
rep3,1.2014,2303,0
rep3,1.2016,2304,0
rep3,1.2016,2305,0
rep3,1.2016,2306,0
rep3,1.2016,2307,0
rep3,1.2016,2308,0
rep3,1.2016,2309,0
rep3,1.2017,2310,0
rep3,1.2017,2311,0
rep3,1.2018,2312,0
rep3,1.202,2313,0
rep3,1.202,2314,0
rep3,1.2021,2315,0
rep3,1.2022,2316,0
rep3,1.2022,2317,0
rep3,1.2023,2318,0
rep3,1.2023,2319,0
rep3,1.2023,2320,0
rep3,1.2024,2321,0
rep3,1.2026,2322,0
rep3,1.2027,2323,0
rep3,1.2027,2324,0
rep3,1.2027,2325,0
rep3,1.2028,2326,0
rep3,1.2029,2327,0
rep3,1.2031,2328,0
rep3,1.2031,2329,0
rep3,1.2032,2330,0
rep3,1.2035,2331,0
rep3,1.2036,2332,0
rep3,1.2037,2333,0
rep3,1.2038,2334,0
rep3,1.2038,2335,0
rep3,1.2039,2336,0
rep3,1.2041,2337,0
rep3,1.2041,2338,0
rep3,1.2042,2339,0
rep3,1.2042,2340,0
rep3,1.2042,2341,0
rep3,1.2042,2342,0
rep3,1.2042,2343,0
rep3,1.2043,2344,0
rep3,1.2044,2345,0
rep3,1.2045,2346,0
rep3,1.2047,2347,0
rep3,1.2047,2348,0
rep3,1.2047,2349,0
rep3,1.2048,2350,0
rep3,1.2048,2351,0
rep3,1.2049,2352,0
rep3,1.205,2353,0
rep3,1.205,2354,0
rep3,1.205,2355,0
rep3,1.2051,2356,0
rep3,1.2051,2357,0
rep3,1.2052,2358,0
rep3,1.2054,2359,0
rep3,1.2054,2360,0
rep3,1.2055,2361,0
rep3,1.2055,2362,0
rep3,1.2055,2363,0
rep3,1.2056,2364,0
rep3,1.2058,2365,0
rep3,1.2058,2366,0
rep3,1.2058,2367,0
rep3,1.2059,2368,0
rep3,1.2059,2369,0
rep3,1.206,2370,0
rep3,1.2062,2371,0
rep3,1.2062,2372,0
rep3,1.2063,2373,0
rep3,1.2065,2374,0
rep3,1.2066,2375,0
rep3,1.2067,2376,0
rep3,1.2068,2377,0
rep3,1.2069,2378,0
rep3,1.207,2379,0
rep3,1.2071,2380,0
rep3,1.2072,2381,0
rep3,1.2073,2382,0
rep3,1.2075,2383,0
rep3,1.2076,2384,0
rep3,1.2076,2385,0
rep3,1.2077,2386,0
rep3,1.2077,2387,0
rep3,1.2077,2388,0
rep3,1.2077,2389,0
rep3,1.2078,2390,0
rep3,1.2079,2391,0
rep3,1.2079,2392,0
rep3,1.2081,2393,0
rep3,1.2083,2394,0
rep3,1.2084,2395,0
rep3,1.2084,2396,0
rep3,1.2086,2397,0
rep3,1.2086,2398,0
rep3,1.2087,2399,0
rep3,1.2088,2400,0
rep3,1.2089,2401,0
rep3,1.2089,2402,0
rep3,1.209,2403,0
rep3,1.2092,2404,0
rep3,1.2093,2405,0
rep3,1.2093,2406,0
rep3,1.2095,2407,0
rep3,1.2095,2408,0
rep3,1.2095,2409,0
rep3,1.2096,2410,0
rep3,1.2096,2411,0
rep3,1.2097,2412,0
rep3,1.2097,2413,0
rep3,1.2098,2414,0
rep3,1.2098,2415,0
rep3,1.21,2416,0
rep3,1.2101,2417,0
rep3,1.2101,2418,0
rep3,1.2102,2419,0
rep3,1.2103,2420,0
rep3,1.2104,2421,0
rep3,1.2105,2422,0
rep3,1.2105,2423,0
rep3,1.2105,2424,0
rep3,1.2106,2425,0
rep3,1.2106,2426,0
rep3,1.2107,2427,0
rep3,1.2108,2428,0
rep3,1.2109,2429,0
rep3,1.2111,2430,0
rep3,1.2111,2431,0
rep3,1.2111,2432,0
rep3,1.2112,2433,0
rep3,1.2112,2434,0
rep3,1.2113,2435,0
rep3,1.2113,2436,0
rep3,1.2114,2437,0
rep3,1.2114,2438,0
rep3,1.2114,2439,0
rep3,1.2115,2440,0
rep3,1.2116,2441,0
rep3,1.2117,2442,0
rep3,1.2118,2443,0
rep3,1.2119,2444,0
rep3,1.2119,2445,0
rep3,1.212,2446,0
rep3,1.2121,2447,0
rep3,1.2121,2448,0
rep3,1.2122,2449,0
rep3,1.2124,2450,0
rep3,1.2124,2451,0
rep3,1.2124,2452,0
rep3,1.2125,2453,0
rep3,1.2126,2454,0
rep3,1.2126,2455,0
rep3,1.2129,2456,0
rep3,1.213,2457,0
rep3,1.213,2458,0
rep3,1.2131,2459,0
rep3,1.2132,2460,0
rep3,1.2133,2461,0
rep3,1.2133,2462,0
rep3,1.2134,2463,0
rep3,1.2134,2464,0
rep3,1.2134,2465,0
rep3,1.2135,2466,0
rep3,1.2135,2467,0
rep3,1.2136,2468,0
rep3,1.2136,2469,0
rep3,1.2137,2470,0
rep3,1.2138,2471,0
rep3,1.2139,2472,0
rep3,1.214,2473,0
rep3,1.214,2474,0
rep3,1.214,2475,0
rep3,1.2141,2476,0
rep3,1.2142,2477,0
rep3,1.2142,2478,0
rep3,1.2143,2479,0
rep3,1.2143,2480,0
rep3,1.2144,2481,0
rep3,1.2145,2482,0
rep3,1.2145,2483,0
rep3,1.2146,2484,0
rep3,1.2147,2485,0
rep3,1.2148,2486,0
rep3,1.2149,2487,0
rep3,1.215,2488,0
rep3,1.215,2489,0
rep3,1.215,2490,0
rep3,1.2151,2491,0
rep3,1.2151,2492,0
rep3,1.2153,2493,0
rep3,1.2154,2494,0
rep3,1.2155,2495,0
rep3,1.2155,2496,0
rep3,1.2156,2497,0
rep3,1.2156,2498,0
rep3,1.2157,2499,0
rep3,1.2158,2500,0
rep3,1.2158,2501,0
rep3,1.2159,2502,0
rep3,1.2159,2503,0
rep3,1.2159,2504,0
rep3,1.216,2505,0
rep3,1.216,2506,0
rep3,1.2161,2507,0
rep3,1.2162,2508,0
rep3,1.2163,2509,0
rep3,1.2163,2510,0
rep3,1.2164,2511,0
rep3,1.2165,2512,0
rep3,1.2167,2513,0
rep3,1.2167,2514,0
rep3,1.2168,2515,0
rep3,1.2169,2516,0
rep3,1.2169,2517,0
rep3,1.2171,2518,0
rep3,1.2171,2519,0
rep3,1.2172,2520,0
rep3,1.2176,2521,0
rep3,1.2177,2522,0
rep3,1.2177,2523,0
rep3,1.2178,2524,0
rep3,1.2179,2525,0
rep3,1.2179,2526,0
rep3,1.2181,2527,0
rep3,1.2182,2528,0
rep3,1.2182,2529,0
rep3,1.2183,2530,0
rep3,1.2183,2531,0
rep3,1.2184,2532,0
rep3,1.2187,2533,0
rep3,1.2187,2534,0
rep3,1.2188,2535,0
rep3,1.2188,2536,0
rep3,1.2188,2537,0
rep3,1.219,2538,0
rep3,1.219,2539,0
rep3,1.2191,2540,0
rep3,1.2191,2541,0
rep3,1.2191,2542,0
rep3,1.2192,2543,0
rep3,1.2192,2544,0
rep3,1.2192,2545,0
rep3,1.2192,2546,0
rep3,1.2193,2547,0
rep3,1.2193,2548,0
rep3,1.2194,2549,0
rep3,1.2194,2550,0
rep3,1.2194,2551,0
rep3,1.2195,2552,0
rep3,1.2196,2553,0
rep3,1.2196,2554,0
rep3,1.2198,2555,0
rep3,1.2198,2556,0
rep3,1.22,2557,0
rep3,1.2201,2558,0
rep3,1.2201,2559,0
rep3,1.2202,2560,0
rep3,1.2202,2561,0
rep3,1.2202,2562,0
rep3,1.2203,2563,0
rep3,1.2204,2564,0
rep3,1.2204,2565,0
rep3,1.2205,2566,0
rep3,1.2206,2567,0
rep3,1.2206,2568,0
rep3,1.2207,2569,0
rep3,1.2207,2570,0
rep3,1.2209,2571,0
rep3,1.2209,2572,0
rep3,1.2209,2573,0
rep3,1.221,2574,0
rep3,1.221,2575,0
rep3,1.221,2576,0
rep3,1.221,2577,0
rep3,1.221,2578,0
rep3,1.2211,2579,0
rep3,1.2211,2580,0
rep3,1.2211,2581,0
rep3,1.2211,2582,0
rep3,1.2212,2583,0
rep3,1.2212,2584,0
rep3,1.2212,2585,0
rep3,1.2213,2586,0
rep3,1.2213,2587,0
rep3,1.2214,2588,0
rep3,1.2214,2589,0
rep3,1.2215,2590,0
rep3,1.2215,2591,0
rep3,1.2215,2592,0
rep3,1.2215,2593,0
rep3,1.2216,2594,0
rep3,1.2216,2595,0
rep3,1.2217,2596,0
rep3,1.2217,2597,0
rep3,1.2217,2598,0
rep3,1.2217,2599,0
rep3,1.2221,2600,0
rep3,1.2221,2601,0
rep3,1.2221,2602,0
rep3,1.2222,2603,0
rep3,1.2223,2604,0
rep3,1.2223,2605,0
rep3,1.2224,2606,0
rep3,1.2224,2607,0
rep3,1.2224,2608,0
rep3,1.2224,2609,0
rep3,1.2225,2610,0
rep3,1.2226,2611,0
rep3,1.2226,2612,0
rep3,1.2227,2613,0
rep3,1.2228,2614,0
rep3,1.2228,2615,0
rep3,1.2229,2616,0
rep3,1.2229,2617,0
rep3,1.2229,2618,0
rep3,1.2229,2619,0
rep3,1.223,2620,0
rep3,1.2231,2621,0
rep3,1.2231,2622,0
rep3,1.2231,2623,0
rep3,1.2232,2624,0
rep3,1.2232,2625,0
rep3,1.2233,2626,0
rep3,1.2234,2627,0
rep3,1.2237,2628,0
rep3,1.2238,2629,0
rep3,1.2238,2630,0
rep3,1.224,2631,0
rep3,1.2241,2632,0
rep3,1.2242,2633,0
rep3,1.2242,2634,0
rep3,1.2244,2635,0
rep3,1.2244,2636,0
rep3,1.2245,2637,0
rep3,1.2245,2638,0
rep3,1.2245,2639,0
rep3,1.2246,2640,0
rep3,1.2246,2641,0
rep3,1.2248,2642,0
rep3,1.2248,2643,0
rep3,1.225,2644,0
rep3,1.2252,2645,0
rep3,1.2252,2646,0
rep3,1.2254,2647,0
rep3,1.2254,2648,0
rep3,1.2254,2649,0
rep3,1.2254,2650,0
rep3,1.2255,2651,0
rep3,1.2255,2652,0
rep3,1.2256,2653,0
rep3,1.2257,2654,0
rep3,1.2259,2655,0
rep3,1.2262,2656,0
rep3,1.2264,2657,0
rep3,1.2264,2658,0
rep3,1.2265,2659,0
rep3,1.2266,2660,0
rep3,1.2266,2661,0
rep3,1.2268,2662,0
rep3,1.2268,2663,0
rep3,1.2268,2664,0
rep3,1.2271,2665,0
rep3,1.2271,2666,0
rep3,1.2272,2667,0
rep3,1.2273,2668,0
rep3,1.2273,2669,0
rep3,1.2274,2670,0
rep3,1.2274,2671,0
rep3,1.2275,2672,0
rep3,1.2275,2673,0
rep3,1.2275,2674,0
rep3,1.2275,2675,0
rep3,1.2276,2676,0
rep3,1.2277,2677,0
rep3,1.2277,2678,0
rep3,1.2277,2679,0
rep3,1.2278,2680,0
rep3,1.2278,2681,0
rep3,1.2278,2682,0
rep3,1.2279,2683,0
rep3,1.2279,2684,0
rep3,1.228,2685,0
rep3,1.2281,2686,0
rep3,1.2281,2687,0
rep3,1.2283,2688,0
rep3,1.2286,2689,0
rep3,1.2286,2690,0
rep3,1.2287,2691,0
rep3,1.2287,2692,0
rep3,1.2288,2693,0
rep3,1.2289,2694,0
rep3,1.2289,2695,0
rep3,1.2289,2696,0
rep3,1.2291,2697,0
rep3,1.2292,2698,0
rep3,1.2292,2699,0
rep3,1.2292,2700,0
rep3,1.2293,2701,0
rep3,1.2293,2702,0
rep3,1.2293,2703,0
rep3,1.2295,2704,0
rep3,1.2295,2705,0
rep3,1.2296,2706,0
rep3,1.2296,2707,0
rep3,1.2297,2708,0
rep3,1.2298,2709,0
rep3,1.2299,2710,0
rep3,1.2299,2711,0
rep3,1.2299,2712,0
rep3,1.23,2713,0
rep3,1.23,2714,0
rep3,1.2301,2715,0
rep3,1.2303,2716,0
rep3,1.2304,2717,0
rep3,1.2304,2718,0
rep3,1.2305,2719,0
rep3,1.2306,2720,0
rep3,1.2307,2721,0
rep3,1.2307,2722,0
rep3,1.2308,2723,0
rep3,1.2308,2724,0
rep3,1.2309,2725,0
rep3,1.2309,2726,0
rep3,1.231,2727,0
rep3,1.231,2728,0
rep3,1.231,2729,0
rep3,1.231,2730,0
rep3,1.231,2731,0
rep3,1.231,2732,0
rep3,1.2312,2733,0
rep3,1.2313,2734,0
rep3,1.2313,2735,0
rep3,1.2315,2736,0
rep3,1.2315,2737,0
rep3,1.2316,2738,0
rep3,1.2316,2739,0
rep3,1.2316,2740,0
rep3,1.2317,2741,0
rep3,1.2317,2742,0
rep3,1.2318,2743,0
rep3,1.2318,2744,0
rep3,1.2318,2745,0
rep3,1.2318,2746,0
rep3,1.2319,2747,0
rep3,1.232,2748,0
rep3,1.2321,2749,0
rep3,1.2322,2750,0
rep3,1.2323,2751,0
rep3,1.2324,2752,0
rep3,1.2325,2753,0
rep3,1.2326,2754,0
rep3,1.2326,2755,0
rep3,1.2326,2756,0
rep3,1.2327,2757,0
rep3,1.2327,2758,0
rep3,1.2327,2759,0
rep3,1.2328,2760,0
rep3,1.2328,2761,0
rep3,1.233,2762,0
rep3,1.233,2763,0
rep3,1.233,2764,0
rep3,1.2331,2765,0
rep3,1.2333,2766,0
rep3,1.2333,2767,0
rep3,1.2334,2768,0
rep3,1.2334,2769,0
rep3,1.2335,2770,0
rep3,1.2338,2771,0
rep3,1.2338,2772,0
rep3,1.2338,2773,0
rep3,1.2339,2774,0
rep3,1.234,2775,0
rep3,1.234,2776,0
rep3,1.234,2777,0
rep3,1.234,2778,0
rep3,1.234,2779,0
rep3,1.2341,2780,0
rep3,1.2341,2781,0
rep3,1.2341,2782,0
rep3,1.2342,2783,0
rep3,1.2342,2784,0
rep3,1.2343,2785,0
rep3,1.2346,2786,0
rep3,1.2349,2787,0
rep3,1.2349,2788,0
rep3,1.2352,2789,0
rep3,1.2353,2790,0
rep3,1.2353,2791,0
rep3,1.2353,2792,0
rep3,1.2355,2793,0
rep3,1.2357,2794,0
rep3,1.2357,2795,0
rep3,1.2359,2796,0
rep3,1.2359,2797,0
rep3,1.236,2798,0
rep3,1.2362,2799,0
rep3,1.2363,2800,0
rep3,1.2364,2801,0
rep3,1.2364,2802,0
rep3,1.2365,2803,0
rep3,1.2365,2804,0
rep3,1.2366,2805,0
rep3,1.2366,2806,0
rep3,1.2366,2807,0
rep3,1.2366,2808,0
rep3,1.2367,2809,0
rep3,1.2367,2810,0
rep3,1.2367,2811,0
rep3,1.237,2812,0
rep3,1.237,2813,0
rep3,1.2371,2814,0
rep3,1.2372,2815,0
rep3,1.2373,2816,0
rep3,1.2375,2817,0
rep3,1.2376,2818,0
rep3,1.2376,2819,0
rep3,1.2377,2820,0
rep3,1.2378,2821,0
rep3,1.2378,2822,0
rep3,1.2379,2823,0
rep3,1.238,2824,0
rep3,1.2383,2825,0
rep3,1.2384,2826,0
rep3,1.2384,2827,0
rep3,1.2385,2828,0
rep3,1.2385,2829,0
rep3,1.2386,2830,0
rep3,1.2387,2831,0
rep3,1.2391,2832,0
rep3,1.2392,2833,0
rep3,1.2393,2834,0
rep3,1.2396,2835,0
rep3,1.2397,2836,0
rep3,1.2398,2837,0
rep3,1.2398,2838,0
rep3,1.2399,2839,0
rep3,1.2399,2840,0
rep3,1.24,2841,0
rep3,1.24,2842,0
rep3,1.24,2843,0
rep3,1.2401,2844,0
rep3,1.2402,2845,0
rep3,1.2402,2846,0
rep3,1.2402,2847,0
rep3,1.2403,2848,0
rep3,1.2403,2849,0
rep3,1.2404,2850,0
rep3,1.2405,2851,0
rep3,1.2405,2852,0
rep3,1.2406,2853,0
rep3,1.2408,2854,0
rep3,1.2408,2855,0
rep3,1.2408,2856,0
rep3,1.2409,2857,0
rep3,1.2409,2858,0
rep3,1.241,2859,0
rep3,1.2414,2860,0
rep3,1.2414,2861,0
rep3,1.2414,2862,0
rep3,1.2415,2863,0
rep3,1.2415,2864,0
rep3,1.2415,2865,0
rep3,1.2416,2866,0
rep3,1.2416,2867,0
rep3,1.2417,2868,0
rep3,1.2419,2869,0
rep3,1.2419,2870,0
rep3,1.242,2871,0
rep3,1.242,2872,0
rep3,1.242,2873,0
rep3,1.2423,2874,0
rep3,1.2423,2875,0
rep3,1.2424,2876,0
rep3,1.2424,2877,0
rep3,1.2426,2878,0
rep3,1.2426,2879,0
rep3,1.2426,2880,0
rep3,1.2427,2881,0
rep3,1.2429,2882,0
rep3,1.243,2883,0
rep3,1.243,2884,0
rep3,1.243,2885,0
rep3,1.2431,2886,0
rep3,1.2432,2887,0
rep3,1.2432,2888,0
rep3,1.2433,2889,0
rep3,1.2438,2890,0
rep3,1.2439,2891,0
rep3,1.2439,2892,0
rep3,1.2439,2893,0
rep3,1.2439,2894,0
rep3,1.244,2895,0
rep3,1.2441,2896,0
rep3,1.2442,2897,0
rep3,1.2443,2898,0
rep3,1.2444,2899,0
rep3,1.2444,2900,0
rep3,1.2447,2901,0
rep3,1.2447,2902,0
rep3,1.2447,2903,0
rep3,1.2448,2904,0
rep3,1.2448,2905,0
rep3,1.2449,2906,0
rep3,1.245,2907,0
rep3,1.2451,2908,0
rep3,1.2451,2909,0
rep3,1.2451,2910,0
rep3,1.2452,2911,0
rep3,1.2453,2912,0
rep3,1.2453,2913,0
rep3,1.2454,2914,0
rep3,1.2454,2915,0
rep3,1.2455,2916,0
rep3,1.2455,2917,0
rep3,1.2455,2918,0
rep3,1.2456,2919,0
rep3,1.2457,2920,0
rep3,1.2458,2921,0
rep3,1.2459,2922,0
rep3,1.2459,2923,0
rep3,1.2459,2924,0
rep3,1.2462,2925,0
rep3,1.2463,2926,0
rep3,1.2464,2927,0
rep3,1.2466,2928,0
rep3,1.2466,2929,0
rep3,1.2467,2930,0
rep3,1.2468,2931,0
rep3,1.2468,2932,0
rep3,1.2469,2933,0
rep3,1.2469,2934,0
rep3,1.2469,2935,0
rep3,1.247,2936,0
rep3,1.247,2937,0
rep3,1.247,2938,0
rep3,1.2471,2939,0
rep3,1.2472,2940,0
rep3,1.2472,2941,0
rep3,1.2473,2942,0
rep3,1.2475,2943,0
rep3,1.2475,2944,0
rep3,1.2475,2945,0
rep3,1.2476,2946,0
rep3,1.2476,2947,0
rep3,1.2476,2948,0
rep3,1.2478,2949,0
rep3,1.2478,2950,0
rep3,1.248,2951,0
rep3,1.248,2952,0
rep3,1.248,2953,0
rep3,1.248,2954,0
rep3,1.2482,2955,0
rep3,1.2483,2956,0
rep3,1.2483,2957,0
rep3,1.2483,2958,0
rep3,1.2484,2959,0
rep3,1.2484,2960,0
rep3,1.2484,2961,0
rep3,1.2485,2962,0
rep3,1.2486,2963,0
rep3,1.2486,2964,0
rep3,1.2487,2965,0
rep3,1.2489,2966,0
rep3,1.2489,2967,0
rep3,1.249,2968,0
rep3,1.249,2969,0
rep3,1.249,2970,0
rep3,1.2491,2971,0
rep3,1.2492,2972,0
rep3,1.2493,2973,0
rep3,1.2493,2974,0
rep3,1.2493,2975,0
rep3,1.2494,2976,0
rep3,1.2494,2977,0
rep3,1.2495,2978,0
rep3,1.2495,2979,0
rep3,1.2495,2980,0
rep3,1.2495,2981,0
rep3,1.2496,2982,0
rep3,1.2498,2983,0
rep3,1.2498,2984,0
rep3,1.2499,2985,0
rep3,1.2499,2986,0
rep3,1.25,2987,0
rep3,1.25,2988,0
rep3,1.25,2989,0
rep3,1.2502,2990,0
rep3,1.2502,2991,0
rep3,1.2503,2992,0
rep3,1.2504,2993,0
rep3,1.2505,2994,0
rep3,1.2508,2995,0
rep3,1.2509,2996,0
rep3,1.251,2997,0
rep3,1.2511,2998,0
rep3,1.2511,2999,0
rep3,1.2511,3000,0
rep3,1.2512,3001,0
rep3,1.2513,3002,0
rep3,1.2515,3003,0
rep3,1.2516,3004,0
rep3,1.2516,3005,0
rep3,1.2516,3006,0
rep3,1.2516,3007,0
rep3,1.2518,3008,0
rep3,1.2518,3009,0
rep3,1.2519,3010,0
rep3,1.2519,3011,0
rep3,1.252,3012,0
rep3,1.2522,3013,0
rep3,1.2522,3014,0
rep3,1.2523,3015,0
rep3,1.2523,3016,0
rep3,1.2524,3017,0
rep3,1.2525,3018,0
rep3,1.2525,3019,0
rep3,1.2525,3020,0
rep3,1.2526,3021,0
rep3,1.2526,3022,0
rep3,1.2526,3023,0
rep3,1.2527,3024,0
rep3,1.2528,3025,0
rep3,1.2528,3026,0
rep3,1.2529,3027,0
rep3,1.2529,3028,0
rep3,1.253,3029,0
rep3,1.253,3030,0
rep3,1.2531,3031,0
rep3,1.2532,3032,0
rep3,1.2533,3033,0
rep3,1.2534,3034,0
rep3,1.2534,3035,0
rep3,1.2534,3036,0
rep3,1.2534,3037,0
rep3,1.2535,3038,0
rep3,1.2535,3039,0
rep3,1.2535,3040,0
rep3,1.2536,3041,0
rep3,1.2537,3042,0
rep3,1.2537,3043,0
rep3,1.2537,3044,0
rep3,1.2537,3045,0
rep3,1.2538,3046,0
rep3,1.2538,3047,0
rep3,1.2538,3048,0
rep3,1.2539,3049,0
rep3,1.2539,3050,0
rep3,1.254,3051,0
rep3,1.2542,3052,0
rep3,1.2542,3053,0
rep3,1.2542,3054,0
rep3,1.2543,3055,0
rep3,1.2543,3056,0
rep3,1.2543,3057,0
rep3,1.2543,3058,0
rep3,1.2543,3059,0
rep3,1.2544,3060,0
rep3,1.2544,3061,0
rep3,1.2545,3062,0
rep3,1.2545,3063,0
rep3,1.2548,3064,0
rep3,1.2549,3065,0
rep3,1.255,3066,0
rep3,1.255,3067,0
rep3,1.255,3068,0
rep3,1.2551,3069,0
rep3,1.2551,3070,0
rep3,1.2552,3071,0
rep3,1.2555,3072,0
rep3,1.2555,3073,0
rep3,1.2556,3074,0
rep3,1.2557,3075,0
rep3,1.2557,3076,0
rep3,1.2557,3077,0
rep3,1.2558,3078,0
rep3,1.2558,3079,0
rep3,1.2559,3080,0
rep3,1.2559,3081,0
rep3,1.256,3082,0
rep3,1.256,3083,0
rep3,1.2561,3084,0
rep3,1.2561,3085,0
rep3,1.2561,3086,0
rep3,1.2563,3087,0
rep3,1.2563,3088,0
rep3,1.2564,3089,0
rep3,1.2564,3090,0
rep3,1.2565,3091,0
rep3,1.2566,3092,0
rep3,1.2567,3093,0
rep3,1.2567,3094,0
rep3,1.2568,3095,0
rep3,1.2569,3096,0
rep3,1.257,3097,0
rep3,1.2571,3098,0
rep3,1.2572,3099,0
rep3,1.2572,3100,0
rep3,1.2573,3101,0
rep3,1.2574,3102,0
rep3,1.2574,3103,0
rep3,1.2575,3104,0
rep3,1.2575,3105,0
rep3,1.2576,3106,0
rep3,1.2576,3107,0
rep3,1.2577,3108,0
rep3,1.2578,3109,0
rep3,1.2579,3110,0
rep3,1.258,3111,0
rep3,1.258,3112,0
rep3,1.2581,3113,0
rep3,1.2583,3114,0
rep3,1.2585,3115,0
rep3,1.2585,3116,0
rep3,1.2585,3117,0
rep3,1.2586,3118,0
rep3,1.2587,3119,0
rep3,1.2588,3120,0
rep3,1.2589,3121,0
rep3,1.2589,3122,0
rep3,1.2589,3123,0
rep3,1.259,3124,0
rep3,1.259,3125,0
rep3,1.2591,3126,0
rep3,1.2591,3127,0
rep3,1.2591,3128,0
rep3,1.2592,3129,0
rep3,1.2592,3130,0
rep3,1.2592,3131,0
rep3,1.2593,3132,0
rep3,1.2595,3133,0
rep3,1.2596,3134,0
rep3,1.2596,3135,0
rep3,1.2597,3136,0
rep3,1.2597,3137,0
rep3,1.2599,3138,0
rep3,1.26,3139,0
rep3,1.2601,3140,0
rep3,1.2601,3141,0
rep3,1.2601,3142,0
rep3,1.2602,3143,0
rep3,1.2602,3144,0
rep3,1.2603,3145,0
rep3,1.2603,3146,0
rep3,1.2603,3147,0
rep3,1.2604,3148,0
rep3,1.2604,3149,0
rep3,1.2604,3150,0
rep3,1.2605,3151,0
rep3,1.2606,3152,0
rep3,1.2606,3153,0
rep3,1.2606,3154,0
rep3,1.2607,3155,0
rep3,1.2607,3156,0
rep3,1.2608,3157,0
rep3,1.2609,3158,0
rep3,1.2609,3159,0
rep3,1.261,3160,0
rep3,1.261,3161,0
rep3,1.261,3162,0
rep3,1.2611,3163,0
rep3,1.2612,3164,0
rep3,1.2612,3165,0
rep3,1.2612,3166,0
rep3,1.2614,3167,0
rep3,1.2614,3168,0
rep3,1.2615,3169,0
rep3,1.2616,3170,0
rep3,1.2616,3171,0
rep3,1.2617,3172,0
rep3,1.262,3173,0
rep3,1.2621,3174,0
rep3,1.2622,3175,0
rep3,1.2622,3176,0
rep3,1.2623,3177,0
rep3,1.2623,3178,0
rep3,1.2624,3179,0
rep3,1.2625,3180,0
rep3,1.2625,3181,0
rep3,1.2629,3182,0
rep3,1.2629,3183,0
rep3,1.263,3184,0
rep3,1.2631,3185,0
rep3,1.2631,3186,0
rep3,1.2632,3187,0
rep3,1.2632,3188,0
rep3,1.2633,3189,0
rep3,1.2633,3190,0
rep3,1.2634,3191,0
rep3,1.2634,3192,0
rep3,1.2634,3193,0
rep3,1.2635,3194,0
rep3,1.2635,3195,0
rep3,1.2636,3196,0
rep3,1.2636,3197,0
rep3,1.2637,3198,0
rep3,1.2637,3199,0
rep3,1.2637,3200,0
rep3,1.2638,3201,0
rep3,1.2638,3202,0
rep3,1.2639,3203,0
rep3,1.2639,3204,0
rep3,1.2639,3205,0
rep3,1.2639,3206,0
rep3,1.2639,3207,0
rep3,1.264,3208,0
rep3,1.2641,3209,0
rep3,1.2641,3210,0
rep3,1.2643,3211,0
rep3,1.2643,3212,0
rep3,1.2646,3213,0
rep3,1.2647,3214,0
rep3,1.2648,3215,0
rep3,1.2649,3216,0
rep3,1.265,3217,0
rep3,1.2651,3218,0
rep3,1.2652,3219,0
rep3,1.2653,3220,0
rep3,1.2653,3221,0
rep3,1.2653,3222,0
rep3,1.2654,3223,0
rep3,1.2655,3224,0
rep3,1.2657,3225,0
rep3,1.2657,3226,0
rep3,1.2658,3227,0
rep3,1.2659,3228,0
rep3,1.2659,3229,0
rep3,1.266,3230,0
rep3,1.266,3231,0
rep3,1.266,3232,0
rep3,1.2662,3233,0
rep3,1.2664,3234,0
rep3,1.2665,3235,0
rep3,1.2665,3236,0
rep3,1.2665,3237,0
rep3,1.2665,3238,0
rep3,1.2666,3239,0
rep3,1.2667,3240,0
rep3,1.2668,3241,0
rep3,1.2669,3242,0
rep3,1.2669,3243,0
rep3,1.267,3244,0
rep3,1.2671,3245,0
rep3,1.2671,3246,0
rep3,1.2672,3247,0
rep3,1.2673,3248,0
rep3,1.2675,3249,0
rep3,1.2675,3250,0
rep3,1.2676,3251,0
rep3,1.2676,3252,0
rep3,1.2677,3253,0
rep3,1.2677,3254,0
rep3,1.2677,3255,0
rep3,1.2677,3256,0
rep3,1.2677,3257,0
rep3,1.2679,3258,0
rep3,1.2679,3259,0
rep3,1.268,3260,0
rep3,1.268,3261,0
rep3,1.268,3262,0
rep3,1.2681,3263,0
rep3,1.2682,3264,0
rep3,1.2683,3265,0
rep3,1.2684,3266,0
rep3,1.2685,3267,0
rep3,1.2686,3268,0
rep3,1.2686,3269,0
rep3,1.2686,3270,0
rep3,1.2687,3271,0
rep3,1.2688,3272,0
rep3,1.2691,3273,0
rep3,1.2694,3274,0
rep3,1.2695,3275,0
rep3,1.2695,3276,0
rep3,1.2695,3277,0
rep3,1.2696,3278,0
rep3,1.2696,3279,0
rep3,1.2697,3280,0
rep3,1.2698,3281,0
rep3,1.2698,3282,0
rep3,1.27,3283,0
rep3,1.2701,3284,0
rep3,1.2701,3285,0
rep3,1.2701,3286,0
rep3,1.2702,3287,0
rep3,1.2702,3288,0
rep3,1.2702,3289,0
rep3,1.2702,3290,0
rep3,1.2703,3291,0
rep3,1.2703,3292,0
rep3,1.2704,3293,0
rep3,1.2704,3294,0
rep3,1.2706,3295,0
rep3,1.2706,3296,0
rep3,1.2706,3297,0
rep3,1.2707,3298,0
rep3,1.2708,3299,0
rep3,1.2709,3300,0
rep3,1.2712,3301,0
rep3,1.2712,3302,0
rep3,1.2712,3303,0
rep3,1.2713,3304,0
rep3,1.2714,3305,0
rep3,1.2714,3306,0
rep3,1.2717,3307,0
rep3,1.2717,3308,0
rep3,1.2717,3309,0
rep3,1.272,3310,0
rep3,1.272,3311,0
rep3,1.272,3312,0
rep3,1.272,3313,0
rep3,1.2722,3314,0
rep3,1.2723,3315,0
rep3,1.2726,3316,0
rep3,1.2726,3317,0
rep3,1.273,3318,0
rep3,1.273,3319,0
rep3,1.2731,3320,0
rep3,1.2735,3321,0
rep3,1.2738,3322,0
rep3,1.2738,3323,0
rep3,1.2739,3324,0
rep3,1.2739,3325,0
rep3,1.274,3326,0
rep3,1.274,3327,0
rep3,1.2741,3328,0
rep3,1.2744,3329,0
rep3,1.2744,3330,0
rep3,1.2745,3331,0
rep3,1.2746,3332,0
rep3,1.2746,3333,0
rep3,1.2747,3334,0
rep3,1.2749,3335,0
rep3,1.2749,3336,0
rep3,1.275,3337,0
rep3,1.275,3338,0
rep3,1.2752,3339,0
rep3,1.2752,3340,0
rep3,1.2752,3341,0
rep3,1.2753,3342,0
rep3,1.2755,3343,0
rep3,1.2755,3344,0
rep3,1.2755,3345,0
rep3,1.2756,3346,0
rep3,1.2757,3347,0
rep3,1.2758,3348,0
rep3,1.2758,3349,0
rep3,1.276,3350,0
rep3,1.276,3351,0
rep3,1.2761,3352,0
rep3,1.2762,3353,0
rep3,1.2762,3354,0
rep3,1.2764,3355,0
rep3,1.2765,3356,0
rep3,1.2765,3357,0
rep3,1.2766,3358,0
rep3,1.2767,3359,0
rep3,1.2767,3360,0
rep3,1.2768,3361,0
rep3,1.2769,3362,0
rep3,1.277,3363,0
rep3,1.2771,3364,0
rep3,1.2773,3365,0
rep3,1.2774,3366,0
rep3,1.2775,3367,0
rep3,1.2776,3368,0
rep3,1.2777,3369,0
rep3,1.2778,3370,0
rep3,1.2779,3371,0
rep3,1.2779,3372,0
rep3,1.278,3373,0
rep3,1.2781,3374,0
rep3,1.2782,3375,0
rep3,1.2785,3376,0
rep3,1.2785,3377,0
rep3,1.2785,3378,0
rep3,1.2786,3379,0
rep3,1.2787,3380,0
rep3,1.2789,3381,0
rep3,1.2789,3382,0
rep3,1.279,3383,0
rep3,1.279,3384,0
rep3,1.2792,3385,0
rep3,1.2793,3386,0
rep3,1.2793,3387,0
rep3,1.2795,3388,0
rep3,1.2796,3389,0
rep3,1.2797,3390,0
rep3,1.2797,3391,0
rep3,1.2798,3392,0
rep3,1.2801,3393,0
rep3,1.2801,3394,0
rep3,1.2801,3395,0
rep3,1.2802,3396,0
rep3,1.2805,3397,0
rep3,1.2806,3398,0
rep3,1.2806,3399,0
rep3,1.2806,3400,0
rep3,1.2807,3401,0
rep3,1.2809,3402,0
rep3,1.2812,3403,0
rep3,1.2812,3404,0
rep3,1.2813,3405,0
rep3,1.2817,3406,0
rep3,1.2817,3407,0
rep3,1.2818,3408,0
rep3,1.2818,3409,0
rep3,1.2819,3410,0
rep3,1.2819,3411,0
rep3,1.2821,3412,0
rep3,1.2823,3413,0
rep3,1.2823,3414,0
rep3,1.2825,3415,0
rep3,1.2825,3416,0
rep3,1.2825,3417,0
rep3,1.2825,3418,0
rep3,1.2826,3419,0
rep3,1.2827,3420,0
rep3,1.2827,3421,0
rep3,1.2828,3422,0
rep3,1.2829,3423,0
rep3,1.2829,3424,0
rep3,1.283,3425,0
rep3,1.2831,3426,0
rep3,1.2831,3427,0
rep3,1.2831,3428,0
rep3,1.2832,3429,0
rep3,1.2833,3430,0
rep3,1.2833,3431,0
rep3,1.2833,3432,0
rep3,1.2834,3433,0
rep3,1.2834,3434,0
rep3,1.2835,3435,0
rep3,1.2835,3436,0
rep3,1.2836,3437,0
rep3,1.2839,3438,0
rep3,1.2841,3439,0
rep3,1.2841,3440,0
rep3,1.2842,3441,0
rep3,1.2843,3442,0
rep3,1.2845,3443,0
rep3,1.2847,3444,0
rep3,1.2847,3445,0
rep3,1.2848,3446,0
rep3,1.2849,3447,0
rep3,1.2849,3448,0
rep3,1.2849,3449,0
rep3,1.285,3450,0
rep3,1.2851,3451,0
rep3,1.2852,3452,0
rep3,1.2853,3453,0
rep3,1.2853,3454,0
rep3,1.2853,3455,0
rep3,1.2854,3456,0
rep3,1.2855,3457,0
rep3,1.2857,3458,0
rep3,1.2858,3459,0
rep3,1.2858,3460,0
rep3,1.2859,3461,0
rep3,1.286,3462,0
rep3,1.2861,3463,0
rep3,1.2862,3464,0
rep3,1.2862,3465,0
rep3,1.2863,3466,0
rep3,1.2863,3467,0
rep3,1.2863,3468,0
rep3,1.2863,3469,0
rep3,1.2863,3470,0
rep3,1.2864,3471,0
rep3,1.2864,3472,0
rep3,1.2865,3473,0
rep3,1.2866,3474,0
rep3,1.2866,3475,0
rep3,1.2866,3476,0
rep3,1.2867,3477,0
rep3,1.2868,3478,0
rep3,1.2868,3479,0
rep3,1.2868,3480,0
rep3,1.2869,3481,0
rep3,1.2871,3482,0
rep3,1.2873,3483,0
rep3,1.2877,3484,0
rep3,1.2877,3485,0
rep3,1.2877,3486,0
rep3,1.2877,3487,0
rep3,1.2879,3488,0
rep3,1.2879,3489,0
rep3,1.2879,3490,0
rep3,1.288,3491,0
rep3,1.288,3492,0
rep3,1.2881,3493,0
rep3,1.2882,3494,0
rep3,1.2882,3495,0
rep3,1.2884,3496,0
rep3,1.2886,3497,0
rep3,1.2886,3498,0
rep3,1.2887,3499,0
rep3,1.2888,3500,0
rep3,1.289,3501,0
rep3,1.2891,3502,0
rep3,1.2894,3503,0
rep3,1.2894,3504,0
rep3,1.2895,3505,0
rep3,1.2896,3506,0
rep3,1.2898,3507,0
rep3,1.2899,3508,0
rep3,1.2899,3509,0
rep3,1.2899,3510,0
rep3,1.2901,3511,0
rep3,1.2901,3512,0
rep3,1.2903,3513,0
rep3,1.2904,3514,0
rep3,1.2905,3515,0
rep3,1.2905,3516,0
rep3,1.2907,3517,0
rep3,1.2907,3518,0
rep3,1.2907,3519,0
rep3,1.2907,3520,0
rep3,1.2908,3521,0
rep3,1.2909,3522,0
rep3,1.2909,3523,0
rep3,1.2909,3524,0
rep3,1.2911,3525,0
rep3,1.2911,3526,0
rep3,1.2913,3527,0
rep3,1.2913,3528,0
rep3,1.2914,3529,0
rep3,1.2915,3530,0
rep3,1.2915,3531,0
rep3,1.2916,3532,0
rep3,1.2917,3533,0
rep3,1.2917,3534,0
rep3,1.2919,3535,0
rep3,1.2921,3536,0
rep3,1.2922,3537,0
rep3,1.2923,3538,0
rep3,1.2925,3539,0
rep3,1.2926,3540,0
rep3,1.2926,3541,0
rep3,1.2927,3542,0
rep3,1.2928,3543,0
rep3,1.2928,3544,0
rep3,1.2929,3545,0
rep3,1.293,3546,0
rep3,1.293,3547,0
rep3,1.2931,3548,0
rep3,1.2931,3549,0
rep3,1.2932,3550,0
rep3,1.2934,3551,0
rep3,1.2934,3552,0
rep3,1.2934,3553,0
rep3,1.2935,3554,0
rep3,1.2935,3555,0
rep3,1.2937,3556,0
rep3,1.2937,3557,0
rep3,1.2937,3558,0
rep3,1.2938,3559,0
rep3,1.2939,3560,0
rep3,1.2939,3561,0
rep3,1.294,3562,0
rep3,1.2944,3563,0
rep3,1.2944,3564,0
rep3,1.2944,3565,0
rep3,1.2946,3566,0
rep3,1.2947,3567,0
rep3,1.2947,3568,0
rep3,1.2948,3569,0
rep3,1.295,3570,0
rep3,1.295,3571,0
rep3,1.2951,3572,0
rep3,1.2952,3573,0
rep3,1.2952,3574,0
rep3,1.2953,3575,0
rep3,1.2953,3576,0
rep3,1.2955,3577,0
rep3,1.2956,3578,0
rep3,1.2956,3579,0
rep3,1.2956,3580,0
rep3,1.2961,3581,0
rep3,1.2961,3582,0
rep3,1.2963,3583,0
rep3,1.2964,3584,0
rep3,1.2965,3585,0
rep3,1.2967,3586,0
rep3,1.2967,3587,0
rep3,1.2968,3588,0
rep3,1.2968,3589,0
rep3,1.2969,3590,0
rep3,1.2969,3591,0
rep3,1.2971,3592,0
rep3,1.2972,3593,0
rep3,1.2972,3594,0
rep3,1.2972,3595,0
rep3,1.2973,3596,0
rep3,1.2973,3597,0
rep3,1.2974,3598,0
rep3,1.2975,3599,0
rep3,1.2976,3600,0
rep3,1.2978,3601,0
rep3,1.2978,3602,0
rep3,1.2979,3603,0
rep3,1.2979,3604,0
rep3,1.298,3605,0
rep3,1.2982,3606,0
rep3,1.2983,3607,0
rep3,1.2983,3608,0
rep3,1.2983,3609,0
rep3,1.2985,3610,0
rep3,1.2986,3611,0
rep3,1.2987,3612,0
rep3,1.2989,3613,0
rep3,1.2991,3614,0
rep3,1.2991,3615,0
rep3,1.2992,3616,0
rep3,1.2993,3617,0
rep3,1.2995,3618,0
rep3,1.2995,3619,0
rep3,1.2996,3620,0
rep3,1.2997,3621,0
rep3,1.2997,3622,0
rep3,1.2997,3623,0
rep3,1.2998,3624,0
rep3,1.2999,3625,0
rep3,1.3,3626,0
rep3,1.3001,3627,0
rep3,1.3004,3628,0
rep3,1.3004,3629,0
rep3,1.3004,3630,0
rep3,1.3004,3631,0
rep3,1.3005,3632,0
rep3,1.3005,3633,0
rep3,1.3006,3634,0
rep3,1.3007,3635,0
rep3,1.3008,3636,0
rep3,1.3009,3637,0
rep3,1.3011,3638,0
rep3,1.3014,3639,0
rep3,1.3014,3640,0
rep3,1.3017,3641,0
rep3,1.3017,3642,0
rep3,1.3018,3643,0
rep3,1.302,3644,0
rep3,1.3021,3645,0
rep3,1.3023,3646,0
rep3,1.3024,3647,0
rep3,1.3025,3648,0
rep3,1.3027,3649,0
rep3,1.3027,3650,0
rep3,1.3028,3651,0
rep3,1.3029,3652,0
rep3,1.303,3653,0
rep3,1.3032,3654,0
rep3,1.3032,3655,0
rep3,1.3034,3656,0
rep3,1.3034,3657,0
rep3,1.3035,3658,0
rep3,1.3036,3659,0
rep3,1.3036,3660,0
rep3,1.3038,3661,0
rep3,1.3039,3662,0
rep3,1.304,3663,0
rep3,1.304,3664,0
rep3,1.3041,3665,0
rep3,1.3041,3666,0
rep3,1.3041,3667,0
rep3,1.3042,3668,0
rep3,1.3043,3669,0
rep3,1.3044,3670,0
rep3,1.3044,3671,0
rep3,1.3045,3672,0
rep3,1.3045,3673,0
rep3,1.3048,3674,0
rep3,1.3048,3675,0
rep3,1.3048,3676,0
rep3,1.3049,3677,0
rep3,1.3049,3678,0
rep3,1.305,3679,0
rep3,1.305,3680,0
rep3,1.305,3681,0
rep3,1.305,3682,0
rep3,1.3051,3683,0
rep3,1.3052,3684,0
rep3,1.3054,3685,0
rep3,1.3054,3686,0
rep3,1.3054,3687,0
rep3,1.3055,3688,0
rep3,1.3055,3689,0
rep3,1.3055,3690,0
rep3,1.3056,3691,0
rep3,1.3057,3692,0
rep3,1.3059,3693,0
rep3,1.3059,3694,0
rep3,1.306,3695,0
rep3,1.306,3696,0
rep3,1.3061,3697,0
rep3,1.3061,3698,0
rep3,1.3063,3699,0
rep3,1.3063,3700,0
rep3,1.3064,3701,0
rep3,1.3065,3702,0
rep3,1.3066,3703,0
rep3,1.3066,3704,0
rep3,1.3068,3705,0
rep3,1.3069,3706,0
rep3,1.307,3707,0
rep3,1.307,3708,0
rep3,1.3071,3709,0
rep3,1.3072,3710,0
rep3,1.3072,3711,0
rep3,1.3074,3712,0
rep3,1.3075,3713,0
rep3,1.3075,3714,0
rep3,1.3075,3715,0
rep3,1.3076,3716,0
rep3,1.3081,3717,0
rep3,1.3083,3718,0
rep3,1.3084,3719,0
rep3,1.3085,3720,0
rep3,1.3086,3721,0
rep3,1.3086,3722,0
rep3,1.3087,3723,0
rep3,1.3088,3724,0
rep3,1.3089,3725,0
rep3,1.309,3726,0
rep3,1.309,3727,0
rep3,1.3091,3728,0
rep3,1.3092,3729,0
rep3,1.3094,3730,0
rep3,1.3095,3731,0
rep3,1.3095,3732,0
rep3,1.3096,3733,0
rep3,1.3097,3734,0
rep3,1.31,3735,0
rep3,1.31,3736,0
rep3,1.3101,3737,0
rep3,1.3101,3738,0
rep3,1.3102,3739,0
rep3,1.3102,3740,0
rep3,1.3104,3741,0
rep3,1.3104,3742,0
rep3,1.3105,3743,0
rep3,1.3105,3744,0
rep3,1.3107,3745,0
rep3,1.3108,3746,0
rep3,1.3109,3747,0
rep3,1.311,3748,0
rep3,1.311,3749,0
rep3,1.3113,3750,0
rep3,1.3113,3751,0
rep3,1.3117,3752,0
rep3,1.3117,3753,0
rep3,1.3117,3754,0
rep3,1.3119,3755,0
rep3,1.3119,3756,0
rep3,1.3122,3757,0
rep3,1.3122,3758,0
rep3,1.3122,3759,0
rep3,1.3123,3760,0
rep3,1.3124,3761,0
rep3,1.3125,3762,0
rep3,1.3125,3763,0
rep3,1.3127,3764,0
rep3,1.3128,3765,0
rep3,1.3128,3766,0
rep3,1.3128,3767,0
rep3,1.3129,3768,0
rep3,1.3131,3769,0
rep3,1.3133,3770,0
rep3,1.3133,3771,0
rep3,1.3134,3772,0
rep3,1.3134,3773,0
rep3,1.3136,3774,0
rep3,1.3137,3775,0
rep3,1.3139,3776,0
rep3,1.3139,3777,0
rep3,1.3143,3778,0
rep3,1.3145,3779,0
rep3,1.3147,3780,0
rep3,1.3147,3781,0
rep3,1.3149,3782,0
rep3,1.3149,3783,0
rep3,1.315,3784,0
rep3,1.3151,3785,0
rep3,1.3152,3786,0
rep3,1.3152,3787,0
rep3,1.3152,3788,0
rep3,1.3153,3789,0
rep3,1.3154,3790,0
rep3,1.3155,3791,0
rep3,1.3156,3792,0
rep3,1.3156,3793,0
rep3,1.3157,3794,0
rep3,1.3158,3795,0
rep3,1.3159,3796,0
rep3,1.3159,3797,0
rep3,1.316,3798,0
rep3,1.316,3799,0
rep3,1.3162,3800,0
rep3,1.3163,3801,0
rep3,1.3164,3802,0
rep3,1.3165,3803,0
rep3,1.3169,3804,0
rep3,1.317,3805,0
rep3,1.3171,3806,0
rep3,1.3173,3807,0
rep3,1.3173,3808,0
rep3,1.3174,3809,0
rep3,1.3175,3810,0
rep3,1.3175,3811,0
rep3,1.3177,3812,0
rep3,1.3178,3813,0
rep3,1.3179,3814,0
rep3,1.3179,3815,0
rep3,1.318,3816,0
rep3,1.3182,3817,0
rep3,1.3183,3818,0
rep3,1.3183,3819,0
rep3,1.3187,3820,0
rep3,1.3187,3821,0
rep3,1.3187,3822,0
rep3,1.3188,3823,0
rep3,1.3189,3824,0
rep3,1.3189,3825,0
rep3,1.319,3826,0
rep3,1.3191,3827,0
rep3,1.3193,3828,0
rep3,1.3195,3829,0
rep3,1.3195,3830,0
rep3,1.3197,3831,0
rep3,1.3198,3832,0
rep3,1.3198,3833,0
rep3,1.3199,3834,0
rep3,1.32,3835,0
rep3,1.32,3836,0
rep3,1.3202,3837,0
rep3,1.3202,3838,0
rep3,1.3203,3839,0
rep3,1.3203,3840,0
rep3,1.3204,3841,0
rep3,1.3205,3842,0
rep3,1.3207,3843,0
rep3,1.3209,3844,0
rep3,1.321,3845,0
rep3,1.3215,3846,0
rep3,1.3215,3847,0
rep3,1.3215,3848,0
rep3,1.3217,3849,0
rep3,1.3217,3850,0
rep3,1.322,3851,0
rep3,1.3221,3852,0
rep3,1.3222,3853,0
rep3,1.3222,3854,0
rep3,1.3223,3855,0
rep3,1.3224,3856,0
rep3,1.3224,3857,0
rep3,1.3225,3858,0
rep3,1.3229,3859,0
rep3,1.323,3860,0
rep3,1.3231,3861,0
rep3,1.3231,3862,0
rep3,1.3232,3863,0
rep3,1.3234,3864,0
rep3,1.3235,3865,0
rep3,1.3237,3866,0
rep3,1.3241,3867,0
rep3,1.3241,3868,0
rep3,1.3242,3869,0
rep3,1.3242,3870,0
rep3,1.3243,3871,0
rep3,1.3244,3872,0
rep3,1.3244,3873,0
rep3,1.3244,3874,0
rep3,1.3246,3875,0
rep3,1.3246,3876,0
rep3,1.3248,3877,0
rep3,1.3248,3878,0
rep3,1.3249,3879,0
rep3,1.325,3880,0
rep3,1.3251,3881,0
rep3,1.3252,3882,0
rep3,1.3252,3883,0
rep3,1.3253,3884,0
rep3,1.3254,3885,0
rep3,1.3256,3886,0
rep3,1.3256,3887,0
rep3,1.3256,3888,0
rep3,1.3256,3889,0
rep3,1.3257,3890,0
rep3,1.3258,3891,0
rep3,1.3259,3892,0
rep3,1.326,3893,0
rep3,1.3263,3894,0
rep3,1.3264,3895,0
rep3,1.3264,3896,0
rep3,1.3265,3897,0
rep3,1.3266,3898,0
rep3,1.3269,3899,0
rep3,1.327,3900,0
rep3,1.3272,3901,0
rep3,1.3273,3902,0
rep3,1.3274,3903,0
rep3,1.3275,3904,0
rep3,1.3275,3905,0
rep3,1.3276,3906,0
rep3,1.3277,3907,0
rep3,1.3278,3908,0
rep3,1.3279,3909,0
rep3,1.328,3910,0
rep3,1.3282,3911,0
rep3,1.3282,3912,0
rep3,1.3282,3913,0
rep3,1.3282,3914,0
rep3,1.3283,3915,0
rep3,1.3285,3916,0
rep3,1.3285,3917,0
rep3,1.3286,3918,0
rep3,1.3286,3919,0
rep3,1.3286,3920,0
rep3,1.3286,3921,0
rep3,1.3287,3922,0
rep3,1.3288,3923,0
rep3,1.3288,3924,0
rep3,1.3288,3925,0
rep3,1.3289,3926,0
rep3,1.3289,3927,0
rep3,1.329,3928,0
rep3,1.3291,3929,0
rep3,1.3291,3930,0
rep3,1.3294,3931,0
rep3,1.3296,3932,0
rep3,1.3296,3933,0
rep3,1.3296,3934,0
rep3,1.3298,3935,0
rep3,1.3298,3936,0
rep3,1.3298,3937,0
rep3,1.3299,3938,0
rep3,1.3299,3939,0
rep3,1.3301,3940,0
rep3,1.3301,3941,0
rep3,1.3303,3942,0
rep3,1.3303,3943,0
rep3,1.3305,3944,0
rep3,1.3306,3945,0
rep3,1.3307,3946,0
rep3,1.3307,3947,0
rep3,1.3307,3948,0
rep3,1.3311,3949,0
rep3,1.3312,3950,0
rep3,1.3313,3951,0
rep3,1.3314,3952,0
rep3,1.3315,3953,0
rep3,1.3315,3954,0
rep3,1.3316,3955,0
rep3,1.3316,3956,0
rep3,1.3316,3957,0
rep3,1.3317,3958,0
rep3,1.3317,3959,0
rep3,1.3318,3960,0
rep3,1.3319,3961,0
rep3,1.332,3962,0
rep3,1.3321,3963,0
rep3,1.3322,3964,0
rep3,1.3324,3965,0
rep3,1.3324,3966,0
rep3,1.3325,3967,0
rep3,1.3327,3968,0
rep3,1.3328,3969,0
rep3,1.3328,3970,0
rep3,1.3331,3971,0
rep3,1.3334,3972,0
rep3,1.3336,3973,0
rep3,1.3337,3974,0
rep3,1.3337,3975,0
rep3,1.3338,3976,0
rep3,1.3338,3977,0
rep3,1.3338,3978,0
rep3,1.3341,3979,0
rep3,1.3342,3980,0
rep3,1.3342,3981,0
rep3,1.3344,3982,0
rep3,1.3344,3983,0
rep3,1.3345,3984,0
rep3,1.3347,3985,0
rep3,1.3347,3986,0
rep3,1.3349,3987,0
rep3,1.335,3988,0
rep3,1.3351,3989,0
rep3,1.3351,3990,0
rep3,1.3354,3991,0
rep3,1.3355,3992,0
rep3,1.3357,3993,0
rep3,1.3358,3994,0
rep3,1.3359,3995,0
rep3,1.3361,3996,0
rep3,1.3364,3997,0
rep3,1.3365,3998,0
rep3,1.3366,3999,0
rep3,1.3366,4000,0
rep3,1.3367,4001,0
rep3,1.3369,4002,0
rep3,1.337,4003,0
rep3,1.3371,4004,0
rep3,1.3372,4005,0
rep3,1.3374,4006,0
rep3,1.3376,4007,0
rep3,1.3377,4008,0
rep3,1.3378,4009,0
rep3,1.3379,4010,0
rep3,1.3379,4011,0
rep3,1.338,4012,0
rep3,1.3381,4013,0
rep3,1.3383,4014,0
rep3,1.3384,4015,0
rep3,1.3386,4016,0
rep3,1.3386,4017,0
rep3,1.3386,4018,0
rep3,1.3387,4019,0
rep3,1.3387,4020,0
rep3,1.3388,4021,0
rep3,1.339,4022,0
rep3,1.3391,4023,0
rep3,1.3392,4024,0
rep3,1.3392,4025,0
rep3,1.3392,4026,0
rep3,1.3393,4027,0
rep3,1.3394,4028,0
rep3,1.3396,4029,0
rep3,1.3397,4030,0
rep3,1.3397,4031,0
rep3,1.3397,4032,0
rep3,1.3398,4033,0
rep3,1.3399,4034,0
rep3,1.3399,4035,0
rep3,1.3402,4036,0
rep3,1.3403,4037,0
rep3,1.3404,4038,0
rep3,1.3405,4039,0
rep3,1.3405,4040,0
rep3,1.3405,4041,0
rep3,1.3405,4042,0
rep3,1.3406,4043,0
rep3,1.3406,4044,0
rep3,1.3406,4045,0
rep3,1.3406,4046,0
rep3,1.3407,4047,0
rep3,1.3408,4048,0
rep3,1.3408,4049,0
rep3,1.3408,4050,0
rep3,1.3408,4051,0
rep3,1.3409,4052,0
rep3,1.3409,4053,0
rep3,1.3411,4054,0
rep3,1.3419,4055,0
rep3,1.3419,4056,0
rep3,1.3421,4057,0
rep3,1.3422,4058,0
rep3,1.3424,4059,0
rep3,1.3427,4060,0
rep3,1.3427,4061,0
rep3,1.3428,4062,0
rep3,1.3429,4063,0
rep3,1.3431,4064,0
rep3,1.3433,4065,0
rep3,1.3433,4066,0
rep3,1.3433,4067,0
rep3,1.3435,4068,0
rep3,1.3436,4069,0
rep3,1.3437,4070,0
rep3,1.3437,4071,0
rep3,1.3439,4072,0
rep3,1.3442,4073,0
rep3,1.3444,4074,0
rep3,1.3445,4075,0
rep3,1.3446,4076,0
rep3,1.3447,4077,0
rep3,1.345,4078,0
rep3,1.3452,4079,0
rep3,1.3454,4080,0
rep3,1.3457,4081,0
rep3,1.346,4082,0
rep3,1.3461,4083,0
rep3,1.3463,4084,0
rep3,1.3464,4085,0
rep3,1.3466,4086,0
rep3,1.3467,4087,0
rep3,1.3467,4088,0
rep3,1.3468,4089,0
rep3,1.3471,4090,0
rep3,1.3471,4091,0
rep3,1.3472,4092,0
rep3,1.3474,4093,0
rep3,1.3475,4094,0
rep3,1.3476,4095,0
rep3,1.3478,4096,0
rep3,1.3479,4097,0
rep3,1.3482,4098,0
rep3,1.3482,4099,0
rep3,1.3485,4100,0
rep3,1.3486,4101,0
rep3,1.3486,4102,0
rep3,1.3486,4103,0
rep3,1.3489,4104,0
rep3,1.3491,4105,0
rep3,1.3492,4106,0
rep3,1.3493,4107,0
rep3,1.3495,4108,0
rep3,1.3495,4109,0
rep3,1.3497,4110,0
rep3,1.3498,4111,0
rep3,1.3499,4112,0
rep3,1.3499,4113,0
rep3,1.3499,4114,0
rep3,1.35,4115,0
rep3,1.3504,4116,0
rep3,1.3504,4117,0
rep3,1.3504,4118,0
rep3,1.3507,4119,0
rep3,1.3509,4120,0
rep3,1.3512,4121,0
rep3,1.3515,4122,0
rep3,1.3516,4123,0
rep3,1.352,4124,0
rep3,1.352,4125,0
rep3,1.3525,4126,0
rep3,1.3526,4127,0
rep3,1.3528,4128,0
rep3,1.3528,4129,0
rep3,1.3529,4130,0
rep3,1.353,4131,0
rep3,1.353,4132,0
rep3,1.3532,4133,0
rep3,1.3535,4134,0
rep3,1.3535,4135,0
rep3,1.3536,4136,0
rep3,1.3537,4137,0
rep3,1.3537,4138,0
rep3,1.3538,4139,0
rep3,1.3539,4140,0
rep3,1.3539,4141,0
rep3,1.354,4142,0
rep3,1.3543,4143,0
rep3,1.3543,4144,0
rep3,1.3543,4145,0
rep3,1.3546,4146,0
rep3,1.3547,4147,0
rep3,1.3548,4148,0
rep3,1.3548,4149,0
rep3,1.355,4150,0
rep3,1.3551,4151,0
rep3,1.3552,4152,0
rep3,1.3554,4153,0
rep3,1.3554,4154,0
rep3,1.3556,4155,0
rep3,1.3556,4156,0
rep3,1.3558,4157,0
rep3,1.3558,4158,0
rep3,1.3559,4159,0
rep3,1.3561,4160,0
rep3,1.3562,4161,0
rep3,1.3564,4162,0
rep3,1.3565,4163,0
rep3,1.3566,4164,0
rep3,1.3567,4165,0
rep3,1.3567,4166,0
rep3,1.3568,4167,0
rep3,1.3569,4168,0
rep3,1.3571,4169,0
rep3,1.3571,4170,0
rep3,1.3571,4171,0
rep3,1.3571,4172,0
rep3,1.3573,4173,0
rep3,1.3576,4174,0
rep3,1.3578,4175,0
rep3,1.3579,4176,0
rep3,1.3581,4177,0
rep3,1.3583,4178,0
rep3,1.3586,4179,0
rep3,1.3587,4180,0
rep3,1.3588,4181,0
rep3,1.359,4182,0
rep3,1.3591,4183,0
rep3,1.3592,4184,0
rep3,1.3596,4185,0
rep3,1.3597,4186,0
rep3,1.36,4187,0
rep3,1.3601,4188,0
rep3,1.3603,4189,0
rep3,1.3606,4190,0
rep3,1.3607,4191,0
rep3,1.3607,4192,0
rep3,1.3608,4193,0
rep3,1.361,4194,0
rep3,1.3611,4195,0
rep3,1.3611,4196,0
rep3,1.3613,4197,0
rep3,1.3614,4198,0
rep3,1.3615,4199,0
rep3,1.362,4200,0
rep3,1.3621,4201,0
rep3,1.3623,4202,0
rep3,1.3623,4203,0
rep3,1.3624,4204,0
rep3,1.3624,4205,0
rep3,1.3624,4206,0
rep3,1.3627,4207,0
rep3,1.3627,4208,0
rep3,1.3628,4209,0
rep3,1.3629,4210,0
rep3,1.363,4211,0
rep3,1.3631,4212,0
rep3,1.3631,4213,0
rep3,1.3631,4214,0
rep3,1.3632,4215,0
rep3,1.3634,4216,0
rep3,1.3634,4217,0
rep3,1.3634,4218,0
rep3,1.3636,4219,0
rep3,1.3636,4220,0
rep3,1.3636,4221,0
rep3,1.3638,4222,0
rep3,1.364,4223,0
rep3,1.3641,4224,0
rep3,1.3641,4225,0
rep3,1.3641,4226,0
rep3,1.3643,4227,0
rep3,1.3645,4228,0
rep3,1.3647,4229,0
rep3,1.3651,4230,0
rep3,1.3653,4231,0
rep3,1.3655,4232,0
rep3,1.3658,4233,0
rep3,1.3658,4234,0
rep3,1.3662,4235,0
rep3,1.3663,4236,0
rep3,1.3665,4237,0
rep3,1.3666,4238,0
rep3,1.3668,4239,0
rep3,1.3671,4240,0
rep3,1.3676,4241,0
rep3,1.3677,4242,0
rep3,1.3678,4243,0
rep3,1.3678,4244,0
rep3,1.3679,4245,0
rep3,1.3679,4246,0
rep3,1.3679,4247,0
rep3,1.3682,4248,0
rep3,1.3682,4249,0
rep3,1.3684,4250,0
rep3,1.3686,4251,0
rep3,1.3687,4252,0
rep3,1.3688,4253,0
rep3,1.3694,4254,0
rep3,1.3696,4255,0
rep3,1.3696,4256,0
rep3,1.3698,4257,0
rep3,1.37,4258,0
rep3,1.3701,4259,0
rep3,1.3702,4260,0
rep3,1.3703,4261,0
rep3,1.3703,4262,0
rep3,1.3704,4263,0
rep3,1.3704,4264,0
rep3,1.3706,4265,0
rep3,1.3707,4266,0
rep3,1.3707,4267,0
rep3,1.3708,4268,0
rep3,1.3712,4269,0
rep3,1.3715,4270,0
rep3,1.3715,4271,0
rep3,1.3716,4272,0
rep3,1.3716,4273,0
rep3,1.3718,4274,0
rep3,1.3718,4275,0
rep3,1.372,4276,0
rep3,1.372,4277,0
rep3,1.3721,4278,0
rep3,1.3722,4279,0
rep3,1.3723,4280,0
rep3,1.3727,4281,0
rep3,1.3728,4282,0
rep3,1.3733,4283,0
rep3,1.3733,4284,0
rep3,1.3735,4285,0
rep3,1.3736,4286,0
rep3,1.3738,4287,0
rep3,1.3738,4288,0
rep3,1.3739,4289,0
rep3,1.374,4290,0
rep3,1.374,4291,0
rep3,1.3743,4292,0
rep3,1.3745,4293,0
rep3,1.3745,4294,0
rep3,1.3745,4295,0
rep3,1.3746,4296,0
rep3,1.3748,4297,0
rep3,1.3749,4298,0
rep3,1.3749,4299,0
rep3,1.3751,4300,0
rep3,1.3752,4301,0
rep3,1.3753,4302,0
rep3,1.3753,4303,0
rep3,1.3756,4304,0
rep3,1.3758,4305,0
rep3,1.3758,4306,0
rep3,1.376,4307,0
rep3,1.376,4308,0
rep3,1.3761,4309,0
rep3,1.3763,4310,0
rep3,1.3764,4311,0
rep3,1.3766,4312,0
rep3,1.3766,4313,0
rep3,1.3766,4314,0
rep3,1.3767,4315,0
rep3,1.3768,4316,0
rep3,1.3768,4317,0
rep3,1.3768,4318,0
rep3,1.3769,4319,0
rep3,1.3773,4320,0
rep3,1.378,4321,0
rep3,1.3783,4322,0
rep3,1.3783,4323,0
rep3,1.3791,4324,0
rep3,1.3792,4325,0
rep3,1.3794,4326,0
rep3,1.3795,4327,0
rep3,1.3796,4328,0
rep3,1.3797,4329,0
rep3,1.3797,4330,0
rep3,1.3801,4331,0
rep3,1.3804,4332,0
rep3,1.3806,4333,0
rep3,1.3807,4334,0
rep3,1.3812,4335,0
rep3,1.3813,4336,0
rep3,1.3814,4337,0
rep3,1.3815,4338,0
rep3,1.3815,4339,0
rep3,1.3817,4340,0
rep3,1.3818,4341,0
rep3,1.3819,4342,0
rep3,1.382,4343,0
rep3,1.3821,4344,0
rep3,1.3823,4345,0
rep3,1.3824,4346,0
rep3,1.3826,4347,0
rep3,1.3827,4348,0
rep3,1.3832,4349,0
rep3,1.3832,4350,0
rep3,1.3834,4351,0
rep3,1.384,4352,0
rep3,1.384,4353,0
rep3,1.3841,4354,0
rep3,1.3843,4355,0
rep3,1.3847,4356,0
rep3,1.3847,4357,0
rep3,1.3848,4358,0
rep3,1.3848,4359,0
rep3,1.3852,4360,0
rep3,1.3853,4361,0
rep3,1.3857,4362,0
rep3,1.3857,4363,0
rep3,1.3858,4364,0
rep3,1.3859,4365,0
rep3,1.386,4366,0
rep3,1.3861,4367,0
rep3,1.3863,4368,0
rep3,1.3863,4369,0
rep3,1.3863,4370,0
rep3,1.3867,4371,0
rep3,1.3867,4372,0
rep3,1.3867,4373,0
rep3,1.3873,4374,0
rep3,1.3876,4375,0
rep3,1.3879,4376,0
rep3,1.388,4377,0
rep3,1.3882,4378,0
rep3,1.3886,4379,0
rep3,1.3887,4380,0
rep3,1.3888,4381,0
rep3,1.3888,4382,0
rep3,1.3889,4383,0
rep3,1.389,4384,0
rep3,1.3892,4385,0
rep3,1.3897,4386,0
rep3,1.3898,4387,0
rep3,1.3899,4388,0
rep3,1.3902,4389,0
rep3,1.3902,4390,0
rep3,1.3902,4391,0
rep3,1.3904,4392,0
rep3,1.3905,4393,0
rep3,1.3905,4394,0
rep3,1.3908,4395,0
rep3,1.3911,4396,0
rep3,1.3912,4397,0
rep3,1.3913,4398,0
rep3,1.3915,4399,0
rep3,1.3916,4400,0
rep3,1.3921,4401,0
rep3,1.3922,4402,0
rep3,1.3923,4403,0
rep3,1.3927,4404,0
rep3,1.3928,4405,0
rep3,1.3932,4406,0
rep3,1.3933,4407,0
rep3,1.3935,4408,0
rep3,1.3937,4409,0
rep3,1.3939,4410,0
rep3,1.3939,4411,0
rep3,1.394,4412,0
rep3,1.3941,4413,0
rep3,1.3943,4414,0
rep3,1.3945,4415,0
rep3,1.3945,4416,0
rep3,1.3947,4417,0
rep3,1.3948,4418,0
rep3,1.3948,4419,0
rep3,1.3948,4420,0
rep3,1.3951,4421,0
rep3,1.3953,4422,0
rep3,1.3955,4423,0
rep3,1.3955,4424,0
rep3,1.3955,4425,0
rep3,1.3955,4426,0
rep3,1.3956,4427,0
rep3,1.3961,4428,0
rep3,1.3964,4429,0
rep3,1.3973,4430,0
rep3,1.3974,4431,0
rep3,1.3974,4432,0
rep3,1.3975,4433,0
rep3,1.3986,4434,0
rep3,1.3987,4435,0
rep3,1.3989,4436,0
rep3,1.3989,4437,0
rep3,1.3989,4438,0
rep3,1.399,4439,0
rep3,1.3992,4440,0
rep3,1.3993,4441,0
rep3,1.3994,4442,0
rep3,1.3997,4443,0
rep3,1.3998,4444,0
rep3,1.4003,4445,0
rep3,1.4004,4446,0
rep3,1.4007,4447,0
rep3,1.4009,4448,0
rep3,1.4009,4449,0
rep3,1.4015,4450,0
rep3,1.4019,4451,0
rep3,1.4019,4452,0
rep3,1.4023,4453,0
rep3,1.4024,4454,0
rep3,1.4031,4455,0
rep3,1.4032,4456,0
rep3,1.4033,4457,0
rep3,1.4034,4458,0
rep3,1.4038,4459,0
rep3,1.4039,4460,0
rep3,1.404,4461,0
rep3,1.4041,4462,0
rep3,1.4045,4463,0
rep3,1.4047,4464,0
rep3,1.4047,4465,0
rep3,1.4049,4466,0
rep3,1.4052,4467,0
rep3,1.4055,4468,0
rep3,1.4056,4469,0
rep3,1.4061,4470,0
rep3,1.4063,4471,0
rep3,1.4067,4472,0
rep3,1.4068,4473,0
rep3,1.4069,4474,0
rep3,1.4069,4475,0
rep3,1.407,4476,0
rep3,1.4072,4477,0
rep3,1.4073,4478,0
rep3,1.4074,4479,0
rep3,1.4076,4480,0
rep3,1.4076,4481,0
rep3,1.4076,4482,0
rep3,1.4078,4483,0
rep3,1.4078,4484,0
rep3,1.4081,4485,0
rep3,1.4083,4486,0
rep3,1.4084,4487,0
rep3,1.4085,4488,0
rep3,1.4091,4489,0
rep3,1.4093,4490,0
rep3,1.4095,4491,0
rep3,1.4095,4492,0
rep3,1.4095,4493,0
rep3,1.4101,4494,0
rep3,1.4101,4495,0
rep3,1.4101,4496,0
rep3,1.4102,4497,0
rep3,1.4103,4498,0
rep3,1.4103,4499,0
rep3,1.4107,4500,0
rep3,1.411,4501,0
rep3,1.4112,4502,0
rep3,1.4112,4503,0
rep3,1.4113,4504,0
rep3,1.4113,4505,0
rep3,1.4118,4506,0
rep3,1.412,4507,0
rep3,1.412,4508,0
rep3,1.4123,4509,0
rep3,1.4124,4510,0
rep3,1.4125,4511,0
rep3,1.4126,4512,0
rep3,1.4129,4513,0
rep3,1.4134,4514,0
rep3,1.4135,4515,0
rep3,1.4136,4516,0
rep3,1.4136,4517,0
rep3,1.4137,4518,0
rep3,1.4137,4519,0
rep3,1.414,4520,0
rep3,1.4142,4521,0
rep3,1.4143,4522,0
rep3,1.4145,4523,0
rep3,1.4148,4524,0
rep3,1.4151,4525,0
rep3,1.4153,4526,0
rep3,1.4153,4527,0
rep3,1.4155,4528,0
rep3,1.4155,4529,0
rep3,1.4156,4530,0
rep3,1.4158,4531,0
rep3,1.4159,4532,0
rep3,1.4161,4533,0
rep3,1.4163,4534,0
rep3,1.4165,4535,0
rep3,1.4169,4536,0
rep3,1.4178,4537,0
rep3,1.4178,4538,0
rep3,1.4179,4539,0
rep3,1.418,4540,0
rep3,1.4187,4541,0
rep3,1.4188,4542,0
rep3,1.4194,4543,0
rep3,1.4195,4544,0
rep3,1.4197,4545,0
rep3,1.4197,4546,0
rep3,1.4201,4547,0
rep3,1.4203,4548,0
rep3,1.4204,4549,0
rep3,1.4206,4550,0
rep3,1.4209,4551,0
rep3,1.421,4552,0
rep3,1.4212,4553,0
rep3,1.4216,4554,0
rep3,1.4217,4555,0
rep3,1.4219,4556,0
rep3,1.4222,4557,0
rep3,1.4223,4558,0
rep3,1.4224,4559,0
rep3,1.4225,4560,0
rep3,1.4225,4561,0
rep3,1.4225,4562,0
rep3,1.4226,4563,0
rep3,1.4228,4564,0
rep3,1.4228,4565,0
rep3,1.423,4566,0
rep3,1.423,4567,0
rep3,1.4235,4568,0
rep3,1.4235,4569,0
rep3,1.4238,4570,0
rep3,1.4241,4571,0
rep3,1.4244,4572,0
rep3,1.425,4573,0
rep3,1.4251,4574,0
rep3,1.4252,4575,0
rep3,1.4253,4576,0
rep3,1.4257,4577,0
rep3,1.4261,4578,0
rep3,1.4261,4579,0
rep3,1.4261,4580,0
rep3,1.4262,4581,0
rep3,1.4263,4582,0
rep3,1.4263,4583,0
rep3,1.4263,4584,0
rep3,1.4265,4585,0
rep3,1.4277,4586,0
rep3,1.4281,4587,0
rep3,1.4281,4588,0
rep3,1.4285,4589,0
rep3,1.4285,4590,0
rep3,1.4285,4591,0
rep3,1.4286,4592,0
rep3,1.4291,4593,0
rep3,1.4292,4594,0
rep3,1.4296,4595,0
rep3,1.4298,4596,0
rep3,1.4299,4597,0
rep3,1.43,4598,0
rep3,1.4301,4599,0
rep3,1.4303,4600,0
rep3,1.4307,4601,0
rep3,1.4308,4602,0
rep3,1.431,4603,0
rep3,1.431,4604,0
rep3,1.4312,4605,0
rep3,1.4324,4606,0
rep3,1.433,4607,0
rep3,1.4336,4608,0
rep3,1.4336,4609,0
rep3,1.4342,4610,0
rep3,1.4344,4611,0
rep3,1.4346,4612,0
rep3,1.4348,4613,0
rep3,1.4349,4614,0
rep3,1.435,4615,0
rep3,1.4351,4616,0
rep3,1.4351,4617,0
rep3,1.4352,4618,0
rep3,1.4352,4619,0
rep3,1.4353,4620,0
rep3,1.4354,4621,0
rep3,1.4356,4622,0
rep3,1.4356,4623,0
rep3,1.4358,4624,0
rep3,1.4359,4625,0
rep3,1.4359,4626,0
rep3,1.4362,4627,0
rep3,1.4364,4628,0
rep3,1.4368,4629,0
rep3,1.4373,4630,0
rep3,1.4373,4631,0
rep3,1.4374,4632,0
rep3,1.4375,4633,0
rep3,1.4376,4634,0
rep3,1.4377,4635,0
rep3,1.4382,4636,0
rep3,1.4383,4637,0
rep3,1.4386,4638,0
rep3,1.4386,4639,0
rep3,1.439,4640,0
rep3,1.4394,4641,0
rep3,1.4403,4642,0
rep3,1.441,4643,0
rep3,1.4415,4644,0
rep3,1.4416,4645,0
rep3,1.4418,4646,0
rep3,1.4419,4647,0
rep3,1.4421,4648,0
rep3,1.4422,4649,0
rep3,1.4422,4650,0
rep3,1.4422,4651,0
rep3,1.4423,4652,0
rep3,1.4426,4653,0
rep3,1.4429,4654,0
rep3,1.4431,4655,0
rep3,1.4434,4656,0
rep3,1.4442,4657,0
rep3,1.4444,4658,0
rep3,1.4447,4659,0
rep3,1.4449,4660,0
rep3,1.4451,4661,0
rep3,1.4454,4662,0
rep3,1.4462,4663,0
rep3,1.4465,4664,0
rep3,1.4468,4665,0
rep3,1.4471,4666,0
rep3,1.4473,4667,0
rep3,1.4477,4668,0
rep3,1.448,4669,0
rep3,1.4487,4670,0
rep3,1.4488,4671,0
rep3,1.4495,4672,0
rep3,1.4497,4673,0
rep3,1.4498,4674,0
rep3,1.4499,4675,0
rep3,1.4503,4676,0
rep3,1.4504,4677,0
rep3,1.4505,4678,0
rep3,1.4506,4679,0
rep3,1.4516,4680,0
rep3,1.452,4681,0
rep3,1.4521,4682,0
rep3,1.4523,4683,0
rep3,1.4526,4684,0
rep3,1.4528,4685,0
rep3,1.4528,4686,0
rep3,1.4528,4687,0
rep3,1.4528,4688,0
rep3,1.4532,4689,0
rep3,1.4536,4690,0
rep3,1.4546,4691,0
rep3,1.4547,4692,0
rep3,1.4547,4693,0
rep3,1.455,4694,0
rep3,1.4559,4695,0
rep3,1.4561,4696,0
rep3,1.4564,4697,0
rep3,1.4567,4698,0
rep3,1.4575,4699,0
rep3,1.4576,4700,0
rep3,1.4579,4701,0
rep3,1.4582,4702,0
rep3,1.4588,4703,0
rep3,1.459,4704,0
rep3,1.4593,4705,0
rep3,1.4597,4706,0
rep3,1.4601,4707,0
rep3,1.4603,4708,0
rep3,1.4605,4709,0
rep3,1.4618,4710,0
rep3,1.462,4711,0
rep3,1.4621,4712,0
rep3,1.4641,4713,0
rep3,1.4641,4714,0
rep3,1.4646,4715,0
rep3,1.4655,4716,0
rep3,1.4658,4717,0
rep3,1.4664,4718,0
rep3,1.4666,4719,0
rep3,1.4666,4720,0
rep3,1.4667,4721,0
rep3,1.467,4722,0
rep3,1.4675,4723,0
rep3,1.4679,4724,0
rep3,1.4684,4725,0
rep3,1.4686,4726,0
rep3,1.4693,4727,0
rep3,1.4693,4728,0
rep3,1.4707,4729,0
rep3,1.4708,4730,0
rep3,1.4719,4731,0
rep3,1.4721,4732,0
rep3,1.4723,4733,0
rep3,1.4725,4734,0
rep3,1.4738,4735,0
rep3,1.4738,4736,0
rep3,1.4742,4737,0
rep3,1.4758,4738,0
rep3,1.4761,4739,0
rep3,1.4763,4740,0
rep3,1.477,4741,0
rep3,1.4771,4742,0
rep3,1.4777,4743,0
rep3,1.4783,4744,0
rep3,1.4784,4745,0
rep3,1.4786,4746,0
rep3,1.4787,4747,0
rep3,1.4792,4748,0
rep3,1.4794,4749,0
rep3,1.4801,4750,0
rep3,1.4801,4751,0
rep3,1.481,4752,0
rep3,1.4813,4753,0
rep3,1.4817,4754,0
rep3,1.4819,4755,0
rep3,1.4831,4756,0
rep3,1.4832,4757,0
rep3,1.4839,4758,0
rep3,1.4841,4759,0
rep3,1.4844,4760,0
rep3,1.4847,4761,0
rep3,1.487,4762,0
rep3,1.4872,4763,0
rep3,1.4876,4764,0
rep3,1.4878,4765,0
rep3,1.488,4766,0
rep3,1.4883,4767,0
rep3,1.4885,4768,0
rep3,1.4887,4769,0
rep3,1.4894,4770,0
rep3,1.4898,4771,0
rep3,1.4898,4772,0
rep3,1.4901,4773,0
rep3,1.4903,4774,0
rep3,1.4904,4775,0
rep3,1.4906,4776,0
rep3,1.4908,4777,0
rep3,1.492,4778,0
rep3,1.4928,4779,0
rep3,1.4928,4780,0
rep3,1.4935,4781,0
rep3,1.494,4782,0
rep3,1.4943,4783,0
rep3,1.4943,4784,0
rep3,1.4944,4785,0
rep3,1.4945,4786,0
rep3,1.4949,4787,0
rep3,1.4955,4788,0
rep3,1.4956,4789,0
rep3,1.4966,4790,0
rep3,1.4968,4791,0
rep3,1.4968,4792,0
rep3,1.4973,4793,0
rep3,1.498,4794,0
rep3,1.4982,4795,0
rep3,1.4983,4796,0
rep3,1.4989,4797,0
rep3,1.4994,4798,0
rep3,1.5002,4799,0
rep3,1.5003,4800,0
rep3,1.5006,4801,0
rep3,1.5009,4802,0
rep3,1.501,4803,0
rep3,1.5023,4804,0
rep3,1.5027,4805,0
rep3,1.5033,4806,0
rep3,1.5052,4807,0
rep3,1.5053,4808,0
rep3,1.5065,4809,0
rep3,1.5074,4810,0
rep3,1.5076,4811,0
rep3,1.5085,4812,0
rep3,1.5085,4813,0
rep3,1.5098,4814,0
rep3,1.5098,4815,0
rep3,1.5101,4816,0
rep3,1.5122,4817,0
rep3,1.5124,4818,0
rep3,1.5127,4819,0
rep3,1.5135,4820,0
rep3,1.5145,4821,0
rep3,1.515,4822,0
rep3,1.5152,4823,0
rep3,1.5153,4824,0
rep3,1.5154,4825,0
rep3,1.5159,4826,0
rep3,1.5159,4827,0
rep3,1.5162,4828,0
rep3,1.5186,4829,0
rep3,1.5189,4830,0
rep3,1.5193,4831,0
rep3,1.5197,4832,0
rep3,1.5202,4833,0
rep3,1.5208,4834,0
rep3,1.522,4835,0
rep3,1.5221,4836,0
rep3,1.5228,4837,0
rep3,1.5236,4838,0
rep3,1.5239,4839,0
rep3,1.5241,4840,0
rep3,1.5247,4841,0
rep3,1.5248,4842,0
rep3,1.525,4843,0
rep3,1.5251,4844,0
rep3,1.5252,4845,0
rep3,1.5255,4846,0
rep3,1.5256,4847,0
rep3,1.5256,4848,0
rep3,1.5264,4849,0
rep3,1.527,4850,0
rep3,1.5271,4851,0
rep3,1.5276,4852,0
rep3,1.5278,4853,0
rep3,1.5281,4854,0
rep3,1.5288,4855,0
rep3,1.5295,4856,0
rep3,1.53,4857,0
rep3,1.53,4858,0
rep3,1.5304,4859,0
rep3,1.5308,4860,0
rep3,1.5313,4861,0
rep3,1.5315,4862,0
rep3,1.5318,4863,0
rep3,1.532,4864,0
rep3,1.5336,4865,0
rep3,1.5348,4866,0
rep3,1.535,4867,0
rep3,1.5358,4868,0
rep3,1.5359,4869,0
rep3,1.5364,4870,0
rep3,1.5364,4871,0
rep3,1.5367,4872,0
rep3,1.5372,4873,0
rep3,1.5372,4874,0
rep3,1.5376,4875,0
rep3,1.5381,4876,0
rep3,1.5383,4877,0
rep3,1.5386,4878,0
rep3,1.5388,4879,0
rep3,1.5393,4880,0
rep3,1.5399,4881,0
rep3,1.5402,4882,0
rep3,1.5402,4883,0
rep3,1.5405,4884,0
rep3,1.5417,4885,0
rep3,1.5423,4886,0
rep3,1.5425,4887,0
rep3,1.5427,4888,0
rep3,1.5434,4889,0
rep3,1.5437,4890,0
rep3,1.5441,4891,0
rep3,1.5442,4892,0
rep3,1.5444,4893,0
rep3,1.5458,4894,0
rep3,1.5496,4895,0
rep3,1.553,4896,0
rep3,1.5532,4897,0
rep3,1.555,4898,0
rep3,1.5563,4899,0
rep3,1.5566,4900,0
rep3,1.5576,4901,0
rep3,1.5577,4902,0
rep3,1.5577,4903,0
rep3,1.5583,4904,0
rep3,1.5599,4905,0
rep3,1.5599,4906,0
rep3,1.5616,4907,0
rep3,1.5621,4908,0
rep3,1.5628,4909,0
rep3,1.5632,4910,0
rep3,1.5636,4911,0
rep3,1.5639,4912,0
rep3,1.5644,4913,0
rep3,1.5649,4914,0
rep3,1.5653,4915,0
rep3,1.5656,4916,0
rep3,1.5663,4917,0
rep3,1.5666,4918,0
rep3,1.5671,4919,0
rep3,1.5673,4920,0
rep3,1.5678,4921,0
rep3,1.5703,4922,0
rep3,1.5729,4923,0
rep3,1.5748,4924,0
rep3,1.5753,4925,0
rep3,1.5758,4926,0
rep3,1.5765,4927,0
rep3,1.5828,4928,0
rep3,1.5852,4929,0
rep3,1.5869,4930,0
rep3,1.588,4931,0
rep3,1.5887,4932,0
rep3,1.5928,4933,0
rep3,1.5936,4934,0
rep3,1.5948,4935,0
rep3,1.5983,4936,0
rep3,1.6011,4937,0
rep3,1.6055,4938,0
rep3,1.6063,4939,0
rep3,1.6073,4940,0
rep3,1.6073,4941,0
rep3,1.6089,4942,0
rep3,1.6091,4943,0
rep3,1.6091,4944,0
rep3,1.6094,4945,0
rep3,1.6101,4946,0
rep3,1.6102,4947,0
rep3,1.6106,4948,0
rep3,1.6204,4949,0
rep3,1.6223,4950,0
rep3,1.6227,4951,0
rep3,1.6245,4952,0
rep3,1.6261,4953,0
rep3,1.6274,4954,0
rep3,1.6317,4955,0
rep3,1.6328,4956,0
rep3,1.6336,4957,0
rep3,1.6363,4958,0
rep3,1.6372,4959,0
rep3,1.6392,4960,0
rep3,1.6393,4961,0
rep3,1.642,4962,0
rep3,1.6449,4963,0
rep3,1.6452,4964,0
rep3,1.6473,4965,0
rep3,1.6516,4966,0
rep3,1.6531,4967,0
rep3,1.654,4968,0
rep3,1.6589,4969,0
rep3,1.6638,4970,0
rep3,1.6656,4971,0
rep3,1.667,4972,0
rep3,1.669,4973,0
rep3,1.6697,4974,0
rep3,1.6721,4975,0
rep3,1.676,4976,0
rep3,1.6782,4977,0
rep3,1.6816,4978,0
rep3,1.6819,4979,0
rep3,1.6834,4980,0
rep3,1.69,4981,0
rep3,1.6933,4982,0
rep3,1.6938,4983,0
rep3,1.7066,4984,0
rep3,1.7134,4985,0
rep3,1.7196,4986,0
rep3,1.7213,4987,0
rep3,1.7216,4988,0
rep3,1.7386,4989,0
rep3,1.7446,4990,0
rep3,1.7468,4991,0
rep3,1.7556,4992,0
rep3,1.7673,4993,0
rep3,1.7725,4994,0
rep3,1.7804,4995,0
rep3,1.8023,4996,0
rep3,1.8226,4997,0
rep3,1.8235,4998,0
rep3,1.9891,4999,0
rep3,2.0187,5000,0
rep3,2.0189,5001,0
rep3,2.0192,5002,0
rep3,2.0197,5003,0
rep3,2.0209,5004,0
rep3,2.0212,5005,0
rep3,2.0215,5006,0
rep3,2.0219,5007,0
rep3,2.0228,5008,0
rep3,2.0246,5009,0
rep3,2.0248,5010,0
rep3,2.0251,5011,0
rep3,2.0257,5012,0
rep3,2.0271,5013,0
rep3,2.028,5014,0
rep3,2.0282,5015,0
rep3,2.0315,5016,0
rep3,2.0339,5017,0
rep3,2.0355,5018,0
rep3,2.0365,5019,0
rep3,2.0465,5020,0
rep3,2.0487,5021,0
rep3,2.0521,5022,0
rep3,2.0522,5023,0
rep3,2.0524,5024,0
rep3,2.0524,5025,0
rep3,2.0525,5026,0
rep3,2.0525,5027,0
rep3,2.0525,5028,0
rep3,2.0526,5029,0
rep3,2.0527,5030,0
rep3,2.0528,5031,0
rep3,2.053,5032,0
rep3,2.053,5033,0
rep3,2.0531,5034,0
rep3,2.0532,5035,0
rep3,2.0534,5036,0
rep3,2.0534,5037,0
rep3,2.0536,5038,0
rep3,2.0538,5039,0
rep3,2.0539,5040,0
rep3,2.054,5041,0
rep3,2.0543,5042,0
rep3,2.0545,5043,0
rep3,2.0546,5044,0
rep3,2.0546,5045,0
rep3,2.0546,5046,0
rep3,2.0547,5047,0
rep3,2.0552,5048,0
rep3,2.0554,5049,0
rep3,2.0555,5050,0
rep3,2.0555,5051,0
rep3,2.0555,5052,0
rep3,2.0559,5053,0
rep3,2.0559,5054,0
rep3,2.056,5055,0
rep3,2.056,5056,0
rep3,2.0561,5057,0
rep3,2.0566,5058,0
rep3,2.0573,5059,0
rep3,2.0574,5060,0
rep3,2.0576,5061,0
rep3,2.0578,5062,0
rep3,2.0578,5063,0
rep3,2.0581,5064,0
rep3,2.0584,5065,0
rep3,2.0584,5066,0
rep3,2.0585,5067,0
rep3,2.0585,5068,0
rep3,2.0588,5069,0
rep3,2.059,5070,0
rep3,2.0592,5071,0
rep3,2.0593,5072,0
rep3,2.0596,5073,0
rep3,2.0597,5074,0
rep3,2.0598,5075,0
rep3,2.0602,5076,0
rep3,2.0603,5077,0
rep3,2.0607,5078,0
rep3,2.0614,5079,0
rep3,2.0615,5080,0
rep3,2.0616,5081,0
rep3,2.0616,5082,0
rep3,2.0623,5083,0
rep3,2.0624,5084,0
rep3,2.0627,5085,0
rep3,2.0629,5086,0
rep3,2.0637,5087,0
rep3,2.064,5088,0
rep3,2.0643,5089,0
rep3,2.0648,5090,0
rep3,2.0661,5091,0
rep3,2.0661,5092,0
rep3,2.0665,5093,0
rep3,2.0681,5094,0
rep3,2.0686,5095,0
rep3,2.0692,5096,0
rep3,2.0711,5097,0
rep3,2.0714,5098,0
rep3,2.0726,5099,0
rep3,2.073,5100,0
rep3,2.0738,5101,0
rep3,2.0748,5102,0
rep3,2.0759,5103,0
rep3,2.0764,5104,0
rep3,2.0769,5105,0
rep3,2.0779,5106,0
rep3,2.0789,5107,0
rep3,2.0792,5108,0
rep3,2.081,5109,0
rep3,2.0855,5110,0
rep3,2.0856,5111,0
rep3,2.0857,5112,0
rep3,2.0857,5113,0
rep3,2.0858,5114,0
rep3,2.0858,5115,0
rep3,2.0859,5116,0
rep3,2.086,5117,0
rep3,2.086,5118,0
rep3,2.0861,5119,0
rep3,2.0862,5120,0
rep3,2.0864,5121,0
rep3,2.0864,5122,0
rep3,2.0865,5123,0
rep3,2.0866,5124,0
rep3,2.0866,5125,0
rep3,2.0867,5126,0
rep3,2.0867,5127,0
rep3,2.0867,5128,0
rep3,2.0868,5129,0
rep3,2.0868,5130,0
rep3,2.0868,5131,0
rep3,2.087,5132,0
rep3,2.087,5133,0
rep3,2.0871,5134,0
rep3,2.0871,5135,0
rep3,2.0871,5136,0
rep3,2.0873,5137,0
rep3,2.0874,5138,0
rep3,2.0876,5139,0
rep3,2.0876,5140,0
rep3,2.0881,5141,0
rep3,2.0883,5142,0
rep3,2.0884,5143,0
rep3,2.0884,5144,0
rep3,2.0885,5145,0
rep3,2.0887,5146,0
rep3,2.0887,5147,0
rep3,2.0888,5148,0
rep3,2.0888,5149,0
rep3,2.0888,5150,0
rep3,2.0888,5151,0
rep3,2.0889,5152,0
rep3,2.089,5153,0
rep3,2.0891,5154,0
rep3,2.0892,5155,0
rep3,2.0893,5156,0
rep3,2.0893,5157,0
rep3,2.0895,5158,0
rep3,2.0896,5159,0
rep3,2.0897,5160,0
rep3,2.0897,5161,0
rep3,2.0897,5162,0
rep3,2.0897,5163,0
rep3,2.0898,5164,0
rep3,2.0898,5165,0
rep3,2.0898,5166,0
rep3,2.0899,5167,0
rep3,2.09,5168,0
rep3,2.0902,5169,0
rep3,2.0903,5170,0
rep3,2.0903,5171,0
rep3,2.0904,5172,0
rep3,2.0904,5173,0
rep3,2.0904,5174,0
rep3,2.0906,5175,0
rep3,2.0906,5176,0
rep3,2.0907,5177,0
rep3,2.0908,5178,0
rep3,2.091,5179,0
rep3,2.0911,5180,0
rep3,2.0911,5181,0
rep3,2.0912,5182,0
rep3,2.0915,5183,0
rep3,2.0917,5184,0
rep3,2.0919,5185,0
rep3,2.0921,5186,0
rep3,2.0921,5187,0
rep3,2.0922,5188,0
rep3,2.0923,5189,0
rep3,2.0924,5190,0
rep3,2.0924,5191,0
rep3,2.0925,5192,0
rep3,2.0926,5193,0
rep3,2.0926,5194,0
rep3,2.0926,5195,0
rep3,2.0927,5196,0
rep3,2.0929,5197,0
rep3,2.0929,5198,0
rep3,2.0931,5199,0
rep3,2.0931,5200,0
rep3,2.0932,5201,0
rep3,2.0932,5202,0
rep3,2.0932,5203,0
rep3,2.0934,5204,0
rep3,2.0934,5205,0
rep3,2.0935,5206,0
rep3,2.0936,5207,0
rep3,2.0937,5208,0
rep3,2.0938,5209,0
rep3,2.0942,5210,0
rep3,2.0944,5211,0
rep3,2.0944,5212,0
rep3,2.0946,5213,0
rep3,2.0948,5214,0
rep3,2.0949,5215,0
rep3,2.095,5216,0
rep3,2.0952,5217,0
rep3,2.0955,5218,0
rep3,2.0956,5219,0
rep3,2.0958,5220,0
rep3,2.0959,5221,0
rep3,2.0962,5222,0
rep3,2.0964,5223,0
rep3,2.0966,5224,0
rep3,2.0966,5225,0
rep3,2.0967,5226,0
rep3,2.097,5227,0
rep3,2.097,5228,0
rep3,2.0971,5229,0
rep3,2.0972,5230,0
rep3,2.0976,5231,0
rep3,2.0977,5232,0
rep3,2.0978,5233,0
rep3,2.0978,5234,0
rep3,2.0979,5235,0
rep3,2.098,5236,0
rep3,2.0985,5237,0
rep3,2.0988,5238,0
rep3,2.0988,5239,0
rep3,2.0989,5240,0
rep3,2.0992,5241,0
rep3,2.0992,5242,0
rep3,2.0993,5243,0
rep3,2.0993,5244,0
rep3,2.0994,5245,0
rep3,2.1,5246,0
rep3,2.1002,5247,0
rep3,2.1006,5248,0
rep3,2.1007,5249,0
rep3,2.1009,5250,0
rep3,2.1014,5251,0
rep3,2.1016,5252,0
rep3,2.1018,5253,0
rep3,2.1034,5254,0
rep3,2.1036,5255,0
rep3,2.104,5256,0
rep3,2.1041,5257,0
rep3,2.1041,5258,0
rep3,2.1046,5259,0
rep3,2.1046,5260,0
rep3,2.1047,5261,0
rep3,2.1054,5262,0
rep3,2.1058,5263,0
rep3,2.1077,5264,0
rep3,2.108,5265,0
rep3,2.1081,5266,0
rep3,2.1082,5267,0
rep3,2.1085,5268,0
rep3,2.1091,5269,0
rep3,2.1106,5270,0
rep3,2.1116,5271,0
rep3,2.1116,5272,0
rep3,2.1135,5273,0
rep3,2.1138,5274,0
rep3,2.1156,5275,0
rep3,2.1161,5276,0
rep3,2.1165,5277,0
rep3,2.1181,5278,0
rep3,2.1191,5279,0
rep3,2.1191,5280,0
rep3,2.1192,5281,0
rep3,2.1192,5282,0
rep3,2.1192,5283,0
rep3,2.1192,5284,0
rep3,2.1193,5285,0
rep3,2.1193,5286,0
rep3,2.1195,5287,0
rep3,2.1195,5288,0
rep3,2.1195,5289,0
rep3,2.1196,5290,0
rep3,2.1196,5291,0
rep3,2.1196,5292,0
rep3,2.1196,5293,0
rep3,2.1198,5294,0
rep3,2.1198,5295,0
rep3,2.1199,5296,0
rep3,2.12,5297,0
rep3,2.12,5298,0
rep3,2.1201,5299,0
rep3,2.1202,5300,0
rep3,2.1204,5301,0
rep3,2.1204,5302,0
rep3,2.1205,5303,0
rep3,2.1205,5304,0
rep3,2.1205,5305,0
rep3,2.1207,5306,0
rep3,2.1207,5307,0
rep3,2.1209,5308,0
rep3,2.1211,5309,0
rep3,2.1211,5310,0
rep3,2.1212,5311,0
rep3,2.1212,5312,0
rep3,2.1212,5313,0
rep3,2.1213,5314,0
rep3,2.1213,5315,0
rep3,2.1213,5316,0
rep3,2.1217,5317,0
rep3,2.1218,5318,0
rep3,2.1218,5319,0
rep3,2.1222,5320,0
rep3,2.1222,5321,0
rep3,2.1222,5322,0
rep3,2.1223,5323,0
rep3,2.1223,5324,0
rep3,2.1224,5325,0
rep3,2.1224,5326,0
rep3,2.1226,5327,0
rep3,2.1226,5328,0
rep3,2.1226,5329,0
rep3,2.1227,5330,0
rep3,2.1227,5331,0
rep3,2.1228,5332,0
rep3,2.1229,5333,0
rep3,2.123,5334,0
rep3,2.1231,5335,0
rep3,2.1232,5336,0
rep3,2.1232,5337,0
rep3,2.1232,5338,0
rep3,2.1232,5339,0
rep3,2.1232,5340,0
rep3,2.1234,5341,0
rep3,2.1235,5342,0
rep3,2.1236,5343,0
rep3,2.1236,5344,0
rep3,2.1237,5345,0
rep3,2.1239,5346,0
rep3,2.1239,5347,0
rep3,2.1239,5348,0
rep3,2.124,5349,0
rep3,2.124,5350,0
rep3,2.124,5351,0
rep3,2.124,5352,0
rep3,2.1242,5353,0
rep3,2.1242,5354,0
rep3,2.1244,5355,0
rep3,2.1244,5356,0
rep3,2.1246,5357,0
rep3,2.1249,5358,0
rep3,2.1249,5359,0
rep3,2.125,5360,0
rep3,2.125,5361,0
rep3,2.125,5362,0
rep3,2.1251,5363,0
rep3,2.1251,5364,0
rep3,2.1251,5365,0
rep3,2.1255,5366,0
rep3,2.1256,5367,0
rep3,2.1257,5368,0
rep3,2.126,5369,0
rep3,2.126,5370,0
rep3,2.126,5371,0
rep3,2.1263,5372,0
rep3,2.1264,5373,0
rep3,2.1267,5374,0
rep3,2.127,5375,0
rep3,2.1274,5376,0
rep3,2.1277,5377,0
rep3,2.1279,5378,0
rep3,2.128,5379,0
rep3,2.1283,5380,0
rep3,2.1283,5381,0
rep3,2.1284,5382,0
rep3,2.1285,5383,0
rep3,2.1286,5384,0
rep3,2.1287,5385,0
rep3,2.1287,5386,0
rep3,2.1292,5387,0
rep3,2.1293,5388,0
rep3,2.1294,5389,0
rep3,2.1303,5390,0
rep3,2.1303,5391,0
rep3,2.1305,5392,0
rep3,2.1307,5393,0
rep3,2.1308,5394,0
rep3,2.131,5395,0
rep3,2.1311,5396,0
rep3,2.132,5397,0
rep3,2.1325,5398,0
rep3,2.1326,5399,0
rep3,2.1327,5400,0
rep3,2.1333,5401,0
rep3,2.1335,5402,0
rep3,2.1337,5403,0
rep3,2.1338,5404,0
rep3,2.135,5405,0
rep3,2.1354,5406,0
rep3,2.1355,5407,0
rep3,2.1357,5408,0
rep3,2.1363,5409,0
rep3,2.1364,5410,0
rep3,2.1369,5411,0
rep3,2.1373,5412,0
rep3,2.1376,5413,0
rep3,2.1386,5414,0
rep3,2.139,5415,0
rep3,2.1393,5416,0
rep3,2.1395,5417,0
rep3,2.1398,5418,0
rep3,2.1399,5419,0
rep3,2.1401,5420,0
rep3,2.1401,5421,0
rep3,2.1401,5422,0
rep3,2.1414,5423,0
rep3,2.142,5424,0
rep3,2.143,5425,0
rep3,2.1441,5426,0
rep3,2.1443,5427,0
rep3,2.1449,5428,0
rep3,2.1454,5429,0
rep3,2.1459,5430,0
rep3,2.146,5431,0
rep3,2.146,5432,0
rep3,2.1471,5433,0
rep3,2.1476,5434,0
rep3,2.148,5435,0
rep3,2.1492,5436,0
rep3,2.1495,5437,0
rep3,2.15,5438,0
rep3,2.1501,5439,0
rep3,2.1504,5440,0
rep3,2.1508,5441,0
rep3,2.1508,5442,0
rep3,2.1523,5443,0
rep3,2.1524,5444,0
rep3,2.1524,5445,0
rep3,2.1526,5446,0
rep3,2.1526,5447,0
rep3,2.1526,5448,0
rep3,2.1526,5449,0
rep3,2.1527,5450,0
rep3,2.1527,5451,0
rep3,2.1528,5452,0
rep3,2.153,5453,0
rep3,2.153,5454,0
rep3,2.1531,5455,0
rep3,2.1532,5456,0
rep3,2.1532,5457,0
rep3,2.1533,5458,0
rep3,2.1534,5459,0
rep3,2.1536,5460,0
rep3,2.1537,5461,0
rep3,2.1538,5462,0
rep3,2.1538,5463,0
rep3,2.1539,5464,0
rep3,2.1539,5465,0
rep3,2.154,5466,0
rep3,2.154,5467,0
rep3,2.1543,5468,0
rep3,2.1545,5469,0
rep3,2.1546,5470,0
rep3,2.1547,5471,0
rep3,2.155,5472,0
rep3,2.155,5473,0
rep3,2.1551,5474,0
rep3,2.1551,5475,0
rep3,2.1552,5476,0
rep3,2.1553,5477,0
rep3,2.1553,5478,0
rep3,2.1554,5479,0
rep3,2.1555,5480,0
rep3,2.1555,5481,0
rep3,2.1555,5482,0
rep3,2.1556,5483,0
rep3,2.1556,5484,0
rep3,2.1559,5485,0
rep3,2.1561,5486,0
rep3,2.1562,5487,0
rep3,2.1564,5488,0
rep3,2.1564,5489,0
rep3,2.1565,5490,0
rep3,2.1566,5491,0
rep3,2.1566,5492,0
rep3,2.1566,5493,0
rep3,2.1567,5494,0
rep3,2.1567,5495,0
rep3,2.157,5496,0
rep3,2.157,5497,0
rep3,2.157,5498,0
rep3,2.1571,5499,0
rep3,2.1571,5500,0
rep3,2.1572,5501,0
rep3,2.1573,5502,0
rep3,2.1574,5503,0
rep3,2.1578,5504,0
rep3,2.1579,5505,0
rep3,2.158,5506,0
rep3,2.1581,5507,0
rep3,2.1583,5508,0
rep3,2.1585,5509,0
rep3,2.1585,5510,0
rep3,2.1587,5511,0
rep3,2.1588,5512,0
rep3,2.159,5513,0
rep3,2.1591,5514,0
rep3,2.1594,5515,0
rep3,2.1595,5516,0
rep3,2.1596,5517,0
rep3,2.1597,5518,0
rep3,2.1597,5519,0
rep3,2.1599,5520,0
rep3,2.1601,5521,0
rep3,2.1602,5522,0
rep3,2.1604,5523,0
rep3,2.1608,5524,0
rep3,2.1609,5525,0
rep3,2.161,5526,0
rep3,2.161,5527,0
rep3,2.1612,5528,0
rep3,2.1613,5529,0
rep3,2.1615,5530,0
rep3,2.1615,5531,0
rep3,2.1617,5532,0
rep3,2.162,5533,0
rep3,2.1621,5534,0
rep3,2.1624,5535,0
rep3,2.1632,5536,0
rep3,2.1633,5537,0
rep3,2.1634,5538,0
rep3,2.1637,5539,0
rep3,2.1639,5540,0
rep3,2.1644,5541,0
rep3,2.1644,5542,0
rep3,2.1649,5543,0
rep3,2.1655,5544,0
rep3,2.1657,5545,0
rep3,2.1658,5546,0
rep3,2.166,5547,0
rep3,2.1665,5548,0
rep3,2.1665,5549,0
rep3,2.1666,5550,0
rep3,2.1668,5551,0
rep3,2.1672,5552,0
rep3,2.1674,5553,0
rep3,2.1678,5554,0
rep3,2.1686,5555,0
rep3,2.1689,5556,0
rep3,2.169,5557,0
rep3,2.1692,5558,0
rep3,2.1692,5559,0
rep3,2.1692,5560,0
rep3,2.1694,5561,0
rep3,2.1695,5562,0
rep3,2.1698,5563,0
rep3,2.1699,5564,0
rep3,2.1701,5565,0
rep3,2.1706,5566,0
rep3,2.1707,5567,0
rep3,2.171,5568,0
rep3,2.1711,5569,0
rep3,2.1712,5570,0
rep3,2.1714,5571,0
rep3,2.1721,5572,0
rep3,2.1722,5573,0
rep3,2.1726,5574,0
rep3,2.1733,5575,0
rep3,2.1738,5576,0
rep3,2.1742,5577,0
rep3,2.1752,5578,0
rep3,2.1753,5579,0
rep3,2.1755,5580,0
rep3,2.1758,5581,0
rep3,2.1762,5582,0
rep3,2.1763,5583,0
rep3,2.1763,5584,0
rep3,2.1768,5585,0
rep3,2.1773,5586,0
rep3,2.1775,5587,0
rep3,2.1776,5588,0
rep3,2.1778,5589,0
rep3,2.1779,5590,0
rep3,2.1784,5591,0
rep3,2.1789,5592,0
rep3,2.1792,5593,0
rep3,2.1793,5594,0
rep3,2.18,5595,0
rep3,2.1806,5596,0
rep3,2.1808,5597,0
rep3,2.1809,5598,0
rep3,2.181,5599,0
rep3,2.1813,5600,0
rep3,2.1813,5601,0
rep3,2.1816,5602,0
rep3,2.1826,5603,0
rep3,2.1827,5604,0
rep3,2.1829,5605,0
rep3,2.183,5606,0
rep3,2.1842,5607,0
rep3,2.1844,5608,0
rep3,2.185,5609,0
rep3,2.1854,5610,0
rep3,2.1858,5611,0
rep3,2.1858,5612,0
rep3,2.1858,5613,0
rep3,2.1859,5614,0
rep3,2.186,5615,0
rep3,2.1863,5616,0
rep3,2.1866,5617,0
rep3,2.1866,5618,0
rep3,2.1867,5619,0
rep3,2.1867,5620,0
rep3,2.1869,5621,0
rep3,2.187,5622,0
rep3,2.1873,5623,0
rep3,2.1874,5624,0
rep3,2.1876,5625,0
rep3,2.1877,5626,0
rep3,2.1877,5627,0
rep3,2.1877,5628,0
rep3,2.1879,5629,0
rep3,2.1879,5630,0
rep3,2.188,5631,0
rep3,2.188,5632,0
rep3,2.1882,5633,0
rep3,2.1883,5634,0
rep3,2.1885,5635,0
rep3,2.1887,5636,0
rep3,2.1887,5637,0
rep3,2.1889,5638,0
rep3,2.1891,5639,0
rep3,2.1891,5640,0
rep3,2.1892,5641,0
rep3,2.1894,5642,0
rep3,2.1897,5643,0
rep3,2.1898,5644,0
rep3,2.1898,5645,0
rep3,2.19,5646,0
rep3,2.19,5647,0
rep3,2.1902,5648,0
rep3,2.1903,5649,0
rep3,2.1904,5650,0
rep3,2.1904,5651,0
rep3,2.1905,5652,0
rep3,2.1908,5653,0
rep3,2.1908,5654,0
rep3,2.1914,5655,0
rep3,2.1914,5656,0
rep3,2.192,5657,0
rep3,2.192,5658,0
rep3,2.1921,5659,0
rep3,2.1925,5660,0
rep3,2.1925,5661,0
rep3,2.1928,5662,0
rep3,2.1928,5663,0
rep3,2.1929,5664,0
rep3,2.1929,5665,0
rep3,2.1934,5666,0
rep3,2.1936,5667,0
rep3,2.194,5668,0
rep3,2.1946,5669,0
rep3,2.1947,5670,0
rep3,2.1948,5671,0
rep3,2.1948,5672,0
rep3,2.1948,5673,0
rep3,2.1949,5674,0
rep3,2.1949,5675,0
rep3,2.195,5676,0
rep3,2.195,5677,0
rep3,2.1953,5678,0
rep3,2.1953,5679,0
rep3,2.1955,5680,0
rep3,2.1958,5681,0
rep3,2.1959,5682,0
rep3,2.1961,5683,0
rep3,2.1964,5684,0
rep3,2.1966,5685,0
rep3,2.1967,5686,0
rep3,2.197,5687,0
rep3,2.197,5688,0
rep3,2.1971,5689,0
rep3,2.1974,5690,0
rep3,2.1974,5691,0
rep3,2.1974,5692,0
rep3,2.1978,5693,0
rep3,2.1982,5694,0
rep3,2.1983,5695,0
rep3,2.1985,5696,0
rep3,2.1985,5697,0
rep3,2.1985,5698,0
rep3,2.1986,5699,0
rep3,2.1988,5700,0
rep3,2.199,5701,0
rep3,2.1991,5702,0
rep3,2.1993,5703,0
rep3,2.1993,5704,0
rep3,2.1996,5705,0
rep3,2.1996,5706,0
rep3,2.2003,5707,0
rep3,2.2005,5708,0
rep3,2.2006,5709,0
rep3,2.2009,5710,0
rep3,2.201,5711,0
rep3,2.2014,5712,0
rep3,2.2014,5713,0
rep3,2.2015,5714,0
rep3,2.2017,5715,0
rep3,2.2019,5716,0
rep3,2.202,5717,0
rep3,2.2023,5718,0
rep3,2.2025,5719,0
rep3,2.2025,5720,0
rep3,2.2025,5721,0
rep3,2.203,5722,0
rep3,2.2032,5723,0
rep3,2.2032,5724,0
rep3,2.2032,5725,0
rep3,2.2033,5726,0
rep3,2.2033,5727,0
rep3,2.2035,5728,0
rep3,2.2038,5729,0
rep3,2.2044,5730,0
rep3,2.2046,5731,0
rep3,2.2049,5732,0
rep3,2.2049,5733,0
rep3,2.2051,5734,0
rep3,2.2052,5735,0
rep3,2.2052,5736,0
rep3,2.2057,5737,0
rep3,2.2058,5738,0
rep3,2.2059,5739,0
rep3,2.206,5740,0
rep3,2.2066,5741,0
rep3,2.2068,5742,0
rep3,2.207,5743,0
rep3,2.207,5744,0
rep3,2.2074,5745,0
rep3,2.2077,5746,0
rep3,2.2079,5747,0
rep3,2.2079,5748,0
rep3,2.208,5749,0
rep3,2.208,5750,0
rep3,2.2081,5751,0
rep3,2.2082,5752,0
rep3,2.2084,5753,0
rep3,2.2087,5754,0
rep3,2.2089,5755,0
rep3,2.209,5756,0
rep3,2.2092,5757,0
rep3,2.2092,5758,0
rep3,2.2092,5759,0
rep3,2.2093,5760,0
rep3,2.2093,5761,0
rep3,2.2099,5762,0
rep3,2.2099,5763,0
rep3,2.2103,5764,0
rep3,2.2105,5765,0
rep3,2.2106,5766,0
rep3,2.2111,5767,0
rep3,2.2112,5768,0
rep3,2.2112,5769,0
rep3,2.2119,5770,0
rep3,2.2125,5771,0
rep3,2.213,5772,0
rep3,2.2134,5773,0
rep3,2.2137,5774,0
rep3,2.214,5775,0
rep3,2.2142,5776,0
rep3,2.2147,5777,0
rep3,2.2149,5778,0
rep3,2.2149,5779,0
rep3,2.2149,5780,0
rep3,2.2154,5781,0
rep3,2.2156,5782,0
rep3,2.2157,5783,0
rep3,2.2164,5784,0
rep3,2.2165,5785,0
rep3,2.2167,5786,0
rep3,2.2167,5787,0
rep3,2.217,5788,0
rep3,2.2172,5789,0
rep3,2.2173,5790,0
rep3,2.2176,5791,0
rep3,2.218,5792,0
rep3,2.2182,5793,0
rep3,2.2189,5794,0
rep3,2.219,5795,0
rep3,2.2191,5796,0
rep3,2.2198,5797,0
rep3,2.22,5798,0
rep3,2.2203,5799,0
rep3,2.2204,5800,0
rep3,2.2206,5801,0
rep3,2.2206,5802,0
rep3,2.2207,5803,0
rep3,2.2208,5804,0
rep3,2.2208,5805,0
rep3,2.2216,5806,0
rep3,2.2218,5807,0
rep3,2.2218,5808,0
rep3,2.2221,5809,0
rep3,2.2221,5810,0
rep3,2.2223,5811,0
rep3,2.2224,5812,0
rep3,2.2225,5813,0
rep3,2.2226,5814,0
rep3,2.2227,5815,0
rep3,2.2229,5816,0
rep3,2.223,5817,0
rep3,2.2233,5818,0
rep3,2.2235,5819,0
rep3,2.2236,5820,0
rep3,2.2236,5821,0
rep3,2.2237,5822,0
rep3,2.2238,5823,0
rep3,2.2238,5824,0
rep3,2.2241,5825,0
rep3,2.2242,5826,0
rep3,2.2243,5827,0
rep3,2.2244,5828,0
rep3,2.2247,5829,0
rep3,2.2248,5830,0
rep3,2.2249,5831,0
rep3,2.2254,5832,0
rep3,2.2257,5833,0
rep3,2.2257,5834,0
rep3,2.2258,5835,0
rep3,2.2258,5836,0
rep3,2.2259,5837,0
