rep,t_over_ttl,cum_rehold,cum_duplicate
rep1,1.0105,1,0
rep1,1.0106,2,0
rep1,1.0107,3,0
rep1,1.0108,4,0
rep1,1.0108,5,0
rep1,1.0108,6,0
rep1,1.0108,7,0
rep1,1.0108,8,0
rep1,1.011,9,0
rep1,1.011,10,0
rep1,1.0111,11,0
rep1,1.0112,12,0
rep1,1.0113,13,0
rep1,1.0113,14,0
rep1,1.0113,15,0
rep1,1.0114,16,0
rep1,1.0114,17,0
rep1,1.0115,18,0
rep1,1.0115,19,0
rep1,1.0116,20,0
rep1,1.0116,21,0
rep1,1.0117,22,0
rep1,1.0117,23,0
rep1,1.0118,24,0
rep1,1.0118,25,0
rep1,1.0118,26,0
rep1,1.0118,27,0
rep1,1.012,28,0
rep1,1.012,29,0
rep1,1.0121,30,0
rep1,1.0122,31,0
rep1,1.0122,32,0
rep1,1.0122,33,0
rep1,1.0123,34,0
rep1,1.0123,35,0
rep1,1.0123,36,0
rep1,1.0124,37,0
rep1,1.0124,38,0
rep1,1.0124,39,0
rep1,1.0125,40,0
rep1,1.0126,41,0
rep1,1.0128,42,0
rep1,1.0129,43,0
rep1,1.0129,44,0
rep1,1.0129,45,0
rep1,1.0129,46,0
rep1,1.013,47,0
rep1,1.013,48,0
rep1,1.0131,49,0
rep1,1.0131,50,0
rep1,1.0131,51,0
rep1,1.0132,52,0
rep1,1.0132,53,0
rep1,1.0133,54,0
rep1,1.0134,55,0
rep1,1.0134,56,0
rep1,1.0134,57,0
rep1,1.0135,58,0
rep1,1.0135,59,0
rep1,1.0136,60,0
rep1,1.0137,61,0
rep1,1.0138,62,0
rep1,1.0141,63,0
rep1,1.0142,64,0
rep1,1.0143,65,0
rep1,1.0143,66,0
rep1,1.0143,67,0
rep1,1.0144,68,0
rep1,1.0144,69,0
rep1,1.0145,70,0
rep1,1.0145,71,0
rep1,1.0146,72,0
rep1,1.0147,73,0
rep1,1.0148,74,0
rep1,1.0149,75,0
rep1,1.0149,76,0
rep1,1.0149,77,0
rep1,1.0149,78,0
rep1,1.015,79,0
rep1,1.0151,80,0
rep1,1.0152,81,0
rep1,1.0155,82,0
rep1,1.0155,83,0
rep1,1.0157,84,0
rep1,1.0158,85,0
rep1,1.016,86,0
rep1,1.016,87,0
rep1,1.016,88,0
rep1,1.0162,89,0
rep1,1.0163,90,0
rep1,1.0164,91,0
rep1,1.0164,92,0
rep1,1.0165,93,0
rep1,1.0165,94,0
rep1,1.0165,95,0
rep1,1.0165,96,0
rep1,1.0166,97,0
rep1,1.0166,98,0
rep1,1.0167,99,0
rep1,1.0167,100,0
rep1,1.0167,101,0
rep1,1.0171,102,0
rep1,1.0171,103,0
rep1,1.0172,104,0
rep1,1.0174,105,0
rep1,1.0175,106,0
rep1,1.0175,107,0
rep1,1.0177,108,0
rep1,1.0181,109,0
rep1,1.0184,110,0
rep1,1.0185,111,0
rep1,1.0188,112,0
rep1,1.0188,113,0
rep1,1.019,114,0
rep1,1.0191,115,0
rep1,1.0191,116,0
rep1,1.0192,117,0
rep1,1.0193,118,0
rep1,1.0194,119,0
rep1,1.0195,120,0
rep1,1.0196,121,0
rep1,1.0199,122,0
rep1,1.02,123,0
rep1,1.0203,124,0
rep1,1.0204,125,0
rep1,1.0208,126,0
rep1,1.0211,127,0
rep1,1.0213,128,0
rep1,1.0214,129,0
rep1,1.0214,130,0
rep1,1.0216,131,0
rep1,1.0219,132,0
rep1,1.0222,133,0
rep1,1.0223,134,0
rep1,1.0227,135,0
rep1,1.0227,136,0
rep1,1.0227,137,0
rep1,1.0228,138,0
rep1,1.0229,139,0
rep1,1.0232,140,0
rep1,1.0233,141,0
rep1,1.0234,142,0
rep1,1.0236,143,0
rep1,1.0236,144,0
rep1,1.0241,145,0
rep1,1.0242,146,0
rep1,1.0242,147,0
rep1,1.0243,148,0
rep1,1.0246,149,0
rep1,1.0252,150,0
rep1,1.0256,151,0
rep1,1.0259,152,0
rep1,1.0263,153,0
rep1,1.0265,154,0
rep1,1.0268,155,0
rep1,1.0268,156,0
rep1,1.0274,157,0
rep1,1.0279,158,0
rep1,1.0281,159,0
rep1,1.0282,160,0
rep1,1.0284,161,0
rep1,1.0285,162,0
rep1,1.0288,163,0
rep1,1.0291,164,0
rep1,1.0293,165,0
rep1,1.0293,166,0
rep1,1.0297,167,0
rep1,1.0299,168,0
rep1,1.0306,169,0
rep1,1.0311,170,0
rep1,1.0311,171,0
rep1,1.0314,172,0
rep1,1.032,173,0
rep1,1.0321,174,0
rep1,1.0324,175,0
rep1,1.0327,176,0
rep1,1.0327,177,0
rep1,1.0332,178,0
rep1,1.0336,179,0
rep1,1.0358,180,0
rep1,1.0358,181,0
rep1,1.0365,182,0
rep1,1.0365,183,0
rep1,1.0373,184,0
rep1,1.0376,185,0
rep1,1.0378,186,0
rep1,1.0384,187,0
rep1,1.0408,188,0
rep1,1.0411,189,0
rep1,1.0412,190,0
rep1,1.0416,191,0
rep1,1.0419,192,0
rep1,1.044,193,0
rep1,1.0441,194,0
rep1,1.0444,195,0
rep1,1.0444,196,0
rep1,1.0444,197,0
rep1,1.0444,198,0
rep1,1.0445,199,0
rep1,1.0445,200,0
rep1,1.0445,201,0
rep1,1.0445,202,0
rep1,1.0445,203,0
rep1,1.0446,204,0
rep1,1.0446,205,0
rep1,1.0446,206,0
rep1,1.0446,207,0
rep1,1.0446,208,0
rep1,1.0446,209,0
rep1,1.0446,210,0
rep1,1.0447,211,0
rep1,1.0447,212,0
rep1,1.0447,213,0
rep1,1.0447,214,0
rep1,1.0447,215,0
rep1,1.0448,216,0
rep1,1.0448,217,0
rep1,1.0448,218,0
rep1,1.0448,219,0
rep1,1.0448,220,0
rep1,1.0448,221,0
rep1,1.0448,222,0
rep1,1.0449,223,0
rep1,1.0449,224,0
rep1,1.0449,225,0
rep1,1.0449,226,0
rep1,1.0449,227,0
rep1,1.0449,228,0
rep1,1.0449,229,0
rep1,1.0449,230,0
rep1,1.045,231,0
rep1,1.045,232,0
rep1,1.045,233,0
rep1,1.045,234,0
rep1,1.045,235,0
rep1,1.045,236,0
rep1,1.045,237,0
rep1,1.0451,238,0
rep1,1.0451,239,0
rep1,1.0451,240,0
rep1,1.0451,241,0
rep1,1.0451,242,0
rep1,1.0452,243,0
rep1,1.0452,244,0
rep1,1.0452,245,0
rep1,1.0453,246,0
rep1,1.0453,247,0
rep1,1.0453,248,0
rep1,1.0453,249,0
rep1,1.0453,250,0
rep1,1.0453,251,0
rep1,1.0453,252,0
rep1,1.0453,253,0
rep1,1.0454,254,0
rep1,1.0454,255,0
rep1,1.0454,256,0
rep1,1.0454,257,0
rep1,1.0454,258,0
rep1,1.0454,259,0
rep1,1.0455,260,0
rep1,1.0455,261,0
rep1,1.0455,262,0
rep1,1.0455,263,0
rep1,1.0455,264,0
rep1,1.0455,265,0
rep1,1.0456,266,0
rep1,1.0456,267,0
rep1,1.0456,268,0
rep1,1.0456,269,0
rep1,1.0456,270,0
rep1,1.0456,271,0
rep1,1.0457,272,0
rep1,1.0457,273,0
rep1,1.0457,274,0
rep1,1.0457,275,0
rep1,1.0457,276,0
rep1,1.0458,277,0
rep1,1.0458,278,0
rep1,1.0458,279,0
rep1,1.0458,280,0
rep1,1.0458,281,0
rep1,1.0458,282,0
rep1,1.0458,283,0
rep1,1.0459,284,0
rep1,1.0459,285,0
rep1,1.0459,286,0
rep1,1.0459,287,0
rep1,1.0459,288,0
rep1,1.0459,289,0
rep1,1.0459,290,0
rep1,1.0459,291,0
rep1,1.0459,292,0
rep1,1.0459,293,0
rep1,1.046,294,0
rep1,1.046,295,0
rep1,1.046,296,0
rep1,1.046,297,0
rep1,1.046,298,0
rep1,1.046,299,0
rep1,1.046,300,0
rep1,1.046,301,0
rep1,1.0461,302,0
rep1,1.0461,303,0
rep1,1.0461,304,0
rep1,1.0461,305,0
rep1,1.0461,306,0
rep1,1.0461,307,0
rep1,1.0461,308,0
rep1,1.0462,309,0
rep1,1.0462,310,0
rep1,1.0462,311,0
rep1,1.0462,312,0
rep1,1.0462,313,0
rep1,1.0462,314,0
rep1,1.0462,315,0
rep1,1.0463,316,0
rep1,1.0463,317,0
rep1,1.0463,318,0
rep1,1.0463,319,0
rep1,1.0463,320,0
rep1,1.0464,321,0
rep1,1.0464,322,0
rep1,1.0464,323,0
rep1,1.0464,324,0
rep1,1.0464,325,0
rep1,1.0465,326,0
rep1,1.0465,327,0
rep1,1.0465,328,0
rep1,1.0465,329,0
rep1,1.0465,330,0
rep1,1.0465,331,0
rep1,1.0465,332,0
rep1,1.0466,333,0
rep1,1.0466,334,0
rep1,1.0466,335,0
rep1,1.0466,336,0
rep1,1.0466,337,0
rep1,1.0466,338,0
rep1,1.0466,339,0
rep1,1.0467,340,0
rep1,1.0467,341,0
rep1,1.0467,342,0
rep1,1.0467,343,0
rep1,1.0467,344,0
rep1,1.0467,345,0
rep1,1.0468,346,0
rep1,1.0468,347,0
rep1,1.0468,348,0
rep1,1.0468,349,0
rep1,1.0468,350,0
rep1,1.0468,351,0
rep1,1.0468,352,0
rep1,1.0468,353,0
rep1,1.0469,354,0
rep1,1.0469,355,0
rep1,1.0469,356,0
rep1,1.0469,357,0
rep1,1.0469,358,0
rep1,1.0469,359,0
rep1,1.0469,360,0
rep1,1.0469,361,0
rep1,1.047,362,0
rep1,1.047,363,0
rep1,1.047,364,0
rep1,1.047,365,0
rep1,1.0471,366,0
rep1,1.0471,367,0
rep1,1.0471,368,0
rep1,1.0471,369,0
rep1,1.0471,370,0
rep1,1.0471,371,0
rep1,1.0472,372,0
rep1,1.0472,373,0
rep1,1.0472,374,0
rep1,1.0472,375,0
rep1,1.0473,376,0
rep1,1.0473,377,0
rep1,1.0473,378,0
rep1,1.0473,379,0
rep1,1.0473,380,0
rep1,1.0473,381,0
rep1,1.0474,382,0
rep1,1.0474,383,0
rep1,1.0474,384,0
rep1,1.0475,385,0
rep1,1.0475,386,0
rep1,1.0475,387,0
rep1,1.0475,388,0
rep1,1.0475,389,0
rep1,1.0475,390,0
rep1,1.0476,391,0
rep1,1.0476,392,0
rep1,1.0476,393,0
rep1,1.0476,394,0
rep1,1.0476,395,0
rep1,1.0476,396,0
rep1,1.0477,397,0
rep1,1.0477,398,0
rep1,1.0478,399,0
rep1,1.0478,400,0
rep1,1.0478,401,0
rep1,1.0478,402,0
rep1,1.0478,403,0
rep1,1.0478,404,0
rep1,1.0479,405,0
rep1,1.0479,406,0
rep1,1.0479,407,0
rep1,1.0479,408,0
rep1,1.0479,409,0
rep1,1.0479,410,0
rep1,1.0479,411,0
rep1,1.048,412,0
rep1,1.048,413,0
rep1,1.048,414,0
rep1,1.048,415,0
rep1,1.048,416,0
rep1,1.048,417,0
rep1,1.048,418,0
rep1,1.0481,419,0
rep1,1.0481,420,0
rep1,1.0481,421,0
rep1,1.0481,422,0
rep1,1.0481,423,0
rep1,1.0481,424,0
rep1,1.0482,425,0
rep1,1.0482,426,0
rep1,1.0482,427,0
rep1,1.0482,428,0
rep1,1.0482,429,0
rep1,1.0482,430,0
rep1,1.0483,431,0
rep1,1.0483,432,0
rep1,1.0483,433,0
rep1,1.0483,434,0
rep1,1.0483,435,0
rep1,1.0484,436,0
rep1,1.0484,437,0
rep1,1.0484,438,0
rep1,1.0484,439,0
rep1,1.0484,440,0
rep1,1.0484,441,0
rep1,1.0484,442,0
rep1,1.0485,443,0
rep1,1.0485,444,0
rep1,1.0485,445,0
rep1,1.0485,446,0
rep1,1.0485,447,0
rep1,1.0486,448,0
rep1,1.0486,449,0
rep1,1.0486,450,0
rep1,1.0486,451,0
rep1,1.0486,452,0
rep1,1.0487,453,0
rep1,1.0487,454,0
rep1,1.0487,455,0
rep1,1.0487,456,0
rep1,1.0487,457,0
rep1,1.0487,458,0
rep1,1.0488,459,0
rep1,1.0488,460,0
rep1,1.0488,461,0
rep1,1.0488,462,0
rep1,1.0488,463,0
rep1,1.0488,464,0
rep1,1.0488,465,0
rep1,1.0489,466,0
rep1,1.0489,467,0
rep1,1.0489,468,0
rep1,1.0489,469,0
rep1,1.0489,470,0
rep1,1.0489,471,0
rep1,1.0489,472,0
rep1,1.049,473,0
rep1,1.049,474,0
rep1,1.049,475,0
rep1,1.0491,476,0
rep1,1.0491,477,0
rep1,1.0491,478,0
rep1,1.0492,479,0
rep1,1.0492,480,0
rep1,1.0492,481,0
rep1,1.0492,482,0
rep1,1.0493,483,0
rep1,1.0493,484,0
rep1,1.0493,485,0
rep1,1.0493,486,0
rep1,1.0493,487,0
rep1,1.0493,488,0
rep1,1.0493,489,0
rep1,1.0493,490,0
rep1,1.0494,491,0
rep1,1.0494,492,0
rep1,1.0494,493,0
rep1,1.0495,494,0
rep1,1.0495,495,0
rep1,1.0495,496,0
rep1,1.0495,497,0
rep1,1.0495,498,0
rep1,1.0495,499,0
rep1,1.0495,500,0
rep1,1.0496,501,0
rep1,1.0496,502,0
rep1,1.0496,503,0
rep1,1.0496,504,0
rep1,1.0497,505,0
rep1,1.0497,506,0
rep1,1.0497,507,0
rep1,1.0497,508,0
rep1,1.0497,509,0
rep1,1.0497,510,0
rep1,1.0497,511,0
rep1,1.0498,512,0
rep1,1.0498,513,0
rep1,1.0498,514,0
rep1,1.0498,515,0
rep1,1.0498,516,0
rep1,1.0499,517,0
rep1,1.0499,518,0
rep1,1.0499,519,0
rep1,1.0499,520,0
rep1,1.0499,521,0
rep1,1.05,522,0
rep1,1.05,523,0
rep1,1.05,524,0
rep1,1.05,525,0
rep1,1.05,526,0
rep1,1.05,527,0
rep1,1.0501,528,0
rep1,1.0501,529,0
rep1,1.0501,530,0
rep1,1.0501,531,0
rep1,1.0502,532,0
rep1,1.0502,533,0
rep1,1.0502,534,0
rep1,1.0502,535,0
rep1,1.0502,536,0
rep1,1.0503,537,0
rep1,1.0503,538,0
rep1,1.0503,539,0
rep1,1.0503,540,0
rep1,1.0503,541,0
rep1,1.0504,542,0
rep1,1.0504,543,0
rep1,1.0504,544,0
rep1,1.0504,545,0
rep1,1.0504,546,0
rep1,1.0504,547,0
rep1,1.0505,548,0
rep1,1.0505,549,0
rep1,1.0505,550,0
rep1,1.0506,551,0
rep1,1.0506,552,0
rep1,1.0506,553,0
rep1,1.0506,554,0
rep1,1.0506,555,0
rep1,1.0507,556,0
rep1,1.0507,557,0
rep1,1.0507,558,0
rep1,1.0507,559,0
rep1,1.0507,560,0
rep1,1.0508,561,0
rep1,1.0508,562,0
rep1,1.0508,563,0
rep1,1.0508,564,0
rep1,1.0508,565,0
rep1,1.0508,566,0
rep1,1.0508,567,0
rep1,1.0508,568,0
rep1,1.0509,569,0
rep1,1.0509,570,0
rep1,1.0509,571,0
rep1,1.0509,572,0
rep1,1.0509,573,0
rep1,1.051,574,0
rep1,1.051,575,0
rep1,1.051,576,0
rep1,1.051,577,0
rep1,1.051,578,0
rep1,1.051,579,0
rep1,1.0511,580,0
rep1,1.0511,581,0
rep1,1.0511,582,0
rep1,1.0512,583,0
rep1,1.0512,584,0
rep1,1.0512,585,0
rep1,1.0512,586,0
rep1,1.0513,587,0
rep1,1.0513,588,0
rep1,1.0513,589,0
rep1,1.0514,590,0
rep1,1.0514,591,0
rep1,1.0514,592,0
rep1,1.0515,593,0
rep1,1.0515,594,0
rep1,1.0515,595,0
rep1,1.0515,596,0
rep1,1.0515,597,0
rep1,1.0515,598,0
rep1,1.0515,599,0
rep1,1.0516,600,0
rep1,1.0516,601,0
rep1,1.0516,602,0
rep1,1.0516,603,0
rep1,1.0516,604,0
rep1,1.0517,605,0
rep1,1.0517,606,0
rep1,1.0517,607,0
rep1,1.0518,608,0
rep1,1.0518,609,0
rep1,1.0519,610,0
rep1,1.0519,611,0
rep1,1.0519,612,0
rep1,1.0519,613,0
rep1,1.052,614,0
rep1,1.0521,615,0
rep1,1.0521,616,0
rep1,1.0521,617,0
rep1,1.0521,618,0
rep1,1.0522,619,0
rep1,1.0522,620,0
rep1,1.0522,621,0
rep1,1.0522,622,0
rep1,1.0522,623,0
rep1,1.0522,624,0
rep1,1.0523,625,0
rep1,1.0523,626,0
rep1,1.0523,627,0
rep1,1.0524,628,0
rep1,1.0524,629,0
rep1,1.0524,630,0
rep1,1.0524,631,0
rep1,1.0524,632,0
rep1,1.0525,633,0
rep1,1.0525,634,0
rep1,1.0525,635,0
rep1,1.0525,636,0
rep1,1.0525,637,0
rep1,1.0525,638,0
rep1,1.0526,639,0
rep1,1.0526,640,0
rep1,1.0526,641,0
rep1,1.0527,642,0
rep1,1.0527,643,0
rep1,1.0527,644,0
rep1,1.0527,645,0
rep1,1.0528,646,0
rep1,1.0528,647,0
rep1,1.0529,648,0
rep1,1.0529,649,0
rep1,1.0529,650,0
rep1,1.0529,651,0
rep1,1.0529,652,0
rep1,1.0529,653,0
rep1,1.053,654,0
rep1,1.053,655,0
rep1,1.053,656,0
rep1,1.053,657,0
rep1,1.0531,658,0
rep1,1.0531,659,0
rep1,1.0532,660,0
rep1,1.0532,661,0
rep1,1.0532,662,0
rep1,1.0532,663,0
rep1,1.0532,664,0
rep1,1.0532,665,0
rep1,1.0533,666,0
rep1,1.0533,667,0
rep1,1.0533,668,0
rep1,1.0534,669,0
rep1,1.0534,670,0
rep1,1.0534,671,0
rep1,1.0534,672,0
rep1,1.0535,673,0
rep1,1.0535,674,0
rep1,1.0535,675,0
rep1,1.0535,676,0
rep1,1.0536,677,0
rep1,1.0536,678,0
rep1,1.0536,679,0
rep1,1.0537,680,0
rep1,1.0537,681,0
rep1,1.0537,682,0
rep1,1.0537,683,0
rep1,1.0537,684,0
rep1,1.0538,685,0
rep1,1.0538,686,0
rep1,1.0538,687,0
rep1,1.0538,688,0
rep1,1.0539,689,0
rep1,1.0539,690,0
rep1,1.0539,691,0
rep1,1.0539,692,0
rep1,1.054,693,0
rep1,1.054,694,0
rep1,1.0541,695,0
rep1,1.0541,696,0
rep1,1.0541,697,0
rep1,1.0541,698,0
rep1,1.0542,699,0
rep1,1.0542,700,0
rep1,1.0542,701,0
rep1,1.0542,702,0
rep1,1.0542,703,0
rep1,1.0542,704,0
rep1,1.0543,705,0
rep1,1.0543,706,0
rep1,1.0543,707,0
rep1,1.0544,708,0
rep1,1.0544,709,0
rep1,1.0544,710,0
rep1,1.0544,711,0
rep1,1.0544,712,0
rep1,1.0545,713,0
rep1,1.0545,714,0
rep1,1.0545,715,0
rep1,1.0546,716,0
rep1,1.0546,717,0
rep1,1.0546,718,0
rep1,1.0546,719,0
rep1,1.0547,720,0
rep1,1.0547,721,0
rep1,1.0548,722,0
rep1,1.0548,723,0
rep1,1.0548,724,0
rep1,1.0549,725,0
rep1,1.0549,726,0
rep1,1.0549,727,0
rep1,1.0549,728,0
rep1,1.055,729,0
rep1,1.055,730,0
rep1,1.055,731,0
rep1,1.055,732,0
rep1,1.055,733,0
rep1,1.055,734,0
rep1,1.055,735,0
rep1,1.0551,736,0
rep1,1.0551,737,0
rep1,1.0551,738,0
rep1,1.0552,739,0
rep1,1.0552,740,0
rep1,1.0552,741,0
rep1,1.0553,742,0
rep1,1.0553,743,0
rep1,1.0553,744,0
rep1,1.0554,745,0
rep1,1.0554,746,0
rep1,1.0554,747,0
rep1,1.0554,748,0
rep1,1.0555,749,0
rep1,1.0556,750,0
rep1,1.0556,751,0
rep1,1.0556,752,0
rep1,1.0556,753,0
rep1,1.0556,754,0
rep1,1.0557,755,0
rep1,1.0557,756,0
rep1,1.0557,757,0
rep1,1.0557,758,0
rep1,1.0557,759,0
rep1,1.0558,760,0
rep1,1.0558,761,0
rep1,1.0558,762,0
rep1,1.0558,763,0
rep1,1.0558,764,0
rep1,1.0558,765,0
rep1,1.0559,766,0
rep1,1.0559,767,0
rep1,1.056,768,0
rep1,1.056,769,0
rep1,1.056,770,0
rep1,1.056,771,0
rep1,1.056,772,0
rep1,1.0561,773,0
rep1,1.0561,774,0
rep1,1.0561,775,0
rep1,1.0561,776,0
rep1,1.0561,777,0
rep1,1.0562,778,0
rep1,1.0563,779,0
rep1,1.0563,780,0
rep1,1.0563,781,0
rep1,1.0563,782,0
rep1,1.0564,783,0
rep1,1.0564,784,0
rep1,1.0564,785,0
rep1,1.0565,786,0
rep1,1.0565,787,0
rep1,1.0565,788,0
rep1,1.0565,789,0
rep1,1.0565,790,0
rep1,1.0566,791,0
rep1,1.0566,792,0
rep1,1.0567,793,0
rep1,1.0567,794,0
rep1,1.0567,795,0
rep1,1.0568,796,0
rep1,1.0568,797,0
rep1,1.0568,798,0
rep1,1.0569,799,0
rep1,1.0569,800,0
rep1,1.0569,801,0
rep1,1.057,802,0
rep1,1.057,803,0
rep1,1.057,804,0
rep1,1.057,805,0
rep1,1.0571,806,0
rep1,1.0571,807,0
rep1,1.0572,808,0
rep1,1.0572,809,0
rep1,1.0572,810,0
rep1,1.0572,811,0
rep1,1.0573,812,0
rep1,1.0573,813,0
rep1,1.0574,814,0
rep1,1.0574,815,0
rep1,1.0574,816,0
rep1,1.0574,817,0
rep1,1.0575,818,0
rep1,1.0575,819,0
rep1,1.0576,820,0
rep1,1.0576,821,0
rep1,1.0576,822,0
rep1,1.0577,823,0
rep1,1.0577,824,0
rep1,1.0577,825,0
rep1,1.0578,826,0
rep1,1.0578,827,0
rep1,1.0578,828,0
rep1,1.0579,829,0
rep1,1.058,830,0
rep1,1.058,831,0
rep1,1.058,832,0
rep1,1.058,833,0
rep1,1.0582,834,0
rep1,1.0582,835,0
rep1,1.0582,836,0
rep1,1.0583,837,0
rep1,1.0583,838,0
rep1,1.0583,839,0
rep1,1.0583,840,0
rep1,1.0583,841,0
rep1,1.0584,842,0
rep1,1.0584,843,0
rep1,1.0584,844,0
rep1,1.0585,845,0
rep1,1.0586,846,0
rep1,1.0586,847,0
rep1,1.0586,848,0
rep1,1.0587,849,0
rep1,1.0587,850,0
rep1,1.0588,851,0
rep1,1.0588,852,0
rep1,1.0589,853,0
rep1,1.0589,854,0
rep1,1.0589,855,0
rep1,1.0589,856,0
rep1,1.059,857,0
rep1,1.059,858,0
rep1,1.059,859,0
rep1,1.0591,860,0
rep1,1.0591,861,0
rep1,1.0591,862,0
rep1,1.0591,863,0
rep1,1.0591,864,0
rep1,1.0593,865,0
rep1,1.0593,866,0
rep1,1.0594,867,0
rep1,1.0594,868,0
rep1,1.0595,869,0
rep1,1.0595,870,0
rep1,1.0595,871,0
rep1,1.0595,872,0
rep1,1.0596,873,0
rep1,1.0596,874,0
rep1,1.0597,875,0
rep1,1.0597,876,0
rep1,1.0597,877,0
rep1,1.0597,878,0
rep1,1.0597,879,0
rep1,1.0598,880,0
rep1,1.0598,881,0
rep1,1.0598,882,0
rep1,1.0598,883,0
rep1,1.0599,884,0
rep1,1.0599,885,0
rep1,1.0599,886,0
rep1,1.0599,887,0
rep1,1.0599,888,0
rep1,1.0599,889,0
rep1,1.0599,890,0
rep1,1.06,891,0
rep1,1.0601,892,0
rep1,1.0602,893,0
rep1,1.0603,894,0
rep1,1.0604,895,0
rep1,1.0604,896,0
rep1,1.0604,897,0
rep1,1.0605,898,0
rep1,1.0605,899,0
rep1,1.0606,900,0
rep1,1.0608,901,0
rep1,1.0608,902,0
rep1,1.0609,903,0
rep1,1.061,904,0
rep1,1.061,905,0
rep1,1.061,906,0
rep1,1.0611,907,0
rep1,1.0611,908,0
rep1,1.0611,909,0
rep1,1.0612,910,0
rep1,1.0614,911,0
rep1,1.0614,912,0
rep1,1.0615,913,0
rep1,1.0615,914,0
rep1,1.0616,915,0
rep1,1.0616,916,0
rep1,1.0616,917,0
rep1,1.0617,918,0
rep1,1.0618,919,0
rep1,1.0619,920,0
rep1,1.062,921,0
rep1,1.062,922,0
rep1,1.062,923,0
rep1,1.062,924,0
rep1,1.062,925,0
rep1,1.0621,926,0
rep1,1.0622,927,0
rep1,1.0622,928,0
rep1,1.0623,929,0
rep1,1.0623,930,0
rep1,1.0623,931,0
rep1,1.0624,932,0
rep1,1.0625,933,0
rep1,1.0626,934,0
rep1,1.0626,935,0
rep1,1.0627,936,0
rep1,1.0628,937,0
rep1,1.0628,938,0
rep1,1.0628,939,0
rep1,1.0628,940,0
rep1,1.0629,941,0
rep1,1.0629,942,0
rep1,1.0629,943,0
rep1,1.0629,944,0
rep1,1.063,945,0
rep1,1.063,946,0
rep1,1.063,947,0
rep1,1.0631,948,0
rep1,1.0632,949,0
rep1,1.0632,950,0
rep1,1.0633,951,0
rep1,1.0633,952,0
rep1,1.0634,953,0
rep1,1.0634,954,0
rep1,1.0635,955,0
rep1,1.0636,956,0
rep1,1.0637,957,0
rep1,1.0638,958,0
rep1,1.0638,959,0
rep1,1.0638,960,0
rep1,1.0639,961,0
rep1,1.0641,962,0
rep1,1.0641,963,0
rep1,1.0643,964,0
rep1,1.0644,965,0
rep1,1.0644,966,0
rep1,1.0645,967,0
rep1,1.0646,968,0
rep1,1.0646,969,0
rep1,1.0646,970,0
rep1,1.0647,971,0
rep1,1.0649,972,0
rep1,1.065,973,0
rep1,1.065,974,0
rep1,1.0652,975,0
rep1,1.0652,976,0
rep1,1.0652,977,0
rep1,1.0653,978,0
rep1,1.0654,979,0
rep1,1.0655,980,0
rep1,1.0655,981,0
rep1,1.0656,982,0
rep1,1.0656,983,0
rep1,1.0656,984,0
rep1,1.0658,985,0
rep1,1.0658,986,0
rep1,1.0659,987,0
rep1,1.0659,988,0
rep1,1.0659,989,0
rep1,1.066,990,0
rep1,1.066,991,0
rep1,1.0661,992,0
rep1,1.0662,993,0
rep1,1.0662,994,0
rep1,1.0664,995,0
rep1,1.0664,996,0
rep1,1.0664,997,0
rep1,1.0665,998,0
rep1,1.0665,999,0
rep1,1.0665,1000,0
rep1,1.0665,1001,0
rep1,1.067,1002,0
rep1,1.067,1003,0
rep1,1.067,1004,0
rep1,1.0671,1005,0
rep1,1.0671,1006,0
rep1,1.0671,1007,0
rep1,1.0671,1008,0
rep1,1.0674,1009,0
rep1,1.0674,1010,0
rep1,1.0675,1011,0
rep1,1.0676,1012,0
rep1,1.0676,1013,0
rep1,1.0676,1014,0
rep1,1.0679,1015,0
rep1,1.068,1016,0
rep1,1.0681,1017,0
rep1,1.0681,1018,0
rep1,1.0681,1019,0
rep1,1.0682,1020,0
rep1,1.0683,1021,0
rep1,1.0683,1022,0
rep1,1.0683,1023,0
rep1,1.0683,1024,0
rep1,1.0684,1025,0
rep1,1.0684,1026,0
rep1,1.0685,1027,0
rep1,1.0685,1028,0
rep1,1.0685,1029,0
rep1,1.0685,1030,0
rep1,1.0686,1031,0
rep1,1.0687,1032,0
rep1,1.0687,1033,0
rep1,1.0687,1034,0
rep1,1.0688,1035,0
rep1,1.0688,1036,0
rep1,1.0689,1037,0
rep1,1.0692,1038,0
rep1,1.0695,1039,0
rep1,1.0696,1040,0
rep1,1.0696,1041,0
rep1,1.0697,1042,0
rep1,1.0698,1043,0
rep1,1.0699,1044,0
rep1,1.0699,1045,0
rep1,1.0701,1046,0
rep1,1.0701,1047,0
rep1,1.0702,1048,0
rep1,1.0702,1049,0
rep1,1.0704,1050,0
rep1,1.0705,1051,0
rep1,1.0706,1052,0
rep1,1.0707,1053,0
rep1,1.0707,1054,0
rep1,1.0707,1055,0
rep1,1.0709,1056,0
rep1,1.071,1057,0
rep1,1.071,1058,0
rep1,1.0711,1059,0
rep1,1.0712,1060,0
rep1,1.0713,1061,0
rep1,1.0713,1062,0
rep1,1.0713,1063,0
rep1,1.0714,1064,0
rep1,1.0714,1065,0
rep1,1.0715,1066,0
rep1,1.0715,1067,0
rep1,1.0716,1068,0
rep1,1.0716,1069,0
rep1,1.0719,1070,0
rep1,1.0719,1071,0
rep1,1.0721,1072,0
rep1,1.0721,1073,0
rep1,1.0721,1074,0
rep1,1.0721,1075,0
rep1,1.0721,1076,0
rep1,1.0722,1077,0
rep1,1.0723,1078,0
rep1,1.0723,1079,0
rep1,1.0724,1080,0
rep1,1.0725,1081,0
rep1,1.0727,1082,0
rep1,1.0727,1083,0
rep1,1.0728,1084,0
rep1,1.0728,1085,0
rep1,1.0729,1086,0
rep1,1.073,1087,0
rep1,1.073,1088,0
rep1,1.073,1089,0
rep1,1.0731,1090,0
rep1,1.0734,1091,0
rep1,1.0735,1092,0
rep1,1.0736,1093,0
rep1,1.0736,1094,0
rep1,1.0736,1095,0
rep1,1.0737,1096,0
rep1,1.0737,1097,0
rep1,1.0738,1098,0
rep1,1.0739,1099,0
rep1,1.0739,1100,0
rep1,1.0743,1101,0
rep1,1.0743,1102,0
rep1,1.0744,1103,0
rep1,1.0744,1104,0
rep1,1.0745,1105,0
rep1,1.075,1106,0
rep1,1.0752,1107,0
rep1,1.0752,1108,0
rep1,1.0753,1109,0
rep1,1.0756,1110,0
rep1,1.0756,1111,0
rep1,1.0756,1112,0
rep1,1.0758,1113,0
rep1,1.0758,1114,0
rep1,1.0759,1115,0
rep1,1.0762,1116,0
rep1,1.0762,1117,0
rep1,1.0762,1118,0
rep1,1.0763,1119,0
rep1,1.0763,1120,0
rep1,1.0765,1121,0
rep1,1.0765,1122,0
rep1,1.0765,1123,0
rep1,1.0766,1124,0
rep1,1.0769,1125,0
rep1,1.0769,1126,0
rep1,1.0769,1127,0
rep1,1.077,1128,0
rep1,1.0771,1129,0
rep1,1.0771,1130,0
rep1,1.0771,1131,0
rep1,1.0771,1132,0
rep1,1.0774,1133,0
rep1,1.0774,1134,0
rep1,1.0774,1135,0
rep1,1.0775,1136,0
rep1,1.0776,1137,0
rep1,1.0778,1138,0
rep1,1.0781,1139,0
rep1,1.0781,1140,0
rep1,1.0781,1141,0
rep1,1.0782,1142,0
rep1,1.0782,1143,0
rep1,1.0783,1144,0
rep1,1.0783,1145,0
rep1,1.0783,1146,0
rep1,1.0784,1147,0
rep1,1.0784,1148,0
rep1,1.0784,1149,0
rep1,1.0784,1150,0
rep1,1.0785,1151,0
rep1,1.0785,1152,0
rep1,1.0786,1153,0
rep1,1.0787,1154,0
rep1,1.0788,1155,0
rep1,1.0788,1156,0
rep1,1.0788,1157,0
rep1,1.0789,1158,0
rep1,1.0789,1159,0
rep1,1.0789,1160,0
rep1,1.0789,1161,0
rep1,1.0789,1162,0
rep1,1.0789,1163,0
rep1,1.0789,1164,0
rep1,1.079,1165,0
rep1,1.079,1166,0
rep1,1.0791,1167,0
rep1,1.0791,1168,0
rep1,1.0792,1169,0
rep1,1.0792,1170,0
rep1,1.0792,1171,0
rep1,1.0793,1172,0
rep1,1.0793,1173,0
rep1,1.0793,1174,0
rep1,1.0794,1175,0
rep1,1.0794,1176,0
rep1,1.0795,1177,0
rep1,1.0795,1178,0
rep1,1.0795,1179,0
rep1,1.0796,1180,0
rep1,1.0796,1181,0
rep1,1.0796,1182,0
rep1,1.0796,1183,0
rep1,1.0797,1184,0
rep1,1.0797,1185,0
rep1,1.0798,1186,0
rep1,1.0798,1187,0
rep1,1.0798,1188,0
rep1,1.0799,1189,0
rep1,1.0799,1190,0
rep1,1.0799,1191,0
rep1,1.0799,1192,0
rep1,1.08,1193,0
rep1,1.0803,1194,0
rep1,1.0803,1195,0
rep1,1.0803,1196,0
rep1,1.0804,1197,0
rep1,1.0805,1198,0
rep1,1.0805,1199,0
rep1,1.0805,1200,0
rep1,1.0806,1201,0
rep1,1.0806,1202,0
rep1,1.0806,1203,0
rep1,1.0806,1204,0
rep1,1.0807,1205,0
rep1,1.0807,1206,0
rep1,1.0808,1207,0
rep1,1.0808,1208,0
rep1,1.0808,1209,0
rep1,1.0808,1210,0
rep1,1.0808,1211,0
rep1,1.0809,1212,0
rep1,1.0809,1213,0
rep1,1.0809,1214,0
rep1,1.081,1215,0
rep1,1.081,1216,0
rep1,1.081,1217,0
rep1,1.081,1218,0
rep1,1.081,1219,0
rep1,1.081,1220,0
rep1,1.0812,1221,0
rep1,1.0812,1222,0
rep1,1.0813,1223,0
rep1,1.0814,1224,0
rep1,1.0814,1225,0
rep1,1.0815,1226,0
rep1,1.0815,1227,0
rep1,1.0815,1228,0
rep1,1.0816,1229,0
rep1,1.0817,1230,0
rep1,1.0817,1231,0
rep1,1.0817,1232,0
rep1,1.0817,1233,0
rep1,1.0817,1234,0
rep1,1.0818,1235,0
rep1,1.0818,1236,0
rep1,1.0819,1237,0
rep1,1.0819,1238,0
rep1,1.0819,1239,0
rep1,1.082,1240,0
rep1,1.082,1241,0
rep1,1.0821,1242,0
rep1,1.0821,1243,0
rep1,1.0822,1244,0
rep1,1.0822,1245,0
rep1,1.0822,1246,0
rep1,1.0823,1247,0
rep1,1.0823,1248,0
rep1,1.0823,1249,0
rep1,1.0823,1250,0
rep1,1.0824,1251,0
rep1,1.0824,1252,0
rep1,1.0824,1253,0
rep1,1.0825,1254,0
rep1,1.0826,1255,0
rep1,1.0826,1256,0
rep1,1.0827,1257,0
rep1,1.0827,1258,0
rep1,1.0828,1259,0
rep1,1.0828,1260,0
rep1,1.0828,1261,0
rep1,1.0829,1262,0
rep1,1.0829,1263,0
rep1,1.0829,1264,0
rep1,1.083,1265,0
rep1,1.083,1266,0
rep1,1.083,1267,0
rep1,1.0831,1268,0
rep1,1.0833,1269,0
rep1,1.0833,1270,0
rep1,1.0834,1271,0
rep1,1.0834,1272,0
rep1,1.0835,1273,0
rep1,1.0835,1274,0
rep1,1.0835,1275,0
rep1,1.0835,1276,0
rep1,1.0835,1277,0
rep1,1.0837,1278,0
rep1,1.0837,1279,0
rep1,1.0838,1280,0
rep1,1.0838,1281,0
rep1,1.0838,1282,0
rep1,1.0838,1283,0
rep1,1.0841,1284,0
rep1,1.0841,1285,0
rep1,1.0842,1286,0
rep1,1.0842,1287,0
rep1,1.0842,1288,0
rep1,1.0842,1289,0
rep1,1.0843,1290,0
rep1,1.0844,1291,0
rep1,1.0844,1292,0
rep1,1.0844,1293,0
rep1,1.0845,1294,0
rep1,1.0845,1295,0
rep1,1.0845,1296,0
rep1,1.0846,1297,0
rep1,1.0846,1298,0
rep1,1.0846,1299,0
rep1,1.0847,1300,0
rep1,1.0847,1301,0
rep1,1.0847,1302,0
rep1,1.0847,1303,0
rep1,1.0849,1304,0
rep1,1.085,1305,0
rep1,1.085,1306,0
rep1,1.0852,1307,0
rep1,1.0853,1308,0
rep1,1.0853,1309,0
rep1,1.0854,1310,0
rep1,1.0855,1311,0
rep1,1.0855,1312,0
rep1,1.0856,1313,0
rep1,1.0856,1314,0
rep1,1.0857,1315,0
rep1,1.0858,1316,0
rep1,1.0859,1317,0
rep1,1.0859,1318,0
rep1,1.086,1319,0
rep1,1.0861,1320,0
rep1,1.0861,1321,0
rep1,1.0862,1322,0
rep1,1.0863,1323,0
rep1,1.0864,1324,0
rep1,1.0864,1325,0
rep1,1.0865,1326,0
rep1,1.0865,1327,0
rep1,1.0866,1328,0
rep1,1.0866,1329,0
rep1,1.0867,1330,0
rep1,1.0868,1331,0
rep1,1.0868,1332,0
rep1,1.0869,1333,0
rep1,1.0869,1334,0
rep1,1.087,1335,0
rep1,1.087,1336,0
rep1,1.087,1337,0
rep1,1.087,1338,0
rep1,1.0871,1339,0
rep1,1.0872,1340,0
rep1,1.0873,1341,0
rep1,1.0873,1342,0
rep1,1.0874,1343,0
rep1,1.0874,1344,0
rep1,1.0876,1345,0
rep1,1.0876,1346,0
rep1,1.0876,1347,0
rep1,1.0877,1348,0
rep1,1.0878,1349,0
rep1,1.0878,1350,0
rep1,1.0879,1351,0
rep1,1.0879,1352,0
rep1,1.088,1353,0
rep1,1.088,1354,0
rep1,1.088,1355,0
rep1,1.0882,1356,0
rep1,1.0883,1357,0
rep1,1.0883,1358,0
rep1,1.0884,1359,0
rep1,1.0887,1360,0
rep1,1.0888,1361,0
rep1,1.0888,1362,0
rep1,1.0889,1363,0
rep1,1.089,1364,0
rep1,1.0891,1365,0
rep1,1.0891,1366,0
rep1,1.0891,1367,0
rep1,1.0892,1368,0
rep1,1.0892,1369,0
rep1,1.0893,1370,0
rep1,1.0893,1371,0
rep1,1.0893,1372,0
rep1,1.0894,1373,0
rep1,1.0896,1374,0
rep1,1.0896,1375,0
rep1,1.0897,1376,0
rep1,1.0897,1377,0
rep1,1.0897,1378,0
rep1,1.0898,1379,0
rep1,1.0898,1380,0
rep1,1.09,1381,0
rep1,1.09,1382,0
rep1,1.0901,1383,0
rep1,1.0901,1384,0
rep1,1.0902,1385,0
rep1,1.0902,1386,0
rep1,1.0902,1387,0
rep1,1.0903,1388,0
rep1,1.0903,1389,0
rep1,1.0903,1390,0
rep1,1.0904,1391,0
rep1,1.0905,1392,0
rep1,1.0905,1393,0
rep1,1.0906,1394,0
rep1,1.0906,1395,0
rep1,1.0907,1396,0
rep1,1.0909,1397,0
rep1,1.0909,1398,0
rep1,1.0912,1399,0
rep1,1.0913,1400,0
rep1,1.0914,1401,0
rep1,1.0914,1402,0
rep1,1.0915,1403,0
rep1,1.0915,1404,0
rep1,1.0916,1405,0
rep1,1.0916,1406,0
rep1,1.0917,1407,0
rep1,1.0918,1408,0
rep1,1.092,1409,0
rep1,1.092,1410,0
rep1,1.0922,1411,0
rep1,1.0923,1412,0
rep1,1.0925,1413,0
rep1,1.0927,1414,0
rep1,1.0928,1415,0
rep1,1.0928,1416,0
rep1,1.0929,1417,0
rep1,1.0929,1418,0
rep1,1.0929,1419,0
rep1,1.093,1420,0
rep1,1.0931,1421,0
rep1,1.0931,1422,0
rep1,1.0931,1423,0
rep1,1.0933,1424,0
rep1,1.0933,1425,0
rep1,1.0934,1426,0
rep1,1.0934,1427,0
rep1,1.0935,1428,0
rep1,1.0935,1429,0
rep1,1.0935,1430,0
rep1,1.0936,1431,0
rep1,1.0938,1432,0
rep1,1.0938,1433,0
rep1,1.0939,1434,0
rep1,1.0939,1435,0
rep1,1.094,1436,0
rep1,1.094,1437,0
rep1,1.0941,1438,0
rep1,1.0942,1439,0
rep1,1.0942,1440,0
rep1,1.0943,1441,0
rep1,1.0944,1442,0
rep1,1.0944,1443,0
rep1,1.0945,1444,0
rep1,1.0945,1445,0
rep1,1.0946,1446,0
rep1,1.0947,1447,0
rep1,1.0948,1448,0
rep1,1.0948,1449,0
rep1,1.0948,1450,0
rep1,1.0949,1451,0
rep1,1.0951,1452,0
rep1,1.0951,1453,0
rep1,1.0952,1454,0
rep1,1.0952,1455,0
rep1,1.0952,1456,0
rep1,1.0952,1457,0
rep1,1.0952,1458,0
rep1,1.0953,1459,0
rep1,1.0953,1460,0
rep1,1.0953,1461,0
rep1,1.0954,1462,0
rep1,1.0956,1463,0
rep1,1.0956,1464,0
rep1,1.0956,1465,0
rep1,1.0958,1466,0
rep1,1.0958,1467,0
rep1,1.0959,1468,0
rep1,1.0959,1469,0
rep1,1.096,1470,0
rep1,1.096,1471,0
rep1,1.096,1472,0
rep1,1.096,1473,0
rep1,1.096,1474,0
rep1,1.0962,1475,0
rep1,1.0963,1476,0
rep1,1.0963,1477,0
rep1,1.0964,1478,0
rep1,1.0964,1479,0
rep1,1.0964,1480,0
rep1,1.0965,1481,0
rep1,1.0965,1482,0
rep1,1.0965,1483,0
rep1,1.0965,1484,0
rep1,1.0966,1485,0
rep1,1.0966,1486,0
rep1,1.0967,1487,0
rep1,1.0967,1488,0
rep1,1.0968,1489,0
rep1,1.0968,1490,0
rep1,1.0969,1491,0
rep1,1.0969,1492,0
rep1,1.097,1493,0
rep1,1.097,1494,0
rep1,1.097,1495,0
rep1,1.0971,1496,0
rep1,1.0972,1497,0
rep1,1.0973,1498,0
rep1,1.0973,1499,0
rep1,1.0974,1500,0
rep1,1.0975,1501,0
rep1,1.0976,1502,0
rep1,1.0976,1503,0
rep1,1.0976,1504,0
rep1,1.0978,1505,0
rep1,1.0979,1506,0
rep1,1.098,1507,0
rep1,1.0981,1508,0
rep1,1.0982,1509,0
rep1,1.0982,1510,0
rep1,1.0982,1511,0
rep1,1.0983,1512,0
rep1,1.0983,1513,0
rep1,1.0983,1514,0
rep1,1.0984,1515,0
rep1,1.0984,1516,0
rep1,1.0985,1517,0
rep1,1.0987,1518,0
rep1,1.0987,1519,0
rep1,1.0988,1520,0
rep1,1.0988,1521,0
rep1,1.0989,1522,0
rep1,1.0989,1523,0
rep1,1.0989,1524,0
rep1,1.0989,1525,0
rep1,1.099,1526,0
rep1,1.099,1527,0
rep1,1.099,1528,0
rep1,1.0991,1529,0
rep1,1.0992,1530,0
rep1,1.0994,1531,0
rep1,1.0994,1532,0
rep1,1.0994,1533,0
rep1,1.0995,1534,0
rep1,1.0995,1535,0
rep1,1.0996,1536,0
rep1,1.0997,1537,0
rep1,1.0997,1538,0
rep1,1.0999,1539,0
rep1,1.0999,1540,0
rep1,1.1001,1541,0
rep1,1.1001,1542,0
rep1,1.1001,1543,0
rep1,1.1002,1544,0
rep1,1.1004,1545,0
rep1,1.1004,1546,0
rep1,1.1004,1547,0
rep1,1.1004,1548,0
rep1,1.1007,1549,0
rep1,1.1009,1550,0
rep1,1.1009,1551,0
rep1,1.1009,1552,0
rep1,1.101,1553,0
rep1,1.1012,1554,0
rep1,1.1012,1555,0
rep1,1.1012,1556,0
rep1,1.1013,1557,0
rep1,1.1013,1558,0
rep1,1.1014,1559,0
rep1,1.1014,1560,0
rep1,1.1015,1561,0
rep1,1.1015,1562,0
rep1,1.1016,1563,0
rep1,1.1016,1564,0
rep1,1.1016,1565,0
rep1,1.1017,1566,0
rep1,1.102,1567,0
rep1,1.102,1568,0
rep1,1.102,1569,0
rep1,1.1025,1570,0
rep1,1.1026,1571,0
rep1,1.1027,1572,0
rep1,1.1029,1573,0
rep1,1.1029,1574,0
rep1,1.103,1575,0
rep1,1.1031,1576,0
rep1,1.1031,1577,0
rep1,1.1031,1578,0
rep1,1.1032,1579,0
rep1,1.1032,1580,0
rep1,1.1032,1581,0
rep1,1.1033,1582,0
rep1,1.1034,1583,0
rep1,1.1035,1584,0
rep1,1.1036,1585,0
rep1,1.1036,1586,0
rep1,1.1037,1587,0
rep1,1.1037,1588,0
rep1,1.1041,1589,0
rep1,1.1042,1590,0
rep1,1.1043,1591,0
rep1,1.1044,1592,0
rep1,1.1047,1593,0
rep1,1.1048,1594,0
rep1,1.1049,1595,0
rep1,1.1049,1596,0
rep1,1.105,1597,0
rep1,1.105,1598,0
rep1,1.1051,1599,0
rep1,1.1052,1600,0
rep1,1.1052,1601,0
rep1,1.1054,1602,0
rep1,1.1055,1603,0
rep1,1.1056,1604,0
rep1,1.1056,1605,0
rep1,1.1057,1606,0
rep1,1.1057,1607,0
rep1,1.1058,1608,0
rep1,1.1059,1609,0
rep1,1.1059,1610,0
rep1,1.1059,1611,0
rep1,1.106,1612,0
rep1,1.1061,1613,0
rep1,1.1061,1614,0
rep1,1.1061,1615,0
rep1,1.1062,1616,0
rep1,1.1062,1617,0
rep1,1.1063,1618,0
rep1,1.1063,1619,0
rep1,1.1064,1620,0
rep1,1.1065,1621,0
rep1,1.1066,1622,0
rep1,1.1069,1623,0
rep1,1.1069,1624,0
rep1,1.1069,1625,0
rep1,1.107,1626,0
rep1,1.107,1627,0
rep1,1.1072,1628,0
rep1,1.1073,1629,0
rep1,1.1075,1630,0
rep1,1.1075,1631,0
rep1,1.1076,1632,0
rep1,1.1076,1633,0
rep1,1.1078,1634,0
rep1,1.1078,1635,0
rep1,1.1078,1636,0
rep1,1.1079,1637,0
rep1,1.1084,1638,0
rep1,1.1084,1639,0
rep1,1.1084,1640,0
rep1,1.1084,1641,0
rep1,1.1084,1642,0
rep1,1.1085,1643,0
rep1,1.1086,1644,0
rep1,1.109,1645,0
rep1,1.1092,1646,0
rep1,1.1092,1647,0
rep1,1.1093,1648,0
rep1,1.1094,1649,0
rep1,1.1095,1650,0
rep1,1.1096,1651,0
rep1,1.1099,1652,0
rep1,1.11,1653,0
rep1,1.1101,1654,0
rep1,1.1103,1655,0
rep1,1.1104,1656,0
rep1,1.1105,1657,0
rep1,1.1106,1658,0
rep1,1.1106,1659,0
rep1,1.1107,1660,0
rep1,1.1107,1661,0
rep1,1.1109,1662,0
rep1,1.1109,1663,0
rep1,1.1109,1664,0
rep1,1.111,1665,0
rep1,1.111,1666,0
rep1,1.111,1667,0
rep1,1.1111,1668,0
rep1,1.1112,1669,0
rep1,1.1112,1670,0
rep1,1.1116,1671,0
rep1,1.1117,1672,0
rep1,1.1118,1673,0
rep1,1.1118,1674,0
rep1,1.1118,1675,0
rep1,1.1119,1676,0
rep1,1.112,1677,0
rep1,1.112,1678,0
rep1,1.112,1679,0
rep1,1.1121,1680,0
rep1,1.1122,1681,0
rep1,1.1122,1682,0
rep1,1.1122,1683,0
rep1,1.1123,1684,0
rep1,1.1123,1685,0
rep1,1.1124,1686,0
rep1,1.1124,1687,0
rep1,1.1125,1688,0
rep1,1.1125,1689,0
rep1,1.1125,1690,0
rep1,1.1126,1691,0
rep1,1.1126,1692,0
rep1,1.1126,1693,0
rep1,1.1127,1694,0
rep1,1.1128,1695,0
rep1,1.1128,1696,0
rep1,1.1129,1697,0
rep1,1.1129,1698,0
rep1,1.1129,1699,0
rep1,1.1129,1700,0
rep1,1.113,1701,0
rep1,1.1131,1702,0
rep1,1.1132,1703,0
rep1,1.1132,1704,0
rep1,1.1132,1705,0
rep1,1.1133,1706,0
rep1,1.1133,1707,0
rep1,1.1135,1708,0
rep1,1.1135,1709,0
rep1,1.1135,1710,0
rep1,1.1137,1711,0
rep1,1.1137,1712,0
rep1,1.1137,1713,0
rep1,1.1138,1714,0
rep1,1.1139,1715,0
rep1,1.114,1716,0
rep1,1.114,1717,0
rep1,1.1143,1718,0
rep1,1.1143,1719,0
rep1,1.1143,1720,0
rep1,1.1144,1721,0
rep1,1.1145,1722,0
rep1,1.1146,1723,0
rep1,1.1146,1724,0
rep1,1.1146,1725,0
rep1,1.1146,1726,0
rep1,1.1146,1727,0
rep1,1.1147,1728,0
rep1,1.1148,1729,0
rep1,1.1149,1730,0
rep1,1.1149,1731,0
rep1,1.115,1732,0
rep1,1.115,1733,0
rep1,1.1151,1734,0
rep1,1.1151,1735,0
rep1,1.1152,1736,0
rep1,1.1152,1737,0
rep1,1.1152,1738,0
rep1,1.1153,1739,0
rep1,1.1153,1740,0
rep1,1.1155,1741,0
rep1,1.1155,1742,0
rep1,1.1156,1743,0
rep1,1.1156,1744,0
rep1,1.1157,1745,0
rep1,1.1158,1746,0
rep1,1.1158,1747,0
rep1,1.1159,1748,0
rep1,1.1159,1749,0
rep1,1.116,1750,0
rep1,1.1161,1751,0
rep1,1.1162,1752,0
rep1,1.1162,1753,0
rep1,1.1163,1754,0
rep1,1.1163,1755,0
rep1,1.1164,1756,0
rep1,1.1164,1757,0
rep1,1.1165,1758,0
rep1,1.1165,1759,0
rep1,1.1165,1760,0
rep1,1.1165,1761,0
rep1,1.1166,1762,0
rep1,1.1166,1763,0
rep1,1.1167,1764,0
rep1,1.1167,1765,0
rep1,1.1168,1766,0
rep1,1.1168,1767,0
rep1,1.1169,1768,0
rep1,1.117,1769,0
rep1,1.117,1770,0
rep1,1.1171,1771,0
rep1,1.1171,1772,0
rep1,1.1172,1773,0
rep1,1.1172,1774,0
rep1,1.1173,1775,0
rep1,1.1173,1776,0
rep1,1.1174,1777,0
rep1,1.1175,1778,0
rep1,1.1177,1779,0
rep1,1.1177,1780,0
rep1,1.1177,1781,0
rep1,1.1178,1782,0
rep1,1.1179,1783,0
rep1,1.118,1784,0
rep1,1.118,1785,0
rep1,1.1181,1786,0
rep1,1.1181,1787,0
rep1,1.1182,1788,0
rep1,1.1183,1789,0
rep1,1.1183,1790,0
rep1,1.1184,1791,0
rep1,1.1184,1792,0
rep1,1.1185,1793,0
rep1,1.1186,1794,0
rep1,1.1187,1795,0
rep1,1.1189,1796,0
rep1,1.1189,1797,0
rep1,1.1191,1798,0
rep1,1.1192,1799,0
rep1,1.1192,1800,0
rep1,1.1192,1801,0
rep1,1.1192,1802,0
rep1,1.1193,1803,0
rep1,1.1194,1804,0
rep1,1.1194,1805,0
rep1,1.1194,1806,0
rep1,1.1195,1807,0
rep1,1.1196,1808,0
rep1,1.1196,1809,0
rep1,1.1196,1810,0
rep1,1.1197,1811,0
rep1,1.1198,1812,0
rep1,1.1198,1813,0
rep1,1.1199,1814,0
rep1,1.1199,1815,0
rep1,1.1199,1816,0
rep1,1.1199,1817,0
rep1,1.12,1818,0
rep1,1.12,1819,0
rep1,1.12,1820,0
rep1,1.12,1821,0
rep1,1.12,1822,0
rep1,1.1201,1823,0
rep1,1.1202,1824,0
rep1,1.1202,1825,0
rep1,1.1202,1826,0
rep1,1.1203,1827,0
rep1,1.1203,1828,0
rep1,1.1204,1829,0
rep1,1.1204,1830,0
rep1,1.1205,1831,0
rep1,1.1205,1832,0
rep1,1.1206,1833,0
rep1,1.1206,1834,0
rep1,1.1206,1835,0
rep1,1.1206,1836,0
rep1,1.1207,1837,0
rep1,1.1207,1838,0
rep1,1.1207,1839,0
rep1,1.1208,1840,0
rep1,1.121,1841,0
rep1,1.121,1842,0
rep1,1.121,1843,0
rep1,1.1211,1844,0
rep1,1.1211,1845,0
rep1,1.1212,1846,0
rep1,1.1212,1847,0
rep1,1.1212,1848,0
rep1,1.1212,1849,0
rep1,1.1213,1850,0
rep1,1.1213,1851,0
rep1,1.1216,1852,0
rep1,1.1217,1853,0
rep1,1.1217,1854,0
rep1,1.1219,1855,0
rep1,1.122,1856,0
rep1,1.122,1857,0
rep1,1.1221,1858,0
rep1,1.1223,1859,0
rep1,1.1224,1860,0
rep1,1.1224,1861,0
rep1,1.1225,1862,0
rep1,1.1225,1863,0
rep1,1.1225,1864,0
rep1,1.1226,1865,0
rep1,1.1227,1866,0
rep1,1.1227,1867,0
rep1,1.1229,1868,0
rep1,1.123,1869,0
rep1,1.1231,1870,0
rep1,1.1232,1871,0
rep1,1.1232,1872,0
rep1,1.1233,1873,0
rep1,1.1233,1874,0
rep1,1.1233,1875,0
rep1,1.1234,1876,0
rep1,1.1234,1877,0
rep1,1.1235,1878,0
rep1,1.1236,1879,0
rep1,1.1236,1880,0
rep1,1.1236,1881,0
rep1,1.1236,1882,0
rep1,1.1237,1883,0
rep1,1.1237,1884,0
rep1,1.1237,1885,0
rep1,1.1237,1886,0
rep1,1.1239,1887,0
rep1,1.124,1888,0
rep1,1.124,1889,0
rep1,1.1241,1890,0
rep1,1.1242,1891,0
rep1,1.1243,1892,0
rep1,1.1243,1893,0
rep1,1.1243,1894,0
rep1,1.1247,1895,0
rep1,1.1248,1896,0
rep1,1.1249,1897,0
rep1,1.125,1898,0
rep1,1.1251,1899,0
rep1,1.1251,1900,0
rep1,1.1251,1901,0
rep1,1.1252,1902,0
rep1,1.1254,1903,0
rep1,1.1254,1904,0
rep1,1.1255,1905,0
rep1,1.1255,1906,0
rep1,1.1255,1907,0
rep1,1.1256,1908,0
rep1,1.1256,1909,0
rep1,1.1257,1910,0
rep1,1.1259,1911,0
rep1,1.126,1912,0
rep1,1.126,1913,0
rep1,1.1261,1914,0
rep1,1.1261,1915,0
rep1,1.1261,1916,0
rep1,1.1262,1917,0
rep1,1.1263,1918,0
rep1,1.1263,1919,0
rep1,1.1264,1920,0
rep1,1.1264,1921,0
rep1,1.1265,1922,0
rep1,1.1267,1923,0
rep1,1.1269,1924,0
rep1,1.127,1925,0
rep1,1.1271,1926,0
rep1,1.1271,1927,0
rep1,1.1272,1928,0
rep1,1.1273,1929,0
rep1,1.1274,1930,0
rep1,1.1274,1931,0
rep1,1.1274,1932,0
rep1,1.1276,1933,0
rep1,1.1278,1934,0
rep1,1.1278,1935,0
rep1,1.1279,1936,0
rep1,1.1279,1937,0
rep1,1.128,1938,0
rep1,1.128,1939,0
rep1,1.128,1940,0
rep1,1.128,1941,0
rep1,1.1281,1942,0
rep1,1.1281,1943,0
rep1,1.1281,1944,0
rep1,1.1282,1945,0
rep1,1.1283,1946,0
rep1,1.1283,1947,0
rep1,1.1284,1948,0
rep1,1.1285,1949,0
rep1,1.1287,1950,0
rep1,1.1288,1951,0
rep1,1.129,1952,0
rep1,1.129,1953,0
rep1,1.129,1954,0
rep1,1.1291,1955,0
rep1,1.1292,1956,0
rep1,1.1293,1957,0
rep1,1.1294,1958,0
rep1,1.1294,1959,0
rep1,1.1295,1960,0
rep1,1.1295,1961,0
rep1,1.1295,1962,0
rep1,1.1297,1963,0
rep1,1.1297,1964,0
rep1,1.1299,1965,0
rep1,1.1299,1966,0
rep1,1.1299,1967,0
rep1,1.13,1968,0
rep1,1.13,1969,0
rep1,1.13,1970,0
rep1,1.1302,1971,0
rep1,1.1303,1972,0
rep1,1.1303,1973,0
rep1,1.1303,1974,0
rep1,1.1303,1975,0
rep1,1.1303,1976,0
rep1,1.1305,1977,0
rep1,1.1306,1978,0
rep1,1.1306,1979,0
rep1,1.1306,1980,0
rep1,1.1307,1981,0
rep1,1.1307,1982,0
rep1,1.1308,1983,0
rep1,1.1308,1984,0
rep1,1.1308,1985,0
rep1,1.1309,1986,0
rep1,1.1309,1987,0
rep1,1.1309,1988,0
rep1,1.1309,1989,0
rep1,1.131,1990,0
rep1,1.1311,1991,0
rep1,1.1313,1992,0
rep1,1.1313,1993,0
rep1,1.1313,1994,0
rep1,1.1314,1995,0
rep1,1.1316,1996,0
rep1,1.1318,1997,0
rep1,1.1318,1998,0
rep1,1.1318,1999,0
rep1,1.1319,2000,0
rep1,1.132,2001,0
rep1,1.132,2002,0
rep1,1.1321,2003,0
rep1,1.1321,2004,0
rep1,1.1322,2005,0
rep1,1.1323,2006,0
rep1,1.1323,2007,0
rep1,1.1325,2008,0
rep1,1.1325,2009,0
rep1,1.1325,2010,0
rep1,1.1326,2011,0
rep1,1.1326,2012,0
rep1,1.1327,2013,0
rep1,1.1327,2014,0
rep1,1.1327,2015,0
rep1,1.1328,2016,0
rep1,1.1328,2017,0
rep1,1.1329,2018,0
rep1,1.133,2019,0
rep1,1.1332,2020,0
rep1,1.1332,2021,0
rep1,1.1332,2022,0
rep1,1.1332,2023,0
rep1,1.1333,2024,0
rep1,1.1333,2025,0
rep1,1.1334,2026,0
rep1,1.1334,2027,0
rep1,1.1334,2028,0
rep1,1.1335,2029,0
rep1,1.1335,2030,0
rep1,1.1335,2031,0
rep1,1.1337,2032,0
rep1,1.1338,2033,0
rep1,1.1338,2034,0
rep1,1.134,2035,0
rep1,1.134,2036,0
rep1,1.134,2037,0
rep1,1.1341,2038,0
rep1,1.1341,2039,0
rep1,1.1342,2040,0
rep1,1.1342,2041,0
rep1,1.1343,2042,0
rep1,1.1343,2043,0
rep1,1.1343,2044,0
rep1,1.1344,2045,0
rep1,1.1346,2046,0
rep1,1.1346,2047,0
rep1,1.1348,2048,0
rep1,1.1349,2049,0
rep1,1.1351,2050,0
rep1,1.1352,2051,0
rep1,1.1353,2052,0
rep1,1.1353,2053,0
rep1,1.1353,2054,0
rep1,1.1354,2055,0
rep1,1.1355,2056,0
rep1,1.1356,2057,0
rep1,1.1356,2058,0
rep1,1.1357,2059,0
rep1,1.1357,2060,0
rep1,1.1357,2061,0
rep1,1.1357,2062,0
rep1,1.1359,2063,0
rep1,1.1361,2064,0
rep1,1.1361,2065,0
rep1,1.1362,2066,0
rep1,1.1362,2067,0
rep1,1.1363,2068,0
rep1,1.1363,2069,0
rep1,1.1363,2070,0
rep1,1.1364,2071,0
rep1,1.1365,2072,0
rep1,1.1365,2073,0
rep1,1.1365,2074,0
rep1,1.1366,2075,0
rep1,1.1366,2076,0
rep1,1.1366,2077,0
rep1,1.1367,2078,0
rep1,1.1367,2079,0
rep1,1.1368,2080,0
rep1,1.1368,2081,0
rep1,1.1369,2082,0
rep1,1.137,2083,0
rep1,1.137,2084,0
rep1,1.1372,2085,0
rep1,1.1373,2086,0
rep1,1.1374,2087,0
rep1,1.1374,2088,0
rep1,1.1375,2089,0
rep1,1.1375,2090,0
rep1,1.1376,2091,0
rep1,1.1376,2092,0
rep1,1.1376,2093,0
rep1,1.1376,2094,0
rep1,1.1377,2095,0
rep1,1.1378,2096,0
rep1,1.1378,2097,0
rep1,1.1378,2098,0
rep1,1.1378,2099,0
rep1,1.1379,2100,0
rep1,1.138,2101,0
rep1,1.1382,2102,0
rep1,1.1383,2103,0
rep1,1.1384,2104,0
rep1,1.1384,2105,0
rep1,1.1384,2106,0
rep1,1.1385,2107,0
rep1,1.1386,2108,0
rep1,1.1387,2109,0
rep1,1.1387,2110,0
rep1,1.1387,2111,0
rep1,1.1388,2112,0
rep1,1.1389,2113,0
rep1,1.1389,2114,0
rep1,1.139,2115,0
rep1,1.139,2116,0
rep1,1.1392,2117,0
rep1,1.1392,2118,0
rep1,1.1393,2119,0
rep1,1.1394,2120,0
rep1,1.1395,2121,0
rep1,1.1396,2122,0
rep1,1.1396,2123,0
rep1,1.1397,2124,0
rep1,1.1398,2125,0
rep1,1.1399,2126,0
rep1,1.1399,2127,0
rep1,1.14,2128,0
rep1,1.1401,2129,0
rep1,1.1403,2130,0
rep1,1.1405,2131,0
rep1,1.1405,2132,0
rep1,1.1405,2133,0
rep1,1.1406,2134,0
rep1,1.1406,2135,0
rep1,1.1406,2136,0
rep1,1.1407,2137,0
rep1,1.1407,2138,0
rep1,1.1408,2139,0
rep1,1.1408,2140,0
rep1,1.1409,2141,0
rep1,1.141,2142,0
rep1,1.141,2143,0
rep1,1.1412,2144,0
rep1,1.1413,2145,0
rep1,1.1414,2146,0
rep1,1.1414,2147,0
rep1,1.1415,2148,0
rep1,1.1416,2149,0
rep1,1.1416,2150,0
rep1,1.1417,2151,0
rep1,1.1418,2152,0
rep1,1.1419,2153,0
rep1,1.1419,2154,0
rep1,1.1419,2155,0
rep1,1.1419,2156,0
rep1,1.1419,2157,0
rep1,1.142,2158,0
rep1,1.142,2159,0
rep1,1.142,2160,0
rep1,1.142,2161,0
rep1,1.1421,2162,0
rep1,1.1422,2163,0
rep1,1.1422,2164,0
rep1,1.1425,2165,0
rep1,1.1426,2166,0
rep1,1.1427,2167,0
rep1,1.1428,2168,0
rep1,1.1428,2169,0
rep1,1.1428,2170,0
rep1,1.143,2171,0
rep1,1.143,2172,0
rep1,1.1432,2173,0
rep1,1.1432,2174,0
rep1,1.1433,2175,0
rep1,1.1433,2176,0
rep1,1.1434,2177,0
rep1,1.1435,2178,0
rep1,1.1435,2179,0
rep1,1.1435,2180,0
rep1,1.1436,2181,0
rep1,1.1436,2182,0
rep1,1.1437,2183,0
rep1,1.1438,2184,0
rep1,1.1438,2185,0
rep1,1.1441,2186,0
rep1,1.1441,2187,0
rep1,1.1442,2188,0
rep1,1.1442,2189,0
rep1,1.1443,2190,0
rep1,1.1444,2191,0
rep1,1.1444,2192,0
rep1,1.1448,2193,0
rep1,1.1449,2194,0
rep1,1.145,2195,0
rep1,1.1453,2196,0
rep1,1.1454,2197,0
rep1,1.1454,2198,0
rep1,1.1455,2199,0
rep1,1.1455,2200,0
rep1,1.1455,2201,0
rep1,1.1457,2202,0
rep1,1.1457,2203,0
rep1,1.1458,2204,0
rep1,1.146,2205,0
rep1,1.1461,2206,0
rep1,1.1461,2207,0
rep1,1.1462,2208,0
rep1,1.1463,2209,0
rep1,1.1463,2210,0
rep1,1.1464,2211,0
rep1,1.1464,2212,0
rep1,1.1465,2213,0
rep1,1.1465,2214,0
rep1,1.1465,2215,0
rep1,1.1465,2216,0
rep1,1.1465,2217,0
rep1,1.1466,2218,0
rep1,1.1466,2219,0
rep1,1.1466,2220,0
rep1,1.1468,2221,0
rep1,1.1468,2222,0
rep1,1.1468,2223,0
rep1,1.1472,2224,0
rep1,1.1472,2225,0
rep1,1.1473,2226,0
rep1,1.1473,2227,0
rep1,1.1474,2228,0
rep1,1.1475,2229,0
rep1,1.1475,2230,0
rep1,1.1475,2231,0
rep1,1.1475,2232,0
rep1,1.1475,2233,0
rep1,1.1476,2234,0
rep1,1.1476,2235,0
rep1,1.1477,2236,0
rep1,1.1479,2237,0
rep1,1.1479,2238,0
rep1,1.1479,2239,0
rep1,1.1479,2240,0
rep1,1.148,2241,0
rep1,1.148,2242,0
rep1,1.148,2243,0
rep1,1.148,2244,0
rep1,1.1482,2245,0
rep1,1.1483,2246,0
rep1,1.1483,2247,0
rep1,1.1484,2248,0
rep1,1.1485,2249,0
rep1,1.1485,2250,0
rep1,1.1486,2251,0
rep1,1.1486,2252,0
rep1,1.1487,2253,0
rep1,1.1487,2254,0
rep1,1.1487,2255,0
rep1,1.1488,2256,0
rep1,1.1488,2257,0
rep1,1.1489,2258,0
rep1,1.149,2259,0
rep1,1.1491,2260,0
rep1,1.1491,2261,0
rep1,1.1492,2262,0
rep1,1.1492,2263,0
rep1,1.1493,2264,0
rep1,1.1494,2265,0
rep1,1.1495,2266,0
rep1,1.1498,2267,0
rep1,1.1498,2268,0
rep1,1.1499,2269,0
rep1,1.15,2270,0
rep1,1.15,2271,0
rep1,1.1501,2272,0
rep1,1.1502,2273,0
rep1,1.1502,2274,0
rep1,1.1502,2275,0
rep1,1.1503,2276,0
rep1,1.1503,2277,0
rep1,1.1504,2278,0
rep1,1.1505,2279,0
rep1,1.1505,2280,0
rep1,1.1506,2281,0
rep1,1.1506,2282,0
rep1,1.1507,2283,0
rep1,1.1507,2284,0
rep1,1.1507,2285,0
rep1,1.1507,2286,0
rep1,1.1508,2287,0
rep1,1.1509,2288,0
rep1,1.1509,2289,0
rep1,1.151,2290,0
rep1,1.151,2291,0
rep1,1.1514,2292,0
rep1,1.1515,2293,0
rep1,1.1515,2294,0
rep1,1.1515,2295,0
rep1,1.1516,2296,0
rep1,1.1516,2297,0
rep1,1.1517,2298,0
rep1,1.1518,2299,0
rep1,1.1518,2300,0
rep1,1.1518,2301,0
rep1,1.1519,2302,0
rep1,1.152,2303,0
rep1,1.1521,2304,0
rep1,1.1521,2305,0
rep1,1.1521,2306,0
rep1,1.1521,2307,0
rep1,1.1523,2308,0
rep1,1.1523,2309,0
rep1,1.1524,2310,0
rep1,1.1524,2311,0
rep1,1.1525,2312,0
rep1,1.1525,2313,0
rep1,1.1525,2314,0
rep1,1.1526,2315,0
rep1,1.1526,2316,0
rep1,1.1526,2317,0
rep1,1.1527,2318,0
rep1,1.1528,2319,0
rep1,1.1528,2320,0
rep1,1.1529,2321,0
rep1,1.1529,2322,0
rep1,1.153,2323,0
rep1,1.153,2324,0
rep1,1.153,2325,0
rep1,1.1532,2326,0
rep1,1.1533,2327,0
rep1,1.1533,2328,0
rep1,1.1533,2329,0
rep1,1.1534,2330,0
rep1,1.1535,2331,0
rep1,1.1535,2332,0
rep1,1.1536,2333,0
rep1,1.1537,2334,0
rep1,1.1537,2335,0
rep1,1.1538,2336,0
rep1,1.1539,2337,0
rep1,1.1539,2338,0
rep1,1.1539,2339,0
rep1,1.154,2340,0
rep1,1.1542,2341,0
rep1,1.1542,2342,0
rep1,1.1542,2343,0
rep1,1.1544,2344,0
rep1,1.1545,2345,0
rep1,1.1545,2346,0
rep1,1.1545,2347,0
rep1,1.1546,2348,0
rep1,1.1548,2349,0
rep1,1.1548,2350,0
rep1,1.155,2351,0
rep1,1.1551,2352,0
rep1,1.1551,2353,0
rep1,1.1552,2354,0
rep1,1.1552,2355,0
rep1,1.1552,2356,0
rep1,1.1553,2357,0
rep1,1.1553,2358,0
rep1,1.1554,2359,0
rep1,1.1557,2360,0
rep1,1.1558,2361,0
rep1,1.156,2362,0
rep1,1.1562,2363,0
rep1,1.1562,2364,0
rep1,1.1562,2365,0
rep1,1.1563,2366,0
rep1,1.1564,2367,0
rep1,1.1565,2368,0
rep1,1.1565,2369,0
rep1,1.1566,2370,0
rep1,1.1566,2371,0
rep1,1.1567,2372,0
rep1,1.1567,2373,0
rep1,1.1568,2374,0
rep1,1.1568,2375,0
rep1,1.1569,2376,0
rep1,1.1569,2377,0
rep1,1.157,2378,0
rep1,1.157,2379,0
rep1,1.157,2380,0
rep1,1.1572,2381,0
rep1,1.1572,2382,0
rep1,1.1573,2383,0
rep1,1.1573,2384,0
rep1,1.1574,2385,0
rep1,1.1574,2386,0
rep1,1.1575,2387,0
rep1,1.1575,2388,0
rep1,1.1575,2389,0
rep1,1.1575,2390,0
rep1,1.1577,2391,0
rep1,1.1579,2392,0
rep1,1.158,2393,0
rep1,1.158,2394,0
rep1,1.158,2395,0
rep1,1.158,2396,0
rep1,1.1582,2397,0
rep1,1.1582,2398,0
rep1,1.1582,2399,0
rep1,1.1583,2400,0
rep1,1.1583,2401,0
rep1,1.1585,2402,0
rep1,1.1586,2403,0
rep1,1.1586,2404,0
rep1,1.1586,2405,0
rep1,1.1588,2406,0
rep1,1.1588,2407,0
rep1,1.1589,2408,0
rep1,1.1589,2409,0
rep1,1.159,2410,0
rep1,1.159,2411,0
rep1,1.1591,2412,0
rep1,1.1591,2413,0
rep1,1.1592,2414,0
rep1,1.1592,2415,0
rep1,1.1592,2416,0
rep1,1.1593,2417,0
rep1,1.1594,2418,0
rep1,1.1594,2419,0
rep1,1.1594,2420,0
rep1,1.1594,2421,0
rep1,1.1595,2422,0
rep1,1.1596,2423,0
rep1,1.1596,2424,0
rep1,1.1597,2425,0
rep1,1.1597,2426,0
rep1,1.1597,2427,0
rep1,1.1598,2428,0
rep1,1.16,2429,0
rep1,1.16,2430,0
rep1,1.1601,2431,0
rep1,1.1601,2432,0
rep1,1.1602,2433,0
rep1,1.1603,2434,0
rep1,1.1604,2435,0
rep1,1.1604,2436,0
rep1,1.1605,2437,0
rep1,1.1605,2438,0
rep1,1.1606,2439,0
rep1,1.1607,2440,0
rep1,1.1608,2441,0
rep1,1.1608,2442,0
rep1,1.1612,2443,0
rep1,1.1612,2444,0
rep1,1.1612,2445,0
rep1,1.1613,2446,0
rep1,1.1613,2447,0
rep1,1.1614,2448,0
rep1,1.1615,2449,0
rep1,1.1616,2450,0
rep1,1.1617,2451,0
rep1,1.1617,2452,0
rep1,1.1617,2453,0
rep1,1.1618,2454,0
rep1,1.1618,2455,0
rep1,1.1618,2456,0
rep1,1.162,2457,0
rep1,1.1621,2458,0
rep1,1.1622,2459,0
rep1,1.1623,2460,0
rep1,1.1623,2461,0
rep1,1.1624,2462,0
rep1,1.1624,2463,0
rep1,1.1625,2464,0
rep1,1.1625,2465,0
rep1,1.1626,2466,0
rep1,1.1627,2467,0
rep1,1.1628,2468,0
rep1,1.1628,2469,0
rep1,1.1628,2470,0
rep1,1.1629,2471,0
rep1,1.1629,2472,0
rep1,1.163,2473,0
rep1,1.1631,2474,0
rep1,1.1631,2475,0
rep1,1.1632,2476,0
rep1,1.1633,2477,0
rep1,1.1634,2478,0
rep1,1.1636,2479,0
rep1,1.1636,2480,0
rep1,1.1636,2481,0
rep1,1.1637,2482,0
rep1,1.1637,2483,0
rep1,1.1638,2484,0
rep1,1.1639,2485,0
rep1,1.1639,2486,0
rep1,1.1639,2487,0
rep1,1.1639,2488,0
rep1,1.1642,2489,0
rep1,1.1643,2490,0
rep1,1.1644,2491,0
rep1,1.1644,2492,0
rep1,1.1644,2493,0
rep1,1.1645,2494,0
rep1,1.1646,2495,0
rep1,1.1646,2496,0
rep1,1.1646,2497,0
rep1,1.1647,2498,0
rep1,1.1647,2499,0
rep1,1.1647,2500,0
rep1,1.1648,2501,0
rep1,1.1649,2502,0
rep1,1.1649,2503,0
rep1,1.165,2504,0
rep1,1.165,2505,0
rep1,1.1651,2506,0
rep1,1.1653,2507,0
rep1,1.1654,2508,0
rep1,1.1655,2509,0
rep1,1.1655,2510,0
rep1,1.1656,2511,0
rep1,1.1656,2512,0
rep1,1.1657,2513,0
rep1,1.1658,2514,0
rep1,1.1658,2515,0
rep1,1.1659,2516,0
rep1,1.1659,2517,0
rep1,1.166,2518,0
rep1,1.166,2519,0
rep1,1.1661,2520,0
rep1,1.1661,2521,0
rep1,1.1661,2522,0
rep1,1.1662,2523,0
rep1,1.1662,2524,0
rep1,1.1664,2525,0
rep1,1.1665,2526,0
rep1,1.1667,2527,0
rep1,1.1669,2528,0
rep1,1.1669,2529,0
rep1,1.167,2530,0
rep1,1.167,2531,0
rep1,1.1671,2532,0
rep1,1.1673,2533,0
rep1,1.1674,2534,0
rep1,1.1674,2535,0
rep1,1.1675,2536,0
rep1,1.1675,2537,0
rep1,1.1676,2538,0
rep1,1.1676,2539,0
rep1,1.1677,2540,0
rep1,1.1678,2541,0
rep1,1.1679,2542,0
rep1,1.1679,2543,0
rep1,1.1679,2544,0
rep1,1.168,2545,0
rep1,1.168,2546,0
rep1,1.1681,2547,0
rep1,1.1681,2548,0
rep1,1.1681,2549,0
rep1,1.1682,2550,0
rep1,1.1682,2551,0
rep1,1.1683,2552,0
rep1,1.1684,2553,0
rep1,1.1685,2554,0
rep1,1.1685,2555,0
rep1,1.1686,2556,0
rep1,1.1686,2557,0
rep1,1.1687,2558,0
rep1,1.1688,2559,0
rep1,1.1688,2560,0
rep1,1.1688,2561,0
rep1,1.1689,2562,0
rep1,1.1691,2563,0
rep1,1.1692,2564,0
rep1,1.1693,2565,0
rep1,1.1694,2566,0
rep1,1.1695,2567,0
rep1,1.1695,2568,0
rep1,1.1696,2569,0
rep1,1.1697,2570,0
rep1,1.1697,2571,0
rep1,1.1698,2572,0
rep1,1.1698,2573,0
rep1,1.1698,2574,0
rep1,1.1699,2575,0
rep1,1.17,2576,0
rep1,1.1701,2577,0
rep1,1.1702,2578,0
rep1,1.1702,2579,0
rep1,1.1703,2580,0
rep1,1.1704,2581,0
rep1,1.1705,2582,0
rep1,1.1706,2583,0
rep1,1.1706,2584,0
rep1,1.1706,2585,0
rep1,1.1708,2586,0
rep1,1.171,2587,0
rep1,1.1712,2588,0
rep1,1.1712,2589,0
rep1,1.1712,2590,0
rep1,1.1713,2591,0
rep1,1.1713,2592,0
rep1,1.1713,2593,0
rep1,1.1714,2594,0
rep1,1.1714,2595,0
rep1,1.1715,2596,0
rep1,1.1715,2597,0
rep1,1.1716,2598,0
rep1,1.1717,2599,0
rep1,1.1717,2600,0
rep1,1.1717,2601,0
rep1,1.1719,2602,0
rep1,1.1719,2603,0
rep1,1.172,2604,0
rep1,1.1721,2605,0
rep1,1.1722,2606,0
rep1,1.1723,2607,0
rep1,1.1725,2608,0
rep1,1.1725,2609,0
rep1,1.1726,2610,0
rep1,1.1726,2611,0
rep1,1.1726,2612,0
rep1,1.1727,2613,0
rep1,1.1727,2614,0
rep1,1.1729,2615,0
rep1,1.1729,2616,0
rep1,1.1731,2617,0
rep1,1.1733,2618,0
rep1,1.1733,2619,0
rep1,1.1734,2620,0
rep1,1.1734,2621,0
rep1,1.1734,2622,0
rep1,1.1735,2623,0
rep1,1.1736,2624,0
rep1,1.1737,2625,0
rep1,1.1737,2626,0
rep1,1.1738,2627,0
rep1,1.1738,2628,0
rep1,1.1738,2629,0
rep1,1.1739,2630,0
rep1,1.1739,2631,0
rep1,1.174,2632,0
rep1,1.1741,2633,0
rep1,1.1742,2634,0
rep1,1.1742,2635,0
rep1,1.1743,2636,0
rep1,1.1746,2637,0
rep1,1.1746,2638,0
rep1,1.1747,2639,0
rep1,1.1748,2640,0
rep1,1.1749,2641,0
rep1,1.1749,2642,0
rep1,1.175,2643,0
rep1,1.175,2644,0
rep1,1.1751,2645,0
rep1,1.1752,2646,0
rep1,1.1752,2647,0
rep1,1.1753,2648,0
rep1,1.1754,2649,0
rep1,1.1755,2650,0
rep1,1.1756,2651,0
rep1,1.1757,2652,0
rep1,1.1757,2653,0
rep1,1.1758,2654,0
rep1,1.1758,2655,0
rep1,1.1759,2656,0
rep1,1.176,2657,0
rep1,1.176,2658,0
rep1,1.176,2659,0
rep1,1.1761,2660,0
rep1,1.1761,2661,0
rep1,1.1761,2662,0
rep1,1.1763,2663,0
rep1,1.1764,2664,0
rep1,1.1765,2665,0
rep1,1.1766,2666,0
rep1,1.1766,2667,0
rep1,1.1766,2668,0
rep1,1.1767,2669,0
rep1,1.1769,2670,0
rep1,1.1769,2671,0
rep1,1.177,2672,0
rep1,1.177,2673,0
rep1,1.1771,2674,0
rep1,1.1773,2675,0
rep1,1.1774,2676,0
rep1,1.1774,2677,0
rep1,1.1775,2678,0
rep1,1.1775,2679,0
rep1,1.1776,2680,0
rep1,1.1777,2681,0
rep1,1.1778,2682,0
rep1,1.1778,2683,0
rep1,1.1779,2684,0
rep1,1.178,2685,0
rep1,1.1782,2686,0
rep1,1.1783,2687,0
rep1,1.1783,2688,0
rep1,1.1783,2689,0
rep1,1.1784,2690,0
rep1,1.1784,2691,0
rep1,1.1785,2692,0
rep1,1.1785,2693,0
rep1,1.1786,2694,0
rep1,1.1787,2695,0
rep1,1.1788,2696,0
rep1,1.1788,2697,0
rep1,1.1789,2698,0
rep1,1.179,2699,0
rep1,1.179,2700,0
rep1,1.179,2701,0
rep1,1.1791,2702,0
rep1,1.1791,2703,0
rep1,1.1793,2704,0
rep1,1.1793,2705,0
rep1,1.1794,2706,0
rep1,1.1795,2707,0
rep1,1.1795,2708,0
rep1,1.1796,2709,0
rep1,1.1796,2710,0
rep1,1.1797,2711,0
rep1,1.1797,2712,0
rep1,1.1797,2713,0
rep1,1.1798,2714,0
rep1,1.1798,2715,0
rep1,1.1798,2716,0
rep1,1.1799,2717,0
rep1,1.1799,2718,0
rep1,1.1802,2719,0
rep1,1.1802,2720,0
rep1,1.1803,2721,0
rep1,1.1804,2722,0
rep1,1.1805,2723,0
rep1,1.1806,2724,0
rep1,1.1806,2725,0
rep1,1.1806,2726,0
rep1,1.1807,2727,0
rep1,1.1807,2728,0
rep1,1.1808,2729,0
rep1,1.1809,2730,0
rep1,1.1809,2731,0
rep1,1.1811,2732,0
rep1,1.1812,2733,0
rep1,1.1813,2734,0
rep1,1.1814,2735,0
rep1,1.1814,2736,0
rep1,1.1814,2737,0
rep1,1.1814,2738,0
rep1,1.1816,2739,0
rep1,1.1816,2740,0
rep1,1.1817,2741,0
rep1,1.1819,2742,0
rep1,1.182,2743,0
rep1,1.182,2744,0
rep1,1.182,2745,0
rep1,1.182,2746,0
rep1,1.1821,2747,0
rep1,1.1821,2748,0
rep1,1.1821,2749,0
rep1,1.1822,2750,0
rep1,1.1822,2751,0
rep1,1.1822,2752,0
rep1,1.1823,2753,0
rep1,1.1823,2754,0
rep1,1.1824,2755,0
rep1,1.1824,2756,0
rep1,1.1825,2757,0
rep1,1.1825,2758,0
rep1,1.1826,2759,0
rep1,1.1826,2760,0
rep1,1.1826,2761,0
rep1,1.1827,2762,0
rep1,1.1827,2763,0
rep1,1.1828,2764,0
rep1,1.1829,2765,0
rep1,1.183,2766,0
rep1,1.1832,2767,0
rep1,1.1833,2768,0
rep1,1.1834,2769,0
rep1,1.1834,2770,0
rep1,1.1835,2771,0
rep1,1.1836,2772,0
rep1,1.1837,2773,0
rep1,1.1838,2774,0
rep1,1.1838,2775,0
rep1,1.1839,2776,0
rep1,1.1839,2777,0
rep1,1.1839,2778,0
rep1,1.184,2779,0
rep1,1.184,2780,0
rep1,1.1841,2781,0
rep1,1.1842,2782,0
rep1,1.1843,2783,0
rep1,1.1844,2784,0
rep1,1.1845,2785,0
rep1,1.1845,2786,0
rep1,1.1845,2787,0
rep1,1.1846,2788,0
rep1,1.1846,2789,0
rep1,1.1847,2790,0
rep1,1.1847,2791,0
rep1,1.1848,2792,0
rep1,1.1849,2793,0
rep1,1.1851,2794,0
rep1,1.1852,2795,0
rep1,1.1854,2796,0
rep1,1.1855,2797,0
rep1,1.1855,2798,0
rep1,1.1855,2799,0
rep1,1.1855,2800,0
rep1,1.1856,2801,0
rep1,1.1857,2802,0
rep1,1.1857,2803,0
rep1,1.1857,2804,0
rep1,1.1858,2805,0
rep1,1.1859,2806,0
rep1,1.1859,2807,0
rep1,1.186,2808,0
rep1,1.186,2809,0
rep1,1.1862,2810,0
rep1,1.1863,2811,0
rep1,1.1863,2812,0
rep1,1.1863,2813,0
rep1,1.1863,2814,0
rep1,1.1865,2815,0
rep1,1.1866,2816,0
rep1,1.1867,2817,0
rep1,1.1869,2818,0
rep1,1.187,2819,0
rep1,1.1871,2820,0
rep1,1.1871,2821,0
rep1,1.1872,2822,0
rep1,1.1872,2823,0
rep1,1.1873,2824,0
rep1,1.1873,2825,0
rep1,1.1874,2826,0
rep1,1.1874,2827,0
rep1,1.1874,2828,0
rep1,1.1875,2829,0
rep1,1.1879,2830,0
rep1,1.1879,2831,0
rep1,1.1879,2832,0
rep1,1.188,2833,0
rep1,1.188,2834,0
rep1,1.1881,2835,0
rep1,1.1881,2836,0
rep1,1.1881,2837,0
rep1,1.1882,2838,0
rep1,1.1882,2839,0
rep1,1.1883,2840,0
rep1,1.1883,2841,0
rep1,1.1883,2842,0
rep1,1.1884,2843,0
rep1,1.1885,2844,0
rep1,1.1885,2845,0
rep1,1.1885,2846,0
rep1,1.1886,2847,0
rep1,1.1886,2848,0
rep1,1.1887,2849,0
rep1,1.1888,2850,0
rep1,1.1889,2851,0
rep1,1.189,2852,0
rep1,1.189,2853,0
rep1,1.1891,2854,0
rep1,1.1892,2855,0
rep1,1.1892,2856,0
rep1,1.1893,2857,0
rep1,1.1894,2858,0
rep1,1.1895,2859,0
rep1,1.1895,2860,0
rep1,1.1896,2861,0
rep1,1.1896,2862,0
rep1,1.1897,2863,0
rep1,1.1898,2864,0
rep1,1.1898,2865,0
rep1,1.1898,2866,0
rep1,1.1899,2867,0
rep1,1.1899,2868,0
rep1,1.1902,2869,0
rep1,1.1903,2870,0
rep1,1.1903,2871,0
rep1,1.1906,2872,0
rep1,1.1906,2873,0
rep1,1.1906,2874,0
rep1,1.1907,2875,0
rep1,1.1907,2876,0
rep1,1.191,2877,0
rep1,1.191,2878,0
rep1,1.1911,2879,0
rep1,1.1911,2880,0
rep1,1.1912,2881,0
rep1,1.1912,2882,0
rep1,1.1912,2883,0
rep1,1.1913,2884,0
rep1,1.1913,2885,0
rep1,1.1914,2886,0
rep1,1.1914,2887,0
rep1,1.1914,2888,0
rep1,1.1915,2889,0
rep1,1.1916,2890,0
rep1,1.1917,2891,0
rep1,1.1917,2892,0
rep1,1.1918,2893,0
rep1,1.1918,2894,0
rep1,1.1919,2895,0
rep1,1.1919,2896,0
rep1,1.192,2897,0
rep1,1.192,2898,0
rep1,1.1924,2899,0
rep1,1.1924,2900,0
rep1,1.1925,2901,0
rep1,1.1926,2902,0
rep1,1.1926,2903,0
rep1,1.1926,2904,0
rep1,1.1927,2905,0
rep1,1.1927,2906,0
rep1,1.1928,2907,0
rep1,1.1928,2908,0
rep1,1.1929,2909,0
rep1,1.1929,2910,0
rep1,1.1929,2911,0
rep1,1.193,2912,0
rep1,1.193,2913,0
rep1,1.193,2914,0
rep1,1.1931,2915,0
rep1,1.1931,2916,0
rep1,1.1931,2917,0
rep1,1.1932,2918,0
rep1,1.1933,2919,0
rep1,1.1933,2920,0
rep1,1.1934,2921,0
rep1,1.1934,2922,0
rep1,1.1935,2923,0
rep1,1.1935,2924,0
rep1,1.1935,2925,0
rep1,1.1936,2926,0
rep1,1.1936,2927,0
rep1,1.1936,2928,0
rep1,1.1937,2929,0
rep1,1.1937,2930,0
rep1,1.1938,2931,0
rep1,1.1939,2932,0
rep1,1.1939,2933,0
rep1,1.194,2934,0
rep1,1.194,2935,0
rep1,1.1942,2936,0
rep1,1.1943,2937,0
rep1,1.1943,2938,0
rep1,1.1945,2939,0
rep1,1.1946,2940,0
rep1,1.1946,2941,0
rep1,1.1949,2942,0
rep1,1.1949,2943,0
rep1,1.195,2944,0
rep1,1.195,2945,0
rep1,1.1951,2946,0
rep1,1.1952,2947,0
rep1,1.1952,2948,0
rep1,1.1953,2949,0
rep1,1.1953,2950,0
rep1,1.1954,2951,0
rep1,1.1954,2952,0
rep1,1.1955,2953,0
rep1,1.1955,2954,0
rep1,1.1956,2955,0
rep1,1.1957,2956,0
rep1,1.1957,2957,0
rep1,1.1958,2958,0
rep1,1.1958,2959,0
rep1,1.1959,2960,0
rep1,1.1959,2961,0
rep1,1.196,2962,0
rep1,1.1961,2963,0
rep1,1.1961,2964,0
rep1,1.1962,2965,0
rep1,1.1963,2966,0
rep1,1.1964,2967,0
rep1,1.1964,2968,0
rep1,1.1964,2969,0
rep1,1.1964,2970,0
rep1,1.1965,2971,0
rep1,1.1965,2972,0
rep1,1.1966,2973,0
rep1,1.1967,2974,0
rep1,1.1968,2975,0
rep1,1.1968,2976,0
rep1,1.1969,2977,0
rep1,1.1969,2978,0
rep1,1.197,2979,0
rep1,1.197,2980,0
rep1,1.1972,2981,0
rep1,1.1975,2982,0
rep1,1.1975,2983,0
rep1,1.1976,2984,0
rep1,1.1977,2985,0
rep1,1.1978,2986,0
rep1,1.1979,2987,0
rep1,1.1979,2988,0
rep1,1.1981,2989,0
rep1,1.1985,2990,0
rep1,1.1985,2991,0
rep1,1.1985,2992,0
rep1,1.1985,2993,0
rep1,1.1985,2994,0
rep1,1.1986,2995,0
rep1,1.1988,2996,0
rep1,1.1988,2997,0
rep1,1.1989,2998,0
rep1,1.1989,2999,0
rep1,1.199,3000,0
rep1,1.199,3001,0
rep1,1.1992,3002,0
rep1,1.1993,3003,0
rep1,1.1995,3004,0
rep1,1.1996,3005,0
rep1,1.1996,3006,0
rep1,1.1997,3007,0
rep1,1.1997,3008,0
rep1,1.1997,3009,0
rep1,1.1999,3010,0
rep1,1.2,3011,0
rep1,1.2,3012,0
rep1,1.2003,3013,0
rep1,1.2003,3014,0
rep1,1.2003,3015,0
rep1,1.2004,3016,0
rep1,1.2004,3017,0
rep1,1.2005,3018,0
rep1,1.2005,3019,0
rep1,1.2005,3020,0
rep1,1.2006,3021,0
rep1,1.2007,3022,0
rep1,1.2007,3023,0
rep1,1.201,3024,0
rep1,1.201,3025,0
rep1,1.2013,3026,0
rep1,1.2016,3027,0
rep1,1.2016,3028,0
rep1,1.2016,3029,0
rep1,1.2017,3030,0
rep1,1.2018,3031,0
rep1,1.202,3032,0
rep1,1.202,3033,0
rep1,1.2022,3034,0
rep1,1.2023,3035,0
rep1,1.2024,3036,0
rep1,1.2024,3037,0
rep1,1.2024,3038,0
rep1,1.2025,3039,0
rep1,1.2026,3040,0
rep1,1.2027,3041,0
rep1,1.2029,3042,0
rep1,1.2029,3043,0
rep1,1.2029,3044,0
rep1,1.2031,3045,0
rep1,1.2033,3046,0
rep1,1.2034,3047,0
rep1,1.2035,3048,0
rep1,1.2035,3049,0
rep1,1.2036,3050,0
rep1,1.2037,3051,0
rep1,1.2039,3052,0
rep1,1.2039,3053,0
rep1,1.2043,3054,0
rep1,1.2043,3055,0
rep1,1.2044,3056,0
rep1,1.2045,3057,0
rep1,1.2046,3058,0
rep1,1.2047,3059,0
rep1,1.2048,3060,0
rep1,1.2049,3061,0
rep1,1.205,3062,0
rep1,1.205,3063,0
rep1,1.205,3064,0
rep1,1.2051,3065,0
rep1,1.2051,3066,0
rep1,1.2051,3067,0
rep1,1.2052,3068,0
rep1,1.2054,3069,0
rep1,1.2054,3070,0
rep1,1.2054,3071,0
rep1,1.2054,3072,0
rep1,1.2055,3073,0
rep1,1.2057,3074,0
rep1,1.2058,3075,0
rep1,1.2059,3076,0
rep1,1.2059,3077,0
rep1,1.206,3078,0
rep1,1.2061,3079,0
rep1,1.2062,3080,0
rep1,1.2062,3081,0
rep1,1.2062,3082,0
rep1,1.2062,3083,0
rep1,1.2063,3084,0
rep1,1.2066,3085,0
rep1,1.2068,3086,0
rep1,1.2069,3087,0
rep1,1.207,3088,0
rep1,1.207,3089,0
rep1,1.207,3090,0
rep1,1.2071,3091,0
rep1,1.2071,3092,0
rep1,1.2072,3093,0
rep1,1.2073,3094,0
rep1,1.2074,3095,0
rep1,1.2074,3096,0
rep1,1.2074,3097,0
rep1,1.2075,3098,0
rep1,1.2077,3099,0
rep1,1.2079,3100,0
rep1,1.2079,3101,0
rep1,1.208,3102,0
rep1,1.208,3103,0
rep1,1.2081,3104,0
rep1,1.2081,3105,0
rep1,1.2082,3106,0
rep1,1.2083,3107,0
rep1,1.2085,3108,0
rep1,1.2085,3109,0
rep1,1.2089,3110,0
rep1,1.2089,3111,0
rep1,1.2089,3112,0
rep1,1.209,3113,0
rep1,1.2091,3114,0
rep1,1.2091,3115,0
rep1,1.2092,3116,0
rep1,1.2092,3117,0
rep1,1.2092,3118,0
rep1,1.2092,3119,0
rep1,1.2092,3120,0
rep1,1.2093,3121,0
rep1,1.2094,3122,0
rep1,1.2094,3123,0
rep1,1.2095,3124,0
rep1,1.2095,3125,0
rep1,1.2096,3126,0
rep1,1.2096,3127,0
rep1,1.2096,3128,0
rep1,1.2097,3129,0
rep1,1.2098,3130,0
rep1,1.2098,3131,0
rep1,1.2099,3132,0
rep1,1.2101,3133,0
rep1,1.2101,3134,0
rep1,1.2103,3135,0
rep1,1.2105,3136,0
rep1,1.2105,3137,0
rep1,1.2105,3138,0
rep1,1.2107,3139,0
rep1,1.2107,3140,0
rep1,1.2109,3141,0
rep1,1.2109,3142,0
rep1,1.211,3143,0
rep1,1.2112,3144,0
rep1,1.2115,3145,0
rep1,1.2116,3146,0
rep1,1.2116,3147,0
rep1,1.2117,3148,0
rep1,1.2117,3149,0
rep1,1.2118,3150,0
rep1,1.2118,3151,0
rep1,1.2119,3152,0
rep1,1.2119,3153,0
rep1,1.2121,3154,0
rep1,1.2124,3155,0
rep1,1.2124,3156,0
rep1,1.2124,3157,0
rep1,1.2125,3158,0
rep1,1.2126,3159,0
rep1,1.2126,3160,0
rep1,1.2128,3161,0
rep1,1.2128,3162,0
rep1,1.2128,3163,0
rep1,1.2128,3164,0
rep1,1.2129,3165,0
rep1,1.2129,3166,0
rep1,1.213,3167,0
rep1,1.213,3168,0
rep1,1.2131,3169,0
rep1,1.2132,3170,0
rep1,1.2133,3171,0
rep1,1.2133,3172,0
rep1,1.2136,3173,0
rep1,1.2137,3174,0
rep1,1.2138,3175,0
rep1,1.2139,3176,0
rep1,1.2139,3177,0
rep1,1.214,3178,0
rep1,1.214,3179,0
rep1,1.2141,3180,0
rep1,1.2141,3181,0
rep1,1.2142,3182,0
rep1,1.2142,3183,0
rep1,1.2143,3184,0
rep1,1.2143,3185,0
rep1,1.2144,3186,0
rep1,1.2144,3187,0
rep1,1.2144,3188,0
rep1,1.2145,3189,0
rep1,1.2145,3190,0
rep1,1.2146,3191,0
rep1,1.2147,3192,0
rep1,1.2148,3193,0
rep1,1.2149,3194,0
rep1,1.215,3195,0
rep1,1.215,3196,0
rep1,1.215,3197,0
rep1,1.2151,3198,0
rep1,1.2153,3199,0
rep1,1.2154,3200,0
rep1,1.2154,3201,0
rep1,1.2154,3202,0
rep1,1.2156,3203,0
rep1,1.2157,3204,0
rep1,1.2157,3205,0
rep1,1.2158,3206,0
rep1,1.2158,3207,0
rep1,1.2159,3208,0
rep1,1.2161,3209,0
rep1,1.2161,3210,0
rep1,1.2161,3211,0
rep1,1.2161,3212,0
rep1,1.2162,3213,0
rep1,1.2162,3214,0
rep1,1.2163,3215,0
rep1,1.2163,3216,0
rep1,1.2163,3217,0
rep1,1.2163,3218,0
rep1,1.2164,3219,0
rep1,1.2164,3220,0
rep1,1.2165,3221,0
rep1,1.2165,3222,0
rep1,1.2165,3223,0
rep1,1.2165,3224,0
rep1,1.2166,3225,0
rep1,1.2166,3226,0
rep1,1.2167,3227,0
rep1,1.2169,3228,0
rep1,1.217,3229,0
rep1,1.217,3230,0
rep1,1.2171,3231,0
rep1,1.2172,3232,0
rep1,1.2173,3233,0
rep1,1.2174,3234,0
rep1,1.2176,3235,0
rep1,1.2176,3236,0
rep1,1.2177,3237,0
rep1,1.2177,3238,0
rep1,1.2177,3239,0
rep1,1.2177,3240,0
rep1,1.2178,3241,0
rep1,1.2178,3242,0
rep1,1.2179,3243,0
rep1,1.2181,3244,0
rep1,1.2181,3245,0
rep1,1.2181,3246,0
rep1,1.2182,3247,0
rep1,1.2182,3248,0
rep1,1.2183,3249,0
rep1,1.2183,3250,0
rep1,1.2187,3251,0
rep1,1.2187,3252,0
rep1,1.2188,3253,0
rep1,1.2189,3254,0
rep1,1.2189,3255,0
rep1,1.2191,3256,0
rep1,1.2191,3257,0
rep1,1.2193,3258,0
rep1,1.2193,3259,0
rep1,1.2194,3260,0
rep1,1.2195,3261,0
rep1,1.2196,3262,0
rep1,1.2196,3263,0
rep1,1.2197,3264,0
rep1,1.2198,3265,0
rep1,1.2198,3266,0
rep1,1.2198,3267,0
rep1,1.2199,3268,0
rep1,1.22,3269,0
rep1,1.2201,3270,0
rep1,1.2202,3271,0
rep1,1.2202,3272,0
rep1,1.2203,3273,0
rep1,1.2204,3274,0
rep1,1.2204,3275,0
rep1,1.2204,3276,0
rep1,1.2204,3277,0
rep1,1.2206,3278,0
rep1,1.2206,3279,0
rep1,1.2207,3280,0
rep1,1.2208,3281,0
rep1,1.2209,3282,0
rep1,1.221,3283,0
rep1,1.221,3284,0
rep1,1.221,3285,0
rep1,1.2211,3286,0
rep1,1.2212,3287,0
rep1,1.2214,3288,0
rep1,1.2214,3289,0
rep1,1.2215,3290,0
rep1,1.2216,3291,0
rep1,1.2216,3292,0
rep1,1.2216,3293,0
rep1,1.2218,3294,0
rep1,1.2219,3295,0
rep1,1.2219,3296,0
rep1,1.222,3297,0
rep1,1.222,3298,0
rep1,1.222,3299,0
rep1,1.2222,3300,0
rep1,1.2223,3301,0
rep1,1.2225,3302,0
rep1,1.2225,3303,0
rep1,1.2225,3304,0
rep1,1.2226,3305,0
rep1,1.2227,3306,0
rep1,1.2227,3307,0
rep1,1.2228,3308,0
rep1,1.2228,3309,0
rep1,1.2229,3310,0
rep1,1.2229,3311,0
rep1,1.223,3312,0
rep1,1.2232,3313,0
rep1,1.2232,3314,0
rep1,1.2233,3315,0
rep1,1.2233,3316,0
rep1,1.2234,3317,0
rep1,1.2234,3318,0
rep1,1.2235,3319,0
rep1,1.2235,3320,0
rep1,1.2235,3321,0
rep1,1.2236,3322,0
rep1,1.2238,3323,0
rep1,1.2238,3324,0
rep1,1.2239,3325,0
rep1,1.2239,3326,0
rep1,1.2241,3327,0
rep1,1.2242,3328,0
rep1,1.2243,3329,0
rep1,1.2245,3330,0
rep1,1.2245,3331,0
rep1,1.2245,3332,0
rep1,1.2246,3333,0
rep1,1.2249,3334,0
rep1,1.225,3335,0
rep1,1.225,3336,0
rep1,1.2251,3337,0
rep1,1.2251,3338,0
rep1,1.2251,3339,0
rep1,1.2251,3340,0
rep1,1.2253,3341,0
rep1,1.2253,3342,0
rep1,1.2255,3343,0
rep1,1.2256,3344,0
rep1,1.2257,3345,0
rep1,1.2258,3346,0
rep1,1.2258,3347,0
rep1,1.2259,3348,0
rep1,1.2259,3349,0
rep1,1.2262,3350,0
rep1,1.2263,3351,0
rep1,1.2263,3352,0
rep1,1.2263,3353,0
rep1,1.2264,3354,0
rep1,1.2264,3355,0
rep1,1.2265,3356,0
rep1,1.2265,3357,0
rep1,1.2265,3358,0
rep1,1.2266,3359,0
rep1,1.2266,3360,0
rep1,1.2267,3361,0
rep1,1.2268,3362,0
rep1,1.2269,3363,0
rep1,1.2269,3364,0
rep1,1.227,3365,0
rep1,1.227,3366,0
rep1,1.227,3367,0
rep1,1.2272,3368,0
rep1,1.2272,3369,0
rep1,1.2273,3370,0
rep1,1.2273,3371,0
rep1,1.2275,3372,0
rep1,1.2275,3373,0
rep1,1.2276,3374,0
rep1,1.2276,3375,0
rep1,1.2276,3376,0
rep1,1.2276,3377,0
rep1,1.2277,3378,0
rep1,1.2277,3379,0
rep1,1.2278,3380,0
rep1,1.2278,3381,0
rep1,1.228,3382,0
rep1,1.2281,3383,0
rep1,1.2282,3384,0
rep1,1.2283,3385,0
rep1,1.2284,3386,0
rep1,1.2285,3387,0
rep1,1.2285,3388,0
rep1,1.2285,3389,0
rep1,1.2286,3390,0
rep1,1.2286,3391,0
rep1,1.2287,3392,0
rep1,1.2287,3393,0
rep1,1.2288,3394,0
rep1,1.2289,3395,0
rep1,1.229,3396,0
rep1,1.2291,3397,0
rep1,1.2292,3398,0
rep1,1.2292,3399,0
rep1,1.2294,3400,0
rep1,1.2296,3401,0
rep1,1.2297,3402,0
rep1,1.2297,3403,0
rep1,1.2298,3404,0
rep1,1.2301,3405,0
rep1,1.2301,3406,0
rep1,1.2301,3407,0
rep1,1.2302,3408,0
rep1,1.2302,3409,0
rep1,1.2302,3410,0
rep1,1.2302,3411,0
rep1,1.2302,3412,0
rep1,1.2302,3413,0
rep1,1.2304,3414,0
rep1,1.2304,3415,0
rep1,1.2307,3416,0
rep1,1.231,3417,0
rep1,1.231,3418,0
rep1,1.231,3419,0
rep1,1.2312,3420,0
rep1,1.2314,3421,0
rep1,1.2314,3422,0
rep1,1.2314,3423,0
rep1,1.2315,3424,0
rep1,1.2318,3425,0
rep1,1.2318,3426,0
rep1,1.2318,3427,0
rep1,1.232,3428,0
rep1,1.2321,3429,0
rep1,1.2321,3430,0
rep1,1.2323,3431,0
rep1,1.2323,3432,0
rep1,1.2324,3433,0
rep1,1.2324,3434,0
rep1,1.2325,3435,0
rep1,1.2325,3436,0
rep1,1.2326,3437,0
rep1,1.2326,3438,0
rep1,1.2327,3439,0
rep1,1.2327,3440,0
rep1,1.2328,3441,0
rep1,1.2328,3442,0
rep1,1.2329,3443,0
rep1,1.233,3444,0
rep1,1.2331,3445,0
rep1,1.2331,3446,0
rep1,1.2333,3447,0
rep1,1.2333,3448,0
rep1,1.2335,3449,0
rep1,1.2338,3450,0
rep1,1.2339,3451,0
rep1,1.2344,3452,0
rep1,1.2345,3453,0
rep1,1.2345,3454,0
rep1,1.2348,3455,0
rep1,1.2348,3456,0
rep1,1.2348,3457,0
rep1,1.2352,3458,0
rep1,1.2353,3459,0
rep1,1.2353,3460,0
rep1,1.2354,3461,0
rep1,1.2354,3462,0
rep1,1.2355,3463,0
rep1,1.2356,3464,0
rep1,1.2356,3465,0
rep1,1.2356,3466,0
rep1,1.2356,3467,0
rep1,1.2358,3468,0
rep1,1.2358,3469,0
rep1,1.2358,3470,0
rep1,1.2362,3471,0
rep1,1.2363,3472,0
rep1,1.2363,3473,0
rep1,1.2364,3474,0
rep1,1.2364,3475,0
rep1,1.2367,3476,0
rep1,1.2371,3477,0
rep1,1.2372,3478,0
rep1,1.2373,3479,0
rep1,1.2375,3480,0
rep1,1.2375,3481,0
rep1,1.2377,3482,0
rep1,1.2377,3483,0
rep1,1.2377,3484,0
rep1,1.238,3485,0
rep1,1.2381,3486,0
rep1,1.2381,3487,0
rep1,1.2382,3488,0
rep1,1.2383,3489,0
rep1,1.2383,3490,0
rep1,1.2383,3491,0
rep1,1.2384,3492,0
rep1,1.2384,3493,0
rep1,1.2385,3494,0
rep1,1.2385,3495,0
rep1,1.2385,3496,0
rep1,1.2386,3497,0
rep1,1.2386,3498,0
rep1,1.2387,3499,0
rep1,1.2389,3500,0
rep1,1.239,3501,0
rep1,1.2391,3502,0
rep1,1.2394,3503,0
rep1,1.2394,3504,0
rep1,1.2395,3505,0
rep1,1.2397,3506,0
rep1,1.2397,3507,0
rep1,1.2397,3508,0
rep1,1.2398,3509,0
rep1,1.2398,3510,0
rep1,1.24,3511,0
rep1,1.24,3512,0
rep1,1.24,3513,0
rep1,1.2401,3514,0
rep1,1.2401,3515,0
rep1,1.2403,3516,0
rep1,1.2403,3517,0
rep1,1.2405,3518,0
rep1,1.2406,3519,0
rep1,1.2411,3520,0
rep1,1.2413,3521,0
rep1,1.2415,3522,0
rep1,1.2415,3523,0
rep1,1.2416,3524,0
rep1,1.2416,3525,0
rep1,1.2418,3526,0
rep1,1.2418,3527,0
rep1,1.2418,3528,0
rep1,1.2419,3529,0
rep1,1.2422,3530,0
rep1,1.2422,3531,0
rep1,1.2423,3532,0
rep1,1.2423,3533,0
rep1,1.2424,3534,0
rep1,1.2426,3535,0
rep1,1.2427,3536,0
rep1,1.2427,3537,0
rep1,1.2427,3538,0
rep1,1.2428,3539,0
rep1,1.243,3540,0
rep1,1.243,3541,0
rep1,1.243,3542,0
rep1,1.2432,3543,0
rep1,1.2432,3544,0
rep1,1.2436,3545,0
rep1,1.2436,3546,0
rep1,1.2437,3547,0
rep1,1.2437,3548,0
rep1,1.2437,3549,0
rep1,1.2437,3550,0
rep1,1.2438,3551,0
rep1,1.2439,3552,0
rep1,1.244,3553,0
rep1,1.244,3554,0
rep1,1.2442,3555,0
rep1,1.2444,3556,0
rep1,1.2444,3557,0
rep1,1.2446,3558,0
rep1,1.245,3559,0
rep1,1.2451,3560,0
rep1,1.2454,3561,0
rep1,1.2455,3562,0
rep1,1.2455,3563,0
rep1,1.2458,3564,0
rep1,1.2459,3565,0
rep1,1.2459,3566,0
rep1,1.2459,3567,0
rep1,1.246,3568,0
rep1,1.246,3569,0
rep1,1.246,3570,0
rep1,1.2461,3571,0
rep1,1.2461,3572,0
rep1,1.2461,3573,0
rep1,1.2462,3574,0
rep1,1.2462,3575,0
rep1,1.2462,3576,0
rep1,1.2465,3577,0
rep1,1.2465,3578,0
rep1,1.2465,3579,0
rep1,1.2466,3580,0
rep1,1.2466,3581,0
rep1,1.2467,3582,0
rep1,1.2467,3583,0
rep1,1.2467,3584,0
rep1,1.2471,3585,0
rep1,1.2471,3586,0
rep1,1.2473,3587,0
rep1,1.2474,3588,0
rep1,1.2474,3589,0
rep1,1.2475,3590,0
rep1,1.2476,3591,0
rep1,1.2476,3592,0
rep1,1.2476,3593,0
rep1,1.2476,3594,0
rep1,1.2477,3595,0
rep1,1.2477,3596,0
rep1,1.2478,3597,0
rep1,1.2478,3598,0
rep1,1.2479,3599,0
rep1,1.248,3600,0
rep1,1.248,3601,0
rep1,1.2482,3602,0
rep1,1.2483,3603,0
rep1,1.2486,3604,0
rep1,1.2487,3605,0
rep1,1.2487,3606,0
rep1,1.2488,3607,0
rep1,1.2489,3608,0
rep1,1.2491,3609,0
rep1,1.2492,3610,0
rep1,1.2492,3611,0
rep1,1.2494,3612,0
rep1,1.2494,3613,0
rep1,1.2495,3614,0
rep1,1.2495,3615,0
rep1,1.2497,3616,0
rep1,1.2497,3617,0
rep1,1.2498,3618,0
rep1,1.2499,3619,0
rep1,1.2501,3620,0
rep1,1.2503,3621,0
rep1,1.2503,3622,0
rep1,1.2505,3623,0
rep1,1.2505,3624,0
rep1,1.2506,3625,0
rep1,1.2506,3626,0
rep1,1.2508,3627,0
rep1,1.2509,3628,0
rep1,1.2511,3629,0
rep1,1.2511,3630,0
rep1,1.2512,3631,0
rep1,1.2512,3632,0
rep1,1.2512,3633,0
rep1,1.2512,3634,0
rep1,1.2514,3635,0
rep1,1.2515,3636,0
rep1,1.2516,3637,0
rep1,1.2517,3638,0
rep1,1.2518,3639,0
rep1,1.2518,3640,0
rep1,1.2519,3641,0
rep1,1.2522,3642,0
rep1,1.2522,3643,0
rep1,1.2523,3644,0
rep1,1.2523,3645,0
rep1,1.2524,3646,0
rep1,1.2526,3647,0
rep1,1.2527,3648,0
rep1,1.2528,3649,0
rep1,1.2528,3650,0
rep1,1.2529,3651,0
rep1,1.2529,3652,0
rep1,1.253,3653,0
rep1,1.253,3654,0
rep1,1.253,3655,0
rep1,1.2531,3656,0
rep1,1.2533,3657,0
rep1,1.2534,3658,0
rep1,1.2534,3659,0
rep1,1.2535,3660,0
rep1,1.2536,3661,0
rep1,1.2536,3662,0
rep1,1.2537,3663,0
rep1,1.2538,3664,0
rep1,1.2538,3665,0
rep1,1.254,3666,0
rep1,1.2541,3667,0
rep1,1.2541,3668,0
rep1,1.2541,3669,0
rep1,1.2545,3670,0
rep1,1.2545,3671,0
rep1,1.2547,3672,0
rep1,1.2547,3673,0
rep1,1.2547,3674,0
rep1,1.2549,3675,0
rep1,1.255,3676,0
rep1,1.2552,3677,0
rep1,1.2552,3678,0
rep1,1.2552,3679,0
rep1,1.2552,3680,0
rep1,1.2553,3681,0
rep1,1.2553,3682,0
rep1,1.2554,3683,0
rep1,1.2555,3684,0
rep1,1.2555,3685,0
rep1,1.2555,3686,0
rep1,1.2557,3687,0
rep1,1.2558,3688,0
rep1,1.2558,3689,0
rep1,1.256,3690,0
rep1,1.256,3691,0
rep1,1.2561,3692,0
rep1,1.2562,3693,0
rep1,1.2562,3694,0
rep1,1.2563,3695,0
rep1,1.2564,3696,0
rep1,1.2565,3697,0
rep1,1.2569,3698,0
rep1,1.257,3699,0
rep1,1.2572,3700,0
rep1,1.2574,3701,0
rep1,1.2575,3702,0
rep1,1.2577,3703,0
rep1,1.2578,3704,0
rep1,1.2578,3705,0
rep1,1.258,3706,0
rep1,1.2581,3707,0
rep1,1.2581,3708,0
rep1,1.2581,3709,0
rep1,1.2582,3710,0
rep1,1.2582,3711,0
rep1,1.2583,3712,0
rep1,1.2583,3713,0
rep1,1.2585,3714,0
rep1,1.2585,3715,0
rep1,1.2585,3716,0
rep1,1.2587,3717,0
rep1,1.2587,3718,0
rep1,1.2588,3719,0
rep1,1.2588,3720,0
rep1,1.259,3721,0
rep1,1.2591,3722,0
rep1,1.2591,3723,0
rep1,1.2592,3724,0
rep1,1.2593,3725,0
rep1,1.2595,3726,0
rep1,1.2596,3727,0
rep1,1.2596,3728,0
rep1,1.2596,3729,0
rep1,1.2597,3730,0
rep1,1.2597,3731,0
rep1,1.2598,3732,0
rep1,1.26,3733,0
rep1,1.2601,3734,0
rep1,1.2601,3735,0
rep1,1.2602,3736,0
rep1,1.2603,3737,0
rep1,1.2604,3738,0
rep1,1.2604,3739,0
rep1,1.2604,3740,0
rep1,1.2605,3741,0
rep1,1.2606,3742,0
rep1,1.2608,3743,0
rep1,1.261,3744,0
rep1,1.2611,3745,0
rep1,1.2612,3746,0
rep1,1.2613,3747,0
rep1,1.2613,3748,0
rep1,1.2616,3749,0
rep1,1.2616,3750,0
rep1,1.2618,3751,0
rep1,1.2619,3752,0
rep1,1.2619,3753,0
rep1,1.262,3754,0
rep1,1.2622,3755,0
rep1,1.2622,3756,0
rep1,1.2622,3757,0
rep1,1.2622,3758,0
rep1,1.2623,3759,0
rep1,1.2624,3760,0
rep1,1.2624,3761,0
rep1,1.2625,3762,0
rep1,1.2626,3763,0
rep1,1.2626,3764,0
rep1,1.2627,3765,0
rep1,1.2628,3766,0
rep1,1.2629,3767,0
rep1,1.2629,3768,0
rep1,1.263,3769,0
rep1,1.2631,3770,0
rep1,1.2632,3771,0
rep1,1.2632,3772,0
rep1,1.2633,3773,0
rep1,1.2633,3774,0
rep1,1.2635,3775,0
rep1,1.2635,3776,0
rep1,1.2637,3777,0
rep1,1.2637,3778,0
rep1,1.2638,3779,0
rep1,1.264,3780,0
rep1,1.2643,3781,0
rep1,1.2644,3782,0
rep1,1.2645,3783,0
rep1,1.2645,3784,0
rep1,1.265,3785,0
rep1,1.2651,3786,0
rep1,1.2652,3787,0
rep1,1.2652,3788,0
rep1,1.2652,3789,0
rep1,1.2653,3790,0
rep1,1.2655,3791,0
rep1,1.2656,3792,0
rep1,1.2656,3793,0
rep1,1.2658,3794,0
rep1,1.2658,3795,0
rep1,1.266,3796,0
rep1,1.2662,3797,0
rep1,1.2667,3798,0
rep1,1.2668,3799,0
rep1,1.2668,3800,0
rep1,1.2669,3801,0
rep1,1.2671,3802,0
rep1,1.2672,3803,0
rep1,1.2672,3804,0
rep1,1.2674,3805,0
rep1,1.2674,3806,0
rep1,1.2676,3807,0
rep1,1.2676,3808,0
rep1,1.2677,3809,0
rep1,1.2678,3810,0
rep1,1.2678,3811,0
rep1,1.2679,3812,0
rep1,1.268,3813,0
rep1,1.268,3814,0
rep1,1.2681,3815,0
rep1,1.2683,3816,0
rep1,1.2684,3817,0
rep1,1.2685,3818,0
rep1,1.2685,3819,0
rep1,1.2686,3820,0
rep1,1.2688,3821,0
rep1,1.2689,3822,0
rep1,1.2689,3823,0
rep1,1.269,3824,0
rep1,1.2691,3825,0
rep1,1.2692,3826,0
rep1,1.2693,3827,0
rep1,1.2693,3828,0
rep1,1.2694,3829,0
rep1,1.2695,3830,0
rep1,1.2696,3831,0
rep1,1.2698,3832,0
rep1,1.2699,3833,0
rep1,1.2701,3834,0
rep1,1.2702,3835,0
rep1,1.2702,3836,0
rep1,1.2703,3837,0
rep1,1.2703,3838,0
rep1,1.2704,3839,0
rep1,1.2706,3840,0
rep1,1.2706,3841,0
rep1,1.2707,3842,0
rep1,1.2708,3843,0
rep1,1.2712,3844,0
rep1,1.2712,3845,0
rep1,1.2712,3846,0
rep1,1.2712,3847,0
rep1,1.2713,3848,0
rep1,1.2716,3849,0
rep1,1.2716,3850,0
rep1,1.2717,3851,0
rep1,1.2718,3852,0
rep1,1.2721,3853,0
rep1,1.2721,3854,0
rep1,1.2722,3855,0
rep1,1.2722,3856,0
rep1,1.2722,3857,0
rep1,1.2723,3858,0
rep1,1.2725,3859,0
rep1,1.2725,3860,0
rep1,1.2726,3861,0
rep1,1.2726,3862,0
rep1,1.2727,3863,0
rep1,1.2727,3864,0
rep1,1.2728,3865,0
rep1,1.2729,3866,0
rep1,1.2729,3867,0
rep1,1.273,3868,0
rep1,1.2732,3869,0
rep1,1.2733,3870,0
rep1,1.2733,3871,0
rep1,1.2735,3872,0
rep1,1.2737,3873,0
rep1,1.2738,3874,0
rep1,1.2738,3875,0
rep1,1.274,3876,0
rep1,1.2742,3877,0
rep1,1.2745,3878,0
rep1,1.2746,3879,0
rep1,1.2747,3880,0
rep1,1.2747,3881,0
rep1,1.2748,3882,0
rep1,1.275,3883,0
rep1,1.2751,3884,0
rep1,1.2751,3885,0
rep1,1.2753,3886,0
rep1,1.2754,3887,0
rep1,1.2755,3888,0
rep1,1.2756,3889,0
rep1,1.2757,3890,0
rep1,1.2757,3891,0
rep1,1.2758,3892,0
rep1,1.276,3893,0
rep1,1.276,3894,0
rep1,1.2761,3895,0
rep1,1.2761,3896,0
rep1,1.2763,3897,0
rep1,1.2764,3898,0
rep1,1.2765,3899,0
rep1,1.2765,3900,0
rep1,1.2766,3901,0
rep1,1.2767,3902,0
rep1,1.2768,3903,0
rep1,1.2773,3904,0
rep1,1.2773,3905,0
rep1,1.2773,3906,0
rep1,1.2774,3907,0
rep1,1.2775,3908,0
rep1,1.2776,3909,0
rep1,1.2777,3910,0
rep1,1.2778,3911,0
rep1,1.2779,3912,0
rep1,1.2779,3913,0
rep1,1.2781,3914,0
rep1,1.2781,3915,0
rep1,1.2782,3916,0
rep1,1.2784,3917,0
rep1,1.2785,3918,0
rep1,1.2786,3919,0
rep1,1.2792,3920,0
rep1,1.2797,3921,0
rep1,1.2797,3922,0
rep1,1.2799,3923,0
rep1,1.2799,3924,0
rep1,1.2799,3925,0
rep1,1.28,3926,0
rep1,1.2801,3927,0
rep1,1.2801,3928,0
rep1,1.2802,3929,0
rep1,1.2804,3930,0
rep1,1.2807,3931,0
rep1,1.2807,3932,0
rep1,1.281,3933,0
rep1,1.2811,3934,0
rep1,1.2811,3935,0
rep1,1.2812,3936,0
rep1,1.2812,3937,0
rep1,1.2813,3938,0
rep1,1.2813,3939,0
rep1,1.2813,3940,0
rep1,1.2815,3941,0
rep1,1.2816,3942,0
rep1,1.2819,3943,0
rep1,1.2819,3944,0
rep1,1.282,3945,0
rep1,1.282,3946,0
rep1,1.2823,3947,0
rep1,1.2826,3948,0
rep1,1.2828,3949,0
rep1,1.2828,3950,0
rep1,1.2829,3951,0
rep1,1.2829,3952,0
rep1,1.283,3953,0
rep1,1.2831,3954,0
rep1,1.2832,3955,0
rep1,1.2834,3956,0
rep1,1.2835,3957,0
rep1,1.2837,3958,0
rep1,1.2837,3959,0
rep1,1.2837,3960,0
rep1,1.2838,3961,0
rep1,1.2838,3962,0
rep1,1.2838,3963,0
rep1,1.284,3964,0
rep1,1.2844,3965,0
rep1,1.2844,3966,0
rep1,1.2847,3967,0
rep1,1.2849,3968,0
rep1,1.2849,3969,0
rep1,1.2849,3970,0
rep1,1.285,3971,0
rep1,1.2851,3972,0
rep1,1.2851,3973,0
rep1,1.2853,3974,0
rep1,1.2854,3975,0
rep1,1.2854,3976,0
rep1,1.2855,3977,0
rep1,1.2858,3978,0
rep1,1.2858,3979,0
rep1,1.286,3980,0
rep1,1.2862,3981,0
rep1,1.2863,3982,0
rep1,1.2863,3983,0
rep1,1.2865,3984,0
rep1,1.2866,3985,0
rep1,1.2866,3986,0
rep1,1.2867,3987,0
rep1,1.2868,3988,0
rep1,1.2869,3989,0
rep1,1.2869,3990,0
rep1,1.287,3991,0
rep1,1.2871,3992,0
rep1,1.2872,3993,0
rep1,1.2872,3994,0
rep1,1.2873,3995,0
rep1,1.2874,3996,0
rep1,1.2878,3997,0
rep1,1.2879,3998,0
rep1,1.2879,3999,0
rep1,1.2881,4000,0
rep1,1.2882,4001,0
rep1,1.2882,4002,0
rep1,1.2883,4003,0
rep1,1.2883,4004,0
rep1,1.2886,4005,0
rep1,1.2887,4006,0
rep1,1.2889,4007,0
rep1,1.2889,4008,0
rep1,1.2893,4009,0
rep1,1.2893,4010,0
rep1,1.2895,4011,0
rep1,1.2896,4012,0
rep1,1.2897,4013,0
rep1,1.2898,4014,0
rep1,1.2902,4015,0
rep1,1.2903,4016,0
rep1,1.2904,4017,0
rep1,1.2907,4018,0
rep1,1.2909,4019,0
rep1,1.2909,4020,0
rep1,1.291,4021,0
rep1,1.2911,4022,0
rep1,1.2911,4023,0
rep1,1.2911,4024,0
rep1,1.2912,4025,0
rep1,1.2913,4026,0
rep1,1.2916,4027,0
rep1,1.2917,4028,0
rep1,1.2918,4029,0
rep1,1.2921,4030,0
rep1,1.2922,4031,0
rep1,1.2922,4032,0
rep1,1.2923,4033,0
rep1,1.2923,4034,0
rep1,1.2924,4035,0
rep1,1.2926,4036,0
rep1,1.2926,4037,0
rep1,1.2926,4038,0
rep1,1.2931,4039,0
rep1,1.2933,4040,0
rep1,1.2935,4041,0
rep1,1.2935,4042,0
rep1,1.2936,4043,0
rep1,1.2938,4044,0
rep1,1.2938,4045,0
rep1,1.2939,4046,0
rep1,1.2939,4047,0
rep1,1.2939,4048,0
rep1,1.294,4049,0
rep1,1.294,4050,0
rep1,1.2941,4051,0
rep1,1.2942,4052,0
rep1,1.2944,4053,0
rep1,1.2946,4054,0
rep1,1.2947,4055,0
rep1,1.2948,4056,0
rep1,1.2948,4057,0
rep1,1.295,4058,0
rep1,1.2951,4059,0
rep1,1.2951,4060,0
rep1,1.2952,4061,0
rep1,1.2955,4062,0
rep1,1.2955,4063,0
rep1,1.2955,4064,0
rep1,1.2956,4065,0
rep1,1.2956,4066,0
rep1,1.2957,4067,0
rep1,1.2959,4068,0
rep1,1.296,4069,0
rep1,1.2963,4070,0
rep1,1.2964,4071,0
rep1,1.2965,4072,0
rep1,1.2965,4073,0
rep1,1.2966,4074,0
rep1,1.2967,4075,0
rep1,1.297,4076,0
rep1,1.297,4077,0
rep1,1.2972,4078,0
rep1,1.2974,4079,0
rep1,1.2974,4080,0
rep1,1.2977,4081,0
rep1,1.2982,4082,0
rep1,1.2983,4083,0
rep1,1.2983,4084,0
rep1,1.2983,4085,0
rep1,1.2983,4086,0
rep1,1.2984,4087,0
rep1,1.2985,4088,0
rep1,1.2985,4089,0
rep1,1.2988,4090,0
rep1,1.2988,4091,0
rep1,1.299,4092,0
rep1,1.2993,4093,0
rep1,1.2995,4094,0
rep1,1.2996,4095,0
rep1,1.2997,4096,0
rep1,1.2998,4097,0
rep1,1.2998,4098,0
rep1,1.2999,4099,0
rep1,1.2999,4100,0
rep1,1.3,4101,0
rep1,1.3001,4102,0
rep1,1.3003,4103,0
rep1,1.3004,4104,0
rep1,1.3006,4105,0
rep1,1.3008,4106,0
rep1,1.3009,4107,0
rep1,1.3009,4108,0
rep1,1.301,4109,0
rep1,1.301,4110,0
rep1,1.3011,4111,0
rep1,1.3011,4112,0
rep1,1.3012,4113,0
rep1,1.3012,4114,0
rep1,1.3012,4115,0
rep1,1.3014,4116,0
rep1,1.3014,4117,0
rep1,1.3016,4118,0
rep1,1.3017,4119,0
rep1,1.3021,4120,0
rep1,1.3023,4121,0
rep1,1.3023,4122,0
rep1,1.3024,4123,0
rep1,1.3024,4124,0
rep1,1.3027,4125,0
rep1,1.3028,4126,0
rep1,1.3029,4127,0
rep1,1.303,4128,0
rep1,1.3031,4129,0
rep1,1.3031,4130,0
rep1,1.3032,4131,0
rep1,1.3033,4132,0
rep1,1.3036,4133,0
rep1,1.3037,4134,0
rep1,1.3039,4135,0
rep1,1.304,4136,0
rep1,1.304,4137,0
rep1,1.3045,4138,0
rep1,1.3048,4139,0
rep1,1.305,4140,0
rep1,1.3051,4141,0
rep1,1.3053,4142,0
rep1,1.3054,4143,0
rep1,1.3055,4144,0
rep1,1.3058,4145,0
rep1,1.3059,4146,0
rep1,1.306,4147,0
rep1,1.3061,4148,0
rep1,1.3062,4149,0
rep1,1.3065,4150,0
rep1,1.3065,4151,0
rep1,1.3068,4152,0
rep1,1.3068,4153,0
rep1,1.3069,4154,0
rep1,1.307,4155,0
rep1,1.3071,4156,0
rep1,1.3071,4157,0
rep1,1.3071,4158,0
rep1,1.3072,4159,0
rep1,1.3073,4160,0
rep1,1.3074,4161,0
rep1,1.3075,4162,0
rep1,1.3075,4163,0
rep1,1.3077,4164,0
rep1,1.3078,4165,0
rep1,1.3079,4166,0
rep1,1.308,4167,0
rep1,1.3081,4168,0
rep1,1.3082,4169,0
rep1,1.3083,4170,0
rep1,1.3084,4171,0
rep1,1.3084,4172,0
rep1,1.3086,4173,0
rep1,1.3087,4174,0
rep1,1.3092,4175,0
rep1,1.3092,4176,0
rep1,1.3092,4177,0
rep1,1.3093,4178,0
rep1,1.3093,4179,0
rep1,1.3095,4180,0
rep1,1.3096,4181,0
rep1,1.3099,4182,0
rep1,1.3099,4183,0
rep1,1.3099,4184,0
rep1,1.31,4185,0
rep1,1.3102,4186,0
rep1,1.3113,4187,0
rep1,1.3113,4188,0
rep1,1.3114,4189,0
rep1,1.3116,4190,0
rep1,1.3116,4191,0
rep1,1.3122,4192,0
rep1,1.3124,4193,0
rep1,1.3124,4194,0
rep1,1.3126,4195,0
rep1,1.3126,4196,0
rep1,1.3126,4197,0
rep1,1.3129,4198,0
rep1,1.3131,4199,0
rep1,1.3133,4200,0
rep1,1.3135,4201,0
rep1,1.3136,4202,0
rep1,1.3137,4203,0
rep1,1.3138,4204,0
rep1,1.3138,4205,0
rep1,1.3139,4206,0
rep1,1.314,4207,0
rep1,1.3141,4208,0
rep1,1.3143,4209,0
rep1,1.3147,4210,0
rep1,1.3148,4211,0
rep1,1.3149,4212,0
rep1,1.315,4213,0
rep1,1.3151,4214,0
rep1,1.3152,4215,0
rep1,1.3152,4216,0
rep1,1.3153,4217,0
rep1,1.3153,4218,0
rep1,1.3153,4219,0
rep1,1.3154,4220,0
rep1,1.3154,4221,0
rep1,1.3156,4222,0
rep1,1.3156,4223,0
rep1,1.3158,4224,0
rep1,1.3159,4225,0
rep1,1.316,4226,0
rep1,1.316,4227,0
rep1,1.316,4228,0
rep1,1.3161,4229,0
rep1,1.3162,4230,0
rep1,1.3163,4231,0
rep1,1.3164,4232,0
rep1,1.3165,4233,0
rep1,1.3166,4234,0
rep1,1.317,4235,0
rep1,1.317,4236,0
rep1,1.3171,4237,0
rep1,1.3171,4238,0
rep1,1.3173,4239,0
rep1,1.3173,4240,0
rep1,1.3177,4241,0
rep1,1.3178,4242,0
rep1,1.3179,4243,0
rep1,1.3181,4244,0
rep1,1.3185,4245,0
rep1,1.3187,4246,0
rep1,1.3188,4247,0
rep1,1.3191,4248,0
rep1,1.3191,4249,0
rep1,1.3195,4250,0
rep1,1.3197,4251,0
rep1,1.3197,4252,0
rep1,1.3199,4253,0
rep1,1.32,4254,0
rep1,1.3201,4255,0
rep1,1.3203,4256,0
rep1,1.3206,4257,0
rep1,1.3209,4258,0
rep1,1.3209,4259,0
rep1,1.3211,4260,0
rep1,1.3212,4261,0
rep1,1.3213,4262,0
rep1,1.3217,4263,0
rep1,1.322,4264,0
rep1,1.3224,4265,0
rep1,1.3226,4266,0
rep1,1.3226,4267,0
rep1,1.3228,4268,0
rep1,1.3228,4269,0
rep1,1.3231,4270,0
rep1,1.3236,4271,0
rep1,1.3237,4272,0
rep1,1.3243,4273,0
rep1,1.3245,4274,0
rep1,1.3247,4275,0
rep1,1.3247,4276,0
rep1,1.3249,4277,0
rep1,1.3251,4278,0
rep1,1.3254,4279,0
rep1,1.3259,4280,0
rep1,1.3259,4281,0
rep1,1.3261,4282,0
rep1,1.3261,4283,0
rep1,1.3261,4284,0
rep1,1.3262,4285,0
rep1,1.3263,4286,0
rep1,1.3264,4287,0
rep1,1.3265,4288,0
rep1,1.3266,4289,0
rep1,1.3267,4290,0
rep1,1.3267,4291,0
rep1,1.3268,4292,0
rep1,1.3269,4293,0
rep1,1.3269,4294,0
rep1,1.3273,4295,0
rep1,1.3273,4296,0
rep1,1.3276,4297,0
rep1,1.3277,4298,0
rep1,1.3278,4299,0
rep1,1.3278,4300,0
rep1,1.3285,4301,0
rep1,1.3288,4302,0
rep1,1.3292,4303,0
rep1,1.3294,4304,0
rep1,1.3295,4305,0
rep1,1.3296,4306,0
rep1,1.3299,4307,0
rep1,1.3299,4308,0
rep1,1.3301,4309,0
rep1,1.3302,4310,0
rep1,1.331,4311,0
rep1,1.3311,4312,0
rep1,1.3312,4313,0
rep1,1.3312,4314,0
rep1,1.3313,4315,0
rep1,1.3313,4316,0
rep1,1.3314,4317,0
rep1,1.3315,4318,0
rep1,1.3316,4319,0
rep1,1.3318,4320,0
rep1,1.3319,4321,0
rep1,1.332,4322,0
rep1,1.3321,4323,0
rep1,1.3324,4324,0
rep1,1.3327,4325,0
rep1,1.3329,4326,0
rep1,1.3331,4327,0
rep1,1.3333,4328,0
rep1,1.3334,4329,0
rep1,1.3337,4330,0
rep1,1.3337,4331,0
rep1,1.334,4332,0
rep1,1.3341,4333,0
rep1,1.3343,4334,0
rep1,1.3343,4335,0
rep1,1.3346,4336,0
rep1,1.3349,4337,0
rep1,1.3354,4338,0
rep1,1.3358,4339,0
rep1,1.336,4340,0
rep1,1.3362,4341,0
rep1,1.3363,4342,0
rep1,1.3364,4343,0
rep1,1.3364,4344,0
rep1,1.3366,4345,0
rep1,1.3366,4346,0
rep1,1.337,4347,0
rep1,1.3371,4348,0
rep1,1.3371,4349,0
rep1,1.3372,4350,0
rep1,1.3374,4351,0
rep1,1.3378,4352,0
rep1,1.3378,4353,0
rep1,1.3379,4354,0
rep1,1.338,4355,0
rep1,1.3381,4356,0
rep1,1.3381,4357,0
rep1,1.3381,4358,0
rep1,1.3381,4359,0
rep1,1.3387,4360,0
rep1,1.3387,4361,0
rep1,1.3391,4362,0
rep1,1.3392,4363,0
rep1,1.3392,4364,0
rep1,1.3393,4365,0
rep1,1.3393,4366,0
rep1,1.3394,4367,0
rep1,1.3398,4368,0
rep1,1.3398,4369,0
rep1,1.3398,4370,0
rep1,1.34,4371,0
rep1,1.34,4372,0
rep1,1.3402,4373,0
rep1,1.3402,4374,0
rep1,1.3405,4375,0
rep1,1.3405,4376,0
rep1,1.3406,4377,0
rep1,1.3411,4378,0
rep1,1.3415,4379,0
rep1,1.3425,4380,0
rep1,1.3427,4381,0
rep1,1.3428,4382,0
rep1,1.3428,4383,0
rep1,1.3431,4384,0
rep1,1.3432,4385,0
rep1,1.3432,4386,0
rep1,1.3433,4387,0
rep1,1.3434,4388,0
rep1,1.3435,4389,0
rep1,1.3436,4390,0
rep1,1.3437,4391,0
rep1,1.3438,4392,0
rep1,1.3441,4393,0
rep1,1.3442,4394,0
rep1,1.3444,4395,0
rep1,1.3445,4396,0
rep1,1.3445,4397,0
rep1,1.3446,4398,0
rep1,1.3449,4399,0
rep1,1.3452,4400,0
rep1,1.3454,4401,0
rep1,1.3456,4402,0
rep1,1.3456,4403,0
rep1,1.3459,4404,0
rep1,1.346,4405,0
rep1,1.3465,4406,0
rep1,1.3466,4407,0
rep1,1.3467,4408,0
rep1,1.3477,4409,0
rep1,1.3478,4410,0
rep1,1.3479,4411,0
rep1,1.348,4412,0
rep1,1.3481,4413,0
rep1,1.3484,4414,0
rep1,1.3486,4415,0
rep1,1.3486,4416,0
rep1,1.349,4417,0
rep1,1.349,4418,0
rep1,1.3492,4419,0
rep1,1.3499,4420,0
rep1,1.35,4421,0
rep1,1.3501,4422,0
rep1,1.3502,4423,0
rep1,1.3506,4424,0
rep1,1.3507,4425,0
rep1,1.3511,4426,0
rep1,1.3512,4427,0
rep1,1.3513,4428,0
rep1,1.3513,4429,0
rep1,1.3513,4430,0
rep1,1.3514,4431,0
rep1,1.3515,4432,0
rep1,1.3516,4433,0
rep1,1.3516,4434,0
rep1,1.3516,4435,0
rep1,1.3517,4436,0
rep1,1.3518,4437,0
rep1,1.3524,4438,0
rep1,1.3525,4439,0
rep1,1.3527,4440,0
rep1,1.3527,4441,0
rep1,1.3527,4442,0
rep1,1.353,4443,0
rep1,1.353,4444,0
rep1,1.3534,4445,0
rep1,1.3534,4446,0
rep1,1.3536,4447,0
rep1,1.355,4448,0
rep1,1.355,4449,0
rep1,1.3552,4450,0
rep1,1.3554,4451,0
rep1,1.3555,4452,0
rep1,1.3557,4453,0
rep1,1.356,4454,0
rep1,1.3561,4455,0
rep1,1.3562,4456,0
rep1,1.3564,4457,0
rep1,1.3564,4458,0
rep1,1.3565,4459,0
rep1,1.3565,4460,0
rep1,1.3566,4461,0
rep1,1.3566,4462,0
rep1,1.3569,4463,0
rep1,1.357,4464,0
rep1,1.3571,4465,0
rep1,1.3573,4466,0
rep1,1.3576,4467,0
rep1,1.3577,4468,0
rep1,1.3577,4469,0
rep1,1.3588,4470,0
rep1,1.3589,4471,0
rep1,1.359,4472,0
rep1,1.3598,4473,0
rep1,1.3602,4474,0
rep1,1.3603,4475,0
rep1,1.3608,4476,0
rep1,1.3608,4477,0
rep1,1.3612,4478,0
rep1,1.3614,4479,0
rep1,1.3617,4480,0
rep1,1.3618,4481,0
rep1,1.3622,4482,0
rep1,1.3622,4483,0
rep1,1.3623,4484,0
rep1,1.3627,4485,0
rep1,1.3628,4486,0
rep1,1.3631,4487,0
rep1,1.3634,4488,0
rep1,1.3636,4489,0
rep1,1.3638,4490,0
rep1,1.3639,4491,0
rep1,1.364,4492,0
rep1,1.3643,4493,0
rep1,1.3644,4494,0
rep1,1.3646,4495,0
rep1,1.3646,4496,0
rep1,1.3648,4497,0
rep1,1.3655,4498,0
rep1,1.3657,4499,0
rep1,1.3667,4500,0
rep1,1.3668,4501,0
rep1,1.3671,4502,0
rep1,1.3672,4503,0
rep1,1.3672,4504,0
rep1,1.3675,4505,0
rep1,1.3675,4506,0
rep1,1.3676,4507,0
rep1,1.3678,4508,0
rep1,1.3678,4509,0
rep1,1.3684,4510,0
rep1,1.3685,4511,0
rep1,1.3689,4512,0
rep1,1.3692,4513,0
rep1,1.3693,4514,0
rep1,1.3693,4515,0
rep1,1.3696,4516,0
rep1,1.3697,4517,0
rep1,1.3701,4518,0
rep1,1.3705,4519,0
rep1,1.3714,4520,0
rep1,1.3715,4521,0
rep1,1.3717,4522,0
rep1,1.3718,4523,0
rep1,1.3719,4524,0
rep1,1.372,4525,0
rep1,1.3722,4526,0
rep1,1.3723,4527,0
rep1,1.3724,4528,0
rep1,1.3724,4529,0
rep1,1.3727,4530,0
rep1,1.3729,4531,0
rep1,1.3731,4532,0
rep1,1.3731,4533,0
rep1,1.3732,4534,0
rep1,1.3734,4535,0
rep1,1.3736,4536,0
rep1,1.3747,4537,0
rep1,1.3749,4538,0
rep1,1.3749,4539,0
rep1,1.3752,4540,0
rep1,1.3754,4541,0
rep1,1.3754,4542,0
rep1,1.3757,4543,0
rep1,1.3757,4544,0
rep1,1.376,4545,0
rep1,1.3761,4546,0
rep1,1.3763,4547,0
rep1,1.3766,4548,0
rep1,1.3766,4549,0
rep1,1.3767,4550,0
rep1,1.3768,4551,0
rep1,1.3769,4552,0
rep1,1.3769,4553,0
rep1,1.377,4554,0
rep1,1.377,4555,0
rep1,1.3774,4556,0
rep1,1.3776,4557,0
rep1,1.3778,4558,0
rep1,1.3778,4559,0
rep1,1.3784,4560,0
rep1,1.3787,4561,0
rep1,1.3788,4562,0
rep1,1.3789,4563,0
rep1,1.379,4564,0
rep1,1.3791,4565,0
rep1,1.3792,4566,0
rep1,1.3795,4567,0
rep1,1.3799,4568,0
rep1,1.38,4569,0
rep1,1.3803,4570,0
rep1,1.3807,4571,0
rep1,1.3811,4572,0
rep1,1.3812,4573,0
rep1,1.3813,4574,0
rep1,1.3815,4575,0
rep1,1.3819,4576,0
rep1,1.3821,4577,0
rep1,1.3821,4578,0
rep1,1.3823,4579,0
rep1,1.3826,4580,0
rep1,1.383,4581,0
rep1,1.383,4582,0
rep1,1.3831,4583,0
rep1,1.3836,4584,0
rep1,1.3844,4585,0
rep1,1.3848,4586,0
rep1,1.3849,4587,0
rep1,1.385,4588,0
rep1,1.385,4589,0
rep1,1.3852,4590,0
rep1,1.3855,4591,0
rep1,1.3859,4592,0
rep1,1.3859,4593,0
rep1,1.3861,4594,0
rep1,1.3862,4595,0
rep1,1.3867,4596,0
rep1,1.3868,4597,0
rep1,1.3869,4598,0
rep1,1.387,4599,0
rep1,1.3871,4600,0
rep1,1.3872,4601,0
rep1,1.3874,4602,0
rep1,1.3875,4603,0
rep1,1.3876,4604,0
rep1,1.388,4605,0
rep1,1.3882,4606,0
rep1,1.3888,4607,0
rep1,1.3888,4608,0
rep1,1.3888,4609,0
rep1,1.389,4610,0
rep1,1.3892,4611,0
rep1,1.3892,4612,0
rep1,1.3895,4613,0
rep1,1.3898,4614,0
rep1,1.3899,4615,0
rep1,1.3903,4616,0
rep1,1.3909,4617,0
rep1,1.3909,4618,0
rep1,1.391,4619,0
rep1,1.391,4620,0
rep1,1.3912,4621,0
rep1,1.3915,4622,0
rep1,1.3916,4623,0
rep1,1.3917,4624,0
rep1,1.3917,4625,0
rep1,1.3918,4626,0
rep1,1.392,4627,0
rep1,1.3922,4628,0
rep1,1.3923,4629,0
rep1,1.3926,4630,0
rep1,1.3931,4631,0
rep1,1.3932,4632,0
rep1,1.3933,4633,0
rep1,1.3934,4634,0
rep1,1.3936,4635,0
rep1,1.3936,4636,0
rep1,1.3942,4637,0
rep1,1.3942,4638,0
rep1,1.3946,4639,0
rep1,1.3949,4640,0
rep1,1.395,4641,0
rep1,1.3952,4642,0
rep1,1.3958,4643,0
rep1,1.3959,4644,0
rep1,1.3959,4645,0
rep1,1.3962,4646,0
rep1,1.3963,4647,0
rep1,1.3964,4648,0
rep1,1.3969,4649,0
rep1,1.3969,4650,0
rep1,1.3971,4651,0
rep1,1.3971,4652,0
rep1,1.3972,4653,0
rep1,1.3974,4654,0
rep1,1.3979,4655,0
rep1,1.398,4656,0
rep1,1.3983,4657,0
rep1,1.3987,4658,0
rep1,1.3991,4659,0
rep1,1.3994,4660,0
rep1,1.4,4661,0
rep1,1.4001,4662,0
rep1,1.4013,4663,0
rep1,1.4014,4664,0
rep1,1.4015,4665,0
rep1,1.4018,4666,0
rep1,1.4021,4667,0
rep1,1.4022,4668,0
rep1,1.4024,4669,0
rep1,1.4027,4670,0
rep1,1.4027,4671,0
rep1,1.4034,4672,0
rep1,1.4035,4673,0
rep1,1.4035,4674,0
rep1,1.4037,4675,0
rep1,1.4038,4676,0
rep1,1.404,4677,0
rep1,1.4043,4678,0
rep1,1.405,4679,0
rep1,1.4051,4680,0
rep1,1.4054,4681,0
rep1,1.4055,4682,0
rep1,1.4058,4683,0
rep1,1.4061,4684,0
rep1,1.4075,4685,0
rep1,1.4076,4686,0
rep1,1.408,4687,0
rep1,1.4081,4688,0
rep1,1.4082,4689,0
rep1,1.4093,4690,0
rep1,1.4093,4691,0
rep1,1.4098,4692,0
rep1,1.4099,4693,0
rep1,1.4101,4694,0
rep1,1.4102,4695,0
rep1,1.4114,4696,0
rep1,1.4118,4697,0
rep1,1.4124,4698,0
rep1,1.4125,4699,0
rep1,1.4128,4700,0
rep1,1.4133,4701,0
rep1,1.4135,4702,0
rep1,1.4142,4703,0
rep1,1.4145,4704,0
rep1,1.4147,4705,0
rep1,1.4159,4706,0
rep1,1.416,4707,0
rep1,1.4171,4708,0
rep1,1.4174,4709,0
rep1,1.4175,4710,0
rep1,1.4177,4711,0
rep1,1.4183,4712,0
rep1,1.4196,4713,0
rep1,1.4197,4714,0
rep1,1.42,4715,0
rep1,1.4202,4716,0
rep1,1.4203,4717,0
rep1,1.4204,4718,0
rep1,1.4206,4719,0
rep1,1.4208,4720,0
rep1,1.4211,4721,0
rep1,1.4217,4722,0
rep1,1.4224,4723,0
rep1,1.4239,4724,0
rep1,1.4243,4725,0
rep1,1.4252,4726,0
rep1,1.4255,4727,0
rep1,1.4255,4728,0
rep1,1.4257,4729,0
rep1,1.426,4730,0
rep1,1.4262,4731,0
rep1,1.4262,4732,0
rep1,1.427,4733,0
rep1,1.4277,4734,0
rep1,1.4281,4735,0
rep1,1.4285,4736,0
rep1,1.4286,4737,0
rep1,1.4288,4738,0
rep1,1.4289,4739,0
rep1,1.429,4740,0
rep1,1.4297,4741,0
rep1,1.43,4742,0
rep1,1.4301,4743,0
rep1,1.4305,4744,0
rep1,1.4311,4745,0
rep1,1.4312,4746,0
rep1,1.4314,4747,0
rep1,1.4328,4748,0
rep1,1.4335,4749,0
rep1,1.4337,4750,0
rep1,1.4337,4751,0
rep1,1.4339,4752,0
rep1,1.4347,4753,0
rep1,1.435,4754,0
rep1,1.4352,4755,0
rep1,1.4358,4756,0
rep1,1.4365,4757,0
rep1,1.4368,4758,0
rep1,1.437,4759,0
rep1,1.4388,4760,0
rep1,1.4391,4761,0
rep1,1.4392,4762,0
rep1,1.4392,4763,0
rep1,1.4395,4764,0
rep1,1.4397,4765,0
rep1,1.4403,4766,0
rep1,1.4418,4767,0
rep1,1.4418,4768,0
rep1,1.4426,4769,0
rep1,1.4429,4770,0
rep1,1.4437,4771,0
rep1,1.444,4772,0
rep1,1.4441,4773,0
rep1,1.4443,4774,0
rep1,1.4452,4775,0
rep1,1.4463,4776,0
rep1,1.4466,4777,0
rep1,1.4468,4778,0
rep1,1.4468,4779,0
rep1,1.4491,4780,0
rep1,1.4496,4781,0
rep1,1.4497,4782,0
rep1,1.4513,4783,0
rep1,1.4518,4784,0
rep1,1.4521,4785,0
rep1,1.4532,4786,0
rep1,1.4539,4787,0
rep1,1.4555,4788,0
rep1,1.4558,4789,0
rep1,1.4561,4790,0
rep1,1.4565,4791,0
rep1,1.4567,4792,0
rep1,1.4575,4793,0
rep1,1.4581,4794,0
rep1,1.4587,4795,0
rep1,1.4592,4796,0
rep1,1.4604,4797,0
rep1,1.4604,4798,0
rep1,1.4605,4799,0
rep1,1.4607,4800,0
rep1,1.4608,4801,0
rep1,1.4609,4802,0
rep1,1.461,4803,0
rep1,1.4613,4804,0
rep1,1.4613,4805,0
rep1,1.4616,4806,0
rep1,1.4638,4807,0
rep1,1.4648,4808,0
rep1,1.4649,4809,0
rep1,1.4651,4810,0
rep1,1.4655,4811,0
rep1,1.4658,4812,0
rep1,1.4662,4813,0
rep1,1.4663,4814,0
rep1,1.4667,4815,0
rep1,1.467,4816,0
rep1,1.4676,4817,0
rep1,1.469,4818,0
rep1,1.4701,4819,0
rep1,1.4705,4820,0
rep1,1.4706,4821,0
rep1,1.4709,4822,0
rep1,1.4709,4823,0
rep1,1.471,4824,0
rep1,1.4735,4825,0
rep1,1.4743,4826,0
rep1,1.4745,4827,0
rep1,1.4747,4828,0
rep1,1.475,4829,0
rep1,1.4768,4830,0
rep1,1.4783,4831,0
rep1,1.4801,4832,0
rep1,1.4804,4833,0
rep1,1.4808,4834,0
rep1,1.481,4835,0
rep1,1.4814,4836,0
rep1,1.4817,4837,0
rep1,1.4836,4838,0
rep1,1.4837,4839,0
rep1,1.4846,4840,0
rep1,1.4847,4841,0
rep1,1.487,4842,0
rep1,1.4871,4843,0
rep1,1.4888,4844,0
rep1,1.4897,4845,0
rep1,1.4916,4846,0
rep1,1.4924,4847,0
rep1,1.4931,4848,0
rep1,1.4935,4849,0
rep1,1.4965,4850,0
rep1,1.4974,4851,0
rep1,1.4987,4852,0
rep1,1.4997,4853,0
rep1,1.4997,4854,0
rep1,1.5019,4855,0
rep1,1.5022,4856,0
rep1,1.5049,4857,0
rep1,1.5051,4858,0
rep1,1.5064,4859,0
rep1,1.5082,4860,0
rep1,1.5089,4861,0
rep1,1.5089,4862,0
rep1,1.5093,4863,0
rep1,1.5099,4864,0
rep1,1.5104,4865,0
rep1,1.5124,4866,0
rep1,1.5127,4867,0
rep1,1.5134,4868,0
rep1,1.5135,4869,0
rep1,1.5138,4870,0
rep1,1.514,4871,0
rep1,1.5157,4872,0
rep1,1.5195,4873,0
rep1,1.5204,4874,0
rep1,1.5216,4875,0
rep1,1.5267,4876,0
rep1,1.5279,4877,0
rep1,1.5282,4878,0
rep1,1.5295,4879,0
rep1,1.5325,4880,0
rep1,1.5347,4881,0
rep1,1.5376,4882,0
rep1,1.5395,4883,0
rep1,1.5397,4884,0
rep1,1.5409,4885,0
rep1,1.5421,4886,0
rep1,1.5423,4887,0
rep1,1.546,4888,0
rep1,1.5479,4889,0
rep1,1.5479,4890,0
rep1,1.5527,4891,0
rep1,1.553,4892,0
rep1,1.5547,4893,0
rep1,1.5561,4894,0
rep1,1.5566,4895,0
rep1,1.5576,4896,0
rep1,1.5606,4897,0
rep1,1.5623,4898,0
rep1,1.563,4899,0
rep1,1.5648,4900,0
rep1,1.5654,4901,0
rep1,1.5663,4902,0
rep1,1.5691,4903,0
rep1,1.5693,4904,0
rep1,1.578,4905,0
rep1,1.5822,4906,0
rep1,1.5826,4907,0
rep1,1.5865,4908,0
rep1,1.5901,4909,0
rep1,1.5912,4910,0
rep1,1.5916,4911,0
rep1,1.5917,4912,0
rep1,1.5918,4913,0
rep1,1.5985,4914,0
rep1,1.6071,4915,0
rep1,1.6119,4916,0
rep1,1.6127,4917,0
rep1,1.614,4918,0
rep1,1.6154,4919,0
rep1,1.6154,4920,0
rep1,1.6184,4921,0
rep1,1.6193,4922,0
rep1,1.621,4923,0
rep1,1.6227,4924,0
rep1,1.6355,4925,0
rep1,1.6387,4926,0
rep1,1.67,4927,0
rep1,1.679,4928,0
rep1,1.6868,4929,0
rep1,1.6876,4930,0
rep1,1.6889,4931,0
rep1,1.6916,4932,0
rep1,1.7007,4933,0
rep1,1.7094,4934,0
rep1,1.7115,4935,0
rep1,1.7136,4936,0
rep1,1.7158,4937,0
rep1,1.7162,4938,0
rep1,1.725,4939,0
rep1,1.7272,4940,0
rep1,1.7382,4941,0
rep1,1.7405,4942,0
rep1,1.7534,4943,0
rep1,1.7953,4944,0
rep1,1.7975,4945,0
rep1,1.8116,4946,0
rep1,1.926,4947,0
rep1,2.0127,4948,0
rep1,2.0127,4949,0
rep1,2.0132,4950,0
rep1,2.0132,4951,0
rep1,2.0135,4952,0
rep1,2.0137,4953,0
rep1,2.0151,4954,0
rep1,2.0152,4955,0
rep1,2.0164,4956,0
rep1,2.0164,4957,0
rep1,2.0167,4958,0
rep1,2.0173,4959,0
rep1,2.0184,4960,0
rep1,2.0187,4961,0
rep1,2.0192,4962,0
rep1,2.0193,4963,0
rep1,2.0242,4964,0
rep1,2.0259,4965,0
rep1,2.0261,4966,0
rep1,2.0264,4967,0
rep1,2.0267,4968,0
rep1,2.0274,4969,0
rep1,2.0325,4970,0
rep1,2.0329,4971,0
rep1,2.046,4972,0
rep1,2.046,4973,0
rep1,2.0461,4974,0
rep1,2.0461,4975,0
rep1,2.0462,4976,0
rep1,2.0464,4977,0
rep1,2.0465,4978,0
rep1,2.0466,4979,0
rep1,2.0467,4980,0
rep1,2.0467,4981,0
rep1,2.0467,4982,0
rep1,2.0468,4983,0
rep1,2.0468,4984,0
rep1,2.0469,4985,0
rep1,2.0469,4986,0
rep1,2.047,4987,0
rep1,2.047,4988,0
rep1,2.047,4989,0
rep1,2.0471,4990,0
rep1,2.0472,4991,0
rep1,2.0472,4992,0
rep1,2.0473,4993,0
rep1,2.0474,4994,0
rep1,2.0474,4995,0
rep1,2.0475,4996,0
rep1,2.0478,4997,0
rep1,2.0479,4998,0
rep1,2.0481,4999,0
rep1,2.0482,5000,0
rep1,2.0483,5001,0
rep1,2.0483,5002,0
rep1,2.0484,5003,0
rep1,2.0484,5004,0
rep1,2.0486,5005,0
rep1,2.049,5006,0
rep1,2.049,5007,0
rep1,2.049,5008,0
rep1,2.0491,5009,0
rep1,2.0492,5010,0
rep1,2.0492,5011,0
rep1,2.0493,5012,0
rep1,2.0493,5013,0
rep1,2.0494,5014,0
rep1,2.0494,5015,0
rep1,2.0495,5016,0
rep1,2.0495,5017,0
rep1,2.0497,5018,0
rep1,2.0497,5019,0
rep1,2.0497,5020,0
rep1,2.0498,5021,0
rep1,2.0499,5022,0
rep1,2.0499,5023,0
rep1,2.05,5024,0
rep1,2.0501,5025,0
rep1,2.0501,5026,0
rep1,2.0501,5027,0
rep1,2.0501,5028,0
rep1,2.0502,5029,0
rep1,2.0508,5030,0
rep1,2.0509,5031,0
rep1,2.051,5032,0
rep1,2.0511,5033,0
rep1,2.0513,5034,0
rep1,2.0517,5035,0
rep1,2.0519,5036,0
rep1,2.0521,5037,0
rep1,2.0523,5038,0
rep1,2.0524,5039,0
rep1,2.0527,5040,0
rep1,2.0529,5041,0
rep1,2.053,5042,0
rep1,2.0531,5043,0
rep1,2.0534,5044,0
rep1,2.0534,5045,0
rep1,2.0537,5046,0
rep1,2.0538,5047,0
rep1,2.0538,5048,0
rep1,2.0538,5049,0
rep1,2.054,5050,0
rep1,2.0548,5051,0
rep1,2.0549,5052,0
rep1,2.0553,5053,0
rep1,2.0562,5054,0
rep1,2.0564,5055,0
rep1,2.0566,5056,0
rep1,2.0579,5057,0
rep1,2.0581,5058,0
rep1,2.0583,5059,0
rep1,2.0584,5060,0
rep1,2.0585,5061,0
rep1,2.0587,5062,0
rep1,2.0587,5063,0
rep1,2.0588,5064,0
rep1,2.059,5065,0
rep1,2.0597,5066,0
rep1,2.0601,5067,0
rep1,2.0612,5068,0
rep1,2.0623,5069,0
rep1,2.063,5070,0
rep1,2.0632,5071,0
rep1,2.0634,5072,0
rep1,2.0634,5073,0
rep1,2.0635,5074,0
rep1,2.0651,5075,0
rep1,2.0651,5076,0
rep1,2.0668,5077,0
rep1,2.0669,5078,0
rep1,2.0675,5079,0
rep1,2.0676,5080,0
rep1,2.0687,5081,0
rep1,2.0699,5082,0
rep1,2.07,5083,0
rep1,2.0722,5084,0
rep1,2.0794,5085,0
rep1,2.0795,5086,0
rep1,2.0795,5087,0
rep1,2.0796,5088,0
rep1,2.0796,5089,0
rep1,2.0796,5090,0
rep1,2.0796,5091,0
rep1,2.0796,5092,0
rep1,2.0796,5093,0
rep1,2.0797,5094,0
rep1,2.0797,5095,0
rep1,2.0797,5096,0
rep1,2.0797,5097,0
rep1,2.0797,5098,0
rep1,2.0798,5099,0
rep1,2.0798,5100,0
rep1,2.0798,5101,0
rep1,2.0799,5102,0
rep1,2.0799,5103,0
rep1,2.0799,5104,0
rep1,2.0799,5105,0
rep1,2.0799,5106,0
rep1,2.08,5107,0
rep1,2.08,5108,0
rep1,2.08,5109,0
rep1,2.08,5110,0
rep1,2.0801,5111,0
rep1,2.0801,5112,0
rep1,2.0802,5113,0
rep1,2.0802,5114,0
rep1,2.0802,5115,0
rep1,2.0802,5116,0
rep1,2.0803,5117,0
rep1,2.0803,5118,0
rep1,2.0803,5119,0
rep1,2.0804,5120,0
rep1,2.0804,5121,0
rep1,2.0804,5122,0
rep1,2.0805,5123,0
rep1,2.0805,5124,0
rep1,2.0805,5125,0
rep1,2.0806,5126,0
rep1,2.0806,5127,0
rep1,2.0806,5128,0
rep1,2.0806,5129,0
rep1,2.0806,5130,0
rep1,2.0807,5131,0
rep1,2.0807,5132,0
rep1,2.0807,5133,0
rep1,2.0807,5134,0
rep1,2.0808,5135,0
rep1,2.0809,5136,0
rep1,2.0809,5137,0
rep1,2.081,5138,0
rep1,2.081,5139,0
rep1,2.081,5140,0
rep1,2.081,5141,0
rep1,2.0811,5142,0
rep1,2.0811,5143,0
rep1,2.0811,5144,0
rep1,2.0812,5145,0
rep1,2.0812,5146,0
rep1,2.0812,5147,0
rep1,2.0813,5148,0
rep1,2.0813,5149,0
rep1,2.0813,5150,0
rep1,2.0813,5151,0
rep1,2.0813,5152,0
rep1,2.0814,5153,0
rep1,2.0814,5154,0
rep1,2.0814,5155,0
rep1,2.0815,5156,0
rep1,2.0815,5157,0
rep1,2.0815,5158,0
rep1,2.0815,5159,0
rep1,2.0815,5160,0
rep1,2.0815,5161,0
rep1,2.0815,5162,0
rep1,2.0816,5163,0
rep1,2.0816,5164,0
rep1,2.0817,5165,0
rep1,2.0817,5166,0
rep1,2.0817,5167,0
rep1,2.0817,5168,0
rep1,2.0818,5169,0
rep1,2.0818,5170,0
rep1,2.0818,5171,0
rep1,2.0818,5172,0
rep1,2.0818,5173,0
rep1,2.0818,5174,0
rep1,2.0819,5175,0
rep1,2.0819,5176,0
rep1,2.0819,5177,0
rep1,2.082,5178,0
rep1,2.0821,5179,0
rep1,2.0822,5180,0
rep1,2.0822,5181,0
rep1,2.0822,5182,0
rep1,2.0822,5183,0
rep1,2.0822,5184,0
rep1,2.0823,5185,0
rep1,2.0823,5186,0
rep1,2.0823,5187,0
rep1,2.0824,5188,0
rep1,2.0825,5189,0
rep1,2.0826,5190,0
rep1,2.0826,5191,0
rep1,2.0826,5192,0
rep1,2.0827,5193,0
rep1,2.0827,5194,0
rep1,2.0827,5195,0
rep1,2.0827,5196,0
rep1,2.0827,5197,0
rep1,2.0828,5198,0
rep1,2.0828,5199,0
rep1,2.0829,5200,0
rep1,2.0829,5201,0
rep1,2.0829,5202,0
rep1,2.083,5203,0
rep1,2.083,5204,0
rep1,2.083,5205,0
rep1,2.0831,5206,0
rep1,2.0831,5207,0
rep1,2.0832,5208,0
rep1,2.0833,5209,0
rep1,2.0833,5210,0
rep1,2.0833,5211,0
rep1,2.0833,5212,0
rep1,2.0833,5213,0
rep1,2.0834,5214,0
rep1,2.0834,5215,0
rep1,2.0834,5216,0
rep1,2.0835,5217,0
rep1,2.0835,5218,0
rep1,2.0835,5219,0
rep1,2.0836,5220,0
rep1,2.0836,5221,0
rep1,2.0837,5222,0
rep1,2.0837,5223,0
rep1,2.0837,5224,0
rep1,2.0838,5225,0
rep1,2.084,5226,0
rep1,2.084,5227,0
rep1,2.084,5228,0
rep1,2.084,5229,0
rep1,2.0841,5230,0
rep1,2.0841,5231,0
rep1,2.0841,5232,0
rep1,2.0842,5233,0
rep1,2.0842,5234,0
rep1,2.0844,5235,0
rep1,2.0845,5236,0
rep1,2.0845,5237,0
rep1,2.0846,5238,0
rep1,2.0847,5239,0
rep1,2.0847,5240,0
rep1,2.0847,5241,0
rep1,2.0848,5242,0
rep1,2.0848,5243,0
rep1,2.0848,5244,0
rep1,2.0849,5245,0
rep1,2.0849,5246,0
rep1,2.0849,5247,0
rep1,2.085,5248,0
rep1,2.085,5249,0
rep1,2.0852,5250,0
rep1,2.0852,5251,0
rep1,2.0852,5252,0
rep1,2.0853,5253,0
rep1,2.0853,5254,0
rep1,2.0854,5255,0
rep1,2.0854,5256,0
rep1,2.0855,5257,0
rep1,2.0855,5258,0
rep1,2.0855,5259,0
rep1,2.0856,5260,0
rep1,2.0857,5261,0
rep1,2.0857,5262,0
rep1,2.0857,5263,0
rep1,2.0859,5264,0
rep1,2.0859,5265,0
rep1,2.0859,5266,0
rep1,2.0859,5267,0
rep1,2.086,5268,0
rep1,2.086,5269,0
rep1,2.0861,5270,0
rep1,2.0861,5271,0
rep1,2.0862,5272,0
rep1,2.0862,5273,0
rep1,2.0862,5274,0
rep1,2.0863,5275,0
rep1,2.0863,5276,0
rep1,2.0863,5277,0
rep1,2.0863,5278,0
rep1,2.0864,5279,0
rep1,2.0864,5280,0
rep1,2.0864,5281,0
rep1,2.0864,5282,0
rep1,2.0864,5283,0
rep1,2.0864,5284,0
rep1,2.0865,5285,0
rep1,2.0865,5286,0
rep1,2.0865,5287,0
rep1,2.0866,5288,0
rep1,2.0866,5289,0
rep1,2.0866,5290,0
rep1,2.0866,5291,0
rep1,2.0866,5292,0
rep1,2.0867,5293,0
rep1,2.0867,5294,0
rep1,2.0869,5295,0
rep1,2.0869,5296,0
rep1,2.0869,5297,0
rep1,2.087,5298,0
rep1,2.087,5299,0
rep1,2.0871,5300,0
rep1,2.0871,5301,0
rep1,2.0874,5302,0
rep1,2.0874,5303,0
rep1,2.0875,5304,0
rep1,2.0875,5305,0
rep1,2.0876,5306,0
rep1,2.0876,5307,0
rep1,2.0876,5308,0
rep1,2.0877,5309,0
rep1,2.0881,5310,0
rep1,2.0881,5311,0
rep1,2.0882,5312,0
rep1,2.0885,5313,0
rep1,2.0885,5314,0
rep1,2.0887,5315,0
rep1,2.0888,5316,0
rep1,2.0888,5317,0
rep1,2.0888,5318,0
rep1,2.0889,5319,0
rep1,2.0889,5320,0
rep1,2.0891,5321,0
rep1,2.0892,5322,0
rep1,2.0893,5323,0
rep1,2.0894,5324,0
rep1,2.0894,5325,0
rep1,2.0894,5326,0
rep1,2.0895,5327,0
rep1,2.0896,5328,0
rep1,2.0897,5329,0
rep1,2.0897,5330,0
rep1,2.09,5331,0
rep1,2.0901,5332,0
rep1,2.0901,5333,0
rep1,2.0901,5334,0
rep1,2.0901,5335,0
rep1,2.0902,5336,0
rep1,2.0903,5337,0
rep1,2.0903,5338,0
rep1,2.0903,5339,0
rep1,2.0904,5340,0
rep1,2.0904,5341,0
rep1,2.0905,5342,0
rep1,2.0906,5343,0
rep1,2.0906,5344,0
rep1,2.0907,5345,0
rep1,2.0907,5346,0
rep1,2.0908,5347,0
rep1,2.0908,5348,0
rep1,2.0908,5349,0
rep1,2.0911,5350,0
rep1,2.0912,5351,0
rep1,2.0913,5352,0
rep1,2.0913,5353,0
rep1,2.0913,5354,0
rep1,2.0913,5355,0
rep1,2.0914,5356,0
rep1,2.0914,5357,0
rep1,2.0915,5358,0
rep1,2.0917,5359,0
rep1,2.0918,5360,0
rep1,2.0918,5361,0
rep1,2.0921,5362,0
rep1,2.0922,5363,0
rep1,2.0925,5364,0
rep1,2.0927,5365,0
rep1,2.093,5366,0
rep1,2.0931,5367,0
rep1,2.0931,5368,0
rep1,2.0932,5369,0
rep1,2.0932,5370,0
rep1,2.0934,5371,0
rep1,2.0934,5372,0
rep1,2.0935,5373,0
rep1,2.0935,5374,0
rep1,2.0937,5375,0
rep1,2.0938,5376,0
rep1,2.0939,5377,0
rep1,2.094,5378,0
rep1,2.0941,5379,0
rep1,2.0942,5380,0
rep1,2.0944,5381,0
rep1,2.0945,5382,0
rep1,2.0945,5383,0
rep1,2.0949,5384,0
rep1,2.0949,5385,0
rep1,2.0953,5386,0
rep1,2.0953,5387,0
rep1,2.0953,5388,0
rep1,2.0957,5389,0
rep1,2.0959,5390,0
rep1,2.0959,5391,0
rep1,2.0959,5392,0
rep1,2.0961,5393,0
rep1,2.0963,5394,0
rep1,2.0964,5395,0
rep1,2.0965,5396,0
rep1,2.0965,5397,0
rep1,2.0967,5398,0
rep1,2.0967,5399,0
rep1,2.0968,5400,0
rep1,2.0969,5401,0
rep1,2.0971,5402,0
rep1,2.0973,5403,0
rep1,2.0973,5404,0
rep1,2.0974,5405,0
rep1,2.0978,5406,0
rep1,2.0978,5407,0
rep1,2.0978,5408,0
rep1,2.0979,5409,0
rep1,2.0983,5410,0
rep1,2.0984,5411,0
rep1,2.0985,5412,0
rep1,2.0989,5413,0
rep1,2.099,5414,0
rep1,2.0991,5415,0
rep1,2.0993,5416,0
rep1,2.0994,5417,0
rep1,2.0995,5418,0
rep1,2.0998,5419,0
rep1,2.0999,5420,0
rep1,2.1003,5421,0
rep1,2.1004,5422,0
rep1,2.1012,5423,0
rep1,2.1012,5424,0
rep1,2.1012,5425,0
rep1,2.1016,5426,0
rep1,2.1019,5427,0
rep1,2.1024,5428,0
rep1,2.1025,5429,0
rep1,2.1026,5430,0
rep1,2.1028,5431,0
rep1,2.1032,5432,0
rep1,2.1034,5433,0
rep1,2.1036,5434,0
rep1,2.1041,5435,0
rep1,2.1044,5436,0
rep1,2.1044,5437,0
rep1,2.1049,5438,0
rep1,2.1051,5439,0
rep1,2.1056,5440,0
rep1,2.1062,5441,0
rep1,2.1065,5442,0
rep1,2.1066,5443,0
rep1,2.1066,5444,0
rep1,2.1067,5445,0
rep1,2.1068,5446,0
rep1,2.1072,5447,0
rep1,2.1073,5448,0
rep1,2.1076,5449,0
rep1,2.1102,5450,0
rep1,2.1118,5451,0
rep1,2.1125,5452,0
rep1,2.1126,5453,0
rep1,2.1129,5454,0
rep1,2.1129,5455,0
rep1,2.1131,5456,0
rep1,2.1132,5457,0
rep1,2.1132,5458,0
rep1,2.1133,5459,0
rep1,2.1134,5460,0
rep1,2.1134,5461,0
rep1,2.1134,5462,0
rep1,2.1136,5463,0
rep1,2.1137,5464,0
rep1,2.1138,5465,0
rep1,2.114,5466,0
rep1,2.1143,5467,0
rep1,2.1144,5468,0
rep1,2.1145,5469,0
rep1,2.1148,5470,0
rep1,2.115,5471,0
rep1,2.115,5472,0
rep1,2.1152,5473,0
rep1,2.1153,5474,0
rep1,2.1153,5475,0
rep1,2.1154,5476,0
rep1,2.1154,5477,0
rep1,2.1155,5478,0
rep1,2.1155,5479,0
rep1,2.1155,5480,0
rep1,2.1156,5481,0
rep1,2.1156,5482,0
rep1,2.1156,5483,0
rep1,2.1158,5484,0
rep1,2.1158,5485,0
rep1,2.116,5486,0
rep1,2.116,5487,0
rep1,2.1162,5488,0
rep1,2.1163,5489,0
rep1,2.1164,5490,0
rep1,2.117,5491,0
rep1,2.1171,5492,0
rep1,2.1172,5493,0
rep1,2.1173,5494,0
rep1,2.1174,5495,0
rep1,2.1176,5496,0
rep1,2.1176,5497,0
rep1,2.1176,5498,0
rep1,2.1177,5499,0
rep1,2.1178,5500,0
rep1,2.118,5501,0
rep1,2.1181,5502,0
rep1,2.1182,5503,0
rep1,2.1182,5504,0
rep1,2.1187,5505,0
rep1,2.1189,5506,0
rep1,2.119,5507,0
rep1,2.1191,5508,0
rep1,2.1194,5509,0
rep1,2.1195,5510,0
rep1,2.1195,5511,0
rep1,2.1196,5512,0
rep1,2.1196,5513,0
rep1,2.1197,5514,0
rep1,2.1199,5515,0
rep1,2.1201,5516,0
rep1,2.1202,5517,0
rep1,2.1205,5518,0
rep1,2.1207,5519,0
rep1,2.1211,5520,0
rep1,2.1212,5521,0
rep1,2.1212,5522,0
rep1,2.1213,5523,0
rep1,2.1215,5524,0
rep1,2.1216,5525,0
rep1,2.1218,5526,0
rep1,2.1219,5527,0
rep1,2.1219,5528,0
rep1,2.122,5529,0
rep1,2.1221,5530,0
rep1,2.1222,5531,0
rep1,2.1232,5532,0
rep1,2.1234,5533,0
rep1,2.1235,5534,0
rep1,2.1238,5535,0
rep1,2.1243,5536,0
rep1,2.1243,5537,0
rep1,2.1245,5538,0
rep1,2.1247,5539,0
rep1,2.1248,5540,0
rep1,2.1252,5541,0
rep1,2.1254,5542,0
rep1,2.1255,5543,0
rep1,2.1255,5544,0
rep1,2.1256,5545,0
rep1,2.1259,5546,0
rep1,2.1262,5547,0
rep1,2.1262,5548,0
rep1,2.1263,5549,0
rep1,2.1266,5550,0
rep1,2.127,5551,0
rep1,2.1273,5552,0
rep1,2.1275,5553,0
rep1,2.1277,5554,0
rep1,2.1281,5555,0
rep1,2.1283,5556,0
rep1,2.1285,5557,0
rep1,2.1287,5558,0
rep1,2.1292,5559,0
rep1,2.1295,5560,0
rep1,2.1299,5561,0
rep1,2.1305,5562,0
rep1,2.1308,5563,0
rep1,2.1311,5564,0
rep1,2.1315,5565,0
rep1,2.1318,5566,0
rep1,2.1319,5567,0
rep1,2.1319,5568,0
rep1,2.1319,5569,0
rep1,2.1319,5570,0
rep1,2.1321,5571,0
rep1,2.1323,5572,0
rep1,2.1326,5573,0
rep1,2.1328,5574,0
rep1,2.1329,5575,0
rep1,2.1329,5576,0
rep1,2.133,5577,0
rep1,2.1334,5578,0
rep1,2.1334,5579,0
rep1,2.1338,5580,0
rep1,2.1339,5581,0
rep1,2.134,5582,0
rep1,2.1342,5583,0
rep1,2.1343,5584,0
rep1,2.1348,5585,0
rep1,2.135,5586,0
rep1,2.1357,5587,0
rep1,2.1358,5588,0
rep1,2.1358,5589,0
rep1,2.1359,5590,0
rep1,2.1362,5591,0
rep1,2.1362,5592,0
rep1,2.1365,5593,0
rep1,2.1365,5594,0
rep1,2.1367,5595,0
rep1,2.1372,5596,0
rep1,2.1374,5597,0
rep1,2.138,5598,0
rep1,2.1384,5599,0
rep1,2.1385,5600,0
rep1,2.1389,5601,0
rep1,2.1398,5602,0
rep1,2.1399,5603,0
rep1,2.1405,5604,0
rep1,2.1405,5605,0
rep1,2.141,5606,0
rep1,2.1416,5607,0
rep1,2.1417,5608,0
rep1,2.1422,5609,0
rep1,2.1426,5610,0
rep1,2.1426,5611,0
rep1,2.1432,5612,0
rep1,2.1434,5613,0
rep1,2.1437,5614,0
rep1,2.1442,5615,0
rep1,2.1442,5616,0
rep1,2.1443,5617,0
rep1,2.145,5618,0
rep1,2.1454,5619,0
rep1,2.1455,5620,0
rep1,2.1458,5621,0
rep1,2.1459,5622,0
rep1,2.1463,5623,0
rep1,2.1464,5624,0
rep1,2.1466,5625,0
rep1,2.1469,5626,0
rep1,2.1472,5627,0
rep1,2.1472,5628,0
rep1,2.1474,5629,0
rep1,2.1475,5630,0
rep1,2.1476,5631,0
rep1,2.1477,5632,0
rep1,2.1481,5633,0
rep1,2.1482,5634,0
rep1,2.1483,5635,0
rep1,2.1484,5636,0
rep1,2.1486,5637,0
rep1,2.1486,5638,0
rep1,2.1487,5639,0
rep1,2.1487,5640,0
rep1,2.1488,5641,0
rep1,2.149,5642,0
rep1,2.1491,5643,0
rep1,2.1495,5644,0
rep1,2.1496,5645,0
rep1,2.1496,5646,0
rep1,2.1496,5647,0
rep1,2.1498,5648,0
rep1,2.1499,5649,0
rep1,2.1501,5650,0
rep1,2.1504,5651,0
rep1,2.1505,5652,0
rep1,2.1508,5653,0
rep1,2.1511,5654,0
rep1,2.1513,5655,0
rep1,2.1516,5656,0
rep1,2.1519,5657,0
rep1,2.1521,5658,0
rep1,2.1521,5659,0
rep1,2.1522,5660,0
rep1,2.1524,5661,0
rep1,2.1525,5662,0
rep1,2.1532,5663,0
rep1,2.1532,5664,0
rep1,2.1534,5665,0
rep1,2.1536,5666,0
rep1,2.1536,5667,0
rep1,2.1537,5668,0
rep1,2.1538,5669,0
rep1,2.1539,5670,0
rep1,2.1539,5671,0
rep1,2.1542,5672,0
rep1,2.1543,5673,0
rep1,2.1545,5674,0
rep1,2.1547,5675,0
rep1,2.1549,5676,0
rep1,2.155,5677,0
rep1,2.1551,5678,0
rep1,2.1553,5679,0
rep1,2.1557,5680,0
rep1,2.1557,5681,0
rep1,2.1558,5682,0
rep1,2.1558,5683,0
rep1,2.1559,5684,0
rep1,2.1559,5685,0
rep1,2.1559,5686,0
rep1,2.1559,5687,0
rep1,2.156,5688,0
rep1,2.156,5689,0
rep1,2.1561,5690,0
rep1,2.1564,5691,0
rep1,2.1565,5692,0
rep1,2.1566,5693,0
rep1,2.1567,5694,0
rep1,2.1568,5695,0
rep1,2.1568,5696,0
rep1,2.1568,5697,0
rep1,2.1568,5698,0
rep1,2.1572,5699,0
rep1,2.1579,5700,0
rep1,2.1581,5701,0
rep1,2.1582,5702,0
rep1,2.1585,5703,0
rep1,2.1594,5704,0
rep1,2.1595,5705,0
rep1,2.1598,5706,0
rep1,2.1598,5707,0
rep1,2.16,5708,0
rep1,2.16,5709,0
rep1,2.1601,5710,0
rep1,2.161,5711,0
rep1,2.1611,5712,0
rep1,2.1612,5713,0
rep1,2.1612,5714,0
rep1,2.1613,5715,0
rep1,2.1616,5716,0
rep1,2.1616,5717,0
rep1,2.162,5718,0
rep1,2.1622,5719,0
rep1,2.1623,5720,0
rep1,2.1627,5721,0
rep1,2.1628,5722,0
rep1,2.1637,5723,0
rep1,2.164,5724,0
rep1,2.1641,5725,0
rep1,2.1641,5726,0
rep1,2.1642,5727,0
rep1,2.1642,5728,0
rep1,2.1645,5729,0
rep1,2.1646,5730,0
rep1,2.1649,5731,0
rep1,2.1649,5732,0
rep1,2.1649,5733,0
rep1,2.1651,5734,0
rep1,2.1653,5735,0
rep1,2.1658,5736,0
rep1,2.1661,5737,0
rep1,2.1662,5738,0
rep1,2.1664,5739,0
rep1,2.1667,5740,0
rep1,2.1669,5741,0
rep1,2.167,5742,0
rep1,2.1672,5743,0
rep1,2.1676,5744,0
rep1,2.1678,5745,0
rep1,2.1681,5746,0
rep1,2.1681,5747,0
rep1,2.1681,5748,0
rep1,2.1685,5749,0
rep1,2.1688,5750,0
rep1,2.1692,5751,0
rep1,2.1694,5752,0
rep1,2.1695,5753,0
rep1,2.1699,5754,0
rep1,2.1699,5755,0
rep1,2.1701,5756,0
rep1,2.1703,5757,0
rep1,2.1704,5758,0
rep1,2.1711,5759,0
rep1,2.1713,5760,0
rep1,2.1716,5761,0
rep1,2.1719,5762,0
rep1,2.1721,5763,0
rep1,2.1726,5764,0
rep1,2.1727,5765,0
rep1,2.1727,5766,0
rep1,2.1728,5767,0
rep1,2.1729,5768,0
rep1,2.1731,5769,0
rep1,2.1733,5770,0
rep1,2.1734,5771,0
rep1,2.1735,5772,0
rep1,2.1735,5773,0
rep1,2.1735,5774,0
rep1,2.174,5775,0
rep1,2.174,5776,0
rep1,2.1741,5777,0
rep1,2.1742,5778,0
rep1,2.1742,5779,0
rep1,2.1743,5780,0
rep1,2.1745,5781,0
rep1,2.1754,5782,0
rep1,2.1756,5783,0
rep1,2.1759,5784,0
rep1,2.1759,5785,0
rep1,2.1765,5786,0
rep1,2.1767,5787,0
rep1,2.1767,5788,0
rep1,2.1768,5789,0
rep1,2.1768,5790,0
rep1,2.177,5791,0
rep1,2.177,5792,0
rep1,2.1774,5793,0
rep1,2.1776,5794,0
rep1,2.1777,5795,0
rep1,2.1779,5796,0
rep1,2.1781,5797,0
rep1,2.1783,5798,0
rep1,2.1784,5799,0
rep1,2.1785,5800,0
rep1,2.1785,5801,0
rep1,2.179,5802,0
rep1,2.1792,5803,0
rep1,2.1794,5804,0
rep1,2.1797,5805,0
rep1,2.1797,5806,0
rep1,2.1799,5807,0
rep1,2.18,5808,0
rep1,2.1801,5809,0
rep1,2.1803,5810,0
rep1,2.1803,5811,0
rep1,2.1804,5812,0
rep1,2.1804,5813,0
rep1,2.1805,5814,0
rep1,2.1806,5815,0
rep1,2.1806,5816,0
rep1,2.1809,5817,0
rep1,2.181,5818,0
rep1,2.1811,5819,0
rep1,2.1816,5820,0
rep1,2.182,5821,0
rep1,2.1821,5822,0
rep1,2.1823,5823,0
rep1,2.1826,5824,0
rep1,2.1826,5825,0
rep1,2.1827,5826,0
rep1,2.183,5827,0
rep1,2.1831,5828,0
rep1,2.1831,5829,0
rep1,2.1834,5830,0
rep1,2.1834,5831,0
rep1,2.1834,5832,0
rep1,2.1837,5833,0
rep1,2.1841,5834,0
rep1,2.1843,5835,0
rep1,2.1849,5836,0
rep1,2.1853,5837,0
rep1,2.1855,5838,0
rep1,2.1855,5839,0
rep1,2.1858,5840,0
rep1,2.1859,5841,0
rep1,2.186,5842,0
rep1,2.1861,5843,0
rep1,2.1861,5844,0
rep1,2.1862,5845,0
rep1,2.1862,5846,0
rep1,2.1863,5847,0
rep1,2.1864,5848,0
rep1,2.1865,5849,0
rep1,2.1868,5850,0
rep1,2.1868,5851,0
rep1,2.187,5852,0
rep1,2.1875,5853,0
rep1,2.1877,5854,0
rep1,2.1877,5855,0
rep1,2.1878,5856,0
rep1,2.1878,5857,0
rep1,2.188,5858,0
rep1,2.1884,5859,0
rep1,2.1885,5860,0
rep1,2.1889,5861,0
rep1,2.1891,5862,0
rep1,2.1892,5863,0
rep1,2.1892,5864,0
rep1,2.1894,5865,0
rep1,2.1894,5866,0
rep1,2.1895,5867,0
rep1,2.1895,5868,0
rep1,2.1896,5869,0
rep1,2.1896,5870,0
rep1,2.1898,5871,0
rep1,2.1899,5872,0
rep1,2.1902,5873,0
rep1,2.1903,5874,0
rep1,2.1904,5875,0
rep1,2.1906,5876,0
rep1,2.191,5877,0
rep1,2.191,5878,0
rep1,2.1913,5879,0
rep1,2.1914,5880,0
rep1,2.1916,5881,0
rep1,2.1916,5882,0
rep1,2.1917,5883,0
rep1,2.1919,5884,0
rep1,2.1923,5885,0
rep1,2.1925,5886,0
rep1,2.1926,5887,0
rep1,2.1932,5888,0
rep1,2.1934,5889,0
rep1,2.1935,5890,0
rep1,2.1935,5891,0
rep1,2.1936,5892,0
rep1,2.1937,5893,0
rep1,2.1941,5894,0
rep1,2.1941,5895,0
rep1,2.1942,5896,0
rep1,2.1945,5897,0
rep1,2.1948,5898,0
rep1,2.1949,5899,0
rep1,2.195,5900,0
rep1,2.1952,5901,0
rep1,2.1955,5902,0
rep1,2.196,5903,0
rep1,2.1961,5904,0
rep1,2.1962,5905,0
rep1,2.1964,5906,0
rep1,2.1965,5907,0
rep1,2.1965,5908,0
rep1,2.1967,5909,0
rep1,2.1971,5910,0
rep1,2.1972,5911,0
rep1,2.1975,5912,0
rep1,2.1976,5913,0
rep1,2.1978,5914,0
rep1,2.1979,5915,0
rep1,2.1979,5916,0
rep1,2.198,5917,0
rep1,2.198,5918,0
rep1,2.198,5919,0
rep1,2.1984,5920,0
rep1,2.1985,5921,0
rep1,2.1986,5922,0
rep1,2.1986,5923,0
rep1,2.1988,5924,0
rep1,2.1991,5925,0
rep1,2.1993,5926,0
rep1,2.1996,5927,0
rep1,2.1999,5928,0
rep1,2.2001,5929,0
rep1,2.2006,5930,0
rep1,2.2006,5931,0
rep1,2.2007,5932,0
rep1,2.2008,5933,0
rep1,2.2008,5934,0
rep1,2.2008,5935,0
rep1,2.2014,5936,0
rep1,2.2016,5937,0
rep1,2.2019,5938,0
rep1,2.2019,5939,0
rep1,2.202,5940,0
rep1,2.2023,5941,0
rep1,2.2026,5942,0
rep1,2.2031,5943,0
rep1,2.2034,5944,0
rep1,2.2035,5945,0
rep1,2.2038,5946,0
rep1,2.2039,5947,0
rep1,2.204,5948,0
rep1,2.2042,5949,0
rep1,2.2044,5950,0
rep1,2.2045,5951,0
rep1,2.2046,5952,0
rep1,2.2046,5953,0
rep1,2.2051,5954,0
rep1,2.2052,5955,0
rep1,2.2052,5956,0
rep1,2.2055,5957,0
rep1,2.2055,5958,0
rep1,2.2059,5959,0
rep1,2.206,5960,0
rep1,2.2062,5961,0
rep1,2.2063,5962,0
rep1,2.2064,5963,0
rep1,2.2064,5964,0
rep1,2.2066,5965,0
rep1,2.2066,5966,0
rep1,2.2068,5967,0
rep1,2.207,5968,0
rep1,2.2072,5969,0
rep1,2.2072,5970,0
rep1,2.2075,5971,0
rep1,2.2076,5972,0
rep1,2.2078,5973,0
rep1,2.2081,5974,0
rep1,2.2085,5975,0
rep1,2.209,5976,0
rep1,2.2092,5977,0
rep1,2.2094,5978,0
rep1,2.2096,5979,0
rep1,2.2099,5980,0
rep1,2.2101,5981,0
rep1,2.2106,5982,0
rep1,2.2107,5983,0
rep1,2.2108,5984,0
rep1,2.2109,5985,0
rep1,2.2109,5986,0
rep1,2.211,5987,0
rep1,2.2111,5988,0
rep1,2.2113,5989,0
rep1,2.2116,5990,0
rep1,2.2121,5991,0
rep1,2.2122,5992,0
rep1,2.2122,5993,0
rep1,2.2122,5994,0
rep1,2.2126,5995,0
rep1,2.2127,5996,0
rep1,2.2128,5997,0
rep1,2.2128,5998,0
rep1,2.213,5999,0
rep1,2.2133,6000,0
rep1,2.2133,6001,0
rep1,2.2136,6002,0
rep1,2.2136,6003,0
rep1,2.2138,6004,0
rep1,2.2139,6005,0
rep1,2.214,6006,0
rep1,2.2145,6007,0
rep1,2.2146,6008,0
rep1,2.2146,6009,0
rep1,2.2146,6010,0
rep1,2.2151,6011,0
rep1,2.2153,6012,0
rep1,2.2154,6013,0
rep1,2.2156,6014,0
rep1,2.2157,6015,0
rep1,2.2165,6016,0
rep1,2.2166,6017,0
rep1,2.2166,6018,0
rep1,2.2169,6019,0
rep1,2.2169,6020,0
rep1,2.217,6021,0
rep1,2.2171,6022,0
rep1,2.2171,6023,0
rep1,2.2174,6024,0
rep1,2.2175,6025,0
rep1,2.2175,6026,0
rep1,2.2176,6027,0
rep1,2.2179,6028,0
rep1,2.2179,6029,0
rep1,2.218,6030,0
rep1,2.2181,6031,0
rep1,2.2182,6032,0
rep1,2.2186,6033,0
rep1,2.2189,6034,0
rep1,2.219,6035,0
rep1,2.219,6036,0
rep1,2.2192,6037,0
rep1,2.2193,6038,0
rep1,2.2194,6039,0
rep1,2.2199,6040,0
rep1,2.22,6041,0
rep1,2.2201,6042,0
rep1,2.2201,6043,0
rep1,2.2202,6044,0
rep1,2.2203,6045,0
rep1,2.2203,6046,0
rep1,2.2203,6047,0
rep1,2.2204,6048,0
rep1,2.2205,6049,0
rep1,2.2207,6050,0
rep1,2.221,6051,0
rep1,2.2211,6052,0
rep1,2.2211,6053,0
rep1,2.2213,6054,0
rep1,2.2214,6055,0
rep1,2.2214,6056,0
rep1,2.2214,6057,0
rep1,2.2216,6058,0
rep1,2.2219,6059,0
rep1,2.222,6060,0
rep1,2.222,6061,0
rep1,2.2223,6062,0
rep1,2.2223,6063,0
rep1,2.2224,6064,0
rep1,2.2224,6065,0
rep1,2.2228,6066,0
rep1,2.2228,6067,0
rep1,2.2229,6068,0
rep1,2.223,6069,0
rep1,2.2232,6070,0
rep1,2.2236,6071,0
rep1,2.2239,6072,0
rep1,2.2239,6073,0
rep1,2.2241,6074,0
rep1,2.2241,6075,0
rep1,2.2242,6076,0
rep1,2.2244,6077,0
rep1,2.2249,6078,0
rep1,2.225,6079,0
rep1,2.2252,6080,0
rep1,2.2252,6081,0
rep1,2.2253,6082,0
rep1,2.2254,6083,0
rep1,2.2254,6084,0
rep1,2.2255,6085,0
rep1,2.2255,6086,0
rep1,2.2256,6087,0
rep1,2.2256,6088,0
rep1,2.2257,6089,0
rep1,2.2258,6090,0
rep1,2.226,6091,0
rep1,2.226,6092,0
rep1,2.226,6093,0
rep1,2.226,6094,0
rep1,2.2261,6095,0
rep1,2.2262,6096,0
rep1,2.2263,6097,0
rep1,2.2263,6098,0
rep1,2.2264,6099,0
rep1,2.2265,6100,0
rep1,2.2266,6101,0
rep1,2.2268,6102,0
rep1,2.2268,6103,0
rep1,2.227,6104,0
rep1,2.2271,6105,0
rep1,2.2272,6106,0
rep1,2.2272,6107,0
rep1,2.2272,6108,0
rep1,2.2273,6109,0
rep1,2.2277,6110,0
rep1,2.2277,6111,0
rep1,2.228,6112,0
rep2,1.0091,1,0
rep2,1.0091,2,0
rep2,1.0092,3,0
rep2,1.0093,4,0
rep2,1.0093,5,0
rep2,1.0094,6,0
rep2,1.0094,7,0
rep2,1.0095,8,0
rep2,1.0095,9,0
rep2,1.0096,10,0
rep2,1.0096,11,0
rep2,1.0097,12,0
rep2,1.0097,13,0
rep2,1.0099,14,0
rep2,1.0099,15,0
rep2,1.0099,16,0
rep2,1.0099,17,0
rep2,1.0099,18,0
rep2,1.01,19,0
rep2,1.0101,20,0
rep2,1.0101,21,0
rep2,1.0101,22,0
rep2,1.0101,23,0
rep2,1.0102,24,0
rep2,1.0102,25,0
rep2,1.0103,26,0
rep2,1.0103,27,0
rep2,1.0103,28,0
rep2,1.0103,29,0
rep2,1.0105,30,0
rep2,1.0107,31,0
rep2,1.0107,32,0
rep2,1.0108,33,0
rep2,1.0109,34,0
rep2,1.011,35,0
rep2,1.011,36,0
rep2,1.011,37,0
rep2,1.0111,38,0
rep2,1.0111,39,0
rep2,1.0111,40,0
rep2,1.0111,41,0
rep2,1.0113,42,0
rep2,1.0114,43,0
rep2,1.0115,44,0
rep2,1.0115,45,0
rep2,1.0115,46,0
rep2,1.0116,47,0
rep2,1.0116,48,0
rep2,1.0117,49,0
rep2,1.0117,50,0
rep2,1.012,51,0
rep2,1.0121,52,0
rep2,1.0123,53,0
rep2,1.0123,54,0
rep2,1.0124,55,0
rep2,1.0125,56,0
rep2,1.0129,57,0
rep2,1.0129,58,0
rep2,1.0131,59,0
rep2,1.0132,60,0
rep2,1.0133,61,0
rep2,1.0134,62,0
rep2,1.0136,63,0
rep2,1.0136,64,0
rep2,1.0137,65,0
rep2,1.0137,66,0
rep2,1.014,67,0
rep2,1.0141,68,0
rep2,1.0142,69,0
rep2,1.0144,70,0
rep2,1.0144,71,0
rep2,1.0144,72,0
rep2,1.0146,73,0
rep2,1.0146,74,0
rep2,1.0146,75,0
rep2,1.0147,76,0
rep2,1.015,77,0
rep2,1.0153,78,0
rep2,1.0154,79,0
rep2,1.0156,80,0
rep2,1.0158,81,0
rep2,1.0159,82,0
rep2,1.0159,83,0
rep2,1.016,84,0
rep2,1.0162,85,0
rep2,1.0163,86,0
rep2,1.0163,87,0
rep2,1.0165,88,0
rep2,1.0165,89,0
rep2,1.0165,90,0
rep2,1.0166,91,0
rep2,1.0169,92,0
rep2,1.0169,93,0
rep2,1.017,94,0
rep2,1.0171,95,0
rep2,1.0172,96,0
rep2,1.0174,97,0
rep2,1.0177,98,0
rep2,1.0178,99,0
rep2,1.0179,100,0
rep2,1.018,101,0
rep2,1.0183,102,0
rep2,1.0185,103,0
rep2,1.0185,104,0
rep2,1.0187,105,0
rep2,1.0188,106,0
rep2,1.0188,107,0
rep2,1.0189,108,0
rep2,1.0189,109,0
rep2,1.0191,110,0
rep2,1.0193,111,0
rep2,1.0196,112,0
rep2,1.0196,113,0
rep2,1.0197,114,0
rep2,1.0199,115,0
rep2,1.0204,116,0
rep2,1.0207,117,0
rep2,1.021,118,0
rep2,1.0214,119,0
rep2,1.0215,120,0
rep2,1.0217,121,0
rep2,1.0217,122,0
rep2,1.0218,123,0
rep2,1.0219,124,0
rep2,1.022,125,0
rep2,1.0221,126,0
rep2,1.0225,127,0
rep2,1.0227,128,0
rep2,1.0227,129,0
rep2,1.0228,130,0
rep2,1.023,131,0
rep2,1.0231,132,0
rep2,1.0234,133,0
rep2,1.0237,134,0
rep2,1.0238,135,0
rep2,1.0239,136,0
rep2,1.0244,137,0
rep2,1.0247,138,0
rep2,1.0247,139,0
rep2,1.0248,140,0
rep2,1.0248,141,0
rep2,1.0253,142,0
rep2,1.0255,143,0
rep2,1.026,144,0
rep2,1.0263,145,0
rep2,1.0269,146,0
rep2,1.0269,147,0
rep2,1.0278,148,0
rep2,1.0286,149,0
rep2,1.0292,150,0
rep2,1.0292,151,0
rep2,1.0294,152,0
rep2,1.0296,153,0
rep2,1.0298,154,0
rep2,1.0299,155,0
rep2,1.0308,156,0
rep2,1.0309,157,0
rep2,1.031,158,0
rep2,1.0328,159,0
rep2,1.0329,160,0
rep2,1.0329,161,0
rep2,1.0355,162,0
rep2,1.036,163,0
rep2,1.0365,164,0
rep2,1.0379,165,0
rep2,1.0383,166,0
rep2,1.0429,167,0
rep2,1.0429,168,0
rep2,1.0429,169,0
rep2,1.0429,170,0
rep2,1.0429,171,0
rep2,1.0429,172,0
rep2,1.043,173,0
rep2,1.043,174,0
rep2,1.043,175,0
rep2,1.043,176,0
rep2,1.043,177,0
rep2,1.043,178,0
rep2,1.0431,179,0
rep2,1.0431,180,0
rep2,1.0431,181,0
rep2,1.0431,182,0
rep2,1.0431,183,0
rep2,1.0431,184,0
rep2,1.0431,185,0
rep2,1.0432,186,0
rep2,1.0432,187,0
rep2,1.0432,188,0
rep2,1.0432,189,0
rep2,1.0432,190,0
rep2,1.0432,191,0
rep2,1.0432,192,0
rep2,1.0433,193,0
rep2,1.0433,194,0
rep2,1.0433,195,0
rep2,1.0433,196,0
rep2,1.0433,197,0
rep2,1.0434,198,0
rep2,1.0434,199,0
rep2,1.0434,200,0
rep2,1.0434,201,0
rep2,1.0434,202,0
rep2,1.0434,203,0
rep2,1.0434,204,0
rep2,1.0434,205,0
rep2,1.0435,206,0
rep2,1.0435,207,0
rep2,1.0435,208,0
rep2,1.0435,209,0
rep2,1.0435,210,0
rep2,1.0435,211,0
rep2,1.0435,212,0
rep2,1.0436,213,0
rep2,1.0436,214,0
rep2,1.0436,215,0
rep2,1.0436,216,0
rep2,1.0436,217,0
rep2,1.0436,218,0
rep2,1.0436,219,0
rep2,1.0437,220,0
rep2,1.0437,221,0
rep2,1.0437,222,0
rep2,1.0437,223,0
rep2,1.0437,224,0
rep2,1.0437,225,0
rep2,1.0438,226,0
rep2,1.0438,227,0
rep2,1.0438,228,0
rep2,1.0438,229,0
rep2,1.0438,230,0
rep2,1.0438,231,0
rep2,1.0438,232,0
rep2,1.0439,233,0
rep2,1.0439,234,0
rep2,1.0439,235,0
rep2,1.0439,236,0
rep2,1.0439,237,0
rep2,1.0439,238,0
rep2,1.044,239,0
rep2,1.044,240,0
rep2,1.044,241,0
rep2,1.044,242,0
rep2,1.044,243,0
rep2,1.044,244,0
rep2,1.0441,245,0
rep2,1.0441,246,0
rep2,1.0441,247,0
rep2,1.0441,248,0
rep2,1.0441,249,0
rep2,1.0441,250,0
rep2,1.0442,251,0
rep2,1.0442,252,0
rep2,1.0442,253,0
rep2,1.0442,254,0
rep2,1.0442,255,0
rep2,1.0443,256,0
rep2,1.0443,257,0
rep2,1.0443,258,0
rep2,1.0443,259,0
rep2,1.0443,260,0
rep2,1.0443,261,0
rep2,1.0443,262,0
rep2,1.0444,263,0
rep2,1.0444,264,0
rep2,1.0444,265,0
rep2,1.0444,266,0
rep2,1.0444,267,0
rep2,1.0444,268,0
rep2,1.0444,269,0
rep2,1.0444,270,0
rep2,1.0445,271,0
rep2,1.0445,272,0
rep2,1.0445,273,0
rep2,1.0445,274,0
rep2,1.0446,275,0
rep2,1.0446,276,0
rep2,1.0446,277,0
rep2,1.0446,278,0
rep2,1.0446,279,0
rep2,1.0446,280,0
rep2,1.0447,281,0
rep2,1.0447,282,0
rep2,1.0447,283,0
rep2,1.0447,284,0
rep2,1.0448,285,0
rep2,1.0448,286,0
rep2,1.0448,287,0
rep2,1.0448,288,0
rep2,1.0448,289,0
rep2,1.0448,290,0
rep2,1.0448,291,0
rep2,1.0448,292,0
rep2,1.0449,293,0
rep2,1.0449,294,0
rep2,1.0449,295,0
rep2,1.0449,296,0
rep2,1.0449,297,0
rep2,1.0449,298,0
rep2,1.045,299,0
rep2,1.045,300,0
rep2,1.045,301,0
rep2,1.045,302,0
rep2,1.045,303,0
rep2,1.045,304,0
rep2,1.0451,305,0
rep2,1.0451,306,0
rep2,1.0451,307,0
rep2,1.0451,308,0
rep2,1.0451,309,0
rep2,1.0452,310,0
rep2,1.0452,311,0
rep2,1.0452,312,0
rep2,1.0452,313,0
rep2,1.0452,314,0
rep2,1.0452,315,0
rep2,1.0453,316,0
rep2,1.0453,317,0
rep2,1.0453,318,0
rep2,1.0453,319,0
rep2,1.0453,320,0
rep2,1.0454,321,0
rep2,1.0454,322,0
rep2,1.0454,323,0
rep2,1.0454,324,0
rep2,1.0454,325,0
rep2,1.0454,326,0
rep2,1.0454,327,0
rep2,1.0454,328,0
rep2,1.0454,329,0
rep2,1.0455,330,0
rep2,1.0455,331,0
rep2,1.0455,332,0
rep2,1.0456,333,0
rep2,1.0456,334,0
rep2,1.0456,335,0
rep2,1.0456,336,0
rep2,1.0456,337,0
rep2,1.0456,338,0
rep2,1.0456,339,0
rep2,1.0457,340,0
rep2,1.0457,341,0
rep2,1.0457,342,0
rep2,1.0457,343,0
rep2,1.0457,344,0
rep2,1.0457,345,0
rep2,1.0458,346,0
rep2,1.0458,347,0
rep2,1.0458,348,0
rep2,1.0458,349,0
rep2,1.0458,350,0
rep2,1.0458,351,0
rep2,1.0458,352,0
rep2,1.0458,353,0
rep2,1.0459,354,0
rep2,1.0459,355,0
rep2,1.0459,356,0
rep2,1.0459,357,0
rep2,1.0459,358,0
rep2,1.0459,359,0
rep2,1.0459,360,0
rep2,1.0459,361,0
rep2,1.046,362,0
rep2,1.046,363,0
rep2,1.046,364,0
rep2,1.046,365,0
rep2,1.0461,366,0
rep2,1.0461,367,0
rep2,1.0461,368,0
rep2,1.0461,369,0
rep2,1.0461,370,0
rep2,1.0461,371,0
rep2,1.0461,372,0
rep2,1.0462,373,0
rep2,1.0462,374,0
rep2,1.0462,375,0
rep2,1.0462,376,0
rep2,1.0462,377,0
rep2,1.0463,378,0
rep2,1.0463,379,0
rep2,1.0463,380,0
rep2,1.0463,381,0
rep2,1.0464,382,0
rep2,1.0464,383,0
rep2,1.0464,384,0
rep2,1.0464,385,0
rep2,1.0464,386,0
rep2,1.0464,387,0
rep2,1.0465,388,0
rep2,1.0465,389,0
rep2,1.0465,390,0
rep2,1.0465,391,0
rep2,1.0465,392,0
rep2,1.0465,393,0
rep2,1.0465,394,0
rep2,1.0465,395,0
rep2,1.0465,396,0
rep2,1.0466,397,0
rep2,1.0466,398,0
rep2,1.0466,399,0
rep2,1.0466,400,0
rep2,1.0466,401,0
rep2,1.0467,402,0
rep2,1.0467,403,0
rep2,1.0467,404,0
rep2,1.0467,405,0
rep2,1.0468,406,0
rep2,1.0468,407,0
rep2,1.0468,408,0
rep2,1.0468,409,0
rep2,1.0469,410,0
rep2,1.0469,411,0
rep2,1.0469,412,0
rep2,1.0469,413,0
rep2,1.0469,414,0
rep2,1.0469,415,0
rep2,1.047,416,0
rep2,1.047,417,0
rep2,1.047,418,0
rep2,1.047,419,0
rep2,1.047,420,0
rep2,1.0471,421,0
rep2,1.0471,422,0
rep2,1.0471,423,0
rep2,1.0471,424,0
rep2,1.0471,425,0
rep2,1.0472,426,0
rep2,1.0472,427,0
rep2,1.0472,428,0
rep2,1.0472,429,0
rep2,1.0472,430,0
rep2,1.0472,431,0
rep2,1.0473,432,0
rep2,1.0473,433,0
rep2,1.0473,434,0
rep2,1.0473,435,0
rep2,1.0473,436,0
rep2,1.0474,437,0
rep2,1.0474,438,0
rep2,1.0474,439,0
rep2,1.0474,440,0
rep2,1.0474,441,0
rep2,1.0474,442,0
rep2,1.0475,443,0
rep2,1.0475,444,0
rep2,1.0475,445,0
rep2,1.0475,446,0
rep2,1.0475,447,0
rep2,1.0476,448,0
rep2,1.0476,449,0
rep2,1.0476,450,0
rep2,1.0476,451,0
rep2,1.0476,452,0
rep2,1.0477,453,0
rep2,1.0477,454,0
rep2,1.0477,455,0
rep2,1.0477,456,0
rep2,1.0478,457,0
rep2,1.0478,458,0
rep2,1.0478,459,0
rep2,1.0478,460,0
rep2,1.0479,461,0
rep2,1.0479,462,0
rep2,1.0479,463,0
rep2,1.0479,464,0
rep2,1.0479,465,0
rep2,1.048,466,0
rep2,1.048,467,0
rep2,1.048,468,0
rep2,1.048,469,0
rep2,1.0481,470,0
rep2,1.0481,471,0
rep2,1.0481,472,0
rep2,1.0482,473,0
rep2,1.0482,474,0
rep2,1.0482,475,0
rep2,1.0482,476,0
rep2,1.0482,477,0
rep2,1.0482,478,0
rep2,1.0482,479,0
rep2,1.0483,480,0
rep2,1.0483,481,0
rep2,1.0484,482,0
rep2,1.0484,483,0
rep2,1.0484,484,0
rep2,1.0484,485,0
rep2,1.0485,486,0
rep2,1.0485,487,0
rep2,1.0485,488,0
rep2,1.0485,489,0
rep2,1.0485,490,0
rep2,1.0486,491,0
rep2,1.0486,492,0
rep2,1.0486,493,0
rep2,1.0486,494,0
rep2,1.0486,495,0
rep2,1.0486,496,0
rep2,1.0487,497,0
rep2,1.0487,498,0
rep2,1.0487,499,0
rep2,1.0487,500,0
rep2,1.0487,501,0
rep2,1.0488,502,0
rep2,1.0488,503,0
rep2,1.0488,504,0
rep2,1.0488,505,0
rep2,1.0488,506,0
rep2,1.0489,507,0
rep2,1.0489,508,0
rep2,1.0489,509,0
rep2,1.0489,510,0
rep2,1.049,511,0
rep2,1.049,512,0
rep2,1.049,513,0
rep2,1.049,514,0
rep2,1.049,515,0
rep2,1.0491,516,0
rep2,1.0491,517,0
rep2,1.0491,518,0
rep2,1.0491,519,0
rep2,1.0491,520,0
rep2,1.0491,521,0
rep2,1.0491,522,0
rep2,1.0491,523,0
rep2,1.0492,524,0
rep2,1.0492,525,0
rep2,1.0492,526,0
rep2,1.0492,527,0
rep2,1.0492,528,0
rep2,1.0493,529,0
rep2,1.0493,530,0
rep2,1.0493,531,0
rep2,1.0493,532,0
rep2,1.0493,533,0
rep2,1.0494,534,0
rep2,1.0494,535,0
rep2,1.0494,536,0
rep2,1.0495,537,0
rep2,1.0495,538,0
rep2,1.0495,539,0
rep2,1.0495,540,0
rep2,1.0495,541,0
rep2,1.0495,542,0
rep2,1.0496,543,0
rep2,1.0496,544,0
rep2,1.0496,545,0
rep2,1.0496,546,0
rep2,1.0496,547,0
rep2,1.0496,548,0
rep2,1.0497,549,0
rep2,1.0497,550,0
rep2,1.0497,551,0
rep2,1.0497,552,0
rep2,1.0497,553,0
rep2,1.0497,554,0
rep2,1.0497,555,0
rep2,1.0498,556,0
rep2,1.0498,557,0
rep2,1.0498,558,0
rep2,1.0498,559,0
rep2,1.0498,560,0
rep2,1.0498,561,0
rep2,1.0498,562,0
rep2,1.0499,563,0
rep2,1.0499,564,0
rep2,1.0499,565,0
rep2,1.0499,566,0
rep2,1.0499,567,0
rep2,1.0499,568,0
rep2,1.05,569,0
rep2,1.05,570,0
rep2,1.05,571,0
rep2,1.05,572,0
rep2,1.05,573,0
rep2,1.0501,574,0
rep2,1.0501,575,0
rep2,1.0501,576,0
rep2,1.0502,577,0
rep2,1.0502,578,0
rep2,1.0502,579,0
rep2,1.0502,580,0
rep2,1.0503,581,0
rep2,1.0503,582,0
rep2,1.0503,583,0
rep2,1.0504,584,0
rep2,1.0504,585,0
rep2,1.0505,586,0
rep2,1.0505,587,0
rep2,1.0505,588,0
rep2,1.0505,589,0
rep2,1.0506,590,0
rep2,1.0506,591,0
rep2,1.0506,592,0
rep2,1.0506,593,0
rep2,1.0507,594,0
rep2,1.0507,595,0
rep2,1.0507,596,0
rep2,1.0507,597,0
rep2,1.0507,598,0
rep2,1.0508,599,0
rep2,1.0508,600,0
rep2,1.0508,601,0
rep2,1.0508,602,0
rep2,1.0508,603,0
rep2,1.0508,604,0
rep2,1.0508,605,0
rep2,1.0509,606,0
rep2,1.0509,607,0
rep2,1.0509,608,0
rep2,1.0509,609,0
rep2,1.051,610,0
rep2,1.051,611,0
rep2,1.0511,612,0
rep2,1.0511,613,0
rep2,1.0511,614,0
rep2,1.0511,615,0
rep2,1.0512,616,0
rep2,1.0512,617,0
rep2,1.0512,618,0
rep2,1.0513,619,0
rep2,1.0513,620,0
rep2,1.0513,621,0
rep2,1.0513,622,0
rep2,1.0513,623,0
rep2,1.0514,624,0
rep2,1.0514,625,0
rep2,1.0514,626,0
rep2,1.0514,627,0
rep2,1.0514,628,0
rep2,1.0515,629,0
rep2,1.0515,630,0
rep2,1.0516,631,0
rep2,1.0516,632,0
rep2,1.0516,633,0
rep2,1.0516,634,0
rep2,1.0516,635,0
rep2,1.0516,636,0
rep2,1.0517,637,0
rep2,1.0517,638,0
rep2,1.0517,639,0
rep2,1.0517,640,0
rep2,1.0517,641,0
rep2,1.0518,642,0
rep2,1.0518,643,0
rep2,1.0518,644,0
rep2,1.0518,645,0
rep2,1.0519,646,0
rep2,1.0519,647,0
rep2,1.0519,648,0
rep2,1.0519,649,0
rep2,1.0519,650,0
rep2,1.0519,651,0
rep2,1.052,652,0
rep2,1.052,653,0
rep2,1.052,654,0
rep2,1.052,655,0
rep2,1.0521,656,0
rep2,1.0521,657,0
rep2,1.0521,658,0
rep2,1.0521,659,0
rep2,1.0521,660,0
rep2,1.0522,661,0
rep2,1.0522,662,0
rep2,1.0522,663,0
rep2,1.0522,664,0
rep2,1.0522,665,0
rep2,1.0523,666,0
rep2,1.0523,667,0
rep2,1.0523,668,0
rep2,1.0523,669,0
rep2,1.0523,670,0
rep2,1.0524,671,0
rep2,1.0525,672,0
rep2,1.0525,673,0
rep2,1.0526,674,0
rep2,1.0526,675,0
rep2,1.0526,676,0
rep2,1.0527,677,0
rep2,1.0527,678,0
rep2,1.0527,679,0
rep2,1.0527,680,0
rep2,1.0527,681,0
rep2,1.0527,682,0
rep2,1.0527,683,0
rep2,1.0528,684,0
rep2,1.0528,685,0
rep2,1.0528,686,0
rep2,1.0528,687,0
rep2,1.0529,688,0
rep2,1.0529,689,0
rep2,1.0529,690,0
rep2,1.053,691,0
rep2,1.053,692,0
rep2,1.053,693,0
rep2,1.053,694,0
rep2,1.053,695,0
rep2,1.0531,696,0
rep2,1.0531,697,0
rep2,1.0531,698,0
rep2,1.0531,699,0
rep2,1.0531,700,0
rep2,1.0531,701,0
rep2,1.0532,702,0
rep2,1.0532,703,0
rep2,1.0532,704,0
rep2,1.0533,705,0
rep2,1.0533,706,0
rep2,1.0533,707,0
rep2,1.0534,708,0
rep2,1.0534,709,0
rep2,1.0534,710,0
rep2,1.0535,711,0
rep2,1.0535,712,0
rep2,1.0535,713,0
rep2,1.0536,714,0
rep2,1.0536,715,0
rep2,1.0536,716,0
rep2,1.0536,717,0
rep2,1.0537,718,0
rep2,1.0537,719,0
rep2,1.0537,720,0
rep2,1.0538,721,0
rep2,1.0538,722,0
rep2,1.0539,723,0
rep2,1.054,724,0
rep2,1.054,725,0
rep2,1.054,726,0
rep2,1.0541,727,0
rep2,1.0541,728,0
rep2,1.0541,729,0
rep2,1.0541,730,0
rep2,1.0541,731,0
rep2,1.0542,732,0
rep2,1.0542,733,0
rep2,1.0542,734,0
rep2,1.0543,735,0
rep2,1.0543,736,0
rep2,1.0543,737,0
rep2,1.0544,738,0
rep2,1.0544,739,0
rep2,1.0544,740,0
rep2,1.0544,741,0
rep2,1.0544,742,0
rep2,1.0545,743,0
rep2,1.0545,744,0
rep2,1.0546,745,0
rep2,1.0546,746,0
rep2,1.0547,747,0
rep2,1.0547,748,0
rep2,1.0547,749,0
rep2,1.0547,750,0
rep2,1.0547,751,0
rep2,1.0548,752,0
rep2,1.0549,753,0
rep2,1.0549,754,0
rep2,1.0549,755,0
rep2,1.0549,756,0
rep2,1.055,757,0
rep2,1.055,758,0
rep2,1.055,759,0
rep2,1.0551,760,0
rep2,1.0552,761,0
rep2,1.0552,762,0
rep2,1.0553,763,0
rep2,1.0554,764,0
rep2,1.0554,765,0
rep2,1.0554,766,0
rep2,1.0554,767,0
rep2,1.0555,768,0
rep2,1.0555,769,0
rep2,1.0556,770,0
rep2,1.0556,771,0
rep2,1.0556,772,0
rep2,1.0556,773,0
rep2,1.0557,774,0
rep2,1.0557,775,0
rep2,1.0557,776,0
rep2,1.0557,777,0
rep2,1.0558,778,0
rep2,1.0558,779,0
rep2,1.0559,780,0
rep2,1.0559,781,0
rep2,1.056,782,0
rep2,1.056,783,0
rep2,1.056,784,0
rep2,1.0561,785,0
rep2,1.0562,786,0
rep2,1.0562,787,0
rep2,1.0563,788,0
rep2,1.0564,789,0
rep2,1.0564,790,0
rep2,1.0565,791,0
rep2,1.0565,792,0
rep2,1.0565,793,0
rep2,1.0566,794,0
rep2,1.0566,795,0
rep2,1.0567,796,0
rep2,1.0567,797,0
rep2,1.0567,798,0
rep2,1.0567,799,0
rep2,1.0568,800,0
rep2,1.0568,801,0
rep2,1.0568,802,0
rep2,1.0569,803,0
rep2,1.0569,804,0
rep2,1.0569,805,0
rep2,1.057,806,0
rep2,1.057,807,0
rep2,1.057,808,0
rep2,1.057,809,0
rep2,1.057,810,0
rep2,1.0571,811,0
rep2,1.0571,812,0
rep2,1.0572,813,0
rep2,1.0572,814,0
rep2,1.0572,815,0
rep2,1.0572,816,0
rep2,1.0573,817,0
rep2,1.0573,818,0
rep2,1.0574,819,0
rep2,1.0574,820,0
rep2,1.0574,821,0
rep2,1.0575,822,0
rep2,1.0575,823,0
rep2,1.0575,824,0
rep2,1.0576,825,0
rep2,1.0577,826,0
rep2,1.0577,827,0
rep2,1.0577,828,0
rep2,1.0578,829,0
rep2,1.0578,830,0
rep2,1.0578,831,0
rep2,1.0579,832,0
rep2,1.0579,833,0
rep2,1.0581,834,0
rep2,1.0582,835,0
rep2,1.0582,836,0
rep2,1.0583,837,0
rep2,1.0583,838,0
rep2,1.0584,839,0
rep2,1.0584,840,0
rep2,1.0584,841,0
rep2,1.0584,842,0
rep2,1.0585,843,0
rep2,1.0585,844,0
rep2,1.0585,845,0
rep2,1.0586,846,0
rep2,1.0587,847,0
rep2,1.0587,848,0
rep2,1.0587,849,0
rep2,1.0587,850,0
rep2,1.0588,851,0
rep2,1.0589,852,0
rep2,1.0589,853,0
rep2,1.0589,854,0
rep2,1.0589,855,0
rep2,1.059,856,0
rep2,1.059,857,0
rep2,1.059,858,0
rep2,1.0591,859,0
rep2,1.0591,860,0
rep2,1.0593,861,0
rep2,1.0593,862,0
rep2,1.0594,863,0
rep2,1.0595,864,0
rep2,1.0596,865,0
rep2,1.0596,866,0
rep2,1.0597,867,0
rep2,1.0597,868,0
rep2,1.0597,869,0
rep2,1.0599,870,0
rep2,1.0599,871,0
rep2,1.06,872,0
rep2,1.06,873,0
rep2,1.06,874,0
rep2,1.0601,875,0
rep2,1.0602,876,0
rep2,1.0602,877,0
rep2,1.0603,878,0
rep2,1.0603,879,0
rep2,1.0604,880,0
rep2,1.0605,881,0
rep2,1.0605,882,0
rep2,1.0606,883,0
rep2,1.0606,884,0
rep2,1.0606,885,0
rep2,1.0606,886,0
rep2,1.0607,887,0
rep2,1.0607,888,0
rep2,1.0608,889,0
rep2,1.0608,890,0
rep2,1.0608,891,0
rep2,1.0609,892,0
rep2,1.0611,893,0
rep2,1.0611,894,0
rep2,1.0611,895,0
rep2,1.0612,896,0
rep2,1.0613,897,0
rep2,1.0613,898,0
rep2,1.0614,899,0
rep2,1.0614,900,0
rep2,1.0615,901,0
rep2,1.0615,902,0
rep2,1.0616,903,0
rep2,1.0616,904,0
rep2,1.0617,905,0
rep2,1.0618,906,0
rep2,1.0619,907,0
rep2,1.062,908,0
rep2,1.0621,909,0
rep2,1.0622,910,0
rep2,1.0623,911,0
rep2,1.0623,912,0
rep2,1.0624,913,0
rep2,1.0624,914,0
rep2,1.0627,915,0
rep2,1.0627,916,0
rep2,1.0627,917,0
rep2,1.0628,918,0
rep2,1.0628,919,0
rep2,1.0628,920,0
rep2,1.0629,921,0
rep2,1.063,922,0
rep2,1.0632,923,0
rep2,1.0632,924,0
rep2,1.0633,925,0
rep2,1.0633,926,0
rep2,1.0633,927,0
rep2,1.0633,928,0
rep2,1.0634,929,0
rep2,1.0636,930,0
rep2,1.0636,931,0
rep2,1.0637,932,0
rep2,1.0639,933,0
rep2,1.0641,934,0
rep2,1.0641,935,0
rep2,1.0642,936,0
rep2,1.0642,937,0
rep2,1.0642,938,0
rep2,1.0642,939,0
rep2,1.0642,940,0
rep2,1.0643,941,0
rep2,1.0643,942,0
rep2,1.0643,943,0
rep2,1.0643,944,0
rep2,1.0644,945,0
rep2,1.0645,946,0
rep2,1.0645,947,0
rep2,1.0646,948,0
rep2,1.0647,949,0
rep2,1.0647,950,0
rep2,1.0647,951,0
rep2,1.0647,952,0
rep2,1.0648,953,0
rep2,1.065,954,0
rep2,1.065,955,0
rep2,1.065,956,0
rep2,1.0651,957,0
rep2,1.0652,958,0
rep2,1.0652,959,0
rep2,1.0653,960,0
rep2,1.0654,961,0
rep2,1.0655,962,0
rep2,1.0656,963,0
rep2,1.0656,964,0
rep2,1.0657,965,0
rep2,1.0659,966,0
rep2,1.0659,967,0
rep2,1.066,968,0
rep2,1.066,969,0
rep2,1.0661,970,0
rep2,1.0661,971,0
rep2,1.0662,972,0
rep2,1.0662,973,0
rep2,1.0662,974,0
rep2,1.0662,975,0
rep2,1.0663,976,0
rep2,1.0663,977,0
rep2,1.0664,978,0
rep2,1.0664,979,0
rep2,1.0666,980,0
rep2,1.0666,981,0
rep2,1.0667,982,0
rep2,1.0667,983,0
rep2,1.0667,984,0
rep2,1.0668,985,0
rep2,1.0669,986,0
rep2,1.067,987,0
rep2,1.0671,988,0
rep2,1.0671,989,0
rep2,1.0671,990,0
rep2,1.0672,991,0
rep2,1.0672,992,0
rep2,1.0672,993,0
rep2,1.0672,994,0
rep2,1.0673,995,0
rep2,1.0674,996,0
rep2,1.0674,997,0
rep2,1.0674,998,0
rep2,1.0675,999,0
rep2,1.0676,1000,0
rep2,1.0677,1001,0
rep2,1.0678,1002,0
rep2,1.0679,1003,0
rep2,1.0679,1004,0
rep2,1.0679,1005,0
rep2,1.0679,1006,0
rep2,1.0681,1007,0
rep2,1.0681,1008,0
rep2,1.0683,1009,0
rep2,1.0683,1010,0
rep2,1.0684,1011,0
rep2,1.0685,1012,0
rep2,1.0685,1013,0
rep2,1.0687,1014,0
rep2,1.0688,1015,0
rep2,1.0689,1016,0
rep2,1.0689,1017,0
rep2,1.0691,1018,0
rep2,1.0691,1019,0
rep2,1.0693,1020,0
rep2,1.0693,1021,0
rep2,1.0693,1022,0
rep2,1.0693,1023,0
rep2,1.0693,1024,0
rep2,1.0694,1025,0
rep2,1.0696,1026,0
rep2,1.0696,1027,0
rep2,1.0696,1028,0
rep2,1.0696,1029,0
rep2,1.0697,1030,0
rep2,1.0698,1031,0
rep2,1.0699,1032,0
rep2,1.0701,1033,0
rep2,1.0702,1034,0
rep2,1.0703,1035,0
rep2,1.0704,1036,0
rep2,1.0704,1037,0
rep2,1.0707,1038,0
rep2,1.0708,1039,0
rep2,1.0708,1040,0
rep2,1.0708,1041,0
rep2,1.0709,1042,0
rep2,1.0709,1043,0
rep2,1.071,1044,0
rep2,1.071,1045,0
rep2,1.071,1046,0
rep2,1.071,1047,0
rep2,1.0712,1048,0
rep2,1.0713,1049,0
rep2,1.0713,1050,0
rep2,1.0716,1051,0
rep2,1.0716,1052,0
rep2,1.0716,1053,0
rep2,1.0716,1054,0
rep2,1.0719,1055,0
rep2,1.0719,1056,0
rep2,1.072,1057,0
rep2,1.0721,1058,0
rep2,1.0721,1059,0
rep2,1.0721,1060,0
rep2,1.0722,1061,0
rep2,1.0723,1062,0
rep2,1.0724,1063,0
rep2,1.0724,1064,0
rep2,1.0725,1065,0
rep2,1.0728,1066,0
rep2,1.0728,1067,0
rep2,1.0728,1068,0
rep2,1.0729,1069,0
rep2,1.073,1070,0
rep2,1.073,1071,0
rep2,1.0732,1072,0
rep2,1.0735,1073,0
rep2,1.0735,1074,0
rep2,1.0736,1075,0
rep2,1.0736,1076,0
rep2,1.0737,1077,0
rep2,1.0738,1078,0
rep2,1.0739,1079,0
rep2,1.074,1080,0
rep2,1.0743,1081,0
rep2,1.0744,1082,0
rep2,1.0745,1083,0
rep2,1.0748,1084,0
rep2,1.0748,1085,0
rep2,1.0749,1086,0
rep2,1.075,1087,0
rep2,1.0751,1088,0
rep2,1.0752,1089,0
rep2,1.0753,1090,0
rep2,1.0754,1091,0
rep2,1.0754,1092,0
rep2,1.0757,1093,0
rep2,1.0757,1094,0
rep2,1.0757,1095,0
rep2,1.0758,1096,0
rep2,1.0759,1097,0
rep2,1.076,1098,0
rep2,1.076,1099,0
rep2,1.076,1100,0
rep2,1.0763,1101,0
rep2,1.0763,1102,0
rep2,1.0764,1103,0
rep2,1.0765,1104,0
rep2,1.0765,1105,0
rep2,1.0766,1106,0
rep2,1.0766,1107,0
rep2,1.0766,1108,0
rep2,1.0766,1109,0
rep2,1.0767,1110,0
rep2,1.0767,1111,0
rep2,1.0768,1112,0
rep2,1.0769,1113,0
rep2,1.077,1114,0
rep2,1.077,1115,0
rep2,1.077,1116,0
rep2,1.077,1117,0
rep2,1.0771,1118,0
rep2,1.0771,1119,0
rep2,1.0771,1120,0
rep2,1.0772,1121,0
rep2,1.0772,1122,0
rep2,1.0772,1123,0
rep2,1.0773,1124,0
rep2,1.0773,1125,0
rep2,1.0773,1126,0
rep2,1.0773,1127,0
rep2,1.0774,1128,0
rep2,1.0774,1129,0
rep2,1.0774,1130,0
rep2,1.0774,1131,0
rep2,1.0775,1132,0
rep2,1.0775,1133,0
rep2,1.0775,1134,0
rep2,1.0775,1135,0
rep2,1.0776,1136,0
rep2,1.0776,1137,0
rep2,1.0776,1138,0
rep2,1.0776,1139,0
rep2,1.0777,1140,0
rep2,1.0777,1141,0
rep2,1.0777,1142,0
rep2,1.0778,1143,0
rep2,1.0778,1144,0
rep2,1.0778,1145,0
rep2,1.0779,1146,0
rep2,1.0779,1147,0
rep2,1.0781,1148,0
rep2,1.0781,1149,0
rep2,1.0782,1150,0
rep2,1.0782,1151,0
rep2,1.0783,1152,0
rep2,1.0783,1153,0
rep2,1.0783,1154,0
rep2,1.0784,1155,0
rep2,1.0784,1156,0
rep2,1.0784,1157,0
rep2,1.0784,1158,0
rep2,1.0786,1159,0
rep2,1.0786,1160,0
rep2,1.0787,1161,0
rep2,1.0787,1162,0
rep2,1.0787,1163,0
rep2,1.0788,1164,0
rep2,1.0788,1165,0
rep2,1.0788,1166,0
rep2,1.0789,1167,0
rep2,1.079,1168,0
rep2,1.079,1169,0
rep2,1.0791,1170,0
rep2,1.0791,1171,0
rep2,1.0791,1172,0
rep2,1.0791,1173,0
rep2,1.0792,1174,0
rep2,1.0793,1175,0
rep2,1.0793,1176,0
rep2,1.0793,1177,0
rep2,1.0793,1178,0
rep2,1.0794,1179,0
rep2,1.0794,1180,0
rep2,1.0794,1181,0
rep2,1.0795,1182,0
rep2,1.0795,1183,0
rep2,1.0795,1184,0
rep2,1.0796,1185,0
rep2,1.0797,1186,0
rep2,1.0797,1187,0
rep2,1.0797,1188,0
rep2,1.0798,1189,0
rep2,1.0798,1190,0
rep2,1.0798,1191,0
rep2,1.0798,1192,0
rep2,1.0799,1193,0
rep2,1.0799,1194,0
rep2,1.0799,1195,0
rep2,1.0799,1196,0
rep2,1.08,1197,0
rep2,1.08,1198,0
rep2,1.08,1199,0
rep2,1.0801,1200,0
rep2,1.0801,1201,0
rep2,1.0801,1202,0
rep2,1.0802,1203,0
rep2,1.0803,1204,0
rep2,1.0803,1205,0
rep2,1.0803,1206,0
rep2,1.0805,1207,0
rep2,1.0805,1208,0
rep2,1.0805,1209,0
rep2,1.0806,1210,0
rep2,1.0807,1211,0
rep2,1.0807,1212,0
rep2,1.0807,1213,0
rep2,1.0807,1214,0
rep2,1.0808,1215,0
rep2,1.0808,1216,0
rep2,1.0808,1217,0
rep2,1.0809,1218,0
rep2,1.0809,1219,0
rep2,1.0809,1220,0
rep2,1.081,1221,0
rep2,1.081,1222,0
rep2,1.0811,1223,0
rep2,1.0811,1224,0
rep2,1.0811,1225,0
rep2,1.0811,1226,0
rep2,1.0812,1227,0
rep2,1.0812,1228,0
rep2,1.0813,1229,0
rep2,1.0813,1230,0
rep2,1.0814,1231,0
rep2,1.0814,1232,0
rep2,1.0815,1233,0
rep2,1.0815,1234,0
rep2,1.0816,1235,0
rep2,1.0816,1236,0
rep2,1.0817,1237,0
rep2,1.0817,1238,0
rep2,1.0817,1239,0
rep2,1.0818,1240,0
rep2,1.0818,1241,0
rep2,1.0818,1242,0
rep2,1.0818,1243,0
rep2,1.0819,1244,0
rep2,1.0819,1245,0
rep2,1.0819,1246,0
rep2,1.082,1247,0
rep2,1.0821,1248,0
rep2,1.0821,1249,0
rep2,1.0821,1250,0
rep2,1.0821,1251,0
rep2,1.0822,1252,0
rep2,1.0823,1253,0
rep2,1.0823,1254,0
rep2,1.0824,1255,0
rep2,1.0824,1256,0
rep2,1.0825,1257,0
rep2,1.0825,1258,0
rep2,1.0825,1259,0
rep2,1.0825,1260,0
rep2,1.0825,1261,0
rep2,1.0826,1262,0
rep2,1.0826,1263,0
rep2,1.0826,1264,0
rep2,1.0827,1265,0
rep2,1.0827,1266,0
rep2,1.0827,1267,0
rep2,1.0828,1268,0
rep2,1.0829,1269,0
rep2,1.083,1270,0
rep2,1.083,1271,0
rep2,1.083,1272,0
rep2,1.0832,1273,0
rep2,1.0832,1274,0
rep2,1.0832,1275,0
rep2,1.0833,1276,0
rep2,1.0833,1277,0
rep2,1.0833,1278,0
rep2,1.0833,1279,0
rep2,1.0834,1280,0
rep2,1.0834,1281,0
rep2,1.0834,1282,0
rep2,1.0835,1283,0
rep2,1.0836,1284,0
rep2,1.0836,1285,0
rep2,1.0837,1286,0
rep2,1.0837,1287,0
rep2,1.0838,1288,0
rep2,1.0838,1289,0
rep2,1.0839,1290,0
rep2,1.0839,1291,0
rep2,1.0839,1292,0
rep2,1.084,1293,0
rep2,1.0841,1294,0
rep2,1.0841,1295,0
rep2,1.0841,1296,0
rep2,1.0841,1297,0
rep2,1.0843,1298,0
rep2,1.0843,1299,0
rep2,1.0844,1300,0
rep2,1.0844,1301,0
rep2,1.0845,1302,0
rep2,1.0845,1303,0
rep2,1.0846,1304,0
rep2,1.0846,1305,0
rep2,1.0846,1306,0
rep2,1.0846,1307,0
rep2,1.0847,1308,0
rep2,1.0847,1309,0
rep2,1.0848,1310,0
rep2,1.0848,1311,0
rep2,1.0849,1312,0
rep2,1.085,1313,0
rep2,1.0851,1314,0
rep2,1.0851,1315,0
rep2,1.0851,1316,0
rep2,1.0851,1317,0
rep2,1.0852,1318,0
rep2,1.0853,1319,0
rep2,1.0853,1320,0
rep2,1.0853,1321,0
rep2,1.0854,1322,0
rep2,1.0855,1323,0
rep2,1.0855,1324,0
rep2,1.0855,1325,0
rep2,1.0855,1326,0
rep2,1.0855,1327,0
rep2,1.0856,1328,0
rep2,1.0856,1329,0
rep2,1.0856,1330,0
rep2,1.0857,1331,0
rep2,1.0857,1332,0
rep2,1.0857,1333,0
rep2,1.0858,1334,0
rep2,1.0859,1335,0
rep2,1.086,1336,0
rep2,1.086,1337,0
rep2,1.086,1338,0
rep2,1.0861,1339,0
rep2,1.0861,1340,0
rep2,1.0861,1341,0
rep2,1.0862,1342,0
rep2,1.0862,1343,0
rep2,1.0862,1344,0
rep2,1.0862,1345,0
rep2,1.0863,1346,0
rep2,1.0864,1347,0
rep2,1.0864,1348,0
rep2,1.0864,1349,0
rep2,1.0865,1350,0
rep2,1.0866,1351,0
rep2,1.0867,1352,0
rep2,1.0867,1353,0
rep2,1.0868,1354,0
rep2,1.0868,1355,0
rep2,1.0869,1356,0
rep2,1.087,1357,0
rep2,1.087,1358,0
rep2,1.087,1359,0
rep2,1.0871,1360,0
rep2,1.0873,1361,0
rep2,1.0874,1362,0
rep2,1.0874,1363,0
rep2,1.0874,1364,0
rep2,1.0875,1365,0
rep2,1.0875,1366,0
rep2,1.0876,1367,0
rep2,1.0876,1368,0
rep2,1.0876,1369,0
rep2,1.0877,1370,0
rep2,1.0877,1371,0
rep2,1.0877,1372,0
rep2,1.0878,1373,0
rep2,1.0879,1374,0
rep2,1.0879,1375,0
rep2,1.0879,1376,0
rep2,1.088,1377,0
rep2,1.0881,1378,0
rep2,1.0881,1379,0
rep2,1.0881,1380,0
rep2,1.0881,1381,0
rep2,1.0882,1382,0
rep2,1.0883,1383,0
rep2,1.0883,1384,0
rep2,1.0884,1385,0
rep2,1.0885,1386,0
rep2,1.0886,1387,0
rep2,1.0887,1388,0
rep2,1.0888,1389,0
rep2,1.0889,1390,0
rep2,1.0889,1391,0
rep2,1.089,1392,0
rep2,1.089,1393,0
rep2,1.089,1394,0
rep2,1.0891,1395,0
rep2,1.0892,1396,0
rep2,1.0892,1397,0
rep2,1.0893,1398,0
rep2,1.0893,1399,0
rep2,1.0893,1400,0
rep2,1.0893,1401,0
rep2,1.0894,1402,0
rep2,1.0894,1403,0
rep2,1.0895,1404,0
rep2,1.0895,1405,0
rep2,1.0895,1406,0
rep2,1.0895,1407,0
rep2,1.0896,1408,0
rep2,1.0897,1409,0
rep2,1.0898,1410,0
rep2,1.09,1411,0
rep2,1.0901,1412,0
rep2,1.0901,1413,0
rep2,1.0901,1414,0
rep2,1.0902,1415,0
rep2,1.0902,1416,0
rep2,1.0903,1417,0
rep2,1.0903,1418,0
rep2,1.0904,1419,0
rep2,1.0904,1420,0
rep2,1.0905,1421,0
rep2,1.0905,1422,0
rep2,1.0905,1423,0
rep2,1.0906,1424,0
rep2,1.0906,1425,0
rep2,1.0906,1426,0
rep2,1.0908,1427,0
rep2,1.0909,1428,0
rep2,1.091,1429,0
rep2,1.0912,1430,0
rep2,1.0913,1431,0
rep2,1.0914,1432,0
rep2,1.0914,1433,0
rep2,1.0915,1434,0
rep2,1.0916,1435,0
rep2,1.0917,1436,0
rep2,1.0917,1437,0
rep2,1.0917,1438,0
rep2,1.0917,1439,0
rep2,1.0917,1440,0
rep2,1.0918,1441,0
rep2,1.0919,1442,0
rep2,1.092,1443,0
rep2,1.092,1444,0
rep2,1.092,1445,0
rep2,1.092,1446,0
rep2,1.092,1447,0
rep2,1.0922,1448,0
rep2,1.0922,1449,0
rep2,1.0923,1450,0
rep2,1.0924,1451,0
rep2,1.0925,1452,0
rep2,1.0926,1453,0
rep2,1.0926,1454,0
rep2,1.0927,1455,0
rep2,1.0928,1456,0
rep2,1.0928,1457,0
rep2,1.093,1458,0
rep2,1.0931,1459,0
rep2,1.0932,1460,0
rep2,1.0932,1461,0
rep2,1.0934,1462,0
rep2,1.0934,1463,0
rep2,1.0934,1464,0
rep2,1.0936,1465,0
rep2,1.0936,1466,0
rep2,1.0937,1467,0
rep2,1.0938,1468,0
rep2,1.0938,1469,0
rep2,1.0938,1470,0
rep2,1.0938,1471,0
rep2,1.0939,1472,0
rep2,1.0939,1473,0
rep2,1.0941,1474,0
rep2,1.0942,1475,0
rep2,1.0943,1476,0
rep2,1.0944,1477,0
rep2,1.0944,1478,0
rep2,1.0946,1479,0
rep2,1.0947,1480,0
rep2,1.0947,1481,0
rep2,1.0948,1482,0
rep2,1.0948,1483,0
rep2,1.0949,1484,0
rep2,1.0949,1485,0
rep2,1.0949,1486,0
rep2,1.0951,1487,0
rep2,1.0952,1488,0
rep2,1.0952,1489,0
rep2,1.0953,1490,0
rep2,1.0953,1491,0
rep2,1.0954,1492,0
rep2,1.0955,1493,0
rep2,1.0957,1494,0
rep2,1.0958,1495,0
rep2,1.0958,1496,0
rep2,1.0959,1497,0
rep2,1.096,1498,0
rep2,1.096,1499,0
rep2,1.0961,1500,0
rep2,1.0961,1501,0
rep2,1.0961,1502,0
rep2,1.0961,1503,0
rep2,1.0962,1504,0
rep2,1.0962,1505,0
rep2,1.0964,1506,0
rep2,1.0968,1507,0
rep2,1.0968,1508,0
rep2,1.0971,1509,0
rep2,1.0972,1510,0
rep2,1.0973,1511,0
rep2,1.0973,1512,0
rep2,1.0975,1513,0
rep2,1.0978,1514,0
rep2,1.0981,1515,0
rep2,1.0982,1516,0
rep2,1.0983,1517,0
rep2,1.0983,1518,0
rep2,1.0983,1519,0
rep2,1.0983,1520,0
rep2,1.0985,1521,0
rep2,1.0986,1522,0
rep2,1.0987,1523,0
rep2,1.0988,1524,0
rep2,1.099,1525,0
rep2,1.099,1526,0
rep2,1.0993,1527,0
rep2,1.0993,1528,0
rep2,1.0993,1529,0
rep2,1.0994,1530,0
rep2,1.0994,1531,0
rep2,1.0994,1532,0
rep2,1.0995,1533,0
rep2,1.0996,1534,0
rep2,1.0996,1535,0
rep2,1.0996,1536,0
rep2,1.0997,1537,0
rep2,1.0998,1538,0
rep2,1.0999,1539,0
rep2,1.0999,1540,0
rep2,1.0999,1541,0
rep2,1.0999,1542,0
rep2,1.1,1543,0
rep2,1.1001,1544,0
rep2,1.1002,1545,0
rep2,1.1002,1546,0
rep2,1.1002,1547,0
rep2,1.1003,1548,0
rep2,1.1003,1549,0
rep2,1.1003,1550,0
rep2,1.1005,1551,0
rep2,1.1006,1552,0
rep2,1.1006,1553,0
rep2,1.1007,1554,0
rep2,1.1007,1555,0
rep2,1.1007,1556,0
rep2,1.1008,1557,0
rep2,1.101,1558,0
rep2,1.101,1559,0
rep2,1.101,1560,0
rep2,1.1013,1561,0
rep2,1.1013,1562,0
rep2,1.1013,1563,0
rep2,1.1013,1564,0
rep2,1.1014,1565,0
rep2,1.1015,1566,0
rep2,1.1015,1567,0
rep2,1.1016,1568,0
rep2,1.1016,1569,0
rep2,1.1017,1570,0
rep2,1.1019,1571,0
rep2,1.102,1572,0
rep2,1.102,1573,0
rep2,1.102,1574,0
rep2,1.1021,1575,0
rep2,1.1021,1576,0
rep2,1.1022,1577,0
rep2,1.1022,1578,0
rep2,1.1023,1579,0
rep2,1.1023,1580,0
rep2,1.1024,1581,0
rep2,1.1025,1582,0
rep2,1.1026,1583,0
rep2,1.1027,1584,0
rep2,1.1027,1585,0
rep2,1.1027,1586,0
rep2,1.1028,1587,0
rep2,1.103,1588,0
rep2,1.103,1589,0
rep2,1.1032,1590,0
rep2,1.1032,1591,0
rep2,1.1035,1592,0
rep2,1.1035,1593,0
rep2,1.1035,1594,0
rep2,1.1037,1595,0
rep2,1.1038,1596,0
rep2,1.1041,1597,0
rep2,1.1041,1598,0
rep2,1.1041,1599,0
rep2,1.1045,1600,0
rep2,1.1046,1601,0
rep2,1.1046,1602,0
rep2,1.1048,1603,0
rep2,1.1048,1604,0
rep2,1.1049,1605,0
rep2,1.1049,1606,0
rep2,1.1049,1607,0
rep2,1.105,1608,0
rep2,1.1051,1609,0
rep2,1.1051,1610,0
rep2,1.1052,1611,0
rep2,1.1054,1612,0
rep2,1.1055,1613,0
rep2,1.1056,1614,0
rep2,1.1056,1615,0
rep2,1.1056,1616,0
rep2,1.1059,1617,0
rep2,1.106,1618,0
rep2,1.1061,1619,0
rep2,1.1061,1620,0
rep2,1.1061,1621,0
rep2,1.1062,1622,0
rep2,1.1062,1623,0
rep2,1.1063,1624,0
rep2,1.1064,1625,0
rep2,1.1066,1626,0
rep2,1.1066,1627,0
rep2,1.1066,1628,0
rep2,1.1067,1629,0
rep2,1.1068,1630,0
rep2,1.1069,1631,0
rep2,1.1072,1632,0
rep2,1.1073,1633,0
rep2,1.1073,1634,0
rep2,1.1074,1635,0
rep2,1.1075,1636,0
rep2,1.1075,1637,0
rep2,1.1077,1638,0
rep2,1.1077,1639,0
rep2,1.1077,1640,0
rep2,1.1079,1641,0
rep2,1.108,1642,0
rep2,1.1081,1643,0
rep2,1.1082,1644,0
rep2,1.1083,1645,0
rep2,1.1084,1646,0
rep2,1.1085,1647,0
rep2,1.1085,1648,0
rep2,1.1086,1649,0
rep2,1.1086,1650,0
rep2,1.1087,1651,0
rep2,1.1087,1652,0
rep2,1.1088,1653,0
rep2,1.1089,1654,0
rep2,1.1089,1655,0
rep2,1.109,1656,0
rep2,1.109,1657,0
rep2,1.1091,1658,0
rep2,1.1091,1659,0
rep2,1.1092,1660,0
rep2,1.1092,1661,0
rep2,1.1092,1662,0
rep2,1.1093,1663,0
rep2,1.1094,1664,0
rep2,1.1094,1665,0
rep2,1.1094,1666,0
rep2,1.1095,1667,0
rep2,1.1096,1668,0
rep2,1.1098,1669,0
rep2,1.1099,1670,0
rep2,1.1099,1671,0
rep2,1.11,1672,0
rep2,1.1101,1673,0
rep2,1.1102,1674,0
rep2,1.1102,1675,0
rep2,1.1103,1676,0
rep2,1.1103,1677,0
rep2,1.1104,1678,0
rep2,1.1104,1679,0
rep2,1.1105,1680,0
rep2,1.1105,1681,0
rep2,1.1106,1682,0
rep2,1.1106,1683,0
rep2,1.1107,1684,0
rep2,1.1108,1685,0
rep2,1.1108,1686,0
rep2,1.1108,1687,0
rep2,1.1109,1688,0
rep2,1.1109,1689,0
rep2,1.1109,1690,0
rep2,1.111,1691,0
rep2,1.111,1692,0
rep2,1.1111,1693,0
rep2,1.1111,1694,0
rep2,1.1112,1695,0
rep2,1.1112,1696,0
rep2,1.1113,1697,0
rep2,1.1114,1698,0
rep2,1.1115,1699,0
rep2,1.1115,1700,0
rep2,1.1115,1701,0
rep2,1.1117,1702,0
rep2,1.1117,1703,0
rep2,1.1118,1704,0
rep2,1.1119,1705,0
rep2,1.1119,1706,0
rep2,1.1119,1707,0
rep2,1.1119,1708,0
rep2,1.112,1709,0
rep2,1.112,1710,0
rep2,1.112,1711,0
rep2,1.1121,1712,0
rep2,1.1121,1713,0
rep2,1.1122,1714,0
rep2,1.1123,1715,0
rep2,1.1123,1716,0
rep2,1.1124,1717,0
rep2,1.1124,1718,0
rep2,1.1124,1719,0
rep2,1.1125,1720,0
rep2,1.1125,1721,0
rep2,1.1125,1722,0
rep2,1.1126,1723,0
rep2,1.1127,1724,0
rep2,1.1127,1725,0
rep2,1.1127,1726,0
rep2,1.1128,1727,0
rep2,1.1129,1728,0
rep2,1.1129,1729,0
rep2,1.113,1730,0
rep2,1.113,1731,0
rep2,1.1131,1732,0
rep2,1.1132,1733,0
rep2,1.1132,1734,0
rep2,1.1133,1735,0
rep2,1.1133,1736,0
rep2,1.1134,1737,0
rep2,1.1134,1738,0
rep2,1.1134,1739,0
rep2,1.1135,1740,0
rep2,1.1136,1741,0
rep2,1.1136,1742,0
rep2,1.1136,1743,0
rep2,1.1138,1744,0
rep2,1.1139,1745,0
rep2,1.114,1746,0
rep2,1.1141,1747,0
rep2,1.1142,1748,0
rep2,1.1143,1749,0
rep2,1.1144,1750,0
rep2,1.1146,1751,0
rep2,1.1146,1752,0
rep2,1.1148,1753,0
rep2,1.1148,1754,0
rep2,1.1149,1755,0
rep2,1.1149,1756,0
rep2,1.115,1757,0
rep2,1.115,1758,0
rep2,1.1151,1759,0
rep2,1.1151,1760,0
rep2,1.1152,1761,0
rep2,1.1152,1762,0
rep2,1.1152,1763,0
rep2,1.1153,1764,0
rep2,1.1153,1765,0
rep2,1.1154,1766,0
rep2,1.1156,1767,0
rep2,1.1157,1768,0
rep2,1.1157,1769,0
rep2,1.1157,1770,0
rep2,1.1158,1771,0
rep2,1.1158,1772,0
rep2,1.1159,1773,0
rep2,1.116,1774,0
rep2,1.1161,1775,0
rep2,1.1161,1776,0
rep2,1.1161,1777,0
rep2,1.1162,1778,0
rep2,1.1162,1779,0
rep2,1.1163,1780,0
rep2,1.1163,1781,0
rep2,1.1163,1782,0
rep2,1.1164,1783,0
rep2,1.1165,1784,0
rep2,1.1166,1785,0
rep2,1.1166,1786,0
rep2,1.1167,1787,0
rep2,1.1168,1788,0
rep2,1.1168,1789,0
rep2,1.1168,1790,0
rep2,1.1168,1791,0
rep2,1.1169,1792,0
rep2,1.1171,1793,0
rep2,1.1171,1794,0
rep2,1.1172,1795,0
rep2,1.1173,1796,0
rep2,1.1173,1797,0
rep2,1.1174,1798,0
rep2,1.1174,1799,0
rep2,1.1174,1800,0
rep2,1.1175,1801,0
rep2,1.1176,1802,0
rep2,1.1176,1803,0
rep2,1.1176,1804,0
rep2,1.1177,1805,0
rep2,1.1177,1806,0
rep2,1.1177,1807,0
rep2,1.1178,1808,0
rep2,1.1178,1809,0
rep2,1.118,1810,0
rep2,1.1181,1811,0
rep2,1.1183,1812,0
rep2,1.1184,1813,0
rep2,1.1185,1814,0
rep2,1.1185,1815,0
rep2,1.1185,1816,0
rep2,1.1186,1817,0
rep2,1.1186,1818,0
rep2,1.1187,1819,0
rep2,1.1188,1820,0
rep2,1.1188,1821,0
rep2,1.1189,1822,0
rep2,1.1189,1823,0
rep2,1.1189,1824,0
rep2,1.119,1825,0
rep2,1.119,1826,0
rep2,1.119,1827,0
rep2,1.1191,1828,0
rep2,1.1191,1829,0
rep2,1.1191,1830,0
rep2,1.1192,1831,0
rep2,1.1193,1832,0
rep2,1.1193,1833,0
rep2,1.1195,1834,0
rep2,1.1196,1835,0
rep2,1.1196,1836,0
rep2,1.1196,1837,0
rep2,1.1197,1838,0
rep2,1.1197,1839,0
rep2,1.1197,1840,0
rep2,1.1197,1841,0
rep2,1.1198,1842,0
rep2,1.1198,1843,0
rep2,1.1199,1844,0
rep2,1.1199,1845,0
rep2,1.12,1846,0
rep2,1.12,1847,0
rep2,1.12,1848,0
rep2,1.1201,1849,0
rep2,1.1202,1850,0
rep2,1.1204,1851,0
rep2,1.1205,1852,0
rep2,1.1205,1853,0
rep2,1.1205,1854,0
rep2,1.1205,1855,0
rep2,1.1206,1856,0
rep2,1.1207,1857,0
rep2,1.1207,1858,0
rep2,1.1207,1859,0
rep2,1.1209,1860,0
rep2,1.121,1861,0
rep2,1.121,1862,0
rep2,1.1212,1863,0
rep2,1.1213,1864,0
rep2,1.1213,1865,0
rep2,1.1214,1866,0
rep2,1.1214,1867,0
rep2,1.1215,1868,0
rep2,1.1216,1869,0
rep2,1.1217,1870,0
rep2,1.1218,1871,0
rep2,1.1218,1872,0
rep2,1.1219,1873,0
rep2,1.122,1874,0
rep2,1.122,1875,0
rep2,1.122,1876,0
rep2,1.1221,1877,0
rep2,1.1222,1878,0
rep2,1.1222,1879,0
rep2,1.1222,1880,0
rep2,1.1223,1881,0
rep2,1.1223,1882,0
rep2,1.1223,1883,0
rep2,1.1223,1884,0
rep2,1.1224,1885,0
rep2,1.1225,1886,0
rep2,1.1225,1887,0
rep2,1.1225,1888,0
rep2,1.1226,1889,0
rep2,1.1226,1890,0
rep2,1.1226,1891,0
rep2,1.1227,1892,0
rep2,1.1228,1893,0
rep2,1.1229,1894,0
rep2,1.123,1895,0
rep2,1.123,1896,0
rep2,1.1231,1897,0
rep2,1.1233,1898,0
rep2,1.1235,1899,0
rep2,1.1235,1900,0
rep2,1.1235,1901,0
rep2,1.1237,1902,0
rep2,1.1237,1903,0
rep2,1.1238,1904,0
rep2,1.1238,1905,0
rep2,1.1239,1906,0
rep2,1.1239,1907,0
rep2,1.1241,1908,0
rep2,1.1241,1909,0
rep2,1.1242,1910,0
rep2,1.1243,1911,0
rep2,1.1244,1912,0
rep2,1.1244,1913,0
rep2,1.1244,1914,0
rep2,1.1246,1915,0
rep2,1.1247,1916,0
rep2,1.1247,1917,0
rep2,1.1248,1918,0
rep2,1.1248,1919,0
rep2,1.1249,1920,0
rep2,1.1249,1921,0
rep2,1.125,1922,0
rep2,1.125,1923,0
rep2,1.125,1924,0
rep2,1.125,1925,0
rep2,1.1251,1926,0
rep2,1.1251,1927,0
rep2,1.1252,1928,0
rep2,1.1254,1929,0
rep2,1.1255,1930,0
rep2,1.1255,1931,0
rep2,1.1256,1932,0
rep2,1.1258,1933,0
rep2,1.1258,1934,0
rep2,1.1259,1935,0
rep2,1.126,1936,0
rep2,1.126,1937,0
rep2,1.1261,1938,0
rep2,1.1262,1939,0
rep2,1.1263,1940,0
rep2,1.1264,1941,0
rep2,1.1265,1942,0
rep2,1.1266,1943,0
rep2,1.1267,1944,0
rep2,1.1268,1945,0
rep2,1.1269,1946,0
rep2,1.1269,1947,0
rep2,1.1269,1948,0
rep2,1.127,1949,0
rep2,1.127,1950,0
rep2,1.1271,1951,0
rep2,1.1272,1952,0
rep2,1.1273,1953,0
rep2,1.1274,1954,0
rep2,1.1275,1955,0
rep2,1.1276,1956,0
rep2,1.1278,1957,0
rep2,1.1279,1958,0
rep2,1.1279,1959,0
rep2,1.1281,1960,0
rep2,1.1282,1961,0
rep2,1.1284,1962,0
rep2,1.1284,1963,0
rep2,1.1284,1964,0
rep2,1.1284,1965,0
rep2,1.1285,1966,0
rep2,1.1286,1967,0
rep2,1.1287,1968,0
rep2,1.1287,1969,0
rep2,1.1288,1970,0
rep2,1.129,1971,0
rep2,1.1291,1972,0
rep2,1.1291,1973,0
rep2,1.1291,1974,0
rep2,1.1292,1975,0
rep2,1.1292,1976,0
rep2,1.1293,1977,0
rep2,1.1295,1978,0
rep2,1.1297,1979,0
rep2,1.1298,1980,0
rep2,1.1299,1981,0
rep2,1.1299,1982,0
rep2,1.1299,1983,0
rep2,1.13,1984,0
rep2,1.1301,1985,0
rep2,1.1302,1986,0
rep2,1.1302,1987,0
rep2,1.1303,1988,0
rep2,1.1303,1989,0
rep2,1.1303,1990,0
rep2,1.1304,1991,0
rep2,1.1305,1992,0
rep2,1.1305,1993,0
rep2,1.1307,1994,0
rep2,1.1308,1995,0
rep2,1.1308,1996,0
rep2,1.1308,1997,0
rep2,1.1309,1998,0
rep2,1.1309,1999,0
rep2,1.1309,2000,0
rep2,1.131,2001,0
rep2,1.131,2002,0
rep2,1.1311,2003,0
rep2,1.1311,2004,0
rep2,1.1312,2005,0
rep2,1.1313,2006,0
rep2,1.1313,2007,0
rep2,1.1314,2008,0
rep2,1.1315,2009,0
rep2,1.1315,2010,0
rep2,1.1317,2011,0
rep2,1.1317,2012,0
rep2,1.1318,2013,0
rep2,1.132,2014,0
rep2,1.132,2015,0
rep2,1.1322,2016,0
rep2,1.1322,2017,0
rep2,1.1323,2018,0
rep2,1.1323,2019,0
rep2,1.1324,2020,0
rep2,1.1325,2021,0
rep2,1.1325,2022,0
rep2,1.1326,2023,0
rep2,1.1326,2024,0
rep2,1.1327,2025,0
rep2,1.1327,2026,0
rep2,1.1328,2027,0
rep2,1.1328,2028,0
rep2,1.1329,2029,0
rep2,1.1329,2030,0
rep2,1.1329,2031,0
rep2,1.133,2032,0
rep2,1.1331,2033,0
rep2,1.1331,2034,0
rep2,1.1331,2035,0
rep2,1.1332,2036,0
rep2,1.1332,2037,0
rep2,1.1332,2038,0
rep2,1.1332,2039,0
rep2,1.1333,2040,0
rep2,1.1334,2041,0
rep2,1.1335,2042,0
rep2,1.1336,2043,0
rep2,1.1337,2044,0
rep2,1.1338,2045,0
rep2,1.1338,2046,0
rep2,1.1339,2047,0
rep2,1.1339,2048,0
rep2,1.134,2049,0
rep2,1.1341,2050,0
rep2,1.1345,2051,0
rep2,1.1346,2052,0
rep2,1.1346,2053,0
rep2,1.1346,2054,0
rep2,1.1347,2055,0
rep2,1.135,2056,0
rep2,1.1351,2057,0
rep2,1.1352,2058,0
rep2,1.1352,2059,0
rep2,1.1352,2060,0
rep2,1.1355,2061,0
rep2,1.1356,2062,0
rep2,1.1356,2063,0
rep2,1.1358,2064,0
rep2,1.1358,2065,0
rep2,1.1358,2066,0
rep2,1.1359,2067,0
rep2,1.1359,2068,0
rep2,1.136,2069,0
rep2,1.136,2070,0
rep2,1.1361,2071,0
rep2,1.1361,2072,0
rep2,1.1362,2073,0
rep2,1.1363,2074,0
rep2,1.1363,2075,0
rep2,1.1363,2076,0
rep2,1.1365,2077,0
rep2,1.1366,2078,0
rep2,1.1367,2079,0
rep2,1.1368,2080,0
rep2,1.1369,2081,0
rep2,1.1371,2082,0
rep2,1.1372,2083,0
rep2,1.1372,2084,0
rep2,1.1373,2085,0
rep2,1.1374,2086,0
rep2,1.1374,2087,0
rep2,1.1374,2088,0
rep2,1.1375,2089,0
rep2,1.1376,2090,0
rep2,1.1379,2091,0
rep2,1.1379,2092,0
rep2,1.138,2093,0
rep2,1.1381,2094,0
rep2,1.1381,2095,0
rep2,1.1382,2096,0
rep2,1.1382,2097,0
rep2,1.1384,2098,0
rep2,1.1384,2099,0
rep2,1.1385,2100,0
rep2,1.1385,2101,0
rep2,1.1386,2102,0
rep2,1.1389,2103,0
rep2,1.1389,2104,0
rep2,1.1389,2105,0
rep2,1.139,2106,0
rep2,1.1391,2107,0
rep2,1.1391,2108,0
rep2,1.1391,2109,0
rep2,1.1392,2110,0
rep2,1.1393,2111,0
rep2,1.1393,2112,0
rep2,1.1394,2113,0
rep2,1.1395,2114,0
rep2,1.1395,2115,0
rep2,1.1395,2116,0
rep2,1.1396,2117,0
rep2,1.1396,2118,0
rep2,1.1399,2119,0
rep2,1.1401,2120,0
rep2,1.1403,2121,0
rep2,1.1405,2122,0
rep2,1.1406,2123,0
rep2,1.1406,2124,0
rep2,1.1406,2125,0
rep2,1.1407,2126,0
rep2,1.1407,2127,0
rep2,1.1408,2128,0
rep2,1.141,2129,0
rep2,1.1411,2130,0
rep2,1.1412,2131,0
rep2,1.1415,2132,0
rep2,1.1416,2133,0
rep2,1.1416,2134,0
rep2,1.1417,2135,0
rep2,1.1417,2136,0
rep2,1.1418,2137,0
rep2,1.1419,2138,0
rep2,1.142,2139,0
rep2,1.142,2140,0
rep2,1.1421,2141,0
rep2,1.1421,2142,0
rep2,1.1422,2143,0
rep2,1.1422,2144,0
rep2,1.1422,2145,0
rep2,1.1422,2146,0
rep2,1.1422,2147,0
rep2,1.1423,2148,0
rep2,1.1424,2149,0
rep2,1.1427,2150,0
rep2,1.1427,2151,0
rep2,1.1427,2152,0
rep2,1.1428,2153,0
rep2,1.1428,2154,0
rep2,1.1429,2155,0
rep2,1.1429,2156,0
rep2,1.1432,2157,0
rep2,1.1433,2158,0
rep2,1.1434,2159,0
rep2,1.1434,2160,0
rep2,1.1435,2161,0
rep2,1.1435,2162,0
rep2,1.1436,2163,0
rep2,1.1436,2164,0
rep2,1.1436,2165,0
rep2,1.1437,2166,0
rep2,1.1438,2167,0
rep2,1.1439,2168,0
rep2,1.144,2169,0
rep2,1.144,2170,0
rep2,1.1441,2171,0
rep2,1.1441,2172,0
rep2,1.1441,2173,0
rep2,1.1442,2174,0
rep2,1.1442,2175,0
rep2,1.1443,2176,0
rep2,1.1443,2177,0
rep2,1.1444,2178,0
rep2,1.1445,2179,0
rep2,1.1445,2180,0
rep2,1.1446,2181,0
rep2,1.1446,2182,0
rep2,1.1446,2183,0
rep2,1.1447,2184,0
rep2,1.1449,2185,0
rep2,1.1449,2186,0
rep2,1.1451,2187,0
rep2,1.1452,2188,0
rep2,1.1452,2189,0
rep2,1.1453,2190,0
rep2,1.1453,2191,0
rep2,1.1454,2192,0
rep2,1.1456,2193,0
rep2,1.1456,2194,0
rep2,1.1457,2195,0
rep2,1.1458,2196,0
rep2,1.1458,2197,0
rep2,1.1458,2198,0
rep2,1.1458,2199,0
rep2,1.1459,2200,0
rep2,1.146,2201,0
rep2,1.1461,2202,0
rep2,1.1461,2203,0
rep2,1.1462,2204,0
rep2,1.1462,2205,0
rep2,1.1462,2206,0
rep2,1.1462,2207,0
rep2,1.1463,2208,0
rep2,1.1465,2209,0
rep2,1.1465,2210,0
rep2,1.1466,2211,0
rep2,1.1467,2212,0
rep2,1.1468,2213,0
rep2,1.1469,2214,0
rep2,1.1469,2215,0
rep2,1.1469,2216,0
rep2,1.1469,2217,0
rep2,1.147,2218,0
rep2,1.147,2219,0
rep2,1.1472,2220,0
rep2,1.1472,2221,0
rep2,1.1473,2222,0
rep2,1.1473,2223,0
rep2,1.1473,2224,0
rep2,1.1474,2225,0
rep2,1.1475,2226,0
rep2,1.1475,2227,0
rep2,1.1477,2228,0
rep2,1.1477,2229,0
rep2,1.1479,2230,0
rep2,1.1479,2231,0
rep2,1.148,2232,0
rep2,1.1481,2233,0
rep2,1.1481,2234,0
rep2,1.1482,2235,0
rep2,1.1482,2236,0
rep2,1.1482,2237,0
rep2,1.1483,2238,0
rep2,1.1483,2239,0
rep2,1.1485,2240,0
rep2,1.1486,2241,0
rep2,1.1486,2242,0
rep2,1.1487,2243,0
rep2,1.1487,2244,0
rep2,1.1488,2245,0
rep2,1.1488,2246,0
rep2,1.1488,2247,0
rep2,1.1488,2248,0
rep2,1.1489,2249,0
rep2,1.1489,2250,0
rep2,1.149,2251,0
rep2,1.1491,2252,0
rep2,1.1491,2253,0
rep2,1.1492,2254,0
rep2,1.1494,2255,0
rep2,1.1494,2256,0
rep2,1.1495,2257,0
rep2,1.1496,2258,0
rep2,1.1496,2259,0
rep2,1.1498,2260,0
rep2,1.1498,2261,0
rep2,1.1499,2262,0
rep2,1.1499,2263,0
rep2,1.15,2264,0
rep2,1.1501,2265,0
rep2,1.1503,2266,0
rep2,1.1504,2267,0
rep2,1.1506,2268,0
rep2,1.1506,2269,0
rep2,1.1507,2270,0
rep2,1.1508,2271,0
rep2,1.1509,2272,0
rep2,1.151,2273,0
rep2,1.151,2274,0
rep2,1.1511,2275,0
rep2,1.1512,2276,0
rep2,1.1513,2277,0
rep2,1.1513,2278,0
rep2,1.1513,2279,0
rep2,1.1513,2280,0
rep2,1.1514,2281,0
rep2,1.1514,2282,0
rep2,1.1514,2283,0
rep2,1.1515,2284,0
rep2,1.1515,2285,0
rep2,1.1515,2286,0
rep2,1.1516,2287,0
rep2,1.1517,2288,0
rep2,1.1517,2289,0
rep2,1.1518,2290,0
rep2,1.1518,2291,0
rep2,1.152,2292,0
rep2,1.152,2293,0
rep2,1.152,2294,0
rep2,1.152,2295,0
rep2,1.1521,2296,0
rep2,1.1521,2297,0
rep2,1.1521,2298,0
rep2,1.1524,2299,0
rep2,1.1525,2300,0
rep2,1.1526,2301,0
rep2,1.1527,2302,0
rep2,1.1528,2303,0
rep2,1.1529,2304,0
rep2,1.1529,2305,0
rep2,1.1531,2306,0
rep2,1.1532,2307,0
rep2,1.1532,2308,0
rep2,1.1533,2309,0
rep2,1.1533,2310,0
rep2,1.1534,2311,0
rep2,1.1535,2312,0
rep2,1.1536,2313,0
rep2,1.1537,2314,0
rep2,1.1538,2315,0
rep2,1.1539,2316,0
rep2,1.154,2317,0
rep2,1.1541,2318,0
rep2,1.1543,2319,0
rep2,1.1544,2320,0
rep2,1.1546,2321,0
rep2,1.1546,2322,0
rep2,1.1546,2323,0
rep2,1.1546,2324,0
rep2,1.1547,2325,0
rep2,1.1547,2326,0
rep2,1.1549,2327,0
rep2,1.1549,2328,0
rep2,1.155,2329,0
rep2,1.1551,2330,0
rep2,1.1552,2331,0
rep2,1.1553,2332,0
rep2,1.1553,2333,0
rep2,1.1554,2334,0
rep2,1.1555,2335,0
rep2,1.1556,2336,0
rep2,1.1556,2337,0
rep2,1.1557,2338,0
rep2,1.1557,2339,0
rep2,1.1559,2340,0
rep2,1.1559,2341,0
rep2,1.1561,2342,0
rep2,1.1562,2343,0
rep2,1.1562,2344,0
rep2,1.1562,2345,0
rep2,1.1563,2346,0
rep2,1.1563,2347,0
rep2,1.1564,2348,0
rep2,1.1565,2349,0
rep2,1.1565,2350,0
rep2,1.1566,2351,0
rep2,1.1566,2352,0
rep2,1.1567,2353,0
rep2,1.1569,2354,0
rep2,1.157,2355,0
rep2,1.1571,2356,0
rep2,1.1572,2357,0
rep2,1.1572,2358,0
rep2,1.1574,2359,0
rep2,1.1574,2360,0
rep2,1.1574,2361,0
rep2,1.1574,2362,0
rep2,1.1575,2363,0
rep2,1.1575,2364,0
rep2,1.1575,2365,0
rep2,1.1576,2366,0
rep2,1.1577,2367,0
rep2,1.1577,2368,0
rep2,1.1577,2369,0
rep2,1.1578,2370,0
rep2,1.1578,2371,0
rep2,1.1581,2372,0
rep2,1.1581,2373,0
rep2,1.1581,2374,0
rep2,1.1583,2375,0
rep2,1.1584,2376,0
rep2,1.1584,2377,0
rep2,1.1584,2378,0
rep2,1.1585,2379,0
rep2,1.1585,2380,0
rep2,1.1585,2381,0
rep2,1.1586,2382,0
rep2,1.1587,2383,0
rep2,1.1587,2384,0
rep2,1.1589,2385,0
rep2,1.1589,2386,0
rep2,1.159,2387,0
rep2,1.1591,2388,0
rep2,1.1591,2389,0
rep2,1.1591,2390,0
rep2,1.1594,2391,0
rep2,1.1595,2392,0
rep2,1.1596,2393,0
rep2,1.1597,2394,0
rep2,1.1597,2395,0
rep2,1.1598,2396,0
rep2,1.1598,2397,0
rep2,1.1598,2398,0
rep2,1.1599,2399,0
rep2,1.1599,2400,0
rep2,1.16,2401,0
rep2,1.16,2402,0
rep2,1.16,2403,0
rep2,1.1602,2404,0
rep2,1.1602,2405,0
rep2,1.1603,2406,0
rep2,1.1603,2407,0
rep2,1.1604,2408,0
rep2,1.1604,2409,0
rep2,1.1604,2410,0
rep2,1.1604,2411,0
rep2,1.1604,2412,0
rep2,1.1604,2413,0
rep2,1.1606,2414,0
rep2,1.1607,2415,0
rep2,1.1608,2416,0
rep2,1.1609,2417,0
rep2,1.161,2418,0
rep2,1.161,2419,0
rep2,1.161,2420,0
rep2,1.1611,2421,0
rep2,1.1611,2422,0
rep2,1.1612,2423,0
rep2,1.1612,2424,0
rep2,1.1612,2425,0
rep2,1.1613,2426,0
rep2,1.1613,2427,0
rep2,1.1613,2428,0
rep2,1.1614,2429,0
rep2,1.1614,2430,0
rep2,1.1615,2431,0
rep2,1.1615,2432,0
rep2,1.1618,2433,0
rep2,1.162,2434,0
rep2,1.1622,2435,0
rep2,1.1622,2436,0
rep2,1.1622,2437,0
rep2,1.1622,2438,0
rep2,1.1623,2439,0
rep2,1.1623,2440,0
rep2,1.1623,2441,0
rep2,1.1623,2442,0
rep2,1.1625,2443,0
rep2,1.1626,2444,0
rep2,1.1627,2445,0
rep2,1.1627,2446,0
rep2,1.1627,2447,0
rep2,1.1628,2448,0
rep2,1.1628,2449,0
rep2,1.1629,2450,0
rep2,1.1629,2451,0
rep2,1.1631,2452,0
rep2,1.1631,2453,0
rep2,1.1631,2454,0
rep2,1.1631,2455,0
rep2,1.1632,2456,0
rep2,1.1633,2457,0
rep2,1.1634,2458,0
rep2,1.1635,2459,0
rep2,1.1638,2460,0
rep2,1.1638,2461,0
rep2,1.164,2462,0
rep2,1.1641,2463,0
rep2,1.1641,2464,0
rep2,1.1641,2465,0
rep2,1.1643,2466,0
rep2,1.1643,2467,0
rep2,1.1644,2468,0
rep2,1.1645,2469,0
rep2,1.1646,2470,0
rep2,1.1646,2471,0
rep2,1.1648,2472,0
rep2,1.1649,2473,0
rep2,1.1649,2474,0
rep2,1.1649,2475,0
rep2,1.165,2476,0
rep2,1.1651,2477,0
rep2,1.1651,2478,0
rep2,1.1651,2479,0
rep2,1.1652,2480,0
rep2,1.1652,2481,0
rep2,1.1653,2482,0
rep2,1.1655,2483,0
rep2,1.1656,2484,0
rep2,1.1657,2485,0
rep2,1.1659,2486,0
rep2,1.166,2487,0
rep2,1.1661,2488,0
rep2,1.1661,2489,0
rep2,1.1662,2490,0
rep2,1.1663,2491,0
rep2,1.1664,2492,0
rep2,1.1664,2493,0
rep2,1.1665,2494,0
rep2,1.1665,2495,0
rep2,1.1665,2496,0
rep2,1.1665,2497,0
rep2,1.1666,2498,0
rep2,1.1668,2499,0
rep2,1.1669,2500,0
rep2,1.167,2501,0
rep2,1.167,2502,0
rep2,1.1671,2503,0
rep2,1.1671,2504,0
rep2,1.1672,2505,0
rep2,1.1673,2506,0
rep2,1.1674,2507,0
rep2,1.1675,2508,0
rep2,1.1675,2509,0
rep2,1.1675,2510,0
rep2,1.1675,2511,0
rep2,1.1676,2512,0
rep2,1.1677,2513,0
rep2,1.1679,2514,0
rep2,1.1679,2515,0
rep2,1.168,2516,0
rep2,1.168,2517,0
rep2,1.1681,2518,0
rep2,1.1681,2519,0
rep2,1.1682,2520,0
rep2,1.1683,2521,0
rep2,1.1684,2522,0
rep2,1.1684,2523,0
rep2,1.1686,2524,0
rep2,1.1687,2525,0
rep2,1.1687,2526,0
rep2,1.1688,2527,0
rep2,1.169,2528,0
rep2,1.169,2529,0
rep2,1.1692,2530,0
rep2,1.1692,2531,0
rep2,1.1693,2532,0
rep2,1.1693,2533,0
rep2,1.1693,2534,0
rep2,1.1694,2535,0
rep2,1.1694,2536,0
rep2,1.1695,2537,0
rep2,1.1697,2538,0
rep2,1.1697,2539,0
rep2,1.1698,2540,0
rep2,1.1699,2541,0
rep2,1.1699,2542,0
rep2,1.1699,2543,0
rep2,1.17,2544,0
rep2,1.17,2545,0
rep2,1.1702,2546,0
rep2,1.1702,2547,0
rep2,1.1703,2548,0
rep2,1.1704,2549,0
rep2,1.1704,2550,0
rep2,1.1704,2551,0
rep2,1.1705,2552,0
rep2,1.1707,2553,0
rep2,1.1708,2554,0
rep2,1.171,2555,0
rep2,1.1711,2556,0
rep2,1.1711,2557,0
rep2,1.1712,2558,0
rep2,1.1713,2559,0
rep2,1.1714,2560,0
rep2,1.1716,2561,0
rep2,1.1716,2562,0
rep2,1.1716,2563,0
rep2,1.1717,2564,0
rep2,1.1718,2565,0
rep2,1.172,2566,0
rep2,1.172,2567,0
rep2,1.172,2568,0
rep2,1.172,2569,0
rep2,1.1721,2570,0
rep2,1.1722,2571,0
rep2,1.1722,2572,0
rep2,1.1722,2573,0
rep2,1.1724,2574,0
rep2,1.1724,2575,0
rep2,1.1728,2576,0
rep2,1.1728,2577,0
rep2,1.1731,2578,0
rep2,1.1731,2579,0
rep2,1.1732,2580,0
rep2,1.1732,2581,0
rep2,1.1734,2582,0
rep2,1.1735,2583,0
rep2,1.1735,2584,0
rep2,1.1736,2585,0
rep2,1.1737,2586,0
rep2,1.1737,2587,0
rep2,1.1737,2588,0
rep2,1.174,2589,0
rep2,1.1742,2590,0
rep2,1.1742,2591,0
rep2,1.1744,2592,0
rep2,1.1744,2593,0
rep2,1.1744,2594,0
rep2,1.1745,2595,0
rep2,1.1746,2596,0
rep2,1.1747,2597,0
rep2,1.1748,2598,0
rep2,1.1748,2599,0
rep2,1.175,2600,0
rep2,1.175,2601,0
rep2,1.1751,2602,0
rep2,1.1751,2603,0
rep2,1.1751,2604,0
rep2,1.1751,2605,0
rep2,1.1752,2606,0
rep2,1.1752,2607,0
rep2,1.1754,2608,0
rep2,1.1754,2609,0
rep2,1.1754,2610,0
rep2,1.1755,2611,0
rep2,1.1756,2612,0
rep2,1.1759,2613,0
rep2,1.1759,2614,0
rep2,1.176,2615,0
rep2,1.176,2616,0
rep2,1.176,2617,0
rep2,1.1761,2618,0
rep2,1.1762,2619,0
rep2,1.1762,2620,0
rep2,1.1763,2621,0
rep2,1.1763,2622,0
rep2,1.1763,2623,0
rep2,1.1763,2624,0
rep2,1.1764,2625,0
rep2,1.1767,2626,0
rep2,1.1768,2627,0
rep2,1.1768,2628,0
rep2,1.1768,2629,0
rep2,1.1768,2630,0
rep2,1.1769,2631,0
rep2,1.1769,2632,0
rep2,1.177,2633,0
rep2,1.177,2634,0
rep2,1.1771,2635,0
rep2,1.1772,2636,0
rep2,1.1772,2637,0
rep2,1.1773,2638,0
rep2,1.1773,2639,0
rep2,1.1774,2640,0
rep2,1.1775,2641,0
rep2,1.1775,2642,0
rep2,1.1775,2643,0
rep2,1.1776,2644,0
rep2,1.1776,2645,0
rep2,1.1776,2646,0
rep2,1.1777,2647,0
rep2,1.1777,2648,0
rep2,1.1777,2649,0
rep2,1.1778,2650,0
rep2,1.178,2651,0
rep2,1.178,2652,0
rep2,1.178,2653,0
rep2,1.1781,2654,0
rep2,1.1783,2655,0
rep2,1.1783,2656,0
rep2,1.1784,2657,0
rep2,1.1785,2658,0
rep2,1.1785,2659,0
rep2,1.1786,2660,0
rep2,1.1787,2661,0
rep2,1.1787,2662,0
rep2,1.1788,2663,0
rep2,1.1788,2664,0
rep2,1.1788,2665,0
rep2,1.179,2666,0
rep2,1.1791,2667,0
rep2,1.1791,2668,0
rep2,1.1791,2669,0
rep2,1.1792,2670,0
rep2,1.1792,2671,0
rep2,1.1792,2672,0
rep2,1.1793,2673,0
rep2,1.1793,2674,0
rep2,1.1794,2675,0
rep2,1.1794,2676,0
rep2,1.1794,2677,0
rep2,1.1795,2678,0
rep2,1.1795,2679,0
rep2,1.1796,2680,0
rep2,1.1796,2681,0
rep2,1.1797,2682,0
rep2,1.1797,2683,0
rep2,1.1799,2684,0
rep2,1.1799,2685,0
rep2,1.18,2686,0
rep2,1.1801,2687,0
rep2,1.1801,2688,0
rep2,1.1801,2689,0
rep2,1.1802,2690,0
rep2,1.1802,2691,0
rep2,1.1803,2692,0
rep2,1.1803,2693,0
rep2,1.1805,2694,0
rep2,1.1806,2695,0
rep2,1.1806,2696,0
rep2,1.1807,2697,0
rep2,1.1807,2698,0
rep2,1.1808,2699,0
rep2,1.1808,2700,0
rep2,1.1809,2701,0
rep2,1.181,2702,0
rep2,1.1811,2703,0
rep2,1.1811,2704,0
rep2,1.1812,2705,0
rep2,1.1812,2706,0
rep2,1.1815,2707,0
rep2,1.1815,2708,0
rep2,1.1815,2709,0
rep2,1.1817,2710,0
rep2,1.1818,2711,0
rep2,1.1819,2712,0
rep2,1.182,2713,0
rep2,1.182,2714,0
rep2,1.1821,2715,0
rep2,1.1822,2716,0
rep2,1.1822,2717,0
rep2,1.1823,2718,0
rep2,1.1823,2719,0
rep2,1.1824,2720,0
rep2,1.1825,2721,0
rep2,1.1826,2722,0
rep2,1.1826,2723,0
rep2,1.1827,2724,0
rep2,1.1828,2725,0
rep2,1.1828,2726,0
rep2,1.1828,2727,0
rep2,1.1828,2728,0
rep2,1.1829,2729,0
rep2,1.1829,2730,0
rep2,1.183,2731,0
rep2,1.1831,2732,0
rep2,1.1831,2733,0
rep2,1.1832,2734,0
rep2,1.1832,2735,0
rep2,1.1832,2736,0
rep2,1.1833,2737,0
rep2,1.1833,2738,0
rep2,1.1834,2739,0
rep2,1.1834,2740,0
rep2,1.1836,2741,0
rep2,1.1836,2742,0
rep2,1.1837,2743,0
rep2,1.1837,2744,0
rep2,1.1838,2745,0
rep2,1.1839,2746,0
rep2,1.184,2747,0
rep2,1.184,2748,0
rep2,1.184,2749,0
rep2,1.184,2750,0
rep2,1.1841,2751,0
rep2,1.1844,2752,0
rep2,1.1844,2753,0
rep2,1.1844,2754,0
rep2,1.1845,2755,0
rep2,1.1845,2756,0
rep2,1.1847,2757,0
rep2,1.1847,2758,0
rep2,1.1847,2759,0
rep2,1.1848,2760,0
rep2,1.1848,2761,0
rep2,1.185,2762,0
rep2,1.185,2763,0
rep2,1.1851,2764,0
rep2,1.1852,2765,0
rep2,1.1852,2766,0
rep2,1.1855,2767,0
rep2,1.1855,2768,0
rep2,1.1855,2769,0
rep2,1.1856,2770,0
rep2,1.1858,2771,0
rep2,1.1858,2772,0
rep2,1.1858,2773,0
rep2,1.1859,2774,0
rep2,1.1859,2775,0
rep2,1.186,2776,0
rep2,1.186,2777,0
rep2,1.186,2778,0
rep2,1.186,2779,0
rep2,1.1863,2780,0
rep2,1.1863,2781,0
rep2,1.1863,2782,0
rep2,1.1864,2783,0
rep2,1.1866,2784,0
rep2,1.1866,2785,0
rep2,1.1866,2786,0
rep2,1.1868,2787,0
rep2,1.1868,2788,0
rep2,1.1868,2789,0
rep2,1.1868,2790,0
rep2,1.1869,2791,0
rep2,1.1869,2792,0
rep2,1.187,2793,0
rep2,1.187,2794,0
rep2,1.1871,2795,0
rep2,1.1872,2796,0
rep2,1.1872,2797,0
rep2,1.1872,2798,0
rep2,1.1873,2799,0
rep2,1.1874,2800,0
rep2,1.1875,2801,0
rep2,1.1876,2802,0
rep2,1.1876,2803,0
rep2,1.1876,2804,0
rep2,1.1878,2805,0
rep2,1.1878,2806,0
rep2,1.1879,2807,0
rep2,1.1879,2808,0
rep2,1.1881,2809,0
rep2,1.1881,2810,0
rep2,1.1882,2811,0
rep2,1.1883,2812,0
rep2,1.1883,2813,0
rep2,1.1884,2814,0
rep2,1.1884,2815,0
rep2,1.1884,2816,0
rep2,1.1886,2817,0
rep2,1.1887,2818,0
rep2,1.1887,2819,0
rep2,1.1888,2820,0
rep2,1.1889,2821,0
rep2,1.1889,2822,0
rep2,1.189,2823,0
rep2,1.1891,2824,0
rep2,1.1891,2825,0
rep2,1.1891,2826,0
rep2,1.1892,2827,0
rep2,1.1892,2828,0
rep2,1.1893,2829,0
rep2,1.1893,2830,0
rep2,1.1893,2831,0
rep2,1.1893,2832,0
rep2,1.1899,2833,0
rep2,1.1899,2834,0
rep2,1.1899,2835,0
rep2,1.19,2836,0
rep2,1.19,2837,0
rep2,1.1901,2838,0
rep2,1.1901,2839,0
rep2,1.1901,2840,0
rep2,1.1901,2841,0
rep2,1.1902,2842,0
rep2,1.1902,2843,0
rep2,1.1903,2844,0
rep2,1.1903,2845,0
rep2,1.1903,2846,0
rep2,1.1904,2847,0
rep2,1.1904,2848,0
rep2,1.1905,2849,0
rep2,1.1905,2850,0
rep2,1.1905,2851,0
rep2,1.1906,2852,0
rep2,1.1909,2853,0
rep2,1.1911,2854,0
rep2,1.1912,2855,0
rep2,1.1912,2856,0
rep2,1.1913,2857,0
rep2,1.1913,2858,0
rep2,1.1915,2859,0
rep2,1.1915,2860,0
rep2,1.1916,2861,0
rep2,1.1919,2862,0
rep2,1.1919,2863,0
rep2,1.192,2864,0
rep2,1.1921,2865,0
rep2,1.1923,2866,0
rep2,1.1923,2867,0
rep2,1.1923,2868,0
rep2,1.1924,2869,0
rep2,1.1924,2870,0
rep2,1.1925,2871,0
rep2,1.1925,2872,0
rep2,1.1929,2873,0
rep2,1.193,2874,0
rep2,1.193,2875,0
rep2,1.193,2876,0
rep2,1.193,2877,0
rep2,1.1931,2878,0
rep2,1.1932,2879,0
rep2,1.1933,2880,0
rep2,1.1934,2881,0
rep2,1.1934,2882,0
rep2,1.1936,2883,0
rep2,1.1937,2884,0
rep2,1.1937,2885,0
rep2,1.1938,2886,0
rep2,1.1938,2887,0
rep2,1.194,2888,0
rep2,1.194,2889,0
rep2,1.1941,2890,0
rep2,1.1941,2891,0
rep2,1.1943,2892,0
rep2,1.1944,2893,0
rep2,1.1945,2894,0
rep2,1.1945,2895,0
rep2,1.1945,2896,0
rep2,1.1946,2897,0
rep2,1.1946,2898,0
rep2,1.1947,2899,0
rep2,1.1948,2900,0
rep2,1.1949,2901,0
rep2,1.195,2902,0
rep2,1.1951,2903,0
rep2,1.1952,2904,0
rep2,1.1952,2905,0
rep2,1.1953,2906,0
rep2,1.1953,2907,0
rep2,1.1956,2908,0
rep2,1.1957,2909,0
rep2,1.1957,2910,0
rep2,1.1958,2911,0
rep2,1.1959,2912,0
rep2,1.1959,2913,0
rep2,1.1959,2914,0
rep2,1.196,2915,0
rep2,1.1961,2916,0
rep2,1.1962,2917,0
rep2,1.1962,2918,0
rep2,1.1963,2919,0
rep2,1.1963,2920,0
rep2,1.1964,2921,0
rep2,1.1964,2922,0
rep2,1.1965,2923,0
rep2,1.1965,2924,0
rep2,1.1965,2925,0
rep2,1.1965,2926,0
rep2,1.1966,2927,0
rep2,1.1966,2928,0
rep2,1.1966,2929,0
rep2,1.1967,2930,0
rep2,1.1968,2931,0
rep2,1.1968,2932,0
rep2,1.1968,2933,0
rep2,1.197,2934,0
rep2,1.197,2935,0
rep2,1.1971,2936,0
rep2,1.1971,2937,0
rep2,1.1973,2938,0
rep2,1.1973,2939,0
rep2,1.1973,2940,0
rep2,1.1974,2941,0
rep2,1.1974,2942,0
rep2,1.1974,2943,0
rep2,1.1976,2944,0
rep2,1.1978,2945,0
rep2,1.1979,2946,0
rep2,1.198,2947,0
rep2,1.198,2948,0
rep2,1.198,2949,0
rep2,1.1982,2950,0
rep2,1.1982,2951,0
rep2,1.1983,2952,0
rep2,1.1983,2953,0
rep2,1.1985,2954,0
rep2,1.1986,2955,0
rep2,1.1986,2956,0
rep2,1.1986,2957,0
rep2,1.1987,2958,0
rep2,1.1988,2959,0
rep2,1.1991,2960,0
rep2,1.1992,2961,0
rep2,1.1992,2962,0
rep2,1.1992,2963,0
rep2,1.1992,2964,0
rep2,1.1993,2965,0
rep2,1.1995,2966,0
rep2,1.1995,2967,0
rep2,1.1995,2968,0
rep2,1.1996,2969,0
rep2,1.1996,2970,0
rep2,1.1997,2971,0
rep2,1.1997,2972,0
rep2,1.1998,2973,0
rep2,1.1998,2974,0
rep2,1.2,2975,0
rep2,1.2003,2976,0
rep2,1.2004,2977,0
rep2,1.2005,2978,0
rep2,1.2005,2979,0
rep2,1.2005,2980,0
rep2,1.2005,2981,0
rep2,1.2007,2982,0
rep2,1.2007,2983,0
rep2,1.2009,2984,0
rep2,1.201,2985,0
rep2,1.201,2986,0
rep2,1.2011,2987,0
rep2,1.2011,2988,0
rep2,1.2012,2989,0
rep2,1.2012,2990,0
rep2,1.2012,2991,0
rep2,1.2013,2992,0
rep2,1.2014,2993,0
rep2,1.2014,2994,0
rep2,1.2016,2995,0
rep2,1.2017,2996,0
rep2,1.2017,2997,0
rep2,1.2018,2998,0
rep2,1.2019,2999,0
rep2,1.2019,3000,0
rep2,1.202,3001,0
rep2,1.2022,3002,0
rep2,1.2023,3003,0
rep2,1.2024,3004,0
rep2,1.2024,3005,0
rep2,1.2024,3006,0
rep2,1.2026,3007,0
rep2,1.2028,3008,0
rep2,1.2029,3009,0
rep2,1.2029,3010,0
rep2,1.2029,3011,0
rep2,1.203,3012,0
rep2,1.2031,3013,0
rep2,1.2032,3014,0
rep2,1.2033,3015,0
rep2,1.2034,3016,0
rep2,1.2034,3017,0
rep2,1.2034,3018,0
rep2,1.2035,3019,0
rep2,1.2035,3020,0
rep2,1.2035,3021,0
rep2,1.204,3022,0
rep2,1.2041,3023,0
rep2,1.2041,3024,0
rep2,1.2043,3025,0
rep2,1.2043,3026,0
rep2,1.2044,3027,0
rep2,1.2044,3028,0
rep2,1.2045,3029,0
rep2,1.2046,3030,0
rep2,1.2047,3031,0
rep2,1.2048,3032,0
rep2,1.2049,3033,0
rep2,1.205,3034,0
rep2,1.205,3035,0
rep2,1.205,3036,0
rep2,1.2051,3037,0
rep2,1.2052,3038,0
rep2,1.2053,3039,0
rep2,1.2054,3040,0
rep2,1.2054,3041,0
rep2,1.2057,3042,0
rep2,1.2057,3043,0
rep2,1.2057,3044,0
rep2,1.2057,3045,0
rep2,1.2059,3046,0
rep2,1.206,3047,0
rep2,1.206,3048,0
rep2,1.206,3049,0
rep2,1.2061,3050,0
rep2,1.2061,3051,0
rep2,1.2062,3052,0
rep2,1.2063,3053,0
rep2,1.2063,3054,0
rep2,1.2064,3055,0
rep2,1.2065,3056,0
rep2,1.2065,3057,0
rep2,1.2065,3058,0
rep2,1.2065,3059,0
rep2,1.2067,3060,0
rep2,1.2068,3061,0
rep2,1.207,3062,0
rep2,1.2071,3063,0
rep2,1.2073,3064,0
rep2,1.2074,3065,0
rep2,1.2075,3066,0
rep2,1.2075,3067,0
rep2,1.2076,3068,0
rep2,1.2078,3069,0
rep2,1.2078,3070,0
rep2,1.208,3071,0
rep2,1.2081,3072,0
rep2,1.2081,3073,0
rep2,1.2082,3074,0
rep2,1.2083,3075,0
rep2,1.2084,3076,0
rep2,1.2084,3077,0
rep2,1.2087,3078,0
rep2,1.2088,3079,0
rep2,1.209,3080,0
rep2,1.209,3081,0
rep2,1.2091,3082,0
rep2,1.2091,3083,0
rep2,1.2092,3084,0
rep2,1.2092,3085,0
rep2,1.2093,3086,0
rep2,1.2093,3087,0
rep2,1.2093,3088,0
rep2,1.2095,3089,0
rep2,1.2096,3090,0
rep2,1.2096,3091,0
rep2,1.2098,3092,0
rep2,1.2099,3093,0
rep2,1.21,3094,0
rep2,1.21,3095,0
rep2,1.21,3096,0
rep2,1.2104,3097,0
rep2,1.2104,3098,0
rep2,1.2105,3099,0
rep2,1.2105,3100,0
rep2,1.2105,3101,0
rep2,1.2107,3102,0
rep2,1.2109,3103,0
rep2,1.2109,3104,0
rep2,1.211,3105,0
rep2,1.2111,3106,0
rep2,1.2111,3107,0
rep2,1.2113,3108,0
rep2,1.2114,3109,0
rep2,1.2115,3110,0
rep2,1.2115,3111,0
rep2,1.2115,3112,0
rep2,1.2115,3113,0
rep2,1.2116,3114,0
rep2,1.2116,3115,0
rep2,1.2117,3116,0
rep2,1.2117,3117,0
rep2,1.2118,3118,0
rep2,1.212,3119,0
rep2,1.212,3120,0
rep2,1.2121,3121,0
rep2,1.2121,3122,0
rep2,1.2122,3123,0
rep2,1.2123,3124,0
rep2,1.2125,3125,0
rep2,1.2125,3126,0
rep2,1.2126,3127,0
rep2,1.2127,3128,0
rep2,1.2127,3129,0
rep2,1.2128,3130,0
rep2,1.2128,3131,0
rep2,1.2129,3132,0
rep2,1.2129,3133,0
rep2,1.213,3134,0
rep2,1.213,3135,0
rep2,1.2132,3136,0
rep2,1.2133,3137,0
rep2,1.2133,3138,0
rep2,1.2133,3139,0
rep2,1.2134,3140,0
rep2,1.2138,3141,0
rep2,1.2138,3142,0
rep2,1.2139,3143,0
rep2,1.2139,3144,0
rep2,1.2139,3145,0
rep2,1.214,3146,0
rep2,1.214,3147,0
rep2,1.2141,3148,0
rep2,1.2141,3149,0
rep2,1.2142,3150,0
rep2,1.2142,3151,0
rep2,1.2143,3152,0
rep2,1.2143,3153,0
rep2,1.2144,3154,0
rep2,1.2145,3155,0
rep2,1.2145,3156,0
rep2,1.2145,3157,0
rep2,1.2147,3158,0
rep2,1.2147,3159,0
rep2,1.2147,3160,0
rep2,1.2148,3161,0
rep2,1.2148,3162,0
rep2,1.2148,3163,0
rep2,1.2148,3164,0
rep2,1.2148,3165,0
rep2,1.2149,3166,0
rep2,1.2149,3167,0
rep2,1.2149,3168,0
rep2,1.215,3169,0
rep2,1.2151,3170,0
rep2,1.2151,3171,0
rep2,1.2151,3172,0
rep2,1.2152,3173,0
rep2,1.2154,3174,0
rep2,1.2154,3175,0
rep2,1.2154,3176,0
rep2,1.2155,3177,0
rep2,1.2156,3178,0
rep2,1.2157,3179,0
rep2,1.2157,3180,0
rep2,1.2157,3181,0
rep2,1.2157,3182,0
rep2,1.2158,3183,0
rep2,1.2158,3184,0
rep2,1.2159,3185,0
rep2,1.2159,3186,0
rep2,1.2161,3187,0
rep2,1.2162,3188,0
rep2,1.2162,3189,0
rep2,1.2162,3190,0
rep2,1.2163,3191,0
rep2,1.2163,3192,0
rep2,1.2163,3193,0
rep2,1.2164,3194,0
rep2,1.2166,3195,0
rep2,1.2166,3196,0
rep2,1.2168,3197,0
rep2,1.2169,3198,0
rep2,1.217,3199,0
rep2,1.217,3200,0
rep2,1.2171,3201,0
rep2,1.2171,3202,0
rep2,1.2172,3203,0
rep2,1.2172,3204,0
rep2,1.2175,3205,0
rep2,1.2175,3206,0
rep2,1.2176,3207,0
rep2,1.2176,3208,0
rep2,1.2176,3209,0
rep2,1.2177,3210,0
rep2,1.2179,3211,0
rep2,1.218,3212,0
rep2,1.218,3213,0
rep2,1.2182,3214,0
rep2,1.2182,3215,0
rep2,1.2182,3216,0
rep2,1.2182,3217,0
rep2,1.2183,3218,0
rep2,1.2185,3219,0
rep2,1.2187,3220,0
rep2,1.2188,3221,0
rep2,1.2189,3222,0
rep2,1.2192,3223,0
rep2,1.2192,3224,0
rep2,1.2194,3225,0
rep2,1.2194,3226,0
rep2,1.2195,3227,0
rep2,1.2195,3228,0
rep2,1.2196,3229,0
rep2,1.2197,3230,0
rep2,1.2197,3231,0
rep2,1.2198,3232,0
rep2,1.2198,3233,0
rep2,1.2199,3234,0
rep2,1.2201,3235,0
rep2,1.2201,3236,0
rep2,1.2202,3237,0
rep2,1.2203,3238,0
rep2,1.2203,3239,0
rep2,1.2204,3240,0
rep2,1.2204,3241,0
rep2,1.2205,3242,0
rep2,1.2206,3243,0
rep2,1.2208,3244,0
rep2,1.2209,3245,0
rep2,1.2211,3246,0
rep2,1.2213,3247,0
rep2,1.2215,3248,0
rep2,1.2215,3249,0
rep2,1.2215,3250,0
rep2,1.2216,3251,0
rep2,1.2216,3252,0
rep2,1.2217,3253,0
rep2,1.2217,3254,0
rep2,1.2218,3255,0
rep2,1.2219,3256,0
rep2,1.222,3257,0
rep2,1.2221,3258,0
rep2,1.2221,3259,0
rep2,1.2222,3260,0
rep2,1.2223,3261,0
rep2,1.2223,3262,0
rep2,1.2224,3263,0
rep2,1.2224,3264,0
rep2,1.2224,3265,0
rep2,1.2227,3266,0
rep2,1.2227,3267,0
rep2,1.2228,3268,0
rep2,1.2229,3269,0
rep2,1.2229,3270,0
rep2,1.223,3271,0
rep2,1.2232,3272,0
rep2,1.2233,3273,0
rep2,1.2234,3274,0
rep2,1.2235,3275,0
rep2,1.2235,3276,0
rep2,1.2236,3277,0
rep2,1.2236,3278,0
rep2,1.2239,3279,0
rep2,1.224,3280,0
rep2,1.2241,3281,0
rep2,1.2241,3282,0
rep2,1.2243,3283,0
rep2,1.2243,3284,0
rep2,1.2244,3285,0
rep2,1.2245,3286,0
rep2,1.2246,3287,0
rep2,1.2246,3288,0
rep2,1.2247,3289,0
rep2,1.225,3290,0
rep2,1.2252,3291,0
rep2,1.2253,3292,0
rep2,1.2255,3293,0
rep2,1.2255,3294,0
rep2,1.2256,3295,0
rep2,1.2257,3296,0
rep2,1.2258,3297,0
rep2,1.2259,3298,0
rep2,1.2259,3299,0
rep2,1.2259,3300,0
rep2,1.226,3301,0
rep2,1.226,3302,0
rep2,1.2261,3303,0
rep2,1.2261,3304,0
rep2,1.2261,3305,0
rep2,1.2265,3306,0
rep2,1.2265,3307,0
rep2,1.2266,3308,0
rep2,1.2267,3309,0
rep2,1.2267,3310,0
rep2,1.2268,3311,0
rep2,1.2268,3312,0
rep2,1.2269,3313,0
rep2,1.2269,3314,0
rep2,1.227,3315,0
rep2,1.2272,3316,0
rep2,1.2273,3317,0
rep2,1.2274,3318,0
rep2,1.2274,3319,0
rep2,1.2276,3320,0
rep2,1.2276,3321,0
rep2,1.2277,3322,0
rep2,1.2277,3323,0
rep2,1.2277,3324,0
rep2,1.2278,3325,0
rep2,1.2279,3326,0
rep2,1.228,3327,0
rep2,1.228,3328,0
rep2,1.228,3329,0
rep2,1.2281,3330,0
rep2,1.2281,3331,0
rep2,1.2282,3332,0
rep2,1.2283,3333,0
rep2,1.2284,3334,0
rep2,1.2287,3335,0
rep2,1.2287,3336,0
rep2,1.2289,3337,0
rep2,1.2291,3338,0
rep2,1.2291,3339,0
rep2,1.2291,3340,0
rep2,1.2293,3341,0
rep2,1.2293,3342,0
rep2,1.2295,3343,0
rep2,1.2296,3344,0
rep2,1.2297,3345,0
rep2,1.2298,3346,0
rep2,1.2298,3347,0
rep2,1.2299,3348,0
rep2,1.2299,3349,0
rep2,1.23,3350,0
rep2,1.2301,3351,0
rep2,1.2304,3352,0
rep2,1.2304,3353,0
rep2,1.2306,3354,0
rep2,1.2307,3355,0
rep2,1.2307,3356,0
rep2,1.2308,3357,0
rep2,1.2308,3358,0
rep2,1.2311,3359,0
rep2,1.2312,3360,0
rep2,1.2313,3361,0
rep2,1.2313,3362,0
rep2,1.2314,3363,0
rep2,1.2314,3364,0
rep2,1.2315,3365,0
rep2,1.2317,3366,0
rep2,1.2318,3367,0
rep2,1.2318,3368,0
rep2,1.2319,3369,0
rep2,1.2319,3370,0
rep2,1.232,3371,0
rep2,1.232,3372,0
rep2,1.232,3373,0
rep2,1.2322,3374,0
rep2,1.2322,3375,0
rep2,1.2322,3376,0
rep2,1.2323,3377,0
rep2,1.2323,3378,0
rep2,1.2324,3379,0
rep2,1.2325,3380,0
rep2,1.2325,3381,0
rep2,1.2326,3382,0
rep2,1.2327,3383,0
rep2,1.2327,3384,0
rep2,1.2328,3385,0
rep2,1.2331,3386,0
rep2,1.2332,3387,0
rep2,1.2333,3388,0
rep2,1.2333,3389,0
rep2,1.2333,3390,0
rep2,1.2333,3391,0
rep2,1.2337,3392,0
rep2,1.2338,3393,0
rep2,1.2339,3394,0
rep2,1.2342,3395,0
rep2,1.2343,3396,0
rep2,1.2344,3397,0
rep2,1.2344,3398,0
rep2,1.2344,3399,0
rep2,1.2344,3400,0
rep2,1.2345,3401,0
rep2,1.2346,3402,0
rep2,1.2347,3403,0
rep2,1.2348,3404,0
rep2,1.2349,3405,0
rep2,1.235,3406,0
rep2,1.2351,3407,0
rep2,1.2351,3408,0
rep2,1.2351,3409,0
rep2,1.2352,3410,0
rep2,1.2353,3411,0
rep2,1.2353,3412,0
rep2,1.2355,3413,0
rep2,1.2356,3414,0
rep2,1.2356,3415,0
rep2,1.2356,3416,0
rep2,1.2357,3417,0
rep2,1.2357,3418,0
rep2,1.2357,3419,0
rep2,1.2358,3420,0
rep2,1.2359,3421,0
rep2,1.2359,3422,0
rep2,1.236,3423,0
rep2,1.236,3424,0
rep2,1.2361,3425,0
rep2,1.2363,3426,0
rep2,1.2365,3427,0
rep2,1.2367,3428,0
rep2,1.2368,3429,0
rep2,1.2369,3430,0
rep2,1.237,3431,0
rep2,1.237,3432,0
rep2,1.237,3433,0
rep2,1.2372,3434,0
rep2,1.2372,3435,0
rep2,1.2373,3436,0
rep2,1.2375,3437,0
rep2,1.2375,3438,0
rep2,1.2376,3439,0
rep2,1.2376,3440,0
rep2,1.2377,3441,0
rep2,1.2377,3442,0
rep2,1.2377,3443,0
rep2,1.2379,3444,0
rep2,1.238,3445,0
rep2,1.2383,3446,0
rep2,1.2386,3447,0
rep2,1.2388,3448,0
rep2,1.2389,3449,0
rep2,1.2389,3450,0
rep2,1.239,3451,0
rep2,1.239,3452,0
rep2,1.2392,3453,0
rep2,1.2392,3454,0
rep2,1.2392,3455,0
rep2,1.2393,3456,0
rep2,1.2394,3457,0
rep2,1.2394,3458,0
rep2,1.2395,3459,0
rep2,1.2395,3460,0
rep2,1.2396,3461,0
rep2,1.2396,3462,0
rep2,1.2397,3463,0
rep2,1.2397,3464,0
rep2,1.2398,3465,0
rep2,1.2401,3466,0
rep2,1.2402,3467,0
rep2,1.2402,3468,0
rep2,1.2403,3469,0
rep2,1.2403,3470,0
rep2,1.2404,3471,0
rep2,1.2407,3472,0
rep2,1.2407,3473,0
rep2,1.2408,3474,0
rep2,1.241,3475,0
rep2,1.241,3476,0
rep2,1.2411,3477,0
rep2,1.2412,3478,0
rep2,1.2412,3479,0
rep2,1.2412,3480,0
rep2,1.2412,3481,0
rep2,1.2415,3482,0
rep2,1.2416,3483,0
rep2,1.2416,3484,0
rep2,1.2417,3485,0
rep2,1.2417,3486,0
rep2,1.2418,3487,0
rep2,1.2418,3488,0
rep2,1.242,3489,0
rep2,1.2421,3490,0
rep2,1.2422,3491,0
rep2,1.2422,3492,0
rep2,1.2425,3493,0
rep2,1.2425,3494,0
rep2,1.2426,3495,0
rep2,1.2427,3496,0
rep2,1.2428,3497,0
rep2,1.2429,3498,0
rep2,1.2429,3499,0
rep2,1.2429,3500,0
rep2,1.2429,3501,0
rep2,1.243,3502,0
rep2,1.2431,3503,0
rep2,1.2433,3504,0
rep2,1.2435,3505,0
rep2,1.2437,3506,0
rep2,1.2438,3507,0
rep2,1.2439,3508,0
rep2,1.2439,3509,0
rep2,1.244,3510,0
rep2,1.2441,3511,0
rep2,1.2441,3512,0
rep2,1.2442,3513,0
rep2,1.2442,3514,0
rep2,1.2442,3515,0
rep2,1.2443,3516,0
rep2,1.2443,3517,0
rep2,1.2443,3518,0
rep2,1.2443,3519,0
rep2,1.2446,3520,0
rep2,1.2446,3521,0
rep2,1.2447,3522,0
rep2,1.2448,3523,0
rep2,1.2451,3524,0
rep2,1.2454,3525,0
rep2,1.2455,3526,0
rep2,1.2455,3527,0
rep2,1.2455,3528,0
rep2,1.2455,3529,0
rep2,1.2456,3530,0
rep2,1.2457,3531,0
rep2,1.2457,3532,0
rep2,1.2459,3533,0
rep2,1.2461,3534,0
rep2,1.2461,3535,0
rep2,1.2461,3536,0
rep2,1.2463,3537,0
rep2,1.2464,3538,0
rep2,1.2464,3539,0
rep2,1.2465,3540,0
rep2,1.2465,3541,0
rep2,1.2466,3542,0
rep2,1.2468,3543,0
rep2,1.2468,3544,0
rep2,1.2468,3545,0
rep2,1.2469,3546,0
rep2,1.2471,3547,0
rep2,1.2473,3548,0
rep2,1.2474,3549,0
rep2,1.2474,3550,0
rep2,1.2475,3551,0
rep2,1.2478,3552,0
rep2,1.2478,3553,0
rep2,1.2478,3554,0
rep2,1.2478,3555,0
rep2,1.248,3556,0
rep2,1.2481,3557,0
rep2,1.2481,3558,0
rep2,1.2482,3559,0
rep2,1.2482,3560,0
rep2,1.2482,3561,0
rep2,1.2482,3562,0
rep2,1.2484,3563,0
rep2,1.2484,3564,0
rep2,1.2484,3565,0
rep2,1.2484,3566,0
rep2,1.2485,3567,0
rep2,1.2487,3568,0
rep2,1.2487,3569,0
rep2,1.2488,3570,0
rep2,1.2489,3571,0
rep2,1.2489,3572,0
rep2,1.2489,3573,0
rep2,1.2492,3574,0
rep2,1.2492,3575,0
rep2,1.2495,3576,0
rep2,1.2497,3577,0
rep2,1.2497,3578,0
rep2,1.25,3579,0
rep2,1.25,3580,0
rep2,1.25,3581,0
rep2,1.2502,3582,0
rep2,1.2502,3583,0
rep2,1.2502,3584,0
rep2,1.2503,3585,0
rep2,1.2504,3586,0
rep2,1.2507,3587,0
rep2,1.2507,3588,0
rep2,1.2508,3589,0
rep2,1.251,3590,0
rep2,1.251,3591,0
rep2,1.2511,3592,0
rep2,1.2511,3593,0
rep2,1.2513,3594,0
rep2,1.2514,3595,0
rep2,1.2515,3596,0
rep2,1.2515,3597,0
rep2,1.2516,3598,0
rep2,1.2517,3599,0
rep2,1.2517,3600,0
rep2,1.2518,3601,0
rep2,1.2519,3602,0
rep2,1.252,3603,0
rep2,1.2522,3604,0
rep2,1.2522,3605,0
rep2,1.2522,3606,0
rep2,1.2524,3607,0
rep2,1.2527,3608,0
rep2,1.2528,3609,0
rep2,1.2529,3610,0
rep2,1.2529,3611,0
rep2,1.2529,3612,0
rep2,1.253,3613,0
rep2,1.2531,3614,0
rep2,1.2533,3615,0
rep2,1.2533,3616,0
rep2,1.2534,3617,0
rep2,1.2536,3618,0
rep2,1.2538,3619,0
rep2,1.2538,3620,0
rep2,1.254,3621,0
rep2,1.2541,3622,0
rep2,1.2544,3623,0
rep2,1.2544,3624,0
rep2,1.2545,3625,0
rep2,1.2545,3626,0
rep2,1.2545,3627,0
rep2,1.255,3628,0
rep2,1.2551,3629,0
rep2,1.2551,3630,0
rep2,1.2553,3631,0
rep2,1.2556,3632,0
rep2,1.2556,3633,0
rep2,1.2557,3634,0
rep2,1.2558,3635,0
rep2,1.2558,3636,0
rep2,1.256,3637,0
rep2,1.2561,3638,0
rep2,1.2562,3639,0
rep2,1.2563,3640,0
rep2,1.2564,3641,0
rep2,1.2564,3642,0
rep2,1.2565,3643,0
rep2,1.2565,3644,0
rep2,1.2568,3645,0
rep2,1.2569,3646,0
rep2,1.2572,3647,0
rep2,1.2572,3648,0
rep2,1.2573,3649,0
rep2,1.2573,3650,0
rep2,1.2573,3651,0
rep2,1.2574,3652,0
rep2,1.2575,3653,0
rep2,1.2575,3654,0
rep2,1.2576,3655,0
rep2,1.2577,3656,0
rep2,1.258,3657,0
rep2,1.258,3658,0
rep2,1.2582,3659,0
rep2,1.2583,3660,0
rep2,1.2584,3661,0
rep2,1.2586,3662,0
rep2,1.2586,3663,0
rep2,1.2589,3664,0
rep2,1.259,3665,0
rep2,1.2591,3666,0
rep2,1.2591,3667,0
rep2,1.2592,3668,0
rep2,1.2592,3669,0
rep2,1.2594,3670,0
rep2,1.2594,3671,0
rep2,1.2594,3672,0
rep2,1.2596,3673,0
rep2,1.2597,3674,0
rep2,1.2597,3675,0
rep2,1.2598,3676,0
rep2,1.2598,3677,0
rep2,1.26,3678,0
rep2,1.26,3679,0
rep2,1.2602,3680,0
rep2,1.2603,3681,0
rep2,1.2603,3682,0
rep2,1.2604,3683,0
rep2,1.2604,3684,0
rep2,1.2605,3685,0
rep2,1.2606,3686,0
rep2,1.2606,3687,0
rep2,1.2607,3688,0
rep2,1.2608,3689,0
rep2,1.2611,3690,0
rep2,1.2611,3691,0
rep2,1.2611,3692,0
rep2,1.2612,3693,0
rep2,1.2612,3694,0
rep2,1.2613,3695,0
rep2,1.2613,3696,0
rep2,1.2615,3697,0
rep2,1.2615,3698,0
rep2,1.2615,3699,0
rep2,1.2616,3700,0
rep2,1.2621,3701,0
rep2,1.2621,3702,0
rep2,1.2622,3703,0
rep2,1.2624,3704,0
rep2,1.2627,3705,0
rep2,1.2628,3706,0
rep2,1.2629,3707,0
rep2,1.263,3708,0
rep2,1.263,3709,0
rep2,1.263,3710,0
rep2,1.2631,3711,0
rep2,1.2632,3712,0
rep2,1.2633,3713,0
rep2,1.2634,3714,0
rep2,1.2637,3715,0
rep2,1.2637,3716,0
rep2,1.2638,3717,0
rep2,1.2639,3718,0
rep2,1.2641,3719,0
rep2,1.2642,3720,0
rep2,1.2644,3721,0
rep2,1.2644,3722,0
rep2,1.2645,3723,0
rep2,1.2646,3724,0
rep2,1.2648,3725,0
rep2,1.265,3726,0
rep2,1.2652,3727,0
rep2,1.2654,3728,0
rep2,1.2657,3729,0
rep2,1.2657,3730,0
rep2,1.2658,3731,0
rep2,1.2658,3732,0
rep2,1.2664,3733,0
rep2,1.2664,3734,0
rep2,1.2666,3735,0
rep2,1.2666,3736,0
rep2,1.2666,3737,0
rep2,1.2667,3738,0
rep2,1.2667,3739,0
rep2,1.2668,3740,0
rep2,1.2668,3741,0
rep2,1.2669,3742,0
rep2,1.267,3743,0
rep2,1.2673,3744,0
rep2,1.2673,3745,0
rep2,1.2676,3746,0
rep2,1.2677,3747,0
rep2,1.2678,3748,0
rep2,1.268,3749,0
rep2,1.2681,3750,0
rep2,1.2681,3751,0
rep2,1.2683,3752,0
rep2,1.2684,3753,0
rep2,1.2685,3754,0
rep2,1.2686,3755,0
rep2,1.2686,3756,0
rep2,1.2686,3757,0
rep2,1.2687,3758,0
rep2,1.2688,3759,0
rep2,1.2689,3760,0
rep2,1.2689,3761,0
rep2,1.2689,3762,0
rep2,1.269,3763,0
rep2,1.2691,3764,0
rep2,1.2691,3765,0
rep2,1.2691,3766,0
rep2,1.2693,3767,0
rep2,1.2697,3768,0
rep2,1.2698,3769,0
rep2,1.2699,3770,0
rep2,1.27,3771,0
rep2,1.2701,3772,0
rep2,1.2702,3773,0
rep2,1.2703,3774,0
rep2,1.2705,3775,0
rep2,1.2705,3776,0
rep2,1.2707,3777,0
rep2,1.2707,3778,0
rep2,1.271,3779,0
rep2,1.2713,3780,0
rep2,1.2713,3781,0
rep2,1.2714,3782,0
rep2,1.2714,3783,0
rep2,1.2715,3784,0
rep2,1.2717,3785,0
rep2,1.2718,3786,0
rep2,1.2718,3787,0
rep2,1.2719,3788,0
rep2,1.2719,3789,0
rep2,1.272,3790,0
rep2,1.272,3791,0
rep2,1.2721,3792,0
rep2,1.2721,3793,0
rep2,1.2723,3794,0
rep2,1.2723,3795,0
rep2,1.2724,3796,0
rep2,1.2724,3797,0
rep2,1.2726,3798,0
rep2,1.2728,3799,0
rep2,1.2729,3800,0
rep2,1.2729,3801,0
rep2,1.273,3802,0
rep2,1.2731,3803,0
rep2,1.2733,3804,0
rep2,1.2738,3805,0
rep2,1.274,3806,0
rep2,1.2742,3807,0
rep2,1.2743,3808,0
rep2,1.2743,3809,0
rep2,1.2745,3810,0
rep2,1.2747,3811,0
rep2,1.275,3812,0
rep2,1.275,3813,0
rep2,1.275,3814,0
rep2,1.2751,3815,0
rep2,1.2753,3816,0
rep2,1.2753,3817,0
rep2,1.2755,3818,0
rep2,1.2755,3819,0
rep2,1.2756,3820,0
rep2,1.2757,3821,0
rep2,1.2758,3822,0
rep2,1.2761,3823,0
rep2,1.2762,3824,0
rep2,1.2763,3825,0
rep2,1.2763,3826,0
rep2,1.2763,3827,0
rep2,1.2764,3828,0
rep2,1.2765,3829,0
rep2,1.2767,3830,0
rep2,1.2768,3831,0
rep2,1.2768,3832,0
rep2,1.2768,3833,0
rep2,1.2773,3834,0
rep2,1.2773,3835,0
rep2,1.2774,3836,0
rep2,1.2774,3837,0
rep2,1.2774,3838,0
rep2,1.2775,3839,0
rep2,1.2777,3840,0
rep2,1.2778,3841,0
rep2,1.2779,3842,0
rep2,1.2779,3843,0
rep2,1.2779,3844,0
rep2,1.278,3845,0
rep2,1.278,3846,0
rep2,1.2781,3847,0
rep2,1.2782,3848,0
rep2,1.2782,3849,0
rep2,1.2783,3850,0
rep2,1.2784,3851,0
rep2,1.2785,3852,0
rep2,1.2786,3853,0
rep2,1.2786,3854,0
rep2,1.2786,3855,0
rep2,1.2787,3856,0
rep2,1.2787,3857,0
rep2,1.2788,3858,0
rep2,1.2788,3859,0
rep2,1.2788,3860,0
rep2,1.2789,3861,0
rep2,1.279,3862,0
rep2,1.279,3863,0
rep2,1.2795,3864,0
rep2,1.2795,3865,0
rep2,1.2796,3866,0
rep2,1.2798,3867,0
rep2,1.2802,3868,0
rep2,1.2802,3869,0
rep2,1.2804,3870,0
rep2,1.2805,3871,0
rep2,1.2806,3872,0
rep2,1.2807,3873,0
rep2,1.2807,3874,0
rep2,1.2808,3875,0
rep2,1.2809,3876,0
rep2,1.281,3877,0
rep2,1.2811,3878,0
rep2,1.2811,3879,0
rep2,1.2811,3880,0
rep2,1.2815,3881,0
rep2,1.2815,3882,0
rep2,1.2815,3883,0
rep2,1.2817,3884,0
rep2,1.2819,3885,0
rep2,1.2819,3886,0
rep2,1.282,3887,0
rep2,1.2821,3888,0
rep2,1.2821,3889,0
rep2,1.2824,3890,0
rep2,1.2824,3891,0
rep2,1.2825,3892,0
rep2,1.2825,3893,0
rep2,1.2826,3894,0
rep2,1.2828,3895,0
rep2,1.283,3896,0
rep2,1.283,3897,0
rep2,1.2831,3898,0
rep2,1.2831,3899,0
rep2,1.2834,3900,0
rep2,1.2835,3901,0
rep2,1.2836,3902,0
rep2,1.2838,3903,0
rep2,1.2838,3904,0
rep2,1.284,3905,0
rep2,1.2841,3906,0
rep2,1.2842,3907,0
rep2,1.2843,3908,0
rep2,1.2844,3909,0
rep2,1.2844,3910,0
rep2,1.2844,3911,0
rep2,1.2845,3912,0
rep2,1.2847,3913,0
rep2,1.2848,3914,0
rep2,1.2851,3915,0
rep2,1.2852,3916,0
rep2,1.2852,3917,0
rep2,1.2852,3918,0
rep2,1.2853,3919,0
rep2,1.2853,3920,0
rep2,1.2855,3921,0
rep2,1.2855,3922,0
rep2,1.2855,3923,0
rep2,1.2856,3924,0
rep2,1.2857,3925,0
rep2,1.2858,3926,0
rep2,1.2863,3927,0
rep2,1.2863,3928,0
rep2,1.2864,3929,0
rep2,1.2867,3930,0
rep2,1.2867,3931,0
rep2,1.287,3932,0
rep2,1.2872,3933,0
rep2,1.2874,3934,0
rep2,1.2874,3935,0
rep2,1.2875,3936,0
rep2,1.2875,3937,0
rep2,1.2876,3938,0
rep2,1.2877,3939,0
rep2,1.2878,3940,0
rep2,1.2878,3941,0
rep2,1.2881,3942,0
rep2,1.2882,3943,0
rep2,1.2882,3944,0
rep2,1.2883,3945,0
rep2,1.2885,3946,0
rep2,1.2888,3947,0
rep2,1.2888,3948,0
rep2,1.2889,3949,0
rep2,1.289,3950,0
rep2,1.289,3951,0
rep2,1.2891,3952,0
rep2,1.2891,3953,0
rep2,1.2891,3954,0
rep2,1.2892,3955,0
rep2,1.2893,3956,0
rep2,1.2894,3957,0
rep2,1.2895,3958,0
rep2,1.2897,3959,0
rep2,1.2897,3960,0
rep2,1.2899,3961,0
rep2,1.29,3962,0
rep2,1.2901,3963,0
rep2,1.2901,3964,0
rep2,1.2903,3965,0
rep2,1.2907,3966,0
rep2,1.2907,3967,0
rep2,1.2907,3968,0
rep2,1.291,3969,0
rep2,1.2911,3970,0
rep2,1.2912,3971,0
rep2,1.2914,3972,0
rep2,1.2914,3973,0
rep2,1.2915,3974,0
rep2,1.2915,3975,0
rep2,1.2916,3976,0
rep2,1.2917,3977,0
rep2,1.2919,3978,0
rep2,1.2919,3979,0
rep2,1.2919,3980,0
rep2,1.2919,3981,0
rep2,1.2921,3982,0
rep2,1.2922,3983,0
rep2,1.2922,3984,0
rep2,1.2927,3985,0
rep2,1.2927,3986,0
rep2,1.2928,3987,0
rep2,1.293,3988,0
rep2,1.2935,3989,0
rep2,1.2936,3990,0
rep2,1.2937,3991,0
rep2,1.2938,3992,0
rep2,1.2941,3993,0
rep2,1.2942,3994,0
rep2,1.2943,3995,0
rep2,1.2943,3996,0
rep2,1.2945,3997,0
rep2,1.2945,3998,0
rep2,1.2946,3999,0
rep2,1.2947,4000,0
rep2,1.2948,4001,0
rep2,1.2948,4002,0
rep2,1.295,4003,0
rep2,1.295,4004,0
rep2,1.2951,4005,0
rep2,1.2951,4006,0
rep2,1.2954,4007,0
rep2,1.2956,4008,0
rep2,1.2957,4009,0
rep2,1.2958,4010,0
rep2,1.2961,4011,0
rep2,1.2961,4012,0
rep2,1.2962,4013,0
rep2,1.2962,4014,0
rep2,1.2964,4015,0
rep2,1.2964,4016,0
rep2,1.2966,4017,0
rep2,1.2967,4018,0
rep2,1.2967,4019,0
rep2,1.2968,4020,0
rep2,1.297,4021,0
rep2,1.297,4022,0
rep2,1.2971,4023,0
rep2,1.2971,4024,0
rep2,1.2972,4025,0
rep2,1.2976,4026,0
rep2,1.2976,4027,0
rep2,1.2979,4028,0
rep2,1.2979,4029,0
rep2,1.298,4030,0
rep2,1.298,4031,0
rep2,1.2981,4032,0
rep2,1.2982,4033,0
rep2,1.2984,4034,0
rep2,1.2985,4035,0
rep2,1.2985,4036,0
rep2,1.2985,4037,0
rep2,1.2986,4038,0
rep2,1.2987,4039,0
rep2,1.2987,4040,0
rep2,1.2988,4041,0
rep2,1.2989,4042,0
rep2,1.2989,4043,0
rep2,1.2989,4044,0
rep2,1.2994,4045,0
rep2,1.2995,4046,0
rep2,1.2998,4047,0
rep2,1.2999,4048,0
rep2,1.2999,4049,0
rep2,1.3005,4050,0
rep2,1.3005,4051,0
rep2,1.3007,4052,0
rep2,1.3007,4053,0
rep2,1.3009,4054,0
rep2,1.301,4055,0
rep2,1.301,4056,0
rep2,1.3011,4057,0
rep2,1.3012,4058,0
rep2,1.3013,4059,0
rep2,1.3014,4060,0
rep2,1.3014,4061,0
rep2,1.3016,4062,0
rep2,1.302,4063,0
rep2,1.302,4064,0
rep2,1.3021,4065,0
rep2,1.3022,4066,0
rep2,1.3022,4067,0
rep2,1.3023,4068,0
rep2,1.3024,4069,0
rep2,1.3024,4070,0
rep2,1.3024,4071,0
rep2,1.3025,4072,0
rep2,1.3026,4073,0
rep2,1.3027,4074,0
rep2,1.3027,4075,0
rep2,1.3029,4076,0
rep2,1.3029,4077,0
rep2,1.303,4078,0
rep2,1.3031,4079,0
rep2,1.3033,4080,0
rep2,1.3034,4081,0
rep2,1.3034,4082,0
rep2,1.3036,4083,0
rep2,1.3038,4084,0
rep2,1.3039,4085,0
rep2,1.304,4086,0
rep2,1.3041,4087,0
rep2,1.3042,4088,0
rep2,1.3043,4089,0
rep2,1.3044,4090,0
rep2,1.3045,4091,0
rep2,1.3046,4092,0
rep2,1.3048,4093,0
rep2,1.3049,4094,0
rep2,1.3049,4095,0
rep2,1.305,4096,0
rep2,1.305,4097,0
rep2,1.305,4098,0
rep2,1.3051,4099,0
rep2,1.3055,4100,0
rep2,1.3056,4101,0
rep2,1.306,4102,0
rep2,1.306,4103,0
rep2,1.306,4104,0
rep2,1.3061,4105,0
rep2,1.3062,4106,0
rep2,1.3063,4107,0
rep2,1.3064,4108,0
rep2,1.3065,4109,0
rep2,1.3069,4110,0
rep2,1.3072,4111,0
rep2,1.3072,4112,0
rep2,1.3077,4113,0
rep2,1.3078,4114,0
rep2,1.3079,4115,0
rep2,1.3079,4116,0
rep2,1.3081,4117,0
rep2,1.3081,4118,0
rep2,1.3083,4119,0
rep2,1.3083,4120,0
rep2,1.3083,4121,0
rep2,1.3084,4122,0
rep2,1.3084,4123,0
rep2,1.3084,4124,0
rep2,1.3085,4125,0
rep2,1.3086,4126,0
rep2,1.3088,4127,0
rep2,1.3088,4128,0
rep2,1.3089,4129,0
rep2,1.3089,4130,0
rep2,1.3091,4131,0
rep2,1.3093,4132,0
rep2,1.3094,4133,0
rep2,1.3095,4134,0
rep2,1.3095,4135,0
rep2,1.3097,4136,0
rep2,1.3097,4137,0
rep2,1.31,4138,0
rep2,1.31,4139,0
rep2,1.3105,4140,0
rep2,1.3106,4141,0
rep2,1.3108,4142,0
rep2,1.3109,4143,0
rep2,1.3113,4144,0
rep2,1.3117,4145,0
rep2,1.3118,4146,0
rep2,1.3118,4147,0
rep2,1.3118,4148,0
rep2,1.3122,4149,0
rep2,1.3124,4150,0
rep2,1.3125,4151,0
rep2,1.3126,4152,0
rep2,1.3126,4153,0
rep2,1.313,4154,0
rep2,1.3133,4155,0
rep2,1.3133,4156,0
rep2,1.3135,4157,0
rep2,1.3139,4158,0
rep2,1.3141,4159,0
rep2,1.3143,4160,0
rep2,1.3143,4161,0
rep2,1.3144,4162,0
rep2,1.3145,4163,0
rep2,1.3145,4164,0
rep2,1.3146,4165,0
rep2,1.3147,4166,0
rep2,1.3148,4167,0
rep2,1.3149,4168,0
rep2,1.3149,4169,0
rep2,1.3151,4170,0
rep2,1.3151,4171,0
rep2,1.3152,4172,0
rep2,1.3153,4173,0
rep2,1.3153,4174,0
rep2,1.3154,4175,0
rep2,1.3154,4176,0
rep2,1.3156,4177,0
rep2,1.3156,4178,0
rep2,1.3158,4179,0
rep2,1.3159,4180,0
rep2,1.316,4181,0
rep2,1.3161,4182,0
rep2,1.3165,4183,0
rep2,1.3166,4184,0
rep2,1.3167,4185,0
rep2,1.3167,4186,0
rep2,1.3167,4187,0
rep2,1.3168,4188,0
rep2,1.3169,4189,0
rep2,1.3172,4190,0
rep2,1.3173,4191,0
rep2,1.3174,4192,0
rep2,1.3175,4193,0
rep2,1.3177,4194,0
rep2,1.3178,4195,0
rep2,1.3179,4196,0
rep2,1.318,4197,0
rep2,1.3181,4198,0
rep2,1.3181,4199,0
rep2,1.3183,4200,0
rep2,1.3185,4201,0
rep2,1.3188,4202,0
rep2,1.3189,4203,0
rep2,1.3189,4204,0
rep2,1.319,4205,0
rep2,1.3191,4206,0
rep2,1.3192,4207,0
rep2,1.3193,4208,0
rep2,1.3194,4209,0
rep2,1.3195,4210,0
rep2,1.3198,4211,0
rep2,1.3199,4212,0
rep2,1.32,4213,0
rep2,1.32,4214,0
rep2,1.32,4215,0
rep2,1.3201,4216,0
rep2,1.3202,4217,0
rep2,1.3203,4218,0
rep2,1.3204,4219,0
rep2,1.3205,4220,0
rep2,1.3206,4221,0
rep2,1.3209,4222,0
rep2,1.321,4223,0
rep2,1.321,4224,0
rep2,1.3211,4225,0
rep2,1.3213,4226,0
rep2,1.3215,4227,0
rep2,1.3215,4228,0
rep2,1.3215,4229,0
rep2,1.3216,4230,0
rep2,1.3219,4231,0
rep2,1.322,4232,0
rep2,1.3227,4233,0
rep2,1.323,4234,0
rep2,1.3234,4235,0
rep2,1.3235,4236,0
rep2,1.3235,4237,0
rep2,1.3236,4238,0
rep2,1.3238,4239,0
rep2,1.3238,4240,0
rep2,1.3238,4241,0
rep2,1.3244,4242,0
rep2,1.3245,4243,0
rep2,1.3247,4244,0
rep2,1.3249,4245,0
rep2,1.325,4246,0
rep2,1.325,4247,0
rep2,1.325,4248,0
rep2,1.3252,4249,0
rep2,1.3252,4250,0
rep2,1.3254,4251,0
rep2,1.3255,4252,0
rep2,1.3255,4253,0
rep2,1.326,4254,0
rep2,1.326,4255,0
rep2,1.326,4256,0
rep2,1.3261,4257,0
rep2,1.3263,4258,0
rep2,1.3264,4259,0
rep2,1.3268,4260,0
rep2,1.3272,4261,0
rep2,1.3273,4262,0
rep2,1.3273,4263,0
rep2,1.3273,4264,0
rep2,1.3273,4265,0
rep2,1.3275,4266,0
rep2,1.3275,4267,0
rep2,1.3275,4268,0
rep2,1.3276,4269,0
rep2,1.3277,4270,0
rep2,1.3278,4271,0
rep2,1.3279,4272,0
rep2,1.328,4273,0
rep2,1.3281,4274,0
rep2,1.3284,4275,0
rep2,1.3284,4276,0
rep2,1.3285,4277,0
rep2,1.3286,4278,0
rep2,1.3289,4279,0
rep2,1.329,4280,0
rep2,1.3292,4281,0
rep2,1.3292,4282,0
rep2,1.3292,4283,0
rep2,1.3295,4284,0
rep2,1.3298,4285,0
rep2,1.3301,4286,0
rep2,1.3302,4287,0
rep2,1.3303,4288,0
rep2,1.3303,4289,0
rep2,1.3304,4290,0
rep2,1.3304,4291,0
rep2,1.3306,4292,0
rep2,1.3306,4293,0
rep2,1.3307,4294,0
rep2,1.3307,4295,0
rep2,1.3308,4296,0
rep2,1.3309,4297,0
rep2,1.3313,4298,0
rep2,1.3314,4299,0
rep2,1.3316,4300,0
rep2,1.3316,4301,0
rep2,1.3318,4302,0
rep2,1.3318,4303,0
rep2,1.3323,4304,0
rep2,1.3325,4305,0
rep2,1.3325,4306,0
rep2,1.3327,4307,0
rep2,1.3328,4308,0
rep2,1.3328,4309,0
rep2,1.3329,4310,0
rep2,1.3329,4311,0
rep2,1.3329,4312,0
rep2,1.3329,4313,0
rep2,1.3333,4314,0
rep2,1.3338,4315,0
rep2,1.334,4316,0
rep2,1.3348,4317,0
rep2,1.3351,4318,0
rep2,1.3351,4319,0
rep2,1.3352,4320,0
rep2,1.3354,4321,0
rep2,1.3356,4322,0
rep2,1.3358,4323,0
rep2,1.336,4324,0
rep2,1.3362,4325,0
rep2,1.3366,4326,0
rep2,1.337,4327,0
rep2,1.3372,4328,0
rep2,1.3375,4329,0
rep2,1.3376,4330,0
rep2,1.3377,4331,0
rep2,1.338,4332,0
rep2,1.3382,4333,0
rep2,1.3383,4334,0
rep2,1.3385,4335,0
rep2,1.3385,4336,0
rep2,1.3386,4337,0
rep2,1.3386,4338,0
rep2,1.3386,4339,0
rep2,1.3388,4340,0
rep2,1.3392,4341,0
rep2,1.3392,4342,0
rep2,1.3393,4343,0
rep2,1.3396,4344,0
rep2,1.34,4345,0
rep2,1.34,4346,0
rep2,1.34,4347,0
rep2,1.3403,4348,0
rep2,1.3408,4349,0
rep2,1.3411,4350,0
rep2,1.3412,4351,0
rep2,1.3412,4352,0
rep2,1.3416,4353,0
rep2,1.3417,4354,0
rep2,1.3419,4355,0
rep2,1.342,4356,0
rep2,1.3423,4357,0
rep2,1.3426,4358,0
rep2,1.3426,4359,0
rep2,1.3427,4360,0
rep2,1.343,4361,0
rep2,1.343,4362,0
rep2,1.3431,4363,0
rep2,1.3434,4364,0
rep2,1.3435,4365,0
rep2,1.3438,4366,0
rep2,1.344,4367,0
rep2,1.344,4368,0
rep2,1.3442,4369,0
rep2,1.3443,4370,0
rep2,1.3443,4371,0
rep2,1.3444,4372,0
rep2,1.3446,4373,0
rep2,1.3449,4374,0
rep2,1.3451,4375,0
rep2,1.3452,4376,0
rep2,1.3452,4377,0
rep2,1.346,4378,0
rep2,1.3463,4379,0
rep2,1.3463,4380,0
rep2,1.3464,4381,0
rep2,1.3464,4382,0
rep2,1.3464,4383,0
rep2,1.3466,4384,0
rep2,1.347,4385,0
rep2,1.3473,4386,0
rep2,1.3476,4387,0
rep2,1.3479,4388,0
rep2,1.3479,4389,0
rep2,1.348,4390,0
rep2,1.3486,4391,0
rep2,1.3487,4392,0
rep2,1.3491,4393,0
rep2,1.3492,4394,0
rep2,1.3495,4395,0
rep2,1.3496,4396,0
rep2,1.3496,4397,0
rep2,1.3497,4398,0
rep2,1.3498,4399,0
rep2,1.3498,4400,0
rep2,1.3499,4401,0
rep2,1.3499,4402,0
rep2,1.3501,4403,0
rep2,1.3504,4404,0
rep2,1.3508,4405,0
rep2,1.3508,4406,0
rep2,1.3511,4407,0
rep2,1.3515,4408,0
rep2,1.3517,4409,0
rep2,1.3518,4410,0
rep2,1.352,4411,0
rep2,1.352,4412,0
rep2,1.3521,4413,0
rep2,1.3522,4414,0
rep2,1.353,4415,0
rep2,1.353,4416,0
rep2,1.3531,4417,0
rep2,1.3534,4418,0
rep2,1.3534,4419,0
rep2,1.3534,4420,0
rep2,1.3535,4421,0
rep2,1.3536,4422,0
rep2,1.3537,4423,0
rep2,1.3542,4424,0
rep2,1.3542,4425,0
rep2,1.3543,4426,0
rep2,1.3544,4427,0
rep2,1.3545,4428,0
rep2,1.3545,4429,0
rep2,1.3546,4430,0
rep2,1.3551,4431,0
rep2,1.3552,4432,0
rep2,1.3555,4433,0
rep2,1.3558,4434,0
rep2,1.3558,4435,0
rep2,1.3562,4436,0
rep2,1.3563,4437,0
rep2,1.3563,4438,0
rep2,1.3565,4439,0
rep2,1.3566,4440,0
rep2,1.3567,4441,0
rep2,1.357,4442,0
rep2,1.3571,4443,0
rep2,1.3573,4444,0
rep2,1.3574,4445,0
rep2,1.3577,4446,0
rep2,1.3578,4447,0
rep2,1.3578,4448,0
rep2,1.3579,4449,0
rep2,1.3579,4450,0
rep2,1.3579,4451,0
rep2,1.358,4452,0
rep2,1.3584,4453,0
rep2,1.3584,4454,0
rep2,1.3585,4455,0
rep2,1.3586,4456,0
rep2,1.3587,4457,0
rep2,1.359,4458,0
rep2,1.3591,4459,0
rep2,1.3592,4460,0
rep2,1.3598,4461,0
rep2,1.3602,4462,0
rep2,1.3606,4463,0
rep2,1.3607,4464,0
rep2,1.3607,4465,0
rep2,1.3608,4466,0
rep2,1.361,4467,0
rep2,1.361,4468,0
rep2,1.3612,4469,0
rep2,1.3615,4470,0
rep2,1.3615,4471,0
rep2,1.3616,4472,0
rep2,1.3618,4473,0
rep2,1.362,4474,0
rep2,1.3621,4475,0
rep2,1.3622,4476,0
rep2,1.3624,4477,0
rep2,1.3625,4478,0
rep2,1.3625,4479,0
rep2,1.3626,4480,0
rep2,1.3628,4481,0
rep2,1.3629,4482,0
rep2,1.3629,4483,0
rep2,1.3633,4484,0
rep2,1.3636,4485,0
rep2,1.3639,4486,0
rep2,1.3642,4487,0
rep2,1.3643,4488,0
rep2,1.3644,4489,0
rep2,1.3645,4490,0
rep2,1.3647,4491,0
rep2,1.3649,4492,0
rep2,1.3658,4493,0
rep2,1.366,4494,0
rep2,1.3661,4495,0
rep2,1.3669,4496,0
rep2,1.3669,4497,0
rep2,1.3672,4498,0
rep2,1.3673,4499,0
rep2,1.3674,4500,0
rep2,1.3674,4501,0
rep2,1.3682,4502,0
rep2,1.3686,4503,0
rep2,1.3697,4504,0
rep2,1.3698,4505,0
rep2,1.37,4506,0
rep2,1.3702,4507,0
rep2,1.3702,4508,0
rep2,1.3708,4509,0
rep2,1.3715,4510,0
rep2,1.3716,4511,0
rep2,1.3717,4512,0
rep2,1.3719,4513,0
rep2,1.3722,4514,0
rep2,1.3728,4515,0
rep2,1.3733,4516,0
rep2,1.3735,4517,0
rep2,1.3735,4518,0
rep2,1.3737,4519,0
rep2,1.374,4520,0
rep2,1.3752,4521,0
rep2,1.3752,4522,0
rep2,1.3754,4523,0
rep2,1.3757,4524,0
rep2,1.3758,4525,0
rep2,1.3758,4526,0
rep2,1.3759,4527,0
rep2,1.376,4528,0
rep2,1.3763,4529,0
rep2,1.3767,4530,0
rep2,1.3767,4531,0
rep2,1.3768,4532,0
rep2,1.3769,4533,0
rep2,1.3772,4534,0
rep2,1.3773,4535,0
rep2,1.3775,4536,0
rep2,1.3776,4537,0
rep2,1.3778,4538,0
rep2,1.3778,4539,0
rep2,1.3778,4540,0
rep2,1.3779,4541,0
rep2,1.3782,4542,0
rep2,1.3784,4543,0
rep2,1.3785,4544,0
rep2,1.3785,4545,0
rep2,1.3788,4546,0
rep2,1.3788,4547,0
rep2,1.379,4548,0
rep2,1.3793,4549,0
rep2,1.3793,4550,0
rep2,1.3794,4551,0
rep2,1.3794,4552,0
rep2,1.3795,4553,0
rep2,1.3795,4554,0
rep2,1.3796,4555,0
rep2,1.3798,4556,0
rep2,1.3798,4557,0
rep2,1.38,4558,0
rep2,1.3801,4559,0
rep2,1.3803,4560,0
rep2,1.3804,4561,0
rep2,1.3806,4562,0
rep2,1.3808,4563,0
rep2,1.3809,4564,0
rep2,1.381,4565,0
rep2,1.381,4566,0
rep2,1.3811,4567,0
rep2,1.3813,4568,0
rep2,1.3815,4569,0
rep2,1.3819,4570,0
rep2,1.3821,4571,0
rep2,1.3823,4572,0
rep2,1.3824,4573,0
rep2,1.3828,4574,0
rep2,1.3829,4575,0
rep2,1.3831,4576,0
rep2,1.3832,4577,0
rep2,1.3834,4578,0
rep2,1.3839,4579,0
rep2,1.3839,4580,0
rep2,1.384,4581,0
rep2,1.3845,4582,0
rep2,1.3845,4583,0
rep2,1.3846,4584,0
rep2,1.3847,4585,0
rep2,1.3848,4586,0
rep2,1.3849,4587,0
rep2,1.3849,4588,0
rep2,1.3851,4589,0
rep2,1.3852,4590,0
rep2,1.3853,4591,0
rep2,1.3853,4592,0
rep2,1.3856,4593,0
rep2,1.3863,4594,0
rep2,1.3864,4595,0
rep2,1.3865,4596,0
rep2,1.3866,4597,0
rep2,1.3868,4598,0
rep2,1.3874,4599,0
rep2,1.3874,4600,0
rep2,1.3879,4601,0
rep2,1.3882,4602,0
rep2,1.3883,4603,0
rep2,1.3884,4604,0
rep2,1.3884,4605,0
rep2,1.3886,4606,0
rep2,1.3889,4607,0
rep2,1.389,4608,0
rep2,1.3891,4609,0
rep2,1.3891,4610,0
rep2,1.3898,4611,0
rep2,1.3901,4612,0
rep2,1.3903,4613,0
rep2,1.3906,4614,0
rep2,1.3907,4615,0
rep2,1.391,4616,0
rep2,1.392,4617,0
rep2,1.392,4618,0
rep2,1.3923,4619,0
rep2,1.3924,4620,0
rep2,1.3925,4621,0
rep2,1.3927,4622,0
rep2,1.3929,4623,0
rep2,1.3934,4624,0
rep2,1.3935,4625,0
rep2,1.3936,4626,0
rep2,1.3936,4627,0
rep2,1.3939,4628,0
rep2,1.3941,4629,0
rep2,1.3942,4630,0
rep2,1.3943,4631,0
rep2,1.3944,4632,0
rep2,1.3951,4633,0
rep2,1.3952,4634,0
rep2,1.3963,4635,0
rep2,1.3968,4636,0
rep2,1.397,4637,0
rep2,1.3972,4638,0
rep2,1.3974,4639,0
rep2,1.3977,4640,0
rep2,1.398,4641,0
rep2,1.3984,4642,0
rep2,1.3984,4643,0
rep2,1.3985,4644,0
rep2,1.3985,4645,0
rep2,1.3986,4646,0
rep2,1.3987,4647,0
rep2,1.3991,4648,0
rep2,1.3993,4649,0
rep2,1.3993,4650,0
rep2,1.4001,4651,0
rep2,1.4012,4652,0
rep2,1.4018,4653,0
rep2,1.4019,4654,0
rep2,1.4033,4655,0
rep2,1.4033,4656,0
rep2,1.4036,4657,0
rep2,1.4038,4658,0
rep2,1.4039,4659,0
rep2,1.4041,4660,0
rep2,1.4042,4661,0
rep2,1.4044,4662,0
rep2,1.4048,4663,0
rep2,1.4048,4664,0
rep2,1.4049,4665,0
rep2,1.4049,4666,0
rep2,1.4055,4667,0
rep2,1.4058,4668,0
rep2,1.406,4669,0
rep2,1.4064,4670,0
rep2,1.4068,4671,0
rep2,1.4072,4672,0
rep2,1.4074,4673,0
rep2,1.4082,4674,0
rep2,1.4082,4675,0
rep2,1.4089,4676,0
rep2,1.4092,4677,0
rep2,1.4097,4678,0
rep2,1.4099,4679,0
rep2,1.4101,4680,0
rep2,1.4103,4681,0
rep2,1.4105,4682,0
rep2,1.4108,4683,0
rep2,1.4109,4684,0
rep2,1.4117,4685,0
rep2,1.4119,4686,0
rep2,1.412,4687,0
rep2,1.4121,4688,0
rep2,1.4122,4689,0
rep2,1.4124,4690,0
rep2,1.4127,4691,0
rep2,1.4131,4692,0
rep2,1.4136,4693,0
rep2,1.4147,4694,0
rep2,1.4151,4695,0
rep2,1.416,4696,0
rep2,1.4163,4697,0
rep2,1.4165,4698,0
rep2,1.4165,4699,0
rep2,1.4166,4700,0
rep2,1.4168,4701,0
rep2,1.4169,4702,0
rep2,1.417,4703,0
rep2,1.4172,4704,0
rep2,1.4172,4705,0
rep2,1.4174,4706,0
rep2,1.4177,4707,0
rep2,1.4177,4708,0
rep2,1.4179,4709,0
rep2,1.418,4710,0
rep2,1.418,4711,0
rep2,1.4183,4712,0
rep2,1.4183,4713,0
rep2,1.4187,4714,0
rep2,1.419,4715,0
rep2,1.4196,4716,0
rep2,1.4198,4717,0
rep2,1.42,4718,0
rep2,1.4203,4719,0
rep2,1.4204,4720,0
rep2,1.4206,4721,0
rep2,1.4206,4722,0
rep2,1.4207,4723,0
rep2,1.4219,4724,0
rep2,1.4221,4725,0
rep2,1.4222,4726,0
rep2,1.4229,4727,0
rep2,1.4232,4728,0
rep2,1.4241,4729,0
rep2,1.4243,4730,0
rep2,1.4245,4731,0
rep2,1.4247,4732,0
rep2,1.425,4733,0
rep2,1.4251,4734,0
rep2,1.4251,4735,0
rep2,1.4252,4736,0
rep2,1.4256,4737,0
rep2,1.4258,4738,0
rep2,1.4258,4739,0
rep2,1.4261,4740,0
rep2,1.4261,4741,0
rep2,1.4269,4742,0
rep2,1.4271,4743,0
rep2,1.4283,4744,0
rep2,1.4284,4745,0
rep2,1.4285,4746,0
rep2,1.4286,4747,0
rep2,1.4295,4748,0
rep2,1.4308,4749,0
rep2,1.4314,4750,0
rep2,1.4316,4751,0
rep2,1.4321,4752,0
rep2,1.4323,4753,0
rep2,1.4324,4754,0
rep2,1.4326,4755,0
rep2,1.4332,4756,0
rep2,1.4343,4757,0
rep2,1.4343,4758,0
rep2,1.4351,4759,0
rep2,1.4352,4760,0
rep2,1.4355,4761,0
rep2,1.4357,4762,0
rep2,1.436,4763,0
rep2,1.4364,4764,0
rep2,1.4369,4765,0
rep2,1.4371,4766,0
rep2,1.4373,4767,0
rep2,1.4376,4768,0
rep2,1.4382,4769,0
rep2,1.4388,4770,0
rep2,1.4389,4771,0
rep2,1.4393,4772,0
rep2,1.4396,4773,0
rep2,1.4401,4774,0
rep2,1.4405,4775,0
rep2,1.441,4776,0
rep2,1.4414,4777,0
rep2,1.4416,4778,0
rep2,1.4417,4779,0
rep2,1.4419,4780,0
rep2,1.4421,4781,0
rep2,1.4424,4782,0
rep2,1.4425,4783,0
rep2,1.4433,4784,0
rep2,1.4439,4785,0
rep2,1.4447,4786,0
rep2,1.445,4787,0
rep2,1.4453,4788,0
rep2,1.4455,4789,0
rep2,1.4457,4790,0
rep2,1.4459,4791,0
rep2,1.4463,4792,0
rep2,1.4471,4793,0
rep2,1.4473,4794,0
rep2,1.4475,4795,0
rep2,1.4481,4796,0
rep2,1.4486,4797,0
rep2,1.4488,4798,0
rep2,1.4497,4799,0
rep2,1.4502,4800,0
rep2,1.4504,4801,0
rep2,1.4508,4802,0
rep2,1.4514,4803,0
rep2,1.4516,4804,0
rep2,1.4535,4805,0
rep2,1.4539,4806,0
rep2,1.4543,4807,0
rep2,1.4548,4808,0
rep2,1.455,4809,0
rep2,1.4558,4810,0
rep2,1.4559,4811,0
rep2,1.456,4812,0
rep2,1.4561,4813,0
rep2,1.4568,4814,0
rep2,1.4572,4815,0
rep2,1.4575,4816,0
rep2,1.4578,4817,0
rep2,1.4579,4818,0
rep2,1.4595,4819,0
rep2,1.4598,4820,0
rep2,1.4613,4821,0
rep2,1.4628,4822,0
rep2,1.4629,4823,0
rep2,1.4641,4824,0
rep2,1.4648,4825,0
rep2,1.4648,4826,0
rep2,1.465,4827,0
rep2,1.4659,4828,0
rep2,1.4669,4829,0
rep2,1.4671,4830,0
rep2,1.4679,4831,0
rep2,1.468,4832,0
rep2,1.4681,4833,0
rep2,1.4686,4834,0
rep2,1.469,4835,0
rep2,1.4693,4836,0
rep2,1.4694,4837,0
rep2,1.4698,4838,0
rep2,1.4711,4839,0
rep2,1.4712,4840,0
rep2,1.4713,4841,0
rep2,1.4715,4842,0
rep2,1.4724,4843,0
rep2,1.4729,4844,0
rep2,1.4732,4845,0
rep2,1.4737,4846,0
rep2,1.4748,4847,0
rep2,1.4752,4848,0
rep2,1.4755,4849,0
rep2,1.4755,4850,0
rep2,1.4755,4851,0
rep2,1.4763,4852,0
rep2,1.4772,4853,0
rep2,1.4773,4854,0
rep2,1.478,4855,0
rep2,1.4786,4856,0
rep2,1.4787,4857,0
rep2,1.4801,4858,0
rep2,1.4809,4859,0
rep2,1.4812,4860,0
rep2,1.4825,4861,0
rep2,1.4841,4862,0
rep2,1.4848,4863,0
rep2,1.4852,4864,0
rep2,1.4863,4865,0
rep2,1.4878,4866,0
rep2,1.4925,4867,0
rep2,1.4935,4868,0
rep2,1.4939,4869,0
rep2,1.4939,4870,0
rep2,1.4943,4871,0
rep2,1.4953,4872,0
rep2,1.4958,4873,0
rep2,1.4974,4874,0
rep2,1.4974,4875,0
rep2,1.4975,4876,0
rep2,1.4976,4877,0
rep2,1.4977,4878,0
rep2,1.4978,4879,0
rep2,1.4992,4880,0
rep2,1.4993,4881,0
rep2,1.5005,4882,0
rep2,1.5008,4883,0
rep2,1.5012,4884,0
rep2,1.5016,4885,0
rep2,1.5018,4886,0
rep2,1.5019,4887,0
rep2,1.5022,4888,0
rep2,1.5029,4889,0
rep2,1.5036,4890,0
rep2,1.5039,4891,0
rep2,1.5046,4892,0
rep2,1.5047,4893,0
rep2,1.5053,4894,0
rep2,1.5056,4895,0
rep2,1.5074,4896,0
rep2,1.5074,4897,0
rep2,1.5074,4898,0
rep2,1.5076,4899,0
rep2,1.5079,4900,0
rep2,1.508,4901,0
rep2,1.5088,4902,0
rep2,1.5099,4903,0
rep2,1.5105,4904,0
rep2,1.5111,4905,0
rep2,1.5116,4906,0
rep2,1.5128,4907,0
rep2,1.513,4908,0
rep2,1.5131,4909,0
rep2,1.5133,4910,0
rep2,1.5147,4911,0
rep2,1.5147,4912,0
rep2,1.5151,4913,0
rep2,1.5195,4914,0
rep2,1.5201,4915,0
rep2,1.5211,4916,0
rep2,1.5227,4917,0
rep2,1.5233,4918,0
rep2,1.5256,4919,0
rep2,1.5289,4920,0
rep2,1.5295,4921,0
rep2,1.5298,4922,0
rep2,1.5328,4923,0
rep2,1.5334,4924,0
rep2,1.5335,4925,0
rep2,1.5367,4926,0
rep2,1.5391,4927,0
rep2,1.5401,4928,0
rep2,1.5402,4929,0
rep2,1.5429,4930,0
rep2,1.5432,4931,0
rep2,1.5442,4932,0
rep2,1.5447,4933,0
rep2,1.5458,4934,0
rep2,1.546,4935,0
rep2,1.5481,4936,0
rep2,1.5483,4937,0
rep2,1.5483,4938,0
rep2,1.5502,4939,0
rep2,1.5511,4940,0
rep2,1.5555,4941,0
rep2,1.5566,4942,0
rep2,1.5573,4943,0
rep2,1.5577,4944,0
rep2,1.559,4945,0
rep2,1.5595,4946,0
rep2,1.5615,4947,0
rep2,1.563,4948,0
rep2,1.5637,4949,0
rep2,1.5674,4950,0
rep2,1.5696,4951,0
rep2,1.5714,4952,0
rep2,1.572,4953,0
rep2,1.574,4954,0
rep2,1.5743,4955,0
rep2,1.5746,4956,0
rep2,1.5782,4957,0
rep2,1.5812,4958,0
rep2,1.5824,4959,0
rep2,1.5825,4960,0
rep2,1.585,4961,0
rep2,1.5853,4962,0
rep2,1.5862,4963,0
rep2,1.5868,4964,0
rep2,1.5904,4965,0
rep2,1.591,4966,0
rep2,1.5924,4967,0
rep2,1.5933,4968,0
rep2,1.5953,4969,0
rep2,1.5962,4970,0
rep2,1.6026,4971,0
rep2,1.6026,4972,0
rep2,1.6052,4973,0
rep2,1.6074,4974,0
rep2,1.6157,4975,0
rep2,1.6165,4976,0
rep2,1.6186,4977,0
rep2,1.6187,4978,0
rep2,1.624,4979,0
rep2,1.6253,4980,0
rep2,1.6282,4981,0
rep2,1.6359,4982,0
rep2,1.6491,4983,0
rep2,1.6503,4984,0
rep2,1.6647,4985,0
rep2,1.6931,4986,0
rep2,1.6987,4987,0
rep2,1.7081,4988,0
rep2,1.7092,4989,0
rep2,1.7098,4990,0
rep2,1.712,4991,0
rep2,1.7389,4992,0
rep2,1.7609,4993,0
rep2,1.7743,4994,0
rep2,1.8396,4995,0
rep2,1.8806,4996,0
rep2,2.0113,4997,0
rep2,2.0118,4998,0
rep2,2.0127,4999,0
rep2,2.0134,5000,0
rep2,2.0134,5001,0
rep2,2.0141,5002,0
rep2,2.0165,5003,0
rep2,2.018,5004,0
rep2,2.0191,5005,0
rep2,2.0207,5006,0
rep2,2.0216,5007,0
rep2,2.0263,5008,0
rep2,2.0316,5009,0
rep2,2.0443,5010,0
rep2,2.0443,5011,0
rep2,2.0444,5012,0
rep2,2.0444,5013,0
rep2,2.0445,5014,0
rep2,2.0447,5015,0
rep2,2.0448,5016,0
rep2,2.0449,5017,0
rep2,2.045,5018,0
rep2,2.0451,5019,0
rep2,2.0452,5020,0
rep2,2.0452,5021,0
rep2,2.0453,5022,0
rep2,2.0454,5023,0
rep2,2.0456,5024,0
rep2,2.0458,5025,0
rep2,2.0458,5026,0
rep2,2.046,5027,0
rep2,2.046,5028,0
rep2,2.0461,5029,0
rep2,2.0462,5030,0
rep2,2.0464,5031,0
rep2,2.0467,5032,0
rep2,2.0471,5033,0
rep2,2.0472,5034,0
rep2,2.0472,5035,0
rep2,2.0478,5036,0
rep2,2.0478,5037,0
rep2,2.048,5038,0
rep2,2.0481,5039,0
rep2,2.0483,5040,0
rep2,2.0483,5041,0
rep2,2.0484,5042,0
rep2,2.0485,5043,0
rep2,2.0486,5044,0
rep2,2.0486,5045,0
rep2,2.0487,5046,0
rep2,2.0491,5047,0
rep2,2.0493,5048,0
rep2,2.0495,5049,0
rep2,2.0495,5050,0
rep2,2.0497,5051,0
rep2,2.0498,5052,0
rep2,2.0499,5053,0
rep2,2.0503,5054,0
rep2,2.0504,5055,0
rep2,2.0506,5056,0
rep2,2.0514,5057,0
rep2,2.0515,5058,0
rep2,2.0518,5059,0
rep2,2.0519,5060,0
rep2,2.0525,5061,0
rep2,2.0528,5062,0
rep2,2.053,5063,0
rep2,2.0532,5064,0
rep2,2.0533,5065,0
rep2,2.0539,5066,0
rep2,2.054,5067,0
rep2,2.0542,5068,0
rep2,2.0542,5069,0
rep2,2.0558,5070,0
rep2,2.056,5071,0
rep2,2.0561,5072,0
rep2,2.0568,5073,0
rep2,2.0575,5074,0
rep2,2.0577,5075,0
rep2,2.0584,5076,0
rep2,2.0599,5077,0
rep2,2.0602,5078,0
rep2,2.0603,5079,0
rep2,2.0604,5080,0
rep2,2.0608,5081,0
rep2,2.0618,5082,0
rep2,2.0627,5083,0
rep2,2.0629,5084,0
rep2,2.0637,5085,0
rep2,2.0645,5086,0
rep2,2.065,5087,0
rep2,2.0684,5088,0
rep2,2.0721,5089,0
rep2,2.0767,5090,0
rep2,2.0777,5091,0
rep2,2.0777,5092,0
rep2,2.0777,5093,0
rep2,2.0778,5094,0
rep2,2.0779,5095,0
rep2,2.0779,5096,0
rep2,2.0779,5097,0
rep2,2.0779,5098,0
rep2,2.078,5099,0
rep2,2.078,5100,0
rep2,2.078,5101,0
rep2,2.0781,5102,0
rep2,2.0781,5103,0
rep2,2.0781,5104,0
rep2,2.0782,5105,0
rep2,2.0782,5106,0
rep2,2.0783,5107,0
rep2,2.0783,5108,0
rep2,2.0783,5109,0
rep2,2.0784,5110,0
rep2,2.0784,5111,0
rep2,2.0784,5112,0
rep2,2.0784,5113,0
rep2,2.0785,5114,0
rep2,2.0785,5115,0
rep2,2.0785,5116,0
rep2,2.0786,5117,0
rep2,2.0786,5118,0
rep2,2.0786,5119,0
rep2,2.0786,5120,0
rep2,2.0787,5121,0
rep2,2.0787,5122,0
rep2,2.0787,5123,0
rep2,2.0787,5124,0
rep2,2.0788,5125,0
rep2,2.0788,5126,0
rep2,2.0788,5127,0
rep2,2.0789,5128,0
rep2,2.0789,5129,0
rep2,2.079,5130,0
rep2,2.079,5131,0
rep2,2.079,5132,0
rep2,2.0791,5133,0
rep2,2.0792,5134,0
rep2,2.0792,5135,0
rep2,2.0793,5136,0
rep2,2.0793,5137,0
rep2,2.0793,5138,0
rep2,2.0794,5139,0
rep2,2.0794,5140,0
rep2,2.0794,5141,0
rep2,2.0795,5142,0
rep2,2.0795,5143,0
rep2,2.0796,5144,0
rep2,2.0796,5145,0
rep2,2.0796,5146,0
rep2,2.0797,5147,0
rep2,2.0797,5148,0
rep2,2.0797,5149,0
rep2,2.0798,5150,0
rep2,2.0798,5151,0
rep2,2.0798,5152,0
rep2,2.0798,5153,0
rep2,2.0798,5154,0
rep2,2.0799,5155,0
rep2,2.0799,5156,0
rep2,2.0799,5157,0
rep2,2.08,5158,0
rep2,2.08,5159,0
rep2,2.08,5160,0
rep2,2.08,5161,0
rep2,2.08,5162,0
rep2,2.0801,5163,0
rep2,2.0801,5164,0
rep2,2.0801,5165,0
rep2,2.0802,5166,0
rep2,2.0802,5167,0
rep2,2.0802,5168,0
rep2,2.0803,5169,0
rep2,2.0803,5170,0
rep2,2.0803,5171,0
rep2,2.0803,5172,0
rep2,2.0804,5173,0
rep2,2.0805,5174,0
rep2,2.0805,5175,0
rep2,2.0805,5176,0
rep2,2.0805,5177,0
rep2,2.0805,5178,0
rep2,2.0806,5179,0
rep2,2.0806,5180,0
rep2,2.0806,5181,0
rep2,2.0807,5182,0
rep2,2.0807,5183,0
rep2,2.0807,5184,0
rep2,2.0808,5185,0
rep2,2.0808,5186,0
rep2,2.0808,5187,0
rep2,2.0809,5188,0
rep2,2.0809,5189,0
rep2,2.0809,5190,0
rep2,2.081,5191,0
rep2,2.081,5192,0
rep2,2.081,5193,0
rep2,2.0811,5194,0
rep2,2.0811,5195,0
rep2,2.0812,5196,0
rep2,2.0812,5197,0
rep2,2.0812,5198,0
rep2,2.0812,5199,0
rep2,2.0812,5200,0
rep2,2.0813,5201,0
rep2,2.0813,5202,0
rep2,2.0814,5203,0
rep2,2.0814,5204,0
rep2,2.0815,5205,0
rep2,2.0815,5206,0
rep2,2.0816,5207,0
rep2,2.0816,5208,0
rep2,2.0817,5209,0
rep2,2.0818,5210,0
rep2,2.0818,5211,0
rep2,2.0818,5212,0
rep2,2.0818,5213,0
rep2,2.0819,5214,0
rep2,2.0819,5215,0
rep2,2.0819,5216,0
rep2,2.082,5217,0
rep2,2.0821,5218,0
rep2,2.0821,5219,0
rep2,2.0821,5220,0
rep2,2.0821,5221,0
rep2,2.0822,5222,0
rep2,2.0823,5223,0
rep2,2.0824,5224,0
rep2,2.0824,5225,0
rep2,2.0824,5226,0
rep2,2.0824,5227,0
rep2,2.0824,5228,0
rep2,2.0825,5229,0
rep2,2.0825,5230,0
rep2,2.0826,5231,0
rep2,2.0826,5232,0
rep2,2.0827,5233,0
rep2,2.0828,5234,0
rep2,2.0829,5235,0
rep2,2.0829,5236,0
rep2,2.0829,5237,0
rep2,2.0829,5238,0
rep2,2.083,5239,0
rep2,2.0831,5240,0
rep2,2.0831,5241,0
rep2,2.0831,5242,0
rep2,2.0831,5243,0
rep2,2.0832,5244,0
rep2,2.0832,5245,0
rep2,2.0832,5246,0
rep2,2.0833,5247,0
rep2,2.0834,5248,0
rep2,2.0834,5249,0
rep2,2.0837,5250,0
rep2,2.0837,5251,0
rep2,2.0837,5252,0
rep2,2.0837,5253,0
rep2,2.0838,5254,0
rep2,2.0838,5255,0
rep2,2.0838,5256,0
rep2,2.0839,5257,0
rep2,2.0839,5258,0
rep2,2.084,5259,0
rep2,2.084,5260,0
rep2,2.0841,5261,0
rep2,2.0841,5262,0
rep2,2.0842,5263,0
rep2,2.0842,5264,0
rep2,2.0842,5265,0
rep2,2.0844,5266,0
rep2,2.0845,5267,0
rep2,2.0845,5268,0
rep2,2.0845,5269,0
rep2,2.0845,5270,0
rep2,2.0845,5271,0
rep2,2.0846,5272,0
rep2,2.0847,5273,0
rep2,2.0848,5274,0
rep2,2.0848,5275,0
rep2,2.0848,5276,0
rep2,2.0849,5277,0
rep2,2.0851,5278,0
rep2,2.0851,5279,0
rep2,2.0851,5280,0
rep2,2.0852,5281,0
rep2,2.0853,5282,0
rep2,2.0854,5283,0
rep2,2.0855,5284,0
rep2,2.0855,5285,0
rep2,2.0855,5286,0
rep2,2.0857,5287,0
rep2,2.0857,5288,0
rep2,2.0858,5289,0
rep2,2.0858,5290,0
rep2,2.0859,5291,0
rep2,2.086,5292,0
rep2,2.086,5293,0
rep2,2.0861,5294,0
rep2,2.0861,5295,0
rep2,2.0863,5296,0
rep2,2.0863,5297,0
rep2,2.0864,5298,0
rep2,2.0865,5299,0
rep2,2.0865,5300,0
rep2,2.0866,5301,0
rep2,2.0867,5302,0
rep2,2.0867,5303,0
rep2,2.0867,5304,0
rep2,2.0868,5305,0
rep2,2.0868,5306,0
rep2,2.0869,5307,0
rep2,2.087,5308,0
rep2,2.0871,5309,0
rep2,2.0872,5310,0
rep2,2.0872,5311,0
rep2,2.0873,5312,0
rep2,2.0873,5313,0
rep2,2.0874,5314,0
rep2,2.0874,5315,0
rep2,2.0878,5316,0
rep2,2.0879,5317,0
rep2,2.0881,5318,0
rep2,2.0882,5319,0
rep2,2.0883,5320,0
rep2,2.0883,5321,0
rep2,2.0883,5322,0
rep2,2.0883,5323,0
rep2,2.0884,5324,0
rep2,2.0885,5325,0
rep2,2.0885,5326,0
rep2,2.0886,5327,0
rep2,2.0889,5328,0
rep2,2.089,5329,0
rep2,2.089,5330,0
rep2,2.089,5331,0
rep2,2.0892,5332,0
rep2,2.0892,5333,0
rep2,2.0892,5334,0
rep2,2.0894,5335,0
rep2,2.0895,5336,0
rep2,2.0895,5337,0
rep2,2.0899,5338,0
rep2,2.09,5339,0
rep2,2.0901,5340,0
rep2,2.0901,5341,0
rep2,2.0901,5342,0
rep2,2.0902,5343,0
rep2,2.0903,5344,0
rep2,2.0903,5345,0
rep2,2.0904,5346,0
rep2,2.0904,5347,0
rep2,2.0905,5348,0
rep2,2.0908,5349,0
rep2,2.0908,5350,0
rep2,2.0908,5351,0
rep2,2.0909,5352,0
rep2,2.0909,5353,0
rep2,2.0909,5354,0
rep2,2.091,5355,0
rep2,2.0911,5356,0
rep2,2.0912,5357,0
rep2,2.0912,5358,0
rep2,2.0912,5359,0
rep2,2.0913,5360,0
rep2,2.0913,5361,0
rep2,2.0914,5362,0
rep2,2.0915,5363,0
rep2,2.0916,5364,0
rep2,2.0917,5365,0
rep2,2.0918,5366,0
rep2,2.0918,5367,0
rep2,2.092,5368,0
rep2,2.092,5369,0
rep2,2.0923,5370,0
rep2,2.0924,5371,0
rep2,2.0928,5372,0
rep2,2.0929,5373,0
rep2,2.0932,5374,0
rep2,2.0932,5375,0
rep2,2.0939,5376,0
rep2,2.094,5377,0
rep2,2.0942,5378,0
rep2,2.0943,5379,0
rep2,2.0944,5380,0
rep2,2.0945,5381,0
rep2,2.0946,5382,0
rep2,2.0946,5383,0
rep2,2.0946,5384,0
rep2,2.0947,5385,0
rep2,2.0948,5386,0
rep2,2.0949,5387,0
rep2,2.0949,5388,0
rep2,2.0951,5389,0
rep2,2.0951,5390,0
rep2,2.0952,5391,0
rep2,2.0952,5392,0
rep2,2.0957,5393,0
rep2,2.0958,5394,0
rep2,2.0959,5395,0
rep2,2.096,5396,0
rep2,2.096,5397,0
rep2,2.0961,5398,0
rep2,2.0961,5399,0
rep2,2.0962,5400,0
rep2,2.0962,5401,0
rep2,2.0965,5402,0
rep2,2.0967,5403,0
rep2,2.0968,5404,0
rep2,2.097,5405,0
rep2,2.0972,5406,0
rep2,2.0972,5407,0
rep2,2.0975,5408,0
rep2,2.0979,5409,0
rep2,2.098,5410,0
rep2,2.0983,5411,0
rep2,2.0986,5412,0
rep2,2.0993,5413,0
rep2,2.0993,5414,0
rep2,2.1001,5415,0
rep2,2.1004,5416,0
rep2,2.1008,5417,0
rep2,2.101,5418,0
rep2,2.1011,5419,0
rep2,2.1011,5420,0
rep2,2.1012,5421,0
rep2,2.1017,5422,0
rep2,2.1019,5423,0
rep2,2.1022,5424,0
rep2,2.1025,5425,0
rep2,2.1027,5426,0
rep2,2.1034,5427,0
rep2,2.1035,5428,0
rep2,2.1037,5429,0
rep2,2.1039,5430,0
rep2,2.1041,5431,0
rep2,2.1044,5432,0
rep2,2.1045,5433,0
rep2,2.1046,5434,0
rep2,2.1046,5435,0
rep2,2.1062,5436,0
rep2,2.1062,5437,0
rep2,2.1063,5438,0
rep2,2.1067,5439,0
rep2,2.1072,5440,0
rep2,2.1073,5441,0
rep2,2.1081,5442,0
rep2,2.1083,5443,0
rep2,2.1087,5444,0
rep2,2.1089,5445,0
rep2,2.1099,5446,0
rep2,2.1102,5447,0
rep2,2.1104,5448,0
rep2,2.1105,5449,0
rep2,2.1111,5450,0
rep2,2.1112,5451,0
rep2,2.1112,5452,0
rep2,2.1113,5453,0
rep2,2.1114,5454,0
rep2,2.1116,5455,0
rep2,2.1117,5456,0
rep2,2.1119,5457,0
rep2,2.112,5458,0
rep2,2.1122,5459,0
rep2,2.1122,5460,0
rep2,2.1123,5461,0
rep2,2.1125,5462,0
rep2,2.1125,5463,0
rep2,2.1126,5464,0
rep2,2.1128,5465,0
rep2,2.1128,5466,0
rep2,2.1128,5467,0
rep2,2.113,5468,0
rep2,2.1136,5469,0
rep2,2.1137,5470,0
rep2,2.1139,5471,0
rep2,2.1139,5472,0
rep2,2.1141,5473,0
rep2,2.1142,5474,0
rep2,2.1142,5475,0
rep2,2.1145,5476,0
rep2,2.1145,5477,0
rep2,2.1146,5478,0
rep2,2.1148,5479,0
rep2,2.1148,5480,0
rep2,2.1148,5481,0
rep2,2.115,5482,0
rep2,2.115,5483,0
rep2,2.1151,5484,0
rep2,2.1153,5485,0
rep2,2.1154,5486,0
rep2,2.1154,5487,0
rep2,2.1154,5488,0
rep2,2.1155,5489,0
rep2,2.1156,5490,0
rep2,2.1159,5491,0
rep2,2.116,5492,0
rep2,2.116,5493,0
rep2,2.1162,5494,0
rep2,2.1163,5495,0
rep2,2.1163,5496,0
rep2,2.1164,5497,0
rep2,2.1165,5498,0
rep2,2.1165,5499,0
rep2,2.1166,5500,0
rep2,2.1168,5501,0
rep2,2.1169,5502,0
rep2,2.117,5503,0
rep2,2.117,5504,0
rep2,2.117,5505,0
rep2,2.1171,5506,0
rep2,2.1173,5507,0
rep2,2.1173,5508,0
rep2,2.1174,5509,0
rep2,2.1175,5510,0
rep2,2.1178,5511,0
rep2,2.1179,5512,0
rep2,2.118,5513,0
rep2,2.1181,5514,0
rep2,2.1181,5515,0
rep2,2.1183,5516,0
rep2,2.1184,5517,0
rep2,2.1184,5518,0
rep2,2.1186,5519,0
rep2,2.119,5520,0
rep2,2.1191,5521,0
rep2,2.1192,5522,0
rep2,2.1193,5523,0
rep2,2.1193,5524,0
rep2,2.1196,5525,0
rep2,2.1197,5526,0
rep2,2.1197,5527,0
rep2,2.1198,5528,0
rep2,2.1202,5529,0
rep2,2.1203,5530,0
rep2,2.1207,5531,0
rep2,2.1208,5532,0
rep2,2.1209,5533,0
rep2,2.121,5534,0
rep2,2.121,5535,0
rep2,2.1212,5536,0
rep2,2.1214,5537,0
rep2,2.1215,5538,0
rep2,2.1216,5539,0
rep2,2.1216,5540,0
rep2,2.1217,5541,0
rep2,2.1219,5542,0
rep2,2.1221,5543,0
rep2,2.1221,5544,0
rep2,2.1223,5545,0
rep2,2.1223,5546,0
rep2,2.1224,5547,0
rep2,2.123,5548,0
rep2,2.123,5549,0
rep2,2.1233,5550,0
rep2,2.1236,5551,0
rep2,2.1237,5552,0
rep2,2.1238,5553,0
rep2,2.1238,5554,0
rep2,2.124,5555,0
rep2,2.1244,5556,0
rep2,2.1245,5557,0
rep2,2.1247,5558,0
rep2,2.1248,5559,0
rep2,2.1254,5560,0
rep2,2.1254,5561,0
rep2,2.1255,5562,0
rep2,2.1257,5563,0
rep2,2.1265,5564,0
rep2,2.127,5565,0
rep2,2.1271,5566,0
rep2,2.1277,5567,0
rep2,2.1278,5568,0
rep2,2.1286,5569,0
rep2,2.1292,5570,0
rep2,2.1292,5571,0
rep2,2.1294,5572,0
rep2,2.1296,5573,0
rep2,2.1305,5574,0
rep2,2.1306,5575,0
rep2,2.1306,5576,0
rep2,2.1307,5577,0
rep2,2.1309,5578,0
rep2,2.1311,5579,0
rep2,2.1311,5580,0
rep2,2.1313,5581,0
rep2,2.1314,5582,0
rep2,2.1315,5583,0
rep2,2.1316,5584,0
rep2,2.1316,5585,0
rep2,2.1317,5586,0
rep2,2.1317,5587,0
rep2,2.1331,5588,0
rep2,2.1332,5589,0
rep2,2.1334,5590,0
rep2,2.1335,5591,0
rep2,2.1347,5592,0
rep2,2.1351,5593,0
rep2,2.1356,5594,0
rep2,2.136,5595,0
rep2,2.1361,5596,0
rep2,2.1368,5597,0
rep2,2.137,5598,0
rep2,2.1375,5599,0
rep2,2.1378,5600,0
rep2,2.1379,5601,0
rep2,2.138,5602,0
rep2,2.1384,5603,0
rep2,2.1397,5604,0
rep2,2.1411,5605,0
rep2,2.1417,5606,0
rep2,2.142,5607,0
rep2,2.1423,5608,0
rep2,2.1423,5609,0
rep2,2.1426,5610,0
rep2,2.1426,5611,0
rep2,2.1433,5612,0
rep2,2.1438,5613,0
rep2,2.1442,5614,0
rep2,2.1442,5615,0
rep2,2.1444,5616,0
rep2,2.1446,5617,0
rep2,2.1448,5618,0
rep2,2.1448,5619,0
rep2,2.1452,5620,0
rep2,2.1452,5621,0
rep2,2.1453,5622,0
rep2,2.1459,5623,0
rep2,2.1462,5624,0
rep2,2.1463,5625,0
rep2,2.1466,5626,0
rep2,2.1468,5627,0
rep2,2.1468,5628,0
rep2,2.1471,5629,0
rep2,2.1472,5630,0
rep2,2.1472,5631,0
rep2,2.1473,5632,0
rep2,2.1477,5633,0
rep2,2.1477,5634,0
rep2,2.1478,5635,0
rep2,2.1479,5636,0
rep2,2.1483,5637,0
rep2,2.1484,5638,0
rep2,2.1485,5639,0
rep2,2.1486,5640,0
rep2,2.1486,5641,0
rep2,2.1487,5642,0
rep2,2.1489,5643,0
rep2,2.149,5644,0
rep2,2.149,5645,0
rep2,2.1491,5646,0
rep2,2.1492,5647,0
rep2,2.1492,5648,0
rep2,2.1497,5649,0
rep2,2.1497,5650,0
rep2,2.1497,5651,0
rep2,2.1498,5652,0
rep2,2.15,5653,0
rep2,2.1501,5654,0
rep2,2.1504,5655,0
rep2,2.1506,5656,0
rep2,2.1512,5657,0
rep2,2.1513,5658,0
rep2,2.1514,5659,0
rep2,2.1514,5660,0
rep2,2.1516,5661,0
rep2,2.1519,5662,0
rep2,2.152,5663,0
rep2,2.152,5664,0
rep2,2.1523,5665,0
rep2,2.1523,5666,0
rep2,2.1527,5667,0
rep2,2.1532,5668,0
rep2,2.1533,5669,0
rep2,2.1537,5670,0
rep2,2.1538,5671,0
rep2,2.1542,5672,0
rep2,2.1545,5673,0
rep2,2.1546,5674,0
rep2,2.1549,5675,0
rep2,2.1549,5676,0
rep2,2.1549,5677,0
rep2,2.1557,5678,0
rep2,2.1562,5679,0
rep2,2.1566,5680,0
rep2,2.1567,5681,0
rep2,2.1567,5682,0
rep2,2.1569,5683,0
rep2,2.1581,5684,0
rep2,2.1584,5685,0
rep2,2.1584,5686,0
rep2,2.1587,5687,0
rep2,2.1587,5688,0
rep2,2.159,5689,0
rep2,2.1592,5690,0
rep2,2.1592,5691,0
rep2,2.1593,5692,0
rep2,2.1593,5693,0
rep2,2.1594,5694,0
rep2,2.1598,5695,0
rep2,2.1598,5696,0
rep2,2.1599,5697,0
rep2,2.1599,5698,0
rep2,2.1601,5699,0
rep2,2.1602,5700,0
rep2,2.1604,5701,0
rep2,2.1606,5702,0
rep2,2.161,5703,0
rep2,2.1617,5704,0
rep2,2.1619,5705,0
rep2,2.1624,5706,0
rep2,2.1625,5707,0
rep2,2.1627,5708,0
rep2,2.1628,5709,0
rep2,2.1631,5710,0
rep2,2.1631,5711,0
rep2,2.1633,5712,0
rep2,2.1634,5713,0
rep2,2.1634,5714,0
rep2,2.1639,5715,0
rep2,2.164,5716,0
rep2,2.1644,5717,0
rep2,2.1647,5718,0
rep2,2.1653,5719,0
rep2,2.1655,5720,0
rep2,2.1661,5721,0
rep2,2.1663,5722,0
rep2,2.1667,5723,0
rep2,2.1669,5724,0
rep2,2.1669,5725,0
rep2,2.1669,5726,0
rep2,2.1678,5727,0
rep2,2.1678,5728,0
rep2,2.1681,5729,0
rep2,2.1681,5730,0
rep2,2.1686,5731,0
rep2,2.1687,5732,0
rep2,2.1687,5733,0
rep2,2.1688,5734,0
rep2,2.1689,5735,0
rep2,2.169,5736,0
rep2,2.1691,5737,0
rep2,2.1693,5738,0
rep2,2.1699,5739,0
rep2,2.1704,5740,0
rep2,2.1705,5741,0
rep2,2.1705,5742,0
rep2,2.1709,5743,0
rep2,2.1711,5744,0
rep2,2.1716,5745,0
rep2,2.1716,5746,0
rep2,2.1721,5747,0
rep2,2.1725,5748,0
rep2,2.173,5749,0
rep2,2.1736,5750,0
rep2,2.174,5751,0
rep2,2.1741,5752,0
rep2,2.1743,5753,0
rep2,2.1745,5754,0
rep2,2.1745,5755,0
rep2,2.1747,5756,0
rep2,2.1749,5757,0
rep2,2.1753,5758,0
rep2,2.1753,5759,0
rep2,2.1756,5760,0
rep2,2.1762,5761,0
rep2,2.1765,5762,0
rep2,2.1768,5763,0
rep2,2.1771,5764,0
rep2,2.1773,5765,0
rep2,2.1773,5766,0
rep2,2.1776,5767,0
rep2,2.1778,5768,0
rep2,2.1784,5769,0
rep2,2.1785,5770,0
rep2,2.1786,5771,0
rep2,2.1786,5772,0
rep2,2.1789,5773,0
rep2,2.1793,5774,0
rep2,2.1797,5775,0
rep2,2.1798,5776,0
rep2,2.1798,5777,0
rep2,2.1802,5778,0
rep2,2.1809,5779,0
rep2,2.181,5780,0
rep2,2.1811,5781,0
rep2,2.1812,5782,0
rep2,2.1815,5783,0
rep2,2.1818,5784,0
rep2,2.1819,5785,0
rep2,2.1819,5786,0
rep2,2.1822,5787,0
rep2,2.1824,5788,0
rep2,2.1825,5789,0
rep2,2.1825,5790,0
rep2,2.1826,5791,0
rep2,2.1831,5792,0
rep2,2.1831,5793,0
rep2,2.1835,5794,0
rep2,2.184,5795,0
rep2,2.184,5796,0
rep2,2.1841,5797,0
rep2,2.1841,5798,0
rep2,2.1843,5799,0
rep2,2.1844,5800,0
rep2,2.1844,5801,0
rep2,2.1844,5802,0
rep2,2.1845,5803,0
rep2,2.1846,5804,0
rep2,2.1846,5805,0
rep2,2.1847,5806,0
rep2,2.1847,5807,0
rep2,2.1848,5808,0
rep2,2.1848,5809,0
rep2,2.1849,5810,0
rep2,2.1849,5811,0
rep2,2.1851,5812,0
rep2,2.1852,5813,0
rep2,2.1852,5814,0
rep2,2.1853,5815,0
rep2,2.1853,5816,0
rep2,2.1854,5817,0
rep2,2.1858,5818,0
rep2,2.1862,5819,0
rep2,2.1862,5820,0
rep2,2.1863,5821,0
rep2,2.1863,5822,0
rep2,2.1864,5823,0
rep2,2.1865,5824,0
rep2,2.1865,5825,0
rep2,2.1866,5826,0
rep2,2.1866,5827,0
rep2,2.1869,5828,0
rep2,2.187,5829,0
rep2,2.187,5830,0
rep2,2.1872,5831,0
rep2,2.1877,5832,0
rep2,2.1879,5833,0
rep2,2.188,5834,0
rep2,2.1881,5835,0
rep2,2.1884,5836,0
rep2,2.1884,5837,0
rep2,2.1885,5838,0
rep2,2.1887,5839,0
rep2,2.1888,5840,0
rep2,2.189,5841,0
rep2,2.1894,5842,0
rep2,2.1896,5843,0
rep2,2.1896,5844,0
rep2,2.1897,5845,0
rep2,2.1897,5846,0
rep2,2.1906,5847,0
rep2,2.1907,5848,0
rep2,2.1911,5849,0
rep2,2.1913,5850,0
rep2,2.1915,5851,0
rep2,2.1917,5852,0
rep2,2.1918,5853,0
rep2,2.1918,5854,0
rep2,2.192,5855,0
rep2,2.1921,5856,0
rep2,2.1922,5857,0
rep2,2.1926,5858,0
rep2,2.1927,5859,0
rep2,2.1928,5860,0
rep2,2.1929,5861,0
rep2,2.193,5862,0
rep2,2.1931,5863,0
rep2,2.1934,5864,0
rep2,2.1939,5865,0
rep2,2.1942,5866,0
rep2,2.1946,5867,0
rep2,2.1949,5868,0
rep2,2.195,5869,0
rep2,2.195,5870,0
rep2,2.1955,5871,0
rep2,2.1958,5872,0
rep2,2.1969,5873,0
rep2,2.197,5874,0
rep2,2.197,5875,0
rep2,2.1972,5876,0
rep2,2.1973,5877,0
rep2,2.1975,5878,0
rep2,2.1977,5879,0
rep2,2.1981,5880,0
rep2,2.1986,5881,0
rep2,2.1987,5882,0
rep2,2.1988,5883,0
rep2,2.1989,5884,0
rep2,2.1989,5885,0
rep2,2.1989,5886,0
rep2,2.199,5887,0
rep2,2.199,5888,0
rep2,2.1991,5889,0
rep2,2.1992,5890,0
rep2,2.1993,5891,0
rep2,2.1995,5892,0
rep2,2.1995,5893,0
rep2,2.2003,5894,0
rep2,2.2004,5895,0
rep2,2.2007,5896,0
rep2,2.2007,5897,0
rep2,2.2013,5898,0
rep2,2.2015,5899,0
rep2,2.2018,5900,0
rep2,2.2022,5901,0
rep2,2.2025,5902,0
rep2,2.2026,5903,0
rep2,2.2028,5904,0
rep2,2.2028,5905,0
rep2,2.2029,5906,0
rep2,2.2031,5907,0
rep2,2.2034,5908,0
rep2,2.2034,5909,0
rep2,2.2034,5910,0
rep2,2.2034,5911,0
rep2,2.2036,5912,0
rep2,2.2047,5913,0
rep2,2.2047,5914,0
rep2,2.2049,5915,0
rep2,2.2053,5916,0
rep2,2.2055,5917,0
rep2,2.2059,5918,0
rep2,2.2059,5919,0
rep2,2.2063,5920,0
rep2,2.2067,5921,0
rep2,2.2067,5922,0
rep2,2.2069,5923,0
rep2,2.207,5924,0
rep2,2.2076,5925,0
rep2,2.2077,5926,0
rep2,2.2078,5927,0
rep2,2.2079,5928,0
rep2,2.2083,5929,0
rep2,2.2085,5930,0
rep2,2.2087,5931,0
rep2,2.2088,5932,0
rep2,2.2094,5933,0
rep2,2.2097,5934,0
rep2,2.2098,5935,0
rep2,2.2098,5936,0
rep2,2.2099,5937,0
rep2,2.21,5938,0
rep2,2.2109,5939,0
rep2,2.2109,5940,0
rep2,2.211,5941,0
rep2,2.2121,5942,0
rep2,2.2122,5943,0
rep2,2.2123,5944,0
rep2,2.2123,5945,0
rep2,2.2125,5946,0
rep2,2.2126,5947,0
rep2,2.2128,5948,0
rep2,2.2129,5949,0
rep2,2.2129,5950,0
rep2,2.2129,5951,0
rep2,2.213,5952,0
rep2,2.2131,5953,0
rep2,2.2132,5954,0
rep2,2.2133,5955,0
rep2,2.2133,5956,0
rep2,2.2134,5957,0
rep2,2.2134,5958,0
rep2,2.2134,5959,0
rep2,2.2135,5960,0
rep2,2.2138,5961,0
rep2,2.214,5962,0
rep2,2.214,5963,0
rep2,2.214,5964,0
rep2,2.2141,5965,0
rep2,2.2141,5966,0
rep2,2.2142,5967,0
rep2,2.2143,5968,0
rep2,2.2143,5969,0
rep2,2.2143,5970,0
rep2,2.2143,5971,0
rep2,2.2147,5972,0
rep2,2.2149,5973,0
rep2,2.215,5974,0
rep2,2.2151,5975,0
rep2,2.2151,5976,0
rep2,2.2152,5977,0
rep2,2.2152,5978,0
rep2,2.2154,5979,0
rep2,2.2158,5980,0
rep2,2.2159,5981,0
rep2,2.216,5982,0
rep2,2.2161,5983,0
rep2,2.2162,5984,0
rep2,2.2163,5985,0
rep2,2.2164,5986,0
rep2,2.2165,5987,0
rep2,2.2165,5988,0
rep2,2.2167,5989,0
rep2,2.2168,5990,0
rep2,2.2169,5991,0
rep2,2.217,5992,0
rep2,2.2172,5993,0
rep2,2.2173,5994,0
rep2,2.2174,5995,0
rep2,2.2178,5996,0
rep2,2.218,5997,0
rep2,2.2181,5998,0
rep2,2.2181,5999,0
rep2,2.2182,6000,0
rep2,2.2183,6001,0
rep2,2.2184,6002,0
rep2,2.2185,6003,0
rep2,2.2185,6004,0
rep2,2.2185,6005,0
rep2,2.2185,6006,0
rep2,2.2185,6007,0
rep2,2.2188,6008,0
rep2,2.2188,6009,0
rep2,2.2188,6010,0
rep2,2.2189,6011,0
rep2,2.2194,6012,0
rep2,2.2196,6013,0
rep2,2.2198,6014,0
rep2,2.2198,6015,0
rep2,2.2199,6016,0
rep2,2.2201,6017,0
rep2,2.2201,6018,0
rep2,2.2203,6019,0
rep2,2.2206,6020,0
rep2,2.2206,6021,0
rep2,2.2206,6022,0
rep2,2.2208,6023,0
rep2,2.2209,6024,0
rep2,2.2211,6025,0
rep2,2.2214,6026,0
rep2,2.2216,6027,0
rep2,2.2217,6028,0
rep2,2.2218,6029,0
rep2,2.2222,6030,0
rep2,2.2223,6031,0
rep2,2.2224,6032,0
rep2,2.2225,6033,0
rep2,2.2225,6034,0
rep2,2.2225,6035,0
rep2,2.2228,6036,0
rep2,2.2229,6037,0
rep2,2.2229,6038,0
rep2,2.2235,6039,0
rep2,2.2238,6040,0
rep2,2.224,6041,0
rep2,2.2241,6042,0
rep2,2.2243,6043,0
rep2,2.2245,6044,0
rep2,2.2245,6045,0
rep2,2.2252,6046,0
rep2,2.2253,6047,0
rep2,2.2253,6048,0
rep2,2.2255,6049,0
rep2,2.2259,6050,0
rep2,2.2259,6051,0
rep2,2.2264,6052,0
rep2,2.2266,6053,0
rep2,2.2268,6054,0
rep2,2.227,6055,0
rep2,2.227,6056,0
rep2,2.2271,6057,0
rep2,2.2272,6058,0
rep2,2.2273,6059,0
rep2,2.2274,6060,0
rep2,2.2275,6061,0
rep3,1.0079,1,0
rep3,1.0079,2,0
rep3,1.008,3,0
rep3,1.008,4,0
rep3,1.0081,5,0
rep3,1.0081,6,0
rep3,1.0082,7,0
rep3,1.0082,8,0
rep3,1.0083,9,0
rep3,1.0084,10,0
rep3,1.0085,11,0
rep3,1.0085,12,0
rep3,1.0085,13,0
rep3,1.0086,14,0
rep3,1.0086,15,0
rep3,1.0086,16,0
rep3,1.0086,17,0
rep3,1.0087,18,0
rep3,1.0087,19,0
rep3,1.0089,20,0
rep3,1.0089,21,0
rep3,1.009,22,0
rep3,1.009,23,0
rep3,1.0091,24,0
rep3,1.0091,25,0
rep3,1.0092,26,0
rep3,1.0092,27,0
rep3,1.0094,28,0
rep3,1.0094,29,0
rep3,1.0094,30,0
rep3,1.0094,31,0
rep3,1.0095,32,0
rep3,1.0096,33,0
rep3,1.0096,34,0
rep3,1.0097,35,0
rep3,1.0099,36,0
rep3,1.01,37,0
rep3,1.01,38,0
rep3,1.0103,39,0
rep3,1.0103,40,0
rep3,1.0104,41,0
rep3,1.0104,42,0
rep3,1.0106,43,0
rep3,1.0106,44,0
rep3,1.0107,45,0
rep3,1.0108,46,0
rep3,1.0108,47,0
rep3,1.0109,48,0
rep3,1.0111,49,0
rep3,1.0111,50,0
rep3,1.0111,51,0
rep3,1.0113,52,0
rep3,1.0114,53,0
rep3,1.0114,54,0
rep3,1.0114,55,0
rep3,1.0115,56,0
rep3,1.0115,57,0
rep3,1.0116,58,0
rep3,1.0116,59,0
rep3,1.0116,60,0
rep3,1.0116,61,0
rep3,1.0117,62,0
rep3,1.0119,63,0
rep3,1.0119,64,0
rep3,1.0119,65,0
rep3,1.012,66,0
rep3,1.0121,67,0
rep3,1.0122,68,0
rep3,1.0122,69,0
rep3,1.0123,70,0
rep3,1.0125,71,0
rep3,1.0127,72,0
rep3,1.0127,73,0
rep3,1.0129,74,0
rep3,1.0129,75,0
rep3,1.0129,76,0
rep3,1.0129,77,0
rep3,1.0131,78,0
rep3,1.0131,79,0
rep3,1.0132,80,0
rep3,1.0135,81,0
rep3,1.0136,82,0
rep3,1.0138,83,0
rep3,1.0138,84,0
rep3,1.0138,85,0
rep3,1.0141,86,0
rep3,1.0142,87,0
rep3,1.0142,88,0
rep3,1.0143,89,0
rep3,1.0144,90,0
rep3,1.0146,91,0
rep3,1.0148,92,0
rep3,1.0148,93,0
rep3,1.0149,94,0
rep3,1.0149,95,0
rep3,1.015,96,0
rep3,1.0151,97,0
rep3,1.0151,98,0
rep3,1.0151,99,0
rep3,1.0153,100,0
rep3,1.0153,101,0
rep3,1.0155,102,0
rep3,1.0156,103,0
rep3,1.0156,104,0
rep3,1.0156,105,0
rep3,1.0156,106,0
rep3,1.0157,107,0
rep3,1.0157,108,0
rep3,1.0158,109,0
rep3,1.0158,110,0
rep3,1.016,111,0
rep3,1.0161,112,0
rep3,1.0162,113,0
rep3,1.0164,114,0
rep3,1.0164,115,0
rep3,1.0166,116,0
rep3,1.0167,117,0
rep3,1.0167,118,0
rep3,1.0169,119,0
rep3,1.017,120,0
rep3,1.0174,121,0
rep3,1.0175,122,0
rep3,1.0176,123,0
rep3,1.0179,124,0
rep3,1.018,125,0
rep3,1.0181,126,0
rep3,1.0181,127,0
rep3,1.0181,128,0
rep3,1.0182,129,0
rep3,1.0182,130,0
rep3,1.0182,131,0
rep3,1.0187,132,0
rep3,1.0187,133,0
rep3,1.0188,134,0
rep3,1.0188,135,0
rep3,1.019,136,0
rep3,1.0192,137,0
rep3,1.0192,138,0
rep3,1.0193,139,0
rep3,1.0193,140,0
rep3,1.0195,141,0
rep3,1.0197,142,0
rep3,1.0197,143,0
rep3,1.0197,144,0
rep3,1.0198,145,0
rep3,1.0199,146,0
rep3,1.0201,147,0
rep3,1.0206,148,0
rep3,1.0209,149,0
rep3,1.021,150,0
rep3,1.0211,151,0
rep3,1.0215,152,0
rep3,1.0215,153,0
rep3,1.0217,154,0
rep3,1.0219,155,0
rep3,1.0221,156,0
rep3,1.0222,157,0
rep3,1.0222,158,0
rep3,1.0224,159,0
rep3,1.0226,160,0
rep3,1.0231,161,0
rep3,1.0231,162,0
rep3,1.0234,163,0
rep3,1.0235,164,0
rep3,1.0237,165,0
rep3,1.0237,166,0
rep3,1.0239,167,0
rep3,1.0241,168,0
rep3,1.0241,169,0
rep3,1.0242,170,0
rep3,1.0249,171,0
rep3,1.0249,172,0
rep3,1.0251,173,0
rep3,1.0254,174,0
rep3,1.0255,175,0
rep3,1.0255,176,0
rep3,1.0257,177,0
rep3,1.0258,178,0
rep3,1.0262,179,0
rep3,1.0264,180,0
rep3,1.0266,181,0
rep3,1.027,182,0
rep3,1.0275,183,0
rep3,1.0275,184,0
rep3,1.0278,185,0
rep3,1.0279,186,0
rep3,1.0289,187,0
rep3,1.0295,188,0
rep3,1.0296,189,0
rep3,1.0297,190,0
rep3,1.0297,191,0
rep3,1.0298,192,0
rep3,1.0309,193,0
rep3,1.0311,194,0
rep3,1.0313,195,0
rep3,1.0316,196,0
rep3,1.0316,197,0
rep3,1.0324,198,0
rep3,1.0325,199,0
rep3,1.0328,200,0
rep3,1.0341,201,0
rep3,1.0344,202,0
rep3,1.0345,203,0
rep3,1.0346,204,0
rep3,1.0351,205,0
rep3,1.0364,206,0
rep3,1.0364,207,0
rep3,1.0367,208,0
rep3,1.0375,209,0
rep3,1.0384,210,0
rep3,1.0386,211,0
rep3,1.0388,212,0
rep3,1.0391,213,0
rep3,1.0395,214,0
rep3,1.0399,215,0
rep3,1.0409,216,0
rep3,1.0417,217,0
rep3,1.0417,218,0
rep3,1.0417,219,0
rep3,1.0417,220,0
rep3,1.0417,221,0
rep3,1.0417,222,0
rep3,1.0418,223,0
rep3,1.0418,224,0
rep3,1.0418,225,0
rep3,1.0418,226,0
rep3,1.0418,227,0
rep3,1.0418,228,0
rep3,1.0418,229,0
rep3,1.0418,230,0
rep3,1.0419,231,0
rep3,1.0419,232,0
rep3,1.0419,233,0
rep3,1.0419,234,0
rep3,1.0419,235,0
rep3,1.0419,236,0
rep3,1.0419,237,0
rep3,1.042,238,0
rep3,1.042,239,0
rep3,1.042,240,0
rep3,1.042,241,0
rep3,1.042,242,0
rep3,1.042,243,0
rep3,1.042,244,0
rep3,1.0421,245,0
rep3,1.0421,246,0
rep3,1.0421,247,0
rep3,1.0421,248,0
rep3,1.0421,249,0
rep3,1.0421,250,0
rep3,1.0421,251,0
rep3,1.0422,252,0
rep3,1.0422,253,0
rep3,1.0422,254,0
rep3,1.0422,255,0
rep3,1.0422,256,0
rep3,1.0422,257,0
rep3,1.0423,258,0
rep3,1.0423,259,0
rep3,1.0423,260,0
rep3,1.0423,261,0
rep3,1.0423,262,0
rep3,1.0423,263,0
rep3,1.0423,264,0
rep3,1.0424,265,0
rep3,1.0424,266,0
rep3,1.0424,267,0
rep3,1.0424,268,0
rep3,1.0424,269,0
rep3,1.0424,270,0
rep3,1.0424,271,0
rep3,1.0425,272,0
rep3,1.0425,273,0
rep3,1.0425,274,0
rep3,1.0425,275,0
rep3,1.0425,276,0
rep3,1.0425,277,0
rep3,1.0425,278,0
rep3,1.0426,279,0
rep3,1.0426,280,0
rep3,1.0426,281,0
rep3,1.0426,282,0
rep3,1.0426,283,0
rep3,1.0427,284,0
rep3,1.0427,285,0
rep3,1.0427,286,0
rep3,1.0427,287,0
rep3,1.0427,288,0
rep3,1.0427,289,0
rep3,1.0428,290,0
rep3,1.0428,291,0
rep3,1.0428,292,0
rep3,1.0428,293,0
rep3,1.0428,294,0
rep3,1.0429,295,0
rep3,1.0429,296,0
rep3,1.0429,297,0
rep3,1.0429,298,0
rep3,1.0429,299,0
rep3,1.0429,300,0
rep3,1.043,301,0
rep3,1.043,302,0
rep3,1.043,303,0
rep3,1.043,304,0
rep3,1.043,305,0
rep3,1.043,306,0
rep3,1.0431,307,0
rep3,1.0431,308,0
rep3,1.0431,309,0
rep3,1.0431,310,0
rep3,1.0432,311,0
rep3,1.0432,312,0
rep3,1.0432,313,0
rep3,1.0432,314,0
rep3,1.0432,315,0
rep3,1.0432,316,0
rep3,1.0432,317,0
rep3,1.0433,318,0
rep3,1.0433,319,0
rep3,1.0433,320,0
rep3,1.0433,321,0
rep3,1.0433,322,0
rep3,1.0433,323,0
rep3,1.0433,324,0
rep3,1.0434,325,0
rep3,1.0434,326,0
rep3,1.0434,327,0
rep3,1.0434,328,0
rep3,1.0434,329,0
rep3,1.0435,330,0
rep3,1.0435,331,0
rep3,1.0435,332,0
rep3,1.0435,333,0
rep3,1.0435,334,0
rep3,1.0435,335,0
rep3,1.0435,336,0
rep3,1.0436,337,0
rep3,1.0436,338,0
rep3,1.0436,339,0
rep3,1.0436,340,0
rep3,1.0436,341,0
rep3,1.0436,342,0
rep3,1.0437,343,0
rep3,1.0437,344,0
rep3,1.0437,345,0
rep3,1.0437,346,0
rep3,1.0437,347,0
rep3,1.0437,348,0
rep3,1.0438,349,0
rep3,1.0438,350,0
rep3,1.0438,351,0
rep3,1.0438,352,0
rep3,1.0439,353,0
rep3,1.0439,354,0
rep3,1.0439,355,0
rep3,1.0439,356,0
rep3,1.0439,357,0
rep3,1.0439,358,0
rep3,1.0439,359,0
rep3,1.044,360,0
rep3,1.044,361,0
rep3,1.044,362,0
rep3,1.044,363,0
rep3,1.044,364,0
rep3,1.044,365,0
rep3,1.0441,366,0
rep3,1.0441,367,0
rep3,1.0441,368,0
rep3,1.0441,369,0
rep3,1.0441,370,0
rep3,1.0441,371,0
rep3,1.0441,372,0
rep3,1.0442,373,0
rep3,1.0442,374,0
rep3,1.0442,375,0
rep3,1.0442,376,0
rep3,1.0442,377,0
rep3,1.0442,378,0
rep3,1.0442,379,0
rep3,1.0443,380,0
rep3,1.0443,381,0
rep3,1.0443,382,0
rep3,1.0443,383,0
rep3,1.0443,384,0
rep3,1.0443,385,0
rep3,1.0444,386,0
rep3,1.0444,387,0
rep3,1.0444,388,0
rep3,1.0444,389,0
rep3,1.0444,390,0
rep3,1.0444,391,0
rep3,1.0445,392,0
rep3,1.0445,393,0
rep3,1.0445,394,0
rep3,1.0446,395,0
rep3,1.0446,396,0
rep3,1.0446,397,0
rep3,1.0446,398,0
rep3,1.0446,399,0
rep3,1.0447,400,0
rep3,1.0447,401,0
rep3,1.0447,402,0
rep3,1.0447,403,0
rep3,1.0448,404,0
rep3,1.0448,405,0
rep3,1.0448,406,0
rep3,1.0448,407,0
rep3,1.0448,408,0
rep3,1.0448,409,0
rep3,1.0449,410,0
rep3,1.0449,411,0
rep3,1.0449,412,0
rep3,1.0449,413,0
rep3,1.0449,414,0
rep3,1.045,415,0
rep3,1.045,416,0
rep3,1.045,417,0
rep3,1.045,418,0
rep3,1.045,419,0
rep3,1.045,420,0
rep3,1.0451,421,0
rep3,1.0451,422,0
rep3,1.0451,423,0
rep3,1.0451,424,0
rep3,1.0452,425,0
rep3,1.0452,426,0
rep3,1.0452,427,0
rep3,1.0452,428,0
rep3,1.0453,429,0
rep3,1.0453,430,0
rep3,1.0453,431,0
rep3,1.0453,432,0
rep3,1.0453,433,0
rep3,1.0453,434,0
rep3,1.0454,435,0
rep3,1.0454,436,0
rep3,1.0454,437,0
rep3,1.0454,438,0
rep3,1.0454,439,0
rep3,1.0455,440,0
rep3,1.0455,441,0
rep3,1.0455,442,0
rep3,1.0455,443,0
rep3,1.0455,444,0
rep3,1.0455,445,0
rep3,1.0455,446,0
rep3,1.0456,447,0
rep3,1.0456,448,0
rep3,1.0456,449,0
rep3,1.0456,450,0
rep3,1.0456,451,0
rep3,1.0456,452,0
rep3,1.0456,453,0
rep3,1.0457,454,0
rep3,1.0457,455,0
rep3,1.0457,456,0
rep3,1.0457,457,0
rep3,1.0457,458,0
rep3,1.0458,459,0
rep3,1.0458,460,0
rep3,1.0458,461,0
rep3,1.0458,462,0
rep3,1.0458,463,0
rep3,1.0458,464,0
rep3,1.0458,465,0
rep3,1.0459,466,0
rep3,1.0459,467,0
rep3,1.046,468,0
rep3,1.046,469,0
rep3,1.046,470,0
rep3,1.046,471,0
rep3,1.046,472,0
rep3,1.0461,473,0
rep3,1.0461,474,0
rep3,1.0461,475,0
rep3,1.0461,476,0
rep3,1.0461,477,0
rep3,1.0462,478,0
rep3,1.0462,479,0
rep3,1.0462,480,0
rep3,1.0462,481,0
rep3,1.0463,482,0
rep3,1.0463,483,0
rep3,1.0463,484,0
rep3,1.0463,485,0
rep3,1.0463,486,0
rep3,1.0463,487,0
rep3,1.0464,488,0
rep3,1.0464,489,0
rep3,1.0464,490,0
rep3,1.0464,491,0
rep3,1.0464,492,0
rep3,1.0464,493,0
rep3,1.0464,494,0
rep3,1.0465,495,0
rep3,1.0465,496,0
rep3,1.0466,497,0
rep3,1.0466,498,0
rep3,1.0466,499,0
rep3,1.0466,500,0
rep3,1.0466,501,0
rep3,1.0466,502,0
rep3,1.0466,503,0
rep3,1.0467,504,0
rep3,1.0467,505,0
rep3,1.0467,506,0
rep3,1.0467,507,0
rep3,1.0468,508,0
rep3,1.0468,509,0
rep3,1.0468,510,0
rep3,1.0468,511,0
rep3,1.0469,512,0
rep3,1.0469,513,0
rep3,1.0469,514,0
rep3,1.0469,515,0
rep3,1.0469,516,0
rep3,1.0469,517,0
rep3,1.0469,518,0
rep3,1.047,519,0
rep3,1.047,520,0
rep3,1.0471,521,0
rep3,1.0471,522,0
rep3,1.0471,523,0
rep3,1.0471,524,0
rep3,1.0471,525,0
rep3,1.0471,526,0
rep3,1.0472,527,0
rep3,1.0472,528,0
rep3,1.0473,529,0
rep3,1.0473,530,0
rep3,1.0473,531,0
rep3,1.0473,532,0
rep3,1.0473,533,0
rep3,1.0473,534,0
rep3,1.0474,535,0
rep3,1.0474,536,0
rep3,1.0474,537,0
rep3,1.0474,538,0
rep3,1.0474,539,0
rep3,1.0474,540,0
rep3,1.0475,541,0
rep3,1.0475,542,0
rep3,1.0475,543,0
rep3,1.0475,544,0
rep3,1.0476,545,0
rep3,1.0476,546,0
rep3,1.0476,547,0
rep3,1.0476,548,0
rep3,1.0476,549,0
rep3,1.0476,550,0
rep3,1.0476,551,0
rep3,1.0477,552,0
rep3,1.0477,553,0
rep3,1.0477,554,0
rep3,1.0477,555,0
rep3,1.0477,556,0
rep3,1.0478,557,0
rep3,1.0478,558,0
rep3,1.0478,559,0
rep3,1.0478,560,0
rep3,1.0479,561,0
rep3,1.0479,562,0
rep3,1.0479,563,0
rep3,1.0479,564,0
rep3,1.0479,565,0
rep3,1.0479,566,0
rep3,1.048,567,0
rep3,1.048,568,0
rep3,1.048,569,0
rep3,1.048,570,0
rep3,1.048,571,0
rep3,1.0481,572,0
rep3,1.0481,573,0
rep3,1.0481,574,0
rep3,1.0481,575,0
rep3,1.0481,576,0
rep3,1.0481,577,0
rep3,1.0481,578,0
rep3,1.0481,579,0
rep3,1.0482,580,0
rep3,1.0482,581,0
rep3,1.0482,582,0
rep3,1.0482,583,0
rep3,1.0482,584,0
rep3,1.0482,585,0
rep3,1.0483,586,0
rep3,1.0483,587,0
rep3,1.0483,588,0
rep3,1.0483,589,0
rep3,1.0483,590,0
rep3,1.0483,591,0
rep3,1.0484,592,0
rep3,1.0484,593,0
rep3,1.0484,594,0
rep3,1.0484,595,0
rep3,1.0484,596,0
rep3,1.0485,597,0
rep3,1.0485,598,0
rep3,1.0485,599,0
rep3,1.0485,600,0
rep3,1.0486,601,0
rep3,1.0486,602,0
rep3,1.0486,603,0
rep3,1.0486,604,0
rep3,1.0487,605,0
rep3,1.0487,606,0
rep3,1.0487,607,0
rep3,1.0487,608,0
rep3,1.0487,609,0
rep3,1.0487,610,0
rep3,1.0487,611,0
rep3,1.0487,612,0
rep3,1.0488,613,0
rep3,1.0488,614,0
rep3,1.0488,615,0
rep3,1.0488,616,0
rep3,1.0489,617,0
rep3,1.0489,618,0
rep3,1.0489,619,0
rep3,1.0489,620,0
rep3,1.049,621,0
rep3,1.049,622,0
rep3,1.0491,623,0
rep3,1.0491,624,0
rep3,1.0491,625,0
rep3,1.0491,626,0
rep3,1.0492,627,0
rep3,1.0492,628,0
rep3,1.0492,629,0
rep3,1.0492,630,0
rep3,1.0493,631,0
rep3,1.0493,632,0
rep3,1.0493,633,0
rep3,1.0494,634,0
rep3,1.0494,635,0
rep3,1.0494,636,0
rep3,1.0494,637,0
rep3,1.0495,638,0
rep3,1.0495,639,0
rep3,1.0495,640,0
rep3,1.0495,641,0
rep3,1.0495,642,0
rep3,1.0496,643,0
rep3,1.0496,644,0
rep3,1.0496,645,0
rep3,1.0497,646,0
rep3,1.0497,647,0
rep3,1.0497,648,0
rep3,1.0498,649,0
rep3,1.0498,650,0
rep3,1.0498,651,0
rep3,1.0499,652,0
rep3,1.0499,653,0
rep3,1.0499,654,0
rep3,1.0499,655,0
rep3,1.0499,656,0
rep3,1.05,657,0
rep3,1.05,658,0
rep3,1.05,659,0
rep3,1.05,660,0
rep3,1.05,661,0
rep3,1.05,662,0
rep3,1.05,663,0
rep3,1.0501,664,0
rep3,1.0501,665,0
rep3,1.0501,666,0
rep3,1.0501,667,0
rep3,1.0501,668,0
rep3,1.0502,669,0
rep3,1.0502,670,0
rep3,1.0502,671,0
rep3,1.0502,672,0
rep3,1.0502,673,0
rep3,1.0502,674,0
rep3,1.0502,675,0
rep3,1.0503,676,0
rep3,1.0503,677,0
rep3,1.0503,678,0
rep3,1.0503,679,0
rep3,1.0503,680,0
rep3,1.0503,681,0
rep3,1.0503,682,0
rep3,1.0503,683,0
rep3,1.0503,684,0
rep3,1.0504,685,0
rep3,1.0504,686,0
rep3,1.0505,687,0
rep3,1.0505,688,0
rep3,1.0505,689,0
rep3,1.0506,690,0
rep3,1.0506,691,0
rep3,1.0507,692,0
rep3,1.0507,693,0
rep3,1.0507,694,0
rep3,1.0507,695,0
rep3,1.0508,696,0
rep3,1.0508,697,0
rep3,1.0508,698,0
rep3,1.0509,699,0
rep3,1.051,700,0
rep3,1.051,701,0
rep3,1.051,702,0
rep3,1.051,703,0
rep3,1.051,704,0
rep3,1.0511,705,0
rep3,1.0511,706,0
rep3,1.0511,707,0
rep3,1.0511,708,0
rep3,1.0512,709,0
rep3,1.0512,710,0
rep3,1.0512,711,0
rep3,1.0513,712,0
rep3,1.0513,713,0
rep3,1.0513,714,0
rep3,1.0513,715,0
rep3,1.0513,716,0
rep3,1.0513,717,0
rep3,1.0514,718,0
rep3,1.0514,719,0
rep3,1.0514,720,0
rep3,1.0514,721,0
rep3,1.0515,722,0
rep3,1.0515,723,0
rep3,1.0516,724,0
rep3,1.0516,725,0
rep3,1.0516,726,0
rep3,1.0516,727,0
rep3,1.0516,728,0
rep3,1.0516,729,0
rep3,1.0517,730,0
rep3,1.0517,731,0
rep3,1.0517,732,0
rep3,1.0517,733,0
rep3,1.0517,734,0
rep3,1.0518,735,0
rep3,1.0518,736,0
rep3,1.0518,737,0
rep3,1.0518,738,0
rep3,1.0518,739,0
rep3,1.0519,740,0
rep3,1.0519,741,0
rep3,1.0519,742,0
rep3,1.0519,743,0
rep3,1.052,744,0
rep3,1.052,745,0
rep3,1.052,746,0
rep3,1.052,747,0
rep3,1.052,748,0
rep3,1.0521,749,0
rep3,1.0521,750,0
rep3,1.0521,751,0
rep3,1.0521,752,0
rep3,1.0521,753,0
rep3,1.0522,754,0
rep3,1.0522,755,0
rep3,1.0522,756,0
rep3,1.0522,757,0
rep3,1.0522,758,0
rep3,1.0523,759,0
rep3,1.0523,760,0
rep3,1.0523,761,0
rep3,1.0523,762,0
rep3,1.0523,763,0
rep3,1.0523,764,0
rep3,1.0523,765,0
rep3,1.0524,766,0
rep3,1.0524,767,0
rep3,1.0524,768,0
rep3,1.0524,769,0
rep3,1.0525,770,0
rep3,1.0525,771,0
rep3,1.0525,772,0
rep3,1.0525,773,0
rep3,1.0525,774,0
rep3,1.0525,775,0
rep3,1.0526,776,0
rep3,1.0526,777,0
rep3,1.0526,778,0
rep3,1.0527,779,0
rep3,1.0527,780,0
rep3,1.0527,781,0
rep3,1.0527,782,0
rep3,1.0528,783,0
rep3,1.0528,784,0
rep3,1.0528,785,0
rep3,1.0528,786,0
rep3,1.0529,787,0
rep3,1.0529,788,0
rep3,1.0529,789,0
rep3,1.0529,790,0
rep3,1.0529,791,0
rep3,1.0529,792,0
rep3,1.053,793,0
rep3,1.053,794,0
rep3,1.053,795,0
rep3,1.053,796,0
rep3,1.053,797,0
rep3,1.053,798,0
rep3,1.0531,799,0
rep3,1.0531,800,0
rep3,1.0531,801,0
rep3,1.0532,802,0
rep3,1.0532,803,0
rep3,1.0532,804,0
rep3,1.0532,805,0
rep3,1.0532,806,0
rep3,1.0532,807,0
rep3,1.0533,808,0
rep3,1.0533,809,0
rep3,1.0533,810,0
rep3,1.0534,811,0
rep3,1.0535,812,0
rep3,1.0535,813,0
rep3,1.0535,814,0
rep3,1.0535,815,0
rep3,1.0536,816,0
rep3,1.0536,817,0
rep3,1.0536,818,0
rep3,1.0536,819,0
rep3,1.0536,820,0
rep3,1.0537,821,0
rep3,1.0537,822,0
rep3,1.0538,823,0
rep3,1.0538,824,0
rep3,1.0538,825,0
rep3,1.0538,826,0
rep3,1.0539,827,0
rep3,1.0539,828,0
rep3,1.054,829,0
rep3,1.054,830,0
rep3,1.054,831,0
rep3,1.0541,832,0
rep3,1.0541,833,0
rep3,1.0541,834,0
rep3,1.0542,835,0
rep3,1.0543,836,0
rep3,1.0543,837,0
rep3,1.0543,838,0
rep3,1.0543,839,0
rep3,1.0543,840,0
rep3,1.0544,841,0
rep3,1.0544,842,0
rep3,1.0544,843,0
rep3,1.0545,844,0
rep3,1.0545,845,0
rep3,1.0545,846,0
rep3,1.0546,847,0
rep3,1.0546,848,0
rep3,1.0546,849,0
rep3,1.0547,850,0
rep3,1.0547,851,0
rep3,1.0547,852,0
rep3,1.0548,853,0
rep3,1.0548,854,0
rep3,1.0548,855,0
rep3,1.0548,856,0
rep3,1.0548,857,0
rep3,1.0548,858,0
rep3,1.0549,859,0
rep3,1.0549,860,0
rep3,1.0549,861,0
rep3,1.0549,862,0
rep3,1.0549,863,0
rep3,1.0549,864,0
rep3,1.0549,865,0
rep3,1.055,866,0
rep3,1.055,867,0
rep3,1.055,868,0
rep3,1.0551,869,0
rep3,1.0551,870,0
rep3,1.0551,871,0
rep3,1.0551,872,0
rep3,1.0552,873,0
rep3,1.0552,874,0
rep3,1.0552,875,0
rep3,1.0553,876,0
rep3,1.0553,877,0
rep3,1.0554,878,0
rep3,1.0554,879,0
rep3,1.0554,880,0
rep3,1.0555,881,0
rep3,1.0555,882,0
rep3,1.0555,883,0
rep3,1.0555,884,0
rep3,1.0556,885,0
rep3,1.0556,886,0
rep3,1.0556,887,0
rep3,1.0556,888,0
rep3,1.0557,889,0
rep3,1.0557,890,0
rep3,1.0557,891,0
rep3,1.0558,892,0
rep3,1.0558,893,0
rep3,1.0559,894,0
rep3,1.0559,895,0
rep3,1.0559,896,0
rep3,1.0559,897,0
rep3,1.0559,898,0
rep3,1.0559,899,0
rep3,1.056,900,0
rep3,1.0561,901,0
rep3,1.0561,902,0
rep3,1.0561,903,0
rep3,1.0562,904,0
rep3,1.0562,905,0
rep3,1.0562,906,0
rep3,1.0563,907,0
rep3,1.0563,908,0
rep3,1.0563,909,0
rep3,1.0563,910,0
rep3,1.0564,911,0
rep3,1.0564,912,0
rep3,1.0564,913,0
rep3,1.0564,914,0
rep3,1.0566,915,0
rep3,1.0566,916,0
rep3,1.0567,917,0
rep3,1.0568,918,0
rep3,1.0568,919,0
rep3,1.0568,920,0
rep3,1.0568,921,0
rep3,1.0569,922,0
rep3,1.0569,923,0
rep3,1.057,924,0
rep3,1.057,925,0
rep3,1.057,926,0
rep3,1.0571,927,0
rep3,1.0571,928,0
rep3,1.0571,929,0
rep3,1.0572,930,0
rep3,1.0572,931,0
rep3,1.0573,932,0
rep3,1.0573,933,0
rep3,1.0573,934,0
rep3,1.0573,935,0
rep3,1.0574,936,0
rep3,1.0574,937,0
rep3,1.0575,938,0
rep3,1.0575,939,0
rep3,1.0576,940,0
rep3,1.0576,941,0
rep3,1.0576,942,0
rep3,1.0577,943,0
rep3,1.0577,944,0
rep3,1.0577,945,0
rep3,1.0577,946,0
rep3,1.0579,947,0
rep3,1.0579,948,0
rep3,1.0579,949,0
rep3,1.0579,950,0
rep3,1.0581,951,0
rep3,1.0581,952,0
rep3,1.0582,953,0
rep3,1.0582,954,0
rep3,1.0583,955,0
rep3,1.0583,956,0
rep3,1.0584,957,0
rep3,1.0584,958,0
rep3,1.0584,959,0
rep3,1.0585,960,0
rep3,1.0586,961,0
rep3,1.0586,962,0
rep3,1.0586,963,0
rep3,1.0586,964,0
rep3,1.0587,965,0
rep3,1.0587,966,0
rep3,1.0587,967,0
rep3,1.0588,968,0
rep3,1.0589,969,0
rep3,1.0589,970,0
rep3,1.059,971,0
rep3,1.0591,972,0
rep3,1.0591,973,0
rep3,1.0593,974,0
rep3,1.0593,975,0
rep3,1.0593,976,0
rep3,1.0594,977,0
rep3,1.0594,978,0
rep3,1.0595,979,0
rep3,1.0595,980,0
rep3,1.0596,981,0
rep3,1.0596,982,0
rep3,1.0596,983,0
rep3,1.0598,984,0
rep3,1.0598,985,0
rep3,1.0598,986,0
rep3,1.0599,987,0
rep3,1.0599,988,0
rep3,1.06,989,0
rep3,1.06,990,0
rep3,1.06,991,0
rep3,1.0601,992,0
rep3,1.0601,993,0
rep3,1.0601,994,0
rep3,1.0601,995,0
rep3,1.0602,996,0
rep3,1.0603,997,0
rep3,1.0603,998,0
rep3,1.0603,999,0
rep3,1.0604,1000,0
rep3,1.0605,1001,0
rep3,1.0605,1002,0
rep3,1.0605,1003,0
rep3,1.0606,1004,0
rep3,1.0607,1005,0
rep3,1.0608,1006,0
rep3,1.0609,1007,0
rep3,1.0609,1008,0
rep3,1.061,1009,0
rep3,1.061,1010,0
rep3,1.0611,1011,0
rep3,1.0611,1012,0
rep3,1.0612,1013,0
rep3,1.0612,1014,0
rep3,1.0613,1015,0
rep3,1.0615,1016,0
rep3,1.0616,1017,0
rep3,1.0617,1018,0
rep3,1.0618,1019,0
rep3,1.0618,1020,0
rep3,1.0619,1021,0
rep3,1.0619,1022,0
rep3,1.062,1023,0
rep3,1.0621,1024,0
rep3,1.0622,1025,0
rep3,1.0622,1026,0
rep3,1.0622,1027,0
rep3,1.0622,1028,0
rep3,1.0622,1029,0
rep3,1.0623,1030,0
rep3,1.0623,1031,0
rep3,1.0624,1032,0
rep3,1.0624,1033,0
rep3,1.0624,1034,0
rep3,1.0625,1035,0
rep3,1.0626,1036,0
rep3,1.0626,1037,0
rep3,1.0627,1038,0
rep3,1.0628,1039,0
rep3,1.0629,1040,0
rep3,1.0629,1041,0
rep3,1.063,1042,0
rep3,1.0631,1043,0
rep3,1.0632,1044,0
rep3,1.0632,1045,0
rep3,1.0632,1046,0
rep3,1.0632,1047,0
rep3,1.0632,1048,0
rep3,1.0633,1049,0
rep3,1.0633,1050,0
rep3,1.0633,1051,0
rep3,1.0633,1052,0
rep3,1.0634,1053,0
rep3,1.0634,1054,0
rep3,1.0635,1055,0
rep3,1.0635,1056,0
rep3,1.0635,1057,0
rep3,1.0636,1058,0
rep3,1.0637,1059,0
rep3,1.0638,1060,0
rep3,1.0638,1061,0
rep3,1.064,1062,0
rep3,1.064,1063,0
rep3,1.0641,1064,0
rep3,1.0642,1065,0
rep3,1.0642,1066,0
rep3,1.0642,1067,0
rep3,1.0642,1068,0
rep3,1.0644,1069,0
rep3,1.0644,1070,0
rep3,1.0644,1071,0
rep3,1.0644,1072,0
rep3,1.0645,1073,0
rep3,1.0645,1074,0
rep3,1.0645,1075,0
rep3,1.0646,1076,0
rep3,1.0648,1077,0
rep3,1.0648,1078,0
rep3,1.0649,1079,0
rep3,1.065,1080,0
rep3,1.065,1081,0
rep3,1.065,1082,0
rep3,1.0651,1083,0
rep3,1.0653,1084,0
rep3,1.0654,1085,0
rep3,1.0654,1086,0
rep3,1.0655,1087,0
rep3,1.0657,1088,0
rep3,1.0658,1089,0
rep3,1.0658,1090,0
rep3,1.0658,1091,0
rep3,1.0659,1092,0
rep3,1.066,1093,0
rep3,1.0661,1094,0
rep3,1.0662,1095,0
rep3,1.0663,1096,0
rep3,1.0663,1097,0
rep3,1.0665,1098,0
rep3,1.0667,1099,0
rep3,1.0668,1100,0
rep3,1.0668,1101,0
rep3,1.0669,1102,0
rep3,1.067,1103,0
rep3,1.0671,1104,0
rep3,1.0671,1105,0
rep3,1.0671,1106,0
rep3,1.0672,1107,0
rep3,1.0673,1108,0
rep3,1.0675,1109,0
rep3,1.0676,1110,0
rep3,1.0677,1111,0
rep3,1.068,1112,0
rep3,1.068,1113,0
rep3,1.068,1114,0
rep3,1.0681,1115,0
rep3,1.0681,1116,0
rep3,1.0683,1117,0
rep3,1.0683,1118,0
rep3,1.0686,1119,0
rep3,1.0687,1120,0
rep3,1.0687,1121,0
rep3,1.0688,1122,0
rep3,1.0688,1123,0
rep3,1.0689,1124,0
rep3,1.0689,1125,0
rep3,1.0689,1126,0
rep3,1.069,1127,0
rep3,1.069,1128,0
rep3,1.069,1129,0
rep3,1.0692,1130,0
rep3,1.0693,1131,0
rep3,1.0694,1132,0
rep3,1.0695,1133,0
rep3,1.0695,1134,0
rep3,1.0695,1135,0
rep3,1.0698,1136,0
rep3,1.0698,1137,0
rep3,1.0699,1138,0
rep3,1.0699,1139,0
rep3,1.0699,1140,0
rep3,1.07,1141,0
rep3,1.0701,1142,0
rep3,1.0701,1143,0
rep3,1.0702,1144,0
rep3,1.0703,1145,0
rep3,1.0704,1146,0
rep3,1.0705,1147,0
rep3,1.0705,1148,0
rep3,1.0706,1149,0
rep3,1.0707,1150,0
rep3,1.0707,1151,0
rep3,1.0709,1152,0
rep3,1.0711,1153,0
rep3,1.0716,1154,0
rep3,1.0717,1155,0
rep3,1.0717,1156,0
rep3,1.0717,1157,0
rep3,1.0719,1158,0
rep3,1.072,1159,0
rep3,1.072,1160,0
rep3,1.0721,1161,0
rep3,1.0721,1162,0
rep3,1.0723,1163,0
rep3,1.0723,1164,0
rep3,1.0724,1165,0
rep3,1.0725,1166,0
rep3,1.0725,1167,0
rep3,1.0727,1168,0
rep3,1.0727,1169,0
rep3,1.0728,1170,0
rep3,1.0729,1171,0
rep3,1.0731,1172,0
rep3,1.0732,1173,0
rep3,1.0732,1174,0
rep3,1.0733,1175,0
rep3,1.0734,1176,0
rep3,1.0734,1177,0
rep3,1.0737,1178,0
rep3,1.0738,1179,0
rep3,1.0738,1180,0
rep3,1.0739,1181,0
rep3,1.074,1182,0
rep3,1.074,1183,0
rep3,1.0741,1184,0
rep3,1.0741,1185,0
rep3,1.0742,1186,0
rep3,1.0742,1187,0
rep3,1.0743,1188,0
rep3,1.0745,1189,0
rep3,1.0745,1190,0
rep3,1.0745,1191,0
rep3,1.0747,1192,0
rep3,1.0753,1193,0
rep3,1.0753,1194,0
rep3,1.0754,1195,0
rep3,1.0755,1196,0
rep3,1.0755,1197,0
rep3,1.0755,1198,0
rep3,1.0756,1199,0
rep3,1.0757,1200,0
rep3,1.0757,1201,0
rep3,1.0757,1202,0
rep3,1.0758,1203,0
rep3,1.0758,1204,0
rep3,1.0758,1205,0
rep3,1.0759,1206,0
rep3,1.0759,1207,0
rep3,1.0759,1208,0
rep3,1.0759,1209,0
rep3,1.076,1210,0
rep3,1.076,1211,0
rep3,1.076,1212,0
rep3,1.0761,1213,0
rep3,1.0761,1214,0
rep3,1.0761,1215,0
rep3,1.0761,1216,0
rep3,1.0761,1217,0
rep3,1.0761,1218,0
rep3,1.0762,1219,0
rep3,1.0762,1220,0
rep3,1.0762,1221,0
rep3,1.0763,1222,0
rep3,1.0763,1223,0
rep3,1.0763,1224,0
rep3,1.0764,1225,0
rep3,1.0765,1226,0
rep3,1.0765,1227,0
rep3,1.0765,1228,0
rep3,1.0766,1229,0
rep3,1.0766,1230,0
rep3,1.0766,1231,0
rep3,1.0766,1232,0
rep3,1.0767,1233,0
rep3,1.0767,1234,0
rep3,1.0767,1235,0
rep3,1.0768,1236,0
rep3,1.0768,1237,0
rep3,1.0768,1238,0
rep3,1.0768,1239,0
rep3,1.0769,1240,0
rep3,1.0769,1241,0
rep3,1.077,1242,0
rep3,1.077,1243,0
rep3,1.0771,1244,0
rep3,1.0771,1245,0
rep3,1.0771,1246,0
rep3,1.0771,1247,0
rep3,1.0772,1248,0
rep3,1.0772,1249,0
rep3,1.0772,1250,0
rep3,1.0773,1251,0
rep3,1.0773,1252,0
rep3,1.0773,1253,0
rep3,1.0773,1254,0
rep3,1.0773,1255,0
rep3,1.0774,1256,0
rep3,1.0774,1257,0
rep3,1.0774,1258,0
rep3,1.0774,1259,0
rep3,1.0775,1260,0
rep3,1.0775,1261,0
rep3,1.0776,1262,0
rep3,1.0777,1263,0
rep3,1.0777,1264,0
rep3,1.0777,1265,0
rep3,1.0777,1266,0
rep3,1.0777,1267,0
rep3,1.0778,1268,0
rep3,1.0779,1269,0
rep3,1.0779,1270,0
rep3,1.0779,1271,0
rep3,1.078,1272,0
rep3,1.078,1273,0
rep3,1.0781,1274,0
rep3,1.0781,1275,0
rep3,1.0781,1276,0
rep3,1.0781,1277,0
rep3,1.0782,1278,0
rep3,1.0782,1279,0
rep3,1.0783,1280,0
rep3,1.0783,1281,0
rep3,1.0784,1282,0
rep3,1.0784,1283,0
rep3,1.0784,1284,0
rep3,1.0785,1285,0
rep3,1.0785,1286,0
rep3,1.0786,1287,0
rep3,1.0787,1288,0
rep3,1.0787,1289,0
rep3,1.0787,1290,0
rep3,1.0787,1291,0
rep3,1.0788,1292,0
rep3,1.0789,1293,0
rep3,1.079,1294,0
rep3,1.079,1295,0
rep3,1.0791,1296,0
rep3,1.0791,1297,0
rep3,1.0791,1298,0
rep3,1.0791,1299,0
rep3,1.0791,1300,0
rep3,1.0792,1301,0
rep3,1.0792,1302,0
rep3,1.0793,1303,0
rep3,1.0794,1304,0
rep3,1.0794,1305,0
rep3,1.0794,1306,0
rep3,1.0795,1307,0
rep3,1.0795,1308,0
rep3,1.0797,1309,0
rep3,1.0798,1310,0
rep3,1.0798,1311,0
rep3,1.0798,1312,0
rep3,1.0798,1313,0
rep3,1.0799,1314,0
rep3,1.0799,1315,0
rep3,1.0799,1316,0
rep3,1.0799,1317,0
rep3,1.0799,1318,0
rep3,1.0799,1319,0
rep3,1.08,1320,0
rep3,1.08,1321,0
rep3,1.0801,1322,0
rep3,1.0801,1323,0
rep3,1.0801,1324,0
rep3,1.0801,1325,0
rep3,1.0802,1326,0
rep3,1.0802,1327,0
rep3,1.0802,1328,0
rep3,1.0802,1329,0
rep3,1.0803,1330,0
rep3,1.0804,1331,0
rep3,1.0804,1332,0
rep3,1.0805,1333,0
rep3,1.0806,1334,0
rep3,1.0807,1335,0
rep3,1.0808,1336,0
rep3,1.0808,1337,0
rep3,1.0809,1338,0
rep3,1.0809,1339,0
rep3,1.081,1340,0
rep3,1.081,1341,0
rep3,1.0811,1342,0
rep3,1.0811,1343,0
rep3,1.0811,1344,0
rep3,1.0812,1345,0
rep3,1.0812,1346,0
rep3,1.0813,1347,0
rep3,1.0813,1348,0
rep3,1.0814,1349,0
rep3,1.0814,1350,0
rep3,1.0814,1351,0
rep3,1.0815,1352,0
rep3,1.0815,1353,0
rep3,1.0815,1354,0
rep3,1.0815,1355,0
rep3,1.0816,1356,0
rep3,1.0817,1357,0
rep3,1.0818,1358,0
rep3,1.0819,1359,0
rep3,1.0819,1360,0
rep3,1.082,1361,0
rep3,1.0821,1362,0
rep3,1.0822,1363,0
rep3,1.0822,1364,0
rep3,1.0823,1365,0
rep3,1.0823,1366,0
rep3,1.0824,1367,0
rep3,1.0824,1368,0
rep3,1.0825,1369,0
rep3,1.0826,1370,0
rep3,1.0827,1371,0
rep3,1.0827,1372,0
rep3,1.0827,1373,0
rep3,1.0827,1374,0
rep3,1.0828,1375,0
rep3,1.0829,1376,0
rep3,1.0829,1377,0
rep3,1.0829,1378,0
rep3,1.0829,1379,0
rep3,1.083,1380,0
rep3,1.0831,1381,0
rep3,1.0831,1382,0
rep3,1.0831,1383,0
rep3,1.0832,1384,0
rep3,1.0833,1385,0
rep3,1.0833,1386,0
rep3,1.0833,1387,0
rep3,1.0834,1388,0
rep3,1.0834,1389,0
rep3,1.0835,1390,0
rep3,1.0835,1391,0
rep3,1.0835,1392,0
rep3,1.0835,1393,0
rep3,1.0836,1394,0
rep3,1.0836,1395,0
rep3,1.0837,1396,0
rep3,1.0838,1397,0
rep3,1.0838,1398,0
rep3,1.0839,1399,0
rep3,1.084,1400,0
rep3,1.084,1401,0
rep3,1.0842,1402,0
rep3,1.0842,1403,0
rep3,1.0843,1404,0
rep3,1.0844,1405,0
rep3,1.0844,1406,0
rep3,1.0846,1407,0
rep3,1.0846,1408,0
rep3,1.0846,1409,0
rep3,1.0846,1410,0
rep3,1.0847,1411,0
rep3,1.0847,1412,0
rep3,1.0848,1413,0
rep3,1.0849,1414,0
rep3,1.0849,1415,0
rep3,1.085,1416,0
rep3,1.085,1417,0
rep3,1.085,1418,0
rep3,1.0851,1419,0
rep3,1.0851,1420,0
rep3,1.0851,1421,0
rep3,1.0852,1422,0
rep3,1.0853,1423,0
rep3,1.0854,1424,0
rep3,1.0854,1425,0
rep3,1.0854,1426,0
rep3,1.0855,1427,0
rep3,1.0856,1428,0
rep3,1.0857,1429,0
rep3,1.0857,1430,0
rep3,1.0857,1431,0
rep3,1.0857,1432,0
rep3,1.0858,1433,0
rep3,1.0858,1434,0
rep3,1.0859,1435,0
rep3,1.086,1436,0
rep3,1.0861,1437,0
rep3,1.0862,1438,0
rep3,1.0863,1439,0
rep3,1.0864,1440,0
rep3,1.0864,1441,0
rep3,1.0866,1442,0
rep3,1.0866,1443,0
rep3,1.0867,1444,0
rep3,1.0867,1445,0
rep3,1.087,1446,0
rep3,1.087,1447,0
rep3,1.087,1448,0
rep3,1.087,1449,0
rep3,1.0871,1450,0
rep3,1.0871,1451,0
rep3,1.0871,1452,0
rep3,1.0872,1453,0
rep3,1.0872,1454,0
rep3,1.0874,1455,0
rep3,1.0874,1456,0
rep3,1.0874,1457,0
rep3,1.0875,1458,0
rep3,1.0875,1459,0
rep3,1.0876,1460,0
rep3,1.0876,1461,0
rep3,1.0877,1462,0
rep3,1.0877,1463,0
rep3,1.0877,1464,0
rep3,1.0877,1465,0
rep3,1.0878,1466,0
rep3,1.0878,1467,0
rep3,1.0879,1468,0
rep3,1.0879,1469,0
rep3,1.0879,1470,0
rep3,1.0879,1471,0
rep3,1.0881,1472,0
rep3,1.0881,1473,0
rep3,1.0881,1474,0
rep3,1.0883,1475,0
rep3,1.0884,1476,0
rep3,1.0884,1477,0
rep3,1.0884,1478,0
rep3,1.0885,1479,0
rep3,1.0886,1480,0
rep3,1.0886,1481,0
rep3,1.0886,1482,0
rep3,1.0888,1483,0
rep3,1.0888,1484,0
rep3,1.0888,1485,0
rep3,1.0889,1486,0
rep3,1.0889,1487,0
rep3,1.089,1488,0
rep3,1.0891,1489,0
rep3,1.0892,1490,0
rep3,1.0893,1491,0
rep3,1.0895,1492,0
rep3,1.0895,1493,0
rep3,1.0895,1494,0
rep3,1.0896,1495,0
rep3,1.0897,1496,0
rep3,1.0897,1497,0
rep3,1.0897,1498,0
rep3,1.0897,1499,0
rep3,1.0897,1500,0
rep3,1.0898,1501,0
rep3,1.09,1502,0
rep3,1.09,1503,0
rep3,1.09,1504,0
rep3,1.09,1505,0
rep3,1.0901,1506,0
rep3,1.0902,1507,0
rep3,1.0902,1508,0
rep3,1.0902,1509,0
rep3,1.0903,1510,0
rep3,1.0904,1511,0
rep3,1.0904,1512,0
rep3,1.0904,1513,0
rep3,1.0904,1514,0
rep3,1.0905,1515,0
rep3,1.0906,1516,0
rep3,1.0906,1517,0
rep3,1.0907,1518,0
rep3,1.0907,1519,0
rep3,1.0907,1520,0
rep3,1.0908,1521,0
rep3,1.0909,1522,0
rep3,1.0912,1523,0
rep3,1.0912,1524,0
rep3,1.0913,1525,0
rep3,1.0913,1526,0
rep3,1.0914,1527,0
rep3,1.0917,1528,0
rep3,1.0917,1529,0
rep3,1.0917,1530,0
rep3,1.0918,1531,0
rep3,1.0919,1532,0
rep3,1.0919,1533,0
rep3,1.092,1534,0
rep3,1.0921,1535,0
rep3,1.0921,1536,0
rep3,1.0921,1537,0
rep3,1.0922,1538,0
rep3,1.0923,1539,0
rep3,1.0924,1540,0
rep3,1.0925,1541,0
rep3,1.0926,1542,0
rep3,1.0926,1543,0
rep3,1.0927,1544,0
rep3,1.0929,1545,0
rep3,1.0929,1546,0
rep3,1.0929,1547,0
rep3,1.0929,1548,0
rep3,1.093,1549,0
rep3,1.0931,1550,0
rep3,1.0931,1551,0
rep3,1.0931,1552,0
rep3,1.0933,1553,0
rep3,1.0933,1554,0
rep3,1.0935,1555,0
rep3,1.0936,1556,0
rep3,1.0936,1557,0
rep3,1.0937,1558,0
rep3,1.0937,1559,0
rep3,1.0939,1560,0
rep3,1.0939,1561,0
rep3,1.0939,1562,0
rep3,1.0939,1563,0
rep3,1.0939,1564,0
rep3,1.0941,1565,0
rep3,1.0943,1566,0
rep3,1.0943,1567,0
rep3,1.0944,1568,0
rep3,1.0944,1569,0
rep3,1.0944,1570,0
rep3,1.0945,1571,0
rep3,1.0945,1572,0
rep3,1.0946,1573,0
rep3,1.0946,1574,0
rep3,1.0948,1575,0
rep3,1.0948,1576,0
rep3,1.0948,1577,0
rep3,1.0949,1578,0
rep3,1.095,1579,0
rep3,1.095,1580,0
rep3,1.095,1581,0
rep3,1.0951,1582,0
rep3,1.0951,1583,0
rep3,1.0951,1584,0
rep3,1.0952,1585,0
rep3,1.0953,1586,0
rep3,1.0953,1587,0
rep3,1.0953,1588,0
rep3,1.0953,1589,0
rep3,1.0954,1590,0
rep3,1.0955,1591,0
rep3,1.0956,1592,0
rep3,1.0957,1593,0
rep3,1.0958,1594,0
rep3,1.096,1595,0
rep3,1.0962,1596,0
rep3,1.0963,1597,0
rep3,1.0963,1598,0
rep3,1.0963,1599,0
rep3,1.0964,1600,0
rep3,1.0964,1601,0
rep3,1.0965,1602,0
rep3,1.0966,1603,0
rep3,1.0966,1604,0
rep3,1.0967,1605,0
rep3,1.0967,1606,0
rep3,1.0969,1607,0
rep3,1.0969,1608,0
rep3,1.097,1609,0
rep3,1.097,1610,0
rep3,1.0971,1611,0
rep3,1.0971,1612,0
rep3,1.0972,1613,0
rep3,1.0972,1614,0
rep3,1.0975,1615,0
rep3,1.0976,1616,0
rep3,1.0977,1617,0
rep3,1.0979,1618,0
rep3,1.0979,1619,0
rep3,1.0979,1620,0
rep3,1.0981,1621,0
rep3,1.0983,1622,0
rep3,1.0983,1623,0
rep3,1.0984,1624,0
rep3,1.0984,1625,0
rep3,1.0984,1626,0
rep3,1.0984,1627,0
rep3,1.0985,1628,0
rep3,1.0986,1629,0
rep3,1.0988,1630,0
rep3,1.0989,1631,0
rep3,1.0992,1632,0
rep3,1.0992,1633,0
rep3,1.0994,1634,0
rep3,1.0994,1635,0
rep3,1.0994,1636,0
rep3,1.0995,1637,0
rep3,1.0996,1638,0
rep3,1.0997,1639,0
rep3,1.0997,1640,0
rep3,1.0998,1641,0
rep3,1.0998,1642,0
rep3,1.0998,1643,0
rep3,1.0999,1644,0
rep3,1.1,1645,0
rep3,1.1,1646,0
rep3,1.1001,1647,0
rep3,1.1003,1648,0
rep3,1.1003,1649,0
rep3,1.1004,1650,0
rep3,1.1004,1651,0
rep3,1.1005,1652,0
rep3,1.1006,1653,0
rep3,1.1008,1654,0
rep3,1.1008,1655,0
rep3,1.101,1656,0
rep3,1.101,1657,0
rep3,1.1013,1658,0
rep3,1.1015,1659,0
rep3,1.1015,1660,0
rep3,1.1017,1661,0
rep3,1.1018,1662,0
rep3,1.1019,1663,0
rep3,1.1021,1664,0
rep3,1.1021,1665,0
rep3,1.1022,1666,0
rep3,1.1023,1667,0
rep3,1.1023,1668,0
rep3,1.1024,1669,0
rep3,1.1025,1670,0
rep3,1.1025,1671,0
rep3,1.1026,1672,0
rep3,1.1027,1673,0
rep3,1.1028,1674,0
rep3,1.1028,1675,0
rep3,1.1028,1676,0
rep3,1.1028,1677,0
rep3,1.1028,1678,0
rep3,1.1029,1679,0
rep3,1.1029,1680,0
rep3,1.103,1681,0
rep3,1.1033,1682,0
rep3,1.1034,1683,0
rep3,1.1035,1684,0
rep3,1.1035,1685,0
rep3,1.1035,1686,0
rep3,1.1036,1687,0
rep3,1.1036,1688,0
rep3,1.1036,1689,0
rep3,1.1037,1690,0
rep3,1.1039,1691,0
rep3,1.1042,1692,0
rep3,1.1044,1693,0
rep3,1.1044,1694,0
rep3,1.1045,1695,0
rep3,1.1045,1696,0
rep3,1.1046,1697,0
rep3,1.1046,1698,0
rep3,1.1047,1699,0
rep3,1.1047,1700,0
rep3,1.1048,1701,0
rep3,1.1048,1702,0
rep3,1.1048,1703,0
rep3,1.105,1704,0
rep3,1.1052,1705,0
rep3,1.1053,1706,0
rep3,1.1053,1707,0
rep3,1.1053,1708,0
rep3,1.1054,1709,0
rep3,1.1054,1710,0
rep3,1.1055,1711,0
rep3,1.1056,1712,0
rep3,1.1057,1713,0
rep3,1.1058,1714,0
rep3,1.1059,1715,0
rep3,1.106,1716,0
rep3,1.1061,1717,0
rep3,1.1061,1718,0
rep3,1.1062,1719,0
rep3,1.1063,1720,0
rep3,1.1064,1721,0
rep3,1.1064,1722,0
rep3,1.1065,1723,0
rep3,1.1066,1724,0
rep3,1.1067,1725,0
rep3,1.1068,1726,0
rep3,1.1068,1727,0
rep3,1.107,1728,0
rep3,1.1072,1729,0
rep3,1.1072,1730,0
rep3,1.1075,1731,0
rep3,1.1075,1732,0
rep3,1.1075,1733,0
rep3,1.1076,1734,0
rep3,1.1077,1735,0
rep3,1.1079,1736,0
rep3,1.108,1737,0
rep3,1.108,1738,0
rep3,1.1081,1739,0
rep3,1.1081,1740,0
rep3,1.1082,1741,0
rep3,1.1082,1742,0
rep3,1.1084,1743,0
rep3,1.1085,1744,0
rep3,1.1085,1745,0
rep3,1.1086,1746,0
rep3,1.1087,1747,0
rep3,1.1089,1748,0
rep3,1.1089,1749,0
rep3,1.1091,1750,0
rep3,1.1091,1751,0
rep3,1.1092,1752,0
rep3,1.1092,1753,0
rep3,1.1092,1754,0
rep3,1.1093,1755,0
rep3,1.1094,1756,0
rep3,1.1094,1757,0
rep3,1.1094,1758,0
rep3,1.1095,1759,0
rep3,1.1095,1760,0
rep3,1.1096,1761,0
rep3,1.1096,1762,0
rep3,1.1096,1763,0
rep3,1.1097,1764,0
rep3,1.1097,1765,0
rep3,1.1098,1766,0
rep3,1.1098,1767,0
rep3,1.1098,1768,0
rep3,1.1098,1769,0
rep3,1.11,1770,0
rep3,1.11,1771,0
rep3,1.11,1772,0
rep3,1.1101,1773,0
rep3,1.1101,1774,0
rep3,1.1101,1775,0
rep3,1.1101,1776,0
rep3,1.1102,1777,0
rep3,1.1102,1778,0
rep3,1.1103,1779,0
rep3,1.1103,1780,0
rep3,1.1103,1781,0
rep3,1.1103,1782,0
rep3,1.1104,1783,0
rep3,1.1106,1784,0
rep3,1.1106,1785,0
rep3,1.1107,1786,0
rep3,1.1108,1787,0
rep3,1.1108,1788,0
rep3,1.1108,1789,0
rep3,1.1108,1790,0
rep3,1.1109,1791,0
rep3,1.1109,1792,0
rep3,1.1109,1793,0
rep3,1.111,1794,0
rep3,1.111,1795,0
rep3,1.111,1796,0
rep3,1.1111,1797,0
rep3,1.1111,1798,0
rep3,1.1111,1799,0
rep3,1.1112,1800,0
rep3,1.1112,1801,0
rep3,1.1114,1802,0
rep3,1.1114,1803,0
rep3,1.1115,1804,0
rep3,1.1115,1805,0
rep3,1.1116,1806,0
rep3,1.1117,1807,0
rep3,1.1117,1808,0
rep3,1.1118,1809,0
rep3,1.1118,1810,0
rep3,1.1119,1811,0
rep3,1.1119,1812,0
rep3,1.1119,1813,0
rep3,1.112,1814,0
rep3,1.112,1815,0
rep3,1.112,1816,0
rep3,1.1121,1817,0
rep3,1.1123,1818,0
rep3,1.1123,1819,0
rep3,1.1123,1820,0
rep3,1.1124,1821,0
rep3,1.1124,1822,0
rep3,1.1125,1823,0
rep3,1.1125,1824,0
rep3,1.1126,1825,0
rep3,1.1127,1826,0
rep3,1.1127,1827,0
rep3,1.1127,1828,0
rep3,1.1128,1829,0
rep3,1.1128,1830,0
rep3,1.1129,1831,0
rep3,1.1129,1832,0
rep3,1.1129,1833,0
rep3,1.1129,1834,0
rep3,1.113,1835,0
rep3,1.113,1836,0
rep3,1.1131,1837,0
rep3,1.1132,1838,0
rep3,1.1132,1839,0
rep3,1.1134,1840,0
rep3,1.1134,1841,0
rep3,1.1134,1842,0
rep3,1.1135,1843,0
rep3,1.1136,1844,0
rep3,1.1136,1845,0
rep3,1.1136,1846,0
rep3,1.1138,1847,0
rep3,1.1138,1848,0
rep3,1.1138,1849,0
rep3,1.1139,1850,0
rep3,1.1139,1851,0
rep3,1.1139,1852,0
rep3,1.1139,1853,0
rep3,1.114,1854,0
rep3,1.114,1855,0
rep3,1.1141,1856,0
rep3,1.1141,1857,0
rep3,1.1142,1858,0
rep3,1.1142,1859,0
rep3,1.1144,1860,0
rep3,1.1145,1861,0
rep3,1.1146,1862,0
rep3,1.1146,1863,0
rep3,1.1146,1864,0
rep3,1.1147,1865,0
rep3,1.1148,1866,0
rep3,1.1148,1867,0
rep3,1.1148,1868,0
rep3,1.1149,1869,0
rep3,1.1149,1870,0
rep3,1.115,1871,0
rep3,1.1151,1872,0
rep3,1.1152,1873,0
rep3,1.1153,1874,0
rep3,1.1153,1875,0
rep3,1.1153,1876,0
rep3,1.1154,1877,0
rep3,1.1155,1878,0
rep3,1.1155,1879,0
rep3,1.1156,1880,0
rep3,1.1156,1881,0
rep3,1.1158,1882,0
rep3,1.1158,1883,0
rep3,1.1159,1884,0
rep3,1.1159,1885,0
rep3,1.116,1886,0
rep3,1.116,1887,0
rep3,1.1161,1888,0
rep3,1.1161,1889,0
rep3,1.1162,1890,0
rep3,1.1163,1891,0
rep3,1.1163,1892,0
rep3,1.1164,1893,0
rep3,1.1165,1894,0
rep3,1.1166,1895,0
rep3,1.1168,1896,0
rep3,1.1168,1897,0
rep3,1.1168,1898,0
rep3,1.1169,1899,0
rep3,1.117,1900,0
rep3,1.1171,1901,0
rep3,1.1171,1902,0
rep3,1.1172,1903,0
rep3,1.1173,1904,0
rep3,1.1174,1905,0
rep3,1.1174,1906,0
rep3,1.1174,1907,0
rep3,1.1175,1908,0
rep3,1.1175,1909,0
rep3,1.1175,1910,0
rep3,1.1177,1911,0
rep3,1.1178,1912,0
rep3,1.1178,1913,0
rep3,1.1178,1914,0
rep3,1.1179,1915,0
rep3,1.1179,1916,0
rep3,1.1181,1917,0
rep3,1.1182,1918,0
rep3,1.1183,1919,0
rep3,1.1184,1920,0
rep3,1.1184,1921,0
rep3,1.1184,1922,0
rep3,1.1185,1923,0
rep3,1.1186,1924,0
rep3,1.1186,1925,0
rep3,1.1187,1926,0
rep3,1.1188,1927,0
rep3,1.1189,1928,0
rep3,1.1189,1929,0
rep3,1.1189,1930,0
rep3,1.1191,1931,0
rep3,1.1191,1932,0
rep3,1.1192,1933,0
rep3,1.1193,1934,0
rep3,1.1194,1935,0
rep3,1.1194,1936,0
rep3,1.1195,1937,0
rep3,1.1195,1938,0
rep3,1.1196,1939,0
rep3,1.1198,1940,0
rep3,1.1198,1941,0
rep3,1.1199,1942,0
rep3,1.12,1943,0
rep3,1.1201,1944,0
rep3,1.1202,1945,0
rep3,1.1202,1946,0
rep3,1.1204,1947,0
rep3,1.1205,1948,0
rep3,1.1206,1949,0
rep3,1.1206,1950,0
rep3,1.1206,1951,0
rep3,1.1207,1952,0
rep3,1.1207,1953,0
rep3,1.1208,1954,0
rep3,1.1208,1955,0
rep3,1.1209,1956,0
rep3,1.121,1957,0
rep3,1.121,1958,0
rep3,1.121,1959,0
rep3,1.1211,1960,0
rep3,1.1211,1961,0
rep3,1.1213,1962,0
rep3,1.1213,1963,0
rep3,1.1213,1964,0
rep3,1.1214,1965,0
rep3,1.1215,1966,0
rep3,1.1216,1967,0
rep3,1.1217,1968,0
rep3,1.1217,1969,0
rep3,1.1219,1970,0
rep3,1.122,1971,0
rep3,1.122,1972,0
rep3,1.1223,1973,0
rep3,1.1223,1974,0
rep3,1.1223,1975,0
rep3,1.1225,1976,0
rep3,1.1225,1977,0
rep3,1.1225,1978,0
rep3,1.1226,1979,0
rep3,1.1228,1980,0
rep3,1.1229,1981,0
rep3,1.1229,1982,0
rep3,1.1231,1983,0
rep3,1.1231,1984,0
rep3,1.1231,1985,0
rep3,1.1232,1986,0
rep3,1.1232,1987,0
rep3,1.1234,1988,0
rep3,1.1234,1989,0
rep3,1.1234,1990,0
rep3,1.1235,1991,0
rep3,1.1235,1992,0
rep3,1.1236,1993,0
rep3,1.1237,1994,0
rep3,1.1237,1995,0
rep3,1.1239,1996,0
rep3,1.1239,1997,0
rep3,1.124,1998,0
rep3,1.124,1999,0
rep3,1.1241,2000,0
rep3,1.1241,2001,0
rep3,1.1242,2002,0
rep3,1.1243,2003,0
rep3,1.1245,2004,0
rep3,1.1245,2005,0
rep3,1.1245,2006,0
rep3,1.1246,2007,0
rep3,1.1246,2008,0
rep3,1.1246,2009,0
rep3,1.1247,2010,0
rep3,1.1247,2011,0
rep3,1.1248,2012,0
rep3,1.1249,2013,0
rep3,1.1249,2014,0
rep3,1.125,2015,0
rep3,1.125,2016,0
rep3,1.1251,2017,0
rep3,1.1251,2018,0
rep3,1.1252,2019,0
rep3,1.1253,2020,0
rep3,1.1254,2021,0
rep3,1.1255,2022,0
rep3,1.1255,2023,0
rep3,1.1256,2024,0
rep3,1.1256,2025,0
rep3,1.1258,2026,0
rep3,1.1258,2027,0
rep3,1.1259,2028,0
rep3,1.1259,2029,0
rep3,1.126,2030,0
rep3,1.1261,2031,0
rep3,1.1262,2032,0
rep3,1.1262,2033,0
rep3,1.1263,2034,0
rep3,1.1264,2035,0
rep3,1.1265,2036,0
rep3,1.1265,2037,0
rep3,1.1267,2038,0
rep3,1.1267,2039,0
rep3,1.1268,2040,0
rep3,1.1268,2041,0
rep3,1.1268,2042,0
rep3,1.1268,2043,0
rep3,1.1269,2044,0
rep3,1.1269,2045,0
rep3,1.127,2046,0
rep3,1.1272,2047,0
rep3,1.1273,2048,0
rep3,1.1273,2049,0
rep3,1.1274,2050,0
rep3,1.1274,2051,0
rep3,1.1274,2052,0
rep3,1.1276,2053,0
rep3,1.1277,2054,0
rep3,1.1279,2055,0
rep3,1.128,2056,0
rep3,1.1281,2057,0
rep3,1.1281,2058,0
rep3,1.1281,2059,0
rep3,1.1282,2060,0
rep3,1.1282,2061,0
rep3,1.1282,2062,0
rep3,1.1285,2063,0
rep3,1.1285,2064,0
rep3,1.1287,2065,0
rep3,1.1287,2066,0
rep3,1.1287,2067,0
rep3,1.1288,2068,0
rep3,1.1288,2069,0
rep3,1.1288,2070,0
rep3,1.1288,2071,0
rep3,1.1288,2072,0
rep3,1.1288,2073,0
rep3,1.1289,2074,0
rep3,1.1289,2075,0
rep3,1.1289,2076,0
rep3,1.129,2077,0
rep3,1.1291,2078,0
rep3,1.1292,2079,0
rep3,1.1293,2080,0
rep3,1.1293,2081,0
rep3,1.1294,2082,0
rep3,1.1294,2083,0
rep3,1.1295,2084,0
rep3,1.1295,2085,0
rep3,1.1296,2086,0
rep3,1.1296,2087,0
rep3,1.1296,2088,0
rep3,1.1298,2089,0
rep3,1.1299,2090,0
rep3,1.13,2091,0
rep3,1.1301,2092,0
rep3,1.1301,2093,0
rep3,1.1302,2094,0
rep3,1.1303,2095,0
rep3,1.1303,2096,0
rep3,1.1304,2097,0
rep3,1.1305,2098,0
rep3,1.1306,2099,0
rep3,1.1307,2100,0
rep3,1.1307,2101,0
rep3,1.1308,2102,0
rep3,1.1308,2103,0
rep3,1.131,2104,0
rep3,1.131,2105,0
rep3,1.1311,2106,0
rep3,1.1312,2107,0
rep3,1.1313,2108,0
rep3,1.1314,2109,0
rep3,1.1315,2110,0
rep3,1.1317,2111,0
rep3,1.1318,2112,0
rep3,1.1319,2113,0
rep3,1.1319,2114,0
rep3,1.1319,2115,0
rep3,1.132,2116,0
rep3,1.132,2117,0
rep3,1.132,2118,0
rep3,1.1321,2119,0
rep3,1.1321,2120,0
rep3,1.1323,2121,0
rep3,1.1323,2122,0
rep3,1.1323,2123,0
rep3,1.1324,2124,0
rep3,1.1325,2125,0
rep3,1.1325,2126,0
rep3,1.1325,2127,0
rep3,1.1326,2128,0
rep3,1.1326,2129,0
rep3,1.1326,2130,0
rep3,1.1327,2131,0
rep3,1.1328,2132,0
rep3,1.1328,2133,0
rep3,1.1328,2134,0
rep3,1.1329,2135,0
rep3,1.1329,2136,0
rep3,1.133,2137,0
rep3,1.1331,2138,0
rep3,1.1332,2139,0
rep3,1.1332,2140,0
rep3,1.1335,2141,0
rep3,1.1336,2142,0
rep3,1.1336,2143,0
rep3,1.1336,2144,0
rep3,1.1337,2145,0
rep3,1.1337,2146,0
rep3,1.1337,2147,0
rep3,1.1338,2148,0
rep3,1.1338,2149,0
rep3,1.1339,2150,0
rep3,1.134,2151,0
rep3,1.1341,2152,0
rep3,1.1341,2153,0
rep3,1.1342,2154,0
rep3,1.1342,2155,0
rep3,1.1342,2156,0
rep3,1.1344,2157,0
rep3,1.1344,2158,0
rep3,1.1345,2159,0
rep3,1.1345,2160,0
rep3,1.1347,2161,0
rep3,1.1347,2162,0
rep3,1.1348,2163,0
rep3,1.1348,2164,0
rep3,1.1348,2165,0
rep3,1.1349,2166,0
rep3,1.135,2167,0
rep3,1.1352,2168,0
rep3,1.1353,2169,0
rep3,1.1355,2170,0
rep3,1.1356,2171,0
rep3,1.1356,2172,0
rep3,1.1358,2173,0
rep3,1.1359,2174,0
rep3,1.136,2175,0
rep3,1.1361,2176,0
rep3,1.1362,2177,0
rep3,1.1363,2178,0
rep3,1.1364,2179,0
rep3,1.1364,2180,0
rep3,1.1365,2181,0
rep3,1.1366,2182,0
rep3,1.1367,2183,0
rep3,1.1368,2184,0
rep3,1.1368,2185,0
rep3,1.1369,2186,0
rep3,1.1369,2187,0
rep3,1.1372,2188,0
rep3,1.1372,2189,0
rep3,1.1372,2190,0
rep3,1.1372,2191,0
rep3,1.1374,2192,0
rep3,1.1374,2193,0
rep3,1.1374,2194,0
rep3,1.1375,2195,0
rep3,1.1375,2196,0
rep3,1.1375,2197,0
rep3,1.1376,2198,0
rep3,1.1377,2199,0
rep3,1.1377,2200,0
rep3,1.1377,2201,0
rep3,1.1377,2202,0
rep3,1.1379,2203,0
rep3,1.138,2204,0
rep3,1.1382,2205,0
rep3,1.1382,2206,0
rep3,1.1383,2207,0
rep3,1.1384,2208,0
rep3,1.1384,2209,0
rep3,1.1385,2210,0
rep3,1.1385,2211,0
rep3,1.1386,2212,0
rep3,1.1387,2213,0
rep3,1.1387,2214,0
rep3,1.1387,2215,0
rep3,1.1388,2216,0
rep3,1.1389,2217,0
rep3,1.1392,2218,0
rep3,1.1392,2219,0
rep3,1.1393,2220,0
rep3,1.1393,2221,0
rep3,1.1394,2222,0
rep3,1.1395,2223,0
rep3,1.1395,2224,0
rep3,1.1396,2225,0
rep3,1.1398,2226,0
rep3,1.1399,2227,0
rep3,1.14,2228,0
rep3,1.1402,2229,0
rep3,1.1403,2230,0
rep3,1.1403,2231,0
rep3,1.1404,2232,0
rep3,1.1405,2233,0
rep3,1.1408,2234,0
rep3,1.1409,2235,0
rep3,1.1409,2236,0
rep3,1.141,2237,0
rep3,1.1411,2238,0
rep3,1.1414,2239,0
rep3,1.1416,2240,0
rep3,1.1417,2241,0
rep3,1.1417,2242,0
rep3,1.1418,2243,0
rep3,1.1419,2244,0
rep3,1.1419,2245,0
rep3,1.1422,2246,0
rep3,1.1423,2247,0
rep3,1.1425,2248,0
rep3,1.1426,2249,0
rep3,1.1426,2250,0
rep3,1.1426,2251,0
rep3,1.1428,2252,0
rep3,1.1428,2253,0
rep3,1.1429,2254,0
rep3,1.143,2255,0
rep3,1.143,2256,0
rep3,1.143,2257,0
rep3,1.1431,2258,0
rep3,1.1431,2259,0
rep3,1.1432,2260,0
rep3,1.1432,2261,0
rep3,1.1432,2262,0
rep3,1.1433,2263,0
rep3,1.1433,2264,0
rep3,1.1434,2265,0
rep3,1.1434,2266,0
rep3,1.1434,2267,0
rep3,1.1435,2268,0
rep3,1.1437,2269,0
rep3,1.1437,2270,0
rep3,1.1438,2271,0
rep3,1.1439,2272,0
rep3,1.1439,2273,0
rep3,1.1439,2274,0
rep3,1.144,2275,0
rep3,1.144,2276,0
rep3,1.144,2277,0
rep3,1.1441,2278,0
rep3,1.1441,2279,0
rep3,1.1442,2280,0
rep3,1.1442,2281,0
rep3,1.1442,2282,0
rep3,1.1442,2283,0
rep3,1.1443,2284,0
rep3,1.1443,2285,0
rep3,1.1444,2286,0
rep3,1.1444,2287,0
rep3,1.1446,2288,0
rep3,1.1446,2289,0
rep3,1.1447,2290,0
rep3,1.1447,2291,0
rep3,1.1449,2292,0
rep3,1.1449,2293,0
rep3,1.1449,2294,0
rep3,1.145,2295,0
rep3,1.145,2296,0
rep3,1.145,2297,0
rep3,1.1451,2298,0
rep3,1.1451,2299,0
rep3,1.1452,2300,0
rep3,1.1452,2301,0
rep3,1.1452,2302,0
rep3,1.1453,2303,0
rep3,1.1453,2304,0
rep3,1.1454,2305,0
rep3,1.1454,2306,0
rep3,1.1455,2307,0
rep3,1.1455,2308,0
rep3,1.1455,2309,0
rep3,1.1456,2310,0
rep3,1.1457,2311,0
rep3,1.1457,2312,0
rep3,1.1458,2313,0
rep3,1.1458,2314,0
rep3,1.1458,2315,0
rep3,1.1459,2316,0
rep3,1.1459,2317,0
rep3,1.1461,2318,0
rep3,1.1461,2319,0
rep3,1.1462,2320,0
rep3,1.1462,2321,0
rep3,1.1462,2322,0
rep3,1.1462,2323,0
rep3,1.1463,2324,0
rep3,1.1463,2325,0
rep3,1.1464,2326,0
rep3,1.1464,2327,0
rep3,1.1465,2328,0
rep3,1.1467,2329,0
rep3,1.1467,2330,0
rep3,1.1468,2331,0
rep3,1.1469,2332,0
rep3,1.1469,2333,0
rep3,1.147,2334,0
rep3,1.1471,2335,0
rep3,1.1471,2336,0
rep3,1.1472,2337,0
rep3,1.1472,2338,0
rep3,1.1473,2339,0
rep3,1.1474,2340,0
rep3,1.1474,2341,0
rep3,1.1476,2342,0
rep3,1.1476,2343,0
rep3,1.1479,2344,0
rep3,1.1479,2345,0
rep3,1.1479,2346,0
rep3,1.148,2347,0
rep3,1.148,2348,0
rep3,1.1481,2349,0
rep3,1.1482,2350,0
rep3,1.1483,2351,0
rep3,1.1484,2352,0
rep3,1.1485,2353,0
rep3,1.1485,2354,0
rep3,1.1485,2355,0
rep3,1.1486,2356,0
rep3,1.1486,2357,0
rep3,1.1486,2358,0
rep3,1.1486,2359,0
rep3,1.1488,2360,0
rep3,1.1488,2361,0
rep3,1.1488,2362,0
rep3,1.1488,2363,0
rep3,1.1488,2364,0
rep3,1.1489,2365,0
rep3,1.1489,2366,0
rep3,1.1489,2367,0
rep3,1.1489,2368,0
rep3,1.1489,2369,0
rep3,1.1491,2370,0
rep3,1.1493,2371,0
rep3,1.1493,2372,0
rep3,1.1493,2373,0
rep3,1.1494,2374,0
rep3,1.1494,2375,0
rep3,1.1494,2376,0
rep3,1.1495,2377,0
rep3,1.1495,2378,0
rep3,1.1495,2379,0
rep3,1.1496,2380,0
rep3,1.1498,2381,0
rep3,1.1498,2382,0
rep3,1.1499,2383,0
rep3,1.1499,2384,0
rep3,1.15,2385,0
rep3,1.15,2386,0
rep3,1.1503,2387,0
rep3,1.1504,2388,0
rep3,1.1504,2389,0
rep3,1.1504,2390,0
rep3,1.1505,2391,0
rep3,1.1505,2392,0
rep3,1.1506,2393,0
rep3,1.1507,2394,0
rep3,1.1507,2395,0
rep3,1.1508,2396,0
rep3,1.1509,2397,0
rep3,1.1509,2398,0
rep3,1.1509,2399,0
rep3,1.151,2400,0
rep3,1.1511,2401,0
rep3,1.1511,2402,0
rep3,1.1511,2403,0
rep3,1.1512,2404,0
rep3,1.1515,2405,0
rep3,1.1515,2406,0
rep3,1.1515,2407,0
rep3,1.1516,2408,0
rep3,1.1517,2409,0
rep3,1.1519,2410,0
rep3,1.1519,2411,0
rep3,1.152,2412,0
rep3,1.152,2413,0
rep3,1.152,2414,0
rep3,1.1521,2415,0
rep3,1.1521,2416,0
rep3,1.1522,2417,0
rep3,1.1523,2418,0
rep3,1.1523,2419,0
rep3,1.1523,2420,0
rep3,1.1523,2421,0
rep3,1.1525,2422,0
rep3,1.1525,2423,0
rep3,1.1525,2424,0
rep3,1.1526,2425,0
rep3,1.1527,2426,0
rep3,1.1527,2427,0
rep3,1.1527,2428,0
rep3,1.1527,2429,0
rep3,1.1528,2430,0
rep3,1.1529,2431,0
rep3,1.153,2432,0
rep3,1.153,2433,0
rep3,1.153,2434,0
rep3,1.1531,2435,0
rep3,1.1531,2436,0
rep3,1.1531,2437,0
rep3,1.1533,2438,0
rep3,1.1535,2439,0
rep3,1.1537,2440,0
rep3,1.1537,2441,0
rep3,1.1537,2442,0
rep3,1.154,2443,0
rep3,1.1542,2444,0
rep3,1.1543,2445,0
rep3,1.1543,2446,0
rep3,1.1543,2447,0
rep3,1.1544,2448,0
rep3,1.1544,2449,0
rep3,1.1546,2450,0
rep3,1.1548,2451,0
rep3,1.1548,2452,0
rep3,1.1549,2453,0
rep3,1.1551,2454,0
rep3,1.1553,2455,0
rep3,1.1553,2456,0
rep3,1.1553,2457,0
rep3,1.1555,2458,0
rep3,1.1556,2459,0
rep3,1.1556,2460,0
rep3,1.1556,2461,0
rep3,1.1557,2462,0
rep3,1.1557,2463,0
rep3,1.1558,2464,0
rep3,1.1558,2465,0
rep3,1.1559,2466,0
rep3,1.1559,2467,0
rep3,1.1563,2468,0
rep3,1.1563,2469,0
rep3,1.1564,2470,0
rep3,1.1564,2471,0
rep3,1.1565,2472,0
rep3,1.1565,2473,0
rep3,1.1565,2474,0
rep3,1.1566,2475,0
rep3,1.1569,2476,0
rep3,1.157,2477,0
rep3,1.1571,2478,0
rep3,1.1572,2479,0
rep3,1.1572,2480,0
rep3,1.1573,2481,0
rep3,1.1574,2482,0
rep3,1.1576,2483,0
rep3,1.1576,2484,0
rep3,1.1577,2485,0
rep3,1.1578,2486,0
rep3,1.1579,2487,0
rep3,1.1579,2488,0
rep3,1.1579,2489,0
rep3,1.1579,2490,0
rep3,1.158,2491,0
rep3,1.158,2492,0
rep3,1.158,2493,0
rep3,1.1581,2494,0
rep3,1.1581,2495,0
rep3,1.1581,2496,0
rep3,1.1582,2497,0
rep3,1.1583,2498,0
rep3,1.1586,2499,0
rep3,1.1586,2500,0
rep3,1.1586,2501,0
rep3,1.1587,2502,0
rep3,1.1587,2503,0
rep3,1.1588,2504,0
rep3,1.1588,2505,0
rep3,1.1589,2506,0
rep3,1.159,2507,0
rep3,1.1592,2508,0
rep3,1.1592,2509,0
rep3,1.1592,2510,0
rep3,1.1598,2511,0
rep3,1.1598,2512,0
rep3,1.1598,2513,0
rep3,1.1598,2514,0
rep3,1.1598,2515,0
rep3,1.1599,2516,0
rep3,1.16,2517,0
rep3,1.1601,2518,0
rep3,1.1601,2519,0
rep3,1.1602,2520,0
rep3,1.1602,2521,0
rep3,1.1602,2522,0
rep3,1.1604,2523,0
rep3,1.1604,2524,0
rep3,1.1605,2525,0
rep3,1.1607,2526,0
rep3,1.1607,2527,0
rep3,1.1608,2528,0
rep3,1.1609,2529,0
rep3,1.1609,2530,0
rep3,1.1609,2531,0
rep3,1.161,2532,0
rep3,1.161,2533,0
rep3,1.1611,2534,0
rep3,1.1612,2535,0
rep3,1.1612,2536,0
rep3,1.1612,2537,0
rep3,1.1613,2538,0
rep3,1.1613,2539,0
rep3,1.1613,2540,0
rep3,1.1614,2541,0
rep3,1.1614,2542,0
rep3,1.1615,2543,0
rep3,1.1616,2544,0
rep3,1.1616,2545,0
rep3,1.1616,2546,0
rep3,1.1617,2547,0
rep3,1.1619,2548,0
rep3,1.1619,2549,0
rep3,1.1619,2550,0
rep3,1.162,2551,0
rep3,1.1621,2552,0
rep3,1.1621,2553,0
rep3,1.1621,2554,0
rep3,1.1623,2555,0
rep3,1.1623,2556,0
rep3,1.1627,2557,0
rep3,1.1632,2558,0
rep3,1.1632,2559,0
rep3,1.1633,2560,0
rep3,1.1633,2561,0
rep3,1.1635,2562,0
rep3,1.1635,2563,0
rep3,1.1635,2564,0
rep3,1.1637,2565,0
rep3,1.1637,2566,0
rep3,1.1637,2567,0
rep3,1.1638,2568,0
rep3,1.1638,2569,0
rep3,1.1638,2570,0
rep3,1.1639,2571,0
rep3,1.1639,2572,0
rep3,1.164,2573,0
rep3,1.1643,2574,0
rep3,1.1643,2575,0
rep3,1.1643,2576,0
rep3,1.1643,2577,0
rep3,1.1645,2578,0
rep3,1.1646,2579,0
rep3,1.1647,2580,0
rep3,1.1648,2581,0
rep3,1.1649,2582,0
rep3,1.1649,2583,0
rep3,1.1649,2584,0
rep3,1.165,2585,0
rep3,1.1651,2586,0
rep3,1.1653,2587,0
rep3,1.1653,2588,0
rep3,1.1654,2589,0
rep3,1.1655,2590,0
rep3,1.1655,2591,0
rep3,1.1656,2592,0
rep3,1.1656,2593,0
rep3,1.1657,2594,0
rep3,1.1657,2595,0
rep3,1.1657,2596,0
rep3,1.1658,2597,0
rep3,1.1659,2598,0
rep3,1.166,2599,0
rep3,1.166,2600,0
rep3,1.166,2601,0
rep3,1.1661,2602,0
rep3,1.1662,2603,0
rep3,1.1662,2604,0
rep3,1.1663,2605,0
rep3,1.1663,2606,0
rep3,1.1664,2607,0
rep3,1.1664,2608,0
rep3,1.1665,2609,0
rep3,1.1665,2610,0
rep3,1.1665,2611,0
rep3,1.1666,2612,0
rep3,1.1666,2613,0
rep3,1.1667,2614,0
rep3,1.1669,2615,0
rep3,1.1669,2616,0
rep3,1.167,2617,0
rep3,1.167,2618,0
rep3,1.167,2619,0
rep3,1.167,2620,0
rep3,1.1671,2621,0
rep3,1.1672,2622,0
rep3,1.1672,2623,0
rep3,1.1672,2624,0
rep3,1.1673,2625,0
rep3,1.1673,2626,0
rep3,1.1674,2627,0
rep3,1.1674,2628,0
rep3,1.1675,2629,0
rep3,1.1675,2630,0
rep3,1.1675,2631,0
rep3,1.1675,2632,0
rep3,1.1676,2633,0
rep3,1.1678,2634,0
rep3,1.1678,2635,0
rep3,1.1678,2636,0
rep3,1.1679,2637,0
rep3,1.1679,2638,0
rep3,1.1681,2639,0
rep3,1.1682,2640,0
rep3,1.1682,2641,0
rep3,1.1682,2642,0
rep3,1.1682,2643,0
rep3,1.1682,2644,0
rep3,1.1683,2645,0
rep3,1.1683,2646,0
rep3,1.1685,2647,0
rep3,1.1685,2648,0
rep3,1.1686,2649,0
rep3,1.1686,2650,0
rep3,1.1686,2651,0
rep3,1.1687,2652,0
rep3,1.1687,2653,0
rep3,1.1688,2654,0
rep3,1.1689,2655,0
rep3,1.169,2656,0
rep3,1.1691,2657,0
rep3,1.1691,2658,0
rep3,1.1693,2659,0
rep3,1.1693,2660,0
rep3,1.1694,2661,0
rep3,1.1695,2662,0
rep3,1.1697,2663,0
rep3,1.1698,2664,0
rep3,1.1698,2665,0
rep3,1.1699,2666,0
rep3,1.1702,2667,0
rep3,1.1704,2668,0
rep3,1.1705,2669,0
rep3,1.1706,2670,0
rep3,1.1707,2671,0
rep3,1.1708,2672,0
rep3,1.1709,2673,0
rep3,1.1709,2674,0
rep3,1.171,2675,0
rep3,1.171,2676,0
rep3,1.1711,2677,0
rep3,1.1713,2678,0
rep3,1.1713,2679,0
rep3,1.1714,2680,0
rep3,1.1716,2681,0
rep3,1.1717,2682,0
rep3,1.1717,2683,0
rep3,1.1717,2684,0
rep3,1.1718,2685,0
rep3,1.1718,2686,0
rep3,1.1719,2687,0
rep3,1.1719,2688,0
rep3,1.172,2689,0
rep3,1.172,2690,0
rep3,1.172,2691,0
rep3,1.1722,2692,0
rep3,1.1723,2693,0
rep3,1.1724,2694,0
rep3,1.1725,2695,0
rep3,1.1731,2696,0
rep3,1.1731,2697,0
rep3,1.1732,2698,0
rep3,1.1736,2699,0
rep3,1.1736,2700,0
rep3,1.1736,2701,0
rep3,1.1736,2702,0
rep3,1.1737,2703,0
rep3,1.1739,2704,0
rep3,1.1741,2705,0
rep3,1.1743,2706,0
rep3,1.1743,2707,0
rep3,1.1744,2708,0
rep3,1.1744,2709,0
rep3,1.1746,2710,0
rep3,1.1746,2711,0
rep3,1.1746,2712,0
rep3,1.1747,2713,0
rep3,1.1748,2714,0
rep3,1.1749,2715,0
rep3,1.1749,2716,0
rep3,1.175,2717,0
rep3,1.1751,2718,0
rep3,1.1751,2719,0
rep3,1.1752,2720,0
rep3,1.1753,2721,0
rep3,1.1754,2722,0
rep3,1.1755,2723,0
rep3,1.1758,2724,0
rep3,1.1758,2725,0
rep3,1.1758,2726,0
rep3,1.1759,2727,0
rep3,1.1759,2728,0
rep3,1.176,2729,0
rep3,1.176,2730,0
rep3,1.1762,2731,0
rep3,1.1762,2732,0
rep3,1.1762,2733,0
rep3,1.1763,2734,0
rep3,1.1763,2735,0
rep3,1.1765,2736,0
rep3,1.1765,2737,0
rep3,1.1766,2738,0
rep3,1.1766,2739,0
rep3,1.1767,2740,0
rep3,1.1767,2741,0
rep3,1.1767,2742,0
rep3,1.1767,2743,0
rep3,1.1767,2744,0
rep3,1.1768,2745,0
rep3,1.1768,2746,0
rep3,1.1769,2747,0
rep3,1.1769,2748,0
rep3,1.1769,2749,0
rep3,1.1771,2750,0
rep3,1.1771,2751,0
rep3,1.1771,2752,0
rep3,1.1771,2753,0
rep3,1.1772,2754,0
rep3,1.1772,2755,0
rep3,1.1772,2756,0
rep3,1.1772,2757,0
rep3,1.1773,2758,0
rep3,1.1774,2759,0
rep3,1.1774,2760,0
rep3,1.1775,2761,0
rep3,1.1776,2762,0
rep3,1.1776,2763,0
rep3,1.1776,2764,0
rep3,1.1777,2765,0
rep3,1.1778,2766,0
rep3,1.1778,2767,0
rep3,1.178,2768,0
rep3,1.178,2769,0
rep3,1.1781,2770,0
rep3,1.1782,2771,0
rep3,1.1782,2772,0
rep3,1.1782,2773,0
rep3,1.1783,2774,0
rep3,1.1786,2775,0
rep3,1.1786,2776,0
rep3,1.1786,2777,0
rep3,1.1786,2778,0
rep3,1.1787,2779,0
rep3,1.1789,2780,0
rep3,1.1789,2781,0
rep3,1.179,2782,0
rep3,1.179,2783,0
rep3,1.1791,2784,0
rep3,1.1792,2785,0
rep3,1.1793,2786,0
rep3,1.1793,2787,0
rep3,1.1793,2788,0
rep3,1.1793,2789,0
rep3,1.1794,2790,0
rep3,1.1795,2791,0
rep3,1.1796,2792,0
rep3,1.1798,2793,0
rep3,1.1799,2794,0
rep3,1.1799,2795,0
rep3,1.1799,2796,0
rep3,1.18,2797,0
rep3,1.18,2798,0
rep3,1.1801,2799,0
rep3,1.1801,2800,0
rep3,1.1802,2801,0
rep3,1.1802,2802,0
rep3,1.1803,2803,0
rep3,1.1804,2804,0
rep3,1.1804,2805,0
rep3,1.1804,2806,0
rep3,1.1805,2807,0
rep3,1.1805,2808,0
rep3,1.1806,2809,0
rep3,1.1806,2810,0
rep3,1.1807,2811,0
rep3,1.1808,2812,0
rep3,1.1809,2813,0
rep3,1.1809,2814,0
rep3,1.1809,2815,0
rep3,1.1811,2816,0
rep3,1.1811,2817,0
rep3,1.1812,2818,0
rep3,1.1812,2819,0
rep3,1.1812,2820,0
rep3,1.1813,2821,0
rep3,1.1814,2822,0
rep3,1.1814,2823,0
rep3,1.1814,2824,0
rep3,1.1814,2825,0
rep3,1.1816,2826,0
rep3,1.1817,2827,0
rep3,1.1817,2828,0
rep3,1.1818,2829,0
rep3,1.1818,2830,0
rep3,1.1819,2831,0
rep3,1.1819,2832,0
rep3,1.182,2833,0
rep3,1.1821,2834,0
rep3,1.1823,2835,0
rep3,1.1824,2836,0
rep3,1.1824,2837,0
rep3,1.1824,2838,0
rep3,1.1824,2839,0
rep3,1.1825,2840,0
rep3,1.1827,2841,0
rep3,1.1827,2842,0
rep3,1.1828,2843,0
rep3,1.1829,2844,0
rep3,1.183,2845,0
rep3,1.1832,2846,0
rep3,1.1832,2847,0
rep3,1.1835,2848,0
rep3,1.1835,2849,0
rep3,1.1836,2850,0
rep3,1.1837,2851,0
rep3,1.1837,2852,0
rep3,1.1837,2853,0
rep3,1.1837,2854,0
rep3,1.1838,2855,0
rep3,1.1839,2856,0
rep3,1.184,2857,0
rep3,1.1842,2858,0
rep3,1.1842,2859,0
rep3,1.1843,2860,0
rep3,1.1844,2861,0
rep3,1.1846,2862,0
rep3,1.1847,2863,0
rep3,1.1847,2864,0
rep3,1.1849,2865,0
rep3,1.1849,2866,0
rep3,1.185,2867,0
rep3,1.1851,2868,0
rep3,1.1855,2869,0
rep3,1.1855,2870,0
rep3,1.1855,2871,0
rep3,1.1856,2872,0
rep3,1.1856,2873,0
rep3,1.1857,2874,0
rep3,1.1857,2875,0
rep3,1.1858,2876,0
rep3,1.1858,2877,0
rep3,1.1858,2878,0
rep3,1.1859,2879,0
rep3,1.186,2880,0
rep3,1.1861,2881,0
rep3,1.1861,2882,0
rep3,1.1862,2883,0
rep3,1.1862,2884,0
rep3,1.1862,2885,0
rep3,1.1863,2886,0
rep3,1.1863,2887,0
rep3,1.1863,2888,0
rep3,1.1864,2889,0
rep3,1.1865,2890,0
rep3,1.1865,2891,0
rep3,1.1867,2892,0
rep3,1.1867,2893,0
rep3,1.1867,2894,0
rep3,1.1868,2895,0
rep3,1.1869,2896,0
rep3,1.187,2897,0
rep3,1.187,2898,0
rep3,1.1871,2899,0
rep3,1.1871,2900,0
rep3,1.1872,2901,0
rep3,1.1872,2902,0
rep3,1.1873,2903,0
rep3,1.1874,2904,0
rep3,1.1874,2905,0
rep3,1.1874,2906,0
rep3,1.1875,2907,0
rep3,1.1875,2908,0
rep3,1.1875,2909,0
rep3,1.1876,2910,0
rep3,1.1876,2911,0
rep3,1.1877,2912,0
rep3,1.1877,2913,0
rep3,1.1878,2914,0
rep3,1.1881,2915,0
rep3,1.1881,2916,0
rep3,1.1881,2917,0
rep3,1.1882,2918,0
rep3,1.1883,2919,0
rep3,1.1883,2920,0
rep3,1.1885,2921,0
rep3,1.1887,2922,0
rep3,1.1887,2923,0
rep3,1.1888,2924,0
rep3,1.1889,2925,0
rep3,1.1889,2926,0
rep3,1.1891,2927,0
rep3,1.1891,2928,0
rep3,1.1892,2929,0
rep3,1.1892,2930,0
rep3,1.1893,2931,0
rep3,1.1895,2932,0
rep3,1.1896,2933,0
rep3,1.1896,2934,0
rep3,1.1896,2935,0
rep3,1.1896,2936,0
rep3,1.1897,2937,0
rep3,1.1898,2938,0
rep3,1.1898,2939,0
rep3,1.1898,2940,0
rep3,1.1899,2941,0
rep3,1.1899,2942,0
rep3,1.1899,2943,0
rep3,1.19,2944,0
rep3,1.1902,2945,0
rep3,1.1902,2946,0
rep3,1.1903,2947,0
rep3,1.1903,2948,0
rep3,1.1904,2949,0
rep3,1.1905,2950,0
rep3,1.1906,2951,0
rep3,1.1906,2952,0
rep3,1.1906,2953,0
rep3,1.1906,2954,0
rep3,1.1906,2955,0
rep3,1.1907,2956,0
rep3,1.1907,2957,0
rep3,1.1908,2958,0
rep3,1.1908,2959,0
rep3,1.1908,2960,0
rep3,1.191,2961,0
rep3,1.191,2962,0
rep3,1.1911,2963,0
rep3,1.1912,2964,0
rep3,1.1912,2965,0
rep3,1.1912,2966,0
rep3,1.1912,2967,0
rep3,1.1914,2968,0
rep3,1.1915,2969,0
rep3,1.1917,2970,0
rep3,1.1917,2971,0
rep3,1.1918,2972,0
rep3,1.1918,2973,0
rep3,1.1918,2974,0
rep3,1.1919,2975,0
rep3,1.192,2976,0
rep3,1.1921,2977,0
rep3,1.1921,2978,0
rep3,1.1921,2979,0
rep3,1.1921,2980,0
rep3,1.1921,2981,0
rep3,1.1922,2982,0
rep3,1.1923,2983,0
rep3,1.1924,2984,0
rep3,1.1924,2985,0
rep3,1.1926,2986,0
rep3,1.1927,2987,0
rep3,1.1928,2988,0
rep3,1.1929,2989,0
rep3,1.193,2990,0
rep3,1.193,2991,0
rep3,1.193,2992,0
rep3,1.193,2993,0
rep3,1.1931,2994,0
rep3,1.1931,2995,0
rep3,1.1932,2996,0
rep3,1.1932,2997,0
rep3,1.1932,2998,0
rep3,1.1933,2999,0
rep3,1.1934,3000,0
rep3,1.1934,3001,0
rep3,1.1939,3002,0
rep3,1.1939,3003,0
rep3,1.194,3004,0
rep3,1.1941,3005,0
rep3,1.1941,3006,0
rep3,1.1942,3007,0
rep3,1.1942,3008,0
rep3,1.1942,3009,0
rep3,1.1943,3010,0
rep3,1.1943,3011,0
rep3,1.1946,3012,0
rep3,1.1947,3013,0
rep3,1.1947,3014,0
rep3,1.1947,3015,0
rep3,1.1948,3016,0
rep3,1.1949,3017,0
rep3,1.1949,3018,0
rep3,1.195,3019,0
rep3,1.195,3020,0
rep3,1.195,3021,0
rep3,1.1952,3022,0
rep3,1.1953,3023,0
rep3,1.1953,3024,0
rep3,1.1954,3025,0
rep3,1.1955,3026,0
rep3,1.1955,3027,0
rep3,1.1956,3028,0
rep3,1.1956,3029,0
rep3,1.1956,3030,0
rep3,1.1958,3031,0
rep3,1.1959,3032,0
rep3,1.1959,3033,0
rep3,1.196,3034,0
rep3,1.1961,3035,0
rep3,1.1961,3036,0
rep3,1.1961,3037,0
rep3,1.1962,3038,0
rep3,1.1963,3039,0
rep3,1.1963,3040,0
rep3,1.1963,3041,0
rep3,1.1964,3042,0
rep3,1.1964,3043,0
rep3,1.1965,3044,0
rep3,1.1965,3045,0
rep3,1.1966,3046,0
rep3,1.1966,3047,0
rep3,1.1969,3048,0
rep3,1.197,3049,0
rep3,1.197,3050,0
rep3,1.1974,3051,0
rep3,1.1974,3052,0
rep3,1.1975,3053,0
rep3,1.1975,3054,0
rep3,1.1976,3055,0
rep3,1.1976,3056,0
rep3,1.1978,3057,0
rep3,1.1978,3058,0
rep3,1.1978,3059,0
rep3,1.198,3060,0
rep3,1.198,3061,0
rep3,1.1982,3062,0
rep3,1.1983,3063,0
rep3,1.1983,3064,0
rep3,1.1983,3065,0
rep3,1.1984,3066,0
rep3,1.1984,3067,0
rep3,1.1984,3068,0
rep3,1.1986,3069,0
rep3,1.1986,3070,0
rep3,1.1986,3071,0
rep3,1.1987,3072,0
rep3,1.1988,3073,0
rep3,1.199,3074,0
rep3,1.1991,3075,0
rep3,1.1991,3076,0
rep3,1.1994,3077,0
rep3,1.1994,3078,0
rep3,1.1994,3079,0
rep3,1.1995,3080,0
rep3,1.1996,3081,0
rep3,1.1996,3082,0
rep3,1.1996,3083,0
rep3,1.2001,3084,0
rep3,1.2001,3085,0
rep3,1.2002,3086,0
rep3,1.2003,3087,0
rep3,1.2003,3088,0
rep3,1.2004,3089,0
rep3,1.2005,3090,0
rep3,1.2005,3091,0
rep3,1.2005,3092,0
rep3,1.2006,3093,0
rep3,1.2007,3094,0
rep3,1.2007,3095,0
rep3,1.2008,3096,0
rep3,1.201,3097,0
rep3,1.2012,3098,0
rep3,1.2014,3099,0
rep3,1.2014,3100,0
rep3,1.2014,3101,0
rep3,1.2015,3102,0
rep3,1.2016,3103,0
rep3,1.2017,3104,0
rep3,1.2017,3105,0
rep3,1.2018,3106,0
rep3,1.2018,3107,0
rep3,1.2018,3108,0
rep3,1.2018,3109,0
rep3,1.2019,3110,0
rep3,1.202,3111,0
rep3,1.202,3112,0
rep3,1.2022,3113,0
rep3,1.2023,3114,0
rep3,1.2023,3115,0
rep3,1.2024,3116,0
rep3,1.2025,3117,0
rep3,1.2025,3118,0
rep3,1.2026,3119,0
rep3,1.2026,3120,0
rep3,1.2027,3121,0
rep3,1.2028,3122,0
rep3,1.2029,3123,0
rep3,1.203,3124,0
rep3,1.203,3125,0
rep3,1.203,3126,0
rep3,1.203,3127,0
rep3,1.2031,3128,0
rep3,1.2031,3129,0
rep3,1.2031,3130,0
rep3,1.2033,3131,0
rep3,1.2035,3132,0
rep3,1.2036,3133,0
rep3,1.2036,3134,0
rep3,1.2036,3135,0
rep3,1.2037,3136,0
rep3,1.2038,3137,0
rep3,1.2039,3138,0
rep3,1.2041,3139,0
rep3,1.2043,3140,0
rep3,1.2044,3141,0
rep3,1.2045,3142,0
rep3,1.2046,3143,0
rep3,1.2048,3144,0
rep3,1.2048,3145,0
rep3,1.2048,3146,0
rep3,1.2049,3147,0
rep3,1.205,3148,0
rep3,1.2051,3149,0
rep3,1.2053,3150,0
rep3,1.2053,3151,0
rep3,1.2053,3152,0
rep3,1.2054,3153,0
rep3,1.2054,3154,0
rep3,1.2055,3155,0
rep3,1.2055,3156,0
rep3,1.2056,3157,0
rep3,1.2057,3158,0
rep3,1.2059,3159,0
rep3,1.2059,3160,0
rep3,1.206,3161,0
rep3,1.206,3162,0
rep3,1.2062,3163,0
rep3,1.2063,3164,0
rep3,1.2064,3165,0
rep3,1.2065,3166,0
rep3,1.2066,3167,0
rep3,1.2066,3168,0
rep3,1.2066,3169,0
rep3,1.2071,3170,0
rep3,1.2071,3171,0
rep3,1.2071,3172,0
rep3,1.2073,3173,0
rep3,1.2073,3174,0
rep3,1.2075,3175,0
rep3,1.2077,3176,0
rep3,1.2077,3177,0
rep3,1.2077,3178,0
rep3,1.2078,3179,0
rep3,1.2078,3180,0
rep3,1.2079,3181,0
rep3,1.2079,3182,0
rep3,1.2079,3183,0
rep3,1.2081,3184,0
rep3,1.2081,3185,0
rep3,1.2081,3186,0
rep3,1.2081,3187,0
rep3,1.2083,3188,0
rep3,1.2084,3189,0
rep3,1.2086,3190,0
rep3,1.2087,3191,0
rep3,1.2087,3192,0
rep3,1.2088,3193,0
rep3,1.2088,3194,0
rep3,1.209,3195,0
rep3,1.209,3196,0
rep3,1.2092,3197,0
rep3,1.2092,3198,0
rep3,1.2093,3199,0
rep3,1.2095,3200,0
rep3,1.2096,3201,0
rep3,1.2096,3202,0
rep3,1.2097,3203,0
rep3,1.2098,3204,0
rep3,1.2099,3205,0
rep3,1.21,3206,0
rep3,1.2102,3207,0
rep3,1.2103,3208,0
rep3,1.2103,3209,0
rep3,1.2103,3210,0
rep3,1.2104,3211,0
rep3,1.2106,3212,0
rep3,1.2107,3213,0
rep3,1.2107,3214,0
rep3,1.2107,3215,0
rep3,1.2108,3216,0
rep3,1.2108,3217,0
rep3,1.2108,3218,0
rep3,1.2108,3219,0
rep3,1.2108,3220,0
rep3,1.2108,3221,0
rep3,1.2109,3222,0
rep3,1.2109,3223,0
rep3,1.211,3224,0
rep3,1.2111,3225,0
rep3,1.2111,3226,0
rep3,1.2111,3227,0
rep3,1.2112,3228,0
rep3,1.2112,3229,0
rep3,1.2113,3230,0
rep3,1.2113,3231,0
rep3,1.2113,3232,0
rep3,1.2113,3233,0
rep3,1.2114,3234,0
rep3,1.2115,3235,0
rep3,1.2115,3236,0
rep3,1.2116,3237,0
rep3,1.2116,3238,0
rep3,1.2117,3239,0
rep3,1.2117,3240,0
rep3,1.2118,3241,0
rep3,1.2118,3242,0
rep3,1.2119,3243,0
rep3,1.2121,3244,0
rep3,1.2123,3245,0
rep3,1.2124,3246,0
rep3,1.2124,3247,0
rep3,1.2124,3248,0
rep3,1.2125,3249,0
rep3,1.2125,3250,0
rep3,1.2125,3251,0
rep3,1.2127,3252,0
rep3,1.2128,3253,0
rep3,1.2128,3254,0
rep3,1.2129,3255,0
rep3,1.213,3256,0
rep3,1.213,3257,0
rep3,1.213,3258,0
rep3,1.2131,3259,0
rep3,1.2133,3260,0
rep3,1.2133,3261,0
rep3,1.2134,3262,0
rep3,1.2135,3263,0
rep3,1.2136,3264,0
rep3,1.2136,3265,0
rep3,1.2138,3266,0
rep3,1.2139,3267,0
rep3,1.2139,3268,0
rep3,1.2141,3269,0
rep3,1.2141,3270,0
rep3,1.2141,3271,0
rep3,1.2142,3272,0
rep3,1.2142,3273,0
rep3,1.2142,3274,0
rep3,1.2143,3275,0
rep3,1.2144,3276,0
rep3,1.2146,3277,0
rep3,1.2146,3278,0
rep3,1.2147,3279,0
rep3,1.2148,3280,0
rep3,1.2148,3281,0
rep3,1.2149,3282,0
rep3,1.2149,3283,0
rep3,1.2151,3284,0
rep3,1.2151,3285,0
rep3,1.2151,3286,0
rep3,1.2152,3287,0
rep3,1.2152,3288,0
rep3,1.2153,3289,0
rep3,1.2154,3290,0
rep3,1.2154,3291,0
rep3,1.2154,3292,0
rep3,1.2155,3293,0
rep3,1.2156,3294,0
rep3,1.2157,3295,0
rep3,1.2158,3296,0
rep3,1.2161,3297,0
rep3,1.2162,3298,0
rep3,1.2162,3299,0
rep3,1.2162,3300,0
rep3,1.2163,3301,0
rep3,1.2164,3302,0
rep3,1.2165,3303,0
rep3,1.2165,3304,0
rep3,1.2165,3305,0
rep3,1.2165,3306,0
rep3,1.2166,3307,0
rep3,1.2166,3308,0
rep3,1.2166,3309,0
rep3,1.2166,3310,0
rep3,1.2167,3311,0
rep3,1.2169,3312,0
rep3,1.2171,3313,0
rep3,1.2172,3314,0
rep3,1.2173,3315,0
rep3,1.2174,3316,0
rep3,1.2174,3317,0
rep3,1.2175,3318,0
rep3,1.2175,3319,0
rep3,1.2176,3320,0
rep3,1.2177,3321,0
rep3,1.2177,3322,0
rep3,1.2177,3323,0
rep3,1.2178,3324,0
rep3,1.2179,3325,0
rep3,1.218,3326,0
rep3,1.218,3327,0
rep3,1.218,3328,0
rep3,1.2181,3329,0
rep3,1.2182,3330,0
rep3,1.2183,3331,0
rep3,1.2183,3332,0
rep3,1.2183,3333,0
rep3,1.2184,3334,0
rep3,1.2184,3335,0
rep3,1.2185,3336,0
rep3,1.2185,3337,0
rep3,1.2186,3338,0
rep3,1.2186,3339,0
rep3,1.2187,3340,0
rep3,1.2188,3341,0
rep3,1.2188,3342,0
rep3,1.2189,3343,0
rep3,1.219,3344,0
rep3,1.2192,3345,0
rep3,1.2195,3346,0
rep3,1.2196,3347,0
rep3,1.2198,3348,0
rep3,1.2198,3349,0
rep3,1.2199,3350,0
rep3,1.22,3351,0
rep3,1.22,3352,0
rep3,1.2201,3353,0
rep3,1.2201,3354,0
rep3,1.2201,3355,0
rep3,1.2202,3356,0
rep3,1.2203,3357,0
rep3,1.2203,3358,0
rep3,1.2204,3359,0
rep3,1.2205,3360,0
rep3,1.2205,3361,0
rep3,1.2205,3362,0
rep3,1.2206,3363,0
rep3,1.2206,3364,0
rep3,1.2206,3365,0
rep3,1.2207,3366,0
rep3,1.2209,3367,0
rep3,1.2209,3368,0
rep3,1.2211,3369,0
rep3,1.2211,3370,0
rep3,1.2212,3371,0
rep3,1.2212,3372,0
rep3,1.2214,3373,0
rep3,1.2214,3374,0
rep3,1.2214,3375,0
rep3,1.2215,3376,0
rep3,1.2216,3377,0
rep3,1.2216,3378,0
rep3,1.2218,3379,0
rep3,1.2218,3380,0
rep3,1.2218,3381,0
rep3,1.2219,3382,0
rep3,1.222,3383,0
rep3,1.222,3384,0
rep3,1.222,3385,0
rep3,1.2221,3386,0
rep3,1.2221,3387,0
rep3,1.2222,3388,0
rep3,1.2222,3389,0
rep3,1.2225,3390,0
rep3,1.2227,3391,0
rep3,1.2228,3392,0
rep3,1.2228,3393,0
rep3,1.2232,3394,0
rep3,1.2232,3395,0
rep3,1.2232,3396,0
rep3,1.2233,3397,0
rep3,1.2233,3398,0
rep3,1.2233,3399,0
rep3,1.2235,3400,0
rep3,1.2238,3401,0
rep3,1.2238,3402,0
rep3,1.2238,3403,0
rep3,1.2241,3404,0
rep3,1.2241,3405,0
rep3,1.2243,3406,0
rep3,1.2243,3407,0
rep3,1.2244,3408,0
rep3,1.2244,3409,0
rep3,1.2245,3410,0
rep3,1.2245,3411,0
rep3,1.2245,3412,0
rep3,1.2246,3413,0
rep3,1.2247,3414,0
rep3,1.2248,3415,0
rep3,1.2248,3416,0
rep3,1.2248,3417,0
rep3,1.225,3418,0
rep3,1.225,3419,0
rep3,1.225,3420,0
rep3,1.2252,3421,0
rep3,1.2254,3422,0
rep3,1.2255,3423,0
rep3,1.2257,3424,0
rep3,1.2258,3425,0
rep3,1.226,3426,0
rep3,1.226,3427,0
rep3,1.226,3428,0
rep3,1.226,3429,0
rep3,1.2261,3430,0
rep3,1.2262,3431,0
rep3,1.2262,3432,0
rep3,1.2263,3433,0
rep3,1.2263,3434,0
rep3,1.2264,3435,0
rep3,1.2264,3436,0
rep3,1.2265,3437,0
rep3,1.2268,3438,0
rep3,1.2268,3439,0
rep3,1.227,3440,0
rep3,1.2271,3441,0
rep3,1.2271,3442,0
rep3,1.2271,3443,0
rep3,1.2273,3444,0
rep3,1.2273,3445,0
rep3,1.2274,3446,0
rep3,1.2274,3447,0
rep3,1.2275,3448,0
rep3,1.2276,3449,0
rep3,1.2276,3450,0
rep3,1.2277,3451,0
rep3,1.2277,3452,0
rep3,1.2278,3453,0
rep3,1.2279,3454,0
rep3,1.228,3455,0
rep3,1.2282,3456,0
rep3,1.2283,3457,0
rep3,1.2283,3458,0
rep3,1.2283,3459,0
rep3,1.2283,3460,0
rep3,1.2285,3461,0
rep3,1.2285,3462,0
rep3,1.2287,3463,0
rep3,1.2288,3464,0
rep3,1.2288,3465,0
rep3,1.2288,3466,0
rep3,1.2289,3467,0
rep3,1.229,3468,0
rep3,1.229,3469,0
rep3,1.2291,3470,0
rep3,1.2292,3471,0
rep3,1.2293,3472,0
rep3,1.2293,3473,0
rep3,1.2293,3474,0
rep3,1.2294,3475,0
rep3,1.2295,3476,0
rep3,1.2296,3477,0
rep3,1.2296,3478,0
rep3,1.2301,3479,0
rep3,1.2302,3480,0
rep3,1.2304,3481,0
rep3,1.2304,3482,0
rep3,1.2305,3483,0
rep3,1.2305,3484,0
rep3,1.2306,3485,0
rep3,1.2307,3486,0
rep3,1.2308,3487,0
rep3,1.2309,3488,0
rep3,1.2309,3489,0
rep3,1.231,3490,0
rep3,1.2312,3491,0
rep3,1.2313,3492,0
rep3,1.2314,3493,0
rep3,1.2317,3494,0
rep3,1.2318,3495,0
rep3,1.2318,3496,0
rep3,1.2319,3497,0
rep3,1.2319,3498,0
rep3,1.2319,3499,0
rep3,1.2321,3500,0
rep3,1.2321,3501,0
rep3,1.2323,3502,0
rep3,1.2323,3503,0
rep3,1.2324,3504,0
rep3,1.2325,3505,0
rep3,1.2325,3506,0
rep3,1.2326,3507,0
rep3,1.2327,3508,0
rep3,1.2329,3509,0
rep3,1.2329,3510,0
rep3,1.2329,3511,0
rep3,1.233,3512,0
rep3,1.233,3513,0
rep3,1.2333,3514,0
rep3,1.2334,3515,0
rep3,1.2334,3516,0
rep3,1.2334,3517,0
rep3,1.2335,3518,0
rep3,1.2336,3519,0
rep3,1.2336,3520,0
rep3,1.2337,3521,0
rep3,1.2337,3522,0
rep3,1.234,3523,0
rep3,1.234,3524,0
rep3,1.2341,3525,0
rep3,1.2343,3526,0
rep3,1.2343,3527,0
rep3,1.2344,3528,0
rep3,1.2344,3529,0
rep3,1.2347,3530,0
rep3,1.2349,3531,0
rep3,1.235,3532,0
rep3,1.2351,3533,0
rep3,1.2351,3534,0
rep3,1.2352,3535,0
rep3,1.2353,3536,0
rep3,1.2353,3537,0
rep3,1.2354,3538,0
rep3,1.2355,3539,0
rep3,1.2355,3540,0
rep3,1.2359,3541,0
rep3,1.236,3542,0
rep3,1.236,3543,0
rep3,1.2362,3544,0
rep3,1.2363,3545,0
rep3,1.2364,3546,0
rep3,1.2365,3547,0
rep3,1.2365,3548,0
rep3,1.2366,3549,0
rep3,1.2368,3550,0
rep3,1.2369,3551,0
rep3,1.2371,3552,0
rep3,1.2371,3553,0
rep3,1.2372,3554,0
rep3,1.2372,3555,0
rep3,1.2372,3556,0
rep3,1.2373,3557,0
rep3,1.2375,3558,0
rep3,1.2375,3559,0
rep3,1.2376,3560,0
rep3,1.2376,3561,0
rep3,1.2377,3562,0
rep3,1.2377,3563,0
rep3,1.2378,3564,0
rep3,1.2379,3565,0
rep3,1.2379,3566,0
rep3,1.2379,3567,0
rep3,1.2379,3568,0
rep3,1.238,3569,0
rep3,1.2382,3570,0
rep3,1.2382,3571,0
rep3,1.2382,3572,0
rep3,1.2382,3573,0
rep3,1.2383,3574,0
rep3,1.2384,3575,0
rep3,1.2384,3576,0
rep3,1.2387,3577,0
rep3,1.2387,3578,0
rep3,1.2388,3579,0
rep3,1.2388,3580,0
rep3,1.2391,3581,0
rep3,1.2391,3582,0
rep3,1.2391,3583,0
rep3,1.2393,3584,0
rep3,1.2395,3585,0
rep3,1.2396,3586,0
rep3,1.2397,3587,0
rep3,1.2397,3588,0
rep3,1.2398,3589,0
rep3,1.2404,3590,0
rep3,1.2405,3591,0
rep3,1.2406,3592,0
rep3,1.2406,3593,0
rep3,1.2407,3594,0
rep3,1.2408,3595,0
rep3,1.241,3596,0
rep3,1.2411,3597,0
rep3,1.2412,3598,0
rep3,1.2414,3599,0
rep3,1.2414,3600,0
rep3,1.2414,3601,0
rep3,1.2417,3602,0
rep3,1.2417,3603,0
rep3,1.2419,3604,0
rep3,1.2419,3605,0
rep3,1.2421,3606,0
rep3,1.2421,3607,0
rep3,1.2425,3608,0
rep3,1.2427,3609,0
rep3,1.2428,3610,0
rep3,1.2428,3611,0
rep3,1.2429,3612,0
rep3,1.2429,3613,0
rep3,1.243,3614,0
rep3,1.2432,3615,0
rep3,1.2433,3616,0
rep3,1.2433,3617,0
rep3,1.2434,3618,0
rep3,1.2435,3619,0
rep3,1.2435,3620,0
rep3,1.2436,3621,0
rep3,1.2436,3622,0
rep3,1.2438,3623,0
rep3,1.2438,3624,0
rep3,1.2438,3625,0
rep3,1.2439,3626,0
rep3,1.2441,3627,0
rep3,1.2442,3628,0
rep3,1.2443,3629,0
rep3,1.2444,3630,0
rep3,1.2445,3631,0
rep3,1.2447,3632,0
rep3,1.2447,3633,0
rep3,1.2448,3634,0
rep3,1.2449,3635,0
rep3,1.2449,3636,0
rep3,1.2449,3637,0
rep3,1.2449,3638,0
rep3,1.2449,3639,0
rep3,1.2451,3640,0
rep3,1.2452,3641,0
rep3,1.2452,3642,0
rep3,1.2453,3643,0
rep3,1.2453,3644,0
rep3,1.2453,3645,0
rep3,1.2453,3646,0
rep3,1.2454,3647,0
rep3,1.2455,3648,0
rep3,1.2455,3649,0
rep3,1.2456,3650,0
rep3,1.2456,3651,0
rep3,1.2459,3652,0
rep3,1.2459,3653,0
rep3,1.2461,3654,0
rep3,1.2461,3655,0
rep3,1.2462,3656,0
rep3,1.2462,3657,0
rep3,1.2463,3658,0
rep3,1.2463,3659,0
rep3,1.2463,3660,0
rep3,1.2464,3661,0
rep3,1.2466,3662,0
rep3,1.2466,3663,0
rep3,1.2467,3664,0
rep3,1.2467,3665,0
rep3,1.2468,3666,0
rep3,1.2468,3667,0
rep3,1.2468,3668,0
rep3,1.247,3669,0
rep3,1.247,3670,0
rep3,1.2471,3671,0
rep3,1.2472,3672,0
rep3,1.2475,3673,0
rep3,1.2478,3674,0
rep3,1.2479,3675,0
rep3,1.2481,3676,0
rep3,1.2481,3677,0
rep3,1.2481,3678,0
rep3,1.2481,3679,0
rep3,1.2481,3680,0
rep3,1.2482,3681,0
rep3,1.2482,3682,0
rep3,1.2483,3683,0
rep3,1.2483,3684,0
rep3,1.2484,3685,0
rep3,1.2486,3686,0
rep3,1.2486,3687,0
rep3,1.2488,3688,0
rep3,1.2489,3689,0
rep3,1.2489,3690,0
rep3,1.2492,3691,0
rep3,1.2493,3692,0
rep3,1.2493,3693,0
rep3,1.2495,3694,0
rep3,1.2496,3695,0
rep3,1.2497,3696,0
rep3,1.2497,3697,0
rep3,1.2498,3698,0
rep3,1.2498,3699,0
rep3,1.2499,3700,0
rep3,1.2501,3701,0
rep3,1.2503,3702,0
rep3,1.2504,3703,0
rep3,1.2505,3704,0
rep3,1.2506,3705,0
rep3,1.2506,3706,0
rep3,1.2507,3707,0
rep3,1.2509,3708,0
rep3,1.2509,3709,0
rep3,1.2509,3710,0
rep3,1.2512,3711,0
rep3,1.2513,3712,0
rep3,1.2513,3713,0
rep3,1.2516,3714,0
rep3,1.2517,3715,0
rep3,1.2517,3716,0
rep3,1.2517,3717,0
rep3,1.2518,3718,0
rep3,1.252,3719,0
rep3,1.2522,3720,0
rep3,1.2523,3721,0
rep3,1.2524,3722,0
rep3,1.2524,3723,0
rep3,1.2525,3724,0
rep3,1.2526,3725,0
rep3,1.2527,3726,0
rep3,1.2528,3727,0
rep3,1.2529,3728,0
rep3,1.253,3729,0
rep3,1.2531,3730,0
rep3,1.2532,3731,0
rep3,1.2534,3732,0
rep3,1.2534,3733,0
rep3,1.2535,3734,0
rep3,1.2539,3735,0
rep3,1.2539,3736,0
rep3,1.2539,3737,0
rep3,1.2541,3738,0
rep3,1.2541,3739,0
rep3,1.2542,3740,0
rep3,1.2543,3741,0
rep3,1.2544,3742,0
rep3,1.2545,3743,0
rep3,1.2545,3744,0
rep3,1.2545,3745,0
rep3,1.2545,3746,0
rep3,1.2548,3747,0
rep3,1.2549,3748,0
rep3,1.255,3749,0
rep3,1.255,3750,0
rep3,1.2551,3751,0
rep3,1.2552,3752,0
rep3,1.2552,3753,0
rep3,1.2554,3754,0
rep3,1.2554,3755,0
rep3,1.2555,3756,0
rep3,1.2556,3757,0
rep3,1.2556,3758,0
rep3,1.2556,3759,0
rep3,1.2559,3760,0
rep3,1.2561,3761,0
rep3,1.2562,3762,0
rep3,1.2563,3763,0
rep3,1.2565,3764,0
rep3,1.2568,3765,0
rep3,1.2568,3766,0
rep3,1.2569,3767,0
rep3,1.2569,3768,0
rep3,1.257,3769,0
rep3,1.2573,3770,0
rep3,1.2574,3771,0
rep3,1.2576,3772,0
rep3,1.2578,3773,0
rep3,1.2579,3774,0
rep3,1.2579,3775,0
rep3,1.258,3776,0
rep3,1.258,3777,0
rep3,1.2581,3778,0
rep3,1.2581,3779,0
rep3,1.2582,3780,0
rep3,1.2583,3781,0
rep3,1.2583,3782,0
rep3,1.2584,3783,0
rep3,1.2587,3784,0
rep3,1.2587,3785,0
rep3,1.2588,3786,0
rep3,1.2588,3787,0
rep3,1.2589,3788,0
rep3,1.2589,3789,0
rep3,1.2589,3790,0
rep3,1.259,3791,0
rep3,1.259,3792,0
rep3,1.2592,3793,0
rep3,1.2593,3794,0
rep3,1.2593,3795,0
rep3,1.2594,3796,0
rep3,1.2595,3797,0
rep3,1.2595,3798,0
rep3,1.2596,3799,0
rep3,1.2596,3800,0
rep3,1.2598,3801,0
rep3,1.2598,3802,0
rep3,1.2598,3803,0
rep3,1.2599,3804,0
rep3,1.2599,3805,0
rep3,1.26,3806,0
rep3,1.26,3807,0
rep3,1.2601,3808,0
rep3,1.2602,3809,0
rep3,1.2603,3810,0
rep3,1.2603,3811,0
rep3,1.2603,3812,0
rep3,1.2605,3813,0
rep3,1.2607,3814,0
rep3,1.2607,3815,0
rep3,1.2608,3816,0
rep3,1.2609,3817,0
rep3,1.2611,3818,0
rep3,1.2613,3819,0
rep3,1.2614,3820,0
rep3,1.2614,3821,0
rep3,1.2616,3822,0
rep3,1.2616,3823,0
rep3,1.2617,3824,0
rep3,1.2618,3825,0
rep3,1.2618,3826,0
rep3,1.2619,3827,0
rep3,1.2619,3828,0
rep3,1.2622,3829,0
rep3,1.2622,3830,0
rep3,1.2622,3831,0
rep3,1.2624,3832,0
rep3,1.2625,3833,0
rep3,1.2627,3834,0
rep3,1.2627,3835,0
rep3,1.2629,3836,0
rep3,1.263,3837,0
rep3,1.263,3838,0
rep3,1.2631,3839,0
rep3,1.2632,3840,0
rep3,1.2632,3841,0
rep3,1.2633,3842,0
rep3,1.2633,3843,0
rep3,1.2634,3844,0
rep3,1.2635,3845,0
rep3,1.2636,3846,0
rep3,1.264,3847,0
rep3,1.264,3848,0
rep3,1.264,3849,0
rep3,1.2642,3850,0
rep3,1.2644,3851,0
rep3,1.2645,3852,0
rep3,1.2646,3853,0
rep3,1.2646,3854,0
rep3,1.2647,3855,0
rep3,1.2647,3856,0
rep3,1.2648,3857,0
rep3,1.265,3858,0
rep3,1.265,3859,0
rep3,1.265,3860,0
rep3,1.2652,3861,0
rep3,1.2653,3862,0
rep3,1.2654,3863,0
rep3,1.2654,3864,0
rep3,1.2656,3865,0
rep3,1.2657,3866,0
rep3,1.266,3867,0
rep3,1.266,3868,0
rep3,1.266,3869,0
rep3,1.2661,3870,0
rep3,1.2662,3871,0
rep3,1.2666,3872,0
rep3,1.2666,3873,0
rep3,1.2666,3874,0
rep3,1.2669,3875,0
rep3,1.2671,3876,0
rep3,1.2672,3877,0
rep3,1.2672,3878,0
rep3,1.2673,3879,0
rep3,1.2676,3880,0
rep3,1.2677,3881,0
rep3,1.2681,3882,0
rep3,1.2682,3883,0
rep3,1.2682,3884,0
rep3,1.2682,3885,0
rep3,1.2684,3886,0
rep3,1.2684,3887,0
rep3,1.2685,3888,0
rep3,1.2685,3889,0
rep3,1.2686,3890,0
rep3,1.2689,3891,0
rep3,1.2691,3892,0
rep3,1.2691,3893,0
rep3,1.2692,3894,0
rep3,1.2692,3895,0
rep3,1.2694,3896,0
rep3,1.2694,3897,0
rep3,1.2696,3898,0
rep3,1.2696,3899,0
rep3,1.2696,3900,0
rep3,1.2698,3901,0
rep3,1.2699,3902,0
rep3,1.2699,3903,0
rep3,1.2701,3904,0
rep3,1.2702,3905,0
rep3,1.2703,3906,0
rep3,1.2703,3907,0
rep3,1.2704,3908,0
rep3,1.2705,3909,0
rep3,1.2705,3910,0
rep3,1.2708,3911,0
rep3,1.271,3912,0
rep3,1.271,3913,0
rep3,1.2711,3914,0
rep3,1.2711,3915,0
rep3,1.2712,3916,0
rep3,1.2712,3917,0
rep3,1.2714,3918,0
rep3,1.2714,3919,0
rep3,1.2716,3920,0
rep3,1.2716,3921,0
rep3,1.272,3922,0
rep3,1.2721,3923,0
rep3,1.2721,3924,0
rep3,1.2722,3925,0
rep3,1.2724,3926,0
rep3,1.2724,3927,0
rep3,1.2724,3928,0
rep3,1.2725,3929,0
rep3,1.2726,3930,0
rep3,1.2726,3931,0
rep3,1.2726,3932,0
rep3,1.2728,3933,0
rep3,1.273,3934,0
rep3,1.273,3935,0
rep3,1.2732,3936,0
rep3,1.2733,3937,0
rep3,1.2734,3938,0
rep3,1.2734,3939,0
rep3,1.2737,3940,0
rep3,1.2738,3941,0
rep3,1.2739,3942,0
rep3,1.2739,3943,0
rep3,1.274,3944,0
rep3,1.2741,3945,0
rep3,1.2743,3946,0
rep3,1.2743,3947,0
rep3,1.2744,3948,0
rep3,1.2745,3949,0
rep3,1.2746,3950,0
rep3,1.2746,3951,0
rep3,1.2747,3952,0
rep3,1.275,3953,0
rep3,1.2751,3954,0
rep3,1.2752,3955,0
rep3,1.2753,3956,0
rep3,1.2754,3957,0
rep3,1.2755,3958,0
rep3,1.2755,3959,0
rep3,1.2757,3960,0
rep3,1.2758,3961,0
rep3,1.276,3962,0
rep3,1.276,3963,0
rep3,1.2761,3964,0
rep3,1.2762,3965,0
rep3,1.2764,3966,0
rep3,1.2766,3967,0
rep3,1.2768,3968,0
rep3,1.2769,3969,0
rep3,1.277,3970,0
rep3,1.2771,3971,0
rep3,1.2772,3972,0
rep3,1.2773,3973,0
rep3,1.2773,3974,0
rep3,1.2774,3975,0
rep3,1.2776,3976,0
rep3,1.2776,3977,0
rep3,1.2778,3978,0
rep3,1.2779,3979,0
rep3,1.278,3980,0
rep3,1.2781,3981,0
rep3,1.2781,3982,0
rep3,1.2781,3983,0
rep3,1.2782,3984,0
rep3,1.2783,3985,0
rep3,1.2783,3986,0
rep3,1.2785,3987,0
rep3,1.2786,3988,0
rep3,1.2787,3989,0
rep3,1.2788,3990,0
rep3,1.2789,3991,0
rep3,1.2789,3992,0
rep3,1.279,3993,0
rep3,1.279,3994,0
rep3,1.279,3995,0
rep3,1.2791,3996,0
rep3,1.2791,3997,0
rep3,1.2794,3998,0
rep3,1.2795,3999,0
rep3,1.2797,4000,0
rep3,1.2797,4001,0
rep3,1.2799,4002,0
rep3,1.2799,4003,0
rep3,1.28,4004,0
rep3,1.2801,4005,0
rep3,1.2801,4006,0
rep3,1.2802,4007,0
rep3,1.2804,4008,0
rep3,1.2804,4009,0
rep3,1.2805,4010,0
rep3,1.2806,4011,0
rep3,1.2807,4012,0
rep3,1.2809,4013,0
rep3,1.2809,4014,0
rep3,1.2809,4015,0
rep3,1.2812,4016,0
rep3,1.2813,4017,0
rep3,1.2816,4018,0
rep3,1.2817,4019,0
rep3,1.2818,4020,0
rep3,1.2819,4021,0
rep3,1.282,4022,0
rep3,1.2822,4023,0
rep3,1.2823,4024,0
rep3,1.2824,4025,0
rep3,1.2825,4026,0
rep3,1.2827,4027,0
rep3,1.2828,4028,0
rep3,1.2829,4029,0
rep3,1.2831,4030,0
rep3,1.2832,4031,0
rep3,1.2834,4032,0
rep3,1.2835,4033,0
rep3,1.2837,4034,0
rep3,1.2837,4035,0
rep3,1.2838,4036,0
rep3,1.284,4037,0
rep3,1.284,4038,0
rep3,1.2841,4039,0
rep3,1.2841,4040,0
rep3,1.2842,4041,0
rep3,1.2843,4042,0
rep3,1.2843,4043,0
rep3,1.2843,4044,0
rep3,1.2844,4045,0
rep3,1.2847,4046,0
rep3,1.2848,4047,0
rep3,1.2848,4048,0
rep3,1.2849,4049,0
rep3,1.285,4050,0
rep3,1.285,4051,0
rep3,1.2854,4052,0
rep3,1.2856,4053,0
rep3,1.2856,4054,0
rep3,1.2857,4055,0
rep3,1.2858,4056,0
rep3,1.2859,4057,0
rep3,1.286,4058,0
rep3,1.286,4059,0
rep3,1.2863,4060,0
rep3,1.2863,4061,0
rep3,1.2864,4062,0
rep3,1.2864,4063,0
rep3,1.2864,4064,0
rep3,1.2866,4065,0
rep3,1.2866,4066,0
rep3,1.2866,4067,0
rep3,1.2867,4068,0
rep3,1.2871,4069,0
rep3,1.2871,4070,0
rep3,1.2872,4071,0
rep3,1.2873,4072,0
rep3,1.2874,4073,0
rep3,1.2877,4074,0
rep3,1.2878,4075,0
rep3,1.288,4076,0
rep3,1.2881,4077,0
rep3,1.2882,4078,0
rep3,1.2882,4079,0
rep3,1.2885,4080,0
rep3,1.2887,4081,0
rep3,1.2888,4082,0
rep3,1.2888,4083,0
rep3,1.2889,4084,0
rep3,1.289,4085,0
rep3,1.289,4086,0
rep3,1.289,4087,0
rep3,1.2892,4088,0
rep3,1.2893,4089,0
rep3,1.2893,4090,0
rep3,1.2894,4091,0
rep3,1.2894,4092,0
rep3,1.2898,4093,0
rep3,1.2898,4094,0
rep3,1.2899,4095,0
rep3,1.2899,4096,0
rep3,1.2901,4097,0
rep3,1.2901,4098,0
rep3,1.2902,4099,0
rep3,1.2902,4100,0
rep3,1.2906,4101,0
rep3,1.2908,4102,0
rep3,1.2908,4103,0
rep3,1.2909,4104,0
rep3,1.2909,4105,0
rep3,1.2909,4106,0
rep3,1.291,4107,0
rep3,1.2912,4108,0
rep3,1.2913,4109,0
rep3,1.2915,4110,0
rep3,1.2915,4111,0
rep3,1.2917,4112,0
rep3,1.2921,4113,0
rep3,1.2924,4114,0
rep3,1.2924,4115,0
rep3,1.2924,4116,0
rep3,1.2925,4117,0
rep3,1.2928,4118,0
rep3,1.2928,4119,0
rep3,1.2928,4120,0
rep3,1.2929,4121,0
rep3,1.293,4122,0
rep3,1.293,4123,0
rep3,1.293,4124,0
rep3,1.2932,4125,0
rep3,1.2932,4126,0
rep3,1.2935,4127,0
rep3,1.2937,4128,0
rep3,1.2938,4129,0
rep3,1.2939,4130,0
rep3,1.2941,4131,0
rep3,1.2942,4132,0
rep3,1.2943,4133,0
rep3,1.2944,4134,0
rep3,1.2944,4135,0
rep3,1.2945,4136,0
rep3,1.2946,4137,0
rep3,1.2948,4138,0
rep3,1.2949,4139,0
rep3,1.2951,4140,0
rep3,1.2951,4141,0
rep3,1.2953,4142,0
rep3,1.2954,4143,0
rep3,1.2957,4144,0
rep3,1.2959,4145,0
rep3,1.296,4146,0
rep3,1.296,4147,0
rep3,1.2961,4148,0
rep3,1.2961,4149,0
rep3,1.2964,4150,0
rep3,1.2966,4151,0
rep3,1.2968,4152,0
rep3,1.297,4153,0
rep3,1.297,4154,0
rep3,1.2972,4155,0
rep3,1.2973,4156,0
rep3,1.2973,4157,0
rep3,1.2976,4158,0
rep3,1.2977,4159,0
rep3,1.2978,4160,0
rep3,1.2978,4161,0
rep3,1.2979,4162,0
rep3,1.2979,4163,0
rep3,1.298,4164,0
rep3,1.2981,4165,0
rep3,1.2982,4166,0
rep3,1.2984,4167,0
rep3,1.2984,4168,0
rep3,1.2984,4169,0
rep3,1.2987,4170,0
rep3,1.2988,4171,0
rep3,1.2989,4172,0
rep3,1.2992,4173,0
rep3,1.2992,4174,0
rep3,1.2993,4175,0
rep3,1.2993,4176,0
rep3,1.2994,4177,0
rep3,1.2997,4178,0
rep3,1.2998,4179,0
rep3,1.2998,4180,0
rep3,1.3,4181,0
rep3,1.3,4182,0
rep3,1.3001,4183,0
rep3,1.3001,4184,0
rep3,1.3002,4185,0
rep3,1.3003,4186,0
rep3,1.3003,4187,0
rep3,1.3004,4188,0
rep3,1.3005,4189,0
rep3,1.3006,4190,0
rep3,1.3012,4191,0
rep3,1.3012,4192,0
rep3,1.3014,4193,0
rep3,1.3017,4194,0
rep3,1.3019,4195,0
rep3,1.3021,4196,0
rep3,1.3021,4197,0
rep3,1.3023,4198,0
rep3,1.3024,4199,0
rep3,1.3026,4200,0
rep3,1.3027,4201,0
rep3,1.3027,4202,0
rep3,1.3028,4203,0
rep3,1.3028,4204,0
rep3,1.3029,4205,0
rep3,1.3029,4206,0
rep3,1.3029,4207,0
rep3,1.303,4208,0
rep3,1.3034,4209,0
rep3,1.3037,4210,0
rep3,1.3039,4211,0
rep3,1.3039,4212,0
rep3,1.3041,4213,0
rep3,1.3041,4214,0
rep3,1.3042,4215,0
rep3,1.3042,4216,0
rep3,1.3045,4217,0
rep3,1.3045,4218,0
rep3,1.3047,4219,0
rep3,1.3049,4220,0
rep3,1.305,4221,0
rep3,1.305,4222,0
rep3,1.3051,4223,0
rep3,1.3051,4224,0
rep3,1.3053,4225,0
rep3,1.3053,4226,0
rep3,1.3053,4227,0
rep3,1.3054,4228,0
rep3,1.3055,4229,0
rep3,1.3057,4230,0
rep3,1.3057,4231,0
rep3,1.3062,4232,0
rep3,1.3062,4233,0
rep3,1.3064,4234,0
rep3,1.3065,4235,0
rep3,1.3067,4236,0
rep3,1.3068,4237,0
rep3,1.307,4238,0
rep3,1.307,4239,0
rep3,1.3071,4240,0
rep3,1.3071,4241,0
rep3,1.3073,4242,0
rep3,1.3075,4243,0
rep3,1.3077,4244,0
rep3,1.3077,4245,0
rep3,1.3078,4246,0
rep3,1.3078,4247,0
rep3,1.3079,4248,0
rep3,1.3079,4249,0
rep3,1.308,4250,0
rep3,1.3084,4251,0
rep3,1.3086,4252,0
rep3,1.3086,4253,0
rep3,1.3088,4254,0
rep3,1.3088,4255,0
rep3,1.3089,4256,0
rep3,1.3089,4257,0
rep3,1.309,4258,0
rep3,1.3091,4259,0
rep3,1.3093,4260,0
rep3,1.3097,4261,0
rep3,1.3097,4262,0
rep3,1.3098,4263,0
rep3,1.3098,4264,0
rep3,1.3099,4265,0
rep3,1.3104,4266,0
rep3,1.3105,4267,0
rep3,1.3105,4268,0
rep3,1.3105,4269,0
rep3,1.3108,4270,0
rep3,1.3108,4271,0
rep3,1.3109,4272,0
rep3,1.311,4273,0
rep3,1.311,4274,0
rep3,1.3111,4275,0
rep3,1.3112,4276,0
rep3,1.3112,4277,0
rep3,1.3115,4278,0
rep3,1.3117,4279,0
rep3,1.3118,4280,0
rep3,1.312,4281,0
rep3,1.3121,4282,0
rep3,1.3121,4283,0
rep3,1.3123,4284,0
rep3,1.3124,4285,0
rep3,1.3126,4286,0
rep3,1.3126,4287,0
rep3,1.3128,4288,0
rep3,1.3129,4289,0
rep3,1.313,4290,0
rep3,1.3132,4291,0
rep3,1.3134,4292,0
rep3,1.3135,4293,0
rep3,1.3135,4294,0
rep3,1.3137,4295,0
rep3,1.3137,4296,0
rep3,1.3139,4297,0
rep3,1.3139,4298,0
rep3,1.314,4299,0
rep3,1.3143,4300,0
rep3,1.3143,4301,0
rep3,1.3144,4302,0
rep3,1.3146,4303,0
rep3,1.3148,4304,0
rep3,1.3149,4305,0
rep3,1.315,4306,0
rep3,1.315,4307,0
rep3,1.3152,4308,0
rep3,1.3153,4309,0
rep3,1.3157,4310,0
rep3,1.3159,4311,0
rep3,1.316,4312,0
rep3,1.3161,4313,0
rep3,1.3161,4314,0
rep3,1.3162,4315,0
rep3,1.3165,4316,0
rep3,1.3167,4317,0
rep3,1.3167,4318,0
rep3,1.3167,4319,0
rep3,1.3168,4320,0
rep3,1.3169,4321,0
rep3,1.317,4322,0
rep3,1.3172,4323,0
rep3,1.3177,4324,0
rep3,1.3177,4325,0
rep3,1.3181,4326,0
rep3,1.3182,4327,0
rep3,1.3183,4328,0
rep3,1.3184,4329,0
rep3,1.3185,4330,0
rep3,1.3186,4331,0
rep3,1.3186,4332,0
rep3,1.3188,4333,0
rep3,1.319,4334,0
rep3,1.3195,4335,0
rep3,1.3195,4336,0
rep3,1.3196,4337,0
rep3,1.3198,4338,0
rep3,1.3199,4339,0
rep3,1.3201,4340,0
rep3,1.3205,4341,0
rep3,1.321,4342,0
rep3,1.3211,4343,0
rep3,1.3213,4344,0
rep3,1.3215,4345,0
rep3,1.3216,4346,0
rep3,1.3217,4347,0
rep3,1.3223,4348,0
rep3,1.3225,4349,0
rep3,1.3226,4350,0
rep3,1.3226,4351,0
rep3,1.3226,4352,0
rep3,1.3227,4353,0
rep3,1.3228,4354,0
rep3,1.323,4355,0
rep3,1.3232,4356,0
rep3,1.3232,4357,0
rep3,1.3235,4358,0
rep3,1.3239,4359,0
rep3,1.324,4360,0
rep3,1.3241,4361,0
rep3,1.3243,4362,0
rep3,1.3243,4363,0
rep3,1.3246,4364,0
rep3,1.3248,4365,0
rep3,1.3249,4366,0
rep3,1.325,4367,0
rep3,1.3251,4368,0
rep3,1.3253,4369,0
rep3,1.3253,4370,0
rep3,1.3254,4371,0
rep3,1.3254,4372,0
rep3,1.3255,4373,0
rep3,1.3256,4374,0
rep3,1.3261,4375,0
rep3,1.3263,4376,0
rep3,1.3264,4377,0
rep3,1.3268,4378,0
rep3,1.3274,4379,0
rep3,1.3275,4380,0
rep3,1.3277,4381,0
rep3,1.3278,4382,0
rep3,1.3278,4383,0
rep3,1.3278,4384,0
rep3,1.3278,4385,0
rep3,1.3279,4386,0
rep3,1.3279,4387,0
rep3,1.3279,4388,0
rep3,1.3284,4389,0
rep3,1.3285,4390,0
rep3,1.3285,4391,0
rep3,1.3288,4392,0
rep3,1.3291,4393,0
rep3,1.3295,4394,0
rep3,1.3297,4395,0
rep3,1.3301,4396,0
rep3,1.3301,4397,0
rep3,1.3302,4398,0
rep3,1.3303,4399,0
rep3,1.3308,4400,0
rep3,1.331,4401,0
rep3,1.3317,4402,0
rep3,1.3317,4403,0
rep3,1.3317,4404,0
rep3,1.3318,4405,0
rep3,1.3321,4406,0
rep3,1.3322,4407,0
rep3,1.3324,4408,0
rep3,1.3328,4409,0
rep3,1.3329,4410,0
rep3,1.333,4411,0
rep3,1.3331,4412,0
rep3,1.3331,4413,0
rep3,1.3332,4414,0
rep3,1.3333,4415,0
rep3,1.3341,4416,0
rep3,1.3345,4417,0
rep3,1.3346,4418,0
rep3,1.3349,4419,0
rep3,1.3352,4420,0
rep3,1.3353,4421,0
rep3,1.3355,4422,0
rep3,1.3355,4423,0
rep3,1.3357,4424,0
rep3,1.3358,4425,0
rep3,1.336,4426,0
rep3,1.3364,4427,0
rep3,1.3364,4428,0
rep3,1.3366,4429,0
rep3,1.3368,4430,0
rep3,1.3368,4431,0
rep3,1.337,4432,0
rep3,1.3372,4433,0
rep3,1.3373,4434,0
rep3,1.3373,4435,0
rep3,1.3374,4436,0
rep3,1.3374,4437,0
rep3,1.3377,4438,0
rep3,1.3378,4439,0
rep3,1.338,4440,0
rep3,1.3381,4441,0
rep3,1.3382,4442,0
rep3,1.3384,4443,0
rep3,1.3384,4444,0
rep3,1.3385,4445,0
rep3,1.3385,4446,0
rep3,1.3385,4447,0
rep3,1.3386,4448,0
rep3,1.3387,4449,0
rep3,1.3389,4450,0
rep3,1.3389,4451,0
rep3,1.339,4452,0
rep3,1.3394,4453,0
rep3,1.3396,4454,0
rep3,1.3397,4455,0
rep3,1.3399,4456,0
rep3,1.3401,4457,0
rep3,1.3402,4458,0
rep3,1.3403,4459,0
rep3,1.3403,4460,0
rep3,1.3404,4461,0
rep3,1.3408,4462,0
rep3,1.3409,4463,0
rep3,1.3411,4464,0
rep3,1.342,4465,0
rep3,1.3424,4466,0
rep3,1.3424,4467,0
rep3,1.3425,4468,0
rep3,1.3426,4469,0
rep3,1.3427,4470,0
rep3,1.3427,4471,0
rep3,1.3428,4472,0
rep3,1.343,4473,0
rep3,1.3431,4474,0
rep3,1.3431,4475,0
rep3,1.3432,4476,0
rep3,1.3432,4477,0
rep3,1.3432,4478,0
rep3,1.3434,4479,0
rep3,1.3436,4480,0
rep3,1.3437,4481,0
rep3,1.3437,4482,0
rep3,1.3439,4483,0
rep3,1.3441,4484,0
rep3,1.3451,4485,0
rep3,1.3451,4486,0
rep3,1.3452,4487,0
rep3,1.3452,4488,0
rep3,1.3452,4489,0
rep3,1.3456,4490,0
rep3,1.3458,4491,0
rep3,1.3459,4492,0
rep3,1.3459,4493,0
rep3,1.3466,4494,0
rep3,1.3468,4495,0
rep3,1.3472,4496,0
rep3,1.3474,4497,0
rep3,1.3477,4498,0
rep3,1.3477,4499,0
rep3,1.3483,4500,0
rep3,1.3485,4501,0
rep3,1.3486,4502,0
rep3,1.3487,4503,0
rep3,1.3489,4504,0
rep3,1.3492,4505,0
rep3,1.3493,4506,0
rep3,1.3494,4507,0
rep3,1.3495,4508,0
rep3,1.3495,4509,0
rep3,1.3497,4510,0
rep3,1.3498,4511,0
rep3,1.3501,4512,0
rep3,1.3501,4513,0
rep3,1.3502,4514,0
rep3,1.3502,4515,0
rep3,1.3502,4516,0
rep3,1.3505,4517,0
rep3,1.351,4518,0
rep3,1.3511,4519,0
rep3,1.3512,4520,0
rep3,1.3513,4521,0
rep3,1.3514,4522,0
rep3,1.3514,4523,0
rep3,1.3516,4524,0
rep3,1.3518,4525,0
rep3,1.3522,4526,0
rep3,1.3523,4527,0
rep3,1.3527,4528,0
rep3,1.3529,4529,0
rep3,1.3534,4530,0
rep3,1.3536,4531,0
rep3,1.3542,4532,0
rep3,1.3543,4533,0
rep3,1.3544,4534,0
rep3,1.3545,4535,0
rep3,1.3547,4536,0
rep3,1.355,4537,0
rep3,1.3552,4538,0
rep3,1.3555,4539,0
rep3,1.3558,4540,0
rep3,1.3564,4541,0
rep3,1.3565,4542,0
rep3,1.3567,4543,0
rep3,1.3569,4544,0
rep3,1.357,4545,0
rep3,1.3581,4546,0
rep3,1.3583,4547,0
rep3,1.3584,4548,0
rep3,1.3586,4549,0
rep3,1.3586,4550,0
rep3,1.3586,4551,0
rep3,1.3586,4552,0
rep3,1.3591,4553,0
rep3,1.3594,4554,0
rep3,1.3595,4555,0
rep3,1.3595,4556,0
rep3,1.3596,4557,0
rep3,1.3598,4558,0
rep3,1.36,4559,0
rep3,1.3601,4560,0
rep3,1.3602,4561,0
rep3,1.3602,4562,0
rep3,1.3605,4563,0
rep3,1.3605,4564,0
rep3,1.3607,4565,0
rep3,1.3611,4566,0
rep3,1.3612,4567,0
rep3,1.3613,4568,0
rep3,1.3616,4569,0
rep3,1.3619,4570,0
rep3,1.3623,4571,0
rep3,1.3624,4572,0
rep3,1.3625,4573,0
rep3,1.3627,4574,0
rep3,1.3629,4575,0
rep3,1.3629,4576,0
rep3,1.3629,4577,0
rep3,1.363,4578,0
rep3,1.3632,4579,0
rep3,1.3635,4580,0
rep3,1.3644,4581,0
rep3,1.3645,4582,0
rep3,1.3645,4583,0
rep3,1.3647,4584,0
rep3,1.365,4585,0
rep3,1.3652,4586,0
rep3,1.3658,4587,0
rep3,1.3659,4588,0
rep3,1.3662,4589,0
rep3,1.3663,4590,0
rep3,1.3666,4591,0
rep3,1.3666,4592,0
rep3,1.3667,4593,0
rep3,1.3671,4594,0
rep3,1.3676,4595,0
rep3,1.3678,4596,0
rep3,1.3682,4597,0
rep3,1.3685,4598,0
rep3,1.3687,4599,0
rep3,1.3688,4600,0
rep3,1.3689,4601,0
rep3,1.3693,4602,0
rep3,1.3694,4603,0
rep3,1.3695,4604,0
rep3,1.3695,4605,0
rep3,1.3698,4606,0
rep3,1.3701,4607,0
rep3,1.3701,4608,0
rep3,1.3701,4609,0
rep3,1.3704,4610,0
rep3,1.3706,4611,0
rep3,1.3708,4612,0
rep3,1.3709,4613,0
rep3,1.371,4614,0
rep3,1.3716,4615,0
rep3,1.3716,4616,0
rep3,1.3719,4617,0
rep3,1.3722,4618,0
rep3,1.3722,4619,0
rep3,1.3723,4620,0
rep3,1.3728,4621,0
rep3,1.3728,4622,0
rep3,1.3731,4623,0
rep3,1.3731,4624,0
rep3,1.3731,4625,0
rep3,1.3732,4626,0
rep3,1.3733,4627,0
rep3,1.3737,4628,0
rep3,1.3738,4629,0
rep3,1.3739,4630,0
rep3,1.374,4631,0
rep3,1.3742,4632,0
rep3,1.3743,4633,0
rep3,1.3743,4634,0
rep3,1.3743,4635,0
rep3,1.3744,4636,0
rep3,1.3744,4637,0
rep3,1.3745,4638,0
rep3,1.3747,4639,0
rep3,1.3749,4640,0
rep3,1.375,4641,0
rep3,1.3752,4642,0
rep3,1.3755,4643,0
rep3,1.3757,4644,0
rep3,1.3758,4645,0
rep3,1.3759,4646,0
rep3,1.376,4647,0
rep3,1.3762,4648,0
rep3,1.3762,4649,0
rep3,1.3764,4650,0
rep3,1.3769,4651,0
rep3,1.3772,4652,0
rep3,1.3774,4653,0
rep3,1.3774,4654,0
rep3,1.3775,4655,0
rep3,1.3778,4656,0
rep3,1.3778,4657,0
rep3,1.3784,4658,0
rep3,1.3786,4659,0
rep3,1.3786,4660,0
rep3,1.3787,4661,0
rep3,1.3787,4662,0
rep3,1.3788,4663,0
rep3,1.3788,4664,0
rep3,1.3791,4665,0
rep3,1.3793,4666,0
rep3,1.3794,4667,0
rep3,1.3795,4668,0
rep3,1.3797,4669,0
rep3,1.3801,4670,0
rep3,1.3801,4671,0
rep3,1.3807,4672,0
rep3,1.3809,4673,0
rep3,1.3816,4674,0
rep3,1.382,4675,0
rep3,1.3821,4676,0
rep3,1.3822,4677,0
rep3,1.3824,4678,0
rep3,1.3824,4679,0
rep3,1.3824,4680,0
rep3,1.3825,4681,0
rep3,1.3827,4682,0
rep3,1.383,4683,0
rep3,1.3833,4684,0
rep3,1.3835,4685,0
rep3,1.3836,4686,0
rep3,1.3839,4687,0
rep3,1.3841,4688,0
rep3,1.3842,4689,0
rep3,1.3843,4690,0
rep3,1.3849,4691,0
rep3,1.3852,4692,0
rep3,1.3853,4693,0
rep3,1.3855,4694,0
rep3,1.3864,4695,0
rep3,1.3866,4696,0
rep3,1.3876,4697,0
rep3,1.3876,4698,0
rep3,1.3876,4699,0
rep3,1.3876,4700,0
rep3,1.3881,4701,0
rep3,1.3882,4702,0
rep3,1.3884,4703,0
rep3,1.3889,4704,0
rep3,1.3889,4705,0
rep3,1.3895,4706,0
rep3,1.3898,4707,0
rep3,1.3903,4708,0
rep3,1.3906,4709,0
rep3,1.3906,4710,0
rep3,1.391,4711,0
rep3,1.3911,4712,0
rep3,1.3914,4713,0
rep3,1.3917,4714,0
rep3,1.3921,4715,0
rep3,1.393,4716,0
rep3,1.3934,4717,0
rep3,1.3937,4718,0
rep3,1.3937,4719,0
rep3,1.3938,4720,0
rep3,1.394,4721,0
rep3,1.3944,4722,0
rep3,1.3945,4723,0
rep3,1.3946,4724,0
rep3,1.3948,4725,0
rep3,1.3948,4726,0
rep3,1.3953,4727,0
rep3,1.3954,4728,0
rep3,1.3955,4729,0
rep3,1.3958,4730,0
rep3,1.396,4731,0
rep3,1.3961,4732,0
rep3,1.3961,4733,0
rep3,1.3961,4734,0
rep3,1.3963,4735,0
rep3,1.3966,4736,0
rep3,1.3968,4737,0
rep3,1.3969,4738,0
rep3,1.397,4739,0
rep3,1.3976,4740,0
rep3,1.3976,4741,0
rep3,1.3977,4742,0
rep3,1.3979,4743,0
rep3,1.3984,4744,0
rep3,1.3985,4745,0
rep3,1.3989,4746,0
rep3,1.3997,4747,0
rep3,1.3998,4748,0
rep3,1.3999,4749,0
rep3,1.3999,4750,0
rep3,1.4011,4751,0
rep3,1.4012,4752,0
rep3,1.4017,4753,0
rep3,1.4018,4754,0
rep3,1.4019,4755,0
rep3,1.4026,4756,0
rep3,1.4034,4757,0
rep3,1.4035,4758,0
rep3,1.4041,4759,0
rep3,1.4042,4760,0
rep3,1.4062,4761,0
rep3,1.4067,4762,0
rep3,1.4074,4763,0
rep3,1.4081,4764,0
rep3,1.4082,4765,0
rep3,1.4085,4766,0
rep3,1.4087,4767,0
rep3,1.4088,4768,0
rep3,1.409,4769,0
rep3,1.4092,4770,0
rep3,1.41,4771,0
rep3,1.41,4772,0
rep3,1.4105,4773,0
rep3,1.4108,4774,0
rep3,1.4115,4775,0
rep3,1.4116,4776,0
rep3,1.4119,4777,0
rep3,1.4125,4778,0
rep3,1.4129,4779,0
rep3,1.4131,4780,0
rep3,1.4132,4781,0
rep3,1.4133,4782,0
rep3,1.4135,4783,0
rep3,1.4138,4784,0
rep3,1.4148,4785,0
rep3,1.4148,4786,0
rep3,1.415,4787,0
rep3,1.4161,4788,0
rep3,1.4167,4789,0
rep3,1.4172,4790,0
rep3,1.4172,4791,0
rep3,1.4175,4792,0
rep3,1.4178,4793,0
rep3,1.4178,4794,0
rep3,1.4184,4795,0
rep3,1.4185,4796,0
rep3,1.4186,4797,0
rep3,1.4189,4798,0
rep3,1.4192,4799,0
rep3,1.4197,4800,0
rep3,1.4199,4801,0
rep3,1.4199,4802,0
rep3,1.4201,4803,0
rep3,1.4202,4804,0
rep3,1.4207,4805,0
rep3,1.4208,4806,0
rep3,1.4219,4807,0
rep3,1.4225,4808,0
rep3,1.4225,4809,0
rep3,1.4226,4810,0
rep3,1.4233,4811,0
rep3,1.4234,4812,0
rep3,1.4237,4813,0
rep3,1.425,4814,0
rep3,1.4252,4815,0
rep3,1.4253,4816,0
rep3,1.4254,4817,0
rep3,1.4254,4818,0
rep3,1.4254,4819,0
rep3,1.4255,4820,0
rep3,1.4257,4821,0
rep3,1.4259,4822,0
rep3,1.426,4823,0
rep3,1.4261,4824,0
rep3,1.4261,4825,0
rep3,1.4264,4826,0
rep3,1.4278,4827,0
rep3,1.4285,4828,0
rep3,1.4293,4829,0
rep3,1.4294,4830,0
rep3,1.4296,4831,0
rep3,1.4302,4832,0
rep3,1.4314,4833,0
rep3,1.4315,4834,0
rep3,1.4316,4835,0
rep3,1.432,4836,0
rep3,1.432,4837,0
rep3,1.4321,4838,0
rep3,1.4322,4839,0
rep3,1.4322,4840,0
rep3,1.4323,4841,0
rep3,1.4326,4842,0
rep3,1.433,4843,0
rep3,1.4334,4844,0
rep3,1.4348,4845,0
rep3,1.4348,4846,0
rep3,1.4349,4847,0
rep3,1.4349,4848,0
rep3,1.4365,4849,0
rep3,1.4367,4850,0
rep3,1.437,4851,0
rep3,1.4372,4852,0
rep3,1.4374,4853,0
rep3,1.4376,4854,0
rep3,1.4389,4855,0
rep3,1.4393,4856,0
rep3,1.4393,4857,0
rep3,1.4398,4858,0
rep3,1.4405,4859,0
rep3,1.4408,4860,0
rep3,1.4423,4861,0
rep3,1.4426,4862,0
rep3,1.4436,4863,0
rep3,1.4444,4864,0
rep3,1.4448,4865,0
rep3,1.4456,4866,0
rep3,1.4459,4867,0
rep3,1.4463,4868,0
rep3,1.4463,4869,0
rep3,1.4468,4870,0
rep3,1.447,4871,0
rep3,1.4472,4872,0
rep3,1.4488,4873,0
rep3,1.4503,4874,0
rep3,1.4504,4875,0
rep3,1.4508,4876,0
rep3,1.4519,4877,0
rep3,1.452,4878,0
rep3,1.452,4879,0
rep3,1.4541,4880,0
rep3,1.4559,4881,0
rep3,1.4562,4882,0
rep3,1.4563,4883,0
rep3,1.4569,4884,0
rep3,1.4579,4885,0
rep3,1.4581,4886,0
rep3,1.4583,4887,0
rep3,1.4583,4888,0
rep3,1.4583,4889,0
rep3,1.4605,4890,0
rep3,1.4608,4891,0
rep3,1.4608,4892,0
rep3,1.4609,4893,0
rep3,1.4616,4894,0
rep3,1.4618,4895,0
rep3,1.4623,4896,0
rep3,1.4624,4897,0
rep3,1.4629,4898,0
rep3,1.4633,4899,0
rep3,1.4636,4900,0
rep3,1.4638,4901,0
rep3,1.4648,4902,0
rep3,1.465,4903,0
rep3,1.4651,4904,0
rep3,1.4651,4905,0
rep3,1.4655,4906,0
rep3,1.4688,4907,0
rep3,1.4689,4908,0
rep3,1.4691,4909,0
rep3,1.4707,4910,0
rep3,1.4708,4911,0
rep3,1.4717,4912,0
rep3,1.4718,4913,0
rep3,1.472,4914,0
rep3,1.4725,4915,0
rep3,1.4742,4916,0
rep3,1.4746,4917,0
rep3,1.4753,4918,0
rep3,1.4765,4919,0
rep3,1.4781,4920,0
rep3,1.4782,4921,0
rep3,1.4805,4922,0
rep3,1.4806,4923,0
rep3,1.4816,4924,0
rep3,1.4825,4925,0
rep3,1.4832,4926,0
rep3,1.4845,4927,0
rep3,1.4857,4928,0
rep3,1.4858,4929,0
rep3,1.4869,4930,0
rep3,1.4874,4931,0
rep3,1.4879,4932,0
rep3,1.488,4933,0
rep3,1.4886,4934,0
rep3,1.4891,4935,0
rep3,1.4894,4936,0
rep3,1.4903,4937,0
rep3,1.4906,4938,0
rep3,1.4907,4939,0
rep3,1.4912,4940,0
rep3,1.4921,4941,0
rep3,1.4928,4942,0
rep3,1.4931,4943,0
rep3,1.4941,4944,0
rep3,1.497,4945,0
rep3,1.4972,4946,0
rep3,1.4975,4947,0
rep3,1.4983,4948,0
rep3,1.4988,4949,0
rep3,1.5005,4950,0
rep3,1.5006,4951,0
rep3,1.5008,4952,0
rep3,1.5019,4953,0
rep3,1.5028,4954,0
rep3,1.5028,4955,0
rep3,1.5028,4956,0
rep3,1.5047,4957,0
rep3,1.5049,4958,0
rep3,1.5052,4959,0
rep3,1.5079,4960,0
rep3,1.5087,4961,0
rep3,1.5089,4962,0
rep3,1.5091,4963,0
rep3,1.5102,4964,0
rep3,1.5106,4965,0
rep3,1.511,4966,0
rep3,1.5112,4967,0
rep3,1.5116,4968,0
rep3,1.5127,4969,0
rep3,1.513,4970,0
rep3,1.5135,4971,0
rep3,1.5137,4972,0
rep3,1.5141,4973,0
rep3,1.5156,4974,0
rep3,1.5159,4975,0
rep3,1.516,4976,0
rep3,1.5161,4977,0
rep3,1.5167,4978,0
rep3,1.5171,4979,0
rep3,1.5173,4980,0
rep3,1.5178,4981,0
rep3,1.5188,4982,0
rep3,1.5194,4983,0
rep3,1.5196,4984,0
rep3,1.5202,4985,0
rep3,1.5211,4986,0
rep3,1.5227,4987,0
rep3,1.5234,4988,0
rep3,1.5242,4989,0
rep3,1.525,4990,0
rep3,1.5253,4991,0
rep3,1.5256,4992,0
rep3,1.5259,4993,0
rep3,1.5259,4994,0
rep3,1.5262,4995,0
rep3,1.5274,4996,0
rep3,1.529,4997,0
rep3,1.5294,4998,0
rep3,1.5295,4999,0
rep3,1.5301,5000,0
rep3,1.5307,5001,0
rep3,1.5319,5002,0
rep3,1.5343,5003,0
rep3,1.5344,5004,0
rep3,1.535,5005,0
rep3,1.5361,5006,0
rep3,1.5375,5007,0
rep3,1.5395,5008,0
rep3,1.5403,5009,0
rep3,1.5408,5010,0
rep3,1.5437,5011,0
rep3,1.5439,5012,0
rep3,1.546,5013,0
rep3,1.5475,5014,0
rep3,1.5493,5015,0
rep3,1.5493,5016,0
rep3,1.5511,5017,0
rep3,1.5519,5018,0
rep3,1.5547,5019,0
rep3,1.559,5020,0
rep3,1.5631,5021,0
rep3,1.5632,5022,0
rep3,1.5637,5023,0
rep3,1.5639,5024,0
rep3,1.5663,5025,0
rep3,1.5689,5026,0
rep3,1.5696,5027,0
rep3,1.5702,5028,0
rep3,1.5727,5029,0
rep3,1.5741,5030,0
rep3,1.5749,5031,0
rep3,1.5781,5032,0
rep3,1.5795,5033,0
rep3,1.5803,5034,0
rep3,1.5821,5035,0
rep3,1.5858,5036,0
rep3,1.5898,5037,0
rep3,1.5911,5038,0
rep3,1.5954,5039,0
rep3,1.597,5040,0
rep3,1.6041,5041,0
rep3,1.6075,5042,0
rep3,1.608,5043,0
rep3,1.6115,5044,0
rep3,1.6243,5045,0
rep3,1.6337,5046,0
rep3,1.6405,5047,0
rep3,1.6504,5048,0
rep3,1.6595,5049,0
rep3,1.667,5050,0
rep3,1.6724,5051,0
rep3,1.6799,5052,0
rep3,1.6815,5053,0
rep3,1.6874,5054,0
rep3,1.6922,5055,0
rep3,1.6994,5056,0
rep3,1.7017,5057,0
rep3,1.7241,5058,0
rep3,1.7264,5059,0
rep3,1.7292,5060,0
rep3,1.7368,5061,0
rep3,1.833,5062,0
rep3,1.9066,5063,0
rep3,2.0097,5064,0
rep3,2.0102,5065,0
rep3,2.0103,5066,0
rep3,2.0111,5067,0
rep3,2.0112,5068,0
rep3,2.0116,5069,0
rep3,2.0118,5070,0
rep3,2.0125,5071,0
rep3,2.0133,5072,0
rep3,2.0139,5073,0
rep3,2.0145,5074,0
rep3,2.0155,5075,0
rep3,2.0157,5076,0
rep3,2.0225,5077,0
rep3,2.0253,5078,0
rep3,2.0337,5079,0
rep3,2.043,5080,0
rep3,2.0431,5081,0
rep3,2.0432,5082,0
rep3,2.0432,5083,0
rep3,2.0433,5084,0
rep3,2.0433,5085,0
rep3,2.0435,5086,0
rep3,2.0437,5087,0
rep3,2.0437,5088,0
rep3,2.0438,5089,0
rep3,2.0438,5090,0
rep3,2.0439,5091,0
rep3,2.0439,5092,0
rep3,2.044,5093,0
rep3,2.044,5094,0
rep3,2.0442,5095,0
rep3,2.0444,5096,0
rep3,2.0445,5097,0
rep3,2.0448,5098,0
rep3,2.0448,5099,0
rep3,2.0449,5100,0
rep3,2.0451,5101,0
rep3,2.0453,5102,0
rep3,2.0453,5103,0
rep3,2.0454,5104,0
rep3,2.0454,5105,0
rep3,2.0455,5106,0
rep3,2.0456,5107,0
rep3,2.0457,5108,0
rep3,2.0461,5109,0
rep3,2.0462,5110,0
rep3,2.0462,5111,0
rep3,2.0462,5112,0
rep3,2.0463,5113,0
rep3,2.0464,5114,0
rep3,2.0464,5115,0
rep3,2.0466,5116,0
rep3,2.0466,5117,0
rep3,2.0467,5118,0
rep3,2.0468,5119,0
rep3,2.0469,5120,0
rep3,2.0469,5121,0
rep3,2.0471,5122,0
rep3,2.0472,5123,0
rep3,2.0473,5124,0
rep3,2.0474,5125,0
rep3,2.0476,5126,0
rep3,2.0481,5127,0
rep3,2.0481,5128,0
rep3,2.0482,5129,0
rep3,2.0483,5130,0
rep3,2.0484,5131,0
rep3,2.0485,5132,0
rep3,2.0486,5133,0
rep3,2.0486,5134,0
rep3,2.0487,5135,0
rep3,2.0489,5136,0
rep3,2.0491,5137,0
rep3,2.0497,5138,0
rep3,2.0497,5139,0
rep3,2.0498,5140,0
rep3,2.0505,5141,0
rep3,2.0505,5142,0
rep3,2.0509,5143,0
rep3,2.0509,5144,0
rep3,2.051,5145,0
rep3,2.0511,5146,0
rep3,2.0513,5147,0
rep3,2.0514,5148,0
rep3,2.0514,5149,0
rep3,2.0518,5150,0
rep3,2.0518,5151,0
rep3,2.052,5152,0
rep3,2.052,5153,0
rep3,2.0523,5154,0
rep3,2.0523,5155,0
rep3,2.0524,5156,0
rep3,2.0535,5157,0
rep3,2.0539,5158,0
rep3,2.0543,5159,0
rep3,2.0545,5160,0
rep3,2.0553,5161,0
rep3,2.0555,5162,0
rep3,2.0558,5163,0
rep3,2.0558,5164,0
rep3,2.0561,5165,0
rep3,2.057,5166,0
rep3,2.058,5167,0
rep3,2.0583,5168,0
rep3,2.0588,5169,0
rep3,2.0595,5170,0
rep3,2.0598,5171,0
rep3,2.0598,5172,0
rep3,2.06,5173,0
rep3,2.0601,5174,0
rep3,2.0602,5175,0
rep3,2.061,5176,0
rep3,2.061,5177,0
rep3,2.0611,5178,0
rep3,2.0612,5179,0
rep3,2.0615,5180,0
rep3,2.0615,5181,0
rep3,2.0615,5182,0
rep3,2.0619,5183,0
rep3,2.0654,5184,0
rep3,2.0664,5185,0
rep3,2.0679,5186,0
rep3,2.0681,5187,0
rep3,2.0695,5188,0
rep3,2.0711,5189,0
rep3,2.0764,5190,0
rep3,2.0765,5191,0
rep3,2.0765,5192,0
rep3,2.0765,5193,0
rep3,2.0765,5194,0
rep3,2.0766,5195,0
rep3,2.0766,5196,0
rep3,2.0766,5197,0
rep3,2.0767,5198,0
rep3,2.0767,5199,0
rep3,2.0767,5200,0
rep3,2.0767,5201,0
rep3,2.0767,5202,0
rep3,2.0768,5203,0
rep3,2.0768,5204,0
rep3,2.0768,5205,0
rep3,2.0769,5206,0
rep3,2.0769,5207,0
rep3,2.077,5208,0
rep3,2.077,5209,0
rep3,2.077,5210,0
rep3,2.077,5211,0
rep3,2.077,5212,0
rep3,2.077,5213,0
rep3,2.0771,5214,0
rep3,2.0771,5215,0
rep3,2.0771,5216,0
rep3,2.0771,5217,0
rep3,2.0772,5218,0
rep3,2.0772,5219,0
rep3,2.0773,5220,0
rep3,2.0773,5221,0
rep3,2.0773,5222,0
rep3,2.0774,5223,0
rep3,2.0774,5224,0
rep3,2.0775,5225,0
rep3,2.0775,5226,0
rep3,2.0775,5227,0
rep3,2.0776,5228,0
rep3,2.0776,5229,0
rep3,2.0776,5230,0
rep3,2.0776,5231,0
rep3,2.0776,5232,0
rep3,2.0777,5233,0
rep3,2.0777,5234,0
rep3,2.0777,5235,0
rep3,2.0778,5236,0
rep3,2.0778,5237,0
rep3,2.0778,5238,0
rep3,2.0779,5239,0
rep3,2.0779,5240,0
rep3,2.0779,5241,0
rep3,2.0779,5242,0
rep3,2.078,5243,0
rep3,2.0781,5244,0
rep3,2.0781,5245,0
rep3,2.0781,5246,0
rep3,2.0782,5247,0
rep3,2.0782,5248,0
rep3,2.0782,5249,0
rep3,2.0782,5250,0
rep3,2.0782,5251,0
rep3,2.0782,5252,0
rep3,2.0783,5253,0
rep3,2.0783,5254,0
rep3,2.0783,5255,0
rep3,2.0783,5256,0
rep3,2.0784,5257,0
rep3,2.0784,5258,0
rep3,2.0784,5259,0
rep3,2.0784,5260,0
rep3,2.0785,5261,0
rep3,2.0785,5262,0
rep3,2.0785,5263,0
rep3,2.0785,5264,0
rep3,2.0786,5265,0
rep3,2.0786,5266,0
rep3,2.0786,5267,0
rep3,2.0787,5268,0
rep3,2.0787,5269,0
rep3,2.0787,5270,0
rep3,2.0787,5271,0
rep3,2.0788,5272,0
rep3,2.0788,5273,0
rep3,2.0788,5274,0
rep3,2.0789,5275,0
rep3,2.079,5276,0
rep3,2.079,5277,0
rep3,2.079,5278,0
rep3,2.079,5279,0
rep3,2.079,5280,0
rep3,2.079,5281,0
rep3,2.0791,5282,0
rep3,2.0791,5283,0
rep3,2.0792,5284,0
rep3,2.0792,5285,0
rep3,2.0792,5286,0
rep3,2.0793,5287,0
rep3,2.0793,5288,0
rep3,2.0793,5289,0
rep3,2.0794,5290,0
rep3,2.0794,5291,0
rep3,2.0794,5292,0
rep3,2.0794,5293,0
rep3,2.0794,5294,0
rep3,2.0795,5295,0
rep3,2.0795,5296,0
rep3,2.0796,5297,0
rep3,2.0796,5298,0
rep3,2.0796,5299,0
rep3,2.0796,5300,0
rep3,2.0797,5301,0
rep3,2.0797,5302,0
rep3,2.0797,5303,0
rep3,2.0798,5304,0
rep3,2.0798,5305,0
rep3,2.0798,5306,0
rep3,2.0799,5307,0
rep3,2.0799,5308,0
rep3,2.0799,5309,0
rep3,2.08,5310,0
rep3,2.08,5311,0
rep3,2.08,5312,0
rep3,2.0801,5313,0
rep3,2.0801,5314,0
rep3,2.0801,5315,0
rep3,2.0802,5316,0
rep3,2.0802,5317,0
rep3,2.0802,5318,0
rep3,2.0802,5319,0
rep3,2.0803,5320,0
rep3,2.0803,5321,0
rep3,2.0803,5322,0
rep3,2.0804,5323,0
rep3,2.0804,5324,0
rep3,2.0804,5325,0
rep3,2.0804,5326,0
rep3,2.0805,5327,0
rep3,2.0805,5328,0
rep3,2.0805,5329,0
rep3,2.0805,5330,0
rep3,2.0805,5331,0
rep3,2.0806,5332,0
rep3,2.0806,5333,0
rep3,2.0807,5334,0
rep3,2.0807,5335,0
rep3,2.0807,5336,0
rep3,2.0808,5337,0
rep3,2.0808,5338,0
rep3,2.0808,5339,0
rep3,2.0809,5340,0
rep3,2.0809,5341,0
rep3,2.081,5342,0
rep3,2.081,5343,0
rep3,2.0811,5344,0
rep3,2.0812,5345,0
rep3,2.0812,5346,0
rep3,2.0812,5347,0
rep3,2.0812,5348,0
rep3,2.0813,5349,0
rep3,2.0813,5350,0
rep3,2.0813,5351,0
rep3,2.0815,5352,0
rep3,2.0815,5353,0
rep3,2.0816,5354,0
rep3,2.0816,5355,0
rep3,2.0816,5356,0
rep3,2.0817,5357,0
rep3,2.0817,5358,0
rep3,2.0818,5359,0
rep3,2.0819,5360,0
rep3,2.0819,5361,0
rep3,2.082,5362,0
rep3,2.0821,5363,0
rep3,2.0821,5364,0
rep3,2.0822,5365,0
rep3,2.0822,5366,0
rep3,2.0823,5367,0
rep3,2.0823,5368,0
rep3,2.0823,5369,0
rep3,2.0824,5370,0
rep3,2.0825,5371,0
rep3,2.0825,5372,0
rep3,2.0825,5373,0
rep3,2.0825,5374,0
rep3,2.0826,5375,0
rep3,2.0826,5376,0
rep3,2.0827,5377,0
rep3,2.0827,5378,0
rep3,2.0827,5379,0
rep3,2.0828,5380,0
rep3,2.0828,5381,0
rep3,2.0829,5382,0
rep3,2.0829,5383,0
rep3,2.083,5384,0
rep3,2.083,5385,0
rep3,2.083,5386,0
rep3,2.0832,5387,0
rep3,2.0833,5388,0
rep3,2.0833,5389,0
rep3,2.0834,5390,0
rep3,2.0834,5391,0
rep3,2.0835,5392,0
rep3,2.0835,5393,0
rep3,2.0835,5394,0
rep3,2.0836,5395,0
rep3,2.0836,5396,0
rep3,2.0837,5397,0
rep3,2.0837,5398,0
rep3,2.0838,5399,0
rep3,2.0838,5400,0
rep3,2.0839,5401,0
rep3,2.0839,5402,0
rep3,2.0839,5403,0
rep3,2.084,5404,0
rep3,2.084,5405,0
rep3,2.084,5406,0
rep3,2.084,5407,0
rep3,2.0841,5408,0
rep3,2.0842,5409,0
rep3,2.0843,5410,0
rep3,2.0843,5411,0
rep3,2.0844,5412,0
rep3,2.0844,5413,0
rep3,2.0844,5414,0
rep3,2.0845,5415,0
rep3,2.0845,5416,0
rep3,2.0845,5417,0
rep3,2.0845,5418,0
rep3,2.0845,5419,0
rep3,2.0845,5420,0
rep3,2.0847,5421,0
rep3,2.0848,5422,0
rep3,2.0848,5423,0
rep3,2.0848,5424,0
rep3,2.0849,5425,0
rep3,2.085,5426,0
rep3,2.085,5427,0
rep3,2.0851,5428,0
rep3,2.0851,5429,0
rep3,2.0851,5430,0
rep3,2.0852,5431,0
rep3,2.0853,5432,0
rep3,2.0853,5433,0
rep3,2.0854,5434,0
rep3,2.0854,5435,0
rep3,2.0854,5436,0
rep3,2.0856,5437,0
rep3,2.0857,5438,0
rep3,2.0857,5439,0
rep3,2.0858,5440,0
rep3,2.0858,5441,0
rep3,2.0858,5442,0
rep3,2.0858,5443,0
rep3,2.0859,5444,0
rep3,2.0861,5445,0
rep3,2.0863,5446,0
rep3,2.0863,5447,0
rep3,2.0865,5448,0
rep3,2.0865,5449,0
rep3,2.0867,5450,0
rep3,2.0869,5451,0
rep3,2.087,5452,0
rep3,2.087,5453,0
rep3,2.0873,5454,0
rep3,2.0874,5455,0
rep3,2.0875,5456,0
rep3,2.0876,5457,0
rep3,2.0877,5458,0
rep3,2.0878,5459,0
rep3,2.0879,5460,0
rep3,2.088,5461,0
rep3,2.0881,5462,0
rep3,2.0881,5463,0
rep3,2.0882,5464,0
rep3,2.0883,5465,0
rep3,2.0883,5466,0
rep3,2.0884,5467,0
rep3,2.0886,5468,0
rep3,2.0886,5469,0
rep3,2.0889,5470,0
rep3,2.0891,5471,0
rep3,2.0891,5472,0
rep3,2.0893,5473,0
rep3,2.0894,5474,0
rep3,2.0894,5475,0
rep3,2.0894,5476,0
rep3,2.0895,5477,0
rep3,2.0896,5478,0
rep3,2.0897,5479,0
rep3,2.0898,5480,0
rep3,2.0898,5481,0
rep3,2.0899,5482,0
rep3,2.0899,5483,0
rep3,2.09,5484,0
rep3,2.0901,5485,0
rep3,2.0901,5486,0
rep3,2.0902,5487,0
rep3,2.0903,5488,0
rep3,2.0906,5489,0
rep3,2.0909,5490,0
rep3,2.0909,5491,0
rep3,2.091,5492,0
rep3,2.0912,5493,0
rep3,2.0913,5494,0
rep3,2.0914,5495,0
rep3,2.0915,5496,0
rep3,2.0915,5497,0
rep3,2.0916,5498,0
rep3,2.092,5499,0
rep3,2.092,5500,0
rep3,2.0924,5501,0
rep3,2.0926,5502,0
rep3,2.0927,5503,0
rep3,2.0927,5504,0
rep3,2.0928,5505,0
rep3,2.0928,5506,0
rep3,2.0929,5507,0
rep3,2.093,5508,0
rep3,2.0934,5509,0
rep3,2.0936,5510,0
rep3,2.0937,5511,0
rep3,2.0939,5512,0
rep3,2.0939,5513,0
rep3,2.094,5514,0
rep3,2.0941,5515,0
rep3,2.0948,5516,0
rep3,2.0948,5517,0
rep3,2.0952,5518,0
rep3,2.0952,5519,0
rep3,2.0953,5520,0
rep3,2.0958,5521,0
rep3,2.0964,5522,0
rep3,2.0968,5523,0
rep3,2.0968,5524,0
rep3,2.097,5525,0
rep3,2.0973,5526,0
rep3,2.0976,5527,0
rep3,2.0976,5528,0
rep3,2.0977,5529,0
rep3,2.0978,5530,0
rep3,2.098,5531,0
rep3,2.0981,5532,0
rep3,2.0984,5533,0
rep3,2.0985,5534,0
rep3,2.0988,5535,0
rep3,2.0994,5536,0
rep3,2.0995,5537,0
rep3,2.1004,5538,0
rep3,2.101,5539,0
rep3,2.101,5540,0
rep3,2.1016,5541,0
rep3,2.1028,5542,0
rep3,2.103,5543,0
rep3,2.1033,5544,0
rep3,2.1035,5545,0
rep3,2.1038,5546,0
rep3,2.1045,5547,0
rep3,2.1056,5548,0
rep3,2.1061,5549,0
rep3,2.1066,5550,0
rep3,2.1067,5551,0
rep3,2.1074,5552,0
rep3,2.1075,5553,0
rep3,2.1077,5554,0
rep3,2.1079,5555,0
rep3,2.1083,5556,0
rep3,2.1084,5557,0
rep3,2.1089,5558,0
rep3,2.109,5559,0
rep3,2.1091,5560,0
rep3,2.1092,5561,0
rep3,2.1099,5562,0
rep3,2.11,5563,0
rep3,2.1103,5564,0
rep3,2.1103,5565,0
rep3,2.1103,5566,0
rep3,2.1104,5567,0
rep3,2.1106,5568,0
rep3,2.1107,5569,0
rep3,2.1107,5570,0
rep3,2.1107,5571,0
rep3,2.1108,5572,0
rep3,2.1108,5573,0
rep3,2.1109,5574,0
rep3,2.1109,5575,0
rep3,2.111,5576,0
rep3,2.1111,5577,0
rep3,2.1112,5578,0
rep3,2.1112,5579,0
rep3,2.1113,5580,0
rep3,2.1118,5581,0
rep3,2.1118,5582,0
rep3,2.1118,5583,0
rep3,2.1119,5584,0
rep3,2.1121,5585,0
rep3,2.1121,5586,0
rep3,2.1122,5587,0
rep3,2.1122,5588,0
rep3,2.1122,5589,0
rep3,2.1124,5590,0
rep3,2.113,5591,0
rep3,2.113,5592,0
rep3,2.113,5593,0
rep3,2.1132,5594,0
rep3,2.1132,5595,0
rep3,2.1133,5596,0
rep3,2.1133,5597,0
rep3,2.1134,5598,0
rep3,2.1134,5599,0
rep3,2.1135,5600,0
rep3,2.1136,5601,0
rep3,2.1141,5602,0
rep3,2.1142,5603,0
rep3,2.1143,5604,0
rep3,2.1146,5605,0
rep3,2.1148,5606,0
rep3,2.115,5607,0
rep3,2.115,5608,0
rep3,2.1152,5609,0
rep3,2.1155,5610,0
rep3,2.1156,5611,0
rep3,2.1158,5612,0
rep3,2.1159,5613,0
rep3,2.1159,5614,0
rep3,2.1159,5615,0
rep3,2.116,5616,0
rep3,2.116,5617,0
rep3,2.1161,5618,0
rep3,2.1161,5619,0
rep3,2.1161,5620,0
rep3,2.1162,5621,0
rep3,2.1163,5622,0
rep3,2.1171,5623,0
rep3,2.1171,5624,0
rep3,2.1172,5625,0
rep3,2.1174,5626,0
rep3,2.1174,5627,0
rep3,2.1174,5628,0
rep3,2.1175,5629,0
rep3,2.1178,5630,0
rep3,2.118,5631,0
rep3,2.118,5632,0
rep3,2.1185,5633,0
rep3,2.1187,5634,0
rep3,2.1187,5635,0
rep3,2.1188,5636,0
rep3,2.1188,5637,0
rep3,2.1193,5638,0
rep3,2.1193,5639,0
rep3,2.1195,5640,0
rep3,2.1195,5641,0
rep3,2.1198,5642,0
rep3,2.1201,5643,0
rep3,2.1202,5644,0
rep3,2.1208,5645,0
rep3,2.1209,5646,0
rep3,2.1216,5647,0
rep3,2.1218,5648,0
rep3,2.1219,5649,0
rep3,2.1219,5650,0
rep3,2.1221,5651,0
rep3,2.1222,5652,0
rep3,2.1222,5653,0
rep3,2.1225,5654,0
rep3,2.1226,5655,0
rep3,2.1231,5656,0
rep3,2.1232,5657,0
rep3,2.1241,5658,0
rep3,2.1243,5659,0
rep3,2.1244,5660,0
rep3,2.1248,5661,0
rep3,2.1249,5662,0
rep3,2.125,5663,0
rep3,2.1254,5664,0
rep3,2.1254,5665,0
rep3,2.126,5666,0
rep3,2.1261,5667,0
rep3,2.1261,5668,0
rep3,2.1262,5669,0
rep3,2.1265,5670,0
rep3,2.1267,5671,0
rep3,2.1269,5672,0
rep3,2.127,5673,0
rep3,2.1271,5674,0
rep3,2.1275,5675,0
rep3,2.1277,5676,0
rep3,2.1277,5677,0
rep3,2.1278,5678,0
rep3,2.1279,5679,0
rep3,2.1281,5680,0
rep3,2.1285,5681,0
rep3,2.1291,5682,0
rep3,2.1295,5683,0
rep3,2.1296,5684,0
rep3,2.1296,5685,0
rep3,2.1297,5686,0
rep3,2.13,5687,0
rep3,2.1301,5688,0
rep3,2.1304,5689,0
rep3,2.1313,5690,0
rep3,2.1315,5691,0
rep3,2.1317,5692,0
rep3,2.132,5693,0
rep3,2.1322,5694,0
rep3,2.1325,5695,0
rep3,2.1327,5696,0
rep3,2.1327,5697,0
rep3,2.133,5698,0
rep3,2.1331,5699,0
rep3,2.1331,5700,0
rep3,2.1332,5701,0
rep3,2.1336,5702,0
rep3,2.1337,5703,0
rep3,2.1338,5704,0
rep3,2.1344,5705,0
rep3,2.1345,5706,0
rep3,2.1345,5707,0
rep3,2.1346,5708,0
rep3,2.1348,5709,0
rep3,2.1354,5710,0
rep3,2.1354,5711,0
rep3,2.1357,5712,0
rep3,2.1365,5713,0
rep3,2.1366,5714,0
rep3,2.1367,5715,0
rep3,2.1367,5716,0
rep3,2.1372,5717,0
rep3,2.1374,5718,0
rep3,2.1375,5719,0
rep3,2.1377,5720,0
rep3,2.1377,5721,0
rep3,2.1387,5722,0
rep3,2.1389,5723,0
rep3,2.1392,5724,0
rep3,2.1396,5725,0
rep3,2.1399,5726,0
rep3,2.14,5727,0
rep3,2.1404,5728,0
rep3,2.1405,5729,0
rep3,2.1406,5730,0
rep3,2.1412,5731,0
rep3,2.1416,5732,0
rep3,2.1417,5733,0
rep3,2.1423,5734,0
rep3,2.1434,5735,0
rep3,2.1434,5736,0
rep3,2.1435,5737,0
rep3,2.1437,5738,0
rep3,2.1437,5739,0
rep3,2.144,5740,0
rep3,2.1441,5741,0
rep3,2.1444,5742,0
rep3,2.1448,5743,0
rep3,2.1456,5744,0
rep3,2.1458,5745,0
rep3,2.146,5746,0
rep3,2.1462,5747,0
rep3,2.1464,5748,0
rep3,2.1467,5749,0
rep3,2.1468,5750,0
rep3,2.147,5751,0
rep3,2.1472,5752,0
rep3,2.1473,5753,0
rep3,2.1474,5754,0
rep3,2.1474,5755,0
rep3,2.1474,5756,0
rep3,2.1478,5757,0
rep3,2.1481,5758,0
rep3,2.1482,5759,0
rep3,2.1482,5760,0
rep3,2.1484,5761,0
rep3,2.1486,5762,0
rep3,2.1486,5763,0
rep3,2.1488,5764,0
rep3,2.1489,5765,0
rep3,2.1493,5766,0
rep3,2.1496,5767,0
rep3,2.1496,5768,0
rep3,2.1497,5769,0
rep3,2.1498,5770,0
rep3,2.1499,5771,0
rep3,2.15,5772,0
rep3,2.1503,5773,0
rep3,2.1506,5774,0
rep3,2.1514,5775,0
rep3,2.1515,5776,0
rep3,2.1517,5777,0
rep3,2.1518,5778,0
rep3,2.1519,5779,0
rep3,2.1522,5780,0
rep3,2.153,5781,0
rep3,2.1533,5782,0
rep3,2.1537,5783,0
rep3,2.1537,5784,0
rep3,2.1538,5785,0
rep3,2.1538,5786,0
rep3,2.154,5787,0
rep3,2.1546,5788,0
rep3,2.1547,5789,0
rep3,2.1549,5790,0
rep3,2.155,5791,0
rep3,2.1551,5792,0
rep3,2.1551,5793,0
rep3,2.1552,5794,0
rep3,2.1557,5795,0
rep3,2.1558,5796,0
rep3,2.1559,5797,0
rep3,2.156,5798,0
rep3,2.1562,5799,0
rep3,2.1562,5800,0
rep3,2.1562,5801,0
rep3,2.1563,5802,0
rep3,2.1566,5803,0
rep3,2.1567,5804,0
rep3,2.1571,5805,0
rep3,2.1571,5806,0
rep3,2.1572,5807,0
rep3,2.1573,5808,0
rep3,2.1574,5809,0
rep3,2.1575,5810,0
rep3,2.1578,5811,0
rep3,2.1578,5812,0
rep3,2.1579,5813,0
rep3,2.1581,5814,0
rep3,2.1582,5815,0
rep3,2.159,5816,0
rep3,2.1592,5817,0
rep3,2.1602,5818,0
rep3,2.1603,5819,0
rep3,2.1604,5820,0
rep3,2.1605,5821,0
rep3,2.1609,5822,0
rep3,2.161,5823,0
rep3,2.161,5824,0
rep3,2.1626,5825,0
rep3,2.1627,5826,0
rep3,2.1627,5827,0
rep3,2.163,5828,0
rep3,2.1635,5829,0
rep3,2.164,5830,0
rep3,2.1645,5831,0
rep3,2.1649,5832,0
rep3,2.1649,5833,0
rep3,2.1651,5834,0
rep3,2.1654,5835,0
rep3,2.1655,5836,0
rep3,2.1655,5837,0
rep3,2.1658,5838,0
rep3,2.1669,5839,0
rep3,2.1671,5840,0
rep3,2.1675,5841,0
rep3,2.1681,5842,0
rep3,2.1682,5843,0
rep3,2.1683,5844,0
rep3,2.1686,5845,0
rep3,2.1687,5846,0
rep3,2.1687,5847,0
rep3,2.1689,5848,0
rep3,2.1689,5849,0
rep3,2.1691,5850,0
rep3,2.1691,5851,0
rep3,2.1694,5852,0
rep3,2.17,5853,0
rep3,2.1703,5854,0
rep3,2.1704,5855,0
rep3,2.1709,5856,0
rep3,2.1713,5857,0
rep3,2.1715,5858,0
rep3,2.1715,5859,0
rep3,2.1722,5860,0
rep3,2.1728,5861,0
rep3,2.1728,5862,0
rep3,2.1731,5863,0
rep3,2.1732,5864,0
rep3,2.1736,5865,0
rep3,2.1739,5866,0
rep3,2.1743,5867,0
rep3,2.1745,5868,0
rep3,2.1749,5869,0
rep3,2.1752,5870,0
rep3,2.1753,5871,0
rep3,2.1754,5872,0
rep3,2.1757,5873,0
rep3,2.1758,5874,0
rep3,2.1763,5875,0
rep3,2.1763,5876,0
rep3,2.1764,5877,0
rep3,2.1765,5878,0
rep3,2.1766,5879,0
rep3,2.1766,5880,0
rep3,2.1767,5881,0
rep3,2.1771,5882,0
rep3,2.1774,5883,0
rep3,2.1776,5884,0
rep3,2.1776,5885,0
rep3,2.1777,5886,0
rep3,2.1778,5887,0
rep3,2.178,5888,0
rep3,2.178,5889,0
rep3,2.178,5890,0
rep3,2.1781,5891,0
rep3,2.1782,5892,0
rep3,2.179,5893,0
rep3,2.1791,5894,0
rep3,2.1792,5895,0
rep3,2.1795,5896,0
rep3,2.1796,5897,0
rep3,2.1797,5898,0
rep3,2.1799,5899,0
rep3,2.1803,5900,0
rep3,2.1803,5901,0
rep3,2.1803,5902,0
rep3,2.1809,5903,0
rep3,2.1809,5904,0
rep3,2.1811,5905,0
rep3,2.1814,5906,0
rep3,2.1815,5907,0
rep3,2.1816,5908,0
rep3,2.1818,5909,0
rep3,2.1819,5910,0
rep3,2.1819,5911,0
rep3,2.182,5912,0
rep3,2.1822,5913,0
rep3,2.1822,5914,0
rep3,2.1828,5915,0
rep3,2.1828,5916,0
rep3,2.1829,5917,0
rep3,2.1829,5918,0
rep3,2.183,5919,0
rep3,2.1832,5920,0
rep3,2.1834,5921,0
rep3,2.1835,5922,0
rep3,2.1839,5923,0
rep3,2.1841,5924,0
rep3,2.1842,5925,0
rep3,2.1842,5926,0
rep3,2.1843,5927,0
rep3,2.1847,5928,0
rep3,2.1848,5929,0
rep3,2.1852,5930,0
rep3,2.1853,5931,0
rep3,2.1855,5932,0
rep3,2.1856,5933,0
rep3,2.1857,5934,0
rep3,2.1858,5935,0
rep3,2.1858,5936,0
rep3,2.186,5937,0
rep3,2.186,5938,0
rep3,2.186,5939,0
rep3,2.1866,5940,0
rep3,2.1871,5941,0
rep3,2.1875,5942,0
rep3,2.1875,5943,0
rep3,2.1875,5944,0
rep3,2.1876,5945,0
rep3,2.1878,5946,0
rep3,2.1879,5947,0
rep3,2.1882,5948,0
rep3,2.1884,5949,0
rep3,2.1885,5950,0
rep3,2.1886,5951,0
rep3,2.1886,5952,0
rep3,2.1891,5953,0
rep3,2.1893,5954,0
rep3,2.1893,5955,0
rep3,2.1902,5956,0
rep3,2.1902,5957,0
rep3,2.1906,5958,0
rep3,2.1908,5959,0
rep3,2.1912,5960,0
rep3,2.1912,5961,0
rep3,2.1914,5962,0
rep3,2.1915,5963,0
rep3,2.1918,5964,0
rep3,2.1919,5965,0
rep3,2.1921,5966,0
rep3,2.1922,5967,0
rep3,2.1924,5968,0
rep3,2.1926,5969,0
rep3,2.1926,5970,0
rep3,2.1927,5971,0
rep3,2.1928,5972,0
rep3,2.1928,5973,0
rep3,2.1929,5974,0
rep3,2.1931,5975,0
rep3,2.1932,5976,0
rep3,2.1934,5977,0
rep3,2.1939,5978,0
rep3,2.1939,5979,0
rep3,2.1946,5980,0
rep3,2.1947,5981,0
rep3,2.1947,5982,0
rep3,2.1947,5983,0
rep3,2.1947,5984,0
rep3,2.1948,5985,0
rep3,2.1949,5986,0
rep3,2.195,5987,0
rep3,2.1951,5988,0
rep3,2.1952,5989,0
rep3,2.1952,5990,0
rep3,2.1953,5991,0
rep3,2.1953,5992,0
rep3,2.1955,5993,0
rep3,2.1957,5994,0
rep3,2.1958,5995,0
rep3,2.1959,5996,0
rep3,2.196,5997,0
rep3,2.196,5998,0
rep3,2.1964,5999,0
rep3,2.1965,6000,0
rep3,2.1967,6001,0
rep3,2.1968,6002,0
rep3,2.1968,6003,0
rep3,2.1969,6004,0
rep3,2.197,6005,0
rep3,2.1972,6006,0
rep3,2.1976,6007,0
rep3,2.1976,6008,0
rep3,2.1981,6009,0
rep3,2.1983,6010,0
rep3,2.1984,6011,0
rep3,2.1991,6012,0
rep3,2.1993,6013,0
rep3,2.1993,6014,0
rep3,2.1994,6015,0
rep3,2.1994,6016,0
rep3,2.1994,6017,0
rep3,2.1995,6018,0
rep3,2.1995,6019,0
rep3,2.1995,6020,0
rep3,2.1996,6021,0
rep3,2.1996,6022,0
rep3,2.1996,6023,0
rep3,2.1997,6024,0
rep3,2.1998,6025,0
rep3,2.1999,6026,0
rep3,2.2005,6027,0
rep3,2.2006,6028,0
rep3,2.2008,6029,0
rep3,2.201,6030,0
rep3,2.2011,6031,0
rep3,2.2013,6032,0
rep3,2.2014,6033,0
rep3,2.2014,6034,0
rep3,2.2018,6035,0
rep3,2.2018,6036,0
rep3,2.2019,6037,0
rep3,2.2021,6038,0
rep3,2.2022,6039,0
rep3,2.2023,6040,0
rep3,2.2024,6041,0
rep3,2.2025,6042,0
rep3,2.203,6043,0
rep3,2.2036,6044,0
rep3,2.2036,6045,0
rep3,2.2038,6046,0
rep3,2.2038,6047,0
rep3,2.2041,6048,0
rep3,2.2042,6049,0
rep3,2.2044,6050,0
rep3,2.2053,6051,0
rep3,2.2058,6052,0
rep3,2.2061,6053,0
rep3,2.2064,6054,0
rep3,2.2065,6055,0
rep3,2.2065,6056,0
rep3,2.2066,6057,0
rep3,2.2067,6058,0
rep3,2.2069,6059,0
rep3,2.2071,6060,0
rep3,2.2072,6061,0
rep3,2.2072,6062,0
rep3,2.208,6063,0
rep3,2.208,6064,0
rep3,2.2086,6065,0
rep3,2.2094,6066,0
rep3,2.2097,6067,0
rep3,2.2102,6068,0
rep3,2.2102,6069,0
rep3,2.2103,6070,0
rep3,2.2104,6071,0
rep3,2.2105,6072,0
rep3,2.2105,6073,0
rep3,2.2107,6074,0
rep3,2.2111,6075,0
rep3,2.2111,6076,0
rep3,2.2112,6077,0
rep3,2.2112,6078,0
rep3,2.2112,6079,0
rep3,2.2116,6080,0
rep3,2.2118,6081,0
rep3,2.2118,6082,0
rep3,2.2122,6083,0
rep3,2.2125,6084,0
rep3,2.2126,6085,0
rep3,2.2128,6086,0
rep3,2.2132,6087,0
rep3,2.2133,6088,0
rep3,2.2135,6089,0
rep3,2.2135,6090,0
rep3,2.2137,6091,0
rep3,2.2137,6092,0
rep3,2.214,6093,0
rep3,2.2141,6094,0
rep3,2.2145,6095,0
rep3,2.2147,6096,0
rep3,2.2149,6097,0
rep3,2.215,6098,0
rep3,2.2151,6099,0
rep3,2.2152,6100,0
rep3,2.2154,6101,0
rep3,2.2157,6102,0
rep3,2.2161,6103,0
rep3,2.2162,6104,0
rep3,2.2163,6105,0
rep3,2.2166,6106,0
rep3,2.2167,6107,0
rep3,2.2167,6108,0
rep3,2.2167,6109,0
rep3,2.2168,6110,0
rep3,2.2171,6111,0
rep3,2.2173,6112,0
rep3,2.2173,6113,0
rep3,2.2173,6114,0
rep3,2.2174,6115,0
rep3,2.2177,6116,0
rep3,2.2177,6117,0
rep3,2.2178,6118,0
rep3,2.2181,6119,0
rep3,2.2185,6120,0
rep3,2.2185,6121,0
rep3,2.2187,6122,0
rep3,2.2187,6123,0
rep3,2.2191,6124,0
rep3,2.2192,6125,0
rep3,2.2198,6126,0
rep3,2.2198,6127,0
rep3,2.2199,6128,0
rep3,2.2199,6129,0
rep3,2.2199,6130,0
rep3,2.22,6131,0
rep3,2.22,6132,0
rep3,2.2203,6133,0
rep3,2.2209,6134,0
rep3,2.2213,6135,0
rep3,2.2213,6136,0
rep3,2.2216,6137,0
rep3,2.2216,6138,0
rep3,2.2219,6139,0
rep3,2.2219,6140,0
rep3,2.2223,6141,0
rep3,2.2224,6142,0
rep3,2.2226,6143,0
rep3,2.2228,6144,0
rep3,2.223,6145,0
rep3,2.2232,6146,0
rep3,2.2232,6147,0
rep3,2.2232,6148,0
rep3,2.2233,6149,0
rep3,2.2233,6150,0
rep3,2.2234,6151,0
rep3,2.2235,6152,0
rep3,2.2235,6153,0
rep3,2.2236,6154,0
rep3,2.2237,6155,0
rep3,2.2238,6156,0
rep3,2.2243,6157,0
rep3,2.2244,6158,0
rep3,2.2244,6159,0
rep3,2.2246,6160,0
rep3,2.2246,6161,0
rep3,2.2249,6162,0
