rep,t_over_ttl,cum_rehold,cum_duplicate
rep1,1.0072,1,0
rep1,1.0074,2,0
rep1,1.0075,3,0
rep1,1.0075,4,0
rep1,1.0076,5,0
rep1,1.0077,6,0
rep1,1.0079,7,0
rep1,1.0079,8,0
rep1,1.008,9,0
rep1,1.0081,10,0
rep1,1.0083,11,0
rep1,1.0089,12,0
rep1,1.009,13,0
rep1,1.0091,14,0
rep1,1.0093,15,0
rep1,1.0093,16,0
rep1,1.0097,17,0
rep1,1.0099,18,0
rep1,1.01,19,0
rep1,1.0101,20,0
rep1,1.0104,21,0
rep1,1.0106,22,0
rep1,1.0107,23,0
rep1,1.0116,24,0
rep1,1.0117,25,0
rep1,1.0117,26,0
rep1,1.0118,27,0
rep1,1.012,28,0
rep1,1.0122,29,0
rep1,1.0123,30,0
rep1,1.0123,31,0
rep1,1.0126,32,0
rep1,1.0129,33,0
rep1,1.013,34,0
rep1,1.0132,35,0
rep1,1.0136,36,0
rep1,1.0138,37,0
rep1,1.0141,38,0
rep1,1.0142,39,0
rep1,1.0144,40,0
rep1,1.0154,41,0
rep1,1.0156,42,0
rep1,1.0158,43,0
rep1,1.0159,44,0
rep1,1.016,45,0
rep1,1.016,46,0
rep1,1.0164,47,0
rep1,1.0164,48,0
rep1,1.0176,49,0
rep1,1.0185,50,0
rep1,1.0187,51,0
rep1,1.019,52,0
rep1,1.0203,53,0
rep1,1.0203,54,0
rep1,1.0209,55,0
rep1,1.0218,56,0
rep1,1.0222,57,0
rep1,1.0226,58,0
rep1,1.0229,59,0
rep1,1.0231,60,0
rep1,1.0239,61,0
rep1,1.0243,62,0
rep1,1.0247,63,0
rep1,1.0256,64,0
rep1,1.0259,65,0
rep1,1.0259,66,0
rep1,1.0261,67,0
rep1,1.0284,68,0
rep1,1.0285,69,0
rep1,1.0316,70,0
rep1,1.0326,71,0
rep1,1.0378,72,0
rep1,1.0405,73,0
rep1,1.0405,74,0
rep1,1.0405,75,0
rep1,1.0405,76,0
rep1,1.0405,77,0
rep1,1.0406,78,0
rep1,1.0406,79,0
rep1,1.0406,80,0
rep1,1.0406,81,0
rep1,1.0407,82,0
rep1,1.0408,83,0
rep1,1.0408,84,0
rep1,1.0409,85,0
rep1,1.0409,86,0
rep1,1.041,87,0
rep1,1.041,88,0
rep1,1.041,89,0
rep1,1.0411,90,0
rep1,1.0411,91,0
rep1,1.0411,92,0
rep1,1.0411,93,0
rep1,1.0412,94,0
rep1,1.0413,95,0
rep1,1.0413,96,0
rep1,1.0414,97,0
rep1,1.0414,98,0
rep1,1.0414,99,0
rep1,1.0414,100,0
rep1,1.0415,101,0
rep1,1.0415,102,0
rep1,1.0415,103,0
rep1,1.0415,104,0
rep1,1.0415,105,0
rep1,1.0416,106,0
rep1,1.0416,107,0
rep1,1.0416,108,0
rep1,1.0416,109,0
rep1,1.0417,110,0
rep1,1.0417,111,0
rep1,1.0417,112,0
rep1,1.0418,113,0
rep1,1.0418,114,0
rep1,1.0418,115,0
rep1,1.0418,116,0
rep1,1.0419,117,0
rep1,1.042,118,0
rep1,1.042,119,0
rep1,1.042,120,0
rep1,1.042,121,0
rep1,1.0421,122,0
rep1,1.0422,123,0
rep1,1.0423,124,0
rep1,1.0423,125,0
rep1,1.0425,126,0
rep1,1.0425,127,0
rep1,1.0426,128,0
rep1,1.0428,129,0
rep1,1.0429,130,0
rep1,1.0429,131,0
rep1,1.0429,132,0
rep1,1.043,133,0
rep1,1.043,134,0
rep1,1.0431,135,0
rep1,1.0431,136,0
rep1,1.0432,137,0
rep1,1.0433,138,0
rep1,1.0433,139,0
rep1,1.0433,140,0
rep1,1.0434,141,0
rep1,1.0435,142,0
rep1,1.0435,143,0
rep1,1.0435,144,0
rep1,1.0436,145,0
rep1,1.0437,146,0
rep1,1.0437,147,0
rep1,1.0438,148,0
rep1,1.0439,149,0
rep1,1.0439,150,0
rep1,1.044,151,0
rep1,1.044,152,0
rep1,1.044,153,0
rep1,1.0441,154,0
rep1,1.0441,155,0
rep1,1.0441,156,0
rep1,1.0441,157,0
rep1,1.0441,158,0
rep1,1.0442,159,0
rep1,1.0442,160,0
rep1,1.0442,161,0
rep1,1.0443,162,0
rep1,1.0444,163,0
rep1,1.0444,164,0
rep1,1.0445,165,0
rep1,1.0446,166,0
rep1,1.0447,167,0
rep1,1.0447,168,0
rep1,1.0447,169,0
rep1,1.0447,170,0
rep1,1.0448,171,0
rep1,1.0448,172,0
rep1,1.0449,173,0
rep1,1.0449,174,0
rep1,1.0449,175,0
rep1,1.045,176,0
rep1,1.045,177,0
rep1,1.0451,178,0
rep1,1.0451,179,0
rep1,1.0452,180,0
rep1,1.0452,181,0
rep1,1.0453,182,0
rep1,1.0453,183,0
rep1,1.0453,184,0
rep1,1.0453,185,0
rep1,1.0453,186,0
rep1,1.0455,187,0
rep1,1.0456,188,0
rep1,1.0457,189,0
rep1,1.0459,190,0
rep1,1.0459,191,0
rep1,1.0459,192,0
rep1,1.046,193,0
rep1,1.046,194,0
rep1,1.046,195,0
rep1,1.0462,196,0
rep1,1.0464,197,0
rep1,1.0466,198,0
rep1,1.0467,199,0
rep1,1.0467,200,0
rep1,1.0468,201,0
rep1,1.0468,202,0
rep1,1.0469,203,0
rep1,1.0469,204,0
rep1,1.0469,205,0
rep1,1.047,206,0
rep1,1.047,207,0
rep1,1.047,208,0
rep1,1.047,209,0
rep1,1.047,210,0
rep1,1.0471,211,0
rep1,1.0471,212,0
rep1,1.0471,213,0
rep1,1.0472,214,0
rep1,1.0473,215,0
rep1,1.0473,216,0
rep1,1.0473,217,0
rep1,1.0474,218,0
rep1,1.0475,219,0
rep1,1.0476,220,0
rep1,1.0476,221,0
rep1,1.0476,222,0
rep1,1.0476,223,0
rep1,1.0476,224,0
rep1,1.0476,225,0
rep1,1.0476,226,0
rep1,1.0477,227,0
rep1,1.0477,228,0
rep1,1.0477,229,0
rep1,1.0478,230,0
rep1,1.0478,231,0
rep1,1.0478,232,0
rep1,1.0478,233,0
rep1,1.0479,234,0
rep1,1.0479,235,0
rep1,1.0479,236,0
rep1,1.048,237,0
rep1,1.048,238,0
rep1,1.0481,239,0
rep1,1.0482,240,0
rep1,1.0483,241,0
rep1,1.0484,242,0
rep1,1.0485,243,0
rep1,1.0486,244,0
rep1,1.0486,245,0
rep1,1.0486,246,0
rep1,1.0487,247,0
rep1,1.0488,248,0
rep1,1.0489,249,0
rep1,1.0489,250,0
rep1,1.049,251,0
rep1,1.049,252,0
rep1,1.0491,253,0
rep1,1.0492,254,0
rep1,1.0492,255,0
rep1,1.0492,256,0
rep1,1.0492,257,0
rep1,1.0493,258,0
rep1,1.0493,259,0
rep1,1.0494,260,0
rep1,1.0494,261,0
rep1,1.0495,262,0
rep1,1.0496,263,0
rep1,1.0496,264,0
rep1,1.0496,265,0
rep1,1.05,266,0
rep1,1.0501,267,0
rep1,1.0502,268,0
rep1,1.0502,269,0
rep1,1.0504,270,0
rep1,1.0504,271,0
rep1,1.0504,272,0
rep1,1.0506,273,0
rep1,1.0509,274,0
rep1,1.0511,275,0
rep1,1.0512,276,0
rep1,1.0514,277,0
rep1,1.0514,278,0
rep1,1.0515,279,0
rep1,1.0515,280,0
rep1,1.0516,281,0
rep1,1.0516,282,0
rep1,1.0517,283,0
rep1,1.0518,284,0
rep1,1.0518,285,0
rep1,1.0519,286,0
rep1,1.0519,287,0
rep1,1.0519,288,0
rep1,1.052,289,0
rep1,1.0522,290,0
rep1,1.0524,291,0
rep1,1.0524,292,0
rep1,1.0525,293,0
rep1,1.0525,294,0
rep1,1.0527,295,0
rep1,1.0527,296,0
rep1,1.0529,297,0
rep1,1.0529,298,0
rep1,1.0529,299,0
rep1,1.0529,300,0
rep1,1.053,301,0
rep1,1.053,302,0
rep1,1.0531,303,0
rep1,1.0531,304,0
rep1,1.0532,305,0
rep1,1.0534,306,0
rep1,1.0535,307,0
rep1,1.0535,308,0
rep1,1.0536,309,0
rep1,1.0538,310,0
rep1,1.0539,311,0
rep1,1.054,312,0
rep1,1.054,313,0
rep1,1.0542,314,0
rep1,1.0544,315,0
rep1,1.0546,316,0
rep1,1.0548,317,0
rep1,1.0548,318,0
rep1,1.0549,319,0
rep1,1.0553,320,0
rep1,1.0553,321,0
rep1,1.0554,322,0
rep1,1.0555,323,0
rep1,1.0556,324,0
rep1,1.0556,325,0
rep1,1.0557,326,0
rep1,1.0557,327,0
rep1,1.056,328,0
rep1,1.0561,329,0
rep1,1.0562,330,0
rep1,1.0563,331,0
rep1,1.0565,332,0
rep1,1.0567,333,0
rep1,1.0568,334,0
rep1,1.057,335,0
rep1,1.057,336,0
rep1,1.0571,337,0
rep1,1.0571,338,0
rep1,1.0575,339,0
rep1,1.0576,340,0
rep1,1.0576,341,0
rep1,1.0577,342,0
rep1,1.058,343,0
rep1,1.0584,344,0
rep1,1.0585,345,0
rep1,1.0585,346,0
rep1,1.0589,347,0
rep1,1.0594,348,0
rep1,1.0595,349,0
rep1,1.0601,350,0
rep1,1.0601,351,0
rep1,1.0602,352,0
rep1,1.0603,353,0
rep1,1.0604,354,0
rep1,1.0606,355,0
rep1,1.0608,356,0
rep1,1.0609,357,0
rep1,1.0615,358,0
rep1,1.0619,359,0
rep1,1.0621,360,0
rep1,1.0621,361,0
rep1,1.0622,362,0
rep1,1.0622,363,0
rep1,1.0622,364,0
rep1,1.0626,365,0
rep1,1.0627,366,0
rep1,1.0629,367,0
rep1,1.0633,368,0
rep1,1.0641,369,0
rep1,1.0641,370,0
rep1,1.0643,371,0
rep1,1.0643,372,0
rep1,1.0645,373,0
rep1,1.0648,374,0
rep1,1.0649,375,0
rep1,1.0649,376,0
rep1,1.066,377,0
rep1,1.0663,378,0
rep1,1.0664,379,0
rep1,1.0668,380,0
rep1,1.0669,381,0
rep1,1.067,382,0
rep1,1.0675,383,0
rep1,1.0676,384,0
rep1,1.0677,385,0
rep1,1.0677,386,0
rep1,1.0679,387,0
rep1,1.0681,388,0
rep1,1.0682,389,0
rep1,1.0682,390,0
rep1,1.0683,391,0
rep1,1.0684,392,0
rep1,1.0685,393,0
rep1,1.0686,394,0
rep1,1.0691,395,0
rep1,1.0696,396,0
rep1,1.0697,397,0
rep1,1.07,398,0
rep1,1.07,399,0
rep1,1.0711,400,0
rep1,1.0713,401,0
rep1,1.0716,402,0
rep1,1.0716,403,0
rep1,1.0718,404,0
rep1,1.0731,405,0
rep1,1.0734,406,0
rep1,1.0739,407,0
rep1,1.074,408,0
rep1,1.074,409,0
rep1,1.0741,410,0
rep1,1.0741,411,0
rep1,1.0742,412,0
rep1,1.0743,413,0
rep1,1.0744,414,0
rep1,1.0744,415,0
rep1,1.0746,416,0
rep1,1.0747,417,0
rep1,1.0747,418,0
rep1,1.0748,419,0
rep1,1.0748,420,0
rep1,1.0749,421,0
rep1,1.0749,422,0
rep1,1.0749,423,0
rep1,1.075,424,0
rep1,1.0751,425,0
rep1,1.0752,426,0
rep1,1.0752,427,0
rep1,1.0756,428,0
rep1,1.0758,429,0
rep1,1.0758,430,0
rep1,1.0758,431,0
rep1,1.0759,432,0
rep1,1.0759,433,0
rep1,1.0761,434,0
rep1,1.0762,435,0
rep1,1.0762,436,0
rep1,1.0764,437,0
rep1,1.0764,438,0
rep1,1.0765,439,0
rep1,1.0766,440,0
rep1,1.0766,441,0
rep1,1.0768,442,0
rep1,1.0769,443,0
rep1,1.0769,444,0
rep1,1.0771,445,0
rep1,1.0771,446,0
rep1,1.0773,447,0
rep1,1.0773,448,0
rep1,1.0774,449,0
rep1,1.0774,450,0
rep1,1.0775,451,0
rep1,1.0775,452,0
rep1,1.0775,453,0
rep1,1.0779,454,0
rep1,1.0781,455,0
rep1,1.0782,456,0
rep1,1.0784,457,0
rep1,1.0788,458,0
rep1,1.0789,459,0
rep1,1.079,460,0
rep1,1.0791,461,0
rep1,1.0794,462,0
rep1,1.0795,463,0
rep1,1.0795,464,0
rep1,1.0796,465,0
rep1,1.0796,466,0
rep1,1.0796,467,0
rep1,1.0797,468,0
rep1,1.0799,469,0
rep1,1.08,470,0
rep1,1.0804,471,0
rep1,1.0806,472,0
rep1,1.0806,473,0
rep1,1.0807,474,0
rep1,1.0809,475,0
rep1,1.081,476,0
rep1,1.081,477,0
rep1,1.0814,478,0
rep1,1.0815,479,0
rep1,1.0815,480,0
rep1,1.0816,481,0
rep1,1.0817,482,0
rep1,1.0817,483,0
rep1,1.0818,484,0
rep1,1.0818,485,0
rep1,1.0819,486,0
rep1,1.0823,487,0
rep1,1.0825,488,0
rep1,1.0827,489,0
rep1,1.083,490,0
rep1,1.0831,491,0
rep1,1.0832,492,0
rep1,1.0834,493,0
rep1,1.0835,494,0
rep1,1.0836,495,0
rep1,1.0836,496,0
rep1,1.0838,497,0
rep1,1.0839,498,0
rep1,1.0839,499,0
rep1,1.0841,500,0
rep1,1.0842,501,0
rep1,1.0845,502,0
rep1,1.0851,503,0
rep1,1.0854,504,0
rep1,1.0856,505,0
rep1,1.0857,506,0
rep1,1.0861,507,0
rep1,1.0862,508,0
rep1,1.0864,509,0
rep1,1.0865,510,0
rep1,1.0867,511,0
rep1,1.0867,512,0
rep1,1.0869,513,0
rep1,1.0869,514,0
rep1,1.087,515,0
rep1,1.0872,516,0
rep1,1.0874,517,0
rep1,1.0876,518,0
rep1,1.0877,519,0
rep1,1.088,520,0
rep1,1.0881,521,0
rep1,1.0883,522,0
rep1,1.0884,523,0
rep1,1.0884,524,0
rep1,1.0887,525,0
rep1,1.0888,526,0
rep1,1.0891,527,0
rep1,1.0891,528,0
rep1,1.0893,529,0
rep1,1.0893,530,0
rep1,1.0899,531,0
rep1,1.09,532,0
rep1,1.0903,533,0
rep1,1.0904,534,0
rep1,1.0905,535,0
rep1,1.0906,536,0
rep1,1.091,537,0
rep1,1.0911,538,0
rep1,1.0911,539,0
rep1,1.0913,540,0
rep1,1.0915,541,0
rep1,1.0922,542,0
rep1,1.0922,543,0
rep1,1.0924,544,0
rep1,1.0925,545,0
rep1,1.0926,546,0
rep1,1.0927,547,0
rep1,1.0928,548,0
rep1,1.0928,549,0
rep1,1.093,550,0
rep1,1.0931,551,0
rep1,1.0931,552,0
rep1,1.0931,553,0
rep1,1.0934,554,0
rep1,1.0937,555,0
rep1,1.0938,556,0
rep1,1.0939,557,0
rep1,1.094,558,0
rep1,1.0943,559,0
rep1,1.0945,560,0
rep1,1.0946,561,0
rep1,1.0953,562,0
rep1,1.0954,563,0
rep1,1.0955,564,0
rep1,1.0956,565,0
rep1,1.0958,566,0
rep1,1.0959,567,0
rep1,1.096,568,0
rep1,1.0963,569,0
rep1,1.0964,570,0
rep1,1.0964,571,0
rep1,1.0966,572,0
rep1,1.0967,573,0
rep1,1.0967,574,0
rep1,1.0968,575,0
rep1,1.0969,576,0
rep1,1.0971,577,0
rep1,1.0973,578,0
rep1,1.0973,579,0
rep1,1.0974,580,0
rep1,1.0975,581,0
rep1,1.0977,582,0
rep1,1.0979,583,0
rep1,1.098,584,0
rep1,1.0982,585,0
rep1,1.0997,586,0
rep1,1.1005,587,0
rep1,1.1005,588,0
rep1,1.1005,589,0
rep1,1.1006,590,0
rep1,1.1007,591,0
rep1,1.1017,592,0
rep1,1.1019,593,0
rep1,1.1022,594,0
rep1,1.1028,595,0
rep1,1.1028,596,0
rep1,1.1031,597,0
rep1,1.1036,598,0
rep1,1.1037,599,0
rep1,1.104,600,0
rep1,1.1041,601,0
rep1,1.1042,602,0
rep1,1.1046,603,0
rep1,1.1048,604,0
rep1,1.1048,605,0
rep1,1.1058,606,0
rep1,1.1064,607,0
rep1,1.1069,608,0
rep1,1.1073,609,0
rep1,1.1074,610,0
rep1,1.1075,611,0
rep1,1.1075,612,0
rep1,1.1079,613,0
rep1,1.1081,614,0
rep1,1.1082,615,0
rep1,1.1084,616,0
rep1,1.1085,617,0
rep1,1.1085,618,0
rep1,1.1088,619,0
rep1,1.1089,620,0
rep1,1.109,621,0
rep1,1.109,622,0
rep1,1.1091,623,0
rep1,1.1093,624,0
rep1,1.1094,625,0
rep1,1.1095,626,0
rep1,1.1095,627,0
rep1,1.1098,628,0
rep1,1.1099,629,0
rep1,1.11,630,0
rep1,1.1101,631,0
rep1,1.1101,632,0
rep1,1.1101,633,0
rep1,1.1104,634,0
rep1,1.1105,635,0
rep1,1.1105,636,0
rep1,1.1107,637,0
rep1,1.1111,638,0
rep1,1.1112,639,0
rep1,1.1117,640,0
rep1,1.1118,641,0
rep1,1.1119,642,0
rep1,1.112,643,0
rep1,1.112,644,0
rep1,1.1121,645,0
rep1,1.1123,646,0
rep1,1.1123,647,0
rep1,1.1129,648,0
rep1,1.113,649,0
rep1,1.113,650,0
rep1,1.1131,651,0
rep1,1.1132,652,0
rep1,1.1134,653,0
rep1,1.1136,654,0
rep1,1.1142,655,0
rep1,1.1145,656,0
rep1,1.1146,657,0
rep1,1.1146,658,0
rep1,1.1147,659,0
rep1,1.1148,660,0
rep1,1.1148,661,0
rep1,1.1148,662,0
rep1,1.1149,663,0
rep1,1.115,664,0
rep1,1.1153,665,0
rep1,1.1154,666,0
rep1,1.1154,667,0
rep1,1.1159,668,0
rep1,1.1159,669,0
rep1,1.116,670,0
rep1,1.1162,671,0
rep1,1.1165,672,0
rep1,1.1169,673,0
rep1,1.117,674,0
rep1,1.117,675,0
rep1,1.1171,676,0
rep1,1.1172,677,0
rep1,1.1173,678,0
rep1,1.1174,679,0
rep1,1.1181,680,0
rep1,1.1182,681,0
rep1,1.1182,682,0
rep1,1.1189,683,0
rep1,1.119,684,0
rep1,1.1191,685,0
rep1,1.1192,686,0
rep1,1.1193,687,0
rep1,1.1194,688,0
rep1,1.1194,689,0
rep1,1.1199,690,0
rep1,1.12,691,0
rep1,1.1204,692,0
rep1,1.1204,693,0
rep1,1.1209,694,0
rep1,1.121,695,0
rep1,1.1211,696,0
rep1,1.1213,697,0
rep1,1.1215,698,0
rep1,1.1217,699,0
rep1,1.1219,700,0
rep1,1.1221,701,0
rep1,1.1223,702,0
rep1,1.1223,703,0
rep1,1.1225,704,0
rep1,1.1226,705,0
rep1,1.1227,706,0
rep1,1.1228,707,0
rep1,1.123,708,0
rep1,1.1233,709,0
rep1,1.1235,710,0
rep1,1.1237,711,0
rep1,1.1237,712,0
rep1,1.1237,713,0
rep1,1.124,714,0
rep1,1.1244,715,0
rep1,1.1245,716,0
rep1,1.1249,717,0
rep1,1.125,718,0
rep1,1.1253,719,0
rep1,1.1255,720,0
rep1,1.1257,721,0
rep1,1.1258,722,0
rep1,1.1258,723,0
rep1,1.126,724,0
rep1,1.1261,725,0
rep1,1.1262,726,0
rep1,1.1263,727,0
rep1,1.1265,728,0
rep1,1.1265,729,0
rep1,1.1268,730,0
rep1,1.1271,731,0
rep1,1.1272,732,0
rep1,1.1274,733,0
rep1,1.1275,734,0
rep1,1.1275,735,0
rep1,1.1276,736,0
rep1,1.1277,737,0
rep1,1.1283,738,0
rep1,1.1285,739,0
rep1,1.1286,740,0
rep1,1.1288,741,0
rep1,1.1291,742,0
rep1,1.1291,743,0
rep1,1.1293,744,0
rep1,1.1301,745,0
rep1,1.1301,746,0
rep1,1.1302,747,0
rep1,1.1304,748,0
rep1,1.1304,749,0
rep1,1.1305,750,0
rep1,1.1307,751,0
rep1,1.1309,752,0
rep1,1.131,753,0
rep1,1.1311,754,0
rep1,1.1311,755,0
rep1,1.1312,756,0
rep1,1.1313,757,0
rep1,1.1313,758,0
rep1,1.1321,759,0
rep1,1.1323,760,0
rep1,1.1323,761,0
rep1,1.1324,762,0
rep1,1.1328,763,0
rep1,1.1328,764,0
rep1,1.1329,765,0
rep1,1.133,766,0
rep1,1.1332,767,0
rep1,1.1336,768,0
rep1,1.1339,769,0
rep1,1.1341,770,0
rep1,1.1341,771,0
rep1,1.1342,772,0
rep1,1.1343,773,0
rep1,1.1345,774,0
rep1,1.1346,775,0
rep1,1.1347,776,0
rep1,1.1349,777,0
rep1,1.1349,778,0
rep1,1.1352,779,0
rep1,1.1353,780,0
rep1,1.1353,781,0
rep1,1.1353,782,0
rep1,1.1355,783,0
rep1,1.1358,784,0
rep1,1.136,785,0
rep1,1.1362,786,0
rep1,1.1364,787,0
rep1,1.1367,788,0
rep1,1.1368,789,0
rep1,1.137,790,0
rep1,1.1373,791,0
rep1,1.1374,792,0
rep1,1.1375,793,0
rep1,1.1377,794,0
rep1,1.1379,795,0
rep1,1.1379,796,0
rep1,1.138,797,0
rep1,1.1382,798,0
rep1,1.1383,799,0
rep1,1.1384,800,0
rep1,1.1385,801,0
rep1,1.1391,802,0
rep1,1.1392,803,0
rep1,1.1397,804,0
rep1,1.1405,805,0
rep1,1.1405,806,0
rep1,1.1406,807,0
rep1,1.1406,808,0
rep1,1.1407,809,0
rep1,1.141,810,0
rep1,1.141,811,0
rep1,1.1412,812,0
rep1,1.1413,813,0
rep1,1.1414,814,0
rep1,1.1419,815,0
rep1,1.1419,816,0
rep1,1.1419,817,0
rep1,1.1421,818,0
rep1,1.1422,819,0
rep1,1.1422,820,0
rep1,1.1423,821,0
rep1,1.1424,822,0
rep1,1.1424,823,0
rep1,1.1426,824,0
rep1,1.1427,825,0
rep1,1.1427,826,0
rep1,1.143,827,0
rep1,1.1431,828,0
rep1,1.1436,829,0
rep1,1.1436,830,0
rep1,1.1437,831,0
rep1,1.1437,832,0
rep1,1.1438,833,0
rep1,1.1438,834,0
rep1,1.1439,835,0
rep1,1.144,836,0
rep1,1.1441,837,0
rep1,1.1442,838,0
rep1,1.1444,839,0
rep1,1.1445,840,0
rep1,1.1446,841,0
rep1,1.1446,842,0
rep1,1.1447,843,0
rep1,1.1448,844,0
rep1,1.145,845,0
rep1,1.1452,846,0
rep1,1.1452,847,0
rep1,1.1453,848,0
rep1,1.1453,849,0
rep1,1.1456,850,0
rep1,1.1458,851,0
rep1,1.1459,852,0
rep1,1.1464,853,0
rep1,1.1466,854,0
rep1,1.1466,855,0
rep1,1.1467,856,0
rep1,1.1468,857,0
rep1,1.1468,858,0
rep1,1.1469,859,0
rep1,1.147,860,0
rep1,1.147,861,0
rep1,1.147,862,0
rep1,1.1472,863,0
rep1,1.1472,864,0
rep1,1.1475,865,0
rep1,1.1476,866,0
rep1,1.1479,867,0
rep1,1.1482,868,0
rep1,1.1483,869,0
rep1,1.1484,870,0
rep1,1.1485,871,0
rep1,1.1486,872,0
rep1,1.1488,873,0
rep1,1.1491,874,0
rep1,1.1491,875,0
rep1,1.1493,876,0
rep1,1.1495,877,0
rep1,1.1495,878,0
rep1,1.1498,879,0
rep1,1.1499,880,0
rep1,1.15,881,0
rep1,1.1504,882,0
rep1,1.1506,883,0
rep1,1.1508,884,0
rep1,1.1509,885,0
rep1,1.1509,886,0
rep1,1.151,887,0
rep1,1.1511,888,0
rep1,1.1511,889,0
rep1,1.1513,890,0
rep1,1.1513,891,0
rep1,1.1514,892,0
rep1,1.1516,893,0
rep1,1.1517,894,0
rep1,1.1522,895,0
rep1,1.1522,896,0
rep1,1.1523,897,0
rep1,1.1523,898,0
rep1,1.153,899,0
rep1,1.1532,900,0
rep1,1.1532,901,0
rep1,1.1536,902,0
rep1,1.1538,903,0
rep1,1.1539,904,0
rep1,1.154,905,0
rep1,1.1542,906,0
rep1,1.1543,907,0
rep1,1.1545,908,0
rep1,1.1547,909,0
rep1,1.1548,910,0
rep1,1.1548,911,0
rep1,1.1549,912,0
rep1,1.155,913,0
rep1,1.155,914,0
rep1,1.1552,915,0
rep1,1.1553,916,0
rep1,1.1562,917,0
rep1,1.1562,918,0
rep1,1.1564,919,0
rep1,1.1571,920,0
rep1,1.1572,921,0
rep1,1.1575,922,0
rep1,1.1575,923,0
rep1,1.158,924,0
rep1,1.1581,925,0
rep1,1.1582,926,0
rep1,1.1583,927,0
rep1,1.1583,928,0
rep1,1.1583,929,0
rep1,1.1583,930,0
rep1,1.1585,931,0
rep1,1.1586,932,0
rep1,1.1587,933,0
rep1,1.1589,934,0
rep1,1.1589,935,0
rep1,1.1589,936,0
rep1,1.1591,937,0
rep1,1.1592,938,0
rep1,1.1593,939,0
rep1,1.1593,940,0
rep1,1.1594,941,0
rep1,1.1595,942,0
rep1,1.1597,943,0
rep1,1.1598,944,0
rep1,1.1598,945,0
rep1,1.1599,946,0
rep1,1.16,947,0
rep1,1.1603,948,0
rep1,1.161,949,0
rep1,1.1614,950,0
rep1,1.1614,951,0
rep1,1.1615,952,0
rep1,1.1616,953,0
rep1,1.1618,954,0
rep1,1.1621,955,0
rep1,1.1621,956,0
rep1,1.1621,957,0
rep1,1.163,958,0
rep1,1.1632,959,0
rep1,1.1633,960,0
rep1,1.1634,961,0
rep1,1.1638,962,0
rep1,1.1638,963,0
rep1,1.1643,964,0
rep1,1.1644,965,0
rep1,1.1646,966,0
rep1,1.1649,967,0
rep1,1.1649,968,0
rep1,1.1649,969,0
rep1,1.1652,970,0
rep1,1.1653,971,0
rep1,1.1654,972,0
rep1,1.1655,973,0
rep1,1.166,974,0
rep1,1.166,975,0
rep1,1.1661,976,0
rep1,1.1665,977,0
rep1,1.1667,978,0
rep1,1.167,979,0
rep1,1.1671,980,0
rep1,1.1674,981,0
rep1,1.1675,982,0
rep1,1.1676,983,0
rep1,1.1677,984,0
rep1,1.1679,985,0
rep1,1.1682,986,0
rep1,1.1682,987,0
rep1,1.1683,988,0
rep1,1.1685,989,0
rep1,1.1685,990,0
rep1,1.1686,991,0
rep1,1.1688,992,0
rep1,1.1689,993,0
rep1,1.1699,994,0
rep1,1.17,995,0
rep1,1.1703,996,0
rep1,1.1704,997,0
rep1,1.1707,998,0
rep1,1.1708,999,0
rep1,1.1709,1000,0
rep1,1.1715,1001,0
rep1,1.1718,1002,0
rep1,1.172,1003,0
rep1,1.1725,1004,0
rep1,1.1726,1005,0
rep1,1.1729,1006,0
rep1,1.1734,1007,0
rep1,1.1734,1008,0
rep1,1.1735,1009,0
rep1,1.1739,1010,0
rep1,1.1743,1011,0
rep1,1.1744,1012,0
rep1,1.1744,1013,0
rep1,1.1745,1014,0
rep1,1.175,1015,0
rep1,1.1752,1016,0
rep1,1.1753,1017,0
rep1,1.1754,1018,0
rep1,1.1755,1019,0
rep1,1.1755,1020,0
rep1,1.1756,1021,0
rep1,1.1756,1022,0
rep1,1.1757,1023,0
rep1,1.176,1024,0
rep1,1.1763,1025,0
rep1,1.1765,1026,0
rep1,1.1767,1027,0
rep1,1.1768,1028,0
rep1,1.1769,1029,0
rep1,1.1769,1030,0
rep1,1.1769,1031,0
rep1,1.1769,1032,0
rep1,1.1773,1033,0
rep1,1.1773,1034,0
rep1,1.1774,1035,0
rep1,1.1775,1036,0
rep1,1.178,1037,0
rep1,1.1781,1038,0
rep1,1.1782,1039,0
rep1,1.1785,1040,0
rep1,1.1786,1041,0
rep1,1.1787,1042,0
rep1,1.1789,1043,0
rep1,1.1792,1044,0
rep1,1.1793,1045,0
rep1,1.1793,1046,0
rep1,1.1797,1047,0
rep1,1.1799,1048,0
rep1,1.1801,1049,0
rep1,1.1805,1050,0
rep1,1.1805,1051,0
rep1,1.1806,1052,0
rep1,1.1807,1053,0
rep1,1.1807,1054,0
rep1,1.1807,1055,0
rep1,1.1808,1056,0
rep1,1.1808,1057,0
rep1,1.1812,1058,0
rep1,1.1813,1059,0
rep1,1.1813,1060,0
rep1,1.1814,1061,0
rep1,1.1814,1062,0
rep1,1.1815,1063,0
rep1,1.1817,1064,0
rep1,1.1819,1065,0
rep1,1.182,1066,0
rep1,1.1821,1067,0
rep1,1.1822,1068,0
rep1,1.1826,1069,0
rep1,1.1828,1070,0
rep1,1.1831,1071,0
rep1,1.1832,1072,0
rep1,1.1832,1073,0
rep1,1.1839,1074,0
rep1,1.1839,1075,0
rep1,1.184,1076,0
rep1,1.1844,1077,0
rep1,1.1846,1078,0
rep1,1.1848,1079,0
rep1,1.1848,1080,0
rep1,1.1849,1081,0
rep1,1.1849,1082,0
rep1,1.1851,1083,0
rep1,1.1851,1084,0
rep1,1.1851,1085,0
rep1,1.1853,1086,0
rep1,1.1857,1087,0
rep1,1.1861,1088,0
rep1,1.1861,1089,0
rep1,1.1863,1090,0
rep1,1.1864,1091,0
rep1,1.1865,1092,0
rep1,1.1865,1093,0
rep1,1.1867,1094,0
rep1,1.1868,1095,0
rep1,1.1868,1096,0
rep1,1.1869,1097,0
rep1,1.1871,1098,0
rep1,1.1871,1099,0
rep1,1.1875,1100,0
rep1,1.1876,1101,0
rep1,1.1877,1102,0
rep1,1.1878,1103,0
rep1,1.1878,1104,0
rep1,1.1879,1105,0
rep1,1.188,1106,0
rep1,1.1884,1107,0
rep1,1.1884,1108,0
rep1,1.189,1109,0
rep1,1.189,1110,0
rep1,1.189,1111,0
rep1,1.1891,1112,0
rep1,1.1891,1113,0
rep1,1.1895,1114,0
rep1,1.1898,1115,0
rep1,1.19,1116,0
rep1,1.1901,1117,0
rep1,1.1902,1118,0
rep1,1.1902,1119,0
rep1,1.1907,1120,0
rep1,1.1907,1121,0
rep1,1.1908,1122,0
rep1,1.191,1123,0
rep1,1.1912,1124,0
rep1,1.1914,1125,0
rep1,1.1916,1126,0
rep1,1.1917,1127,0
rep1,1.192,1128,0
rep1,1.1925,1129,0
rep1,1.1925,1130,0
rep1,1.1926,1131,0
rep1,1.1928,1132,0
rep1,1.1929,1133,0
rep1,1.1931,1134,0
rep1,1.1937,1135,0
rep1,1.1937,1136,0
rep1,1.1944,1137,0
rep1,1.1945,1138,0
rep1,1.1945,1139,0
rep1,1.1946,1140,0
rep1,1.1953,1141,0
rep1,1.1954,1142,0
rep1,1.1959,1143,0
rep1,1.1959,1144,0
rep1,1.1967,1145,0
rep1,1.197,1146,0
rep1,1.197,1147,0
rep1,1.1971,1148,0
rep1,1.1973,1149,0
rep1,1.1974,1150,0
rep1,1.1976,1151,0
rep1,1.1984,1152,0
rep1,1.1986,1153,0
rep1,1.1989,1154,0
rep1,1.199,1155,0
rep1,1.199,1156,0
rep1,1.1991,1157,0
rep1,1.1992,1158,0
rep1,1.1993,1159,0
rep1,1.1994,1160,0
rep1,1.1994,1161,0
rep1,1.1995,1162,0
rep1,1.1995,1163,0
rep1,1.1997,1164,0
rep1,1.1998,1165,0
rep1,1.1999,1166,0
rep1,1.2002,1167,0
rep1,1.2006,1168,0
rep1,1.2007,1169,0
rep1,1.2008,1170,0
rep1,1.201,1171,0
rep1,1.2011,1172,0
rep1,1.2011,1173,0
rep1,1.2016,1174,0
rep1,1.2017,1175,0
rep1,1.2018,1176,0
rep1,1.202,1177,0
rep1,1.2023,1178,0
rep1,1.2023,1179,0
rep1,1.2029,1180,0
rep1,1.203,1181,0
rep1,1.2032,1182,0
rep1,1.2032,1183,0
rep1,1.2034,1184,0
rep1,1.2035,1185,0
rep1,1.2035,1186,0
rep1,1.2035,1187,0
rep1,1.2043,1188,0
rep1,1.2044,1189,0
rep1,1.2048,1190,0
rep1,1.2048,1191,0
rep1,1.2049,1192,0
rep1,1.2053,1193,0
rep1,1.2056,1194,0
rep1,1.2059,1195,0
rep1,1.2061,1196,0
rep1,1.2061,1197,0
rep1,1.2061,1198,0
rep1,1.2062,1199,0
rep1,1.2062,1200,0
rep1,1.2063,1201,0
rep1,1.2066,1202,0
rep1,1.2071,1203,0
rep1,1.2073,1204,0
rep1,1.2074,1205,0
rep1,1.2075,1206,0
rep1,1.2076,1207,0
rep1,1.2077,1208,0
rep1,1.2077,1209,0
rep1,1.2079,1210,0
rep1,1.2082,1211,0
rep1,1.2083,1212,0
rep1,1.2083,1213,0
rep1,1.2086,1214,0
rep1,1.2086,1215,0
rep1,1.2089,1216,0
rep1,1.209,1217,0
rep1,1.2091,1218,0
rep1,1.2094,1219,0
rep1,1.2096,1220,0
rep1,1.2098,1221,0
rep1,1.2102,1222,0
rep1,1.2103,1223,0
rep1,1.2103,1224,0
rep1,1.2107,1225,0
rep1,1.2108,1226,0
rep1,1.2108,1227,0
rep1,1.2113,1228,0
rep1,1.2116,1229,0
rep1,1.2118,1230,0
rep1,1.2119,1231,0
rep1,1.2123,1232,0
rep1,1.2128,1233,0
rep1,1.213,1234,0
rep1,1.2131,1235,0
rep1,1.2134,1236,0
rep1,1.2134,1237,0
rep1,1.2135,1238,0
rep1,1.2138,1239,0
rep1,1.2139,1240,0
rep1,1.2141,1241,0
rep1,1.2142,1242,0
rep1,1.2142,1243,0
rep1,1.2145,1244,0
rep1,1.2147,1245,0
rep1,1.215,1246,0
rep1,1.2151,1247,0
rep1,1.2152,1248,0
rep1,1.2152,1249,0
rep1,1.2153,1250,0
rep1,1.2155,1251,0
rep1,1.2156,1252,0
rep1,1.2156,1253,0
rep1,1.2157,1254,0
rep1,1.2158,1255,0
rep1,1.2159,1256,0
rep1,1.2159,1257,0
rep1,1.2159,1258,0
rep1,1.216,1259,0
rep1,1.2161,1260,0
rep1,1.2162,1261,0
rep1,1.2163,1262,0
rep1,1.2166,1263,0
rep1,1.2166,1264,0
rep1,1.2169,1265,0
rep1,1.217,1266,0
rep1,1.2173,1267,0
rep1,1.2174,1268,0
rep1,1.2175,1269,0
rep1,1.2175,1270,0
rep1,1.2183,1271,0
rep1,1.2184,1272,0
rep1,1.2187,1273,0
rep1,1.2189,1274,0
rep1,1.219,1275,0
rep1,1.219,1276,0
rep1,1.2192,1277,0
rep1,1.2193,1278,0
rep1,1.2194,1279,0
rep1,1.2199,1280,0
rep1,1.2199,1281,0
rep1,1.2205,1282,0
rep1,1.2205,1283,0
rep1,1.2206,1284,0
rep1,1.2209,1285,0
rep1,1.221,1286,0
rep1,1.2211,1287,0
rep1,1.2211,1288,0
rep1,1.2213,1289,0
rep1,1.2213,1290,0
rep1,1.2214,1291,0
rep1,1.2215,1292,0
rep1,1.2215,1293,0
rep1,1.2216,1294,0
rep1,1.2222,1295,0
rep1,1.2222,1296,0
rep1,1.2233,1297,0
rep1,1.2234,1298,0
rep1,1.2234,1299,0
rep1,1.2235,1300,0
rep1,1.2236,1301,0
rep1,1.224,1302,0
rep1,1.2242,1303,0
rep1,1.2242,1304,0
rep1,1.2244,1305,0
rep1,1.225,1306,0
rep1,1.2253,1307,0
rep1,1.2259,1308,0
rep1,1.2263,1309,0
rep1,1.2264,1310,0
rep1,1.2267,1311,0
rep1,1.227,1312,0
rep1,1.2274,1313,0
rep1,1.2276,1314,0
rep1,1.2277,1315,0
rep1,1.2279,1316,0
rep1,1.2281,1317,0
rep1,1.2283,1318,0
rep1,1.2299,1319,0
rep1,1.23,1320,0
rep1,1.2312,1321,0
rep1,1.2314,1322,0
rep1,1.2322,1323,0
rep1,1.2323,1324,0
rep1,1.2328,1325,0
rep1,1.2328,1326,0
rep1,1.233,1327,0
rep1,1.2332,1328,0
rep1,1.2334,1329,0
rep1,1.2341,1330,0
rep1,1.2343,1331,0
rep1,1.2344,1332,0
rep1,1.2352,1333,0
rep1,1.2354,1334,0
rep1,1.2356,1335,0
rep1,1.2361,1336,0
rep1,1.2361,1337,0
rep1,1.2361,1338,0
rep1,1.2366,1339,0
rep1,1.2371,1340,0
rep1,1.2371,1341,0
rep1,1.2375,1342,0
rep1,1.2375,1343,0
rep1,1.2376,1344,0
rep1,1.2377,1345,0
rep1,1.2381,1346,0
rep1,1.2382,1347,0
rep1,1.2384,1348,0
rep1,1.2386,1349,0
rep1,1.2388,1350,0
rep1,1.2391,1351,0
rep1,1.2392,1352,0
rep1,1.2395,1353,0
rep1,1.24,1354,0
rep1,1.24,1355,0
rep1,1.2401,1356,0
rep1,1.2402,1357,0
rep1,1.2404,1358,0
rep1,1.2404,1359,0
rep1,1.2406,1360,0
rep1,1.2413,1361,0
rep1,1.2415,1362,0
rep1,1.2415,1363,0
rep1,1.2417,1364,0
rep1,1.2418,1365,0
rep1,1.2419,1366,0
rep1,1.2421,1367,0
rep1,1.2426,1368,0
rep1,1.2427,1369,0
rep1,1.2428,1370,0
rep1,1.2428,1371,0
rep1,1.2435,1372,0
rep1,1.2437,1373,0
rep1,1.2437,1374,0
rep1,1.2439,1375,0
rep1,1.2445,1376,0
rep1,1.2446,1377,0
rep1,1.2448,1378,0
rep1,1.2449,1379,0
rep1,1.245,1380,0
rep1,1.2453,1381,0
rep1,1.2454,1382,0
rep1,1.2454,1383,0
rep1,1.2456,1384,0
rep1,1.2457,1385,0
rep1,1.2458,1386,0
rep1,1.246,1387,0
rep1,1.2461,1388,0
rep1,1.2462,1389,0
rep1,1.2469,1390,0
rep1,1.247,1391,0
rep1,1.247,1392,0
rep1,1.2472,1393,0
rep1,1.2476,1394,0
rep1,1.2477,1395,0
rep1,1.2478,1396,0
rep1,1.2481,1397,0
rep1,1.2483,1398,0
rep1,1.2485,1399,0
rep1,1.2488,1400,0
rep1,1.2491,1401,0
rep1,1.2491,1402,0
rep1,1.2492,1403,0
rep1,1.2492,1404,0
rep1,1.2497,1405,0
rep1,1.2499,1406,0
rep1,1.2501,1407,0
rep1,1.2502,1408,0
rep1,1.2505,1409,0
rep1,1.2507,1410,0
rep1,1.2511,1411,0
rep1,1.2512,1412,0
rep1,1.2514,1413,0
rep1,1.2514,1414,0
rep1,1.2516,1415,0
rep1,1.2517,1416,0
rep1,1.2518,1417,0
rep1,1.2518,1418,0
rep1,1.2519,1419,0
rep1,1.252,1420,0
rep1,1.252,1421,0
rep1,1.2522,1422,0
rep1,1.2522,1423,0
rep1,1.2524,1424,0
rep1,1.2525,1425,0
rep1,1.2525,1426,0
rep1,1.2525,1427,0
rep1,1.2526,1428,0
rep1,1.2526,1429,0
rep1,1.2528,1430,0
rep1,1.2528,1431,0
rep1,1.253,1432,0
rep1,1.2534,1433,0
rep1,1.2537,1434,0
rep1,1.2539,1435,0
rep1,1.254,1436,0
rep1,1.2542,1437,0
rep1,1.2546,1438,0
rep1,1.2547,1439,0
rep1,1.2549,1440,0
rep1,1.2553,1441,0
rep1,1.2554,1442,0
rep1,1.256,1443,0
rep1,1.2561,1444,0
rep1,1.2562,1445,0
rep1,1.2566,1446,0
rep1,1.2572,1447,0
rep1,1.2572,1448,0
rep1,1.2581,1449,0
rep1,1.2583,1450,0
rep1,1.2584,1451,0
rep1,1.2585,1452,0
rep1,1.2585,1453,0
rep1,1.2588,1454,0
rep1,1.259,1455,0
rep1,1.2592,1456,0
rep1,1.2594,1457,0
rep1,1.2595,1458,0
rep1,1.2595,1459,0
rep1,1.2597,1460,0
rep1,1.2599,1461,0
rep1,1.2605,1462,0
rep1,1.2607,1463,0
rep1,1.2607,1464,0
rep1,1.2608,1465,0
rep1,1.261,1466,0
rep1,1.2612,1467,0
rep1,1.2619,1468,0
rep1,1.262,1469,0
rep1,1.2625,1470,0
rep1,1.2627,1471,0
rep1,1.2628,1472,0
rep1,1.2633,1473,0
rep1,1.2638,1474,0
rep1,1.264,1475,0
rep1,1.2641,1476,0
rep1,1.2641,1477,0
rep1,1.2641,1478,0
rep1,1.2643,1479,0
rep1,1.2649,1480,0
rep1,1.2649,1481,0
rep1,1.2654,1482,0
rep1,1.2655,1483,0
rep1,1.2658,1484,0
rep1,1.2658,1485,0
rep1,1.2658,1486,0
rep1,1.2662,1487,0
rep1,1.2663,1488,0
rep1,1.2663,1489,0
rep1,1.2665,1490,0
rep1,1.2671,1491,0
rep1,1.2678,1492,0
rep1,1.268,1493,0
rep1,1.268,1494,0
rep1,1.2684,1495,0
rep1,1.2686,1496,0
rep1,1.2686,1497,0
rep1,1.2689,1498,0
rep1,1.269,1499,0
rep1,1.2692,1500,0
rep1,1.2692,1501,0
rep1,1.2694,1502,0
rep1,1.2695,1503,0
rep1,1.2696,1504,0
rep1,1.2696,1505,0
rep1,1.2696,1506,0
rep1,1.2697,1507,0
rep1,1.27,1508,0
rep1,1.27,1509,0
rep1,1.2703,1510,0
rep1,1.2707,1511,0
rep1,1.2711,1512,0
rep1,1.2716,1513,0
rep1,1.2716,1514,0
rep1,1.2717,1515,0
rep1,1.2718,1516,0
rep1,1.2722,1517,0
rep1,1.2726,1518,0
rep1,1.2729,1519,0
rep1,1.273,1520,0
rep1,1.2731,1521,0
rep1,1.2734,1522,0
rep1,1.2735,1523,0
rep1,1.2737,1524,0
rep1,1.2738,1525,0
rep1,1.2748,1526,0
rep1,1.2752,1527,0
rep1,1.2753,1528,0
rep1,1.2756,1529,0
rep1,1.2758,1530,0
rep1,1.2758,1531,0
rep1,1.2758,1532,0
rep1,1.276,1533,0
rep1,1.2762,1534,0
rep1,1.2766,1535,0
rep1,1.2768,1536,0
rep1,1.2771,1537,0
rep1,1.2772,1538,0
rep1,1.2778,1539,0
rep1,1.2779,1540,0
rep1,1.278,1541,0
rep1,1.2782,1542,0
rep1,1.2784,1543,0
rep1,1.2785,1544,0
rep1,1.2787,1545,0
rep1,1.2788,1546,0
rep1,1.279,1547,0
rep1,1.2797,1548,0
rep1,1.2799,1549,0
rep1,1.28,1550,0
rep1,1.2801,1551,0
rep1,1.2803,1552,0
rep1,1.2804,1553,0
rep1,1.2805,1554,0
rep1,1.2807,1555,0
rep1,1.2807,1556,0
rep1,1.2808,1557,0
rep1,1.2809,1558,0
rep1,1.2809,1559,0
rep1,1.281,1560,0
rep1,1.281,1561,0
rep1,1.2813,1562,0
rep1,1.2813,1563,0
rep1,1.2814,1564,0
rep1,1.2815,1565,0
rep1,1.2815,1566,0
rep1,1.2816,1567,0
rep1,1.2817,1568,0
rep1,1.2829,1569,0
rep1,1.2829,1570,0
rep1,1.283,1571,0
rep1,1.2833,1572,0
rep1,1.2836,1573,0
rep1,1.2836,1574,0
rep1,1.2839,1575,0
rep1,1.2841,1576,0
rep1,1.2847,1577,0
rep1,1.2851,1578,0
rep1,1.2855,1579,0
rep1,1.2858,1580,0
rep1,1.286,1581,0
rep1,1.286,1582,0
rep1,1.2864,1583,0
rep1,1.287,1584,0
rep1,1.2874,1585,0
rep1,1.2876,1586,0
rep1,1.2882,1587,0
rep1,1.2884,1588,0
rep1,1.2885,1589,0
rep1,1.2887,1590,0
rep1,1.289,1591,0
rep1,1.2894,1592,0
rep1,1.2895,1593,0
rep1,1.29,1594,0
rep1,1.29,1595,0
rep1,1.2904,1596,0
rep1,1.2906,1597,0
rep1,1.2913,1598,0
rep1,1.2913,1599,0
rep1,1.2916,1600,0
rep1,1.292,1601,0
rep1,1.2921,1602,0
rep1,1.2924,1603,0
rep1,1.2929,1604,0
rep1,1.2938,1605,0
rep1,1.294,1606,0
rep1,1.2941,1607,0
rep1,1.2942,1608,0
rep1,1.2951,1609,0
rep1,1.2952,1610,0
rep1,1.2954,1611,0
rep1,1.2955,1612,0
rep1,1.2959,1613,0
rep1,1.296,1614,0
rep1,1.2961,1615,0
rep1,1.2963,1616,0
rep1,1.2968,1617,0
rep1,1.297,1618,0
rep1,1.2973,1619,0
rep1,1.2974,1620,0
rep1,1.2977,1621,0
rep1,1.2978,1622,0
rep1,1.2982,1623,0
rep1,1.2987,1624,0
rep1,1.3,1625,0
rep1,1.3003,1626,0
rep1,1.301,1627,0
rep1,1.3015,1628,0
rep1,1.3022,1629,0
rep1,1.3023,1630,0
rep1,1.3029,1631,0
rep1,1.303,1632,0
rep1,1.3032,1633,0
rep1,1.3034,1634,0
rep1,1.3036,1635,0
rep1,1.3045,1636,0
rep1,1.3046,1637,0
rep1,1.3048,1638,0
rep1,1.3051,1639,0
rep1,1.3053,1640,0
rep1,1.3054,1641,0
rep1,1.3054,1642,0
rep1,1.3054,1643,0
rep1,1.3055,1644,0
rep1,1.3057,1645,0
rep1,1.3058,1646,0
rep1,1.3063,1647,0
rep1,1.3063,1648,0
rep1,1.3067,1649,0
rep1,1.3069,1650,0
rep1,1.3075,1651,0
rep1,1.3077,1652,0
rep1,1.308,1653,0
rep1,1.3081,1654,0
rep1,1.3082,1655,0
rep1,1.3085,1656,0
rep1,1.3085,1657,0
rep1,1.3086,1658,0
rep1,1.3092,1659,0
rep1,1.3096,1660,0
rep1,1.3096,1661,0
rep1,1.3101,1662,0
rep1,1.3104,1663,0
rep1,1.3104,1664,0
rep1,1.3109,1665,0
rep1,1.3117,1666,0
rep1,1.312,1667,0
rep1,1.3128,1668,0
rep1,1.3131,1669,0
rep1,1.3135,1670,0
rep1,1.3145,1671,0
rep1,1.3148,1672,0
rep1,1.3154,1673,0
rep1,1.3155,1674,0
rep1,1.3158,1675,0
rep1,1.3158,1676,0
rep1,1.3159,1677,0
rep1,1.3166,1678,0
rep1,1.3172,1679,0
rep1,1.3173,1680,0
rep1,1.3175,1681,0
rep1,1.3178,1682,0
rep1,1.3178,1683,0
rep1,1.3182,1684,0
rep1,1.3182,1685,0
rep1,1.3184,1686,0
rep1,1.3184,1687,0
rep1,1.3194,1688,0
rep1,1.3199,1689,0
rep1,1.3201,1690,0
rep1,1.3208,1691,0
rep1,1.3209,1692,0
rep1,1.321,1693,0
rep1,1.3214,1694,0
rep1,1.3217,1695,0
rep1,1.3218,1696,0
rep1,1.322,1697,0
rep1,1.3222,1698,0
rep1,1.3229,1699,0
rep1,1.3235,1700,0
rep1,1.3236,1701,0
rep1,1.3236,1702,0
rep1,1.3238,1703,0
rep1,1.3239,1704,0
rep1,1.3241,1705,0
rep1,1.3246,1706,0
rep1,1.3259,1707,0
rep1,1.3261,1708,0
rep1,1.3263,1709,0
rep1,1.3265,1710,0
rep1,1.3266,1711,0
rep1,1.3269,1712,0
rep1,1.3278,1713,0
rep1,1.3279,1714,0
rep1,1.3281,1715,0
rep1,1.3283,1716,0
rep1,1.3284,1717,0
rep1,1.3287,1718,0
rep1,1.3289,1719,0
rep1,1.3294,1720,0
rep1,1.33,1721,0
rep1,1.3303,1722,0
rep1,1.3303,1723,0
rep1,1.3303,1724,0
rep1,1.3318,1725,0
rep1,1.3319,1726,0
rep1,1.3324,1727,0
rep1,1.3325,1728,0
rep1,1.3326,1729,0
rep1,1.3326,1730,0
rep1,1.3327,1731,0
rep1,1.3332,1732,0
rep1,1.3333,1733,0
rep1,1.3336,1734,0
rep1,1.3339,1735,0
rep1,1.3344,1736,0
rep1,1.3344,1737,0
rep1,1.3348,1738,0
rep1,1.336,1739,0
rep1,1.3361,1740,0
rep1,1.3364,1741,0
rep1,1.3368,1742,0
rep1,1.3369,1743,0
rep1,1.338,1744,0
rep1,1.3384,1745,0
rep1,1.3384,1746,0
rep1,1.3391,1747,0
rep1,1.3396,1748,0
rep1,1.34,1749,0
rep1,1.3403,1750,0
rep1,1.3404,1751,0
rep1,1.3405,1752,0
rep1,1.3406,1753,0
rep1,1.3408,1754,0
rep1,1.341,1755,0
rep1,1.3412,1756,0
rep1,1.3415,1757,0
rep1,1.3418,1758,0
rep1,1.3421,1759,0
rep1,1.3424,1760,0
rep1,1.3425,1761,0
rep1,1.3427,1762,0
rep1,1.3432,1763,0
rep1,1.3449,1764,0
rep1,1.3452,1765,0
rep1,1.3458,1766,0
rep1,1.3459,1767,0
rep1,1.3464,1768,0
rep1,1.3477,1769,0
rep1,1.3477,1770,0
rep1,1.348,1771,0
rep1,1.3481,1772,0
rep1,1.3483,1773,0
rep1,1.3484,1774,0
rep1,1.3489,1775,0
rep1,1.3492,1776,0
rep1,1.3494,1777,0
rep1,1.3499,1778,0
rep1,1.3504,1779,0
rep1,1.3506,1780,0
rep1,1.3506,1781,0
rep1,1.3508,1782,0
rep1,1.351,1783,0
rep1,1.3511,1784,0
rep1,1.3514,1785,0
rep1,1.3515,1786,0
rep1,1.3517,1787,0
rep1,1.3519,1788,0
rep1,1.352,1789,0
rep1,1.3526,1790,0
rep1,1.3527,1791,0
rep1,1.3528,1792,0
rep1,1.3534,1793,0
rep1,1.3539,1794,0
rep1,1.3539,1795,0
rep1,1.354,1796,0
rep1,1.3544,1797,0
rep1,1.3546,1798,0
rep1,1.3548,1799,0
rep1,1.355,1800,0
rep1,1.3551,1801,0
rep1,1.3555,1802,0
rep1,1.3556,1803,0
rep1,1.3561,1804,0
rep1,1.3561,1805,0
rep1,1.3563,1806,0
rep1,1.3568,1807,0
rep1,1.3575,1808,0
rep1,1.3575,1809,0
rep1,1.3578,1810,0
rep1,1.3581,1811,0
rep1,1.3581,1812,0
rep1,1.359,1813,0
rep1,1.3591,1814,0
rep1,1.3592,1815,0
rep1,1.3592,1816,0
rep1,1.3593,1817,0
rep1,1.3594,1818,0
rep1,1.3597,1819,0
rep1,1.3599,1820,0
rep1,1.3608,1821,0
rep1,1.3617,1822,0
rep1,1.3618,1823,0
rep1,1.3621,1824,0
rep1,1.3621,1825,0
rep1,1.363,1826,0
rep1,1.3631,1827,0
rep1,1.3632,1828,0
rep1,1.3633,1829,0
rep1,1.3633,1830,0
rep1,1.3634,1831,0
rep1,1.3645,1832,0
rep1,1.3647,1833,0
rep1,1.3649,1834,0
rep1,1.3649,1835,0
rep1,1.3655,1836,0
rep1,1.3655,1837,0
rep1,1.3663,1838,0
rep1,1.3665,1839,0
rep1,1.3688,1840,0
rep1,1.3691,1841,0
rep1,1.3694,1842,0
rep1,1.3701,1843,0
rep1,1.3709,1844,0
rep1,1.3709,1845,0
rep1,1.372,1846,0
rep1,1.372,1847,0
rep1,1.3723,1848,0
rep1,1.3726,1849,0
rep1,1.3729,1850,0
rep1,1.373,1851,0
rep1,1.3738,1852,0
rep1,1.3754,1853,0
rep1,1.3757,1854,0
rep1,1.3757,1855,0
rep1,1.3767,1856,0
rep1,1.3767,1857,0
rep1,1.3774,1858,0
rep1,1.3775,1859,0
rep1,1.378,1860,0
rep1,1.3789,1861,0
rep1,1.3791,1862,0
rep1,1.3796,1863,0
rep1,1.3801,1864,0
rep1,1.3801,1865,0
rep1,1.3804,1866,0
rep1,1.3807,1867,0
rep1,1.3811,1868,0
rep1,1.3811,1869,0
rep1,1.382,1870,0
rep1,1.3825,1871,0
rep1,1.3829,1872,0
rep1,1.3835,1873,0
rep1,1.3844,1874,0
rep1,1.3845,1875,0
rep1,1.3857,1876,0
rep1,1.3871,1877,0
rep1,1.3874,1878,0
rep1,1.3875,1879,0
rep1,1.3875,1880,0
rep1,1.3886,1881,0
rep1,1.3891,1882,0
rep1,1.3895,1883,0
rep1,1.3922,1884,0
rep1,1.3922,1885,0
rep1,1.3931,1886,0
rep1,1.3932,1887,0
rep1,1.3953,1888,0
rep1,1.3958,1889,0
rep1,1.3962,1890,0
rep1,1.3963,1891,0
rep1,1.3964,1892,0
rep1,1.3974,1893,0
rep1,1.3997,1894,0
rep1,1.3997,1895,0
rep1,1.4002,1896,0
rep1,1.4002,1897,0
rep1,1.4004,1898,0
rep1,1.4004,1899,0
rep1,1.4018,1900,0
rep1,1.4022,1901,0
rep1,1.4026,1902,0
rep1,1.4029,1903,0
rep1,1.4036,1904,0
rep1,1.4038,1905,0
rep1,1.4045,1906,0
rep1,1.4045,1907,0
rep1,1.4046,1908,0
rep1,1.4046,1909,0
rep1,1.4056,1910,0
rep1,1.406,1911,0
rep1,1.4067,1912,0
rep1,1.4069,1913,0
rep1,1.4072,1914,0
rep1,1.4079,1915,0
rep1,1.4081,1916,0
rep1,1.4082,1917,0
rep1,1.4085,1918,0
rep1,1.4089,1919,0
rep1,1.4103,1920,0
rep1,1.4137,1921,0
rep1,1.4139,1922,0
rep1,1.4145,1923,0
rep1,1.4148,1924,0
rep1,1.4149,1925,0
rep1,1.4151,1926,0
rep1,1.4152,1927,0
rep1,1.4157,1928,0
rep1,1.4161,1929,0
rep1,1.4171,1930,0
rep1,1.4178,1931,0
rep1,1.4187,1932,0
rep1,1.4187,1933,0
rep1,1.4189,1934,0
rep1,1.4203,1935,0
rep1,1.421,1936,0
rep1,1.422,1937,0
rep1,1.4233,1938,0
rep1,1.4234,1939,0
rep1,1.4242,1940,0
rep1,1.4248,1941,0
rep1,1.4262,1942,0
rep1,1.4266,1943,0
rep1,1.4288,1944,0
rep1,1.4306,1945,0
rep1,1.431,1946,0
rep1,1.4311,1947,0
rep1,1.4313,1948,0
rep1,1.4313,1949,0
rep1,1.4326,1950,0
rep1,1.4333,1951,0
rep1,1.4334,1952,0
rep1,1.4335,1953,0
rep1,1.4339,1954,0
rep1,1.4347,1955,0
rep1,1.4352,1956,0
rep1,1.4361,1957,0
rep1,1.4365,1958,0
rep1,1.4369,1959,0
rep1,1.4383,1960,0
rep1,1.4415,1961,0
rep1,1.442,1962,0
rep1,1.4428,1963,0
rep1,1.4434,1964,0
rep1,1.444,1965,0
rep1,1.4444,1966,0
rep1,1.4446,1967,0
rep1,1.4473,1968,0
rep1,1.4474,1969,0
rep1,1.4476,1970,0
rep1,1.4476,1971,0
rep1,1.448,1972,0
rep1,1.4486,1973,0
rep1,1.4488,1974,0
rep1,1.4496,1975,0
rep1,1.4501,1976,0
rep1,1.4508,1977,0
rep1,1.4508,1978,0
rep1,1.4511,1979,0
rep1,1.4517,1980,0
rep1,1.4521,1981,0
rep1,1.4527,1982,0
rep1,1.4546,1983,0
rep1,1.4546,1984,0
rep1,1.4549,1985,0
rep1,1.4563,1986,0
rep1,1.4571,1987,0
rep1,1.4591,1988,0
rep1,1.461,1989,0
rep1,1.4614,1990,0
rep1,1.4618,1991,0
rep1,1.4619,1992,0
rep1,1.462,1993,0
rep1,1.4642,1994,0
rep1,1.465,1995,0
rep1,1.4651,1996,0
rep1,1.4677,1997,0
rep1,1.4703,1998,0
rep1,1.4745,1999,0
rep1,1.4753,2000,0
rep1,1.4774,2001,0
rep1,1.4776,2002,0
rep1,1.4784,2003,0
rep1,1.4793,2004,0
rep1,1.4817,2005,0
rep1,1.4824,2006,0
rep1,1.4829,2007,0
rep1,1.4842,2008,0
rep1,1.4851,2009,0
rep1,1.4862,2010,0
rep1,1.4875,2011,0
rep1,1.4882,2012,0
rep1,1.4904,2013,0
rep1,1.4923,2014,0
rep1,1.4927,2015,0
rep1,1.4934,2016,0
rep1,1.4934,2017,0
rep1,1.4939,2018,0
rep1,1.4947,2019,0
rep1,1.4947,2020,0
rep1,1.4994,2021,0
rep1,1.4996,2022,0
rep1,1.5012,2023,0
rep1,1.5022,2024,0
rep1,1.5034,2025,0
rep1,1.5057,2026,0
rep1,1.5066,2027,0
rep1,1.5092,2028,0
rep1,1.5103,2029,0
rep1,1.5118,2030,0
rep1,1.512,2031,0
rep1,1.5129,2032,0
rep1,1.5138,2033,0
rep1,1.5142,2034,0
rep1,1.5147,2035,0
rep1,1.5157,2036,0
rep1,1.5164,2037,0
rep1,1.5164,2038,0
rep1,1.5167,2039,0
rep1,1.5219,2040,0
rep1,1.5262,2041,0
rep1,1.5297,2042,0
rep1,1.5308,2043,0
rep1,1.5309,2044,0
rep1,1.5318,2045,0
rep1,1.5371,2046,0
rep1,1.5386,2047,0
rep1,1.5406,2048,0
rep1,1.542,2049,0
rep1,1.5461,2050,0
rep1,1.5478,2051,0
rep1,1.5571,2052,0
rep1,1.5589,2053,0
rep1,1.5667,2054,0
rep1,1.5677,2055,0
rep1,1.5706,2056,0
rep1,1.5712,2057,0
rep1,1.5747,2058,0
rep1,1.5845,2059,0
rep1,1.5882,2060,0
rep1,1.6004,2061,0
rep1,1.6098,2062,0
rep1,1.6115,2063,0
rep1,1.6129,2064,0
rep1,1.6162,2065,0
rep1,1.6613,2066,0
rep1,1.674,2067,0
rep1,1.6741,2068,0
rep1,1.7417,2069,0
rep1,1.7718,2070,0
rep1,1.7735,2071,0
rep1,1.7746,2072,0
rep1,1.7805,2073,0
rep1,1.8756,2074,0
rep1,2.0269,2075,0
rep1,2.0413,2076,0
rep1,2.0417,2077,0
rep1,2.0426,2078,0
rep1,2.0429,2079,0
rep1,2.0432,2080,0
rep1,2.0437,2081,0
rep1,2.0439,2082,0
rep1,2.0454,2083,0
rep1,2.0466,2084,0
rep1,2.0489,2085,0
rep1,2.0499,2086,0
rep1,2.053,2087,0
rep1,2.0726,2088,0
rep1,2.0747,2089,0
rep1,2.0748,2090,0
rep1,2.0749,2091,0
rep1,2.0749,2092,0
rep1,2.075,2093,0
rep1,2.0753,2094,0
rep1,2.0755,2095,0
rep1,2.0757,2096,0
rep1,2.0758,2097,0
rep1,2.0759,2098,0
rep1,2.076,2099,0
rep1,2.0761,2100,0
rep1,2.0762,2101,0
rep1,2.0763,2102,0
rep1,2.0766,2103,0
rep1,2.0768,2104,0
rep1,2.0772,2105,0
rep1,2.0773,2106,0
rep1,2.0775,2107,0
rep1,2.0781,2108,0
rep1,2.0782,2109,0
rep1,2.0784,2110,0
rep1,2.0785,2111,0
rep1,2.0786,2112,0
rep1,2.0792,2113,0
rep1,2.0792,2114,0
rep1,2.0796,2115,0
rep1,2.0798,2116,0
rep1,2.0803,2117,0
rep1,2.0805,2118,0
rep1,2.0808,2119,0
rep1,2.0824,2120,0
rep1,2.0829,2121,0
rep1,2.083,2122,0
rep1,2.0831,2123,0
rep1,2.0836,2124,0
rep1,2.0842,2125,0
rep1,2.085,2126,0
rep1,2.0866,2127,0
rep1,2.0869,2128,0
rep1,2.0869,2129,0
rep1,2.0871,2130,0
rep1,2.0903,2131,0
rep1,2.0904,2132,0
rep1,2.0921,2133,0
rep1,2.0924,2134,0
rep1,2.094,2135,0
rep1,2.0948,2136,0
rep1,2.096,2137,0
rep1,2.0984,2138,0
rep1,2.0985,2139,0
rep1,2.0995,2140,0
rep1,2.101,2141,0
rep1,2.1013,2142,0
rep1,2.1034,2143,0
rep1,2.1084,2144,0
rep1,2.1092,2145,0
rep1,2.1105,2146,0
rep1,2.1108,2147,0
rep1,2.1109,2148,0
rep1,2.1112,2149,0
rep1,2.1124,2150,0
rep1,2.1143,2151,0
rep1,2.1151,2152,0
rep1,2.1189,2153,0
rep1,2.1213,2154,0
rep1,2.1268,2155,0
rep1,2.1278,2156,0
rep1,2.1288,2157,0
rep1,2.1301,2158,0
rep1,2.1305,2159,0
rep1,2.1358,2160,0
rep1,2.1367,2161,0
rep1,2.1373,2162,0
rep1,2.1409,2163,0
rep1,2.1413,2164,0
rep1,2.1414,2165,0
rep1,2.1417,2166,0
rep1,2.1429,2167,0
rep1,2.1435,2168,0
rep1,2.1439,2169,0
rep1,2.1465,2170,0
rep1,2.1482,2171,0
rep1,2.1483,2172,0
rep1,2.1484,2173,0
rep1,2.1491,2174,0
rep1,2.1536,2175,0
rep1,2.1543,2176,0
rep1,2.156,2177,0
rep1,2.157,2178,0
rep1,2.1584,2179,0
rep1,2.1606,2180,0
rep1,2.1616,2181,0
rep1,2.1619,2182,0
rep1,2.1655,2183,0
rep1,2.1655,2184,0
rep1,2.1655,2185,0
rep1,2.1656,2186,0
rep1,2.1689,2187,0
rep1,2.1713,2188,0
rep1,2.1719,2189,0
rep1,2.1734,2190,0
rep1,2.1738,2191,0
rep1,2.1747,2192,0
rep1,2.1766,2193,0
rep1,2.1807,2194,0
rep1,2.181,2195,0
rep1,2.1816,2196,0
rep1,2.1822,2197,0
rep1,2.1839,2198,0
rep1,2.1916,2199,0
rep1,2.1926,2200,0
rep1,2.1927,2201,0
rep1,2.193,2202,0
rep1,2.1939,2203,0
rep1,2.194,2204,0
rep1,2.1946,2205,0
rep1,2.1969,2206,0
rep1,2.1974,2207,0
rep1,2.1986,2208,0
rep1,2.1994,2209,0
rep1,2.1998,2210,0
rep1,2.2022,2211,0
rep1,2.2031,2212,0
rep1,2.205,2213,0
rep1,2.2067,2214,0
rep1,2.2071,2215,0
rep1,2.2085,2216,0
rep1,2.2106,2217,0
rep1,2.2109,2218,0
rep1,2.2136,2219,0
rep1,2.2143,2220,0
rep1,2.2144,2221,0
rep1,2.2159,2222,0
rep1,2.2164,2223,0
rep1,2.2174,2224,0
rep1,2.2175,2225,0
rep1,2.2204,2226,0
rep1,2.2211,2227,0
rep1,2.2226,2228,0
rep1,2.2247,2229,0
rep1,2.2247,2230,0
rep1,2.2248,2231,0
rep2,1.0087,1,0
rep2,1.0088,2,0
rep2,1.0088,3,0
rep2,1.0089,4,0
rep2,1.0091,5,0
rep2,1.0094,6,0
rep2,1.0094,7,0
rep2,1.0094,8,0
rep2,1.0099,9,0
rep2,1.01,10,0
rep2,1.0101,11,0
rep2,1.0102,12,0
rep2,1.0104,13,0
rep2,1.0105,14,0
rep2,1.0112,15,0
rep2,1.0113,16,0
rep2,1.0117,17,0
rep2,1.0118,18,0
rep2,1.0119,19,0
rep2,1.0121,20,0
rep2,1.0123,21,0
rep2,1.0127,22,0
rep2,1.0127,23,0
rep2,1.0131,24,0
rep2,1.0131,25,0
rep2,1.0132,26,0
rep2,1.0136,27,0
rep2,1.014,28,0
rep2,1.0141,29,0
rep2,1.0158,30,0
rep2,1.0159,31,0
rep2,1.016,32,0
rep2,1.0161,33,0
rep2,1.0162,34,0
rep2,1.0163,35,0
rep2,1.0165,36,0
rep2,1.0168,37,0
rep2,1.017,38,0
rep2,1.0181,39,0
rep2,1.0181,40,0
rep2,1.0182,41,0
rep2,1.0186,42,0
rep2,1.0191,43,0
rep2,1.0193,44,0
rep2,1.0201,45,0
rep2,1.0216,46,0
rep2,1.0217,47,0
rep2,1.0222,48,0
rep2,1.0226,49,0
rep2,1.0241,50,0
rep2,1.0244,51,0
rep2,1.0252,52,0
rep2,1.0284,53,0
rep2,1.0295,54,0
rep2,1.0297,55,0
rep2,1.0335,56,0
rep2,1.0344,57,0
rep2,1.0345,58,0
rep2,1.0352,59,0
rep2,1.0378,60,0
rep2,1.039,61,0
rep2,1.0417,62,0
rep2,1.0422,63,0
rep2,1.0423,64,0
rep2,1.0423,65,0
rep2,1.0423,66,0
rep2,1.0424,67,0
rep2,1.0424,68,0
rep2,1.0424,69,0
rep2,1.0424,70,0
rep2,1.0424,71,0
rep2,1.0424,72,0
rep2,1.0425,73,0
rep2,1.0425,74,0
rep2,1.0425,75,0
rep2,1.0426,76,0
rep2,1.0426,77,0
rep2,1.0427,78,0
rep2,1.0427,79,0
rep2,1.0427,80,0
rep2,1.0427,81,0
rep2,1.0428,82,0
rep2,1.0428,83,0
rep2,1.0428,84,0
rep2,1.0429,85,0
rep2,1.043,86,0
rep2,1.043,87,0
rep2,1.0431,88,0
rep2,1.0431,89,0
rep2,1.0432,90,0
rep2,1.0432,91,0
rep2,1.0432,92,0
rep2,1.0432,93,0
rep2,1.0433,94,0
rep2,1.0433,95,0
rep2,1.0434,96,0
rep2,1.0435,97,0
rep2,1.0435,98,0
rep2,1.0435,99,0
rep2,1.0436,100,0
rep2,1.0436,101,0
rep2,1.0437,102,0
rep2,1.0437,103,0
rep2,1.0437,104,0
rep2,1.0438,105,0
rep2,1.0438,106,0
rep2,1.0438,107,0
rep2,1.0438,108,0
rep2,1.0439,109,0
rep2,1.0439,110,0
rep2,1.0439,111,0
rep2,1.0439,112,0
rep2,1.0439,113,0
rep2,1.044,114,0
rep2,1.0441,115,0
rep2,1.0441,116,0
rep2,1.0441,117,0
rep2,1.0441,118,0
rep2,1.0442,119,0
rep2,1.0442,120,0
rep2,1.0442,121,0
rep2,1.0443,122,0
rep2,1.0443,123,0
rep2,1.0443,124,0
rep2,1.0443,125,0
rep2,1.0444,126,0
rep2,1.0445,127,0
rep2,1.0445,128,0
rep2,1.0445,129,0
rep2,1.0445,130,0
rep2,1.0446,131,0
rep2,1.0446,132,0
rep2,1.0446,133,0
rep2,1.0446,134,0
rep2,1.0447,135,0
rep2,1.0447,136,0
rep2,1.0447,137,0
rep2,1.0448,138,0
rep2,1.0448,139,0
rep2,1.0449,140,0
rep2,1.045,141,0
rep2,1.045,142,0
rep2,1.045,143,0
rep2,1.045,144,0
rep2,1.0451,145,0
rep2,1.0451,146,0
rep2,1.0451,147,0
rep2,1.0452,148,0
rep2,1.0452,149,0
rep2,1.0452,150,0
rep2,1.0452,151,0
rep2,1.0453,152,0
rep2,1.0453,153,0
rep2,1.0454,154,0
rep2,1.0454,155,0
rep2,1.0454,156,0
rep2,1.0455,157,0
rep2,1.0455,158,0
rep2,1.0456,159,0
rep2,1.0457,160,0
rep2,1.0458,161,0
rep2,1.0458,162,0
rep2,1.0459,163,0
rep2,1.0459,164,0
rep2,1.0459,165,0
rep2,1.046,166,0
rep2,1.046,167,0
rep2,1.0461,168,0
rep2,1.0462,169,0
rep2,1.0462,170,0
rep2,1.0463,171,0
rep2,1.0464,172,0
rep2,1.0464,173,0
rep2,1.0464,174,0
rep2,1.0466,175,0
rep2,1.0466,176,0
rep2,1.0469,177,0
rep2,1.0469,178,0
rep2,1.0471,179,0
rep2,1.0472,180,0
rep2,1.0473,181,0
rep2,1.0473,182,0
rep2,1.0474,183,0
rep2,1.0474,184,0
rep2,1.0474,185,0
rep2,1.0475,186,0
rep2,1.0476,187,0
rep2,1.0477,188,0
rep2,1.0478,189,0
rep2,1.0478,190,0
rep2,1.0478,191,0
rep2,1.0478,192,0
rep2,1.0479,193,0
rep2,1.0479,194,0
rep2,1.048,195,0
rep2,1.0481,196,0
rep2,1.0481,197,0
rep2,1.0481,198,0
rep2,1.0483,199,0
rep2,1.0483,200,0
rep2,1.0485,201,0
rep2,1.0485,202,0
rep2,1.0487,203,0
rep2,1.0488,204,0
rep2,1.0488,205,0
rep2,1.0488,206,0
rep2,1.0488,207,0
rep2,1.0491,208,0
rep2,1.0491,209,0
rep2,1.0491,210,0
rep2,1.0492,211,0
rep2,1.0492,212,0
rep2,1.0493,213,0
rep2,1.0494,214,0
rep2,1.0494,215,0
rep2,1.0494,216,0
rep2,1.0494,217,0
rep2,1.0495,218,0
rep2,1.0495,219,0
rep2,1.0496,220,0
rep2,1.0496,221,0
rep2,1.0496,222,0
rep2,1.0496,223,0
rep2,1.0497,224,0
rep2,1.0497,225,0
rep2,1.0497,226,0
rep2,1.0498,227,0
rep2,1.0499,228,0
rep2,1.0499,229,0
rep2,1.05,230,0
rep2,1.0501,231,0
rep2,1.0501,232,0
rep2,1.0505,233,0
rep2,1.0505,234,0
rep2,1.0506,235,0
rep2,1.0507,236,0
rep2,1.0508,237,0
rep2,1.051,238,0
rep2,1.0511,239,0
rep2,1.0511,240,0
rep2,1.0511,241,0
rep2,1.0514,242,0
rep2,1.0515,243,0
rep2,1.0515,244,0
rep2,1.0517,245,0
rep2,1.0518,246,0
rep2,1.0518,247,0
rep2,1.0519,248,0
rep2,1.0519,249,0
rep2,1.0521,250,0
rep2,1.0521,251,0
rep2,1.0522,252,0
rep2,1.0523,253,0
rep2,1.0523,254,0
rep2,1.0523,255,0
rep2,1.0523,256,0
rep2,1.0523,257,0
rep2,1.0523,258,0
rep2,1.0525,259,0
rep2,1.0525,260,0
rep2,1.0526,261,0
rep2,1.0529,262,0
rep2,1.053,263,0
rep2,1.053,264,0
rep2,1.053,265,0
rep2,1.0531,266,0
rep2,1.0531,267,0
rep2,1.0532,268,0
rep2,1.0532,269,0
rep2,1.0533,270,0
rep2,1.0535,271,0
rep2,1.0537,272,0
rep2,1.0538,273,0
rep2,1.0538,274,0
rep2,1.0539,275,0
rep2,1.054,276,0
rep2,1.0542,277,0
rep2,1.0543,278,0
rep2,1.0544,279,0
rep2,1.0545,280,0
rep2,1.0545,281,0
rep2,1.0546,282,0
rep2,1.0546,283,0
rep2,1.0547,284,0
rep2,1.0549,285,0
rep2,1.055,286,0
rep2,1.055,287,0
rep2,1.0551,288,0
rep2,1.0552,289,0
rep2,1.0552,290,0
rep2,1.0554,291,0
rep2,1.0555,292,0
rep2,1.0557,293,0
rep2,1.0559,294,0
rep2,1.0561,295,0
rep2,1.0562,296,0
rep2,1.0562,297,0
rep2,1.0563,298,0
rep2,1.0564,299,0
rep2,1.0565,300,0
rep2,1.0566,301,0
rep2,1.0566,302,0
rep2,1.0569,303,0
rep2,1.0573,304,0
rep2,1.0574,305,0
rep2,1.0575,306,0
rep2,1.0576,307,0
rep2,1.0576,308,0
rep2,1.0577,309,0
rep2,1.0581,310,0
rep2,1.0582,311,0
rep2,1.0583,312,0
rep2,1.0586,313,0
rep2,1.0588,314,0
rep2,1.0591,315,0
rep2,1.0592,316,0
rep2,1.0593,317,0
rep2,1.0593,318,0
rep2,1.0594,319,0
rep2,1.0599,320,0
rep2,1.06,321,0
rep2,1.0601,322,0
rep2,1.0602,323,0
rep2,1.0602,324,0
rep2,1.0606,325,0
rep2,1.0609,326,0
rep2,1.061,327,0
rep2,1.0613,328,0
rep2,1.0615,329,0
rep2,1.0617,330,0
rep2,1.0618,331,0
rep2,1.0623,332,0
rep2,1.0625,333,0
rep2,1.0627,334,0
rep2,1.0628,335,0
rep2,1.0636,336,0
rep2,1.0636,337,0
rep2,1.0639,338,0
rep2,1.0641,339,0
rep2,1.0641,340,0
rep2,1.0642,341,0
rep2,1.0644,342,0
rep2,1.0646,343,0
rep2,1.0649,344,0
rep2,1.0652,345,0
rep2,1.0653,346,0
rep2,1.0658,347,0
rep2,1.0658,348,0
rep2,1.066,349,0
rep2,1.066,350,0
rep2,1.0662,351,0
rep2,1.0665,352,0
rep2,1.0665,353,0
rep2,1.0666,354,0
rep2,1.0669,355,0
rep2,1.0671,356,0
rep2,1.0672,357,0
rep2,1.0672,358,0
rep2,1.0677,359,0
rep2,1.0678,360,0
rep2,1.0679,361,0
rep2,1.068,362,0
rep2,1.068,363,0
rep2,1.069,364,0
rep2,1.0693,365,0
rep2,1.0694,366,0
rep2,1.0699,367,0
rep2,1.0703,368,0
rep2,1.0704,369,0
rep2,1.0705,370,0
rep2,1.0705,371,0
rep2,1.0709,372,0
rep2,1.0715,373,0
rep2,1.0717,374,0
rep2,1.072,375,0
rep2,1.0725,376,0
rep2,1.073,377,0
rep2,1.0731,378,0
rep2,1.0736,379,0
rep2,1.0739,380,0
rep2,1.0741,381,0
rep2,1.0745,382,0
rep2,1.0749,383,0
rep2,1.0749,384,0
rep2,1.0751,385,0
rep2,1.0752,386,0
rep2,1.0757,387,0
rep2,1.0757,388,0
rep2,1.0758,389,0
rep2,1.0758,390,0
rep2,1.0759,391,0
rep2,1.0759,392,0
rep2,1.076,393,0
rep2,1.0762,394,0
rep2,1.0763,395,0
rep2,1.0764,396,0
rep2,1.0764,397,0
rep2,1.0765,398,0
rep2,1.0765,399,0
rep2,1.0766,400,0
rep2,1.0766,401,0
rep2,1.0766,402,0
rep2,1.0767,403,0
rep2,1.0767,404,0
rep2,1.0767,405,0
rep2,1.0768,406,0
rep2,1.0768,407,0
rep2,1.0768,408,0
rep2,1.0769,409,0
rep2,1.0769,410,0
rep2,1.0771,411,0
rep2,1.0771,412,0
rep2,1.0772,413,0
rep2,1.0772,414,0
rep2,1.0772,415,0
rep2,1.0774,416,0
rep2,1.0776,417,0
rep2,1.0776,418,0
rep2,1.0776,419,0
rep2,1.0777,420,0
rep2,1.0777,421,0
rep2,1.0778,422,0
rep2,1.0778,423,0
rep2,1.0779,424,0
rep2,1.0779,425,0
rep2,1.0779,426,0
rep2,1.078,427,0
rep2,1.0781,428,0
rep2,1.0782,429,0
rep2,1.0783,430,0
rep2,1.0785,431,0
rep2,1.0788,432,0
rep2,1.0788,433,0
rep2,1.0789,434,0
rep2,1.0791,435,0
rep2,1.0791,436,0
rep2,1.0792,437,0
rep2,1.0793,438,0
rep2,1.0793,439,0
rep2,1.0793,440,0
rep2,1.0793,441,0
rep2,1.0793,442,0
rep2,1.0794,443,0
rep2,1.0798,444,0
rep2,1.0799,445,0
rep2,1.08,446,0
rep2,1.0803,447,0
rep2,1.0804,448,0
rep2,1.0804,449,0
rep2,1.0804,450,0
rep2,1.0807,451,0
rep2,1.0808,452,0
rep2,1.0808,453,0
rep2,1.0811,454,0
rep2,1.0812,455,0
rep2,1.0812,456,0
rep2,1.0812,457,0
rep2,1.0815,458,0
rep2,1.0817,459,0
rep2,1.0817,460,0
rep2,1.0818,461,0
rep2,1.082,462,0
rep2,1.082,463,0
rep2,1.082,464,0
rep2,1.0821,465,0
rep2,1.0822,466,0
rep2,1.0823,467,0
rep2,1.0825,468,0
rep2,1.0826,469,0
rep2,1.0826,470,0
rep2,1.0827,471,0
rep2,1.0832,472,0
rep2,1.0833,473,0
rep2,1.0837,474,0
rep2,1.0837,475,0
rep2,1.0838,476,0
rep2,1.0838,477,0
rep2,1.0838,478,0
rep2,1.0838,479,0
rep2,1.0839,480,0
rep2,1.0839,481,0
rep2,1.084,482,0
rep2,1.084,483,0
rep2,1.084,484,0
rep2,1.0841,485,0
rep2,1.0842,486,0
rep2,1.0843,487,0
rep2,1.0843,488,0
rep2,1.0843,489,0
rep2,1.0846,490,0
rep2,1.0846,491,0
rep2,1.0847,492,0
rep2,1.0847,493,0
rep2,1.085,494,0
rep2,1.0853,495,0
rep2,1.0853,496,0
rep2,1.0855,497,0
rep2,1.0862,498,0
rep2,1.0866,499,0
rep2,1.0871,500,0
rep2,1.0871,501,0
rep2,1.0874,502,0
rep2,1.0874,503,0
rep2,1.0874,504,0
rep2,1.0874,505,0
rep2,1.0877,506,0
rep2,1.0879,507,0
rep2,1.0881,508,0
rep2,1.0882,509,0
rep2,1.0882,510,0
rep2,1.0883,511,0
rep2,1.0886,512,0
rep2,1.0887,513,0
rep2,1.0888,514,0
rep2,1.0889,515,0
rep2,1.089,516,0
rep2,1.0894,517,0
rep2,1.0894,518,0
rep2,1.0895,519,0
rep2,1.0899,520,0
rep2,1.0901,521,0
rep2,1.0907,522,0
rep2,1.0908,523,0
rep2,1.091,524,0
rep2,1.091,525,0
rep2,1.091,526,0
rep2,1.0912,527,0
rep2,1.0913,528,0
rep2,1.0914,529,0
rep2,1.0914,530,0
rep2,1.0915,531,0
rep2,1.0915,532,0
rep2,1.0918,533,0
rep2,1.0918,534,0
rep2,1.0919,535,0
rep2,1.0921,536,0
rep2,1.0924,537,0
rep2,1.0927,538,0
rep2,1.0933,539,0
rep2,1.0933,540,0
rep2,1.0934,541,0
rep2,1.0934,542,0
rep2,1.0935,543,0
rep2,1.0936,544,0
rep2,1.0937,545,0
rep2,1.0938,546,0
rep2,1.094,547,0
rep2,1.0945,548,0
rep2,1.0945,549,0
rep2,1.0946,550,0
rep2,1.0947,551,0
rep2,1.095,552,0
rep2,1.0951,553,0
rep2,1.0951,554,0
rep2,1.0952,555,0
rep2,1.0953,556,0
rep2,1.0958,557,0
rep2,1.096,558,0
rep2,1.0963,559,0
rep2,1.0964,560,0
rep2,1.0967,561,0
rep2,1.0971,562,0
rep2,1.0975,563,0
rep2,1.0978,564,0
rep2,1.0982,565,0
rep2,1.0983,566,0
rep2,1.0986,567,0
rep2,1.0991,568,0
rep2,1.0993,569,0
rep2,1.0995,570,0
rep2,1.1001,571,0
rep2,1.1005,572,0
rep2,1.1011,573,0
rep2,1.1013,574,0
rep2,1.1013,575,0
rep2,1.1013,576,0
rep2,1.1014,577,0
rep2,1.1019,578,0
rep2,1.1021,579,0
rep2,1.1024,580,0
rep2,1.1024,581,0
rep2,1.1026,582,0
rep2,1.1028,583,0
rep2,1.103,584,0
rep2,1.1032,585,0
rep2,1.1033,586,0
rep2,1.1035,587,0
rep2,1.1051,588,0
rep2,1.1053,589,0
rep2,1.1053,590,0
rep2,1.1057,591,0
rep2,1.1057,592,0
rep2,1.1059,593,0
rep2,1.1059,594,0
rep2,1.1061,595,0
rep2,1.1062,596,0
rep2,1.1063,597,0
rep2,1.1065,598,0
rep2,1.1073,599,0
rep2,1.1074,600,0
rep2,1.108,601,0
rep2,1.108,602,0
rep2,1.1081,603,0
rep2,1.1084,604,0
rep2,1.1086,605,0
rep2,1.1087,606,0
rep2,1.1088,607,0
rep2,1.1091,608,0
rep2,1.1092,609,0
rep2,1.1092,610,0
rep2,1.1093,611,0
rep2,1.1095,612,0
rep2,1.1097,613,0
rep2,1.1097,614,0
rep2,1.1098,615,0
rep2,1.1098,616,0
rep2,1.1099,617,0
rep2,1.1099,618,0
rep2,1.11,619,0
rep2,1.1102,620,0
rep2,1.1103,621,0
rep2,1.1104,622,0
rep2,1.1108,623,0
rep2,1.1108,624,0
rep2,1.1108,625,0
rep2,1.1111,626,0
rep2,1.1111,627,0
rep2,1.1111,628,0
rep2,1.1112,629,0
rep2,1.1112,630,0
rep2,1.1114,631,0
rep2,1.1115,632,0
rep2,1.1115,633,0
rep2,1.1116,634,0
rep2,1.1117,635,0
rep2,1.1118,636,0
rep2,1.1118,637,0
rep2,1.1118,638,0
rep2,1.1124,639,0
rep2,1.1124,640,0
rep2,1.1125,641,0
rep2,1.1125,642,0
rep2,1.1126,643,0
rep2,1.1128,644,0
rep2,1.113,645,0
rep2,1.1131,646,0
rep2,1.1133,647,0
rep2,1.1135,648,0
rep2,1.1137,649,0
rep2,1.1139,650,0
rep2,1.1139,651,0
rep2,1.114,652,0
rep2,1.1142,653,0
rep2,1.1142,654,0
rep2,1.1143,655,0
rep2,1.1145,656,0
rep2,1.1145,657,0
rep2,1.1146,658,0
rep2,1.115,659,0
rep2,1.1152,660,0
rep2,1.1152,661,0
rep2,1.1153,662,0
rep2,1.1153,663,0
rep2,1.1154,664,0
rep2,1.1155,665,0
rep2,1.1155,666,0
rep2,1.1157,667,0
rep2,1.1158,668,0
rep2,1.116,669,0
rep2,1.1161,670,0
rep2,1.1163,671,0
rep2,1.1165,672,0
rep2,1.1165,673,0
rep2,1.1167,674,0
rep2,1.1169,675,0
rep2,1.1175,676,0
rep2,1.1178,677,0
rep2,1.1181,678,0
rep2,1.1181,679,0
rep2,1.1182,680,0
rep2,1.1186,681,0
rep2,1.1188,682,0
rep2,1.1189,683,0
rep2,1.1191,684,0
rep2,1.1192,685,0
rep2,1.1192,686,0
rep2,1.1195,687,0
rep2,1.1196,688,0
rep2,1.1196,689,0
rep2,1.1196,690,0
rep2,1.1196,691,0
rep2,1.1197,692,0
rep2,1.1198,693,0
rep2,1.12,694,0
rep2,1.12,695,0
rep2,1.1203,696,0
rep2,1.1204,697,0
rep2,1.1208,698,0
rep2,1.1208,699,0
rep2,1.1212,700,0
rep2,1.1212,701,0
rep2,1.1213,702,0
rep2,1.1215,703,0
rep2,1.1216,704,0
rep2,1.1216,705,0
rep2,1.1217,706,0
rep2,1.1217,707,0
rep2,1.1218,708,0
rep2,1.1222,709,0
rep2,1.1223,710,0
rep2,1.1225,711,0
rep2,1.1229,712,0
rep2,1.1229,713,0
rep2,1.123,714,0
rep2,1.1231,715,0
rep2,1.1231,716,0
rep2,1.1233,717,0
rep2,1.1233,718,0
rep2,1.1234,719,0
rep2,1.1238,720,0
rep2,1.1241,721,0
rep2,1.1242,722,0
rep2,1.1243,723,0
rep2,1.1244,724,0
rep2,1.1247,725,0
rep2,1.1249,726,0
rep2,1.1252,727,0
rep2,1.1254,728,0
rep2,1.1256,729,0
rep2,1.1256,730,0
rep2,1.1258,731,0
rep2,1.126,732,0
rep2,1.126,733,0
rep2,1.1261,734,0
rep2,1.1263,735,0
rep2,1.1265,736,0
rep2,1.1268,737,0
rep2,1.1268,738,0
rep2,1.1269,739,0
rep2,1.1277,740,0
rep2,1.1278,741,0
rep2,1.128,742,0
rep2,1.1285,743,0
rep2,1.1286,744,0
rep2,1.1289,745,0
rep2,1.1289,746,0
rep2,1.129,747,0
rep2,1.129,748,0
rep2,1.1296,749,0
rep2,1.1307,750,0
rep2,1.1307,751,0
rep2,1.1307,752,0
rep2,1.1308,753,0
rep2,1.1309,754,0
rep2,1.131,755,0
rep2,1.131,756,0
rep2,1.1311,757,0
rep2,1.1311,758,0
rep2,1.1313,759,0
rep2,1.1314,760,0
rep2,1.1317,761,0
rep2,1.1317,762,0
rep2,1.1319,763,0
rep2,1.1324,764,0
rep2,1.1325,765,0
rep2,1.1327,766,0
rep2,1.133,767,0
rep2,1.133,768,0
rep2,1.1333,769,0
rep2,1.1334,770,0
rep2,1.1335,771,0
rep2,1.1337,772,0
rep2,1.1338,773,0
rep2,1.134,774,0
rep2,1.1341,775,0
rep2,1.1344,776,0
rep2,1.135,777,0
rep2,1.1351,778,0
rep2,1.1351,779,0
rep2,1.1351,780,0
rep2,1.1354,781,0
rep2,1.1359,782,0
rep2,1.1359,783,0
rep2,1.1362,784,0
rep2,1.1363,785,0
rep2,1.1364,786,0
rep2,1.1373,787,0
rep2,1.1375,788,0
rep2,1.1383,789,0
rep2,1.1385,790,0
rep2,1.1388,791,0
rep2,1.1389,792,0
rep2,1.1404,793,0
rep2,1.1407,794,0
rep2,1.1407,795,0
rep2,1.1408,796,0
rep2,1.1409,797,0
rep2,1.141,798,0
rep2,1.1412,799,0
rep2,1.1415,800,0
rep2,1.1416,801,0
rep2,1.1416,802,0
rep2,1.1419,803,0
rep2,1.1421,804,0
rep2,1.1423,805,0
rep2,1.1428,806,0
rep2,1.1428,807,0
rep2,1.1429,808,0
rep2,1.143,809,0
rep2,1.1431,810,0
rep2,1.1432,811,0
rep2,1.1433,812,0
rep2,1.1434,813,0
rep2,1.1435,814,0
rep2,1.1437,815,0
rep2,1.1439,816,0
rep2,1.144,817,0
rep2,1.1442,818,0
rep2,1.1442,819,0
rep2,1.1445,820,0
rep2,1.1446,821,0
rep2,1.1446,822,0
rep2,1.1447,823,0
rep2,1.1448,824,0
rep2,1.1451,825,0
rep2,1.1451,826,0
rep2,1.1453,827,0
rep2,1.1454,828,0
rep2,1.1456,829,0
rep2,1.1456,830,0
rep2,1.1459,831,0
rep2,1.146,832,0
rep2,1.146,833,0
rep2,1.146,834,0
rep2,1.1462,835,0
rep2,1.1464,836,0
rep2,1.1467,837,0
rep2,1.1467,838,0
rep2,1.1468,839,0
rep2,1.1471,840,0
rep2,1.1473,841,0
rep2,1.1473,842,0
rep2,1.1474,843,0
rep2,1.1475,844,0
rep2,1.1476,845,0
rep2,1.1477,846,0
rep2,1.148,847,0
rep2,1.1481,848,0
rep2,1.1483,849,0
rep2,1.1484,850,0
rep2,1.1484,851,0
rep2,1.1485,852,0
rep2,1.1485,853,0
rep2,1.1486,854,0
rep2,1.1486,855,0
rep2,1.1488,856,0
rep2,1.1489,857,0
rep2,1.149,858,0
rep2,1.149,859,0
rep2,1.1491,860,0
rep2,1.1492,861,0
rep2,1.1492,862,0
rep2,1.1492,863,0
rep2,1.1494,864,0
rep2,1.1497,865,0
rep2,1.15,866,0
rep2,1.1501,867,0
rep2,1.1502,868,0
rep2,1.1504,869,0
rep2,1.1505,870,0
rep2,1.1506,871,0
rep2,1.1507,872,0
rep2,1.1507,873,0
rep2,1.1512,874,0
rep2,1.1514,875,0
rep2,1.1515,876,0
rep2,1.1519,877,0
rep2,1.152,878,0
rep2,1.1522,879,0
rep2,1.1522,880,0
rep2,1.1523,881,0
rep2,1.1527,882,0
rep2,1.1528,883,0
rep2,1.1533,884,0
rep2,1.1535,885,0
rep2,1.1538,886,0
rep2,1.1538,887,0
rep2,1.1539,888,0
rep2,1.154,889,0
rep2,1.1541,890,0
rep2,1.1543,891,0
rep2,1.1546,892,0
rep2,1.1546,893,0
rep2,1.1549,894,0
rep2,1.155,895,0
rep2,1.1551,896,0
rep2,1.1552,897,0
rep2,1.1552,898,0
rep2,1.1553,899,0
rep2,1.1554,900,0
rep2,1.1559,901,0
rep2,1.1561,902,0
rep2,1.1562,903,0
rep2,1.1564,904,0
rep2,1.1564,905,0
rep2,1.1566,906,0
rep2,1.1568,907,0
rep2,1.157,908,0
rep2,1.1572,909,0
rep2,1.1573,910,0
rep2,1.1574,911,0
rep2,1.1574,912,0
rep2,1.1574,913,0
rep2,1.1577,914,0
rep2,1.1578,915,0
rep2,1.1579,916,0
rep2,1.1579,917,0
rep2,1.158,918,0
rep2,1.1582,919,0
rep2,1.1582,920,0
rep2,1.1583,921,0
rep2,1.1584,922,0
rep2,1.1588,923,0
rep2,1.1589,924,0
rep2,1.1592,925,0
rep2,1.1592,926,0
rep2,1.1593,927,0
rep2,1.1594,928,0
rep2,1.1594,929,0
rep2,1.1595,930,0
rep2,1.1596,931,0
rep2,1.1597,932,0
rep2,1.1597,933,0
rep2,1.1598,934,0
rep2,1.1604,935,0
rep2,1.1604,936,0
rep2,1.1605,937,0
rep2,1.1607,938,0
rep2,1.1611,939,0
rep2,1.1611,940,0
rep2,1.1615,941,0
rep2,1.1618,942,0
rep2,1.1619,943,0
rep2,1.162,944,0
rep2,1.1622,945,0
rep2,1.1623,946,0
rep2,1.1627,947,0
rep2,1.163,948,0
rep2,1.1631,949,0
rep2,1.1632,950,0
rep2,1.1632,951,0
rep2,1.1636,952,0
rep2,1.1638,953,0
rep2,1.1638,954,0
rep2,1.1644,955,0
rep2,1.1644,956,0
rep2,1.1645,957,0
rep2,1.1647,958,0
rep2,1.1648,959,0
rep2,1.1648,960,0
rep2,1.1649,961,0
rep2,1.1652,962,0
rep2,1.1653,963,0
rep2,1.1659,964,0
rep2,1.166,965,0
rep2,1.1661,966,0
rep2,1.1662,967,0
rep2,1.1662,968,0
rep2,1.1664,969,0
rep2,1.1667,970,0
rep2,1.167,971,0
rep2,1.1671,972,0
rep2,1.1672,973,0
rep2,1.1675,974,0
rep2,1.1675,975,0
rep2,1.1676,976,0
rep2,1.1676,977,0
rep2,1.1679,978,0
rep2,1.1682,979,0
rep2,1.1697,980,0
rep2,1.1697,981,0
rep2,1.1702,982,0
rep2,1.1702,983,0
rep2,1.1702,984,0
rep2,1.1702,985,0
rep2,1.1704,986,0
rep2,1.1719,987,0
rep2,1.1721,988,0
rep2,1.1724,989,0
rep2,1.1726,990,0
rep2,1.1726,991,0
rep2,1.1728,992,0
rep2,1.173,993,0
rep2,1.1738,994,0
rep2,1.1739,995,0
rep2,1.1743,996,0
rep2,1.1743,997,0
rep2,1.1745,998,0
rep2,1.1746,999,0
rep2,1.1761,1000,0
rep2,1.1763,1001,0
rep2,1.1763,1002,0
rep2,1.1766,1003,0
rep2,1.177,1004,0
rep2,1.1771,1005,0
rep2,1.1773,1006,0
rep2,1.1775,1007,0
rep2,1.1777,1008,0
rep2,1.1781,1009,0
rep2,1.1781,1010,0
rep2,1.1783,1011,0
rep2,1.1787,1012,0
rep2,1.1788,1013,0
rep2,1.179,1014,0
rep2,1.1791,1015,0
rep2,1.1792,1016,0
rep2,1.1796,1017,0
rep2,1.1798,1018,0
rep2,1.1798,1019,0
rep2,1.1803,1020,0
rep2,1.1806,1021,0
rep2,1.1807,1022,0
rep2,1.1808,1023,0
rep2,1.1809,1024,0
rep2,1.181,1025,0
rep2,1.1811,1026,0
rep2,1.1812,1027,0
rep2,1.1813,1028,0
rep2,1.1813,1029,0
rep2,1.1813,1030,0
rep2,1.1813,1031,0
rep2,1.1818,1032,0
rep2,1.1819,1033,0
rep2,1.1822,1034,0
rep2,1.1826,1035,0
rep2,1.1826,1036,0
rep2,1.1827,1037,0
rep2,1.1827,1038,0
rep2,1.1827,1039,0
rep2,1.1829,1040,0
rep2,1.1832,1041,0
rep2,1.1834,1042,0
rep2,1.1839,1043,0
rep2,1.184,1044,0
rep2,1.1844,1045,0
rep2,1.1848,1046,0
rep2,1.1848,1047,0
rep2,1.1849,1048,0
rep2,1.185,1049,0
rep2,1.185,1050,0
rep2,1.1852,1051,0
rep2,1.1853,1052,0
rep2,1.1854,1053,0
rep2,1.1857,1054,0
rep2,1.186,1055,0
rep2,1.1863,1056,0
rep2,1.1865,1057,0
rep2,1.1869,1058,0
rep2,1.187,1059,0
rep2,1.1871,1060,0
rep2,1.1875,1061,0
rep2,1.1877,1062,0
rep2,1.1878,1063,0
rep2,1.1883,1064,0
rep2,1.1884,1065,0
rep2,1.1884,1066,0
rep2,1.1885,1067,0
rep2,1.1886,1068,0
rep2,1.1887,1069,0
rep2,1.189,1070,0
rep2,1.1892,1071,0
rep2,1.1893,1072,0
rep2,1.1897,1073,0
rep2,1.1898,1074,0
rep2,1.1899,1075,0
rep2,1.1902,1076,0
rep2,1.1903,1077,0
rep2,1.1905,1078,0
rep2,1.1905,1079,0
rep2,1.1908,1080,0
rep2,1.1913,1081,0
rep2,1.1914,1082,0
rep2,1.1914,1083,0
rep2,1.1917,1084,0
rep2,1.1917,1085,0
rep2,1.1919,1086,0
rep2,1.192,1087,0
rep2,1.1921,1088,0
rep2,1.1922,1089,0
rep2,1.1922,1090,0
rep2,1.1922,1091,0
rep2,1.1923,1092,0
rep2,1.1923,1093,0
rep2,1.1926,1094,0
rep2,1.1931,1095,0
rep2,1.1933,1096,0
rep2,1.1937,1097,0
rep2,1.1937,1098,0
rep2,1.194,1099,0
rep2,1.1943,1100,0
rep2,1.1944,1101,0
rep2,1.1951,1102,0
rep2,1.1952,1103,0
rep2,1.1952,1104,0
rep2,1.1954,1105,0
rep2,1.1954,1106,0
rep2,1.1957,1107,0
rep2,1.1958,1108,0
rep2,1.1959,1109,0
rep2,1.1961,1110,0
rep2,1.1963,1111,0
rep2,1.1964,1112,0
rep2,1.1965,1113,0
rep2,1.1969,1114,0
rep2,1.197,1115,0
rep2,1.1971,1116,0
rep2,1.1972,1117,0
rep2,1.1976,1118,0
rep2,1.198,1119,0
rep2,1.1981,1120,0
rep2,1.1984,1121,0
rep2,1.1984,1122,0
rep2,1.1986,1123,0
rep2,1.1989,1124,0
rep2,1.1997,1125,0
rep2,1.2,1126,0
rep2,1.2001,1127,0
rep2,1.2003,1128,0
rep2,1.2003,1129,0
rep2,1.201,1130,0
rep2,1.201,1131,0
rep2,1.2013,1132,0
rep2,1.2013,1133,0
rep2,1.2015,1134,0
rep2,1.2017,1135,0
rep2,1.2021,1136,0
rep2,1.2021,1137,0
rep2,1.2026,1138,0
rep2,1.2026,1139,0
rep2,1.2027,1140,0
rep2,1.2028,1141,0
rep2,1.2037,1142,0
rep2,1.2039,1143,0
rep2,1.2045,1144,0
rep2,1.2048,1145,0
rep2,1.2049,1146,0
rep2,1.2053,1147,0
rep2,1.2057,1148,0
rep2,1.206,1149,0
rep2,1.206,1150,0
rep2,1.206,1151,0
rep2,1.2061,1152,0
rep2,1.2061,1153,0
rep2,1.2063,1154,0
rep2,1.2063,1155,0
rep2,1.2068,1156,0
rep2,1.2069,1157,0
rep2,1.2074,1158,0
rep2,1.2077,1159,0
rep2,1.2078,1160,0
rep2,1.2082,1161,0
rep2,1.2085,1162,0
rep2,1.2086,1163,0
rep2,1.2091,1164,0
rep2,1.2091,1165,0
rep2,1.2093,1166,0
rep2,1.2093,1167,0
rep2,1.2093,1168,0
rep2,1.2094,1169,0
rep2,1.2094,1170,0
rep2,1.2096,1171,0
rep2,1.2097,1172,0
rep2,1.2098,1173,0
rep2,1.2099,1174,0
rep2,1.21,1175,0
rep2,1.2104,1176,0
rep2,1.2107,1177,0
rep2,1.2107,1178,0
rep2,1.2108,1179,0
rep2,1.2109,1180,0
rep2,1.2109,1181,0
rep2,1.2111,1182,0
rep2,1.2113,1183,0
rep2,1.2116,1184,0
rep2,1.2117,1185,0
rep2,1.2118,1186,0
rep2,1.2119,1187,0
rep2,1.2119,1188,0
rep2,1.212,1189,0
rep2,1.2123,1190,0
rep2,1.2124,1191,0
rep2,1.2125,1192,0
rep2,1.2126,1193,0
rep2,1.2127,1194,0
rep2,1.2127,1195,0
rep2,1.2127,1196,0
rep2,1.213,1197,0
rep2,1.213,1198,0
rep2,1.2131,1199,0
rep2,1.2132,1200,0
rep2,1.2132,1201,0
rep2,1.2132,1202,0
rep2,1.2133,1203,0
rep2,1.2133,1204,0
rep2,1.2137,1205,0
rep2,1.214,1206,0
rep2,1.2143,1207,0
rep2,1.2145,1208,0
rep2,1.2152,1209,0
rep2,1.2158,1210,0
rep2,1.2158,1211,0
rep2,1.2158,1212,0
rep2,1.2159,1213,0
rep2,1.216,1214,0
rep2,1.2162,1215,0
rep2,1.2168,1216,0
rep2,1.2174,1217,0
rep2,1.2178,1218,0
rep2,1.2178,1219,0
rep2,1.2179,1220,0
rep2,1.218,1221,0
rep2,1.2181,1222,0
rep2,1.2183,1223,0
rep2,1.2186,1224,0
rep2,1.219,1225,0
rep2,1.2191,1226,0
rep2,1.2191,1227,0
rep2,1.2192,1228,0
rep2,1.2195,1229,0
rep2,1.2197,1230,0
rep2,1.2203,1231,0
rep2,1.2204,1232,0
rep2,1.2206,1233,0
rep2,1.2206,1234,0
rep2,1.2207,1235,0
rep2,1.2211,1236,0
rep2,1.2211,1237,0
rep2,1.2213,1238,0
rep2,1.2215,1239,0
rep2,1.2216,1240,0
rep2,1.2216,1241,0
rep2,1.2218,1242,0
rep2,1.2221,1243,0
rep2,1.2221,1244,0
rep2,1.2222,1245,0
rep2,1.2224,1246,0
rep2,1.2225,1247,0
rep2,1.2226,1248,0
rep2,1.2226,1249,0
rep2,1.2231,1250,0
rep2,1.2233,1251,0
rep2,1.2234,1252,0
rep2,1.2236,1253,0
rep2,1.2238,1254,0
rep2,1.2241,1255,0
rep2,1.2243,1256,0
rep2,1.2245,1257,0
rep2,1.2246,1258,0
rep2,1.2246,1259,0
rep2,1.2247,1260,0
rep2,1.2251,1261,0
rep2,1.2258,1262,0
rep2,1.2259,1263,0
rep2,1.2261,1264,0
rep2,1.2261,1265,0
rep2,1.2266,1266,0
rep2,1.2268,1267,0
rep2,1.227,1268,0
rep2,1.2273,1269,0
rep2,1.2277,1270,0
rep2,1.228,1271,0
rep2,1.228,1272,0
rep2,1.2281,1273,0
rep2,1.2283,1274,0
rep2,1.2283,1275,0
rep2,1.2284,1276,0
rep2,1.2286,1277,0
rep2,1.2288,1278,0
rep2,1.2288,1279,0
rep2,1.2289,1280,0
rep2,1.2297,1281,0
rep2,1.2298,1282,0
rep2,1.23,1283,0
rep2,1.2301,1284,0
rep2,1.2301,1285,0
rep2,1.2303,1286,0
rep2,1.2306,1287,0
rep2,1.2306,1288,0
rep2,1.2308,1289,0
rep2,1.2308,1290,0
rep2,1.2309,1291,0
rep2,1.231,1292,0
rep2,1.2311,1293,0
rep2,1.2312,1294,0
rep2,1.2313,1295,0
rep2,1.2313,1296,0
rep2,1.2318,1297,0
rep2,1.232,1298,0
rep2,1.232,1299,0
rep2,1.232,1300,0
rep2,1.2321,1301,0
rep2,1.2323,1302,0
rep2,1.2327,1303,0
rep2,1.2332,1304,0
rep2,1.2333,1305,0
rep2,1.2333,1306,0
rep2,1.2333,1307,0
rep2,1.2333,1308,0
rep2,1.2335,1309,0
rep2,1.2335,1310,0
rep2,1.2338,1311,0
rep2,1.2341,1312,0
rep2,1.2342,1313,0
rep2,1.2343,1314,0
rep2,1.2345,1315,0
rep2,1.2347,1316,0
rep2,1.2347,1317,0
rep2,1.2348,1318,0
rep2,1.2349,1319,0
rep2,1.2349,1320,0
rep2,1.2351,1321,0
rep2,1.2355,1322,0
rep2,1.237,1323,0
rep2,1.2372,1324,0
rep2,1.2372,1325,0
rep2,1.2373,1326,0
rep2,1.2376,1327,0
rep2,1.2378,1328,0
rep2,1.2378,1329,0
rep2,1.2378,1330,0
rep2,1.2378,1331,0
rep2,1.2385,1332,0
rep2,1.2385,1333,0
rep2,1.2387,1334,0
rep2,1.239,1335,0
rep2,1.2395,1336,0
rep2,1.2396,1337,0
rep2,1.2398,1338,0
rep2,1.2401,1339,0
rep2,1.2403,1340,0
rep2,1.2404,1341,0
rep2,1.2407,1342,0
rep2,1.2407,1343,0
rep2,1.2408,1344,0
rep2,1.2408,1345,0
rep2,1.2409,1346,0
rep2,1.241,1347,0
rep2,1.2412,1348,0
rep2,1.2413,1349,0
rep2,1.2417,1350,0
rep2,1.2419,1351,0
rep2,1.2419,1352,0
rep2,1.2421,1353,0
rep2,1.2421,1354,0
rep2,1.2424,1355,0
rep2,1.2424,1356,0
rep2,1.2428,1357,0
rep2,1.2429,1358,0
rep2,1.2431,1359,0
rep2,1.2433,1360,0
rep2,1.2435,1361,0
rep2,1.2436,1362,0
rep2,1.2437,1363,0
rep2,1.2441,1364,0
rep2,1.2442,1365,0
rep2,1.2443,1366,0
rep2,1.2443,1367,0
rep2,1.2445,1368,0
rep2,1.2452,1369,0
rep2,1.2457,1370,0
rep2,1.2461,1371,0
rep2,1.2462,1372,0
rep2,1.2462,1373,0
rep2,1.2462,1374,0
rep2,1.2464,1375,0
rep2,1.2465,1376,0
rep2,1.2466,1377,0
rep2,1.2466,1378,0
rep2,1.2469,1379,0
rep2,1.2471,1380,0
rep2,1.2475,1381,0
rep2,1.2476,1382,0
rep2,1.2477,1383,0
rep2,1.2478,1384,0
rep2,1.2482,1385,0
rep2,1.2488,1386,0
rep2,1.249,1387,0
rep2,1.249,1388,0
rep2,1.2491,1389,0
rep2,1.2493,1390,0
rep2,1.2494,1391,0
rep2,1.2496,1392,0
rep2,1.2497,1393,0
rep2,1.2497,1394,0
rep2,1.2498,1395,0
rep2,1.25,1396,0
rep2,1.25,1397,0
rep2,1.2506,1398,0
rep2,1.2509,1399,0
rep2,1.2512,1400,0
rep2,1.2514,1401,0
rep2,1.2515,1402,0
rep2,1.2515,1403,0
rep2,1.2521,1404,0
rep2,1.2523,1405,0
rep2,1.2523,1406,0
rep2,1.2524,1407,0
rep2,1.2525,1408,0
rep2,1.2526,1409,0
rep2,1.253,1410,0
rep2,1.2533,1411,0
rep2,1.2535,1412,0
rep2,1.2538,1413,0
rep2,1.2538,1414,0
rep2,1.2539,1415,0
rep2,1.254,1416,0
rep2,1.2541,1417,0
rep2,1.2543,1418,0
rep2,1.2548,1419,0
rep2,1.255,1420,0
rep2,1.2552,1421,0
rep2,1.2553,1422,0
rep2,1.2554,1423,0
rep2,1.2555,1424,0
rep2,1.2558,1425,0
rep2,1.2559,1426,0
rep2,1.2559,1427,0
rep2,1.256,1428,0
rep2,1.2561,1429,0
rep2,1.2562,1430,0
rep2,1.2563,1431,0
rep2,1.2567,1432,0
rep2,1.2571,1433,0
rep2,1.2571,1434,0
rep2,1.2572,1435,0
rep2,1.2572,1436,0
rep2,1.2573,1437,0
rep2,1.2575,1438,0
rep2,1.2577,1439,0
rep2,1.2583,1440,0
rep2,1.2585,1441,0
rep2,1.2586,1442,0
rep2,1.2586,1443,0
rep2,1.259,1444,0
rep2,1.2592,1445,0
rep2,1.2592,1446,0
rep2,1.2594,1447,0
rep2,1.2597,1448,0
rep2,1.2599,1449,0
rep2,1.2599,1450,0
rep2,1.2599,1451,0
rep2,1.2602,1452,0
rep2,1.2606,1453,0
rep2,1.2608,1454,0
rep2,1.261,1455,0
rep2,1.2611,1456,0
rep2,1.2611,1457,0
rep2,1.2612,1458,0
rep2,1.2613,1459,0
rep2,1.2613,1460,0
rep2,1.2618,1461,0
rep2,1.2619,1462,0
rep2,1.2623,1463,0
rep2,1.2624,1464,0
rep2,1.2625,1465,0
rep2,1.2625,1466,0
rep2,1.2626,1467,0
rep2,1.2629,1468,0
rep2,1.2633,1469,0
rep2,1.2634,1470,0
rep2,1.2638,1471,0
rep2,1.2646,1472,0
rep2,1.2651,1473,0
rep2,1.2651,1474,0
rep2,1.2653,1475,0
rep2,1.2657,1476,0
rep2,1.2659,1477,0
rep2,1.2662,1478,0
rep2,1.2667,1479,0
rep2,1.2669,1480,0
rep2,1.2672,1481,0
rep2,1.2674,1482,0
rep2,1.2674,1483,0
rep2,1.2677,1484,0
rep2,1.2679,1485,0
rep2,1.2681,1486,0
rep2,1.2687,1487,0
rep2,1.2688,1488,0
rep2,1.2689,1489,0
rep2,1.269,1490,0
rep2,1.2693,1491,0
rep2,1.27,1492,0
rep2,1.2702,1493,0
rep2,1.2703,1494,0
rep2,1.2706,1495,0
rep2,1.2708,1496,0
rep2,1.2712,1497,0
rep2,1.2713,1498,0
rep2,1.2713,1499,0
rep2,1.272,1500,0
rep2,1.272,1501,0
rep2,1.2722,1502,0
rep2,1.2723,1503,0
rep2,1.2725,1504,0
rep2,1.2726,1505,0
rep2,1.2732,1506,0
rep2,1.2732,1507,0
rep2,1.2733,1508,0
rep2,1.2737,1509,0
rep2,1.2739,1510,0
rep2,1.274,1511,0
rep2,1.2742,1512,0
rep2,1.2742,1513,0
rep2,1.2743,1514,0
rep2,1.2743,1515,0
rep2,1.2746,1516,0
rep2,1.2747,1517,0
rep2,1.2748,1518,0
rep2,1.2754,1519,0
rep2,1.2756,1520,0
rep2,1.276,1521,0
rep2,1.2763,1522,0
rep2,1.2763,1523,0
rep2,1.2766,1524,0
rep2,1.2766,1525,0
rep2,1.2766,1526,0
rep2,1.2769,1527,0
rep2,1.2772,1528,0
rep2,1.2776,1529,0
rep2,1.2779,1530,0
rep2,1.2779,1531,0
rep2,1.278,1532,0
rep2,1.278,1533,0
rep2,1.2782,1534,0
rep2,1.2782,1535,0
rep2,1.2782,1536,0
rep2,1.2783,1537,0
rep2,1.2787,1538,0
rep2,1.2789,1539,0
rep2,1.2797,1540,0
rep2,1.2797,1541,0
rep2,1.2801,1542,0
rep2,1.2806,1543,0
rep2,1.2807,1544,0
rep2,1.2807,1545,0
rep2,1.2809,1546,0
rep2,1.2809,1547,0
rep2,1.2809,1548,0
rep2,1.2809,1549,0
rep2,1.2809,1550,0
rep2,1.2811,1551,0
rep2,1.2812,1552,0
rep2,1.282,1553,0
rep2,1.2821,1554,0
rep2,1.2822,1555,0
rep2,1.2823,1556,0
rep2,1.2823,1557,0
rep2,1.2825,1558,0
rep2,1.2828,1559,0
rep2,1.2834,1560,0
rep2,1.2835,1561,0
rep2,1.2838,1562,0
rep2,1.2838,1563,0
rep2,1.2839,1564,0
rep2,1.284,1565,0
rep2,1.2841,1566,0
rep2,1.2843,1567,0
rep2,1.2843,1568,0
rep2,1.2845,1569,0
rep2,1.2845,1570,0
rep2,1.2847,1571,0
rep2,1.2848,1572,0
rep2,1.285,1573,0
rep2,1.2851,1574,0
rep2,1.2852,1575,0
rep2,1.2853,1576,0
rep2,1.2857,1577,0
rep2,1.2862,1578,0
rep2,1.2862,1579,0
rep2,1.2863,1580,0
rep2,1.2865,1581,0
rep2,1.287,1582,0
rep2,1.2875,1583,0
rep2,1.2877,1584,0
rep2,1.2878,1585,0
rep2,1.2879,1586,0
rep2,1.2883,1587,0
rep2,1.2886,1588,0
rep2,1.2892,1589,0
rep2,1.2892,1590,0
rep2,1.2895,1591,0
rep2,1.2898,1592,0
rep2,1.29,1593,0
rep2,1.29,1594,0
rep2,1.2903,1595,0
rep2,1.2904,1596,0
rep2,1.2904,1597,0
rep2,1.2908,1598,0
rep2,1.291,1599,0
rep2,1.2913,1600,0
rep2,1.2914,1601,0
rep2,1.2914,1602,0
rep2,1.2915,1603,0
rep2,1.2919,1604,0
rep2,1.2922,1605,0
rep2,1.2923,1606,0
rep2,1.2926,1607,0
rep2,1.293,1608,0
rep2,1.2931,1609,0
rep2,1.2932,1610,0
rep2,1.2933,1611,0
rep2,1.2937,1612,0
rep2,1.2941,1613,0
rep2,1.2942,1614,0
rep2,1.2945,1615,0
rep2,1.2946,1616,0
rep2,1.2947,1617,0
rep2,1.295,1618,0
rep2,1.2956,1619,0
rep2,1.2961,1620,0
rep2,1.2965,1621,0
rep2,1.2972,1622,0
rep2,1.2973,1623,0
rep2,1.2977,1624,0
rep2,1.2979,1625,0
rep2,1.2982,1626,0
rep2,1.299,1627,0
rep2,1.2991,1628,0
rep2,1.2993,1629,0
rep2,1.2995,1630,0
rep2,1.2997,1631,0
rep2,1.2997,1632,0
rep2,1.2997,1633,0
rep2,1.2998,1634,0
rep2,1.3001,1635,0
rep2,1.3008,1636,0
rep2,1.3013,1637,0
rep2,1.3018,1638,0
rep2,1.302,1639,0
rep2,1.3022,1640,0
rep2,1.3027,1641,0
rep2,1.3033,1642,0
rep2,1.3035,1643,0
rep2,1.3036,1644,0
rep2,1.3037,1645,0
rep2,1.3038,1646,0
rep2,1.3038,1647,0
rep2,1.3039,1648,0
rep2,1.3044,1649,0
rep2,1.3047,1650,0
rep2,1.3047,1651,0
rep2,1.3049,1652,0
rep2,1.3049,1653,0
rep2,1.3052,1654,0
rep2,1.3054,1655,0
rep2,1.3057,1656,0
rep2,1.3058,1657,0
rep2,1.3061,1658,0
rep2,1.3069,1659,0
rep2,1.3073,1660,0
rep2,1.3082,1661,0
rep2,1.3086,1662,0
rep2,1.3089,1663,0
rep2,1.309,1664,0
rep2,1.3094,1665,0
rep2,1.3096,1666,0
rep2,1.3111,1667,0
rep2,1.3111,1668,0
rep2,1.3112,1669,0
rep2,1.3113,1670,0
rep2,1.3113,1671,0
rep2,1.3116,1672,0
rep2,1.3118,1673,0
rep2,1.3129,1674,0
rep2,1.3134,1675,0
rep2,1.3141,1676,0
rep2,1.3144,1677,0
rep2,1.3148,1678,0
rep2,1.3149,1679,0
rep2,1.3149,1680,0
rep2,1.3155,1681,0
rep2,1.3157,1682,0
rep2,1.3159,1683,0
rep2,1.3164,1684,0
rep2,1.3165,1685,0
rep2,1.3169,1686,0
rep2,1.317,1687,0
rep2,1.3171,1688,0
rep2,1.3172,1689,0
rep2,1.3175,1690,0
rep2,1.3179,1691,0
rep2,1.3182,1692,0
rep2,1.3186,1693,0
rep2,1.3198,1694,0
rep2,1.3199,1695,0
rep2,1.3204,1696,0
rep2,1.3204,1697,0
rep2,1.3204,1698,0
rep2,1.3208,1699,0
rep2,1.3208,1700,0
rep2,1.3209,1701,0
rep2,1.3209,1702,0
rep2,1.3213,1703,0
rep2,1.3213,1704,0
rep2,1.3214,1705,0
rep2,1.3218,1706,0
rep2,1.322,1707,0
rep2,1.322,1708,0
rep2,1.3226,1709,0
rep2,1.323,1710,0
rep2,1.3232,1711,0
rep2,1.3233,1712,0
rep2,1.3237,1713,0
rep2,1.3238,1714,0
rep2,1.3238,1715,0
rep2,1.324,1716,0
rep2,1.3247,1717,0
rep2,1.3247,1718,0
rep2,1.325,1719,0
rep2,1.3252,1720,0
rep2,1.3252,1721,0
rep2,1.3255,1722,0
rep2,1.3256,1723,0
rep2,1.3261,1724,0
rep2,1.3263,1725,0
rep2,1.3263,1726,0
rep2,1.3263,1727,0
rep2,1.3268,1728,0
rep2,1.3273,1729,0
rep2,1.3282,1730,0
rep2,1.3282,1731,0
rep2,1.3284,1732,0
rep2,1.329,1733,0
rep2,1.3297,1734,0
rep2,1.3299,1735,0
rep2,1.33,1736,0
rep2,1.3304,1737,0
rep2,1.3312,1738,0
rep2,1.3313,1739,0
rep2,1.3313,1740,0
rep2,1.3314,1741,0
rep2,1.3314,1742,0
rep2,1.3318,1743,0
rep2,1.3321,1744,0
rep2,1.3326,1745,0
rep2,1.3328,1746,0
rep2,1.3331,1747,0
rep2,1.3335,1748,0
rep2,1.3338,1749,0
rep2,1.3348,1750,0
rep2,1.335,1751,0
rep2,1.3355,1752,0
rep2,1.3361,1753,0
rep2,1.3364,1754,0
rep2,1.3368,1755,0
rep2,1.337,1756,0
rep2,1.3371,1757,0
rep2,1.3371,1758,0
rep2,1.3372,1759,0
rep2,1.3376,1760,0
rep2,1.338,1761,0
rep2,1.3383,1762,0
rep2,1.3392,1763,0
rep2,1.3392,1764,0
rep2,1.3396,1765,0
rep2,1.3398,1766,0
rep2,1.3399,1767,0
rep2,1.3405,1768,0
rep2,1.3407,1769,0
rep2,1.3408,1770,0
rep2,1.3411,1771,0
rep2,1.3418,1772,0
rep2,1.3435,1773,0
rep2,1.344,1774,0
rep2,1.3446,1775,0
rep2,1.3448,1776,0
rep2,1.3449,1777,0
rep2,1.3452,1778,0
rep2,1.3455,1779,0
rep2,1.3456,1780,0
rep2,1.3457,1781,0
rep2,1.3463,1782,0
rep2,1.3465,1783,0
rep2,1.3466,1784,0
rep2,1.3471,1785,0
rep2,1.3474,1786,0
rep2,1.3474,1787,0
rep2,1.3479,1788,0
rep2,1.348,1789,0
rep2,1.3485,1790,0
rep2,1.3488,1791,0
rep2,1.3491,1792,0
rep2,1.3494,1793,0
rep2,1.3505,1794,0
rep2,1.3505,1795,0
rep2,1.3508,1796,0
rep2,1.351,1797,0
rep2,1.3511,1798,0
rep2,1.3513,1799,0
rep2,1.3525,1800,0
rep2,1.3526,1801,0
rep2,1.3529,1802,0
rep2,1.3538,1803,0
rep2,1.3541,1804,0
rep2,1.3543,1805,0
rep2,1.3544,1806,0
rep2,1.3545,1807,0
rep2,1.3553,1808,0
rep2,1.3554,1809,0
rep2,1.3558,1810,0
rep2,1.3561,1811,0
rep2,1.3564,1812,0
rep2,1.3569,1813,0
rep2,1.357,1814,0
rep2,1.3571,1815,0
rep2,1.3588,1816,0
rep2,1.3589,1817,0
rep2,1.3591,1818,0
rep2,1.3597,1819,0
rep2,1.3601,1820,0
rep2,1.362,1821,0
rep2,1.3621,1822,0
rep2,1.3624,1823,0
rep2,1.3633,1824,0
rep2,1.3636,1825,0
rep2,1.365,1826,0
rep2,1.3659,1827,0
rep2,1.3663,1828,0
rep2,1.3672,1829,0
rep2,1.3673,1830,0
rep2,1.3675,1831,0
rep2,1.3681,1832,0
rep2,1.3682,1833,0
rep2,1.3682,1834,0
rep2,1.3693,1835,0
rep2,1.3695,1836,0
rep2,1.3695,1837,0
rep2,1.3696,1838,0
rep2,1.3703,1839,0
rep2,1.3709,1840,0
rep2,1.3715,1841,0
rep2,1.3721,1842,0
rep2,1.3726,1843,0
rep2,1.3728,1844,0
rep2,1.3746,1845,0
rep2,1.3756,1846,0
rep2,1.3758,1847,0
rep2,1.3766,1848,0
rep2,1.377,1849,0
rep2,1.3773,1850,0
rep2,1.3775,1851,0
rep2,1.3775,1852,0
rep2,1.379,1853,0
rep2,1.3793,1854,0
rep2,1.3794,1855,0
rep2,1.3808,1856,0
rep2,1.3808,1857,0
rep2,1.3824,1858,0
rep2,1.3824,1859,0
rep2,1.3829,1860,0
rep2,1.3829,1861,0
rep2,1.3837,1862,0
rep2,1.3846,1863,0
rep2,1.3846,1864,0
rep2,1.3846,1865,0
rep2,1.3853,1866,0
rep2,1.3872,1867,0
rep2,1.3872,1868,0
rep2,1.3897,1869,0
rep2,1.3917,1870,0
rep2,1.3921,1871,0
rep2,1.3926,1872,0
rep2,1.3926,1873,0
rep2,1.3928,1874,0
rep2,1.3943,1875,0
rep2,1.3961,1876,0
rep2,1.3962,1877,0
rep2,1.3973,1878,0
rep2,1.3975,1879,0
rep2,1.3975,1880,0
rep2,1.3976,1881,0
rep2,1.3982,1882,0
rep2,1.399,1883,0
rep2,1.3991,1884,0
rep2,1.4006,1885,0
rep2,1.4019,1886,0
rep2,1.4019,1887,0
rep2,1.4033,1888,0
rep2,1.4038,1889,0
rep2,1.4044,1890,0
rep2,1.4053,1891,0
rep2,1.4054,1892,0
rep2,1.4058,1893,0
rep2,1.4064,1894,0
rep2,1.4078,1895,0
rep2,1.4088,1896,0
rep2,1.4089,1897,0
rep2,1.41,1898,0
rep2,1.4101,1899,0
rep2,1.4109,1900,0
rep2,1.4109,1901,0
rep2,1.4113,1902,0
rep2,1.4114,1903,0
rep2,1.4119,1904,0
rep2,1.412,1905,0
rep2,1.4127,1906,0
rep2,1.4161,1907,0
rep2,1.417,1908,0
rep2,1.4176,1909,0
rep2,1.4177,1910,0
rep2,1.418,1911,0
rep2,1.418,1912,0
rep2,1.4188,1913,0
rep2,1.4206,1914,0
rep2,1.4207,1915,0
rep2,1.421,1916,0
rep2,1.4212,1917,0
rep2,1.4213,1918,0
rep2,1.4224,1919,0
rep2,1.4227,1920,0
rep2,1.4251,1921,0
rep2,1.4256,1922,0
rep2,1.4265,1923,0
rep2,1.427,1924,0
rep2,1.4279,1925,0
rep2,1.4304,1926,0
rep2,1.4313,1927,0
rep2,1.4318,1928,0
rep2,1.433,1929,0
rep2,1.4347,1930,0
rep2,1.4351,1931,0
rep2,1.4352,1932,0
rep2,1.4358,1933,0
rep2,1.4359,1934,0
rep2,1.4362,1935,0
rep2,1.4386,1936,0
rep2,1.4389,1937,0
rep2,1.4413,1938,0
rep2,1.4416,1939,0
rep2,1.4421,1940,0
rep2,1.4422,1941,0
rep2,1.4422,1942,0
rep2,1.4424,1943,0
rep2,1.443,1944,0
rep2,1.4432,1945,0
rep2,1.4435,1946,0
rep2,1.4463,1947,0
rep2,1.4474,1948,0
rep2,1.4477,1949,0
rep2,1.4482,1950,0
rep2,1.4489,1951,0
rep2,1.4498,1952,0
rep2,1.4505,1953,0
rep2,1.4513,1954,0
rep2,1.4515,1955,0
rep2,1.4521,1956,0
rep2,1.4528,1957,0
rep2,1.4535,1958,0
rep2,1.4542,1959,0
rep2,1.4543,1960,0
rep2,1.4549,1961,0
rep2,1.4561,1962,0
rep2,1.4574,1963,0
rep2,1.4595,1964,0
rep2,1.4601,1965,0
rep2,1.4604,1966,0
rep2,1.4615,1967,0
rep2,1.462,1968,0
rep2,1.4656,1969,0
rep2,1.4659,1970,0
rep2,1.4659,1971,0
rep2,1.4665,1972,0
rep2,1.4671,1973,0
rep2,1.4681,1974,0
rep2,1.4688,1975,0
rep2,1.4728,1976,0
rep2,1.4756,1977,0
rep2,1.4764,1978,0
rep2,1.4773,1979,0
rep2,1.4787,1980,0
rep2,1.4789,1981,0
rep2,1.4803,1982,0
rep2,1.4816,1983,0
rep2,1.484,1984,0
rep2,1.4843,1985,0
rep2,1.4844,1986,0
rep2,1.4851,1987,0
rep2,1.4858,1988,0
rep2,1.4903,1989,0
rep2,1.4903,1990,0
rep2,1.4904,1991,0
rep2,1.4918,1992,0
rep2,1.4931,1993,0
rep2,1.4937,1994,0
rep2,1.496,1995,0
rep2,1.5003,1996,0
rep2,1.5028,1997,0
rep2,1.5044,1998,0
rep2,1.5069,1999,0
rep2,1.508,2000,0
rep2,1.5088,2001,0
rep2,1.5154,2002,0
rep2,1.5194,2003,0
rep2,1.5202,2004,0
rep2,1.5246,2005,0
rep2,1.5248,2006,0
rep2,1.526,2007,0
rep2,1.5266,2008,0
rep2,1.5345,2009,0
rep2,1.5356,2010,0
rep2,1.5396,2011,0
rep2,1.5418,2012,0
rep2,1.5441,2013,0
rep2,1.5464,2014,0
rep2,1.5466,2015,0
rep2,1.5467,2016,0
rep2,1.5471,2017,0
rep2,1.548,2018,0
rep2,1.5496,2019,0
rep2,1.5508,2020,0
rep2,1.554,2021,0
rep2,1.5583,2022,0
rep2,1.559,2023,0
rep2,1.5601,2024,0
rep2,1.5718,2025,0
rep2,1.5776,2026,0
rep2,1.5793,2027,0
rep2,1.5834,2028,0
rep2,1.5966,2029,0
rep2,1.5983,2030,0
rep2,1.6005,2031,0
rep2,1.6014,2032,0
rep2,1.6027,2033,0
rep2,1.6028,2034,0
rep2,1.6029,2035,0
rep2,1.6089,2036,0
rep2,1.6146,2037,0
rep2,1.6171,2038,0
rep2,1.6179,2039,0
rep2,1.6181,2040,0
rep2,1.6182,2041,0
rep2,1.6228,2042,0
rep2,1.6246,2043,0
rep2,1.6248,2044,0
rep2,1.6331,2045,0
rep2,1.6672,2046,0
rep2,1.6686,2047,0
rep2,1.6731,2048,0
rep2,1.6867,2049,0
rep2,1.7103,2050,0
rep2,1.7217,2051,0
rep2,1.7395,2052,0
rep2,1.751,2053,0
rep2,1.7645,2054,0
rep2,1.7864,2055,0
rep2,1.8302,2056,0
rep2,2.0126,2057,0
rep2,2.0432,2058,0
rep2,2.0434,2059,0
rep2,2.0435,2060,0
rep2,2.0445,2061,0
rep2,2.0469,2062,0
rep2,2.047,2063,0
rep2,2.0486,2064,0
rep2,2.0494,2065,0
rep2,2.0498,2066,0
rep2,2.0506,2067,0
rep2,2.0506,2068,0
rep2,2.0524,2069,0
rep2,2.0592,2070,0
rep2,2.0613,2071,0
rep2,2.067,2072,0
rep2,2.0736,2073,0
rep2,2.0749,2074,0
rep2,2.0768,2075,0
rep2,2.0769,2076,0
rep2,2.0775,2077,0
rep2,2.0775,2078,0
rep2,2.0776,2079,0
rep2,2.0776,2080,0
rep2,2.0777,2081,0
rep2,2.0783,2082,0
rep2,2.0793,2083,0
rep2,2.0793,2084,0
rep2,2.0794,2085,0
rep2,2.0795,2086,0
rep2,2.08,2087,0
rep2,2.08,2088,0
rep2,2.0801,2089,0
rep2,2.0804,2090,0
rep2,2.0806,2091,0
rep2,2.0806,2092,0
rep2,2.0807,2093,0
rep2,2.0808,2094,0
rep2,2.081,2095,0
rep2,2.0816,2096,0
rep2,2.0819,2097,0
rep2,2.0822,2098,0
rep2,2.083,2099,0
rep2,2.0831,2100,0
rep2,2.0837,2101,0
rep2,2.0844,2102,0
rep2,2.0854,2103,0
rep2,2.0858,2104,0
rep2,2.0868,2105,0
rep2,2.0887,2106,0
rep2,2.0906,2107,0
rep2,2.0919,2108,0
rep2,2.0937,2109,0
rep2,2.0937,2110,0
rep2,2.0957,2111,0
rep2,2.0973,2112,0
rep2,2.0996,2113,0
rep2,2.1012,2114,0
rep2,2.1012,2115,0
rep2,2.1052,2116,0
rep2,2.1053,2117,0
rep2,2.11,2118,0
rep2,2.1102,2119,0
rep2,2.1104,2120,0
rep2,2.1116,2121,0
rep2,2.1124,2122,0
rep2,2.1129,2123,0
rep2,2.113,2124,0
rep2,2.1137,2125,0
rep2,2.1145,2126,0
rep2,2.1172,2127,0
rep2,2.1174,2128,0
rep2,2.1189,2129,0
rep2,2.1189,2130,0
rep2,2.1226,2131,0
rep2,2.1228,2132,0
rep2,2.1233,2133,0
rep2,2.1234,2134,0
rep2,2.1238,2135,0
rep2,2.1249,2136,0
rep2,2.1261,2137,0
rep2,2.1273,2138,0
rep2,2.1307,2139,0
rep2,2.1314,2140,0
rep2,2.1325,2141,0
rep2,2.1326,2142,0
rep2,2.1334,2143,0
rep2,2.1341,2144,0
rep2,2.1348,2145,0
rep2,2.1361,2146,0
rep2,2.1365,2147,0
rep2,2.143,2148,0
rep2,2.1438,2149,0
rep2,2.144,2150,0
rep2,2.1452,2151,0
rep2,2.1456,2152,0
rep2,2.1464,2153,0
rep2,2.1468,2154,0
rep2,2.1471,2155,0
rep2,2.1488,2156,0
rep2,2.1491,2157,0
rep2,2.1498,2158,0
rep2,2.1506,2159,0
rep2,2.152,2160,0
rep2,2.1524,2161,0
rep2,2.1531,2162,0
rep2,2.1544,2163,0
rep2,2.1554,2164,0
rep2,2.1558,2165,0
rep2,2.1567,2166,0
rep2,2.1573,2167,0
rep2,2.1585,2168,0
rep2,2.1616,2169,0
rep2,2.1617,2170,0
rep2,2.1648,2171,0
rep2,2.1657,2172,0
rep2,2.1688,2173,0
rep2,2.1717,2174,0
rep2,2.1721,2175,0
rep2,2.1729,2176,0
rep2,2.1748,2177,0
rep2,2.1749,2178,0
rep2,2.1754,2179,0
rep2,2.1768,2180,0
rep2,2.1773,2181,0
rep2,2.1786,2182,0
rep2,2.1792,2183,0
rep2,2.1803,2184,0
rep2,2.1805,2185,0
rep2,2.1819,2186,0
rep2,2.1819,2187,0
rep2,2.1831,2188,0
rep2,2.1835,2189,0
rep2,2.1865,2190,0
rep2,2.1871,2191,0
rep2,2.1875,2192,0
rep2,2.1877,2193,0
rep2,2.1883,2194,0
rep2,2.1909,2195,0
rep2,2.1913,2196,0
rep2,2.192,2197,0
rep2,2.1922,2198,0
rep2,2.1937,2199,0
rep2,2.1949,2200,0
rep2,2.1957,2201,0
rep2,2.1961,2202,0
rep2,2.1969,2203,0
rep2,2.1972,2204,0
rep2,2.1988,2205,0
rep2,2.1991,2206,0
rep2,2.2027,2207,0
rep2,2.2046,2208,0
rep2,2.2076,2209,0
rep2,2.2097,2210,0
rep2,2.21,2211,0
rep2,2.2126,2212,0
rep2,2.2146,2213,0
rep2,2.2153,2214,0
rep2,2.2168,2215,0
rep2,2.2179,2216,0
rep2,2.2196,2217,0
rep2,2.2209,2218,0
rep2,2.2213,2219,0
rep2,2.2219,2220,0
rep2,2.2234,2221,0
rep3,1.0075,1,0
rep3,1.0075,2,0
rep3,1.0078,3,0
rep3,1.0078,4,0
rep3,1.0078,5,0
rep3,1.008,6,0
rep3,1.0082,7,0
rep3,1.0084,8,0
rep3,1.0084,9,0
rep3,1.0084,10,0
rep3,1.0085,11,0
rep3,1.0086,12,0
rep3,1.0088,13,0
rep3,1.0088,14,0
rep3,1.0088,15,0
rep3,1.0092,16,0
rep3,1.0093,17,0
rep3,1.0093,18,0
rep3,1.0094,19,0
rep3,1.0095,20,0
rep3,1.0096,21,0
rep3,1.0096,22,0
rep3,1.0097,23,0
rep3,1.0097,24,0
rep3,1.0098,25,0
rep3,1.01,26,0
rep3,1.01,27,0
rep3,1.0101,28,0
rep3,1.0102,29,0
rep3,1.0102,30,0
rep3,1.0103,31,0
rep3,1.0104,32,0
rep3,1.0105,33,0
rep3,1.0106,34,0
rep3,1.0107,35,0
rep3,1.0113,36,0
rep3,1.0113,37,0
rep3,1.0114,38,0
rep3,1.0115,39,0
rep3,1.0116,40,0
rep3,1.0116,41,0
rep3,1.0123,42,0
rep3,1.0124,43,0
rep3,1.0127,44,0
rep3,1.0128,45,0
rep3,1.0129,46,0
rep3,1.0134,47,0
rep3,1.0135,48,0
rep3,1.0135,49,0
rep3,1.0138,50,0
rep3,1.0139,51,0
rep3,1.0141,52,0
rep3,1.0146,53,0
rep3,1.0148,54,0
rep3,1.0149,55,0
rep3,1.0151,56,0
rep3,1.0154,57,0
rep3,1.0155,58,0
rep3,1.0157,59,0
rep3,1.0163,60,0
rep3,1.0166,61,0
rep3,1.0172,62,0
rep3,1.0173,63,0
rep3,1.0174,64,0
rep3,1.0175,65,0
rep3,1.0176,66,0
rep3,1.0177,67,0
rep3,1.0191,68,0
rep3,1.0202,69,0
rep3,1.0211,70,0
rep3,1.0233,71,0
rep3,1.0234,72,0
rep3,1.0235,73,0
rep3,1.0236,74,0
rep3,1.0245,75,0
rep3,1.0252,76,0
rep3,1.0283,77,0
rep3,1.0301,78,0
rep3,1.0304,79,0
rep3,1.0314,80,0
rep3,1.0323,81,0
rep3,1.0331,82,0
rep3,1.0373,83,0
rep3,1.0373,84,0
rep3,1.0382,85,0
rep3,1.0408,86,0
rep3,1.0408,87,0
rep3,1.0409,88,0
rep3,1.0409,89,0
rep3,1.0409,90,0
rep3,1.0409,91,0
rep3,1.041,92,0
rep3,1.041,93,0
rep3,1.0411,94,0
rep3,1.0411,95,0
rep3,1.0411,96,0
rep3,1.0411,97,0
rep3,1.0412,98,0
rep3,1.0412,99,0
rep3,1.0413,100,0
rep3,1.0413,101,0
rep3,1.0413,102,0
rep3,1.0414,103,0
rep3,1.0415,104,0
rep3,1.0415,105,0
rep3,1.0415,106,0
rep3,1.0416,107,0
rep3,1.0416,108,0
rep3,1.0417,109,0
rep3,1.0417,110,0
rep3,1.0417,111,0
rep3,1.0418,112,0
rep3,1.0418,113,0
rep3,1.0418,114,0
rep3,1.0419,115,0
rep3,1.0419,116,0
rep3,1.0419,117,0
rep3,1.042,118,0
rep3,1.042,119,0
rep3,1.042,120,0
rep3,1.042,121,0
rep3,1.042,122,0
rep3,1.0421,123,0
rep3,1.0421,124,0
rep3,1.0423,125,0
rep3,1.0423,126,0
rep3,1.0423,127,0
rep3,1.0423,128,0
rep3,1.0424,129,0
rep3,1.0424,130,0
rep3,1.0424,131,0
rep3,1.0425,132,0
rep3,1.0425,133,0
rep3,1.0425,134,0
rep3,1.0425,135,0
rep3,1.0425,136,0
rep3,1.0426,137,0
rep3,1.0426,138,0
rep3,1.0426,139,0
rep3,1.0427,140,0
rep3,1.0427,141,0
rep3,1.0427,142,0
rep3,1.0428,143,0
rep3,1.0428,144,0
rep3,1.0428,145,0
rep3,1.0428,146,0
rep3,1.0429,147,0
rep3,1.0429,148,0
rep3,1.0429,149,0
rep3,1.043,150,0
rep3,1.043,151,0
rep3,1.043,152,0
rep3,1.0431,153,0
rep3,1.0431,154,0
rep3,1.0431,155,0
rep3,1.0431,156,0
rep3,1.0432,157,0
rep3,1.0432,158,0
rep3,1.0433,159,0
rep3,1.0433,160,0
rep3,1.0433,161,0
rep3,1.0434,162,0
rep3,1.0434,163,0
rep3,1.0434,164,0
rep3,1.0434,165,0
rep3,1.0434,166,0
rep3,1.0434,167,0
rep3,1.0435,168,0
rep3,1.0435,169,0
rep3,1.0435,170,0
rep3,1.0436,171,0
rep3,1.0437,172,0
rep3,1.0437,173,0
rep3,1.0438,174,0
rep3,1.0438,175,0
rep3,1.0439,176,0
rep3,1.0439,177,0
rep3,1.044,178,0
rep3,1.044,179,0
rep3,1.0441,180,0
rep3,1.0441,181,0
rep3,1.0441,182,0
rep3,1.0442,183,0
rep3,1.0443,184,0
rep3,1.0443,185,0
rep3,1.0443,186,0
rep3,1.0443,187,0
rep3,1.0444,188,0
rep3,1.0444,189,0
rep3,1.0446,190,0
rep3,1.0447,191,0
rep3,1.0448,192,0
rep3,1.0448,193,0
rep3,1.0449,194,0
rep3,1.045,195,0
rep3,1.0451,196,0
rep3,1.0451,197,0
rep3,1.0452,198,0
rep3,1.0453,199,0
rep3,1.0453,200,0
rep3,1.0454,201,0
rep3,1.0454,202,0
rep3,1.0455,203,0
rep3,1.0455,204,0
rep3,1.0455,205,0
rep3,1.0456,206,0
rep3,1.0456,207,0
rep3,1.0457,208,0
rep3,1.0457,209,0
rep3,1.0457,210,0
rep3,1.0457,211,0
rep3,1.0459,212,0
rep3,1.0459,213,0
rep3,1.046,214,0
rep3,1.0462,215,0
rep3,1.0463,216,0
rep3,1.0464,217,0
rep3,1.0464,218,0
rep3,1.0466,219,0
rep3,1.0466,220,0
rep3,1.0466,221,0
rep3,1.0467,222,0
rep3,1.0467,223,0
rep3,1.0467,224,0
rep3,1.0467,225,0
rep3,1.0468,226,0
rep3,1.0468,227,0
rep3,1.0469,228,0
rep3,1.0471,229,0
rep3,1.0471,230,0
rep3,1.0473,231,0
rep3,1.0473,232,0
rep3,1.0474,233,0
rep3,1.0474,234,0
rep3,1.0474,235,0
rep3,1.0474,236,0
rep3,1.0475,237,0
rep3,1.0475,238,0
rep3,1.0476,239,0
rep3,1.0476,240,0
rep3,1.0476,241,0
rep3,1.0476,242,0
rep3,1.0476,243,0
rep3,1.0477,244,0
rep3,1.0477,245,0
rep3,1.0477,246,0
rep3,1.0481,247,0
rep3,1.0481,248,0
rep3,1.0482,249,0
rep3,1.0482,250,0
rep3,1.0483,251,0
rep3,1.0483,252,0
rep3,1.0483,253,0
rep3,1.0483,254,0
rep3,1.0484,255,0
rep3,1.0485,256,0
rep3,1.0485,257,0
rep3,1.0485,258,0
rep3,1.0486,259,0
rep3,1.0486,260,0
rep3,1.0487,261,0
rep3,1.0487,262,0
rep3,1.0488,263,0
rep3,1.0488,264,0
rep3,1.0488,265,0
rep3,1.0489,266,0
rep3,1.0489,267,0
rep3,1.049,268,0
rep3,1.049,269,0
rep3,1.0491,270,0
rep3,1.0491,271,0
rep3,1.0492,272,0
rep3,1.0493,273,0
rep3,1.0493,274,0
rep3,1.0493,275,0
rep3,1.0493,276,0
rep3,1.0494,277,0
rep3,1.0495,278,0
rep3,1.0496,279,0
rep3,1.0496,280,0
rep3,1.0499,281,0
rep3,1.05,282,0
rep3,1.0501,283,0
rep3,1.0503,284,0
rep3,1.0503,285,0
rep3,1.0504,286,0
rep3,1.0504,287,0
rep3,1.0506,288,0
rep3,1.0506,289,0
rep3,1.0506,290,0
rep3,1.0507,291,0
rep3,1.0507,292,0
rep3,1.0508,293,0
rep3,1.0513,294,0
rep3,1.0515,295,0
rep3,1.0515,296,0
rep3,1.0515,297,0
rep3,1.0516,298,0
rep3,1.0516,299,0
rep3,1.0517,300,0
rep3,1.0518,301,0
rep3,1.0518,302,0
rep3,1.0518,303,0
rep3,1.0518,304,0
rep3,1.0519,305,0
rep3,1.052,306,0
rep3,1.052,307,0
rep3,1.052,308,0
rep3,1.0523,309,0
rep3,1.0524,310,0
rep3,1.0524,311,0
rep3,1.0524,312,0
rep3,1.0525,313,0
rep3,1.0526,314,0
rep3,1.0528,315,0
rep3,1.0528,316,0
rep3,1.0529,317,0
rep3,1.0529,318,0
rep3,1.053,319,0
rep3,1.0531,320,0
rep3,1.0532,321,0
rep3,1.0533,322,0
rep3,1.0534,323,0
rep3,1.0541,324,0
rep3,1.0544,325,0
rep3,1.0545,326,0
rep3,1.0545,327,0
rep3,1.0546,328,0
rep3,1.0547,329,0
rep3,1.0547,330,0
rep3,1.0549,331,0
rep3,1.0549,332,0
rep3,1.055,333,0
rep3,1.055,334,0
rep3,1.0551,335,0
rep3,1.0553,336,0
rep3,1.0554,337,0
rep3,1.0554,338,0
rep3,1.0554,339,0
rep3,1.0556,340,0
rep3,1.0558,341,0
rep3,1.0559,342,0
rep3,1.0561,343,0
rep3,1.0561,344,0
rep3,1.0562,345,0
rep3,1.0562,346,0
rep3,1.0564,347,0
rep3,1.0567,348,0
rep3,1.057,349,0
rep3,1.0571,350,0
rep3,1.0571,351,0
rep3,1.0574,352,0
rep3,1.0576,353,0
rep3,1.0577,354,0
rep3,1.0578,355,0
rep3,1.0579,356,0
rep3,1.0581,357,0
rep3,1.0581,358,0
rep3,1.0582,359,0
rep3,1.0582,360,0
rep3,1.0583,361,0
rep3,1.0583,362,0
rep3,1.0587,363,0
rep3,1.0589,364,0
rep3,1.0589,365,0
rep3,1.0591,366,0
rep3,1.0593,367,0
rep3,1.0594,368,0
rep3,1.0595,369,0
rep3,1.0596,370,0
rep3,1.0597,371,0
rep3,1.0598,372,0
rep3,1.06,373,0
rep3,1.06,374,0
rep3,1.0603,375,0
rep3,1.0605,376,0
rep3,1.0607,377,0
rep3,1.061,378,0
rep3,1.0614,379,0
rep3,1.0615,380,0
rep3,1.0616,381,0
rep3,1.0619,382,0
rep3,1.0623,383,0
rep3,1.0624,384,0
rep3,1.0625,385,0
rep3,1.0627,386,0
rep3,1.0628,387,0
rep3,1.0628,388,0
rep3,1.0629,389,0
rep3,1.0629,390,0
rep3,1.0629,391,0
rep3,1.063,392,0
rep3,1.0631,393,0
rep3,1.0633,394,0
rep3,1.0634,395,0
rep3,1.0636,396,0
rep3,1.0639,397,0
rep3,1.0646,398,0
rep3,1.0648,399,0
rep3,1.0648,400,0
rep3,1.0649,401,0
rep3,1.065,402,0
rep3,1.0651,403,0
rep3,1.0652,404,0
rep3,1.0653,405,0
rep3,1.0654,406,0
rep3,1.0655,407,0
rep3,1.0657,408,0
rep3,1.0659,409,0
rep3,1.0659,410,0
rep3,1.0665,411,0
rep3,1.0667,412,0
rep3,1.0668,413,0
rep3,1.0668,414,0
rep3,1.0675,415,0
rep3,1.0678,416,0
rep3,1.0682,417,0
rep3,1.0684,418,0
rep3,1.0684,419,0
rep3,1.0684,420,0
rep3,1.0686,421,0
rep3,1.0698,422,0
rep3,1.0699,423,0
rep3,1.0702,424,0
rep3,1.0708,425,0
rep3,1.071,426,0
rep3,1.0711,427,0
rep3,1.0713,428,0
rep3,1.0713,429,0
rep3,1.0714,430,0
rep3,1.0716,431,0
rep3,1.0717,432,0
rep3,1.072,433,0
rep3,1.0728,434,0
rep3,1.0733,435,0
rep3,1.0737,436,0
rep3,1.0738,437,0
rep3,1.0739,438,0
rep3,1.0739,439,0
rep3,1.0742,440,0
rep3,1.0743,441,0
rep3,1.0744,442,0
rep3,1.0745,443,0
rep3,1.0746,444,0
rep3,1.0747,445,0
rep3,1.0747,446,0
rep3,1.0748,447,0
rep3,1.0748,448,0
rep3,1.0748,449,0
rep3,1.0749,450,0
rep3,1.0749,451,0
rep3,1.0749,452,0
rep3,1.075,453,0
rep3,1.0754,454,0
rep3,1.0754,455,0
rep3,1.0754,456,0
rep3,1.0756,457,0
rep3,1.0757,458,0
rep3,1.0757,459,0
rep3,1.0757,460,0
rep3,1.0758,461,0
rep3,1.0759,462,0
rep3,1.076,463,0
rep3,1.0761,464,0
rep3,1.0762,465,0
rep3,1.0762,466,0
rep3,1.0763,467,0
rep3,1.0764,468,0
rep3,1.0765,469,0
rep3,1.0768,470,0
rep3,1.0769,471,0
rep3,1.0769,472,0
rep3,1.077,473,0
rep3,1.0772,474,0
rep3,1.0772,475,0
rep3,1.0773,476,0
rep3,1.0774,477,0
rep3,1.0774,478,0
rep3,1.0775,479,0
rep3,1.0775,480,0
rep3,1.0775,481,0
rep3,1.0776,482,0
rep3,1.0778,483,0
rep3,1.0781,484,0
rep3,1.0789,485,0
rep3,1.0789,486,0
rep3,1.0793,487,0
rep3,1.0794,488,0
rep3,1.0795,489,0
rep3,1.0795,490,0
rep3,1.0796,491,0
rep3,1.0798,492,0
rep3,1.0802,493,0
rep3,1.0805,494,0
rep3,1.0805,495,0
rep3,1.0806,496,0
rep3,1.0806,497,0
rep3,1.0806,498,0
rep3,1.0808,499,0
rep3,1.0808,500,0
rep3,1.0812,501,0
rep3,1.0813,502,0
rep3,1.0813,503,0
rep3,1.0814,504,0
rep3,1.0816,505,0
rep3,1.0817,506,0
rep3,1.082,507,0
rep3,1.082,508,0
rep3,1.0821,509,0
rep3,1.0824,510,0
rep3,1.0825,511,0
rep3,1.0825,512,0
rep3,1.0826,513,0
rep3,1.0827,514,0
rep3,1.0827,515,0
rep3,1.0828,516,0
rep3,1.0828,517,0
rep3,1.0831,518,0
rep3,1.0831,519,0
rep3,1.0832,520,0
rep3,1.0835,521,0
rep3,1.0837,522,0
rep3,1.0837,523,0
rep3,1.084,524,0
rep3,1.084,525,0
rep3,1.0842,526,0
rep3,1.0845,527,0
rep3,1.085,528,0
rep3,1.0853,529,0
rep3,1.0854,530,0
rep3,1.0858,531,0
rep3,1.0858,532,0
rep3,1.0859,533,0
rep3,1.0861,534,0
rep3,1.0865,535,0
rep3,1.0868,536,0
rep3,1.0869,537,0
rep3,1.0869,538,0
rep3,1.0872,539,0
rep3,1.0875,540,0
rep3,1.0877,541,0
rep3,1.088,542,0
rep3,1.088,543,0
rep3,1.0881,544,0
rep3,1.0886,545,0
rep3,1.0888,546,0
rep3,1.0893,547,0
rep3,1.0894,548,0
rep3,1.09,549,0
rep3,1.0901,550,0
rep3,1.0902,551,0
rep3,1.0905,552,0
rep3,1.0905,553,0
rep3,1.0907,554,0
rep3,1.0909,555,0
rep3,1.091,556,0
rep3,1.0912,557,0
rep3,1.0914,558,0
rep3,1.0915,559,0
rep3,1.0916,560,0
rep3,1.0917,561,0
rep3,1.0919,562,0
rep3,1.0919,563,0
rep3,1.092,564,0
rep3,1.092,565,0
rep3,1.092,566,0
rep3,1.0921,567,0
rep3,1.0927,568,0
rep3,1.0927,569,0
rep3,1.0933,570,0
rep3,1.0934,571,0
rep3,1.0935,572,0
rep3,1.0936,573,0
rep3,1.0936,574,0
rep3,1.0939,575,0
rep3,1.094,576,0
rep3,1.0947,577,0
rep3,1.0957,578,0
rep3,1.0959,579,0
rep3,1.0961,580,0
rep3,1.0961,581,0
rep3,1.0961,582,0
rep3,1.0968,583,0
rep3,1.0971,584,0
rep3,1.0974,585,0
rep3,1.0976,586,0
rep3,1.0984,587,0
rep3,1.0985,588,0
rep3,1.0988,589,0
rep3,1.0991,590,0
rep3,1.0992,591,0
rep3,1.0994,592,0
rep3,1.0997,593,0
rep3,1.0998,594,0
rep3,1.0999,595,0
rep3,1.1,596,0
rep3,1.1003,597,0
rep3,1.1006,598,0
rep3,1.1006,599,0
rep3,1.1009,600,0
rep3,1.1011,601,0
rep3,1.1013,602,0
rep3,1.1017,603,0
rep3,1.1028,604,0
rep3,1.1031,605,0
rep3,1.1031,606,0
rep3,1.1034,607,0
rep3,1.1037,608,0
rep3,1.1038,609,0
rep3,1.1044,610,0
rep3,1.1048,611,0
rep3,1.1054,612,0
rep3,1.1054,613,0
rep3,1.1061,614,0
rep3,1.1063,615,0
rep3,1.1076,616,0
rep3,1.108,617,0
rep3,1.108,618,0
rep3,1.108,619,0
rep3,1.1081,620,0
rep3,1.1082,621,0
rep3,1.1084,622,0
rep3,1.1085,623,0
rep3,1.1085,624,0
rep3,1.1086,625,0
rep3,1.1087,626,0
rep3,1.1087,627,0
rep3,1.1089,628,0
rep3,1.1089,629,0
rep3,1.109,630,0
rep3,1.109,631,0
rep3,1.1091,632,0
rep3,1.1092,633,0
rep3,1.1094,634,0
rep3,1.1099,635,0
rep3,1.11,636,0
rep3,1.1102,637,0
rep3,1.1103,638,0
rep3,1.1105,639,0
rep3,1.1105,640,0
rep3,1.1106,641,0
rep3,1.1106,642,0
rep3,1.1109,643,0
rep3,1.111,644,0
rep3,1.111,645,0
rep3,1.1111,646,0
rep3,1.1113,647,0
rep3,1.1114,648,0
rep3,1.1114,649,0
rep3,1.1116,650,0
rep3,1.1116,651,0
rep3,1.112,652,0
rep3,1.1121,653,0
rep3,1.1123,654,0
rep3,1.1126,655,0
rep3,1.1127,656,0
rep3,1.1128,657,0
rep3,1.1128,658,0
rep3,1.1129,659,0
rep3,1.113,660,0
rep3,1.1131,661,0
rep3,1.1132,662,0
rep3,1.1133,663,0
rep3,1.1135,664,0
rep3,1.1136,665,0
rep3,1.1136,666,0
rep3,1.1136,667,0
rep3,1.1137,668,0
rep3,1.1137,669,0
rep3,1.1138,670,0
rep3,1.1143,671,0
rep3,1.1143,672,0
rep3,1.1146,673,0
rep3,1.1147,674,0
rep3,1.1148,675,0
rep3,1.1149,676,0
rep3,1.115,677,0
rep3,1.1151,678,0
rep3,1.1154,679,0
rep3,1.1159,680,0
rep3,1.1161,681,0
rep3,1.1165,682,0
rep3,1.1166,683,0
rep3,1.1168,684,0
rep3,1.117,685,0
rep3,1.1172,686,0
rep3,1.1174,687,0
rep3,1.1174,688,0
rep3,1.1178,689,0
rep3,1.118,690,0
rep3,1.1181,691,0
rep3,1.1182,692,0
rep3,1.1187,693,0
rep3,1.1187,694,0
rep3,1.119,695,0
rep3,1.1192,696,0
rep3,1.1193,697,0
rep3,1.1195,698,0
rep3,1.1195,699,0
rep3,1.1197,700,0
rep3,1.1198,701,0
rep3,1.1199,702,0
rep3,1.1204,703,0
rep3,1.1206,704,0
rep3,1.1206,705,0
rep3,1.1209,706,0
rep3,1.1211,707,0
rep3,1.1212,708,0
rep3,1.1216,709,0
rep3,1.1218,710,0
rep3,1.1219,711,0
rep3,1.1221,712,0
rep3,1.1226,713,0
rep3,1.1228,714,0
rep3,1.1232,715,0
rep3,1.1232,716,0
rep3,1.1236,717,0
rep3,1.1236,718,0
rep3,1.1238,719,0
rep3,1.1244,720,0
rep3,1.1248,721,0
rep3,1.1248,722,0
rep3,1.1249,723,0
rep3,1.125,724,0
rep3,1.1251,725,0
rep3,1.1253,726,0
rep3,1.1254,727,0
rep3,1.1255,728,0
rep3,1.1259,729,0
rep3,1.126,730,0
rep3,1.1262,731,0
rep3,1.1262,732,0
rep3,1.1265,733,0
rep3,1.1265,734,0
rep3,1.1267,735,0
rep3,1.1268,736,0
rep3,1.1269,737,0
rep3,1.127,738,0
rep3,1.1271,739,0
rep3,1.1272,740,0
rep3,1.1276,741,0
rep3,1.1278,742,0
rep3,1.1279,743,0
rep3,1.1282,744,0
rep3,1.1282,745,0
rep3,1.1284,746,0
rep3,1.1285,747,0
rep3,1.1289,748,0
rep3,1.129,749,0
rep3,1.1291,750,0
rep3,1.1292,751,0
rep3,1.1294,752,0
rep3,1.1295,753,0
rep3,1.1299,754,0
rep3,1.1299,755,0
rep3,1.1302,756,0
rep3,1.1304,757,0
rep3,1.1306,758,0
rep3,1.1308,759,0
rep3,1.1309,760,0
rep3,1.1313,761,0
rep3,1.1316,762,0
rep3,1.1318,763,0
rep3,1.1319,764,0
rep3,1.1319,765,0
rep3,1.132,766,0
rep3,1.132,767,0
rep3,1.1321,768,0
rep3,1.1321,769,0
rep3,1.1321,770,0
rep3,1.1323,771,0
rep3,1.1325,772,0
rep3,1.1325,773,0
rep3,1.1326,774,0
rep3,1.1327,775,0
rep3,1.1332,776,0
rep3,1.1336,777,0
rep3,1.1338,778,0
rep3,1.1339,779,0
rep3,1.1345,780,0
rep3,1.1346,781,0
rep3,1.1346,782,0
rep3,1.1348,783,0
rep3,1.135,784,0
rep3,1.1351,785,0
rep3,1.1353,786,0
rep3,1.1354,787,0
rep3,1.1356,788,0
rep3,1.1358,789,0
rep3,1.1361,790,0
rep3,1.1361,791,0
rep3,1.1361,792,0
rep3,1.1365,793,0
rep3,1.1369,794,0
rep3,1.1372,795,0
rep3,1.1373,796,0
rep3,1.1374,797,0
rep3,1.1376,798,0
rep3,1.1385,799,0
rep3,1.1386,800,0
rep3,1.1387,801,0
rep3,1.1389,802,0
rep3,1.1391,803,0
rep3,1.1391,804,0
rep3,1.1392,805,0
rep3,1.1392,806,0
rep3,1.1393,807,0
rep3,1.1394,808,0
rep3,1.1402,809,0
rep3,1.1406,810,0
rep3,1.1409,811,0
rep3,1.1412,812,0
rep3,1.1414,813,0
rep3,1.1417,814,0
rep3,1.1419,815,0
rep3,1.1422,816,0
rep3,1.1423,817,0
rep3,1.1424,818,0
rep3,1.1425,819,0
rep3,1.1426,820,0
rep3,1.1427,821,0
rep3,1.1428,822,0
rep3,1.1429,823,0
rep3,1.1431,824,0
rep3,1.1432,825,0
rep3,1.1436,826,0
rep3,1.1437,827,0
rep3,1.1442,828,0
rep3,1.1442,829,0
rep3,1.1443,830,0
rep3,1.1443,831,0
rep3,1.1444,832,0
rep3,1.1444,833,0
rep3,1.1447,834,0
rep3,1.1448,835,0
rep3,1.1448,836,0
rep3,1.1456,837,0
rep3,1.1456,838,0
rep3,1.146,839,0
rep3,1.1462,840,0
rep3,1.1462,841,0
rep3,1.1463,842,0
rep3,1.1464,843,0
rep3,1.1467,844,0
rep3,1.1467,845,0
rep3,1.147,846,0
rep3,1.1471,847,0
rep3,1.1472,848,0
rep3,1.1472,849,0
rep3,1.1472,850,0
rep3,1.1474,851,0
rep3,1.1475,852,0
rep3,1.1475,853,0
rep3,1.1481,854,0
rep3,1.1482,855,0
rep3,1.1486,856,0
rep3,1.1493,857,0
rep3,1.1498,858,0
rep3,1.15,859,0
rep3,1.1501,860,0
rep3,1.1504,861,0
rep3,1.1504,862,0
rep3,1.1505,863,0
rep3,1.1506,864,0
rep3,1.1508,865,0
rep3,1.1508,866,0
rep3,1.1509,867,0
rep3,1.151,868,0
rep3,1.1513,869,0
rep3,1.1514,870,0
rep3,1.1515,871,0
rep3,1.1515,872,0
rep3,1.1516,873,0
rep3,1.1519,874,0
rep3,1.152,875,0
rep3,1.152,876,0
rep3,1.1521,877,0
rep3,1.1523,878,0
rep3,1.1524,879,0
rep3,1.1528,880,0
rep3,1.1528,881,0
rep3,1.1529,882,0
rep3,1.1529,883,0
rep3,1.1531,884,0
rep3,1.1531,885,0
rep3,1.1532,886,0
rep3,1.1534,887,0
rep3,1.154,888,0
rep3,1.1541,889,0
rep3,1.1542,890,0
rep3,1.1545,891,0
rep3,1.1545,892,0
rep3,1.1548,893,0
rep3,1.1549,894,0
rep3,1.1549,895,0
rep3,1.1553,896,0
rep3,1.1559,897,0
rep3,1.1562,898,0
rep3,1.1564,899,0
rep3,1.1569,900,0
rep3,1.1573,901,0
rep3,1.1575,902,0
rep3,1.1575,903,0
rep3,1.1575,904,0
rep3,1.1576,905,0
rep3,1.158,906,0
rep3,1.1582,907,0
rep3,1.1588,908,0
rep3,1.1589,909,0
rep3,1.1589,910,0
rep3,1.1589,911,0
rep3,1.1592,912,0
rep3,1.1593,913,0
rep3,1.1595,914,0
rep3,1.1597,915,0
rep3,1.1599,916,0
rep3,1.1603,917,0
rep3,1.1606,918,0
rep3,1.1606,919,0
rep3,1.1609,920,0
rep3,1.1615,921,0
rep3,1.1616,922,0
rep3,1.1617,923,0
rep3,1.1619,924,0
rep3,1.1622,925,0
rep3,1.1622,926,0
rep3,1.1623,927,0
rep3,1.1624,928,0
rep3,1.1625,929,0
rep3,1.1628,930,0
rep3,1.1629,931,0
rep3,1.1631,932,0
rep3,1.1631,933,0
rep3,1.1633,934,0
rep3,1.1633,935,0
rep3,1.1634,936,0
rep3,1.1636,937,0
rep3,1.1637,938,0
rep3,1.1637,939,0
rep3,1.1639,940,0
rep3,1.1642,941,0
rep3,1.1642,942,0
rep3,1.1643,943,0
rep3,1.1645,944,0
rep3,1.1646,945,0
rep3,1.1647,946,0
rep3,1.1647,947,0
rep3,1.1652,948,0
rep3,1.1658,949,0
rep3,1.1661,950,0
rep3,1.1661,951,0
rep3,1.1665,952,0
rep3,1.1667,953,0
rep3,1.1671,954,0
rep3,1.1674,955,0
rep3,1.168,956,0
rep3,1.1681,957,0
rep3,1.1681,958,0
rep3,1.1684,959,0
rep3,1.1689,960,0
rep3,1.1689,961,0
rep3,1.169,962,0
rep3,1.1696,963,0
rep3,1.1697,964,0
rep3,1.1698,965,0
rep3,1.1701,966,0
rep3,1.1702,967,0
rep3,1.1702,968,0
rep3,1.1707,969,0
rep3,1.1708,970,0
rep3,1.1712,971,0
rep3,1.1712,972,0
rep3,1.1717,973,0
rep3,1.1718,974,0
rep3,1.1724,975,0
rep3,1.1724,976,0
rep3,1.1726,977,0
rep3,1.1727,978,0
rep3,1.1734,979,0
rep3,1.1736,980,0
rep3,1.1738,981,0
rep3,1.1738,982,0
rep3,1.174,983,0
rep3,1.174,984,0
rep3,1.174,985,0
rep3,1.1741,986,0
rep3,1.1743,987,0
rep3,1.1748,988,0
rep3,1.1751,989,0
rep3,1.1753,990,0
rep3,1.1753,991,0
rep3,1.1753,992,0
rep3,1.1754,993,0
rep3,1.1757,994,0
rep3,1.1757,995,0
rep3,1.1759,996,0
rep3,1.176,997,0
rep3,1.1761,998,0
rep3,1.1761,999,0
rep3,1.1761,1000,0
rep3,1.1761,1001,0
rep3,1.1761,1002,0
rep3,1.1765,1003,0
rep3,1.1766,1004,0
rep3,1.1766,1005,0
rep3,1.1767,1006,0
rep3,1.1767,1007,0
rep3,1.1767,1008,0
rep3,1.1768,1009,0
rep3,1.1769,1010,0
rep3,1.1769,1011,0
rep3,1.1773,1012,0
rep3,1.1775,1013,0
rep3,1.1775,1014,0
rep3,1.1776,1015,0
rep3,1.1777,1016,0
rep3,1.1779,1017,0
rep3,1.1779,1018,0
rep3,1.178,1019,0
rep3,1.1784,1020,0
rep3,1.1785,1021,0
rep3,1.1785,1022,0
rep3,1.1787,1023,0
rep3,1.1787,1024,0
rep3,1.1788,1025,0
rep3,1.1789,1026,0
rep3,1.1791,1027,0
rep3,1.1798,1028,0
rep3,1.1798,1029,0
rep3,1.18,1030,0
rep3,1.1803,1031,0
rep3,1.1803,1032,0
rep3,1.1806,1033,0
rep3,1.1807,1034,0
rep3,1.1807,1035,0
rep3,1.1809,1036,0
rep3,1.181,1037,0
rep3,1.181,1038,0
rep3,1.1811,1039,0
rep3,1.1812,1040,0
rep3,1.1813,1041,0
rep3,1.1814,1042,0
rep3,1.1815,1043,0
rep3,1.1816,1044,0
rep3,1.1819,1045,0
rep3,1.1821,1046,0
rep3,1.1821,1047,0
rep3,1.1821,1048,0
rep3,1.1823,1049,0
rep3,1.1823,1050,0
rep3,1.1823,1051,0
rep3,1.1823,1052,0
rep3,1.1827,1053,0
rep3,1.1829,1054,0
rep3,1.1831,1055,0
rep3,1.1831,1056,0
rep3,1.1832,1057,0
rep3,1.1833,1058,0
rep3,1.1835,1059,0
rep3,1.1838,1060,0
rep3,1.1838,1061,0
rep3,1.184,1062,0
rep3,1.1842,1063,0
rep3,1.1844,1064,0
rep3,1.1844,1065,0
rep3,1.1846,1066,0
rep3,1.1847,1067,0
rep3,1.1847,1068,0
rep3,1.1848,1069,0
rep3,1.1852,1070,0
rep3,1.1854,1071,0
rep3,1.1858,1072,0
rep3,1.1858,1073,0
rep3,1.1862,1074,0
rep3,1.1862,1075,0
rep3,1.1863,1076,0
rep3,1.1864,1077,0
rep3,1.1864,1078,0
rep3,1.1868,1079,0
rep3,1.1874,1080,0
rep3,1.1878,1081,0
rep3,1.1879,1082,0
rep3,1.188,1083,0
rep3,1.1882,1084,0
rep3,1.1882,1085,0
rep3,1.1883,1086,0
rep3,1.1889,1087,0
rep3,1.1893,1088,0
rep3,1.1895,1089,0
rep3,1.1895,1090,0
rep3,1.1897,1091,0
rep3,1.1897,1092,0
rep3,1.1899,1093,0
rep3,1.19,1094,0
rep3,1.1902,1095,0
rep3,1.1903,1096,0
rep3,1.1903,1097,0
rep3,1.1905,1098,0
rep3,1.1906,1099,0
rep3,1.1906,1100,0
rep3,1.1907,1101,0
rep3,1.1907,1102,0
rep3,1.191,1103,0
rep3,1.191,1104,0
rep3,1.1915,1105,0
rep3,1.1919,1106,0
rep3,1.1919,1107,0
rep3,1.1932,1108,0
rep3,1.1936,1109,0
rep3,1.1936,1110,0
rep3,1.1938,1111,0
rep3,1.194,1112,0
rep3,1.1943,1113,0
rep3,1.1946,1114,0
rep3,1.1948,1115,0
rep3,1.1955,1116,0
rep3,1.1956,1117,0
rep3,1.1956,1118,0
rep3,1.1958,1119,0
rep3,1.1959,1120,0
rep3,1.1959,1121,0
rep3,1.1962,1122,0
rep3,1.1967,1123,0
rep3,1.1967,1124,0
rep3,1.1969,1125,0
rep3,1.1969,1126,0
rep3,1.1976,1127,0
rep3,1.1978,1128,0
rep3,1.1979,1129,0
rep3,1.1979,1130,0
rep3,1.1982,1131,0
rep3,1.1982,1132,0
rep3,1.1982,1133,0
rep3,1.1988,1134,0
rep3,1.1989,1135,0
rep3,1.1991,1136,0
rep3,1.1991,1137,0
rep3,1.1995,1138,0
rep3,1.1997,1139,0
rep3,1.2001,1140,0
rep3,1.2003,1141,0
rep3,1.2006,1142,0
rep3,1.2009,1143,0
rep3,1.201,1144,0
rep3,1.2012,1145,0
rep3,1.2013,1146,0
rep3,1.2014,1147,0
rep3,1.2018,1148,0
rep3,1.2022,1149,0
rep3,1.2025,1150,0
rep3,1.203,1151,0
rep3,1.2033,1152,0
rep3,1.2034,1153,0
rep3,1.2035,1154,0
rep3,1.2035,1155,0
rep3,1.2038,1156,0
rep3,1.2039,1157,0
rep3,1.2041,1158,0
rep3,1.2041,1159,0
rep3,1.2042,1160,0
rep3,1.2046,1161,0
rep3,1.2052,1162,0
rep3,1.2052,1163,0
rep3,1.2053,1164,0
rep3,1.2053,1165,0
rep3,1.2054,1166,0
rep3,1.2056,1167,0
rep3,1.2056,1168,0
rep3,1.2059,1169,0
rep3,1.2065,1170,0
rep3,1.2073,1171,0
rep3,1.2073,1172,0
rep3,1.2074,1173,0
rep3,1.2076,1174,0
rep3,1.2077,1175,0
rep3,1.2077,1176,0
rep3,1.208,1177,0
rep3,1.2081,1178,0
rep3,1.2081,1179,0
rep3,1.2084,1180,0
rep3,1.2086,1181,0
rep3,1.2086,1182,0
rep3,1.2086,1183,0
rep3,1.2087,1184,0
rep3,1.2089,1185,0
rep3,1.2089,1186,0
rep3,1.2089,1187,0
rep3,1.2089,1188,0
rep3,1.2092,1189,0
rep3,1.2093,1190,0
rep3,1.2093,1191,0
rep3,1.2093,1192,0
rep3,1.2094,1193,0
rep3,1.2094,1194,0
rep3,1.2094,1195,0
rep3,1.2096,1196,0
rep3,1.2097,1197,0
rep3,1.2097,1198,0
rep3,1.2098,1199,0
rep3,1.21,1200,0
rep3,1.2101,1201,0
rep3,1.2102,1202,0
rep3,1.2106,1203,0
rep3,1.2107,1204,0
rep3,1.2107,1205,0
rep3,1.2108,1206,0
rep3,1.211,1207,0
rep3,1.2112,1208,0
rep3,1.2113,1209,0
rep3,1.2113,1210,0
rep3,1.2114,1211,0
rep3,1.2115,1212,0
rep3,1.2115,1213,0
rep3,1.2115,1214,0
rep3,1.2116,1215,0
rep3,1.212,1216,0
rep3,1.212,1217,0
rep3,1.2121,1218,0
rep3,1.2122,1219,0
rep3,1.2124,1220,0
rep3,1.2125,1221,0
rep3,1.2128,1222,0
rep3,1.2135,1223,0
rep3,1.2141,1224,0
rep3,1.2144,1225,0
rep3,1.2148,1226,0
rep3,1.2151,1227,0
rep3,1.2152,1228,0
rep3,1.2157,1229,0
rep3,1.2157,1230,0
rep3,1.2157,1231,0
rep3,1.2159,1232,0
rep3,1.2161,1233,0
rep3,1.2163,1234,0
rep3,1.2163,1235,0
rep3,1.2164,1236,0
rep3,1.2165,1237,0
rep3,1.2168,1238,0
rep3,1.2168,1239,0
rep3,1.2169,1240,0
rep3,1.2172,1241,0
rep3,1.2174,1242,0
rep3,1.2175,1243,0
rep3,1.2177,1244,0
rep3,1.218,1245,0
rep3,1.2181,1246,0
rep3,1.2182,1247,0
rep3,1.2185,1248,0
rep3,1.2186,1249,0
rep3,1.2186,1250,0
rep3,1.2188,1251,0
rep3,1.2195,1252,0
rep3,1.2197,1253,0
rep3,1.2198,1254,0
rep3,1.2198,1255,0
rep3,1.2202,1256,0
rep3,1.2203,1257,0
rep3,1.2203,1258,0
rep3,1.2205,1259,0
rep3,1.2209,1260,0
rep3,1.2209,1261,0
rep3,1.2212,1262,0
rep3,1.2213,1263,0
rep3,1.2215,1264,0
rep3,1.2219,1265,0
rep3,1.2219,1266,0
rep3,1.2225,1267,0
rep3,1.2227,1268,0
rep3,1.2227,1269,0
rep3,1.223,1270,0
rep3,1.223,1271,0
rep3,1.2232,1272,0
rep3,1.2238,1273,0
rep3,1.2239,1274,0
rep3,1.224,1275,0
rep3,1.224,1276,0
rep3,1.2246,1277,0
rep3,1.2246,1278,0
rep3,1.2246,1279,0
rep3,1.2247,1280,0
rep3,1.2248,1281,0
rep3,1.2249,1282,0
rep3,1.225,1283,0
rep3,1.2251,1284,0
rep3,1.2253,1285,0
rep3,1.2259,1286,0
rep3,1.2259,1287,0
rep3,1.2259,1288,0
rep3,1.226,1289,0
rep3,1.2261,1290,0
rep3,1.2263,1291,0
rep3,1.2266,1292,0
rep3,1.2266,1293,0
rep3,1.2266,1294,0
rep3,1.2268,1295,0
rep3,1.2273,1296,0
rep3,1.2277,1297,0
rep3,1.228,1298,0
rep3,1.2281,1299,0
rep3,1.2282,1300,0
rep3,1.2282,1301,0
rep3,1.2283,1302,0
rep3,1.2284,1303,0
rep3,1.2287,1304,0
rep3,1.2287,1305,0
rep3,1.229,1306,0
rep3,1.2291,1307,0
rep3,1.2294,1308,0
rep3,1.2295,1309,0
rep3,1.2296,1310,0
rep3,1.2297,1311,0
rep3,1.2298,1312,0
rep3,1.23,1313,0
rep3,1.2303,1314,0
rep3,1.2305,1315,0
rep3,1.2306,1316,0
rep3,1.2307,1317,0
rep3,1.2307,1318,0
rep3,1.2308,1319,0
rep3,1.2308,1320,0
rep3,1.231,1321,0
rep3,1.231,1322,0
rep3,1.2311,1323,0
rep3,1.2313,1324,0
rep3,1.2314,1325,0
rep3,1.2315,1326,0
rep3,1.2316,1327,0
rep3,1.2316,1328,0
rep3,1.232,1329,0
rep3,1.2321,1330,0
rep3,1.2322,1331,0
rep3,1.2324,1332,0
rep3,1.2327,1333,0
rep3,1.2334,1334,0
rep3,1.2336,1335,0
rep3,1.2342,1336,0
rep3,1.2342,1337,0
rep3,1.2343,1338,0
rep3,1.2344,1339,0
rep3,1.2345,1340,0
rep3,1.2349,1341,0
rep3,1.2351,1342,0
rep3,1.2351,1343,0
rep3,1.2355,1344,0
rep3,1.2359,1345,0
rep3,1.2361,1346,0
rep3,1.2364,1347,0
rep3,1.2368,1348,0
rep3,1.2379,1349,0
rep3,1.238,1350,0
rep3,1.2382,1351,0
rep3,1.2386,1352,0
rep3,1.2389,1353,0
rep3,1.239,1354,0
rep3,1.239,1355,0
rep3,1.2397,1356,0
rep3,1.2401,1357,0
rep3,1.2401,1358,0
rep3,1.2402,1359,0
rep3,1.2402,1360,0
rep3,1.2412,1361,0
rep3,1.2413,1362,0
rep3,1.2413,1363,0
rep3,1.2416,1364,0
rep3,1.2416,1365,0
rep3,1.2417,1366,0
rep3,1.2418,1367,0
rep3,1.2419,1368,0
rep3,1.2421,1369,0
rep3,1.243,1370,0
rep3,1.2431,1371,0
rep3,1.2431,1372,0
rep3,1.2433,1373,0
rep3,1.2433,1374,0
rep3,1.2435,1375,0
rep3,1.244,1376,0
rep3,1.244,1377,0
rep3,1.244,1378,0
rep3,1.2442,1379,0
rep3,1.2443,1380,0
rep3,1.2448,1381,0
rep3,1.2451,1382,0
rep3,1.2452,1383,0
rep3,1.2455,1384,0
rep3,1.2456,1385,0
rep3,1.2459,1386,0
rep3,1.2459,1387,0
rep3,1.2461,1388,0
rep3,1.2465,1389,0
rep3,1.2467,1390,0
rep3,1.2467,1391,0
rep3,1.2468,1392,0
rep3,1.2471,1393,0
rep3,1.2471,1394,0
rep3,1.2476,1395,0
rep3,1.2476,1396,0
rep3,1.2477,1397,0
rep3,1.2478,1398,0
rep3,1.248,1399,0
rep3,1.2483,1400,0
rep3,1.2484,1401,0
rep3,1.2485,1402,0
rep3,1.2491,1403,0
rep3,1.2492,1404,0
rep3,1.2494,1405,0
rep3,1.25,1406,0
rep3,1.25,1407,0
rep3,1.2501,1408,0
rep3,1.2502,1409,0
rep3,1.2503,1410,0
rep3,1.2503,1411,0
rep3,1.2504,1412,0
rep3,1.2505,1413,0
rep3,1.2506,1414,0
rep3,1.2507,1415,0
rep3,1.2507,1416,0
rep3,1.251,1417,0
rep3,1.2511,1418,0
rep3,1.2517,1419,0
rep3,1.2519,1420,0
rep3,1.2522,1421,0
rep3,1.2524,1422,0
rep3,1.2525,1423,0
rep3,1.2535,1424,0
rep3,1.2536,1425,0
rep3,1.2536,1426,0
rep3,1.2543,1427,0
rep3,1.2546,1428,0
rep3,1.2547,1429,0
rep3,1.2547,1430,0
rep3,1.2549,1431,0
rep3,1.2554,1432,0
rep3,1.2555,1433,0
rep3,1.2564,1434,0
rep3,1.2564,1435,0
rep3,1.2564,1436,0
rep3,1.2565,1437,0
rep3,1.2567,1438,0
rep3,1.2573,1439,0
rep3,1.2573,1440,0
rep3,1.2576,1441,0
rep3,1.2578,1442,0
rep3,1.258,1443,0
rep3,1.2585,1444,0
rep3,1.2592,1445,0
rep3,1.2595,1446,0
rep3,1.2596,1447,0
rep3,1.2597,1448,0
rep3,1.26,1449,0
rep3,1.2609,1450,0
rep3,1.2609,1451,0
rep3,1.2613,1452,0
rep3,1.2615,1453,0
rep3,1.2619,1454,0
rep3,1.2623,1455,0
rep3,1.2627,1456,0
rep3,1.2627,1457,0
rep3,1.2628,1458,0
rep3,1.2632,1459,0
rep3,1.2633,1460,0
rep3,1.2637,1461,0
rep3,1.2637,1462,0
rep3,1.264,1463,0
rep3,1.264,1464,0
rep3,1.2641,1465,0
rep3,1.2646,1466,0
rep3,1.2651,1467,0
rep3,1.2652,1468,0
rep3,1.2657,1469,0
rep3,1.2658,1470,0
rep3,1.2658,1471,0
rep3,1.2666,1472,0
rep3,1.2669,1473,0
rep3,1.267,1474,0
rep3,1.2675,1475,0
rep3,1.2675,1476,0
rep3,1.2676,1477,0
rep3,1.2677,1478,0
rep3,1.2679,1479,0
rep3,1.268,1480,0
rep3,1.268,1481,0
rep3,1.2681,1482,0
rep3,1.2681,1483,0
rep3,1.2682,1484,0
rep3,1.2685,1485,0
rep3,1.2685,1486,0
rep3,1.2685,1487,0
rep3,1.2685,1488,0
rep3,1.2689,1489,0
rep3,1.269,1490,0
rep3,1.2694,1491,0
rep3,1.2697,1492,0
rep3,1.2705,1493,0
rep3,1.2707,1494,0
rep3,1.2713,1495,0
rep3,1.2716,1496,0
rep3,1.2717,1497,0
rep3,1.2717,1498,0
rep3,1.272,1499,0
rep3,1.2721,1500,0
rep3,1.2722,1501,0
rep3,1.2723,1502,0
rep3,1.2725,1503,0
rep3,1.2726,1504,0
rep3,1.2727,1505,0
rep3,1.2727,1506,0
rep3,1.2731,1507,0
rep3,1.2732,1508,0
rep3,1.2736,1509,0
rep3,1.2736,1510,0
rep3,1.2737,1511,0
rep3,1.274,1512,0
rep3,1.2741,1513,0
rep3,1.2747,1514,0
rep3,1.2751,1515,0
rep3,1.2753,1516,0
rep3,1.2754,1517,0
rep3,1.2761,1518,0
rep3,1.2762,1519,0
rep3,1.2762,1520,0
rep3,1.2763,1521,0
rep3,1.2778,1522,0
rep3,1.2779,1523,0
rep3,1.2781,1524,0
rep3,1.2781,1525,0
rep3,1.2782,1526,0
rep3,1.2785,1527,0
rep3,1.2785,1528,0
rep3,1.2785,1529,0
rep3,1.2787,1530,0
rep3,1.2791,1531,0
rep3,1.2795,1532,0
rep3,1.2797,1533,0
rep3,1.2798,1534,0
rep3,1.2799,1535,0
rep3,1.2803,1536,0
rep3,1.2805,1537,0
rep3,1.2808,1538,0
rep3,1.2808,1539,0
rep3,1.2809,1540,0
rep3,1.2813,1541,0
rep3,1.2816,1542,0
rep3,1.2818,1543,0
rep3,1.2821,1544,0
rep3,1.2823,1545,0
rep3,1.2825,1546,0
rep3,1.2826,1547,0
rep3,1.2829,1548,0
rep3,1.2832,1549,0
rep3,1.2836,1550,0
rep3,1.2841,1551,0
rep3,1.2844,1552,0
rep3,1.2845,1553,0
rep3,1.2847,1554,0
rep3,1.2849,1555,0
rep3,1.285,1556,0
rep3,1.2852,1557,0
rep3,1.2855,1558,0
rep3,1.286,1559,0
rep3,1.2862,1560,0
rep3,1.2863,1561,0
rep3,1.2866,1562,0
rep3,1.2866,1563,0
rep3,1.2869,1564,0
rep3,1.287,1565,0
rep3,1.2871,1566,0
rep3,1.2872,1567,0
rep3,1.2878,1568,0
rep3,1.288,1569,0
rep3,1.288,1570,0
rep3,1.2882,1571,0
rep3,1.2883,1572,0
rep3,1.2885,1573,0
rep3,1.2885,1574,0
rep3,1.2886,1575,0
rep3,1.2888,1576,0
rep3,1.2897,1577,0
rep3,1.2897,1578,0
rep3,1.2897,1579,0
rep3,1.2899,1580,0
rep3,1.2901,1581,0
rep3,1.2902,1582,0
rep3,1.2912,1583,0
rep3,1.2919,1584,0
rep3,1.2921,1585,0
rep3,1.2924,1586,0
rep3,1.2924,1587,0
rep3,1.2927,1588,0
rep3,1.2927,1589,0
rep3,1.2927,1590,0
rep3,1.2933,1591,0
rep3,1.2934,1592,0
rep3,1.2934,1593,0
rep3,1.2936,1594,0
rep3,1.2936,1595,0
rep3,1.2942,1596,0
rep3,1.2943,1597,0
rep3,1.2943,1598,0
rep3,1.2944,1599,0
rep3,1.2945,1600,0
rep3,1.295,1601,0
rep3,1.2951,1602,0
rep3,1.2955,1603,0
rep3,1.2955,1604,0
rep3,1.2957,1605,0
rep3,1.2957,1606,0
rep3,1.2958,1607,0
rep3,1.296,1608,0
rep3,1.2965,1609,0
rep3,1.2966,1610,0
rep3,1.2966,1611,0
rep3,1.2968,1612,0
rep3,1.2968,1613,0
rep3,1.2971,1614,0
rep3,1.2972,1615,0
rep3,1.2974,1616,0
rep3,1.2976,1617,0
rep3,1.2977,1618,0
rep3,1.2979,1619,0
rep3,1.2981,1620,0
rep3,1.2989,1621,0
rep3,1.2991,1622,0
rep3,1.2993,1623,0
rep3,1.2997,1624,0
rep3,1.3002,1625,0
rep3,1.3003,1626,0
rep3,1.3003,1627,0
rep3,1.3003,1628,0
rep3,1.3004,1629,0
rep3,1.3007,1630,0
rep3,1.3007,1631,0
rep3,1.3008,1632,0
rep3,1.3008,1633,0
rep3,1.3017,1634,0
rep3,1.3018,1635,0
rep3,1.3023,1636,0
rep3,1.3031,1637,0
rep3,1.3031,1638,0
rep3,1.3044,1639,0
rep3,1.3045,1640,0
rep3,1.3047,1641,0
rep3,1.3047,1642,0
rep3,1.3048,1643,0
rep3,1.3051,1644,0
rep3,1.3054,1645,0
rep3,1.3054,1646,0
rep3,1.3055,1647,0
rep3,1.3057,1648,0
rep3,1.3071,1649,0
rep3,1.3076,1650,0
rep3,1.3076,1651,0
rep3,1.3078,1652,0
rep3,1.3079,1653,0
rep3,1.3079,1654,0
rep3,1.3082,1655,0
rep3,1.3082,1656,0
rep3,1.3085,1657,0
rep3,1.3089,1658,0
rep3,1.3091,1659,0
rep3,1.3092,1660,0
rep3,1.3094,1661,0
rep3,1.3094,1662,0
rep3,1.3095,1663,0
rep3,1.3098,1664,0
rep3,1.3102,1665,0
rep3,1.3103,1666,0
rep3,1.3103,1667,0
rep3,1.3104,1668,0
rep3,1.3104,1669,0
rep3,1.3107,1670,0
rep3,1.3109,1671,0
rep3,1.3109,1672,0
rep3,1.311,1673,0
rep3,1.3117,1674,0
rep3,1.3118,1675,0
rep3,1.312,1676,0
rep3,1.3132,1677,0
rep3,1.3141,1678,0
rep3,1.3142,1679,0
rep3,1.315,1680,0
rep3,1.3152,1681,0
rep3,1.3155,1682,0
rep3,1.3157,1683,0
rep3,1.3159,1684,0
rep3,1.3163,1685,0
rep3,1.317,1686,0
rep3,1.3172,1687,0
rep3,1.3179,1688,0
rep3,1.3183,1689,0
rep3,1.3196,1690,0
rep3,1.32,1691,0
rep3,1.3207,1692,0
rep3,1.3213,1693,0
rep3,1.3215,1694,0
rep3,1.3219,1695,0
rep3,1.3224,1696,0
rep3,1.3225,1697,0
rep3,1.3226,1698,0
rep3,1.3228,1699,0
rep3,1.3229,1700,0
rep3,1.3231,1701,0
rep3,1.3241,1702,0
rep3,1.3245,1703,0
rep3,1.3245,1704,0
rep3,1.3245,1705,0
rep3,1.3246,1706,0
rep3,1.3247,1707,0
rep3,1.3256,1708,0
rep3,1.3261,1709,0
rep3,1.3261,1710,0
rep3,1.3264,1711,0
rep3,1.3265,1712,0
rep3,1.3266,1713,0
rep3,1.327,1714,0
rep3,1.3271,1715,0
rep3,1.3276,1716,0
rep3,1.3278,1717,0
rep3,1.3286,1718,0
rep3,1.3286,1719,0
rep3,1.3286,1720,0
rep3,1.3289,1721,0
rep3,1.3289,1722,0
rep3,1.3295,1723,0
rep3,1.331,1724,0
rep3,1.331,1725,0
rep3,1.3311,1726,0
rep3,1.3312,1727,0
rep3,1.3313,1728,0
rep3,1.3317,1729,0
rep3,1.3323,1730,0
rep3,1.3327,1731,0
rep3,1.333,1732,0
rep3,1.3338,1733,0
rep3,1.3339,1734,0
rep3,1.334,1735,0
rep3,1.3342,1736,0
rep3,1.3345,1737,0
rep3,1.335,1738,0
rep3,1.3353,1739,0
rep3,1.3355,1740,0
rep3,1.3355,1741,0
rep3,1.3356,1742,0
rep3,1.3357,1743,0
rep3,1.3361,1744,0
rep3,1.3367,1745,0
rep3,1.3368,1746,0
rep3,1.337,1747,0
rep3,1.3371,1748,0
rep3,1.3371,1749,0
rep3,1.3377,1750,0
rep3,1.3377,1751,0
rep3,1.3377,1752,0
rep3,1.3378,1753,0
rep3,1.3379,1754,0
rep3,1.3386,1755,0
rep3,1.339,1756,0
rep3,1.3392,1757,0
rep3,1.3396,1758,0
rep3,1.3396,1759,0
rep3,1.3398,1760,0
rep3,1.3398,1761,0
rep3,1.3398,1762,0
rep3,1.3401,1763,0
rep3,1.3403,1764,0
rep3,1.3404,1765,0
rep3,1.3407,1766,0
rep3,1.3417,1767,0
rep3,1.3431,1768,0
rep3,1.3432,1769,0
rep3,1.3443,1770,0
rep3,1.3444,1771,0
rep3,1.3448,1772,0
rep3,1.3451,1773,0
rep3,1.3451,1774,0
rep3,1.3451,1775,0
rep3,1.3454,1776,0
rep3,1.346,1777,0
rep3,1.346,1778,0
rep3,1.3478,1779,0
rep3,1.3478,1780,0
rep3,1.3485,1781,0
rep3,1.3489,1782,0
rep3,1.3489,1783,0
rep3,1.3489,1784,0
rep3,1.3498,1785,0
rep3,1.3504,1786,0
rep3,1.3504,1787,0
rep3,1.3512,1788,0
rep3,1.3523,1789,0
rep3,1.3523,1790,0
rep3,1.3527,1791,0
rep3,1.3529,1792,0
rep3,1.3535,1793,0
rep3,1.3535,1794,0
rep3,1.3536,1795,0
rep3,1.3539,1796,0
rep3,1.3544,1797,0
rep3,1.3547,1798,0
rep3,1.355,1799,0
rep3,1.3551,1800,0
rep3,1.3551,1801,0
rep3,1.3561,1802,0
rep3,1.3563,1803,0
rep3,1.3571,1804,0
rep3,1.3577,1805,0
rep3,1.3582,1806,0
rep3,1.3591,1807,0
rep3,1.3602,1808,0
rep3,1.3602,1809,0
rep3,1.3616,1810,0
rep3,1.3621,1811,0
rep3,1.3622,1812,0
rep3,1.3625,1813,0
rep3,1.3642,1814,0
rep3,1.3646,1815,0
rep3,1.3646,1816,0
rep3,1.3647,1817,0
rep3,1.3652,1818,0
rep3,1.3655,1819,0
rep3,1.3656,1820,0
rep3,1.3657,1821,0
rep3,1.3663,1822,0
rep3,1.3671,1823,0
rep3,1.3672,1824,0
rep3,1.3679,1825,0
rep3,1.3681,1826,0
rep3,1.3685,1827,0
rep3,1.3685,1828,0
rep3,1.3685,1829,0
rep3,1.3692,1830,0
rep3,1.3693,1831,0
rep3,1.3693,1832,0
rep3,1.3694,1833,0
rep3,1.3697,1834,0
rep3,1.37,1835,0
rep3,1.3702,1836,0
rep3,1.3717,1837,0
rep3,1.3724,1838,0
rep3,1.373,1839,0
rep3,1.3732,1840,0
rep3,1.3733,1841,0
rep3,1.3736,1842,0
rep3,1.3738,1843,0
rep3,1.3738,1844,0
rep3,1.3745,1845,0
rep3,1.3745,1846,0
rep3,1.3752,1847,0
rep3,1.3755,1848,0
rep3,1.3767,1849,0
rep3,1.3771,1850,0
rep3,1.3772,1851,0
rep3,1.3774,1852,0
rep3,1.3777,1853,0
rep3,1.3787,1854,0
rep3,1.3789,1855,0
rep3,1.3804,1856,0
rep3,1.3808,1857,0
rep3,1.3825,1858,0
rep3,1.3828,1859,0
rep3,1.3843,1860,0
rep3,1.3849,1861,0
rep3,1.3852,1862,0
rep3,1.3856,1863,0
rep3,1.3864,1864,0
rep3,1.3865,1865,0
rep3,1.3874,1866,0
rep3,1.3877,1867,0
rep3,1.3891,1868,0
rep3,1.3891,1869,0
rep3,1.3891,1870,0
rep3,1.3898,1871,0
rep3,1.3901,1872,0
rep3,1.3908,1873,0
rep3,1.3908,1874,0
rep3,1.3916,1875,0
rep3,1.3921,1876,0
rep3,1.3927,1877,0
rep3,1.393,1878,0
rep3,1.395,1879,0
rep3,1.396,1880,0
rep3,1.3961,1881,0
rep3,1.3974,1882,0
rep3,1.3975,1883,0
rep3,1.3988,1884,0
rep3,1.399,1885,0
rep3,1.3992,1886,0
rep3,1.3994,1887,0
rep3,1.3995,1888,0
rep3,1.402,1889,0
rep3,1.4022,1890,0
rep3,1.4028,1891,0
rep3,1.4033,1892,0
rep3,1.4038,1893,0
rep3,1.4042,1894,0
rep3,1.4047,1895,0
rep3,1.4051,1896,0
rep3,1.4054,1897,0
rep3,1.4058,1898,0
rep3,1.4064,1899,0
rep3,1.4068,1900,0
rep3,1.407,1901,0
rep3,1.4072,1902,0
rep3,1.4084,1903,0
rep3,1.4091,1904,0
rep3,1.4102,1905,0
rep3,1.4103,1906,0
rep3,1.4145,1907,0
rep3,1.4159,1908,0
rep3,1.4165,1909,0
rep3,1.417,1910,0
rep3,1.4173,1911,0
rep3,1.4176,1912,0
rep3,1.418,1913,0
rep3,1.4194,1914,0
rep3,1.4208,1915,0
rep3,1.4212,1916,0
rep3,1.4221,1917,0
rep3,1.4222,1918,0
rep3,1.4223,1919,0
rep3,1.4224,1920,0
rep3,1.4226,1921,0
rep3,1.4228,1922,0
rep3,1.4228,1923,0
rep3,1.4235,1924,0
rep3,1.4237,1925,0
rep3,1.4253,1926,0
rep3,1.4266,1927,0
rep3,1.427,1928,0
rep3,1.4277,1929,0
rep3,1.4291,1930,0
rep3,1.4303,1931,0
rep3,1.4306,1932,0
rep3,1.4326,1933,0
rep3,1.4333,1934,0
rep3,1.4358,1935,0
rep3,1.4358,1936,0
rep3,1.442,1937,0
rep3,1.4428,1938,0
rep3,1.4446,1939,0
rep3,1.4451,1940,0
rep3,1.4465,1941,0
rep3,1.4469,1942,0
rep3,1.447,1943,0
rep3,1.4475,1944,0
rep3,1.4476,1945,0
rep3,1.4479,1946,0
rep3,1.4483,1947,0
rep3,1.4495,1948,0
rep3,1.4498,1949,0
rep3,1.4505,1950,0
rep3,1.4511,1951,0
rep3,1.4512,1952,0
rep3,1.4513,1953,0
rep3,1.4513,1954,0
rep3,1.4518,1955,0
rep3,1.4566,1956,0
rep3,1.4583,1957,0
rep3,1.4595,1958,0
rep3,1.46,1959,0
rep3,1.4605,1960,0
rep3,1.4617,1961,0
rep3,1.4637,1962,0
rep3,1.4654,1963,0
rep3,1.4671,1964,0
rep3,1.4677,1965,0
rep3,1.4685,1966,0
rep3,1.4696,1967,0
rep3,1.4705,1968,0
rep3,1.471,1969,0
rep3,1.4726,1970,0
rep3,1.4728,1971,0
rep3,1.4733,1972,0
rep3,1.4745,1973,0
rep3,1.4754,1974,0
rep3,1.477,1975,0
rep3,1.4793,1976,0
rep3,1.4794,1977,0
rep3,1.4798,1978,0
rep3,1.4801,1979,0
rep3,1.4807,1980,0
rep3,1.483,1981,0
rep3,1.4853,1982,0
rep3,1.4853,1983,0
rep3,1.4855,1984,0
rep3,1.4862,1985,0
rep3,1.4873,1986,0
rep3,1.4887,1987,0
rep3,1.4918,1988,0
rep3,1.4918,1989,0
rep3,1.4923,1990,0
rep3,1.4942,1991,0
rep3,1.4953,1992,0
rep3,1.4961,1993,0
rep3,1.4965,1994,0
rep3,1.4974,1995,0
rep3,1.4982,1996,0
rep3,1.4999,1997,0
rep3,1.5001,1998,0
rep3,1.5006,1999,0
rep3,1.5006,2000,0
rep3,1.5031,2001,0
rep3,1.5045,2002,0
rep3,1.5075,2003,0
rep3,1.5086,2004,0
rep3,1.5098,2005,0
rep3,1.5117,2006,0
rep3,1.5126,2007,0
rep3,1.514,2008,0
rep3,1.5154,2009,0
rep3,1.5169,2010,0
rep3,1.5183,2011,0
rep3,1.5193,2012,0
rep3,1.5201,2013,0
rep3,1.5213,2014,0
rep3,1.5227,2015,0
rep3,1.5232,2016,0
rep3,1.5274,2017,0
rep3,1.5281,2018,0
rep3,1.5322,2019,0
rep3,1.5333,2020,0
rep3,1.5333,2021,0
rep3,1.5384,2022,0
rep3,1.5391,2023,0
rep3,1.54,2024,0
rep3,1.541,2025,0
rep3,1.5454,2026,0
rep3,1.5457,2027,0
rep3,1.5467,2028,0
rep3,1.5488,2029,0
rep3,1.5527,2030,0
rep3,1.5539,2031,0
rep3,1.5551,2032,0
rep3,1.5597,2033,0
rep3,1.5602,2034,0
rep3,1.5624,2035,0
rep3,1.5735,2036,0
rep3,1.5747,2037,0
rep3,1.5766,2038,0
rep3,1.5771,2039,0
rep3,1.5772,2040,0
rep3,1.5818,2041,0
rep3,1.5849,2042,0
rep3,1.5858,2043,0
rep3,1.5878,2044,0
rep3,1.5889,2045,0
rep3,1.5953,2046,0
rep3,1.5953,2047,0
rep3,1.6033,2048,0
rep3,1.6072,2049,0
rep3,1.624,2050,0
rep3,1.6246,2051,0
rep3,1.6285,2052,0
rep3,1.636,2053,0
rep3,1.6436,2054,0
rep3,1.6493,2055,0
rep3,1.6595,2056,0
rep3,1.6801,2057,0
rep3,1.6801,2058,0
rep3,1.7546,2059,0
rep3,1.8077,2060,0
rep3,2.0114,2061,0
rep3,2.0431,2062,0
rep3,2.0434,2063,0
rep3,2.0438,2064,0
rep3,2.0443,2065,0
rep3,2.0444,2066,0
rep3,2.0451,2067,0
rep3,2.0464,2068,0
rep3,2.0496,2069,0
rep3,2.0498,2070,0
rep3,2.0503,2071,0
rep3,2.0508,2072,0
rep3,2.0519,2073,0
rep3,2.0527,2074,0
rep3,2.053,2075,0
rep3,2.0541,2076,0
rep3,2.0591,2077,0
rep3,2.0616,2078,0
rep3,2.0756,2079,0
rep3,2.0757,2080,0
rep3,2.0758,2081,0
rep3,2.0758,2082,0
rep3,2.076,2083,0
rep3,2.076,2084,0
rep3,2.0761,2085,0
rep3,2.0762,2086,0
rep3,2.0765,2087,0
rep3,2.0765,2088,0
rep3,2.0766,2089,0
rep3,2.0767,2090,0
rep3,2.0768,2091,0
rep3,2.0772,2092,0
rep3,2.0773,2093,0
rep3,2.0774,2094,0
rep3,2.0774,2095,0
rep3,2.0775,2096,0
rep3,2.078,2097,0
rep3,2.0785,2098,0
rep3,2.0787,2099,0
rep3,2.0787,2100,0
rep3,2.0789,2101,0
rep3,2.0791,2102,0
rep3,2.0791,2103,0
rep3,2.0795,2104,0
rep3,2.0795,2105,0
rep3,2.0797,2106,0
rep3,2.0798,2107,0
rep3,2.08,2108,0
rep3,2.0802,2109,0
rep3,2.0802,2110,0
rep3,2.0803,2111,0
rep3,2.0806,2112,0
rep3,2.0811,2113,0
rep3,2.0812,2114,0
rep3,2.082,2115,0
rep3,2.0822,2116,0
rep3,2.0824,2117,0
rep3,2.0827,2118,0
rep3,2.0828,2119,0
rep3,2.0829,2120,0
rep3,2.0833,2121,0
rep3,2.0839,2122,0
rep3,2.0843,2123,0
rep3,2.0845,2124,0
rep3,2.0846,2125,0
rep3,2.0848,2126,0
rep3,2.0855,2127,0
rep3,2.0859,2128,0
rep3,2.0869,2129,0
rep3,2.0874,2130,0
rep3,2.0875,2131,0
rep3,2.0877,2132,0
rep3,2.0885,2133,0
rep3,2.0885,2134,0
rep3,2.0889,2135,0
rep3,2.0892,2136,0
rep3,2.0904,2137,0
rep3,2.0905,2138,0
rep3,2.091,2139,0
rep3,2.0912,2140,0
rep3,2.0941,2141,0
rep3,2.0969,2142,0
rep3,2.0969,2143,0
rep3,2.0972,2144,0
rep3,2.0986,2145,0
rep3,2.105,2146,0
rep3,2.1088,2147,0
rep3,2.1091,2148,0
rep3,2.1094,2149,0
rep3,2.1095,2150,0
rep3,2.1095,2151,0
rep3,2.1096,2152,0
rep3,2.1101,2153,0
rep3,2.1118,2154,0
rep3,2.1127,2155,0
rep3,2.1134,2156,0
rep3,2.116,2157,0
rep3,2.1164,2158,0
rep3,2.1173,2159,0
rep3,2.1183,2160,0
rep3,2.1188,2161,0
rep3,2.1197,2162,0
rep3,2.1217,2163,0
rep3,2.1228,2164,0
rep3,2.1255,2165,0
rep3,2.1257,2166,0
rep3,2.1264,2167,0
rep3,2.1275,2168,0
rep3,2.1281,2169,0
rep3,2.1289,2170,0
rep3,2.1308,2171,0
rep3,2.1319,2172,0
rep3,2.1324,2173,0
rep3,2.1345,2174,0
rep3,2.1361,2175,0
rep3,2.143,2176,0
rep3,2.145,2177,0
rep3,2.1454,2178,0
rep3,2.1454,2179,0
rep3,2.1471,2180,0
rep3,2.1483,2181,0
rep3,2.1493,2182,0
rep3,2.1509,2183,0
rep3,2.1527,2184,0
rep3,2.1575,2185,0
rep3,2.1587,2186,0
rep3,2.1624,2187,0
rep3,2.1636,2188,0
rep3,2.1689,2189,0
rep3,2.1691,2190,0
rep3,2.1694,2191,0
rep3,2.1695,2192,0
rep3,2.1721,2193,0
rep3,2.1752,2194,0
rep3,2.1759,2195,0
rep3,2.177,2196,0
rep3,2.177,2197,0
rep3,2.1779,2198,0
rep3,2.1785,2199,0
rep3,2.1787,2200,0
rep3,2.1797,2201,0
rep3,2.1864,2202,0
rep3,2.1864,2203,0
rep3,2.1884,2204,0
rep3,2.1898,2205,0
rep3,2.1955,2206,0
rep3,2.1963,2207,0
rep3,2.1966,2208,0
rep3,2.1967,2209,0
rep3,2.1968,2210,0
rep3,2.1979,2211,0
rep3,2.1999,2212,0
rep3,2.2006,2213,0
rep3,2.2013,2214,0
rep3,2.2015,2215,0
rep3,2.2019,2216,0
rep3,2.203,2217,0
rep3,2.2035,2218,0
rep3,2.2038,2219,0
rep3,2.2045,2220,0
rep3,2.2049,2221,0
rep3,2.2104,2222,0
rep3,2.2105,2223,0
rep3,2.2115,2224,0
rep3,2.2127,2225,0
rep3,2.2128,2226,0
rep3,2.2165,2227,0
rep3,2.2166,2228,0
rep3,2.2176,2229,0
rep3,2.2181,2230,0
rep3,2.2189,2231,0
rep3,2.219,2232,0
rep3,2.2195,2233,0
rep3,2.2222,2234,0
rep3,2.2232,2235,0
rep3,2.2239,2236,0
rep3,2.224,2237,0
