rep,t_over_ttl,cum_rehold,cum_duplicate
rep1,1.0073,1,0
rep1,1.0073,2,0
rep1,1.0073,3,0
rep1,1.0073,4,0
rep1,1.0073,5,0
rep1,1.0074,6,0
rep1,1.0074,7,0
rep1,1.0074,8,0
rep1,1.0074,9,0
rep1,1.0075,10,0
rep1,1.0075,11,0
rep1,1.0075,12,0
rep1,1.0076,13,0
rep1,1.0076,14,0
rep1,1.0077,15,0
rep1,1.0077,16,0
rep1,1.0077,17,0
rep1,1.0077,18,0
rep1,1.0077,19,0
rep1,1.0078,20,0
rep1,1.0078,21,0
rep1,1.0079,22,0
rep1,1.0079,23,0
rep1,1.008,24,0
rep1,1.0081,25,0
rep1,1.0082,26,0
rep1,1.0083,27,0
rep1,1.0083,28,0
rep1,1.0083,29,0
rep1,1.0084,30,0
rep1,1.0086,31,0
rep1,1.0087,32,0
rep1,1.0087,33,0
rep1,1.0089,34,0
rep1,1.0089,35,0
rep1,1.009,36,0
rep1,1.009,37,0
rep1,1.009,38,0
rep1,1.0091,39,0
rep1,1.0091,40,0
rep1,1.0092,41,0
rep1,1.0092,42,0
rep1,1.0093,43,0
rep1,1.0093,44,0
rep1,1.0094,45,0
rep1,1.0094,46,0
rep1,1.0095,47,0
rep1,1.0096,48,0
rep1,1.0096,49,0
rep1,1.0096,50,0
rep1,1.0097,51,0
rep1,1.0097,52,0
rep1,1.0097,53,0
rep1,1.0098,54,0
rep1,1.0098,55,0
rep1,1.0098,56,0
rep1,1.0098,57,0
rep1,1.0099,58,0
rep1,1.0099,59,0
rep1,1.0099,60,0
rep1,1.01,61,0
rep1,1.0102,62,0
rep1,1.0102,63,0
rep1,1.0103,64,0
rep1,1.0103,65,0
rep1,1.0103,66,0
rep1,1.0103,67,0
rep1,1.0104,68,0
rep1,1.0105,69,0
rep1,1.0105,70,0
rep1,1.0106,71,0
rep1,1.0106,72,0
rep1,1.0107,73,0
rep1,1.0108,74,0
rep1,1.0112,75,0
rep1,1.0113,76,0
rep1,1.0113,77,0
rep1,1.0114,78,0
rep1,1.0116,79,0
rep1,1.0116,80,0
rep1,1.0117,81,0
rep1,1.0119,82,0
rep1,1.0119,83,0
rep1,1.0119,84,0
rep1,1.012,85,0
rep1,1.012,86,0
rep1,1.0121,87,0
rep1,1.0121,88,0
rep1,1.0122,89,0
rep1,1.0122,90,0
rep1,1.0122,91,0
rep1,1.0124,92,0
rep1,1.0124,93,0
rep1,1.0125,94,0
rep1,1.0126,95,0
rep1,1.0127,96,0
rep1,1.0128,97,0
rep1,1.0128,98,0
rep1,1.0131,99,0
rep1,1.0132,100,0
rep1,1.0133,101,0
rep1,1.0134,102,0
rep1,1.0135,103,0
rep1,1.0136,104,0
rep1,1.0137,105,0
rep1,1.0138,106,0
rep1,1.0139,107,0
rep1,1.0141,108,0
rep1,1.0142,109,0
rep1,1.0143,110,0
rep1,1.0144,111,0
rep1,1.0145,112,0
rep1,1.0146,113,0
rep1,1.0147,114,0
rep1,1.0149,115,0
rep1,1.0149,116,0
rep1,1.015,117,0
rep1,1.015,118,0
rep1,1.0152,119,0
rep1,1.0152,120,0
rep1,1.0152,121,0
rep1,1.0152,122,0
rep1,1.0156,123,0
rep1,1.0158,124,0
rep1,1.0158,125,0
rep1,1.0158,126,0
rep1,1.016,127,0
rep1,1.0161,128,0
rep1,1.0162,129,0
rep1,1.0164,130,0
rep1,1.0165,131,0
rep1,1.0166,132,0
rep1,1.0167,133,0
rep1,1.0169,134,0
rep1,1.0169,135,0
rep1,1.017,136,0
rep1,1.0172,137,0
rep1,1.0174,138,0
rep1,1.0174,139,0
rep1,1.0177,140,0
rep1,1.0178,141,0
rep1,1.018,142,0
rep1,1.0181,143,0
rep1,1.0182,144,0
rep1,1.0184,145,0
rep1,1.0185,146,0
rep1,1.0187,147,0
rep1,1.0187,148,0
rep1,1.0192,149,0
rep1,1.0195,150,0
rep1,1.0199,151,0
rep1,1.02,152,0
rep1,1.02,153,0
rep1,1.0205,154,0
rep1,1.0208,155,0
rep1,1.0209,156,0
rep1,1.0209,157,0
rep1,1.0209,158,0
rep1,1.021,159,0
rep1,1.0211,160,0
rep1,1.0219,161,0
rep1,1.022,162,0
rep1,1.0225,163,0
rep1,1.0228,164,0
rep1,1.0229,165,0
rep1,1.0229,166,0
rep1,1.023,167,0
rep1,1.0237,168,0
rep1,1.0237,169,0
rep1,1.024,170,0
rep1,1.0243,171,0
rep1,1.0244,172,0
rep1,1.0245,173,0
rep1,1.0251,174,0
rep1,1.0255,175,0
rep1,1.0257,176,0
rep1,1.026,177,0
rep1,1.026,178,0
rep1,1.0264,179,0
rep1,1.027,180,0
rep1,1.0271,181,0
rep1,1.0274,182,0
rep1,1.0276,183,0
rep1,1.028,184,0
rep1,1.0281,185,0
rep1,1.0286,186,0
rep1,1.0292,187,0
rep1,1.0292,188,0
rep1,1.0294,189,0
rep1,1.0296,190,0
rep1,1.0297,191,0
rep1,1.03,192,0
rep1,1.0305,193,0
rep1,1.0309,194,0
rep1,1.0311,195,0
rep1,1.0317,196,0
rep1,1.0317,197,0
rep1,1.0333,198,0
rep1,1.0333,199,0
rep1,1.0337,200,0
rep1,1.0364,201,0
rep1,1.0381,202,0
rep1,1.0385,203,0
rep1,1.041,204,0
rep1,1.041,205,0
rep1,1.041,206,0
rep1,1.041,207,0
rep1,1.041,208,0
rep1,1.041,209,0
rep1,1.041,210,0
rep1,1.041,211,0
rep1,1.041,212,0
rep1,1.041,213,0
rep1,1.041,214,0
rep1,1.041,215,0
rep1,1.041,216,0
rep1,1.041,217,0
rep1,1.041,218,0
rep1,1.041,219,0
rep1,1.041,220,0
rep1,1.041,221,0
rep1,1.041,222,0
rep1,1.041,223,0
rep1,1.041,224,0
rep1,1.041,225,0
rep1,1.0411,226,0
rep1,1.0411,227,0
rep1,1.0411,228,0
rep1,1.0411,229,0
rep1,1.0411,230,0
rep1,1.0411,231,0
rep1,1.0411,232,0
rep1,1.0411,233,0
rep1,1.0411,234,0
rep1,1.0412,235,0
rep1,1.0412,236,0
rep1,1.0412,237,0
rep1,1.0412,238,0
rep1,1.0412,239,0
rep1,1.0412,240,0
rep1,1.0412,241,0
rep1,1.0413,242,0
rep1,1.0413,243,0
rep1,1.0413,244,0
rep1,1.0413,245,0
rep1,1.0413,246,0
rep1,1.0413,247,0
rep1,1.0413,248,0
rep1,1.0413,249,0
rep1,1.0414,250,0
rep1,1.0414,251,0
rep1,1.0414,252,0
rep1,1.0414,253,0
rep1,1.0415,254,0
rep1,1.0415,255,0
rep1,1.0415,256,0
rep1,1.0415,257,0
rep1,1.0416,258,0
rep1,1.0416,259,0
rep1,1.0416,260,0
rep1,1.0416,261,0
rep1,1.0416,262,0
rep1,1.0416,263,0
rep1,1.0416,264,0
rep1,1.0416,265,0
rep1,1.0416,266,0
rep1,1.0417,267,0
rep1,1.0417,268,0
rep1,1.0417,269,0
rep1,1.0417,270,0
rep1,1.0417,271,0
rep1,1.0418,272,0
rep1,1.0418,273,0
rep1,1.0418,274,0
rep1,1.0418,275,0
rep1,1.0418,276,0
rep1,1.0419,277,0
rep1,1.0419,278,0
rep1,1.0419,279,0
rep1,1.0419,280,0
rep1,1.0419,281,0
rep1,1.0419,282,0
rep1,1.0419,283,0
rep1,1.0419,284,0
rep1,1.0419,285,0
rep1,1.042,286,0
rep1,1.042,287,0
rep1,1.042,288,0
rep1,1.042,289,0
rep1,1.042,290,0
rep1,1.042,291,0
rep1,1.042,292,0
rep1,1.0421,293,0
rep1,1.0421,294,0
rep1,1.0421,295,0
rep1,1.0421,296,0
rep1,1.0421,297,0
rep1,1.0421,298,0
rep1,1.0421,299,0
rep1,1.0422,300,0
rep1,1.0422,301,0
rep1,1.0422,302,0
rep1,1.0422,303,0
rep1,1.0422,304,0
rep1,1.0422,305,0
rep1,1.0422,306,0
rep1,1.0423,307,0
rep1,1.0423,308,0
rep1,1.0423,309,0
rep1,1.0423,310,0
rep1,1.0424,311,0
rep1,1.0424,312,0
rep1,1.0424,313,0
rep1,1.0424,314,0
rep1,1.0424,315,0
rep1,1.0424,316,0
rep1,1.0425,317,0
rep1,1.0425,318,0
rep1,1.0425,319,0
rep1,1.0425,320,0
rep1,1.0425,321,0
rep1,1.0425,322,0
rep1,1.0426,323,0
rep1,1.0426,324,0
rep1,1.0426,325,0
rep1,1.0426,326,0
rep1,1.0426,327,0
rep1,1.0426,328,0
rep1,1.0427,329,0
rep1,1.0427,330,0
rep1,1.0427,331,0
rep1,1.0427,332,0
rep1,1.0427,333,0
rep1,1.0427,334,0
rep1,1.0428,335,0
rep1,1.0428,336,0
rep1,1.0428,337,0
rep1,1.0428,338,0
rep1,1.0428,339,0
rep1,1.0428,340,0
rep1,1.0429,341,0
rep1,1.0429,342,0
rep1,1.0429,343,0
rep1,1.0429,344,0
rep1,1.0429,345,0
rep1,1.0429,346,0
rep1,1.0429,347,0
rep1,1.043,348,0
rep1,1.043,349,0
rep1,1.043,350,0
rep1,1.043,351,0
rep1,1.043,352,0
rep1,1.043,353,0
rep1,1.043,354,0
rep1,1.043,355,0
rep1,1.0431,356,0
rep1,1.0431,357,0
rep1,1.0431,358,0
rep1,1.0431,359,0
rep1,1.0431,360,0
rep1,1.0431,361,0
rep1,1.0432,362,0
rep1,1.0432,363,0
rep1,1.0432,364,0
rep1,1.0432,365,0
rep1,1.0432,366,0
rep1,1.0433,367,0
rep1,1.0433,368,0
rep1,1.0433,369,0
rep1,1.0433,370,0
rep1,1.0433,371,0
rep1,1.0433,372,0
rep1,1.0434,373,0
rep1,1.0434,374,0
rep1,1.0434,375,0
rep1,1.0434,376,0
rep1,1.0434,377,0
rep1,1.0435,378,0
rep1,1.0435,379,0
rep1,1.0435,380,0
rep1,1.0435,381,0
rep1,1.0435,382,0
rep1,1.0435,383,0
rep1,1.0435,384,0
rep1,1.0436,385,0
rep1,1.0436,386,0
rep1,1.0436,387,0
rep1,1.0436,388,0
rep1,1.0436,389,0
rep1,1.0436,390,0
rep1,1.0436,391,0
rep1,1.0437,392,0
rep1,1.0437,393,0
rep1,1.0437,394,0
rep1,1.0437,395,0
rep1,1.0437,396,0
rep1,1.0438,397,0
rep1,1.0438,398,0
rep1,1.0438,399,0
rep1,1.0438,400,0
rep1,1.0438,401,0
rep1,1.0439,402,0
rep1,1.0439,403,0
rep1,1.0439,404,0
rep1,1.0439,405,0
rep1,1.0439,406,0
rep1,1.0439,407,0
rep1,1.0439,408,0
rep1,1.044,409,0
rep1,1.044,410,0
rep1,1.044,411,0
rep1,1.044,412,0
rep1,1.044,413,0
rep1,1.0441,414,0
rep1,1.0441,415,0
rep1,1.0441,416,0
rep1,1.0441,417,0
rep1,1.0442,418,0
rep1,1.0442,419,0
rep1,1.0442,420,0
rep1,1.0442,421,0
rep1,1.0443,422,0
rep1,1.0443,423,0
rep1,1.0443,424,0
rep1,1.0443,425,0
rep1,1.0443,426,0
rep1,1.0443,427,0
rep1,1.0443,428,0
rep1,1.0444,429,0
rep1,1.0444,430,0
rep1,1.0444,431,0
rep1,1.0444,432,0
rep1,1.0444,433,0
rep1,1.0444,434,0
rep1,1.0444,435,0
rep1,1.0445,436,0
rep1,1.0445,437,0
rep1,1.0445,438,0
rep1,1.0445,439,0
rep1,1.0446,440,0
rep1,1.0446,441,0
rep1,1.0447,442,0
rep1,1.0447,443,0
rep1,1.0447,444,0
rep1,1.0447,445,0
rep1,1.0448,446,0
rep1,1.0448,447,0
rep1,1.0448,448,0
rep1,1.0448,449,0
rep1,1.0448,450,0
rep1,1.0449,451,0
rep1,1.0449,452,0
rep1,1.0449,453,0
rep1,1.0449,454,0
rep1,1.0449,455,0
rep1,1.0449,456,0
rep1,1.045,457,0
rep1,1.045,458,0
rep1,1.045,459,0
rep1,1.045,460,0
rep1,1.045,461,0
rep1,1.045,462,0
rep1,1.045,463,0
rep1,1.0451,464,0
rep1,1.0451,465,0
rep1,1.0451,466,0
rep1,1.0451,467,0
rep1,1.0451,468,0
rep1,1.0452,469,0
rep1,1.0452,470,0
rep1,1.0452,471,0
rep1,1.0452,472,0
rep1,1.0452,473,0
rep1,1.0453,474,0
rep1,1.0453,475,0
rep1,1.0453,476,0
rep1,1.0453,477,0
rep1,1.0453,478,0
rep1,1.0453,479,0
rep1,1.0454,480,0
rep1,1.0454,481,0
rep1,1.0454,482,0
rep1,1.0454,483,0
rep1,1.0454,484,0
rep1,1.0454,485,0
rep1,1.0455,486,0
rep1,1.0455,487,0
rep1,1.0455,488,0
rep1,1.0455,489,0
rep1,1.0455,490,0
rep1,1.0456,491,0
rep1,1.0456,492,0
rep1,1.0456,493,0
rep1,1.0456,494,0
rep1,1.0456,495,0
rep1,1.0456,496,0
rep1,1.0457,497,0
rep1,1.0457,498,0
rep1,1.0457,499,0
rep1,1.0457,500,0
rep1,1.0458,501,0
rep1,1.0458,502,0
rep1,1.0458,503,0
rep1,1.0458,504,0
rep1,1.0459,505,0
rep1,1.0459,506,0
rep1,1.0459,507,0
rep1,1.0459,508,0
rep1,1.0459,509,0
rep1,1.0459,510,0
rep1,1.046,511,0
rep1,1.046,512,0
rep1,1.046,513,0
rep1,1.046,514,0
rep1,1.046,515,0
rep1,1.046,516,0
rep1,1.0461,517,0
rep1,1.0461,518,0
rep1,1.0461,519,0
rep1,1.0461,520,0
rep1,1.0462,521,0
rep1,1.0462,522,0
rep1,1.0462,523,0
rep1,1.0462,524,0
rep1,1.0463,525,0
rep1,1.0463,526,0
rep1,1.0464,527,0
rep1,1.0464,528,0
rep1,1.0464,529,0
rep1,1.0464,530,0
rep1,1.0464,531,0
rep1,1.0464,532,0
rep1,1.0465,533,0
rep1,1.0465,534,0
rep1,1.0465,535,0
rep1,1.0465,536,0
rep1,1.0465,537,0
rep1,1.0466,538,0
rep1,1.0466,539,0
rep1,1.0466,540,0
rep1,1.0466,541,0
rep1,1.0466,542,0
rep1,1.0466,543,0
rep1,1.0466,544,0
rep1,1.0467,545,0
rep1,1.0467,546,0
rep1,1.0467,547,0
rep1,1.0467,548,0
rep1,1.0467,549,0
rep1,1.0467,550,0
rep1,1.0467,551,0
rep1,1.0467,552,0
rep1,1.0468,553,0
rep1,1.0468,554,0
rep1,1.0468,555,0
rep1,1.0468,556,0
rep1,1.0469,557,0
rep1,1.0469,558,0
rep1,1.047,559,0
rep1,1.047,560,0
rep1,1.047,561,0
rep1,1.047,562,0
rep1,1.047,563,0
rep1,1.0471,564,0
rep1,1.0471,565,0
rep1,1.0471,566,0
rep1,1.0471,567,0
rep1,1.0471,568,0
rep1,1.0472,569,0
rep1,1.0472,570,0
rep1,1.0472,571,0
rep1,1.0472,572,0
rep1,1.0472,573,0
rep1,1.0473,574,0
rep1,1.0473,575,0
rep1,1.0473,576,0
rep1,1.0473,577,0
rep1,1.0473,578,0
rep1,1.0474,579,0
rep1,1.0474,580,0
rep1,1.0474,581,0
rep1,1.0474,582,0
rep1,1.0474,583,0
rep1,1.0475,584,0
rep1,1.0475,585,0
rep1,1.0475,586,0
rep1,1.0476,587,0
rep1,1.0476,588,0
rep1,1.0476,589,0
rep1,1.0476,590,0
rep1,1.0477,591,0
rep1,1.0477,592,0
rep1,1.0477,593,0
rep1,1.0477,594,0
rep1,1.0478,595,0
rep1,1.0478,596,0
rep1,1.0478,597,0
rep1,1.0478,598,0
rep1,1.0479,599,0
rep1,1.0479,600,0
rep1,1.0479,601,0
rep1,1.048,602,0
rep1,1.048,603,0
rep1,1.048,604,0
rep1,1.0481,605,0
rep1,1.0481,606,0
rep1,1.0481,607,0
rep1,1.0481,608,0
rep1,1.0481,609,0
rep1,1.0482,610,0
rep1,1.0482,611,0
rep1,1.0483,612,0
rep1,1.0483,613,0
rep1,1.0483,614,0
rep1,1.0483,615,0
rep1,1.0484,616,0
rep1,1.0484,617,0
rep1,1.0484,618,0
rep1,1.0484,619,0
rep1,1.0484,620,0
rep1,1.0485,621,0
rep1,1.0485,622,0
rep1,1.0485,623,0
rep1,1.0485,624,0
rep1,1.0485,625,0
rep1,1.0486,626,0
rep1,1.0486,627,0
rep1,1.0486,628,0
rep1,1.0486,629,0
rep1,1.0486,630,0
rep1,1.0487,631,0
rep1,1.0487,632,0
rep1,1.0487,633,0
rep1,1.0488,634,0
rep1,1.0488,635,0
rep1,1.0488,636,0
rep1,1.0488,637,0
rep1,1.0489,638,0
rep1,1.0489,639,0
rep1,1.049,640,0
rep1,1.049,641,0
rep1,1.049,642,0
rep1,1.049,643,0
rep1,1.0491,644,0
rep1,1.0491,645,0
rep1,1.0491,646,0
rep1,1.0491,647,0
rep1,1.0491,648,0
rep1,1.0491,649,0
rep1,1.0492,650,0
rep1,1.0492,651,0
rep1,1.0492,652,0
rep1,1.0492,653,0
rep1,1.0492,654,0
rep1,1.0493,655,0
rep1,1.0493,656,0
rep1,1.0493,657,0
rep1,1.0494,658,0
rep1,1.0494,659,0
rep1,1.0494,660,0
rep1,1.0494,661,0
rep1,1.0495,662,0
rep1,1.0495,663,0
rep1,1.0495,664,0
rep1,1.0496,665,0
rep1,1.0496,666,0
rep1,1.0497,667,0
rep1,1.0497,668,0
rep1,1.0497,669,0
rep1,1.0497,670,0
rep1,1.0498,671,0
rep1,1.0498,672,0
rep1,1.0498,673,0
rep1,1.0498,674,0
rep1,1.0499,675,0
rep1,1.0499,676,0
rep1,1.0499,677,0
rep1,1.05,678,0
rep1,1.05,679,0
rep1,1.05,680,0
rep1,1.05,681,0
rep1,1.05,682,0
rep1,1.0501,683,0
rep1,1.0501,684,0
rep1,1.0501,685,0
rep1,1.0501,686,0
rep1,1.0502,687,0
rep1,1.0502,688,0
rep1,1.0502,689,0
rep1,1.0502,690,0
rep1,1.0503,691,0
rep1,1.0503,692,0
rep1,1.0504,693,0
rep1,1.0504,694,0
rep1,1.0504,695,0
rep1,1.0504,696,0
rep1,1.0505,697,0
rep1,1.0505,698,0
rep1,1.0506,699,0
rep1,1.0506,700,0
rep1,1.0506,701,0
rep1,1.0506,702,0
rep1,1.0506,703,0
rep1,1.0507,704,0
rep1,1.0507,705,0
rep1,1.0508,706,0
rep1,1.0508,707,0
rep1,1.0508,708,0
rep1,1.0508,709,0
rep1,1.0508,710,0
rep1,1.0508,711,0
rep1,1.0509,712,0
rep1,1.0509,713,0
rep1,1.0509,714,0
rep1,1.0509,715,0
rep1,1.0509,716,0
rep1,1.0509,717,0
rep1,1.0509,718,0
rep1,1.051,719,0
rep1,1.051,720,0
rep1,1.051,721,0
rep1,1.051,722,0
rep1,1.0511,723,0
rep1,1.0511,724,0
rep1,1.0512,725,0
rep1,1.0512,726,0
rep1,1.0512,727,0
rep1,1.0512,728,0
rep1,1.0513,729,0
rep1,1.0513,730,0
rep1,1.0514,731,0
rep1,1.0514,732,0
rep1,1.0514,733,0
rep1,1.0514,734,0
rep1,1.0515,735,0
rep1,1.0515,736,0
rep1,1.0516,737,0
rep1,1.0516,738,0
rep1,1.0517,739,0
rep1,1.0517,740,0
rep1,1.0517,741,0
rep1,1.0517,742,0
rep1,1.0517,743,0
rep1,1.0518,744,0
rep1,1.0518,745,0
rep1,1.0518,746,0
rep1,1.0519,747,0
rep1,1.0519,748,0
rep1,1.0519,749,0
rep1,1.052,750,0
rep1,1.052,751,0
rep1,1.0522,752,0
rep1,1.0522,753,0
rep1,1.0523,754,0
rep1,1.0523,755,0
rep1,1.0523,756,0
rep1,1.0523,757,0
rep1,1.0523,758,0
rep1,1.0524,759,0
rep1,1.0524,760,0
rep1,1.0525,761,0
rep1,1.0525,762,0
rep1,1.0525,763,0
rep1,1.0525,764,0
rep1,1.0526,765,0
rep1,1.0526,766,0
rep1,1.0526,767,0
rep1,1.0526,768,0
rep1,1.0527,769,0
rep1,1.0527,770,0
rep1,1.0527,771,0
rep1,1.0528,772,0
rep1,1.0528,773,0
rep1,1.0528,774,0
rep1,1.0529,775,0
rep1,1.0529,776,0
rep1,1.0529,777,0
rep1,1.0529,778,0
rep1,1.0529,779,0
rep1,1.053,780,0
rep1,1.053,781,0
rep1,1.053,782,0
rep1,1.0531,783,0
rep1,1.0532,784,0
rep1,1.0532,785,0
rep1,1.0532,786,0
rep1,1.0532,787,0
rep1,1.0532,788,0
rep1,1.0532,789,0
rep1,1.0533,790,0
rep1,1.0535,791,0
rep1,1.0535,792,0
rep1,1.0536,793,0
rep1,1.0537,794,0
rep1,1.0537,795,0
rep1,1.0537,796,0
rep1,1.0537,797,0
rep1,1.0538,798,0
rep1,1.0538,799,0
rep1,1.0538,800,0
rep1,1.0538,801,0
rep1,1.0539,802,0
rep1,1.0539,803,0
rep1,1.0539,804,0
rep1,1.0539,805,0
rep1,1.054,806,0
rep1,1.054,807,0
rep1,1.054,808,0
rep1,1.054,809,0
rep1,1.054,810,0
rep1,1.0541,811,0
rep1,1.0541,812,0
rep1,1.0541,813,0
rep1,1.0541,814,0
rep1,1.0542,815,0
rep1,1.0542,816,0
rep1,1.0542,817,0
rep1,1.0542,818,0
rep1,1.0543,819,0
rep1,1.0543,820,0
rep1,1.0543,821,0
rep1,1.0544,822,0
rep1,1.0544,823,0
rep1,1.0545,824,0
rep1,1.0546,825,0
rep1,1.0546,826,0
rep1,1.0547,827,0
rep1,1.0547,828,0
rep1,1.0547,829,0
rep1,1.0548,830,0
rep1,1.0548,831,0
rep1,1.0548,832,0
rep1,1.0549,833,0
rep1,1.0549,834,0
rep1,1.0549,835,0
rep1,1.0549,836,0
rep1,1.055,837,0
rep1,1.055,838,0
rep1,1.0551,839,0
rep1,1.0551,840,0
rep1,1.0551,841,0
rep1,1.0551,842,0
rep1,1.0552,843,0
rep1,1.0552,844,0
rep1,1.0552,845,0
rep1,1.0553,846,0
rep1,1.0553,847,0
rep1,1.0553,848,0
rep1,1.0553,849,0
rep1,1.0553,850,0
rep1,1.0554,851,0
rep1,1.0554,852,0
rep1,1.0554,853,0
rep1,1.0555,854,0
rep1,1.0555,855,0
rep1,1.0555,856,0
rep1,1.0555,857,0
rep1,1.0556,858,0
rep1,1.0556,859,0
rep1,1.0558,860,0
rep1,1.0558,861,0
rep1,1.0558,862,0
rep1,1.0558,863,0
rep1,1.0559,864,0
rep1,1.0559,865,0
rep1,1.0559,866,0
rep1,1.0559,867,0
rep1,1.0561,868,0
rep1,1.0561,869,0
rep1,1.0561,870,0
rep1,1.0562,871,0
rep1,1.0562,872,0
rep1,1.0562,873,0
rep1,1.0563,874,0
rep1,1.0563,875,0
rep1,1.0563,876,0
rep1,1.0564,877,0
rep1,1.0564,878,0
rep1,1.0564,879,0
rep1,1.0565,880,0
rep1,1.0565,881,0
rep1,1.0565,882,0
rep1,1.0566,883,0
rep1,1.0566,884,0
rep1,1.0566,885,0
rep1,1.0567,886,0
rep1,1.0567,887,0
rep1,1.0568,888,0
rep1,1.0568,889,0
rep1,1.0568,890,0
rep1,1.0568,891,0
rep1,1.0569,892,0
rep1,1.0569,893,0
rep1,1.0569,894,0
rep1,1.057,895,0
rep1,1.057,896,0
rep1,1.057,897,0
rep1,1.057,898,0
rep1,1.0572,899,0
rep1,1.0572,900,0
rep1,1.0572,901,0
rep1,1.0573,902,0
rep1,1.0573,903,0
rep1,1.0573,904,0
rep1,1.0573,905,0
rep1,1.0574,906,0
rep1,1.0575,907,0
rep1,1.0575,908,0
rep1,1.0575,909,0
rep1,1.0575,910,0
rep1,1.0575,911,0
rep1,1.0576,912,0
rep1,1.0576,913,0
rep1,1.0576,914,0
rep1,1.0576,915,0
rep1,1.0577,916,0
rep1,1.0577,917,0
rep1,1.0577,918,0
rep1,1.0577,919,0
rep1,1.0579,920,0
rep1,1.058,921,0
rep1,1.058,922,0
rep1,1.0581,923,0
rep1,1.0581,924,0
rep1,1.0582,925,0
rep1,1.0582,926,0
rep1,1.0584,927,0
rep1,1.0585,928,0
rep1,1.0585,929,0
rep1,1.0585,930,0
rep1,1.0585,931,0
rep1,1.0586,932,0
rep1,1.0587,933,0
rep1,1.0587,934,0
rep1,1.0587,935,0
rep1,1.0587,936,0
rep1,1.0588,937,0
rep1,1.0588,938,0
rep1,1.0588,939,0
rep1,1.0588,940,0
rep1,1.0589,941,0
rep1,1.059,942,0
rep1,1.059,943,0
rep1,1.059,944,0
rep1,1.059,945,0
rep1,1.059,946,0
rep1,1.0592,947,0
rep1,1.0592,948,0
rep1,1.0592,949,0
rep1,1.0592,950,0
rep1,1.0592,951,0
rep1,1.0593,952,0
rep1,1.0594,953,0
rep1,1.0594,954,0
rep1,1.0594,955,0
rep1,1.0595,956,0
rep1,1.0595,957,0
rep1,1.0595,958,0
rep1,1.0596,959,0
rep1,1.0597,960,0
rep1,1.0597,961,0
rep1,1.0597,962,0
rep1,1.0599,963,0
rep1,1.0599,964,0
rep1,1.06,965,0
rep1,1.06,966,0
rep1,1.0601,967,0
rep1,1.0602,968,0
rep1,1.0602,969,0
rep1,1.0602,970,0
rep1,1.0603,971,0
rep1,1.0603,972,0
rep1,1.0603,973,0
rep1,1.0604,974,0
rep1,1.0605,975,0
rep1,1.0605,976,0
rep1,1.0606,977,0
rep1,1.0606,978,0
rep1,1.0607,979,0
rep1,1.0607,980,0
rep1,1.0607,981,0
rep1,1.0608,982,0
rep1,1.0608,983,0
rep1,1.0608,984,0
rep1,1.0609,985,0
rep1,1.0609,986,0
rep1,1.0609,987,0
rep1,1.061,988,0
rep1,1.0612,989,0
rep1,1.0612,990,0
rep1,1.0613,991,0
rep1,1.0614,992,0
rep1,1.0614,993,0
rep1,1.0615,994,0
rep1,1.0615,995,0
rep1,1.0615,996,0
rep1,1.0617,997,0
rep1,1.0618,998,0
rep1,1.0618,999,0
rep1,1.0618,1000,0
rep1,1.062,1001,0
rep1,1.0621,1002,0
rep1,1.0621,1003,0
rep1,1.0622,1004,0
rep1,1.0622,1005,0
rep1,1.0623,1006,0
rep1,1.0624,1007,0
rep1,1.0624,1008,0
rep1,1.0625,1009,0
rep1,1.0626,1010,0
rep1,1.0627,1011,0
rep1,1.0627,1012,0
rep1,1.0628,1013,0
rep1,1.0628,1014,0
rep1,1.0628,1015,0
rep1,1.0629,1016,0
rep1,1.0629,1017,0
rep1,1.0629,1018,0
rep1,1.0629,1019,0
rep1,1.063,1020,0
rep1,1.063,1021,0
rep1,1.0631,1022,0
rep1,1.0631,1023,0
rep1,1.0631,1024,0
rep1,1.0632,1025,0
rep1,1.0632,1026,0
rep1,1.0632,1027,0
rep1,1.0635,1028,0
rep1,1.0635,1029,0
rep1,1.0635,1030,0
rep1,1.0636,1031,0
rep1,1.0636,1032,0
rep1,1.0636,1033,0
rep1,1.0637,1034,0
rep1,1.0639,1035,0
rep1,1.0639,1036,0
rep1,1.064,1037,0
rep1,1.0641,1038,0
rep1,1.0643,1039,0
rep1,1.0643,1040,0
rep1,1.0644,1041,0
rep1,1.0645,1042,0
rep1,1.0646,1043,0
rep1,1.0647,1044,0
rep1,1.0647,1045,0
rep1,1.0648,1046,0
rep1,1.0648,1047,0
rep1,1.0648,1048,0
rep1,1.0649,1049,0
rep1,1.0649,1050,0
rep1,1.0649,1051,0
rep1,1.0649,1052,0
rep1,1.0649,1053,0
rep1,1.065,1054,0
rep1,1.0651,1055,0
rep1,1.0651,1056,0
rep1,1.0651,1057,0
rep1,1.0652,1058,0
rep1,1.0652,1059,0
rep1,1.0653,1060,0
rep1,1.0654,1061,0
rep1,1.0656,1062,0
rep1,1.0657,1063,0
rep1,1.0659,1064,0
rep1,1.066,1065,0
rep1,1.066,1066,0
rep1,1.0661,1067,0
rep1,1.0661,1068,0
rep1,1.0664,1069,0
rep1,1.0665,1070,0
rep1,1.0666,1071,0
rep1,1.0666,1072,0
rep1,1.0668,1073,0
rep1,1.0668,1074,0
rep1,1.067,1075,0
rep1,1.067,1076,0
rep1,1.0671,1077,0
rep1,1.0671,1078,0
rep1,1.0673,1079,0
rep1,1.0673,1080,0
rep1,1.0674,1081,0
rep1,1.0675,1082,0
rep1,1.0676,1083,0
rep1,1.0678,1084,0
rep1,1.0678,1085,0
rep1,1.0679,1086,0
rep1,1.0679,1087,0
rep1,1.0681,1088,0
rep1,1.0682,1089,0
rep1,1.0682,1090,0
rep1,1.0686,1091,0
rep1,1.0686,1092,0
rep1,1.0687,1093,0
rep1,1.0687,1094,0
rep1,1.0691,1095,0
rep1,1.0692,1096,0
rep1,1.0692,1097,0
rep1,1.0693,1098,0
rep1,1.0694,1099,0
rep1,1.0694,1100,0
rep1,1.0694,1101,0
rep1,1.0695,1102,0
rep1,1.0695,1103,0
rep1,1.0697,1104,0
rep1,1.0697,1105,0
rep1,1.0699,1106,0
rep1,1.0699,1107,0
rep1,1.07,1108,0
rep1,1.07,1109,0
rep1,1.0701,1110,0
rep1,1.0701,1111,0
rep1,1.0701,1112,0
rep1,1.0703,1113,0
rep1,1.0703,1114,0
rep1,1.0705,1115,0
rep1,1.0706,1116,0
rep1,1.0706,1117,0
rep1,1.0706,1118,0
rep1,1.0709,1119,0
rep1,1.0709,1120,0
rep1,1.071,1121,0
rep1,1.071,1122,0
rep1,1.0712,1123,0
rep1,1.0713,1124,0
rep1,1.0713,1125,0
rep1,1.0713,1126,0
rep1,1.0714,1127,0
rep1,1.0714,1128,0
rep1,1.0716,1129,0
rep1,1.0716,1130,0
rep1,1.0719,1131,0
rep1,1.0719,1132,0
rep1,1.0722,1133,0
rep1,1.0723,1134,0
rep1,1.0723,1135,0
rep1,1.0724,1136,0
rep1,1.0724,1137,0
rep1,1.0725,1138,0
rep1,1.0726,1139,0
rep1,1.0726,1140,0
rep1,1.0727,1141,0
rep1,1.0728,1142,0
rep1,1.0728,1143,0
rep1,1.0729,1144,0
rep1,1.0729,1145,0
rep1,1.0729,1146,0
rep1,1.0731,1147,0
rep1,1.0733,1148,0
rep1,1.0734,1149,0
rep1,1.0734,1150,0
rep1,1.0737,1151,0
rep1,1.0738,1152,0
rep1,1.0739,1153,0
rep1,1.0739,1154,0
rep1,1.074,1155,0
rep1,1.074,1156,0
rep1,1.0741,1157,0
rep1,1.0743,1158,0
rep1,1.0743,1159,0
rep1,1.0746,1160,0
rep1,1.0746,1161,0
rep1,1.0746,1162,0
rep1,1.0747,1163,0
rep1,1.0747,1164,0
rep1,1.0747,1165,0
rep1,1.0748,1166,0
rep1,1.0749,1167,0
rep1,1.075,1168,0
rep1,1.075,1169,0
rep1,1.075,1170,0
rep1,1.075,1171,0
rep1,1.075,1172,0
rep1,1.0751,1173,0
rep1,1.0751,1174,0
rep1,1.0751,1175,0
rep1,1.0751,1176,0
rep1,1.0751,1177,0
rep1,1.0752,1178,0
rep1,1.0752,1179,0
rep1,1.0753,1180,0
rep1,1.0753,1181,0
rep1,1.0754,1182,0
rep1,1.0754,1183,0
rep1,1.0754,1184,0
rep1,1.0754,1185,0
rep1,1.0755,1186,0
rep1,1.0755,1187,0
rep1,1.0755,1188,0
rep1,1.0755,1189,0
rep1,1.0756,1190,0
rep1,1.0756,1191,0
rep1,1.0756,1192,0
rep1,1.0757,1193,0
rep1,1.0757,1194,0
rep1,1.0757,1195,0
rep1,1.0758,1196,0
rep1,1.0758,1197,0
rep1,1.0758,1198,0
rep1,1.0758,1199,0
rep1,1.0759,1200,0
rep1,1.0759,1201,0
rep1,1.0759,1202,0
rep1,1.0759,1203,0
rep1,1.076,1204,0
rep1,1.076,1205,0
rep1,1.0761,1206,0
rep1,1.0761,1207,0
rep1,1.0761,1208,0
rep1,1.0762,1209,0
rep1,1.0762,1210,0
rep1,1.0763,1211,0
rep1,1.0764,1212,0
rep1,1.0764,1213,0
rep1,1.0764,1214,0
rep1,1.0765,1215,0
rep1,1.0765,1216,0
rep1,1.0765,1217,0
rep1,1.0765,1218,0
rep1,1.0766,1219,0
rep1,1.0766,1220,0
rep1,1.0767,1221,0
rep1,1.0767,1222,0
rep1,1.0768,1223,0
rep1,1.0768,1224,0
rep1,1.0768,1225,0
rep1,1.0768,1226,0
rep1,1.0768,1227,0
rep1,1.0768,1228,0
rep1,1.0769,1229,0
rep1,1.0769,1230,0
rep1,1.0769,1231,0
rep1,1.077,1232,0
rep1,1.077,1233,0
rep1,1.077,1234,0
rep1,1.0771,1235,0
rep1,1.0771,1236,0
rep1,1.0771,1237,0
rep1,1.0771,1238,0
rep1,1.0772,1239,0
rep1,1.0772,1240,0
rep1,1.0772,1241,0
rep1,1.0773,1242,0
rep1,1.0774,1243,0
rep1,1.0774,1244,0
rep1,1.0774,1245,0
rep1,1.0775,1246,0
rep1,1.0775,1247,0
rep1,1.0775,1248,0
rep1,1.0776,1249,0
rep1,1.0776,1250,0
rep1,1.0776,1251,0
rep1,1.0776,1252,0
rep1,1.0776,1253,0
rep1,1.0777,1254,0
rep1,1.0777,1255,0
rep1,1.0778,1256,0
rep1,1.0778,1257,0
rep1,1.0778,1258,0
rep1,1.0779,1259,0
rep1,1.078,1260,0
rep1,1.078,1261,0
rep1,1.078,1262,0
rep1,1.0781,1263,0
rep1,1.0782,1264,0
rep1,1.0782,1265,0
rep1,1.0782,1266,0
rep1,1.0782,1267,0
rep1,1.0783,1268,0
rep1,1.0783,1269,0
rep1,1.0783,1270,0
rep1,1.0784,1271,0
rep1,1.0784,1272,0
rep1,1.0784,1273,0
rep1,1.0785,1274,0
rep1,1.0785,1275,0
rep1,1.0787,1276,0
rep1,1.0787,1277,0
rep1,1.0787,1278,0
rep1,1.0787,1279,0
rep1,1.0788,1280,0
rep1,1.0788,1281,0
rep1,1.0789,1282,0
rep1,1.079,1283,0
rep1,1.079,1284,0
rep1,1.079,1285,0
rep1,1.079,1286,0
rep1,1.079,1287,0
rep1,1.0791,1288,0
rep1,1.0791,1289,0
rep1,1.0791,1290,0
rep1,1.0792,1291,0
rep1,1.0792,1292,0
rep1,1.0793,1293,0
rep1,1.0793,1294,0
rep1,1.0793,1295,0
rep1,1.0793,1296,0
rep1,1.0793,1297,0
rep1,1.0794,1298,0
rep1,1.0794,1299,0
rep1,1.0795,1300,0
rep1,1.0796,1301,0
rep1,1.0796,1302,0
rep1,1.0796,1303,0
rep1,1.0796,1304,0
rep1,1.0796,1305,0
rep1,1.0797,1306,0
rep1,1.0797,1307,0
rep1,1.0797,1308,0
rep1,1.0798,1309,0
rep1,1.0798,1310,0
rep1,1.0799,1311,0
rep1,1.0799,1312,0
rep1,1.0799,1313,0
rep1,1.08,1314,0
rep1,1.08,1315,0
rep1,1.08,1316,0
rep1,1.08,1317,0
rep1,1.08,1318,0
rep1,1.0801,1319,0
rep1,1.0801,1320,0
rep1,1.0801,1321,0
rep1,1.0802,1322,0
rep1,1.0802,1323,0
rep1,1.0803,1324,0
rep1,1.0803,1325,0
rep1,1.0803,1326,0
rep1,1.0803,1327,0
rep1,1.0806,1328,0
rep1,1.0807,1329,0
rep1,1.0807,1330,0
rep1,1.0807,1331,0
rep1,1.0809,1332,0
rep1,1.0809,1333,0
rep1,1.0809,1334,0
rep1,1.081,1335,0
rep1,1.081,1336,0
rep1,1.081,1337,0
rep1,1.081,1338,0
rep1,1.0813,1339,0
rep1,1.0813,1340,0
rep1,1.0813,1341,0
rep1,1.0813,1342,0
rep1,1.0813,1343,0
rep1,1.0813,1344,0
rep1,1.0814,1345,0
rep1,1.0814,1346,0
rep1,1.0815,1347,0
rep1,1.0816,1348,0
rep1,1.0817,1349,0
rep1,1.0817,1350,0
rep1,1.0817,1351,0
rep1,1.0818,1352,0
rep1,1.0818,1353,0
rep1,1.0819,1354,0
rep1,1.0819,1355,0
rep1,1.0819,1356,0
rep1,1.082,1357,0
rep1,1.082,1358,0
rep1,1.082,1359,0
rep1,1.082,1360,0
rep1,1.0821,1361,0
rep1,1.0821,1362,0
rep1,1.0822,1363,0
rep1,1.0822,1364,0
rep1,1.0822,1365,0
rep1,1.0823,1366,0
rep1,1.0823,1367,0
rep1,1.0824,1368,0
rep1,1.0824,1369,0
rep1,1.0825,1370,0
rep1,1.0825,1371,0
rep1,1.0826,1372,0
rep1,1.0826,1373,0
rep1,1.0826,1374,0
rep1,1.0827,1375,0
rep1,1.0827,1376,0
rep1,1.0828,1377,0
rep1,1.0828,1378,0
rep1,1.0829,1379,0
rep1,1.0829,1380,0
rep1,1.083,1381,0
rep1,1.0831,1382,0
rep1,1.0831,1383,0
rep1,1.0832,1384,0
rep1,1.0832,1385,0
rep1,1.0832,1386,0
rep1,1.0833,1387,0
rep1,1.0833,1388,0
rep1,1.0834,1389,0
rep1,1.0834,1390,0
rep1,1.0835,1391,0
rep1,1.0835,1392,0
rep1,1.0835,1393,0
rep1,1.0835,1394,0
rep1,1.0836,1395,0
rep1,1.0836,1396,0
rep1,1.0836,1397,0
rep1,1.0837,1398,0
rep1,1.0837,1399,0
rep1,1.0838,1400,0
rep1,1.0839,1401,0
rep1,1.0839,1402,0
rep1,1.084,1403,0
rep1,1.084,1404,0
rep1,1.084,1405,0
rep1,1.0841,1406,0
rep1,1.0841,1407,0
rep1,1.0842,1408,0
rep1,1.0843,1409,0
rep1,1.0843,1410,0
rep1,1.0844,1411,0
rep1,1.0845,1412,0
rep1,1.0845,1413,0
rep1,1.0846,1414,0
rep1,1.0847,1415,0
rep1,1.0847,1416,0
rep1,1.0848,1417,0
rep1,1.0848,1418,0
rep1,1.0848,1419,0
rep1,1.085,1420,0
rep1,1.085,1421,0
rep1,1.0851,1422,0
rep1,1.0851,1423,0
rep1,1.0851,1424,0
rep1,1.0852,1425,0
rep1,1.0852,1426,0
rep1,1.0853,1427,0
rep1,1.0854,1428,0
rep1,1.0855,1429,0
rep1,1.0855,1430,0
rep1,1.0856,1431,0
rep1,1.0856,1432,0
rep1,1.0856,1433,0
rep1,1.0857,1434,0
rep1,1.0857,1435,0
rep1,1.0859,1436,0
rep1,1.0861,1437,0
rep1,1.0863,1438,0
rep1,1.0864,1439,0
rep1,1.0864,1440,0
rep1,1.0866,1441,0
rep1,1.0867,1442,0
rep1,1.0868,1443,0
rep1,1.0868,1444,0
rep1,1.0868,1445,0
rep1,1.0868,1446,0
rep1,1.0869,1447,0
rep1,1.0869,1448,0
rep1,1.087,1449,0
rep1,1.0871,1450,0
rep1,1.0871,1451,0
rep1,1.0871,1452,0
rep1,1.0872,1453,0
rep1,1.0873,1454,0
rep1,1.0873,1455,0
rep1,1.0873,1456,0
rep1,1.0873,1457,0
rep1,1.0874,1458,0
rep1,1.0874,1459,0
rep1,1.0874,1460,0
rep1,1.0875,1461,0
rep1,1.0875,1462,0
rep1,1.0875,1463,0
rep1,1.0876,1464,0
rep1,1.0876,1465,0
rep1,1.0877,1466,0
rep1,1.0877,1467,0
rep1,1.0878,1468,0
rep1,1.0878,1469,0
rep1,1.0878,1470,0
rep1,1.0879,1471,0
rep1,1.0879,1472,0
rep1,1.0879,1473,0
rep1,1.0879,1474,0
rep1,1.088,1475,0
rep1,1.0882,1476,0
rep1,1.0882,1477,0
rep1,1.0883,1478,0
rep1,1.0883,1479,0
rep1,1.0884,1480,0
rep1,1.0884,1481,0
rep1,1.0885,1482,0
rep1,1.0885,1483,0
rep1,1.0888,1484,0
rep1,1.0889,1485,0
rep1,1.0889,1486,0
rep1,1.089,1487,0
rep1,1.089,1488,0
rep1,1.0891,1489,0
rep1,1.0892,1490,0
rep1,1.0893,1491,0
rep1,1.0893,1492,0
rep1,1.0893,1493,0
rep1,1.0894,1494,0
rep1,1.0895,1495,0
rep1,1.0895,1496,0
rep1,1.0896,1497,0
rep1,1.0897,1498,0
rep1,1.0897,1499,0
rep1,1.0897,1500,0
rep1,1.0898,1501,0
rep1,1.0898,1502,0
rep1,1.0899,1503,0
rep1,1.09,1504,0
rep1,1.09,1505,0
rep1,1.09,1506,0
rep1,1.0901,1507,0
rep1,1.0902,1508,0
rep1,1.0902,1509,0
rep1,1.0904,1510,0
rep1,1.0904,1511,0
rep1,1.0904,1512,0
rep1,1.0905,1513,0
rep1,1.0905,1514,0
rep1,1.0906,1515,0
rep1,1.0906,1516,0
rep1,1.0907,1517,0
rep1,1.0908,1518,0
rep1,1.0908,1519,0
rep1,1.0908,1520,0
rep1,1.0908,1521,0
rep1,1.0908,1522,0
rep1,1.0909,1523,0
rep1,1.0909,1524,0
rep1,1.0911,1525,0
rep1,1.0911,1526,0
rep1,1.0911,1527,0
rep1,1.0912,1528,0
rep1,1.0913,1529,0
rep1,1.0913,1530,0
rep1,1.0914,1531,0
rep1,1.0916,1532,0
rep1,1.0916,1533,0
rep1,1.0916,1534,0
rep1,1.0918,1535,0
rep1,1.0918,1536,0
rep1,1.0918,1537,0
rep1,1.0919,1538,0
rep1,1.0919,1539,0
rep1,1.0919,1540,0
rep1,1.092,1541,0
rep1,1.092,1542,0
rep1,1.092,1543,0
rep1,1.0921,1544,0
rep1,1.0921,1545,0
rep1,1.0922,1546,0
rep1,1.0923,1547,0
rep1,1.0923,1548,0
rep1,1.0924,1549,0
rep1,1.0925,1550,0
rep1,1.0928,1551,0
rep1,1.0928,1552,0
rep1,1.0928,1553,0
rep1,1.0929,1554,0
rep1,1.0929,1555,0
rep1,1.093,1556,0
rep1,1.0931,1557,0
rep1,1.0932,1558,0
rep1,1.0933,1559,0
rep1,1.0933,1560,0
rep1,1.0934,1561,0
rep1,1.0934,1562,0
rep1,1.0934,1563,0
rep1,1.0935,1564,0
rep1,1.0935,1565,0
rep1,1.0935,1566,0
rep1,1.0937,1567,0
rep1,1.0937,1568,0
rep1,1.0938,1569,0
rep1,1.0938,1570,0
rep1,1.0939,1571,0
rep1,1.0939,1572,0
rep1,1.0939,1573,0
rep1,1.0939,1574,0
rep1,1.094,1575,0
rep1,1.0941,1576,0
rep1,1.0941,1577,0
rep1,1.0941,1578,0
rep1,1.0944,1579,0
rep1,1.0944,1580,0
rep1,1.0945,1581,0
rep1,1.0945,1582,0
rep1,1.0946,1583,0
rep1,1.0947,1584,0
rep1,1.0947,1585,0
rep1,1.0948,1586,0
rep1,1.0951,1587,0
rep1,1.0952,1588,0
rep1,1.0952,1589,0
rep1,1.0952,1590,0
rep1,1.0953,1591,0
rep1,1.0953,1592,0
rep1,1.0953,1593,0
rep1,1.0953,1594,0
rep1,1.0953,1595,0
rep1,1.0955,1596,0
rep1,1.0955,1597,0
rep1,1.0956,1598,0
rep1,1.0957,1599,0
rep1,1.0957,1600,0
rep1,1.0959,1601,0
rep1,1.096,1602,0
rep1,1.0961,1603,0
rep1,1.0961,1604,0
rep1,1.0961,1605,0
rep1,1.0962,1606,0
rep1,1.0962,1607,0
rep1,1.0963,1608,0
rep1,1.0964,1609,0
rep1,1.0965,1610,0
rep1,1.0965,1611,0
rep1,1.0966,1612,0
rep1,1.0966,1613,0
rep1,1.0966,1614,0
rep1,1.0967,1615,0
rep1,1.0968,1616,0
rep1,1.097,1617,0
rep1,1.0971,1618,0
rep1,1.0973,1619,0
rep1,1.0974,1620,0
rep1,1.0976,1621,0
rep1,1.0976,1622,0
rep1,1.0976,1623,0
rep1,1.0976,1624,0
rep1,1.0976,1625,0
rep1,1.0977,1626,0
rep1,1.0978,1627,0
rep1,1.098,1628,0
rep1,1.098,1629,0
rep1,1.0983,1630,0
rep1,1.0983,1631,0
rep1,1.0984,1632,0
rep1,1.0984,1633,0
rep1,1.0985,1634,0
rep1,1.0985,1635,0
rep1,1.0986,1636,0
rep1,1.0986,1637,0
rep1,1.0989,1638,0
rep1,1.0989,1639,0
rep1,1.0989,1640,0
rep1,1.099,1641,0
rep1,1.0991,1642,0
rep1,1.0992,1643,0
rep1,1.0995,1644,0
rep1,1.0997,1645,0
rep1,1.0998,1646,0
rep1,1.0998,1647,0
rep1,1.0999,1648,0
rep1,1.0999,1649,0
rep1,1.0999,1650,0
rep1,1.1,1651,0
rep1,1.1,1652,0
rep1,1.1,1653,0
rep1,1.1003,1654,0
rep1,1.1003,1655,0
rep1,1.1005,1656,0
rep1,1.1006,1657,0
rep1,1.1007,1658,0
rep1,1.1008,1659,0
rep1,1.1008,1660,0
rep1,1.1009,1661,0
rep1,1.101,1662,0
rep1,1.101,1663,0
rep1,1.101,1664,0
rep1,1.1013,1665,0
rep1,1.1013,1666,0
rep1,1.1014,1667,0
rep1,1.1015,1668,0
rep1,1.1016,1669,0
rep1,1.102,1670,0
rep1,1.102,1671,0
rep1,1.1021,1672,0
rep1,1.1023,1673,0
rep1,1.1023,1674,0
rep1,1.1023,1675,0
rep1,1.1024,1676,0
rep1,1.1025,1677,0
rep1,1.1028,1678,0
rep1,1.1028,1679,0
rep1,1.1029,1680,0
rep1,1.1029,1681,0
rep1,1.1031,1682,0
rep1,1.1031,1683,0
rep1,1.1033,1684,0
rep1,1.1033,1685,0
rep1,1.1033,1686,0
rep1,1.1033,1687,0
rep1,1.1034,1688,0
rep1,1.1034,1689,0
rep1,1.1035,1690,0
rep1,1.1036,1691,0
rep1,1.1037,1692,0
rep1,1.1037,1693,0
rep1,1.1038,1694,0
rep1,1.1039,1695,0
rep1,1.1039,1696,0
rep1,1.104,1697,0
rep1,1.104,1698,0
rep1,1.1041,1699,0
rep1,1.1041,1700,0
rep1,1.1042,1701,0
rep1,1.1042,1702,0
rep1,1.1044,1703,0
rep1,1.1045,1704,0
rep1,1.1046,1705,0
rep1,1.1047,1706,0
rep1,1.1047,1707,0
rep1,1.1048,1708,0
rep1,1.105,1709,0
rep1,1.105,1710,0
rep1,1.105,1711,0
rep1,1.1052,1712,0
rep1,1.1054,1713,0
rep1,1.1057,1714,0
rep1,1.1058,1715,0
rep1,1.1059,1716,0
rep1,1.106,1717,0
rep1,1.1063,1718,0
rep1,1.1063,1719,0
rep1,1.1063,1720,0
rep1,1.1064,1721,0
rep1,1.1064,1722,0
rep1,1.1066,1723,0
rep1,1.1066,1724,0
rep1,1.1066,1725,0
rep1,1.1068,1726,0
rep1,1.1069,1727,0
rep1,1.107,1728,0
rep1,1.1071,1729,0
rep1,1.1073,1730,0
rep1,1.1073,1731,0
rep1,1.1074,1732,0
rep1,1.1074,1733,0
rep1,1.1075,1734,0
rep1,1.1076,1735,0
rep1,1.1077,1736,0
rep1,1.1078,1737,0
rep1,1.108,1738,0
rep1,1.108,1739,0
rep1,1.1081,1740,0
rep1,1.1083,1741,0
rep1,1.1083,1742,0
rep1,1.1084,1743,0
rep1,1.1084,1744,0
rep1,1.1084,1745,0
rep1,1.1085,1746,0
rep1,1.1086,1747,0
rep1,1.1087,1748,0
rep1,1.1087,1749,0
rep1,1.1087,1750,0
rep1,1.1088,1751,0
rep1,1.1088,1752,0
rep1,1.1089,1753,0
rep1,1.1089,1754,0
rep1,1.109,1755,0
rep1,1.109,1756,0
rep1,1.1091,1757,0
rep1,1.1092,1758,0
rep1,1.1092,1759,0
rep1,1.1092,1760,0
rep1,1.1092,1761,0
rep1,1.1092,1762,0
rep1,1.1093,1763,0
rep1,1.1094,1764,0
rep1,1.1095,1765,0
rep1,1.1095,1766,0
rep1,1.1096,1767,0
rep1,1.1096,1768,0
rep1,1.1096,1769,0
rep1,1.1097,1770,0
rep1,1.1097,1771,0
rep1,1.1097,1772,0
rep1,1.1098,1773,0
rep1,1.1098,1774,0
rep1,1.1098,1775,0
rep1,1.1098,1776,0
rep1,1.1099,1777,0
rep1,1.1099,1778,0
rep1,1.11,1779,0
rep1,1.11,1780,0
rep1,1.1102,1781,0
rep1,1.1103,1782,0
rep1,1.1103,1783,0
rep1,1.1103,1784,0
rep1,1.1103,1785,0
rep1,1.1103,1786,0
rep1,1.1104,1787,0
rep1,1.1105,1788,0
rep1,1.1105,1789,0
rep1,1.1106,1790,0
rep1,1.1106,1791,0
rep1,1.1107,1792,0
rep1,1.1107,1793,0
rep1,1.1107,1794,0
rep1,1.1108,1795,0
rep1,1.1109,1796,0
rep1,1.111,1797,0
rep1,1.111,1798,0
rep1,1.111,1799,0
rep1,1.1112,1800,0
rep1,1.1112,1801,0
rep1,1.1112,1802,0
rep1,1.1113,1803,0
rep1,1.1113,1804,0
rep1,1.1114,1805,0
rep1,1.1114,1806,0
rep1,1.1114,1807,0
rep1,1.1115,1808,0
rep1,1.1115,1809,0
rep1,1.1116,1810,0
rep1,1.1117,1811,0
rep1,1.1118,1812,0
rep1,1.1118,1813,0
rep1,1.1118,1814,0
rep1,1.1119,1815,0
rep1,1.1119,1816,0
rep1,1.112,1817,0
rep1,1.112,1818,0
rep1,1.1121,1819,0
rep1,1.1121,1820,0
rep1,1.1121,1821,0
rep1,1.1123,1822,0
rep1,1.1123,1823,0
rep1,1.1123,1824,0
rep1,1.1124,1825,0
rep1,1.1124,1826,0
rep1,1.1124,1827,0
rep1,1.1124,1828,0
rep1,1.1125,1829,0
rep1,1.1126,1830,0
rep1,1.1126,1831,0
rep1,1.1127,1832,0
rep1,1.1128,1833,0
rep1,1.1129,1834,0
rep1,1.1129,1835,0
rep1,1.113,1836,0
rep1,1.1131,1837,0
rep1,1.1131,1838,0
rep1,1.1132,1839,0
rep1,1.1132,1840,0
rep1,1.1132,1841,0
rep1,1.1132,1842,0
rep1,1.1133,1843,0
rep1,1.1133,1844,0
rep1,1.1133,1845,0
rep1,1.1133,1846,0
rep1,1.1135,1847,0
rep1,1.1136,1848,0
rep1,1.1136,1849,0
rep1,1.1136,1850,0
rep1,1.1137,1851,0
rep1,1.1137,1852,0
rep1,1.1138,1853,0
rep1,1.1138,1854,0
rep1,1.1139,1855,0
rep1,1.1139,1856,0
rep1,1.1139,1857,0
rep1,1.1141,1858,0
rep1,1.1142,1859,0
rep1,1.1143,1860,0
rep1,1.1144,1861,0
rep1,1.1146,1862,0
rep1,1.115,1863,0
rep1,1.115,1864,0
rep1,1.1151,1865,0
rep1,1.1151,1866,0
rep1,1.1151,1867,0
rep1,1.1152,1868,0
rep1,1.1152,1869,0
rep1,1.1152,1870,0
rep1,1.1153,1871,0
rep1,1.1154,1872,0
rep1,1.1154,1873,0
rep1,1.1154,1874,0
rep1,1.1154,1875,0
rep1,1.1155,1876,0
rep1,1.1155,1877,0
rep1,1.1156,1878,0
rep1,1.1157,1879,0
rep1,1.1157,1880,0
rep1,1.1157,1881,0
rep1,1.1158,1882,0
rep1,1.1161,1883,0
rep1,1.1161,1884,0
rep1,1.1161,1885,0
rep1,1.1162,1886,0
rep1,1.1163,1887,0
rep1,1.1163,1888,0
rep1,1.1163,1889,0
rep1,1.1164,1890,0
rep1,1.1165,1891,0
rep1,1.1165,1892,0
rep1,1.1165,1893,0
rep1,1.1166,1894,0
rep1,1.1166,1895,0
rep1,1.1167,1896,0
rep1,1.1169,1897,0
rep1,1.1171,1898,0
rep1,1.1171,1899,0
rep1,1.1172,1900,0
rep1,1.1172,1901,0
rep1,1.1173,1902,0
rep1,1.1173,1903,0
rep1,1.1173,1904,0
rep1,1.1175,1905,0
rep1,1.1175,1906,0
rep1,1.1176,1907,0
rep1,1.1176,1908,0
rep1,1.1177,1909,0
rep1,1.1177,1910,0
rep1,1.1177,1911,0
rep1,1.1179,1912,0
rep1,1.118,1913,0
rep1,1.118,1914,0
rep1,1.118,1915,0
rep1,1.1182,1916,0
rep1,1.1182,1917,0
rep1,1.1183,1918,0
rep1,1.1184,1919,0
rep1,1.1184,1920,0
rep1,1.1184,1921,0
rep1,1.1185,1922,0
rep1,1.1186,1923,0
rep1,1.1187,1924,0
rep1,1.1187,1925,0
rep1,1.1188,1926,0
rep1,1.1188,1927,0
rep1,1.1188,1928,0
rep1,1.1189,1929,0
rep1,1.119,1930,0
rep1,1.1191,1931,0
rep1,1.1191,1932,0
rep1,1.1192,1933,0
rep1,1.1193,1934,0
rep1,1.1193,1935,0
rep1,1.1193,1936,0
rep1,1.1193,1937,0
rep1,1.1194,1938,0
rep1,1.1194,1939,0
rep1,1.1194,1940,0
rep1,1.1195,1941,0
rep1,1.1196,1942,0
rep1,1.1197,1943,0
rep1,1.1198,1944,0
rep1,1.1202,1945,0
rep1,1.1202,1946,0
rep1,1.1202,1947,0
rep1,1.1202,1948,0
rep1,1.1205,1949,0
rep1,1.1205,1950,0
rep1,1.1206,1951,0
rep1,1.1207,1952,0
rep1,1.1207,1953,0
rep1,1.1207,1954,0
rep1,1.1207,1955,0
rep1,1.1208,1956,0
rep1,1.1208,1957,0
rep1,1.1209,1958,0
rep1,1.1209,1959,0
rep1,1.1209,1960,0
rep1,1.121,1961,0
rep1,1.121,1962,0
rep1,1.1212,1963,0
rep1,1.1212,1964,0
rep1,1.1212,1965,0
rep1,1.1213,1966,0
rep1,1.1214,1967,0
rep1,1.1216,1968,0
rep1,1.1216,1969,0
rep1,1.1216,1970,0
rep1,1.1217,1971,0
rep1,1.1217,1972,0
rep1,1.1217,1973,0
rep1,1.1218,1974,0
rep1,1.122,1975,0
rep1,1.122,1976,0
rep1,1.1222,1977,0
rep1,1.1222,1978,0
rep1,1.1222,1979,0
rep1,1.1223,1980,0
rep1,1.1223,1981,0
rep1,1.1224,1982,0
rep1,1.1225,1983,0
rep1,1.1225,1984,0
rep1,1.1226,1985,0
rep1,1.1227,1986,0
rep1,1.1227,1987,0
rep1,1.1227,1988,0
rep1,1.1227,1989,0
rep1,1.1228,1990,0
rep1,1.1229,1991,0
rep1,1.1229,1992,0
rep1,1.1231,1993,0
rep1,1.1231,1994,0
rep1,1.1231,1995,0
rep1,1.1231,1996,0
rep1,1.1233,1997,0
rep1,1.1233,1998,0
rep1,1.1233,1999,0
rep1,1.1233,2000,0
rep1,1.1233,2001,0
rep1,1.1237,2002,0
rep1,1.1238,2003,0
rep1,1.124,2004,0
rep1,1.124,2005,0
rep1,1.124,2006,0
rep1,1.1241,2007,0
rep1,1.1242,2008,0
rep1,1.1243,2009,0
rep1,1.1243,2010,0
rep1,1.1244,2011,0
rep1,1.1244,2012,0
rep1,1.1245,2013,0
rep1,1.1246,2014,0
rep1,1.1246,2015,0
rep1,1.1246,2016,0
rep1,1.1247,2017,0
rep1,1.1247,2018,0
rep1,1.1247,2019,0
rep1,1.1248,2020,0
rep1,1.1248,2021,0
rep1,1.1249,2022,0
rep1,1.1249,2023,0
rep1,1.125,2024,0
rep1,1.125,2025,0
rep1,1.125,2026,0
rep1,1.1252,2027,0
rep1,1.1252,2028,0
rep1,1.1254,2029,0
rep1,1.1254,2030,0
rep1,1.1255,2031,0
rep1,1.1255,2032,0
rep1,1.1256,2033,0
rep1,1.1258,2034,0
rep1,1.1259,2035,0
rep1,1.1261,2036,0
rep1,1.1262,2037,0
rep1,1.1262,2038,0
rep1,1.1263,2039,0
rep1,1.1263,2040,0
rep1,1.1263,2041,0
rep1,1.1264,2042,0
rep1,1.1264,2043,0
rep1,1.1264,2044,0
rep1,1.1265,2045,0
rep1,1.1266,2046,0
rep1,1.1266,2047,0
rep1,1.1266,2048,0
rep1,1.1267,2049,0
rep1,1.1268,2050,0
rep1,1.1268,2051,0
rep1,1.1269,2052,0
rep1,1.127,2053,0
rep1,1.127,2054,0
rep1,1.127,2055,0
rep1,1.1271,2056,0
rep1,1.1272,2057,0
rep1,1.1273,2058,0
rep1,1.1273,2059,0
rep1,1.1273,2060,0
rep1,1.1273,2061,0
rep1,1.1274,2062,0
rep1,1.1275,2063,0
rep1,1.1275,2064,0
rep1,1.1277,2065,0
rep1,1.1278,2066,0
rep1,1.1278,2067,0
rep1,1.1278,2068,0
rep1,1.1279,2069,0
rep1,1.1281,2070,0
rep1,1.1282,2071,0
rep1,1.1283,2072,0
rep1,1.1284,2073,0
rep1,1.1284,2074,0
rep1,1.1284,2075,0
rep1,1.1286,2076,0
rep1,1.1287,2077,0
rep1,1.1287,2078,0
rep1,1.1288,2079,0
rep1,1.1288,2080,0
rep1,1.1288,2081,0
rep1,1.1288,2082,0
rep1,1.1288,2083,0
rep1,1.1289,2084,0
rep1,1.1289,2085,0
rep1,1.1289,2086,0
rep1,1.1291,2087,0
rep1,1.1292,2088,0
rep1,1.1292,2089,0
rep1,1.1293,2090,0
rep1,1.1294,2091,0
rep1,1.1295,2092,0
rep1,1.1295,2093,0
rep1,1.1296,2094,0
rep1,1.1296,2095,0
rep1,1.1297,2096,0
rep1,1.1298,2097,0
rep1,1.13,2098,0
rep1,1.1302,2099,0
rep1,1.1302,2100,0
rep1,1.1304,2101,0
rep1,1.1305,2102,0
rep1,1.1306,2103,0
rep1,1.1306,2104,0
rep1,1.1306,2105,0
rep1,1.1307,2106,0
rep1,1.1307,2107,0
rep1,1.1307,2108,0
rep1,1.1308,2109,0
rep1,1.1308,2110,0
rep1,1.1308,2111,0
rep1,1.1309,2112,0
rep1,1.131,2113,0
rep1,1.1311,2114,0
rep1,1.1311,2115,0
rep1,1.1312,2116,0
rep1,1.1312,2117,0
rep1,1.1313,2118,0
rep1,1.1314,2119,0
rep1,1.1314,2120,0
rep1,1.1314,2121,0
rep1,1.1314,2122,0
rep1,1.1315,2123,0
rep1,1.1317,2124,0
rep1,1.1317,2125,0
rep1,1.1317,2126,0
rep1,1.1318,2127,0
rep1,1.1319,2128,0
rep1,1.1322,2129,0
rep1,1.1322,2130,0
rep1,1.1323,2131,0
rep1,1.1324,2132,0
rep1,1.1324,2133,0
rep1,1.1325,2134,0
rep1,1.1325,2135,0
rep1,1.1325,2136,0
rep1,1.1327,2137,0
rep1,1.1327,2138,0
rep1,1.1328,2139,0
rep1,1.1328,2140,0
rep1,1.1329,2141,0
rep1,1.1329,2142,0
rep1,1.1329,2143,0
rep1,1.133,2144,0
rep1,1.1331,2145,0
rep1,1.1331,2146,0
rep1,1.1331,2147,0
rep1,1.1331,2148,0
rep1,1.1331,2149,0
rep1,1.1332,2150,0
rep1,1.1333,2151,0
rep1,1.1334,2152,0
rep1,1.1335,2153,0
rep1,1.1335,2154,0
rep1,1.1335,2155,0
rep1,1.1335,2156,0
rep1,1.1336,2157,0
rep1,1.1336,2158,0
rep1,1.1337,2159,0
rep1,1.1337,2160,0
rep1,1.1338,2161,0
rep1,1.1339,2162,0
rep1,1.1339,2163,0
rep1,1.1339,2164,0
rep1,1.1339,2165,0
rep1,1.1339,2166,0
rep1,1.134,2167,0
rep1,1.1342,2168,0
rep1,1.1342,2169,0
rep1,1.1344,2170,0
rep1,1.1345,2171,0
rep1,1.1347,2172,0
rep1,1.1347,2173,0
rep1,1.1348,2174,0
rep1,1.1351,2175,0
rep1,1.1351,2176,0
rep1,1.1352,2177,0
rep1,1.1353,2178,0
rep1,1.1354,2179,0
rep1,1.1355,2180,0
rep1,1.1356,2181,0
rep1,1.1357,2182,0
rep1,1.1357,2183,0
rep1,1.1357,2184,0
rep1,1.1359,2185,0
rep1,1.1362,2186,0
rep1,1.1362,2187,0
rep1,1.1363,2188,0
rep1,1.1363,2189,0
rep1,1.1365,2190,0
rep1,1.1365,2191,0
rep1,1.1367,2192,0
rep1,1.1368,2193,0
rep1,1.1368,2194,0
rep1,1.137,2195,0
rep1,1.137,2196,0
rep1,1.137,2197,0
rep1,1.1371,2198,0
rep1,1.1371,2199,0
rep1,1.1373,2200,0
rep1,1.1374,2201,0
rep1,1.1374,2202,0
rep1,1.1376,2203,0
rep1,1.1379,2204,0
rep1,1.1379,2205,0
rep1,1.1381,2206,0
rep1,1.1381,2207,0
rep1,1.1385,2208,0
rep1,1.1386,2209,0
rep1,1.1386,2210,0
rep1,1.1387,2211,0
rep1,1.1389,2212,0
rep1,1.1391,2213,0
rep1,1.1392,2214,0
rep1,1.1392,2215,0
rep1,1.1393,2216,0
rep1,1.1393,2217,0
rep1,1.1395,2218,0
rep1,1.1395,2219,0
rep1,1.1396,2220,0
rep1,1.1397,2221,0
rep1,1.1398,2222,0
rep1,1.1398,2223,0
rep1,1.14,2224,0
rep1,1.14,2225,0
rep1,1.1402,2226,0
rep1,1.1403,2227,0
rep1,1.1405,2228,0
rep1,1.1405,2229,0
rep1,1.1406,2230,0
rep1,1.1409,2231,0
rep1,1.1409,2232,0
rep1,1.1411,2233,0
rep1,1.1411,2234,0
rep1,1.1412,2235,0
rep1,1.1412,2236,0
rep1,1.1412,2237,0
rep1,1.1413,2238,0
rep1,1.1413,2239,0
rep1,1.1415,2240,0
rep1,1.1415,2241,0
rep1,1.1416,2242,0
rep1,1.1416,2243,0
rep1,1.1416,2244,0
rep1,1.1418,2245,0
rep1,1.1418,2246,0
rep1,1.1419,2247,0
rep1,1.1419,2248,0
rep1,1.1419,2249,0
rep1,1.142,2250,0
rep1,1.1421,2251,0
rep1,1.1421,2252,0
rep1,1.1421,2253,0
rep1,1.1424,2254,0
rep1,1.1425,2255,0
rep1,1.1426,2256,0
rep1,1.1426,2257,0
rep1,1.1426,2258,0
rep1,1.1427,2259,0
rep1,1.1427,2260,0
rep1,1.1428,2261,0
rep1,1.1428,2262,0
rep1,1.1429,2263,0
rep1,1.143,2264,0
rep1,1.143,2265,0
rep1,1.1431,2266,0
rep1,1.1431,2267,0
rep1,1.1432,2268,0
rep1,1.1432,2269,0
rep1,1.1433,2270,0
rep1,1.1433,2271,0
rep1,1.1434,2272,0
rep1,1.1435,2273,0
rep1,1.1435,2274,0
rep1,1.1439,2275,0
rep1,1.1439,2276,0
rep1,1.1441,2277,0
rep1,1.1441,2278,0
rep1,1.1441,2279,0
rep1,1.1441,2280,0
rep1,1.1442,2281,0
rep1,1.1442,2282,0
rep1,1.1442,2283,0
rep1,1.1443,2284,0
rep1,1.1444,2285,0
rep1,1.1446,2286,0
rep1,1.1446,2287,0
rep1,1.1447,2288,0
rep1,1.1447,2289,0
rep1,1.1448,2290,0
rep1,1.1448,2291,0
rep1,1.1449,2292,0
rep1,1.1449,2293,0
rep1,1.1449,2294,0
rep1,1.1449,2295,0
rep1,1.145,2296,0
rep1,1.145,2297,0
rep1,1.145,2298,0
rep1,1.1451,2299,0
rep1,1.1452,2300,0
rep1,1.1452,2301,0
rep1,1.1454,2302,0
rep1,1.1456,2303,0
rep1,1.1456,2304,0
rep1,1.1457,2305,0
rep1,1.1458,2306,0
rep1,1.1458,2307,0
rep1,1.1459,2308,0
rep1,1.1459,2309,0
rep1,1.1459,2310,0
rep1,1.146,2311,0
rep1,1.1461,2312,0
rep1,1.1461,2313,0
rep1,1.1462,2314,0
rep1,1.1463,2315,0
rep1,1.1465,2316,0
rep1,1.1466,2317,0
rep1,1.1466,2318,0
rep1,1.1469,2319,0
rep1,1.1469,2320,0
rep1,1.1471,2321,0
rep1,1.1471,2322,0
rep1,1.1471,2323,0
rep1,1.1471,2324,0
rep1,1.1472,2325,0
rep1,1.1472,2326,0
rep1,1.1473,2327,0
rep1,1.1473,2328,0
rep1,1.1474,2329,0
rep1,1.1475,2330,0
rep1,1.1475,2331,0
rep1,1.1476,2332,0
rep1,1.1477,2333,0
rep1,1.1477,2334,0
rep1,1.1477,2335,0
rep1,1.1478,2336,0
rep1,1.1479,2337,0
rep1,1.1481,2338,0
rep1,1.1481,2339,0
rep1,1.1481,2340,0
rep1,1.1482,2341,0
rep1,1.1484,2342,0
rep1,1.1485,2343,0
rep1,1.1485,2344,0
rep1,1.1487,2345,0
rep1,1.1487,2346,0
rep1,1.1487,2347,0
rep1,1.1487,2348,0
rep1,1.1488,2349,0
rep1,1.1489,2350,0
rep1,1.149,2351,0
rep1,1.149,2352,0
rep1,1.149,2353,0
rep1,1.1491,2354,0
rep1,1.1493,2355,0
rep1,1.1493,2356,0
rep1,1.1494,2357,0
rep1,1.1496,2358,0
rep1,1.1496,2359,0
rep1,1.1497,2360,0
rep1,1.1498,2361,0
rep1,1.1498,2362,0
rep1,1.1498,2363,0
rep1,1.1499,2364,0
rep1,1.1499,2365,0
rep1,1.1499,2366,0
rep1,1.15,2367,0
rep1,1.15,2368,0
rep1,1.15,2369,0
rep1,1.15,2370,0
rep1,1.1504,2371,0
rep1,1.1504,2372,0
rep1,1.1505,2373,0
rep1,1.1506,2374,0
rep1,1.1506,2375,0
rep1,1.1506,2376,0
rep1,1.1507,2377,0
rep1,1.1508,2378,0
rep1,1.151,2379,0
rep1,1.151,2380,0
rep1,1.151,2381,0
rep1,1.1511,2382,0
rep1,1.1511,2383,0
rep1,1.1512,2384,0
rep1,1.1512,2385,0
rep1,1.1513,2386,0
rep1,1.1514,2387,0
rep1,1.1514,2388,0
rep1,1.1515,2389,0
rep1,1.1516,2390,0
rep1,1.1517,2391,0
rep1,1.1517,2392,0
rep1,1.1517,2393,0
rep1,1.1518,2394,0
rep1,1.1518,2395,0
rep1,1.1519,2396,0
rep1,1.1519,2397,0
rep1,1.1519,2398,0
rep1,1.1521,2399,0
rep1,1.1521,2400,0
rep1,1.1522,2401,0
rep1,1.1522,2402,0
rep1,1.1522,2403,0
rep1,1.1522,2404,0
rep1,1.1523,2405,0
rep1,1.1523,2406,0
rep1,1.1524,2407,0
rep1,1.1526,2408,0
rep1,1.1528,2409,0
rep1,1.1528,2410,0
rep1,1.1528,2411,0
rep1,1.1528,2412,0
rep1,1.1529,2413,0
rep1,1.153,2414,0
rep1,1.153,2415,0
rep1,1.153,2416,0
rep1,1.153,2417,0
rep1,1.1531,2418,0
rep1,1.1531,2419,0
rep1,1.1531,2420,0
rep1,1.1532,2421,0
rep1,1.1533,2422,0
rep1,1.1535,2423,0
rep1,1.1536,2424,0
rep1,1.1537,2425,0
rep1,1.1538,2426,0
rep1,1.1539,2427,0
rep1,1.154,2428,0
rep1,1.1541,2429,0
rep1,1.1542,2430,0
rep1,1.1543,2431,0
rep1,1.1544,2432,0
rep1,1.1544,2433,0
rep1,1.1546,2434,0
rep1,1.1546,2435,0
rep1,1.1546,2436,0
rep1,1.1547,2437,0
rep1,1.1547,2438,0
rep1,1.1547,2439,0
rep1,1.1548,2440,0
rep1,1.1548,2441,0
rep1,1.1549,2442,0
rep1,1.1549,2443,0
rep1,1.1549,2444,0
rep1,1.155,2445,0
rep1,1.155,2446,0
rep1,1.155,2447,0
rep1,1.1551,2448,0
rep1,1.1551,2449,0
rep1,1.1551,2450,0
rep1,1.1552,2451,0
rep1,1.1553,2452,0
rep1,1.1554,2453,0
rep1,1.1554,2454,0
rep1,1.1555,2455,0
rep1,1.1555,2456,0
rep1,1.1555,2457,0
rep1,1.1555,2458,0
rep1,1.1555,2459,0
rep1,1.1557,2460,0
rep1,1.1558,2461,0
rep1,1.1558,2462,0
rep1,1.1561,2463,0
rep1,1.1562,2464,0
rep1,1.1562,2465,0
rep1,1.1562,2466,0
rep1,1.1563,2467,0
rep1,1.1564,2468,0
rep1,1.1564,2469,0
rep1,1.1566,2470,0
rep1,1.1567,2471,0
rep1,1.1568,2472,0
rep1,1.1568,2473,0
rep1,1.1569,2474,0
rep1,1.1569,2475,0
rep1,1.1569,2476,0
rep1,1.157,2477,0
rep1,1.1571,2478,0
rep1,1.1571,2479,0
rep1,1.1571,2480,0
rep1,1.1574,2481,0
rep1,1.1575,2482,0
rep1,1.1576,2483,0
rep1,1.1577,2484,0
rep1,1.1578,2485,0
rep1,1.1578,2486,0
rep1,1.1579,2487,0
rep1,1.158,2488,0
rep1,1.158,2489,0
rep1,1.1582,2490,0
rep1,1.1583,2491,0
rep1,1.1584,2492,0
rep1,1.1586,2493,0
rep1,1.1586,2494,0
rep1,1.1586,2495,0
rep1,1.1588,2496,0
rep1,1.1589,2497,0
rep1,1.1589,2498,0
rep1,1.1589,2499,0
rep1,1.1591,2500,0
rep1,1.1591,2501,0
rep1,1.1591,2502,0
rep1,1.1592,2503,0
rep1,1.1592,2504,0
rep1,1.1593,2505,0
rep1,1.1593,2506,0
rep1,1.1594,2507,0
rep1,1.1594,2508,0
rep1,1.1595,2509,0
rep1,1.1597,2510,0
rep1,1.1598,2511,0
rep1,1.1598,2512,0
rep1,1.1598,2513,0
rep1,1.1598,2514,0
rep1,1.1598,2515,0
rep1,1.1599,2516,0
rep1,1.1599,2517,0
rep1,1.1601,2518,0
rep1,1.1601,2519,0
rep1,1.1602,2520,0
rep1,1.1604,2521,0
rep1,1.1605,2522,0
rep1,1.1605,2523,0
rep1,1.1606,2524,0
rep1,1.1606,2525,0
rep1,1.1607,2526,0
rep1,1.1609,2527,0
rep1,1.1609,2528,0
rep1,1.161,2529,0
rep1,1.1611,2530,0
rep1,1.1612,2531,0
rep1,1.1612,2532,0
rep1,1.1613,2533,0
rep1,1.1615,2534,0
rep1,1.1616,2535,0
rep1,1.1618,2536,0
rep1,1.1619,2537,0
rep1,1.1619,2538,0
rep1,1.162,2539,0
rep1,1.1621,2540,0
rep1,1.1621,2541,0
rep1,1.1621,2542,0
rep1,1.1622,2543,0
rep1,1.1623,2544,0
rep1,1.1623,2545,0
rep1,1.1623,2546,0
rep1,1.1624,2547,0
rep1,1.1625,2548,0
rep1,1.1626,2549,0
rep1,1.1626,2550,0
rep1,1.1628,2551,0
rep1,1.1628,2552,0
rep1,1.1629,2553,0
rep1,1.1631,2554,0
rep1,1.1632,2555,0
rep1,1.1633,2556,0
rep1,1.1634,2557,0
rep1,1.1635,2558,0
rep1,1.1635,2559,0
rep1,1.1635,2560,0
rep1,1.1636,2561,0
rep1,1.1636,2562,0
rep1,1.1637,2563,0
rep1,1.1637,2564,0
rep1,1.1638,2565,0
rep1,1.1638,2566,0
rep1,1.1639,2567,0
rep1,1.164,2568,0
rep1,1.164,2569,0
rep1,1.1641,2570,0
rep1,1.1641,2571,0
rep1,1.1642,2572,0
rep1,1.1642,2573,0
rep1,1.1643,2574,0
rep1,1.1643,2575,0
rep1,1.1644,2576,0
rep1,1.1645,2577,0
rep1,1.1645,2578,0
rep1,1.1646,2579,0
rep1,1.1646,2580,0
rep1,1.1648,2581,0
rep1,1.1648,2582,0
rep1,1.1648,2583,0
rep1,1.165,2584,0
rep1,1.165,2585,0
rep1,1.165,2586,0
rep1,1.1651,2587,0
rep1,1.1651,2588,0
rep1,1.1651,2589,0
rep1,1.1653,2590,0
rep1,1.1654,2591,0
rep1,1.1654,2592,0
rep1,1.1656,2593,0
rep1,1.1657,2594,0
rep1,1.1659,2595,0
rep1,1.1659,2596,0
rep1,1.1659,2597,0
rep1,1.166,2598,0
rep1,1.1661,2599,0
rep1,1.1661,2600,0
rep1,1.1662,2601,0
rep1,1.1662,2602,0
rep1,1.1663,2603,0
rep1,1.1664,2604,0
rep1,1.1664,2605,0
rep1,1.1666,2606,0
rep1,1.1666,2607,0
rep1,1.1667,2608,0
rep1,1.1667,2609,0
rep1,1.1668,2610,0
rep1,1.1668,2611,0
rep1,1.1669,2612,0
rep1,1.1669,2613,0
rep1,1.1669,2614,0
rep1,1.1669,2615,0
rep1,1.1669,2616,0
rep1,1.167,2617,0
rep1,1.1671,2618,0
rep1,1.1672,2619,0
rep1,1.1672,2620,0
rep1,1.1672,2621,0
rep1,1.1673,2622,0
rep1,1.1673,2623,0
rep1,1.1674,2624,0
rep1,1.1674,2625,0
rep1,1.1676,2626,0
rep1,1.1678,2627,0
rep1,1.1679,2628,0
rep1,1.1679,2629,0
rep1,1.1679,2630,0
rep1,1.1679,2631,0
rep1,1.168,2632,0
rep1,1.1681,2633,0
rep1,1.1684,2634,0
rep1,1.1685,2635,0
rep1,1.1685,2636,0
rep1,1.1686,2637,0
rep1,1.1686,2638,0
rep1,1.1687,2639,0
rep1,1.1687,2640,0
rep1,1.1689,2641,0
rep1,1.1689,2642,0
rep1,1.169,2643,0
rep1,1.1692,2644,0
rep1,1.1693,2645,0
rep1,1.1693,2646,0
rep1,1.1694,2647,0
rep1,1.1695,2648,0
rep1,1.1695,2649,0
rep1,1.1696,2650,0
rep1,1.1697,2651,0
rep1,1.1697,2652,0
rep1,1.1698,2653,0
rep1,1.1698,2654,0
rep1,1.1698,2655,0
rep1,1.1699,2656,0
rep1,1.17,2657,0
rep1,1.1701,2658,0
rep1,1.1701,2659,0
rep1,1.1703,2660,0
rep1,1.1705,2661,0
rep1,1.1705,2662,0
rep1,1.1706,2663,0
rep1,1.1706,2664,0
rep1,1.1707,2665,0
rep1,1.1707,2666,0
rep1,1.1707,2667,0
rep1,1.1708,2668,0
rep1,1.1709,2669,0
rep1,1.1709,2670,0
rep1,1.171,2671,0
rep1,1.171,2672,0
rep1,1.1711,2673,0
rep1,1.1713,2674,0
rep1,1.1713,2675,0
rep1,1.1713,2676,0
rep1,1.1713,2677,0
rep1,1.1715,2678,0
rep1,1.1715,2679,0
rep1,1.1716,2680,0
rep1,1.1716,2681,0
rep1,1.1717,2682,0
rep1,1.1717,2683,0
rep1,1.1718,2684,0
rep1,1.1719,2685,0
rep1,1.1721,2686,0
rep1,1.1722,2687,0
rep1,1.1722,2688,0
rep1,1.1724,2689,0
rep1,1.1724,2690,0
rep1,1.1726,2691,0
rep1,1.1726,2692,0
rep1,1.1727,2693,0
rep1,1.1728,2694,0
rep1,1.173,2695,0
rep1,1.1731,2696,0
rep1,1.1731,2697,0
rep1,1.1731,2698,0
rep1,1.1735,2699,0
rep1,1.1737,2700,0
rep1,1.1737,2701,0
rep1,1.1738,2702,0
rep1,1.1738,2703,0
rep1,1.1739,2704,0
rep1,1.1742,2705,0
rep1,1.1742,2706,0
rep1,1.1743,2707,0
rep1,1.1743,2708,0
rep1,1.1744,2709,0
rep1,1.1745,2710,0
rep1,1.1747,2711,0
rep1,1.1747,2712,0
rep1,1.1747,2713,0
rep1,1.1747,2714,0
rep1,1.1748,2715,0
rep1,1.175,2716,0
rep1,1.175,2717,0
rep1,1.175,2718,0
rep1,1.1751,2719,0
rep1,1.1751,2720,0
rep1,1.1751,2721,0
rep1,1.1752,2722,0
rep1,1.1752,2723,0
rep1,1.1752,2724,0
rep1,1.1753,2725,0
rep1,1.1753,2726,0
rep1,1.1755,2727,0
rep1,1.1755,2728,0
rep1,1.1756,2729,0
rep1,1.1757,2730,0
rep1,1.1757,2731,0
rep1,1.1758,2732,0
rep1,1.1758,2733,0
rep1,1.1759,2734,0
rep1,1.1759,2735,0
rep1,1.1759,2736,0
rep1,1.176,2737,0
rep1,1.176,2738,0
rep1,1.1761,2739,0
rep1,1.1761,2740,0
rep1,1.1761,2741,0
rep1,1.1762,2742,0
rep1,1.1762,2743,0
rep1,1.1763,2744,0
rep1,1.1764,2745,0
rep1,1.1765,2746,0
rep1,1.1765,2747,0
rep1,1.1767,2748,0
rep1,1.1767,2749,0
rep1,1.1768,2750,0
rep1,1.1768,2751,0
rep1,1.1768,2752,0
rep1,1.1769,2753,0
rep1,1.1769,2754,0
rep1,1.177,2755,0
rep1,1.1771,2756,0
rep1,1.1773,2757,0
rep1,1.1774,2758,0
rep1,1.1774,2759,0
rep1,1.1774,2760,0
rep1,1.1774,2761,0
rep1,1.1775,2762,0
rep1,1.1775,2763,0
rep1,1.1776,2764,0
rep1,1.1777,2765,0
rep1,1.1777,2766,0
rep1,1.1778,2767,0
rep1,1.1779,2768,0
rep1,1.178,2769,0
rep1,1.178,2770,0
rep1,1.1781,2771,0
rep1,1.1783,2772,0
rep1,1.1784,2773,0
rep1,1.1784,2774,0
rep1,1.1785,2775,0
rep1,1.1785,2776,0
rep1,1.1785,2777,0
rep1,1.1785,2778,0
rep1,1.1786,2779,0
rep1,1.1786,2780,0
rep1,1.1787,2781,0
rep1,1.1788,2782,0
rep1,1.1788,2783,0
rep1,1.1788,2784,0
rep1,1.1788,2785,0
rep1,1.179,2786,0
rep1,1.1791,2787,0
rep1,1.1791,2788,0
rep1,1.1791,2789,0
rep1,1.1792,2790,0
rep1,1.1792,2791,0
rep1,1.1793,2792,0
rep1,1.1793,2793,0
rep1,1.1794,2794,0
rep1,1.1794,2795,0
rep1,1.1795,2796,0
rep1,1.1797,2797,0
rep1,1.1797,2798,0
rep1,1.1797,2799,0
rep1,1.1798,2800,0
rep1,1.1798,2801,0
rep1,1.1799,2802,0
rep1,1.18,2803,0
rep1,1.1801,2804,0
rep1,1.1801,2805,0
rep1,1.1801,2806,0
rep1,1.1802,2807,0
rep1,1.1802,2808,0
rep1,1.1804,2809,0
rep1,1.1804,2810,0
rep1,1.1805,2811,0
rep1,1.1805,2812,0
rep1,1.1805,2813,0
rep1,1.1806,2814,0
rep1,1.1806,2815,0
rep1,1.1807,2816,0
rep1,1.1807,2817,0
rep1,1.1808,2818,0
rep1,1.1809,2819,0
rep1,1.1811,2820,0
rep1,1.1812,2821,0
rep1,1.1814,2822,0
rep1,1.1814,2823,0
rep1,1.1815,2824,0
rep1,1.1815,2825,0
rep1,1.1818,2826,0
rep1,1.1819,2827,0
rep1,1.1819,2828,0
rep1,1.1819,2829,0
rep1,1.182,2830,0
rep1,1.1821,2831,0
rep1,1.1821,2832,0
rep1,1.1823,2833,0
rep1,1.1823,2834,0
rep1,1.1825,2835,0
rep1,1.1825,2836,0
rep1,1.1825,2837,0
rep1,1.1826,2838,0
rep1,1.1826,2839,0
rep1,1.1827,2840,0
rep1,1.1829,2841,0
rep1,1.183,2842,0
rep1,1.183,2843,0
rep1,1.1831,2844,0
rep1,1.1831,2845,0
rep1,1.1832,2846,0
rep1,1.1833,2847,0
rep1,1.1833,2848,0
rep1,1.1833,2849,0
rep1,1.1833,2850,0
rep1,1.1834,2851,0
rep1,1.1834,2852,0
rep1,1.1834,2853,0
rep1,1.1835,2854,0
rep1,1.1835,2855,0
rep1,1.1836,2856,0
rep1,1.1836,2857,0
rep1,1.1837,2858,0
rep1,1.1837,2859,0
rep1,1.184,2860,0
rep1,1.184,2861,0
rep1,1.184,2862,0
rep1,1.1841,2863,0
rep1,1.1841,2864,0
rep1,1.1842,2865,0
rep1,1.1842,2866,0
rep1,1.1843,2867,0
rep1,1.1843,2868,0
rep1,1.1843,2869,0
rep1,1.1844,2870,0
rep1,1.1844,2871,0
rep1,1.1846,2872,0
rep1,1.1846,2873,0
rep1,1.1847,2874,0
rep1,1.1847,2875,0
rep1,1.1848,2876,0
rep1,1.1848,2877,0
rep1,1.1851,2878,0
rep1,1.1851,2879,0
rep1,1.1852,2880,0
rep1,1.1853,2881,0
rep1,1.1854,2882,0
rep1,1.1855,2883,0
rep1,1.1856,2884,0
rep1,1.1856,2885,0
rep1,1.1857,2886,0
rep1,1.1857,2887,0
rep1,1.1858,2888,0
rep1,1.1859,2889,0
rep1,1.1861,2890,0
rep1,1.1861,2891,0
rep1,1.1861,2892,0
rep1,1.1864,2893,0
rep1,1.1865,2894,0
rep1,1.1866,2895,0
rep1,1.1866,2896,0
rep1,1.1867,2897,0
rep1,1.1868,2898,0
rep1,1.1868,2899,0
rep1,1.1871,2900,0
rep1,1.1871,2901,0
rep1,1.1872,2902,0
rep1,1.1872,2903,0
rep1,1.1872,2904,0
rep1,1.1876,2905,0
rep1,1.1879,2906,0
rep1,1.1879,2907,0
rep1,1.1879,2908,0
rep1,1.188,2909,0
rep1,1.1881,2910,0
rep1,1.1881,2911,0
rep1,1.1881,2912,0
rep1,1.1883,2913,0
rep1,1.1883,2914,0
rep1,1.1883,2915,0
rep1,1.1885,2916,0
rep1,1.1887,2917,0
rep1,1.1888,2918,0
rep1,1.189,2919,0
rep1,1.1892,2920,0
rep1,1.1892,2921,0
rep1,1.1892,2922,0
rep1,1.1893,2923,0
rep1,1.1894,2924,0
rep1,1.1894,2925,0
rep1,1.1896,2926,0
rep1,1.1896,2927,0
rep1,1.1898,2928,0
rep1,1.1899,2929,0
rep1,1.1899,2930,0
rep1,1.1899,2931,0
rep1,1.19,2932,0
rep1,1.19,2933,0
rep1,1.19,2934,0
rep1,1.1901,2935,0
rep1,1.1901,2936,0
rep1,1.1902,2937,0
rep1,1.1902,2938,0
rep1,1.1903,2939,0
rep1,1.1904,2940,0
rep1,1.1905,2941,0
rep1,1.1906,2942,0
rep1,1.1907,2943,0
rep1,1.1907,2944,0
rep1,1.1909,2945,0
rep1,1.1909,2946,0
rep1,1.1909,2947,0
rep1,1.191,2948,0
rep1,1.191,2949,0
rep1,1.1911,2950,0
rep1,1.1912,2951,0
rep1,1.1913,2952,0
rep1,1.1913,2953,0
rep1,1.1913,2954,0
rep1,1.1914,2955,0
rep1,1.1915,2956,0
rep1,1.1915,2957,0
rep1,1.1916,2958,0
rep1,1.1916,2959,0
rep1,1.1916,2960,0
rep1,1.1917,2961,0
rep1,1.1918,2962,0
rep1,1.1919,2963,0
rep1,1.1919,2964,0
rep1,1.192,2965,0
rep1,1.1924,2966,0
rep1,1.1924,2967,0
rep1,1.1926,2968,0
rep1,1.1926,2969,0
rep1,1.1927,2970,0
rep1,1.1927,2971,0
rep1,1.1927,2972,0
rep1,1.1928,2973,0
rep1,1.1928,2974,0
rep1,1.1929,2975,0
rep1,1.1931,2976,0
rep1,1.1931,2977,0
rep1,1.1932,2978,0
rep1,1.1933,2979,0
rep1,1.1933,2980,0
rep1,1.1934,2981,0
rep1,1.1934,2982,0
rep1,1.1935,2983,0
rep1,1.1935,2984,0
rep1,1.1935,2985,0
rep1,1.1936,2986,0
rep1,1.1936,2987,0
rep1,1.1937,2988,0
rep1,1.1937,2989,0
rep1,1.1938,2990,0
rep1,1.1939,2991,0
rep1,1.194,2992,0
rep1,1.194,2993,0
rep1,1.194,2994,0
rep1,1.194,2995,0
rep1,1.1941,2996,0
rep1,1.1941,2997,0
rep1,1.1941,2998,0
rep1,1.1941,2999,0
rep1,1.1942,3000,0
rep1,1.1943,3001,0
rep1,1.1943,3002,0
rep1,1.1945,3003,0
rep1,1.1945,3004,0
rep1,1.1945,3005,0
rep1,1.1946,3006,0
rep1,1.1947,3007,0
rep1,1.1947,3008,0
rep1,1.1947,3009,0
rep1,1.1948,3010,0
rep1,1.195,3011,0
rep1,1.1951,3012,0
rep1,1.1951,3013,0
rep1,1.1951,3014,0
rep1,1.1952,3015,0
rep1,1.1952,3016,0
rep1,1.1952,3017,0
rep1,1.1955,3018,0
rep1,1.1956,3019,0
rep1,1.1956,3020,0
rep1,1.1956,3021,0
rep1,1.1957,3022,0
rep1,1.1957,3023,0
rep1,1.1957,3024,0
rep1,1.1959,3025,0
rep1,1.196,3026,0
rep1,1.1961,3027,0
rep1,1.1961,3028,0
rep1,1.1961,3029,0
rep1,1.1962,3030,0
rep1,1.1963,3031,0
rep1,1.1964,3032,0
rep1,1.1964,3033,0
rep1,1.1964,3034,0
rep1,1.1965,3035,0
rep1,1.1966,3036,0
rep1,1.1966,3037,0
rep1,1.1966,3038,0
rep1,1.1967,3039,0
rep1,1.1968,3040,0
rep1,1.1969,3041,0
rep1,1.1971,3042,0
rep1,1.1971,3043,0
rep1,1.1972,3044,0
rep1,1.1972,3045,0
rep1,1.1973,3046,0
rep1,1.1973,3047,0
rep1,1.1974,3048,0
rep1,1.1974,3049,0
rep1,1.1975,3050,0
rep1,1.1975,3051,0
rep1,1.1976,3052,0
rep1,1.1978,3053,0
rep1,1.1979,3054,0
rep1,1.198,3055,0
rep1,1.1981,3056,0
rep1,1.1981,3057,0
rep1,1.1982,3058,0
rep1,1.1983,3059,0
rep1,1.1983,3060,0
rep1,1.1983,3061,0
rep1,1.1985,3062,0
rep1,1.1985,3063,0
rep1,1.1986,3064,0
rep1,1.1987,3065,0
rep1,1.1987,3066,0
rep1,1.1988,3067,0
rep1,1.1989,3068,0
rep1,1.199,3069,0
rep1,1.199,3070,0
rep1,1.1991,3071,0
rep1,1.1991,3072,0
rep1,1.1992,3073,0
rep1,1.1993,3074,0
rep1,1.1993,3075,0
rep1,1.1994,3076,0
rep1,1.1994,3077,0
rep1,1.1994,3078,0
rep1,1.1996,3079,0
rep1,1.1997,3080,0
rep1,1.1997,3081,0
rep1,1.1998,3082,0
rep1,1.1998,3083,0
rep1,1.1999,3084,0
rep1,1.1999,3085,0
rep1,1.2001,3086,0
rep1,1.2002,3087,0
rep1,1.2002,3088,0
rep1,1.2002,3089,0
rep1,1.2002,3090,0
rep1,1.2003,3091,0
rep1,1.2004,3092,0
rep1,1.2006,3093,0
rep1,1.2007,3094,0
rep1,1.2009,3095,0
rep1,1.2009,3096,0
rep1,1.2009,3097,0
rep1,1.201,3098,0
rep1,1.201,3099,0
rep1,1.201,3100,0
rep1,1.2012,3101,0
rep1,1.2013,3102,0
rep1,1.2014,3103,0
rep1,1.2015,3104,0
rep1,1.2016,3105,0
rep1,1.2017,3106,0
rep1,1.2017,3107,0
rep1,1.2019,3108,0
rep1,1.2019,3109,0
rep1,1.2019,3110,0
rep1,1.202,3111,0
rep1,1.2023,3112,0
rep1,1.2023,3113,0
rep1,1.2024,3114,0
rep1,1.2025,3115,0
rep1,1.2026,3116,0
rep1,1.2027,3117,0
rep1,1.2028,3118,0
rep1,1.203,3119,0
rep1,1.203,3120,0
rep1,1.2031,3121,0
rep1,1.2032,3122,0
rep1,1.2032,3123,0
rep1,1.2033,3124,0
rep1,1.2034,3125,0
rep1,1.2035,3126,0
rep1,1.2036,3127,0
rep1,1.2036,3128,0
rep1,1.2037,3129,0
rep1,1.2038,3130,0
rep1,1.2039,3131,0
rep1,1.2039,3132,0
rep1,1.2041,3133,0
rep1,1.2041,3134,0
rep1,1.2042,3135,0
rep1,1.2044,3136,0
rep1,1.2045,3137,0
rep1,1.2046,3138,0
rep1,1.2047,3139,0
rep1,1.2047,3140,0
rep1,1.2048,3141,0
rep1,1.2049,3142,0
rep1,1.2049,3143,0
rep1,1.205,3144,0
rep1,1.205,3145,0
rep1,1.2052,3146,0
rep1,1.2052,3147,0
rep1,1.2053,3148,0
rep1,1.2056,3149,0
rep1,1.2056,3150,0
rep1,1.2057,3151,0
rep1,1.2063,3152,0
rep1,1.2064,3153,0
rep1,1.2065,3154,0
rep1,1.2066,3155,0
rep1,1.2066,3156,0
rep1,1.2067,3157,0
rep1,1.2067,3158,0
rep1,1.2067,3159,0
rep1,1.2068,3160,0
rep1,1.2069,3161,0
rep1,1.2069,3162,0
rep1,1.2069,3163,0
rep1,1.2073,3164,0
rep1,1.2074,3165,0
rep1,1.2076,3166,0
rep1,1.2076,3167,0
rep1,1.2077,3168,0
rep1,1.2077,3169,0
rep1,1.2078,3170,0
rep1,1.2081,3171,0
rep1,1.2082,3172,0
rep1,1.2082,3173,0
rep1,1.2082,3174,0
rep1,1.2083,3175,0
rep1,1.2083,3176,0
rep1,1.2084,3177,0
rep1,1.2085,3178,0
rep1,1.2085,3179,0
rep1,1.2086,3180,0
rep1,1.2086,3181,0
rep1,1.2087,3182,0
rep1,1.2087,3183,0
rep1,1.2087,3184,0
rep1,1.2089,3185,0
rep1,1.209,3186,0
rep1,1.209,3187,0
rep1,1.209,3188,0
rep1,1.209,3189,0
rep1,1.2092,3190,0
rep1,1.2093,3191,0
rep1,1.2093,3192,0
rep1,1.2093,3193,0
rep1,1.2094,3194,0
rep1,1.2094,3195,0
rep1,1.2094,3196,0
rep1,1.2095,3197,0
rep1,1.2095,3198,0
rep1,1.2096,3199,0
rep1,1.2097,3200,0
rep1,1.2097,3201,0
rep1,1.2098,3202,0
rep1,1.2098,3203,0
rep1,1.2099,3204,0
rep1,1.2099,3205,0
rep1,1.2099,3206,0
rep1,1.21,3207,0
rep1,1.2101,3208,0
rep1,1.2101,3209,0
rep1,1.2101,3210,0
rep1,1.2102,3211,0
rep1,1.2102,3212,0
rep1,1.2102,3213,0
rep1,1.2102,3214,0
rep1,1.2103,3215,0
rep1,1.2103,3216,0
rep1,1.2104,3217,0
rep1,1.2106,3218,0
rep1,1.2107,3219,0
rep1,1.2107,3220,0
rep1,1.2108,3221,0
rep1,1.2108,3222,0
rep1,1.2109,3223,0
rep1,1.211,3224,0
rep1,1.211,3225,0
rep1,1.2113,3226,0
rep1,1.2113,3227,0
rep1,1.2113,3228,0
rep1,1.2113,3229,0
rep1,1.2113,3230,0
rep1,1.2114,3231,0
rep1,1.2114,3232,0
rep1,1.2114,3233,0
rep1,1.2114,3234,0
rep1,1.2115,3235,0
rep1,1.2116,3236,0
rep1,1.2117,3237,0
rep1,1.2117,3238,0
rep1,1.2118,3239,0
rep1,1.2118,3240,0
rep1,1.2118,3241,0
rep1,1.2119,3242,0
rep1,1.212,3243,0
rep1,1.212,3244,0
rep1,1.2121,3245,0
rep1,1.2122,3246,0
rep1,1.2122,3247,0
rep1,1.2122,3248,0
rep1,1.2123,3249,0
rep1,1.2124,3250,0
rep1,1.2125,3251,0
rep1,1.2126,3252,0
rep1,1.2126,3253,0
rep1,1.2126,3254,0
rep1,1.2127,3255,0
rep1,1.2127,3256,0
rep1,1.2127,3257,0
rep1,1.2128,3258,0
rep1,1.2128,3259,0
rep1,1.2129,3260,0
rep1,1.213,3261,0
rep1,1.213,3262,0
rep1,1.2131,3263,0
rep1,1.2131,3264,0
rep1,1.2132,3265,0
rep1,1.2132,3266,0
rep1,1.2133,3267,0
rep1,1.2135,3268,0
rep1,1.2136,3269,0
rep1,1.2137,3270,0
rep1,1.2137,3271,0
rep1,1.2138,3272,0
rep1,1.214,3273,0
rep1,1.214,3274,0
rep1,1.214,3275,0
rep1,1.214,3276,0
rep1,1.2141,3277,0
rep1,1.2141,3278,0
rep1,1.2142,3279,0
rep1,1.2147,3280,0
rep1,1.2148,3281,0
rep1,1.2148,3282,0
rep1,1.2148,3283,0
rep1,1.2149,3284,0
rep1,1.215,3285,0
rep1,1.2151,3286,0
rep1,1.2151,3287,0
rep1,1.2151,3288,0
rep1,1.2152,3289,0
rep1,1.2152,3290,0
rep1,1.2154,3291,0
rep1,1.2154,3292,0
rep1,1.2154,3293,0
rep1,1.2155,3294,0
rep1,1.2155,3295,0
rep1,1.2156,3296,0
rep1,1.2156,3297,0
rep1,1.2156,3298,0
rep1,1.2157,3299,0
rep1,1.2157,3300,0
rep1,1.2157,3301,0
rep1,1.2159,3302,0
rep1,1.216,3303,0
rep1,1.216,3304,0
rep1,1.216,3305,0
rep1,1.2161,3306,0
rep1,1.2164,3307,0
rep1,1.2165,3308,0
rep1,1.2165,3309,0
rep1,1.2165,3310,0
rep1,1.2167,3311,0
rep1,1.2167,3312,0
rep1,1.2167,3313,0
rep1,1.2168,3314,0
rep1,1.2171,3315,0
rep1,1.2174,3316,0
rep1,1.2177,3317,0
rep1,1.2177,3318,0
rep1,1.2177,3319,0
rep1,1.2178,3320,0
rep1,1.2178,3321,0
rep1,1.2179,3322,0
rep1,1.2179,3323,0
rep1,1.218,3324,0
rep1,1.218,3325,0
rep1,1.218,3326,0
rep1,1.2181,3327,0
rep1,1.2181,3328,0
rep1,1.2182,3329,0
rep1,1.2183,3330,0
rep1,1.2183,3331,0
rep1,1.2184,3332,0
rep1,1.2184,3333,0
rep1,1.2185,3334,0
rep1,1.2186,3335,0
rep1,1.2186,3336,0
rep1,1.2187,3337,0
rep1,1.2188,3338,0
rep1,1.2189,3339,0
rep1,1.2189,3340,0
rep1,1.219,3341,0
rep1,1.2191,3342,0
rep1,1.2192,3343,0
rep1,1.2193,3344,0
rep1,1.2193,3345,0
rep1,1.2193,3346,0
rep1,1.2194,3347,0
rep1,1.2195,3348,0
rep1,1.2196,3349,0
rep1,1.2196,3350,0
rep1,1.2196,3351,0
rep1,1.2196,3352,0
rep1,1.22,3353,0
rep1,1.2202,3354,0
rep1,1.2203,3355,0
rep1,1.2206,3356,0
rep1,1.2206,3357,0
rep1,1.2209,3358,0
rep1,1.221,3359,0
rep1,1.2211,3360,0
rep1,1.2212,3361,0
rep1,1.2213,3362,0
rep1,1.2213,3363,0
rep1,1.2215,3364,0
rep1,1.2216,3365,0
rep1,1.2216,3366,0
rep1,1.2216,3367,0
rep1,1.2216,3368,0
rep1,1.2218,3369,0
rep1,1.2218,3370,0
rep1,1.2221,3371,0
rep1,1.2222,3372,0
rep1,1.2222,3373,0
rep1,1.2223,3374,0
rep1,1.2223,3375,0
rep1,1.2224,3376,0
rep1,1.2224,3377,0
rep1,1.2226,3378,0
rep1,1.2226,3379,0
rep1,1.2226,3380,0
rep1,1.2227,3381,0
rep1,1.2227,3382,0
rep1,1.223,3383,0
rep1,1.2231,3384,0
rep1,1.2232,3385,0
rep1,1.2232,3386,0
rep1,1.2233,3387,0
rep1,1.2233,3388,0
rep1,1.2235,3389,0
rep1,1.2235,3390,0
rep1,1.2235,3391,0
rep1,1.2237,3392,0
rep1,1.2239,3393,0
rep1,1.2241,3394,0
rep1,1.2241,3395,0
rep1,1.2242,3396,0
rep1,1.2242,3397,0
rep1,1.2244,3398,0
rep1,1.2244,3399,0
rep1,1.2245,3400,0
rep1,1.2246,3401,0
rep1,1.2246,3402,0
rep1,1.2247,3403,0
rep1,1.2249,3404,0
rep1,1.2252,3405,0
rep1,1.2255,3406,0
rep1,1.2256,3407,0
rep1,1.2257,3408,0
rep1,1.2257,3409,0
rep1,1.2258,3410,0
rep1,1.2258,3411,0
rep1,1.2259,3412,0
rep1,1.2259,3413,0
rep1,1.226,3414,0
rep1,1.226,3415,0
rep1,1.226,3416,0
rep1,1.2261,3417,0
rep1,1.2262,3418,0
rep1,1.2263,3419,0
rep1,1.2264,3420,0
rep1,1.2264,3421,0
rep1,1.2265,3422,0
rep1,1.2266,3423,0
rep1,1.2267,3424,0
rep1,1.2268,3425,0
rep1,1.2269,3426,0
rep1,1.2272,3427,0
rep1,1.2273,3428,0
rep1,1.2273,3429,0
rep1,1.2274,3430,0
rep1,1.2274,3431,0
rep1,1.2275,3432,0
rep1,1.2275,3433,0
rep1,1.2276,3434,0
rep1,1.2276,3435,0
rep1,1.2276,3436,0
rep1,1.2277,3437,0
rep1,1.2277,3438,0
rep1,1.2278,3439,0
rep1,1.2278,3440,0
rep1,1.2279,3441,0
rep1,1.228,3442,0
rep1,1.2281,3443,0
rep1,1.2281,3444,0
rep1,1.2283,3445,0
rep1,1.2285,3446,0
rep1,1.2286,3447,0
rep1,1.2286,3448,0
rep1,1.2286,3449,0
rep1,1.2287,3450,0
rep1,1.2288,3451,0
rep1,1.2288,3452,0
rep1,1.2288,3453,0
rep1,1.2289,3454,0
rep1,1.2289,3455,0
rep1,1.229,3456,0
rep1,1.2291,3457,0
rep1,1.2292,3458,0
rep1,1.2293,3459,0
rep1,1.2293,3460,0
rep1,1.2294,3461,0
rep1,1.2294,3462,0
rep1,1.2296,3463,0
rep1,1.2297,3464,0
rep1,1.2299,3465,0
rep1,1.2301,3466,0
rep1,1.2301,3467,0
rep1,1.2302,3468,0
rep1,1.2303,3469,0
rep1,1.2303,3470,0
rep1,1.2304,3471,0
rep1,1.2304,3472,0
rep1,1.2305,3473,0
rep1,1.2305,3474,0
rep1,1.2305,3475,0
rep1,1.2306,3476,0
rep1,1.2306,3477,0
rep1,1.2307,3478,0
rep1,1.2308,3479,0
rep1,1.231,3480,0
rep1,1.2312,3481,0
rep1,1.2314,3482,0
rep1,1.2315,3483,0
rep1,1.2316,3484,0
rep1,1.2316,3485,0
rep1,1.2317,3486,0
rep1,1.2317,3487,0
rep1,1.2317,3488,0
rep1,1.2317,3489,0
rep1,1.2318,3490,0
rep1,1.2318,3491,0
rep1,1.2319,3492,0
rep1,1.2321,3493,0
rep1,1.2323,3494,0
rep1,1.2325,3495,0
rep1,1.2325,3496,0
rep1,1.2328,3497,0
rep1,1.2329,3498,0
rep1,1.2329,3499,0
rep1,1.233,3500,0
rep1,1.233,3501,0
rep1,1.2331,3502,0
rep1,1.2331,3503,0
rep1,1.2331,3504,0
rep1,1.2332,3505,0
rep1,1.2332,3506,0
rep1,1.2335,3507,0
rep1,1.2335,3508,0
rep1,1.2336,3509,0
rep1,1.2336,3510,0
rep1,1.2337,3511,0
rep1,1.2339,3512,0
rep1,1.2339,3513,0
rep1,1.2339,3514,0
rep1,1.2339,3515,0
rep1,1.234,3516,0
rep1,1.2341,3517,0
rep1,1.2342,3518,0
rep1,1.2342,3519,0
rep1,1.2343,3520,0
rep1,1.2346,3521,0
rep1,1.2347,3522,0
rep1,1.2348,3523,0
rep1,1.2349,3524,0
rep1,1.2351,3525,0
rep1,1.2352,3526,0
rep1,1.2353,3527,0
rep1,1.2355,3528,0
rep1,1.2355,3529,0
rep1,1.2356,3530,0
rep1,1.2356,3531,0
rep1,1.2357,3532,0
rep1,1.236,3533,0
rep1,1.236,3534,0
rep1,1.2361,3535,0
rep1,1.2362,3536,0
rep1,1.2364,3537,0
rep1,1.2365,3538,0
rep1,1.2366,3539,0
rep1,1.2367,3540,0
rep1,1.2369,3541,0
rep1,1.237,3542,0
rep1,1.237,3543,0
rep1,1.2373,3544,0
rep1,1.2373,3545,0
rep1,1.2374,3546,0
rep1,1.2375,3547,0
rep1,1.2376,3548,0
rep1,1.2376,3549,0
rep1,1.2379,3550,0
rep1,1.2379,3551,0
rep1,1.2379,3552,0
rep1,1.238,3553,0
rep1,1.2381,3554,0
rep1,1.2382,3555,0
rep1,1.2383,3556,0
rep1,1.2384,3557,0
rep1,1.2384,3558,0
rep1,1.2385,3559,0
rep1,1.2385,3560,0
rep1,1.2386,3561,0
rep1,1.2388,3562,0
rep1,1.239,3563,0
rep1,1.239,3564,0
rep1,1.2391,3565,0
rep1,1.2392,3566,0
rep1,1.2392,3567,0
rep1,1.2392,3568,0
rep1,1.2392,3569,0
rep1,1.2392,3570,0
rep1,1.2393,3571,0
rep1,1.2394,3572,0
rep1,1.2395,3573,0
rep1,1.2396,3574,0
rep1,1.2396,3575,0
rep1,1.2398,3576,0
rep1,1.2398,3577,0
rep1,1.2399,3578,0
rep1,1.2399,3579,0
rep1,1.24,3580,0
rep1,1.24,3581,0
rep1,1.2401,3582,0
rep1,1.2401,3583,0
rep1,1.2402,3584,0
rep1,1.2403,3585,0
rep1,1.2403,3586,0
rep1,1.2404,3587,0
rep1,1.2404,3588,0
rep1,1.2406,3589,0
rep1,1.2406,3590,0
rep1,1.2407,3591,0
rep1,1.2408,3592,0
rep1,1.2408,3593,0
rep1,1.2409,3594,0
rep1,1.2409,3595,0
rep1,1.2409,3596,0
rep1,1.2409,3597,0
rep1,1.241,3598,0
rep1,1.2411,3599,0
rep1,1.2411,3600,0
rep1,1.2412,3601,0
rep1,1.2412,3602,0
rep1,1.2414,3603,0
rep1,1.2416,3604,0
rep1,1.2416,3605,0
rep1,1.2416,3606,0
rep1,1.2416,3607,0
rep1,1.2417,3608,0
rep1,1.2419,3609,0
rep1,1.242,3610,0
rep1,1.242,3611,0
rep1,1.2421,3612,0
rep1,1.2421,3613,0
rep1,1.2422,3614,0
rep1,1.2423,3615,0
rep1,1.2424,3616,0
rep1,1.2424,3617,0
rep1,1.2425,3618,0
rep1,1.2425,3619,0
rep1,1.2425,3620,0
rep1,1.2426,3621,0
rep1,1.2427,3622,0
rep1,1.2428,3623,0
rep1,1.2428,3624,0
rep1,1.2429,3625,0
rep1,1.2429,3626,0
rep1,1.2429,3627,0
rep1,1.243,3628,0
rep1,1.2432,3629,0
rep1,1.2433,3630,0
rep1,1.2433,3631,0
rep1,1.2435,3632,0
rep1,1.2435,3633,0
rep1,1.2436,3634,0
rep1,1.2437,3635,0
rep1,1.2437,3636,0
rep1,1.2438,3637,0
rep1,1.2439,3638,0
rep1,1.244,3639,0
rep1,1.244,3640,0
rep1,1.2441,3641,0
rep1,1.2441,3642,0
rep1,1.2442,3643,0
rep1,1.2445,3644,0
rep1,1.2446,3645,0
rep1,1.2447,3646,0
rep1,1.2447,3647,0
rep1,1.2447,3648,0
rep1,1.2447,3649,0
rep1,1.2448,3650,0
rep1,1.245,3651,0
rep1,1.245,3652,0
rep1,1.2452,3653,0
rep1,1.2452,3654,0
rep1,1.2452,3655,0
rep1,1.2453,3656,0
rep1,1.2453,3657,0
rep1,1.2453,3658,0
rep1,1.2454,3659,0
rep1,1.2454,3660,0
rep1,1.2454,3661,0
rep1,1.2454,3662,0
rep1,1.2455,3663,0
rep1,1.2455,3664,0
rep1,1.2456,3665,0
rep1,1.2457,3666,0
rep1,1.2457,3667,0
rep1,1.2458,3668,0
rep1,1.2458,3669,0
rep1,1.2461,3670,0
rep1,1.2461,3671,0
rep1,1.2462,3672,0
rep1,1.2462,3673,0
rep1,1.2463,3674,0
rep1,1.2463,3675,0
rep1,1.2463,3676,0
rep1,1.2464,3677,0
rep1,1.2466,3678,0
rep1,1.2467,3679,0
rep1,1.2468,3680,0
rep1,1.2469,3681,0
rep1,1.247,3682,0
rep1,1.2471,3683,0
rep1,1.2471,3684,0
rep1,1.2471,3685,0
rep1,1.2472,3686,0
rep1,1.2472,3687,0
rep1,1.2473,3688,0
rep1,1.2473,3689,0
rep1,1.2474,3690,0
rep1,1.2475,3691,0
rep1,1.2476,3692,0
rep1,1.2476,3693,0
rep1,1.248,3694,0
rep1,1.248,3695,0
rep1,1.248,3696,0
rep1,1.2481,3697,0
rep1,1.2482,3698,0
rep1,1.2483,3699,0
rep1,1.2484,3700,0
rep1,1.2489,3701,0
rep1,1.2491,3702,0
rep1,1.2491,3703,0
rep1,1.2492,3704,0
rep1,1.2493,3705,0
rep1,1.2493,3706,0
rep1,1.2494,3707,0
rep1,1.2495,3708,0
rep1,1.2496,3709,0
rep1,1.2496,3710,0
rep1,1.2497,3711,0
rep1,1.2497,3712,0
rep1,1.2498,3713,0
rep1,1.2499,3714,0
rep1,1.25,3715,0
rep1,1.2501,3716,0
rep1,1.2501,3717,0
rep1,1.2502,3718,0
rep1,1.2503,3719,0
rep1,1.2503,3720,0
rep1,1.2504,3721,0
rep1,1.2504,3722,0
rep1,1.2506,3723,0
rep1,1.2506,3724,0
rep1,1.2506,3725,0
rep1,1.2508,3726,0
rep1,1.2509,3727,0
rep1,1.251,3728,0
rep1,1.2512,3729,0
rep1,1.2512,3730,0
rep1,1.2512,3731,0
rep1,1.2513,3732,0
rep1,1.2514,3733,0
rep1,1.2515,3734,0
rep1,1.2517,3735,0
rep1,1.2519,3736,0
rep1,1.2519,3737,0
rep1,1.252,3738,0
rep1,1.2521,3739,0
rep1,1.2521,3740,0
rep1,1.2523,3741,0
rep1,1.2527,3742,0
rep1,1.2527,3743,0
rep1,1.2528,3744,0
rep1,1.2529,3745,0
rep1,1.2531,3746,0
rep1,1.2533,3747,0
rep1,1.2534,3748,0
rep1,1.2536,3749,0
rep1,1.2537,3750,0
rep1,1.254,3751,0
rep1,1.2541,3752,0
rep1,1.2541,3753,0
rep1,1.2541,3754,0
rep1,1.2541,3755,0
rep1,1.2542,3756,0
rep1,1.2543,3757,0
rep1,1.2546,3758,0
rep1,1.2547,3759,0
rep1,1.2548,3760,0
rep1,1.2548,3761,0
rep1,1.255,3762,0
rep1,1.255,3763,0
rep1,1.2551,3764,0
rep1,1.2551,3765,0
rep1,1.2552,3766,0
rep1,1.2552,3767,0
rep1,1.2553,3768,0
rep1,1.2553,3769,0
rep1,1.2553,3770,0
rep1,1.2553,3771,0
rep1,1.2554,3772,0
rep1,1.2555,3773,0
rep1,1.2556,3774,0
rep1,1.2556,3775,0
rep1,1.2557,3776,0
rep1,1.2558,3777,0
rep1,1.2561,3778,0
rep1,1.2561,3779,0
rep1,1.2561,3780,0
rep1,1.2562,3781,0
rep1,1.2562,3782,0
rep1,1.2562,3783,0
rep1,1.2563,3784,0
rep1,1.2565,3785,0
rep1,1.2567,3786,0
rep1,1.2568,3787,0
rep1,1.2569,3788,0
rep1,1.257,3789,0
rep1,1.257,3790,0
rep1,1.2571,3791,0
rep1,1.2572,3792,0
rep1,1.2572,3793,0
rep1,1.2573,3794,0
rep1,1.2575,3795,0
rep1,1.2576,3796,0
rep1,1.2576,3797,0
rep1,1.2576,3798,0
rep1,1.2577,3799,0
rep1,1.2579,3800,0
rep1,1.258,3801,0
rep1,1.2581,3802,0
rep1,1.2582,3803,0
rep1,1.2583,3804,0
rep1,1.2584,3805,0
rep1,1.2584,3806,0
rep1,1.2584,3807,0
rep1,1.2586,3808,0
rep1,1.2586,3809,0
rep1,1.2586,3810,0
rep1,1.2587,3811,0
rep1,1.2588,3812,0
rep1,1.2588,3813,0
rep1,1.2593,3814,0
rep1,1.2595,3815,0
rep1,1.2596,3816,0
rep1,1.2596,3817,0
rep1,1.2598,3818,0
rep1,1.2599,3819,0
rep1,1.26,3820,0
rep1,1.26,3821,0
rep1,1.2601,3822,0
rep1,1.2602,3823,0
rep1,1.2603,3824,0
rep1,1.2604,3825,0
rep1,1.2604,3826,0
rep1,1.2604,3827,0
rep1,1.2607,3828,0
rep1,1.2608,3829,0
rep1,1.2608,3830,0
rep1,1.2611,3831,0
rep1,1.2611,3832,0
rep1,1.2612,3833,0
rep1,1.2613,3834,0
rep1,1.2614,3835,0
rep1,1.2616,3836,0
rep1,1.2617,3837,0
rep1,1.2619,3838,0
rep1,1.262,3839,0
rep1,1.2622,3840,0
rep1,1.2623,3841,0
rep1,1.2623,3842,0
rep1,1.2623,3843,0
rep1,1.2624,3844,0
rep1,1.2627,3845,0
rep1,1.2627,3846,0
rep1,1.2628,3847,0
rep1,1.2629,3848,0
rep1,1.263,3849,0
rep1,1.263,3850,0
rep1,1.2631,3851,0
rep1,1.2631,3852,0
rep1,1.2634,3853,0
rep1,1.2635,3854,0
rep1,1.2641,3855,0
rep1,1.2644,3856,0
rep1,1.2646,3857,0
rep1,1.2647,3858,0
rep1,1.2653,3859,0
rep1,1.2657,3860,0
rep1,1.2658,3861,0
rep1,1.2658,3862,0
rep1,1.2658,3863,0
rep1,1.2659,3864,0
rep1,1.266,3865,0
rep1,1.2665,3866,0
rep1,1.2665,3867,0
rep1,1.2666,3868,0
rep1,1.2667,3869,0
rep1,1.2668,3870,0
rep1,1.2668,3871,0
rep1,1.2669,3872,0
rep1,1.267,3873,0
rep1,1.2671,3874,0
rep1,1.2671,3875,0
rep1,1.2672,3876,0
rep1,1.2673,3877,0
rep1,1.2677,3878,0
rep1,1.2679,3879,0
rep1,1.2683,3880,0
rep1,1.2684,3881,0
rep1,1.2685,3882,0
rep1,1.2685,3883,0
rep1,1.2688,3884,0
rep1,1.2689,3885,0
rep1,1.2689,3886,0
rep1,1.269,3887,0
rep1,1.2692,3888,0
rep1,1.2693,3889,0
rep1,1.2695,3890,0
rep1,1.2696,3891,0
rep1,1.2697,3892,0
rep1,1.2697,3893,0
rep1,1.2698,3894,0
rep1,1.2701,3895,0
rep1,1.2702,3896,0
rep1,1.2702,3897,0
rep1,1.2703,3898,0
rep1,1.2703,3899,0
rep1,1.2704,3900,0
rep1,1.2705,3901,0
rep1,1.2706,3902,0
rep1,1.2707,3903,0
rep1,1.2707,3904,0
rep1,1.2707,3905,0
rep1,1.2709,3906,0
rep1,1.2709,3907,0
rep1,1.271,3908,0
rep1,1.2711,3909,0
rep1,1.2711,3910,0
rep1,1.2712,3911,0
rep1,1.2712,3912,0
rep1,1.2713,3913,0
rep1,1.2716,3914,0
rep1,1.2716,3915,0
rep1,1.2717,3916,0
rep1,1.2717,3917,0
rep1,1.2719,3918,0
rep1,1.272,3919,0
rep1,1.2723,3920,0
rep1,1.2725,3921,0
rep1,1.2726,3922,0
rep1,1.2727,3923,0
rep1,1.2727,3924,0
rep1,1.2728,3925,0
rep1,1.2729,3926,0
rep1,1.273,3927,0
rep1,1.2731,3928,0
rep1,1.2731,3929,0
rep1,1.2732,3930,0
rep1,1.2732,3931,0
rep1,1.2733,3932,0
rep1,1.2734,3933,0
rep1,1.2735,3934,0
rep1,1.2738,3935,0
rep1,1.2738,3936,0
rep1,1.2738,3937,0
rep1,1.2738,3938,0
rep1,1.274,3939,0
rep1,1.2741,3940,0
rep1,1.2743,3941,0
rep1,1.2744,3942,0
rep1,1.2745,3943,0
rep1,1.2745,3944,0
rep1,1.2753,3945,0
rep1,1.2755,3946,0
rep1,1.2756,3947,0
rep1,1.2758,3948,0
rep1,1.2758,3949,0
rep1,1.2759,3950,0
rep1,1.276,3951,0
rep1,1.2763,3952,0
rep1,1.2763,3953,0
rep1,1.2766,3954,0
rep1,1.2767,3955,0
rep1,1.2768,3956,0
rep1,1.2769,3957,0
rep1,1.2769,3958,0
rep1,1.277,3959,0
rep1,1.2771,3960,0
rep1,1.2772,3961,0
rep1,1.2774,3962,0
rep1,1.2777,3963,0
rep1,1.2778,3964,0
rep1,1.2778,3965,0
rep1,1.2778,3966,0
rep1,1.2778,3967,0
rep1,1.2779,3968,0
rep1,1.278,3969,0
rep1,1.2781,3970,0
rep1,1.2781,3971,0
rep1,1.2781,3972,0
rep1,1.2782,3973,0
rep1,1.2784,3974,0
rep1,1.2784,3975,0
rep1,1.2786,3976,0
rep1,1.2787,3977,0
rep1,1.2787,3978,0
rep1,1.2787,3979,0
rep1,1.2789,3980,0
rep1,1.279,3981,0
rep1,1.2791,3982,0
rep1,1.2792,3983,0
rep1,1.2792,3984,0
rep1,1.2793,3985,0
rep1,1.2796,3986,0
rep1,1.2796,3987,0
rep1,1.2797,3988,0
rep1,1.2797,3989,0
rep1,1.2797,3990,0
rep1,1.2799,3991,0
rep1,1.2801,3992,0
rep1,1.2801,3993,0
rep1,1.2802,3994,0
rep1,1.2803,3995,0
rep1,1.2804,3996,0
rep1,1.2804,3997,0
rep1,1.2807,3998,0
rep1,1.281,3999,0
rep1,1.2811,4000,0
rep1,1.2814,4001,0
rep1,1.2815,4002,0
rep1,1.2816,4003,0
rep1,1.2816,4004,0
rep1,1.2817,4005,0
rep1,1.2818,4006,0
rep1,1.2819,4007,0
rep1,1.282,4008,0
rep1,1.2821,4009,0
rep1,1.2822,4010,0
rep1,1.2823,4011,0
rep1,1.2823,4012,0
rep1,1.2824,4013,0
rep1,1.2826,4014,0
rep1,1.2827,4015,0
rep1,1.2827,4016,0
rep1,1.2831,4017,0
rep1,1.2831,4018,0
rep1,1.2835,4019,0
rep1,1.2835,4020,0
rep1,1.2837,4021,0
rep1,1.2839,4022,0
rep1,1.284,4023,0
rep1,1.284,4024,0
rep1,1.2842,4025,0
rep1,1.2843,4026,0
rep1,1.2844,4027,0
rep1,1.2844,4028,0
rep1,1.2845,4029,0
rep1,1.2845,4030,0
rep1,1.2846,4031,0
rep1,1.2846,4032,0
rep1,1.2846,4033,0
rep1,1.2846,4034,0
rep1,1.2847,4035,0
rep1,1.2848,4036,0
rep1,1.2848,4037,0
rep1,1.2848,4038,0
rep1,1.285,4039,0
rep1,1.2856,4040,0
rep1,1.2856,4041,0
rep1,1.2857,4042,0
rep1,1.2857,4043,0
rep1,1.2858,4044,0
rep1,1.2859,4045,0
rep1,1.2863,4046,0
rep1,1.2864,4047,0
rep1,1.2864,4048,0
rep1,1.2866,4049,0
rep1,1.2869,4050,0
rep1,1.2872,4051,0
rep1,1.2873,4052,0
rep1,1.2874,4053,0
rep1,1.2876,4054,0
rep1,1.2877,4055,0
rep1,1.2878,4056,0
rep1,1.2878,4057,0
rep1,1.2879,4058,0
rep1,1.288,4059,0
rep1,1.2883,4060,0
rep1,1.2884,4061,0
rep1,1.2885,4062,0
rep1,1.2886,4063,0
rep1,1.2887,4064,0
rep1,1.2887,4065,0
rep1,1.2888,4066,0
rep1,1.2889,4067,0
rep1,1.289,4068,0
rep1,1.289,4069,0
rep1,1.289,4070,0
rep1,1.2891,4071,0
rep1,1.2892,4072,0
rep1,1.2893,4073,0
rep1,1.2893,4074,0
rep1,1.2893,4075,0
rep1,1.2893,4076,0
rep1,1.2896,4077,0
rep1,1.2896,4078,0
rep1,1.2897,4079,0
rep1,1.2897,4080,0
rep1,1.2897,4081,0
rep1,1.2898,4082,0
rep1,1.2899,4083,0
rep1,1.2901,4084,0
rep1,1.2902,4085,0
rep1,1.2902,4086,0
rep1,1.2902,4087,0
rep1,1.2903,4088,0
rep1,1.2903,4089,0
rep1,1.2903,4090,0
rep1,1.2903,4091,0
rep1,1.2904,4092,0
rep1,1.2909,4093,0
rep1,1.2909,4094,0
rep1,1.291,4095,0
rep1,1.291,4096,0
rep1,1.291,4097,0
rep1,1.2911,4098,0
rep1,1.2912,4099,0
rep1,1.2913,4100,0
rep1,1.2915,4101,0
rep1,1.2917,4102,0
rep1,1.2917,4103,0
rep1,1.2919,4104,0
rep1,1.2921,4105,0
rep1,1.2921,4106,0
rep1,1.2923,4107,0
rep1,1.2925,4108,0
rep1,1.2927,4109,0
rep1,1.2931,4110,0
rep1,1.2932,4111,0
rep1,1.2933,4112,0
rep1,1.2936,4113,0
rep1,1.2939,4114,0
rep1,1.2939,4115,0
rep1,1.2939,4116,0
rep1,1.294,4117,0
rep1,1.294,4118,0
rep1,1.294,4119,0
rep1,1.2945,4120,0
rep1,1.2949,4121,0
rep1,1.2952,4122,0
rep1,1.2952,4123,0
rep1,1.2955,4124,0
rep1,1.2958,4125,0
rep1,1.2964,4126,0
rep1,1.2964,4127,0
rep1,1.2965,4128,0
rep1,1.2966,4129,0
rep1,1.2966,4130,0
rep1,1.2969,4131,0
rep1,1.2969,4132,0
rep1,1.2971,4133,0
rep1,1.2971,4134,0
rep1,1.2971,4135,0
rep1,1.2973,4136,0
rep1,1.2976,4137,0
rep1,1.2976,4138,0
rep1,1.2978,4139,0
rep1,1.298,4140,0
rep1,1.2982,4141,0
rep1,1.2983,4142,0
rep1,1.2983,4143,0
rep1,1.2984,4144,0
rep1,1.2987,4145,0
rep1,1.2988,4146,0
rep1,1.2989,4147,0
rep1,1.2992,4148,0
rep1,1.2992,4149,0
rep1,1.2995,4150,0
rep1,1.2996,4151,0
rep1,1.2996,4152,0
rep1,1.2997,4153,0
rep1,1.3,4154,0
rep1,1.3,4155,0
rep1,1.3002,4156,0
rep1,1.3004,4157,0
rep1,1.3009,4158,0
rep1,1.301,4159,0
rep1,1.3019,4160,0
rep1,1.3022,4161,0
rep1,1.3022,4162,0
rep1,1.3024,4163,0
rep1,1.3027,4164,0
rep1,1.303,4165,0
rep1,1.303,4166,0
rep1,1.3031,4167,0
rep1,1.3031,4168,0
rep1,1.3032,4169,0
rep1,1.3032,4170,0
rep1,1.3033,4171,0
rep1,1.3034,4172,0
rep1,1.3035,4173,0
rep1,1.3036,4174,0
rep1,1.3037,4175,0
rep1,1.3038,4176,0
rep1,1.3039,4177,0
rep1,1.304,4178,0
rep1,1.3041,4179,0
rep1,1.3044,4180,0
rep1,1.3045,4181,0
rep1,1.3047,4182,0
rep1,1.3048,4183,0
rep1,1.3049,4184,0
rep1,1.3052,4185,0
rep1,1.3052,4186,0
rep1,1.3052,4187,0
rep1,1.3054,4188,0
rep1,1.3054,4189,0
rep1,1.3054,4190,0
rep1,1.3057,4191,0
rep1,1.3058,4192,0
rep1,1.3058,4193,0
rep1,1.3059,4194,0
rep1,1.3059,4195,0
rep1,1.3061,4196,0
rep1,1.3061,4197,0
rep1,1.3062,4198,0
rep1,1.3063,4199,0
rep1,1.3063,4200,0
rep1,1.3064,4201,0
rep1,1.3065,4202,0
rep1,1.3066,4203,0
rep1,1.3066,4204,0
rep1,1.3067,4205,0
rep1,1.3067,4206,0
rep1,1.3068,4207,0
rep1,1.3069,4208,0
rep1,1.307,4209,0
rep1,1.3072,4210,0
rep1,1.3073,4211,0
rep1,1.3073,4212,0
rep1,1.3073,4213,0
rep1,1.3075,4214,0
rep1,1.3075,4215,0
rep1,1.3077,4216,0
rep1,1.3081,4217,0
rep1,1.3083,4218,0
rep1,1.3086,4219,0
rep1,1.3086,4220,0
rep1,1.3088,4221,0
rep1,1.3088,4222,0
rep1,1.3089,4223,0
rep1,1.3089,4224,0
rep1,1.309,4225,0
rep1,1.3092,4226,0
rep1,1.3094,4227,0
rep1,1.3095,4228,0
rep1,1.3101,4229,0
rep1,1.3105,4230,0
rep1,1.3106,4231,0
rep1,1.3107,4232,0
rep1,1.3108,4233,0
rep1,1.3109,4234,0
rep1,1.3109,4235,0
rep1,1.311,4236,0
rep1,1.3112,4237,0
rep1,1.3114,4238,0
rep1,1.3116,4239,0
rep1,1.312,4240,0
rep1,1.3125,4241,0
rep1,1.3126,4242,0
rep1,1.3129,4243,0
rep1,1.313,4244,0
rep1,1.3133,4245,0
rep1,1.3134,4246,0
rep1,1.3135,4247,0
rep1,1.3135,4248,0
rep1,1.3136,4249,0
rep1,1.3139,4250,0
rep1,1.314,4251,0
rep1,1.3142,4252,0
rep1,1.3142,4253,0
rep1,1.3147,4254,0
rep1,1.3147,4255,0
rep1,1.3148,4256,0
rep1,1.3149,4257,0
rep1,1.3152,4258,0
rep1,1.3152,4259,0
rep1,1.3153,4260,0
rep1,1.3155,4261,0
rep1,1.3156,4262,0
rep1,1.3157,4263,0
rep1,1.3158,4264,0
rep1,1.3159,4265,0
rep1,1.3162,4266,0
rep1,1.3164,4267,0
rep1,1.3165,4268,0
rep1,1.3169,4269,0
rep1,1.317,4270,0
rep1,1.3171,4271,0
rep1,1.3172,4272,0
rep1,1.3173,4273,0
rep1,1.3175,4274,0
rep1,1.3177,4275,0
rep1,1.3179,4276,0
rep1,1.3187,4277,0
rep1,1.3187,4278,0
rep1,1.3189,4279,0
rep1,1.3193,4280,0
rep1,1.3193,4281,0
rep1,1.3198,4282,0
rep1,1.3198,4283,0
rep1,1.3198,4284,0
rep1,1.3201,4285,0
rep1,1.3201,4286,0
rep1,1.3204,4287,0
rep1,1.3205,4288,0
rep1,1.3205,4289,0
rep1,1.3205,4290,0
rep1,1.3207,4291,0
rep1,1.3208,4292,0
rep1,1.3209,4293,0
rep1,1.3211,4294,0
rep1,1.3211,4295,0
rep1,1.3214,4296,0
rep1,1.3214,4297,0
rep1,1.3218,4298,0
rep1,1.3218,4299,0
rep1,1.3219,4300,0
rep1,1.3223,4301,0
rep1,1.3223,4302,0
rep1,1.3227,4303,0
rep1,1.3228,4304,0
rep1,1.3228,4305,0
rep1,1.3228,4306,0
rep1,1.3228,4307,0
rep1,1.3229,4308,0
rep1,1.3231,4309,0
rep1,1.3232,4310,0
rep1,1.3233,4311,0
rep1,1.3233,4312,0
rep1,1.3241,4313,0
rep1,1.3242,4314,0
rep1,1.3244,4315,0
rep1,1.3245,4316,0
rep1,1.3246,4317,0
rep1,1.3248,4318,0
rep1,1.325,4319,0
rep1,1.3253,4320,0
rep1,1.3253,4321,0
rep1,1.3254,4322,0
rep1,1.3255,4323,0
rep1,1.3255,4324,0
rep1,1.3256,4325,0
rep1,1.3258,4326,0
rep1,1.326,4327,0
rep1,1.3262,4328,0
rep1,1.3263,4329,0
rep1,1.3264,4330,0
rep1,1.3265,4331,0
rep1,1.327,4332,0
rep1,1.3271,4333,0
rep1,1.3275,4334,0
rep1,1.3277,4335,0
rep1,1.3277,4336,0
rep1,1.3278,4337,0
rep1,1.3281,4338,0
rep1,1.3281,4339,0
rep1,1.3282,4340,0
rep1,1.3284,4341,0
rep1,1.3285,4342,0
rep1,1.3287,4343,0
rep1,1.3291,4344,0
rep1,1.3292,4345,0
rep1,1.3293,4346,0
rep1,1.3295,4347,0
rep1,1.3295,4348,0
rep1,1.3304,4349,0
rep1,1.3304,4350,0
rep1,1.3305,4351,0
rep1,1.3306,4352,0
rep1,1.331,4353,0
rep1,1.3312,4354,0
rep1,1.3313,4355,0
rep1,1.3314,4356,0
rep1,1.3315,4357,0
rep1,1.3316,4358,0
rep1,1.3317,4359,0
rep1,1.3318,4360,0
rep1,1.332,4361,0
rep1,1.3329,4362,0
rep1,1.3329,4363,0
rep1,1.3331,4364,0
rep1,1.3332,4365,0
rep1,1.3332,4366,0
rep1,1.3332,4367,0
rep1,1.3337,4368,0
rep1,1.3337,4369,0
rep1,1.334,4370,0
rep1,1.3343,4371,0
rep1,1.3343,4372,0
rep1,1.3344,4373,0
rep1,1.3345,4374,0
rep1,1.3349,4375,0
rep1,1.3353,4376,0
rep1,1.3354,4377,0
rep1,1.3355,4378,0
rep1,1.3357,4379,0
rep1,1.336,4380,0
rep1,1.3362,4381,0
rep1,1.3363,4382,0
rep1,1.3364,4383,0
rep1,1.3365,4384,0
rep1,1.3367,4385,0
rep1,1.3367,4386,0
rep1,1.3368,4387,0
rep1,1.3368,4388,0
rep1,1.3369,4389,0
rep1,1.3372,4390,0
rep1,1.3373,4391,0
rep1,1.3375,4392,0
rep1,1.3375,4393,0
rep1,1.3375,4394,0
rep1,1.3377,4395,0
rep1,1.3377,4396,0
rep1,1.3378,4397,0
rep1,1.3381,4398,0
rep1,1.3383,4399,0
rep1,1.3386,4400,0
rep1,1.3386,4401,0
rep1,1.3386,4402,0
rep1,1.3387,4403,0
rep1,1.339,4404,0
rep1,1.3392,4405,0
rep1,1.3398,4406,0
rep1,1.3399,4407,0
rep1,1.34,4408,0
rep1,1.34,4409,0
rep1,1.3403,4410,0
rep1,1.3405,4411,0
rep1,1.3406,4412,0
rep1,1.3409,4413,0
rep1,1.3411,4414,0
rep1,1.3412,4415,0
rep1,1.3413,4416,0
rep1,1.3413,4417,0
rep1,1.3421,4418,0
rep1,1.3421,4419,0
rep1,1.3421,4420,0
rep1,1.3422,4421,0
rep1,1.3422,4422,0
rep1,1.3425,4423,0
rep1,1.3426,4424,0
rep1,1.3427,4425,0
rep1,1.3427,4426,0
rep1,1.3428,4427,0
rep1,1.3431,4428,0
rep1,1.3435,4429,0
rep1,1.3436,4430,0
rep1,1.3436,4431,0
rep1,1.3438,4432,0
rep1,1.3438,4433,0
rep1,1.3441,4434,0
rep1,1.3441,4435,0
rep1,1.3441,4436,0
rep1,1.3442,4437,0
rep1,1.3442,4438,0
rep1,1.3443,4439,0
rep1,1.3444,4440,0
rep1,1.3445,4441,0
rep1,1.3446,4442,0
rep1,1.3447,4443,0
rep1,1.3447,4444,0
rep1,1.3448,4445,0
rep1,1.345,4446,0
rep1,1.3451,4447,0
rep1,1.3452,4448,0
rep1,1.3455,4449,0
rep1,1.3456,4450,0
rep1,1.3457,4451,0
rep1,1.3461,4452,0
rep1,1.3463,4453,0
rep1,1.3463,4454,0
rep1,1.3464,4455,0
rep1,1.3466,4456,0
rep1,1.3466,4457,0
rep1,1.3467,4458,0
rep1,1.3471,4459,0
rep1,1.3471,4460,0
rep1,1.3474,4461,0
rep1,1.3476,4462,0
rep1,1.3477,4463,0
rep1,1.3477,4464,0
rep1,1.3477,4465,0
rep1,1.3478,4466,0
rep1,1.3479,4467,0
rep1,1.348,4468,0
rep1,1.348,4469,0
rep1,1.3482,4470,0
rep1,1.3486,4471,0
rep1,1.3487,4472,0
rep1,1.3487,4473,0
rep1,1.3495,4474,0
rep1,1.3496,4475,0
rep1,1.3499,4476,0
rep1,1.3499,4477,0
rep1,1.3501,4478,0
rep1,1.3502,4479,0
rep1,1.3504,4480,0
rep1,1.3508,4481,0
rep1,1.3509,4482,0
rep1,1.3511,4483,0
rep1,1.3511,4484,0
rep1,1.3512,4485,0
rep1,1.3512,4486,0
rep1,1.3514,4487,0
rep1,1.3516,4488,0
rep1,1.3517,4489,0
rep1,1.3519,4490,0
rep1,1.3521,4491,0
rep1,1.3527,4492,0
rep1,1.3528,4493,0
rep1,1.3535,4494,0
rep1,1.3537,4495,0
rep1,1.3544,4496,0
rep1,1.3546,4497,0
rep1,1.3546,4498,0
rep1,1.3547,4499,0
rep1,1.3548,4500,0
rep1,1.355,4501,0
rep1,1.3552,4502,0
rep1,1.3558,4503,0
rep1,1.3558,4504,0
rep1,1.3559,4505,0
rep1,1.3561,4506,0
rep1,1.3563,4507,0
rep1,1.3564,4508,0
rep1,1.3564,4509,0
rep1,1.3566,4510,0
rep1,1.3567,4511,0
rep1,1.3569,4512,0
rep1,1.3569,4513,0
rep1,1.357,4514,0
rep1,1.3577,4515,0
rep1,1.3578,4516,0
rep1,1.3582,4517,0
rep1,1.3582,4518,0
rep1,1.3584,4519,0
rep1,1.3584,4520,0
rep1,1.3585,4521,0
rep1,1.359,4522,0
rep1,1.3591,4523,0
rep1,1.3599,4524,0
rep1,1.36,4525,0
rep1,1.3603,4526,0
rep1,1.3604,4527,0
rep1,1.3608,4528,0
rep1,1.361,4529,0
rep1,1.3611,4530,0
rep1,1.3611,4531,0
rep1,1.3612,4532,0
rep1,1.3612,4533,0
rep1,1.3614,4534,0
rep1,1.3616,4535,0
rep1,1.3618,4536,0
rep1,1.3618,4537,0
rep1,1.362,4538,0
rep1,1.3622,4539,0
rep1,1.3623,4540,0
rep1,1.3627,4541,0
rep1,1.3628,4542,0
rep1,1.3628,4543,0
rep1,1.3629,4544,0
rep1,1.3631,4545,0
rep1,1.3636,4546,0
rep1,1.3637,4547,0
rep1,1.3639,4548,0
rep1,1.3644,4549,0
rep1,1.3645,4550,0
rep1,1.365,4551,0
rep1,1.3658,4552,0
rep1,1.3659,4553,0
rep1,1.3664,4554,0
rep1,1.3667,4555,0
rep1,1.3669,4556,0
rep1,1.3671,4557,0
rep1,1.3676,4558,0
rep1,1.3678,4559,0
rep1,1.3679,4560,0
rep1,1.3681,4561,0
rep1,1.3682,4562,0
rep1,1.3687,4563,0
rep1,1.369,4564,0
rep1,1.3691,4565,0
rep1,1.3691,4566,0
rep1,1.3693,4567,0
rep1,1.3697,4568,0
rep1,1.3699,4569,0
rep1,1.37,4570,0
rep1,1.3702,4571,0
rep1,1.3702,4572,0
rep1,1.3703,4573,0
rep1,1.3709,4574,0
rep1,1.3714,4575,0
rep1,1.3727,4576,0
rep1,1.373,4577,0
rep1,1.3731,4578,0
rep1,1.3732,4579,0
rep1,1.3734,4580,0
rep1,1.3736,4581,0
rep1,1.3745,4582,0
rep1,1.3746,4583,0
rep1,1.3748,4584,0
rep1,1.375,4585,0
rep1,1.375,4586,0
rep1,1.3752,4587,0
rep1,1.3752,4588,0
rep1,1.3756,4589,0
rep1,1.376,4590,0
rep1,1.3768,4591,0
rep1,1.3769,4592,0
rep1,1.3769,4593,0
rep1,1.377,4594,0
rep1,1.3772,4595,0
rep1,1.3773,4596,0
rep1,1.3775,4597,0
rep1,1.3782,4598,0
rep1,1.3785,4599,0
rep1,1.3787,4600,0
rep1,1.3787,4601,0
rep1,1.3791,4602,0
rep1,1.3791,4603,0
rep1,1.3793,4604,0
rep1,1.3797,4605,0
rep1,1.3797,4606,0
rep1,1.3799,4607,0
rep1,1.3802,4608,0
rep1,1.3803,4609,0
rep1,1.3804,4610,0
rep1,1.381,4611,0
rep1,1.3812,4612,0
rep1,1.3813,4613,0
rep1,1.3815,4614,0
rep1,1.3817,4615,0
rep1,1.3824,4616,0
rep1,1.3824,4617,0
rep1,1.3826,4618,0
rep1,1.383,4619,0
rep1,1.3831,4620,0
rep1,1.3835,4621,0
rep1,1.3837,4622,0
rep1,1.3839,4623,0
rep1,1.384,4624,0
rep1,1.3845,4625,0
rep1,1.3846,4626,0
rep1,1.3848,4627,0
rep1,1.3849,4628,0
rep1,1.3851,4629,0
rep1,1.3852,4630,0
rep1,1.3853,4631,0
rep1,1.3855,4632,0
rep1,1.3855,4633,0
rep1,1.3857,4634,0
rep1,1.386,4635,0
rep1,1.3861,4636,0
rep1,1.3862,4637,0
rep1,1.3863,4638,0
rep1,1.3869,4639,0
rep1,1.3877,4640,0
rep1,1.388,4641,0
rep1,1.3884,4642,0
rep1,1.3886,4643,0
rep1,1.3886,4644,0
rep1,1.3887,4645,0
rep1,1.3887,4646,0
rep1,1.3888,4647,0
rep1,1.3892,4648,0
rep1,1.3893,4649,0
rep1,1.3897,4650,0
rep1,1.3897,4651,0
rep1,1.39,4652,0
rep1,1.3912,4653,0
rep1,1.3917,4654,0
rep1,1.3924,4655,0
rep1,1.3929,4656,0
rep1,1.3929,4657,0
rep1,1.3932,4658,0
rep1,1.3938,4659,0
rep1,1.3939,4660,0
rep1,1.3946,4661,0
rep1,1.3949,4662,0
rep1,1.3949,4663,0
rep1,1.395,4664,0
rep1,1.3954,4665,0
rep1,1.3956,4666,0
rep1,1.3965,4667,0
rep1,1.3967,4668,0
rep1,1.3968,4669,0
rep1,1.3977,4670,0
rep1,1.3988,4671,0
rep1,1.3989,4672,0
rep1,1.3992,4673,0
rep1,1.3993,4674,0
rep1,1.4002,4675,0
rep1,1.4005,4676,0
rep1,1.4008,4677,0
rep1,1.4008,4678,0
rep1,1.4009,4679,0
rep1,1.401,4680,0
rep1,1.4028,4681,0
rep1,1.403,4682,0
rep1,1.4032,4683,0
rep1,1.4037,4684,0
rep1,1.4041,4685,0
rep1,1.4044,4686,0
rep1,1.4045,4687,0
rep1,1.4047,4688,0
rep1,1.4048,4689,0
rep1,1.4048,4690,0
rep1,1.4053,4691,0
rep1,1.4061,4692,0
rep1,1.4063,4693,0
rep1,1.4071,4694,0
rep1,1.4073,4695,0
rep1,1.4074,4696,0
rep1,1.4075,4697,0
rep1,1.4076,4698,0
rep1,1.4081,4699,0
rep1,1.4083,4700,0
rep1,1.4088,4701,0
rep1,1.4091,4702,0
rep1,1.4092,4703,0
rep1,1.4092,4704,0
rep1,1.4092,4705,0
rep1,1.4105,4706,0
rep1,1.4106,4707,0
rep1,1.4124,4708,0
rep1,1.4127,4709,0
rep1,1.4128,4710,0
rep1,1.413,4711,0
rep1,1.413,4712,0
rep1,1.4134,4713,0
rep1,1.4135,4714,0
rep1,1.4139,4715,0
rep1,1.414,4716,0
rep1,1.4141,4717,0
rep1,1.4144,4718,0
rep1,1.4147,4719,0
rep1,1.4149,4720,0
rep1,1.415,4721,0
rep1,1.4153,4722,0
rep1,1.4158,4723,0
rep1,1.416,4724,0
rep1,1.4165,4725,0
rep1,1.417,4726,0
rep1,1.4173,4727,0
rep1,1.4176,4728,0
rep1,1.4185,4729,0
rep1,1.419,4730,0
rep1,1.4192,4731,0
rep1,1.4196,4732,0
rep1,1.4197,4733,0
rep1,1.4203,4734,0
rep1,1.4214,4735,0
rep1,1.4216,4736,0
rep1,1.4218,4737,0
rep1,1.4219,4738,0
rep1,1.4228,4739,0
rep1,1.4234,4740,0
rep1,1.4234,4741,0
rep1,1.4235,4742,0
rep1,1.4236,4743,0
rep1,1.4242,4744,0
rep1,1.4249,4745,0
rep1,1.4252,4746,0
rep1,1.4255,4747,0
rep1,1.4256,4748,0
rep1,1.4268,4749,0
rep1,1.427,4750,0
rep1,1.4276,4751,0
rep1,1.428,4752,0
rep1,1.4288,4753,0
rep1,1.4288,4754,0
rep1,1.4294,4755,0
rep1,1.4295,4756,0
rep1,1.4296,4757,0
rep1,1.4299,4758,0
rep1,1.4299,4759,0
rep1,1.4301,4760,0
rep1,1.4318,4761,0
rep1,1.432,4762,0
rep1,1.433,4763,0
rep1,1.4333,4764,0
rep1,1.4336,4765,0
rep1,1.4337,4766,0
rep1,1.4338,4767,0
rep1,1.4339,4768,0
rep1,1.4341,4769,0
rep1,1.4342,4770,0
rep1,1.4348,4771,0
rep1,1.4349,4772,0
rep1,1.435,4773,0
rep1,1.435,4774,0
rep1,1.4351,4775,0
rep1,1.4354,4776,0
rep1,1.437,4777,0
rep1,1.4375,4778,0
rep1,1.4379,4779,0
rep1,1.4406,4780,0
rep1,1.442,4781,0
rep1,1.4422,4782,0
rep1,1.4431,4783,0
rep1,1.4431,4784,0
rep1,1.4439,4785,0
rep1,1.4444,4786,0
rep1,1.4447,4787,0
rep1,1.4449,4788,0
rep1,1.4457,4789,0
rep1,1.4461,4790,0
rep1,1.4469,4791,0
rep1,1.4475,4792,0
rep1,1.4476,4793,0
rep1,1.4478,4794,0
rep1,1.4484,4795,0
rep1,1.4488,4796,0
rep1,1.449,4797,0
rep1,1.4496,4798,0
rep1,1.4499,4799,0
rep1,1.4501,4800,0
rep1,1.4507,4801,0
rep1,1.4508,4802,0
rep1,1.451,4803,0
rep1,1.4519,4804,0
rep1,1.4521,4805,0
rep1,1.4522,4806,0
rep1,1.4525,4807,0
rep1,1.4533,4808,0
rep1,1.4557,4809,0
rep1,1.4559,4810,0
rep1,1.4562,4811,0
rep1,1.4571,4812,0
rep1,1.4573,4813,0
rep1,1.458,4814,0
rep1,1.4585,4815,0
rep1,1.46,4816,0
rep1,1.4607,4817,0
rep1,1.4609,4818,0
rep1,1.4613,4819,0
rep1,1.4617,4820,0
rep1,1.4617,4821,0
rep1,1.4617,4822,0
rep1,1.4618,4823,0
rep1,1.462,4824,0
rep1,1.4632,4825,0
rep1,1.4638,4826,0
rep1,1.4639,4827,0
rep1,1.4642,4828,0
rep1,1.4648,4829,0
rep1,1.4683,4830,0
rep1,1.4684,4831,0
rep1,1.4686,4832,0
rep1,1.4693,4833,0
rep1,1.4693,4834,0
rep1,1.4701,4835,0
rep1,1.4703,4836,0
rep1,1.4711,4837,0
rep1,1.4714,4838,0
rep1,1.4721,4839,0
rep1,1.4723,4840,0
rep1,1.4728,4841,0
rep1,1.4732,4842,0
rep1,1.4735,4843,0
rep1,1.474,4844,0
rep1,1.4748,4845,0
rep1,1.4751,4846,0
rep1,1.4765,4847,0
rep1,1.4767,4848,0
rep1,1.4771,4849,0
rep1,1.4772,4850,0
rep1,1.4784,4851,0
rep1,1.4787,4852,0
rep1,1.479,4853,0
rep1,1.4791,4854,0
rep1,1.4792,4855,0
rep1,1.4798,4856,0
rep1,1.4804,4857,0
rep1,1.4813,4858,0
rep1,1.4813,4859,0
rep1,1.482,4860,0
rep1,1.4832,4861,0
rep1,1.4838,4862,0
rep1,1.4848,4863,0
rep1,1.485,4864,0
rep1,1.4855,4865,0
rep1,1.4865,4866,0
rep1,1.4867,4867,0
rep1,1.4881,4868,0
rep1,1.4895,4869,0
rep1,1.4912,4870,0
rep1,1.4917,4871,0
rep1,1.4919,4872,0
rep1,1.4926,4873,0
rep1,1.4928,4874,0
rep1,1.494,4875,0
rep1,1.4942,4876,0
rep1,1.4963,4877,0
rep1,1.4964,4878,0
rep1,1.4967,4879,0
rep1,1.4968,4880,0
rep1,1.4975,4881,0
rep1,1.4977,4882,0
rep1,1.4978,4883,0
rep1,1.4985,4884,0
rep1,1.4986,4885,0
rep1,1.4996,4886,0
rep1,1.4999,4887,0
rep1,1.5009,4888,0
rep1,1.5012,4889,0
rep1,1.5029,4890,0
rep1,1.5048,4891,0
rep1,1.5054,4892,0
rep1,1.5058,4893,0
rep1,1.506,4894,0
rep1,1.5061,4895,0
rep1,1.5067,4896,0
rep1,1.5079,4897,0
rep1,1.5082,4898,0
rep1,1.5083,4899,0
rep1,1.5083,4900,0
rep1,1.5089,4901,0
rep1,1.5092,4902,0
rep1,1.5093,4903,0
rep1,1.5097,4904,0
rep1,1.5105,4905,0
rep1,1.511,4906,0
rep1,1.5119,4907,0
rep1,1.5126,4908,0
rep1,1.5146,4909,0
rep1,1.5153,4910,0
rep1,1.5179,4911,0
rep1,1.5182,4912,0
rep1,1.519,4913,0
rep1,1.5213,4914,0
rep1,1.5223,4915,0
rep1,1.5228,4916,0
rep1,1.5229,4917,0
rep1,1.5237,4918,0
rep1,1.5253,4919,0
rep1,1.5255,4920,0
rep1,1.5267,4921,0
rep1,1.5269,4922,0
rep1,1.5273,4923,0
rep1,1.5291,4924,0
rep1,1.5292,4925,0
rep1,1.531,4926,0
rep1,1.5317,4927,0
rep1,1.5319,4928,0
rep1,1.5356,4929,0
rep1,1.5383,4930,0
rep1,1.539,4931,0
rep1,1.5409,4932,0
rep1,1.5412,4933,0
rep1,1.5416,4934,0
rep1,1.542,4935,0
rep1,1.5432,4936,0
rep1,1.5438,4937,0
rep1,1.5477,4938,0
rep1,1.5489,4939,0
rep1,1.5515,4940,0
rep1,1.5538,4941,0
rep1,1.5548,4942,0
rep1,1.5566,4943,0
rep1,1.5575,4944,0
rep1,1.559,4945,0
rep1,1.5591,4946,0
rep1,1.5593,4947,0
rep1,1.5622,4948,0
rep1,1.566,4949,0
rep1,1.566,4950,0
rep1,1.5724,4951,0
rep1,1.5725,4952,0
rep1,1.5737,4953,0
rep1,1.5773,4954,0
rep1,1.5774,4955,0
rep1,1.5796,4956,0
rep1,1.5801,4957,0
rep1,1.5804,4958,0
rep1,1.5851,4959,0
rep1,1.5852,4960,0
rep1,1.5861,4961,0
rep1,1.5913,4962,0
rep1,1.5917,4963,0
rep1,1.5918,4964,0
rep1,1.594,4965,0
rep1,1.5953,4966,0
rep1,1.5962,4967,0
rep1,1.5977,4968,0
rep1,1.6004,4969,0
rep1,1.6014,4970,0
rep1,1.6034,4971,0
rep1,1.608,4972,0
rep1,1.6121,4973,0
rep1,1.6198,4974,0
rep1,1.6273,4975,0
rep1,1.6278,4976,0
rep1,1.6411,4977,0
rep1,1.6462,4978,0
rep1,1.6512,4979,0
rep1,1.692,4980,0
rep1,1.6991,4981,0
rep1,1.7024,4982,0
rep1,1.7054,4983,0
rep1,1.7235,4984,0
rep1,1.7243,4985,0
rep1,1.7289,4986,0
rep1,1.731,4987,0
rep1,1.7504,4988,0
rep1,1.7577,4989,0
rep1,1.7822,4990,0
rep1,1.7958,4991,0
rep1,1.8124,4992,0
rep1,1.8291,4993,0
rep1,1.8381,4994,0
rep1,1.8457,4995,0
rep1,1.922,4996,0
rep1,2.0091,4997,0
rep1,2.0098,4998,0
rep1,2.0103,4999,0
rep1,2.0105,5000,0
rep1,2.0105,5001,0
rep1,2.0117,5002,0
rep1,2.0119,5003,0
rep1,2.013,5004,0
rep1,2.0141,5005,0
rep1,2.0143,5006,0
rep1,2.015,5007,0
rep1,2.0159,5008,0
rep1,2.0194,5009,0
rep1,2.0203,5010,0
rep1,2.0241,5011,0
rep1,2.0277,5012,0
rep1,2.0302,5013,0
rep1,2.0422,5014,0
rep1,2.0422,5015,0
rep1,2.0423,5016,0
rep1,2.0425,5017,0
rep1,2.0425,5018,0
rep1,2.0425,5019,0
rep1,2.0426,5020,0
rep1,2.0426,5021,0
rep1,2.0428,5022,0
rep1,2.0428,5023,0
rep1,2.0428,5024,0
rep1,2.0429,5025,0
rep1,2.0429,5026,0
rep1,2.043,5027,0
rep1,2.043,5028,0
rep1,2.043,5029,0
rep1,2.0432,5030,0
rep1,2.0433,5031,0
rep1,2.0434,5032,0
rep1,2.0434,5033,0
rep1,2.0435,5034,0
rep1,2.0436,5035,0
rep1,2.0436,5036,0
rep1,2.0436,5037,0
rep1,2.0437,5038,0
rep1,2.0438,5039,0
rep1,2.0439,5040,0
rep1,2.044,5041,0
rep1,2.044,5042,0
rep1,2.0441,5043,0
rep1,2.0442,5044,0
rep1,2.0443,5045,0
rep1,2.0444,5046,0
rep1,2.0446,5047,0
rep1,2.0447,5048,0
rep1,2.0448,5049,0
rep1,2.0449,5050,0
rep1,2.0449,5051,0
rep1,2.0449,5052,0
rep1,2.045,5053,0
rep1,2.045,5054,0
rep1,2.0451,5055,0
rep1,2.0453,5056,0
rep1,2.0454,5057,0
rep1,2.0454,5058,0
rep1,2.0456,5059,0
rep1,2.0457,5060,0
rep1,2.0458,5061,0
rep1,2.0458,5062,0
rep1,2.0462,5063,0
rep1,2.0463,5064,0
rep1,2.0465,5065,0
rep1,2.0466,5066,0
rep1,2.0466,5067,0
rep1,2.0467,5068,0
rep1,2.0468,5069,0
rep1,2.0468,5070,0
rep1,2.047,5071,0
rep1,2.047,5072,0
rep1,2.0471,5073,0
rep1,2.0475,5074,0
rep1,2.0477,5075,0
rep1,2.0477,5076,0
rep1,2.0478,5077,0
rep1,2.0478,5078,0
rep1,2.0479,5079,0
rep1,2.0484,5080,0
rep1,2.0484,5081,0
rep1,2.0485,5082,0
rep1,2.0486,5083,0
rep1,2.0487,5084,0
rep1,2.0488,5085,0
rep1,2.0488,5086,0
rep1,2.0488,5087,0
rep1,2.0489,5088,0
rep1,2.049,5089,0
rep1,2.0492,5090,0
rep1,2.0502,5091,0
rep1,2.0508,5092,0
rep1,2.0508,5093,0
rep1,2.0509,5094,0
rep1,2.0514,5095,0
rep1,2.0516,5096,0
rep1,2.0518,5097,0
rep1,2.0518,5098,0
rep1,2.0519,5099,0
rep1,2.0521,5100,0
rep1,2.0523,5101,0
rep1,2.0527,5102,0
rep1,2.0529,5103,0
rep1,2.053,5104,0
rep1,2.0533,5105,0
rep1,2.0534,5106,0
rep1,2.0535,5107,0
rep1,2.0535,5108,0
rep1,2.0536,5109,0
rep1,2.0537,5110,0
rep1,2.0541,5111,0
rep1,2.0542,5112,0
rep1,2.0543,5113,0
rep1,2.0544,5114,0
rep1,2.0548,5115,0
rep1,2.0553,5116,0
rep1,2.0553,5117,0
rep1,2.0554,5118,0
rep1,2.0556,5119,0
rep1,2.0558,5120,0
rep1,2.056,5121,0
rep1,2.057,5122,0
rep1,2.0573,5123,0
rep1,2.0574,5124,0
rep1,2.0574,5125,0
rep1,2.0578,5126,0
rep1,2.0589,5127,0
rep1,2.059,5128,0
rep1,2.0591,5129,0
rep1,2.06,5130,0
rep1,2.0602,5131,0
rep1,2.0606,5132,0
rep1,2.0616,5133,0
rep1,2.0618,5134,0
rep1,2.0623,5135,0
rep1,2.0634,5136,0
rep1,2.064,5137,0
rep1,2.064,5138,0
rep1,2.0649,5139,0
rep1,2.065,5140,0
rep1,2.0655,5141,0
rep1,2.0658,5142,0
rep1,2.066,5143,0
rep1,2.075,5144,0
rep1,2.0757,5145,0
rep1,2.0757,5146,0
rep1,2.0757,5147,0
rep1,2.0757,5148,0
rep1,2.0757,5149,0
rep1,2.0757,5150,0
rep1,2.0757,5151,0
rep1,2.0758,5152,0
rep1,2.076,5153,0
rep1,2.076,5154,0
rep1,2.076,5155,0
rep1,2.076,5156,0
rep1,2.0761,5157,0
rep1,2.0761,5158,0
rep1,2.0761,5159,0
rep1,2.0761,5160,0
rep1,2.0761,5161,0
rep1,2.0761,5162,0
rep1,2.0763,5163,0
rep1,2.0764,5164,0
rep1,2.0764,5165,0
rep1,2.0764,5166,0
rep1,2.0765,5167,0
rep1,2.0765,5168,0
rep1,2.0765,5169,0
rep1,2.0766,5170,0
rep1,2.0766,5171,0
rep1,2.0766,5172,0
rep1,2.0766,5173,0
rep1,2.0767,5174,0
rep1,2.0767,5175,0
rep1,2.0767,5176,0
rep1,2.0768,5177,0
rep1,2.0768,5178,0
rep1,2.0768,5179,0
rep1,2.0768,5180,0
rep1,2.0769,5181,0
rep1,2.0769,5182,0
rep1,2.077,5183,0
rep1,2.0771,5184,0
rep1,2.0771,5185,0
rep1,2.0771,5186,0
rep1,2.0772,5187,0
rep1,2.0772,5188,0
rep1,2.0772,5189,0
rep1,2.0773,5190,0
rep1,2.0773,5191,0
rep1,2.0773,5192,0
rep1,2.0773,5193,0
rep1,2.0773,5194,0
rep1,2.0774,5195,0
rep1,2.0774,5196,0
rep1,2.0775,5197,0
rep1,2.0775,5198,0
rep1,2.0775,5199,0
rep1,2.0775,5200,0
rep1,2.0776,5201,0
rep1,2.0776,5202,0
rep1,2.0776,5203,0
rep1,2.0777,5204,0
rep1,2.0777,5205,0
rep1,2.0777,5206,0
rep1,2.0778,5207,0
rep1,2.0778,5208,0
rep1,2.0778,5209,0
rep1,2.0778,5210,0
rep1,2.0778,5211,0
rep1,2.0779,5212,0
rep1,2.0779,5213,0
rep1,2.0779,5214,0
rep1,2.078,5215,0
rep1,2.078,5216,0
rep1,2.078,5217,0
rep1,2.0781,5218,0
rep1,2.0782,5219,0
rep1,2.0782,5220,0
rep1,2.0782,5221,0
rep1,2.0783,5222,0
rep1,2.0783,5223,0
rep1,2.0784,5224,0
rep1,2.0785,5225,0
rep1,2.0785,5226,0
rep1,2.0786,5227,0
rep1,2.0786,5228,0
rep1,2.0786,5229,0
rep1,2.0787,5230,0
rep1,2.0787,5231,0
rep1,2.0788,5232,0
rep1,2.0788,5233,0
rep1,2.0789,5234,0
rep1,2.0789,5235,0
rep1,2.0789,5236,0
rep1,2.0789,5237,0
rep1,2.079,5238,0
rep1,2.079,5239,0
rep1,2.079,5240,0
rep1,2.0791,5241,0
rep1,2.0791,5242,0
rep1,2.0792,5243,0
rep1,2.0792,5244,0
rep1,2.0792,5245,0
rep1,2.0794,5246,0
rep1,2.0794,5247,0
rep1,2.0794,5248,0
rep1,2.0795,5249,0
rep1,2.0795,5250,0
rep1,2.0796,5251,0
rep1,2.0796,5252,0
rep1,2.0796,5253,0
rep1,2.0796,5254,0
rep1,2.0798,5255,0
rep1,2.0798,5256,0
rep1,2.0799,5257,0
rep1,2.0799,5258,0
rep1,2.0799,5259,0
rep1,2.0799,5260,0
rep1,2.08,5261,0
rep1,2.0801,5262,0
rep1,2.0803,5263,0
rep1,2.0803,5264,0
rep1,2.0803,5265,0
rep1,2.0803,5266,0
rep1,2.0803,5267,0
rep1,2.0803,5268,0
rep1,2.0804,5269,0
rep1,2.0805,5270,0
rep1,2.0805,5271,0
rep1,2.0805,5272,0
rep1,2.0806,5273,0
rep1,2.0806,5274,0
rep1,2.0806,5275,0
rep1,2.0806,5276,0
rep1,2.0807,5277,0
rep1,2.0807,5278,0
rep1,2.0807,5279,0
rep1,2.0808,5280,0
rep1,2.0808,5281,0
rep1,2.0808,5282,0
rep1,2.0808,5283,0
rep1,2.0808,5284,0
rep1,2.0809,5285,0
rep1,2.0809,5286,0
rep1,2.0811,5287,0
rep1,2.0811,5288,0
rep1,2.0812,5289,0
rep1,2.0812,5290,0
rep1,2.0813,5291,0
rep1,2.0813,5292,0
rep1,2.0814,5293,0
rep1,2.0814,5294,0
rep1,2.0814,5295,0
rep1,2.0814,5296,0
rep1,2.0814,5297,0
rep1,2.0815,5298,0
rep1,2.0815,5299,0
rep1,2.0815,5300,0
rep1,2.0815,5301,0
rep1,2.0815,5302,0
rep1,2.0817,5303,0
rep1,2.0817,5304,0
rep1,2.0817,5305,0
rep1,2.0818,5306,0
rep1,2.0818,5307,0
rep1,2.0818,5308,0
rep1,2.0818,5309,0
rep1,2.0819,5310,0
rep1,2.0819,5311,0
rep1,2.082,5312,0
rep1,2.082,5313,0
rep1,2.082,5314,0
rep1,2.0821,5315,0
rep1,2.0821,5316,0
rep1,2.0821,5317,0
rep1,2.0821,5318,0
rep1,2.0822,5319,0
rep1,2.0823,5320,0
rep1,2.0825,5321,0
rep1,2.0825,5322,0
rep1,2.0825,5323,0
rep1,2.0826,5324,0
rep1,2.0827,5325,0
rep1,2.0827,5326,0
rep1,2.0828,5327,0
rep1,2.0828,5328,0
rep1,2.0828,5329,0
rep1,2.0828,5330,0
rep1,2.0828,5331,0
rep1,2.0831,5332,0
rep1,2.0832,5333,0
rep1,2.0832,5334,0
rep1,2.0832,5335,0
rep1,2.0833,5336,0
rep1,2.0833,5337,0
rep1,2.0833,5338,0
rep1,2.0834,5339,0
rep1,2.0834,5340,0
rep1,2.0835,5341,0
rep1,2.0835,5342,0
rep1,2.0835,5343,0
rep1,2.0836,5344,0
rep1,2.0836,5345,0
rep1,2.0837,5346,0
rep1,2.0838,5347,0
rep1,2.0839,5348,0
rep1,2.0839,5349,0
rep1,2.084,5350,0
rep1,2.084,5351,0
rep1,2.0841,5352,0
rep1,2.0842,5353,0
rep1,2.0842,5354,0
rep1,2.0843,5355,0
rep1,2.0843,5356,0
rep1,2.0844,5357,0
rep1,2.0844,5358,0
rep1,2.0844,5359,0
rep1,2.0845,5360,0
rep1,2.0845,5361,0
rep1,2.0846,5362,0
rep1,2.0846,5363,0
rep1,2.0846,5364,0
rep1,2.0847,5365,0
rep1,2.0848,5366,0
rep1,2.0849,5367,0
rep1,2.0849,5368,0
rep1,2.0849,5369,0
rep1,2.0849,5370,0
rep1,2.085,5371,0
rep1,2.0851,5372,0
rep1,2.0851,5373,0
rep1,2.0851,5374,0
rep1,2.0852,5375,0
rep1,2.0852,5376,0
rep1,2.0852,5377,0
rep1,2.0853,5378,0
rep1,2.0853,5379,0
rep1,2.0853,5380,0
rep1,2.0854,5381,0
rep1,2.0855,5382,0
rep1,2.0855,5383,0
rep1,2.0858,5384,0
rep1,2.0858,5385,0
rep1,2.0859,5386,0
rep1,2.0859,5387,0
rep1,2.086,5388,0
rep1,2.0861,5389,0
rep1,2.0861,5390,0
rep1,2.0862,5391,0
rep1,2.0862,5392,0
rep1,2.0863,5393,0
rep1,2.0863,5394,0
rep1,2.0863,5395,0
rep1,2.0864,5396,0
rep1,2.0864,5397,0
rep1,2.0865,5398,0
rep1,2.0865,5399,0
rep1,2.0867,5400,0
rep1,2.0868,5401,0
rep1,2.0868,5402,0
rep1,2.0871,5403,0
rep1,2.0872,5404,0
rep1,2.0872,5405,0
rep1,2.0872,5406,0
rep1,2.0873,5407,0
rep1,2.0875,5408,0
rep1,2.0875,5409,0
rep1,2.0876,5410,0
rep1,2.0876,5411,0
rep1,2.0877,5412,0
rep1,2.0878,5413,0
rep1,2.0878,5414,0
rep1,2.0878,5415,0
rep1,2.0878,5416,0
rep1,2.0878,5417,0
rep1,2.0879,5418,0
rep1,2.0884,5419,0
rep1,2.0884,5420,0
rep1,2.0884,5421,0
rep1,2.0885,5422,0
rep1,2.0887,5423,0
rep1,2.0887,5424,0
rep1,2.0887,5425,0
rep1,2.0892,5426,0
rep1,2.0893,5427,0
rep1,2.0893,5428,0
rep1,2.0895,5429,0
rep1,2.0896,5430,0
rep1,2.0897,5431,0
rep1,2.0899,5432,0
rep1,2.0902,5433,0
rep1,2.0906,5434,0
rep1,2.0908,5435,0
rep1,2.0909,5436,0
rep1,2.091,5437,0
rep1,2.0912,5438,0
rep1,2.0915,5439,0
rep1,2.092,5440,0
rep1,2.092,5441,0
rep1,2.0922,5442,0
rep1,2.0923,5443,0
rep1,2.0923,5444,0
rep1,2.0924,5445,0
rep1,2.0925,5446,0
rep1,2.0932,5447,0
rep1,2.0933,5448,0
rep1,2.0934,5449,0
rep1,2.0935,5450,0
rep1,2.0935,5451,0
rep1,2.0937,5452,0
rep1,2.0939,5453,0
rep1,2.0939,5454,0
rep1,2.094,5455,0
rep1,2.0941,5456,0
rep1,2.0947,5457,0
rep1,2.0949,5458,0
rep1,2.0951,5459,0
rep1,2.0952,5460,0
rep1,2.0953,5461,0
rep1,2.0955,5462,0
rep1,2.0956,5463,0
rep1,2.0957,5464,0
rep1,2.0959,5465,0
rep1,2.0963,5466,0
rep1,2.0965,5467,0
rep1,2.097,5468,0
rep1,2.0971,5469,0
rep1,2.0973,5470,0
rep1,2.0973,5471,0
rep1,2.0973,5472,0
rep1,2.0988,5473,0
rep1,2.0993,5474,0
rep1,2.0995,5475,0
rep1,2.0996,5476,0
rep1,2.1,5477,0
rep1,2.101,5478,0
rep1,2.1011,5479,0
rep1,2.1015,5480,0
rep1,2.1016,5481,0
rep1,2.1017,5482,0
rep1,2.1019,5483,0
rep1,2.102,5484,0
rep1,2.1025,5485,0
rep1,2.1028,5486,0
rep1,2.1028,5487,0
rep1,2.1031,5488,0
rep1,2.1032,5489,0
rep1,2.1033,5490,0
rep1,2.1044,5491,0
rep1,2.1049,5492,0
rep1,2.1049,5493,0
rep1,2.1051,5494,0
rep1,2.1055,5495,0
rep1,2.1069,5496,0
rep1,2.1074,5497,0
rep1,2.1074,5498,0
rep1,2.1081,5499,0
rep1,2.1089,5500,0
rep1,2.109,5501,0
rep1,2.1091,5502,0
rep1,2.1093,5503,0
rep1,2.1093,5504,0
rep1,2.1093,5505,0
rep1,2.1094,5506,0
rep1,2.1094,5507,0
rep1,2.1095,5508,0
rep1,2.1102,5509,0
rep1,2.1103,5510,0
rep1,2.1104,5511,0
rep1,2.1109,5512,0
rep1,2.111,5513,0
rep1,2.1112,5514,0
rep1,2.1113,5515,0
rep1,2.1113,5516,0
rep1,2.1115,5517,0
rep1,2.1115,5518,0
rep1,2.1115,5519,0
rep1,2.1117,5520,0
rep1,2.1118,5521,0
rep1,2.1119,5522,0
rep1,2.112,5523,0
rep1,2.1121,5524,0
rep1,2.1121,5525,0
rep1,2.1122,5526,0
rep1,2.1122,5527,0
rep1,2.1123,5528,0
rep1,2.1123,5529,0
rep1,2.1124,5530,0
rep1,2.1126,5531,0
rep1,2.1126,5532,0
rep1,2.1127,5533,0
rep1,2.1128,5534,0
rep1,2.1129,5535,0
rep1,2.1129,5536,0
rep1,2.113,5537,0
rep1,2.1133,5538,0
rep1,2.1133,5539,0
rep1,2.1134,5540,0
rep1,2.1135,5541,0
rep1,2.1135,5542,0
rep1,2.1136,5543,0
rep1,2.1136,5544,0
rep1,2.1136,5545,0
rep1,2.1137,5546,0
rep1,2.1139,5547,0
rep1,2.1139,5548,0
rep1,2.114,5549,0
rep1,2.1144,5550,0
rep1,2.1146,5551,0
rep1,2.1146,5552,0
rep1,2.1147,5553,0
rep1,2.1148,5554,0
rep1,2.1148,5555,0
rep1,2.1149,5556,0
rep1,2.1149,5557,0
rep1,2.115,5558,0
rep1,2.1151,5559,0
rep1,2.1151,5560,0
rep1,2.1155,5561,0
rep1,2.1156,5562,0
rep1,2.1156,5563,0
rep1,2.1158,5564,0
rep1,2.1158,5565,0
rep1,2.116,5566,0
rep1,2.116,5567,0
rep1,2.1167,5568,0
rep1,2.1169,5569,0
rep1,2.1169,5570,0
rep1,2.1172,5571,0
rep1,2.1173,5572,0
rep1,2.1176,5573,0
rep1,2.1177,5574,0
rep1,2.1178,5575,0
rep1,2.1179,5576,0
rep1,2.1183,5577,0
rep1,2.1183,5578,0
rep1,2.1186,5579,0
rep1,2.1187,5580,0
rep1,2.1189,5581,0
rep1,2.119,5582,0
rep1,2.1191,5583,0
rep1,2.1191,5584,0
rep1,2.1191,5585,0
rep1,2.1193,5586,0
rep1,2.1194,5587,0
rep1,2.1194,5588,0
rep1,2.1194,5589,0
rep1,2.1196,5590,0
rep1,2.1198,5591,0
rep1,2.1199,5592,0
rep1,2.1199,5593,0
rep1,2.1203,5594,0
rep1,2.1211,5595,0
rep1,2.1214,5596,0
rep1,2.1215,5597,0
rep1,2.1215,5598,0
rep1,2.1216,5599,0
rep1,2.1218,5600,0
rep1,2.1223,5601,0
rep1,2.1225,5602,0
rep1,2.1227,5603,0
rep1,2.1227,5604,0
rep1,2.1228,5605,0
rep1,2.1228,5606,0
rep1,2.1229,5607,0
rep1,2.1239,5608,0
rep1,2.1241,5609,0
rep1,2.1244,5610,0
rep1,2.1247,5611,0
rep1,2.1247,5612,0
rep1,2.1251,5613,0
rep1,2.1252,5614,0
rep1,2.1256,5615,0
rep1,2.1263,5616,0
rep1,2.1264,5617,0
rep1,2.1267,5618,0
rep1,2.1268,5619,0
rep1,2.1269,5620,0
rep1,2.1271,5621,0
rep1,2.1274,5622,0
rep1,2.1276,5623,0
rep1,2.1276,5624,0
rep1,2.1277,5625,0
rep1,2.1279,5626,0
rep1,2.128,5627,0
rep1,2.1281,5628,0
rep1,2.1283,5629,0
rep1,2.1284,5630,0
rep1,2.1286,5631,0
rep1,2.1286,5632,0
rep1,2.1293,5633,0
rep1,2.1295,5634,0
rep1,2.1296,5635,0
rep1,2.1299,5636,0
rep1,2.13,5637,0
rep1,2.13,5638,0
rep1,2.1301,5639,0
rep1,2.1303,5640,0
rep1,2.1305,5641,0
rep1,2.131,5642,0
rep1,2.1314,5643,0
rep1,2.1316,5644,0
rep1,2.1331,5645,0
rep1,2.1338,5646,0
rep1,2.1341,5647,0
rep1,2.1345,5648,0
rep1,2.1348,5649,0
rep1,2.1348,5650,0
rep1,2.1351,5651,0
rep1,2.1352,5652,0
rep1,2.136,5653,0
rep1,2.1361,5654,0
rep1,2.1362,5655,0
rep1,2.1365,5656,0
rep1,2.1374,5657,0
rep1,2.1375,5658,0
rep1,2.1376,5659,0
rep1,2.138,5660,0
rep1,2.1381,5661,0
rep1,2.1381,5662,0
rep1,2.1388,5663,0
rep1,2.1393,5664,0
rep1,2.1402,5665,0
rep1,2.1403,5666,0
rep1,2.1406,5667,0
rep1,2.1408,5668,0
rep1,2.1414,5669,0
rep1,2.1416,5670,0
rep1,2.1417,5671,0
rep1,2.1419,5672,0
rep1,2.142,5673,0
rep1,2.1423,5674,0
rep1,2.1424,5675,0
rep1,2.1425,5676,0
rep1,2.1425,5677,0
rep1,2.1428,5678,0
rep1,2.1428,5679,0
rep1,2.1429,5680,0
rep1,2.1431,5681,0
rep1,2.1436,5682,0
rep1,2.1436,5683,0
rep1,2.1436,5684,0
rep1,2.1438,5685,0
rep1,2.1438,5686,0
rep1,2.1441,5687,0
rep1,2.1441,5688,0
rep1,2.1443,5689,0
rep1,2.1444,5690,0
rep1,2.1445,5691,0
rep1,2.1449,5692,0
rep1,2.1451,5693,0
rep1,2.1452,5694,0
rep1,2.1454,5695,0
rep1,2.1458,5696,0
rep1,2.1459,5697,0
rep1,2.1463,5698,0
rep1,2.1465,5699,0
rep1,2.1467,5700,0
rep1,2.1467,5701,0
rep1,2.1468,5702,0
rep1,2.1472,5703,0
rep1,2.1472,5704,0
rep1,2.1473,5705,0
rep1,2.1474,5706,0
rep1,2.1475,5707,0
rep1,2.1476,5708,0
rep1,2.1476,5709,0
rep1,2.1477,5710,0
rep1,2.1478,5711,0
rep1,2.1478,5712,0
rep1,2.1481,5713,0
rep1,2.1483,5714,0
rep1,2.1485,5715,0
rep1,2.1485,5716,0
rep1,2.1487,5717,0
rep1,2.1488,5718,0
rep1,2.1489,5719,0
rep1,2.149,5720,0
rep1,2.149,5721,0
rep1,2.1492,5722,0
rep1,2.1494,5723,0
rep1,2.1495,5724,0
rep1,2.1497,5725,0
rep1,2.1498,5726,0
rep1,2.15,5727,0
rep1,2.1501,5728,0
rep1,2.1503,5729,0
rep1,2.1504,5730,0
rep1,2.1507,5731,0
rep1,2.1507,5732,0
rep1,2.1508,5733,0
rep1,2.1509,5734,0
rep1,2.1509,5735,0
rep1,2.1509,5736,0
rep1,2.151,5737,0
rep1,2.1511,5738,0
rep1,2.1512,5739,0
rep1,2.1513,5740,0
rep1,2.1516,5741,0
rep1,2.1517,5742,0
rep1,2.1519,5743,0
rep1,2.1526,5744,0
rep1,2.1527,5745,0
rep1,2.1529,5746,0
rep1,2.153,5747,0
rep1,2.153,5748,0
rep1,2.1534,5749,0
rep1,2.1536,5750,0
rep1,2.1537,5751,0
rep1,2.154,5752,0
rep1,2.154,5753,0
rep1,2.1541,5754,0
rep1,2.1542,5755,0
rep1,2.1544,5756,0
rep1,2.1546,5757,0
rep1,2.155,5758,0
rep1,2.155,5759,0
rep1,2.1551,5760,0
rep1,2.1554,5761,0
rep1,2.1555,5762,0
rep1,2.1557,5763,0
rep1,2.1558,5764,0
rep1,2.1562,5765,0
rep1,2.1565,5766,0
rep1,2.157,5767,0
rep1,2.1574,5768,0
rep1,2.1574,5769,0
rep1,2.1578,5770,0
rep1,2.1579,5771,0
rep1,2.1582,5772,0
rep1,2.1584,5773,0
rep1,2.159,5774,0
rep1,2.1591,5775,0
rep1,2.1595,5776,0
rep1,2.1601,5777,0
rep1,2.1608,5778,0
rep1,2.1609,5779,0
rep1,2.1612,5780,0
rep1,2.1623,5781,0
rep1,2.1624,5782,0
rep1,2.1626,5783,0
rep1,2.1631,5784,0
rep1,2.1637,5785,0
rep1,2.1638,5786,0
rep1,2.1642,5787,0
rep1,2.1645,5788,0
rep1,2.1647,5789,0
rep1,2.165,5790,0
rep1,2.1651,5791,0
rep1,2.1652,5792,0
rep1,2.1653,5793,0
rep1,2.1654,5794,0
rep1,2.1655,5795,0
rep1,2.1658,5796,0
rep1,2.1659,5797,0
rep1,2.1662,5798,0
rep1,2.1664,5799,0
rep1,2.1668,5800,0
rep1,2.1668,5801,0
rep1,2.1669,5802,0
rep1,2.1673,5803,0
rep1,2.1676,5804,0
rep1,2.1676,5805,0
rep1,2.1677,5806,0
rep1,2.1679,5807,0
rep1,2.1679,5808,0
rep1,2.1685,5809,0
rep1,2.1686,5810,0
rep1,2.1695,5811,0
rep1,2.17,5812,0
rep1,2.1701,5813,0
rep1,2.1708,5814,0
rep1,2.1711,5815,0
rep1,2.1713,5816,0
rep1,2.1714,5817,0
rep1,2.1719,5818,0
rep1,2.1719,5819,0
rep1,2.1719,5820,0
rep1,2.172,5821,0
rep1,2.172,5822,0
rep1,2.172,5823,0
rep1,2.1723,5824,0
rep1,2.1727,5825,0
rep1,2.1729,5826,0
rep1,2.1731,5827,0
rep1,2.1732,5828,0
rep1,2.1734,5829,0
rep1,2.1734,5830,0
rep1,2.1734,5831,0
rep1,2.1737,5832,0
rep1,2.1739,5833,0
rep1,2.175,5834,0
rep1,2.175,5835,0
rep1,2.1752,5836,0
rep1,2.1753,5837,0
rep1,2.1753,5838,0
rep1,2.1755,5839,0
rep1,2.1757,5840,0
rep1,2.1759,5841,0
rep1,2.176,5842,0
rep1,2.1765,5843,0
rep1,2.1765,5844,0
rep1,2.1765,5845,0
rep1,2.1767,5846,0
rep1,2.1767,5847,0
rep1,2.177,5848,0
rep1,2.1774,5849,0
rep1,2.1774,5850,0
rep1,2.1777,5851,0
rep1,2.178,5852,0
rep1,2.1782,5853,0
rep1,2.1783,5854,0
rep1,2.1785,5855,0
rep1,2.1785,5856,0
rep1,2.1786,5857,0
rep1,2.1787,5858,0
rep1,2.1791,5859,0
rep1,2.1793,5860,0
rep1,2.1793,5861,0
rep1,2.1798,5862,0
rep1,2.1801,5863,0
rep1,2.1804,5864,0
rep1,2.1806,5865,0
rep1,2.1806,5866,0
rep1,2.1808,5867,0
rep1,2.1808,5868,0
rep1,2.1811,5869,0
rep1,2.1814,5870,0
rep1,2.1816,5871,0
rep1,2.1816,5872,0
rep1,2.182,5873,0
rep1,2.1823,5874,0
rep1,2.1823,5875,0
rep1,2.1824,5876,0
rep1,2.1826,5877,0
rep1,2.1827,5878,0
rep1,2.1827,5879,0
rep1,2.1829,5880,0
rep1,2.183,5881,0
rep1,2.183,5882,0
rep1,2.1832,5883,0
rep1,2.1835,5884,0
rep1,2.1835,5885,0
rep1,2.1838,5886,0
rep1,2.184,5887,0
rep1,2.1841,5888,0
rep1,2.1844,5889,0
rep1,2.1845,5890,0
rep1,2.1848,5891,0
rep1,2.1848,5892,0
rep1,2.1849,5893,0
rep1,2.185,5894,0
rep1,2.1853,5895,0
rep1,2.1855,5896,0
rep1,2.1857,5897,0
rep1,2.1858,5898,0
rep1,2.1859,5899,0
rep1,2.186,5900,0
rep1,2.1862,5901,0
rep1,2.1863,5902,0
rep1,2.1867,5903,0
rep1,2.187,5904,0
rep1,2.187,5905,0
rep1,2.1871,5906,0
rep1,2.1873,5907,0
rep1,2.1876,5908,0
rep1,2.1877,5909,0
rep1,2.1878,5910,0
rep1,2.1884,5911,0
rep1,2.1884,5912,0
rep1,2.189,5913,0
rep1,2.189,5914,0
rep1,2.1891,5915,0
rep1,2.1892,5916,0
rep1,2.1893,5917,0
rep1,2.1893,5918,0
rep1,2.1897,5919,0
rep1,2.1899,5920,0
rep1,2.1899,5921,0
rep1,2.19,5922,0
rep1,2.19,5923,0
rep1,2.19,5924,0
rep1,2.1902,5925,0
rep1,2.1903,5926,0
rep1,2.1905,5927,0
rep1,2.1908,5928,0
rep1,2.1911,5929,0
rep1,2.1912,5930,0
rep1,2.1915,5931,0
rep1,2.1918,5932,0
rep1,2.1918,5933,0
rep1,2.192,5934,0
rep1,2.1921,5935,0
rep1,2.1922,5936,0
rep1,2.1923,5937,0
rep1,2.1928,5938,0
rep1,2.1932,5939,0
rep1,2.1932,5940,0
rep1,2.1932,5941,0
rep1,2.1933,5942,0
rep1,2.1934,5943,0
rep1,2.1935,5944,0
rep1,2.1935,5945,0
rep1,2.1936,5946,0
rep1,2.1937,5947,0
rep1,2.194,5948,0
rep1,2.194,5949,0
rep1,2.1941,5950,0
rep1,2.1942,5951,0
rep1,2.1943,5952,0
rep1,2.1946,5953,0
rep1,2.1948,5954,0
rep1,2.1949,5955,0
rep1,2.1949,5956,0
rep1,2.1949,5957,0
rep1,2.195,5958,0
rep1,2.1953,5959,0
rep1,2.1954,5960,0
rep1,2.1955,5961,0
rep1,2.1957,5962,0
rep1,2.1959,5963,0
rep1,2.1961,5964,0
rep1,2.1964,5965,0
rep1,2.1971,5966,0
rep1,2.1971,5967,0
rep1,2.1976,5968,0
rep1,2.1977,5969,0
rep1,2.1981,5970,0
rep1,2.1982,5971,0
rep1,2.1983,5972,0
rep1,2.1986,5973,0
rep1,2.1987,5974,0
rep1,2.1989,5975,0
rep1,2.199,5976,0
rep1,2.199,5977,0
rep1,2.1991,5978,0
rep1,2.1991,5979,0
rep1,2.1991,5980,0
rep1,2.1997,5981,0
rep1,2.1998,5982,0
rep1,2.2005,5983,0
rep1,2.2005,5984,0
rep1,2.2007,5985,0
rep1,2.2011,5986,0
rep1,2.2011,5987,0
rep1,2.2012,5988,0
rep1,2.2014,5989,0
rep1,2.2016,5990,0
rep1,2.2017,5991,0
rep1,2.2017,5992,0
rep1,2.2017,5993,0
rep1,2.2021,5994,0
rep1,2.2021,5995,0
rep1,2.2025,5996,0
rep1,2.203,5997,0
rep1,2.2031,5998,0
rep1,2.2032,5999,0
rep1,2.2032,6000,0
rep1,2.2033,6001,0
rep1,2.2033,6002,0
rep1,2.2037,6003,0
rep1,2.2039,6004,0
rep1,2.204,6005,0
rep1,2.2041,6006,0
rep1,2.2041,6007,0
rep1,2.2043,6008,0
rep1,2.2045,6009,0
rep1,2.2045,6010,0
rep1,2.2045,6011,0
rep1,2.2046,6012,0
rep1,2.2046,6013,0
rep1,2.2048,6014,0
rep1,2.205,6015,0
rep1,2.2051,6016,0
rep1,2.2055,6017,0
rep1,2.2058,6018,0
rep1,2.2058,6019,0
rep1,2.2059,6020,0
rep1,2.2062,6021,0
rep1,2.2062,6022,0
rep1,2.2063,6023,0
rep1,2.2072,6024,0
rep1,2.2079,6025,0
rep1,2.208,6026,0
rep1,2.2083,6027,0
rep1,2.2085,6028,0
rep1,2.2093,6029,0
rep1,2.2093,6030,0
rep1,2.2094,6031,0
rep1,2.2095,6032,0
rep1,2.2096,6033,0
rep1,2.2096,6034,0
rep1,2.2098,6035,0
rep1,2.2099,6036,0
rep1,2.21,6037,0
rep1,2.21,6038,0
rep1,2.2101,6039,0
rep1,2.2105,6040,0
rep1,2.2106,6041,0
rep1,2.2107,6042,0
rep1,2.2108,6043,0
rep1,2.2109,6044,0
rep1,2.2111,6045,0
rep1,2.2111,6046,0
rep1,2.2114,6047,0
rep1,2.2114,6048,0
rep1,2.2115,6049,0
rep1,2.2117,6050,0
rep1,2.2118,6051,0
rep1,2.2119,6052,0
rep1,2.2121,6053,0
rep1,2.2121,6054,0
rep1,2.2123,6055,0
rep1,2.2124,6056,0
rep1,2.2125,6057,0
rep1,2.2126,6058,0
rep1,2.2126,6059,0
rep1,2.2132,6060,0
rep1,2.2132,6061,0
rep1,2.2135,6062,0
rep1,2.2137,6063,0
rep1,2.2138,6064,0
rep1,2.2139,6065,0
rep1,2.2141,6066,0
rep1,2.2142,6067,0
rep1,2.2142,6068,0
rep1,2.2147,6069,0
rep1,2.215,6070,0
rep1,2.2151,6071,0
rep1,2.2151,6072,0
rep1,2.2155,6073,0
rep1,2.2157,6074,0
rep1,2.2158,6075,0
rep1,2.2159,6076,0
rep1,2.2162,6077,0
rep1,2.2163,6078,0
rep1,2.2163,6079,0
rep1,2.2168,6080,0
rep1,2.2169,6081,0
rep1,2.2171,6082,0
rep1,2.2174,6083,0
rep1,2.2176,6084,0
rep1,2.2177,6085,0
rep1,2.218,6086,0
rep1,2.2181,6087,0
rep1,2.2181,6088,0
rep1,2.2183,6089,0
rep1,2.2185,6090,0
rep1,2.2185,6091,0
rep1,2.2187,6092,0
rep1,2.2191,6093,0
rep1,2.2192,6094,0
rep1,2.2193,6095,0
rep1,2.2195,6096,0
rep1,2.2195,6097,0
rep1,2.2196,6098,0
rep1,2.2197,6099,0
rep1,2.2199,6100,0
rep1,2.2199,6101,0
rep1,2.2201,6102,0
rep1,2.2202,6103,0
rep1,2.2202,6104,0
rep1,2.2203,6105,0
rep1,2.2209,6106,0
rep1,2.221,6107,0
rep1,2.2211,6108,0
rep1,2.2212,6109,0
rep1,2.2214,6110,0
rep1,2.2216,6111,0
rep1,2.2216,6112,0
rep1,2.2222,6113,0
rep1,2.2222,6114,0
rep1,2.2224,6115,0
rep1,2.2225,6116,0
rep1,2.2225,6117,0
rep1,2.2227,6118,0
rep1,2.2228,6119,0
rep1,2.223,6120,0
rep1,2.223,6121,0
rep1,2.2231,6122,0
rep1,2.2233,6123,0
rep1,2.2234,6124,0
rep1,2.2234,6125,0
rep1,2.2236,6126,0
rep1,2.2236,6127,0
rep1,2.2239,6128,0
rep1,2.224,6129,0
rep1,2.2241,6130,0
rep1,2.2242,6131,0
rep1,2.2242,6132,0
rep1,2.2243,6133,0
rep1,2.2243,6134,0
rep1,2.2245,6135,0
rep1,2.2246,6136,0
rep1,2.2247,6137,0
rep1,2.2248,6138,0
rep2,1.0102,1,0
rep2,1.0102,2,0
rep2,1.0102,3,0
rep2,1.0102,4,0
rep2,1.0103,5,0
rep2,1.0103,6,0
rep2,1.0103,7,0
rep2,1.0103,8,0
rep2,1.0103,9,0
rep2,1.0104,10,0
rep2,1.0104,11,0
rep2,1.0104,12,0
rep2,1.0104,13,0
rep2,1.0105,14,0
rep2,1.0106,15,0
rep2,1.0106,16,0
rep2,1.0107,17,0
rep2,1.0107,18,0
rep2,1.0108,19,0
rep2,1.0108,20,0
rep2,1.0109,21,0
rep2,1.0109,22,0
rep2,1.0109,23,0
rep2,1.011,24,0
rep2,1.011,25,0
rep2,1.011,26,0
rep2,1.0111,27,0
rep2,1.0111,28,0
rep2,1.0111,29,0
rep2,1.0112,30,0
rep2,1.0112,31,0
rep2,1.0112,32,0
rep2,1.0113,33,0
rep2,1.0113,34,0
rep2,1.0113,35,0
rep2,1.0114,36,0
rep2,1.0114,37,0
rep2,1.0115,38,0
rep2,1.0115,39,0
rep2,1.0115,40,0
rep2,1.0116,41,0
rep2,1.0117,42,0
rep2,1.0119,43,0
rep2,1.012,44,0
rep2,1.012,45,0
rep2,1.0121,46,0
rep2,1.0122,47,0
rep2,1.0122,48,0
rep2,1.0122,49,0
rep2,1.0124,50,0
rep2,1.0125,51,0
rep2,1.0126,52,0
rep2,1.0126,53,0
rep2,1.0127,54,0
rep2,1.0127,55,0
rep2,1.0129,56,0
rep2,1.0129,57,0
rep2,1.0129,58,0
rep2,1.0129,59,0
rep2,1.013,60,0
rep2,1.013,61,0
rep2,1.013,62,0
rep2,1.0131,63,0
rep2,1.0131,64,0
rep2,1.0131,65,0
rep2,1.0132,66,0
rep2,1.0133,67,0
rep2,1.0135,68,0
rep2,1.0136,69,0
rep2,1.0137,70,0
rep2,1.0138,71,0
rep2,1.0138,72,0
rep2,1.0139,73,0
rep2,1.0139,74,0
rep2,1.0139,75,0
rep2,1.014,76,0
rep2,1.0141,77,0
rep2,1.0142,78,0
rep2,1.0142,79,0
rep2,1.0143,80,0
rep2,1.0147,81,0
rep2,1.0147,82,0
rep2,1.0147,83,0
rep2,1.0151,84,0
rep2,1.0151,85,0
rep2,1.0155,86,0
rep2,1.0156,87,0
rep2,1.0157,88,0
rep2,1.0157,89,0
rep2,1.0159,90,0
rep2,1.0159,91,0
rep2,1.0159,92,0
rep2,1.016,93,0
rep2,1.0161,94,0
rep2,1.0165,95,0
rep2,1.0165,96,0
rep2,1.0166,97,0
rep2,1.0167,98,0
rep2,1.0167,99,0
rep2,1.0168,100,0
rep2,1.0169,101,0
rep2,1.0171,102,0
rep2,1.0173,103,0
rep2,1.0174,104,0
rep2,1.0174,105,0
rep2,1.0174,106,0
rep2,1.0176,107,0
rep2,1.0178,108,0
rep2,1.0179,109,0
rep2,1.018,110,0
rep2,1.018,111,0
rep2,1.0181,112,0
rep2,1.0183,113,0
rep2,1.0183,114,0
rep2,1.0183,115,0
rep2,1.0184,116,0
rep2,1.0184,117,0
rep2,1.0185,118,0
rep2,1.0185,119,0
rep2,1.0185,120,0
rep2,1.0186,121,0
rep2,1.0187,122,0
rep2,1.0187,123,0
rep2,1.0188,124,0
rep2,1.0189,125,0
rep2,1.019,126,0
rep2,1.019,127,0
rep2,1.0192,128,0
rep2,1.0194,129,0
rep2,1.0195,130,0
rep2,1.0198,131,0
rep2,1.0198,132,0
rep2,1.02,133,0
rep2,1.0203,134,0
rep2,1.0204,135,0
rep2,1.0205,136,0
rep2,1.0206,137,0
rep2,1.0209,138,0
rep2,1.0209,139,0
rep2,1.0211,140,0
rep2,1.0212,141,0
rep2,1.0214,142,0
rep2,1.0214,143,0
rep2,1.0215,144,0
rep2,1.0218,145,0
rep2,1.0222,146,0
rep2,1.0225,147,0
rep2,1.0227,148,0
rep2,1.0228,149,0
rep2,1.0229,150,0
rep2,1.023,151,0
rep2,1.023,152,0
rep2,1.0233,153,0
rep2,1.0235,154,0
rep2,1.0239,155,0
rep2,1.024,156,0
rep2,1.0241,157,0
rep2,1.0243,158,0
rep2,1.0248,159,0
rep2,1.0248,160,0
rep2,1.0249,161,0
rep2,1.0252,162,0
rep2,1.0252,163,0
rep2,1.0254,164,0
rep2,1.0254,165,0
rep2,1.0255,166,0
rep2,1.0258,167,0
rep2,1.0262,168,0
rep2,1.0264,169,0
rep2,1.0265,170,0
rep2,1.0266,171,0
rep2,1.0267,172,0
rep2,1.0267,173,0
rep2,1.0272,174,0
rep2,1.0276,175,0
rep2,1.0277,176,0
rep2,1.0279,177,0
rep2,1.0281,178,0
rep2,1.0289,179,0
rep2,1.029,180,0
rep2,1.029,181,0
rep2,1.0293,182,0
rep2,1.0294,183,0
rep2,1.0297,184,0
rep2,1.0308,185,0
rep2,1.0312,186,0
rep2,1.0314,187,0
rep2,1.0318,188,0
rep2,1.032,189,0
rep2,1.0328,190,0
rep2,1.0337,191,0
rep2,1.0345,192,0
rep2,1.036,193,0
rep2,1.0361,194,0
rep2,1.0386,195,0
rep2,1.0387,196,0
rep2,1.0405,197,0
rep2,1.0417,198,0
rep2,1.042,199,0
rep2,1.0422,200,0
rep2,1.0436,201,0
rep2,1.0438,202,0
rep2,1.044,203,0
rep2,1.044,204,0
rep2,1.044,205,0
rep2,1.044,206,0
rep2,1.044,207,0
rep2,1.044,208,0
rep2,1.044,209,0
rep2,1.044,210,0
rep2,1.044,211,0
rep2,1.044,212,0
rep2,1.044,213,0
rep2,1.044,214,0
rep2,1.044,215,0
rep2,1.044,216,0
rep2,1.044,217,0
rep2,1.044,218,0
rep2,1.0441,219,0
rep2,1.0441,220,0
rep2,1.0441,221,0
rep2,1.0441,222,0
rep2,1.0441,223,0
rep2,1.0441,224,0
rep2,1.0442,225,0
rep2,1.0442,226,0
rep2,1.0442,227,0
rep2,1.0442,228,0
rep2,1.0443,229,0
rep2,1.0443,230,0
rep2,1.0443,231,0
rep2,1.0443,232,0
rep2,1.0443,233,0
rep2,1.0443,234,0
rep2,1.0443,235,0
rep2,1.0444,236,0
rep2,1.0444,237,0
rep2,1.0444,238,0
rep2,1.0444,239,0
rep2,1.0444,240,0
rep2,1.0444,241,0
rep2,1.0445,242,0
rep2,1.0445,243,0
rep2,1.0445,244,0
rep2,1.0445,245,0
rep2,1.0445,246,0
rep2,1.0446,247,0
rep2,1.0446,248,0
rep2,1.0446,249,0
rep2,1.0446,250,0
rep2,1.0446,251,0
rep2,1.0446,252,0
rep2,1.0446,253,0
rep2,1.0446,254,0
rep2,1.0446,255,0
rep2,1.0447,256,0
rep2,1.0447,257,0
rep2,1.0447,258,0
rep2,1.0447,259,0
rep2,1.0447,260,0
rep2,1.0447,261,0
rep2,1.0447,262,0
rep2,1.0447,263,0
rep2,1.0448,264,0
rep2,1.0448,265,0
rep2,1.0448,266,0
rep2,1.0448,267,0
rep2,1.0448,268,0
rep2,1.0448,269,0
rep2,1.0448,270,0
rep2,1.0448,271,0
rep2,1.0448,272,0
rep2,1.0449,273,0
rep2,1.0449,274,0
rep2,1.0449,275,0
rep2,1.0449,276,0
rep2,1.0449,277,0
rep2,1.0449,278,0
rep2,1.045,279,0
rep2,1.045,280,0
rep2,1.045,281,0
rep2,1.045,282,0
rep2,1.045,283,0
rep2,1.045,284,0
rep2,1.0451,285,0
rep2,1.0451,286,0
rep2,1.0451,287,0
rep2,1.0451,288,0
rep2,1.0451,289,0
rep2,1.0452,290,0
rep2,1.0452,291,0
rep2,1.0452,292,0
rep2,1.0452,293,0
rep2,1.0452,294,0
rep2,1.0452,295,0
rep2,1.0452,296,0
rep2,1.0452,297,0
rep2,1.0452,298,0
rep2,1.0452,299,0
rep2,1.0453,300,0
rep2,1.0453,301,0
rep2,1.0453,302,0
rep2,1.0453,303,0
rep2,1.0453,304,0
rep2,1.0453,305,0
rep2,1.0453,306,0
rep2,1.0453,307,0
rep2,1.0454,308,0
rep2,1.0454,309,0
rep2,1.0454,310,0
rep2,1.0454,311,0
rep2,1.0454,312,0
rep2,1.0454,313,0
rep2,1.0454,314,0
rep2,1.0454,315,0
rep2,1.0454,316,0
rep2,1.0455,317,0
rep2,1.0455,318,0
rep2,1.0455,319,0
rep2,1.0455,320,0
rep2,1.0455,321,0
rep2,1.0455,322,0
rep2,1.0455,323,0
rep2,1.0456,324,0
rep2,1.0456,325,0
rep2,1.0456,326,0
rep2,1.0457,327,0
rep2,1.0457,328,0
rep2,1.0457,329,0
rep2,1.0457,330,0
rep2,1.0457,331,0
rep2,1.0457,332,0
rep2,1.0457,333,0
rep2,1.0458,334,0
rep2,1.0458,335,0
rep2,1.0458,336,0
rep2,1.0458,337,0
rep2,1.0459,338,0
rep2,1.0459,339,0
rep2,1.0459,340,0
rep2,1.0459,341,0
rep2,1.0459,342,0
rep2,1.046,343,0
rep2,1.046,344,0
rep2,1.046,345,0
rep2,1.046,346,0
rep2,1.046,347,0
rep2,1.046,348,0
rep2,1.0461,349,0
rep2,1.0461,350,0
rep2,1.0461,351,0
rep2,1.0461,352,0
rep2,1.0461,353,0
rep2,1.0461,354,0
rep2,1.0461,355,0
rep2,1.0462,356,0
rep2,1.0462,357,0
rep2,1.0462,358,0
rep2,1.0462,359,0
rep2,1.0462,360,0
rep2,1.0462,361,0
rep2,1.0463,362,0
rep2,1.0463,363,0
rep2,1.0463,364,0
rep2,1.0463,365,0
rep2,1.0463,366,0
rep2,1.0463,367,0
rep2,1.0464,368,0
rep2,1.0464,369,0
rep2,1.0464,370,0
rep2,1.0464,371,0
rep2,1.0464,372,0
rep2,1.0464,373,0
rep2,1.0464,374,0
rep2,1.0465,375,0
rep2,1.0465,376,0
rep2,1.0465,377,0
rep2,1.0465,378,0
rep2,1.0465,379,0
rep2,1.0466,380,0
rep2,1.0466,381,0
rep2,1.0466,382,0
rep2,1.0466,383,0
rep2,1.0466,384,0
rep2,1.0467,385,0
rep2,1.0467,386,0
rep2,1.0467,387,0
rep2,1.0467,388,0
rep2,1.0467,389,0
rep2,1.0467,390,0
rep2,1.0468,391,0
rep2,1.0468,392,0
rep2,1.0468,393,0
rep2,1.0468,394,0
rep2,1.0468,395,0
rep2,1.0468,396,0
rep2,1.0469,397,0
rep2,1.0469,398,0
rep2,1.0469,399,0
rep2,1.0469,400,0
rep2,1.0469,401,0
rep2,1.0469,402,0
rep2,1.047,403,0
rep2,1.047,404,0
rep2,1.047,405,0
rep2,1.047,406,0
rep2,1.047,407,0
rep2,1.0471,408,0
rep2,1.0471,409,0
rep2,1.0471,410,0
rep2,1.0471,411,0
rep2,1.0472,412,0
rep2,1.0472,413,0
rep2,1.0472,414,0
rep2,1.0472,415,0
rep2,1.0472,416,0
rep2,1.0473,417,0
rep2,1.0473,418,0
rep2,1.0473,419,0
rep2,1.0473,420,0
rep2,1.0473,421,0
rep2,1.0473,422,0
rep2,1.0474,423,0
rep2,1.0474,424,0
rep2,1.0474,425,0
rep2,1.0474,426,0
rep2,1.0474,427,0
rep2,1.0474,428,0
rep2,1.0475,429,0
rep2,1.0475,430,0
rep2,1.0475,431,0
rep2,1.0475,432,0
rep2,1.0476,433,0
rep2,1.0476,434,0
rep2,1.0476,435,0
rep2,1.0476,436,0
rep2,1.0476,437,0
rep2,1.0476,438,0
rep2,1.0476,439,0
rep2,1.0477,440,0
rep2,1.0477,441,0
rep2,1.0477,442,0
rep2,1.0477,443,0
rep2,1.0478,444,0
rep2,1.0478,445,0
rep2,1.0478,446,0
rep2,1.0478,447,0
rep2,1.0479,448,0
rep2,1.0479,449,0
rep2,1.0479,450,0
rep2,1.0479,451,0
rep2,1.048,452,0
rep2,1.048,453,0
rep2,1.048,454,0
rep2,1.0481,455,0
rep2,1.0481,456,0
rep2,1.0481,457,0
rep2,1.0482,458,0
rep2,1.0482,459,0
rep2,1.0482,460,0
rep2,1.0483,461,0
rep2,1.0483,462,0
rep2,1.0483,463,0
rep2,1.0483,464,0
rep2,1.0483,465,0
rep2,1.0484,466,0
rep2,1.0484,467,0
rep2,1.0484,468,0
rep2,1.0484,469,0
rep2,1.0484,470,0
rep2,1.0485,471,0
rep2,1.0485,472,0
rep2,1.0485,473,0
rep2,1.0485,474,0
rep2,1.0485,475,0
rep2,1.0486,476,0
rep2,1.0486,477,0
rep2,1.0486,478,0
rep2,1.0486,479,0
rep2,1.0486,480,0
rep2,1.0486,481,0
rep2,1.0487,482,0
rep2,1.0487,483,0
rep2,1.0487,484,0
rep2,1.0487,485,0
rep2,1.0487,486,0
rep2,1.0487,487,0
rep2,1.0488,488,0
rep2,1.0488,489,0
rep2,1.0488,490,0
rep2,1.0488,491,0
rep2,1.0489,492,0
rep2,1.049,493,0
rep2,1.049,494,0
rep2,1.049,495,0
rep2,1.049,496,0
rep2,1.049,497,0
rep2,1.0491,498,0
rep2,1.0491,499,0
rep2,1.0491,500,0
rep2,1.0491,501,0
rep2,1.0491,502,0
rep2,1.0492,503,0
rep2,1.0492,504,0
rep2,1.0492,505,0
rep2,1.0492,506,0
rep2,1.0492,507,0
rep2,1.0492,508,0
rep2,1.0492,509,0
rep2,1.0493,510,0
rep2,1.0493,511,0
rep2,1.0493,512,0
rep2,1.0493,513,0
rep2,1.0494,514,0
rep2,1.0494,515,0
rep2,1.0495,516,0
rep2,1.0495,517,0
rep2,1.0495,518,0
rep2,1.0495,519,0
rep2,1.0495,520,0
rep2,1.0495,521,0
rep2,1.0496,522,0
rep2,1.0496,523,0
rep2,1.0496,524,0
rep2,1.0497,525,0
rep2,1.0497,526,0
rep2,1.0497,527,0
rep2,1.0497,528,0
rep2,1.0497,529,0
rep2,1.0498,530,0
rep2,1.0498,531,0
rep2,1.0498,532,0
rep2,1.0498,533,0
rep2,1.0498,534,0
rep2,1.0498,535,0
rep2,1.0499,536,0
rep2,1.0499,537,0
rep2,1.05,538,0
rep2,1.05,539,0
rep2,1.05,540,0
rep2,1.05,541,0
rep2,1.05,542,0
rep2,1.0501,543,0
rep2,1.0501,544,0
rep2,1.0501,545,0
rep2,1.0501,546,0
rep2,1.0501,547,0
rep2,1.0502,548,0
rep2,1.0502,549,0
rep2,1.0502,550,0
rep2,1.0502,551,0
rep2,1.0502,552,0
rep2,1.0502,553,0
rep2,1.0503,554,0
rep2,1.0503,555,0
rep2,1.0503,556,0
rep2,1.0503,557,0
rep2,1.0504,558,0
rep2,1.0504,559,0
rep2,1.0504,560,0
rep2,1.0505,561,0
rep2,1.0505,562,0
rep2,1.0505,563,0
rep2,1.0505,564,0
rep2,1.0506,565,0
rep2,1.0506,566,0
rep2,1.0506,567,0
rep2,1.0506,568,0
rep2,1.0506,569,0
rep2,1.0507,570,0
rep2,1.0507,571,0
rep2,1.0508,572,0
rep2,1.0508,573,0
rep2,1.0508,574,0
rep2,1.0508,575,0
rep2,1.0508,576,0
rep2,1.0509,577,0
rep2,1.0509,578,0
rep2,1.0509,579,0
rep2,1.0509,580,0
rep2,1.0509,581,0
rep2,1.051,582,0
rep2,1.051,583,0
rep2,1.051,584,0
rep2,1.051,585,0
rep2,1.051,586,0
rep2,1.051,587,0
rep2,1.0511,588,0
rep2,1.0511,589,0
rep2,1.0512,590,0
rep2,1.0512,591,0
rep2,1.0513,592,0
rep2,1.0513,593,0
rep2,1.0513,594,0
rep2,1.0514,595,0
rep2,1.0514,596,0
rep2,1.0514,597,0
rep2,1.0514,598,0
rep2,1.0514,599,0
rep2,1.0515,600,0
rep2,1.0515,601,0
rep2,1.0515,602,0
rep2,1.0515,603,0
rep2,1.0515,604,0
rep2,1.0516,605,0
rep2,1.0516,606,0
rep2,1.0516,607,0
rep2,1.0516,608,0
rep2,1.0516,609,0
rep2,1.0517,610,0
rep2,1.0517,611,0
rep2,1.0517,612,0
rep2,1.0517,613,0
rep2,1.0517,614,0
rep2,1.0518,615,0
rep2,1.0518,616,0
rep2,1.0518,617,0
rep2,1.0518,618,0
rep2,1.0518,619,0
rep2,1.0518,620,0
rep2,1.0519,621,0
rep2,1.0519,622,0
rep2,1.0519,623,0
rep2,1.0519,624,0
rep2,1.0519,625,0
rep2,1.052,626,0
rep2,1.052,627,0
rep2,1.052,628,0
rep2,1.052,629,0
rep2,1.0521,630,0
rep2,1.0521,631,0
rep2,1.0521,632,0
rep2,1.0521,633,0
rep2,1.0521,634,0
rep2,1.0521,635,0
rep2,1.0521,636,0
rep2,1.0522,637,0
rep2,1.0522,638,0
rep2,1.0522,639,0
rep2,1.0522,640,0
rep2,1.0523,641,0
rep2,1.0523,642,0
rep2,1.0523,643,0
rep2,1.0524,644,0
rep2,1.0524,645,0
rep2,1.0524,646,0
rep2,1.0525,647,0
rep2,1.0525,648,0
rep2,1.0525,649,0
rep2,1.0526,650,0
rep2,1.0526,651,0
rep2,1.0527,652,0
rep2,1.0527,653,0
rep2,1.0527,654,0
rep2,1.0527,655,0
rep2,1.0527,656,0
rep2,1.0527,657,0
rep2,1.0528,658,0
rep2,1.0528,659,0
rep2,1.0529,660,0
rep2,1.0529,661,0
rep2,1.0529,662,0
rep2,1.0529,663,0
rep2,1.053,664,0
rep2,1.0531,665,0
rep2,1.0531,666,0
rep2,1.0531,667,0
rep2,1.0532,668,0
rep2,1.0532,669,0
rep2,1.0532,670,0
rep2,1.0532,671,0
rep2,1.0532,672,0
rep2,1.0532,673,0
rep2,1.0533,674,0
rep2,1.0533,675,0
rep2,1.0533,676,0
rep2,1.0533,677,0
rep2,1.0534,678,0
rep2,1.0534,679,0
rep2,1.0534,680,0
rep2,1.0535,681,0
rep2,1.0535,682,0
rep2,1.0535,683,0
rep2,1.0535,684,0
rep2,1.0535,685,0
rep2,1.0535,686,0
rep2,1.0536,687,0
rep2,1.0536,688,0
rep2,1.0536,689,0
rep2,1.0536,690,0
rep2,1.0537,691,0
rep2,1.0537,692,0
rep2,1.0537,693,0
rep2,1.0537,694,0
rep2,1.0538,695,0
rep2,1.0538,696,0
rep2,1.0538,697,0
rep2,1.0539,698,0
rep2,1.0539,699,0
rep2,1.054,700,0
rep2,1.054,701,0
rep2,1.054,702,0
rep2,1.054,703,0
rep2,1.054,704,0
rep2,1.054,705,0
rep2,1.0541,706,0
rep2,1.0541,707,0
rep2,1.0541,708,0
rep2,1.0541,709,0
rep2,1.0542,710,0
rep2,1.0542,711,0
rep2,1.0542,712,0
rep2,1.0542,713,0
rep2,1.0543,714,0
rep2,1.0543,715,0
rep2,1.0544,716,0
rep2,1.0544,717,0
rep2,1.0544,718,0
rep2,1.0544,719,0
rep2,1.0545,720,0
rep2,1.0545,721,0
rep2,1.0546,722,0
rep2,1.0546,723,0
rep2,1.0546,724,0
rep2,1.0546,725,0
rep2,1.0547,726,0
rep2,1.0547,727,0
rep2,1.0547,728,0
rep2,1.0547,729,0
rep2,1.0548,730,0
rep2,1.0548,731,0
rep2,1.0548,732,0
rep2,1.0549,733,0
rep2,1.055,734,0
rep2,1.055,735,0
rep2,1.055,736,0
rep2,1.055,737,0
rep2,1.055,738,0
rep2,1.0551,739,0
rep2,1.0551,740,0
rep2,1.0551,741,0
rep2,1.0551,742,0
rep2,1.0552,743,0
rep2,1.0552,744,0
rep2,1.0552,745,0
rep2,1.0552,746,0
rep2,1.0552,747,0
rep2,1.0554,748,0
rep2,1.0554,749,0
rep2,1.0554,750,0
rep2,1.0555,751,0
rep2,1.0555,752,0
rep2,1.0555,753,0
rep2,1.0556,754,0
rep2,1.0556,755,0
rep2,1.0556,756,0
rep2,1.0556,757,0
rep2,1.0556,758,0
rep2,1.0557,759,0
rep2,1.0557,760,0
rep2,1.0558,761,0
rep2,1.0558,762,0
rep2,1.0558,763,0
rep2,1.0558,764,0
rep2,1.0559,765,0
rep2,1.0559,766,0
rep2,1.0559,767,0
rep2,1.056,768,0
rep2,1.056,769,0
rep2,1.056,770,0
rep2,1.0562,771,0
rep2,1.0562,772,0
rep2,1.0562,773,0
rep2,1.0562,774,0
rep2,1.0563,775,0
rep2,1.0563,776,0
rep2,1.0563,777,0
rep2,1.0563,778,0
rep2,1.0563,779,0
rep2,1.0563,780,0
rep2,1.0564,781,0
rep2,1.0564,782,0
rep2,1.0565,783,0
rep2,1.0565,784,0
rep2,1.0566,785,0
rep2,1.0566,786,0
rep2,1.0567,787,0
rep2,1.0567,788,0
rep2,1.0567,789,0
rep2,1.0567,790,0
rep2,1.0567,791,0
rep2,1.0567,792,0
rep2,1.0567,793,0
rep2,1.0568,794,0
rep2,1.0568,795,0
rep2,1.0569,796,0
rep2,1.0569,797,0
rep2,1.057,798,0
rep2,1.057,799,0
rep2,1.0571,800,0
rep2,1.0571,801,0
rep2,1.0571,802,0
rep2,1.0571,803,0
rep2,1.0572,804,0
rep2,1.0572,805,0
rep2,1.0572,806,0
rep2,1.0572,807,0
rep2,1.0573,808,0
rep2,1.0573,809,0
rep2,1.0573,810,0
rep2,1.0573,811,0
rep2,1.0573,812,0
rep2,1.0573,813,0
rep2,1.0574,814,0
rep2,1.0574,815,0
rep2,1.0574,816,0
rep2,1.0575,817,0
rep2,1.0575,818,0
rep2,1.0575,819,0
rep2,1.0576,820,0
rep2,1.0576,821,0
rep2,1.0576,822,0
rep2,1.0576,823,0
rep2,1.0577,824,0
rep2,1.0577,825,0
rep2,1.0578,826,0
rep2,1.0578,827,0
rep2,1.0578,828,0
rep2,1.0579,829,0
rep2,1.0579,830,0
rep2,1.0579,831,0
rep2,1.058,832,0
rep2,1.058,833,0
rep2,1.058,834,0
rep2,1.0581,835,0
rep2,1.0583,836,0
rep2,1.0583,837,0
rep2,1.0583,838,0
rep2,1.0583,839,0
rep2,1.0583,840,0
rep2,1.0584,841,0
rep2,1.0584,842,0
rep2,1.0584,843,0
rep2,1.0585,844,0
rep2,1.0585,845,0
rep2,1.0586,846,0
rep2,1.0586,847,0
rep2,1.0586,848,0
rep2,1.0587,849,0
rep2,1.0587,850,0
rep2,1.0587,851,0
rep2,1.0588,852,0
rep2,1.0588,853,0
rep2,1.0588,854,0
rep2,1.059,855,0
rep2,1.059,856,0
rep2,1.0591,857,0
rep2,1.0591,858,0
rep2,1.0592,859,0
rep2,1.0592,860,0
rep2,1.0593,861,0
rep2,1.0593,862,0
rep2,1.0594,863,0
rep2,1.0595,864,0
rep2,1.0596,865,0
rep2,1.0597,866,0
rep2,1.0597,867,0
rep2,1.0598,868,0
rep2,1.0598,869,0
rep2,1.0598,870,0
rep2,1.0599,871,0
rep2,1.0599,872,0
rep2,1.06,873,0
rep2,1.06,874,0
rep2,1.06,875,0
rep2,1.06,876,0
rep2,1.0601,877,0
rep2,1.0602,878,0
rep2,1.0602,879,0
rep2,1.0603,880,0
rep2,1.0603,881,0
rep2,1.0604,882,0
rep2,1.0605,883,0
rep2,1.0605,884,0
rep2,1.0606,885,0
rep2,1.0606,886,0
rep2,1.0606,887,0
rep2,1.0607,888,0
rep2,1.0608,889,0
rep2,1.0609,890,0
rep2,1.0609,891,0
rep2,1.061,892,0
rep2,1.061,893,0
rep2,1.061,894,0
rep2,1.0611,895,0
rep2,1.0611,896,0
rep2,1.0611,897,0
rep2,1.0612,898,0
rep2,1.0612,899,0
rep2,1.0612,900,0
rep2,1.0613,901,0
rep2,1.0613,902,0
rep2,1.0614,903,0
rep2,1.0614,904,0
rep2,1.0614,905,0
rep2,1.0614,906,0
rep2,1.0615,907,0
rep2,1.0615,908,0
rep2,1.0615,909,0
rep2,1.0615,910,0
rep2,1.0615,911,0
rep2,1.0616,912,0
rep2,1.0617,913,0
rep2,1.0618,914,0
rep2,1.0618,915,0
rep2,1.0619,916,0
rep2,1.0619,917,0
rep2,1.0619,918,0
rep2,1.0619,919,0
rep2,1.0619,920,0
rep2,1.062,921,0
rep2,1.062,922,0
rep2,1.062,923,0
rep2,1.062,924,0
rep2,1.062,925,0
rep2,1.0621,926,0
rep2,1.0621,927,0
rep2,1.0621,928,0
rep2,1.0622,929,0
rep2,1.0622,930,0
rep2,1.0623,931,0
rep2,1.0623,932,0
rep2,1.0624,933,0
rep2,1.0624,934,0
rep2,1.0624,935,0
rep2,1.0625,936,0
rep2,1.0625,937,0
rep2,1.0625,938,0
rep2,1.0625,939,0
rep2,1.0626,940,0
rep2,1.0628,941,0
rep2,1.0628,942,0
rep2,1.0628,943,0
rep2,1.0628,944,0
rep2,1.0629,945,0
rep2,1.0629,946,0
rep2,1.063,947,0
rep2,1.0633,948,0
rep2,1.0634,949,0
rep2,1.0634,950,0
rep2,1.0634,951,0
rep2,1.0635,952,0
rep2,1.0635,953,0
rep2,1.0636,954,0
rep2,1.0636,955,0
rep2,1.0637,956,0
rep2,1.0638,957,0
rep2,1.0638,958,0
rep2,1.0638,959,0
rep2,1.0638,960,0
rep2,1.0639,961,0
rep2,1.0642,962,0
rep2,1.0642,963,0
rep2,1.0644,964,0
rep2,1.0644,965,0
rep2,1.0644,966,0
rep2,1.0645,967,0
rep2,1.0646,968,0
rep2,1.0646,969,0
rep2,1.0647,970,0
rep2,1.0648,971,0
rep2,1.0651,972,0
rep2,1.0651,973,0
rep2,1.0651,974,0
rep2,1.0651,975,0
rep2,1.0652,976,0
rep2,1.0653,977,0
rep2,1.0654,978,0
rep2,1.0655,979,0
rep2,1.0655,980,0
rep2,1.0655,981,0
rep2,1.0655,982,0
rep2,1.0657,983,0
rep2,1.0657,984,0
rep2,1.0658,985,0
rep2,1.0658,986,0
rep2,1.0659,987,0
rep2,1.066,988,0
rep2,1.066,989,0
rep2,1.0662,990,0
rep2,1.0663,991,0
rep2,1.0663,992,0
rep2,1.0665,993,0
rep2,1.0665,994,0
rep2,1.0666,995,0
rep2,1.0666,996,0
rep2,1.0668,997,0
rep2,1.0668,998,0
rep2,1.0669,999,0
rep2,1.0669,1000,0
rep2,1.0669,1001,0
rep2,1.0669,1002,0
rep2,1.067,1003,0
rep2,1.0671,1004,0
rep2,1.0671,1005,0
rep2,1.0673,1006,0
rep2,1.0673,1007,0
rep2,1.0675,1008,0
rep2,1.0675,1009,0
rep2,1.0675,1010,0
rep2,1.0676,1011,0
rep2,1.0676,1012,0
rep2,1.0677,1013,0
rep2,1.0677,1014,0
rep2,1.0679,1015,0
rep2,1.0679,1016,0
rep2,1.0681,1017,0
rep2,1.0681,1018,0
rep2,1.0682,1019,0
rep2,1.0683,1020,0
rep2,1.0683,1021,0
rep2,1.0685,1022,0
rep2,1.0686,1023,0
rep2,1.0687,1024,0
rep2,1.0687,1025,0
rep2,1.069,1026,0
rep2,1.0694,1027,0
rep2,1.0695,1028,0
rep2,1.0695,1029,0
rep2,1.0696,1030,0
rep2,1.0698,1031,0
rep2,1.0699,1032,0
rep2,1.07,1033,0
rep2,1.07,1034,0
rep2,1.07,1035,0
rep2,1.0701,1036,0
rep2,1.0702,1037,0
rep2,1.0704,1038,0
rep2,1.0704,1039,0
rep2,1.0705,1040,0
rep2,1.0705,1041,0
rep2,1.0706,1042,0
rep2,1.0707,1043,0
rep2,1.0709,1044,0
rep2,1.0709,1045,0
rep2,1.0709,1046,0
rep2,1.071,1047,0
rep2,1.0711,1048,0
rep2,1.0711,1049,0
rep2,1.0712,1050,0
rep2,1.0712,1051,0
rep2,1.0713,1052,0
rep2,1.0715,1053,0
rep2,1.0715,1054,0
rep2,1.0716,1055,0
rep2,1.0717,1056,0
rep2,1.0718,1057,0
rep2,1.0719,1058,0
rep2,1.0719,1059,0
rep2,1.0719,1060,0
rep2,1.072,1061,0
rep2,1.0721,1062,0
rep2,1.0721,1063,0
rep2,1.0721,1064,0
rep2,1.0723,1065,0
rep2,1.0724,1066,0
rep2,1.0724,1067,0
rep2,1.0725,1068,0
rep2,1.0726,1069,0
rep2,1.0729,1070,0
rep2,1.0733,1071,0
rep2,1.0734,1072,0
rep2,1.0734,1073,0
rep2,1.0735,1074,0
rep2,1.0736,1075,0
rep2,1.0736,1076,0
rep2,1.0737,1077,0
rep2,1.0738,1078,0
rep2,1.0739,1079,0
rep2,1.074,1080,0
rep2,1.074,1081,0
rep2,1.0743,1082,0
rep2,1.0745,1083,0
rep2,1.0746,1084,0
rep2,1.0747,1085,0
rep2,1.0748,1086,0
rep2,1.0749,1087,0
rep2,1.0751,1088,0
rep2,1.0751,1089,0
rep2,1.0751,1090,0
rep2,1.0752,1091,0
rep2,1.0752,1092,0
rep2,1.0752,1093,0
rep2,1.0754,1094,0
rep2,1.0756,1095,0
rep2,1.0758,1096,0
rep2,1.0759,1097,0
rep2,1.0759,1098,0
rep2,1.0762,1099,0
rep2,1.0764,1100,0
rep2,1.0765,1101,0
rep2,1.0766,1102,0
rep2,1.0767,1103,0
rep2,1.0768,1104,0
rep2,1.0771,1105,0
rep2,1.0771,1106,0
rep2,1.0771,1107,0
rep2,1.0772,1108,0
rep2,1.0774,1109,0
rep2,1.0774,1110,0
rep2,1.0777,1111,0
rep2,1.0777,1112,0
rep2,1.0777,1113,0
rep2,1.0777,1114,0
rep2,1.0777,1115,0
rep2,1.0778,1116,0
rep2,1.0778,1117,0
rep2,1.0778,1118,0
rep2,1.0779,1119,0
rep2,1.0779,1120,0
rep2,1.0779,1121,0
rep2,1.0779,1122,0
rep2,1.0779,1123,0
rep2,1.078,1124,0
rep2,1.078,1125,0
rep2,1.0781,1126,0
rep2,1.0781,1127,0
rep2,1.0781,1128,0
rep2,1.0781,1129,0
rep2,1.0781,1130,0
rep2,1.0782,1131,0
rep2,1.0782,1132,0
rep2,1.0782,1133,0
rep2,1.0782,1134,0
rep2,1.0783,1135,0
rep2,1.0783,1136,0
rep2,1.0783,1137,0
rep2,1.0783,1138,0
rep2,1.0784,1139,0
rep2,1.0784,1140,0
rep2,1.0784,1141,0
rep2,1.0785,1142,0
rep2,1.0785,1143,0
rep2,1.0785,1144,0
rep2,1.0786,1145,0
rep2,1.0787,1146,0
rep2,1.0787,1147,0
rep2,1.0788,1148,0
rep2,1.0788,1149,0
rep2,1.0788,1150,0
rep2,1.0789,1151,0
rep2,1.0789,1152,0
rep2,1.0789,1153,0
rep2,1.079,1154,0
rep2,1.079,1155,0
rep2,1.0791,1156,0
rep2,1.0791,1157,0
rep2,1.0791,1158,0
rep2,1.0792,1159,0
rep2,1.0792,1160,0
rep2,1.0793,1161,0
rep2,1.0793,1162,0
rep2,1.0793,1163,0
rep2,1.0793,1164,0
rep2,1.0794,1165,0
rep2,1.0794,1166,0
rep2,1.0794,1167,0
rep2,1.0795,1168,0
rep2,1.0795,1169,0
rep2,1.0795,1170,0
rep2,1.0795,1171,0
rep2,1.0796,1172,0
rep2,1.0797,1173,0
rep2,1.0797,1174,0
rep2,1.0797,1175,0
rep2,1.0798,1176,0
rep2,1.0799,1177,0
rep2,1.0799,1178,0
rep2,1.0799,1179,0
rep2,1.0799,1180,0
rep2,1.08,1181,0
rep2,1.08,1182,0
rep2,1.0801,1183,0
rep2,1.0802,1184,0
rep2,1.0803,1185,0
rep2,1.0803,1186,0
rep2,1.0803,1187,0
rep2,1.0804,1188,0
rep2,1.0805,1189,0
rep2,1.0805,1190,0
rep2,1.0805,1191,0
rep2,1.0806,1192,0
rep2,1.0806,1193,0
rep2,1.0807,1194,0
rep2,1.0807,1195,0
rep2,1.0807,1196,0
rep2,1.0807,1197,0
rep2,1.0808,1198,0
rep2,1.0809,1199,0
rep2,1.0809,1200,0
rep2,1.081,1201,0
rep2,1.081,1202,0
rep2,1.081,1203,0
rep2,1.0811,1204,0
rep2,1.0811,1205,0
rep2,1.0813,1206,0
rep2,1.0813,1207,0
rep2,1.0814,1208,0
rep2,1.0814,1209,0
rep2,1.0815,1210,0
rep2,1.0815,1211,0
rep2,1.0815,1212,0
rep2,1.0816,1213,0
rep2,1.0817,1214,0
rep2,1.0817,1215,0
rep2,1.0818,1216,0
rep2,1.0818,1217,0
rep2,1.0818,1218,0
rep2,1.0818,1219,0
rep2,1.0818,1220,0
rep2,1.082,1221,0
rep2,1.082,1222,0
rep2,1.082,1223,0
rep2,1.082,1224,0
rep2,1.082,1225,0
rep2,1.0821,1226,0
rep2,1.0821,1227,0
rep2,1.0822,1228,0
rep2,1.0822,1229,0
rep2,1.0822,1230,0
rep2,1.0823,1231,0
rep2,1.0823,1232,0
rep2,1.0823,1233,0
rep2,1.0823,1234,0
rep2,1.0823,1235,0
rep2,1.0824,1236,0
rep2,1.0825,1237,0
rep2,1.0825,1238,0
rep2,1.0825,1239,0
rep2,1.0825,1240,0
rep2,1.0826,1241,0
rep2,1.0826,1242,0
rep2,1.0827,1243,0
rep2,1.0828,1244,0
rep2,1.0829,1245,0
rep2,1.0829,1246,0
rep2,1.083,1247,0
rep2,1.083,1248,0
rep2,1.083,1249,0
rep2,1.0831,1250,0
rep2,1.0831,1251,0
rep2,1.0831,1252,0
rep2,1.0831,1253,0
rep2,1.0833,1254,0
rep2,1.0833,1255,0
rep2,1.0834,1256,0
rep2,1.0834,1257,0
rep2,1.0836,1258,0
rep2,1.0836,1259,0
rep2,1.0836,1260,0
rep2,1.0836,1261,0
rep2,1.0837,1262,0
rep2,1.0837,1263,0
rep2,1.0837,1264,0
rep2,1.0837,1265,0
rep2,1.0837,1266,0
rep2,1.0837,1267,0
rep2,1.0838,1268,0
rep2,1.0839,1269,0
rep2,1.084,1270,0
rep2,1.0841,1271,0
rep2,1.0841,1272,0
rep2,1.0841,1273,0
rep2,1.0842,1274,0
rep2,1.0845,1275,0
rep2,1.0845,1276,0
rep2,1.0846,1277,0
rep2,1.0846,1278,0
rep2,1.0846,1279,0
rep2,1.0848,1280,0
rep2,1.0848,1281,0
rep2,1.0849,1282,0
rep2,1.0849,1283,0
rep2,1.085,1284,0
rep2,1.085,1285,0
rep2,1.085,1286,0
rep2,1.0851,1287,0
rep2,1.0851,1288,0
rep2,1.0851,1289,0
rep2,1.0851,1290,0
rep2,1.0852,1291,0
rep2,1.0852,1292,0
rep2,1.0852,1293,0
rep2,1.0853,1294,0
rep2,1.0854,1295,0
rep2,1.0856,1296,0
rep2,1.0857,1297,0
rep2,1.0858,1298,0
rep2,1.0858,1299,0
rep2,1.0859,1300,0
rep2,1.0859,1301,0
rep2,1.086,1302,0
rep2,1.086,1303,0
rep2,1.086,1304,0
rep2,1.0861,1305,0
rep2,1.0861,1306,0
rep2,1.0863,1307,0
rep2,1.0863,1308,0
rep2,1.0863,1309,0
rep2,1.0863,1310,0
rep2,1.0864,1311,0
rep2,1.0864,1312,0
rep2,1.0865,1313,0
rep2,1.0866,1314,0
rep2,1.0866,1315,0
rep2,1.0866,1316,0
rep2,1.0869,1317,0
rep2,1.087,1318,0
rep2,1.087,1319,0
rep2,1.087,1320,0
rep2,1.0871,1321,0
rep2,1.0871,1322,0
rep2,1.0871,1323,0
rep2,1.0872,1324,0
rep2,1.0872,1325,0
rep2,1.0872,1326,0
rep2,1.0873,1327,0
rep2,1.0873,1328,0
rep2,1.0874,1329,0
rep2,1.0874,1330,0
rep2,1.0875,1331,0
rep2,1.0876,1332,0
rep2,1.0876,1333,0
rep2,1.0878,1334,0
rep2,1.0878,1335,0
rep2,1.0879,1336,0
rep2,1.088,1337,0
rep2,1.088,1338,0
rep2,1.0882,1339,0
rep2,1.0884,1340,0
rep2,1.0884,1341,0
rep2,1.0887,1342,0
rep2,1.0887,1343,0
rep2,1.0887,1344,0
rep2,1.0887,1345,0
rep2,1.0888,1346,0
rep2,1.0888,1347,0
rep2,1.0889,1348,0
rep2,1.0892,1349,0
rep2,1.0892,1350,0
rep2,1.0894,1351,0
rep2,1.0894,1352,0
rep2,1.0895,1353,0
rep2,1.0896,1354,0
rep2,1.0896,1355,0
rep2,1.0896,1356,0
rep2,1.0896,1357,0
rep2,1.0897,1358,0
rep2,1.0898,1359,0
rep2,1.0898,1360,0
rep2,1.0899,1361,0
rep2,1.0899,1362,0
rep2,1.0899,1363,0
rep2,1.0899,1364,0
rep2,1.09,1365,0
rep2,1.0901,1366,0
rep2,1.0903,1367,0
rep2,1.0905,1368,0
rep2,1.0905,1369,0
rep2,1.0905,1370,0
rep2,1.0905,1371,0
rep2,1.0906,1372,0
rep2,1.0906,1373,0
rep2,1.0906,1374,0
rep2,1.0906,1375,0
rep2,1.0907,1376,0
rep2,1.0907,1377,0
rep2,1.0907,1378,0
rep2,1.0908,1379,0
rep2,1.0909,1380,0
rep2,1.0909,1381,0
rep2,1.0909,1382,0
rep2,1.0909,1383,0
rep2,1.0909,1384,0
rep2,1.091,1385,0
rep2,1.091,1386,0
rep2,1.091,1387,0
rep2,1.0911,1388,0
rep2,1.0913,1389,0
rep2,1.0913,1390,0
rep2,1.0915,1391,0
rep2,1.0916,1392,0
rep2,1.0916,1393,0
rep2,1.0916,1394,0
rep2,1.0917,1395,0
rep2,1.0918,1396,0
rep2,1.0919,1397,0
rep2,1.0919,1398,0
rep2,1.0919,1399,0
rep2,1.092,1400,0
rep2,1.0921,1401,0
rep2,1.0921,1402,0
rep2,1.0922,1403,0
rep2,1.0922,1404,0
rep2,1.0922,1405,0
rep2,1.0923,1406,0
rep2,1.0924,1407,0
rep2,1.0925,1408,0
rep2,1.0926,1409,0
rep2,1.0927,1410,0
rep2,1.0928,1411,0
rep2,1.0929,1412,0
rep2,1.0929,1413,0
rep2,1.0929,1414,0
rep2,1.0931,1415,0
rep2,1.0934,1416,0
rep2,1.0934,1417,0
rep2,1.0935,1418,0
rep2,1.0935,1419,0
rep2,1.0935,1420,0
rep2,1.0936,1421,0
rep2,1.0936,1422,0
rep2,1.0937,1423,0
rep2,1.0939,1424,0
rep2,1.0939,1425,0
rep2,1.094,1426,0
rep2,1.0942,1427,0
rep2,1.0943,1428,0
rep2,1.0948,1429,0
rep2,1.0948,1430,0
rep2,1.0949,1431,0
rep2,1.0949,1432,0
rep2,1.0949,1433,0
rep2,1.095,1434,0
rep2,1.0952,1435,0
rep2,1.0952,1436,0
rep2,1.0952,1437,0
rep2,1.0953,1438,0
rep2,1.0953,1439,0
rep2,1.0955,1440,0
rep2,1.0955,1441,0
rep2,1.0956,1442,0
rep2,1.0957,1443,0
rep2,1.0958,1444,0
rep2,1.0958,1445,0
rep2,1.0958,1446,0
rep2,1.096,1447,0
rep2,1.0961,1448,0
rep2,1.0962,1449,0
rep2,1.0962,1450,0
rep2,1.0962,1451,0
rep2,1.0963,1452,0
rep2,1.0963,1453,0
rep2,1.0963,1454,0
rep2,1.0964,1455,0
rep2,1.0964,1456,0
rep2,1.0965,1457,0
rep2,1.0965,1458,0
rep2,1.0966,1459,0
rep2,1.0967,1460,0
rep2,1.0968,1461,0
rep2,1.0968,1462,0
rep2,1.097,1463,0
rep2,1.0971,1464,0
rep2,1.0972,1465,0
rep2,1.0972,1466,0
rep2,1.0973,1467,0
rep2,1.0974,1468,0
rep2,1.0974,1469,0
rep2,1.0975,1470,0
rep2,1.0975,1471,0
rep2,1.0975,1472,0
rep2,1.0978,1473,0
rep2,1.0978,1474,0
rep2,1.0978,1475,0
rep2,1.0979,1476,0
rep2,1.0979,1477,0
rep2,1.0979,1478,0
rep2,1.0981,1479,0
rep2,1.0981,1480,0
rep2,1.0982,1481,0
rep2,1.0983,1482,0
rep2,1.0983,1483,0
rep2,1.0984,1484,0
rep2,1.0984,1485,0
rep2,1.0984,1486,0
rep2,1.0985,1487,0
rep2,1.0985,1488,0
rep2,1.0985,1489,0
rep2,1.0987,1490,0
rep2,1.0988,1491,0
rep2,1.0988,1492,0
rep2,1.0988,1493,0
rep2,1.099,1494,0
rep2,1.0991,1495,0
rep2,1.0991,1496,0
rep2,1.0992,1497,0
rep2,1.0995,1498,0
rep2,1.0995,1499,0
rep2,1.0995,1500,0
rep2,1.0996,1501,0
rep2,1.0997,1502,0
rep2,1.0998,1503,0
rep2,1.0998,1504,0
rep2,1.0999,1505,0
rep2,1.0999,1506,0
rep2,1.0999,1507,0
rep2,1.1,1508,0
rep2,1.1,1509,0
rep2,1.1,1510,0
rep2,1.1001,1511,0
rep2,1.1001,1512,0
rep2,1.1001,1513,0
rep2,1.1001,1514,0
rep2,1.1002,1515,0
rep2,1.1002,1516,0
rep2,1.1004,1517,0
rep2,1.1004,1518,0
rep2,1.1006,1519,0
rep2,1.1007,1520,0
rep2,1.1007,1521,0
rep2,1.1008,1522,0
rep2,1.1009,1523,0
rep2,1.1009,1524,0
rep2,1.101,1525,0
rep2,1.101,1526,0
rep2,1.101,1527,0
rep2,1.1011,1528,0
rep2,1.1011,1529,0
rep2,1.1012,1530,0
rep2,1.1013,1531,0
rep2,1.1015,1532,0
rep2,1.1015,1533,0
rep2,1.1017,1534,0
rep2,1.1017,1535,0
rep2,1.1018,1536,0
rep2,1.1019,1537,0
rep2,1.1022,1538,0
rep2,1.1022,1539,0
rep2,1.1022,1540,0
rep2,1.1023,1541,0
rep2,1.1025,1542,0
rep2,1.1026,1543,0
rep2,1.1026,1544,0
rep2,1.1027,1545,0
rep2,1.1028,1546,0
rep2,1.1029,1547,0
rep2,1.103,1548,0
rep2,1.103,1549,0
rep2,1.1031,1550,0
rep2,1.1032,1551,0
rep2,1.1036,1552,0
rep2,1.1037,1553,0
rep2,1.104,1554,0
rep2,1.1041,1555,0
rep2,1.1041,1556,0
rep2,1.1044,1557,0
rep2,1.1045,1558,0
rep2,1.1045,1559,0
rep2,1.1046,1560,0
rep2,1.1047,1561,0
rep2,1.1047,1562,0
rep2,1.105,1563,0
rep2,1.105,1564,0
rep2,1.1051,1565,0
rep2,1.1051,1566,0
rep2,1.1052,1567,0
rep2,1.1052,1568,0
rep2,1.1053,1569,0
rep2,1.1054,1570,0
rep2,1.1055,1571,0
rep2,1.1061,1572,0
rep2,1.1062,1573,0
rep2,1.1062,1574,0
rep2,1.1064,1575,0
rep2,1.1066,1576,0
rep2,1.1067,1577,0
rep2,1.1071,1578,0
rep2,1.1073,1579,0
rep2,1.1074,1580,0
rep2,1.1074,1581,0
rep2,1.1076,1582,0
rep2,1.1076,1583,0
rep2,1.1077,1584,0
rep2,1.1078,1585,0
rep2,1.1081,1586,0
rep2,1.1082,1587,0
rep2,1.1083,1588,0
rep2,1.1085,1589,0
rep2,1.1086,1590,0
rep2,1.1087,1591,0
rep2,1.1088,1592,0
rep2,1.109,1593,0
rep2,1.1091,1594,0
rep2,1.1091,1595,0
rep2,1.1091,1596,0
rep2,1.1091,1597,0
rep2,1.1092,1598,0
rep2,1.1092,1599,0
rep2,1.1092,1600,0
rep2,1.1092,1601,0
rep2,1.1093,1602,0
rep2,1.1093,1603,0
rep2,1.1094,1604,0
rep2,1.1094,1605,0
rep2,1.1095,1606,0
rep2,1.1096,1607,0
rep2,1.1096,1608,0
rep2,1.1097,1609,0
rep2,1.1099,1610,0
rep2,1.1103,1611,0
rep2,1.1104,1612,0
rep2,1.1104,1613,0
rep2,1.1105,1614,0
rep2,1.1108,1615,0
rep2,1.1108,1616,0
rep2,1.1112,1617,0
rep2,1.1112,1618,0
rep2,1.1112,1619,0
rep2,1.1112,1620,0
rep2,1.1113,1621,0
rep2,1.1113,1622,0
rep2,1.1116,1623,0
rep2,1.1117,1624,0
rep2,1.1117,1625,0
rep2,1.1118,1626,0
rep2,1.1119,1627,0
rep2,1.1119,1628,0
rep2,1.112,1629,0
rep2,1.1121,1630,0
rep2,1.1121,1631,0
rep2,1.1122,1632,0
rep2,1.1122,1633,0
rep2,1.1122,1634,0
rep2,1.1123,1635,0
rep2,1.1123,1636,0
rep2,1.1123,1637,0
rep2,1.1124,1638,0
rep2,1.1124,1639,0
rep2,1.1124,1640,0
rep2,1.1125,1641,0
rep2,1.1125,1642,0
rep2,1.1126,1643,0
rep2,1.1126,1644,0
rep2,1.1127,1645,0
rep2,1.1127,1646,0
rep2,1.1128,1647,0
rep2,1.1128,1648,0
rep2,1.113,1649,0
rep2,1.1131,1650,0
rep2,1.1131,1651,0
rep2,1.1132,1652,0
rep2,1.1132,1653,0
rep2,1.1132,1654,0
rep2,1.1132,1655,0
rep2,1.1134,1656,0
rep2,1.1134,1657,0
rep2,1.1135,1658,0
rep2,1.1135,1659,0
rep2,1.1135,1660,0
rep2,1.1137,1661,0
rep2,1.1138,1662,0
rep2,1.1138,1663,0
rep2,1.1139,1664,0
rep2,1.114,1665,0
rep2,1.1141,1666,0
rep2,1.1141,1667,0
rep2,1.1141,1668,0
rep2,1.1142,1669,0
rep2,1.1142,1670,0
rep2,1.1142,1671,0
rep2,1.1144,1672,0
rep2,1.1145,1673,0
rep2,1.1146,1674,0
rep2,1.1147,1675,0
rep2,1.1149,1676,0
rep2,1.1149,1677,0
rep2,1.115,1678,0
rep2,1.115,1679,0
rep2,1.115,1680,0
rep2,1.115,1681,0
rep2,1.1151,1682,0
rep2,1.1151,1683,0
rep2,1.1151,1684,0
rep2,1.1152,1685,0
rep2,1.1153,1686,0
rep2,1.1153,1687,0
rep2,1.1153,1688,0
rep2,1.1154,1689,0
rep2,1.1155,1690,0
rep2,1.1155,1691,0
rep2,1.1156,1692,0
rep2,1.1156,1693,0
rep2,1.1157,1694,0
rep2,1.1157,1695,0
rep2,1.1157,1696,0
rep2,1.1157,1697,0
rep2,1.1158,1698,0
rep2,1.1158,1699,0
rep2,1.116,1700,0
rep2,1.116,1701,0
rep2,1.1161,1702,0
rep2,1.1162,1703,0
rep2,1.1163,1704,0
rep2,1.1163,1705,0
rep2,1.1164,1706,0
rep2,1.1164,1707,0
rep2,1.1165,1708,0
rep2,1.1165,1709,0
rep2,1.1165,1710,0
rep2,1.1166,1711,0
rep2,1.1166,1712,0
rep2,1.1166,1713,0
rep2,1.1166,1714,0
rep2,1.1167,1715,0
rep2,1.1168,1716,0
rep2,1.1169,1717,0
rep2,1.1169,1718,0
rep2,1.1169,1719,0
rep2,1.1169,1720,0
rep2,1.117,1721,0
rep2,1.117,1722,0
rep2,1.1171,1723,0
rep2,1.1171,1724,0
rep2,1.1172,1725,0
rep2,1.1172,1726,0
rep2,1.1173,1727,0
rep2,1.1173,1728,0
rep2,1.1174,1729,0
rep2,1.1174,1730,0
rep2,1.1177,1731,0
rep2,1.1177,1732,0
rep2,1.1177,1733,0
rep2,1.1179,1734,0
rep2,1.1179,1735,0
rep2,1.1179,1736,0
rep2,1.1181,1737,0
rep2,1.1182,1738,0
rep2,1.1183,1739,0
rep2,1.1183,1740,0
rep2,1.1183,1741,0
rep2,1.1184,1742,0
rep2,1.1185,1743,0
rep2,1.1185,1744,0
rep2,1.1185,1745,0
rep2,1.1186,1746,0
rep2,1.1186,1747,0
rep2,1.1186,1748,0
rep2,1.1187,1749,0
rep2,1.1187,1750,0
rep2,1.1187,1751,0
rep2,1.1188,1752,0
rep2,1.1189,1753,0
rep2,1.1189,1754,0
rep2,1.1189,1755,0
rep2,1.1189,1756,0
rep2,1.119,1757,0
rep2,1.1191,1758,0
rep2,1.1191,1759,0
rep2,1.1192,1760,0
rep2,1.1193,1761,0
rep2,1.1194,1762,0
rep2,1.1195,1763,0
rep2,1.1195,1764,0
rep2,1.1196,1765,0
rep2,1.1197,1766,0
rep2,1.1199,1767,0
rep2,1.1199,1768,0
rep2,1.1201,1769,0
rep2,1.1202,1770,0
rep2,1.1202,1771,0
rep2,1.1203,1772,0
rep2,1.1204,1773,0
rep2,1.1205,1774,0
rep2,1.1206,1775,0
rep2,1.1206,1776,0
rep2,1.1207,1777,0
rep2,1.1209,1778,0
rep2,1.121,1779,0
rep2,1.121,1780,0
rep2,1.1211,1781,0
rep2,1.1211,1782,0
rep2,1.1212,1783,0
rep2,1.1212,1784,0
rep2,1.1214,1785,0
rep2,1.1214,1786,0
rep2,1.1215,1787,0
rep2,1.1215,1788,0
rep2,1.1215,1789,0
rep2,1.1215,1790,0
rep2,1.1216,1791,0
rep2,1.1219,1792,0
rep2,1.122,1793,0
rep2,1.1222,1794,0
rep2,1.1222,1795,0
rep2,1.1222,1796,0
rep2,1.1223,1797,0
rep2,1.1223,1798,0
rep2,1.1223,1799,0
rep2,1.1223,1800,0
rep2,1.1224,1801,0
rep2,1.1225,1802,0
rep2,1.1226,1803,0
rep2,1.1226,1804,0
rep2,1.1228,1805,0
rep2,1.1228,1806,0
rep2,1.1228,1807,0
rep2,1.1228,1808,0
rep2,1.1229,1809,0
rep2,1.1229,1810,0
rep2,1.123,1811,0
rep2,1.123,1812,0
rep2,1.123,1813,0
rep2,1.1231,1814,0
rep2,1.1233,1815,0
rep2,1.1235,1816,0
rep2,1.1235,1817,0
rep2,1.1235,1818,0
rep2,1.1236,1819,0
rep2,1.1237,1820,0
rep2,1.1239,1821,0
rep2,1.1239,1822,0
rep2,1.124,1823,0
rep2,1.124,1824,0
rep2,1.1243,1825,0
rep2,1.1244,1826,0
rep2,1.1244,1827,0
rep2,1.1244,1828,0
rep2,1.1245,1829,0
rep2,1.1245,1830,0
rep2,1.1245,1831,0
rep2,1.1245,1832,0
rep2,1.1247,1833,0
rep2,1.1247,1834,0
rep2,1.1248,1835,0
rep2,1.1248,1836,0
rep2,1.1249,1837,0
rep2,1.1249,1838,0
rep2,1.1249,1839,0
rep2,1.125,1840,0
rep2,1.125,1841,0
rep2,1.125,1842,0
rep2,1.1252,1843,0
rep2,1.1253,1844,0
rep2,1.1254,1845,0
rep2,1.1255,1846,0
rep2,1.1255,1847,0
rep2,1.1256,1848,0
rep2,1.1258,1849,0
rep2,1.1259,1850,0
rep2,1.126,1851,0
rep2,1.126,1852,0
rep2,1.1263,1853,0
rep2,1.1263,1854,0
rep2,1.1263,1855,0
rep2,1.1264,1856,0
rep2,1.1264,1857,0
rep2,1.1265,1858,0
rep2,1.1265,1859,0
rep2,1.1266,1860,0
rep2,1.1266,1861,0
rep2,1.1266,1862,0
rep2,1.1267,1863,0
rep2,1.1267,1864,0
rep2,1.1268,1865,0
rep2,1.1269,1866,0
rep2,1.1269,1867,0
rep2,1.1271,1868,0
rep2,1.1271,1869,0
rep2,1.1273,1870,0
rep2,1.1273,1871,0
rep2,1.1274,1872,0
rep2,1.1274,1873,0
rep2,1.1275,1874,0
rep2,1.1276,1875,0
rep2,1.1276,1876,0
rep2,1.1277,1877,0
rep2,1.1277,1878,0
rep2,1.1277,1879,0
rep2,1.1278,1880,0
rep2,1.1278,1881,0
rep2,1.1278,1882,0
rep2,1.1279,1883,0
rep2,1.128,1884,0
rep2,1.128,1885,0
rep2,1.1281,1886,0
rep2,1.1282,1887,0
rep2,1.1283,1888,0
rep2,1.1283,1889,0
rep2,1.1285,1890,0
rep2,1.1285,1891,0
rep2,1.1285,1892,0
rep2,1.1287,1893,0
rep2,1.1288,1894,0
rep2,1.1289,1895,0
rep2,1.1289,1896,0
rep2,1.1289,1897,0
rep2,1.1289,1898,0
rep2,1.129,1899,0
rep2,1.1291,1900,0
rep2,1.1291,1901,0
rep2,1.1291,1902,0
rep2,1.1291,1903,0
rep2,1.1292,1904,0
rep2,1.1292,1905,0
rep2,1.1292,1906,0
rep2,1.1294,1907,0
rep2,1.1295,1908,0
rep2,1.1296,1909,0
rep2,1.1296,1910,0
rep2,1.1297,1911,0
rep2,1.1298,1912,0
rep2,1.1299,1913,0
rep2,1.13,1914,0
rep2,1.1301,1915,0
rep2,1.1301,1916,0
rep2,1.1302,1917,0
rep2,1.1302,1918,0
rep2,1.1302,1919,0
rep2,1.1302,1920,0
rep2,1.1303,1921,0
rep2,1.1303,1922,0
rep2,1.1304,1923,0
rep2,1.1304,1924,0
rep2,1.1304,1925,0
rep2,1.1304,1926,0
rep2,1.1305,1927,0
rep2,1.1307,1928,0
rep2,1.1307,1929,0
rep2,1.1307,1930,0
rep2,1.1307,1931,0
rep2,1.1308,1932,0
rep2,1.1308,1933,0
rep2,1.1309,1934,0
rep2,1.1311,1935,0
rep2,1.1311,1936,0
rep2,1.1311,1937,0
rep2,1.1312,1938,0
rep2,1.1312,1939,0
rep2,1.1313,1940,0
rep2,1.1314,1941,0
rep2,1.1314,1942,0
rep2,1.1315,1943,0
rep2,1.1315,1944,0
rep2,1.1315,1945,0
rep2,1.1315,1946,0
rep2,1.1316,1947,0
rep2,1.1316,1948,0
rep2,1.1317,1949,0
rep2,1.1318,1950,0
rep2,1.1321,1951,0
rep2,1.1324,1952,0
rep2,1.1324,1953,0
rep2,1.1325,1954,0
rep2,1.1326,1955,0
rep2,1.1327,1956,0
rep2,1.1327,1957,0
rep2,1.1328,1958,0
rep2,1.1329,1959,0
rep2,1.1329,1960,0
rep2,1.1331,1961,0
rep2,1.1331,1962,0
rep2,1.1332,1963,0
rep2,1.1332,1964,0
rep2,1.1332,1965,0
rep2,1.1333,1966,0
rep2,1.1333,1967,0
rep2,1.1334,1968,0
rep2,1.1335,1969,0
rep2,1.1336,1970,0
rep2,1.1336,1971,0
rep2,1.1338,1972,0
rep2,1.1339,1973,0
rep2,1.1339,1974,0
rep2,1.134,1975,0
rep2,1.1342,1976,0
rep2,1.1343,1977,0
rep2,1.1345,1978,0
rep2,1.1345,1979,0
rep2,1.1346,1980,0
rep2,1.1346,1981,0
rep2,1.1346,1982,0
rep2,1.1346,1983,0
rep2,1.1348,1984,0
rep2,1.1349,1985,0
rep2,1.1351,1986,0
rep2,1.1351,1987,0
rep2,1.1351,1988,0
rep2,1.1351,1989,0
rep2,1.1352,1990,0
rep2,1.1353,1991,0
rep2,1.1353,1992,0
rep2,1.1354,1993,0
rep2,1.1355,1994,0
rep2,1.1356,1995,0
rep2,1.1357,1996,0
rep2,1.1357,1997,0
rep2,1.1358,1998,0
rep2,1.1358,1999,0
rep2,1.1358,2000,0
rep2,1.1359,2001,0
rep2,1.136,2002,0
rep2,1.1363,2003,0
rep2,1.1363,2004,0
rep2,1.1364,2005,0
rep2,1.1364,2006,0
rep2,1.1364,2007,0
rep2,1.1365,2008,0
rep2,1.1367,2009,0
rep2,1.137,2010,0
rep2,1.1371,2011,0
rep2,1.1372,2012,0
rep2,1.1373,2013,0
rep2,1.1373,2014,0
rep2,1.1373,2015,0
rep2,1.1374,2016,0
rep2,1.1376,2017,0
rep2,1.1378,2018,0
rep2,1.1378,2019,0
rep2,1.1378,2020,0
rep2,1.1378,2021,0
rep2,1.1379,2022,0
rep2,1.138,2023,0
rep2,1.1382,2024,0
rep2,1.1383,2025,0
rep2,1.1385,2026,0
rep2,1.1385,2027,0
rep2,1.1385,2028,0
rep2,1.1386,2029,0
rep2,1.1386,2030,0
rep2,1.1386,2031,0
rep2,1.1386,2032,0
rep2,1.1387,2033,0
rep2,1.1387,2034,0
rep2,1.1388,2035,0
rep2,1.1389,2036,0
rep2,1.1389,2037,0
rep2,1.139,2038,0
rep2,1.139,2039,0
rep2,1.1391,2040,0
rep2,1.1391,2041,0
rep2,1.1392,2042,0
rep2,1.1392,2043,0
rep2,1.1393,2044,0
rep2,1.1394,2045,0
rep2,1.1394,2046,0
rep2,1.1397,2047,0
rep2,1.1397,2048,0
rep2,1.1397,2049,0
rep2,1.1397,2050,0
rep2,1.1398,2051,0
rep2,1.1398,2052,0
rep2,1.1399,2053,0
rep2,1.14,2054,0
rep2,1.1401,2055,0
rep2,1.1401,2056,0
rep2,1.1402,2057,0
rep2,1.1402,2058,0
rep2,1.1403,2059,0
rep2,1.1403,2060,0
rep2,1.1405,2061,0
rep2,1.1405,2062,0
rep2,1.1406,2063,0
rep2,1.1407,2064,0
rep2,1.1407,2065,0
rep2,1.1407,2066,0
rep2,1.1408,2067,0
rep2,1.1408,2068,0
rep2,1.1409,2069,0
rep2,1.1409,2070,0
rep2,1.1411,2071,0
rep2,1.1411,2072,0
rep2,1.1412,2073,0
rep2,1.1412,2074,0
rep2,1.1413,2075,0
rep2,1.1414,2076,0
rep2,1.1415,2077,0
rep2,1.1415,2078,0
rep2,1.1416,2079,0
rep2,1.1416,2080,0
rep2,1.1417,2081,0
rep2,1.1419,2082,0
rep2,1.142,2083,0
rep2,1.1421,2084,0
rep2,1.1421,2085,0
rep2,1.1421,2086,0
rep2,1.1421,2087,0
rep2,1.1421,2088,0
rep2,1.1422,2089,0
rep2,1.1423,2090,0
rep2,1.1425,2091,0
rep2,1.1426,2092,0
rep2,1.1427,2093,0
rep2,1.1427,2094,0
rep2,1.1428,2095,0
rep2,1.1429,2096,0
rep2,1.143,2097,0
rep2,1.143,2098,0
rep2,1.1431,2099,0
rep2,1.1432,2100,0
rep2,1.1432,2101,0
rep2,1.1432,2102,0
rep2,1.1434,2103,0
rep2,1.1434,2104,0
rep2,1.1434,2105,0
rep2,1.1435,2106,0
rep2,1.1435,2107,0
rep2,1.1436,2108,0
rep2,1.1438,2109,0
rep2,1.144,2110,0
rep2,1.144,2111,0
rep2,1.144,2112,0
rep2,1.144,2113,0
rep2,1.1441,2114,0
rep2,1.1442,2115,0
rep2,1.1443,2116,0
rep2,1.1443,2117,0
rep2,1.1444,2118,0
rep2,1.1447,2119,0
rep2,1.1449,2120,0
rep2,1.1449,2121,0
rep2,1.145,2122,0
rep2,1.145,2123,0
rep2,1.1451,2124,0
rep2,1.1452,2125,0
rep2,1.1453,2126,0
rep2,1.1454,2127,0
rep2,1.1455,2128,0
rep2,1.1455,2129,0
rep2,1.1456,2130,0
rep2,1.1457,2131,0
rep2,1.1457,2132,0
rep2,1.1457,2133,0
rep2,1.1458,2134,0
rep2,1.1458,2135,0
rep2,1.1458,2136,0
rep2,1.1459,2137,0
rep2,1.1459,2138,0
rep2,1.146,2139,0
rep2,1.1462,2140,0
rep2,1.1463,2141,0
rep2,1.1463,2142,0
rep2,1.1464,2143,0
rep2,1.1464,2144,0
rep2,1.1464,2145,0
rep2,1.1464,2146,0
rep2,1.1464,2147,0
rep2,1.1465,2148,0
rep2,1.1465,2149,0
rep2,1.1466,2150,0
rep2,1.1466,2151,0
rep2,1.1467,2152,0
rep2,1.1467,2153,0
rep2,1.1468,2154,0
rep2,1.1469,2155,0
rep2,1.147,2156,0
rep2,1.147,2157,0
rep2,1.147,2158,0
rep2,1.1471,2159,0
rep2,1.1471,2160,0
rep2,1.1471,2161,0
rep2,1.1473,2162,0
rep2,1.1473,2163,0
rep2,1.1474,2164,0
rep2,1.1475,2165,0
rep2,1.1475,2166,0
rep2,1.1475,2167,0
rep2,1.1475,2168,0
rep2,1.1476,2169,0
rep2,1.1477,2170,0
rep2,1.1477,2171,0
rep2,1.1477,2172,0
rep2,1.1477,2173,0
rep2,1.1478,2174,0
rep2,1.1479,2175,0
rep2,1.1479,2176,0
rep2,1.1479,2177,0
rep2,1.148,2178,0
rep2,1.148,2179,0
rep2,1.1481,2180,0
rep2,1.1483,2181,0
rep2,1.1483,2182,0
rep2,1.1484,2183,0
rep2,1.1484,2184,0
rep2,1.1485,2185,0
rep2,1.1486,2186,0
rep2,1.1487,2187,0
rep2,1.1487,2188,0
rep2,1.1489,2189,0
rep2,1.1489,2190,0
rep2,1.1489,2191,0
rep2,1.149,2192,0
rep2,1.149,2193,0
rep2,1.1491,2194,0
rep2,1.1492,2195,0
rep2,1.1492,2196,0
rep2,1.1492,2197,0
rep2,1.1493,2198,0
rep2,1.1494,2199,0
rep2,1.1494,2200,0
rep2,1.1494,2201,0
rep2,1.1494,2202,0
rep2,1.1495,2203,0
rep2,1.1496,2204,0
rep2,1.1497,2205,0
rep2,1.1497,2206,0
rep2,1.1497,2207,0
rep2,1.1498,2208,0
rep2,1.1498,2209,0
rep2,1.1499,2210,0
rep2,1.15,2211,0
rep2,1.1501,2212,0
rep2,1.1501,2213,0
rep2,1.1501,2214,0
rep2,1.1502,2215,0
rep2,1.1502,2216,0
rep2,1.1503,2217,0
rep2,1.1503,2218,0
rep2,1.1503,2219,0
rep2,1.1503,2220,0
rep2,1.1504,2221,0
rep2,1.1504,2222,0
rep2,1.1504,2223,0
rep2,1.1505,2224,0
rep2,1.1506,2225,0
rep2,1.1506,2226,0
rep2,1.1507,2227,0
rep2,1.1507,2228,0
rep2,1.1507,2229,0
rep2,1.1511,2230,0
rep2,1.1511,2231,0
rep2,1.1512,2232,0
rep2,1.1514,2233,0
rep2,1.1514,2234,0
rep2,1.1514,2235,0
rep2,1.1515,2236,0
rep2,1.1515,2237,0
rep2,1.1516,2238,0
rep2,1.1517,2239,0
rep2,1.1517,2240,0
rep2,1.1518,2241,0
rep2,1.1518,2242,0
rep2,1.1518,2243,0
rep2,1.1519,2244,0
rep2,1.1519,2245,0
rep2,1.1519,2246,0
rep2,1.152,2247,0
rep2,1.152,2248,0
rep2,1.152,2249,0
rep2,1.1521,2250,0
rep2,1.1521,2251,0
rep2,1.1521,2252,0
rep2,1.1522,2253,0
rep2,1.1523,2254,0
rep2,1.1523,2255,0
rep2,1.1523,2256,0
rep2,1.1525,2257,0
rep2,1.1525,2258,0
rep2,1.1526,2259,0
rep2,1.1526,2260,0
rep2,1.1526,2261,0
rep2,1.1527,2262,0
rep2,1.1527,2263,0
rep2,1.1528,2264,0
rep2,1.1529,2265,0
rep2,1.153,2266,0
rep2,1.1531,2267,0
rep2,1.1531,2268,0
rep2,1.1531,2269,0
rep2,1.1531,2270,0
rep2,1.1532,2271,0
rep2,1.1532,2272,0
rep2,1.1533,2273,0
rep2,1.1535,2274,0
rep2,1.1535,2275,0
rep2,1.1536,2276,0
rep2,1.1536,2277,0
rep2,1.1536,2278,0
rep2,1.1537,2279,0
rep2,1.1537,2280,0
rep2,1.1538,2281,0
rep2,1.1539,2282,0
rep2,1.154,2283,0
rep2,1.154,2284,0
rep2,1.1541,2285,0
rep2,1.1541,2286,0
rep2,1.1541,2287,0
rep2,1.1542,2288,0
rep2,1.1542,2289,0
rep2,1.1542,2290,0
rep2,1.1543,2291,0
rep2,1.1543,2292,0
rep2,1.1544,2293,0
rep2,1.1545,2294,0
rep2,1.1545,2295,0
rep2,1.1545,2296,0
rep2,1.1547,2297,0
rep2,1.1548,2298,0
rep2,1.1548,2299,0
rep2,1.1548,2300,0
rep2,1.1549,2301,0
rep2,1.155,2302,0
rep2,1.155,2303,0
rep2,1.155,2304,0
rep2,1.1552,2305,0
rep2,1.1552,2306,0
rep2,1.1552,2307,0
rep2,1.1553,2308,0
rep2,1.1553,2309,0
rep2,1.1553,2310,0
rep2,1.1554,2311,0
rep2,1.1555,2312,0
rep2,1.1555,2313,0
rep2,1.1555,2314,0
rep2,1.1557,2315,0
rep2,1.1558,2316,0
rep2,1.1558,2317,0
rep2,1.1559,2318,0
rep2,1.1559,2319,0
rep2,1.1561,2320,0
rep2,1.1562,2321,0
rep2,1.1562,2322,0
rep2,1.1562,2323,0
rep2,1.1563,2324,0
rep2,1.1565,2325,0
rep2,1.1565,2326,0
rep2,1.1565,2327,0
rep2,1.1565,2328,0
rep2,1.1566,2329,0
rep2,1.1566,2330,0
rep2,1.1568,2331,0
rep2,1.157,2332,0
rep2,1.1571,2333,0
rep2,1.1571,2334,0
rep2,1.1571,2335,0
rep2,1.1572,2336,0
rep2,1.1572,2337,0
rep2,1.1573,2338,0
rep2,1.1573,2339,0
rep2,1.1573,2340,0
rep2,1.1574,2341,0
rep2,1.1575,2342,0
rep2,1.1575,2343,0
rep2,1.1575,2344,0
rep2,1.1576,2345,0
rep2,1.1577,2346,0
rep2,1.1577,2347,0
rep2,1.1578,2348,0
rep2,1.1578,2349,0
rep2,1.1579,2350,0
rep2,1.1581,2351,0
rep2,1.1583,2352,0
rep2,1.1585,2353,0
rep2,1.1586,2354,0
rep2,1.1587,2355,0
rep2,1.1587,2356,0
rep2,1.1587,2357,0
rep2,1.1588,2358,0
rep2,1.1589,2359,0
rep2,1.1589,2360,0
rep2,1.159,2361,0
rep2,1.159,2362,0
rep2,1.159,2363,0
rep2,1.159,2364,0
rep2,1.1592,2365,0
rep2,1.1592,2366,0
rep2,1.1592,2367,0
rep2,1.1593,2368,0
rep2,1.1595,2369,0
rep2,1.1596,2370,0
rep2,1.1596,2371,0
rep2,1.1597,2372,0
rep2,1.1598,2373,0
rep2,1.1599,2374,0
rep2,1.16,2375,0
rep2,1.1601,2376,0
rep2,1.1602,2377,0
rep2,1.1602,2378,0
rep2,1.1603,2379,0
rep2,1.1603,2380,0
rep2,1.1604,2381,0
rep2,1.1604,2382,0
rep2,1.1605,2383,0
rep2,1.1605,2384,0
rep2,1.1605,2385,0
rep2,1.1606,2386,0
rep2,1.1606,2387,0
rep2,1.1607,2388,0
rep2,1.1608,2389,0
rep2,1.1608,2390,0
rep2,1.1609,2391,0
rep2,1.161,2392,0
rep2,1.1611,2393,0
rep2,1.1612,2394,0
rep2,1.1612,2395,0
rep2,1.1613,2396,0
rep2,1.1613,2397,0
rep2,1.1614,2398,0
rep2,1.1615,2399,0
rep2,1.1615,2400,0
rep2,1.1617,2401,0
rep2,1.1617,2402,0
rep2,1.1617,2403,0
rep2,1.1618,2404,0
rep2,1.1618,2405,0
rep2,1.1621,2406,0
rep2,1.1621,2407,0
rep2,1.1621,2408,0
rep2,1.1622,2409,0
rep2,1.1622,2410,0
rep2,1.1623,2411,0
rep2,1.1624,2412,0
rep2,1.1624,2413,0
rep2,1.1625,2414,0
rep2,1.1627,2415,0
rep2,1.1627,2416,0
rep2,1.1628,2417,0
rep2,1.1629,2418,0
rep2,1.1629,2419,0
rep2,1.163,2420,0
rep2,1.163,2421,0
rep2,1.1631,2422,0
rep2,1.1632,2423,0
rep2,1.1632,2424,0
rep2,1.1632,2425,0
rep2,1.1633,2426,0
rep2,1.1633,2427,0
rep2,1.1634,2428,0
rep2,1.1634,2429,0
rep2,1.1634,2430,0
rep2,1.1635,2431,0
rep2,1.1638,2432,0
rep2,1.1639,2433,0
rep2,1.164,2434,0
rep2,1.1641,2435,0
rep2,1.1642,2436,0
rep2,1.1643,2437,0
rep2,1.1643,2438,0
rep2,1.1644,2439,0
rep2,1.1644,2440,0
rep2,1.1644,2441,0
rep2,1.1645,2442,0
rep2,1.1646,2443,0
rep2,1.1646,2444,0
rep2,1.1646,2445,0
rep2,1.1647,2446,0
rep2,1.1648,2447,0
rep2,1.1648,2448,0
rep2,1.165,2449,0
rep2,1.165,2450,0
rep2,1.165,2451,0
rep2,1.165,2452,0
rep2,1.1651,2453,0
rep2,1.1651,2454,0
rep2,1.1652,2455,0
rep2,1.1652,2456,0
rep2,1.1653,2457,0
rep2,1.1654,2458,0
rep2,1.1654,2459,0
rep2,1.1656,2460,0
rep2,1.1656,2461,0
rep2,1.1657,2462,0
rep2,1.1658,2463,0
rep2,1.1658,2464,0
rep2,1.1658,2465,0
rep2,1.1659,2466,0
rep2,1.1659,2467,0
rep2,1.166,2468,0
rep2,1.1661,2469,0
rep2,1.1663,2470,0
rep2,1.1663,2471,0
rep2,1.1664,2472,0
rep2,1.1664,2473,0
rep2,1.1666,2474,0
rep2,1.1666,2475,0
rep2,1.1667,2476,0
rep2,1.1667,2477,0
rep2,1.1668,2478,0
rep2,1.1668,2479,0
rep2,1.167,2480,0
rep2,1.167,2481,0
rep2,1.1671,2482,0
rep2,1.1672,2483,0
rep2,1.1673,2484,0
rep2,1.1674,2485,0
rep2,1.1675,2486,0
rep2,1.1675,2487,0
rep2,1.1676,2488,0
rep2,1.1677,2489,0
rep2,1.1677,2490,0
rep2,1.1678,2491,0
rep2,1.1679,2492,0
rep2,1.168,2493,0
rep2,1.1681,2494,0
rep2,1.1681,2495,0
rep2,1.1686,2496,0
rep2,1.1688,2497,0
rep2,1.1688,2498,0
rep2,1.1688,2499,0
rep2,1.1689,2500,0
rep2,1.169,2501,0
rep2,1.169,2502,0
rep2,1.1691,2503,0
rep2,1.1693,2504,0
rep2,1.1694,2505,0
rep2,1.1694,2506,0
rep2,1.1695,2507,0
rep2,1.1695,2508,0
rep2,1.1695,2509,0
rep2,1.1696,2510,0
rep2,1.1697,2511,0
rep2,1.1698,2512,0
rep2,1.1699,2513,0
rep2,1.17,2514,0
rep2,1.1702,2515,0
rep2,1.1703,2516,0
rep2,1.1704,2517,0
rep2,1.1704,2518,0
rep2,1.1704,2519,0
rep2,1.1704,2520,0
rep2,1.1705,2521,0
rep2,1.1706,2522,0
rep2,1.1707,2523,0
rep2,1.1707,2524,0
rep2,1.1707,2525,0
rep2,1.1708,2526,0
rep2,1.1708,2527,0
rep2,1.1709,2528,0
rep2,1.171,2529,0
rep2,1.171,2530,0
rep2,1.1712,2531,0
rep2,1.1712,2532,0
rep2,1.1714,2533,0
rep2,1.1714,2534,0
rep2,1.1716,2535,0
rep2,1.1716,2536,0
rep2,1.172,2537,0
rep2,1.1721,2538,0
rep2,1.1722,2539,0
rep2,1.1722,2540,0
rep2,1.1723,2541,0
rep2,1.1723,2542,0
rep2,1.1723,2543,0
rep2,1.1724,2544,0
rep2,1.1724,2545,0
rep2,1.1726,2546,0
rep2,1.1726,2547,0
rep2,1.1727,2548,0
rep2,1.1727,2549,0
rep2,1.1728,2550,0
rep2,1.1729,2551,0
rep2,1.1729,2552,0
rep2,1.1729,2553,0
rep2,1.1729,2554,0
rep2,1.173,2555,0
rep2,1.1731,2556,0
rep2,1.1731,2557,0
rep2,1.1733,2558,0
rep2,1.1733,2559,0
rep2,1.1734,2560,0
rep2,1.1734,2561,0
rep2,1.1735,2562,0
rep2,1.1736,2563,0
rep2,1.1736,2564,0
rep2,1.1737,2565,0
rep2,1.1737,2566,0
rep2,1.1738,2567,0
rep2,1.1739,2568,0
rep2,1.174,2569,0
rep2,1.174,2570,0
rep2,1.1741,2571,0
rep2,1.1742,2572,0
rep2,1.1743,2573,0
rep2,1.1743,2574,0
rep2,1.1743,2575,0
rep2,1.1744,2576,0
rep2,1.1744,2577,0
rep2,1.1746,2578,0
rep2,1.1748,2579,0
rep2,1.1749,2580,0
rep2,1.1749,2581,0
rep2,1.175,2582,0
rep2,1.175,2583,0
rep2,1.1751,2584,0
rep2,1.1752,2585,0
rep2,1.1752,2586,0
rep2,1.1752,2587,0
rep2,1.1754,2588,0
rep2,1.1754,2589,0
rep2,1.1755,2590,0
rep2,1.1756,2591,0
rep2,1.1756,2592,0
rep2,1.1756,2593,0
rep2,1.1758,2594,0
rep2,1.1758,2595,0
rep2,1.1759,2596,0
rep2,1.1759,2597,0
rep2,1.176,2598,0
rep2,1.1761,2599,0
rep2,1.1762,2600,0
rep2,1.1763,2601,0
rep2,1.1763,2602,0
rep2,1.1764,2603,0
rep2,1.1765,2604,0
rep2,1.1765,2605,0
rep2,1.1766,2606,0
rep2,1.1766,2607,0
rep2,1.1767,2608,0
rep2,1.1771,2609,0
rep2,1.1771,2610,0
rep2,1.1772,2611,0
rep2,1.1773,2612,0
rep2,1.1773,2613,0
rep2,1.1774,2614,0
rep2,1.1774,2615,0
rep2,1.1774,2616,0
rep2,1.1775,2617,0
rep2,1.1777,2618,0
rep2,1.1778,2619,0
rep2,1.1779,2620,0
rep2,1.1779,2621,0
rep2,1.178,2622,0
rep2,1.178,2623,0
rep2,1.178,2624,0
rep2,1.1781,2625,0
rep2,1.1781,2626,0
rep2,1.1782,2627,0
rep2,1.1783,2628,0
rep2,1.1783,2629,0
rep2,1.1783,2630,0
rep2,1.1784,2631,0
rep2,1.1785,2632,0
rep2,1.1786,2633,0
rep2,1.1787,2634,0
rep2,1.1788,2635,0
rep2,1.1788,2636,0
rep2,1.1788,2637,0
rep2,1.1789,2638,0
rep2,1.1789,2639,0
rep2,1.1789,2640,0
rep2,1.179,2641,0
rep2,1.179,2642,0
rep2,1.179,2643,0
rep2,1.1791,2644,0
rep2,1.1791,2645,0
rep2,1.1792,2646,0
rep2,1.1793,2647,0
rep2,1.1794,2648,0
rep2,1.1794,2649,0
rep2,1.1797,2650,0
rep2,1.1797,2651,0
rep2,1.1798,2652,0
rep2,1.1798,2653,0
rep2,1.18,2654,0
rep2,1.1803,2655,0
rep2,1.1803,2656,0
rep2,1.1804,2657,0
rep2,1.1804,2658,0
rep2,1.1804,2659,0
rep2,1.1807,2660,0
rep2,1.1807,2661,0
rep2,1.1807,2662,0
rep2,1.1808,2663,0
rep2,1.1808,2664,0
rep2,1.1809,2665,0
rep2,1.1809,2666,0
rep2,1.1809,2667,0
rep2,1.1809,2668,0
rep2,1.181,2669,0
rep2,1.181,2670,0
rep2,1.181,2671,0
rep2,1.181,2672,0
rep2,1.1812,2673,0
rep2,1.1812,2674,0
rep2,1.1812,2675,0
rep2,1.1813,2676,0
rep2,1.1813,2677,0
rep2,1.1814,2678,0
rep2,1.1815,2679,0
rep2,1.1815,2680,0
rep2,1.1817,2681,0
rep2,1.1817,2682,0
rep2,1.1819,2683,0
rep2,1.1819,2684,0
rep2,1.1819,2685,0
rep2,1.182,2686,0
rep2,1.182,2687,0
rep2,1.1821,2688,0
rep2,1.1821,2689,0
rep2,1.1821,2690,0
rep2,1.1821,2691,0
rep2,1.1822,2692,0
rep2,1.1822,2693,0
rep2,1.1823,2694,0
rep2,1.1823,2695,0
rep2,1.1823,2696,0
rep2,1.1825,2697,0
rep2,1.1825,2698,0
rep2,1.1826,2699,0
rep2,1.1827,2700,0
rep2,1.1827,2701,0
rep2,1.1829,2702,0
rep2,1.1829,2703,0
rep2,1.1829,2704,0
rep2,1.183,2705,0
rep2,1.183,2706,0
rep2,1.1831,2707,0
rep2,1.1831,2708,0
rep2,1.1832,2709,0
rep2,1.1833,2710,0
rep2,1.1834,2711,0
rep2,1.1834,2712,0
rep2,1.1836,2713,0
rep2,1.1836,2714,0
rep2,1.1837,2715,0
rep2,1.1837,2716,0
rep2,1.1838,2717,0
rep2,1.1839,2718,0
rep2,1.1839,2719,0
rep2,1.1839,2720,0
rep2,1.1839,2721,0
rep2,1.1839,2722,0
rep2,1.1839,2723,0
rep2,1.1841,2724,0
rep2,1.1841,2725,0
rep2,1.1842,2726,0
rep2,1.1843,2727,0
rep2,1.1844,2728,0
rep2,1.1844,2729,0
rep2,1.1844,2730,0
rep2,1.1845,2731,0
rep2,1.1845,2732,0
rep2,1.1845,2733,0
rep2,1.1846,2734,0
rep2,1.1846,2735,0
rep2,1.1847,2736,0
rep2,1.1848,2737,0
rep2,1.1848,2738,0
rep2,1.1848,2739,0
rep2,1.1849,2740,0
rep2,1.1849,2741,0
rep2,1.1849,2742,0
rep2,1.185,2743,0
rep2,1.185,2744,0
rep2,1.185,2745,0
rep2,1.1851,2746,0
rep2,1.1853,2747,0
rep2,1.1854,2748,0
rep2,1.1854,2749,0
rep2,1.1855,2750,0
rep2,1.1855,2751,0
rep2,1.1855,2752,0
rep2,1.1856,2753,0
rep2,1.1856,2754,0
rep2,1.1857,2755,0
rep2,1.1859,2756,0
rep2,1.1859,2757,0
rep2,1.1859,2758,0
rep2,1.1861,2759,0
rep2,1.1861,2760,0
rep2,1.1862,2761,0
rep2,1.1863,2762,0
rep2,1.1865,2763,0
rep2,1.1865,2764,0
rep2,1.1867,2765,0
rep2,1.1868,2766,0
rep2,1.1868,2767,0
rep2,1.1868,2768,0
rep2,1.1869,2769,0
rep2,1.1869,2770,0
rep2,1.1869,2771,0
rep2,1.1871,2772,0
rep2,1.1871,2773,0
rep2,1.1872,2774,0
rep2,1.1872,2775,0
rep2,1.1872,2776,0
rep2,1.1873,2777,0
rep2,1.1874,2778,0
rep2,1.1875,2779,0
rep2,1.1875,2780,0
rep2,1.1876,2781,0
rep2,1.1876,2782,0
rep2,1.1877,2783,0
rep2,1.1878,2784,0
rep2,1.1878,2785,0
rep2,1.1879,2786,0
rep2,1.188,2787,0
rep2,1.1881,2788,0
rep2,1.1882,2789,0
rep2,1.1882,2790,0
rep2,1.1883,2791,0
rep2,1.1883,2792,0
rep2,1.1883,2793,0
rep2,1.1885,2794,0
rep2,1.1885,2795,0
rep2,1.1886,2796,0
rep2,1.1886,2797,0
rep2,1.189,2798,0
rep2,1.189,2799,0
rep2,1.189,2800,0
rep2,1.1892,2801,0
rep2,1.1892,2802,0
rep2,1.1892,2803,0
rep2,1.1893,2804,0
rep2,1.1894,2805,0
rep2,1.1894,2806,0
rep2,1.1896,2807,0
rep2,1.1897,2808,0
rep2,1.1897,2809,0
rep2,1.1897,2810,0
rep2,1.1898,2811,0
rep2,1.1898,2812,0
rep2,1.19,2813,0
rep2,1.19,2814,0
rep2,1.1902,2815,0
rep2,1.1902,2816,0
rep2,1.1902,2817,0
rep2,1.1904,2818,0
rep2,1.1905,2819,0
rep2,1.1906,2820,0
rep2,1.1906,2821,0
rep2,1.1907,2822,0
rep2,1.1907,2823,0
rep2,1.1907,2824,0
rep2,1.1907,2825,0
rep2,1.191,2826,0
rep2,1.191,2827,0
rep2,1.191,2828,0
rep2,1.1911,2829,0
rep2,1.1911,2830,0
rep2,1.1912,2831,0
rep2,1.1914,2832,0
rep2,1.1914,2833,0
rep2,1.1916,2834,0
rep2,1.1917,2835,0
rep2,1.1918,2836,0
rep2,1.1918,2837,0
rep2,1.1919,2838,0
rep2,1.1919,2839,0
rep2,1.192,2840,0
rep2,1.192,2841,0
rep2,1.1921,2842,0
rep2,1.1922,2843,0
rep2,1.1923,2844,0
rep2,1.1923,2845,0
rep2,1.1923,2846,0
rep2,1.1924,2847,0
rep2,1.1925,2848,0
rep2,1.1927,2849,0
rep2,1.1927,2850,0
rep2,1.1929,2851,0
rep2,1.1929,2852,0
rep2,1.193,2853,0
rep2,1.193,2854,0
rep2,1.1931,2855,0
rep2,1.1931,2856,0
rep2,1.1932,2857,0
rep2,1.1932,2858,0
rep2,1.1933,2859,0
rep2,1.1933,2860,0
rep2,1.1933,2861,0
rep2,1.1934,2862,0
rep2,1.1935,2863,0
rep2,1.1935,2864,0
rep2,1.1936,2865,0
rep2,1.1936,2866,0
rep2,1.1937,2867,0
rep2,1.1938,2868,0
rep2,1.1938,2869,0
rep2,1.1938,2870,0
rep2,1.1939,2871,0
rep2,1.1939,2872,0
rep2,1.194,2873,0
rep2,1.194,2874,0
rep2,1.1941,2875,0
rep2,1.1942,2876,0
rep2,1.1943,2877,0
rep2,1.1943,2878,0
rep2,1.1944,2879,0
rep2,1.1944,2880,0
rep2,1.1945,2881,0
rep2,1.1946,2882,0
rep2,1.1946,2883,0
rep2,1.1946,2884,0
rep2,1.1948,2885,0
rep2,1.1949,2886,0
rep2,1.195,2887,0
rep2,1.195,2888,0
rep2,1.1951,2889,0
rep2,1.1952,2890,0
rep2,1.1952,2891,0
rep2,1.1953,2892,0
rep2,1.1953,2893,0
rep2,1.1954,2894,0
rep2,1.1954,2895,0
rep2,1.1957,2896,0
rep2,1.1957,2897,0
rep2,1.1958,2898,0
rep2,1.1959,2899,0
rep2,1.196,2900,0
rep2,1.1962,2901,0
rep2,1.1962,2902,0
rep2,1.1962,2903,0
rep2,1.1962,2904,0
rep2,1.1963,2905,0
rep2,1.1964,2906,0
rep2,1.1964,2907,0
rep2,1.1964,2908,0
rep2,1.1965,2909,0
rep2,1.1966,2910,0
rep2,1.1967,2911,0
rep2,1.1968,2912,0
rep2,1.1971,2913,0
rep2,1.1973,2914,0
rep2,1.1973,2915,0
rep2,1.1973,2916,0
rep2,1.1974,2917,0
rep2,1.1977,2918,0
rep2,1.1978,2919,0
rep2,1.1978,2920,0
rep2,1.198,2921,0
rep2,1.1981,2922,0
rep2,1.1981,2923,0
rep2,1.1982,2924,0
rep2,1.1982,2925,0
rep2,1.1983,2926,0
rep2,1.1983,2927,0
rep2,1.1983,2928,0
rep2,1.1986,2929,0
rep2,1.1987,2930,0
rep2,1.1987,2931,0
rep2,1.1987,2932,0
rep2,1.1988,2933,0
rep2,1.1989,2934,0
rep2,1.199,2935,0
rep2,1.1992,2936,0
rep2,1.1994,2937,0
rep2,1.1994,2938,0
rep2,1.1994,2939,0
rep2,1.1995,2940,0
rep2,1.1995,2941,0
rep2,1.1997,2942,0
rep2,1.1997,2943,0
rep2,1.1997,2944,0
rep2,1.1998,2945,0
rep2,1.1998,2946,0
rep2,1.1998,2947,0
rep2,1.2,2948,0
rep2,1.2001,2949,0
rep2,1.2001,2950,0
rep2,1.2002,2951,0
rep2,1.2005,2952,0
rep2,1.2005,2953,0
rep2,1.2006,2954,0
rep2,1.2006,2955,0
rep2,1.2008,2956,0
rep2,1.2008,2957,0
rep2,1.2008,2958,0
rep2,1.2009,2959,0
rep2,1.2011,2960,0
rep2,1.2012,2961,0
rep2,1.2013,2962,0
rep2,1.2013,2963,0
rep2,1.2013,2964,0
rep2,1.2014,2965,0
rep2,1.2015,2966,0
rep2,1.2015,2967,0
rep2,1.2015,2968,0
rep2,1.2017,2969,0
rep2,1.2018,2970,0
rep2,1.2018,2971,0
rep2,1.2018,2972,0
rep2,1.2019,2973,0
rep2,1.202,2974,0
rep2,1.2021,2975,0
rep2,1.2021,2976,0
rep2,1.2022,2977,0
rep2,1.2024,2978,0
rep2,1.2026,2979,0
rep2,1.2027,2980,0
rep2,1.2027,2981,0
rep2,1.2028,2982,0
rep2,1.2028,2983,0
rep2,1.2028,2984,0
rep2,1.2029,2985,0
rep2,1.2029,2986,0
rep2,1.2029,2987,0
rep2,1.2029,2988,0
rep2,1.203,2989,0
rep2,1.203,2990,0
rep2,1.2031,2991,0
rep2,1.2031,2992,0
rep2,1.2032,2993,0
rep2,1.2032,2994,0
rep2,1.2035,2995,0
rep2,1.2035,2996,0
rep2,1.2038,2997,0
rep2,1.2039,2998,0
rep2,1.204,2999,0
rep2,1.204,3000,0
rep2,1.2042,3001,0
rep2,1.2043,3002,0
rep2,1.2044,3003,0
rep2,1.2046,3004,0
rep2,1.2046,3005,0
rep2,1.2051,3006,0
rep2,1.2051,3007,0
rep2,1.2052,3008,0
rep2,1.2053,3009,0
rep2,1.2054,3010,0
rep2,1.2054,3011,0
rep2,1.2055,3012,0
rep2,1.2056,3013,0
rep2,1.2057,3014,0
rep2,1.2057,3015,0
rep2,1.2058,3016,0
rep2,1.2058,3017,0
rep2,1.206,3018,0
rep2,1.2061,3019,0
rep2,1.2061,3020,0
rep2,1.2063,3021,0
rep2,1.2063,3022,0
rep2,1.2064,3023,0
rep2,1.2065,3024,0
rep2,1.2066,3025,0
rep2,1.2066,3026,0
rep2,1.2068,3027,0
rep2,1.2068,3028,0
rep2,1.2068,3029,0
rep2,1.2069,3030,0
rep2,1.207,3031,0
rep2,1.2071,3032,0
rep2,1.2071,3033,0
rep2,1.2072,3034,0
rep2,1.2073,3035,0
rep2,1.2073,3036,0
rep2,1.2074,3037,0
rep2,1.2075,3038,0
rep2,1.2075,3039,0
rep2,1.2075,3040,0
rep2,1.2075,3041,0
rep2,1.2076,3042,0
rep2,1.2077,3043,0
rep2,1.2078,3044,0
rep2,1.2079,3045,0
rep2,1.2081,3046,0
rep2,1.2082,3047,0
rep2,1.2083,3048,0
rep2,1.2083,3049,0
rep2,1.2084,3050,0
rep2,1.2085,3051,0
rep2,1.2086,3052,0
rep2,1.2087,3053,0
rep2,1.209,3054,0
rep2,1.2091,3055,0
rep2,1.2091,3056,0
rep2,1.2092,3057,0
rep2,1.2093,3058,0
rep2,1.2094,3059,0
rep2,1.2095,3060,0
rep2,1.2096,3061,0
rep2,1.2097,3062,0
rep2,1.2099,3063,0
rep2,1.2099,3064,0
rep2,1.2102,3065,0
rep2,1.2103,3066,0
rep2,1.2107,3067,0
rep2,1.2107,3068,0
rep2,1.2107,3069,0
rep2,1.2108,3070,0
rep2,1.2109,3071,0
rep2,1.211,3072,0
rep2,1.2113,3073,0
rep2,1.2113,3074,0
rep2,1.2113,3075,0
rep2,1.2114,3076,0
rep2,1.2115,3077,0
rep2,1.2116,3078,0
rep2,1.2116,3079,0
rep2,1.2116,3080,0
rep2,1.2117,3081,0
rep2,1.2117,3082,0
rep2,1.2117,3083,0
rep2,1.2121,3084,0
rep2,1.2122,3085,0
rep2,1.2123,3086,0
rep2,1.2124,3087,0
rep2,1.2126,3088,0
rep2,1.2126,3089,0
rep2,1.2127,3090,0
rep2,1.2128,3091,0
rep2,1.213,3092,0
rep2,1.213,3093,0
rep2,1.2131,3094,0
rep2,1.2132,3095,0
rep2,1.2133,3096,0
rep2,1.2133,3097,0
rep2,1.2134,3098,0
rep2,1.2134,3099,0
rep2,1.2134,3100,0
rep2,1.2135,3101,0
rep2,1.2136,3102,0
rep2,1.2136,3103,0
rep2,1.2137,3104,0
rep2,1.2137,3105,0
rep2,1.2137,3106,0
rep2,1.2138,3107,0
rep2,1.2138,3108,0
rep2,1.2138,3109,0
rep2,1.2139,3110,0
rep2,1.214,3111,0
rep2,1.214,3112,0
rep2,1.2141,3113,0
rep2,1.2141,3114,0
rep2,1.2141,3115,0
rep2,1.2142,3116,0
rep2,1.2143,3117,0
rep2,1.2144,3118,0
rep2,1.2144,3119,0
rep2,1.2145,3120,0
rep2,1.2145,3121,0
rep2,1.2147,3122,0
rep2,1.2147,3123,0
rep2,1.2148,3124,0
rep2,1.2148,3125,0
rep2,1.2149,3126,0
rep2,1.215,3127,0
rep2,1.2151,3128,0
rep2,1.2152,3129,0
rep2,1.2152,3130,0
rep2,1.2152,3131,0
rep2,1.2153,3132,0
rep2,1.2153,3133,0
rep2,1.2154,3134,0
rep2,1.2156,3135,0
rep2,1.2157,3136,0
rep2,1.2157,3137,0
rep2,1.2158,3138,0
rep2,1.2158,3139,0
rep2,1.2159,3140,0
rep2,1.216,3141,0
rep2,1.216,3142,0
rep2,1.2162,3143,0
rep2,1.2162,3144,0
rep2,1.2163,3145,0
rep2,1.2163,3146,0
rep2,1.2164,3147,0
rep2,1.2165,3148,0
rep2,1.2166,3149,0
rep2,1.2166,3150,0
rep2,1.2168,3151,0
rep2,1.2168,3152,0
rep2,1.2169,3153,0
rep2,1.2169,3154,0
rep2,1.217,3155,0
rep2,1.217,3156,0
rep2,1.2172,3157,0
rep2,1.2175,3158,0
rep2,1.2175,3159,0
rep2,1.2175,3160,0
rep2,1.2176,3161,0
rep2,1.2176,3162,0
rep2,1.2177,3163,0
rep2,1.2178,3164,0
rep2,1.2178,3165,0
rep2,1.2179,3166,0
rep2,1.218,3167,0
rep2,1.218,3168,0
rep2,1.218,3169,0
rep2,1.218,3170,0
rep2,1.2181,3171,0
rep2,1.2183,3172,0
rep2,1.2183,3173,0
rep2,1.2183,3174,0
rep2,1.2183,3175,0
rep2,1.2184,3176,0
rep2,1.2185,3177,0
rep2,1.2185,3178,0
rep2,1.2185,3179,0
rep2,1.2186,3180,0
rep2,1.2187,3181,0
rep2,1.2187,3182,0
rep2,1.2187,3183,0
rep2,1.2188,3184,0
rep2,1.2188,3185,0
rep2,1.2188,3186,0
rep2,1.219,3187,0
rep2,1.219,3188,0
rep2,1.2191,3189,0
rep2,1.2192,3190,0
rep2,1.2192,3191,0
rep2,1.2194,3192,0
rep2,1.2194,3193,0
rep2,1.2195,3194,0
rep2,1.2196,3195,0
rep2,1.2196,3196,0
rep2,1.2197,3197,0
rep2,1.2197,3198,0
rep2,1.2199,3199,0
rep2,1.2199,3200,0
rep2,1.22,3201,0
rep2,1.2202,3202,0
rep2,1.2202,3203,0
rep2,1.2204,3204,0
rep2,1.2204,3205,0
rep2,1.2205,3206,0
rep2,1.2205,3207,0
rep2,1.2206,3208,0
rep2,1.2207,3209,0
rep2,1.2207,3210,0
rep2,1.2208,3211,0
rep2,1.2211,3212,0
rep2,1.2215,3213,0
rep2,1.2217,3214,0
rep2,1.2218,3215,0
rep2,1.2219,3216,0
rep2,1.2219,3217,0
rep2,1.2221,3218,0
rep2,1.2221,3219,0
rep2,1.2222,3220,0
rep2,1.2223,3221,0
rep2,1.2224,3222,0
rep2,1.2224,3223,0
rep2,1.2225,3224,0
rep2,1.2225,3225,0
rep2,1.2225,3226,0
rep2,1.2225,3227,0
rep2,1.2226,3228,0
rep2,1.2226,3229,0
rep2,1.2227,3230,0
rep2,1.2228,3231,0
rep2,1.2228,3232,0
rep2,1.2229,3233,0
rep2,1.2229,3234,0
rep2,1.223,3235,0
rep2,1.2231,3236,0
rep2,1.2232,3237,0
rep2,1.2232,3238,0
rep2,1.2234,3239,0
rep2,1.2235,3240,0
rep2,1.2235,3241,0
rep2,1.2236,3242,0
rep2,1.2236,3243,0
rep2,1.2237,3244,0
rep2,1.2237,3245,0
rep2,1.2238,3246,0
rep2,1.2241,3247,0
rep2,1.2241,3248,0
rep2,1.2243,3249,0
rep2,1.2246,3250,0
rep2,1.2247,3251,0
rep2,1.2248,3252,0
rep2,1.225,3253,0
rep2,1.225,3254,0
rep2,1.225,3255,0
rep2,1.225,3256,0
rep2,1.225,3257,0
rep2,1.2251,3258,0
rep2,1.2252,3259,0
rep2,1.2253,3260,0
rep2,1.2254,3261,0
rep2,1.2256,3262,0
rep2,1.2258,3263,0
rep2,1.2259,3264,0
rep2,1.226,3265,0
rep2,1.226,3266,0
rep2,1.2262,3267,0
rep2,1.2262,3268,0
rep2,1.2263,3269,0
rep2,1.2264,3270,0
rep2,1.2264,3271,0
rep2,1.2264,3272,0
rep2,1.2265,3273,0
rep2,1.2268,3274,0
rep2,1.2269,3275,0
rep2,1.2269,3276,0
rep2,1.227,3277,0
rep2,1.227,3278,0
rep2,1.227,3279,0
rep2,1.2271,3280,0
rep2,1.2271,3281,0
rep2,1.2272,3282,0
rep2,1.2274,3283,0
rep2,1.2276,3284,0
rep2,1.2276,3285,0
rep2,1.2277,3286,0
rep2,1.2277,3287,0
rep2,1.2278,3288,0
rep2,1.2278,3289,0
rep2,1.2279,3290,0
rep2,1.228,3291,0
rep2,1.2281,3292,0
rep2,1.2282,3293,0
rep2,1.2282,3294,0
rep2,1.2282,3295,0
rep2,1.2283,3296,0
rep2,1.2284,3297,0
rep2,1.2284,3298,0
rep2,1.2284,3299,0
rep2,1.2285,3300,0
rep2,1.2285,3301,0
rep2,1.2285,3302,0
rep2,1.2285,3303,0
rep2,1.2286,3304,0
rep2,1.2286,3305,0
rep2,1.2287,3306,0
rep2,1.2289,3307,0
rep2,1.2291,3308,0
rep2,1.2292,3309,0
rep2,1.2292,3310,0
rep2,1.2293,3311,0
rep2,1.2294,3312,0
rep2,1.2294,3313,0
rep2,1.2296,3314,0
rep2,1.2296,3315,0
rep2,1.2297,3316,0
rep2,1.2297,3317,0
rep2,1.2298,3318,0
rep2,1.2301,3319,0
rep2,1.2301,3320,0
rep2,1.2301,3321,0
rep2,1.2302,3322,0
rep2,1.2302,3323,0
rep2,1.2303,3324,0
rep2,1.2303,3325,0
rep2,1.2304,3326,0
rep2,1.2304,3327,0
rep2,1.2304,3328,0
rep2,1.2305,3329,0
rep2,1.2305,3330,0
rep2,1.2306,3331,0
rep2,1.2306,3332,0
rep2,1.2307,3333,0
rep2,1.2308,3334,0
rep2,1.2308,3335,0
rep2,1.2309,3336,0
rep2,1.231,3337,0
rep2,1.231,3338,0
rep2,1.2311,3339,0
rep2,1.2312,3340,0
rep2,1.2312,3341,0
rep2,1.2313,3342,0
rep2,1.2313,3343,0
rep2,1.2313,3344,0
rep2,1.2314,3345,0
rep2,1.2314,3346,0
rep2,1.2314,3347,0
rep2,1.2315,3348,0
rep2,1.2316,3349,0
rep2,1.2316,3350,0
rep2,1.2316,3351,0
rep2,1.232,3352,0
rep2,1.2322,3353,0
rep2,1.2322,3354,0
rep2,1.2323,3355,0
rep2,1.2323,3356,0
rep2,1.2323,3357,0
rep2,1.2323,3358,0
rep2,1.2324,3359,0
rep2,1.2326,3360,0
rep2,1.2326,3361,0
rep2,1.2327,3362,0
rep2,1.2328,3363,0
rep2,1.233,3364,0
rep2,1.2333,3365,0
rep2,1.2333,3366,0
rep2,1.2334,3367,0
rep2,1.2334,3368,0
rep2,1.2335,3369,0
rep2,1.2335,3370,0
rep2,1.2335,3371,0
rep2,1.2336,3372,0
rep2,1.2336,3373,0
rep2,1.2337,3374,0
rep2,1.2338,3375,0
rep2,1.2341,3376,0
rep2,1.2341,3377,0
rep2,1.2341,3378,0
rep2,1.2342,3379,0
rep2,1.2342,3380,0
rep2,1.2342,3381,0
rep2,1.2345,3382,0
rep2,1.2346,3383,0
rep2,1.2347,3384,0
rep2,1.2347,3385,0
rep2,1.2348,3386,0
rep2,1.2348,3387,0
rep2,1.235,3388,0
rep2,1.235,3389,0
rep2,1.235,3390,0
rep2,1.235,3391,0
rep2,1.235,3392,0
rep2,1.2351,3393,0
rep2,1.2354,3394,0
rep2,1.2354,3395,0
rep2,1.2355,3396,0
rep2,1.2355,3397,0
rep2,1.2356,3398,0
rep2,1.2357,3399,0
rep2,1.2359,3400,0
rep2,1.2359,3401,0
rep2,1.2361,3402,0
rep2,1.2361,3403,0
rep2,1.2361,3404,0
rep2,1.2362,3405,0
rep2,1.2362,3406,0
rep2,1.2363,3407,0
rep2,1.2363,3408,0
rep2,1.2365,3409,0
rep2,1.2366,3410,0
rep2,1.2367,3411,0
rep2,1.2369,3412,0
rep2,1.237,3413,0
rep2,1.237,3414,0
rep2,1.2371,3415,0
rep2,1.2371,3416,0
rep2,1.2373,3417,0
rep2,1.2376,3418,0
rep2,1.2379,3419,0
rep2,1.238,3420,0
rep2,1.2381,3421,0
rep2,1.2381,3422,0
rep2,1.2383,3423,0
rep2,1.2383,3424,0
rep2,1.2383,3425,0
rep2,1.2384,3426,0
rep2,1.2385,3427,0
rep2,1.2386,3428,0
rep2,1.2387,3429,0
rep2,1.2387,3430,0
rep2,1.2388,3431,0
rep2,1.2389,3432,0
rep2,1.239,3433,0
rep2,1.2391,3434,0
rep2,1.2392,3435,0
rep2,1.2392,3436,0
rep2,1.2392,3437,0
rep2,1.2393,3438,0
rep2,1.2394,3439,0
rep2,1.2397,3440,0
rep2,1.2397,3441,0
rep2,1.2398,3442,0
rep2,1.2399,3443,0
rep2,1.2403,3444,0
rep2,1.2403,3445,0
rep2,1.2403,3446,0
rep2,1.2403,3447,0
rep2,1.2405,3448,0
rep2,1.2405,3449,0
rep2,1.2406,3450,0
rep2,1.2406,3451,0
rep2,1.2406,3452,0
rep2,1.2407,3453,0
rep2,1.2408,3454,0
rep2,1.2408,3455,0
rep2,1.2409,3456,0
rep2,1.241,3457,0
rep2,1.241,3458,0
rep2,1.2411,3459,0
rep2,1.2413,3460,0
rep2,1.2413,3461,0
rep2,1.2414,3462,0
rep2,1.2414,3463,0
rep2,1.2414,3464,0
rep2,1.2414,3465,0
rep2,1.2415,3466,0
rep2,1.2415,3467,0
rep2,1.2416,3468,0
rep2,1.2417,3469,0
rep2,1.2417,3470,0
rep2,1.2418,3471,0
rep2,1.2418,3472,0
rep2,1.2418,3473,0
rep2,1.2419,3474,0
rep2,1.2419,3475,0
rep2,1.242,3476,0
rep2,1.242,3477,0
rep2,1.2421,3478,0
rep2,1.2421,3479,0
rep2,1.2422,3480,0
rep2,1.2423,3481,0
rep2,1.2423,3482,0
rep2,1.2423,3483,0
rep2,1.2424,3484,0
rep2,1.2426,3485,0
rep2,1.243,3486,0
rep2,1.2431,3487,0
rep2,1.2431,3488,0
rep2,1.2432,3489,0
rep2,1.2432,3490,0
rep2,1.2432,3491,0
rep2,1.2434,3492,0
rep2,1.2437,3493,0
rep2,1.2437,3494,0
rep2,1.2437,3495,0
rep2,1.2441,3496,0
rep2,1.2441,3497,0
rep2,1.2442,3498,0
rep2,1.2443,3499,0
rep2,1.2443,3500,0
rep2,1.2444,3501,0
rep2,1.2445,3502,0
rep2,1.2445,3503,0
rep2,1.2445,3504,0
rep2,1.2447,3505,0
rep2,1.2448,3506,0
rep2,1.2448,3507,0
rep2,1.2449,3508,0
rep2,1.2449,3509,0
rep2,1.245,3510,0
rep2,1.2451,3511,0
rep2,1.2451,3512,0
rep2,1.2452,3513,0
rep2,1.2453,3514,0
rep2,1.2455,3515,0
rep2,1.2455,3516,0
rep2,1.2455,3517,0
rep2,1.2455,3518,0
rep2,1.2456,3519,0
rep2,1.2456,3520,0
rep2,1.2457,3521,0
rep2,1.2457,3522,0
rep2,1.2458,3523,0
rep2,1.2458,3524,0
rep2,1.2461,3525,0
rep2,1.2461,3526,0
rep2,1.2463,3527,0
rep2,1.2465,3528,0
rep2,1.2466,3529,0
rep2,1.2467,3530,0
rep2,1.2467,3531,0
rep2,1.2467,3532,0
rep2,1.247,3533,0
rep2,1.2472,3534,0
rep2,1.2472,3535,0
rep2,1.2473,3536,0
rep2,1.2474,3537,0
rep2,1.2475,3538,0
rep2,1.2475,3539,0
rep2,1.2475,3540,0
rep2,1.2476,3541,0
rep2,1.2476,3542,0
rep2,1.2476,3543,0
rep2,1.2477,3544,0
rep2,1.2478,3545,0
rep2,1.2479,3546,0
rep2,1.2479,3547,0
rep2,1.2479,3548,0
rep2,1.2481,3549,0
rep2,1.2482,3550,0
rep2,1.2482,3551,0
rep2,1.2482,3552,0
rep2,1.2483,3553,0
rep2,1.2484,3554,0
rep2,1.2487,3555,0
rep2,1.2488,3556,0
rep2,1.2488,3557,0
rep2,1.2489,3558,0
rep2,1.2491,3559,0
rep2,1.2492,3560,0
rep2,1.2492,3561,0
rep2,1.2494,3562,0
rep2,1.2494,3563,0
rep2,1.2495,3564,0
rep2,1.2497,3565,0
rep2,1.2499,3566,0
rep2,1.2499,3567,0
rep2,1.2503,3568,0
rep2,1.2503,3569,0
rep2,1.2504,3570,0
rep2,1.2504,3571,0
rep2,1.2505,3572,0
rep2,1.2505,3573,0
rep2,1.2505,3574,0
rep2,1.2505,3575,0
rep2,1.2506,3576,0
rep2,1.2506,3577,0
rep2,1.2507,3578,0
rep2,1.2507,3579,0
rep2,1.2508,3580,0
rep2,1.2509,3581,0
rep2,1.2509,3582,0
rep2,1.251,3583,0
rep2,1.2511,3584,0
rep2,1.2511,3585,0
rep2,1.2513,3586,0
rep2,1.2514,3587,0
rep2,1.2515,3588,0
rep2,1.2516,3589,0
rep2,1.2517,3590,0
rep2,1.2518,3591,0
rep2,1.2518,3592,0
rep2,1.2518,3593,0
rep2,1.2518,3594,0
rep2,1.2521,3595,0
rep2,1.2522,3596,0
rep2,1.2524,3597,0
rep2,1.2525,3598,0
rep2,1.2525,3599,0
rep2,1.2526,3600,0
rep2,1.2527,3601,0
rep2,1.2527,3602,0
rep2,1.2528,3603,0
rep2,1.2529,3604,0
rep2,1.2529,3605,0
rep2,1.253,3606,0
rep2,1.253,3607,0
rep2,1.2533,3608,0
rep2,1.2534,3609,0
rep2,1.2537,3610,0
rep2,1.2537,3611,0
rep2,1.2538,3612,0
rep2,1.2538,3613,0
rep2,1.2539,3614,0
rep2,1.2541,3615,0
rep2,1.2541,3616,0
rep2,1.2542,3617,0
rep2,1.2543,3618,0
rep2,1.2543,3619,0
rep2,1.2543,3620,0
rep2,1.2545,3621,0
rep2,1.2545,3622,0
rep2,1.2546,3623,0
rep2,1.2547,3624,0
rep2,1.2548,3625,0
rep2,1.2548,3626,0
rep2,1.2549,3627,0
rep2,1.255,3628,0
rep2,1.255,3629,0
rep2,1.255,3630,0
rep2,1.2551,3631,0
rep2,1.2551,3632,0
rep2,1.2551,3633,0
rep2,1.2552,3634,0
rep2,1.2553,3635,0
rep2,1.2553,3636,0
rep2,1.2554,3637,0
rep2,1.2558,3638,0
rep2,1.2559,3639,0
rep2,1.2559,3640,0
rep2,1.2559,3641,0
rep2,1.256,3642,0
rep2,1.2561,3643,0
rep2,1.2562,3644,0
rep2,1.2563,3645,0
rep2,1.2564,3646,0
rep2,1.2566,3647,0
rep2,1.2567,3648,0
rep2,1.2568,3649,0
rep2,1.2568,3650,0
rep2,1.2568,3651,0
rep2,1.2569,3652,0
rep2,1.2569,3653,0
rep2,1.2573,3654,0
rep2,1.2574,3655,0
rep2,1.2574,3656,0
rep2,1.2574,3657,0
rep2,1.2574,3658,0
rep2,1.2575,3659,0
rep2,1.2575,3660,0
rep2,1.2581,3661,0
rep2,1.2581,3662,0
rep2,1.2584,3663,0
rep2,1.2585,3664,0
rep2,1.2586,3665,0
rep2,1.2586,3666,0
rep2,1.2587,3667,0
rep2,1.2588,3668,0
rep2,1.2589,3669,0
rep2,1.2589,3670,0
rep2,1.259,3671,0
rep2,1.259,3672,0
rep2,1.2591,3673,0
rep2,1.2591,3674,0
rep2,1.2592,3675,0
rep2,1.2592,3676,0
rep2,1.2593,3677,0
rep2,1.2593,3678,0
rep2,1.2595,3679,0
rep2,1.2595,3680,0
rep2,1.2597,3681,0
rep2,1.2597,3682,0
rep2,1.2597,3683,0
rep2,1.2597,3684,0
rep2,1.2599,3685,0
rep2,1.2601,3686,0
rep2,1.2601,3687,0
rep2,1.2603,3688,0
rep2,1.2606,3689,0
rep2,1.2607,3690,0
rep2,1.2607,3691,0
rep2,1.2608,3692,0
rep2,1.2612,3693,0
rep2,1.2612,3694,0
rep2,1.2613,3695,0
rep2,1.2613,3696,0
rep2,1.2613,3697,0
rep2,1.2613,3698,0
rep2,1.2613,3699,0
rep2,1.2614,3700,0
rep2,1.2615,3701,0
rep2,1.2615,3702,0
rep2,1.2616,3703,0
rep2,1.2616,3704,0
rep2,1.2618,3705,0
rep2,1.2619,3706,0
rep2,1.2619,3707,0
rep2,1.2621,3708,0
rep2,1.2621,3709,0
rep2,1.2621,3710,0
rep2,1.2622,3711,0
rep2,1.2623,3712,0
rep2,1.2623,3713,0
rep2,1.2623,3714,0
rep2,1.2624,3715,0
rep2,1.2624,3716,0
rep2,1.2625,3717,0
rep2,1.2625,3718,0
rep2,1.2629,3719,0
rep2,1.2631,3720,0
rep2,1.2632,3721,0
rep2,1.2634,3722,0
rep2,1.2635,3723,0
rep2,1.2636,3724,0
rep2,1.2637,3725,0
rep2,1.2638,3726,0
rep2,1.2638,3727,0
rep2,1.2639,3728,0
rep2,1.264,3729,0
rep2,1.2642,3730,0
rep2,1.2642,3731,0
rep2,1.2644,3732,0
rep2,1.2647,3733,0
rep2,1.2647,3734,0
rep2,1.2648,3735,0
rep2,1.265,3736,0
rep2,1.2651,3737,0
rep2,1.2652,3738,0
rep2,1.2652,3739,0
rep2,1.2653,3740,0
rep2,1.2654,3741,0
rep2,1.2654,3742,0
rep2,1.2655,3743,0
rep2,1.2655,3744,0
rep2,1.2658,3745,0
rep2,1.2658,3746,0
rep2,1.2659,3747,0
rep2,1.266,3748,0
rep2,1.266,3749,0
rep2,1.2662,3750,0
rep2,1.2663,3751,0
rep2,1.2663,3752,0
rep2,1.2664,3753,0
rep2,1.2666,3754,0
rep2,1.2666,3755,0
rep2,1.2668,3756,0
rep2,1.2669,3757,0
rep2,1.2669,3758,0
rep2,1.267,3759,0
rep2,1.2672,3760,0
rep2,1.2673,3761,0
rep2,1.2673,3762,0
rep2,1.2674,3763,0
rep2,1.2674,3764,0
rep2,1.2675,3765,0
rep2,1.2676,3766,0
rep2,1.2676,3767,0
rep2,1.2681,3768,0
rep2,1.2682,3769,0
rep2,1.2684,3770,0
rep2,1.2684,3771,0
rep2,1.2685,3772,0
rep2,1.2685,3773,0
rep2,1.2685,3774,0
rep2,1.2692,3775,0
rep2,1.2701,3776,0
rep2,1.2701,3777,0
rep2,1.2703,3778,0
rep2,1.2705,3779,0
rep2,1.2705,3780,0
rep2,1.2707,3781,0
rep2,1.2707,3782,0
rep2,1.2708,3783,0
rep2,1.2709,3784,0
rep2,1.2712,3785,0
rep2,1.2712,3786,0
rep2,1.2714,3787,0
rep2,1.2714,3788,0
rep2,1.2715,3789,0
rep2,1.2715,3790,0
rep2,1.2715,3791,0
rep2,1.2715,3792,0
rep2,1.2716,3793,0
rep2,1.2719,3794,0
rep2,1.272,3795,0
rep2,1.2722,3796,0
rep2,1.2722,3797,0
rep2,1.2723,3798,0
rep2,1.2723,3799,0
rep2,1.2724,3800,0
rep2,1.2726,3801,0
rep2,1.2726,3802,0
rep2,1.2727,3803,0
rep2,1.2727,3804,0
rep2,1.2728,3805,0
rep2,1.2729,3806,0
rep2,1.2729,3807,0
rep2,1.2729,3808,0
rep2,1.273,3809,0
rep2,1.2731,3810,0
rep2,1.2732,3811,0
rep2,1.2732,3812,0
rep2,1.2733,3813,0
rep2,1.2733,3814,0
rep2,1.2733,3815,0
rep2,1.2734,3816,0
rep2,1.2735,3817,0
rep2,1.2736,3818,0
rep2,1.2739,3819,0
rep2,1.2742,3820,0
rep2,1.2745,3821,0
rep2,1.2746,3822,0
rep2,1.2746,3823,0
rep2,1.2747,3824,0
rep2,1.2747,3825,0
rep2,1.2748,3826,0
rep2,1.2749,3827,0
rep2,1.2751,3828,0
rep2,1.2751,3829,0
rep2,1.2752,3830,0
rep2,1.2752,3831,0
rep2,1.2753,3832,0
rep2,1.2755,3833,0
rep2,1.2755,3834,0
rep2,1.2755,3835,0
rep2,1.2756,3836,0
rep2,1.2758,3837,0
rep2,1.2761,3838,0
rep2,1.2762,3839,0
rep2,1.2766,3840,0
rep2,1.2768,3841,0
rep2,1.2769,3842,0
rep2,1.2769,3843,0
rep2,1.2769,3844,0
rep2,1.2769,3845,0
rep2,1.2771,3846,0
rep2,1.2772,3847,0
rep2,1.2773,3848,0
rep2,1.2774,3849,0
rep2,1.2774,3850,0
rep2,1.2775,3851,0
rep2,1.2776,3852,0
rep2,1.2778,3853,0
rep2,1.2779,3854,0
rep2,1.2781,3855,0
rep2,1.2783,3856,0
rep2,1.2783,3857,0
rep2,1.2784,3858,0
rep2,1.2784,3859,0
rep2,1.2785,3860,0
rep2,1.2786,3861,0
rep2,1.2788,3862,0
rep2,1.2788,3863,0
rep2,1.2789,3864,0
rep2,1.2792,3865,0
rep2,1.2792,3866,0
rep2,1.2793,3867,0
rep2,1.2795,3868,0
rep2,1.2795,3869,0
rep2,1.2795,3870,0
rep2,1.28,3871,0
rep2,1.28,3872,0
rep2,1.2801,3873,0
rep2,1.2802,3874,0
rep2,1.2805,3875,0
rep2,1.2805,3876,0
rep2,1.2808,3877,0
rep2,1.2811,3878,0
rep2,1.2811,3879,0
rep2,1.2812,3880,0
rep2,1.2816,3881,0
rep2,1.2816,3882,0
rep2,1.2817,3883,0
rep2,1.2817,3884,0
rep2,1.2817,3885,0
rep2,1.2818,3886,0
rep2,1.2819,3887,0
rep2,1.2819,3888,0
rep2,1.2821,3889,0
rep2,1.2822,3890,0
rep2,1.2822,3891,0
rep2,1.2823,3892,0
rep2,1.2825,3893,0
rep2,1.2826,3894,0
rep2,1.2828,3895,0
rep2,1.2828,3896,0
rep2,1.2829,3897,0
rep2,1.2829,3898,0
rep2,1.283,3899,0
rep2,1.2831,3900,0
rep2,1.2833,3901,0
rep2,1.2835,3902,0
rep2,1.2837,3903,0
rep2,1.2837,3904,0
rep2,1.2837,3905,0
rep2,1.2838,3906,0
rep2,1.2838,3907,0
rep2,1.2839,3908,0
rep2,1.2842,3909,0
rep2,1.2842,3910,0
rep2,1.2843,3911,0
rep2,1.2844,3912,0
rep2,1.2844,3913,0
rep2,1.2844,3914,0
rep2,1.2845,3915,0
rep2,1.2846,3916,0
rep2,1.2846,3917,0
rep2,1.2849,3918,0
rep2,1.2851,3919,0
rep2,1.2855,3920,0
rep2,1.2855,3921,0
rep2,1.2857,3922,0
rep2,1.2857,3923,0
rep2,1.286,3924,0
rep2,1.2862,3925,0
rep2,1.2862,3926,0
rep2,1.2864,3927,0
rep2,1.2864,3928,0
rep2,1.2865,3929,0
rep2,1.2865,3930,0
rep2,1.2866,3931,0
rep2,1.2868,3932,0
rep2,1.2868,3933,0
rep2,1.287,3934,0
rep2,1.2872,3935,0
rep2,1.2872,3936,0
rep2,1.2873,3937,0
rep2,1.2874,3938,0
rep2,1.2874,3939,0
rep2,1.2875,3940,0
rep2,1.2877,3941,0
rep2,1.2877,3942,0
rep2,1.2878,3943,0
rep2,1.2879,3944,0
rep2,1.288,3945,0
rep2,1.2881,3946,0
rep2,1.2882,3947,0
rep2,1.2884,3948,0
rep2,1.2884,3949,0
rep2,1.2884,3950,0
rep2,1.2885,3951,0
rep2,1.2885,3952,0
rep2,1.2885,3953,0
rep2,1.2886,3954,0
rep2,1.2886,3955,0
rep2,1.2887,3956,0
rep2,1.2889,3957,0
rep2,1.289,3958,0
rep2,1.289,3959,0
rep2,1.289,3960,0
rep2,1.2892,3961,0
rep2,1.2894,3962,0
rep2,1.2894,3963,0
rep2,1.2895,3964,0
rep2,1.2896,3965,0
rep2,1.2896,3966,0
rep2,1.2896,3967,0
rep2,1.2897,3968,0
rep2,1.2897,3969,0
rep2,1.2898,3970,0
rep2,1.2899,3971,0
rep2,1.2901,3972,0
rep2,1.2902,3973,0
rep2,1.2903,3974,0
rep2,1.2904,3975,0
rep2,1.2905,3976,0
rep2,1.2905,3977,0
rep2,1.2905,3978,0
rep2,1.2906,3979,0
rep2,1.2908,3980,0
rep2,1.291,3981,0
rep2,1.2911,3982,0
rep2,1.2911,3983,0
rep2,1.2912,3984,0
rep2,1.2915,3985,0
rep2,1.2916,3986,0
rep2,1.2919,3987,0
rep2,1.2919,3988,0
rep2,1.2919,3989,0
rep2,1.292,3990,0
rep2,1.2921,3991,0
rep2,1.2921,3992,0
rep2,1.2921,3993,0
rep2,1.2922,3994,0
rep2,1.2925,3995,0
rep2,1.2927,3996,0
rep2,1.2928,3997,0
rep2,1.2928,3998,0
rep2,1.2937,3999,0
rep2,1.2938,4000,0
rep2,1.2939,4001,0
rep2,1.2939,4002,0
rep2,1.294,4003,0
rep2,1.2941,4004,0
rep2,1.2941,4005,0
rep2,1.2942,4006,0
rep2,1.2945,4007,0
rep2,1.2945,4008,0
rep2,1.2945,4009,0
rep2,1.2946,4010,0
rep2,1.2948,4011,0
rep2,1.2948,4012,0
rep2,1.2949,4013,0
rep2,1.295,4014,0
rep2,1.295,4015,0
rep2,1.2952,4016,0
rep2,1.2952,4017,0
rep2,1.2955,4018,0
rep2,1.2955,4019,0
rep2,1.2956,4020,0
rep2,1.2958,4021,0
rep2,1.2958,4022,0
rep2,1.2959,4023,0
rep2,1.2959,4024,0
rep2,1.296,4025,0
rep2,1.2961,4026,0
rep2,1.2962,4027,0
rep2,1.2962,4028,0
rep2,1.2963,4029,0
rep2,1.2963,4030,0
rep2,1.2963,4031,0
rep2,1.2964,4032,0
rep2,1.2965,4033,0
rep2,1.2966,4034,0
rep2,1.2966,4035,0
rep2,1.297,4036,0
rep2,1.2971,4037,0
rep2,1.2973,4038,0
rep2,1.2973,4039,0
rep2,1.2974,4040,0
rep2,1.2975,4041,0
rep2,1.2975,4042,0
rep2,1.2977,4043,0
rep2,1.2979,4044,0
rep2,1.2979,4045,0
rep2,1.298,4046,0
rep2,1.298,4047,0
rep2,1.2982,4048,0
rep2,1.2982,4049,0
rep2,1.2983,4050,0
rep2,1.2984,4051,0
rep2,1.2986,4052,0
rep2,1.2987,4053,0
rep2,1.2991,4054,0
rep2,1.2993,4055,0
rep2,1.2995,4056,0
rep2,1.2996,4057,0
rep2,1.2998,4058,0
rep2,1.2999,4059,0
rep2,1.3001,4060,0
rep2,1.3001,4061,0
rep2,1.3001,4062,0
rep2,1.3003,4063,0
rep2,1.3004,4064,0
rep2,1.3004,4065,0
rep2,1.3005,4066,0
rep2,1.3005,4067,0
rep2,1.3005,4068,0
rep2,1.3005,4069,0
rep2,1.3008,4070,0
rep2,1.3008,4071,0
rep2,1.301,4072,0
rep2,1.3015,4073,0
rep2,1.3016,4074,0
rep2,1.3018,4075,0
rep2,1.3019,4076,0
rep2,1.3019,4077,0
rep2,1.3022,4078,0
rep2,1.3024,4079,0
rep2,1.3026,4080,0
rep2,1.3028,4081,0
rep2,1.3031,4082,0
rep2,1.3033,4083,0
rep2,1.3035,4084,0
rep2,1.3035,4085,0
rep2,1.3036,4086,0
rep2,1.3038,4087,0
rep2,1.3039,4088,0
rep2,1.304,4089,0
rep2,1.3041,4090,0
rep2,1.3042,4091,0
rep2,1.3042,4092,0
rep2,1.3044,4093,0
rep2,1.3046,4094,0
rep2,1.3047,4095,0
rep2,1.3049,4096,0
rep2,1.3052,4097,0
rep2,1.3053,4098,0
rep2,1.3055,4099,0
rep2,1.3055,4100,0
rep2,1.3057,4101,0
rep2,1.306,4102,0
rep2,1.3062,4103,0
rep2,1.3062,4104,0
rep2,1.3063,4105,0
rep2,1.3063,4106,0
rep2,1.3065,4107,0
rep2,1.3066,4108,0
rep2,1.3069,4109,0
rep2,1.3072,4110,0
rep2,1.3072,4111,0
rep2,1.3072,4112,0
rep2,1.3074,4113,0
rep2,1.3074,4114,0
rep2,1.3075,4115,0
rep2,1.3076,4116,0
rep2,1.3076,4117,0
rep2,1.308,4118,0
rep2,1.308,4119,0
rep2,1.3081,4120,0
rep2,1.3082,4121,0
rep2,1.3083,4122,0
rep2,1.3083,4123,0
rep2,1.3085,4124,0
rep2,1.3086,4125,0
rep2,1.3086,4126,0
rep2,1.3087,4127,0
rep2,1.3089,4128,0
rep2,1.3097,4129,0
rep2,1.3098,4130,0
rep2,1.31,4131,0
rep2,1.3101,4132,0
rep2,1.3101,4133,0
rep2,1.3102,4134,0
rep2,1.3103,4135,0
rep2,1.3107,4136,0
rep2,1.3107,4137,0
rep2,1.311,4138,0
rep2,1.3111,4139,0
rep2,1.3111,4140,0
rep2,1.3112,4141,0
rep2,1.3118,4142,0
rep2,1.3118,4143,0
rep2,1.3118,4144,0
rep2,1.3119,4145,0
rep2,1.312,4146,0
rep2,1.3121,4147,0
rep2,1.3121,4148,0
rep2,1.3123,4149,0
rep2,1.3124,4150,0
rep2,1.3125,4151,0
rep2,1.3128,4152,0
rep2,1.313,4153,0
rep2,1.313,4154,0
rep2,1.3131,4155,0
rep2,1.3131,4156,0
rep2,1.3135,4157,0
rep2,1.3136,4158,0
rep2,1.3137,4159,0
rep2,1.3138,4160,0
rep2,1.3138,4161,0
rep2,1.3139,4162,0
rep2,1.3139,4163,0
rep2,1.3141,4164,0
rep2,1.3143,4165,0
rep2,1.3143,4166,0
rep2,1.3145,4167,0
rep2,1.3146,4168,0
rep2,1.3148,4169,0
rep2,1.3148,4170,0
rep2,1.3149,4171,0
rep2,1.3153,4172,0
rep2,1.3153,4173,0
rep2,1.3154,4174,0
rep2,1.3155,4175,0
rep2,1.3156,4176,0
rep2,1.3158,4177,0
rep2,1.3159,4178,0
rep2,1.3161,4179,0
rep2,1.3162,4180,0
rep2,1.3162,4181,0
rep2,1.3163,4182,0
rep2,1.3163,4183,0
rep2,1.3163,4184,0
rep2,1.3164,4185,0
rep2,1.3165,4186,0
rep2,1.3169,4187,0
rep2,1.3169,4188,0
rep2,1.3169,4189,0
rep2,1.3171,4190,0
rep2,1.3174,4191,0
rep2,1.3175,4192,0
rep2,1.3177,4193,0
rep2,1.3179,4194,0
rep2,1.3179,4195,0
rep2,1.3181,4196,0
rep2,1.3186,4197,0
rep2,1.3187,4198,0
rep2,1.3191,4199,0
rep2,1.3192,4200,0
rep2,1.3193,4201,0
rep2,1.3194,4202,0
rep2,1.3195,4203,0
rep2,1.3199,4204,0
rep2,1.3202,4205,0
rep2,1.3208,4206,0
rep2,1.321,4207,0
rep2,1.321,4208,0
rep2,1.321,4209,0
rep2,1.3212,4210,0
rep2,1.3215,4211,0
rep2,1.3217,4212,0
rep2,1.3218,4213,0
rep2,1.3219,4214,0
rep2,1.3219,4215,0
rep2,1.3221,4216,0
rep2,1.3224,4217,0
rep2,1.3224,4218,0
rep2,1.3226,4219,0
rep2,1.3227,4220,0
rep2,1.3228,4221,0
rep2,1.3229,4222,0
rep2,1.3229,4223,0
rep2,1.323,4224,0
rep2,1.323,4225,0
rep2,1.3232,4226,0
rep2,1.3233,4227,0
rep2,1.3233,4228,0
rep2,1.3235,4229,0
rep2,1.3237,4230,0
rep2,1.3238,4231,0
rep2,1.3242,4232,0
rep2,1.3243,4233,0
rep2,1.3243,4234,0
rep2,1.3243,4235,0
rep2,1.3244,4236,0
rep2,1.3247,4237,0
rep2,1.3249,4238,0
rep2,1.3249,4239,0
rep2,1.3251,4240,0
rep2,1.3254,4241,0
rep2,1.3255,4242,0
rep2,1.3256,4243,0
rep2,1.3256,4244,0
rep2,1.3257,4245,0
rep2,1.3258,4246,0
rep2,1.3258,4247,0
rep2,1.3258,4248,0
rep2,1.3259,4249,0
rep2,1.3261,4250,0
rep2,1.3262,4251,0
rep2,1.3263,4252,0
rep2,1.3265,4253,0
rep2,1.3265,4254,0
rep2,1.3266,4255,0
rep2,1.3266,4256,0
rep2,1.3267,4257,0
rep2,1.3267,4258,0
rep2,1.3268,4259,0
rep2,1.3268,4260,0
rep2,1.3268,4261,0
rep2,1.3269,4262,0
rep2,1.3272,4263,0
rep2,1.3274,4264,0
rep2,1.3275,4265,0
rep2,1.3279,4266,0
rep2,1.328,4267,0
rep2,1.3283,4268,0
rep2,1.3286,4269,0
rep2,1.3288,4270,0
rep2,1.3289,4271,0
rep2,1.3289,4272,0
rep2,1.329,4273,0
rep2,1.3291,4274,0
rep2,1.3291,4275,0
rep2,1.3292,4276,0
rep2,1.3292,4277,0
rep2,1.3297,4278,0
rep2,1.3303,4279,0
rep2,1.3304,4280,0
rep2,1.3306,4281,0
rep2,1.3307,4282,0
rep2,1.3309,4283,0
rep2,1.331,4284,0
rep2,1.3312,4285,0
rep2,1.3312,4286,0
rep2,1.3312,4287,0
rep2,1.3314,4288,0
rep2,1.3316,4289,0
rep2,1.3317,4290,0
rep2,1.3321,4291,0
rep2,1.3321,4292,0
rep2,1.3322,4293,0
rep2,1.3323,4294,0
rep2,1.3323,4295,0
rep2,1.3323,4296,0
rep2,1.3324,4297,0
rep2,1.3325,4298,0
rep2,1.3328,4299,0
rep2,1.333,4300,0
rep2,1.3337,4301,0
rep2,1.3337,4302,0
rep2,1.3338,4303,0
rep2,1.3339,4304,0
rep2,1.3343,4305,0
rep2,1.3344,4306,0
rep2,1.3347,4307,0
rep2,1.3348,4308,0
rep2,1.3348,4309,0
rep2,1.3351,4310,0
rep2,1.3352,4311,0
rep2,1.3352,4312,0
rep2,1.3354,4313,0
rep2,1.3355,4314,0
rep2,1.3355,4315,0
rep2,1.3359,4316,0
rep2,1.3359,4317,0
rep2,1.3362,4318,0
rep2,1.3362,4319,0
rep2,1.3364,4320,0
rep2,1.3364,4321,0
rep2,1.3365,4322,0
rep2,1.3367,4323,0
rep2,1.3369,4324,0
rep2,1.337,4325,0
rep2,1.337,4326,0
rep2,1.337,4327,0
rep2,1.3373,4328,0
rep2,1.3379,4329,0
rep2,1.338,4330,0
rep2,1.3381,4331,0
rep2,1.3384,4332,0
rep2,1.3384,4333,0
rep2,1.3385,4334,0
rep2,1.3386,4335,0
rep2,1.3387,4336,0
rep2,1.3389,4337,0
rep2,1.3389,4338,0
rep2,1.339,4339,0
rep2,1.339,4340,0
rep2,1.3394,4341,0
rep2,1.3394,4342,0
rep2,1.3399,4343,0
rep2,1.3403,4344,0
rep2,1.3405,4345,0
rep2,1.3407,4346,0
rep2,1.3408,4347,0
rep2,1.3415,4348,0
rep2,1.3415,4349,0
rep2,1.3418,4350,0
rep2,1.3421,4351,0
rep2,1.3423,4352,0
rep2,1.3428,4353,0
rep2,1.3428,4354,0
rep2,1.3432,4355,0
rep2,1.3436,4356,0
rep2,1.3437,4357,0
rep2,1.3438,4358,0
rep2,1.3439,4359,0
rep2,1.3441,4360,0
rep2,1.3443,4361,0
rep2,1.3445,4362,0
rep2,1.3445,4363,0
rep2,1.3447,4364,0
rep2,1.3451,4365,0
rep2,1.3451,4366,0
rep2,1.3454,4367,0
rep2,1.3461,4368,0
rep2,1.3462,4369,0
rep2,1.3466,4370,0
rep2,1.347,4371,0
rep2,1.3471,4372,0
rep2,1.3473,4373,0
rep2,1.3475,4374,0
rep2,1.3476,4375,0
rep2,1.3477,4376,0
rep2,1.3479,4377,0
rep2,1.348,4378,0
rep2,1.348,4379,0
rep2,1.3483,4380,0
rep2,1.3483,4381,0
rep2,1.3483,4382,0
rep2,1.3484,4383,0
rep2,1.3484,4384,0
rep2,1.3489,4385,0
rep2,1.3489,4386,0
rep2,1.3493,4387,0
rep2,1.3494,4388,0
rep2,1.3495,4389,0
rep2,1.3496,4390,0
rep2,1.3502,4391,0
rep2,1.3503,4392,0
rep2,1.3505,4393,0
rep2,1.3507,4394,0
rep2,1.3508,4395,0
rep2,1.3509,4396,0
rep2,1.3511,4397,0
rep2,1.3511,4398,0
rep2,1.3512,4399,0
rep2,1.3514,4400,0
rep2,1.3514,4401,0
rep2,1.3515,4402,0
rep2,1.3515,4403,0
rep2,1.3517,4404,0
rep2,1.3518,4405,0
rep2,1.3519,4406,0
rep2,1.3523,4407,0
rep2,1.3524,4408,0
rep2,1.3526,4409,0
rep2,1.3526,4410,0
rep2,1.3526,4411,0
rep2,1.3528,4412,0
rep2,1.3531,4413,0
rep2,1.3533,4414,0
rep2,1.3536,4415,0
rep2,1.3538,4416,0
rep2,1.3538,4417,0
rep2,1.3543,4418,0
rep2,1.3546,4419,0
rep2,1.3546,4420,0
rep2,1.3549,4421,0
rep2,1.3551,4422,0
rep2,1.3551,4423,0
rep2,1.3553,4424,0
rep2,1.3553,4425,0
rep2,1.3555,4426,0
rep2,1.3556,4427,0
rep2,1.3556,4428,0
rep2,1.3558,4429,0
rep2,1.3559,4430,0
rep2,1.356,4431,0
rep2,1.3561,4432,0
rep2,1.3561,4433,0
rep2,1.3563,4434,0
rep2,1.3564,4435,0
rep2,1.3564,4436,0
rep2,1.3564,4437,0
rep2,1.3567,4438,0
rep2,1.3568,4439,0
rep2,1.3568,4440,0
rep2,1.3568,4441,0
rep2,1.3569,4442,0
rep2,1.3571,4443,0
rep2,1.3571,4444,0
rep2,1.3576,4445,0
rep2,1.3576,4446,0
rep2,1.3577,4447,0
rep2,1.3579,4448,0
rep2,1.3582,4449,0
rep2,1.3582,4450,0
rep2,1.3583,4451,0
rep2,1.3588,4452,0
rep2,1.3592,4453,0
rep2,1.3594,4454,0
rep2,1.3596,4455,0
rep2,1.3596,4456,0
rep2,1.36,4457,0
rep2,1.3601,4458,0
rep2,1.3604,4459,0
rep2,1.3605,4460,0
rep2,1.3607,4461,0
rep2,1.3609,4462,0
rep2,1.361,4463,0
rep2,1.361,4464,0
rep2,1.3611,4465,0
rep2,1.3611,4466,0
rep2,1.3613,4467,0
rep2,1.3617,4468,0
rep2,1.3617,4469,0
rep2,1.3618,4470,0
rep2,1.3621,4471,0
rep2,1.3622,4472,0
rep2,1.3623,4473,0
rep2,1.3625,4474,0
rep2,1.3627,4475,0
rep2,1.3629,4476,0
rep2,1.363,4477,0
rep2,1.3633,4478,0
rep2,1.3636,4479,0
rep2,1.3637,4480,0
rep2,1.3641,4481,0
rep2,1.3642,4482,0
rep2,1.3642,4483,0
rep2,1.3643,4484,0
rep2,1.3647,4485,0
rep2,1.3649,4486,0
rep2,1.3652,4487,0
rep2,1.3653,4488,0
rep2,1.3653,4489,0
rep2,1.3655,4490,0
rep2,1.3655,4491,0
rep2,1.3656,4492,0
rep2,1.3656,4493,0
rep2,1.3656,4494,0
rep2,1.3658,4495,0
rep2,1.3658,4496,0
rep2,1.3661,4497,0
rep2,1.3661,4498,0
rep2,1.3667,4499,0
rep2,1.3668,4500,0
rep2,1.3668,4501,0
rep2,1.3674,4502,0
rep2,1.3677,4503,0
rep2,1.3679,4504,0
rep2,1.3681,4505,0
rep2,1.3687,4506,0
rep2,1.3687,4507,0
rep2,1.3689,4508,0
rep2,1.3694,4509,0
rep2,1.3695,4510,0
rep2,1.3696,4511,0
rep2,1.3698,4512,0
rep2,1.3704,4513,0
rep2,1.3705,4514,0
rep2,1.3712,4515,0
rep2,1.3713,4516,0
rep2,1.3715,4517,0
rep2,1.3717,4518,0
rep2,1.3718,4519,0
rep2,1.3719,4520,0
rep2,1.3721,4521,0
rep2,1.3721,4522,0
rep2,1.3721,4523,0
rep2,1.3723,4524,0
rep2,1.3725,4525,0
rep2,1.3725,4526,0
rep2,1.373,4527,0
rep2,1.373,4528,0
rep2,1.3733,4529,0
rep2,1.3735,4530,0
rep2,1.3735,4531,0
rep2,1.3737,4532,0
rep2,1.374,4533,0
rep2,1.3744,4534,0
rep2,1.3746,4535,0
rep2,1.375,4536,0
rep2,1.3753,4537,0
rep2,1.3756,4538,0
rep2,1.3758,4539,0
rep2,1.3759,4540,0
rep2,1.3763,4541,0
rep2,1.3767,4542,0
rep2,1.3772,4543,0
rep2,1.3773,4544,0
rep2,1.3775,4545,0
rep2,1.3777,4546,0
rep2,1.3778,4547,0
rep2,1.3779,4548,0
rep2,1.378,4549,0
rep2,1.378,4550,0
rep2,1.3786,4551,0
rep2,1.3791,4552,0
rep2,1.3792,4553,0
rep2,1.3793,4554,0
rep2,1.3798,4555,0
rep2,1.3799,4556,0
rep2,1.3803,4557,0
rep2,1.3803,4558,0
rep2,1.3806,4559,0
rep2,1.3807,4560,0
rep2,1.381,4561,0
rep2,1.3814,4562,0
rep2,1.3815,4563,0
rep2,1.3817,4564,0
rep2,1.3819,4565,0
rep2,1.3821,4566,0
rep2,1.3825,4567,0
rep2,1.3827,4568,0
rep2,1.3831,4569,0
rep2,1.3836,4570,0
rep2,1.3836,4571,0
rep2,1.3838,4572,0
rep2,1.3842,4573,0
rep2,1.3846,4574,0
rep2,1.3846,4575,0
rep2,1.3849,4576,0
rep2,1.3851,4577,0
rep2,1.3853,4578,0
rep2,1.3855,4579,0
rep2,1.3859,4580,0
rep2,1.386,4581,0
rep2,1.3865,4582,0
rep2,1.3866,4583,0
rep2,1.3868,4584,0
rep2,1.3869,4585,0
rep2,1.3869,4586,0
rep2,1.3875,4587,0
rep2,1.3876,4588,0
rep2,1.3879,4589,0
rep2,1.388,4590,0
rep2,1.3881,4591,0
rep2,1.3881,4592,0
rep2,1.3884,4593,0
rep2,1.3884,4594,0
rep2,1.3885,4595,0
rep2,1.3888,4596,0
rep2,1.3891,4597,0
rep2,1.3895,4598,0
rep2,1.3899,4599,0
rep2,1.3902,4600,0
rep2,1.3904,4601,0
rep2,1.3909,4602,0
rep2,1.3913,4603,0
rep2,1.3915,4604,0
rep2,1.3923,4605,0
rep2,1.3923,4606,0
rep2,1.3924,4607,0
rep2,1.3928,4608,0
rep2,1.3932,4609,0
rep2,1.3933,4610,0
rep2,1.3934,4611,0
rep2,1.3935,4612,0
rep2,1.3936,4613,0
rep2,1.3937,4614,0
rep2,1.3938,4615,0
rep2,1.3949,4616,0
rep2,1.3952,4617,0
rep2,1.3955,4618,0
rep2,1.396,4619,0
rep2,1.3965,4620,0
rep2,1.3965,4621,0
rep2,1.3966,4622,0
rep2,1.3969,4623,0
rep2,1.398,4624,0
rep2,1.398,4625,0
rep2,1.3987,4626,0
rep2,1.3989,4627,0
rep2,1.399,4628,0
rep2,1.3994,4629,0
rep2,1.3995,4630,0
rep2,1.3996,4631,0
rep2,1.4001,4632,0
rep2,1.4007,4633,0
rep2,1.401,4634,0
rep2,1.401,4635,0
rep2,1.4013,4636,0
rep2,1.4013,4637,0
rep2,1.4017,4638,0
rep2,1.4021,4639,0
rep2,1.4022,4640,0
rep2,1.4024,4641,0
rep2,1.4028,4642,0
rep2,1.4038,4643,0
rep2,1.4039,4644,0
rep2,1.405,4645,0
rep2,1.4051,4646,0
rep2,1.4053,4647,0
rep2,1.4056,4648,0
rep2,1.4057,4649,0
rep2,1.4059,4650,0
rep2,1.406,4651,0
rep2,1.4078,4652,0
rep2,1.408,4653,0
rep2,1.408,4654,0
rep2,1.408,4655,0
rep2,1.4086,4656,0
rep2,1.4095,4657,0
rep2,1.4101,4658,0
rep2,1.4103,4659,0
rep2,1.4107,4660,0
rep2,1.411,4661,0
rep2,1.4114,4662,0
rep2,1.4115,4663,0
rep2,1.4122,4664,0
rep2,1.4124,4665,0
rep2,1.4129,4666,0
rep2,1.4135,4667,0
rep2,1.4136,4668,0
rep2,1.414,4669,0
rep2,1.4147,4670,0
rep2,1.4148,4671,0
rep2,1.4153,4672,0
rep2,1.4155,4673,0
rep2,1.4156,4674,0
rep2,1.4161,4675,0
rep2,1.4168,4676,0
rep2,1.4171,4677,0
rep2,1.4174,4678,0
rep2,1.4175,4679,0
rep2,1.4179,4680,0
rep2,1.4179,4681,0
rep2,1.4184,4682,0
rep2,1.4187,4683,0
rep2,1.4192,4684,0
rep2,1.4195,4685,0
rep2,1.4197,4686,0
rep2,1.4198,4687,0
rep2,1.42,4688,0
rep2,1.42,4689,0
rep2,1.4207,4690,0
rep2,1.4207,4691,0
rep2,1.4208,4692,0
rep2,1.4212,4693,0
rep2,1.4213,4694,0
rep2,1.4214,4695,0
rep2,1.4215,4696,0
rep2,1.4217,4697,0
rep2,1.4222,4698,0
rep2,1.4224,4699,0
rep2,1.4237,4700,0
rep2,1.424,4701,0
rep2,1.4246,4702,0
rep2,1.4249,4703,0
rep2,1.4249,4704,0
rep2,1.425,4705,0
rep2,1.425,4706,0
rep2,1.4254,4707,0
rep2,1.4267,4708,0
rep2,1.4271,4709,0
rep2,1.4286,4710,0
rep2,1.4286,4711,0
rep2,1.4291,4712,0
rep2,1.4299,4713,0
rep2,1.4303,4714,0
rep2,1.4309,4715,0
rep2,1.4325,4716,0
rep2,1.4326,4717,0
rep2,1.4326,4718,0
rep2,1.4342,4719,0
rep2,1.4342,4720,0
rep2,1.4344,4721,0
rep2,1.4348,4722,0
rep2,1.4362,4723,0
rep2,1.4362,4724,0
rep2,1.4364,4725,0
rep2,1.4364,4726,0
rep2,1.4366,4727,0
rep2,1.4369,4728,0
rep2,1.4371,4729,0
rep2,1.4372,4730,0
rep2,1.4372,4731,0
rep2,1.4374,4732,0
rep2,1.4375,4733,0
rep2,1.4383,4734,0
rep2,1.4386,4735,0
rep2,1.4393,4736,0
rep2,1.4411,4737,0
rep2,1.4428,4738,0
rep2,1.4428,4739,0
rep2,1.4438,4740,0
rep2,1.444,4741,0
rep2,1.4449,4742,0
rep2,1.4453,4743,0
rep2,1.4453,4744,0
rep2,1.4454,4745,0
rep2,1.4457,4746,0
rep2,1.4468,4747,0
rep2,1.4469,4748,0
rep2,1.447,4749,0
rep2,1.4476,4750,0
rep2,1.4486,4751,0
rep2,1.4488,4752,0
rep2,1.4491,4753,0
rep2,1.4498,4754,0
rep2,1.4505,4755,0
rep2,1.4516,4756,0
rep2,1.4522,4757,0
rep2,1.4529,4758,0
rep2,1.4535,4759,0
rep2,1.4541,4760,0
rep2,1.4545,4761,0
rep2,1.4546,4762,0
rep2,1.4546,4763,0
rep2,1.4547,4764,0
rep2,1.4552,4765,0
rep2,1.4558,4766,0
rep2,1.4574,4767,0
rep2,1.4575,4768,0
rep2,1.4579,4769,0
rep2,1.4582,4770,0
rep2,1.4586,4771,0
rep2,1.4586,4772,0
rep2,1.4599,4773,0
rep2,1.46,4774,0
rep2,1.4601,4775,0
rep2,1.4604,4776,0
rep2,1.4627,4777,0
rep2,1.4645,4778,0
rep2,1.4651,4779,0
rep2,1.4653,4780,0
rep2,1.4661,4781,0
rep2,1.467,4782,0
rep2,1.4684,4783,0
rep2,1.4688,4784,0
rep2,1.4693,4785,0
rep2,1.4697,4786,0
rep2,1.4699,4787,0
rep2,1.4704,4788,0
rep2,1.4705,4789,0
rep2,1.4709,4790,0
rep2,1.471,4791,0
rep2,1.4723,4792,0
rep2,1.4727,4793,0
rep2,1.4734,4794,0
rep2,1.4735,4795,0
rep2,1.4747,4796,0
rep2,1.4754,4797,0
rep2,1.4761,4798,0
rep2,1.4775,4799,0
rep2,1.4779,4800,0
rep2,1.4784,4801,0
rep2,1.4796,4802,0
rep2,1.4803,4803,0
rep2,1.4808,4804,0
rep2,1.4809,4805,0
rep2,1.481,4806,0
rep2,1.4819,4807,0
rep2,1.4832,4808,0
rep2,1.4837,4809,0
rep2,1.4842,4810,0
rep2,1.4846,4811,0
rep2,1.4846,4812,0
rep2,1.4849,4813,0
rep2,1.485,4814,0
rep2,1.4867,4815,0
rep2,1.4869,4816,0
rep2,1.487,4817,0
rep2,1.4882,4818,0
rep2,1.4891,4819,0
rep2,1.4893,4820,0
rep2,1.4903,4821,0
rep2,1.4904,4822,0
rep2,1.4906,4823,0
rep2,1.491,4824,0
rep2,1.4919,4825,0
rep2,1.4936,4826,0
rep2,1.4963,4827,0
rep2,1.4974,4828,0
rep2,1.4999,4829,0
rep2,1.4999,4830,0
rep2,1.5007,4831,0
rep2,1.5017,4832,0
rep2,1.5024,4833,0
rep2,1.5024,4834,0
rep2,1.5029,4835,0
rep2,1.5032,4836,0
rep2,1.5065,4837,0
rep2,1.508,4838,0
rep2,1.5095,4839,0
rep2,1.5098,4840,0
rep2,1.51,4841,0
rep2,1.5142,4842,0
rep2,1.5144,4843,0
rep2,1.5159,4844,0
rep2,1.5184,4845,0
rep2,1.5211,4846,0
rep2,1.5211,4847,0
rep2,1.525,4848,0
rep2,1.525,4849,0
rep2,1.5272,4850,0
rep2,1.5274,4851,0
rep2,1.5284,4852,0
rep2,1.53,4853,0
rep2,1.5312,4854,0
rep2,1.5313,4855,0
rep2,1.5314,4856,0
rep2,1.5315,4857,0
rep2,1.5319,4858,0
rep2,1.5322,4859,0
rep2,1.5336,4860,0
rep2,1.5366,4861,0
rep2,1.5367,4862,0
rep2,1.5401,4863,0
rep2,1.5405,4864,0
rep2,1.542,4865,0
rep2,1.5427,4866,0
rep2,1.5428,4867,0
rep2,1.5431,4868,0
rep2,1.5431,4869,0
rep2,1.5432,4870,0
rep2,1.5432,4871,0
rep2,1.5442,4872,0
rep2,1.5457,4873,0
rep2,1.5465,4874,0
rep2,1.5467,4875,0
rep2,1.5499,4876,0
rep2,1.551,4877,0
rep2,1.5513,4878,0
rep2,1.5515,4879,0
rep2,1.5525,4880,0
rep2,1.5526,4881,0
rep2,1.5535,4882,0
rep2,1.5543,4883,0
rep2,1.5562,4884,0
rep2,1.5566,4885,0
rep2,1.5573,4886,0
rep2,1.5633,4887,0
rep2,1.5636,4888,0
rep2,1.5655,4889,0
rep2,1.5666,4890,0
rep2,1.5675,4891,0
rep2,1.5684,4892,0
rep2,1.5703,4893,0
rep2,1.5714,4894,0
rep2,1.5739,4895,0
rep2,1.5776,4896,0
rep2,1.5782,4897,0
rep2,1.5792,4898,0
rep2,1.582,4899,0
rep2,1.5824,4900,0
rep2,1.584,4901,0
rep2,1.5866,4902,0
rep2,1.5867,4903,0
rep2,1.5875,4904,0
rep2,1.59,4905,0
rep2,1.5917,4906,0
rep2,1.5963,4907,0
rep2,1.5972,4908,0
rep2,1.5975,4909,0
rep2,1.6009,4910,0
rep2,1.6042,4911,0
rep2,1.6066,4912,0
rep2,1.6097,4913,0
rep2,1.6104,4914,0
rep2,1.6106,4915,0
rep2,1.6128,4916,0
rep2,1.619,4917,0
rep2,1.6199,4918,0
rep2,1.6212,4919,0
rep2,1.6304,4920,0
rep2,1.632,4921,0
rep2,1.6352,4922,0
rep2,1.637,4923,0
rep2,1.6374,4924,0
rep2,1.6444,4925,0
rep2,1.6459,4926,0
rep2,1.6487,4927,0
rep2,1.6585,4928,0
rep2,1.6609,4929,0
rep2,1.6635,4930,0
rep2,1.6684,4931,0
rep2,1.6744,4932,0
rep2,1.6794,4933,0
rep2,1.7021,4934,0
rep2,1.7039,4935,0
rep2,1.7223,4936,0
rep2,1.7376,4937,0
rep2,1.7393,4938,0
rep2,1.75,4939,0
rep2,1.7521,4940,0
rep2,1.7591,4941,0
rep2,1.773,4942,0
rep2,1.7853,4943,0
rep2,1.7857,4944,0
rep2,1.8309,4945,0
rep2,1.8692,4946,0
rep2,2.0125,4947,0
rep2,2.0134,4948,0
rep2,2.0136,4949,0
rep2,2.0137,4950,0
rep2,2.0137,4951,0
rep2,2.0145,4952,0
rep2,2.015,4953,0
rep2,2.0155,4954,0
rep2,2.0164,4955,0
rep2,2.0166,4956,0
rep2,2.0175,4957,0
rep2,2.0192,4958,0
rep2,2.0198,4959,0
rep2,2.021,4960,0
rep2,2.0212,4961,0
rep2,2.0239,4962,0
rep2,2.0241,4963,0
rep2,2.0247,4964,0
rep2,2.0321,4965,0
rep2,2.0453,4966,0
rep2,2.0455,4967,0
rep2,2.0458,4968,0
rep2,2.0458,4969,0
rep2,2.0459,4970,0
rep2,2.046,4971,0
rep2,2.046,4972,0
rep2,2.0461,4973,0
rep2,2.0461,4974,0
rep2,2.0462,4975,0
rep2,2.0462,4976,0
rep2,2.0463,4977,0
rep2,2.0464,4978,0
rep2,2.0466,4979,0
rep2,2.0467,4980,0
rep2,2.0468,4981,0
rep2,2.0469,4982,0
rep2,2.0469,4983,0
rep2,2.047,4984,0
rep2,2.047,4985,0
rep2,2.0471,4986,0
rep2,2.0471,4987,0
rep2,2.0471,4988,0
rep2,2.0472,4989,0
rep2,2.0473,4990,0
rep2,2.0473,4991,0
rep2,2.0473,4992,0
rep2,2.0473,4993,0
rep2,2.0474,4994,0
rep2,2.0475,4995,0
rep2,2.0477,4996,0
rep2,2.0479,4997,0
rep2,2.048,4998,0
rep2,2.0482,4999,0
rep2,2.0483,5000,0
rep2,2.0485,5001,0
rep2,2.0487,5002,0
rep2,2.0487,5003,0
rep2,2.0487,5004,0
rep2,2.0488,5005,0
rep2,2.0489,5006,0
rep2,2.049,5007,0
rep2,2.0491,5008,0
rep2,2.0493,5009,0
rep2,2.0494,5010,0
rep2,2.0495,5011,0
rep2,2.0496,5012,0
rep2,2.0497,5013,0
rep2,2.0497,5014,0
rep2,2.0498,5015,0
rep2,2.0499,5016,0
rep2,2.05,5017,0
rep2,2.05,5018,0
rep2,2.0504,5019,0
rep2,2.0505,5020,0
rep2,2.0507,5021,0
rep2,2.0511,5022,0
rep2,2.0512,5023,0
rep2,2.0512,5024,0
rep2,2.0513,5025,0
rep2,2.0513,5026,0
rep2,2.0516,5027,0
rep2,2.0518,5028,0
rep2,2.052,5029,0
rep2,2.0528,5030,0
rep2,2.053,5031,0
rep2,2.0534,5032,0
rep2,2.0534,5033,0
rep2,2.0534,5034,0
rep2,2.0539,5035,0
rep2,2.054,5036,0
rep2,2.0548,5037,0
rep2,2.0549,5038,0
rep2,2.0555,5039,0
rep2,2.0555,5040,0
rep2,2.0555,5041,0
rep2,2.0557,5042,0
rep2,2.056,5043,0
rep2,2.0565,5044,0
rep2,2.0565,5045,0
rep2,2.0572,5046,0
rep2,2.0575,5047,0
rep2,2.0578,5048,0
rep2,2.0579,5049,0
rep2,2.0583,5050,0
rep2,2.059,5051,0
rep2,2.0592,5052,0
rep2,2.0593,5053,0
rep2,2.0595,5054,0
rep2,2.0596,5055,0
rep2,2.0602,5056,0
rep2,2.0618,5057,0
rep2,2.0625,5058,0
rep2,2.0626,5059,0
rep2,2.0628,5060,0
rep2,2.0636,5061,0
rep2,2.0643,5062,0
rep2,2.0645,5063,0
rep2,2.0647,5064,0
rep2,2.0648,5065,0
rep2,2.065,5066,0
rep2,2.0656,5067,0
rep2,2.0659,5068,0
rep2,2.0678,5069,0
rep2,2.0699,5070,0
rep2,2.0727,5071,0
rep2,2.0735,5072,0
rep2,2.0736,5073,0
rep2,2.0737,5074,0
rep2,2.074,5075,0
rep2,2.0749,5076,0
rep2,2.0756,5077,0
rep2,2.0767,5078,0
rep2,2.0788,5079,0
rep2,2.0788,5080,0
rep2,2.0788,5081,0
rep2,2.0788,5082,0
rep2,2.0788,5083,0
rep2,2.0788,5084,0
rep2,2.0789,5085,0
rep2,2.0789,5086,0
rep2,2.0789,5087,0
rep2,2.0789,5088,0
rep2,2.0789,5089,0
rep2,2.0789,5090,0
rep2,2.079,5091,0
rep2,2.079,5092,0
rep2,2.079,5093,0
rep2,2.079,5094,0
rep2,2.0791,5095,0
rep2,2.0791,5096,0
rep2,2.0791,5097,0
rep2,2.0791,5098,0
rep2,2.0792,5099,0
rep2,2.0793,5100,0
rep2,2.0794,5101,0
rep2,2.0794,5102,0
rep2,2.0794,5103,0
rep2,2.0795,5104,0
rep2,2.0795,5105,0
rep2,2.0795,5106,0
rep2,2.0795,5107,0
rep2,2.0796,5108,0
rep2,2.0796,5109,0
rep2,2.0796,5110,0
rep2,2.0796,5111,0
rep2,2.0797,5112,0
rep2,2.0797,5113,0
rep2,2.0797,5114,0
rep2,2.0798,5115,0
rep2,2.0799,5116,0
rep2,2.0799,5117,0
rep2,2.0799,5118,0
rep2,2.0799,5119,0
rep2,2.08,5120,0
rep2,2.08,5121,0
rep2,2.08,5122,0
rep2,2.08,5123,0
rep2,2.08,5124,0
rep2,2.0801,5125,0
rep2,2.0801,5126,0
rep2,2.0801,5127,0
rep2,2.0801,5128,0
rep2,2.0802,5129,0
rep2,2.0802,5130,0
rep2,2.0802,5131,0
rep2,2.0803,5132,0
rep2,2.0803,5133,0
rep2,2.0804,5134,0
rep2,2.0804,5135,0
rep2,2.0804,5136,0
rep2,2.0804,5137,0
rep2,2.0804,5138,0
rep2,2.0805,5139,0
rep2,2.0805,5140,0
rep2,2.0805,5141,0
rep2,2.0805,5142,0
rep2,2.0806,5143,0
rep2,2.0806,5144,0
rep2,2.0806,5145,0
rep2,2.0806,5146,0
rep2,2.0807,5147,0
rep2,2.0808,5148,0
rep2,2.0808,5149,0
rep2,2.0808,5150,0
rep2,2.0808,5151,0
rep2,2.0808,5152,0
rep2,2.0808,5153,0
rep2,2.0809,5154,0
rep2,2.0809,5155,0
rep2,2.0809,5156,0
rep2,2.081,5157,0
rep2,2.0811,5158,0
rep2,2.0811,5159,0
rep2,2.0812,5160,0
rep2,2.0812,5161,0
rep2,2.0813,5162,0
rep2,2.0813,5163,0
rep2,2.0813,5164,0
rep2,2.0813,5165,0
rep2,2.0814,5166,0
rep2,2.0815,5167,0
rep2,2.0815,5168,0
rep2,2.0815,5169,0
rep2,2.0815,5170,0
rep2,2.0816,5171,0
rep2,2.0816,5172,0
rep2,2.0816,5173,0
rep2,2.0817,5174,0
rep2,2.0817,5175,0
rep2,2.0818,5176,0
rep2,2.0819,5177,0
rep2,2.082,5178,0
rep2,2.082,5179,0
rep2,2.0821,5180,0
rep2,2.0823,5181,0
rep2,2.0823,5182,0
rep2,2.0823,5183,0
rep2,2.0825,5184,0
rep2,2.0825,5185,0
rep2,2.0825,5186,0
rep2,2.0826,5187,0
rep2,2.0827,5188,0
rep2,2.0827,5189,0
rep2,2.0827,5190,0
rep2,2.0827,5191,0
rep2,2.0827,5192,0
rep2,2.0828,5193,0
rep2,2.0829,5194,0
rep2,2.0829,5195,0
rep2,2.0829,5196,0
rep2,2.083,5197,0
rep2,2.083,5198,0
rep2,2.083,5199,0
rep2,2.083,5200,0
rep2,2.083,5201,0
rep2,2.0831,5202,0
rep2,2.0831,5203,0
rep2,2.0831,5204,0
rep2,2.0831,5205,0
rep2,2.0832,5206,0
rep2,2.0833,5207,0
rep2,2.0833,5208,0
rep2,2.0833,5209,0
rep2,2.0833,5210,0
rep2,2.0833,5211,0
rep2,2.0834,5212,0
rep2,2.0834,5213,0
rep2,2.0834,5214,0
rep2,2.0835,5215,0
rep2,2.0835,5216,0
rep2,2.0836,5217,0
rep2,2.0836,5218,0
rep2,2.0837,5219,0
rep2,2.0837,5220,0
rep2,2.0837,5221,0
rep2,2.0838,5222,0
rep2,2.0838,5223,0
rep2,2.0838,5224,0
rep2,2.0839,5225,0
rep2,2.0839,5226,0
rep2,2.084,5227,0
rep2,2.0841,5228,0
rep2,2.0843,5229,0
rep2,2.0843,5230,0
rep2,2.0844,5231,0
rep2,2.0844,5232,0
rep2,2.0845,5233,0
rep2,2.0846,5234,0
rep2,2.0846,5235,0
rep2,2.0846,5236,0
rep2,2.0847,5237,0
rep2,2.0848,5238,0
rep2,2.0848,5239,0
rep2,2.0848,5240,0
rep2,2.0849,5241,0
rep2,2.0849,5242,0
rep2,2.085,5243,0
rep2,2.085,5244,0
rep2,2.0851,5245,0
rep2,2.0852,5246,0
rep2,2.0853,5247,0
rep2,2.0854,5248,0
rep2,2.0854,5249,0
rep2,2.0854,5250,0
rep2,2.0855,5251,0
rep2,2.0855,5252,0
rep2,2.0855,5253,0
rep2,2.0856,5254,0
rep2,2.0856,5255,0
rep2,2.0857,5256,0
rep2,2.0857,5257,0
rep2,2.0857,5258,0
rep2,2.0857,5259,0
rep2,2.0858,5260,0
rep2,2.0859,5261,0
rep2,2.086,5262,0
rep2,2.086,5263,0
rep2,2.086,5264,0
rep2,2.0861,5265,0
rep2,2.0861,5266,0
rep2,2.0861,5267,0
rep2,2.0863,5268,0
rep2,2.0863,5269,0
rep2,2.0864,5270,0
rep2,2.0865,5271,0
rep2,2.0865,5272,0
rep2,2.0866,5273,0
rep2,2.0866,5274,0
rep2,2.0866,5275,0
rep2,2.0866,5276,0
rep2,2.0867,5277,0
rep2,2.0869,5278,0
rep2,2.0869,5279,0
rep2,2.0869,5280,0
rep2,2.087,5281,0
rep2,2.087,5282,0
rep2,2.0871,5283,0
rep2,2.0872,5284,0
rep2,2.0874,5285,0
rep2,2.0875,5286,0
rep2,2.0875,5287,0
rep2,2.0875,5288,0
rep2,2.0876,5289,0
rep2,2.0877,5290,0
rep2,2.0878,5291,0
rep2,2.0879,5292,0
rep2,2.0881,5293,0
rep2,2.0881,5294,0
rep2,2.0883,5295,0
rep2,2.0885,5296,0
rep2,2.0885,5297,0
rep2,2.0886,5298,0
rep2,2.0889,5299,0
rep2,2.089,5300,0
rep2,2.089,5301,0
rep2,2.0891,5302,0
rep2,2.0891,5303,0
rep2,2.0892,5304,0
rep2,2.0892,5305,0
rep2,2.0892,5306,0
rep2,2.0892,5307,0
rep2,2.0892,5308,0
rep2,2.0893,5309,0
rep2,2.0893,5310,0
rep2,2.0896,5311,0
rep2,2.0898,5312,0
rep2,2.0898,5313,0
rep2,2.0899,5314,0
rep2,2.09,5315,0
rep2,2.09,5316,0
rep2,2.0901,5317,0
rep2,2.0902,5318,0
rep2,2.0905,5319,0
rep2,2.0907,5320,0
rep2,2.0907,5321,0
rep2,2.0908,5322,0
rep2,2.0908,5323,0
rep2,2.0909,5324,0
rep2,2.091,5325,0
rep2,2.091,5326,0
rep2,2.091,5327,0
rep2,2.0911,5328,0
rep2,2.0911,5329,0
rep2,2.0912,5330,0
rep2,2.0915,5331,0
rep2,2.0917,5332,0
rep2,2.0919,5333,0
rep2,2.0919,5334,0
rep2,2.0921,5335,0
rep2,2.0922,5336,0
rep2,2.0924,5337,0
rep2,2.0924,5338,0
rep2,2.0925,5339,0
rep2,2.0927,5340,0
rep2,2.0928,5341,0
rep2,2.0928,5342,0
rep2,2.0928,5343,0
rep2,2.093,5344,0
rep2,2.0931,5345,0
rep2,2.0935,5346,0
rep2,2.0935,5347,0
rep2,2.0935,5348,0
rep2,2.0936,5349,0
rep2,2.0936,5350,0
rep2,2.0936,5351,0
rep2,2.0938,5352,0
rep2,2.0938,5353,0
rep2,2.0941,5354,0
rep2,2.0941,5355,0
rep2,2.0943,5356,0
rep2,2.0943,5357,0
rep2,2.0945,5358,0
rep2,2.0946,5359,0
rep2,2.0946,5360,0
rep2,2.0947,5361,0
rep2,2.0948,5362,0
rep2,2.0948,5363,0
rep2,2.0948,5364,0
rep2,2.0949,5365,0
rep2,2.0949,5366,0
rep2,2.0952,5367,0
rep2,2.0952,5368,0
rep2,2.0954,5369,0
rep2,2.0954,5370,0
rep2,2.0955,5371,0
rep2,2.0958,5372,0
rep2,2.0959,5373,0
rep2,2.096,5374,0
rep2,2.0963,5375,0
rep2,2.0964,5376,0
rep2,2.0965,5377,0
rep2,2.0965,5378,0
rep2,2.0965,5379,0
rep2,2.0966,5380,0
rep2,2.0966,5381,0
rep2,2.0966,5382,0
rep2,2.0973,5383,0
rep2,2.0974,5384,0
rep2,2.0977,5385,0
rep2,2.0977,5386,0
rep2,2.0983,5387,0
rep2,2.0987,5388,0
rep2,2.0993,5389,0
rep2,2.0994,5390,0
rep2,2.0994,5391,0
rep2,2.0996,5392,0
rep2,2.1003,5393,0
rep2,2.1003,5394,0
rep2,2.1005,5395,0
rep2,2.1006,5396,0
rep2,2.1007,5397,0
rep2,2.1007,5398,0
rep2,2.1011,5399,0
rep2,2.1013,5400,0
rep2,2.1014,5401,0
rep2,2.1021,5402,0
rep2,2.1021,5403,0
rep2,2.1023,5404,0
rep2,2.1028,5405,0
rep2,2.1029,5406,0
rep2,2.1032,5407,0
rep2,2.1035,5408,0
rep2,2.1035,5409,0
rep2,2.1036,5410,0
rep2,2.1038,5411,0
rep2,2.1039,5412,0
rep2,2.1041,5413,0
rep2,2.1043,5414,0
rep2,2.1044,5415,0
rep2,2.1045,5416,0
rep2,2.1048,5417,0
rep2,2.1049,5418,0
rep2,2.1054,5419,0
rep2,2.1055,5420,0
rep2,2.1058,5421,0
rep2,2.107,5422,0
rep2,2.107,5423,0
rep2,2.1071,5424,0
rep2,2.1073,5425,0
rep2,2.1084,5426,0
rep2,2.1087,5427,0
rep2,2.1091,5428,0
rep2,2.1093,5429,0
rep2,2.1096,5430,0
rep2,2.1099,5431,0
rep2,2.1101,5432,0
rep2,2.1105,5433,0
rep2,2.1107,5434,0
rep2,2.1113,5435,0
rep2,2.1122,5436,0
rep2,2.1123,5437,0
rep2,2.1124,5438,0
rep2,2.1125,5439,0
rep2,2.1126,5440,0
rep2,2.1126,5441,0
rep2,2.1126,5442,0
rep2,2.1129,5443,0
rep2,2.1129,5444,0
rep2,2.113,5445,0
rep2,2.1133,5446,0
rep2,2.1136,5447,0
rep2,2.1137,5448,0
rep2,2.1138,5449,0
rep2,2.114,5450,0
rep2,2.114,5451,0
rep2,2.1141,5452,0
rep2,2.1141,5453,0
rep2,2.1143,5454,0
rep2,2.1144,5455,0
rep2,2.1145,5456,0
rep2,2.1146,5457,0
rep2,2.1147,5458,0
rep2,2.1147,5459,0
rep2,2.1148,5460,0
rep2,2.1148,5461,0
rep2,2.1148,5462,0
rep2,2.115,5463,0
rep2,2.1151,5464,0
rep2,2.1154,5465,0
rep2,2.1154,5466,0
rep2,2.1156,5467,0
rep2,2.1157,5468,0
rep2,2.1158,5469,0
rep2,2.116,5470,0
rep2,2.1165,5471,0
rep2,2.1165,5472,0
rep2,2.1166,5473,0
rep2,2.1167,5474,0
rep2,2.1167,5475,0
rep2,2.1168,5476,0
rep2,2.117,5477,0
rep2,2.1173,5478,0
rep2,2.1173,5479,0
rep2,2.1175,5480,0
rep2,2.1176,5481,0
rep2,2.1177,5482,0
rep2,2.1177,5483,0
rep2,2.1178,5484,0
rep2,2.1179,5485,0
rep2,2.1185,5486,0
rep2,2.1185,5487,0
rep2,2.1186,5488,0
rep2,2.1189,5489,0
rep2,2.1194,5490,0
rep2,2.1194,5491,0
rep2,2.1195,5492,0
rep2,2.1195,5493,0
rep2,2.1196,5494,0
rep2,2.12,5495,0
rep2,2.12,5496,0
rep2,2.1202,5497,0
rep2,2.1202,5498,0
rep2,2.1205,5499,0
rep2,2.1208,5500,0
rep2,2.1212,5501,0
rep2,2.1212,5502,0
rep2,2.1215,5503,0
rep2,2.1215,5504,0
rep2,2.1216,5505,0
rep2,2.122,5506,0
rep2,2.1223,5507,0
rep2,2.1229,5508,0
rep2,2.1234,5509,0
rep2,2.1235,5510,0
rep2,2.1239,5511,0
rep2,2.1241,5512,0
rep2,2.1246,5513,0
rep2,2.1249,5514,0
rep2,2.1252,5515,0
rep2,2.1252,5516,0
rep2,2.1254,5517,0
rep2,2.1255,5518,0
rep2,2.1257,5519,0
rep2,2.1258,5520,0
rep2,2.1259,5521,0
rep2,2.1262,5522,0
rep2,2.1266,5523,0
rep2,2.1271,5524,0
rep2,2.1272,5525,0
rep2,2.1272,5526,0
rep2,2.1275,5527,0
rep2,2.1277,5528,0
rep2,2.1278,5529,0
rep2,2.128,5530,0
rep2,2.1285,5531,0
rep2,2.1286,5532,0
rep2,2.1287,5533,0
rep2,2.1288,5534,0
rep2,2.1293,5535,0
rep2,2.1294,5536,0
rep2,2.1297,5537,0
rep2,2.1298,5538,0
rep2,2.1302,5539,0
rep2,2.1304,5540,0
rep2,2.1304,5541,0
rep2,2.1305,5542,0
rep2,2.1314,5543,0
rep2,2.1315,5544,0
rep2,2.1317,5545,0
rep2,2.132,5546,0
rep2,2.1327,5547,0
rep2,2.1333,5548,0
rep2,2.1335,5549,0
rep2,2.1335,5550,0
rep2,2.1339,5551,0
rep2,2.1343,5552,0
rep2,2.1349,5553,0
rep2,2.135,5554,0
rep2,2.1353,5555,0
rep2,2.1356,5556,0
rep2,2.1362,5557,0
rep2,2.1365,5558,0
rep2,2.1375,5559,0
rep2,2.1376,5560,0
rep2,2.1378,5561,0
rep2,2.1378,5562,0
rep2,2.1381,5563,0
rep2,2.1383,5564,0
rep2,2.1391,5565,0
rep2,2.1392,5566,0
rep2,2.1396,5567,0
rep2,2.1403,5568,0
rep2,2.1406,5569,0
rep2,2.1408,5570,0
rep2,2.1416,5571,0
rep2,2.1423,5572,0
rep2,2.1423,5573,0
rep2,2.1424,5574,0
rep2,2.1425,5575,0
rep2,2.1426,5576,0
rep2,2.1432,5577,0
rep2,2.1436,5578,0
rep2,2.1437,5579,0
rep2,2.1438,5580,0
rep2,2.1439,5581,0
rep2,2.1445,5582,0
rep2,2.1445,5583,0
rep2,2.1448,5584,0
rep2,2.145,5585,0
rep2,2.1452,5586,0
rep2,2.1455,5587,0
rep2,2.1456,5588,0
rep2,2.146,5589,0
rep2,2.1462,5590,0
rep2,2.1462,5591,0
rep2,2.1465,5592,0
rep2,2.1465,5593,0
rep2,2.1466,5594,0
rep2,2.1469,5595,0
rep2,2.1471,5596,0
rep2,2.1476,5597,0
rep2,2.1479,5598,0
rep2,2.148,5599,0
rep2,2.1484,5600,0
rep2,2.1487,5601,0
rep2,2.1487,5602,0
rep2,2.1489,5603,0
rep2,2.149,5604,0
rep2,2.149,5605,0
rep2,2.1491,5606,0
rep2,2.1494,5607,0
rep2,2.1495,5608,0
rep2,2.1496,5609,0
rep2,2.1497,5610,0
rep2,2.1498,5611,0
rep2,2.1498,5612,0
rep2,2.1499,5613,0
rep2,2.15,5614,0
rep2,2.1502,5615,0
rep2,2.1504,5616,0
rep2,2.151,5617,0
rep2,2.1511,5618,0
rep2,2.1511,5619,0
rep2,2.1513,5620,0
rep2,2.1518,5621,0
rep2,2.152,5622,0
rep2,2.152,5623,0
rep2,2.1521,5624,0
rep2,2.1522,5625,0
rep2,2.1524,5626,0
rep2,2.1524,5627,0
rep2,2.1526,5628,0
rep2,2.1528,5629,0
rep2,2.1532,5630,0
rep2,2.1533,5631,0
rep2,2.1535,5632,0
rep2,2.1535,5633,0
rep2,2.1545,5634,0
rep2,2.1545,5635,0
rep2,2.1548,5636,0
rep2,2.155,5637,0
rep2,2.1553,5638,0
rep2,2.1554,5639,0
rep2,2.1556,5640,0
rep2,2.1558,5641,0
rep2,2.1564,5642,0
rep2,2.1565,5643,0
rep2,2.1566,5644,0
rep2,2.1572,5645,0
rep2,2.1573,5646,0
rep2,2.1573,5647,0
rep2,2.1577,5648,0
rep2,2.1577,5649,0
rep2,2.1578,5650,0
rep2,2.158,5651,0
rep2,2.158,5652,0
rep2,2.1582,5653,0
rep2,2.1583,5654,0
rep2,2.1585,5655,0
rep2,2.1586,5656,0
rep2,2.1587,5657,0
rep2,2.1588,5658,0
rep2,2.1593,5659,0
rep2,2.1595,5660,0
rep2,2.1596,5661,0
rep2,2.1598,5662,0
rep2,2.1605,5663,0
rep2,2.1605,5664,0
rep2,2.1607,5665,0
rep2,2.1611,5666,0
rep2,2.1614,5667,0
rep2,2.1616,5668,0
rep2,2.1619,5669,0
rep2,2.1624,5670,0
rep2,2.1625,5671,0
rep2,2.1626,5672,0
rep2,2.1627,5673,0
rep2,2.1628,5674,0
rep2,2.163,5675,0
rep2,2.1631,5676,0
rep2,2.1633,5677,0
rep2,2.1635,5678,0
rep2,2.1641,5679,0
rep2,2.1642,5680,0
rep2,2.1642,5681,0
rep2,2.1643,5682,0
rep2,2.1648,5683,0
rep2,2.1653,5684,0
rep2,2.1654,5685,0
rep2,2.1657,5686,0
rep2,2.1658,5687,0
rep2,2.1658,5688,0
rep2,2.166,5689,0
rep2,2.1661,5690,0
rep2,2.167,5691,0
rep2,2.1671,5692,0
rep2,2.1671,5693,0
rep2,2.1676,5694,0
rep2,2.1677,5695,0
rep2,2.1679,5696,0
rep2,2.168,5697,0
rep2,2.1681,5698,0
rep2,2.1686,5699,0
rep2,2.1687,5700,0
rep2,2.1688,5701,0
rep2,2.1688,5702,0
rep2,2.1692,5703,0
rep2,2.1699,5704,0
rep2,2.1702,5705,0
rep2,2.1703,5706,0
rep2,2.1704,5707,0
rep2,2.1706,5708,0
rep2,2.1708,5709,0
rep2,2.1711,5710,0
rep2,2.1711,5711,0
rep2,2.1711,5712,0
rep2,2.1715,5713,0
rep2,2.1719,5714,0
rep2,2.1723,5715,0
rep2,2.1727,5716,0
rep2,2.1731,5717,0
rep2,2.1732,5718,0
rep2,2.1739,5719,0
rep2,2.1739,5720,0
rep2,2.174,5721,0
rep2,2.1744,5722,0
rep2,2.1745,5723,0
rep2,2.1747,5724,0
rep2,2.1749,5725,0
rep2,2.1751,5726,0
rep2,2.1753,5727,0
rep2,2.1753,5728,0
rep2,2.1757,5729,0
rep2,2.176,5730,0
rep2,2.176,5731,0
rep2,2.1761,5732,0
rep2,2.1764,5733,0
rep2,2.1764,5734,0
rep2,2.1768,5735,0
rep2,2.1771,5736,0
rep2,2.1774,5737,0
rep2,2.1774,5738,0
rep2,2.1776,5739,0
rep2,2.1777,5740,0
rep2,2.1779,5741,0
rep2,2.1779,5742,0
rep2,2.1779,5743,0
rep2,2.178,5744,0
rep2,2.1781,5745,0
rep2,2.1783,5746,0
rep2,2.1783,5747,0
rep2,2.1784,5748,0
rep2,2.179,5749,0
rep2,2.1791,5750,0
rep2,2.1794,5751,0
rep2,2.1794,5752,0
rep2,2.1794,5753,0
rep2,2.1798,5754,0
rep2,2.1799,5755,0
rep2,2.18,5756,0
rep2,2.18,5757,0
rep2,2.1801,5758,0
rep2,2.1802,5759,0
rep2,2.1802,5760,0
rep2,2.1804,5761,0
rep2,2.1804,5762,0
rep2,2.1805,5763,0
rep2,2.1808,5764,0
rep2,2.1808,5765,0
rep2,2.1809,5766,0
rep2,2.1809,5767,0
rep2,2.181,5768,0
rep2,2.1812,5769,0
rep2,2.1814,5770,0
rep2,2.1816,5771,0
rep2,2.1818,5772,0
rep2,2.1819,5773,0
rep2,2.182,5774,0
rep2,2.1821,5775,0
rep2,2.1821,5776,0
rep2,2.1825,5777,0
rep2,2.1826,5778,0
rep2,2.1827,5779,0
rep2,2.1828,5780,0
rep2,2.1834,5781,0
rep2,2.1836,5782,0
rep2,2.1838,5783,0
rep2,2.1839,5784,0
rep2,2.1839,5785,0
rep2,2.1841,5786,0
rep2,2.1842,5787,0
rep2,2.1843,5788,0
rep2,2.1844,5789,0
rep2,2.1844,5790,0
rep2,2.1845,5791,0
rep2,2.1846,5792,0
rep2,2.1846,5793,0
rep2,2.1848,5794,0
rep2,2.1848,5795,0
rep2,2.1852,5796,0
rep2,2.1855,5797,0
rep2,2.1856,5798,0
rep2,2.1856,5799,0
rep2,2.1858,5800,0
rep2,2.1858,5801,0
rep2,2.1859,5802,0
rep2,2.1862,5803,0
rep2,2.1864,5804,0
rep2,2.1864,5805,0
rep2,2.1867,5806,0
rep2,2.1872,5807,0
rep2,2.1874,5808,0
rep2,2.1874,5809,0
rep2,2.1878,5810,0
rep2,2.1879,5811,0
rep2,2.1879,5812,0
rep2,2.188,5813,0
rep2,2.1881,5814,0
rep2,2.1882,5815,0
rep2,2.1882,5816,0
rep2,2.1886,5817,0
rep2,2.189,5818,0
rep2,2.1895,5819,0
rep2,2.1899,5820,0
rep2,2.19,5821,0
rep2,2.1903,5822,0
rep2,2.1904,5823,0
rep2,2.1904,5824,0
rep2,2.1908,5825,0
rep2,2.1909,5826,0
rep2,2.1912,5827,0
rep2,2.1917,5828,0
rep2,2.1918,5829,0
rep2,2.1921,5830,0
rep2,2.1923,5831,0
rep2,2.1924,5832,0
rep2,2.1928,5833,0
rep2,2.1928,5834,0
rep2,2.1937,5835,0
rep2,2.1937,5836,0
rep2,2.1939,5837,0
rep2,2.1939,5838,0
rep2,2.194,5839,0
rep2,2.1942,5840,0
rep2,2.1942,5841,0
rep2,2.1943,5842,0
rep2,2.1943,5843,0
rep2,2.1945,5844,0
rep2,2.1945,5845,0
rep2,2.1947,5846,0
rep2,2.1949,5847,0
rep2,2.1956,5848,0
rep2,2.1957,5849,0
rep2,2.1959,5850,0
rep2,2.196,5851,0
rep2,2.1964,5852,0
rep2,2.1964,5853,0
rep2,2.1966,5854,0
rep2,2.1966,5855,0
rep2,2.1966,5856,0
rep2,2.1967,5857,0
rep2,2.1968,5858,0
rep2,2.1968,5859,0
rep2,2.1968,5860,0
rep2,2.1969,5861,0
rep2,2.1969,5862,0
rep2,2.1972,5863,0
rep2,2.1972,5864,0
rep2,2.1973,5865,0
rep2,2.1974,5866,0
rep2,2.1975,5867,0
rep2,2.1976,5868,0
rep2,2.1976,5869,0
rep2,2.1976,5870,0
rep2,2.1977,5871,0
rep2,2.1981,5872,0
rep2,2.1982,5873,0
rep2,2.1984,5874,0
rep2,2.1987,5875,0
rep2,2.1988,5876,0
rep2,2.1989,5877,0
rep2,2.1993,5878,0
rep2,2.1994,5879,0
rep2,2.2,5880,0
rep2,2.2001,5881,0
rep2,2.2004,5882,0
rep2,2.2005,5883,0
rep2,2.2006,5884,0
rep2,2.2007,5885,0
rep2,2.201,5886,0
rep2,2.201,5887,0
rep2,2.2011,5888,0
rep2,2.2012,5889,0
rep2,2.2013,5890,0
rep2,2.2013,5891,0
rep2,2.2014,5892,0
rep2,2.2015,5893,0
rep2,2.202,5894,0
rep2,2.2022,5895,0
rep2,2.2024,5896,0
rep2,2.2024,5897,0
rep2,2.2025,5898,0
rep2,2.2026,5899,0
rep2,2.2027,5900,0
rep2,2.2031,5901,0
rep2,2.2034,5902,0
rep2,2.2036,5903,0
rep2,2.2036,5904,0
rep2,2.2037,5905,0
rep2,2.2038,5906,0
rep2,2.2039,5907,0
rep2,2.2041,5908,0
rep2,2.205,5909,0
rep2,2.2051,5910,0
rep2,2.2051,5911,0
rep2,2.2051,5912,0
rep2,2.2052,5913,0
rep2,2.2054,5914,0
rep2,2.2057,5915,0
rep2,2.2058,5916,0
rep2,2.2059,5917,0
rep2,2.206,5918,0
rep2,2.2063,5919,0
rep2,2.2063,5920,0
rep2,2.2064,5921,0
rep2,2.2064,5922,0
rep2,2.2066,5923,0
rep2,2.2066,5924,0
rep2,2.2067,5925,0
rep2,2.2069,5926,0
rep2,2.2069,5927,0
rep2,2.2073,5928,0
rep2,2.2074,5929,0
rep2,2.2076,5930,0
rep2,2.2079,5931,0
rep2,2.2082,5932,0
rep2,2.2088,5933,0
rep2,2.2089,5934,0
rep2,2.209,5935,0
rep2,2.2092,5936,0
rep2,2.2097,5937,0
rep2,2.21,5938,0
rep2,2.2104,5939,0
rep2,2.2104,5940,0
rep2,2.2106,5941,0
rep2,2.2107,5942,0
rep2,2.2112,5943,0
rep2,2.2112,5944,0
rep2,2.2116,5945,0
rep2,2.2122,5946,0
rep2,2.2125,5947,0
rep2,2.2127,5948,0
rep2,2.2128,5949,0
rep2,2.2129,5950,0
rep2,2.2129,5951,0
rep2,2.2129,5952,0
rep2,2.213,5953,0
rep2,2.2131,5954,0
rep2,2.2137,5955,0
rep2,2.2139,5956,0
rep2,2.2141,5957,0
rep2,2.2142,5958,0
rep2,2.2145,5959,0
rep2,2.2149,5960,0
rep2,2.215,5961,0
rep2,2.215,5962,0
rep2,2.2152,5963,0
rep2,2.2154,5964,0
rep2,2.2155,5965,0
rep2,2.2155,5966,0
rep2,2.2155,5967,0
rep2,2.2159,5968,0
rep2,2.216,5969,0
rep2,2.2161,5970,0
rep2,2.2162,5971,0
rep2,2.2163,5972,0
rep2,2.2163,5973,0
rep2,2.2164,5974,0
rep2,2.2164,5975,0
rep2,2.2165,5976,0
rep2,2.2165,5977,0
rep2,2.2166,5978,0
rep2,2.2168,5979,0
rep2,2.2169,5980,0
rep2,2.217,5981,0
rep2,2.217,5982,0
rep2,2.2172,5983,0
rep2,2.2175,5984,0
rep2,2.2176,5985,0
rep2,2.218,5986,0
rep2,2.2181,5987,0
rep2,2.2181,5988,0
rep2,2.2181,5989,0
rep2,2.2184,5990,0
rep2,2.2185,5991,0
rep2,2.2185,5992,0
rep2,2.2187,5993,0
rep2,2.2188,5994,0
rep2,2.2189,5995,0
rep2,2.219,5996,0
rep2,2.2192,5997,0
rep2,2.2195,5998,0
rep2,2.2199,5999,0
rep2,2.2202,6000,0
rep2,2.2203,6001,0
rep2,2.2203,6002,0
rep2,2.2204,6003,0
rep2,2.2206,6004,0
rep2,2.2207,6005,0
rep2,2.2209,6006,0
rep2,2.221,6007,0
rep2,2.221,6008,0
rep2,2.2214,6009,0
rep2,2.2215,6010,0
rep2,2.2215,6011,0
rep2,2.2216,6012,0
rep2,2.2218,6013,0
rep2,2.2219,6014,0
rep2,2.2222,6015,0
rep2,2.2224,6016,0
rep2,2.2226,6017,0
rep2,2.2226,6018,0
rep2,2.2228,6019,0
rep2,2.2231,6020,0
rep2,2.2233,6021,0
rep2,2.2234,6022,0
rep2,2.2235,6023,0
rep2,2.2236,6024,0
rep2,2.2236,6025,0
rep2,2.2236,6026,0
rep2,2.2238,6027,0
rep2,2.2238,6028,0
rep2,2.224,6029,0
rep2,2.224,6030,0
rep2,2.2241,6031,0
rep2,2.2242,6032,0
rep2,2.2242,6033,0
rep2,2.2243,6034,0
rep2,2.2245,6035,0
rep2,2.2245,6036,0
rep2,2.2247,6037,0
rep2,2.2248,6038,0
rep2,2.2255,6039,0
rep2,2.2258,6040,0
rep2,2.226,6041,0
rep2,2.226,6042,0
rep2,2.2261,6043,0
rep2,2.2262,6044,0
rep2,2.2262,6045,0
rep2,2.2262,6046,0
rep2,2.2266,6047,0
rep2,2.2269,6048,0
rep2,2.2269,6049,0
rep2,2.2272,6050,0
rep2,2.2275,6051,0
rep2,2.2276,6052,0
rep2,2.2276,6053,0
rep2,2.2277,6054,0
rep3,1.0085,1,0
rep3,1.0085,2,0
rep3,1.0086,3,0
rep3,1.0087,4,0
rep3,1.0088,5,0
rep3,1.0089,6,0
rep3,1.0089,7,0
rep3,1.009,8,0
rep3,1.009,9,0
rep3,1.0091,10,0
rep3,1.0091,11,0
rep3,1.0091,12,0
rep3,1.0092,13,0
rep3,1.0095,14,0
rep3,1.0095,15,0
rep3,1.0095,16,0
rep3,1.0096,17,0
rep3,1.0097,18,0
rep3,1.0098,19,0
rep3,1.0099,20,0
rep3,1.0102,21,0
rep3,1.0103,22,0
rep3,1.0103,23,0
rep3,1.0104,24,0
rep3,1.0104,25,0
rep3,1.0105,26,0
rep3,1.0105,27,0
rep3,1.0106,28,0
rep3,1.0106,29,0
rep3,1.0108,30,0
rep3,1.0108,31,0
rep3,1.0108,32,0
rep3,1.0108,33,0
rep3,1.0109,34,0
rep3,1.0109,35,0
rep3,1.0109,36,0
rep3,1.011,37,0
rep3,1.011,38,0
rep3,1.0111,39,0
rep3,1.0111,40,0
rep3,1.0112,41,0
rep3,1.0113,42,0
rep3,1.0114,43,0
rep3,1.0114,44,0
rep3,1.0115,45,0
rep3,1.0116,46,0
rep3,1.0116,47,0
rep3,1.0116,48,0
rep3,1.0118,49,0
rep3,1.0118,50,0
rep3,1.0119,51,0
rep3,1.012,52,0
rep3,1.012,53,0
rep3,1.0121,54,0
rep3,1.0122,55,0
rep3,1.0122,56,0
rep3,1.0123,57,0
rep3,1.0123,58,0
rep3,1.0124,59,0
rep3,1.0124,60,0
rep3,1.0125,61,0
rep3,1.0125,62,0
rep3,1.0127,63,0
rep3,1.0127,64,0
rep3,1.0128,65,0
rep3,1.0128,66,0
rep3,1.0129,67,0
rep3,1.0129,68,0
rep3,1.0131,69,0
rep3,1.0131,70,0
rep3,1.0132,71,0
rep3,1.0133,72,0
rep3,1.0133,73,0
rep3,1.0133,74,0
rep3,1.0135,75,0
rep3,1.0135,76,0
rep3,1.0135,77,0
rep3,1.0135,78,0
rep3,1.0136,79,0
rep3,1.0137,80,0
rep3,1.0137,81,0
rep3,1.0138,82,0
rep3,1.0139,83,0
rep3,1.014,84,0
rep3,1.014,85,0
rep3,1.014,86,0
rep3,1.0143,87,0
rep3,1.0144,88,0
rep3,1.0144,89,0
rep3,1.0144,90,0
rep3,1.0147,91,0
rep3,1.0148,92,0
rep3,1.0148,93,0
rep3,1.0149,94,0
rep3,1.015,95,0
rep3,1.0152,96,0
rep3,1.0153,97,0
rep3,1.0154,98,0
rep3,1.0156,99,0
rep3,1.0158,100,0
rep3,1.0158,101,0
rep3,1.0158,102,0
rep3,1.0159,103,0
rep3,1.016,104,0
rep3,1.016,105,0
rep3,1.0161,106,0
rep3,1.0161,107,0
rep3,1.0162,108,0
rep3,1.017,109,0
rep3,1.0171,110,0
rep3,1.0173,111,0
rep3,1.0174,112,0
rep3,1.0176,113,0
rep3,1.0178,114,0
rep3,1.018,115,0
rep3,1.018,116,0
rep3,1.018,117,0
rep3,1.0181,118,0
rep3,1.0183,119,0
rep3,1.0183,120,0
rep3,1.0184,121,0
rep3,1.0185,122,0
rep3,1.0186,123,0
rep3,1.0187,124,0
rep3,1.0194,125,0
rep3,1.0194,126,0
rep3,1.0197,127,0
rep3,1.0198,128,0
rep3,1.02,129,0
rep3,1.0201,130,0
rep3,1.0205,131,0
rep3,1.0206,132,0
rep3,1.0206,133,0
rep3,1.0208,134,0
rep3,1.0217,135,0
rep3,1.0221,136,0
rep3,1.0221,137,0
rep3,1.0223,138,0
rep3,1.0224,139,0
rep3,1.0229,140,0
rep3,1.0231,141,0
rep3,1.0231,142,0
rep3,1.0233,143,0
rep3,1.0233,144,0
rep3,1.0235,145,0
rep3,1.0241,146,0
rep3,1.0241,147,0
rep3,1.0243,148,0
rep3,1.0246,149,0
rep3,1.0247,150,0
rep3,1.0256,151,0
rep3,1.0256,152,0
rep3,1.0262,153,0
rep3,1.0263,154,0
rep3,1.0269,155,0
rep3,1.0271,156,0
rep3,1.0273,157,0
rep3,1.0276,158,0
rep3,1.0277,159,0
rep3,1.0278,160,0
rep3,1.0284,161,0
rep3,1.0285,162,0
rep3,1.0305,163,0
rep3,1.0317,164,0
rep3,1.0325,165,0
rep3,1.0326,166,0
rep3,1.0334,167,0
rep3,1.034,168,0
rep3,1.0341,169,0
rep3,1.0343,170,0
rep3,1.0351,171,0
rep3,1.0352,172,0
rep3,1.0353,173,0
rep3,1.0354,174,0
rep3,1.0366,175,0
rep3,1.0379,176,0
rep3,1.0384,177,0
rep3,1.0404,178,0
rep3,1.0415,179,0
rep3,1.0417,180,0
rep3,1.0423,181,0
rep3,1.0423,182,0
rep3,1.0423,183,0
rep3,1.0423,184,0
rep3,1.0423,185,0
rep3,1.0423,186,0
rep3,1.0423,187,0
rep3,1.0423,188,0
rep3,1.0423,189,0
rep3,1.0423,190,0
rep3,1.0424,191,0
rep3,1.0424,192,0
rep3,1.0424,193,0
rep3,1.0424,194,0
rep3,1.0424,195,0
rep3,1.0424,196,0
rep3,1.0424,197,0
rep3,1.0424,198,0
rep3,1.0424,199,0
rep3,1.0424,200,0
rep3,1.0424,201,0
rep3,1.0424,202,0
rep3,1.0424,203,0
rep3,1.0424,204,0
rep3,1.0424,205,0
rep3,1.0424,206,0
rep3,1.0424,207,0
rep3,1.0424,208,0
rep3,1.0424,209,0
rep3,1.0425,210,0
rep3,1.0425,211,0
rep3,1.0425,212,0
rep3,1.0425,213,0
rep3,1.0425,214,0
rep3,1.0425,215,0
rep3,1.0425,216,0
rep3,1.0425,217,0
rep3,1.0425,218,0
rep3,1.0425,219,0
rep3,1.0426,220,0
rep3,1.0426,221,0
rep3,1.0426,222,0
rep3,1.0426,223,0
rep3,1.0427,224,0
rep3,1.0427,225,0
rep3,1.0427,226,0
rep3,1.0427,227,0
rep3,1.0428,228,0
rep3,1.0428,229,0
rep3,1.0428,230,0
rep3,1.0428,231,0
rep3,1.0428,232,0
rep3,1.0429,233,0
rep3,1.0429,234,0
rep3,1.0429,235,0
rep3,1.0429,236,0
rep3,1.0429,237,0
rep3,1.0429,238,0
rep3,1.0429,239,0
rep3,1.043,240,0
rep3,1.043,241,0
rep3,1.043,242,0
rep3,1.043,243,0
rep3,1.043,244,0
rep3,1.043,245,0
rep3,1.043,246,0
rep3,1.0431,247,0
rep3,1.0431,248,0
rep3,1.0431,249,0
rep3,1.0431,250,0
rep3,1.0432,251,0
rep3,1.0432,252,0
rep3,1.0432,253,0
rep3,1.0432,254,0
rep3,1.0432,255,0
rep3,1.0432,256,0
rep3,1.0432,257,0
rep3,1.0433,258,0
rep3,1.0433,259,0
rep3,1.0433,260,0
rep3,1.0433,261,0
rep3,1.0433,262,0
rep3,1.0434,263,0
rep3,1.0434,264,0
rep3,1.0434,265,0
rep3,1.0434,266,0
rep3,1.0434,267,0
rep3,1.0434,268,0
rep3,1.0434,269,0
rep3,1.0435,270,0
rep3,1.0435,271,0
rep3,1.0435,272,0
rep3,1.0435,273,0
rep3,1.0435,274,0
rep3,1.0436,275,0
rep3,1.0436,276,0
rep3,1.0436,277,0
rep3,1.0436,278,0
rep3,1.0436,279,0
rep3,1.0436,280,0
rep3,1.0437,281,0
rep3,1.0437,282,0
rep3,1.0437,283,0
rep3,1.0437,284,0
rep3,1.0437,285,0
rep3,1.0438,286,0
rep3,1.0438,287,0
rep3,1.0438,288,0
rep3,1.0438,289,0
rep3,1.0438,290,0
rep3,1.0438,291,0
rep3,1.0438,292,0
rep3,1.0438,293,0
rep3,1.0438,294,0
rep3,1.0439,295,0
rep3,1.0439,296,0
rep3,1.0439,297,0
rep3,1.0439,298,0
rep3,1.044,299,0
rep3,1.044,300,0
rep3,1.044,301,0
rep3,1.044,302,0
rep3,1.044,303,0
rep3,1.044,304,0
rep3,1.0441,305,0
rep3,1.0441,306,0
rep3,1.0441,307,0
rep3,1.0441,308,0
rep3,1.0442,309,0
rep3,1.0442,310,0
rep3,1.0442,311,0
rep3,1.0442,312,0
rep3,1.0443,313,0
rep3,1.0443,314,0
rep3,1.0443,315,0
rep3,1.0443,316,0
rep3,1.0443,317,0
rep3,1.0443,318,0
rep3,1.0443,319,0
rep3,1.0444,320,0
rep3,1.0444,321,0
rep3,1.0444,322,0
rep3,1.0444,323,0
rep3,1.0444,324,0
rep3,1.0444,325,0
rep3,1.0444,326,0
rep3,1.0445,327,0
rep3,1.0445,328,0
rep3,1.0445,329,0
rep3,1.0445,330,0
rep3,1.0445,331,0
rep3,1.0445,332,0
rep3,1.0446,333,0
rep3,1.0446,334,0
rep3,1.0446,335,0
rep3,1.0446,336,0
rep3,1.0447,337,0
rep3,1.0447,338,0
rep3,1.0447,339,0
rep3,1.0447,340,0
rep3,1.0447,341,0
rep3,1.0447,342,0
rep3,1.0447,343,0
rep3,1.0448,344,0
rep3,1.0448,345,0
rep3,1.0448,346,0
rep3,1.0448,347,0
rep3,1.0448,348,0
rep3,1.0448,349,0
rep3,1.0449,350,0
rep3,1.0449,351,0
rep3,1.0449,352,0
rep3,1.0449,353,0
rep3,1.0449,354,0
rep3,1.0449,355,0
rep3,1.0449,356,0
rep3,1.0449,357,0
rep3,1.045,358,0
rep3,1.045,359,0
rep3,1.045,360,0
rep3,1.045,361,0
rep3,1.045,362,0
rep3,1.0451,363,0
rep3,1.0451,364,0
rep3,1.0451,365,0
rep3,1.0451,366,0
rep3,1.0451,367,0
rep3,1.0451,368,0
rep3,1.0451,369,0
rep3,1.0452,370,0
rep3,1.0452,371,0
rep3,1.0452,372,0
rep3,1.0452,373,0
rep3,1.0452,374,0
rep3,1.0452,375,0
rep3,1.0453,376,0
rep3,1.0453,377,0
rep3,1.0453,378,0
rep3,1.0453,379,0
rep3,1.0453,380,0
rep3,1.0453,381,0
rep3,1.0454,382,0
rep3,1.0454,383,0
rep3,1.0454,384,0
rep3,1.0454,385,0
rep3,1.0454,386,0
rep3,1.0454,387,0
rep3,1.0454,388,0
rep3,1.0455,389,0
rep3,1.0455,390,0
rep3,1.0455,391,0
rep3,1.0455,392,0
rep3,1.0456,393,0
rep3,1.0456,394,0
rep3,1.0456,395,0
rep3,1.0456,396,0
rep3,1.0456,397,0
rep3,1.0457,398,0
rep3,1.0457,399,0
rep3,1.0457,400,0
rep3,1.0457,401,0
rep3,1.0457,402,0
rep3,1.0457,403,0
rep3,1.0458,404,0
rep3,1.0458,405,0
rep3,1.0458,406,0
rep3,1.0458,407,0
rep3,1.0458,408,0
rep3,1.0458,409,0
rep3,1.0459,410,0
rep3,1.0459,411,0
rep3,1.0459,412,0
rep3,1.0459,413,0
rep3,1.0459,414,0
rep3,1.0459,415,0
rep3,1.046,416,0
rep3,1.046,417,0
rep3,1.046,418,0
rep3,1.046,419,0
rep3,1.046,420,0
rep3,1.0461,421,0
rep3,1.0461,422,0
rep3,1.0461,423,0
rep3,1.0462,424,0
rep3,1.0462,425,0
rep3,1.0462,426,0
rep3,1.0462,427,0
rep3,1.0463,428,0
rep3,1.0463,429,0
rep3,1.0463,430,0
rep3,1.0463,431,0
rep3,1.0463,432,0
rep3,1.0463,433,0
rep3,1.0463,434,0
rep3,1.0464,435,0
rep3,1.0464,436,0
rep3,1.0464,437,0
rep3,1.0464,438,0
rep3,1.0464,439,0
rep3,1.0465,440,0
rep3,1.0465,441,0
rep3,1.0465,442,0
rep3,1.0465,443,0
rep3,1.0465,444,0
rep3,1.0466,445,0
rep3,1.0466,446,0
rep3,1.0466,447,0
rep3,1.0466,448,0
rep3,1.0466,449,0
rep3,1.0467,450,0
rep3,1.0467,451,0
rep3,1.0467,452,0
rep3,1.0468,453,0
rep3,1.0468,454,0
rep3,1.0468,455,0
rep3,1.0468,456,0
rep3,1.0468,457,0
rep3,1.0468,458,0
rep3,1.0469,459,0
rep3,1.0469,460,0
rep3,1.0469,461,0
rep3,1.0469,462,0
rep3,1.0469,463,0
rep3,1.047,464,0
rep3,1.047,465,0
rep3,1.047,466,0
rep3,1.047,467,0
rep3,1.047,468,0
rep3,1.047,469,0
rep3,1.047,470,0
rep3,1.0471,471,0
rep3,1.0471,472,0
rep3,1.0471,473,0
rep3,1.0471,474,0
rep3,1.0471,475,0
rep3,1.0471,476,0
rep3,1.0471,477,0
rep3,1.0472,478,0
rep3,1.0472,479,0
rep3,1.0472,480,0
rep3,1.0472,481,0
rep3,1.0472,482,0
rep3,1.0473,483,0
rep3,1.0473,484,0
rep3,1.0473,485,0
rep3,1.0473,486,0
rep3,1.0473,487,0
rep3,1.0473,488,0
rep3,1.0474,489,0
rep3,1.0474,490,0
rep3,1.0474,491,0
rep3,1.0474,492,0
rep3,1.0474,493,0
rep3,1.0475,494,0
rep3,1.0475,495,0
rep3,1.0475,496,0
rep3,1.0475,497,0
rep3,1.0475,498,0
rep3,1.0476,499,0
rep3,1.0476,500,0
rep3,1.0476,501,0
rep3,1.0476,502,0
rep3,1.0476,503,0
rep3,1.0476,504,0
rep3,1.0477,505,0
rep3,1.0477,506,0
rep3,1.0477,507,0
rep3,1.0477,508,0
rep3,1.0477,509,0
rep3,1.0478,510,0
rep3,1.0478,511,0
rep3,1.0479,512,0
rep3,1.0479,513,0
rep3,1.0479,514,0
rep3,1.0479,515,0
rep3,1.0479,516,0
rep3,1.0479,517,0
rep3,1.048,518,0
rep3,1.048,519,0
rep3,1.048,520,0
rep3,1.048,521,0
rep3,1.048,522,0
rep3,1.0481,523,0
rep3,1.0481,524,0
rep3,1.0481,525,0
rep3,1.0481,526,0
rep3,1.0481,527,0
rep3,1.0482,528,0
rep3,1.0482,529,0
rep3,1.0482,530,0
rep3,1.0482,531,0
rep3,1.0482,532,0
rep3,1.0483,533,0
rep3,1.0483,534,0
rep3,1.0483,535,0
rep3,1.0483,536,0
rep3,1.0483,537,0
rep3,1.0483,538,0
rep3,1.0483,539,0
rep3,1.0484,540,0
rep3,1.0484,541,0
rep3,1.0484,542,0
rep3,1.0484,543,0
rep3,1.0484,544,0
rep3,1.0485,545,0
rep3,1.0485,546,0
rep3,1.0485,547,0
rep3,1.0485,548,0
rep3,1.0486,549,0
rep3,1.0486,550,0
rep3,1.0486,551,0
rep3,1.0486,552,0
rep3,1.0487,553,0
rep3,1.0487,554,0
rep3,1.0487,555,0
rep3,1.0487,556,0
rep3,1.0487,557,0
rep3,1.0487,558,0
rep3,1.0487,559,0
rep3,1.0488,560,0
rep3,1.0488,561,0
rep3,1.0488,562,0
rep3,1.0489,563,0
rep3,1.0489,564,0
rep3,1.0489,565,0
rep3,1.0489,566,0
rep3,1.0489,567,0
rep3,1.049,568,0
rep3,1.049,569,0
rep3,1.049,570,0
rep3,1.049,571,0
rep3,1.049,572,0
rep3,1.0491,573,0
rep3,1.0491,574,0
rep3,1.0491,575,0
rep3,1.0492,576,0
rep3,1.0493,577,0
rep3,1.0493,578,0
rep3,1.0493,579,0
rep3,1.0493,580,0
rep3,1.0494,581,0
rep3,1.0494,582,0
rep3,1.0494,583,0
rep3,1.0495,584,0
rep3,1.0495,585,0
rep3,1.0495,586,0
rep3,1.0495,587,0
rep3,1.0496,588,0
rep3,1.0496,589,0
rep3,1.0496,590,0
rep3,1.0496,591,0
rep3,1.0497,592,0
rep3,1.0497,593,0
rep3,1.0497,594,0
rep3,1.0497,595,0
rep3,1.0498,596,0
rep3,1.0498,597,0
rep3,1.0498,598,0
rep3,1.0498,599,0
rep3,1.0498,600,0
rep3,1.0498,601,0
rep3,1.0499,602,0
rep3,1.0499,603,0
rep3,1.0499,604,0
rep3,1.05,605,0
rep3,1.05,606,0
rep3,1.05,607,0
rep3,1.05,608,0
rep3,1.05,609,0
rep3,1.05,610,0
rep3,1.0501,611,0
rep3,1.0501,612,0
rep3,1.0501,613,0
rep3,1.0502,614,0
rep3,1.0502,615,0
rep3,1.0502,616,0
rep3,1.0502,617,0
rep3,1.0503,618,0
rep3,1.0503,619,0
rep3,1.0504,620,0
rep3,1.0504,621,0
rep3,1.0505,622,0
rep3,1.0505,623,0
rep3,1.0505,624,0
rep3,1.0507,625,0
rep3,1.0507,626,0
rep3,1.0507,627,0
rep3,1.0507,628,0
rep3,1.0508,629,0
rep3,1.0508,630,0
rep3,1.0508,631,0
rep3,1.0509,632,0
rep3,1.0509,633,0
rep3,1.0509,634,0
rep3,1.0509,635,0
rep3,1.0509,636,0
rep3,1.051,637,0
rep3,1.051,638,0
rep3,1.051,639,0
rep3,1.051,640,0
rep3,1.051,641,0
rep3,1.0511,642,0
rep3,1.0511,643,0
rep3,1.0511,644,0
rep3,1.0511,645,0
rep3,1.0512,646,0
rep3,1.0512,647,0
rep3,1.0512,648,0
rep3,1.0512,649,0
rep3,1.0512,650,0
rep3,1.0513,651,0
rep3,1.0513,652,0
rep3,1.0513,653,0
rep3,1.0514,654,0
rep3,1.0514,655,0
rep3,1.0515,656,0
rep3,1.0515,657,0
rep3,1.0515,658,0
rep3,1.0516,659,0
rep3,1.0516,660,0
rep3,1.0516,661,0
rep3,1.0516,662,0
rep3,1.0516,663,0
rep3,1.0517,664,0
rep3,1.0517,665,0
rep3,1.0517,666,0
rep3,1.0518,667,0
rep3,1.0518,668,0
rep3,1.0518,669,0
rep3,1.0519,670,0
rep3,1.0519,671,0
rep3,1.0519,672,0
rep3,1.052,673,0
rep3,1.052,674,0
rep3,1.052,675,0
rep3,1.052,676,0
rep3,1.0521,677,0
rep3,1.0522,678,0
rep3,1.0522,679,0
rep3,1.0522,680,0
rep3,1.0523,681,0
rep3,1.0523,682,0
rep3,1.0523,683,0
rep3,1.0524,684,0
rep3,1.0524,685,0
rep3,1.0524,686,0
rep3,1.0524,687,0
rep3,1.0525,688,0
rep3,1.0525,689,0
rep3,1.0525,690,0
rep3,1.0525,691,0
rep3,1.0525,692,0
rep3,1.0526,693,0
rep3,1.0527,694,0
rep3,1.0527,695,0
rep3,1.0528,696,0
rep3,1.0528,697,0
rep3,1.0528,698,0
rep3,1.0529,699,0
rep3,1.0529,700,0
rep3,1.053,701,0
rep3,1.053,702,0
rep3,1.053,703,0
rep3,1.0531,704,0
rep3,1.0531,705,0
rep3,1.0532,706,0
rep3,1.0532,707,0
rep3,1.0532,708,0
rep3,1.0533,709,0
rep3,1.0533,710,0
rep3,1.0534,711,0
rep3,1.0534,712,0
rep3,1.0534,713,0
rep3,1.0535,714,0
rep3,1.0535,715,0
rep3,1.0536,716,0
rep3,1.0536,717,0
rep3,1.0536,718,0
rep3,1.0536,719,0
rep3,1.0536,720,0
rep3,1.0537,721,0
rep3,1.0537,722,0
rep3,1.0537,723,0
rep3,1.0537,724,0
rep3,1.0537,725,0
rep3,1.0537,726,0
rep3,1.0537,727,0
rep3,1.0538,728,0
rep3,1.0538,729,0
rep3,1.0538,730,0
rep3,1.0538,731,0
rep3,1.0539,732,0
rep3,1.0539,733,0
rep3,1.0539,734,0
rep3,1.054,735,0
rep3,1.054,736,0
rep3,1.054,737,0
rep3,1.0541,738,0
rep3,1.0541,739,0
rep3,1.0541,740,0
rep3,1.0541,741,0
rep3,1.0542,742,0
rep3,1.0542,743,0
rep3,1.0542,744,0
rep3,1.0543,745,0
rep3,1.0543,746,0
rep3,1.0543,747,0
rep3,1.0543,748,0
rep3,1.0543,749,0
rep3,1.0544,750,0
rep3,1.0544,751,0
rep3,1.0544,752,0
rep3,1.0545,753,0
rep3,1.0545,754,0
rep3,1.0545,755,0
rep3,1.0546,756,0
rep3,1.0546,757,0
rep3,1.0546,758,0
rep3,1.0546,759,0
rep3,1.0547,760,0
rep3,1.0547,761,0
rep3,1.0547,762,0
rep3,1.0547,763,0
rep3,1.0548,764,0
rep3,1.0549,765,0
rep3,1.0551,766,0
rep3,1.0551,767,0
rep3,1.0551,768,0
rep3,1.0552,769,0
rep3,1.0552,770,0
rep3,1.0552,771,0
rep3,1.0553,772,0
rep3,1.0553,773,0
rep3,1.0553,774,0
rep3,1.0553,775,0
rep3,1.0554,776,0
rep3,1.0554,777,0
rep3,1.0555,778,0
rep3,1.0555,779,0
rep3,1.0555,780,0
rep3,1.0556,781,0
rep3,1.0556,782,0
rep3,1.0557,783,0
rep3,1.0557,784,0
rep3,1.0557,785,0
rep3,1.0558,786,0
rep3,1.0558,787,0
rep3,1.0558,788,0
rep3,1.0559,789,0
rep3,1.0559,790,0
rep3,1.0559,791,0
rep3,1.056,792,0
rep3,1.056,793,0
rep3,1.056,794,0
rep3,1.056,795,0
rep3,1.056,796,0
rep3,1.056,797,0
rep3,1.056,798,0
rep3,1.056,799,0
rep3,1.0561,800,0
rep3,1.0561,801,0
rep3,1.0562,802,0
rep3,1.0562,803,0
rep3,1.0562,804,0
rep3,1.0562,805,0
rep3,1.0563,806,0
rep3,1.0563,807,0
rep3,1.0564,808,0
rep3,1.0565,809,0
rep3,1.0565,810,0
rep3,1.0566,811,0
rep3,1.0566,812,0
rep3,1.0566,813,0
rep3,1.0567,814,0
rep3,1.0567,815,0
rep3,1.0568,816,0
rep3,1.0568,817,0
rep3,1.0569,818,0
rep3,1.0569,819,0
rep3,1.057,820,0
rep3,1.0571,821,0
rep3,1.0571,822,0
rep3,1.0571,823,0
rep3,1.0572,824,0
rep3,1.0572,825,0
rep3,1.0573,826,0
rep3,1.0573,827,0
rep3,1.0573,828,0
rep3,1.0574,829,0
rep3,1.0574,830,0
rep3,1.0575,831,0
rep3,1.0576,832,0
rep3,1.0576,833,0
rep3,1.0577,834,0
rep3,1.0578,835,0
rep3,1.0578,836,0
rep3,1.0578,837,0
rep3,1.0579,838,0
rep3,1.0579,839,0
rep3,1.058,840,0
rep3,1.058,841,0
rep3,1.058,842,0
rep3,1.058,843,0
rep3,1.0582,844,0
rep3,1.0582,845,0
rep3,1.0582,846,0
rep3,1.0583,847,0
rep3,1.0583,848,0
rep3,1.0583,849,0
rep3,1.0583,850,0
rep3,1.0584,851,0
rep3,1.0585,852,0
rep3,1.0585,853,0
rep3,1.0585,854,0
rep3,1.0585,855,0
rep3,1.0586,856,0
rep3,1.0587,857,0
rep3,1.0588,858,0
rep3,1.0589,859,0
rep3,1.0589,860,0
rep3,1.059,861,0
rep3,1.059,862,0
rep3,1.059,863,0
rep3,1.0591,864,0
rep3,1.0591,865,0
rep3,1.0593,866,0
rep3,1.0593,867,0
rep3,1.0593,868,0
rep3,1.0593,869,0
rep3,1.0594,870,0
rep3,1.0594,871,0
rep3,1.0594,872,0
rep3,1.0594,873,0
rep3,1.0595,874,0
rep3,1.0595,875,0
rep3,1.0596,876,0
rep3,1.0596,877,0
rep3,1.0596,878,0
rep3,1.0597,879,0
rep3,1.0597,880,0
rep3,1.0598,881,0
rep3,1.0598,882,0
rep3,1.0598,883,0
rep3,1.0598,884,0
rep3,1.0598,885,0
rep3,1.0599,886,0
rep3,1.0599,887,0
rep3,1.0599,888,0
rep3,1.0602,889,0
rep3,1.0602,890,0
rep3,1.0603,891,0
rep3,1.0603,892,0
rep3,1.0605,893,0
rep3,1.0605,894,0
rep3,1.0606,895,0
rep3,1.0606,896,0
rep3,1.0607,897,0
rep3,1.0607,898,0
rep3,1.0607,899,0
rep3,1.0608,900,0
rep3,1.0609,901,0
rep3,1.0609,902,0
rep3,1.0609,903,0
rep3,1.0609,904,0
rep3,1.061,905,0
rep3,1.061,906,0
rep3,1.061,907,0
rep3,1.061,908,0
rep3,1.061,909,0
rep3,1.0611,910,0
rep3,1.0612,911,0
rep3,1.0612,912,0
rep3,1.0612,913,0
rep3,1.0613,914,0
rep3,1.0613,915,0
rep3,1.0614,916,0
rep3,1.0614,917,0
rep3,1.0614,918,0
rep3,1.0614,919,0
rep3,1.0615,920,0
rep3,1.0615,921,0
rep3,1.0617,922,0
rep3,1.0617,923,0
rep3,1.0618,924,0
rep3,1.0618,925,0
rep3,1.0619,926,0
rep3,1.0619,927,0
rep3,1.0619,928,0
rep3,1.062,929,0
rep3,1.0621,930,0
rep3,1.0623,931,0
rep3,1.0623,932,0
rep3,1.0624,933,0
rep3,1.0624,934,0
rep3,1.0624,935,0
rep3,1.0624,936,0
rep3,1.0625,937,0
rep3,1.0625,938,0
rep3,1.0625,939,0
rep3,1.0627,940,0
rep3,1.0627,941,0
rep3,1.0627,942,0
rep3,1.0627,943,0
rep3,1.0628,944,0
rep3,1.0628,945,0
rep3,1.0628,946,0
rep3,1.0628,947,0
rep3,1.0629,948,0
rep3,1.063,949,0
rep3,1.063,950,0
rep3,1.063,951,0
rep3,1.0631,952,0
rep3,1.0631,953,0
rep3,1.0632,954,0
rep3,1.0633,955,0
rep3,1.0633,956,0
rep3,1.0634,957,0
rep3,1.0634,958,0
rep3,1.0634,959,0
rep3,1.0635,960,0
rep3,1.0635,961,0
rep3,1.0636,962,0
rep3,1.0637,963,0
rep3,1.0637,964,0
rep3,1.0637,965,0
rep3,1.0637,966,0
rep3,1.0638,967,0
rep3,1.0638,968,0
rep3,1.0638,969,0
rep3,1.0638,970,0
rep3,1.0639,971,0
rep3,1.0639,972,0
rep3,1.064,973,0
rep3,1.0641,974,0
rep3,1.0641,975,0
rep3,1.0643,976,0
rep3,1.0644,977,0
rep3,1.0644,978,0
rep3,1.0645,979,0
rep3,1.0645,980,0
rep3,1.0647,981,0
rep3,1.0647,982,0
rep3,1.0647,983,0
rep3,1.0648,984,0
rep3,1.0649,985,0
rep3,1.0649,986,0
rep3,1.0649,987,0
rep3,1.065,988,0
rep3,1.0651,989,0
rep3,1.0651,990,0
rep3,1.0652,991,0
rep3,1.0653,992,0
rep3,1.0654,993,0
rep3,1.0654,994,0
rep3,1.0656,995,0
rep3,1.0657,996,0
rep3,1.0658,997,0
rep3,1.0658,998,0
rep3,1.0659,999,0
rep3,1.0659,1000,0
rep3,1.066,1001,0
rep3,1.0662,1002,0
rep3,1.0663,1003,0
rep3,1.0663,1004,0
rep3,1.0664,1005,0
rep3,1.0664,1006,0
rep3,1.0665,1007,0
rep3,1.0666,1008,0
rep3,1.0666,1009,0
rep3,1.0667,1010,0
rep3,1.0669,1011,0
rep3,1.067,1012,0
rep3,1.067,1013,0
rep3,1.0671,1014,0
rep3,1.0672,1015,0
rep3,1.0675,1016,0
rep3,1.0675,1017,0
rep3,1.0676,1018,0
rep3,1.0676,1019,0
rep3,1.0676,1020,0
rep3,1.0677,1021,0
rep3,1.0678,1022,0
rep3,1.0678,1023,0
rep3,1.0678,1024,0
rep3,1.0679,1025,0
rep3,1.0679,1026,0
rep3,1.0679,1027,0
rep3,1.0681,1028,0
rep3,1.0682,1029,0
rep3,1.0683,1030,0
rep3,1.0684,1031,0
rep3,1.0685,1032,0
rep3,1.0686,1033,0
rep3,1.0686,1034,0
rep3,1.0687,1035,0
rep3,1.0687,1036,0
rep3,1.0688,1037,0
rep3,1.0688,1038,0
rep3,1.0688,1039,0
rep3,1.0688,1040,0
rep3,1.0689,1041,0
rep3,1.0689,1042,0
rep3,1.0689,1043,0
rep3,1.069,1044,0
rep3,1.069,1045,0
rep3,1.0691,1046,0
rep3,1.0691,1047,0
rep3,1.0694,1048,0
rep3,1.0694,1049,0
rep3,1.0694,1050,0
rep3,1.0694,1051,0
rep3,1.0694,1052,0
rep3,1.0695,1053,0
rep3,1.0696,1054,0
rep3,1.0696,1055,0
rep3,1.0696,1056,0
rep3,1.0701,1057,0
rep3,1.0701,1058,0
rep3,1.0702,1059,0
rep3,1.0702,1060,0
rep3,1.0702,1061,0
rep3,1.0704,1062,0
rep3,1.0705,1063,0
rep3,1.0705,1064,0
rep3,1.0706,1065,0
rep3,1.0707,1066,0
rep3,1.0708,1067,0
rep3,1.0709,1068,0
rep3,1.071,1069,0
rep3,1.071,1070,0
rep3,1.071,1071,0
rep3,1.0711,1072,0
rep3,1.0711,1073,0
rep3,1.0712,1074,0
rep3,1.0712,1075,0
rep3,1.0714,1076,0
rep3,1.0715,1077,0
rep3,1.0716,1078,0
rep3,1.0717,1079,0
rep3,1.0718,1080,0
rep3,1.072,1081,0
rep3,1.072,1082,0
rep3,1.072,1083,0
rep3,1.0721,1084,0
rep3,1.0723,1085,0
rep3,1.0723,1086,0
rep3,1.0723,1087,0
rep3,1.0724,1088,0
rep3,1.0724,1089,0
rep3,1.0724,1090,0
rep3,1.0725,1091,0
rep3,1.0725,1092,0
rep3,1.0726,1093,0
rep3,1.0726,1094,0
rep3,1.0727,1095,0
rep3,1.0727,1096,0
rep3,1.0729,1097,0
rep3,1.0732,1098,0
rep3,1.0732,1099,0
rep3,1.0732,1100,0
rep3,1.0732,1101,0
rep3,1.0733,1102,0
rep3,1.0733,1103,0
rep3,1.0734,1104,0
rep3,1.0737,1105,0
rep3,1.0739,1106,0
rep3,1.0739,1107,0
rep3,1.074,1108,0
rep3,1.074,1109,0
rep3,1.074,1110,0
rep3,1.0741,1111,0
rep3,1.0742,1112,0
rep3,1.0742,1113,0
rep3,1.0743,1114,0
rep3,1.0744,1115,0
rep3,1.0745,1116,0
rep3,1.0746,1117,0
rep3,1.0747,1118,0
rep3,1.0748,1119,0
rep3,1.075,1120,0
rep3,1.0751,1121,0
rep3,1.0752,1122,0
rep3,1.0753,1123,0
rep3,1.0757,1124,0
rep3,1.0759,1125,0
rep3,1.0759,1126,0
rep3,1.0759,1127,0
rep3,1.0759,1128,0
rep3,1.0759,1129,0
rep3,1.076,1130,0
rep3,1.076,1131,0
rep3,1.076,1132,0
rep3,1.076,1133,0
rep3,1.076,1134,0
rep3,1.0761,1135,0
rep3,1.0761,1136,0
rep3,1.0761,1137,0
rep3,1.0761,1138,0
rep3,1.0761,1139,0
rep3,1.0761,1140,0
rep3,1.0762,1141,0
rep3,1.0762,1142,0
rep3,1.0762,1143,0
rep3,1.0763,1144,0
rep3,1.0763,1145,0
rep3,1.0763,1146,0
rep3,1.0764,1147,0
rep3,1.0764,1148,0
rep3,1.0764,1149,0
rep3,1.0765,1150,0
rep3,1.0765,1151,0
rep3,1.0765,1152,0
rep3,1.0766,1153,0
rep3,1.0766,1154,0
rep3,1.0766,1155,0
rep3,1.0766,1156,0
rep3,1.0767,1157,0
rep3,1.0767,1158,0
rep3,1.0767,1159,0
rep3,1.0767,1160,0
rep3,1.0768,1161,0
rep3,1.0768,1162,0
rep3,1.0768,1163,0
rep3,1.0768,1164,0
rep3,1.0769,1165,0
rep3,1.0769,1166,0
rep3,1.077,1167,0
rep3,1.077,1168,0
rep3,1.077,1169,0
rep3,1.077,1170,0
rep3,1.0771,1171,0
rep3,1.0771,1172,0
rep3,1.0771,1173,0
rep3,1.0771,1174,0
rep3,1.0772,1175,0
rep3,1.0772,1176,0
rep3,1.0772,1177,0
rep3,1.0772,1178,0
rep3,1.0773,1179,0
rep3,1.0773,1180,0
rep3,1.0773,1181,0
rep3,1.0774,1182,0
rep3,1.0774,1183,0
rep3,1.0774,1184,0
rep3,1.0775,1185,0
rep3,1.0775,1186,0
rep3,1.0775,1187,0
rep3,1.0776,1188,0
rep3,1.0776,1189,0
rep3,1.0777,1190,0
rep3,1.0777,1191,0
rep3,1.0777,1192,0
rep3,1.0778,1193,0
rep3,1.0778,1194,0
rep3,1.0778,1195,0
rep3,1.0779,1196,0
rep3,1.0779,1197,0
rep3,1.0779,1198,0
rep3,1.0779,1199,0
rep3,1.078,1200,0
rep3,1.078,1201,0
rep3,1.078,1202,0
rep3,1.078,1203,0
rep3,1.0781,1204,0
rep3,1.0781,1205,0
rep3,1.0781,1206,0
rep3,1.0782,1207,0
rep3,1.0783,1208,0
rep3,1.0784,1209,0
rep3,1.0784,1210,0
rep3,1.0785,1211,0
rep3,1.0785,1212,0
rep3,1.0785,1213,0
rep3,1.0785,1214,0
rep3,1.0786,1215,0
rep3,1.0786,1216,0
rep3,1.0786,1217,0
rep3,1.0787,1218,0
rep3,1.0787,1219,0
rep3,1.0788,1220,0
rep3,1.0788,1221,0
rep3,1.0789,1222,0
rep3,1.0789,1223,0
rep3,1.0789,1224,0
rep3,1.0791,1225,0
rep3,1.0791,1226,0
rep3,1.0791,1227,0
rep3,1.0791,1228,0
rep3,1.0792,1229,0
rep3,1.0792,1230,0
rep3,1.0792,1231,0
rep3,1.0793,1232,0
rep3,1.0793,1233,0
rep3,1.0793,1234,0
rep3,1.0793,1235,0
rep3,1.0796,1236,0
rep3,1.0796,1237,0
rep3,1.0796,1238,0
rep3,1.0797,1239,0
rep3,1.0797,1240,0
rep3,1.0797,1241,0
rep3,1.0798,1242,0
rep3,1.0798,1243,0
rep3,1.0799,1244,0
rep3,1.0799,1245,0
rep3,1.0799,1246,0
rep3,1.08,1247,0
rep3,1.08,1248,0
rep3,1.0802,1249,0
rep3,1.0802,1250,0
rep3,1.0802,1251,0
rep3,1.0803,1252,0
rep3,1.0803,1253,0
rep3,1.0804,1254,0
rep3,1.0804,1255,0
rep3,1.0804,1256,0
rep3,1.0804,1257,0
rep3,1.0805,1258,0
rep3,1.0805,1259,0
rep3,1.0805,1260,0
rep3,1.0805,1261,0
rep3,1.0806,1262,0
rep3,1.0806,1263,0
rep3,1.0807,1264,0
rep3,1.0807,1265,0
rep3,1.0808,1266,0
rep3,1.0808,1267,0
rep3,1.0808,1268,0
rep3,1.0809,1269,0
rep3,1.0809,1270,0
rep3,1.0809,1271,0
rep3,1.081,1272,0
rep3,1.0811,1273,0
rep3,1.0811,1274,0
rep3,1.0812,1275,0
rep3,1.0813,1276,0
rep3,1.0815,1277,0
rep3,1.0815,1278,0
rep3,1.0815,1279,0
rep3,1.0815,1280,0
rep3,1.0815,1281,0
rep3,1.0816,1282,0
rep3,1.0816,1283,0
rep3,1.0817,1284,0
rep3,1.0817,1285,0
rep3,1.0817,1286,0
rep3,1.0818,1287,0
rep3,1.0818,1288,0
rep3,1.0818,1289,0
rep3,1.0818,1290,0
rep3,1.0818,1291,0
rep3,1.0818,1292,0
rep3,1.0819,1293,0
rep3,1.0819,1294,0
rep3,1.0819,1295,0
rep3,1.0819,1296,0
rep3,1.082,1297,0
rep3,1.082,1298,0
rep3,1.082,1299,0
rep3,1.0821,1300,0
rep3,1.0821,1301,0
rep3,1.0822,1302,0
rep3,1.0822,1303,0
rep3,1.0822,1304,0
rep3,1.0822,1305,0
rep3,1.0823,1306,0
rep3,1.0823,1307,0
rep3,1.0823,1308,0
rep3,1.0824,1309,0
rep3,1.0825,1310,0
rep3,1.0825,1311,0
rep3,1.0825,1312,0
rep3,1.0826,1313,0
rep3,1.0826,1314,0
rep3,1.0827,1315,0
rep3,1.0827,1316,0
rep3,1.0827,1317,0
rep3,1.0827,1318,0
rep3,1.0828,1319,0
rep3,1.0828,1320,0
rep3,1.0828,1321,0
rep3,1.0828,1322,0
rep3,1.0829,1323,0
rep3,1.0829,1324,0
rep3,1.0829,1325,0
rep3,1.083,1326,0
rep3,1.083,1327,0
rep3,1.083,1328,0
rep3,1.083,1329,0
rep3,1.0831,1330,0
rep3,1.0831,1331,0
rep3,1.0831,1332,0
rep3,1.0831,1333,0
rep3,1.0833,1334,0
rep3,1.0833,1335,0
rep3,1.0833,1336,0
rep3,1.0833,1337,0
rep3,1.0833,1338,0
rep3,1.0834,1339,0
rep3,1.0835,1340,0
rep3,1.0835,1341,0
rep3,1.0835,1342,0
rep3,1.0836,1343,0
rep3,1.0836,1344,0
rep3,1.0836,1345,0
rep3,1.0836,1346,0
rep3,1.0837,1347,0
rep3,1.0837,1348,0
rep3,1.0838,1349,0
rep3,1.0838,1350,0
rep3,1.0838,1351,0
rep3,1.0839,1352,0
rep3,1.084,1353,0
rep3,1.084,1354,0
rep3,1.0841,1355,0
rep3,1.0842,1356,0
rep3,1.0843,1357,0
rep3,1.0844,1358,0
rep3,1.0844,1359,0
rep3,1.0844,1360,0
rep3,1.0844,1361,0
rep3,1.0846,1362,0
rep3,1.0846,1363,0
rep3,1.0846,1364,0
rep3,1.0847,1365,0
rep3,1.0848,1366,0
rep3,1.0849,1367,0
rep3,1.085,1368,0
rep3,1.085,1369,0
rep3,1.085,1370,0
rep3,1.0851,1371,0
rep3,1.0851,1372,0
rep3,1.0851,1373,0
rep3,1.0852,1374,0
rep3,1.0853,1375,0
rep3,1.0854,1376,0
rep3,1.0854,1377,0
rep3,1.0855,1378,0
rep3,1.0856,1379,0
rep3,1.0856,1380,0
rep3,1.0856,1381,0
rep3,1.0857,1382,0
rep3,1.0857,1383,0
rep3,1.0858,1384,0
rep3,1.0858,1385,0
rep3,1.0858,1386,0
rep3,1.0859,1387,0
rep3,1.0859,1388,0
rep3,1.086,1389,0
rep3,1.086,1390,0
rep3,1.0861,1391,0
rep3,1.0861,1392,0
rep3,1.0863,1393,0
rep3,1.0864,1394,0
rep3,1.0864,1395,0
rep3,1.0864,1396,0
rep3,1.0865,1397,0
rep3,1.0865,1398,0
rep3,1.0866,1399,0
rep3,1.0866,1400,0
rep3,1.0868,1401,0
rep3,1.0868,1402,0
rep3,1.0869,1403,0
rep3,1.0869,1404,0
rep3,1.0869,1405,0
rep3,1.087,1406,0
rep3,1.087,1407,0
rep3,1.0871,1408,0
rep3,1.0872,1409,0
rep3,1.0872,1410,0
rep3,1.0873,1411,0
rep3,1.0873,1412,0
rep3,1.0873,1413,0
rep3,1.0874,1414,0
rep3,1.0874,1415,0
rep3,1.0874,1416,0
rep3,1.0875,1417,0
rep3,1.0875,1418,0
rep3,1.0876,1419,0
rep3,1.0876,1420,0
rep3,1.0876,1421,0
rep3,1.0877,1422,0
rep3,1.0877,1423,0
rep3,1.0878,1424,0
rep3,1.0878,1425,0
rep3,1.0878,1426,0
rep3,1.0878,1427,0
rep3,1.088,1428,0
rep3,1.088,1429,0
rep3,1.088,1430,0
rep3,1.0881,1431,0
rep3,1.0882,1432,0
rep3,1.0883,1433,0
rep3,1.0883,1434,0
rep3,1.0883,1435,0
rep3,1.0883,1436,0
rep3,1.0884,1437,0
rep3,1.0885,1438,0
rep3,1.0885,1439,0
rep3,1.0885,1440,0
rep3,1.0887,1441,0
rep3,1.0888,1442,0
rep3,1.0889,1443,0
rep3,1.089,1444,0
rep3,1.089,1445,0
rep3,1.089,1446,0
rep3,1.0891,1447,0
rep3,1.0891,1448,0
rep3,1.0891,1449,0
rep3,1.0892,1450,0
rep3,1.0892,1451,0
rep3,1.0893,1452,0
rep3,1.0893,1453,0
rep3,1.0894,1454,0
rep3,1.0895,1455,0
rep3,1.0895,1456,0
rep3,1.0895,1457,0
rep3,1.0896,1458,0
rep3,1.0897,1459,0
rep3,1.0898,1460,0
rep3,1.0898,1461,0
rep3,1.0898,1462,0
rep3,1.0899,1463,0
rep3,1.0899,1464,0
rep3,1.09,1465,0
rep3,1.09,1466,0
rep3,1.09,1467,0
rep3,1.09,1468,0
rep3,1.0902,1469,0
rep3,1.0904,1470,0
rep3,1.0904,1471,0
rep3,1.0905,1472,0
rep3,1.0905,1473,0
rep3,1.0906,1474,0
rep3,1.0906,1475,0
rep3,1.0907,1476,0
rep3,1.0908,1477,0
rep3,1.0908,1478,0
rep3,1.0908,1479,0
rep3,1.0909,1480,0
rep3,1.0909,1481,0
rep3,1.0909,1482,0
rep3,1.091,1483,0
rep3,1.091,1484,0
rep3,1.0911,1485,0
rep3,1.0911,1486,0
rep3,1.0911,1487,0
rep3,1.0912,1488,0
rep3,1.0913,1489,0
rep3,1.0914,1490,0
rep3,1.0915,1491,0
rep3,1.0917,1492,0
rep3,1.0917,1493,0
rep3,1.0917,1494,0
rep3,1.0918,1495,0
rep3,1.0919,1496,0
rep3,1.0919,1497,0
rep3,1.0919,1498,0
rep3,1.092,1499,0
rep3,1.0921,1500,0
rep3,1.0924,1501,0
rep3,1.0924,1502,0
rep3,1.0924,1503,0
rep3,1.0925,1504,0
rep3,1.0926,1505,0
rep3,1.0927,1506,0
rep3,1.0927,1507,0
rep3,1.0928,1508,0
rep3,1.0931,1509,0
rep3,1.0931,1510,0
rep3,1.0931,1511,0
rep3,1.0932,1512,0
rep3,1.0932,1513,0
rep3,1.0933,1514,0
rep3,1.0933,1515,0
rep3,1.0934,1516,0
rep3,1.0935,1517,0
rep3,1.0935,1518,0
rep3,1.0935,1519,0
rep3,1.0937,1520,0
rep3,1.0938,1521,0
rep3,1.0939,1522,0
rep3,1.0939,1523,0
rep3,1.0939,1524,0
rep3,1.094,1525,0
rep3,1.0941,1526,0
rep3,1.0941,1527,0
rep3,1.0942,1528,0
rep3,1.0943,1529,0
rep3,1.0943,1530,0
rep3,1.0944,1531,0
rep3,1.0945,1532,0
rep3,1.0945,1533,0
rep3,1.0946,1534,0
rep3,1.0946,1535,0
rep3,1.0946,1536,0
rep3,1.0947,1537,0
rep3,1.0947,1538,0
rep3,1.0947,1539,0
rep3,1.0948,1540,0
rep3,1.0948,1541,0
rep3,1.0948,1542,0
rep3,1.0949,1543,0
rep3,1.095,1544,0
rep3,1.0951,1545,0
rep3,1.0951,1546,0
rep3,1.0952,1547,0
rep3,1.0954,1548,0
rep3,1.0954,1549,0
rep3,1.0957,1550,0
rep3,1.0957,1551,0
rep3,1.0959,1552,0
rep3,1.096,1553,0
rep3,1.096,1554,0
rep3,1.0961,1555,0
rep3,1.0962,1556,0
rep3,1.0962,1557,0
rep3,1.0963,1558,0
rep3,1.0964,1559,0
rep3,1.0965,1560,0
rep3,1.0966,1561,0
rep3,1.0966,1562,0
rep3,1.0967,1563,0
rep3,1.0968,1564,0
rep3,1.0969,1565,0
rep3,1.0972,1566,0
rep3,1.0973,1567,0
rep3,1.0973,1568,0
rep3,1.0974,1569,0
rep3,1.0975,1570,0
rep3,1.0975,1571,0
rep3,1.0975,1572,0
rep3,1.0976,1573,0
rep3,1.0977,1574,0
rep3,1.0977,1575,0
rep3,1.0977,1576,0
rep3,1.0979,1577,0
rep3,1.098,1578,0
rep3,1.0981,1579,0
rep3,1.0981,1580,0
rep3,1.0981,1581,0
rep3,1.0981,1582,0
rep3,1.0982,1583,0
rep3,1.0982,1584,0
rep3,1.0983,1585,0
rep3,1.0984,1586,0
rep3,1.0984,1587,0
rep3,1.0985,1588,0
rep3,1.0985,1589,0
rep3,1.0986,1590,0
rep3,1.0986,1591,0
rep3,1.0988,1592,0
rep3,1.0989,1593,0
rep3,1.099,1594,0
rep3,1.0991,1595,0
rep3,1.0992,1596,0
rep3,1.0994,1597,0
rep3,1.0994,1598,0
rep3,1.0994,1599,0
rep3,1.0996,1600,0
rep3,1.0998,1601,0
rep3,1.0999,1602,0
rep3,1.1,1603,0
rep3,1.1001,1604,0
rep3,1.1001,1605,0
rep3,1.1002,1606,0
rep3,1.1003,1607,0
rep3,1.1004,1608,0
rep3,1.1004,1609,0
rep3,1.1004,1610,0
rep3,1.1005,1611,0
rep3,1.1005,1612,0
rep3,1.1006,1613,0
rep3,1.1006,1614,0
rep3,1.1008,1615,0
rep3,1.1008,1616,0
rep3,1.1008,1617,0
rep3,1.1008,1618,0
rep3,1.1009,1619,0
rep3,1.101,1620,0
rep3,1.1011,1621,0
rep3,1.1011,1622,0
rep3,1.1012,1623,0
rep3,1.1012,1624,0
rep3,1.1012,1625,0
rep3,1.1013,1626,0
rep3,1.1014,1627,0
rep3,1.1014,1628,0
rep3,1.1014,1629,0
rep3,1.1015,1630,0
rep3,1.1015,1631,0
rep3,1.1015,1632,0
rep3,1.1015,1633,0
rep3,1.1016,1634,0
rep3,1.1016,1635,0
rep3,1.1017,1636,0
rep3,1.1017,1637,0
rep3,1.1017,1638,0
rep3,1.1019,1639,0
rep3,1.1019,1640,0
rep3,1.1019,1641,0
rep3,1.1021,1642,0
rep3,1.1021,1643,0
rep3,1.1021,1644,0
rep3,1.1021,1645,0
rep3,1.1022,1646,0
rep3,1.1024,1647,0
rep3,1.1025,1648,0
rep3,1.1025,1649,0
rep3,1.1026,1650,0
rep3,1.1026,1651,0
rep3,1.1026,1652,0
rep3,1.1026,1653,0
rep3,1.1027,1654,0
rep3,1.1028,1655,0
rep3,1.1029,1656,0
rep3,1.103,1657,0
rep3,1.1031,1658,0
rep3,1.1032,1659,0
rep3,1.1032,1660,0
rep3,1.1034,1661,0
rep3,1.1034,1662,0
rep3,1.1034,1663,0
rep3,1.1035,1664,0
rep3,1.1036,1665,0
rep3,1.1038,1666,0
rep3,1.1038,1667,0
rep3,1.1038,1668,0
rep3,1.104,1669,0
rep3,1.104,1670,0
rep3,1.1041,1671,0
rep3,1.1041,1672,0
rep3,1.1042,1673,0
rep3,1.1044,1674,0
rep3,1.1044,1675,0
rep3,1.1045,1676,0
rep3,1.1046,1677,0
rep3,1.1046,1678,0
rep3,1.1046,1679,0
rep3,1.1047,1680,0
rep3,1.1047,1681,0
rep3,1.1048,1682,0
rep3,1.1049,1683,0
rep3,1.1049,1684,0
rep3,1.105,1685,0
rep3,1.1052,1686,0
rep3,1.1052,1687,0
rep3,1.1053,1688,0
rep3,1.1054,1689,0
rep3,1.1055,1690,0
rep3,1.1055,1691,0
rep3,1.1059,1692,0
rep3,1.106,1693,0
rep3,1.1061,1694,0
rep3,1.1063,1695,0
rep3,1.1065,1696,0
rep3,1.1066,1697,0
rep3,1.1066,1698,0
rep3,1.1068,1699,0
rep3,1.1069,1700,0
rep3,1.1071,1701,0
rep3,1.1072,1702,0
rep3,1.1073,1703,0
rep3,1.1073,1704,0
rep3,1.1073,1705,0
rep3,1.1074,1706,0
rep3,1.1075,1707,0
rep3,1.1075,1708,0
rep3,1.1077,1709,0
rep3,1.108,1710,0
rep3,1.108,1711,0
rep3,1.1081,1712,0
rep3,1.1083,1713,0
rep3,1.1083,1714,0
rep3,1.1083,1715,0
rep3,1.1087,1716,0
rep3,1.1087,1717,0
rep3,1.1088,1718,0
rep3,1.109,1719,0
rep3,1.1091,1720,0
rep3,1.1092,1721,0
rep3,1.1092,1722,0
rep3,1.1093,1723,0
rep3,1.1093,1724,0
rep3,1.1094,1725,0
rep3,1.1095,1726,0
rep3,1.1095,1727,0
rep3,1.1095,1728,0
rep3,1.1096,1729,0
rep3,1.1097,1730,0
rep3,1.1097,1731,0
rep3,1.1097,1732,0
rep3,1.1097,1733,0
rep3,1.1098,1734,0
rep3,1.1098,1735,0
rep3,1.1099,1736,0
rep3,1.1099,1737,0
rep3,1.1099,1738,0
rep3,1.11,1739,0
rep3,1.11,1740,0
rep3,1.11,1741,0
rep3,1.1101,1742,0
rep3,1.1101,1743,0
rep3,1.1101,1744,0
rep3,1.1102,1745,0
rep3,1.1102,1746,0
rep3,1.1102,1747,0
rep3,1.1103,1748,0
rep3,1.1104,1749,0
rep3,1.1104,1750,0
rep3,1.1104,1751,0
rep3,1.1105,1752,0
rep3,1.1106,1753,0
rep3,1.1106,1754,0
rep3,1.1107,1755,0
rep3,1.1107,1756,0
rep3,1.1107,1757,0
rep3,1.1108,1758,0
rep3,1.1108,1759,0
rep3,1.1108,1760,0
rep3,1.1109,1761,0
rep3,1.1109,1762,0
rep3,1.111,1763,0
rep3,1.1111,1764,0
rep3,1.1111,1765,0
rep3,1.1111,1766,0
rep3,1.1112,1767,0
rep3,1.1113,1768,0
rep3,1.1114,1769,0
rep3,1.1114,1770,0
rep3,1.1115,1771,0
rep3,1.1115,1772,0
rep3,1.1116,1773,0
rep3,1.1117,1774,0
rep3,1.1117,1775,0
rep3,1.1117,1776,0
rep3,1.1118,1777,0
rep3,1.1118,1778,0
rep3,1.1119,1779,0
rep3,1.1119,1780,0
rep3,1.1119,1781,0
rep3,1.112,1782,0
rep3,1.112,1783,0
rep3,1.1121,1784,0
rep3,1.1121,1785,0
rep3,1.1121,1786,0
rep3,1.1122,1787,0
rep3,1.1123,1788,0
rep3,1.1124,1789,0
rep3,1.1124,1790,0
rep3,1.1126,1791,0
rep3,1.1127,1792,0
rep3,1.1127,1793,0
rep3,1.1128,1794,0
rep3,1.1128,1795,0
rep3,1.113,1796,0
rep3,1.113,1797,0
rep3,1.1131,1798,0
rep3,1.1132,1799,0
rep3,1.1133,1800,0
rep3,1.1133,1801,0
rep3,1.1133,1802,0
rep3,1.1133,1803,0
rep3,1.1134,1804,0
rep3,1.1134,1805,0
rep3,1.1135,1806,0
rep3,1.1136,1807,0
rep3,1.1136,1808,0
rep3,1.1136,1809,0
rep3,1.1136,1810,0
rep3,1.1137,1811,0
rep3,1.1138,1812,0
rep3,1.1138,1813,0
rep3,1.1138,1814,0
rep3,1.1138,1815,0
rep3,1.1139,1816,0
rep3,1.114,1817,0
rep3,1.1141,1818,0
rep3,1.1141,1819,0
rep3,1.1141,1820,0
rep3,1.1141,1821,0
rep3,1.1142,1822,0
rep3,1.1142,1823,0
rep3,1.1142,1824,0
rep3,1.1142,1825,0
rep3,1.1143,1826,0
rep3,1.1145,1827,0
rep3,1.1146,1828,0
rep3,1.1146,1829,0
rep3,1.1147,1830,0
rep3,1.1148,1831,0
rep3,1.1149,1832,0
rep3,1.1149,1833,0
rep3,1.115,1834,0
rep3,1.115,1835,0
rep3,1.115,1836,0
rep3,1.115,1837,0
rep3,1.1151,1838,0
rep3,1.1152,1839,0
rep3,1.1152,1840,0
rep3,1.1154,1841,0
rep3,1.1155,1842,0
rep3,1.1155,1843,0
rep3,1.1156,1844,0
rep3,1.1156,1845,0
rep3,1.1156,1846,0
rep3,1.1156,1847,0
rep3,1.1156,1848,0
rep3,1.1157,1849,0
rep3,1.1159,1850,0
rep3,1.1159,1851,0
rep3,1.1159,1852,0
rep3,1.116,1853,0
rep3,1.116,1854,0
rep3,1.1161,1855,0
rep3,1.1161,1856,0
rep3,1.1163,1857,0
rep3,1.1164,1858,0
rep3,1.1164,1859,0
rep3,1.1165,1860,0
rep3,1.1165,1861,0
rep3,1.1166,1862,0
rep3,1.1166,1863,0
rep3,1.1166,1864,0
rep3,1.1166,1865,0
rep3,1.1167,1866,0
rep3,1.1167,1867,0
rep3,1.1167,1868,0
rep3,1.1168,1869,0
rep3,1.1169,1870,0
rep3,1.117,1871,0
rep3,1.1172,1872,0
rep3,1.1172,1873,0
rep3,1.1173,1874,0
rep3,1.1174,1875,0
rep3,1.1175,1876,0
rep3,1.1175,1877,0
rep3,1.1175,1878,0
rep3,1.1175,1879,0
rep3,1.1177,1880,0
rep3,1.1178,1881,0
rep3,1.1179,1882,0
rep3,1.1179,1883,0
rep3,1.1179,1884,0
rep3,1.118,1885,0
rep3,1.1181,1886,0
rep3,1.1181,1887,0
rep3,1.1182,1888,0
rep3,1.1183,1889,0
rep3,1.1185,1890,0
rep3,1.1185,1891,0
rep3,1.1186,1892,0
rep3,1.1186,1893,0
rep3,1.1186,1894,0
rep3,1.1187,1895,0
rep3,1.1188,1896,0
rep3,1.1188,1897,0
rep3,1.1189,1898,0
rep3,1.119,1899,0
rep3,1.119,1900,0
rep3,1.1191,1901,0
rep3,1.1191,1902,0
rep3,1.1191,1903,0
rep3,1.1191,1904,0
rep3,1.1192,1905,0
rep3,1.1192,1906,0
rep3,1.1193,1907,0
rep3,1.1193,1908,0
rep3,1.1193,1909,0
rep3,1.1193,1910,0
rep3,1.1193,1911,0
rep3,1.1193,1912,0
rep3,1.1194,1913,0
rep3,1.1195,1914,0
rep3,1.1195,1915,0
rep3,1.1196,1916,0
rep3,1.1197,1917,0
rep3,1.1197,1918,0
rep3,1.1198,1919,0
rep3,1.1198,1920,0
rep3,1.1198,1921,0
rep3,1.1199,1922,0
rep3,1.1199,1923,0
rep3,1.12,1924,0
rep3,1.1201,1925,0
rep3,1.1201,1926,0
rep3,1.1201,1927,0
rep3,1.1202,1928,0
rep3,1.1202,1929,0
rep3,1.1203,1930,0
rep3,1.1204,1931,0
rep3,1.1204,1932,0
rep3,1.1205,1933,0
rep3,1.1205,1934,0
rep3,1.1205,1935,0
rep3,1.1206,1936,0
rep3,1.1206,1937,0
rep3,1.1206,1938,0
rep3,1.1207,1939,0
rep3,1.1208,1940,0
rep3,1.1208,1941,0
rep3,1.1209,1942,0
rep3,1.1209,1943,0
rep3,1.1209,1944,0
rep3,1.1209,1945,0
rep3,1.1209,1946,0
rep3,1.121,1947,0
rep3,1.1211,1948,0
rep3,1.1211,1949,0
rep3,1.1213,1950,0
rep3,1.1213,1951,0
rep3,1.1214,1952,0
rep3,1.1215,1953,0
rep3,1.1215,1954,0
rep3,1.1215,1955,0
rep3,1.1216,1956,0
rep3,1.1216,1957,0
rep3,1.1216,1958,0
rep3,1.1217,1959,0
rep3,1.1217,1960,0
rep3,1.1218,1961,0
rep3,1.1218,1962,0
rep3,1.1219,1963,0
rep3,1.1219,1964,0
rep3,1.1219,1965,0
rep3,1.122,1966,0
rep3,1.1221,1967,0
rep3,1.1222,1968,0
rep3,1.1223,1969,0
rep3,1.1223,1970,0
rep3,1.1224,1971,0
rep3,1.1226,1972,0
rep3,1.1226,1973,0
rep3,1.1227,1974,0
rep3,1.1227,1975,0
rep3,1.1227,1976,0
rep3,1.1228,1977,0
rep3,1.1228,1978,0
rep3,1.123,1979,0
rep3,1.123,1980,0
rep3,1.123,1981,0
rep3,1.1231,1982,0
rep3,1.1232,1983,0
rep3,1.1232,1984,0
rep3,1.1232,1985,0
rep3,1.1232,1986,0
rep3,1.1233,1987,0
rep3,1.1233,1988,0
rep3,1.1234,1989,0
rep3,1.1237,1990,0
rep3,1.1237,1991,0
rep3,1.1237,1992,0
rep3,1.1238,1993,0
rep3,1.1238,1994,0
rep3,1.1238,1995,0
rep3,1.124,1996,0
rep3,1.124,1997,0
rep3,1.1241,1998,0
rep3,1.1242,1999,0
rep3,1.1243,2000,0
rep3,1.1243,2001,0
rep3,1.1244,2002,0
rep3,1.1245,2003,0
rep3,1.1245,2004,0
rep3,1.1247,2005,0
rep3,1.1247,2006,0
rep3,1.1249,2007,0
rep3,1.125,2008,0
rep3,1.1251,2009,0
rep3,1.1251,2010,0
rep3,1.1252,2011,0
rep3,1.1252,2012,0
rep3,1.1254,2013,0
rep3,1.1254,2014,0
rep3,1.1255,2015,0
rep3,1.1256,2016,0
rep3,1.1258,2017,0
rep3,1.1258,2018,0
rep3,1.1261,2019,0
rep3,1.1261,2020,0
rep3,1.1262,2021,0
rep3,1.1262,2022,0
rep3,1.1262,2023,0
rep3,1.1264,2024,0
rep3,1.1264,2025,0
rep3,1.1265,2026,0
rep3,1.1265,2027,0
rep3,1.1265,2028,0
rep3,1.1266,2029,0
rep3,1.1266,2030,0
rep3,1.1267,2031,0
rep3,1.1267,2032,0
rep3,1.1267,2033,0
rep3,1.1267,2034,0
rep3,1.1268,2035,0
rep3,1.1269,2036,0
rep3,1.127,2037,0
rep3,1.127,2038,0
rep3,1.1271,2039,0
rep3,1.1271,2040,0
rep3,1.1272,2041,0
rep3,1.1273,2042,0
rep3,1.1275,2043,0
rep3,1.1275,2044,0
rep3,1.1277,2045,0
rep3,1.1277,2046,0
rep3,1.1278,2047,0
rep3,1.1279,2048,0
rep3,1.1279,2049,0
rep3,1.1279,2050,0
rep3,1.128,2051,0
rep3,1.1281,2052,0
rep3,1.1281,2053,0
rep3,1.1281,2054,0
rep3,1.1282,2055,0
rep3,1.1283,2056,0
rep3,1.1283,2057,0
rep3,1.1284,2058,0
rep3,1.1285,2059,0
rep3,1.1285,2060,0
rep3,1.1285,2061,0
rep3,1.1286,2062,0
rep3,1.1287,2063,0
rep3,1.1288,2064,0
rep3,1.1291,2065,0
rep3,1.1291,2066,0
rep3,1.1292,2067,0
rep3,1.1292,2068,0
rep3,1.1293,2069,0
rep3,1.1293,2070,0
rep3,1.1294,2071,0
rep3,1.1295,2072,0
rep3,1.1297,2073,0
rep3,1.1297,2074,0
rep3,1.1298,2075,0
rep3,1.1298,2076,0
rep3,1.1299,2077,0
rep3,1.13,2078,0
rep3,1.1301,2079,0
rep3,1.1301,2080,0
rep3,1.1302,2081,0
rep3,1.1303,2082,0
rep3,1.1304,2083,0
rep3,1.1304,2084,0
rep3,1.1304,2085,0
rep3,1.1305,2086,0
rep3,1.1306,2087,0
rep3,1.1307,2088,0
rep3,1.1307,2089,0
rep3,1.1308,2090,0
rep3,1.1308,2091,0
rep3,1.1308,2092,0
rep3,1.131,2093,0
rep3,1.131,2094,0
rep3,1.1312,2095,0
rep3,1.1312,2096,0
rep3,1.1313,2097,0
rep3,1.1313,2098,0
rep3,1.1315,2099,0
rep3,1.1316,2100,0
rep3,1.1316,2101,0
rep3,1.1316,2102,0
rep3,1.1316,2103,0
rep3,1.1317,2104,0
rep3,1.1318,2105,0
rep3,1.1318,2106,0
rep3,1.1319,2107,0
rep3,1.1319,2108,0
rep3,1.132,2109,0
rep3,1.132,2110,0
rep3,1.1321,2111,0
rep3,1.1321,2112,0
rep3,1.1322,2113,0
rep3,1.1322,2114,0
rep3,1.1324,2115,0
rep3,1.1324,2116,0
rep3,1.1324,2117,0
rep3,1.1324,2118,0
rep3,1.1325,2119,0
rep3,1.1326,2120,0
rep3,1.1327,2121,0
rep3,1.1327,2122,0
rep3,1.1327,2123,0
rep3,1.1329,2124,0
rep3,1.1329,2125,0
rep3,1.1332,2126,0
rep3,1.1333,2127,0
rep3,1.1333,2128,0
rep3,1.1334,2129,0
rep3,1.1334,2130,0
rep3,1.1336,2131,0
rep3,1.1336,2132,0
rep3,1.1338,2133,0
rep3,1.1338,2134,0
rep3,1.1339,2135,0
rep3,1.1339,2136,0
rep3,1.1339,2137,0
rep3,1.1339,2138,0
rep3,1.134,2139,0
rep3,1.1341,2140,0
rep3,1.1341,2141,0
rep3,1.1342,2142,0
rep3,1.1345,2143,0
rep3,1.1346,2144,0
rep3,1.1346,2145,0
rep3,1.1347,2146,0
rep3,1.1348,2147,0
rep3,1.1349,2148,0
rep3,1.135,2149,0
rep3,1.1352,2150,0
rep3,1.1353,2151,0
rep3,1.1355,2152,0
rep3,1.1355,2153,0
rep3,1.1356,2154,0
rep3,1.1357,2155,0
rep3,1.1358,2156,0
rep3,1.1359,2157,0
rep3,1.1359,2158,0
rep3,1.1361,2159,0
rep3,1.1361,2160,0
rep3,1.1362,2161,0
rep3,1.1362,2162,0
rep3,1.1363,2163,0
rep3,1.1363,2164,0
rep3,1.1364,2165,0
rep3,1.1366,2166,0
rep3,1.1366,2167,0
rep3,1.1368,2168,0
rep3,1.1369,2169,0
rep3,1.1369,2170,0
rep3,1.137,2171,0
rep3,1.137,2172,0
rep3,1.137,2173,0
rep3,1.137,2174,0
rep3,1.1371,2175,0
rep3,1.1372,2176,0
rep3,1.1372,2177,0
rep3,1.1372,2178,0
rep3,1.1374,2179,0
rep3,1.1374,2180,0
rep3,1.1375,2181,0
rep3,1.1375,2182,0
rep3,1.1375,2183,0
rep3,1.1376,2184,0
rep3,1.1378,2185,0
rep3,1.1378,2186,0
rep3,1.1379,2187,0
rep3,1.1379,2188,0
rep3,1.1379,2189,0
rep3,1.1379,2190,0
rep3,1.138,2191,0
rep3,1.138,2192,0
rep3,1.1381,2193,0
rep3,1.1381,2194,0
rep3,1.1381,2195,0
rep3,1.1382,2196,0
rep3,1.1383,2197,0
rep3,1.1386,2198,0
rep3,1.1387,2199,0
rep3,1.1387,2200,0
rep3,1.139,2201,0
rep3,1.1392,2202,0
rep3,1.1395,2203,0
rep3,1.1395,2204,0
rep3,1.1396,2205,0
rep3,1.1397,2206,0
rep3,1.1397,2207,0
rep3,1.1398,2208,0
rep3,1.1398,2209,0
rep3,1.1399,2210,0
rep3,1.1399,2211,0
rep3,1.14,2212,0
rep3,1.14,2213,0
rep3,1.1401,2214,0
rep3,1.1402,2215,0
rep3,1.1403,2216,0
rep3,1.1403,2217,0
rep3,1.1406,2218,0
rep3,1.1407,2219,0
rep3,1.1409,2220,0
rep3,1.1409,2221,0
rep3,1.141,2222,0
rep3,1.141,2223,0
rep3,1.141,2224,0
rep3,1.141,2225,0
rep3,1.1411,2226,0
rep3,1.1411,2227,0
rep3,1.1412,2228,0
rep3,1.1413,2229,0
rep3,1.1413,2230,0
rep3,1.1414,2231,0
rep3,1.1415,2232,0
rep3,1.1415,2233,0
rep3,1.1416,2234,0
rep3,1.1418,2235,0
rep3,1.1418,2236,0
rep3,1.1419,2237,0
rep3,1.142,2238,0
rep3,1.142,2239,0
rep3,1.1421,2240,0
rep3,1.1421,2241,0
rep3,1.1423,2242,0
rep3,1.1423,2243,0
rep3,1.1424,2244,0
rep3,1.1424,2245,0
rep3,1.1424,2246,0
rep3,1.1425,2247,0
rep3,1.1425,2248,0
rep3,1.1425,2249,0
rep3,1.1425,2250,0
rep3,1.1426,2251,0
rep3,1.1427,2252,0
rep3,1.1428,2253,0
rep3,1.1428,2254,0
rep3,1.1428,2255,0
rep3,1.1429,2256,0
rep3,1.143,2257,0
rep3,1.143,2258,0
rep3,1.143,2259,0
rep3,1.143,2260,0
rep3,1.1433,2261,0
rep3,1.1435,2262,0
rep3,1.1436,2263,0
rep3,1.1436,2264,0
rep3,1.1437,2265,0
rep3,1.1439,2266,0
rep3,1.1439,2267,0
rep3,1.1439,2268,0
rep3,1.144,2269,0
rep3,1.1441,2270,0
rep3,1.1441,2271,0
rep3,1.1442,2272,0
rep3,1.1443,2273,0
rep3,1.1443,2274,0
rep3,1.1444,2275,0
rep3,1.1444,2276,0
rep3,1.1444,2277,0
rep3,1.1444,2278,0
rep3,1.1444,2279,0
rep3,1.1445,2280,0
rep3,1.1446,2281,0
rep3,1.1446,2282,0
rep3,1.1447,2283,0
rep3,1.1447,2284,0
rep3,1.1447,2285,0
rep3,1.1447,2286,0
rep3,1.1448,2287,0
rep3,1.1448,2288,0
rep3,1.1448,2289,0
rep3,1.1449,2290,0
rep3,1.145,2291,0
rep3,1.1451,2292,0
rep3,1.1451,2293,0
rep3,1.1452,2294,0
rep3,1.1452,2295,0
rep3,1.1453,2296,0
rep3,1.1455,2297,0
rep3,1.1455,2298,0
rep3,1.1455,2299,0
rep3,1.1455,2300,0
rep3,1.1456,2301,0
rep3,1.1456,2302,0
rep3,1.1457,2303,0
rep3,1.1458,2304,0
rep3,1.1458,2305,0
rep3,1.1458,2306,0
rep3,1.1459,2307,0
rep3,1.1461,2308,0
rep3,1.1461,2309,0
rep3,1.1461,2310,0
rep3,1.1462,2311,0
rep3,1.1462,2312,0
rep3,1.1463,2313,0
rep3,1.1463,2314,0
rep3,1.1464,2315,0
rep3,1.1465,2316,0
rep3,1.1465,2317,0
rep3,1.1465,2318,0
rep3,1.1466,2319,0
rep3,1.1466,2320,0
rep3,1.1467,2321,0
rep3,1.1467,2322,0
rep3,1.1468,2323,0
rep3,1.1469,2324,0
rep3,1.1469,2325,0
rep3,1.147,2326,0
rep3,1.1471,2327,0
rep3,1.1471,2328,0
rep3,1.1472,2329,0
rep3,1.1474,2330,0
rep3,1.1475,2331,0
rep3,1.1475,2332,0
rep3,1.1476,2333,0
rep3,1.1477,2334,0
rep3,1.1477,2335,0
rep3,1.1478,2336,0
rep3,1.1478,2337,0
rep3,1.148,2338,0
rep3,1.1481,2339,0
rep3,1.1481,2340,0
rep3,1.1482,2341,0
rep3,1.1484,2342,0
rep3,1.1484,2343,0
rep3,1.1485,2344,0
rep3,1.1485,2345,0
rep3,1.1486,2346,0
rep3,1.1488,2347,0
rep3,1.1488,2348,0
rep3,1.1488,2349,0
rep3,1.1488,2350,0
rep3,1.1489,2351,0
rep3,1.1489,2352,0
rep3,1.149,2353,0
rep3,1.149,2354,0
rep3,1.1491,2355,0
rep3,1.1492,2356,0
rep3,1.1494,2357,0
rep3,1.1495,2358,0
rep3,1.1496,2359,0
rep3,1.1496,2360,0
rep3,1.1496,2361,0
rep3,1.1496,2362,0
rep3,1.1497,2363,0
rep3,1.1497,2364,0
rep3,1.1497,2365,0
rep3,1.1498,2366,0
rep3,1.1498,2367,0
rep3,1.1498,2368,0
rep3,1.15,2369,0
rep3,1.15,2370,0
rep3,1.15,2371,0
rep3,1.1501,2372,0
rep3,1.1501,2373,0
rep3,1.1502,2374,0
rep3,1.1502,2375,0
rep3,1.1502,2376,0
rep3,1.1503,2377,0
rep3,1.1504,2378,0
rep3,1.1504,2379,0
rep3,1.1504,2380,0
rep3,1.1504,2381,0
rep3,1.1505,2382,0
rep3,1.1505,2383,0
rep3,1.1505,2384,0
rep3,1.1506,2385,0
rep3,1.1506,2386,0
rep3,1.1506,2387,0
rep3,1.1506,2388,0
rep3,1.1507,2389,0
rep3,1.1509,2390,0
rep3,1.1509,2391,0
rep3,1.151,2392,0
rep3,1.151,2393,0
rep3,1.1511,2394,0
rep3,1.1512,2395,0
rep3,1.1512,2396,0
rep3,1.1512,2397,0
rep3,1.1513,2398,0
rep3,1.1514,2399,0
rep3,1.1514,2400,0
rep3,1.1515,2401,0
rep3,1.1515,2402,0
rep3,1.1515,2403,0
rep3,1.1515,2404,0
rep3,1.1516,2405,0
rep3,1.1518,2406,0
rep3,1.1518,2407,0
rep3,1.1518,2408,0
rep3,1.152,2409,0
rep3,1.152,2410,0
rep3,1.1521,2411,0
rep3,1.1521,2412,0
rep3,1.1523,2413,0
rep3,1.1523,2414,0
rep3,1.1523,2415,0
rep3,1.1524,2416,0
rep3,1.1524,2417,0
rep3,1.1525,2418,0
rep3,1.1525,2419,0
rep3,1.1525,2420,0
rep3,1.1527,2421,0
rep3,1.1528,2422,0
rep3,1.1529,2423,0
rep3,1.153,2424,0
rep3,1.153,2425,0
rep3,1.1531,2426,0
rep3,1.1531,2427,0
rep3,1.1532,2428,0
rep3,1.1532,2429,0
rep3,1.1533,2430,0
rep3,1.1533,2431,0
rep3,1.1534,2432,0
rep3,1.1534,2433,0
rep3,1.1535,2434,0
rep3,1.1535,2435,0
rep3,1.1535,2436,0
rep3,1.1536,2437,0
rep3,1.1536,2438,0
rep3,1.1537,2439,0
rep3,1.1537,2440,0
rep3,1.1537,2441,0
rep3,1.1538,2442,0
rep3,1.154,2443,0
rep3,1.154,2444,0
rep3,1.1541,2445,0
rep3,1.1542,2446,0
rep3,1.1543,2447,0
rep3,1.1543,2448,0
rep3,1.1544,2449,0
rep3,1.1545,2450,0
rep3,1.1545,2451,0
rep3,1.1545,2452,0
rep3,1.1545,2453,0
rep3,1.1546,2454,0
rep3,1.1547,2455,0
rep3,1.1547,2456,0
rep3,1.1547,2457,0
rep3,1.1548,2458,0
rep3,1.1548,2459,0
rep3,1.1548,2460,0
rep3,1.1549,2461,0
rep3,1.1549,2462,0
rep3,1.1549,2463,0
rep3,1.1549,2464,0
rep3,1.1551,2465,0
rep3,1.1551,2466,0
rep3,1.1553,2467,0
rep3,1.1554,2468,0
rep3,1.1555,2469,0
rep3,1.1556,2470,0
rep3,1.1556,2471,0
rep3,1.1558,2472,0
rep3,1.1559,2473,0
rep3,1.1559,2474,0
rep3,1.156,2475,0
rep3,1.1561,2476,0
rep3,1.1561,2477,0
rep3,1.1561,2478,0
rep3,1.1561,2479,0
rep3,1.1561,2480,0
rep3,1.1562,2481,0
rep3,1.1562,2482,0
rep3,1.1565,2483,0
rep3,1.1567,2484,0
rep3,1.1568,2485,0
rep3,1.1569,2486,0
rep3,1.1569,2487,0
rep3,1.157,2488,0
rep3,1.1571,2489,0
rep3,1.1571,2490,0
rep3,1.1571,2491,0
rep3,1.1572,2492,0
rep3,1.1572,2493,0
rep3,1.1572,2494,0
rep3,1.1572,2495,0
rep3,1.1573,2496,0
rep3,1.1573,2497,0
rep3,1.1574,2498,0
rep3,1.1576,2499,0
rep3,1.1576,2500,0
rep3,1.1577,2501,0
rep3,1.1578,2502,0
rep3,1.1579,2503,0
rep3,1.1579,2504,0
rep3,1.158,2505,0
rep3,1.158,2506,0
rep3,1.158,2507,0
rep3,1.1582,2508,0
rep3,1.1584,2509,0
rep3,1.1584,2510,0
rep3,1.1585,2511,0
rep3,1.1586,2512,0
rep3,1.1589,2513,0
rep3,1.1589,2514,0
rep3,1.159,2515,0
rep3,1.1591,2516,0
rep3,1.1592,2517,0
rep3,1.1592,2518,0
rep3,1.1594,2519,0
rep3,1.1595,2520,0
rep3,1.1596,2521,0
rep3,1.1596,2522,0
rep3,1.1597,2523,0
rep3,1.1598,2524,0
rep3,1.1598,2525,0
rep3,1.1598,2526,0
rep3,1.1599,2527,0
rep3,1.1599,2528,0
rep3,1.16,2529,0
rep3,1.1601,2530,0
rep3,1.1601,2531,0
rep3,1.1602,2532,0
rep3,1.1603,2533,0
rep3,1.1603,2534,0
rep3,1.1603,2535,0
rep3,1.1603,2536,0
rep3,1.1604,2537,0
rep3,1.1605,2538,0
rep3,1.1605,2539,0
rep3,1.1605,2540,0
rep3,1.1606,2541,0
rep3,1.1607,2542,0
rep3,1.1608,2543,0
rep3,1.1608,2544,0
rep3,1.1609,2545,0
rep3,1.1609,2546,0
rep3,1.161,2547,0
rep3,1.161,2548,0
rep3,1.161,2549,0
rep3,1.1611,2550,0
rep3,1.1611,2551,0
rep3,1.1611,2552,0
rep3,1.1612,2553,0
rep3,1.1612,2554,0
rep3,1.1613,2555,0
rep3,1.1613,2556,0
rep3,1.1614,2557,0
rep3,1.1614,2558,0
rep3,1.1615,2559,0
rep3,1.1616,2560,0
rep3,1.1616,2561,0
rep3,1.1616,2562,0
rep3,1.1616,2563,0
rep3,1.1617,2564,0
rep3,1.1618,2565,0
rep3,1.1619,2566,0
rep3,1.162,2567,0
rep3,1.1621,2568,0
rep3,1.1621,2569,0
rep3,1.1621,2570,0
rep3,1.1622,2571,0
rep3,1.1623,2572,0
rep3,1.1624,2573,0
rep3,1.1624,2574,0
rep3,1.1625,2575,0
rep3,1.1625,2576,0
rep3,1.1626,2577,0
rep3,1.1626,2578,0
rep3,1.1626,2579,0
rep3,1.1627,2580,0
rep3,1.1627,2581,0
rep3,1.1628,2582,0
rep3,1.1628,2583,0
rep3,1.1629,2584,0
rep3,1.1629,2585,0
rep3,1.1629,2586,0
rep3,1.163,2587,0
rep3,1.163,2588,0
rep3,1.1631,2589,0
rep3,1.1632,2590,0
rep3,1.1632,2591,0
rep3,1.1632,2592,0
rep3,1.1633,2593,0
rep3,1.1636,2594,0
rep3,1.1636,2595,0
rep3,1.1637,2596,0
rep3,1.1637,2597,0
rep3,1.1637,2598,0
rep3,1.1638,2599,0
rep3,1.1643,2600,0
rep3,1.1643,2601,0
rep3,1.1644,2602,0
rep3,1.1645,2603,0
rep3,1.1645,2604,0
rep3,1.1647,2605,0
rep3,1.1647,2606,0
rep3,1.1647,2607,0
rep3,1.1647,2608,0
rep3,1.1647,2609,0
rep3,1.1648,2610,0
rep3,1.165,2611,0
rep3,1.1651,2612,0
rep3,1.1651,2613,0
rep3,1.1655,2614,0
rep3,1.1656,2615,0
rep3,1.1656,2616,0
rep3,1.1656,2617,0
rep3,1.1656,2618,0
rep3,1.1656,2619,0
rep3,1.1657,2620,0
rep3,1.1657,2621,0
rep3,1.1658,2622,0
rep3,1.1658,2623,0
rep3,1.1659,2624,0
rep3,1.1659,2625,0
rep3,1.1661,2626,0
rep3,1.1662,2627,0
rep3,1.1662,2628,0
rep3,1.1662,2629,0
rep3,1.1663,2630,0
rep3,1.1663,2631,0
rep3,1.1663,2632,0
rep3,1.1664,2633,0
rep3,1.1664,2634,0
rep3,1.1665,2635,0
rep3,1.1665,2636,0
rep3,1.1666,2637,0
rep3,1.1666,2638,0
rep3,1.1666,2639,0
rep3,1.1666,2640,0
rep3,1.1667,2641,0
rep3,1.1668,2642,0
rep3,1.1668,2643,0
rep3,1.1668,2644,0
rep3,1.1669,2645,0
rep3,1.167,2646,0
rep3,1.167,2647,0
rep3,1.1671,2648,0
rep3,1.1672,2649,0
rep3,1.1673,2650,0
rep3,1.1673,2651,0
rep3,1.1673,2652,0
rep3,1.1674,2653,0
rep3,1.1675,2654,0
rep3,1.1675,2655,0
rep3,1.1675,2656,0
rep3,1.1676,2657,0
rep3,1.1676,2658,0
rep3,1.1677,2659,0
rep3,1.1677,2660,0
rep3,1.1678,2661,0
rep3,1.1678,2662,0
rep3,1.1679,2663,0
rep3,1.1679,2664,0
rep3,1.1679,2665,0
rep3,1.1679,2666,0
rep3,1.168,2667,0
rep3,1.1682,2668,0
rep3,1.1683,2669,0
rep3,1.1683,2670,0
rep3,1.1684,2671,0
rep3,1.1684,2672,0
rep3,1.1686,2673,0
rep3,1.1687,2674,0
rep3,1.1687,2675,0
rep3,1.1688,2676,0
rep3,1.1689,2677,0
rep3,1.1689,2678,0
rep3,1.1689,2679,0
rep3,1.1691,2680,0
rep3,1.1691,2681,0
rep3,1.1691,2682,0
rep3,1.1691,2683,0
rep3,1.1692,2684,0
rep3,1.1693,2685,0
rep3,1.1694,2686,0
rep3,1.1695,2687,0
rep3,1.1695,2688,0
rep3,1.1695,2689,0
rep3,1.1696,2690,0
rep3,1.1698,2691,0
rep3,1.1699,2692,0
rep3,1.1699,2693,0
rep3,1.1699,2694,0
rep3,1.17,2695,0
rep3,1.17,2696,0
rep3,1.17,2697,0
rep3,1.1701,2698,0
rep3,1.1701,2699,0
rep3,1.1702,2700,0
rep3,1.1702,2701,0
rep3,1.1703,2702,0
rep3,1.1704,2703,0
rep3,1.1704,2704,0
rep3,1.1705,2705,0
rep3,1.1705,2706,0
rep3,1.1706,2707,0
rep3,1.1707,2708,0
rep3,1.1707,2709,0
rep3,1.1708,2710,0
rep3,1.1709,2711,0
rep3,1.1711,2712,0
rep3,1.1712,2713,0
rep3,1.1712,2714,0
rep3,1.1712,2715,0
rep3,1.1714,2716,0
rep3,1.1715,2717,0
rep3,1.1715,2718,0
rep3,1.1716,2719,0
rep3,1.1716,2720,0
rep3,1.1718,2721,0
rep3,1.1718,2722,0
rep3,1.1719,2723,0
rep3,1.1719,2724,0
rep3,1.172,2725,0
rep3,1.172,2726,0
rep3,1.1721,2727,0
rep3,1.1723,2728,0
rep3,1.1724,2729,0
rep3,1.1724,2730,0
rep3,1.1726,2731,0
rep3,1.1726,2732,0
rep3,1.1727,2733,0
rep3,1.1729,2734,0
rep3,1.173,2735,0
rep3,1.1731,2736,0
rep3,1.1732,2737,0
rep3,1.1733,2738,0
rep3,1.1733,2739,0
rep3,1.1733,2740,0
rep3,1.1735,2741,0
rep3,1.1736,2742,0
rep3,1.1737,2743,0
rep3,1.1739,2744,0
rep3,1.174,2745,0
rep3,1.174,2746,0
rep3,1.174,2747,0
rep3,1.1741,2748,0
rep3,1.1742,2749,0
rep3,1.1742,2750,0
rep3,1.1744,2751,0
rep3,1.1745,2752,0
rep3,1.1745,2753,0
rep3,1.1745,2754,0
rep3,1.1745,2755,0
rep3,1.1746,2756,0
rep3,1.1746,2757,0
rep3,1.1747,2758,0
rep3,1.1748,2759,0
rep3,1.1748,2760,0
rep3,1.1748,2761,0
rep3,1.1749,2762,0
rep3,1.175,2763,0
rep3,1.1751,2764,0
rep3,1.1752,2765,0
rep3,1.1753,2766,0
rep3,1.1753,2767,0
rep3,1.1754,2768,0
rep3,1.1756,2769,0
rep3,1.1757,2770,0
rep3,1.1757,2771,0
rep3,1.1757,2772,0
rep3,1.1758,2773,0
rep3,1.176,2774,0
rep3,1.176,2775,0
rep3,1.1761,2776,0
rep3,1.1763,2777,0
rep3,1.1763,2778,0
rep3,1.1763,2779,0
rep3,1.1763,2780,0
rep3,1.1764,2781,0
rep3,1.1765,2782,0
rep3,1.1765,2783,0
rep3,1.1765,2784,0
rep3,1.1765,2785,0
rep3,1.1766,2786,0
rep3,1.1766,2787,0
rep3,1.1768,2788,0
rep3,1.1768,2789,0
rep3,1.1769,2790,0
rep3,1.177,2791,0
rep3,1.1771,2792,0
rep3,1.1772,2793,0
rep3,1.1772,2794,0
rep3,1.1773,2795,0
rep3,1.1774,2796,0
rep3,1.1775,2797,0
rep3,1.1775,2798,0
rep3,1.1776,2799,0
rep3,1.1777,2800,0
rep3,1.1777,2801,0
rep3,1.1777,2802,0
rep3,1.1778,2803,0
rep3,1.1778,2804,0
rep3,1.1778,2805,0
rep3,1.1779,2806,0
rep3,1.1779,2807,0
rep3,1.178,2808,0
rep3,1.1781,2809,0
rep3,1.1781,2810,0
rep3,1.1781,2811,0
rep3,1.1781,2812,0
rep3,1.1783,2813,0
rep3,1.1783,2814,0
rep3,1.1783,2815,0
rep3,1.1783,2816,0
rep3,1.1783,2817,0
rep3,1.1784,2818,0
rep3,1.1784,2819,0
rep3,1.1784,2820,0
rep3,1.1785,2821,0
rep3,1.1785,2822,0
rep3,1.1786,2823,0
rep3,1.1786,2824,0
rep3,1.1787,2825,0
rep3,1.1787,2826,0
rep3,1.1787,2827,0
rep3,1.1787,2828,0
rep3,1.1788,2829,0
rep3,1.1789,2830,0
rep3,1.1789,2831,0
rep3,1.1789,2832,0
rep3,1.179,2833,0
rep3,1.179,2834,0
rep3,1.179,2835,0
rep3,1.179,2836,0
rep3,1.1792,2837,0
rep3,1.1792,2838,0
rep3,1.1793,2839,0
rep3,1.1794,2840,0
rep3,1.1795,2841,0
rep3,1.1796,2842,0
rep3,1.1797,2843,0
rep3,1.1797,2844,0
rep3,1.1797,2845,0
rep3,1.1798,2846,0
rep3,1.1798,2847,0
rep3,1.1798,2848,0
rep3,1.1798,2849,0
rep3,1.1799,2850,0
rep3,1.1799,2851,0
rep3,1.18,2852,0
rep3,1.1801,2853,0
rep3,1.1801,2854,0
rep3,1.1801,2855,0
rep3,1.1802,2856,0
rep3,1.1802,2857,0
rep3,1.1802,2858,0
rep3,1.1803,2859,0
rep3,1.1803,2860,0
rep3,1.1803,2861,0
rep3,1.1805,2862,0
rep3,1.1805,2863,0
rep3,1.1806,2864,0
rep3,1.1806,2865,0
rep3,1.1807,2866,0
rep3,1.1807,2867,0
rep3,1.1808,2868,0
rep3,1.1808,2869,0
rep3,1.1808,2870,0
rep3,1.1808,2871,0
rep3,1.1809,2872,0
rep3,1.1809,2873,0
rep3,1.1809,2874,0
rep3,1.181,2875,0
rep3,1.1811,2876,0
rep3,1.1811,2877,0
rep3,1.1811,2878,0
rep3,1.1813,2879,0
rep3,1.1813,2880,0
rep3,1.1814,2881,0
rep3,1.1814,2882,0
rep3,1.1816,2883,0
rep3,1.1816,2884,0
rep3,1.1817,2885,0
rep3,1.1817,2886,0
rep3,1.1818,2887,0
rep3,1.1819,2888,0
rep3,1.1819,2889,0
rep3,1.1819,2890,0
rep3,1.182,2891,0
rep3,1.1821,2892,0
rep3,1.1823,2893,0
rep3,1.1824,2894,0
rep3,1.1824,2895,0
rep3,1.1824,2896,0
rep3,1.1824,2897,0
rep3,1.1825,2898,0
rep3,1.1827,2899,0
rep3,1.1828,2900,0
rep3,1.1829,2901,0
rep3,1.183,2902,0
rep3,1.183,2903,0
rep3,1.1831,2904,0
rep3,1.1831,2905,0
rep3,1.1832,2906,0
rep3,1.1834,2907,0
rep3,1.1834,2908,0
rep3,1.1834,2909,0
rep3,1.1834,2910,0
rep3,1.1835,2911,0
rep3,1.1835,2912,0
rep3,1.1836,2913,0
rep3,1.1836,2914,0
rep3,1.1837,2915,0
rep3,1.1838,2916,0
rep3,1.1838,2917,0
rep3,1.1839,2918,0
rep3,1.1839,2919,0
rep3,1.1839,2920,0
rep3,1.1841,2921,0
rep3,1.1842,2922,0
rep3,1.1842,2923,0
rep3,1.1843,2924,0
rep3,1.1844,2925,0
rep3,1.1844,2926,0
rep3,1.1845,2927,0
rep3,1.1845,2928,0
rep3,1.1845,2929,0
rep3,1.1846,2930,0
rep3,1.1846,2931,0
rep3,1.1847,2932,0
rep3,1.1849,2933,0
rep3,1.1849,2934,0
rep3,1.185,2935,0
rep3,1.1851,2936,0
rep3,1.1851,2937,0
rep3,1.1852,2938,0
rep3,1.1853,2939,0
rep3,1.1853,2940,0
rep3,1.1855,2941,0
rep3,1.1855,2942,0
rep3,1.1855,2943,0
rep3,1.1856,2944,0
rep3,1.1857,2945,0
rep3,1.1857,2946,0
rep3,1.1857,2947,0
rep3,1.1858,2948,0
rep3,1.186,2949,0
rep3,1.186,2950,0
rep3,1.1862,2951,0
rep3,1.1862,2952,0
rep3,1.1862,2953,0
rep3,1.1863,2954,0
rep3,1.1863,2955,0
rep3,1.1864,2956,0
rep3,1.1864,2957,0
rep3,1.1865,2958,0
rep3,1.1866,2959,0
rep3,1.1866,2960,0
rep3,1.1867,2961,0
rep3,1.1867,2962,0
rep3,1.1867,2963,0
rep3,1.1868,2964,0
rep3,1.1868,2965,0
rep3,1.1869,2966,0
rep3,1.1869,2967,0
rep3,1.1869,2968,0
rep3,1.187,2969,0
rep3,1.187,2970,0
rep3,1.1871,2971,0
rep3,1.1871,2972,0
rep3,1.1873,2973,0
rep3,1.1873,2974,0
rep3,1.1874,2975,0
rep3,1.1875,2976,0
rep3,1.1876,2977,0
rep3,1.1877,2978,0
rep3,1.1878,2979,0
rep3,1.1878,2980,0
rep3,1.1878,2981,0
rep3,1.1878,2982,0
rep3,1.1879,2983,0
rep3,1.1879,2984,0
rep3,1.188,2985,0
rep3,1.188,2986,0
rep3,1.188,2987,0
rep3,1.1881,2988,0
rep3,1.1882,2989,0
rep3,1.1882,2990,0
rep3,1.1882,2991,0
rep3,1.1883,2992,0
rep3,1.1884,2993,0
rep3,1.1884,2994,0
rep3,1.1885,2995,0
rep3,1.1885,2996,0
rep3,1.1885,2997,0
rep3,1.1886,2998,0
rep3,1.1886,2999,0
rep3,1.1888,3000,0
rep3,1.189,3001,0
rep3,1.189,3002,0
rep3,1.1891,3003,0
rep3,1.1891,3004,0
rep3,1.1892,3005,0
rep3,1.1894,3006,0
rep3,1.1895,3007,0
rep3,1.1895,3008,0
rep3,1.1896,3009,0
rep3,1.1897,3010,0
rep3,1.1898,3011,0
rep3,1.1898,3012,0
rep3,1.1898,3013,0
rep3,1.1899,3014,0
rep3,1.1899,3015,0
rep3,1.19,3016,0
rep3,1.1901,3017,0
rep3,1.1901,3018,0
rep3,1.1901,3019,0
rep3,1.1902,3020,0
rep3,1.1902,3021,0
rep3,1.1903,3022,0
rep3,1.1904,3023,0
rep3,1.1904,3024,0
rep3,1.1904,3025,0
rep3,1.1904,3026,0
rep3,1.1905,3027,0
rep3,1.1906,3028,0
rep3,1.1907,3029,0
rep3,1.1907,3030,0
rep3,1.1908,3031,0
rep3,1.1909,3032,0
rep3,1.1909,3033,0
rep3,1.1909,3034,0
rep3,1.191,3035,0
rep3,1.1911,3036,0
rep3,1.1911,3037,0
rep3,1.1913,3038,0
rep3,1.1913,3039,0
rep3,1.1913,3040,0
rep3,1.1913,3041,0
rep3,1.1914,3042,0
rep3,1.1916,3043,0
rep3,1.1916,3044,0
rep3,1.1917,3045,0
rep3,1.1917,3046,0
rep3,1.1918,3047,0
rep3,1.1919,3048,0
rep3,1.1919,3049,0
rep3,1.1919,3050,0
rep3,1.1921,3051,0
rep3,1.1922,3052,0
rep3,1.1922,3053,0
rep3,1.1923,3054,0
rep3,1.1923,3055,0
rep3,1.1923,3056,0
rep3,1.1926,3057,0
rep3,1.1927,3058,0
rep3,1.1929,3059,0
rep3,1.193,3060,0
rep3,1.193,3061,0
rep3,1.193,3062,0
rep3,1.1931,3063,0
rep3,1.1931,3064,0
rep3,1.1931,3065,0
rep3,1.1933,3066,0
rep3,1.1934,3067,0
rep3,1.1934,3068,0
rep3,1.1935,3069,0
rep3,1.1935,3070,0
rep3,1.1936,3071,0
rep3,1.1936,3072,0
rep3,1.1938,3073,0
rep3,1.1938,3074,0
rep3,1.194,3075,0
rep3,1.194,3076,0
rep3,1.1941,3077,0
rep3,1.1941,3078,0
rep3,1.1941,3079,0
rep3,1.1942,3080,0
rep3,1.1943,3081,0
rep3,1.1944,3082,0
rep3,1.1944,3083,0
rep3,1.1945,3084,0
rep3,1.1946,3085,0
rep3,1.1946,3086,0
rep3,1.1947,3087,0
rep3,1.1948,3088,0
rep3,1.1949,3089,0
rep3,1.195,3090,0
rep3,1.195,3091,0
rep3,1.195,3092,0
rep3,1.195,3093,0
rep3,1.1952,3094,0
rep3,1.1952,3095,0
rep3,1.1953,3096,0
rep3,1.1955,3097,0
rep3,1.1955,3098,0
rep3,1.1956,3099,0
rep3,1.1956,3100,0
rep3,1.1957,3101,0
rep3,1.1957,3102,0
rep3,1.1958,3103,0
rep3,1.1958,3104,0
rep3,1.196,3105,0
rep3,1.1965,3106,0
rep3,1.1966,3107,0
rep3,1.1967,3108,0
rep3,1.1967,3109,0
rep3,1.1968,3110,0
rep3,1.197,3111,0
rep3,1.197,3112,0
rep3,1.197,3113,0
rep3,1.1971,3114,0
rep3,1.1972,3115,0
rep3,1.1972,3116,0
rep3,1.1975,3117,0
rep3,1.1976,3118,0
rep3,1.1977,3119,0
rep3,1.1979,3120,0
rep3,1.1979,3121,0
rep3,1.198,3122,0
rep3,1.198,3123,0
rep3,1.198,3124,0
rep3,1.1981,3125,0
rep3,1.1982,3126,0
rep3,1.1982,3127,0
rep3,1.1983,3128,0
rep3,1.1983,3129,0
rep3,1.1983,3130,0
rep3,1.1984,3131,0
rep3,1.1985,3132,0
rep3,1.1985,3133,0
rep3,1.1985,3134,0
rep3,1.1985,3135,0
rep3,1.1986,3136,0
rep3,1.1987,3137,0
rep3,1.1987,3138,0
rep3,1.1987,3139,0
rep3,1.1988,3140,0
rep3,1.1991,3141,0
rep3,1.1991,3142,0
rep3,1.1991,3143,0
rep3,1.1992,3144,0
rep3,1.1993,3145,0
rep3,1.1996,3146,0
rep3,1.1997,3147,0
rep3,1.1997,3148,0
rep3,1.2,3149,0
rep3,1.2001,3150,0
rep3,1.2002,3151,0
rep3,1.2002,3152,0
rep3,1.2003,3153,0
rep3,1.2003,3154,0
rep3,1.2006,3155,0
rep3,1.2007,3156,0
rep3,1.2008,3157,0
rep3,1.2008,3158,0
rep3,1.2009,3159,0
rep3,1.2009,3160,0
rep3,1.2009,3161,0
rep3,1.2009,3162,0
rep3,1.201,3163,0
rep3,1.2011,3164,0
rep3,1.2012,3165,0
rep3,1.2014,3166,0
rep3,1.2019,3167,0
rep3,1.2019,3168,0
rep3,1.2019,3169,0
rep3,1.202,3170,0
rep3,1.2021,3171,0
rep3,1.2025,3172,0
rep3,1.2026,3173,0
rep3,1.2026,3174,0
rep3,1.2026,3175,0
rep3,1.2027,3176,0
rep3,1.2028,3177,0
rep3,1.2029,3178,0
rep3,1.2031,3179,0
rep3,1.2032,3180,0
rep3,1.2032,3181,0
rep3,1.2033,3182,0
rep3,1.2033,3183,0
rep3,1.2034,3184,0
rep3,1.2035,3185,0
rep3,1.2037,3186,0
rep3,1.2037,3187,0
rep3,1.2037,3188,0
rep3,1.2037,3189,0
rep3,1.2038,3190,0
rep3,1.2038,3191,0
rep3,1.2039,3192,0
rep3,1.2041,3193,0
rep3,1.2041,3194,0
rep3,1.2042,3195,0
rep3,1.2043,3196,0
rep3,1.2043,3197,0
rep3,1.2047,3198,0
rep3,1.2048,3199,0
rep3,1.2048,3200,0
rep3,1.2049,3201,0
rep3,1.205,3202,0
rep3,1.205,3203,0
rep3,1.205,3204,0
rep3,1.2051,3205,0
rep3,1.2052,3206,0
rep3,1.2053,3207,0
rep3,1.2055,3208,0
rep3,1.2055,3209,0
rep3,1.2057,3210,0
rep3,1.2059,3211,0
rep3,1.2059,3212,0
rep3,1.206,3213,0
rep3,1.206,3214,0
rep3,1.2061,3215,0
rep3,1.2062,3216,0
rep3,1.2063,3217,0
rep3,1.2064,3218,0
rep3,1.2065,3219,0
rep3,1.2065,3220,0
rep3,1.2065,3221,0
rep3,1.2066,3222,0
rep3,1.2066,3223,0
rep3,1.207,3224,0
rep3,1.207,3225,0
rep3,1.207,3226,0
rep3,1.207,3227,0
rep3,1.2072,3228,0
rep3,1.2073,3229,0
rep3,1.2074,3230,0
rep3,1.2076,3231,0
rep3,1.2077,3232,0
rep3,1.2079,3233,0
rep3,1.2079,3234,0
rep3,1.208,3235,0
rep3,1.2082,3236,0
rep3,1.2082,3237,0
rep3,1.2082,3238,0
rep3,1.2084,3239,0
rep3,1.2085,3240,0
rep3,1.2086,3241,0
rep3,1.2088,3242,0
rep3,1.2088,3243,0
rep3,1.209,3244,0
rep3,1.209,3245,0
rep3,1.2091,3246,0
rep3,1.2091,3247,0
rep3,1.2092,3248,0
rep3,1.2093,3249,0
rep3,1.2094,3250,0
rep3,1.2097,3251,0
rep3,1.2098,3252,0
rep3,1.2098,3253,0
rep3,1.2099,3254,0
rep3,1.2099,3255,0
rep3,1.21,3256,0
rep3,1.21,3257,0
rep3,1.2101,3258,0
rep3,1.2102,3259,0
rep3,1.2102,3260,0
rep3,1.2103,3261,0
rep3,1.2104,3262,0
rep3,1.2104,3263,0
rep3,1.2104,3264,0
rep3,1.2105,3265,0
rep3,1.2105,3266,0
rep3,1.2105,3267,0
rep3,1.2105,3268,0
rep3,1.2106,3269,0
rep3,1.2106,3270,0
rep3,1.2108,3271,0
rep3,1.2108,3272,0
rep3,1.2108,3273,0
rep3,1.2109,3274,0
rep3,1.2109,3275,0
rep3,1.2111,3276,0
rep3,1.2112,3277,0
rep3,1.2113,3278,0
rep3,1.2113,3279,0
rep3,1.2115,3280,0
rep3,1.2116,3281,0
rep3,1.2117,3282,0
rep3,1.2117,3283,0
rep3,1.2117,3284,0
rep3,1.2117,3285,0
rep3,1.2119,3286,0
rep3,1.2119,3287,0
rep3,1.212,3288,0
rep3,1.2121,3289,0
rep3,1.2121,3290,0
rep3,1.2121,3291,0
rep3,1.2122,3292,0
rep3,1.2123,3293,0
rep3,1.2123,3294,0
rep3,1.2124,3295,0
rep3,1.2124,3296,0
rep3,1.2125,3297,0
rep3,1.2126,3298,0
rep3,1.2127,3299,0
rep3,1.2128,3300,0
rep3,1.2129,3301,0
rep3,1.213,3302,0
rep3,1.2131,3303,0
rep3,1.2132,3304,0
rep3,1.2132,3305,0
rep3,1.2133,3306,0
rep3,1.2134,3307,0
rep3,1.2134,3308,0
rep3,1.2134,3309,0
rep3,1.2136,3310,0
rep3,1.2136,3311,0
rep3,1.2137,3312,0
rep3,1.2137,3313,0
rep3,1.2138,3314,0
rep3,1.2138,3315,0
rep3,1.2138,3316,0
rep3,1.214,3317,0
rep3,1.214,3318,0
rep3,1.214,3319,0
rep3,1.2141,3320,0
rep3,1.2141,3321,0
rep3,1.2141,3322,0
rep3,1.2141,3323,0
rep3,1.2142,3324,0
rep3,1.2143,3325,0
rep3,1.2145,3326,0
rep3,1.2146,3327,0
rep3,1.2146,3328,0
rep3,1.2148,3329,0
rep3,1.2148,3330,0
rep3,1.2148,3331,0
rep3,1.2148,3332,0
rep3,1.2149,3333,0
rep3,1.215,3334,0
rep3,1.215,3335,0
rep3,1.2151,3336,0
rep3,1.2152,3337,0
rep3,1.2152,3338,0
rep3,1.2153,3339,0
rep3,1.2153,3340,0
rep3,1.2153,3341,0
rep3,1.2154,3342,0
rep3,1.2156,3343,0
rep3,1.2156,3344,0
rep3,1.2157,3345,0
rep3,1.2157,3346,0
rep3,1.2157,3347,0
rep3,1.2158,3348,0
rep3,1.2159,3349,0
rep3,1.2159,3350,0
rep3,1.216,3351,0
rep3,1.2161,3352,0
rep3,1.2161,3353,0
rep3,1.2161,3354,0
rep3,1.2161,3355,0
rep3,1.2162,3356,0
rep3,1.2162,3357,0
rep3,1.2162,3358,0
rep3,1.2163,3359,0
rep3,1.2164,3360,0
rep3,1.2165,3361,0
rep3,1.2165,3362,0
rep3,1.2166,3363,0
rep3,1.2168,3364,0
rep3,1.2169,3365,0
rep3,1.2169,3366,0
rep3,1.2174,3367,0
rep3,1.2174,3368,0
rep3,1.2175,3369,0
rep3,1.2175,3370,0
rep3,1.2175,3371,0
rep3,1.2179,3372,0
rep3,1.2181,3373,0
rep3,1.2181,3374,0
rep3,1.2182,3375,0
rep3,1.2182,3376,0
rep3,1.2182,3377,0
rep3,1.2183,3378,0
rep3,1.2183,3379,0
rep3,1.2186,3380,0
rep3,1.2187,3381,0
rep3,1.2187,3382,0
rep3,1.219,3383,0
rep3,1.2191,3384,0
rep3,1.2192,3385,0
rep3,1.2192,3386,0
rep3,1.2193,3387,0
rep3,1.2198,3388,0
rep3,1.22,3389,0
rep3,1.22,3390,0
rep3,1.22,3391,0
rep3,1.2201,3392,0
rep3,1.2201,3393,0
rep3,1.2202,3394,0
rep3,1.2202,3395,0
rep3,1.2203,3396,0
rep3,1.2204,3397,0
rep3,1.2207,3398,0
rep3,1.2208,3399,0
rep3,1.2209,3400,0
rep3,1.2209,3401,0
rep3,1.221,3402,0
rep3,1.221,3403,0
rep3,1.2211,3404,0
rep3,1.2211,3405,0
rep3,1.2213,3406,0
rep3,1.2213,3407,0
rep3,1.2213,3408,0
rep3,1.2214,3409,0
rep3,1.2214,3410,0
rep3,1.2214,3411,0
rep3,1.2215,3412,0
rep3,1.2215,3413,0
rep3,1.2216,3414,0
rep3,1.2216,3415,0
rep3,1.2217,3416,0
rep3,1.2217,3417,0
rep3,1.2217,3418,0
rep3,1.2217,3419,0
rep3,1.2218,3420,0
rep3,1.2218,3421,0
rep3,1.2218,3422,0
rep3,1.2219,3423,0
rep3,1.2219,3424,0
rep3,1.2219,3425,0
rep3,1.222,3426,0
rep3,1.2221,3427,0
rep3,1.2221,3428,0
rep3,1.2224,3429,0
rep3,1.2225,3430,0
rep3,1.2225,3431,0
rep3,1.2225,3432,0
rep3,1.2226,3433,0
rep3,1.2226,3434,0
rep3,1.2226,3435,0
rep3,1.2227,3436,0
rep3,1.2227,3437,0
rep3,1.2228,3438,0
rep3,1.2229,3439,0
rep3,1.2229,3440,0
rep3,1.2229,3441,0
rep3,1.223,3442,0
rep3,1.2232,3443,0
rep3,1.2233,3444,0
rep3,1.2235,3445,0
rep3,1.2236,3446,0
rep3,1.2238,3447,0
rep3,1.2239,3448,0
rep3,1.2241,3449,0
rep3,1.2241,3450,0
rep3,1.2242,3451,0
rep3,1.2242,3452,0
rep3,1.2242,3453,0
rep3,1.2244,3454,0
rep3,1.2246,3455,0
rep3,1.2246,3456,0
rep3,1.2247,3457,0
rep3,1.2247,3458,0
rep3,1.2249,3459,0
rep3,1.2249,3460,0
rep3,1.225,3461,0
rep3,1.2251,3462,0
rep3,1.2251,3463,0
rep3,1.2251,3464,0
rep3,1.2253,3465,0
rep3,1.2253,3466,0
rep3,1.2253,3467,0
rep3,1.2254,3468,0
rep3,1.2254,3469,0
rep3,1.2255,3470,0
rep3,1.2255,3471,0
rep3,1.2255,3472,0
rep3,1.2258,3473,0
rep3,1.2261,3474,0
rep3,1.2262,3475,0
rep3,1.2263,3476,0
rep3,1.2263,3477,0
rep3,1.2263,3478,0
rep3,1.2265,3479,0
rep3,1.2265,3480,0
rep3,1.2271,3481,0
rep3,1.2272,3482,0
rep3,1.2272,3483,0
rep3,1.2272,3484,0
rep3,1.2272,3485,0
rep3,1.2273,3486,0
rep3,1.2273,3487,0
rep3,1.2274,3488,0
rep3,1.2275,3489,0
rep3,1.2275,3490,0
rep3,1.2276,3491,0
rep3,1.2276,3492,0
rep3,1.2277,3493,0
rep3,1.2278,3494,0
rep3,1.2278,3495,0
rep3,1.2279,3496,0
rep3,1.2279,3497,0
rep3,1.2283,3498,0
rep3,1.2284,3499,0
rep3,1.2286,3500,0
rep3,1.2287,3501,0
rep3,1.2287,3502,0
rep3,1.229,3503,0
rep3,1.2291,3504,0
rep3,1.2291,3505,0
rep3,1.2292,3506,0
rep3,1.2293,3507,0
rep3,1.2294,3508,0
rep3,1.2294,3509,0
rep3,1.2294,3510,0
rep3,1.2296,3511,0
rep3,1.2297,3512,0
rep3,1.2298,3513,0
rep3,1.2298,3514,0
rep3,1.2298,3515,0
rep3,1.23,3516,0
rep3,1.2302,3517,0
rep3,1.2303,3518,0
rep3,1.2304,3519,0
rep3,1.2305,3520,0
rep3,1.2306,3521,0
rep3,1.2306,3522,0
rep3,1.2307,3523,0
rep3,1.2308,3524,0
rep3,1.2309,3525,0
rep3,1.2309,3526,0
rep3,1.2309,3527,0
rep3,1.2312,3528,0
rep3,1.2314,3529,0
rep3,1.2314,3530,0
rep3,1.2316,3531,0
rep3,1.2317,3532,0
rep3,1.2317,3533,0
rep3,1.2319,3534,0
rep3,1.232,3535,0
rep3,1.2321,3536,0
rep3,1.2323,3537,0
rep3,1.2324,3538,0
rep3,1.2325,3539,0
rep3,1.2326,3540,0
rep3,1.2326,3541,0
rep3,1.2326,3542,0
rep3,1.2327,3543,0
rep3,1.2328,3544,0
rep3,1.2329,3545,0
rep3,1.233,3546,0
rep3,1.2331,3547,0
rep3,1.2332,3548,0
rep3,1.2337,3549,0
rep3,1.2337,3550,0
rep3,1.2338,3551,0
rep3,1.2339,3552,0
rep3,1.234,3553,0
rep3,1.234,3554,0
rep3,1.2342,3555,0
rep3,1.2342,3556,0
rep3,1.2343,3557,0
rep3,1.2343,3558,0
rep3,1.2344,3559,0
rep3,1.2344,3560,0
rep3,1.2345,3561,0
rep3,1.2345,3562,0
rep3,1.2347,3563,0
rep3,1.2347,3564,0
rep3,1.2349,3565,0
rep3,1.2353,3566,0
rep3,1.2354,3567,0
rep3,1.2359,3568,0
rep3,1.2359,3569,0
rep3,1.2359,3570,0
rep3,1.236,3571,0
rep3,1.2361,3572,0
rep3,1.2361,3573,0
rep3,1.2362,3574,0
rep3,1.2362,3575,0
rep3,1.2362,3576,0
rep3,1.2363,3577,0
rep3,1.2365,3578,0
rep3,1.2365,3579,0
rep3,1.2365,3580,0
rep3,1.2367,3581,0
rep3,1.2367,3582,0
rep3,1.2368,3583,0
rep3,1.2368,3584,0
rep3,1.2369,3585,0
rep3,1.2369,3586,0
rep3,1.2372,3587,0
rep3,1.2372,3588,0
rep3,1.2372,3589,0
rep3,1.2373,3590,0
rep3,1.2374,3591,0
rep3,1.2374,3592,0
rep3,1.2374,3593,0
rep3,1.2375,3594,0
rep3,1.2377,3595,0
rep3,1.2378,3596,0
rep3,1.2379,3597,0
rep3,1.2379,3598,0
rep3,1.2381,3599,0
rep3,1.2381,3600,0
rep3,1.2382,3601,0
rep3,1.2383,3602,0
rep3,1.2383,3603,0
rep3,1.2386,3604,0
rep3,1.2386,3605,0
rep3,1.2387,3606,0
rep3,1.2387,3607,0
rep3,1.2388,3608,0
rep3,1.2389,3609,0
rep3,1.2391,3610,0
rep3,1.2391,3611,0
rep3,1.2392,3612,0
rep3,1.2394,3613,0
rep3,1.2394,3614,0
rep3,1.2394,3615,0
rep3,1.2396,3616,0
rep3,1.2396,3617,0
rep3,1.2397,3618,0
rep3,1.2399,3619,0
rep3,1.2399,3620,0
rep3,1.2399,3621,0
rep3,1.2403,3622,0
rep3,1.2403,3623,0
rep3,1.2405,3624,0
rep3,1.2406,3625,0
rep3,1.2406,3626,0
rep3,1.2407,3627,0
rep3,1.2407,3628,0
rep3,1.2409,3629,0
rep3,1.2412,3630,0
rep3,1.2413,3631,0
rep3,1.2415,3632,0
rep3,1.2415,3633,0
rep3,1.2419,3634,0
rep3,1.242,3635,0
rep3,1.2421,3636,0
rep3,1.2421,3637,0
rep3,1.2422,3638,0
rep3,1.2423,3639,0
rep3,1.2423,3640,0
rep3,1.2424,3641,0
rep3,1.2425,3642,0
rep3,1.2426,3643,0
rep3,1.2428,3644,0
rep3,1.2428,3645,0
rep3,1.2429,3646,0
rep3,1.243,3647,0
rep3,1.2431,3648,0
rep3,1.2432,3649,0
rep3,1.2432,3650,0
rep3,1.2434,3651,0
rep3,1.2434,3652,0
rep3,1.2434,3653,0
rep3,1.2437,3654,0
rep3,1.2438,3655,0
rep3,1.2439,3656,0
rep3,1.2439,3657,0
rep3,1.244,3658,0
rep3,1.2443,3659,0
rep3,1.2444,3660,0
rep3,1.2445,3661,0
rep3,1.2446,3662,0
rep3,1.2447,3663,0
rep3,1.2447,3664,0
rep3,1.2447,3665,0
rep3,1.2447,3666,0
rep3,1.2448,3667,0
rep3,1.2449,3668,0
rep3,1.2449,3669,0
rep3,1.245,3670,0
rep3,1.2451,3671,0
rep3,1.2453,3672,0
rep3,1.2453,3673,0
rep3,1.2454,3674,0
rep3,1.2455,3675,0
rep3,1.2455,3676,0
rep3,1.2457,3677,0
rep3,1.2458,3678,0
rep3,1.2458,3679,0
rep3,1.246,3680,0
rep3,1.246,3681,0
rep3,1.2461,3682,0
rep3,1.2461,3683,0
rep3,1.2462,3684,0
rep3,1.2462,3685,0
rep3,1.2462,3686,0
rep3,1.2464,3687,0
rep3,1.2465,3688,0
rep3,1.2465,3689,0
rep3,1.2467,3690,0
rep3,1.2468,3691,0
rep3,1.2468,3692,0
rep3,1.2469,3693,0
rep3,1.247,3694,0
rep3,1.247,3695,0
rep3,1.247,3696,0
rep3,1.2471,3697,0
rep3,1.2473,3698,0
rep3,1.2475,3699,0
rep3,1.2475,3700,0
rep3,1.2475,3701,0
rep3,1.2477,3702,0
rep3,1.2477,3703,0
rep3,1.2478,3704,0
rep3,1.2479,3705,0
rep3,1.2479,3706,0
rep3,1.248,3707,0
rep3,1.248,3708,0
rep3,1.2481,3709,0
rep3,1.2482,3710,0
rep3,1.2482,3711,0
rep3,1.2483,3712,0
rep3,1.2484,3713,0
rep3,1.2485,3714,0
rep3,1.2485,3715,0
rep3,1.2487,3716,0
rep3,1.2488,3717,0
rep3,1.2489,3718,0
rep3,1.2491,3719,0
rep3,1.2492,3720,0
rep3,1.2492,3721,0
rep3,1.2494,3722,0
rep3,1.2494,3723,0
rep3,1.2495,3724,0
rep3,1.2495,3725,0
rep3,1.2497,3726,0
rep3,1.2497,3727,0
rep3,1.2498,3728,0
rep3,1.2498,3729,0
rep3,1.2498,3730,0
rep3,1.2499,3731,0
rep3,1.25,3732,0
rep3,1.25,3733,0
rep3,1.2502,3734,0
rep3,1.2503,3735,0
rep3,1.2503,3736,0
rep3,1.2504,3737,0
rep3,1.2504,3738,0
rep3,1.2505,3739,0
rep3,1.2506,3740,0
rep3,1.2506,3741,0
rep3,1.2506,3742,0
rep3,1.2507,3743,0
rep3,1.2507,3744,0
rep3,1.2507,3745,0
rep3,1.2508,3746,0
rep3,1.251,3747,0
rep3,1.2511,3748,0
rep3,1.2511,3749,0
rep3,1.2513,3750,0
rep3,1.2513,3751,0
rep3,1.2513,3752,0
rep3,1.2514,3753,0
rep3,1.2514,3754,0
rep3,1.2515,3755,0
rep3,1.2515,3756,0
rep3,1.2516,3757,0
rep3,1.2517,3758,0
rep3,1.2517,3759,0
rep3,1.2517,3760,0
rep3,1.2519,3761,0
rep3,1.2521,3762,0
rep3,1.2522,3763,0
rep3,1.2523,3764,0
rep3,1.2524,3765,0
rep3,1.2524,3766,0
rep3,1.2526,3767,0
rep3,1.2527,3768,0
rep3,1.2527,3769,0
rep3,1.2528,3770,0
rep3,1.2529,3771,0
rep3,1.2529,3772,0
rep3,1.253,3773,0
rep3,1.253,3774,0
rep3,1.2531,3775,0
rep3,1.2532,3776,0
rep3,1.2533,3777,0
rep3,1.2534,3778,0
rep3,1.2535,3779,0
rep3,1.2536,3780,0
rep3,1.2537,3781,0
rep3,1.2537,3782,0
rep3,1.2539,3783,0
rep3,1.2543,3784,0
rep3,1.2544,3785,0
rep3,1.2546,3786,0
rep3,1.2547,3787,0
rep3,1.2549,3788,0
rep3,1.2549,3789,0
rep3,1.2549,3790,0
rep3,1.255,3791,0
rep3,1.2551,3792,0
rep3,1.2551,3793,0
rep3,1.2551,3794,0
rep3,1.2552,3795,0
rep3,1.2553,3796,0
rep3,1.2554,3797,0
rep3,1.2554,3798,0
rep3,1.2555,3799,0
rep3,1.2556,3800,0
rep3,1.2557,3801,0
rep3,1.2558,3802,0
rep3,1.256,3803,0
rep3,1.2561,3804,0
rep3,1.2561,3805,0
rep3,1.2562,3806,0
rep3,1.2564,3807,0
rep3,1.2566,3808,0
rep3,1.2567,3809,0
rep3,1.2568,3810,0
rep3,1.2568,3811,0
rep3,1.2569,3812,0
rep3,1.2569,3813,0
rep3,1.257,3814,0
rep3,1.257,3815,0
rep3,1.2571,3816,0
rep3,1.2572,3817,0
rep3,1.2574,3818,0
rep3,1.2575,3819,0
rep3,1.2575,3820,0
rep3,1.2576,3821,0
rep3,1.2577,3822,0
rep3,1.2577,3823,0
rep3,1.2577,3824,0
rep3,1.2578,3825,0
rep3,1.2579,3826,0
rep3,1.2579,3827,0
rep3,1.2581,3828,0
rep3,1.2581,3829,0
rep3,1.2582,3830,0
rep3,1.2583,3831,0
rep3,1.2584,3832,0
rep3,1.2585,3833,0
rep3,1.2586,3834,0
rep3,1.2589,3835,0
rep3,1.259,3836,0
rep3,1.2591,3837,0
rep3,1.2592,3838,0
rep3,1.2596,3839,0
rep3,1.2598,3840,0
rep3,1.2599,3841,0
rep3,1.2601,3842,0
rep3,1.2602,3843,0
rep3,1.2603,3844,0
rep3,1.2603,3845,0
rep3,1.2604,3846,0
rep3,1.2604,3847,0
rep3,1.2607,3848,0
rep3,1.2607,3849,0
rep3,1.2607,3850,0
rep3,1.2608,3851,0
rep3,1.2608,3852,0
rep3,1.2609,3853,0
rep3,1.261,3854,0
rep3,1.261,3855,0
rep3,1.2611,3856,0
rep3,1.2612,3857,0
rep3,1.2614,3858,0
rep3,1.2614,3859,0
rep3,1.2615,3860,0
rep3,1.2615,3861,0
rep3,1.2615,3862,0
rep3,1.2617,3863,0
rep3,1.2618,3864,0
rep3,1.2618,3865,0
rep3,1.2619,3866,0
rep3,1.2619,3867,0
rep3,1.2619,3868,0
rep3,1.2621,3869,0
rep3,1.2622,3870,0
rep3,1.2622,3871,0
rep3,1.2624,3872,0
rep3,1.2627,3873,0
rep3,1.2627,3874,0
rep3,1.2629,3875,0
rep3,1.2629,3876,0
rep3,1.263,3877,0
rep3,1.2631,3878,0
rep3,1.2632,3879,0
rep3,1.2632,3880,0
rep3,1.2632,3881,0
rep3,1.2632,3882,0
rep3,1.2634,3883,0
rep3,1.2636,3884,0
rep3,1.2636,3885,0
rep3,1.2637,3886,0
rep3,1.2642,3887,0
rep3,1.2642,3888,0
rep3,1.2642,3889,0
rep3,1.2643,3890,0
rep3,1.2644,3891,0
rep3,1.2645,3892,0
rep3,1.2647,3893,0
rep3,1.2647,3894,0
rep3,1.2647,3895,0
rep3,1.2648,3896,0
rep3,1.2648,3897,0
rep3,1.2649,3898,0
rep3,1.2649,3899,0
rep3,1.265,3900,0
rep3,1.2651,3901,0
rep3,1.2653,3902,0
rep3,1.2653,3903,0
rep3,1.2654,3904,0
rep3,1.2654,3905,0
rep3,1.2657,3906,0
rep3,1.2657,3907,0
rep3,1.2659,3908,0
rep3,1.2662,3909,0
rep3,1.2663,3910,0
rep3,1.2665,3911,0
rep3,1.2665,3912,0
rep3,1.2665,3913,0
rep3,1.2666,3914,0
rep3,1.2667,3915,0
rep3,1.2667,3916,0
rep3,1.2671,3917,0
rep3,1.2673,3918,0
rep3,1.2673,3919,0
rep3,1.2673,3920,0
rep3,1.2676,3921,0
rep3,1.2678,3922,0
rep3,1.2679,3923,0
rep3,1.2679,3924,0
rep3,1.268,3925,0
rep3,1.2681,3926,0
rep3,1.2681,3927,0
rep3,1.2682,3928,0
rep3,1.2682,3929,0
rep3,1.2684,3930,0
rep3,1.2687,3931,0
rep3,1.2687,3932,0
rep3,1.2687,3933,0
rep3,1.2692,3934,0
rep3,1.2692,3935,0
rep3,1.2695,3936,0
rep3,1.2695,3937,0
rep3,1.2696,3938,0
rep3,1.2697,3939,0
rep3,1.2697,3940,0
rep3,1.2699,3941,0
rep3,1.2699,3942,0
rep3,1.27,3943,0
rep3,1.2701,3944,0
rep3,1.2701,3945,0
rep3,1.2702,3946,0
rep3,1.2702,3947,0
rep3,1.2703,3948,0
rep3,1.2703,3949,0
rep3,1.2704,3950,0
rep3,1.2704,3951,0
rep3,1.2704,3952,0
rep3,1.2705,3953,0
rep3,1.2708,3954,0
rep3,1.2709,3955,0
rep3,1.2709,3956,0
rep3,1.271,3957,0
rep3,1.2711,3958,0
rep3,1.2711,3959,0
rep3,1.2717,3960,0
rep3,1.2717,3961,0
rep3,1.2718,3962,0
rep3,1.2718,3963,0
rep3,1.2723,3964,0
rep3,1.2723,3965,0
rep3,1.2723,3966,0
rep3,1.2724,3967,0
rep3,1.2725,3968,0
rep3,1.2725,3969,0
rep3,1.2727,3970,0
rep3,1.2728,3971,0
rep3,1.2729,3972,0
rep3,1.2733,3973,0
rep3,1.2733,3974,0
rep3,1.2735,3975,0
rep3,1.2737,3976,0
rep3,1.2737,3977,0
rep3,1.2738,3978,0
rep3,1.2739,3979,0
rep3,1.274,3980,0
rep3,1.2741,3981,0
rep3,1.2742,3982,0
rep3,1.2743,3983,0
rep3,1.2744,3984,0
rep3,1.2745,3985,0
rep3,1.2746,3986,0
rep3,1.2747,3987,0
rep3,1.2748,3988,0
rep3,1.2749,3989,0
rep3,1.275,3990,0
rep3,1.2753,3991,0
rep3,1.2754,3992,0
rep3,1.2756,3993,0
rep3,1.2756,3994,0
rep3,1.2758,3995,0
rep3,1.2758,3996,0
rep3,1.2759,3997,0
rep3,1.2761,3998,0
rep3,1.2762,3999,0
rep3,1.2763,4000,0
rep3,1.2764,4001,0
rep3,1.2765,4002,0
rep3,1.2767,4003,0
rep3,1.2767,4004,0
rep3,1.2768,4005,0
rep3,1.2769,4006,0
rep3,1.277,4007,0
rep3,1.2771,4008,0
rep3,1.2772,4009,0
rep3,1.2774,4010,0
rep3,1.2775,4011,0
rep3,1.278,4012,0
rep3,1.2781,4013,0
rep3,1.2783,4014,0
rep3,1.2787,4015,0
rep3,1.2788,4016,0
rep3,1.2789,4017,0
rep3,1.2789,4018,0
rep3,1.2789,4019,0
rep3,1.279,4020,0
rep3,1.279,4021,0
rep3,1.279,4022,0
rep3,1.2791,4023,0
rep3,1.2791,4024,0
rep3,1.2792,4025,0
rep3,1.2794,4026,0
rep3,1.2794,4027,0
rep3,1.2794,4028,0
rep3,1.2794,4029,0
rep3,1.2796,4030,0
rep3,1.2797,4031,0
rep3,1.2798,4032,0
rep3,1.2799,4033,0
rep3,1.28,4034,0
rep3,1.28,4035,0
rep3,1.28,4036,0
rep3,1.2803,4037,0
rep3,1.2803,4038,0
rep3,1.2805,4039,0
rep3,1.2806,4040,0
rep3,1.2806,4041,0
rep3,1.2807,4042,0
rep3,1.2807,4043,0
rep3,1.2811,4044,0
rep3,1.2811,4045,0
rep3,1.2814,4046,0
rep3,1.2818,4047,0
rep3,1.2819,4048,0
rep3,1.2819,4049,0
rep3,1.282,4050,0
rep3,1.2822,4051,0
rep3,1.2822,4052,0
rep3,1.2823,4053,0
rep3,1.2825,4054,0
rep3,1.2825,4055,0
rep3,1.2825,4056,0
rep3,1.283,4057,0
rep3,1.283,4058,0
rep3,1.283,4059,0
rep3,1.283,4060,0
rep3,1.283,4061,0
rep3,1.2831,4062,0
rep3,1.2832,4063,0
rep3,1.2833,4064,0
rep3,1.2834,4065,0
rep3,1.2835,4066,0
rep3,1.2839,4067,0
rep3,1.284,4068,0
rep3,1.2841,4069,0
rep3,1.2842,4070,0
rep3,1.2843,4071,0
rep3,1.2843,4072,0
rep3,1.2843,4073,0
rep3,1.2844,4074,0
rep3,1.2845,4075,0
rep3,1.2845,4076,0
rep3,1.2845,4077,0
rep3,1.2848,4078,0
rep3,1.285,4079,0
rep3,1.2851,4080,0
rep3,1.2851,4081,0
rep3,1.2851,4082,0
rep3,1.2854,4083,0
rep3,1.2855,4084,0
rep3,1.2855,4085,0
rep3,1.2859,4086,0
rep3,1.2861,4087,0
rep3,1.2861,4088,0
rep3,1.2864,4089,0
rep3,1.2864,4090,0
rep3,1.2865,4091,0
rep3,1.2866,4092,0
rep3,1.2866,4093,0
rep3,1.2866,4094,0
rep3,1.287,4095,0
rep3,1.2871,4096,0
rep3,1.2871,4097,0
rep3,1.2871,4098,0
rep3,1.2873,4099,0
rep3,1.2873,4100,0
rep3,1.2874,4101,0
rep3,1.2876,4102,0
rep3,1.2876,4103,0
rep3,1.2877,4104,0
rep3,1.2878,4105,0
rep3,1.2879,4106,0
rep3,1.288,4107,0
rep3,1.2881,4108,0
rep3,1.2882,4109,0
rep3,1.2882,4110,0
rep3,1.2883,4111,0
rep3,1.2883,4112,0
rep3,1.2888,4113,0
rep3,1.2889,4114,0
rep3,1.2889,4115,0
rep3,1.2891,4116,0
rep3,1.2894,4117,0
rep3,1.2897,4118,0
rep3,1.2901,4119,0
rep3,1.2901,4120,0
rep3,1.2902,4121,0
rep3,1.2903,4122,0
rep3,1.2903,4123,0
rep3,1.2903,4124,0
rep3,1.2904,4125,0
rep3,1.2904,4126,0
rep3,1.2904,4127,0
rep3,1.2906,4128,0
rep3,1.2907,4129,0
rep3,1.2909,4130,0
rep3,1.2909,4131,0
rep3,1.2913,4132,0
rep3,1.2914,4133,0
rep3,1.2915,4134,0
rep3,1.2915,4135,0
rep3,1.2916,4136,0
rep3,1.2916,4137,0
rep3,1.2916,4138,0
rep3,1.2919,4139,0
rep3,1.2919,4140,0
rep3,1.2922,4141,0
rep3,1.2924,4142,0
rep3,1.2924,4143,0
rep3,1.2926,4144,0
rep3,1.2927,4145,0
rep3,1.2929,4146,0
rep3,1.2931,4147,0
rep3,1.2933,4148,0
rep3,1.2936,4149,0
rep3,1.2938,4150,0
rep3,1.2938,4151,0
rep3,1.2938,4152,0
rep3,1.2942,4153,0
rep3,1.2943,4154,0
rep3,1.2944,4155,0
rep3,1.2945,4156,0
rep3,1.2949,4157,0
rep3,1.2951,4158,0
rep3,1.2951,4159,0
rep3,1.2952,4160,0
rep3,1.2953,4161,0
rep3,1.2953,4162,0
rep3,1.2954,4163,0
rep3,1.2955,4164,0
rep3,1.2961,4165,0
rep3,1.2962,4166,0
rep3,1.2962,4167,0
rep3,1.2963,4168,0
rep3,1.2963,4169,0
rep3,1.2965,4170,0
rep3,1.2966,4171,0
rep3,1.2966,4172,0
rep3,1.2966,4173,0
rep3,1.2967,4174,0
rep3,1.2967,4175,0
rep3,1.2968,4176,0
rep3,1.2968,4177,0
rep3,1.2974,4178,0
rep3,1.2975,4179,0
rep3,1.2977,4180,0
rep3,1.2978,4181,0
rep3,1.2983,4182,0
rep3,1.2985,4183,0
rep3,1.2985,4184,0
rep3,1.2987,4185,0
rep3,1.2989,4186,0
rep3,1.2992,4187,0
rep3,1.2993,4188,0
rep3,1.2994,4189,0
rep3,1.2996,4190,0
rep3,1.2997,4191,0
rep3,1.3,4192,0
rep3,1.3,4193,0
rep3,1.3001,4194,0
rep3,1.3001,4195,0
rep3,1.3003,4196,0
rep3,1.3004,4197,0
rep3,1.3005,4198,0
rep3,1.3007,4199,0
rep3,1.3009,4200,0
rep3,1.3009,4201,0
rep3,1.3013,4202,0
rep3,1.3019,4203,0
rep3,1.3023,4204,0
rep3,1.3023,4205,0
rep3,1.3024,4206,0
rep3,1.3026,4207,0
rep3,1.3027,4208,0
rep3,1.3028,4209,0
rep3,1.3031,4210,0
rep3,1.3035,4211,0
rep3,1.3038,4212,0
rep3,1.3039,4213,0
rep3,1.3039,4214,0
rep3,1.3041,4215,0
rep3,1.3042,4216,0
rep3,1.3042,4217,0
rep3,1.3043,4218,0
rep3,1.3043,4219,0
rep3,1.3045,4220,0
rep3,1.3046,4221,0
rep3,1.3047,4222,0
rep3,1.3049,4223,0
rep3,1.3051,4224,0
rep3,1.3054,4225,0
rep3,1.3058,4226,0
rep3,1.3061,4227,0
rep3,1.3062,4228,0
rep3,1.3066,4229,0
rep3,1.3068,4230,0
rep3,1.3069,4231,0
rep3,1.3072,4232,0
rep3,1.3073,4233,0
rep3,1.3076,4234,0
rep3,1.308,4235,0
rep3,1.3081,4236,0
rep3,1.3085,4237,0
rep3,1.3086,4238,0
rep3,1.3087,4239,0
rep3,1.3088,4240,0
rep3,1.3089,4241,0
rep3,1.3091,4242,0
rep3,1.3092,4243,0
rep3,1.3092,4244,0
rep3,1.3094,4245,0
rep3,1.3096,4246,0
rep3,1.3101,4247,0
rep3,1.3101,4248,0
rep3,1.3102,4249,0
rep3,1.3102,4250,0
rep3,1.3103,4251,0
rep3,1.3103,4252,0
rep3,1.3104,4253,0
rep3,1.3104,4254,0
rep3,1.3104,4255,0
rep3,1.3107,4256,0
rep3,1.3109,4257,0
rep3,1.3111,4258,0
rep3,1.3111,4259,0
rep3,1.3112,4260,0
rep3,1.3113,4261,0
rep3,1.3114,4262,0
rep3,1.3117,4263,0
rep3,1.3117,4264,0
rep3,1.3122,4265,0
rep3,1.3123,4266,0
rep3,1.3124,4267,0
rep3,1.3126,4268,0
rep3,1.3128,4269,0
rep3,1.3128,4270,0
rep3,1.3129,4271,0
rep3,1.3129,4272,0
rep3,1.3129,4273,0
rep3,1.3135,4274,0
rep3,1.3137,4275,0
rep3,1.3137,4276,0
rep3,1.3138,4277,0
rep3,1.314,4278,0
rep3,1.3142,4279,0
rep3,1.3143,4280,0
rep3,1.3143,4281,0
rep3,1.3143,4282,0
rep3,1.3143,4283,0
rep3,1.3144,4284,0
rep3,1.3149,4285,0
rep3,1.3149,4286,0
rep3,1.3152,4287,0
rep3,1.3153,4288,0
rep3,1.3154,4289,0
rep3,1.3156,4290,0
rep3,1.3157,4291,0
rep3,1.3159,4292,0
rep3,1.316,4293,0
rep3,1.3162,4294,0
rep3,1.3162,4295,0
rep3,1.3166,4296,0
rep3,1.3167,4297,0
rep3,1.3167,4298,0
rep3,1.3167,4299,0
rep3,1.317,4300,0
rep3,1.3171,4301,0
rep3,1.3171,4302,0
rep3,1.3172,4303,0
rep3,1.3172,4304,0
rep3,1.3174,4305,0
rep3,1.3174,4306,0
rep3,1.3175,4307,0
rep3,1.3176,4308,0
rep3,1.3178,4309,0
rep3,1.3178,4310,0
rep3,1.3183,4311,0
rep3,1.3185,4312,0
rep3,1.3187,4313,0
rep3,1.3188,4314,0
rep3,1.3188,4315,0
rep3,1.3193,4316,0
rep3,1.3194,4317,0
rep3,1.3194,4318,0
rep3,1.3197,4319,0
rep3,1.32,4320,0
rep3,1.3202,4321,0
rep3,1.3204,4322,0
rep3,1.3204,4323,0
rep3,1.3205,4324,0
rep3,1.3205,4325,0
rep3,1.3208,4326,0
rep3,1.321,4327,0
rep3,1.3211,4328,0
rep3,1.3214,4329,0
rep3,1.3214,4330,0
rep3,1.3215,4331,0
rep3,1.3215,4332,0
rep3,1.3216,4333,0
rep3,1.3217,4334,0
rep3,1.3219,4335,0
rep3,1.3219,4336,0
rep3,1.3221,4337,0
rep3,1.3221,4338,0
rep3,1.3223,4339,0
rep3,1.3226,4340,0
rep3,1.3227,4341,0
rep3,1.3229,4342,0
rep3,1.3229,4343,0
rep3,1.323,4344,0
rep3,1.3235,4345,0
rep3,1.3236,4346,0
rep3,1.3239,4347,0
rep3,1.324,4348,0
rep3,1.3241,4349,0
rep3,1.3242,4350,0
rep3,1.3245,4351,0
rep3,1.3245,4352,0
rep3,1.3246,4353,0
rep3,1.3248,4354,0
rep3,1.3248,4355,0
rep3,1.3248,4356,0
rep3,1.3249,4357,0
rep3,1.3249,4358,0
rep3,1.325,4359,0
rep3,1.3251,4360,0
rep3,1.3253,4361,0
rep3,1.3253,4362,0
rep3,1.3254,4363,0
rep3,1.3257,4364,0
rep3,1.3258,4365,0
rep3,1.3258,4366,0
rep3,1.3259,4367,0
rep3,1.3261,4368,0
rep3,1.3262,4369,0
rep3,1.3266,4370,0
rep3,1.3268,4371,0
rep3,1.3268,4372,0
rep3,1.3273,4373,0
rep3,1.3274,4374,0
rep3,1.3275,4375,0
rep3,1.3276,4376,0
rep3,1.3277,4377,0
rep3,1.3278,4378,0
rep3,1.328,4379,0
rep3,1.3281,4380,0
rep3,1.3281,4381,0
rep3,1.3282,4382,0
rep3,1.3282,4383,0
rep3,1.3284,4384,0
rep3,1.3289,4385,0
rep3,1.3289,4386,0
rep3,1.3289,4387,0
rep3,1.3296,4388,0
rep3,1.3296,4389,0
rep3,1.3299,4390,0
rep3,1.3299,4391,0
rep3,1.3301,4392,0
rep3,1.3301,4393,0
rep3,1.3308,4394,0
rep3,1.3308,4395,0
rep3,1.331,4396,0
rep3,1.3313,4397,0
rep3,1.3314,4398,0
rep3,1.3317,4399,0
rep3,1.3322,4400,0
rep3,1.3323,4401,0
rep3,1.3323,4402,0
rep3,1.3327,4403,0
rep3,1.3328,4404,0
rep3,1.333,4405,0
rep3,1.3334,4406,0
rep3,1.3335,4407,0
rep3,1.3336,4408,0
rep3,1.3343,4409,0
rep3,1.3344,4410,0
rep3,1.3346,4411,0
rep3,1.3347,4412,0
rep3,1.3348,4413,0
rep3,1.335,4414,0
rep3,1.3352,4415,0
rep3,1.3354,4416,0
rep3,1.3357,4417,0
rep3,1.3359,4418,0
rep3,1.336,4419,0
rep3,1.3361,4420,0
rep3,1.3366,4421,0
rep3,1.3367,4422,0
rep3,1.3369,4423,0
rep3,1.3369,4424,0
rep3,1.3377,4425,0
rep3,1.3381,4426,0
rep3,1.3385,4427,0
rep3,1.3387,4428,0
rep3,1.3389,4429,0
rep3,1.3389,4430,0
rep3,1.339,4431,0
rep3,1.3391,4432,0
rep3,1.3392,4433,0
rep3,1.3393,4434,0
rep3,1.3393,4435,0
rep3,1.3395,4436,0
rep3,1.3396,4437,0
rep3,1.3396,4438,0
rep3,1.3399,4439,0
rep3,1.3402,4440,0
rep3,1.3404,4441,0
rep3,1.3409,4442,0
rep3,1.3413,4443,0
rep3,1.3419,4444,0
rep3,1.3419,4445,0
rep3,1.3419,4446,0
rep3,1.3426,4447,0
rep3,1.3427,4448,0
rep3,1.343,4449,0
rep3,1.3432,4450,0
rep3,1.3433,4451,0
rep3,1.3434,4452,0
rep3,1.3434,4453,0
rep3,1.3435,4454,0
rep3,1.3436,4455,0
rep3,1.3437,4456,0
rep3,1.3438,4457,0
rep3,1.3442,4458,0
rep3,1.3443,4459,0
rep3,1.3446,4460,0
rep3,1.3446,4461,0
rep3,1.3448,4462,0
rep3,1.3449,4463,0
rep3,1.345,4464,0
rep3,1.3451,4465,0
rep3,1.3452,4466,0
rep3,1.3452,4467,0
rep3,1.3453,4468,0
rep3,1.3454,4469,0
rep3,1.3454,4470,0
rep3,1.3454,4471,0
rep3,1.3456,4472,0
rep3,1.3456,4473,0
rep3,1.3456,4474,0
rep3,1.3458,4475,0
rep3,1.3458,4476,0
rep3,1.3459,4477,0
rep3,1.346,4478,0
rep3,1.3465,4479,0
rep3,1.3468,4480,0
rep3,1.3473,4481,0
rep3,1.3473,4482,0
rep3,1.3475,4483,0
rep3,1.3477,4484,0
rep3,1.3478,4485,0
rep3,1.3479,4486,0
rep3,1.3487,4487,0
rep3,1.3488,4488,0
rep3,1.3489,4489,0
rep3,1.349,4490,0
rep3,1.3491,4491,0
rep3,1.3493,4492,0
rep3,1.3493,4493,0
rep3,1.3495,4494,0
rep3,1.3496,4495,0
rep3,1.3496,4496,0
rep3,1.3497,4497,0
rep3,1.3499,4498,0
rep3,1.3499,4499,0
rep3,1.3502,4500,0
rep3,1.3504,4501,0
rep3,1.3511,4502,0
rep3,1.3512,4503,0
rep3,1.3515,4504,0
rep3,1.3516,4505,0
rep3,1.3516,4506,0
rep3,1.3517,4507,0
rep3,1.352,4508,0
rep3,1.3521,4509,0
rep3,1.3524,4510,0
rep3,1.3528,4511,0
rep3,1.3528,4512,0
rep3,1.3528,4513,0
rep3,1.3529,4514,0
rep3,1.3529,4515,0
rep3,1.353,4516,0
rep3,1.353,4517,0
rep3,1.3533,4518,0
rep3,1.3533,4519,0
rep3,1.3534,4520,0
rep3,1.3534,4521,0
rep3,1.3537,4522,0
rep3,1.3539,4523,0
rep3,1.3541,4524,0
rep3,1.3543,4525,0
rep3,1.3544,4526,0
rep3,1.3545,4527,0
rep3,1.3546,4528,0
rep3,1.3546,4529,0
rep3,1.355,4530,0
rep3,1.3554,4531,0
rep3,1.3555,4532,0
rep3,1.3556,4533,0
rep3,1.3558,4534,0
rep3,1.3559,4535,0
rep3,1.3562,4536,0
rep3,1.3565,4537,0
rep3,1.357,4538,0
rep3,1.3571,4539,0
rep3,1.3573,4540,0
rep3,1.3573,4541,0
rep3,1.3577,4542,0
rep3,1.3578,4543,0
rep3,1.3579,4544,0
rep3,1.3583,4545,0
rep3,1.3584,4546,0
rep3,1.3586,4547,0
rep3,1.3587,4548,0
rep3,1.3589,4549,0
rep3,1.359,4550,0
rep3,1.3591,4551,0
rep3,1.3597,4552,0
rep3,1.36,4553,0
rep3,1.3601,4554,0
rep3,1.3603,4555,0
rep3,1.3604,4556,0
rep3,1.3608,4557,0
rep3,1.3609,4558,0
rep3,1.3611,4559,0
rep3,1.3612,4560,0
rep3,1.3615,4561,0
rep3,1.3617,4562,0
rep3,1.362,4563,0
rep3,1.362,4564,0
rep3,1.3621,4565,0
rep3,1.3625,4566,0
rep3,1.3631,4567,0
rep3,1.3633,4568,0
rep3,1.3636,4569,0
rep3,1.3637,4570,0
rep3,1.3639,4571,0
rep3,1.3644,4572,0
rep3,1.3645,4573,0
rep3,1.3649,4574,0
rep3,1.365,4575,0
rep3,1.3652,4576,0
rep3,1.3652,4577,0
rep3,1.3652,4578,0
rep3,1.3654,4579,0
rep3,1.3655,4580,0
rep3,1.3658,4581,0
rep3,1.3667,4582,0
rep3,1.3667,4583,0
rep3,1.367,4584,0
rep3,1.3674,4585,0
rep3,1.3678,4586,0
rep3,1.3679,4587,0
rep3,1.368,4588,0
rep3,1.3682,4589,0
rep3,1.3684,4590,0
rep3,1.369,4591,0
rep3,1.369,4592,0
rep3,1.3693,4593,0
rep3,1.3693,4594,0
rep3,1.3693,4595,0
rep3,1.3695,4596,0
rep3,1.37,4597,0
rep3,1.3713,4598,0
rep3,1.3714,4599,0
rep3,1.3714,4600,0
rep3,1.3714,4601,0
rep3,1.3715,4602,0
rep3,1.3715,4603,0
rep3,1.3717,4604,0
rep3,1.3719,4605,0
rep3,1.3719,4606,0
rep3,1.3719,4607,0
rep3,1.372,4608,0
rep3,1.3721,4609,0
rep3,1.3721,4610,0
rep3,1.3721,4611,0
rep3,1.3726,4612,0
rep3,1.3727,4613,0
rep3,1.373,4614,0
rep3,1.3732,4615,0
rep3,1.3733,4616,0
rep3,1.3733,4617,0
rep3,1.3735,4618,0
rep3,1.3741,4619,0
rep3,1.3742,4620,0
rep3,1.3745,4621,0
rep3,1.3748,4622,0
rep3,1.3749,4623,0
rep3,1.3756,4624,0
rep3,1.3762,4625,0
rep3,1.3763,4626,0
rep3,1.3768,4627,0
rep3,1.3769,4628,0
rep3,1.377,4629,0
rep3,1.3779,4630,0
rep3,1.378,4631,0
rep3,1.378,4632,0
rep3,1.3781,4633,0
rep3,1.3781,4634,0
rep3,1.3787,4635,0
rep3,1.3788,4636,0
rep3,1.3788,4637,0
rep3,1.379,4638,0
rep3,1.3795,4639,0
rep3,1.3795,4640,0
rep3,1.3797,4641,0
rep3,1.3798,4642,0
rep3,1.3798,4643,0
rep3,1.3799,4644,0
rep3,1.3802,4645,0
rep3,1.3804,4646,0
rep3,1.3805,4647,0
rep3,1.3806,4648,0
rep3,1.3818,4649,0
rep3,1.3818,4650,0
rep3,1.3819,4651,0
rep3,1.3819,4652,0
rep3,1.3819,4653,0
rep3,1.382,4654,0
rep3,1.3821,4655,0
rep3,1.3823,4656,0
rep3,1.3825,4657,0
rep3,1.3829,4658,0
rep3,1.3831,4659,0
rep3,1.3837,4660,0
rep3,1.3839,4661,0
rep3,1.3841,4662,0
rep3,1.3844,4663,0
rep3,1.3848,4664,0
rep3,1.3852,4665,0
rep3,1.3858,4666,0
rep3,1.3864,4667,0
rep3,1.3866,4668,0
rep3,1.3868,4669,0
rep3,1.3869,4670,0
rep3,1.3872,4671,0
rep3,1.3875,4672,0
rep3,1.3881,4673,0
rep3,1.3889,4674,0
rep3,1.3896,4675,0
rep3,1.3897,4676,0
rep3,1.3898,4677,0
rep3,1.3898,4678,0
rep3,1.3899,4679,0
rep3,1.3902,4680,0
rep3,1.3906,4681,0
rep3,1.3907,4682,0
rep3,1.3911,4683,0
rep3,1.3914,4684,0
rep3,1.3915,4685,0
rep3,1.3917,4686,0
rep3,1.3919,4687,0
rep3,1.3919,4688,0
rep3,1.3924,4689,0
rep3,1.3926,4690,0
rep3,1.3932,4691,0
rep3,1.3935,4692,0
rep3,1.3936,4693,0
rep3,1.3937,4694,0
rep3,1.3946,4695,0
rep3,1.3949,4696,0
rep3,1.3951,4697,0
rep3,1.3955,4698,0
rep3,1.396,4699,0
rep3,1.3965,4700,0
rep3,1.3971,4701,0
rep3,1.3973,4702,0
rep3,1.3985,4703,0
rep3,1.3989,4704,0
rep3,1.399,4705,0
rep3,1.3993,4706,0
rep3,1.3997,4707,0
rep3,1.3998,4708,0
rep3,1.3999,4709,0
rep3,1.4001,4710,0
rep3,1.4012,4711,0
rep3,1.4016,4712,0
rep3,1.4021,4713,0
rep3,1.4022,4714,0
rep3,1.4027,4715,0
rep3,1.4027,4716,0
rep3,1.4028,4717,0
rep3,1.4038,4718,0
rep3,1.404,4719,0
rep3,1.4042,4720,0
rep3,1.4057,4721,0
rep3,1.4058,4722,0
rep3,1.4058,4723,0
rep3,1.4061,4724,0
rep3,1.4065,4725,0
rep3,1.4072,4726,0
rep3,1.4072,4727,0
rep3,1.4075,4728,0
rep3,1.408,4729,0
rep3,1.4081,4730,0
rep3,1.4089,4731,0
rep3,1.4089,4732,0
rep3,1.4092,4733,0
rep3,1.4097,4734,0
rep3,1.4104,4735,0
rep3,1.4106,4736,0
rep3,1.4112,4737,0
rep3,1.4114,4738,0
rep3,1.4119,4739,0
rep3,1.412,4740,0
rep3,1.412,4741,0
rep3,1.412,4742,0
rep3,1.4126,4743,0
rep3,1.4127,4744,0
rep3,1.4138,4745,0
rep3,1.4143,4746,0
rep3,1.4145,4747,0
rep3,1.4149,4748,0
rep3,1.4153,4749,0
rep3,1.4154,4750,0
rep3,1.4156,4751,0
rep3,1.416,4752,0
rep3,1.4163,4753,0
rep3,1.4169,4754,0
rep3,1.4172,4755,0
rep3,1.4173,4756,0
rep3,1.4173,4757,0
rep3,1.4174,4758,0
rep3,1.4174,4759,0
rep3,1.4179,4760,0
rep3,1.4179,4761,0
rep3,1.4181,4762,0
rep3,1.4183,4763,0
rep3,1.4184,4764,0
rep3,1.4185,4765,0
rep3,1.4188,4766,0
rep3,1.4192,4767,0
rep3,1.4198,4768,0
rep3,1.4204,4769,0
rep3,1.4206,4770,0
rep3,1.4208,4771,0
rep3,1.4212,4772,0
rep3,1.4217,4773,0
rep3,1.4222,4774,0
rep3,1.4223,4775,0
rep3,1.4223,4776,0
rep3,1.4228,4777,0
rep3,1.4236,4778,0
rep3,1.4238,4779,0
rep3,1.4239,4780,0
rep3,1.4239,4781,0
rep3,1.4242,4782,0
rep3,1.4249,4783,0
rep3,1.4253,4784,0
rep3,1.4268,4785,0
rep3,1.4275,4786,0
rep3,1.4286,4787,0
rep3,1.429,4788,0
rep3,1.4295,4789,0
rep3,1.43,4790,0
rep3,1.4309,4791,0
rep3,1.4309,4792,0
rep3,1.4315,4793,0
rep3,1.4317,4794,0
rep3,1.432,4795,0
rep3,1.4324,4796,0
rep3,1.4326,4797,0
rep3,1.4327,4798,0
rep3,1.4341,4799,0
rep3,1.4343,4800,0
rep3,1.4344,4801,0
rep3,1.4349,4802,0
rep3,1.4354,4803,0
rep3,1.4356,4804,0
rep3,1.436,4805,0
rep3,1.4368,4806,0
rep3,1.4375,4807,0
rep3,1.4378,4808,0
rep3,1.4379,4809,0
rep3,1.438,4810,0
rep3,1.4381,4811,0
rep3,1.4388,4812,0
rep3,1.439,4813,0
rep3,1.4399,4814,0
rep3,1.4403,4815,0
rep3,1.4409,4816,0
rep3,1.4414,4817,0
rep3,1.442,4818,0
rep3,1.4421,4819,0
rep3,1.4422,4820,0
rep3,1.4423,4821,0
rep3,1.4425,4822,0
rep3,1.4432,4823,0
rep3,1.4444,4824,0
rep3,1.4448,4825,0
rep3,1.4448,4826,0
rep3,1.4456,4827,0
rep3,1.4458,4828,0
rep3,1.446,4829,0
rep3,1.4465,4830,0
rep3,1.4474,4831,0
rep3,1.4475,4832,0
rep3,1.4481,4833,0
rep3,1.4483,4834,0
rep3,1.4491,4835,0
rep3,1.4506,4836,0
rep3,1.4515,4837,0
rep3,1.4526,4838,0
rep3,1.4534,4839,0
rep3,1.4545,4840,0
rep3,1.4546,4841,0
rep3,1.4548,4842,0
rep3,1.4566,4843,0
rep3,1.4579,4844,0
rep3,1.4584,4845,0
rep3,1.4587,4846,0
rep3,1.4594,4847,0
rep3,1.4596,4848,0
rep3,1.4597,4849,0
rep3,1.4598,4850,0
rep3,1.4606,4851,0
rep3,1.4609,4852,0
rep3,1.4621,4853,0
rep3,1.4633,4854,0
rep3,1.4635,4855,0
rep3,1.4652,4856,0
rep3,1.4654,4857,0
rep3,1.4658,4858,0
rep3,1.4679,4859,0
rep3,1.4691,4860,0
rep3,1.4696,4861,0
rep3,1.4716,4862,0
rep3,1.4737,4863,0
rep3,1.4755,4864,0
rep3,1.4759,4865,0
rep3,1.4767,4866,0
rep3,1.4775,4867,0
rep3,1.4781,4868,0
rep3,1.4792,4869,0
rep3,1.4797,4870,0
rep3,1.4798,4871,0
rep3,1.4807,4872,0
rep3,1.4811,4873,0
rep3,1.4818,4874,0
rep3,1.4822,4875,0
rep3,1.4823,4876,0
rep3,1.4832,4877,0
rep3,1.4838,4878,0
rep3,1.4841,4879,0
rep3,1.4843,4880,0
rep3,1.4846,4881,0
rep3,1.4859,4882,0
rep3,1.4862,4883,0
rep3,1.4866,4884,0
rep3,1.487,4885,0
rep3,1.4877,4886,0
rep3,1.4885,4887,0
rep3,1.489,4888,0
rep3,1.4893,4889,0
rep3,1.4899,4890,0
rep3,1.4906,4891,0
rep3,1.4908,4892,0
rep3,1.4914,4893,0
rep3,1.4934,4894,0
rep3,1.4938,4895,0
rep3,1.4938,4896,0
rep3,1.4947,4897,0
rep3,1.496,4898,0
rep3,1.4964,4899,0
rep3,1.4964,4900,0
rep3,1.497,4901,0
rep3,1.4986,4902,0
rep3,1.4988,4903,0
rep3,1.4989,4904,0
rep3,1.4991,4905,0
rep3,1.4993,4906,0
rep3,1.5011,4907,0
rep3,1.5034,4908,0
rep3,1.5042,4909,0
rep3,1.5045,4910,0
rep3,1.5046,4911,0
rep3,1.505,4912,0
rep3,1.506,4913,0
rep3,1.507,4914,0
rep3,1.5079,4915,0
rep3,1.5093,4916,0
rep3,1.5104,4917,0
rep3,1.5108,4918,0
rep3,1.5112,4919,0
rep3,1.5114,4920,0
rep3,1.513,4921,0
rep3,1.5132,4922,0
rep3,1.5134,4923,0
rep3,1.5143,4924,0
rep3,1.5144,4925,0
rep3,1.5153,4926,0
rep3,1.5167,4927,0
rep3,1.5174,4928,0
rep3,1.5177,4929,0
rep3,1.518,4930,0
rep3,1.52,4931,0
rep3,1.5203,4932,0
rep3,1.5211,4933,0
rep3,1.5243,4934,0
rep3,1.5245,4935,0
rep3,1.5251,4936,0
rep3,1.5281,4937,0
rep3,1.5296,4938,0
rep3,1.5301,4939,0
rep3,1.5316,4940,0
rep3,1.532,4941,0
rep3,1.5339,4942,0
rep3,1.5349,4943,0
rep3,1.5364,4944,0
rep3,1.54,4945,0
rep3,1.5421,4946,0
rep3,1.5445,4947,0
rep3,1.5451,4948,0
rep3,1.5458,4949,0
rep3,1.5462,4950,0
rep3,1.5463,4951,0
rep3,1.548,4952,0
rep3,1.5484,4953,0
rep3,1.5517,4954,0
rep3,1.5519,4955,0
rep3,1.5565,4956,0
rep3,1.5582,4957,0
rep3,1.559,4958,0
rep3,1.5613,4959,0
rep3,1.5615,4960,0
rep3,1.5627,4961,0
rep3,1.564,4962,0
rep3,1.5675,4963,0
rep3,1.5709,4964,0
rep3,1.5716,4965,0
rep3,1.5719,4966,0
rep3,1.5726,4967,0
rep3,1.5748,4968,0
rep3,1.5792,4969,0
rep3,1.5881,4970,0
rep3,1.5914,4971,0
rep3,1.5933,4972,0
rep3,1.5937,4973,0
rep3,1.5958,4974,0
rep3,1.6023,4975,0
rep3,1.603,4976,0
rep3,1.6111,4977,0
rep3,1.6121,4978,0
rep3,1.6154,4979,0
rep3,1.6177,4980,0
rep3,1.6231,4981,0
rep3,1.6233,4982,0
rep3,1.6267,4983,0
rep3,1.6297,4984,0
rep3,1.63,4985,0
rep3,1.6301,4986,0
rep3,1.6309,4987,0
rep3,1.6311,4988,0
rep3,1.6406,4989,0
rep3,1.6409,4990,0
rep3,1.6461,4991,0
rep3,1.6468,4992,0
rep3,1.652,4993,0
rep3,1.6564,4994,0
rep3,1.658,4995,0
rep3,1.6597,4996,0
rep3,1.6626,4997,0
rep3,1.665,4998,0
rep3,1.6651,4999,0
rep3,1.6695,5000,0
rep3,1.6761,5001,0
rep3,1.683,5002,0
rep3,1.7118,5003,0
rep3,1.7147,5004,0
rep3,1.726,5005,0
rep3,1.7295,5006,0
rep3,1.735,5007,0
rep3,1.7506,5008,0
rep3,1.7517,5009,0
rep3,1.7676,5010,0
rep3,1.7739,5011,0
rep3,1.778,5012,0
rep3,1.8428,5013,0
rep3,1.8868,5014,0
rep3,2.0109,5015,0
rep3,2.0126,5016,0
rep3,2.0128,5017,0
rep3,2.0136,5018,0
rep3,2.0148,5019,0
rep3,2.0156,5020,0
rep3,2.0162,5021,0
rep3,2.0187,5022,0
rep3,2.0194,5023,0
rep3,2.0225,5024,0
rep3,2.0226,5025,0
rep3,2.0276,5026,0
rep3,2.0435,5027,0
rep3,2.0436,5028,0
rep3,2.0437,5029,0
rep3,2.0437,5030,0
rep3,2.0437,5031,0
rep3,2.0439,5032,0
rep3,2.0439,5033,0
rep3,2.0439,5034,0
rep3,2.044,5035,0
rep3,2.0441,5036,0
rep3,2.0443,5037,0
rep3,2.0444,5038,0
rep3,2.0445,5039,0
rep3,2.0445,5040,0
rep3,2.0446,5041,0
rep3,2.0447,5042,0
rep3,2.0448,5043,0
rep3,2.0449,5044,0
rep3,2.045,5045,0
rep3,2.0451,5046,0
rep3,2.0451,5047,0
rep3,2.0452,5048,0
rep3,2.0452,5049,0
rep3,2.0454,5050,0
rep3,2.0457,5051,0
rep3,2.0458,5052,0
rep3,2.0458,5053,0
rep3,2.0459,5054,0
rep3,2.0459,5055,0
rep3,2.046,5056,0
rep3,2.046,5057,0
rep3,2.0461,5058,0
rep3,2.0462,5059,0
rep3,2.0469,5060,0
rep3,2.047,5061,0
rep3,2.0472,5062,0
rep3,2.0474,5063,0
rep3,2.0476,5064,0
rep3,2.0477,5065,0
rep3,2.0477,5066,0
rep3,2.0477,5067,0
rep3,2.0478,5068,0
rep3,2.0483,5069,0
rep3,2.0484,5070,0
rep3,2.0485,5071,0
rep3,2.0485,5072,0
rep3,2.0487,5073,0
rep3,2.0491,5074,0
rep3,2.0493,5075,0
rep3,2.0493,5076,0
rep3,2.0493,5077,0
rep3,2.0496,5078,0
rep3,2.0499,5079,0
rep3,2.05,5080,0
rep3,2.05,5081,0
rep3,2.0501,5082,0
rep3,2.0502,5083,0
rep3,2.0504,5084,0
rep3,2.0505,5085,0
rep3,2.051,5086,0
rep3,2.0512,5087,0
rep3,2.0516,5088,0
rep3,2.0517,5089,0
rep3,2.0518,5090,0
rep3,2.0522,5091,0
rep3,2.0523,5092,0
rep3,2.0524,5093,0
rep3,2.0524,5094,0
rep3,2.0531,5095,0
rep3,2.0535,5096,0
rep3,2.0547,5097,0
rep3,2.0548,5098,0
rep3,2.0551,5099,0
rep3,2.0552,5100,0
rep3,2.0554,5101,0
rep3,2.0556,5102,0
rep3,2.0559,5103,0
rep3,2.056,5104,0
rep3,2.0561,5105,0
rep3,2.0562,5106,0
rep3,2.0563,5107,0
rep3,2.0566,5108,0
rep3,2.0569,5109,0
rep3,2.0571,5110,0
rep3,2.0571,5111,0
rep3,2.0571,5112,0
rep3,2.0577,5113,0
rep3,2.058,5114,0
rep3,2.0583,5115,0
rep3,2.0584,5116,0
rep3,2.0588,5117,0
rep3,2.0602,5118,0
rep3,2.0603,5119,0
rep3,2.0605,5120,0
rep3,2.0628,5121,0
rep3,2.063,5122,0
rep3,2.0637,5123,0
rep3,2.0646,5124,0
rep3,2.0689,5125,0
rep3,2.0694,5126,0
rep3,2.0699,5127,0
rep3,2.0711,5128,0
rep3,2.0729,5129,0
rep3,2.0733,5130,0
rep3,2.0771,5131,0
rep3,2.0771,5132,0
rep3,2.0771,5133,0
rep3,2.0771,5134,0
rep3,2.0771,5135,0
rep3,2.0772,5136,0
rep3,2.0773,5137,0
rep3,2.0773,5138,0
rep3,2.0774,5139,0
rep3,2.0774,5140,0
rep3,2.0774,5141,0
rep3,2.0775,5142,0
rep3,2.0775,5143,0
rep3,2.0776,5144,0
rep3,2.0776,5145,0
rep3,2.0776,5146,0
rep3,2.0776,5147,0
rep3,2.0777,5148,0
rep3,2.0777,5149,0
rep3,2.0777,5150,0
rep3,2.0777,5151,0
rep3,2.0778,5152,0
rep3,2.0778,5153,0
rep3,2.0779,5154,0
rep3,2.0779,5155,0
rep3,2.0779,5156,0
rep3,2.0779,5157,0
rep3,2.0779,5158,0
rep3,2.078,5159,0
rep3,2.078,5160,0
rep3,2.078,5161,0
rep3,2.0781,5162,0
rep3,2.0781,5163,0
rep3,2.0781,5164,0
rep3,2.0782,5165,0
rep3,2.0782,5166,0
rep3,2.0782,5167,0
rep3,2.0782,5168,0
rep3,2.0782,5169,0
rep3,2.0784,5170,0
rep3,2.0784,5171,0
rep3,2.0784,5172,0
rep3,2.0784,5173,0
rep3,2.0784,5174,0
rep3,2.0785,5175,0
rep3,2.0786,5176,0
rep3,2.0786,5177,0
rep3,2.0787,5178,0
rep3,2.0787,5179,0
rep3,2.0787,5180,0
rep3,2.0788,5181,0
rep3,2.0788,5182,0
rep3,2.0788,5183,0
rep3,2.0788,5184,0
rep3,2.0789,5185,0
rep3,2.0789,5186,0
rep3,2.079,5187,0
rep3,2.079,5188,0
rep3,2.0791,5189,0
rep3,2.0791,5190,0
rep3,2.0791,5191,0
rep3,2.0792,5192,0
rep3,2.0792,5193,0
rep3,2.0792,5194,0
rep3,2.0793,5195,0
rep3,2.0793,5196,0
rep3,2.0793,5197,0
rep3,2.0794,5198,0
rep3,2.0795,5199,0
rep3,2.0795,5200,0
rep3,2.0796,5201,0
rep3,2.0796,5202,0
rep3,2.0796,5203,0
rep3,2.0796,5204,0
rep3,2.0797,5205,0
rep3,2.0797,5206,0
rep3,2.0798,5207,0
rep3,2.0798,5208,0
rep3,2.0798,5209,0
rep3,2.0799,5210,0
rep3,2.0799,5211,0
rep3,2.0799,5212,0
rep3,2.0799,5213,0
rep3,2.08,5214,0
rep3,2.08,5215,0
rep3,2.0801,5216,0
rep3,2.0801,5217,0
rep3,2.0801,5218,0
rep3,2.0801,5219,0
rep3,2.0802,5220,0
rep3,2.0802,5221,0
rep3,2.0802,5222,0
rep3,2.0802,5223,0
rep3,2.0803,5224,0
rep3,2.0803,5225,0
rep3,2.0803,5226,0
rep3,2.0803,5227,0
rep3,2.0803,5228,0
rep3,2.0803,5229,0
rep3,2.0804,5230,0
rep3,2.0804,5231,0
rep3,2.0804,5232,0
rep3,2.0804,5233,0
rep3,2.0804,5234,0
rep3,2.0805,5235,0
rep3,2.0806,5236,0
rep3,2.0806,5237,0
rep3,2.0806,5238,0
rep3,2.0807,5239,0
rep3,2.0808,5240,0
rep3,2.0808,5241,0
rep3,2.0808,5242,0
rep3,2.0809,5243,0
rep3,2.0809,5244,0
rep3,2.0809,5245,0
rep3,2.081,5246,0
rep3,2.081,5247,0
rep3,2.081,5248,0
rep3,2.0811,5249,0
rep3,2.0812,5250,0
rep3,2.0812,5251,0
rep3,2.0813,5252,0
rep3,2.0813,5253,0
rep3,2.0814,5254,0
rep3,2.0814,5255,0
rep3,2.0815,5256,0
rep3,2.0815,5257,0
rep3,2.0816,5258,0
rep3,2.0816,5259,0
rep3,2.0816,5260,0
rep3,2.0818,5261,0
rep3,2.0818,5262,0
rep3,2.0818,5263,0
rep3,2.0818,5264,0
rep3,2.0818,5265,0
rep3,2.0819,5266,0
rep3,2.0819,5267,0
rep3,2.0821,5268,0
rep3,2.0821,5269,0
rep3,2.0821,5270,0
rep3,2.0821,5271,0
rep3,2.0823,5272,0
rep3,2.0824,5273,0
rep3,2.0825,5274,0
rep3,2.0825,5275,0
rep3,2.0825,5276,0
rep3,2.0825,5277,0
rep3,2.0826,5278,0
rep3,2.0826,5279,0
rep3,2.0826,5280,0
rep3,2.0826,5281,0
rep3,2.0826,5282,0
rep3,2.0827,5283,0
rep3,2.0827,5284,0
rep3,2.0828,5285,0
rep3,2.0828,5286,0
rep3,2.0828,5287,0
rep3,2.0829,5288,0
rep3,2.0829,5289,0
rep3,2.083,5290,0
rep3,2.083,5291,0
rep3,2.083,5292,0
rep3,2.0831,5293,0
rep3,2.0831,5294,0
rep3,2.0831,5295,0
rep3,2.0833,5296,0
rep3,2.0833,5297,0
rep3,2.0834,5298,0
rep3,2.0834,5299,0
rep3,2.0835,5300,0
rep3,2.0835,5301,0
rep3,2.0835,5302,0
rep3,2.0836,5303,0
rep3,2.0836,5304,0
rep3,2.0836,5305,0
rep3,2.0837,5306,0
rep3,2.0837,5307,0
rep3,2.0837,5308,0
rep3,2.0838,5309,0
rep3,2.0839,5310,0
rep3,2.0839,5311,0
rep3,2.0839,5312,0
rep3,2.0839,5313,0
rep3,2.084,5314,0
rep3,2.084,5315,0
rep3,2.0841,5316,0
rep3,2.0841,5317,0
rep3,2.0841,5318,0
rep3,2.0842,5319,0
rep3,2.0843,5320,0
rep3,2.0843,5321,0
rep3,2.0844,5322,0
rep3,2.0844,5323,0
rep3,2.0845,5324,0
rep3,2.0845,5325,0
rep3,2.0845,5326,0
rep3,2.0847,5327,0
rep3,2.0848,5328,0
rep3,2.0848,5329,0
rep3,2.0848,5330,0
rep3,2.0848,5331,0
rep3,2.0849,5332,0
rep3,2.085,5333,0
rep3,2.085,5334,0
rep3,2.0851,5335,0
rep3,2.0851,5336,0
rep3,2.0852,5337,0
rep3,2.0852,5338,0
rep3,2.0852,5339,0
rep3,2.0853,5340,0
rep3,2.0853,5341,0
rep3,2.0855,5342,0
rep3,2.0857,5343,0
rep3,2.0857,5344,0
rep3,2.0858,5345,0
rep3,2.0858,5346,0
rep3,2.0858,5347,0
rep3,2.0859,5348,0
rep3,2.0859,5349,0
rep3,2.0859,5350,0
rep3,2.086,5351,0
rep3,2.086,5352,0
rep3,2.086,5353,0
rep3,2.0861,5354,0
rep3,2.0862,5355,0
rep3,2.0864,5356,0
rep3,2.0864,5357,0
rep3,2.0865,5358,0
rep3,2.0866,5359,0
rep3,2.0866,5360,0
rep3,2.0867,5361,0
rep3,2.0868,5362,0
rep3,2.0868,5363,0
rep3,2.0869,5364,0
rep3,2.0869,5365,0
rep3,2.087,5366,0
rep3,2.087,5367,0
rep3,2.087,5368,0
rep3,2.087,5369,0
rep3,2.0871,5370,0
rep3,2.0872,5371,0
rep3,2.0873,5372,0
rep3,2.0873,5373,0
rep3,2.0876,5374,0
rep3,2.0876,5375,0
rep3,2.0877,5376,0
rep3,2.088,5377,0
rep3,2.0883,5378,0
rep3,2.0884,5379,0
rep3,2.0885,5380,0
rep3,2.0887,5381,0
rep3,2.0888,5382,0
rep3,2.0889,5383,0
rep3,2.089,5384,0
rep3,2.089,5385,0
rep3,2.0891,5386,0
rep3,2.0891,5387,0
rep3,2.0892,5388,0
rep3,2.0892,5389,0
rep3,2.0893,5390,0
rep3,2.0895,5391,0
rep3,2.0896,5392,0
rep3,2.0897,5393,0
rep3,2.0897,5394,0
rep3,2.0899,5395,0
rep3,2.09,5396,0
rep3,2.0902,5397,0
rep3,2.0903,5398,0
rep3,2.0904,5399,0
rep3,2.0906,5400,0
rep3,2.0906,5401,0
rep3,2.0906,5402,0
rep3,2.0908,5403,0
rep3,2.0908,5404,0
rep3,2.0909,5405,0
rep3,2.0911,5406,0
rep3,2.0912,5407,0
rep3,2.0913,5408,0
rep3,2.0916,5409,0
rep3,2.0917,5410,0
rep3,2.0918,5411,0
rep3,2.0919,5412,0
rep3,2.0923,5413,0
rep3,2.0923,5414,0
rep3,2.0924,5415,0
rep3,2.0925,5416,0
rep3,2.0928,5417,0
rep3,2.0929,5418,0
rep3,2.0931,5419,0
rep3,2.0931,5420,0
rep3,2.0932,5421,0
rep3,2.0932,5422,0
rep3,2.0934,5423,0
rep3,2.0934,5424,0
rep3,2.0936,5425,0
rep3,2.0936,5426,0
rep3,2.0938,5427,0
rep3,2.0941,5428,0
rep3,2.0941,5429,0
rep3,2.0941,5430,0
rep3,2.0942,5431,0
rep3,2.0944,5432,0
rep3,2.0948,5433,0
rep3,2.0956,5434,0
rep3,2.0958,5435,0
rep3,2.0963,5436,0
rep3,2.0963,5437,0
rep3,2.0964,5438,0
rep3,2.0964,5439,0
rep3,2.0967,5440,0
rep3,2.0967,5441,0
rep3,2.097,5442,0
rep3,2.0977,5443,0
rep3,2.0977,5444,0
rep3,2.0978,5445,0
rep3,2.0981,5446,0
rep3,2.0981,5447,0
rep3,2.0983,5448,0
rep3,2.0986,5449,0
rep3,2.0988,5450,0
rep3,2.099,5451,0
rep3,2.0992,5452,0
rep3,2.0996,5453,0
rep3,2.0996,5454,0
rep3,2.0999,5455,0
rep3,2.1002,5456,0
rep3,2.1002,5457,0
rep3,2.1011,5458,0
rep3,2.1014,5459,0
rep3,2.1014,5460,0
rep3,2.1019,5461,0
rep3,2.1023,5462,0
rep3,2.1029,5463,0
rep3,2.1031,5464,0
rep3,2.1035,5465,0
rep3,2.1039,5466,0
rep3,2.1041,5467,0
rep3,2.1045,5468,0
rep3,2.1055,5469,0
rep3,2.1056,5470,0
rep3,2.1057,5471,0
rep3,2.1058,5472,0
rep3,2.1063,5473,0
rep3,2.1067,5474,0
rep3,2.107,5475,0
rep3,2.1075,5476,0
rep3,2.1079,5477,0
rep3,2.1083,5478,0
rep3,2.1094,5479,0
rep3,2.1095,5480,0
rep3,2.1103,5481,0
rep3,2.1105,5482,0
rep3,2.1106,5483,0
rep3,2.1106,5484,0
rep3,2.1107,5485,0
rep3,2.1107,5486,0
rep3,2.1107,5487,0
rep3,2.1107,5488,0
rep3,2.1108,5489,0
rep3,2.1109,5490,0
rep3,2.1109,5491,0
rep3,2.1111,5492,0
rep3,2.1112,5493,0
rep3,2.1114,5494,0
rep3,2.1114,5495,0
rep3,2.1114,5496,0
rep3,2.1115,5497,0
rep3,2.1115,5498,0
rep3,2.1115,5499,0
rep3,2.1115,5500,0
rep3,2.1116,5501,0
rep3,2.1117,5502,0
rep3,2.1118,5503,0
rep3,2.1119,5504,0
rep3,2.1121,5505,0
rep3,2.1121,5506,0
rep3,2.1122,5507,0
rep3,2.1122,5508,0
rep3,2.1124,5509,0
rep3,2.1125,5510,0
rep3,2.1126,5511,0
rep3,2.1126,5512,0
rep3,2.1127,5513,0
rep3,2.1127,5514,0
rep3,2.1128,5515,0
rep3,2.1129,5516,0
rep3,2.1131,5517,0
rep3,2.1132,5518,0
rep3,2.1133,5519,0
rep3,2.1135,5520,0
rep3,2.1136,5521,0
rep3,2.1137,5522,0
rep3,2.1144,5523,0
rep3,2.1149,5524,0
rep3,2.1149,5525,0
rep3,2.115,5526,0
rep3,2.115,5527,0
rep3,2.1153,5528,0
rep3,2.1153,5529,0
rep3,2.1154,5530,0
rep3,2.1154,5531,0
rep3,2.1155,5532,0
rep3,2.1155,5533,0
rep3,2.116,5534,0
rep3,2.116,5535,0
rep3,2.1162,5536,0
rep3,2.1163,5537,0
rep3,2.1163,5538,0
rep3,2.1165,5539,0
rep3,2.1165,5540,0
rep3,2.1165,5541,0
rep3,2.1166,5542,0
rep3,2.1167,5543,0
rep3,2.1167,5544,0
rep3,2.1171,5545,0
rep3,2.1173,5546,0
rep3,2.1176,5547,0
rep3,2.1176,5548,0
rep3,2.1177,5549,0
rep3,2.1177,5550,0
rep3,2.1178,5551,0
rep3,2.1179,5552,0
rep3,2.118,5553,0
rep3,2.118,5554,0
rep3,2.1183,5555,0
rep3,2.1186,5556,0
rep3,2.1186,5557,0
rep3,2.119,5558,0
rep3,2.1192,5559,0
rep3,2.1193,5560,0
rep3,2.1196,5561,0
rep3,2.1199,5562,0
rep3,2.1201,5563,0
rep3,2.1202,5564,0
rep3,2.1205,5565,0
rep3,2.1205,5566,0
rep3,2.1205,5567,0
rep3,2.1208,5568,0
rep3,2.1209,5569,0
rep3,2.121,5570,0
rep3,2.121,5571,0
rep3,2.1212,5572,0
rep3,2.1214,5573,0
rep3,2.1216,5574,0
rep3,2.1217,5575,0
rep3,2.1221,5576,0
rep3,2.1225,5577,0
rep3,2.1226,5578,0
rep3,2.1228,5579,0
rep3,2.1229,5580,0
rep3,2.123,5581,0
rep3,2.1231,5582,0
rep3,2.1231,5583,0
rep3,2.1231,5584,0
rep3,2.1233,5585,0
rep3,2.1234,5586,0
rep3,2.1236,5587,0
rep3,2.1236,5588,0
rep3,2.1242,5589,0
rep3,2.1243,5590,0
rep3,2.1244,5591,0
rep3,2.1245,5592,0
rep3,2.1246,5593,0
rep3,2.1247,5594,0
rep3,2.1248,5595,0
rep3,2.125,5596,0
rep3,2.1252,5597,0
rep3,2.1253,5598,0
rep3,2.1261,5599,0
rep3,2.1263,5600,0
rep3,2.1264,5601,0
rep3,2.1266,5602,0
rep3,2.1267,5603,0
rep3,2.1272,5604,0
rep3,2.1272,5605,0
rep3,2.1273,5606,0
rep3,2.1276,5607,0
rep3,2.1278,5608,0
rep3,2.128,5609,0
rep3,2.128,5610,0
rep3,2.1282,5611,0
rep3,2.1285,5612,0
rep3,2.1289,5613,0
rep3,2.1292,5614,0
rep3,2.1296,5615,0
rep3,2.1296,5616,0
rep3,2.1298,5617,0
rep3,2.1301,5618,0
rep3,2.1305,5619,0
rep3,2.131,5620,0
rep3,2.1316,5621,0
rep3,2.1316,5622,0
rep3,2.1318,5623,0
rep3,2.1322,5624,0
rep3,2.1327,5625,0
rep3,2.133,5626,0
rep3,2.1331,5627,0
rep3,2.134,5628,0
rep3,2.1342,5629,0
rep3,2.1345,5630,0
rep3,2.1347,5631,0
rep3,2.1347,5632,0
rep3,2.135,5633,0
rep3,2.1353,5634,0
rep3,2.1354,5635,0
rep3,2.1362,5636,0
rep3,2.1364,5637,0
rep3,2.1368,5638,0
rep3,2.1369,5639,0
rep3,2.1376,5640,0
rep3,2.1377,5641,0
rep3,2.1377,5642,0
rep3,2.1378,5643,0
rep3,2.1384,5644,0
rep3,2.1388,5645,0
rep3,2.1397,5646,0
rep3,2.1402,5647,0
rep3,2.1402,5648,0
rep3,2.1403,5649,0
rep3,2.1404,5650,0
rep3,2.1405,5651,0
rep3,2.1407,5652,0
rep3,2.1409,5653,0
rep3,2.1418,5654,0
rep3,2.1422,5655,0
rep3,2.1423,5656,0
rep3,2.143,5657,0
rep3,2.1438,5658,0
rep3,2.1438,5659,0
rep3,2.144,5660,0
rep3,2.1446,5661,0
rep3,2.1446,5662,0
rep3,2.1448,5663,0
rep3,2.145,5664,0
rep3,2.1451,5665,0
rep3,2.1453,5666,0
rep3,2.1453,5667,0
rep3,2.1455,5668,0
rep3,2.1455,5669,0
rep3,2.1456,5670,0
rep3,2.1457,5671,0
rep3,2.1459,5672,0
rep3,2.1462,5673,0
rep3,2.1464,5674,0
rep3,2.1465,5675,0
rep3,2.1468,5676,0
rep3,2.147,5677,0
rep3,2.147,5678,0
rep3,2.1472,5679,0
rep3,2.1473,5680,0
rep3,2.1476,5681,0
rep3,2.1481,5682,0
rep3,2.1485,5683,0
rep3,2.1485,5684,0
rep3,2.1486,5685,0
rep3,2.1488,5686,0
rep3,2.1488,5687,0
rep3,2.149,5688,0
rep3,2.149,5689,0
rep3,2.1495,5690,0
rep3,2.1498,5691,0
rep3,2.15,5692,0
rep3,2.15,5693,0
rep3,2.1503,5694,0
rep3,2.1503,5695,0
rep3,2.1504,5696,0
rep3,2.1504,5697,0
rep3,2.1507,5698,0
rep3,2.1507,5699,0
rep3,2.1507,5700,0
rep3,2.1508,5701,0
rep3,2.1508,5702,0
rep3,2.1511,5703,0
rep3,2.1512,5704,0
rep3,2.1514,5705,0
rep3,2.1514,5706,0
rep3,2.1519,5707,0
rep3,2.152,5708,0
rep3,2.1527,5709,0
rep3,2.1529,5710,0
rep3,2.153,5711,0
rep3,2.1531,5712,0
rep3,2.1531,5713,0
rep3,2.1532,5714,0
rep3,2.1532,5715,0
rep3,2.1533,5716,0
rep3,2.1533,5717,0
rep3,2.1534,5718,0
rep3,2.1534,5719,0
rep3,2.1535,5720,0
rep3,2.1539,5721,0
rep3,2.1541,5722,0
rep3,2.1542,5723,0
rep3,2.1543,5724,0
rep3,2.1544,5725,0
rep3,2.1545,5726,0
rep3,2.1546,5727,0
rep3,2.1548,5728,0
rep3,2.1549,5729,0
rep3,2.155,5730,0
rep3,2.155,5731,0
rep3,2.1554,5732,0
rep3,2.1554,5733,0
rep3,2.1555,5734,0
rep3,2.1556,5735,0
rep3,2.1558,5736,0
rep3,2.156,5737,0
rep3,2.1562,5738,0
rep3,2.1567,5739,0
rep3,2.1568,5740,0
rep3,2.1572,5741,0
rep3,2.1573,5742,0
rep3,2.1576,5743,0
rep3,2.1577,5744,0
rep3,2.1582,5745,0
rep3,2.1583,5746,0
rep3,2.1584,5747,0
rep3,2.1585,5748,0
rep3,2.1585,5749,0
rep3,2.1586,5750,0
rep3,2.1591,5751,0
rep3,2.1596,5752,0
rep3,2.1596,5753,0
rep3,2.1601,5754,0
rep3,2.1609,5755,0
rep3,2.1609,5756,0
rep3,2.161,5757,0
rep3,2.1611,5758,0
rep3,2.1612,5759,0
rep3,2.1616,5760,0
rep3,2.1617,5761,0
rep3,2.1618,5762,0
rep3,2.1622,5763,0
rep3,2.1624,5764,0
rep3,2.1625,5765,0
rep3,2.1626,5766,0
rep3,2.1628,5767,0
rep3,2.1629,5768,0
rep3,2.1629,5769,0
rep3,2.163,5770,0
rep3,2.1638,5771,0
rep3,2.1641,5772,0
rep3,2.1641,5773,0
rep3,2.1642,5774,0
rep3,2.1644,5775,0
rep3,2.1654,5776,0
rep3,2.1655,5777,0
rep3,2.1655,5778,0
rep3,2.1658,5779,0
rep3,2.1658,5780,0
rep3,2.1659,5781,0
rep3,2.1659,5782,0
rep3,2.166,5783,0
rep3,2.1663,5784,0
rep3,2.1667,5785,0
rep3,2.1667,5786,0
rep3,2.1671,5787,0
rep3,2.1674,5788,0
rep3,2.1676,5789,0
rep3,2.1676,5790,0
rep3,2.1676,5791,0
rep3,2.1678,5792,0
rep3,2.1686,5793,0
rep3,2.1695,5794,0
rep3,2.1696,5795,0
rep3,2.17,5796,0
rep3,2.1706,5797,0
rep3,2.1708,5798,0
rep3,2.1714,5799,0
rep3,2.1717,5800,0
rep3,2.1717,5801,0
rep3,2.1722,5802,0
rep3,2.1724,5803,0
rep3,2.1724,5804,0
rep3,2.1726,5805,0
rep3,2.1726,5806,0
rep3,2.1726,5807,0
rep3,2.1728,5808,0
rep3,2.1733,5809,0
rep3,2.1735,5810,0
rep3,2.1737,5811,0
rep3,2.1739,5812,0
rep3,2.174,5813,0
rep3,2.1743,5814,0
rep3,2.1744,5815,0
rep3,2.1744,5816,0
rep3,2.1747,5817,0
rep3,2.1748,5818,0
rep3,2.1749,5819,0
rep3,2.1753,5820,0
rep3,2.1756,5821,0
rep3,2.1757,5822,0
rep3,2.1757,5823,0
rep3,2.1763,5824,0
rep3,2.1765,5825,0
rep3,2.1765,5826,0
rep3,2.1767,5827,0
rep3,2.1767,5828,0
rep3,2.1773,5829,0
rep3,2.1774,5830,0
rep3,2.1775,5831,0
rep3,2.1775,5832,0
rep3,2.1778,5833,0
rep3,2.178,5834,0
rep3,2.1781,5835,0
rep3,2.1783,5836,0
rep3,2.1784,5837,0
rep3,2.1785,5838,0
rep3,2.1786,5839,0
rep3,2.1787,5840,0
rep3,2.1788,5841,0
rep3,2.1791,5842,0
rep3,2.1791,5843,0
rep3,2.1793,5844,0
rep3,2.1796,5845,0
rep3,2.1797,5846,0
rep3,2.1798,5847,0
rep3,2.18,5848,0
rep3,2.1802,5849,0
rep3,2.1803,5850,0
rep3,2.1804,5851,0
rep3,2.1807,5852,0
rep3,2.1809,5853,0
rep3,2.181,5854,0
rep3,2.181,5855,0
rep3,2.1811,5856,0
rep3,2.1815,5857,0
rep3,2.1815,5858,0
rep3,2.1816,5859,0
rep3,2.1819,5860,0
rep3,2.1821,5861,0
rep3,2.1822,5862,0
rep3,2.1825,5863,0
rep3,2.1826,5864,0
rep3,2.1827,5865,0
rep3,2.1833,5866,0
rep3,2.1834,5867,0
rep3,2.1834,5868,0
rep3,2.1838,5869,0
rep3,2.1839,5870,0
rep3,2.1843,5871,0
rep3,2.1843,5872,0
rep3,2.1846,5873,0
rep3,2.1848,5874,0
rep3,2.185,5875,0
rep3,2.1852,5876,0
rep3,2.1852,5877,0
rep3,2.1853,5878,0
rep3,2.1855,5879,0
rep3,2.1859,5880,0
rep3,2.1859,5881,0
rep3,2.1861,5882,0
rep3,2.1864,5883,0
rep3,2.1866,5884,0
rep3,2.1869,5885,0
rep3,2.1869,5886,0
rep3,2.1869,5887,0
rep3,2.187,5888,0
rep3,2.1872,5889,0
rep3,2.1873,5890,0
rep3,2.1873,5891,0
rep3,2.1877,5892,0
rep3,2.1877,5893,0
rep3,2.1877,5894,0
rep3,2.188,5895,0
rep3,2.188,5896,0
rep3,2.1882,5897,0
rep3,2.1884,5898,0
rep3,2.1885,5899,0
rep3,2.1885,5900,0
rep3,2.1889,5901,0
rep3,2.189,5902,0
rep3,2.1891,5903,0
rep3,2.1891,5904,0
rep3,2.1892,5905,0
rep3,2.1896,5906,0
rep3,2.1899,5907,0
rep3,2.19,5908,0
rep3,2.1902,5909,0
rep3,2.1904,5910,0
rep3,2.1904,5911,0
rep3,2.1905,5912,0
rep3,2.1905,5913,0
rep3,2.1906,5914,0
rep3,2.191,5915,0
rep3,2.1911,5916,0
rep3,2.1911,5917,0
rep3,2.1915,5918,0
rep3,2.1915,5919,0
rep3,2.1919,5920,0
rep3,2.1919,5921,0
rep3,2.1921,5922,0
rep3,2.1921,5923,0
rep3,2.1923,5924,0
rep3,2.1923,5925,0
rep3,2.1923,5926,0
rep3,2.1924,5927,0
rep3,2.1924,5928,0
rep3,2.1926,5929,0
rep3,2.1926,5930,0
rep3,2.1927,5931,0
rep3,2.193,5932,0
rep3,2.1935,5933,0
rep3,2.1936,5934,0
rep3,2.1939,5935,0
rep3,2.1946,5936,0
rep3,2.1946,5937,0
rep3,2.1948,5938,0
rep3,2.1952,5939,0
rep3,2.1957,5940,0
rep3,2.1959,5941,0
rep3,2.1966,5942,0
rep3,2.1966,5943,0
rep3,2.1969,5944,0
rep3,2.197,5945,0
rep3,2.1971,5946,0
rep3,2.1971,5947,0
rep3,2.1972,5948,0
rep3,2.1973,5949,0
rep3,2.1975,5950,0
rep3,2.1976,5951,0
rep3,2.1976,5952,0
rep3,2.1976,5953,0
rep3,2.1977,5954,0
rep3,2.1978,5955,0
rep3,2.198,5956,0
rep3,2.1985,5957,0
rep3,2.1986,5958,0
rep3,2.199,5959,0
rep3,2.1993,5960,0
rep3,2.1996,5961,0
rep3,2.2001,5962,0
rep3,2.2001,5963,0
rep3,2.2003,5964,0
rep3,2.2003,5965,0
rep3,2.2003,5966,0
rep3,2.201,5967,0
rep3,2.2012,5968,0
rep3,2.2014,5969,0
rep3,2.2014,5970,0
rep3,2.2015,5971,0
rep3,2.2023,5972,0
rep3,2.2023,5973,0
rep3,2.2024,5974,0
rep3,2.2026,5975,0
rep3,2.2028,5976,0
rep3,2.2029,5977,0
rep3,2.2029,5978,0
rep3,2.2031,5979,0
rep3,2.2032,5980,0
rep3,2.2033,5981,0
rep3,2.2033,5982,0
rep3,2.2033,5983,0
rep3,2.2034,5984,0
rep3,2.2035,5985,0
rep3,2.2035,5986,0
rep3,2.2038,5987,0
rep3,2.2039,5988,0
rep3,2.204,5989,0
rep3,2.2043,5990,0
rep3,2.2044,5991,0
rep3,2.2045,5992,0
rep3,2.2047,5993,0
rep3,2.2051,5994,0
rep3,2.2055,5995,0
rep3,2.2059,5996,0
rep3,2.2061,5997,0
rep3,2.2062,5998,0
rep3,2.2065,5999,0
rep3,2.2065,6000,0
rep3,2.2067,6001,0
rep3,2.2067,6002,0
rep3,2.2069,6003,0
rep3,2.2072,6004,0
rep3,2.2072,6005,0
rep3,2.2073,6006,0
rep3,2.2075,6007,0
rep3,2.2077,6008,0
rep3,2.2083,6009,0
rep3,2.2084,6010,0
rep3,2.2084,6011,0
rep3,2.2087,6012,0
rep3,2.2087,6013,0
rep3,2.2091,6014,0
rep3,2.2092,6015,0
rep3,2.2095,6016,0
rep3,2.2095,6017,0
rep3,2.2095,6018,0
rep3,2.2095,6019,0
rep3,2.2096,6020,0
rep3,2.2096,6021,0
rep3,2.2097,6022,0
rep3,2.2098,6023,0
rep3,2.2099,6024,0
rep3,2.2107,6025,0
rep3,2.2107,6026,0
rep3,2.2107,6027,0
rep3,2.2107,6028,0
rep3,2.2109,6029,0
rep3,2.211,6030,0
rep3,2.211,6031,0
rep3,2.2111,6032,0
rep3,2.2113,6033,0
rep3,2.2114,6034,0
rep3,2.2116,6035,0
rep3,2.2117,6036,0
rep3,2.2118,6037,0
rep3,2.2118,6038,0
rep3,2.2119,6039,0
rep3,2.2121,6040,0
rep3,2.2121,6041,0
rep3,2.2122,6042,0
rep3,2.2122,6043,0
rep3,2.2123,6044,0
rep3,2.2123,6045,0
rep3,2.2125,6046,0
rep3,2.2126,6047,0
rep3,2.213,6048,0
rep3,2.2131,6049,0
rep3,2.2138,6050,0
rep3,2.2138,6051,0
rep3,2.2139,6052,0
rep3,2.214,6053,0
rep3,2.2142,6054,0
rep3,2.2143,6055,0
rep3,2.2145,6056,0
rep3,2.2146,6057,0
rep3,2.2148,6058,0
rep3,2.2148,6059,0
rep3,2.2148,6060,0
rep3,2.2149,6061,0
rep3,2.2149,6062,0
rep3,2.215,6063,0
rep3,2.215,6064,0
rep3,2.2154,6065,0
rep3,2.2156,6066,0
rep3,2.2159,6067,0
rep3,2.2163,6068,0
rep3,2.2163,6069,0
rep3,2.2166,6070,0
rep3,2.2167,6071,0
rep3,2.2167,6072,0
rep3,2.2168,6073,0
rep3,2.217,6074,0
rep3,2.2171,6075,0
rep3,2.2172,6076,0
rep3,2.2173,6077,0
rep3,2.2173,6078,0
rep3,2.2174,6079,0
rep3,2.2174,6080,0
rep3,2.2177,6081,0
rep3,2.2178,6082,0
rep3,2.218,6083,0
rep3,2.218,6084,0
rep3,2.2181,6085,0
rep3,2.2181,6086,0
rep3,2.2183,6087,0
rep3,2.2184,6088,0
rep3,2.2186,6089,0
rep3,2.2187,6090,0
rep3,2.2189,6091,0
rep3,2.219,6092,0
rep3,2.219,6093,0
rep3,2.2192,6094,0
rep3,2.2198,6095,0
rep3,2.2199,6096,0
rep3,2.2202,6097,0
rep3,2.2203,6098,0
rep3,2.2206,6099,0
rep3,2.2206,6100,0
rep3,2.2207,6101,0
rep3,2.2208,6102,0
rep3,2.2209,6103,0
rep3,2.221,6104,0
rep3,2.2214,6105,0
rep3,2.2215,6106,0
rep3,2.2217,6107,0
rep3,2.2219,6108,0
rep3,2.222,6109,0
rep3,2.222,6110,0
rep3,2.222,6111,0
rep3,2.2221,6112,0
rep3,2.2225,6113,0
rep3,2.2225,6114,0
rep3,2.2227,6115,0
rep3,2.2228,6116,0
rep3,2.2232,6117,0
rep3,2.2234,6118,0
rep3,2.2235,6119,0
rep3,2.2238,6120,0
rep3,2.2238,6121,0
rep3,2.2243,6122,0
rep3,2.2243,6123,0
rep3,2.2244,6124,0
rep3,2.2245,6125,0
rep3,2.2251,6126,0
rep3,2.2254,6127,0
rep3,2.2254,6128,0
rep3,2.2256,6129,0
rep3,2.2256,6130,0
rep3,2.2258,6131,0
rep3,2.2258,6132,0
rep3,2.2259,6133,0
rep3,2.226,6134,0
rep3,2.2262,6135,0
rep3,2.2263,6136,0
rep3,2.2264,6137,0
rep3,2.2265,6138,0
