rep,t_over_ttl,cum_rehold,cum_duplicate
rep1,1.0124,1,0
rep1,1.0124,2,0
rep1,1.0125,3,0
rep1,1.0125,4,0
rep1,1.0125,5,0
rep1,1.0127,6,0
rep1,1.013,7,0
rep1,1.0133,8,0
rep1,1.0134,9,0
rep1,1.0134,10,0
rep1,1.0135,11,0
rep1,1.0135,12,0
rep1,1.0135,13,0
rep1,1.0139,14,0
rep1,1.0142,15,0
rep1,1.0142,16,0
rep1,1.0143,17,0
rep1,1.0149,18,0
rep1,1.0151,19,0
rep1,1.0151,20,0
rep1,1.0152,21,0
rep1,1.0154,22,0
rep1,1.0154,23,0
rep1,1.0155,24,0
rep1,1.0155,25,0
rep1,1.0155,26,0
rep1,1.0157,27,0
rep1,1.016,28,0
rep1,1.016,29,0
rep1,1.0161,30,0
rep1,1.0161,31,0
rep1,1.0162,32,0
rep1,1.0166,33,0
rep1,1.0167,34,0
rep1,1.017,35,0
rep1,1.0173,36,0
rep1,1.0175,37,0
rep1,1.0177,38,0
rep1,1.0179,39,0
rep1,1.0183,40,0
rep1,1.0185,41,0
rep1,1.0192,42,0
rep1,1.0193,43,0
rep1,1.0196,44,0
rep1,1.02,45,0
rep1,1.02,46,0
rep1,1.0205,47,0
rep1,1.0207,48,0
rep1,1.0209,49,0
rep1,1.0218,50,0
rep1,1.0224,51,0
rep1,1.0236,52,0
rep1,1.0238,53,0
rep1,1.0242,54,0
rep1,1.0243,55,0
rep1,1.0246,56,0
rep1,1.025,57,0
rep1,1.0254,58,0
rep1,1.0254,59,0
rep1,1.0255,60,0
rep1,1.0255,61,0
rep1,1.0281,62,0
rep1,1.0285,63,0
rep1,1.0292,64,0
rep1,1.0297,65,0
rep1,1.0301,66,0
rep1,1.0308,67,0
rep1,1.0324,68,0
rep1,1.033,69,0
rep1,1.0361,70,0
rep1,1.0363,71,0
rep1,1.0384,72,0
rep1,1.0401,73,0
rep1,1.0409,74,0
rep1,1.046,75,0
rep1,1.046,76,0
rep1,1.046,77,0
rep1,1.046,78,0
rep1,1.046,79,0
rep1,1.0461,80,0
rep1,1.0461,81,0
rep1,1.0461,82,0
rep1,1.0462,83,0
rep1,1.0463,84,0
rep1,1.0463,85,0
rep1,1.0464,86,0
rep1,1.0464,87,0
rep1,1.0464,88,0
rep1,1.0465,89,0
rep1,1.0465,90,0
rep1,1.0465,91,0
rep1,1.0466,92,0
rep1,1.0467,93,0
rep1,1.0467,94,0
rep1,1.0467,95,0
rep1,1.0467,96,0
rep1,1.0467,97,0
rep1,1.0468,98,0
rep1,1.0468,99,0
rep1,1.0468,100,0
rep1,1.0468,101,0
rep1,1.0468,102,0
rep1,1.0469,103,0
rep1,1.047,104,0
rep1,1.047,105,0
rep1,1.047,106,0
rep1,1.047,107,0
rep1,1.0471,108,0
rep1,1.0471,109,0
rep1,1.0472,110,0
rep1,1.0472,111,0
rep1,1.0472,112,0
rep1,1.0472,113,0
rep1,1.0473,114,0
rep1,1.0473,115,0
rep1,1.0475,116,0
rep1,1.0475,117,0
rep1,1.0476,118,0
rep1,1.0476,119,0
rep1,1.0477,120,0
rep1,1.0477,121,0
rep1,1.0477,122,0
rep1,1.0478,123,0
rep1,1.0478,124,0
rep1,1.0478,125,0
rep1,1.0479,126,0
rep1,1.0479,127,0
rep1,1.048,128,0
rep1,1.0483,129,0
rep1,1.0483,130,0
rep1,1.0484,131,0
rep1,1.0484,132,0
rep1,1.0484,133,0
rep1,1.0484,134,0
rep1,1.0485,135,0
rep1,1.0485,136,0
rep1,1.0486,137,0
rep1,1.0487,138,0
rep1,1.0487,139,0
rep1,1.0487,140,0
rep1,1.0487,141,0
rep1,1.0488,142,0
rep1,1.0488,143,0
rep1,1.0488,144,0
rep1,1.0488,145,0
rep1,1.0488,146,0
rep1,1.0489,147,0
rep1,1.049,148,0
rep1,1.049,149,0
rep1,1.049,150,0
rep1,1.049,151,0
rep1,1.049,152,0
rep1,1.0491,153,0
rep1,1.0492,154,0
rep1,1.0492,155,0
rep1,1.0494,156,0
rep1,1.0494,157,0
rep1,1.0495,158,0
rep1,1.0495,159,0
rep1,1.0496,160,0
rep1,1.0496,161,0
rep1,1.0497,162,0
rep1,1.0498,163,0
rep1,1.0498,164,0
rep1,1.0499,165,0
rep1,1.05,166,0
rep1,1.05,167,0
rep1,1.0501,168,0
rep1,1.0501,169,0
rep1,1.0501,170,0
rep1,1.0503,171,0
rep1,1.0503,172,0
rep1,1.0503,173,0
rep1,1.0504,174,0
rep1,1.0504,175,0
rep1,1.0506,176,0
rep1,1.0506,177,0
rep1,1.0507,178,0
rep1,1.0507,179,0
rep1,1.0508,180,0
rep1,1.0508,181,0
rep1,1.0509,182,0
rep1,1.0509,183,0
rep1,1.051,184,0
rep1,1.0511,185,0
rep1,1.0511,186,0
rep1,1.0512,187,0
rep1,1.0512,188,0
rep1,1.0512,189,0
rep1,1.0514,190,0
rep1,1.0514,191,0
rep1,1.0514,192,0
rep1,1.0515,193,0
rep1,1.0516,194,0
rep1,1.0516,195,0
rep1,1.0518,196,0
rep1,1.0518,197,0
rep1,1.0518,198,0
rep1,1.0519,199,0
rep1,1.0519,200,0
rep1,1.052,201,0
rep1,1.0521,202,0
rep1,1.0521,203,0
rep1,1.0521,204,0
rep1,1.0522,205,0
rep1,1.0522,206,0
rep1,1.0522,207,0
rep1,1.0524,208,0
rep1,1.0525,209,0
rep1,1.0525,210,0
rep1,1.0525,211,0
rep1,1.0526,212,0
rep1,1.0526,213,0
rep1,1.0526,214,0
rep1,1.0528,215,0
rep1,1.0529,216,0
rep1,1.053,217,0
rep1,1.0531,218,0
rep1,1.0531,219,0
rep1,1.0531,220,0
rep1,1.0532,221,0
rep1,1.0533,222,0
rep1,1.0533,223,0
rep1,1.0533,224,0
rep1,1.0534,225,0
rep1,1.0534,226,0
rep1,1.0534,227,0
rep1,1.0534,228,0
rep1,1.0538,229,0
rep1,1.0539,230,0
rep1,1.054,231,0
rep1,1.054,232,0
rep1,1.0541,233,0
rep1,1.0542,234,0
rep1,1.0542,235,0
rep1,1.0544,236,0
rep1,1.0546,237,0
rep1,1.0547,238,0
rep1,1.0548,239,0
rep1,1.0548,240,0
rep1,1.0549,241,0
rep1,1.0549,242,0
rep1,1.0549,243,0
rep1,1.055,244,0
rep1,1.055,245,0
rep1,1.0551,246,0
rep1,1.0551,247,0
rep1,1.0552,248,0
rep1,1.0553,249,0
rep1,1.0555,250,0
rep1,1.0555,251,0
rep1,1.0556,252,0
rep1,1.0556,253,0
rep1,1.0557,254,0
rep1,1.0558,255,0
rep1,1.0558,256,0
rep1,1.0559,257,0
rep1,1.0561,258,0
rep1,1.0562,259,0
rep1,1.0563,260,0
rep1,1.0564,261,0
rep1,1.0567,262,0
rep1,1.0567,263,0
rep1,1.0569,264,0
rep1,1.0569,265,0
rep1,1.0571,266,0
rep1,1.0572,267,0
rep1,1.0572,268,0
rep1,1.0572,269,0
rep1,1.0573,270,0
rep1,1.0574,271,0
rep1,1.0574,272,0
rep1,1.0575,273,0
rep1,1.0575,274,0
rep1,1.0577,275,0
rep1,1.0581,276,0
rep1,1.0582,277,0
rep1,1.0584,278,0
rep1,1.0584,279,0
rep1,1.0586,280,0
rep1,1.0589,281,0
rep1,1.0593,282,0
rep1,1.06,283,0
rep1,1.0601,284,0
rep1,1.0603,285,0
rep1,1.0603,286,0
rep1,1.0604,287,0
rep1,1.0606,288,0
rep1,1.0608,289,0
rep1,1.0609,290,0
rep1,1.0609,291,0
rep1,1.0609,292,0
rep1,1.061,293,0
rep1,1.0611,294,0
rep1,1.0613,295,0
rep1,1.0613,296,0
rep1,1.0616,297,0
rep1,1.062,298,0
rep1,1.0621,299,0
rep1,1.0621,300,0
rep1,1.0626,301,0
rep1,1.0626,302,0
rep1,1.0629,303,0
rep1,1.0629,304,0
rep1,1.0631,305,0
rep1,1.0632,306,0
rep1,1.0635,307,0
rep1,1.0635,308,0
rep1,1.0638,309,0
rep1,1.0641,310,0
rep1,1.0642,311,0
rep1,1.0643,312,0
rep1,1.0647,313,0
rep1,1.0647,314,0
rep1,1.0648,315,0
rep1,1.0649,316,0
rep1,1.065,317,0
rep1,1.0653,318,0
rep1,1.0655,319,0
rep1,1.0657,320,0
rep1,1.0662,321,0
rep1,1.0664,322,0
rep1,1.0665,323,0
rep1,1.0668,324,0
rep1,1.0672,325,0
rep1,1.0676,326,0
rep1,1.0685,327,0
rep1,1.0693,328,0
rep1,1.07,329,0
rep1,1.0701,330,0
rep1,1.0702,331,0
rep1,1.0704,332,0
rep1,1.0705,333,0
rep1,1.0705,334,0
rep1,1.0714,335,0
rep1,1.0714,336,0
rep1,1.072,337,0
rep1,1.073,338,0
rep1,1.0734,339,0
rep1,1.0737,340,0
rep1,1.074,341,0
rep1,1.075,342,0
rep1,1.076,343,0
rep1,1.0763,344,0
rep1,1.0769,345,0
rep1,1.0777,346,0
rep1,1.0779,347,0
rep1,1.0788,348,0
rep1,1.0793,349,0
rep1,1.0794,350,0
rep1,1.0794,351,0
rep1,1.0794,352,0
rep1,1.0794,353,0
rep1,1.0795,354,0
rep1,1.0795,355,0
rep1,1.0795,356,0
rep1,1.0795,357,0
rep1,1.0796,358,0
rep1,1.0796,359,0
rep1,1.0796,360,0
rep1,1.0796,361,0
rep1,1.0796,362,0
rep1,1.0796,363,0
rep1,1.0797,364,0
rep1,1.0801,365,0
rep1,1.0801,366,0
rep1,1.0801,367,0
rep1,1.0801,368,0
rep1,1.0801,369,0
rep1,1.0801,370,0
rep1,1.0801,371,0
rep1,1.0801,372,0
rep1,1.0802,373,0
rep1,1.0802,374,0
rep1,1.0803,375,0
rep1,1.0803,376,0
rep1,1.0803,377,0
rep1,1.0804,378,0
rep1,1.0804,379,0
rep1,1.0805,380,0
rep1,1.0805,381,0
rep1,1.0806,382,0
rep1,1.0806,383,0
rep1,1.0806,384,0
rep1,1.0808,385,0
rep1,1.0808,386,0
rep1,1.0808,387,0
rep1,1.0809,388,0
rep1,1.0809,389,0
rep1,1.081,390,0
rep1,1.081,391,0
rep1,1.081,392,0
rep1,1.081,393,0
rep1,1.0811,394,0
rep1,1.0811,395,0
rep1,1.0812,396,0
rep1,1.0813,397,0
rep1,1.0813,398,0
rep1,1.0813,399,0
rep1,1.0814,400,0
rep1,1.0814,401,0
rep1,1.0814,402,0
rep1,1.0814,403,0
rep1,1.0816,404,0
rep1,1.0816,405,0
rep1,1.0817,406,0
rep1,1.0818,407,0
rep1,1.0819,408,0
rep1,1.0819,409,0
rep1,1.0819,410,0
rep1,1.0819,411,0
rep1,1.082,412,0
rep1,1.082,413,0
rep1,1.082,414,0
rep1,1.0821,415,0
rep1,1.0821,416,0
rep1,1.0821,417,0
rep1,1.0822,418,0
rep1,1.0822,419,0
rep1,1.0823,420,0
rep1,1.0824,421,0
rep1,1.0824,422,0
rep1,1.0825,423,0
rep1,1.0825,424,0
rep1,1.0825,425,0
rep1,1.0825,426,0
rep1,1.0826,427,0
rep1,1.0826,428,0
rep1,1.0827,429,0
rep1,1.0829,430,0
rep1,1.083,431,0
rep1,1.0831,432,0
rep1,1.0831,433,0
rep1,1.0832,434,0
rep1,1.0833,435,0
rep1,1.0833,436,0
rep1,1.0834,437,0
rep1,1.0834,438,0
rep1,1.0834,439,0
rep1,1.0836,440,0
rep1,1.0836,441,0
rep1,1.0836,442,0
rep1,1.0837,443,0
rep1,1.0838,444,0
rep1,1.0839,445,0
rep1,1.0839,446,0
rep1,1.0839,447,0
rep1,1.0839,448,0
rep1,1.084,449,0
rep1,1.0841,450,0
rep1,1.0841,451,0
rep1,1.0841,452,0
rep1,1.0842,453,0
rep1,1.0842,454,0
rep1,1.0842,455,0
rep1,1.0842,456,0
rep1,1.0844,457,0
rep1,1.0844,458,0
rep1,1.0845,459,0
rep1,1.0846,460,0
rep1,1.0847,461,0
rep1,1.0849,462,0
rep1,1.085,463,0
rep1,1.085,464,0
rep1,1.0852,465,0
rep1,1.0853,466,0
rep1,1.0854,467,0
rep1,1.0855,468,0
rep1,1.0855,469,0
rep1,1.0855,470,0
rep1,1.0856,471,0
rep1,1.0856,472,0
rep1,1.0858,473,0
rep1,1.0858,474,0
rep1,1.0858,475,0
rep1,1.086,476,0
rep1,1.086,477,0
rep1,1.086,478,0
rep1,1.0861,479,0
rep1,1.0861,480,0
rep1,1.0861,481,0
rep1,1.0861,482,0
rep1,1.0862,483,0
rep1,1.0862,484,0
rep1,1.0862,485,0
rep1,1.0864,486,0
rep1,1.0864,487,0
rep1,1.0864,488,0
rep1,1.0865,489,0
rep1,1.0865,490,0
rep1,1.0865,491,0
rep1,1.0867,492,0
rep1,1.0868,493,0
rep1,1.0869,494,0
rep1,1.087,495,0
rep1,1.0871,496,0
rep1,1.0871,497,0
rep1,1.0871,498,0
rep1,1.0874,499,0
rep1,1.0875,500,0
rep1,1.0878,501,0
rep1,1.0878,502,0
rep1,1.0879,503,0
rep1,1.0879,504,0
rep1,1.0881,505,0
rep1,1.0881,506,0
rep1,1.0881,507,0
rep1,1.0882,508,0
rep1,1.0883,509,0
rep1,1.0884,510,0
rep1,1.0885,511,0
rep1,1.0886,512,0
rep1,1.0886,513,0
rep1,1.0887,514,0
rep1,1.0887,515,0
rep1,1.0888,516,0
rep1,1.089,517,0
rep1,1.089,518,0
rep1,1.0891,519,0
rep1,1.0891,520,0
rep1,1.0892,521,0
rep1,1.0892,522,0
rep1,1.0892,523,0
rep1,1.0896,524,0
rep1,1.0897,525,0
rep1,1.0898,526,0
rep1,1.0899,527,0
rep1,1.0899,528,0
rep1,1.09,529,0
rep1,1.0901,530,0
rep1,1.0902,531,0
rep1,1.0902,532,0
rep1,1.0903,533,0
rep1,1.0904,534,0
rep1,1.0907,535,0
rep1,1.0907,536,0
rep1,1.0908,537,0
rep1,1.0908,538,0
rep1,1.0908,539,0
rep1,1.0909,540,0
rep1,1.091,541,0
rep1,1.0911,542,0
rep1,1.0912,543,0
rep1,1.0912,544,0
rep1,1.0912,545,0
rep1,1.0914,546,0
rep1,1.0916,547,0
rep1,1.0918,548,0
rep1,1.0919,549,0
rep1,1.0921,550,0
rep1,1.0921,551,0
rep1,1.0922,552,0
rep1,1.0924,553,0
rep1,1.0926,554,0
rep1,1.0926,555,0
rep1,1.0928,556,0
rep1,1.0929,557,0
rep1,1.0929,558,0
rep1,1.093,559,0
rep1,1.093,560,0
rep1,1.0931,561,0
rep1,1.0931,562,0
rep1,1.0931,563,0
rep1,1.0932,564,0
rep1,1.0932,565,0
rep1,1.0933,566,0
rep1,1.0934,567,0
rep1,1.0937,568,0
rep1,1.0937,569,0
rep1,1.0938,570,0
rep1,1.0938,571,0
rep1,1.0939,572,0
rep1,1.094,573,0
rep1,1.0942,574,0
rep1,1.0942,575,0
rep1,1.0947,576,0
rep1,1.0951,577,0
rep1,1.0956,578,0
rep1,1.0957,579,0
rep1,1.0958,580,0
rep1,1.0959,581,0
rep1,1.096,582,0
rep1,1.0962,583,0
rep1,1.0962,584,0
rep1,1.0963,585,0
rep1,1.0965,586,0
rep1,1.0966,587,0
rep1,1.097,588,0
rep1,1.0971,589,0
rep1,1.0972,590,0
rep1,1.0973,591,0
rep1,1.0973,592,0
rep1,1.0974,593,0
rep1,1.0975,594,0
rep1,1.0976,595,0
rep1,1.0977,596,0
rep1,1.0978,597,0
rep1,1.0979,598,0
rep1,1.0982,599,0
rep1,1.0983,600,0
rep1,1.0985,601,0
rep1,1.0986,602,0
rep1,1.0988,603,0
rep1,1.099,604,0
rep1,1.0993,605,0
rep1,1.0993,606,0
rep1,1.0993,607,0
rep1,1.0994,608,0
rep1,1.0996,609,0
rep1,1.0998,610,0
rep1,1.1,611,0
rep1,1.1,612,0
rep1,1.1002,613,0
rep1,1.1005,614,0
rep1,1.1005,615,0
rep1,1.1009,616,0
rep1,1.1011,617,0
rep1,1.1011,618,0
rep1,1.1011,619,0
rep1,1.1012,620,0
rep1,1.1015,621,0
rep1,1.1019,622,0
rep1,1.102,623,0
rep1,1.102,624,0
rep1,1.1024,625,0
rep1,1.1027,626,0
rep1,1.1028,627,0
rep1,1.103,628,0
rep1,1.103,629,0
rep1,1.1031,630,0
rep1,1.1033,631,0
rep1,1.1033,632,0
rep1,1.1037,633,0
rep1,1.1039,634,0
rep1,1.1043,635,0
rep1,1.1045,636,0
rep1,1.1049,637,0
rep1,1.1049,638,0
rep1,1.105,639,0
rep1,1.1051,640,0
rep1,1.1054,641,0
rep1,1.1056,642,0
rep1,1.1058,643,0
rep1,1.106,644,0
rep1,1.1068,645,0
rep1,1.1071,646,0
rep1,1.1075,647,0
rep1,1.1076,648,0
rep1,1.1079,649,0
rep1,1.1081,650,0
rep1,1.1084,651,0
rep1,1.1084,652,0
rep1,1.1085,653,0
rep1,1.1087,654,0
rep1,1.1094,655,0
rep1,1.1098,656,0
rep1,1.1103,657,0
rep1,1.1105,658,0
rep1,1.1111,659,0
rep1,1.1111,660,0
rep1,1.1113,661,0
rep1,1.1119,662,0
rep1,1.112,663,0
rep1,1.1129,664,0
rep1,1.113,665,0
rep1,1.113,666,0
rep1,1.113,667,0
rep1,1.113,668,0
rep1,1.1131,669,0
rep1,1.1132,670,0
rep1,1.1132,671,0
rep1,1.1133,672,0
rep1,1.1133,673,0
rep1,1.1133,674,0
rep1,1.1134,675,0
rep1,1.1134,676,0
rep1,1.1134,677,0
rep1,1.1135,678,0
rep1,1.1135,679,0
rep1,1.1135,680,0
rep1,1.1136,681,0
rep1,1.1136,682,0
rep1,1.1137,683,0
rep1,1.1139,684,0
rep1,1.114,685,0
rep1,1.1141,686,0
rep1,1.1141,687,0
rep1,1.1141,688,0
rep1,1.1141,689,0
rep1,1.1142,690,0
rep1,1.1142,691,0
rep1,1.1142,692,0
rep1,1.1142,693,0
rep1,1.1143,694,0
rep1,1.1143,695,0
rep1,1.1143,696,0
rep1,1.1143,697,0
rep1,1.1144,698,0
rep1,1.1144,699,0
rep1,1.1145,700,0
rep1,1.1146,701,0
rep1,1.1146,702,0
rep1,1.1147,703,0
rep1,1.1147,704,0
rep1,1.1148,705,0
rep1,1.1148,706,0
rep1,1.1149,707,0
rep1,1.1149,708,0
rep1,1.1149,709,0
rep1,1.1149,710,0
rep1,1.115,711,0
rep1,1.115,712,0
rep1,1.1152,713,0
rep1,1.1153,714,0
rep1,1.1153,715,0
rep1,1.1154,716,0
rep1,1.1155,717,0
rep1,1.1155,718,0
rep1,1.1155,719,0
rep1,1.1155,720,0
rep1,1.1156,721,0
rep1,1.1156,722,0
rep1,1.1156,723,0
rep1,1.1156,724,0
rep1,1.1157,725,0
rep1,1.1157,726,0
rep1,1.1158,727,0
rep1,1.1158,728,0
rep1,1.1159,729,0
rep1,1.1159,730,0
rep1,1.116,731,0
rep1,1.116,732,0
rep1,1.116,733,0
rep1,1.116,734,0
rep1,1.116,735,0
rep1,1.1163,736,0
rep1,1.1163,737,0
rep1,1.1163,738,0
rep1,1.1163,739,0
rep1,1.1164,740,0
rep1,1.1164,741,0
rep1,1.1165,742,0
rep1,1.1165,743,0
rep1,1.1165,744,0
rep1,1.1165,745,0
rep1,1.1165,746,0
rep1,1.1165,747,0
rep1,1.1166,748,0
rep1,1.1166,749,0
rep1,1.1166,750,0
rep1,1.1167,751,0
rep1,1.1168,752,0
rep1,1.1168,753,0
rep1,1.1168,754,0
rep1,1.1169,755,0
rep1,1.117,756,0
rep1,1.117,757,0
rep1,1.117,758,0
rep1,1.117,759,0
rep1,1.117,760,0
rep1,1.1171,761,0
rep1,1.1172,762,0
rep1,1.1172,763,0
rep1,1.1172,764,0
rep1,1.1173,765,0
rep1,1.1173,766,0
rep1,1.1173,767,0
rep1,1.1176,768,0
rep1,1.1177,769,0
rep1,1.1177,770,0
rep1,1.1178,771,0
rep1,1.1178,772,0
rep1,1.1178,773,0
rep1,1.118,774,0
rep1,1.118,775,0
rep1,1.118,776,0
rep1,1.1181,777,0
rep1,1.1182,778,0
rep1,1.1182,779,0
rep1,1.1182,780,0
rep1,1.1183,781,0
rep1,1.1183,782,0
rep1,1.1184,783,0
rep1,1.1184,784,0
rep1,1.1186,785,0
rep1,1.1186,786,0
rep1,1.1186,787,0
rep1,1.1186,788,0
rep1,1.1186,789,0
rep1,1.1187,790,0
rep1,1.119,791,0
rep1,1.1191,792,0
rep1,1.1193,793,0
rep1,1.1194,794,0
rep1,1.1195,795,0
rep1,1.1195,796,0
rep1,1.1196,797,0
rep1,1.1196,798,0
rep1,1.1198,799,0
rep1,1.1198,800,0
rep1,1.1199,801,0
rep1,1.12,802,0
rep1,1.1201,803,0
rep1,1.1203,804,0
rep1,1.1203,805,0
rep1,1.1203,806,0
rep1,1.1204,807,0
rep1,1.1204,808,0
rep1,1.1205,809,0
rep1,1.1205,810,0
rep1,1.1205,811,0
rep1,1.1206,812,0
rep1,1.1206,813,0
rep1,1.1207,814,0
rep1,1.1208,815,0
rep1,1.1208,816,0
rep1,1.1209,817,0
rep1,1.121,818,0
rep1,1.1211,819,0
rep1,1.1211,820,0
rep1,1.1212,821,0
rep1,1.1212,822,0
rep1,1.1212,823,0
rep1,1.1214,824,0
rep1,1.1215,825,0
rep1,1.1216,826,0
rep1,1.1217,827,0
rep1,1.1218,828,0
rep1,1.1219,829,0
rep1,1.1219,830,0
rep1,1.122,831,0
rep1,1.1221,832,0
rep1,1.1221,833,0
rep1,1.1221,834,0
rep1,1.1227,835,0
rep1,1.1227,836,0
rep1,1.1228,837,0
rep1,1.1228,838,0
rep1,1.1229,839,0
rep1,1.1229,840,0
rep1,1.1229,841,0
rep1,1.123,842,0
rep1,1.123,843,0
rep1,1.1231,844,0
rep1,1.1231,845,0
rep1,1.1231,846,0
rep1,1.1232,847,0
rep1,1.1234,848,0
rep1,1.1235,849,0
rep1,1.1236,850,0
rep1,1.1236,851,0
rep1,1.1239,852,0
rep1,1.1241,853,0
rep1,1.1241,854,0
rep1,1.1242,855,0
rep1,1.1243,856,0
rep1,1.1245,857,0
rep1,1.1246,858,0
rep1,1.1247,859,0
rep1,1.1247,860,0
rep1,1.125,861,0
rep1,1.1253,862,0
rep1,1.1254,863,0
rep1,1.1254,864,0
rep1,1.1254,865,0
rep1,1.1255,866,0
rep1,1.1255,867,0
rep1,1.1256,868,0
rep1,1.1261,869,0
rep1,1.1261,870,0
rep1,1.1262,871,0
rep1,1.1262,872,0
rep1,1.1263,873,0
rep1,1.1266,874,0
rep1,1.1267,875,0
rep1,1.1268,876,0
rep1,1.1268,877,0
rep1,1.1272,878,0
rep1,1.1277,879,0
rep1,1.1278,880,0
rep1,1.1278,881,0
rep1,1.1278,882,0
rep1,1.1279,883,0
rep1,1.1279,884,0
rep1,1.128,885,0
rep1,1.1282,886,0
rep1,1.1283,887,0
rep1,1.1284,888,0
rep1,1.1284,889,0
rep1,1.1286,890,0
rep1,1.1288,891,0
rep1,1.1289,892,0
rep1,1.1289,893,0
rep1,1.129,894,0
rep1,1.129,895,0
rep1,1.1296,896,0
rep1,1.1297,897,0
rep1,1.1298,898,0
rep1,1.1304,899,0
rep1,1.1305,900,0
rep1,1.1309,901,0
rep1,1.131,902,0
rep1,1.1312,903,0
rep1,1.1312,904,0
rep1,1.1315,905,0
rep1,1.1316,906,0
rep1,1.1317,907,0
rep1,1.1321,908,0
rep1,1.1321,909,0
rep1,1.1323,910,0
rep1,1.1324,911,0
rep1,1.1325,912,0
rep1,1.1326,913,0
rep1,1.1326,914,0
rep1,1.1328,915,0
rep1,1.1329,916,0
rep1,1.1332,917,0
rep1,1.1334,918,0
rep1,1.1335,919,0
rep1,1.1337,920,0
rep1,1.1337,921,0
rep1,1.1338,922,0
rep1,1.1339,923,0
rep1,1.1339,924,0
rep1,1.134,925,0
rep1,1.134,926,0
rep1,1.1341,927,0
rep1,1.1341,928,0
rep1,1.1343,929,0
rep1,1.1344,930,0
rep1,1.1345,931,0
rep1,1.1347,932,0
rep1,1.135,933,0
rep1,1.1353,934,0
rep1,1.1357,935,0
rep1,1.1358,936,0
rep1,1.1359,937,0
rep1,1.1363,938,0
rep1,1.1363,939,0
rep1,1.1365,940,0
rep1,1.1366,941,0
rep1,1.1367,942,0
rep1,1.1368,943,0
rep1,1.1369,944,0
rep1,1.1369,945,0
rep1,1.1369,946,0
rep1,1.1375,947,0
rep1,1.1375,948,0
rep1,1.1379,949,0
rep1,1.138,950,0
rep1,1.1381,951,0
rep1,1.1382,952,0
rep1,1.1383,953,0
rep1,1.1387,954,0
rep1,1.1388,955,0
rep1,1.1388,956,0
rep1,1.139,957,0
rep1,1.139,958,0
rep1,1.1392,959,0
rep1,1.1393,960,0
rep1,1.1394,961,0
rep1,1.1402,962,0
rep1,1.1402,963,0
rep1,1.1407,964,0
rep1,1.1412,965,0
rep1,1.1414,966,0
rep1,1.1416,967,0
rep1,1.1416,968,0
rep1,1.142,969,0
rep1,1.1421,970,0
rep1,1.1422,971,0
rep1,1.1426,972,0
rep1,1.1434,973,0
rep1,1.1436,974,0
rep1,1.1438,975,0
rep1,1.1444,976,0
rep1,1.1448,977,0
rep1,1.1452,978,0
rep1,1.1454,979,0
rep1,1.1458,980,0
rep1,1.1459,981,0
rep1,1.1459,982,0
rep1,1.1463,983,0
rep1,1.1465,984,0
rep1,1.1465,985,0
rep1,1.1465,986,0
rep1,1.1466,987,0
rep1,1.1467,988,0
rep1,1.1467,989,0
rep1,1.1467,990,0
rep1,1.1467,991,0
rep1,1.1468,992,0
rep1,1.1468,993,0
rep1,1.1469,994,0
rep1,1.1469,995,0
rep1,1.1469,996,0
rep1,1.147,997,0
rep1,1.147,998,0
rep1,1.147,999,0
rep1,1.147,1000,0
rep1,1.1471,1001,0
rep1,1.1471,1002,0
rep1,1.1471,1003,0
rep1,1.1472,1004,0
rep1,1.1472,1005,0
rep1,1.1472,1006,0
rep1,1.1472,1007,0
rep1,1.1472,1008,0
rep1,1.1472,1009,0
rep1,1.1473,1010,0
rep1,1.1473,1011,0
rep1,1.1473,1012,0
rep1,1.1473,1013,0
rep1,1.1473,1014,0
rep1,1.1474,1015,0
rep1,1.1474,1016,0
rep1,1.1474,1017,0
rep1,1.1475,1018,0
rep1,1.1475,1019,0
rep1,1.1475,1020,0
rep1,1.1475,1021,0
rep1,1.1475,1022,0
rep1,1.1476,1023,0
rep1,1.1476,1024,0
rep1,1.1477,1025,0
rep1,1.1477,1026,0
rep1,1.1477,1027,0
rep1,1.1478,1028,0
rep1,1.1478,1029,0
rep1,1.1479,1030,0
rep1,1.1479,1031,0
rep1,1.148,1032,0
rep1,1.148,1033,0
rep1,1.148,1034,0
rep1,1.1481,1035,0
rep1,1.1481,1036,0
rep1,1.1481,1037,0
rep1,1.1482,1038,0
rep1,1.1482,1039,0
rep1,1.1483,1040,0
rep1,1.1483,1041,0
rep1,1.1483,1042,0
rep1,1.1484,1043,0
rep1,1.1485,1044,0
rep1,1.1486,1045,0
rep1,1.1486,1046,0
rep1,1.1486,1047,0
rep1,1.1487,1048,0
rep1,1.1487,1049,0
rep1,1.1488,1050,0
rep1,1.1488,1051,0
rep1,1.1488,1052,0
rep1,1.1488,1053,0
rep1,1.1489,1054,0
rep1,1.1489,1055,0
rep1,1.149,1056,0
rep1,1.149,1057,0
rep1,1.1491,1058,0
rep1,1.1491,1059,0
rep1,1.1491,1060,0
rep1,1.1491,1061,0
rep1,1.1492,1062,0
rep1,1.1493,1063,0
rep1,1.1494,1064,0
rep1,1.1494,1065,0
rep1,1.1495,1066,0
rep1,1.1495,1067,0
rep1,1.1495,1068,0
rep1,1.1496,1069,0
rep1,1.1496,1070,0
rep1,1.1497,1071,0
rep1,1.1497,1072,0
rep1,1.1497,1073,0
rep1,1.1497,1074,0
rep1,1.1497,1075,0
rep1,1.1498,1076,0
rep1,1.1498,1077,0
rep1,1.1499,1078,0
rep1,1.1499,1079,0
rep1,1.15,1080,0
rep1,1.1501,1081,0
rep1,1.1501,1082,0
rep1,1.1501,1083,0
rep1,1.1501,1084,0
rep1,1.1502,1085,0
rep1,1.1502,1086,0
rep1,1.1503,1087,0
rep1,1.1503,1088,0
rep1,1.1503,1089,0
rep1,1.1503,1090,0
rep1,1.1504,1091,0
rep1,1.1504,1092,0
rep1,1.1504,1093,0
rep1,1.1504,1094,0
rep1,1.1505,1095,0
rep1,1.1505,1096,0
rep1,1.1505,1097,0
rep1,1.1507,1098,0
rep1,1.1507,1099,0
rep1,1.1508,1100,0
rep1,1.1509,1101,0
rep1,1.1509,1102,0
rep1,1.1509,1103,0
rep1,1.1509,1104,0
rep1,1.151,1105,0
rep1,1.151,1106,0
rep1,1.151,1107,0
rep1,1.151,1108,0
rep1,1.1511,1109,0
rep1,1.1511,1110,0
rep1,1.1511,1111,0
rep1,1.1512,1112,0
rep1,1.1512,1113,0
rep1,1.1512,1114,0
rep1,1.1514,1115,0
rep1,1.1514,1116,0
rep1,1.1514,1117,0
rep1,1.1515,1118,0
rep1,1.1515,1119,0
rep1,1.1516,1120,0
rep1,1.1516,1121,0
rep1,1.1516,1122,0
rep1,1.1517,1123,0
rep1,1.1518,1124,0
rep1,1.1519,1125,0
rep1,1.1519,1126,0
rep1,1.1519,1127,0
rep1,1.1519,1128,0
rep1,1.152,1129,0
rep1,1.152,1130,0
rep1,1.152,1131,0
rep1,1.152,1132,0
rep1,1.1521,1133,0
rep1,1.1521,1134,0
rep1,1.1521,1135,0
rep1,1.1522,1136,0
rep1,1.1522,1137,0
rep1,1.1522,1138,0
rep1,1.1522,1139,0
rep1,1.1523,1140,0
rep1,1.1523,1141,0
rep1,1.1524,1142,0
rep1,1.1525,1143,0
rep1,1.1525,1144,0
rep1,1.1526,1145,0
rep1,1.1526,1146,0
rep1,1.1526,1147,0
rep1,1.1526,1148,0
rep1,1.1527,1149,0
rep1,1.1527,1150,0
rep1,1.1529,1151,0
rep1,1.1529,1152,0
rep1,1.153,1153,0
rep1,1.153,1154,0
rep1,1.1531,1155,0
rep1,1.1532,1156,0
rep1,1.1532,1157,0
rep1,1.1532,1158,0
rep1,1.1533,1159,0
rep1,1.1533,1160,0
rep1,1.1533,1161,0
rep1,1.1535,1162,0
rep1,1.1535,1163,0
rep1,1.1535,1164,0
rep1,1.1536,1165,0
rep1,1.1536,1166,0
rep1,1.1536,1167,0
rep1,1.1537,1168,0
rep1,1.1537,1169,0
rep1,1.1537,1170,0
rep1,1.1537,1171,0
rep1,1.1538,1172,0
rep1,1.1538,1173,0
rep1,1.1538,1174,0
rep1,1.154,1175,0
rep1,1.154,1176,0
rep1,1.154,1177,0
rep1,1.1541,1178,0
rep1,1.1542,1179,0
rep1,1.1542,1180,0
rep1,1.1543,1181,0
rep1,1.1543,1182,0
rep1,1.1543,1183,0
rep1,1.1544,1184,0
rep1,1.1545,1185,0
rep1,1.1546,1186,0
rep1,1.1546,1187,0
rep1,1.1547,1188,0
rep1,1.1547,1189,0
rep1,1.1548,1190,0
rep1,1.1548,1191,0
rep1,1.1548,1192,0
rep1,1.1549,1193,0
rep1,1.1549,1194,0
rep1,1.155,1195,0
rep1,1.1551,1196,0
rep1,1.1551,1197,0
rep1,1.1552,1198,0
rep1,1.1552,1199,0
rep1,1.1552,1200,0
rep1,1.1553,1201,0
rep1,1.1553,1202,0
rep1,1.1555,1203,0
rep1,1.1555,1204,0
rep1,1.1555,1205,0
rep1,1.1556,1206,0
rep1,1.1557,1207,0
rep1,1.1558,1208,0
rep1,1.1558,1209,0
rep1,1.1558,1210,0
rep1,1.1558,1211,0
rep1,1.1559,1212,0
rep1,1.1559,1213,0
rep1,1.156,1214,0
rep1,1.156,1215,0
rep1,1.1561,1216,0
rep1,1.1562,1217,0
rep1,1.1563,1218,0
rep1,1.1564,1219,0
rep1,1.1567,1220,0
rep1,1.1567,1221,0
rep1,1.1568,1222,0
rep1,1.1568,1223,0
rep1,1.1569,1224,0
rep1,1.1569,1225,0
rep1,1.1569,1226,0
rep1,1.157,1227,0
rep1,1.1571,1228,0
rep1,1.1571,1229,0
rep1,1.1571,1230,0
rep1,1.1572,1231,0
rep1,1.1572,1232,0
rep1,1.1573,1233,0
rep1,1.1574,1234,0
rep1,1.1574,1235,0
rep1,1.1575,1236,0
rep1,1.1575,1237,0
rep1,1.1575,1238,0
rep1,1.1576,1239,0
rep1,1.1576,1240,0
rep1,1.1576,1241,0
rep1,1.1578,1242,0
rep1,1.1578,1243,0
rep1,1.1579,1244,0
rep1,1.1579,1245,0
rep1,1.158,1246,0
rep1,1.158,1247,0
rep1,1.1581,1248,0
rep1,1.1581,1249,0
rep1,1.1582,1250,0
rep1,1.1583,1251,0
rep1,1.1583,1252,0
rep1,1.1584,1253,0
rep1,1.1584,1254,0
rep1,1.1585,1255,0
rep1,1.1585,1256,0
rep1,1.1587,1257,0
rep1,1.1587,1258,0
rep1,1.1588,1259,0
rep1,1.1589,1260,0
rep1,1.1589,1261,0
rep1,1.159,1262,0
rep1,1.159,1263,0
rep1,1.159,1264,0
rep1,1.1591,1265,0
rep1,1.1591,1266,0
rep1,1.1591,1267,0
rep1,1.1592,1268,0
rep1,1.1592,1269,0
rep1,1.1593,1270,0
rep1,1.1593,1271,0
rep1,1.1594,1272,0
rep1,1.1596,1273,0
rep1,1.1597,1274,0
rep1,1.1597,1275,0
rep1,1.1599,1276,0
rep1,1.16,1277,0
rep1,1.1602,1278,0
rep1,1.1602,1279,0
rep1,1.1603,1280,0
rep1,1.1603,1281,0
rep1,1.1604,1282,0
rep1,1.1604,1283,0
rep1,1.1605,1284,0
rep1,1.1606,1285,0
rep1,1.1606,1286,0
rep1,1.1607,1287,0
rep1,1.1609,1288,0
rep1,1.1609,1289,0
rep1,1.161,1290,0
rep1,1.161,1291,0
rep1,1.161,1292,0
rep1,1.1611,1293,0
rep1,1.1611,1294,0
rep1,1.1611,1295,0
rep1,1.1612,1296,0
rep1,1.1613,1297,0
rep1,1.1614,1298,0
rep1,1.1615,1299,0
rep1,1.1615,1300,0
rep1,1.1616,1301,0
rep1,1.1616,1302,0
rep1,1.1616,1303,0
rep1,1.1617,1304,0
rep1,1.1618,1305,0
rep1,1.162,1306,0
rep1,1.1621,1307,0
rep1,1.1621,1308,0
rep1,1.1621,1309,0
rep1,1.1622,1310,0
rep1,1.1622,1311,0
rep1,1.1622,1312,0
rep1,1.1622,1313,0
rep1,1.1623,1314,0
rep1,1.1625,1315,0
rep1,1.1625,1316,0
rep1,1.1627,1317,0
rep1,1.1628,1318,0
rep1,1.1631,1319,0
rep1,1.1632,1320,0
rep1,1.1632,1321,0
rep1,1.1632,1322,0
rep1,1.1632,1323,0
rep1,1.1635,1324,0
rep1,1.1635,1325,0
rep1,1.1636,1326,0
rep1,1.1637,1327,0
rep1,1.1637,1328,0
rep1,1.1637,1329,0
rep1,1.1638,1330,0
rep1,1.164,1331,0
rep1,1.164,1332,0
rep1,1.164,1333,0
rep1,1.1641,1334,0
rep1,1.1642,1335,0
rep1,1.1642,1336,0
rep1,1.1642,1337,0
rep1,1.1644,1338,0
rep1,1.1644,1339,0
rep1,1.1644,1340,0
rep1,1.1645,1341,0
rep1,1.1648,1342,0
rep1,1.1649,1343,0
rep1,1.1649,1344,0
rep1,1.165,1345,0
rep1,1.1653,1346,0
rep1,1.1655,1347,0
rep1,1.1655,1348,0
rep1,1.1655,1349,0
rep1,1.1656,1350,0
rep1,1.1656,1351,0
rep1,1.166,1352,0
rep1,1.166,1353,0
rep1,1.1661,1354,0
rep1,1.1661,1355,0
rep1,1.1661,1356,0
rep1,1.1665,1357,0
rep1,1.1666,1358,0
rep1,1.1669,1359,0
rep1,1.167,1360,0
rep1,1.1674,1361,0
rep1,1.1675,1362,0
rep1,1.1676,1363,0
rep1,1.1676,1364,0
rep1,1.1677,1365,0
rep1,1.1677,1366,0
rep1,1.1678,1367,0
rep1,1.1678,1368,0
rep1,1.1679,1369,0
rep1,1.168,1370,0
rep1,1.1681,1371,0
rep1,1.1682,1372,0
rep1,1.1683,1373,0
rep1,1.1683,1374,0
rep1,1.1684,1375,0
rep1,1.1684,1376,0
rep1,1.1687,1377,0
rep1,1.1689,1378,0
rep1,1.169,1379,0
rep1,1.1691,1380,0
rep1,1.1692,1381,0
rep1,1.1693,1382,0
rep1,1.1693,1383,0
rep1,1.1693,1384,0
rep1,1.1694,1385,0
rep1,1.1694,1386,0
rep1,1.1694,1387,0
rep1,1.1695,1388,0
rep1,1.1697,1389,0
rep1,1.1699,1390,0
rep1,1.1701,1391,0
rep1,1.1701,1392,0
rep1,1.1702,1393,0
rep1,1.1702,1394,0
rep1,1.1703,1395,0
rep1,1.1703,1396,0
rep1,1.1704,1397,0
rep1,1.1707,1398,0
rep1,1.1708,1399,0
rep1,1.1709,1400,0
rep1,1.1709,1401,0
rep1,1.1709,1402,0
rep1,1.171,1403,0
rep1,1.171,1404,0
rep1,1.1711,1405,0
rep1,1.1712,1406,0
rep1,1.1713,1407,0
rep1,1.1713,1408,0
rep1,1.1715,1409,0
rep1,1.1715,1410,0
rep1,1.1717,1411,0
rep1,1.1717,1412,0
rep1,1.1717,1413,0
rep1,1.1719,1414,0
rep1,1.1721,1415,0
rep1,1.1723,1416,0
rep1,1.1724,1417,0
rep1,1.1726,1418,0
rep1,1.1726,1419,0
rep1,1.1726,1420,0
rep1,1.1731,1421,0
rep1,1.1732,1422,0
rep1,1.1732,1423,0
rep1,1.1733,1424,0
rep1,1.1734,1425,0
rep1,1.1734,1426,0
rep1,1.1736,1427,0
rep1,1.1737,1428,0
rep1,1.1738,1429,0
rep1,1.1739,1430,0
rep1,1.1742,1431,0
rep1,1.1743,1432,0
rep1,1.1743,1433,0
rep1,1.1745,1434,0
rep1,1.1745,1435,0
rep1,1.1746,1436,0
rep1,1.1746,1437,0
rep1,1.1748,1438,0
rep1,1.1748,1439,0
rep1,1.1749,1440,0
rep1,1.175,1441,0
rep1,1.175,1442,0
rep1,1.1751,1443,0
rep1,1.1757,1444,0
rep1,1.1758,1445,0
rep1,1.1759,1446,0
rep1,1.1762,1447,0
rep1,1.1763,1448,0
rep1,1.1763,1449,0
rep1,1.1763,1450,0
rep1,1.1765,1451,0
rep1,1.1765,1452,0
rep1,1.1765,1453,0
rep1,1.1766,1454,0
rep1,1.1768,1455,0
rep1,1.1768,1456,0
rep1,1.1769,1457,0
rep1,1.1769,1458,0
rep1,1.177,1459,0
rep1,1.1771,1460,0
rep1,1.1772,1461,0
rep1,1.1775,1462,0
rep1,1.1775,1463,0
rep1,1.1776,1464,0
rep1,1.1777,1465,0
rep1,1.1778,1466,0
rep1,1.1781,1467,0
rep1,1.1782,1468,0
rep1,1.1784,1469,0
rep1,1.1785,1470,0
rep1,1.1787,1471,0
rep1,1.1789,1472,0
rep1,1.179,1473,0
rep1,1.1793,1474,0
rep1,1.1795,1475,0
rep1,1.1797,1476,0
rep1,1.1798,1477,0
rep1,1.1798,1478,0
rep1,1.1799,1479,0
rep1,1.18,1480,0
rep1,1.1801,1481,0
rep1,1.1801,1482,0
rep1,1.1801,1483,0
rep1,1.1801,1484,0
rep1,1.1802,1485,0
rep1,1.1802,1486,0
rep1,1.1804,1487,0
rep1,1.1806,1488,0
rep1,1.1806,1489,0
rep1,1.1806,1490,0
rep1,1.1807,1491,0
rep1,1.1807,1492,0
rep1,1.1807,1493,0
rep1,1.1809,1494,0
rep1,1.1809,1495,0
rep1,1.181,1496,0
rep1,1.181,1497,0
rep1,1.181,1498,0
rep1,1.1811,1499,0
rep1,1.1811,1500,0
rep1,1.1811,1501,0
rep1,1.1812,1502,0
rep1,1.1812,1503,0
rep1,1.1813,1504,0
rep1,1.1813,1505,0
rep1,1.1813,1506,0
rep1,1.1814,1507,0
rep1,1.1815,1508,0
rep1,1.1815,1509,0
rep1,1.1815,1510,0
rep1,1.1817,1511,0
rep1,1.1817,1512,0
rep1,1.1817,1513,0
rep1,1.1817,1514,0
rep1,1.1818,1515,0
rep1,1.1818,1516,0
rep1,1.1818,1517,0
rep1,1.1819,1518,0
rep1,1.1819,1519,0
rep1,1.1819,1520,0
rep1,1.1819,1521,0
rep1,1.1819,1522,0
rep1,1.1819,1523,0
rep1,1.182,1524,0
rep1,1.182,1525,0
rep1,1.1822,1526,0
rep1,1.1822,1527,0
rep1,1.1822,1528,0
rep1,1.1823,1529,0
rep1,1.1823,1530,0
rep1,1.1823,1531,0
rep1,1.1825,1532,0
rep1,1.1825,1533,0
rep1,1.1826,1534,0
rep1,1.1826,1535,0
rep1,1.1826,1536,0
rep1,1.1826,1537,0
rep1,1.1827,1538,0
rep1,1.1828,1539,0
rep1,1.1828,1540,0
rep1,1.1828,1541,0
rep1,1.183,1542,0
rep1,1.183,1543,0
rep1,1.183,1544,0
rep1,1.183,1545,0
rep1,1.1831,1546,0
rep1,1.1831,1547,0
rep1,1.1831,1548,0
rep1,1.1832,1549,0
rep1,1.1832,1550,0
rep1,1.1832,1551,0
rep1,1.1833,1552,0
rep1,1.1833,1553,0
rep1,1.1833,1554,0
rep1,1.1834,1555,0
rep1,1.1835,1556,0
rep1,1.1835,1557,0
rep1,1.1835,1558,0
rep1,1.1836,1559,0
rep1,1.1836,1560,0
rep1,1.1836,1561,0
rep1,1.1836,1562,0
rep1,1.1837,1563,0
rep1,1.1837,1564,0
rep1,1.1837,1565,0
rep1,1.1838,1566,0
rep1,1.1839,1567,0
rep1,1.1839,1568,0
rep1,1.184,1569,0
rep1,1.1841,1570,0
rep1,1.1841,1571,0
rep1,1.1841,1572,0
rep1,1.1842,1573,0
rep1,1.1842,1574,0
rep1,1.1843,1575,0
rep1,1.1844,1576,0
rep1,1.1845,1577,0
rep1,1.1845,1578,0
rep1,1.1846,1579,0
rep1,1.1846,1580,0
rep1,1.1846,1581,0
rep1,1.1846,1582,0
rep1,1.1846,1583,0
rep1,1.1846,1584,0
rep1,1.1847,1585,0
rep1,1.1847,1586,0
rep1,1.1849,1587,0
rep1,1.185,1588,0
rep1,1.185,1589,0
rep1,1.1852,1590,0
rep1,1.1852,1591,0
rep1,1.1853,1592,0
rep1,1.1853,1593,0
rep1,1.1853,1594,0
rep1,1.1853,1595,0
rep1,1.1854,1596,0
rep1,1.1854,1597,0
rep1,1.1854,1598,0
rep1,1.1855,1599,0
rep1,1.1855,1600,0
rep1,1.1855,1601,0
rep1,1.1856,1602,0
rep1,1.1857,1603,0
rep1,1.1858,1604,0
rep1,1.1858,1605,0
rep1,1.1858,1606,0
rep1,1.1858,1607,0
rep1,1.1859,1608,0
rep1,1.1859,1609,0
rep1,1.1859,1610,0
rep1,1.186,1611,0
rep1,1.186,1612,0
rep1,1.186,1613,0
rep1,1.1861,1614,0
rep1,1.1861,1615,0
rep1,1.1862,1616,0
rep1,1.1863,1617,0
rep1,1.1863,1618,0
rep1,1.1864,1619,0
rep1,1.1864,1620,0
rep1,1.1865,1621,0
rep1,1.1866,1622,0
rep1,1.1866,1623,0
rep1,1.1867,1624,0
rep1,1.1868,1625,0
rep1,1.1868,1626,0
rep1,1.1869,1627,0
rep1,1.1869,1628,0
rep1,1.187,1629,0
rep1,1.187,1630,0
rep1,1.1871,1631,0
rep1,1.1871,1632,0
rep1,1.1871,1633,0
rep1,1.1872,1634,0
rep1,1.1873,1635,0
rep1,1.1873,1636,0
rep1,1.1874,1637,0
rep1,1.1875,1638,0
rep1,1.1876,1639,0
rep1,1.1877,1640,0
rep1,1.1878,1641,0
rep1,1.1878,1642,0
rep1,1.1878,1643,0
rep1,1.1879,1644,0
rep1,1.1879,1645,0
rep1,1.188,1646,0
rep1,1.1881,1647,0
rep1,1.1881,1648,0
rep1,1.1882,1649,0
rep1,1.1882,1650,0
rep1,1.1883,1651,0
rep1,1.1883,1652,0
rep1,1.1883,1653,0
rep1,1.1885,1654,0
rep1,1.1885,1655,0
rep1,1.1885,1656,0
rep1,1.1887,1657,0
rep1,1.1887,1658,0
rep1,1.1887,1659,0
rep1,1.1887,1660,0
rep1,1.1888,1661,0
rep1,1.189,1662,0
rep1,1.1891,1663,0
rep1,1.1891,1664,0
rep1,1.1891,1665,0
rep1,1.1891,1666,0
rep1,1.1893,1667,0
rep1,1.1894,1668,0
rep1,1.1895,1669,0
rep1,1.1895,1670,0
rep1,1.1895,1671,0
rep1,1.1896,1672,0
rep1,1.1897,1673,0
rep1,1.1897,1674,0
rep1,1.1898,1675,0
rep1,1.1899,1676,0
rep1,1.1902,1677,0
rep1,1.1902,1678,0
rep1,1.1903,1679,0
rep1,1.1904,1680,0
rep1,1.1905,1681,0
rep1,1.1905,1682,0
rep1,1.1906,1683,0
rep1,1.1906,1684,0
rep1,1.1907,1685,0
rep1,1.1907,1686,0
rep1,1.1907,1687,0
rep1,1.1908,1688,0
rep1,1.1908,1689,0
rep1,1.1908,1690,0
rep1,1.1909,1691,0
rep1,1.1909,1692,0
rep1,1.191,1693,0
rep1,1.191,1694,0
rep1,1.1912,1695,0
rep1,1.1914,1696,0
rep1,1.1915,1697,0
rep1,1.1916,1698,0
rep1,1.1916,1699,0
rep1,1.1917,1700,0
rep1,1.1917,1701,0
rep1,1.1918,1702,0
rep1,1.1918,1703,0
rep1,1.1918,1704,0
rep1,1.1919,1705,0
rep1,1.192,1706,0
rep1,1.192,1707,0
rep1,1.1921,1708,0
rep1,1.1921,1709,0
rep1,1.1921,1710,0
rep1,1.1922,1711,0
rep1,1.1923,1712,0
rep1,1.1923,1713,0
rep1,1.1924,1714,0
rep1,1.1925,1715,0
rep1,1.1925,1716,0
rep1,1.1925,1717,0
rep1,1.1926,1718,0
rep1,1.1926,1719,0
rep1,1.1927,1720,0
rep1,1.1928,1721,0
rep1,1.193,1722,0
rep1,1.1931,1723,0
rep1,1.1933,1724,0
rep1,1.1934,1725,0
rep1,1.1935,1726,0
rep1,1.1935,1727,0
rep1,1.1936,1728,0
rep1,1.1936,1729,0
rep1,1.1936,1730,0
rep1,1.1937,1731,0
rep1,1.1937,1732,0
rep1,1.1937,1733,0
rep1,1.1938,1734,0
rep1,1.1939,1735,0
rep1,1.1939,1736,0
rep1,1.1939,1737,0
rep1,1.194,1738,0
rep1,1.194,1739,0
rep1,1.1942,1740,0
rep1,1.1944,1741,0
rep1,1.1944,1742,0
rep1,1.1945,1743,0
rep1,1.1946,1744,0
rep1,1.1947,1745,0
rep1,1.1947,1746,0
rep1,1.1949,1747,0
rep1,1.1951,1748,0
rep1,1.1951,1749,0
rep1,1.1951,1750,0
rep1,1.1953,1751,0
rep1,1.1954,1752,0
rep1,1.1954,1753,0
rep1,1.1955,1754,0
rep1,1.1956,1755,0
rep1,1.1957,1756,0
rep1,1.1958,1757,0
rep1,1.1958,1758,0
rep1,1.196,1759,0
rep1,1.196,1760,0
rep1,1.1961,1761,0
rep1,1.1961,1762,0
rep1,1.1961,1763,0
rep1,1.1962,1764,0
rep1,1.1963,1765,0
rep1,1.1963,1766,0
rep1,1.1965,1767,0
rep1,1.1966,1768,0
rep1,1.1966,1769,0
rep1,1.1966,1770,0
rep1,1.1967,1771,0
rep1,1.1968,1772,0
rep1,1.1968,1773,0
rep1,1.1971,1774,0
rep1,1.1971,1775,0
rep1,1.1972,1776,0
rep1,1.1973,1777,0
rep1,1.1973,1778,0
rep1,1.1974,1779,0
rep1,1.1975,1780,0
rep1,1.1975,1781,0
rep1,1.1976,1782,0
rep1,1.1977,1783,0
rep1,1.1978,1784,0
rep1,1.198,1785,0
rep1,1.198,1786,0
rep1,1.198,1787,0
rep1,1.1981,1788,0
rep1,1.1982,1789,0
rep1,1.1982,1790,0
rep1,1.1983,1791,0
rep1,1.1983,1792,0
rep1,1.1984,1793,0
rep1,1.1984,1794,0
rep1,1.1985,1795,0
rep1,1.1985,1796,0
rep1,1.1986,1797,0
rep1,1.1986,1798,0
rep1,1.1987,1799,0
rep1,1.1988,1800,0
rep1,1.1989,1801,0
rep1,1.1989,1802,0
rep1,1.199,1803,0
rep1,1.199,1804,0
rep1,1.1992,1805,0
rep1,1.1992,1806,0
rep1,1.1994,1807,0
rep1,1.1994,1808,0
rep1,1.1995,1809,0
rep1,1.1995,1810,0
rep1,1.1996,1811,0
rep1,1.1997,1812,0
rep1,1.1998,1813,0
rep1,1.1999,1814,0
rep1,1.2001,1815,0
rep1,1.2001,1816,0
rep1,1.2005,1817,0
rep1,1.2005,1818,0
rep1,1.2006,1819,0
rep1,1.2006,1820,0
rep1,1.2006,1821,0
rep1,1.2007,1822,0
rep1,1.2008,1823,0
rep1,1.2009,1824,0
rep1,1.2009,1825,0
rep1,1.201,1826,0
rep1,1.201,1827,0
rep1,1.2011,1828,0
rep1,1.2011,1829,0
rep1,1.2011,1830,0
rep1,1.2012,1831,0
rep1,1.2012,1832,0
rep1,1.2012,1833,0
rep1,1.2013,1834,0
rep1,1.2013,1835,0
rep1,1.2014,1836,0
rep1,1.2015,1837,0
rep1,1.2015,1838,0
rep1,1.2015,1839,0
rep1,1.2016,1840,0
rep1,1.2016,1841,0
rep1,1.2018,1842,0
rep1,1.2019,1843,0
rep1,1.2022,1844,0
rep1,1.2022,1845,0
rep1,1.2023,1846,0
rep1,1.2026,1847,0
rep1,1.2028,1848,0
rep1,1.2029,1849,0
rep1,1.2029,1850,0
rep1,1.203,1851,0
rep1,1.203,1852,0
rep1,1.2031,1853,0
rep1,1.2031,1854,0
rep1,1.2031,1855,0
rep1,1.2032,1856,0
rep1,1.2034,1857,0
rep1,1.2035,1858,0
rep1,1.2037,1859,0
rep1,1.2037,1860,0
rep1,1.2038,1861,0
rep1,1.2039,1862,0
rep1,1.2039,1863,0
rep1,1.2039,1864,0
rep1,1.2039,1865,0
rep1,1.2041,1866,0
rep1,1.2042,1867,0
rep1,1.2043,1868,0
rep1,1.2045,1869,0
rep1,1.2045,1870,0
rep1,1.2045,1871,0
rep1,1.2046,1872,0
rep1,1.2046,1873,0
rep1,1.2047,1874,0
rep1,1.2048,1875,0
rep1,1.2048,1876,0
rep1,1.2048,1877,0
rep1,1.2049,1878,0
rep1,1.2049,1879,0
rep1,1.205,1880,0
rep1,1.2051,1881,0
rep1,1.2052,1882,0
rep1,1.2053,1883,0
rep1,1.2053,1884,0
rep1,1.2053,1885,0
rep1,1.2054,1886,0
rep1,1.2055,1887,0
rep1,1.2057,1888,0
rep1,1.2058,1889,0
rep1,1.2059,1890,0
rep1,1.2059,1891,0
rep1,1.2059,1892,0
rep1,1.2059,1893,0
rep1,1.2059,1894,0
rep1,1.206,1895,0
rep1,1.2061,1896,0
rep1,1.2064,1897,0
rep1,1.2064,1898,0
rep1,1.2066,1899,0
rep1,1.2067,1900,0
rep1,1.2068,1901,0
rep1,1.2068,1902,0
rep1,1.2068,1903,0
rep1,1.2068,1904,0
rep1,1.2069,1905,0
rep1,1.207,1906,0
rep1,1.2071,1907,0
rep1,1.2071,1908,0
rep1,1.2073,1909,0
rep1,1.2075,1910,0
rep1,1.2075,1911,0
rep1,1.2075,1912,0
rep1,1.2076,1913,0
rep1,1.2079,1914,0
rep1,1.208,1915,0
rep1,1.2082,1916,0
rep1,1.2082,1917,0
rep1,1.2083,1918,0
rep1,1.2083,1919,0
rep1,1.2085,1920,0
rep1,1.2087,1921,0
rep1,1.2088,1922,0
rep1,1.2089,1923,0
rep1,1.2091,1924,0
rep1,1.2091,1925,0
rep1,1.2092,1926,0
rep1,1.2092,1927,0
rep1,1.2092,1928,0
rep1,1.2093,1929,0
rep1,1.2094,1930,0
rep1,1.2094,1931,0
rep1,1.2095,1932,0
rep1,1.2098,1933,0
rep1,1.2099,1934,0
rep1,1.21,1935,0
rep1,1.21,1936,0
rep1,1.2101,1937,0
rep1,1.2101,1938,0
rep1,1.2102,1939,0
rep1,1.2103,1940,0
rep1,1.2103,1941,0
rep1,1.2106,1942,0
rep1,1.2108,1943,0
rep1,1.2108,1944,0
rep1,1.2108,1945,0
rep1,1.2108,1946,0
rep1,1.2111,1947,0
rep1,1.2112,1948,0
rep1,1.2112,1949,0
rep1,1.2113,1950,0
rep1,1.2114,1951,0
rep1,1.2114,1952,0
rep1,1.2115,1953,0
rep1,1.2117,1954,0
rep1,1.2117,1955,0
rep1,1.2119,1956,0
rep1,1.2119,1957,0
rep1,1.212,1958,0
rep1,1.2121,1959,0
rep1,1.2122,1960,0
rep1,1.2125,1961,0
rep1,1.2128,1962,0
rep1,1.2129,1963,0
rep1,1.2129,1964,0
rep1,1.213,1965,0
rep1,1.2131,1966,0
rep1,1.2131,1967,0
rep1,1.2131,1968,0
rep1,1.2133,1969,0
rep1,1.2134,1970,0
rep1,1.2135,1971,0
rep1,1.2136,1972,0
rep1,1.2136,1973,0
rep1,1.2136,1974,0
rep1,1.2137,1975,0
rep1,1.2137,1976,0
rep1,1.2137,1977,0
rep1,1.2137,1978,0
rep1,1.2138,1979,0
rep1,1.2139,1980,0
rep1,1.2139,1981,0
rep1,1.214,1982,0
rep1,1.214,1983,0
rep1,1.2141,1984,0
rep1,1.2141,1985,0
rep1,1.2142,1986,0
rep1,1.2143,1987,0
rep1,1.2143,1988,0
rep1,1.2144,1989,0
rep1,1.2145,1990,0
rep1,1.2145,1991,0
rep1,1.2146,1992,0
rep1,1.2146,1993,0
rep1,1.2146,1994,0
rep1,1.2148,1995,0
rep1,1.2149,1996,0
rep1,1.2151,1997,0
rep1,1.2151,1998,0
rep1,1.2151,1999,0
rep1,1.2151,2000,0
rep1,1.2152,2001,0
rep1,1.2153,2002,0
rep1,1.2154,2003,0
rep1,1.2155,2004,0
rep1,1.2156,2005,0
rep1,1.2157,2006,0
rep1,1.2157,2007,0
rep1,1.2158,2008,0
rep1,1.2158,2009,0
rep1,1.2159,2010,0
rep1,1.216,2011,0
rep1,1.216,2012,0
rep1,1.2161,2013,0
rep1,1.2161,2014,0
rep1,1.2162,2015,0
rep1,1.2162,2016,0
rep1,1.2163,2017,0
rep1,1.2163,2018,0
rep1,1.2163,2019,0
rep1,1.2164,2020,0
rep1,1.2165,2021,0
rep1,1.2166,2022,0
rep1,1.2166,2023,0
rep1,1.2167,2024,0
rep1,1.2167,2025,0
rep1,1.2168,2026,0
rep1,1.2168,2027,0
rep1,1.2169,2028,0
rep1,1.217,2029,0
rep1,1.2171,2030,0
rep1,1.2171,2031,0
rep1,1.2172,2032,0
rep1,1.2173,2033,0
rep1,1.2173,2034,0
rep1,1.2175,2035,0
rep1,1.2177,2036,0
rep1,1.2178,2037,0
rep1,1.2178,2038,0
rep1,1.2179,2039,0
rep1,1.218,2040,0
rep1,1.218,2041,0
rep1,1.2182,2042,0
rep1,1.2182,2043,0
rep1,1.2182,2044,0
rep1,1.2182,2045,0
rep1,1.2183,2046,0
rep1,1.2184,2047,0
rep1,1.2184,2048,0
rep1,1.2185,2049,0
rep1,1.2185,2050,0
rep1,1.2185,2051,0
rep1,1.2186,2052,0
rep1,1.2187,2053,0
rep1,1.2188,2054,0
rep1,1.2188,2055,0
rep1,1.219,2056,0
rep1,1.219,2057,0
rep1,1.2192,2058,0
rep1,1.2192,2059,0
rep1,1.2193,2060,0
rep1,1.2193,2061,0
rep1,1.2193,2062,0
rep1,1.2195,2063,0
rep1,1.2195,2064,0
rep1,1.2195,2065,0
rep1,1.2195,2066,0
rep1,1.2196,2067,0
rep1,1.2196,2068,0
rep1,1.2197,2069,0
rep1,1.2199,2070,0
rep1,1.22,2071,0
rep1,1.22,2072,0
rep1,1.2201,2073,0
rep1,1.2203,2074,0
rep1,1.2203,2075,0
rep1,1.2205,2076,0
rep1,1.2206,2077,0
rep1,1.2206,2078,0
rep1,1.2207,2079,0
rep1,1.2207,2080,0
rep1,1.2208,2081,0
rep1,1.2209,2082,0
rep1,1.2212,2083,0
rep1,1.2213,2084,0
rep1,1.2213,2085,0
rep1,1.2214,2086,0
rep1,1.2214,2087,0
rep1,1.2214,2088,0
rep1,1.2215,2089,0
rep1,1.2216,2090,0
rep1,1.2216,2091,0
rep1,1.2216,2092,0
rep1,1.2218,2093,0
rep1,1.2218,2094,0
rep1,1.2219,2095,0
rep1,1.2219,2096,0
rep1,1.2219,2097,0
rep1,1.2219,2098,0
rep1,1.2219,2099,0
rep1,1.222,2100,0
rep1,1.222,2101,0
rep1,1.2221,2102,0
rep1,1.2221,2103,0
rep1,1.2222,2104,0
rep1,1.2222,2105,0
rep1,1.2224,2106,0
rep1,1.2224,2107,0
rep1,1.2224,2108,0
rep1,1.2224,2109,0
rep1,1.2225,2110,0
rep1,1.2228,2111,0
rep1,1.2228,2112,0
rep1,1.2229,2113,0
rep1,1.2229,2114,0
rep1,1.2229,2115,0
rep1,1.223,2116,0
rep1,1.223,2117,0
rep1,1.223,2118,0
rep1,1.2231,2119,0
rep1,1.2231,2120,0
rep1,1.2232,2121,0
rep1,1.2235,2122,0
rep1,1.2235,2123,0
rep1,1.2236,2124,0
rep1,1.2236,2125,0
rep1,1.2237,2126,0
rep1,1.2238,2127,0
rep1,1.2238,2128,0
rep1,1.2239,2129,0
rep1,1.224,2130,0
rep1,1.224,2131,0
rep1,1.2242,2132,0
rep1,1.2242,2133,0
rep1,1.2243,2134,0
rep1,1.2243,2135,0
rep1,1.2243,2136,0
rep1,1.2244,2137,0
rep1,1.2244,2138,0
rep1,1.2244,2139,0
rep1,1.2245,2140,0
rep1,1.2245,2141,0
rep1,1.2245,2142,0
rep1,1.2245,2143,0
rep1,1.2246,2144,0
rep1,1.2247,2145,0
rep1,1.2248,2146,0
rep1,1.2249,2147,0
rep1,1.2249,2148,0
rep1,1.2249,2149,0
rep1,1.225,2150,0
rep1,1.225,2151,0
rep1,1.225,2152,0
rep1,1.2252,2153,0
rep1,1.2253,2154,0
rep1,1.2253,2155,0
rep1,1.2253,2156,0
rep1,1.2253,2157,0
rep1,1.2253,2158,0
rep1,1.2254,2159,0
rep1,1.2254,2160,0
rep1,1.2254,2161,0
rep1,1.2257,2162,0
rep1,1.2258,2163,0
rep1,1.2258,2164,0
rep1,1.2258,2165,0
rep1,1.2258,2166,0
rep1,1.226,2167,0
rep1,1.226,2168,0
rep1,1.226,2169,0
rep1,1.2261,2170,0
rep1,1.2262,2171,0
rep1,1.2263,2172,0
rep1,1.2264,2173,0
rep1,1.2265,2174,0
rep1,1.2265,2175,0
rep1,1.2266,2176,0
rep1,1.2266,2177,0
rep1,1.2266,2178,0
rep1,1.2266,2179,0
rep1,1.2267,2180,0
rep1,1.2267,2181,0
rep1,1.2268,2182,0
rep1,1.2268,2183,0
rep1,1.227,2184,0
rep1,1.227,2185,0
rep1,1.227,2186,0
rep1,1.2271,2187,0
rep1,1.2272,2188,0
rep1,1.2273,2189,0
rep1,1.2273,2190,0
rep1,1.2274,2191,0
rep1,1.2275,2192,0
rep1,1.2276,2193,0
rep1,1.2277,2194,0
rep1,1.2278,2195,0
rep1,1.2279,2196,0
rep1,1.2283,2197,0
rep1,1.2283,2198,0
rep1,1.2284,2199,0
rep1,1.2284,2200,0
rep1,1.2287,2201,0
rep1,1.2288,2202,0
rep1,1.2289,2203,0
rep1,1.229,2204,0
rep1,1.2291,2205,0
rep1,1.2291,2206,0
rep1,1.2292,2207,0
rep1,1.2292,2208,0
rep1,1.2292,2209,0
rep1,1.2293,2210,0
rep1,1.2297,2211,0
rep1,1.2297,2212,0
rep1,1.2298,2213,0
rep1,1.2299,2214,0
rep1,1.2301,2215,0
rep1,1.2302,2216,0
rep1,1.2306,2217,0
rep1,1.2306,2218,0
rep1,1.2306,2219,0
rep1,1.2307,2220,0
rep1,1.2308,2221,0
rep1,1.2308,2222,0
rep1,1.2308,2223,0
rep1,1.2309,2224,0
rep1,1.2309,2225,0
rep1,1.231,2226,0
rep1,1.231,2227,0
rep1,1.2311,2228,0
rep1,1.2312,2229,0
rep1,1.2314,2230,0
rep1,1.2315,2231,0
rep1,1.2316,2232,0
rep1,1.2316,2233,0
rep1,1.2318,2234,0
rep1,1.232,2235,0
rep1,1.2321,2236,0
rep1,1.2322,2237,0
rep1,1.2324,2238,0
rep1,1.2324,2239,0
rep1,1.2325,2240,0
rep1,1.2326,2241,0
rep1,1.2327,2242,0
rep1,1.2329,2243,0
rep1,1.233,2244,0
rep1,1.2331,2245,0
rep1,1.2332,2246,0
rep1,1.2333,2247,0
rep1,1.2333,2248,0
rep1,1.2334,2249,0
rep1,1.2335,2250,0
rep1,1.2336,2251,0
rep1,1.2336,2252,0
rep1,1.2337,2253,0
rep1,1.2341,2254,0
rep1,1.2341,2255,0
rep1,1.2342,2256,0
rep1,1.2343,2257,0
rep1,1.2343,2258,0
rep1,1.2344,2259,0
rep1,1.2345,2260,0
rep1,1.2345,2261,0
rep1,1.2346,2262,0
rep1,1.2346,2263,0
rep1,1.2346,2264,0
rep1,1.2347,2265,0
rep1,1.2347,2266,0
rep1,1.2348,2267,0
rep1,1.2348,2268,0
rep1,1.2348,2269,0
rep1,1.2349,2270,0
rep1,1.235,2271,0
rep1,1.235,2272,0
rep1,1.2351,2273,0
rep1,1.2352,2274,0
rep1,1.2352,2275,0
rep1,1.2352,2276,0
rep1,1.2353,2277,0
rep1,1.2354,2278,0
rep1,1.2355,2279,0
rep1,1.2356,2280,0
rep1,1.2357,2281,0
rep1,1.2359,2282,0
rep1,1.2359,2283,0
rep1,1.236,2284,0
rep1,1.236,2285,0
rep1,1.2361,2286,0
rep1,1.2361,2287,0
rep1,1.2362,2288,0
rep1,1.2362,2289,0
rep1,1.2362,2290,0
rep1,1.2363,2291,0
rep1,1.2363,2292,0
rep1,1.2363,2293,0
rep1,1.2367,2294,0
rep1,1.2367,2295,0
rep1,1.2368,2296,0
rep1,1.2368,2297,0
rep1,1.2369,2298,0
rep1,1.237,2299,0
rep1,1.2371,2300,0
rep1,1.2372,2301,0
rep1,1.2373,2302,0
rep1,1.2374,2303,0
rep1,1.2375,2304,0
rep1,1.2376,2305,0
rep1,1.2376,2306,0
rep1,1.2376,2307,0
rep1,1.2376,2308,0
rep1,1.2377,2309,0
rep1,1.2377,2310,0
rep1,1.2378,2311,0
rep1,1.2379,2312,0
rep1,1.238,2313,0
rep1,1.238,2314,0
rep1,1.2381,2315,0
rep1,1.2382,2316,0
rep1,1.2383,2317,0
rep1,1.2383,2318,0
rep1,1.2383,2319,0
rep1,1.2384,2320,0
rep1,1.2384,2321,0
rep1,1.2384,2322,0
rep1,1.2384,2323,0
rep1,1.2385,2324,0
rep1,1.2386,2325,0
rep1,1.2388,2326,0
rep1,1.2388,2327,0
rep1,1.2391,2328,0
rep1,1.2392,2329,0
rep1,1.2392,2330,0
rep1,1.2393,2331,0
rep1,1.2393,2332,0
rep1,1.2394,2333,0
rep1,1.2394,2334,0
rep1,1.2395,2335,0
rep1,1.2395,2336,0
rep1,1.2396,2337,0
rep1,1.2397,2338,0
rep1,1.2397,2339,0
rep1,1.2398,2340,0
rep1,1.2399,2341,0
rep1,1.2399,2342,0
rep1,1.24,2343,0
rep1,1.2401,2344,0
rep1,1.2402,2345,0
rep1,1.2403,2346,0
rep1,1.2404,2347,0
rep1,1.2404,2348,0
rep1,1.2405,2349,0
rep1,1.2407,2350,0
rep1,1.2408,2351,0
rep1,1.2409,2352,0
rep1,1.241,2353,0
rep1,1.2411,2354,0
rep1,1.2411,2355,0
rep1,1.2411,2356,0
rep1,1.2412,2357,0
rep1,1.2413,2358,0
rep1,1.2414,2359,0
rep1,1.2415,2360,0
rep1,1.2415,2361,0
rep1,1.2415,2362,0
rep1,1.2416,2363,0
rep1,1.2416,2364,0
rep1,1.2417,2365,0
rep1,1.2417,2366,0
rep1,1.2418,2367,0
rep1,1.242,2368,0
rep1,1.242,2369,0
rep1,1.2423,2370,0
rep1,1.2423,2371,0
rep1,1.2424,2372,0
rep1,1.2424,2373,0
rep1,1.2428,2374,0
rep1,1.2429,2375,0
rep1,1.2429,2376,0
rep1,1.2431,2377,0
rep1,1.2432,2378,0
rep1,1.2433,2379,0
rep1,1.2433,2380,0
rep1,1.2433,2381,0
rep1,1.2434,2382,0
rep1,1.2434,2383,0
rep1,1.2435,2384,0
rep1,1.2435,2385,0
rep1,1.2436,2386,0
rep1,1.2436,2387,0
rep1,1.2437,2388,0
rep1,1.2437,2389,0
rep1,1.2438,2390,0
rep1,1.2439,2391,0
rep1,1.2439,2392,0
rep1,1.2441,2393,0
rep1,1.2441,2394,0
rep1,1.2443,2395,0
rep1,1.2446,2396,0
rep1,1.2448,2397,0
rep1,1.2449,2398,0
rep1,1.2451,2399,0
rep1,1.2452,2400,0
rep1,1.2453,2401,0
rep1,1.2453,2402,0
rep1,1.2454,2403,0
rep1,1.2455,2404,0
rep1,1.2455,2405,0
rep1,1.2456,2406,0
rep1,1.2456,2407,0
rep1,1.2456,2408,0
rep1,1.2457,2409,0
rep1,1.2457,2410,0
rep1,1.2457,2411,0
rep1,1.2457,2412,0
rep1,1.2457,2413,0
rep1,1.2458,2414,0
rep1,1.2458,2415,0
rep1,1.2458,2416,0
rep1,1.2459,2417,0
rep1,1.2459,2418,0
rep1,1.2459,2419,0
rep1,1.2459,2420,0
rep1,1.246,2421,0
rep1,1.2461,2422,0
rep1,1.2463,2423,0
rep1,1.2465,2424,0
rep1,1.2467,2425,0
rep1,1.2467,2426,0
rep1,1.2467,2427,0
rep1,1.2469,2428,0
rep1,1.2469,2429,0
rep1,1.247,2430,0
rep1,1.247,2431,0
rep1,1.2474,2432,0
rep1,1.2474,2433,0
rep1,1.2474,2434,0
rep1,1.2475,2435,0
rep1,1.2475,2436,0
rep1,1.2476,2437,0
rep1,1.2477,2438,0
rep1,1.2477,2439,0
rep1,1.2478,2440,0
rep1,1.2478,2441,0
rep1,1.2479,2442,0
rep1,1.2479,2443,0
rep1,1.2479,2444,0
rep1,1.2479,2445,0
rep1,1.248,2446,0
rep1,1.248,2447,0
rep1,1.2481,2448,0
rep1,1.2481,2449,0
rep1,1.2482,2450,0
rep1,1.2482,2451,0
rep1,1.2483,2452,0
rep1,1.2484,2453,0
rep1,1.2484,2454,0
rep1,1.2486,2455,0
rep1,1.2486,2456,0
rep1,1.2487,2457,0
rep1,1.2487,2458,0
rep1,1.2487,2459,0
rep1,1.2487,2460,0
rep1,1.2488,2461,0
rep1,1.2488,2462,0
rep1,1.2488,2463,0
rep1,1.2488,2464,0
rep1,1.2489,2465,0
rep1,1.2489,2466,0
rep1,1.249,2467,0
rep1,1.249,2468,0
rep1,1.249,2469,0
rep1,1.2491,2470,0
rep1,1.2491,2471,0
rep1,1.2492,2472,0
rep1,1.2492,2473,0
rep1,1.2492,2474,0
rep1,1.2492,2475,0
rep1,1.2493,2476,0
rep1,1.2493,2477,0
rep1,1.2494,2478,0
rep1,1.2494,2479,0
rep1,1.2496,2480,0
rep1,1.2496,2481,0
rep1,1.2496,2482,0
rep1,1.2497,2483,0
rep1,1.2497,2484,0
rep1,1.2499,2485,0
rep1,1.25,2486,0
rep1,1.2501,2487,0
rep1,1.2502,2488,0
rep1,1.2502,2489,0
rep1,1.2504,2490,0
rep1,1.2504,2491,0
rep1,1.2504,2492,0
rep1,1.2505,2493,0
rep1,1.2506,2494,0
rep1,1.2507,2495,0
rep1,1.2507,2496,0
rep1,1.2507,2497,0
rep1,1.2507,2498,0
rep1,1.2509,2499,0
rep1,1.251,2500,0
rep1,1.251,2501,0
rep1,1.251,2502,0
rep1,1.251,2503,0
rep1,1.2511,2504,0
rep1,1.2512,2505,0
rep1,1.2512,2506,0
rep1,1.2512,2507,0
rep1,1.2514,2508,0
rep1,1.2514,2509,0
rep1,1.2515,2510,0
rep1,1.2516,2511,0
rep1,1.2516,2512,0
rep1,1.2518,2513,0
rep1,1.2519,2514,0
rep1,1.2519,2515,0
rep1,1.2521,2516,0
rep1,1.2521,2517,0
rep1,1.2522,2518,0
rep1,1.2523,2519,0
rep1,1.2525,2520,0
rep1,1.2526,2521,0
rep1,1.2529,2522,0
rep1,1.253,2523,0
rep1,1.2531,2524,0
rep1,1.2532,2525,0
rep1,1.2532,2526,0
rep1,1.2532,2527,0
rep1,1.2534,2528,0
rep1,1.2535,2529,0
rep1,1.2536,2530,0
rep1,1.2536,2531,0
rep1,1.2537,2532,0
rep1,1.2537,2533,0
rep1,1.2537,2534,0
rep1,1.2537,2535,0
rep1,1.2538,2536,0
rep1,1.2538,2537,0
rep1,1.2539,2538,0
rep1,1.2539,2539,0
rep1,1.254,2540,0
rep1,1.254,2541,0
rep1,1.254,2542,0
rep1,1.2542,2543,0
rep1,1.2542,2544,0
rep1,1.2542,2545,0
rep1,1.2543,2546,0
rep1,1.2543,2547,0
rep1,1.2544,2548,0
rep1,1.2545,2549,0
rep1,1.2545,2550,0
rep1,1.2545,2551,0
rep1,1.2546,2552,0
rep1,1.2547,2553,0
rep1,1.2548,2554,0
rep1,1.2548,2555,0
rep1,1.2548,2556,0
rep1,1.2549,2557,0
rep1,1.2549,2558,0
rep1,1.2549,2559,0
rep1,1.255,2560,0
rep1,1.255,2561,0
rep1,1.255,2562,0
rep1,1.255,2563,0
rep1,1.2551,2564,0
rep1,1.2551,2565,0
rep1,1.2551,2566,0
rep1,1.2552,2567,0
rep1,1.2553,2568,0
rep1,1.2553,2569,0
rep1,1.2554,2570,0
rep1,1.2555,2571,0
rep1,1.2555,2572,0
rep1,1.2556,2573,0
rep1,1.2556,2574,0
rep1,1.2557,2575,0
rep1,1.2558,2576,0
rep1,1.2559,2577,0
rep1,1.2559,2578,0
rep1,1.2559,2579,0
rep1,1.256,2580,0
rep1,1.256,2581,0
rep1,1.256,2582,0
rep1,1.2561,2583,0
rep1,1.2561,2584,0
rep1,1.2561,2585,0
rep1,1.2563,2586,0
rep1,1.2564,2587,0
rep1,1.2564,2588,0
rep1,1.2565,2589,0
rep1,1.2565,2590,0
rep1,1.2567,2591,0
rep1,1.2567,2592,0
rep1,1.2567,2593,0
rep1,1.2568,2594,0
rep1,1.2569,2595,0
rep1,1.2569,2596,0
rep1,1.2572,2597,0
rep1,1.2572,2598,0
rep1,1.2573,2599,0
rep1,1.2574,2600,0
rep1,1.2575,2601,0
rep1,1.2575,2602,0
rep1,1.2577,2603,0
rep1,1.2577,2604,0
rep1,1.2577,2605,0
rep1,1.2578,2606,0
rep1,1.258,2607,0
rep1,1.258,2608,0
rep1,1.2582,2609,0
rep1,1.2582,2610,0
rep1,1.2582,2611,0
rep1,1.2584,2612,0
rep1,1.2584,2613,0
rep1,1.2585,2614,0
rep1,1.2585,2615,0
rep1,1.2587,2616,0
rep1,1.2588,2617,0
rep1,1.259,2618,0
rep1,1.259,2619,0
rep1,1.2591,2620,0
rep1,1.2592,2621,0
rep1,1.2593,2622,0
rep1,1.2593,2623,0
rep1,1.2594,2624,0
rep1,1.2594,2625,0
rep1,1.2594,2626,0
rep1,1.2595,2627,0
rep1,1.2597,2628,0
rep1,1.2597,2629,0
rep1,1.2597,2630,0
rep1,1.2598,2631,0
rep1,1.2599,2632,0
rep1,1.26,2633,0
rep1,1.26,2634,0
rep1,1.2602,2635,0
rep1,1.2602,2636,0
rep1,1.2602,2637,0
rep1,1.2603,2638,0
rep1,1.2603,2639,0
rep1,1.2604,2640,0
rep1,1.2604,2641,0
rep1,1.2604,2642,0
rep1,1.2605,2643,0
rep1,1.2606,2644,0
rep1,1.2606,2645,0
rep1,1.2608,2646,0
rep1,1.2609,2647,0
rep1,1.2609,2648,0
rep1,1.2609,2649,0
rep1,1.261,2650,0
rep1,1.261,2651,0
rep1,1.2611,2652,0
rep1,1.2611,2653,0
rep1,1.2612,2654,0
rep1,1.2612,2655,0
rep1,1.2614,2656,0
rep1,1.2614,2657,0
rep1,1.2614,2658,0
rep1,1.2615,2659,0
rep1,1.2616,2660,0
rep1,1.2617,2661,0
rep1,1.2618,2662,0
rep1,1.2618,2663,0
rep1,1.2619,2664,0
rep1,1.2619,2665,0
rep1,1.262,2666,0
rep1,1.262,2667,0
rep1,1.2621,2668,0
rep1,1.2622,2669,0
rep1,1.2624,2670,0
rep1,1.2624,2671,0
rep1,1.2624,2672,0
rep1,1.2625,2673,0
rep1,1.2626,2674,0
rep1,1.2626,2675,0
rep1,1.2628,2676,0
rep1,1.2629,2677,0
rep1,1.2629,2678,0
rep1,1.2633,2679,0
rep1,1.2633,2680,0
rep1,1.2634,2681,0
rep1,1.2634,2682,0
rep1,1.2635,2683,0
rep1,1.2635,2684,0
rep1,1.2637,2685,0
rep1,1.2637,2686,0
rep1,1.2638,2687,0
rep1,1.2639,2688,0
rep1,1.264,2689,0
rep1,1.264,2690,0
rep1,1.264,2691,0
rep1,1.264,2692,0
rep1,1.2641,2693,0
rep1,1.2641,2694,0
rep1,1.2642,2695,0
rep1,1.2642,2696,0
rep1,1.2643,2697,0
rep1,1.2644,2698,0
rep1,1.2644,2699,0
rep1,1.2645,2700,0
rep1,1.2646,2701,0
rep1,1.2646,2702,0
rep1,1.2647,2703,0
rep1,1.2647,2704,0
rep1,1.2647,2705,0
rep1,1.2648,2706,0
rep1,1.2649,2707,0
rep1,1.2652,2708,0
rep1,1.2654,2709,0
rep1,1.2654,2710,0
rep1,1.2654,2711,0
rep1,1.2655,2712,0
rep1,1.2655,2713,0
rep1,1.2655,2714,0
rep1,1.2656,2715,0
rep1,1.2659,2716,0
rep1,1.266,2717,0
rep1,1.266,2718,0
rep1,1.2661,2719,0
rep1,1.2661,2720,0
rep1,1.2661,2721,0
rep1,1.2662,2722,0
rep1,1.2663,2723,0
rep1,1.2663,2724,0
rep1,1.2664,2725,0
rep1,1.2665,2726,0
rep1,1.2667,2727,0
rep1,1.2667,2728,0
rep1,1.267,2729,0
rep1,1.2671,2730,0
rep1,1.2674,2731,0
rep1,1.2674,2732,0
rep1,1.2674,2733,0
rep1,1.2675,2734,0
rep1,1.2675,2735,0
rep1,1.2676,2736,0
rep1,1.2676,2737,0
rep1,1.2677,2738,0
rep1,1.2677,2739,0
rep1,1.2677,2740,0
rep1,1.2677,2741,0
rep1,1.2678,2742,0
rep1,1.2679,2743,0
rep1,1.2679,2744,0
rep1,1.268,2745,0
rep1,1.2681,2746,0
rep1,1.2681,2747,0
rep1,1.2683,2748,0
rep1,1.2683,2749,0
rep1,1.2684,2750,0
rep1,1.2685,2751,0
rep1,1.2686,2752,0
rep1,1.2687,2753,0
rep1,1.2687,2754,0
rep1,1.2688,2755,0
rep1,1.2688,2756,0
rep1,1.269,2757,0
rep1,1.2692,2758,0
rep1,1.2692,2759,0
rep1,1.2694,2760,0
rep1,1.2694,2761,0
rep1,1.2695,2762,0
rep1,1.2695,2763,0
rep1,1.2696,2764,0
rep1,1.2697,2765,0
rep1,1.2697,2766,0
rep1,1.2698,2767,0
rep1,1.2698,2768,0
rep1,1.2698,2769,0
rep1,1.2699,2770,0
rep1,1.2699,2771,0
rep1,1.2699,2772,0
rep1,1.2699,2773,0
rep1,1.2704,2774,0
rep1,1.2704,2775,0
rep1,1.2706,2776,0
rep1,1.2707,2777,0
rep1,1.2707,2778,0
rep1,1.2707,2779,0
rep1,1.2708,2780,0
rep1,1.2709,2781,0
rep1,1.271,2782,0
rep1,1.2711,2783,0
rep1,1.2711,2784,0
rep1,1.2712,2785,0
rep1,1.2713,2786,0
rep1,1.2713,2787,0
rep1,1.2713,2788,0
rep1,1.2714,2789,0
rep1,1.2714,2790,0
rep1,1.2716,2791,0
rep1,1.2716,2792,0
rep1,1.2716,2793,0
rep1,1.2717,2794,0
rep1,1.2717,2795,0
rep1,1.2718,2796,0
rep1,1.2719,2797,0
rep1,1.272,2798,0
rep1,1.272,2799,0
rep1,1.2721,2800,0
rep1,1.2722,2801,0
rep1,1.2722,2802,0
rep1,1.2723,2803,0
rep1,1.2723,2804,0
rep1,1.2727,2805,0
rep1,1.2729,2806,0
rep1,1.273,2807,0
rep1,1.2731,2808,0
rep1,1.2733,2809,0
rep1,1.2736,2810,0
rep1,1.2737,2811,0
rep1,1.2737,2812,0
rep1,1.2738,2813,0
rep1,1.2739,2814,0
rep1,1.2739,2815,0
rep1,1.2741,2816,0
rep1,1.2742,2817,0
rep1,1.2742,2818,0
rep1,1.2743,2819,0
rep1,1.2744,2820,0
rep1,1.2744,2821,0
rep1,1.2745,2822,0
rep1,1.2745,2823,0
rep1,1.2745,2824,0
rep1,1.2746,2825,0
rep1,1.2747,2826,0
rep1,1.2748,2827,0
rep1,1.2748,2828,0
rep1,1.275,2829,0
rep1,1.2751,2830,0
rep1,1.2751,2831,0
rep1,1.2752,2832,0
rep1,1.2753,2833,0
rep1,1.2753,2834,0
rep1,1.2754,2835,0
rep1,1.2754,2836,0
rep1,1.2755,2837,0
rep1,1.2755,2838,0
rep1,1.2756,2839,0
rep1,1.2756,2840,0
rep1,1.2758,2841,0
rep1,1.2758,2842,0
rep1,1.2758,2843,0
rep1,1.276,2844,0
rep1,1.2761,2845,0
rep1,1.2762,2846,0
rep1,1.2763,2847,0
rep1,1.2764,2848,0
rep1,1.2765,2849,0
rep1,1.2766,2850,0
rep1,1.2766,2851,0
rep1,1.2768,2852,0
rep1,1.2769,2853,0
rep1,1.277,2854,0
rep1,1.277,2855,0
rep1,1.2771,2856,0
rep1,1.2771,2857,0
rep1,1.2772,2858,0
rep1,1.2773,2859,0
rep1,1.2774,2860,0
rep1,1.2775,2861,0
rep1,1.2776,2862,0
rep1,1.2777,2863,0
rep1,1.2777,2864,0
rep1,1.2777,2865,0
rep1,1.2778,2866,0
rep1,1.2778,2867,0
rep1,1.2779,2868,0
rep1,1.2779,2869,0
rep1,1.2779,2870,0
rep1,1.278,2871,0
rep1,1.278,2872,0
rep1,1.2781,2873,0
rep1,1.2781,2874,0
rep1,1.2783,2875,0
rep1,1.2784,2876,0
rep1,1.2785,2877,0
rep1,1.2785,2878,0
rep1,1.2785,2879,0
rep1,1.2786,2880,0
rep1,1.2786,2881,0
rep1,1.2787,2882,0
rep1,1.2787,2883,0
rep1,1.2788,2884,0
rep1,1.2789,2885,0
rep1,1.279,2886,0
rep1,1.279,2887,0
rep1,1.2791,2888,0
rep1,1.2791,2889,0
rep1,1.2791,2890,0
rep1,1.2792,2891,0
rep1,1.2792,2892,0
rep1,1.2792,2893,0
rep1,1.2792,2894,0
rep1,1.2796,2895,0
rep1,1.2797,2896,0
rep1,1.28,2897,0
rep1,1.2801,2898,0
rep1,1.2801,2899,0
rep1,1.2802,2900,0
rep1,1.2802,2901,0
rep1,1.2803,2902,0
rep1,1.2803,2903,0
rep1,1.2805,2904,0
rep1,1.2805,2905,0
rep1,1.2806,2906,0
rep1,1.2806,2907,0
rep1,1.2806,2908,0
rep1,1.2807,2909,0
rep1,1.2807,2910,0
rep1,1.2807,2911,0
rep1,1.281,2912,0
rep1,1.281,2913,0
rep1,1.2811,2914,0
rep1,1.2812,2915,0
rep1,1.2812,2916,0
rep1,1.2813,2917,0
rep1,1.2813,2918,0
rep1,1.2813,2919,0
rep1,1.2814,2920,0
rep1,1.2814,2921,0
rep1,1.2815,2922,0
rep1,1.2815,2923,0
rep1,1.2816,2924,0
rep1,1.2818,2925,0
rep1,1.2818,2926,0
rep1,1.2819,2927,0
rep1,1.2819,2928,0
rep1,1.282,2929,0
rep1,1.282,2930,0
rep1,1.2821,2931,0
rep1,1.2821,2932,0
rep1,1.2821,2933,0
rep1,1.2822,2934,0
rep1,1.2822,2935,0
rep1,1.2823,2936,0
rep1,1.2823,2937,0
rep1,1.2823,2938,0
rep1,1.2825,2939,0
rep1,1.2826,2940,0
rep1,1.2826,2941,0
rep1,1.2826,2942,0
rep1,1.2826,2943,0
rep1,1.2826,2944,0
rep1,1.2827,2945,0
rep1,1.2828,2946,0
rep1,1.2828,2947,0
rep1,1.2828,2948,0
rep1,1.2829,2949,0
rep1,1.283,2950,0
rep1,1.283,2951,0
rep1,1.2834,2952,0
rep1,1.2834,2953,0
rep1,1.2835,2954,0
rep1,1.2835,2955,0
rep1,1.2836,2956,0
rep1,1.2836,2957,0
rep1,1.2836,2958,0
rep1,1.2837,2959,0
rep1,1.2837,2960,0
rep1,1.2838,2961,0
rep1,1.2838,2962,0
rep1,1.2838,2963,0
rep1,1.2839,2964,0
rep1,1.2839,2965,0
rep1,1.284,2966,0
rep1,1.2841,2967,0
rep1,1.2841,2968,0
rep1,1.2841,2969,0
rep1,1.2841,2970,0
rep1,1.2841,2971,0
rep1,1.2842,2972,0
rep1,1.2842,2973,0
rep1,1.2843,2974,0
rep1,1.2843,2975,0
rep1,1.2844,2976,0
rep1,1.2845,2977,0
rep1,1.2845,2978,0
rep1,1.2845,2979,0
rep1,1.2846,2980,0
rep1,1.2846,2981,0
rep1,1.2847,2982,0
rep1,1.2848,2983,0
rep1,1.2848,2984,0
rep1,1.2849,2985,0
rep1,1.2849,2986,0
rep1,1.2849,2987,0
rep1,1.2849,2988,0
rep1,1.2851,2989,0
rep1,1.2852,2990,0
rep1,1.2852,2991,0
rep1,1.2855,2992,0
rep1,1.2855,2993,0
rep1,1.2856,2994,0
rep1,1.2857,2995,0
rep1,1.2858,2996,0
rep1,1.2858,2997,0
rep1,1.2858,2998,0
rep1,1.286,2999,0
rep1,1.286,3000,0
rep1,1.2862,3001,0
rep1,1.2863,3002,0
rep1,1.2863,3003,0
rep1,1.2863,3004,0
rep1,1.2863,3005,0
rep1,1.2868,3006,0
rep1,1.2868,3007,0
rep1,1.2868,3008,0
rep1,1.2868,3009,0
rep1,1.287,3010,0
rep1,1.287,3011,0
rep1,1.287,3012,0
rep1,1.287,3013,0
rep1,1.2874,3014,0
rep1,1.2875,3015,0
rep1,1.2875,3016,0
rep1,1.2875,3017,0
rep1,1.2876,3018,0
rep1,1.2876,3019,0
rep1,1.2876,3020,0
rep1,1.2876,3021,0
rep1,1.2876,3022,0
rep1,1.2878,3023,0
rep1,1.2878,3024,0
rep1,1.288,3025,0
rep1,1.288,3026,0
rep1,1.2881,3027,0
rep1,1.2881,3028,0
rep1,1.2882,3029,0
rep1,1.2882,3030,0
rep1,1.2882,3031,0
rep1,1.2884,3032,0
rep1,1.2884,3033,0
rep1,1.2885,3034,0
rep1,1.2887,3035,0
rep1,1.2888,3036,0
rep1,1.2889,3037,0
rep1,1.289,3038,0
rep1,1.289,3039,0
rep1,1.289,3040,0
rep1,1.2891,3041,0
rep1,1.2891,3042,0
rep1,1.2892,3043,0
rep1,1.2892,3044,0
rep1,1.2893,3045,0
rep1,1.2894,3046,0
rep1,1.2895,3047,0
rep1,1.2898,3048,0
rep1,1.2898,3049,0
rep1,1.2898,3050,0
rep1,1.2899,3051,0
rep1,1.29,3052,0
rep1,1.2901,3053,0
rep1,1.2901,3054,0
rep1,1.2901,3055,0
rep1,1.2901,3056,0
rep1,1.2902,3057,0
rep1,1.2903,3058,0
rep1,1.2904,3059,0
rep1,1.2905,3060,0
rep1,1.2905,3061,0
rep1,1.2905,3062,0
rep1,1.2906,3063,0
rep1,1.2906,3064,0
rep1,1.2906,3065,0
rep1,1.2906,3066,0
rep1,1.2906,3067,0
rep1,1.2908,3068,0
rep1,1.291,3069,0
rep1,1.291,3070,0
rep1,1.2911,3071,0
rep1,1.2911,3072,0
rep1,1.2911,3073,0
rep1,1.2912,3074,0
rep1,1.2913,3075,0
rep1,1.2914,3076,0
rep1,1.2914,3077,0
rep1,1.2915,3078,0
rep1,1.2915,3079,0
rep1,1.2915,3080,0
rep1,1.2916,3081,0
rep1,1.2917,3082,0
rep1,1.2917,3083,0
rep1,1.2918,3084,0
rep1,1.2918,3085,0
rep1,1.2919,3086,0
rep1,1.2919,3087,0
rep1,1.2919,3088,0
rep1,1.292,3089,0
rep1,1.2921,3090,0
rep1,1.2921,3091,0
rep1,1.2922,3092,0
rep1,1.2922,3093,0
rep1,1.2923,3094,0
rep1,1.2923,3095,0
rep1,1.2923,3096,0
rep1,1.2924,3097,0
rep1,1.2924,3098,0
rep1,1.2925,3099,0
rep1,1.2925,3100,0
rep1,1.2925,3101,0
rep1,1.2925,3102,0
rep1,1.2926,3103,0
rep1,1.2926,3104,0
rep1,1.2927,3105,0
rep1,1.2927,3106,0
rep1,1.2928,3107,0
rep1,1.2929,3108,0
rep1,1.2929,3109,0
rep1,1.293,3110,0
rep1,1.2931,3111,0
rep1,1.2933,3112,0
rep1,1.2934,3113,0
rep1,1.2934,3114,0
rep1,1.2935,3115,0
rep1,1.2935,3116,0
rep1,1.2935,3117,0
rep1,1.2937,3118,0
rep1,1.294,3119,0
rep1,1.294,3120,0
rep1,1.294,3121,0
rep1,1.2941,3122,0
rep1,1.2941,3123,0
rep1,1.2941,3124,0
rep1,1.2942,3125,0
rep1,1.2944,3126,0
rep1,1.2945,3127,0
rep1,1.2946,3128,0
rep1,1.2947,3129,0
rep1,1.2948,3130,0
rep1,1.2949,3131,0
rep1,1.295,3132,0
rep1,1.2951,3133,0
rep1,1.2953,3134,0
rep1,1.2953,3135,0
rep1,1.2955,3136,0
rep1,1.2955,3137,0
rep1,1.2956,3138,0
rep1,1.2958,3139,0
rep1,1.2958,3140,0
rep1,1.2959,3141,0
rep1,1.2959,3142,0
rep1,1.296,3143,0
rep1,1.296,3144,0
rep1,1.296,3145,0
rep1,1.2961,3146,0
rep1,1.2962,3147,0
rep1,1.2964,3148,0
rep1,1.2964,3149,0
rep1,1.2964,3150,0
rep1,1.2964,3151,0
rep1,1.2964,3152,0
rep1,1.2966,3153,0
rep1,1.2966,3154,0
rep1,1.2966,3155,0
rep1,1.2967,3156,0
rep1,1.2968,3157,0
rep1,1.2968,3158,0
rep1,1.2969,3159,0
rep1,1.297,3160,0
rep1,1.2972,3161,0
rep1,1.2972,3162,0
rep1,1.2972,3163,0
rep1,1.2973,3164,0
rep1,1.2973,3165,0
rep1,1.2974,3166,0
rep1,1.2974,3167,0
rep1,1.2974,3168,0
rep1,1.2974,3169,0
rep1,1.2975,3170,0
rep1,1.2975,3171,0
rep1,1.2976,3172,0
rep1,1.2976,3173,0
rep1,1.2982,3174,0
rep1,1.2985,3175,0
rep1,1.2985,3176,0
rep1,1.2986,3177,0
rep1,1.2986,3178,0
rep1,1.2986,3179,0
rep1,1.2987,3180,0
rep1,1.2988,3181,0
rep1,1.2988,3182,0
rep1,1.299,3183,0
rep1,1.299,3184,0
rep1,1.2991,3185,0
rep1,1.2993,3186,0
rep1,1.2993,3187,0
rep1,1.2993,3188,0
rep1,1.2994,3189,0
rep1,1.2995,3190,0
rep1,1.2997,3191,0
rep1,1.2997,3192,0
rep1,1.2997,3193,0
rep1,1.2998,3194,0
rep1,1.2999,3195,0
rep1,1.3003,3196,0
rep1,1.3003,3197,0
rep1,1.3003,3198,0
rep1,1.3004,3199,0
rep1,1.3004,3200,0
rep1,1.3006,3201,0
rep1,1.3007,3202,0
rep1,1.3008,3203,0
rep1,1.3008,3204,0
rep1,1.301,3205,0
rep1,1.301,3206,0
rep1,1.301,3207,0
rep1,1.3011,3208,0
rep1,1.3014,3209,0
rep1,1.3014,3210,0
rep1,1.3015,3211,0
rep1,1.3015,3212,0
rep1,1.3016,3213,0
rep1,1.3018,3214,0
rep1,1.3018,3215,0
rep1,1.3019,3216,0
rep1,1.3019,3217,0
rep1,1.3021,3218,0
rep1,1.3022,3219,0
rep1,1.3023,3220,0
rep1,1.3023,3221,0
rep1,1.3023,3222,0
rep1,1.3025,3223,0
rep1,1.3025,3224,0
rep1,1.3026,3225,0
rep1,1.3026,3226,0
rep1,1.3028,3227,0
rep1,1.3028,3228,0
rep1,1.3028,3229,0
rep1,1.303,3230,0
rep1,1.3032,3231,0
rep1,1.3032,3232,0
rep1,1.3033,3233,0
rep1,1.3034,3234,0
rep1,1.3036,3235,0
rep1,1.3037,3236,0
rep1,1.3037,3237,0
rep1,1.3037,3238,0
rep1,1.3039,3239,0
rep1,1.3039,3240,0
rep1,1.3042,3241,0
rep1,1.3043,3242,0
rep1,1.3043,3243,0
rep1,1.3045,3244,0
rep1,1.3045,3245,0
rep1,1.3045,3246,0
rep1,1.3045,3247,0
rep1,1.3046,3248,0
rep1,1.3047,3249,0
rep1,1.3047,3250,0
rep1,1.3048,3251,0
rep1,1.3049,3252,0
rep1,1.305,3253,0
rep1,1.305,3254,0
rep1,1.3052,3255,0
rep1,1.3052,3256,0
rep1,1.3055,3257,0
rep1,1.3056,3258,0
rep1,1.3056,3259,0
rep1,1.3059,3260,0
rep1,1.306,3261,0
rep1,1.306,3262,0
rep1,1.3061,3263,0
rep1,1.3062,3264,0
rep1,1.3062,3265,0
rep1,1.3064,3266,0
rep1,1.3066,3267,0
rep1,1.3066,3268,0
rep1,1.3067,3269,0
rep1,1.3068,3270,0
rep1,1.3069,3271,0
rep1,1.3071,3272,0
rep1,1.3071,3273,0
rep1,1.3071,3274,0
rep1,1.3071,3275,0
rep1,1.3074,3276,0
rep1,1.3074,3277,0
rep1,1.3074,3278,0
rep1,1.3075,3279,0
rep1,1.3076,3280,0
rep1,1.3076,3281,0
rep1,1.3076,3282,0
rep1,1.3078,3283,0
rep1,1.3079,3284,0
rep1,1.308,3285,0
rep1,1.3081,3286,0
rep1,1.3082,3287,0
rep1,1.3082,3288,0
rep1,1.3085,3289,0
rep1,1.3086,3290,0
rep1,1.3086,3291,0
rep1,1.3086,3292,0
rep1,1.3086,3293,0
rep1,1.3088,3294,0
rep1,1.3089,3295,0
rep1,1.3089,3296,0
rep1,1.3089,3297,0
rep1,1.3091,3298,0
rep1,1.3091,3299,0
rep1,1.3093,3300,0
rep1,1.3093,3301,0
rep1,1.3094,3302,0
rep1,1.3094,3303,0
rep1,1.3095,3304,0
rep1,1.3099,3305,0
rep1,1.3099,3306,0
rep1,1.31,3307,0
rep1,1.31,3308,0
rep1,1.3101,3309,0
rep1,1.3103,3310,0
rep1,1.3105,3311,0
rep1,1.3106,3312,0
rep1,1.3107,3313,0
rep1,1.3108,3314,0
rep1,1.3109,3315,0
rep1,1.3109,3316,0
rep1,1.3109,3317,0
rep1,1.3109,3318,0
rep1,1.311,3319,0
rep1,1.311,3320,0
rep1,1.3111,3321,0
rep1,1.3111,3322,0
rep1,1.3112,3323,0
rep1,1.3113,3324,0
rep1,1.3113,3325,0
rep1,1.3116,3326,0
rep1,1.3116,3327,0
rep1,1.3117,3328,0
rep1,1.3118,3329,0
rep1,1.3118,3330,0
rep1,1.3119,3331,0
rep1,1.312,3332,0
rep1,1.3121,3333,0
rep1,1.3122,3334,0
rep1,1.3122,3335,0
rep1,1.3123,3336,0
rep1,1.3126,3337,0
rep1,1.3126,3338,0
rep1,1.3126,3339,0
rep1,1.3129,3340,0
rep1,1.3129,3341,0
rep1,1.313,3342,0
rep1,1.3131,3343,0
rep1,1.3133,3344,0
rep1,1.3134,3345,0
rep1,1.3134,3346,0
rep1,1.3135,3347,0
rep1,1.3136,3348,0
rep1,1.3136,3349,0
rep1,1.3137,3350,0
rep1,1.3137,3351,0
rep1,1.3138,3352,0
rep1,1.3139,3353,0
rep1,1.314,3354,0
rep1,1.314,3355,0
rep1,1.3141,3356,0
rep1,1.3142,3357,0
rep1,1.3144,3358,0
rep1,1.3144,3359,0
rep1,1.3145,3360,0
rep1,1.3145,3361,0
rep1,1.3145,3362,0
rep1,1.3146,3363,0
rep1,1.3146,3364,0
rep1,1.3147,3365,0
rep1,1.3148,3366,0
rep1,1.3148,3367,0
rep1,1.3151,3368,0
rep1,1.3151,3369,0
rep1,1.3152,3370,0
rep1,1.3154,3371,0
rep1,1.3155,3372,0
rep1,1.3155,3373,0
rep1,1.3156,3374,0
rep1,1.3156,3375,0
rep1,1.3156,3376,0
rep1,1.3158,3377,0
rep1,1.3159,3378,0
rep1,1.3161,3379,0
rep1,1.3161,3380,0
rep1,1.3161,3381,0
rep1,1.3161,3382,0
rep1,1.3162,3383,0
rep1,1.3162,3384,0
rep1,1.3162,3385,0
rep1,1.3163,3386,0
rep1,1.3163,3387,0
rep1,1.3163,3388,0
rep1,1.3164,3389,0
rep1,1.3164,3390,0
rep1,1.3164,3391,0
rep1,1.3165,3392,0
rep1,1.3166,3393,0
rep1,1.3167,3394,0
rep1,1.3169,3395,0
rep1,1.3169,3396,0
rep1,1.317,3397,0
rep1,1.3171,3398,0
rep1,1.3171,3399,0
rep1,1.3171,3400,0
rep1,1.3171,3401,0
rep1,1.3173,3402,0
rep1,1.3174,3403,0
rep1,1.3175,3404,0
rep1,1.3175,3405,0
rep1,1.3177,3406,0
rep1,1.3177,3407,0
rep1,1.3177,3408,0
rep1,1.3178,3409,0
rep1,1.3179,3410,0
rep1,1.3179,3411,0
rep1,1.318,3412,0
rep1,1.3181,3413,0
rep1,1.3181,3414,0
rep1,1.3181,3415,0
rep1,1.3183,3416,0
rep1,1.3183,3417,0
rep1,1.3183,3418,0
rep1,1.3184,3419,0
rep1,1.3184,3420,0
rep1,1.3185,3421,0
rep1,1.3185,3422,0
rep1,1.3186,3423,0
rep1,1.3187,3424,0
rep1,1.3188,3425,0
rep1,1.3189,3426,0
rep1,1.3189,3427,0
rep1,1.3189,3428,0
rep1,1.319,3429,0
rep1,1.319,3430,0
rep1,1.3191,3431,0
rep1,1.3192,3432,0
rep1,1.3192,3433,0
rep1,1.3192,3434,0
rep1,1.3192,3435,0
rep1,1.3192,3436,0
rep1,1.3193,3437,0
rep1,1.3193,3438,0
rep1,1.3193,3439,0
rep1,1.3195,3440,0
rep1,1.3196,3441,0
rep1,1.3197,3442,0
rep1,1.3198,3443,0
rep1,1.3198,3444,0
rep1,1.3198,3445,0
rep1,1.3199,3446,0
rep1,1.3199,3447,0
rep1,1.32,3448,0
rep1,1.32,3449,0
rep1,1.3201,3450,0
rep1,1.3201,3451,0
rep1,1.3202,3452,0
rep1,1.3203,3453,0
rep1,1.3203,3454,0
rep1,1.3203,3455,0
rep1,1.3204,3456,0
rep1,1.3205,3457,0
rep1,1.3205,3458,0
rep1,1.3206,3459,0
rep1,1.3206,3460,0
rep1,1.3207,3461,0
rep1,1.3208,3462,0
rep1,1.3208,3463,0
rep1,1.3209,3464,0
rep1,1.3209,3465,0
rep1,1.3211,3466,0
rep1,1.3211,3467,0
rep1,1.3212,3468,0
rep1,1.3212,3469,0
rep1,1.3212,3470,0
rep1,1.3213,3471,0
rep1,1.3215,3472,0
rep1,1.3215,3473,0
rep1,1.3215,3474,0
rep1,1.3217,3475,0
rep1,1.3217,3476,0
rep1,1.3218,3477,0
rep1,1.3219,3478,0
rep1,1.3219,3479,0
rep1,1.322,3480,0
rep1,1.3221,3481,0
rep1,1.3221,3482,0
rep1,1.3221,3483,0
rep1,1.3221,3484,0
rep1,1.3222,3485,0
rep1,1.3223,3486,0
rep1,1.3224,3487,0
rep1,1.3224,3488,0
rep1,1.3224,3489,0
rep1,1.3225,3490,0
rep1,1.3226,3491,0
rep1,1.3226,3492,0
rep1,1.3227,3493,0
rep1,1.3228,3494,0
rep1,1.3228,3495,0
rep1,1.3228,3496,0
rep1,1.323,3497,0
rep1,1.3231,3498,0
rep1,1.3231,3499,0
rep1,1.3232,3500,0
rep1,1.3234,3501,0
rep1,1.3234,3502,0
rep1,1.3235,3503,0
rep1,1.3238,3504,0
rep1,1.3238,3505,0
rep1,1.3238,3506,0
rep1,1.3239,3507,0
rep1,1.324,3508,0
rep1,1.3241,3509,0
rep1,1.3241,3510,0
rep1,1.3242,3511,0
rep1,1.3242,3512,0
rep1,1.3243,3513,0
rep1,1.3243,3514,0
rep1,1.3243,3515,0
rep1,1.3244,3516,0
rep1,1.3244,3517,0
rep1,1.3245,3518,0
rep1,1.3246,3519,0
rep1,1.3248,3520,0
rep1,1.3249,3521,0
rep1,1.3249,3522,0
rep1,1.325,3523,0
rep1,1.325,3524,0
rep1,1.3251,3525,0
rep1,1.3251,3526,0
rep1,1.3252,3527,0
rep1,1.3252,3528,0
rep1,1.3252,3529,0
rep1,1.3253,3530,0
rep1,1.3253,3531,0
rep1,1.3254,3532,0
rep1,1.3254,3533,0
rep1,1.3254,3534,0
rep1,1.3256,3535,0
rep1,1.3256,3536,0
rep1,1.3256,3537,0
rep1,1.3257,3538,0
rep1,1.3259,3539,0
rep1,1.3259,3540,0
rep1,1.326,3541,0
rep1,1.326,3542,0
rep1,1.326,3543,0
rep1,1.326,3544,0
rep1,1.3261,3545,0
rep1,1.3262,3546,0
rep1,1.3264,3547,0
rep1,1.3264,3548,0
rep1,1.3265,3549,0
rep1,1.3265,3550,0
rep1,1.3266,3551,0
rep1,1.3268,3552,0
rep1,1.3268,3553,0
rep1,1.3269,3554,0
rep1,1.3269,3555,0
rep1,1.327,3556,0
rep1,1.3274,3557,0
rep1,1.3274,3558,0
rep1,1.3276,3559,0
rep1,1.3276,3560,0
rep1,1.3277,3561,0
rep1,1.3278,3562,0
rep1,1.3278,3563,0
rep1,1.328,3564,0
rep1,1.328,3565,0
rep1,1.328,3566,0
rep1,1.3281,3567,0
rep1,1.3281,3568,0
rep1,1.3281,3569,0
rep1,1.3281,3570,0
rep1,1.3282,3571,0
rep1,1.3282,3572,0
rep1,1.3282,3573,0
rep1,1.3285,3574,0
rep1,1.3286,3575,0
rep1,1.3287,3576,0
rep1,1.3288,3577,0
rep1,1.3288,3578,0
rep1,1.329,3579,0
rep1,1.3292,3580,0
rep1,1.3293,3581,0
rep1,1.3295,3582,0
rep1,1.3296,3583,0
rep1,1.3296,3584,0
rep1,1.3297,3585,0
rep1,1.3298,3586,0
rep1,1.3299,3587,0
rep1,1.33,3588,0
rep1,1.33,3589,0
rep1,1.33,3590,0
rep1,1.3302,3591,0
rep1,1.3303,3592,0
rep1,1.3304,3593,0
rep1,1.3304,3594,0
rep1,1.3305,3595,0
rep1,1.3306,3596,0
rep1,1.3307,3597,0
rep1,1.3307,3598,0
rep1,1.3309,3599,0
rep1,1.331,3600,0
rep1,1.331,3601,0
rep1,1.3311,3602,0
rep1,1.3312,3603,0
rep1,1.3313,3604,0
rep1,1.3313,3605,0
rep1,1.3314,3606,0
rep1,1.3316,3607,0
rep1,1.3317,3608,0
rep1,1.3317,3609,0
rep1,1.3318,3610,0
rep1,1.332,3611,0
rep1,1.3325,3612,0
rep1,1.3325,3613,0
rep1,1.3325,3614,0
rep1,1.3328,3615,0
rep1,1.333,3616,0
rep1,1.3331,3617,0
rep1,1.3333,3618,0
rep1,1.3335,3619,0
rep1,1.3336,3620,0
rep1,1.3336,3621,0
rep1,1.3337,3622,0
rep1,1.3338,3623,0
rep1,1.334,3624,0
rep1,1.3341,3625,0
rep1,1.3342,3626,0
rep1,1.3342,3627,0
rep1,1.3343,3628,0
rep1,1.3344,3629,0
rep1,1.3344,3630,0
rep1,1.3346,3631,0
rep1,1.3347,3632,0
rep1,1.3348,3633,0
rep1,1.3348,3634,0
rep1,1.3349,3635,0
rep1,1.3352,3636,0
rep1,1.3352,3637,0
rep1,1.3354,3638,0
rep1,1.3354,3639,0
rep1,1.3356,3640,0
rep1,1.3356,3641,0
rep1,1.3358,3642,0
rep1,1.336,3643,0
rep1,1.336,3644,0
rep1,1.336,3645,0
rep1,1.3363,3646,0
rep1,1.3364,3647,0
rep1,1.3364,3648,0
rep1,1.3365,3649,0
rep1,1.3365,3650,0
rep1,1.3365,3651,0
rep1,1.3369,3652,0
rep1,1.3369,3653,0
rep1,1.337,3654,0
rep1,1.3372,3655,0
rep1,1.3373,3656,0
rep1,1.3374,3657,0
rep1,1.3374,3658,0
rep1,1.3374,3659,0
rep1,1.338,3660,0
rep1,1.3384,3661,0
rep1,1.3384,3662,0
rep1,1.3388,3663,0
rep1,1.3388,3664,0
rep1,1.3388,3665,0
rep1,1.3388,3666,0
rep1,1.3389,3667,0
rep1,1.3389,3668,0
rep1,1.3392,3669,0
rep1,1.3395,3670,0
rep1,1.3396,3671,0
rep1,1.3396,3672,0
rep1,1.3397,3673,0
rep1,1.3398,3674,0
rep1,1.3399,3675,0
rep1,1.3399,3676,0
rep1,1.34,3677,0
rep1,1.3402,3678,0
rep1,1.3403,3679,0
rep1,1.3404,3680,0
rep1,1.3405,3681,0
rep1,1.3406,3682,0
rep1,1.3408,3683,0
rep1,1.3409,3684,0
rep1,1.3409,3685,0
rep1,1.341,3686,0
rep1,1.341,3687,0
rep1,1.3412,3688,0
rep1,1.3415,3689,0
rep1,1.3416,3690,0
rep1,1.3418,3691,0
rep1,1.3418,3692,0
rep1,1.3418,3693,0
rep1,1.3418,3694,0
rep1,1.3421,3695,0
rep1,1.3421,3696,0
rep1,1.3423,3697,0
rep1,1.3425,3698,0
rep1,1.3426,3699,0
rep1,1.3427,3700,0
rep1,1.3427,3701,0
rep1,1.3427,3702,0
rep1,1.343,3703,0
rep1,1.3431,3704,0
rep1,1.3433,3705,0
rep1,1.3437,3706,0
rep1,1.3437,3707,0
rep1,1.3438,3708,0
rep1,1.3439,3709,0
rep1,1.3439,3710,0
rep1,1.3444,3711,0
rep1,1.3444,3712,0
rep1,1.3444,3713,0
rep1,1.3447,3714,0
rep1,1.345,3715,0
rep1,1.345,3716,0
rep1,1.3451,3717,0
rep1,1.3454,3718,0
rep1,1.3454,3719,0
rep1,1.3454,3720,0
rep1,1.3455,3721,0
rep1,1.3455,3722,0
rep1,1.3456,3723,0
rep1,1.3457,3724,0
rep1,1.3458,3725,0
rep1,1.3461,3726,0
rep1,1.3462,3727,0
rep1,1.3467,3728,0
rep1,1.3467,3729,0
rep1,1.3468,3730,0
rep1,1.3468,3731,0
rep1,1.3468,3732,0
rep1,1.3469,3733,0
rep1,1.3471,3734,0
rep1,1.3471,3735,0
rep1,1.3472,3736,0
rep1,1.3472,3737,0
rep1,1.3473,3738,0
rep1,1.3474,3739,0
rep1,1.3474,3740,0
rep1,1.3475,3741,0
rep1,1.3477,3742,0
rep1,1.348,3743,0
rep1,1.3482,3744,0
rep1,1.3482,3745,0
rep1,1.3486,3746,0
rep1,1.3488,3747,0
rep1,1.3488,3748,0
rep1,1.3488,3749,0
rep1,1.3489,3750,0
rep1,1.3489,3751,0
rep1,1.3491,3752,0
rep1,1.3492,3753,0
rep1,1.3492,3754,0
rep1,1.3493,3755,0
rep1,1.3494,3756,0
rep1,1.3494,3757,0
rep1,1.3495,3758,0
rep1,1.3496,3759,0
rep1,1.3496,3760,0
rep1,1.3496,3761,0
rep1,1.3497,3762,0
rep1,1.3498,3763,0
rep1,1.3498,3764,0
rep1,1.3498,3765,0
rep1,1.3501,3766,0
rep1,1.3501,3767,0
rep1,1.3502,3768,0
rep1,1.3504,3769,0
rep1,1.3504,3770,0
rep1,1.3504,3771,0
rep1,1.3504,3772,0
rep1,1.3505,3773,0
rep1,1.3505,3774,0
rep1,1.3506,3775,0
rep1,1.3508,3776,0
rep1,1.3508,3777,0
rep1,1.3509,3778,0
rep1,1.351,3779,0
rep1,1.351,3780,0
rep1,1.3511,3781,0
rep1,1.3511,3782,0
rep1,1.3513,3783,0
rep1,1.3513,3784,0
rep1,1.3514,3785,0
rep1,1.3514,3786,0
rep1,1.3514,3787,0
rep1,1.3515,3788,0
rep1,1.3516,3789,0
rep1,1.3516,3790,0
rep1,1.3518,3791,0
rep1,1.3519,3792,0
rep1,1.3522,3793,0
rep1,1.3522,3794,0
rep1,1.3524,3795,0
rep1,1.3524,3796,0
rep1,1.3525,3797,0
rep1,1.3527,3798,0
rep1,1.3527,3799,0
rep1,1.3527,3800,0
rep1,1.3529,3801,0
rep1,1.353,3802,0
rep1,1.353,3803,0
rep1,1.3533,3804,0
rep1,1.3533,3805,0
rep1,1.3535,3806,0
rep1,1.3537,3807,0
rep1,1.3537,3808,0
rep1,1.3537,3809,0
rep1,1.3538,3810,0
rep1,1.354,3811,0
rep1,1.3541,3812,0
rep1,1.3541,3813,0
rep1,1.3543,3814,0
rep1,1.3543,3815,0
rep1,1.3544,3816,0
rep1,1.3544,3817,0
rep1,1.3546,3818,0
rep1,1.3549,3819,0
rep1,1.3549,3820,0
rep1,1.355,3821,0
rep1,1.355,3822,0
rep1,1.355,3823,0
rep1,1.355,3824,0
rep1,1.3551,3825,0
rep1,1.3552,3826,0
rep1,1.3552,3827,0
rep1,1.3554,3828,0
rep1,1.3555,3829,0
rep1,1.3557,3830,0
rep1,1.3557,3831,0
rep1,1.3557,3832,0
rep1,1.3558,3833,0
rep1,1.3559,3834,0
rep1,1.3559,3835,0
rep1,1.356,3836,0
rep1,1.356,3837,0
rep1,1.3561,3838,0
rep1,1.3561,3839,0
rep1,1.3561,3840,0
rep1,1.3565,3841,0
rep1,1.3568,3842,0
rep1,1.3568,3843,0
rep1,1.3569,3844,0
rep1,1.3569,3845,0
rep1,1.357,3846,0
rep1,1.357,3847,0
rep1,1.3573,3848,0
rep1,1.3574,3849,0
rep1,1.3575,3850,0
rep1,1.3577,3851,0
rep1,1.3581,3852,0
rep1,1.3581,3853,0
rep1,1.3583,3854,0
rep1,1.3583,3855,0
rep1,1.3584,3856,0
rep1,1.3584,3857,0
rep1,1.3584,3858,0
rep1,1.3585,3859,0
rep1,1.3586,3860,0
rep1,1.3587,3861,0
rep1,1.3588,3862,0
rep1,1.3589,3863,0
rep1,1.3589,3864,0
rep1,1.3591,3865,0
rep1,1.3591,3866,0
rep1,1.3592,3867,0
rep1,1.3593,3868,0
rep1,1.3593,3869,0
rep1,1.3594,3870,0
rep1,1.3594,3871,0
rep1,1.3595,3872,0
rep1,1.3598,3873,0
rep1,1.36,3874,0
rep1,1.36,3875,0
rep1,1.3601,3876,0
rep1,1.3602,3877,0
rep1,1.3603,3878,0
rep1,1.3603,3879,0
rep1,1.3603,3880,0
rep1,1.3603,3881,0
rep1,1.3604,3882,0
rep1,1.3605,3883,0
rep1,1.3605,3884,0
rep1,1.3606,3885,0
rep1,1.3606,3886,0
rep1,1.3608,3887,0
rep1,1.3609,3888,0
rep1,1.361,3889,0
rep1,1.3614,3890,0
rep1,1.3615,3891,0
rep1,1.3617,3892,0
rep1,1.3617,3893,0
rep1,1.3618,3894,0
rep1,1.3621,3895,0
rep1,1.3622,3896,0
rep1,1.3622,3897,0
rep1,1.3623,3898,0
rep1,1.3626,3899,0
rep1,1.3627,3900,0
rep1,1.3627,3901,0
rep1,1.3628,3902,0
rep1,1.3629,3903,0
rep1,1.363,3904,0
rep1,1.363,3905,0
rep1,1.3631,3906,0
rep1,1.3634,3907,0
rep1,1.3634,3908,0
rep1,1.3635,3909,0
rep1,1.3636,3910,0
rep1,1.3636,3911,0
rep1,1.3637,3912,0
rep1,1.3637,3913,0
rep1,1.3638,3914,0
rep1,1.3638,3915,0
rep1,1.3639,3916,0
rep1,1.3639,3917,0
rep1,1.3639,3918,0
rep1,1.364,3919,0
rep1,1.364,3920,0
rep1,1.3641,3921,0
rep1,1.3642,3922,0
rep1,1.3643,3923,0
rep1,1.3646,3924,0
rep1,1.3646,3925,0
rep1,1.3649,3926,0
rep1,1.3649,3927,0
rep1,1.365,3928,0
rep1,1.3651,3929,0
rep1,1.3653,3930,0
rep1,1.3655,3931,0
rep1,1.3655,3932,0
rep1,1.3657,3933,0
rep1,1.3659,3934,0
rep1,1.366,3935,0
rep1,1.3661,3936,0
rep1,1.3662,3937,0
rep1,1.3664,3938,0
rep1,1.3665,3939,0
rep1,1.3666,3940,0
rep1,1.3667,3941,0
rep1,1.3667,3942,0
rep1,1.3667,3943,0
rep1,1.3668,3944,0
rep1,1.3668,3945,0
rep1,1.3671,3946,0
rep1,1.3674,3947,0
rep1,1.3677,3948,0
rep1,1.3677,3949,0
rep1,1.3679,3950,0
rep1,1.3684,3951,0
rep1,1.3684,3952,0
rep1,1.3686,3953,0
rep1,1.3686,3954,0
rep1,1.3687,3955,0
rep1,1.3688,3956,0
rep1,1.369,3957,0
rep1,1.369,3958,0
rep1,1.3692,3959,0
rep1,1.3692,3960,0
rep1,1.3692,3961,0
rep1,1.3693,3962,0
rep1,1.3697,3963,0
rep1,1.3697,3964,0
rep1,1.3697,3965,0
rep1,1.3697,3966,0
rep1,1.37,3967,0
rep1,1.3702,3968,0
rep1,1.3705,3969,0
rep1,1.3707,3970,0
rep1,1.3707,3971,0
rep1,1.371,3972,0
rep1,1.371,3973,0
rep1,1.371,3974,0
rep1,1.3712,3975,0
rep1,1.3712,3976,0
rep1,1.3712,3977,0
rep1,1.3713,3978,0
rep1,1.3714,3979,0
rep1,1.3715,3980,0
rep1,1.3717,3981,0
rep1,1.3718,3982,0
rep1,1.372,3983,0
rep1,1.372,3984,0
rep1,1.3721,3985,0
rep1,1.3726,3986,0
rep1,1.3727,3987,0
rep1,1.3727,3988,0
rep1,1.3727,3989,0
rep1,1.3729,3990,0
rep1,1.373,3991,0
rep1,1.3731,3992,0
rep1,1.3733,3993,0
rep1,1.3733,3994,0
rep1,1.3733,3995,0
rep1,1.3734,3996,0
rep1,1.3734,3997,0
rep1,1.3735,3998,0
rep1,1.3737,3999,0
rep1,1.3738,4000,0
rep1,1.3738,4001,0
rep1,1.3739,4002,0
rep1,1.3739,4003,0
rep1,1.3739,4004,0
rep1,1.3739,4005,0
rep1,1.374,4006,0
rep1,1.3743,4007,0
rep1,1.3743,4008,0
rep1,1.3743,4009,0
rep1,1.3745,4010,0
rep1,1.3747,4011,0
rep1,1.3749,4012,0
rep1,1.3752,4013,0
rep1,1.3753,4014,0
rep1,1.3753,4015,0
rep1,1.3754,4016,0
rep1,1.3756,4017,0
rep1,1.3762,4018,0
rep1,1.3763,4019,0
rep1,1.3765,4020,0
rep1,1.3766,4021,0
rep1,1.3767,4022,0
rep1,1.3767,4023,0
rep1,1.3769,4024,0
rep1,1.3769,4025,0
rep1,1.3769,4026,0
rep1,1.377,4027,0
rep1,1.377,4028,0
rep1,1.3771,4029,0
rep1,1.3771,4030,0
rep1,1.3772,4031,0
rep1,1.3772,4032,0
rep1,1.3774,4033,0
rep1,1.3774,4034,0
rep1,1.3778,4035,0
rep1,1.3778,4036,0
rep1,1.3785,4037,0
rep1,1.3786,4038,0
rep1,1.3786,4039,0
rep1,1.3787,4040,0
rep1,1.3788,4041,0
rep1,1.3789,4042,0
rep1,1.3791,4043,0
rep1,1.3792,4044,0
rep1,1.3793,4045,0
rep1,1.3794,4046,0
rep1,1.3795,4047,0
rep1,1.3797,4048,0
rep1,1.3799,4049,0
rep1,1.38,4050,0
rep1,1.38,4051,0
rep1,1.3801,4052,0
rep1,1.3802,4053,0
rep1,1.3804,4054,0
rep1,1.3805,4055,0
rep1,1.3806,4056,0
rep1,1.3809,4057,0
rep1,1.3811,4058,0
rep1,1.3813,4059,0
rep1,1.3814,4060,0
rep1,1.3816,4061,0
rep1,1.3816,4062,0
rep1,1.3817,4063,0
rep1,1.3817,4064,0
rep1,1.3818,4065,0
rep1,1.3818,4066,0
rep1,1.3818,4067,0
rep1,1.382,4068,0
rep1,1.382,4069,0
rep1,1.3821,4070,0
rep1,1.3822,4071,0
rep1,1.3822,4072,0
rep1,1.3823,4073,0
rep1,1.3829,4074,0
rep1,1.383,4075,0
rep1,1.383,4076,0
rep1,1.3831,4077,0
rep1,1.3833,4078,0
rep1,1.3834,4079,0
rep1,1.3834,4080,0
rep1,1.3835,4081,0
rep1,1.3836,4082,0
rep1,1.3837,4083,0
rep1,1.3837,4084,0
rep1,1.3838,4085,0
rep1,1.3838,4086,0
rep1,1.3839,4087,0
rep1,1.384,4088,0
rep1,1.384,4089,0
rep1,1.3844,4090,0
rep1,1.3844,4091,0
rep1,1.3846,4092,0
rep1,1.3846,4093,0
rep1,1.3849,4094,0
rep1,1.3849,4095,0
rep1,1.385,4096,0
rep1,1.3852,4097,0
rep1,1.3852,4098,0
rep1,1.3855,4099,0
rep1,1.3855,4100,0
rep1,1.3856,4101,0
rep1,1.3857,4102,0
rep1,1.3858,4103,0
rep1,1.3858,4104,0
rep1,1.3859,4105,0
rep1,1.3861,4106,0
rep1,1.3862,4107,0
rep1,1.3863,4108,0
rep1,1.3863,4109,0
rep1,1.3863,4110,0
rep1,1.3863,4111,0
rep1,1.3863,4112,0
rep1,1.3864,4113,0
rep1,1.3866,4114,0
rep1,1.3867,4115,0
rep1,1.3869,4116,0
rep1,1.3872,4117,0
rep1,1.3874,4118,0
rep1,1.3877,4119,0
rep1,1.3878,4120,0
rep1,1.3881,4121,0
rep1,1.3883,4122,0
rep1,1.3885,4123,0
rep1,1.3886,4124,0
rep1,1.3888,4125,0
rep1,1.3889,4126,0
rep1,1.3891,4127,0
rep1,1.3893,4128,0
rep1,1.3895,4129,0
rep1,1.3895,4130,0
rep1,1.3896,4131,0
rep1,1.3896,4132,0
rep1,1.3896,4133,0
rep1,1.3896,4134,0
rep1,1.3897,4135,0
rep1,1.3898,4136,0
rep1,1.3899,4137,0
rep1,1.39,4138,0
rep1,1.3901,4139,0
rep1,1.3902,4140,0
rep1,1.3903,4141,0
rep1,1.3905,4142,0
rep1,1.3905,4143,0
rep1,1.3907,4144,0
rep1,1.391,4145,0
rep1,1.3912,4146,0
rep1,1.3914,4147,0
rep1,1.3915,4148,0
rep1,1.3916,4149,0
rep1,1.3916,4150,0
rep1,1.3917,4151,0
rep1,1.3917,4152,0
rep1,1.3921,4153,0
rep1,1.3921,4154,0
rep1,1.3923,4155,0
rep1,1.3925,4156,0
rep1,1.3926,4157,0
rep1,1.3927,4158,0
rep1,1.3927,4159,0
rep1,1.3927,4160,0
rep1,1.3928,4161,0
rep1,1.3929,4162,0
rep1,1.3929,4163,0
rep1,1.393,4164,0
rep1,1.3931,4165,0
rep1,1.3934,4166,0
rep1,1.3939,4167,0
rep1,1.3939,4168,0
rep1,1.394,4169,0
rep1,1.3943,4170,0
rep1,1.3945,4171,0
rep1,1.3945,4172,0
rep1,1.3945,4173,0
rep1,1.3947,4174,0
rep1,1.3948,4175,0
rep1,1.3949,4176,0
rep1,1.3949,4177,0
rep1,1.3949,4178,0
rep1,1.395,4179,0
rep1,1.395,4180,0
rep1,1.395,4181,0
rep1,1.3955,4182,0
rep1,1.3957,4183,0
rep1,1.3959,4184,0
rep1,1.396,4185,0
rep1,1.3961,4186,0
rep1,1.3962,4187,0
rep1,1.3962,4188,0
rep1,1.3964,4189,0
rep1,1.3966,4190,0
rep1,1.3968,4191,0
rep1,1.397,4192,0
rep1,1.3971,4193,0
rep1,1.3971,4194,0
rep1,1.3971,4195,0
rep1,1.3973,4196,0
rep1,1.3974,4197,0
rep1,1.3976,4198,0
rep1,1.3978,4199,0
rep1,1.3984,4200,0
rep1,1.3986,4201,0
rep1,1.3987,4202,0
rep1,1.3989,4203,0
rep1,1.3989,4204,0
rep1,1.3991,4205,0
rep1,1.3992,4206,0
rep1,1.3992,4207,0
rep1,1.3992,4208,0
rep1,1.3994,4209,0
rep1,1.3997,4210,0
rep1,1.3998,4211,0
rep1,1.3999,4212,0
rep1,1.3999,4213,0
rep1,1.4001,4214,0
rep1,1.4003,4215,0
rep1,1.4003,4216,0
rep1,1.4004,4217,0
rep1,1.4005,4218,0
rep1,1.4005,4219,0
rep1,1.4005,4220,0
rep1,1.4006,4221,0
rep1,1.4008,4222,0
rep1,1.4009,4223,0
rep1,1.4009,4224,0
rep1,1.401,4225,0
rep1,1.401,4226,0
rep1,1.4011,4227,0
rep1,1.4012,4228,0
rep1,1.4013,4229,0
rep1,1.4013,4230,0
rep1,1.4015,4231,0
rep1,1.4015,4232,0
rep1,1.4015,4233,0
rep1,1.4018,4234,0
rep1,1.4019,4235,0
rep1,1.402,4236,0
rep1,1.4021,4237,0
rep1,1.4021,4238,0
rep1,1.4022,4239,0
rep1,1.4022,4240,0
rep1,1.4022,4241,0
rep1,1.4025,4242,0
rep1,1.4026,4243,0
rep1,1.4026,4244,0
rep1,1.4027,4245,0
rep1,1.4029,4246,0
rep1,1.403,4247,0
rep1,1.403,4248,0
rep1,1.4031,4249,0
rep1,1.4032,4250,0
rep1,1.4032,4251,0
rep1,1.4035,4252,0
rep1,1.4036,4253,0
rep1,1.4037,4254,0
rep1,1.4038,4255,0
rep1,1.4038,4256,0
rep1,1.404,4257,0
rep1,1.404,4258,0
rep1,1.4041,4259,0
rep1,1.4042,4260,0
rep1,1.4044,4261,0
rep1,1.4047,4262,0
rep1,1.4049,4263,0
rep1,1.405,4264,0
rep1,1.405,4265,0
rep1,1.4053,4266,0
rep1,1.4057,4267,0
rep1,1.4059,4268,0
rep1,1.4062,4269,0
rep1,1.4062,4270,0
rep1,1.4062,4271,0
rep1,1.4065,4272,0
rep1,1.4068,4273,0
rep1,1.4069,4274,0
rep1,1.407,4275,0
rep1,1.407,4276,0
rep1,1.4072,4277,0
rep1,1.4075,4278,0
rep1,1.4075,4279,0
rep1,1.4076,4280,0
rep1,1.4078,4281,0
rep1,1.4079,4282,0
rep1,1.408,4283,0
rep1,1.408,4284,0
rep1,1.408,4285,0
rep1,1.4084,4286,0
rep1,1.4086,4287,0
rep1,1.4088,4288,0
rep1,1.409,4289,0
rep1,1.4091,4290,0
rep1,1.4091,4291,0
rep1,1.4092,4292,0
rep1,1.4093,4293,0
rep1,1.41,4294,0
rep1,1.4101,4295,0
rep1,1.4102,4296,0
rep1,1.4102,4297,0
rep1,1.4104,4298,0
rep1,1.4106,4299,0
rep1,1.4106,4300,0
rep1,1.4108,4301,0
rep1,1.4109,4302,0
rep1,1.4111,4303,0
rep1,1.4111,4304,0
rep1,1.4115,4305,0
rep1,1.4116,4306,0
rep1,1.4118,4307,0
rep1,1.4119,4308,0
rep1,1.4121,4309,0
rep1,1.4122,4310,0
rep1,1.4124,4311,0
rep1,1.4125,4312,0
rep1,1.4125,4313,0
rep1,1.4126,4314,0
rep1,1.413,4315,0
rep1,1.4131,4316,0
rep1,1.4131,4317,0
rep1,1.4131,4318,0
rep1,1.4132,4319,0
rep1,1.4135,4320,0
rep1,1.4136,4321,0
rep1,1.4136,4322,0
rep1,1.4137,4323,0
rep1,1.4138,4324,0
rep1,1.4138,4325,0
rep1,1.414,4326,0
rep1,1.4141,4327,0
rep1,1.4142,4328,0
rep1,1.4142,4329,0
rep1,1.4143,4330,0
rep1,1.4145,4331,0
rep1,1.4148,4332,0
rep1,1.4149,4333,0
rep1,1.415,4334,0
rep1,1.415,4335,0
rep1,1.4153,4336,0
rep1,1.4153,4337,0
rep1,1.4153,4338,0
rep1,1.4159,4339,0
rep1,1.416,4340,0
rep1,1.4161,4341,0
rep1,1.4162,4342,0
rep1,1.4163,4343,0
rep1,1.4164,4344,0
rep1,1.4167,4345,0
rep1,1.4167,4346,0
rep1,1.4169,4347,0
rep1,1.417,4348,0
rep1,1.4171,4349,0
rep1,1.4172,4350,0
rep1,1.4173,4351,0
rep1,1.4174,4352,0
rep1,1.4175,4353,0
rep1,1.4175,4354,0
rep1,1.4176,4355,0
rep1,1.4177,4356,0
rep1,1.4179,4357,0
rep1,1.418,4358,0
rep1,1.418,4359,0
rep1,1.4182,4360,0
rep1,1.4183,4361,0
rep1,1.4184,4362,0
rep1,1.4186,4363,0
rep1,1.4188,4364,0
rep1,1.4192,4365,0
rep1,1.4192,4366,0
rep1,1.4194,4367,0
rep1,1.4196,4368,0
rep1,1.4196,4369,0
rep1,1.4197,4370,0
rep1,1.4197,4371,0
rep1,1.42,4372,0
rep1,1.4201,4373,0
rep1,1.4204,4374,0
rep1,1.4207,4375,0
rep1,1.4207,4376,0
rep1,1.4208,4377,0
rep1,1.4208,4378,0
rep1,1.421,4379,0
rep1,1.421,4380,0
rep1,1.421,4381,0
rep1,1.4211,4382,0
rep1,1.4211,4383,0
rep1,1.4212,4384,0
rep1,1.4214,4385,0
rep1,1.4214,4386,0
rep1,1.4214,4387,0
rep1,1.4215,4388,0
rep1,1.4217,4389,0
rep1,1.4219,4390,0
rep1,1.422,4391,0
rep1,1.422,4392,0
rep1,1.4221,4393,0
rep1,1.4222,4394,0
rep1,1.4223,4395,0
rep1,1.4223,4396,0
rep1,1.4225,4397,0
rep1,1.4225,4398,0
rep1,1.4229,4399,0
rep1,1.423,4400,0
rep1,1.423,4401,0
rep1,1.4231,4402,0
rep1,1.4233,4403,0
rep1,1.4237,4404,0
rep1,1.4241,4405,0
rep1,1.4246,4406,0
rep1,1.4246,4407,0
rep1,1.4247,4408,0
rep1,1.4249,4409,0
rep1,1.4249,4410,0
rep1,1.4249,4411,0
rep1,1.4255,4412,0
rep1,1.4256,4413,0
rep1,1.4257,4414,0
rep1,1.4258,4415,0
rep1,1.4258,4416,0
rep1,1.4261,4417,0
rep1,1.4261,4418,0
rep1,1.4262,4419,0
rep1,1.4265,4420,0
rep1,1.4268,4421,0
rep1,1.427,4422,0
rep1,1.4271,4423,0
rep1,1.4271,4424,0
rep1,1.4271,4425,0
rep1,1.4272,4426,0
rep1,1.4273,4427,0
rep1,1.4273,4428,0
rep1,1.4275,4429,0
rep1,1.4281,4430,0
rep1,1.4282,4431,0
rep1,1.4283,4432,0
rep1,1.4284,4433,0
rep1,1.4284,4434,0
rep1,1.4287,4435,0
rep1,1.4292,4436,0
rep1,1.4293,4437,0
rep1,1.4294,4438,0
rep1,1.4295,4439,0
rep1,1.4299,4440,0
rep1,1.4301,4441,0
rep1,1.4303,4442,0
rep1,1.4306,4443,0
rep1,1.4308,4444,0
rep1,1.4309,4445,0
rep1,1.4311,4446,0
rep1,1.4311,4447,0
rep1,1.4316,4448,0
rep1,1.4317,4449,0
rep1,1.4317,4450,0
rep1,1.4323,4451,0
rep1,1.4324,4452,0
rep1,1.4326,4453,0
rep1,1.4328,4454,0
rep1,1.4329,4455,0
rep1,1.4333,4456,0
rep1,1.4335,4457,0
rep1,1.4335,4458,0
rep1,1.4336,4459,0
rep1,1.4337,4460,0
rep1,1.4338,4461,0
rep1,1.4338,4462,0
rep1,1.434,4463,0
rep1,1.434,4464,0
rep1,1.434,4465,0
rep1,1.434,4466,0
rep1,1.4341,4467,0
rep1,1.4341,4468,0
rep1,1.4342,4469,0
rep1,1.4348,4470,0
rep1,1.4352,4471,0
rep1,1.4354,4472,0
rep1,1.4356,4473,0
rep1,1.4358,4474,0
rep1,1.4361,4475,0
rep1,1.4363,4476,0
rep1,1.4364,4477,0
rep1,1.4367,4478,0
rep1,1.4369,4479,0
rep1,1.437,4480,0
rep1,1.4378,4481,0
rep1,1.4379,4482,0
rep1,1.4379,4483,0
rep1,1.4381,4484,0
rep1,1.4383,4485,0
rep1,1.4385,4486,0
rep1,1.4385,4487,0
rep1,1.4386,4488,0
rep1,1.4386,4489,0
rep1,1.4387,4490,0
rep1,1.4387,4491,0
rep1,1.4387,4492,0
rep1,1.4388,4493,0
rep1,1.4389,4494,0
rep1,1.4392,4495,0
rep1,1.4392,4496,0
rep1,1.4399,4497,0
rep1,1.44,4498,0
rep1,1.4401,4499,0
rep1,1.4401,4500,0
rep1,1.4401,4501,0
rep1,1.4402,4502,0
rep1,1.4403,4503,0
rep1,1.4404,4504,0
rep1,1.4406,4505,0
rep1,1.4408,4506,0
rep1,1.4409,4507,0
rep1,1.441,4508,0
rep1,1.4412,4509,0
rep1,1.4414,4510,0
rep1,1.4414,4511,0
rep1,1.4415,4512,0
rep1,1.4415,4513,0
rep1,1.4416,4514,0
rep1,1.4417,4515,0
rep1,1.4419,4516,0
rep1,1.4421,4517,0
rep1,1.4424,4518,0
rep1,1.4425,4519,0
rep1,1.4433,4520,0
rep1,1.4441,4521,0
rep1,1.4444,4522,0
rep1,1.4445,4523,0
rep1,1.4445,4524,0
rep1,1.4449,4525,0
rep1,1.4455,4526,0
rep1,1.4457,4527,0
rep1,1.4463,4528,0
rep1,1.4464,4529,0
rep1,1.4464,4530,0
rep1,1.4464,4531,0
rep1,1.4465,4532,0
rep1,1.4472,4533,0
rep1,1.4472,4534,0
rep1,1.4474,4535,0
rep1,1.4474,4536,0
rep1,1.4479,4537,0
rep1,1.448,4538,0
rep1,1.448,4539,0
rep1,1.4482,4540,0
rep1,1.4484,4541,0
rep1,1.4489,4542,0
rep1,1.4493,4543,0
rep1,1.4496,4544,0
rep1,1.4497,4545,0
rep1,1.4503,4546,0
rep1,1.4507,4547,0
rep1,1.4511,4548,0
rep1,1.4512,4549,0
rep1,1.4514,4550,0
rep1,1.4516,4551,0
rep1,1.452,4552,0
rep1,1.452,4553,0
rep1,1.4521,4554,0
rep1,1.4521,4555,0
rep1,1.4524,4556,0
rep1,1.4529,4557,0
rep1,1.453,4558,0
rep1,1.4531,4559,0
rep1,1.4534,4560,0
rep1,1.4537,4561,0
rep1,1.4538,4562,0
rep1,1.454,4563,0
rep1,1.4541,4564,0
rep1,1.4543,4565,0
rep1,1.4544,4566,0
rep1,1.4546,4567,0
rep1,1.4546,4568,0
rep1,1.4547,4569,0
rep1,1.4548,4570,0
rep1,1.455,4571,0
rep1,1.4552,4572,0
rep1,1.4559,4573,0
rep1,1.456,4574,0
rep1,1.456,4575,0
rep1,1.4564,4576,0
rep1,1.4566,4577,0
rep1,1.4566,4578,0
rep1,1.4568,4579,0
rep1,1.457,4580,0
rep1,1.4571,4581,0
rep1,1.4574,4582,0
rep1,1.4575,4583,0
rep1,1.4576,4584,0
rep1,1.4578,4585,0
rep1,1.458,4586,0
rep1,1.4591,4587,0
rep1,1.4595,4588,0
rep1,1.4599,4589,0
rep1,1.4599,4590,0
rep1,1.4609,4591,0
rep1,1.461,4592,0
rep1,1.4613,4593,0
rep1,1.4614,4594,0
rep1,1.4616,4595,0
rep1,1.462,4596,0
rep1,1.4624,4597,0
rep1,1.4625,4598,0
rep1,1.4625,4599,0
rep1,1.4628,4600,0
rep1,1.4629,4601,0
rep1,1.4632,4602,0
rep1,1.4633,4603,0
rep1,1.4639,4604,0
rep1,1.4641,4605,0
rep1,1.4641,4606,0
rep1,1.4652,4607,0
rep1,1.4654,4608,0
rep1,1.4655,4609,0
rep1,1.4656,4610,0
rep1,1.4657,4611,0
rep1,1.4662,4612,0
rep1,1.4662,4613,0
rep1,1.4672,4614,0
rep1,1.4674,4615,0
rep1,1.4676,4616,0
rep1,1.4678,4617,0
rep1,1.4678,4618,0
rep1,1.4679,4619,0
rep1,1.468,4620,0
rep1,1.4682,4621,0
rep1,1.4683,4622,0
rep1,1.4685,4623,0
rep1,1.4686,4624,0
rep1,1.4686,4625,0
rep1,1.469,4626,0
rep1,1.4693,4627,0
rep1,1.4694,4628,0
rep1,1.4695,4629,0
rep1,1.4702,4630,0
rep1,1.4704,4631,0
rep1,1.4705,4632,0
rep1,1.4706,4633,0
rep1,1.471,4634,0
rep1,1.4713,4635,0
rep1,1.4714,4636,0
rep1,1.4717,4637,0
rep1,1.4717,4638,0
rep1,1.472,4639,0
rep1,1.4726,4640,0
rep1,1.4732,4641,0
rep1,1.4732,4642,0
rep1,1.4736,4643,0
rep1,1.4738,4644,0
rep1,1.4745,4645,0
rep1,1.4748,4646,0
rep1,1.4751,4647,0
rep1,1.4752,4648,0
rep1,1.476,4649,0
rep1,1.4763,4650,0
rep1,1.4767,4651,0
rep1,1.4767,4652,0
rep1,1.4768,4653,0
rep1,1.4771,4654,0
rep1,1.4774,4655,0
rep1,1.4774,4656,0
rep1,1.4775,4657,0
rep1,1.4776,4658,0
rep1,1.478,4659,0
rep1,1.478,4660,0
rep1,1.4783,4661,0
rep1,1.4785,4662,0
rep1,1.4787,4663,0
rep1,1.4787,4664,0
rep1,1.4788,4665,0
rep1,1.4788,4666,0
rep1,1.4792,4667,0
rep1,1.4794,4668,0
rep1,1.4802,4669,0
rep1,1.4805,4670,0
rep1,1.4806,4671,0
rep1,1.4807,4672,0
rep1,1.4808,4673,0
rep1,1.4808,4674,0
rep1,1.4809,4675,0
rep1,1.4811,4676,0
rep1,1.4813,4677,0
rep1,1.4813,4678,0
rep1,1.4813,4679,0
rep1,1.4817,4680,0
rep1,1.482,4681,0
rep1,1.4822,4682,0
rep1,1.4825,4683,0
rep1,1.4828,4684,0
rep1,1.4833,4685,0
rep1,1.4834,4686,0
rep1,1.4835,4687,0
rep1,1.4835,4688,0
rep1,1.4836,4689,0
rep1,1.4837,4690,0
rep1,1.4838,4691,0
rep1,1.4839,4692,0
rep1,1.4846,4693,0
rep1,1.4847,4694,0
rep1,1.485,4695,0
rep1,1.4851,4696,0
rep1,1.4861,4697,0
rep1,1.4865,4698,0
rep1,1.4869,4699,0
rep1,1.487,4700,0
rep1,1.4873,4701,0
rep1,1.4877,4702,0
rep1,1.4878,4703,0
rep1,1.488,4704,0
rep1,1.488,4705,0
rep1,1.4881,4706,0
rep1,1.4882,4707,0
rep1,1.4883,4708,0
rep1,1.4887,4709,0
rep1,1.4887,4710,0
rep1,1.4891,4711,0
rep1,1.4892,4712,0
rep1,1.4904,4713,0
rep1,1.4906,4714,0
rep1,1.4915,4715,0
rep1,1.4925,4716,0
rep1,1.4927,4717,0
rep1,1.4929,4718,0
rep1,1.4935,4719,0
rep1,1.4946,4720,0
rep1,1.4948,4721,0
rep1,1.4952,4722,0
rep1,1.496,4723,0
rep1,1.4962,4724,0
rep1,1.4963,4725,0
rep1,1.4963,4726,0
rep1,1.4966,4727,0
rep1,1.4971,4728,0
rep1,1.4972,4729,0
rep1,1.4974,4730,0
rep1,1.4983,4731,0
rep1,1.4986,4732,0
rep1,1.4986,4733,0
rep1,1.4986,4734,0
rep1,1.4987,4735,0
rep1,1.4989,4736,0
rep1,1.4992,4737,0
rep1,1.4994,4738,0
rep1,1.4995,4739,0
rep1,1.4997,4740,0
rep1,1.4999,4741,0
rep1,1.5002,4742,0
rep1,1.5005,4743,0
rep1,1.5007,4744,0
rep1,1.5009,4745,0
rep1,1.501,4746,0
rep1,1.5013,4747,0
rep1,1.5013,4748,0
rep1,1.5014,4749,0
rep1,1.5014,4750,0
rep1,1.503,4751,0
rep1,1.503,4752,0
rep1,1.5042,4753,0
rep1,1.5045,4754,0
rep1,1.5049,4755,0
rep1,1.505,4756,0
rep1,1.5052,4757,0
rep1,1.5053,4758,0
rep1,1.507,4759,0
rep1,1.5077,4760,0
rep1,1.5078,4761,0
rep1,1.5086,4762,0
rep1,1.5091,4763,0
rep1,1.5097,4764,0
rep1,1.5098,4765,0
rep1,1.5112,4766,0
rep1,1.5115,4767,0
rep1,1.5118,4768,0
rep1,1.5118,4769,0
rep1,1.512,4770,0
rep1,1.5121,4771,0
rep1,1.5123,4772,0
rep1,1.5124,4773,0
rep1,1.5126,4774,0
rep1,1.5126,4775,0
rep1,1.5126,4776,0
rep1,1.5128,4777,0
rep1,1.5129,4778,0
rep1,1.5133,4779,0
rep1,1.5139,4780,0
rep1,1.5147,4781,0
rep1,1.5147,4782,0
rep1,1.5153,4783,0
rep1,1.5157,4784,0
rep1,1.5172,4785,0
rep1,1.5174,4786,0
rep1,1.5176,4787,0
rep1,1.5178,4788,0
rep1,1.518,4789,0
rep1,1.5186,4790,0
rep1,1.5188,4791,0
rep1,1.5189,4792,0
rep1,1.5192,4793,0
rep1,1.5196,4794,0
rep1,1.5199,4795,0
rep1,1.5201,4796,0
rep1,1.5202,4797,0
rep1,1.5206,4798,0
rep1,1.5206,4799,0
rep1,1.5217,4800,0
rep1,1.5219,4801,0
rep1,1.522,4802,0
rep1,1.5222,4803,0
rep1,1.5227,4804,0
rep1,1.5228,4805,0
rep1,1.5236,4806,0
rep1,1.5247,4807,0
rep1,1.5253,4808,0
rep1,1.5262,4809,0
rep1,1.5267,4810,0
rep1,1.5268,4811,0
rep1,1.527,4812,0
rep1,1.5284,4813,0
rep1,1.5285,4814,0
rep1,1.5286,4815,0
rep1,1.5286,4816,0
rep1,1.529,4817,0
rep1,1.5299,4818,0
rep1,1.5302,4819,0
rep1,1.5305,4820,0
rep1,1.5306,4821,0
rep1,1.5307,4822,0
rep1,1.5311,4823,0
rep1,1.5333,4824,0
rep1,1.5337,4825,0
rep1,1.5339,4826,0
rep1,1.534,4827,0
rep1,1.534,4828,0
rep1,1.5346,4829,0
rep1,1.535,4830,0
rep1,1.5352,4831,0
rep1,1.5354,4832,0
rep1,1.5362,4833,0
rep1,1.5362,4834,0
rep1,1.5366,4835,0
rep1,1.5374,4836,0
rep1,1.5383,4837,0
rep1,1.5393,4838,0
rep1,1.5393,4839,0
rep1,1.5402,4840,0
rep1,1.5405,4841,0
rep1,1.5406,4842,0
rep1,1.5412,4843,0
rep1,1.5413,4844,0
rep1,1.5415,4845,0
rep1,1.5422,4846,0
rep1,1.5431,4847,0
rep1,1.5451,4848,0
rep1,1.5451,4849,0
rep1,1.5455,4850,0
rep1,1.549,4851,0
rep1,1.55,4852,0
rep1,1.5515,4853,0
rep1,1.5517,4854,0
rep1,1.5529,4855,0
rep1,1.5536,4856,0
rep1,1.5537,4857,0
rep1,1.5538,4858,0
rep1,1.5541,4859,0
rep1,1.5542,4860,0
rep1,1.555,4861,0
rep1,1.5558,4862,0
rep1,1.5558,4863,0
rep1,1.5561,4864,0
rep1,1.5569,4865,0
rep1,1.5585,4866,0
rep1,1.5588,4867,0
rep1,1.5593,4868,0
rep1,1.5603,4869,0
rep1,1.5611,4870,0
rep1,1.5613,4871,0
rep1,1.5618,4872,0
rep1,1.5622,4873,0
rep1,1.5632,4874,0
rep1,1.5638,4875,0
rep1,1.5638,4876,0
rep1,1.5645,4877,0
rep1,1.5649,4878,0
rep1,1.565,4879,0
rep1,1.5665,4880,0
rep1,1.5684,4881,0
rep1,1.5691,4882,0
rep1,1.5691,4883,0
rep1,1.5693,4884,0
rep1,1.5697,4885,0
rep1,1.5698,4886,0
rep1,1.5699,4887,0
rep1,1.5706,4888,0
rep1,1.5716,4889,0
rep1,1.572,4890,0
rep1,1.5727,4891,0
rep1,1.5745,4892,0
rep1,1.5749,4893,0
rep1,1.5749,4894,0
rep1,1.5754,4895,0
rep1,1.5757,4896,0
rep1,1.5764,4897,0
rep1,1.5765,4898,0
rep1,1.5789,4899,0
rep1,1.5793,4900,0
rep1,1.5795,4901,0
rep1,1.5807,4902,0
rep1,1.5809,4903,0
rep1,1.5811,4904,0
rep1,1.5812,4905,0
rep1,1.5822,4906,0
rep1,1.5829,4907,0
rep1,1.584,4908,0
rep1,1.5842,4909,0
rep1,1.5848,4910,0
rep1,1.5888,4911,0
rep1,1.5911,4912,0
rep1,1.5912,4913,0
rep1,1.5918,4914,0
rep1,1.5932,4915,0
rep1,1.5938,4916,0
rep1,1.596,4917,0
rep1,1.597,4918,0
rep1,1.5978,4919,0
rep1,1.5984,4920,0
rep1,1.5988,4921,0
rep1,1.6003,4922,0
rep1,1.6006,4923,0
rep1,1.6023,4924,0
rep1,1.6026,4925,0
rep1,1.6035,4926,0
rep1,1.6049,4927,0
rep1,1.6079,4928,0
rep1,1.6088,4929,0
rep1,1.609,4930,0
rep1,1.6117,4931,0
rep1,1.6124,4932,0
rep1,1.6132,4933,0
rep1,1.6136,4934,0
rep1,1.6147,4935,0
rep1,1.6161,4936,0
rep1,1.6165,4937,0
rep1,1.6189,4938,0
rep1,1.6192,4939,0
rep1,1.6224,4940,0
rep1,1.6254,4941,0
rep1,1.6255,4942,0
rep1,1.6307,4943,0
rep1,1.6363,4944,0
rep1,1.6371,4945,0
rep1,1.6383,4946,0
rep1,1.6392,4947,0
rep1,1.6401,4948,0
rep1,1.6412,4949,0
rep1,1.6436,4950,0
rep1,1.6476,4951,0
rep1,1.6517,4952,0
rep1,1.6532,4953,0
rep1,1.6535,4954,0
rep1,1.6537,4955,0
rep1,1.654,4956,0
rep1,1.6541,4957,0
rep1,1.6558,4958,0
rep1,1.6558,4959,0
rep1,1.6575,4960,0
rep1,1.6629,4961,0
rep1,1.6634,4962,0
rep1,1.6671,4963,0
rep1,1.6679,4964,0
rep1,1.6694,4965,0
rep1,1.6708,4966,0
rep1,1.6759,4967,0
rep1,1.6794,4968,0
rep1,1.6812,4969,0
rep1,1.6821,4970,0
rep1,1.6854,4971,0
rep1,1.6878,4972,0
rep1,1.6889,4973,0
rep1,1.6899,4974,0
rep1,1.6961,4975,0
rep1,1.7021,4976,0
rep1,1.7024,4977,0
rep1,1.7042,4978,0
rep1,1.7048,4979,0
rep1,1.7051,4980,0
rep1,1.7066,4981,0
rep1,1.7121,4982,0
rep1,1.7126,4983,0
rep1,1.7129,4984,0
rep1,1.7165,4985,0
rep1,1.722,4986,0
rep1,1.7248,4987,0
rep1,1.7275,4988,0
rep1,1.7289,4989,0
rep1,1.7327,4990,0
rep1,1.7333,4991,0
rep1,1.7402,4992,0
rep1,1.7472,4993,0
rep1,1.7509,4994,0
rep1,1.755,4995,0
rep1,1.7579,4996,0
rep1,1.7705,4997,0
rep1,1.7919,4998,0
rep1,1.7962,4999,0
rep1,1.798,5000,0
rep1,1.8215,5001,0
rep1,1.8364,5002,0
rep1,1.8365,5003,0
rep1,1.8367,5004,0
rep1,1.8715,5005,0
rep1,1.8855,5006,0
rep1,1.9051,5007,0
rep1,2.017,5008,0
rep1,2.0177,5009,0
rep1,2.0178,5010,0
rep1,2.0178,5011,0
rep1,2.0187,5012,0
rep1,2.0202,5013,0
rep1,2.0248,5014,0
rep1,2.0338,5015,0
rep1,2.0397,5016,0
rep1,2.048,5017,0
rep1,2.0482,5018,0
rep1,2.0484,5019,0
rep1,2.0484,5020,0
rep1,2.0487,5021,0
rep1,2.049,5022,0
rep1,2.0491,5023,0
rep1,2.0496,5024,0
rep1,2.0497,5025,0
rep1,2.0499,5026,0
rep1,2.0503,5027,0
rep1,2.0505,5028,0
rep1,2.0512,5029,0
rep1,2.0515,5030,0
rep1,2.0519,5031,0
rep1,2.0519,5032,0
rep1,2.052,5033,0
rep1,2.0525,5034,0
rep1,2.0527,5035,0
rep1,2.0532,5036,0
rep1,2.0535,5037,0
rep1,2.054,5038,0
rep1,2.0545,5039,0
rep1,2.0547,5040,0
rep1,2.057,5041,0
rep1,2.0577,5042,0
rep1,2.0578,5043,0
rep1,2.0582,5044,0
rep1,2.0593,5045,0
rep1,2.0597,5046,0
rep1,2.0607,5047,0
rep1,2.0611,5048,0
rep1,2.0641,5049,0
rep1,2.0649,5050,0
rep1,2.0658,5051,0
rep1,2.0662,5052,0
rep1,2.0667,5053,0
rep1,2.0687,5054,0
rep1,2.0745,5055,0
rep1,2.0809,5056,0
rep1,2.081,5057,0
rep1,2.0811,5058,0
rep1,2.0811,5059,0
rep1,2.0812,5060,0
rep1,2.0813,5061,0
rep1,2.0814,5062,0
rep1,2.0816,5063,0
rep1,2.0818,5064,0
rep1,2.0818,5065,0
rep1,2.0818,5066,0
rep1,2.0819,5067,0
rep1,2.0819,5068,0
rep1,2.082,5069,0
rep1,2.0822,5070,0
rep1,2.0822,5071,0
rep1,2.0824,5072,0
rep1,2.0825,5073,0
rep1,2.0825,5074,0
rep1,2.0826,5075,0
rep1,2.0826,5076,0
rep1,2.0827,5077,0
rep1,2.0827,5078,0
rep1,2.0828,5079,0
rep1,2.0828,5080,0
rep1,2.0828,5081,0
rep1,2.0829,5082,0
rep1,2.083,5083,0
rep1,2.083,5084,0
rep1,2.0831,5085,0
rep1,2.0831,5086,0
rep1,2.0833,5087,0
rep1,2.0833,5088,0
rep1,2.0835,5089,0
rep1,2.0835,5090,0
rep1,2.0837,5091,0
rep1,2.0838,5092,0
rep1,2.0838,5093,0
rep1,2.084,5094,0
rep1,2.0841,5095,0
rep1,2.0841,5096,0
rep1,2.0842,5097,0
rep1,2.0843,5098,0
rep1,2.0845,5099,0
rep1,2.0846,5100,0
rep1,2.0848,5101,0
rep1,2.085,5102,0
rep1,2.0851,5103,0
rep1,2.0854,5104,0
rep1,2.0855,5105,0
rep1,2.0857,5106,0
rep1,2.0858,5107,0
rep1,2.0858,5108,0
rep1,2.086,5109,0
rep1,2.0862,5110,0
rep1,2.0864,5111,0
rep1,2.0864,5112,0
rep1,2.0864,5113,0
rep1,2.0865,5114,0
rep1,2.0867,5115,0
rep1,2.0868,5116,0
rep1,2.0869,5117,0
rep1,2.0869,5118,0
rep1,2.0872,5119,0
rep1,2.0872,5120,0
rep1,2.0873,5121,0
rep1,2.0874,5122,0
rep1,2.0874,5123,0
rep1,2.0874,5124,0
rep1,2.0878,5125,0
rep1,2.0879,5126,0
rep1,2.0881,5127,0
rep1,2.0883,5128,0
rep1,2.0884,5129,0
rep1,2.089,5130,0
rep1,2.0891,5131,0
rep1,2.0892,5132,0
rep1,2.0892,5133,0
rep1,2.0893,5134,0
rep1,2.0899,5135,0
rep1,2.09,5136,0
rep1,2.0903,5137,0
rep1,2.0904,5138,0
rep1,2.0907,5139,0
rep1,2.0915,5140,0
rep1,2.0915,5141,0
rep1,2.0917,5142,0
rep1,2.0917,5143,0
rep1,2.092,5144,0
rep1,2.092,5145,0
rep1,2.0926,5146,0
rep1,2.0937,5147,0
rep1,2.0938,5148,0
rep1,2.0939,5149,0
rep1,2.0943,5150,0
rep1,2.0944,5151,0
rep1,2.0946,5152,0
rep1,2.095,5153,0
rep1,2.0958,5154,0
rep1,2.0962,5155,0
rep1,2.0965,5156,0
rep1,2.0966,5157,0
rep1,2.0969,5158,0
rep1,2.0978,5159,0
rep1,2.0981,5160,0
rep1,2.0982,5161,0
rep1,2.0984,5162,0
rep1,2.0987,5163,0
rep1,2.099,5164,0
rep1,2.0993,5165,0
rep1,2.0994,5166,0
rep1,2.0996,5167,0
rep1,2.0998,5168,0
rep1,2.1002,5169,0
rep1,2.1025,5170,0
rep1,2.1027,5171,0
rep1,2.1042,5172,0
rep1,2.1044,5173,0
rep1,2.105,5174,0
rep1,2.1051,5175,0
rep1,2.1053,5176,0
rep1,2.1083,5177,0
rep1,2.1098,5178,0
rep1,2.1112,5179,0
rep1,2.1116,5180,0
rep1,2.1121,5181,0
rep1,2.1133,5182,0
rep1,2.1139,5183,0
rep1,2.1143,5184,0
rep1,2.1143,5185,0
rep1,2.1144,5186,0
rep1,2.1144,5187,0
rep1,2.1145,5188,0
rep1,2.1146,5189,0
rep1,2.1146,5190,0
rep1,2.1147,5191,0
rep1,2.1147,5192,0
rep1,2.1147,5193,0
rep1,2.1148,5194,0
rep1,2.1148,5195,0
rep1,2.1149,5196,0
rep1,2.1149,5197,0
rep1,2.115,5198,0
rep1,2.1151,5199,0
rep1,2.1151,5200,0
rep1,2.1152,5201,0
rep1,2.1152,5202,0
rep1,2.1153,5203,0
rep1,2.1153,5204,0
rep1,2.1154,5205,0
rep1,2.1154,5206,0
rep1,2.1154,5207,0
rep1,2.1154,5208,0
rep1,2.1155,5209,0
rep1,2.1157,5210,0
rep1,2.1159,5211,0
rep1,2.116,5212,0
rep1,2.116,5213,0
rep1,2.1162,5214,0
rep1,2.1163,5215,0
rep1,2.1165,5216,0
rep1,2.1166,5217,0
rep1,2.1166,5218,0
rep1,2.1166,5219,0
rep1,2.1167,5220,0
rep1,2.1167,5221,0
rep1,2.1168,5222,0
rep1,2.1169,5223,0
rep1,2.1172,5224,0
rep1,2.1172,5225,0
rep1,2.1173,5226,0
rep1,2.1173,5227,0
rep1,2.1176,5228,0
rep1,2.1178,5229,0
rep1,2.1178,5230,0
rep1,2.1179,5231,0
rep1,2.1184,5232,0
rep1,2.1185,5233,0
rep1,2.1186,5234,0
rep1,2.1187,5235,0
rep1,2.1188,5236,0
rep1,2.119,5237,0
rep1,2.1193,5238,0
rep1,2.1194,5239,0
rep1,2.1195,5240,0
rep1,2.1195,5241,0
rep1,2.1198,5242,0
rep1,2.1201,5243,0
rep1,2.1202,5244,0
rep1,2.1202,5245,0
rep1,2.1203,5246,0
rep1,2.1203,5247,0
rep1,2.1203,5248,0
rep1,2.1204,5249,0
rep1,2.1206,5250,0
rep1,2.1207,5251,0
rep1,2.1208,5252,0
rep1,2.121,5253,0
rep1,2.121,5254,0
rep1,2.1212,5255,0
rep1,2.1214,5256,0
rep1,2.1215,5257,0
rep1,2.1218,5258,0
rep1,2.122,5259,0
rep1,2.122,5260,0
rep1,2.1224,5261,0
rep1,2.1225,5262,0
rep1,2.1225,5263,0
rep1,2.1226,5264,0
rep1,2.1229,5265,0
rep1,2.1231,5266,0
rep1,2.1235,5267,0
rep1,2.1243,5268,0
rep1,2.1243,5269,0
rep1,2.1243,5270,0
rep1,2.1248,5271,0
rep1,2.1255,5272,0
rep1,2.1257,5273,0
rep1,2.1258,5274,0
rep1,2.1263,5275,0
rep1,2.1264,5276,0
rep1,2.1266,5277,0
rep1,2.1267,5278,0
rep1,2.1269,5279,0
rep1,2.128,5280,0
rep1,2.1288,5281,0
rep1,2.1289,5282,0
rep1,2.1289,5283,0
rep1,2.129,5284,0
rep1,2.1291,5285,0
rep1,2.1293,5286,0
rep1,2.1293,5287,0
rep1,2.1295,5288,0
rep1,2.13,5289,0
rep1,2.1303,5290,0
rep1,2.1303,5291,0
rep1,2.1309,5292,0
rep1,2.1317,5293,0
rep1,2.132,5294,0
rep1,2.1324,5295,0
rep1,2.1328,5296,0
rep1,2.1334,5297,0
rep1,2.1338,5298,0
rep1,2.1339,5299,0
rep1,2.1341,5300,0
rep1,2.1342,5301,0
rep1,2.135,5302,0
rep1,2.1353,5303,0
rep1,2.1374,5304,0
rep1,2.1381,5305,0
rep1,2.1393,5306,0
rep1,2.1395,5307,0
rep1,2.14,5308,0
rep1,2.1409,5309,0
rep1,2.1414,5310,0
rep1,2.1418,5311,0
rep1,2.1437,5312,0
rep1,2.1448,5313,0
rep1,2.1449,5314,0
rep1,2.1454,5315,0
rep1,2.1458,5316,0
rep1,2.1472,5317,0
rep1,2.1477,5318,0
rep1,2.1478,5319,0
rep1,2.1478,5320,0
rep1,2.1479,5321,0
rep1,2.1479,5322,0
rep1,2.148,5323,0
rep1,2.148,5324,0
rep1,2.1481,5325,0
rep1,2.1482,5326,0
rep1,2.1483,5327,0
rep1,2.1485,5328,0
rep1,2.1486,5329,0
rep1,2.1486,5330,0
rep1,2.1488,5331,0
rep1,2.1488,5332,0
rep1,2.1489,5333,0
rep1,2.149,5334,0
rep1,2.149,5335,0
rep1,2.1491,5336,0
rep1,2.1492,5337,0
rep1,2.1494,5338,0
rep1,2.1494,5339,0
rep1,2.1495,5340,0
rep1,2.1497,5341,0
rep1,2.1497,5342,0
rep1,2.1497,5343,0
rep1,2.1499,5344,0
rep1,2.15,5345,0
rep1,2.15,5346,0
rep1,2.15,5347,0
rep1,2.15,5348,0
rep1,2.15,5349,0
rep1,2.1501,5350,0
rep1,2.1501,5351,0
rep1,2.1501,5352,0
rep1,2.1501,5353,0
rep1,2.1504,5354,0
rep1,2.1506,5355,0
rep1,2.1506,5356,0
rep1,2.1506,5357,0
rep1,2.1509,5358,0
rep1,2.1509,5359,0
rep1,2.1509,5360,0
rep1,2.1509,5361,0
rep1,2.151,5362,0
rep1,2.1514,5363,0
rep1,2.1515,5364,0
rep1,2.1517,5365,0
rep1,2.152,5366,0
rep1,2.1521,5367,0
rep1,2.1522,5368,0
rep1,2.1525,5369,0
rep1,2.1526,5370,0
rep1,2.1526,5371,0
rep1,2.1528,5372,0
rep1,2.1529,5373,0
rep1,2.1529,5374,0
rep1,2.1529,5375,0
rep1,2.153,5376,0
rep1,2.1531,5377,0
rep1,2.1533,5378,0
rep1,2.1534,5379,0
rep1,2.1538,5380,0
rep1,2.1539,5381,0
rep1,2.1539,5382,0
rep1,2.154,5383,0
rep1,2.154,5384,0
rep1,2.1541,5385,0
rep1,2.1543,5386,0
rep1,2.1544,5387,0
rep1,2.1547,5388,0
rep1,2.1549,5389,0
rep1,2.1549,5390,0
rep1,2.1556,5391,0
rep1,2.1556,5392,0
rep1,2.1556,5393,0
rep1,2.1557,5394,0
rep1,2.1561,5395,0
rep1,2.1562,5396,0
rep1,2.1566,5397,0
rep1,2.1568,5398,0
rep1,2.1576,5399,0
rep1,2.1582,5400,0
rep1,2.1586,5401,0
rep1,2.1588,5402,0
rep1,2.1589,5403,0
rep1,2.1596,5404,0
rep1,2.1597,5405,0
rep1,2.1606,5406,0
rep1,2.1607,5407,0
rep1,2.1607,5408,0
rep1,2.1608,5409,0
rep1,2.1609,5410,0
rep1,2.1611,5411,0
rep1,2.1617,5412,0
rep1,2.1618,5413,0
rep1,2.1619,5414,0
rep1,2.1622,5415,0
rep1,2.1627,5416,0
rep1,2.1627,5417,0
rep1,2.1628,5418,0
rep1,2.1632,5419,0
rep1,2.1639,5420,0
rep1,2.164,5421,0
rep1,2.1642,5422,0
rep1,2.1655,5423,0
rep1,2.1661,5424,0
rep1,2.167,5425,0
rep1,2.1672,5426,0
rep1,2.1676,5427,0
rep1,2.1677,5428,0
rep1,2.1683,5429,0
rep1,2.1692,5430,0
rep1,2.1694,5431,0
rep1,2.1695,5432,0
rep1,2.1701,5433,0
rep1,2.1712,5434,0
rep1,2.1714,5435,0
rep1,2.1716,5436,0
rep1,2.172,5437,0
rep1,2.1722,5438,0
rep1,2.1725,5439,0
rep1,2.1727,5440,0
rep1,2.1732,5441,0
rep1,2.1737,5442,0
rep1,2.1739,5443,0
rep1,2.1752,5444,0
rep1,2.1753,5445,0
rep1,2.1756,5446,0
rep1,2.178,5447,0
rep1,2.1794,5448,0
rep1,2.1795,5449,0
rep1,2.1801,5450,0
rep1,2.1802,5451,0
rep1,2.1805,5452,0
rep1,2.1809,5453,0
rep1,2.1812,5454,0
rep1,2.1813,5455,0
rep1,2.1815,5456,0
rep1,2.1816,5457,0
rep1,2.1816,5458,0
rep1,2.1816,5459,0
rep1,2.1817,5460,0
rep1,2.1817,5461,0
rep1,2.1817,5462,0
rep1,2.1818,5463,0
rep1,2.1819,5464,0
rep1,2.1821,5465,0
rep1,2.1821,5466,0
rep1,2.1821,5467,0
rep1,2.1822,5468,0
rep1,2.1822,5469,0
rep1,2.1824,5470,0
rep1,2.1825,5471,0
rep1,2.1826,5472,0
rep1,2.1827,5473,0
rep1,2.1828,5474,0
rep1,2.183,5475,0
rep1,2.183,5476,0
rep1,2.1832,5477,0
rep1,2.1832,5478,0
rep1,2.1833,5479,0
rep1,2.1834,5480,0
rep1,2.1836,5481,0
rep1,2.1836,5482,0
rep1,2.1836,5483,0
rep1,2.1836,5484,0
rep1,2.1837,5485,0
rep1,2.1838,5486,0
rep1,2.1839,5487,0
rep1,2.1839,5488,0
rep1,2.1839,5489,0
rep1,2.184,5490,0
rep1,2.1841,5491,0
rep1,2.1842,5492,0
rep1,2.1842,5493,0
rep1,2.1843,5494,0
rep1,2.1843,5495,0
rep1,2.1845,5496,0
rep1,2.1846,5497,0
rep1,2.1846,5498,0
rep1,2.1847,5499,0
rep1,2.1847,5500,0
rep1,2.1847,5501,0
rep1,2.1848,5502,0
rep1,2.1848,5503,0
rep1,2.1848,5504,0
rep1,2.1851,5505,0
rep1,2.1854,5506,0
rep1,2.1856,5507,0
rep1,2.1856,5508,0
rep1,2.1857,5509,0
rep1,2.1858,5510,0
rep1,2.1859,5511,0
rep1,2.186,5512,0
rep1,2.186,5513,0
rep1,2.1861,5514,0
rep1,2.1861,5515,0
rep1,2.1862,5516,0
rep1,2.1863,5517,0
rep1,2.1863,5518,0
rep1,2.1866,5519,0
rep1,2.1867,5520,0
rep1,2.1867,5521,0
rep1,2.1869,5522,0
rep1,2.1869,5523,0
rep1,2.187,5524,0
rep1,2.187,5525,0
rep1,2.1872,5526,0
rep1,2.1875,5527,0
rep1,2.1878,5528,0
rep1,2.1881,5529,0
rep1,2.1881,5530,0
rep1,2.1882,5531,0
rep1,2.1882,5532,0
rep1,2.1883,5533,0
rep1,2.1883,5534,0
rep1,2.1885,5535,0
rep1,2.1889,5536,0
rep1,2.189,5537,0
rep1,2.1891,5538,0
rep1,2.1894,5539,0
rep1,2.1896,5540,0
rep1,2.1897,5541,0
rep1,2.19,5542,0
rep1,2.1903,5543,0
rep1,2.1904,5544,0
rep1,2.1909,5545,0
rep1,2.1911,5546,0
rep1,2.1911,5547,0
rep1,2.1914,5548,0
rep1,2.1916,5549,0
rep1,2.1917,5550,0
rep1,2.1918,5551,0
rep1,2.192,5552,0
rep1,2.1921,5553,0
rep1,2.1923,5554,0
rep1,2.1925,5555,0
rep1,2.193,5556,0
rep1,2.1933,5557,0
rep1,2.1934,5558,0
rep1,2.1935,5559,0
rep1,2.1935,5560,0
rep1,2.1935,5561,0
rep1,2.1938,5562,0
rep1,2.1944,5563,0
rep1,2.1949,5564,0
rep1,2.1961,5565,0
rep1,2.1962,5566,0
rep1,2.1963,5567,0
rep1,2.1966,5568,0
rep1,2.1971,5569,0
rep1,2.1972,5570,0
rep1,2.1978,5571,0
rep1,2.1978,5572,0
rep1,2.1979,5573,0
rep1,2.1981,5574,0
rep1,2.1983,5575,0
rep1,2.1985,5576,0
rep1,2.1987,5577,0
rep1,2.1999,5578,0
rep1,2.1999,5579,0
rep1,2.2,5580,0
rep1,2.2002,5581,0
rep1,2.2003,5582,0
rep1,2.2014,5583,0
rep1,2.2017,5584,0
rep1,2.2024,5585,0
rep1,2.2026,5586,0
rep1,2.2027,5587,0
rep1,2.2027,5588,0
rep1,2.2029,5589,0
rep1,2.2035,5590,0
rep1,2.2036,5591,0
rep1,2.2038,5592,0
rep1,2.2039,5593,0
rep1,2.2041,5594,0
rep1,2.2043,5595,0
rep1,2.2053,5596,0
rep1,2.2057,5597,0
rep1,2.2074,5598,0
rep1,2.2075,5599,0
rep1,2.2088,5600,0
rep1,2.2088,5601,0
rep1,2.21,5602,0
rep1,2.2104,5603,0
rep1,2.2106,5604,0
rep1,2.2118,5605,0
rep1,2.2119,5606,0
rep1,2.2128,5607,0
rep1,2.2131,5608,0
rep1,2.2134,5609,0
rep1,2.2139,5610,0
rep1,2.2141,5611,0
rep1,2.2143,5612,0
rep1,2.2145,5613,0
rep1,2.2147,5614,0
rep1,2.2148,5615,0
rep1,2.2148,5616,0
rep1,2.2149,5617,0
rep1,2.2149,5618,0
rep1,2.2149,5619,0
rep1,2.2149,5620,0
rep1,2.2152,5621,0
rep1,2.2155,5622,0
rep1,2.2156,5623,0
rep1,2.2159,5624,0
rep1,2.2162,5625,0
rep1,2.2163,5626,0
rep1,2.2163,5627,0
rep1,2.2164,5628,0
rep1,2.2165,5629,0
rep1,2.2166,5630,0
rep1,2.2172,5631,0
rep1,2.2172,5632,0
rep1,2.2174,5633,0
rep1,2.2177,5634,0
rep1,2.2177,5635,0
rep1,2.2178,5636,0
rep1,2.218,5637,0
rep1,2.2181,5638,0
rep1,2.2181,5639,0
rep1,2.2183,5640,0
rep1,2.2186,5641,0
rep1,2.2186,5642,0
rep1,2.2186,5643,0
rep1,2.2188,5644,0
rep1,2.2188,5645,0
rep1,2.219,5646,0
rep1,2.2191,5647,0
rep1,2.2191,5648,0
rep1,2.2195,5649,0
rep1,2.2197,5650,0
rep1,2.2198,5651,0
rep1,2.2199,5652,0
rep1,2.2202,5653,0
rep1,2.2203,5654,0
rep1,2.2208,5655,0
rep1,2.2209,5656,0
rep1,2.2209,5657,0
rep1,2.2213,5658,0
rep1,2.2214,5659,0
rep1,2.2214,5660,0
rep1,2.2214,5661,0
rep1,2.2216,5662,0
rep1,2.2219,5663,0
rep1,2.2222,5664,0
rep1,2.2223,5665,0
rep1,2.2234,5666,0
rep1,2.2235,5667,0
rep1,2.2236,5668,0
rep1,2.2237,5669,0
rep1,2.2237,5670,0
rep1,2.2237,5671,0
rep1,2.2239,5672,0
rep1,2.2239,5673,0
rep1,2.2241,5674,0
rep1,2.2241,5675,0
rep1,2.2243,5676,0
rep1,2.2244,5677,0
rep1,2.2245,5678,0
rep1,2.2247,5679,0
rep1,2.2248,5680,0
rep1,2.2254,5681,0
rep1,2.2258,5682,0
rep1,2.226,5683,0
rep1,2.2262,5684,0
rep1,2.2267,5685,0
rep2,1.011,1,0
rep2,1.0111,2,0
rep2,1.0113,3,0
rep2,1.0113,4,0
rep2,1.0115,5,0
rep2,1.0118,6,0
rep2,1.0119,7,0
rep2,1.0129,8,0
rep2,1.0131,9,0
rep2,1.0132,10,0
rep2,1.0133,11,0
rep2,1.0133,12,0
rep2,1.0138,13,0
rep2,1.014,14,0
rep2,1.0141,15,0
rep2,1.0142,16,0
rep2,1.0143,17,0
rep2,1.0144,18,0
rep2,1.0146,19,0
rep2,1.0148,20,0
rep2,1.015,21,0
rep2,1.015,22,0
rep2,1.0154,23,0
rep2,1.0154,24,0
rep2,1.0154,25,0
rep2,1.0155,26,0
rep2,1.0156,27,0
rep2,1.0157,28,0
rep2,1.0162,29,0
rep2,1.0164,30,0
rep2,1.0164,31,0
rep2,1.0166,32,0
rep2,1.0171,33,0
rep2,1.0172,34,0
rep2,1.0175,35,0
rep2,1.0176,36,0
rep2,1.018,37,0
rep2,1.0183,38,0
rep2,1.0194,39,0
rep2,1.0196,40,0
rep2,1.0196,41,0
rep2,1.0198,42,0
rep2,1.0212,43,0
rep2,1.0222,44,0
rep2,1.0224,45,0
rep2,1.0226,46,0
rep2,1.0227,47,0
rep2,1.0232,48,0
rep2,1.0238,49,0
rep2,1.0239,50,0
rep2,1.0242,51,0
rep2,1.0247,52,0
rep2,1.0249,53,0
rep2,1.0249,54,0
rep2,1.026,55,0
rep2,1.026,56,0
rep2,1.0268,57,0
rep2,1.0278,58,0
rep2,1.0324,59,0
rep2,1.0335,60,0
rep2,1.0359,61,0
rep2,1.0361,62,0
rep2,1.0363,63,0
rep2,1.0397,64,0
rep2,1.04,65,0
rep2,1.041,66,0
rep2,1.0423,67,0
rep2,1.0437,68,0
rep2,1.0445,69,0
rep2,1.0445,70,0
rep2,1.0445,71,0
rep2,1.0446,72,0
rep2,1.0446,73,0
rep2,1.0446,74,0
rep2,1.0447,75,0
rep2,1.0448,76,0
rep2,1.0448,77,0
rep2,1.0448,78,0
rep2,1.0449,79,0
rep2,1.0449,80,0
rep2,1.045,81,0
rep2,1.045,82,0
rep2,1.0451,83,0
rep2,1.0451,84,0
rep2,1.0452,85,0
rep2,1.0452,86,0
rep2,1.0452,87,0
rep2,1.0452,88,0
rep2,1.0453,89,0
rep2,1.0453,90,0
rep2,1.0453,91,0
rep2,1.0453,92,0
rep2,1.0453,93,0
rep2,1.0454,94,0
rep2,1.0455,95,0
rep2,1.0455,96,0
rep2,1.0455,97,0
rep2,1.0455,98,0
rep2,1.0455,99,0
rep2,1.0457,100,0
rep2,1.0457,101,0
rep2,1.0457,102,0
rep2,1.0458,103,0
rep2,1.0458,104,0
rep2,1.0459,105,0
rep2,1.0459,106,0
rep2,1.046,107,0
rep2,1.046,108,0
rep2,1.0461,109,0
rep2,1.0461,110,0
rep2,1.0463,111,0
rep2,1.0463,112,0
rep2,1.0463,113,0
rep2,1.0464,114,0
rep2,1.0464,115,0
rep2,1.0465,116,0
rep2,1.0466,117,0
rep2,1.0466,118,0
rep2,1.0467,119,0
rep2,1.0467,120,0
rep2,1.0467,121,0
rep2,1.0468,122,0
rep2,1.0468,123,0
rep2,1.0469,124,0
rep2,1.047,125,0
rep2,1.047,126,0
rep2,1.047,127,0
rep2,1.0472,128,0
rep2,1.0472,129,0
rep2,1.0473,130,0
rep2,1.0474,131,0
rep2,1.0474,132,0
rep2,1.0475,133,0
rep2,1.0476,134,0
rep2,1.0476,135,0
rep2,1.0477,136,0
rep2,1.0477,137,0
rep2,1.0478,138,0
rep2,1.0478,139,0
rep2,1.0479,140,0
rep2,1.048,141,0
rep2,1.048,142,0
rep2,1.0481,143,0
rep2,1.0481,144,0
rep2,1.0482,145,0
rep2,1.0482,146,0
rep2,1.0483,147,0
rep2,1.0486,148,0
rep2,1.0487,149,0
rep2,1.0487,150,0
rep2,1.0488,151,0
rep2,1.0488,152,0
rep2,1.0488,153,0
rep2,1.0488,154,0
rep2,1.0489,155,0
rep2,1.049,156,0
rep2,1.049,157,0
rep2,1.0491,158,0
rep2,1.0491,159,0
rep2,1.0491,160,0
rep2,1.0493,161,0
rep2,1.0494,162,0
rep2,1.0494,163,0
rep2,1.0494,164,0
rep2,1.0496,165,0
rep2,1.0496,166,0
rep2,1.0496,167,0
rep2,1.0497,168,0
rep2,1.0497,169,0
rep2,1.0498,170,0
rep2,1.0499,171,0
rep2,1.05,172,0
rep2,1.0501,173,0
rep2,1.0501,174,0
rep2,1.0501,175,0
rep2,1.0501,176,0
rep2,1.0502,177,0
rep2,1.0502,178,0
rep2,1.0503,179,0
rep2,1.0504,180,0
rep2,1.0505,181,0
rep2,1.0505,182,0
rep2,1.0505,183,0
rep2,1.0506,184,0
rep2,1.0506,185,0
rep2,1.0507,186,0
rep2,1.0507,187,0
rep2,1.0508,188,0
rep2,1.0508,189,0
rep2,1.051,190,0
rep2,1.0512,191,0
rep2,1.0512,192,0
rep2,1.0512,193,0
rep2,1.0512,194,0
rep2,1.0515,195,0
rep2,1.0515,196,0
rep2,1.0518,197,0
rep2,1.052,198,0
rep2,1.0521,199,0
rep2,1.0521,200,0
rep2,1.0521,201,0
rep2,1.0522,202,0
rep2,1.0523,203,0
rep2,1.0523,204,0
rep2,1.0525,205,0
rep2,1.0526,206,0
rep2,1.0526,207,0
rep2,1.0526,208,0
rep2,1.0527,209,0
rep2,1.0528,210,0
rep2,1.0529,211,0
rep2,1.0529,212,0
rep2,1.0529,213,0
rep2,1.053,214,0
rep2,1.053,215,0
rep2,1.0532,216,0
rep2,1.0532,217,0
rep2,1.0532,218,0
rep2,1.0533,219,0
rep2,1.0533,220,0
rep2,1.0534,221,0
rep2,1.0535,222,0
rep2,1.0535,223,0
rep2,1.0536,224,0
rep2,1.0537,225,0
rep2,1.0538,226,0
rep2,1.0538,227,0
rep2,1.0538,228,0
rep2,1.054,229,0
rep2,1.054,230,0
rep2,1.0541,231,0
rep2,1.0542,232,0
rep2,1.0544,233,0
rep2,1.0544,234,0
rep2,1.0544,235,0
rep2,1.0545,236,0
rep2,1.0547,237,0
rep2,1.055,238,0
rep2,1.0552,239,0
rep2,1.0552,240,0
rep2,1.0552,241,0
rep2,1.0553,242,0
rep2,1.0554,243,0
rep2,1.0554,244,0
rep2,1.0556,245,0
rep2,1.0558,246,0
rep2,1.056,247,0
rep2,1.056,248,0
rep2,1.0562,249,0
rep2,1.0562,250,0
rep2,1.0564,251,0
rep2,1.0567,252,0
rep2,1.0568,253,0
rep2,1.0569,254,0
rep2,1.0569,255,0
rep2,1.0573,256,0
rep2,1.0575,257,0
rep2,1.0578,258,0
rep2,1.058,259,0
rep2,1.058,260,0
rep2,1.0581,261,0
rep2,1.0581,262,0
rep2,1.0582,263,0
rep2,1.0582,264,0
rep2,1.0583,265,0
rep2,1.0584,266,0
rep2,1.0585,267,0
rep2,1.0585,268,0
rep2,1.0588,269,0
rep2,1.0588,270,0
rep2,1.0588,271,0
rep2,1.0589,272,0
rep2,1.0591,273,0
rep2,1.0592,274,0
rep2,1.0594,275,0
rep2,1.0595,276,0
rep2,1.0597,277,0
rep2,1.0599,278,0
rep2,1.06,279,0
rep2,1.06,280,0
rep2,1.0601,281,0
rep2,1.0601,282,0
rep2,1.0603,283,0
rep2,1.0609,284,0
rep2,1.0613,285,0
rep2,1.0616,286,0
rep2,1.0616,287,0
rep2,1.0621,288,0
rep2,1.0622,289,0
rep2,1.0624,290,0
rep2,1.0625,291,0
rep2,1.0626,292,0
rep2,1.0633,293,0
rep2,1.0637,294,0
rep2,1.0639,295,0
rep2,1.0644,296,0
rep2,1.0644,297,0
rep2,1.0645,298,0
rep2,1.0646,299,0
rep2,1.0646,300,0
rep2,1.0647,301,0
rep2,1.0648,302,0
rep2,1.065,303,0
rep2,1.0652,304,0
rep2,1.0653,305,0
rep2,1.0653,306,0
rep2,1.0657,307,0
rep2,1.0658,308,0
rep2,1.0665,309,0
rep2,1.0669,310,0
rep2,1.0673,311,0
rep2,1.0674,312,0
rep2,1.0677,313,0
rep2,1.0678,314,0
rep2,1.068,315,0
rep2,1.068,316,0
rep2,1.0681,317,0
rep2,1.0688,318,0
rep2,1.0696,319,0
rep2,1.0697,320,0
rep2,1.0703,321,0
rep2,1.0705,322,0
rep2,1.0725,323,0
rep2,1.0731,324,0
rep2,1.0753,325,0
rep2,1.0762,326,0
rep2,1.0767,327,0
rep2,1.0776,328,0
rep2,1.078,329,0
rep2,1.078,330,0
rep2,1.078,331,0
rep2,1.078,332,0
rep2,1.078,333,0
rep2,1.0781,334,0
rep2,1.0782,335,0
rep2,1.0782,336,0
rep2,1.0782,337,0
rep2,1.0782,338,0
rep2,1.0782,339,0
rep2,1.0783,340,0
rep2,1.0783,341,0
rep2,1.0783,342,0
rep2,1.0783,343,0
rep2,1.0784,344,0
rep2,1.0784,345,0
rep2,1.0784,346,0
rep2,1.0785,347,0
rep2,1.0785,348,0
rep2,1.0785,349,0
rep2,1.0786,350,0
rep2,1.0787,351,0
rep2,1.0787,352,0
rep2,1.0787,353,0
rep2,1.0788,354,0
rep2,1.0788,355,0
rep2,1.0789,356,0
rep2,1.0789,357,0
rep2,1.0789,358,0
rep2,1.079,359,0
rep2,1.079,360,0
rep2,1.0791,361,0
rep2,1.0791,362,0
rep2,1.0791,363,0
rep2,1.0792,364,0
rep2,1.0792,365,0
rep2,1.0792,366,0
rep2,1.0793,367,0
rep2,1.0793,368,0
rep2,1.0793,369,0
rep2,1.0794,370,0
rep2,1.0794,371,0
rep2,1.0795,372,0
rep2,1.0795,373,0
rep2,1.0795,374,0
rep2,1.0795,375,0
rep2,1.0795,376,0
rep2,1.0796,377,0
rep2,1.0797,378,0
rep2,1.0797,379,0
rep2,1.0797,380,0
rep2,1.0797,381,0
rep2,1.0798,382,0
rep2,1.0798,383,0
rep2,1.0798,384,0
rep2,1.0798,385,0
rep2,1.0799,386,0
rep2,1.0799,387,0
rep2,1.0799,388,0
rep2,1.08,389,0
rep2,1.08,390,0
rep2,1.08,391,0
rep2,1.0801,392,0
rep2,1.0801,393,0
rep2,1.0801,394,0
rep2,1.0802,395,0
rep2,1.0802,396,0
rep2,1.0803,397,0
rep2,1.0803,398,0
rep2,1.0804,399,0
rep2,1.0804,400,0
rep2,1.0804,401,0
rep2,1.0805,402,0
rep2,1.0805,403,0
rep2,1.0806,404,0
rep2,1.0806,405,0
rep2,1.0807,406,0
rep2,1.0807,407,0
rep2,1.0808,408,0
rep2,1.0809,409,0
rep2,1.0809,410,0
rep2,1.0809,411,0
rep2,1.0809,412,0
rep2,1.0809,413,0
rep2,1.081,414,0
rep2,1.0811,415,0
rep2,1.0811,416,0
rep2,1.0812,417,0
rep2,1.0812,418,0
rep2,1.0813,419,0
rep2,1.0813,420,0
rep2,1.0814,421,0
rep2,1.0815,422,0
rep2,1.0815,423,0
rep2,1.0815,424,0
rep2,1.0815,425,0
rep2,1.0816,426,0
rep2,1.0816,427,0
rep2,1.0816,428,0
rep2,1.0817,429,0
rep2,1.0817,430,0
rep2,1.0817,431,0
rep2,1.0817,432,0
rep2,1.0817,433,0
rep2,1.0818,434,0
rep2,1.0818,435,0
rep2,1.0819,436,0
rep2,1.0819,437,0
rep2,1.082,438,0
rep2,1.0821,439,0
rep2,1.0822,440,0
rep2,1.0822,441,0
rep2,1.0823,442,0
rep2,1.0823,443,0
rep2,1.0823,444,0
rep2,1.0823,445,0
rep2,1.0824,446,0
rep2,1.0824,447,0
rep2,1.0827,448,0
rep2,1.0827,449,0
rep2,1.0828,450,0
rep2,1.0828,451,0
rep2,1.0829,452,0
rep2,1.083,453,0
rep2,1.083,454,0
rep2,1.083,455,0
rep2,1.0831,456,0
rep2,1.0831,457,0
rep2,1.0831,458,0
rep2,1.0832,459,0
rep2,1.0834,460,0
rep2,1.0834,461,0
rep2,1.0834,462,0
rep2,1.0834,463,0
rep2,1.0834,464,0
rep2,1.0834,465,0
rep2,1.0836,466,0
rep2,1.0837,467,0
rep2,1.0838,468,0
rep2,1.0839,469,0
rep2,1.0839,470,0
rep2,1.0839,471,0
rep2,1.084,472,0
rep2,1.0841,473,0
rep2,1.0843,474,0
rep2,1.0844,475,0
rep2,1.0844,476,0
rep2,1.0844,477,0
rep2,1.0845,478,0
rep2,1.0846,479,0
rep2,1.0848,480,0
rep2,1.0848,481,0
rep2,1.0849,482,0
rep2,1.085,483,0
rep2,1.085,484,0
rep2,1.0851,485,0
rep2,1.0851,486,0
rep2,1.0851,487,0
rep2,1.0852,488,0
rep2,1.0852,489,0
rep2,1.0855,490,0
rep2,1.0855,491,0
rep2,1.0857,492,0
rep2,1.0857,493,0
rep2,1.0858,494,0
rep2,1.0858,495,0
rep2,1.0859,496,0
rep2,1.0859,497,0
rep2,1.0859,498,0
rep2,1.086,499,0
rep2,1.0862,500,0
rep2,1.0863,501,0
rep2,1.0863,502,0
rep2,1.0864,503,0
rep2,1.0864,504,0
rep2,1.0864,505,0
rep2,1.0865,506,0
rep2,1.0867,507,0
rep2,1.0867,508,0
rep2,1.0867,509,0
rep2,1.0868,510,0
rep2,1.087,511,0
rep2,1.087,512,0
rep2,1.0871,513,0
rep2,1.0871,514,0
rep2,1.0872,515,0
rep2,1.0872,516,0
rep2,1.0874,517,0
rep2,1.0874,518,0
rep2,1.0874,519,0
rep2,1.0875,520,0
rep2,1.0876,521,0
rep2,1.0877,522,0
rep2,1.0878,523,0
rep2,1.088,524,0
rep2,1.088,525,0
rep2,1.0882,526,0
rep2,1.0882,527,0
rep2,1.0885,528,0
rep2,1.0886,529,0
rep2,1.0887,530,0
rep2,1.0888,531,0
rep2,1.0891,532,0
rep2,1.0892,533,0
rep2,1.0893,534,0
rep2,1.0894,535,0
rep2,1.0894,536,0
rep2,1.0896,537,0
rep2,1.0897,538,0
rep2,1.0901,539,0
rep2,1.0901,540,0
rep2,1.0902,541,0
rep2,1.0902,542,0
rep2,1.0903,543,0
rep2,1.0906,544,0
rep2,1.0906,545,0
rep2,1.0908,546,0
rep2,1.0909,547,0
rep2,1.0911,548,0
rep2,1.0911,549,0
rep2,1.0912,550,0
rep2,1.0915,551,0
rep2,1.0915,552,0
rep2,1.0915,553,0
rep2,1.0916,554,0
rep2,1.0918,555,0
rep2,1.0919,556,0
rep2,1.0919,557,0
rep2,1.0923,558,0
rep2,1.0923,559,0
rep2,1.0924,560,0
rep2,1.0924,561,0
rep2,1.0925,562,0
rep2,1.0927,563,0
rep2,1.0927,564,0
rep2,1.0935,565,0
rep2,1.0937,566,0
rep2,1.0937,567,0
rep2,1.0938,568,0
rep2,1.0939,569,0
rep2,1.0939,570,0
rep2,1.0939,571,0
rep2,1.094,572,0
rep2,1.094,573,0
rep2,1.094,574,0
rep2,1.0947,575,0
rep2,1.0947,576,0
rep2,1.0948,577,0
rep2,1.095,578,0
rep2,1.0952,579,0
rep2,1.0952,580,0
rep2,1.0959,581,0
rep2,1.0962,582,0
rep2,1.0963,583,0
rep2,1.0963,584,0
rep2,1.0966,585,0
rep2,1.0967,586,0
rep2,1.0968,587,0
rep2,1.097,588,0
rep2,1.097,589,0
rep2,1.0974,590,0
rep2,1.0978,591,0
rep2,1.0979,592,0
rep2,1.0979,593,0
rep2,1.0984,594,0
rep2,1.0985,595,0
rep2,1.0992,596,0
rep2,1.0996,597,0
rep2,1.0996,598,0
rep2,1.1,599,0
rep2,1.1002,600,0
rep2,1.1007,601,0
rep2,1.1011,602,0
rep2,1.1012,603,0
rep2,1.1012,604,0
rep2,1.1015,605,0
rep2,1.1018,606,0
rep2,1.1018,607,0
rep2,1.1021,608,0
rep2,1.1023,609,0
rep2,1.1028,610,0
rep2,1.1028,611,0
rep2,1.1029,612,0
rep2,1.103,613,0
rep2,1.103,614,0
rep2,1.1031,615,0
rep2,1.1031,616,0
rep2,1.1032,617,0
rep2,1.1038,618,0
rep2,1.1041,619,0
rep2,1.1043,620,0
rep2,1.1045,621,0
rep2,1.1051,622,0
rep2,1.1054,623,0
rep2,1.1055,624,0
rep2,1.1069,625,0
rep2,1.1076,626,0
rep2,1.1082,627,0
rep2,1.1082,628,0
rep2,1.1085,629,0
rep2,1.1086,630,0
rep2,1.1089,631,0
rep2,1.1097,632,0
rep2,1.1102,633,0
rep2,1.1103,634,0
rep2,1.1107,635,0
rep2,1.1107,636,0
rep2,1.111,637,0
rep2,1.1111,638,0
rep2,1.1111,639,0
rep2,1.1112,640,0
rep2,1.1115,641,0
rep2,1.1115,642,0
rep2,1.1115,643,0
rep2,1.1115,644,0
rep2,1.1115,645,0
rep2,1.1116,646,0
rep2,1.1117,647,0
rep2,1.1118,648,0
rep2,1.1118,649,0
rep2,1.1119,650,0
rep2,1.1119,651,0
rep2,1.1119,652,0
rep2,1.1119,653,0
rep2,1.1119,654,0
rep2,1.1119,655,0
rep2,1.1119,656,0
rep2,1.112,657,0
rep2,1.112,658,0
rep2,1.1121,659,0
rep2,1.1122,660,0
rep2,1.1122,661,0
rep2,1.1123,662,0
rep2,1.1123,663,0
rep2,1.1123,664,0
rep2,1.1123,665,0
rep2,1.1123,666,0
rep2,1.1124,667,0
rep2,1.1125,668,0
rep2,1.1125,669,0
rep2,1.1126,670,0
rep2,1.1127,671,0
rep2,1.1128,672,0
rep2,1.1128,673,0
rep2,1.1129,674,0
rep2,1.1129,675,0
rep2,1.1129,676,0
rep2,1.1129,677,0
rep2,1.113,678,0
rep2,1.1131,679,0
rep2,1.1131,680,0
rep2,1.1132,681,0
rep2,1.1132,682,0
rep2,1.1133,683,0
rep2,1.1133,684,0
rep2,1.1134,685,0
rep2,1.1134,686,0
rep2,1.1135,687,0
rep2,1.1136,688,0
rep2,1.1136,689,0
rep2,1.1137,690,0
rep2,1.1138,691,0
rep2,1.1138,692,0
rep2,1.1139,693,0
rep2,1.1139,694,0
rep2,1.1139,695,0
rep2,1.1141,696,0
rep2,1.1142,697,0
rep2,1.1142,698,0
rep2,1.1143,699,0
rep2,1.1143,700,0
rep2,1.1145,701,0
rep2,1.1147,702,0
rep2,1.1148,703,0
rep2,1.1148,704,0
rep2,1.1148,705,0
rep2,1.1148,706,0
rep2,1.1148,707,0
rep2,1.1149,708,0
rep2,1.1149,709,0
rep2,1.115,710,0
rep2,1.115,711,0
rep2,1.1151,712,0
rep2,1.1151,713,0
rep2,1.1153,714,0
rep2,1.1153,715,0
rep2,1.1153,716,0
rep2,1.1153,717,0
rep2,1.1153,718,0
rep2,1.1154,719,0
rep2,1.1154,720,0
rep2,1.1154,721,0
rep2,1.1155,722,0
rep2,1.1156,723,0
rep2,1.1157,724,0
rep2,1.1157,725,0
rep2,1.1157,726,0
rep2,1.1157,727,0
rep2,1.1158,728,0
rep2,1.116,729,0
rep2,1.116,730,0
rep2,1.116,731,0
rep2,1.1161,732,0
rep2,1.1161,733,0
rep2,1.1161,734,0
rep2,1.1162,735,0
rep2,1.1162,736,0
rep2,1.1163,737,0
rep2,1.1163,738,0
rep2,1.1163,739,0
rep2,1.1164,740,0
rep2,1.1165,741,0
rep2,1.1166,742,0
rep2,1.1167,743,0
rep2,1.1168,744,0
rep2,1.117,745,0
rep2,1.1172,746,0
rep2,1.1172,747,0
rep2,1.1172,748,0
rep2,1.1173,749,0
rep2,1.1173,750,0
rep2,1.1173,751,0
rep2,1.1173,752,0
rep2,1.1174,753,0
rep2,1.1175,754,0
rep2,1.1175,755,0
rep2,1.1176,756,0
rep2,1.1178,757,0
rep2,1.1179,758,0
rep2,1.1179,759,0
rep2,1.118,760,0
rep2,1.118,761,0
rep2,1.1181,762,0
rep2,1.1185,763,0
rep2,1.1187,764,0
rep2,1.1188,765,0
rep2,1.1188,766,0
rep2,1.1188,767,0
rep2,1.1189,768,0
rep2,1.1191,769,0
rep2,1.1191,770,0
rep2,1.1191,771,0
rep2,1.1192,772,0
rep2,1.1192,773,0
rep2,1.1193,774,0
rep2,1.1196,775,0
rep2,1.1197,776,0
rep2,1.1198,777,0
rep2,1.1199,778,0
rep2,1.1199,779,0
rep2,1.1199,780,0
rep2,1.12,781,0
rep2,1.1201,782,0
rep2,1.1202,783,0
rep2,1.1202,784,0
rep2,1.1203,785,0
rep2,1.1203,786,0
rep2,1.1205,787,0
rep2,1.1206,788,0
rep2,1.1206,789,0
rep2,1.1207,790,0
rep2,1.1208,791,0
rep2,1.1208,792,0
rep2,1.1209,793,0
rep2,1.1211,794,0
rep2,1.1211,795,0
rep2,1.1212,796,0
rep2,1.1213,797,0
rep2,1.1213,798,0
rep2,1.1215,799,0
rep2,1.1217,800,0
rep2,1.1218,801,0
rep2,1.1222,802,0
rep2,1.1223,803,0
rep2,1.1223,804,0
rep2,1.1224,805,0
rep2,1.1224,806,0
rep2,1.1225,807,0
rep2,1.1226,808,0
rep2,1.1227,809,0
rep2,1.123,810,0
rep2,1.1231,811,0
rep2,1.1231,812,0
rep2,1.1231,813,0
rep2,1.1233,814,0
rep2,1.1234,815,0
rep2,1.1235,816,0
rep2,1.1237,817,0
rep2,1.1237,818,0
rep2,1.124,819,0
rep2,1.1245,820,0
rep2,1.1246,821,0
rep2,1.1247,822,0
rep2,1.1248,823,0
rep2,1.1248,824,0
rep2,1.1248,825,0
rep2,1.1249,826,0
rep2,1.1251,827,0
rep2,1.1253,828,0
rep2,1.1254,829,0
rep2,1.1258,830,0
rep2,1.126,831,0
rep2,1.1261,832,0
rep2,1.1262,833,0
rep2,1.1264,834,0
rep2,1.1266,835,0
rep2,1.1267,836,0
rep2,1.1267,837,0
rep2,1.1267,838,0
rep2,1.1268,839,0
rep2,1.1269,840,0
rep2,1.1271,841,0
rep2,1.1272,842,0
rep2,1.1273,843,0
rep2,1.1278,844,0
rep2,1.1281,845,0
rep2,1.1282,846,0
rep2,1.1282,847,0
rep2,1.1283,848,0
rep2,1.1285,849,0
rep2,1.1286,850,0
rep2,1.1286,851,0
rep2,1.1287,852,0
rep2,1.1287,853,0
rep2,1.1288,854,0
rep2,1.1289,855,0
rep2,1.1289,856,0
rep2,1.1292,857,0
rep2,1.1296,858,0
rep2,1.1297,859,0
rep2,1.1297,860,0
rep2,1.13,861,0
rep2,1.1302,862,0
rep2,1.1305,863,0
rep2,1.1306,864,0
rep2,1.1307,865,0
rep2,1.1317,866,0
rep2,1.132,867,0
rep2,1.1323,868,0
rep2,1.1324,869,0
rep2,1.1325,870,0
rep2,1.1325,871,0
rep2,1.1328,872,0
rep2,1.1331,873,0
rep2,1.1335,874,0
rep2,1.1337,875,0
rep2,1.1344,876,0
rep2,1.1344,877,0
rep2,1.1345,878,0
rep2,1.1347,879,0
rep2,1.1349,880,0
rep2,1.135,881,0
rep2,1.1352,882,0
rep2,1.1354,883,0
rep2,1.1356,884,0
rep2,1.1357,885,0
rep2,1.136,886,0
rep2,1.136,887,0
rep2,1.1363,888,0
rep2,1.1367,889,0
rep2,1.1367,890,0
rep2,1.1368,891,0
rep2,1.1369,892,0
rep2,1.1369,893,0
rep2,1.1371,894,0
rep2,1.1372,895,0
rep2,1.1373,896,0
rep2,1.1375,897,0
rep2,1.138,898,0
rep2,1.138,899,0
rep2,1.1383,900,0
rep2,1.1383,901,0
rep2,1.1384,902,0
rep2,1.1385,903,0
rep2,1.139,904,0
rep2,1.1392,905,0
rep2,1.1394,906,0
rep2,1.1399,907,0
rep2,1.14,908,0
rep2,1.1403,909,0
rep2,1.1407,910,0
rep2,1.141,911,0
rep2,1.1416,912,0
rep2,1.1417,913,0
rep2,1.1418,914,0
rep2,1.142,915,0
rep2,1.142,916,0
rep2,1.1422,917,0
rep2,1.1422,918,0
rep2,1.1423,919,0
rep2,1.1425,920,0
rep2,1.1434,921,0
rep2,1.1439,922,0
rep2,1.1449,923,0
rep2,1.1449,924,0
rep2,1.1452,925,0
rep2,1.1452,926,0
rep2,1.1453,927,0
rep2,1.1454,928,0
rep2,1.1454,929,0
rep2,1.1454,930,0
rep2,1.1455,931,0
rep2,1.1456,932,0
rep2,1.1456,933,0
rep2,1.1457,934,0
rep2,1.1457,935,0
rep2,1.1457,936,0
rep2,1.1458,937,0
rep2,1.1458,938,0
rep2,1.1459,939,0
rep2,1.1459,940,0
rep2,1.146,941,0
rep2,1.146,942,0
rep2,1.146,943,0
rep2,1.146,944,0
rep2,1.1462,945,0
rep2,1.1462,946,0
rep2,1.1463,947,0
rep2,1.1463,948,0
rep2,1.1464,949,0
rep2,1.1467,950,0
rep2,1.1469,951,0
rep2,1.1469,952,0
rep2,1.147,953,0
rep2,1.147,954,0
rep2,1.147,955,0
rep2,1.1471,956,0
rep2,1.1471,957,0
rep2,1.1471,958,0
rep2,1.1472,959,0
rep2,1.1473,960,0
rep2,1.1473,961,0
rep2,1.1474,962,0
rep2,1.1475,963,0
rep2,1.1476,964,0
rep2,1.1477,965,0
rep2,1.1477,966,0
rep2,1.1478,967,0
rep2,1.1478,968,0
rep2,1.1478,969,0
rep2,1.1478,970,0
rep2,1.1479,971,0
rep2,1.1479,972,0
rep2,1.1479,973,0
rep2,1.148,974,0
rep2,1.148,975,0
rep2,1.148,976,0
rep2,1.148,977,0
rep2,1.1481,978,0
rep2,1.1482,979,0
rep2,1.1482,980,0
rep2,1.1483,981,0
rep2,1.1483,982,0
rep2,1.1483,983,0
rep2,1.1485,984,0
rep2,1.1486,985,0
rep2,1.1488,986,0
rep2,1.1488,987,0
rep2,1.1489,988,0
rep2,1.1489,989,0
rep2,1.149,990,0
rep2,1.149,991,0
rep2,1.149,992,0
rep2,1.1491,993,0
rep2,1.1491,994,0
rep2,1.1492,995,0
rep2,1.1496,996,0
rep2,1.1499,997,0
rep2,1.1499,998,0
rep2,1.15,999,0
rep2,1.15,1000,0
rep2,1.1501,1001,0
rep2,1.1502,1002,0
rep2,1.1502,1003,0
rep2,1.1502,1004,0
rep2,1.1502,1005,0
rep2,1.1504,1006,0
rep2,1.1504,1007,0
rep2,1.1505,1008,0
rep2,1.1505,1009,0
rep2,1.1506,1010,0
rep2,1.1507,1011,0
rep2,1.1508,1012,0
rep2,1.1509,1013,0
rep2,1.151,1014,0
rep2,1.151,1015,0
rep2,1.1512,1016,0
rep2,1.1513,1017,0
rep2,1.1513,1018,0
rep2,1.1513,1019,0
rep2,1.1514,1020,0
rep2,1.1514,1021,0
rep2,1.1516,1022,0
rep2,1.1517,1023,0
rep2,1.1519,1024,0
rep2,1.1519,1025,0
rep2,1.1521,1026,0
rep2,1.1521,1027,0
rep2,1.1522,1028,0
rep2,1.1522,1029,0
rep2,1.1523,1030,0
rep2,1.1524,1031,0
rep2,1.1525,1032,0
rep2,1.1525,1033,0
rep2,1.1526,1034,0
rep2,1.1527,1035,0
rep2,1.1527,1036,0
rep2,1.1529,1037,0
rep2,1.1531,1038,0
rep2,1.1532,1039,0
rep2,1.1533,1040,0
rep2,1.1534,1041,0
rep2,1.1534,1042,0
rep2,1.1537,1043,0
rep2,1.1538,1044,0
rep2,1.1538,1045,0
rep2,1.1538,1046,0
rep2,1.1543,1047,0
rep2,1.1544,1048,0
rep2,1.1544,1049,0
rep2,1.1548,1050,0
rep2,1.1551,1051,0
rep2,1.1552,1052,0
rep2,1.1555,1053,0
rep2,1.1555,1054,0
rep2,1.1555,1055,0
rep2,1.1555,1056,0
rep2,1.1556,1057,0
rep2,1.1557,1058,0
rep2,1.1557,1059,0
rep2,1.1559,1060,0
rep2,1.156,1061,0
rep2,1.1561,1062,0
rep2,1.1561,1063,0
rep2,1.1563,1064,0
rep2,1.1564,1065,0
rep2,1.1565,1066,0
rep2,1.1568,1067,0
rep2,1.1568,1068,0
rep2,1.1568,1069,0
rep2,1.1569,1070,0
rep2,1.157,1071,0
rep2,1.1575,1072,0
rep2,1.1576,1073,0
rep2,1.1577,1074,0
rep2,1.1577,1075,0
rep2,1.1578,1076,0
rep2,1.1578,1077,0
rep2,1.1582,1078,0
rep2,1.1584,1079,0
rep2,1.1586,1080,0
rep2,1.159,1081,0
rep2,1.159,1082,0
rep2,1.159,1083,0
rep2,1.1592,1084,0
rep2,1.1592,1085,0
rep2,1.1593,1086,0
rep2,1.1593,1087,0
rep2,1.1594,1088,0
rep2,1.1595,1089,0
rep2,1.1597,1090,0
rep2,1.1598,1091,0
rep2,1.1598,1092,0
rep2,1.1599,1093,0
rep2,1.1599,1094,0
rep2,1.1599,1095,0
rep2,1.16,1096,0
rep2,1.1602,1097,0
rep2,1.1603,1098,0
rep2,1.1604,1099,0
rep2,1.1606,1100,0
rep2,1.1608,1101,0
rep2,1.1613,1102,0
rep2,1.1613,1103,0
rep2,1.1616,1104,0
rep2,1.1618,1105,0
rep2,1.162,1106,0
rep2,1.162,1107,0
rep2,1.1622,1108,0
rep2,1.1624,1109,0
rep2,1.1625,1110,0
rep2,1.1625,1111,0
rep2,1.1628,1112,0
rep2,1.1629,1113,0
rep2,1.1634,1114,0
rep2,1.1636,1115,0
rep2,1.1637,1116,0
rep2,1.1638,1117,0
rep2,1.1639,1118,0
rep2,1.1639,1119,0
rep2,1.164,1120,0
rep2,1.164,1121,0
rep2,1.1642,1122,0
rep2,1.1644,1123,0
rep2,1.1645,1124,0
rep2,1.1646,1125,0
rep2,1.1646,1126,0
rep2,1.1646,1127,0
rep2,1.1647,1128,0
rep2,1.165,1129,0
rep2,1.1652,1130,0
rep2,1.1653,1131,0
rep2,1.1656,1132,0
rep2,1.1657,1133,0
rep2,1.1658,1134,0
rep2,1.1658,1135,0
rep2,1.1661,1136,0
rep2,1.1662,1137,0
rep2,1.1667,1138,0
rep2,1.1669,1139,0
rep2,1.1669,1140,0
rep2,1.1674,1141,0
rep2,1.1677,1142,0
rep2,1.1679,1143,0
rep2,1.1681,1144,0
rep2,1.1687,1145,0
rep2,1.169,1146,0
rep2,1.1692,1147,0
rep2,1.1694,1148,0
rep2,1.1703,1149,0
rep2,1.1706,1150,0
rep2,1.1706,1151,0
rep2,1.1707,1152,0
rep2,1.1708,1153,0
rep2,1.1709,1154,0
rep2,1.1709,1155,0
rep2,1.171,1156,0
rep2,1.1711,1157,0
rep2,1.1713,1158,0
rep2,1.1713,1159,0
rep2,1.1716,1160,0
rep2,1.1717,1161,0
rep2,1.1719,1162,0
rep2,1.1719,1163,0
rep2,1.172,1164,0
rep2,1.1728,1165,0
rep2,1.1729,1166,0
rep2,1.1733,1167,0
rep2,1.1733,1168,0
rep2,1.1736,1169,0
rep2,1.1742,1170,0
rep2,1.1743,1171,0
rep2,1.175,1172,0
rep2,1.175,1173,0
rep2,1.1751,1174,0
rep2,1.1752,1175,0
rep2,1.1755,1176,0
rep2,1.1757,1177,0
rep2,1.1758,1178,0
rep2,1.176,1179,0
rep2,1.1762,1180,0
rep2,1.1762,1181,0
rep2,1.177,1182,0
rep2,1.1776,1183,0
rep2,1.1778,1184,0
rep2,1.1778,1185,0
rep2,1.1779,1186,0
rep2,1.1784,1187,0
rep2,1.1784,1188,0
rep2,1.1786,1189,0
rep2,1.1786,1190,0
rep2,1.1786,1191,0
rep2,1.1786,1192,0
rep2,1.1786,1193,0
rep2,1.1787,1194,0
rep2,1.1787,1195,0
rep2,1.1787,1196,0
rep2,1.1787,1197,0
rep2,1.1787,1198,0
rep2,1.1788,1199,0
rep2,1.1788,1200,0
rep2,1.1788,1201,0
rep2,1.1789,1202,0
rep2,1.1789,1203,0
rep2,1.179,1204,0
rep2,1.179,1205,0
rep2,1.179,1206,0
rep2,1.179,1207,0
rep2,1.179,1208,0
rep2,1.1791,1209,0
rep2,1.1791,1210,0
rep2,1.1791,1211,0
rep2,1.1791,1212,0
rep2,1.1792,1213,0
rep2,1.1792,1214,0
rep2,1.1793,1215,0
rep2,1.1794,1216,0
rep2,1.1794,1217,0
rep2,1.1795,1218,0
rep2,1.1795,1219,0
rep2,1.1796,1220,0
rep2,1.1796,1221,0
rep2,1.1796,1222,0
rep2,1.1796,1223,0
rep2,1.1796,1224,0
rep2,1.1797,1225,0
rep2,1.1797,1226,0
rep2,1.1798,1227,0
rep2,1.1799,1228,0
rep2,1.1799,1229,0
rep2,1.18,1230,0
rep2,1.18,1231,0
rep2,1.1801,1232,0
rep2,1.1801,1233,0
rep2,1.1801,1234,0
rep2,1.1801,1235,0
rep2,1.1802,1236,0
rep2,1.1803,1237,0
rep2,1.1803,1238,0
rep2,1.1803,1239,0
rep2,1.1804,1240,0
rep2,1.1804,1241,0
rep2,1.1804,1242,0
rep2,1.1804,1243,0
rep2,1.1805,1244,0
rep2,1.1805,1245,0
rep2,1.1805,1246,0
rep2,1.1806,1247,0
rep2,1.1806,1248,0
rep2,1.1806,1249,0
rep2,1.1808,1250,0
rep2,1.1808,1251,0
rep2,1.1808,1252,0
rep2,1.1809,1253,0
rep2,1.1809,1254,0
rep2,1.1809,1255,0
rep2,1.181,1256,0
rep2,1.181,1257,0
rep2,1.1811,1258,0
rep2,1.1811,1259,0
rep2,1.1812,1260,0
rep2,1.1812,1261,0
rep2,1.1812,1262,0
rep2,1.1813,1263,0
rep2,1.1813,1264,0
rep2,1.1813,1265,0
rep2,1.1814,1266,0
rep2,1.1814,1267,0
rep2,1.1814,1268,0
rep2,1.1814,1269,0
rep2,1.1814,1270,0
rep2,1.1815,1271,0
rep2,1.1815,1272,0
rep2,1.1816,1273,0
rep2,1.1816,1274,0
rep2,1.1816,1275,0
rep2,1.1817,1276,0
rep2,1.1818,1277,0
rep2,1.1819,1278,0
rep2,1.182,1279,0
rep2,1.182,1280,0
rep2,1.1821,1281,0
rep2,1.1823,1282,0
rep2,1.1824,1283,0
rep2,1.1824,1284,0
rep2,1.1825,1285,0
rep2,1.1825,1286,0
rep2,1.1825,1287,0
rep2,1.1825,1288,0
rep2,1.1826,1289,0
rep2,1.1827,1290,0
rep2,1.1828,1291,0
rep2,1.1828,1292,0
rep2,1.1828,1293,0
rep2,1.1829,1294,0
rep2,1.1829,1295,0
rep2,1.1829,1296,0
rep2,1.183,1297,0
rep2,1.183,1298,0
rep2,1.1831,1299,0
rep2,1.1831,1300,0
rep2,1.1832,1301,0
rep2,1.1834,1302,0
rep2,1.1834,1303,0
rep2,1.1834,1304,0
rep2,1.1835,1305,0
rep2,1.1835,1306,0
rep2,1.1835,1307,0
rep2,1.1836,1308,0
rep2,1.1836,1309,0
rep2,1.1837,1310,0
rep2,1.1837,1311,0
rep2,1.1838,1312,0
rep2,1.1838,1313,0
rep2,1.1838,1314,0
rep2,1.1838,1315,0
rep2,1.1839,1316,0
rep2,1.1839,1317,0
rep2,1.184,1318,0
rep2,1.184,1319,0
rep2,1.1841,1320,0
rep2,1.1841,1321,0
rep2,1.1842,1322,0
rep2,1.1842,1323,0
rep2,1.1842,1324,0
rep2,1.1842,1325,0
rep2,1.1843,1326,0
rep2,1.1845,1327,0
rep2,1.1846,1328,0
rep2,1.1847,1329,0
rep2,1.1849,1330,0
rep2,1.185,1331,0
rep2,1.185,1332,0
rep2,1.1851,1333,0
rep2,1.1852,1334,0
rep2,1.1852,1335,0
rep2,1.1852,1336,0
rep2,1.1852,1337,0
rep2,1.1852,1338,0
rep2,1.1853,1339,0
rep2,1.1854,1340,0
rep2,1.1854,1341,0
rep2,1.1854,1342,0
rep2,1.1855,1343,0
rep2,1.1855,1344,0
rep2,1.1855,1345,0
rep2,1.1856,1346,0
rep2,1.1856,1347,0
rep2,1.1856,1348,0
rep2,1.1857,1349,0
rep2,1.1857,1350,0
rep2,1.1858,1351,0
rep2,1.1858,1352,0
rep2,1.1858,1353,0
rep2,1.1858,1354,0
rep2,1.1859,1355,0
rep2,1.186,1356,0
rep2,1.186,1357,0
rep2,1.1861,1358,0
rep2,1.1861,1359,0
rep2,1.1861,1360,0
rep2,1.1864,1361,0
rep2,1.1864,1362,0
rep2,1.1865,1363,0
rep2,1.1865,1364,0
rep2,1.1868,1365,0
rep2,1.1868,1366,0
rep2,1.1869,1367,0
rep2,1.1869,1368,0
rep2,1.187,1369,0
rep2,1.1871,1370,0
rep2,1.1871,1371,0
rep2,1.1871,1372,0
rep2,1.1871,1373,0
rep2,1.1872,1374,0
rep2,1.1872,1375,0
rep2,1.1872,1376,0
rep2,1.1872,1377,0
rep2,1.1872,1378,0
rep2,1.1873,1379,0
rep2,1.1873,1380,0
rep2,1.1874,1381,0
rep2,1.1874,1382,0
rep2,1.1874,1383,0
rep2,1.1875,1384,0
rep2,1.1878,1385,0
rep2,1.1879,1386,0
rep2,1.188,1387,0
rep2,1.1881,1388,0
rep2,1.1883,1389,0
rep2,1.1885,1390,0
rep2,1.1885,1391,0
rep2,1.1885,1392,0
rep2,1.1886,1393,0
rep2,1.1889,1394,0
rep2,1.1889,1395,0
rep2,1.189,1396,0
rep2,1.189,1397,0
rep2,1.189,1398,0
rep2,1.189,1399,0
rep2,1.1891,1400,0
rep2,1.1891,1401,0
rep2,1.1893,1402,0
rep2,1.1894,1403,0
rep2,1.1894,1404,0
rep2,1.1895,1405,0
rep2,1.1895,1406,0
rep2,1.1896,1407,0
rep2,1.1896,1408,0
rep2,1.1897,1409,0
rep2,1.1897,1410,0
rep2,1.1897,1411,0
rep2,1.1898,1412,0
rep2,1.19,1413,0
rep2,1.19,1414,0
rep2,1.1901,1415,0
rep2,1.1903,1416,0
rep2,1.1903,1417,0
rep2,1.1905,1418,0
rep2,1.1908,1419,0
rep2,1.1908,1420,0
rep2,1.1908,1421,0
rep2,1.1909,1422,0
rep2,1.191,1423,0
rep2,1.1911,1424,0
rep2,1.1911,1425,0
rep2,1.1912,1426,0
rep2,1.1913,1427,0
rep2,1.1913,1428,0
rep2,1.1915,1429,0
rep2,1.1915,1430,0
rep2,1.1915,1431,0
rep2,1.1915,1432,0
rep2,1.1916,1433,0
rep2,1.1916,1434,0
rep2,1.1916,1435,0
rep2,1.1918,1436,0
rep2,1.1919,1437,0
rep2,1.192,1438,0
rep2,1.1921,1439,0
rep2,1.1921,1440,0
rep2,1.1921,1441,0
rep2,1.1923,1442,0
rep2,1.1923,1443,0
rep2,1.1924,1444,0
rep2,1.1924,1445,0
rep2,1.1925,1446,0
rep2,1.1925,1447,0
rep2,1.1926,1448,0
rep2,1.1926,1449,0
rep2,1.1929,1450,0
rep2,1.193,1451,0
rep2,1.1932,1452,0
rep2,1.1932,1453,0
rep2,1.1932,1454,0
rep2,1.1932,1455,0
rep2,1.1934,1456,0
rep2,1.1935,1457,0
rep2,1.1936,1458,0
rep2,1.1936,1459,0
rep2,1.1939,1460,0
rep2,1.194,1461,0
rep2,1.1941,1462,0
rep2,1.1942,1463,0
rep2,1.1943,1464,0
rep2,1.1944,1465,0
rep2,1.1944,1466,0
rep2,1.1944,1467,0
rep2,1.1945,1468,0
rep2,1.1946,1469,0
rep2,1.1949,1470,0
rep2,1.195,1471,0
rep2,1.1952,1472,0
rep2,1.1952,1473,0
rep2,1.1953,1474,0
rep2,1.1954,1475,0
rep2,1.1954,1476,0
rep2,1.1955,1477,0
rep2,1.1956,1478,0
rep2,1.1957,1479,0
rep2,1.1959,1480,0
rep2,1.196,1481,0
rep2,1.1961,1482,0
rep2,1.1961,1483,0
rep2,1.1962,1484,0
rep2,1.1962,1485,0
rep2,1.1963,1486,0
rep2,1.1963,1487,0
rep2,1.1964,1488,0
rep2,1.1964,1489,0
rep2,1.1968,1490,0
rep2,1.1969,1491,0
rep2,1.197,1492,0
rep2,1.197,1493,0
rep2,1.1971,1494,0
rep2,1.1972,1495,0
rep2,1.1973,1496,0
rep2,1.1976,1497,0
rep2,1.1976,1498,0
rep2,1.1977,1499,0
rep2,1.1978,1500,0
rep2,1.1978,1501,0
rep2,1.1978,1502,0
rep2,1.198,1503,0
rep2,1.198,1504,0
rep2,1.198,1505,0
rep2,1.1982,1506,0
rep2,1.1982,1507,0
rep2,1.1983,1508,0
rep2,1.1983,1509,0
rep2,1.1984,1510,0
rep2,1.1986,1511,0
rep2,1.1989,1512,0
rep2,1.1989,1513,0
rep2,1.199,1514,0
rep2,1.1993,1515,0
rep2,1.1994,1516,0
rep2,1.1994,1517,0
rep2,1.1996,1518,0
rep2,1.1996,1519,0
rep2,1.1997,1520,0
rep2,1.1998,1521,0
rep2,1.2,1522,0
rep2,1.2001,1523,0
rep2,1.2002,1524,0
rep2,1.2002,1525,0
rep2,1.2003,1526,0
rep2,1.2004,1527,0
rep2,1.2005,1528,0
rep2,1.2005,1529,0
rep2,1.2006,1530,0
rep2,1.2007,1531,0
rep2,1.2009,1532,0
rep2,1.2011,1533,0
rep2,1.2011,1534,0
rep2,1.2012,1535,0
rep2,1.2013,1536,0
rep2,1.2014,1537,0
rep2,1.2014,1538,0
rep2,1.2015,1539,0
rep2,1.2015,1540,0
rep2,1.2016,1541,0
rep2,1.2017,1542,0
rep2,1.2018,1543,0
rep2,1.2019,1544,0
rep2,1.2021,1545,0
rep2,1.2022,1546,0
rep2,1.2022,1547,0
rep2,1.2024,1548,0
rep2,1.2025,1549,0
rep2,1.2028,1550,0
rep2,1.2031,1551,0
rep2,1.2033,1552,0
rep2,1.2034,1553,0
rep2,1.2035,1554,0
rep2,1.2037,1555,0
rep2,1.2038,1556,0
rep2,1.2039,1557,0
rep2,1.2041,1558,0
rep2,1.2041,1559,0
rep2,1.2041,1560,0
rep2,1.2046,1561,0
rep2,1.2047,1562,0
rep2,1.2047,1563,0
rep2,1.2051,1564,0
rep2,1.2052,1565,0
rep2,1.2052,1566,0
rep2,1.2053,1567,0
rep2,1.2053,1568,0
rep2,1.2054,1569,0
rep2,1.2055,1570,0
rep2,1.2058,1571,0
rep2,1.2061,1572,0
rep2,1.2062,1573,0
rep2,1.2062,1574,0
rep2,1.2063,1575,0
rep2,1.2064,1576,0
rep2,1.2064,1577,0
rep2,1.2065,1578,0
rep2,1.2065,1579,0
rep2,1.2067,1580,0
rep2,1.207,1581,0
rep2,1.207,1582,0
rep2,1.2072,1583,0
rep2,1.2072,1584,0
rep2,1.2073,1585,0
rep2,1.2076,1586,0
rep2,1.2077,1587,0
rep2,1.2078,1588,0
rep2,1.2079,1589,0
rep2,1.208,1590,0
rep2,1.2081,1591,0
rep2,1.2083,1592,0
rep2,1.2084,1593,0
rep2,1.2085,1594,0
rep2,1.2088,1595,0
rep2,1.2088,1596,0
rep2,1.2089,1597,0
rep2,1.209,1598,0
rep2,1.2091,1599,0
rep2,1.2093,1600,0
rep2,1.2093,1601,0
rep2,1.2094,1602,0
rep2,1.2096,1603,0
rep2,1.2099,1604,0
rep2,1.2099,1605,0
rep2,1.2099,1606,0
rep2,1.2101,1607,0
rep2,1.2104,1608,0
rep2,1.2105,1609,0
rep2,1.2109,1610,0
rep2,1.2112,1611,0
rep2,1.2116,1612,0
rep2,1.2117,1613,0
rep2,1.2118,1614,0
rep2,1.2118,1615,0
rep2,1.212,1616,0
rep2,1.212,1617,0
rep2,1.212,1618,0
rep2,1.2122,1619,0
rep2,1.2122,1620,0
rep2,1.2122,1621,0
rep2,1.2123,1622,0
rep2,1.2123,1623,0
rep2,1.2123,1624,0
rep2,1.2123,1625,0
rep2,1.2124,1626,0
rep2,1.2125,1627,0
rep2,1.2125,1628,0
rep2,1.2126,1629,0
rep2,1.2127,1630,0
rep2,1.2127,1631,0
rep2,1.2128,1632,0
rep2,1.2128,1633,0
rep2,1.2128,1634,0
rep2,1.2128,1635,0
rep2,1.2129,1636,0
rep2,1.2129,1637,0
rep2,1.2129,1638,0
rep2,1.213,1639,0
rep2,1.2131,1640,0
rep2,1.2132,1641,0
rep2,1.2133,1642,0
rep2,1.2133,1643,0
rep2,1.2133,1644,0
rep2,1.2133,1645,0
rep2,1.2134,1646,0
rep2,1.2134,1647,0
rep2,1.2134,1648,0
rep2,1.2134,1649,0
rep2,1.2136,1650,0
rep2,1.2136,1651,0
rep2,1.2136,1652,0
rep2,1.2137,1653,0
rep2,1.2138,1654,0
rep2,1.2138,1655,0
rep2,1.2139,1656,0
rep2,1.2139,1657,0
rep2,1.2141,1658,0
rep2,1.2142,1659,0
rep2,1.2143,1660,0
rep2,1.2144,1661,0
rep2,1.2144,1662,0
rep2,1.2144,1663,0
rep2,1.2145,1664,0
rep2,1.2145,1665,0
rep2,1.2146,1666,0
rep2,1.2147,1667,0
rep2,1.2147,1668,0
rep2,1.2147,1669,0
rep2,1.2147,1670,0
rep2,1.2147,1671,0
rep2,1.2148,1672,0
rep2,1.2148,1673,0
rep2,1.2148,1674,0
rep2,1.2149,1675,0
rep2,1.215,1676,0
rep2,1.215,1677,0
rep2,1.2151,1678,0
rep2,1.2151,1679,0
rep2,1.2152,1680,0
rep2,1.2152,1681,0
rep2,1.2153,1682,0
rep2,1.2154,1683,0
rep2,1.2154,1684,0
rep2,1.2155,1685,0
rep2,1.2155,1686,0
rep2,1.2156,1687,0
rep2,1.2156,1688,0
rep2,1.2157,1689,0
rep2,1.2158,1690,0
rep2,1.216,1691,0
rep2,1.216,1692,0
rep2,1.216,1693,0
rep2,1.216,1694,0
rep2,1.2163,1695,0
rep2,1.2163,1696,0
rep2,1.2166,1697,0
rep2,1.2166,1698,0
rep2,1.2167,1699,0
rep2,1.2168,1700,0
rep2,1.217,1701,0
rep2,1.217,1702,0
rep2,1.217,1703,0
rep2,1.2172,1704,0
rep2,1.2172,1705,0
rep2,1.2172,1706,0
rep2,1.2173,1707,0
rep2,1.2173,1708,0
rep2,1.2174,1709,0
rep2,1.2175,1710,0
rep2,1.2175,1711,0
rep2,1.2176,1712,0
rep2,1.2176,1713,0
rep2,1.2176,1714,0
rep2,1.2177,1715,0
rep2,1.2177,1716,0
rep2,1.2177,1717,0
rep2,1.2178,1718,0
rep2,1.2179,1719,0
rep2,1.218,1720,0
rep2,1.218,1721,0
rep2,1.2181,1722,0
rep2,1.2181,1723,0
rep2,1.2182,1724,0
rep2,1.2183,1725,0
rep2,1.2183,1726,0
rep2,1.2184,1727,0
rep2,1.2185,1728,0
rep2,1.2185,1729,0
rep2,1.2185,1730,0
rep2,1.2186,1731,0
rep2,1.2187,1732,0
rep2,1.2187,1733,0
rep2,1.2187,1734,0
rep2,1.2187,1735,0
rep2,1.2188,1736,0
rep2,1.2188,1737,0
rep2,1.2188,1738,0
rep2,1.2189,1739,0
rep2,1.2189,1740,0
rep2,1.219,1741,0
rep2,1.219,1742,0
rep2,1.219,1743,0
rep2,1.2191,1744,0
rep2,1.2191,1745,0
rep2,1.2193,1746,0
rep2,1.2193,1747,0
rep2,1.2193,1748,0
rep2,1.2194,1749,0
rep2,1.2195,1750,0
rep2,1.2196,1751,0
rep2,1.2196,1752,0
rep2,1.2196,1753,0
rep2,1.2197,1754,0
rep2,1.2199,1755,0
rep2,1.22,1756,0
rep2,1.22,1757,0
rep2,1.2201,1758,0
rep2,1.2201,1759,0
rep2,1.2202,1760,0
rep2,1.2203,1761,0
rep2,1.2203,1762,0
rep2,1.2204,1763,0
rep2,1.2204,1764,0
rep2,1.2204,1765,0
rep2,1.2204,1766,0
rep2,1.2205,1767,0
rep2,1.2205,1768,0
rep2,1.2207,1769,0
rep2,1.2207,1770,0
rep2,1.2208,1771,0
rep2,1.221,1772,0
rep2,1.221,1773,0
rep2,1.221,1774,0
rep2,1.2211,1775,0
rep2,1.2212,1776,0
rep2,1.2213,1777,0
rep2,1.2213,1778,0
rep2,1.2213,1779,0
rep2,1.2214,1780,0
rep2,1.2216,1781,0
rep2,1.2217,1782,0
rep2,1.2217,1783,0
rep2,1.2218,1784,0
rep2,1.222,1785,0
rep2,1.2221,1786,0
rep2,1.2222,1787,0
rep2,1.2224,1788,0
rep2,1.2225,1789,0
rep2,1.2225,1790,0
rep2,1.2225,1791,0
rep2,1.2227,1792,0
rep2,1.2228,1793,0
rep2,1.2229,1794,0
rep2,1.223,1795,0
rep2,1.2231,1796,0
rep2,1.2231,1797,0
rep2,1.2232,1798,0
rep2,1.2233,1799,0
rep2,1.2234,1800,0
rep2,1.2234,1801,0
rep2,1.2235,1802,0
rep2,1.2235,1803,0
rep2,1.2236,1804,0
rep2,1.2237,1805,0
rep2,1.2237,1806,0
rep2,1.2238,1807,0
rep2,1.2238,1808,0
rep2,1.2239,1809,0
rep2,1.224,1810,0
rep2,1.224,1811,0
rep2,1.224,1812,0
rep2,1.2241,1813,0
rep2,1.2241,1814,0
rep2,1.2241,1815,0
rep2,1.2241,1816,0
rep2,1.2241,1817,0
rep2,1.2242,1818,0
rep2,1.2243,1819,0
rep2,1.2244,1820,0
rep2,1.2244,1821,0
rep2,1.2245,1822,0
rep2,1.2246,1823,0
rep2,1.2247,1824,0
rep2,1.2247,1825,0
rep2,1.2247,1826,0
rep2,1.2248,1827,0
rep2,1.2249,1828,0
rep2,1.2249,1829,0
rep2,1.2251,1830,0
rep2,1.2251,1831,0
rep2,1.2252,1832,0
rep2,1.2252,1833,0
rep2,1.2252,1834,0
rep2,1.2253,1835,0
rep2,1.2255,1836,0
rep2,1.2256,1837,0
rep2,1.2256,1838,0
rep2,1.2257,1839,0
rep2,1.2258,1840,0
rep2,1.2259,1841,0
rep2,1.226,1842,0
rep2,1.2261,1843,0
rep2,1.2261,1844,0
rep2,1.2261,1845,0
rep2,1.2262,1846,0
rep2,1.2263,1847,0
rep2,1.2263,1848,0
rep2,1.2263,1849,0
rep2,1.2264,1850,0
rep2,1.2264,1851,0
rep2,1.2265,1852,0
rep2,1.2266,1853,0
rep2,1.2266,1854,0
rep2,1.2267,1855,0
rep2,1.2267,1856,0
rep2,1.2268,1857,0
rep2,1.2268,1858,0
rep2,1.2269,1859,0
rep2,1.2269,1860,0
rep2,1.2269,1861,0
rep2,1.2271,1862,0
rep2,1.2272,1863,0
rep2,1.2273,1864,0
rep2,1.2274,1865,0
rep2,1.2275,1866,0
rep2,1.2277,1867,0
rep2,1.2277,1868,0
rep2,1.2278,1869,0
rep2,1.2278,1870,0
rep2,1.2278,1871,0
rep2,1.2279,1872,0
rep2,1.228,1873,0
rep2,1.2282,1874,0
rep2,1.2282,1875,0
rep2,1.2282,1876,0
rep2,1.2284,1877,0
rep2,1.2284,1878,0
rep2,1.2284,1879,0
rep2,1.2285,1880,0
rep2,1.2285,1881,0
rep2,1.2286,1882,0
rep2,1.2288,1883,0
rep2,1.2288,1884,0
rep2,1.2288,1885,0
rep2,1.2289,1886,0
rep2,1.2289,1887,0
rep2,1.229,1888,0
rep2,1.2291,1889,0
rep2,1.2293,1890,0
rep2,1.2293,1891,0
rep2,1.2294,1892,0
rep2,1.2295,1893,0
rep2,1.2295,1894,0
rep2,1.2296,1895,0
rep2,1.2296,1896,0
rep2,1.2296,1897,0
rep2,1.2297,1898,0
rep2,1.2297,1899,0
rep2,1.2298,1900,0
rep2,1.2298,1901,0
rep2,1.2299,1902,0
rep2,1.23,1903,0
rep2,1.23,1904,0
rep2,1.23,1905,0
rep2,1.2304,1906,0
rep2,1.2304,1907,0
rep2,1.2305,1908,0
rep2,1.2306,1909,0
rep2,1.2307,1910,0
rep2,1.2307,1911,0
rep2,1.2308,1912,0
rep2,1.2308,1913,0
rep2,1.2308,1914,0
rep2,1.2308,1915,0
rep2,1.231,1916,0
rep2,1.2311,1917,0
rep2,1.2312,1918,0
rep2,1.2313,1919,0
rep2,1.2313,1920,0
rep2,1.2314,1921,0
rep2,1.2314,1922,0
rep2,1.2314,1923,0
rep2,1.2315,1924,0
rep2,1.2316,1925,0
rep2,1.2317,1926,0
rep2,1.2318,1927,0
rep2,1.2318,1928,0
rep2,1.2319,1929,0
rep2,1.2319,1930,0
rep2,1.232,1931,0
rep2,1.232,1932,0
rep2,1.2321,1933,0
rep2,1.2324,1934,0
rep2,1.2326,1935,0
rep2,1.2327,1936,0
rep2,1.2327,1937,0
rep2,1.2328,1938,0
rep2,1.2328,1939,0
rep2,1.2328,1940,0
rep2,1.2328,1941,0
rep2,1.233,1942,0
rep2,1.2331,1943,0
rep2,1.2331,1944,0
rep2,1.2332,1945,0
rep2,1.2332,1946,0
rep2,1.2334,1947,0
rep2,1.2334,1948,0
rep2,1.2336,1949,0
rep2,1.2336,1950,0
rep2,1.2338,1951,0
rep2,1.2339,1952,0
rep2,1.2339,1953,0
rep2,1.2339,1954,0
rep2,1.234,1955,0
rep2,1.2341,1956,0
rep2,1.2343,1957,0
rep2,1.2343,1958,0
rep2,1.2344,1959,0
rep2,1.2344,1960,0
rep2,1.2345,1961,0
rep2,1.2346,1962,0
rep2,1.2347,1963,0
rep2,1.2347,1964,0
rep2,1.235,1965,0
rep2,1.2351,1966,0
rep2,1.2351,1967,0
rep2,1.2353,1968,0
rep2,1.2353,1969,0
rep2,1.2353,1970,0
rep2,1.2354,1971,0
rep2,1.2355,1972,0
rep2,1.2355,1973,0
rep2,1.2355,1974,0
rep2,1.2356,1975,0
rep2,1.2357,1976,0
rep2,1.236,1977,0
rep2,1.236,1978,0
rep2,1.2362,1979,0
rep2,1.2363,1980,0
rep2,1.2364,1981,0
rep2,1.2364,1982,0
rep2,1.2366,1983,0
rep2,1.2368,1984,0
rep2,1.2368,1985,0
rep2,1.2368,1986,0
rep2,1.2369,1987,0
rep2,1.237,1988,0
rep2,1.2371,1989,0
rep2,1.2372,1990,0
rep2,1.2372,1991,0
rep2,1.2372,1992,0
rep2,1.2373,1993,0
rep2,1.2373,1994,0
rep2,1.2374,1995,0
rep2,1.2374,1996,0
rep2,1.2375,1997,0
rep2,1.2375,1998,0
rep2,1.2375,1999,0
rep2,1.2376,2000,0
rep2,1.2376,2001,0
rep2,1.2377,2002,0
rep2,1.2377,2003,0
rep2,1.2378,2004,0
rep2,1.2378,2005,0
rep2,1.2379,2006,0
rep2,1.2382,2007,0
rep2,1.2383,2008,0
rep2,1.2384,2009,0
rep2,1.2385,2010,0
rep2,1.2385,2011,0
rep2,1.2387,2012,0
rep2,1.2387,2013,0
rep2,1.2388,2014,0
rep2,1.239,2015,0
rep2,1.2391,2016,0
rep2,1.2391,2017,0
rep2,1.2392,2018,0
rep2,1.2394,2019,0
rep2,1.2394,2020,0
rep2,1.2395,2021,0
rep2,1.2395,2022,0
rep2,1.2396,2023,0
rep2,1.2396,2024,0
rep2,1.2397,2025,0
rep2,1.2398,2026,0
rep2,1.2399,2027,0
rep2,1.24,2028,0
rep2,1.2402,2029,0
rep2,1.2403,2030,0
rep2,1.2404,2031,0
rep2,1.2406,2032,0
rep2,1.2409,2033,0
rep2,1.2411,2034,0
rep2,1.2411,2035,0
rep2,1.2412,2036,0
rep2,1.2412,2037,0
rep2,1.2412,2038,0
rep2,1.2412,2039,0
rep2,1.2413,2040,0
rep2,1.2414,2041,0
rep2,1.2415,2042,0
rep2,1.2417,2043,0
rep2,1.2418,2044,0
rep2,1.2419,2045,0
rep2,1.2419,2046,0
rep2,1.242,2047,0
rep2,1.242,2048,0
rep2,1.242,2049,0
rep2,1.2421,2050,0
rep2,1.2421,2051,0
rep2,1.2423,2052,0
rep2,1.2423,2053,0
rep2,1.2424,2054,0
rep2,1.2424,2055,0
rep2,1.2425,2056,0
rep2,1.2428,2057,0
rep2,1.2429,2058,0
rep2,1.2429,2059,0
rep2,1.243,2060,0
rep2,1.243,2061,0
rep2,1.2431,2062,0
rep2,1.2432,2063,0
rep2,1.2432,2064,0
rep2,1.2434,2065,0
rep2,1.2434,2066,0
rep2,1.2434,2067,0
rep2,1.2435,2068,0
rep2,1.2437,2069,0
rep2,1.2437,2070,0
rep2,1.2437,2071,0
rep2,1.2438,2072,0
rep2,1.2439,2073,0
rep2,1.2439,2074,0
rep2,1.2439,2075,0
rep2,1.2439,2076,0
rep2,1.244,2077,0
rep2,1.2441,2078,0
rep2,1.2443,2079,0
rep2,1.2448,2080,0
rep2,1.2449,2081,0
rep2,1.2449,2082,0
rep2,1.2452,2083,0
rep2,1.2452,2084,0
rep2,1.2452,2085,0
rep2,1.2452,2086,0
rep2,1.2453,2087,0
rep2,1.2453,2088,0
rep2,1.2455,2089,0
rep2,1.2455,2090,0
rep2,1.2455,2091,0
rep2,1.2455,2092,0
rep2,1.2456,2093,0
rep2,1.2456,2094,0
rep2,1.2457,2095,0
rep2,1.2457,2096,0
rep2,1.2458,2097,0
rep2,1.2458,2098,0
rep2,1.2458,2099,0
rep2,1.2459,2100,0
rep2,1.2459,2101,0
rep2,1.246,2102,0
rep2,1.246,2103,0
rep2,1.246,2104,0
rep2,1.246,2105,0
rep2,1.2461,2106,0
rep2,1.2461,2107,0
rep2,1.2461,2108,0
rep2,1.2462,2109,0
rep2,1.2462,2110,0
rep2,1.2463,2111,0
rep2,1.2463,2112,0
rep2,1.2463,2113,0
rep2,1.2463,2114,0
rep2,1.2464,2115,0
rep2,1.2464,2116,0
rep2,1.2464,2117,0
rep2,1.2465,2118,0
rep2,1.2465,2119,0
rep2,1.2465,2120,0
rep2,1.2465,2121,0
rep2,1.2466,2122,0
rep2,1.2466,2123,0
rep2,1.2467,2124,0
rep2,1.2468,2125,0
rep2,1.2468,2126,0
rep2,1.2469,2127,0
rep2,1.2469,2128,0
rep2,1.2469,2129,0
rep2,1.247,2130,0
rep2,1.2471,2131,0
rep2,1.2471,2132,0
rep2,1.2472,2133,0
rep2,1.2472,2134,0
rep2,1.2472,2135,0
rep2,1.2473,2136,0
rep2,1.2474,2137,0
rep2,1.2475,2138,0
rep2,1.2476,2139,0
rep2,1.2477,2140,0
rep2,1.2477,2141,0
rep2,1.2478,2142,0
rep2,1.2478,2143,0
rep2,1.2479,2144,0
rep2,1.2479,2145,0
rep2,1.248,2146,0
rep2,1.2482,2147,0
rep2,1.2482,2148,0
rep2,1.2483,2149,0
rep2,1.2483,2150,0
rep2,1.2483,2151,0
rep2,1.2483,2152,0
rep2,1.2484,2153,0
rep2,1.2484,2154,0
rep2,1.2485,2155,0
rep2,1.2485,2156,0
rep2,1.2486,2157,0
rep2,1.2486,2158,0
rep2,1.2487,2159,0
rep2,1.2488,2160,0
rep2,1.2488,2161,0
rep2,1.2488,2162,0
rep2,1.2489,2163,0
rep2,1.2489,2164,0
rep2,1.2489,2165,0
rep2,1.249,2166,0
rep2,1.249,2167,0
rep2,1.249,2168,0
rep2,1.2491,2169,0
rep2,1.2492,2170,0
rep2,1.2493,2171,0
rep2,1.2493,2172,0
rep2,1.2494,2173,0
rep2,1.2495,2174,0
rep2,1.2495,2175,0
rep2,1.2497,2176,0
rep2,1.2497,2177,0
rep2,1.25,2178,0
rep2,1.25,2179,0
rep2,1.25,2180,0
rep2,1.25,2181,0
rep2,1.2501,2182,0
rep2,1.2502,2183,0
rep2,1.2503,2184,0
rep2,1.2505,2185,0
rep2,1.2505,2186,0
rep2,1.2506,2187,0
rep2,1.2506,2188,0
rep2,1.2506,2189,0
rep2,1.2506,2190,0
rep2,1.2506,2191,0
rep2,1.2507,2192,0
rep2,1.2508,2193,0
rep2,1.2508,2194,0
rep2,1.2509,2195,0
rep2,1.2509,2196,0
rep2,1.2509,2197,0
rep2,1.2509,2198,0
rep2,1.2511,2199,0
rep2,1.2512,2200,0
rep2,1.2512,2201,0
rep2,1.2512,2202,0
rep2,1.2513,2203,0
rep2,1.2513,2204,0
rep2,1.2513,2205,0
rep2,1.2515,2206,0
rep2,1.2515,2207,0
rep2,1.2515,2208,0
rep2,1.2516,2209,0
rep2,1.2516,2210,0
rep2,1.2517,2211,0
rep2,1.2518,2212,0
rep2,1.2518,2213,0
rep2,1.2518,2214,0
rep2,1.2518,2215,0
rep2,1.2519,2216,0
rep2,1.252,2217,0
rep2,1.252,2218,0
rep2,1.252,2219,0
rep2,1.2521,2220,0
rep2,1.2522,2221,0
rep2,1.2523,2222,0
rep2,1.2523,2223,0
rep2,1.2524,2224,0
rep2,1.2524,2225,0
rep2,1.2524,2226,0
rep2,1.2525,2227,0
rep2,1.2525,2228,0
rep2,1.2526,2229,0
rep2,1.2526,2230,0
rep2,1.2527,2231,0
rep2,1.2527,2232,0
rep2,1.2528,2233,0
rep2,1.2528,2234,0
rep2,1.2529,2235,0
rep2,1.2529,2236,0
rep2,1.253,2237,0
rep2,1.253,2238,0
rep2,1.2531,2239,0
rep2,1.2531,2240,0
rep2,1.2532,2241,0
rep2,1.2533,2242,0
rep2,1.2533,2243,0
rep2,1.2533,2244,0
rep2,1.2534,2245,0
rep2,1.2534,2246,0
rep2,1.2537,2247,0
rep2,1.2538,2248,0
rep2,1.2538,2249,0
rep2,1.2538,2250,0
rep2,1.2539,2251,0
rep2,1.2541,2252,0
rep2,1.2541,2253,0
rep2,1.2541,2254,0
rep2,1.2542,2255,0
rep2,1.2542,2256,0
rep2,1.2543,2257,0
rep2,1.2544,2258,0
rep2,1.2545,2259,0
rep2,1.2546,2260,0
rep2,1.2546,2261,0
rep2,1.2547,2262,0
rep2,1.2548,2263,0
rep2,1.2548,2264,0
rep2,1.2548,2265,0
rep2,1.2549,2266,0
rep2,1.2549,2267,0
rep2,1.2549,2268,0
rep2,1.2549,2269,0
rep2,1.255,2270,0
rep2,1.2551,2271,0
rep2,1.2552,2272,0
rep2,1.2553,2273,0
rep2,1.2553,2274,0
rep2,1.2554,2275,0
rep2,1.2554,2276,0
rep2,1.2555,2277,0
rep2,1.2556,2278,0
rep2,1.2557,2279,0
rep2,1.2558,2280,0
rep2,1.2558,2281,0
rep2,1.2559,2282,0
rep2,1.2559,2283,0
rep2,1.256,2284,0
rep2,1.256,2285,0
rep2,1.2561,2286,0
rep2,1.2561,2287,0
rep2,1.2561,2288,0
rep2,1.2561,2289,0
rep2,1.2562,2290,0
rep2,1.2563,2291,0
rep2,1.2566,2292,0
rep2,1.2567,2293,0
rep2,1.2567,2294,0
rep2,1.2567,2295,0
rep2,1.2567,2296,0
rep2,1.2568,2297,0
rep2,1.257,2298,0
rep2,1.257,2299,0
rep2,1.257,2300,0
rep2,1.2572,2301,0
rep2,1.2572,2302,0
rep2,1.2573,2303,0
rep2,1.2573,2304,0
rep2,1.2575,2305,0
rep2,1.2577,2306,0
rep2,1.2578,2307,0
rep2,1.2579,2308,0
rep2,1.2579,2309,0
rep2,1.258,2310,0
rep2,1.258,2311,0
rep2,1.2581,2312,0
rep2,1.2581,2313,0
rep2,1.2582,2314,0
rep2,1.2582,2315,0
rep2,1.2582,2316,0
rep2,1.2582,2317,0
rep2,1.2583,2318,0
rep2,1.2584,2319,0
rep2,1.2585,2320,0
rep2,1.2586,2321,0
rep2,1.2586,2322,0
rep2,1.2586,2323,0
rep2,1.2586,2324,0
rep2,1.2587,2325,0
rep2,1.2587,2326,0
rep2,1.2589,2327,0
rep2,1.2589,2328,0
rep2,1.2592,2329,0
rep2,1.2594,2330,0
rep2,1.2595,2331,0
rep2,1.2595,2332,0
rep2,1.2596,2333,0
rep2,1.2596,2334,0
rep2,1.2596,2335,0
rep2,1.2597,2336,0
rep2,1.2597,2337,0
rep2,1.2598,2338,0
rep2,1.2598,2339,0
rep2,1.2598,2340,0
rep2,1.2598,2341,0
rep2,1.2599,2342,0
rep2,1.2599,2343,0
rep2,1.2599,2344,0
rep2,1.26,2345,0
rep2,1.2601,2346,0
rep2,1.2601,2347,0
rep2,1.2602,2348,0
rep2,1.2602,2349,0
rep2,1.2603,2350,0
rep2,1.2603,2351,0
rep2,1.2603,2352,0
rep2,1.2603,2353,0
rep2,1.2603,2354,0
rep2,1.2603,2355,0
rep2,1.2605,2356,0
rep2,1.2605,2357,0
rep2,1.2607,2358,0
rep2,1.2608,2359,0
rep2,1.261,2360,0
rep2,1.2611,2361,0
rep2,1.2612,2362,0
rep2,1.2612,2363,0
rep2,1.2614,2364,0
rep2,1.2615,2365,0
rep2,1.2616,2366,0
rep2,1.2616,2367,0
rep2,1.2616,2368,0
rep2,1.2617,2369,0
rep2,1.2617,2370,0
rep2,1.2618,2371,0
rep2,1.262,2372,0
rep2,1.2621,2373,0
rep2,1.2621,2374,0
rep2,1.2621,2375,0
rep2,1.2621,2376,0
rep2,1.2621,2377,0
rep2,1.2623,2378,0
rep2,1.2625,2379,0
rep2,1.2625,2380,0
rep2,1.2625,2381,0
rep2,1.2626,2382,0
rep2,1.2627,2383,0
rep2,1.2627,2384,0
rep2,1.2627,2385,0
rep2,1.2628,2386,0
rep2,1.2629,2387,0
rep2,1.263,2388,0
rep2,1.2631,2389,0
rep2,1.2631,2390,0
rep2,1.2633,2391,0
rep2,1.2633,2392,0
rep2,1.2634,2393,0
rep2,1.2634,2394,0
rep2,1.2636,2395,0
rep2,1.2637,2396,0
rep2,1.2638,2397,0
rep2,1.2639,2398,0
rep2,1.2639,2399,0
rep2,1.2639,2400,0
rep2,1.264,2401,0
rep2,1.2641,2402,0
rep2,1.2641,2403,0
rep2,1.2641,2404,0
rep2,1.2643,2405,0
rep2,1.2644,2406,0
rep2,1.2645,2407,0
rep2,1.2645,2408,0
rep2,1.2646,2409,0
rep2,1.2647,2410,0
rep2,1.2647,2411,0
rep2,1.2648,2412,0
rep2,1.2648,2413,0
rep2,1.2649,2414,0
rep2,1.265,2415,0
rep2,1.2651,2416,0
rep2,1.2652,2417,0
rep2,1.2655,2418,0
rep2,1.2656,2419,0
rep2,1.2656,2420,0
rep2,1.2656,2421,0
rep2,1.2657,2422,0
rep2,1.2658,2423,0
rep2,1.2658,2424,0
rep2,1.2659,2425,0
rep2,1.266,2426,0
rep2,1.2661,2427,0
rep2,1.2661,2428,0
rep2,1.2662,2429,0
rep2,1.2663,2430,0
rep2,1.2663,2431,0
rep2,1.2664,2432,0
rep2,1.2664,2433,0
rep2,1.2665,2434,0
rep2,1.2666,2435,0
rep2,1.2668,2436,0
rep2,1.2668,2437,0
rep2,1.2669,2438,0
rep2,1.2669,2439,0
rep2,1.2669,2440,0
rep2,1.267,2441,0
rep2,1.267,2442,0
rep2,1.2672,2443,0
rep2,1.2672,2444,0
rep2,1.2673,2445,0
rep2,1.2673,2446,0
rep2,1.2673,2447,0
rep2,1.2674,2448,0
rep2,1.2674,2449,0
rep2,1.2674,2450,0
rep2,1.2674,2451,0
rep2,1.2677,2452,0
rep2,1.2678,2453,0
rep2,1.2678,2454,0
rep2,1.2679,2455,0
rep2,1.2682,2456,0
rep2,1.2683,2457,0
rep2,1.2683,2458,0
rep2,1.2684,2459,0
rep2,1.2684,2460,0
rep2,1.2684,2461,0
rep2,1.2684,2462,0
rep2,1.2685,2463,0
rep2,1.2686,2464,0
rep2,1.2686,2465,0
rep2,1.2688,2466,0
rep2,1.269,2467,0
rep2,1.2691,2468,0
rep2,1.2692,2469,0
rep2,1.2693,2470,0
rep2,1.2695,2471,0
rep2,1.2695,2472,0
rep2,1.2695,2473,0
rep2,1.2695,2474,0
rep2,1.2697,2475,0
rep2,1.2697,2476,0
rep2,1.2698,2477,0
rep2,1.2699,2478,0
rep2,1.27,2479,0
rep2,1.2701,2480,0
rep2,1.2702,2481,0
rep2,1.2702,2482,0
rep2,1.2703,2483,0
rep2,1.2703,2484,0
rep2,1.2703,2485,0
rep2,1.2704,2486,0
rep2,1.2705,2487,0
rep2,1.2706,2488,0
rep2,1.2706,2489,0
rep2,1.2706,2490,0
rep2,1.2707,2491,0
rep2,1.2708,2492,0
rep2,1.2708,2493,0
rep2,1.2709,2494,0
rep2,1.2711,2495,0
rep2,1.2712,2496,0
rep2,1.2712,2497,0
rep2,1.2712,2498,0
rep2,1.2712,2499,0
rep2,1.2713,2500,0
rep2,1.2713,2501,0
rep2,1.2715,2502,0
rep2,1.2716,2503,0
rep2,1.272,2504,0
rep2,1.2721,2505,0
rep2,1.2721,2506,0
rep2,1.2722,2507,0
rep2,1.2722,2508,0
rep2,1.2723,2509,0
rep2,1.2723,2510,0
rep2,1.2725,2511,0
rep2,1.2726,2512,0
rep2,1.2726,2513,0
rep2,1.273,2514,0
rep2,1.2731,2515,0
rep2,1.2731,2516,0
rep2,1.2733,2517,0
rep2,1.2733,2518,0
rep2,1.2735,2519,0
rep2,1.2735,2520,0
rep2,1.2736,2521,0
rep2,1.2736,2522,0
rep2,1.2737,2523,0
rep2,1.2737,2524,0
rep2,1.2739,2525,0
rep2,1.274,2526,0
rep2,1.274,2527,0
rep2,1.274,2528,0
rep2,1.2741,2529,0
rep2,1.2741,2530,0
rep2,1.2742,2531,0
rep2,1.2742,2532,0
rep2,1.2743,2533,0
rep2,1.2743,2534,0
rep2,1.2745,2535,0
rep2,1.2748,2536,0
rep2,1.2749,2537,0
rep2,1.2753,2538,0
rep2,1.2754,2539,0
rep2,1.2754,2540,0
rep2,1.2754,2541,0
rep2,1.2755,2542,0
rep2,1.2755,2543,0
rep2,1.2756,2544,0
rep2,1.2756,2545,0
rep2,1.2757,2546,0
rep2,1.2758,2547,0
rep2,1.2758,2548,0
rep2,1.2758,2549,0
rep2,1.276,2550,0
rep2,1.276,2551,0
rep2,1.276,2552,0
rep2,1.2761,2553,0
rep2,1.2762,2554,0
rep2,1.2762,2555,0
rep2,1.2762,2556,0
rep2,1.2763,2557,0
rep2,1.2766,2558,0
rep2,1.2766,2559,0
rep2,1.2767,2560,0
rep2,1.277,2561,0
rep2,1.2771,2562,0
rep2,1.2772,2563,0
rep2,1.2772,2564,0
rep2,1.2773,2565,0
rep2,1.2774,2566,0
rep2,1.2775,2567,0
rep2,1.2776,2568,0
rep2,1.2777,2569,0
rep2,1.2777,2570,0
rep2,1.2778,2571,0
rep2,1.2778,2572,0
rep2,1.2779,2573,0
rep2,1.2779,2574,0
rep2,1.278,2575,0
rep2,1.2782,2576,0
rep2,1.2782,2577,0
rep2,1.2783,2578,0
rep2,1.2783,2579,0
rep2,1.2784,2580,0
rep2,1.2785,2581,0
rep2,1.2786,2582,0
rep2,1.2787,2583,0
rep2,1.2787,2584,0
rep2,1.2788,2585,0
rep2,1.2788,2586,0
rep2,1.279,2587,0
rep2,1.2791,2588,0
rep2,1.2793,2589,0
rep2,1.2793,2590,0
rep2,1.2794,2591,0
rep2,1.2794,2592,0
rep2,1.2794,2593,0
rep2,1.2795,2594,0
rep2,1.2795,2595,0
rep2,1.2796,2596,0
rep2,1.2796,2597,0
rep2,1.2796,2598,0
rep2,1.2797,2599,0
rep2,1.2799,2600,0
rep2,1.2799,2601,0
rep2,1.2799,2602,0
rep2,1.28,2603,0
rep2,1.2801,2604,0
rep2,1.2802,2605,0
rep2,1.2803,2606,0
rep2,1.2803,2607,0
rep2,1.2803,2608,0
rep2,1.2803,2609,0
rep2,1.2804,2610,0
rep2,1.2804,2611,0
rep2,1.2804,2612,0
rep2,1.2805,2613,0
rep2,1.2805,2614,0
rep2,1.2806,2615,0
rep2,1.2806,2616,0
rep2,1.2807,2617,0
rep2,1.2807,2618,0
rep2,1.2808,2619,0
rep2,1.2809,2620,0
rep2,1.281,2621,0
rep2,1.281,2622,0
rep2,1.2811,2623,0
rep2,1.2812,2624,0
rep2,1.2813,2625,0
rep2,1.2814,2626,0
rep2,1.2814,2627,0
rep2,1.2815,2628,0
rep2,1.2815,2629,0
rep2,1.2816,2630,0
rep2,1.2817,2631,0
rep2,1.2817,2632,0
rep2,1.2818,2633,0
rep2,1.2818,2634,0
rep2,1.2818,2635,0
rep2,1.2819,2636,0
rep2,1.2819,2637,0
rep2,1.282,2638,0
rep2,1.2821,2639,0
rep2,1.2822,2640,0
rep2,1.2822,2641,0
rep2,1.2823,2642,0
rep2,1.2824,2643,0
rep2,1.2824,2644,0
rep2,1.2825,2645,0
rep2,1.2829,2646,0
rep2,1.2829,2647,0
rep2,1.2829,2648,0
rep2,1.2829,2649,0
rep2,1.2829,2650,0
rep2,1.283,2651,0
rep2,1.283,2652,0
rep2,1.2833,2653,0
rep2,1.2835,2654,0
rep2,1.2836,2655,0
rep2,1.2837,2656,0
rep2,1.2837,2657,0
rep2,1.2838,2658,0
rep2,1.2838,2659,0
rep2,1.2838,2660,0
rep2,1.2838,2661,0
rep2,1.2839,2662,0
rep2,1.2841,2663,0
rep2,1.2842,2664,0
rep2,1.2842,2665,0
rep2,1.2845,2666,0
rep2,1.2846,2667,0
rep2,1.2846,2668,0
rep2,1.2847,2669,0
rep2,1.2847,2670,0
rep2,1.2847,2671,0
rep2,1.2848,2672,0
rep2,1.2849,2673,0
rep2,1.285,2674,0
rep2,1.285,2675,0
rep2,1.285,2676,0
rep2,1.2851,2677,0
rep2,1.2851,2678,0
rep2,1.2851,2679,0
rep2,1.2853,2680,0
rep2,1.2853,2681,0
rep2,1.2853,2682,0
rep2,1.2854,2683,0
rep2,1.2855,2684,0
rep2,1.2856,2685,0
rep2,1.2856,2686,0
rep2,1.2856,2687,0
rep2,1.2857,2688,0
rep2,1.2858,2689,0
rep2,1.286,2690,0
rep2,1.286,2691,0
rep2,1.2861,2692,0
rep2,1.2861,2693,0
rep2,1.2863,2694,0
rep2,1.2864,2695,0
rep2,1.2864,2696,0
rep2,1.2864,2697,0
rep2,1.2865,2698,0
rep2,1.2865,2699,0
rep2,1.2866,2700,0
rep2,1.2866,2701,0
rep2,1.2868,2702,0
rep2,1.2868,2703,0
rep2,1.2868,2704,0
rep2,1.2869,2705,0
rep2,1.2869,2706,0
rep2,1.2872,2707,0
rep2,1.2873,2708,0
rep2,1.2875,2709,0
rep2,1.2876,2710,0
rep2,1.2876,2711,0
rep2,1.2876,2712,0
rep2,1.2876,2713,0
rep2,1.2877,2714,0
rep2,1.2878,2715,0
rep2,1.2878,2716,0
rep2,1.288,2717,0
rep2,1.2881,2718,0
rep2,1.2881,2719,0
rep2,1.2882,2720,0
rep2,1.2882,2721,0
rep2,1.2883,2722,0
rep2,1.2883,2723,0
rep2,1.2883,2724,0
rep2,1.2884,2725,0
rep2,1.2885,2726,0
rep2,1.2886,2727,0
rep2,1.2888,2728,0
rep2,1.2888,2729,0
rep2,1.2889,2730,0
rep2,1.2889,2731,0
rep2,1.2889,2732,0
rep2,1.2889,2733,0
rep2,1.289,2734,0
rep2,1.2891,2735,0
rep2,1.2891,2736,0
rep2,1.2891,2737,0
rep2,1.2892,2738,0
rep2,1.2892,2739,0
rep2,1.2893,2740,0
rep2,1.2893,2741,0
rep2,1.2894,2742,0
rep2,1.2894,2743,0
rep2,1.2895,2744,0
rep2,1.2895,2745,0
rep2,1.2896,2746,0
rep2,1.2897,2747,0
rep2,1.2899,2748,0
rep2,1.2899,2749,0
rep2,1.29,2750,0
rep2,1.29,2751,0
rep2,1.2902,2752,0
rep2,1.2902,2753,0
rep2,1.2902,2754,0
rep2,1.2904,2755,0
rep2,1.2904,2756,0
rep2,1.2904,2757,0
rep2,1.2904,2758,0
rep2,1.2905,2759,0
rep2,1.2905,2760,0
rep2,1.2905,2761,0
rep2,1.2906,2762,0
rep2,1.2907,2763,0
rep2,1.291,2764,0
rep2,1.291,2765,0
rep2,1.2911,2766,0
rep2,1.2911,2767,0
rep2,1.2911,2768,0
rep2,1.2912,2769,0
rep2,1.2912,2770,0
rep2,1.2912,2771,0
rep2,1.2913,2772,0
rep2,1.2914,2773,0
rep2,1.2914,2774,0
rep2,1.2914,2775,0
rep2,1.2915,2776,0
rep2,1.2916,2777,0
rep2,1.2916,2778,0
rep2,1.2917,2779,0
rep2,1.2918,2780,0
rep2,1.2919,2781,0
rep2,1.292,2782,0
rep2,1.292,2783,0
rep2,1.292,2784,0
rep2,1.2921,2785,0
rep2,1.2923,2786,0
rep2,1.2923,2787,0
rep2,1.2924,2788,0
rep2,1.2924,2789,0
rep2,1.2925,2790,0
rep2,1.2927,2791,0
rep2,1.2928,2792,0
rep2,1.2928,2793,0
rep2,1.293,2794,0
rep2,1.2932,2795,0
rep2,1.2932,2796,0
rep2,1.2933,2797,0
rep2,1.2933,2798,0
rep2,1.2934,2799,0
rep2,1.2934,2800,0
rep2,1.2935,2801,0
rep2,1.2935,2802,0
rep2,1.2936,2803,0
rep2,1.2937,2804,0
rep2,1.2937,2805,0
rep2,1.2937,2806,0
rep2,1.2938,2807,0
rep2,1.2939,2808,0
rep2,1.294,2809,0
rep2,1.294,2810,0
rep2,1.2941,2811,0
rep2,1.2941,2812,0
rep2,1.2941,2813,0
rep2,1.2943,2814,0
rep2,1.2944,2815,0
rep2,1.2946,2816,0
rep2,1.2946,2817,0
rep2,1.2947,2818,0
rep2,1.2947,2819,0
rep2,1.2947,2820,0
rep2,1.2948,2821,0
rep2,1.295,2822,0
rep2,1.295,2823,0
rep2,1.295,2824,0
rep2,1.2951,2825,0
rep2,1.2951,2826,0
rep2,1.2951,2827,0
rep2,1.2952,2828,0
rep2,1.2952,2829,0
rep2,1.2953,2830,0
rep2,1.2953,2831,0
rep2,1.2953,2832,0
rep2,1.2953,2833,0
rep2,1.2954,2834,0
rep2,1.2954,2835,0
rep2,1.2956,2836,0
rep2,1.2956,2837,0
rep2,1.2957,2838,0
rep2,1.2958,2839,0
rep2,1.2958,2840,0
rep2,1.2959,2841,0
rep2,1.296,2842,0
rep2,1.2961,2843,0
rep2,1.2962,2844,0
rep2,1.2963,2845,0
rep2,1.2964,2846,0
rep2,1.2964,2847,0
rep2,1.2965,2848,0
rep2,1.2965,2849,0
rep2,1.2965,2850,0
rep2,1.2968,2851,0
rep2,1.2968,2852,0
rep2,1.2968,2853,0
rep2,1.2968,2854,0
rep2,1.2968,2855,0
rep2,1.2969,2856,0
rep2,1.297,2857,0
rep2,1.2972,2858,0
rep2,1.2973,2859,0
rep2,1.2973,2860,0
rep2,1.2974,2861,0
rep2,1.2974,2862,0
rep2,1.2975,2863,0
rep2,1.2979,2864,0
rep2,1.2979,2865,0
rep2,1.298,2866,0
rep2,1.298,2867,0
rep2,1.2981,2868,0
rep2,1.2983,2869,0
rep2,1.2984,2870,0
rep2,1.2984,2871,0
rep2,1.2986,2872,0
rep2,1.2987,2873,0
rep2,1.2987,2874,0
rep2,1.2988,2875,0
rep2,1.2992,2876,0
rep2,1.2992,2877,0
rep2,1.2994,2878,0
rep2,1.2994,2879,0
rep2,1.2995,2880,0
rep2,1.2995,2881,0
rep2,1.2995,2882,0
rep2,1.2995,2883,0
rep2,1.2997,2884,0
rep2,1.2998,2885,0
rep2,1.2998,2886,0
rep2,1.2999,2887,0
rep2,1.2999,2888,0
rep2,1.2999,2889,0
rep2,1.3,2890,0
rep2,1.3,2891,0
rep2,1.3,2892,0
rep2,1.3002,2893,0
rep2,1.3002,2894,0
rep2,1.3003,2895,0
rep2,1.3003,2896,0
rep2,1.3003,2897,0
rep2,1.3006,2898,0
rep2,1.3007,2899,0
rep2,1.3007,2900,0
rep2,1.3007,2901,0
rep2,1.3008,2902,0
rep2,1.3008,2903,0
rep2,1.3008,2904,0
rep2,1.3009,2905,0
rep2,1.301,2906,0
rep2,1.301,2907,0
rep2,1.3011,2908,0
rep2,1.3017,2909,0
rep2,1.3017,2910,0
rep2,1.3017,2911,0
rep2,1.3018,2912,0
rep2,1.302,2913,0
rep2,1.302,2914,0
rep2,1.3022,2915,0
rep2,1.3024,2916,0
rep2,1.3025,2917,0
rep2,1.3025,2918,0
rep2,1.3027,2919,0
rep2,1.3027,2920,0
rep2,1.3027,2921,0
rep2,1.3028,2922,0
rep2,1.303,2923,0
rep2,1.303,2924,0
rep2,1.3031,2925,0
rep2,1.3032,2926,0
rep2,1.3032,2927,0
rep2,1.3033,2928,0
rep2,1.3034,2929,0
rep2,1.3034,2930,0
rep2,1.3036,2931,0
rep2,1.3036,2932,0
rep2,1.3037,2933,0
rep2,1.3038,2934,0
rep2,1.3039,2935,0
rep2,1.3039,2936,0
rep2,1.304,2937,0
rep2,1.3041,2938,0
rep2,1.3042,2939,0
rep2,1.3042,2940,0
rep2,1.3043,2941,0
rep2,1.3043,2942,0
rep2,1.3044,2943,0
rep2,1.3044,2944,0
rep2,1.3044,2945,0
rep2,1.3045,2946,0
rep2,1.3048,2947,0
rep2,1.3048,2948,0
rep2,1.3049,2949,0
rep2,1.3049,2950,0
rep2,1.3051,2951,0
rep2,1.3052,2952,0
rep2,1.3053,2953,0
rep2,1.3056,2954,0
rep2,1.3057,2955,0
rep2,1.3057,2956,0
rep2,1.3057,2957,0
rep2,1.3057,2958,0
rep2,1.3058,2959,0
rep2,1.3058,2960,0
rep2,1.3058,2961,0
rep2,1.3059,2962,0
rep2,1.306,2963,0
rep2,1.3061,2964,0
rep2,1.3061,2965,0
rep2,1.3061,2966,0
rep2,1.3062,2967,0
rep2,1.3063,2968,0
rep2,1.3063,2969,0
rep2,1.3063,2970,0
rep2,1.3063,2971,0
rep2,1.3064,2972,0
rep2,1.3066,2973,0
rep2,1.3066,2974,0
rep2,1.3067,2975,0
rep2,1.3068,2976,0
rep2,1.3069,2977,0
rep2,1.307,2978,0
rep2,1.3071,2979,0
rep2,1.3071,2980,0
rep2,1.3071,2981,0
rep2,1.3072,2982,0
rep2,1.3072,2983,0
rep2,1.3073,2984,0
rep2,1.3074,2985,0
rep2,1.3074,2986,0
rep2,1.3076,2987,0
rep2,1.3076,2988,0
rep2,1.3077,2989,0
rep2,1.3077,2990,0
rep2,1.3078,2991,0
rep2,1.3079,2992,0
rep2,1.308,2993,0
rep2,1.3081,2994,0
rep2,1.3082,2995,0
rep2,1.3084,2996,0
rep2,1.3084,2997,0
rep2,1.3085,2998,0
rep2,1.3085,2999,0
rep2,1.3086,3000,0
rep2,1.3086,3001,0
rep2,1.3089,3002,0
rep2,1.3091,3003,0
rep2,1.3092,3004,0
rep2,1.3094,3005,0
rep2,1.3094,3006,0
rep2,1.3095,3007,0
rep2,1.3096,3008,0
rep2,1.31,3009,0
rep2,1.31,3010,0
rep2,1.31,3011,0
rep2,1.3102,3012,0
rep2,1.3102,3013,0
rep2,1.3104,3014,0
rep2,1.3105,3015,0
rep2,1.3105,3016,0
rep2,1.3105,3017,0
rep2,1.3106,3018,0
rep2,1.3106,3019,0
rep2,1.3106,3020,0
rep2,1.3107,3021,0
rep2,1.3107,3022,0
rep2,1.3107,3023,0
rep2,1.3108,3024,0
rep2,1.3109,3025,0
rep2,1.3109,3026,0
rep2,1.311,3027,0
rep2,1.3111,3028,0
rep2,1.3112,3029,0
rep2,1.3113,3030,0
rep2,1.3115,3031,0
rep2,1.3115,3032,0
rep2,1.3117,3033,0
rep2,1.3118,3034,0
rep2,1.3119,3035,0
rep2,1.312,3036,0
rep2,1.3121,3037,0
rep2,1.3121,3038,0
rep2,1.3124,3039,0
rep2,1.3126,3040,0
rep2,1.3126,3041,0
rep2,1.3126,3042,0
rep2,1.3128,3043,0
rep2,1.3129,3044,0
rep2,1.3129,3045,0
rep2,1.3129,3046,0
rep2,1.313,3047,0
rep2,1.313,3048,0
rep2,1.3131,3049,0
rep2,1.3132,3050,0
rep2,1.3132,3051,0
rep2,1.3132,3052,0
rep2,1.3134,3053,0
rep2,1.3134,3054,0
rep2,1.3134,3055,0
rep2,1.3135,3056,0
rep2,1.3135,3057,0
rep2,1.3136,3058,0
rep2,1.3136,3059,0
rep2,1.3137,3060,0
rep2,1.3137,3061,0
rep2,1.3139,3062,0
rep2,1.314,3063,0
rep2,1.3141,3064,0
rep2,1.3141,3065,0
rep2,1.3143,3066,0
rep2,1.3143,3067,0
rep2,1.3143,3068,0
rep2,1.3145,3069,0
rep2,1.3146,3070,0
rep2,1.3146,3071,0
rep2,1.3147,3072,0
rep2,1.3147,3073,0
rep2,1.3148,3074,0
rep2,1.3148,3075,0
rep2,1.3149,3076,0
rep2,1.315,3077,0
rep2,1.315,3078,0
rep2,1.3151,3079,0
rep2,1.3151,3080,0
rep2,1.3152,3081,0
rep2,1.3152,3082,0
rep2,1.3153,3083,0
rep2,1.3153,3084,0
rep2,1.3153,3085,0
rep2,1.3154,3086,0
rep2,1.3155,3087,0
rep2,1.3156,3088,0
rep2,1.3157,3089,0
rep2,1.3157,3090,0
rep2,1.3158,3091,0
rep2,1.3158,3092,0
rep2,1.3158,3093,0
rep2,1.3159,3094,0
rep2,1.3159,3095,0
rep2,1.3159,3096,0
rep2,1.3161,3097,0
rep2,1.3161,3098,0
rep2,1.3161,3099,0
rep2,1.3162,3100,0
rep2,1.3162,3101,0
rep2,1.3163,3102,0
rep2,1.3166,3103,0
rep2,1.3166,3104,0
rep2,1.3167,3105,0
rep2,1.3168,3106,0
rep2,1.3169,3107,0
rep2,1.3169,3108,0
rep2,1.317,3109,0
rep2,1.3173,3110,0
rep2,1.3173,3111,0
rep2,1.3174,3112,0
rep2,1.3174,3113,0
rep2,1.3176,3114,0
rep2,1.3176,3115,0
rep2,1.3177,3116,0
rep2,1.3177,3117,0
rep2,1.3178,3118,0
rep2,1.318,3119,0
rep2,1.318,3120,0
rep2,1.3181,3121,0
rep2,1.3181,3122,0
rep2,1.3182,3123,0
rep2,1.3183,3124,0
rep2,1.3183,3125,0
rep2,1.3183,3126,0
rep2,1.3185,3127,0
rep2,1.3186,3128,0
rep2,1.3187,3129,0
rep2,1.3188,3130,0
rep2,1.3189,3131,0
rep2,1.319,3132,0
rep2,1.3191,3133,0
rep2,1.3191,3134,0
rep2,1.3191,3135,0
rep2,1.3192,3136,0
rep2,1.3192,3137,0
rep2,1.3192,3138,0
rep2,1.3193,3139,0
rep2,1.3193,3140,0
rep2,1.3194,3141,0
rep2,1.3195,3142,0
rep2,1.3195,3143,0
rep2,1.3197,3144,0
rep2,1.3197,3145,0
rep2,1.3198,3146,0
rep2,1.32,3147,0
rep2,1.3201,3148,0
rep2,1.3202,3149,0
rep2,1.3202,3150,0
rep2,1.3202,3151,0
rep2,1.3203,3152,0
rep2,1.3203,3153,0
rep2,1.3203,3154,0
rep2,1.3205,3155,0
rep2,1.3206,3156,0
rep2,1.3207,3157,0
rep2,1.3207,3158,0
rep2,1.3208,3159,0
rep2,1.3208,3160,0
rep2,1.3209,3161,0
rep2,1.3209,3162,0
rep2,1.321,3163,0
rep2,1.321,3164,0
rep2,1.3211,3165,0
rep2,1.3212,3166,0
rep2,1.3212,3167,0
rep2,1.3213,3168,0
rep2,1.3214,3169,0
rep2,1.3215,3170,0
rep2,1.3215,3171,0
rep2,1.3215,3172,0
rep2,1.3216,3173,0
rep2,1.3216,3174,0
rep2,1.3216,3175,0
rep2,1.3217,3176,0
rep2,1.3219,3177,0
rep2,1.322,3178,0
rep2,1.322,3179,0
rep2,1.322,3180,0
rep2,1.3222,3181,0
rep2,1.3222,3182,0
rep2,1.3224,3183,0
rep2,1.3225,3184,0
rep2,1.3225,3185,0
rep2,1.3226,3186,0
rep2,1.3228,3187,0
rep2,1.3228,3188,0
rep2,1.323,3189,0
rep2,1.3231,3190,0
rep2,1.3232,3191,0
rep2,1.3233,3192,0
rep2,1.3233,3193,0
rep2,1.3233,3194,0
rep2,1.3233,3195,0
rep2,1.3233,3196,0
rep2,1.3233,3197,0
rep2,1.3234,3198,0
rep2,1.3234,3199,0
rep2,1.3235,3200,0
rep2,1.3237,3201,0
rep2,1.3238,3202,0
rep2,1.3238,3203,0
rep2,1.3239,3204,0
rep2,1.3239,3205,0
rep2,1.324,3206,0
rep2,1.3241,3207,0
rep2,1.3242,3208,0
rep2,1.3244,3209,0
rep2,1.3244,3210,0
rep2,1.3246,3211,0
rep2,1.3246,3212,0
rep2,1.3247,3213,0
rep2,1.3247,3214,0
rep2,1.325,3215,0
rep2,1.3251,3216,0
rep2,1.3251,3217,0
rep2,1.3251,3218,0
rep2,1.3252,3219,0
rep2,1.3252,3220,0
rep2,1.3253,3221,0
rep2,1.3254,3222,0
rep2,1.3255,3223,0
rep2,1.3256,3224,0
rep2,1.3256,3225,0
rep2,1.3258,3226,0
rep2,1.3259,3227,0
rep2,1.3259,3228,0
rep2,1.3259,3229,0
rep2,1.3261,3230,0
rep2,1.3263,3231,0
rep2,1.3265,3232,0
rep2,1.3267,3233,0
rep2,1.3269,3234,0
rep2,1.3271,3235,0
rep2,1.3274,3236,0
rep2,1.3275,3237,0
rep2,1.3278,3238,0
rep2,1.3279,3239,0
rep2,1.3281,3240,0
rep2,1.3283,3241,0
rep2,1.3284,3242,0
rep2,1.3284,3243,0
rep2,1.3285,3244,0
rep2,1.3285,3245,0
rep2,1.3285,3246,0
rep2,1.3286,3247,0
rep2,1.3286,3248,0
rep2,1.3287,3249,0
rep2,1.3288,3250,0
rep2,1.3288,3251,0
rep2,1.3289,3252,0
rep2,1.3289,3253,0
rep2,1.329,3254,0
rep2,1.3291,3255,0
rep2,1.3291,3256,0
rep2,1.3293,3257,0
rep2,1.3294,3258,0
rep2,1.3295,3259,0
rep2,1.3295,3260,0
rep2,1.3296,3261,0
rep2,1.3297,3262,0
rep2,1.3297,3263,0
rep2,1.3298,3264,0
rep2,1.3299,3265,0
rep2,1.3299,3266,0
rep2,1.3299,3267,0
rep2,1.3299,3268,0
rep2,1.3302,3269,0
rep2,1.3302,3270,0
rep2,1.3303,3271,0
rep2,1.3303,3272,0
rep2,1.3304,3273,0
rep2,1.3304,3274,0
rep2,1.3306,3275,0
rep2,1.3307,3276,0
rep2,1.3307,3277,0
rep2,1.3307,3278,0
rep2,1.3308,3279,0
rep2,1.3309,3280,0
rep2,1.3309,3281,0
rep2,1.331,3282,0
rep2,1.3311,3283,0
rep2,1.3312,3284,0
rep2,1.3314,3285,0
rep2,1.3315,3286,0
rep2,1.3315,3287,0
rep2,1.3316,3288,0
rep2,1.3317,3289,0
rep2,1.3317,3290,0
rep2,1.3318,3291,0
rep2,1.3319,3292,0
rep2,1.3319,3293,0
rep2,1.332,3294,0
rep2,1.3321,3295,0
rep2,1.3324,3296,0
rep2,1.3325,3297,0
rep2,1.3325,3298,0
rep2,1.3326,3299,0
rep2,1.3326,3300,0
rep2,1.3327,3301,0
rep2,1.3327,3302,0
rep2,1.3327,3303,0
rep2,1.3328,3304,0
rep2,1.3329,3305,0
rep2,1.3329,3306,0
rep2,1.3331,3307,0
rep2,1.3331,3308,0
rep2,1.3332,3309,0
rep2,1.3332,3310,0
rep2,1.3333,3311,0
rep2,1.3334,3312,0
rep2,1.3335,3313,0
rep2,1.3336,3314,0
rep2,1.3337,3315,0
rep2,1.3337,3316,0
rep2,1.3337,3317,0
rep2,1.3338,3318,0
rep2,1.334,3319,0
rep2,1.3341,3320,0
rep2,1.3343,3321,0
rep2,1.3344,3322,0
rep2,1.3344,3323,0
rep2,1.3345,3324,0
rep2,1.3346,3325,0
rep2,1.3346,3326,0
rep2,1.3347,3327,0
rep2,1.3347,3328,0
rep2,1.3348,3329,0
rep2,1.3348,3330,0
rep2,1.3349,3331,0
rep2,1.3349,3332,0
rep2,1.3349,3333,0
rep2,1.335,3334,0
rep2,1.3351,3335,0
rep2,1.3351,3336,0
rep2,1.3352,3337,0
rep2,1.3352,3338,0
rep2,1.3354,3339,0
rep2,1.3355,3340,0
rep2,1.3355,3341,0
rep2,1.3355,3342,0
rep2,1.336,3343,0
rep2,1.336,3344,0
rep2,1.3361,3345,0
rep2,1.3361,3346,0
rep2,1.3362,3347,0
rep2,1.3362,3348,0
rep2,1.3363,3349,0
rep2,1.3363,3350,0
rep2,1.3363,3351,0
rep2,1.3364,3352,0
rep2,1.3364,3353,0
rep2,1.3365,3354,0
rep2,1.3366,3355,0
rep2,1.3366,3356,0
rep2,1.3368,3357,0
rep2,1.337,3358,0
rep2,1.337,3359,0
rep2,1.337,3360,0
rep2,1.3371,3361,0
rep2,1.3372,3362,0
rep2,1.3372,3363,0
rep2,1.3374,3364,0
rep2,1.3375,3365,0
rep2,1.3375,3366,0
rep2,1.3376,3367,0
rep2,1.3377,3368,0
rep2,1.3377,3369,0
rep2,1.3378,3370,0
rep2,1.3379,3371,0
rep2,1.338,3372,0
rep2,1.338,3373,0
rep2,1.3382,3374,0
rep2,1.3384,3375,0
rep2,1.3384,3376,0
rep2,1.3385,3377,0
rep2,1.3386,3378,0
rep2,1.3387,3379,0
rep2,1.3388,3380,0
rep2,1.3389,3381,0
rep2,1.3389,3382,0
rep2,1.339,3383,0
rep2,1.3391,3384,0
rep2,1.3391,3385,0
rep2,1.3392,3386,0
rep2,1.3392,3387,0
rep2,1.3394,3388,0
rep2,1.3394,3389,0
rep2,1.3394,3390,0
rep2,1.3396,3391,0
rep2,1.3397,3392,0
rep2,1.3399,3393,0
rep2,1.3399,3394,0
rep2,1.34,3395,0
rep2,1.34,3396,0
rep2,1.34,3397,0
rep2,1.3401,3398,0
rep2,1.3403,3399,0
rep2,1.3404,3400,0
rep2,1.3405,3401,0
rep2,1.3406,3402,0
rep2,1.3407,3403,0
rep2,1.3408,3404,0
rep2,1.3408,3405,0
rep2,1.3408,3406,0
rep2,1.3408,3407,0
rep2,1.3409,3408,0
rep2,1.3409,3409,0
rep2,1.3411,3410,0
rep2,1.3411,3411,0
rep2,1.3411,3412,0
rep2,1.3413,3413,0
rep2,1.3413,3414,0
rep2,1.3413,3415,0
rep2,1.3413,3416,0
rep2,1.3414,3417,0
rep2,1.3414,3418,0
rep2,1.3417,3419,0
rep2,1.3418,3420,0
rep2,1.3418,3421,0
rep2,1.3418,3422,0
rep2,1.3419,3423,0
rep2,1.342,3424,0
rep2,1.342,3425,0
rep2,1.3421,3426,0
rep2,1.3422,3427,0
rep2,1.3422,3428,0
rep2,1.3422,3429,0
rep2,1.3424,3430,0
rep2,1.3427,3431,0
rep2,1.3427,3432,0
rep2,1.3428,3433,0
rep2,1.3429,3434,0
rep2,1.3429,3435,0
rep2,1.343,3436,0
rep2,1.3431,3437,0
rep2,1.3432,3438,0
rep2,1.3433,3439,0
rep2,1.3434,3440,0
rep2,1.3434,3441,0
rep2,1.3435,3442,0
rep2,1.3435,3443,0
rep2,1.3436,3444,0
rep2,1.3437,3445,0
rep2,1.3438,3446,0
rep2,1.3439,3447,0
rep2,1.3439,3448,0
rep2,1.3442,3449,0
rep2,1.3443,3450,0
rep2,1.3443,3451,0
rep2,1.3444,3452,0
rep2,1.3448,3453,0
rep2,1.3448,3454,0
rep2,1.3449,3455,0
rep2,1.3449,3456,0
rep2,1.345,3457,0
rep2,1.3452,3458,0
rep2,1.3452,3459,0
rep2,1.3453,3460,0
rep2,1.3453,3461,0
rep2,1.3454,3462,0
rep2,1.3455,3463,0
rep2,1.3455,3464,0
rep2,1.3456,3465,0
rep2,1.3456,3466,0
rep2,1.3457,3467,0
rep2,1.3458,3468,0
rep2,1.3458,3469,0
rep2,1.3459,3470,0
rep2,1.3463,3471,0
rep2,1.3463,3472,0
rep2,1.3464,3473,0
rep2,1.3464,3474,0
rep2,1.3464,3475,0
rep2,1.3465,3476,0
rep2,1.3466,3477,0
rep2,1.3467,3478,0
rep2,1.3469,3479,0
rep2,1.3471,3480,0
rep2,1.3472,3481,0
rep2,1.3472,3482,0
rep2,1.3472,3483,0
rep2,1.3473,3484,0
rep2,1.3473,3485,0
rep2,1.3474,3486,0
rep2,1.3474,3487,0
rep2,1.3475,3488,0
rep2,1.3476,3489,0
rep2,1.3478,3490,0
rep2,1.348,3491,0
rep2,1.348,3492,0
rep2,1.348,3493,0
rep2,1.3481,3494,0
rep2,1.3482,3495,0
rep2,1.3483,3496,0
rep2,1.3485,3497,0
rep2,1.3486,3498,0
rep2,1.3486,3499,0
rep2,1.3486,3500,0
rep2,1.3487,3501,0
rep2,1.3487,3502,0
rep2,1.3487,3503,0
rep2,1.3488,3504,0
rep2,1.3488,3505,0
rep2,1.3489,3506,0
rep2,1.3489,3507,0
rep2,1.349,3508,0
rep2,1.3491,3509,0
rep2,1.3491,3510,0
rep2,1.3493,3511,0
rep2,1.3494,3512,0
rep2,1.3494,3513,0
rep2,1.3494,3514,0
rep2,1.3495,3515,0
rep2,1.3499,3516,0
rep2,1.35,3517,0
rep2,1.35,3518,0
rep2,1.35,3519,0
rep2,1.3501,3520,0
rep2,1.3502,3521,0
rep2,1.3503,3522,0
rep2,1.3504,3523,0
rep2,1.3504,3524,0
rep2,1.3504,3525,0
rep2,1.3505,3526,0
rep2,1.3505,3527,0
rep2,1.3507,3528,0
rep2,1.3507,3529,0
rep2,1.3509,3530,0
rep2,1.3509,3531,0
rep2,1.351,3532,0
rep2,1.3512,3533,0
rep2,1.3512,3534,0
rep2,1.3512,3535,0
rep2,1.3513,3536,0
rep2,1.3513,3537,0
rep2,1.3516,3538,0
rep2,1.3516,3539,0
rep2,1.3516,3540,0
rep2,1.3517,3541,0
rep2,1.3517,3542,0
rep2,1.3517,3543,0
rep2,1.3518,3544,0
rep2,1.3518,3545,0
rep2,1.3518,3546,0
rep2,1.352,3547,0
rep2,1.352,3548,0
rep2,1.3524,3549,0
rep2,1.3525,3550,0
rep2,1.3525,3551,0
rep2,1.3526,3552,0
rep2,1.3527,3553,0
rep2,1.3527,3554,0
rep2,1.3527,3555,0
rep2,1.3531,3556,0
rep2,1.3532,3557,0
rep2,1.3532,3558,0
rep2,1.3533,3559,0
rep2,1.3535,3560,0
rep2,1.3535,3561,0
rep2,1.3536,3562,0
rep2,1.3537,3563,0
rep2,1.3538,3564,0
rep2,1.3539,3565,0
rep2,1.3539,3566,0
rep2,1.3541,3567,0
rep2,1.3541,3568,0
rep2,1.3543,3569,0
rep2,1.3543,3570,0
rep2,1.3545,3571,0
rep2,1.3545,3572,0
rep2,1.3547,3573,0
rep2,1.3547,3574,0
rep2,1.3548,3575,0
rep2,1.3549,3576,0
rep2,1.3551,3577,0
rep2,1.3551,3578,0
rep2,1.3553,3579,0
rep2,1.3553,3580,0
rep2,1.3554,3581,0
rep2,1.3554,3582,0
rep2,1.3555,3583,0
rep2,1.3556,3584,0
rep2,1.3557,3585,0
rep2,1.3558,3586,0
rep2,1.3558,3587,0
rep2,1.3561,3588,0
rep2,1.3562,3589,0
rep2,1.3563,3590,0
rep2,1.3564,3591,0
rep2,1.3565,3592,0
rep2,1.3565,3593,0
rep2,1.3566,3594,0
rep2,1.3567,3595,0
rep2,1.3567,3596,0
rep2,1.3567,3597,0
rep2,1.3568,3598,0
rep2,1.357,3599,0
rep2,1.357,3600,0
rep2,1.357,3601,0
rep2,1.357,3602,0
rep2,1.3571,3603,0
rep2,1.3571,3604,0
rep2,1.3572,3605,0
rep2,1.3572,3606,0
rep2,1.3573,3607,0
rep2,1.3574,3608,0
rep2,1.3576,3609,0
rep2,1.3576,3610,0
rep2,1.3577,3611,0
rep2,1.3577,3612,0
rep2,1.3577,3613,0
rep2,1.3577,3614,0
rep2,1.3578,3615,0
rep2,1.3578,3616,0
rep2,1.358,3617,0
rep2,1.358,3618,0
rep2,1.3581,3619,0
rep2,1.3581,3620,0
rep2,1.3581,3621,0
rep2,1.3583,3622,0
rep2,1.3583,3623,0
rep2,1.3583,3624,0
rep2,1.3584,3625,0
rep2,1.3586,3626,0
rep2,1.3587,3627,0
rep2,1.3587,3628,0
rep2,1.3588,3629,0
rep2,1.3588,3630,0
rep2,1.3589,3631,0
rep2,1.359,3632,0
rep2,1.3592,3633,0
rep2,1.3593,3634,0
rep2,1.3594,3635,0
rep2,1.3595,3636,0
rep2,1.3596,3637,0
rep2,1.36,3638,0
rep2,1.3604,3639,0
rep2,1.3604,3640,0
rep2,1.3605,3641,0
rep2,1.3606,3642,0
rep2,1.3607,3643,0
rep2,1.3608,3644,0
rep2,1.3608,3645,0
rep2,1.361,3646,0
rep2,1.361,3647,0
rep2,1.3612,3648,0
rep2,1.3612,3649,0
rep2,1.3612,3650,0
rep2,1.3616,3651,0
rep2,1.3617,3652,0
rep2,1.3618,3653,0
rep2,1.3619,3654,0
rep2,1.362,3655,0
rep2,1.3621,3656,0
rep2,1.3621,3657,0
rep2,1.3621,3658,0
rep2,1.3627,3659,0
rep2,1.3628,3660,0
rep2,1.3628,3661,0
rep2,1.3629,3662,0
rep2,1.363,3663,0
rep2,1.3633,3664,0
rep2,1.3633,3665,0
rep2,1.3634,3666,0
rep2,1.3635,3667,0
rep2,1.3638,3668,0
rep2,1.3638,3669,0
rep2,1.3639,3670,0
rep2,1.3642,3671,0
rep2,1.3643,3672,0
rep2,1.3644,3673,0
rep2,1.3644,3674,0
rep2,1.3646,3675,0
rep2,1.3647,3676,0
rep2,1.3648,3677,0
rep2,1.3649,3678,0
rep2,1.3649,3679,0
rep2,1.365,3680,0
rep2,1.365,3681,0
rep2,1.365,3682,0
rep2,1.365,3683,0
rep2,1.3651,3684,0
rep2,1.3651,3685,0
rep2,1.3652,3686,0
rep2,1.3653,3687,0
rep2,1.3654,3688,0
rep2,1.3655,3689,0
rep2,1.3658,3690,0
rep2,1.3658,3691,0
rep2,1.3659,3692,0
rep2,1.3659,3693,0
rep2,1.366,3694,0
rep2,1.3661,3695,0
rep2,1.3663,3696,0
rep2,1.3664,3697,0
rep2,1.3666,3698,0
rep2,1.3667,3699,0
rep2,1.3668,3700,0
rep2,1.367,3701,0
rep2,1.3671,3702,0
rep2,1.3672,3703,0
rep2,1.3673,3704,0
rep2,1.3674,3705,0
rep2,1.3679,3706,0
rep2,1.368,3707,0
rep2,1.368,3708,0
rep2,1.3681,3709,0
rep2,1.3682,3710,0
rep2,1.3682,3711,0
rep2,1.3683,3712,0
rep2,1.3686,3713,0
rep2,1.3686,3714,0
rep2,1.3686,3715,0
rep2,1.3687,3716,0
rep2,1.3688,3717,0
rep2,1.3688,3718,0
rep2,1.3689,3719,0
rep2,1.369,3720,0
rep2,1.369,3721,0
rep2,1.369,3722,0
rep2,1.3694,3723,0
rep2,1.3694,3724,0
rep2,1.3694,3725,0
rep2,1.3695,3726,0
rep2,1.3695,3727,0
rep2,1.3695,3728,0
rep2,1.3696,3729,0
rep2,1.3696,3730,0
rep2,1.3697,3731,0
rep2,1.3697,3732,0
rep2,1.3698,3733,0
rep2,1.3699,3734,0
rep2,1.3699,3735,0
rep2,1.37,3736,0
rep2,1.3702,3737,0
rep2,1.3703,3738,0
rep2,1.3703,3739,0
rep2,1.3705,3740,0
rep2,1.3707,3741,0
rep2,1.3708,3742,0
rep2,1.3709,3743,0
rep2,1.3709,3744,0
rep2,1.3709,3745,0
rep2,1.3711,3746,0
rep2,1.3711,3747,0
rep2,1.3712,3748,0
rep2,1.3713,3749,0
rep2,1.3714,3750,0
rep2,1.3715,3751,0
rep2,1.3715,3752,0
rep2,1.3718,3753,0
rep2,1.3719,3754,0
rep2,1.3719,3755,0
rep2,1.372,3756,0
rep2,1.3722,3757,0
rep2,1.3722,3758,0
rep2,1.3723,3759,0
rep2,1.3726,3760,0
rep2,1.3726,3761,0
rep2,1.3726,3762,0
rep2,1.3727,3763,0
rep2,1.3727,3764,0
rep2,1.3728,3765,0
rep2,1.3729,3766,0
rep2,1.373,3767,0
rep2,1.3733,3768,0
rep2,1.3733,3769,0
rep2,1.3733,3770,0
rep2,1.3734,3771,0
rep2,1.3735,3772,0
rep2,1.3738,3773,0
rep2,1.374,3774,0
rep2,1.374,3775,0
rep2,1.3742,3776,0
rep2,1.3742,3777,0
rep2,1.3744,3778,0
rep2,1.3745,3779,0
rep2,1.3746,3780,0
rep2,1.3747,3781,0
rep2,1.3749,3782,0
rep2,1.3749,3783,0
rep2,1.3749,3784,0
rep2,1.375,3785,0
rep2,1.3751,3786,0
rep2,1.3752,3787,0
rep2,1.3753,3788,0
rep2,1.3754,3789,0
rep2,1.3755,3790,0
rep2,1.3755,3791,0
rep2,1.3755,3792,0
rep2,1.3756,3793,0
rep2,1.3757,3794,0
rep2,1.376,3795,0
rep2,1.376,3796,0
rep2,1.3761,3797,0
rep2,1.3762,3798,0
rep2,1.3762,3799,0
rep2,1.3763,3800,0
rep2,1.3765,3801,0
rep2,1.3767,3802,0
rep2,1.3767,3803,0
rep2,1.3771,3804,0
rep2,1.3771,3805,0
rep2,1.3772,3806,0
rep2,1.3773,3807,0
rep2,1.3776,3808,0
rep2,1.3778,3809,0
rep2,1.3785,3810,0
rep2,1.3786,3811,0
rep2,1.3789,3812,0
rep2,1.379,3813,0
rep2,1.3793,3814,0
rep2,1.3794,3815,0
rep2,1.3794,3816,0
rep2,1.3795,3817,0
rep2,1.3795,3818,0
rep2,1.3796,3819,0
rep2,1.3796,3820,0
rep2,1.3796,3821,0
rep2,1.3799,3822,0
rep2,1.38,3823,0
rep2,1.3803,3824,0
rep2,1.3804,3825,0
rep2,1.3806,3826,0
rep2,1.3806,3827,0
rep2,1.3807,3828,0
rep2,1.3807,3829,0
rep2,1.3808,3830,0
rep2,1.381,3831,0
rep2,1.3814,3832,0
rep2,1.3814,3833,0
rep2,1.3815,3834,0
rep2,1.3816,3835,0
rep2,1.3817,3836,0
rep2,1.3818,3837,0
rep2,1.3819,3838,0
rep2,1.3819,3839,0
rep2,1.3819,3840,0
rep2,1.382,3841,0
rep2,1.3823,3842,0
rep2,1.3823,3843,0
rep2,1.3826,3844,0
rep2,1.3829,3845,0
rep2,1.383,3846,0
rep2,1.3831,3847,0
rep2,1.3831,3848,0
rep2,1.3831,3849,0
rep2,1.3832,3850,0
rep2,1.3833,3851,0
rep2,1.3834,3852,0
rep2,1.3836,3853,0
rep2,1.3838,3854,0
rep2,1.3841,3855,0
rep2,1.3842,3856,0
rep2,1.3842,3857,0
rep2,1.3845,3858,0
rep2,1.3845,3859,0
rep2,1.3845,3860,0
rep2,1.3847,3861,0
rep2,1.3849,3862,0
rep2,1.3849,3863,0
rep2,1.3851,3864,0
rep2,1.3851,3865,0
rep2,1.3852,3866,0
rep2,1.3852,3867,0
rep2,1.3853,3868,0
rep2,1.3856,3869,0
rep2,1.3857,3870,0
rep2,1.3857,3871,0
rep2,1.386,3872,0
rep2,1.386,3873,0
rep2,1.3861,3874,0
rep2,1.3865,3875,0
rep2,1.3865,3876,0
rep2,1.3865,3877,0
rep2,1.3867,3878,0
rep2,1.3868,3879,0
rep2,1.3868,3880,0
rep2,1.3868,3881,0
rep2,1.387,3882,0
rep2,1.3872,3883,0
rep2,1.3872,3884,0
rep2,1.3873,3885,0
rep2,1.3874,3886,0
rep2,1.3874,3887,0
rep2,1.3881,3888,0
rep2,1.3882,3889,0
rep2,1.3882,3890,0
rep2,1.3884,3891,0
rep2,1.3887,3892,0
rep2,1.3888,3893,0
rep2,1.3889,3894,0
rep2,1.3889,3895,0
rep2,1.389,3896,0
rep2,1.389,3897,0
rep2,1.389,3898,0
rep2,1.3891,3899,0
rep2,1.3894,3900,0
rep2,1.3895,3901,0
rep2,1.3898,3902,0
rep2,1.3899,3903,0
rep2,1.39,3904,0
rep2,1.3901,3905,0
rep2,1.3903,3906,0
rep2,1.3904,3907,0
rep2,1.3905,3908,0
rep2,1.3906,3909,0
rep2,1.3907,3910,0
rep2,1.3908,3911,0
rep2,1.3911,3912,0
rep2,1.3912,3913,0
rep2,1.3913,3914,0
rep2,1.3913,3915,0
rep2,1.3914,3916,0
rep2,1.3917,3917,0
rep2,1.3917,3918,0
rep2,1.3918,3919,0
rep2,1.3918,3920,0
rep2,1.3919,3921,0
rep2,1.392,3922,0
rep2,1.392,3923,0
rep2,1.3921,3924,0
rep2,1.3924,3925,0
rep2,1.3924,3926,0
rep2,1.3925,3927,0
rep2,1.3929,3928,0
rep2,1.3929,3929,0
rep2,1.393,3930,0
rep2,1.3934,3931,0
rep2,1.3935,3932,0
rep2,1.3936,3933,0
rep2,1.3938,3934,0
rep2,1.394,3935,0
rep2,1.3941,3936,0
rep2,1.3942,3937,0
rep2,1.3943,3938,0
rep2,1.3944,3939,0
rep2,1.3944,3940,0
rep2,1.3946,3941,0
rep2,1.3946,3942,0
rep2,1.3952,3943,0
rep2,1.3953,3944,0
rep2,1.3954,3945,0
rep2,1.3954,3946,0
rep2,1.3954,3947,0
rep2,1.3955,3948,0
rep2,1.3956,3949,0
rep2,1.3956,3950,0
rep2,1.3957,3951,0
rep2,1.3957,3952,0
rep2,1.3958,3953,0
rep2,1.3958,3954,0
rep2,1.3958,3955,0
rep2,1.3959,3956,0
rep2,1.3961,3957,0
rep2,1.3962,3958,0
rep2,1.3963,3959,0
rep2,1.3963,3960,0
rep2,1.3964,3961,0
rep2,1.3965,3962,0
rep2,1.3967,3963,0
rep2,1.3968,3964,0
rep2,1.3971,3965,0
rep2,1.3971,3966,0
rep2,1.3971,3967,0
rep2,1.3973,3968,0
rep2,1.3973,3969,0
rep2,1.3974,3970,0
rep2,1.3975,3971,0
rep2,1.3978,3972,0
rep2,1.3979,3973,0
rep2,1.3979,3974,0
rep2,1.398,3975,0
rep2,1.3981,3976,0
rep2,1.3983,3977,0
rep2,1.3985,3978,0
rep2,1.3989,3979,0
rep2,1.399,3980,0
rep2,1.3991,3981,0
rep2,1.3992,3982,0
rep2,1.3993,3983,0
rep2,1.3995,3984,0
rep2,1.3995,3985,0
rep2,1.3996,3986,0
rep2,1.3997,3987,0
rep2,1.3999,3988,0
rep2,1.4,3989,0
rep2,1.4,3990,0
rep2,1.4,3991,0
rep2,1.4,3992,0
rep2,1.4,3993,0
rep2,1.4001,3994,0
rep2,1.4002,3995,0
rep2,1.4003,3996,0
rep2,1.4007,3997,0
rep2,1.4007,3998,0
rep2,1.4008,3999,0
rep2,1.401,4000,0
rep2,1.4012,4001,0
rep2,1.4012,4002,0
rep2,1.4015,4003,0
rep2,1.4017,4004,0
rep2,1.4017,4005,0
rep2,1.4019,4006,0
rep2,1.4019,4007,0
rep2,1.4021,4008,0
rep2,1.4023,4009,0
rep2,1.4023,4010,0
rep2,1.4025,4011,0
rep2,1.4025,4012,0
rep2,1.4027,4013,0
rep2,1.4028,4014,0
rep2,1.4028,4015,0
rep2,1.4029,4016,0
rep2,1.403,4017,0
rep2,1.4031,4018,0
rep2,1.4032,4019,0
rep2,1.4033,4020,0
rep2,1.4033,4021,0
rep2,1.4034,4022,0
rep2,1.4037,4023,0
rep2,1.4037,4024,0
rep2,1.4038,4025,0
rep2,1.4039,4026,0
rep2,1.404,4027,0
rep2,1.4041,4028,0
rep2,1.4042,4029,0
rep2,1.4044,4030,0
rep2,1.4047,4031,0
rep2,1.4047,4032,0
rep2,1.4048,4033,0
rep2,1.4048,4034,0
rep2,1.4048,4035,0
rep2,1.405,4036,0
rep2,1.4051,4037,0
rep2,1.4053,4038,0
rep2,1.4053,4039,0
rep2,1.4054,4040,0
rep2,1.4056,4041,0
rep2,1.4056,4042,0
rep2,1.4059,4043,0
rep2,1.4059,4044,0
rep2,1.4062,4045,0
rep2,1.4064,4046,0
rep2,1.4066,4047,0
rep2,1.4066,4048,0
rep2,1.4066,4049,0
rep2,1.4066,4050,0
rep2,1.4071,4051,0
rep2,1.4076,4052,0
rep2,1.4076,4053,0
rep2,1.4077,4054,0
rep2,1.4077,4055,0
rep2,1.4078,4056,0
rep2,1.4081,4057,0
rep2,1.4082,4058,0
rep2,1.4083,4059,0
rep2,1.4085,4060,0
rep2,1.4087,4061,0
rep2,1.4087,4062,0
rep2,1.4087,4063,0
rep2,1.4089,4064,0
rep2,1.4093,4065,0
rep2,1.4095,4066,0
rep2,1.4095,4067,0
rep2,1.4096,4068,0
rep2,1.4097,4069,0
rep2,1.4098,4070,0
rep2,1.4098,4071,0
rep2,1.4099,4072,0
rep2,1.41,4073,0
rep2,1.41,4074,0
rep2,1.4101,4075,0
rep2,1.4103,4076,0
rep2,1.4106,4077,0
rep2,1.4107,4078,0
rep2,1.4109,4079,0
rep2,1.4109,4080,0
rep2,1.4109,4081,0
rep2,1.411,4082,0
rep2,1.4111,4083,0
rep2,1.4111,4084,0
rep2,1.4112,4085,0
rep2,1.4114,4086,0
rep2,1.4114,4087,0
rep2,1.4116,4088,0
rep2,1.4117,4089,0
rep2,1.4121,4090,0
rep2,1.4123,4091,0
rep2,1.4123,4092,0
rep2,1.4123,4093,0
rep2,1.4126,4094,0
rep2,1.4129,4095,0
rep2,1.413,4096,0
rep2,1.4131,4097,0
rep2,1.4132,4098,0
rep2,1.4132,4099,0
rep2,1.4132,4100,0
rep2,1.4133,4101,0
rep2,1.4134,4102,0
rep2,1.4135,4103,0
rep2,1.4135,4104,0
rep2,1.4136,4105,0
rep2,1.4137,4106,0
rep2,1.4139,4107,0
rep2,1.4139,4108,0
rep2,1.414,4109,0
rep2,1.4141,4110,0
rep2,1.4146,4111,0
rep2,1.4146,4112,0
rep2,1.415,4113,0
rep2,1.4151,4114,0
rep2,1.4153,4115,0
rep2,1.4153,4116,0
rep2,1.4154,4117,0
rep2,1.4155,4118,0
rep2,1.4158,4119,0
rep2,1.4159,4120,0
rep2,1.4161,4121,0
rep2,1.4163,4122,0
rep2,1.4165,4123,0
rep2,1.4165,4124,0
rep2,1.417,4125,0
rep2,1.4171,4126,0
rep2,1.4172,4127,0
rep2,1.4174,4128,0
rep2,1.4176,4129,0
rep2,1.4177,4130,0
rep2,1.4177,4131,0
rep2,1.4178,4132,0
rep2,1.4178,4133,0
rep2,1.4179,4134,0
rep2,1.418,4135,0
rep2,1.418,4136,0
rep2,1.418,4137,0
rep2,1.4181,4138,0
rep2,1.4181,4139,0
rep2,1.4182,4140,0
rep2,1.4183,4141,0
rep2,1.4184,4142,0
rep2,1.4185,4143,0
rep2,1.4186,4144,0
rep2,1.4186,4145,0
rep2,1.4187,4146,0
rep2,1.4188,4147,0
rep2,1.4189,4148,0
rep2,1.4191,4149,0
rep2,1.4192,4150,0
rep2,1.4193,4151,0
rep2,1.4195,4152,0
rep2,1.4196,4153,0
rep2,1.4197,4154,0
rep2,1.4199,4155,0
rep2,1.4201,4156,0
rep2,1.4202,4157,0
rep2,1.4203,4158,0
rep2,1.4205,4159,0
rep2,1.421,4160,0
rep2,1.4211,4161,0
rep2,1.4211,4162,0
rep2,1.4213,4163,0
rep2,1.4213,4164,0
rep2,1.4215,4165,0
rep2,1.4216,4166,0
rep2,1.4216,4167,0
rep2,1.4217,4168,0
rep2,1.4217,4169,0
rep2,1.4217,4170,0
rep2,1.4217,4171,0
rep2,1.4217,4172,0
rep2,1.4227,4173,0
rep2,1.4229,4174,0
rep2,1.4229,4175,0
rep2,1.423,4176,0
rep2,1.4231,4177,0
rep2,1.4235,4178,0
rep2,1.4235,4179,0
rep2,1.4235,4180,0
rep2,1.4237,4181,0
rep2,1.4238,4182,0
rep2,1.424,4183,0
rep2,1.4243,4184,0
rep2,1.4244,4185,0
rep2,1.4246,4186,0
rep2,1.4248,4187,0
rep2,1.4248,4188,0
rep2,1.4248,4189,0
rep2,1.4249,4190,0
rep2,1.4249,4191,0
rep2,1.425,4192,0
rep2,1.4251,4193,0
rep2,1.4252,4194,0
rep2,1.4252,4195,0
rep2,1.4252,4196,0
rep2,1.4255,4197,0
rep2,1.4256,4198,0
rep2,1.4258,4199,0
rep2,1.4258,4200,0
rep2,1.4259,4201,0
rep2,1.4259,4202,0
rep2,1.4259,4203,0
rep2,1.4261,4204,0
rep2,1.4262,4205,0
rep2,1.4263,4206,0
rep2,1.4264,4207,0
rep2,1.4264,4208,0
rep2,1.4266,4209,0
rep2,1.4268,4210,0
rep2,1.427,4211,0
rep2,1.4272,4212,0
rep2,1.4273,4213,0
rep2,1.4273,4214,0
rep2,1.4274,4215,0
rep2,1.4278,4216,0
rep2,1.4279,4217,0
rep2,1.4279,4218,0
rep2,1.428,4219,0
rep2,1.428,4220,0
rep2,1.4283,4221,0
rep2,1.4284,4222,0
rep2,1.4284,4223,0
rep2,1.4287,4224,0
rep2,1.4287,4225,0
rep2,1.4288,4226,0
rep2,1.4289,4227,0
rep2,1.429,4228,0
rep2,1.429,4229,0
rep2,1.4291,4230,0
rep2,1.4292,4231,0
rep2,1.4292,4232,0
rep2,1.4294,4233,0
rep2,1.4296,4234,0
rep2,1.4297,4235,0
rep2,1.4297,4236,0
rep2,1.4298,4237,0
rep2,1.43,4238,0
rep2,1.4303,4239,0
rep2,1.4306,4240,0
rep2,1.4306,4241,0
rep2,1.4306,4242,0
rep2,1.4308,4243,0
rep2,1.4308,4244,0
rep2,1.4312,4245,0
rep2,1.4312,4246,0
rep2,1.4319,4247,0
rep2,1.4319,4248,0
rep2,1.4319,4249,0
rep2,1.4321,4250,0
rep2,1.4321,4251,0
rep2,1.4323,4252,0
rep2,1.4324,4253,0
rep2,1.4327,4254,0
rep2,1.4331,4255,0
rep2,1.4332,4256,0
rep2,1.4332,4257,0
rep2,1.4333,4258,0
rep2,1.4334,4259,0
rep2,1.4336,4260,0
rep2,1.4337,4261,0
rep2,1.4338,4262,0
rep2,1.4338,4263,0
rep2,1.4339,4264,0
rep2,1.4339,4265,0
rep2,1.434,4266,0
rep2,1.434,4267,0
rep2,1.4343,4268,0
rep2,1.4344,4269,0
rep2,1.4346,4270,0
rep2,1.4346,4271,0
rep2,1.4352,4272,0
rep2,1.4353,4273,0
rep2,1.4353,4274,0
rep2,1.4353,4275,0
rep2,1.4354,4276,0
rep2,1.4355,4277,0
rep2,1.4362,4278,0
rep2,1.4364,4279,0
rep2,1.4364,4280,0
rep2,1.4367,4281,0
rep2,1.4367,4282,0
rep2,1.4369,4283,0
rep2,1.4369,4284,0
rep2,1.4371,4285,0
rep2,1.4371,4286,0
rep2,1.4372,4287,0
rep2,1.4374,4288,0
rep2,1.4376,4289,0
rep2,1.4377,4290,0
rep2,1.4379,4291,0
rep2,1.438,4292,0
rep2,1.4381,4293,0
rep2,1.4389,4294,0
rep2,1.439,4295,0
rep2,1.4391,4296,0
rep2,1.4393,4297,0
rep2,1.4395,4298,0
rep2,1.4397,4299,0
rep2,1.4397,4300,0
rep2,1.4398,4301,0
rep2,1.4399,4302,0
rep2,1.4401,4303,0
rep2,1.4406,4304,0
rep2,1.4407,4305,0
rep2,1.4407,4306,0
rep2,1.4409,4307,0
rep2,1.441,4308,0
rep2,1.4412,4309,0
rep2,1.4414,4310,0
rep2,1.4417,4311,0
rep2,1.4418,4312,0
rep2,1.4419,4313,0
rep2,1.442,4314,0
rep2,1.4422,4315,0
rep2,1.4424,4316,0
rep2,1.4424,4317,0
rep2,1.4426,4318,0
rep2,1.4428,4319,0
rep2,1.4431,4320,0
rep2,1.4431,4321,0
rep2,1.4434,4322,0
rep2,1.4435,4323,0
rep2,1.4436,4324,0
rep2,1.4438,4325,0
rep2,1.4441,4326,0
rep2,1.4443,4327,0
rep2,1.4443,4328,0
rep2,1.4445,4329,0
rep2,1.4447,4330,0
rep2,1.4448,4331,0
rep2,1.445,4332,0
rep2,1.445,4333,0
rep2,1.4459,4334,0
rep2,1.446,4335,0
rep2,1.446,4336,0
rep2,1.4466,4337,0
rep2,1.4467,4338,0
rep2,1.4468,4339,0
rep2,1.4472,4340,0
rep2,1.4472,4341,0
rep2,1.4472,4342,0
rep2,1.4473,4343,0
rep2,1.4473,4344,0
rep2,1.4474,4345,0
rep2,1.4475,4346,0
rep2,1.4475,4347,0
rep2,1.4477,4348,0
rep2,1.4482,4349,0
rep2,1.4482,4350,0
rep2,1.4483,4351,0
rep2,1.4484,4352,0
rep2,1.449,4353,0
rep2,1.4491,4354,0
rep2,1.4495,4355,0
rep2,1.4496,4356,0
rep2,1.4498,4357,0
rep2,1.45,4358,0
rep2,1.4501,4359,0
rep2,1.4504,4360,0
rep2,1.4506,4361,0
rep2,1.4509,4362,0
rep2,1.4509,4363,0
rep2,1.451,4364,0
rep2,1.4512,4365,0
rep2,1.4513,4366,0
rep2,1.4513,4367,0
rep2,1.4514,4368,0
rep2,1.4515,4369,0
rep2,1.4518,4370,0
rep2,1.452,4371,0
rep2,1.452,4372,0
rep2,1.4521,4373,0
rep2,1.4522,4374,0
rep2,1.4522,4375,0
rep2,1.4522,4376,0
rep2,1.4523,4377,0
rep2,1.4523,4378,0
rep2,1.4524,4379,0
rep2,1.4524,4380,0
rep2,1.4526,4381,0
rep2,1.4527,4382,0
rep2,1.4537,4383,0
rep2,1.454,4384,0
rep2,1.4541,4385,0
rep2,1.4542,4386,0
rep2,1.4542,4387,0
rep2,1.4543,4388,0
rep2,1.4543,4389,0
rep2,1.4545,4390,0
rep2,1.4546,4391,0
rep2,1.4547,4392,0
rep2,1.4548,4393,0
rep2,1.4549,4394,0
rep2,1.455,4395,0
rep2,1.4553,4396,0
rep2,1.4557,4397,0
rep2,1.4557,4398,0
rep2,1.4559,4399,0
rep2,1.4561,4400,0
rep2,1.4571,4401,0
rep2,1.4574,4402,0
rep2,1.4575,4403,0
rep2,1.4575,4404,0
rep2,1.4576,4405,0
rep2,1.4577,4406,0
rep2,1.4578,4407,0
rep2,1.4584,4408,0
rep2,1.4588,4409,0
rep2,1.4588,4410,0
rep2,1.4589,4411,0
rep2,1.4594,4412,0
rep2,1.4595,4413,0
rep2,1.4596,4414,0
rep2,1.4599,4415,0
rep2,1.46,4416,0
rep2,1.4605,4417,0
rep2,1.4606,4418,0
rep2,1.4607,4419,0
rep2,1.4607,4420,0
rep2,1.4608,4421,0
rep2,1.4612,4422,0
rep2,1.4613,4423,0
rep2,1.4613,4424,0
rep2,1.4613,4425,0
rep2,1.4613,4426,0
rep2,1.4615,4427,0
rep2,1.4616,4428,0
rep2,1.4618,4429,0
rep2,1.4619,4430,0
rep2,1.4621,4431,0
rep2,1.4621,4432,0
rep2,1.4625,4433,0
rep2,1.4628,4434,0
rep2,1.4634,4435,0
rep2,1.4635,4436,0
rep2,1.4638,4437,0
rep2,1.464,4438,0
rep2,1.464,4439,0
rep2,1.464,4440,0
rep2,1.4641,4441,0
rep2,1.4645,4442,0
rep2,1.4647,4443,0
rep2,1.4648,4444,0
rep2,1.4648,4445,0
rep2,1.465,4446,0
rep2,1.4651,4447,0
rep2,1.4653,4448,0
rep2,1.4654,4449,0
rep2,1.4654,4450,0
rep2,1.4655,4451,0
rep2,1.4657,4452,0
rep2,1.4662,4453,0
rep2,1.4662,4454,0
rep2,1.4664,4455,0
rep2,1.4665,4456,0
rep2,1.4666,4457,0
rep2,1.4671,4458,0
rep2,1.4673,4459,0
rep2,1.4673,4460,0
rep2,1.4674,4461,0
rep2,1.4675,4462,0
rep2,1.4676,4463,0
rep2,1.4677,4464,0
rep2,1.4678,4465,0
rep2,1.4685,4466,0
rep2,1.4689,4467,0
rep2,1.4689,4468,0
rep2,1.469,4469,0
rep2,1.469,4470,0
rep2,1.4693,4471,0
rep2,1.4697,4472,0
rep2,1.4697,4473,0
rep2,1.4698,4474,0
rep2,1.47,4475,0
rep2,1.4701,4476,0
rep2,1.4702,4477,0
rep2,1.4704,4478,0
rep2,1.4705,4479,0
rep2,1.4706,4480,0
rep2,1.4713,4481,0
rep2,1.4715,4482,0
rep2,1.4716,4483,0
rep2,1.4717,4484,0
rep2,1.4721,4485,0
rep2,1.4723,4486,0
rep2,1.473,4487,0
rep2,1.4732,4488,0
rep2,1.4734,4489,0
rep2,1.4735,4490,0
rep2,1.4737,4491,0
rep2,1.4742,4492,0
rep2,1.4746,4493,0
rep2,1.4748,4494,0
rep2,1.4749,4495,0
rep2,1.475,4496,0
rep2,1.4754,4497,0
rep2,1.4755,4498,0
rep2,1.4757,4499,0
rep2,1.4759,4500,0
rep2,1.4761,4501,0
rep2,1.4761,4502,0
rep2,1.4762,4503,0
rep2,1.4763,4504,0
rep2,1.4766,4505,0
rep2,1.477,4506,0
rep2,1.4775,4507,0
rep2,1.4775,4508,0
rep2,1.4775,4509,0
rep2,1.4779,4510,0
rep2,1.478,4511,0
rep2,1.478,4512,0
rep2,1.4784,4513,0
rep2,1.4785,4514,0
rep2,1.4786,4515,0
rep2,1.4787,4516,0
rep2,1.4788,4517,0
rep2,1.4788,4518,0
rep2,1.479,4519,0
rep2,1.479,4520,0
rep2,1.4793,4521,0
rep2,1.4793,4522,0
rep2,1.4795,4523,0
rep2,1.4795,4524,0
rep2,1.4797,4525,0
rep2,1.4797,4526,0
rep2,1.4799,4527,0
rep2,1.4801,4528,0
rep2,1.4806,4529,0
rep2,1.4807,4530,0
rep2,1.481,4531,0
rep2,1.4812,4532,0
rep2,1.4814,4533,0
rep2,1.4815,4534,0
rep2,1.4816,4535,0
rep2,1.4817,4536,0
rep2,1.4818,4537,0
rep2,1.4818,4538,0
rep2,1.482,4539,0
rep2,1.4821,4540,0
rep2,1.4822,4541,0
rep2,1.4825,4542,0
rep2,1.4828,4543,0
rep2,1.4832,4544,0
rep2,1.4832,4545,0
rep2,1.4833,4546,0
rep2,1.4847,4547,0
rep2,1.4848,4548,0
rep2,1.4848,4549,0
rep2,1.485,4550,0
rep2,1.4851,4551,0
rep2,1.4852,4552,0
rep2,1.4854,4553,0
rep2,1.4859,4554,0
rep2,1.486,4555,0
rep2,1.4867,4556,0
rep2,1.4868,4557,0
rep2,1.4869,4558,0
rep2,1.4869,4559,0
rep2,1.4872,4560,0
rep2,1.4872,4561,0
rep2,1.4873,4562,0
rep2,1.4873,4563,0
rep2,1.4876,4564,0
rep2,1.4879,4565,0
rep2,1.4879,4566,0
rep2,1.488,4567,0
rep2,1.4886,4568,0
rep2,1.4888,4569,0
rep2,1.4894,4570,0
rep2,1.4897,4571,0
rep2,1.4902,4572,0
rep2,1.4903,4573,0
rep2,1.4908,4574,0
rep2,1.4908,4575,0
rep2,1.4917,4576,0
rep2,1.4917,4577,0
rep2,1.492,4578,0
rep2,1.4921,4579,0
rep2,1.4921,4580,0
rep2,1.4922,4581,0
rep2,1.4923,4582,0
rep2,1.4923,4583,0
rep2,1.4924,4584,0
rep2,1.4924,4585,0
rep2,1.4924,4586,0
rep2,1.4925,4587,0
rep2,1.4928,4588,0
rep2,1.4928,4589,0
rep2,1.4936,4590,0
rep2,1.4937,4591,0
rep2,1.4939,4592,0
rep2,1.494,4593,0
rep2,1.4949,4594,0
rep2,1.495,4595,0
rep2,1.495,4596,0
rep2,1.4954,4597,0
rep2,1.4959,4598,0
rep2,1.496,4599,0
rep2,1.496,4600,0
rep2,1.4961,4601,0
rep2,1.4965,4602,0
rep2,1.4966,4603,0
rep2,1.4969,4604,0
rep2,1.497,4605,0
rep2,1.4971,4606,0
rep2,1.4971,4607,0
rep2,1.4974,4608,0
rep2,1.4974,4609,0
rep2,1.4975,4610,0
rep2,1.4979,4611,0
rep2,1.498,4612,0
rep2,1.4983,4613,0
rep2,1.4985,4614,0
rep2,1.4988,4615,0
rep2,1.4988,4616,0
rep2,1.4989,4617,0
rep2,1.499,4618,0
rep2,1.4995,4619,0
rep2,1.5,4620,0
rep2,1.5001,4621,0
rep2,1.5001,4622,0
rep2,1.5002,4623,0
rep2,1.5002,4624,0
rep2,1.5007,4625,0
rep2,1.5009,4626,0
rep2,1.501,4627,0
rep2,1.5015,4628,0
rep2,1.5016,4629,0
rep2,1.5024,4630,0
rep2,1.5028,4631,0
rep2,1.5034,4632,0
rep2,1.5036,4633,0
rep2,1.5037,4634,0
rep2,1.5038,4635,0
rep2,1.5039,4636,0
rep2,1.504,4637,0
rep2,1.5044,4638,0
rep2,1.5047,4639,0
rep2,1.5049,4640,0
rep2,1.5057,4641,0
rep2,1.5061,4642,0
rep2,1.5063,4643,0
rep2,1.5063,4644,0
rep2,1.5071,4645,0
rep2,1.5073,4646,0
rep2,1.5073,4647,0
rep2,1.5078,4648,0
rep2,1.5084,4649,0
rep2,1.5084,4650,0
rep2,1.5091,4651,0
rep2,1.5091,4652,0
rep2,1.5093,4653,0
rep2,1.5095,4654,0
rep2,1.5099,4655,0
rep2,1.51,4656,0
rep2,1.5102,4657,0
rep2,1.5104,4658,0
rep2,1.5105,4659,0
rep2,1.5105,4660,0
rep2,1.5105,4661,0
rep2,1.5106,4662,0
rep2,1.5111,4663,0
rep2,1.5114,4664,0
rep2,1.5115,4665,0
rep2,1.5124,4666,0
rep2,1.5128,4667,0
rep2,1.5128,4668,0
rep2,1.5131,4669,0
rep2,1.5134,4670,0
rep2,1.5143,4671,0
rep2,1.5144,4672,0
rep2,1.5146,4673,0
rep2,1.5157,4674,0
rep2,1.5158,4675,0
rep2,1.5159,4676,0
rep2,1.5164,4677,0
rep2,1.5165,4678,0
rep2,1.5167,4679,0
rep2,1.5168,4680,0
rep2,1.5169,4681,0
rep2,1.5171,4682,0
rep2,1.5174,4683,0
rep2,1.5176,4684,0
rep2,1.518,4685,0
rep2,1.5181,4686,0
rep2,1.5181,4687,0
rep2,1.5182,4688,0
rep2,1.5184,4689,0
rep2,1.5184,4690,0
rep2,1.5184,4691,0
rep2,1.5192,4692,0
rep2,1.5193,4693,0
rep2,1.5196,4694,0
rep2,1.5197,4695,0
rep2,1.5199,4696,0
rep2,1.5202,4697,0
rep2,1.5208,4698,0
rep2,1.5209,4699,0
rep2,1.522,4700,0
rep2,1.5227,4701,0
rep2,1.5229,4702,0
rep2,1.523,4703,0
rep2,1.5234,4704,0
rep2,1.5235,4705,0
rep2,1.524,4706,0
rep2,1.5249,4707,0
rep2,1.525,4708,0
rep2,1.5258,4709,0
rep2,1.5258,4710,0
rep2,1.5263,4711,0
rep2,1.5263,4712,0
rep2,1.5268,4713,0
rep2,1.5279,4714,0
rep2,1.5283,4715,0
rep2,1.5285,4716,0
rep2,1.5293,4717,0
rep2,1.5299,4718,0
rep2,1.5303,4719,0
rep2,1.5307,4720,0
rep2,1.5312,4721,0
rep2,1.5316,4722,0
rep2,1.5324,4723,0
rep2,1.5325,4724,0
rep2,1.5332,4725,0
rep2,1.5338,4726,0
rep2,1.5339,4727,0
rep2,1.5349,4728,0
rep2,1.5353,4729,0
rep2,1.5353,4730,0
rep2,1.5353,4731,0
rep2,1.5356,4732,0
rep2,1.5357,4733,0
rep2,1.5357,4734,0
rep2,1.536,4735,0
rep2,1.5363,4736,0
rep2,1.5367,4737,0
rep2,1.5368,4738,0
rep2,1.537,4739,0
rep2,1.5381,4740,0
rep2,1.5381,4741,0
rep2,1.5384,4742,0
rep2,1.5386,4743,0
rep2,1.5387,4744,0
rep2,1.5388,4745,0
rep2,1.5393,4746,0
rep2,1.5395,4747,0
rep2,1.5403,4748,0
rep2,1.5406,4749,0
rep2,1.5409,4750,0
rep2,1.5409,4751,0
rep2,1.5415,4752,0
rep2,1.5415,4753,0
rep2,1.5417,4754,0
rep2,1.5424,4755,0
rep2,1.5426,4756,0
rep2,1.5427,4757,0
rep2,1.5428,4758,0
rep2,1.5429,4759,0
rep2,1.5432,4760,0
rep2,1.5432,4761,0
rep2,1.5432,4762,0
rep2,1.5436,4763,0
rep2,1.5437,4764,0
rep2,1.5439,4765,0
rep2,1.5441,4766,0
rep2,1.5452,4767,0
rep2,1.5457,4768,0
rep2,1.5459,4769,0
rep2,1.5466,4770,0
rep2,1.547,4771,0
rep2,1.5471,4772,0
rep2,1.5484,4773,0
rep2,1.5486,4774,0
rep2,1.5489,4775,0
rep2,1.5493,4776,0
rep2,1.55,4777,0
rep2,1.5507,4778,0
rep2,1.5513,4779,0
rep2,1.5517,4780,0
rep2,1.5524,4781,0
rep2,1.5526,4782,0
rep2,1.5527,4783,0
rep2,1.5528,4784,0
rep2,1.5542,4785,0
rep2,1.5549,4786,0
rep2,1.5555,4787,0
rep2,1.5555,4788,0
rep2,1.5556,4789,0
rep2,1.5556,4790,0
rep2,1.5557,4791,0
rep2,1.5566,4792,0
rep2,1.5577,4793,0
rep2,1.5579,4794,0
rep2,1.558,4795,0
rep2,1.558,4796,0
rep2,1.5582,4797,0
rep2,1.5586,4798,0
rep2,1.5594,4799,0
rep2,1.5596,4800,0
rep2,1.5598,4801,0
rep2,1.5603,4802,0
rep2,1.561,4803,0
rep2,1.561,4804,0
rep2,1.5611,4805,0
rep2,1.5612,4806,0
rep2,1.5614,4807,0
rep2,1.5618,4808,0
rep2,1.5619,4809,0
rep2,1.5631,4810,0
rep2,1.5634,4811,0
rep2,1.5641,4812,0
rep2,1.5646,4813,0
rep2,1.5648,4814,0
rep2,1.565,4815,0
rep2,1.5655,4816,0
rep2,1.5656,4817,0
rep2,1.5659,4818,0
rep2,1.5661,4819,0
rep2,1.5669,4820,0
rep2,1.5683,4821,0
rep2,1.569,4822,0
rep2,1.5701,4823,0
rep2,1.5716,4824,0
rep2,1.5719,4825,0
rep2,1.5728,4826,0
rep2,1.5732,4827,0
rep2,1.5743,4828,0
rep2,1.5746,4829,0
rep2,1.5753,4830,0
rep2,1.5754,4831,0
rep2,1.5769,4832,0
rep2,1.5771,4833,0
rep2,1.5774,4834,0
rep2,1.5777,4835,0
rep2,1.5779,4836,0
rep2,1.579,4837,0
rep2,1.5791,4838,0
rep2,1.5792,4839,0
rep2,1.5794,4840,0
rep2,1.58,4841,0
rep2,1.5805,4842,0
rep2,1.5807,4843,0
rep2,1.5808,4844,0
rep2,1.5811,4845,0
rep2,1.5817,4846,0
rep2,1.5828,4847,0
rep2,1.5831,4848,0
rep2,1.5835,4849,0
rep2,1.5836,4850,0
rep2,1.5838,4851,0
rep2,1.5844,4852,0
rep2,1.5852,4853,0
rep2,1.5858,4854,0
rep2,1.5872,4855,0
rep2,1.5876,4856,0
rep2,1.5877,4857,0
rep2,1.5888,4858,0
rep2,1.5889,4859,0
rep2,1.5903,4860,0
rep2,1.5905,4861,0
rep2,1.5921,4862,0
rep2,1.5924,4863,0
rep2,1.5926,4864,0
rep2,1.5926,4865,0
rep2,1.5929,4866,0
rep2,1.5937,4867,0
rep2,1.5978,4868,0
rep2,1.598,4869,0
rep2,1.5982,4870,0
rep2,1.5985,4871,0
rep2,1.5986,4872,0
rep2,1.5986,4873,0
rep2,1.5991,4874,0
rep2,1.5995,4875,0
rep2,1.5999,4876,0
rep2,1.6005,4877,0
rep2,1.6013,4878,0
rep2,1.6024,4879,0
rep2,1.6039,4880,0
rep2,1.6062,4881,0
rep2,1.6069,4882,0
rep2,1.6079,4883,0
rep2,1.6101,4884,0
rep2,1.6134,4885,0
rep2,1.6149,4886,0
rep2,1.6156,4887,0
rep2,1.6166,4888,0
rep2,1.6194,4889,0
rep2,1.6203,4890,0
rep2,1.6207,4891,0
rep2,1.6216,4892,0
rep2,1.6218,4893,0
rep2,1.6223,4894,0
rep2,1.6236,4895,0
rep2,1.6237,4896,0
rep2,1.6244,4897,0
rep2,1.6253,4898,0
rep2,1.6281,4899,0
rep2,1.6282,4900,0
rep2,1.6296,4901,0
rep2,1.6297,4902,0
rep2,1.6307,4903,0
rep2,1.6314,4904,0
rep2,1.6337,4905,0
rep2,1.6358,4906,0
rep2,1.6361,4907,0
rep2,1.6367,4908,0
rep2,1.6372,4909,0
rep2,1.6377,4910,0
rep2,1.639,4911,0
rep2,1.6399,4912,0
rep2,1.6452,4913,0
rep2,1.6456,4914,0
rep2,1.6466,4915,0
rep2,1.6494,4916,0
rep2,1.6516,4917,0
rep2,1.6516,4918,0
rep2,1.6521,4919,0
rep2,1.6524,4920,0
rep2,1.6527,4921,0
rep2,1.6533,4922,0
rep2,1.6534,4923,0
rep2,1.6548,4924,0
rep2,1.6552,4925,0
rep2,1.6561,4926,0
rep2,1.6573,4927,0
rep2,1.6576,4928,0
rep2,1.6605,4929,0
rep2,1.6648,4930,0
rep2,1.6649,4931,0
rep2,1.6654,4932,0
rep2,1.6654,4933,0
rep2,1.6657,4934,0
rep2,1.6662,4935,0
rep2,1.6673,4936,0
rep2,1.6706,4937,0
rep2,1.6728,4938,0
rep2,1.6755,4939,0
rep2,1.6755,4940,0
rep2,1.6766,4941,0
rep2,1.6829,4942,0
rep2,1.6885,4943,0
rep2,1.6889,4944,0
rep2,1.692,4945,0
rep2,1.6921,4946,0
rep2,1.6943,4947,0
rep2,1.6949,4948,0
rep2,1.6977,4949,0
rep2,1.6981,4950,0
rep2,1.6982,4951,0
rep2,1.6988,4952,0
rep2,1.6993,4953,0
rep2,1.6995,4954,0
rep2,1.6997,4955,0
rep2,1.7,4956,0
rep2,1.7016,4957,0
rep2,1.7056,4958,0
rep2,1.7056,4959,0
rep2,1.7064,4960,0
rep2,1.7096,4961,0
rep2,1.7121,4962,0
rep2,1.7154,4963,0
rep2,1.7188,4964,0
rep2,1.7283,4965,0
rep2,1.7302,4966,0
rep2,1.7324,4967,0
rep2,1.7344,4968,0
rep2,1.7406,4969,0
rep2,1.7464,4970,0
rep2,1.7477,4971,0
rep2,1.7482,4972,0
rep2,1.7489,4973,0
rep2,1.7516,4974,0
rep2,1.7525,4975,0
rep2,1.7535,4976,0
rep2,1.7537,4977,0
rep2,1.7565,4978,0
rep2,1.7582,4979,0
rep2,1.7599,4980,0
rep2,1.7636,4981,0
rep2,1.7659,4982,0
rep2,1.7734,4983,0
rep2,1.7793,4984,0
rep2,1.7897,4985,0
rep2,1.8218,4986,0
rep2,1.8243,4987,0
rep2,1.8245,4988,0
rep2,1.826,4989,0
rep2,1.8264,4990,0
rep2,1.8314,4991,0
rep2,1.8532,4992,0
rep2,1.8732,4993,0
rep2,1.9251,4994,0
rep2,1.9553,4995,0
rep2,1.9665,4996,0
rep2,1.9682,4997,0
rep2,2.0118,4998,0
rep2,2.0154,4999,0
rep2,2.0155,5000,0
rep2,2.0168,5001,0
rep2,2.0367,5002,0
rep2,2.0461,5003,0
rep2,2.0463,5004,0
rep2,2.0464,5005,0
rep2,2.0466,5006,0
rep2,2.0469,5007,0
rep2,2.047,5008,0
rep2,2.0475,5009,0
rep2,2.0476,5010,0
rep2,2.048,5011,0
rep2,2.0482,5012,0
rep2,2.0483,5013,0
rep2,2.0484,5014,0
rep2,2.0492,5015,0
rep2,2.0493,5016,0
rep2,2.0494,5017,0
rep2,2.0501,5018,0
rep2,2.0507,5019,0
rep2,2.0508,5020,0
rep2,2.0509,5021,0
rep2,2.051,5022,0
rep2,2.0512,5023,0
rep2,2.0514,5024,0
rep2,2.0514,5025,0
rep2,2.0515,5026,0
rep2,2.0521,5027,0
rep2,2.0522,5028,0
rep2,2.0531,5029,0
rep2,2.0534,5030,0
rep2,2.0548,5031,0
rep2,2.056,5032,0
rep2,2.0564,5033,0
rep2,2.0567,5034,0
rep2,2.0583,5035,0
rep2,2.0583,5036,0
rep2,2.0584,5037,0
rep2,2.0585,5038,0
rep2,2.0588,5039,0
rep2,2.0602,5040,0
rep2,2.0604,5041,0
rep2,2.0611,5042,0
rep2,2.0621,5043,0
rep2,2.0625,5044,0
rep2,2.0629,5045,0
rep2,2.064,5046,0
rep2,2.0643,5047,0
rep2,2.0682,5048,0
rep2,2.0683,5049,0
rep2,2.0795,5050,0
rep2,2.0797,5051,0
rep2,2.0797,5052,0
rep2,2.0797,5053,0
rep2,2.0798,5054,0
rep2,2.0799,5055,0
rep2,2.0799,5056,0
rep2,2.0799,5057,0
rep2,2.08,5058,0
rep2,2.0801,5059,0
rep2,2.0802,5060,0
rep2,2.0802,5061,0
rep2,2.0802,5062,0
rep2,2.0803,5063,0
rep2,2.0803,5064,0
rep2,2.0804,5065,0
rep2,2.0804,5066,0
rep2,2.0804,5067,0
rep2,2.0805,5068,0
rep2,2.0805,5069,0
rep2,2.0806,5070,0
rep2,2.0808,5071,0
rep2,2.0808,5072,0
rep2,2.0809,5073,0
rep2,2.0809,5074,0
rep2,2.0809,5075,0
rep2,2.081,5076,0
rep2,2.0811,5077,0
rep2,2.0811,5078,0
rep2,2.0811,5079,0
rep2,2.0813,5080,0
rep2,2.0813,5081,0
rep2,2.0814,5082,0
rep2,2.0815,5083,0
rep2,2.0815,5084,0
rep2,2.0815,5085,0
rep2,2.0815,5086,0
rep2,2.0817,5087,0
rep2,2.0819,5088,0
rep2,2.082,5089,0
rep2,2.0821,5090,0
rep2,2.0822,5091,0
rep2,2.0822,5092,0
rep2,2.0825,5093,0
rep2,2.0826,5094,0
rep2,2.0828,5095,0
rep2,2.0828,5096,0
rep2,2.083,5097,0
rep2,2.083,5098,0
rep2,2.0832,5099,0
rep2,2.0835,5100,0
rep2,2.0838,5101,0
rep2,2.0838,5102,0
rep2,2.0838,5103,0
rep2,2.0841,5104,0
rep2,2.0841,5105,0
rep2,2.0843,5106,0
rep2,2.0843,5107,0
rep2,2.0844,5108,0
rep2,2.0845,5109,0
rep2,2.0845,5110,0
rep2,2.0847,5111,0
rep2,2.0847,5112,0
rep2,2.0847,5113,0
rep2,2.0848,5114,0
rep2,2.0848,5115,0
rep2,2.085,5116,0
rep2,2.0851,5117,0
rep2,2.0851,5118,0
rep2,2.0852,5119,0
rep2,2.0852,5120,0
rep2,2.0852,5121,0
rep2,2.0858,5122,0
rep2,2.0861,5123,0
rep2,2.0863,5124,0
rep2,2.0866,5125,0
rep2,2.0867,5126,0
rep2,2.0869,5127,0
rep2,2.087,5128,0
rep2,2.087,5129,0
rep2,2.0871,5130,0
rep2,2.0871,5131,0
rep2,2.0872,5132,0
rep2,2.0873,5133,0
rep2,2.0877,5134,0
rep2,2.0881,5135,0
rep2,2.0885,5136,0
rep2,2.0887,5137,0
rep2,2.0889,5138,0
rep2,2.089,5139,0
rep2,2.089,5140,0
rep2,2.0891,5141,0
rep2,2.0899,5142,0
rep2,2.0901,5143,0
rep2,2.0906,5144,0
rep2,2.091,5145,0
rep2,2.0911,5146,0
rep2,2.0916,5147,0
rep2,2.0919,5148,0
rep2,2.0928,5149,0
rep2,2.0929,5150,0
rep2,2.093,5151,0
rep2,2.0932,5152,0
rep2,2.0935,5153,0
rep2,2.0941,5154,0
rep2,2.0956,5155,0
rep2,2.0959,5156,0
rep2,2.0962,5157,0
rep2,2.0965,5158,0
rep2,2.0968,5159,0
rep2,2.0969,5160,0
rep2,2.097,5161,0
rep2,2.0977,5162,0
rep2,2.1,5163,0
rep2,2.1018,5164,0
rep2,2.1063,5165,0
rep2,2.109,5166,0
rep2,2.1093,5167,0
rep2,2.1111,5168,0
rep2,2.1114,5169,0
rep2,2.1128,5170,0
rep2,2.113,5171,0
rep2,2.1131,5172,0
rep2,2.1132,5173,0
rep2,2.1132,5174,0
rep2,2.1132,5175,0
rep2,2.1133,5176,0
rep2,2.1134,5177,0
rep2,2.1134,5178,0
rep2,2.1137,5179,0
rep2,2.1138,5180,0
rep2,2.1139,5181,0
rep2,2.1141,5182,0
rep2,2.1142,5183,0
rep2,2.1144,5184,0
rep2,2.1144,5185,0
rep2,2.1144,5186,0
rep2,2.1145,5187,0
rep2,2.1147,5188,0
rep2,2.1149,5189,0
rep2,2.1149,5190,0
rep2,2.115,5191,0
rep2,2.115,5192,0
rep2,2.1151,5193,0
rep2,2.1151,5194,0
rep2,2.1152,5195,0
rep2,2.1154,5196,0
rep2,2.1154,5197,0
rep2,2.1155,5198,0
rep2,2.1155,5199,0
rep2,2.1157,5200,0
rep2,2.1157,5201,0
rep2,2.1159,5202,0
rep2,2.116,5203,0
rep2,2.1161,5204,0
rep2,2.1162,5205,0
rep2,2.1163,5206,0
rep2,2.1165,5207,0
rep2,2.1167,5208,0
rep2,2.1168,5209,0
rep2,2.117,5210,0
rep2,2.1171,5211,0
rep2,2.1174,5212,0
rep2,2.1175,5213,0
rep2,2.1175,5214,0
rep2,2.1176,5215,0
rep2,2.1176,5216,0
rep2,2.1178,5217,0
rep2,2.1178,5218,0
rep2,2.1179,5219,0
rep2,2.1179,5220,0
rep2,2.118,5221,0
rep2,2.118,5222,0
rep2,2.1181,5223,0
rep2,2.1182,5224,0
rep2,2.1184,5225,0
rep2,2.1186,5226,0
rep2,2.1186,5227,0
rep2,2.1187,5228,0
rep2,2.1188,5229,0
rep2,2.1188,5230,0
rep2,2.1191,5231,0
rep2,2.1192,5232,0
rep2,2.1194,5233,0
rep2,2.1195,5234,0
rep2,2.1195,5235,0
rep2,2.1197,5236,0
rep2,2.1197,5237,0
rep2,2.1198,5238,0
rep2,2.12,5239,0
rep2,2.1204,5240,0
rep2,2.1205,5241,0
rep2,2.1208,5242,0
rep2,2.1212,5243,0
rep2,2.1214,5244,0
rep2,2.1216,5245,0
rep2,2.1218,5246,0
rep2,2.1223,5247,0
rep2,2.1224,5248,0
rep2,2.1228,5249,0
rep2,2.123,5250,0
rep2,2.1233,5251,0
rep2,2.1235,5252,0
rep2,2.1235,5253,0
rep2,2.1235,5254,0
rep2,2.1237,5255,0
rep2,2.1237,5256,0
rep2,2.1238,5257,0
rep2,2.1244,5258,0
rep2,2.1245,5259,0
rep2,2.1245,5260,0
rep2,2.1246,5261,0
rep2,2.1252,5262,0
rep2,2.1259,5263,0
rep2,2.1259,5264,0
rep2,2.1259,5265,0
rep2,2.126,5266,0
rep2,2.1261,5267,0
rep2,2.1265,5268,0
rep2,2.1267,5269,0
rep2,2.1267,5270,0
rep2,2.1272,5271,0
rep2,2.1274,5272,0
rep2,2.128,5273,0
rep2,2.1288,5274,0
rep2,2.129,5275,0
rep2,2.129,5276,0
rep2,2.1291,5277,0
rep2,2.1297,5278,0
rep2,2.13,5279,0
rep2,2.1307,5280,0
rep2,2.1317,5281,0
rep2,2.1318,5282,0
rep2,2.1323,5283,0
rep2,2.1325,5284,0
rep2,2.1325,5285,0
rep2,2.1329,5286,0
rep2,2.1336,5287,0
rep2,2.1341,5288,0
rep2,2.1379,5289,0
rep2,2.1385,5290,0
rep2,2.1397,5291,0
rep2,2.1398,5292,0
rep2,2.1403,5293,0
rep2,2.141,5294,0
rep2,2.1426,5295,0
rep2,2.1449,5296,0
rep2,2.1451,5297,0
rep2,2.1464,5298,0
rep2,2.1465,5299,0
rep2,2.1465,5300,0
rep2,2.1468,5301,0
rep2,2.1469,5302,0
rep2,2.1469,5303,0
rep2,2.1469,5304,0
rep2,2.1472,5305,0
rep2,2.1472,5306,0
rep2,2.1472,5307,0
rep2,2.1473,5308,0
rep2,2.1474,5309,0
rep2,2.1474,5310,0
rep2,2.1475,5311,0
rep2,2.1475,5312,0
rep2,2.1476,5313,0
rep2,2.1476,5314,0
rep2,2.1477,5315,0
rep2,2.1477,5316,0
rep2,2.1479,5317,0
rep2,2.148,5318,0
rep2,2.1481,5319,0
rep2,2.1482,5320,0
rep2,2.1482,5321,0
rep2,2.1485,5322,0
rep2,2.1486,5323,0
rep2,2.1487,5324,0
rep2,2.149,5325,0
rep2,2.1494,5326,0
rep2,2.1496,5327,0
rep2,2.1496,5328,0
rep2,2.1498,5329,0
rep2,2.1499,5330,0
rep2,2.1503,5331,0
rep2,2.1503,5332,0
rep2,2.1503,5333,0
rep2,2.1505,5334,0
rep2,2.1505,5335,0
rep2,2.1506,5336,0
rep2,2.1507,5337,0
rep2,2.1507,5338,0
rep2,2.1509,5339,0
rep2,2.151,5340,0
rep2,2.1511,5341,0
rep2,2.1515,5342,0
rep2,2.1516,5343,0
rep2,2.1519,5344,0
rep2,2.1521,5345,0
rep2,2.1523,5346,0
rep2,2.1524,5347,0
rep2,2.1525,5348,0
rep2,2.1526,5349,0
rep2,2.153,5350,0
rep2,2.1532,5351,0
rep2,2.1536,5352,0
rep2,2.1536,5353,0
rep2,2.1538,5354,0
rep2,2.1541,5355,0
rep2,2.1544,5356,0
rep2,2.1547,5357,0
rep2,2.1548,5358,0
rep2,2.1548,5359,0
rep2,2.1548,5360,0
rep2,2.155,5361,0
rep2,2.155,5362,0
rep2,2.1553,5363,0
rep2,2.1556,5364,0
rep2,2.1559,5365,0
rep2,2.1559,5366,0
rep2,2.1561,5367,0
rep2,2.1565,5368,0
rep2,2.1573,5369,0
rep2,2.158,5370,0
rep2,2.1583,5371,0
rep2,2.1583,5372,0
rep2,2.1587,5373,0
rep2,2.159,5374,0
rep2,2.1591,5375,0
rep2,2.1592,5376,0
rep2,2.1597,5377,0
rep2,2.1599,5378,0
rep2,2.16,5379,0
rep2,2.16,5380,0
rep2,2.1605,5381,0
rep2,2.161,5382,0
rep2,2.1616,5383,0
rep2,2.1625,5384,0
rep2,2.1628,5385,0
rep2,2.1628,5386,0
rep2,2.163,5387,0
rep2,2.1636,5388,0
rep2,2.1636,5389,0
rep2,2.1639,5390,0
rep2,2.164,5391,0
rep2,2.1643,5392,0
rep2,2.1673,5393,0
rep2,2.1676,5394,0
rep2,2.1688,5395,0
rep2,2.17,5396,0
rep2,2.1712,5397,0
rep2,2.173,5398,0
rep2,2.173,5399,0
rep2,2.175,5400,0
rep2,2.1752,5401,0
rep2,2.1765,5402,0
rep2,2.177,5403,0
rep2,2.177,5404,0
rep2,2.1772,5405,0
rep2,2.1775,5406,0
rep2,2.1789,5407,0
rep2,2.1794,5408,0
rep2,2.1797,5409,0
rep2,2.1798,5410,0
rep2,2.1799,5411,0
rep2,2.1799,5412,0
rep2,2.1802,5413,0
rep2,2.1804,5414,0
rep2,2.1804,5415,0
rep2,2.1806,5416,0
rep2,2.1807,5417,0
rep2,2.1809,5418,0
rep2,2.181,5419,0
rep2,2.1811,5420,0
rep2,2.1815,5421,0
rep2,2.1815,5422,0
rep2,2.1815,5423,0
rep2,2.1818,5424,0
rep2,2.182,5425,0
rep2,2.1822,5426,0
rep2,2.1825,5427,0
rep2,2.1826,5428,0
rep2,2.1827,5429,0
rep2,2.1827,5430,0
rep2,2.1828,5431,0
rep2,2.1828,5432,0
rep2,2.1828,5433,0
rep2,2.1833,5434,0
rep2,2.1834,5435,0
rep2,2.1835,5436,0
rep2,2.1837,5437,0
rep2,2.1838,5438,0
rep2,2.1842,5439,0
rep2,2.1843,5440,0
rep2,2.1844,5441,0
rep2,2.1844,5442,0
rep2,2.1845,5443,0
rep2,2.1847,5444,0
rep2,2.1849,5445,0
rep2,2.185,5446,0
rep2,2.1852,5447,0
rep2,2.1852,5448,0
rep2,2.1853,5449,0
rep2,2.1854,5450,0
rep2,2.1858,5451,0
rep2,2.1859,5452,0
rep2,2.1863,5453,0
rep2,2.1866,5454,0
rep2,2.1867,5455,0
rep2,2.1868,5456,0
rep2,2.187,5457,0
rep2,2.1871,5458,0
rep2,2.1872,5459,0
rep2,2.1873,5460,0
rep2,2.1879,5461,0
rep2,2.1883,5462,0
rep2,2.1883,5463,0
rep2,2.1887,5464,0
rep2,2.1888,5465,0
rep2,2.1891,5466,0
rep2,2.1891,5467,0
rep2,2.1895,5468,0
rep2,2.19,5469,0
rep2,2.1908,5470,0
rep2,2.1912,5471,0
rep2,2.1915,5472,0
rep2,2.1918,5473,0
rep2,2.1919,5474,0
rep2,2.1921,5475,0
rep2,2.1922,5476,0
rep2,2.1924,5477,0
rep2,2.1924,5478,0
rep2,2.1925,5479,0
rep2,2.1925,5480,0
rep2,2.1928,5481,0
rep2,2.1929,5482,0
rep2,2.1939,5483,0
rep2,2.1939,5484,0
rep2,2.1941,5485,0
rep2,2.1943,5486,0
rep2,2.1945,5487,0
rep2,2.1949,5488,0
rep2,2.1951,5489,0
rep2,2.1955,5490,0
rep2,2.1959,5491,0
rep2,2.1962,5492,0
rep2,2.1966,5493,0
rep2,2.1968,5494,0
rep2,2.1969,5495,0
rep2,2.1978,5496,0
rep2,2.198,5497,0
rep2,2.1982,5498,0
rep2,2.1983,5499,0
rep2,2.1992,5500,0
rep2,2.2001,5501,0
rep2,2.2007,5502,0
rep2,2.2007,5503,0
rep2,2.201,5504,0
rep2,2.2014,5505,0
rep2,2.2014,5506,0
rep2,2.2022,5507,0
rep2,2.2025,5508,0
rep2,2.2038,5509,0
rep2,2.2041,5510,0
rep2,2.2054,5511,0
rep2,2.2054,5512,0
rep2,2.2061,5513,0
rep2,2.2062,5514,0
rep2,2.2067,5515,0
rep2,2.2069,5516,0
rep2,2.2076,5517,0
rep2,2.2094,5518,0
rep2,2.2107,5519,0
rep2,2.2107,5520,0
rep2,2.2124,5521,0
rep2,2.2125,5522,0
rep2,2.2126,5523,0
rep2,2.2131,5524,0
rep2,2.2132,5525,0
rep2,2.2132,5526,0
rep2,2.2133,5527,0
rep2,2.2134,5528,0
rep2,2.2135,5529,0
rep2,2.2136,5530,0
rep2,2.2138,5531,0
rep2,2.2139,5532,0
rep2,2.2139,5533,0
rep2,2.214,5534,0
rep2,2.2141,5535,0
rep2,2.2142,5536,0
rep2,2.2143,5537,0
rep2,2.2144,5538,0
rep2,2.2145,5539,0
rep2,2.2145,5540,0
rep2,2.2146,5541,0
rep2,2.2146,5542,0
rep2,2.2147,5543,0
rep2,2.2149,5544,0
rep2,2.2149,5545,0
rep2,2.2149,5546,0
rep2,2.2152,5547,0
rep2,2.2153,5548,0
rep2,2.2154,5549,0
rep2,2.2154,5550,0
rep2,2.2155,5551,0
rep2,2.2156,5552,0
rep2,2.2157,5553,0
rep2,2.2158,5554,0
rep2,2.216,5555,0
rep2,2.2161,5556,0
rep2,2.2162,5557,0
rep2,2.2163,5558,0
rep2,2.2165,5559,0
rep2,2.2166,5560,0
rep2,2.2168,5561,0
rep2,2.217,5562,0
rep2,2.2171,5563,0
rep2,2.2172,5564,0
rep2,2.2173,5565,0
rep2,2.2174,5566,0
rep2,2.2175,5567,0
rep2,2.2177,5568,0
rep2,2.2179,5569,0
rep2,2.2179,5570,0
rep2,2.218,5571,0
rep2,2.2181,5572,0
rep2,2.2181,5573,0
rep2,2.2181,5574,0
rep2,2.2184,5575,0
rep2,2.2186,5576,0
rep2,2.2188,5577,0
rep2,2.2189,5578,0
rep2,2.2189,5579,0
rep2,2.219,5580,0
rep2,2.219,5581,0
rep2,2.2191,5582,0
rep2,2.2193,5583,0
rep2,2.2193,5584,0
rep2,2.2195,5585,0
rep2,2.2196,5586,0
rep2,2.2197,5587,0
rep2,2.2198,5588,0
rep2,2.2201,5589,0
rep2,2.2203,5590,0
rep2,2.2204,5591,0
rep2,2.2209,5592,0
rep2,2.221,5593,0
rep2,2.2211,5594,0
rep2,2.2214,5595,0
rep2,2.2216,5596,0
rep2,2.2216,5597,0
rep2,2.2217,5598,0
rep2,2.2217,5599,0
rep2,2.2218,5600,0
rep2,2.2219,5601,0
rep2,2.2219,5602,0
rep2,2.2219,5603,0
rep2,2.2221,5604,0
rep2,2.2225,5605,0
rep2,2.2226,5606,0
rep2,2.2226,5607,0
rep2,2.2227,5608,0
rep2,2.2228,5609,0
rep2,2.223,5610,0
rep2,2.2231,5611,0
rep2,2.2231,5612,0
rep2,2.2234,5613,0
rep2,2.2236,5614,0
rep2,2.224,5615,0
rep2,2.2241,5616,0
rep2,2.2246,5617,0
rep2,2.2246,5618,0
rep2,2.2247,5619,0
rep2,2.2249,5620,0
rep2,2.2251,5621,0
rep2,2.2251,5622,0
rep2,2.2253,5623,0
rep2,2.2255,5624,0
rep2,2.2257,5625,0
rep2,2.2258,5626,0
rep2,2.226,5627,0
rep2,2.2264,5628,0
rep2,2.2264,5629,0
rep2,2.2266,5630,0
rep2,2.2267,5631,0
rep3,1.0123,1,0
rep3,1.0124,2,0
rep3,1.0125,3,0
rep3,1.0127,4,0
rep3,1.0128,5,0
rep3,1.0132,6,0
rep3,1.0136,7,0
rep3,1.0137,8,0
rep3,1.0138,9,0
rep3,1.0141,10,0
rep3,1.0142,11,0
rep3,1.0143,12,0
rep3,1.0143,13,0
rep3,1.0144,14,0
rep3,1.0148,15,0
rep3,1.0148,16,0
rep3,1.0149,17,0
rep3,1.0152,18,0
rep3,1.0152,19,0
rep3,1.0157,20,0
rep3,1.016,21,0
rep3,1.016,22,0
rep3,1.0163,23,0
rep3,1.0168,24,0
rep3,1.0172,25,0
rep3,1.0174,26,0
rep3,1.0175,27,0
rep3,1.0176,28,0
rep3,1.0181,29,0
rep3,1.0186,30,0
rep3,1.0187,31,0
rep3,1.0187,32,0
rep3,1.0188,33,0
rep3,1.0193,34,0
rep3,1.0194,35,0
rep3,1.0196,36,0
rep3,1.0198,37,0
rep3,1.0199,38,0
rep3,1.0206,39,0
rep3,1.0208,40,0
rep3,1.0218,41,0
rep3,1.0223,42,0
rep3,1.0223,43,0
rep3,1.0227,44,0
rep3,1.0227,45,0
rep3,1.0229,46,0
rep3,1.0236,47,0
rep3,1.0248,48,0
rep3,1.0261,49,0
rep3,1.0269,50,0
rep3,1.0272,51,0
rep3,1.0286,52,0
rep3,1.029,53,0
rep3,1.0294,54,0
rep3,1.0294,55,0
rep3,1.0295,56,0
rep3,1.0322,57,0
rep3,1.0337,58,0
rep3,1.0339,59,0
rep3,1.0344,60,0
rep3,1.0355,61,0
rep3,1.0363,62,0
rep3,1.0366,63,0
rep3,1.039,64,0
rep3,1.0409,65,0
rep3,1.0426,66,0
rep3,1.0458,67,0
rep3,1.0458,68,0
rep3,1.0459,69,0
rep3,1.0459,70,0
rep3,1.0459,71,0
rep3,1.046,72,0
rep3,1.0461,73,0
rep3,1.0461,74,0
rep3,1.0462,75,0
rep3,1.0462,76,0
rep3,1.0462,77,0
rep3,1.0463,78,0
rep3,1.0463,79,0
rep3,1.0463,80,0
rep3,1.0463,81,0
rep3,1.0464,82,0
rep3,1.0464,83,0
rep3,1.0464,84,0
rep3,1.0465,85,0
rep3,1.0465,86,0
rep3,1.0466,87,0
rep3,1.0466,88,0
rep3,1.0466,89,0
rep3,1.0467,90,0
rep3,1.0467,91,0
rep3,1.0468,92,0
rep3,1.0468,93,0
rep3,1.0468,94,0
rep3,1.047,95,0
rep3,1.0471,96,0
rep3,1.0471,97,0
rep3,1.0471,98,0
rep3,1.0471,99,0
rep3,1.0472,100,0
rep3,1.0472,101,0
rep3,1.0473,102,0
rep3,1.0474,103,0
rep3,1.0474,104,0
rep3,1.0475,105,0
rep3,1.0476,106,0
rep3,1.0477,107,0
rep3,1.0477,108,0
rep3,1.0477,109,0
rep3,1.0478,110,0
rep3,1.0478,111,0
rep3,1.0479,112,0
rep3,1.048,113,0
rep3,1.048,114,0
rep3,1.048,115,0
rep3,1.0481,116,0
rep3,1.0482,117,0
rep3,1.0482,118,0
rep3,1.0483,119,0
rep3,1.0485,120,0
rep3,1.0486,121,0
rep3,1.0487,122,0
rep3,1.0487,123,0
rep3,1.0487,124,0
rep3,1.0488,125,0
rep3,1.0488,126,0
rep3,1.0489,127,0
rep3,1.0489,128,0
rep3,1.049,129,0
rep3,1.0491,130,0
rep3,1.0491,131,0
rep3,1.0491,132,0
rep3,1.0492,133,0
rep3,1.0492,134,0
rep3,1.0492,135,0
rep3,1.0493,136,0
rep3,1.0494,137,0
rep3,1.0494,138,0
rep3,1.0494,139,0
rep3,1.0494,140,0
rep3,1.0494,141,0
rep3,1.0494,142,0
rep3,1.0494,143,0
rep3,1.0495,144,0
rep3,1.0495,145,0
rep3,1.0496,146,0
rep3,1.0497,147,0
rep3,1.0497,148,0
rep3,1.0497,149,0
rep3,1.0498,150,0
rep3,1.0499,151,0
rep3,1.05,152,0
rep3,1.05,153,0
rep3,1.05,154,0
rep3,1.0501,155,0
rep3,1.0502,156,0
rep3,1.0502,157,0
rep3,1.0502,158,0
rep3,1.0503,159,0
rep3,1.0503,160,0
rep3,1.0505,161,0
rep3,1.0505,162,0
rep3,1.0505,163,0
rep3,1.0506,164,0
rep3,1.0507,165,0
rep3,1.0509,166,0
rep3,1.0509,167,0
rep3,1.051,168,0
rep3,1.051,169,0
rep3,1.0511,170,0
rep3,1.0511,171,0
rep3,1.0511,172,0
rep3,1.0512,173,0
rep3,1.0513,174,0
rep3,1.0514,175,0
rep3,1.0514,176,0
rep3,1.0515,177,0
rep3,1.0517,178,0
rep3,1.0517,179,0
rep3,1.0518,180,0
rep3,1.0518,181,0
rep3,1.0519,182,0
rep3,1.0519,183,0
rep3,1.0519,184,0
rep3,1.052,185,0
rep3,1.052,186,0
rep3,1.0521,187,0
rep3,1.0522,188,0
rep3,1.0523,189,0
rep3,1.0523,190,0
rep3,1.0524,191,0
rep3,1.0525,192,0
rep3,1.0527,193,0
rep3,1.0528,194,0
rep3,1.0529,195,0
rep3,1.0529,196,0
rep3,1.053,197,0
rep3,1.0532,198,0
rep3,1.0533,199,0
rep3,1.0533,200,0
rep3,1.0534,201,0
rep3,1.0534,202,0
rep3,1.0535,203,0
rep3,1.0537,204,0
rep3,1.0538,205,0
rep3,1.0538,206,0
rep3,1.0539,207,0
rep3,1.0541,208,0
rep3,1.0541,209,0
rep3,1.0543,210,0
rep3,1.0544,211,0
rep3,1.0549,212,0
rep3,1.0549,213,0
rep3,1.055,214,0
rep3,1.055,215,0
rep3,1.0551,216,0
rep3,1.0551,217,0
rep3,1.0551,218,0
rep3,1.0551,219,0
rep3,1.0552,220,0
rep3,1.0553,221,0
rep3,1.0553,222,0
rep3,1.0553,223,0
rep3,1.0554,224,0
rep3,1.0555,225,0
rep3,1.0556,226,0
rep3,1.0557,227,0
rep3,1.0558,228,0
rep3,1.0561,229,0
rep3,1.0561,230,0
rep3,1.0566,231,0
rep3,1.0567,232,0
rep3,1.0567,233,0
rep3,1.0567,234,0
rep3,1.0569,235,0
rep3,1.0569,236,0
rep3,1.057,237,0
rep3,1.0571,238,0
rep3,1.0571,239,0
rep3,1.0572,240,0
rep3,1.0573,241,0
rep3,1.0575,242,0
rep3,1.0577,243,0
rep3,1.0579,244,0
rep3,1.0579,245,0
rep3,1.0581,246,0
rep3,1.0582,247,0
rep3,1.0585,248,0
rep3,1.0585,249,0
rep3,1.0585,250,0
rep3,1.059,251,0
rep3,1.0591,252,0
rep3,1.0593,253,0
rep3,1.0594,254,0
rep3,1.0597,255,0
rep3,1.0598,256,0
rep3,1.06,257,0
rep3,1.0603,258,0
rep3,1.0604,259,0
rep3,1.0607,260,0
rep3,1.0608,261,0
rep3,1.0612,262,0
rep3,1.0613,263,0
rep3,1.0616,264,0
rep3,1.0616,265,0
rep3,1.0619,266,0
rep3,1.0623,267,0
rep3,1.0623,268,0
rep3,1.0626,269,0
rep3,1.0628,270,0
rep3,1.063,271,0
rep3,1.063,272,0
rep3,1.0635,273,0
rep3,1.0638,274,0
rep3,1.0642,275,0
rep3,1.0642,276,0
rep3,1.0646,277,0
rep3,1.0648,278,0
rep3,1.0649,279,0
rep3,1.0651,280,0
rep3,1.0654,281,0
rep3,1.0656,282,0
rep3,1.0656,283,0
rep3,1.0659,284,0
rep3,1.0662,285,0
rep3,1.0662,286,0
rep3,1.0666,287,0
rep3,1.0674,288,0
rep3,1.0675,289,0
rep3,1.0676,290,0
rep3,1.0678,291,0
rep3,1.0681,292,0
rep3,1.0684,293,0
rep3,1.069,294,0
rep3,1.0696,295,0
rep3,1.0698,296,0
rep3,1.0704,297,0
rep3,1.0709,298,0
rep3,1.071,299,0
rep3,1.0712,300,0
rep3,1.0714,301,0
rep3,1.0714,302,0
rep3,1.0715,303,0
rep3,1.0717,304,0
rep3,1.0718,305,0
rep3,1.0723,306,0
rep3,1.073,307,0
rep3,1.0731,308,0
rep3,1.0734,309,0
rep3,1.0753,310,0
rep3,1.0758,311,0
rep3,1.0758,312,0
rep3,1.0759,313,0
rep3,1.0768,314,0
rep3,1.077,315,0
rep3,1.0788,316,0
rep3,1.0788,317,0
rep3,1.0791,318,0
rep3,1.0793,319,0
rep3,1.0794,320,0
rep3,1.0794,321,0
rep3,1.0794,322,0
rep3,1.0794,323,0
rep3,1.0795,324,0
rep3,1.0796,325,0
rep3,1.0796,326,0
rep3,1.0797,327,0
rep3,1.0797,328,0
rep3,1.0797,329,0
rep3,1.0798,330,0
rep3,1.0798,331,0
rep3,1.0798,332,0
rep3,1.0798,333,0
rep3,1.08,334,0
rep3,1.08,335,0
rep3,1.08,336,0
rep3,1.08,337,0
rep3,1.0801,338,0
rep3,1.0802,339,0
rep3,1.0802,340,0
rep3,1.0803,341,0
rep3,1.0803,342,0
rep3,1.0803,343,0
rep3,1.0803,344,0
rep3,1.0803,345,0
rep3,1.0804,346,0
rep3,1.0804,347,0
rep3,1.0805,348,0
rep3,1.0806,349,0
rep3,1.0806,350,0
rep3,1.0806,351,0
rep3,1.0807,352,0
rep3,1.0807,353,0
rep3,1.0808,354,0
rep3,1.0808,355,0
rep3,1.0808,356,0
rep3,1.0808,357,0
rep3,1.0809,358,0
rep3,1.081,359,0
rep3,1.081,360,0
rep3,1.081,361,0
rep3,1.0811,362,0
rep3,1.0812,363,0
rep3,1.0812,364,0
rep3,1.0812,365,0
rep3,1.0813,366,0
rep3,1.0814,367,0
rep3,1.0814,368,0
rep3,1.0814,369,0
rep3,1.0815,370,0
rep3,1.0817,371,0
rep3,1.0817,372,0
rep3,1.0818,373,0
rep3,1.0818,374,0
rep3,1.0819,375,0
rep3,1.0819,376,0
rep3,1.0819,377,0
rep3,1.0819,378,0
rep3,1.082,379,0
rep3,1.082,380,0
rep3,1.082,381,0
rep3,1.0821,382,0
rep3,1.0821,383,0
rep3,1.0821,384,0
rep3,1.0821,385,0
rep3,1.0822,386,0
rep3,1.0822,387,0
rep3,1.0822,388,0
rep3,1.0823,389,0
rep3,1.0823,390,0
rep3,1.0823,391,0
rep3,1.0823,392,0
rep3,1.0824,393,0
rep3,1.0824,394,0
rep3,1.0825,395,0
rep3,1.0826,396,0
rep3,1.0827,397,0
rep3,1.0828,398,0
rep3,1.0829,399,0
rep3,1.083,400,0
rep3,1.083,401,0
rep3,1.0831,402,0
rep3,1.0831,403,0
rep3,1.0832,404,0
rep3,1.0833,405,0
rep3,1.0833,406,0
rep3,1.0834,407,0
rep3,1.0835,408,0
rep3,1.0835,409,0
rep3,1.0836,410,0
rep3,1.0836,411,0
rep3,1.0837,412,0
rep3,1.0838,413,0
rep3,1.0839,414,0
rep3,1.084,415,0
rep3,1.0841,416,0
rep3,1.0841,417,0
rep3,1.0841,418,0
rep3,1.0843,419,0
rep3,1.0843,420,0
rep3,1.0843,421,0
rep3,1.0844,422,0
rep3,1.0845,423,0
rep3,1.0846,424,0
rep3,1.0846,425,0
rep3,1.0847,426,0
rep3,1.0847,427,0
rep3,1.0847,428,0
rep3,1.0847,429,0
rep3,1.0848,430,0
rep3,1.0848,431,0
rep3,1.0848,432,0
rep3,1.0848,433,0
rep3,1.085,434,0
rep3,1.0851,435,0
rep3,1.0851,436,0
rep3,1.0852,437,0
rep3,1.0852,438,0
rep3,1.0852,439,0
rep3,1.0853,440,0
rep3,1.0853,441,0
rep3,1.0853,442,0
rep3,1.0853,443,0
rep3,1.0854,444,0
rep3,1.0855,445,0
rep3,1.0855,446,0
rep3,1.0855,447,0
rep3,1.0859,448,0
rep3,1.0859,449,0
rep3,1.086,450,0
rep3,1.0863,451,0
rep3,1.0864,452,0
rep3,1.0864,453,0
rep3,1.0864,454,0
rep3,1.0865,455,0
rep3,1.0867,456,0
rep3,1.0868,457,0
rep3,1.0868,458,0
rep3,1.0869,459,0
rep3,1.0869,460,0
rep3,1.0869,461,0
rep3,1.0869,462,0
rep3,1.0871,463,0
rep3,1.0872,464,0
rep3,1.0872,465,0
rep3,1.0874,466,0
rep3,1.0874,467,0
rep3,1.0874,468,0
rep3,1.0874,469,0
rep3,1.0876,470,0
rep3,1.0878,471,0
rep3,1.0883,472,0
rep3,1.0884,473,0
rep3,1.0884,474,0
rep3,1.0884,475,0
rep3,1.0885,476,0
rep3,1.0887,477,0
rep3,1.089,478,0
rep3,1.089,479,0
rep3,1.0893,480,0
rep3,1.0893,481,0
rep3,1.0894,482,0
rep3,1.0896,483,0
rep3,1.0897,484,0
rep3,1.09,485,0
rep3,1.0902,486,0
rep3,1.0902,487,0
rep3,1.0903,488,0
rep3,1.0905,489,0
rep3,1.0906,490,0
rep3,1.0909,491,0
rep3,1.091,492,0
rep3,1.0911,493,0
rep3,1.0911,494,0
rep3,1.0912,495,0
rep3,1.0916,496,0
rep3,1.0916,497,0
rep3,1.0917,498,0
rep3,1.0918,499,0
rep3,1.0918,500,0
rep3,1.0918,501,0
rep3,1.0919,502,0
rep3,1.092,503,0
rep3,1.092,504,0
rep3,1.0921,505,0
rep3,1.0921,506,0
rep3,1.0924,507,0
rep3,1.0924,508,0
rep3,1.0928,509,0
rep3,1.0929,510,0
rep3,1.0932,511,0
rep3,1.0938,512,0
rep3,1.094,513,0
rep3,1.0941,514,0
rep3,1.0943,515,0
rep3,1.0944,516,0
rep3,1.0945,517,0
rep3,1.0947,518,0
rep3,1.0947,519,0
rep3,1.0949,520,0
rep3,1.095,521,0
rep3,1.0953,522,0
rep3,1.0953,523,0
rep3,1.0956,524,0
rep3,1.0957,525,0
rep3,1.0957,526,0
rep3,1.096,527,0
rep3,1.0969,528,0
rep3,1.097,529,0
rep3,1.0971,530,0
rep3,1.0973,531,0
rep3,1.0976,532,0
rep3,1.0977,533,0
rep3,1.0978,534,0
rep3,1.0982,535,0
rep3,1.0982,536,0
rep3,1.0985,537,0
rep3,1.0985,538,0
rep3,1.0988,539,0
rep3,1.0996,540,0
rep3,1.0996,541,0
rep3,1.0997,542,0
rep3,1.0997,543,0
rep3,1.0998,544,0
rep3,1.0998,545,0
rep3,1.1002,546,0
rep3,1.1004,547,0
rep3,1.1007,548,0
rep3,1.1008,549,0
rep3,1.1011,550,0
rep3,1.1015,551,0
rep3,1.1015,552,0
rep3,1.1018,553,0
rep3,1.102,554,0
rep3,1.1022,555,0
rep3,1.1023,556,0
rep3,1.1024,557,0
rep3,1.1027,558,0
rep3,1.1032,559,0
rep3,1.1032,560,0
rep3,1.1038,561,0
rep3,1.1039,562,0
rep3,1.104,563,0
rep3,1.1046,564,0
rep3,1.105,565,0
rep3,1.105,566,0
rep3,1.1057,567,0
rep3,1.106,568,0
rep3,1.1061,569,0
rep3,1.1063,570,0
rep3,1.1063,571,0
rep3,1.1063,572,0
rep3,1.107,573,0
rep3,1.1086,574,0
rep3,1.1091,575,0
rep3,1.1108,576,0
rep3,1.1111,577,0
rep3,1.1111,578,0
rep3,1.1115,579,0
rep3,1.1117,580,0
rep3,1.1127,581,0
rep3,1.1128,582,0
rep3,1.1128,583,0
rep3,1.1129,584,0
rep3,1.1129,585,0
rep3,1.1129,586,0
rep3,1.1129,587,0
rep3,1.1131,588,0
rep3,1.1131,589,0
rep3,1.1131,590,0
rep3,1.1132,591,0
rep3,1.1132,592,0
rep3,1.1133,593,0
rep3,1.1133,594,0
rep3,1.1133,595,0
rep3,1.1134,596,0
rep3,1.1134,597,0
rep3,1.1134,598,0
rep3,1.1134,599,0
rep3,1.1134,600,0
rep3,1.1135,601,0
rep3,1.1135,602,0
rep3,1.1136,603,0
rep3,1.1136,604,0
rep3,1.1137,605,0
rep3,1.1137,606,0
rep3,1.1138,607,0
rep3,1.1138,608,0
rep3,1.1139,609,0
rep3,1.1139,610,0
rep3,1.114,611,0
rep3,1.114,612,0
rep3,1.114,613,0
rep3,1.1142,614,0
rep3,1.1142,615,0
rep3,1.1143,616,0
rep3,1.1144,617,0
rep3,1.1144,618,0
rep3,1.1145,619,0
rep3,1.1145,620,0
rep3,1.1145,621,0
rep3,1.1145,622,0
rep3,1.1146,623,0
rep3,1.1146,624,0
rep3,1.1146,625,0
rep3,1.1146,626,0
rep3,1.1147,627,0
rep3,1.1147,628,0
rep3,1.1147,629,0
rep3,1.1148,630,0
rep3,1.1148,631,0
rep3,1.1148,632,0
rep3,1.1149,633,0
rep3,1.1149,634,0
rep3,1.1151,635,0
rep3,1.1152,636,0
rep3,1.1153,637,0
rep3,1.1153,638,0
rep3,1.1153,639,0
rep3,1.1154,640,0
rep3,1.1155,641,0
rep3,1.1156,642,0
rep3,1.1156,643,0
rep3,1.1157,644,0
rep3,1.1158,645,0
rep3,1.1158,646,0
rep3,1.1159,647,0
rep3,1.116,648,0
rep3,1.116,649,0
rep3,1.1161,650,0
rep3,1.1161,651,0
rep3,1.1161,652,0
rep3,1.1162,653,0
rep3,1.1162,654,0
rep3,1.1162,655,0
rep3,1.1162,656,0
rep3,1.1163,657,0
rep3,1.1163,658,0
rep3,1.1163,659,0
rep3,1.1164,660,0
rep3,1.1164,661,0
rep3,1.1164,662,0
rep3,1.1165,663,0
rep3,1.1166,664,0
rep3,1.1166,665,0
rep3,1.1166,666,0
rep3,1.1167,667,0
rep3,1.1167,668,0
rep3,1.1168,669,0
rep3,1.1168,670,0
rep3,1.1169,671,0
rep3,1.1169,672,0
rep3,1.1169,673,0
rep3,1.117,674,0
rep3,1.1172,675,0
rep3,1.1173,676,0
rep3,1.1173,677,0
rep3,1.1173,678,0
rep3,1.1174,679,0
rep3,1.1175,680,0
rep3,1.1175,681,0
rep3,1.1175,682,0
rep3,1.1176,683,0
rep3,1.1176,684,0
rep3,1.1177,685,0
rep3,1.1177,686,0
rep3,1.1177,687,0
rep3,1.1178,688,0
rep3,1.1178,689,0
rep3,1.1179,690,0
rep3,1.1179,691,0
rep3,1.118,692,0
rep3,1.1181,693,0
rep3,1.1182,694,0
rep3,1.1183,695,0
rep3,1.1184,696,0
rep3,1.1184,697,0
rep3,1.1184,698,0
rep3,1.1185,699,0
rep3,1.1185,700,0
rep3,1.1186,701,0
rep3,1.1186,702,0
rep3,1.1188,703,0
rep3,1.1189,704,0
rep3,1.1191,705,0
rep3,1.1192,706,0
rep3,1.1192,707,0
rep3,1.1195,708,0
rep3,1.1197,709,0
rep3,1.1197,710,0
rep3,1.1197,711,0
rep3,1.1197,712,0
rep3,1.1198,713,0
rep3,1.1198,714,0
rep3,1.1199,715,0
rep3,1.12,716,0
rep3,1.1201,717,0
rep3,1.1204,718,0
rep3,1.1206,719,0
rep3,1.1207,720,0
rep3,1.1208,721,0
rep3,1.1209,722,0
rep3,1.1211,723,0
rep3,1.1212,724,0
rep3,1.1214,725,0
rep3,1.1215,726,0
rep3,1.1215,727,0
rep3,1.1216,728,0
rep3,1.1217,729,0
rep3,1.1217,730,0
rep3,1.1218,731,0
rep3,1.1218,732,0
rep3,1.1218,733,0
rep3,1.1219,734,0
rep3,1.122,735,0
rep3,1.1221,736,0
rep3,1.1223,737,0
rep3,1.1225,738,0
rep3,1.1225,739,0
rep3,1.1225,740,0
rep3,1.1226,741,0
rep3,1.1228,742,0
rep3,1.1229,743,0
rep3,1.1229,744,0
rep3,1.1231,745,0
rep3,1.1232,746,0
rep3,1.1232,747,0
rep3,1.1232,748,0
rep3,1.1234,749,0
rep3,1.1234,750,0
rep3,1.1235,751,0
rep3,1.1236,752,0
rep3,1.1238,753,0
rep3,1.1238,754,0
rep3,1.1239,755,0
rep3,1.124,756,0
rep3,1.1243,757,0
rep3,1.1243,758,0
rep3,1.1244,759,0
rep3,1.1244,760,0
rep3,1.1248,761,0
rep3,1.1248,762,0
rep3,1.1249,763,0
rep3,1.1251,764,0
rep3,1.1253,765,0
rep3,1.1254,766,0
rep3,1.1255,767,0
rep3,1.1259,768,0
rep3,1.1264,769,0
rep3,1.1264,770,0
rep3,1.1268,771,0
rep3,1.1269,772,0
rep3,1.127,773,0
rep3,1.1273,774,0
rep3,1.1273,775,0
rep3,1.1274,776,0
rep3,1.1275,777,0
rep3,1.1275,778,0
rep3,1.1277,779,0
rep3,1.1277,780,0
rep3,1.1278,781,0
rep3,1.1278,782,0
rep3,1.128,783,0
rep3,1.1283,784,0
rep3,1.1286,785,0
rep3,1.1287,786,0
rep3,1.129,787,0
rep3,1.129,788,0
rep3,1.1292,789,0
rep3,1.1293,790,0
rep3,1.1294,791,0
rep3,1.1295,792,0
rep3,1.1298,793,0
rep3,1.1299,794,0
rep3,1.1302,795,0
rep3,1.1303,796,0
rep3,1.1303,797,0
rep3,1.1304,798,0
rep3,1.1305,799,0
rep3,1.1306,800,0
rep3,1.1306,801,0
rep3,1.1307,802,0
rep3,1.1308,803,0
rep3,1.1309,804,0
rep3,1.1311,805,0
rep3,1.1311,806,0
rep3,1.1314,807,0
rep3,1.1316,808,0
rep3,1.1318,809,0
rep3,1.1321,810,0
rep3,1.1321,811,0
rep3,1.1322,812,0
rep3,1.1323,813,0
rep3,1.1323,814,0
rep3,1.1325,815,0
rep3,1.1327,816,0
rep3,1.133,817,0
rep3,1.133,818,0
rep3,1.1337,819,0
rep3,1.1337,820,0
rep3,1.1338,821,0
rep3,1.1344,822,0
rep3,1.1344,823,0
rep3,1.135,824,0
rep3,1.1353,825,0
rep3,1.1356,826,0
rep3,1.1358,827,0
rep3,1.136,828,0
rep3,1.1364,829,0
rep3,1.1365,830,0
rep3,1.1366,831,0
rep3,1.1366,832,0
rep3,1.1367,833,0
rep3,1.1368,834,0
rep3,1.137,835,0
rep3,1.137,836,0
rep3,1.1375,837,0
rep3,1.1378,838,0
rep3,1.1379,839,0
rep3,1.1381,840,0
rep3,1.1384,841,0
rep3,1.1389,842,0
rep3,1.1397,843,0
rep3,1.1401,844,0
rep3,1.1402,845,0
rep3,1.1403,846,0
rep3,1.1403,847,0
rep3,1.1404,848,0
rep3,1.1406,849,0
rep3,1.1413,850,0
rep3,1.1414,851,0
rep3,1.1415,852,0
rep3,1.1418,853,0
rep3,1.1421,854,0
rep3,1.1421,855,0
rep3,1.1424,856,0
rep3,1.1429,857,0
rep3,1.144,858,0
rep3,1.1441,859,0
rep3,1.1444,860,0
rep3,1.1447,861,0
rep3,1.1448,862,0
rep3,1.1459,863,0
rep3,1.146,864,0
rep3,1.1463,865,0
rep3,1.1464,866,0
rep3,1.1464,867,0
rep3,1.1465,868,0
rep3,1.1465,869,0
rep3,1.1466,870,0
rep3,1.1467,871,0
rep3,1.1468,872,0
rep3,1.1469,873,0
rep3,1.1469,874,0
rep3,1.147,875,0
rep3,1.1471,876,0
rep3,1.1471,877,0
rep3,1.1472,878,0
rep3,1.1472,879,0
rep3,1.1473,880,0
rep3,1.1473,881,0
rep3,1.1474,882,0
rep3,1.1474,883,0
rep3,1.1474,884,0
rep3,1.1477,885,0
rep3,1.1478,886,0
rep3,1.1479,887,0
rep3,1.148,888,0
rep3,1.148,889,0
rep3,1.1481,890,0
rep3,1.1481,891,0
rep3,1.1481,892,0
rep3,1.1482,893,0
rep3,1.1482,894,0
rep3,1.1483,895,0
rep3,1.1483,896,0
rep3,1.1484,897,0
rep3,1.1484,898,0
rep3,1.1485,899,0
rep3,1.1485,900,0
rep3,1.1485,901,0
rep3,1.1485,902,0
rep3,1.1485,903,0
rep3,1.1486,904,0
rep3,1.1487,905,0
rep3,1.1488,906,0
rep3,1.1489,907,0
rep3,1.1489,908,0
rep3,1.1491,909,0
rep3,1.1491,910,0
rep3,1.1491,911,0
rep3,1.1492,912,0
rep3,1.1492,913,0
rep3,1.1493,914,0
rep3,1.1493,915,0
rep3,1.1495,916,0
rep3,1.1495,917,0
rep3,1.1496,918,0
rep3,1.1496,919,0
rep3,1.1497,920,0
rep3,1.15,921,0
rep3,1.1501,922,0
rep3,1.1501,923,0
rep3,1.1502,924,0
rep3,1.1502,925,0
rep3,1.1504,926,0
rep3,1.1504,927,0
rep3,1.1504,928,0
rep3,1.1506,929,0
rep3,1.1506,930,0
rep3,1.1507,931,0
rep3,1.1508,932,0
rep3,1.1508,933,0
rep3,1.1509,934,0
rep3,1.1511,935,0
rep3,1.1512,936,0
rep3,1.1513,937,0
rep3,1.1513,938,0
rep3,1.1513,939,0
rep3,1.1516,940,0
rep3,1.1517,941,0
rep3,1.152,942,0
rep3,1.1521,943,0
rep3,1.1521,944,0
rep3,1.1521,945,0
rep3,1.1523,946,0
rep3,1.1524,947,0
rep3,1.1525,948,0
rep3,1.1526,949,0
rep3,1.1526,950,0
rep3,1.1528,951,0
rep3,1.1529,952,0
rep3,1.1534,953,0
rep3,1.1537,954,0
rep3,1.1538,955,0
rep3,1.1539,956,0
rep3,1.154,957,0
rep3,1.154,958,0
rep3,1.154,959,0
rep3,1.1541,960,0
rep3,1.1541,961,0
rep3,1.1541,962,0
rep3,1.1543,963,0
rep3,1.1543,964,0
rep3,1.1543,965,0
rep3,1.1544,966,0
rep3,1.1544,967,0
rep3,1.1544,968,0
rep3,1.1544,969,0
rep3,1.1544,970,0
rep3,1.1546,971,0
rep3,1.1549,972,0
rep3,1.1549,973,0
rep3,1.155,974,0
rep3,1.1552,975,0
rep3,1.1553,976,0
rep3,1.1553,977,0
rep3,1.1553,978,0
rep3,1.1555,979,0
rep3,1.1555,980,0
rep3,1.1558,981,0
rep3,1.1558,982,0
rep3,1.1559,983,0
rep3,1.156,984,0
rep3,1.1562,985,0
rep3,1.1562,986,0
rep3,1.1564,987,0
rep3,1.1564,988,0
rep3,1.1564,989,0
rep3,1.1565,990,0
rep3,1.1567,991,0
rep3,1.1567,992,0
rep3,1.1567,993,0
rep3,1.1571,994,0
rep3,1.1572,995,0
rep3,1.1573,996,0
rep3,1.1573,997,0
rep3,1.1574,998,0
rep3,1.1574,999,0
rep3,1.1577,1000,0
rep3,1.1577,1001,0
rep3,1.1578,1002,0
rep3,1.1579,1003,0
rep3,1.1579,1004,0
rep3,1.1581,1005,0
rep3,1.1581,1006,0
rep3,1.1583,1007,0
rep3,1.1584,1008,0
rep3,1.1585,1009,0
rep3,1.1587,1010,0
rep3,1.1589,1011,0
rep3,1.159,1012,0
rep3,1.1591,1013,0
rep3,1.1594,1014,0
rep3,1.1595,1015,0
rep3,1.1595,1016,0
rep3,1.1595,1017,0
rep3,1.1596,1018,0
rep3,1.1596,1019,0
rep3,1.1596,1020,0
rep3,1.1597,1021,0
rep3,1.1599,1022,0
rep3,1.1602,1023,0
rep3,1.1603,1024,0
rep3,1.1604,1025,0
rep3,1.1605,1026,0
rep3,1.1607,1027,0
rep3,1.1607,1028,0
rep3,1.1609,1029,0
rep3,1.161,1030,0
rep3,1.161,1031,0
rep3,1.1611,1032,0
rep3,1.1612,1033,0
rep3,1.1614,1034,0
rep3,1.1618,1035,0
rep3,1.162,1036,0
rep3,1.1621,1037,0
rep3,1.1621,1038,0
rep3,1.1621,1039,0
rep3,1.1623,1040,0
rep3,1.1624,1041,0
rep3,1.1628,1042,0
rep3,1.1633,1043,0
rep3,1.1634,1044,0
rep3,1.1634,1045,0
rep3,1.1634,1046,0
rep3,1.1637,1047,0
rep3,1.1638,1048,0
rep3,1.164,1049,0
rep3,1.1642,1050,0
rep3,1.1643,1051,0
rep3,1.1648,1052,0
rep3,1.1652,1053,0
rep3,1.1655,1054,0
rep3,1.1656,1055,0
rep3,1.1656,1056,0
rep3,1.1659,1057,0
rep3,1.1661,1058,0
rep3,1.1665,1059,0
rep3,1.1667,1060,0
rep3,1.1667,1061,0
rep3,1.167,1062,0
rep3,1.1674,1063,0
rep3,1.1675,1064,0
rep3,1.168,1065,0
rep3,1.1682,1066,0
rep3,1.1686,1067,0
rep3,1.1686,1068,0
rep3,1.1688,1069,0
rep3,1.1691,1070,0
rep3,1.1693,1071,0
rep3,1.1693,1072,0
rep3,1.1697,1073,0
rep3,1.17,1074,0
rep3,1.1702,1075,0
rep3,1.1706,1076,0
rep3,1.1709,1077,0
rep3,1.171,1078,0
rep3,1.1713,1079,0
rep3,1.1714,1080,0
rep3,1.1714,1081,0
rep3,1.1719,1082,0
rep3,1.1724,1083,0
rep3,1.1726,1084,0
rep3,1.1727,1085,0
rep3,1.1729,1086,0
rep3,1.1732,1087,0
rep3,1.1733,1088,0
rep3,1.1735,1089,0
rep3,1.1736,1090,0
rep3,1.1736,1091,0
rep3,1.1737,1092,0
rep3,1.1738,1093,0
rep3,1.1744,1094,0
rep3,1.1747,1095,0
rep3,1.175,1096,0
rep3,1.1751,1097,0
rep3,1.1755,1098,0
rep3,1.1756,1099,0
rep3,1.1756,1100,0
rep3,1.176,1101,0
rep3,1.1763,1102,0
rep3,1.1764,1103,0
rep3,1.1765,1104,0
rep3,1.1765,1105,0
rep3,1.1773,1106,0
rep3,1.1774,1107,0
rep3,1.1775,1108,0
rep3,1.1775,1109,0
rep3,1.1781,1110,0
rep3,1.1783,1111,0
rep3,1.1785,1112,0
rep3,1.1787,1113,0
rep3,1.179,1114,0
rep3,1.1793,1115,0
rep3,1.1798,1116,0
rep3,1.1799,1117,0
rep3,1.18,1118,0
rep3,1.18,1119,0
rep3,1.18,1120,0
rep3,1.18,1121,0
rep3,1.18,1122,0
rep3,1.1801,1123,0
rep3,1.1801,1124,0
rep3,1.1802,1125,0
rep3,1.1802,1126,0
rep3,1.1802,1127,0
rep3,1.1802,1128,0
rep3,1.1803,1129,0
rep3,1.1803,1130,0
rep3,1.1804,1131,0
rep3,1.1804,1132,0
rep3,1.1804,1133,0
rep3,1.1805,1134,0
rep3,1.1805,1135,0
rep3,1.1805,1136,0
rep3,1.1805,1137,0
rep3,1.1806,1138,0
rep3,1.1806,1139,0
rep3,1.1806,1140,0
rep3,1.1807,1141,0
rep3,1.1807,1142,0
rep3,1.1808,1143,0
rep3,1.1808,1144,0
rep3,1.1808,1145,0
rep3,1.1808,1146,0
rep3,1.1809,1147,0
rep3,1.1809,1148,0
rep3,1.181,1149,0
rep3,1.181,1150,0
rep3,1.181,1151,0
rep3,1.181,1152,0
rep3,1.181,1153,0
rep3,1.1811,1154,0
rep3,1.1811,1155,0
rep3,1.1811,1156,0
rep3,1.1811,1157,0
rep3,1.1812,1158,0
rep3,1.1812,1159,0
rep3,1.1812,1160,0
rep3,1.1812,1161,0
rep3,1.1812,1162,0
rep3,1.1813,1163,0
rep3,1.1813,1164,0
rep3,1.1813,1165,0
rep3,1.1813,1166,0
rep3,1.1814,1167,0
rep3,1.1814,1168,0
rep3,1.1814,1169,0
rep3,1.1814,1170,0
rep3,1.1815,1171,0
rep3,1.1815,1172,0
rep3,1.1815,1173,0
rep3,1.1815,1174,0
rep3,1.1815,1175,0
rep3,1.1815,1176,0
rep3,1.1816,1177,0
rep3,1.1816,1178,0
rep3,1.1816,1179,0
rep3,1.1817,1180,0
rep3,1.1818,1181,0
rep3,1.1818,1182,0
rep3,1.1818,1183,0
rep3,1.1819,1184,0
rep3,1.1819,1185,0
rep3,1.1819,1186,0
rep3,1.1819,1187,0
rep3,1.182,1188,0
rep3,1.182,1189,0
rep3,1.182,1190,0
rep3,1.1821,1191,0
rep3,1.1821,1192,0
rep3,1.1821,1193,0
rep3,1.1821,1194,0
rep3,1.1821,1195,0
rep3,1.1822,1196,0
rep3,1.1822,1197,0
rep3,1.1822,1198,0
rep3,1.1822,1199,0
rep3,1.1823,1200,0
rep3,1.1826,1201,0
rep3,1.1826,1202,0
rep3,1.1827,1203,0
rep3,1.1827,1204,0
rep3,1.1827,1205,0
rep3,1.1828,1206,0
rep3,1.1828,1207,0
rep3,1.1828,1208,0
rep3,1.1829,1209,0
rep3,1.1829,1210,0
rep3,1.1829,1211,0
rep3,1.183,1212,0
rep3,1.1831,1213,0
rep3,1.1831,1214,0
rep3,1.1831,1215,0
rep3,1.1832,1216,0
rep3,1.1832,1217,0
rep3,1.1832,1218,0
rep3,1.1833,1219,0
rep3,1.1833,1220,0
rep3,1.1834,1221,0
rep3,1.1834,1222,0
rep3,1.1834,1223,0
rep3,1.1835,1224,0
rep3,1.1835,1225,0
rep3,1.1836,1226,0
rep3,1.1836,1227,0
rep3,1.1837,1228,0
rep3,1.1837,1229,0
rep3,1.1839,1230,0
rep3,1.1839,1231,0
rep3,1.1839,1232,0
rep3,1.184,1233,0
rep3,1.184,1234,0
rep3,1.184,1235,0
rep3,1.184,1236,0
rep3,1.184,1237,0
rep3,1.184,1238,0
rep3,1.184,1239,0
rep3,1.1841,1240,0
rep3,1.1841,1241,0
rep3,1.1842,1242,0
rep3,1.1842,1243,0
rep3,1.1842,1244,0
rep3,1.1842,1245,0
rep3,1.1843,1246,0
rep3,1.1843,1247,0
rep3,1.1844,1248,0
rep3,1.1844,1249,0
rep3,1.1845,1250,0
rep3,1.1845,1251,0
rep3,1.1846,1252,0
rep3,1.1846,1253,0
rep3,1.1847,1254,0
rep3,1.1848,1255,0
rep3,1.1848,1256,0
rep3,1.1848,1257,0
rep3,1.1849,1258,0
rep3,1.185,1259,0
rep3,1.185,1260,0
rep3,1.185,1261,0
rep3,1.185,1262,0
rep3,1.1851,1263,0
rep3,1.1851,1264,0
rep3,1.1851,1265,0
rep3,1.1851,1266,0
rep3,1.1853,1267,0
rep3,1.1853,1268,0
rep3,1.1855,1269,0
rep3,1.1855,1270,0
rep3,1.1855,1271,0
rep3,1.1855,1272,0
rep3,1.1855,1273,0
rep3,1.1856,1274,0
rep3,1.1856,1275,0
rep3,1.1856,1276,0
rep3,1.1856,1277,0
rep3,1.1857,1278,0
rep3,1.1858,1279,0
rep3,1.1858,1280,0
rep3,1.1858,1281,0
rep3,1.1858,1282,0
rep3,1.1859,1283,0
rep3,1.1859,1284,0
rep3,1.186,1285,0
rep3,1.186,1286,0
rep3,1.1861,1287,0
rep3,1.1861,1288,0
rep3,1.1861,1289,0
rep3,1.1862,1290,0
rep3,1.1862,1291,0
rep3,1.1862,1292,0
rep3,1.1862,1293,0
rep3,1.1863,1294,0
rep3,1.1863,1295,0
rep3,1.1863,1296,0
rep3,1.1864,1297,0
rep3,1.1864,1298,0
rep3,1.1865,1299,0
rep3,1.1865,1300,0
rep3,1.1865,1301,0
rep3,1.1865,1302,0
rep3,1.1866,1303,0
rep3,1.1866,1304,0
rep3,1.1866,1305,0
rep3,1.1866,1306,0
rep3,1.1867,1307,0
rep3,1.1867,1308,0
rep3,1.1867,1309,0
rep3,1.1869,1310,0
rep3,1.1869,1311,0
rep3,1.1869,1312,0
rep3,1.187,1313,0
rep3,1.187,1314,0
rep3,1.187,1315,0
rep3,1.1871,1316,0
rep3,1.1871,1317,0
rep3,1.1873,1318,0
rep3,1.1874,1319,0
rep3,1.1874,1320,0
rep3,1.1875,1321,0
rep3,1.1876,1322,0
rep3,1.1876,1323,0
rep3,1.1876,1324,0
rep3,1.1878,1325,0
rep3,1.1878,1326,0
rep3,1.1878,1327,0
rep3,1.1878,1328,0
rep3,1.1881,1329,0
rep3,1.1881,1330,0
rep3,1.1881,1331,0
rep3,1.1882,1332,0
rep3,1.1882,1333,0
rep3,1.1883,1334,0
rep3,1.1884,1335,0
rep3,1.1884,1336,0
rep3,1.1886,1337,0
rep3,1.1886,1338,0
rep3,1.1887,1339,0
rep3,1.1887,1340,0
rep3,1.1888,1341,0
rep3,1.1888,1342,0
rep3,1.189,1343,0
rep3,1.189,1344,0
rep3,1.189,1345,0
rep3,1.189,1346,0
rep3,1.189,1347,0
rep3,1.1891,1348,0
rep3,1.1891,1349,0
rep3,1.1892,1350,0
rep3,1.1892,1351,0
rep3,1.1893,1352,0
rep3,1.1893,1353,0
rep3,1.1893,1354,0
rep3,1.1894,1355,0
rep3,1.1894,1356,0
rep3,1.1894,1357,0
rep3,1.1895,1358,0
rep3,1.1896,1359,0
rep3,1.1897,1360,0
rep3,1.1897,1361,0
rep3,1.1898,1362,0
rep3,1.1898,1363,0
rep3,1.1898,1364,0
rep3,1.1899,1365,0
rep3,1.1899,1366,0
rep3,1.19,1367,0
rep3,1.19,1368,0
rep3,1.1901,1369,0
rep3,1.1902,1370,0
rep3,1.1902,1371,0
rep3,1.1902,1372,0
rep3,1.1903,1373,0
rep3,1.1903,1374,0
rep3,1.1904,1375,0
rep3,1.1904,1376,0
rep3,1.1904,1377,0
rep3,1.1904,1378,0
rep3,1.1905,1379,0
rep3,1.1905,1380,0
rep3,1.1906,1381,0
rep3,1.1907,1382,0
rep3,1.1907,1383,0
rep3,1.1908,1384,0
rep3,1.1908,1385,0
rep3,1.1908,1386,0
rep3,1.1909,1387,0
rep3,1.1909,1388,0
rep3,1.191,1389,0
rep3,1.191,1390,0
rep3,1.191,1391,0
rep3,1.1911,1392,0
rep3,1.1912,1393,0
rep3,1.1913,1394,0
rep3,1.1914,1395,0
rep3,1.1914,1396,0
rep3,1.1915,1397,0
rep3,1.1916,1398,0
rep3,1.1916,1399,0
rep3,1.1917,1400,0
rep3,1.1917,1401,0
rep3,1.1917,1402,0
rep3,1.1918,1403,0
rep3,1.1918,1404,0
rep3,1.1919,1405,0
rep3,1.1919,1406,0
rep3,1.1919,1407,0
rep3,1.192,1408,0
rep3,1.192,1409,0
rep3,1.1921,1410,0
rep3,1.1922,1411,0
rep3,1.1923,1412,0
rep3,1.1923,1413,0
rep3,1.1923,1414,0
rep3,1.1925,1415,0
rep3,1.1925,1416,0
rep3,1.1925,1417,0
rep3,1.1925,1418,0
rep3,1.1926,1419,0
rep3,1.1927,1420,0
rep3,1.1927,1421,0
rep3,1.1927,1422,0
rep3,1.1928,1423,0
rep3,1.1929,1424,0
rep3,1.193,1425,0
rep3,1.1931,1426,0
rep3,1.1933,1427,0
rep3,1.1934,1428,0
rep3,1.1935,1429,0
rep3,1.1935,1430,0
rep3,1.1937,1431,0
rep3,1.1937,1432,0
rep3,1.1939,1433,0
rep3,1.1941,1434,0
rep3,1.1941,1435,0
rep3,1.1944,1436,0
rep3,1.1945,1437,0
rep3,1.1945,1438,0
rep3,1.1946,1439,0
rep3,1.1947,1440,0
rep3,1.1948,1441,0
rep3,1.1948,1442,0
rep3,1.1949,1443,0
rep3,1.195,1444,0
rep3,1.1951,1445,0
rep3,1.1952,1446,0
rep3,1.1953,1447,0
rep3,1.1954,1448,0
rep3,1.1955,1449,0
rep3,1.1956,1450,0
rep3,1.1956,1451,0
rep3,1.1956,1452,0
rep3,1.1957,1453,0
rep3,1.1957,1454,0
rep3,1.1958,1455,0
rep3,1.196,1456,0
rep3,1.1961,1457,0
rep3,1.1962,1458,0
rep3,1.1964,1459,0
rep3,1.1968,1460,0
rep3,1.1969,1461,0
rep3,1.197,1462,0
rep3,1.197,1463,0
rep3,1.1973,1464,0
rep3,1.1974,1465,0
rep3,1.1975,1466,0
rep3,1.1976,1467,0
rep3,1.1976,1468,0
rep3,1.1977,1469,0
rep3,1.1977,1470,0
rep3,1.1978,1471,0
rep3,1.1979,1472,0
rep3,1.1979,1473,0
rep3,1.1979,1474,0
rep3,1.1981,1475,0
rep3,1.1982,1476,0
rep3,1.1983,1477,0
rep3,1.1983,1478,0
rep3,1.1984,1479,0
rep3,1.1984,1480,0
rep3,1.1985,1481,0
rep3,1.1987,1482,0
rep3,1.1987,1483,0
rep3,1.1988,1484,0
rep3,1.1989,1485,0
rep3,1.1989,1486,0
rep3,1.199,1487,0
rep3,1.199,1488,0
rep3,1.1992,1489,0
rep3,1.1993,1490,0
rep3,1.1993,1491,0
rep3,1.1994,1492,0
rep3,1.1996,1493,0
rep3,1.1996,1494,0
rep3,1.1997,1495,0
rep3,1.1998,1496,0
rep3,1.1999,1497,0
rep3,1.1999,1498,0
rep3,1.2,1499,0
rep3,1.2,1500,0
rep3,1.2,1501,0
rep3,1.2001,1502,0
rep3,1.2002,1503,0
rep3,1.2002,1504,0
rep3,1.2003,1505,0
rep3,1.2003,1506,0
rep3,1.2003,1507,0
rep3,1.2004,1508,0
rep3,1.2004,1509,0
rep3,1.2005,1510,0
rep3,1.2005,1511,0
rep3,1.2007,1512,0
rep3,1.2007,1513,0
rep3,1.2008,1514,0
rep3,1.201,1515,0
rep3,1.2013,1516,0
rep3,1.2013,1517,0
rep3,1.2014,1518,0
rep3,1.2014,1519,0
rep3,1.2014,1520,0
rep3,1.2015,1521,0
rep3,1.2015,1522,0
rep3,1.2016,1523,0
rep3,1.2017,1524,0
rep3,1.2017,1525,0
rep3,1.2017,1526,0
rep3,1.2018,1527,0
rep3,1.2019,1528,0
rep3,1.2019,1529,0
rep3,1.2022,1530,0
rep3,1.2024,1531,0
rep3,1.2025,1532,0
rep3,1.2025,1533,0
rep3,1.2026,1534,0
rep3,1.2027,1535,0
rep3,1.2027,1536,0
rep3,1.2027,1537,0
rep3,1.2028,1538,0
rep3,1.2032,1539,0
rep3,1.2032,1540,0
rep3,1.2036,1541,0
rep3,1.2037,1542,0
rep3,1.2039,1543,0
rep3,1.2039,1544,0
rep3,1.2043,1545,0
rep3,1.2044,1546,0
rep3,1.2045,1547,0
rep3,1.2046,1548,0
rep3,1.2047,1549,0
rep3,1.2049,1550,0
rep3,1.2051,1551,0
rep3,1.2053,1552,0
rep3,1.2054,1553,0
rep3,1.2055,1554,0
rep3,1.2056,1555,0
rep3,1.2056,1556,0
rep3,1.2057,1557,0
rep3,1.2057,1558,0
rep3,1.2057,1559,0
rep3,1.2058,1560,0
rep3,1.2061,1561,0
rep3,1.2061,1562,0
rep3,1.2062,1563,0
rep3,1.2063,1564,0
rep3,1.2066,1565,0
rep3,1.2067,1566,0
rep3,1.2068,1567,0
rep3,1.2068,1568,0
rep3,1.2069,1569,0
rep3,1.207,1570,0
rep3,1.2071,1571,0
rep3,1.2072,1572,0
rep3,1.2072,1573,0
rep3,1.2081,1574,0
rep3,1.2085,1575,0
rep3,1.2086,1576,0
rep3,1.2086,1577,0
rep3,1.2089,1578,0
rep3,1.209,1579,0
rep3,1.209,1580,0
rep3,1.209,1581,0
rep3,1.2091,1582,0
rep3,1.2091,1583,0
rep3,1.2093,1584,0
rep3,1.2093,1585,0
rep3,1.2093,1586,0
rep3,1.2094,1587,0
rep3,1.2095,1588,0
rep3,1.2097,1589,0
rep3,1.2098,1590,0
rep3,1.2099,1591,0
rep3,1.2103,1592,0
rep3,1.2104,1593,0
rep3,1.2106,1594,0
rep3,1.2106,1595,0
rep3,1.2106,1596,0
rep3,1.2107,1597,0
rep3,1.2108,1598,0
rep3,1.2109,1599,0
rep3,1.2109,1600,0
rep3,1.211,1601,0
rep3,1.2111,1602,0
rep3,1.2112,1603,0
rep3,1.2112,1604,0
rep3,1.2113,1605,0
rep3,1.2114,1606,0
rep3,1.2119,1607,0
rep3,1.2119,1608,0
rep3,1.212,1609,0
rep3,1.2121,1610,0
rep3,1.2122,1611,0
rep3,1.2122,1612,0
rep3,1.2125,1613,0
rep3,1.2125,1614,0
rep3,1.2126,1615,0
rep3,1.2131,1616,0
rep3,1.2132,1617,0
rep3,1.2133,1618,0
rep3,1.2133,1619,0
rep3,1.2135,1620,0
rep3,1.2135,1621,0
rep3,1.2136,1622,0
rep3,1.2136,1623,0
rep3,1.2137,1624,0
rep3,1.2137,1625,0
rep3,1.2138,1626,0
rep3,1.2138,1627,0
rep3,1.2139,1628,0
rep3,1.2139,1629,0
rep3,1.214,1630,0
rep3,1.214,1631,0
rep3,1.214,1632,0
rep3,1.2141,1633,0
rep3,1.2141,1634,0
rep3,1.2141,1635,0
rep3,1.2142,1636,0
rep3,1.2143,1637,0
rep3,1.2143,1638,0
rep3,1.2144,1639,0
rep3,1.2145,1640,0
rep3,1.2145,1641,0
rep3,1.2145,1642,0
rep3,1.2146,1643,0
rep3,1.2147,1644,0
rep3,1.2147,1645,0
rep3,1.2148,1646,0
rep3,1.2149,1647,0
rep3,1.2149,1648,0
rep3,1.215,1649,0
rep3,1.2151,1650,0
rep3,1.2151,1651,0
rep3,1.2152,1652,0
rep3,1.2153,1653,0
rep3,1.2154,1654,0
rep3,1.2155,1655,0
rep3,1.2156,1656,0
rep3,1.2156,1657,0
rep3,1.2157,1658,0
rep3,1.2157,1659,0
rep3,1.2158,1660,0
rep3,1.2159,1661,0
rep3,1.2159,1662,0
rep3,1.2159,1663,0
rep3,1.2159,1664,0
rep3,1.216,1665,0
rep3,1.216,1666,0
rep3,1.2161,1667,0
rep3,1.2161,1668,0
rep3,1.2161,1669,0
rep3,1.2161,1670,0
rep3,1.2162,1671,0
rep3,1.2162,1672,0
rep3,1.2162,1673,0
rep3,1.2163,1674,0
rep3,1.2163,1675,0
rep3,1.2164,1676,0
rep3,1.2164,1677,0
rep3,1.2164,1678,0
rep3,1.2164,1679,0
rep3,1.2165,1680,0
rep3,1.2165,1681,0
rep3,1.2165,1682,0
rep3,1.2166,1683,0
rep3,1.2166,1684,0
rep3,1.2166,1685,0
rep3,1.2167,1686,0
rep3,1.2167,1687,0
rep3,1.2167,1688,0
rep3,1.2167,1689,0
rep3,1.2167,1690,0
rep3,1.2168,1691,0
rep3,1.2169,1692,0
rep3,1.2169,1693,0
rep3,1.2169,1694,0
rep3,1.217,1695,0
rep3,1.217,1696,0
rep3,1.217,1697,0
rep3,1.217,1698,0
rep3,1.2171,1699,0
rep3,1.2171,1700,0
rep3,1.2171,1701,0
rep3,1.2171,1702,0
rep3,1.2172,1703,0
rep3,1.2173,1704,0
rep3,1.2173,1705,0
rep3,1.2173,1706,0
rep3,1.2174,1707,0
rep3,1.2174,1708,0
rep3,1.2175,1709,0
rep3,1.2175,1710,0
rep3,1.2177,1711,0
rep3,1.2177,1712,0
rep3,1.2177,1713,0
rep3,1.2178,1714,0
rep3,1.2178,1715,0
rep3,1.2179,1716,0
rep3,1.2179,1717,0
rep3,1.2179,1718,0
rep3,1.218,1719,0
rep3,1.218,1720,0
rep3,1.218,1721,0
rep3,1.2181,1722,0
rep3,1.2181,1723,0
rep3,1.2181,1724,0
rep3,1.2182,1725,0
rep3,1.2183,1726,0
rep3,1.2184,1727,0
rep3,1.2184,1728,0
rep3,1.2185,1729,0
rep3,1.2185,1730,0
rep3,1.2185,1731,0
rep3,1.2187,1732,0
rep3,1.2187,1733,0
rep3,1.2189,1734,0
rep3,1.2189,1735,0
rep3,1.219,1736,0
rep3,1.219,1737,0
rep3,1.2191,1738,0
rep3,1.2191,1739,0
rep3,1.2191,1740,0
rep3,1.2192,1741,0
rep3,1.2193,1742,0
rep3,1.2194,1743,0
rep3,1.2194,1744,0
rep3,1.2195,1745,0
rep3,1.2195,1746,0
rep3,1.2196,1747,0
rep3,1.2196,1748,0
rep3,1.2197,1749,0
rep3,1.2198,1750,0
rep3,1.2198,1751,0
rep3,1.2198,1752,0
rep3,1.2198,1753,0
rep3,1.2199,1754,0
rep3,1.2199,1755,0
rep3,1.2199,1756,0
rep3,1.2199,1757,0
rep3,1.22,1758,0
rep3,1.2201,1759,0
rep3,1.2201,1760,0
rep3,1.2202,1761,0
rep3,1.2204,1762,0
rep3,1.2206,1763,0
rep3,1.2206,1764,0
rep3,1.221,1765,0
rep3,1.221,1766,0
rep3,1.221,1767,0
rep3,1.2211,1768,0
rep3,1.2211,1769,0
rep3,1.2213,1770,0
rep3,1.2213,1771,0
rep3,1.2213,1772,0
rep3,1.2214,1773,0
rep3,1.2214,1774,0
rep3,1.2214,1775,0
rep3,1.2214,1776,0
rep3,1.2216,1777,0
rep3,1.2216,1778,0
rep3,1.2217,1779,0
rep3,1.2218,1780,0
rep3,1.2219,1781,0
rep3,1.222,1782,0
rep3,1.222,1783,0
rep3,1.222,1784,0
rep3,1.2222,1785,0
rep3,1.2223,1786,0
rep3,1.2224,1787,0
rep3,1.2224,1788,0
rep3,1.2225,1789,0
rep3,1.2225,1790,0
rep3,1.2226,1791,0
rep3,1.2226,1792,0
rep3,1.2226,1793,0
rep3,1.2228,1794,0
rep3,1.2228,1795,0
rep3,1.2229,1796,0
rep3,1.2229,1797,0
rep3,1.2229,1798,0
rep3,1.2231,1799,0
rep3,1.2231,1800,0
rep3,1.2231,1801,0
rep3,1.2231,1802,0
rep3,1.2233,1803,0
rep3,1.2233,1804,0
rep3,1.2234,1805,0
rep3,1.2235,1806,0
rep3,1.2235,1807,0
rep3,1.2236,1808,0
rep3,1.2237,1809,0
rep3,1.2238,1810,0
rep3,1.2238,1811,0
rep3,1.2238,1812,0
rep3,1.2239,1813,0
rep3,1.2241,1814,0
rep3,1.2241,1815,0
rep3,1.2242,1816,0
rep3,1.2243,1817,0
rep3,1.2243,1818,0
rep3,1.2243,1819,0
rep3,1.2243,1820,0
rep3,1.2244,1821,0
rep3,1.2245,1822,0
rep3,1.2245,1823,0
rep3,1.2246,1824,0
rep3,1.2246,1825,0
rep3,1.2247,1826,0
rep3,1.2247,1827,0
rep3,1.2248,1828,0
rep3,1.2248,1829,0
rep3,1.2249,1830,0
rep3,1.225,1831,0
rep3,1.225,1832,0
rep3,1.2251,1833,0
rep3,1.2251,1834,0
rep3,1.2252,1835,0
rep3,1.2253,1836,0
rep3,1.2254,1837,0
rep3,1.2255,1838,0
rep3,1.2256,1839,0
rep3,1.2257,1840,0
rep3,1.2257,1841,0
rep3,1.2258,1842,0
rep3,1.2259,1843,0
rep3,1.2259,1844,0
rep3,1.2259,1845,0
rep3,1.2259,1846,0
rep3,1.2259,1847,0
rep3,1.226,1848,0
rep3,1.226,1849,0
rep3,1.226,1850,0
rep3,1.2262,1851,0
rep3,1.2262,1852,0
rep3,1.2263,1853,0
rep3,1.2263,1854,0
rep3,1.2264,1855,0
rep3,1.2266,1856,0
rep3,1.2266,1857,0
rep3,1.2267,1858,0
rep3,1.2267,1859,0
rep3,1.2268,1860,0
rep3,1.2268,1861,0
rep3,1.2268,1862,0
rep3,1.2269,1863,0
rep3,1.2269,1864,0
rep3,1.227,1865,0
rep3,1.2271,1866,0
rep3,1.2271,1867,0
rep3,1.2272,1868,0
rep3,1.2274,1869,0
rep3,1.2274,1870,0
rep3,1.2275,1871,0
rep3,1.2276,1872,0
rep3,1.2276,1873,0
rep3,1.2277,1874,0
rep3,1.228,1875,0
rep3,1.228,1876,0
rep3,1.228,1877,0
rep3,1.2282,1878,0
rep3,1.2282,1879,0
rep3,1.2282,1880,0
rep3,1.2282,1881,0
rep3,1.2284,1882,0
rep3,1.2284,1883,0
rep3,1.2286,1884,0
rep3,1.2289,1885,0
rep3,1.2289,1886,0
rep3,1.229,1887,0
rep3,1.229,1888,0
rep3,1.2292,1889,0
rep3,1.2293,1890,0
rep3,1.2293,1891,0
rep3,1.2294,1892,0
rep3,1.2296,1893,0
rep3,1.2297,1894,0
rep3,1.2297,1895,0
rep3,1.2298,1896,0
rep3,1.2298,1897,0
rep3,1.2298,1898,0
rep3,1.2298,1899,0
rep3,1.2298,1900,0
rep3,1.2299,1901,0
rep3,1.23,1902,0
rep3,1.2301,1903,0
rep3,1.2301,1904,0
rep3,1.2305,1905,0
rep3,1.2305,1906,0
rep3,1.2308,1907,0
rep3,1.2308,1908,0
rep3,1.2308,1909,0
rep3,1.2309,1910,0
rep3,1.2309,1911,0
rep3,1.2309,1912,0
rep3,1.231,1913,0
rep3,1.2311,1914,0
rep3,1.2311,1915,0
rep3,1.2311,1916,0
rep3,1.2313,1917,0
rep3,1.2313,1918,0
rep3,1.2315,1919,0
rep3,1.2315,1920,0
rep3,1.2316,1921,0
rep3,1.2318,1922,0
rep3,1.232,1923,0
rep3,1.232,1924,0
rep3,1.2324,1925,0
rep3,1.2324,1926,0
rep3,1.2324,1927,0
rep3,1.2325,1928,0
rep3,1.2325,1929,0
rep3,1.2326,1930,0
rep3,1.2326,1931,0
rep3,1.2327,1932,0
rep3,1.2328,1933,0
rep3,1.2328,1934,0
rep3,1.2329,1935,0
rep3,1.233,1936,0
rep3,1.233,1937,0
rep3,1.2331,1938,0
rep3,1.2333,1939,0
rep3,1.2333,1940,0
rep3,1.2334,1941,0
rep3,1.2334,1942,0
rep3,1.2336,1943,0
rep3,1.2337,1944,0
rep3,1.2338,1945,0
rep3,1.2338,1946,0
rep3,1.2338,1947,0
rep3,1.2338,1948,0
rep3,1.2341,1949,0
rep3,1.2341,1950,0
rep3,1.2342,1951,0
rep3,1.2342,1952,0
rep3,1.2342,1953,0
rep3,1.2343,1954,0
rep3,1.2343,1955,0
rep3,1.2345,1956,0
rep3,1.2345,1957,0
rep3,1.2346,1958,0
rep3,1.2347,1959,0
rep3,1.2347,1960,0
rep3,1.2348,1961,0
rep3,1.2349,1962,0
rep3,1.2349,1963,0
rep3,1.235,1964,0
rep3,1.2351,1965,0
rep3,1.2352,1966,0
rep3,1.2352,1967,0
rep3,1.2354,1968,0
rep3,1.2354,1969,0
rep3,1.2355,1970,0
rep3,1.2356,1971,0
rep3,1.2356,1972,0
rep3,1.2356,1973,0
rep3,1.2359,1974,0
rep3,1.236,1975,0
rep3,1.2361,1976,0
rep3,1.2361,1977,0
rep3,1.2362,1978,0
rep3,1.2363,1979,0
rep3,1.2364,1980,0
rep3,1.2366,1981,0
rep3,1.2366,1982,0
rep3,1.2368,1983,0
rep3,1.2368,1984,0
rep3,1.2369,1985,0
rep3,1.2371,1986,0
rep3,1.2372,1987,0
rep3,1.2372,1988,0
rep3,1.2372,1989,0
rep3,1.2375,1990,0
rep3,1.2376,1991,0
rep3,1.2376,1992,0
rep3,1.2376,1993,0
rep3,1.2378,1994,0
rep3,1.2379,1995,0
rep3,1.2379,1996,0
rep3,1.238,1997,0
rep3,1.2381,1998,0
rep3,1.2381,1999,0
rep3,1.2381,2000,0
rep3,1.2382,2001,0
rep3,1.2383,2002,0
rep3,1.2384,2003,0
rep3,1.2384,2004,0
rep3,1.2384,2005,0
rep3,1.2385,2006,0
rep3,1.2386,2007,0
rep3,1.2386,2008,0
rep3,1.2386,2009,0
rep3,1.2387,2010,0
rep3,1.2388,2011,0
rep3,1.2389,2012,0
rep3,1.239,2013,0
rep3,1.2391,2014,0
rep3,1.2391,2015,0
rep3,1.2391,2016,0
rep3,1.2393,2017,0
rep3,1.2393,2018,0
rep3,1.2394,2019,0
rep3,1.2394,2020,0
rep3,1.2395,2021,0
rep3,1.2396,2022,0
rep3,1.2397,2023,0
rep3,1.2397,2024,0
rep3,1.2397,2025,0
rep3,1.2398,2026,0
rep3,1.2398,2027,0
rep3,1.2398,2028,0
rep3,1.24,2029,0
rep3,1.2401,2030,0
rep3,1.2402,2031,0
rep3,1.2404,2032,0
rep3,1.2407,2033,0
rep3,1.2407,2034,0
rep3,1.2409,2035,0
rep3,1.2411,2036,0
rep3,1.2412,2037,0
rep3,1.2412,2038,0
rep3,1.2413,2039,0
rep3,1.2413,2040,0
rep3,1.2413,2041,0
rep3,1.2414,2042,0
rep3,1.2415,2043,0
rep3,1.2416,2044,0
rep3,1.2416,2045,0
rep3,1.2417,2046,0
rep3,1.2419,2047,0
rep3,1.2422,2048,0
rep3,1.2422,2049,0
rep3,1.2423,2050,0
rep3,1.2423,2051,0
rep3,1.2424,2052,0
rep3,1.2424,2053,0
rep3,1.2425,2054,0
rep3,1.2425,2055,0
rep3,1.2426,2056,0
rep3,1.2426,2057,0
rep3,1.2427,2058,0
rep3,1.2428,2059,0
rep3,1.2431,2060,0
rep3,1.2432,2061,0
rep3,1.2433,2062,0
rep3,1.2434,2063,0
rep3,1.2434,2064,0
rep3,1.2435,2065,0
rep3,1.2435,2066,0
rep3,1.2435,2067,0
rep3,1.2435,2068,0
rep3,1.2435,2069,0
rep3,1.2436,2070,0
rep3,1.2436,2071,0
rep3,1.2438,2072,0
rep3,1.244,2073,0
rep3,1.244,2074,0
rep3,1.2442,2075,0
rep3,1.2445,2076,0
rep3,1.2447,2077,0
rep3,1.2449,2078,0
rep3,1.245,2079,0
rep3,1.2451,2080,0
rep3,1.2452,2081,0
rep3,1.2454,2082,0
rep3,1.2455,2083,0
rep3,1.2456,2084,0
rep3,1.2456,2085,0
rep3,1.2456,2086,0
rep3,1.2457,2087,0
rep3,1.2458,2088,0
rep3,1.2458,2089,0
rep3,1.2458,2090,0
rep3,1.2459,2091,0
rep3,1.246,2092,0
rep3,1.246,2093,0
rep3,1.2461,2094,0
rep3,1.2463,2095,0
rep3,1.2464,2096,0
rep3,1.2465,2097,0
rep3,1.2466,2098,0
rep3,1.2467,2099,0
rep3,1.2467,2100,0
rep3,1.2468,2101,0
rep3,1.2469,2102,0
rep3,1.247,2103,0
rep3,1.247,2104,0
rep3,1.2471,2105,0
rep3,1.2471,2106,0
rep3,1.2471,2107,0
rep3,1.2473,2108,0
rep3,1.2474,2109,0
rep3,1.2474,2110,0
rep3,1.2474,2111,0
rep3,1.2475,2112,0
rep3,1.2475,2113,0
rep3,1.2477,2114,0
rep3,1.2477,2115,0
rep3,1.2477,2116,0
rep3,1.2477,2117,0
rep3,1.2478,2118,0
rep3,1.2478,2119,0
rep3,1.2478,2120,0
rep3,1.2479,2121,0
rep3,1.248,2122,0
rep3,1.2481,2123,0
rep3,1.2481,2124,0
rep3,1.2483,2125,0
rep3,1.2483,2126,0
rep3,1.2484,2127,0
rep3,1.2485,2128,0
rep3,1.2485,2129,0
rep3,1.2487,2130,0
rep3,1.2488,2131,0
rep3,1.2488,2132,0
rep3,1.249,2133,0
rep3,1.249,2134,0
rep3,1.249,2135,0
rep3,1.2491,2136,0
rep3,1.2491,2137,0
rep3,1.2493,2138,0
rep3,1.2493,2139,0
rep3,1.2495,2140,0
rep3,1.2495,2141,0
rep3,1.2495,2142,0
rep3,1.2495,2143,0
rep3,1.2496,2144,0
rep3,1.2496,2145,0
rep3,1.2497,2146,0
rep3,1.2497,2147,0
rep3,1.2498,2148,0
rep3,1.2498,2149,0
rep3,1.25,2150,0
rep3,1.25,2151,0
rep3,1.25,2152,0
rep3,1.25,2153,0
rep3,1.25,2154,0
rep3,1.2501,2155,0
rep3,1.2502,2156,0
rep3,1.2502,2157,0
rep3,1.2503,2158,0
rep3,1.2503,2159,0
rep3,1.2504,2160,0
rep3,1.2504,2161,0
rep3,1.2504,2162,0
rep3,1.2504,2163,0
rep3,1.2506,2164,0
rep3,1.2507,2165,0
rep3,1.2508,2166,0
rep3,1.2508,2167,0
rep3,1.2509,2168,0
rep3,1.251,2169,0
rep3,1.2511,2170,0
rep3,1.2512,2171,0
rep3,1.2512,2172,0
rep3,1.2512,2173,0
rep3,1.2513,2174,0
rep3,1.2513,2175,0
rep3,1.2516,2176,0
rep3,1.2516,2177,0
rep3,1.2516,2178,0
rep3,1.2516,2179,0
rep3,1.2517,2180,0
rep3,1.2517,2181,0
rep3,1.2518,2182,0
rep3,1.2518,2183,0
rep3,1.2518,2184,0
rep3,1.2518,2185,0
rep3,1.252,2186,0
rep3,1.2522,2187,0
rep3,1.2522,2188,0
rep3,1.2523,2189,0
rep3,1.2524,2190,0
rep3,1.2524,2191,0
rep3,1.2524,2192,0
rep3,1.2524,2193,0
rep3,1.2526,2194,0
rep3,1.2527,2195,0
rep3,1.2529,2196,0
rep3,1.253,2197,0
rep3,1.253,2198,0
rep3,1.2532,2199,0
rep3,1.2533,2200,0
rep3,1.2534,2201,0
rep3,1.2535,2202,0
rep3,1.2536,2203,0
rep3,1.2536,2204,0
rep3,1.2538,2205,0
rep3,1.2538,2206,0
rep3,1.2538,2207,0
rep3,1.2539,2208,0
rep3,1.2539,2209,0
rep3,1.254,2210,0
rep3,1.2541,2211,0
rep3,1.2541,2212,0
rep3,1.2541,2213,0
rep3,1.2542,2214,0
rep3,1.2542,2215,0
rep3,1.2542,2216,0
rep3,1.2543,2217,0
rep3,1.2544,2218,0
rep3,1.2544,2219,0
rep3,1.2545,2220,0
rep3,1.2545,2221,0
rep3,1.2546,2222,0
rep3,1.2546,2223,0
rep3,1.2546,2224,0
rep3,1.2546,2225,0
rep3,1.2546,2226,0
rep3,1.2547,2227,0
rep3,1.2547,2228,0
rep3,1.2547,2229,0
rep3,1.2547,2230,0
rep3,1.2548,2231,0
rep3,1.2548,2232,0
rep3,1.2549,2233,0
rep3,1.255,2234,0
rep3,1.255,2235,0
rep3,1.2551,2236,0
rep3,1.2551,2237,0
rep3,1.2553,2238,0
rep3,1.2554,2239,0
rep3,1.2554,2240,0
rep3,1.2555,2241,0
rep3,1.2558,2242,0
rep3,1.2559,2243,0
rep3,1.2559,2244,0
rep3,1.256,2245,0
rep3,1.2561,2246,0
rep3,1.2563,2247,0
rep3,1.2563,2248,0
rep3,1.2563,2249,0
rep3,1.2564,2250,0
rep3,1.2566,2251,0
rep3,1.2566,2252,0
rep3,1.2566,2253,0
rep3,1.2566,2254,0
rep3,1.2567,2255,0
rep3,1.2567,2256,0
rep3,1.257,2257,0
rep3,1.2571,2258,0
rep3,1.2571,2259,0
rep3,1.2572,2260,0
rep3,1.2575,2261,0
rep3,1.2575,2262,0
rep3,1.2576,2263,0
rep3,1.2577,2264,0
rep3,1.2577,2265,0
rep3,1.2577,2266,0
rep3,1.2577,2267,0
rep3,1.2578,2268,0
rep3,1.2579,2269,0
rep3,1.2581,2270,0
rep3,1.2581,2271,0
rep3,1.2581,2272,0
rep3,1.2582,2273,0
rep3,1.2582,2274,0
rep3,1.2583,2275,0
rep3,1.2583,2276,0
rep3,1.2584,2277,0
rep3,1.2584,2278,0
rep3,1.2585,2279,0
rep3,1.2585,2280,0
rep3,1.2586,2281,0
rep3,1.2586,2282,0
rep3,1.2587,2283,0
rep3,1.2588,2284,0
rep3,1.2588,2285,0
rep3,1.2589,2286,0
rep3,1.2589,2287,0
rep3,1.2589,2288,0
rep3,1.2589,2289,0
rep3,1.2589,2290,0
rep3,1.259,2291,0
rep3,1.259,2292,0
rep3,1.2592,2293,0
rep3,1.2592,2294,0
rep3,1.2593,2295,0
rep3,1.2593,2296,0
rep3,1.2595,2297,0
rep3,1.2596,2298,0
rep3,1.2596,2299,0
rep3,1.2596,2300,0
rep3,1.2597,2301,0
rep3,1.2597,2302,0
rep3,1.2598,2303,0
rep3,1.26,2304,0
rep3,1.26,2305,0
rep3,1.2601,2306,0
rep3,1.2601,2307,0
rep3,1.2602,2308,0
rep3,1.2602,2309,0
rep3,1.2603,2310,0
rep3,1.2603,2311,0
rep3,1.2603,2312,0
rep3,1.2604,2313,0
rep3,1.2604,2314,0
rep3,1.2604,2315,0
rep3,1.2607,2316,0
rep3,1.2608,2317,0
rep3,1.2608,2318,0
rep3,1.2609,2319,0
rep3,1.2609,2320,0
rep3,1.2609,2321,0
rep3,1.261,2322,0
rep3,1.261,2323,0
rep3,1.2611,2324,0
rep3,1.2612,2325,0
rep3,1.2612,2326,0
rep3,1.2612,2327,0
rep3,1.2613,2328,0
rep3,1.2614,2329,0
rep3,1.2614,2330,0
rep3,1.2615,2331,0
rep3,1.2615,2332,0
rep3,1.2616,2333,0
rep3,1.2617,2334,0
rep3,1.2617,2335,0
rep3,1.2617,2336,0
rep3,1.2618,2337,0
rep3,1.2618,2338,0
rep3,1.2618,2339,0
rep3,1.2619,2340,0
rep3,1.262,2341,0
rep3,1.2621,2342,0
rep3,1.2623,2343,0
rep3,1.2623,2344,0
rep3,1.2624,2345,0
rep3,1.2624,2346,0
rep3,1.2625,2347,0
rep3,1.2625,2348,0
rep3,1.2626,2349,0
rep3,1.2626,2350,0
rep3,1.2627,2351,0
rep3,1.2628,2352,0
rep3,1.2628,2353,0
rep3,1.2629,2354,0
rep3,1.2629,2355,0
rep3,1.2629,2356,0
rep3,1.2631,2357,0
rep3,1.2632,2358,0
rep3,1.2632,2359,0
rep3,1.2633,2360,0
rep3,1.2634,2361,0
rep3,1.2636,2362,0
rep3,1.2636,2363,0
rep3,1.2637,2364,0
rep3,1.2638,2365,0
rep3,1.2638,2366,0
rep3,1.264,2367,0
rep3,1.2641,2368,0
rep3,1.2642,2369,0
rep3,1.2643,2370,0
rep3,1.2643,2371,0
rep3,1.2643,2372,0
rep3,1.2644,2373,0
rep3,1.2644,2374,0
rep3,1.2644,2375,0
rep3,1.2644,2376,0
rep3,1.2645,2377,0
rep3,1.2645,2378,0
rep3,1.2645,2379,0
rep3,1.2647,2380,0
rep3,1.2648,2381,0
rep3,1.2648,2382,0
rep3,1.2649,2383,0
rep3,1.2651,2384,0
rep3,1.2652,2385,0
rep3,1.2652,2386,0
rep3,1.2654,2387,0
rep3,1.2655,2388,0
rep3,1.2655,2389,0
rep3,1.2656,2390,0
rep3,1.2656,2391,0
rep3,1.2658,2392,0
rep3,1.2658,2393,0
rep3,1.2659,2394,0
rep3,1.2659,2395,0
rep3,1.2659,2396,0
rep3,1.2659,2397,0
rep3,1.266,2398,0
rep3,1.2661,2399,0
rep3,1.2661,2400,0
rep3,1.2662,2401,0
rep3,1.2663,2402,0
rep3,1.2663,2403,0
rep3,1.2665,2404,0
rep3,1.2665,2405,0
rep3,1.2666,2406,0
rep3,1.2666,2407,0
rep3,1.2668,2408,0
rep3,1.267,2409,0
rep3,1.267,2410,0
rep3,1.2672,2411,0
rep3,1.2672,2412,0
rep3,1.2673,2413,0
rep3,1.2673,2414,0
rep3,1.2674,2415,0
rep3,1.2674,2416,0
rep3,1.2674,2417,0
rep3,1.2675,2418,0
rep3,1.2676,2419,0
rep3,1.2676,2420,0
rep3,1.2677,2421,0
rep3,1.2677,2422,0
rep3,1.2678,2423,0
rep3,1.2678,2424,0
rep3,1.2678,2425,0
rep3,1.2678,2426,0
rep3,1.2679,2427,0
rep3,1.268,2428,0
rep3,1.268,2429,0
rep3,1.268,2430,0
rep3,1.2684,2431,0
rep3,1.2685,2432,0
rep3,1.2685,2433,0
rep3,1.2687,2434,0
rep3,1.2688,2435,0
rep3,1.2688,2436,0
rep3,1.269,2437,0
rep3,1.269,2438,0
rep3,1.2691,2439,0
rep3,1.2692,2440,0
rep3,1.2692,2441,0
rep3,1.2693,2442,0
rep3,1.2693,2443,0
rep3,1.2694,2444,0
rep3,1.2695,2445,0
rep3,1.2695,2446,0
rep3,1.2696,2447,0
rep3,1.2697,2448,0
rep3,1.2697,2449,0
rep3,1.2697,2450,0
rep3,1.2697,2451,0
rep3,1.2698,2452,0
rep3,1.2698,2453,0
rep3,1.2699,2454,0
rep3,1.27,2455,0
rep3,1.27,2456,0
rep3,1.2701,2457,0
rep3,1.2703,2458,0
rep3,1.2703,2459,0
rep3,1.2704,2460,0
rep3,1.2704,2461,0
rep3,1.2705,2462,0
rep3,1.2705,2463,0
rep3,1.2706,2464,0
rep3,1.2707,2465,0
rep3,1.2708,2466,0
rep3,1.2708,2467,0
rep3,1.2709,2468,0
rep3,1.271,2469,0
rep3,1.271,2470,0
rep3,1.2712,2471,0
rep3,1.2712,2472,0
rep3,1.2712,2473,0
rep3,1.2712,2474,0
rep3,1.2713,2475,0
rep3,1.2714,2476,0
rep3,1.2715,2477,0
rep3,1.2715,2478,0
rep3,1.2716,2479,0
rep3,1.2717,2480,0
rep3,1.2718,2481,0
rep3,1.2719,2482,0
rep3,1.272,2483,0
rep3,1.272,2484,0
rep3,1.2722,2485,0
rep3,1.2722,2486,0
rep3,1.2722,2487,0
rep3,1.2722,2488,0
rep3,1.2723,2489,0
rep3,1.2723,2490,0
rep3,1.2724,2491,0
rep3,1.2724,2492,0
rep3,1.2725,2493,0
rep3,1.2726,2494,0
rep3,1.2726,2495,0
rep3,1.2726,2496,0
rep3,1.2727,2497,0
rep3,1.2729,2498,0
rep3,1.2729,2499,0
rep3,1.273,2500,0
rep3,1.273,2501,0
rep3,1.273,2502,0
rep3,1.2731,2503,0
rep3,1.2732,2504,0
rep3,1.2732,2505,0
rep3,1.2732,2506,0
rep3,1.2733,2507,0
rep3,1.2733,2508,0
rep3,1.2734,2509,0
rep3,1.2734,2510,0
rep3,1.2735,2511,0
rep3,1.2738,2512,0
rep3,1.274,2513,0
rep3,1.274,2514,0
rep3,1.274,2515,0
rep3,1.2741,2516,0
rep3,1.2741,2517,0
rep3,1.2742,2518,0
rep3,1.2742,2519,0
rep3,1.2742,2520,0
rep3,1.2743,2521,0
rep3,1.2744,2522,0
rep3,1.2746,2523,0
rep3,1.2746,2524,0
rep3,1.2746,2525,0
rep3,1.2747,2526,0
rep3,1.2747,2527,0
rep3,1.2747,2528,0
rep3,1.2748,2529,0
rep3,1.2748,2530,0
rep3,1.2749,2531,0
rep3,1.2751,2532,0
rep3,1.2752,2533,0
rep3,1.2752,2534,0
rep3,1.2753,2535,0
rep3,1.2753,2536,0
rep3,1.2754,2537,0
rep3,1.2754,2538,0
rep3,1.2755,2539,0
rep3,1.2755,2540,0
rep3,1.2757,2541,0
rep3,1.2758,2542,0
rep3,1.276,2543,0
rep3,1.2761,2544,0
rep3,1.2761,2545,0
rep3,1.2761,2546,0
rep3,1.2762,2547,0
rep3,1.2762,2548,0
rep3,1.2764,2549,0
rep3,1.2766,2550,0
rep3,1.2766,2551,0
rep3,1.2766,2552,0
rep3,1.2767,2553,0
rep3,1.2767,2554,0
rep3,1.2768,2555,0
rep3,1.2768,2556,0
rep3,1.2769,2557,0
rep3,1.2769,2558,0
rep3,1.2769,2559,0
rep3,1.277,2560,0
rep3,1.2773,2561,0
rep3,1.2775,2562,0
rep3,1.2777,2563,0
rep3,1.2778,2564,0
rep3,1.2778,2565,0
rep3,1.2779,2566,0
rep3,1.278,2567,0
rep3,1.278,2568,0
rep3,1.2781,2569,0
rep3,1.2781,2570,0
rep3,1.2782,2571,0
rep3,1.2782,2572,0
rep3,1.2783,2573,0
rep3,1.2783,2574,0
rep3,1.2784,2575,0
rep3,1.2786,2576,0
rep3,1.2788,2577,0
rep3,1.2788,2578,0
rep3,1.2789,2579,0
rep3,1.2789,2580,0
rep3,1.279,2581,0
rep3,1.279,2582,0
rep3,1.279,2583,0
rep3,1.279,2584,0
rep3,1.2791,2585,0
rep3,1.2792,2586,0
rep3,1.2793,2587,0
rep3,1.2793,2588,0
rep3,1.2794,2589,0
rep3,1.2794,2590,0
rep3,1.2795,2591,0
rep3,1.2795,2592,0
rep3,1.2795,2593,0
rep3,1.2795,2594,0
rep3,1.2796,2595,0
rep3,1.2796,2596,0
rep3,1.2798,2597,0
rep3,1.2798,2598,0
rep3,1.2799,2599,0
rep3,1.2802,2600,0
rep3,1.2807,2601,0
rep3,1.2807,2602,0
rep3,1.2808,2603,0
rep3,1.2808,2604,0
rep3,1.2809,2605,0
rep3,1.2809,2606,0
rep3,1.2809,2607,0
rep3,1.281,2608,0
rep3,1.2811,2609,0
rep3,1.2811,2610,0
rep3,1.2812,2611,0
rep3,1.2812,2612,0
rep3,1.2813,2613,0
rep3,1.2813,2614,0
rep3,1.2814,2615,0
rep3,1.2814,2616,0
rep3,1.2814,2617,0
rep3,1.2815,2618,0
rep3,1.2815,2619,0
rep3,1.2815,2620,0
rep3,1.2815,2621,0
rep3,1.2816,2622,0
rep3,1.2816,2623,0
rep3,1.2818,2624,0
rep3,1.2818,2625,0
rep3,1.2818,2626,0
rep3,1.282,2627,0
rep3,1.2821,2628,0
rep3,1.2822,2629,0
rep3,1.2823,2630,0
rep3,1.2823,2631,0
rep3,1.2825,2632,0
rep3,1.2826,2633,0
rep3,1.2827,2634,0
rep3,1.2827,2635,0
rep3,1.2828,2636,0
rep3,1.2829,2637,0
rep3,1.2829,2638,0
rep3,1.2829,2639,0
rep3,1.283,2640,0
rep3,1.283,2641,0
rep3,1.283,2642,0
rep3,1.2831,2643,0
rep3,1.2831,2644,0
rep3,1.2831,2645,0
rep3,1.2832,2646,0
rep3,1.2833,2647,0
rep3,1.2833,2648,0
rep3,1.2835,2649,0
rep3,1.2836,2650,0
rep3,1.2836,2651,0
rep3,1.2836,2652,0
rep3,1.2838,2653,0
rep3,1.2838,2654,0
rep3,1.2838,2655,0
rep3,1.2839,2656,0
rep3,1.2841,2657,0
rep3,1.2842,2658,0
rep3,1.2843,2659,0
rep3,1.2844,2660,0
rep3,1.2845,2661,0
rep3,1.2846,2662,0
rep3,1.2846,2663,0
rep3,1.2847,2664,0
rep3,1.2848,2665,0
rep3,1.2848,2666,0
rep3,1.2849,2667,0
rep3,1.2849,2668,0
rep3,1.2851,2669,0
rep3,1.2852,2670,0
rep3,1.2852,2671,0
rep3,1.2852,2672,0
rep3,1.2852,2673,0
rep3,1.2853,2674,0
rep3,1.2853,2675,0
rep3,1.2854,2676,0
rep3,1.2854,2677,0
rep3,1.2854,2678,0
rep3,1.2855,2679,0
rep3,1.2855,2680,0
rep3,1.2856,2681,0
rep3,1.2856,2682,0
rep3,1.2856,2683,0
rep3,1.2856,2684,0
rep3,1.2858,2685,0
rep3,1.2858,2686,0
rep3,1.2858,2687,0
rep3,1.2859,2688,0
rep3,1.286,2689,0
rep3,1.2861,2690,0
rep3,1.2861,2691,0
rep3,1.2861,2692,0
rep3,1.2862,2693,0
rep3,1.2864,2694,0
rep3,1.2865,2695,0
rep3,1.2865,2696,0
rep3,1.2867,2697,0
rep3,1.2867,2698,0
rep3,1.2867,2699,0
rep3,1.2867,2700,0
rep3,1.2867,2701,0
rep3,1.2868,2702,0
rep3,1.2868,2703,0
rep3,1.2868,2704,0
rep3,1.2868,2705,0
rep3,1.2869,2706,0
rep3,1.2869,2707,0
rep3,1.287,2708,0
rep3,1.287,2709,0
rep3,1.2871,2710,0
rep3,1.2872,2711,0
rep3,1.2873,2712,0
rep3,1.2874,2713,0
rep3,1.2875,2714,0
rep3,1.2875,2715,0
rep3,1.2876,2716,0
rep3,1.2878,2717,0
rep3,1.2878,2718,0
rep3,1.2878,2719,0
rep3,1.2879,2720,0
rep3,1.2879,2721,0
rep3,1.2881,2722,0
rep3,1.2881,2723,0
rep3,1.2882,2724,0
rep3,1.2883,2725,0
rep3,1.2884,2726,0
rep3,1.2884,2727,0
rep3,1.2885,2728,0
rep3,1.2885,2729,0
rep3,1.2885,2730,0
rep3,1.2885,2731,0
rep3,1.2886,2732,0
rep3,1.2886,2733,0
rep3,1.2887,2734,0
rep3,1.2888,2735,0
rep3,1.2888,2736,0
rep3,1.2888,2737,0
rep3,1.2889,2738,0
rep3,1.2889,2739,0
rep3,1.2889,2740,0
rep3,1.289,2741,0
rep3,1.289,2742,0
rep3,1.2891,2743,0
rep3,1.2893,2744,0
rep3,1.2893,2745,0
rep3,1.2893,2746,0
rep3,1.2893,2747,0
rep3,1.2894,2748,0
rep3,1.2894,2749,0
rep3,1.2896,2750,0
rep3,1.2897,2751,0
rep3,1.2898,2752,0
rep3,1.2899,2753,0
rep3,1.2899,2754,0
rep3,1.29,2755,0
rep3,1.2902,2756,0
rep3,1.2903,2757,0
rep3,1.2903,2758,0
rep3,1.2904,2759,0
rep3,1.2904,2760,0
rep3,1.2907,2761,0
rep3,1.2908,2762,0
rep3,1.2909,2763,0
rep3,1.291,2764,0
rep3,1.2911,2765,0
rep3,1.2912,2766,0
rep3,1.2912,2767,0
rep3,1.2913,2768,0
rep3,1.2913,2769,0
rep3,1.2914,2770,0
rep3,1.2916,2771,0
rep3,1.2917,2772,0
rep3,1.2918,2773,0
rep3,1.2918,2774,0
rep3,1.2919,2775,0
rep3,1.292,2776,0
rep3,1.2922,2777,0
rep3,1.2922,2778,0
rep3,1.2924,2779,0
rep3,1.2925,2780,0
rep3,1.2925,2781,0
rep3,1.2926,2782,0
rep3,1.2926,2783,0
rep3,1.2927,2784,0
rep3,1.2927,2785,0
rep3,1.2928,2786,0
rep3,1.2929,2787,0
rep3,1.293,2788,0
rep3,1.293,2789,0
rep3,1.2931,2790,0
rep3,1.2931,2791,0
rep3,1.2931,2792,0
rep3,1.2933,2793,0
rep3,1.2933,2794,0
rep3,1.2934,2795,0
rep3,1.2935,2796,0
rep3,1.2935,2797,0
rep3,1.2937,2798,0
rep3,1.2938,2799,0
rep3,1.2938,2800,0
rep3,1.294,2801,0
rep3,1.294,2802,0
rep3,1.294,2803,0
rep3,1.2941,2804,0
rep3,1.2941,2805,0
rep3,1.2941,2806,0
rep3,1.2942,2807,0
rep3,1.2942,2808,0
rep3,1.2943,2809,0
rep3,1.2943,2810,0
rep3,1.2943,2811,0
rep3,1.2944,2812,0
rep3,1.2944,2813,0
rep3,1.2945,2814,0
rep3,1.2945,2815,0
rep3,1.2947,2816,0
rep3,1.2947,2817,0
rep3,1.2947,2818,0
rep3,1.2948,2819,0
rep3,1.2948,2820,0
rep3,1.295,2821,0
rep3,1.2952,2822,0
rep3,1.2954,2823,0
rep3,1.2955,2824,0
rep3,1.2956,2825,0
rep3,1.2956,2826,0
rep3,1.2956,2827,0
rep3,1.2957,2828,0
rep3,1.2959,2829,0
rep3,1.2959,2830,0
rep3,1.2959,2831,0
rep3,1.296,2832,0
rep3,1.2961,2833,0
rep3,1.2963,2834,0
rep3,1.2965,2835,0
rep3,1.2966,2836,0
rep3,1.2966,2837,0
rep3,1.2966,2838,0
rep3,1.2967,2839,0
rep3,1.2968,2840,0
rep3,1.2968,2841,0
rep3,1.2968,2842,0
rep3,1.2969,2843,0
rep3,1.2969,2844,0
rep3,1.297,2845,0
rep3,1.297,2846,0
rep3,1.2971,2847,0
rep3,1.2972,2848,0
rep3,1.2973,2849,0
rep3,1.2974,2850,0
rep3,1.2975,2851,0
rep3,1.2975,2852,0
rep3,1.2976,2853,0
rep3,1.2976,2854,0
rep3,1.2977,2855,0
rep3,1.2978,2856,0
rep3,1.298,2857,0
rep3,1.298,2858,0
rep3,1.2982,2859,0
rep3,1.2982,2860,0
rep3,1.2983,2861,0
rep3,1.2983,2862,0
rep3,1.2983,2863,0
rep3,1.2984,2864,0
rep3,1.2984,2865,0
rep3,1.2986,2866,0
rep3,1.2986,2867,0
rep3,1.2989,2868,0
rep3,1.299,2869,0
rep3,1.299,2870,0
rep3,1.299,2871,0
rep3,1.2991,2872,0
rep3,1.2991,2873,0
rep3,1.2991,2874,0
rep3,1.2991,2875,0
rep3,1.2992,2876,0
rep3,1.2992,2877,0
rep3,1.2993,2878,0
rep3,1.2996,2879,0
rep3,1.2997,2880,0
rep3,1.2998,2881,0
rep3,1.2999,2882,0
rep3,1.2999,2883,0
rep3,1.2999,2884,0
rep3,1.2999,2885,0
rep3,1.3001,2886,0
rep3,1.3001,2887,0
rep3,1.3002,2888,0
rep3,1.3002,2889,0
rep3,1.3002,2890,0
rep3,1.3003,2891,0
rep3,1.3005,2892,0
rep3,1.3005,2893,0
rep3,1.3006,2894,0
rep3,1.3007,2895,0
rep3,1.3007,2896,0
rep3,1.3008,2897,0
rep3,1.3008,2898,0
rep3,1.3009,2899,0
rep3,1.3009,2900,0
rep3,1.301,2901,0
rep3,1.3012,2902,0
rep3,1.3014,2903,0
rep3,1.3015,2904,0
rep3,1.3015,2905,0
rep3,1.3015,2906,0
rep3,1.3016,2907,0
rep3,1.3016,2908,0
rep3,1.3016,2909,0
rep3,1.3018,2910,0
rep3,1.3019,2911,0
rep3,1.302,2912,0
rep3,1.302,2913,0
rep3,1.3022,2914,0
rep3,1.3022,2915,0
rep3,1.3022,2916,0
rep3,1.3022,2917,0
rep3,1.3023,2918,0
rep3,1.3024,2919,0
rep3,1.3026,2920,0
rep3,1.3026,2921,0
rep3,1.3027,2922,0
rep3,1.3031,2923,0
rep3,1.3031,2924,0
rep3,1.3032,2925,0
rep3,1.3032,2926,0
rep3,1.3033,2927,0
rep3,1.3033,2928,0
rep3,1.3035,2929,0
rep3,1.3038,2930,0
rep3,1.3041,2931,0
rep3,1.3041,2932,0
rep3,1.3041,2933,0
rep3,1.3041,2934,0
rep3,1.3043,2935,0
rep3,1.3045,2936,0
rep3,1.3045,2937,0
rep3,1.3045,2938,0
rep3,1.3046,2939,0
rep3,1.3046,2940,0
rep3,1.3047,2941,0
rep3,1.3048,2942,0
rep3,1.3048,2943,0
rep3,1.3048,2944,0
rep3,1.3049,2945,0
rep3,1.305,2946,0
rep3,1.305,2947,0
rep3,1.3051,2948,0
rep3,1.3051,2949,0
rep3,1.3053,2950,0
rep3,1.3053,2951,0
rep3,1.3053,2952,0
rep3,1.3054,2953,0
rep3,1.3055,2954,0
rep3,1.3056,2955,0
rep3,1.3056,2956,0
rep3,1.3056,2957,0
rep3,1.3057,2958,0
rep3,1.3059,2959,0
rep3,1.3059,2960,0
rep3,1.306,2961,0
rep3,1.306,2962,0
rep3,1.3061,2963,0
rep3,1.3061,2964,0
rep3,1.3061,2965,0
rep3,1.3062,2966,0
rep3,1.3063,2967,0
rep3,1.3065,2968,0
rep3,1.3065,2969,0
rep3,1.3066,2970,0
rep3,1.3066,2971,0
rep3,1.3066,2972,0
rep3,1.3067,2973,0
rep3,1.3067,2974,0
rep3,1.307,2975,0
rep3,1.307,2976,0
rep3,1.3071,2977,0
rep3,1.3072,2978,0
rep3,1.3072,2979,0
rep3,1.3072,2980,0
rep3,1.3074,2981,0
rep3,1.3074,2982,0
rep3,1.3074,2983,0
rep3,1.3074,2984,0
rep3,1.3076,2985,0
rep3,1.3077,2986,0
rep3,1.3078,2987,0
rep3,1.3078,2988,0
rep3,1.3079,2989,0
rep3,1.3081,2990,0
rep3,1.3081,2991,0
rep3,1.3081,2992,0
rep3,1.3082,2993,0
rep3,1.3082,2994,0
rep3,1.3083,2995,0
rep3,1.3084,2996,0
rep3,1.3085,2997,0
rep3,1.3085,2998,0
rep3,1.3085,2999,0
rep3,1.3086,3000,0
rep3,1.3086,3001,0
rep3,1.3087,3002,0
rep3,1.3088,3003,0
rep3,1.3091,3004,0
rep3,1.3091,3005,0
rep3,1.3092,3006,0
rep3,1.3093,3007,0
rep3,1.3093,3008,0
rep3,1.3094,3009,0
rep3,1.3095,3010,0
rep3,1.3095,3011,0
rep3,1.3095,3012,0
rep3,1.3097,3013,0
rep3,1.3098,3014,0
rep3,1.3098,3015,0
rep3,1.3099,3016,0
rep3,1.31,3017,0
rep3,1.3101,3018,0
rep3,1.3102,3019,0
rep3,1.3103,3020,0
rep3,1.3103,3021,0
rep3,1.3105,3022,0
rep3,1.3106,3023,0
rep3,1.3107,3024,0
rep3,1.3108,3025,0
rep3,1.3109,3026,0
rep3,1.311,3027,0
rep3,1.311,3028,0
rep3,1.311,3029,0
rep3,1.3111,3030,0
rep3,1.3112,3031,0
rep3,1.3113,3032,0
rep3,1.3114,3033,0
rep3,1.3116,3034,0
rep3,1.3116,3035,0
rep3,1.3117,3036,0
rep3,1.3118,3037,0
rep3,1.312,3038,0
rep3,1.3121,3039,0
rep3,1.3121,3040,0
rep3,1.3122,3041,0
rep3,1.3123,3042,0
rep3,1.3123,3043,0
rep3,1.3125,3044,0
rep3,1.3125,3045,0
rep3,1.3125,3046,0
rep3,1.3126,3047,0
rep3,1.3126,3048,0
rep3,1.3127,3049,0
rep3,1.3128,3050,0
rep3,1.313,3051,0
rep3,1.3132,3052,0
rep3,1.3132,3053,0
rep3,1.3132,3054,0
rep3,1.3133,3055,0
rep3,1.3134,3056,0
rep3,1.3135,3057,0
rep3,1.3135,3058,0
rep3,1.3136,3059,0
rep3,1.3136,3060,0
rep3,1.3138,3061,0
rep3,1.3138,3062,0
rep3,1.3139,3063,0
rep3,1.3139,3064,0
rep3,1.3139,3065,0
rep3,1.314,3066,0
rep3,1.3141,3067,0
rep3,1.3141,3068,0
rep3,1.3142,3069,0
rep3,1.3142,3070,0
rep3,1.3142,3071,0
rep3,1.3145,3072,0
rep3,1.3145,3073,0
rep3,1.3147,3074,0
rep3,1.3148,3075,0
rep3,1.3148,3076,0
rep3,1.3149,3077,0
rep3,1.3149,3078,0
rep3,1.3149,3079,0
rep3,1.3152,3080,0
rep3,1.3152,3081,0
rep3,1.3152,3082,0
rep3,1.3152,3083,0
rep3,1.3153,3084,0
rep3,1.3153,3085,0
rep3,1.3154,3086,0
rep3,1.3154,3087,0
rep3,1.3154,3088,0
rep3,1.3154,3089,0
rep3,1.3154,3090,0
rep3,1.3156,3091,0
rep3,1.3156,3092,0
rep3,1.3156,3093,0
rep3,1.3156,3094,0
rep3,1.3157,3095,0
rep3,1.3157,3096,0
rep3,1.3158,3097,0
rep3,1.3158,3098,0
rep3,1.3158,3099,0
rep3,1.3159,3100,0
rep3,1.316,3101,0
rep3,1.316,3102,0
rep3,1.3164,3103,0
rep3,1.3164,3104,0
rep3,1.3165,3105,0
rep3,1.3165,3106,0
rep3,1.3165,3107,0
rep3,1.3165,3108,0
rep3,1.3167,3109,0
rep3,1.3167,3110,0
rep3,1.3168,3111,0
rep3,1.3169,3112,0
rep3,1.3169,3113,0
rep3,1.3169,3114,0
rep3,1.3169,3115,0
rep3,1.3173,3116,0
rep3,1.3174,3117,0
rep3,1.3174,3118,0
rep3,1.3174,3119,0
rep3,1.3175,3120,0
rep3,1.3177,3121,0
rep3,1.3178,3122,0
rep3,1.318,3123,0
rep3,1.3181,3124,0
rep3,1.3181,3125,0
rep3,1.3182,3126,0
rep3,1.3182,3127,0
rep3,1.3183,3128,0
rep3,1.3184,3129,0
rep3,1.3185,3130,0
rep3,1.3187,3131,0
rep3,1.3187,3132,0
rep3,1.3188,3133,0
rep3,1.3189,3134,0
rep3,1.319,3135,0
rep3,1.319,3136,0
rep3,1.3193,3137,0
rep3,1.3196,3138,0
rep3,1.3196,3139,0
rep3,1.3197,3140,0
rep3,1.3197,3141,0
rep3,1.3197,3142,0
rep3,1.3198,3143,0
rep3,1.3198,3144,0
rep3,1.3199,3145,0
rep3,1.32,3146,0
rep3,1.3201,3147,0
rep3,1.3203,3148,0
rep3,1.3206,3149,0
rep3,1.3206,3150,0
rep3,1.3207,3151,0
rep3,1.3207,3152,0
rep3,1.3208,3153,0
rep3,1.3208,3154,0
rep3,1.3209,3155,0
rep3,1.321,3156,0
rep3,1.321,3157,0
rep3,1.3211,3158,0
rep3,1.3211,3159,0
rep3,1.3212,3160,0
rep3,1.3213,3161,0
rep3,1.3215,3162,0
rep3,1.3215,3163,0
rep3,1.3216,3164,0
rep3,1.3217,3165,0
rep3,1.3217,3166,0
rep3,1.3218,3167,0
rep3,1.3218,3168,0
rep3,1.322,3169,0
rep3,1.3221,3170,0
rep3,1.3222,3171,0
rep3,1.3223,3172,0
rep3,1.3224,3173,0
rep3,1.3225,3174,0
rep3,1.3226,3175,0
rep3,1.3227,3176,0
rep3,1.3227,3177,0
rep3,1.3228,3178,0
rep3,1.3229,3179,0
rep3,1.323,3180,0
rep3,1.323,3181,0
rep3,1.3231,3182,0
rep3,1.3232,3183,0
rep3,1.3233,3184,0
rep3,1.3233,3185,0
rep3,1.3234,3186,0
rep3,1.3234,3187,0
rep3,1.3234,3188,0
rep3,1.3234,3189,0
rep3,1.3235,3190,0
rep3,1.3236,3191,0
rep3,1.3237,3192,0
rep3,1.3239,3193,0
rep3,1.324,3194,0
rep3,1.324,3195,0
rep3,1.3243,3196,0
rep3,1.3244,3197,0
rep3,1.3245,3198,0
rep3,1.3245,3199,0
rep3,1.3245,3200,0
rep3,1.3246,3201,0
rep3,1.3247,3202,0
rep3,1.3248,3203,0
rep3,1.3249,3204,0
rep3,1.3249,3205,0
rep3,1.3249,3206,0
rep3,1.3251,3207,0
rep3,1.3252,3208,0
rep3,1.3252,3209,0
rep3,1.3252,3210,0
rep3,1.3253,3211,0
rep3,1.3254,3212,0
rep3,1.3254,3213,0
rep3,1.3255,3214,0
rep3,1.3256,3215,0
rep3,1.3257,3216,0
rep3,1.3258,3217,0
rep3,1.3259,3218,0
rep3,1.3259,3219,0
rep3,1.326,3220,0
rep3,1.326,3221,0
rep3,1.3261,3222,0
rep3,1.3263,3223,0
rep3,1.3263,3224,0
rep3,1.3265,3225,0
rep3,1.3265,3226,0
rep3,1.3266,3227,0
rep3,1.3267,3228,0
rep3,1.3268,3229,0
rep3,1.3269,3230,0
rep3,1.3269,3231,0
rep3,1.327,3232,0
rep3,1.327,3233,0
rep3,1.327,3234,0
rep3,1.3271,3235,0
rep3,1.3271,3236,0
rep3,1.3272,3237,0
rep3,1.3273,3238,0
rep3,1.3274,3239,0
rep3,1.3274,3240,0
rep3,1.3275,3241,0
rep3,1.3276,3242,0
rep3,1.3276,3243,0
rep3,1.3276,3244,0
rep3,1.3277,3245,0
rep3,1.3279,3246,0
rep3,1.3279,3247,0
rep3,1.3281,3248,0
rep3,1.3283,3249,0
rep3,1.3284,3250,0
rep3,1.3286,3251,0
rep3,1.3286,3252,0
rep3,1.3287,3253,0
rep3,1.3287,3254,0
rep3,1.3289,3255,0
rep3,1.3289,3256,0
rep3,1.3289,3257,0
rep3,1.3289,3258,0
rep3,1.329,3259,0
rep3,1.3291,3260,0
rep3,1.3291,3261,0
rep3,1.3292,3262,0
rep3,1.3293,3263,0
rep3,1.3293,3264,0
rep3,1.3294,3265,0
rep3,1.3295,3266,0
rep3,1.3295,3267,0
rep3,1.3296,3268,0
rep3,1.3296,3269,0
rep3,1.3296,3270,0
rep3,1.3298,3271,0
rep3,1.3299,3272,0
rep3,1.3299,3273,0
rep3,1.3299,3274,0
rep3,1.3299,3275,0
rep3,1.33,3276,0
rep3,1.3301,3277,0
rep3,1.3301,3278,0
rep3,1.3302,3279,0
rep3,1.3302,3280,0
rep3,1.3302,3281,0
rep3,1.3303,3282,0
rep3,1.3304,3283,0
rep3,1.3305,3284,0
rep3,1.3306,3285,0
rep3,1.3306,3286,0
rep3,1.3307,3287,0
rep3,1.3307,3288,0
rep3,1.3308,3289,0
rep3,1.3308,3290,0
rep3,1.3308,3291,0
rep3,1.3308,3292,0
rep3,1.3309,3293,0
rep3,1.3313,3294,0
rep3,1.3313,3295,0
rep3,1.3314,3296,0
rep3,1.3314,3297,0
rep3,1.3315,3298,0
rep3,1.3315,3299,0
rep3,1.3316,3300,0
rep3,1.3318,3301,0
rep3,1.3318,3302,0
rep3,1.3319,3303,0
rep3,1.3319,3304,0
rep3,1.3321,3305,0
rep3,1.3322,3306,0
rep3,1.3322,3307,0
rep3,1.3323,3308,0
rep3,1.3323,3309,0
rep3,1.3324,3310,0
rep3,1.3325,3311,0
rep3,1.3327,3312,0
rep3,1.3327,3313,0
rep3,1.3328,3314,0
rep3,1.3329,3315,0
rep3,1.3329,3316,0
rep3,1.3329,3317,0
rep3,1.333,3318,0
rep3,1.3331,3319,0
rep3,1.3331,3320,0
rep3,1.3332,3321,0
rep3,1.3332,3322,0
rep3,1.3332,3323,0
rep3,1.3332,3324,0
rep3,1.3333,3325,0
rep3,1.3333,3326,0
rep3,1.3334,3327,0
rep3,1.3334,3328,0
rep3,1.3334,3329,0
rep3,1.3335,3330,0
rep3,1.3336,3331,0
rep3,1.3337,3332,0
rep3,1.3337,3333,0
rep3,1.3339,3334,0
rep3,1.3339,3335,0
rep3,1.3339,3336,0
rep3,1.3339,3337,0
rep3,1.334,3338,0
rep3,1.334,3339,0
rep3,1.334,3340,0
rep3,1.3342,3341,0
rep3,1.3342,3342,0
rep3,1.3343,3343,0
rep3,1.3343,3344,0
rep3,1.3343,3345,0
rep3,1.3344,3346,0
rep3,1.3344,3347,0
rep3,1.3345,3348,0
rep3,1.3346,3349,0
rep3,1.3346,3350,0
rep3,1.3346,3351,0
rep3,1.3348,3352,0
rep3,1.3349,3353,0
rep3,1.335,3354,0
rep3,1.335,3355,0
rep3,1.335,3356,0
rep3,1.3351,3357,0
rep3,1.3351,3358,0
rep3,1.3352,3359,0
rep3,1.3353,3360,0
rep3,1.3353,3361,0
rep3,1.3357,3362,0
rep3,1.3358,3363,0
rep3,1.3358,3364,0
rep3,1.3359,3365,0
rep3,1.3359,3366,0
rep3,1.3361,3367,0
rep3,1.3361,3368,0
rep3,1.3361,3369,0
rep3,1.3362,3370,0
rep3,1.3362,3371,0
rep3,1.3364,3372,0
rep3,1.3364,3373,0
rep3,1.3365,3374,0
rep3,1.3366,3375,0
rep3,1.3367,3376,0
rep3,1.3367,3377,0
rep3,1.3368,3378,0
rep3,1.3369,3379,0
rep3,1.337,3380,0
rep3,1.337,3381,0
rep3,1.337,3382,0
rep3,1.3371,3383,0
rep3,1.3371,3384,0
rep3,1.3372,3385,0
rep3,1.3373,3386,0
rep3,1.3373,3387,0
rep3,1.3373,3388,0
rep3,1.3373,3389,0
rep3,1.3375,3390,0
rep3,1.3375,3391,0
rep3,1.3375,3392,0
rep3,1.3377,3393,0
rep3,1.3377,3394,0
rep3,1.3378,3395,0
rep3,1.3378,3396,0
rep3,1.3379,3397,0
rep3,1.338,3398,0
rep3,1.338,3399,0
rep3,1.3382,3400,0
rep3,1.3383,3401,0
rep3,1.3384,3402,0
rep3,1.3385,3403,0
rep3,1.3386,3404,0
rep3,1.3386,3405,0
rep3,1.3386,3406,0
rep3,1.3387,3407,0
rep3,1.3387,3408,0
rep3,1.3388,3409,0
rep3,1.3389,3410,0
rep3,1.3391,3411,0
rep3,1.3391,3412,0
rep3,1.3391,3413,0
rep3,1.3393,3414,0
rep3,1.3393,3415,0
rep3,1.3393,3416,0
rep3,1.3394,3417,0
rep3,1.3395,3418,0
rep3,1.3396,3419,0
rep3,1.3396,3420,0
rep3,1.3397,3421,0
rep3,1.3399,3422,0
rep3,1.3399,3423,0
rep3,1.3399,3424,0
rep3,1.34,3425,0
rep3,1.34,3426,0
rep3,1.3401,3427,0
rep3,1.3402,3428,0
rep3,1.3405,3429,0
rep3,1.3407,3430,0
rep3,1.3407,3431,0
rep3,1.3408,3432,0
rep3,1.3409,3433,0
rep3,1.341,3434,0
rep3,1.341,3435,0
rep3,1.3412,3436,0
rep3,1.3412,3437,0
rep3,1.3414,3438,0
rep3,1.3414,3439,0
rep3,1.3416,3440,0
rep3,1.3416,3441,0
rep3,1.3416,3442,0
rep3,1.3419,3443,0
rep3,1.342,3444,0
rep3,1.342,3445,0
rep3,1.3421,3446,0
rep3,1.3422,3447,0
rep3,1.3425,3448,0
rep3,1.3426,3449,0
rep3,1.3426,3450,0
rep3,1.3427,3451,0
rep3,1.3427,3452,0
rep3,1.3427,3453,0
rep3,1.3429,3454,0
rep3,1.3429,3455,0
rep3,1.3429,3456,0
rep3,1.343,3457,0
rep3,1.343,3458,0
rep3,1.3431,3459,0
rep3,1.3431,3460,0
rep3,1.3435,3461,0
rep3,1.3437,3462,0
rep3,1.3439,3463,0
rep3,1.344,3464,0
rep3,1.344,3465,0
rep3,1.3443,3466,0
rep3,1.3445,3467,0
rep3,1.3445,3468,0
rep3,1.3445,3469,0
rep3,1.3448,3470,0
rep3,1.3448,3471,0
rep3,1.3449,3472,0
rep3,1.345,3473,0
rep3,1.3451,3474,0
rep3,1.3451,3475,0
rep3,1.3451,3476,0
rep3,1.3454,3477,0
rep3,1.3456,3478,0
rep3,1.3457,3479,0
rep3,1.3457,3480,0
rep3,1.3458,3481,0
rep3,1.3458,3482,0
rep3,1.3458,3483,0
rep3,1.346,3484,0
rep3,1.346,3485,0
rep3,1.3461,3486,0
rep3,1.3462,3487,0
rep3,1.3462,3488,0
rep3,1.3462,3489,0
rep3,1.3462,3490,0
rep3,1.3464,3491,0
rep3,1.3464,3492,0
rep3,1.3465,3493,0
rep3,1.3465,3494,0
rep3,1.3465,3495,0
rep3,1.3466,3496,0
rep3,1.3467,3497,0
rep3,1.3467,3498,0
rep3,1.3468,3499,0
rep3,1.3469,3500,0
rep3,1.347,3501,0
rep3,1.347,3502,0
rep3,1.3471,3503,0
rep3,1.3474,3504,0
rep3,1.3475,3505,0
rep3,1.3476,3506,0
rep3,1.3476,3507,0
rep3,1.3477,3508,0
rep3,1.3478,3509,0
rep3,1.348,3510,0
rep3,1.3481,3511,0
rep3,1.3483,3512,0
rep3,1.3484,3513,0
rep3,1.3485,3514,0
rep3,1.3485,3515,0
rep3,1.3487,3516,0
rep3,1.3487,3517,0
rep3,1.3487,3518,0
rep3,1.3487,3519,0
rep3,1.3488,3520,0
rep3,1.3488,3521,0
rep3,1.3488,3522,0
rep3,1.349,3523,0
rep3,1.349,3524,0
rep3,1.3492,3525,0
rep3,1.3492,3526,0
rep3,1.3493,3527,0
rep3,1.3494,3528,0
rep3,1.3495,3529,0
rep3,1.3497,3530,0
rep3,1.3497,3531,0
rep3,1.3498,3532,0
rep3,1.35,3533,0
rep3,1.3501,3534,0
rep3,1.3501,3535,0
rep3,1.3502,3536,0
rep3,1.3503,3537,0
rep3,1.3503,3538,0
rep3,1.3504,3539,0
rep3,1.3505,3540,0
rep3,1.3506,3541,0
rep3,1.3508,3542,0
rep3,1.3509,3543,0
rep3,1.3509,3544,0
rep3,1.351,3545,0
rep3,1.3513,3546,0
rep3,1.3515,3547,0
rep3,1.3515,3548,0
rep3,1.3515,3549,0
rep3,1.3515,3550,0
rep3,1.3517,3551,0
rep3,1.3521,3552,0
rep3,1.3521,3553,0
rep3,1.3522,3554,0
rep3,1.3522,3555,0
rep3,1.3523,3556,0
rep3,1.3523,3557,0
rep3,1.3524,3558,0
rep3,1.3524,3559,0
rep3,1.3525,3560,0
rep3,1.3526,3561,0
rep3,1.3528,3562,0
rep3,1.3528,3563,0
rep3,1.3528,3564,0
rep3,1.3529,3565,0
rep3,1.353,3566,0
rep3,1.353,3567,0
rep3,1.3531,3568,0
rep3,1.3532,3569,0
rep3,1.3532,3570,0
rep3,1.3532,3571,0
rep3,1.3533,3572,0
rep3,1.3533,3573,0
rep3,1.3533,3574,0
rep3,1.3534,3575,0
rep3,1.3535,3576,0
rep3,1.3537,3577,0
rep3,1.3538,3578,0
rep3,1.3538,3579,0
rep3,1.3538,3580,0
rep3,1.3539,3581,0
rep3,1.354,3582,0
rep3,1.354,3583,0
rep3,1.3541,3584,0
rep3,1.3542,3585,0
rep3,1.3544,3586,0
rep3,1.3545,3587,0
rep3,1.3545,3588,0
rep3,1.3546,3589,0
rep3,1.3546,3590,0
rep3,1.3546,3591,0
rep3,1.3547,3592,0
rep3,1.3548,3593,0
rep3,1.3548,3594,0
rep3,1.3551,3595,0
rep3,1.3551,3596,0
rep3,1.3552,3597,0
rep3,1.3552,3598,0
rep3,1.3555,3599,0
rep3,1.3559,3600,0
rep3,1.356,3601,0
rep3,1.3561,3602,0
rep3,1.3561,3603,0
rep3,1.3562,3604,0
rep3,1.3562,3605,0
rep3,1.3564,3606,0
rep3,1.3565,3607,0
rep3,1.3566,3608,0
rep3,1.3567,3609,0
rep3,1.3568,3610,0
rep3,1.3569,3611,0
rep3,1.357,3612,0
rep3,1.3571,3613,0
rep3,1.3571,3614,0
rep3,1.3572,3615,0
rep3,1.3573,3616,0
rep3,1.3573,3617,0
rep3,1.3574,3618,0
rep3,1.3574,3619,0
rep3,1.3576,3620,0
rep3,1.3577,3621,0
rep3,1.3577,3622,0
rep3,1.3579,3623,0
rep3,1.3579,3624,0
rep3,1.3579,3625,0
rep3,1.358,3626,0
rep3,1.358,3627,0
rep3,1.3582,3628,0
rep3,1.3583,3629,0
rep3,1.3584,3630,0
rep3,1.3587,3631,0
rep3,1.3588,3632,0
rep3,1.3588,3633,0
rep3,1.3589,3634,0
rep3,1.3589,3635,0
rep3,1.359,3636,0
rep3,1.359,3637,0
rep3,1.359,3638,0
rep3,1.3591,3639,0
rep3,1.3591,3640,0
rep3,1.3591,3641,0
rep3,1.3593,3642,0
rep3,1.3593,3643,0
rep3,1.3596,3644,0
rep3,1.3597,3645,0
rep3,1.3598,3646,0
rep3,1.3599,3647,0
rep3,1.36,3648,0
rep3,1.3601,3649,0
rep3,1.3604,3650,0
rep3,1.3605,3651,0
rep3,1.3606,3652,0
rep3,1.3607,3653,0
rep3,1.3608,3654,0
rep3,1.3608,3655,0
rep3,1.3609,3656,0
rep3,1.3609,3657,0
rep3,1.361,3658,0
rep3,1.3611,3659,0
rep3,1.3611,3660,0
rep3,1.3612,3661,0
rep3,1.3612,3662,0
rep3,1.3613,3663,0
rep3,1.3614,3664,0
rep3,1.3614,3665,0
rep3,1.3615,3666,0
rep3,1.3616,3667,0
rep3,1.3617,3668,0
rep3,1.3618,3669,0
rep3,1.362,3670,0
rep3,1.362,3671,0
rep3,1.362,3672,0
rep3,1.3622,3673,0
rep3,1.3623,3674,0
rep3,1.3623,3675,0
rep3,1.3624,3676,0
rep3,1.3625,3677,0
rep3,1.3627,3678,0
rep3,1.3628,3679,0
rep3,1.3629,3680,0
rep3,1.3629,3681,0
rep3,1.3629,3682,0
rep3,1.3631,3683,0
rep3,1.3632,3684,0
rep3,1.3633,3685,0
rep3,1.3633,3686,0
rep3,1.3636,3687,0
rep3,1.3637,3688,0
rep3,1.3638,3689,0
rep3,1.3639,3690,0
rep3,1.364,3691,0
rep3,1.364,3692,0
rep3,1.3641,3693,0
rep3,1.3643,3694,0
rep3,1.3643,3695,0
rep3,1.3644,3696,0
rep3,1.3646,3697,0
rep3,1.3647,3698,0
rep3,1.3651,3699,0
rep3,1.3651,3700,0
rep3,1.3651,3701,0
rep3,1.3654,3702,0
rep3,1.3654,3703,0
rep3,1.3658,3704,0
rep3,1.3659,3705,0
rep3,1.3659,3706,0
rep3,1.3661,3707,0
rep3,1.3662,3708,0
rep3,1.3663,3709,0
rep3,1.3666,3710,0
rep3,1.3668,3711,0
rep3,1.3669,3712,0
rep3,1.3669,3713,0
rep3,1.3671,3714,0
rep3,1.3673,3715,0
rep3,1.3674,3716,0
rep3,1.3674,3717,0
rep3,1.3674,3718,0
rep3,1.3675,3719,0
rep3,1.3676,3720,0
rep3,1.3677,3721,0
rep3,1.3677,3722,0
rep3,1.3678,3723,0
rep3,1.368,3724,0
rep3,1.3681,3725,0
rep3,1.3681,3726,0
rep3,1.3681,3727,0
rep3,1.3682,3728,0
rep3,1.3686,3729,0
rep3,1.3686,3730,0
rep3,1.3687,3731,0
rep3,1.3687,3732,0
rep3,1.3688,3733,0
rep3,1.3688,3734,0
rep3,1.3689,3735,0
rep3,1.3689,3736,0
rep3,1.3689,3737,0
rep3,1.3689,3738,0
rep3,1.369,3739,0
rep3,1.3691,3740,0
rep3,1.3691,3741,0
rep3,1.3692,3742,0
rep3,1.3692,3743,0
rep3,1.3692,3744,0
rep3,1.3693,3745,0
rep3,1.3693,3746,0
rep3,1.3696,3747,0
rep3,1.3696,3748,0
rep3,1.3698,3749,0
rep3,1.3699,3750,0
rep3,1.3699,3751,0
rep3,1.3699,3752,0
rep3,1.3701,3753,0
rep3,1.3702,3754,0
rep3,1.3704,3755,0
rep3,1.3707,3756,0
rep3,1.3708,3757,0
rep3,1.3708,3758,0
rep3,1.3709,3759,0
rep3,1.371,3760,0
rep3,1.371,3761,0
rep3,1.3712,3762,0
rep3,1.3713,3763,0
rep3,1.3715,3764,0
rep3,1.3716,3765,0
rep3,1.3718,3766,0
rep3,1.3718,3767,0
rep3,1.372,3768,0
rep3,1.372,3769,0
rep3,1.3721,3770,0
rep3,1.3721,3771,0
rep3,1.3724,3772,0
rep3,1.3724,3773,0
rep3,1.3728,3774,0
rep3,1.3729,3775,0
rep3,1.3729,3776,0
rep3,1.3731,3777,0
rep3,1.3732,3778,0
rep3,1.3733,3779,0
rep3,1.3733,3780,0
rep3,1.3733,3781,0
rep3,1.3735,3782,0
rep3,1.3736,3783,0
rep3,1.3737,3784,0
rep3,1.3737,3785,0
rep3,1.3738,3786,0
rep3,1.3738,3787,0
rep3,1.374,3788,0
rep3,1.374,3789,0
rep3,1.3741,3790,0
rep3,1.3745,3791,0
rep3,1.3745,3792,0
rep3,1.3746,3793,0
rep3,1.3746,3794,0
rep3,1.3747,3795,0
rep3,1.3748,3796,0
rep3,1.3748,3797,0
rep3,1.3749,3798,0
rep3,1.3752,3799,0
rep3,1.3752,3800,0
rep3,1.3753,3801,0
rep3,1.3755,3802,0
rep3,1.3755,3803,0
rep3,1.3756,3804,0
rep3,1.3761,3805,0
rep3,1.3762,3806,0
rep3,1.3762,3807,0
rep3,1.3762,3808,0
rep3,1.3763,3809,0
rep3,1.3765,3810,0
rep3,1.3765,3811,0
rep3,1.3766,3812,0
rep3,1.3766,3813,0
rep3,1.3767,3814,0
rep3,1.3767,3815,0
rep3,1.3769,3816,0
rep3,1.3769,3817,0
rep3,1.377,3818,0
rep3,1.377,3819,0
rep3,1.377,3820,0
rep3,1.3771,3821,0
rep3,1.3772,3822,0
rep3,1.3775,3823,0
rep3,1.3776,3824,0
rep3,1.3776,3825,0
rep3,1.3778,3826,0
rep3,1.3779,3827,0
rep3,1.378,3828,0
rep3,1.378,3829,0
rep3,1.3781,3830,0
rep3,1.3782,3831,0
rep3,1.3782,3832,0
rep3,1.3782,3833,0
rep3,1.3785,3834,0
rep3,1.3786,3835,0
rep3,1.3789,3836,0
rep3,1.3789,3837,0
rep3,1.3789,3838,0
rep3,1.3789,3839,0
rep3,1.379,3840,0
rep3,1.3791,3841,0
rep3,1.3792,3842,0
rep3,1.3792,3843,0
rep3,1.3792,3844,0
rep3,1.3794,3845,0
rep3,1.3795,3846,0
rep3,1.3795,3847,0
rep3,1.3798,3848,0
rep3,1.3798,3849,0
rep3,1.3799,3850,0
rep3,1.3799,3851,0
rep3,1.38,3852,0
rep3,1.3802,3853,0
rep3,1.3804,3854,0
rep3,1.3806,3855,0
rep3,1.3807,3856,0
rep3,1.3807,3857,0
rep3,1.3808,3858,0
rep3,1.3808,3859,0
rep3,1.3809,3860,0
rep3,1.3811,3861,0
rep3,1.3812,3862,0
rep3,1.3814,3863,0
rep3,1.3819,3864,0
rep3,1.382,3865,0
rep3,1.382,3866,0
rep3,1.3823,3867,0
rep3,1.3823,3868,0
rep3,1.3823,3869,0
rep3,1.3824,3870,0
rep3,1.3824,3871,0
rep3,1.3824,3872,0
rep3,1.3825,3873,0
rep3,1.3825,3874,0
rep3,1.383,3875,0
rep3,1.383,3876,0
rep3,1.3831,3877,0
rep3,1.3831,3878,0
rep3,1.3831,3879,0
rep3,1.3832,3880,0
rep3,1.3832,3881,0
rep3,1.3835,3882,0
rep3,1.3837,3883,0
rep3,1.3839,3884,0
rep3,1.3839,3885,0
rep3,1.3845,3886,0
rep3,1.3845,3887,0
rep3,1.3846,3888,0
rep3,1.3847,3889,0
rep3,1.3848,3890,0
rep3,1.3851,3891,0
rep3,1.3851,3892,0
rep3,1.3852,3893,0
rep3,1.3852,3894,0
rep3,1.3853,3895,0
rep3,1.3854,3896,0
rep3,1.3855,3897,0
rep3,1.3855,3898,0
rep3,1.3855,3899,0
rep3,1.3856,3900,0
rep3,1.3857,3901,0
rep3,1.3857,3902,0
rep3,1.3859,3903,0
rep3,1.386,3904,0
rep3,1.386,3905,0
rep3,1.3861,3906,0
rep3,1.3861,3907,0
rep3,1.3862,3908,0
rep3,1.3862,3909,0
rep3,1.3862,3910,0
rep3,1.3863,3911,0
rep3,1.3864,3912,0
rep3,1.3864,3913,0
rep3,1.3866,3914,0
rep3,1.3867,3915,0
rep3,1.3868,3916,0
rep3,1.3868,3917,0
rep3,1.3869,3918,0
rep3,1.3869,3919,0
rep3,1.3871,3920,0
rep3,1.3875,3921,0
rep3,1.3876,3922,0
rep3,1.3878,3923,0
rep3,1.3881,3924,0
rep3,1.3883,3925,0
rep3,1.3883,3926,0
rep3,1.3885,3927,0
rep3,1.3885,3928,0
rep3,1.3886,3929,0
rep3,1.3886,3930,0
rep3,1.3887,3931,0
rep3,1.3887,3932,0
rep3,1.3888,3933,0
rep3,1.389,3934,0
rep3,1.3891,3935,0
rep3,1.3893,3936,0
rep3,1.3896,3937,0
rep3,1.3897,3938,0
rep3,1.3897,3939,0
rep3,1.3897,3940,0
rep3,1.3898,3941,0
rep3,1.3898,3942,0
rep3,1.3899,3943,0
rep3,1.3899,3944,0
rep3,1.3901,3945,0
rep3,1.3902,3946,0
rep3,1.3903,3947,0
rep3,1.3903,3948,0
rep3,1.3904,3949,0
rep3,1.3904,3950,0
rep3,1.3904,3951,0
rep3,1.3907,3952,0
rep3,1.3909,3953,0
rep3,1.3909,3954,0
rep3,1.3911,3955,0
rep3,1.3911,3956,0
rep3,1.3911,3957,0
rep3,1.3913,3958,0
rep3,1.3913,3959,0
rep3,1.3914,3960,0
rep3,1.3915,3961,0
rep3,1.3915,3962,0
rep3,1.3916,3963,0
rep3,1.3917,3964,0
rep3,1.3917,3965,0
rep3,1.3921,3966,0
rep3,1.3922,3967,0
rep3,1.3923,3968,0
rep3,1.3923,3969,0
rep3,1.3925,3970,0
rep3,1.3925,3971,0
rep3,1.3926,3972,0
rep3,1.3929,3973,0
rep3,1.3931,3974,0
rep3,1.3931,3975,0
rep3,1.3932,3976,0
rep3,1.3933,3977,0
rep3,1.3933,3978,0
rep3,1.3934,3979,0
rep3,1.3936,3980,0
rep3,1.3937,3981,0
rep3,1.3937,3982,0
rep3,1.3937,3983,0
rep3,1.3939,3984,0
rep3,1.3941,3985,0
rep3,1.3942,3986,0
rep3,1.3946,3987,0
rep3,1.3947,3988,0
rep3,1.3948,3989,0
rep3,1.3948,3990,0
rep3,1.3952,3991,0
rep3,1.3952,3992,0
rep3,1.3955,3993,0
rep3,1.3955,3994,0
rep3,1.3956,3995,0
rep3,1.3957,3996,0
rep3,1.3957,3997,0
rep3,1.3958,3998,0
rep3,1.396,3999,0
rep3,1.3961,4000,0
rep3,1.3963,4001,0
rep3,1.3964,4002,0
rep3,1.3969,4003,0
rep3,1.3972,4004,0
rep3,1.3973,4005,0
rep3,1.3973,4006,0
rep3,1.3973,4007,0
rep3,1.3976,4008,0
rep3,1.3976,4009,0
rep3,1.3979,4010,0
rep3,1.3979,4011,0
rep3,1.398,4012,0
rep3,1.398,4013,0
rep3,1.3981,4014,0
rep3,1.3985,4015,0
rep3,1.3986,4016,0
rep3,1.399,4017,0
rep3,1.3991,4018,0
rep3,1.3991,4019,0
rep3,1.3994,4020,0
rep3,1.3995,4021,0
rep3,1.3995,4022,0
rep3,1.3996,4023,0
rep3,1.3997,4024,0
rep3,1.3998,4025,0
rep3,1.4,4026,0
rep3,1.4001,4027,0
rep3,1.4003,4028,0
rep3,1.4004,4029,0
rep3,1.4004,4030,0
rep3,1.4004,4031,0
rep3,1.4005,4032,0
rep3,1.4007,4033,0
rep3,1.4008,4034,0
rep3,1.4008,4035,0
rep3,1.4008,4036,0
rep3,1.4009,4037,0
rep3,1.4011,4038,0
rep3,1.4013,4039,0
rep3,1.4013,4040,0
rep3,1.4016,4041,0
rep3,1.4016,4042,0
rep3,1.4017,4043,0
rep3,1.4017,4044,0
rep3,1.402,4045,0
rep3,1.4021,4046,0
rep3,1.4021,4047,0
rep3,1.4023,4048,0
rep3,1.4024,4049,0
rep3,1.4025,4050,0
rep3,1.4027,4051,0
rep3,1.4027,4052,0
rep3,1.4028,4053,0
rep3,1.4029,4054,0
rep3,1.4029,4055,0
rep3,1.403,4056,0
rep3,1.4032,4057,0
rep3,1.4033,4058,0
rep3,1.4033,4059,0
rep3,1.4034,4060,0
rep3,1.4034,4061,0
rep3,1.4036,4062,0
rep3,1.4039,4063,0
rep3,1.404,4064,0
rep3,1.4042,4065,0
rep3,1.4043,4066,0
rep3,1.4044,4067,0
rep3,1.4046,4068,0
rep3,1.4048,4069,0
rep3,1.4049,4070,0
rep3,1.405,4071,0
rep3,1.405,4072,0
rep3,1.4053,4073,0
rep3,1.4054,4074,0
rep3,1.4054,4075,0
rep3,1.4056,4076,0
rep3,1.4057,4077,0
rep3,1.4057,4078,0
rep3,1.4059,4079,0
rep3,1.4062,4080,0
rep3,1.4063,4081,0
rep3,1.4063,4082,0
rep3,1.4066,4083,0
rep3,1.4066,4084,0
rep3,1.4067,4085,0
rep3,1.4068,4086,0
rep3,1.4069,4087,0
rep3,1.407,4088,0
rep3,1.4075,4089,0
rep3,1.4076,4090,0
rep3,1.4077,4091,0
rep3,1.4078,4092,0
rep3,1.4079,4093,0
rep3,1.4079,4094,0
rep3,1.4081,4095,0
rep3,1.4081,4096,0
rep3,1.4085,4097,0
rep3,1.4086,4098,0
rep3,1.4088,4099,0
rep3,1.409,4100,0
rep3,1.409,4101,0
rep3,1.4092,4102,0
rep3,1.4093,4103,0
rep3,1.4094,4104,0
rep3,1.4094,4105,0
rep3,1.4096,4106,0
rep3,1.4098,4107,0
rep3,1.4098,4108,0
rep3,1.4098,4109,0
rep3,1.41,4110,0
rep3,1.4101,4111,0
rep3,1.4102,4112,0
rep3,1.4103,4113,0
rep3,1.4105,4114,0
rep3,1.4107,4115,0
rep3,1.4109,4116,0
rep3,1.4109,4117,0
rep3,1.4111,4118,0
rep3,1.4114,4119,0
rep3,1.4117,4120,0
rep3,1.4118,4121,0
rep3,1.4118,4122,0
rep3,1.4118,4123,0
rep3,1.4119,4124,0
rep3,1.4119,4125,0
rep3,1.4122,4126,0
rep3,1.4123,4127,0
rep3,1.4125,4128,0
rep3,1.4126,4129,0
rep3,1.4127,4130,0
rep3,1.4128,4131,0
rep3,1.4128,4132,0
rep3,1.4133,4133,0
rep3,1.4138,4134,0
rep3,1.4139,4135,0
rep3,1.414,4136,0
rep3,1.4144,4137,0
rep3,1.4147,4138,0
rep3,1.415,4139,0
rep3,1.4152,4140,0
rep3,1.4153,4141,0
rep3,1.4154,4142,0
rep3,1.416,4143,0
rep3,1.4161,4144,0
rep3,1.4162,4145,0
rep3,1.4163,4146,0
rep3,1.4167,4147,0
rep3,1.4168,4148,0
rep3,1.4168,4149,0
rep3,1.4169,4150,0
rep3,1.417,4151,0
rep3,1.4172,4152,0
rep3,1.4172,4153,0
rep3,1.4177,4154,0
rep3,1.4178,4155,0
rep3,1.4179,4156,0
rep3,1.4184,4157,0
rep3,1.4184,4158,0
rep3,1.4186,4159,0
rep3,1.4187,4160,0
rep3,1.4187,4161,0
rep3,1.4187,4162,0
rep3,1.4187,4163,0
rep3,1.4188,4164,0
rep3,1.4188,4165,0
rep3,1.4189,4166,0
rep3,1.4193,4167,0
rep3,1.4193,4168,0
rep3,1.4194,4169,0
rep3,1.4196,4170,0
rep3,1.4197,4171,0
rep3,1.4198,4172,0
rep3,1.4201,4173,0
rep3,1.4202,4174,0
rep3,1.4206,4175,0
rep3,1.4206,4176,0
rep3,1.4208,4177,0
rep3,1.4208,4178,0
rep3,1.4208,4179,0
rep3,1.421,4180,0
rep3,1.4211,4181,0
rep3,1.4213,4182,0
rep3,1.4215,4183,0
rep3,1.4218,4184,0
rep3,1.4218,4185,0
rep3,1.422,4186,0
rep3,1.4224,4187,0
rep3,1.4224,4188,0
rep3,1.4224,4189,0
rep3,1.4224,4190,0
rep3,1.4226,4191,0
rep3,1.4227,4192,0
rep3,1.4228,4193,0
rep3,1.4234,4194,0
rep3,1.4235,4195,0
rep3,1.4236,4196,0
rep3,1.4239,4197,0
rep3,1.424,4198,0
rep3,1.424,4199,0
rep3,1.4242,4200,0
rep3,1.4243,4201,0
rep3,1.4244,4202,0
rep3,1.4246,4203,0
rep3,1.4246,4204,0
rep3,1.4249,4205,0
rep3,1.425,4206,0
rep3,1.4251,4207,0
rep3,1.4254,4208,0
rep3,1.4254,4209,0
rep3,1.4255,4210,0
rep3,1.4256,4211,0
rep3,1.4256,4212,0
rep3,1.4257,4213,0
rep3,1.4257,4214,0
rep3,1.4259,4215,0
rep3,1.4261,4216,0
rep3,1.4262,4217,0
rep3,1.4263,4218,0
rep3,1.4263,4219,0
rep3,1.4264,4220,0
rep3,1.4264,4221,0
rep3,1.4265,4222,0
rep3,1.4266,4223,0
rep3,1.4267,4224,0
rep3,1.4269,4225,0
rep3,1.427,4226,0
rep3,1.427,4227,0
rep3,1.4272,4228,0
rep3,1.4272,4229,0
rep3,1.4273,4230,0
rep3,1.4274,4231,0
rep3,1.4274,4232,0
rep3,1.4276,4233,0
rep3,1.4277,4234,0
rep3,1.4277,4235,0
rep3,1.4283,4236,0
rep3,1.4284,4237,0
rep3,1.4284,4238,0
rep3,1.4287,4239,0
rep3,1.4287,4240,0
rep3,1.4289,4241,0
rep3,1.4293,4242,0
rep3,1.4295,4243,0
rep3,1.4298,4244,0
rep3,1.4301,4245,0
rep3,1.4306,4246,0
rep3,1.4308,4247,0
rep3,1.4309,4248,0
rep3,1.4309,4249,0
rep3,1.4311,4250,0
rep3,1.4311,4251,0
rep3,1.4313,4252,0
rep3,1.4313,4253,0
rep3,1.4315,4254,0
rep3,1.4317,4255,0
rep3,1.4319,4256,0
rep3,1.432,4257,0
rep3,1.432,4258,0
rep3,1.4322,4259,0
rep3,1.4325,4260,0
rep3,1.4327,4261,0
rep3,1.4329,4262,0
rep3,1.433,4263,0
rep3,1.4333,4264,0
rep3,1.4335,4265,0
rep3,1.4335,4266,0
rep3,1.4337,4267,0
rep3,1.4338,4268,0
rep3,1.4338,4269,0
rep3,1.4341,4270,0
rep3,1.4342,4271,0
rep3,1.4345,4272,0
rep3,1.4346,4273,0
rep3,1.4346,4274,0
rep3,1.4346,4275,0
rep3,1.4347,4276,0
rep3,1.4347,4277,0
rep3,1.4349,4278,0
rep3,1.435,4279,0
rep3,1.435,4280,0
rep3,1.4354,4281,0
rep3,1.4354,4282,0
rep3,1.4359,4283,0
rep3,1.4363,4284,0
rep3,1.4364,4285,0
rep3,1.4365,4286,0
rep3,1.4366,4287,0
rep3,1.4366,4288,0
rep3,1.4367,4289,0
rep3,1.4369,4290,0
rep3,1.4371,4291,0
rep3,1.4371,4292,0
rep3,1.4373,4293,0
rep3,1.4373,4294,0
rep3,1.4374,4295,0
rep3,1.4374,4296,0
rep3,1.4374,4297,0
rep3,1.4377,4298,0
rep3,1.4378,4299,0
rep3,1.4382,4300,0
rep3,1.4382,4301,0
rep3,1.4382,4302,0
rep3,1.4383,4303,0
rep3,1.4383,4304,0
rep3,1.4387,4305,0
rep3,1.4388,4306,0
rep3,1.4389,4307,0
rep3,1.4392,4308,0
rep3,1.4393,4309,0
rep3,1.4393,4310,0
rep3,1.4393,4311,0
rep3,1.4393,4312,0
rep3,1.4396,4313,0
rep3,1.4398,4314,0
rep3,1.4401,4315,0
rep3,1.4402,4316,0
rep3,1.4402,4317,0
rep3,1.4405,4318,0
rep3,1.4408,4319,0
rep3,1.441,4320,0
rep3,1.4414,4321,0
rep3,1.4415,4322,0
rep3,1.4415,4323,0
rep3,1.4415,4324,0
rep3,1.4421,4325,0
rep3,1.4422,4326,0
rep3,1.4424,4327,0
rep3,1.4425,4328,0
rep3,1.4427,4329,0
rep3,1.4427,4330,0
rep3,1.4428,4331,0
rep3,1.443,4332,0
rep3,1.443,4333,0
rep3,1.4432,4334,0
rep3,1.4432,4335,0
rep3,1.4433,4336,0
rep3,1.4434,4337,0
rep3,1.4434,4338,0
rep3,1.4437,4339,0
rep3,1.4438,4340,0
rep3,1.4442,4341,0
rep3,1.4444,4342,0
rep3,1.4446,4343,0
rep3,1.4446,4344,0
rep3,1.4447,4345,0
rep3,1.4447,4346,0
rep3,1.4448,4347,0
rep3,1.4449,4348,0
rep3,1.445,4349,0
rep3,1.4451,4350,0
rep3,1.4452,4351,0
rep3,1.4452,4352,0
rep3,1.4457,4353,0
rep3,1.4459,4354,0
rep3,1.4459,4355,0
rep3,1.4462,4356,0
rep3,1.4467,4357,0
rep3,1.4472,4358,0
rep3,1.4473,4359,0
rep3,1.4474,4360,0
rep3,1.4475,4361,0
rep3,1.4475,4362,0
rep3,1.4476,4363,0
rep3,1.4478,4364,0
rep3,1.448,4365,0
rep3,1.4481,4366,0
rep3,1.4482,4367,0
rep3,1.4483,4368,0
rep3,1.4485,4369,0
rep3,1.4486,4370,0
rep3,1.449,4371,0
rep3,1.4491,4372,0
rep3,1.45,4373,0
rep3,1.4502,4374,0
rep3,1.4503,4375,0
rep3,1.4503,4376,0
rep3,1.4505,4377,0
rep3,1.4507,4378,0
rep3,1.4507,4379,0
rep3,1.4508,4380,0
rep3,1.4508,4381,0
rep3,1.4508,4382,0
rep3,1.4509,4383,0
rep3,1.4511,4384,0
rep3,1.4512,4385,0
rep3,1.4513,4386,0
rep3,1.4514,4387,0
rep3,1.4515,4388,0
rep3,1.4515,4389,0
rep3,1.4515,4390,0
rep3,1.4515,4391,0
rep3,1.452,4392,0
rep3,1.4522,4393,0
rep3,1.4523,4394,0
rep3,1.4523,4395,0
rep3,1.4525,4396,0
rep3,1.4529,4397,0
rep3,1.4529,4398,0
rep3,1.453,4399,0
rep3,1.453,4400,0
rep3,1.4531,4401,0
rep3,1.4532,4402,0
rep3,1.4533,4403,0
rep3,1.4534,4404,0
rep3,1.4535,4405,0
rep3,1.4536,4406,0
rep3,1.4536,4407,0
rep3,1.4538,4408,0
rep3,1.4539,4409,0
rep3,1.4542,4410,0
rep3,1.4543,4411,0
rep3,1.4543,4412,0
rep3,1.4545,4413,0
rep3,1.4549,4414,0
rep3,1.4551,4415,0
rep3,1.4552,4416,0
rep3,1.4552,4417,0
rep3,1.4553,4418,0
rep3,1.4554,4419,0
rep3,1.4556,4420,0
rep3,1.4558,4421,0
rep3,1.4561,4422,0
rep3,1.4563,4423,0
rep3,1.4563,4424,0
rep3,1.4565,4425,0
rep3,1.4568,4426,0
rep3,1.4571,4427,0
rep3,1.4572,4428,0
rep3,1.4576,4429,0
rep3,1.4577,4430,0
rep3,1.4578,4431,0
rep3,1.4579,4432,0
rep3,1.458,4433,0
rep3,1.4583,4434,0
rep3,1.459,4435,0
rep3,1.4592,4436,0
rep3,1.4593,4437,0
rep3,1.4593,4438,0
rep3,1.4595,4439,0
rep3,1.4596,4440,0
rep3,1.4598,4441,0
rep3,1.46,4442,0
rep3,1.46,4443,0
rep3,1.4604,4444,0
rep3,1.4605,4445,0
rep3,1.4606,4446,0
rep3,1.4607,4447,0
rep3,1.461,4448,0
rep3,1.461,4449,0
rep3,1.4611,4450,0
rep3,1.4613,4451,0
rep3,1.4614,4452,0
rep3,1.4615,4453,0
rep3,1.4619,4454,0
rep3,1.462,4455,0
rep3,1.4622,4456,0
rep3,1.4624,4457,0
rep3,1.4624,4458,0
rep3,1.4625,4459,0
rep3,1.463,4460,0
rep3,1.4631,4461,0
rep3,1.4631,4462,0
rep3,1.4633,4463,0
rep3,1.4637,4464,0
rep3,1.4641,4465,0
rep3,1.4648,4466,0
rep3,1.4654,4467,0
rep3,1.4654,4468,0
rep3,1.4657,4469,0
rep3,1.4657,4470,0
rep3,1.4658,4471,0
rep3,1.4658,4472,0
rep3,1.4659,4473,0
rep3,1.4659,4474,0
rep3,1.466,4475,0
rep3,1.4662,4476,0
rep3,1.4662,4477,0
rep3,1.4663,4478,0
rep3,1.4664,4479,0
rep3,1.4669,4480,0
rep3,1.4672,4481,0
rep3,1.4678,4482,0
rep3,1.4679,4483,0
rep3,1.468,4484,0
rep3,1.4686,4485,0
rep3,1.4687,4486,0
rep3,1.4688,4487,0
rep3,1.4688,4488,0
rep3,1.4698,4489,0
rep3,1.47,4490,0
rep3,1.4702,4491,0
rep3,1.4704,4492,0
rep3,1.4705,4493,0
rep3,1.4706,4494,0
rep3,1.4707,4495,0
rep3,1.4714,4496,0
rep3,1.4715,4497,0
rep3,1.4718,4498,0
rep3,1.4719,4499,0
rep3,1.4721,4500,0
rep3,1.4722,4501,0
rep3,1.4724,4502,0
rep3,1.4726,4503,0
rep3,1.4727,4504,0
rep3,1.4729,4505,0
rep3,1.473,4506,0
rep3,1.4733,4507,0
rep3,1.4735,4508,0
rep3,1.4738,4509,0
rep3,1.4739,4510,0
rep3,1.474,4511,0
rep3,1.474,4512,0
rep3,1.4743,4513,0
rep3,1.4746,4514,0
rep3,1.4747,4515,0
rep3,1.4754,4516,0
rep3,1.4755,4517,0
rep3,1.4756,4518,0
rep3,1.4757,4519,0
rep3,1.4761,4520,0
rep3,1.4762,4521,0
rep3,1.4766,4522,0
rep3,1.477,4523,0
rep3,1.4772,4524,0
rep3,1.4776,4525,0
rep3,1.4788,4526,0
rep3,1.479,4527,0
rep3,1.4791,4528,0
rep3,1.4796,4529,0
rep3,1.4796,4530,0
rep3,1.4798,4531,0
rep3,1.4798,4532,0
rep3,1.4804,4533,0
rep3,1.4805,4534,0
rep3,1.481,4535,0
rep3,1.4811,4536,0
rep3,1.4812,4537,0
rep3,1.4815,4538,0
rep3,1.4816,4539,0
rep3,1.4817,4540,0
rep3,1.4819,4541,0
rep3,1.482,4542,0
rep3,1.4823,4543,0
rep3,1.4823,4544,0
rep3,1.4828,4545,0
rep3,1.4833,4546,0
rep3,1.4836,4547,0
rep3,1.4838,4548,0
rep3,1.4838,4549,0
rep3,1.4841,4550,0
rep3,1.4843,4551,0
rep3,1.4845,4552,0
rep3,1.4845,4553,0
rep3,1.4846,4554,0
rep3,1.4847,4555,0
rep3,1.4849,4556,0
rep3,1.485,4557,0
rep3,1.4851,4558,0
rep3,1.4852,4559,0
rep3,1.4856,4560,0
rep3,1.4859,4561,0
rep3,1.486,4562,0
rep3,1.4862,4563,0
rep3,1.4865,4564,0
rep3,1.4866,4565,0
rep3,1.4867,4566,0
rep3,1.4871,4567,0
rep3,1.4878,4568,0
rep3,1.4879,4569,0
rep3,1.4881,4570,0
rep3,1.4888,4571,0
rep3,1.489,4572,0
rep3,1.4891,4573,0
rep3,1.4897,4574,0
rep3,1.4897,4575,0
rep3,1.4898,4576,0
rep3,1.4898,4577,0
rep3,1.4907,4578,0
rep3,1.4907,4579,0
rep3,1.4907,4580,0
rep3,1.491,4581,0
rep3,1.491,4582,0
rep3,1.4911,4583,0
rep3,1.4912,4584,0
rep3,1.4916,4585,0
rep3,1.4917,4586,0
rep3,1.4921,4587,0
rep3,1.4924,4588,0
rep3,1.4928,4589,0
rep3,1.4929,4590,0
rep3,1.4931,4591,0
rep3,1.4934,4592,0
rep3,1.4934,4593,0
rep3,1.4938,4594,0
rep3,1.4941,4595,0
rep3,1.4943,4596,0
rep3,1.4945,4597,0
rep3,1.4949,4598,0
rep3,1.495,4599,0
rep3,1.4951,4600,0
rep3,1.4952,4601,0
rep3,1.4954,4602,0
rep3,1.4959,4603,0
rep3,1.4959,4604,0
rep3,1.496,4605,0
rep3,1.4962,4606,0
rep3,1.4962,4607,0
rep3,1.4963,4608,0
rep3,1.4964,4609,0
rep3,1.4965,4610,0
rep3,1.4966,4611,0
rep3,1.4967,4612,0
rep3,1.4967,4613,0
rep3,1.4969,4614,0
rep3,1.4971,4615,0
rep3,1.4971,4616,0
rep3,1.4972,4617,0
rep3,1.4975,4618,0
rep3,1.4975,4619,0
rep3,1.4981,4620,0
rep3,1.4983,4621,0
rep3,1.4984,4622,0
rep3,1.4987,4623,0
rep3,1.4988,4624,0
rep3,1.4997,4625,0
rep3,1.4998,4626,0
rep3,1.5,4627,0
rep3,1.5004,4628,0
rep3,1.5005,4629,0
rep3,1.501,4630,0
rep3,1.5012,4631,0
rep3,1.5018,4632,0
rep3,1.5018,4633,0
rep3,1.5021,4634,0
rep3,1.5024,4635,0
rep3,1.5024,4636,0
rep3,1.503,4637,0
rep3,1.5033,4638,0
rep3,1.5034,4639,0
rep3,1.5037,4640,0
rep3,1.5037,4641,0
rep3,1.5039,4642,0
rep3,1.5039,4643,0
rep3,1.5043,4644,0
rep3,1.5045,4645,0
rep3,1.5051,4646,0
rep3,1.5052,4647,0
rep3,1.5052,4648,0
rep3,1.5056,4649,0
rep3,1.5059,4650,0
rep3,1.506,4651,0
rep3,1.5061,4652,0
rep3,1.5064,4653,0
rep3,1.5073,4654,0
rep3,1.5076,4655,0
rep3,1.5076,4656,0
rep3,1.5081,4657,0
rep3,1.5081,4658,0
rep3,1.5081,4659,0
rep3,1.5099,4660,0
rep3,1.5103,4661,0
rep3,1.5106,4662,0
rep3,1.5109,4663,0
rep3,1.5111,4664,0
rep3,1.5115,4665,0
rep3,1.5118,4666,0
rep3,1.5119,4667,0
rep3,1.5126,4668,0
rep3,1.5127,4669,0
rep3,1.513,4670,0
rep3,1.5133,4671,0
rep3,1.5138,4672,0
rep3,1.5146,4673,0
rep3,1.5146,4674,0
rep3,1.5148,4675,0
rep3,1.5149,4676,0
rep3,1.5149,4677,0
rep3,1.5152,4678,0
rep3,1.5158,4679,0
rep3,1.5161,4680,0
rep3,1.5163,4681,0
rep3,1.5164,4682,0
rep3,1.5168,4683,0
rep3,1.5169,4684,0
rep3,1.517,4685,0
rep3,1.5177,4686,0
rep3,1.5177,4687,0
rep3,1.5179,4688,0
rep3,1.5179,4689,0
rep3,1.5179,4690,0
rep3,1.5191,4691,0
rep3,1.5195,4692,0
rep3,1.5195,4693,0
rep3,1.5206,4694,0
rep3,1.5207,4695,0
rep3,1.5208,4696,0
rep3,1.521,4697,0
rep3,1.5215,4698,0
rep3,1.5217,4699,0
rep3,1.5218,4700,0
rep3,1.522,4701,0
rep3,1.5224,4702,0
rep3,1.5225,4703,0
rep3,1.5228,4704,0
rep3,1.5228,4705,0
rep3,1.5232,4706,0
rep3,1.5236,4707,0
rep3,1.5236,4708,0
rep3,1.5238,4709,0
rep3,1.5239,4710,0
rep3,1.5242,4711,0
rep3,1.5253,4712,0
rep3,1.5261,4713,0
rep3,1.5267,4714,0
rep3,1.5268,4715,0
rep3,1.5268,4716,0
rep3,1.5269,4717,0
rep3,1.5272,4718,0
rep3,1.5274,4719,0
rep3,1.528,4720,0
rep3,1.5281,4721,0
rep3,1.5282,4722,0
rep3,1.5284,4723,0
rep3,1.5284,4724,0
rep3,1.5288,4725,0
rep3,1.529,4726,0
rep3,1.5293,4727,0
rep3,1.5294,4728,0
rep3,1.5297,4729,0
rep3,1.5299,4730,0
rep3,1.5308,4731,0
rep3,1.5313,4732,0
rep3,1.532,4733,0
rep3,1.5326,4734,0
rep3,1.5328,4735,0
rep3,1.5328,4736,0
rep3,1.5336,4737,0
rep3,1.5338,4738,0
rep3,1.5358,4739,0
rep3,1.5358,4740,0
rep3,1.5363,4741,0
rep3,1.5366,4742,0
rep3,1.5371,4743,0
rep3,1.5372,4744,0
rep3,1.5373,4745,0
rep3,1.5374,4746,0
rep3,1.5374,4747,0
rep3,1.5381,4748,0
rep3,1.5383,4749,0
rep3,1.5385,4750,0
rep3,1.5389,4751,0
rep3,1.5389,4752,0
rep3,1.5395,4753,0
rep3,1.5395,4754,0
rep3,1.5396,4755,0
rep3,1.5398,4756,0
rep3,1.5402,4757,0
rep3,1.5406,4758,0
rep3,1.5415,4759,0
rep3,1.5418,4760,0
rep3,1.5421,4761,0
rep3,1.5422,4762,0
rep3,1.5424,4763,0
rep3,1.5431,4764,0
rep3,1.5433,4765,0
rep3,1.5444,4766,0
rep3,1.5451,4767,0
rep3,1.5458,4768,0
rep3,1.546,4769,0
rep3,1.546,4770,0
rep3,1.5465,4771,0
rep3,1.5466,4772,0
rep3,1.5471,4773,0
rep3,1.5473,4774,0
rep3,1.5477,4775,0
rep3,1.5478,4776,0
rep3,1.5478,4777,0
rep3,1.548,4778,0
rep3,1.5481,4779,0
rep3,1.5483,4780,0
rep3,1.5484,4781,0
rep3,1.5486,4782,0
rep3,1.5487,4783,0
rep3,1.5493,4784,0
rep3,1.5498,4785,0
rep3,1.5499,4786,0
rep3,1.5511,4787,0
rep3,1.5519,4788,0
rep3,1.5519,4789,0
rep3,1.5519,4790,0
rep3,1.5527,4791,0
rep3,1.5528,4792,0
rep3,1.5533,4793,0
rep3,1.5534,4794,0
rep3,1.5549,4795,0
rep3,1.5552,4796,0
rep3,1.5556,4797,0
rep3,1.5564,4798,0
rep3,1.5566,4799,0
rep3,1.5574,4800,0
rep3,1.5578,4801,0
rep3,1.5578,4802,0
rep3,1.5586,4803,0
rep3,1.5602,4804,0
rep3,1.5605,4805,0
rep3,1.5609,4806,0
rep3,1.5611,4807,0
rep3,1.5614,4808,0
rep3,1.5624,4809,0
rep3,1.5624,4810,0
rep3,1.5625,4811,0
rep3,1.5632,4812,0
rep3,1.5633,4813,0
rep3,1.5633,4814,0
rep3,1.5635,4815,0
rep3,1.5642,4816,0
rep3,1.5645,4817,0
rep3,1.5647,4818,0
rep3,1.5649,4819,0
rep3,1.565,4820,0
rep3,1.5661,4821,0
rep3,1.5663,4822,0
rep3,1.5666,4823,0
rep3,1.567,4824,0
rep3,1.5673,4825,0
rep3,1.5678,4826,0
rep3,1.5678,4827,0
rep3,1.5679,4828,0
rep3,1.5679,4829,0
rep3,1.5683,4830,0
rep3,1.5692,4831,0
rep3,1.5696,4832,0
rep3,1.57,4833,0
rep3,1.5706,4834,0
rep3,1.5708,4835,0
rep3,1.5709,4836,0
rep3,1.5719,4837,0
rep3,1.5721,4838,0
rep3,1.5725,4839,0
rep3,1.5743,4840,0
rep3,1.5744,4841,0
rep3,1.5746,4842,0
rep3,1.5748,4843,0
rep3,1.5754,4844,0
rep3,1.5758,4845,0
rep3,1.576,4846,0
rep3,1.5763,4847,0
rep3,1.5766,4848,0
rep3,1.577,4849,0
rep3,1.5776,4850,0
rep3,1.5784,4851,0
rep3,1.5787,4852,0
rep3,1.5793,4853,0
rep3,1.5797,4854,0
rep3,1.5822,4855,0
rep3,1.5827,4856,0
rep3,1.5835,4857,0
rep3,1.5838,4858,0
rep3,1.5842,4859,0
rep3,1.5846,4860,0
rep3,1.5851,4861,0
rep3,1.586,4862,0
rep3,1.5861,4863,0
rep3,1.5877,4864,0
rep3,1.5887,4865,0
rep3,1.5903,4866,0
rep3,1.5909,4867,0
rep3,1.5911,4868,0
rep3,1.5918,4869,0
rep3,1.5923,4870,0
rep3,1.5925,4871,0
rep3,1.5932,4872,0
rep3,1.5932,4873,0
rep3,1.5936,4874,0
rep3,1.5937,4875,0
rep3,1.5951,4876,0
rep3,1.5953,4877,0
rep3,1.5955,4878,0
rep3,1.5958,4879,0
rep3,1.5971,4880,0
rep3,1.5975,4881,0
rep3,1.5981,4882,0
rep3,1.599,4883,0
rep3,1.5992,4884,0
rep3,1.5993,4885,0
rep3,1.6007,4886,0
rep3,1.6018,4887,0
rep3,1.6026,4888,0
rep3,1.6031,4889,0
rep3,1.6043,4890,0
rep3,1.6049,4891,0
rep3,1.6059,4892,0
rep3,1.6068,4893,0
rep3,1.6084,4894,0
rep3,1.6087,4895,0
rep3,1.6111,4896,0
rep3,1.6112,4897,0
rep3,1.6126,4898,0
rep3,1.6137,4899,0
rep3,1.6141,4900,0
rep3,1.6171,4901,0
rep3,1.6178,4902,0
rep3,1.6182,4903,0
rep3,1.6182,4904,0
rep3,1.6187,4905,0
rep3,1.6202,4906,0
rep3,1.6221,4907,0
rep3,1.6226,4908,0
rep3,1.6232,4909,0
rep3,1.6242,4910,0
rep3,1.6248,4911,0
rep3,1.6268,4912,0
rep3,1.6269,4913,0
rep3,1.6279,4914,0
rep3,1.628,4915,0
rep3,1.6288,4916,0
rep3,1.6299,4917,0
rep3,1.6304,4918,0
rep3,1.6308,4919,0
rep3,1.6317,4920,0
rep3,1.6348,4921,0
rep3,1.6349,4922,0
rep3,1.6352,4923,0
rep3,1.6368,4924,0
rep3,1.6398,4925,0
rep3,1.6423,4926,0
rep3,1.6428,4927,0
rep3,1.6432,4928,0
rep3,1.6439,4929,0
rep3,1.6442,4930,0
rep3,1.6462,4931,0
rep3,1.6463,4932,0
rep3,1.6472,4933,0
rep3,1.6489,4934,0
rep3,1.6489,4935,0
rep3,1.649,4936,0
rep3,1.6492,4937,0
rep3,1.65,4938,0
rep3,1.6534,4939,0
rep3,1.6559,4940,0
rep3,1.6572,4941,0
rep3,1.6578,4942,0
rep3,1.6582,4943,0
rep3,1.6593,4944,0
rep3,1.6602,4945,0
rep3,1.6623,4946,0
rep3,1.666,4947,0
rep3,1.667,4948,0
rep3,1.6702,4949,0
rep3,1.6719,4950,0
rep3,1.6726,4951,0
rep3,1.673,4952,0
rep3,1.6736,4953,0
rep3,1.6747,4954,0
rep3,1.6769,4955,0
rep3,1.6797,4956,0
rep3,1.6805,4957,0
rep3,1.6832,4958,0
rep3,1.6847,4959,0
rep3,1.6854,4960,0
rep3,1.6859,4961,0
rep3,1.6883,4962,0
rep3,1.6901,4963,0
rep3,1.6999,4964,0
rep3,1.7028,4965,0
rep3,1.7051,4966,0
rep3,1.7075,4967,0
rep3,1.7097,4968,0
rep3,1.7132,4969,0
rep3,1.7139,4970,0
rep3,1.7143,4971,0
rep3,1.717,4972,0
rep3,1.7205,4973,0
rep3,1.7219,4974,0
rep3,1.727,4975,0
rep3,1.7282,4976,0
rep3,1.7294,4977,0
rep3,1.7305,4978,0
rep3,1.7321,4979,0
rep3,1.7575,4980,0
rep3,1.7631,4981,0
rep3,1.7655,4982,0
rep3,1.7687,4983,0
rep3,1.769,4984,0
rep3,1.7694,4985,0
rep3,1.7701,4986,0
rep3,1.7704,4987,0
rep3,1.7782,4988,0
rep3,1.7872,4989,0
rep3,1.7905,4990,0
rep3,1.7987,4991,0
rep3,1.8031,4992,0
rep3,1.8043,4993,0
rep3,1.8107,4994,0
rep3,1.8108,4995,0
rep3,1.8132,4996,0
rep3,1.8332,4997,0
rep3,1.8453,4998,0
rep3,1.8457,4999,0
rep3,1.8712,5000,0
rep3,1.8817,5001,0
rep3,1.9011,5002,0
rep3,1.9282,5003,0
rep3,1.9286,5004,0
rep3,1.9439,5005,0
rep3,1.978,5006,0
rep3,1.986,5007,0
rep3,2.0151,5008,0
rep3,2.0175,5009,0
rep3,2.0199,5010,0
rep3,2.0235,5011,0
rep3,2.0252,5012,0
rep3,2.0278,5013,0
rep3,2.0296,5014,0
rep3,2.036,5015,0
rep3,2.0479,5016,0
rep3,2.0482,5017,0
rep3,2.0485,5018,0
rep3,2.0486,5019,0
rep3,2.0487,5020,0
rep3,2.0491,5021,0
rep3,2.0492,5022,0
rep3,2.0496,5023,0
rep3,2.0499,5024,0
rep3,2.0501,5025,0
rep3,2.0505,5026,0
rep3,2.0505,5027,0
rep3,2.0507,5028,0
rep3,2.0508,5029,0
rep3,2.0509,5030,0
rep3,2.0513,5031,0
rep3,2.0515,5032,0
rep3,2.0519,5033,0
rep3,2.0524,5034,0
rep3,2.0525,5035,0
rep3,2.0531,5036,0
rep3,2.0532,5037,0
rep3,2.0533,5038,0
rep3,2.0533,5039,0
rep3,2.054,5040,0
rep3,2.0541,5041,0
rep3,2.0543,5042,0
rep3,2.0551,5043,0
rep3,2.0553,5044,0
rep3,2.0562,5045,0
rep3,2.0567,5046,0
rep3,2.0572,5047,0
rep3,2.0576,5048,0
rep3,2.0577,5049,0
rep3,2.0577,5050,0
rep3,2.0577,5051,0
rep3,2.0579,5052,0
rep3,2.0592,5053,0
rep3,2.0599,5054,0
rep3,2.0619,5055,0
rep3,2.0622,5056,0
rep3,2.0648,5057,0
rep3,2.0702,5058,0
rep3,2.0704,5059,0
rep3,2.0813,5060,0
rep3,2.0816,5061,0
rep3,2.0816,5062,0
rep3,2.0816,5063,0
rep3,2.0817,5064,0
rep3,2.0818,5065,0
rep3,2.0819,5066,0
rep3,2.0819,5067,0
rep3,2.0819,5068,0
rep3,2.0821,5069,0
rep3,2.0821,5070,0
rep3,2.0823,5071,0
rep3,2.0827,5072,0
rep3,2.0827,5073,0
rep3,2.0827,5074,0
rep3,2.0828,5075,0
rep3,2.0829,5076,0
rep3,2.0833,5077,0
rep3,2.0835,5078,0
rep3,2.0835,5079,0
rep3,2.0835,5080,0
rep3,2.0837,5081,0
rep3,2.0837,5082,0
rep3,2.0839,5083,0
rep3,2.084,5084,0
rep3,2.0841,5085,0
rep3,2.0844,5086,0
rep3,2.0844,5087,0
rep3,2.0845,5088,0
rep3,2.0846,5089,0
rep3,2.0848,5090,0
rep3,2.0849,5091,0
rep3,2.0851,5092,0
rep3,2.0851,5093,0
rep3,2.0853,5094,0
rep3,2.0853,5095,0
rep3,2.0853,5096,0
rep3,2.0853,5097,0
rep3,2.0856,5098,0
rep3,2.0857,5099,0
rep3,2.0858,5100,0
rep3,2.0859,5101,0
rep3,2.0859,5102,0
rep3,2.086,5103,0
rep3,2.0862,5104,0
rep3,2.0862,5105,0
rep3,2.0862,5106,0
rep3,2.0864,5107,0
rep3,2.0864,5108,0
rep3,2.0865,5109,0
rep3,2.0872,5110,0
rep3,2.0872,5111,0
rep3,2.0877,5112,0
rep3,2.0877,5113,0
rep3,2.0878,5114,0
rep3,2.0878,5115,0
rep3,2.0879,5116,0
rep3,2.0879,5117,0
rep3,2.088,5118,0
rep3,2.0882,5119,0
rep3,2.0884,5120,0
rep3,2.0888,5121,0
rep3,2.0889,5122,0
rep3,2.0893,5123,0
rep3,2.0893,5124,0
rep3,2.0894,5125,0
rep3,2.0897,5126,0
rep3,2.0897,5127,0
rep3,2.0898,5128,0
rep3,2.0899,5129,0
rep3,2.0901,5130,0
rep3,2.0903,5131,0
rep3,2.0903,5132,0
rep3,2.0907,5133,0
rep3,2.0907,5134,0
rep3,2.0908,5135,0
rep3,2.091,5136,0
rep3,2.091,5137,0
rep3,2.091,5138,0
rep3,2.0914,5139,0
rep3,2.0917,5140,0
rep3,2.0919,5141,0
rep3,2.0921,5142,0
rep3,2.0921,5143,0
rep3,2.093,5144,0
rep3,2.0932,5145,0
rep3,2.0934,5146,0
rep3,2.0943,5147,0
rep3,2.0946,5148,0
rep3,2.095,5149,0
rep3,2.0954,5150,0
rep3,2.0958,5151,0
rep3,2.096,5152,0
rep3,2.0962,5153,0
rep3,2.0964,5154,0
rep3,2.0969,5155,0
rep3,2.0972,5156,0
rep3,2.0973,5157,0
rep3,2.0977,5158,0
rep3,2.0984,5159,0
rep3,2.0988,5160,0
rep3,2.0997,5161,0
rep3,2.0999,5162,0
rep3,2.1004,5163,0
rep3,2.1016,5164,0
rep3,2.1021,5165,0
rep3,2.1024,5166,0
rep3,2.1035,5167,0
rep3,2.104,5168,0
rep3,2.1058,5169,0
rep3,2.1092,5170,0
rep3,2.1106,5171,0
rep3,2.1145,5172,0
rep3,2.1146,5173,0
rep3,2.115,5174,0
rep3,2.1152,5175,0
rep3,2.1153,5176,0
rep3,2.1154,5177,0
rep3,2.1154,5178,0
rep3,2.1154,5179,0
rep3,2.1156,5180,0
rep3,2.1156,5181,0
rep3,2.1157,5182,0
rep3,2.1157,5183,0
rep3,2.1157,5184,0
rep3,2.116,5185,0
rep3,2.116,5186,0
rep3,2.116,5187,0
rep3,2.1161,5188,0
rep3,2.1162,5189,0
rep3,2.1162,5190,0
rep3,2.1162,5191,0
rep3,2.1163,5192,0
rep3,2.1163,5193,0
rep3,2.1164,5194,0
rep3,2.1165,5195,0
rep3,2.1166,5196,0
rep3,2.1166,5197,0
rep3,2.1168,5198,0
rep3,2.1169,5199,0
rep3,2.1171,5200,0
rep3,2.1173,5201,0
rep3,2.1176,5202,0
rep3,2.1176,5203,0
rep3,2.1178,5204,0
rep3,2.1178,5205,0
rep3,2.1179,5206,0
rep3,2.118,5207,0
rep3,2.1181,5208,0
rep3,2.1183,5209,0
rep3,2.1184,5210,0
rep3,2.1187,5211,0
rep3,2.1189,5212,0
rep3,2.119,5213,0
rep3,2.1191,5214,0
rep3,2.1193,5215,0
rep3,2.1195,5216,0
rep3,2.1195,5217,0
rep3,2.1204,5218,0
rep3,2.1208,5219,0
rep3,2.1209,5220,0
rep3,2.121,5221,0
rep3,2.1213,5222,0
rep3,2.1214,5223,0
rep3,2.1214,5224,0
rep3,2.1215,5225,0
rep3,2.1215,5226,0
rep3,2.1215,5227,0
rep3,2.1216,5228,0
rep3,2.1216,5229,0
rep3,2.1216,5230,0
rep3,2.1218,5231,0
rep3,2.1219,5232,0
rep3,2.1219,5233,0
rep3,2.1219,5234,0
rep3,2.1221,5235,0
rep3,2.1222,5236,0
rep3,2.1224,5237,0
rep3,2.1224,5238,0
rep3,2.1225,5239,0
rep3,2.1227,5240,0
rep3,2.1227,5241,0
rep3,2.1231,5242,0
rep3,2.1232,5243,0
rep3,2.1235,5244,0
rep3,2.1236,5245,0
rep3,2.1239,5246,0
rep3,2.1246,5247,0
rep3,2.1252,5248,0
rep3,2.1256,5249,0
rep3,2.1259,5250,0
rep3,2.1263,5251,0
rep3,2.1266,5252,0
rep3,2.1268,5253,0
rep3,2.1274,5254,0
rep3,2.1279,5255,0
rep3,2.128,5256,0
rep3,2.1284,5257,0
rep3,2.1286,5258,0
rep3,2.1289,5259,0
rep3,2.1295,5260,0
rep3,2.1298,5261,0
rep3,2.13,5262,0
rep3,2.131,5263,0
rep3,2.1312,5264,0
rep3,2.1315,5265,0
rep3,2.1337,5266,0
rep3,2.1343,5267,0
rep3,2.1346,5268,0
rep3,2.135,5269,0
rep3,2.1351,5270,0
rep3,2.1352,5271,0
rep3,2.1354,5272,0
rep3,2.1362,5273,0
rep3,2.1395,5274,0
rep3,2.1416,5275,0
rep3,2.146,5276,0
rep3,2.1482,5277,0
rep3,2.1482,5278,0
rep3,2.1483,5279,0
rep3,2.1483,5280,0
rep3,2.1484,5281,0
rep3,2.1485,5282,0
rep3,2.1485,5283,0
rep3,2.1486,5284,0
rep3,2.1486,5285,0
rep3,2.1486,5286,0
rep3,2.1487,5287,0
rep3,2.1487,5288,0
rep3,2.1488,5289,0
rep3,2.1489,5290,0
rep3,2.149,5291,0
rep3,2.1491,5292,0
rep3,2.1491,5293,0
rep3,2.1491,5294,0
rep3,2.1491,5295,0
rep3,2.1492,5296,0
rep3,2.1492,5297,0
rep3,2.1493,5298,0
rep3,2.1495,5299,0
rep3,2.1495,5300,0
rep3,2.1497,5301,0
rep3,2.1499,5302,0
rep3,2.1499,5303,0
rep3,2.1499,5304,0
rep3,2.1501,5305,0
rep3,2.1501,5306,0
rep3,2.1506,5307,0
rep3,2.1506,5308,0
rep3,2.1507,5309,0
rep3,2.1508,5310,0
rep3,2.1509,5311,0
rep3,2.151,5312,0
rep3,2.1511,5313,0
rep3,2.1513,5314,0
rep3,2.1513,5315,0
rep3,2.1516,5316,0
rep3,2.1516,5317,0
rep3,2.1519,5318,0
rep3,2.1519,5319,0
rep3,2.1522,5320,0
rep3,2.1523,5321,0
rep3,2.1524,5322,0
rep3,2.1526,5323,0
rep3,2.1526,5324,0
rep3,2.1527,5325,0
rep3,2.1528,5326,0
rep3,2.1529,5327,0
rep3,2.1529,5328,0
rep3,2.1532,5329,0
rep3,2.1532,5330,0
rep3,2.1535,5331,0
rep3,2.1536,5332,0
rep3,2.1537,5333,0
rep3,2.1538,5334,0
rep3,2.154,5335,0
rep3,2.1544,5336,0
rep3,2.1544,5337,0
rep3,2.1544,5338,0
rep3,2.1546,5339,0
rep3,2.155,5340,0
rep3,2.1551,5341,0
rep3,2.1553,5342,0
rep3,2.1556,5343,0
rep3,2.1556,5344,0
rep3,2.1557,5345,0
rep3,2.1558,5346,0
rep3,2.1559,5347,0
rep3,2.1559,5348,0
rep3,2.1559,5349,0
rep3,2.1561,5350,0
rep3,2.1561,5351,0
rep3,2.1564,5352,0
rep3,2.1565,5353,0
rep3,2.1565,5354,0
rep3,2.1567,5355,0
rep3,2.1568,5356,0
rep3,2.1572,5357,0
rep3,2.1588,5358,0
rep3,2.1589,5359,0
rep3,2.159,5360,0
rep3,2.1591,5361,0
rep3,2.1592,5362,0
rep3,2.1598,5363,0
rep3,2.1599,5364,0
rep3,2.1603,5365,0
rep3,2.1603,5366,0
rep3,2.1604,5367,0
rep3,2.1605,5368,0
rep3,2.1607,5369,0
rep3,2.161,5370,0
rep3,2.1612,5371,0
rep3,2.1618,5372,0
rep3,2.1619,5373,0
rep3,2.1626,5374,0
rep3,2.163,5375,0
rep3,2.1632,5376,0
rep3,2.1633,5377,0
rep3,2.1639,5378,0
rep3,2.164,5379,0
rep3,2.1642,5380,0
rep3,2.1643,5381,0
rep3,2.1647,5382,0
rep3,2.1652,5383,0
rep3,2.1674,5384,0
rep3,2.1674,5385,0
rep3,2.1678,5386,0
rep3,2.168,5387,0
rep3,2.1683,5388,0
rep3,2.1691,5389,0
rep3,2.1692,5390,0
rep3,2.1708,5391,0
rep3,2.171,5392,0
rep3,2.171,5393,0
rep3,2.1713,5394,0
rep3,2.1723,5395,0
rep3,2.1734,5396,0
rep3,2.176,5397,0
rep3,2.1761,5398,0
rep3,2.1762,5399,0
rep3,2.1765,5400,0
rep3,2.1766,5401,0
rep3,2.1772,5402,0
rep3,2.1773,5403,0
rep3,2.1792,5404,0
rep3,2.1798,5405,0
rep3,2.1802,5406,0
rep3,2.1809,5407,0
rep3,2.1815,5408,0
rep3,2.1817,5409,0
rep3,2.1817,5410,0
rep3,2.182,5411,0
rep3,2.1821,5412,0
rep3,2.1821,5413,0
rep3,2.1821,5414,0
rep3,2.1823,5415,0
rep3,2.1825,5416,0
rep3,2.1827,5417,0
rep3,2.1827,5418,0
rep3,2.1828,5419,0
rep3,2.1828,5420,0
rep3,2.183,5421,0
rep3,2.183,5422,0
rep3,2.1831,5423,0
rep3,2.1832,5424,0
rep3,2.1834,5425,0
rep3,2.1834,5426,0
rep3,2.1837,5427,0
rep3,2.1837,5428,0
rep3,2.1838,5429,0
rep3,2.1839,5430,0
rep3,2.1841,5431,0
rep3,2.1842,5432,0
rep3,2.1842,5433,0
rep3,2.1843,5434,0
rep3,2.1845,5435,0
rep3,2.1846,5436,0
rep3,2.1846,5437,0
rep3,2.1849,5438,0
rep3,2.1849,5439,0
rep3,2.1849,5440,0
rep3,2.1849,5441,0
rep3,2.1849,5442,0
rep3,2.185,5443,0
rep3,2.1852,5444,0
rep3,2.1852,5445,0
rep3,2.1857,5446,0
rep3,2.1858,5447,0
rep3,2.1859,5448,0
rep3,2.186,5449,0
rep3,2.1861,5450,0
rep3,2.1861,5451,0
rep3,2.1862,5452,0
rep3,2.1863,5453,0
rep3,2.1863,5454,0
rep3,2.1868,5455,0
rep3,2.1869,5456,0
rep3,2.187,5457,0
rep3,2.1871,5458,0
rep3,2.1874,5459,0
rep3,2.1875,5460,0
rep3,2.1875,5461,0
rep3,2.1875,5462,0
rep3,2.1885,5463,0
rep3,2.1885,5464,0
rep3,2.1889,5465,0
rep3,2.1889,5466,0
rep3,2.1889,5467,0
rep3,2.189,5468,0
rep3,2.1893,5469,0
rep3,2.1897,5470,0
rep3,2.1903,5471,0
rep3,2.1905,5472,0
rep3,2.1908,5473,0
rep3,2.1912,5474,0
rep3,2.1916,5475,0
rep3,2.1917,5476,0
rep3,2.1919,5477,0
rep3,2.1921,5478,0
rep3,2.1928,5479,0
rep3,2.1929,5480,0
rep3,2.193,5481,0
rep3,2.1934,5482,0
rep3,2.1938,5483,0
rep3,2.194,5484,0
rep3,2.1941,5485,0
rep3,2.1942,5486,0
rep3,2.1948,5487,0
rep3,2.1948,5488,0
rep3,2.1951,5489,0
rep3,2.1954,5490,0
rep3,2.1956,5491,0
rep3,2.1963,5492,0
rep3,2.1966,5493,0
rep3,2.1969,5494,0
rep3,2.1971,5495,0
rep3,2.1972,5496,0
rep3,2.1978,5497,0
rep3,2.1979,5498,0
rep3,2.1989,5499,0
rep3,2.1992,5500,0
rep3,2.201,5501,0
rep3,2.2024,5502,0
rep3,2.2025,5503,0
rep3,2.2044,5504,0
rep3,2.2053,5505,0
rep3,2.2058,5506,0
rep3,2.2062,5507,0
rep3,2.2072,5508,0
rep3,2.2074,5509,0
rep3,2.2081,5510,0
rep3,2.2086,5511,0
rep3,2.2088,5512,0
rep3,2.2108,5513,0
rep3,2.2119,5514,0
rep3,2.2121,5515,0
rep3,2.2123,5516,0
rep3,2.213,5517,0
rep3,2.2148,5518,0
rep3,2.2148,5519,0
rep3,2.2149,5520,0
rep3,2.215,5521,0
rep3,2.215,5522,0
rep3,2.2151,5523,0
rep3,2.2152,5524,0
rep3,2.2154,5525,0
rep3,2.2154,5526,0
rep3,2.2154,5527,0
rep3,2.2155,5528,0
rep3,2.2155,5529,0
rep3,2.2155,5530,0
rep3,2.2156,5531,0
rep3,2.2158,5532,0
rep3,2.2158,5533,0
rep3,2.2159,5534,0
rep3,2.2159,5535,0
rep3,2.2159,5536,0
rep3,2.2161,5537,0
rep3,2.2161,5538,0
rep3,2.2161,5539,0
rep3,2.2163,5540,0
rep3,2.2164,5541,0
rep3,2.2165,5542,0
rep3,2.2165,5543,0
rep3,2.2167,5544,0
rep3,2.217,5545,0
rep3,2.217,5546,0
rep3,2.2171,5547,0
rep3,2.2171,5548,0
rep3,2.2171,5549,0
rep3,2.2172,5550,0
rep3,2.2172,5551,0
rep3,2.2173,5552,0
rep3,2.2173,5553,0
rep3,2.2175,5554,0
rep3,2.2177,5555,0
rep3,2.218,5556,0
rep3,2.2181,5557,0
rep3,2.2181,5558,0
rep3,2.2182,5559,0
rep3,2.2186,5560,0
rep3,2.2186,5561,0
rep3,2.2188,5562,0
rep3,2.2188,5563,0
rep3,2.219,5564,0
rep3,2.2191,5565,0
rep3,2.2196,5566,0
rep3,2.2196,5567,0
rep3,2.2196,5568,0
rep3,2.2196,5569,0
rep3,2.2196,5570,0
rep3,2.2197,5571,0
rep3,2.2201,5572,0
rep3,2.2202,5573,0
rep3,2.2203,5574,0
rep3,2.2204,5575,0
rep3,2.2211,5576,0
rep3,2.2213,5577,0
rep3,2.2214,5578,0
rep3,2.2214,5579,0
rep3,2.2215,5580,0
rep3,2.2217,5581,0
rep3,2.222,5582,0
rep3,2.222,5583,0
rep3,2.2221,5584,0
rep3,2.2221,5585,0
rep3,2.2222,5586,0
rep3,2.2222,5587,0
rep3,2.2222,5588,0
rep3,2.2225,5589,0
rep3,2.2228,5590,0
rep3,2.2229,5591,0
rep3,2.223,5592,0
rep3,2.2233,5593,0
rep3,2.2235,5594,0
rep3,2.2236,5595,0
rep3,2.2238,5596,0
rep3,2.224,5597,0
rep3,2.2249,5598,0
rep3,2.2253,5599,0
rep3,2.2254,5600,0
rep3,2.2255,5601,0
rep3,2.2256,5602,0
rep3,2.2258,5603,0
rep3,2.2259,5604,0
rep3,2.2263,5605,0
rep3,2.2264,5606,0
rep3,2.2267,5607,0
