rep,t_over_ttl,cum_rehold,cum_duplicate
rep1,1.0096,1,0
rep1,1.0096,2,0
rep1,1.0098,3,0
rep1,1.0099,4,0
rep1,1.01,5,0
rep1,1.0103,6,0
rep1,1.0104,7,0
rep1,1.0105,8,0
rep1,1.0108,9,0
rep1,1.0109,10,0
rep1,1.011,11,0
rep1,1.0113,12,0
rep1,1.0113,13,0
rep1,1.0113,14,0
rep1,1.0115,15,0
rep1,1.0116,16,0
rep1,1.0118,17,0
rep1,1.012,18,0
rep1,1.0122,19,0
rep1,1.0123,20,0
rep1,1.0123,21,0
rep1,1.0124,22,0
rep1,1.0126,23,0
rep1,1.0127,24,0
rep1,1.0128,25,0
rep1,1.0131,26,0
rep1,1.0135,27,0
rep1,1.0138,28,0
rep1,1.0142,29,0
rep1,1.0144,30,0
rep1,1.0145,31,0
rep1,1.0146,32,0
rep1,1.0147,33,0
rep1,1.0148,34,0
rep1,1.015,35,0
rep1,1.0152,36,0
rep1,1.0153,37,0
rep1,1.0155,38,0
rep1,1.0155,39,0
rep1,1.0156,40,0
rep1,1.0157,41,0
rep1,1.0158,42,0
rep1,1.016,43,0
rep1,1.0162,44,0
rep1,1.0162,45,0
rep1,1.0169,46,0
rep1,1.017,47,0
rep1,1.0171,48,0
rep1,1.0174,49,0
rep1,1.0177,50,0
rep1,1.0181,51,0
rep1,1.0182,52,0
rep1,1.019,53,0
rep1,1.0194,54,0
rep1,1.0209,55,0
rep1,1.0209,56,0
rep1,1.021,57,0
rep1,1.0214,58,0
rep1,1.0217,59,0
rep1,1.022,60,0
rep1,1.0222,61,0
rep1,1.0223,62,0
rep1,1.0226,63,0
rep1,1.0234,64,0
rep1,1.0244,65,0
rep1,1.0244,66,0
rep1,1.0266,67,0
rep1,1.0267,68,0
rep1,1.027,69,0
rep1,1.0274,70,0
rep1,1.0278,71,0
rep1,1.0279,72,0
rep1,1.032,73,0
rep1,1.0372,74,0
rep1,1.0381,75,0
rep1,1.0393,76,0
rep1,1.0424,77,0
rep1,1.043,78,0
rep1,1.0431,79,0
rep1,1.0431,80,0
rep1,1.0431,81,0
rep1,1.0431,82,0
rep1,1.0432,83,0
rep1,1.0432,84,0
rep1,1.0432,85,0
rep1,1.0432,86,0
rep1,1.0432,87,0
rep1,1.0432,88,0
rep1,1.0433,89,0
rep1,1.0433,90,0
rep1,1.0433,91,0
rep1,1.0433,92,0
rep1,1.0434,93,0
rep1,1.0434,94,0
rep1,1.0435,95,0
rep1,1.0435,96,0
rep1,1.0435,97,0
rep1,1.0436,98,0
rep1,1.0436,99,0
rep1,1.0436,100,0
rep1,1.0438,101,0
rep1,1.0438,102,0
rep1,1.0438,103,0
rep1,1.0438,104,0
rep1,1.0439,105,0
rep1,1.044,106,0
rep1,1.044,107,0
rep1,1.044,108,0
rep1,1.0441,109,0
rep1,1.0441,110,0
rep1,1.0441,111,0
rep1,1.0442,112,0
rep1,1.0443,113,0
rep1,1.0443,114,0
rep1,1.0443,115,0
rep1,1.0444,116,0
rep1,1.0444,117,0
rep1,1.0445,118,0
rep1,1.0445,119,0
rep1,1.0445,120,0
rep1,1.0445,121,0
rep1,1.0445,122,0
rep1,1.0446,123,0
rep1,1.0446,124,0
rep1,1.0446,125,0
rep1,1.0447,126,0
rep1,1.0447,127,0
rep1,1.0447,128,0
rep1,1.0448,129,0
rep1,1.0448,130,0
rep1,1.0448,131,0
rep1,1.0448,132,0
rep1,1.0449,133,0
rep1,1.045,134,0
rep1,1.045,135,0
rep1,1.0451,136,0
rep1,1.0451,137,0
rep1,1.0451,138,0
rep1,1.0451,139,0
rep1,1.0452,140,0
rep1,1.0452,141,0
rep1,1.0453,142,0
rep1,1.0453,143,0
rep1,1.0453,144,0
rep1,1.0453,145,0
rep1,1.0454,146,0
rep1,1.0455,147,0
rep1,1.0456,148,0
rep1,1.0456,149,0
rep1,1.0457,150,0
rep1,1.0457,151,0
rep1,1.0457,152,0
rep1,1.0458,153,0
rep1,1.0458,154,0
rep1,1.0458,155,0
rep1,1.0459,156,0
rep1,1.0459,157,0
rep1,1.0459,158,0
rep1,1.046,159,0
rep1,1.046,160,0
rep1,1.046,161,0
rep1,1.0461,162,0
rep1,1.0461,163,0
rep1,1.0462,164,0
rep1,1.0464,165,0
rep1,1.0464,166,0
rep1,1.0464,167,0
rep1,1.0465,168,0
rep1,1.0465,169,0
rep1,1.0466,170,0
rep1,1.0466,171,0
rep1,1.0467,172,0
rep1,1.0469,173,0
rep1,1.0469,174,0
rep1,1.047,175,0
rep1,1.047,176,0
rep1,1.0471,177,0
rep1,1.0471,178,0
rep1,1.0472,179,0
rep1,1.0473,180,0
rep1,1.0473,181,0
rep1,1.0473,182,0
rep1,1.0473,183,0
rep1,1.0474,184,0
rep1,1.0475,185,0
rep1,1.0476,186,0
rep1,1.0476,187,0
rep1,1.0476,188,0
rep1,1.0476,189,0
rep1,1.0478,190,0
rep1,1.0478,191,0
rep1,1.0478,192,0
rep1,1.0478,193,0
rep1,1.0479,194,0
rep1,1.0479,195,0
rep1,1.048,196,0
rep1,1.048,197,0
rep1,1.0481,198,0
rep1,1.0481,199,0
rep1,1.0481,200,0
rep1,1.0482,201,0
rep1,1.0483,202,0
rep1,1.0483,203,0
rep1,1.0483,204,0
rep1,1.0484,205,0
rep1,1.0484,206,0
rep1,1.0485,207,0
rep1,1.0486,208,0
rep1,1.0487,209,0
rep1,1.0487,210,0
rep1,1.0487,211,0
rep1,1.0488,212,0
rep1,1.0488,213,0
rep1,1.0489,214,0
rep1,1.049,215,0
rep1,1.049,216,0
rep1,1.049,217,0
rep1,1.0491,218,0
rep1,1.0493,219,0
rep1,1.0494,220,0
rep1,1.0495,221,0
rep1,1.0496,222,0
rep1,1.0496,223,0
rep1,1.0496,224,0
rep1,1.0496,225,0
rep1,1.0496,226,0
rep1,1.0496,227,0
rep1,1.0497,228,0
rep1,1.0498,229,0
rep1,1.0498,230,0
rep1,1.0498,231,0
rep1,1.0499,232,0
rep1,1.0499,233,0
rep1,1.0499,234,0
rep1,1.05,235,0
rep1,1.0501,236,0
rep1,1.0504,237,0
rep1,1.0505,238,0
rep1,1.0505,239,0
rep1,1.0507,240,0
rep1,1.0508,241,0
rep1,1.0509,242,0
rep1,1.051,243,0
rep1,1.0511,244,0
rep1,1.0511,245,0
rep1,1.0512,246,0
rep1,1.0513,247,0
rep1,1.0513,248,0
rep1,1.0515,249,0
rep1,1.0516,250,0
rep1,1.0516,251,0
rep1,1.0516,252,0
rep1,1.0517,253,0
rep1,1.0517,254,0
rep1,1.0517,255,0
rep1,1.0517,256,0
rep1,1.0518,257,0
rep1,1.0519,258,0
rep1,1.052,259,0
rep1,1.052,260,0
rep1,1.0521,261,0
rep1,1.0521,262,0
rep1,1.0521,263,0
rep1,1.0522,264,0
rep1,1.0523,265,0
rep1,1.0527,266,0
rep1,1.0527,267,0
rep1,1.0529,268,0
rep1,1.0529,269,0
rep1,1.053,270,0
rep1,1.053,271,0
rep1,1.053,272,0
rep1,1.0531,273,0
rep1,1.0532,274,0
rep1,1.0533,275,0
rep1,1.0533,276,0
rep1,1.0535,277,0
rep1,1.0539,278,0
rep1,1.0539,279,0
rep1,1.054,280,0
rep1,1.0541,281,0
rep1,1.0542,282,0
rep1,1.0542,283,0
rep1,1.0543,284,0
rep1,1.0543,285,0
rep1,1.0546,286,0
rep1,1.0548,287,0
rep1,1.0549,288,0
rep1,1.055,289,0
rep1,1.0551,290,0
rep1,1.0551,291,0
rep1,1.0551,292,0
rep1,1.0553,293,0
rep1,1.0554,294,0
rep1,1.0555,295,0
rep1,1.0558,296,0
rep1,1.0559,297,0
rep1,1.0559,298,0
rep1,1.056,299,0
rep1,1.056,300,0
rep1,1.0562,301,0
rep1,1.0565,302,0
rep1,1.0566,303,0
rep1,1.0567,304,0
rep1,1.0567,305,0
rep1,1.0567,306,0
rep1,1.057,307,0
rep1,1.0571,308,0
rep1,1.0572,309,0
rep1,1.0572,310,0
rep1,1.0574,311,0
rep1,1.0577,312,0
rep1,1.0577,313,0
rep1,1.0578,314,0
rep1,1.058,315,0
rep1,1.0581,316,0
rep1,1.0582,317,0
rep1,1.0583,318,0
rep1,1.0584,319,0
rep1,1.0585,320,0
rep1,1.0585,321,0
rep1,1.0585,322,0
rep1,1.059,323,0
rep1,1.0594,324,0
rep1,1.0595,325,0
rep1,1.0597,326,0
rep1,1.0598,327,0
rep1,1.0599,328,0
rep1,1.0601,329,0
rep1,1.0602,330,0
rep1,1.0607,331,0
rep1,1.0607,332,0
rep1,1.0609,333,0
rep1,1.0609,334,0
rep1,1.0611,335,0
rep1,1.0611,336,0
rep1,1.0613,337,0
rep1,1.0617,338,0
rep1,1.0618,339,0
rep1,1.062,340,0
rep1,1.0622,341,0
rep1,1.0623,342,0
rep1,1.0623,343,0
rep1,1.0626,344,0
rep1,1.0627,345,0
rep1,1.0628,346,0
rep1,1.0628,347,0
rep1,1.063,348,0
rep1,1.063,349,0
rep1,1.0631,350,0
rep1,1.0631,351,0
rep1,1.0632,352,0
rep1,1.0632,353,0
rep1,1.0633,354,0
rep1,1.0636,355,0
rep1,1.0638,356,0
rep1,1.0638,357,0
rep1,1.0638,358,0
rep1,1.0639,359,0
rep1,1.0639,360,0
rep1,1.0642,361,0
rep1,1.0644,362,0
rep1,1.0647,363,0
rep1,1.0647,364,0
rep1,1.0652,365,0
rep1,1.0655,366,0
rep1,1.0655,367,0
rep1,1.0656,368,0
rep1,1.0657,369,0
rep1,1.0661,370,0
rep1,1.0663,371,0
rep1,1.0673,372,0
rep1,1.0673,373,0
rep1,1.0681,374,0
rep1,1.0683,375,0
rep1,1.0686,376,0
rep1,1.0686,377,0
rep1,1.0689,378,0
rep1,1.0693,379,0
rep1,1.0698,380,0
rep1,1.07,381,0
rep1,1.0703,382,0
rep1,1.0705,383,0
rep1,1.0707,384,0
rep1,1.0709,385,0
rep1,1.0709,386,0
rep1,1.072,387,0
rep1,1.0722,388,0
rep1,1.0724,389,0
rep1,1.073,390,0
rep1,1.0741,391,0
rep1,1.0745,392,0
rep1,1.0747,393,0
rep1,1.0753,394,0
rep1,1.0757,395,0
rep1,1.0766,396,0
rep1,1.0766,397,0
rep1,1.0766,398,0
rep1,1.0767,399,0
rep1,1.0768,400,0
rep1,1.0769,401,0
rep1,1.0769,402,0
rep1,1.0769,403,0
rep1,1.077,404,0
rep1,1.0772,405,0
rep1,1.0772,406,0
rep1,1.0774,407,0
rep1,1.0775,408,0
rep1,1.0775,409,0
rep1,1.0777,410,0
rep1,1.0779,411,0
rep1,1.0779,412,0
rep1,1.0779,413,0
rep1,1.078,414,0
rep1,1.0781,415,0
rep1,1.0782,416,0
rep1,1.0784,417,0
rep1,1.0784,418,0
rep1,1.0785,419,0
rep1,1.0787,420,0
rep1,1.0787,421,0
rep1,1.079,422,0
rep1,1.079,423,0
rep1,1.079,424,0
rep1,1.079,425,0
rep1,1.0792,426,0
rep1,1.0793,427,0
rep1,1.0793,428,0
rep1,1.0793,429,0
rep1,1.0794,430,0
rep1,1.0796,431,0
rep1,1.0797,432,0
rep1,1.0797,433,0
rep1,1.0798,434,0
rep1,1.0801,435,0
rep1,1.0801,436,0
rep1,1.0801,437,0
rep1,1.0802,438,0
rep1,1.0802,439,0
rep1,1.0803,440,0
rep1,1.0804,441,0
rep1,1.0805,442,0
rep1,1.0805,443,0
rep1,1.0806,444,0
rep1,1.0807,445,0
rep1,1.0808,446,0
rep1,1.0808,447,0
rep1,1.0809,448,0
rep1,1.081,449,0
rep1,1.0811,450,0
rep1,1.0812,451,0
rep1,1.0812,452,0
rep1,1.0814,453,0
rep1,1.0815,454,0
rep1,1.0816,455,0
rep1,1.082,456,0
rep1,1.0821,457,0
rep1,1.0822,458,0
rep1,1.0826,459,0
rep1,1.0827,460,0
rep1,1.0827,461,0
rep1,1.0829,462,0
rep1,1.0829,463,0
rep1,1.083,464,0
rep1,1.0833,465,0
rep1,1.0834,466,0
rep1,1.0836,467,0
rep1,1.0837,468,0
rep1,1.0837,469,0
rep1,1.0837,470,0
rep1,1.0838,471,0
rep1,1.0839,472,0
rep1,1.0841,473,0
rep1,1.0842,474,0
rep1,1.0842,475,0
rep1,1.0842,476,0
rep1,1.0847,477,0
rep1,1.085,478,0
rep1,1.0851,479,0
rep1,1.0854,480,0
rep1,1.0855,481,0
rep1,1.0857,482,0
rep1,1.0858,483,0
rep1,1.0858,484,0
rep1,1.0859,485,0
rep1,1.0861,486,0
rep1,1.0864,487,0
rep1,1.0864,488,0
rep1,1.0868,489,0
rep1,1.0868,490,0
rep1,1.0869,491,0
rep1,1.0871,492,0
rep1,1.0873,493,0
rep1,1.0873,494,0
rep1,1.0874,495,0
rep1,1.0874,496,0
rep1,1.0878,497,0
rep1,1.0881,498,0
rep1,1.0881,499,0
rep1,1.0885,500,0
rep1,1.0887,501,0
rep1,1.089,502,0
rep1,1.0891,503,0
rep1,1.0894,504,0
rep1,1.0895,505,0
rep1,1.0897,506,0
rep1,1.0897,507,0
rep1,1.0901,508,0
rep1,1.0905,509,0
rep1,1.0907,510,0
rep1,1.091,511,0
rep1,1.091,512,0
rep1,1.0914,513,0
rep1,1.0915,514,0
rep1,1.0921,515,0
rep1,1.0921,516,0
rep1,1.0922,517,0
rep1,1.0924,518,0
rep1,1.0924,519,0
rep1,1.0925,520,0
rep1,1.0925,521,0
rep1,1.0929,522,0
rep1,1.0929,523,0
rep1,1.0932,524,0
rep1,1.0932,525,0
rep1,1.0937,526,0
rep1,1.0937,527,0
rep1,1.0939,528,0
rep1,1.0943,529,0
rep1,1.0945,530,0
rep1,1.0948,531,0
rep1,1.0954,532,0
rep1,1.0957,533,0
rep1,1.0957,534,0
rep1,1.0962,535,0
rep1,1.0962,536,0
rep1,1.0966,537,0
rep1,1.0969,538,0
rep1,1.097,539,0
rep1,1.0971,540,0
rep1,1.0972,541,0
rep1,1.0973,542,0
rep1,1.0975,543,0
rep1,1.0979,544,0
rep1,1.0982,545,0
rep1,1.0983,546,0
rep1,1.0983,547,0
rep1,1.0984,548,0
rep1,1.0985,549,0
rep1,1.0989,550,0
rep1,1.0993,551,0
rep1,1.0994,552,0
rep1,1.0996,553,0
rep1,1.0999,554,0
rep1,1.1004,555,0
rep1,1.1004,556,0
rep1,1.1005,557,0
rep1,1.1006,558,0
rep1,1.1007,559,0
rep1,1.1007,560,0
rep1,1.1007,561,0
rep1,1.1011,562,0
rep1,1.1016,563,0
rep1,1.1018,564,0
rep1,1.102,565,0
rep1,1.1024,566,0
rep1,1.1031,567,0
rep1,1.1038,568,0
rep1,1.1046,569,0
rep1,1.1052,570,0
rep1,1.1052,571,0
rep1,1.1054,572,0
rep1,1.1057,573,0
rep1,1.106,574,0
rep1,1.1064,575,0
rep1,1.1066,576,0
rep1,1.1067,577,0
rep1,1.1079,578,0
rep1,1.1083,579,0
rep1,1.1086,580,0
rep1,1.1088,581,0
rep1,1.1091,582,0
rep1,1.1093,583,0
rep1,1.1095,584,0
rep1,1.11,585,0
rep1,1.1102,586,0
rep1,1.1105,587,0
rep1,1.1106,588,0
rep1,1.1107,589,0
rep1,1.1108,590,0
rep1,1.1109,591,0
rep1,1.111,592,0
rep1,1.1111,593,0
rep1,1.1112,594,0
rep1,1.1113,595,0
rep1,1.1114,596,0
rep1,1.1116,597,0
rep1,1.1116,598,0
rep1,1.1118,599,0
rep1,1.1119,600,0
rep1,1.1121,601,0
rep1,1.1123,602,0
rep1,1.1126,603,0
rep1,1.1127,604,0
rep1,1.113,605,0
rep1,1.1132,606,0
rep1,1.1132,607,0
rep1,1.1133,608,0
rep1,1.1134,609,0
rep1,1.1135,610,0
rep1,1.1136,611,0
rep1,1.1138,612,0
rep1,1.1139,613,0
rep1,1.114,614,0
rep1,1.1143,615,0
rep1,1.1143,616,0
rep1,1.1144,617,0
rep1,1.1145,618,0
rep1,1.1149,619,0
rep1,1.1157,620,0
rep1,1.1158,621,0
rep1,1.116,622,0
rep1,1.1161,623,0
rep1,1.1161,624,0
rep1,1.1164,625,0
rep1,1.1164,626,0
rep1,1.1164,627,0
rep1,1.1167,628,0
rep1,1.1169,629,0
rep1,1.1171,630,0
rep1,1.1172,631,0
rep1,1.1175,632,0
rep1,1.1175,633,0
rep1,1.1177,634,0
rep1,1.1177,635,0
rep1,1.1178,636,0
rep1,1.1179,637,0
rep1,1.1181,638,0
rep1,1.1182,639,0
rep1,1.1187,640,0
rep1,1.119,641,0
rep1,1.1191,642,0
rep1,1.1193,643,0
rep1,1.1195,644,0
rep1,1.1197,645,0
rep1,1.1198,646,0
rep1,1.1199,647,0
rep1,1.12,648,0
rep1,1.1201,649,0
rep1,1.1203,650,0
rep1,1.1206,651,0
rep1,1.1208,652,0
rep1,1.121,653,0
rep1,1.1211,654,0
rep1,1.1216,655,0
rep1,1.1219,656,0
rep1,1.1219,657,0
rep1,1.122,658,0
rep1,1.1225,659,0
rep1,1.1229,660,0
rep1,1.123,661,0
rep1,1.1232,662,0
rep1,1.1236,663,0
rep1,1.1237,664,0
rep1,1.1241,665,0
rep1,1.1247,666,0
rep1,1.1248,667,0
rep1,1.1248,668,0
rep1,1.1248,669,0
rep1,1.1249,670,0
rep1,1.1255,671,0
rep1,1.1259,672,0
rep1,1.1268,673,0
rep1,1.1269,674,0
rep1,1.127,675,0
rep1,1.1271,676,0
rep1,1.1272,677,0
rep1,1.1275,678,0
rep1,1.1276,679,0
rep1,1.128,680,0
rep1,1.1281,681,0
rep1,1.1281,682,0
rep1,1.1284,683,0
rep1,1.1285,684,0
rep1,1.1288,685,0
rep1,1.1289,686,0
rep1,1.1293,687,0
rep1,1.1295,688,0
rep1,1.13,689,0
rep1,1.1302,690,0
rep1,1.1311,691,0
rep1,1.1313,692,0
rep1,1.1315,693,0
rep1,1.1315,694,0
rep1,1.1318,695,0
rep1,1.1322,696,0
rep1,1.1323,697,0
rep1,1.1323,698,0
rep1,1.1324,699,0
rep1,1.1325,700,0
rep1,1.1326,701,0
rep1,1.1327,702,0
rep1,1.1336,703,0
rep1,1.1339,704,0
rep1,1.134,705,0
rep1,1.134,706,0
rep1,1.1348,707,0
rep1,1.1352,708,0
rep1,1.1352,709,0
rep1,1.1355,710,0
rep1,1.1356,711,0
rep1,1.1356,712,0
rep1,1.1358,713,0
rep1,1.1359,714,0
rep1,1.1359,715,0
rep1,1.1362,716,0
rep1,1.1362,717,0
rep1,1.1366,718,0
rep1,1.1374,719,0
rep1,1.1375,720,0
rep1,1.1375,721,0
rep1,1.1376,722,0
rep1,1.1379,723,0
rep1,1.1382,724,0
rep1,1.1382,725,0
rep1,1.1382,726,0
rep1,1.1384,727,0
rep1,1.1391,728,0
rep1,1.1392,729,0
rep1,1.1393,730,0
rep1,1.1397,731,0
rep1,1.14,732,0
rep1,1.14,733,0
rep1,1.1401,734,0
rep1,1.1403,735,0
rep1,1.1403,736,0
rep1,1.1407,737,0
rep1,1.141,738,0
rep1,1.1417,739,0
rep1,1.1424,740,0
rep1,1.1426,741,0
rep1,1.1427,742,0
rep1,1.1429,743,0
rep1,1.1433,744,0
rep1,1.1433,745,0
rep1,1.1434,746,0
rep1,1.1434,747,0
rep1,1.1435,748,0
rep1,1.1437,749,0
rep1,1.1437,750,0
rep1,1.1438,751,0
rep1,1.1438,752,0
rep1,1.144,753,0
rep1,1.1441,754,0
rep1,1.1442,755,0
rep1,1.1443,756,0
rep1,1.1445,757,0
rep1,1.1446,758,0
rep1,1.1447,759,0
rep1,1.1451,760,0
rep1,1.1455,761,0
rep1,1.1456,762,0
rep1,1.1459,763,0
rep1,1.146,764,0
rep1,1.1463,765,0
rep1,1.1463,766,0
rep1,1.1463,767,0
rep1,1.1468,768,0
rep1,1.1468,769,0
rep1,1.147,770,0
rep1,1.1473,771,0
rep1,1.1473,772,0
rep1,1.1474,773,0
rep1,1.1474,774,0
rep1,1.1475,775,0
rep1,1.1476,776,0
rep1,1.148,777,0
rep1,1.1481,778,0
rep1,1.1483,779,0
rep1,1.1485,780,0
rep1,1.1485,781,0
rep1,1.1487,782,0
rep1,1.1489,783,0
rep1,1.1491,784,0
rep1,1.1494,785,0
rep1,1.1498,786,0
rep1,1.1499,787,0
rep1,1.1499,788,0
rep1,1.15,789,0
rep1,1.1502,790,0
rep1,1.1504,791,0
rep1,1.1504,792,0
rep1,1.1507,793,0
rep1,1.1509,794,0
rep1,1.151,795,0
rep1,1.1516,796,0
rep1,1.1522,797,0
rep1,1.1527,798,0
rep1,1.1527,799,0
rep1,1.1528,800,0
rep1,1.1528,801,0
rep1,1.1529,802,0
rep1,1.1532,803,0
rep1,1.1533,804,0
rep1,1.1536,805,0
rep1,1.1536,806,0
rep1,1.1542,807,0
rep1,1.1544,808,0
rep1,1.1544,809,0
rep1,1.1545,810,0
rep1,1.1547,811,0
rep1,1.1549,812,0
rep1,1.155,813,0
rep1,1.1552,814,0
rep1,1.1552,815,0
rep1,1.1552,816,0
rep1,1.1554,817,0
rep1,1.1555,818,0
rep1,1.1555,819,0
rep1,1.1556,820,0
rep1,1.1556,821,0
rep1,1.1561,822,0
rep1,1.1565,823,0
rep1,1.1569,824,0
rep1,1.157,825,0
rep1,1.157,826,0
rep1,1.1572,827,0
rep1,1.1573,828,0
rep1,1.1573,829,0
rep1,1.1574,830,0
rep1,1.1575,831,0
rep1,1.1578,832,0
rep1,1.1586,833,0
rep1,1.1587,834,0
rep1,1.1587,835,0
rep1,1.1589,836,0
rep1,1.1592,837,0
rep1,1.1595,838,0
rep1,1.1595,839,0
rep1,1.1598,840,0
rep1,1.1599,841,0
rep1,1.16,842,0
rep1,1.1603,843,0
rep1,1.1605,844,0
rep1,1.1606,845,0
rep1,1.1606,846,0
rep1,1.1611,847,0
rep1,1.1613,848,0
rep1,1.1615,849,0
rep1,1.1615,850,0
rep1,1.1622,851,0
rep1,1.1628,852,0
rep1,1.1628,853,0
rep1,1.1633,854,0
rep1,1.1636,855,0
rep1,1.1637,856,0
rep1,1.1637,857,0
rep1,1.164,858,0
rep1,1.1642,859,0
rep1,1.1645,860,0
rep1,1.1646,861,0
rep1,1.1651,862,0
rep1,1.1651,863,0
rep1,1.1656,864,0
rep1,1.1656,865,0
rep1,1.1657,866,0
rep1,1.1657,867,0
rep1,1.1659,868,0
rep1,1.1663,869,0
rep1,1.1668,870,0
rep1,1.1669,871,0
rep1,1.1672,872,0
rep1,1.1674,873,0
rep1,1.1674,874,0
rep1,1.1674,875,0
rep1,1.1676,876,0
rep1,1.1676,877,0
rep1,1.1679,878,0
rep1,1.1679,879,0
rep1,1.1681,880,0
rep1,1.1683,881,0
rep1,1.1684,882,0
rep1,1.169,883,0
rep1,1.1694,884,0
rep1,1.1695,885,0
rep1,1.1696,886,0
rep1,1.1702,887,0
rep1,1.1703,888,0
rep1,1.1705,889,0
rep1,1.1709,890,0
rep1,1.171,891,0
rep1,1.1711,892,0
rep1,1.1718,893,0
rep1,1.1722,894,0
rep1,1.1722,895,0
rep1,1.1726,896,0
rep1,1.1727,897,0
rep1,1.1727,898,0
rep1,1.1729,899,0
rep1,1.1731,900,0
rep1,1.1732,901,0
rep1,1.1736,902,0
rep1,1.1738,903,0
rep1,1.174,904,0
rep1,1.174,905,0
rep1,1.1742,906,0
rep1,1.1744,907,0
rep1,1.1744,908,0
rep1,1.1745,909,0
rep1,1.1748,910,0
rep1,1.1753,911,0
rep1,1.1755,912,0
rep1,1.1756,913,0
rep1,1.1756,914,0
rep1,1.1756,915,0
rep1,1.1757,916,0
rep1,1.1758,917,0
rep1,1.1758,918,0
rep1,1.1762,919,0
rep1,1.1766,920,0
rep1,1.1767,921,0
rep1,1.1769,922,0
rep1,1.177,923,0
rep1,1.177,924,0
rep1,1.1772,925,0
rep1,1.1773,926,0
rep1,1.1773,927,0
rep1,1.1774,928,0
rep1,1.1776,929,0
rep1,1.1776,930,0
rep1,1.1778,931,0
rep1,1.1779,932,0
rep1,1.178,933,0
rep1,1.178,934,0
rep1,1.1782,935,0
rep1,1.1785,936,0
rep1,1.1787,937,0
rep1,1.1787,938,0
rep1,1.1788,939,0
rep1,1.1789,940,0
rep1,1.1791,941,0
rep1,1.1792,942,0
rep1,1.1795,943,0
rep1,1.1796,944,0
rep1,1.1799,945,0
rep1,1.18,946,0
rep1,1.18,947,0
rep1,1.18,948,0
rep1,1.1802,949,0
rep1,1.1803,950,0
rep1,1.1804,951,0
rep1,1.1805,952,0
rep1,1.1805,953,0
rep1,1.1807,954,0
rep1,1.1808,955,0
rep1,1.1811,956,0
rep1,1.1811,957,0
rep1,1.1811,958,0
rep1,1.1812,959,0
rep1,1.1812,960,0
rep1,1.1818,961,0
rep1,1.1818,962,0
rep1,1.1821,963,0
rep1,1.1822,964,0
rep1,1.1824,965,0
rep1,1.1825,966,0
rep1,1.1827,967,0
rep1,1.1828,968,0
rep1,1.1829,969,0
rep1,1.183,970,0
rep1,1.1831,971,0
rep1,1.1831,972,0
rep1,1.1832,973,0
rep1,1.1833,974,0
rep1,1.1836,975,0
rep1,1.1839,976,0
rep1,1.184,977,0
rep1,1.1841,978,0
rep1,1.1843,979,0
rep1,1.1849,980,0
rep1,1.185,981,0
rep1,1.1851,982,0
rep1,1.1854,983,0
rep1,1.1854,984,0
rep1,1.1855,985,0
rep1,1.1859,986,0
rep1,1.1859,987,0
rep1,1.186,988,0
rep1,1.1864,989,0
rep1,1.1865,990,0
rep1,1.1866,991,0
rep1,1.1868,992,0
rep1,1.1868,993,0
rep1,1.1869,994,0
rep1,1.1876,995,0
rep1,1.1877,996,0
rep1,1.1877,997,0
rep1,1.1881,998,0
rep1,1.1882,999,0
rep1,1.1882,1000,0
rep1,1.1882,1001,0
rep1,1.1885,1002,0
rep1,1.1887,1003,0
rep1,1.1891,1004,0
rep1,1.1892,1005,0
rep1,1.1893,1006,0
rep1,1.1897,1007,0
rep1,1.1899,1008,0
rep1,1.1902,1009,0
rep1,1.1902,1010,0
rep1,1.1903,1011,0
rep1,1.1904,1012,0
rep1,1.1905,1013,0
rep1,1.1907,1014,0
rep1,1.1908,1015,0
rep1,1.1913,1016,0
rep1,1.1915,1017,0
rep1,1.1916,1018,0
rep1,1.1918,1019,0
rep1,1.1919,1020,0
rep1,1.192,1021,0
rep1,1.1922,1022,0
rep1,1.1923,1023,0
rep1,1.1924,1024,0
rep1,1.1925,1025,0
rep1,1.193,1026,0
rep1,1.1932,1027,0
rep1,1.1932,1028,0
rep1,1.1933,1029,0
rep1,1.1934,1030,0
rep1,1.1937,1031,0
rep1,1.1937,1032,0
rep1,1.1938,1033,0
rep1,1.1939,1034,0
rep1,1.194,1035,0
rep1,1.1941,1036,0
rep1,1.1942,1037,0
rep1,1.1944,1038,0
rep1,1.1944,1039,0
rep1,1.1946,1040,0
rep1,1.1947,1041,0
rep1,1.195,1042,0
rep1,1.195,1043,0
rep1,1.1955,1044,0
rep1,1.1956,1045,0
rep1,1.1958,1046,0
rep1,1.1958,1047,0
rep1,1.1958,1048,0
rep1,1.196,1049,0
rep1,1.1961,1050,0
rep1,1.1972,1051,0
rep1,1.1974,1052,0
rep1,1.1977,1053,0
rep1,1.1981,1054,0
rep1,1.1981,1055,0
rep1,1.1986,1056,0
rep1,1.1986,1057,0
rep1,1.1987,1058,0
rep1,1.1988,1059,0
rep1,1.1988,1060,0
rep1,1.199,1061,0
rep1,1.1991,1062,0
rep1,1.1993,1063,0
rep1,1.1993,1064,0
rep1,1.1994,1065,0
rep1,1.1997,1066,0
rep1,1.1998,1067,0
rep1,1.1999,1068,0
rep1,1.1999,1069,0
rep1,1.2,1070,0
rep1,1.2002,1071,0
rep1,1.2003,1072,0
rep1,1.2004,1073,0
rep1,1.2005,1074,0
rep1,1.2008,1075,0
rep1,1.2009,1076,0
rep1,1.2011,1077,0
rep1,1.2012,1078,0
rep1,1.2017,1079,0
rep1,1.2018,1080,0
rep1,1.2019,1081,0
rep1,1.2019,1082,0
rep1,1.202,1083,0
rep1,1.2024,1084,0
rep1,1.2025,1085,0
rep1,1.2025,1086,0
rep1,1.2029,1087,0
rep1,1.2029,1088,0
rep1,1.2031,1089,0
rep1,1.2032,1090,0
rep1,1.2036,1091,0
rep1,1.2036,1092,0
rep1,1.2036,1093,0
rep1,1.2036,1094,0
rep1,1.204,1095,0
rep1,1.2041,1096,0
rep1,1.2044,1097,0
rep1,1.2045,1098,0
rep1,1.2046,1099,0
rep1,1.2047,1100,0
rep1,1.2048,1101,0
rep1,1.2048,1102,0
rep1,1.205,1103,0
rep1,1.2054,1104,0
rep1,1.2062,1105,0
rep1,1.2062,1106,0
rep1,1.2064,1107,0
rep1,1.2065,1108,0
rep1,1.2066,1109,0
rep1,1.2066,1110,0
rep1,1.2067,1111,0
rep1,1.2075,1112,0
rep1,1.2076,1113,0
rep1,1.2081,1114,0
rep1,1.2084,1115,0
rep1,1.2085,1116,0
rep1,1.2086,1117,0
rep1,1.2087,1118,0
rep1,1.2095,1119,0
rep1,1.2101,1120,0
rep1,1.2101,1121,0
rep1,1.2104,1122,0
rep1,1.2104,1123,0
rep1,1.2105,1124,0
rep1,1.2105,1125,0
rep1,1.2106,1126,0
rep1,1.2106,1127,0
rep1,1.2109,1128,0
rep1,1.2114,1129,0
rep1,1.2115,1130,0
rep1,1.2117,1131,0
rep1,1.212,1132,0
rep1,1.2122,1133,0
rep1,1.2127,1134,0
rep1,1.2127,1135,0
rep1,1.2128,1136,0
rep1,1.2129,1137,0
rep1,1.2129,1138,0
rep1,1.2131,1139,0
rep1,1.2132,1140,0
rep1,1.2133,1141,0
rep1,1.2134,1142,0
rep1,1.2135,1143,0
rep1,1.2136,1144,0
rep1,1.2137,1145,0
rep1,1.2139,1146,0
rep1,1.2141,1147,0
rep1,1.2142,1148,0
rep1,1.2144,1149,0
rep1,1.2149,1150,0
rep1,1.215,1151,0
rep1,1.2154,1152,0
rep1,1.2155,1153,0
rep1,1.2155,1154,0
rep1,1.216,1155,0
rep1,1.2162,1156,0
rep1,1.2163,1157,0
rep1,1.2165,1158,0
rep1,1.2165,1159,0
rep1,1.2166,1160,0
rep1,1.2169,1161,0
rep1,1.217,1162,0
rep1,1.2174,1163,0
rep1,1.2176,1164,0
rep1,1.2178,1165,0
rep1,1.2179,1166,0
rep1,1.2182,1167,0
rep1,1.2185,1168,0
rep1,1.2187,1169,0
rep1,1.2193,1170,0
rep1,1.2193,1171,0
rep1,1.2197,1172,0
rep1,1.2199,1173,0
rep1,1.22,1174,0
rep1,1.2208,1175,0
rep1,1.2208,1176,0
rep1,1.2211,1177,0
rep1,1.2217,1178,0
rep1,1.2219,1179,0
rep1,1.2223,1180,0
rep1,1.2223,1181,0
rep1,1.2225,1182,0
rep1,1.2226,1183,0
rep1,1.2228,1184,0
rep1,1.2229,1185,0
rep1,1.2231,1186,0
rep1,1.2231,1187,0
rep1,1.2232,1188,0
rep1,1.2232,1189,0
rep1,1.2235,1190,0
rep1,1.2235,1191,0
rep1,1.2237,1192,0
rep1,1.2237,1193,0
rep1,1.2237,1194,0
rep1,1.2237,1195,0
rep1,1.2243,1196,0
rep1,1.2246,1197,0
rep1,1.2249,1198,0
rep1,1.2252,1199,0
rep1,1.2255,1200,0
rep1,1.2257,1201,0
rep1,1.2257,1202,0
rep1,1.226,1203,0
rep1,1.226,1204,0
rep1,1.2261,1205,0
rep1,1.2262,1206,0
rep1,1.2262,1207,0
rep1,1.2267,1208,0
rep1,1.2268,1209,0
rep1,1.2269,1210,0
rep1,1.2277,1211,0
rep1,1.228,1212,0
rep1,1.228,1213,0
rep1,1.2281,1214,0
rep1,1.2283,1215,0
rep1,1.2284,1216,0
rep1,1.2287,1217,0
rep1,1.229,1218,0
rep1,1.2298,1219,0
rep1,1.2298,1220,0
rep1,1.2302,1221,0
rep1,1.2303,1222,0
rep1,1.2303,1223,0
rep1,1.2305,1224,0
rep1,1.2317,1225,0
rep1,1.232,1226,0
rep1,1.2321,1227,0
rep1,1.2325,1228,0
rep1,1.2326,1229,0
rep1,1.2327,1230,0
rep1,1.233,1231,0
rep1,1.233,1232,0
rep1,1.2332,1233,0
rep1,1.2333,1234,0
rep1,1.2334,1235,0
rep1,1.2335,1236,0
rep1,1.2341,1237,0
rep1,1.2343,1238,0
rep1,1.2343,1239,0
rep1,1.2344,1240,0
rep1,1.2347,1241,0
rep1,1.235,1242,0
rep1,1.235,1243,0
rep1,1.2354,1244,0
rep1,1.2359,1245,0
rep1,1.2363,1246,0
rep1,1.2368,1247,0
rep1,1.2369,1248,0
rep1,1.2375,1249,0
rep1,1.2377,1250,0
rep1,1.2378,1251,0
rep1,1.2379,1252,0
rep1,1.238,1253,0
rep1,1.2383,1254,0
rep1,1.2385,1255,0
rep1,1.2386,1256,0
rep1,1.2386,1257,0
rep1,1.2387,1258,0
rep1,1.239,1259,0
rep1,1.239,1260,0
rep1,1.2391,1261,0
rep1,1.2398,1262,0
rep1,1.2399,1263,0
rep1,1.24,1264,0
rep1,1.2402,1265,0
rep1,1.2405,1266,0
rep1,1.2407,1267,0
rep1,1.2409,1268,0
rep1,1.2413,1269,0
rep1,1.2413,1270,0
rep1,1.2416,1271,0
rep1,1.2418,1272,0
rep1,1.2418,1273,0
rep1,1.242,1274,0
rep1,1.2421,1275,0
rep1,1.2422,1276,0
rep1,1.2425,1277,0
rep1,1.2426,1278,0
rep1,1.243,1279,0
rep1,1.2434,1280,0
rep1,1.2435,1281,0
rep1,1.2437,1282,0
rep1,1.2437,1283,0
rep1,1.2442,1284,0
rep1,1.2442,1285,0
rep1,1.2443,1286,0
rep1,1.2444,1287,0
rep1,1.2446,1288,0
rep1,1.2453,1289,0
rep1,1.2455,1290,0
rep1,1.2456,1291,0
rep1,1.2456,1292,0
rep1,1.2458,1293,0
rep1,1.2461,1294,0
rep1,1.2462,1295,0
rep1,1.2463,1296,0
rep1,1.2467,1297,0
rep1,1.2468,1298,0
rep1,1.2471,1299,0
rep1,1.2473,1300,0
rep1,1.2474,1301,0
rep1,1.2477,1302,0
rep1,1.2477,1303,0
rep1,1.2478,1304,0
rep1,1.2479,1305,0
rep1,1.2481,1306,0
rep1,1.2485,1307,0
rep1,1.2486,1308,0
rep1,1.2487,1309,0
rep1,1.2487,1310,0
rep1,1.2488,1311,0
rep1,1.2489,1312,0
rep1,1.249,1313,0
rep1,1.2496,1314,0
rep1,1.2502,1315,0
rep1,1.2503,1316,0
rep1,1.2506,1317,0
rep1,1.2506,1318,0
rep1,1.2512,1319,0
rep1,1.2514,1320,0
rep1,1.2515,1321,0
rep1,1.2517,1322,0
rep1,1.2518,1323,0
rep1,1.252,1324,0
rep1,1.2526,1325,0
rep1,1.2527,1326,0
rep1,1.2531,1327,0
rep1,1.2532,1328,0
rep1,1.2533,1329,0
rep1,1.2534,1330,0
rep1,1.2535,1331,0
rep1,1.2537,1332,0
rep1,1.2538,1333,0
rep1,1.2538,1334,0
rep1,1.254,1335,0
rep1,1.2542,1336,0
rep1,1.2544,1337,0
rep1,1.2549,1338,0
rep1,1.2551,1339,0
rep1,1.2552,1340,0
rep1,1.2554,1341,0
rep1,1.2554,1342,0
rep1,1.2556,1343,0
rep1,1.2556,1344,0
rep1,1.2558,1345,0
rep1,1.2559,1346,0
rep1,1.2561,1347,0
rep1,1.2563,1348,0
rep1,1.2566,1349,0
rep1,1.2568,1350,0
rep1,1.2575,1351,0
rep1,1.2576,1352,0
rep1,1.2582,1353,0
rep1,1.2584,1354,0
rep1,1.2587,1355,0
rep1,1.2588,1356,0
rep1,1.2591,1357,0
rep1,1.2594,1358,0
rep1,1.2595,1359,0
rep1,1.2597,1360,0
rep1,1.2599,1361,0
rep1,1.26,1362,0
rep1,1.26,1363,0
rep1,1.2602,1364,0
rep1,1.2603,1365,0
rep1,1.2607,1366,0
rep1,1.2609,1367,0
rep1,1.261,1368,0
rep1,1.2615,1369,0
rep1,1.2615,1370,0
rep1,1.2618,1371,0
rep1,1.2619,1372,0
rep1,1.2619,1373,0
rep1,1.2619,1374,0
rep1,1.262,1375,0
rep1,1.2623,1376,0
rep1,1.2626,1377,0
rep1,1.2627,1378,0
rep1,1.2631,1379,0
rep1,1.2632,1380,0
rep1,1.2632,1381,0
rep1,1.2635,1382,0
rep1,1.2638,1383,0
rep1,1.2639,1384,0
rep1,1.264,1385,0
rep1,1.2644,1386,0
rep1,1.2647,1387,0
rep1,1.2647,1388,0
rep1,1.2649,1389,0
rep1,1.2651,1390,0
rep1,1.2653,1391,0
rep1,1.2655,1392,0
rep1,1.2656,1393,0
rep1,1.2657,1394,0
rep1,1.2657,1395,0
rep1,1.266,1396,0
rep1,1.2666,1397,0
rep1,1.2666,1398,0
rep1,1.2669,1399,0
rep1,1.267,1400,0
rep1,1.2675,1401,0
rep1,1.2683,1402,0
rep1,1.2686,1403,0
rep1,1.2686,1404,0
rep1,1.2695,1405,0
rep1,1.27,1406,0
rep1,1.2706,1407,0
rep1,1.271,1408,0
rep1,1.271,1409,0
rep1,1.271,1410,0
rep1,1.2712,1411,0
rep1,1.2713,1412,0
rep1,1.2714,1413,0
rep1,1.2719,1414,0
rep1,1.2721,1415,0
rep1,1.2725,1416,0
rep1,1.2727,1417,0
rep1,1.2728,1418,0
rep1,1.2728,1419,0
rep1,1.273,1420,0
rep1,1.2731,1421,0
rep1,1.2731,1422,0
rep1,1.2733,1423,0
rep1,1.2734,1424,0
rep1,1.2735,1425,0
rep1,1.2741,1426,0
rep1,1.2743,1427,0
rep1,1.2744,1428,0
rep1,1.2745,1429,0
rep1,1.2746,1430,0
rep1,1.2746,1431,0
rep1,1.2753,1432,0
rep1,1.2754,1433,0
rep1,1.2754,1434,0
rep1,1.2755,1435,0
rep1,1.2758,1436,0
rep1,1.2761,1437,0
rep1,1.2765,1438,0
rep1,1.2773,1439,0
rep1,1.2774,1440,0
rep1,1.2775,1441,0
rep1,1.2777,1442,0
rep1,1.2777,1443,0
rep1,1.2781,1444,0
rep1,1.2782,1445,0
rep1,1.2784,1446,0
rep1,1.2789,1447,0
rep1,1.2793,1448,0
rep1,1.2794,1449,0
rep1,1.2796,1450,0
rep1,1.2799,1451,0
rep1,1.28,1452,0
rep1,1.28,1453,0
rep1,1.2801,1454,0
rep1,1.2807,1455,0
rep1,1.2807,1456,0
rep1,1.2814,1457,0
rep1,1.2816,1458,0
rep1,1.2816,1459,0
rep1,1.2817,1460,0
rep1,1.2819,1461,0
rep1,1.2826,1462,0
rep1,1.2828,1463,0
rep1,1.2829,1464,0
rep1,1.2831,1465,0
rep1,1.2833,1466,0
rep1,1.2849,1467,0
rep1,1.2857,1468,0
rep1,1.2863,1469,0
rep1,1.2865,1470,0
rep1,1.2866,1471,0
rep1,1.2872,1472,0
rep1,1.2873,1473,0
rep1,1.2873,1474,0
rep1,1.2877,1475,0
rep1,1.2878,1476,0
rep1,1.2878,1477,0
rep1,1.2879,1478,0
rep1,1.288,1479,0
rep1,1.2882,1480,0
rep1,1.2886,1481,0
rep1,1.2888,1482,0
rep1,1.2888,1483,0
rep1,1.289,1484,0
rep1,1.2906,1485,0
rep1,1.2908,1486,0
rep1,1.2911,1487,0
rep1,1.2917,1488,0
rep1,1.2926,1489,0
rep1,1.2926,1490,0
rep1,1.2927,1491,0
rep1,1.2931,1492,0
rep1,1.2933,1493,0
rep1,1.2935,1494,0
rep1,1.2936,1495,0
rep1,1.2936,1496,0
rep1,1.2937,1497,0
rep1,1.2939,1498,0
rep1,1.2939,1499,0
rep1,1.2941,1500,0
rep1,1.2942,1501,0
rep1,1.2944,1502,0
rep1,1.2945,1503,0
rep1,1.2951,1504,0
rep1,1.2952,1505,0
rep1,1.2959,1506,0
rep1,1.296,1507,0
rep1,1.2964,1508,0
rep1,1.2965,1509,0
rep1,1.297,1510,0
rep1,1.297,1511,0
rep1,1.2971,1512,0
rep1,1.2971,1513,0
rep1,1.2974,1514,0
rep1,1.2975,1515,0
rep1,1.2975,1516,0
rep1,1.2977,1517,0
rep1,1.2979,1518,0
rep1,1.2988,1519,0
rep1,1.2992,1520,0
rep1,1.2992,1521,0
rep1,1.2993,1522,0
rep1,1.2994,1523,0
rep1,1.2997,1524,0
rep1,1.2998,1525,0
rep1,1.3002,1526,0
rep1,1.3002,1527,0
rep1,1.3003,1528,0
rep1,1.3006,1529,0
rep1,1.3006,1530,0
rep1,1.3008,1531,0
rep1,1.3008,1532,0
rep1,1.3018,1533,0
rep1,1.3024,1534,0
rep1,1.3024,1535,0
rep1,1.3035,1536,0
rep1,1.3038,1537,0
rep1,1.3039,1538,0
rep1,1.3042,1539,0
rep1,1.3043,1540,0
rep1,1.3043,1541,0
rep1,1.3043,1542,0
rep1,1.3045,1543,0
rep1,1.3045,1544,0
rep1,1.3047,1545,0
rep1,1.3055,1546,0
rep1,1.3055,1547,0
rep1,1.3063,1548,0
rep1,1.3064,1549,0
rep1,1.3065,1550,0
rep1,1.3069,1551,0
rep1,1.3074,1552,0
rep1,1.3076,1553,0
rep1,1.3077,1554,0
rep1,1.3081,1555,0
rep1,1.3085,1556,0
rep1,1.3085,1557,0
rep1,1.3086,1558,0
rep1,1.3091,1559,0
rep1,1.3099,1560,0
rep1,1.3114,1561,0
rep1,1.3115,1562,0
rep1,1.3118,1563,0
rep1,1.312,1564,0
rep1,1.3124,1565,0
rep1,1.3124,1566,0
rep1,1.3125,1567,0
rep1,1.3125,1568,0
rep1,1.3126,1569,0
rep1,1.3127,1570,0
rep1,1.3134,1571,0
rep1,1.3135,1572,0
rep1,1.3138,1573,0
rep1,1.314,1574,0
rep1,1.314,1575,0
rep1,1.3142,1576,0
rep1,1.315,1577,0
rep1,1.3154,1578,0
rep1,1.3156,1579,0
rep1,1.3156,1580,0
rep1,1.3162,1581,0
rep1,1.3166,1582,0
rep1,1.3172,1583,0
rep1,1.3177,1584,0
rep1,1.318,1585,0
rep1,1.3182,1586,0
rep1,1.3182,1587,0
rep1,1.3182,1588,0
rep1,1.3183,1589,0
rep1,1.3188,1590,0
rep1,1.3197,1591,0
rep1,1.3198,1592,0
rep1,1.3201,1593,0
rep1,1.3203,1594,0
rep1,1.3203,1595,0
rep1,1.3206,1596,0
rep1,1.3209,1597,0
rep1,1.3214,1598,0
rep1,1.322,1599,0
rep1,1.322,1600,0
rep1,1.3223,1601,0
rep1,1.3226,1602,0
rep1,1.3226,1603,0
rep1,1.3226,1604,0
rep1,1.3229,1605,0
rep1,1.323,1606,0
rep1,1.3232,1607,0
rep1,1.3233,1608,0
rep1,1.3237,1609,0
rep1,1.3238,1610,0
rep1,1.324,1611,0
rep1,1.3247,1612,0
rep1,1.3248,1613,0
rep1,1.3249,1614,0
rep1,1.325,1615,0
rep1,1.3253,1616,0
rep1,1.3267,1617,0
rep1,1.3269,1618,0
rep1,1.3276,1619,0
rep1,1.3281,1620,0
rep1,1.3287,1621,0
rep1,1.3292,1622,0
rep1,1.3295,1623,0
rep1,1.3296,1624,0
rep1,1.33,1625,0
rep1,1.33,1626,0
rep1,1.331,1627,0
rep1,1.3317,1628,0
rep1,1.3318,1629,0
rep1,1.3318,1630,0
rep1,1.3318,1631,0
rep1,1.3321,1632,0
rep1,1.3322,1633,0
rep1,1.3331,1634,0
rep1,1.3332,1635,0
rep1,1.3333,1636,0
rep1,1.3339,1637,0
rep1,1.334,1638,0
rep1,1.3345,1639,0
rep1,1.3348,1640,0
rep1,1.3352,1641,0
rep1,1.3355,1642,0
rep1,1.3356,1643,0
rep1,1.3357,1644,0
rep1,1.3365,1645,0
rep1,1.3365,1646,0
rep1,1.3366,1647,0
rep1,1.3371,1648,0
rep1,1.3372,1649,0
rep1,1.3374,1650,0
rep1,1.3374,1651,0
rep1,1.338,1652,0
rep1,1.3383,1653,0
rep1,1.3383,1654,0
rep1,1.3383,1655,0
rep1,1.3389,1656,0
rep1,1.3389,1657,0
rep1,1.3389,1658,0
rep1,1.3393,1659,0
rep1,1.3393,1660,0
rep1,1.3401,1661,0
rep1,1.3402,1662,0
rep1,1.3404,1663,0
rep1,1.3412,1664,0
rep1,1.3414,1665,0
rep1,1.3415,1666,0
rep1,1.3421,1667,0
rep1,1.3423,1668,0
rep1,1.3426,1669,0
rep1,1.3429,1670,0
rep1,1.343,1671,0
rep1,1.3433,1672,0
rep1,1.344,1673,0
rep1,1.3445,1674,0
rep1,1.3447,1675,0
rep1,1.3448,1676,0
rep1,1.3451,1677,0
rep1,1.3454,1678,0
rep1,1.3464,1679,0
rep1,1.3468,1680,0
rep1,1.3468,1681,0
rep1,1.3478,1682,0
rep1,1.3481,1683,0
rep1,1.3489,1684,0
rep1,1.349,1685,0
rep1,1.3491,1686,0
rep1,1.3494,1687,0
rep1,1.3501,1688,0
rep1,1.3509,1689,0
rep1,1.351,1690,0
rep1,1.351,1691,0
rep1,1.3512,1692,0
rep1,1.3514,1693,0
rep1,1.3515,1694,0
rep1,1.3517,1695,0
rep1,1.3527,1696,0
rep1,1.3531,1697,0
rep1,1.3533,1698,0
rep1,1.3536,1699,0
rep1,1.3547,1700,0
rep1,1.3549,1701,0
rep1,1.3552,1702,0
rep1,1.3553,1703,0
rep1,1.3558,1704,0
rep1,1.3566,1705,0
rep1,1.3572,1706,0
rep1,1.3572,1707,0
rep1,1.3572,1708,0
rep1,1.3573,1709,0
rep1,1.3573,1710,0
rep1,1.3579,1711,0
rep1,1.3581,1712,0
rep1,1.3587,1713,0
rep1,1.3589,1714,0
rep1,1.3589,1715,0
rep1,1.3591,1716,0
rep1,1.3591,1717,0
rep1,1.3592,1718,0
rep1,1.3596,1719,0
rep1,1.36,1720,0
rep1,1.3601,1721,0
rep1,1.3607,1722,0
rep1,1.3611,1723,0
rep1,1.3614,1724,0
rep1,1.3615,1725,0
rep1,1.3617,1726,0
rep1,1.3617,1727,0
rep1,1.362,1728,0
rep1,1.3629,1729,0
rep1,1.3633,1730,0
rep1,1.3635,1731,0
rep1,1.3648,1732,0
rep1,1.3649,1733,0
rep1,1.3653,1734,0
rep1,1.3656,1735,0
rep1,1.3661,1736,0
rep1,1.3668,1737,0
rep1,1.3669,1738,0
rep1,1.3682,1739,0
rep1,1.3689,1740,0
rep1,1.3693,1741,0
rep1,1.3697,1742,0
rep1,1.37,1743,0
rep1,1.37,1744,0
rep1,1.372,1745,0
rep1,1.3724,1746,0
rep1,1.3741,1747,0
rep1,1.3746,1748,0
rep1,1.3752,1749,0
rep1,1.3755,1750,0
rep1,1.3759,1751,0
rep1,1.3772,1752,0
rep1,1.3783,1753,0
rep1,1.3791,1754,0
rep1,1.38,1755,0
rep1,1.3803,1756,0
rep1,1.3829,1757,0
rep1,1.3834,1758,0
rep1,1.3845,1759,0
rep1,1.3852,1760,0
rep1,1.3852,1761,0
rep1,1.3856,1762,0
rep1,1.3859,1763,0
rep1,1.3867,1764,0
rep1,1.3867,1765,0
rep1,1.3889,1766,0
rep1,1.389,1767,0
rep1,1.3901,1768,0
rep1,1.3902,1769,0
rep1,1.3904,1770,0
rep1,1.3908,1771,0
rep1,1.391,1772,0
rep1,1.3913,1773,0
rep1,1.3918,1774,0
rep1,1.3919,1775,0
rep1,1.3921,1776,0
rep1,1.3923,1777,0
rep1,1.3925,1778,0
rep1,1.3925,1779,0
rep1,1.3937,1780,0
rep1,1.3944,1781,0
rep1,1.3957,1782,0
rep1,1.3962,1783,0
rep1,1.3967,1784,0
rep1,1.3974,1785,0
rep1,1.3978,1786,0
rep1,1.3986,1787,0
rep1,1.3988,1788,0
rep1,1.3989,1789,0
rep1,1.399,1790,0
rep1,1.3993,1791,0
rep1,1.3997,1792,0
rep1,1.4001,1793,0
rep1,1.4008,1794,0
rep1,1.4015,1795,0
rep1,1.4017,1796,0
rep1,1.4021,1797,0
rep1,1.4024,1798,0
rep1,1.4026,1799,0
rep1,1.4027,1800,0
rep1,1.4034,1801,0
rep1,1.4042,1802,0
rep1,1.4042,1803,0
rep1,1.4046,1804,0
rep1,1.406,1805,0
rep1,1.4066,1806,0
rep1,1.4067,1807,0
rep1,1.4071,1808,0
rep1,1.4089,1809,0
rep1,1.4094,1810,0
rep1,1.4099,1811,0
rep1,1.4108,1812,0
rep1,1.4109,1813,0
rep1,1.4113,1814,0
rep1,1.4126,1815,0
rep1,1.4129,1816,0
rep1,1.4132,1817,0
rep1,1.4137,1818,0
rep1,1.4138,1819,0
rep1,1.4139,1820,0
rep1,1.4162,1821,0
rep1,1.4163,1822,0
rep1,1.4183,1823,0
rep1,1.4194,1824,0
rep1,1.4196,1825,0
rep1,1.4203,1826,0
rep1,1.4206,1827,0
rep1,1.421,1828,0
rep1,1.421,1829,0
rep1,1.4212,1830,0
rep1,1.4217,1831,0
rep1,1.422,1832,0
rep1,1.4221,1833,0
rep1,1.4224,1834,0
rep1,1.423,1835,0
rep1,1.423,1836,0
rep1,1.4238,1837,0
rep1,1.4243,1838,0
rep1,1.4252,1839,0
rep1,1.4267,1840,0
rep1,1.427,1841,0
rep1,1.4271,1842,0
rep1,1.4285,1843,0
rep1,1.4286,1844,0
rep1,1.4293,1845,0
rep1,1.4293,1846,0
rep1,1.4294,1847,0
rep1,1.4311,1848,0
rep1,1.4314,1849,0
rep1,1.4321,1850,0
rep1,1.4323,1851,0
rep1,1.4324,1852,0
rep1,1.4335,1853,0
rep1,1.4335,1854,0
rep1,1.4345,1855,0
rep1,1.4348,1856,0
rep1,1.4357,1857,0
rep1,1.4368,1858,0
rep1,1.4372,1859,0
rep1,1.4377,1860,0
rep1,1.4381,1861,0
rep1,1.4383,1862,0
rep1,1.4422,1863,0
rep1,1.4426,1864,0
rep1,1.4427,1865,0
rep1,1.444,1866,0
rep1,1.4441,1867,0
rep1,1.445,1868,0
rep1,1.4452,1869,0
rep1,1.4452,1870,0
rep1,1.4453,1871,0
rep1,1.4469,1872,0
rep1,1.447,1873,0
rep1,1.4478,1874,0
rep1,1.4482,1875,0
rep1,1.4484,1876,0
rep1,1.4497,1877,0
rep1,1.4506,1878,0
rep1,1.4509,1879,0
rep1,1.4516,1880,0
rep1,1.4522,1881,0
rep1,1.4523,1882,0
rep1,1.4546,1883,0
rep1,1.4556,1884,0
rep1,1.4558,1885,0
rep1,1.4564,1886,0
rep1,1.4579,1887,0
rep1,1.459,1888,0
rep1,1.4599,1889,0
rep1,1.4639,1890,0
rep1,1.4644,1891,0
rep1,1.4648,1892,0
rep1,1.4649,1893,0
rep1,1.4651,1894,0
rep1,1.4653,1895,0
rep1,1.4659,1896,0
rep1,1.466,1897,0
rep1,1.466,1898,0
rep1,1.4673,1899,0
rep1,1.4676,1900,0
rep1,1.4676,1901,0
rep1,1.4682,1902,0
rep1,1.4703,1903,0
rep1,1.4715,1904,0
rep1,1.4725,1905,0
rep1,1.4726,1906,0
rep1,1.474,1907,0
rep1,1.4744,1908,0
rep1,1.4747,1909,0
rep1,1.4753,1910,0
rep1,1.4757,1911,0
rep1,1.4761,1912,0
rep1,1.4781,1913,0
rep1,1.4813,1914,0
rep1,1.4822,1915,0
rep1,1.4831,1916,0
rep1,1.4839,1917,0
rep1,1.4884,1918,0
rep1,1.4898,1919,0
rep1,1.4899,1920,0
rep1,1.4918,1921,0
rep1,1.4931,1922,0
rep1,1.4951,1923,0
rep1,1.4963,1924,0
rep1,1.4972,1925,0
rep1,1.4991,1926,0
rep1,1.5008,1927,0
rep1,1.501,1928,0
rep1,1.5024,1929,0
rep1,1.5027,1930,0
rep1,1.5051,1931,0
rep1,1.5057,1932,0
rep1,1.5067,1933,0
rep1,1.5068,1934,0
rep1,1.5076,1935,0
rep1,1.5083,1936,0
rep1,1.509,1937,0
rep1,1.5093,1938,0
rep1,1.5115,1939,0
rep1,1.5176,1940,0
rep1,1.5203,1941,0
rep1,1.523,1942,0
rep1,1.5234,1943,0
rep1,1.5261,1944,0
rep1,1.5274,1945,0
rep1,1.5275,1946,0
rep1,1.5323,1947,0
rep1,1.5358,1948,0
rep1,1.5392,1949,0
rep1,1.544,1950,0
rep1,1.5488,1951,0
rep1,1.5627,1952,0
rep1,1.566,1953,0
rep1,1.5676,1954,0
rep1,1.5683,1955,0
rep1,1.5686,1956,0
rep1,1.5781,1957,0
rep1,1.5797,1958,0
rep1,1.5817,1959,0
rep1,1.5819,1960,0
rep1,1.585,1961,0
rep1,1.5852,1962,0
rep1,1.5859,1963,0
rep1,1.5861,1964,0
rep1,1.5862,1965,0
rep1,1.5891,1966,0
rep1,1.593,1967,0
rep1,1.6074,1968,0
rep1,1.6082,1969,0
rep1,1.6157,1970,0
rep1,1.6162,1971,0
rep1,1.6268,1972,0
rep1,1.6294,1973,0
rep1,1.6318,1974,0
rep1,1.6352,1975,0
rep1,1.6501,1976,0
rep1,1.6529,1977,0
rep1,1.6599,1978,0
rep1,1.663,1979,0
rep1,1.6738,1980,0
rep1,1.6902,1981,0
rep1,1.6948,1982,0
rep1,1.6985,1983,0
rep1,1.7038,1984,0
rep1,1.7357,1985,0
rep1,1.7402,1986,0
rep1,1.7535,1987,0
rep1,2.0131,1988,0
rep1,2.0234,1989,0
rep1,2.0437,1990,0
rep1,2.0437,1991,0
rep1,2.0447,1992,0
rep1,2.0449,1993,0
rep1,2.0452,1994,0
rep1,2.0453,1995,0
rep1,2.0463,1996,0
rep1,2.0464,1997,0
rep1,2.0477,1998,0
rep1,2.0479,1999,0
rep1,2.0482,2000,0
rep1,2.0492,2001,0
rep1,2.0509,2002,0
rep1,2.0527,2003,0
rep1,2.0528,2004,0
rep1,2.0547,2005,0
rep1,2.0549,2006,0
rep1,2.058,2007,0
rep1,2.0604,2008,0
rep1,2.0604,2009,0
rep1,2.062,2010,0
rep1,2.0629,2011,0
rep1,2.0647,2012,0
rep1,2.0654,2013,0
rep1,2.0772,2014,0
rep1,2.0776,2015,0
rep1,2.078,2016,0
rep1,2.0781,2017,0
rep1,2.0782,2018,0
rep1,2.0784,2019,0
rep1,2.0793,2020,0
rep1,2.0796,2021,0
rep1,2.0799,2022,0
rep1,2.0799,2023,0
rep1,2.08,2024,0
rep1,2.0803,2025,0
rep1,2.0803,2026,0
rep1,2.0804,2027,0
rep1,2.0805,2028,0
rep1,2.0815,2029,0
rep1,2.0817,2030,0
rep1,2.0818,2031,0
rep1,2.0818,2032,0
rep1,2.0819,2033,0
rep1,2.0826,2034,0
rep1,2.0828,2035,0
rep1,2.0829,2036,0
rep1,2.0831,2037,0
rep1,2.0831,2038,0
rep1,2.0833,2039,0
rep1,2.0833,2040,0
rep1,2.0833,2041,0
rep1,2.084,2042,0
rep1,2.0846,2043,0
rep1,2.0857,2044,0
rep1,2.0859,2045,0
rep1,2.0867,2046,0
rep1,2.0869,2047,0
rep1,2.0872,2048,0
rep1,2.0883,2049,0
rep1,2.0889,2050,0
rep1,2.0889,2051,0
rep1,2.089,2052,0
rep1,2.0895,2053,0
rep1,2.09,2054,0
rep1,2.0913,2055,0
rep1,2.0917,2056,0
rep1,2.0939,2057,0
rep1,2.0951,2058,0
rep1,2.0975,2059,0
rep1,2.0981,2060,0
rep1,2.0986,2061,0
rep1,2.1036,2062,0
rep1,2.1046,2063,0
rep1,2.1062,2064,0
rep1,2.1094,2065,0
rep1,2.1112,2066,0
rep1,2.1138,2067,0
rep1,2.1139,2068,0
rep1,2.114,2069,0
rep1,2.1141,2070,0
rep1,2.1152,2071,0
rep1,2.1156,2072,0
rep1,2.1176,2073,0
rep1,2.1194,2074,0
rep1,2.12,2075,0
rep1,2.1222,2076,0
rep1,2.1223,2077,0
rep1,2.1227,2078,0
rep1,2.1241,2079,0
rep1,2.1249,2080,0
rep1,2.1249,2081,0
rep1,2.1259,2082,0
rep1,2.1266,2083,0
rep1,2.1294,2084,0
rep1,2.1346,2085,0
rep1,2.1368,2086,0
rep1,2.1425,2087,0
rep1,2.1429,2088,0
rep1,2.1441,2089,0
rep1,2.1441,2090,0
rep1,2.1462,2091,0
rep1,2.1465,2092,0
rep1,2.1475,2093,0
rep1,2.1507,2094,0
rep1,2.1512,2095,0
rep1,2.1517,2096,0
rep1,2.1538,2097,0
rep1,2.1543,2098,0
rep1,2.1564,2099,0
rep1,2.1572,2100,0
rep1,2.1593,2101,0
rep1,2.1603,2102,0
rep1,2.1645,2103,0
rep1,2.1652,2104,0
rep1,2.1668,2105,0
rep1,2.1669,2106,0
rep1,2.167,2107,0
rep1,2.1671,2108,0
rep1,2.1693,2109,0
rep1,2.1717,2110,0
rep1,2.172,2111,0
rep1,2.1732,2112,0
rep1,2.1739,2113,0
rep1,2.174,2114,0
rep1,2.178,2115,0
rep1,2.1805,2116,0
rep1,2.1816,2117,0
rep1,2.1821,2118,0
rep1,2.1836,2119,0
rep1,2.1838,2120,0
rep1,2.1839,2121,0
rep1,2.1843,2122,0
rep1,2.1845,2123,0
rep1,2.1849,2124,0
rep1,2.1853,2125,0
rep1,2.186,2126,0
rep1,2.1865,2127,0
rep1,2.1879,2128,0
rep1,2.1893,2129,0
rep1,2.192,2130,0
rep1,2.1942,2131,0
rep1,2.1951,2132,0
rep1,2.1958,2133,0
rep1,2.1977,2134,0
rep1,2.1985,2135,0
rep1,2.2009,2136,0
rep1,2.2022,2137,0
rep1,2.2029,2138,0
rep1,2.2061,2139,0
rep1,2.2109,2140,0
rep1,2.2133,2141,0
rep1,2.2142,2142,0
rep1,2.2144,2143,0
rep1,2.215,2144,0
rep1,2.2152,2145,0
rep1,2.2177,2146,0
rep1,2.2178,2147,0
rep1,2.2189,2148,0
rep1,2.2199,2149,0
rep1,2.22,2150,0
rep1,2.221,2151,0
rep1,2.2218,2152,0
rep1,2.2222,2153,0
rep1,2.223,2154,0
rep1,2.2243,2155,0
rep1,2.2246,2156,0
rep1,2.2257,2157,0
rep1,2.2262,2158,0
rep1,2.2265,2159,0
rep1,2.2267,2160,0
rep2,1.0056,1,0
rep2,1.0058,2,0
rep2,1.0059,3,0
rep2,1.0064,4,0
rep2,1.0065,5,0
rep2,1.0065,6,0
rep2,1.0067,7,0
rep2,1.007,8,0
rep2,1.0071,9,0
rep2,1.0072,10,0
rep2,1.0074,11,0
rep2,1.0084,12,0
rep2,1.0084,13,0
rep2,1.0086,14,0
rep2,1.0091,15,0
rep2,1.0101,16,0
rep2,1.0111,17,0
rep2,1.0115,18,0
rep2,1.0121,19,0
rep2,1.0127,20,0
rep2,1.0129,21,0
rep2,1.0136,22,0
rep2,1.0137,23,0
rep2,1.0145,24,0
rep2,1.0148,25,0
rep2,1.0149,26,0
rep2,1.0156,27,0
rep2,1.0157,28,0
rep2,1.0165,29,0
rep2,1.0176,30,0
rep2,1.0196,31,0
rep2,1.0204,32,0
rep2,1.0217,33,0
rep2,1.0226,34,0
rep2,1.0232,35,0
rep2,1.0238,36,0
rep2,1.026,37,0
rep2,1.0266,38,0
rep2,1.0334,39,0
rep2,1.0383,40,0
rep2,1.0391,41,0
rep2,1.0391,42,0
rep2,1.0391,43,0
rep2,1.0392,44,0
rep2,1.0392,45,0
rep2,1.0393,46,0
rep2,1.0393,47,0
rep2,1.0393,48,0
rep2,1.0393,49,0
rep2,1.0393,50,0
rep2,1.0394,51,0
rep2,1.0394,52,0
rep2,1.0394,53,0
rep2,1.0395,54,0
rep2,1.0395,55,0
rep2,1.0395,56,0
rep2,1.0395,57,0
rep2,1.0396,58,0
rep2,1.0397,59,0
rep2,1.0397,60,0
rep2,1.0397,61,0
rep2,1.0398,62,0
rep2,1.0399,63,0
rep2,1.0399,64,0
rep2,1.0399,65,0
rep2,1.04,66,0
rep2,1.04,67,0
rep2,1.04,68,0
rep2,1.0401,69,0
rep2,1.0401,70,0
rep2,1.0402,71,0
rep2,1.0402,72,0
rep2,1.0402,73,0
rep2,1.0403,74,0
rep2,1.0403,75,0
rep2,1.0403,76,0
rep2,1.0403,77,0
rep2,1.0403,78,0
rep2,1.0404,79,0
rep2,1.0404,80,0
rep2,1.0404,81,0
rep2,1.0404,82,0
rep2,1.0404,83,0
rep2,1.0404,84,0
rep2,1.0405,85,0
rep2,1.0405,86,0
rep2,1.0405,87,0
rep2,1.0406,88,0
rep2,1.0406,89,0
rep2,1.0407,90,0
rep2,1.0407,91,0
rep2,1.0407,92,0
rep2,1.0408,93,0
rep2,1.0409,94,0
rep2,1.041,95,0
rep2,1.041,96,0
rep2,1.041,97,0
rep2,1.041,98,0
rep2,1.0411,99,0
rep2,1.0412,100,0
rep2,1.0412,101,0
rep2,1.0413,102,0
rep2,1.0413,103,0
rep2,1.0413,104,0
rep2,1.0414,105,0
rep2,1.0415,106,0
rep2,1.0415,107,0
rep2,1.0415,108,0
rep2,1.0416,109,0
rep2,1.0416,110,0
rep2,1.0416,111,0
rep2,1.0416,112,0
rep2,1.0417,113,0
rep2,1.0418,114,0
rep2,1.0418,115,0
rep2,1.0419,116,0
rep2,1.0419,117,0
rep2,1.042,118,0
rep2,1.042,119,0
rep2,1.0421,120,0
rep2,1.0421,121,0
rep2,1.0421,122,0
rep2,1.0422,123,0
rep2,1.0422,124,0
rep2,1.0423,125,0
rep2,1.0423,126,0
rep2,1.0423,127,0
rep2,1.0423,128,0
rep2,1.0424,129,0
rep2,1.0424,130,0
rep2,1.0424,131,0
rep2,1.0424,132,0
rep2,1.0425,133,0
rep2,1.0426,134,0
rep2,1.0426,135,0
rep2,1.0426,136,0
rep2,1.0427,137,0
rep2,1.0429,138,0
rep2,1.0429,139,0
rep2,1.0429,140,0
rep2,1.043,141,0
rep2,1.043,142,0
rep2,1.0431,143,0
rep2,1.0431,144,0
rep2,1.0431,145,0
rep2,1.0432,146,0
rep2,1.0432,147,0
rep2,1.0432,148,0
rep2,1.0433,149,0
rep2,1.0433,150,0
rep2,1.0433,151,0
rep2,1.0434,152,0
rep2,1.0435,153,0
rep2,1.0436,154,0
rep2,1.0437,155,0
rep2,1.0437,156,0
rep2,1.0437,157,0
rep2,1.0438,158,0
rep2,1.044,159,0
rep2,1.044,160,0
rep2,1.044,161,0
rep2,1.0441,162,0
rep2,1.0441,163,0
rep2,1.0441,164,0
rep2,1.0443,165,0
rep2,1.0443,166,0
rep2,1.0443,167,0
rep2,1.0444,168,0
rep2,1.0444,169,0
rep2,1.0444,170,0
rep2,1.0444,171,0
rep2,1.0445,172,0
rep2,1.0445,173,0
rep2,1.0445,174,0
rep2,1.0445,175,0
rep2,1.0446,176,0
rep2,1.0446,177,0
rep2,1.0447,178,0
rep2,1.0448,179,0
rep2,1.0448,180,0
rep2,1.0449,181,0
rep2,1.0449,182,0
rep2,1.045,183,0
rep2,1.045,184,0
rep2,1.045,185,0
rep2,1.0451,186,0
rep2,1.0451,187,0
rep2,1.0451,188,0
rep2,1.0451,189,0
rep2,1.0451,190,0
rep2,1.0452,191,0
rep2,1.0452,192,0
rep2,1.0452,193,0
rep2,1.0453,194,0
rep2,1.0455,195,0
rep2,1.0455,196,0
rep2,1.0455,197,0
rep2,1.0456,198,0
rep2,1.0457,199,0
rep2,1.0457,200,0
rep2,1.0458,201,0
rep2,1.0459,202,0
rep2,1.0459,203,0
rep2,1.046,204,0
rep2,1.046,205,0
rep2,1.0461,206,0
rep2,1.0461,207,0
rep2,1.0462,208,0
rep2,1.0463,209,0
rep2,1.0464,210,0
rep2,1.0466,211,0
rep2,1.0467,212,0
rep2,1.0467,213,0
rep2,1.0467,214,0
rep2,1.0468,215,0
rep2,1.0468,216,0
rep2,1.0469,217,0
rep2,1.0469,218,0
rep2,1.0469,219,0
rep2,1.0471,220,0
rep2,1.0472,221,0
rep2,1.0473,222,0
rep2,1.0473,223,0
rep2,1.0474,224,0
rep2,1.0476,225,0
rep2,1.0477,226,0
rep2,1.0477,227,0
rep2,1.0478,228,0
rep2,1.0478,229,0
rep2,1.0479,230,0
rep2,1.0479,231,0
rep2,1.048,232,0
rep2,1.048,233,0
rep2,1.0481,234,0
rep2,1.0481,235,0
rep2,1.0481,236,0
rep2,1.0482,237,0
rep2,1.0483,238,0
rep2,1.0484,239,0
rep2,1.0485,240,0
rep2,1.0485,241,0
rep2,1.0485,242,0
rep2,1.0487,243,0
rep2,1.0487,244,0
rep2,1.0489,245,0
rep2,1.0489,246,0
rep2,1.0489,247,0
rep2,1.049,248,0
rep2,1.0491,249,0
rep2,1.0492,250,0
rep2,1.0492,251,0
rep2,1.0492,252,0
rep2,1.0495,253,0
rep2,1.0495,254,0
rep2,1.0497,255,0
rep2,1.0497,256,0
rep2,1.0498,257,0
rep2,1.0498,258,0
rep2,1.0498,259,0
rep2,1.0498,260,0
rep2,1.0499,261,0
rep2,1.05,262,0
rep2,1.0501,263,0
rep2,1.0501,264,0
rep2,1.0502,265,0
rep2,1.0503,266,0
rep2,1.0503,267,0
rep2,1.0504,268,0
rep2,1.0504,269,0
rep2,1.0504,270,0
rep2,1.0506,271,0
rep2,1.0506,272,0
rep2,1.0508,273,0
rep2,1.0509,274,0
rep2,1.0509,275,0
rep2,1.0509,276,0
rep2,1.051,277,0
rep2,1.051,278,0
rep2,1.0512,279,0
rep2,1.0513,280,0
rep2,1.0514,281,0
rep2,1.0516,282,0
rep2,1.0517,283,0
rep2,1.0517,284,0
rep2,1.0518,285,0
rep2,1.0518,286,0
rep2,1.052,287,0
rep2,1.052,288,0
rep2,1.0522,289,0
rep2,1.0524,290,0
rep2,1.0525,291,0
rep2,1.0525,292,0
rep2,1.0526,293,0
rep2,1.0527,294,0
rep2,1.0528,295,0
rep2,1.0528,296,0
rep2,1.0528,297,0
rep2,1.053,298,0
rep2,1.0533,299,0
rep2,1.0535,300,0
rep2,1.0536,301,0
rep2,1.0536,302,0
rep2,1.0538,303,0
rep2,1.054,304,0
rep2,1.054,305,0
rep2,1.0542,306,0
rep2,1.0543,307,0
rep2,1.0544,308,0
rep2,1.0544,309,0
rep2,1.0545,310,0
rep2,1.0547,311,0
rep2,1.0548,312,0
rep2,1.0548,313,0
rep2,1.0549,314,0
rep2,1.055,315,0
rep2,1.055,316,0
rep2,1.0552,317,0
rep2,1.0553,318,0
rep2,1.0553,319,0
rep2,1.0554,320,0
rep2,1.0554,321,0
rep2,1.0555,322,0
rep2,1.0557,323,0
rep2,1.0558,324,0
rep2,1.0559,325,0
rep2,1.0561,326,0
rep2,1.0561,327,0
rep2,1.0563,328,0
rep2,1.0563,329,0
rep2,1.0564,330,0
rep2,1.0566,331,0
rep2,1.0566,332,0
rep2,1.0567,333,0
rep2,1.0567,334,0
rep2,1.0569,335,0
rep2,1.0571,336,0
rep2,1.0573,337,0
rep2,1.0575,338,0
rep2,1.0577,339,0
rep2,1.0577,340,0
rep2,1.058,341,0
rep2,1.058,342,0
rep2,1.0583,343,0
rep2,1.0585,344,0
rep2,1.0586,345,0
rep2,1.0588,346,0
rep2,1.0589,347,0
rep2,1.059,348,0
rep2,1.059,349,0
rep2,1.0591,350,0
rep2,1.0592,351,0
rep2,1.0593,352,0
rep2,1.0595,353,0
rep2,1.0607,354,0
rep2,1.0608,355,0
rep2,1.061,356,0
rep2,1.0612,357,0
rep2,1.0613,358,0
rep2,1.0614,359,0
rep2,1.0623,360,0
rep2,1.0624,361,0
rep2,1.0625,362,0
rep2,1.0626,363,0
rep2,1.0628,364,0
rep2,1.0633,365,0
rep2,1.0638,366,0
rep2,1.0639,367,0
rep2,1.0641,368,0
rep2,1.0643,369,0
rep2,1.0653,370,0
rep2,1.0656,371,0
rep2,1.0666,372,0
rep2,1.0667,373,0
rep2,1.067,374,0
rep2,1.0675,375,0
rep2,1.0677,376,0
rep2,1.0679,377,0
rep2,1.0681,378,0
rep2,1.069,379,0
rep2,1.0695,380,0
rep2,1.0699,381,0
rep2,1.0699,382,0
rep2,1.0704,383,0
rep2,1.071,384,0
rep2,1.0716,385,0
rep2,1.0717,386,0
rep2,1.0718,387,0
rep2,1.0718,388,0
rep2,1.072,389,0
rep2,1.0725,390,0
rep2,1.0725,391,0
rep2,1.0726,392,0
rep2,1.0727,393,0
rep2,1.0728,394,0
rep2,1.0728,395,0
rep2,1.073,396,0
rep2,1.0731,397,0
rep2,1.0732,398,0
rep2,1.0732,399,0
rep2,1.0732,400,0
rep2,1.0733,401,0
rep2,1.0733,402,0
rep2,1.0734,403,0
rep2,1.0734,404,0
rep2,1.0737,405,0
rep2,1.0737,406,0
rep2,1.0738,407,0
rep2,1.0738,408,0
rep2,1.0738,409,0
rep2,1.0739,410,0
rep2,1.0739,411,0
rep2,1.0742,412,0
rep2,1.0742,413,0
rep2,1.0742,414,0
rep2,1.0744,415,0
rep2,1.0745,416,0
rep2,1.0751,417,0
rep2,1.0754,418,0
rep2,1.0754,419,0
rep2,1.0755,420,0
rep2,1.0755,421,0
rep2,1.0756,422,0
rep2,1.0756,423,0
rep2,1.0757,424,0
rep2,1.0757,425,0
rep2,1.0758,426,0
rep2,1.0758,427,0
rep2,1.0759,428,0
rep2,1.0761,429,0
rep2,1.0763,430,0
rep2,1.0763,431,0
rep2,1.0764,432,0
rep2,1.0764,433,0
rep2,1.0765,434,0
rep2,1.0767,435,0
rep2,1.0767,436,0
rep2,1.0768,437,0
rep2,1.077,438,0
rep2,1.0771,439,0
rep2,1.0772,440,0
rep2,1.0772,441,0
rep2,1.0773,442,0
rep2,1.0774,443,0
rep2,1.0774,444,0
rep2,1.0775,445,0
rep2,1.0777,446,0
rep2,1.0777,447,0
rep2,1.0779,448,0
rep2,1.078,449,0
rep2,1.078,450,0
rep2,1.0781,451,0
rep2,1.0782,452,0
rep2,1.0783,453,0
rep2,1.0785,454,0
rep2,1.0786,455,0
rep2,1.0788,456,0
rep2,1.0788,457,0
rep2,1.0792,458,0
rep2,1.0794,459,0
rep2,1.0795,460,0
rep2,1.0797,461,0
rep2,1.0799,462,0
rep2,1.08,463,0
rep2,1.08,464,0
rep2,1.0802,465,0
rep2,1.0805,466,0
rep2,1.0805,467,0
rep2,1.0806,468,0
rep2,1.0812,469,0
rep2,1.0812,470,0
rep2,1.0813,471,0
rep2,1.0813,472,0
rep2,1.0814,473,0
rep2,1.0815,474,0
rep2,1.0816,475,0
rep2,1.0817,476,0
rep2,1.0818,477,0
rep2,1.0819,478,0
rep2,1.082,479,0
rep2,1.0821,480,0
rep2,1.0822,481,0
rep2,1.0823,482,0
rep2,1.0825,483,0
rep2,1.0826,484,0
rep2,1.0826,485,0
rep2,1.0827,486,0
rep2,1.0827,487,0
rep2,1.0828,488,0
rep2,1.0829,489,0
rep2,1.0832,490,0
rep2,1.0834,491,0
rep2,1.0835,492,0
rep2,1.0836,493,0
rep2,1.0837,494,0
rep2,1.0837,495,0
rep2,1.0839,496,0
rep2,1.084,497,0
rep2,1.084,498,0
rep2,1.0841,499,0
rep2,1.0847,500,0
rep2,1.0848,501,0
rep2,1.0849,502,0
rep2,1.085,503,0
rep2,1.085,504,0
rep2,1.0853,505,0
rep2,1.0854,506,0
rep2,1.0861,507,0
rep2,1.0861,508,0
rep2,1.0865,509,0
rep2,1.0866,510,0
rep2,1.0867,511,0
rep2,1.0871,512,0
rep2,1.0872,513,0
rep2,1.0874,514,0
rep2,1.0876,515,0
rep2,1.0879,516,0
rep2,1.0887,517,0
rep2,1.0887,518,0
rep2,1.0889,519,0
rep2,1.089,520,0
rep2,1.0891,521,0
rep2,1.0894,522,0
rep2,1.0897,523,0
rep2,1.0898,524,0
rep2,1.0898,525,0
rep2,1.0899,526,0
rep2,1.09,527,0
rep2,1.09,528,0
rep2,1.0908,529,0
rep2,1.0909,530,0
rep2,1.0909,531,0
rep2,1.0912,532,0
rep2,1.0917,533,0
rep2,1.092,534,0
rep2,1.0921,535,0
rep2,1.0924,536,0
rep2,1.0928,537,0
rep2,1.093,538,0
rep2,1.0933,539,0
rep2,1.0936,540,0
rep2,1.0941,541,0
rep2,1.0941,542,0
rep2,1.0942,543,0
rep2,1.0945,544,0
rep2,1.0952,545,0
rep2,1.0953,546,0
rep2,1.0954,547,0
rep2,1.0957,548,0
rep2,1.0958,549,0
rep2,1.0961,550,0
rep2,1.0962,551,0
rep2,1.0964,552,0
rep2,1.0967,553,0
rep2,1.0967,554,0
rep2,1.0968,555,0
rep2,1.0969,556,0
rep2,1.0971,557,0
rep2,1.0972,558,0
rep2,1.0975,559,0
rep2,1.0975,560,0
rep2,1.098,561,0
rep2,1.098,562,0
rep2,1.0988,563,0
rep2,1.0991,564,0
rep2,1.0995,565,0
rep2,1.0995,566,0
rep2,1.0999,567,0
rep2,1.1005,568,0
rep2,1.1008,569,0
rep2,1.1009,570,0
rep2,1.1009,571,0
rep2,1.101,572,0
rep2,1.1011,573,0
rep2,1.1012,574,0
rep2,1.1016,575,0
rep2,1.1017,576,0
rep2,1.1018,577,0
rep2,1.1021,578,0
rep2,1.1031,579,0
rep2,1.1032,580,0
rep2,1.1033,581,0
rep2,1.1035,582,0
rep2,1.1035,583,0
rep2,1.1038,584,0
rep2,1.1045,585,0
rep2,1.1047,586,0
rep2,1.1049,587,0
rep2,1.105,588,0
rep2,1.1051,589,0
rep2,1.1051,590,0
rep2,1.1052,591,0
rep2,1.1059,592,0
rep2,1.106,593,0
rep2,1.1062,594,0
rep2,1.1066,595,0
rep2,1.1067,596,0
rep2,1.1073,597,0
rep2,1.1073,598,0
rep2,1.1074,599,0
rep2,1.1075,600,0
rep2,1.1078,601,0
rep2,1.1079,602,0
rep2,1.108,603,0
rep2,1.108,604,0
rep2,1.1081,605,0
rep2,1.1083,606,0
rep2,1.1084,607,0
rep2,1.1086,608,0
rep2,1.1086,609,0
rep2,1.1087,610,0
rep2,1.1091,611,0
rep2,1.1092,612,0
rep2,1.1093,613,0
rep2,1.1093,614,0
rep2,1.1095,615,0
rep2,1.1095,616,0
rep2,1.1095,617,0
rep2,1.1097,618,0
rep2,1.1099,619,0
rep2,1.1101,620,0
rep2,1.1103,621,0
rep2,1.1103,622,0
rep2,1.1106,623,0
rep2,1.1106,624,0
rep2,1.1107,625,0
rep2,1.1107,626,0
rep2,1.1108,627,0
rep2,1.1109,628,0
rep2,1.1109,629,0
rep2,1.111,630,0
rep2,1.1118,631,0
rep2,1.112,632,0
rep2,1.1121,633,0
rep2,1.1124,634,0
rep2,1.1124,635,0
rep2,1.1126,636,0
rep2,1.1127,637,0
rep2,1.1128,638,0
rep2,1.1129,639,0
rep2,1.1129,640,0
rep2,1.1129,641,0
rep2,1.1131,642,0
rep2,1.1132,643,0
rep2,1.1133,644,0
rep2,1.1134,645,0
rep2,1.1142,646,0
rep2,1.1144,647,0
rep2,1.1146,648,0
rep2,1.1148,649,0
rep2,1.1151,650,0
rep2,1.1152,651,0
rep2,1.1152,652,0
rep2,1.1153,653,0
rep2,1.1154,654,0
rep2,1.1154,655,0
rep2,1.1156,656,0
rep2,1.1156,657,0
rep2,1.1163,658,0
rep2,1.1165,659,0
rep2,1.1166,660,0
rep2,1.1167,661,0
rep2,1.1167,662,0
rep2,1.1169,663,0
rep2,1.117,664,0
rep2,1.1171,665,0
rep2,1.1173,666,0
rep2,1.1174,667,0
rep2,1.1176,668,0
rep2,1.1179,669,0
rep2,1.118,670,0
rep2,1.1183,671,0
rep2,1.1189,672,0
rep2,1.119,673,0
rep2,1.1191,674,0
rep2,1.1191,675,0
rep2,1.1193,676,0
rep2,1.1193,677,0
rep2,1.1198,678,0
rep2,1.12,679,0
rep2,1.12,680,0
rep2,1.1206,681,0
rep2,1.1208,682,0
rep2,1.1211,683,0
rep2,1.1215,684,0
rep2,1.1219,685,0
rep2,1.1219,686,0
rep2,1.1219,687,0
rep2,1.122,688,0
rep2,1.122,689,0
rep2,1.1223,690,0
rep2,1.1224,691,0
rep2,1.1224,692,0
rep2,1.1225,693,0
rep2,1.1229,694,0
rep2,1.1231,695,0
rep2,1.1238,696,0
rep2,1.1238,697,0
rep2,1.1241,698,0
rep2,1.1242,699,0
rep2,1.1244,700,0
rep2,1.1246,701,0
rep2,1.1246,702,0
rep2,1.1247,703,0
rep2,1.1251,704,0
rep2,1.1251,705,0
rep2,1.1253,706,0
rep2,1.1255,707,0
rep2,1.126,708,0
rep2,1.1262,709,0
rep2,1.1265,710,0
rep2,1.1265,711,0
rep2,1.1266,712,0
rep2,1.127,713,0
rep2,1.1272,714,0
rep2,1.1278,715,0
rep2,1.1285,716,0
rep2,1.1287,717,0
rep2,1.1288,718,0
rep2,1.1288,719,0
rep2,1.1289,720,0
rep2,1.1291,721,0
rep2,1.1293,722,0
rep2,1.1299,723,0
rep2,1.13,724,0
rep2,1.1306,725,0
rep2,1.1308,726,0
rep2,1.1309,727,0
rep2,1.131,728,0
rep2,1.1312,729,0
rep2,1.1313,730,0
rep2,1.1314,731,0
rep2,1.1315,732,0
rep2,1.1318,733,0
rep2,1.1327,734,0
rep2,1.1327,735,0
rep2,1.133,736,0
rep2,1.1333,737,0
rep2,1.134,738,0
rep2,1.1341,739,0
rep2,1.1343,740,0
rep2,1.1344,741,0
rep2,1.1344,742,0
rep2,1.1347,743,0
rep2,1.1349,744,0
rep2,1.135,745,0
rep2,1.136,746,0
rep2,1.1363,747,0
rep2,1.1364,748,0
rep2,1.1365,749,0
rep2,1.1366,750,0
rep2,1.1369,751,0
rep2,1.1369,752,0
rep2,1.1371,753,0
rep2,1.1372,754,0
rep2,1.1372,755,0
rep2,1.1374,756,0
rep2,1.1377,757,0
rep2,1.1378,758,0
rep2,1.1378,759,0
rep2,1.1381,760,0
rep2,1.1381,761,0
rep2,1.1383,762,0
rep2,1.1391,763,0
rep2,1.1391,764,0
rep2,1.1394,765,0
rep2,1.1397,766,0
rep2,1.14,767,0
rep2,1.1403,768,0
rep2,1.1405,769,0
rep2,1.1406,770,0
rep2,1.1413,771,0
rep2,1.1413,772,0
rep2,1.1416,773,0
rep2,1.1416,774,0
rep2,1.1418,775,0
rep2,1.142,776,0
rep2,1.1423,777,0
rep2,1.1426,778,0
rep2,1.1426,779,0
rep2,1.1428,780,0
rep2,1.1428,781,0
rep2,1.143,782,0
rep2,1.1431,783,0
rep2,1.1437,784,0
rep2,1.144,785,0
rep2,1.1441,786,0
rep2,1.1442,787,0
rep2,1.1442,788,0
rep2,1.1444,789,0
rep2,1.1446,790,0
rep2,1.1446,791,0
rep2,1.1448,792,0
rep2,1.1448,793,0
rep2,1.1452,794,0
rep2,1.1453,795,0
rep2,1.1454,796,0
rep2,1.1455,797,0
rep2,1.1455,798,0
rep2,1.1456,799,0
rep2,1.1456,800,0
rep2,1.1457,801,0
rep2,1.1459,802,0
rep2,1.146,803,0
rep2,1.1463,804,0
rep2,1.1464,805,0
rep2,1.1467,806,0
rep2,1.1468,807,0
rep2,1.147,808,0
rep2,1.1471,809,0
rep2,1.1473,810,0
rep2,1.1475,811,0
rep2,1.1476,812,0
rep2,1.1478,813,0
rep2,1.1479,814,0
rep2,1.148,815,0
rep2,1.1483,816,0
rep2,1.1484,817,0
rep2,1.149,818,0
rep2,1.1497,819,0
rep2,1.1497,820,0
rep2,1.1498,821,0
rep2,1.1499,822,0
rep2,1.15,823,0
rep2,1.1501,824,0
rep2,1.1504,825,0
rep2,1.1508,826,0
rep2,1.1511,827,0
rep2,1.1517,828,0
rep2,1.152,829,0
rep2,1.1523,830,0
rep2,1.1531,831,0
rep2,1.1531,832,0
rep2,1.1533,833,0
rep2,1.1534,834,0
rep2,1.1536,835,0
rep2,1.1537,836,0
rep2,1.1538,837,0
rep2,1.1546,838,0
rep2,1.1548,839,0
rep2,1.1549,840,0
rep2,1.1549,841,0
rep2,1.1549,842,0
rep2,1.155,843,0
rep2,1.155,844,0
rep2,1.1553,845,0
rep2,1.1561,846,0
rep2,1.1562,847,0
rep2,1.1562,848,0
rep2,1.1562,849,0
rep2,1.157,850,0
rep2,1.1573,851,0
rep2,1.1573,852,0
rep2,1.1575,853,0
rep2,1.1575,854,0
rep2,1.1575,855,0
rep2,1.1576,856,0
rep2,1.1579,857,0
rep2,1.1581,858,0
rep2,1.1583,859,0
rep2,1.1583,860,0
rep2,1.1586,861,0
rep2,1.1588,862,0
rep2,1.159,863,0
rep2,1.1591,864,0
rep2,1.1593,865,0
rep2,1.1594,866,0
rep2,1.1595,867,0
rep2,1.1598,868,0
rep2,1.16,869,0
rep2,1.1606,870,0
rep2,1.1608,871,0
rep2,1.1608,872,0
rep2,1.161,873,0
rep2,1.1613,874,0
rep2,1.1622,875,0
rep2,1.1624,876,0
rep2,1.1626,877,0
rep2,1.1632,878,0
rep2,1.1635,879,0
rep2,1.1636,880,0
rep2,1.1637,881,0
rep2,1.164,882,0
rep2,1.1642,883,0
rep2,1.1643,884,0
rep2,1.1643,885,0
rep2,1.1647,886,0
rep2,1.1653,887,0
rep2,1.1654,888,0
rep2,1.1656,889,0
rep2,1.1659,890,0
rep2,1.1659,891,0
rep2,1.166,892,0
rep2,1.166,893,0
rep2,1.1668,894,0
rep2,1.1668,895,0
rep2,1.1669,896,0
rep2,1.168,897,0
rep2,1.1682,898,0
rep2,1.1685,899,0
rep2,1.1685,900,0
rep2,1.1686,901,0
rep2,1.1688,902,0
rep2,1.1689,903,0
rep2,1.169,904,0
rep2,1.169,905,0
rep2,1.1694,906,0
rep2,1.1696,907,0
rep2,1.1696,908,0
rep2,1.1697,909,0
rep2,1.17,910,0
rep2,1.1701,911,0
rep2,1.1703,912,0
rep2,1.1703,913,0
rep2,1.1703,914,0
rep2,1.1707,915,0
rep2,1.171,916,0
rep2,1.1711,917,0
rep2,1.1715,918,0
rep2,1.1716,919,0
rep2,1.1716,920,0
rep2,1.1719,921,0
rep2,1.172,922,0
rep2,1.1729,923,0
rep2,1.173,924,0
rep2,1.1733,925,0
rep2,1.1733,926,0
rep2,1.1736,927,0
rep2,1.1738,928,0
rep2,1.1739,929,0
rep2,1.1739,930,0
rep2,1.1741,931,0
rep2,1.1745,932,0
rep2,1.1747,933,0
rep2,1.1747,934,0
rep2,1.1748,935,0
rep2,1.175,936,0
rep2,1.1753,937,0
rep2,1.1757,938,0
rep2,1.176,939,0
rep2,1.1761,940,0
rep2,1.1762,941,0
rep2,1.1763,942,0
rep2,1.1763,943,0
rep2,1.1765,944,0
rep2,1.1765,945,0
rep2,1.177,946,0
rep2,1.1771,947,0
rep2,1.1774,948,0
rep2,1.1777,949,0
rep2,1.1778,950,0
rep2,1.178,951,0
rep2,1.1782,952,0
rep2,1.1787,953,0
rep2,1.1791,954,0
rep2,1.1791,955,0
rep2,1.1792,956,0
rep2,1.1796,957,0
rep2,1.1796,958,0
rep2,1.1797,959,0
rep2,1.1799,960,0
rep2,1.1799,961,0
rep2,1.1801,962,0
rep2,1.1804,963,0
rep2,1.1805,964,0
rep2,1.181,965,0
rep2,1.1812,966,0
rep2,1.1813,967,0
rep2,1.1814,968,0
rep2,1.1814,969,0
rep2,1.1814,970,0
rep2,1.1815,971,0
rep2,1.1815,972,0
rep2,1.1816,973,0
rep2,1.1816,974,0
rep2,1.1822,975,0
rep2,1.1823,976,0
rep2,1.1824,977,0
rep2,1.1827,978,0
rep2,1.1827,979,0
rep2,1.1828,980,0
rep2,1.1829,981,0
rep2,1.183,982,0
rep2,1.1835,983,0
rep2,1.1838,984,0
rep2,1.184,985,0
rep2,1.1841,986,0
rep2,1.1842,987,0
rep2,1.1843,988,0
rep2,1.1844,989,0
rep2,1.1847,990,0
rep2,1.1847,991,0
rep2,1.185,992,0
rep2,1.1852,993,0
rep2,1.1853,994,0
rep2,1.1854,995,0
rep2,1.1855,996,0
rep2,1.1857,997,0
rep2,1.1858,998,0
rep2,1.1859,999,0
rep2,1.1859,1000,0
rep2,1.1861,1001,0
rep2,1.1865,1002,0
rep2,1.1866,1003,0
rep2,1.187,1004,0
rep2,1.1871,1005,0
rep2,1.1873,1006,0
rep2,1.1874,1007,0
rep2,1.1876,1008,0
rep2,1.1879,1009,0
rep2,1.188,1010,0
rep2,1.1881,1011,0
rep2,1.1882,1012,0
rep2,1.1886,1013,0
rep2,1.1889,1014,0
rep2,1.1892,1015,0
rep2,1.1895,1016,0
rep2,1.1895,1017,0
rep2,1.1897,1018,0
rep2,1.1897,1019,0
rep2,1.1902,1020,0
rep2,1.1905,1021,0
rep2,1.1907,1022,0
rep2,1.1907,1023,0
rep2,1.191,1024,0
rep2,1.1912,1025,0
rep2,1.1913,1026,0
rep2,1.1918,1027,0
rep2,1.1923,1028,0
rep2,1.1924,1029,0
rep2,1.1928,1030,0
rep2,1.1929,1031,0
rep2,1.1931,1032,0
rep2,1.1933,1033,0
rep2,1.1935,1034,0
rep2,1.1935,1035,0
rep2,1.1936,1036,0
rep2,1.1939,1037,0
rep2,1.1943,1038,0
rep2,1.1943,1039,0
rep2,1.1944,1040,0
rep2,1.1946,1041,0
rep2,1.1947,1042,0
rep2,1.1952,1043,0
rep2,1.1953,1044,0
rep2,1.1955,1045,0
rep2,1.1956,1046,0
rep2,1.1957,1047,0
rep2,1.196,1048,0
rep2,1.196,1049,0
rep2,1.1963,1050,0
rep2,1.1966,1051,0
rep2,1.1968,1052,0
rep2,1.1971,1053,0
rep2,1.1973,1054,0
rep2,1.1974,1055,0
rep2,1.1979,1056,0
rep2,1.198,1057,0
rep2,1.1981,1058,0
rep2,1.1982,1059,0
rep2,1.1983,1060,0
rep2,1.1983,1061,0
rep2,1.1987,1062,0
rep2,1.1994,1063,0
rep2,1.1998,1064,0
rep2,1.1999,1065,0
rep2,1.2003,1066,0
rep2,1.2008,1067,0
rep2,1.2011,1068,0
rep2,1.2013,1069,0
rep2,1.2014,1070,0
rep2,1.2023,1071,0
rep2,1.2025,1072,0
rep2,1.2027,1073,0
rep2,1.2029,1074,0
rep2,1.203,1075,0
rep2,1.2031,1076,0
rep2,1.2032,1077,0
rep2,1.2033,1078,0
rep2,1.204,1079,0
rep2,1.2041,1080,0
rep2,1.2042,1081,0
rep2,1.2042,1082,0
rep2,1.2043,1083,0
rep2,1.2047,1084,0
rep2,1.2047,1085,0
rep2,1.205,1086,0
rep2,1.2051,1087,0
rep2,1.2055,1088,0
rep2,1.2059,1089,0
rep2,1.206,1090,0
rep2,1.2063,1091,0
rep2,1.2064,1092,0
rep2,1.2066,1093,0
rep2,1.2066,1094,0
rep2,1.2067,1095,0
rep2,1.2068,1096,0
rep2,1.2069,1097,0
rep2,1.2078,1098,0
rep2,1.208,1099,0
rep2,1.2081,1100,0
rep2,1.2082,1101,0
rep2,1.2082,1102,0
rep2,1.2083,1103,0
rep2,1.2083,1104,0
rep2,1.2084,1105,0
rep2,1.2085,1106,0
rep2,1.2086,1107,0
rep2,1.2086,1108,0
rep2,1.2091,1109,0
rep2,1.2092,1110,0
rep2,1.2094,1111,0
rep2,1.2096,1112,0
rep2,1.21,1113,0
rep2,1.2102,1114,0
rep2,1.2104,1115,0
rep2,1.2108,1116,0
rep2,1.211,1117,0
rep2,1.2111,1118,0
rep2,1.2114,1119,0
rep2,1.2115,1120,0
rep2,1.2119,1121,0
rep2,1.2122,1122,0
rep2,1.2124,1123,0
rep2,1.2125,1124,0
rep2,1.2127,1125,0
rep2,1.2127,1126,0
rep2,1.2128,1127,0
rep2,1.2132,1128,0
rep2,1.2133,1129,0
rep2,1.2135,1130,0
rep2,1.2143,1131,0
rep2,1.2144,1132,0
rep2,1.215,1133,0
rep2,1.2152,1134,0
rep2,1.2152,1135,0
rep2,1.2153,1136,0
rep2,1.2155,1137,0
rep2,1.2156,1138,0
rep2,1.2156,1139,0
rep2,1.2158,1140,0
rep2,1.216,1141,0
rep2,1.2163,1142,0
rep2,1.2163,1143,0
rep2,1.2165,1144,0
rep2,1.2167,1145,0
rep2,1.2172,1146,0
rep2,1.2173,1147,0
rep2,1.2173,1148,0
rep2,1.2173,1149,0
rep2,1.2176,1150,0
rep2,1.2176,1151,0
rep2,1.2177,1152,0
rep2,1.2177,1153,0
rep2,1.2182,1154,0
rep2,1.2195,1155,0
rep2,1.2196,1156,0
rep2,1.2196,1157,0
rep2,1.2197,1158,0
rep2,1.2198,1159,0
rep2,1.2199,1160,0
rep2,1.22,1161,0
rep2,1.2206,1162,0
rep2,1.221,1163,0
rep2,1.221,1164,0
rep2,1.2217,1165,0
rep2,1.2218,1166,0
rep2,1.222,1167,0
rep2,1.2221,1168,0
rep2,1.2227,1169,0
rep2,1.2234,1170,0
rep2,1.2236,1171,0
rep2,1.2237,1172,0
rep2,1.2237,1173,0
rep2,1.2238,1174,0
rep2,1.2245,1175,0
rep2,1.2246,1176,0
rep2,1.2248,1177,0
rep2,1.225,1178,0
rep2,1.2256,1179,0
rep2,1.2259,1180,0
rep2,1.2261,1181,0
rep2,1.2264,1182,0
rep2,1.2264,1183,0
rep2,1.2269,1184,0
rep2,1.2269,1185,0
rep2,1.227,1186,0
rep2,1.2272,1187,0
rep2,1.2272,1188,0
rep2,1.2275,1189,0
rep2,1.2278,1190,0
rep2,1.2281,1191,0
rep2,1.2282,1192,0
rep2,1.2284,1193,0
rep2,1.2285,1194,0
rep2,1.2287,1195,0
rep2,1.2288,1196,0
rep2,1.2298,1197,0
rep2,1.2299,1198,0
rep2,1.2299,1199,0
rep2,1.23,1200,0
rep2,1.23,1201,0
rep2,1.23,1202,0
rep2,1.2302,1203,0
rep2,1.2304,1204,0
rep2,1.2307,1205,0
rep2,1.2314,1206,0
rep2,1.2316,1207,0
rep2,1.2316,1208,0
rep2,1.2321,1209,0
rep2,1.2323,1210,0
rep2,1.2324,1211,0
rep2,1.2326,1212,0
rep2,1.2329,1213,0
rep2,1.233,1214,0
rep2,1.2335,1215,0
rep2,1.2335,1216,0
rep2,1.2339,1217,0
rep2,1.2343,1218,0
rep2,1.2344,1219,0
rep2,1.2345,1220,0
rep2,1.2345,1221,0
rep2,1.2347,1222,0
rep2,1.2348,1223,0
rep2,1.2352,1224,0
rep2,1.2352,1225,0
rep2,1.2355,1226,0
rep2,1.2355,1227,0
rep2,1.2355,1228,0
rep2,1.2358,1229,0
rep2,1.236,1230,0
rep2,1.2364,1231,0
rep2,1.2365,1232,0
rep2,1.2368,1233,0
rep2,1.2369,1234,0
rep2,1.237,1235,0
rep2,1.2377,1236,0
rep2,1.2377,1237,0
rep2,1.2378,1238,0
rep2,1.2382,1239,0
rep2,1.2386,1240,0
rep2,1.2387,1241,0
rep2,1.2388,1242,0
rep2,1.2388,1243,0
rep2,1.2391,1244,0
rep2,1.2398,1245,0
rep2,1.2398,1246,0
rep2,1.2399,1247,0
rep2,1.2401,1248,0
rep2,1.2402,1249,0
rep2,1.2407,1250,0
rep2,1.2408,1251,0
rep2,1.2408,1252,0
rep2,1.2411,1253,0
rep2,1.2412,1254,0
rep2,1.2416,1255,0
rep2,1.2417,1256,0
rep2,1.2418,1257,0
rep2,1.2418,1258,0
rep2,1.2419,1259,0
rep2,1.243,1260,0
rep2,1.2433,1261,0
rep2,1.2433,1262,0
rep2,1.2435,1263,0
rep2,1.2435,1264,0
rep2,1.2437,1265,0
rep2,1.2437,1266,0
rep2,1.2439,1267,0
rep2,1.2441,1268,0
rep2,1.2441,1269,0
rep2,1.2442,1270,0
rep2,1.2443,1271,0
rep2,1.2445,1272,0
rep2,1.2446,1273,0
rep2,1.245,1274,0
rep2,1.245,1275,0
rep2,1.2451,1276,0
rep2,1.2452,1277,0
rep2,1.2455,1278,0
rep2,1.2456,1279,0
rep2,1.2457,1280,0
rep2,1.2458,1281,0
rep2,1.2459,1282,0
rep2,1.246,1283,0
rep2,1.2461,1284,0
rep2,1.2461,1285,0
rep2,1.2462,1286,0
rep2,1.2464,1287,0
rep2,1.2464,1288,0
rep2,1.2467,1289,0
rep2,1.247,1290,0
rep2,1.247,1291,0
rep2,1.2471,1292,0
rep2,1.2471,1293,0
rep2,1.2471,1294,0
rep2,1.2472,1295,0
rep2,1.2473,1296,0
rep2,1.2474,1297,0
rep2,1.2476,1298,0
rep2,1.2478,1299,0
rep2,1.2483,1300,0
rep2,1.2487,1301,0
rep2,1.249,1302,0
rep2,1.2492,1303,0
rep2,1.2494,1304,0
rep2,1.2495,1305,0
rep2,1.2497,1306,0
rep2,1.2497,1307,0
rep2,1.2498,1308,0
rep2,1.2501,1309,0
rep2,1.2503,1310,0
rep2,1.2505,1311,0
rep2,1.2508,1312,0
rep2,1.2512,1313,0
rep2,1.2517,1314,0
rep2,1.2517,1315,0
rep2,1.2518,1316,0
rep2,1.2527,1317,0
rep2,1.2532,1318,0
rep2,1.2533,1319,0
rep2,1.2534,1320,0
rep2,1.2535,1321,0
rep2,1.2538,1322,0
rep2,1.2538,1323,0
rep2,1.2541,1324,0
rep2,1.2543,1325,0
rep2,1.2545,1326,0
rep2,1.2551,1327,0
rep2,1.2553,1328,0
rep2,1.2554,1329,0
rep2,1.2559,1330,0
rep2,1.2562,1331,0
rep2,1.2563,1332,0
rep2,1.2566,1333,0
rep2,1.2569,1334,0
rep2,1.2571,1335,0
rep2,1.2572,1336,0
rep2,1.2572,1337,0
rep2,1.2574,1338,0
rep2,1.2575,1339,0
rep2,1.2577,1340,0
rep2,1.2579,1341,0
rep2,1.2584,1342,0
rep2,1.2588,1343,0
rep2,1.2591,1344,0
rep2,1.2594,1345,0
rep2,1.2597,1346,0
rep2,1.26,1347,0
rep2,1.2602,1348,0
rep2,1.2606,1349,0
rep2,1.2606,1350,0
rep2,1.2614,1351,0
rep2,1.2614,1352,0
rep2,1.2615,1353,0
rep2,1.2617,1354,0
rep2,1.2617,1355,0
rep2,1.2619,1356,0
rep2,1.262,1357,0
rep2,1.2624,1358,0
rep2,1.2624,1359,0
rep2,1.2628,1360,0
rep2,1.2629,1361,0
rep2,1.2635,1362,0
rep2,1.2636,1363,0
rep2,1.2644,1364,0
rep2,1.2645,1365,0
rep2,1.2646,1366,0
rep2,1.2648,1367,0
rep2,1.2649,1368,0
rep2,1.2649,1369,0
rep2,1.2652,1370,0
rep2,1.2653,1371,0
rep2,1.2654,1372,0
rep2,1.2657,1373,0
rep2,1.2659,1374,0
rep2,1.266,1375,0
rep2,1.2662,1376,0
rep2,1.2676,1377,0
rep2,1.2679,1378,0
rep2,1.2681,1379,0
rep2,1.2681,1380,0
rep2,1.2683,1381,0
rep2,1.2686,1382,0
rep2,1.2687,1383,0
rep2,1.2689,1384,0
rep2,1.2692,1385,0
rep2,1.2694,1386,0
rep2,1.2695,1387,0
rep2,1.2698,1388,0
rep2,1.2698,1389,0
rep2,1.27,1390,0
rep2,1.2702,1391,0
rep2,1.2704,1392,0
rep2,1.2707,1393,0
rep2,1.2708,1394,0
rep2,1.2717,1395,0
rep2,1.2717,1396,0
rep2,1.2719,1397,0
rep2,1.2722,1398,0
rep2,1.2731,1399,0
rep2,1.2732,1400,0
rep2,1.2733,1401,0
rep2,1.2741,1402,0
rep2,1.2742,1403,0
rep2,1.2742,1404,0
rep2,1.2745,1405,0
rep2,1.2748,1406,0
rep2,1.275,1407,0
rep2,1.275,1408,0
rep2,1.2751,1409,0
rep2,1.2752,1410,0
rep2,1.2753,1411,0
rep2,1.2756,1412,0
rep2,1.2758,1413,0
rep2,1.2759,1414,0
rep2,1.2768,1415,0
rep2,1.2768,1416,0
rep2,1.2771,1417,0
rep2,1.2771,1418,0
rep2,1.2773,1419,0
rep2,1.2774,1420,0
rep2,1.2777,1421,0
rep2,1.2779,1422,0
rep2,1.2781,1423,0
rep2,1.2782,1424,0
rep2,1.2783,1425,0
rep2,1.2783,1426,0
rep2,1.2784,1427,0
rep2,1.2789,1428,0
rep2,1.2789,1429,0
rep2,1.2792,1430,0
rep2,1.2792,1431,0
rep2,1.2794,1432,0
rep2,1.28,1433,0
rep2,1.2801,1434,0
rep2,1.2805,1435,0
rep2,1.2805,1436,0
rep2,1.2811,1437,0
rep2,1.2813,1438,0
rep2,1.2814,1439,0
rep2,1.2818,1440,0
rep2,1.2822,1441,0
rep2,1.2824,1442,0
rep2,1.2828,1443,0
rep2,1.2831,1444,0
rep2,1.2836,1445,0
rep2,1.2837,1446,0
rep2,1.284,1447,0
rep2,1.2844,1448,0
rep2,1.2846,1449,0
rep2,1.2848,1450,0
rep2,1.2851,1451,0
rep2,1.2856,1452,0
rep2,1.286,1453,0
rep2,1.2865,1454,0
rep2,1.287,1455,0
rep2,1.2872,1456,0
rep2,1.2872,1457,0
rep2,1.2874,1458,0
rep2,1.2876,1459,0
rep2,1.2886,1460,0
rep2,1.2892,1461,0
rep2,1.2897,1462,0
rep2,1.2901,1463,0
rep2,1.2904,1464,0
rep2,1.2906,1465,0
rep2,1.2906,1466,0
rep2,1.2908,1467,0
rep2,1.2909,1468,0
rep2,1.2913,1469,0
rep2,1.2913,1470,0
rep2,1.2914,1471,0
rep2,1.2916,1472,0
rep2,1.2918,1473,0
rep2,1.2918,1474,0
rep2,1.2922,1475,0
rep2,1.2927,1476,0
rep2,1.2929,1477,0
rep2,1.2933,1478,0
rep2,1.2939,1479,0
rep2,1.294,1480,0
rep2,1.2941,1481,0
rep2,1.2944,1482,0
rep2,1.2946,1483,0
rep2,1.2947,1484,0
rep2,1.2947,1485,0
rep2,1.2949,1486,0
rep2,1.2952,1487,0
rep2,1.2954,1488,0
rep2,1.2955,1489,0
rep2,1.2957,1490,0
rep2,1.2957,1491,0
rep2,1.2958,1492,0
rep2,1.296,1493,0
rep2,1.296,1494,0
rep2,1.2962,1495,0
rep2,1.2964,1496,0
rep2,1.2967,1497,0
rep2,1.2967,1498,0
rep2,1.2971,1499,0
rep2,1.2975,1500,0
rep2,1.2981,1501,0
rep2,1.2981,1502,0
rep2,1.2983,1503,0
rep2,1.2984,1504,0
rep2,1.2987,1505,0
rep2,1.2999,1506,0
rep2,1.3,1507,0
rep2,1.3007,1508,0
rep2,1.3011,1509,0
rep2,1.3012,1510,0
rep2,1.3015,1511,0
rep2,1.3019,1512,0
rep2,1.3023,1513,0
rep2,1.3024,1514,0
rep2,1.3024,1515,0
rep2,1.3029,1516,0
rep2,1.303,1517,0
rep2,1.3031,1518,0
rep2,1.3039,1519,0
rep2,1.3041,1520,0
rep2,1.3045,1521,0
rep2,1.305,1522,0
rep2,1.3051,1523,0
rep2,1.3058,1524,0
rep2,1.3059,1525,0
rep2,1.3062,1526,0
rep2,1.3068,1527,0
rep2,1.307,1528,0
rep2,1.3072,1529,0
rep2,1.3072,1530,0
rep2,1.3074,1531,0
rep2,1.3075,1532,0
rep2,1.3079,1533,0
rep2,1.3082,1534,0
rep2,1.3083,1535,0
rep2,1.3087,1536,0
rep2,1.3088,1537,0
rep2,1.3093,1538,0
rep2,1.3094,1539,0
rep2,1.3104,1540,0
rep2,1.3107,1541,0
rep2,1.3108,1542,0
rep2,1.3113,1543,0
rep2,1.3116,1544,0
rep2,1.3128,1545,0
rep2,1.3135,1546,0
rep2,1.3135,1547,0
rep2,1.3136,1548,0
rep2,1.3142,1549,0
rep2,1.3149,1550,0
rep2,1.315,1551,0
rep2,1.315,1552,0
rep2,1.3156,1553,0
rep2,1.3161,1554,0
rep2,1.3164,1555,0
rep2,1.3164,1556,0
rep2,1.317,1557,0
rep2,1.3172,1558,0
rep2,1.3178,1559,0
rep2,1.3184,1560,0
rep2,1.3185,1561,0
rep2,1.3186,1562,0
rep2,1.3186,1563,0
rep2,1.3188,1564,0
rep2,1.319,1565,0
rep2,1.3192,1566,0
rep2,1.3199,1567,0
rep2,1.3202,1568,0
rep2,1.3205,1569,0
rep2,1.3216,1570,0
rep2,1.3221,1571,0
rep2,1.3222,1572,0
rep2,1.323,1573,0
rep2,1.3231,1574,0
rep2,1.3233,1575,0
rep2,1.3234,1576,0
rep2,1.3244,1577,0
rep2,1.3247,1578,0
rep2,1.3248,1579,0
rep2,1.3248,1580,0
rep2,1.325,1581,0
rep2,1.3257,1582,0
rep2,1.3258,1583,0
rep2,1.3262,1584,0
rep2,1.3263,1585,0
rep2,1.3265,1586,0
rep2,1.3273,1587,0
rep2,1.3281,1588,0
rep2,1.3281,1589,0
rep2,1.3282,1590,0
rep2,1.3282,1591,0
rep2,1.3284,1592,0
rep2,1.329,1593,0
rep2,1.3296,1594,0
rep2,1.33,1595,0
rep2,1.3309,1596,0
rep2,1.3316,1597,0
rep2,1.3323,1598,0
rep2,1.3324,1599,0
rep2,1.3341,1600,0
rep2,1.3342,1601,0
rep2,1.3347,1602,0
rep2,1.3351,1603,0
rep2,1.3351,1604,0
rep2,1.3353,1605,0
rep2,1.3353,1606,0
rep2,1.3355,1607,0
rep2,1.3357,1608,0
rep2,1.3359,1609,0
rep2,1.3364,1610,0
rep2,1.3365,1611,0
rep2,1.3375,1612,0
rep2,1.3376,1613,0
rep2,1.3379,1614,0
rep2,1.3382,1615,0
rep2,1.3385,1616,0
rep2,1.3388,1617,0
rep2,1.339,1618,0
rep2,1.3397,1619,0
rep2,1.34,1620,0
rep2,1.3409,1621,0
rep2,1.3411,1622,0
rep2,1.3412,1623,0
rep2,1.342,1624,0
rep2,1.3422,1625,0
rep2,1.3428,1626,0
rep2,1.3429,1627,0
rep2,1.3432,1628,0
rep2,1.3434,1629,0
rep2,1.3435,1630,0
rep2,1.3436,1631,0
rep2,1.3438,1632,0
rep2,1.344,1633,0
rep2,1.344,1634,0
rep2,1.3443,1635,0
rep2,1.3445,1636,0
rep2,1.3451,1637,0
rep2,1.3451,1638,0
rep2,1.3456,1639,0
rep2,1.3461,1640,0
rep2,1.3472,1641,0
rep2,1.3473,1642,0
rep2,1.3475,1643,0
rep2,1.3475,1644,0
rep2,1.3478,1645,0
rep2,1.3495,1646,0
rep2,1.3496,1647,0
rep2,1.3497,1648,0
rep2,1.3516,1649,0
rep2,1.3516,1650,0
rep2,1.3516,1651,0
rep2,1.3532,1652,0
rep2,1.3537,1653,0
rep2,1.3541,1654,0
rep2,1.3546,1655,0
rep2,1.355,1656,0
rep2,1.3552,1657,0
rep2,1.3559,1658,0
rep2,1.3561,1659,0
rep2,1.3567,1660,0
rep2,1.3573,1661,0
rep2,1.3582,1662,0
rep2,1.3584,1663,0
rep2,1.3584,1664,0
rep2,1.3584,1665,0
rep2,1.3586,1666,0
rep2,1.3599,1667,0
rep2,1.3599,1668,0
rep2,1.3603,1669,0
rep2,1.3603,1670,0
rep2,1.3605,1671,0
rep2,1.3613,1672,0
rep2,1.3615,1673,0
rep2,1.3617,1674,0
rep2,1.3618,1675,0
rep2,1.362,1676,0
rep2,1.3623,1677,0
rep2,1.3626,1678,0
rep2,1.3632,1679,0
rep2,1.3641,1680,0
rep2,1.3647,1681,0
rep2,1.3649,1682,0
rep2,1.3649,1683,0
rep2,1.3653,1684,0
rep2,1.3655,1685,0
rep2,1.3659,1686,0
rep2,1.3663,1687,0
rep2,1.3665,1688,0
rep2,1.367,1689,0
rep2,1.3672,1690,0
rep2,1.3673,1691,0
rep2,1.3676,1692,0
rep2,1.3677,1693,0
rep2,1.369,1694,0
rep2,1.3701,1695,0
rep2,1.3716,1696,0
rep2,1.3721,1697,0
rep2,1.3723,1698,0
rep2,1.3723,1699,0
rep2,1.3732,1700,0
rep2,1.3745,1701,0
rep2,1.3759,1702,0
rep2,1.3774,1703,0
rep2,1.3789,1704,0
rep2,1.379,1705,0
rep2,1.3793,1706,0
rep2,1.3799,1707,0
rep2,1.3802,1708,0
rep2,1.3803,1709,0
rep2,1.3808,1710,0
rep2,1.3816,1711,0
rep2,1.3825,1712,0
rep2,1.3829,1713,0
rep2,1.3833,1714,0
rep2,1.3833,1715,0
rep2,1.3842,1716,0
rep2,1.3845,1717,0
rep2,1.3847,1718,0
rep2,1.3849,1719,0
rep2,1.3851,1720,0
rep2,1.3851,1721,0
rep2,1.3853,1722,0
rep2,1.3879,1723,0
rep2,1.388,1724,0
rep2,1.3885,1725,0
rep2,1.389,1726,0
rep2,1.3894,1727,0
rep2,1.3895,1728,0
rep2,1.3896,1729,0
rep2,1.3897,1730,0
rep2,1.3903,1731,0
rep2,1.3905,1732,0
rep2,1.3908,1733,0
rep2,1.3912,1734,0
rep2,1.3916,1735,0
rep2,1.3928,1736,0
rep2,1.3935,1737,0
rep2,1.3936,1738,0
rep2,1.3944,1739,0
rep2,1.3948,1740,0
rep2,1.3952,1741,0
rep2,1.396,1742,0
rep2,1.3967,1743,0
rep2,1.3973,1744,0
rep2,1.3985,1745,0
rep2,1.3988,1746,0
rep2,1.3996,1747,0
rep2,1.401,1748,0
rep2,1.4017,1749,0
rep2,1.4044,1750,0
rep2,1.4057,1751,0
rep2,1.4062,1752,0
rep2,1.4069,1753,0
rep2,1.4076,1754,0
rep2,1.4076,1755,0
rep2,1.408,1756,0
rep2,1.408,1757,0
rep2,1.4085,1758,0
rep2,1.4097,1759,0
rep2,1.4099,1760,0
rep2,1.4102,1761,0
rep2,1.4105,1762,0
rep2,1.4105,1763,0
rep2,1.4115,1764,0
rep2,1.4123,1765,0
rep2,1.4124,1766,0
rep2,1.4125,1767,0
rep2,1.4136,1768,0
rep2,1.415,1769,0
rep2,1.4161,1770,0
rep2,1.4165,1771,0
rep2,1.417,1772,0
rep2,1.4172,1773,0
rep2,1.4179,1774,0
rep2,1.4188,1775,0
rep2,1.419,1776,0
rep2,1.4192,1777,0
rep2,1.4207,1778,0
rep2,1.4207,1779,0
rep2,1.421,1780,0
rep2,1.4226,1781,0
rep2,1.4233,1782,0
rep2,1.4245,1783,0
rep2,1.4284,1784,0
rep2,1.4294,1785,0
rep2,1.4308,1786,0
rep2,1.4318,1787,0
rep2,1.4323,1788,0
rep2,1.4326,1789,0
rep2,1.4326,1790,0
rep2,1.4334,1791,0
rep2,1.4335,1792,0
rep2,1.4352,1793,0
rep2,1.4357,1794,0
rep2,1.4361,1795,0
rep2,1.4369,1796,0
rep2,1.4378,1797,0
rep2,1.4401,1798,0
rep2,1.4402,1799,0
rep2,1.4406,1800,0
rep2,1.4406,1801,0
rep2,1.441,1802,0
rep2,1.4411,1803,0
rep2,1.4438,1804,0
rep2,1.4456,1805,0
rep2,1.4463,1806,0
rep2,1.4463,1807,0
rep2,1.4468,1808,0
rep2,1.4478,1809,0
rep2,1.4481,1810,0
rep2,1.449,1811,0
rep2,1.4502,1812,0
rep2,1.4508,1813,0
rep2,1.4518,1814,0
rep2,1.4524,1815,0
rep2,1.4532,1816,0
rep2,1.4539,1817,0
rep2,1.4543,1818,0
rep2,1.4543,1819,0
rep2,1.455,1820,0
rep2,1.4552,1821,0
rep2,1.4564,1822,0
rep2,1.4567,1823,0
rep2,1.4594,1824,0
rep2,1.4603,1825,0
rep2,1.464,1826,0
rep2,1.4645,1827,0
rep2,1.4659,1828,0
rep2,1.467,1829,0
rep2,1.4671,1830,0
rep2,1.4674,1831,0
rep2,1.4677,1832,0
rep2,1.4678,1833,0
rep2,1.4692,1834,0
rep2,1.471,1835,0
rep2,1.4723,1836,0
rep2,1.473,1837,0
rep2,1.4731,1838,0
rep2,1.4735,1839,0
rep2,1.4738,1840,0
rep2,1.4741,1841,0
rep2,1.4768,1842,0
rep2,1.4787,1843,0
rep2,1.4789,1844,0
rep2,1.4809,1845,0
rep2,1.4826,1846,0
rep2,1.4833,1847,0
rep2,1.4836,1848,0
rep2,1.4857,1849,0
rep2,1.488,1850,0
rep2,1.4883,1851,0
rep2,1.4889,1852,0
rep2,1.4926,1853,0
rep2,1.4939,1854,0
rep2,1.4945,1855,0
rep2,1.4946,1856,0
rep2,1.4958,1857,0
rep2,1.4961,1858,0
rep2,1.4978,1859,0
rep2,1.4984,1860,0
rep2,1.4992,1861,0
rep2,1.5003,1862,0
rep2,1.503,1863,0
rep2,1.504,1864,0
rep2,1.5066,1865,0
rep2,1.5074,1866,0
rep2,1.5084,1867,0
rep2,1.5089,1868,0
rep2,1.5091,1869,0
rep2,1.5103,1870,0
rep2,1.5114,1871,0
rep2,1.5119,1872,0
rep2,1.5125,1873,0
rep2,1.5125,1874,0
rep2,1.513,1875,0
rep2,1.514,1876,0
rep2,1.5147,1877,0
rep2,1.5159,1878,0
rep2,1.5159,1879,0
rep2,1.5182,1880,0
rep2,1.5187,1881,0
rep2,1.5242,1882,0
rep2,1.5246,1883,0
rep2,1.525,1884,0
rep2,1.5286,1885,0
rep2,1.5329,1886,0
rep2,1.5338,1887,0
rep2,1.537,1888,0
rep2,1.5371,1889,0
rep2,1.5386,1890,0
rep2,1.5419,1891,0
rep2,1.5457,1892,0
rep2,1.5467,1893,0
rep2,1.5485,1894,0
rep2,1.5533,1895,0
rep2,1.5536,1896,0
rep2,1.5615,1897,0
rep2,1.5623,1898,0
rep2,1.5633,1899,0
rep2,1.5669,1900,0
rep2,1.5732,1901,0
rep2,1.5752,1902,0
rep2,1.5789,1903,0
rep2,1.585,1904,0
rep2,1.5965,1905,0
rep2,1.6074,1906,0
rep2,1.6127,1907,0
rep2,1.6156,1908,0
rep2,1.6161,1909,0
rep2,1.6181,1910,0
rep2,1.6282,1911,0
rep2,1.6371,1912,0
rep2,1.6427,1913,0
rep2,1.6492,1914,0
rep2,1.6509,1915,0
rep2,1.6567,1916,0
rep2,1.666,1917,0
rep2,1.6692,1918,0
rep2,1.6722,1919,0
rep2,1.6771,1920,0
rep2,1.6875,1921,0
rep2,1.7045,1922,0
rep2,1.7063,1923,0
rep2,1.7249,1924,0
rep2,1.737,1925,0
rep2,1.7509,1926,0
rep2,1.7633,1927,0
rep2,1.7966,1928,0
rep2,1.8269,1929,0
rep2,1.8402,1930,0
rep2,1.8857,1931,0
rep2,2.0094,1932,0
rep2,2.0404,1933,0
rep2,2.041,1934,0
rep2,2.0422,1935,0
rep2,2.0446,1936,0
rep2,2.0454,1937,0
rep2,2.0455,1938,0
rep2,2.0503,1939,0
rep2,2.0518,1940,0
rep2,2.0732,1941,0
rep2,2.0734,1942,0
rep2,2.0736,1943,0
rep2,2.0738,1944,0
rep2,2.0742,1945,0
rep2,2.0747,1946,0
rep2,2.0748,1947,0
rep2,2.0753,1948,0
rep2,2.0756,1949,0
rep2,2.0757,1950,0
rep2,2.0763,1951,0
rep2,2.0764,1952,0
rep2,2.0764,1953,0
rep2,2.0768,1954,0
rep2,2.077,1955,0
rep2,2.0773,1956,0
rep2,2.0779,1957,0
rep2,2.0786,1958,0
rep2,2.0788,1959,0
rep2,2.0792,1960,0
rep2,2.0794,1961,0
rep2,2.0801,1962,0
rep2,2.0802,1963,0
rep2,2.0811,1964,0
rep2,2.0811,1965,0
rep2,2.0814,1966,0
rep2,2.0814,1967,0
rep2,2.0825,1968,0
rep2,2.0834,1969,0
rep2,2.0835,1970,0
rep2,2.0847,1971,0
rep2,2.0852,1972,0
rep2,2.0854,1973,0
rep2,2.0854,1974,0
rep2,2.0855,1975,0
rep2,2.0857,1976,0
rep2,2.0877,1977,0
rep2,2.0888,1978,0
rep2,2.0893,1979,0
rep2,2.0894,1980,0
rep2,2.0901,1981,0
rep2,2.0918,1982,0
rep2,2.0937,1983,0
rep2,2.0994,1984,0
rep2,2.1005,1985,0
rep2,2.1012,1986,0
rep2,2.1073,1987,0
rep2,2.1078,1988,0
rep2,2.1081,1989,0
rep2,2.1089,1990,0
rep2,2.1091,1991,0
rep2,2.1116,1992,0
rep2,2.1128,1993,0
rep2,2.1136,1994,0
rep2,2.1148,1995,0
rep2,2.1161,1996,0
rep2,2.118,1997,0
rep2,2.1188,1998,0
rep2,2.1198,1999,0
rep2,2.122,2000,0
rep2,2.1245,2001,0
rep2,2.1267,2002,0
rep2,2.1273,2003,0
rep2,2.1288,2004,0
rep2,2.1309,2005,0
rep2,2.1331,2006,0
rep2,2.1339,2007,0
rep2,2.1367,2008,0
rep2,2.138,2009,0
rep2,2.1381,2010,0
rep2,2.1392,2011,0
rep2,2.1402,2012,0
rep2,2.1411,2013,0
rep2,2.1416,2014,0
rep2,2.1425,2015,0
rep2,2.1432,2016,0
rep2,2.1441,2017,0
rep2,2.148,2018,0
rep2,2.1485,2019,0
rep2,2.149,2020,0
rep2,2.1501,2021,0
rep2,2.1501,2022,0
rep2,2.1512,2023,0
rep2,2.1515,2024,0
rep2,2.1519,2025,0
rep2,2.1527,2026,0
rep2,2.1548,2027,0
rep2,2.1577,2028,0
rep2,2.1586,2029,0
rep2,2.1643,2030,0
rep2,2.1661,2031,0
rep2,2.167,2032,0
rep2,2.1682,2033,0
rep2,2.1709,2034,0
rep2,2.1758,2035,0
rep2,2.1762,2036,0
rep2,2.1763,2037,0
rep2,2.1771,2038,0
rep2,2.178,2039,0
rep2,2.1781,2040,0
rep2,2.1783,2041,0
rep2,2.1809,2042,0
rep2,2.1817,2043,0
rep2,2.1817,2044,0
rep2,2.1824,2045,0
rep2,2.1858,2046,0
rep2,2.1864,2047,0
rep2,2.1876,2048,0
rep2,2.1878,2049,0
rep2,2.1888,2050,0
rep2,2.1888,2051,0
rep2,2.1899,2052,0
rep2,2.1899,2053,0
rep2,2.1901,2054,0
rep2,2.1902,2055,0
rep2,2.1916,2056,0
rep2,2.1919,2057,0
rep2,2.1923,2058,0
rep2,2.1928,2059,0
rep2,2.1929,2060,0
rep2,2.1956,2061,0
rep2,2.1972,2062,0
rep2,2.1979,2063,0
rep2,2.1983,2064,0
rep2,2.1988,2065,0
rep2,2.2,2066,0
rep2,2.2,2067,0
rep2,2.2007,2068,0
rep2,2.2012,2069,0
rep2,2.2031,2070,0
rep2,2.2043,2071,0
rep2,2.2093,2072,0
rep2,2.2093,2073,0
rep2,2.2099,2074,0
rep2,2.2101,2075,0
rep2,2.2109,2076,0
rep2,2.2111,2077,0
rep2,2.2116,2078,0
rep2,2.2122,2079,0
rep2,2.2127,2080,0
rep2,2.2133,2081,0
rep2,2.2151,2082,0
rep2,2.2195,2083,0
rep2,2.2197,2084,0
rep2,2.2204,2085,0
rep2,2.2227,2086,0
rep3,1.0076,1,0
rep3,1.0077,2,0
rep3,1.0078,3,0
rep3,1.0081,4,0
rep3,1.0081,5,0
rep3,1.0085,6,0
rep3,1.0087,7,0
rep3,1.0087,8,0
rep3,1.0088,9,0
rep3,1.009,10,0
rep3,1.0091,11,0
rep3,1.0091,12,0
rep3,1.0093,13,0
rep3,1.0094,14,0
rep3,1.0096,15,0
rep3,1.0096,16,0
rep3,1.0096,17,0
rep3,1.0099,18,0
rep3,1.0103,19,0
rep3,1.0118,20,0
rep3,1.0121,21,0
rep3,1.0123,22,0
rep3,1.0126,23,0
rep3,1.0129,24,0
rep3,1.0135,25,0
rep3,1.0145,26,0
rep3,1.0148,27,0
rep3,1.0152,28,0
rep3,1.0154,29,0
rep3,1.0167,30,0
rep3,1.0169,31,0
rep3,1.017,32,0
rep3,1.0171,33,0
rep3,1.0176,34,0
rep3,1.0176,35,0
rep3,1.0178,36,0
rep3,1.0179,37,0
rep3,1.0185,38,0
rep3,1.0187,39,0
rep3,1.0188,40,0
rep3,1.0206,41,0
rep3,1.0206,42,0
rep3,1.0211,43,0
rep3,1.0219,44,0
rep3,1.0222,45,0
rep3,1.0227,46,0
rep3,1.0234,47,0
rep3,1.0235,48,0
rep3,1.0238,49,0
rep3,1.0244,50,0
rep3,1.026,51,0
rep3,1.026,52,0
rep3,1.0289,53,0
rep3,1.029,54,0
rep3,1.0298,55,0
rep3,1.0306,56,0
rep3,1.0309,57,0
rep3,1.0313,58,0
rep3,1.0314,59,0
rep3,1.0338,60,0
rep3,1.0374,61,0
rep3,1.0409,62,0
rep3,1.0409,63,0
rep3,1.0409,64,0
rep3,1.041,65,0
rep3,1.041,66,0
rep3,1.041,67,0
rep3,1.041,68,0
rep3,1.0411,69,0
rep3,1.0411,70,0
rep3,1.0411,71,0
rep3,1.0411,72,0
rep3,1.0412,73,0
rep3,1.0412,74,0
rep3,1.0412,75,0
rep3,1.0413,76,0
rep3,1.0413,77,0
rep3,1.0414,78,0
rep3,1.0414,79,0
rep3,1.0414,80,0
rep3,1.0414,81,0
rep3,1.0415,82,0
rep3,1.0415,83,0
rep3,1.0416,84,0
rep3,1.0416,85,0
rep3,1.0416,86,0
rep3,1.0416,87,0
rep3,1.0416,88,0
rep3,1.0418,89,0
rep3,1.0418,90,0
rep3,1.0419,91,0
rep3,1.0419,92,0
rep3,1.0419,93,0
rep3,1.0419,94,0
rep3,1.042,95,0
rep3,1.042,96,0
rep3,1.042,97,0
rep3,1.0421,98,0
rep3,1.0421,99,0
rep3,1.0421,100,0
rep3,1.0421,101,0
rep3,1.0421,102,0
rep3,1.0421,103,0
rep3,1.0422,104,0
rep3,1.0422,105,0
rep3,1.0422,106,0
rep3,1.0422,107,0
rep3,1.0423,108,0
rep3,1.0423,109,0
rep3,1.0424,110,0
rep3,1.0424,111,0
rep3,1.0424,112,0
rep3,1.0424,113,0
rep3,1.0425,114,0
rep3,1.0425,115,0
rep3,1.0425,116,0
rep3,1.0426,117,0
rep3,1.0426,118,0
rep3,1.0428,119,0
rep3,1.0428,120,0
rep3,1.0429,121,0
rep3,1.0429,122,0
rep3,1.043,123,0
rep3,1.043,124,0
rep3,1.0431,125,0
rep3,1.0431,126,0
rep3,1.0431,127,0
rep3,1.0431,128,0
rep3,1.0432,129,0
rep3,1.0432,130,0
rep3,1.0432,131,0
rep3,1.0433,132,0
rep3,1.0433,133,0
rep3,1.0434,134,0
rep3,1.0434,135,0
rep3,1.0435,136,0
rep3,1.0435,137,0
rep3,1.0435,138,0
rep3,1.0435,139,0
rep3,1.0435,140,0
rep3,1.0436,141,0
rep3,1.0436,142,0
rep3,1.0437,143,0
rep3,1.0437,144,0
rep3,1.0438,145,0
rep3,1.0438,146,0
rep3,1.0438,147,0
rep3,1.0439,148,0
rep3,1.0439,149,0
rep3,1.044,150,0
rep3,1.044,151,0
rep3,1.044,152,0
rep3,1.0441,153,0
rep3,1.0441,154,0
rep3,1.0441,155,0
rep3,1.0441,156,0
rep3,1.0442,157,0
rep3,1.0442,158,0
rep3,1.0442,159,0
rep3,1.0442,160,0
rep3,1.0443,161,0
rep3,1.0443,162,0
rep3,1.0443,163,0
rep3,1.0443,164,0
rep3,1.0444,165,0
rep3,1.0444,166,0
rep3,1.0444,167,0
rep3,1.0444,168,0
rep3,1.0445,169,0
rep3,1.0445,170,0
rep3,1.0445,171,0
rep3,1.0446,172,0
rep3,1.0446,173,0
rep3,1.0446,174,0
rep3,1.0446,175,0
rep3,1.0447,176,0
rep3,1.0447,177,0
rep3,1.0447,178,0
rep3,1.0448,179,0
rep3,1.0448,180,0
rep3,1.0449,181,0
rep3,1.0449,182,0
rep3,1.045,183,0
rep3,1.045,184,0
rep3,1.0451,185,0
rep3,1.0451,186,0
rep3,1.0451,187,0
rep3,1.0452,188,0
rep3,1.0452,189,0
rep3,1.0453,190,0
rep3,1.0453,191,0
rep3,1.0453,192,0
rep3,1.0453,193,0
rep3,1.0454,194,0
rep3,1.0454,195,0
rep3,1.0455,196,0
rep3,1.0455,197,0
rep3,1.0455,198,0
rep3,1.0456,199,0
rep3,1.0456,200,0
rep3,1.0456,201,0
rep3,1.0457,202,0
rep3,1.0457,203,0
rep3,1.0457,204,0
rep3,1.0458,205,0
rep3,1.0459,206,0
rep3,1.0459,207,0
rep3,1.0459,208,0
rep3,1.046,209,0
rep3,1.046,210,0
rep3,1.0461,211,0
rep3,1.0461,212,0
rep3,1.0462,213,0
rep3,1.0462,214,0
rep3,1.0462,215,0
rep3,1.0462,216,0
rep3,1.0463,217,0
rep3,1.0463,218,0
rep3,1.0463,219,0
rep3,1.0464,220,0
rep3,1.0464,221,0
rep3,1.0465,222,0
rep3,1.0465,223,0
rep3,1.0466,224,0
rep3,1.0468,225,0
rep3,1.0468,226,0
rep3,1.0469,227,0
rep3,1.0469,228,0
rep3,1.047,229,0
rep3,1.047,230,0
rep3,1.0471,231,0
rep3,1.0471,232,0
rep3,1.0471,233,0
rep3,1.0472,234,0
rep3,1.0473,235,0
rep3,1.0474,236,0
rep3,1.0474,237,0
rep3,1.0474,238,0
rep3,1.0474,239,0
rep3,1.0475,240,0
rep3,1.0475,241,0
rep3,1.0476,242,0
rep3,1.0476,243,0
rep3,1.0477,244,0
rep3,1.0477,245,0
rep3,1.0478,246,0
rep3,1.0478,247,0
rep3,1.0479,248,0
rep3,1.0479,249,0
rep3,1.0479,250,0
rep3,1.048,251,0
rep3,1.048,252,0
rep3,1.048,253,0
rep3,1.048,254,0
rep3,1.0481,255,0
rep3,1.0481,256,0
rep3,1.0482,257,0
rep3,1.0483,258,0
rep3,1.0483,259,0
rep3,1.0483,260,0
rep3,1.0483,261,0
rep3,1.0484,262,0
rep3,1.0485,263,0
rep3,1.0485,264,0
rep3,1.0486,265,0
rep3,1.0487,266,0
rep3,1.0488,267,0
rep3,1.0488,268,0
rep3,1.0489,269,0
rep3,1.049,270,0
rep3,1.049,271,0
rep3,1.049,272,0
rep3,1.0491,273,0
rep3,1.0491,274,0
rep3,1.0492,275,0
rep3,1.0492,276,0
rep3,1.0493,277,0
rep3,1.0493,278,0
rep3,1.0494,279,0
rep3,1.0495,280,0
rep3,1.0495,281,0
rep3,1.0496,282,0
rep3,1.0496,283,0
rep3,1.0497,284,0
rep3,1.0497,285,0
rep3,1.0497,286,0
rep3,1.0498,287,0
rep3,1.0499,288,0
rep3,1.0499,289,0
rep3,1.05,290,0
rep3,1.0501,291,0
rep3,1.0501,292,0
rep3,1.0501,293,0
rep3,1.0502,294,0
rep3,1.0502,295,0
rep3,1.0502,296,0
rep3,1.0502,297,0
rep3,1.0504,298,0
rep3,1.0504,299,0
rep3,1.0505,300,0
rep3,1.0506,301,0
rep3,1.0507,302,0
rep3,1.0507,303,0
rep3,1.0508,304,0
rep3,1.0511,305,0
rep3,1.0512,306,0
rep3,1.0513,307,0
rep3,1.0514,308,0
rep3,1.0514,309,0
rep3,1.0515,310,0
rep3,1.0518,311,0
rep3,1.0519,312,0
rep3,1.0519,313,0
rep3,1.052,314,0
rep3,1.052,315,0
rep3,1.052,316,0
rep3,1.052,317,0
rep3,1.0521,318,0
rep3,1.0524,319,0
rep3,1.0524,320,0
rep3,1.0524,321,0
rep3,1.0525,322,0
rep3,1.0526,323,0
rep3,1.0527,324,0
rep3,1.0527,325,0
rep3,1.053,326,0
rep3,1.053,327,0
rep3,1.053,328,0
rep3,1.0531,329,0
rep3,1.0532,330,0
rep3,1.0532,331,0
rep3,1.0532,332,0
rep3,1.0532,333,0
rep3,1.0533,334,0
rep3,1.0536,335,0
rep3,1.0536,336,0
rep3,1.0538,337,0
rep3,1.054,338,0
rep3,1.054,339,0
rep3,1.0543,340,0
rep3,1.0543,341,0
rep3,1.0545,342,0
rep3,1.0547,343,0
rep3,1.0547,344,0
rep3,1.0549,345,0
rep3,1.0549,346,0
rep3,1.0553,347,0
rep3,1.0555,348,0
rep3,1.0555,349,0
rep3,1.0557,350,0
rep3,1.0559,351,0
rep3,1.056,352,0
rep3,1.0561,353,0
rep3,1.0562,354,0
rep3,1.0562,355,0
rep3,1.0562,356,0
rep3,1.0564,357,0
rep3,1.0564,358,0
rep3,1.0564,359,0
rep3,1.0565,360,0
rep3,1.0566,361,0
rep3,1.0566,362,0
rep3,1.0567,363,0
rep3,1.0568,364,0
rep3,1.0571,365,0
rep3,1.0571,366,0
rep3,1.0571,367,0
rep3,1.0572,368,0
rep3,1.0574,369,0
rep3,1.0575,370,0
rep3,1.0575,371,0
rep3,1.0576,372,0
rep3,1.0577,373,0
rep3,1.0577,374,0
rep3,1.0578,375,0
rep3,1.0579,376,0
rep3,1.0582,377,0
rep3,1.0585,378,0
rep3,1.0587,379,0
rep3,1.0588,380,0
rep3,1.0589,381,0
rep3,1.059,382,0
rep3,1.0591,383,0
rep3,1.0592,384,0
rep3,1.0592,385,0
rep3,1.0595,386,0
rep3,1.0595,387,0
rep3,1.0599,388,0
rep3,1.0599,389,0
rep3,1.0599,390,0
rep3,1.06,391,0
rep3,1.0601,392,0
rep3,1.0602,393,0
rep3,1.0602,394,0
rep3,1.0603,395,0
rep3,1.0603,396,0
rep3,1.0604,397,0
rep3,1.0604,398,0
rep3,1.0605,399,0
rep3,1.0606,400,0
rep3,1.0608,401,0
rep3,1.0608,402,0
rep3,1.0609,403,0
rep3,1.061,404,0
rep3,1.0611,405,0
rep3,1.0614,406,0
rep3,1.0615,407,0
rep3,1.0616,408,0
rep3,1.0617,409,0
rep3,1.0623,410,0
rep3,1.0624,411,0
rep3,1.0625,412,0
rep3,1.0627,413,0
rep3,1.0627,414,0
rep3,1.0629,415,0
rep3,1.0636,416,0
rep3,1.0642,417,0
rep3,1.0645,418,0
rep3,1.0649,419,0
rep3,1.0649,420,0
rep3,1.065,421,0
rep3,1.0658,422,0
rep3,1.0662,423,0
rep3,1.0664,424,0
rep3,1.0666,425,0
rep3,1.0668,426,0
rep3,1.067,427,0
rep3,1.0673,428,0
rep3,1.0679,429,0
rep3,1.0682,430,0
rep3,1.0682,431,0
rep3,1.0684,432,0
rep3,1.0688,433,0
rep3,1.0688,434,0
rep3,1.069,435,0
rep3,1.069,436,0
rep3,1.0693,437,0
rep3,1.0703,438,0
rep3,1.0704,439,0
rep3,1.0707,440,0
rep3,1.0707,441,0
rep3,1.0709,442,0
rep3,1.0713,443,0
rep3,1.0717,444,0
rep3,1.0718,445,0
rep3,1.072,446,0
rep3,1.0735,447,0
rep3,1.0739,448,0
rep3,1.0743,449,0
rep3,1.0743,450,0
rep3,1.0743,451,0
rep3,1.0745,452,0
rep3,1.0745,453,0
rep3,1.0746,454,0
rep3,1.0747,455,0
rep3,1.0747,456,0
rep3,1.0748,457,0
rep3,1.0749,458,0
rep3,1.0749,459,0
rep3,1.0752,460,0
rep3,1.0753,461,0
rep3,1.0753,462,0
rep3,1.0754,463,0
rep3,1.0756,464,0
rep3,1.0757,465,0
rep3,1.0757,466,0
rep3,1.0757,467,0
rep3,1.0758,468,0
rep3,1.0759,469,0
rep3,1.0759,470,0
rep3,1.076,471,0
rep3,1.0762,472,0
rep3,1.0763,473,0
rep3,1.0764,474,0
rep3,1.0764,475,0
rep3,1.0766,476,0
rep3,1.0767,477,0
rep3,1.0768,478,0
rep3,1.0769,479,0
rep3,1.077,480,0
rep3,1.0771,481,0
rep3,1.0771,482,0
rep3,1.0771,483,0
rep3,1.0772,484,0
rep3,1.0772,485,0
rep3,1.0772,486,0
rep3,1.0773,487,0
rep3,1.0773,488,0
rep3,1.0773,489,0
rep3,1.0775,490,0
rep3,1.0775,491,0
rep3,1.0777,492,0
rep3,1.0777,493,0
rep3,1.0777,494,0
rep3,1.0778,495,0
rep3,1.0783,496,0
rep3,1.0785,497,0
rep3,1.0785,498,0
rep3,1.0786,499,0
rep3,1.0788,500,0
rep3,1.0788,501,0
rep3,1.0788,502,0
rep3,1.0789,503,0
rep3,1.079,504,0
rep3,1.0793,505,0
rep3,1.0793,506,0
rep3,1.0794,507,0
rep3,1.0795,508,0
rep3,1.0797,509,0
rep3,1.0797,510,0
rep3,1.08,511,0
rep3,1.0801,512,0
rep3,1.0803,513,0
rep3,1.0804,514,0
rep3,1.0804,515,0
rep3,1.0805,516,0
rep3,1.0806,517,0
rep3,1.0807,518,0
rep3,1.0809,519,0
rep3,1.081,520,0
rep3,1.0814,521,0
rep3,1.0816,522,0
rep3,1.0816,523,0
rep3,1.0819,524,0
rep3,1.082,525,0
rep3,1.0821,526,0
rep3,1.0821,527,0
rep3,1.0825,528,0
rep3,1.0825,529,0
rep3,1.0825,530,0
rep3,1.0826,531,0
rep3,1.0827,532,0
rep3,1.0828,533,0
rep3,1.0832,534,0
rep3,1.0834,535,0
rep3,1.0836,536,0
rep3,1.0839,537,0
rep3,1.084,538,0
rep3,1.084,539,0
rep3,1.0843,540,0
rep3,1.0844,541,0
rep3,1.0844,542,0
rep3,1.0845,543,0
rep3,1.0847,544,0
rep3,1.0847,545,0
rep3,1.0849,546,0
rep3,1.0849,547,0
rep3,1.0851,548,0
rep3,1.0854,549,0
rep3,1.0855,550,0
rep3,1.0855,551,0
rep3,1.0856,552,0
rep3,1.0856,553,0
rep3,1.0856,554,0
rep3,1.0857,555,0
rep3,1.0858,556,0
rep3,1.0859,557,0
rep3,1.0859,558,0
rep3,1.086,559,0
rep3,1.0861,560,0
rep3,1.0861,561,0
rep3,1.0862,562,0
rep3,1.0862,563,0
rep3,1.0862,564,0
rep3,1.0863,565,0
rep3,1.0864,566,0
rep3,1.0867,567,0
rep3,1.0868,568,0
rep3,1.087,569,0
rep3,1.0871,570,0
rep3,1.0872,571,0
rep3,1.0874,572,0
rep3,1.0876,573,0
rep3,1.0878,574,0
rep3,1.0878,575,0
rep3,1.0882,576,0
rep3,1.0883,577,0
rep3,1.0884,578,0
rep3,1.0884,579,0
rep3,1.0884,580,0
rep3,1.089,581,0
rep3,1.0893,582,0
rep3,1.0895,583,0
rep3,1.0895,584,0
rep3,1.0898,585,0
rep3,1.0899,586,0
rep3,1.0902,587,0
rep3,1.0903,588,0
rep3,1.0904,589,0
rep3,1.0909,590,0
rep3,1.091,591,0
rep3,1.091,592,0
rep3,1.0912,593,0
rep3,1.0914,594,0
rep3,1.0915,595,0
rep3,1.0917,596,0
rep3,1.0919,597,0
rep3,1.0927,598,0
rep3,1.0927,599,0
rep3,1.0928,600,0
rep3,1.0928,601,0
rep3,1.093,602,0
rep3,1.0933,603,0
rep3,1.0937,604,0
rep3,1.0942,605,0
rep3,1.0946,606,0
rep3,1.095,607,0
rep3,1.0951,608,0
rep3,1.0955,609,0
rep3,1.0956,610,0
rep3,1.0957,611,0
rep3,1.0962,612,0
rep3,1.0964,613,0
rep3,1.0969,614,0
rep3,1.0972,615,0
rep3,1.098,616,0
rep3,1.0982,617,0
rep3,1.0987,618,0
rep3,1.0988,619,0
rep3,1.0988,620,0
rep3,1.099,621,0
rep3,1.0995,622,0
rep3,1.0999,623,0
rep3,1.1003,624,0
rep3,1.1004,625,0
rep3,1.1013,626,0
rep3,1.1014,627,0
rep3,1.1015,628,0
rep3,1.1016,629,0
rep3,1.1018,630,0
rep3,1.1018,631,0
rep3,1.1021,632,0
rep3,1.1023,633,0
rep3,1.1029,634,0
rep3,1.1032,635,0
rep3,1.1034,636,0
rep3,1.1034,637,0
rep3,1.1036,638,0
rep3,1.1037,639,0
rep3,1.104,640,0
rep3,1.1041,641,0
rep3,1.1041,642,0
rep3,1.1041,643,0
rep3,1.1045,644,0
rep3,1.1053,645,0
rep3,1.1056,646,0
rep3,1.1061,647,0
rep3,1.1064,648,0
rep3,1.1065,649,0
rep3,1.1075,650,0
rep3,1.1077,651,0
rep3,1.1078,652,0
rep3,1.1078,653,0
rep3,1.1078,654,0
rep3,1.108,655,0
rep3,1.108,656,0
rep3,1.1082,657,0
rep3,1.1083,658,0
rep3,1.1084,659,0
rep3,1.1085,660,0
rep3,1.1086,661,0
rep3,1.1086,662,0
rep3,1.1086,663,0
rep3,1.1087,664,0
rep3,1.1089,665,0
rep3,1.1091,666,0
rep3,1.1095,667,0
rep3,1.1096,668,0
rep3,1.1098,669,0
rep3,1.1098,670,0
rep3,1.1101,671,0
rep3,1.1102,672,0
rep3,1.1104,673,0
rep3,1.1107,674,0
rep3,1.1107,675,0
rep3,1.1108,676,0
rep3,1.111,677,0
rep3,1.1112,678,0
rep3,1.1114,679,0
rep3,1.1114,680,0
rep3,1.1114,681,0
rep3,1.1114,682,0
rep3,1.1118,683,0
rep3,1.1122,684,0
rep3,1.1125,685,0
rep3,1.1125,686,0
rep3,1.1126,687,0
rep3,1.1127,688,0
rep3,1.1128,689,0
rep3,1.1131,690,0
rep3,1.1131,691,0
rep3,1.1133,692,0
rep3,1.1133,693,0
rep3,1.1136,694,0
rep3,1.1138,695,0
rep3,1.1138,696,0
rep3,1.114,697,0
rep3,1.1141,698,0
rep3,1.1146,699,0
rep3,1.115,700,0
rep3,1.115,701,0
rep3,1.1151,702,0
rep3,1.1151,703,0
rep3,1.1151,704,0
rep3,1.1153,705,0
rep3,1.1153,706,0
rep3,1.1155,707,0
rep3,1.1155,708,0
rep3,1.1157,709,0
rep3,1.1157,710,0
rep3,1.1158,711,0
rep3,1.1162,712,0
rep3,1.1162,713,0
rep3,1.1166,714,0
rep3,1.1166,715,0
rep3,1.1166,716,0
rep3,1.1166,717,0
rep3,1.1167,718,0
rep3,1.1168,719,0
rep3,1.1169,720,0
rep3,1.117,721,0
rep3,1.1173,722,0
rep3,1.1174,723,0
rep3,1.1174,724,0
rep3,1.1177,725,0
rep3,1.1177,726,0
rep3,1.1177,727,0
rep3,1.1178,728,0
rep3,1.1181,729,0
rep3,1.1186,730,0
rep3,1.1187,731,0
rep3,1.1188,732,0
rep3,1.1192,733,0
rep3,1.1192,734,0
rep3,1.1193,735,0
rep3,1.1194,736,0
rep3,1.1194,737,0
rep3,1.1195,738,0
rep3,1.1195,739,0
rep3,1.1201,740,0
rep3,1.1202,741,0
rep3,1.1205,742,0
rep3,1.1206,743,0
rep3,1.1206,744,0
rep3,1.1206,745,0
rep3,1.1206,746,0
rep3,1.1209,747,0
rep3,1.121,748,0
rep3,1.1212,749,0
rep3,1.1215,750,0
rep3,1.1215,751,0
rep3,1.1218,752,0
rep3,1.122,753,0
rep3,1.1223,754,0
rep3,1.1226,755,0
rep3,1.1228,756,0
rep3,1.1228,757,0
rep3,1.1231,758,0
rep3,1.1232,759,0
rep3,1.1235,760,0
rep3,1.1235,761,0
rep3,1.1237,762,0
rep3,1.1241,763,0
rep3,1.1242,764,0
rep3,1.1243,765,0
rep3,1.1246,766,0
rep3,1.1246,767,0
rep3,1.1247,768,0
rep3,1.1255,769,0
rep3,1.1255,770,0
rep3,1.1258,771,0
rep3,1.1259,772,0
rep3,1.126,773,0
rep3,1.1261,774,0
rep3,1.1263,775,0
rep3,1.1264,776,0
rep3,1.1265,777,0
rep3,1.1273,778,0
rep3,1.1274,779,0
rep3,1.1275,780,0
rep3,1.1276,781,0
rep3,1.1277,782,0
rep3,1.1278,783,0
rep3,1.1278,784,0
rep3,1.1281,785,0
rep3,1.1283,786,0
rep3,1.1289,787,0
rep3,1.1289,788,0
rep3,1.1292,789,0
rep3,1.1294,790,0
rep3,1.1295,791,0
rep3,1.1298,792,0
rep3,1.1301,793,0
rep3,1.1301,794,0
rep3,1.1301,795,0
rep3,1.1301,796,0
rep3,1.1302,797,0
rep3,1.1305,798,0
rep3,1.1306,799,0
rep3,1.1309,800,0
rep3,1.1312,801,0
rep3,1.1319,802,0
rep3,1.132,803,0
rep3,1.132,804,0
rep3,1.1321,805,0
rep3,1.1326,806,0
rep3,1.1327,807,0
rep3,1.1327,808,0
rep3,1.1329,809,0
rep3,1.133,810,0
rep3,1.133,811,0
rep3,1.1331,812,0
rep3,1.1331,813,0
rep3,1.1332,814,0
rep3,1.1334,815,0
rep3,1.1334,816,0
rep3,1.1337,817,0
rep3,1.134,818,0
rep3,1.1341,819,0
rep3,1.1349,820,0
rep3,1.135,821,0
rep3,1.135,822,0
rep3,1.1351,823,0
rep3,1.1352,824,0
rep3,1.1354,825,0
rep3,1.1356,826,0
rep3,1.1359,827,0
rep3,1.136,828,0
rep3,1.1362,829,0
rep3,1.1362,830,0
rep3,1.1366,831,0
rep3,1.1366,832,0
rep3,1.1369,833,0
rep3,1.1369,834,0
rep3,1.1371,835,0
rep3,1.1373,836,0
rep3,1.1379,837,0
rep3,1.1379,838,0
rep3,1.1381,839,0
rep3,1.1385,840,0
rep3,1.1389,841,0
rep3,1.1394,842,0
rep3,1.14,843,0
rep3,1.1402,844,0
rep3,1.1406,845,0
rep3,1.1406,846,0
rep3,1.141,847,0
rep3,1.1411,848,0
rep3,1.1411,849,0
rep3,1.1418,850,0
rep3,1.1418,851,0
rep3,1.142,852,0
rep3,1.142,853,0
rep3,1.1421,854,0
rep3,1.1422,855,0
rep3,1.1422,856,0
rep3,1.1423,857,0
rep3,1.1426,858,0
rep3,1.1429,859,0
rep3,1.143,860,0
rep3,1.1431,861,0
rep3,1.1433,862,0
rep3,1.1436,863,0
rep3,1.1437,864,0
rep3,1.1437,865,0
rep3,1.1441,866,0
rep3,1.1445,867,0
rep3,1.1445,868,0
rep3,1.1446,869,0
rep3,1.1447,870,0
rep3,1.1447,871,0
rep3,1.1448,872,0
rep3,1.1449,873,0
rep3,1.145,874,0
rep3,1.1451,875,0
rep3,1.1452,876,0
rep3,1.1454,877,0
rep3,1.1458,878,0
rep3,1.1459,879,0
rep3,1.1459,880,0
rep3,1.1459,881,0
rep3,1.1461,882,0
rep3,1.1463,883,0
rep3,1.1464,884,0
rep3,1.1464,885,0
rep3,1.1468,886,0
rep3,1.1469,887,0
rep3,1.1469,888,0
rep3,1.1469,889,0
rep3,1.1471,890,0
rep3,1.1472,891,0
rep3,1.1484,892,0
rep3,1.1486,893,0
rep3,1.1487,894,0
rep3,1.1488,895,0
rep3,1.1488,896,0
rep3,1.149,897,0
rep3,1.1492,898,0
rep3,1.1494,899,0
rep3,1.1494,900,0
rep3,1.1495,901,0
rep3,1.1496,902,0
rep3,1.1496,903,0
rep3,1.1497,904,0
rep3,1.1498,905,0
rep3,1.1504,906,0
rep3,1.1505,907,0
rep3,1.1509,908,0
rep3,1.1511,909,0
rep3,1.1512,910,0
rep3,1.1515,911,0
rep3,1.1517,912,0
rep3,1.1519,913,0
rep3,1.152,914,0
rep3,1.152,915,0
rep3,1.1521,916,0
rep3,1.1521,917,0
rep3,1.1523,918,0
rep3,1.1524,919,0
rep3,1.1525,920,0
rep3,1.1525,921,0
rep3,1.1526,922,0
rep3,1.1529,923,0
rep3,1.1531,924,0
rep3,1.1532,925,0
rep3,1.1532,926,0
rep3,1.1533,927,0
rep3,1.1535,928,0
rep3,1.1535,929,0
rep3,1.1543,930,0
rep3,1.1546,931,0
rep3,1.1549,932,0
rep3,1.1553,933,0
rep3,1.1558,934,0
rep3,1.156,935,0
rep3,1.1569,936,0
rep3,1.1569,937,0
rep3,1.1572,938,0
rep3,1.1574,939,0
rep3,1.1575,940,0
rep3,1.1578,941,0
rep3,1.1581,942,0
rep3,1.1582,943,0
rep3,1.1583,944,0
rep3,1.1583,945,0
rep3,1.1585,946,0
rep3,1.1586,947,0
rep3,1.1587,948,0
rep3,1.1591,949,0
rep3,1.1592,950,0
rep3,1.1592,951,0
rep3,1.1594,952,0
rep3,1.1599,953,0
rep3,1.1602,954,0
rep3,1.1605,955,0
rep3,1.1609,956,0
rep3,1.1612,957,0
rep3,1.1613,958,0
rep3,1.1615,959,0
rep3,1.1618,960,0
rep3,1.1618,961,0
rep3,1.1619,962,0
rep3,1.1621,963,0
rep3,1.1623,964,0
rep3,1.1624,965,0
rep3,1.1626,966,0
rep3,1.1626,967,0
rep3,1.1628,968,0
rep3,1.1628,969,0
rep3,1.1632,970,0
rep3,1.1636,971,0
rep3,1.1637,972,0
rep3,1.1638,973,0
rep3,1.1639,974,0
rep3,1.1641,975,0
rep3,1.1644,976,0
rep3,1.1645,977,0
rep3,1.1646,978,0
rep3,1.1648,979,0
rep3,1.1648,980,0
rep3,1.1653,981,0
rep3,1.1655,982,0
rep3,1.1656,983,0
rep3,1.1658,984,0
rep3,1.166,985,0
rep3,1.1661,986,0
rep3,1.1664,987,0
rep3,1.1665,988,0
rep3,1.1666,989,0
rep3,1.1668,990,0
rep3,1.1669,991,0
rep3,1.1671,992,0
rep3,1.1676,993,0
rep3,1.1677,994,0
rep3,1.168,995,0
rep3,1.1682,996,0
rep3,1.1684,997,0
rep3,1.1686,998,0
rep3,1.1686,999,0
rep3,1.1691,1000,0
rep3,1.1691,1001,0
rep3,1.1692,1002,0
rep3,1.1692,1003,0
rep3,1.1692,1004,0
rep3,1.1694,1005,0
rep3,1.1695,1006,0
rep3,1.1696,1007,0
rep3,1.1696,1008,0
rep3,1.1703,1009,0
rep3,1.1705,1010,0
rep3,1.1706,1011,0
rep3,1.171,1012,0
rep3,1.1712,1013,0
rep3,1.1713,1014,0
rep3,1.1722,1015,0
rep3,1.1722,1016,0
rep3,1.1724,1017,0
rep3,1.1725,1018,0
rep3,1.173,1019,0
rep3,1.1731,1020,0
rep3,1.1732,1021,0
rep3,1.1734,1022,0
rep3,1.1741,1023,0
rep3,1.1742,1024,0
rep3,1.1747,1025,0
rep3,1.1747,1026,0
rep3,1.1748,1027,0
rep3,1.1748,1028,0
rep3,1.1749,1029,0
rep3,1.175,1030,0
rep3,1.1753,1031,0
rep3,1.1754,1032,0
rep3,1.1758,1033,0
rep3,1.1759,1034,0
rep3,1.1759,1035,0
rep3,1.1759,1036,0
rep3,1.176,1037,0
rep3,1.1761,1038,0
rep3,1.1765,1039,0
rep3,1.1765,1040,0
rep3,1.1771,1041,0
rep3,1.1771,1042,0
rep3,1.1771,1043,0
rep3,1.1773,1044,0
rep3,1.1773,1045,0
rep3,1.1775,1046,0
rep3,1.1776,1047,0
rep3,1.1781,1048,0
rep3,1.1781,1049,0
rep3,1.1784,1050,0
rep3,1.1784,1051,0
rep3,1.1785,1052,0
rep3,1.1785,1053,0
rep3,1.1792,1054,0
rep3,1.1792,1055,0
rep3,1.1792,1056,0
rep3,1.1794,1057,0
rep3,1.1794,1058,0
rep3,1.1795,1059,0
rep3,1.1795,1060,0
rep3,1.1798,1061,0
rep3,1.1807,1062,0
rep3,1.1811,1063,0
rep3,1.1814,1064,0
rep3,1.1815,1065,0
rep3,1.182,1066,0
rep3,1.1821,1067,0
rep3,1.1822,1068,0
rep3,1.1824,1069,0
rep3,1.1832,1070,0
rep3,1.1834,1071,0
rep3,1.1835,1072,0
rep3,1.1836,1073,0
rep3,1.1837,1074,0
rep3,1.1837,1075,0
rep3,1.1839,1076,0
rep3,1.184,1077,0
rep3,1.184,1078,0
rep3,1.184,1079,0
rep3,1.1841,1080,0
rep3,1.1841,1081,0
rep3,1.1843,1082,0
rep3,1.1844,1083,0
rep3,1.1845,1084,0
rep3,1.1845,1085,0
rep3,1.1845,1086,0
rep3,1.1846,1087,0
rep3,1.1847,1088,0
rep3,1.1849,1089,0
rep3,1.185,1090,0
rep3,1.1854,1091,0
rep3,1.1856,1092,0
rep3,1.1856,1093,0
rep3,1.1856,1094,0
rep3,1.1857,1095,0
rep3,1.1859,1096,0
rep3,1.186,1097,0
rep3,1.1862,1098,0
rep3,1.1865,1099,0
rep3,1.1865,1100,0
rep3,1.1866,1101,0
rep3,1.1867,1102,0
rep3,1.1867,1103,0
rep3,1.1869,1104,0
rep3,1.187,1105,0
rep3,1.187,1106,0
rep3,1.1872,1107,0
rep3,1.1876,1108,0
rep3,1.1876,1109,0
rep3,1.1877,1110,0
rep3,1.1877,1111,0
rep3,1.188,1112,0
rep3,1.1881,1113,0
rep3,1.1883,1114,0
rep3,1.1884,1115,0
rep3,1.1885,1116,0
rep3,1.1888,1117,0
rep3,1.1889,1118,0
rep3,1.1891,1119,0
rep3,1.1892,1120,0
rep3,1.1892,1121,0
rep3,1.1893,1122,0
rep3,1.1894,1123,0
rep3,1.1894,1124,0
rep3,1.1896,1125,0
rep3,1.1897,1126,0
rep3,1.1899,1127,0
rep3,1.1902,1128,0
rep3,1.1905,1129,0
rep3,1.1906,1130,0
rep3,1.1906,1131,0
rep3,1.191,1132,0
rep3,1.191,1133,0
rep3,1.1912,1134,0
rep3,1.1915,1135,0
rep3,1.1917,1136,0
rep3,1.1918,1137,0
rep3,1.1918,1138,0
rep3,1.1919,1139,0
rep3,1.192,1140,0
rep3,1.1921,1141,0
rep3,1.1927,1142,0
rep3,1.1928,1143,0
rep3,1.1929,1144,0
rep3,1.1929,1145,0
rep3,1.1932,1146,0
rep3,1.1934,1147,0
rep3,1.1934,1148,0
rep3,1.1936,1149,0
rep3,1.1937,1150,0
rep3,1.1941,1151,0
rep3,1.1943,1152,0
rep3,1.1949,1153,0
rep3,1.1949,1154,0
rep3,1.195,1155,0
rep3,1.1951,1156,0
rep3,1.1951,1157,0
rep3,1.1954,1158,0
rep3,1.1954,1159,0
rep3,1.1955,1160,0
rep3,1.1961,1161,0
rep3,1.1968,1162,0
rep3,1.1974,1163,0
rep3,1.1979,1164,0
rep3,1.1979,1165,0
rep3,1.198,1166,0
rep3,1.1982,1167,0
rep3,1.1987,1168,0
rep3,1.1987,1169,0
rep3,1.1987,1170,0
rep3,1.1988,1171,0
rep3,1.1988,1172,0
rep3,1.1989,1173,0
rep3,1.1992,1174,0
rep3,1.1992,1175,0
rep3,1.1995,1176,0
rep3,1.1996,1177,0
rep3,1.2004,1178,0
rep3,1.2007,1179,0
rep3,1.2014,1180,0
rep3,1.2016,1181,0
rep3,1.202,1182,0
rep3,1.2022,1183,0
rep3,1.2023,1184,0
rep3,1.2024,1185,0
rep3,1.2027,1186,0
rep3,1.2028,1187,0
rep3,1.2028,1188,0
rep3,1.2029,1189,0
rep3,1.2031,1190,0
rep3,1.2031,1191,0
rep3,1.2032,1192,0
rep3,1.2035,1193,0
rep3,1.2038,1194,0
rep3,1.204,1195,0
rep3,1.2049,1196,0
rep3,1.2051,1197,0
rep3,1.2052,1198,0
rep3,1.2053,1199,0
rep3,1.2053,1200,0
rep3,1.2053,1201,0
rep3,1.2054,1202,0
rep3,1.2056,1203,0
rep3,1.2056,1204,0
rep3,1.2057,1205,0
rep3,1.2059,1206,0
rep3,1.2059,1207,0
rep3,1.2065,1208,0
rep3,1.2066,1209,0
rep3,1.2073,1210,0
rep3,1.2075,1211,0
rep3,1.2075,1212,0
rep3,1.2077,1213,0
rep3,1.2079,1214,0
rep3,1.2081,1215,0
rep3,1.2082,1216,0
rep3,1.2084,1217,0
rep3,1.2085,1218,0
rep3,1.2089,1219,0
rep3,1.2093,1220,0
rep3,1.2094,1221,0
rep3,1.2095,1222,0
rep3,1.2097,1223,0
rep3,1.2097,1224,0
rep3,1.2099,1225,0
rep3,1.2101,1226,0
rep3,1.2102,1227,0
rep3,1.2104,1228,0
rep3,1.2106,1229,0
rep3,1.2106,1230,0
rep3,1.2108,1231,0
rep3,1.211,1232,0
rep3,1.2111,1233,0
rep3,1.2119,1234,0
rep3,1.212,1235,0
rep3,1.2124,1236,0
rep3,1.2125,1237,0
rep3,1.2128,1238,0
rep3,1.2128,1239,0
rep3,1.2129,1240,0
rep3,1.2129,1241,0
rep3,1.2136,1242,0
rep3,1.2137,1243,0
rep3,1.2139,1244,0
rep3,1.2139,1245,0
rep3,1.2141,1246,0
rep3,1.2147,1247,0
rep3,1.2148,1248,0
rep3,1.2149,1249,0
rep3,1.2154,1250,0
rep3,1.2156,1251,0
rep3,1.2157,1252,0
rep3,1.2158,1253,0
rep3,1.2159,1254,0
rep3,1.216,1255,0
rep3,1.2161,1256,0
rep3,1.2163,1257,0
rep3,1.2163,1258,0
rep3,1.2168,1259,0
rep3,1.2168,1260,0
rep3,1.2171,1261,0
rep3,1.2173,1262,0
rep3,1.2178,1263,0
rep3,1.2178,1264,0
rep3,1.2179,1265,0
rep3,1.2179,1266,0
rep3,1.2181,1267,0
rep3,1.2187,1268,0
rep3,1.2188,1269,0
rep3,1.2188,1270,0
rep3,1.2191,1271,0
rep3,1.2195,1272,0
rep3,1.2202,1273,0
rep3,1.2204,1274,0
rep3,1.2204,1275,0
rep3,1.2209,1276,0
rep3,1.221,1277,0
rep3,1.2214,1278,0
rep3,1.2221,1279,0
rep3,1.2222,1280,0
rep3,1.2222,1281,0
rep3,1.2222,1282,0
rep3,1.2227,1283,0
rep3,1.2232,1284,0
rep3,1.2232,1285,0
rep3,1.2235,1286,0
rep3,1.2235,1287,0
rep3,1.2235,1288,0
rep3,1.2236,1289,0
rep3,1.2238,1290,0
rep3,1.2239,1291,0
rep3,1.2241,1292,0
rep3,1.2241,1293,0
rep3,1.2241,1294,0
rep3,1.2242,1295,0
rep3,1.2243,1296,0
rep3,1.2245,1297,0
rep3,1.2248,1298,0
rep3,1.225,1299,0
rep3,1.2254,1300,0
rep3,1.2257,1301,0
rep3,1.2259,1302,0
rep3,1.2261,1303,0
rep3,1.2265,1304,0
rep3,1.2266,1305,0
rep3,1.2268,1306,0
rep3,1.227,1307,0
rep3,1.2271,1308,0
rep3,1.2272,1309,0
rep3,1.2274,1310,0
rep3,1.2274,1311,0
rep3,1.2275,1312,0
rep3,1.2276,1313,0
rep3,1.228,1314,0
rep3,1.2283,1315,0
rep3,1.2284,1316,0
rep3,1.2287,1317,0
rep3,1.2291,1318,0
rep3,1.2291,1319,0
rep3,1.2292,1320,0
rep3,1.2295,1321,0
rep3,1.2298,1322,0
rep3,1.23,1323,0
rep3,1.2302,1324,0
rep3,1.2308,1325,0
rep3,1.2316,1326,0
rep3,1.2319,1327,0
rep3,1.232,1328,0
rep3,1.2322,1329,0
rep3,1.2322,1330,0
rep3,1.2322,1331,0
rep3,1.2322,1332,0
rep3,1.2323,1333,0
rep3,1.2326,1334,0
rep3,1.2327,1335,0
rep3,1.2328,1336,0
rep3,1.2329,1337,0
rep3,1.2333,1338,0
rep3,1.2334,1339,0
rep3,1.2335,1340,0
rep3,1.2339,1341,0
rep3,1.2341,1342,0
rep3,1.2343,1343,0
rep3,1.2347,1344,0
rep3,1.2347,1345,0
rep3,1.2352,1346,0
rep3,1.2353,1347,0
rep3,1.2358,1348,0
rep3,1.2361,1349,0
rep3,1.2362,1350,0
rep3,1.2363,1351,0
rep3,1.2368,1352,0
rep3,1.237,1353,0
rep3,1.2375,1354,0
rep3,1.2376,1355,0
rep3,1.2379,1356,0
rep3,1.2383,1357,0
rep3,1.2389,1358,0
rep3,1.2394,1359,0
rep3,1.2394,1360,0
rep3,1.2394,1361,0
rep3,1.2398,1362,0
rep3,1.2399,1363,0
rep3,1.24,1364,0
rep3,1.2403,1365,0
rep3,1.2411,1366,0
rep3,1.2413,1367,0
rep3,1.2414,1368,0
rep3,1.2416,1369,0
rep3,1.2418,1370,0
rep3,1.2419,1371,0
rep3,1.2424,1372,0
rep3,1.2424,1373,0
rep3,1.2427,1374,0
rep3,1.2433,1375,0
rep3,1.2434,1376,0
rep3,1.2435,1377,0
rep3,1.2437,1378,0
rep3,1.2442,1379,0
rep3,1.2444,1380,0
rep3,1.2446,1381,0
rep3,1.2448,1382,0
rep3,1.2451,1383,0
rep3,1.2453,1384,0
rep3,1.2454,1385,0
rep3,1.2454,1386,0
rep3,1.2456,1387,0
rep3,1.2459,1388,0
rep3,1.246,1389,0
rep3,1.246,1390,0
rep3,1.2462,1391,0
rep3,1.2462,1392,0
rep3,1.2463,1393,0
rep3,1.2463,1394,0
rep3,1.2464,1395,0
rep3,1.2468,1396,0
rep3,1.2468,1397,0
rep3,1.2471,1398,0
rep3,1.2471,1399,0
rep3,1.2471,1400,0
rep3,1.2474,1401,0
rep3,1.2478,1402,0
rep3,1.248,1403,0
rep3,1.2481,1404,0
rep3,1.2482,1405,0
rep3,1.2487,1406,0
rep3,1.2489,1407,0
rep3,1.249,1408,0
rep3,1.249,1409,0
rep3,1.2491,1410,0
rep3,1.2492,1411,0
rep3,1.2494,1412,0
rep3,1.2497,1413,0
rep3,1.2499,1414,0
rep3,1.2501,1415,0
rep3,1.2506,1416,0
rep3,1.2507,1417,0
rep3,1.2508,1418,0
rep3,1.251,1419,0
rep3,1.2512,1420,0
rep3,1.2512,1421,0
rep3,1.2512,1422,0
rep3,1.2514,1423,0
rep3,1.2515,1424,0
rep3,1.2519,1425,0
rep3,1.252,1426,0
rep3,1.252,1427,0
rep3,1.2522,1428,0
rep3,1.2522,1429,0
rep3,1.2523,1430,0
rep3,1.2523,1431,0
rep3,1.2523,1432,0
rep3,1.2527,1433,0
rep3,1.2531,1434,0
rep3,1.2532,1435,0
rep3,1.2533,1436,0
rep3,1.2535,1437,0
rep3,1.2538,1438,0
rep3,1.2539,1439,0
rep3,1.2542,1440,0
rep3,1.2543,1441,0
rep3,1.2544,1442,0
rep3,1.2547,1443,0
rep3,1.2548,1444,0
rep3,1.2548,1445,0
rep3,1.2548,1446,0
rep3,1.2549,1447,0
rep3,1.2549,1448,0
rep3,1.255,1449,0
rep3,1.2553,1450,0
rep3,1.2556,1451,0
rep3,1.2557,1452,0
rep3,1.2558,1453,0
rep3,1.2564,1454,0
rep3,1.2565,1455,0
rep3,1.2565,1456,0
rep3,1.2568,1457,0
rep3,1.2569,1458,0
rep3,1.2573,1459,0
rep3,1.2575,1460,0
rep3,1.2576,1461,0
rep3,1.2577,1462,0
rep3,1.2581,1463,0
rep3,1.2585,1464,0
rep3,1.2586,1465,0
rep3,1.259,1466,0
rep3,1.259,1467,0
rep3,1.2593,1468,0
rep3,1.2594,1469,0
rep3,1.2595,1470,0
rep3,1.2596,1471,0
rep3,1.2597,1472,0
rep3,1.2597,1473,0
rep3,1.2599,1474,0
rep3,1.2603,1475,0
rep3,1.2606,1476,0
rep3,1.261,1477,0
rep3,1.2611,1478,0
rep3,1.2613,1479,0
rep3,1.2613,1480,0
rep3,1.2614,1481,0
rep3,1.2614,1482,0
rep3,1.2617,1483,0
rep3,1.2618,1484,0
rep3,1.2619,1485,0
rep3,1.2623,1486,0
rep3,1.2624,1487,0
rep3,1.2624,1488,0
rep3,1.2632,1489,0
rep3,1.2632,1490,0
rep3,1.2633,1491,0
rep3,1.2633,1492,0
rep3,1.2635,1493,0
rep3,1.2637,1494,0
rep3,1.2638,1495,0
rep3,1.264,1496,0
rep3,1.2643,1497,0
rep3,1.2645,1498,0
rep3,1.2646,1499,0
rep3,1.2646,1500,0
rep3,1.2649,1501,0
rep3,1.2662,1502,0
rep3,1.2666,1503,0
rep3,1.267,1504,0
rep3,1.2674,1505,0
rep3,1.2676,1506,0
rep3,1.2682,1507,0
rep3,1.2687,1508,0
rep3,1.2692,1509,0
rep3,1.2694,1510,0
rep3,1.2697,1511,0
rep3,1.2701,1512,0
rep3,1.2707,1513,0
rep3,1.2709,1514,0
rep3,1.271,1515,0
rep3,1.2713,1516,0
rep3,1.2714,1517,0
rep3,1.2715,1518,0
rep3,1.2721,1519,0
rep3,1.2723,1520,0
rep3,1.2725,1521,0
rep3,1.2727,1522,0
rep3,1.2728,1523,0
rep3,1.2731,1524,0
rep3,1.2732,1525,0
rep3,1.2735,1526,0
rep3,1.2736,1527,0
rep3,1.2739,1528,0
rep3,1.274,1529,0
rep3,1.2741,1530,0
rep3,1.2742,1531,0
rep3,1.2743,1532,0
rep3,1.2745,1533,0
rep3,1.2747,1534,0
rep3,1.2748,1535,0
rep3,1.2749,1536,0
rep3,1.2754,1537,0
rep3,1.2757,1538,0
rep3,1.2762,1539,0
rep3,1.2765,1540,0
rep3,1.2775,1541,0
rep3,1.2779,1542,0
rep3,1.2781,1543,0
rep3,1.2781,1544,0
rep3,1.2782,1545,0
rep3,1.2784,1546,0
rep3,1.2784,1547,0
rep3,1.2785,1548,0
rep3,1.2786,1549,0
rep3,1.2791,1550,0
rep3,1.2792,1551,0
rep3,1.2794,1552,0
rep3,1.2796,1553,0
rep3,1.2804,1554,0
rep3,1.2809,1555,0
rep3,1.2812,1556,0
rep3,1.2812,1557,0
rep3,1.2814,1558,0
rep3,1.2815,1559,0
rep3,1.2819,1560,0
rep3,1.2821,1561,0
rep3,1.2824,1562,0
rep3,1.2832,1563,0
rep3,1.284,1564,0
rep3,1.2841,1565,0
rep3,1.2843,1566,0
rep3,1.2844,1567,0
rep3,1.2844,1568,0
rep3,1.2847,1569,0
rep3,1.2855,1570,0
rep3,1.2856,1571,0
rep3,1.2857,1572,0
rep3,1.2859,1573,0
rep3,1.286,1574,0
rep3,1.2863,1575,0
rep3,1.2863,1576,0
rep3,1.2865,1577,0
rep3,1.2869,1578,0
rep3,1.2872,1579,0
rep3,1.2875,1580,0
rep3,1.2877,1581,0
rep3,1.2879,1582,0
rep3,1.2879,1583,0
rep3,1.288,1584,0
rep3,1.2881,1585,0
rep3,1.289,1586,0
rep3,1.2891,1587,0
rep3,1.2901,1588,0
rep3,1.2901,1589,0
rep3,1.2904,1590,0
rep3,1.2907,1591,0
rep3,1.2909,1592,0
rep3,1.2909,1593,0
rep3,1.291,1594,0
rep3,1.2913,1595,0
rep3,1.2913,1596,0
rep3,1.2914,1597,0
rep3,1.2915,1598,0
rep3,1.2916,1599,0
rep3,1.292,1600,0
rep3,1.292,1601,0
rep3,1.2924,1602,0
rep3,1.2924,1603,0
rep3,1.2928,1604,0
rep3,1.2932,1605,0
rep3,1.2942,1606,0
rep3,1.2945,1607,0
rep3,1.295,1608,0
rep3,1.2953,1609,0
rep3,1.2953,1610,0
rep3,1.2953,1611,0
rep3,1.2959,1612,0
rep3,1.296,1613,0
rep3,1.2964,1614,0
rep3,1.2969,1615,0
rep3,1.297,1616,0
rep3,1.2973,1617,0
rep3,1.2979,1618,0
rep3,1.2981,1619,0
rep3,1.2984,1620,0
rep3,1.2984,1621,0
rep3,1.2986,1622,0
rep3,1.2987,1623,0
rep3,1.2988,1624,0
rep3,1.299,1625,0
rep3,1.2991,1626,0
rep3,1.2994,1627,0
rep3,1.2996,1628,0
rep3,1.2997,1629,0
rep3,1.3,1630,0
rep3,1.3002,1631,0
rep3,1.3003,1632,0
rep3,1.3006,1633,0
rep3,1.3006,1634,0
rep3,1.3012,1635,0
rep3,1.3014,1636,0
rep3,1.3015,1637,0
rep3,1.3019,1638,0
rep3,1.3021,1639,0
rep3,1.3022,1640,0
rep3,1.3024,1641,0
rep3,1.3034,1642,0
rep3,1.3039,1643,0
rep3,1.3041,1644,0
rep3,1.3042,1645,0
rep3,1.3052,1646,0
rep3,1.3053,1647,0
rep3,1.3054,1648,0
rep3,1.3058,1649,0
rep3,1.3059,1650,0
rep3,1.3062,1651,0
rep3,1.3065,1652,0
rep3,1.3067,1653,0
rep3,1.3071,1654,0
rep3,1.3073,1655,0
rep3,1.3079,1656,0
rep3,1.3079,1657,0
rep3,1.308,1658,0
rep3,1.3085,1659,0
rep3,1.3086,1660,0
rep3,1.3089,1661,0
rep3,1.3091,1662,0
rep3,1.3096,1663,0
rep3,1.3099,1664,0
rep3,1.3102,1665,0
rep3,1.3102,1666,0
rep3,1.3105,1667,0
rep3,1.3107,1668,0
rep3,1.3111,1669,0
rep3,1.3113,1670,0
rep3,1.3115,1671,0
rep3,1.3115,1672,0
rep3,1.3116,1673,0
rep3,1.3118,1674,0
rep3,1.3121,1675,0
rep3,1.3121,1676,0
rep3,1.3127,1677,0
rep3,1.3129,1678,0
rep3,1.313,1679,0
rep3,1.3132,1680,0
rep3,1.3135,1681,0
rep3,1.3135,1682,0
rep3,1.3136,1683,0
rep3,1.3139,1684,0
rep3,1.3139,1685,0
rep3,1.314,1686,0
rep3,1.3141,1687,0
rep3,1.3142,1688,0
rep3,1.3144,1689,0
rep3,1.3148,1690,0
rep3,1.3148,1691,0
rep3,1.3149,1692,0
rep3,1.3153,1693,0
rep3,1.3154,1694,0
rep3,1.3155,1695,0
rep3,1.3155,1696,0
rep3,1.3155,1697,0
rep3,1.3156,1698,0
rep3,1.3156,1699,0
rep3,1.3158,1700,0
rep3,1.3158,1701,0
rep3,1.3165,1702,0
rep3,1.3169,1703,0
rep3,1.3169,1704,0
rep3,1.3179,1705,0
rep3,1.318,1706,0
rep3,1.3182,1707,0
rep3,1.3186,1708,0
rep3,1.3187,1709,0
rep3,1.3187,1710,0
rep3,1.319,1711,0
rep3,1.3202,1712,0
rep3,1.3203,1713,0
rep3,1.3217,1714,0
rep3,1.3218,1715,0
rep3,1.3218,1716,0
rep3,1.322,1717,0
rep3,1.3223,1718,0
rep3,1.3225,1719,0
rep3,1.3228,1720,0
rep3,1.3229,1721,0
rep3,1.3233,1722,0
rep3,1.3234,1723,0
rep3,1.3237,1724,0
rep3,1.3239,1725,0
rep3,1.3243,1726,0
rep3,1.3249,1727,0
rep3,1.3249,1728,0
rep3,1.325,1729,0
rep3,1.3251,1730,0
rep3,1.3258,1731,0
rep3,1.3259,1732,0
rep3,1.3263,1733,0
rep3,1.3266,1734,0
rep3,1.3269,1735,0
rep3,1.327,1736,0
rep3,1.328,1737,0
rep3,1.3284,1738,0
rep3,1.3285,1739,0
rep3,1.3287,1740,0
rep3,1.3287,1741,0
rep3,1.3288,1742,0
rep3,1.3293,1743,0
rep3,1.3294,1744,0
rep3,1.3296,1745,0
rep3,1.3305,1746,0
rep3,1.3306,1747,0
rep3,1.3308,1748,0
rep3,1.3309,1749,0
rep3,1.3309,1750,0
rep3,1.331,1751,0
rep3,1.3314,1752,0
rep3,1.3324,1753,0
rep3,1.3329,1754,0
rep3,1.333,1755,0
rep3,1.3331,1756,0
rep3,1.3339,1757,0
rep3,1.3343,1758,0
rep3,1.3346,1759,0
rep3,1.3357,1760,0
rep3,1.3359,1761,0
rep3,1.3359,1762,0
rep3,1.3362,1763,0
rep3,1.3362,1764,0
rep3,1.3365,1765,0
rep3,1.3371,1766,0
rep3,1.3377,1767,0
rep3,1.3377,1768,0
rep3,1.3379,1769,0
rep3,1.3383,1770,0
rep3,1.3393,1771,0
rep3,1.3393,1772,0
rep3,1.3406,1773,0
rep3,1.341,1774,0
rep3,1.3414,1775,0
rep3,1.3416,1776,0
rep3,1.3418,1777,0
rep3,1.342,1778,0
rep3,1.3422,1779,0
rep3,1.3424,1780,0
rep3,1.3425,1781,0
rep3,1.3436,1782,0
rep3,1.3438,1783,0
rep3,1.3448,1784,0
rep3,1.3449,1785,0
rep3,1.3454,1786,0
rep3,1.3454,1787,0
rep3,1.3457,1788,0
rep3,1.346,1789,0
rep3,1.3462,1790,0
rep3,1.3463,1791,0
rep3,1.3469,1792,0
rep3,1.347,1793,0
rep3,1.3477,1794,0
rep3,1.3489,1795,0
rep3,1.349,1796,0
rep3,1.3492,1797,0
rep3,1.3495,1798,0
rep3,1.3502,1799,0
rep3,1.3511,1800,0
rep3,1.3513,1801,0
rep3,1.3516,1802,0
rep3,1.3517,1803,0
rep3,1.3518,1804,0
rep3,1.3527,1805,0
rep3,1.3529,1806,0
rep3,1.353,1807,0
rep3,1.3531,1808,0
rep3,1.3533,1809,0
rep3,1.3536,1810,0
rep3,1.3539,1811,0
rep3,1.3539,1812,0
rep3,1.3555,1813,0
rep3,1.3556,1814,0
rep3,1.3556,1815,0
rep3,1.3556,1816,0
rep3,1.3559,1817,0
rep3,1.356,1818,0
rep3,1.3561,1819,0
rep3,1.3564,1820,0
rep3,1.3568,1821,0
rep3,1.357,1822,0
rep3,1.357,1823,0
rep3,1.3581,1824,0
rep3,1.3584,1825,0
rep3,1.3585,1826,0
rep3,1.3587,1827,0
rep3,1.3593,1828,0
rep3,1.3596,1829,0
rep3,1.36,1830,0
rep3,1.3604,1831,0
rep3,1.3605,1832,0
rep3,1.3607,1833,0
rep3,1.3607,1834,0
rep3,1.3608,1835,0
rep3,1.3608,1836,0
rep3,1.3624,1837,0
rep3,1.3624,1838,0
rep3,1.3648,1839,0
rep3,1.3648,1840,0
rep3,1.3657,1841,0
rep3,1.3666,1842,0
rep3,1.3667,1843,0
rep3,1.3668,1844,0
rep3,1.3675,1845,0
rep3,1.3677,1846,0
rep3,1.3678,1847,0
rep3,1.3679,1848,0
rep3,1.368,1849,0
rep3,1.3686,1850,0
rep3,1.369,1851,0
rep3,1.3694,1852,0
rep3,1.3701,1853,0
rep3,1.3722,1854,0
rep3,1.3723,1855,0
rep3,1.3725,1856,0
rep3,1.3729,1857,0
rep3,1.373,1858,0
rep3,1.3733,1859,0
rep3,1.3737,1860,0
rep3,1.3737,1861,0
rep3,1.3741,1862,0
rep3,1.3748,1863,0
rep3,1.375,1864,0
rep3,1.3752,1865,0
rep3,1.3753,1866,0
rep3,1.3753,1867,0
rep3,1.3757,1868,0
rep3,1.3764,1869,0
rep3,1.3776,1870,0
rep3,1.3777,1871,0
rep3,1.3778,1872,0
rep3,1.3781,1873,0
rep3,1.3787,1874,0
rep3,1.3792,1875,0
rep3,1.3796,1876,0
rep3,1.38,1877,0
rep3,1.3801,1878,0
rep3,1.3806,1879,0
rep3,1.3806,1880,0
rep3,1.3808,1881,0
rep3,1.3809,1882,0
rep3,1.3812,1883,0
rep3,1.3817,1884,0
rep3,1.3821,1885,0
rep3,1.3823,1886,0
rep3,1.3832,1887,0
rep3,1.3837,1888,0
rep3,1.3842,1889,0
rep3,1.3845,1890,0
rep3,1.3857,1891,0
rep3,1.3877,1892,0
rep3,1.3878,1893,0
rep3,1.3879,1894,0
rep3,1.3882,1895,0
rep3,1.3887,1896,0
rep3,1.3888,1897,0
rep3,1.3889,1898,0
rep3,1.3894,1899,0
rep3,1.3894,1900,0
rep3,1.3901,1901,0
rep3,1.3901,1902,0
rep3,1.3905,1903,0
rep3,1.3906,1904,0
rep3,1.3907,1905,0
rep3,1.3911,1906,0
rep3,1.3922,1907,0
rep3,1.393,1908,0
rep3,1.3937,1909,0
rep3,1.3945,1910,0
rep3,1.3949,1911,0
rep3,1.3955,1912,0
rep3,1.3962,1913,0
rep3,1.3964,1914,0
rep3,1.3972,1915,0
rep3,1.3984,1916,0
rep3,1.3986,1917,0
rep3,1.4003,1918,0
rep3,1.4018,1919,0
rep3,1.4026,1920,0
rep3,1.4028,1921,0
rep3,1.4029,1922,0
rep3,1.4032,1923,0
rep3,1.4034,1924,0
rep3,1.4039,1925,0
rep3,1.4054,1926,0
rep3,1.4064,1927,0
rep3,1.4068,1928,0
rep3,1.4085,1929,0
rep3,1.4088,1930,0
rep3,1.4094,1931,0
rep3,1.4098,1932,0
rep3,1.4102,1933,0
rep3,1.4102,1934,0
rep3,1.4108,1935,0
rep3,1.412,1936,0
rep3,1.4121,1937,0
rep3,1.4121,1938,0
rep3,1.4129,1939,0
rep3,1.414,1940,0
rep3,1.4162,1941,0
rep3,1.4169,1942,0
rep3,1.4172,1943,0
rep3,1.4173,1944,0
rep3,1.4175,1945,0
rep3,1.4184,1946,0
rep3,1.4199,1947,0
rep3,1.4202,1948,0
rep3,1.4213,1949,0
rep3,1.4218,1950,0
rep3,1.422,1951,0
rep3,1.4221,1952,0
rep3,1.4246,1953,0
rep3,1.4248,1954,0
rep3,1.4262,1955,0
rep3,1.4267,1956,0
rep3,1.427,1957,0
rep3,1.428,1958,0
rep3,1.4291,1959,0
rep3,1.4294,1960,0
rep3,1.4294,1961,0
rep3,1.4295,1962,0
rep3,1.4302,1963,0
rep3,1.4304,1964,0
rep3,1.4305,1965,0
rep3,1.4316,1966,0
rep3,1.4316,1967,0
rep3,1.4322,1968,0
rep3,1.4323,1969,0
rep3,1.4339,1970,0
rep3,1.4346,1971,0
rep3,1.4347,1972,0
rep3,1.435,1973,0
rep3,1.436,1974,0
rep3,1.4373,1975,0
rep3,1.4374,1976,0
rep3,1.4375,1977,0
rep3,1.4377,1978,0
rep3,1.4389,1979,0
rep3,1.4418,1980,0
rep3,1.4428,1981,0
rep3,1.443,1982,0
rep3,1.4437,1983,0
rep3,1.4439,1984,0
rep3,1.4465,1985,0
rep3,1.449,1986,0
rep3,1.4498,1987,0
rep3,1.4514,1988,0
rep3,1.4521,1989,0
rep3,1.4525,1990,0
rep3,1.4546,1991,0
rep3,1.4546,1992,0
rep3,1.4548,1993,0
rep3,1.455,1994,0
rep3,1.4571,1995,0
rep3,1.4574,1996,0
rep3,1.4575,1997,0
rep3,1.4584,1998,0
rep3,1.4589,1999,0
rep3,1.4589,2000,0
rep3,1.4592,2001,0
rep3,1.4596,2002,0
rep3,1.4598,2003,0
rep3,1.4598,2004,0
rep3,1.4612,2005,0
rep3,1.4615,2006,0
rep3,1.4619,2007,0
rep3,1.462,2008,0
rep3,1.4624,2009,0
rep3,1.463,2010,0
rep3,1.463,2011,0
rep3,1.4632,2012,0
rep3,1.4637,2013,0
rep3,1.4639,2014,0
rep3,1.4643,2015,0
rep3,1.4663,2016,0
rep3,1.4666,2017,0
rep3,1.4668,2018,0
rep3,1.4672,2019,0
rep3,1.469,2020,0
rep3,1.4698,2021,0
rep3,1.4701,2022,0
rep3,1.4703,2023,0
rep3,1.4703,2024,0
rep3,1.4707,2025,0
rep3,1.4708,2026,0
rep3,1.473,2027,0
rep3,1.473,2028,0
rep3,1.4751,2029,0
rep3,1.4765,2030,0
rep3,1.4792,2031,0
rep3,1.4792,2032,0
rep3,1.4829,2033,0
rep3,1.4832,2034,0
rep3,1.484,2035,0
rep3,1.4849,2036,0
rep3,1.4863,2037,0
rep3,1.4876,2038,0
rep3,1.4876,2039,0
rep3,1.4879,2040,0
rep3,1.489,2041,0
rep3,1.4898,2042,0
rep3,1.4905,2043,0
rep3,1.4923,2044,0
rep3,1.4929,2045,0
rep3,1.4929,2046,0
rep3,1.4946,2047,0
rep3,1.4956,2048,0
rep3,1.4963,2049,0
rep3,1.4995,2050,0
rep3,1.4998,2051,0
rep3,1.5025,2052,0
rep3,1.504,2053,0
rep3,1.5065,2054,0
rep3,1.5068,2055,0
rep3,1.5073,2056,0
rep3,1.51,2057,0
rep3,1.5117,2058,0
rep3,1.5141,2059,0
rep3,1.5155,2060,0
rep3,1.5185,2061,0
rep3,1.5217,2062,0
rep3,1.5224,2063,0
rep3,1.5243,2064,0
rep3,1.5254,2065,0
rep3,1.5267,2066,0
rep3,1.5268,2067,0
rep3,1.5302,2068,0
rep3,1.5309,2069,0
rep3,1.5331,2070,0
rep3,1.538,2071,0
rep3,1.539,2072,0
rep3,1.5391,2073,0
rep3,1.5413,2074,0
rep3,1.5437,2075,0
rep3,1.5446,2076,0
rep3,1.5465,2077,0
rep3,1.5508,2078,0
rep3,1.5513,2079,0
rep3,1.5539,2080,0
rep3,1.5623,2081,0
rep3,1.5628,2082,0
rep3,1.5665,2083,0
rep3,1.5699,2084,0
rep3,1.5732,2085,0
rep3,1.5821,2086,0
rep3,1.585,2087,0
rep3,1.5858,2088,0
rep3,1.5863,2089,0
rep3,1.5906,2090,0
rep3,1.5925,2091,0
rep3,1.5937,2092,0
rep3,1.5983,2093,0
rep3,1.616,2094,0
rep3,1.6183,2095,0
rep3,1.6233,2096,0
rep3,1.6347,2097,0
rep3,1.6397,2098,0
rep3,1.6405,2099,0
rep3,1.6534,2100,0
rep3,1.664,2101,0
rep3,1.6672,2102,0
rep3,1.6739,2103,0
rep3,1.6812,2104,0
rep3,1.6882,2105,0
rep3,1.7221,2106,0
rep3,1.7422,2107,0
rep3,1.7612,2108,0
rep3,1.8467,2109,0
rep3,2.0419,2110,0
rep3,2.0419,2111,0
rep3,2.0433,2112,0
rep3,2.0434,2113,0
rep3,2.0453,2114,0
rep3,2.0462,2115,0
rep3,2.0472,2116,0
rep3,2.0487,2117,0
rep3,2.0499,2118,0
rep3,2.0545,2119,0
rep3,2.0567,2120,0
rep3,2.0611,2121,0
rep3,2.0749,2122,0
rep3,2.075,2123,0
rep3,2.0752,2124,0
rep3,2.0754,2125,0
rep3,2.0755,2126,0
rep3,2.0756,2127,0
rep3,2.076,2128,0
rep3,2.076,2129,0
rep3,2.0761,2130,0
rep3,2.0762,2131,0
rep3,2.0768,2132,0
rep3,2.077,2133,0
rep3,2.077,2134,0
rep3,2.077,2135,0
rep3,2.0773,2136,0
rep3,2.0773,2137,0
rep3,2.0775,2138,0
rep3,2.0776,2139,0
rep3,2.0777,2140,0
rep3,2.0779,2141,0
rep3,2.078,2142,0
rep3,2.0782,2143,0
rep3,2.0784,2144,0
rep3,2.0785,2145,0
rep3,2.0789,2146,0
rep3,2.079,2147,0
rep3,2.0793,2148,0
rep3,2.0794,2149,0
rep3,2.0798,2150,0
rep3,2.08,2151,0
rep3,2.0807,2152,0
rep3,2.0808,2153,0
rep3,2.0809,2154,0
rep3,2.0817,2155,0
rep3,2.0819,2156,0
rep3,2.0823,2157,0
rep3,2.0824,2158,0
rep3,2.0826,2159,0
rep3,2.0828,2160,0
rep3,2.083,2161,0
rep3,2.0832,2162,0
rep3,2.0838,2163,0
rep3,2.0859,2164,0
rep3,2.0867,2165,0
rep3,2.0867,2166,0
rep3,2.087,2167,0
rep3,2.0874,2168,0
rep3,2.0882,2169,0
rep3,2.0882,2170,0
rep3,2.09,2171,0
rep3,2.09,2172,0
rep3,2.0906,2173,0
rep3,2.0913,2174,0
rep3,2.0926,2175,0
rep3,2.0942,2176,0
rep3,2.0945,2177,0
rep3,2.0969,2178,0
rep3,2.0984,2179,0
rep3,2.1002,2180,0
rep3,2.1021,2181,0
rep3,2.109,2182,0
rep3,2.1099,2183,0
rep3,2.1113,2184,0
rep3,2.1118,2185,0
rep3,2.112,2186,0
rep3,2.1124,2187,0
rep3,2.1131,2188,0
rep3,2.1134,2189,0
rep3,2.1167,2190,0
rep3,2.1168,2191,0
rep3,2.1176,2192,0
rep3,2.1201,2193,0
rep3,2.1202,2194,0
rep3,2.1217,2195,0
rep3,2.1224,2196,0
rep3,2.1224,2197,0
rep3,2.1242,2198,0
rep3,2.1243,2199,0
rep3,2.1256,2200,0
rep3,2.1256,2201,0
rep3,2.1257,2202,0
rep3,2.1263,2203,0
rep3,2.1303,2204,0
rep3,2.1338,2205,0
rep3,2.134,2206,0
rep3,2.1352,2207,0
rep3,2.1394,2208,0
rep3,2.1407,2209,0
rep3,2.1414,2210,0
rep3,2.1415,2211,0
rep3,2.1422,2212,0
rep3,2.1425,2213,0
rep3,2.144,2214,0
rep3,2.144,2215,0
rep3,2.1455,2216,0
rep3,2.1461,2217,0
rep3,2.1473,2218,0
rep3,2.1476,2219,0
rep3,2.1535,2220,0
rep3,2.154,2221,0
rep3,2.1556,2222,0
rep3,2.1576,2223,0
rep3,2.1587,2224,0
rep3,2.1598,2225,0
rep3,2.1598,2226,0
rep3,2.1614,2227,0
rep3,2.1632,2228,0
rep3,2.1635,2229,0
rep3,2.1661,2230,0
rep3,2.1679,2231,0
rep3,2.1679,2232,0
rep3,2.168,2233,0
rep3,2.1691,2234,0
rep3,2.1701,2235,0
rep3,2.1713,2236,0
rep3,2.1724,2237,0
rep3,2.1737,2238,0
rep3,2.1752,2239,0
rep3,2.1754,2240,0
rep3,2.1778,2241,0
rep3,2.1787,2242,0
rep3,2.1787,2243,0
rep3,2.1789,2244,0
rep3,2.1792,2245,0
rep3,2.1815,2246,0
rep3,2.1823,2247,0
rep3,2.1824,2248,0
rep3,2.1833,2249,0
rep3,2.1857,2250,0
rep3,2.1864,2251,0
rep3,2.1865,2252,0
rep3,2.1905,2253,0
rep3,2.1906,2254,0
rep3,2.191,2255,0
rep3,2.1927,2256,0
rep3,2.1938,2257,0
rep3,2.1944,2258,0
rep3,2.1958,2259,0
rep3,2.1981,2260,0
rep3,2.2,2261,0
rep3,2.2014,2262,0
rep3,2.2025,2263,0
rep3,2.2039,2264,0
rep3,2.2053,2265,0
rep3,2.2124,2266,0
rep3,2.2139,2267,0
rep3,2.2167,2268,0
rep3,2.2172,2269,0
rep3,2.2181,2270,0
rep3,2.2183,2271,0
rep3,2.2191,2272,0
rep3,2.2212,2273,0
rep3,2.2225,2274,0
rep3,2.2236,2275,0
rep3,2.2244,2276,0
rep3,2.2248,2277,0
rep3,2.2249,2278,0
