rep,t_over_ttl,cum_rehold,cum_duplicate
rep1,1.0202,1,0
rep1,1.0203,2,0
rep1,1.0203,3,0
rep1,1.0203,4,0
rep1,1.0204,5,0
rep1,1.0204,6,0
rep1,1.0205,7,0
rep1,1.0205,8,0
rep1,1.0205,9,0
rep1,1.0206,10,0
rep1,1.0206,11,0
rep1,1.0207,12,0
rep1,1.0207,13,0
rep1,1.0208,14,0
rep1,1.0208,15,0
rep1,1.0208,16,0
rep1,1.0209,17,0
rep1,1.0209,18,0
rep1,1.0209,19,0
rep1,1.021,20,0
rep1,1.021,21,0
rep1,1.021,22,0
rep1,1.021,23,0
rep1,1.0211,24,0
rep1,1.0211,25,0
rep1,1.0211,26,0
rep1,1.0211,27,0
rep1,1.0212,28,0
rep1,1.0212,29,0
rep1,1.0214,30,0
rep1,1.0214,31,0
rep1,1.0214,32,0
rep1,1.0215,33,0
rep1,1.0215,34,0
rep1,1.0215,35,0
rep1,1.0216,36,0
rep1,1.0216,37,0
rep1,1.0216,38,0
rep1,1.0217,39,0
rep1,1.0217,40,0
rep1,1.0217,41,0
rep1,1.0217,42,0
rep1,1.0218,43,0
rep1,1.0219,44,0
rep1,1.0219,45,0
rep1,1.0219,46,0
rep1,1.0219,47,0
rep1,1.022,48,0
rep1,1.0221,49,0
rep1,1.0221,50,0
rep1,1.0221,51,0
rep1,1.0222,52,0
rep1,1.0222,53,0
rep1,1.0223,54,0
rep1,1.0223,55,0
rep1,1.0224,56,0
rep1,1.0224,57,0
rep1,1.0225,58,0
rep1,1.0226,59,0
rep1,1.0227,60,0
rep1,1.0227,61,0
rep1,1.0228,62,0
rep1,1.0229,63,0
rep1,1.0229,64,0
rep1,1.0231,65,0
rep1,1.0232,66,0
rep1,1.0233,67,0
rep1,1.0233,68,0
rep1,1.0234,69,0
rep1,1.0235,70,0
rep1,1.0238,71,0
rep1,1.0238,72,0
rep1,1.024,73,0
rep1,1.0241,74,0
rep1,1.0241,75,0
rep1,1.0241,76,0
rep1,1.0241,77,0
rep1,1.0242,78,0
rep1,1.0243,79,0
rep1,1.0244,80,0
rep1,1.0244,81,0
rep1,1.0244,82,0
rep1,1.0245,83,0
rep1,1.0245,84,0
rep1,1.0245,85,0
rep1,1.0247,86,0
rep1,1.0247,87,0
rep1,1.0248,88,0
rep1,1.025,89,0
rep1,1.025,90,0
rep1,1.0251,91,0
rep1,1.0251,92,0
rep1,1.0252,93,0
rep1,1.0253,94,0
rep1,1.0254,95,0
rep1,1.0254,96,0
rep1,1.0255,97,0
rep1,1.0256,98,0
rep1,1.0258,99,0
rep1,1.0259,100,0
rep1,1.0261,101,0
rep1,1.0262,102,0
rep1,1.0262,103,0
rep1,1.0263,104,0
rep1,1.0263,105,0
rep1,1.0264,106,0
rep1,1.0264,107,0
rep1,1.0265,108,0
rep1,1.0265,109,0
rep1,1.0266,110,0
rep1,1.0266,111,0
rep1,1.0266,112,0
rep1,1.0268,113,0
rep1,1.0268,114,0
rep1,1.0268,115,0
rep1,1.0269,116,0
rep1,1.0269,117,0
rep1,1.0269,118,0
rep1,1.0273,119,0
rep1,1.0273,120,0
rep1,1.0274,121,0
rep1,1.0274,122,0
rep1,1.0275,123,0
rep1,1.0275,124,0
rep1,1.0276,125,0
rep1,1.028,126,0
rep1,1.028,127,0
rep1,1.0281,128,0
rep1,1.0285,129,0
rep1,1.0285,130,0
rep1,1.0286,131,0
rep1,1.0287,132,0
rep1,1.0288,133,0
rep1,1.0288,134,0
rep1,1.0291,135,0
rep1,1.0291,136,0
rep1,1.0292,137,0
rep1,1.0295,138,0
rep1,1.0296,139,0
rep1,1.0297,140,0
rep1,1.0297,141,0
rep1,1.0298,142,0
rep1,1.0299,143,0
rep1,1.03,144,0
rep1,1.03,145,0
rep1,1.0301,146,0
rep1,1.0301,147,0
rep1,1.0302,148,0
rep1,1.0303,149,0
rep1,1.0305,150,0
rep1,1.0305,151,0
rep1,1.0308,152,0
rep1,1.0309,153,0
rep1,1.031,154,0
rep1,1.0314,155,0
rep1,1.0315,156,0
rep1,1.0316,157,0
rep1,1.0319,158,0
rep1,1.0321,159,0
rep1,1.0322,160,0
rep1,1.0324,161,0
rep1,1.0324,162,0
rep1,1.0325,163,0
rep1,1.0325,164,0
rep1,1.0327,165,0
rep1,1.0327,166,0
rep1,1.0328,167,0
rep1,1.0329,168,0
rep1,1.0329,169,0
rep1,1.0331,170,0
rep1,1.0333,171,0
rep1,1.0335,172,0
rep1,1.0341,173,0
rep1,1.0342,174,0
rep1,1.0347,175,0
rep1,1.0348,176,0
rep1,1.0354,177,0
rep1,1.0358,178,0
rep1,1.0358,179,0
rep1,1.0362,180,0
rep1,1.0369,181,0
rep1,1.0369,182,0
rep1,1.037,183,0
rep1,1.0373,184,0
rep1,1.0374,185,0
rep1,1.038,186,0
rep1,1.038,187,0
rep1,1.0385,188,0
rep1,1.0386,189,0
rep1,1.0388,190,0
rep1,1.0389,191,0
rep1,1.0389,192,0
rep1,1.0392,193,0
rep1,1.0397,194,0
rep1,1.0399,195,0
rep1,1.0402,196,0
rep1,1.0406,197,0
rep1,1.0407,198,0
rep1,1.041,199,0
rep1,1.0411,200,0
rep1,1.0411,201,0
rep1,1.0413,202,0
rep1,1.0413,203,0
rep1,1.0416,204,0
rep1,1.0416,205,0
rep1,1.0417,206,0
rep1,1.042,207,0
rep1,1.0421,208,0
rep1,1.0425,209,0
rep1,1.0427,210,0
rep1,1.0427,211,0
rep1,1.0427,212,0
rep1,1.043,213,0
rep1,1.0431,214,0
rep1,1.0435,215,0
rep1,1.0439,216,0
rep1,1.0439,217,0
rep1,1.044,218,0
rep1,1.0441,219,0
rep1,1.0444,220,0
rep1,1.0444,221,0
rep1,1.045,222,0
rep1,1.0458,223,0
rep1,1.0465,224,0
rep1,1.0466,225,0
rep1,1.0471,226,0
rep1,1.0476,227,0
rep1,1.0477,228,0
rep1,1.0491,229,0
rep1,1.0507,230,0
rep1,1.0517,231,0
rep1,1.0522,232,0
rep1,1.0524,233,0
rep1,1.0537,234,0
rep1,1.0537,235,0
rep1,1.0538,236,0
rep1,1.0538,237,0
rep1,1.0538,238,0
rep1,1.0539,239,0
rep1,1.0539,240,0
rep1,1.0541,241,0
rep1,1.0541,242,0
rep1,1.0542,243,0
rep1,1.0543,244,0
rep1,1.0544,245,0
rep1,1.0545,246,0
rep1,1.0545,247,0
rep1,1.0546,248,0
rep1,1.0546,249,0
rep1,1.0547,250,0
rep1,1.0547,251,0
rep1,1.0548,252,0
rep1,1.0548,253,0
rep1,1.0549,254,0
rep1,1.0549,255,0
rep1,1.055,256,0
rep1,1.055,256,1
rep1,1.0551,257,1
rep1,1.0551,258,1
rep1,1.0551,259,1
rep1,1.0553,260,1
rep1,1.0553,261,1
rep1,1.0554,262,1
rep1,1.0555,263,1
rep1,1.0555,264,1
rep1,1.0556,265,1
rep1,1.0556,266,1
rep1,1.0557,267,1
rep1,1.0557,268,1
rep1,1.0558,269,1
rep1,1.0558,270,1
rep1,1.0559,271,1
rep1,1.0559,272,1
rep1,1.056,273,1
rep1,1.056,274,1
rep1,1.0561,275,1
rep1,1.0561,276,1
rep1,1.0561,277,1
rep1,1.0562,278,1
rep1,1.0563,279,1
rep1,1.0563,280,1
rep1,1.0563,281,1
rep1,1.0563,282,1
rep1,1.0563,283,1
rep1,1.0564,284,1
rep1,1.0565,285,1
rep1,1.0568,286,1
rep1,1.0568,287,1
rep1,1.0569,288,1
rep1,1.0569,289,1
rep1,1.057,290,1
rep1,1.057,291,1
rep1,1.057,292,1
rep1,1.057,293,1
rep1,1.0571,294,1
rep1,1.0571,295,1
rep1,1.0572,296,1
rep1,1.0572,297,1
rep1,1.0574,298,1
rep1,1.0574,299,1
rep1,1.0575,300,1
rep1,1.0576,301,1
rep1,1.0577,302,1
rep1,1.0578,303,1
rep1,1.0578,304,1
rep1,1.0579,305,1
rep1,1.0579,306,1
rep1,1.0579,307,1
rep1,1.058,308,1
rep1,1.0581,309,1
rep1,1.0583,310,1
rep1,1.0584,311,1
rep1,1.0585,312,1
rep1,1.0587,313,1
rep1,1.0587,314,1
rep1,1.0587,315,1
rep1,1.0588,316,1
rep1,1.0588,317,1
rep1,1.0588,318,1
rep1,1.0588,319,1
rep1,1.0588,320,1
rep1,1.0589,321,1
rep1,1.0589,322,1
rep1,1.059,323,1
rep1,1.059,324,1
rep1,1.0591,325,1
rep1,1.0592,326,1
rep1,1.0593,327,1
rep1,1.0593,328,1
rep1,1.0595,329,1
rep1,1.0595,330,1
rep1,1.0595,331,1
rep1,1.0596,332,1
rep1,1.0597,333,1
rep1,1.0598,334,1
rep1,1.0599,335,1
rep1,1.0599,336,1
rep1,1.0601,337,1
rep1,1.0601,338,1
rep1,1.0602,339,1
rep1,1.0602,340,1
rep1,1.0602,341,1
rep1,1.0603,342,1
rep1,1.0603,343,1
rep1,1.0604,344,1
rep1,1.0604,345,1
rep1,1.0604,346,1
rep1,1.0607,347,1
rep1,1.0607,348,1
rep1,1.0608,349,1
rep1,1.0609,350,1
rep1,1.061,351,1
rep1,1.0611,352,1
rep1,1.0612,353,1
rep1,1.0613,354,1
rep1,1.0614,355,1
rep1,1.0616,356,1
rep1,1.0617,357,1
rep1,1.0618,358,1
rep1,1.0619,359,1
rep1,1.062,360,1
rep1,1.0621,361,1
rep1,1.0623,362,1
rep1,1.0624,363,1
rep1,1.0624,364,1
rep1,1.0625,365,1
rep1,1.0627,366,1
rep1,1.0629,367,1
rep1,1.063,368,1
rep1,1.0631,369,1
rep1,1.0632,370,1
rep1,1.0632,371,1
rep1,1.0633,372,1
rep1,1.0634,373,1
rep1,1.0635,374,1
rep1,1.0635,375,1
rep1,1.0636,376,1
rep1,1.0638,377,1
rep1,1.0638,378,1
rep1,1.064,379,1
rep1,1.0642,380,1
rep1,1.0643,381,1
rep1,1.0644,382,1
rep1,1.0646,383,1
rep1,1.0647,384,1
rep1,1.0647,385,1
rep1,1.0648,386,1
rep1,1.065,387,1
rep1,1.0651,388,1
rep1,1.0651,389,1
rep1,1.0651,390,1
rep1,1.0651,391,1
rep1,1.0652,392,1
rep1,1.0652,393,1
rep1,1.0653,394,1
rep1,1.0653,395,1
rep1,1.0655,396,1
rep1,1.0656,397,1
rep1,1.0657,398,1
rep1,1.0657,399,1
rep1,1.0661,400,1
rep1,1.0663,401,1
rep1,1.0664,402,1
rep1,1.0665,403,1
rep1,1.0668,404,1
rep1,1.0668,405,1
rep1,1.0672,406,1
rep1,1.0672,407,1
rep1,1.0673,408,1
rep1,1.0673,409,1
rep1,1.0675,410,1
rep1,1.0677,411,1
rep1,1.0677,412,1
rep1,1.0677,413,1
rep1,1.0678,414,1
rep1,1.0678,415,1
rep1,1.0679,416,1
rep1,1.068,417,1
rep1,1.0681,418,1
rep1,1.0682,419,1
rep1,1.0682,420,1
rep1,1.0683,421,1
rep1,1.0684,422,1
rep1,1.0685,423,1
rep1,1.0686,424,1
rep1,1.0687,425,1
rep1,1.0688,426,1
rep1,1.0691,427,1
rep1,1.0691,428,1
rep1,1.0692,429,1
rep1,1.0695,430,1
rep1,1.0698,431,1
rep1,1.0699,432,1
rep1,1.0702,433,1
rep1,1.0702,434,1
rep1,1.0703,435,1
rep1,1.0704,436,1
rep1,1.0706,437,1
rep1,1.0711,438,1
rep1,1.0711,439,1
rep1,1.0711,440,1
rep1,1.0711,441,1
rep1,1.0718,442,1
rep1,1.0718,443,1
rep1,1.0724,444,1
rep1,1.0725,445,1
rep1,1.0725,446,1
rep1,1.0725,447,1
rep1,1.0728,448,1
rep1,1.0731,449,1
rep1,1.0734,450,1
rep1,1.0737,451,1
rep1,1.074,452,1
rep1,1.0741,453,1
rep1,1.0742,454,1
rep1,1.0754,455,1
rep1,1.0756,456,1
rep1,1.0757,457,1
rep1,1.0759,458,1
rep1,1.0761,459,1
rep1,1.0761,460,1
rep1,1.0761,461,1
rep1,1.0765,462,1
rep1,1.0765,463,1
rep1,1.0768,464,1
rep1,1.0771,465,1
rep1,1.0771,466,1
rep1,1.0772,467,1
rep1,1.0773,468,1
rep1,1.0777,469,1
rep1,1.0777,470,1
rep1,1.0781,471,1
rep1,1.0783,472,1
rep1,1.0783,473,1
rep1,1.0786,474,1
rep1,1.0787,475,1
rep1,1.0794,476,1
rep1,1.0796,477,1
rep1,1.0799,478,1
rep1,1.0799,479,1
rep1,1.0801,480,1
rep1,1.0802,481,1
rep1,1.0804,482,1
rep1,1.0806,483,1
rep1,1.0809,484,1
rep1,1.081,485,1
rep1,1.0818,486,1
rep1,1.0822,487,1
rep1,1.0825,488,1
rep1,1.0827,489,1
rep1,1.0829,490,1
rep1,1.0834,491,1
rep1,1.0836,492,1
rep1,1.0838,493,1
rep1,1.0838,494,1
rep1,1.084,495,1
rep1,1.0846,496,1
rep1,1.0855,497,1
rep1,1.0858,498,1
rep1,1.0868,499,1
rep1,1.0872,500,1
rep1,1.0872,501,1
rep1,1.0872,502,1
rep1,1.0873,503,1
rep1,1.0873,504,1
rep1,1.0874,505,1
rep1,1.0875,506,1
rep1,1.0875,507,1
rep1,1.0876,508,1
rep1,1.0877,509,1
rep1,1.0877,510,1
rep1,1.0878,511,1
rep1,1.0878,512,1
rep1,1.0879,513,1
rep1,1.0879,514,1
rep1,1.088,515,1
rep1,1.088,516,1
rep1,1.0881,517,1
rep1,1.0881,518,1
rep1,1.0881,519,1
rep1,1.0884,520,1
rep1,1.0885,521,1
rep1,1.0885,522,1
rep1,1.0887,523,1
rep1,1.0889,524,1
rep1,1.0889,525,1
rep1,1.0892,526,1
rep1,1.0893,527,1
rep1,1.0894,528,1
rep1,1.0896,529,1
rep1,1.0896,530,1
rep1,1.0898,531,1
rep1,1.0899,532,1
rep1,1.0899,533,1
rep1,1.09,534,1
rep1,1.09,535,1
rep1,1.0902,536,1
rep1,1.0902,537,1
rep1,1.0905,538,1
rep1,1.0906,539,1
rep1,1.0908,540,1
rep1,1.0909,541,1
rep1,1.0909,542,1
rep1,1.091,543,1
rep1,1.091,544,1
rep1,1.0911,545,1
rep1,1.0912,546,1
rep1,1.0912,547,1
rep1,1.0914,548,1
rep1,1.0914,549,1
rep1,1.0914,550,1
rep1,1.0915,551,1
rep1,1.0918,552,1
rep1,1.092,553,1
rep1,1.0924,554,1
rep1,1.0926,555,1
rep1,1.0928,556,1
rep1,1.093,557,1
rep1,1.0931,558,1
rep1,1.0932,559,1
rep1,1.0933,560,1
rep1,1.0938,561,1
rep1,1.0939,562,1
rep1,1.0941,563,1
rep1,1.0943,564,1
rep1,1.0944,565,1
rep1,1.0944,566,1
rep1,1.0944,567,1
rep1,1.0947,568,1
rep1,1.0947,569,1
rep1,1.0947,570,1
rep1,1.0948,571,1
rep1,1.0949,572,1
rep1,1.095,573,1
rep1,1.095,574,1
rep1,1.0951,575,1
rep1,1.0953,576,1
rep1,1.0953,577,1
rep1,1.0954,578,1
rep1,1.0954,579,1
rep1,1.0954,580,1
rep1,1.0955,581,1
rep1,1.0959,582,1
rep1,1.0962,583,1
rep1,1.0963,584,1
rep1,1.0963,585,1
rep1,1.0965,586,1
rep1,1.0967,587,1
rep1,1.0971,588,1
rep1,1.0974,589,1
rep1,1.0976,590,1
rep1,1.0978,591,1
rep1,1.098,592,1
rep1,1.0982,593,1
rep1,1.0983,594,1
rep1,1.0984,595,1
rep1,1.0984,596,1
rep1,1.0989,597,1
rep1,1.099,598,1
rep1,1.0991,599,1
rep1,1.0992,600,1
rep1,1.0994,601,1
rep1,1.0994,602,1
rep1,1.0995,603,1
rep1,1.0996,604,1
rep1,1.0997,605,1
rep1,1.0997,606,1
rep1,1.0998,607,1
rep1,1.1004,608,1
rep1,1.1004,609,1
rep1,1.1004,610,1
rep1,1.1005,611,1
rep1,1.1006,612,1
rep1,1.1006,613,1
rep1,1.1006,614,1
rep1,1.1007,615,1
rep1,1.1007,616,1
rep1,1.1008,617,1
rep1,1.1008,618,1
rep1,1.1008,619,1
rep1,1.1009,620,1
rep1,1.1012,621,1
rep1,1.1012,622,1
rep1,1.1013,623,1
rep1,1.1013,624,1
rep1,1.1017,625,1
rep1,1.102,626,1
rep1,1.1021,627,1
rep1,1.1022,628,1
rep1,1.1023,629,1
rep1,1.1026,630,1
rep1,1.1031,631,1
rep1,1.1032,632,1
rep1,1.1036,633,1
rep1,1.1038,634,1
rep1,1.1039,635,1
rep1,1.1041,636,1
rep1,1.1046,637,1
rep1,1.1048,638,1
rep1,1.1048,639,1
rep1,1.1055,640,1
rep1,1.1062,641,1
rep1,1.1066,642,1
rep1,1.1067,643,1
rep1,1.1071,644,1
rep1,1.1073,645,1
rep1,1.1074,646,1
rep1,1.1075,647,1
rep1,1.1076,648,1
rep1,1.1076,649,1
rep1,1.1077,650,1
rep1,1.1079,651,1
rep1,1.1081,652,1
rep1,1.1082,653,1
rep1,1.1087,654,1
rep1,1.109,655,1
rep1,1.1098,656,1
rep1,1.1098,657,1
rep1,1.1099,658,1
rep1,1.1102,659,1
rep1,1.1102,660,1
rep1,1.1103,661,1
rep1,1.1109,662,1
rep1,1.1113,663,1
rep1,1.1115,664,1
rep1,1.1122,665,1
rep1,1.1122,666,1
rep1,1.1123,667,1
rep1,1.1124,668,1
rep1,1.1125,669,1
rep1,1.1125,670,1
rep1,1.1128,671,1
rep1,1.113,672,1
rep1,1.113,673,1
rep1,1.1132,674,1
rep1,1.1134,675,1
rep1,1.1136,676,1
rep1,1.1136,677,1
rep1,1.114,678,1
rep1,1.114,679,1
rep1,1.1143,680,1
rep1,1.1143,681,1
rep1,1.1144,682,1
rep1,1.1146,683,1
rep1,1.116,684,1
rep1,1.116,685,1
rep1,1.1169,686,1
rep1,1.117,687,1
rep1,1.1183,688,1
rep1,1.1189,689,1
rep1,1.119,690,1
rep1,1.119,691,1
rep1,1.1192,692,1
rep1,1.1194,693,1
rep1,1.1194,694,1
rep1,1.1196,695,1
rep1,1.1197,696,1
rep1,1.1197,697,1
rep1,1.1201,698,1
rep1,1.1203,699,1
rep1,1.1205,700,1
rep1,1.1207,701,1
rep1,1.1211,702,1
rep1,1.1212,703,1
rep1,1.1216,704,1
rep1,1.1216,705,1
rep1,1.1218,706,1
rep1,1.122,707,1
rep1,1.122,708,1
rep1,1.122,709,1
rep1,1.1223,710,1
rep1,1.1223,711,1
rep1,1.1225,712,1
rep1,1.1231,713,1
rep1,1.1232,714,1
rep1,1.1233,715,1
rep1,1.1233,716,1
rep1,1.1235,717,1
rep1,1.1236,718,1
rep1,1.1237,719,1
rep1,1.1241,720,1
rep1,1.1244,721,1
rep1,1.1246,722,1
rep1,1.1247,723,1
rep1,1.1247,724,1
rep1,1.1247,725,1
rep1,1.1248,726,1
rep1,1.1251,727,1
rep1,1.1252,728,1
rep1,1.1254,729,1
rep1,1.1254,730,1
rep1,1.1255,731,1
rep1,1.1258,732,1
rep1,1.1258,733,1
rep1,1.1259,734,1
rep1,1.1264,735,1
rep1,1.1265,736,1
rep1,1.1265,737,1
rep1,1.1266,738,1
rep1,1.1267,739,1
rep1,1.1271,740,1
rep1,1.1274,741,1
rep1,1.1275,742,1
rep1,1.1276,743,1
rep1,1.1277,744,1
rep1,1.1278,745,1
rep1,1.1279,746,1
rep1,1.1282,747,1
rep1,1.1282,748,1
rep1,1.1282,749,1
rep1,1.1284,750,1
rep1,1.1285,751,1
rep1,1.1285,752,1
rep1,1.1285,753,1
rep1,1.1288,754,1
rep1,1.1291,755,1
rep1,1.1292,756,1
rep1,1.1294,757,1
rep1,1.1297,758,1
rep1,1.1298,759,1
rep1,1.1298,760,1
rep1,1.13,761,1
rep1,1.1301,762,1
rep1,1.1302,763,1
rep1,1.1305,764,1
rep1,1.1306,765,1
rep1,1.1308,766,1
rep1,1.1309,767,1
rep1,1.131,768,1
rep1,1.131,769,1
rep1,1.1311,770,1
rep1,1.1315,771,1
rep1,1.1315,772,1
rep1,1.1319,773,1
rep1,1.1322,774,1
rep1,1.1325,775,1
rep1,1.1328,776,1
rep1,1.1328,777,1
rep1,1.1328,778,1
rep1,1.1329,779,1
rep1,1.1333,780,1
rep1,1.1334,781,1
rep1,1.1336,782,1
rep1,1.1337,783,1
rep1,1.1339,784,1
rep1,1.1339,785,1
rep1,1.1339,786,1
rep1,1.134,787,1
rep1,1.134,788,1
rep1,1.1342,789,1
rep1,1.1345,790,1
rep1,1.1345,791,1
rep1,1.1349,792,1
rep1,1.1351,793,1
rep1,1.1351,794,1
rep1,1.1352,795,1
rep1,1.1352,796,1
rep1,1.1357,797,1
rep1,1.1357,798,1
rep1,1.1358,799,1
rep1,1.1359,800,1
rep1,1.1362,801,1
rep1,1.1363,802,1
rep1,1.1365,803,1
rep1,1.1367,804,1
rep1,1.1367,805,1
rep1,1.1368,806,1
rep1,1.1373,807,1
rep1,1.1374,808,1
rep1,1.1376,809,1
rep1,1.1376,810,1
rep1,1.1377,811,1
rep1,1.1377,812,1
rep1,1.138,813,1
rep1,1.1382,814,1
rep1,1.1383,815,1
rep1,1.1384,816,1
rep1,1.1387,817,1
rep1,1.1388,818,1
rep1,1.1388,819,1
rep1,1.139,820,1
rep1,1.1391,821,1
rep1,1.1394,822,1
rep1,1.1395,823,1
rep1,1.1396,824,1
rep1,1.1398,825,1
rep1,1.1399,826,1
rep1,1.1399,827,1
rep1,1.1401,828,1
rep1,1.1407,829,1
rep1,1.1409,830,1
rep1,1.141,831,1
rep1,1.1411,832,1
rep1,1.1412,833,1
rep1,1.1412,834,1
rep1,1.1412,835,1
rep1,1.1413,836,1
rep1,1.1416,837,1
rep1,1.1418,838,1
rep1,1.142,839,1
rep1,1.1421,840,1
rep1,1.1422,841,1
rep1,1.1424,842,1
rep1,1.1428,843,1
rep1,1.1432,844,1
rep1,1.1432,845,1
rep1,1.1432,846,1
rep1,1.1437,847,1
rep1,1.1439,848,1
rep1,1.144,849,1
rep1,1.144,850,1
rep1,1.1446,851,1
rep1,1.1447,852,1
rep1,1.1449,853,1
rep1,1.1453,854,1
rep1,1.1453,855,1
rep1,1.1453,856,1
rep1,1.1457,857,1
rep1,1.1459,858,1
rep1,1.1462,859,1
rep1,1.1462,860,1
rep1,1.1466,861,1
rep1,1.1466,862,1
rep1,1.1471,863,1
rep1,1.1471,864,1
rep1,1.1475,865,1
rep1,1.1476,866,1
rep1,1.1477,867,1
rep1,1.1479,868,1
rep1,1.1479,869,1
rep1,1.1484,870,1
rep1,1.1486,871,1
rep1,1.1488,872,1
rep1,1.1494,873,1
rep1,1.1499,874,1
rep1,1.1501,875,1
rep1,1.1503,876,1
rep1,1.1505,877,1
rep1,1.1506,878,1
rep1,1.1506,879,1
rep1,1.1509,880,1
rep1,1.1514,881,1
rep1,1.1518,882,1
rep1,1.1521,883,1
rep1,1.1521,884,1
rep1,1.1522,885,1
rep1,1.1522,886,1
rep1,1.1523,887,1
rep1,1.1525,888,1
rep1,1.1526,889,1
rep1,1.1532,890,1
rep1,1.154,891,1
rep1,1.154,892,1
rep1,1.1541,893,1
rep1,1.1543,894,1
rep1,1.1543,895,1
rep1,1.1548,896,1
rep1,1.1548,897,1
rep1,1.1549,898,1
rep1,1.1549,899,1
rep1,1.1553,900,1
rep1,1.1558,901,1
rep1,1.1562,902,1
rep1,1.1568,903,1
rep1,1.1569,904,1
rep1,1.157,905,1
rep1,1.1571,906,1
rep1,1.1572,907,1
rep1,1.1573,908,1
rep1,1.1573,909,1
rep1,1.1573,910,1
rep1,1.1576,911,1
rep1,1.1577,912,1
rep1,1.158,913,1
rep1,1.1586,914,1
rep1,1.1587,915,1
rep1,1.1591,916,1
rep1,1.1592,917,1
rep1,1.1594,918,1
rep1,1.1597,919,1
rep1,1.1599,920,1
rep1,1.16,921,1
rep1,1.16,922,1
rep1,1.1602,923,1
rep1,1.1603,924,1
rep1,1.1605,925,1
rep1,1.1605,926,1
rep1,1.1606,927,1
rep1,1.1607,928,1
rep1,1.1611,929,1
rep1,1.1612,930,1
rep1,1.1613,931,1
rep1,1.1619,932,1
rep1,1.162,933,1
rep1,1.1625,934,1
rep1,1.1627,935,1
rep1,1.1628,936,1
rep1,1.1636,937,1
rep1,1.1637,938,1
rep1,1.1637,939,1
rep1,1.1638,940,1
rep1,1.164,941,1
rep1,1.1644,942,1
rep1,1.1646,943,1
rep1,1.1646,944,1
rep1,1.1649,945,1
rep1,1.1651,946,1
rep1,1.1651,947,1
rep1,1.1651,948,1
rep1,1.1652,949,1
rep1,1.1654,950,1
rep1,1.1654,951,1
rep1,1.1655,952,1
rep1,1.1656,953,1
rep1,1.1657,954,1
rep1,1.1658,955,1
rep1,1.1659,956,1
rep1,1.1659,957,1
rep1,1.1663,958,1
rep1,1.1664,959,1
rep1,1.1669,960,1
rep1,1.167,961,1
rep1,1.1673,962,1
rep1,1.1674,963,1
rep1,1.1675,964,1
rep1,1.1678,965,1
rep1,1.1679,966,1
rep1,1.168,967,1
rep1,1.168,968,1
rep1,1.1681,969,1
rep1,1.1681,970,1
rep1,1.1682,971,1
rep1,1.1682,972,1
rep1,1.1684,973,1
rep1,1.1685,974,1
rep1,1.1689,975,1
rep1,1.1691,976,1
rep1,1.1691,977,1
rep1,1.1694,978,1
rep1,1.1694,979,1
rep1,1.1695,980,1
rep1,1.1695,981,1
rep1,1.1699,982,1
rep1,1.17,983,1
rep1,1.1701,984,1
rep1,1.1703,985,1
rep1,1.1705,986,1
rep1,1.1705,987,1
rep1,1.1706,988,1
rep1,1.1708,989,1
rep1,1.1708,990,1
rep1,1.171,991,1
rep1,1.1712,992,1
rep1,1.1713,993,1
rep1,1.1716,994,1
rep1,1.1717,995,1
rep1,1.1717,996,1
rep1,1.1718,997,1
rep1,1.1719,998,1
rep1,1.1719,999,1
rep1,1.1722,1000,1
rep1,1.1727,1001,1
rep1,1.1728,1002,1
rep1,1.1732,1003,1
rep1,1.1735,1004,1
rep1,1.1737,1005,1
rep1,1.1737,1006,1
rep1,1.1738,1007,1
rep1,1.1739,1008,1
rep1,1.1743,1009,1
rep1,1.1743,1010,1
rep1,1.1747,1011,1
rep1,1.1747,1012,1
rep1,1.1749,1013,1
rep1,1.1753,1014,1
rep1,1.1754,1015,1
rep1,1.1756,1016,1
rep1,1.1758,1017,1
rep1,1.1759,1018,1
rep1,1.176,1019,1
rep1,1.1761,1020,1
rep1,1.1762,1021,1
rep1,1.1762,1022,1
rep1,1.1763,1023,1
rep1,1.1764,1024,1
rep1,1.1765,1025,1
rep1,1.1767,1026,1
rep1,1.1769,1027,1
rep1,1.1771,1028,1
rep1,1.1773,1029,1
rep1,1.1775,1030,1
rep1,1.1776,1031,1
rep1,1.1779,1032,1
rep1,1.178,1033,1
rep1,1.1784,1034,1
rep1,1.1784,1035,1
rep1,1.1786,1036,1
rep1,1.1788,1037,1
rep1,1.1788,1038,1
rep1,1.1789,1039,1
rep1,1.179,1040,1
rep1,1.1794,1041,1
rep1,1.1795,1042,1
rep1,1.1797,1043,1
rep1,1.1798,1044,1
rep1,1.18,1045,1
rep1,1.1806,1046,1
rep1,1.1808,1047,1
rep1,1.181,1048,1
rep1,1.1813,1049,1
rep1,1.1814,1050,1
rep1,1.1814,1051,1
rep1,1.1819,1052,1
rep1,1.1823,1053,1
rep1,1.1823,1054,1
rep1,1.1824,1055,1
rep1,1.1824,1056,1
rep1,1.1826,1057,1
rep1,1.1827,1058,1
rep1,1.183,1059,1
rep1,1.1831,1060,1
rep1,1.1835,1061,1
rep1,1.1835,1062,1
rep1,1.1841,1063,1
rep1,1.1841,1064,1
rep1,1.1842,1065,1
rep1,1.1844,1066,1
rep1,1.185,1067,1
rep1,1.1853,1068,1
rep1,1.1854,1069,1
rep1,1.1858,1070,1
rep1,1.1859,1071,1
rep1,1.1861,1072,1
rep1,1.1863,1073,1
rep1,1.1876,1074,1
rep1,1.1877,1075,1
rep1,1.188,1076,1
rep1,1.1881,1077,1
rep1,1.1883,1078,1
rep1,1.1884,1079,1
rep1,1.1886,1080,1
rep1,1.1887,1081,1
rep1,1.1888,1082,1
rep1,1.1888,1083,1
rep1,1.189,1084,1
rep1,1.1893,1085,1
rep1,1.1893,1086,1
rep1,1.1898,1087,1
rep1,1.1899,1088,1
rep1,1.19,1089,1
rep1,1.1904,1090,1
rep1,1.1905,1091,1
rep1,1.1906,1092,1
rep1,1.1907,1093,1
rep1,1.1911,1094,1
rep1,1.1911,1095,1
rep1,1.1912,1096,1
rep1,1.1913,1097,1
rep1,1.1915,1098,1
rep1,1.1917,1099,1
rep1,1.1919,1100,1
rep1,1.1919,1101,1
rep1,1.1919,1102,1
rep1,1.1921,1103,1
rep1,1.1921,1104,1
rep1,1.1922,1105,1
rep1,1.1923,1106,1
rep1,1.1926,1107,1
rep1,1.1927,1108,1
rep1,1.1928,1109,1
rep1,1.1928,1110,1
rep1,1.1928,1111,1
rep1,1.193,1112,1
rep1,1.1931,1113,1
rep1,1.1934,1114,1
rep1,1.1934,1115,1
rep1,1.1935,1116,1
rep1,1.1936,1117,1
rep1,1.1937,1118,1
rep1,1.194,1119,1
rep1,1.1942,1120,1
rep1,1.1943,1121,1
rep1,1.1946,1122,1
rep1,1.1949,1123,1
rep1,1.1953,1124,1
rep1,1.1954,1125,1
rep1,1.1954,1126,1
rep1,1.1955,1127,1
rep1,1.1956,1128,1
rep1,1.1958,1129,1
rep1,1.1958,1130,1
rep1,1.1959,1131,1
rep1,1.1961,1132,1
rep1,1.1965,1133,1
rep1,1.1968,1134,1
rep1,1.1969,1135,1
rep1,1.197,1136,1
rep1,1.1972,1137,1
rep1,1.1973,1138,1
rep1,1.1975,1139,1
rep1,1.1977,1140,1
rep1,1.1977,1141,1
rep1,1.1979,1142,1
rep1,1.1981,1143,1
rep1,1.1981,1144,1
rep1,1.1983,1145,1
rep1,1.1985,1146,1
rep1,1.1986,1147,1
rep1,1.1989,1148,1
rep1,1.1989,1149,1
rep1,1.1992,1150,1
rep1,1.1992,1151,1
rep1,1.1996,1152,1
rep1,1.1999,1153,1
rep1,1.2,1154,1
rep1,1.2,1155,1
rep1,1.2,1156,1
rep1,1.2001,1157,1
rep1,1.2004,1158,1
rep1,1.2005,1159,1
rep1,1.2006,1160,1
rep1,1.201,1161,1
rep1,1.2012,1162,1
rep1,1.2014,1163,1
rep1,1.2018,1164,1
rep1,1.202,1165,1
rep1,1.2021,1166,1
rep1,1.2022,1167,1
rep1,1.2023,1168,1
rep1,1.2023,1169,1
rep1,1.2024,1170,1
rep1,1.2027,1171,1
rep1,1.2028,1172,1
rep1,1.2029,1173,1
rep1,1.2029,1174,1
rep1,1.2031,1175,1
rep1,1.2036,1176,1
rep1,1.2036,1177,1
rep1,1.2039,1178,1
rep1,1.204,1179,1
rep1,1.2042,1180,1
rep1,1.2043,1181,1
rep1,1.2044,1182,1
rep1,1.2051,1183,1
rep1,1.2052,1184,1
rep1,1.2057,1185,1
rep1,1.2057,1186,1
rep1,1.2058,1187,1
rep1,1.206,1188,1
rep1,1.2064,1189,1
rep1,1.2066,1190,1
rep1,1.2067,1191,1
rep1,1.2069,1192,1
rep1,1.207,1193,1
rep1,1.2072,1194,1
rep1,1.2072,1195,1
rep1,1.2073,1196,1
rep1,1.2075,1197,1
rep1,1.2077,1198,1
rep1,1.2078,1199,1
rep1,1.2089,1200,1
rep1,1.2091,1201,1
rep1,1.2092,1202,1
rep1,1.2095,1203,1
rep1,1.2099,1204,1
rep1,1.2101,1205,1
rep1,1.2104,1206,1
rep1,1.2109,1207,1
rep1,1.2114,1208,1
rep1,1.2116,1209,1
rep1,1.2118,1210,1
rep1,1.2118,1211,1
rep1,1.2119,1212,1
rep1,1.2119,1213,1
rep1,1.212,1214,1
rep1,1.213,1215,1
rep1,1.2132,1216,1
rep1,1.2133,1217,1
rep1,1.2139,1218,1
rep1,1.2143,1219,1
rep1,1.2147,1220,1
rep1,1.2147,1221,1
rep1,1.2147,1222,1
rep1,1.2151,1223,1
rep1,1.2151,1224,1
rep1,1.2152,1225,1
rep1,1.2153,1226,1
rep1,1.2154,1227,1
rep1,1.2154,1228,1
rep1,1.2157,1229,1
rep1,1.2157,1230,1
rep1,1.2159,1231,1
rep1,1.2165,1232,1
rep1,1.2166,1233,1
rep1,1.217,1234,1
rep1,1.2172,1235,1
rep1,1.2173,1236,1
rep1,1.218,1237,1
rep1,1.218,1238,1
rep1,1.2181,1239,1
rep1,1.2182,1240,1
rep1,1.2185,1241,1
rep1,1.2185,1242,1
rep1,1.2187,1243,1
rep1,1.2187,1244,1
rep1,1.2189,1245,1
rep1,1.219,1246,1
rep1,1.2195,1247,1
rep1,1.2197,1248,1
rep1,1.2198,1249,1
rep1,1.2199,1250,1
rep1,1.2203,1251,1
rep1,1.2203,1252,1
rep1,1.2204,1253,1
rep1,1.2206,1254,1
rep1,1.2207,1255,1
rep1,1.2208,1256,1
rep1,1.2211,1257,1
rep1,1.2212,1258,1
rep1,1.2213,1259,1
rep1,1.2216,1260,1
rep1,1.2216,1261,1
rep1,1.2218,1262,1
rep1,1.2218,1263,1
rep1,1.2229,1264,1
rep1,1.223,1265,1
rep1,1.2232,1266,1
rep1,1.2235,1267,1
rep1,1.2237,1268,1
rep1,1.2238,1269,1
rep1,1.224,1270,1
rep1,1.2244,1271,1
rep1,1.2246,1272,1
rep1,1.2247,1273,1
rep1,1.2248,1274,1
rep1,1.2248,1275,1
rep1,1.225,1276,1
rep1,1.2252,1277,1
rep1,1.2253,1278,1
rep1,1.2253,1279,1
rep1,1.2257,1280,1
rep1,1.2258,1281,1
rep1,1.2261,1282,1
rep1,1.2262,1283,1
rep1,1.2267,1284,1
rep1,1.2268,1285,1
rep1,1.227,1286,1
rep1,1.227,1287,1
rep1,1.2278,1288,1
rep1,1.228,1289,1
rep1,1.2283,1290,1
rep1,1.2283,1291,1
rep1,1.2285,1292,1
rep1,1.2286,1293,1
rep1,1.2289,1294,1
rep1,1.2291,1295,1
rep1,1.2295,1296,1
rep1,1.2296,1297,1
rep1,1.2298,1298,1
rep1,1.2298,1299,1
rep1,1.2299,1300,1
rep1,1.2302,1301,1
rep1,1.2303,1302,1
rep1,1.2305,1303,1
rep1,1.2306,1304,1
rep1,1.2308,1305,1
rep1,1.2309,1306,1
rep1,1.231,1307,1
rep1,1.231,1308,1
rep1,1.231,1309,1
rep1,1.2312,1310,1
rep1,1.2313,1311,1
rep1,1.2318,1312,1
rep1,1.2319,1313,1
rep1,1.2322,1314,1
rep1,1.2325,1315,1
rep1,1.2325,1316,1
rep1,1.2327,1317,1
rep1,1.233,1318,1
rep1,1.2332,1319,1
rep1,1.2333,1320,1
rep1,1.2338,1321,1
rep1,1.2339,1322,1
rep1,1.234,1323,1
rep1,1.2341,1324,1
rep1,1.2343,1325,1
rep1,1.2348,1326,1
rep1,1.2355,1327,1
rep1,1.2355,1328,1
rep1,1.2361,1329,1
rep1,1.2365,1330,1
rep1,1.2367,1331,1
rep1,1.2367,1332,1
rep1,1.237,1333,1
rep1,1.2371,1334,1
rep1,1.2375,1335,1
rep1,1.2377,1336,1
rep1,1.2383,1337,1
rep1,1.2383,1338,1
rep1,1.2385,1339,1
rep1,1.2389,1340,1
rep1,1.2389,1341,1
rep1,1.2391,1342,1
rep1,1.2392,1343,1
rep1,1.2394,1344,1
rep1,1.2397,1345,1
rep1,1.2399,1346,1
rep1,1.2401,1347,1
rep1,1.2402,1348,1
rep1,1.2404,1349,1
rep1,1.2405,1350,1
rep1,1.2413,1351,1
rep1,1.2416,1352,1
rep1,1.2419,1353,1
rep1,1.242,1354,1
rep1,1.2423,1355,1
rep1,1.2424,1356,1
rep1,1.2428,1357,1
rep1,1.243,1358,1
rep1,1.2434,1359,1
rep1,1.2436,1360,1
rep1,1.2437,1361,1
rep1,1.2437,1362,1
rep1,1.244,1363,1
rep1,1.244,1364,1
rep1,1.2442,1365,1
rep1,1.2443,1366,1
rep1,1.2444,1367,1
rep1,1.245,1368,1
rep1,1.2453,1369,1
rep1,1.2456,1370,1
rep1,1.246,1371,1
rep1,1.2462,1372,1
rep1,1.2464,1373,1
rep1,1.2464,1374,1
rep1,1.2466,1375,1
rep1,1.2467,1376,1
rep1,1.247,1377,1
rep1,1.2474,1378,1
rep1,1.248,1379,1
rep1,1.2481,1380,1
rep1,1.2484,1381,1
rep1,1.2486,1382,1
rep1,1.2487,1383,1
rep1,1.2493,1384,1
rep1,1.2494,1385,1
rep1,1.2494,1386,1
rep1,1.2496,1387,1
rep1,1.2496,1388,1
rep1,1.2496,1389,1
rep1,1.25,1390,1
rep1,1.2502,1391,1
rep1,1.2503,1392,1
rep1,1.2505,1393,1
rep1,1.2505,1394,1
rep1,1.251,1395,1
rep1,1.2513,1396,1
rep1,1.2514,1397,1
rep1,1.2516,1398,1
rep1,1.2518,1399,1
rep1,1.252,1400,1
rep1,1.2525,1401,1
rep1,1.2526,1402,1
rep1,1.2526,1403,1
rep1,1.2527,1404,1
rep1,1.2528,1405,1
rep1,1.2529,1406,1
rep1,1.253,1407,1
rep1,1.2531,1408,1
rep1,1.2531,1409,1
rep1,1.2533,1410,1
rep1,1.2537,1411,1
rep1,1.2542,1412,1
rep1,1.2542,1413,1
rep1,1.2542,1414,1
rep1,1.2546,1415,1
rep1,1.2553,1416,1
rep1,1.2554,1417,1
rep1,1.2558,1418,1
rep1,1.2558,1419,1
rep1,1.2559,1420,1
rep1,1.2564,1421,1
rep1,1.2566,1422,1
rep1,1.2568,1423,1
rep1,1.2569,1424,1
rep1,1.257,1425,1
rep1,1.2571,1426,1
rep1,1.2572,1427,1
rep1,1.2576,1428,1
rep1,1.2578,1429,1
rep1,1.2584,1430,1
rep1,1.259,1431,1
rep1,1.2593,1432,1
rep1,1.2594,1433,1
rep1,1.2594,1434,1
rep1,1.2595,1435,1
rep1,1.2596,1436,1
rep1,1.2599,1437,1
rep1,1.26,1438,1
rep1,1.26,1439,1
rep1,1.2602,1440,1
rep1,1.2603,1441,1
rep1,1.2608,1442,1
rep1,1.2611,1443,1
rep1,1.2615,1444,1
rep1,1.2616,1445,1
rep1,1.2618,1446,1
rep1,1.262,1447,1
rep1,1.2621,1448,1
rep1,1.2625,1449,1
rep1,1.2627,1450,1
rep1,1.2633,1451,1
rep1,1.2633,1452,1
rep1,1.2635,1453,1
rep1,1.2643,1454,1
rep1,1.2643,1455,1
rep1,1.2646,1456,1
rep1,1.2647,1457,1
rep1,1.2648,1458,1
rep1,1.2652,1459,1
rep1,1.2654,1460,1
rep1,1.2657,1461,1
rep1,1.2658,1462,1
rep1,1.2661,1463,1
rep1,1.2665,1464,1
rep1,1.2669,1465,1
rep1,1.2672,1466,1
rep1,1.2677,1467,1
rep1,1.2684,1468,1
rep1,1.2687,1469,1
rep1,1.2689,1470,1
rep1,1.2691,1471,1
rep1,1.2693,1472,1
rep1,1.2694,1473,1
rep1,1.2697,1474,1
rep1,1.2698,1475,1
rep1,1.2699,1476,1
rep1,1.2706,1477,1
rep1,1.2706,1478,1
rep1,1.2707,1479,1
rep1,1.2716,1480,1
rep1,1.2718,1481,1
rep1,1.2719,1482,1
rep1,1.2719,1483,1
rep1,1.272,1484,1
rep1,1.2721,1485,1
rep1,1.2722,1486,1
rep1,1.2723,1487,1
rep1,1.2724,1488,1
rep1,1.2725,1489,1
rep1,1.2725,1490,1
rep1,1.2727,1491,1
rep1,1.2732,1492,1
rep1,1.2739,1493,1
rep1,1.274,1494,1
rep1,1.2745,1495,1
rep1,1.2745,1496,1
rep1,1.2749,1497,1
rep1,1.275,1498,1
rep1,1.275,1499,1
rep1,1.2752,1500,1
rep1,1.2754,1501,1
rep1,1.2757,1502,1
rep1,1.2758,1503,1
rep1,1.2759,1504,1
rep1,1.2768,1505,1
rep1,1.2769,1506,1
rep1,1.277,1507,1
rep1,1.2772,1508,1
rep1,1.2772,1509,1
rep1,1.2773,1510,1
rep1,1.2775,1511,1
rep1,1.2775,1512,1
rep1,1.2781,1513,1
rep1,1.2782,1514,1
rep1,1.2783,1515,1
rep1,1.2784,1516,1
rep1,1.2795,1517,1
rep1,1.2796,1518,1
rep1,1.2796,1519,1
rep1,1.2797,1520,1
rep1,1.28,1521,1
rep1,1.2801,1522,1
rep1,1.2801,1523,1
rep1,1.2803,1524,1
rep1,1.2803,1525,1
rep1,1.2806,1526,1
rep1,1.2807,1527,1
rep1,1.2808,1528,1
rep1,1.2808,1529,1
rep1,1.2809,1530,1
rep1,1.2813,1531,1
rep1,1.2815,1532,1
rep1,1.2816,1533,1
rep1,1.2821,1534,1
rep1,1.2824,1535,1
rep1,1.2831,1536,1
rep1,1.2834,1537,1
rep1,1.2834,1538,1
rep1,1.2834,1539,1
rep1,1.2838,1540,1
rep1,1.2838,1541,1
rep1,1.2839,1542,1
rep1,1.284,1543,1
rep1,1.2842,1544,1
rep1,1.2844,1545,1
rep1,1.2846,1546,1
rep1,1.2847,1547,1
rep1,1.2852,1548,1
rep1,1.2857,1549,1
rep1,1.2859,1550,1
rep1,1.2866,1551,1
rep1,1.2868,1552,1
rep1,1.2869,1553,1
rep1,1.2872,1554,1
rep1,1.2876,1555,1
rep1,1.2883,1556,1
rep1,1.2883,1557,1
rep1,1.2885,1558,1
rep1,1.2885,1559,1
rep1,1.289,1560,1
rep1,1.289,1561,1
rep1,1.2891,1562,1
rep1,1.2891,1563,1
rep1,1.2892,1564,1
rep1,1.2893,1565,1
rep1,1.2895,1566,1
rep1,1.29,1567,1
rep1,1.2905,1568,1
rep1,1.291,1569,1
rep1,1.2911,1570,1
rep1,1.2912,1571,1
rep1,1.2915,1572,1
rep1,1.2915,1573,1
rep1,1.2917,1574,1
rep1,1.2918,1575,1
rep1,1.2923,1576,1
rep1,1.2926,1577,1
rep1,1.2929,1578,1
rep1,1.2931,1579,1
rep1,1.2931,1580,1
rep1,1.2934,1581,1
rep1,1.2935,1582,1
rep1,1.2941,1583,1
rep1,1.2941,1584,1
rep1,1.2943,1585,1
rep1,1.2943,1586,1
rep1,1.2943,1587,1
rep1,1.2945,1588,1
rep1,1.2953,1589,1
rep1,1.296,1590,1
rep1,1.2961,1591,1
rep1,1.2962,1592,1
rep1,1.2965,1593,1
rep1,1.2965,1594,1
rep1,1.2967,1595,1
rep1,1.297,1596,1
rep1,1.298,1597,1
rep1,1.2983,1598,1
rep1,1.2985,1599,1
rep1,1.299,1600,1
rep1,1.2994,1601,1
rep1,1.3002,1602,1
rep1,1.3004,1603,1
rep1,1.3016,1604,1
rep1,1.3018,1605,1
rep1,1.3023,1606,1
rep1,1.3031,1607,1
rep1,1.3034,1608,1
rep1,1.3035,1609,1
rep1,1.3036,1610,1
rep1,1.3041,1611,1
rep1,1.3043,1612,1
rep1,1.3045,1613,1
rep1,1.3047,1614,1
rep1,1.3047,1615,1
rep1,1.3049,1616,1
rep1,1.3051,1617,1
rep1,1.3054,1618,1
rep1,1.3058,1619,1
rep1,1.3061,1620,1
rep1,1.3064,1621,1
rep1,1.3065,1622,1
rep1,1.3073,1623,1
rep1,1.3076,1624,1
rep1,1.3079,1625,1
rep1,1.3086,1626,1
rep1,1.3088,1627,1
rep1,1.3088,1628,1
rep1,1.3088,1629,1
rep1,1.3091,1630,1
rep1,1.3092,1631,1
rep1,1.3093,1632,1
rep1,1.3095,1633,1
rep1,1.3096,1634,1
rep1,1.3096,1635,1
rep1,1.3097,1636,1
rep1,1.3107,1637,1
rep1,1.3112,1638,1
rep1,1.3114,1639,1
rep1,1.3115,1640,1
rep1,1.3121,1641,1
rep1,1.3122,1642,1
rep1,1.3123,1643,1
rep1,1.3125,1644,1
rep1,1.3126,1645,1
rep1,1.313,1646,1
rep1,1.3131,1647,1
rep1,1.3132,1648,1
rep1,1.3138,1649,1
rep1,1.314,1650,1
rep1,1.3146,1651,1
rep1,1.3152,1652,1
rep1,1.3152,1653,1
rep1,1.3152,1654,1
rep1,1.3161,1655,1
rep1,1.3163,1656,1
rep1,1.3164,1657,1
rep1,1.3164,1658,1
rep1,1.3164,1659,1
rep1,1.3169,1660,1
rep1,1.3171,1661,1
rep1,1.3177,1662,1
rep1,1.3177,1663,1
rep1,1.3177,1664,1
rep1,1.3181,1665,1
rep1,1.3191,1666,1
rep1,1.3194,1667,1
rep1,1.32,1668,1
rep1,1.3201,1669,1
rep1,1.3206,1670,1
rep1,1.3211,1671,1
rep1,1.3211,1672,1
rep1,1.3212,1673,1
rep1,1.3216,1674,1
rep1,1.3218,1675,1
rep1,1.3226,1676,1
rep1,1.3235,1677,1
rep1,1.324,1678,1
rep1,1.3241,1679,1
rep1,1.3241,1680,1
rep1,1.3241,1681,1
rep1,1.3242,1682,1
rep1,1.3243,1683,1
rep1,1.3248,1684,1
rep1,1.3249,1685,1
rep1,1.3254,1686,1
rep1,1.3258,1687,1
rep1,1.3265,1688,1
rep1,1.3266,1689,1
rep1,1.3268,1690,1
rep1,1.3271,1691,1
rep1,1.3271,1692,1
rep1,1.3282,1693,1
rep1,1.3285,1694,1
rep1,1.3288,1695,1
rep1,1.3292,1696,1
rep1,1.3295,1697,1
rep1,1.3296,1698,1
rep1,1.33,1699,1
rep1,1.3301,1700,1
rep1,1.3315,1701,1
rep1,1.3319,1702,1
rep1,1.332,1703,1
rep1,1.3327,1704,1
rep1,1.3328,1705,1
rep1,1.3331,1706,1
rep1,1.3332,1707,1
rep1,1.3333,1708,1
rep1,1.3335,1709,1
rep1,1.3335,1710,1
rep1,1.3335,1711,1
rep1,1.3336,1712,1
rep1,1.3337,1713,1
rep1,1.3339,1714,1
rep1,1.334,1715,1
rep1,1.3342,1716,1
rep1,1.3346,1717,1
rep1,1.3346,1718,1
rep1,1.335,1719,1
rep1,1.335,1720,1
rep1,1.3351,1721,1
rep1,1.3361,1722,1
rep1,1.3367,1723,1
rep1,1.3368,1724,1
rep1,1.3369,1725,1
rep1,1.3371,1726,1
rep1,1.3374,1727,1
rep1,1.3379,1728,1
rep1,1.3383,1729,1
rep1,1.3383,1730,1
rep1,1.3389,1731,1
rep1,1.339,1732,1
rep1,1.339,1733,1
rep1,1.3394,1734,1
rep1,1.3395,1735,1
rep1,1.3398,1736,1
rep1,1.34,1737,1
rep1,1.3401,1738,1
rep1,1.3402,1739,1
rep1,1.3408,1740,1
rep1,1.3412,1741,1
rep1,1.3419,1742,1
rep1,1.3419,1743,1
rep1,1.3421,1744,1
rep1,1.343,1745,1
rep1,1.3437,1746,1
rep1,1.3437,1747,1
rep1,1.3439,1748,1
rep1,1.344,1749,1
rep1,1.3444,1750,1
rep1,1.3447,1751,1
rep1,1.3461,1752,1
rep1,1.3464,1753,1
rep1,1.3464,1754,1
rep1,1.3464,1755,1
rep1,1.3469,1756,1
rep1,1.3469,1757,1
rep1,1.3475,1758,1
rep1,1.348,1759,1
rep1,1.3486,1760,1
rep1,1.3486,1761,1
rep1,1.349,1762,1
rep1,1.349,1763,1
rep1,1.3494,1764,1
rep1,1.3514,1765,1
rep1,1.3518,1766,1
rep1,1.3527,1767,1
rep1,1.3536,1768,1
rep1,1.3538,1769,1
rep1,1.3549,1770,1
rep1,1.3554,1771,1
rep1,1.3554,1772,1
rep1,1.3558,1773,1
rep1,1.3563,1774,1
rep1,1.3565,1775,1
rep1,1.3566,1776,1
rep1,1.3569,1777,1
rep1,1.3576,1778,1
rep1,1.3576,1779,1
rep1,1.358,1780,1
rep1,1.3582,1781,1
rep1,1.3584,1782,1
rep1,1.3588,1783,1
rep1,1.3598,1784,1
rep1,1.3604,1785,1
rep1,1.3606,1786,1
rep1,1.3608,1787,1
rep1,1.3609,1788,1
rep1,1.3611,1789,1
rep1,1.3614,1790,1
rep1,1.3622,1791,1
rep1,1.3624,1792,1
rep1,1.3625,1793,1
rep1,1.3639,1794,1
rep1,1.364,1795,1
rep1,1.3644,1796,1
rep1,1.3649,1797,1
rep1,1.365,1798,1
rep1,1.3664,1799,1
rep1,1.3676,1800,1
rep1,1.3679,1801,1
rep1,1.368,1802,1
rep1,1.3683,1803,1
rep1,1.3685,1804,1
rep1,1.3688,1805,1
rep1,1.3691,1806,1
rep1,1.3691,1807,1
rep1,1.3695,1808,1
rep1,1.3699,1809,1
rep1,1.3701,1810,1
rep1,1.3703,1811,1
rep1,1.3706,1812,1
rep1,1.3709,1813,1
rep1,1.3719,1814,1
rep1,1.3725,1815,1
rep1,1.3726,1816,1
rep1,1.3726,1817,1
rep1,1.3728,1818,1
rep1,1.3737,1819,1
rep1,1.3742,1820,1
rep1,1.3744,1821,1
rep1,1.3745,1822,1
rep1,1.3749,1823,1
rep1,1.3763,1824,1
rep1,1.3771,1825,1
rep1,1.3789,1826,1
rep1,1.3792,1827,1
rep1,1.3804,1828,1
rep1,1.3816,1829,1
rep1,1.3822,1830,1
rep1,1.3823,1831,1
rep1,1.3826,1832,1
rep1,1.3827,1833,1
rep1,1.3831,1834,1
rep1,1.3838,1835,1
rep1,1.3839,1836,1
rep1,1.384,1837,1
rep1,1.3842,1838,1
rep1,1.3845,1839,1
rep1,1.3845,1840,1
rep1,1.3848,1841,1
rep1,1.3853,1842,1
rep1,1.3856,1843,1
rep1,1.3856,1844,1
rep1,1.3858,1845,1
rep1,1.3859,1846,1
rep1,1.3865,1847,1
rep1,1.3874,1848,1
rep1,1.3878,1849,1
rep1,1.3882,1850,1
rep1,1.3887,1851,1
rep1,1.3891,1852,1
rep1,1.391,1853,1
rep1,1.3911,1854,1
rep1,1.3938,1855,1
rep1,1.394,1856,1
rep1,1.3943,1857,1
rep1,1.3946,1858,1
rep1,1.395,1859,1
rep1,1.3957,1860,1
rep1,1.3962,1861,1
rep1,1.3965,1862,1
rep1,1.3971,1863,1
rep1,1.3982,1864,1
rep1,1.3985,1865,1
rep1,1.399,1866,1
rep1,1.4004,1867,1
rep1,1.4011,1868,1
rep1,1.4017,1869,1
rep1,1.4024,1870,1
rep1,1.4032,1871,1
rep1,1.4034,1872,1
rep1,1.4039,1873,1
rep1,1.4053,1874,1
rep1,1.4061,1875,1
rep1,1.4064,1876,1
rep1,1.407,1877,1
rep1,1.4074,1878,1
rep1,1.4083,1879,1
rep1,1.4099,1880,1
rep1,1.4104,1881,1
rep1,1.4109,1882,1
rep1,1.4112,1883,1
rep1,1.4113,1884,1
rep1,1.4136,1885,1
rep1,1.4138,1886,1
rep1,1.4144,1887,1
rep1,1.4146,1888,1
rep1,1.4155,1889,1
rep1,1.4161,1890,1
rep1,1.4192,1891,1
rep1,1.4196,1892,1
rep1,1.4209,1893,1
rep1,1.4213,1894,1
rep1,1.4216,1895,1
rep1,1.4218,1896,1
rep1,1.4224,1897,1
rep1,1.4224,1898,1
rep1,1.4228,1899,1
rep1,1.4228,1900,1
rep1,1.4251,1901,1
rep1,1.4253,1902,1
rep1,1.4254,1903,1
rep1,1.4254,1904,1
rep1,1.4264,1905,1
rep1,1.4276,1906,1
rep1,1.4295,1907,1
rep1,1.4295,1908,1
rep1,1.4301,1909,1
rep1,1.4304,1910,1
rep1,1.4308,1911,1
rep1,1.4318,1912,1
rep1,1.4338,1913,1
rep1,1.4355,1914,1
rep1,1.4358,1915,1
rep1,1.436,1916,1
rep1,1.4391,1917,1
rep1,1.4404,1918,1
rep1,1.4406,1919,1
rep1,1.4416,1920,1
rep1,1.4424,1921,1
rep1,1.4432,1922,1
rep1,1.4446,1923,1
rep1,1.445,1924,1
rep1,1.4451,1925,1
rep1,1.4453,1926,1
rep1,1.4463,1927,1
rep1,1.4502,1928,1
rep1,1.4503,1929,1
rep1,1.453,1930,1
rep1,1.4568,1931,1
rep1,1.4572,1932,1
rep1,1.4577,1933,1
rep1,1.4579,1934,1
rep1,1.4588,1935,1
rep1,1.4594,1936,1
rep1,1.4598,1937,1
rep1,1.46,1938,1
rep1,1.4627,1939,1
rep1,1.463,1940,1
rep1,1.4638,1941,1
rep1,1.465,1942,1
rep1,1.4651,1943,1
rep1,1.4674,1944,1
rep1,1.4675,1945,1
rep1,1.4695,1946,1
rep1,1.4695,1947,1
rep1,1.4718,1948,1
rep1,1.4722,1949,1
rep1,1.476,1950,1
rep1,1.4771,1951,1
rep1,1.4774,1952,1
rep1,1.4794,1953,1
rep1,1.4794,1954,1
rep1,1.4798,1955,1
rep1,1.4804,1956,1
rep1,1.4807,1957,1
rep1,1.481,1958,1
rep1,1.4874,1959,1
rep1,1.4879,1960,1
rep1,1.4882,1961,1
rep1,1.4896,1962,1
rep1,1.4928,1963,1
rep1,1.4966,1964,1
rep1,1.4973,1965,1
rep1,1.4981,1966,1
rep1,1.4985,1967,1
rep1,1.4994,1968,1
rep1,1.502,1969,1
rep1,1.5027,1970,1
rep1,1.5053,1971,1
rep1,1.5073,1972,1
rep1,1.508,1973,1
rep1,1.5117,1974,1
rep1,1.5121,1975,1
rep1,1.5141,1976,1
rep1,1.5147,1977,1
rep1,1.516,1978,1
rep1,1.5226,1979,1
rep1,1.5234,1980,1
rep1,1.5239,1981,1
rep1,1.5305,1982,1
rep1,1.5312,1983,1
rep1,1.5324,1984,1
rep1,1.54,1985,1
rep1,1.5438,1986,1
rep1,1.545,1987,1
rep1,1.5475,1988,1
rep1,1.5527,1989,1
rep1,1.5534,1990,1
rep1,1.5544,1991,1
rep1,1.5562,1992,1
rep1,1.5638,1993,1
rep1,1.5659,1994,1
rep1,1.5669,1995,1
rep1,1.5681,1996,1
rep1,1.5712,1997,1
rep1,1.5712,1998,1
rep1,1.584,1999,1
rep1,1.585,2000,1
rep1,1.5929,2001,1
rep1,1.6029,2002,1
rep1,1.6105,2003,1
rep1,1.6122,2004,1
rep1,1.6123,2005,1
rep1,1.6239,2006,1
rep1,1.6322,2007,1
rep1,1.6524,2008,1
rep1,1.6542,2009,1
rep1,1.6704,2010,1
rep1,1.672,2011,1
rep1,1.6734,2012,1
rep1,1.6791,2013,1
rep1,1.6962,2014,1
rep1,1.72,2015,1
rep1,1.7431,2016,1
rep1,1.7541,2017,1
rep1,1.9114,2018,1
rep1,1.9229,2019,1
rep1,1.9429,2020,1
rep1,2.0214,2021,1
rep1,2.0253,2022,1
rep1,2.0555,2023,1
rep1,2.0558,2024,1
rep1,2.0559,2025,1
rep1,2.0563,2026,1
rep1,2.0564,2027,1
rep1,2.0568,2028,1
rep1,2.0573,2029,1
rep1,2.0575,2030,1
rep1,2.0586,2031,1
rep1,2.0586,2032,1
rep1,2.0591,2033,1
rep1,2.0593,2034,1
rep1,2.0594,2035,1
rep1,2.0597,2036,1
rep1,2.0604,2037,1
rep1,2.0607,2038,1
rep1,2.0611,2039,1
rep1,2.062,2040,1
rep1,2.0628,2041,1
rep1,2.0628,2042,1
rep1,2.0629,2043,1
rep1,2.0629,2044,1
rep1,2.0629,2045,1
rep1,2.0634,2046,1
rep1,2.0637,2047,1
rep1,2.0641,2048,1
rep1,2.0654,2049,1
rep1,2.0663,2050,1
rep1,2.0666,2051,1
rep1,2.067,2052,1
rep1,2.0675,2053,1
rep1,2.0678,2054,1
rep1,2.0679,2055,1
rep1,2.0711,2056,1
rep1,2.072,2057,1
rep1,2.088,2058,1
rep1,2.0884,2059,1
rep1,2.0886,2060,1
rep1,2.0887,2061,1
rep1,2.0892,2062,1
rep1,2.0895,2063,1
rep1,2.0897,2064,1
rep1,2.0898,2065,1
rep1,2.0914,2066,1
rep1,2.0916,2067,1
rep1,2.0917,2068,1
rep1,2.0921,2069,1
rep1,2.0922,2070,1
rep1,2.0924,2071,1
rep1,2.0924,2072,1
rep1,2.0925,2073,1
rep1,2.0929,2074,1
rep1,2.0931,2075,1
rep1,2.0931,2076,1
rep1,2.0933,2077,1
rep1,2.0934,2078,1
rep1,2.0946,2079,1
rep1,2.0949,2080,1
rep1,2.0958,2081,1
rep1,2.0959,2082,1
rep1,2.0972,2083,1
rep1,2.0972,2084,1
rep1,2.0975,2085,1
rep1,2.0991,2086,1
rep1,2.0995,2087,1
rep1,2.1007,2088,1
rep1,2.1018,2089,1
rep1,2.1019,2090,1
rep1,2.1035,2091,1
rep1,2.106,2092,1
rep1,2.1062,2093,1
rep1,2.1078,2094,1
rep1,2.1112,2095,1
rep1,2.1116,2096,1
rep1,2.1132,2097,1
rep1,2.1139,2098,1
rep1,2.1183,2099,1
rep1,2.1194,2100,1
rep1,2.1216,2101,1
rep1,2.1216,2102,1
rep1,2.1221,2103,1
rep1,2.1226,2104,1
rep1,2.1229,2105,1
rep1,2.1233,2106,1
rep1,2.1235,2107,1
rep1,2.1236,2108,1
rep1,2.1237,2109,1
rep1,2.1243,2110,1
rep1,2.1253,2111,1
rep1,2.1255,2112,1
rep1,2.1255,2113,1
rep1,2.1263,2114,1
rep1,2.1266,2115,1
rep1,2.1281,2116,1
rep1,2.1287,2117,1
rep1,2.1296,2118,1
rep1,2.1305,2119,1
rep1,2.1309,2120,1
rep1,2.1339,2121,1
rep1,2.1341,2122,1
rep1,2.1345,2123,1
rep1,2.1358,2124,1
rep1,2.1366,2125,1
rep1,2.1394,2126,1
rep1,2.1395,2127,1
rep1,2.1442,2128,1
rep1,2.1446,2129,1
rep1,2.1463,2130,1
rep1,2.1557,2131,1
rep1,2.1569,2132,1
rep1,2.157,2133,1
rep1,2.1573,2134,1
rep1,2.1596,2135,1
rep1,2.1627,2136,1
rep1,2.1645,2137,1
rep1,2.1684,2138,1
rep1,2.1704,2139,1
rep1,2.1725,2140,1
rep1,2.1733,2141,1
rep1,2.1737,2142,1
rep1,2.1776,2143,1
rep1,2.1789,2144,1
rep1,2.1796,2145,1
rep1,2.1801,2146,1
rep1,2.1819,2147,1
rep1,2.1843,2148,1
rep1,2.1846,2149,1
rep1,2.188,2150,1
rep1,2.1885,2151,1
rep1,2.1914,2152,1
rep1,2.1917,2153,1
rep1,2.1917,2154,1
rep1,2.1926,2155,1
rep1,2.1937,2156,1
rep1,2.1972,2157,1
rep1,2.1981,2158,1
rep1,2.2009,2159,1
rep1,2.2012,2160,1
rep1,2.2018,2161,1
rep1,2.2028,2162,1
rep1,2.2036,2163,1
rep1,2.2047,2164,1
rep1,2.2052,2165,1
rep1,2.2052,2166,1
rep1,2.206,2167,1
rep1,2.2066,2168,1
rep1,2.2076,2169,1
rep1,2.2077,2170,1
rep1,2.209,2171,1
rep1,2.2099,2172,1
rep1,2.2117,2173,1
rep1,2.2119,2174,1
rep1,2.212,2175,1
rep1,2.2125,2176,1
rep1,2.2131,2177,1
rep1,2.2135,2178,1
rep1,2.2147,2179,1
rep1,2.2151,2180,1
rep1,2.2157,2181,1
rep1,2.2181,2182,1
rep1,2.2191,2183,1
rep1,2.2192,2184,1
rep1,2.2208,2185,1
rep1,2.2219,2186,1
rep1,2.2241,2187,1
rep1,2.2259,2188,1
rep1,2.226,2189,1
rep1,2.2264,2190,1
rep1,2.2272,2191,1
rep2,1.0168,1,0
rep2,1.0169,2,0
rep2,1.017,3,0
rep2,1.017,4,0
rep2,1.017,5,0
rep2,1.0171,6,0
rep2,1.0172,7,0
rep2,1.0172,8,0
rep2,1.0172,9,0
rep2,1.0174,10,0
rep2,1.0174,11,0
rep2,1.0175,12,0
rep2,1.0176,13,0
rep2,1.0176,14,0
rep2,1.0177,15,0
rep2,1.018,16,0
rep2,1.018,17,0
rep2,1.018,18,0
rep2,1.0181,19,0
rep2,1.0181,20,0
rep2,1.0182,21,0
rep2,1.0182,22,0
rep2,1.0182,23,0
rep2,1.0183,24,0
rep2,1.0183,25,0
rep2,1.0184,26,0
rep2,1.0184,27,0
rep2,1.0185,28,0
rep2,1.0186,29,0
rep2,1.0187,30,0
rep2,1.0189,31,0
rep2,1.019,32,0
rep2,1.019,33,0
rep2,1.0192,34,0
rep2,1.0193,35,0
rep2,1.0193,36,0
rep2,1.0193,37,0
rep2,1.0195,38,0
rep2,1.0196,39,0
rep2,1.0199,40,0
rep2,1.0199,41,0
rep2,1.0201,42,0
rep2,1.0201,43,0
rep2,1.0202,44,0
rep2,1.0202,45,0
rep2,1.0202,46,0
rep2,1.0204,47,0
rep2,1.0204,48,0
rep2,1.0204,49,0
rep2,1.0205,50,0
rep2,1.0206,51,0
rep2,1.0207,52,0
rep2,1.0209,53,0
rep2,1.0209,54,0
rep2,1.0209,55,0
rep2,1.021,56,0
rep2,1.0212,57,0
rep2,1.0212,58,0
rep2,1.0215,59,0
rep2,1.0215,60,0
rep2,1.0215,61,0
rep2,1.0216,62,0
rep2,1.0217,63,0
rep2,1.0218,64,0
rep2,1.0219,65,0
rep2,1.022,66,0
rep2,1.0221,67,0
rep2,1.0223,68,0
rep2,1.0223,69,0
rep2,1.0224,70,0
rep2,1.0224,71,0
rep2,1.0225,72,0
rep2,1.0226,73,0
rep2,1.0226,74,0
rep2,1.0227,75,0
rep2,1.0228,76,0
rep2,1.0228,77,0
rep2,1.023,78,0
rep2,1.0233,79,0
rep2,1.0233,80,0
rep2,1.0235,81,0
rep2,1.0236,82,0
rep2,1.0237,83,0
rep2,1.0237,84,0
rep2,1.0239,85,0
rep2,1.024,86,0
rep2,1.0241,87,0
rep2,1.0242,88,0
rep2,1.0242,89,0
rep2,1.0242,90,0
rep2,1.0242,91,0
rep2,1.0243,92,0
rep2,1.0244,93,0
rep2,1.0246,94,0
rep2,1.0247,95,0
rep2,1.0247,96,0
rep2,1.025,97,0
rep2,1.025,98,0
rep2,1.0253,99,0
rep2,1.0256,100,0
rep2,1.0261,101,0
rep2,1.0262,102,0
rep2,1.0263,103,0
rep2,1.0264,104,0
rep2,1.0264,105,0
rep2,1.0265,106,0
rep2,1.0266,107,0
rep2,1.0267,108,0
rep2,1.0267,109,0
rep2,1.0268,110,0
rep2,1.0271,111,0
rep2,1.0271,112,0
rep2,1.0271,113,0
rep2,1.0274,114,0
rep2,1.0275,115,0
rep2,1.0276,116,0
rep2,1.0277,117,0
rep2,1.0279,118,0
rep2,1.028,119,0
rep2,1.0282,120,0
rep2,1.0282,121,0
rep2,1.0283,122,0
rep2,1.0284,123,0
rep2,1.0286,124,0
rep2,1.0287,125,0
rep2,1.0293,126,0
rep2,1.0293,127,0
rep2,1.0294,128,0
rep2,1.0294,129,0
rep2,1.0296,130,0
rep2,1.0298,131,0
rep2,1.0299,132,0
rep2,1.0301,133,0
rep2,1.0301,134,0
rep2,1.0302,135,0
rep2,1.0303,136,0
rep2,1.0304,137,0
rep2,1.0306,138,0
rep2,1.0306,139,0
rep2,1.0308,140,0
rep2,1.0311,141,0
rep2,1.0315,142,0
rep2,1.0316,143,0
rep2,1.0324,144,0
rep2,1.0326,145,0
rep2,1.0326,146,0
rep2,1.0333,147,0
rep2,1.0334,148,0
rep2,1.0341,149,0
rep2,1.0346,150,0
rep2,1.0346,151,0
rep2,1.0347,152,0
rep2,1.0347,153,0
rep2,1.0348,154,0
rep2,1.0353,155,0
rep2,1.0354,156,0
rep2,1.0355,157,0
rep2,1.0364,158,0
rep2,1.0365,159,0
rep2,1.0366,160,0
rep2,1.0374,161,0
rep2,1.0375,162,0
rep2,1.0389,163,0
rep2,1.0391,164,0
rep2,1.0395,165,0
rep2,1.0402,166,0
rep2,1.0407,167,0
rep2,1.0408,168,0
rep2,1.0414,169,0
rep2,1.042,170,0
rep2,1.0423,171,0
rep2,1.0438,172,0
rep2,1.044,173,0
rep2,1.044,174,0
rep2,1.0441,175,0
rep2,1.0452,176,0
rep2,1.0453,177,0
rep2,1.0459,178,0
rep2,1.0467,179,0
rep2,1.0469,180,0
rep2,1.0469,181,0
rep2,1.0488,182,0
rep2,1.0493,183,0
rep2,1.05,184,0
rep2,1.0501,185,0
rep2,1.0503,186,0
rep2,1.0503,187,0
rep2,1.0504,188,0
rep2,1.0504,189,0
rep2,1.0504,190,0
rep2,1.0505,191,0
rep2,1.0505,192,0
rep2,1.0505,193,0
rep2,1.0506,194,0
rep2,1.0506,195,0
rep2,1.0507,196,0
rep2,1.0507,197,0
rep2,1.0507,198,0
rep2,1.0508,199,0
rep2,1.0508,200,0
rep2,1.0508,201,0
rep2,1.0509,202,0
rep2,1.0509,203,0
rep2,1.0509,204,0
rep2,1.051,205,0
rep2,1.051,206,0
rep2,1.051,207,0
rep2,1.0511,208,0
rep2,1.0511,209,0
rep2,1.0511,210,0
rep2,1.0512,211,0
rep2,1.0512,212,0
rep2,1.0512,213,0
rep2,1.0513,214,0
rep2,1.0513,215,0
rep2,1.0514,216,0
rep2,1.0514,217,0
rep2,1.0514,218,0
rep2,1.0515,219,0
rep2,1.0516,220,0
rep2,1.0516,221,0
rep2,1.0516,222,0
rep2,1.0517,223,0
rep2,1.0517,224,0
rep2,1.0517,225,0
rep2,1.0518,226,0
rep2,1.0518,227,0
rep2,1.0518,228,0
rep2,1.0518,229,0
rep2,1.0519,230,0
rep2,1.052,231,0
rep2,1.052,232,0
rep2,1.052,233,0
rep2,1.0521,234,0
rep2,1.0522,235,0
rep2,1.0522,236,0
rep2,1.0522,237,0
rep2,1.0522,238,0
rep2,1.0523,239,0
rep2,1.0524,240,0
rep2,1.0524,241,0
rep2,1.0524,242,0
rep2,1.0525,243,0
rep2,1.0527,244,0
rep2,1.0527,245,0
rep2,1.0529,246,0
rep2,1.0529,247,0
rep2,1.053,248,0
rep2,1.0531,249,0
rep2,1.0531,250,0
rep2,1.0532,251,0
rep2,1.0532,252,0
rep2,1.0533,253,0
rep2,1.0533,254,0
rep2,1.0534,255,0
rep2,1.0535,256,0
rep2,1.0535,257,0
rep2,1.0535,258,0
rep2,1.0537,259,0
rep2,1.0539,260,0
rep2,1.0539,261,0
rep2,1.054,262,0
rep2,1.054,263,0
rep2,1.0542,264,0
rep2,1.0542,265,0
rep2,1.0543,266,0
rep2,1.0544,267,0
rep2,1.0545,268,0
rep2,1.0545,269,0
rep2,1.0545,270,0
rep2,1.0546,271,0
rep2,1.0546,272,0
rep2,1.0547,273,0
rep2,1.0547,274,0
rep2,1.0548,275,0
rep2,1.0549,276,0
rep2,1.055,277,0
rep2,1.0551,278,0
rep2,1.0551,279,0
rep2,1.0551,280,0
rep2,1.0552,281,0
rep2,1.0553,282,0
rep2,1.0554,283,0
rep2,1.0554,284,0
rep2,1.0555,285,0
rep2,1.0555,286,0
rep2,1.0555,287,0
rep2,1.0557,288,0
rep2,1.0557,289,0
rep2,1.0557,290,0
rep2,1.0558,291,0
rep2,1.056,292,0
rep2,1.0561,293,0
rep2,1.0561,294,0
rep2,1.0562,295,0
rep2,1.0563,296,0
rep2,1.0563,297,0
rep2,1.0563,298,0
rep2,1.0564,299,0
rep2,1.0564,300,0
rep2,1.0564,301,0
rep2,1.0565,302,0
rep2,1.0566,303,0
rep2,1.0566,304,0
rep2,1.0566,305,0
rep2,1.0566,306,0
rep2,1.0566,307,0
rep2,1.0567,308,0
rep2,1.0569,309,0
rep2,1.057,310,0
rep2,1.0571,311,0
rep2,1.0571,312,0
rep2,1.0572,313,0
rep2,1.0573,314,0
rep2,1.0573,315,0
rep2,1.0574,316,0
rep2,1.0574,317,0
rep2,1.0574,318,0
rep2,1.0575,319,0
rep2,1.0575,320,0
rep2,1.0576,321,0
rep2,1.0576,322,0
rep2,1.0577,323,0
rep2,1.0577,324,0
rep2,1.0578,325,0
rep2,1.0578,326,0
rep2,1.0579,327,0
rep2,1.0579,328,0
rep2,1.058,329,0
rep2,1.0581,330,0
rep2,1.0581,331,0
rep2,1.0582,332,0
rep2,1.0582,333,0
rep2,1.0583,334,0
rep2,1.0584,335,0
rep2,1.0584,336,0
rep2,1.0589,337,0
rep2,1.059,338,0
rep2,1.0592,339,0
rep2,1.0592,340,0
rep2,1.0592,341,0
rep2,1.0592,342,0
rep2,1.0592,343,0
rep2,1.0594,344,0
rep2,1.0594,345,0
rep2,1.0594,346,0
rep2,1.0595,347,0
rep2,1.0597,348,0
rep2,1.0598,349,0
rep2,1.0598,350,0
rep2,1.0598,351,0
rep2,1.0599,352,0
rep2,1.0599,353,0
rep2,1.0599,354,0
rep2,1.06,355,0
rep2,1.0601,356,0
rep2,1.0602,357,0
rep2,1.0603,358,0
rep2,1.0605,359,0
rep2,1.0605,360,0
rep2,1.0606,361,0
rep2,1.0606,362,0
rep2,1.0607,363,0
rep2,1.0607,364,0
rep2,1.0608,365,0
rep2,1.0609,366,0
rep2,1.0612,367,0
rep2,1.0613,368,0
rep2,1.0613,369,0
rep2,1.0614,370,0
rep2,1.0622,371,0
rep2,1.0624,372,0
rep2,1.0628,373,0
rep2,1.0628,374,0
rep2,1.0629,375,0
rep2,1.063,376,0
rep2,1.0631,377,0
rep2,1.0633,378,0
rep2,1.0636,379,0
rep2,1.0637,380,0
rep2,1.0637,381,0
rep2,1.0637,382,0
rep2,1.0638,383,0
rep2,1.0642,384,0
rep2,1.0643,385,0
rep2,1.0644,386,0
rep2,1.0647,387,0
rep2,1.0647,388,0
rep2,1.0648,389,0
rep2,1.0649,390,0
rep2,1.0649,391,0
rep2,1.0652,392,0
rep2,1.0656,393,0
rep2,1.0656,394,0
rep2,1.0657,395,0
rep2,1.0658,396,0
rep2,1.066,397,0
rep2,1.0662,398,0
rep2,1.0662,399,0
rep2,1.0663,400,0
rep2,1.0667,401,0
rep2,1.0669,402,0
rep2,1.0672,403,0
rep2,1.0673,404,0
rep2,1.0674,405,0
rep2,1.0675,406,0
rep2,1.068,407,0
rep2,1.0682,408,0
rep2,1.0682,409,0
rep2,1.0684,410,0
rep2,1.0685,411,0
rep2,1.0686,412,0
rep2,1.0688,413,0
rep2,1.0689,414,0
rep2,1.0691,415,0
rep2,1.0693,416,0
rep2,1.0694,417,0
rep2,1.0697,418,0
rep2,1.0698,419,0
rep2,1.0701,420,0
rep2,1.0702,421,0
rep2,1.0702,422,0
rep2,1.0702,423,0
rep2,1.0707,424,0
rep2,1.0708,425,0
rep2,1.0708,426,0
rep2,1.071,427,0
rep2,1.0713,428,0
rep2,1.0718,429,0
rep2,1.0718,430,0
rep2,1.072,431,0
rep2,1.072,432,0
rep2,1.0721,433,0
rep2,1.0721,434,0
rep2,1.0723,435,0
rep2,1.0725,436,0
rep2,1.0726,437,0
rep2,1.0727,438,0
rep2,1.073,439,0
rep2,1.0734,440,0
rep2,1.0737,441,0
rep2,1.0738,442,0
rep2,1.0738,443,0
rep2,1.0742,444,0
rep2,1.0743,445,0
rep2,1.0744,446,0
rep2,1.0746,447,0
rep2,1.075,448,0
rep2,1.0751,449,0
rep2,1.0752,450,0
rep2,1.0758,451,0
rep2,1.076,452,0
rep2,1.0763,453,0
rep2,1.0767,454,0
rep2,1.077,455,0
rep2,1.0773,456,0
rep2,1.0774,457,0
rep2,1.0777,458,0
rep2,1.0784,459,0
rep2,1.0787,460,0
rep2,1.0793,461,0
rep2,1.0793,462,0
rep2,1.0793,463,0
rep2,1.0794,464,0
rep2,1.0794,465,0
rep2,1.0794,466,0
rep2,1.0795,467,0
rep2,1.0795,468,0
rep2,1.0796,469,0
rep2,1.0806,470,0
rep2,1.0811,471,0
rep2,1.0832,472,0
rep2,1.0834,473,0
rep2,1.0837,474,0
rep2,1.0838,475,0
rep2,1.0839,476,0
rep2,1.084,477,0
rep2,1.0841,478,0
rep2,1.0843,479,0
rep2,1.0844,480,0
rep2,1.0846,481,0
rep2,1.0849,482,0
rep2,1.085,483,0
rep2,1.0851,484,0
rep2,1.0855,485,0
rep2,1.0856,486,0
rep2,1.0857,487,0
rep2,1.0859,488,0
rep2,1.086,489,0
rep2,1.0862,490,0
rep2,1.0862,491,0
rep2,1.0863,492,0
rep2,1.0868,493,0
rep2,1.0869,494,0
rep2,1.087,495,0
rep2,1.087,496,0
rep2,1.0871,497,0
rep2,1.0873,498,0
rep2,1.0875,499,0
rep2,1.0875,500,0
rep2,1.0876,501,0
rep2,1.0876,502,0
rep2,1.088,503,0
rep2,1.088,504,0
rep2,1.0881,505,0
rep2,1.0882,506,0
rep2,1.0884,507,0
rep2,1.0885,508,0
rep2,1.0886,509,0
rep2,1.0888,510,0
rep2,1.0888,511,0
rep2,1.089,512,0
rep2,1.0891,513,0
rep2,1.0891,514,0
rep2,1.0892,515,0
rep2,1.0892,516,0
rep2,1.0893,517,0
rep2,1.0893,518,0
rep2,1.0894,519,0
rep2,1.0894,520,0
rep2,1.0895,521,0
rep2,1.0895,522,0
rep2,1.0898,523,0
rep2,1.0898,524,0
rep2,1.09,525,0
rep2,1.0907,526,0
rep2,1.0908,527,0
rep2,1.0914,528,0
rep2,1.0915,529,0
rep2,1.0915,530,0
rep2,1.0916,531,0
rep2,1.0916,532,0
rep2,1.0923,533,0
rep2,1.0925,534,0
rep2,1.0925,535,0
rep2,1.0926,536,0
rep2,1.0928,537,0
rep2,1.093,538,0
rep2,1.0931,539,0
rep2,1.0932,540,0
rep2,1.0933,541,0
rep2,1.0935,542,0
rep2,1.0935,543,0
rep2,1.0936,544,0
rep2,1.0936,545,0
rep2,1.0937,546,0
rep2,1.0938,547,0
rep2,1.0939,548,0
rep2,1.094,549,0
rep2,1.094,550,0
rep2,1.0941,551,0
rep2,1.0942,552,0
rep2,1.0942,553,0
rep2,1.0945,554,0
rep2,1.0947,555,0
rep2,1.0951,556,0
rep2,1.0951,557,0
rep2,1.0953,558,0
rep2,1.0954,559,0
rep2,1.0954,560,0
rep2,1.0956,561,0
rep2,1.0957,562,0
rep2,1.0959,563,0
rep2,1.0962,564,0
rep2,1.0967,565,0
rep2,1.0975,566,0
rep2,1.0976,567,0
rep2,1.0976,568,0
rep2,1.0979,569,0
rep2,1.0981,570,0
rep2,1.0981,571,0
rep2,1.0982,572,0
rep2,1.0983,573,0
rep2,1.0983,574,0
rep2,1.0986,575,0
rep2,1.0986,576,0
rep2,1.0987,577,0
rep2,1.0987,578,0
rep2,1.0989,579,0
rep2,1.0989,580,0
rep2,1.099,581,0
rep2,1.0992,582,0
rep2,1.0995,583,0
rep2,1.0996,584,0
rep2,1.1004,585,0
rep2,1.1005,586,0
rep2,1.1005,587,0
rep2,1.1006,588,0
rep2,1.1006,589,0
rep2,1.101,590,0
rep2,1.1011,591,0
rep2,1.1016,592,0
rep2,1.1017,593,0
rep2,1.102,594,0
rep2,1.1021,595,0
rep2,1.1023,596,0
rep2,1.103,597,0
rep2,1.103,598,0
rep2,1.1031,599,0
rep2,1.1036,600,0
rep2,1.1038,601,0
rep2,1.1039,602,0
rep2,1.104,603,0
rep2,1.1041,604,0
rep2,1.1045,605,0
rep2,1.1046,606,0
rep2,1.1047,607,0
rep2,1.1048,608,0
rep2,1.1055,609,0
rep2,1.1055,610,0
rep2,1.1058,611,0
rep2,1.1059,612,0
rep2,1.1061,613,0
rep2,1.1063,614,0
rep2,1.1066,615,0
rep2,1.1066,616,0
rep2,1.1067,617,0
rep2,1.1068,618,0
rep2,1.1069,619,0
rep2,1.107,620,0
rep2,1.1076,621,0
rep2,1.1077,622,0
rep2,1.1077,623,0
rep2,1.1079,624,0
rep2,1.1082,625,0
rep2,1.1083,626,0
rep2,1.1084,627,0
rep2,1.1088,628,0
rep2,1.1088,629,0
rep2,1.109,630,0
rep2,1.1092,631,0
rep2,1.1092,632,0
rep2,1.1094,633,0
rep2,1.1094,634,0
rep2,1.11,635,0
rep2,1.1101,636,0
rep2,1.1104,637,0
rep2,1.1107,638,0
rep2,1.1107,639,0
rep2,1.1111,640,0
rep2,1.1113,641,0
rep2,1.1115,642,0
rep2,1.1119,643,0
rep2,1.112,644,0
rep2,1.1121,645,0
rep2,1.1122,646,0
rep2,1.1124,647,0
rep2,1.1126,648,0
rep2,1.1129,649,0
rep2,1.113,650,0
rep2,1.1131,651,0
rep2,1.1131,652,0
rep2,1.1132,653,0
rep2,1.1133,654,0
rep2,1.1136,655,0
rep2,1.1138,656,0
rep2,1.1138,657,0
rep2,1.114,658,0
rep2,1.1143,659,0
rep2,1.1146,660,0
rep2,1.1146,661,0
rep2,1.1146,662,0
rep2,1.1151,663,0
rep2,1.1152,664,0
rep2,1.1155,665,0
rep2,1.1157,666,0
rep2,1.116,667,0
rep2,1.1163,668,0
rep2,1.1166,669,0
rep2,1.1172,670,0
rep2,1.1173,671,0
rep2,1.1173,672,0
rep2,1.1178,673,0
rep2,1.1178,674,0
rep2,1.1179,675,0
rep2,1.118,676,0
rep2,1.1184,677,0
rep2,1.1186,678,0
rep2,1.1194,679,0
rep2,1.1197,680,0
rep2,1.1198,681,0
rep2,1.1198,682,0
rep2,1.12,683,0
rep2,1.1201,684,0
rep2,1.1203,685,0
rep2,1.1204,686,0
rep2,1.1205,687,0
rep2,1.1206,688,0
rep2,1.1208,689,0
rep2,1.121,690,0
rep2,1.1216,691,0
rep2,1.1219,692,0
rep2,1.122,693,0
rep2,1.1221,694,0
rep2,1.1221,695,0
rep2,1.1222,696,0
rep2,1.1222,697,0
rep2,1.1223,698,0
rep2,1.1223,699,0
rep2,1.123,700,0
rep2,1.1231,701,0
rep2,1.1231,702,0
rep2,1.1233,703,0
rep2,1.1234,704,0
rep2,1.1234,705,0
rep2,1.1236,706,0
rep2,1.1237,707,0
rep2,1.1237,708,0
rep2,1.1238,709,0
rep2,1.1241,710,0
rep2,1.1243,711,0
rep2,1.1245,712,0
rep2,1.1246,713,0
rep2,1.1246,714,0
rep2,1.1248,715,0
rep2,1.1249,716,0
rep2,1.1249,717,0
rep2,1.125,718,0
rep2,1.1251,719,0
rep2,1.1251,720,0
rep2,1.1253,721,0
rep2,1.1254,722,0
rep2,1.1255,723,0
rep2,1.1256,724,0
rep2,1.1258,725,0
rep2,1.1261,726,0
rep2,1.1261,727,0
rep2,1.1262,728,0
rep2,1.1263,729,0
rep2,1.1265,730,0
rep2,1.1266,731,0
rep2,1.1267,732,0
rep2,1.1267,733,0
rep2,1.1269,734,0
rep2,1.127,735,0
rep2,1.1271,736,0
rep2,1.1271,737,0
rep2,1.1273,738,0
rep2,1.1276,739,0
rep2,1.1276,740,0
rep2,1.1278,741,0
rep2,1.1285,742,0
rep2,1.1289,743,0
rep2,1.1296,744,0
rep2,1.1296,745,0
rep2,1.1297,746,0
rep2,1.1298,747,0
rep2,1.1299,748,0
rep2,1.1301,749,0
rep2,1.1301,750,0
rep2,1.1305,751,0
rep2,1.1307,752,0
rep2,1.1308,753,0
rep2,1.1311,754,0
rep2,1.1311,755,0
rep2,1.1315,756,0
rep2,1.1317,757,0
rep2,1.1319,758,0
rep2,1.1322,759,0
rep2,1.1322,760,0
rep2,1.1326,761,0
rep2,1.1327,762,0
rep2,1.1327,763,0
rep2,1.1329,764,0
rep2,1.1335,765,0
rep2,1.1336,766,0
rep2,1.1339,767,0
rep2,1.134,768,0
rep2,1.1343,769,0
rep2,1.1346,770,0
rep2,1.1348,771,0
rep2,1.1349,772,0
rep2,1.135,773,0
rep2,1.135,774,0
rep2,1.1353,775,0
rep2,1.1354,776,0
rep2,1.1356,777,0
rep2,1.1361,778,0
rep2,1.1363,779,0
rep2,1.1363,780,0
rep2,1.1364,781,0
rep2,1.1366,782,0
rep2,1.1366,783,0
rep2,1.1367,784,0
rep2,1.137,785,0
rep2,1.1371,786,0
rep2,1.1375,787,0
rep2,1.1378,788,0
rep2,1.1378,789,0
rep2,1.1379,790,0
rep2,1.1382,791,0
rep2,1.1383,792,0
rep2,1.1387,793,0
rep2,1.1389,794,0
rep2,1.139,795,0
rep2,1.1391,796,0
rep2,1.1393,797,0
rep2,1.1393,798,0
rep2,1.1395,799,0
rep2,1.1399,800,0
rep2,1.1405,801,0
rep2,1.1407,802,0
rep2,1.1411,803,0
rep2,1.1411,804,0
rep2,1.1413,805,0
rep2,1.1414,806,0
rep2,1.1416,807,0
rep2,1.1417,808,0
rep2,1.1418,809,0
rep2,1.1419,810,0
rep2,1.1419,811,0
rep2,1.1421,812,0
rep2,1.1422,813,0
rep2,1.1429,814,0
rep2,1.1429,815,0
rep2,1.1431,816,0
rep2,1.1431,817,0
rep2,1.1435,818,0
rep2,1.1437,819,0
rep2,1.1439,820,0
rep2,1.1441,821,0
rep2,1.1442,822,0
rep2,1.1444,823,0
rep2,1.1445,824,0
rep2,1.1446,825,0
rep2,1.1448,826,0
rep2,1.1449,827,0
rep2,1.145,828,0
rep2,1.145,829,0
rep2,1.1452,830,0
rep2,1.1454,831,0
rep2,1.1457,832,0
rep2,1.1458,833,0
rep2,1.1461,834,0
rep2,1.1462,835,0
rep2,1.1463,836,0
rep2,1.1463,837,0
rep2,1.1467,838,0
rep2,1.1467,839,0
rep2,1.1468,840,0
rep2,1.1472,841,0
rep2,1.1473,842,0
rep2,1.1474,843,0
rep2,1.1474,844,0
rep2,1.1477,845,0
rep2,1.1479,846,0
rep2,1.148,847,0
rep2,1.148,848,0
rep2,1.1481,849,0
rep2,1.1483,850,0
rep2,1.1484,851,0
rep2,1.1487,852,0
rep2,1.1488,853,0
rep2,1.1488,854,0
rep2,1.1491,855,0
rep2,1.1492,856,0
rep2,1.1494,857,0
rep2,1.1495,858,0
rep2,1.1497,859,0
rep2,1.1499,860,0
rep2,1.1501,861,0
rep2,1.1506,862,0
rep2,1.1507,863,0
rep2,1.1508,864,0
rep2,1.151,865,0
rep2,1.1512,866,0
rep2,1.1515,867,0
rep2,1.1515,868,0
rep2,1.1517,869,0
rep2,1.1517,870,0
rep2,1.1518,871,0
rep2,1.152,872,0
rep2,1.1521,873,0
rep2,1.1522,874,0
rep2,1.1523,875,0
rep2,1.1525,876,0
rep2,1.1525,877,0
rep2,1.1527,878,0
rep2,1.1528,879,0
rep2,1.1529,880,0
rep2,1.1531,881,0
rep2,1.1531,882,0
rep2,1.1533,883,0
rep2,1.1534,884,0
rep2,1.1534,885,0
rep2,1.1534,886,0
rep2,1.1535,887,0
rep2,1.1537,888,0
rep2,1.1537,889,0
rep2,1.1537,890,0
rep2,1.1538,891,0
rep2,1.1541,892,0
rep2,1.1545,893,0
rep2,1.1546,894,0
rep2,1.1546,895,0
rep2,1.1549,896,0
rep2,1.155,897,0
rep2,1.155,898,0
rep2,1.1553,899,0
rep2,1.1555,900,0
rep2,1.1555,901,0
rep2,1.1555,902,0
rep2,1.1557,903,0
rep2,1.1557,904,0
rep2,1.1558,905,0
rep2,1.1562,906,0
rep2,1.1565,907,0
rep2,1.1566,908,0
rep2,1.1567,909,0
rep2,1.1567,910,0
rep2,1.1569,911,0
rep2,1.1573,912,0
rep2,1.1576,913,0
rep2,1.1576,914,0
rep2,1.1578,915,0
rep2,1.1579,916,0
rep2,1.1579,917,0
rep2,1.1581,918,0
rep2,1.1584,919,0
rep2,1.1587,920,0
rep2,1.159,921,0
rep2,1.1591,922,0
rep2,1.1597,923,0
rep2,1.1598,924,0
rep2,1.16,925,0
rep2,1.16,926,0
rep2,1.1601,927,0
rep2,1.1602,928,0
rep2,1.1603,929,0
rep2,1.1604,930,0
rep2,1.1606,931,0
rep2,1.1607,932,0
rep2,1.1607,933,0
rep2,1.1609,934,0
rep2,1.1609,935,0
rep2,1.1613,936,0
rep2,1.1616,937,0
rep2,1.1617,938,0
rep2,1.1618,939,0
rep2,1.1622,940,0
rep2,1.1623,941,0
rep2,1.1625,942,0
rep2,1.1628,943,0
rep2,1.1629,944,0
rep2,1.1632,945,0
rep2,1.1634,946,0
rep2,1.1634,947,0
rep2,1.1635,948,0
rep2,1.1636,949,0
rep2,1.1636,950,0
rep2,1.1637,951,0
rep2,1.1638,952,0
rep2,1.1639,953,0
rep2,1.1651,954,0
rep2,1.1652,955,0
rep2,1.1657,956,0
rep2,1.1658,957,0
rep2,1.1659,958,0
rep2,1.1659,959,0
rep2,1.1661,960,0
rep2,1.1664,961,0
rep2,1.1665,962,0
rep2,1.1667,963,0
rep2,1.1672,964,0
rep2,1.1673,965,0
rep2,1.1674,966,0
rep2,1.1675,967,0
rep2,1.1677,968,0
rep2,1.1677,969,0
rep2,1.1679,970,0
rep2,1.1679,971,0
rep2,1.168,972,0
rep2,1.1683,973,0
rep2,1.1683,974,0
rep2,1.1693,975,0
rep2,1.1693,976,0
rep2,1.1693,977,0
rep2,1.1696,978,0
rep2,1.1697,979,0
rep2,1.1699,980,0
rep2,1.17,981,0
rep2,1.1702,982,0
rep2,1.1705,983,0
rep2,1.1709,984,0
rep2,1.1709,985,0
rep2,1.171,986,0
rep2,1.171,987,0
rep2,1.171,988,0
rep2,1.1711,989,0
rep2,1.1714,990,0
rep2,1.1714,991,0
rep2,1.1715,992,0
rep2,1.1715,993,0
rep2,1.1717,994,0
rep2,1.1719,995,0
rep2,1.1723,996,0
rep2,1.1723,997,0
rep2,1.1724,998,0
rep2,1.1724,999,0
rep2,1.1725,1000,0
rep2,1.1725,1001,0
rep2,1.1726,1002,0
rep2,1.1729,1003,0
rep2,1.1731,1004,0
rep2,1.1732,1005,0
rep2,1.1738,1006,0
rep2,1.174,1007,0
rep2,1.1743,1008,0
rep2,1.175,1009,0
rep2,1.175,1010,0
rep2,1.1751,1011,0
rep2,1.1752,1012,0
rep2,1.1753,1013,0
rep2,1.1755,1014,0
rep2,1.1756,1015,0
rep2,1.1757,1016,0
rep2,1.1758,1017,0
rep2,1.1763,1018,0
rep2,1.1763,1019,0
rep2,1.1765,1020,0
rep2,1.1765,1021,0
rep2,1.1766,1022,0
rep2,1.1767,1023,0
rep2,1.1767,1024,0
rep2,1.1769,1025,0
rep2,1.1771,1026,0
rep2,1.1771,1027,0
rep2,1.1775,1028,0
rep2,1.1776,1029,0
rep2,1.1776,1030,0
rep2,1.1787,1031,0
rep2,1.1788,1032,0
rep2,1.1789,1033,0
rep2,1.1793,1034,0
rep2,1.1796,1035,0
rep2,1.1797,1036,0
rep2,1.1799,1037,0
rep2,1.18,1038,0
rep2,1.18,1039,0
rep2,1.1801,1040,0
rep2,1.1802,1041,0
rep2,1.1804,1042,0
rep2,1.1808,1043,0
rep2,1.1808,1044,0
rep2,1.1811,1045,0
rep2,1.1812,1046,0
rep2,1.182,1047,0
rep2,1.1825,1048,0
rep2,1.1825,1049,0
rep2,1.183,1050,0
rep2,1.1831,1051,0
rep2,1.1832,1052,0
rep2,1.1833,1053,0
rep2,1.1834,1054,0
rep2,1.184,1055,0
rep2,1.1844,1056,0
rep2,1.185,1057,0
rep2,1.1854,1058,0
rep2,1.1854,1059,0
rep2,1.1854,1060,0
rep2,1.1855,1061,0
rep2,1.1856,1062,0
rep2,1.1857,1063,0
rep2,1.1859,1064,0
rep2,1.1861,1065,0
rep2,1.1862,1066,0
rep2,1.1864,1067,0
rep2,1.1866,1068,0
rep2,1.187,1069,0
rep2,1.187,1070,0
rep2,1.1872,1071,0
rep2,1.1873,1072,0
rep2,1.1873,1073,0
rep2,1.1878,1074,0
rep2,1.1882,1075,0
rep2,1.1882,1076,0
rep2,1.1883,1077,0
rep2,1.1886,1078,0
rep2,1.1887,1079,0
rep2,1.1889,1080,0
rep2,1.189,1081,0
rep2,1.1896,1082,0
rep2,1.1897,1083,0
rep2,1.1897,1084,0
rep2,1.19,1085,0
rep2,1.1903,1086,0
rep2,1.1903,1087,0
rep2,1.1907,1088,0
rep2,1.1909,1089,0
rep2,1.191,1090,0
rep2,1.191,1091,0
rep2,1.1911,1092,0
rep2,1.1911,1093,0
rep2,1.1911,1094,0
rep2,1.1915,1095,0
rep2,1.1918,1096,0
rep2,1.1919,1097,0
rep2,1.1926,1098,0
rep2,1.1927,1099,0
rep2,1.1929,1100,0
rep2,1.1931,1101,0
rep2,1.1933,1102,0
rep2,1.1933,1103,0
rep2,1.1936,1104,0
rep2,1.1938,1105,0
rep2,1.194,1106,0
rep2,1.1943,1107,0
rep2,1.1944,1108,0
rep2,1.1952,1109,0
rep2,1.1952,1110,0
rep2,1.1957,1111,0
rep2,1.1957,1112,0
rep2,1.1959,1113,0
rep2,1.1959,1114,0
rep2,1.196,1115,0
rep2,1.1963,1116,0
rep2,1.1965,1117,0
rep2,1.1965,1118,0
rep2,1.1967,1119,0
rep2,1.1967,1120,0
rep2,1.1967,1121,0
rep2,1.1969,1122,0
rep2,1.197,1123,0
rep2,1.1971,1124,0
rep2,1.1973,1125,0
rep2,1.1975,1126,0
rep2,1.1975,1127,0
rep2,1.1976,1128,0
rep2,1.1979,1129,0
rep2,1.198,1130,0
rep2,1.198,1131,0
rep2,1.1981,1132,0
rep2,1.1982,1133,0
rep2,1.1985,1134,0
rep2,1.1985,1135,0
rep2,1.1986,1136,0
rep2,1.1988,1137,0
rep2,1.1989,1138,0
rep2,1.199,1139,0
rep2,1.1991,1140,0
rep2,1.1993,1141,0
rep2,1.1993,1142,0
rep2,1.1993,1143,0
rep2,1.1994,1144,0
rep2,1.1995,1145,0
rep2,1.1995,1146,0
rep2,1.1996,1147,0
rep2,1.1996,1148,0
rep2,1.1997,1149,0
rep2,1.1999,1150,0
rep2,1.2,1151,0
rep2,1.2001,1152,0
rep2,1.2001,1153,0
rep2,1.2002,1154,0
rep2,1.2003,1155,0
rep2,1.2009,1156,0
rep2,1.2011,1157,0
rep2,1.2012,1158,0
rep2,1.2013,1159,0
rep2,1.2013,1160,0
rep2,1.2014,1161,0
rep2,1.2014,1162,0
rep2,1.2015,1163,0
rep2,1.2016,1164,0
rep2,1.2018,1165,0
rep2,1.2019,1166,0
rep2,1.2021,1167,0
rep2,1.2023,1168,0
rep2,1.2024,1169,0
rep2,1.2027,1170,0
rep2,1.2027,1171,0
rep2,1.2033,1172,0
rep2,1.2038,1173,0
rep2,1.2038,1174,0
rep2,1.2041,1175,0
rep2,1.2043,1176,0
rep2,1.2049,1177,0
rep2,1.2052,1178,0
rep2,1.2054,1179,0
rep2,1.2056,1180,0
rep2,1.2059,1181,0
rep2,1.2062,1182,0
rep2,1.2064,1183,0
rep2,1.2065,1184,0
rep2,1.2067,1185,0
rep2,1.2072,1186,0
rep2,1.2072,1187,0
rep2,1.2074,1188,0
rep2,1.2079,1189,0
rep2,1.208,1190,0
rep2,1.2082,1191,0
rep2,1.2085,1192,0
rep2,1.2086,1193,0
rep2,1.2092,1194,0
rep2,1.2095,1195,0
rep2,1.2097,1196,0
rep2,1.2105,1197,0
rep2,1.2105,1198,0
rep2,1.2106,1199,0
rep2,1.211,1200,0
rep2,1.2117,1201,0
rep2,1.2119,1202,0
rep2,1.212,1203,0
rep2,1.2132,1204,0
rep2,1.2133,1205,0
rep2,1.2143,1206,0
rep2,1.2144,1207,0
rep2,1.2145,1208,0
rep2,1.2145,1209,0
rep2,1.2146,1210,0
rep2,1.2149,1211,0
rep2,1.2153,1212,0
rep2,1.2155,1213,0
rep2,1.2158,1214,0
rep2,1.2158,1215,0
rep2,1.2159,1216,0
rep2,1.2162,1217,0
rep2,1.2166,1218,0
rep2,1.2171,1219,0
rep2,1.2171,1220,0
rep2,1.2172,1221,0
rep2,1.2172,1222,0
rep2,1.2173,1223,0
rep2,1.2174,1224,0
rep2,1.2176,1225,0
rep2,1.2177,1226,0
rep2,1.2177,1227,0
rep2,1.2177,1228,0
rep2,1.2178,1229,0
rep2,1.2179,1230,0
rep2,1.2181,1231,0
rep2,1.2182,1232,0
rep2,1.2182,1233,0
rep2,1.2185,1234,0
rep2,1.2186,1235,0
rep2,1.2187,1236,0
rep2,1.2187,1237,0
rep2,1.2188,1238,0
rep2,1.2192,1239,0
rep2,1.2193,1240,0
rep2,1.2196,1241,0
rep2,1.2197,1242,0
rep2,1.2198,1243,0
rep2,1.2204,1244,0
rep2,1.2206,1245,0
rep2,1.2207,1246,0
rep2,1.2209,1247,0
rep2,1.2212,1248,0
rep2,1.2213,1249,0
rep2,1.2213,1250,0
rep2,1.2216,1251,0
rep2,1.222,1252,0
rep2,1.222,1253,0
rep2,1.2221,1254,0
rep2,1.2223,1255,0
rep2,1.2226,1256,0
rep2,1.2227,1257,0
rep2,1.2229,1258,0
rep2,1.2229,1259,0
rep2,1.2232,1260,0
rep2,1.2232,1261,0
rep2,1.2233,1262,0
rep2,1.2235,1263,0
rep2,1.2237,1264,0
rep2,1.2239,1265,0
rep2,1.2242,1266,0
rep2,1.2242,1267,0
rep2,1.2245,1268,0
rep2,1.2245,1269,0
rep2,1.2249,1270,0
rep2,1.2249,1271,0
rep2,1.2251,1272,0
rep2,1.2255,1273,0
rep2,1.2256,1274,0
rep2,1.2257,1275,0
rep2,1.2257,1276,0
rep2,1.226,1277,0
rep2,1.226,1278,0
rep2,1.2263,1279,0
rep2,1.2266,1280,0
rep2,1.2268,1281,0
rep2,1.2269,1282,0
rep2,1.2275,1283,0
rep2,1.2276,1284,0
rep2,1.2277,1285,0
rep2,1.2279,1286,0
rep2,1.2279,1287,0
rep2,1.2286,1288,0
rep2,1.2288,1289,0
rep2,1.2289,1290,0
rep2,1.2292,1291,0
rep2,1.2295,1292,0
rep2,1.2296,1293,0
rep2,1.23,1294,0
rep2,1.2302,1295,0
rep2,1.2302,1296,0
rep2,1.2303,1297,0
rep2,1.2306,1298,0
rep2,1.2308,1299,0
rep2,1.2309,1300,0
rep2,1.2312,1301,0
rep2,1.2313,1302,0
rep2,1.2316,1303,0
rep2,1.2319,1304,0
rep2,1.2324,1305,0
rep2,1.2324,1306,0
rep2,1.2325,1307,0
rep2,1.2331,1308,0
rep2,1.2331,1309,0
rep2,1.2334,1310,0
rep2,1.2339,1311,0
rep2,1.2341,1312,0
rep2,1.2346,1313,0
rep2,1.235,1314,0
rep2,1.2353,1315,0
rep2,1.2355,1316,0
rep2,1.2356,1317,0
rep2,1.2364,1318,0
rep2,1.2367,1319,0
rep2,1.2367,1320,0
rep2,1.2369,1321,0
rep2,1.2371,1322,0
rep2,1.2372,1323,0
rep2,1.2374,1324,0
rep2,1.2376,1325,0
rep2,1.2376,1326,0
rep2,1.2383,1327,0
rep2,1.2384,1328,0
rep2,1.2387,1329,0
rep2,1.2388,1330,0
rep2,1.2392,1331,0
rep2,1.2392,1332,0
rep2,1.2393,1333,0
rep2,1.2395,1334,0
rep2,1.2397,1335,0
rep2,1.2398,1336,0
rep2,1.2401,1337,0
rep2,1.2404,1338,0
rep2,1.2407,1339,0
rep2,1.2416,1340,0
rep2,1.2417,1341,0
rep2,1.2425,1342,0
rep2,1.2427,1343,0
rep2,1.2431,1344,0
rep2,1.2431,1345,0
rep2,1.2432,1346,0
rep2,1.2435,1347,0
rep2,1.2438,1348,0
rep2,1.244,1349,0
rep2,1.2443,1350,0
rep2,1.2443,1351,0
rep2,1.2444,1352,0
rep2,1.2446,1353,0
rep2,1.245,1354,0
rep2,1.245,1355,0
rep2,1.2461,1356,0
rep2,1.2461,1357,0
rep2,1.2464,1358,0
rep2,1.2465,1359,0
rep2,1.2471,1360,0
rep2,1.2471,1361,0
rep2,1.2476,1362,0
rep2,1.2477,1363,0
rep2,1.2484,1364,0
rep2,1.2486,1365,0
rep2,1.249,1366,0
rep2,1.2493,1367,0
rep2,1.2493,1368,0
rep2,1.2496,1369,0
rep2,1.2498,1370,0
rep2,1.2501,1371,0
rep2,1.2504,1372,0
rep2,1.2507,1373,0
rep2,1.2507,1374,0
rep2,1.2509,1375,0
rep2,1.2509,1376,0
rep2,1.251,1377,0
rep2,1.251,1378,0
rep2,1.251,1379,0
rep2,1.2511,1380,0
rep2,1.2512,1381,0
rep2,1.2513,1382,0
rep2,1.2515,1383,0
rep2,1.2521,1384,0
rep2,1.2528,1385,0
rep2,1.2529,1386,0
rep2,1.253,1387,0
rep2,1.2534,1388,0
rep2,1.2539,1389,0
rep2,1.254,1390,0
rep2,1.2541,1391,0
rep2,1.2541,1392,0
rep2,1.2542,1393,0
rep2,1.2545,1394,0
rep2,1.2545,1395,0
rep2,1.2546,1396,0
rep2,1.2547,1397,0
rep2,1.2548,1398,0
rep2,1.2548,1399,0
rep2,1.255,1400,0
rep2,1.255,1401,0
rep2,1.2552,1402,0
rep2,1.2552,1403,0
rep2,1.2554,1404,0
rep2,1.2562,1405,0
rep2,1.2562,1406,0
rep2,1.2564,1407,0
rep2,1.2565,1408,0
rep2,1.2566,1409,0
rep2,1.2568,1410,0
rep2,1.2569,1411,0
rep2,1.2572,1412,0
rep2,1.2576,1413,0
rep2,1.2577,1414,0
rep2,1.2577,1415,0
rep2,1.2579,1416,0
rep2,1.2584,1417,0
rep2,1.2585,1418,0
rep2,1.2585,1419,0
rep2,1.2589,1420,0
rep2,1.259,1421,0
rep2,1.2593,1422,0
rep2,1.2594,1423,0
rep2,1.2595,1424,0
rep2,1.2595,1425,0
rep2,1.2598,1426,0
rep2,1.2602,1427,0
rep2,1.2603,1428,0
rep2,1.2607,1429,0
rep2,1.2608,1430,0
rep2,1.2608,1431,0
rep2,1.261,1432,0
rep2,1.2611,1433,0
rep2,1.2612,1434,0
rep2,1.2614,1435,0
rep2,1.2615,1436,0
rep2,1.2617,1437,0
rep2,1.2617,1438,0
rep2,1.2619,1439,0
rep2,1.262,1440,0
rep2,1.2622,1441,0
rep2,1.2624,1442,0
rep2,1.2625,1443,0
rep2,1.2625,1444,0
rep2,1.2629,1445,0
rep2,1.2629,1446,0
rep2,1.2629,1447,0
rep2,1.263,1448,0
rep2,1.2631,1449,0
rep2,1.2638,1450,0
rep2,1.2638,1451,0
rep2,1.2643,1452,0
rep2,1.2646,1453,0
rep2,1.2648,1454,0
rep2,1.265,1455,0
rep2,1.2658,1456,0
rep2,1.2662,1457,0
rep2,1.2664,1458,0
rep2,1.2664,1459,0
rep2,1.2671,1460,0
rep2,1.2674,1461,0
rep2,1.2679,1462,0
rep2,1.2681,1463,0
rep2,1.2685,1464,0
rep2,1.2686,1465,0
rep2,1.2686,1466,0
rep2,1.2688,1467,0
rep2,1.2689,1468,0
rep2,1.2691,1469,0
rep2,1.2693,1470,0
rep2,1.2696,1471,0
rep2,1.2698,1472,0
rep2,1.27,1473,0
rep2,1.2704,1474,0
rep2,1.2705,1475,0
rep2,1.2707,1476,0
rep2,1.2708,1477,0
rep2,1.2714,1478,0
rep2,1.2716,1479,0
rep2,1.2722,1480,0
rep2,1.2722,1481,0
rep2,1.2723,1482,0
rep2,1.2724,1483,0
rep2,1.2725,1484,0
rep2,1.2725,1485,0
rep2,1.2727,1486,0
rep2,1.2728,1487,0
rep2,1.2729,1488,0
rep2,1.2734,1489,0
rep2,1.2735,1490,0
rep2,1.2738,1491,0
rep2,1.2739,1492,0
rep2,1.274,1493,0
rep2,1.2741,1494,0
rep2,1.2745,1495,0
rep2,1.2745,1496,0
rep2,1.2754,1497,0
rep2,1.2754,1498,0
rep2,1.2757,1499,0
rep2,1.276,1500,0
rep2,1.2761,1501,0
rep2,1.2765,1502,0
rep2,1.2772,1503,0
rep2,1.2773,1504,0
rep2,1.2782,1505,0
rep2,1.2783,1506,0
rep2,1.2784,1507,0
rep2,1.2787,1508,0
rep2,1.2788,1509,0
rep2,1.2796,1510,0
rep2,1.2799,1511,0
rep2,1.2802,1512,0
rep2,1.2802,1513,0
rep2,1.2805,1514,0
rep2,1.2806,1515,0
rep2,1.281,1516,0
rep2,1.2811,1517,0
rep2,1.2812,1518,0
rep2,1.2813,1519,0
rep2,1.2821,1520,0
rep2,1.2821,1521,0
rep2,1.2825,1522,0
rep2,1.2826,1523,0
rep2,1.2829,1524,0
rep2,1.2832,1525,0
rep2,1.2838,1526,0
rep2,1.2838,1527,0
rep2,1.284,1528,0
rep2,1.2842,1529,0
rep2,1.2843,1530,0
rep2,1.2847,1531,0
rep2,1.2848,1532,0
rep2,1.2848,1533,0
rep2,1.2851,1534,0
rep2,1.2853,1535,0
rep2,1.2853,1536,0
rep2,1.2854,1537,0
rep2,1.2855,1538,0
rep2,1.2855,1539,0
rep2,1.2855,1540,0
rep2,1.2858,1541,0
rep2,1.2859,1542,0
rep2,1.286,1543,0
rep2,1.2861,1544,0
rep2,1.2861,1545,0
rep2,1.2863,1546,0
rep2,1.2864,1547,0
rep2,1.2865,1548,0
rep2,1.2877,1549,0
rep2,1.2878,1550,0
rep2,1.288,1551,0
rep2,1.2882,1552,0
rep2,1.2886,1553,0
rep2,1.2886,1554,0
rep2,1.2887,1555,0
rep2,1.2893,1556,0
rep2,1.2901,1557,0
rep2,1.2904,1558,0
rep2,1.2907,1559,0
rep2,1.2908,1560,0
rep2,1.2909,1561,0
rep2,1.2916,1562,0
rep2,1.2925,1563,0
rep2,1.2927,1564,0
rep2,1.2929,1565,0
rep2,1.2932,1566,0
rep2,1.2933,1567,0
rep2,1.2936,1568,0
rep2,1.2937,1569,0
rep2,1.2938,1570,0
rep2,1.2939,1571,0
rep2,1.2943,1572,0
rep2,1.2945,1573,0
rep2,1.2948,1574,0
rep2,1.2953,1575,0
rep2,1.2953,1576,0
rep2,1.2955,1577,0
rep2,1.2958,1578,0
rep2,1.2961,1579,0
rep2,1.2963,1580,0
rep2,1.2963,1581,0
rep2,1.297,1582,0
rep2,1.2973,1583,0
rep2,1.2974,1584,0
rep2,1.2981,1585,0
rep2,1.2983,1586,0
rep2,1.2984,1587,0
rep2,1.2986,1588,0
rep2,1.2989,1589,0
rep2,1.2994,1590,0
rep2,1.2998,1591,0
rep2,1.2998,1592,0
rep2,1.2999,1593,0
rep2,1.3,1594,0
rep2,1.3,1595,0
rep2,1.3001,1596,0
rep2,1.3001,1597,0
rep2,1.3003,1598,0
rep2,1.3004,1599,0
rep2,1.3009,1600,0
rep2,1.3016,1601,0
rep2,1.3018,1602,0
rep2,1.302,1603,0
rep2,1.3021,1604,0
rep2,1.3026,1605,0
rep2,1.3029,1606,0
rep2,1.3033,1607,0
rep2,1.3033,1608,0
rep2,1.3034,1609,0
rep2,1.304,1610,0
rep2,1.3043,1611,0
rep2,1.3047,1612,0
rep2,1.3052,1613,0
rep2,1.3053,1614,0
rep2,1.3054,1615,0
rep2,1.3055,1616,0
rep2,1.3059,1617,0
rep2,1.3061,1618,0
rep2,1.3061,1619,0
rep2,1.3062,1620,0
rep2,1.3065,1621,0
rep2,1.3075,1622,0
rep2,1.3076,1623,0
rep2,1.3076,1624,0
rep2,1.3076,1625,0
rep2,1.3079,1626,0
rep2,1.3085,1627,0
rep2,1.3087,1628,0
rep2,1.3087,1629,0
rep2,1.3087,1630,0
rep2,1.3088,1631,0
rep2,1.3089,1632,0
rep2,1.3095,1633,0
rep2,1.3096,1634,0
rep2,1.3105,1635,0
rep2,1.3105,1636,0
rep2,1.3109,1637,0
rep2,1.311,1638,0
rep2,1.3112,1639,0
rep2,1.3117,1640,0
rep2,1.3128,1641,0
rep2,1.3132,1642,0
rep2,1.3134,1643,0
rep2,1.3134,1644,0
rep2,1.314,1645,0
rep2,1.3143,1646,0
rep2,1.3144,1647,0
rep2,1.3146,1648,0
rep2,1.3149,1649,0
rep2,1.3158,1650,0
rep2,1.3161,1651,0
rep2,1.3164,1652,0
rep2,1.3171,1653,0
rep2,1.3171,1654,0
rep2,1.3174,1655,0
rep2,1.3184,1656,0
rep2,1.3188,1657,0
rep2,1.3192,1658,0
rep2,1.3193,1659,0
rep2,1.3197,1660,0
rep2,1.32,1661,0
rep2,1.3206,1662,0
rep2,1.3207,1663,0
rep2,1.3209,1664,0
rep2,1.3213,1665,0
rep2,1.3217,1666,0
rep2,1.3218,1667,0
rep2,1.3219,1668,0
rep2,1.3221,1669,0
rep2,1.3221,1670,0
rep2,1.3223,1671,0
rep2,1.3223,1672,0
rep2,1.3224,1673,0
rep2,1.3225,1674,0
rep2,1.3227,1675,0
rep2,1.3233,1676,0
rep2,1.3235,1677,0
rep2,1.3236,1678,0
rep2,1.3239,1679,0
rep2,1.324,1680,0
rep2,1.3253,1681,0
rep2,1.3254,1682,0
rep2,1.3259,1683,0
rep2,1.3262,1684,0
rep2,1.3263,1685,0
rep2,1.3263,1686,0
rep2,1.3268,1687,0
rep2,1.3281,1688,0
rep2,1.3281,1689,0
rep2,1.3283,1690,0
rep2,1.3289,1691,0
rep2,1.3295,1692,0
rep2,1.3307,1693,0
rep2,1.3313,1694,0
rep2,1.3319,1695,0
rep2,1.3321,1696,0
rep2,1.3331,1697,0
rep2,1.3334,1698,0
rep2,1.3341,1699,0
rep2,1.3343,1700,0
rep2,1.3352,1701,0
rep2,1.3357,1702,0
rep2,1.3371,1703,0
rep2,1.3389,1704,0
rep2,1.3391,1705,0
rep2,1.3394,1706,0
rep2,1.3396,1707,0
rep2,1.3404,1708,0
rep2,1.3404,1709,0
rep2,1.3408,1710,0
rep2,1.3413,1711,0
rep2,1.3414,1712,0
rep2,1.3415,1713,0
rep2,1.3418,1714,0
rep2,1.3422,1715,0
rep2,1.3425,1716,0
rep2,1.3429,1717,0
rep2,1.343,1718,0
rep2,1.3433,1719,0
rep2,1.3434,1720,0
rep2,1.3435,1721,0
rep2,1.3437,1722,0
rep2,1.3444,1723,0
rep2,1.3444,1724,0
rep2,1.3458,1725,0
rep2,1.3458,1726,0
rep2,1.3463,1727,0
rep2,1.3463,1728,0
rep2,1.3464,1729,0
rep2,1.347,1730,0
rep2,1.347,1731,0
rep2,1.3475,1732,0
rep2,1.3479,1733,0
rep2,1.349,1734,0
rep2,1.3496,1735,0
rep2,1.3497,1736,0
rep2,1.35,1737,0
rep2,1.3503,1738,0
rep2,1.3506,1739,0
rep2,1.3515,1740,0
rep2,1.3517,1741,0
rep2,1.3519,1742,0
rep2,1.3527,1743,0
rep2,1.3527,1744,0
rep2,1.3528,1745,0
rep2,1.3529,1746,0
rep2,1.3542,1747,0
rep2,1.3544,1748,0
rep2,1.3549,1749,0
rep2,1.356,1750,0
rep2,1.3574,1751,0
rep2,1.3579,1752,0
rep2,1.3583,1753,0
rep2,1.3584,1754,0
rep2,1.3585,1755,0
rep2,1.3587,1756,0
rep2,1.3589,1757,0
rep2,1.3599,1758,0
rep2,1.3611,1759,0
rep2,1.3615,1760,0
rep2,1.3616,1761,0
rep2,1.3628,1762,0
rep2,1.3635,1763,0
rep2,1.3649,1764,0
rep2,1.3659,1765,0
rep2,1.3673,1766,0
rep2,1.3674,1767,0
rep2,1.3677,1768,0
rep2,1.3682,1769,0
rep2,1.3696,1770,0
rep2,1.3699,1771,0
rep2,1.3706,1772,0
rep2,1.3711,1773,0
rep2,1.3712,1774,0
rep2,1.3724,1775,0
rep2,1.3726,1776,0
rep2,1.3734,1777,0
rep2,1.3735,1778,0
rep2,1.3744,1779,0
rep2,1.3758,1780,0
rep2,1.3762,1781,0
rep2,1.3778,1782,0
rep2,1.3785,1783,0
rep2,1.3802,1784,0
rep2,1.3806,1785,0
rep2,1.3807,1786,0
rep2,1.3807,1787,0
rep2,1.3808,1788,0
rep2,1.3811,1789,0
rep2,1.3813,1790,0
rep2,1.3829,1791,0
rep2,1.3829,1792,0
rep2,1.3835,1793,0
rep2,1.3838,1794,0
rep2,1.3841,1795,0
rep2,1.3845,1796,0
rep2,1.3856,1797,0
rep2,1.3856,1798,0
rep2,1.3867,1799,0
rep2,1.3869,1800,0
rep2,1.3874,1801,0
rep2,1.3877,1802,0
rep2,1.3886,1803,0
rep2,1.3892,1804,0
rep2,1.3892,1805,0
rep2,1.3901,1806,0
rep2,1.3907,1807,0
rep2,1.3909,1808,0
rep2,1.3913,1809,0
rep2,1.3925,1810,0
rep2,1.3933,1811,0
rep2,1.3952,1812,0
rep2,1.3955,1813,0
rep2,1.3956,1814,0
rep2,1.3964,1815,0
rep2,1.3967,1816,0
rep2,1.3969,1817,0
rep2,1.397,1818,0
rep2,1.3974,1819,0
rep2,1.3988,1820,0
rep2,1.4001,1821,0
rep2,1.4017,1822,0
rep2,1.402,1823,0
rep2,1.4039,1824,0
rep2,1.4048,1825,0
rep2,1.4048,1826,0
rep2,1.4051,1827,0
rep2,1.4057,1828,0
rep2,1.4065,1829,0
rep2,1.4072,1830,0
rep2,1.4074,1831,0
rep2,1.4075,1832,0
rep2,1.4084,1833,0
rep2,1.4085,1834,0
rep2,1.4089,1835,0
rep2,1.4095,1836,0
rep2,1.4106,1837,0
rep2,1.4114,1838,0
rep2,1.4114,1839,0
rep2,1.4125,1840,0
rep2,1.4131,1841,0
rep2,1.4132,1842,0
rep2,1.4146,1843,0
rep2,1.415,1844,0
rep2,1.4158,1845,0
rep2,1.4201,1846,0
rep2,1.4206,1847,0
rep2,1.421,1848,0
rep2,1.421,1849,0
rep2,1.421,1850,0
rep2,1.4214,1851,0
rep2,1.4234,1852,0
rep2,1.4235,1853,0
rep2,1.4242,1854,0
rep2,1.4248,1855,0
rep2,1.4255,1856,0
rep2,1.4258,1857,0
rep2,1.4262,1858,0
rep2,1.4266,1859,0
rep2,1.4274,1860,0
rep2,1.4276,1861,0
rep2,1.4279,1862,0
rep2,1.4288,1863,0
rep2,1.4293,1864,0
rep2,1.4293,1865,0
rep2,1.4294,1866,0
rep2,1.4296,1867,0
rep2,1.4306,1868,0
rep2,1.4314,1869,0
rep2,1.4315,1870,0
rep2,1.4315,1871,0
rep2,1.432,1872,0
rep2,1.4332,1873,0
rep2,1.4349,1874,0
rep2,1.4355,1875,0
rep2,1.4363,1876,0
rep2,1.437,1877,0
rep2,1.439,1878,0
rep2,1.4406,1879,0
rep2,1.4412,1880,0
rep2,1.4415,1881,0
rep2,1.4422,1882,0
rep2,1.4425,1883,0
rep2,1.4426,1884,0
rep2,1.4429,1885,0
rep2,1.4438,1886,0
rep2,1.4447,1887,0
rep2,1.4447,1888,0
rep2,1.4458,1889,0
rep2,1.4476,1890,0
rep2,1.4477,1891,0
rep2,1.448,1892,0
rep2,1.4494,1893,0
rep2,1.4498,1894,0
rep2,1.45,1895,0
rep2,1.4501,1896,0
rep2,1.4517,1897,0
rep2,1.4521,1898,0
rep2,1.4541,1899,0
rep2,1.4547,1900,0
rep2,1.4551,1901,0
rep2,1.4553,1902,0
rep2,1.4557,1903,0
rep2,1.4563,1904,0
rep2,1.4579,1905,0
rep2,1.459,1906,0
rep2,1.4595,1907,0
rep2,1.4605,1908,0
rep2,1.4608,1909,0
rep2,1.4635,1910,0
rep2,1.4641,1911,0
rep2,1.4644,1912,0
rep2,1.4666,1913,0
rep2,1.4671,1914,0
rep2,1.4691,1915,0
rep2,1.4705,1916,0
rep2,1.4714,1917,0
rep2,1.4738,1918,0
rep2,1.4757,1919,0
rep2,1.4774,1920,0
rep2,1.4779,1921,0
rep2,1.4802,1922,0
rep2,1.4842,1923,0
rep2,1.4875,1924,0
rep2,1.4876,1925,0
rep2,1.4876,1926,0
rep2,1.4917,1927,0
rep2,1.492,1928,0
rep2,1.4934,1929,0
rep2,1.4944,1930,0
rep2,1.4968,1931,0
rep2,1.4976,1932,0
rep2,1.5022,1933,0
rep2,1.5057,1934,0
rep2,1.5088,1935,0
rep2,1.5098,1936,0
rep2,1.5116,1937,0
rep2,1.5129,1938,0
rep2,1.513,1939,0
rep2,1.5135,1940,0
rep2,1.5154,1941,0
rep2,1.5169,1942,0
rep2,1.518,1943,0
rep2,1.5194,1944,0
rep2,1.5202,1945,0
rep2,1.5209,1946,0
rep2,1.5218,1947,0
rep2,1.527,1948,0
rep2,1.5272,1949,0
rep2,1.5275,1950,0
rep2,1.5309,1951,0
rep2,1.5323,1952,0
rep2,1.5358,1953,0
rep2,1.5365,1954,0
rep2,1.5366,1955,0
rep2,1.5377,1956,0
rep2,1.5401,1957,0
rep2,1.5497,1958,0
rep2,1.5529,1959,0
rep2,1.5573,1960,0
rep2,1.5581,1961,0
rep2,1.5608,1962,0
rep2,1.5621,1963,0
rep2,1.564,1964,0
rep2,1.5692,1965,0
rep2,1.5754,1966,0
rep2,1.5857,1967,0
rep2,1.5862,1968,0
rep2,1.5913,1969,0
rep2,1.5956,1970,0
rep2,1.5972,1971,0
rep2,1.5988,1972,0
rep2,1.6076,1973,0
rep2,1.6176,1974,0
rep2,1.6258,1975,0
rep2,1.6264,1976,0
rep2,1.6283,1977,0
rep2,1.6354,1978,0
rep2,1.6382,1979,0
rep2,1.6428,1980,0
rep2,1.646,1981,0
rep2,1.6484,1982,0
rep2,1.6758,1983,0
rep2,1.6922,1984,0
rep2,1.7296,1985,0
rep2,1.73,1986,0
rep2,1.8046,1987,0
rep2,2.0315,1988,0
rep2,2.033,1989,0
rep2,2.0359,1990,0
rep2,2.0513,1991,0
rep2,2.0514,1992,0
rep2,2.0518,1993,0
rep2,2.0521,1994,0
rep2,2.053,1995,0
rep2,2.0535,1996,0
rep2,2.0538,1997,0
rep2,2.0544,1998,0
rep2,2.057,1999,0
rep2,2.0574,2000,0
rep2,2.0582,2001,0
rep2,2.0585,2002,0
rep2,2.0591,2003,0
rep2,2.0596,2004,0
rep2,2.0608,2005,0
rep2,2.0609,2006,0
rep2,2.0614,2007,0
rep2,2.0618,2008,0
rep2,2.062,2009,0
rep2,2.0624,2010,0
rep2,2.0632,2011,0
rep2,2.0646,2012,0
rep2,2.0646,2012,1
rep2,2.0677,2013,1
rep2,2.0743,2014,1
rep2,2.0774,2015,1
rep2,2.078,2016,1
rep2,2.0829,2017,1
rep2,2.0846,2018,1
rep2,2.0848,2019,1
rep2,2.085,2020,1
rep2,2.085,2021,1
rep2,2.0851,2022,1
rep2,2.0851,2023,1
rep2,2.0851,2024,1
rep2,2.0851,2025,1
rep2,2.0851,2026,1
rep2,2.0853,2027,1
rep2,2.0855,2028,1
rep2,2.087,2029,1
rep2,2.0873,2030,1
rep2,2.0875,2031,1
rep2,2.0879,2032,1
rep2,2.0887,2033,1
rep2,2.0889,2034,1
rep2,2.0902,2035,1
rep2,2.0904,2036,1
rep2,2.091,2037,1
rep2,2.0912,2038,1
rep2,2.0916,2039,1
rep2,2.0923,2040,1
rep2,2.0925,2041,1
rep2,2.0925,2042,1
rep2,2.0933,2043,1
rep2,2.0936,2044,1
rep2,2.0938,2045,1
rep2,2.0939,2046,1
rep2,2.0944,2047,1
rep2,2.0946,2048,1
rep2,2.0959,2049,1
rep2,2.0988,2050,1
rep2,2.0992,2051,1
rep2,2.1008,2052,1
rep2,2.1019,2053,1
rep2,2.105,2054,1
rep2,2.1055,2055,1
rep2,2.1101,2056,1
rep2,2.1128,2057,1
rep2,2.1186,2058,1
rep2,2.1197,2059,1
rep2,2.1199,2060,1
rep2,2.12,2061,1
rep2,2.1202,2062,1
rep2,2.1204,2063,1
rep2,2.1208,2064,1
rep2,2.1214,2065,1
rep2,2.1224,2066,1
rep2,2.1252,2067,1
rep2,2.1257,2068,1
rep2,2.1277,2069,1
rep2,2.1291,2070,1
rep2,2.13,2071,1
rep2,2.1309,2072,1
rep2,2.1318,2073,1
rep2,2.1324,2074,1
rep2,2.1336,2075,1
rep2,2.1368,2076,1
rep2,2.137,2077,1
rep2,2.1386,2078,1
rep2,2.1404,2079,1
rep2,2.1422,2080,1
rep2,2.1478,2081,1
rep2,2.1481,2082,1
rep2,2.1482,2083,1
rep2,2.1525,2084,1
rep2,2.1553,2085,1
rep2,2.1559,2086,1
rep2,2.1572,2087,1
rep2,2.1608,2088,1
rep2,2.1619,2089,1
rep2,2.162,2090,1
rep2,2.162,2091,1
rep2,2.1636,2092,1
rep2,2.1647,2093,1
rep2,2.1651,2094,1
rep2,2.1652,2095,1
rep2,2.1667,2096,1
rep2,2.1676,2097,1
rep2,2.1685,2098,1
rep2,2.171,2099,1
rep2,2.1741,2100,1
rep2,2.1745,2101,1
rep2,2.1769,2102,1
rep2,2.1775,2103,1
rep2,2.1776,2104,1
rep2,2.1779,2105,1
rep2,2.1786,2106,1
rep2,2.1795,2107,1
rep2,2.18,2108,1
rep2,2.181,2109,1
rep2,2.1825,2110,1
rep2,2.1847,2111,1
rep2,2.1862,2112,1
rep2,2.189,2113,1
rep2,2.1891,2114,1
rep2,2.19,2115,1
rep2,2.1902,2116,1
rep2,2.1905,2117,1
rep2,2.191,2118,1
rep2,2.1912,2119,1
rep2,2.1914,2120,1
rep2,2.193,2121,1
rep2,2.1932,2122,1
rep2,2.1952,2123,1
rep2,2.1953,2124,1
rep2,2.1965,2125,1
rep2,2.1965,2126,1
rep2,2.1974,2127,1
rep2,2.2005,2128,1
rep2,2.203,2129,1
rep2,2.2038,2130,1
rep2,2.2053,2131,1
rep2,2.2056,2132,1
rep2,2.2058,2133,1
rep2,2.2065,2134,1
rep2,2.2099,2135,1
rep2,2.2102,2136,1
rep2,2.2108,2137,1
rep2,2.2111,2138,1
rep2,2.2124,2139,1
rep2,2.2131,2140,1
rep2,2.2131,2141,1
rep2,2.2135,2142,1
rep2,2.2152,2143,1
rep2,2.216,2144,1
rep2,2.2168,2145,1
rep2,2.2195,2146,1
rep2,2.2196,2147,1
rep2,2.2196,2148,1
rep2,2.2201,2149,1
rep2,2.2203,2150,1
rep2,2.2207,2151,1
rep2,2.2212,2152,1
rep2,2.2214,2153,1
rep2,2.2217,2154,1
rep2,2.2219,2155,1
rep2,2.2221,2156,1
rep2,2.2221,2157,1
rep2,2.2223,2158,1
rep2,2.2226,2159,1
rep2,2.2239,2160,1
rep2,2.2241,2161,1
rep3,1.017,1,0
rep3,1.017,2,0
rep3,1.017,3,0
rep3,1.017,4,0
rep3,1.0171,5,0
rep3,1.0172,6,0
rep3,1.0172,7,0
rep3,1.0173,8,0
rep3,1.0174,9,0
rep3,1.0174,10,0
rep3,1.0175,11,0
rep3,1.0175,12,0
rep3,1.0176,13,0
rep3,1.0177,14,0
rep3,1.0177,15,0
rep3,1.0177,16,0
rep3,1.0177,17,0
rep3,1.0179,18,0
rep3,1.018,19,0
rep3,1.018,20,0
rep3,1.018,21,0
rep3,1.018,22,0
rep3,1.0181,23,0
rep3,1.0182,24,0
rep3,1.0183,25,0
rep3,1.0183,26,0
rep3,1.0184,27,0
rep3,1.0184,28,0
rep3,1.0184,29,0
rep3,1.0185,30,0
rep3,1.0185,31,0
rep3,1.0186,32,0
rep3,1.0186,33,0
rep3,1.0186,34,0
rep3,1.0186,35,0
rep3,1.0189,36,0
rep3,1.0189,37,0
rep3,1.019,38,0
rep3,1.0192,39,0
rep3,1.0193,40,0
rep3,1.0194,41,0
rep3,1.0195,42,0
rep3,1.0196,43,0
rep3,1.0196,44,0
rep3,1.0197,45,0
rep3,1.0198,46,0
rep3,1.0198,47,0
rep3,1.0198,48,0
rep3,1.0198,49,0
rep3,1.02,50,0
rep3,1.0201,51,0
rep3,1.0201,52,0
rep3,1.0202,53,0
rep3,1.0202,54,0
rep3,1.0203,55,0
rep3,1.0204,56,0
rep3,1.0204,57,0
rep3,1.0204,58,0
rep3,1.0205,59,0
rep3,1.0206,60,0
rep3,1.0207,61,0
rep3,1.0207,62,0
rep3,1.0207,63,0
rep3,1.021,64,0
rep3,1.021,65,0
rep3,1.021,66,0
rep3,1.0211,67,0
rep3,1.0212,68,0
rep3,1.0212,69,0
rep3,1.0213,70,0
rep3,1.0213,71,0
rep3,1.0213,72,0
rep3,1.0214,73,0
rep3,1.0215,74,0
rep3,1.0215,75,0
rep3,1.0217,76,0
rep3,1.0218,77,0
rep3,1.0218,78,0
rep3,1.0221,79,0
rep3,1.0221,80,0
rep3,1.0222,81,0
rep3,1.0222,82,0
rep3,1.0223,83,0
rep3,1.0224,84,0
rep3,1.0224,85,0
rep3,1.0224,86,0
rep3,1.0225,87,0
rep3,1.0225,88,0
rep3,1.0225,89,0
rep3,1.0225,90,0
rep3,1.0227,91,0
rep3,1.0227,92,0
rep3,1.0228,93,0
rep3,1.0231,94,0
rep3,1.0232,95,0
rep3,1.0234,96,0
rep3,1.0234,97,0
rep3,1.0235,98,0
rep3,1.0238,99,0
rep3,1.0239,100,0
rep3,1.0239,101,0
rep3,1.0241,102,0
rep3,1.0241,103,0
rep3,1.0241,104,0
rep3,1.0242,105,0
rep3,1.0242,106,0
rep3,1.0243,107,0
rep3,1.0243,108,0
rep3,1.0244,109,0
rep3,1.0244,110,0
rep3,1.0245,111,0
rep3,1.025,112,0
rep3,1.025,113,0
rep3,1.025,114,0
rep3,1.0252,115,0
rep3,1.0254,116,0
rep3,1.0255,117,0
rep3,1.0256,118,0
rep3,1.0256,119,0
rep3,1.0257,120,0
rep3,1.0258,121,0
rep3,1.0259,122,0
rep3,1.0259,123,0
rep3,1.0261,124,0
rep3,1.0262,125,0
rep3,1.0262,126,0
rep3,1.0265,127,0
rep3,1.0265,128,0
rep3,1.0266,129,0
rep3,1.0271,130,0
rep3,1.0272,131,0
rep3,1.0272,132,0
rep3,1.0273,133,0
rep3,1.0274,134,0
rep3,1.0275,135,0
rep3,1.0276,136,0
rep3,1.0276,137,0
rep3,1.0278,138,0
rep3,1.0279,139,0
rep3,1.0279,140,0
rep3,1.028,141,0
rep3,1.0282,142,0
rep3,1.0285,143,0
rep3,1.0286,144,0
rep3,1.0289,145,0
rep3,1.0289,146,0
rep3,1.0291,147,0
rep3,1.0294,148,0
rep3,1.0295,149,0
rep3,1.0297,150,0
rep3,1.0297,151,0
rep3,1.0299,152,0
rep3,1.0301,153,0
rep3,1.0302,154,0
rep3,1.0304,155,0
rep3,1.0305,156,0
rep3,1.0308,157,0
rep3,1.0308,158,0
rep3,1.0309,159,0
rep3,1.031,160,0
rep3,1.0317,161,0
rep3,1.0319,162,0
rep3,1.032,163,0
rep3,1.0324,164,0
rep3,1.0325,165,0
rep3,1.0326,166,0
rep3,1.0328,167,0
rep3,1.0328,168,0
rep3,1.0329,169,0
rep3,1.0332,170,0
rep3,1.0332,171,0
rep3,1.0333,172,0
rep3,1.0336,173,0
rep3,1.0336,174,0
rep3,1.0338,175,0
rep3,1.0341,176,0
rep3,1.0343,177,0
rep3,1.0346,178,0
rep3,1.0358,179,0
rep3,1.0359,180,0
rep3,1.0362,181,0
rep3,1.0366,182,0
rep3,1.037,183,0
rep3,1.0377,184,0
rep3,1.0377,185,0
rep3,1.0378,186,0
rep3,1.038,187,0
rep3,1.0383,188,0
rep3,1.0384,189,0
rep3,1.0387,190,0
rep3,1.0391,191,0
rep3,1.0392,192,0
rep3,1.0392,193,0
rep3,1.0396,194,0
rep3,1.0399,195,0
rep3,1.0403,196,0
rep3,1.0409,197,0
rep3,1.041,198,0
rep3,1.0411,199,0
rep3,1.0412,200,0
rep3,1.0422,201,0
rep3,1.0438,202,0
rep3,1.0442,203,0
rep3,1.0446,204,0
rep3,1.0448,205,0
rep3,1.0453,206,0
rep3,1.0458,207,0
rep3,1.0466,208,0
rep3,1.0479,209,0
rep3,1.048,210,0
rep3,1.0482,211,0
rep3,1.0492,212,0
rep3,1.0495,213,0
rep3,1.0499,214,0
rep3,1.0504,215,0
rep3,1.0505,216,0
rep3,1.0505,217,0
rep3,1.0505,218,0
rep3,1.0505,219,0
rep3,1.0506,220,0
rep3,1.0506,221,0
rep3,1.0507,222,0
rep3,1.0507,223,0
rep3,1.0507,224,0
rep3,1.0507,225,0
rep3,1.0507,226,0
rep3,1.0508,227,0
rep3,1.0508,228,0
rep3,1.0509,229,0
rep3,1.0509,230,0
rep3,1.051,231,0
rep3,1.0511,232,0
rep3,1.0512,233,0
rep3,1.0512,234,0
rep3,1.0512,235,0
rep3,1.0513,236,0
rep3,1.0513,237,0
rep3,1.0514,238,0
rep3,1.0514,239,0
rep3,1.0515,240,0
rep3,1.0515,241,0
rep3,1.0515,242,0
rep3,1.0515,243,0
rep3,1.0516,244,0
rep3,1.0517,245,0
rep3,1.0517,246,0
rep3,1.0518,247,0
rep3,1.0519,248,0
rep3,1.0519,249,0
rep3,1.0519,250,0
rep3,1.052,251,0
rep3,1.0521,252,0
rep3,1.0521,253,0
rep3,1.0522,254,0
rep3,1.0522,255,0
rep3,1.0524,256,0
rep3,1.0524,257,0
rep3,1.0525,258,0
rep3,1.0527,259,0
rep3,1.0528,260,0
rep3,1.0528,261,0
rep3,1.0529,262,0
rep3,1.0529,263,0
rep3,1.0529,264,0
rep3,1.053,265,0
rep3,1.053,266,0
rep3,1.053,267,0
rep3,1.0531,268,0
rep3,1.0531,269,0
rep3,1.0532,270,0
rep3,1.0532,271,0
rep3,1.0533,272,0
rep3,1.0534,273,0
rep3,1.0534,274,0
rep3,1.0535,275,0
rep3,1.0535,276,0
rep3,1.0535,277,0
rep3,1.0537,278,0
rep3,1.0537,279,0
rep3,1.0538,280,0
rep3,1.0538,281,0
rep3,1.0538,282,0
rep3,1.0539,283,0
rep3,1.054,284,0
rep3,1.0541,285,0
rep3,1.0543,286,0
rep3,1.0543,287,0
rep3,1.0543,288,0
rep3,1.0543,289,0
rep3,1.0544,290,0
rep3,1.0545,291,0
rep3,1.0545,292,0
rep3,1.0546,293,0
rep3,1.0546,294,0
rep3,1.0547,295,0
rep3,1.0547,296,0
rep3,1.0549,297,0
rep3,1.0549,298,0
rep3,1.055,299,0
rep3,1.055,300,0
rep3,1.0551,301,0
rep3,1.0552,302,0
rep3,1.0553,303,0
rep3,1.0553,304,0
rep3,1.0554,305,0
rep3,1.0554,306,0
rep3,1.0554,307,0
rep3,1.0554,308,0
rep3,1.0555,309,0
rep3,1.0555,310,0
rep3,1.0556,311,0
rep3,1.0557,312,0
rep3,1.0558,313,0
rep3,1.0558,314,0
rep3,1.0559,315,0
rep3,1.056,316,0
rep3,1.056,317,0
rep3,1.056,318,0
rep3,1.056,319,0
rep3,1.0561,320,0
rep3,1.0562,321,0
rep3,1.0562,322,0
rep3,1.0562,323,0
rep3,1.0563,324,0
rep3,1.0565,325,0
rep3,1.0565,326,0
rep3,1.0565,327,0
rep3,1.0566,328,0
rep3,1.0566,329,0
rep3,1.0566,330,0
rep3,1.0566,331,0
rep3,1.0566,332,0
rep3,1.0567,333,0
rep3,1.0567,334,0
rep3,1.0567,335,0
rep3,1.0567,336,0
rep3,1.0567,337,0
rep3,1.0568,338,0
rep3,1.0569,339,0
rep3,1.0569,340,0
rep3,1.0571,341,0
rep3,1.0571,342,0
rep3,1.0571,343,0
rep3,1.0572,344,0
rep3,1.0573,345,0
rep3,1.0573,346,0
rep3,1.0574,347,0
rep3,1.0574,348,0
rep3,1.0576,349,0
rep3,1.0576,350,0
rep3,1.0578,351,0
rep3,1.0579,352,0
rep3,1.0579,353,0
rep3,1.058,354,0
rep3,1.058,355,0
rep3,1.0581,356,0
rep3,1.0582,357,0
rep3,1.0584,358,0
rep3,1.0584,359,0
rep3,1.0585,360,0
rep3,1.0585,361,0
rep3,1.0585,362,0
rep3,1.0585,363,0
rep3,1.0587,364,0
rep3,1.059,365,0
rep3,1.059,366,0
rep3,1.0592,367,0
rep3,1.0593,368,0
rep3,1.0594,369,0
rep3,1.0594,370,0
rep3,1.0596,371,0
rep3,1.0597,372,0
rep3,1.0597,373,0
rep3,1.06,374,0
rep3,1.0601,375,0
rep3,1.0602,376,0
rep3,1.0605,377,0
rep3,1.0606,378,0
rep3,1.0606,379,0
rep3,1.0607,380,0
rep3,1.0608,381,0
rep3,1.0608,382,0
rep3,1.0608,383,0
rep3,1.0609,384,0
rep3,1.061,385,0
rep3,1.0612,386,0
rep3,1.0613,387,0
rep3,1.0613,388,0
rep3,1.0614,389,0
rep3,1.0614,390,0
rep3,1.0615,391,0
rep3,1.0617,392,0
rep3,1.0618,393,0
rep3,1.0619,394,0
rep3,1.062,395,0
rep3,1.062,396,0
rep3,1.0621,397,0
rep3,1.0621,398,0
rep3,1.0622,399,0
rep3,1.0625,400,0
rep3,1.0626,401,0
rep3,1.0626,402,0
rep3,1.0627,403,0
rep3,1.0629,404,0
rep3,1.0629,405,0
rep3,1.063,406,0
rep3,1.0631,407,0
rep3,1.0632,408,0
rep3,1.0634,409,0
rep3,1.0634,410,0
rep3,1.0635,411,0
rep3,1.0635,412,0
rep3,1.0636,413,0
rep3,1.0638,414,0
rep3,1.0638,415,0
rep3,1.0639,416,0
rep3,1.064,417,0
rep3,1.0641,418,0
rep3,1.0642,419,0
rep3,1.0645,420,0
rep3,1.0647,421,0
rep3,1.0647,422,0
rep3,1.0648,423,0
rep3,1.065,424,0
rep3,1.065,425,0
rep3,1.0653,426,0
rep3,1.0654,427,0
rep3,1.0655,428,0
rep3,1.0655,429,0
rep3,1.0657,430,0
rep3,1.0658,431,0
rep3,1.0659,432,0
rep3,1.0664,433,0
rep3,1.0667,434,0
rep3,1.0668,435,0
rep3,1.0671,436,0
rep3,1.0673,437,0
rep3,1.0673,438,0
rep3,1.0673,439,0
rep3,1.0674,440,0
rep3,1.0674,441,0
rep3,1.0676,442,0
rep3,1.0679,443,0
rep3,1.068,444,0
rep3,1.0682,445,0
rep3,1.0683,446,0
rep3,1.0684,447,0
rep3,1.0686,448,0
rep3,1.069,449,0
rep3,1.069,450,0
rep3,1.0692,451,0
rep3,1.0695,452,0
rep3,1.0698,453,0
rep3,1.0699,454,0
rep3,1.07,455,0
rep3,1.0701,456,0
rep3,1.0704,457,0
rep3,1.0705,458,0
rep3,1.0709,459,0
rep3,1.0712,460,0
rep3,1.0713,461,0
rep3,1.0717,462,0
rep3,1.0723,463,0
rep3,1.0731,464,0
rep3,1.0731,465,0
rep3,1.0731,466,0
rep3,1.0732,467,0
rep3,1.0733,468,0
rep3,1.0734,469,0
rep3,1.0736,470,0
rep3,1.0736,471,0
rep3,1.0744,472,0
rep3,1.0748,473,0
rep3,1.0749,474,0
rep3,1.0751,475,0
rep3,1.0752,476,0
rep3,1.0753,477,0
rep3,1.0754,478,0
rep3,1.0755,479,0
rep3,1.0765,480,0
rep3,1.0769,481,0
rep3,1.077,482,0
rep3,1.077,483,0
rep3,1.0771,484,0
rep3,1.0772,485,0
rep3,1.0775,486,0
rep3,1.0776,487,0
rep3,1.0777,488,0
rep3,1.0777,489,0
rep3,1.0777,490,0
rep3,1.0778,491,0
rep3,1.0784,492,0
rep3,1.0785,493,0
rep3,1.0786,494,0
rep3,1.0787,495,0
rep3,1.0787,496,0
rep3,1.0787,497,0
rep3,1.0788,498,0
rep3,1.079,499,0
rep3,1.0791,500,0
rep3,1.0793,501,0
rep3,1.0794,502,0
rep3,1.0797,503,0
rep3,1.0802,504,0
rep3,1.0802,505,0
rep3,1.0802,506,0
rep3,1.0805,507,0
rep3,1.0806,508,0
rep3,1.0812,509,0
rep3,1.0814,510,0
rep3,1.0818,511,0
rep3,1.0824,512,0
rep3,1.0825,513,0
rep3,1.0831,514,0
rep3,1.0835,515,0
rep3,1.0839,516,0
rep3,1.084,517,0
rep3,1.0841,518,0
rep3,1.0842,519,0
rep3,1.0842,520,0
rep3,1.0843,521,0
rep3,1.0843,522,0
rep3,1.0844,523,0
rep3,1.0845,524,0
rep3,1.0846,525,0
rep3,1.0846,526,0
rep3,1.0847,527,0
rep3,1.0851,528,0
rep3,1.0851,529,0
rep3,1.0852,530,0
rep3,1.0853,531,0
rep3,1.0854,532,0
rep3,1.0855,533,0
rep3,1.0856,534,0
rep3,1.0856,535,0
rep3,1.0858,536,0
rep3,1.086,537,0
rep3,1.0861,538,0
rep3,1.0861,539,0
rep3,1.0861,540,0
rep3,1.0863,541,0
rep3,1.0863,542,0
rep3,1.0867,543,0
rep3,1.0867,544,0
rep3,1.0868,545,0
rep3,1.0869,546,0
rep3,1.0873,547,0
rep3,1.0873,548,0
rep3,1.0876,549,0
rep3,1.0877,550,0
rep3,1.0878,551,0
rep3,1.0878,552,0
rep3,1.088,553,0
rep3,1.0882,554,0
rep3,1.0884,555,0
rep3,1.0885,556,0
rep3,1.0886,557,0
rep3,1.0886,558,0
rep3,1.089,559,0
rep3,1.089,560,0
rep3,1.089,561,0
rep3,1.0893,562,0
rep3,1.0894,563,0
rep3,1.0895,564,0
rep3,1.0897,565,0
rep3,1.0898,566,0
rep3,1.0899,567,0
rep3,1.09,568,0
rep3,1.0901,569,0
rep3,1.0902,570,0
rep3,1.0904,571,0
rep3,1.0905,572,0
rep3,1.0905,573,0
rep3,1.0906,574,0
rep3,1.0907,575,0
rep3,1.0908,576,0
rep3,1.0908,577,0
rep3,1.0912,578,0
rep3,1.0913,579,0
rep3,1.0914,580,0
rep3,1.0914,581,0
rep3,1.0914,582,0
rep3,1.0914,583,0
rep3,1.0916,584,0
rep3,1.0916,585,0
rep3,1.0917,586,0
rep3,1.0918,587,0
rep3,1.0919,588,0
rep3,1.0921,589,0
rep3,1.0922,590,0
rep3,1.0924,591,0
rep3,1.0924,592,0
rep3,1.0924,593,0
rep3,1.0929,594,0
rep3,1.093,595,0
rep3,1.0932,596,0
rep3,1.0934,597,0
rep3,1.0935,598,0
rep3,1.0937,599,0
rep3,1.0938,600,0
rep3,1.0939,601,0
rep3,1.094,602,0
rep3,1.0942,603,0
rep3,1.0942,604,0
rep3,1.0943,605,0
rep3,1.0945,606,0
rep3,1.0949,607,0
rep3,1.095,608,0
rep3,1.0951,609,0
rep3,1.0952,610,0
rep3,1.0957,611,0
rep3,1.0961,612,0
rep3,1.0963,613,0
rep3,1.0966,614,0
rep3,1.0969,615,0
rep3,1.0974,616,0
rep3,1.0975,617,0
rep3,1.0976,618,0
rep3,1.0977,619,0
rep3,1.0978,620,0
rep3,1.0978,621,0
rep3,1.0982,622,0
rep3,1.0982,623,0
rep3,1.0983,624,0
rep3,1.0984,625,0
rep3,1.0984,626,0
rep3,1.0986,627,0
rep3,1.0991,628,0
rep3,1.0993,629,0
rep3,1.0996,630,0
rep3,1.0998,631,0
rep3,1.0999,632,0
rep3,1.1001,633,0
rep3,1.1003,634,0
rep3,1.1003,635,0
rep3,1.1003,636,0
rep3,1.1005,637,0
rep3,1.1006,638,0
rep3,1.1008,639,0
rep3,1.1008,640,0
rep3,1.1009,641,0
rep3,1.101,642,0
rep3,1.101,643,0
rep3,1.1011,644,0
rep3,1.1013,645,0
rep3,1.1013,646,0
rep3,1.1015,647,0
rep3,1.1019,648,0
rep3,1.102,649,0
rep3,1.1023,650,0
rep3,1.1023,651,0
rep3,1.1024,652,0
rep3,1.1024,653,0
rep3,1.1024,654,0
rep3,1.1025,655,0
rep3,1.1029,656,0
rep3,1.1034,657,0
rep3,1.1036,658,0
rep3,1.1036,659,0
rep3,1.1038,660,0
rep3,1.1042,661,0
rep3,1.1043,662,0
rep3,1.1045,663,0
rep3,1.1047,664,0
rep3,1.105,665,0
rep3,1.1051,666,0
rep3,1.1055,667,0
rep3,1.1057,668,0
rep3,1.1059,669,0
rep3,1.1063,670,0
rep3,1.1063,671,0
rep3,1.1064,672,0
rep3,1.1072,673,0
rep3,1.1072,674,0
rep3,1.1074,675,0
rep3,1.1078,676,0
rep3,1.108,677,0
rep3,1.1082,678,0
rep3,1.1083,679,0
rep3,1.1083,680,0
rep3,1.1084,681,0
rep3,1.1087,682,0
rep3,1.1087,683,0
rep3,1.1089,684,0
rep3,1.109,685,0
rep3,1.1091,686,0
rep3,1.1099,687,0
rep3,1.1112,688,0
rep3,1.1113,689,0
rep3,1.1118,690,0
rep3,1.1122,691,0
rep3,1.1123,692,0
rep3,1.1128,693,0
rep3,1.1129,694,0
rep3,1.1129,695,0
rep3,1.113,696,0
rep3,1.1131,697,0
rep3,1.1131,698,0
rep3,1.1133,699,0
rep3,1.1137,700,0
rep3,1.1138,701,0
rep3,1.1141,702,0
rep3,1.1145,703,0
rep3,1.1149,704,0
rep3,1.115,705,0
rep3,1.1153,706,0
rep3,1.1155,707,0
rep3,1.1158,708,0
rep3,1.1159,709,0
rep3,1.116,710,0
rep3,1.1167,711,0
rep3,1.1167,712,0
rep3,1.1169,713,0
rep3,1.1173,714,0
rep3,1.1174,715,0
rep3,1.1174,716,0
rep3,1.1174,717,0
rep3,1.1175,718,0
rep3,1.1178,719,0
rep3,1.118,720,0
rep3,1.1181,721,0
rep3,1.1181,722,0
rep3,1.1185,723,0
rep3,1.1187,724,0
rep3,1.1189,725,0
rep3,1.1189,726,0
rep3,1.119,727,0
rep3,1.1192,728,0
rep3,1.1193,729,0
rep3,1.1194,730,0
rep3,1.1195,731,0
rep3,1.1195,732,0
rep3,1.1195,733,0
rep3,1.1197,734,0
rep3,1.1197,735,0
rep3,1.1198,736,0
rep3,1.1199,737,0
rep3,1.1201,738,0
rep3,1.1201,739,0
rep3,1.1201,740,0
rep3,1.1202,741,0
rep3,1.1202,742,0
rep3,1.1203,743,0
rep3,1.1206,744,0
rep3,1.1209,745,0
rep3,1.1209,746,0
rep3,1.121,747,0
rep3,1.121,748,0
rep3,1.121,749,0
rep3,1.1216,750,0
rep3,1.1216,751,0
rep3,1.1217,752,0
rep3,1.1218,753,0
rep3,1.1221,754,0
rep3,1.1222,755,0
rep3,1.1224,756,0
rep3,1.1225,757,0
rep3,1.1225,758,0
rep3,1.1225,759,0
rep3,1.1226,760,0
rep3,1.1227,761,0
rep3,1.1228,762,0
rep3,1.1228,763,0
rep3,1.1229,764,0
rep3,1.1231,765,0
rep3,1.1231,766,0
rep3,1.1234,767,0
rep3,1.1234,768,0
rep3,1.1235,769,0
rep3,1.1238,770,0
rep3,1.1239,771,0
rep3,1.1241,772,0
rep3,1.1245,773,0
rep3,1.1246,774,0
rep3,1.1248,775,0
rep3,1.1252,776,0
rep3,1.1252,777,0
rep3,1.1255,778,0
rep3,1.1261,779,0
rep3,1.1261,780,0
rep3,1.1265,781,0
rep3,1.1267,782,0
rep3,1.1268,783,0
rep3,1.1269,784,0
rep3,1.1269,785,0
rep3,1.127,786,0
rep3,1.1275,787,0
rep3,1.1277,788,0
rep3,1.1278,789,0
rep3,1.1278,790,0
rep3,1.1279,791,0
rep3,1.128,792,0
rep3,1.128,793,0
rep3,1.1284,794,0
rep3,1.1285,795,0
rep3,1.1286,796,0
rep3,1.1286,797,0
rep3,1.1288,798,0
rep3,1.1292,799,0
rep3,1.1292,800,0
rep3,1.1295,801,0
rep3,1.1301,802,0
rep3,1.1303,803,0
rep3,1.1303,804,0
rep3,1.1303,805,0
rep3,1.1306,806,0
rep3,1.1307,807,0
rep3,1.1309,808,0
rep3,1.1311,809,0
rep3,1.1313,810,0
rep3,1.1314,811,0
rep3,1.1315,812,0
rep3,1.1316,813,0
rep3,1.1317,814,0
rep3,1.1317,815,0
rep3,1.1318,816,0
rep3,1.1319,817,0
rep3,1.132,818,0
rep3,1.1322,819,0
rep3,1.1323,820,0
rep3,1.1323,821,0
rep3,1.1326,822,0
rep3,1.1327,823,0
rep3,1.1328,824,0
rep3,1.1329,825,0
rep3,1.133,826,0
rep3,1.1331,827,0
rep3,1.1333,828,0
rep3,1.1338,829,0
rep3,1.1341,830,0
rep3,1.1344,831,0
rep3,1.1348,832,0
rep3,1.1349,833,0
rep3,1.1351,834,0
rep3,1.1352,835,0
rep3,1.1356,836,0
rep3,1.1356,837,0
rep3,1.1357,838,0
rep3,1.1362,839,0
rep3,1.1364,840,0
rep3,1.1365,841,0
rep3,1.1371,842,0
rep3,1.1372,843,0
rep3,1.1374,844,0
rep3,1.1376,845,0
rep3,1.1383,846,0
rep3,1.1386,847,0
rep3,1.1387,848,0
rep3,1.1391,849,0
rep3,1.1392,850,0
rep3,1.1392,851,0
rep3,1.1396,852,0
rep3,1.1397,853,0
rep3,1.14,854,0
rep3,1.14,855,0
rep3,1.14,856,0
rep3,1.1401,857,0
rep3,1.1401,858,0
rep3,1.1402,859,0
rep3,1.1402,860,0
rep3,1.1407,861,0
rep3,1.1411,862,0
rep3,1.1414,863,0
rep3,1.1419,864,0
rep3,1.1421,865,0
rep3,1.1423,866,0
rep3,1.1423,867,0
rep3,1.1425,868,0
rep3,1.1425,869,0
rep3,1.1428,870,0
rep3,1.143,871,0
rep3,1.1434,872,0
rep3,1.1434,873,0
rep3,1.1434,874,0
rep3,1.1435,875,0
rep3,1.1437,876,0
rep3,1.1437,877,0
rep3,1.1438,878,0
rep3,1.1439,879,0
rep3,1.1442,880,0
rep3,1.1443,881,0
rep3,1.1444,882,0
rep3,1.1449,883,0
rep3,1.145,884,0
rep3,1.1453,885,0
rep3,1.1457,886,0
rep3,1.1462,887,0
rep3,1.1469,888,0
rep3,1.1469,889,0
rep3,1.147,890,0
rep3,1.1473,891,0
rep3,1.1477,892,0
rep3,1.1486,893,0
rep3,1.1488,894,0
rep3,1.1488,895,0
rep3,1.1491,896,0
rep3,1.1494,897,0
rep3,1.1499,898,0
rep3,1.15,899,0
rep3,1.15,900,0
rep3,1.1501,901,0
rep3,1.1502,902,0
rep3,1.1502,903,0
rep3,1.1506,904,0
rep3,1.1506,905,0
rep3,1.1507,906,0
rep3,1.1512,907,0
rep3,1.1513,908,0
rep3,1.1515,909,0
rep3,1.1516,910,0
rep3,1.1518,911,0
rep3,1.1521,912,0
rep3,1.1521,913,0
rep3,1.1523,914,0
rep3,1.1524,915,0
rep3,1.1524,916,0
rep3,1.1527,917,0
rep3,1.1528,918,0
rep3,1.1529,919,0
rep3,1.1534,920,0
rep3,1.1535,921,0
rep3,1.1536,922,0
rep3,1.154,923,0
rep3,1.1542,924,0
rep3,1.1545,925,0
rep3,1.1546,926,0
rep3,1.1546,927,0
rep3,1.1547,928,0
rep3,1.155,929,0
rep3,1.155,930,0
rep3,1.1551,931,0
rep3,1.1559,932,0
rep3,1.1561,933,0
rep3,1.1565,934,0
rep3,1.1565,935,0
rep3,1.1565,936,0
rep3,1.1566,937,0
rep3,1.1566,938,0
rep3,1.1574,939,0
rep3,1.1575,940,0
rep3,1.1577,941,0
rep3,1.1578,942,0
rep3,1.1581,943,0
rep3,1.1583,944,0
rep3,1.1583,945,0
rep3,1.1586,946,0
rep3,1.1587,947,0
rep3,1.1587,948,0
rep3,1.1588,949,0
rep3,1.1589,950,0
rep3,1.1592,951,0
rep3,1.1592,952,0
rep3,1.1593,953,0
rep3,1.1595,954,0
rep3,1.1598,955,0
rep3,1.1603,956,0
rep3,1.1604,957,0
rep3,1.1605,958,0
rep3,1.1606,959,0
rep3,1.1607,960,0
rep3,1.1608,961,0
rep3,1.1609,962,0
rep3,1.1613,963,0
rep3,1.1613,964,0
rep3,1.1614,965,0
rep3,1.1615,966,0
rep3,1.1616,967,0
rep3,1.1617,968,0
rep3,1.1619,969,0
rep3,1.1619,970,0
rep3,1.162,971,0
rep3,1.162,972,0
rep3,1.1621,973,0
rep3,1.1622,974,0
rep3,1.1623,975,0
rep3,1.1626,976,0
rep3,1.1627,977,0
rep3,1.1628,978,0
rep3,1.1631,979,0
rep3,1.1636,980,0
rep3,1.1637,981,0
rep3,1.1638,982,0
rep3,1.1638,983,0
rep3,1.1639,984,0
rep3,1.164,985,0
rep3,1.1646,986,0
rep3,1.1646,987,0
rep3,1.1648,988,0
rep3,1.1648,989,0
rep3,1.1648,990,0
rep3,1.1649,991,0
rep3,1.1651,992,0
rep3,1.1652,993,0
rep3,1.1653,994,0
rep3,1.1653,995,0
rep3,1.1654,996,0
rep3,1.1656,997,0
rep3,1.1657,998,0
rep3,1.1657,999,0
rep3,1.1658,1000,0
rep3,1.1658,1001,0
rep3,1.1659,1002,0
rep3,1.1659,1003,0
rep3,1.1661,1004,0
rep3,1.1661,1005,0
rep3,1.1661,1006,0
rep3,1.1661,1007,0
rep3,1.1663,1008,0
rep3,1.1664,1009,0
rep3,1.1666,1010,0
rep3,1.1668,1011,0
rep3,1.1669,1012,0
rep3,1.167,1013,0
rep3,1.167,1014,0
rep3,1.1671,1015,0
rep3,1.1671,1016,0
rep3,1.1672,1017,0
rep3,1.1674,1018,0
rep3,1.1676,1019,0
rep3,1.1676,1020,0
rep3,1.1677,1021,0
rep3,1.1679,1022,0
rep3,1.1681,1023,0
rep3,1.1684,1024,0
rep3,1.1685,1025,0
rep3,1.1687,1026,0
rep3,1.1691,1027,0
rep3,1.1691,1028,0
rep3,1.1691,1029,0
rep3,1.1694,1030,0
rep3,1.1694,1031,0
rep3,1.1697,1032,0
rep3,1.1697,1033,0
rep3,1.1698,1034,0
rep3,1.1699,1035,0
rep3,1.1699,1036,0
rep3,1.17,1037,0
rep3,1.1705,1038,0
rep3,1.1707,1039,0
rep3,1.1707,1040,0
rep3,1.1712,1041,0
rep3,1.1718,1042,0
rep3,1.1719,1043,0
rep3,1.172,1044,0
rep3,1.1724,1045,0
rep3,1.1727,1046,0
rep3,1.1728,1047,0
rep3,1.1731,1048,0
rep3,1.1731,1049,0
rep3,1.1735,1050,0
rep3,1.1738,1051,0
rep3,1.1738,1052,0
rep3,1.1738,1053,0
rep3,1.1741,1054,0
rep3,1.1751,1055,0
rep3,1.1753,1056,0
rep3,1.1754,1057,0
rep3,1.1755,1058,0
rep3,1.1755,1059,0
rep3,1.1757,1060,0
rep3,1.176,1061,0
rep3,1.1766,1062,0
rep3,1.1766,1063,0
rep3,1.1771,1064,0
rep3,1.1771,1065,0
rep3,1.1775,1066,0
rep3,1.1782,1067,0
rep3,1.1783,1068,0
rep3,1.1783,1069,0
rep3,1.1788,1070,0
rep3,1.1796,1071,0
rep3,1.1799,1072,0
rep3,1.1804,1073,0
rep3,1.1805,1074,0
rep3,1.1806,1075,0
rep3,1.181,1076,0
rep3,1.181,1077,0
rep3,1.1812,1078,0
rep3,1.1815,1079,0
rep3,1.1816,1080,0
rep3,1.182,1081,0
rep3,1.182,1082,0
rep3,1.1825,1083,0
rep3,1.1828,1084,0
rep3,1.1828,1085,0
rep3,1.1829,1086,0
rep3,1.1829,1087,0
rep3,1.1831,1088,0
rep3,1.1833,1089,0
rep3,1.1839,1090,0
rep3,1.1839,1091,0
rep3,1.184,1092,0
rep3,1.1841,1093,0
rep3,1.1841,1094,0
rep3,1.1843,1095,0
rep3,1.1843,1096,0
rep3,1.1846,1097,0
rep3,1.1849,1098,0
rep3,1.1853,1099,0
rep3,1.1854,1100,0
rep3,1.1854,1101,0
rep3,1.1854,1102,0
rep3,1.1855,1103,0
rep3,1.1856,1104,0
rep3,1.1856,1105,0
rep3,1.1856,1106,0
rep3,1.1859,1107,0
rep3,1.1859,1108,0
rep3,1.186,1109,0
rep3,1.1865,1110,0
rep3,1.1868,1111,0
rep3,1.1868,1112,0
rep3,1.1868,1113,0
rep3,1.1871,1114,0
rep3,1.1871,1115,0
rep3,1.1872,1116,0
rep3,1.1873,1117,0
rep3,1.1874,1118,0
rep3,1.1874,1119,0
rep3,1.1875,1120,0
rep3,1.188,1121,0
rep3,1.1882,1122,0
rep3,1.1884,1123,0
rep3,1.1884,1124,0
rep3,1.1885,1125,0
rep3,1.189,1126,0
rep3,1.1892,1127,0
rep3,1.1892,1128,0
rep3,1.1893,1129,0
rep3,1.1894,1130,0
rep3,1.1895,1131,0
rep3,1.1897,1132,0
rep3,1.1898,1133,0
rep3,1.1899,1134,0
rep3,1.1899,1135,0
rep3,1.19,1136,0
rep3,1.1901,1137,0
rep3,1.1903,1138,0
rep3,1.1904,1139,0
rep3,1.1907,1140,0
rep3,1.191,1141,0
rep3,1.191,1142,0
rep3,1.191,1143,0
rep3,1.1911,1144,0
rep3,1.1913,1145,0
rep3,1.1913,1146,0
rep3,1.1914,1147,0
rep3,1.1916,1148,0
rep3,1.1917,1149,0
rep3,1.192,1150,0
rep3,1.1927,1151,0
rep3,1.1929,1152,0
rep3,1.1931,1153,0
rep3,1.1931,1154,0
rep3,1.1931,1155,0
rep3,1.1933,1156,0
rep3,1.1934,1157,0
rep3,1.1934,1158,0
rep3,1.1934,1159,0
rep3,1.1934,1160,0
rep3,1.1936,1161,0
rep3,1.1937,1162,0
rep3,1.1939,1163,0
rep3,1.1939,1164,0
rep3,1.194,1165,0
rep3,1.1942,1166,0
rep3,1.1943,1167,0
rep3,1.1945,1168,0
rep3,1.1946,1169,0
rep3,1.1946,1170,0
rep3,1.1947,1171,0
rep3,1.1947,1172,0
rep3,1.1948,1173,0
rep3,1.1949,1174,0
rep3,1.195,1175,0
rep3,1.195,1176,0
rep3,1.195,1177,0
rep3,1.1953,1178,0
rep3,1.1954,1179,0
rep3,1.1956,1180,0
rep3,1.1956,1181,0
rep3,1.1958,1182,0
rep3,1.1959,1183,0
rep3,1.196,1184,0
rep3,1.1961,1185,0
rep3,1.1962,1186,0
rep3,1.1962,1187,0
rep3,1.1964,1188,0
rep3,1.1969,1189,0
rep3,1.197,1190,0
rep3,1.1973,1191,0
rep3,1.1975,1192,0
rep3,1.1976,1193,0
rep3,1.1976,1194,0
rep3,1.1976,1195,0
rep3,1.1982,1196,0
rep3,1.1985,1197,0
rep3,1.1986,1198,0
rep3,1.1987,1199,0
rep3,1.1988,1200,0
rep3,1.1989,1201,0
rep3,1.1994,1202,0
rep3,1.1995,1203,0
rep3,1.1997,1204,0
rep3,1.1998,1205,0
rep3,1.1999,1206,0
rep3,1.2001,1207,0
rep3,1.2002,1208,0
rep3,1.2006,1209,0
rep3,1.2006,1210,0
rep3,1.2009,1211,0
rep3,1.2009,1212,0
rep3,1.201,1213,0
rep3,1.2011,1214,0
rep3,1.2011,1215,0
rep3,1.2012,1216,0
rep3,1.2014,1217,0
rep3,1.2015,1218,0
rep3,1.2016,1219,0
rep3,1.2018,1220,0
rep3,1.2023,1221,0
rep3,1.2023,1222,0
rep3,1.2023,1223,0
rep3,1.2031,1224,0
rep3,1.2031,1225,0
rep3,1.2033,1226,0
rep3,1.2036,1227,0
rep3,1.2036,1228,0
rep3,1.2036,1229,0
rep3,1.2037,1230,0
rep3,1.2039,1231,0
rep3,1.2041,1232,0
rep3,1.2041,1233,0
rep3,1.2042,1234,0
rep3,1.2045,1235,0
rep3,1.205,1236,0
rep3,1.2053,1237,0
rep3,1.2055,1238,0
rep3,1.2055,1239,0
rep3,1.2057,1240,0
rep3,1.2058,1241,0
rep3,1.206,1242,0
rep3,1.2062,1243,0
rep3,1.2064,1244,0
rep3,1.2069,1245,0
rep3,1.207,1246,0
rep3,1.2071,1247,0
rep3,1.2074,1248,0
rep3,1.2074,1249,0
rep3,1.2075,1250,0
rep3,1.2079,1251,0
rep3,1.2079,1252,0
rep3,1.208,1253,0
rep3,1.2082,1254,0
rep3,1.2086,1255,0
rep3,1.2091,1256,0
rep3,1.2093,1257,0
rep3,1.2094,1258,0
rep3,1.2095,1259,0
rep3,1.2096,1260,0
rep3,1.2098,1261,0
rep3,1.2099,1262,0
rep3,1.2099,1263,0
rep3,1.2102,1264,0
rep3,1.2106,1265,0
rep3,1.2107,1266,0
rep3,1.211,1267,0
rep3,1.2111,1268,0
rep3,1.2112,1269,0
rep3,1.2113,1270,0
rep3,1.2114,1271,0
rep3,1.2115,1272,0
rep3,1.2117,1273,0
rep3,1.2121,1274,0
rep3,1.2123,1275,0
rep3,1.2123,1276,0
rep3,1.2127,1277,0
rep3,1.2127,1278,0
rep3,1.2128,1279,0
rep3,1.213,1280,0
rep3,1.2133,1281,0
rep3,1.2134,1282,0
rep3,1.2135,1283,0
rep3,1.2136,1284,0
rep3,1.2138,1285,0
rep3,1.2144,1286,0
rep3,1.2145,1287,0
rep3,1.2147,1288,0
rep3,1.2149,1289,0
rep3,1.2152,1290,0
rep3,1.2152,1291,0
rep3,1.2153,1292,0
rep3,1.2158,1293,0
rep3,1.2159,1294,0
rep3,1.216,1295,0
rep3,1.2165,1296,0
rep3,1.2168,1297,0
rep3,1.2171,1298,0
rep3,1.2173,1299,0
rep3,1.2173,1300,0
rep3,1.2174,1301,0
rep3,1.2175,1302,0
rep3,1.2175,1303,0
rep3,1.2178,1304,0
rep3,1.2181,1305,0
rep3,1.2182,1306,0
rep3,1.2182,1307,0
rep3,1.2185,1308,0
rep3,1.2188,1309,0
rep3,1.2189,1310,0
rep3,1.219,1311,0
rep3,1.2191,1312,0
rep3,1.2193,1313,0
rep3,1.2194,1314,0
rep3,1.2196,1315,0
rep3,1.2202,1316,0
rep3,1.2209,1317,0
rep3,1.221,1318,0
rep3,1.2211,1319,0
rep3,1.2211,1320,0
rep3,1.2212,1321,0
rep3,1.2213,1322,0
rep3,1.2215,1323,0
rep3,1.2216,1324,0
rep3,1.2218,1325,0
rep3,1.2218,1326,0
rep3,1.2223,1327,0
rep3,1.2224,1328,0
rep3,1.2225,1329,0
rep3,1.2227,1330,0
rep3,1.2228,1331,0
rep3,1.2229,1332,0
rep3,1.223,1333,0
rep3,1.2231,1334,0
rep3,1.2231,1335,0
rep3,1.2231,1336,0
rep3,1.2231,1337,0
rep3,1.2233,1338,0
rep3,1.2235,1339,0
rep3,1.2238,1340,0
rep3,1.2238,1341,0
rep3,1.224,1342,0
rep3,1.224,1343,0
rep3,1.2241,1344,0
rep3,1.2244,1345,0
rep3,1.2248,1346,0
rep3,1.2248,1347,0
rep3,1.2249,1348,0
rep3,1.2253,1349,0
rep3,1.2257,1350,0
rep3,1.226,1351,0
rep3,1.2261,1352,0
rep3,1.2261,1353,0
rep3,1.2262,1354,0
rep3,1.2263,1355,0
rep3,1.2263,1356,0
rep3,1.2265,1357,0
rep3,1.2266,1358,0
rep3,1.2266,1359,0
rep3,1.2269,1360,0
rep3,1.2271,1361,0
rep3,1.2273,1362,0
rep3,1.2274,1363,0
rep3,1.2279,1364,0
rep3,1.2279,1365,0
rep3,1.228,1366,0
rep3,1.2283,1367,0
rep3,1.2283,1368,0
rep3,1.2283,1369,0
rep3,1.2285,1370,0
rep3,1.2286,1371,0
rep3,1.2287,1372,0
rep3,1.229,1373,0
rep3,1.2292,1374,0
rep3,1.2294,1375,0
rep3,1.2295,1376,0
rep3,1.2297,1377,0
rep3,1.2298,1378,0
rep3,1.2305,1379,0
rep3,1.2306,1380,0
rep3,1.2312,1381,0
rep3,1.2314,1382,0
rep3,1.2315,1383,0
rep3,1.2316,1384,0
rep3,1.2317,1385,0
rep3,1.2318,1386,0
rep3,1.232,1387,0
rep3,1.2321,1388,0
rep3,1.2324,1389,0
rep3,1.233,1390,0
rep3,1.233,1391,0
rep3,1.2331,1392,0
rep3,1.2335,1393,0
rep3,1.2339,1394,0
rep3,1.2346,1395,0
rep3,1.2347,1396,0
rep3,1.2348,1397,0
rep3,1.2351,1398,0
rep3,1.2351,1399,0
rep3,1.2353,1400,0
rep3,1.2356,1401,0
rep3,1.2359,1402,0
rep3,1.236,1403,0
rep3,1.2361,1404,0
rep3,1.2361,1405,0
rep3,1.2363,1406,0
rep3,1.2363,1407,0
rep3,1.2364,1408,0
rep3,1.2367,1409,0
rep3,1.2367,1410,0
rep3,1.2372,1411,0
rep3,1.2374,1412,0
rep3,1.2376,1413,0
rep3,1.2379,1414,0
rep3,1.238,1415,0
rep3,1.2381,1416,0
rep3,1.2383,1417,0
rep3,1.2386,1418,0
rep3,1.2389,1419,0
rep3,1.2396,1420,0
rep3,1.2396,1421,0
rep3,1.2396,1422,0
rep3,1.2397,1423,0
rep3,1.2398,1424,0
rep3,1.2399,1425,0
rep3,1.2399,1426,0
rep3,1.2401,1427,0
rep3,1.2401,1428,0
rep3,1.2404,1429,0
rep3,1.2405,1430,0
rep3,1.2409,1431,0
rep3,1.2411,1432,0
rep3,1.2411,1433,0
rep3,1.2413,1434,0
rep3,1.2414,1435,0
rep3,1.2415,1436,0
rep3,1.2416,1437,0
rep3,1.242,1438,0
rep3,1.2421,1439,0
rep3,1.2422,1440,0
rep3,1.2422,1441,0
rep3,1.2424,1442,0
rep3,1.2424,1443,0
rep3,1.2427,1444,0
rep3,1.2429,1445,0
rep3,1.2441,1446,0
rep3,1.2442,1447,0
rep3,1.2447,1448,0
rep3,1.2449,1449,0
rep3,1.2454,1450,0
rep3,1.2455,1451,0
rep3,1.247,1452,0
rep3,1.2475,1453,0
rep3,1.2478,1454,0
rep3,1.2484,1455,0
rep3,1.2485,1456,0
rep3,1.2487,1457,0
rep3,1.249,1458,0
rep3,1.2493,1459,0
rep3,1.2494,1460,0
rep3,1.25,1461,0
rep3,1.2501,1462,0
rep3,1.2501,1463,0
rep3,1.2504,1464,0
rep3,1.2507,1465,0
rep3,1.2509,1466,0
rep3,1.2509,1467,0
rep3,1.2509,1468,0
rep3,1.251,1469,0
rep3,1.251,1470,0
rep3,1.2511,1471,0
rep3,1.2516,1472,0
rep3,1.2517,1473,0
rep3,1.2524,1474,0
rep3,1.2524,1475,0
rep3,1.2526,1476,0
rep3,1.2527,1477,0
rep3,1.2529,1478,0
rep3,1.253,1479,0
rep3,1.253,1480,0
rep3,1.2531,1481,0
rep3,1.2531,1482,0
rep3,1.2532,1483,0
rep3,1.2537,1484,0
rep3,1.2538,1485,0
rep3,1.2541,1486,0
rep3,1.2542,1487,0
rep3,1.2543,1488,0
rep3,1.2544,1489,0
rep3,1.2545,1490,0
rep3,1.2548,1491,0
rep3,1.2554,1492,0
rep3,1.2556,1493,0
rep3,1.256,1494,0
rep3,1.2566,1495,0
rep3,1.2567,1496,0
rep3,1.2567,1497,0
rep3,1.2568,1498,0
rep3,1.257,1499,0
rep3,1.2573,1500,0
rep3,1.2575,1501,0
rep3,1.2577,1502,0
rep3,1.2577,1503,0
rep3,1.2582,1504,0
rep3,1.2582,1505,0
rep3,1.2582,1506,0
rep3,1.2586,1507,0
rep3,1.2587,1508,0
rep3,1.2587,1509,0
rep3,1.2587,1510,0
rep3,1.2588,1511,0
rep3,1.2589,1512,0
rep3,1.2591,1513,0
rep3,1.2593,1514,0
rep3,1.2594,1515,0
rep3,1.2599,1516,0
rep3,1.26,1517,0
rep3,1.2609,1518,0
rep3,1.2611,1519,0
rep3,1.2611,1520,0
rep3,1.2614,1521,0
rep3,1.2619,1522,0
rep3,1.2623,1523,0
rep3,1.2626,1524,0
rep3,1.2631,1525,0
rep3,1.2631,1526,0
rep3,1.2632,1527,0
rep3,1.2632,1528,0
rep3,1.2635,1529,0
rep3,1.2638,1530,0
rep3,1.2639,1531,0
rep3,1.2642,1532,0
rep3,1.2645,1533,0
rep3,1.2646,1534,0
rep3,1.2649,1535,0
rep3,1.265,1536,0
rep3,1.265,1537,0
rep3,1.2651,1538,0
rep3,1.2652,1539,0
rep3,1.2656,1540,0
rep3,1.2659,1541,0
rep3,1.2662,1542,0
rep3,1.2663,1543,0
rep3,1.2666,1544,0
rep3,1.267,1545,0
rep3,1.2671,1546,0
rep3,1.2674,1547,0
rep3,1.2675,1548,0
rep3,1.2678,1549,0
rep3,1.2684,1550,0
rep3,1.2686,1551,0
rep3,1.2689,1552,0
rep3,1.2689,1553,0
rep3,1.269,1554,0
rep3,1.2693,1555,0
rep3,1.2695,1556,0
rep3,1.2695,1557,0
rep3,1.2698,1558,0
rep3,1.2705,1559,0
rep3,1.2705,1560,0
rep3,1.271,1561,0
rep3,1.2714,1562,0
rep3,1.2717,1563,0
rep3,1.2718,1564,0
rep3,1.272,1565,0
rep3,1.2721,1566,0
rep3,1.2722,1567,0
rep3,1.2723,1568,0
rep3,1.2729,1569,0
rep3,1.2735,1570,0
rep3,1.2736,1571,0
rep3,1.2741,1572,0
rep3,1.2741,1573,0
rep3,1.2744,1574,0
rep3,1.2744,1575,0
rep3,1.2749,1576,0
rep3,1.2751,1577,0
rep3,1.2751,1578,0
rep3,1.2753,1579,0
rep3,1.2754,1580,0
rep3,1.2758,1581,0
rep3,1.2758,1582,0
rep3,1.2766,1583,0
rep3,1.2768,1584,0
rep3,1.277,1585,0
rep3,1.2771,1586,0
rep3,1.2772,1587,0
rep3,1.2773,1588,0
rep3,1.2775,1589,0
rep3,1.2776,1590,0
rep3,1.2777,1591,0
rep3,1.2784,1592,0
rep3,1.2787,1593,0
rep3,1.2787,1594,0
rep3,1.2791,1595,0
rep3,1.2798,1596,0
rep3,1.2799,1597,0
rep3,1.2799,1598,0
rep3,1.2799,1599,0
rep3,1.2805,1600,0
rep3,1.2805,1601,0
rep3,1.2806,1602,0
rep3,1.2807,1603,0
rep3,1.2808,1604,0
rep3,1.2809,1605,0
rep3,1.2809,1606,0
rep3,1.2813,1607,0
rep3,1.2815,1608,0
rep3,1.2815,1609,0
rep3,1.2817,1610,0
rep3,1.2821,1611,0
rep3,1.2821,1612,0
rep3,1.2822,1613,0
rep3,1.2824,1614,0
rep3,1.2827,1615,0
rep3,1.2827,1616,0
rep3,1.2828,1617,0
rep3,1.2829,1618,0
rep3,1.283,1619,0
rep3,1.2833,1620,0
rep3,1.2833,1621,0
rep3,1.2833,1622,0
rep3,1.2835,1623,0
rep3,1.2839,1624,0
rep3,1.2845,1625,0
rep3,1.2845,1626,0
rep3,1.2845,1627,0
rep3,1.2849,1628,0
rep3,1.285,1629,0
rep3,1.2861,1630,0
rep3,1.2861,1631,0
rep3,1.2861,1632,0
rep3,1.2865,1633,0
rep3,1.2866,1634,0
rep3,1.2867,1635,0
rep3,1.287,1636,0
rep3,1.2872,1637,0
rep3,1.2873,1638,0
rep3,1.2875,1639,0
rep3,1.2878,1640,0
rep3,1.2879,1641,0
rep3,1.2885,1642,0
rep3,1.2888,1643,0
rep3,1.2894,1644,0
rep3,1.2897,1645,0
rep3,1.2898,1646,0
rep3,1.2898,1647,0
rep3,1.2899,1648,0
rep3,1.29,1649,0
rep3,1.29,1650,0
rep3,1.29,1651,0
rep3,1.2902,1652,0
rep3,1.2903,1653,0
rep3,1.2903,1654,0
rep3,1.2903,1655,0
rep3,1.2904,1656,0
rep3,1.2904,1657,0
rep3,1.2906,1658,0
rep3,1.2908,1659,0
rep3,1.2909,1660,0
rep3,1.2917,1661,0
rep3,1.2918,1662,0
rep3,1.292,1663,0
rep3,1.292,1664,0
rep3,1.2923,1665,0
rep3,1.2926,1666,0
rep3,1.2931,1667,0
rep3,1.2931,1668,0
rep3,1.2934,1669,0
rep3,1.2938,1670,0
rep3,1.2943,1671,0
rep3,1.2943,1672,0
rep3,1.2943,1673,0
rep3,1.2944,1674,0
rep3,1.2949,1675,0
rep3,1.2952,1676,0
rep3,1.2963,1677,0
rep3,1.2967,1678,0
rep3,1.2968,1679,0
rep3,1.297,1680,0
rep3,1.2972,1681,0
rep3,1.2981,1682,0
rep3,1.2982,1683,0
rep3,1.2985,1684,0
rep3,1.2989,1685,0
rep3,1.2989,1686,0
rep3,1.2992,1687,0
rep3,1.3003,1688,0
rep3,1.3003,1689,0
rep3,1.3004,1690,0
rep3,1.3007,1691,0
rep3,1.301,1692,0
rep3,1.301,1693,0
rep3,1.3011,1694,0
rep3,1.3012,1695,0
rep3,1.3014,1696,0
rep3,1.3025,1697,0
rep3,1.3026,1698,0
rep3,1.3027,1699,0
rep3,1.3027,1700,0
rep3,1.3043,1701,0
rep3,1.3045,1702,0
rep3,1.3046,1703,0
rep3,1.3053,1704,0
rep3,1.3053,1705,0
rep3,1.3055,1706,0
rep3,1.3065,1707,0
rep3,1.3067,1708,0
rep3,1.3068,1709,0
rep3,1.3069,1710,0
rep3,1.3069,1711,0
rep3,1.307,1712,0
rep3,1.307,1713,0
rep3,1.3072,1714,0
rep3,1.3072,1715,0
rep3,1.3075,1716,0
rep3,1.3088,1717,0
rep3,1.3091,1718,0
rep3,1.3092,1719,0
rep3,1.3096,1720,0
rep3,1.3099,1721,0
rep3,1.3104,1722,0
rep3,1.3106,1723,0
rep3,1.3109,1724,0
rep3,1.3112,1725,0
rep3,1.3113,1726,0
rep3,1.3115,1727,0
rep3,1.3116,1728,0
rep3,1.3118,1729,0
rep3,1.3129,1730,0
rep3,1.3132,1731,0
rep3,1.3135,1732,0
rep3,1.314,1733,0
rep3,1.3141,1734,0
rep3,1.3142,1735,0
rep3,1.3142,1736,0
rep3,1.3143,1737,0
rep3,1.3144,1738,0
rep3,1.3147,1739,0
rep3,1.3156,1740,0
rep3,1.3157,1741,0
rep3,1.3164,1742,0
rep3,1.3175,1743,0
rep3,1.3175,1744,0
rep3,1.3177,1745,0
rep3,1.3177,1746,0
rep3,1.3182,1747,0
rep3,1.3193,1748,0
rep3,1.3196,1749,0
rep3,1.3205,1750,0
rep3,1.3208,1751,0
rep3,1.3209,1752,0
rep3,1.3211,1753,0
rep3,1.3213,1754,0
rep3,1.3215,1755,0
rep3,1.3218,1756,0
rep3,1.3221,1757,0
rep3,1.3221,1758,0
rep3,1.3221,1759,0
rep3,1.323,1760,0
rep3,1.3235,1761,0
rep3,1.3235,1762,0
rep3,1.3237,1763,0
rep3,1.3243,1764,0
rep3,1.3248,1765,0
rep3,1.3248,1766,0
rep3,1.3249,1767,0
rep3,1.3251,1768,0
rep3,1.3252,1769,0
rep3,1.3254,1770,0
rep3,1.3257,1771,0
rep3,1.3262,1772,0
rep3,1.3264,1773,0
rep3,1.3271,1774,0
rep3,1.3278,1775,0
rep3,1.3278,1776,0
rep3,1.3278,1777,0
rep3,1.328,1778,0
rep3,1.329,1779,0
rep3,1.3291,1780,0
rep3,1.3291,1781,0
rep3,1.3292,1782,0
rep3,1.3295,1783,0
rep3,1.3295,1784,0
rep3,1.3297,1785,0
rep3,1.3298,1786,0
rep3,1.3303,1787,0
rep3,1.3307,1788,0
rep3,1.3307,1789,0
rep3,1.3314,1790,0
rep3,1.3315,1791,0
rep3,1.3316,1792,0
rep3,1.332,1793,0
rep3,1.3321,1794,0
rep3,1.3323,1795,0
rep3,1.333,1796,0
rep3,1.3342,1797,0
rep3,1.3344,1798,0
rep3,1.3348,1799,0
rep3,1.3351,1800,0
rep3,1.3354,1801,0
rep3,1.3365,1802,0
rep3,1.337,1803,0
rep3,1.3371,1804,0
rep3,1.3374,1805,0
rep3,1.3375,1806,0
rep3,1.3381,1807,0
rep3,1.3382,1808,0
rep3,1.3383,1809,0
rep3,1.339,1810,0
rep3,1.3391,1811,0
rep3,1.3394,1812,0
rep3,1.3397,1813,0
rep3,1.34,1814,0
rep3,1.3402,1815,0
rep3,1.3403,1816,0
rep3,1.3404,1817,0
rep3,1.3411,1818,0
rep3,1.3412,1819,0
rep3,1.3413,1820,0
rep3,1.3413,1821,0
rep3,1.3413,1822,0
rep3,1.3413,1823,0
rep3,1.3425,1824,0
rep3,1.3426,1825,0
rep3,1.3429,1826,0
rep3,1.3434,1827,0
rep3,1.3437,1828,0
rep3,1.344,1829,0
rep3,1.3447,1830,0
rep3,1.3447,1831,0
rep3,1.3449,1832,0
rep3,1.3457,1833,0
rep3,1.3459,1834,0
rep3,1.3459,1835,0
rep3,1.3466,1836,0
rep3,1.3466,1837,0
rep3,1.3469,1838,0
rep3,1.3484,1839,0
rep3,1.3488,1840,0
rep3,1.3489,1841,0
rep3,1.349,1842,0
rep3,1.3491,1843,0
rep3,1.3493,1844,0
rep3,1.3493,1845,0
rep3,1.3494,1846,0
rep3,1.3497,1847,0
rep3,1.3507,1848,0
rep3,1.3509,1849,0
rep3,1.3512,1850,0
rep3,1.3515,1851,0
rep3,1.3516,1852,0
rep3,1.3527,1853,0
rep3,1.353,1854,0
rep3,1.3532,1855,0
rep3,1.3534,1856,0
rep3,1.3537,1857,0
rep3,1.3544,1858,0
rep3,1.3549,1859,0
rep3,1.3556,1860,0
rep3,1.3561,1861,0
rep3,1.3563,1862,0
rep3,1.3564,1863,0
rep3,1.3585,1864,0
rep3,1.3587,1865,0
rep3,1.3587,1866,0
rep3,1.3588,1867,0
rep3,1.3592,1868,0
rep3,1.3593,1869,0
rep3,1.3605,1870,0
rep3,1.3605,1871,0
rep3,1.3611,1872,0
rep3,1.3613,1873,0
rep3,1.3618,1874,0
rep3,1.363,1875,0
rep3,1.3633,1876,0
rep3,1.3633,1877,0
rep3,1.364,1878,0
rep3,1.3642,1879,0
rep3,1.3643,1880,0
rep3,1.3649,1881,0
rep3,1.3655,1882,0
rep3,1.3659,1883,0
rep3,1.3664,1884,0
rep3,1.3664,1885,0
rep3,1.3666,1886,0
rep3,1.3666,1887,0
rep3,1.3667,1888,0
rep3,1.3671,1889,0
rep3,1.3671,1890,0
rep3,1.3678,1891,0
rep3,1.3683,1892,0
rep3,1.3688,1893,0
rep3,1.3692,1894,0
rep3,1.3695,1895,0
rep3,1.3702,1896,0
rep3,1.3702,1897,0
rep3,1.3709,1898,0
rep3,1.3715,1899,0
rep3,1.3718,1900,0
rep3,1.3727,1901,0
rep3,1.3731,1902,0
rep3,1.3733,1903,0
rep3,1.3733,1904,0
rep3,1.3739,1905,0
rep3,1.3755,1906,0
rep3,1.3765,1907,0
rep3,1.3772,1908,0
rep3,1.3772,1909,0
rep3,1.3774,1910,0
rep3,1.3775,1911,0
rep3,1.3778,1912,0
rep3,1.3782,1913,0
rep3,1.3783,1914,0
rep3,1.3802,1915,0
rep3,1.3818,1916,0
rep3,1.3825,1917,0
rep3,1.3827,1918,0
rep3,1.3829,1919,0
rep3,1.3833,1920,0
rep3,1.3833,1921,0
rep3,1.3836,1922,0
rep3,1.3837,1923,0
rep3,1.3839,1924,0
rep3,1.384,1925,0
rep3,1.3842,1926,0
rep3,1.3842,1927,0
rep3,1.385,1928,0
rep3,1.3857,1929,0
rep3,1.3862,1930,0
rep3,1.3865,1931,0
rep3,1.3866,1932,0
rep3,1.388,1933,0
rep3,1.388,1934,0
rep3,1.3891,1935,0
rep3,1.3893,1936,0
rep3,1.3901,1937,0
rep3,1.3906,1938,0
rep3,1.3908,1939,0
rep3,1.3909,1940,0
rep3,1.3912,1941,0
rep3,1.3918,1942,0
rep3,1.3918,1943,0
rep3,1.392,1944,0
rep3,1.3942,1945,0
rep3,1.3946,1946,0
rep3,1.3953,1947,0
rep3,1.3955,1948,0
rep3,1.3955,1949,0
rep3,1.3958,1950,0
rep3,1.3965,1951,0
rep3,1.3976,1952,0
rep3,1.3976,1953,0
rep3,1.3979,1954,0
rep3,1.3983,1955,0
rep3,1.3986,1956,0
rep3,1.3987,1957,0
rep3,1.399,1958,0
rep3,1.3996,1959,0
rep3,1.3996,1960,0
rep3,1.3997,1961,0
rep3,1.4018,1962,0
rep3,1.402,1963,0
rep3,1.4027,1964,0
rep3,1.4033,1965,0
rep3,1.4034,1966,0
rep3,1.4045,1967,0
rep3,1.4048,1968,0
rep3,1.4086,1969,0
rep3,1.4089,1970,0
rep3,1.4093,1971,0
rep3,1.4094,1972,0
rep3,1.4158,1973,0
rep3,1.416,1974,0
rep3,1.4161,1975,0
rep3,1.4169,1976,0
rep3,1.4182,1977,0
rep3,1.4184,1978,0
rep3,1.4187,1979,0
rep3,1.4193,1980,0
rep3,1.4193,1981,0
rep3,1.4196,1982,0
rep3,1.42,1983,0
rep3,1.4207,1984,0
rep3,1.4208,1985,0
rep3,1.4216,1986,0
rep3,1.4219,1987,0
rep3,1.4221,1988,0
rep3,1.4229,1989,0
rep3,1.4234,1990,0
rep3,1.4244,1991,0
rep3,1.4245,1992,0
rep3,1.425,1993,0
rep3,1.4252,1994,0
rep3,1.4253,1995,0
rep3,1.4257,1996,0
rep3,1.4264,1997,0
rep3,1.4266,1998,0
rep3,1.4271,1999,0
rep3,1.4294,2000,0
rep3,1.4312,2001,0
rep3,1.4318,2002,0
rep3,1.4337,2003,0
rep3,1.434,2004,0
rep3,1.4353,2005,0
rep3,1.4353,2006,0
rep3,1.4356,2007,0
rep3,1.4369,2008,0
rep3,1.4382,2009,0
rep3,1.4408,2010,0
rep3,1.4415,2011,0
rep3,1.4422,2012,0
rep3,1.4435,2013,0
rep3,1.4437,2014,0
rep3,1.4466,2015,0
rep3,1.4466,2016,0
rep3,1.4496,2017,0
rep3,1.4507,2018,0
rep3,1.4513,2019,0
rep3,1.452,2020,0
rep3,1.4539,2021,0
rep3,1.4547,2022,0
rep3,1.455,2023,0
rep3,1.4559,2024,0
rep3,1.456,2025,0
rep3,1.4573,2026,0
rep3,1.4592,2027,0
rep3,1.4602,2028,0
rep3,1.4606,2029,0
rep3,1.4615,2030,0
rep3,1.4617,2031,0
rep3,1.4626,2032,0
rep3,1.4626,2033,0
rep3,1.4635,2034,0
rep3,1.4643,2035,0
rep3,1.4656,2036,0
rep3,1.4664,2037,0
rep3,1.4684,2038,0
rep3,1.4746,2039,0
rep3,1.4756,2040,0
rep3,1.4757,2041,0
rep3,1.4786,2042,0
rep3,1.4794,2043,0
rep3,1.4805,2044,0
rep3,1.4813,2045,0
rep3,1.4823,2046,0
rep3,1.483,2047,0
rep3,1.4838,2048,0
rep3,1.4852,2049,0
rep3,1.4864,2050,0
rep3,1.4872,2051,0
rep3,1.4891,2052,0
rep3,1.4901,2053,0
rep3,1.4906,2054,0
rep3,1.4909,2055,0
rep3,1.4912,2056,0
rep3,1.492,2057,0
rep3,1.4942,2058,0
rep3,1.4953,2059,0
rep3,1.4958,2060,0
rep3,1.4976,2061,0
rep3,1.4981,2062,0
rep3,1.5011,2063,0
rep3,1.5048,2064,0
rep3,1.5065,2065,0
rep3,1.5079,2066,0
rep3,1.511,2067,0
rep3,1.5114,2068,0
rep3,1.5161,2069,0
rep3,1.5173,2070,0
rep3,1.5191,2071,0
rep3,1.52,2072,0
rep3,1.5216,2073,0
rep3,1.5229,2074,0
rep3,1.5239,2075,0
rep3,1.5254,2076,0
rep3,1.5256,2077,0
rep3,1.5268,2078,0
rep3,1.5328,2079,0
rep3,1.5347,2080,0
rep3,1.5434,2081,0
rep3,1.5447,2082,0
rep3,1.5463,2083,0
rep3,1.5465,2084,0
rep3,1.555,2085,0
rep3,1.5568,2086,0
rep3,1.557,2087,0
rep3,1.5575,2088,0
rep3,1.5624,2089,0
rep3,1.5689,2090,0
rep3,1.572,2091,0
rep3,1.5768,2092,0
rep3,1.5817,2093,0
rep3,1.5824,2094,0
rep3,1.5833,2095,0
rep3,1.5844,2096,0
rep3,1.5847,2097,0
rep3,1.5901,2098,0
rep3,1.5903,2099,0
rep3,1.5941,2100,0
rep3,1.598,2101,0
rep3,1.5984,2102,0
rep3,1.6089,2103,0
rep3,1.6106,2104,0
rep3,1.6226,2105,0
rep3,1.6422,2106,0
rep3,1.6536,2107,0
rep3,1.6588,2108,0
rep3,1.7999,2109,0
rep3,1.8909,2110,0
rep3,1.9703,2111,0
rep3,2.0184,2112,0
rep3,2.0206,2113,0
rep3,2.0399,2114,0
rep3,2.0512,2115,0
rep3,2.0517,2116,0
rep3,2.0518,2117,0
rep3,2.0518,2118,0
rep3,2.0524,2119,0
rep3,2.0524,2120,0
rep3,2.0525,2121,0
rep3,2.0525,2122,0
rep3,2.0526,2123,0
rep3,2.0528,2124,0
rep3,2.0529,2125,0
rep3,2.0531,2126,0
rep3,2.0533,2127,0
rep3,2.0534,2128,0
rep3,2.0535,2129,0
rep3,2.0536,2130,0
rep3,2.0537,2131,0
rep3,2.0538,2132,0
rep3,2.054,2133,0
rep3,2.0541,2134,0
rep3,2.0542,2135,0
rep3,2.0546,2136,0
rep3,2.0552,2137,0
rep3,2.0557,2138,0
rep3,2.0559,2139,0
rep3,2.056,2140,0
rep3,2.0578,2141,0
rep3,2.0611,2142,0
rep3,2.0623,2143,0
rep3,2.0626,2144,0
rep3,2.0628,2145,0
rep3,2.0638,2146,0
rep3,2.0641,2147,0
rep3,2.0651,2148,0
rep3,2.0657,2149,0
rep3,2.0665,2150,0
rep3,2.0673,2151,0
rep3,2.0693,2152,0
rep3,2.0697,2153,0
rep3,2.0715,2154,0
rep3,2.0728,2155,0
rep3,2.0747,2156,0
rep3,2.0766,2157,0
rep3,2.081,2158,0
rep3,2.0847,2159,0
rep3,2.0847,2160,0
rep3,2.0848,2161,0
rep3,2.0849,2162,0
rep3,2.0849,2163,0
rep3,2.085,2164,0
rep3,2.085,2165,0
rep3,2.0855,2166,0
rep3,2.0855,2167,0
rep3,2.086,2168,0
rep3,2.0865,2169,0
rep3,2.0865,2170,0
rep3,2.0866,2171,0
rep3,2.0869,2172,0
rep3,2.0869,2173,0
rep3,2.0873,2174,0
rep3,2.0876,2175,0
rep3,2.0877,2176,0
rep3,2.0881,2177,0
rep3,2.0883,2178,0
rep3,2.0884,2179,0
rep3,2.0887,2180,0
rep3,2.089,2181,0
rep3,2.0902,2182,0
rep3,2.0902,2183,0
rep3,2.0903,2184,0
rep3,2.0904,2185,0
rep3,2.091,2186,0
rep3,2.0913,2187,0
rep3,2.0915,2188,0
rep3,2.0915,2189,0
rep3,2.0919,2190,0
rep3,2.0923,2191,0
rep3,2.0924,2192,0
rep3,2.0925,2193,0
rep3,2.094,2194,0
rep3,2.0941,2195,0
rep3,2.0952,2196,0
rep3,2.0955,2197,0
rep3,2.096,2198,0
rep3,2.0964,2199,0
rep3,2.0965,2200,0
rep3,2.0972,2201,0
rep3,2.0988,2202,0
rep3,2.0989,2203,0
rep3,2.1,2204,0
rep3,2.1004,2205,0
rep3,2.1029,2206,0
rep3,2.1062,2207,0
rep3,2.109,2208,0
rep3,2.1105,2209,0
rep3,2.1112,2210,0
rep3,2.114,2211,0
rep3,2.1183,2212,0
rep3,2.1184,2213,0
rep3,2.1185,2214,0
rep3,2.1188,2215,0
rep3,2.1189,2216,0
rep3,2.1206,2217,0
rep3,2.1232,2218,0
rep3,2.1237,2219,0
rep3,2.1249,2220,0
rep3,2.1266,2221,0
rep3,2.1268,2222,0
rep3,2.1273,2223,0
rep3,2.1285,2224,0
rep3,2.1305,2225,0
rep3,2.1317,2226,0
rep3,2.1317,2227,0
rep3,2.1342,2228,0
rep3,2.1367,2229,0
rep3,2.1371,2230,0
rep3,2.1447,2231,0
rep3,2.1476,2232,0
rep3,2.1517,2233,0
rep3,2.1537,2234,0
rep3,2.1553,2235,0
rep3,2.1569,2236,0
rep3,2.1628,2237,0
rep3,2.1636,2238,0
rep3,2.1646,2239,0
rep3,2.1646,2240,0
rep3,2.165,2241,0
rep3,2.1652,2242,0
rep3,2.1655,2243,0
rep3,2.1667,2244,0
rep3,2.176,2245,0
rep3,2.1772,2246,0
rep3,2.1799,2247,0
rep3,2.1815,2248,0
rep3,2.1819,2249,0
rep3,2.1821,2250,0
rep3,2.1833,2251,0
rep3,2.1865,2252,0
rep3,2.187,2253,0
rep3,2.1871,2254,0
rep3,2.1902,2255,0
rep3,2.1905,2256,0
rep3,2.1947,2257,0
rep3,2.1957,2258,0
rep3,2.196,2259,0
rep3,2.1969,2260,0
rep3,2.1974,2261,0
rep3,2.1991,2262,0
rep3,2.2005,2263,0
rep3,2.2008,2264,0
rep3,2.2036,2265,0
rep3,2.205,2266,0
rep3,2.206,2267,0
rep3,2.2075,2268,0
rep3,2.21,2269,0
rep3,2.21,2270,0
rep3,2.2111,2271,0
rep3,2.2123,2272,0
rep3,2.2128,2273,0
rep3,2.2151,2274,0
rep3,2.2157,2275,0
rep3,2.2163,2276,0
rep3,2.2183,2277,0
rep3,2.2185,2278,0
rep3,2.2187,2279,0
rep3,2.2189,2280,0
rep3,2.2189,2281,0
rep3,2.2192,2282,0
rep3,2.2204,2283,0
rep3,2.2206,2284,0
rep3,2.2216,2285,0
rep3,2.2225,2286,0
rep3,2.2229,2287,0
rep3,2.2231,2288,0
rep3,2.2232,2289,0
rep3,2.2234,2290,0
rep4,0.074,0,1
rep4,1.0195,1,1
rep4,1.0195,2,1
rep4,1.0195,3,1
rep4,1.0195,4,1
rep4,1.0195,5,1
rep4,1.0196,6,1
rep4,1.0198,7,1
rep4,1.0198,8,1
rep4,1.0198,9,1
rep4,1.0199,10,1
rep4,1.02,11,1
rep4,1.02,12,1
rep4,1.02,13,1
rep4,1.0202,14,1
rep4,1.0203,15,1
rep4,1.0203,16,1
rep4,1.0203,17,1
rep4,1.0203,18,1
rep4,1.0204,19,1
rep4,1.0204,20,1
rep4,1.0204,21,1
rep4,1.0204,22,1
rep4,1.0206,23,1
rep4,1.0206,24,1
rep4,1.0207,25,1
rep4,1.0207,26,1
rep4,1.0209,27,1
rep4,1.021,28,1
rep4,1.021,29,1
rep4,1.021,30,1
rep4,1.0211,31,1
rep4,1.0212,32,1
rep4,1.0212,33,1
rep4,1.0213,34,1
rep4,1.0213,35,1
rep4,1.0214,36,1
rep4,1.0216,37,1
rep4,1.0217,38,1
rep4,1.0217,39,1
rep4,1.0218,40,1
rep4,1.0219,41,1
rep4,1.022,42,1
rep4,1.022,43,1
rep4,1.0221,44,1
rep4,1.0222,45,1
rep4,1.0224,46,1
rep4,1.0224,47,1
rep4,1.0225,48,1
rep4,1.0225,49,1
rep4,1.0225,50,1
rep4,1.0226,51,1
rep4,1.0226,52,1
rep4,1.0226,53,1
rep4,1.0227,54,1
rep4,1.0228,55,1
rep4,1.0228,56,1
rep4,1.0231,57,1
rep4,1.0232,58,1
rep4,1.0232,59,1
rep4,1.0233,60,1
rep4,1.0233,61,1
rep4,1.0234,62,1
rep4,1.0234,63,1
rep4,1.0235,64,1
rep4,1.0235,65,1
rep4,1.0235,66,1
rep4,1.0236,67,1
rep4,1.0236,68,1
rep4,1.0237,69,1
rep4,1.0238,70,1
rep4,1.0238,71,1
rep4,1.0238,72,1
rep4,1.0239,73,1
rep4,1.0239,74,1
rep4,1.024,75,1
rep4,1.0241,76,1
rep4,1.0241,77,1
rep4,1.0242,78,1
rep4,1.0243,79,1
rep4,1.0244,80,1
rep4,1.0245,81,1
rep4,1.0245,82,1
rep4,1.0245,83,1
rep4,1.0246,84,1
rep4,1.0247,85,1
rep4,1.0247,86,1
rep4,1.0248,87,1
rep4,1.0248,88,1
rep4,1.0249,89,1
rep4,1.0249,90,1
rep4,1.025,91,1
rep4,1.0251,92,1
rep4,1.0251,93,1
rep4,1.0252,94,1
rep4,1.0252,95,1
rep4,1.0254,96,1
rep4,1.0254,97,1
rep4,1.0256,98,1
rep4,1.0257,99,1
rep4,1.0257,100,1
rep4,1.0258,101,1
rep4,1.0258,102,1
rep4,1.026,103,1
rep4,1.026,104,1
rep4,1.0261,105,1
rep4,1.0262,106,1
rep4,1.0264,107,1
rep4,1.0266,108,1
rep4,1.0267,109,1
rep4,1.0267,110,1
rep4,1.0268,111,1
rep4,1.0269,112,1
rep4,1.0269,113,1
rep4,1.0271,114,1
rep4,1.0271,115,1
rep4,1.0271,116,1
rep4,1.0272,117,1
rep4,1.0273,118,1
rep4,1.0273,119,1
rep4,1.0274,120,1
rep4,1.0275,121,1
rep4,1.0276,122,1
rep4,1.0279,123,1
rep4,1.0279,124,1
rep4,1.0279,125,1
rep4,1.028,126,1
rep4,1.0282,127,1
rep4,1.0284,128,1
rep4,1.0287,129,1
rep4,1.029,130,1
rep4,1.0293,131,1
rep4,1.0293,132,1
rep4,1.0293,133,1
rep4,1.0294,134,1
rep4,1.0296,135,1
rep4,1.0297,136,1
rep4,1.0298,137,1
rep4,1.0299,138,1
rep4,1.0299,139,1
rep4,1.0302,140,1
rep4,1.0302,141,1
rep4,1.0303,142,1
rep4,1.0303,143,1
rep4,1.0304,144,1
rep4,1.0305,145,1
rep4,1.0307,146,1
rep4,1.0309,147,1
rep4,1.0309,148,1
rep4,1.0311,149,1
rep4,1.0311,150,1
rep4,1.0312,151,1
rep4,1.0313,152,1
rep4,1.032,153,1
rep4,1.0323,154,1
rep4,1.0325,155,1
rep4,1.0326,156,1
rep4,1.0326,157,1
rep4,1.0327,158,1
rep4,1.0327,159,1
rep4,1.0329,160,1
rep4,1.033,161,1
rep4,1.0331,162,1
rep4,1.0334,163,1
rep4,1.0336,164,1
rep4,1.0338,165,1
rep4,1.034,166,1
rep4,1.034,167,1
rep4,1.0341,168,1
rep4,1.0341,169,1
rep4,1.0341,170,1
rep4,1.0343,171,1
rep4,1.0343,172,1
rep4,1.0344,173,1
rep4,1.0348,174,1
rep4,1.0348,175,1
rep4,1.0349,176,1
rep4,1.035,177,1
rep4,1.035,178,1
rep4,1.0353,179,1
rep4,1.0359,180,1
rep4,1.0363,181,1
rep4,1.0364,182,1
rep4,1.0368,183,1
rep4,1.037,184,1
rep4,1.0371,185,1
rep4,1.0373,186,1
rep4,1.0375,187,1
rep4,1.0377,188,1
rep4,1.0381,189,1
rep4,1.0383,190,1
rep4,1.0386,191,1
rep4,1.0386,192,1
rep4,1.0388,193,1
rep4,1.0388,194,1
rep4,1.0391,195,1
rep4,1.0392,196,1
rep4,1.0394,197,1
rep4,1.0405,198,1
rep4,1.0406,199,1
rep4,1.0409,200,1
rep4,1.0409,201,1
rep4,1.0411,202,1
rep4,1.0412,203,1
rep4,1.0421,204,1
rep4,1.044,205,1
rep4,1.0441,206,1
rep4,1.0464,207,1
rep4,1.0466,208,1
rep4,1.047,209,1
rep4,1.0479,210,1
rep4,1.0481,211,1
rep4,1.0485,212,1
rep4,1.0491,213,1
rep4,1.0493,214,1
rep4,1.05,215,1
rep4,1.0501,216,1
rep4,1.0503,217,1
rep4,1.0509,218,1
rep4,1.0511,219,1
rep4,1.0511,220,1
rep4,1.0515,221,1
rep4,1.0519,222,1
rep4,1.0529,223,1
rep4,1.0529,224,1
rep4,1.0529,225,1
rep4,1.053,226,1
rep4,1.053,227,1
rep4,1.053,228,1
rep4,1.053,229,1
rep4,1.0531,230,1
rep4,1.0531,231,1
rep4,1.0532,232,1
rep4,1.0532,233,1
rep4,1.0533,234,1
rep4,1.0534,235,1
rep4,1.0535,236,1
rep4,1.0535,237,1
rep4,1.0535,238,1
rep4,1.0535,239,1
rep4,1.0536,240,1
rep4,1.0536,241,1
rep4,1.0536,242,1
rep4,1.0538,243,1
rep4,1.0539,244,1
rep4,1.0539,245,1
rep4,1.0539,246,1
rep4,1.0539,247,1
rep4,1.0542,248,1
rep4,1.0543,249,1
rep4,1.0543,250,1
rep4,1.0543,251,1
rep4,1.0544,252,1
rep4,1.0544,253,1
rep4,1.0544,254,1
rep4,1.0545,255,1
rep4,1.0546,256,1
rep4,1.0546,257,1
rep4,1.0546,258,1
rep4,1.0547,259,1
rep4,1.0547,260,1
rep4,1.0548,261,1
rep4,1.0548,262,1
rep4,1.0549,263,1
rep4,1.055,264,1
rep4,1.055,265,1
rep4,1.055,266,1
rep4,1.055,267,1
rep4,1.055,268,1
rep4,1.055,269,1
rep4,1.0551,270,1
rep4,1.0552,271,1
rep4,1.0552,272,1
rep4,1.0553,273,1
rep4,1.0553,274,1
rep4,1.0553,275,1
rep4,1.0553,276,1
rep4,1.0554,277,1
rep4,1.0554,278,1
rep4,1.0554,279,1
rep4,1.0555,280,1
rep4,1.0555,281,1
rep4,1.0556,282,1
rep4,1.0557,283,1
rep4,1.0558,284,1
rep4,1.0559,285,1
rep4,1.0562,286,1
rep4,1.0562,287,1
rep4,1.0562,288,1
rep4,1.0563,289,1
rep4,1.0564,290,1
rep4,1.0565,291,1
rep4,1.0565,292,1
rep4,1.0565,293,1
rep4,1.0566,294,1
rep4,1.0568,295,1
rep4,1.0569,296,1
rep4,1.0569,297,1
rep4,1.0569,298,1
rep4,1.057,299,1
rep4,1.0571,300,1
rep4,1.0571,301,1
rep4,1.0572,302,1
rep4,1.0574,303,1
rep4,1.0574,304,1
rep4,1.0575,305,1
rep4,1.0577,306,1
rep4,1.0577,307,1
rep4,1.0579,308,1
rep4,1.0579,309,1
rep4,1.0579,310,1
rep4,1.0579,311,1
rep4,1.0581,312,1
rep4,1.0581,313,1
rep4,1.0583,314,1
rep4,1.0583,315,1
rep4,1.0584,316,1
rep4,1.0584,317,1
rep4,1.0584,318,1
rep4,1.0585,319,1
rep4,1.0586,320,1
rep4,1.0587,321,1
rep4,1.0587,322,1
rep4,1.0588,323,1
rep4,1.0589,324,1
rep4,1.0589,325,1
rep4,1.0592,326,1
rep4,1.0593,327,1
rep4,1.0593,328,1
rep4,1.0594,329,1
rep4,1.0595,330,1
rep4,1.0595,331,1
rep4,1.0597,332,1
rep4,1.0597,333,1
rep4,1.0599,334,1
rep4,1.0599,335,1
rep4,1.0601,336,1
rep4,1.0601,337,1
rep4,1.0603,338,1
rep4,1.0603,339,1
rep4,1.0603,340,1
rep4,1.0604,341,1
rep4,1.0604,342,1
rep4,1.0605,343,1
rep4,1.0606,344,1
rep4,1.0607,345,1
rep4,1.0607,346,1
rep4,1.0608,347,1
rep4,1.061,348,1
rep4,1.061,349,1
rep4,1.061,350,1
rep4,1.0611,351,1
rep4,1.0611,352,1
rep4,1.0613,353,1
rep4,1.0613,354,1
rep4,1.0614,355,1
rep4,1.0617,356,1
rep4,1.0617,357,1
rep4,1.0617,358,1
rep4,1.0618,359,1
rep4,1.0621,360,1
rep4,1.0621,361,1
rep4,1.0622,362,1
rep4,1.0623,363,1
rep4,1.0623,364,1
rep4,1.0625,365,1
rep4,1.0626,366,1
rep4,1.0627,367,1
rep4,1.0628,368,1
rep4,1.0629,369,1
rep4,1.063,370,1
rep4,1.063,371,1
rep4,1.0631,372,1
rep4,1.0634,373,1
rep4,1.0635,374,1
rep4,1.0635,375,1
rep4,1.0636,376,1
rep4,1.0638,377,1
rep4,1.0639,378,1
rep4,1.0641,379,1
rep4,1.0642,380,1
rep4,1.0642,381,1
rep4,1.0643,382,1
rep4,1.0643,383,1
rep4,1.0643,384,1
rep4,1.0644,385,1
rep4,1.0645,386,1
rep4,1.0648,387,1
rep4,1.0648,388,1
rep4,1.0649,389,1
rep4,1.0649,390,1
rep4,1.065,391,1
rep4,1.0651,392,1
rep4,1.0652,393,1
rep4,1.0652,394,1
rep4,1.0653,395,1
rep4,1.0654,396,1
rep4,1.0654,397,1
rep4,1.0657,398,1
rep4,1.0659,399,1
rep4,1.0664,400,1
rep4,1.0665,401,1
rep4,1.0666,402,1
rep4,1.0668,403,1
rep4,1.067,404,1
rep4,1.067,405,1
rep4,1.0672,406,1
rep4,1.0672,407,1
rep4,1.0673,408,1
rep4,1.0673,409,1
rep4,1.0673,410,1
rep4,1.0674,411,1
rep4,1.0676,412,1
rep4,1.0676,413,1
rep4,1.0679,414,1
rep4,1.068,415,1
rep4,1.068,416,1
rep4,1.0681,417,1
rep4,1.0682,418,1
rep4,1.0683,419,1
rep4,1.0687,420,1
rep4,1.0687,421,1
rep4,1.0688,422,1
rep4,1.0692,423,1
rep4,1.0693,424,1
rep4,1.0701,425,1
rep4,1.0702,426,1
rep4,1.0702,427,1
rep4,1.0702,428,1
rep4,1.0703,429,1
rep4,1.0705,430,1
rep4,1.0706,431,1
rep4,1.071,432,1
rep4,1.071,433,1
rep4,1.0713,434,1
rep4,1.0714,435,1
rep4,1.0715,436,1
rep4,1.0719,437,1
rep4,1.072,438,1
rep4,1.0722,439,1
rep4,1.0724,440,1
rep4,1.073,441,1
rep4,1.0732,442,1
rep4,1.0732,443,1
rep4,1.0734,444,1
rep4,1.0739,445,1
rep4,1.0744,446,1
rep4,1.0748,447,1
rep4,1.0751,448,1
rep4,1.0755,449,1
rep4,1.0757,450,1
rep4,1.076,451,1
rep4,1.0763,452,1
rep4,1.077,453,1
rep4,1.0773,454,1
rep4,1.0777,455,1
rep4,1.078,456,1
rep4,1.078,457,1
rep4,1.0784,458,1
rep4,1.0787,459,1
rep4,1.0789,460,1
rep4,1.0792,461,1
rep4,1.0795,462,1
rep4,1.0796,463,1
rep4,1.0797,464,1
rep4,1.0798,465,1
rep4,1.0801,466,1
rep4,1.0804,467,1
rep4,1.0809,468,1
rep4,1.0811,469,1
rep4,1.0812,470,1
rep4,1.0813,471,1
rep4,1.0814,472,1
rep4,1.0823,473,1
rep4,1.0826,474,1
rep4,1.0827,475,1
rep4,1.0828,476,1
rep4,1.083,477,1
rep4,1.0837,478,1
rep4,1.0837,479,1
rep4,1.0839,480,1
rep4,1.084,481,1
rep4,1.084,482,1
rep4,1.0841,483,1
rep4,1.0849,484,1
rep4,1.0853,485,1
rep4,1.0854,486,1
rep4,1.086,487,1
rep4,1.0863,488,1
rep4,1.0864,489,1
rep4,1.0865,490,1
rep4,1.0866,491,1
rep4,1.0867,492,1
rep4,1.0868,493,1
rep4,1.0869,494,1
rep4,1.0871,495,1
rep4,1.0872,496,1
rep4,1.0873,497,1
rep4,1.0876,498,1
rep4,1.0876,499,1
rep4,1.0877,500,1
rep4,1.0877,501,1
rep4,1.0879,502,1
rep4,1.0879,503,1
rep4,1.0881,504,1
rep4,1.0881,505,1
rep4,1.0886,506,1
rep4,1.0886,507,1
rep4,1.0887,508,1
rep4,1.0889,509,1
rep4,1.0889,510,1
rep4,1.089,511,1
rep4,1.0891,512,1
rep4,1.0893,513,1
rep4,1.0896,514,1
rep4,1.0897,515,1
rep4,1.09,516,1
rep4,1.09,517,1
rep4,1.09,518,1
rep4,1.09,519,1
rep4,1.0901,520,1
rep4,1.0902,521,1
rep4,1.0904,522,1
rep4,1.0906,523,1
rep4,1.0908,524,1
rep4,1.0909,525,1
rep4,1.0911,526,1
rep4,1.0911,527,1
rep4,1.0916,528,1
rep4,1.092,529,1
rep4,1.0921,530,1
rep4,1.0924,531,1
rep4,1.0925,532,1
rep4,1.0925,533,1
rep4,1.0929,534,1
rep4,1.093,535,1
rep4,1.0931,536,1
rep4,1.0934,537,1
rep4,1.0934,538,1
rep4,1.0934,539,1
rep4,1.0937,540,1
rep4,1.094,541,1
rep4,1.0942,542,1
rep4,1.0944,543,1
rep4,1.0945,544,1
rep4,1.0946,545,1
rep4,1.0946,546,1
rep4,1.0947,547,1
rep4,1.0947,548,1
rep4,1.0947,549,1
rep4,1.0948,550,1
rep4,1.0948,551,1
rep4,1.0949,552,1
rep4,1.0951,553,1
rep4,1.0953,554,1
rep4,1.0959,555,1
rep4,1.0959,556,1
rep4,1.0959,557,1
rep4,1.0961,558,1
rep4,1.0966,559,1
rep4,1.0967,560,1
rep4,1.0969,561,1
rep4,1.0969,562,1
rep4,1.097,563,1
rep4,1.0971,564,1
rep4,1.0973,565,1
rep4,1.0974,566,1
rep4,1.0974,567,1
rep4,1.0975,568,1
rep4,1.0984,569,1
rep4,1.0985,570,1
rep4,1.0986,571,1
rep4,1.0987,572,1
rep4,1.0987,573,1
rep4,1.0991,574,1
rep4,1.0992,575,1
rep4,1.0993,576,1
rep4,1.0994,577,1
rep4,1.0996,578,1
rep4,1.1,579,1
rep4,1.1002,580,1
rep4,1.1004,581,1
rep4,1.1009,582,1
rep4,1.1012,583,1
rep4,1.1017,584,1
rep4,1.1019,585,1
rep4,1.1023,586,1
rep4,1.1024,587,1
rep4,1.1026,588,1
rep4,1.1027,589,1
rep4,1.1029,590,1
rep4,1.1031,591,1
rep4,1.1031,592,1
rep4,1.1033,593,1
rep4,1.1035,594,1
rep4,1.1037,595,1
rep4,1.1038,596,1
rep4,1.1042,597,1
rep4,1.1043,598,1
rep4,1.1044,599,1
rep4,1.1046,600,1
rep4,1.1046,601,1
rep4,1.1048,602,1
rep4,1.1051,603,1
rep4,1.1055,604,1
rep4,1.1061,605,1
rep4,1.1063,606,1
rep4,1.1064,607,1
rep4,1.1067,608,1
rep4,1.107,609,1
rep4,1.1072,610,1
rep4,1.1075,611,1
rep4,1.1077,612,1
rep4,1.1079,613,1
rep4,1.1083,614,1
rep4,1.1084,615,1
rep4,1.1086,616,1
rep4,1.1086,617,1
rep4,1.1088,618,1
rep4,1.1089,619,1
rep4,1.1091,620,1
rep4,1.1093,621,1
rep4,1.1093,622,1
rep4,1.1094,623,1
rep4,1.1097,624,1
rep4,1.1107,625,1
rep4,1.1107,626,1
rep4,1.1107,627,1
rep4,1.1109,628,1
rep4,1.111,629,1
rep4,1.1113,630,1
rep4,1.1116,631,1
rep4,1.1116,632,1
rep4,1.1122,633,1
rep4,1.1123,634,1
rep4,1.1126,635,1
rep4,1.1134,636,1
rep4,1.1136,637,1
rep4,1.114,638,1
rep4,1.1143,639,1
rep4,1.1155,640,1
rep4,1.1157,641,1
rep4,1.1157,642,1
rep4,1.1161,643,1
rep4,1.1162,644,1
rep4,1.1162,645,1
rep4,1.1164,646,1
rep4,1.1165,647,1
rep4,1.1166,648,1
rep4,1.1167,649,1
rep4,1.1168,650,1
rep4,1.1172,651,1
rep4,1.1174,652,1
rep4,1.1176,653,1
rep4,1.1178,654,1
rep4,1.1178,655,1
rep4,1.118,656,1
rep4,1.1184,657,1
rep4,1.1184,658,1
rep4,1.1189,659,1
rep4,1.1192,660,1
rep4,1.1195,661,1
rep4,1.1198,662,1
rep4,1.1198,663,1
rep4,1.1201,664,1
rep4,1.1202,665,1
rep4,1.1202,666,1
rep4,1.1203,667,1
rep4,1.1204,668,1
rep4,1.1204,669,1
rep4,1.1205,670,1
rep4,1.1206,671,1
rep4,1.121,672,1
rep4,1.121,673,1
rep4,1.1213,674,1
rep4,1.1214,675,1
rep4,1.1216,676,1
rep4,1.1218,677,1
rep4,1.122,678,1
rep4,1.122,679,1
rep4,1.1221,680,1
rep4,1.1223,681,1
rep4,1.1224,682,1
rep4,1.1225,683,1
rep4,1.1225,684,1
rep4,1.123,685,1
rep4,1.1232,686,1
rep4,1.1232,687,1
rep4,1.1232,688,1
rep4,1.1233,689,1
rep4,1.1234,690,1
rep4,1.1235,691,1
rep4,1.1238,692,1
rep4,1.1242,693,1
rep4,1.1242,694,1
rep4,1.1244,695,1
rep4,1.1246,696,1
rep4,1.1246,697,1
rep4,1.1248,698,1
rep4,1.1251,699,1
rep4,1.1251,700,1
rep4,1.1253,701,1
rep4,1.1253,702,1
rep4,1.1257,703,1
rep4,1.1258,704,1
rep4,1.1259,705,1
rep4,1.1261,706,1
rep4,1.1263,707,1
rep4,1.1265,708,1
rep4,1.1267,709,1
rep4,1.1269,710,1
rep4,1.127,711,1
rep4,1.127,712,1
rep4,1.1274,713,1
rep4,1.1274,714,1
rep4,1.1277,715,1
rep4,1.1278,716,1
rep4,1.1279,717,1
rep4,1.1281,718,1
rep4,1.1283,719,1
rep4,1.1286,720,1
rep4,1.1286,721,1
rep4,1.1288,722,1
rep4,1.1288,723,1
rep4,1.129,724,1
rep4,1.129,725,1
rep4,1.1292,726,1
rep4,1.1294,727,1
rep4,1.1294,728,1
rep4,1.1299,729,1
rep4,1.1299,730,1
rep4,1.13,731,1
rep4,1.1301,732,1
rep4,1.1302,733,1
rep4,1.1307,734,1
rep4,1.1308,735,1
rep4,1.1308,736,1
rep4,1.1308,737,1
rep4,1.1311,738,1
rep4,1.1317,739,1
rep4,1.132,740,1
rep4,1.1325,741,1
rep4,1.1329,742,1
rep4,1.1333,743,1
rep4,1.1333,744,1
rep4,1.1334,745,1
rep4,1.1341,746,1
rep4,1.1345,747,1
rep4,1.1345,748,1
rep4,1.1345,749,1
rep4,1.1349,750,1
rep4,1.1352,751,1
rep4,1.1369,752,1
rep4,1.1371,753,1
rep4,1.1372,754,1
rep4,1.1372,755,1
rep4,1.1374,756,1
rep4,1.1377,757,1
rep4,1.1379,758,1
rep4,1.139,759,1
rep4,1.1391,760,1
rep4,1.1393,761,1
rep4,1.1396,762,1
rep4,1.1397,763,1
rep4,1.1398,764,1
rep4,1.1402,765,1
rep4,1.1402,766,1
rep4,1.1404,767,1
rep4,1.1405,768,1
rep4,1.1406,769,1
rep4,1.1406,770,1
rep4,1.1411,771,1
rep4,1.1413,772,1
rep4,1.1416,773,1
rep4,1.1417,774,1
rep4,1.1422,775,1
rep4,1.1422,776,1
rep4,1.1426,777,1
rep4,1.1428,778,1
rep4,1.1429,779,1
rep4,1.1434,780,1
rep4,1.1436,781,1
rep4,1.144,782,1
rep4,1.1442,783,1
rep4,1.1442,784,1
rep4,1.1445,785,1
rep4,1.145,786,1
rep4,1.1451,787,1
rep4,1.1457,788,1
rep4,1.1457,789,1
rep4,1.1459,790,1
rep4,1.1463,791,1
rep4,1.1465,792,1
rep4,1.1469,793,1
rep4,1.1471,794,1
rep4,1.1472,795,1
rep4,1.1473,796,1
rep4,1.1473,797,1
rep4,1.1474,798,1
rep4,1.1477,799,1
rep4,1.1479,800,1
rep4,1.1479,801,1
rep4,1.1479,802,1
rep4,1.1482,803,1
rep4,1.1483,804,1
rep4,1.1483,805,1
rep4,1.1484,806,1
rep4,1.1486,807,1
rep4,1.1488,808,1
rep4,1.1491,809,1
rep4,1.1495,810,1
rep4,1.1495,811,1
rep4,1.1497,812,1
rep4,1.15,813,1
rep4,1.1506,814,1
rep4,1.1507,815,1
rep4,1.151,816,1
rep4,1.1519,817,1
rep4,1.1522,818,1
rep4,1.1523,819,1
rep4,1.1525,820,1
rep4,1.1527,821,1
rep4,1.1528,822,1
rep4,1.1529,823,1
rep4,1.1531,824,1
rep4,1.1535,825,1
rep4,1.1545,826,1
rep4,1.1545,827,1
rep4,1.1546,828,1
rep4,1.1548,829,1
rep4,1.1549,830,1
rep4,1.155,831,1
rep4,1.1552,832,1
rep4,1.1554,833,1
rep4,1.1556,834,1
rep4,1.1558,835,1
rep4,1.1558,836,1
rep4,1.156,837,1
rep4,1.1561,838,1
rep4,1.1562,839,1
rep4,1.1567,840,1
rep4,1.1567,841,1
rep4,1.1568,842,1
rep4,1.1569,843,1
rep4,1.157,844,1
rep4,1.1571,845,1
rep4,1.1572,846,1
rep4,1.1573,847,1
rep4,1.1575,848,1
rep4,1.1575,849,1
rep4,1.1575,850,1
rep4,1.1578,851,1
rep4,1.1578,852,1
rep4,1.1578,853,1
rep4,1.1579,854,1
rep4,1.158,855,1
rep4,1.158,856,1
rep4,1.1581,857,1
rep4,1.1582,858,1
rep4,1.1582,859,1
rep4,1.1592,860,1
rep4,1.1596,861,1
rep4,1.1599,862,1
rep4,1.1599,863,1
rep4,1.16,864,1
rep4,1.16,865,1
rep4,1.1601,866,1
rep4,1.1602,867,1
rep4,1.1605,868,1
rep4,1.1606,869,1
rep4,1.161,870,1
rep4,1.1611,871,1
rep4,1.1611,872,1
rep4,1.1613,873,1
rep4,1.1614,874,1
rep4,1.1614,875,1
rep4,1.1616,876,1
rep4,1.1617,877,1
rep4,1.1621,878,1
rep4,1.1622,879,1
rep4,1.1624,880,1
rep4,1.1624,881,1
rep4,1.1624,882,1
rep4,1.1624,883,1
rep4,1.1629,884,1
rep4,1.163,885,1
rep4,1.1632,886,1
rep4,1.1636,887,1
rep4,1.1636,888,1
rep4,1.164,889,1
rep4,1.1641,890,1
rep4,1.1645,891,1
rep4,1.1645,892,1
rep4,1.1647,893,1
rep4,1.1649,894,1
rep4,1.1652,895,1
rep4,1.1653,896,1
rep4,1.1653,897,1
rep4,1.1657,898,1
rep4,1.1658,899,1
rep4,1.166,900,1
rep4,1.1663,901,1
rep4,1.1666,902,1
rep4,1.1667,903,1
rep4,1.167,904,1
rep4,1.1672,905,1
rep4,1.1676,906,1
rep4,1.1676,907,1
rep4,1.1677,908,1
rep4,1.168,909,1
rep4,1.1681,910,1
rep4,1.1682,911,1
rep4,1.1683,912,1
rep4,1.1686,913,1
rep4,1.1687,914,1
rep4,1.1687,915,1
rep4,1.1688,916,1
rep4,1.1695,917,1
rep4,1.1695,918,1
rep4,1.1696,919,1
rep4,1.1698,920,1
rep4,1.1699,921,1
rep4,1.1699,922,1
rep4,1.1709,923,1
rep4,1.1709,924,1
rep4,1.1713,925,1
rep4,1.1716,926,1
rep4,1.1716,927,1
rep4,1.1718,928,1
rep4,1.1722,929,1
rep4,1.1722,930,1
rep4,1.1724,931,1
rep4,1.1728,932,1
rep4,1.1728,933,1
rep4,1.1729,934,1
rep4,1.1733,935,1
rep4,1.1733,936,1
rep4,1.1733,937,1
rep4,1.1734,938,1
rep4,1.1735,939,1
rep4,1.1735,940,1
rep4,1.1735,941,1
rep4,1.1737,942,1
rep4,1.174,943,1
rep4,1.174,944,1
rep4,1.174,945,1
rep4,1.1742,946,1
rep4,1.1743,947,1
rep4,1.1744,948,1
rep4,1.1746,949,1
rep4,1.1747,950,1
rep4,1.1749,951,1
rep4,1.175,952,1
rep4,1.1752,953,1
rep4,1.1759,954,1
rep4,1.1764,955,1
rep4,1.1766,956,1
rep4,1.1767,957,1
rep4,1.177,958,1
rep4,1.1772,959,1
rep4,1.1773,960,1
rep4,1.1774,961,1
rep4,1.1777,962,1
rep4,1.178,963,1
rep4,1.1784,964,1
rep4,1.1785,965,1
rep4,1.1791,966,1
rep4,1.1796,967,1
rep4,1.18,968,1
rep4,1.1801,969,1
rep4,1.1804,970,1
rep4,1.1804,971,1
rep4,1.1804,972,1
rep4,1.1805,973,1
rep4,1.1807,974,1
rep4,1.1808,975,1
rep4,1.1811,976,1
rep4,1.1811,977,1
rep4,1.1813,978,1
rep4,1.1813,979,1
rep4,1.1814,980,1
rep4,1.1814,981,1
rep4,1.1815,982,1
rep4,1.1817,983,1
rep4,1.1824,984,1
rep4,1.1826,985,1
rep4,1.1829,986,1
rep4,1.183,987,1
rep4,1.1831,988,1
rep4,1.1833,989,1
rep4,1.1839,990,1
rep4,1.1854,991,1
rep4,1.1857,992,1
rep4,1.1858,993,1
rep4,1.1861,994,1
rep4,1.1862,995,1
rep4,1.1865,996,1
rep4,1.1871,997,1
rep4,1.1871,998,1
rep4,1.1873,999,1
rep4,1.1876,1000,1
rep4,1.1876,1001,1
rep4,1.188,1002,1
rep4,1.1881,1003,1
rep4,1.1882,1004,1
rep4,1.1884,1005,1
rep4,1.1884,1006,1
rep4,1.1885,1007,1
rep4,1.1886,1008,1
rep4,1.1886,1009,1
rep4,1.1889,1010,1
rep4,1.189,1011,1
rep4,1.1891,1012,1
rep4,1.1891,1013,1
rep4,1.1891,1014,1
rep4,1.1894,1015,1
rep4,1.1899,1016,1
rep4,1.1899,1017,1
rep4,1.1901,1018,1
rep4,1.1906,1019,1
rep4,1.1907,1020,1
rep4,1.1907,1021,1
rep4,1.1907,1022,1
rep4,1.1908,1023,1
rep4,1.1909,1024,1
rep4,1.1909,1025,1
rep4,1.1909,1026,1
rep4,1.191,1027,1
rep4,1.1911,1028,1
rep4,1.1911,1029,1
rep4,1.1912,1030,1
rep4,1.1913,1031,1
rep4,1.1914,1032,1
rep4,1.1915,1033,1
rep4,1.1916,1034,1
rep4,1.1918,1035,1
rep4,1.1918,1036,1
rep4,1.192,1037,1
rep4,1.1922,1038,1
rep4,1.1922,1039,1
rep4,1.1924,1040,1
rep4,1.1924,1041,1
rep4,1.1926,1042,1
rep4,1.1928,1043,1
rep4,1.193,1044,1
rep4,1.1934,1045,1
rep4,1.1936,1046,1
rep4,1.1937,1047,1
rep4,1.1939,1048,1
rep4,1.194,1049,1
rep4,1.1941,1050,1
rep4,1.1944,1051,1
rep4,1.1945,1052,1
rep4,1.1945,1053,1
rep4,1.1947,1054,1
rep4,1.1947,1055,1
rep4,1.1948,1056,1
rep4,1.1952,1057,1
rep4,1.1952,1058,1
rep4,1.1954,1059,1
rep4,1.1956,1060,1
rep4,1.1957,1061,1
rep4,1.1958,1062,1
rep4,1.1961,1063,1
rep4,1.1967,1064,1
rep4,1.1968,1065,1
rep4,1.1968,1066,1
rep4,1.1969,1067,1
rep4,1.1971,1068,1
rep4,1.1973,1069,1
rep4,1.1973,1070,1
rep4,1.1974,1071,1
rep4,1.1977,1072,1
rep4,1.1978,1073,1
rep4,1.1979,1074,1
rep4,1.1982,1075,1
rep4,1.1983,1076,1
rep4,1.1983,1077,1
rep4,1.1984,1078,1
rep4,1.1984,1079,1
rep4,1.1987,1080,1
rep4,1.1988,1081,1
rep4,1.1994,1082,1
rep4,1.1994,1083,1
rep4,1.1995,1084,1
rep4,1.1998,1085,1
rep4,1.1998,1086,1
rep4,1.2001,1087,1
rep4,1.2004,1088,1
rep4,1.2009,1089,1
rep4,1.2009,1090,1
rep4,1.2016,1091,1
rep4,1.2017,1092,1
rep4,1.2018,1093,1
rep4,1.2021,1094,1
rep4,1.2022,1095,1
rep4,1.2023,1096,1
rep4,1.2024,1097,1
rep4,1.2024,1098,1
rep4,1.2024,1099,1
rep4,1.2026,1100,1
rep4,1.2028,1101,1
rep4,1.2028,1102,1
rep4,1.203,1103,1
rep4,1.2031,1104,1
rep4,1.2032,1105,1
rep4,1.2032,1106,1
rep4,1.2034,1107,1
rep4,1.2034,1108,1
rep4,1.2036,1109,1
rep4,1.2037,1110,1
rep4,1.2042,1111,1
rep4,1.2042,1112,1
rep4,1.2042,1113,1
rep4,1.2044,1114,1
rep4,1.2045,1115,1
rep4,1.2046,1116,1
rep4,1.2046,1117,1
rep4,1.2046,1118,1
rep4,1.2046,1119,1
rep4,1.2054,1120,1
rep4,1.2057,1121,1
rep4,1.2058,1122,1
rep4,1.2058,1123,1
rep4,1.2059,1124,1
rep4,1.206,1125,1
rep4,1.2062,1126,1
rep4,1.2064,1127,1
rep4,1.2064,1128,1
rep4,1.2071,1129,1
rep4,1.2073,1130,1
rep4,1.2073,1131,1
rep4,1.2074,1132,1
rep4,1.2076,1133,1
rep4,1.2085,1134,1
rep4,1.2085,1135,1
rep4,1.2089,1136,1
rep4,1.2091,1137,1
rep4,1.2096,1138,1
rep4,1.2098,1139,1
rep4,1.2101,1140,1
rep4,1.2104,1141,1
rep4,1.2104,1142,1
rep4,1.2105,1143,1
rep4,1.2105,1144,1
rep4,1.2106,1145,1
rep4,1.2109,1146,1
rep4,1.211,1147,1
rep4,1.211,1148,1
rep4,1.2115,1149,1
rep4,1.2116,1150,1
rep4,1.2119,1151,1
rep4,1.2119,1152,1
rep4,1.2119,1153,1
rep4,1.2122,1154,1
rep4,1.2124,1155,1
rep4,1.2125,1156,1
rep4,1.2129,1157,1
rep4,1.2131,1158,1
rep4,1.2133,1159,1
rep4,1.2135,1160,1
rep4,1.2138,1161,1
rep4,1.2139,1162,1
rep4,1.214,1163,1
rep4,1.2141,1164,1
rep4,1.2145,1165,1
rep4,1.2146,1166,1
rep4,1.2148,1167,1
rep4,1.2149,1168,1
rep4,1.2153,1169,1
rep4,1.2155,1170,1
rep4,1.2158,1171,1
rep4,1.2159,1172,1
rep4,1.2162,1173,1
rep4,1.2163,1174,1
rep4,1.2166,1175,1
rep4,1.2171,1176,1
rep4,1.2172,1177,1
rep4,1.2173,1178,1
rep4,1.2175,1179,1
rep4,1.2177,1180,1
rep4,1.2178,1181,1
rep4,1.218,1182,1
rep4,1.2189,1183,1
rep4,1.2191,1184,1
rep4,1.2193,1185,1
rep4,1.2194,1186,1
rep4,1.2195,1187,1
rep4,1.2198,1188,1
rep4,1.2198,1189,1
rep4,1.2199,1190,1
rep4,1.22,1191,1
rep4,1.2201,1192,1
rep4,1.2202,1193,1
rep4,1.2202,1194,1
rep4,1.2207,1195,1
rep4,1.2207,1196,1
rep4,1.2209,1197,1
rep4,1.2211,1198,1
rep4,1.2213,1199,1
rep4,1.2219,1200,1
rep4,1.2219,1201,1
rep4,1.2219,1202,1
rep4,1.222,1203,1
rep4,1.2231,1204,1
rep4,1.2236,1205,1
rep4,1.2239,1206,1
rep4,1.224,1207,1
rep4,1.224,1208,1
rep4,1.224,1209,1
rep4,1.2245,1210,1
rep4,1.2247,1211,1
rep4,1.2247,1212,1
rep4,1.2249,1213,1
rep4,1.225,1214,1
rep4,1.2253,1215,1
rep4,1.2255,1216,1
rep4,1.2258,1217,1
rep4,1.226,1218,1
rep4,1.2264,1219,1
rep4,1.2267,1220,1
rep4,1.227,1221,1
rep4,1.2273,1222,1
rep4,1.2275,1223,1
rep4,1.2276,1224,1
rep4,1.2276,1225,1
rep4,1.2278,1226,1
rep4,1.2278,1227,1
rep4,1.228,1228,1
rep4,1.228,1229,1
rep4,1.2281,1230,1
rep4,1.2282,1231,1
rep4,1.2284,1232,1
rep4,1.2286,1233,1
rep4,1.2288,1234,1
rep4,1.2289,1235,1
rep4,1.2291,1236,1
rep4,1.2291,1237,1
rep4,1.2292,1238,1
rep4,1.2293,1239,1
rep4,1.2294,1240,1
rep4,1.2296,1241,1
rep4,1.2298,1242,1
rep4,1.2299,1243,1
rep4,1.2301,1244,1
rep4,1.2305,1245,1
rep4,1.2305,1246,1
rep4,1.2306,1247,1
rep4,1.2308,1248,1
rep4,1.231,1249,1
rep4,1.2311,1250,1
rep4,1.2311,1251,1
rep4,1.2317,1252,1
rep4,1.2317,1253,1
rep4,1.2324,1254,1
rep4,1.2324,1255,1
rep4,1.2325,1256,1
rep4,1.2328,1257,1
rep4,1.233,1258,1
rep4,1.2332,1259,1
rep4,1.2338,1260,1
rep4,1.2338,1261,1
rep4,1.2339,1262,1
rep4,1.2339,1263,1
rep4,1.2343,1264,1
rep4,1.2348,1265,1
rep4,1.2348,1266,1
rep4,1.2349,1267,1
rep4,1.235,1268,1
rep4,1.2352,1269,1
rep4,1.2352,1270,1
rep4,1.2354,1271,1
rep4,1.2356,1272,1
rep4,1.2361,1273,1
rep4,1.2362,1274,1
rep4,1.2363,1275,1
rep4,1.2365,1276,1
rep4,1.2366,1277,1
rep4,1.2369,1278,1
rep4,1.2371,1279,1
rep4,1.2377,1280,1
rep4,1.2377,1281,1
rep4,1.2377,1282,1
rep4,1.238,1283,1
rep4,1.2381,1284,1
rep4,1.2386,1285,1
rep4,1.2386,1286,1
rep4,1.2388,1287,1
rep4,1.2389,1288,1
rep4,1.2391,1289,1
rep4,1.2395,1290,1
rep4,1.2396,1291,1
rep4,1.2397,1292,1
rep4,1.24,1293,1
rep4,1.24,1294,1
rep4,1.2401,1295,1
rep4,1.2405,1296,1
rep4,1.2417,1297,1
rep4,1.2418,1298,1
rep4,1.242,1299,1
rep4,1.2426,1300,1
rep4,1.2427,1301,1
rep4,1.243,1302,1
rep4,1.2435,1303,1
rep4,1.2447,1304,1
rep4,1.2449,1305,1
rep4,1.245,1306,1
rep4,1.245,1307,1
rep4,1.2455,1308,1
rep4,1.2459,1309,1
rep4,1.246,1310,1
rep4,1.2463,1311,1
rep4,1.2463,1312,1
rep4,1.2466,1313,1
rep4,1.2469,1314,1
rep4,1.2471,1315,1
rep4,1.2472,1316,1
rep4,1.2473,1317,1
rep4,1.2474,1318,1
rep4,1.2476,1319,1
rep4,1.2476,1320,1
rep4,1.2477,1321,1
rep4,1.2477,1322,1
rep4,1.248,1323,1
rep4,1.248,1324,1
rep4,1.2484,1325,1
rep4,1.2486,1326,1
rep4,1.2493,1327,1
rep4,1.2494,1328,1
rep4,1.2494,1329,1
rep4,1.2496,1330,1
rep4,1.2496,1331,1
rep4,1.2496,1332,1
rep4,1.25,1333,1
rep4,1.25,1334,1
rep4,1.2502,1335,1
rep4,1.2502,1336,1
rep4,1.2504,1337,1
rep4,1.2505,1338,1
rep4,1.2507,1339,1
rep4,1.2514,1340,1
rep4,1.2519,1341,1
rep4,1.2521,1342,1
rep4,1.2523,1343,1
rep4,1.2527,1344,1
rep4,1.2528,1345,1
rep4,1.2531,1346,1
rep4,1.2532,1347,1
rep4,1.2533,1348,1
rep4,1.2534,1349,1
rep4,1.2536,1350,1
rep4,1.2537,1351,1
rep4,1.2542,1352,1
rep4,1.2542,1353,1
rep4,1.255,1354,1
rep4,1.2551,1355,1
rep4,1.2551,1356,1
rep4,1.2552,1357,1
rep4,1.2552,1358,1
rep4,1.2554,1359,1
rep4,1.2554,1360,1
rep4,1.2557,1361,1
rep4,1.2561,1362,1
rep4,1.2561,1363,1
rep4,1.2562,1364,1
rep4,1.2563,1365,1
rep4,1.2564,1366,1
rep4,1.2566,1367,1
rep4,1.257,1368,1
rep4,1.2571,1369,1
rep4,1.2571,1370,1
rep4,1.2575,1371,1
rep4,1.2575,1372,1
rep4,1.2576,1373,1
rep4,1.2577,1374,1
rep4,1.2578,1375,1
rep4,1.2582,1376,1
rep4,1.2582,1377,1
rep4,1.2583,1378,1
rep4,1.259,1379,1
rep4,1.2595,1380,1
rep4,1.2596,1381,1
rep4,1.2597,1382,1
rep4,1.2597,1383,1
rep4,1.2597,1384,1
rep4,1.2598,1385,1
rep4,1.2601,1386,1
rep4,1.2601,1387,1
rep4,1.2604,1388,1
rep4,1.2604,1389,1
rep4,1.2607,1390,1
rep4,1.2608,1391,1
rep4,1.2608,1392,1
rep4,1.261,1393,1
rep4,1.2614,1394,1
rep4,1.2618,1395,1
rep4,1.2621,1396,1
rep4,1.2623,1397,1
rep4,1.2625,1398,1
rep4,1.2627,1399,1
rep4,1.2629,1400,1
rep4,1.2629,1401,1
rep4,1.2634,1402,1
rep4,1.2635,1403,1
rep4,1.2636,1404,1
rep4,1.2637,1405,1
rep4,1.2638,1406,1
rep4,1.2638,1407,1
rep4,1.2638,1408,1
rep4,1.264,1409,1
rep4,1.2642,1410,1
rep4,1.2642,1411,1
rep4,1.2644,1412,1
rep4,1.2644,1413,1
rep4,1.2646,1414,1
rep4,1.2647,1415,1
rep4,1.2649,1416,1
rep4,1.2651,1417,1
rep4,1.2652,1418,1
rep4,1.2658,1419,1
rep4,1.2659,1420,1
rep4,1.2661,1421,1
rep4,1.2663,1422,1
rep4,1.2667,1423,1
rep4,1.2668,1424,1
rep4,1.2677,1425,1
rep4,1.2678,1426,1
rep4,1.2681,1427,1
rep4,1.2682,1428,1
rep4,1.2684,1429,1
rep4,1.269,1430,1
rep4,1.2691,1431,1
rep4,1.2692,1432,1
rep4,1.2694,1433,1
rep4,1.2696,1434,1
rep4,1.27,1435,1
rep4,1.2701,1436,1
rep4,1.2703,1437,1
rep4,1.2705,1438,1
rep4,1.2707,1439,1
rep4,1.2707,1440,1
rep4,1.2711,1441,1
rep4,1.2717,1442,1
rep4,1.2718,1443,1
rep4,1.2722,1444,1
rep4,1.2724,1445,1
rep4,1.2728,1446,1
rep4,1.2729,1447,1
rep4,1.2733,1448,1
rep4,1.2735,1449,1
rep4,1.2736,1450,1
rep4,1.2738,1451,1
rep4,1.2738,1452,1
rep4,1.2739,1453,1
rep4,1.2741,1454,1
rep4,1.2746,1455,1
rep4,1.2746,1456,1
rep4,1.2753,1457,1
rep4,1.2753,1458,1
rep4,1.2756,1459,1
rep4,1.2758,1460,1
rep4,1.2762,1461,1
rep4,1.2768,1462,1
rep4,1.2771,1463,1
rep4,1.2772,1464,1
rep4,1.2774,1465,1
rep4,1.278,1466,1
rep4,1.2784,1467,1
rep4,1.2785,1468,1
rep4,1.2788,1469,1
rep4,1.2796,1470,1
rep4,1.2803,1471,1
rep4,1.2803,1472,1
rep4,1.2805,1473,1
rep4,1.2813,1474,1
rep4,1.2817,1475,1
rep4,1.2822,1476,1
rep4,1.2822,1477,1
rep4,1.2831,1478,1
rep4,1.2832,1479,1
rep4,1.2832,1480,1
rep4,1.2834,1481,1
rep4,1.2849,1482,1
rep4,1.2851,1483,1
rep4,1.2853,1484,1
rep4,1.2857,1485,1
rep4,1.286,1486,1
rep4,1.2861,1487,1
rep4,1.2861,1488,1
rep4,1.2864,1489,1
rep4,1.2865,1490,1
rep4,1.2868,1491,1
rep4,1.287,1492,1
rep4,1.2871,1493,1
rep4,1.2872,1494,1
rep4,1.2874,1495,1
rep4,1.2877,1496,1
rep4,1.2877,1497,1
rep4,1.2878,1498,1
rep4,1.2883,1499,1
rep4,1.2884,1500,1
rep4,1.2885,1501,1
rep4,1.2885,1502,1
rep4,1.289,1503,1
rep4,1.2893,1504,1
rep4,1.2897,1505,1
rep4,1.2898,1506,1
rep4,1.29,1507,1
rep4,1.2902,1508,1
rep4,1.2904,1509,1
rep4,1.2905,1510,1
rep4,1.2908,1511,1
rep4,1.2911,1512,1
rep4,1.2917,1513,1
rep4,1.2927,1514,1
rep4,1.2928,1515,1
rep4,1.2931,1516,1
rep4,1.2936,1517,1
rep4,1.2938,1518,1
rep4,1.2944,1519,1
rep4,1.2946,1520,1
rep4,1.2947,1521,1
rep4,1.2949,1522,1
rep4,1.2953,1523,1
rep4,1.2959,1524,1
rep4,1.2959,1525,1
rep4,1.2963,1526,1
rep4,1.2964,1527,1
rep4,1.2973,1528,1
rep4,1.2973,1529,1
rep4,1.2974,1530,1
rep4,1.299,1531,1
rep4,1.2992,1532,1
rep4,1.2993,1533,1
rep4,1.2995,1534,1
rep4,1.2998,1535,1
rep4,1.3,1536,1
rep4,1.3,1537,1
rep4,1.3005,1538,1
rep4,1.3007,1539,1
rep4,1.3012,1540,1
rep4,1.3015,1541,1
rep4,1.3021,1542,1
rep4,1.3023,1543,1
rep4,1.3024,1544,1
rep4,1.3024,1545,1
rep4,1.3038,1546,1
rep4,1.3042,1547,1
rep4,1.3043,1548,1
rep4,1.3043,1549,1
rep4,1.3048,1550,1
rep4,1.3048,1551,1
rep4,1.305,1552,1
rep4,1.305,1553,1
rep4,1.3051,1554,1
rep4,1.3056,1555,1
rep4,1.3057,1556,1
rep4,1.3058,1557,1
rep4,1.306,1558,1
rep4,1.3061,1559,1
rep4,1.3062,1560,1
rep4,1.3064,1561,1
rep4,1.3064,1562,1
rep4,1.3066,1563,1
rep4,1.3067,1564,1
rep4,1.3079,1565,1
rep4,1.3081,1566,1
rep4,1.3086,1567,1
rep4,1.3087,1568,1
rep4,1.3087,1569,1
rep4,1.3089,1570,1
rep4,1.309,1571,1
rep4,1.3091,1572,1
rep4,1.3094,1573,1
rep4,1.3095,1574,1
rep4,1.3098,1575,1
rep4,1.3098,1576,1
rep4,1.3099,1577,1
rep4,1.3106,1578,1
rep4,1.3108,1579,1
rep4,1.3108,1580,1
rep4,1.311,1581,1
rep4,1.3117,1582,1
rep4,1.3117,1583,1
rep4,1.3119,1584,1
rep4,1.3121,1585,1
rep4,1.3121,1586,1
rep4,1.3127,1587,1
rep4,1.3129,1588,1
rep4,1.3134,1589,1
rep4,1.3135,1590,1
rep4,1.3136,1591,1
rep4,1.3139,1592,1
rep4,1.3142,1593,1
rep4,1.3144,1594,1
rep4,1.3152,1595,1
rep4,1.3154,1596,1
rep4,1.3162,1597,1
rep4,1.3174,1598,1
rep4,1.3177,1599,1
rep4,1.3183,1600,1
rep4,1.3186,1601,1
rep4,1.3188,1602,1
rep4,1.3189,1603,1
rep4,1.3193,1604,1
rep4,1.3194,1605,1
rep4,1.3195,1606,1
rep4,1.3201,1607,1
rep4,1.3202,1608,1
rep4,1.3204,1609,1
rep4,1.3206,1610,1
rep4,1.3207,1611,1
rep4,1.3209,1612,1
rep4,1.3209,1613,1
rep4,1.3212,1614,1
rep4,1.3217,1615,1
rep4,1.3227,1616,1
rep4,1.3229,1617,1
rep4,1.3229,1618,1
rep4,1.324,1619,1
rep4,1.3242,1620,1
rep4,1.3248,1621,1
rep4,1.3248,1622,1
rep4,1.3251,1623,1
rep4,1.3262,1624,1
rep4,1.3265,1625,1
rep4,1.3271,1626,1
rep4,1.3272,1627,1
rep4,1.3281,1628,1
rep4,1.3284,1629,1
rep4,1.3287,1630,1
rep4,1.3291,1631,1
rep4,1.3292,1632,1
rep4,1.3296,1633,1
rep4,1.33,1634,1
rep4,1.3301,1635,1
rep4,1.3306,1636,1
rep4,1.331,1637,1
rep4,1.3311,1638,1
rep4,1.3312,1639,1
rep4,1.3314,1640,1
rep4,1.3316,1641,1
rep4,1.3316,1642,1
rep4,1.3319,1643,1
rep4,1.3321,1644,1
rep4,1.3321,1645,1
rep4,1.3322,1646,1
rep4,1.3323,1647,1
rep4,1.3325,1648,1
rep4,1.3326,1649,1
rep4,1.3329,1650,1
rep4,1.3331,1651,1
rep4,1.3334,1652,1
rep4,1.3337,1653,1
rep4,1.3339,1654,1
rep4,1.334,1655,1
rep4,1.3348,1656,1
rep4,1.3354,1657,1
rep4,1.3357,1658,1
rep4,1.3357,1659,1
rep4,1.3357,1660,1
rep4,1.336,1661,1
rep4,1.3363,1662,1
rep4,1.3371,1663,1
rep4,1.3378,1664,1
rep4,1.338,1665,1
rep4,1.3382,1666,1
rep4,1.3389,1667,1
rep4,1.3389,1668,1
rep4,1.3391,1669,1
rep4,1.3393,1670,1
rep4,1.3395,1671,1
rep4,1.3397,1672,1
rep4,1.3398,1673,1
rep4,1.3403,1674,1
rep4,1.3405,1675,1
rep4,1.3408,1676,1
rep4,1.3415,1677,1
rep4,1.3421,1678,1
rep4,1.3422,1679,1
rep4,1.3429,1680,1
rep4,1.3436,1681,1
rep4,1.3447,1682,1
rep4,1.3456,1683,1
rep4,1.3461,1684,1
rep4,1.3463,1685,1
rep4,1.3466,1686,1
rep4,1.3467,1687,1
rep4,1.3469,1688,1
rep4,1.3486,1689,1
rep4,1.3492,1690,1
rep4,1.3492,1691,1
rep4,1.3494,1692,1
rep4,1.3496,1693,1
rep4,1.3505,1694,1
rep4,1.351,1695,1
rep4,1.3513,1696,1
rep4,1.3525,1697,1
rep4,1.3525,1698,1
rep4,1.3526,1699,1
rep4,1.3532,1700,1
rep4,1.3532,1701,1
rep4,1.3543,1702,1
rep4,1.3563,1703,1
rep4,1.3563,1704,1
rep4,1.3565,1705,1
rep4,1.3568,1706,1
rep4,1.3572,1707,1
rep4,1.3574,1708,1
rep4,1.3585,1709,1
rep4,1.3595,1710,1
rep4,1.3596,1711,1
rep4,1.3599,1712,1
rep4,1.36,1713,1
rep4,1.3604,1714,1
rep4,1.3604,1715,1
rep4,1.361,1716,1
rep4,1.3612,1717,1
rep4,1.3623,1718,1
rep4,1.3627,1719,1
rep4,1.3628,1720,1
rep4,1.363,1721,1
rep4,1.363,1722,1
rep4,1.3634,1723,1
rep4,1.3637,1724,1
rep4,1.3641,1725,1
rep4,1.3645,1726,1
rep4,1.3648,1727,1
rep4,1.365,1728,1
rep4,1.3658,1729,1
rep4,1.3661,1730,1
rep4,1.3661,1731,1
rep4,1.3666,1732,1
rep4,1.3674,1733,1
rep4,1.3685,1734,1
rep4,1.3686,1735,1
rep4,1.369,1736,1
rep4,1.3703,1737,1
rep4,1.3708,1738,1
rep4,1.371,1739,1
rep4,1.3711,1740,1
rep4,1.3712,1741,1
rep4,1.3712,1742,1
rep4,1.3715,1743,1
rep4,1.3723,1744,1
rep4,1.3725,1745,1
rep4,1.3739,1746,1
rep4,1.3746,1747,1
rep4,1.3753,1748,1
rep4,1.3756,1749,1
rep4,1.377,1750,1
rep4,1.3771,1751,1
rep4,1.3776,1752,1
rep4,1.3783,1753,1
rep4,1.3786,1754,1
rep4,1.3787,1755,1
rep4,1.3795,1756,1
rep4,1.3798,1757,1
rep4,1.3805,1758,1
rep4,1.381,1759,1
rep4,1.3829,1760,1
rep4,1.3831,1761,1
rep4,1.3833,1762,1
rep4,1.3834,1763,1
rep4,1.3835,1764,1
rep4,1.3841,1765,1
rep4,1.3842,1766,1
rep4,1.3846,1767,1
rep4,1.385,1768,1
rep4,1.3854,1769,1
rep4,1.3862,1770,1
rep4,1.3867,1771,1
rep4,1.387,1772,1
rep4,1.388,1773,1
rep4,1.3909,1774,1
rep4,1.3913,1775,1
rep4,1.3915,1776,1
rep4,1.3935,1777,1
rep4,1.3946,1778,1
rep4,1.3948,1779,1
rep4,1.3949,1780,1
rep4,1.395,1781,1
rep4,1.3958,1782,1
rep4,1.3964,1783,1
rep4,1.3974,1784,1
rep4,1.3985,1785,1
rep4,1.399,1786,1
rep4,1.3993,1787,1
rep4,1.3995,1788,1
rep4,1.4007,1789,1
rep4,1.4023,1790,1
rep4,1.403,1791,1
rep4,1.4035,1792,1
rep4,1.4036,1793,1
rep4,1.4043,1794,1
rep4,1.4046,1795,1
rep4,1.4046,1796,1
rep4,1.4048,1797,1
rep4,1.405,1798,1
rep4,1.4053,1799,1
rep4,1.4053,1800,1
rep4,1.4061,1801,1
rep4,1.4077,1802,1
rep4,1.4097,1803,1
rep4,1.4104,1804,1
rep4,1.412,1805,1
rep4,1.4123,1806,1
rep4,1.4124,1807,1
rep4,1.413,1808,1
rep4,1.4131,1809,1
rep4,1.4132,1810,1
rep4,1.4137,1811,1
rep4,1.4149,1812,1
rep4,1.4154,1813,1
rep4,1.4156,1814,1
rep4,1.417,1815,1
rep4,1.417,1816,1
rep4,1.4182,1817,1
rep4,1.4184,1818,1
rep4,1.4188,1819,1
rep4,1.419,1820,1
rep4,1.4204,1821,1
rep4,1.4208,1822,1
rep4,1.4216,1823,1
rep4,1.4223,1824,1
rep4,1.4232,1825,1
rep4,1.424,1826,1
rep4,1.4246,1827,1
rep4,1.4249,1828,1
rep4,1.4255,1829,1
rep4,1.4267,1830,1
rep4,1.4268,1831,1
rep4,1.4274,1832,1
rep4,1.4275,1833,1
rep4,1.4276,1834,1
rep4,1.4286,1835,1
rep4,1.4288,1836,1
rep4,1.429,1837,1
rep4,1.4293,1838,1
rep4,1.43,1839,1
rep4,1.4319,1840,1
rep4,1.4336,1841,1
rep4,1.4346,1842,1
rep4,1.4353,1843,1
rep4,1.4374,1844,1
rep4,1.441,1845,1
rep4,1.4421,1846,1
rep4,1.4432,1847,1
rep4,1.4449,1848,1
rep4,1.4464,1849,1
rep4,1.447,1850,1
rep4,1.4544,1851,1
rep4,1.4547,1852,1
rep4,1.4559,1853,1
rep4,1.4566,1854,1
rep4,1.4582,1855,1
rep4,1.4587,1856,1
rep4,1.4603,1857,1
rep4,1.4605,1858,1
rep4,1.4608,1859,1
rep4,1.4618,1860,1
rep4,1.4622,1861,1
rep4,1.4628,1862,1
rep4,1.4634,1863,1
rep4,1.467,1864,1
rep4,1.4678,1865,1
rep4,1.4682,1866,1
rep4,1.4685,1867,1
rep4,1.4713,1868,1
rep4,1.472,1869,1
rep4,1.4735,1870,1
rep4,1.4765,1871,1
rep4,1.4773,1872,1
rep4,1.4778,1873,1
rep4,1.4787,1874,1
rep4,1.4799,1875,1
rep4,1.48,1876,1
rep4,1.4819,1877,1
rep4,1.482,1878,1
rep4,1.4838,1879,1
rep4,1.4856,1880,1
rep4,1.4862,1881,1
rep4,1.4874,1882,1
rep4,1.488,1883,1
rep4,1.4892,1884,1
rep4,1.491,1885,1
rep4,1.4937,1886,1
rep4,1.4964,1887,1
rep4,1.4968,1888,1
rep4,1.4971,1889,1
rep4,1.4997,1890,1
rep4,1.5001,1891,1
rep4,1.5004,1892,1
rep4,1.5007,1893,1
rep4,1.502,1894,1
rep4,1.5023,1895,1
rep4,1.5023,1896,1
rep4,1.5029,1897,1
rep4,1.5052,1898,1
rep4,1.5064,1899,1
rep4,1.5073,1900,1
rep4,1.5086,1901,1
rep4,1.5102,1902,1
rep4,1.5106,1903,1
rep4,1.5123,1904,1
rep4,1.5157,1905,1
rep4,1.5203,1906,1
rep4,1.521,1907,1
rep4,1.5214,1908,1
rep4,1.5219,1909,1
rep4,1.522,1910,1
rep4,1.5225,1911,1
rep4,1.5228,1912,1
rep4,1.5252,1913,1
rep4,1.5254,1914,1
rep4,1.5287,1915,1
rep4,1.531,1916,1
rep4,1.5342,1917,1
rep4,1.535,1918,1
rep4,1.5371,1919,1
rep4,1.5401,1920,1
rep4,1.5415,1921,1
rep4,1.5429,1922,1
rep4,1.5438,1923,1
rep4,1.5492,1924,1
rep4,1.5518,1925,1
rep4,1.556,1926,1
rep4,1.5579,1927,1
rep4,1.5593,1928,1
rep4,1.5607,1929,1
rep4,1.5626,1930,1
rep4,1.5712,1931,1
rep4,1.5766,1932,1
rep4,1.5783,1933,1
rep4,1.5792,1934,1
rep4,1.5796,1935,1
rep4,1.5801,1936,1
rep4,1.5816,1937,1
rep4,1.5863,1938,1
rep4,1.5998,1939,1
rep4,1.6099,1940,1
rep4,1.6224,1941,1
rep4,1.6255,1942,1
rep4,1.6339,1943,1
rep4,1.6708,1944,1
rep4,1.6939,1945,1
rep4,1.7018,1946,1
rep4,1.7308,1947,1
rep4,1.7323,1948,1
rep4,1.7413,1949,1
rep4,1.7709,1950,1
rep4,1.7794,1951,1
rep4,1.9832,1952,1
rep4,2.0051,1953,1
rep4,2.054,1954,1
rep4,2.0541,1955,1
rep4,2.0551,1956,1
rep4,2.0552,1957,1
rep4,2.0552,1958,1
rep4,2.0557,1959,1
rep4,2.0561,1960,1
rep4,2.0563,1961,1
rep4,2.0564,1962,1
rep4,2.0566,1963,1
rep4,2.0572,1964,1
rep4,2.0572,1965,1
rep4,2.0572,1966,1
rep4,2.0585,1967,1
rep4,2.0586,1968,1
rep4,2.0589,1969,1
rep4,2.059,1970,1
rep4,2.0592,1971,1
rep4,2.0599,1972,1
rep4,2.0603,1973,1
rep4,2.0626,1974,1
rep4,2.063,1975,1
rep4,2.0632,1976,1
rep4,2.0633,1977,1
rep4,2.0648,1978,1
rep4,2.0655,1979,1
rep4,2.0678,1980,1
rep4,2.0687,1981,1
rep4,2.0697,1982,1
rep4,2.0698,1983,1
rep4,2.0709,1984,1
rep4,2.0715,1985,1
rep4,2.0736,1986,1
rep4,2.0766,1987,1
rep4,2.0794,1988,1
rep4,2.0836,1989,1
rep4,2.0874,1990,1
rep4,2.0877,1991,1
rep4,2.0877,1992,1
rep4,2.0879,1993,1
rep4,2.0881,1994,1
rep4,2.0886,1995,1
rep4,2.0888,1996,1
rep4,2.089,1997,1
rep4,2.0903,1998,1
rep4,2.0909,1999,1
rep4,2.0912,2000,1
rep4,2.0915,2001,1
rep4,2.0924,2002,1
rep4,2.0933,2003,1
rep4,2.0933,2004,1
rep4,2.0945,2005,1
rep4,2.0947,2006,1
rep4,2.0953,2007,1
rep4,2.0962,2008,1
rep4,2.0971,2009,1
rep4,2.098,2010,1
rep4,2.0986,2011,1
rep4,2.0988,2012,1
rep4,2.0994,2013,1
rep4,2.0998,2014,1
rep4,2.1036,2015,1
rep4,2.1041,2016,1
rep4,2.1119,2017,1
rep4,2.1119,2018,1
rep4,2.1126,2019,1
rep4,2.1164,2020,1
rep4,2.1176,2021,1
rep4,2.1213,2022,1
rep4,2.1216,2023,1
rep4,2.1217,2024,1
rep4,2.1219,2025,1
rep4,2.1224,2026,1
rep4,2.123,2027,1
rep4,2.1234,2028,1
rep4,2.1243,2029,1
rep4,2.1248,2030,1
rep4,2.1252,2031,1
rep4,2.1258,2032,1
rep4,2.1307,2033,1
rep4,2.1315,2034,1
rep4,2.1318,2035,1
rep4,2.1318,2036,1
rep4,2.1319,2037,1
rep4,2.1352,2038,1
rep4,2.1354,2039,1
rep4,2.1374,2040,1
rep4,2.1381,2041,1
rep4,2.1413,2042,1
rep4,2.1414,2043,1
rep4,2.1417,2044,1
rep4,2.1419,2045,1
rep4,2.154,2046,1
rep4,2.1583,2047,1
rep4,2.1599,2048,1
rep4,2.1604,2049,1
rep4,2.1612,2050,1
rep4,2.1623,2051,1
rep4,2.1626,2052,1
rep4,2.1635,2053,1
rep4,2.1649,2054,1
rep4,2.1658,2055,1
rep4,2.1681,2056,1
rep4,2.1687,2057,1
rep4,2.1722,2058,1
rep4,2.1735,2059,1
rep4,2.1736,2060,1
rep4,2.1809,2061,1
rep4,2.1817,2062,1
rep4,2.1829,2063,1
rep4,2.1841,2064,1
rep4,2.1905,2065,1
rep4,2.1941,2066,1
rep4,2.1951,2067,1
rep4,2.1961,2068,1
rep4,2.1968,2069,1
rep4,2.1974,2070,1
rep4,2.2022,2071,1
rep4,2.2028,2072,1
rep4,2.2034,2073,1
rep4,2.2044,2074,1
rep4,2.2051,2075,1
rep4,2.2067,2076,1
rep4,2.2071,2077,1
rep4,2.2088,2078,1
rep4,2.2097,2079,1
rep4,2.21,2080,1
rep4,2.2143,2081,1
rep4,2.2157,2082,1
rep4,2.2174,2083,1
rep4,2.2175,2084,1
rep4,2.2184,2085,1
rep4,2.2194,2086,1
rep4,2.2211,2087,1
rep4,2.2213,2088,1
rep4,2.2213,2089,1
rep4,2.222,2090,1
rep4,2.222,2091,1
rep4,2.223,2092,1
rep4,2.2232,2093,1
rep4,2.2247,2094,1
rep4,2.2251,2095,1
rep5,0.1677,0,1
rep5,1.018,1,1
rep5,1.0181,2,1
rep5,1.0182,3,1
rep5,1.0182,4,1
rep5,1.0182,5,1
rep5,1.0182,6,1
rep5,1.0182,7,1
rep5,1.0183,8,1
rep5,1.0184,9,1
rep5,1.0184,10,1
rep5,1.0184,11,1
rep5,1.0185,12,1
rep5,1.0185,13,1
rep5,1.0186,14,1
rep5,1.0186,15,1
rep5,1.0187,16,1
rep5,1.0187,17,1
rep5,1.0188,18,1
rep5,1.0188,19,1
rep5,1.0188,20,1
rep5,1.0189,21,1
rep5,1.0189,22,1
rep5,1.019,23,1
rep5,1.019,24,1
rep5,1.0191,25,1
rep5,1.0191,26,1
rep5,1.0192,27,1
rep5,1.0192,28,1
rep5,1.0192,29,1
rep5,1.0193,30,1
rep5,1.0193,31,1
rep5,1.0194,32,1
rep5,1.0194,33,1
rep5,1.0194,34,1
rep5,1.0195,35,1
rep5,1.0195,36,1
rep5,1.0195,37,1
rep5,1.0195,38,1
rep5,1.0196,39,1
rep5,1.0197,40,1
rep5,1.0197,41,1
rep5,1.0198,42,1
rep5,1.0198,43,1
rep5,1.0198,44,1
rep5,1.0199,45,1
rep5,1.0199,46,1
rep5,1.0199,47,1
rep5,1.0199,48,1
rep5,1.0201,49,1
rep5,1.0202,50,1
rep5,1.0203,51,1
rep5,1.0203,52,1
rep5,1.0204,53,1
rep5,1.0205,54,1
rep5,1.0205,55,1
rep5,1.0206,56,1
rep5,1.0206,57,1
rep5,1.0207,58,1
rep5,1.0208,59,1
rep5,1.021,60,1
rep5,1.0211,61,1
rep5,1.0212,62,1
rep5,1.0213,63,1
rep5,1.0214,64,1
rep5,1.0214,65,1
rep5,1.0214,66,1
rep5,1.0214,67,1
rep5,1.0216,68,1
rep5,1.0216,69,1
rep5,1.0217,70,1
rep5,1.0217,71,1
rep5,1.0218,72,1
rep5,1.0218,73,1
rep5,1.0221,74,1
rep5,1.0221,75,1
rep5,1.0221,76,1
rep5,1.0222,77,1
rep5,1.0222,78,1
rep5,1.0222,79,1
rep5,1.0222,80,1
rep5,1.0223,81,1
rep5,1.0223,82,1
rep5,1.0223,83,1
rep5,1.0223,84,1
rep5,1.0224,85,1
rep5,1.0224,86,1
rep5,1.0225,87,1
rep5,1.0225,88,1
rep5,1.0225,89,1
rep5,1.0225,90,1
rep5,1.0226,91,1
rep5,1.0227,92,1
rep5,1.0228,93,1
rep5,1.0229,94,1
rep5,1.0229,95,1
rep5,1.023,96,1
rep5,1.0231,97,1
rep5,1.0231,98,1
rep5,1.0231,99,1
rep5,1.0232,100,1
rep5,1.0233,101,1
rep5,1.0234,102,1
rep5,1.0235,103,1
rep5,1.0235,104,1
rep5,1.0235,105,1
rep5,1.0237,106,1
rep5,1.0238,107,1
rep5,1.0239,108,1
rep5,1.024,109,1
rep5,1.0242,110,1
rep5,1.0243,111,1
rep5,1.0244,112,1
rep5,1.0246,113,1
rep5,1.0247,114,1
rep5,1.0248,115,1
rep5,1.0249,116,1
rep5,1.025,117,1
rep5,1.0252,118,1
rep5,1.0253,119,1
rep5,1.0254,120,1
rep5,1.0254,121,1
rep5,1.0255,122,1
rep5,1.0257,123,1
rep5,1.0257,124,1
rep5,1.0258,125,1
rep5,1.0259,126,1
rep5,1.0263,127,1
rep5,1.0264,128,1
rep5,1.0264,129,1
rep5,1.0265,130,1
rep5,1.0266,131,1
rep5,1.0267,132,1
rep5,1.0268,133,1
rep5,1.0268,134,1
rep5,1.027,135,1
rep5,1.0271,136,1
rep5,1.0274,137,1
rep5,1.0274,138,1
rep5,1.0275,139,1
rep5,1.0275,140,1
rep5,1.0275,141,1
rep5,1.0276,142,1
rep5,1.0283,143,1
rep5,1.0285,144,1
rep5,1.0286,145,1
rep5,1.0286,146,1
rep5,1.0288,147,1
rep5,1.0288,148,1
rep5,1.029,149,1
rep5,1.0293,150,1
rep5,1.0293,151,1
rep5,1.0294,152,1
rep5,1.0297,153,1
rep5,1.0303,154,1
rep5,1.0304,155,1
rep5,1.0305,156,1
rep5,1.0307,157,1
rep5,1.0309,158,1
rep5,1.0309,159,1
rep5,1.031,160,1
rep5,1.031,161,1
rep5,1.0313,162,1
rep5,1.0314,163,1
rep5,1.0315,164,1
rep5,1.0317,165,1
rep5,1.0318,166,1
rep5,1.0319,167,1
rep5,1.0324,168,1
rep5,1.0325,169,1
rep5,1.0325,170,1
rep5,1.0325,171,1
rep5,1.0325,172,1
rep5,1.0326,173,1
rep5,1.0326,174,1
rep5,1.0327,175,1
rep5,1.0328,176,1
rep5,1.0329,177,1
rep5,1.033,178,1
rep5,1.0331,179,1
rep5,1.034,180,1
rep5,1.0342,181,1
rep5,1.0345,182,1
rep5,1.0348,183,1
rep5,1.035,184,1
rep5,1.0351,185,1
rep5,1.0352,186,1
rep5,1.0354,187,1
rep5,1.0355,188,1
rep5,1.0355,189,1
rep5,1.0358,190,1
rep5,1.036,191,1
rep5,1.0371,192,1
rep5,1.0372,193,1
rep5,1.0373,194,1
rep5,1.0377,195,1
rep5,1.0379,196,1
rep5,1.038,197,1
rep5,1.0381,198,1
rep5,1.0385,199,1
rep5,1.0392,200,1
rep5,1.0397,201,1
rep5,1.0398,202,1
rep5,1.0399,203,1
rep5,1.0404,204,1
rep5,1.0408,205,1
rep5,1.0408,206,1
rep5,1.0423,207,1
rep5,1.0429,208,1
rep5,1.043,209,1
rep5,1.0433,210,1
rep5,1.0439,211,1
rep5,1.0468,212,1
rep5,1.048,213,1
rep5,1.0489,214,1
rep5,1.0491,215,1
rep5,1.05,216,1
rep5,1.0515,217,1
rep5,1.0515,218,1
rep5,1.0515,219,1
rep5,1.0515,220,1
rep5,1.0516,221,1
rep5,1.0516,222,1
rep5,1.0516,223,1
rep5,1.0518,224,1
rep5,1.0518,225,1
rep5,1.0518,226,1
rep5,1.0518,227,1
rep5,1.0519,228,1
rep5,1.0519,229,1
rep5,1.052,230,1
rep5,1.0521,231,1
rep5,1.0521,232,1
rep5,1.0521,233,1
rep5,1.0522,234,1
rep5,1.0522,235,1
rep5,1.0522,236,1
rep5,1.0523,237,1
rep5,1.0523,238,1
rep5,1.0523,239,1
rep5,1.0523,240,1
rep5,1.0523,241,1
rep5,1.0524,242,1
rep5,1.0524,243,1
rep5,1.0526,244,1
rep5,1.0526,245,1
rep5,1.0526,246,1
rep5,1.0526,247,1
rep5,1.0527,248,1
rep5,1.0527,249,1
rep5,1.0527,250,1
rep5,1.0527,251,1
rep5,1.0527,252,1
rep5,1.0529,253,1
rep5,1.053,254,1
rep5,1.053,255,1
rep5,1.0531,256,1
rep5,1.0532,257,1
rep5,1.0532,258,1
rep5,1.0532,259,1
rep5,1.0533,260,1
rep5,1.0533,261,1
rep5,1.0533,262,1
rep5,1.0534,263,1
rep5,1.0535,264,1
rep5,1.0536,265,1
rep5,1.0537,266,1
rep5,1.0537,267,1
rep5,1.0537,268,1
rep5,1.0538,269,1
rep5,1.0538,270,1
rep5,1.0538,271,1
rep5,1.0539,272,1
rep5,1.0539,273,1
rep5,1.054,274,1
rep5,1.0541,275,1
rep5,1.0542,276,1
rep5,1.0543,277,1
rep5,1.0543,278,1
rep5,1.0544,279,1
rep5,1.0544,280,1
rep5,1.0544,281,1
rep5,1.0545,282,1
rep5,1.0546,283,1
rep5,1.0547,284,1
rep5,1.0548,285,1
rep5,1.0548,286,1
rep5,1.0549,287,1
rep5,1.055,288,1
rep5,1.055,289,1
rep5,1.0551,290,1
rep5,1.0551,291,1
rep5,1.0551,292,1
rep5,1.0552,293,1
rep5,1.0554,294,1
rep5,1.0554,295,1
rep5,1.0555,296,1
rep5,1.0557,297,1
rep5,1.0558,298,1
rep5,1.0559,299,1
rep5,1.0559,300,1
rep5,1.056,301,1
rep5,1.056,302,1
rep5,1.0561,303,1
rep5,1.0561,304,1
rep5,1.0562,305,1
rep5,1.0562,306,1
rep5,1.0562,307,1
rep5,1.0564,308,1
rep5,1.0564,309,1
rep5,1.0565,310,1
rep5,1.0566,311,1
rep5,1.0566,312,1
rep5,1.0567,313,1
rep5,1.0567,314,1
rep5,1.0567,315,1
rep5,1.0568,316,1
rep5,1.0568,317,1
rep5,1.0571,318,1
rep5,1.0572,319,1
rep5,1.0572,320,1
rep5,1.0572,321,1
rep5,1.0572,322,1
rep5,1.0573,323,1
rep5,1.0573,324,1
rep5,1.0573,325,1
rep5,1.0573,326,1
rep5,1.0574,327,1
rep5,1.0574,328,1
rep5,1.0575,329,1
rep5,1.0575,330,1
rep5,1.0575,331,1
rep5,1.0576,332,1
rep5,1.0576,333,1
rep5,1.0576,334,1
rep5,1.0577,335,1
rep5,1.0578,336,1
rep5,1.0578,337,1
rep5,1.0578,338,1
rep5,1.058,339,1
rep5,1.058,340,1
rep5,1.0581,341,1
rep5,1.0583,342,1
rep5,1.0583,343,1
rep5,1.0583,344,1
rep5,1.0584,345,1
rep5,1.0585,346,1
rep5,1.0585,347,1
rep5,1.0586,348,1
rep5,1.0587,349,1
rep5,1.0587,350,1
rep5,1.0588,351,1
rep5,1.0589,352,1
rep5,1.059,353,1
rep5,1.0594,354,1
rep5,1.0595,355,1
rep5,1.0595,356,1
rep5,1.0595,357,1
rep5,1.0596,358,1
rep5,1.0596,359,1
rep5,1.0597,360,1
rep5,1.0597,361,1
rep5,1.0598,362,1
rep5,1.0599,363,1
rep5,1.0599,364,1
rep5,1.0601,365,1
rep5,1.0604,366,1
rep5,1.0604,367,1
rep5,1.0604,368,1
rep5,1.0605,369,1
rep5,1.0605,370,1
rep5,1.0606,371,1
rep5,1.0606,372,1
rep5,1.0606,373,1
rep5,1.0607,374,1
rep5,1.0609,375,1
rep5,1.0609,376,1
rep5,1.061,377,1
rep5,1.061,378,1
rep5,1.0612,379,1
rep5,1.0613,380,1
rep5,1.0613,381,1
rep5,1.0614,382,1
rep5,1.0615,383,1
rep5,1.0617,384,1
rep5,1.0617,385,1
rep5,1.0617,386,1
rep5,1.0621,387,1
rep5,1.0622,388,1
rep5,1.0622,389,1
rep5,1.0623,390,1
rep5,1.0624,391,1
rep5,1.0624,392,1
rep5,1.0626,393,1
rep5,1.0626,394,1
rep5,1.0629,395,1
rep5,1.0631,396,1
rep5,1.0631,397,1
rep5,1.0631,398,1
rep5,1.0632,399,1
rep5,1.0633,400,1
rep5,1.0634,401,1
rep5,1.0636,402,1
rep5,1.0637,403,1
rep5,1.0638,404,1
rep5,1.064,405,1
rep5,1.064,406,1
rep5,1.0641,407,1
rep5,1.0642,408,1
rep5,1.0643,409,1
rep5,1.0645,410,1
rep5,1.0646,411,1
rep5,1.0646,412,1
rep5,1.0646,413,1
rep5,1.0647,414,1
rep5,1.0647,415,1
rep5,1.0649,416,1
rep5,1.0649,417,1
rep5,1.0655,418,1
rep5,1.0655,419,1
rep5,1.0655,420,1
rep5,1.0657,421,1
rep5,1.0659,422,1
rep5,1.0659,423,1
rep5,1.066,424,1
rep5,1.066,425,1
rep5,1.0664,426,1
rep5,1.0664,427,1
rep5,1.0665,428,1
rep5,1.0666,429,1
rep5,1.0671,430,1
rep5,1.0672,431,1
rep5,1.0675,432,1
rep5,1.0679,433,1
rep5,1.0681,434,1
rep5,1.0681,435,1
rep5,1.0683,436,1
rep5,1.0684,437,1
rep5,1.0684,438,1
rep5,1.0688,439,1
rep5,1.0689,440,1
rep5,1.0689,441,1
rep5,1.0693,442,1
rep5,1.0694,443,1
rep5,1.0695,444,1
rep5,1.0698,445,1
rep5,1.0698,446,1
rep5,1.07,447,1
rep5,1.0701,448,1
rep5,1.0701,449,1
rep5,1.0705,450,1
rep5,1.0706,451,1
rep5,1.0712,452,1
rep5,1.0715,453,1
rep5,1.0716,454,1
rep5,1.0718,455,1
rep5,1.0719,456,1
rep5,1.0721,457,1
rep5,1.0723,458,1
rep5,1.0723,459,1
rep5,1.0724,460,1
rep5,1.0726,461,1
rep5,1.0728,462,1
rep5,1.0738,463,1
rep5,1.0738,464,1
rep5,1.0742,465,1
rep5,1.0745,466,1
rep5,1.0748,467,1
rep5,1.075,468,1
rep5,1.0751,469,1
rep5,1.0754,470,1
rep5,1.0755,471,1
rep5,1.0756,472,1
rep5,1.0756,473,1
rep5,1.076,474,1
rep5,1.0762,475,1
rep5,1.0768,476,1
rep5,1.077,477,1
rep5,1.0771,478,1
rep5,1.0771,479,1
rep5,1.0773,480,1
rep5,1.0774,481,1
rep5,1.078,482,1
rep5,1.0783,483,1
rep5,1.0786,484,1
rep5,1.0787,485,1
rep5,1.0792,486,1
rep5,1.0793,487,1
rep5,1.0794,488,1
rep5,1.0797,489,1
rep5,1.0798,490,1
rep5,1.0804,491,1
rep5,1.0805,492,1
rep5,1.0808,493,1
rep5,1.0813,494,1
rep5,1.0815,495,1
rep5,1.0816,496,1
rep5,1.0822,497,1
rep5,1.0824,498,1
rep5,1.0833,499,1
rep5,1.0834,500,1
rep5,1.0839,501,1
rep5,1.0839,502,1
rep5,1.0847,503,1
rep5,1.085,504,1
rep5,1.0851,505,1
rep5,1.0852,506,1
rep5,1.0852,507,1
rep5,1.0854,508,1
rep5,1.0855,509,1
rep5,1.0856,510,1
rep5,1.0858,511,1
rep5,1.0859,512,1
rep5,1.0861,513,1
rep5,1.0862,514,1
rep5,1.0862,515,1
rep5,1.0862,516,1
rep5,1.0863,517,1
rep5,1.0864,518,1
rep5,1.0865,519,1
rep5,1.0868,520,1
rep5,1.087,521,1
rep5,1.087,522,1
rep5,1.0872,523,1
rep5,1.0872,524,1
rep5,1.0873,525,1
rep5,1.0873,526,1
rep5,1.0874,527,1
rep5,1.0877,528,1
rep5,1.0881,529,1
rep5,1.0882,530,1
rep5,1.0884,531,1
rep5,1.0888,532,1
rep5,1.0891,533,1
rep5,1.0891,534,1
rep5,1.0894,535,1
rep5,1.0894,536,1
rep5,1.0897,537,1
rep5,1.0897,538,1
rep5,1.0898,539,1
rep5,1.09,540,1
rep5,1.0901,541,1
rep5,1.0901,542,1
rep5,1.0901,543,1
rep5,1.0902,544,1
rep5,1.0904,545,1
rep5,1.0904,546,1
rep5,1.0905,547,1
rep5,1.0905,548,1
rep5,1.0905,549,1
rep5,1.0905,550,1
rep5,1.0906,551,1
rep5,1.0908,552,1
rep5,1.0908,553,1
rep5,1.0909,554,1
rep5,1.0909,555,1
rep5,1.091,556,1
rep5,1.091,557,1
rep5,1.0911,558,1
rep5,1.0913,559,1
rep5,1.0914,560,1
rep5,1.0915,561,1
rep5,1.0916,562,1
rep5,1.0916,563,1
rep5,1.0918,564,1
rep5,1.0918,565,1
rep5,1.092,566,1
rep5,1.0921,567,1
rep5,1.0921,568,1
rep5,1.0923,569,1
rep5,1.0925,570,1
rep5,1.0926,571,1
rep5,1.0926,572,1
rep5,1.0931,573,1
rep5,1.0931,574,1
rep5,1.0931,575,1
rep5,1.0935,576,1
rep5,1.0936,577,1
rep5,1.0939,578,1
rep5,1.094,579,1
rep5,1.0942,580,1
rep5,1.0942,581,1
rep5,1.0944,582,1
rep5,1.0944,583,1
rep5,1.0947,584,1
rep5,1.0952,585,1
rep5,1.0953,586,1
rep5,1.0954,587,1
rep5,1.0955,588,1
rep5,1.0958,589,1
rep5,1.096,590,1
rep5,1.096,591,1
rep5,1.0962,592,1
rep5,1.0962,593,1
rep5,1.0963,594,1
rep5,1.0964,595,1
rep5,1.0965,596,1
rep5,1.0968,597,1
rep5,1.0969,598,1
rep5,1.0971,599,1
rep5,1.0975,600,1
rep5,1.0977,601,1
rep5,1.0977,602,1
rep5,1.098,603,1
rep5,1.098,604,1
rep5,1.0982,605,1
rep5,1.0983,606,1
rep5,1.0989,607,1
rep5,1.099,608,1
rep5,1.0991,609,1
rep5,1.0991,610,1
rep5,1.0992,611,1
rep5,1.0994,612,1
rep5,1.0995,613,1
rep5,1.0998,614,1
rep5,1.1002,615,1
rep5,1.1005,616,1
rep5,1.1008,617,1
rep5,1.1009,618,1
rep5,1.1009,619,1
rep5,1.101,620,1
rep5,1.1011,621,1
rep5,1.1012,622,1
rep5,1.1013,623,1
rep5,1.1015,624,1
rep5,1.1019,625,1
rep5,1.1023,626,1
rep5,1.1024,627,1
rep5,1.1025,628,1
rep5,1.1026,629,1
rep5,1.1027,630,1
rep5,1.1028,631,1
rep5,1.1028,632,1
rep5,1.1032,633,1
rep5,1.1032,634,1
rep5,1.1032,635,1
rep5,1.1033,636,1
rep5,1.1037,637,1
rep5,1.104,638,1
rep5,1.1042,639,1
rep5,1.1043,640,1
rep5,1.1046,641,1
rep5,1.1048,642,1
rep5,1.1048,643,1
rep5,1.1049,644,1
rep5,1.1049,645,1
rep5,1.1049,646,1
rep5,1.105,647,1
rep5,1.1051,648,1
rep5,1.1053,649,1
rep5,1.1054,650,1
rep5,1.1055,651,1
rep5,1.1057,652,1
rep5,1.1057,653,1
rep5,1.1058,654,1
rep5,1.106,655,1
rep5,1.1063,656,1
rep5,1.1066,657,1
rep5,1.1067,658,1
rep5,1.107,659,1
rep5,1.107,660,1
rep5,1.1076,661,1
rep5,1.1076,662,1
rep5,1.1077,663,1
rep5,1.1078,664,1
rep5,1.108,665,1
rep5,1.1081,666,1
rep5,1.1082,667,1
rep5,1.1089,668,1
rep5,1.109,669,1
rep5,1.1092,670,1
rep5,1.1093,671,1
rep5,1.1093,672,1
rep5,1.1095,673,1
rep5,1.1097,674,1
rep5,1.1098,675,1
rep5,1.11,676,1
rep5,1.1104,677,1
rep5,1.1105,678,1
rep5,1.1106,679,1
rep5,1.1113,680,1
rep5,1.1115,681,1
rep5,1.1115,682,1
rep5,1.1118,683,1
rep5,1.1118,684,1
rep5,1.1122,685,1
rep5,1.1125,686,1
rep5,1.1125,687,1
rep5,1.1126,688,1
rep5,1.1127,689,1
rep5,1.1129,690,1
rep5,1.1132,691,1
rep5,1.1133,692,1
rep5,1.1134,693,1
rep5,1.1136,694,1
rep5,1.114,695,1
rep5,1.1143,696,1
rep5,1.1147,697,1
rep5,1.1147,698,1
rep5,1.115,699,1
rep5,1.1151,700,1
rep5,1.1155,701,1
rep5,1.1157,702,1
rep5,1.1159,703,1
rep5,1.1166,704,1
rep5,1.1168,705,1
rep5,1.1169,706,1
rep5,1.1171,707,1
rep5,1.1171,708,1
rep5,1.1173,709,1
rep5,1.1177,710,1
rep5,1.1178,711,1
rep5,1.1179,712,1
rep5,1.1182,713,1
rep5,1.1183,714,1
rep5,1.1184,715,1
rep5,1.1186,716,1
rep5,1.1187,717,1
rep5,1.1187,718,1
rep5,1.119,719,1
rep5,1.1192,720,1
rep5,1.1193,721,1
rep5,1.1194,722,1
rep5,1.1194,723,1
rep5,1.1194,724,1
rep5,1.1195,725,1
rep5,1.1198,726,1
rep5,1.1198,727,1
rep5,1.1199,728,1
rep5,1.1201,729,1
rep5,1.1203,730,1
rep5,1.1205,731,1
rep5,1.1206,732,1
rep5,1.1207,733,1
rep5,1.1208,734,1
rep5,1.1209,735,1
rep5,1.1212,736,1
rep5,1.1218,737,1
rep5,1.1219,738,1
rep5,1.122,739,1
rep5,1.1223,740,1
rep5,1.1225,741,1
rep5,1.1226,742,1
rep5,1.123,743,1
rep5,1.1233,744,1
rep5,1.1233,745,1
rep5,1.1234,746,1
rep5,1.1234,747,1
rep5,1.1234,748,1
rep5,1.1235,749,1
rep5,1.1235,750,1
rep5,1.1239,751,1
rep5,1.1241,752,1
rep5,1.1241,753,1
rep5,1.1245,754,1
rep5,1.1248,755,1
rep5,1.1251,756,1
rep5,1.1251,757,1
rep5,1.1252,758,1
rep5,1.1252,759,1
rep5,1.1253,760,1
rep5,1.1253,761,1
rep5,1.1254,762,1
rep5,1.1255,763,1
rep5,1.1256,764,1
rep5,1.1256,765,1
rep5,1.1259,766,1
rep5,1.126,767,1
rep5,1.1262,768,1
rep5,1.1263,769,1
rep5,1.1263,770,1
rep5,1.1266,771,1
rep5,1.1272,772,1
rep5,1.1282,773,1
rep5,1.1282,774,1
rep5,1.1284,775,1
rep5,1.1285,776,1
rep5,1.1292,777,1
rep5,1.1293,778,1
rep5,1.1294,779,1
rep5,1.1297,780,1
rep5,1.1297,781,1
rep5,1.1298,782,1
rep5,1.1299,783,1
rep5,1.13,784,1
rep5,1.1301,785,1
rep5,1.1304,786,1
rep5,1.1305,787,1
rep5,1.1307,788,1
rep5,1.1308,789,1
rep5,1.1309,790,1
rep5,1.1311,791,1
rep5,1.1311,792,1
rep5,1.1313,793,1
rep5,1.1313,794,1
rep5,1.1314,795,1
rep5,1.1316,796,1
rep5,1.1319,797,1
rep5,1.132,798,1
rep5,1.1326,799,1
rep5,1.1329,800,1
rep5,1.1332,801,1
rep5,1.1333,802,1
rep5,1.1335,803,1
rep5,1.1337,804,1
rep5,1.1339,805,1
rep5,1.1346,806,1
rep5,1.1347,807,1
rep5,1.1347,808,1
rep5,1.1348,809,1
rep5,1.1348,810,1
rep5,1.1352,811,1
rep5,1.1353,812,1
rep5,1.136,813,1
rep5,1.1362,814,1
rep5,1.1363,815,1
rep5,1.1366,816,1
rep5,1.1368,817,1
rep5,1.137,818,1
rep5,1.137,819,1
rep5,1.1371,820,1
rep5,1.1372,821,1
rep5,1.1376,822,1
rep5,1.1378,823,1
rep5,1.1379,824,1
rep5,1.138,825,1
rep5,1.1383,826,1
rep5,1.1385,827,1
rep5,1.1386,828,1
rep5,1.1388,829,1
rep5,1.1388,830,1
rep5,1.1389,831,1
rep5,1.1396,832,1
rep5,1.1396,833,1
rep5,1.1397,834,1
rep5,1.1398,835,1
rep5,1.1399,836,1
rep5,1.14,837,1
rep5,1.1401,838,1
rep5,1.1402,839,1
rep5,1.1403,840,1
rep5,1.1408,841,1
rep5,1.1408,842,1
rep5,1.1408,843,1
rep5,1.1414,844,1
rep5,1.1414,845,1
rep5,1.1418,846,1
rep5,1.142,847,1
rep5,1.1422,848,1
rep5,1.1426,849,1
rep5,1.1429,850,1
rep5,1.1429,851,1
rep5,1.1431,852,1
rep5,1.1435,853,1
rep5,1.1435,854,1
rep5,1.144,855,1
rep5,1.1443,856,1
rep5,1.1447,857,1
rep5,1.1448,858,1
rep5,1.1449,859,1
rep5,1.145,860,1
rep5,1.145,861,1
rep5,1.1451,862,1
rep5,1.1453,863,1
rep5,1.1457,864,1
rep5,1.1457,865,1
rep5,1.1458,866,1
rep5,1.1459,867,1
rep5,1.146,868,1
rep5,1.1462,869,1
rep5,1.1464,870,1
rep5,1.1466,871,1
rep5,1.1467,872,1
rep5,1.1468,873,1
rep5,1.1471,874,1
rep5,1.1471,875,1
rep5,1.1472,876,1
rep5,1.1473,877,1
rep5,1.1474,878,1
rep5,1.1475,879,1
rep5,1.1475,880,1
rep5,1.148,881,1
rep5,1.1481,882,1
rep5,1.1481,883,1
rep5,1.1487,884,1
rep5,1.1489,885,1
rep5,1.1492,886,1
rep5,1.1495,887,1
rep5,1.1497,888,1
rep5,1.1498,889,1
rep5,1.15,890,1
rep5,1.1501,891,1
rep5,1.1501,892,1
rep5,1.1504,893,1
rep5,1.1505,894,1
rep5,1.151,895,1
rep5,1.1511,896,1
rep5,1.1512,897,1
rep5,1.1512,898,1
rep5,1.1514,899,1
rep5,1.1515,900,1
rep5,1.1516,901,1
rep5,1.1517,902,1
rep5,1.1519,903,1
rep5,1.152,904,1
rep5,1.1523,905,1
rep5,1.1525,906,1
rep5,1.1526,907,1
rep5,1.1526,908,1
rep5,1.1533,909,1
rep5,1.1536,910,1
rep5,1.1536,911,1
rep5,1.1536,912,1
rep5,1.1538,913,1
rep5,1.1541,914,1
rep5,1.1541,915,1
rep5,1.1543,916,1
rep5,1.1545,917,1
rep5,1.1547,918,1
rep5,1.1547,919,1
rep5,1.1549,920,1
rep5,1.1549,921,1
rep5,1.155,922,1
rep5,1.155,923,1
rep5,1.155,924,1
rep5,1.1551,925,1
rep5,1.1552,926,1
rep5,1.1553,927,1
rep5,1.1554,928,1
rep5,1.1558,929,1
rep5,1.1561,930,1
rep5,1.1562,931,1
rep5,1.1563,932,1
rep5,1.1564,933,1
rep5,1.1566,934,1
rep5,1.1567,935,1
rep5,1.1568,936,1
rep5,1.157,937,1
rep5,1.1571,938,1
rep5,1.1571,939,1
rep5,1.1573,940,1
rep5,1.1575,941,1
rep5,1.1576,942,1
rep5,1.1584,943,1
rep5,1.1586,944,1
rep5,1.1587,945,1
rep5,1.159,946,1
rep5,1.1592,947,1
rep5,1.1594,948,1
rep5,1.1594,949,1
rep5,1.1594,950,1
rep5,1.1595,951,1
rep5,1.1596,952,1
rep5,1.16,953,1
rep5,1.1601,954,1
rep5,1.1604,955,1
rep5,1.1604,956,1
rep5,1.1605,957,1
rep5,1.1605,958,1
rep5,1.1607,959,1
rep5,1.1608,960,1
rep5,1.1609,961,1
rep5,1.1616,962,1
rep5,1.1617,963,1
rep5,1.1617,964,1
rep5,1.1619,965,1
rep5,1.1623,966,1
rep5,1.1625,967,1
rep5,1.1628,968,1
rep5,1.1628,969,1
rep5,1.163,970,1
rep5,1.1632,971,1
rep5,1.1636,972,1
rep5,1.1637,973,1
rep5,1.1638,974,1
rep5,1.164,975,1
rep5,1.1641,976,1
rep5,1.1646,977,1
rep5,1.1647,978,1
rep5,1.1651,979,1
rep5,1.1652,980,1
rep5,1.1656,981,1
rep5,1.1656,982,1
rep5,1.1657,983,1
rep5,1.1658,984,1
rep5,1.1658,985,1
rep5,1.166,986,1
rep5,1.1662,987,1
rep5,1.1663,988,1
rep5,1.1663,989,1
rep5,1.1665,990,1
rep5,1.1667,991,1
rep5,1.1668,992,1
rep5,1.1673,993,1
rep5,1.1677,994,1
rep5,1.1685,995,1
rep5,1.169,996,1
rep5,1.1691,997,1
rep5,1.1696,998,1
rep5,1.1697,999,1
rep5,1.1698,1000,1
rep5,1.1699,1001,1
rep5,1.17,1002,1
rep5,1.1701,1003,1
rep5,1.1705,1004,1
rep5,1.1706,1005,1
rep5,1.1706,1006,1
rep5,1.1708,1007,1
rep5,1.1708,1008,1
rep5,1.1711,1009,1
rep5,1.1712,1010,1
rep5,1.1712,1011,1
rep5,1.1712,1012,1
rep5,1.1717,1013,1
rep5,1.1717,1014,1
rep5,1.172,1015,1
rep5,1.1723,1016,1
rep5,1.1727,1017,1
rep5,1.1727,1018,1
rep5,1.1729,1019,1
rep5,1.173,1020,1
rep5,1.173,1021,1
rep5,1.1731,1022,1
rep5,1.1734,1023,1
rep5,1.1735,1024,1
rep5,1.1735,1025,1
rep5,1.1736,1026,1
rep5,1.1736,1027,1
rep5,1.1739,1028,1
rep5,1.174,1029,1
rep5,1.174,1030,1
rep5,1.1743,1031,1
rep5,1.1744,1032,1
rep5,1.1754,1033,1
rep5,1.1755,1034,1
rep5,1.1755,1035,1
rep5,1.1755,1036,1
rep5,1.1759,1037,1
rep5,1.1759,1038,1
rep5,1.1761,1039,1
rep5,1.1764,1040,1
rep5,1.1769,1041,1
rep5,1.177,1042,1
rep5,1.1772,1043,1
rep5,1.1773,1044,1
rep5,1.1773,1045,1
rep5,1.1775,1046,1
rep5,1.1778,1047,1
rep5,1.178,1048,1
rep5,1.1782,1049,1
rep5,1.1787,1050,1
rep5,1.179,1051,1
rep5,1.1792,1052,1
rep5,1.1794,1053,1
rep5,1.1797,1054,1
rep5,1.1799,1055,1
rep5,1.1802,1056,1
rep5,1.1804,1057,1
rep5,1.1807,1058,1
rep5,1.1807,1059,1
rep5,1.181,1060,1
rep5,1.181,1061,1
rep5,1.1811,1062,1
rep5,1.1811,1063,1
rep5,1.1812,1064,1
rep5,1.1815,1065,1
rep5,1.1815,1066,1
rep5,1.1816,1067,1
rep5,1.1823,1068,1
rep5,1.1825,1069,1
rep5,1.1825,1070,1
rep5,1.1827,1071,1
rep5,1.1828,1072,1
rep5,1.1829,1073,1
rep5,1.183,1074,1
rep5,1.1832,1075,1
rep5,1.1835,1076,1
rep5,1.1837,1077,1
rep5,1.1839,1078,1
rep5,1.1843,1079,1
rep5,1.1849,1080,1
rep5,1.1849,1081,1
rep5,1.1852,1082,1
rep5,1.1854,1083,1
rep5,1.1856,1084,1
rep5,1.1858,1085,1
rep5,1.1861,1086,1
rep5,1.1862,1087,1
rep5,1.1862,1088,1
rep5,1.1866,1089,1
rep5,1.1867,1090,1
rep5,1.1869,1091,1
rep5,1.187,1092,1
rep5,1.1873,1093,1
rep5,1.1873,1094,1
rep5,1.1874,1095,1
rep5,1.1879,1096,1
rep5,1.1881,1097,1
rep5,1.1883,1098,1
rep5,1.1883,1099,1
rep5,1.1885,1100,1
rep5,1.1885,1101,1
rep5,1.1886,1102,1
rep5,1.1888,1103,1
rep5,1.1889,1104,1
rep5,1.1892,1105,1
rep5,1.1892,1106,1
rep5,1.1894,1107,1
rep5,1.1894,1108,1
rep5,1.1895,1109,1
rep5,1.1895,1110,1
rep5,1.1896,1111,1
rep5,1.1896,1112,1
rep5,1.19,1113,1
rep5,1.19,1114,1
rep5,1.1901,1115,1
rep5,1.1903,1116,1
rep5,1.1903,1117,1
rep5,1.1905,1118,1
rep5,1.191,1119,1
rep5,1.191,1120,1
rep5,1.1911,1121,1
rep5,1.1911,1122,1
rep5,1.1918,1123,1
rep5,1.1919,1124,1
rep5,1.1921,1125,1
rep5,1.1929,1126,1
rep5,1.1929,1127,1
rep5,1.193,1128,1
rep5,1.1931,1129,1
rep5,1.1932,1130,1
rep5,1.1934,1131,1
rep5,1.1934,1132,1
rep5,1.1936,1133,1
rep5,1.1938,1134,1
rep5,1.1938,1135,1
rep5,1.1938,1136,1
rep5,1.194,1137,1
rep5,1.1946,1138,1
rep5,1.1949,1139,1
rep5,1.1949,1140,1
rep5,1.195,1141,1
rep5,1.195,1142,1
rep5,1.1953,1143,1
rep5,1.1954,1144,1
rep5,1.1957,1145,1
rep5,1.1959,1146,1
rep5,1.1959,1147,1
rep5,1.1964,1148,1
rep5,1.1964,1149,1
rep5,1.1966,1150,1
rep5,1.1971,1151,1
rep5,1.1973,1152,1
rep5,1.1976,1153,1
rep5,1.1977,1154,1
rep5,1.1978,1155,1
rep5,1.1982,1156,1
rep5,1.1983,1157,1
rep5,1.1984,1158,1
rep5,1.1985,1159,1
rep5,1.1986,1160,1
rep5,1.1987,1161,1
rep5,1.199,1162,1
rep5,1.1993,1163,1
rep5,1.1994,1164,1
rep5,1.1995,1165,1
rep5,1.1997,1166,1
rep5,1.2,1167,1
rep5,1.2003,1168,1
rep5,1.2004,1169,1
rep5,1.2004,1170,1
rep5,1.2007,1171,1
rep5,1.2009,1172,1
rep5,1.2011,1173,1
rep5,1.2012,1174,1
rep5,1.2013,1175,1
rep5,1.2015,1176,1
rep5,1.2015,1177,1
rep5,1.2015,1178,1
rep5,1.2019,1179,1
rep5,1.202,1180,1
rep5,1.2021,1181,1
rep5,1.2021,1182,1
rep5,1.2024,1183,1
rep5,1.2025,1184,1
rep5,1.2026,1185,1
rep5,1.2028,1186,1
rep5,1.203,1187,1
rep5,1.2034,1188,1
rep5,1.2036,1189,1
rep5,1.2036,1190,1
rep5,1.2036,1191,1
rep5,1.2037,1192,1
rep5,1.2038,1193,1
rep5,1.2038,1194,1
rep5,1.204,1195,1
rep5,1.2041,1196,1
rep5,1.2042,1197,1
rep5,1.2042,1198,1
rep5,1.2044,1199,1
rep5,1.2046,1200,1
rep5,1.2049,1201,1
rep5,1.205,1202,1
rep5,1.2052,1203,1
rep5,1.2058,1204,1
rep5,1.2058,1205,1
rep5,1.206,1206,1
rep5,1.2061,1207,1
rep5,1.2061,1208,1
rep5,1.2061,1209,1
rep5,1.2062,1210,1
rep5,1.2069,1211,1
rep5,1.2071,1212,1
rep5,1.2072,1213,1
rep5,1.2072,1214,1
rep5,1.2072,1215,1
rep5,1.2075,1216,1
rep5,1.2077,1217,1
rep5,1.208,1218,1
rep5,1.2081,1219,1
rep5,1.2081,1220,1
rep5,1.2084,1221,1
rep5,1.2085,1222,1
rep5,1.2086,1223,1
rep5,1.2086,1224,1
rep5,1.2088,1225,1
rep5,1.2088,1226,1
rep5,1.2089,1227,1
rep5,1.209,1228,1
rep5,1.2092,1229,1
rep5,1.2093,1230,1
rep5,1.2104,1231,1
rep5,1.2104,1232,1
rep5,1.2106,1233,1
rep5,1.2108,1234,1
rep5,1.2109,1235,1
rep5,1.2109,1236,1
rep5,1.2111,1237,1
rep5,1.2113,1238,1
rep5,1.2119,1239,1
rep5,1.212,1240,1
rep5,1.2124,1241,1
rep5,1.2124,1242,1
rep5,1.2127,1243,1
rep5,1.2128,1244,1
rep5,1.2129,1245,1
rep5,1.213,1246,1
rep5,1.2133,1247,1
rep5,1.2134,1248,1
rep5,1.2135,1249,1
rep5,1.2138,1250,1
rep5,1.2142,1251,1
rep5,1.2142,1252,1
rep5,1.2145,1253,1
rep5,1.2147,1254,1
rep5,1.2147,1255,1
rep5,1.215,1256,1
rep5,1.2151,1257,1
rep5,1.2154,1258,1
rep5,1.2155,1259,1
rep5,1.216,1260,1
rep5,1.2162,1261,1
rep5,1.2163,1262,1
rep5,1.2163,1263,1
rep5,1.2164,1264,1
rep5,1.2165,1265,1
rep5,1.2167,1266,1
rep5,1.2167,1267,1
rep5,1.217,1268,1
rep5,1.2171,1269,1
rep5,1.2174,1270,1
rep5,1.2174,1271,1
rep5,1.2182,1272,1
rep5,1.2187,1273,1
rep5,1.2188,1274,1
rep5,1.2188,1275,1
rep5,1.2191,1276,1
rep5,1.2192,1277,1
rep5,1.2194,1278,1
rep5,1.2196,1279,1
rep5,1.2198,1280,1
rep5,1.2198,1281,1
rep5,1.2199,1282,1
rep5,1.2199,1283,1
rep5,1.2199,1284,1
rep5,1.2205,1285,1
rep5,1.2205,1286,1
rep5,1.2209,1287,1
rep5,1.2212,1288,1
rep5,1.2212,1289,1
rep5,1.2215,1290,1
rep5,1.2215,1291,1
rep5,1.2216,1292,1
rep5,1.2217,1293,1
rep5,1.222,1294,1
rep5,1.2221,1295,1
rep5,1.2225,1296,1
rep5,1.2226,1297,1
rep5,1.223,1298,1
rep5,1.2234,1299,1
rep5,1.2234,1300,1
rep5,1.2235,1301,1
rep5,1.224,1302,1
rep5,1.2241,1303,1
rep5,1.2241,1304,1
rep5,1.2242,1305,1
rep5,1.2244,1306,1
rep5,1.2248,1307,1
rep5,1.2249,1308,1
rep5,1.2249,1309,1
rep5,1.225,1310,1
rep5,1.2251,1311,1
rep5,1.2252,1312,1
rep5,1.2252,1313,1
rep5,1.2255,1314,1
rep5,1.2259,1315,1
rep5,1.2264,1316,1
rep5,1.2265,1317,1
rep5,1.2265,1318,1
rep5,1.2266,1319,1
rep5,1.2266,1320,1
rep5,1.2271,1321,1
rep5,1.2272,1322,1
rep5,1.2273,1323,1
rep5,1.2276,1324,1
rep5,1.2278,1325,1
rep5,1.2279,1326,1
rep5,1.2281,1327,1
rep5,1.2286,1328,1
rep5,1.2287,1329,1
rep5,1.2289,1330,1
rep5,1.2289,1331,1
rep5,1.2291,1332,1
rep5,1.2297,1333,1
rep5,1.2299,1334,1
rep5,1.2304,1335,1
rep5,1.2306,1336,1
rep5,1.2307,1337,1
rep5,1.2312,1338,1
rep5,1.2312,1339,1
rep5,1.2313,1340,1
rep5,1.2317,1341,1
rep5,1.2322,1342,1
rep5,1.2323,1343,1
rep5,1.2325,1344,1
rep5,1.2325,1345,1
rep5,1.2326,1346,1
rep5,1.2327,1347,1
rep5,1.2332,1348,1
rep5,1.2333,1349,1
rep5,1.2334,1350,1
rep5,1.2337,1351,1
rep5,1.2338,1352,1
rep5,1.234,1353,1
rep5,1.2341,1354,1
rep5,1.2342,1355,1
rep5,1.2347,1356,1
rep5,1.2355,1357,1
rep5,1.2358,1358,1
rep5,1.2361,1359,1
rep5,1.2364,1360,1
rep5,1.2364,1361,1
rep5,1.2366,1362,1
rep5,1.2368,1363,1
rep5,1.2368,1364,1
rep5,1.2371,1365,1
rep5,1.2373,1366,1
rep5,1.2374,1367,1
rep5,1.2377,1368,1
rep5,1.2384,1369,1
rep5,1.2385,1370,1
rep5,1.2385,1371,1
rep5,1.2386,1372,1
rep5,1.2386,1373,1
rep5,1.2387,1374,1
rep5,1.2389,1375,1
rep5,1.2391,1376,1
rep5,1.2391,1377,1
rep5,1.2393,1378,1
rep5,1.2395,1379,1
rep5,1.2397,1380,1
rep5,1.2397,1381,1
rep5,1.24,1382,1
rep5,1.2401,1383,1
rep5,1.2404,1384,1
rep5,1.2404,1385,1
rep5,1.2407,1386,1
rep5,1.2415,1387,1
rep5,1.2416,1388,1
rep5,1.2422,1389,1
rep5,1.2424,1390,1
rep5,1.2425,1391,1
rep5,1.2425,1392,1
rep5,1.2432,1393,1
rep5,1.2434,1394,1
rep5,1.2441,1395,1
rep5,1.2442,1396,1
rep5,1.2447,1397,1
rep5,1.2449,1398,1
rep5,1.245,1399,1
rep5,1.2455,1400,1
rep5,1.2459,1401,1
rep5,1.2462,1402,1
rep5,1.2463,1403,1
rep5,1.2464,1404,1
rep5,1.2473,1405,1
rep5,1.2473,1406,1
rep5,1.2475,1407,1
rep5,1.2479,1408,1
rep5,1.248,1409,1
rep5,1.2483,1410,1
rep5,1.2484,1411,1
rep5,1.2486,1412,1
rep5,1.2487,1413,1
rep5,1.2487,1414,1
rep5,1.2488,1415,1
rep5,1.2492,1416,1
rep5,1.2493,1417,1
rep5,1.2496,1418,1
rep5,1.2497,1419,1
rep5,1.2501,1420,1
rep5,1.2503,1421,1
rep5,1.2507,1422,1
rep5,1.2511,1423,1
rep5,1.2518,1424,1
rep5,1.2519,1425,1
rep5,1.2523,1426,1
rep5,1.2526,1427,1
rep5,1.2528,1428,1
rep5,1.2528,1429,1
rep5,1.2529,1430,1
rep5,1.253,1431,1
rep5,1.2531,1432,1
rep5,1.2531,1433,1
rep5,1.2533,1434,1
rep5,1.2542,1435,1
rep5,1.2545,1436,1
rep5,1.2547,1437,1
rep5,1.2549,1438,1
rep5,1.255,1439,1
rep5,1.2551,1440,1
rep5,1.2551,1441,1
rep5,1.2553,1442,1
rep5,1.2555,1443,1
rep5,1.2556,1444,1
rep5,1.2559,1445,1
rep5,1.256,1446,1
rep5,1.2573,1447,1
rep5,1.2574,1448,1
rep5,1.2574,1449,1
rep5,1.258,1450,1
rep5,1.2582,1451,1
rep5,1.2583,1452,1
rep5,1.2585,1453,1
rep5,1.2586,1454,1
rep5,1.2587,1455,1
rep5,1.259,1456,1
rep5,1.2594,1457,1
rep5,1.2596,1458,1
rep5,1.2599,1459,1
rep5,1.2599,1460,1
rep5,1.26,1461,1
rep5,1.26,1462,1
rep5,1.2604,1463,1
rep5,1.2605,1464,1
rep5,1.2611,1465,1
rep5,1.2612,1466,1
rep5,1.2613,1467,1
rep5,1.2618,1468,1
rep5,1.2618,1469,1
rep5,1.2618,1470,1
rep5,1.262,1471,1
rep5,1.2621,1472,1
rep5,1.2621,1473,1
rep5,1.2628,1474,1
rep5,1.2628,1475,1
rep5,1.2634,1476,1
rep5,1.2634,1477,1
rep5,1.2638,1478,1
rep5,1.2641,1479,1
rep5,1.2642,1480,1
rep5,1.2653,1481,1
rep5,1.2659,1482,1
rep5,1.2659,1483,1
rep5,1.266,1484,1
rep5,1.2661,1485,1
rep5,1.2662,1486,1
rep5,1.2662,1487,1
rep5,1.2663,1488,1
rep5,1.2664,1489,1
rep5,1.2672,1490,1
rep5,1.2674,1491,1
rep5,1.2679,1492,1
rep5,1.2682,1493,1
rep5,1.2683,1494,1
rep5,1.2686,1495,1
rep5,1.2687,1496,1
rep5,1.2689,1497,1
rep5,1.269,1498,1
rep5,1.269,1499,1
rep5,1.2693,1500,1
rep5,1.2694,1501,1
rep5,1.2695,1502,1
rep5,1.2695,1503,1
rep5,1.2696,1504,1
rep5,1.2702,1505,1
rep5,1.2703,1506,1
rep5,1.2703,1507,1
rep5,1.2704,1508,1
rep5,1.2711,1509,1
rep5,1.2713,1510,1
rep5,1.2716,1511,1
rep5,1.2721,1512,1
rep5,1.2724,1513,1
rep5,1.2727,1514,1
rep5,1.2728,1515,1
rep5,1.2729,1516,1
rep5,1.2733,1517,1
rep5,1.2737,1518,1
rep5,1.2746,1519,1
rep5,1.2752,1520,1
rep5,1.2754,1521,1
rep5,1.2756,1522,1
rep5,1.2758,1523,1
rep5,1.276,1524,1
rep5,1.2761,1525,1
rep5,1.2761,1526,1
rep5,1.2762,1527,1
rep5,1.2763,1528,1
rep5,1.2764,1529,1
rep5,1.2764,1530,1
rep5,1.2766,1531,1
rep5,1.2766,1532,1
rep5,1.2768,1533,1
rep5,1.2775,1534,1
rep5,1.2775,1535,1
rep5,1.2778,1536,1
rep5,1.2779,1537,1
rep5,1.278,1538,1
rep5,1.2786,1539,1
rep5,1.2787,1540,1
rep5,1.2788,1541,1
rep5,1.2791,1542,1
rep5,1.2798,1543,1
rep5,1.2801,1544,1
rep5,1.2805,1545,1
rep5,1.2806,1546,1
rep5,1.2809,1547,1
rep5,1.2813,1548,1
rep5,1.2814,1549,1
rep5,1.2829,1550,1
rep5,1.2831,1551,1
rep5,1.2832,1552,1
rep5,1.2834,1553,1
rep5,1.2836,1554,1
rep5,1.2836,1555,1
rep5,1.2837,1556,1
rep5,1.2837,1557,1
rep5,1.2839,1558,1
rep5,1.284,1559,1
rep5,1.2841,1560,1
rep5,1.2843,1561,1
rep5,1.2847,1562,1
rep5,1.2851,1563,1
rep5,1.2853,1564,1
rep5,1.2854,1565,1
rep5,1.2855,1566,1
rep5,1.2858,1567,1
rep5,1.2858,1568,1
rep5,1.2859,1569,1
rep5,1.2865,1570,1
rep5,1.2867,1571,1
rep5,1.2871,1572,1
rep5,1.2872,1573,1
rep5,1.2873,1574,1
rep5,1.2873,1575,1
rep5,1.2874,1576,1
rep5,1.2878,1577,1
rep5,1.2881,1578,1
rep5,1.2881,1579,1
rep5,1.2886,1580,1
rep5,1.2887,1581,1
rep5,1.2888,1582,1
rep5,1.2893,1583,1
rep5,1.2895,1584,1
rep5,1.2897,1585,1
rep5,1.2898,1586,1
rep5,1.2903,1587,1
rep5,1.2904,1588,1
rep5,1.2908,1589,1
rep5,1.2913,1590,1
rep5,1.2918,1591,1
rep5,1.2919,1592,1
rep5,1.292,1593,1
rep5,1.2922,1594,1
rep5,1.2922,1595,1
rep5,1.2927,1596,1
rep5,1.2928,1597,1
rep5,1.293,1598,1
rep5,1.2933,1599,1
rep5,1.2934,1600,1
rep5,1.2942,1601,1
rep5,1.2943,1602,1
rep5,1.2946,1603,1
rep5,1.295,1604,1
rep5,1.2951,1605,1
rep5,1.2951,1606,1
rep5,1.2952,1607,1
rep5,1.2955,1608,1
rep5,1.2957,1609,1
rep5,1.296,1610,1
rep5,1.2961,1611,1
rep5,1.2965,1612,1
rep5,1.2968,1613,1
rep5,1.2973,1614,1
rep5,1.2973,1615,1
rep5,1.2975,1616,1
rep5,1.2978,1617,1
rep5,1.2986,1618,1
rep5,1.2987,1619,1
rep5,1.299,1620,1
rep5,1.2991,1621,1
rep5,1.2994,1622,1
rep5,1.2997,1623,1
rep5,1.2999,1624,1
rep5,1.3,1625,1
rep5,1.3003,1626,1
rep5,1.3007,1627,1
rep5,1.3014,1628,1
rep5,1.3016,1629,1
rep5,1.3018,1630,1
rep5,1.3026,1631,1
rep5,1.3028,1632,1
rep5,1.3028,1633,1
rep5,1.3035,1634,1
rep5,1.3036,1635,1
rep5,1.3037,1636,1
rep5,1.3037,1637,1
rep5,1.3039,1638,1
rep5,1.3041,1639,1
rep5,1.3041,1640,1
rep5,1.3042,1641,1
rep5,1.3043,1642,1
rep5,1.3055,1643,1
rep5,1.3057,1644,1
rep5,1.3064,1645,1
rep5,1.3065,1646,1
rep5,1.3065,1647,1
rep5,1.3065,1648,1
rep5,1.3066,1649,1
rep5,1.3069,1650,1
rep5,1.3071,1651,1
rep5,1.3073,1652,1
rep5,1.3074,1653,1
rep5,1.3077,1654,1
rep5,1.3078,1655,1
rep5,1.3079,1656,1
rep5,1.3079,1657,1
rep5,1.3081,1658,1
rep5,1.3082,1659,1
rep5,1.3085,1660,1
rep5,1.3085,1661,1
rep5,1.3088,1662,1
rep5,1.3089,1663,1
rep5,1.3094,1664,1
rep5,1.3097,1665,1
rep5,1.3097,1666,1
rep5,1.3099,1667,1
rep5,1.3099,1668,1
rep5,1.3107,1669,1
rep5,1.3112,1670,1
rep5,1.3121,1671,1
rep5,1.3121,1672,1
rep5,1.3141,1673,1
rep5,1.3141,1674,1
rep5,1.3143,1675,1
rep5,1.3145,1676,1
rep5,1.3145,1677,1
rep5,1.3151,1678,1
rep5,1.3155,1679,1
rep5,1.3157,1680,1
rep5,1.3165,1681,1
rep5,1.3168,1682,1
rep5,1.317,1683,1
rep5,1.3171,1684,1
rep5,1.3176,1685,1
rep5,1.3178,1686,1
rep5,1.3179,1687,1
rep5,1.3183,1688,1
rep5,1.3184,1689,1
rep5,1.319,1690,1
rep5,1.319,1691,1
rep5,1.3193,1692,1
rep5,1.3194,1693,1
rep5,1.3194,1694,1
rep5,1.3196,1695,1
rep5,1.3197,1696,1
rep5,1.3198,1697,1
rep5,1.3203,1698,1
rep5,1.3204,1699,1
rep5,1.3204,1700,1
rep5,1.3207,1701,1
rep5,1.3209,1702,1
rep5,1.3212,1703,1
rep5,1.3214,1704,1
rep5,1.3215,1705,1
rep5,1.3216,1706,1
rep5,1.322,1707,1
rep5,1.3221,1708,1
rep5,1.3224,1709,1
rep5,1.3239,1710,1
rep5,1.324,1711,1
rep5,1.3245,1712,1
rep5,1.325,1713,1
rep5,1.3251,1714,1
rep5,1.3255,1715,1
rep5,1.3255,1716,1
rep5,1.3256,1717,1
rep5,1.3264,1718,1
rep5,1.3279,1719,1
rep5,1.3279,1720,1
rep5,1.3288,1721,1
rep5,1.3296,1722,1
rep5,1.3307,1723,1
rep5,1.331,1724,1
rep5,1.3312,1725,1
rep5,1.3313,1726,1
rep5,1.3316,1727,1
rep5,1.3326,1728,1
rep5,1.3328,1729,1
rep5,1.3335,1730,1
rep5,1.3335,1731,1
rep5,1.3335,1732,1
rep5,1.3337,1733,1
rep5,1.3338,1734,1
rep5,1.3339,1735,1
rep5,1.3345,1736,1
rep5,1.3347,1737,1
rep5,1.3353,1738,1
rep5,1.3366,1739,1
rep5,1.3375,1740,1
rep5,1.3376,1741,1
rep5,1.3381,1742,1
rep5,1.3383,1743,1
rep5,1.3383,1744,1
rep5,1.3384,1745,1
rep5,1.3399,1746,1
rep5,1.34,1747,1
rep5,1.3404,1748,1
rep5,1.3404,1749,1
rep5,1.3406,1750,1
rep5,1.3415,1751,1
rep5,1.3421,1752,1
rep5,1.3421,1753,1
rep5,1.3425,1754,1
rep5,1.3427,1755,1
rep5,1.3429,1756,1
rep5,1.3435,1757,1
rep5,1.3435,1758,1
rep5,1.3437,1759,1
rep5,1.3439,1760,1
rep5,1.3439,1761,1
rep5,1.3439,1762,1
rep5,1.3441,1763,1
rep5,1.3442,1764,1
rep5,1.3448,1765,1
rep5,1.3449,1766,1
rep5,1.3458,1767,1
rep5,1.346,1768,1
rep5,1.3461,1769,1
rep5,1.3472,1770,1
rep5,1.3476,1771,1
rep5,1.3477,1772,1
rep5,1.349,1773,1
rep5,1.3492,1774,1
rep5,1.3495,1775,1
rep5,1.3497,1776,1
rep5,1.3506,1777,1
rep5,1.3509,1778,1
rep5,1.3511,1779,1
rep5,1.3511,1780,1
rep5,1.3513,1781,1
rep5,1.3528,1782,1
rep5,1.353,1783,1
rep5,1.3531,1784,1
rep5,1.3536,1785,1
rep5,1.3537,1786,1
rep5,1.355,1787,1
rep5,1.3564,1788,1
rep5,1.3572,1789,1
rep5,1.3573,1790,1
rep5,1.3585,1791,1
rep5,1.3586,1792,1
rep5,1.3596,1793,1
rep5,1.3603,1794,1
rep5,1.3604,1795,1
rep5,1.3609,1796,1
rep5,1.3627,1797,1
rep5,1.3628,1798,1
rep5,1.363,1799,1
rep5,1.3631,1800,1
rep5,1.3642,1801,1
rep5,1.3647,1802,1
rep5,1.3653,1803,1
rep5,1.3673,1804,1
rep5,1.3674,1805,1
rep5,1.3679,1806,1
rep5,1.3681,1807,1
rep5,1.3687,1808,1
rep5,1.3692,1809,1
rep5,1.3693,1810,1
rep5,1.3694,1811,1
rep5,1.3694,1812,1
rep5,1.3697,1813,1
rep5,1.3702,1814,1
rep5,1.3705,1815,1
rep5,1.3708,1816,1
rep5,1.3714,1817,1
rep5,1.3715,1818,1
rep5,1.3715,1819,1
rep5,1.3717,1820,1
rep5,1.372,1821,1
rep5,1.3728,1822,1
rep5,1.3741,1823,1
rep5,1.3764,1824,1
rep5,1.3764,1825,1
rep5,1.3765,1826,1
rep5,1.3771,1827,1
rep5,1.3773,1828,1
rep5,1.3779,1829,1
rep5,1.378,1830,1
rep5,1.3785,1831,1
rep5,1.3787,1832,1
rep5,1.3803,1833,1
rep5,1.3806,1834,1
rep5,1.3807,1835,1
rep5,1.3823,1836,1
rep5,1.3827,1837,1
rep5,1.384,1838,1
rep5,1.3842,1839,1
rep5,1.3843,1840,1
rep5,1.3844,1841,1
rep5,1.3845,1842,1
rep5,1.3852,1843,1
rep5,1.3854,1844,1
rep5,1.3859,1845,1
rep5,1.386,1846,1
rep5,1.3864,1847,1
rep5,1.3867,1848,1
rep5,1.3867,1849,1
rep5,1.3874,1850,1
rep5,1.3883,1851,1
rep5,1.3894,1852,1
rep5,1.3905,1853,1
rep5,1.3906,1854,1
rep5,1.3911,1855,1
rep5,1.3914,1856,1
rep5,1.3919,1857,1
rep5,1.3922,1858,1
rep5,1.3927,1859,1
rep5,1.3932,1860,1
rep5,1.3955,1861,1
rep5,1.3974,1862,1
rep5,1.3976,1863,1
rep5,1.398,1864,1
rep5,1.3986,1865,1
rep5,1.3992,1866,1
rep5,1.3998,1867,1
rep5,1.4011,1868,1
rep5,1.4014,1869,1
rep5,1.4014,1870,1
rep5,1.4037,1871,1
rep5,1.4038,1872,1
rep5,1.4043,1873,1
rep5,1.4044,1874,1
rep5,1.4044,1875,1
rep5,1.4046,1876,1
rep5,1.4066,1877,1
rep5,1.4068,1878,1
rep5,1.4074,1879,1
rep5,1.4076,1880,1
rep5,1.4078,1881,1
rep5,1.4081,1882,1
rep5,1.4087,1883,1
rep5,1.4088,1884,1
rep5,1.4091,1885,1
rep5,1.4094,1886,1
rep5,1.4096,1887,1
rep5,1.4098,1888,1
rep5,1.4099,1889,1
rep5,1.4119,1890,1
rep5,1.4127,1891,1
rep5,1.4143,1892,1
rep5,1.4145,1893,1
rep5,1.4148,1894,1
rep5,1.4155,1895,1
rep5,1.4155,1896,1
rep5,1.4165,1897,1
rep5,1.4184,1898,1
rep5,1.4185,1899,1
rep5,1.4194,1900,1
rep5,1.4195,1901,1
rep5,1.4204,1902,1
rep5,1.4205,1903,1
rep5,1.4213,1904,1
rep5,1.4228,1905,1
rep5,1.423,1906,1
rep5,1.4237,1907,1
rep5,1.4244,1908,1
rep5,1.4244,1909,1
rep5,1.4255,1910,1
rep5,1.4267,1911,1
rep5,1.4273,1912,1
rep5,1.4274,1913,1
rep5,1.4277,1914,1
rep5,1.4278,1915,1
rep5,1.4282,1916,1
rep5,1.4286,1917,1
rep5,1.4299,1918,1
rep5,1.4303,1919,1
rep5,1.4305,1920,1
rep5,1.4307,1921,1
rep5,1.4309,1922,1
rep5,1.432,1923,1
rep5,1.4321,1924,1
rep5,1.4326,1925,1
rep5,1.4344,1926,1
rep5,1.4344,1927,1
rep5,1.4346,1928,1
rep5,1.4349,1929,1
rep5,1.435,1930,1
rep5,1.4358,1931,1
rep5,1.4385,1932,1
rep5,1.4405,1933,1
rep5,1.4419,1934,1
rep5,1.4423,1935,1
rep5,1.4435,1936,1
rep5,1.4438,1937,1
rep5,1.4454,1938,1
rep5,1.4474,1939,1
rep5,1.4495,1940,1
rep5,1.452,1941,1
rep5,1.4526,1942,1
rep5,1.4536,1943,1
rep5,1.4557,1944,1
rep5,1.4558,1945,1
rep5,1.4571,1946,1
rep5,1.458,1947,1
rep5,1.4593,1948,1
rep5,1.4612,1949,1
rep5,1.4627,1950,1
rep5,1.4642,1951,1
rep5,1.4665,1952,1
rep5,1.467,1953,1
rep5,1.4692,1954,1
rep5,1.4698,1955,1
rep5,1.4733,1956,1
rep5,1.4743,1957,1
rep5,1.4762,1958,1
rep5,1.4781,1959,1
rep5,1.4796,1960,1
rep5,1.4799,1961,1
rep5,1.4804,1962,1
rep5,1.4812,1963,1
rep5,1.4813,1964,1
rep5,1.4821,1965,1
rep5,1.4835,1966,1
rep5,1.484,1967,1
rep5,1.4842,1968,1
rep5,1.4862,1969,1
rep5,1.4879,1970,1
rep5,1.4882,1971,1
rep5,1.4887,1972,1
rep5,1.4891,1973,1
rep5,1.4902,1974,1
rep5,1.4905,1975,1
rep5,1.4913,1976,1
rep5,1.4942,1977,1
rep5,1.4972,1978,1
rep5,1.4988,1979,1
rep5,1.5007,1980,1
rep5,1.501,1981,1
rep5,1.5011,1982,1
rep5,1.5017,1983,1
rep5,1.5021,1984,1
rep5,1.5043,1985,1
rep5,1.505,1986,1
rep5,1.5069,1987,1
rep5,1.5118,1988,1
rep5,1.5122,1989,1
rep5,1.5126,1990,1
rep5,1.5154,1991,1
rep5,1.5162,1992,1
rep5,1.5181,1993,1
rep5,1.5194,1994,1
rep5,1.5202,1995,1
rep5,1.5209,1996,1
rep5,1.5228,1997,1
rep5,1.5261,1998,1
rep5,1.5283,1999,1
rep5,1.5311,2000,1
rep5,1.5447,2001,1
rep5,1.5455,2002,1
rep5,1.5516,2003,1
rep5,1.5565,2004,1
rep5,1.5591,2005,1
rep5,1.5599,2006,1
rep5,1.5601,2007,1
rep5,1.5683,2008,1
rep5,1.5702,2009,1
rep5,1.5708,2010,1
rep5,1.5722,2011,1
rep5,1.5736,2012,1
rep5,1.5752,2013,1
rep5,1.5786,2014,1
rep5,1.5817,2015,1
rep5,1.5831,2016,1
rep5,1.5923,2017,1
rep5,1.5962,2018,1
rep5,1.5973,2019,1
rep5,1.6038,2020,1
rep5,1.6099,2021,1
rep5,1.6102,2022,1
rep5,1.6208,2023,1
rep5,1.6263,2024,1
rep5,1.6295,2025,1
rep5,1.6298,2026,1
rep5,1.6341,2027,1
rep5,1.6468,2028,1
rep5,1.6506,2029,1
rep5,1.6668,2030,1
rep5,1.6685,2031,1
rep5,1.6697,2032,1
rep5,1.6768,2033,1
rep5,1.686,2034,1
rep5,1.7146,2035,1
rep5,1.7202,2036,1
rep5,1.7612,2037,1
rep5,1.8172,2038,1
rep5,1.8328,2039,1
rep5,1.887,2040,1
rep5,1.9648,2041,1
rep5,2.0218,2042,1
rep5,2.0235,2043,1
rep5,2.0377,2044,1
rep5,2.0383,2045,1
rep5,2.0524,2046,1
rep5,2.0526,2047,1
rep5,2.0527,2048,1
rep5,2.0529,2049,1
rep5,2.0529,2050,1
rep5,2.0537,2051,1
rep5,2.0539,2052,1
rep5,2.054,2053,1
rep5,2.0552,2054,1
rep5,2.0554,2055,1
rep5,2.0564,2056,1
rep5,2.0566,2057,1
rep5,2.0567,2058,1
rep5,2.0574,2059,1
rep5,2.0576,2060,1
rep5,2.0579,2061,1
rep5,2.0583,2062,1
rep5,2.0586,2063,1
rep5,2.0587,2064,1
rep5,2.0589,2065,1
rep5,2.0613,2066,1
rep5,2.0622,2067,1
rep5,2.0627,2068,1
rep5,2.0637,2069,1
rep5,2.0663,2070,1
rep5,2.0693,2071,1
rep5,2.0695,2072,1
rep5,2.0743,2073,1
rep5,2.0786,2074,1
rep5,2.0787,2075,1
rep5,2.0797,2076,1
rep5,2.0805,2077,1
rep5,2.0858,2078,1
rep5,2.0858,2079,1
rep5,2.086,2080,1
rep5,2.0864,2081,1
rep5,2.0872,2082,1
rep5,2.0872,2083,1
rep5,2.0874,2084,1
rep5,2.0883,2085,1
rep5,2.0888,2086,1
rep5,2.0891,2087,1
rep5,2.0892,2088,1
rep5,2.0894,2089,1
rep5,2.0895,2090,1
rep5,2.0897,2091,1
rep5,2.0897,2092,1
rep5,2.0904,2093,1
rep5,2.0908,2094,1
rep5,2.0913,2095,1
rep5,2.0914,2096,1
rep5,2.0919,2097,1
rep5,2.0925,2098,1
rep5,2.0937,2099,1
rep5,2.0937,2100,1
rep5,2.094,2101,1
rep5,2.0943,2102,1
rep5,2.0945,2103,1
rep5,2.0946,2104,1
rep5,2.0951,2105,1
rep5,2.0953,2106,1
rep5,2.0957,2107,1
rep5,2.0957,2108,1
rep5,2.0961,2109,1
rep5,2.0969,2110,1
rep5,2.0973,2111,1
rep5,2.0978,2112,1
rep5,2.0993,2113,1
rep5,2.1003,2114,1
rep5,2.1004,2115,1
rep5,2.1006,2116,1
rep5,2.1026,2117,1
rep5,2.1032,2118,1
rep5,2.1041,2119,1
rep5,2.1045,2120,1
rep5,2.1067,2121,1
rep5,2.1159,2122,1
rep5,2.1193,2123,1
rep5,2.1195,2124,1
rep5,2.1201,2125,1
rep5,2.1219,2126,1
rep5,2.1221,2127,1
rep5,2.1229,2128,1
rep5,2.123,2129,1
rep5,2.1238,2130,1
rep5,2.1281,2131,1
rep5,2.1302,2132,1
rep5,2.1314,2133,1
rep5,2.1347,2134,1
rep5,2.1353,2135,1
rep5,2.1368,2136,1
rep5,2.138,2137,1
rep5,2.1397,2138,1
rep5,2.1399,2139,1
rep5,2.1404,2140,1
rep5,2.1411,2141,1
rep5,2.1455,2142,1
rep5,2.146,2143,1
rep5,2.1491,2144,1
rep5,2.1534,2145,1
rep5,2.1539,2146,1
rep5,2.1542,2147,1
rep5,2.1552,2148,1
rep5,2.1568,2149,1
rep5,2.1577,2150,1
rep5,2.1592,2151,1
rep5,2.1592,2152,1
rep5,2.1606,2153,1
rep5,2.1608,2154,1
rep5,2.1611,2155,1
rep5,2.1621,2156,1
rep5,2.1627,2157,1
rep5,2.1636,2158,1
rep5,2.1649,2159,1
rep5,2.166,2160,1
rep5,2.1673,2161,1
rep5,2.1677,2162,1
rep5,2.1679,2163,1
rep5,2.1681,2164,1
rep5,2.1695,2165,1
rep5,2.1708,2166,1
rep5,2.1722,2167,1
rep5,2.1742,2168,1
rep5,2.1744,2169,1
rep5,2.1753,2170,1
rep5,2.1754,2171,1
rep5,2.1769,2172,1
rep5,2.1784,2173,1
rep5,2.1785,2174,1
rep5,2.1807,2175,1
rep5,2.1835,2176,1
rep5,2.1844,2177,1
rep5,2.1898,2178,1
rep5,2.19,2179,1
rep5,2.19,2180,1
rep5,2.1907,2181,1
rep5,2.1913,2182,1
rep5,2.1931,2183,1
rep5,2.1944,2184,1
rep5,2.1955,2185,1
rep5,2.1998,2186,1
rep5,2.2007,2187,1
rep5,2.2013,2188,1
rep5,2.2036,2189,1
rep5,2.2041,2190,1
rep5,2.205,2191,1
rep5,2.206,2192,1
rep5,2.2061,2193,1
rep5,2.2092,2194,1
rep5,2.2093,2195,1
rep5,2.2108,2196,1
rep5,2.2131,2197,1
rep5,2.2135,2198,1
rep5,2.214,2199,1
rep5,2.216,2200,1
rep5,2.2192,2201,1
rep5,2.2192,2202,1
rep5,2.2193,2203,1
rep5,2.22,2204,1
rep5,2.2206,2205,1
rep5,2.2208,2206,1
rep5,2.2212,2207,1
rep5,2.2212,2208,1
rep5,2.2224,2209,1
rep5,2.2243,2210,1
rep5,2.2248,2211,1
rep5,2.2258,2212,1
