rep,t_over_ttl,cum_rehold,cum_duplicate
rep1,1.0057,1,0
rep1,1.0059,2,0
rep1,1.006,3,0
rep1,1.0062,4,0
rep1,1.0068,5,0
rep1,1.007,6,0
rep1,1.0072,7,0
rep1,1.0074,8,0
rep1,1.0076,9,0
rep1,1.0078,10,0
rep1,1.0092,11,0
rep1,1.0094,12,0
rep1,1.0098,13,0
rep1,1.0099,14,0
rep1,1.0099,15,0
rep1,1.0115,16,0
rep1,1.0116,17,0
rep1,1.0133,18,0
rep1,1.0141,19,0
rep1,1.0142,20,0
rep1,1.0149,21,0
rep1,1.0154,22,0
rep1,1.0157,23,0
rep1,1.0168,24,0
rep1,1.0173,25,0
rep1,1.0198,26,0
rep1,1.0198,27,0
rep1,1.0204,28,0
rep1,1.0255,29,0
rep1,1.0259,30,0
rep1,1.0261,31,0
rep1,1.0279,32,0
rep1,1.0343,33,0
rep1,1.0365,34,0
rep1,1.039,35,0
rep1,1.039,36,0
rep1,1.0391,37,0
rep1,1.0391,38,0
rep1,1.0391,39,0
rep1,1.0391,40,0
rep1,1.0391,41,0
rep1,1.0392,42,0
rep1,1.0392,43,0
rep1,1.0392,44,0
rep1,1.0393,45,0
rep1,1.0393,46,0
rep1,1.0393,47,0
rep1,1.0393,48,0
rep1,1.0393,49,0
rep1,1.0394,50,0
rep1,1.0394,51,0
rep1,1.0395,52,0
rep1,1.0395,53,0
rep1,1.0395,54,0
rep1,1.0395,55,0
rep1,1.0396,56,0
rep1,1.0396,57,0
rep1,1.0396,58,0
rep1,1.0396,59,0
rep1,1.0398,60,0
rep1,1.0398,61,0
rep1,1.0398,62,0
rep1,1.0399,63,0
rep1,1.0399,64,0
rep1,1.0399,65,0
rep1,1.0399,66,0
rep1,1.04,67,0
rep1,1.04,68,0
rep1,1.0401,69,0
rep1,1.0401,70,0
rep1,1.0401,71,0
rep1,1.0401,72,0
rep1,1.0402,73,0
rep1,1.0402,74,0
rep1,1.0402,75,0
rep1,1.0403,76,0
rep1,1.0403,77,0
rep1,1.0403,78,0
rep1,1.0403,79,0
rep1,1.0403,80,0
rep1,1.0404,81,0
rep1,1.0404,82,0
rep1,1.0404,83,0
rep1,1.0404,84,0
rep1,1.0405,85,0
rep1,1.0405,86,0
rep1,1.0405,87,0
rep1,1.0405,88,0
rep1,1.0406,89,0
rep1,1.0406,90,0
rep1,1.0406,91,0
rep1,1.0406,92,0
rep1,1.0407,93,0
rep1,1.0407,94,0
rep1,1.0408,95,0
rep1,1.0408,96,0
rep1,1.0408,97,0
rep1,1.0409,98,0
rep1,1.0409,99,0
rep1,1.0409,100,0
rep1,1.041,101,0
rep1,1.041,102,0
rep1,1.041,103,0
rep1,1.0411,104,0
rep1,1.0411,105,0
rep1,1.0411,106,0
rep1,1.0411,107,0
rep1,1.0411,108,0
rep1,1.0412,109,0
rep1,1.0412,110,0
rep1,1.0412,111,0
rep1,1.0412,112,0
rep1,1.0414,113,0
rep1,1.0415,114,0
rep1,1.0415,115,0
rep1,1.0417,116,0
rep1,1.0417,117,0
rep1,1.0417,118,0
rep1,1.0418,119,0
rep1,1.0418,120,0
rep1,1.0419,121,0
rep1,1.0419,122,0
rep1,1.0419,123,0
rep1,1.042,124,0
rep1,1.0421,125,0
rep1,1.0421,126,0
rep1,1.0422,127,0
rep1,1.0422,128,0
rep1,1.0422,129,0
rep1,1.0423,130,0
rep1,1.0423,131,0
rep1,1.0423,132,0
rep1,1.0423,133,0
rep1,1.0423,134,0
rep1,1.0423,135,0
rep1,1.0424,136,0
rep1,1.0425,137,0
rep1,1.0425,138,0
rep1,1.0425,139,0
rep1,1.0426,140,0
rep1,1.0426,141,0
rep1,1.0426,142,0
rep1,1.0426,143,0
rep1,1.0427,144,0
rep1,1.0427,145,0
rep1,1.0427,146,0
rep1,1.0428,147,0
rep1,1.0428,148,0
rep1,1.0428,149,0
rep1,1.0429,150,0
rep1,1.0429,151,0
rep1,1.0429,152,0
rep1,1.043,153,0
rep1,1.043,154,0
rep1,1.043,155,0
rep1,1.0431,156,0
rep1,1.0431,157,0
rep1,1.0432,158,0
rep1,1.0432,159,0
rep1,1.0432,160,0
rep1,1.0433,161,0
rep1,1.0433,162,0
rep1,1.0434,163,0
rep1,1.0434,164,0
rep1,1.0434,165,0
rep1,1.0435,166,0
rep1,1.0435,167,0
rep1,1.0435,168,0
rep1,1.0436,169,0
rep1,1.0437,170,0
rep1,1.0437,171,0
rep1,1.0437,172,0
rep1,1.0437,173,0
rep1,1.0437,174,0
rep1,1.0438,175,0
rep1,1.0438,176,0
rep1,1.0438,177,0
rep1,1.0439,178,0
rep1,1.0439,179,0
rep1,1.0439,180,0
rep1,1.044,181,0
rep1,1.0442,182,0
rep1,1.0442,183,0
rep1,1.0442,184,0
rep1,1.0444,185,0
rep1,1.0445,186,0
rep1,1.0445,187,0
rep1,1.0447,188,0
rep1,1.0447,189,0
rep1,1.0447,190,0
rep1,1.0448,191,0
rep1,1.0448,192,0
rep1,1.0448,193,0
rep1,1.0448,194,0
rep1,1.0449,195,0
rep1,1.0449,196,0
rep1,1.0449,197,0
rep1,1.0449,198,0
rep1,1.045,199,0
rep1,1.045,200,0
rep1,1.0451,201,0
rep1,1.0451,202,0
rep1,1.0452,203,0
rep1,1.0452,204,0
rep1,1.0453,205,0
rep1,1.0453,206,0
rep1,1.0454,207,0
rep1,1.0454,208,0
rep1,1.0455,209,0
rep1,1.0455,210,0
rep1,1.0456,211,0
rep1,1.0456,212,0
rep1,1.0457,213,0
rep1,1.0457,214,0
rep1,1.0457,215,0
rep1,1.0457,216,0
rep1,1.0458,217,0
rep1,1.0459,218,0
rep1,1.046,219,0
rep1,1.0461,220,0
rep1,1.0462,221,0
rep1,1.0462,222,0
rep1,1.0462,223,0
rep1,1.0462,224,0
rep1,1.0463,225,0
rep1,1.0463,226,0
rep1,1.0464,227,0
rep1,1.0464,228,0
rep1,1.0464,229,0
rep1,1.0466,230,0
rep1,1.0468,231,0
rep1,1.0469,232,0
rep1,1.0469,233,0
rep1,1.047,234,0
rep1,1.0472,235,0
rep1,1.0472,236,0
rep1,1.0472,237,0
rep1,1.0472,238,0
rep1,1.0473,239,0
rep1,1.0475,240,0
rep1,1.0475,241,0
rep1,1.0475,242,0
rep1,1.0475,243,0
rep1,1.0475,244,0
rep1,1.0477,245,0
rep1,1.0479,246,0
rep1,1.048,247,0
rep1,1.048,248,0
rep1,1.0481,249,0
rep1,1.0481,250,0
rep1,1.0482,251,0
rep1,1.0482,252,0
rep1,1.0482,253,0
rep1,1.0483,254,0
rep1,1.0483,255,0
rep1,1.0484,256,0
rep1,1.0484,257,0
rep1,1.0486,258,0
rep1,1.0486,259,0
rep1,1.0487,260,0
rep1,1.0487,261,0
rep1,1.0489,262,0
rep1,1.0489,263,0
rep1,1.0489,264,0
rep1,1.049,265,0
rep1,1.0491,266,0
rep1,1.0492,267,0
rep1,1.0492,268,0
rep1,1.0493,269,0
rep1,1.0494,270,0
rep1,1.0494,271,0
rep1,1.0495,272,0
rep1,1.0496,273,0
rep1,1.0497,274,0
rep1,1.0498,275,0
rep1,1.0499,276,0
rep1,1.0499,277,0
rep1,1.0499,278,0
rep1,1.05,279,0
rep1,1.0501,280,0
rep1,1.0501,281,0
rep1,1.0502,282,0
rep1,1.0503,283,0
rep1,1.0504,284,0
rep1,1.0505,285,0
rep1,1.0505,286,0
rep1,1.0506,287,0
rep1,1.0507,288,0
rep1,1.0511,289,0
rep1,1.0511,290,0
rep1,1.0511,291,0
rep1,1.0512,292,0
rep1,1.0512,293,0
rep1,1.0514,294,0
rep1,1.0515,295,0
rep1,1.0515,296,0
rep1,1.0516,297,0
rep1,1.0516,298,0
rep1,1.0517,299,0
rep1,1.0517,300,0
rep1,1.0517,301,0
rep1,1.0517,302,0
rep1,1.0518,303,0
rep1,1.0519,304,0
rep1,1.052,305,0
rep1,1.0521,306,0
rep1,1.0523,307,0
rep1,1.0524,308,0
rep1,1.0525,309,0
rep1,1.0529,310,0
rep1,1.053,311,0
rep1,1.053,312,0
rep1,1.0532,313,0
rep1,1.0532,314,0
rep1,1.0536,315,0
rep1,1.0538,316,0
rep1,1.0539,317,0
rep1,1.0542,318,0
rep1,1.0542,319,0
rep1,1.0545,320,0
rep1,1.0546,321,0
rep1,1.0547,322,0
rep1,1.0547,323,0
rep1,1.0549,324,0
rep1,1.0551,325,0
rep1,1.0554,326,0
rep1,1.0557,327,0
rep1,1.0557,328,0
rep1,1.0558,329,0
rep1,1.0558,330,0
rep1,1.0559,331,0
rep1,1.056,332,0
rep1,1.0562,333,0
rep1,1.0563,334,0
rep1,1.0564,335,0
rep1,1.0567,336,0
rep1,1.0568,337,0
rep1,1.0568,338,0
rep1,1.057,339,0
rep1,1.0571,340,0
rep1,1.0573,341,0
rep1,1.0573,342,0
rep1,1.0576,343,0
rep1,1.0577,344,0
rep1,1.0577,345,0
rep1,1.0577,346,0
rep1,1.0579,347,0
rep1,1.0581,348,0
rep1,1.0582,349,0
rep1,1.0592,350,0
rep1,1.0592,351,0
rep1,1.0594,352,0
rep1,1.0596,353,0
rep1,1.0596,354,0
rep1,1.0599,355,0
rep1,1.0601,356,0
rep1,1.0602,357,0
rep1,1.0603,358,0
rep1,1.0606,359,0
rep1,1.0608,360,0
rep1,1.0611,361,0
rep1,1.0612,362,0
rep1,1.0613,363,0
rep1,1.0615,364,0
rep1,1.0618,365,0
rep1,1.0618,366,0
rep1,1.0619,367,0
rep1,1.062,368,0
rep1,1.0626,369,0
rep1,1.0629,370,0
rep1,1.0631,371,0
rep1,1.0632,372,0
rep1,1.0634,373,0
rep1,1.0635,374,0
rep1,1.0636,375,0
rep1,1.0636,376,0
rep1,1.064,377,0
rep1,1.0642,378,0
rep1,1.0643,379,0
rep1,1.0643,380,0
rep1,1.0645,381,0
rep1,1.065,382,0
rep1,1.0653,383,0
rep1,1.0657,384,0
rep1,1.0658,385,0
rep1,1.066,386,0
rep1,1.0661,387,0
rep1,1.0661,388,0
rep1,1.0662,389,0
rep1,1.0662,390,0
rep1,1.0668,391,0
rep1,1.0669,392,0
rep1,1.067,393,0
rep1,1.067,394,0
rep1,1.0672,395,0
rep1,1.0682,396,0
rep1,1.0686,397,0
rep1,1.0689,398,0
rep1,1.0693,399,0
rep1,1.0695,400,0
rep1,1.0701,401,0
rep1,1.0701,402,0
rep1,1.0706,403,0
rep1,1.0711,404,0
rep1,1.0719,405,0
rep1,1.0723,406,0
rep1,1.0723,407,0
rep1,1.0723,408,0
rep1,1.0725,409,0
rep1,1.0725,410,0
rep1,1.0725,411,0
rep1,1.0726,412,0
rep1,1.0727,413,0
rep1,1.0727,414,0
rep1,1.0728,415,0
rep1,1.073,416,0
rep1,1.073,417,0
rep1,1.0731,418,0
rep1,1.0731,419,0
rep1,1.0732,420,0
rep1,1.0733,421,0
rep1,1.0733,422,0
rep1,1.0734,423,0
rep1,1.0735,424,0
rep1,1.0735,425,0
rep1,1.0737,426,0
rep1,1.0737,427,0
rep1,1.0738,428,0
rep1,1.0738,429,0
rep1,1.0739,430,0
rep1,1.074,431,0
rep1,1.074,432,0
rep1,1.0742,433,0
rep1,1.0742,434,0
rep1,1.0743,435,0
rep1,1.0744,436,0
rep1,1.0745,437,0
rep1,1.0746,438,0
rep1,1.0746,439,0
rep1,1.0746,440,0
rep1,1.0748,441,0
rep1,1.0748,442,0
rep1,1.0748,443,0
rep1,1.0749,444,0
rep1,1.0752,445,0
rep1,1.0752,446,0
rep1,1.0753,447,0
rep1,1.0754,448,0
rep1,1.0755,449,0
rep1,1.0755,450,0
rep1,1.0755,451,0
rep1,1.0756,452,0
rep1,1.0757,453,0
rep1,1.0757,454,0
rep1,1.0758,455,0
rep1,1.0761,456,0
rep1,1.0761,457,0
rep1,1.0761,458,0
rep1,1.0763,459,0
rep1,1.0764,460,0
rep1,1.0764,461,0
rep1,1.0764,462,0
rep1,1.0764,463,0
rep1,1.0765,464,0
rep1,1.0768,465,0
rep1,1.077,466,0
rep1,1.0771,467,0
rep1,1.0774,468,0
rep1,1.0774,469,0
rep1,1.0775,470,0
rep1,1.0777,471,0
rep1,1.0781,472,0
rep1,1.0782,473,0
rep1,1.0783,474,0
rep1,1.0784,475,0
rep1,1.0785,476,0
rep1,1.0785,477,0
rep1,1.0786,478,0
rep1,1.0787,479,0
rep1,1.0787,480,0
rep1,1.0788,481,0
rep1,1.079,482,0
rep1,1.0792,483,0
rep1,1.0793,484,0
rep1,1.0794,485,0
rep1,1.0794,486,0
rep1,1.0794,487,0
rep1,1.0795,488,0
rep1,1.0795,489,0
rep1,1.0796,490,0
rep1,1.0796,491,0
rep1,1.0796,492,0
rep1,1.0797,493,0
rep1,1.0799,494,0
rep1,1.0799,495,0
rep1,1.0803,496,0
rep1,1.0804,497,0
rep1,1.0804,498,0
rep1,1.0805,499,0
rep1,1.0807,500,0
rep1,1.0808,501,0
rep1,1.0808,502,0
rep1,1.0809,503,0
rep1,1.081,504,0
rep1,1.081,505,0
rep1,1.081,506,0
rep1,1.0812,507,0
rep1,1.0813,508,0
rep1,1.0815,509,0
rep1,1.0815,510,0
rep1,1.0817,511,0
rep1,1.082,512,0
rep1,1.0824,513,0
rep1,1.0826,514,0
rep1,1.0826,515,0
rep1,1.0826,516,0
rep1,1.0827,517,0
rep1,1.0829,518,0
rep1,1.0829,519,0
rep1,1.0831,520,0
rep1,1.0832,521,0
rep1,1.0833,522,0
rep1,1.0834,523,0
rep1,1.0835,524,0
rep1,1.0836,525,0
rep1,1.0837,526,0
rep1,1.0838,527,0
rep1,1.0844,528,0
rep1,1.0845,529,0
rep1,1.0846,530,0
rep1,1.0848,531,0
rep1,1.085,532,0
rep1,1.085,533,0
rep1,1.0851,534,0
rep1,1.0851,535,0
rep1,1.0852,536,0
rep1,1.0854,537,0
rep1,1.0857,538,0
rep1,1.086,539,0
rep1,1.0861,540,0
rep1,1.0866,541,0
rep1,1.0866,542,0
rep1,1.087,543,0
rep1,1.0871,544,0
rep1,1.0871,545,0
rep1,1.0873,546,0
rep1,1.0873,547,0
rep1,1.0874,548,0
rep1,1.0876,549,0
rep1,1.0878,550,0
rep1,1.088,551,0
rep1,1.0882,552,0
rep1,1.0883,553,0
rep1,1.0887,554,0
rep1,1.089,555,0
rep1,1.0893,556,0
rep1,1.0894,557,0
rep1,1.0899,558,0
rep1,1.09,559,0
rep1,1.0901,560,0
rep1,1.091,561,0
rep1,1.0911,562,0
rep1,1.0911,563,0
rep1,1.0917,564,0
rep1,1.0922,565,0
rep1,1.0926,566,0
rep1,1.0926,567,0
rep1,1.0927,568,0
rep1,1.0929,569,0
rep1,1.0929,570,0
rep1,1.0932,571,0
rep1,1.0939,572,0
rep1,1.0941,573,0
rep1,1.0944,574,0
rep1,1.0945,575,0
rep1,1.0951,576,0
rep1,1.0951,577,0
rep1,1.0954,578,0
rep1,1.0959,579,0
rep1,1.0959,580,0
rep1,1.0959,581,0
rep1,1.0959,582,0
rep1,1.0961,583,0
rep1,1.0961,584,0
rep1,1.0965,585,0
rep1,1.097,586,0
rep1,1.097,587,0
rep1,1.0973,588,0
rep1,1.0977,589,0
rep1,1.098,590,0
rep1,1.098,591,0
rep1,1.0983,592,0
rep1,1.0983,593,0
rep1,1.0983,594,0
rep1,1.0991,595,0
rep1,1.0993,596,0
rep1,1.0997,597,0
rep1,1.1002,598,0
rep1,1.1004,599,0
rep1,1.1004,600,0
rep1,1.1005,601,0
rep1,1.1009,602,0
rep1,1.1012,603,0
rep1,1.1013,604,0
rep1,1.102,605,0
rep1,1.102,606,0
rep1,1.1021,607,0
rep1,1.1022,608,0
rep1,1.1022,609,0
rep1,1.1023,610,0
rep1,1.1024,611,0
rep1,1.1027,612,0
rep1,1.1029,613,0
rep1,1.1032,614,0
rep1,1.1033,615,0
rep1,1.1034,616,0
rep1,1.1036,617,0
rep1,1.1039,618,0
rep1,1.1042,619,0
rep1,1.1042,620,0
rep1,1.1045,621,0
rep1,1.1057,622,0
rep1,1.1058,623,0
rep1,1.1061,624,0
rep1,1.1063,625,0
rep1,1.1064,626,0
rep1,1.1064,627,0
rep1,1.1067,628,0
rep1,1.1067,629,0
rep1,1.1068,630,0
rep1,1.1068,631,0
rep1,1.1069,632,0
rep1,1.107,633,0
rep1,1.107,634,0
rep1,1.1074,635,0
rep1,1.1074,636,0
rep1,1.1074,637,0
rep1,1.1077,638,0
rep1,1.1077,639,0
rep1,1.1078,640,0
rep1,1.1081,641,0
rep1,1.1082,642,0
rep1,1.1082,643,0
rep1,1.1083,644,0
rep1,1.1083,645,0
rep1,1.1084,646,0
rep1,1.1086,647,0
rep1,1.1086,648,0
rep1,1.1094,649,0
rep1,1.1096,650,0
rep1,1.1096,651,0
rep1,1.1096,652,0
rep1,1.1098,653,0
rep1,1.1101,654,0
rep1,1.1103,655,0
rep1,1.1103,656,0
rep1,1.1103,657,0
rep1,1.1105,658,0
rep1,1.1105,659,0
rep1,1.1106,660,0
rep1,1.1107,661,0
rep1,1.1108,662,0
rep1,1.1112,663,0
rep1,1.1114,664,0
rep1,1.1115,665,0
rep1,1.1115,666,0
rep1,1.1121,667,0
rep1,1.1123,668,0
rep1,1.1124,669,0
rep1,1.1125,670,0
rep1,1.1128,671,0
rep1,1.1129,672,0
rep1,1.1132,673,0
rep1,1.1134,674,0
rep1,1.1135,675,0
rep1,1.1136,676,0
rep1,1.1137,677,0
rep1,1.1141,678,0
rep1,1.1141,679,0
rep1,1.1144,680,0
rep1,1.1149,681,0
rep1,1.1151,682,0
rep1,1.1151,683,0
rep1,1.1151,684,0
rep1,1.1152,685,0
rep1,1.1154,686,0
rep1,1.1156,687,0
rep1,1.1158,688,0
rep1,1.116,689,0
rep1,1.1161,690,0
rep1,1.1162,691,0
rep1,1.1162,692,0
rep1,1.1166,693,0
rep1,1.1166,694,0
rep1,1.1167,695,0
rep1,1.1167,696,0
rep1,1.1168,697,0
rep1,1.1168,698,0
rep1,1.117,699,0
rep1,1.117,700,0
rep1,1.1172,701,0
rep1,1.1176,702,0
rep1,1.1178,703,0
rep1,1.118,704,0
rep1,1.1189,705,0
rep1,1.1192,706,0
rep1,1.1195,707,0
rep1,1.1195,708,0
rep1,1.1196,709,0
rep1,1.1196,710,0
rep1,1.1201,711,0
rep1,1.1202,712,0
rep1,1.1203,713,0
rep1,1.1211,714,0
rep1,1.1219,715,0
rep1,1.1221,716,0
rep1,1.1222,717,0
rep1,1.1226,718,0
rep1,1.1226,719,0
rep1,1.1226,720,0
rep1,1.1227,721,0
rep1,1.1229,722,0
rep1,1.123,723,0
rep1,1.1231,724,0
rep1,1.1237,725,0
rep1,1.1238,726,0
rep1,1.1238,727,0
rep1,1.124,728,0
rep1,1.1241,729,0
rep1,1.1242,730,0
rep1,1.1242,731,0
rep1,1.1242,732,0
rep1,1.1244,733,0
rep1,1.1244,734,0
rep1,1.1248,735,0
rep1,1.1249,736,0
rep1,1.1249,737,0
rep1,1.125,738,0
rep1,1.1254,739,0
rep1,1.1257,740,0
rep1,1.1258,741,0
rep1,1.1261,742,0
rep1,1.1268,743,0
rep1,1.1268,744,0
rep1,1.1269,745,0
rep1,1.1269,746,0
rep1,1.1272,747,0
rep1,1.1274,748,0
rep1,1.1276,749,0
rep1,1.1278,750,0
rep1,1.128,751,0
rep1,1.1282,752,0
rep1,1.1285,753,0
rep1,1.1287,754,0
rep1,1.1288,755,0
rep1,1.1291,756,0
rep1,1.1292,757,0
rep1,1.1293,758,0
rep1,1.1294,759,0
rep1,1.1294,760,0
rep1,1.1295,761,0
rep1,1.1295,762,0
rep1,1.1298,763,0
rep1,1.13,764,0
rep1,1.13,765,0
rep1,1.1302,766,0
rep1,1.1302,767,0
rep1,1.1306,768,0
rep1,1.1306,769,0
rep1,1.1307,770,0
rep1,1.1308,771,0
rep1,1.1311,772,0
rep1,1.1316,773,0
rep1,1.1317,774,0
rep1,1.1318,775,0
rep1,1.1321,776,0
rep1,1.1322,777,0
rep1,1.1323,778,0
rep1,1.1325,779,0
rep1,1.1327,780,0
rep1,1.1332,781,0
rep1,1.1336,782,0
rep1,1.1338,783,0
rep1,1.1339,784,0
rep1,1.134,785,0
rep1,1.134,786,0
rep1,1.1341,787,0
rep1,1.1346,788,0
rep1,1.1346,789,0
rep1,1.1347,790,0
rep1,1.1348,791,0
rep1,1.1348,792,0
rep1,1.1349,793,0
rep1,1.1352,794,0
rep1,1.1359,795,0
rep1,1.136,796,0
rep1,1.1361,797,0
rep1,1.1363,798,0
rep1,1.1365,799,0
rep1,1.1365,800,0
rep1,1.1366,801,0
rep1,1.1368,802,0
rep1,1.1369,803,0
rep1,1.1379,804,0
rep1,1.138,805,0
rep1,1.1384,806,0
rep1,1.1385,807,0
rep1,1.1386,808,0
rep1,1.1389,809,0
rep1,1.1391,810,0
rep1,1.1391,811,0
rep1,1.1397,812,0
rep1,1.1399,813,0
rep1,1.14,814,0
rep1,1.14,815,0
rep1,1.1401,816,0
rep1,1.1403,817,0
rep1,1.1404,818,0
rep1,1.1404,819,0
rep1,1.1405,820,0
rep1,1.1405,821,0
rep1,1.1409,822,0
rep1,1.141,823,0
rep1,1.141,824,0
rep1,1.1411,825,0
rep1,1.1414,826,0
rep1,1.1415,827,0
rep1,1.1421,828,0
rep1,1.1423,829,0
rep1,1.1424,830,0
rep1,1.1425,831,0
rep1,1.1426,832,0
rep1,1.1426,833,0
rep1,1.1432,834,0
rep1,1.1432,835,0
rep1,1.1432,836,0
rep1,1.1433,837,0
rep1,1.1436,838,0
rep1,1.1436,839,0
rep1,1.1438,840,0
rep1,1.1439,841,0
rep1,1.1442,842,0
rep1,1.1442,843,0
rep1,1.1444,844,0
rep1,1.1446,845,0
rep1,1.1446,846,0
rep1,1.1447,847,0
rep1,1.1449,848,0
rep1,1.1453,849,0
rep1,1.1457,850,0
rep1,1.1458,851,0
rep1,1.146,852,0
rep1,1.1462,853,0
rep1,1.1463,854,0
rep1,1.1464,855,0
rep1,1.1466,856,0
rep1,1.1469,857,0
rep1,1.147,858,0
rep1,1.147,859,0
rep1,1.1475,860,0
rep1,1.1477,861,0
rep1,1.148,862,0
rep1,1.1481,863,0
rep1,1.1481,864,0
rep1,1.1483,865,0
rep1,1.1485,866,0
rep1,1.1485,867,0
rep1,1.1486,868,0
rep1,1.1487,869,0
rep1,1.1491,870,0
rep1,1.1493,871,0
rep1,1.1494,872,0
rep1,1.1494,873,0
rep1,1.1495,874,0
rep1,1.1496,875,0
rep1,1.1497,876,0
rep1,1.1498,877,0
rep1,1.1501,878,0
rep1,1.1501,879,0
rep1,1.1502,880,0
rep1,1.1503,881,0
rep1,1.1503,882,0
rep1,1.1508,883,0
rep1,1.1511,884,0
rep1,1.1513,885,0
rep1,1.1515,886,0
rep1,1.1515,887,0
rep1,1.1517,888,0
rep1,1.1519,889,0
rep1,1.152,890,0
rep1,1.1522,891,0
rep1,1.1523,892,0
rep1,1.1525,893,0
rep1,1.1526,894,0
rep1,1.1528,895,0
rep1,1.1529,896,0
rep1,1.1531,897,0
rep1,1.1534,898,0
rep1,1.1537,899,0
rep1,1.1538,900,0
rep1,1.1538,901,0
rep1,1.1541,902,0
rep1,1.1543,903,0
rep1,1.1543,904,0
rep1,1.1546,905,0
rep1,1.1546,906,0
rep1,1.1554,907,0
rep1,1.1555,908,0
rep1,1.1555,909,0
rep1,1.1555,910,0
rep1,1.1556,911,0
rep1,1.156,912,0
rep1,1.1562,913,0
rep1,1.1566,914,0
rep1,1.1566,915,0
rep1,1.1569,916,0
rep1,1.1572,917,0
rep1,1.1573,918,0
rep1,1.1575,919,0
rep1,1.158,920,0
rep1,1.158,921,0
rep1,1.1582,922,0
rep1,1.1587,923,0
rep1,1.1587,924,0
rep1,1.1587,925,0
rep1,1.1589,926,0
rep1,1.1589,927,0
rep1,1.159,928,0
rep1,1.159,929,0
rep1,1.1594,930,0
rep1,1.1597,931,0
rep1,1.1597,932,0
rep1,1.1599,933,0
rep1,1.16,934,0
rep1,1.1602,935,0
rep1,1.1608,936,0
rep1,1.161,937,0
rep1,1.1614,938,0
rep1,1.1619,939,0
rep1,1.1621,940,0
rep1,1.1621,941,0
rep1,1.1621,942,0
rep1,1.1622,943,0
rep1,1.1624,944,0
rep1,1.1628,945,0
rep1,1.1632,946,0
rep1,1.1632,947,0
rep1,1.1633,948,0
rep1,1.1637,949,0
rep1,1.1638,950,0
rep1,1.1639,951,0
rep1,1.1639,952,0
rep1,1.164,953,0
rep1,1.1653,954,0
rep1,1.1654,955,0
rep1,1.1655,956,0
rep1,1.1656,957,0
rep1,1.1658,958,0
rep1,1.1661,959,0
rep1,1.1662,960,0
rep1,1.1667,961,0
rep1,1.1668,962,0
rep1,1.1673,963,0
rep1,1.1675,964,0
rep1,1.1676,965,0
rep1,1.1678,966,0
rep1,1.1679,967,0
rep1,1.168,968,0
rep1,1.1685,969,0
rep1,1.1687,970,0
rep1,1.1687,971,0
rep1,1.1688,972,0
rep1,1.1689,973,0
rep1,1.1689,974,0
rep1,1.1692,975,0
rep1,1.1694,976,0
rep1,1.1696,977,0
rep1,1.1703,978,0
rep1,1.1704,979,0
rep1,1.1705,980,0
rep1,1.1709,981,0
rep1,1.1712,982,0
rep1,1.1712,983,0
rep1,1.1712,984,0
rep1,1.1713,985,0
rep1,1.1714,986,0
rep1,1.1714,987,0
rep1,1.1715,988,0
rep1,1.1717,989,0
rep1,1.1718,990,0
rep1,1.172,991,0
rep1,1.1723,992,0
rep1,1.1726,993,0
rep1,1.1727,994,0
rep1,1.1727,995,0
rep1,1.1727,996,0
rep1,1.1728,997,0
rep1,1.173,998,0
rep1,1.1731,999,0
rep1,1.1731,1000,0
rep1,1.1733,1001,0
rep1,1.1733,1002,0
rep1,1.1734,1003,0
rep1,1.1736,1004,0
rep1,1.1737,1005,0
rep1,1.1737,1006,0
rep1,1.1737,1007,0
rep1,1.174,1008,0
rep1,1.1741,1009,0
rep1,1.1744,1010,0
rep1,1.1745,1011,0
rep1,1.1745,1012,0
rep1,1.1746,1013,0
rep1,1.1747,1014,0
rep1,1.1747,1015,0
rep1,1.1748,1016,0
rep1,1.1749,1017,0
rep1,1.1749,1018,0
rep1,1.175,1019,0
rep1,1.175,1020,0
rep1,1.1751,1021,0
rep1,1.1752,1022,0
rep1,1.1752,1023,0
rep1,1.1753,1024,0
rep1,1.1753,1025,0
rep1,1.1756,1026,0
rep1,1.1757,1027,0
rep1,1.1758,1028,0
rep1,1.176,1029,0
rep1,1.176,1030,0
rep1,1.1761,1031,0
rep1,1.1763,1032,0
rep1,1.1765,1033,0
rep1,1.1765,1034,0
rep1,1.1767,1035,0
rep1,1.1769,1036,0
rep1,1.177,1037,0
rep1,1.1772,1038,0
rep1,1.1774,1039,0
rep1,1.1775,1040,0
rep1,1.1776,1041,0
rep1,1.1777,1042,0
rep1,1.1778,1043,0
rep1,1.1779,1044,0
rep1,1.1779,1045,0
rep1,1.1781,1046,0
rep1,1.1784,1047,0
rep1,1.1784,1048,0
rep1,1.1785,1049,0
rep1,1.1787,1050,0
rep1,1.1788,1051,0
rep1,1.1788,1052,0
rep1,1.1789,1053,0
rep1,1.179,1054,0
rep1,1.1792,1055,0
rep1,1.1792,1056,0
rep1,1.1794,1057,0
rep1,1.1795,1058,0
rep1,1.18,1059,0
rep1,1.18,1060,0
rep1,1.1801,1061,0
rep1,1.1801,1062,0
rep1,1.1803,1063,0
rep1,1.1804,1064,0
rep1,1.1806,1065,0
rep1,1.1806,1066,0
rep1,1.1807,1067,0
rep1,1.1807,1068,0
rep1,1.1809,1069,0
rep1,1.1809,1070,0
rep1,1.1817,1071,0
rep1,1.1819,1072,0
rep1,1.1822,1073,0
rep1,1.1823,1074,0
rep1,1.1824,1075,0
rep1,1.1824,1076,0
rep1,1.1825,1077,0
rep1,1.1827,1078,0
rep1,1.1828,1079,0
rep1,1.183,1080,0
rep1,1.1833,1081,0
rep1,1.1835,1082,0
rep1,1.1835,1083,0
rep1,1.1845,1084,0
rep1,1.1847,1085,0
rep1,1.1853,1086,0
rep1,1.1858,1087,0
rep1,1.1864,1088,0
rep1,1.1865,1089,0
rep1,1.1865,1090,0
rep1,1.1866,1091,0
rep1,1.1867,1092,0
rep1,1.187,1093,0
rep1,1.187,1094,0
rep1,1.1871,1095,0
rep1,1.1871,1096,0
rep1,1.1874,1097,0
rep1,1.1876,1098,0
rep1,1.1882,1099,0
rep1,1.1883,1100,0
rep1,1.1886,1101,0
rep1,1.1891,1102,0
rep1,1.1892,1103,0
rep1,1.1893,1104,0
rep1,1.1894,1105,0
rep1,1.1895,1106,0
rep1,1.1898,1107,0
rep1,1.1899,1108,0
rep1,1.1901,1109,0
rep1,1.1903,1110,0
rep1,1.1904,1111,0
rep1,1.1904,1112,0
rep1,1.1905,1113,0
rep1,1.1906,1114,0
rep1,1.1912,1115,0
rep1,1.1913,1116,0
rep1,1.1916,1117,0
rep1,1.192,1118,0
rep1,1.192,1119,0
rep1,1.1922,1120,0
rep1,1.1923,1121,0
rep1,1.1928,1122,0
rep1,1.1928,1123,0
rep1,1.1929,1124,0
rep1,1.1929,1125,0
rep1,1.1934,1126,0
rep1,1.1934,1127,0
rep1,1.1936,1128,0
rep1,1.1936,1129,0
rep1,1.194,1130,0
rep1,1.1944,1131,0
rep1,1.1947,1132,0
rep1,1.1948,1133,0
rep1,1.1949,1134,0
rep1,1.195,1135,0
rep1,1.1952,1136,0
rep1,1.1959,1137,0
rep1,1.1959,1138,0
rep1,1.1964,1139,0
rep1,1.1965,1140,0
rep1,1.1965,1141,0
rep1,1.1966,1142,0
rep1,1.1966,1143,0
rep1,1.1968,1144,0
rep1,1.1969,1145,0
rep1,1.1974,1146,0
rep1,1.1979,1147,0
rep1,1.1981,1148,0
rep1,1.1981,1149,0
rep1,1.1984,1150,0
rep1,1.1986,1151,0
rep1,1.1987,1152,0
rep1,1.1987,1153,0
rep1,1.1988,1154,0
rep1,1.1989,1155,0
rep1,1.1993,1156,0
rep1,1.1994,1157,0
rep1,1.1996,1158,0
rep1,1.2,1159,0
rep1,1.2,1160,0
rep1,1.2005,1161,0
rep1,1.2006,1162,0
rep1,1.2006,1163,0
rep1,1.2007,1164,0
rep1,1.2011,1165,0
rep1,1.2012,1166,0
rep1,1.2013,1167,0
rep1,1.2015,1168,0
rep1,1.2016,1169,0
rep1,1.2017,1170,0
rep1,1.2018,1171,0
rep1,1.2019,1172,0
rep1,1.2019,1173,0
rep1,1.202,1174,0
rep1,1.2022,1175,0
rep1,1.2023,1176,0
rep1,1.2024,1177,0
rep1,1.2025,1178,0
rep1,1.2028,1179,0
rep1,1.2028,1180,0
rep1,1.203,1181,0
rep1,1.2033,1182,0
rep1,1.2035,1183,0
rep1,1.2035,1184,0
rep1,1.2041,1185,0
rep1,1.2043,1186,0
rep1,1.2044,1187,0
rep1,1.2047,1188,0
rep1,1.205,1189,0
rep1,1.2053,1190,0
rep1,1.2055,1191,0
rep1,1.2056,1192,0
rep1,1.2058,1193,0
rep1,1.2061,1194,0
rep1,1.2068,1195,0
rep1,1.2073,1196,0
rep1,1.2075,1197,0
rep1,1.2075,1198,0
rep1,1.2076,1199,0
rep1,1.2077,1200,0
rep1,1.208,1201,0
rep1,1.2084,1202,0
rep1,1.2084,1203,0
rep1,1.2085,1204,0
rep1,1.2085,1205,0
rep1,1.2087,1206,0
rep1,1.2087,1207,0
rep1,1.2087,1208,0
rep1,1.2088,1209,0
rep1,1.2089,1210,0
rep1,1.2096,1211,0
rep1,1.2098,1212,0
rep1,1.2098,1213,0
rep1,1.2099,1214,0
rep1,1.2102,1215,0
rep1,1.2103,1216,0
rep1,1.2104,1217,0
rep1,1.2105,1218,0
rep1,1.2106,1219,0
rep1,1.2107,1220,0
rep1,1.211,1221,0
rep1,1.211,1222,0
rep1,1.2111,1223,0
rep1,1.2112,1224,0
rep1,1.2117,1225,0
rep1,1.2118,1226,0
rep1,1.2119,1227,0
rep1,1.2124,1228,0
rep1,1.213,1229,0
rep1,1.2131,1230,0
rep1,1.2132,1231,0
rep1,1.2134,1232,0
rep1,1.2134,1233,0
rep1,1.2136,1234,0
rep1,1.2136,1235,0
rep1,1.2138,1236,0
rep1,1.214,1237,0
rep1,1.2145,1238,0
rep1,1.2148,1239,0
rep1,1.2149,1240,0
rep1,1.2151,1241,0
rep1,1.2152,1242,0
rep1,1.2154,1243,0
rep1,1.2155,1244,0
rep1,1.2156,1245,0
rep1,1.2158,1246,0
rep1,1.216,1247,0
rep1,1.2163,1248,0
rep1,1.2163,1249,0
rep1,1.2166,1250,0
rep1,1.2166,1251,0
rep1,1.2172,1252,0
rep1,1.2172,1253,0
rep1,1.2173,1254,0
rep1,1.2174,1255,0
rep1,1.2177,1256,0
rep1,1.2179,1257,0
rep1,1.2187,1258,0
rep1,1.2192,1259,0
rep1,1.2194,1260,0
rep1,1.2202,1261,0
rep1,1.2204,1262,0
rep1,1.2204,1263,0
rep1,1.2205,1264,0
rep1,1.2205,1265,0
rep1,1.2208,1266,0
rep1,1.2211,1267,0
rep1,1.2213,1268,0
rep1,1.2213,1269,0
rep1,1.2213,1270,0
rep1,1.2219,1271,0
rep1,1.2222,1272,0
rep1,1.2223,1273,0
rep1,1.2224,1274,0
rep1,1.2224,1275,0
rep1,1.2226,1276,0
rep1,1.2228,1277,0
rep1,1.2229,1278,0
rep1,1.223,1279,0
rep1,1.2231,1280,0
rep1,1.2234,1281,0
rep1,1.2235,1282,0
rep1,1.2237,1283,0
rep1,1.2237,1284,0
rep1,1.2238,1285,0
rep1,1.2242,1286,0
rep1,1.225,1287,0
rep1,1.2254,1288,0
rep1,1.2255,1289,0
rep1,1.226,1290,0
rep1,1.2265,1291,0
rep1,1.2265,1292,0
rep1,1.2271,1293,0
rep1,1.2272,1294,0
rep1,1.2273,1295,0
rep1,1.2274,1296,0
rep1,1.2277,1297,0
rep1,1.2277,1298,0
rep1,1.2279,1299,0
rep1,1.2279,1300,0
rep1,1.2281,1301,0
rep1,1.2282,1302,0
rep1,1.2283,1303,0
rep1,1.2286,1304,0
rep1,1.2287,1305,0
rep1,1.2287,1306,0
rep1,1.2294,1307,0
rep1,1.2294,1308,0
rep1,1.2297,1309,0
rep1,1.2298,1310,0
rep1,1.2299,1311,0
rep1,1.23,1312,0
rep1,1.2301,1313,0
rep1,1.2304,1314,0
rep1,1.2313,1315,0
rep1,1.2314,1316,0
rep1,1.2314,1317,0
rep1,1.2317,1318,0
rep1,1.2318,1319,0
rep1,1.2322,1320,0
rep1,1.2323,1321,0
rep1,1.2327,1322,0
rep1,1.2328,1323,0
rep1,1.2329,1324,0
rep1,1.2334,1325,0
rep1,1.2334,1326,0
rep1,1.2334,1327,0
rep1,1.2336,1328,0
rep1,1.2336,1329,0
rep1,1.2336,1330,0
rep1,1.2337,1331,0
rep1,1.2338,1332,0
rep1,1.234,1333,0
rep1,1.2341,1334,0
rep1,1.2342,1335,0
rep1,1.2343,1336,0
rep1,1.2345,1337,0
rep1,1.2347,1338,0
rep1,1.2352,1339,0
rep1,1.2353,1340,0
rep1,1.2355,1341,0
rep1,1.2356,1342,0
rep1,1.2358,1343,0
rep1,1.2362,1344,0
rep1,1.2363,1345,0
rep1,1.2364,1346,0
rep1,1.2364,1347,0
rep1,1.2367,1348,0
rep1,1.2371,1349,0
rep1,1.2372,1350,0
rep1,1.2373,1351,0
rep1,1.2374,1352,0
rep1,1.2375,1353,0
rep1,1.2375,1354,0
rep1,1.2378,1355,0
rep1,1.238,1356,0
rep1,1.2381,1357,0
rep1,1.2383,1358,0
rep1,1.2385,1359,0
rep1,1.2385,1360,0
rep1,1.2389,1361,0
rep1,1.2391,1362,0
rep1,1.2393,1363,0
rep1,1.2394,1364,0
rep1,1.2395,1365,0
rep1,1.2404,1366,0
rep1,1.2406,1367,0
rep1,1.2407,1368,0
rep1,1.2407,1369,0
rep1,1.2413,1370,0
rep1,1.2413,1371,0
rep1,1.2413,1372,0
rep1,1.2416,1373,0
rep1,1.2417,1374,0
rep1,1.242,1375,0
rep1,1.2422,1376,0
rep1,1.2426,1377,0
rep1,1.2427,1378,0
rep1,1.2428,1379,0
rep1,1.2428,1380,0
rep1,1.2429,1381,0
rep1,1.2429,1382,0
rep1,1.243,1383,0
rep1,1.2431,1384,0
rep1,1.2433,1385,0
rep1,1.2434,1386,0
rep1,1.2434,1387,0
rep1,1.2436,1388,0
rep1,1.2436,1389,0
rep1,1.2439,1390,0
rep1,1.2442,1391,0
rep1,1.2443,1392,0
rep1,1.2444,1393,0
rep1,1.2446,1394,0
rep1,1.2448,1395,0
rep1,1.245,1396,0
rep1,1.2451,1397,0
rep1,1.2452,1398,0
rep1,1.2453,1399,0
rep1,1.2455,1400,0
rep1,1.2457,1401,0
rep1,1.2459,1402,0
rep1,1.246,1403,0
rep1,1.2467,1404,0
rep1,1.2476,1405,0
rep1,1.2478,1406,0
rep1,1.2478,1407,0
rep1,1.248,1408,0
rep1,1.2481,1409,0
rep1,1.2483,1410,0
rep1,1.2485,1411,0
rep1,1.2486,1412,0
rep1,1.2488,1413,0
rep1,1.2491,1414,0
rep1,1.2491,1415,0
rep1,1.2492,1416,0
rep1,1.2493,1417,0
rep1,1.2498,1418,0
rep1,1.2501,1419,0
rep1,1.2502,1420,0
rep1,1.2503,1421,0
rep1,1.2505,1422,0
rep1,1.2506,1423,0
rep1,1.2512,1424,0
rep1,1.2515,1425,0
rep1,1.2516,1426,0
rep1,1.2516,1427,0
rep1,1.2519,1428,0
rep1,1.2521,1429,0
rep1,1.2527,1430,0
rep1,1.2529,1431,0
rep1,1.253,1432,0
rep1,1.253,1433,0
rep1,1.2531,1434,0
rep1,1.2531,1435,0
rep1,1.2532,1436,0
rep1,1.2532,1437,0
rep1,1.254,1438,0
rep1,1.2542,1439,0
rep1,1.2543,1440,0
rep1,1.2544,1441,0
rep1,1.2548,1442,0
rep1,1.2548,1443,0
rep1,1.2548,1444,0
rep1,1.2549,1445,0
rep1,1.2549,1446,0
rep1,1.2549,1447,0
rep1,1.2549,1448,0
rep1,1.255,1449,0
rep1,1.2551,1450,0
rep1,1.2554,1451,0
rep1,1.2555,1452,0
rep1,1.2557,1453,0
rep1,1.2557,1454,0
rep1,1.2558,1455,0
rep1,1.256,1456,0
rep1,1.2561,1457,0
rep1,1.2561,1458,0
rep1,1.2562,1459,0
rep1,1.2567,1460,0
rep1,1.2568,1461,0
rep1,1.257,1462,0
rep1,1.2574,1463,0
rep1,1.2575,1464,0
rep1,1.2579,1465,0
rep1,1.2581,1466,0
rep1,1.2583,1467,0
rep1,1.2585,1468,0
rep1,1.2585,1469,0
rep1,1.2585,1470,0
rep1,1.2588,1471,0
rep1,1.259,1472,0
rep1,1.2591,1473,0
rep1,1.2592,1474,0
rep1,1.2593,1475,0
rep1,1.2593,1476,0
rep1,1.2594,1477,0
rep1,1.2599,1478,0
rep1,1.26,1479,0
rep1,1.261,1480,0
rep1,1.2613,1481,0
rep1,1.2615,1482,0
rep1,1.2615,1483,0
rep1,1.2616,1484,0
rep1,1.2617,1485,0
rep1,1.2623,1486,0
rep1,1.2625,1487,0
rep1,1.2629,1488,0
rep1,1.2629,1489,0
rep1,1.263,1490,0
rep1,1.264,1491,0
rep1,1.2641,1492,0
rep1,1.2644,1493,0
rep1,1.2644,1494,0
rep1,1.2646,1495,0
rep1,1.2647,1496,0
rep1,1.2649,1497,0
rep1,1.2649,1498,0
rep1,1.265,1499,0
rep1,1.2652,1500,0
rep1,1.2657,1501,0
rep1,1.2659,1502,0
rep1,1.266,1503,0
rep1,1.2662,1504,0
rep1,1.2664,1505,0
rep1,1.2666,1506,0
rep1,1.2668,1507,0
rep1,1.2668,1508,0
rep1,1.2669,1509,0
rep1,1.2669,1510,0
rep1,1.2672,1511,0
rep1,1.2678,1512,0
rep1,1.2682,1513,0
rep1,1.2686,1514,0
rep1,1.2688,1515,0
rep1,1.2688,1516,0
rep1,1.2692,1517,0
rep1,1.2694,1518,0
rep1,1.2697,1519,0
rep1,1.2697,1520,0
rep1,1.2717,1521,0
rep1,1.272,1522,0
rep1,1.2721,1523,0
rep1,1.2726,1524,0
rep1,1.2728,1525,0
rep1,1.2731,1526,0
rep1,1.2736,1527,0
rep1,1.2738,1528,0
rep1,1.2742,1529,0
rep1,1.2744,1530,0
rep1,1.2745,1531,0
rep1,1.2745,1532,0
rep1,1.2747,1533,0
rep1,1.2747,1534,0
rep1,1.2751,1535,0
rep1,1.2751,1536,0
rep1,1.2751,1537,0
rep1,1.2752,1538,0
rep1,1.2754,1539,0
rep1,1.2755,1540,0
rep1,1.2759,1541,0
rep1,1.2761,1542,0
rep1,1.2762,1543,0
rep1,1.2762,1544,0
rep1,1.2764,1545,0
rep1,1.2766,1546,0
rep1,1.2773,1547,0
rep1,1.2775,1548,0
rep1,1.2778,1549,0
rep1,1.2778,1550,0
rep1,1.2782,1551,0
rep1,1.2782,1552,0
rep1,1.2785,1553,0
rep1,1.2785,1554,0
rep1,1.2786,1555,0
rep1,1.2787,1556,0
rep1,1.2789,1557,0
rep1,1.2792,1558,0
rep1,1.2792,1559,0
rep1,1.2799,1560,0
rep1,1.2801,1561,0
rep1,1.2802,1562,0
rep1,1.2808,1563,0
rep1,1.2809,1564,0
rep1,1.281,1565,0
rep1,1.2812,1566,0
rep1,1.2814,1567,0
rep1,1.2818,1568,0
rep1,1.2819,1569,0
rep1,1.2822,1570,0
rep1,1.2824,1571,0
rep1,1.2826,1572,0
rep1,1.2828,1573,0
rep1,1.2829,1574,0
rep1,1.283,1575,0
rep1,1.2835,1576,0
rep1,1.2837,1577,0
rep1,1.2838,1578,0
rep1,1.2839,1579,0
rep1,1.2839,1580,0
rep1,1.2851,1581,0
rep1,1.2853,1582,0
rep1,1.2853,1583,0
rep1,1.2862,1584,0
rep1,1.2863,1585,0
rep1,1.2865,1586,0
rep1,1.2865,1587,0
rep1,1.2867,1588,0
rep1,1.2868,1589,0
rep1,1.2868,1590,0
rep1,1.2869,1591,0
rep1,1.287,1592,0
rep1,1.287,1593,0
rep1,1.2872,1594,0
rep1,1.2873,1595,0
rep1,1.2873,1596,0
rep1,1.2874,1597,0
rep1,1.2876,1598,0
rep1,1.2876,1599,0
rep1,1.2877,1600,0
rep1,1.2878,1601,0
rep1,1.2879,1602,0
rep1,1.2883,1603,0
rep1,1.2887,1604,0
rep1,1.2889,1605,0
rep1,1.2902,1606,0
rep1,1.2903,1607,0
rep1,1.2906,1608,0
rep1,1.2907,1609,0
rep1,1.2909,1610,0
rep1,1.2914,1611,0
rep1,1.2914,1612,0
rep1,1.2924,1613,0
rep1,1.2932,1614,0
rep1,1.2933,1615,0
rep1,1.2935,1616,0
rep1,1.2936,1617,0
rep1,1.2937,1618,0
rep1,1.2943,1619,0
rep1,1.2947,1620,0
rep1,1.2952,1621,0
rep1,1.2954,1622,0
rep1,1.2957,1623,0
rep1,1.2959,1624,0
rep1,1.2975,1625,0
rep1,1.2984,1626,0
rep1,1.2985,1627,0
rep1,1.2989,1628,0
rep1,1.2992,1629,0
rep1,1.2997,1630,0
rep1,1.3005,1631,0
rep1,1.3009,1632,0
rep1,1.3013,1633,0
rep1,1.3015,1634,0
rep1,1.3017,1635,0
rep1,1.3017,1636,0
rep1,1.3039,1637,0
rep1,1.304,1638,0
rep1,1.3042,1639,0
rep1,1.3042,1640,0
rep1,1.305,1641,0
rep1,1.305,1642,0
rep1,1.3054,1643,0
rep1,1.3056,1644,0
rep1,1.3056,1645,0
rep1,1.3057,1646,0
rep1,1.3057,1647,0
rep1,1.3061,1648,0
rep1,1.3062,1649,0
rep1,1.3066,1650,0
rep1,1.3073,1651,0
rep1,1.3074,1652,0
rep1,1.3076,1653,0
rep1,1.3079,1654,0
rep1,1.3086,1655,0
rep1,1.3095,1656,0
rep1,1.3095,1657,0
rep1,1.3096,1658,0
rep1,1.3105,1659,0
rep1,1.3118,1660,0
rep1,1.3119,1661,0
rep1,1.3126,1662,0
rep1,1.3133,1663,0
rep1,1.3135,1664,0
rep1,1.3135,1665,0
rep1,1.3146,1666,0
rep1,1.3149,1667,0
rep1,1.3152,1668,0
rep1,1.3153,1669,0
rep1,1.3155,1670,0
rep1,1.3158,1671,0
rep1,1.3162,1672,0
rep1,1.3163,1673,0
rep1,1.3167,1674,0
rep1,1.3168,1675,0
rep1,1.3171,1676,0
rep1,1.3172,1677,0
rep1,1.3176,1678,0
rep1,1.3176,1679,0
rep1,1.3183,1680,0
rep1,1.3184,1681,0
rep1,1.3187,1682,0
rep1,1.3188,1683,0
rep1,1.3195,1684,0
rep1,1.3202,1685,0
rep1,1.3208,1686,0
rep1,1.321,1687,0
rep1,1.3212,1688,0
rep1,1.3212,1689,0
rep1,1.3213,1690,0
rep1,1.3214,1691,0
rep1,1.3216,1692,0
rep1,1.3222,1693,0
rep1,1.3224,1694,0
rep1,1.3227,1695,0
rep1,1.3232,1696,0
rep1,1.3238,1697,0
rep1,1.324,1698,0
rep1,1.3242,1699,0
rep1,1.3251,1700,0
rep1,1.3252,1701,0
rep1,1.3254,1702,0
rep1,1.3256,1703,0
rep1,1.3268,1704,0
rep1,1.3273,1705,0
rep1,1.328,1706,0
rep1,1.328,1707,0
rep1,1.3282,1708,0
rep1,1.3282,1709,0
rep1,1.3283,1710,0
rep1,1.3283,1711,0
rep1,1.3284,1712,0
rep1,1.3285,1713,0
rep1,1.3286,1714,0
rep1,1.3286,1715,0
rep1,1.3289,1716,0
rep1,1.3289,1717,0
rep1,1.3297,1718,0
rep1,1.3298,1719,0
rep1,1.3302,1720,0
rep1,1.3304,1721,0
rep1,1.3317,1722,0
rep1,1.3319,1723,0
rep1,1.3322,1724,0
rep1,1.3322,1725,0
rep1,1.333,1726,0
rep1,1.3331,1727,0
rep1,1.3331,1728,0
rep1,1.3337,1729,0
rep1,1.334,1730,0
rep1,1.3342,1731,0
rep1,1.3342,1732,0
rep1,1.3343,1733,0
rep1,1.3361,1734,0
rep1,1.3364,1735,0
rep1,1.338,1736,0
rep1,1.3382,1737,0
rep1,1.3386,1738,0
rep1,1.3388,1739,0
rep1,1.3393,1740,0
rep1,1.3393,1741,0
rep1,1.3396,1742,0
rep1,1.3397,1743,0
rep1,1.3399,1744,0
rep1,1.34,1745,0
rep1,1.3401,1746,0
rep1,1.3405,1747,0
rep1,1.3415,1748,0
rep1,1.3419,1749,0
rep1,1.3421,1750,0
rep1,1.3428,1751,0
rep1,1.3429,1752,0
rep1,1.3443,1753,0
rep1,1.3444,1754,0
rep1,1.3445,1755,0
rep1,1.3446,1756,0
rep1,1.345,1757,0
rep1,1.3457,1758,0
rep1,1.3465,1759,0
rep1,1.3471,1760,0
rep1,1.3476,1761,0
rep1,1.3479,1762,0
rep1,1.3482,1763,0
rep1,1.3487,1764,0
rep1,1.3494,1765,0
rep1,1.3505,1766,0
rep1,1.3511,1767,0
rep1,1.3515,1768,0
rep1,1.3524,1769,0
rep1,1.353,1770,0
rep1,1.3536,1771,0
rep1,1.3551,1772,0
rep1,1.3554,1773,0
rep1,1.3558,1774,0
rep1,1.356,1775,0
rep1,1.3561,1776,0
rep1,1.3562,1777,0
rep1,1.3566,1778,0
rep1,1.3567,1779,0
rep1,1.3571,1780,0
rep1,1.3571,1781,0
rep1,1.3573,1782,0
rep1,1.3576,1783,0
rep1,1.3579,1784,0
rep1,1.358,1785,0
rep1,1.3581,1786,0
rep1,1.3581,1787,0
rep1,1.3584,1788,0
rep1,1.3592,1789,0
rep1,1.3593,1790,0
rep1,1.3598,1791,0
rep1,1.3599,1792,0
rep1,1.3607,1793,0
rep1,1.3609,1794,0
rep1,1.3609,1795,0
rep1,1.3618,1796,0
rep1,1.3624,1797,0
rep1,1.3625,1798,0
rep1,1.3625,1799,0
rep1,1.3627,1800,0
rep1,1.3639,1801,0
rep1,1.3642,1802,0
rep1,1.365,1803,0
rep1,1.3651,1804,0
rep1,1.366,1805,0
rep1,1.3666,1806,0
rep1,1.3672,1807,0
rep1,1.3675,1808,0
rep1,1.3684,1809,0
rep1,1.3686,1810,0
rep1,1.3692,1811,0
rep1,1.3692,1812,0
rep1,1.3693,1813,0
rep1,1.3708,1814,0
rep1,1.3714,1815,0
rep1,1.3715,1816,0
rep1,1.372,1817,0
rep1,1.3725,1818,0
rep1,1.3731,1819,0
rep1,1.3734,1820,0
rep1,1.3745,1821,0
rep1,1.3751,1822,0
rep1,1.3751,1823,0
rep1,1.3763,1824,0
rep1,1.3764,1825,0
rep1,1.3766,1826,0
rep1,1.3766,1827,0
rep1,1.3769,1828,0
rep1,1.3773,1829,0
rep1,1.3773,1830,0
rep1,1.3774,1831,0
rep1,1.3779,1832,0
rep1,1.378,1833,0
rep1,1.3781,1834,0
rep1,1.3791,1835,0
rep1,1.3791,1836,0
rep1,1.3806,1837,0
rep1,1.3811,1838,0
rep1,1.3814,1839,0
rep1,1.382,1840,0
rep1,1.382,1841,0
rep1,1.3821,1842,0
rep1,1.3821,1843,0
rep1,1.3827,1844,0
rep1,1.3829,1845,0
rep1,1.3831,1846,0
rep1,1.3843,1847,0
rep1,1.3851,1848,0
rep1,1.3865,1849,0
rep1,1.387,1850,0
rep1,1.387,1851,0
rep1,1.3877,1852,0
rep1,1.388,1853,0
rep1,1.39,1854,0
rep1,1.3904,1855,0
rep1,1.3914,1856,0
rep1,1.392,1857,0
rep1,1.3935,1858,0
rep1,1.3939,1859,0
rep1,1.3942,1860,0
rep1,1.3944,1861,0
rep1,1.3945,1862,0
rep1,1.3945,1863,0
rep1,1.3951,1864,0
rep1,1.3955,1865,0
rep1,1.3958,1866,0
rep1,1.3962,1867,0
rep1,1.3967,1868,0
rep1,1.3977,1869,0
rep1,1.3984,1870,0
rep1,1.4009,1871,0
rep1,1.4018,1872,0
rep1,1.4019,1873,0
rep1,1.4034,1874,0
rep1,1.4042,1875,0
rep1,1.4061,1876,0
rep1,1.4072,1877,0
rep1,1.4106,1878,0
rep1,1.4122,1879,0
rep1,1.4128,1880,0
rep1,1.413,1881,0
rep1,1.4141,1882,0
rep1,1.4146,1883,0
rep1,1.4148,1884,0
rep1,1.4149,1885,0
rep1,1.4151,1886,0
rep1,1.4153,1887,0
rep1,1.416,1888,0
rep1,1.4168,1889,0
rep1,1.4169,1890,0
rep1,1.4178,1891,0
rep1,1.4185,1892,0
rep1,1.4185,1893,0
rep1,1.4187,1894,0
rep1,1.4192,1895,0
rep1,1.4195,1896,0
rep1,1.4195,1897,0
rep1,1.4214,1898,0
rep1,1.4217,1899,0
rep1,1.422,1900,0
rep1,1.4229,1901,0
rep1,1.4254,1902,0
rep1,1.4264,1903,0
rep1,1.4274,1904,0
rep1,1.4275,1905,0
rep1,1.4276,1906,0
rep1,1.4276,1907,0
rep1,1.4286,1908,0
rep1,1.4287,1909,0
rep1,1.4307,1910,0
rep1,1.4318,1911,0
rep1,1.434,1912,0
rep1,1.4385,1913,0
rep1,1.4393,1914,0
rep1,1.4394,1915,0
rep1,1.4413,1916,0
rep1,1.4423,1917,0
rep1,1.4423,1918,0
rep1,1.443,1919,0
rep1,1.4439,1920,0
rep1,1.4441,1921,0
rep1,1.4447,1922,0
rep1,1.4454,1923,0
rep1,1.446,1924,0
rep1,1.4469,1925,0
rep1,1.4474,1926,0
rep1,1.4488,1927,0
rep1,1.4521,1928,0
rep1,1.4528,1929,0
rep1,1.4553,1930,0
rep1,1.4559,1931,0
rep1,1.4559,1932,0
rep1,1.456,1933,0
rep1,1.4561,1934,0
rep1,1.4566,1935,0
rep1,1.4582,1936,0
rep1,1.4589,1937,0
rep1,1.4617,1938,0
rep1,1.466,1939,0
rep1,1.4672,1940,0
rep1,1.4682,1941,0
rep1,1.4693,1942,0
rep1,1.4698,1943,0
rep1,1.4698,1944,0
rep1,1.47,1945,0
rep1,1.473,1946,0
rep1,1.4734,1947,0
rep1,1.4748,1948,0
rep1,1.4748,1949,0
rep1,1.4797,1950,0
rep1,1.4798,1951,0
rep1,1.48,1952,0
rep1,1.4811,1953,0
rep1,1.4843,1954,0
rep1,1.4844,1955,0
rep1,1.485,1956,0
rep1,1.4856,1957,0
rep1,1.4862,1958,0
rep1,1.4869,1959,0
rep1,1.4888,1960,0
rep1,1.4894,1961,0
rep1,1.4949,1962,0
rep1,1.495,1963,0
rep1,1.498,1964,0
rep1,1.4986,1965,0
rep1,1.4993,1966,0
rep1,1.4994,1967,0
rep1,1.4997,1968,0
rep1,1.5007,1969,0
rep1,1.5029,1970,0
rep1,1.5046,1971,0
rep1,1.5049,1972,0
rep1,1.505,1973,0
rep1,1.506,1974,0
rep1,1.5062,1975,0
rep1,1.5062,1976,0
rep1,1.5063,1977,0
rep1,1.5076,1978,0
rep1,1.5092,1979,0
rep1,1.5112,1980,0
rep1,1.5118,1981,0
rep1,1.5138,1982,0
rep1,1.515,1983,0
rep1,1.5167,1984,0
rep1,1.519,1985,0
rep1,1.523,1986,0
rep1,1.5281,1987,0
rep1,1.5298,1988,0
rep1,1.5354,1989,0
rep1,1.5361,1990,0
rep1,1.5367,1991,0
rep1,1.5376,1992,0
rep1,1.5489,1993,0
rep1,1.5527,1994,0
rep1,1.5532,1995,0
rep1,1.5544,1996,0
rep1,1.5594,1997,0
rep1,1.5616,1998,0
rep1,1.5636,1999,0
rep1,1.5682,2000,0
rep1,1.5684,2001,0
rep1,1.5685,2002,0
rep1,1.5744,2003,0
rep1,1.5779,2004,0
rep1,1.5857,2005,0
rep1,1.5974,2006,0
rep1,1.603,2007,0
rep1,1.6045,2008,0
rep1,1.6116,2009,0
rep1,1.6181,2010,0
rep1,1.6246,2011,0
rep1,1.6263,2012,0
rep1,1.6533,2013,0
rep1,1.6684,2014,0
rep1,1.6719,2015,0
rep1,1.6852,2016,0
rep1,1.6862,2017,0
rep1,1.7182,2018,0
rep1,1.7189,2019,0
rep1,1.7341,2020,0
rep1,1.7846,2021,0
rep1,1.8377,2022,0
rep1,2.0395,2023,0
rep1,2.04,2024,0
rep1,2.0401,2025,0
rep1,2.041,2026,0
rep1,2.0418,2027,0
rep1,2.0444,2028,0
rep1,2.0448,2029,0
rep1,2.0454,2030,0
rep1,2.052,2031,0
rep1,2.0551,2032,0
rep1,2.0688,2033,0
rep1,2.0732,2034,0
rep1,2.0734,2035,0
rep1,2.0734,2036,0
rep1,2.0735,2037,0
rep1,2.0736,2038,0
rep1,2.0736,2039,0
rep1,2.0736,2040,0
rep1,2.0737,2041,0
rep1,2.0741,2042,0
rep1,2.0741,2043,0
rep1,2.0743,2044,0
rep1,2.0743,2045,0
rep1,2.075,2046,0
rep1,2.0757,2047,0
rep1,2.0765,2048,0
rep1,2.0766,2049,0
rep1,2.0767,2050,0
rep1,2.0768,2051,0
rep1,2.0771,2052,0
rep1,2.0775,2053,0
rep1,2.0778,2054,0
rep1,2.0779,2055,0
rep1,2.078,2056,0
rep1,2.078,2057,0
rep1,2.0781,2058,0
rep1,2.0785,2059,0
rep1,2.0786,2060,0
rep1,2.0787,2061,0
rep1,2.0787,2062,0
rep1,2.0788,2063,0
rep1,2.079,2064,0
rep1,2.0792,2065,0
rep1,2.0795,2066,0
rep1,2.0796,2067,0
rep1,2.08,2068,0
rep1,2.0804,2069,0
rep1,2.0806,2070,0
rep1,2.0809,2071,0
rep1,2.081,2072,0
rep1,2.0814,2073,0
rep1,2.0815,2074,0
rep1,2.0833,2075,0
rep1,2.0834,2076,0
rep1,2.0844,2077,0
rep1,2.0852,2078,0
rep1,2.0864,2079,0
rep1,2.0876,2080,0
rep1,2.0878,2081,0
rep1,2.0887,2082,0
rep1,2.0918,2083,0
rep1,2.0937,2084,0
rep1,2.0943,2085,0
rep1,2.0955,2086,0
rep1,2.0964,2087,0
rep1,2.0973,2088,0
rep1,2.0982,2089,0
rep1,2.0989,2090,0
rep1,2.0992,2091,0
rep1,2.1015,2092,0
rep1,2.1023,2093,0
rep1,2.1024,2094,0
rep1,2.1025,2095,0
rep1,2.1075,2096,0
rep1,2.1076,2097,0
rep1,2.1077,2098,0
rep1,2.1077,2099,0
rep1,2.1077,2100,0
rep1,2.109,2101,0
rep1,2.1091,2102,0
rep1,2.1096,2103,0
rep1,2.1097,2104,0
rep1,2.1097,2105,0
rep1,2.1098,2106,0
rep1,2.1099,2107,0
rep1,2.11,2108,0
rep1,2.1101,2109,0
rep1,2.1113,2110,0
rep1,2.1115,2111,0
rep1,2.1116,2112,0
rep1,2.1129,2113,0
rep1,2.1135,2114,0
rep1,2.1137,2115,0
rep1,2.1138,2116,0
rep1,2.1143,2117,0
rep1,2.1146,2118,0
rep1,2.1147,2119,0
rep1,2.1162,2120,0
rep1,2.1187,2121,0
rep1,2.1194,2122,0
rep1,2.1195,2123,0
rep1,2.1238,2124,0
rep1,2.1263,2125,0
rep1,2.1304,2126,0
rep1,2.136,2127,0
rep1,2.1405,2128,0
rep1,2.1415,2129,0
rep1,2.1461,2130,0
rep1,2.1486,2131,0
rep1,2.1488,2132,0
rep1,2.1493,2133,0
rep1,2.1496,2134,0
rep1,2.1499,2135,0
rep1,2.1506,2136,0
rep1,2.151,2137,0
rep1,2.1512,2138,0
rep1,2.152,2139,0
rep1,2.1522,2140,0
rep1,2.1588,2141,0
rep1,2.1589,2142,0
rep1,2.1612,2143,0
rep1,2.1644,2144,0
rep1,2.1666,2145,0
rep1,2.1673,2146,0
rep1,2.171,2147,0
rep1,2.1724,2148,0
rep1,2.173,2149,0
rep1,2.1734,2150,0
rep1,2.1737,2151,0
rep1,2.1738,2152,0
rep1,2.1753,2153,0
rep1,2.1769,2154,0
rep1,2.1815,2155,0
rep1,2.1819,2156,0
rep1,2.1825,2157,0
rep1,2.183,2158,0
rep1,2.184,2159,0
rep1,2.1852,2160,0
rep1,2.1859,2161,0
rep1,2.186,2162,0
rep1,2.1884,2163,0
rep1,2.1891,2164,0
rep1,2.1898,2165,0
rep1,2.1909,2166,0
rep1,2.1918,2167,0
rep1,2.192,2168,0
rep1,2.1922,2169,0
rep1,2.1923,2170,0
rep1,2.1947,2171,0
rep1,2.1949,2172,0
rep1,2.1952,2173,0
rep1,2.1972,2174,0
rep1,2.1996,2175,0
rep1,2.2022,2176,0
rep1,2.2028,2177,0
rep1,2.2033,2178,0
rep1,2.2051,2179,0
rep1,2.2088,2180,0
rep1,2.2089,2181,0
rep1,2.2094,2182,0
rep1,2.2108,2183,0
rep1,2.2108,2184,0
rep1,2.2122,2185,0
rep1,2.2129,2186,0
rep1,2.2139,2187,0
rep1,2.2163,2188,0
rep1,2.2169,2189,0
rep1,2.217,2190,0
rep1,2.2175,2191,0
rep1,2.2185,2192,0
rep1,2.2188,2193,0
rep1,2.2199,2194,0
rep1,2.221,2195,0
rep1,2.2234,2196,0
rep2,1.0098,1,0
rep2,1.0099,2,0
rep2,1.01,3,0
rep2,1.0102,4,0
rep2,1.0105,5,0
rep2,1.0108,6,0
rep2,1.0109,7,0
rep2,1.0109,8,0
rep2,1.011,9,0
rep2,1.011,10,0
rep2,1.011,11,0
rep2,1.011,12,0
rep2,1.0112,13,0
rep2,1.0114,14,0
rep2,1.0117,15,0
rep2,1.0118,16,0
rep2,1.0118,17,0
rep2,1.0118,18,0
rep2,1.0119,19,0
rep2,1.012,20,0
rep2,1.0122,21,0
rep2,1.0125,22,0
rep2,1.0125,23,0
rep2,1.0126,24,0
rep2,1.0126,25,0
rep2,1.0129,26,0
rep2,1.013,27,0
rep2,1.0131,28,0
rep2,1.0131,29,0
rep2,1.0134,30,0
rep2,1.0135,31,0
rep2,1.0137,32,0
rep2,1.014,33,0
rep2,1.0141,34,0
rep2,1.0144,35,0
rep2,1.0145,36,0
rep2,1.0148,37,0
rep2,1.0148,38,0
rep2,1.0153,39,0
rep2,1.0162,40,0
rep2,1.0167,41,0
rep2,1.0168,42,0
rep2,1.0171,43,0
rep2,1.0173,44,0
rep2,1.0173,45,0
rep2,1.0173,46,0
rep2,1.0179,47,0
rep2,1.0182,48,0
rep2,1.0182,49,0
rep2,1.019,50,0
rep2,1.0191,51,0
rep2,1.02,52,0
rep2,1.0203,53,0
rep2,1.021,54,0
rep2,1.0214,55,0
rep2,1.0218,56,0
rep2,1.022,57,0
rep2,1.0228,58,0
rep2,1.0232,59,0
rep2,1.0235,60,0
rep2,1.0241,61,0
rep2,1.0242,62,0
rep2,1.0248,63,0
rep2,1.0259,64,0
rep2,1.0261,65,0
rep2,1.0269,66,0
rep2,1.027,67,0
rep2,1.0284,68,0
rep2,1.0291,69,0
rep2,1.0294,70,0
rep2,1.0298,71,0
rep2,1.0315,72,0
rep2,1.0318,73,0
rep2,1.0323,74,0
rep2,1.037,75,0
rep2,1.0373,76,0
rep2,1.0402,77,0
rep2,1.0403,78,0
rep2,1.0432,79,0
rep2,1.0433,80,0
rep2,1.0433,81,0
rep2,1.0433,82,0
rep2,1.0434,83,0
rep2,1.0434,84,0
rep2,1.0434,85,0
rep2,1.0434,86,0
rep2,1.0435,87,0
rep2,1.0435,88,0
rep2,1.0435,89,0
rep2,1.0435,90,0
rep2,1.0436,91,0
rep2,1.0436,92,0
rep2,1.0436,93,0
rep2,1.0436,94,0
rep2,1.0437,95,0
rep2,1.0437,96,0
rep2,1.0437,97,0
rep2,1.0437,98,0
rep2,1.0438,99,0
rep2,1.0438,100,0
rep2,1.0438,101,0
rep2,1.0439,102,0
rep2,1.0439,103,0
rep2,1.0439,104,0
rep2,1.0439,105,0
rep2,1.044,106,0
rep2,1.044,107,0
rep2,1.044,108,0
rep2,1.044,109,0
rep2,1.0441,110,0
rep2,1.0441,111,0
rep2,1.0441,112,0
rep2,1.0441,113,0
rep2,1.0442,114,0
rep2,1.0442,115,0
rep2,1.0442,116,0
rep2,1.0443,117,0
rep2,1.0443,118,0
rep2,1.0443,119,0
rep2,1.0444,120,0
rep2,1.0444,121,0
rep2,1.0444,122,0
rep2,1.0444,123,0
rep2,1.0444,124,0
rep2,1.0444,125,0
rep2,1.0444,126,0
rep2,1.0445,127,0
rep2,1.0445,128,0
rep2,1.0446,129,0
rep2,1.0446,130,0
rep2,1.0447,131,0
rep2,1.0447,132,0
rep2,1.0447,133,0
rep2,1.0448,134,0
rep2,1.0448,135,0
rep2,1.0449,136,0
rep2,1.045,137,0
rep2,1.045,138,0
rep2,1.0451,139,0
rep2,1.0451,140,0
rep2,1.0451,141,0
rep2,1.0451,142,0
rep2,1.0452,143,0
rep2,1.0452,144,0
rep2,1.0452,145,0
rep2,1.0453,146,0
rep2,1.0453,147,0
rep2,1.0454,148,0
rep2,1.0454,149,0
rep2,1.0454,150,0
rep2,1.0455,151,0
rep2,1.0455,152,0
rep2,1.0455,153,0
rep2,1.0455,154,0
rep2,1.0455,155,0
rep2,1.0455,156,0
rep2,1.0456,157,0
rep2,1.0456,158,0
rep2,1.0456,159,0
rep2,1.0457,160,0
rep2,1.0458,161,0
rep2,1.0458,162,0
rep2,1.0458,163,0
rep2,1.0459,164,0
rep2,1.0459,165,0
rep2,1.0461,166,0
rep2,1.0461,167,0
rep2,1.0461,168,0
rep2,1.0462,169,0
rep2,1.0463,170,0
rep2,1.0463,171,0
rep2,1.0463,172,0
rep2,1.0463,173,0
rep2,1.0463,174,0
rep2,1.0464,175,0
rep2,1.0465,176,0
rep2,1.0465,177,0
rep2,1.0465,178,0
rep2,1.0466,179,0
rep2,1.0467,180,0
rep2,1.0467,181,0
rep2,1.0467,182,0
rep2,1.0467,183,0
rep2,1.0467,184,0
rep2,1.0468,185,0
rep2,1.0468,186,0
rep2,1.0468,187,0
rep2,1.0468,188,0
rep2,1.0469,189,0
rep2,1.0469,190,0
rep2,1.0469,191,0
rep2,1.047,192,0
rep2,1.047,193,0
rep2,1.0471,194,0
rep2,1.0471,195,0
rep2,1.0471,196,0
rep2,1.0471,197,0
rep2,1.0472,198,0
rep2,1.0473,199,0
rep2,1.0473,200,0
rep2,1.0473,201,0
rep2,1.0473,202,0
rep2,1.0473,203,0
rep2,1.0474,204,0
rep2,1.0474,205,0
rep2,1.0474,206,0
rep2,1.0475,207,0
rep2,1.0475,208,0
rep2,1.0475,209,0
rep2,1.0475,210,0
rep2,1.0476,211,0
rep2,1.0476,212,0
rep2,1.0478,213,0
rep2,1.0478,214,0
rep2,1.0479,215,0
rep2,1.0479,216,0
rep2,1.0479,217,0
rep2,1.0479,218,0
rep2,1.048,219,0
rep2,1.048,220,0
rep2,1.048,221,0
rep2,1.0481,222,0
rep2,1.0481,223,0
rep2,1.0482,224,0
rep2,1.0483,225,0
rep2,1.0483,226,0
rep2,1.0483,227,0
rep2,1.0483,228,0
rep2,1.0484,229,0
rep2,1.0484,230,0
rep2,1.0484,231,0
rep2,1.0485,232,0
rep2,1.0485,233,0
rep2,1.0485,234,0
rep2,1.0486,235,0
rep2,1.0487,236,0
rep2,1.0487,237,0
rep2,1.0487,238,0
rep2,1.0487,239,0
rep2,1.0487,240,0
rep2,1.0488,241,0
rep2,1.0488,242,0
rep2,1.0488,243,0
rep2,1.0489,244,0
rep2,1.0489,245,0
rep2,1.049,246,0
rep2,1.0491,247,0
rep2,1.0491,248,0
rep2,1.0495,249,0
rep2,1.0495,250,0
rep2,1.0496,251,0
rep2,1.0496,252,0
rep2,1.0498,253,0
rep2,1.0498,254,0
rep2,1.0499,255,0
rep2,1.0499,256,0
rep2,1.0499,257,0
rep2,1.0501,258,0
rep2,1.0501,259,0
rep2,1.0502,260,0
rep2,1.0502,261,0
rep2,1.0503,262,0
rep2,1.0503,263,0
rep2,1.0503,264,0
rep2,1.0504,265,0
rep2,1.0504,266,0
rep2,1.0505,267,0
rep2,1.0505,268,0
rep2,1.0507,269,0
rep2,1.0508,270,0
rep2,1.051,271,0
rep2,1.051,272,0
rep2,1.051,273,0
rep2,1.051,274,0
rep2,1.0511,275,0
rep2,1.0511,276,0
rep2,1.0511,277,0
rep2,1.0512,278,0
rep2,1.0512,279,0
rep2,1.0513,280,0
rep2,1.0513,281,0
rep2,1.0513,282,0
rep2,1.0514,283,0
rep2,1.0514,284,0
rep2,1.0516,285,0
rep2,1.0517,286,0
rep2,1.0519,287,0
rep2,1.0519,288,0
rep2,1.0519,289,0
rep2,1.0519,290,0
rep2,1.052,291,0
rep2,1.052,292,0
rep2,1.052,293,0
rep2,1.0521,294,0
rep2,1.0521,295,0
rep2,1.0522,296,0
rep2,1.0522,297,0
rep2,1.0522,298,0
rep2,1.0523,299,0
rep2,1.0524,300,0
rep2,1.0524,301,0
rep2,1.0525,302,0
rep2,1.0525,303,0
rep2,1.0527,304,0
rep2,1.0527,305,0
rep2,1.0528,306,0
rep2,1.0528,307,0
rep2,1.0528,308,0
rep2,1.0529,309,0
rep2,1.0529,310,0
rep2,1.0531,311,0
rep2,1.0532,312,0
rep2,1.0533,313,0
rep2,1.0533,314,0
rep2,1.0533,315,0
rep2,1.0533,316,0
rep2,1.0534,317,0
rep2,1.0538,318,0
rep2,1.0538,319,0
rep2,1.0539,320,0
rep2,1.0542,321,0
rep2,1.0542,322,0
rep2,1.0543,323,0
rep2,1.0543,324,0
rep2,1.0543,325,0
rep2,1.0548,326,0
rep2,1.0548,327,0
rep2,1.0548,328,0
rep2,1.0549,329,0
rep2,1.055,330,0
rep2,1.055,331,0
rep2,1.0551,332,0
rep2,1.0552,333,0
rep2,1.0555,334,0
rep2,1.0556,335,0
rep2,1.0556,336,0
rep2,1.056,337,0
rep2,1.0561,338,0
rep2,1.0561,339,0
rep2,1.0561,340,0
rep2,1.0562,341,0
rep2,1.0562,342,0
rep2,1.0563,343,0
rep2,1.0563,344,0
rep2,1.0565,345,0
rep2,1.0567,346,0
rep2,1.0567,347,0
rep2,1.0567,348,0
rep2,1.0568,349,0
rep2,1.057,350,0
rep2,1.057,351,0
rep2,1.0571,352,0
rep2,1.0577,353,0
rep2,1.0578,354,0
rep2,1.058,355,0
rep2,1.0581,356,0
rep2,1.0581,357,0
rep2,1.0582,358,0
rep2,1.0582,359,0
rep2,1.0583,360,0
rep2,1.0585,361,0
rep2,1.0586,362,0
rep2,1.0587,363,0
rep2,1.0588,364,0
rep2,1.059,365,0
rep2,1.059,366,0
rep2,1.059,367,0
rep2,1.059,368,0
rep2,1.0591,369,0
rep2,1.0592,370,0
rep2,1.0593,371,0
rep2,1.0595,372,0
rep2,1.0597,373,0
rep2,1.06,374,0
rep2,1.0601,375,0
rep2,1.0602,376,0
rep2,1.0603,377,0
rep2,1.0606,378,0
rep2,1.0607,379,0
rep2,1.0608,380,0
rep2,1.0608,381,0
rep2,1.061,382,0
rep2,1.0611,383,0
rep2,1.0612,384,0
rep2,1.0614,385,0
rep2,1.0617,386,0
rep2,1.0618,387,0
rep2,1.062,388,0
rep2,1.0623,389,0
rep2,1.0624,390,0
rep2,1.0626,391,0
rep2,1.0627,392,0
rep2,1.0627,393,0
rep2,1.0628,394,0
rep2,1.0628,395,0
rep2,1.063,396,0
rep2,1.0633,397,0
rep2,1.0638,398,0
rep2,1.0638,399,0
rep2,1.0639,400,0
rep2,1.0641,401,0
rep2,1.0645,402,0
rep2,1.0645,403,0
rep2,1.0646,404,0
rep2,1.0647,405,0
rep2,1.0649,406,0
rep2,1.0649,407,0
rep2,1.0649,408,0
rep2,1.065,409,0
rep2,1.0652,410,0
rep2,1.0653,411,0
rep2,1.0657,412,0
rep2,1.0659,413,0
rep2,1.0662,414,0
rep2,1.0664,415,0
rep2,1.0664,416,0
rep2,1.0671,417,0
rep2,1.0674,418,0
rep2,1.0679,419,0
rep2,1.0682,420,0
rep2,1.0684,421,0
rep2,1.0687,422,0
rep2,1.069,423,0
rep2,1.0692,424,0
rep2,1.0693,425,0
rep2,1.0696,426,0
rep2,1.0703,427,0
rep2,1.0706,428,0
rep2,1.0715,429,0
rep2,1.072,430,0
rep2,1.0724,431,0
rep2,1.0734,432,0
rep2,1.0738,433,0
rep2,1.074,434,0
rep2,1.0742,435,0
rep2,1.0743,436,0
rep2,1.0746,437,0
rep2,1.0749,438,0
rep2,1.0749,439,0
rep2,1.0753,440,0
rep2,1.0754,441,0
rep2,1.0755,442,0
rep2,1.0761,443,0
rep2,1.0762,444,0
rep2,1.0763,445,0
rep2,1.0764,446,0
rep2,1.0768,447,0
rep2,1.077,448,0
rep2,1.0771,449,0
rep2,1.0771,450,0
rep2,1.0771,451,0
rep2,1.0773,452,0
rep2,1.0773,453,0
rep2,1.0774,454,0
rep2,1.0775,455,0
rep2,1.0776,456,0
rep2,1.0777,457,0
rep2,1.0779,458,0
rep2,1.078,459,0
rep2,1.078,460,0
rep2,1.0781,461,0
rep2,1.0782,462,0
rep2,1.0783,463,0
rep2,1.0784,464,0
rep2,1.0785,465,0
rep2,1.0786,466,0
rep2,1.0786,467,0
rep2,1.0787,468,0
rep2,1.0787,469,0
rep2,1.0787,470,0
rep2,1.079,471,0
rep2,1.079,472,0
rep2,1.0791,473,0
rep2,1.0792,474,0
rep2,1.0792,475,0
rep2,1.0792,476,0
rep2,1.0793,477,0
rep2,1.0793,478,0
rep2,1.0796,479,0
rep2,1.0797,480,0
rep2,1.0797,481,0
rep2,1.0798,482,0
rep2,1.08,483,0
rep2,1.0801,484,0
rep2,1.0803,485,0
rep2,1.0804,486,0
rep2,1.0804,487,0
rep2,1.0805,488,0
rep2,1.0807,489,0
rep2,1.0811,490,0
rep2,1.0811,491,0
rep2,1.0811,492,0
rep2,1.0812,493,0
rep2,1.0813,494,0
rep2,1.0814,495,0
rep2,1.0814,496,0
rep2,1.0815,497,0
rep2,1.0815,498,0
rep2,1.0817,499,0
rep2,1.0817,500,0
rep2,1.0817,501,0
rep2,1.0817,502,0
rep2,1.0819,503,0
rep2,1.0819,504,0
rep2,1.0819,505,0
rep2,1.0819,506,0
rep2,1.0821,507,0
rep2,1.0825,508,0
rep2,1.0827,509,0
rep2,1.0827,510,0
rep2,1.0828,511,0
rep2,1.0828,512,0
rep2,1.0832,513,0
rep2,1.0836,514,0
rep2,1.0837,515,0
rep2,1.0837,516,0
rep2,1.0839,517,0
rep2,1.0841,518,0
rep2,1.0841,519,0
rep2,1.0841,520,0
rep2,1.0841,521,0
rep2,1.0842,522,0
rep2,1.0843,523,0
rep2,1.0844,524,0
rep2,1.0845,525,0
rep2,1.0846,526,0
rep2,1.0849,527,0
rep2,1.085,528,0
rep2,1.085,529,0
rep2,1.0851,530,0
rep2,1.0852,531,0
rep2,1.0854,532,0
rep2,1.0855,533,0
rep2,1.0855,534,0
rep2,1.0858,535,0
rep2,1.0859,536,0
rep2,1.0859,537,0
rep2,1.0859,538,0
rep2,1.086,539,0
rep2,1.086,540,0
rep2,1.0864,541,0
rep2,1.0866,542,0
rep2,1.0866,543,0
rep2,1.0867,544,0
rep2,1.0868,545,0
rep2,1.087,546,0
rep2,1.0874,547,0
rep2,1.0875,548,0
rep2,1.0876,549,0
rep2,1.0878,550,0
rep2,1.088,551,0
rep2,1.0884,552,0
rep2,1.0884,553,0
rep2,1.0885,554,0
rep2,1.0887,555,0
rep2,1.0891,556,0
rep2,1.0895,557,0
rep2,1.0896,558,0
rep2,1.0896,559,0
rep2,1.0897,560,0
rep2,1.0897,561,0
rep2,1.0898,562,0
rep2,1.0903,563,0
rep2,1.0903,564,0
rep2,1.0907,565,0
rep2,1.0908,566,0
rep2,1.0909,567,0
rep2,1.0912,568,0
rep2,1.0914,569,0
rep2,1.0916,570,0
rep2,1.0917,571,0
rep2,1.0918,572,0
rep2,1.092,573,0
rep2,1.092,574,0
rep2,1.0921,575,0
rep2,1.0924,576,0
rep2,1.0924,577,0
rep2,1.0932,578,0
rep2,1.0932,579,0
rep2,1.0933,580,0
rep2,1.0935,581,0
rep2,1.0938,582,0
rep2,1.0939,583,0
rep2,1.0945,584,0
rep2,1.0947,585,0
rep2,1.0948,586,0
rep2,1.0949,587,0
rep2,1.0952,588,0
rep2,1.0956,589,0
rep2,1.0957,590,0
rep2,1.0958,591,0
rep2,1.0958,592,0
rep2,1.096,593,0
rep2,1.096,594,0
rep2,1.0962,595,0
rep2,1.0967,596,0
rep2,1.0974,597,0
rep2,1.0975,598,0
rep2,1.0975,599,0
rep2,1.0978,600,0
rep2,1.0979,601,0
rep2,1.0981,602,0
rep2,1.0988,603,0
rep2,1.0989,604,0
rep2,1.099,605,0
rep2,1.0991,606,0
rep2,1.0992,607,0
rep2,1.0993,608,0
rep2,1.0998,609,0
rep2,1.1001,610,0
rep2,1.1003,611,0
rep2,1.1009,612,0
rep2,1.1012,613,0
rep2,1.1015,614,0
rep2,1.1016,615,0
rep2,1.102,616,0
rep2,1.1022,617,0
rep2,1.1032,618,0
rep2,1.1035,619,0
rep2,1.1036,620,0
rep2,1.1037,621,0
rep2,1.1037,622,0
rep2,1.104,623,0
rep2,1.1042,624,0
rep2,1.1049,625,0
rep2,1.105,626,0
rep2,1.1051,627,0
rep2,1.1052,628,0
rep2,1.1053,629,0
rep2,1.1055,630,0
rep2,1.1057,631,0
rep2,1.1061,632,0
rep2,1.1063,633,0
rep2,1.1071,634,0
rep2,1.1076,635,0
rep2,1.108,636,0
rep2,1.1081,637,0
rep2,1.1083,638,0
rep2,1.1089,639,0
rep2,1.109,640,0
rep2,1.1094,641,0
rep2,1.1095,642,0
rep2,1.11,643,0
rep2,1.1105,644,0
rep2,1.1106,645,0
rep2,1.1108,646,0
rep2,1.1108,647,0
rep2,1.1111,648,0
rep2,1.1112,649,0
rep2,1.1114,650,0
rep2,1.1118,651,0
rep2,1.1119,652,0
rep2,1.112,653,0
rep2,1.1123,654,0
rep2,1.1124,655,0
rep2,1.1127,656,0
rep2,1.1127,657,0
rep2,1.1128,658,0
rep2,1.1128,659,0
rep2,1.1129,660,0
rep2,1.1131,661,0
rep2,1.1131,662,0
rep2,1.1132,663,0
rep2,1.1133,664,0
rep2,1.1135,665,0
rep2,1.1136,666,0
rep2,1.1137,667,0
rep2,1.1138,668,0
rep2,1.1138,669,0
rep2,1.1142,670,0
rep2,1.1142,671,0
rep2,1.1142,672,0
rep2,1.1142,673,0
rep2,1.1144,674,0
rep2,1.1145,675,0
rep2,1.1147,676,0
rep2,1.1148,677,0
rep2,1.115,678,0
rep2,1.1152,679,0
rep2,1.1156,680,0
rep2,1.1157,681,0
rep2,1.1158,682,0
rep2,1.1158,683,0
rep2,1.1159,684,0
rep2,1.116,685,0
rep2,1.1161,686,0
rep2,1.1161,687,0
rep2,1.1162,688,0
rep2,1.1163,689,0
rep2,1.1163,690,0
rep2,1.1163,691,0
rep2,1.1165,692,0
rep2,1.1165,693,0
rep2,1.1165,694,0
rep2,1.1167,695,0
rep2,1.117,696,0
rep2,1.117,697,0
rep2,1.1173,698,0
rep2,1.1174,699,0
rep2,1.1175,700,0
rep2,1.1176,701,0
rep2,1.1176,702,0
rep2,1.1177,703,0
rep2,1.1177,704,0
rep2,1.1178,705,0
rep2,1.1179,706,0
rep2,1.118,707,0
rep2,1.1182,708,0
rep2,1.1183,709,0
rep2,1.1183,710,0
rep2,1.1185,711,0
rep2,1.1188,712,0
rep2,1.1191,713,0
rep2,1.1192,714,0
rep2,1.1193,715,0
rep2,1.1195,716,0
rep2,1.1195,717,0
rep2,1.1196,718,0
rep2,1.1196,719,0
rep2,1.1201,720,0
rep2,1.1202,721,0
rep2,1.1202,722,0
rep2,1.1203,723,0
rep2,1.1207,724,0
rep2,1.1208,725,0
rep2,1.121,726,0
rep2,1.1212,727,0
rep2,1.1212,728,0
rep2,1.1214,729,0
rep2,1.1224,730,0
rep2,1.1225,731,0
rep2,1.1226,732,0
rep2,1.1227,733,0
rep2,1.1229,734,0
rep2,1.123,735,0
rep2,1.1232,736,0
rep2,1.1233,737,0
rep2,1.1235,738,0
rep2,1.1235,739,0
rep2,1.1236,740,0
rep2,1.1238,741,0
rep2,1.1239,742,0
rep2,1.124,743,0
rep2,1.1241,744,0
rep2,1.1241,745,0
rep2,1.1242,746,0
rep2,1.1242,747,0
rep2,1.1243,748,0
rep2,1.1245,749,0
rep2,1.1247,750,0
rep2,1.1249,751,0
rep2,1.1251,752,0
rep2,1.1254,753,0
rep2,1.1255,754,0
rep2,1.126,755,0
rep2,1.1261,756,0
rep2,1.1267,757,0
rep2,1.1268,758,0
rep2,1.127,759,0
rep2,1.1271,760,0
rep2,1.1274,761,0
rep2,1.1274,762,0
rep2,1.1276,763,0
rep2,1.1277,764,0
rep2,1.1278,765,0
rep2,1.1279,766,0
rep2,1.1279,767,0
rep2,1.128,768,0
rep2,1.128,769,0
rep2,1.1281,770,0
rep2,1.1281,771,0
rep2,1.1291,772,0
rep2,1.1291,773,0
rep2,1.1293,774,0
rep2,1.1294,775,0
rep2,1.1296,776,0
rep2,1.1298,777,0
rep2,1.1299,778,0
rep2,1.1309,779,0
rep2,1.1311,780,0
rep2,1.1312,781,0
rep2,1.1314,782,0
rep2,1.1316,783,0
rep2,1.132,784,0
rep2,1.1325,785,0
rep2,1.1326,786,0
rep2,1.1329,787,0
rep2,1.1329,788,0
rep2,1.1329,789,0
rep2,1.133,790,0
rep2,1.1334,791,0
rep2,1.1335,792,0
rep2,1.1336,793,0
rep2,1.1336,794,0
rep2,1.1336,795,0
rep2,1.1342,796,0
rep2,1.1345,797,0
rep2,1.1345,798,0
rep2,1.1346,799,0
rep2,1.1348,800,0
rep2,1.1352,801,0
rep2,1.1352,802,0
rep2,1.1354,803,0
rep2,1.1355,804,0
rep2,1.1357,805,0
rep2,1.1357,806,0
rep2,1.1361,807,0
rep2,1.1363,808,0
rep2,1.1363,809,0
rep2,1.1368,810,0
rep2,1.1375,811,0
rep2,1.1376,812,0
rep2,1.1384,813,0
rep2,1.1385,814,0
rep2,1.1385,815,0
rep2,1.1385,816,0
rep2,1.1385,817,0
rep2,1.1385,818,0
rep2,1.1386,819,0
rep2,1.1387,820,0
rep2,1.1387,821,0
rep2,1.1391,822,0
rep2,1.1393,823,0
rep2,1.1399,824,0
rep2,1.1401,825,0
rep2,1.1402,826,0
rep2,1.1402,827,0
rep2,1.1403,828,0
rep2,1.1405,829,0
rep2,1.1406,830,0
rep2,1.1406,831,0
rep2,1.141,832,0
rep2,1.1412,833,0
rep2,1.1413,834,0
rep2,1.1414,835,0
rep2,1.1415,836,0
rep2,1.1418,837,0
rep2,1.1421,838,0
rep2,1.1423,839,0
rep2,1.1423,840,0
rep2,1.1427,841,0
rep2,1.1427,842,0
rep2,1.1433,843,0
rep2,1.1435,844,0
rep2,1.1436,845,0
rep2,1.1437,846,0
rep2,1.1437,847,0
rep2,1.1439,848,0
rep2,1.144,849,0
rep2,1.1441,850,0
rep2,1.1442,851,0
rep2,1.1442,852,0
rep2,1.1443,853,0
rep2,1.1444,854,0
rep2,1.1444,855,0
rep2,1.1445,856,0
rep2,1.1445,857,0
rep2,1.1446,858,0
rep2,1.1448,859,0
rep2,1.1449,860,0
rep2,1.1449,861,0
rep2,1.1449,862,0
rep2,1.145,863,0
rep2,1.145,864,0
rep2,1.1451,865,0
rep2,1.1452,866,0
rep2,1.1452,867,0
rep2,1.1454,868,0
rep2,1.1455,869,0
rep2,1.1456,870,0
rep2,1.1456,871,0
rep2,1.1458,872,0
rep2,1.1458,873,0
rep2,1.1459,874,0
rep2,1.146,875,0
rep2,1.1461,876,0
rep2,1.1465,877,0
rep2,1.1465,878,0
rep2,1.1465,879,0
rep2,1.1467,880,0
rep2,1.1468,881,0
rep2,1.1468,882,0
rep2,1.1469,883,0
rep2,1.147,884,0
rep2,1.1472,885,0
rep2,1.1473,886,0
rep2,1.1473,887,0
rep2,1.1475,888,0
rep2,1.1477,889,0
rep2,1.1478,890,0
rep2,1.1478,891,0
rep2,1.148,892,0
rep2,1.148,893,0
rep2,1.1481,894,0
rep2,1.1481,895,0
rep2,1.1482,896,0
rep2,1.1484,897,0
rep2,1.1484,898,0
rep2,1.1485,899,0
rep2,1.1487,900,0
rep2,1.1487,901,0
rep2,1.1489,902,0
rep2,1.149,903,0
rep2,1.1492,904,0
rep2,1.1494,905,0
rep2,1.1495,906,0
rep2,1.1495,907,0
rep2,1.1497,908,0
rep2,1.1498,909,0
rep2,1.1498,910,0
rep2,1.1498,911,0
rep2,1.1499,912,0
rep2,1.15,913,0
rep2,1.15,914,0
rep2,1.1503,915,0
rep2,1.1506,916,0
rep2,1.1506,917,0
rep2,1.1507,918,0
rep2,1.1511,919,0
rep2,1.1512,920,0
rep2,1.1513,921,0
rep2,1.1514,922,0
rep2,1.1515,923,0
rep2,1.1515,924,0
rep2,1.1516,925,0
rep2,1.1519,926,0
rep2,1.1521,927,0
rep2,1.1522,928,0
rep2,1.1522,929,0
rep2,1.1526,930,0
rep2,1.1526,931,0
rep2,1.1527,932,0
rep2,1.1528,933,0
rep2,1.1528,934,0
rep2,1.153,935,0
rep2,1.1531,936,0
rep2,1.1531,937,0
rep2,1.1531,938,0
rep2,1.1532,939,0
rep2,1.1537,940,0
rep2,1.154,941,0
rep2,1.154,942,0
rep2,1.1543,943,0
rep2,1.1543,944,0
rep2,1.1546,945,0
rep2,1.1547,946,0
rep2,1.1548,947,0
rep2,1.1551,948,0
rep2,1.1555,949,0
rep2,1.1557,950,0
rep2,1.1559,951,0
rep2,1.1562,952,0
rep2,1.1565,953,0
rep2,1.1568,954,0
rep2,1.1569,955,0
rep2,1.157,956,0
rep2,1.1572,957,0
rep2,1.1572,958,0
rep2,1.1572,959,0
rep2,1.1573,960,0
rep2,1.1573,961,0
rep2,1.1575,962,0
rep2,1.1576,963,0
rep2,1.1576,964,0
rep2,1.1577,965,0
rep2,1.1578,966,0
rep2,1.1578,967,0
rep2,1.1583,968,0
rep2,1.1584,969,0
rep2,1.1584,970,0
rep2,1.1586,971,0
rep2,1.1589,972,0
rep2,1.159,973,0
rep2,1.1593,974,0
rep2,1.1595,975,0
rep2,1.1596,976,0
rep2,1.1597,977,0
rep2,1.1599,978,0
rep2,1.16,979,0
rep2,1.1604,980,0
rep2,1.1605,981,0
rep2,1.1606,982,0
rep2,1.1609,983,0
rep2,1.1614,984,0
rep2,1.1616,985,0
rep2,1.1616,986,0
rep2,1.1617,987,0
rep2,1.1618,988,0
rep2,1.1622,989,0
rep2,1.1623,990,0
rep2,1.1624,991,0
rep2,1.1624,992,0
rep2,1.1628,993,0
rep2,1.1632,994,0
rep2,1.1634,995,0
rep2,1.1635,996,0
rep2,1.1636,997,0
rep2,1.1637,998,0
rep2,1.1639,999,0
rep2,1.1641,1000,0
rep2,1.1641,1001,0
rep2,1.1642,1002,0
rep2,1.1645,1003,0
rep2,1.1645,1004,0
rep2,1.1647,1005,0
rep2,1.1648,1006,0
rep2,1.1648,1007,0
rep2,1.165,1008,0
rep2,1.1651,1009,0
rep2,1.1658,1010,0
rep2,1.1659,1011,0
rep2,1.1661,1012,0
rep2,1.1661,1013,0
rep2,1.1662,1014,0
rep2,1.1664,1015,0
rep2,1.1669,1016,0
rep2,1.167,1017,0
rep2,1.1672,1018,0
rep2,1.1674,1019,0
rep2,1.1676,1020,0
rep2,1.1677,1021,0
rep2,1.1678,1022,0
rep2,1.1678,1023,0
rep2,1.1679,1024,0
rep2,1.1681,1025,0
rep2,1.1682,1026,0
rep2,1.1682,1027,0
rep2,1.1683,1028,0
rep2,1.1683,1029,0
rep2,1.1684,1030,0
rep2,1.1684,1031,0
rep2,1.1685,1032,0
rep2,1.1687,1033,0
rep2,1.169,1034,0
rep2,1.169,1035,0
rep2,1.169,1036,0
rep2,1.1693,1037,0
rep2,1.1698,1038,0
rep2,1.17,1039,0
rep2,1.1702,1040,0
rep2,1.1704,1041,0
rep2,1.1707,1042,0
rep2,1.171,1043,0
rep2,1.1711,1044,0
rep2,1.1713,1045,0
rep2,1.1715,1046,0
rep2,1.1715,1047,0
rep2,1.1717,1048,0
rep2,1.1718,1049,0
rep2,1.172,1050,0
rep2,1.1722,1051,0
rep2,1.1723,1052,0
rep2,1.1724,1053,0
rep2,1.1727,1054,0
rep2,1.173,1055,0
rep2,1.1741,1056,0
rep2,1.1742,1057,0
rep2,1.1744,1058,0
rep2,1.1747,1059,0
rep2,1.1747,1060,0
rep2,1.1751,1061,0
rep2,1.1754,1062,0
rep2,1.1754,1063,0
rep2,1.1755,1064,0
rep2,1.1757,1065,0
rep2,1.1757,1066,0
rep2,1.1759,1067,0
rep2,1.176,1068,0
rep2,1.1761,1069,0
rep2,1.1762,1070,0
rep2,1.1763,1071,0
rep2,1.1765,1072,0
rep2,1.1769,1073,0
rep2,1.1769,1074,0
rep2,1.1771,1075,0
rep2,1.1773,1076,0
rep2,1.1774,1077,0
rep2,1.1777,1078,0
rep2,1.1779,1079,0
rep2,1.1783,1080,0
rep2,1.1785,1081,0
rep2,1.1788,1082,0
rep2,1.1788,1083,0
rep2,1.1789,1084,0
rep2,1.1791,1085,0
rep2,1.1792,1086,0
rep2,1.1793,1087,0
rep2,1.1794,1088,0
rep2,1.1797,1089,0
rep2,1.18,1090,0
rep2,1.1802,1091,0
rep2,1.1805,1092,0
rep2,1.1806,1093,0
rep2,1.1808,1094,0
rep2,1.1811,1095,0
rep2,1.1812,1096,0
rep2,1.1812,1097,0
rep2,1.1813,1098,0
rep2,1.1818,1099,0
rep2,1.1818,1100,0
rep2,1.1819,1101,0
rep2,1.182,1102,0
rep2,1.1822,1103,0
rep2,1.1823,1104,0
rep2,1.1824,1105,0
rep2,1.1824,1106,0
rep2,1.1829,1107,0
rep2,1.183,1108,0
rep2,1.1831,1109,0
rep2,1.1832,1110,0
rep2,1.1833,1111,0
rep2,1.1836,1112,0
rep2,1.1847,1113,0
rep2,1.1848,1114,0
rep2,1.1849,1115,0
rep2,1.1851,1116,0
rep2,1.1854,1117,0
rep2,1.1854,1118,0
rep2,1.1856,1119,0
rep2,1.1857,1120,0
rep2,1.1858,1121,0
rep2,1.1858,1122,0
rep2,1.1859,1123,0
rep2,1.1862,1124,0
rep2,1.1868,1125,0
rep2,1.1871,1126,0
rep2,1.1872,1127,0
rep2,1.1874,1128,0
rep2,1.1877,1129,0
rep2,1.1877,1130,0
rep2,1.1878,1131,0
rep2,1.1882,1132,0
rep2,1.1883,1133,0
rep2,1.1887,1134,0
rep2,1.1888,1135,0
rep2,1.189,1136,0
rep2,1.1891,1137,0
rep2,1.1892,1138,0
rep2,1.1894,1139,0
rep2,1.1896,1140,0
rep2,1.1897,1141,0
rep2,1.1899,1142,0
rep2,1.1903,1143,0
rep2,1.1905,1144,0
rep2,1.1905,1145,0
rep2,1.1908,1146,0
rep2,1.1913,1147,0
rep2,1.1913,1148,0
rep2,1.1914,1149,0
rep2,1.1914,1150,0
rep2,1.1915,1151,0
rep2,1.1916,1152,0
rep2,1.192,1153,0
rep2,1.1921,1154,0
rep2,1.1921,1155,0
rep2,1.1926,1156,0
rep2,1.1926,1157,0
rep2,1.1927,1158,0
rep2,1.1933,1159,0
rep2,1.1936,1160,0
rep2,1.1936,1161,0
rep2,1.1937,1162,0
rep2,1.1937,1163,0
rep2,1.1941,1164,0
rep2,1.1943,1165,0
rep2,1.1943,1166,0
rep2,1.1944,1167,0
rep2,1.1944,1168,0
rep2,1.1945,1169,0
rep2,1.1946,1170,0
rep2,1.1947,1171,0
rep2,1.1949,1172,0
rep2,1.1952,1173,0
rep2,1.1952,1174,0
rep2,1.1956,1175,0
rep2,1.196,1176,0
rep2,1.1963,1177,0
rep2,1.1964,1178,0
rep2,1.1964,1179,0
rep2,1.1968,1180,0
rep2,1.1969,1181,0
rep2,1.1969,1182,0
rep2,1.197,1183,0
rep2,1.197,1184,0
rep2,1.1973,1185,0
rep2,1.1977,1186,0
rep2,1.1981,1187,0
rep2,1.1986,1188,0
rep2,1.1989,1189,0
rep2,1.199,1190,0
rep2,1.199,1191,0
rep2,1.1991,1192,0
rep2,1.1997,1193,0
rep2,1.2,1194,0
rep2,1.2001,1195,0
rep2,1.2004,1196,0
rep2,1.2008,1197,0
rep2,1.201,1198,0
rep2,1.2012,1199,0
rep2,1.2016,1200,0
rep2,1.2016,1201,0
rep2,1.2017,1202,0
rep2,1.2023,1203,0
rep2,1.2038,1204,0
rep2,1.2039,1205,0
rep2,1.204,1206,0
rep2,1.2042,1207,0
rep2,1.2045,1208,0
rep2,1.2046,1209,0
rep2,1.2046,1210,0
rep2,1.205,1211,0
rep2,1.2054,1212,0
rep2,1.2055,1213,0
rep2,1.2059,1214,0
rep2,1.2059,1215,0
rep2,1.206,1216,0
rep2,1.2062,1217,0
rep2,1.2065,1218,0
rep2,1.2066,1219,0
rep2,1.2068,1220,0
rep2,1.2071,1221,0
rep2,1.2072,1222,0
rep2,1.2073,1223,0
rep2,1.2074,1224,0
rep2,1.2074,1225,0
rep2,1.2082,1226,0
rep2,1.2084,1227,0
rep2,1.2091,1228,0
rep2,1.2092,1229,0
rep2,1.2093,1230,0
rep2,1.21,1231,0
rep2,1.2102,1232,0
rep2,1.2106,1233,0
rep2,1.2108,1234,0
rep2,1.2108,1235,0
rep2,1.2109,1236,0
rep2,1.211,1237,0
rep2,1.2112,1238,0
rep2,1.2113,1239,0
rep2,1.2115,1240,0
rep2,1.2117,1241,0
rep2,1.212,1242,0
rep2,1.2121,1243,0
rep2,1.2123,1244,0
rep2,1.2125,1245,0
rep2,1.2125,1246,0
rep2,1.2126,1247,0
rep2,1.213,1248,0
rep2,1.2131,1249,0
rep2,1.2132,1250,0
rep2,1.2132,1251,0
rep2,1.2133,1252,0
rep2,1.2138,1253,0
rep2,1.2139,1254,0
rep2,1.214,1255,0
rep2,1.214,1256,0
rep2,1.2141,1257,0
rep2,1.2145,1258,0
rep2,1.2145,1259,0
rep2,1.2145,1260,0
rep2,1.2145,1261,0
rep2,1.2146,1262,0
rep2,1.2146,1263,0
rep2,1.2147,1264,0
rep2,1.2147,1265,0
rep2,1.2148,1266,0
rep2,1.215,1267,0
rep2,1.215,1268,0
rep2,1.2151,1269,0
rep2,1.2152,1270,0
rep2,1.2155,1271,0
rep2,1.2156,1272,0
rep2,1.2157,1273,0
rep2,1.2157,1274,0
rep2,1.2157,1275,0
rep2,1.2159,1276,0
rep2,1.2164,1277,0
rep2,1.2165,1278,0
rep2,1.2167,1279,0
rep2,1.2168,1280,0
rep2,1.2168,1281,0
rep2,1.2169,1282,0
rep2,1.2171,1283,0
rep2,1.2173,1284,0
rep2,1.2175,1285,0
rep2,1.2178,1286,0
rep2,1.218,1287,0
rep2,1.218,1288,0
rep2,1.2188,1289,0
rep2,1.2188,1290,0
rep2,1.2188,1291,0
rep2,1.2189,1292,0
rep2,1.2189,1293,0
rep2,1.2192,1294,0
rep2,1.2193,1295,0
rep2,1.2199,1296,0
rep2,1.2203,1297,0
rep2,1.2203,1298,0
rep2,1.2204,1299,0
rep2,1.2205,1300,0
rep2,1.2206,1301,0
rep2,1.2207,1302,0
rep2,1.2207,1303,0
rep2,1.2208,1304,0
rep2,1.2208,1305,0
rep2,1.2212,1306,0
rep2,1.2214,1307,0
rep2,1.2215,1308,0
rep2,1.2216,1309,0
rep2,1.2216,1310,0
rep2,1.2217,1311,0
rep2,1.2219,1312,0
rep2,1.222,1313,0
rep2,1.222,1314,0
rep2,1.222,1315,0
rep2,1.2226,1316,0
rep2,1.2231,1317,0
rep2,1.2231,1318,0
rep2,1.2236,1319,0
rep2,1.2243,1320,0
rep2,1.2247,1321,0
rep2,1.2247,1322,0
rep2,1.2247,1323,0
rep2,1.2248,1324,0
rep2,1.2248,1325,0
rep2,1.225,1326,0
rep2,1.2254,1327,0
rep2,1.2256,1328,0
rep2,1.2257,1329,0
rep2,1.2258,1330,0
rep2,1.2262,1331,0
rep2,1.2267,1332,0
rep2,1.2268,1333,0
rep2,1.2268,1334,0
rep2,1.227,1335,0
rep2,1.227,1336,0
rep2,1.227,1337,0
rep2,1.2272,1338,0
rep2,1.2274,1339,0
rep2,1.2274,1340,0
rep2,1.2277,1341,0
rep2,1.2278,1342,0
rep2,1.2279,1343,0
rep2,1.2282,1344,0
rep2,1.2282,1345,0
rep2,1.2282,1346,0
rep2,1.2284,1347,0
rep2,1.2285,1348,0
rep2,1.2286,1349,0
rep2,1.2287,1350,0
rep2,1.2287,1351,0
rep2,1.2287,1352,0
rep2,1.2289,1353,0
rep2,1.2289,1354,0
rep2,1.229,1355,0
rep2,1.2292,1356,0
rep2,1.2294,1357,0
rep2,1.2295,1358,0
rep2,1.2298,1359,0
rep2,1.23,1360,0
rep2,1.2301,1361,0
rep2,1.2302,1362,0
rep2,1.2307,1363,0
rep2,1.2308,1364,0
rep2,1.2309,1365,0
rep2,1.231,1366,0
rep2,1.2313,1367,0
rep2,1.2314,1368,0
rep2,1.2317,1369,0
rep2,1.2318,1370,0
rep2,1.232,1371,0
rep2,1.2323,1372,0
rep2,1.2326,1373,0
rep2,1.2326,1374,0
rep2,1.2328,1375,0
rep2,1.2331,1376,0
rep2,1.2332,1377,0
rep2,1.2334,1378,0
rep2,1.2335,1379,0
rep2,1.2337,1380,0
rep2,1.234,1381,0
rep2,1.234,1382,0
rep2,1.2341,1383,0
rep2,1.2343,1384,0
rep2,1.2343,1385,0
rep2,1.2345,1386,0
rep2,1.2349,1387,0
rep2,1.235,1388,0
rep2,1.235,1389,0
rep2,1.2351,1390,0
rep2,1.2352,1391,0
rep2,1.2355,1392,0
rep2,1.2358,1393,0
rep2,1.2364,1394,0
rep2,1.2366,1395,0
rep2,1.2366,1396,0
rep2,1.2367,1397,0
rep2,1.2371,1398,0
rep2,1.2376,1399,0
rep2,1.2381,1400,0
rep2,1.2383,1401,0
rep2,1.2383,1402,0
rep2,1.2385,1403,0
rep2,1.239,1404,0
rep2,1.2391,1405,0
rep2,1.2392,1406,0
rep2,1.2393,1407,0
rep2,1.2394,1408,0
rep2,1.2397,1409,0
rep2,1.2402,1410,0
rep2,1.2409,1411,0
rep2,1.241,1412,0
rep2,1.241,1413,0
rep2,1.2415,1414,0
rep2,1.2417,1415,0
rep2,1.2422,1416,0
rep2,1.2428,1417,0
rep2,1.2429,1418,0
rep2,1.2431,1419,0
rep2,1.2433,1420,0
rep2,1.2437,1421,0
rep2,1.2439,1422,0
rep2,1.2443,1423,0
rep2,1.2443,1424,0
rep2,1.2445,1425,0
rep2,1.245,1426,0
rep2,1.245,1427,0
rep2,1.2451,1428,0
rep2,1.2452,1429,0
rep2,1.2454,1430,0
rep2,1.2454,1431,0
rep2,1.2456,1432,0
rep2,1.246,1433,0
rep2,1.2461,1434,0
rep2,1.2462,1435,0
rep2,1.2463,1436,0
rep2,1.2464,1437,0
rep2,1.2469,1438,0
rep2,1.2478,1439,0
rep2,1.2481,1440,0
rep2,1.2481,1441,0
rep2,1.2482,1442,0
rep2,1.2482,1443,0
rep2,1.2485,1444,0
rep2,1.2487,1445,0
rep2,1.249,1446,0
rep2,1.2496,1447,0
rep2,1.2497,1448,0
rep2,1.25,1449,0
rep2,1.25,1450,0
rep2,1.2504,1451,0
rep2,1.2505,1452,0
rep2,1.2507,1453,0
rep2,1.251,1454,0
rep2,1.2512,1455,0
rep2,1.2515,1456,0
rep2,1.2516,1457,0
rep2,1.2522,1458,0
rep2,1.2523,1459,0
rep2,1.2526,1460,0
rep2,1.2528,1461,0
rep2,1.2532,1462,0
rep2,1.2542,1463,0
rep2,1.2542,1464,0
rep2,1.2543,1465,0
rep2,1.2545,1466,0
rep2,1.2547,1467,0
rep2,1.2549,1468,0
rep2,1.2551,1469,0
rep2,1.2553,1470,0
rep2,1.2553,1471,0
rep2,1.2561,1472,0
rep2,1.2566,1473,0
rep2,1.2567,1474,0
rep2,1.257,1475,0
rep2,1.2574,1476,0
rep2,1.2577,1477,0
rep2,1.2577,1478,0
rep2,1.2587,1479,0
rep2,1.2588,1480,0
rep2,1.2589,1481,0
rep2,1.259,1482,0
rep2,1.2592,1483,0
rep2,1.2592,1484,0
rep2,1.2592,1485,0
rep2,1.2592,1486,0
rep2,1.2594,1487,0
rep2,1.2595,1488,0
rep2,1.2596,1489,0
rep2,1.2597,1490,0
rep2,1.2597,1491,0
rep2,1.2601,1492,0
rep2,1.2601,1493,0
rep2,1.2604,1494,0
rep2,1.2606,1495,0
rep2,1.2606,1496,0
rep2,1.2607,1497,0
rep2,1.2607,1498,0
rep2,1.261,1499,0
rep2,1.2611,1500,0
rep2,1.2616,1501,0
rep2,1.2617,1502,0
rep2,1.2618,1503,0
rep2,1.2623,1504,0
rep2,1.2625,1505,0
rep2,1.2628,1506,0
rep2,1.2628,1507,0
rep2,1.2629,1508,0
rep2,1.2631,1509,0
rep2,1.2632,1510,0
rep2,1.2632,1511,0
rep2,1.2636,1512,0
rep2,1.2637,1513,0
rep2,1.2637,1514,0
rep2,1.2638,1515,0
rep2,1.2641,1516,0
rep2,1.2644,1517,0
rep2,1.2649,1518,0
rep2,1.2649,1519,0
rep2,1.2652,1520,0
rep2,1.2654,1521,0
rep2,1.2656,1522,0
rep2,1.2658,1523,0
rep2,1.266,1524,0
rep2,1.2665,1525,0
rep2,1.2665,1526,0
rep2,1.2666,1527,0
rep2,1.2666,1528,0
rep2,1.2667,1529,0
rep2,1.2667,1530,0
rep2,1.2669,1531,0
rep2,1.2671,1532,0
rep2,1.2675,1533,0
rep2,1.2676,1534,0
rep2,1.2679,1535,0
rep2,1.2682,1536,0
rep2,1.2683,1537,0
rep2,1.2686,1538,0
rep2,1.2689,1539,0
rep2,1.269,1540,0
rep2,1.2692,1541,0
rep2,1.2703,1542,0
rep2,1.2709,1543,0
rep2,1.2711,1544,0
rep2,1.2712,1545,0
rep2,1.2717,1546,0
rep2,1.2717,1547,0
rep2,1.2725,1548,0
rep2,1.2726,1549,0
rep2,1.2735,1550,0
rep2,1.2737,1551,0
rep2,1.274,1552,0
rep2,1.2743,1553,0
rep2,1.2745,1554,0
rep2,1.275,1555,0
rep2,1.2752,1556,0
rep2,1.2757,1557,0
rep2,1.2761,1558,0
rep2,1.2762,1559,0
rep2,1.2763,1560,0
rep2,1.2765,1561,0
rep2,1.2766,1562,0
rep2,1.2769,1563,0
rep2,1.2774,1564,0
rep2,1.2776,1565,0
rep2,1.2778,1566,0
rep2,1.2779,1567,0
rep2,1.2781,1568,0
rep2,1.2784,1569,0
rep2,1.2787,1570,0
rep2,1.2789,1571,0
rep2,1.2789,1572,0
rep2,1.2791,1573,0
rep2,1.2798,1574,0
rep2,1.2801,1575,0
rep2,1.2803,1576,0
rep2,1.2803,1577,0
rep2,1.2805,1578,0
rep2,1.2808,1579,0
rep2,1.2809,1580,0
rep2,1.281,1581,0
rep2,1.2817,1582,0
rep2,1.2823,1583,0
rep2,1.2825,1584,0
rep2,1.2826,1585,0
rep2,1.2827,1586,0
rep2,1.2829,1587,0
rep2,1.2833,1588,0
rep2,1.2836,1589,0
rep2,1.2836,1590,0
rep2,1.2838,1591,0
rep2,1.2838,1592,0
rep2,1.2847,1593,0
rep2,1.285,1594,0
rep2,1.2863,1595,0
rep2,1.2863,1596,0
rep2,1.2865,1597,0
rep2,1.2868,1598,0
rep2,1.2873,1599,0
rep2,1.2873,1600,0
rep2,1.2874,1601,0
rep2,1.2876,1602,0
rep2,1.2876,1603,0
rep2,1.2881,1604,0
rep2,1.2883,1605,0
rep2,1.2885,1606,0
rep2,1.2885,1607,0
rep2,1.2886,1608,0
rep2,1.2888,1609,0
rep2,1.2889,1610,0
rep2,1.2892,1611,0
rep2,1.2892,1612,0
rep2,1.2898,1613,0
rep2,1.2901,1614,0
rep2,1.2903,1615,0
rep2,1.2903,1616,0
rep2,1.2906,1617,0
rep2,1.2908,1618,0
rep2,1.2908,1619,0
rep2,1.2913,1620,0
rep2,1.2915,1621,0
rep2,1.2915,1622,0
rep2,1.2922,1623,0
rep2,1.293,1624,0
rep2,1.2931,1625,0
rep2,1.2932,1626,0
rep2,1.2932,1627,0
rep2,1.2932,1628,0
rep2,1.2933,1629,0
rep2,1.2951,1630,0
rep2,1.2953,1631,0
rep2,1.2954,1632,0
rep2,1.2959,1633,0
rep2,1.2961,1634,0
rep2,1.2962,1635,0
rep2,1.2962,1636,0
rep2,1.2962,1637,0
rep2,1.2965,1638,0
rep2,1.2969,1639,0
rep2,1.2972,1640,0
rep2,1.2974,1641,0
rep2,1.2976,1642,0
rep2,1.2979,1643,0
rep2,1.298,1644,0
rep2,1.2983,1645,0
rep2,1.2983,1646,0
rep2,1.2988,1647,0
rep2,1.2988,1648,0
rep2,1.2989,1649,0
rep2,1.2991,1650,0
rep2,1.2993,1651,0
rep2,1.2994,1652,0
rep2,1.2995,1653,0
rep2,1.2996,1654,0
rep2,1.2997,1655,0
rep2,1.3002,1656,0
rep2,1.3003,1657,0
rep2,1.3005,1658,0
rep2,1.3007,1659,0
rep2,1.3011,1660,0
rep2,1.3012,1661,0
rep2,1.3014,1662,0
rep2,1.302,1663,0
rep2,1.302,1664,0
rep2,1.3022,1665,0
rep2,1.3023,1666,0
rep2,1.3026,1667,0
rep2,1.3026,1668,0
rep2,1.3027,1669,0
rep2,1.3028,1670,0
rep2,1.3034,1671,0
rep2,1.3036,1672,0
rep2,1.3039,1673,0
rep2,1.3041,1674,0
rep2,1.3042,1675,0
rep2,1.3044,1676,0
rep2,1.3048,1677,0
rep2,1.305,1678,0
rep2,1.3051,1679,0
rep2,1.3053,1680,0
rep2,1.3056,1681,0
rep2,1.3058,1682,0
rep2,1.3068,1683,0
rep2,1.307,1684,0
rep2,1.3072,1685,0
rep2,1.3076,1686,0
rep2,1.3081,1687,0
rep2,1.3083,1688,0
rep2,1.3087,1689,0
rep2,1.3087,1690,0
rep2,1.3093,1691,0
rep2,1.3094,1692,0
rep2,1.3098,1693,0
rep2,1.3103,1694,0
rep2,1.3108,1695,0
rep2,1.3114,1696,0
rep2,1.3115,1697,0
rep2,1.3115,1698,0
rep2,1.3116,1699,0
rep2,1.3125,1700,0
rep2,1.3126,1701,0
rep2,1.3129,1702,0
rep2,1.313,1703,0
rep2,1.3132,1704,0
rep2,1.3132,1705,0
rep2,1.3137,1706,0
rep2,1.3139,1707,0
rep2,1.3139,1708,0
rep2,1.3141,1709,0
rep2,1.3143,1710,0
rep2,1.3151,1711,0
rep2,1.3153,1712,0
rep2,1.3156,1713,0
rep2,1.3157,1714,0
rep2,1.317,1715,0
rep2,1.3171,1716,0
rep2,1.3176,1717,0
rep2,1.3181,1718,0
rep2,1.3188,1719,0
rep2,1.319,1720,0
rep2,1.3194,1721,0
rep2,1.3195,1722,0
rep2,1.3197,1723,0
rep2,1.3202,1724,0
rep2,1.3213,1725,0
rep2,1.322,1726,0
rep2,1.3221,1727,0
rep2,1.3222,1728,0
rep2,1.3223,1729,0
rep2,1.3227,1730,0
rep2,1.3229,1731,0
rep2,1.323,1732,0
rep2,1.3232,1733,0
rep2,1.3233,1734,0
rep2,1.3234,1735,0
rep2,1.3237,1736,0
rep2,1.3243,1737,0
rep2,1.3246,1738,0
rep2,1.3248,1739,0
rep2,1.325,1740,0
rep2,1.3254,1741,0
rep2,1.3255,1742,0
rep2,1.3257,1743,0
rep2,1.3258,1744,0
rep2,1.3259,1745,0
rep2,1.3265,1746,0
rep2,1.3266,1747,0
rep2,1.3268,1748,0
rep2,1.3269,1749,0
rep2,1.327,1750,0
rep2,1.3271,1751,0
rep2,1.3271,1752,0
rep2,1.3278,1753,0
rep2,1.3279,1754,0
rep2,1.3283,1755,0
rep2,1.3284,1756,0
rep2,1.3285,1757,0
rep2,1.3286,1758,0
rep2,1.3287,1759,0
rep2,1.3303,1760,0
rep2,1.3314,1761,0
rep2,1.332,1762,0
rep2,1.332,1763,0
rep2,1.3321,1764,0
rep2,1.3324,1765,0
rep2,1.3328,1766,0
rep2,1.3328,1767,0
rep2,1.3329,1768,0
rep2,1.3332,1769,0
rep2,1.3335,1770,0
rep2,1.3336,1771,0
rep2,1.3338,1772,0
rep2,1.334,1773,0
rep2,1.3341,1774,0
rep2,1.3341,1775,0
rep2,1.3343,1776,0
rep2,1.3344,1777,0
rep2,1.3345,1778,0
rep2,1.3346,1779,0
rep2,1.3346,1780,0
rep2,1.3347,1781,0
rep2,1.3348,1782,0
rep2,1.3351,1783,0
rep2,1.3359,1784,0
rep2,1.336,1785,0
rep2,1.3367,1786,0
rep2,1.3372,1787,0
rep2,1.3374,1788,0
rep2,1.3379,1789,0
rep2,1.338,1790,0
rep2,1.3383,1791,0
rep2,1.3384,1792,0
rep2,1.3388,1793,0
rep2,1.3394,1794,0
rep2,1.3396,1795,0
rep2,1.3397,1796,0
rep2,1.3401,1797,0
rep2,1.3402,1798,0
rep2,1.3402,1799,0
rep2,1.3407,1800,0
rep2,1.3416,1801,0
rep2,1.3422,1802,0
rep2,1.3423,1803,0
rep2,1.3423,1804,0
rep2,1.3424,1805,0
rep2,1.3425,1806,0
rep2,1.3427,1807,0
rep2,1.3435,1808,0
rep2,1.3439,1809,0
rep2,1.3443,1810,0
rep2,1.3451,1811,0
rep2,1.3456,1812,0
rep2,1.3456,1813,0
rep2,1.3458,1814,0
rep2,1.3459,1815,0
rep2,1.346,1816,0
rep2,1.3462,1817,0
rep2,1.3463,1818,0
rep2,1.3463,1819,0
rep2,1.3477,1820,0
rep2,1.3479,1821,0
rep2,1.3483,1822,0
rep2,1.3493,1823,0
rep2,1.3495,1824,0
rep2,1.3509,1825,0
rep2,1.3516,1826,0
rep2,1.3518,1827,0
rep2,1.3521,1828,0
rep2,1.3522,1829,0
rep2,1.3523,1830,0
rep2,1.3526,1831,0
rep2,1.353,1832,0
rep2,1.3532,1833,0
rep2,1.3532,1834,0
rep2,1.3538,1835,0
rep2,1.354,1836,0
rep2,1.3548,1837,0
rep2,1.3551,1838,0
rep2,1.3554,1839,0
rep2,1.3555,1840,0
rep2,1.3556,1841,0
rep2,1.3557,1842,0
rep2,1.3558,1843,0
rep2,1.3558,1844,0
rep2,1.3561,1845,0
rep2,1.3568,1846,0
rep2,1.3568,1847,0
rep2,1.3572,1848,0
rep2,1.3576,1849,0
rep2,1.3581,1850,0
rep2,1.3584,1851,0
rep2,1.359,1852,0
rep2,1.3594,1853,0
rep2,1.3596,1854,0
rep2,1.3596,1855,0
rep2,1.3598,1856,0
rep2,1.3602,1857,0
rep2,1.3603,1858,0
rep2,1.3603,1859,0
rep2,1.3609,1860,0
rep2,1.361,1861,0
rep2,1.3611,1862,0
rep2,1.3618,1863,0
rep2,1.3626,1864,0
rep2,1.3632,1865,0
rep2,1.3635,1866,0
rep2,1.3636,1867,0
rep2,1.3641,1868,0
rep2,1.3644,1869,0
rep2,1.3661,1870,0
rep2,1.3664,1871,0
rep2,1.3674,1872,0
rep2,1.3697,1873,0
rep2,1.3703,1874,0
rep2,1.3708,1875,0
rep2,1.3711,1876,0
rep2,1.3722,1877,0
rep2,1.3734,1878,0
rep2,1.3739,1879,0
rep2,1.3744,1880,0
rep2,1.3746,1881,0
rep2,1.3752,1882,0
rep2,1.3758,1883,0
rep2,1.376,1884,0
rep2,1.3762,1885,0
rep2,1.3762,1886,0
rep2,1.3764,1887,0
rep2,1.3766,1888,0
rep2,1.3776,1889,0
rep2,1.3779,1890,0
rep2,1.3779,1891,0
rep2,1.378,1892,0
rep2,1.3782,1893,0
rep2,1.3783,1894,0
rep2,1.3784,1895,0
rep2,1.3787,1896,0
rep2,1.3788,1897,0
rep2,1.3803,1898,0
rep2,1.3814,1899,0
rep2,1.3816,1900,0
rep2,1.3833,1901,0
rep2,1.3838,1902,0
rep2,1.3838,1903,0
rep2,1.3855,1904,0
rep2,1.3858,1905,0
rep2,1.3858,1906,0
rep2,1.3863,1907,0
rep2,1.3864,1908,0
rep2,1.3865,1909,0
rep2,1.3874,1910,0
rep2,1.3879,1911,0
rep2,1.3882,1912,0
rep2,1.389,1913,0
rep2,1.3896,1914,0
rep2,1.3902,1915,0
rep2,1.3904,1916,0
rep2,1.3912,1917,0
rep2,1.3914,1918,0
rep2,1.3918,1919,0
rep2,1.3933,1920,0
rep2,1.3945,1921,0
rep2,1.3951,1922,0
rep2,1.3952,1923,0
rep2,1.3954,1924,0
rep2,1.3958,1925,0
rep2,1.3959,1926,0
rep2,1.398,1927,0
rep2,1.3983,1928,0
rep2,1.3992,1929,0
rep2,1.3997,1930,0
rep2,1.4009,1931,0
rep2,1.4013,1932,0
rep2,1.4017,1933,0
rep2,1.4028,1934,0
rep2,1.4041,1935,0
rep2,1.4045,1936,0
rep2,1.4049,1937,0
rep2,1.405,1938,0
rep2,1.4051,1939,0
rep2,1.4052,1940,0
rep2,1.4055,1941,0
rep2,1.4063,1942,0
rep2,1.4065,1943,0
rep2,1.4069,1944,0
rep2,1.4071,1945,0
rep2,1.4072,1946,0
rep2,1.4079,1947,0
rep2,1.4081,1948,0
rep2,1.4089,1949,0
rep2,1.4093,1950,0
rep2,1.4113,1951,0
rep2,1.4115,1952,0
rep2,1.4118,1953,0
rep2,1.4119,1954,0
rep2,1.4125,1955,0
rep2,1.4126,1956,0
rep2,1.4148,1957,0
rep2,1.4152,1958,0
rep2,1.4159,1959,0
rep2,1.4166,1960,0
rep2,1.4187,1961,0
rep2,1.4194,1962,0
rep2,1.4197,1963,0
rep2,1.42,1964,0
rep2,1.4203,1965,0
rep2,1.4203,1966,0
rep2,1.421,1967,0
rep2,1.4214,1968,0
rep2,1.4216,1969,0
rep2,1.4218,1970,0
rep2,1.423,1971,0
rep2,1.4242,1972,0
rep2,1.4251,1973,0
rep2,1.4252,1974,0
rep2,1.4281,1975,0
rep2,1.4283,1976,0
rep2,1.4285,1977,0
rep2,1.4287,1978,0
rep2,1.4305,1979,0
rep2,1.4312,1980,0
rep2,1.4331,1981,0
rep2,1.4362,1982,0
rep2,1.4369,1983,0
rep2,1.4381,1984,0
rep2,1.4451,1985,0
rep2,1.4464,1986,0
rep2,1.4471,1987,0
rep2,1.4485,1988,0
rep2,1.4487,1989,0
rep2,1.4495,1990,0
rep2,1.4526,1991,0
rep2,1.4529,1992,0
rep2,1.4559,1993,0
rep2,1.4575,1994,0
rep2,1.4586,1995,0
rep2,1.4623,1996,0
rep2,1.4628,1997,0
rep2,1.4654,1998,0
rep2,1.4691,1999,0
rep2,1.471,2000,0
rep2,1.4724,2001,0
rep2,1.4752,2002,0
rep2,1.4775,2003,0
rep2,1.4777,2004,0
rep2,1.478,2005,0
rep2,1.4783,2006,0
rep2,1.4787,2007,0
rep2,1.479,2008,0
rep2,1.4822,2009,0
rep2,1.4839,2010,0
rep2,1.487,2011,0
rep2,1.4875,2012,0
rep2,1.4881,2013,0
rep2,1.4903,2014,0
rep2,1.4926,2015,0
rep2,1.4931,2016,0
rep2,1.4977,2017,0
rep2,1.4982,2018,0
rep2,1.5002,2019,0
rep2,1.5026,2020,0
rep2,1.5046,2021,0
rep2,1.5054,2022,0
rep2,1.5067,2023,0
rep2,1.5134,2024,0
rep2,1.5145,2025,0
rep2,1.5149,2026,0
rep2,1.5179,2027,0
rep2,1.5179,2028,0
rep2,1.5214,2029,0
rep2,1.5215,2030,0
rep2,1.5229,2031,0
rep2,1.524,2032,0
rep2,1.5279,2033,0
rep2,1.5297,2034,0
rep2,1.5313,2035,0
rep2,1.5334,2036,0
rep2,1.5366,2037,0
rep2,1.538,2038,0
rep2,1.5398,2039,0
rep2,1.5492,2040,0
rep2,1.5509,2041,0
rep2,1.5514,2042,0
rep2,1.5524,2043,0
rep2,1.5634,2044,0
rep2,1.5647,2045,0
rep2,1.5655,2046,0
rep2,1.5665,2047,0
rep2,1.5732,2048,0
rep2,1.575,2049,0
rep2,1.5847,2050,0
rep2,1.5857,2051,0
rep2,1.5888,2052,0
rep2,1.5894,2053,0
rep2,1.5917,2054,0
rep2,1.5996,2055,0
rep2,1.6021,2056,0
rep2,1.6038,2057,0
rep2,1.6052,2058,0
rep2,1.6067,2059,0
rep2,1.6136,2060,0
rep2,1.6144,2061,0
rep2,1.6219,2062,0
rep2,1.6252,2063,0
rep2,1.6351,2064,0
rep2,1.6458,2065,0
rep2,1.65,2066,0
rep2,1.6545,2067,0
rep2,1.6669,2068,0
rep2,1.667,2069,0
rep2,1.6751,2070,0
rep2,1.6838,2071,0
rep2,1.6841,2072,0
rep2,1.6892,2073,0
rep2,1.7136,2074,0
rep2,1.7284,2075,0
rep2,1.7604,2076,0
rep2,1.7649,2077,0
rep2,1.7814,2078,0
rep2,1.8163,2079,0
rep2,2.0445,2080,0
rep2,2.0445,2081,0
rep2,2.0449,2082,0
rep2,2.0455,2083,0
rep2,2.0458,2084,0
rep2,2.0476,2085,0
rep2,2.0492,2086,0
rep2,2.0493,2087,0
rep2,2.0536,2088,0
rep2,2.0541,2089,0
rep2,2.0557,2090,0
rep2,2.0575,2091,0
rep2,2.0643,2092,0
rep2,2.0652,2093,0
rep2,2.0655,2094,0
rep2,2.0671,2095,0
rep2,2.0761,2096,0
rep2,2.0763,2097,0
rep2,2.0774,2098,0
rep2,2.0775,2099,0
rep2,2.0776,2100,0
rep2,2.0777,2101,0
rep2,2.0777,2102,0
rep2,2.0779,2103,0
rep2,2.0782,2104,0
rep2,2.0784,2105,0
rep2,2.0785,2106,0
rep2,2.0785,2107,0
rep2,2.0786,2108,0
rep2,2.0787,2109,0
rep2,2.079,2110,0
rep2,2.079,2111,0
rep2,2.0791,2112,0
rep2,2.0794,2113,0
rep2,2.0797,2114,0
rep2,2.0798,2115,0
rep2,2.0799,2116,0
rep2,2.0801,2117,0
rep2,2.0804,2118,0
rep2,2.0805,2119,0
rep2,2.0806,2120,0
rep2,2.0807,2121,0
rep2,2.0808,2122,0
rep2,2.0808,2123,0
rep2,2.0809,2124,0
rep2,2.081,2125,0
rep2,2.0811,2126,0
rep2,2.0816,2127,0
rep2,2.0816,2128,0
rep2,2.0819,2129,0
rep2,2.0822,2130,0
rep2,2.0822,2131,0
rep2,2.0823,2132,0
rep2,2.0824,2133,0
rep2,2.0834,2134,0
rep2,2.0837,2135,0
rep2,2.0839,2136,0
rep2,2.084,2137,0
rep2,2.084,2138,0
rep2,2.0842,2139,0
rep2,2.0843,2140,0
rep2,2.0846,2141,0
rep2,2.0846,2142,0
rep2,2.0851,2143,0
rep2,2.0855,2144,0
rep2,2.0856,2145,0
rep2,2.0857,2146,0
rep2,2.0858,2147,0
rep2,2.086,2148,0
rep2,2.0871,2149,0
rep2,2.0873,2150,0
rep2,2.0875,2151,0
rep2,2.0879,2152,0
rep2,2.0882,2153,0
rep2,2.0891,2154,0
rep2,2.0899,2155,0
rep2,2.0905,2156,0
rep2,2.0908,2157,0
rep2,2.091,2158,0
rep2,2.0932,2159,0
rep2,2.0937,2160,0
rep2,2.0948,2161,0
rep2,2.1039,2162,0
rep2,2.1089,2163,0
rep2,2.1119,2164,0
rep2,2.112,2165,0
rep2,2.113,2166,0
rep2,2.1132,2167,0
rep2,2.1134,2168,0
rep2,2.1137,2169,0
rep2,2.1145,2170,0
rep2,2.1154,2171,0
rep2,2.1163,2172,0
rep2,2.1171,2173,0
rep2,2.1172,2174,0
rep2,2.1179,2175,0
rep2,2.1186,2176,0
rep2,2.1188,2177,0
rep2,2.1189,2178,0
rep2,2.119,2179,0
rep2,2.1193,2180,0
rep2,2.1197,2181,0
rep2,2.1212,2182,0
rep2,2.123,2183,0
rep2,2.1258,2184,0
rep2,2.1289,2185,0
rep2,2.1305,2186,0
rep2,2.132,2187,0
rep2,2.1327,2188,0
rep2,2.1378,2189,0
rep2,2.139,2190,0
rep2,2.1412,2191,0
rep2,2.1419,2192,0
rep2,2.1428,2193,0
rep2,2.1448,2194,0
rep2,2.1485,2195,0
rep2,2.1488,2196,0
rep2,2.1504,2197,0
rep2,2.1509,2198,0
rep2,2.152,2199,0
rep2,2.1521,2200,0
rep2,2.1528,2201,0
rep2,2.1544,2202,0
rep2,2.1589,2203,0
rep2,2.1602,2204,0
rep2,2.1612,2205,0
rep2,2.1624,2206,0
rep2,2.1652,2207,0
rep2,2.1664,2208,0
rep2,2.1684,2209,0
rep2,2.1685,2210,0
rep2,2.1732,2211,0
rep2,2.1748,2212,0
rep2,2.1757,2213,0
rep2,2.178,2214,0
rep2,2.1781,2215,0
rep2,2.1798,2216,0
rep2,2.1798,2217,0
rep2,2.1802,2218,0
rep2,2.182,2219,0
rep2,2.1821,2220,0
rep2,2.1825,2221,0
rep2,2.1826,2222,0
rep2,2.1828,2223,0
rep2,2.1844,2224,0
rep2,2.1858,2225,0
rep2,2.1867,2226,0
rep2,2.1897,2227,0
rep2,2.1904,2228,0
rep2,2.1917,2229,0
rep2,2.1919,2230,0
rep2,2.1928,2231,0
rep2,2.1929,2232,0
rep2,2.193,2233,0
rep2,2.194,2234,0
rep2,2.1944,2235,0
rep2,2.1952,2236,0
rep2,2.1957,2237,0
rep2,2.1983,2238,0
rep2,2.2,2239,0
rep2,2.2001,2240,0
rep2,2.2004,2241,0
rep2,2.2009,2242,0
rep2,2.2035,2243,0
rep2,2.2046,2244,0
rep2,2.2047,2245,0
rep2,2.2059,2246,0
rep2,2.2067,2247,0
rep2,2.2093,2248,0
rep2,2.2103,2249,0
rep2,2.2104,2250,0
rep2,2.2128,2251,0
rep2,2.213,2252,0
rep2,2.2139,2253,0
rep2,2.214,2254,0
rep2,2.2145,2255,0
rep2,2.2153,2256,0
rep2,2.2155,2257,0
rep2,2.2156,2258,0
rep2,2.2159,2259,0
rep2,2.2168,2260,0
rep2,2.2177,2261,0
rep2,2.2178,2262,0
rep2,2.2178,2263,0
rep2,2.2212,2264,0
rep2,2.222,2265,0
rep2,2.2224,2266,0
rep2,2.223,2267,0
rep2,2.2254,2268,0
rep3,1.0031,1,0
rep3,1.0035,2,0
rep3,1.0042,3,0
rep3,1.0044,4,0
rep3,1.0048,5,0
rep3,1.0068,6,0
rep3,1.0088,7,0
rep3,1.0088,8,0
rep3,1.0094,9,0
rep3,1.0096,10,0
rep3,1.0099,11,0
rep3,1.0101,12,0
rep3,1.0118,13,0
rep3,1.0119,14,0
rep3,1.0148,15,0
rep3,1.0172,16,0
rep3,1.018,17,0
rep3,1.027,18,0
rep3,1.0302,19,0
rep3,1.0365,20,0
rep3,1.0365,21,0
rep3,1.0365,22,0
rep3,1.0365,23,0
rep3,1.0366,24,0
rep3,1.0366,25,0
rep3,1.0367,26,0
rep3,1.0367,27,0
rep3,1.0367,28,0
rep3,1.0368,29,0
rep3,1.0368,30,0
rep3,1.0368,31,0
rep3,1.0369,32,0
rep3,1.0369,33,0
rep3,1.037,34,0
rep3,1.037,35,0
rep3,1.037,36,0
rep3,1.037,37,0
rep3,1.0371,38,0
rep3,1.0371,39,0
rep3,1.0371,40,0
rep3,1.0371,41,0
rep3,1.0372,42,0
rep3,1.0372,43,0
rep3,1.0372,44,0
rep3,1.0372,45,0
rep3,1.0373,46,0
rep3,1.0373,47,0
rep3,1.0373,48,0
rep3,1.0374,49,0
rep3,1.0374,50,0
rep3,1.0374,51,0
rep3,1.0375,52,0
rep3,1.0375,53,0
rep3,1.0375,54,0
rep3,1.0376,55,0
rep3,1.0377,56,0
rep3,1.0377,57,0
rep3,1.0378,58,0
rep3,1.0378,59,0
rep3,1.0378,60,0
rep3,1.0379,61,0
rep3,1.0379,62,0
rep3,1.0379,63,0
rep3,1.0379,64,0
rep3,1.0379,65,0
rep3,1.038,66,0
rep3,1.038,67,0
rep3,1.038,68,0
rep3,1.0381,69,0
rep3,1.0381,70,0
rep3,1.0381,71,0
rep3,1.0381,72,0
rep3,1.0382,73,0
rep3,1.0382,74,0
rep3,1.0383,75,0
rep3,1.0383,76,0
rep3,1.0383,77,0
rep3,1.0384,78,0
rep3,1.0385,79,0
rep3,1.0385,80,0
rep3,1.0385,81,0
rep3,1.0385,82,0
rep3,1.0386,83,0
rep3,1.0386,84,0
rep3,1.0386,85,0
rep3,1.0386,86,0
rep3,1.0386,87,0
rep3,1.0386,88,0
rep3,1.0387,89,0
rep3,1.0387,90,0
rep3,1.0387,91,0
rep3,1.0387,92,0
rep3,1.0388,93,0
rep3,1.0388,94,0
rep3,1.0388,95,0
rep3,1.0389,96,0
rep3,1.0389,97,0
rep3,1.0389,98,0
rep3,1.039,99,0
rep3,1.039,100,0
rep3,1.039,101,0
rep3,1.039,102,0
rep3,1.0391,103,0
rep3,1.0391,104,0
rep3,1.0391,105,0
rep3,1.0391,106,0
rep3,1.0392,107,0
rep3,1.0392,108,0
rep3,1.0393,109,0
rep3,1.0393,110,0
rep3,1.0393,111,0
rep3,1.0393,112,0
rep3,1.0393,113,0
rep3,1.0394,114,0
rep3,1.0394,115,0
rep3,1.0394,116,0
rep3,1.0395,117,0
rep3,1.0395,118,0
rep3,1.0396,119,0
rep3,1.0396,120,0
rep3,1.0396,121,0
rep3,1.0397,122,0
rep3,1.0397,123,0
rep3,1.0397,124,0
rep3,1.0397,125,0
rep3,1.0398,126,0
rep3,1.0398,127,0
rep3,1.0399,128,0
rep3,1.0399,129,0
rep3,1.04,130,0
rep3,1.04,131,0
rep3,1.04,132,0
rep3,1.04,133,0
rep3,1.0401,134,0
rep3,1.0401,135,0
rep3,1.0402,136,0
rep3,1.0402,137,0
rep3,1.0404,138,0
rep3,1.0404,139,0
rep3,1.0404,140,0
rep3,1.0404,141,0
rep3,1.0405,142,0
rep3,1.0405,143,0
rep3,1.0406,144,0
rep3,1.0407,145,0
rep3,1.0407,146,0
rep3,1.0408,147,0
rep3,1.0408,148,0
rep3,1.0408,149,0
rep3,1.0409,150,0
rep3,1.0409,151,0
rep3,1.0409,152,0
rep3,1.041,153,0
rep3,1.0412,154,0
rep3,1.0412,155,0
rep3,1.0413,156,0
rep3,1.0413,157,0
rep3,1.0413,158,0
rep3,1.0414,159,0
rep3,1.0414,160,0
rep3,1.0414,161,0
rep3,1.0415,162,0
rep3,1.0415,163,0
rep3,1.0415,164,0
rep3,1.0416,165,0
rep3,1.0416,166,0
rep3,1.0417,167,0
rep3,1.0417,168,0
rep3,1.0417,169,0
rep3,1.0418,170,0
rep3,1.0418,171,0
rep3,1.0418,172,0
rep3,1.0419,173,0
rep3,1.042,174,0
rep3,1.042,175,0
rep3,1.042,176,0
rep3,1.0421,177,0
rep3,1.0421,178,0
rep3,1.0422,179,0
rep3,1.0422,180,0
rep3,1.0424,181,0
rep3,1.0424,182,0
rep3,1.0425,183,0
rep3,1.0426,184,0
rep3,1.0427,185,0
rep3,1.0428,186,0
rep3,1.0428,187,0
rep3,1.0428,188,0
rep3,1.0429,189,0
rep3,1.043,190,0
rep3,1.0431,191,0
rep3,1.0432,192,0
rep3,1.0432,193,0
rep3,1.0432,194,0
rep3,1.0432,195,0
rep3,1.0432,196,0
rep3,1.0434,197,0
rep3,1.0434,198,0
rep3,1.0434,199,0
rep3,1.0436,200,0
rep3,1.0436,201,0
rep3,1.0436,202,0
rep3,1.0436,203,0
rep3,1.0438,204,0
rep3,1.0438,205,0
rep3,1.0438,206,0
rep3,1.0439,207,0
rep3,1.0439,208,0
rep3,1.044,209,0
rep3,1.0442,210,0
rep3,1.0443,211,0
rep3,1.0443,212,0
rep3,1.0443,213,0
rep3,1.0443,214,0
rep3,1.0444,215,0
rep3,1.0444,216,0
rep3,1.0445,217,0
rep3,1.0445,218,0
rep3,1.0446,219,0
rep3,1.0446,220,0
rep3,1.0446,221,0
rep3,1.0447,222,0
rep3,1.0448,223,0
rep3,1.0448,224,0
rep3,1.045,225,0
rep3,1.045,226,0
rep3,1.0451,227,0
rep3,1.0451,228,0
rep3,1.0452,229,0
rep3,1.0453,230,0
rep3,1.0453,231,0
rep3,1.0454,232,0
rep3,1.0455,233,0
rep3,1.0455,234,0
rep3,1.0456,235,0
rep3,1.0456,236,0
rep3,1.0456,237,0
rep3,1.0456,238,0
rep3,1.0457,239,0
rep3,1.0457,240,0
rep3,1.0459,241,0
rep3,1.046,242,0
rep3,1.046,243,0
rep3,1.0461,244,0
rep3,1.0462,245,0
rep3,1.0462,246,0
rep3,1.0463,247,0
rep3,1.0464,248,0
rep3,1.0464,249,0
rep3,1.0464,250,0
rep3,1.0466,251,0
rep3,1.0466,252,0
rep3,1.0466,253,0
rep3,1.0467,254,0
rep3,1.0467,255,0
rep3,1.0467,256,0
rep3,1.0469,257,0
rep3,1.0469,258,0
rep3,1.0469,259,0
rep3,1.0469,260,0
rep3,1.0471,261,0
rep3,1.0473,262,0
rep3,1.0475,263,0
rep3,1.0475,264,0
rep3,1.0475,265,0
rep3,1.0476,266,0
rep3,1.0476,267,0
rep3,1.0479,268,0
rep3,1.0479,269,0
rep3,1.048,270,0
rep3,1.0481,271,0
rep3,1.0482,272,0
rep3,1.0482,273,0
rep3,1.0483,274,0
rep3,1.0484,275,0
rep3,1.0485,276,0
rep3,1.0485,277,0
rep3,1.0485,278,0
rep3,1.0486,279,0
rep3,1.0486,280,0
rep3,1.0488,281,0
rep3,1.0488,282,0
rep3,1.0489,283,0
rep3,1.0491,284,0
rep3,1.0492,285,0
rep3,1.0492,286,0
rep3,1.0493,287,0
rep3,1.0493,288,0
rep3,1.0493,289,0
rep3,1.0494,290,0
rep3,1.0495,291,0
rep3,1.0496,292,0
rep3,1.0496,293,0
rep3,1.0497,294,0
rep3,1.0497,295,0
rep3,1.0499,296,0
rep3,1.05,297,0
rep3,1.0501,298,0
rep3,1.0502,299,0
rep3,1.0504,300,0
rep3,1.0506,301,0
rep3,1.0507,302,0
rep3,1.0509,303,0
rep3,1.0511,304,0
rep3,1.0512,305,0
rep3,1.0513,306,0
rep3,1.0514,307,0
rep3,1.0516,308,0
rep3,1.0518,309,0
rep3,1.052,310,0
rep3,1.0521,311,0
rep3,1.0523,312,0
rep3,1.0523,313,0
rep3,1.0524,314,0
rep3,1.0524,315,0
rep3,1.0527,316,0
rep3,1.0527,317,0
rep3,1.0528,318,0
rep3,1.0528,319,0
rep3,1.0528,320,0
rep3,1.0531,321,0
rep3,1.0534,322,0
rep3,1.0534,323,0
rep3,1.0537,324,0
rep3,1.0544,325,0
rep3,1.0545,326,0
rep3,1.0548,327,0
rep3,1.0552,328,0
rep3,1.0555,329,0
rep3,1.0556,330,0
rep3,1.0556,331,0
rep3,1.0556,332,0
rep3,1.0559,333,0
rep3,1.0561,334,0
rep3,1.0563,335,0
rep3,1.0564,336,0
rep3,1.0568,337,0
rep3,1.0571,338,0
rep3,1.0571,339,0
rep3,1.0572,340,0
rep3,1.0572,341,0
rep3,1.0574,342,0
rep3,1.0575,343,0
rep3,1.0575,344,0
rep3,1.0575,345,0
rep3,1.0576,346,0
rep3,1.0578,347,0
rep3,1.0579,348,0
rep3,1.0585,349,0
rep3,1.0586,350,0
rep3,1.0586,351,0
rep3,1.0587,352,0
rep3,1.0587,353,0
rep3,1.0589,354,0
rep3,1.0594,355,0
rep3,1.0596,356,0
rep3,1.0598,357,0
rep3,1.0604,358,0
rep3,1.0606,359,0
rep3,1.0609,360,0
rep3,1.061,361,0
rep3,1.0613,362,0
rep3,1.0613,363,0
rep3,1.0621,364,0
rep3,1.0622,365,0
rep3,1.0624,366,0
rep3,1.0624,367,0
rep3,1.0626,368,0
rep3,1.0631,369,0
rep3,1.0633,370,0
rep3,1.0635,371,0
rep3,1.0636,372,0
rep3,1.0641,373,0
rep3,1.0652,374,0
rep3,1.0652,375,0
rep3,1.0662,376,0
rep3,1.0667,377,0
rep3,1.0668,378,0
rep3,1.0671,379,0
rep3,1.0679,380,0
rep3,1.068,381,0
rep3,1.068,382,0
rep3,1.068,383,0
rep3,1.0683,384,0
rep3,1.069,385,0
rep3,1.0699,386,0
rep3,1.07,387,0
rep3,1.0701,388,0
rep3,1.0702,389,0
rep3,1.0703,390,0
rep3,1.0704,391,0
rep3,1.0706,392,0
rep3,1.0707,393,0
rep3,1.0707,394,0
rep3,1.0708,395,0
rep3,1.0709,396,0
rep3,1.0709,397,0
rep3,1.0709,398,0
rep3,1.071,399,0
rep3,1.0712,400,0
rep3,1.0714,401,0
rep3,1.0714,402,0
rep3,1.0715,403,0
rep3,1.0715,404,0
rep3,1.0716,405,0
rep3,1.0721,406,0
rep3,1.0721,407,0
rep3,1.0723,408,0
rep3,1.0723,409,0
rep3,1.0724,410,0
rep3,1.0724,411,0
rep3,1.0725,412,0
rep3,1.0727,413,0
rep3,1.0729,414,0
rep3,1.0729,415,0
rep3,1.0729,416,0
rep3,1.073,417,0
rep3,1.073,418,0
rep3,1.0732,419,0
rep3,1.0738,420,0
rep3,1.0738,421,0
rep3,1.0739,422,0
rep3,1.0739,423,0
rep3,1.0742,424,0
rep3,1.0744,425,0
rep3,1.0744,426,0
rep3,1.0744,427,0
rep3,1.0745,428,0
rep3,1.0749,429,0
rep3,1.0753,430,0
rep3,1.0754,431,0
rep3,1.0755,432,0
rep3,1.0756,433,0
rep3,1.0759,434,0
rep3,1.0759,435,0
rep3,1.076,436,0
rep3,1.0761,437,0
rep3,1.0762,438,0
rep3,1.0762,439,0
rep3,1.0763,440,0
rep3,1.0764,441,0
rep3,1.0765,442,0
rep3,1.0767,443,0
rep3,1.0767,444,0
rep3,1.0768,445,0
rep3,1.0769,446,0
rep3,1.0774,447,0
rep3,1.0775,448,0
rep3,1.0776,449,0
rep3,1.0777,450,0
rep3,1.0778,451,0
rep3,1.078,452,0
rep3,1.0782,453,0
rep3,1.0782,454,0
rep3,1.0784,455,0
rep3,1.0786,456,0
rep3,1.0787,457,0
rep3,1.0789,458,0
rep3,1.079,459,0
rep3,1.0791,460,0
rep3,1.0791,461,0
rep3,1.0792,462,0
rep3,1.0792,463,0
rep3,1.0794,464,0
rep3,1.0794,465,0
rep3,1.0796,466,0
rep3,1.0796,467,0
rep3,1.0797,468,0
rep3,1.0798,469,0
rep3,1.0798,470,0
rep3,1.0798,471,0
rep3,1.0802,472,0
rep3,1.0811,473,0
rep3,1.0813,474,0
rep3,1.0814,475,0
rep3,1.0817,476,0
rep3,1.082,477,0
rep3,1.0821,478,0
rep3,1.0821,479,0
rep3,1.0825,480,0
rep3,1.0828,481,0
rep3,1.083,482,0
rep3,1.0831,483,0
rep3,1.0832,484,0
rep3,1.0834,485,0
rep3,1.0839,486,0
rep3,1.084,487,0
rep3,1.084,488,0
rep3,1.0841,489,0
rep3,1.0841,490,0
rep3,1.0842,491,0
rep3,1.085,492,0
rep3,1.085,493,0
rep3,1.085,494,0
rep3,1.0851,495,0
rep3,1.0852,496,0
rep3,1.0854,497,0
rep3,1.0856,498,0
rep3,1.0859,499,0
rep3,1.086,500,0
rep3,1.0864,501,0
rep3,1.0865,502,0
rep3,1.0865,503,0
rep3,1.0866,504,0
rep3,1.0867,505,0
rep3,1.0871,506,0
rep3,1.0873,507,0
rep3,1.0873,508,0
rep3,1.0875,509,0
rep3,1.0879,510,0
rep3,1.0881,511,0
rep3,1.0882,512,0
rep3,1.0882,513,0
rep3,1.0884,514,0
rep3,1.0885,515,0
rep3,1.0886,516,0
rep3,1.0892,517,0
rep3,1.0892,518,0
rep3,1.0895,519,0
rep3,1.0895,520,0
rep3,1.0897,521,0
rep3,1.0898,522,0
rep3,1.0898,523,0
rep3,1.0899,524,0
rep3,1.0902,525,0
rep3,1.0903,526,0
rep3,1.0903,527,0
rep3,1.0904,528,0
rep3,1.0906,529,0
rep3,1.0918,530,0
rep3,1.0919,531,0
rep3,1.0925,532,0
rep3,1.0926,533,0
rep3,1.0927,534,0
rep3,1.0928,535,0
rep3,1.0929,536,0
rep3,1.0929,537,0
rep3,1.0935,538,0
rep3,1.0941,539,0
rep3,1.0943,540,0
rep3,1.0944,541,0
rep3,1.0947,542,0
rep3,1.0948,543,0
rep3,1.0951,544,0
rep3,1.0952,545,0
rep3,1.0953,546,0
rep3,1.0955,547,0
rep3,1.0959,548,0
rep3,1.0959,549,0
rep3,1.0962,550,0
rep3,1.0969,551,0
rep3,1.097,552,0
rep3,1.0971,553,0
rep3,1.0972,554,0
rep3,1.0972,555,0
rep3,1.0973,556,0
rep3,1.0973,557,0
rep3,1.098,558,0
rep3,1.098,559,0
rep3,1.0984,560,0
rep3,1.0985,561,0
rep3,1.0987,562,0
rep3,1.0994,563,0
rep3,1.0996,564,0
rep3,1.0999,565,0
rep3,1.1002,566,0
rep3,1.1005,567,0
rep3,1.1006,568,0
rep3,1.1011,569,0
rep3,1.1012,570,0
rep3,1.1016,571,0
rep3,1.1018,572,0
rep3,1.1023,573,0
rep3,1.1023,574,0
rep3,1.1024,575,0
rep3,1.1026,576,0
rep3,1.1029,577,0
rep3,1.103,578,0
rep3,1.1031,579,0
rep3,1.1031,580,0
rep3,1.1032,581,0
rep3,1.1035,582,0
rep3,1.1035,583,0
rep3,1.1038,584,0
rep3,1.1039,585,0
rep3,1.1039,586,0
rep3,1.1041,587,0
rep3,1.1043,588,0
rep3,1.1046,589,0
rep3,1.1048,590,0
rep3,1.1049,591,0
rep3,1.1051,592,0
rep3,1.1051,593,0
rep3,1.1052,594,0
rep3,1.1053,595,0
rep3,1.1053,596,0
rep3,1.1053,597,0
rep3,1.1054,598,0
rep3,1.1055,599,0
rep3,1.1055,600,0
rep3,1.1056,601,0
rep3,1.1056,602,0
rep3,1.1057,603,0
rep3,1.1058,604,0
rep3,1.1058,605,0
rep3,1.1062,606,0
rep3,1.1064,607,0
rep3,1.1067,608,0
rep3,1.1067,609,0
rep3,1.1067,610,0
rep3,1.1068,611,0
rep3,1.1068,612,0
rep3,1.1071,613,0
rep3,1.1071,614,0
rep3,1.1073,615,0
rep3,1.1073,616,0
rep3,1.1079,617,0
rep3,1.108,618,0
rep3,1.108,619,0
rep3,1.1083,620,0
rep3,1.1084,621,0
rep3,1.1085,622,0
rep3,1.1085,623,0
rep3,1.1087,624,0
rep3,1.1088,625,0
rep3,1.1089,626,0
rep3,1.109,627,0
rep3,1.109,628,0
rep3,1.1097,629,0
rep3,1.1097,630,0
rep3,1.1098,631,0
rep3,1.1098,632,0
rep3,1.1101,633,0
rep3,1.1104,634,0
rep3,1.111,635,0
rep3,1.1111,636,0
rep3,1.1115,637,0
rep3,1.1115,638,0
rep3,1.1116,639,0
rep3,1.1117,640,0
rep3,1.1119,641,0
rep3,1.1119,642,0
rep3,1.112,643,0
rep3,1.1124,644,0
rep3,1.113,645,0
rep3,1.1131,646,0
rep3,1.1133,647,0
rep3,1.1135,648,0
rep3,1.1138,649,0
rep3,1.1138,650,0
rep3,1.1142,651,0
rep3,1.1144,652,0
rep3,1.1145,653,0
rep3,1.1146,654,0
rep3,1.1147,655,0
rep3,1.1151,656,0
rep3,1.1154,657,0
rep3,1.1156,658,0
rep3,1.1156,659,0
rep3,1.116,660,0
rep3,1.1162,661,0
rep3,1.1166,662,0
rep3,1.1166,663,0
rep3,1.1172,664,0
rep3,1.1173,665,0
rep3,1.1174,666,0
rep3,1.1175,667,0
rep3,1.1176,668,0
rep3,1.1176,669,0
rep3,1.1182,670,0
rep3,1.1186,671,0
rep3,1.1188,672,0
rep3,1.1194,673,0
rep3,1.1195,674,0
rep3,1.1195,675,0
rep3,1.1196,676,0
rep3,1.1196,677,0
rep3,1.1198,678,0
rep3,1.1198,679,0
rep3,1.1199,680,0
rep3,1.1201,681,0
rep3,1.1204,682,0
rep3,1.1211,683,0
rep3,1.1219,684,0
rep3,1.1226,685,0
rep3,1.1227,686,0
rep3,1.1228,687,0
rep3,1.1229,688,0
rep3,1.123,689,0
rep3,1.123,690,0
rep3,1.1231,691,0
rep3,1.1232,692,0
rep3,1.1239,693,0
rep3,1.1241,694,0
rep3,1.1242,695,0
rep3,1.1243,696,0
rep3,1.1243,697,0
rep3,1.1243,698,0
rep3,1.1247,699,0
rep3,1.1251,700,0
rep3,1.1253,701,0
rep3,1.1253,702,0
rep3,1.1253,703,0
rep3,1.1258,704,0
rep3,1.1258,705,0
rep3,1.1259,706,0
rep3,1.1259,707,0
rep3,1.126,708,0
rep3,1.1263,709,0
rep3,1.1267,710,0
rep3,1.127,711,0
rep3,1.1271,712,0
rep3,1.1278,713,0
rep3,1.128,714,0
rep3,1.1282,715,0
rep3,1.1283,716,0
rep3,1.1284,717,0
rep3,1.1286,718,0
rep3,1.1288,719,0
rep3,1.1289,720,0
rep3,1.129,721,0
rep3,1.1291,722,0
rep3,1.1293,723,0
rep3,1.1305,724,0
rep3,1.1305,725,0
rep3,1.1307,726,0
rep3,1.1307,727,0
rep3,1.1308,728,0
rep3,1.1313,729,0
rep3,1.1315,730,0
rep3,1.1315,731,0
rep3,1.132,732,0
rep3,1.1321,733,0
rep3,1.1322,734,0
rep3,1.1324,735,0
rep3,1.1325,736,0
rep3,1.1328,737,0
rep3,1.1331,738,0
rep3,1.1331,739,0
rep3,1.1332,740,0
rep3,1.1333,741,0
rep3,1.1337,742,0
rep3,1.1339,743,0
rep3,1.1341,744,0
rep3,1.1342,745,0
rep3,1.1345,746,0
rep3,1.1346,747,0
rep3,1.1346,748,0
rep3,1.1347,749,0
rep3,1.1347,750,0
rep3,1.1349,751,0
rep3,1.1352,752,0
rep3,1.1353,753,0
rep3,1.1354,754,0
rep3,1.1358,755,0
rep3,1.1358,756,0
rep3,1.136,757,0
rep3,1.1361,758,0
rep3,1.1365,759,0
rep3,1.1365,760,0
rep3,1.1368,761,0
rep3,1.1372,762,0
rep3,1.1374,763,0
rep3,1.1374,764,0
rep3,1.1375,765,0
rep3,1.1376,766,0
rep3,1.1378,767,0
rep3,1.1379,768,0
rep3,1.1381,769,0
rep3,1.1382,770,0
rep3,1.1386,771,0
rep3,1.1389,772,0
rep3,1.1394,773,0
rep3,1.1395,774,0
rep3,1.1395,775,0
rep3,1.1395,776,0
rep3,1.1396,777,0
rep3,1.1396,778,0
rep3,1.1397,779,0
rep3,1.1398,780,0
rep3,1.1398,781,0
rep3,1.1401,782,0
rep3,1.1406,783,0
rep3,1.1407,784,0
rep3,1.1409,785,0
rep3,1.141,786,0
rep3,1.1411,787,0
rep3,1.1411,788,0
rep3,1.1414,789,0
rep3,1.1415,790,0
rep3,1.1417,791,0
rep3,1.1418,792,0
rep3,1.1421,793,0
rep3,1.1421,794,0
rep3,1.1422,795,0
rep3,1.1422,796,0
rep3,1.1423,797,0
rep3,1.1423,798,0
rep3,1.1423,799,0
rep3,1.1427,800,0
rep3,1.1428,801,0
rep3,1.1429,802,0
rep3,1.1431,803,0
rep3,1.1431,804,0
rep3,1.1433,805,0
rep3,1.1435,806,0
rep3,1.1436,807,0
rep3,1.1438,808,0
rep3,1.1439,809,0
rep3,1.1443,810,0
rep3,1.1443,811,0
rep3,1.1445,812,0
rep3,1.1446,813,0
rep3,1.1446,814,0
rep3,1.1447,815,0
rep3,1.1448,816,0
rep3,1.1448,817,0
rep3,1.1453,818,0
rep3,1.1453,819,0
rep3,1.1456,820,0
rep3,1.1457,821,0
rep3,1.1458,822,0
rep3,1.1459,823,0
rep3,1.146,824,0
rep3,1.1462,825,0
rep3,1.1463,826,0
rep3,1.1464,827,0
rep3,1.1464,828,0
rep3,1.1465,829,0
rep3,1.1466,830,0
rep3,1.1467,831,0
rep3,1.1467,832,0
rep3,1.1468,833,0
rep3,1.1469,834,0
rep3,1.1473,835,0
rep3,1.1475,836,0
rep3,1.1487,837,0
rep3,1.1488,838,0
rep3,1.1488,839,0
rep3,1.1489,840,0
rep3,1.1491,841,0
rep3,1.1492,842,0
rep3,1.1494,843,0
rep3,1.1498,844,0
rep3,1.15,845,0
rep3,1.1502,846,0
rep3,1.1504,847,0
rep3,1.1506,848,0
rep3,1.1508,849,0
rep3,1.1508,850,0
rep3,1.151,851,0
rep3,1.151,852,0
rep3,1.1511,853,0
rep3,1.1515,854,0
rep3,1.1516,855,0
rep3,1.1519,856,0
rep3,1.1522,857,0
rep3,1.1523,858,0
rep3,1.1523,859,0
rep3,1.1525,860,0
rep3,1.1531,861,0
rep3,1.1533,862,0
rep3,1.1535,863,0
rep3,1.1537,864,0
rep3,1.154,865,0
rep3,1.1541,866,0
rep3,1.1542,867,0
rep3,1.1542,868,0
rep3,1.1543,869,0
rep3,1.1543,870,0
rep3,1.1544,871,0
rep3,1.1544,872,0
rep3,1.1545,873,0
rep3,1.1547,874,0
rep3,1.1549,875,0
rep3,1.1551,876,0
rep3,1.1552,877,0
rep3,1.1555,878,0
rep3,1.1556,879,0
rep3,1.1557,880,0
rep3,1.1557,881,0
rep3,1.1558,882,0
rep3,1.1559,883,0
rep3,1.1559,884,0
rep3,1.156,885,0
rep3,1.1564,886,0
rep3,1.1565,887,0
rep3,1.1566,888,0
rep3,1.1568,889,0
rep3,1.1568,890,0
rep3,1.1569,891,0
rep3,1.1569,892,0
rep3,1.1571,893,0
rep3,1.1572,894,0
rep3,1.1573,895,0
rep3,1.1581,896,0
rep3,1.1584,897,0
rep3,1.1585,898,0
rep3,1.1586,899,0
rep3,1.1589,900,0
rep3,1.1593,901,0
rep3,1.1594,902,0
rep3,1.16,903,0
rep3,1.1601,904,0
rep3,1.1603,905,0
rep3,1.1605,906,0
rep3,1.1611,907,0
rep3,1.1614,908,0
rep3,1.1614,909,0
rep3,1.1616,910,0
rep3,1.1617,911,0
rep3,1.1618,912,0
rep3,1.1621,913,0
rep3,1.1621,914,0
rep3,1.1623,915,0
rep3,1.1624,916,0
rep3,1.1626,917,0
rep3,1.163,918,0
rep3,1.1632,919,0
rep3,1.1637,920,0
rep3,1.1637,921,0
rep3,1.1639,922,0
rep3,1.1639,923,0
rep3,1.1645,924,0
rep3,1.1647,925,0
rep3,1.1647,926,0
rep3,1.1648,927,0
rep3,1.1651,928,0
rep3,1.1652,929,0
rep3,1.1656,930,0
rep3,1.1659,931,0
rep3,1.1661,932,0
rep3,1.1662,933,0
rep3,1.1663,934,0
rep3,1.1663,935,0
rep3,1.1664,936,0
rep3,1.1668,937,0
rep3,1.1668,938,0
rep3,1.1671,939,0
rep3,1.1673,940,0
rep3,1.1674,941,0
rep3,1.1675,942,0
rep3,1.1676,943,0
rep3,1.1679,944,0
rep3,1.168,945,0
rep3,1.1682,946,0
rep3,1.1682,947,0
rep3,1.1686,948,0
rep3,1.1692,949,0
rep3,1.1694,950,0
rep3,1.1695,951,0
rep3,1.1696,952,0
rep3,1.1696,953,0
rep3,1.1699,954,0
rep3,1.1701,955,0
rep3,1.1703,956,0
rep3,1.1704,957,0
rep3,1.1704,958,0
rep3,1.1704,959,0
rep3,1.1706,960,0
rep3,1.1707,961,0
rep3,1.1708,962,0
rep3,1.1711,963,0
rep3,1.1713,964,0
rep3,1.1715,965,0
rep3,1.1719,966,0
rep3,1.1721,967,0
rep3,1.1721,968,0
rep3,1.1724,969,0
rep3,1.1731,970,0
rep3,1.1733,971,0
rep3,1.1735,972,0
rep3,1.1736,973,0
rep3,1.1736,974,0
rep3,1.1737,975,0
rep3,1.1738,976,0
rep3,1.1743,977,0
rep3,1.1744,978,0
rep3,1.1747,979,0
rep3,1.1749,980,0
rep3,1.1749,981,0
rep3,1.1751,982,0
rep3,1.1751,983,0
rep3,1.1755,984,0
rep3,1.1758,985,0
rep3,1.1759,986,0
rep3,1.1759,987,0
rep3,1.176,988,0
rep3,1.1761,989,0
rep3,1.1762,990,0
rep3,1.1763,991,0
rep3,1.1765,992,0
rep3,1.1767,993,0
rep3,1.1769,994,0
rep3,1.1769,995,0
rep3,1.177,996,0
rep3,1.1773,997,0
rep3,1.1773,998,0
rep3,1.1774,999,0
rep3,1.1774,1000,0
rep3,1.1774,1001,0
rep3,1.1774,1002,0
rep3,1.1775,1003,0
rep3,1.1775,1004,0
rep3,1.1777,1005,0
rep3,1.1778,1006,0
rep3,1.1778,1007,0
rep3,1.1778,1008,0
rep3,1.1779,1009,0
rep3,1.1782,1010,0
rep3,1.1782,1011,0
rep3,1.1789,1012,0
rep3,1.179,1013,0
rep3,1.1791,1014,0
rep3,1.1791,1015,0
rep3,1.1793,1016,0
rep3,1.1793,1017,0
rep3,1.1795,1018,0
rep3,1.18,1019,0
rep3,1.1804,1020,0
rep3,1.1804,1021,0
rep3,1.1805,1022,0
rep3,1.1805,1023,0
rep3,1.1806,1024,0
rep3,1.181,1025,0
rep3,1.181,1026,0
rep3,1.1811,1027,0
rep3,1.1812,1028,0
rep3,1.1812,1029,0
rep3,1.1815,1030,0
rep3,1.1816,1031,0
rep3,1.1817,1032,0
rep3,1.1822,1033,0
rep3,1.1827,1034,0
rep3,1.1827,1035,0
rep3,1.1829,1036,0
rep3,1.1835,1037,0
rep3,1.1836,1038,0
rep3,1.1838,1039,0
rep3,1.1838,1040,0
rep3,1.1841,1041,0
rep3,1.1842,1042,0
rep3,1.1842,1043,0
rep3,1.1842,1044,0
rep3,1.1844,1045,0
rep3,1.1844,1046,0
rep3,1.1845,1047,0
rep3,1.1847,1048,0
rep3,1.1847,1049,0
rep3,1.1847,1050,0
rep3,1.1848,1051,0
rep3,1.1849,1052,0
rep3,1.1849,1053,0
rep3,1.1849,1054,0
rep3,1.185,1055,0
rep3,1.1851,1056,0
rep3,1.1851,1057,0
rep3,1.1852,1058,0
rep3,1.1853,1059,0
rep3,1.1855,1060,0
rep3,1.1857,1061,0
rep3,1.1865,1062,0
rep3,1.1867,1063,0
rep3,1.1868,1064,0
rep3,1.187,1065,0
rep3,1.1873,1066,0
rep3,1.1873,1067,0
rep3,1.1874,1068,0
rep3,1.1874,1069,0
rep3,1.1875,1070,0
rep3,1.1878,1071,0
rep3,1.188,1072,0
rep3,1.188,1073,0
rep3,1.1882,1074,0
rep3,1.1882,1075,0
rep3,1.1884,1076,0
rep3,1.1884,1077,0
rep3,1.1884,1078,0
rep3,1.1886,1079,0
rep3,1.1887,1080,0
rep3,1.1888,1081,0
rep3,1.1894,1082,0
rep3,1.1895,1083,0
rep3,1.1898,1084,0
rep3,1.19,1085,0
rep3,1.1901,1086,0
rep3,1.1907,1087,0
rep3,1.1907,1088,0
rep3,1.1912,1089,0
rep3,1.1914,1090,0
rep3,1.1918,1091,0
rep3,1.1919,1092,0
rep3,1.192,1093,0
rep3,1.1926,1094,0
rep3,1.1932,1095,0
rep3,1.1932,1096,0
rep3,1.1935,1097,0
rep3,1.1937,1098,0
rep3,1.1937,1099,0
rep3,1.1939,1100,0
rep3,1.1943,1101,0
rep3,1.1945,1102,0
rep3,1.1948,1103,0
rep3,1.1948,1104,0
rep3,1.195,1105,0
rep3,1.1953,1106,0
rep3,1.1953,1107,0
rep3,1.1954,1108,0
rep3,1.1954,1109,0
rep3,1.1956,1110,0
rep3,1.1961,1111,0
rep3,1.1961,1112,0
rep3,1.1964,1113,0
rep3,1.1964,1114,0
rep3,1.1965,1115,0
rep3,1.1966,1116,0
rep3,1.1968,1117,0
rep3,1.197,1118,0
rep3,1.1975,1119,0
rep3,1.1978,1120,0
rep3,1.1979,1121,0
rep3,1.1986,1122,0
rep3,1.1986,1123,0
rep3,1.1987,1124,0
rep3,1.1989,1125,0
rep3,1.1992,1126,0
rep3,1.1995,1127,0
rep3,1.1996,1128,0
rep3,1.1997,1129,0
rep3,1.1999,1130,0
rep3,1.2001,1131,0
rep3,1.2002,1132,0
rep3,1.2002,1133,0
rep3,1.2003,1134,0
rep3,1.2007,1135,0
rep3,1.2012,1136,0
rep3,1.2013,1137,0
rep3,1.2014,1138,0
rep3,1.2014,1139,0
rep3,1.2017,1140,0
rep3,1.2018,1141,0
rep3,1.2019,1142,0
rep3,1.202,1143,0
rep3,1.203,1144,0
rep3,1.203,1145,0
rep3,1.203,1146,0
rep3,1.203,1147,0
rep3,1.2031,1148,0
rep3,1.2032,1149,0
rep3,1.2034,1150,0
rep3,1.2035,1151,0
rep3,1.2036,1152,0
rep3,1.2038,1153,0
rep3,1.2038,1154,0
rep3,1.204,1155,0
rep3,1.204,1156,0
rep3,1.2042,1157,0
rep3,1.2043,1158,0
rep3,1.2047,1159,0
rep3,1.2048,1160,0
rep3,1.2049,1161,0
rep3,1.2049,1162,0
rep3,1.2052,1163,0
rep3,1.2052,1164,0
rep3,1.2052,1165,0
rep3,1.2055,1166,0
rep3,1.2055,1167,0
rep3,1.2057,1168,0
rep3,1.2059,1169,0
rep3,1.206,1170,0
rep3,1.206,1171,0
rep3,1.2062,1172,0
rep3,1.2063,1173,0
rep3,1.2063,1174,0
rep3,1.2064,1175,0
rep3,1.2064,1176,0
rep3,1.2065,1177,0
rep3,1.2066,1178,0
rep3,1.2066,1179,0
rep3,1.2067,1180,0
rep3,1.2067,1181,0
rep3,1.2069,1182,0
rep3,1.207,1183,0
rep3,1.2071,1184,0
rep3,1.2074,1185,0
rep3,1.2074,1186,0
rep3,1.2078,1187,0
rep3,1.2084,1188,0
rep3,1.2085,1189,0
rep3,1.2085,1190,0
rep3,1.2088,1191,0
rep3,1.2089,1192,0
rep3,1.2091,1193,0
rep3,1.2093,1194,0
rep3,1.2094,1195,0
rep3,1.2094,1196,0
rep3,1.2097,1197,0
rep3,1.2099,1198,0
rep3,1.21,1199,0
rep3,1.2101,1200,0
rep3,1.2107,1201,0
rep3,1.2109,1202,0
rep3,1.2111,1203,0
rep3,1.2112,1204,0
rep3,1.2113,1205,0
rep3,1.2113,1206,0
rep3,1.2114,1207,0
rep3,1.2114,1208,0
rep3,1.2117,1209,0
rep3,1.2119,1210,0
rep3,1.2121,1211,0
rep3,1.2121,1212,0
rep3,1.2122,1213,0
rep3,1.2125,1214,0
rep3,1.2127,1215,0
rep3,1.2132,1216,0
rep3,1.2136,1217,0
rep3,1.2139,1218,0
rep3,1.2141,1219,0
rep3,1.2144,1220,0
rep3,1.2145,1221,0
rep3,1.2145,1222,0
rep3,1.2146,1223,0
rep3,1.2146,1224,0
rep3,1.2146,1225,0
rep3,1.2146,1226,0
rep3,1.2148,1227,0
rep3,1.2149,1228,0
rep3,1.2155,1229,0
rep3,1.2156,1230,0
rep3,1.2157,1231,0
rep3,1.2158,1232,0
rep3,1.2158,1233,0
rep3,1.2161,1234,0
rep3,1.2161,1235,0
rep3,1.2162,1236,0
rep3,1.2162,1237,0
rep3,1.2165,1238,0
rep3,1.2166,1239,0
rep3,1.217,1240,0
rep3,1.2171,1241,0
rep3,1.2179,1242,0
rep3,1.2181,1243,0
rep3,1.2183,1244,0
rep3,1.2187,1245,0
rep3,1.2188,1246,0
rep3,1.2189,1247,0
rep3,1.219,1248,0
rep3,1.219,1249,0
rep3,1.2191,1250,0
rep3,1.2192,1251,0
rep3,1.2193,1252,0
rep3,1.2194,1253,0
rep3,1.2199,1254,0
rep3,1.2199,1255,0
rep3,1.2202,1256,0
rep3,1.2203,1257,0
rep3,1.2204,1258,0
rep3,1.2213,1259,0
rep3,1.2216,1260,0
rep3,1.2218,1261,0
rep3,1.222,1262,0
rep3,1.2222,1263,0
rep3,1.2222,1264,0
rep3,1.2224,1265,0
rep3,1.2234,1266,0
rep3,1.2235,1267,0
rep3,1.2236,1268,0
rep3,1.2236,1269,0
rep3,1.2237,1270,0
rep3,1.2238,1271,0
rep3,1.2239,1272,0
rep3,1.2241,1273,0
rep3,1.2245,1274,0
rep3,1.2248,1275,0
rep3,1.2252,1276,0
rep3,1.2252,1277,0
rep3,1.2255,1278,0
rep3,1.226,1279,0
rep3,1.2273,1280,0
rep3,1.2279,1281,0
rep3,1.2279,1282,0
rep3,1.228,1283,0
rep3,1.2281,1284,0
rep3,1.2282,1285,0
rep3,1.2282,1286,0
rep3,1.2284,1287,0
rep3,1.2285,1288,0
rep3,1.2286,1289,0
rep3,1.2288,1290,0
rep3,1.2288,1291,0
rep3,1.2289,1292,0
rep3,1.229,1293,0
rep3,1.2293,1294,0
rep3,1.2294,1295,0
rep3,1.2295,1296,0
rep3,1.2298,1297,0
rep3,1.2301,1298,0
rep3,1.2303,1299,0
rep3,1.2304,1300,0
rep3,1.2308,1301,0
rep3,1.2308,1302,0
rep3,1.2309,1303,0
rep3,1.231,1304,0
rep3,1.2313,1305,0
rep3,1.2314,1306,0
rep3,1.2317,1307,0
rep3,1.2318,1308,0
rep3,1.2321,1309,0
rep3,1.2321,1310,0
rep3,1.2322,1311,0
rep3,1.2324,1312,0
rep3,1.2325,1313,0
rep3,1.2326,1314,0
rep3,1.2332,1315,0
rep3,1.2332,1316,0
rep3,1.234,1317,0
rep3,1.234,1318,0
rep3,1.2348,1319,0
rep3,1.2349,1320,0
rep3,1.235,1321,0
rep3,1.2356,1322,0
rep3,1.2362,1323,0
rep3,1.2363,1324,0
rep3,1.2365,1325,0
rep3,1.2381,1326,0
rep3,1.2382,1327,0
rep3,1.2384,1328,0
rep3,1.2386,1329,0
rep3,1.239,1330,0
rep3,1.239,1331,0
rep3,1.2391,1332,0
rep3,1.2398,1333,0
rep3,1.2399,1334,0
rep3,1.2402,1335,0
rep3,1.2406,1336,0
rep3,1.2408,1337,0
rep3,1.2409,1338,0
rep3,1.241,1339,0
rep3,1.2411,1340,0
rep3,1.2414,1341,0
rep3,1.2417,1342,0
rep3,1.2419,1343,0
rep3,1.2423,1344,0
rep3,1.2424,1345,0
rep3,1.2427,1346,0
rep3,1.2428,1347,0
rep3,1.2429,1348,0
rep3,1.243,1349,0
rep3,1.2433,1350,0
rep3,1.2435,1351,0
rep3,1.2437,1352,0
rep3,1.2439,1353,0
rep3,1.244,1354,0
rep3,1.2443,1355,0
rep3,1.2445,1356,0
rep3,1.2452,1357,0
rep3,1.2456,1358,0
rep3,1.2457,1359,0
rep3,1.2462,1360,0
rep3,1.2462,1361,0
rep3,1.2464,1362,0
rep3,1.2466,1363,0
rep3,1.2466,1364,0
rep3,1.2468,1365,0
rep3,1.2468,1366,0
rep3,1.2468,1367,0
rep3,1.2472,1368,0
rep3,1.2474,1369,0
rep3,1.2475,1370,0
rep3,1.2476,1371,0
rep3,1.2477,1372,0
rep3,1.2478,1373,0
rep3,1.2484,1374,0
rep3,1.2485,1375,0
rep3,1.2489,1376,0
rep3,1.249,1377,0
rep3,1.2491,1378,0
rep3,1.2491,1379,0
rep3,1.2495,1380,0
rep3,1.2496,1381,0
rep3,1.2497,1382,0
rep3,1.2499,1383,0
rep3,1.2501,1384,0
rep3,1.2505,1385,0
rep3,1.2506,1386,0
rep3,1.2507,1387,0
rep3,1.2509,1388,0
rep3,1.251,1389,0
rep3,1.2513,1390,0
rep3,1.252,1391,0
rep3,1.2533,1392,0
rep3,1.2534,1393,0
rep3,1.2535,1394,0
rep3,1.2542,1395,0
rep3,1.2542,1396,0
rep3,1.2545,1397,0
rep3,1.2545,1398,0
rep3,1.2547,1399,0
rep3,1.2549,1400,0
rep3,1.2553,1401,0
rep3,1.2559,1402,0
rep3,1.2563,1403,0
rep3,1.2564,1404,0
rep3,1.2568,1405,0
rep3,1.2568,1406,0
rep3,1.2569,1407,0
rep3,1.2571,1408,0
rep3,1.2573,1409,0
rep3,1.2578,1410,0
rep3,1.2587,1411,0
rep3,1.2589,1412,0
rep3,1.2592,1413,0
rep3,1.2596,1414,0
rep3,1.2597,1415,0
rep3,1.26,1416,0
rep3,1.2607,1417,0
rep3,1.261,1418,0
rep3,1.2613,1419,0
rep3,1.2614,1420,0
rep3,1.2614,1421,0
rep3,1.2616,1422,0
rep3,1.2617,1423,0
rep3,1.2618,1424,0
rep3,1.2624,1425,0
rep3,1.2624,1426,0
rep3,1.2628,1427,0
rep3,1.2629,1428,0
rep3,1.2632,1429,0
rep3,1.2632,1430,0
rep3,1.2639,1431,0
rep3,1.2642,1432,0
rep3,1.2648,1433,0
rep3,1.2656,1434,0
rep3,1.2657,1435,0
rep3,1.2659,1436,0
rep3,1.2668,1437,0
rep3,1.267,1438,0
rep3,1.2672,1439,0
rep3,1.2682,1440,0
rep3,1.2683,1441,0
rep3,1.2685,1442,0
rep3,1.2686,1443,0
rep3,1.2686,1444,0
rep3,1.2692,1445,0
rep3,1.2694,1446,0
rep3,1.2694,1447,0
rep3,1.2696,1448,0
rep3,1.27,1449,0
rep3,1.2701,1450,0
rep3,1.2702,1451,0
rep3,1.2706,1452,0
rep3,1.2707,1453,0
rep3,1.271,1454,0
rep3,1.2712,1455,0
rep3,1.2714,1456,0
rep3,1.272,1457,0
rep3,1.2722,1458,0
rep3,1.2723,1459,0
rep3,1.2734,1460,0
rep3,1.2734,1461,0
rep3,1.2735,1462,0
rep3,1.2736,1463,0
rep3,1.2736,1464,0
rep3,1.2738,1465,0
rep3,1.2744,1466,0
rep3,1.2745,1467,0
rep3,1.2747,1468,0
rep3,1.275,1469,0
rep3,1.275,1470,0
rep3,1.2755,1471,0
rep3,1.2756,1472,0
rep3,1.2757,1473,0
rep3,1.2758,1474,0
rep3,1.2761,1475,0
rep3,1.2763,1476,0
rep3,1.2767,1477,0
rep3,1.2768,1478,0
rep3,1.2768,1479,0
rep3,1.277,1480,0
rep3,1.2778,1481,0
rep3,1.2781,1482,0
rep3,1.2788,1483,0
rep3,1.279,1484,0
rep3,1.2791,1485,0
rep3,1.2792,1486,0
rep3,1.2792,1487,0
rep3,1.2795,1488,0
rep3,1.2795,1489,0
rep3,1.2799,1490,0
rep3,1.2801,1491,0
rep3,1.2802,1492,0
rep3,1.2804,1493,0
rep3,1.2805,1494,0
rep3,1.2807,1495,0
rep3,1.2812,1496,0
rep3,1.2813,1497,0
rep3,1.2814,1498,0
rep3,1.2819,1499,0
rep3,1.2821,1500,0
rep3,1.2823,1501,0
rep3,1.2824,1502,0
rep3,1.2831,1503,0
rep3,1.2833,1504,0
rep3,1.2833,1505,0
rep3,1.2833,1506,0
rep3,1.2834,1507,0
rep3,1.2839,1508,0
rep3,1.2843,1509,0
rep3,1.2844,1510,0
rep3,1.2846,1511,0
rep3,1.2846,1512,0
rep3,1.2847,1513,0
rep3,1.2849,1514,0
rep3,1.2851,1515,0
rep3,1.2852,1516,0
rep3,1.2852,1517,0
rep3,1.2857,1518,0
rep3,1.2858,1519,0
rep3,1.2859,1520,0
rep3,1.2865,1521,0
rep3,1.2866,1522,0
rep3,1.2875,1523,0
rep3,1.2875,1524,0
rep3,1.2877,1525,0
rep3,1.2878,1526,0
rep3,1.2882,1527,0
rep3,1.2894,1528,0
rep3,1.2898,1529,0
rep3,1.2903,1530,0
rep3,1.2904,1531,0
rep3,1.2912,1532,0
rep3,1.2913,1533,0
rep3,1.2916,1534,0
rep3,1.2917,1535,0
rep3,1.292,1536,0
rep3,1.292,1537,0
rep3,1.2921,1538,0
rep3,1.2926,1539,0
rep3,1.2926,1540,0
rep3,1.2928,1541,0
rep3,1.2929,1542,0
rep3,1.2929,1543,0
rep3,1.2931,1544,0
rep3,1.2932,1545,0
rep3,1.2933,1546,0
rep3,1.2934,1547,0
rep3,1.2935,1548,0
rep3,1.2937,1549,0
rep3,1.2946,1550,0
rep3,1.2946,1551,0
rep3,1.2946,1552,0
rep3,1.295,1553,0
rep3,1.296,1554,0
rep3,1.2969,1555,0
rep3,1.297,1556,0
rep3,1.2973,1557,0
rep3,1.2974,1558,0
rep3,1.2976,1559,0
rep3,1.2977,1560,0
rep3,1.2983,1561,0
rep3,1.2986,1562,0
rep3,1.3,1563,0
rep3,1.3002,1564,0
rep3,1.3004,1565,0
rep3,1.3009,1566,0
rep3,1.3014,1567,0
rep3,1.3017,1568,0
rep3,1.3019,1569,0
rep3,1.302,1570,0
rep3,1.3028,1571,0
rep3,1.3038,1572,0
rep3,1.3039,1573,0
rep3,1.3039,1574,0
rep3,1.3049,1575,0
rep3,1.3052,1576,0
rep3,1.3052,1577,0
rep3,1.3053,1578,0
rep3,1.3055,1579,0
rep3,1.3056,1580,0
rep3,1.3058,1581,0
rep3,1.3059,1582,0
rep3,1.3061,1583,0
rep3,1.3061,1584,0
rep3,1.3064,1585,0
rep3,1.3067,1586,0
rep3,1.307,1587,0
rep3,1.3072,1588,0
rep3,1.3072,1589,0
rep3,1.3073,1590,0
rep3,1.3076,1591,0
rep3,1.3076,1592,0
rep3,1.308,1593,0
rep3,1.3087,1594,0
rep3,1.3093,1595,0
rep3,1.3095,1596,0
rep3,1.3095,1597,0
rep3,1.3096,1598,0
rep3,1.3097,1599,0
rep3,1.3107,1600,0
rep3,1.3112,1601,0
rep3,1.3119,1602,0
rep3,1.312,1603,0
rep3,1.3121,1604,0
rep3,1.3121,1605,0
rep3,1.3124,1606,0
rep3,1.3126,1607,0
rep3,1.3135,1608,0
rep3,1.3139,1609,0
rep3,1.3143,1610,0
rep3,1.3149,1611,0
rep3,1.3151,1612,0
rep3,1.3152,1613,0
rep3,1.3154,1614,0
rep3,1.3156,1615,0
rep3,1.3167,1616,0
rep3,1.3168,1617,0
rep3,1.3173,1618,0
rep3,1.3174,1619,0
rep3,1.3175,1620,0
rep3,1.3177,1621,0
rep3,1.3177,1622,0
rep3,1.3187,1623,0
rep3,1.3188,1624,0
rep3,1.3189,1625,0
rep3,1.319,1626,0
rep3,1.3193,1627,0
rep3,1.3207,1628,0
rep3,1.3214,1629,0
rep3,1.3214,1630,0
rep3,1.3217,1631,0
rep3,1.322,1632,0
rep3,1.3222,1633,0
rep3,1.3222,1634,0
rep3,1.3226,1635,0
rep3,1.3229,1636,0
rep3,1.3229,1637,0
rep3,1.3235,1638,0
rep3,1.3236,1639,0
rep3,1.3238,1640,0
rep3,1.3241,1641,0
rep3,1.3261,1642,0
rep3,1.3262,1643,0
rep3,1.3268,1644,0
rep3,1.3268,1645,0
rep3,1.3269,1646,0
rep3,1.3276,1647,0
rep3,1.3279,1648,0
rep3,1.3279,1649,0
rep3,1.3279,1650,0
rep3,1.3281,1651,0
rep3,1.3283,1652,0
rep3,1.3284,1653,0
rep3,1.3292,1654,0
rep3,1.3295,1655,0
rep3,1.3298,1656,0
rep3,1.3299,1657,0
rep3,1.33,1658,0
rep3,1.3309,1659,0
rep3,1.3314,1660,0
rep3,1.3317,1661,0
rep3,1.332,1662,0
rep3,1.3323,1663,0
rep3,1.3325,1664,0
rep3,1.3336,1665,0
rep3,1.3341,1666,0
rep3,1.3342,1667,0
rep3,1.3343,1668,0
rep3,1.3344,1669,0
rep3,1.3346,1670,0
rep3,1.3347,1671,0
rep3,1.3368,1672,0
rep3,1.3369,1673,0
rep3,1.3375,1674,0
rep3,1.3381,1675,0
rep3,1.3383,1676,0
rep3,1.3388,1677,0
rep3,1.3395,1678,0
rep3,1.3408,1679,0
rep3,1.3413,1680,0
rep3,1.3427,1681,0
rep3,1.3428,1682,0
rep3,1.3429,1683,0
rep3,1.343,1684,0
rep3,1.3438,1685,0
rep3,1.3442,1686,0
rep3,1.3448,1687,0
rep3,1.3459,1688,0
rep3,1.3476,1689,0
rep3,1.3479,1690,0
rep3,1.348,1691,0
rep3,1.3484,1692,0
rep3,1.3494,1693,0
rep3,1.3494,1694,0
rep3,1.3494,1695,0
rep3,1.3495,1696,0
rep3,1.3495,1697,0
rep3,1.3496,1698,0
rep3,1.3511,1699,0
rep3,1.3514,1700,0
rep3,1.352,1701,0
rep3,1.3521,1702,0
rep3,1.3542,1703,0
rep3,1.3543,1704,0
rep3,1.3544,1705,0
rep3,1.3547,1706,0
rep3,1.3556,1707,0
rep3,1.3556,1708,0
rep3,1.3561,1709,0
rep3,1.3563,1710,0
rep3,1.3563,1711,0
rep3,1.3568,1712,0
rep3,1.3569,1713,0
rep3,1.3575,1714,0
rep3,1.3575,1715,0
rep3,1.3575,1716,0
rep3,1.3576,1717,0
rep3,1.3581,1718,0
rep3,1.3586,1719,0
rep3,1.359,1720,0
rep3,1.359,1721,0
rep3,1.3591,1722,0
rep3,1.3596,1723,0
rep3,1.36,1724,0
rep3,1.3603,1725,0
rep3,1.3603,1726,0
rep3,1.3616,1727,0
rep3,1.3622,1728,0
rep3,1.3628,1729,0
rep3,1.3635,1730,0
rep3,1.3637,1731,0
rep3,1.364,1732,0
rep3,1.3652,1733,0
rep3,1.3654,1734,0
rep3,1.3655,1735,0
rep3,1.3659,1736,0
rep3,1.3666,1737,0
rep3,1.3668,1738,0
rep3,1.3684,1739,0
rep3,1.3693,1740,0
rep3,1.3703,1741,0
rep3,1.3705,1742,0
rep3,1.3717,1743,0
rep3,1.3718,1744,0
rep3,1.3724,1745,0
rep3,1.3726,1746,0
rep3,1.3727,1747,0
rep3,1.3728,1748,0
rep3,1.3731,1749,0
rep3,1.3733,1750,0
rep3,1.3738,1751,0
rep3,1.3752,1752,0
rep3,1.376,1753,0
rep3,1.376,1754,0
rep3,1.3762,1755,0
rep3,1.3766,1756,0
rep3,1.3778,1757,0
rep3,1.3792,1758,0
rep3,1.3796,1759,0
rep3,1.3798,1760,0
rep3,1.3801,1761,0
rep3,1.3815,1762,0
rep3,1.3819,1763,0
rep3,1.3821,1764,0
rep3,1.3821,1765,0
rep3,1.3825,1766,0
rep3,1.383,1767,0
rep3,1.3834,1768,0
rep3,1.3838,1769,0
rep3,1.3841,1770,0
rep3,1.3842,1771,0
rep3,1.3843,1772,0
rep3,1.3844,1773,0
rep3,1.3845,1774,0
rep3,1.3845,1775,0
rep3,1.3849,1776,0
rep3,1.3852,1777,0
rep3,1.3864,1778,0
rep3,1.3867,1779,0
rep3,1.3877,1780,0
rep3,1.3881,1781,0
rep3,1.3885,1782,0
rep3,1.3896,1783,0
rep3,1.3896,1784,0
rep3,1.3905,1785,0
rep3,1.3921,1786,0
rep3,1.3932,1787,0
rep3,1.3943,1788,0
rep3,1.3959,1789,0
rep3,1.396,1790,0
rep3,1.3965,1791,0
rep3,1.3971,1792,0
rep3,1.399,1793,0
rep3,1.3991,1794,0
rep3,1.3998,1795,0
rep3,1.3999,1796,0
rep3,1.4016,1797,0
rep3,1.4017,1798,0
rep3,1.4024,1799,0
rep3,1.4025,1800,0
rep3,1.4025,1801,0
rep3,1.4037,1802,0
rep3,1.404,1803,0
rep3,1.4044,1804,0
rep3,1.4046,1805,0
rep3,1.4049,1806,0
rep3,1.405,1807,0
rep3,1.4067,1808,0
rep3,1.408,1809,0
rep3,1.4082,1810,0
rep3,1.4087,1811,0
rep3,1.4092,1812,0
rep3,1.4104,1813,0
rep3,1.4105,1814,0
rep3,1.4113,1815,0
rep3,1.4127,1816,0
rep3,1.4142,1817,0
rep3,1.4151,1818,0
rep3,1.4157,1819,0
rep3,1.4174,1820,0
rep3,1.4187,1821,0
rep3,1.4189,1822,0
rep3,1.4194,1823,0
rep3,1.4196,1824,0
rep3,1.4197,1825,0
rep3,1.4201,1826,0
rep3,1.4213,1827,0
rep3,1.4215,1828,0
rep3,1.4223,1829,0
rep3,1.4235,1830,0
rep3,1.4238,1831,0
rep3,1.424,1832,0
rep3,1.4258,1833,0
rep3,1.4265,1834,0
rep3,1.4276,1835,0
rep3,1.4278,1836,0
rep3,1.4283,1837,0
rep3,1.4293,1838,0
rep3,1.4316,1839,0
rep3,1.4321,1840,0
rep3,1.4322,1841,0
rep3,1.4333,1842,0
rep3,1.4344,1843,0
rep3,1.4347,1844,0
rep3,1.4358,1845,0
rep3,1.4363,1846,0
rep3,1.4364,1847,0
rep3,1.4369,1848,0
rep3,1.4374,1849,0
rep3,1.4374,1850,0
rep3,1.4376,1851,0
rep3,1.4381,1852,0
rep3,1.4389,1853,0
rep3,1.4403,1854,0
rep3,1.441,1855,0
rep3,1.4432,1856,0
rep3,1.4458,1857,0
rep3,1.4483,1858,0
rep3,1.45,1859,0
rep3,1.4501,1860,0
rep3,1.4503,1861,0
rep3,1.4524,1862,0
rep3,1.4528,1863,0
rep3,1.453,1864,0
rep3,1.4535,1865,0
rep3,1.4551,1866,0
rep3,1.4566,1867,0
rep3,1.4609,1868,0
rep3,1.4618,1869,0
rep3,1.4619,1870,0
rep3,1.4664,1871,0
rep3,1.4669,1872,0
rep3,1.4671,1873,0
rep3,1.4677,1874,0
rep3,1.4686,1875,0
rep3,1.469,1876,0
rep3,1.4713,1877,0
rep3,1.4714,1878,0
rep3,1.4722,1879,0
rep3,1.4723,1880,0
rep3,1.4736,1881,0
rep3,1.4744,1882,0
rep3,1.4751,1883,0
rep3,1.4753,1884,0
rep3,1.4756,1885,0
rep3,1.4757,1886,0
rep3,1.4761,1887,0
rep3,1.4765,1888,0
rep3,1.4773,1889,0
rep3,1.4777,1890,0
rep3,1.4784,1891,0
rep3,1.4795,1892,0
rep3,1.4805,1893,0
rep3,1.482,1894,0
rep3,1.4827,1895,0
rep3,1.4873,1896,0
rep3,1.4875,1897,0
rep3,1.4881,1898,0
rep3,1.4906,1899,0
rep3,1.4931,1900,0
rep3,1.494,1901,0
rep3,1.4966,1902,0
rep3,1.4969,1903,0
rep3,1.4992,1904,0
rep3,1.4998,1905,0
rep3,1.5001,1906,0
rep3,1.5103,1907,0
rep3,1.5105,1908,0
rep3,1.5182,1909,0
rep3,1.5185,1910,0
rep3,1.5218,1911,0
rep3,1.5257,1912,0
rep3,1.5324,1913,0
rep3,1.5341,1914,0
rep3,1.5344,1915,0
rep3,1.5355,1916,0
rep3,1.5398,1917,0
rep3,1.5453,1918,0
rep3,1.5499,1919,0
rep3,1.5508,1920,0
rep3,1.5537,1921,0
rep3,1.5553,1922,0
rep3,1.5561,1923,0
rep3,1.5618,1924,0
rep3,1.5628,1925,0
rep3,1.5645,1926,0
rep3,1.5678,1927,0
rep3,1.5735,1928,0
rep3,1.5736,1929,0
rep3,1.577,1930,0
rep3,1.5775,1931,0
rep3,1.5805,1932,0
rep3,1.5838,1933,0
rep3,1.5839,1934,0
rep3,1.588,1935,0
rep3,1.5932,1936,0
rep3,1.5935,1937,0
rep3,1.6019,1938,0
rep3,1.605,1939,0
rep3,1.6114,1940,0
rep3,1.6122,1941,0
rep3,1.6203,1942,0
rep3,1.6206,1943,0
rep3,1.6236,1944,0
rep3,1.6314,1945,0
rep3,1.6322,1946,0
rep3,1.666,1947,0
rep3,1.6724,1948,0
rep3,1.6747,1949,0
rep3,1.678,1950,0
rep3,1.6859,1951,0
rep3,1.7127,1952,0
rep3,1.7235,1953,0
rep3,1.7239,1954,0
rep3,1.7284,1955,0
rep3,1.7434,1956,0
rep3,1.9265,1957,0
rep3,2.0082,1958,0
rep3,2.0384,1959,0
rep3,2.0389,1960,0
rep3,2.045,1961,0
rep3,2.046,1962,0
rep3,2.0469,1963,0
rep3,2.0616,1964,0
rep3,2.0656,1965,0
rep3,2.0704,1966,0
rep3,2.0704,1967,0
rep3,2.0706,1968,0
rep3,2.0708,1969,0
rep3,2.0709,1970,0
rep3,2.0709,1971,0
rep3,2.071,1972,0
rep3,2.0711,1973,0
rep3,2.0713,1974,0
rep3,2.0713,1975,0
rep3,2.0717,1976,0
rep3,2.0722,1977,0
rep3,2.0727,1978,0
rep3,2.0728,1979,0
rep3,2.0729,1980,0
rep3,2.0731,1981,0
rep3,2.0735,1982,0
rep3,2.0737,1983,0
rep3,2.0738,1984,0
rep3,2.074,1985,0
rep3,2.0742,1986,0
rep3,2.0744,1987,0
rep3,2.0747,1988,0
rep3,2.0747,1989,0
rep3,2.0755,1990,0
rep3,2.0756,1991,0
rep3,2.0756,1992,0
rep3,2.0758,1993,0
rep3,2.0758,1994,0
rep3,2.0759,1995,0
rep3,2.0767,1996,0
rep3,2.0767,1997,0
rep3,2.0767,1998,0
rep3,2.0769,1999,0
rep3,2.0774,2000,0
rep3,2.0779,2001,0
rep3,2.0781,2002,0
rep3,2.0787,2003,0
rep3,2.0793,2004,0
rep3,2.0796,2005,0
rep3,2.0797,2006,0
rep3,2.0804,2007,0
rep3,2.0804,2008,0
rep3,2.0811,2009,0
rep3,2.0811,2010,0
rep3,2.0813,2011,0
rep3,2.082,2012,0
rep3,2.0822,2013,0
rep3,2.0824,2014,0
rep3,2.0828,2015,0
rep3,2.0829,2016,0
rep3,2.0851,2017,0
rep3,2.0852,2018,0
rep3,2.0877,2019,0
rep3,2.0895,2020,0
rep3,2.0916,2021,0
rep3,2.0929,2022,0
rep3,2.0929,2023,0
rep3,2.0939,2024,0
rep3,2.0958,2025,0
rep3,2.0962,2026,0
rep3,2.1004,2027,0
rep3,2.1038,2028,0
rep3,2.1056,2029,0
rep3,2.1066,2030,0
rep3,2.1087,2031,0
rep3,2.1088,2032,0
rep3,2.1089,2033,0
rep3,2.109,2034,0
rep3,2.1095,2035,0
rep3,2.1102,2036,0
rep3,2.111,2037,0
rep3,2.1114,2038,0
rep3,2.1126,2039,0
rep3,2.1143,2040,0
rep3,2.1157,2041,0
rep3,2.1163,2042,0
rep3,2.1174,2043,0
rep3,2.1232,2044,0
rep3,2.1238,2045,0
rep3,2.1253,2046,0
rep3,2.1283,2047,0
rep3,2.129,2048,0
rep3,2.1314,2049,0
rep3,2.132,2050,0
rep3,2.1335,2051,0
rep3,2.1365,2052,0
rep3,2.1384,2053,0
rep3,2.1386,2054,0
rep3,2.1398,2055,0
rep3,2.1401,2056,0
rep3,2.1402,2057,0
rep3,2.1404,2058,0
rep3,2.1405,2059,0
rep3,2.1411,2060,0
rep3,2.1429,2061,0
rep3,2.1438,2062,0
rep3,2.1448,2063,0
rep3,2.1462,2064,0
rep3,2.1505,2065,0
rep3,2.1556,2066,0
rep3,2.16,2067,0
rep3,2.1601,2068,0
rep3,2.1616,2069,0
rep3,2.1629,2070,0
rep3,2.1631,2071,0
rep3,2.1636,2072,0
rep3,2.1647,2073,0
rep3,2.1652,2074,0
rep3,2.1663,2075,0
rep3,2.1685,2076,0
rep3,2.171,2077,0
rep3,2.1741,2078,0
rep3,2.1743,2079,0
rep3,2.1753,2080,0
rep3,2.1757,2081,0
rep3,2.1758,2082,0
rep3,2.179,2083,0
rep3,2.1802,2084,0
rep3,2.1807,2085,0
rep3,2.1824,2086,0
rep3,2.1832,2087,0
rep3,2.1841,2088,0
rep3,2.1849,2089,0
rep3,2.1873,2090,0
rep3,2.1895,2091,0
rep3,2.1899,2092,0
rep3,2.1914,2093,0
rep3,2.1923,2094,0
rep3,2.1932,2095,0
rep3,2.1962,2096,0
rep3,2.1978,2097,0
rep3,2.1993,2098,0
rep3,2.2009,2099,0
rep3,2.2035,2100,0
rep3,2.2049,2101,0
rep3,2.2055,2102,0
rep3,2.2069,2103,0
rep3,2.207,2104,0
rep3,2.2088,2105,0
rep3,2.2103,2106,0
rep3,2.2128,2107,0
rep3,2.2129,2108,0
rep3,2.213,2109,0
rep3,2.2136,2110,0
rep3,2.2147,2111,0
rep3,2.2165,2112,0
rep3,2.2206,2113,0
rep3,2.2206,2114,0
rep3,2.2207,2115,0
rep3,2.2223,2116,0
rep3,2.2234,2117,0
