rep,t_over_ttl,cum_rehold,cum_duplicate
rep1,0.0404,0,1
rep1,1.008,1,1
rep1,1.0081,2,1
rep1,1.0081,3,1
rep1,1.0081,4,1
rep1,1.0081,5,1
rep1,1.0082,6,1
rep1,1.0082,7,1
rep1,1.0083,8,1
rep1,1.0083,9,1
rep1,1.0084,10,1
rep1,1.0084,11,1
rep1,1.0084,12,1
rep1,1.0084,13,1
rep1,1.0086,14,1
rep1,1.0086,15,1
rep1,1.0087,16,1
rep1,1.0088,17,1
rep1,1.0089,18,1
rep1,1.0089,19,1
rep1,1.0089,20,1
rep1,1.0089,21,1
rep1,1.0089,22,1
rep1,1.0091,23,1
rep1,1.0091,24,1
rep1,1.0092,25,1
rep1,1.0093,26,1
rep1,1.0093,27,1
rep1,1.0095,28,1
rep1,1.0096,29,1
rep1,1.0096,30,1
rep1,1.0096,31,1
rep1,1.0096,32,1
rep1,1.0096,33,1
rep1,1.0097,34,1
rep1,1.0097,35,1
rep1,1.0097,36,1
rep1,1.0097,37,1
rep1,1.0097,38,1
rep1,1.0098,39,1
rep1,1.0098,40,1
rep1,1.01,41,1
rep1,1.01,42,1
rep1,1.0101,43,1
rep1,1.0101,44,1
rep1,1.0102,45,1
rep1,1.0102,46,1
rep1,1.0102,47,1
rep1,1.0102,48,1
rep1,1.0103,49,1
rep1,1.0104,50,1
rep1,1.0104,51,1
rep1,1.0105,52,1
rep1,1.0106,53,1
rep1,1.0106,54,1
rep1,1.0109,55,1
rep1,1.011,56,1
rep1,1.011,57,1
rep1,1.0111,58,1
rep1,1.0112,59,1
rep1,1.0113,60,1
rep1,1.0114,61,1
rep1,1.0115,62,1
rep1,1.0116,63,1
rep1,1.0116,64,1
rep1,1.0117,65,1
rep1,1.0117,66,1
rep1,1.0118,67,1
rep1,1.0119,68,1
rep1,1.012,69,1
rep1,1.0121,70,1
rep1,1.0121,71,1
rep1,1.0122,72,1
rep1,1.0123,73,1
rep1,1.0124,74,1
rep1,1.0124,75,1
rep1,1.0124,76,1
rep1,1.0124,77,1
rep1,1.0125,78,1
rep1,1.0125,79,1
rep1,1.0127,80,1
rep1,1.0128,81,1
rep1,1.0128,82,1
rep1,1.0131,83,1
rep1,1.0131,84,1
rep1,1.0131,85,1
rep1,1.0132,86,1
rep1,1.0133,87,1
rep1,1.0134,88,1
rep1,1.0135,89,1
rep1,1.0136,90,1
rep1,1.0137,91,1
rep1,1.0138,92,1
rep1,1.0139,93,1
rep1,1.014,94,1
rep1,1.0141,95,1
rep1,1.0142,96,1
rep1,1.0143,97,1
rep1,1.0143,98,1
rep1,1.0144,99,1
rep1,1.0144,100,1
rep1,1.0146,101,1
rep1,1.0146,102,1
rep1,1.0148,103,1
rep1,1.0148,104,1
rep1,1.0153,105,1
rep1,1.0154,106,1
rep1,1.0155,107,1
rep1,1.0156,108,1
rep1,1.0156,109,1
rep1,1.0157,110,1
rep1,1.0157,111,1
rep1,1.0157,112,1
rep1,1.0158,113,1
rep1,1.0159,114,1
rep1,1.0163,115,1
rep1,1.0163,116,1
rep1,1.0165,117,1
rep1,1.0168,118,1
rep1,1.0169,119,1
rep1,1.0171,120,1
rep1,1.0172,121,1
rep1,1.0173,122,1
rep1,1.0174,123,1
rep1,1.0175,124,1
rep1,1.0177,125,1
rep1,1.0179,126,1
rep1,1.0181,127,1
rep1,1.0181,128,1
rep1,1.0184,129,1
rep1,1.0184,130,1
rep1,1.0184,131,1
rep1,1.0185,132,1
rep1,1.0186,133,1
rep1,1.0187,134,1
rep1,1.0198,135,1
rep1,1.0198,136,1
rep1,1.0203,137,1
rep1,1.0204,138,1
rep1,1.0206,139,1
rep1,1.0206,140,1
rep1,1.0211,141,1
rep1,1.0211,142,1
rep1,1.0214,143,1
rep1,1.0214,144,1
rep1,1.0214,145,1
rep1,1.0215,146,1
rep1,1.0216,147,1
rep1,1.0218,148,1
rep1,1.0219,149,1
rep1,1.0219,150,1
rep1,1.022,151,1
rep1,1.022,152,1
rep1,1.0221,153,1
rep1,1.0226,154,1
rep1,1.0226,155,1
rep1,1.0226,156,1
rep1,1.0227,157,1
rep1,1.0228,158,1
rep1,1.0231,159,1
rep1,1.0231,160,1
rep1,1.0235,161,1
rep1,1.0235,162,1
rep1,1.0236,163,1
rep1,1.0239,164,1
rep1,1.0249,165,1
rep1,1.025,166,1
rep1,1.0253,167,1
rep1,1.0253,168,1
rep1,1.0264,169,1
rep1,1.0266,170,1
rep1,1.0267,171,1
rep1,1.0267,172,1
rep1,1.0269,173,1
rep1,1.027,174,1
rep1,1.0273,175,1
rep1,1.0273,176,1
rep1,1.0296,177,1
rep1,1.0296,178,1
rep1,1.0298,179,1
rep1,1.0311,180,1
rep1,1.0311,181,1
rep1,1.0313,182,1
rep1,1.0318,183,1
rep1,1.032,184,1
rep1,1.033,185,1
rep1,1.0332,186,1
rep1,1.0335,187,1
rep1,1.0345,188,1
rep1,1.0347,189,1
rep1,1.0354,190,1
rep1,1.0359,191,1
rep1,1.0364,192,1
rep1,1.0377,193,1
rep1,1.0388,194,1
rep1,1.0393,195,1
rep1,1.0399,196,1
rep1,1.0411,197,1
rep1,1.0418,198,1
rep1,1.0418,199,1
rep1,1.0419,200,1
rep1,1.0419,201,1
rep1,1.0419,202,1
rep1,1.0419,203,1
rep1,1.0419,204,1
rep1,1.042,205,1
rep1,1.042,206,1
rep1,1.042,207,1
rep1,1.042,208,1
rep1,1.042,209,1
rep1,1.042,210,1
rep1,1.0421,211,1
rep1,1.0421,212,1
rep1,1.0421,213,1
rep1,1.0421,214,1
rep1,1.0421,215,1
rep1,1.0421,216,1
rep1,1.0421,217,1
rep1,1.0421,218,1
rep1,1.0422,219,1
rep1,1.0422,220,1
rep1,1.0422,221,1
rep1,1.0422,222,1
rep1,1.0422,223,1
rep1,1.0422,224,1
rep1,1.0422,225,1
rep1,1.0423,226,1
rep1,1.0423,227,1
rep1,1.0423,228,1
rep1,1.0423,229,1
rep1,1.0423,230,1
rep1,1.0423,231,1
rep1,1.0423,232,1
rep1,1.0423,233,1
rep1,1.0424,234,1
rep1,1.0424,235,1
rep1,1.0424,236,1
rep1,1.0424,237,1
rep1,1.0424,238,1
rep1,1.0425,239,1
rep1,1.0425,240,1
rep1,1.0425,241,1
rep1,1.0425,242,1
rep1,1.0425,243,1
rep1,1.0426,244,1
rep1,1.0426,245,1
rep1,1.0426,246,1
rep1,1.0426,247,1
rep1,1.0426,248,1
rep1,1.0427,249,1
rep1,1.0427,250,1
rep1,1.0427,251,1
rep1,1.0427,252,1
rep1,1.0428,253,1
rep1,1.0428,254,1
rep1,1.0428,255,1
rep1,1.0428,256,1
rep1,1.0428,257,1
rep1,1.0428,258,1
rep1,1.0429,259,1
rep1,1.0429,260,1
rep1,1.0429,261,1
rep1,1.0429,262,1
rep1,1.0429,263,1
rep1,1.0429,264,1
rep1,1.0429,265,1
rep1,1.0429,266,1
rep1,1.0429,267,1
rep1,1.043,268,1
rep1,1.043,269,1
rep1,1.043,270,1
rep1,1.043,271,1
rep1,1.043,272,1
rep1,1.043,273,1
rep1,1.043,274,1
rep1,1.0431,275,1
rep1,1.0431,276,1
rep1,1.0431,277,1
rep1,1.0431,278,1
rep1,1.0432,279,1
rep1,1.0432,280,1
rep1,1.0432,281,1
rep1,1.0433,282,1
rep1,1.0433,283,1
rep1,1.0433,284,1
rep1,1.0433,285,1
rep1,1.0434,286,1
rep1,1.0434,287,1
rep1,1.0435,288,1
rep1,1.0435,289,1
rep1,1.0435,290,1
rep1,1.0435,291,1
rep1,1.0435,292,1
rep1,1.0436,293,1
rep1,1.0436,294,1
rep1,1.0436,295,1
rep1,1.0436,296,1
rep1,1.0436,297,1
rep1,1.0436,298,1
rep1,1.0436,299,1
rep1,1.0437,300,1
rep1,1.0437,301,1
rep1,1.0437,302,1
rep1,1.0437,303,1
rep1,1.0437,304,1
rep1,1.0438,305,1
rep1,1.0438,306,1
rep1,1.0438,307,1
rep1,1.0438,308,1
rep1,1.0438,309,1
rep1,1.0438,310,1
rep1,1.0439,311,1
rep1,1.0439,312,1
rep1,1.0439,313,1
rep1,1.0439,314,1
rep1,1.0439,315,1
rep1,1.0439,316,1
rep1,1.0439,317,1
rep1,1.044,318,1
rep1,1.044,319,1
rep1,1.044,320,1
rep1,1.044,321,1
rep1,1.044,322,1
rep1,1.044,323,1
rep1,1.044,324,1
rep1,1.044,325,1
rep1,1.0441,326,1
rep1,1.0441,326,2
rep1,1.0441,327,2
rep1,1.0441,328,2
rep1,1.0441,329,2
rep1,1.0441,330,2
rep1,1.0441,331,2
rep1,1.0441,332,2
rep1,1.0441,333,2
rep1,1.0442,334,2
rep1,1.0442,335,2
rep1,1.0442,336,2
rep1,1.0442,337,2
rep1,1.0442,338,2
rep1,1.0442,339,2
rep1,1.0442,340,2
rep1,1.0442,341,2
rep1,1.0443,342,2
rep1,1.0443,343,2
rep1,1.0443,344,2
rep1,1.0443,345,2
rep1,1.0443,346,2
rep1,1.0443,347,2
rep1,1.0444,348,2
rep1,1.0444,349,2
rep1,1.0444,350,2
rep1,1.0444,351,2
rep1,1.0444,352,2
rep1,1.0444,353,2
rep1,1.0444,354,2
rep1,1.0445,355,2
rep1,1.0445,356,2
rep1,1.0445,357,2
rep1,1.0445,358,2
rep1,1.0445,359,2
rep1,1.0445,360,2
rep1,1.0445,361,2
rep1,1.0446,362,2
rep1,1.0446,363,2
rep1,1.0446,364,2
rep1,1.0446,365,2
rep1,1.0446,366,2
rep1,1.0446,367,2
rep1,1.0446,368,2
rep1,1.0446,369,2
rep1,1.0447,370,2
rep1,1.0447,371,2
rep1,1.0447,372,2
rep1,1.0447,373,2
rep1,1.0447,374,2
rep1,1.0447,375,2
rep1,1.0448,376,2
rep1,1.0448,377,2
rep1,1.0448,378,2
rep1,1.0448,379,2
rep1,1.0449,380,2
rep1,1.0449,381,2
rep1,1.0449,382,2
rep1,1.0449,383,2
rep1,1.045,384,2
rep1,1.045,385,2
rep1,1.045,386,2
rep1,1.045,387,2
rep1,1.045,388,2
rep1,1.045,389,2
rep1,1.0451,390,2
rep1,1.0451,391,2
rep1,1.0451,392,2
rep1,1.0451,393,2
rep1,1.0452,394,2
rep1,1.0452,395,2
rep1,1.0452,396,2
rep1,1.0452,397,2
rep1,1.0453,398,2
rep1,1.0453,399,2
rep1,1.0453,400,2
rep1,1.0453,401,2
rep1,1.0453,402,2
rep1,1.0453,403,2
rep1,1.0453,404,2
rep1,1.0454,405,2
rep1,1.0454,406,2
rep1,1.0454,407,2
rep1,1.0454,408,2
rep1,1.0454,409,2
rep1,1.0455,410,2
rep1,1.0455,411,2
rep1,1.0455,412,2
rep1,1.0455,413,2
rep1,1.0455,414,2
rep1,1.0455,415,2
rep1,1.0456,416,2
rep1,1.0456,417,2
rep1,1.0456,418,2
rep1,1.0456,419,2
rep1,1.0456,420,2
rep1,1.0456,421,2
rep1,1.0457,422,2
rep1,1.0457,423,2
rep1,1.0457,424,2
rep1,1.0457,425,2
rep1,1.0457,426,2
rep1,1.0457,427,2
rep1,1.0458,428,2
rep1,1.0458,429,2
rep1,1.0458,430,2
rep1,1.0458,431,2
rep1,1.0459,432,2
rep1,1.0459,433,2
rep1,1.0459,434,2
rep1,1.0459,435,2
rep1,1.0459,436,2
rep1,1.046,437,2
rep1,1.046,438,2
rep1,1.046,439,2
rep1,1.046,440,2
rep1,1.046,441,2
rep1,1.046,442,2
rep1,1.0461,443,2
rep1,1.0461,444,2
rep1,1.0461,445,2
rep1,1.0461,446,2
rep1,1.0461,447,2
rep1,1.0461,448,2
rep1,1.0461,449,2
rep1,1.0462,450,2
rep1,1.0462,451,2
rep1,1.0462,452,2
rep1,1.0463,453,2
rep1,1.0463,454,2
rep1,1.0463,455,2
rep1,1.0463,456,2
rep1,1.0463,457,2
rep1,1.0463,458,2
rep1,1.0464,459,2
rep1,1.0464,460,2
rep1,1.0464,461,2
rep1,1.0464,462,2
rep1,1.0464,463,2
rep1,1.0464,464,2
rep1,1.0465,465,2
rep1,1.0465,466,2
rep1,1.0465,467,2
rep1,1.0465,468,2
rep1,1.0465,469,2
rep1,1.0465,470,2
rep1,1.0466,471,2
rep1,1.0466,472,2
rep1,1.0466,473,2
rep1,1.0466,474,2
rep1,1.0466,475,2
rep1,1.0466,476,2
rep1,1.0467,477,2
rep1,1.0467,478,2
rep1,1.0467,479,2
rep1,1.0467,480,2
rep1,1.0467,481,2
rep1,1.0467,482,2
rep1,1.0468,483,2
rep1,1.0468,484,2
rep1,1.0468,485,2
rep1,1.0468,486,2
rep1,1.0468,487,2
rep1,1.0468,488,2
rep1,1.0468,489,2
rep1,1.0469,490,2
rep1,1.0469,491,2
rep1,1.0469,492,2
rep1,1.047,493,2
rep1,1.047,494,2
rep1,1.047,495,2
rep1,1.047,496,2
rep1,1.047,497,2
rep1,1.0471,498,2
rep1,1.0471,499,2
rep1,1.0471,500,2
rep1,1.0472,501,2
rep1,1.0472,502,2
rep1,1.0472,503,2
rep1,1.0472,504,2
rep1,1.0472,505,2
rep1,1.0473,506,2
rep1,1.0473,507,2
rep1,1.0473,508,2
rep1,1.0473,509,2
rep1,1.0473,510,2
rep1,1.0473,511,2
rep1,1.0473,512,2
rep1,1.0473,513,2
rep1,1.0474,514,2
rep1,1.0474,515,2
rep1,1.0474,516,2
rep1,1.0475,517,2
rep1,1.0475,518,2
rep1,1.0475,519,2
rep1,1.0476,520,2
rep1,1.0476,521,2
rep1,1.0476,522,2
rep1,1.0476,523,2
rep1,1.0476,524,2
rep1,1.0477,525,2
rep1,1.0477,526,2
rep1,1.0477,527,2
rep1,1.0477,528,2
rep1,1.0478,529,2
rep1,1.0478,530,2
rep1,1.0478,531,2
rep1,1.0478,532,2
rep1,1.0478,533,2
rep1,1.0479,534,2
rep1,1.0479,535,2
rep1,1.0479,536,2
rep1,1.0479,537,2
rep1,1.0479,538,2
rep1,1.048,539,2
rep1,1.048,540,2
rep1,1.048,541,2
rep1,1.048,542,2
rep1,1.048,543,2
rep1,1.0481,544,2
rep1,1.0481,545,2
rep1,1.0481,546,2
rep1,1.0481,547,2
rep1,1.0482,548,2
rep1,1.0482,549,2
rep1,1.0482,550,2
rep1,1.0483,551,2
rep1,1.0483,552,2
rep1,1.0483,553,2
rep1,1.0484,554,2
rep1,1.0484,555,2
rep1,1.0484,556,2
rep1,1.0484,557,2
rep1,1.0485,558,2
rep1,1.0485,559,2
rep1,1.0485,560,2
rep1,1.0485,561,2
rep1,1.0485,562,2
rep1,1.0486,563,2
rep1,1.0486,564,2
rep1,1.0486,565,2
rep1,1.0486,566,2
rep1,1.0486,567,2
rep1,1.0487,568,2
rep1,1.0487,569,2
rep1,1.0487,570,2
rep1,1.0488,571,2
rep1,1.0488,572,2
rep1,1.0488,573,2
rep1,1.0488,574,2
rep1,1.0488,575,2
rep1,1.0489,576,2
rep1,1.0489,577,2
rep1,1.0489,578,2
rep1,1.049,579,2
rep1,1.049,580,2
rep1,1.049,581,2
rep1,1.049,582,2
rep1,1.049,583,2
rep1,1.0491,584,2
rep1,1.0491,585,2
rep1,1.0491,586,2
rep1,1.0491,587,2
rep1,1.0492,588,2
rep1,1.0492,589,2
rep1,1.0492,590,2
rep1,1.0492,591,2
rep1,1.0493,592,2
rep1,1.0493,593,2
rep1,1.0494,594,2
rep1,1.0494,595,2
rep1,1.0495,596,2
rep1,1.0495,597,2
rep1,1.0495,598,2
rep1,1.0496,599,2
rep1,1.0496,600,2
rep1,1.0496,601,2
rep1,1.0496,602,2
rep1,1.0497,603,2
rep1,1.0497,604,2
rep1,1.0497,605,2
rep1,1.0497,606,2
rep1,1.0498,607,2
rep1,1.0498,608,2
rep1,1.0499,609,2
rep1,1.0499,610,2
rep1,1.0499,611,2
rep1,1.0499,612,2
rep1,1.0499,613,2
rep1,1.0499,614,2
rep1,1.05,615,2
rep1,1.05,616,2
rep1,1.0501,617,2
rep1,1.0501,618,2
rep1,1.0501,619,2
rep1,1.0502,620,2
rep1,1.0502,621,2
rep1,1.0502,622,2
rep1,1.0502,623,2
rep1,1.0503,624,2
rep1,1.0503,625,2
rep1,1.0503,626,2
rep1,1.0503,627,2
rep1,1.0503,628,2
rep1,1.0504,629,2
rep1,1.0504,630,2
rep1,1.0504,631,2
rep1,1.0504,632,2
rep1,1.0504,633,2
rep1,1.0504,634,2
rep1,1.0505,635,2
rep1,1.0505,636,2
rep1,1.0505,637,2
rep1,1.0505,638,2
rep1,1.0506,639,2
rep1,1.0506,640,2
rep1,1.0506,641,2
rep1,1.0507,642,2
rep1,1.0507,643,2
rep1,1.0507,644,2
rep1,1.0508,645,2
rep1,1.0508,646,2
rep1,1.0509,647,2
rep1,1.0509,648,2
rep1,1.0509,649,2
rep1,1.0509,650,2
rep1,1.0509,651,2
rep1,1.051,652,2
rep1,1.051,653,2
rep1,1.051,654,2
rep1,1.051,655,2
rep1,1.051,656,2
rep1,1.051,657,2
rep1,1.0511,658,2
rep1,1.0511,659,2
rep1,1.0511,660,2
rep1,1.0512,661,2
rep1,1.0512,662,2
rep1,1.0512,663,2
rep1,1.0512,664,2
rep1,1.0513,665,2
rep1,1.0513,666,2
rep1,1.0513,667,2
rep1,1.0514,668,2
rep1,1.0514,669,2
rep1,1.0514,670,2
rep1,1.0514,671,2
rep1,1.0515,672,2
rep1,1.0515,673,2
rep1,1.0515,674,2
rep1,1.0516,675,2
rep1,1.0516,676,2
rep1,1.0516,677,2
rep1,1.0516,678,2
rep1,1.0516,679,2
rep1,1.0517,680,2
rep1,1.0518,681,2
rep1,1.0518,682,2
rep1,1.0518,683,2
rep1,1.0519,684,2
rep1,1.0519,685,2
rep1,1.0519,686,2
rep1,1.0519,687,2
rep1,1.0519,688,2
rep1,1.052,689,2
rep1,1.052,690,2
rep1,1.052,691,2
rep1,1.052,692,2
rep1,1.052,693,2
rep1,1.0521,694,2
rep1,1.0521,695,2
rep1,1.0521,696,2
rep1,1.0522,697,2
rep1,1.0522,698,2
rep1,1.0522,699,2
rep1,1.0523,700,2
rep1,1.0523,701,2
rep1,1.0523,702,2
rep1,1.0523,703,2
rep1,1.0523,704,2
rep1,1.0523,705,2
rep1,1.0524,706,2
rep1,1.0524,707,2
rep1,1.0525,708,2
rep1,1.0525,709,2
rep1,1.0525,710,2
rep1,1.0526,711,2
rep1,1.0527,712,2
rep1,1.0527,713,2
rep1,1.0527,714,2
rep1,1.0528,715,2
rep1,1.0528,716,2
rep1,1.0529,717,2
rep1,1.053,718,2
rep1,1.053,719,2
rep1,1.053,720,2
rep1,1.053,721,2
rep1,1.0531,722,2
rep1,1.0531,723,2
rep1,1.0531,724,2
rep1,1.0531,725,2
rep1,1.0531,726,2
rep1,1.0531,727,2
rep1,1.0532,728,2
rep1,1.0532,729,2
rep1,1.0532,730,2
rep1,1.0532,731,2
rep1,1.0533,732,2
rep1,1.0533,733,2
rep1,1.0533,734,2
rep1,1.0533,735,2
rep1,1.0534,736,2
rep1,1.0534,737,2
rep1,1.0535,738,2
rep1,1.0535,739,2
rep1,1.0536,740,2
rep1,1.0536,741,2
rep1,1.0536,742,2
rep1,1.0536,743,2
rep1,1.0536,744,2
rep1,1.0536,745,2
rep1,1.0536,746,2
rep1,1.0537,747,2
rep1,1.0537,748,2
rep1,1.0537,749,2
rep1,1.0538,750,2
rep1,1.0539,751,2
rep1,1.0539,752,2
rep1,1.0539,753,2
rep1,1.054,754,2
rep1,1.0541,755,2
rep1,1.0541,756,2
rep1,1.0542,757,2
rep1,1.0542,758,2
rep1,1.0543,759,2
rep1,1.0543,760,2
rep1,1.0544,761,2
rep1,1.0544,762,2
rep1,1.0544,763,2
rep1,1.0544,764,2
rep1,1.0545,765,2
rep1,1.0545,766,2
rep1,1.0546,767,2
rep1,1.0546,768,2
rep1,1.0546,769,2
rep1,1.0546,770,2
rep1,1.0546,771,2
rep1,1.0546,772,2
rep1,1.0547,773,2
rep1,1.0547,774,2
rep1,1.0547,775,2
rep1,1.0548,776,2
rep1,1.0548,777,2
rep1,1.0549,778,2
rep1,1.0549,779,2
rep1,1.0549,780,2
rep1,1.055,781,2
rep1,1.0551,782,2
rep1,1.0551,783,2
rep1,1.0551,784,2
rep1,1.0551,785,2
rep1,1.0552,786,2
rep1,1.0552,787,2
rep1,1.0552,788,2
rep1,1.0553,789,2
rep1,1.0553,790,2
rep1,1.0553,791,2
rep1,1.0553,792,2
rep1,1.0554,793,2
rep1,1.0554,794,2
rep1,1.0554,795,2
rep1,1.0554,796,2
rep1,1.0554,797,2
rep1,1.0556,798,2
rep1,1.0556,799,2
rep1,1.0556,800,2
rep1,1.0557,801,2
rep1,1.0557,802,2
rep1,1.0558,803,2
rep1,1.0559,804,2
rep1,1.056,805,2
rep1,1.056,806,2
rep1,1.056,807,2
rep1,1.056,808,2
rep1,1.0561,809,2
rep1,1.0562,810,2
rep1,1.0562,811,2
rep1,1.0562,812,2
rep1,1.0563,813,2
rep1,1.0563,814,2
rep1,1.0563,815,2
rep1,1.0563,816,2
rep1,1.0563,817,2
rep1,1.0564,818,2
rep1,1.0564,819,2
rep1,1.0565,820,2
rep1,1.0565,821,2
rep1,1.0565,822,2
rep1,1.0565,823,2
rep1,1.0566,824,2
rep1,1.0566,825,2
rep1,1.0566,826,2
rep1,1.0567,827,2
rep1,1.0567,828,2
rep1,1.0567,829,2
rep1,1.0568,830,2
rep1,1.0568,831,2
rep1,1.0568,832,2
rep1,1.0568,833,2
rep1,1.0569,834,2
rep1,1.0569,835,2
rep1,1.0569,836,2
rep1,1.0569,837,2
rep1,1.0569,838,2
rep1,1.057,839,2
rep1,1.057,840,2
rep1,1.057,841,2
rep1,1.0571,842,2
rep1,1.0571,843,2
rep1,1.0571,844,2
rep1,1.0571,845,2
rep1,1.0571,846,2
rep1,1.0571,847,2
rep1,1.0572,848,2
rep1,1.0572,849,2
rep1,1.0572,850,2
rep1,1.0572,851,2
rep1,1.0574,852,2
rep1,1.0575,853,2
rep1,1.0576,854,2
rep1,1.0577,855,2
rep1,1.0577,856,2
rep1,1.0577,857,2
rep1,1.0578,858,2
rep1,1.0578,859,2
rep1,1.0578,860,2
rep1,1.0578,861,2
rep1,1.0579,862,2
rep1,1.058,863,2
rep1,1.058,864,2
rep1,1.0581,865,2
rep1,1.0581,866,2
rep1,1.0583,867,2
rep1,1.0584,868,2
rep1,1.0587,869,2
rep1,1.0587,870,2
rep1,1.0588,871,2
rep1,1.0589,872,2
rep1,1.0589,873,2
rep1,1.0589,874,2
rep1,1.059,875,2
rep1,1.0591,876,2
rep1,1.0591,877,2
rep1,1.0591,878,2
rep1,1.0591,879,2
rep1,1.0591,880,2
rep1,1.0591,881,2
rep1,1.0593,882,2
rep1,1.0593,883,2
rep1,1.0594,884,2
rep1,1.0595,885,2
rep1,1.0595,886,2
rep1,1.0595,887,2
rep1,1.0596,888,2
rep1,1.0596,889,2
rep1,1.0596,890,2
rep1,1.0597,891,2
rep1,1.0597,892,2
rep1,1.0598,893,2
rep1,1.0598,894,2
rep1,1.0598,895,2
rep1,1.06,896,2
rep1,1.0601,897,2
rep1,1.0601,898,2
rep1,1.0603,899,2
rep1,1.0603,900,2
rep1,1.0603,901,2
rep1,1.0603,902,2
rep1,1.0604,903,2
rep1,1.0604,904,2
rep1,1.0604,905,2
rep1,1.0605,906,2
rep1,1.0605,907,2
rep1,1.0606,908,2
rep1,1.0606,909,2
rep1,1.0606,910,2
rep1,1.0607,911,2
rep1,1.0607,912,2
rep1,1.0607,913,2
rep1,1.0607,914,2
rep1,1.0608,915,2
rep1,1.0608,916,2
rep1,1.0608,917,2
rep1,1.0608,918,2
rep1,1.0608,919,2
rep1,1.0609,920,2
rep1,1.0609,921,2
rep1,1.061,922,2
rep1,1.061,923,2
rep1,1.0611,924,2
rep1,1.0611,925,2
rep1,1.0612,926,2
rep1,1.0612,927,2
rep1,1.0613,928,2
rep1,1.0613,929,2
rep1,1.0614,930,2
rep1,1.0614,931,2
rep1,1.0614,932,2
rep1,1.0614,933,2
rep1,1.0614,934,2
rep1,1.0617,935,2
rep1,1.0617,936,2
rep1,1.0617,937,2
rep1,1.0619,938,2
rep1,1.062,939,2
rep1,1.062,940,2
rep1,1.062,941,2
rep1,1.0621,942,2
rep1,1.0621,943,2
rep1,1.0623,944,2
rep1,1.0624,945,2
rep1,1.0626,946,2
rep1,1.0626,947,2
rep1,1.0626,948,2
rep1,1.0626,949,2
rep1,1.0627,950,2
rep1,1.0627,951,2
rep1,1.0629,952,2
rep1,1.0629,953,2
rep1,1.0629,954,2
rep1,1.063,955,2
rep1,1.063,956,2
rep1,1.063,957,2
rep1,1.0631,958,2
rep1,1.0631,959,2
rep1,1.0631,960,2
rep1,1.0631,961,2
rep1,1.0633,962,2
rep1,1.0634,963,2
rep1,1.0634,964,2
rep1,1.0634,965,2
rep1,1.0635,966,2
rep1,1.0636,967,2
rep1,1.0636,968,2
rep1,1.0637,969,2
rep1,1.0639,970,2
rep1,1.0639,971,2
rep1,1.064,972,2
rep1,1.064,973,2
rep1,1.064,974,2
rep1,1.0641,975,2
rep1,1.0643,976,2
rep1,1.0643,977,2
rep1,1.0643,978,2
rep1,1.0644,979,2
rep1,1.0644,980,2
rep1,1.0646,981,2
rep1,1.0646,982,2
rep1,1.0646,983,2
rep1,1.0647,984,2
rep1,1.0648,985,2
rep1,1.0649,986,2
rep1,1.0649,987,2
rep1,1.0649,988,2
rep1,1.0649,989,2
rep1,1.065,990,2
rep1,1.0651,991,2
rep1,1.0653,992,2
rep1,1.0654,993,2
rep1,1.0654,994,2
rep1,1.0654,995,2
rep1,1.0655,996,2
rep1,1.0655,997,2
rep1,1.0657,998,2
rep1,1.0657,999,2
rep1,1.0658,1000,2
rep1,1.0659,1001,2
rep1,1.066,1002,2
rep1,1.0661,1003,2
rep1,1.0661,1004,2
rep1,1.0662,1005,2
rep1,1.0662,1006,2
rep1,1.0663,1007,2
rep1,1.0664,1008,2
rep1,1.0665,1009,2
rep1,1.0666,1010,2
rep1,1.0667,1011,2
rep1,1.0668,1012,2
rep1,1.0671,1013,2
rep1,1.0672,1014,2
rep1,1.0673,1015,2
rep1,1.0674,1016,2
rep1,1.0675,1017,2
rep1,1.0676,1018,2
rep1,1.0676,1019,2
rep1,1.0677,1020,2
rep1,1.0677,1021,2
rep1,1.0677,1022,2
rep1,1.0678,1023,2
rep1,1.0678,1024,2
rep1,1.0681,1025,2
rep1,1.0682,1026,2
rep1,1.0682,1027,2
rep1,1.0683,1028,2
rep1,1.0683,1029,2
rep1,1.0685,1030,2
rep1,1.0686,1031,2
rep1,1.0688,1032,2
rep1,1.0689,1033,2
rep1,1.0689,1034,2
rep1,1.069,1035,2
rep1,1.0691,1036,2
rep1,1.0692,1037,2
rep1,1.0692,1038,2
rep1,1.0693,1039,2
rep1,1.0695,1040,2
rep1,1.0695,1041,2
rep1,1.0695,1042,2
rep1,1.0696,1043,2
rep1,1.0697,1044,2
rep1,1.0698,1045,2
rep1,1.0698,1046,2
rep1,1.07,1047,2
rep1,1.07,1048,2
rep1,1.0702,1049,2
rep1,1.0703,1050,2
rep1,1.0703,1051,2
rep1,1.0704,1052,2
rep1,1.0704,1053,2
rep1,1.0707,1054,2
rep1,1.0708,1055,2
rep1,1.0708,1056,2
rep1,1.0709,1057,2
rep1,1.0709,1058,2
rep1,1.0711,1059,2
rep1,1.0712,1060,2
rep1,1.0712,1061,2
rep1,1.0713,1062,2
rep1,1.0714,1063,2
rep1,1.0714,1064,2
rep1,1.0714,1065,2
rep1,1.0715,1066,2
rep1,1.0716,1067,2
rep1,1.0716,1068,2
rep1,1.0716,1069,2
rep1,1.0716,1070,2
rep1,1.0718,1071,2
rep1,1.0719,1072,2
rep1,1.0721,1073,2
rep1,1.0723,1074,2
rep1,1.0724,1075,2
rep1,1.0725,1076,2
rep1,1.0726,1077,2
rep1,1.0727,1078,2
rep1,1.0727,1079,2
rep1,1.0728,1080,2
rep1,1.073,1081,2
rep1,1.0731,1082,2
rep1,1.0737,1083,2
rep1,1.0738,1084,2
rep1,1.074,1085,2
rep1,1.074,1086,2
rep1,1.0742,1087,2
rep1,1.0742,1088,2
rep1,1.0743,1089,2
rep1,1.0744,1090,2
rep1,1.0745,1091,2
rep1,1.0745,1092,2
rep1,1.0745,1093,2
rep1,1.0747,1094,2
rep1,1.0748,1095,2
rep1,1.0749,1096,2
rep1,1.075,1097,2
rep1,1.0752,1098,2
rep1,1.0753,1099,2
rep1,1.0754,1100,2
rep1,1.0755,1101,2
rep1,1.0756,1102,2
rep1,1.0756,1103,2
rep1,1.0756,1104,2
rep1,1.0756,1105,2
rep1,1.0756,1106,2
rep1,1.0757,1107,2
rep1,1.0757,1108,2
rep1,1.0757,1109,2
rep1,1.0758,1110,2
rep1,1.0758,1111,2
rep1,1.0759,1112,2
rep1,1.0759,1113,2
rep1,1.0759,1114,2
rep1,1.0759,1115,2
rep1,1.0759,1116,2
rep1,1.076,1117,2
rep1,1.076,1118,2
rep1,1.076,1119,2
rep1,1.076,1120,2
rep1,1.076,1121,2
rep1,1.0761,1122,2
rep1,1.0761,1123,2
rep1,1.0761,1124,2
rep1,1.0761,1125,2
rep1,1.0762,1126,2
rep1,1.0762,1127,2
rep1,1.0763,1128,2
rep1,1.0763,1129,2
rep1,1.0763,1130,2
rep1,1.0763,1131,2
rep1,1.0763,1132,2
rep1,1.0763,1133,2
rep1,1.0763,1134,2
rep1,1.0764,1135,2
rep1,1.0764,1136,2
rep1,1.0764,1137,2
rep1,1.0765,1138,2
rep1,1.0765,1139,2
rep1,1.0765,1140,2
rep1,1.0765,1141,2
rep1,1.0766,1142,2
rep1,1.0766,1143,2
rep1,1.0766,1144,2
rep1,1.0767,1145,2
rep1,1.0767,1146,2
rep1,1.0767,1147,2
rep1,1.0767,1148,2
rep1,1.0768,1149,2
rep1,1.0768,1150,2
rep1,1.0769,1151,2
rep1,1.0769,1152,2
rep1,1.0769,1153,2
rep1,1.0769,1154,2
rep1,1.077,1155,2
rep1,1.077,1156,2
rep1,1.0771,1157,2
rep1,1.0771,1158,2
rep1,1.0771,1159,2
rep1,1.0771,1160,2
rep1,1.0772,1161,2
rep1,1.0772,1162,2
rep1,1.0772,1163,2
rep1,1.0772,1164,2
rep1,1.0773,1165,2
rep1,1.0774,1166,2
rep1,1.0774,1167,2
rep1,1.0774,1168,2
rep1,1.0775,1169,2
rep1,1.0775,1170,2
rep1,1.0775,1171,2
rep1,1.0775,1172,2
rep1,1.0775,1173,2
rep1,1.0776,1174,2
rep1,1.0776,1175,2
rep1,1.0777,1176,2
rep1,1.0777,1177,2
rep1,1.0777,1178,2
rep1,1.0778,1179,2
rep1,1.0778,1180,2
rep1,1.0779,1181,2
rep1,1.0779,1182,2
rep1,1.078,1183,2
rep1,1.078,1184,2
rep1,1.078,1185,2
rep1,1.0782,1186,2
rep1,1.0782,1187,2
rep1,1.0782,1188,2
rep1,1.0782,1189,2
rep1,1.0783,1190,2
rep1,1.0784,1191,2
rep1,1.0784,1192,2
rep1,1.0784,1193,2
rep1,1.0784,1194,2
rep1,1.0784,1195,2
rep1,1.0785,1196,2
rep1,1.0785,1197,2
rep1,1.0785,1198,2
rep1,1.0785,1199,2
rep1,1.0786,1200,2
rep1,1.0786,1201,2
rep1,1.0786,1202,2
rep1,1.0787,1203,2
rep1,1.0787,1204,2
rep1,1.0788,1205,2
rep1,1.0788,1206,2
rep1,1.0788,1207,2
rep1,1.0789,1208,2
rep1,1.0789,1209,2
rep1,1.0789,1210,2
rep1,1.079,1211,2
rep1,1.079,1212,2
rep1,1.079,1213,2
rep1,1.0791,1214,2
rep1,1.0792,1215,2
rep1,1.0793,1216,2
rep1,1.0793,1217,2
rep1,1.0794,1218,2
rep1,1.0794,1219,2
rep1,1.0794,1220,2
rep1,1.0795,1221,2
rep1,1.0795,1222,2
rep1,1.0795,1223,2
rep1,1.0796,1224,2
rep1,1.0796,1225,2
rep1,1.0797,1226,2
rep1,1.0797,1227,2
rep1,1.0798,1228,2
rep1,1.0798,1229,2
rep1,1.0798,1230,2
rep1,1.0798,1231,2
rep1,1.0799,1232,2
rep1,1.0799,1233,2
rep1,1.08,1234,2
rep1,1.08,1235,2
rep1,1.08,1236,2
rep1,1.08,1237,2
rep1,1.0801,1238,2
rep1,1.0801,1239,2
rep1,1.0801,1240,2
rep1,1.0802,1241,2
rep1,1.0802,1242,2
rep1,1.0803,1243,2
rep1,1.0803,1244,2
rep1,1.0803,1245,2
rep1,1.0804,1246,2
rep1,1.0805,1247,2
rep1,1.0805,1248,2
rep1,1.0805,1249,2
rep1,1.0805,1250,2
rep1,1.0806,1251,2
rep1,1.0806,1252,2
rep1,1.0807,1253,2
rep1,1.0807,1254,2
rep1,1.0807,1255,2
rep1,1.0808,1256,2
rep1,1.0808,1257,2
rep1,1.0808,1258,2
rep1,1.0808,1259,2
rep1,1.0808,1260,2
rep1,1.0809,1261,2
rep1,1.081,1262,2
rep1,1.0811,1263,2
rep1,1.0811,1264,2
rep1,1.0811,1265,2
rep1,1.0811,1266,2
rep1,1.0812,1267,2
rep1,1.0812,1268,2
rep1,1.0812,1269,2
rep1,1.0813,1270,2
rep1,1.0813,1271,2
rep1,1.0813,1272,2
rep1,1.0814,1273,2
rep1,1.0814,1274,2
rep1,1.0815,1275,2
rep1,1.0815,1276,2
rep1,1.0815,1277,2
rep1,1.0815,1278,2
rep1,1.0816,1279,2
rep1,1.0816,1280,2
rep1,1.0816,1281,2
rep1,1.0816,1282,2
rep1,1.0817,1283,2
rep1,1.0817,1284,2
rep1,1.0818,1285,2
rep1,1.0818,1286,2
rep1,1.0818,1287,2
rep1,1.0818,1288,2
rep1,1.0819,1289,2
rep1,1.082,1290,2
rep1,1.082,1291,2
rep1,1.082,1292,2
rep1,1.082,1293,2
rep1,1.0821,1294,2
rep1,1.0822,1295,2
rep1,1.0822,1296,2
rep1,1.0822,1297,2
rep1,1.0823,1298,2
rep1,1.0824,1299,2
rep1,1.0824,1300,2
rep1,1.0824,1301,2
rep1,1.0825,1302,2
rep1,1.0825,1303,2
rep1,1.0825,1304,2
rep1,1.0825,1305,2
rep1,1.0826,1306,2
rep1,1.0827,1307,2
rep1,1.0828,1308,2
rep1,1.0829,1309,2
rep1,1.0829,1310,2
rep1,1.0829,1311,2
rep1,1.0829,1312,2
rep1,1.083,1313,2
rep1,1.083,1314,2
rep1,1.083,1315,2
rep1,1.0831,1316,2
rep1,1.0831,1317,2
rep1,1.0831,1318,2
rep1,1.0832,1319,2
rep1,1.0832,1320,2
rep1,1.0832,1321,2
rep1,1.0833,1322,2
rep1,1.0833,1323,2
rep1,1.0833,1324,2
rep1,1.0834,1325,2
rep1,1.0835,1326,2
rep1,1.0835,1327,2
rep1,1.0835,1328,2
rep1,1.0836,1329,2
rep1,1.0836,1330,2
rep1,1.0836,1331,2
rep1,1.0837,1332,2
rep1,1.0837,1333,2
rep1,1.0837,1334,2
rep1,1.0838,1335,2
rep1,1.0838,1336,2
rep1,1.0839,1337,2
rep1,1.0839,1338,2
rep1,1.084,1339,2
rep1,1.084,1340,2
rep1,1.084,1341,2
rep1,1.084,1342,2
rep1,1.0841,1343,2
rep1,1.0842,1344,2
rep1,1.0843,1345,2
rep1,1.0843,1346,2
rep1,1.0844,1347,2
rep1,1.0844,1348,2
rep1,1.0845,1349,2
rep1,1.0845,1350,2
rep1,1.0847,1351,2
rep1,1.0847,1352,2
rep1,1.0847,1353,2
rep1,1.0848,1354,2
rep1,1.0848,1355,2
rep1,1.0849,1356,2
rep1,1.0849,1357,2
rep1,1.0851,1358,2
rep1,1.0851,1359,2
rep1,1.0852,1360,2
rep1,1.0852,1361,2
rep1,1.0852,1362,2
rep1,1.0853,1363,2
rep1,1.0853,1364,2
rep1,1.0853,1365,2
rep1,1.0854,1366,2
rep1,1.0855,1367,2
rep1,1.0855,1368,2
rep1,1.0856,1369,2
rep1,1.0856,1370,2
rep1,1.0858,1371,2
rep1,1.0858,1372,2
rep1,1.0859,1373,2
rep1,1.086,1374,2
rep1,1.086,1375,2
rep1,1.0861,1376,2
rep1,1.0861,1377,2
rep1,1.0861,1378,2
rep1,1.0862,1379,2
rep1,1.0862,1380,2
rep1,1.0862,1381,2
rep1,1.0863,1382,2
rep1,1.0863,1383,2
rep1,1.0864,1384,2
rep1,1.0864,1385,2
rep1,1.0864,1386,2
rep1,1.0864,1387,2
rep1,1.0865,1388,2
rep1,1.0866,1389,2
rep1,1.0866,1390,2
rep1,1.0866,1391,2
rep1,1.0868,1392,2
rep1,1.0868,1393,2
rep1,1.087,1394,2
rep1,1.0871,1395,2
rep1,1.0871,1396,2
rep1,1.0871,1397,2
rep1,1.0873,1398,2
rep1,1.0873,1399,2
rep1,1.0874,1400,2
rep1,1.0874,1401,2
rep1,1.0874,1402,2
rep1,1.0874,1403,2
rep1,1.0875,1404,2
rep1,1.0875,1405,2
rep1,1.0876,1406,2
rep1,1.0876,1407,2
rep1,1.0876,1408,2
rep1,1.0876,1409,2
rep1,1.0877,1410,2
rep1,1.0877,1411,2
rep1,1.0878,1412,2
rep1,1.0878,1413,2
rep1,1.0878,1414,2
rep1,1.0879,1415,2
rep1,1.088,1416,2
rep1,1.0882,1417,2
rep1,1.0882,1418,2
rep1,1.0884,1419,2
rep1,1.0885,1420,2
rep1,1.0885,1421,2
rep1,1.0886,1422,2
rep1,1.0886,1423,2
rep1,1.0886,1424,2
rep1,1.0889,1425,2
rep1,1.0889,1426,2
rep1,1.0891,1427,2
rep1,1.0892,1428,2
rep1,1.0892,1429,2
rep1,1.0892,1430,2
rep1,1.0893,1431,2
rep1,1.0894,1432,2
rep1,1.0895,1433,2
rep1,1.0895,1434,2
rep1,1.0896,1435,2
rep1,1.0897,1436,2
rep1,1.0897,1437,2
rep1,1.0897,1438,2
rep1,1.0898,1439,2
rep1,1.0899,1440,2
rep1,1.0899,1441,2
rep1,1.0899,1442,2
rep1,1.09,1443,2
rep1,1.09,1444,2
rep1,1.09,1445,2
rep1,1.0901,1446,2
rep1,1.0901,1447,2
rep1,1.0902,1448,2
rep1,1.0903,1449,2
rep1,1.0903,1450,2
rep1,1.0904,1451,2
rep1,1.0904,1452,2
rep1,1.0905,1453,2
rep1,1.0906,1454,2
rep1,1.0906,1455,2
rep1,1.0907,1456,2
rep1,1.0907,1457,2
rep1,1.0908,1458,2
rep1,1.0908,1459,2
rep1,1.0909,1460,2
rep1,1.091,1461,2
rep1,1.091,1462,2
rep1,1.0911,1463,2
rep1,1.0912,1464,2
rep1,1.0914,1465,2
rep1,1.0914,1466,2
rep1,1.0914,1467,2
rep1,1.0916,1468,2
rep1,1.0917,1469,2
rep1,1.0917,1470,2
rep1,1.0918,1471,2
rep1,1.0919,1472,2
rep1,1.092,1473,2
rep1,1.092,1474,2
rep1,1.0922,1475,2
rep1,1.0922,1476,2
rep1,1.0923,1477,2
rep1,1.0923,1478,2
rep1,1.0924,1479,2
rep1,1.0924,1480,2
rep1,1.0924,1481,2
rep1,1.0926,1482,2
rep1,1.0926,1483,2
rep1,1.0928,1484,2
rep1,1.0928,1485,2
rep1,1.0929,1486,2
rep1,1.0931,1487,2
rep1,1.0932,1488,2
rep1,1.0932,1489,2
rep1,1.0933,1490,2
rep1,1.0933,1491,2
rep1,1.0933,1492,2
rep1,1.0934,1493,2
rep1,1.0935,1494,2
rep1,1.0936,1495,2
rep1,1.0936,1496,2
rep1,1.0936,1497,2
rep1,1.0936,1498,2
rep1,1.0937,1499,2
rep1,1.0938,1500,2
rep1,1.0938,1501,2
rep1,1.0938,1502,2
rep1,1.0939,1503,2
rep1,1.0939,1504,2
rep1,1.0941,1505,2
rep1,1.0942,1506,2
rep1,1.0942,1507,2
rep1,1.0942,1508,2
rep1,1.0943,1509,2
rep1,1.0945,1510,2
rep1,1.0945,1511,2
rep1,1.0946,1512,2
rep1,1.0947,1513,2
rep1,1.0947,1514,2
rep1,1.0947,1515,2
rep1,1.0947,1516,2
rep1,1.0948,1517,2
rep1,1.0948,1518,2
rep1,1.0948,1519,2
rep1,1.0949,1520,2
rep1,1.0949,1521,2
rep1,1.095,1522,2
rep1,1.0952,1523,2
rep1,1.0952,1524,2
rep1,1.0953,1525,2
rep1,1.0955,1526,2
rep1,1.0956,1527,2
rep1,1.0957,1528,2
rep1,1.0957,1529,2
rep1,1.0957,1530,2
rep1,1.0958,1531,2
rep1,1.0958,1532,2
rep1,1.096,1533,2
rep1,1.0961,1534,2
rep1,1.0962,1535,2
rep1,1.0964,1536,2
rep1,1.0964,1537,2
rep1,1.0965,1538,2
rep1,1.0969,1539,2
rep1,1.097,1540,2
rep1,1.0971,1541,2
rep1,1.0971,1542,2
rep1,1.0973,1543,2
rep1,1.0973,1544,2
rep1,1.0975,1545,2
rep1,1.0976,1546,2
rep1,1.0977,1547,2
rep1,1.0978,1548,2
rep1,1.0978,1549,2
rep1,1.0979,1550,2
rep1,1.0979,1551,2
rep1,1.098,1552,2
rep1,1.098,1553,2
rep1,1.0981,1554,2
rep1,1.0981,1555,2
rep1,1.0983,1556,2
rep1,1.0984,1557,2
rep1,1.0984,1558,2
rep1,1.0984,1559,2
rep1,1.0985,1560,2
rep1,1.0986,1561,2
rep1,1.0986,1562,2
rep1,1.0988,1563,2
rep1,1.0989,1564,2
rep1,1.099,1565,2
rep1,1.0991,1566,2
rep1,1.0992,1567,2
rep1,1.0993,1568,2
rep1,1.0994,1569,2
rep1,1.0995,1570,2
rep1,1.0996,1571,2
rep1,1.0997,1572,2
rep1,1.0997,1573,2
rep1,1.0998,1574,2
rep1,1.0999,1575,2
rep1,1.1002,1576,2
rep1,1.1005,1577,2
rep1,1.1006,1578,2
rep1,1.1006,1579,2
rep1,1.1008,1580,2
rep1,1.1008,1581,2
rep1,1.1009,1582,2
rep1,1.101,1583,2
rep1,1.1013,1584,2
rep1,1.1014,1585,2
rep1,1.1015,1586,2
rep1,1.1018,1587,2
rep1,1.1018,1588,2
rep1,1.1019,1589,2
rep1,1.102,1590,2
rep1,1.1021,1591,2
rep1,1.1021,1592,2
rep1,1.1022,1593,2
rep1,1.1023,1594,2
rep1,1.1024,1595,2
rep1,1.1024,1596,2
rep1,1.1024,1597,2
rep1,1.1026,1598,2
rep1,1.1027,1599,2
rep1,1.1027,1600,2
rep1,1.103,1601,2
rep1,1.1031,1602,2
rep1,1.1033,1603,2
rep1,1.1033,1604,2
rep1,1.1035,1605,2
rep1,1.1035,1606,2
rep1,1.1038,1607,2
rep1,1.1038,1608,2
rep1,1.1039,1609,2
rep1,1.1039,1610,2
rep1,1.1043,1611,2
rep1,1.1044,1612,2
rep1,1.1044,1613,2
rep1,1.1045,1614,2
rep1,1.1045,1615,2
rep1,1.1045,1616,2
rep1,1.1046,1617,2
rep1,1.1047,1618,2
rep1,1.1048,1619,2
rep1,1.1049,1620,2
rep1,1.1049,1621,2
rep1,1.105,1622,2
rep1,1.105,1623,2
rep1,1.105,1624,2
rep1,1.105,1625,2
rep1,1.1052,1626,2
rep1,1.1052,1627,2
rep1,1.1053,1628,2
rep1,1.1055,1629,2
rep1,1.1056,1630,2
rep1,1.1056,1631,2
rep1,1.1057,1632,2
rep1,1.1057,1633,2
rep1,1.1058,1634,2
rep1,1.1058,1635,2
rep1,1.106,1636,2
rep1,1.1061,1637,2
rep1,1.1063,1638,2
rep1,1.1063,1639,2
rep1,1.1064,1640,2
rep1,1.1066,1641,2
rep1,1.1067,1642,2
rep1,1.1069,1643,2
rep1,1.1069,1644,2
rep1,1.107,1645,2
rep1,1.1072,1646,2
rep1,1.1074,1647,2
rep1,1.1075,1648,2
rep1,1.1078,1649,2
rep1,1.1079,1650,2
rep1,1.1079,1651,2
rep1,1.108,1652,2
rep1,1.108,1653,2
rep1,1.1081,1654,2
rep1,1.1081,1655,2
rep1,1.1081,1656,2
rep1,1.1082,1657,2
rep1,1.1083,1658,2
rep1,1.1084,1659,2
rep1,1.1087,1660,2
rep1,1.1087,1661,2
rep1,1.1087,1662,2
rep1,1.1088,1663,2
rep1,1.109,1664,2
rep1,1.1092,1665,2
rep1,1.1093,1666,2
rep1,1.1093,1667,2
rep1,1.1094,1668,2
rep1,1.1094,1669,2
rep1,1.1094,1670,2
rep1,1.1095,1671,2
rep1,1.1095,1672,2
rep1,1.1095,1673,2
rep1,1.1096,1674,2
rep1,1.1096,1675,2
rep1,1.1097,1676,2
rep1,1.1097,1677,2
rep1,1.1098,1678,2
rep1,1.1099,1679,2
rep1,1.1099,1680,2
rep1,1.1099,1681,2
rep1,1.11,1682,2
rep1,1.1102,1683,2
rep1,1.1103,1684,2
rep1,1.1103,1685,2
rep1,1.1103,1686,2
rep1,1.1104,1687,2
rep1,1.1106,1688,2
rep1,1.1106,1689,2
rep1,1.1107,1690,2
rep1,1.1107,1691,2
rep1,1.1108,1692,2
rep1,1.1109,1693,2
rep1,1.1109,1694,2
rep1,1.1109,1695,2
rep1,1.1109,1696,2
rep1,1.111,1697,2
rep1,1.111,1698,2
rep1,1.1111,1699,2
rep1,1.1111,1700,2
rep1,1.1112,1701,2
rep1,1.1113,1702,2
rep1,1.1113,1703,2
rep1,1.1115,1704,2
rep1,1.1115,1705,2
rep1,1.1115,1706,2
rep1,1.1116,1707,2
rep1,1.1117,1708,2
rep1,1.1117,1709,2
rep1,1.1118,1710,2
rep1,1.1118,1711,2
rep1,1.1119,1712,2
rep1,1.1119,1713,2
rep1,1.112,1714,2
rep1,1.1121,1715,2
rep1,1.1121,1716,2
rep1,1.1121,1717,2
rep1,1.1121,1718,2
rep1,1.1122,1719,2
rep1,1.1122,1720,2
rep1,1.1123,1721,2
rep1,1.1123,1722,2
rep1,1.1123,1723,2
rep1,1.1125,1724,2
rep1,1.1125,1725,2
rep1,1.1126,1726,2
rep1,1.1126,1727,2
rep1,1.1126,1728,2
rep1,1.1127,1729,2
rep1,1.1128,1730,2
rep1,1.1128,1731,2
rep1,1.1129,1732,2
rep1,1.1129,1733,2
rep1,1.1129,1734,2
rep1,1.113,1735,2
rep1,1.113,1736,2
rep1,1.113,1737,2
rep1,1.113,1738,2
rep1,1.113,1739,2
rep1,1.1131,1740,2
rep1,1.1131,1741,2
rep1,1.1131,1742,2
rep1,1.1132,1743,2
rep1,1.1132,1744,2
rep1,1.1133,1745,2
rep1,1.1133,1746,2
rep1,1.1134,1747,2
rep1,1.1134,1748,2
rep1,1.1135,1749,2
rep1,1.1136,1750,2
rep1,1.1137,1751,2
rep1,1.1137,1752,2
rep1,1.1137,1753,2
rep1,1.1137,1754,2
rep1,1.1137,1755,2
rep1,1.1138,1756,2
rep1,1.1139,1757,2
rep1,1.1139,1758,2
rep1,1.1139,1759,2
rep1,1.114,1760,2
rep1,1.114,1761,2
rep1,1.1141,1762,2
rep1,1.1142,1763,2
rep1,1.1142,1764,2
rep1,1.1142,1765,2
rep1,1.1143,1766,2
rep1,1.1143,1767,2
rep1,1.1144,1768,2
rep1,1.1145,1769,2
rep1,1.1146,1770,2
rep1,1.1147,1771,2
rep1,1.1148,1772,2
rep1,1.1149,1773,2
rep1,1.1149,1774,2
rep1,1.115,1775,2
rep1,1.1152,1776,2
rep1,1.1152,1777,2
rep1,1.1152,1778,2
rep1,1.1153,1779,2
rep1,1.1154,1780,2
rep1,1.1154,1781,2
rep1,1.1155,1782,2
rep1,1.1156,1783,2
rep1,1.1156,1784,2
rep1,1.1157,1785,2
rep1,1.116,1786,2
rep1,1.116,1787,2
rep1,1.1161,1788,2
rep1,1.1161,1789,2
rep1,1.1162,1790,2
rep1,1.1164,1791,2
rep1,1.1164,1792,2
rep1,1.1165,1793,2
rep1,1.1166,1794,2
rep1,1.1167,1795,2
rep1,1.1167,1796,2
rep1,1.1168,1797,2
rep1,1.1168,1798,2
rep1,1.1169,1799,2
rep1,1.117,1800,2
rep1,1.1171,1801,2
rep1,1.1171,1802,2
rep1,1.1172,1803,2
rep1,1.1172,1804,2
rep1,1.1172,1805,2
rep1,1.1173,1806,2
rep1,1.1175,1807,2
rep1,1.1176,1808,2
rep1,1.1177,1809,2
rep1,1.1177,1810,2
rep1,1.1179,1811,2
rep1,1.1179,1812,2
rep1,1.1179,1813,2
rep1,1.1179,1814,2
rep1,1.1181,1815,2
rep1,1.1181,1816,2
rep1,1.1183,1817,2
rep1,1.1183,1818,2
rep1,1.1183,1819,2
rep1,1.1185,1820,2
rep1,1.1187,1821,2
rep1,1.1188,1822,2
rep1,1.1188,1823,2
rep1,1.1188,1824,2
rep1,1.1188,1825,2
rep1,1.1189,1826,2
rep1,1.1189,1827,2
rep1,1.119,1828,2
rep1,1.119,1829,2
rep1,1.1191,1830,2
rep1,1.1192,1831,2
rep1,1.1193,1832,2
rep1,1.1193,1833,2
rep1,1.1194,1834,2
rep1,1.1194,1835,2
rep1,1.1194,1836,2
rep1,1.1196,1837,2
rep1,1.1196,1838,2
rep1,1.1197,1839,2
rep1,1.1198,1840,2
rep1,1.1198,1841,2
rep1,1.1199,1842,2
rep1,1.1199,1843,2
rep1,1.1199,1844,2
rep1,1.1201,1845,2
rep1,1.1201,1846,2
rep1,1.1201,1847,2
rep1,1.1202,1848,2
rep1,1.1202,1849,2
rep1,1.1203,1850,2
rep1,1.1204,1851,2
rep1,1.1205,1852,2
rep1,1.1206,1853,2
rep1,1.1207,1854,2
rep1,1.1208,1855,2
rep1,1.1208,1856,2
rep1,1.1209,1857,2
rep1,1.1209,1858,2
rep1,1.1209,1859,2
rep1,1.1209,1860,2
rep1,1.121,1861,2
rep1,1.1211,1862,2
rep1,1.1212,1863,2
rep1,1.1213,1864,2
rep1,1.1213,1865,2
rep1,1.1213,1866,2
rep1,1.1214,1867,2
rep1,1.1214,1868,2
rep1,1.1214,1869,2
rep1,1.1215,1870,2
rep1,1.1215,1871,2
rep1,1.1215,1872,2
rep1,1.1215,1873,2
rep1,1.1216,1874,2
rep1,1.1216,1875,2
rep1,1.1217,1876,2
rep1,1.1218,1877,2
rep1,1.1219,1878,2
rep1,1.122,1879,2
rep1,1.1221,1880,2
rep1,1.1222,1881,2
rep1,1.1222,1882,2
rep1,1.1222,1883,2
rep1,1.1223,1884,2
rep1,1.1226,1885,2
rep1,1.1226,1886,2
rep1,1.1227,1887,2
rep1,1.1228,1888,2
rep1,1.1228,1889,2
rep1,1.1228,1890,2
rep1,1.1229,1891,2
rep1,1.1229,1892,2
rep1,1.123,1893,2
rep1,1.1232,1894,2
rep1,1.1232,1895,2
rep1,1.1232,1896,2
rep1,1.1234,1897,2
rep1,1.1234,1898,2
rep1,1.1235,1899,2
rep1,1.1235,1900,2
rep1,1.1235,1901,2
rep1,1.1236,1902,2
rep1,1.1236,1903,2
rep1,1.1236,1904,2
rep1,1.1238,1905,2
rep1,1.1238,1906,2
rep1,1.1239,1907,2
rep1,1.1239,1908,2
rep1,1.1239,1909,2
rep1,1.124,1910,2
rep1,1.1241,1911,2
rep1,1.1241,1912,2
rep1,1.1242,1913,2
rep1,1.1243,1914,2
rep1,1.1246,1915,2
rep1,1.1247,1916,2
rep1,1.1247,1917,2
rep1,1.1248,1918,2
rep1,1.1248,1919,2
rep1,1.125,1920,2
rep1,1.1251,1921,2
rep1,1.1251,1922,2
rep1,1.1251,1923,2
rep1,1.1253,1924,2
rep1,1.1254,1925,2
rep1,1.1256,1926,2
rep1,1.1257,1927,2
rep1,1.1258,1928,2
rep1,1.1258,1929,2
rep1,1.1258,1930,2
rep1,1.126,1931,2
rep1,1.1261,1932,2
rep1,1.1261,1933,2
rep1,1.1261,1934,2
rep1,1.1262,1935,2
rep1,1.1262,1936,2
rep1,1.1263,1937,2
rep1,1.1263,1938,2
rep1,1.1264,1939,2
rep1,1.1266,1940,2
rep1,1.1266,1941,2
rep1,1.1266,1942,2
rep1,1.1267,1943,2
rep1,1.1267,1944,2
rep1,1.1269,1945,2
rep1,1.1272,1946,2
rep1,1.1274,1947,2
rep1,1.1274,1948,2
rep1,1.1274,1949,2
rep1,1.1275,1950,2
rep1,1.1277,1951,2
rep1,1.1277,1952,2
rep1,1.1277,1953,2
rep1,1.1278,1954,2
rep1,1.128,1955,2
rep1,1.1284,1956,2
rep1,1.1284,1957,2
rep1,1.1285,1958,2
rep1,1.1285,1959,2
rep1,1.1286,1960,2
rep1,1.1286,1961,2
rep1,1.1287,1962,2
rep1,1.1287,1963,2
rep1,1.1287,1964,2
rep1,1.1288,1965,2
rep1,1.1288,1966,2
rep1,1.1288,1967,2
rep1,1.1288,1968,2
rep1,1.1289,1969,2
rep1,1.129,1970,2
rep1,1.129,1971,2
rep1,1.129,1972,2
rep1,1.1291,1973,2
rep1,1.1291,1974,2
rep1,1.1292,1975,2
rep1,1.1292,1976,2
rep1,1.1293,1977,2
rep1,1.1293,1978,2
rep1,1.1293,1979,2
rep1,1.1294,1980,2
rep1,1.1294,1981,2
rep1,1.1294,1982,2
rep1,1.1295,1983,2
rep1,1.1296,1984,2
rep1,1.1296,1985,2
rep1,1.1298,1986,2
rep1,1.1298,1987,2
rep1,1.1298,1988,2
rep1,1.1299,1989,2
rep1,1.13,1990,2
rep1,1.1301,1991,2
rep1,1.1302,1992,2
rep1,1.1302,1993,2
rep1,1.1302,1994,2
rep1,1.1303,1995,2
rep1,1.1303,1996,2
rep1,1.1303,1997,2
rep1,1.1305,1998,2
rep1,1.1305,1999,2
rep1,1.1308,2000,2
rep1,1.1309,2001,2
rep1,1.131,2002,2
rep1,1.131,2003,2
rep1,1.131,2004,2
rep1,1.1311,2005,2
rep1,1.1311,2006,2
rep1,1.1311,2007,2
rep1,1.1312,2008,2
rep1,1.1312,2009,2
rep1,1.1312,2010,2
rep1,1.1313,2011,2
rep1,1.1315,2012,2
rep1,1.1315,2013,2
rep1,1.1316,2014,2
rep1,1.1316,2015,2
rep1,1.1318,2016,2
rep1,1.1319,2017,2
rep1,1.132,2018,2
rep1,1.132,2019,2
rep1,1.1321,2020,2
rep1,1.1321,2021,2
rep1,1.1322,2022,2
rep1,1.1323,2023,2
rep1,1.1324,2024,2
rep1,1.1324,2025,2
rep1,1.1325,2026,2
rep1,1.1326,2027,2
rep1,1.1326,2028,2
rep1,1.1326,2029,2
rep1,1.1326,2030,2
rep1,1.1327,2031,2
rep1,1.1327,2032,2
rep1,1.1328,2033,2
rep1,1.1329,2034,2
rep1,1.1329,2035,2
rep1,1.1331,2036,2
rep1,1.1332,2037,2
rep1,1.1334,2038,2
rep1,1.1335,2039,2
rep1,1.1336,2040,2
rep1,1.1336,2041,2
rep1,1.1336,2042,2
rep1,1.1337,2043,2
rep1,1.1337,2044,2
rep1,1.1338,2045,2
rep1,1.1338,2046,2
rep1,1.1339,2047,2
rep1,1.1339,2048,2
rep1,1.134,2049,2
rep1,1.134,2050,2
rep1,1.1342,2051,2
rep1,1.1342,2052,2
rep1,1.1345,2053,2
rep1,1.1345,2054,2
rep1,1.1346,2055,2
rep1,1.1347,2056,2
rep1,1.1347,2057,2
rep1,1.1348,2058,2
rep1,1.1349,2059,2
rep1,1.135,2060,2
rep1,1.1352,2061,2
rep1,1.1355,2062,2
rep1,1.1355,2063,2
rep1,1.1355,2064,2
rep1,1.1356,2065,2
rep1,1.1357,2066,2
rep1,1.136,2067,2
rep1,1.136,2068,2
rep1,1.1361,2069,2
rep1,1.1361,2070,2
rep1,1.1362,2071,2
rep1,1.1367,2072,2
rep1,1.1367,2073,2
rep1,1.1368,2074,2
rep1,1.1368,2075,2
rep1,1.1372,2076,2
rep1,1.1373,2077,2
rep1,1.1375,2078,2
rep1,1.1376,2079,2
rep1,1.1377,2080,2
rep1,1.1377,2081,2
rep1,1.1377,2082,2
rep1,1.138,2083,2
rep1,1.1381,2084,2
rep1,1.1383,2085,2
rep1,1.1383,2086,2
rep1,1.1383,2087,2
rep1,1.1383,2088,2
rep1,1.1384,2089,2
rep1,1.1384,2090,2
rep1,1.1386,2091,2
rep1,1.1387,2092,2
rep1,1.1388,2093,2
rep1,1.1388,2094,2
rep1,1.1389,2095,2
rep1,1.1389,2096,2
rep1,1.1389,2097,2
rep1,1.139,2098,2
rep1,1.1391,2099,2
rep1,1.1391,2100,2
rep1,1.1391,2101,2
rep1,1.1392,2102,2
rep1,1.1395,2103,2
rep1,1.1395,2104,2
rep1,1.1396,2105,2
rep1,1.1396,2106,2
rep1,1.1398,2107,2
rep1,1.1399,2108,2
rep1,1.1399,2109,2
rep1,1.14,2110,2
rep1,1.1401,2111,2
rep1,1.1402,2112,2
rep1,1.1404,2113,2
rep1,1.1405,2114,2
rep1,1.1406,2115,2
rep1,1.1406,2116,2
rep1,1.1407,2117,2
rep1,1.1407,2118,2
rep1,1.1408,2119,2
rep1,1.1409,2120,2
rep1,1.141,2121,2
rep1,1.141,2122,2
rep1,1.1411,2123,2
rep1,1.1412,2124,2
rep1,1.1413,2125,2
rep1,1.1414,2126,2
rep1,1.1414,2127,2
rep1,1.1416,2128,2
rep1,1.1417,2129,2
rep1,1.1418,2130,2
rep1,1.1418,2131,2
rep1,1.1421,2132,2
rep1,1.1421,2133,2
rep1,1.1421,2134,2
rep1,1.1422,2135,2
rep1,1.1423,2136,2
rep1,1.1424,2137,2
rep1,1.1425,2138,2
rep1,1.1426,2139,2
rep1,1.1426,2140,2
rep1,1.1426,2141,2
rep1,1.1427,2142,2
rep1,1.1427,2143,2
rep1,1.1428,2144,2
rep1,1.1428,2145,2
rep1,1.1428,2146,2
rep1,1.1429,2147,2
rep1,1.143,2148,2
rep1,1.143,2149,2
rep1,1.1431,2150,2
rep1,1.1433,2151,2
rep1,1.1433,2152,2
rep1,1.1434,2153,2
rep1,1.1434,2154,2
rep1,1.1435,2155,2
rep1,1.1435,2156,2
rep1,1.1436,2157,2
rep1,1.1437,2158,2
rep1,1.1438,2159,2
rep1,1.1441,2160,2
rep1,1.1441,2161,2
rep1,1.1441,2162,2
rep1,1.1442,2163,2
rep1,1.1443,2164,2
rep1,1.1444,2165,2
rep1,1.1444,2166,2
rep1,1.1444,2167,2
rep1,1.1445,2168,2
rep1,1.1445,2169,2
rep1,1.1445,2170,2
rep1,1.1445,2171,2
rep1,1.1446,2172,2
rep1,1.1447,2173,2
rep1,1.1447,2174,2
rep1,1.1448,2175,2
rep1,1.1448,2176,2
rep1,1.145,2177,2
rep1,1.145,2178,2
rep1,1.1451,2179,2
rep1,1.1451,2180,2
rep1,1.1451,2181,2
rep1,1.1452,2182,2
rep1,1.1452,2183,2
rep1,1.1453,2184,2
rep1,1.1453,2185,2
rep1,1.1453,2186,2
rep1,1.1454,2187,2
rep1,1.1455,2188,2
rep1,1.1456,2189,2
rep1,1.1456,2190,2
rep1,1.1457,2191,2
rep1,1.1457,2192,2
rep1,1.1457,2193,2
rep1,1.1458,2194,2
rep1,1.1458,2195,2
rep1,1.1459,2196,2
rep1,1.146,2197,2
rep1,1.146,2198,2
rep1,1.1461,2199,2
rep1,1.1462,2200,2
rep1,1.1463,2201,2
rep1,1.1465,2202,2
rep1,1.1465,2203,2
rep1,1.1465,2204,2
rep1,1.1466,2205,2
rep1,1.1466,2206,2
rep1,1.1466,2207,2
rep1,1.1466,2208,2
rep1,1.1467,2209,2
rep1,1.1468,2210,2
rep1,1.1469,2211,2
rep1,1.1469,2212,2
rep1,1.1469,2213,2
rep1,1.1471,2214,2
rep1,1.1472,2215,2
rep1,1.1472,2216,2
rep1,1.1473,2217,2
rep1,1.1474,2218,2
rep1,1.1474,2219,2
rep1,1.1475,2220,2
rep1,1.1475,2221,2
rep1,1.1476,2222,2
rep1,1.1476,2223,2
rep1,1.1476,2224,2
rep1,1.1476,2225,2
rep1,1.1477,2226,2
rep1,1.1477,2227,2
rep1,1.1478,2228,2
rep1,1.1478,2229,2
rep1,1.1478,2230,2
rep1,1.1479,2231,2
rep1,1.1481,2232,2
rep1,1.1481,2233,2
rep1,1.1481,2234,2
rep1,1.1483,2235,2
rep1,1.1483,2236,2
rep1,1.1483,2237,2
rep1,1.1484,2238,2
rep1,1.1485,2239,2
rep1,1.1486,2240,2
rep1,1.1486,2241,2
rep1,1.1486,2242,2
rep1,1.1487,2243,2
rep1,1.1487,2244,2
rep1,1.1488,2245,2
rep1,1.1488,2246,2
rep1,1.1489,2247,2
rep1,1.1489,2248,2
rep1,1.149,2249,2
rep1,1.1491,2250,2
rep1,1.1492,2251,2
rep1,1.1492,2252,2
rep1,1.1493,2253,2
rep1,1.1495,2254,2
rep1,1.1496,2255,2
rep1,1.1496,2256,2
rep1,1.1496,2257,2
rep1,1.1496,2258,2
rep1,1.1498,2259,2
rep1,1.1499,2260,2
rep1,1.1499,2261,2
rep1,1.1499,2262,2
rep1,1.1499,2263,2
rep1,1.1501,2264,2
rep1,1.1501,2265,2
rep1,1.1502,2266,2
rep1,1.1502,2267,2
rep1,1.1504,2268,2
rep1,1.1504,2269,2
rep1,1.1505,2270,2
rep1,1.1505,2271,2
rep1,1.1505,2272,2
rep1,1.1505,2273,2
rep1,1.1506,2274,2
rep1,1.1507,2275,2
rep1,1.1508,2276,2
rep1,1.1508,2277,2
rep1,1.1508,2278,2
rep1,1.1509,2279,2
rep1,1.1509,2280,2
rep1,1.1511,2281,2
rep1,1.1512,2282,2
rep1,1.1513,2283,2
rep1,1.1513,2284,2
rep1,1.1513,2285,2
rep1,1.1513,2286,2
rep1,1.1514,2287,2
rep1,1.1514,2288,2
rep1,1.1515,2289,2
rep1,1.1515,2290,2
rep1,1.1516,2291,2
rep1,1.1516,2292,2
rep1,1.1516,2293,2
rep1,1.1517,2294,2
rep1,1.1517,2295,2
rep1,1.152,2296,2
rep1,1.152,2297,2
rep1,1.152,2298,2
rep1,1.1521,2299,2
rep1,1.1522,2300,2
rep1,1.1522,2301,2
rep1,1.1522,2302,2
rep1,1.1523,2303,2
rep1,1.1523,2304,2
rep1,1.1524,2305,2
rep1,1.1524,2306,2
rep1,1.1525,2307,2
rep1,1.1525,2308,2
rep1,1.1525,2309,2
rep1,1.1526,2310,2
rep1,1.1526,2311,2
rep1,1.1526,2312,2
rep1,1.1527,2313,2
rep1,1.1528,2314,2
rep1,1.1528,2315,2
rep1,1.1529,2316,2
rep1,1.1529,2317,2
rep1,1.153,2318,2
rep1,1.1532,2319,2
rep1,1.1534,2320,2
rep1,1.1534,2321,2
rep1,1.1534,2322,2
rep1,1.1534,2323,2
rep1,1.1536,2324,2
rep1,1.1536,2325,2
rep1,1.1536,2326,2
rep1,1.1537,2327,2
rep1,1.1537,2328,2
rep1,1.1538,2329,2
rep1,1.1538,2330,2
rep1,1.1538,2331,2
rep1,1.1539,2332,2
rep1,1.1542,2333,2
rep1,1.1542,2334,2
rep1,1.1544,2335,2
rep1,1.1545,2336,2
rep1,1.1546,2337,2
rep1,1.1546,2338,2
rep1,1.1546,2339,2
rep1,1.1546,2340,2
rep1,1.1547,2341,2
rep1,1.1547,2342,2
rep1,1.1548,2343,2
rep1,1.155,2344,2
rep1,1.1551,2345,2
rep1,1.1552,2346,2
rep1,1.1553,2347,2
rep1,1.1554,2348,2
rep1,1.1554,2349,2
rep1,1.1555,2350,2
rep1,1.1555,2351,2
rep1,1.1556,2352,2
rep1,1.1557,2353,2
rep1,1.1558,2354,2
rep1,1.1559,2355,2
rep1,1.156,2356,2
rep1,1.1561,2357,2
rep1,1.1563,2358,2
rep1,1.1563,2359,2
rep1,1.1564,2360,2
rep1,1.1564,2361,2
rep1,1.1567,2362,2
rep1,1.1567,2363,2
rep1,1.1569,2364,2
rep1,1.157,2365,2
rep1,1.157,2366,2
rep1,1.1571,2367,2
rep1,1.1572,2368,2
rep1,1.1573,2369,2
rep1,1.1573,2370,2
rep1,1.1575,2371,2
rep1,1.1576,2372,2
rep1,1.1576,2373,2
rep1,1.1576,2374,2
rep1,1.1577,2375,2
rep1,1.1579,2376,2
rep1,1.1581,2377,2
rep1,1.1581,2378,2
rep1,1.1581,2379,2
rep1,1.1581,2380,2
rep1,1.1582,2381,2
rep1,1.1585,2382,2
rep1,1.1585,2383,2
rep1,1.1586,2384,2
rep1,1.1586,2385,2
rep1,1.1588,2386,2
rep1,1.1588,2387,2
rep1,1.1588,2388,2
rep1,1.1589,2389,2
rep1,1.1589,2390,2
rep1,1.1589,2391,2
rep1,1.1591,2392,2
rep1,1.1591,2393,2
rep1,1.1591,2394,2
rep1,1.1592,2395,2
rep1,1.1594,2396,2
rep1,1.1595,2397,2
rep1,1.1596,2398,2
rep1,1.1597,2399,2
rep1,1.1597,2400,2
rep1,1.1599,2401,2
rep1,1.1602,2402,2
rep1,1.1602,2403,2
rep1,1.1602,2404,2
rep1,1.1603,2405,2
rep1,1.1603,2406,2
rep1,1.1604,2407,2
rep1,1.1605,2408,2
rep1,1.1605,2409,2
rep1,1.1605,2410,2
rep1,1.1606,2411,2
rep1,1.1606,2412,2
rep1,1.1607,2413,2
rep1,1.1607,2414,2
rep1,1.1607,2415,2
rep1,1.161,2416,2
rep1,1.161,2417,2
rep1,1.1613,2418,2
rep1,1.1613,2419,2
rep1,1.1614,2420,2
rep1,1.1617,2421,2
rep1,1.1617,2422,2
rep1,1.1619,2423,2
rep1,1.162,2424,2
rep1,1.162,2425,2
rep1,1.1621,2426,2
rep1,1.1621,2427,2
rep1,1.1622,2428,2
rep1,1.1623,2429,2
rep1,1.1623,2430,2
rep1,1.1624,2431,2
rep1,1.1624,2432,2
rep1,1.1624,2433,2
rep1,1.1625,2434,2
rep1,1.1625,2435,2
rep1,1.1625,2436,2
rep1,1.1625,2437,2
rep1,1.1626,2438,2
rep1,1.1626,2439,2
rep1,1.1627,2440,2
rep1,1.1627,2441,2
rep1,1.1628,2442,2
rep1,1.1628,2443,2
rep1,1.1629,2444,2
rep1,1.163,2445,2
rep1,1.1631,2446,2
rep1,1.1631,2447,2
rep1,1.1632,2448,2
rep1,1.1633,2449,2
rep1,1.1634,2450,2
rep1,1.1634,2451,2
rep1,1.1636,2452,2
rep1,1.1636,2453,2
rep1,1.1637,2454,2
rep1,1.1638,2455,2
rep1,1.164,2456,2
rep1,1.164,2457,2
rep1,1.164,2458,2
rep1,1.1641,2459,2
rep1,1.1642,2460,2
rep1,1.1642,2461,2
rep1,1.1643,2462,2
rep1,1.1643,2463,2
rep1,1.1644,2464,2
rep1,1.1645,2465,2
rep1,1.1645,2466,2
rep1,1.1645,2467,2
rep1,1.1645,2468,2
rep1,1.1646,2469,2
rep1,1.1647,2470,2
rep1,1.1647,2471,2
rep1,1.1649,2472,2
rep1,1.1649,2473,2
rep1,1.1651,2474,2
rep1,1.1651,2475,2
rep1,1.1651,2476,2
rep1,1.1652,2477,2
rep1,1.1654,2478,2
rep1,1.1654,2479,2
rep1,1.1654,2480,2
rep1,1.1655,2481,2
rep1,1.1655,2482,2
rep1,1.1657,2483,2
rep1,1.1657,2484,2
rep1,1.1658,2485,2
rep1,1.1659,2486,2
rep1,1.166,2487,2
rep1,1.166,2488,2
rep1,1.1662,2489,2
rep1,1.1664,2490,2
rep1,1.1665,2491,2
rep1,1.1666,2492,2
rep1,1.1666,2493,2
rep1,1.1666,2494,2
rep1,1.1667,2495,2
rep1,1.1667,2496,2
rep1,1.1668,2497,2
rep1,1.167,2498,2
rep1,1.1672,2499,2
rep1,1.1672,2500,2
rep1,1.1673,2501,2
rep1,1.1674,2502,2
rep1,1.1674,2503,2
rep1,1.1676,2504,2
rep1,1.1676,2505,2
rep1,1.1676,2506,2
rep1,1.1677,2507,2
rep1,1.1679,2508,2
rep1,1.168,2509,2
rep1,1.168,2510,2
rep1,1.1681,2511,2
rep1,1.1681,2512,2
rep1,1.1682,2513,2
rep1,1.1683,2514,2
rep1,1.1684,2515,2
rep1,1.1685,2516,2
rep1,1.1686,2517,2
rep1,1.1689,2518,2
rep1,1.1689,2519,2
rep1,1.1689,2520,2
rep1,1.1691,2521,2
rep1,1.1692,2522,2
rep1,1.1693,2523,2
rep1,1.1693,2524,2
rep1,1.1694,2525,2
rep1,1.1696,2526,2
rep1,1.1698,2527,2
rep1,1.1698,2528,2
rep1,1.1699,2529,2
rep1,1.1699,2530,2
rep1,1.1699,2531,2
rep1,1.17,2532,2
rep1,1.1701,2533,2
rep1,1.1701,2534,2
rep1,1.1702,2535,2
rep1,1.1702,2536,2
rep1,1.1703,2537,2
rep1,1.1704,2538,2
rep1,1.1704,2539,2
rep1,1.1704,2540,2
rep1,1.1705,2541,2
rep1,1.1706,2542,2
rep1,1.1706,2543,2
rep1,1.1706,2544,2
rep1,1.1706,2545,2
rep1,1.1707,2546,2
rep1,1.1708,2547,2
rep1,1.1711,2548,2
rep1,1.1711,2549,2
rep1,1.1712,2550,2
rep1,1.1713,2551,2
rep1,1.1713,2552,2
rep1,1.1714,2553,2
rep1,1.1714,2554,2
rep1,1.1715,2555,2
rep1,1.1716,2556,2
rep1,1.1716,2557,2
rep1,1.1716,2558,2
rep1,1.1719,2559,2
rep1,1.172,2560,2
rep1,1.172,2561,2
rep1,1.1721,2562,2
rep1,1.1721,2563,2
rep1,1.1722,2564,2
rep1,1.1723,2565,2
rep1,1.1724,2566,2
rep1,1.1725,2567,2
rep1,1.1725,2568,2
rep1,1.1726,2569,2
rep1,1.1727,2570,2
rep1,1.1727,2571,2
rep1,1.1727,2572,2
rep1,1.1728,2573,2
rep1,1.1729,2574,2
rep1,1.1729,2575,2
rep1,1.173,2576,2
rep1,1.1732,2577,2
rep1,1.1733,2578,2
rep1,1.1735,2579,2
rep1,1.1735,2580,2
rep1,1.1737,2581,2
rep1,1.1737,2582,2
rep1,1.1738,2583,2
rep1,1.1739,2584,2
rep1,1.1739,2585,2
rep1,1.174,2586,2
rep1,1.1742,2587,2
rep1,1.1743,2588,2
rep1,1.1743,2589,2
rep1,1.1744,2590,2
rep1,1.1744,2591,2
rep1,1.1746,2592,2
rep1,1.1746,2593,2
rep1,1.1746,2594,2
rep1,1.1747,2595,2
rep1,1.1748,2596,2
rep1,1.1748,2597,2
rep1,1.1749,2598,2
rep1,1.175,2599,2
rep1,1.175,2600,2
rep1,1.1751,2601,2
rep1,1.1752,2602,2
rep1,1.1752,2603,2
rep1,1.1753,2604,2
rep1,1.1753,2605,2
rep1,1.1755,2606,2
rep1,1.1755,2607,2
rep1,1.1756,2608,2
rep1,1.1756,2609,2
rep1,1.1756,2610,2
rep1,1.1757,2611,2
rep1,1.1758,2612,2
rep1,1.1759,2613,2
rep1,1.1759,2614,2
rep1,1.1759,2615,2
rep1,1.176,2616,2
rep1,1.1761,2617,2
rep1,1.1761,2618,2
rep1,1.1761,2619,2
rep1,1.1762,2620,2
rep1,1.1763,2621,2
rep1,1.1763,2622,2
rep1,1.1763,2623,2
rep1,1.1764,2624,2
rep1,1.1764,2625,2
rep1,1.1764,2626,2
rep1,1.1764,2627,2
rep1,1.1766,2628,2
rep1,1.1766,2629,2
rep1,1.1767,2630,2
rep1,1.1768,2631,2
rep1,1.1769,2632,2
rep1,1.1769,2633,2
rep1,1.177,2634,2
rep1,1.177,2635,2
rep1,1.177,2636,2
rep1,1.177,2637,2
rep1,1.1771,2638,2
rep1,1.1771,2639,2
rep1,1.1771,2640,2
rep1,1.1772,2641,2
rep1,1.1775,2642,2
rep1,1.1775,2643,2
rep1,1.1776,2644,2
rep1,1.1776,2645,2
rep1,1.1777,2646,2
rep1,1.1777,2647,2
rep1,1.1777,2648,2
rep1,1.1777,2649,2
rep1,1.1778,2650,2
rep1,1.1778,2651,2
rep1,1.1778,2652,2
rep1,1.1778,2653,2
rep1,1.1779,2654,2
rep1,1.1779,2655,2
rep1,1.1779,2656,2
rep1,1.1781,2657,2
rep1,1.1781,2658,2
rep1,1.1782,2659,2
rep1,1.1782,2660,2
rep1,1.1783,2661,2
rep1,1.1784,2662,2
rep1,1.1784,2663,2
rep1,1.1784,2664,2
rep1,1.1786,2665,2
rep1,1.1787,2666,2
rep1,1.1787,2667,2
rep1,1.1787,2668,2
rep1,1.1788,2669,2
rep1,1.1789,2670,2
rep1,1.179,2671,2
rep1,1.1791,2672,2
rep1,1.1793,2673,2
rep1,1.1793,2674,2
rep1,1.1793,2675,2
rep1,1.1794,2676,2
rep1,1.1794,2677,2
rep1,1.1794,2678,2
rep1,1.1795,2679,2
rep1,1.1796,2680,2
rep1,1.1796,2681,2
rep1,1.1796,2682,2
rep1,1.1797,2683,2
rep1,1.1798,2684,2
rep1,1.1798,2685,2
rep1,1.1798,2686,2
rep1,1.1798,2687,2
rep1,1.1799,2688,2
rep1,1.1799,2689,2
rep1,1.1799,2690,2
rep1,1.1799,2691,2
rep1,1.18,2692,2
rep1,1.18,2693,2
rep1,1.18,2694,2
rep1,1.18,2695,2
rep1,1.1801,2696,2
rep1,1.1801,2697,2
rep1,1.1802,2698,2
rep1,1.1803,2699,2
rep1,1.1804,2700,2
rep1,1.1804,2701,2
rep1,1.1805,2702,2
rep1,1.1805,2703,2
rep1,1.1806,2704,2
rep1,1.1806,2705,2
rep1,1.1807,2706,2
rep1,1.1807,2707,2
rep1,1.1808,2708,2
rep1,1.1808,2709,2
rep1,1.1808,2710,2
rep1,1.1808,2711,2
rep1,1.1809,2712,2
rep1,1.1811,2713,2
rep1,1.1811,2714,2
rep1,1.1811,2715,2
rep1,1.1811,2716,2
rep1,1.1812,2717,2
rep1,1.1812,2718,2
rep1,1.1814,2719,2
rep1,1.1815,2720,2
rep1,1.1815,2721,2
rep1,1.1816,2722,2
rep1,1.1817,2723,2
rep1,1.1817,2724,2
rep1,1.1818,2725,2
rep1,1.1819,2726,2
rep1,1.1819,2727,2
rep1,1.1821,2728,2
rep1,1.1822,2729,2
rep1,1.1822,2730,2
rep1,1.1825,2731,2
rep1,1.1826,2732,2
rep1,1.1826,2733,2
rep1,1.1826,2734,2
rep1,1.1827,2735,2
rep1,1.1827,2736,2
rep1,1.1828,2737,2
rep1,1.1828,2738,2
rep1,1.1828,2739,2
rep1,1.1829,2740,2
rep1,1.183,2741,2
rep1,1.183,2742,2
rep1,1.183,2743,2
rep1,1.183,2744,2
rep1,1.1833,2745,2
rep1,1.1833,2746,2
rep1,1.1833,2747,2
rep1,1.1834,2748,2
rep1,1.1834,2749,2
rep1,1.1834,2750,2
rep1,1.1834,2751,2
rep1,1.1834,2752,2
rep1,1.1836,2753,2
rep1,1.1837,2754,2
rep1,1.1837,2755,2
rep1,1.1838,2756,2
rep1,1.1839,2757,2
rep1,1.1839,2758,2
rep1,1.1839,2759,2
rep1,1.184,2760,2
rep1,1.184,2761,2
rep1,1.184,2762,2
rep1,1.184,2763,2
rep1,1.1841,2764,2
rep1,1.1841,2765,2
rep1,1.1842,2766,2
rep1,1.1843,2767,2
rep1,1.1844,2768,2
rep1,1.1844,2769,2
rep1,1.1844,2770,2
rep1,1.1845,2771,2
rep1,1.1845,2772,2
rep1,1.1845,2773,2
rep1,1.1846,2774,2
rep1,1.1846,2775,2
rep1,1.1846,2776,2
rep1,1.1846,2777,2
rep1,1.1847,2778,2
rep1,1.1847,2779,2
rep1,1.1847,2780,2
rep1,1.1847,2781,2
rep1,1.1848,2782,2
rep1,1.1849,2783,2
rep1,1.1849,2784,2
rep1,1.1851,2785,2
rep1,1.1851,2786,2
rep1,1.1852,2787,2
rep1,1.1853,2788,2
rep1,1.1854,2789,2
rep1,1.1855,2790,2
rep1,1.1856,2791,2
rep1,1.1856,2792,2
rep1,1.1856,2793,2
rep1,1.1856,2794,2
rep1,1.1857,2795,2
rep1,1.1857,2796,2
rep1,1.1859,2797,2
rep1,1.1861,2798,2
rep1,1.1861,2799,2
rep1,1.1861,2800,2
rep1,1.1862,2801,2
rep1,1.1862,2802,2
rep1,1.1862,2803,2
rep1,1.1863,2804,2
rep1,1.1866,2805,2
rep1,1.1866,2806,2
rep1,1.1867,2807,2
rep1,1.1867,2808,2
rep1,1.1868,2809,2
rep1,1.1868,2810,2
rep1,1.1869,2811,2
rep1,1.187,2812,2
rep1,1.1871,2813,2
rep1,1.1872,2814,2
rep1,1.1873,2815,2
rep1,1.1874,2816,2
rep1,1.1875,2817,2
rep1,1.1875,2818,2
rep1,1.1876,2819,2
rep1,1.1876,2820,2
rep1,1.1877,2821,2
rep1,1.1877,2822,2
rep1,1.1878,2823,2
rep1,1.1881,2824,2
rep1,1.1881,2825,2
rep1,1.1881,2826,2
rep1,1.1882,2827,2
rep1,1.1882,2828,2
rep1,1.1882,2829,2
rep1,1.1882,2830,2
rep1,1.1884,2831,2
rep1,1.1884,2832,2
rep1,1.1885,2833,2
rep1,1.1885,2834,2
rep1,1.1887,2835,2
rep1,1.1887,2836,2
rep1,1.1887,2837,2
rep1,1.1887,2838,2
rep1,1.1887,2839,2
rep1,1.1888,2840,2
rep1,1.189,2841,2
rep1,1.1891,2842,2
rep1,1.1891,2843,2
rep1,1.1892,2844,2
rep1,1.1893,2845,2
rep1,1.1894,2846,2
rep1,1.1895,2847,2
rep1,1.1895,2848,2
rep1,1.1895,2849,2
rep1,1.1896,2850,2
rep1,1.1896,2851,2
rep1,1.1897,2852,2
rep1,1.1897,2853,2
rep1,1.1898,2854,2
rep1,1.1899,2855,2
rep1,1.1899,2856,2
rep1,1.19,2857,2
rep1,1.19,2858,2
rep1,1.1901,2859,2
rep1,1.1901,2860,2
rep1,1.1901,2861,2
rep1,1.1901,2862,2
rep1,1.1902,2863,2
rep1,1.1902,2864,2
rep1,1.1902,2865,2
rep1,1.1903,2866,2
rep1,1.1903,2867,2
rep1,1.1904,2868,2
rep1,1.1904,2869,2
rep1,1.1906,2870,2
rep1,1.1906,2871,2
rep1,1.1906,2872,2
rep1,1.1906,2873,2
rep1,1.1906,2874,2
rep1,1.1908,2875,2
rep1,1.191,2876,2
rep1,1.1912,2877,2
rep1,1.1912,2878,2
rep1,1.1913,2879,2
rep1,1.1913,2880,2
rep1,1.1913,2881,2
rep1,1.1913,2882,2
rep1,1.1914,2883,2
rep1,1.1914,2884,2
rep1,1.1915,2885,2
rep1,1.1915,2886,2
rep1,1.1916,2887,2
rep1,1.1917,2888,2
rep1,1.1917,2889,2
rep1,1.1918,2890,2
rep1,1.1918,2891,2
rep1,1.1918,2892,2
rep1,1.1919,2893,2
rep1,1.192,2894,2
rep1,1.1921,2895,2
rep1,1.1921,2896,2
rep1,1.1921,2897,2
rep1,1.1922,2898,2
rep1,1.1923,2899,2
rep1,1.1923,2900,2
rep1,1.1923,2901,2
rep1,1.1924,2902,2
rep1,1.1924,2903,2
rep1,1.1925,2904,2
rep1,1.1925,2905,2
rep1,1.1926,2906,2
rep1,1.1926,2907,2
rep1,1.1929,2908,2
rep1,1.193,2909,2
rep1,1.193,2910,2
rep1,1.1931,2911,2
rep1,1.1932,2912,2
rep1,1.1933,2913,2
rep1,1.1935,2914,2
rep1,1.1935,2915,2
rep1,1.1936,2916,2
rep1,1.1937,2917,2
rep1,1.1937,2918,2
rep1,1.1938,2919,2
rep1,1.1939,2920,2
rep1,1.194,2921,2
rep1,1.194,2922,2
rep1,1.1941,2923,2
rep1,1.1941,2924,2
rep1,1.1942,2925,2
rep1,1.1942,2926,2
rep1,1.1944,2927,2
rep1,1.1947,2928,2
rep1,1.1947,2929,2
rep1,1.1951,2930,2
rep1,1.1952,2931,2
rep1,1.1952,2932,2
rep1,1.1952,2933,2
rep1,1.1953,2934,2
rep1,1.1953,2935,2
rep1,1.1953,2936,2
rep1,1.1954,2937,2
rep1,1.1955,2938,2
rep1,1.1956,2939,2
rep1,1.1956,2940,2
rep1,1.1958,2941,2
rep1,1.1958,2942,2
rep1,1.1958,2943,2
rep1,1.1962,2944,2
rep1,1.1964,2945,2
rep1,1.1964,2946,2
rep1,1.1964,2947,2
rep1,1.1965,2948,2
rep1,1.1966,2949,2
rep1,1.1967,2950,2
rep1,1.1968,2951,2
rep1,1.1968,2952,2
rep1,1.1968,2953,2
rep1,1.197,2954,2
rep1,1.197,2955,2
rep1,1.1972,2956,2
rep1,1.1972,2957,2
rep1,1.1976,2958,2
rep1,1.1976,2959,2
rep1,1.1976,2960,2
rep1,1.1977,2961,2
rep1,1.1977,2962,2
rep1,1.1979,2963,2
rep1,1.1979,2964,2
rep1,1.1981,2965,2
rep1,1.1981,2966,2
rep1,1.1981,2967,2
rep1,1.1983,2968,2
rep1,1.1983,2969,2
rep1,1.1983,2970,2
rep1,1.1983,2971,2
rep1,1.1984,2972,2
rep1,1.1986,2973,2
rep1,1.1986,2974,2
rep1,1.1986,2975,2
rep1,1.1986,2976,2
rep1,1.1988,2977,2
rep1,1.1989,2978,2
rep1,1.1991,2979,2
rep1,1.1992,2980,2
rep1,1.1993,2981,2
rep1,1.1994,2982,2
rep1,1.1994,2983,2
rep1,1.1995,2984,2
rep1,1.1995,2985,2
rep1,1.1997,2986,2
rep1,1.1997,2987,2
rep1,1.1997,2988,2
rep1,1.1997,2989,2
rep1,1.1998,2990,2
rep1,1.1999,2991,2
rep1,1.1999,2992,2
rep1,1.2001,2993,2
rep1,1.2001,2994,2
rep1,1.2002,2995,2
rep1,1.2003,2996,2
rep1,1.2005,2997,2
rep1,1.2005,2998,2
rep1,1.2005,2999,2
rep1,1.2006,3000,2
rep1,1.2007,3001,2
rep1,1.2008,3002,2
rep1,1.2008,3003,2
rep1,1.2009,3004,2
rep1,1.201,3005,2
rep1,1.2011,3006,2
rep1,1.2011,3007,2
rep1,1.2012,3008,2
rep1,1.2012,3009,2
rep1,1.2013,3010,2
rep1,1.2013,3011,2
rep1,1.2014,3012,2
rep1,1.2015,3013,2
rep1,1.2017,3014,2
rep1,1.2019,3015,2
rep1,1.202,3016,2
rep1,1.2021,3017,2
rep1,1.2022,3018,2
rep1,1.2024,3019,2
rep1,1.2024,3020,2
rep1,1.2024,3021,2
rep1,1.2025,3022,2
rep1,1.2025,3023,2
rep1,1.2025,3024,2
rep1,1.2025,3025,2
rep1,1.2026,3026,2
rep1,1.2026,3027,2
rep1,1.2026,3028,2
rep1,1.2028,3029,2
rep1,1.2028,3030,2
rep1,1.203,3031,2
rep1,1.2031,3032,2
rep1,1.2031,3033,2
rep1,1.2032,3034,2
rep1,1.2033,3035,2
rep1,1.2034,3036,2
rep1,1.2034,3037,2
rep1,1.2035,3038,2
rep1,1.2035,3039,2
rep1,1.2035,3040,2
rep1,1.2036,3041,2
rep1,1.2037,3042,2
rep1,1.2038,3043,2
rep1,1.204,3044,2
rep1,1.204,3045,2
rep1,1.2041,3046,2
rep1,1.2042,3047,2
rep1,1.2043,3048,2
rep1,1.2043,3049,2
rep1,1.2043,3050,2
rep1,1.2044,3051,2
rep1,1.2045,3052,2
rep1,1.2045,3053,2
rep1,1.2046,3054,2
rep1,1.2046,3055,2
rep1,1.2047,3056,2
rep1,1.2047,3057,2
rep1,1.2047,3058,2
rep1,1.2048,3059,2
rep1,1.2049,3060,2
rep1,1.2049,3061,2
rep1,1.2052,3062,2
rep1,1.2053,3063,2
rep1,1.2053,3064,2
rep1,1.2055,3065,2
rep1,1.2055,3066,2
rep1,1.2055,3067,2
rep1,1.2057,3068,2
rep1,1.2057,3069,2
rep1,1.2058,3070,2
rep1,1.2059,3071,2
rep1,1.2059,3072,2
rep1,1.2059,3073,2
rep1,1.206,3074,2
rep1,1.206,3075,2
rep1,1.206,3076,2
rep1,1.2061,3077,2
rep1,1.2062,3078,2
rep1,1.2064,3079,2
rep1,1.2065,3080,2
rep1,1.2066,3081,2
rep1,1.2067,3082,2
rep1,1.2067,3083,2
rep1,1.2067,3084,2
rep1,1.2067,3085,2
rep1,1.2068,3086,2
rep1,1.2068,3087,2
rep1,1.2068,3088,2
rep1,1.2069,3089,2
rep1,1.207,3090,2
rep1,1.2073,3091,2
rep1,1.2074,3092,2
rep1,1.2076,3093,2
rep1,1.2077,3094,2
rep1,1.2078,3095,2
rep1,1.208,3096,2
rep1,1.208,3097,2
rep1,1.2082,3098,2
rep1,1.2082,3099,2
rep1,1.2082,3100,2
rep1,1.2083,3101,2
rep1,1.2084,3102,2
rep1,1.2085,3103,2
rep1,1.2086,3104,2
rep1,1.2089,3105,2
rep1,1.209,3106,2
rep1,1.209,3107,2
rep1,1.2093,3108,2
rep1,1.2093,3109,2
rep1,1.2094,3110,2
rep1,1.2094,3111,2
rep1,1.2095,3112,2
rep1,1.2095,3113,2
rep1,1.2096,3114,2
rep1,1.2096,3115,2
rep1,1.2096,3116,2
rep1,1.2097,3117,2
rep1,1.2097,3118,2
rep1,1.2098,3119,2
rep1,1.2099,3120,2
rep1,1.2099,3121,2
rep1,1.21,3122,2
rep1,1.2101,3123,2
rep1,1.2101,3124,2
rep1,1.2101,3125,2
rep1,1.2102,3126,2
rep1,1.2102,3127,2
rep1,1.2102,3128,2
rep1,1.2103,3129,2
rep1,1.2104,3130,2
rep1,1.2106,3131,2
rep1,1.2107,3132,2
rep1,1.2107,3133,2
rep1,1.2107,3134,2
rep1,1.2108,3135,2
rep1,1.2108,3136,2
rep1,1.2109,3137,2
rep1,1.2112,3138,2
rep1,1.2112,3139,2
rep1,1.2113,3140,2
rep1,1.2113,3141,2
rep1,1.2113,3142,2
rep1,1.2114,3143,2
rep1,1.2114,3144,2
rep1,1.2115,3145,2
rep1,1.2116,3146,2
rep1,1.2116,3147,2
rep1,1.2116,3148,2
rep1,1.2117,3149,2
rep1,1.2117,3150,2
rep1,1.2118,3151,2
rep1,1.2118,3152,2
rep1,1.2119,3153,2
rep1,1.2119,3154,2
rep1,1.2119,3155,2
rep1,1.212,3156,2
rep1,1.2122,3157,2
rep1,1.2123,3158,2
rep1,1.2124,3159,2
rep1,1.2124,3160,2
rep1,1.2126,3161,2
rep1,1.2126,3162,2
rep1,1.2126,3163,2
rep1,1.2126,3164,2
rep1,1.2128,3165,2
rep1,1.2128,3166,2
rep1,1.2129,3167,2
rep1,1.2131,3168,2
rep1,1.2131,3169,2
rep1,1.2131,3170,2
rep1,1.2133,3171,2
rep1,1.2133,3172,2
rep1,1.2134,3173,2
rep1,1.2134,3174,2
rep1,1.2135,3175,2
rep1,1.2138,3176,2
rep1,1.2138,3177,2
rep1,1.214,3178,2
rep1,1.214,3179,2
rep1,1.2141,3180,2
rep1,1.2141,3181,2
rep1,1.2143,3182,2
rep1,1.2144,3183,2
rep1,1.2145,3184,2
rep1,1.2145,3185,2
rep1,1.2146,3186,2
rep1,1.2147,3187,2
rep1,1.2147,3188,2
rep1,1.2148,3189,2
rep1,1.2148,3190,2
rep1,1.2149,3191,2
rep1,1.2149,3192,2
rep1,1.2149,3193,2
rep1,1.2151,3194,2
rep1,1.2151,3195,2
rep1,1.2152,3196,2
rep1,1.2154,3197,2
rep1,1.2154,3198,2
rep1,1.2156,3199,2
rep1,1.2156,3200,2
rep1,1.2157,3201,2
rep1,1.2157,3202,2
rep1,1.2157,3203,2
rep1,1.2159,3204,2
rep1,1.2161,3205,2
rep1,1.2161,3206,2
rep1,1.2162,3207,2
rep1,1.2162,3208,2
rep1,1.2164,3209,2
rep1,1.2165,3210,2
rep1,1.2166,3211,2
rep1,1.2167,3212,2
rep1,1.2167,3213,2
rep1,1.2167,3214,2
rep1,1.2167,3215,2
rep1,1.2168,3216,2
rep1,1.2168,3217,2
rep1,1.2169,3218,2
rep1,1.2169,3219,2
rep1,1.2169,3220,2
rep1,1.2169,3221,2
rep1,1.2169,3222,2
rep1,1.217,3223,2
rep1,1.217,3224,2
rep1,1.217,3225,2
rep1,1.217,3226,2
rep1,1.217,3227,2
rep1,1.2171,3228,2
rep1,1.2172,3229,2
rep1,1.2173,3230,2
rep1,1.2174,3231,2
rep1,1.2175,3232,2
rep1,1.2177,3233,2
rep1,1.2178,3234,2
rep1,1.2178,3235,2
rep1,1.2178,3236,2
rep1,1.2179,3237,2
rep1,1.218,3238,2
rep1,1.2184,3239,2
rep1,1.2184,3240,2
rep1,1.2184,3241,2
rep1,1.2185,3242,2
rep1,1.2188,3243,2
rep1,1.2188,3244,2
rep1,1.2188,3245,2
rep1,1.219,3246,2
rep1,1.219,3247,2
rep1,1.2191,3248,2
rep1,1.2191,3249,2
rep1,1.2193,3250,2
rep1,1.2193,3251,2
rep1,1.2193,3252,2
rep1,1.2195,3253,2
rep1,1.2196,3254,2
rep1,1.2196,3255,2
rep1,1.2197,3256,2
rep1,1.2198,3257,2
rep1,1.2198,3258,2
rep1,1.2198,3259,2
rep1,1.2198,3260,2
rep1,1.2199,3261,2
rep1,1.22,3262,2
rep1,1.2201,3263,2
rep1,1.2202,3264,2
rep1,1.2206,3265,2
rep1,1.2207,3266,2
rep1,1.2209,3267,2
rep1,1.221,3268,2
rep1,1.221,3269,2
rep1,1.2211,3270,2
rep1,1.2214,3271,2
rep1,1.2215,3272,2
rep1,1.2216,3273,2
rep1,1.222,3274,2
rep1,1.222,3275,2
rep1,1.2222,3276,2
rep1,1.2222,3277,2
rep1,1.2222,3278,2
rep1,1.2223,3279,2
rep1,1.2224,3280,2
rep1,1.2224,3281,2
rep1,1.2224,3282,2
rep1,1.2225,3283,2
rep1,1.2225,3284,2
rep1,1.2226,3285,2
rep1,1.2227,3286,2
rep1,1.2227,3287,2
rep1,1.2228,3288,2
rep1,1.2228,3289,2
rep1,1.223,3290,2
rep1,1.2233,3291,2
rep1,1.2234,3292,2
rep1,1.2235,3293,2
rep1,1.2235,3294,2
rep1,1.2236,3295,2
rep1,1.2237,3296,2
rep1,1.2237,3297,2
rep1,1.2237,3298,2
rep1,1.2238,3299,2
rep1,1.2239,3300,2
rep1,1.224,3301,2
rep1,1.2241,3302,2
rep1,1.2242,3303,2
rep1,1.2242,3304,2
rep1,1.2243,3305,2
rep1,1.2243,3306,2
rep1,1.2244,3307,2
rep1,1.2245,3308,2
rep1,1.2245,3309,2
rep1,1.2246,3310,2
rep1,1.2246,3311,2
rep1,1.2246,3312,2
rep1,1.2246,3313,2
rep1,1.2247,3314,2
rep1,1.2248,3315,2
rep1,1.2248,3316,2
rep1,1.225,3317,2
rep1,1.2252,3318,2
rep1,1.2254,3319,2
rep1,1.2255,3320,2
rep1,1.2255,3321,2
rep1,1.2255,3322,2
rep1,1.2255,3323,2
rep1,1.2256,3324,2
rep1,1.2256,3325,2
rep1,1.2256,3326,2
rep1,1.2257,3327,2
rep1,1.2258,3328,2
rep1,1.2258,3329,2
rep1,1.2258,3330,2
rep1,1.226,3331,2
rep1,1.2261,3332,2
rep1,1.2263,3333,2
rep1,1.2265,3334,2
rep1,1.2266,3335,2
rep1,1.2266,3336,2
rep1,1.2269,3337,2
rep1,1.2269,3338,2
rep1,1.2269,3339,2
rep1,1.2269,3340,2
rep1,1.2273,3341,2
rep1,1.2274,3342,2
rep1,1.2274,3343,2
rep1,1.2278,3344,2
rep1,1.2279,3345,2
rep1,1.2279,3346,2
rep1,1.228,3347,2
rep1,1.2281,3348,2
rep1,1.2281,3349,2
rep1,1.2281,3350,2
rep1,1.2282,3351,2
rep1,1.2282,3352,2
rep1,1.2282,3353,2
rep1,1.2283,3354,2
rep1,1.2283,3355,2
rep1,1.2284,3356,2
rep1,1.2286,3357,2
rep1,1.2287,3358,2
rep1,1.2287,3359,2
rep1,1.2288,3360,2
rep1,1.2291,3361,2
rep1,1.2292,3362,2
rep1,1.2293,3363,2
rep1,1.2293,3364,2
rep1,1.2295,3365,2
rep1,1.2295,3366,2
rep1,1.2296,3367,2
rep1,1.2296,3368,2
rep1,1.2298,3369,2
rep1,1.2299,3370,2
rep1,1.2299,3371,2
rep1,1.2299,3372,2
rep1,1.23,3373,2
rep1,1.2301,3374,2
rep1,1.2302,3375,2
rep1,1.2303,3376,2
rep1,1.2304,3377,2
rep1,1.2304,3378,2
rep1,1.2305,3379,2
rep1,1.2307,3380,2
rep1,1.2307,3381,2
rep1,1.2308,3382,2
rep1,1.2308,3383,2
rep1,1.231,3384,2
rep1,1.2311,3385,2
rep1,1.2312,3386,2
rep1,1.2313,3387,2
rep1,1.2315,3388,2
rep1,1.2315,3389,2
rep1,1.2316,3390,2
rep1,1.2318,3391,2
rep1,1.232,3392,2
rep1,1.2321,3393,2
rep1,1.2323,3394,2
rep1,1.2324,3395,2
rep1,1.2325,3396,2
rep1,1.2325,3397,2
rep1,1.2326,3398,2
rep1,1.2327,3399,2
rep1,1.2328,3400,2
rep1,1.2328,3401,2
rep1,1.2328,3402,2
rep1,1.2328,3403,2
rep1,1.2333,3404,2
rep1,1.2334,3405,2
rep1,1.2336,3406,2
rep1,1.2341,3407,2
rep1,1.2342,3408,2
rep1,1.2344,3409,2
rep1,1.2346,3410,2
rep1,1.2347,3411,2
rep1,1.2347,3412,2
rep1,1.2348,3413,2
rep1,1.235,3414,2
rep1,1.235,3415,2
rep1,1.235,3416,2
rep1,1.2352,3417,2
rep1,1.2353,3418,2
rep1,1.2353,3419,2
rep1,1.2354,3420,2
rep1,1.2354,3421,2
rep1,1.2355,3422,2
rep1,1.2355,3423,2
rep1,1.2355,3424,2
rep1,1.2356,3425,2
rep1,1.2356,3426,2
rep1,1.2358,3427,2
rep1,1.2358,3428,2
rep1,1.236,3429,2
rep1,1.2361,3430,2
rep1,1.2362,3431,2
rep1,1.2364,3432,2
rep1,1.2364,3433,2
rep1,1.2364,3434,2
rep1,1.2365,3435,2
rep1,1.2365,3436,2
rep1,1.2367,3437,2
rep1,1.2368,3438,2
rep1,1.2369,3439,2
rep1,1.2369,3440,2
rep1,1.2369,3441,2
rep1,1.237,3442,2
rep1,1.2372,3443,2
rep1,1.2373,3444,2
rep1,1.2374,3445,2
rep1,1.2374,3446,2
rep1,1.2375,3447,2
rep1,1.2375,3448,2
rep1,1.2375,3449,2
rep1,1.2377,3450,2
rep1,1.2378,3451,2
rep1,1.2378,3452,2
rep1,1.238,3453,2
rep1,1.2381,3454,2
rep1,1.2382,3455,2
rep1,1.2382,3456,2
rep1,1.2383,3457,2
rep1,1.2384,3458,2
rep1,1.2385,3459,2
rep1,1.2385,3460,2
rep1,1.2385,3461,2
rep1,1.2386,3462,2
rep1,1.2386,3463,2
rep1,1.2386,3464,2
rep1,1.2388,3465,2
rep1,1.2388,3466,2
rep1,1.2389,3467,2
rep1,1.2391,3468,2
rep1,1.2393,3469,2
rep1,1.2395,3470,2
rep1,1.2396,3471,2
rep1,1.2397,3472,2
rep1,1.2399,3473,2
rep1,1.2399,3474,2
rep1,1.2399,3475,2
rep1,1.24,3476,2
rep1,1.24,3477,2
rep1,1.2401,3478,2
rep1,1.2401,3479,2
rep1,1.2402,3480,2
rep1,1.2405,3481,2
rep1,1.2405,3482,2
rep1,1.2405,3483,2
rep1,1.2406,3484,2
rep1,1.2409,3485,2
rep1,1.2413,3486,2
rep1,1.2414,3487,2
rep1,1.2417,3488,2
rep1,1.2417,3489,2
rep1,1.2418,3490,2
rep1,1.2421,3491,2
rep1,1.2423,3492,2
rep1,1.2424,3493,2
rep1,1.2425,3494,2
rep1,1.2426,3495,2
rep1,1.2427,3496,2
rep1,1.2428,3497,2
rep1,1.2428,3498,2
rep1,1.2428,3499,2
rep1,1.2431,3500,2
rep1,1.2431,3501,2
rep1,1.2432,3502,2
rep1,1.2432,3503,2
rep1,1.2433,3504,2
rep1,1.2434,3505,2
rep1,1.2435,3506,2
rep1,1.2437,3507,2
rep1,1.2437,3508,2
rep1,1.2438,3509,2
rep1,1.2438,3510,2
rep1,1.244,3511,2
rep1,1.244,3512,2
rep1,1.2441,3513,2
rep1,1.2442,3514,2
rep1,1.2442,3515,2
rep1,1.2442,3516,2
rep1,1.2443,3517,2
rep1,1.2443,3518,2
rep1,1.2444,3519,2
rep1,1.2444,3520,2
rep1,1.2446,3521,2
rep1,1.2446,3522,2
rep1,1.2446,3523,2
rep1,1.2446,3524,2
rep1,1.2446,3525,2
rep1,1.245,3526,2
rep1,1.2451,3527,2
rep1,1.2453,3528,2
rep1,1.2456,3529,2
rep1,1.2457,3530,2
rep1,1.2457,3531,2
rep1,1.2457,3532,2
rep1,1.2458,3533,2
rep1,1.2461,3534,2
rep1,1.2461,3535,2
rep1,1.2462,3536,2
rep1,1.2462,3537,2
rep1,1.2465,3538,2
rep1,1.2466,3539,2
rep1,1.2467,3540,2
rep1,1.2467,3541,2
rep1,1.2468,3542,2
rep1,1.2468,3543,2
rep1,1.2468,3544,2
rep1,1.2469,3545,2
rep1,1.2469,3546,2
rep1,1.2469,3547,2
rep1,1.2471,3548,2
rep1,1.2473,3549,2
rep1,1.2474,3550,2
rep1,1.2477,3551,2
rep1,1.2477,3552,2
rep1,1.2478,3553,2
rep1,1.2478,3554,2
rep1,1.2479,3555,2
rep1,1.248,3556,2
rep1,1.248,3557,2
rep1,1.2481,3558,2
rep1,1.2482,3559,2
rep1,1.2484,3560,2
rep1,1.2484,3561,2
rep1,1.2485,3562,2
rep1,1.2486,3563,2
rep1,1.249,3564,2
rep1,1.249,3565,2
rep1,1.2491,3566,2
rep1,1.2494,3567,2
rep1,1.2494,3568,2
rep1,1.2495,3569,2
rep1,1.2496,3570,2
rep1,1.2497,3571,2
rep1,1.2498,3572,2
rep1,1.2498,3573,2
rep1,1.2499,3574,2
rep1,1.25,3575,2
rep1,1.2501,3576,2
rep1,1.2504,3577,2
rep1,1.2507,3578,2
rep1,1.2508,3579,2
rep1,1.2508,3580,2
rep1,1.2508,3581,2
rep1,1.2509,3582,2
rep1,1.251,3583,2
rep1,1.2511,3584,2
rep1,1.2512,3585,2
rep1,1.2513,3586,2
rep1,1.2516,3587,2
rep1,1.2516,3588,2
rep1,1.2516,3589,2
rep1,1.2517,3590,2
rep1,1.2518,3591,2
rep1,1.2519,3592,2
rep1,1.2519,3593,2
rep1,1.252,3594,2
rep1,1.252,3595,2
rep1,1.252,3596,2
rep1,1.252,3597,2
rep1,1.2521,3598,2
rep1,1.2521,3599,2
rep1,1.2524,3600,2
rep1,1.2524,3601,2
rep1,1.2524,3602,2
rep1,1.2524,3603,2
rep1,1.2525,3604,2
rep1,1.2528,3605,2
rep1,1.2529,3606,2
rep1,1.253,3607,2
rep1,1.253,3608,2
rep1,1.2531,3609,2
rep1,1.2533,3610,2
rep1,1.2534,3611,2
rep1,1.2537,3612,2
rep1,1.2537,3613,2
rep1,1.254,3614,2
rep1,1.254,3615,2
rep1,1.2541,3616,2
rep1,1.2542,3617,2
rep1,1.2543,3618,2
rep1,1.2544,3619,2
rep1,1.2545,3620,2
rep1,1.2547,3621,2
rep1,1.2548,3622,2
rep1,1.2549,3623,2
rep1,1.255,3624,2
rep1,1.2552,3625,2
rep1,1.2554,3626,2
rep1,1.2556,3627,2
rep1,1.2556,3628,2
rep1,1.2557,3629,2
rep1,1.2557,3630,2
rep1,1.256,3631,2
rep1,1.2562,3632,2
rep1,1.2563,3633,2
rep1,1.2564,3634,2
rep1,1.2564,3635,2
rep1,1.2564,3636,2
rep1,1.2565,3637,2
rep1,1.2566,3638,2
rep1,1.2566,3639,2
rep1,1.2566,3640,2
rep1,1.2568,3641,2
rep1,1.2572,3642,2
rep1,1.2573,3643,2
rep1,1.2573,3644,2
rep1,1.2574,3645,2
rep1,1.2574,3646,2
rep1,1.2575,3647,2
rep1,1.2575,3648,2
rep1,1.2578,3649,2
rep1,1.2578,3650,2
rep1,1.2579,3651,2
rep1,1.2579,3652,2
rep1,1.2579,3653,2
rep1,1.258,3654,2
rep1,1.2582,3655,2
rep1,1.2584,3656,2
rep1,1.2585,3657,2
rep1,1.2586,3658,2
rep1,1.2586,3659,2
rep1,1.2587,3660,2
rep1,1.2588,3661,2
rep1,1.2589,3662,2
rep1,1.2589,3663,2
rep1,1.259,3664,2
rep1,1.2591,3665,2
rep1,1.2594,3666,2
rep1,1.2594,3667,2
rep1,1.2595,3668,2
rep1,1.2595,3669,2
rep1,1.2596,3670,2
rep1,1.2597,3671,2
rep1,1.26,3672,2
rep1,1.2602,3673,2
rep1,1.2602,3674,2
rep1,1.2604,3675,2
rep1,1.2605,3676,2
rep1,1.2605,3677,2
rep1,1.2605,3678,2
rep1,1.2605,3679,2
rep1,1.2606,3680,2
rep1,1.2607,3681,2
rep1,1.2607,3682,2
rep1,1.2608,3683,2
rep1,1.2609,3684,2
rep1,1.261,3685,2
rep1,1.2611,3686,2
rep1,1.2612,3687,2
rep1,1.2614,3688,2
rep1,1.2614,3689,2
rep1,1.2614,3690,2
rep1,1.2617,3691,2
rep1,1.2617,3692,2
rep1,1.262,3693,2
rep1,1.2622,3694,2
rep1,1.2624,3695,2
rep1,1.2627,3696,2
rep1,1.2627,3697,2
rep1,1.2628,3698,2
rep1,1.2629,3699,2
rep1,1.263,3700,2
rep1,1.2631,3701,2
rep1,1.2631,3702,2
rep1,1.2633,3703,2
rep1,1.2634,3704,2
rep1,1.2635,3705,2
rep1,1.2636,3706,2
rep1,1.2636,3707,2
rep1,1.2637,3708,2
rep1,1.2637,3709,2
rep1,1.2638,3710,2
rep1,1.2638,3711,2
rep1,1.2639,3712,2
rep1,1.2641,3713,2
rep1,1.2642,3714,2
rep1,1.2642,3715,2
rep1,1.2643,3716,2
rep1,1.2643,3717,2
rep1,1.2643,3718,2
rep1,1.2644,3719,2
rep1,1.2646,3720,2
rep1,1.2647,3721,2
rep1,1.2647,3722,2
rep1,1.2649,3723,2
rep1,1.2652,3724,2
rep1,1.2653,3725,2
rep1,1.2653,3726,2
rep1,1.2654,3727,2
rep1,1.2656,3728,2
rep1,1.2656,3729,2
rep1,1.2658,3730,2
rep1,1.2658,3731,2
rep1,1.2659,3732,2
rep1,1.2659,3733,2
rep1,1.266,3734,2
rep1,1.2661,3735,2
rep1,1.2661,3736,2
rep1,1.2662,3737,2
rep1,1.2662,3738,2
rep1,1.2663,3739,2
rep1,1.2665,3740,2
rep1,1.2665,3741,2
rep1,1.2666,3742,2
rep1,1.2668,3743,2
rep1,1.2671,3744,2
rep1,1.2672,3745,2
rep1,1.2672,3746,2
rep1,1.2672,3747,2
rep1,1.2673,3748,2
rep1,1.2673,3749,2
rep1,1.2674,3750,2
rep1,1.2674,3751,2
rep1,1.2678,3752,2
rep1,1.2678,3753,2
rep1,1.2682,3754,2
rep1,1.2684,3755,2
rep1,1.2685,3756,2
rep1,1.2685,3757,2
rep1,1.2685,3758,2
rep1,1.2685,3759,2
rep1,1.2689,3760,2
rep1,1.2689,3761,2
rep1,1.269,3762,2
rep1,1.269,3763,2
rep1,1.269,3764,2
rep1,1.2691,3765,2
rep1,1.2691,3766,2
rep1,1.2692,3767,2
rep1,1.2693,3768,2
rep1,1.2693,3769,2
rep1,1.2693,3770,2
rep1,1.2695,3771,2
rep1,1.2697,3772,2
rep1,1.2697,3773,2
rep1,1.2697,3774,2
rep1,1.2698,3775,2
rep1,1.2699,3776,2
rep1,1.27,3777,2
rep1,1.2701,3778,2
rep1,1.2702,3779,2
rep1,1.2703,3780,2
rep1,1.2704,3781,2
rep1,1.2704,3782,2
rep1,1.2708,3783,2
rep1,1.2709,3784,2
rep1,1.271,3785,2
rep1,1.271,3786,2
rep1,1.2712,3787,2
rep1,1.2712,3788,2
rep1,1.2713,3789,2
rep1,1.2714,3790,2
rep1,1.2715,3791,2
rep1,1.2715,3792,2
rep1,1.2717,3793,2
rep1,1.2717,3794,2
rep1,1.2718,3795,2
rep1,1.2718,3796,2
rep1,1.2718,3797,2
rep1,1.2719,3798,2
rep1,1.2719,3799,2
rep1,1.272,3800,2
rep1,1.2723,3801,2
rep1,1.2724,3802,2
rep1,1.2726,3803,2
rep1,1.2727,3804,2
rep1,1.2731,3805,2
rep1,1.2732,3806,2
rep1,1.2732,3807,2
rep1,1.2733,3808,2
rep1,1.2734,3809,2
rep1,1.2736,3810,2
rep1,1.2736,3811,2
rep1,1.2738,3812,2
rep1,1.2739,3813,2
rep1,1.274,3814,2
rep1,1.2743,3815,2
rep1,1.2745,3816,2
rep1,1.2745,3817,2
rep1,1.2747,3818,2
rep1,1.2748,3819,2
rep1,1.2749,3820,2
rep1,1.2749,3821,2
rep1,1.275,3822,2
rep1,1.275,3823,2
rep1,1.2751,3824,2
rep1,1.2753,3825,2
rep1,1.2754,3826,2
rep1,1.2756,3827,2
rep1,1.2756,3828,2
rep1,1.2757,3829,2
rep1,1.2758,3830,2
rep1,1.2759,3831,2
rep1,1.276,3832,2
rep1,1.2761,3833,2
rep1,1.2762,3834,2
rep1,1.2764,3835,2
rep1,1.2765,3836,2
rep1,1.2766,3837,2
rep1,1.2768,3838,2
rep1,1.2769,3839,2
rep1,1.2769,3840,2
rep1,1.2769,3841,2
rep1,1.2769,3842,2
rep1,1.2771,3843,2
rep1,1.2771,3844,2
rep1,1.2771,3845,2
rep1,1.2771,3846,2
rep1,1.2771,3847,2
rep1,1.2772,3848,2
rep1,1.2773,3849,2
rep1,1.2773,3850,2
rep1,1.2773,3851,2
rep1,1.2775,3852,2
rep1,1.2775,3853,2
rep1,1.2777,3854,2
rep1,1.2777,3855,2
rep1,1.2779,3856,2
rep1,1.2783,3857,2
rep1,1.2784,3858,2
rep1,1.2785,3859,2
rep1,1.2786,3860,2
rep1,1.2787,3861,2
rep1,1.2787,3862,2
rep1,1.2789,3863,2
rep1,1.279,3864,2
rep1,1.2791,3865,2
rep1,1.2794,3866,2
rep1,1.2794,3867,2
rep1,1.2795,3868,2
rep1,1.2795,3869,2
rep1,1.2796,3870,2
rep1,1.2797,3871,2
rep1,1.2798,3872,2
rep1,1.2799,3873,2
rep1,1.2799,3874,2
rep1,1.28,3875,2
rep1,1.2801,3876,2
rep1,1.2803,3877,2
rep1,1.2804,3878,2
rep1,1.2804,3879,2
rep1,1.2804,3880,2
rep1,1.2805,3881,2
rep1,1.2805,3882,2
rep1,1.2807,3883,2
rep1,1.2811,3884,2
rep1,1.2812,3885,2
rep1,1.2812,3886,2
rep1,1.2812,3887,2
rep1,1.2812,3888,2
rep1,1.2813,3889,2
rep1,1.2815,3890,2
rep1,1.2816,3891,2
rep1,1.2818,3892,2
rep1,1.2819,3893,2
rep1,1.282,3894,2
rep1,1.2823,3895,2
rep1,1.2824,3896,2
rep1,1.2824,3897,2
rep1,1.2825,3898,2
rep1,1.2826,3899,2
rep1,1.2827,3900,2
rep1,1.2827,3901,2
rep1,1.2829,3902,2
rep1,1.283,3903,2
rep1,1.283,3904,2
rep1,1.2832,3905,2
rep1,1.2833,3906,2
rep1,1.2833,3907,2
rep1,1.2835,3908,2
rep1,1.2836,3909,2
rep1,1.2837,3910,2
rep1,1.2839,3911,2
rep1,1.284,3912,2
rep1,1.2841,3913,2
rep1,1.2843,3914,2
rep1,1.2844,3915,2
rep1,1.2848,3916,2
rep1,1.2849,3917,2
rep1,1.285,3918,2
rep1,1.285,3919,2
rep1,1.2851,3920,2
rep1,1.2854,3921,2
rep1,1.2856,3922,2
rep1,1.2856,3923,2
rep1,1.2857,3924,2
rep1,1.2858,3925,2
rep1,1.2859,3926,2
rep1,1.2859,3927,2
rep1,1.286,3928,2
rep1,1.2861,3929,2
rep1,1.2862,3930,2
rep1,1.2863,3931,2
rep1,1.2863,3932,2
rep1,1.2863,3933,2
rep1,1.2864,3934,2
rep1,1.2865,3935,2
rep1,1.2867,3936,2
rep1,1.2867,3937,2
rep1,1.2867,3938,2
rep1,1.2869,3939,2
rep1,1.2873,3940,2
rep1,1.2873,3941,2
rep1,1.2876,3942,2
rep1,1.2877,3943,2
rep1,1.2877,3944,2
rep1,1.2879,3945,2
rep1,1.2879,3946,2
rep1,1.288,3947,2
rep1,1.288,3948,2
rep1,1.2882,3949,2
rep1,1.2882,3950,2
rep1,1.2885,3951,2
rep1,1.2886,3952,2
rep1,1.2888,3953,2
rep1,1.289,3954,2
rep1,1.289,3955,2
rep1,1.289,3956,2
rep1,1.289,3957,2
rep1,1.289,3958,2
rep1,1.2891,3959,2
rep1,1.2892,3960,2
rep1,1.2892,3961,2
rep1,1.2893,3962,2
rep1,1.2896,3963,2
rep1,1.2897,3964,2
rep1,1.2901,3965,2
rep1,1.2903,3966,2
rep1,1.2905,3967,2
rep1,1.2906,3968,2
rep1,1.2907,3969,2
rep1,1.2907,3970,2
rep1,1.2916,3971,2
rep1,1.2918,3972,2
rep1,1.2918,3973,2
rep1,1.2919,3974,2
rep1,1.292,3975,2
rep1,1.292,3976,2
rep1,1.292,3977,2
rep1,1.2921,3978,2
rep1,1.2921,3979,2
rep1,1.2924,3980,2
rep1,1.2931,3981,2
rep1,1.2931,3982,2
rep1,1.2933,3983,2
rep1,1.2934,3984,2
rep1,1.2935,3985,2
rep1,1.2935,3986,2
rep1,1.2936,3987,2
rep1,1.2936,3988,2
rep1,1.2936,3989,2
rep1,1.2939,3990,2
rep1,1.294,3991,2
rep1,1.2941,3992,2
rep1,1.2942,3993,2
rep1,1.2942,3994,2
rep1,1.2942,3995,2
rep1,1.2944,3996,2
rep1,1.2945,3997,2
rep1,1.2946,3998,2
rep1,1.2948,3999,2
rep1,1.2948,4000,2
rep1,1.2948,4001,2
rep1,1.2948,4002,2
rep1,1.2951,4003,2
rep1,1.2951,4004,2
rep1,1.2951,4005,2
rep1,1.2952,4006,2
rep1,1.2955,4007,2
rep1,1.2955,4008,2
rep1,1.2956,4009,2
rep1,1.2957,4010,2
rep1,1.2961,4011,2
rep1,1.2961,4012,2
rep1,1.2962,4013,2
rep1,1.2966,4014,2
rep1,1.2968,4015,2
rep1,1.2969,4016,2
rep1,1.297,4017,2
rep1,1.2973,4018,2
rep1,1.2973,4019,2
rep1,1.2975,4020,2
rep1,1.2975,4021,2
rep1,1.2975,4022,2
rep1,1.2978,4023,2
rep1,1.2978,4024,2
rep1,1.2979,4025,2
rep1,1.298,4026,2
rep1,1.2985,4027,2
rep1,1.2986,4028,2
rep1,1.2987,4029,2
rep1,1.2989,4030,2
rep1,1.2991,4031,2
rep1,1.2991,4032,2
rep1,1.2991,4033,2
rep1,1.2993,4034,2
rep1,1.2994,4035,2
rep1,1.2995,4036,2
rep1,1.2997,4037,2
rep1,1.2998,4038,2
rep1,1.2999,4039,2
rep1,1.3,4040,2
rep1,1.3001,4041,2
rep1,1.3002,4042,2
rep1,1.3002,4043,2
rep1,1.3003,4044,2
rep1,1.3004,4045,2
rep1,1.3004,4046,2
rep1,1.3006,4047,2
rep1,1.3009,4048,2
rep1,1.3009,4049,2
rep1,1.3011,4050,2
rep1,1.3012,4051,2
rep1,1.3013,4052,2
rep1,1.3013,4053,2
rep1,1.3014,4054,2
rep1,1.3015,4055,2
rep1,1.3016,4056,2
rep1,1.3017,4057,2
rep1,1.3018,4058,2
rep1,1.3018,4059,2
rep1,1.3019,4060,2
rep1,1.302,4061,2
rep1,1.3021,4062,2
rep1,1.3022,4063,2
rep1,1.3024,4064,2
rep1,1.3026,4065,2
rep1,1.3028,4066,2
rep1,1.3031,4067,2
rep1,1.3032,4068,2
rep1,1.3034,4069,2
rep1,1.3035,4070,2
rep1,1.3037,4071,2
rep1,1.3038,4072,2
rep1,1.3038,4073,2
rep1,1.3039,4074,2
rep1,1.3039,4075,2
rep1,1.3041,4076,2
rep1,1.3041,4077,2
rep1,1.3042,4078,2
rep1,1.3042,4079,2
rep1,1.3043,4080,2
rep1,1.3047,4081,2
rep1,1.3047,4082,2
rep1,1.3048,4083,2
rep1,1.3048,4084,2
rep1,1.305,4085,2
rep1,1.3053,4086,2
rep1,1.3054,4087,2
rep1,1.3055,4088,2
rep1,1.3055,4089,2
rep1,1.3058,4090,2
rep1,1.3058,4091,2
rep1,1.3058,4092,2
rep1,1.306,4093,2
rep1,1.3061,4094,2
rep1,1.3062,4095,2
rep1,1.3064,4096,2
rep1,1.3064,4097,2
rep1,1.3065,4098,2
rep1,1.3065,4099,2
rep1,1.3065,4100,2
rep1,1.3068,4101,2
rep1,1.307,4102,2
rep1,1.3071,4103,2
rep1,1.3071,4104,2
rep1,1.3072,4105,2
rep1,1.3072,4106,2
rep1,1.3073,4107,2
rep1,1.3074,4108,2
rep1,1.3076,4109,2
rep1,1.3076,4110,2
rep1,1.3082,4111,2
rep1,1.3082,4112,2
rep1,1.3083,4113,2
rep1,1.3089,4114,2
rep1,1.309,4115,2
rep1,1.309,4116,2
rep1,1.309,4117,2
rep1,1.3091,4118,2
rep1,1.3091,4119,2
rep1,1.3093,4120,2
rep1,1.3093,4121,2
rep1,1.3098,4122,2
rep1,1.3098,4123,2
rep1,1.3099,4124,2
rep1,1.3099,4125,2
rep1,1.31,4126,2
rep1,1.31,4127,2
rep1,1.3101,4128,2
rep1,1.3101,4129,2
rep1,1.3104,4130,2
rep1,1.3104,4131,2
rep1,1.3105,4132,2
rep1,1.3106,4133,2
rep1,1.3106,4134,2
rep1,1.3107,4135,2
rep1,1.3107,4136,2
rep1,1.3112,4137,2
rep1,1.3112,4138,2
rep1,1.3113,4139,2
rep1,1.3113,4140,2
rep1,1.3114,4141,2
rep1,1.3115,4142,2
rep1,1.3116,4143,2
rep1,1.312,4144,2
rep1,1.3121,4145,2
rep1,1.3123,4146,2
rep1,1.3125,4147,2
rep1,1.3126,4148,2
rep1,1.3126,4149,2
rep1,1.313,4150,2
rep1,1.313,4151,2
rep1,1.3131,4152,2
rep1,1.3133,4153,2
rep1,1.3133,4154,2
rep1,1.3134,4155,2
rep1,1.3135,4156,2
rep1,1.3136,4157,2
rep1,1.3137,4158,2
rep1,1.3137,4159,2
rep1,1.3138,4160,2
rep1,1.3139,4161,2
rep1,1.314,4162,2
rep1,1.3142,4163,2
rep1,1.3143,4164,2
rep1,1.3145,4165,2
rep1,1.3146,4166,2
rep1,1.3148,4167,2
rep1,1.3149,4168,2
rep1,1.3149,4169,2
rep1,1.3149,4170,2
rep1,1.3149,4171,2
rep1,1.3152,4172,2
rep1,1.3153,4173,2
rep1,1.3155,4174,2
rep1,1.3157,4175,2
rep1,1.3158,4176,2
rep1,1.3159,4177,2
rep1,1.3159,4178,2
rep1,1.316,4179,2
rep1,1.316,4180,2
rep1,1.3161,4181,2
rep1,1.3163,4182,2
rep1,1.3164,4183,2
rep1,1.317,4184,2
rep1,1.3172,4185,2
rep1,1.3173,4186,2
rep1,1.3173,4187,2
rep1,1.3177,4188,2
rep1,1.3178,4189,2
rep1,1.3179,4190,2
rep1,1.318,4191,2
rep1,1.3181,4192,2
rep1,1.3183,4193,2
rep1,1.3183,4194,2
rep1,1.3183,4195,2
rep1,1.3185,4196,2
rep1,1.3187,4197,2
rep1,1.3188,4198,2
rep1,1.319,4199,2
rep1,1.3191,4200,2
rep1,1.3191,4201,2
rep1,1.3192,4202,2
rep1,1.3192,4203,2
rep1,1.3194,4204,2
rep1,1.3196,4205,2
rep1,1.3196,4206,2
rep1,1.3196,4207,2
rep1,1.3197,4208,2
rep1,1.3198,4209,2
rep1,1.3199,4210,2
rep1,1.32,4211,2
rep1,1.3204,4212,2
rep1,1.3206,4213,2
rep1,1.3207,4214,2
rep1,1.3207,4215,2
rep1,1.3208,4216,2
rep1,1.3209,4217,2
rep1,1.3213,4218,2
rep1,1.3213,4219,2
rep1,1.3213,4220,2
rep1,1.3214,4221,2
rep1,1.3215,4222,2
rep1,1.3216,4223,2
rep1,1.3218,4224,2
rep1,1.3219,4225,2
rep1,1.3226,4226,2
rep1,1.3231,4227,2
rep1,1.3233,4228,2
rep1,1.3233,4229,2
rep1,1.3234,4230,2
rep1,1.3238,4231,2
rep1,1.3239,4232,2
rep1,1.3243,4233,2
rep1,1.3243,4234,2
rep1,1.3243,4235,2
rep1,1.3245,4236,2
rep1,1.3246,4237,2
rep1,1.3248,4238,2
rep1,1.3249,4239,2
rep1,1.3251,4240,2
rep1,1.3254,4241,2
rep1,1.3255,4242,2
rep1,1.3258,4243,2
rep1,1.3258,4244,2
rep1,1.326,4245,2
rep1,1.3263,4246,2
rep1,1.3265,4247,2
rep1,1.3266,4248,2
rep1,1.3271,4249,2
rep1,1.3271,4250,2
rep1,1.3275,4251,2
rep1,1.3276,4252,2
rep1,1.3278,4253,2
rep1,1.3279,4254,2
rep1,1.328,4255,2
rep1,1.3283,4256,2
rep1,1.3284,4257,2
rep1,1.3288,4258,2
rep1,1.3288,4259,2
rep1,1.3289,4260,2
rep1,1.3291,4261,2
rep1,1.3294,4262,2
rep1,1.3294,4263,2
rep1,1.3299,4264,2
rep1,1.33,4265,2
rep1,1.33,4266,2
rep1,1.33,4267,2
rep1,1.3301,4268,2
rep1,1.3302,4269,2
rep1,1.3307,4270,2
rep1,1.331,4271,2
rep1,1.3312,4272,2
rep1,1.3312,4273,2
rep1,1.3315,4274,2
rep1,1.3316,4275,2
rep1,1.3317,4276,2
rep1,1.3319,4277,2
rep1,1.332,4278,2
rep1,1.3321,4279,2
rep1,1.3324,4280,2
rep1,1.3324,4281,2
rep1,1.3325,4282,2
rep1,1.3329,4283,2
rep1,1.333,4284,2
rep1,1.333,4285,2
rep1,1.333,4286,2
rep1,1.3332,4287,2
rep1,1.3333,4288,2
rep1,1.3336,4289,2
rep1,1.3336,4290,2
rep1,1.3338,4291,2
rep1,1.3338,4292,2
rep1,1.3338,4293,2
rep1,1.3339,4294,2
rep1,1.334,4295,2
rep1,1.334,4296,2
rep1,1.3344,4297,2
rep1,1.3347,4298,2
rep1,1.3349,4299,2
rep1,1.335,4300,2
rep1,1.3354,4301,2
rep1,1.3355,4302,2
rep1,1.3356,4303,2
rep1,1.336,4304,2
rep1,1.3361,4305,2
rep1,1.3361,4306,2
rep1,1.3362,4307,2
rep1,1.3363,4308,2
rep1,1.3365,4309,2
rep1,1.3365,4310,2
rep1,1.3366,4311,2
rep1,1.3367,4312,2
rep1,1.3367,4313,2
rep1,1.337,4314,2
rep1,1.3371,4315,2
rep1,1.3372,4316,2
rep1,1.3372,4317,2
rep1,1.3373,4318,2
rep1,1.3374,4319,2
rep1,1.3379,4320,2
rep1,1.3381,4321,2
rep1,1.3383,4322,2
rep1,1.3384,4323,2
rep1,1.3386,4324,2
rep1,1.3386,4325,2
rep1,1.3387,4326,2
rep1,1.3389,4327,2
rep1,1.3393,4328,2
rep1,1.3395,4329,2
rep1,1.3397,4330,2
rep1,1.34,4331,2
rep1,1.3401,4332,2
rep1,1.3401,4333,2
rep1,1.3402,4334,2
rep1,1.3402,4335,2
rep1,1.3403,4336,2
rep1,1.3411,4337,2
rep1,1.3412,4338,2
rep1,1.3413,4339,2
rep1,1.3415,4340,2
rep1,1.3417,4341,2
rep1,1.3419,4342,2
rep1,1.3422,4343,2
rep1,1.3426,4344,2
rep1,1.3426,4345,2
rep1,1.3428,4346,2
rep1,1.3428,4347,2
rep1,1.3429,4348,2
rep1,1.3429,4349,2
rep1,1.3431,4350,2
rep1,1.3437,4351,2
rep1,1.3439,4352,2
rep1,1.3439,4353,2
rep1,1.344,4354,2
rep1,1.3442,4355,2
rep1,1.3446,4356,2
rep1,1.3446,4357,2
rep1,1.3452,4358,2
rep1,1.3454,4359,2
rep1,1.3455,4360,2
rep1,1.3458,4361,2
rep1,1.3459,4362,2
rep1,1.346,4363,2
rep1,1.346,4364,2
rep1,1.3461,4365,2
rep1,1.3464,4366,2
rep1,1.3465,4367,2
rep1,1.3467,4368,2
rep1,1.3468,4369,2
rep1,1.3469,4370,2
rep1,1.347,4371,2
rep1,1.347,4372,2
rep1,1.3471,4373,2
rep1,1.3471,4374,2
rep1,1.3471,4375,2
rep1,1.3472,4376,2
rep1,1.3474,4377,2
rep1,1.3477,4378,2
rep1,1.348,4379,2
rep1,1.348,4380,2
rep1,1.3482,4381,2
rep1,1.3484,4382,2
rep1,1.3484,4383,2
rep1,1.3486,4384,2
rep1,1.3488,4385,2
rep1,1.3488,4386,2
rep1,1.3489,4387,2
rep1,1.3493,4388,2
rep1,1.3494,4389,2
rep1,1.3495,4390,2
rep1,1.3495,4391,2
rep1,1.3496,4392,2
rep1,1.3496,4393,2
rep1,1.3499,4394,2
rep1,1.3499,4395,2
rep1,1.35,4396,2
rep1,1.3501,4397,2
rep1,1.3507,4398,2
rep1,1.351,4399,2
rep1,1.3511,4400,2
rep1,1.3513,4401,2
rep1,1.3514,4402,2
rep1,1.3516,4403,2
rep1,1.3518,4404,2
rep1,1.352,4405,2
rep1,1.3522,4406,2
rep1,1.3523,4407,2
rep1,1.3524,4408,2
rep1,1.3526,4409,2
rep1,1.3527,4410,2
rep1,1.3527,4411,2
rep1,1.3529,4412,2
rep1,1.353,4413,2
rep1,1.3534,4414,2
rep1,1.3535,4415,2
rep1,1.3537,4416,2
rep1,1.3538,4417,2
rep1,1.3541,4418,2
rep1,1.3542,4419,2
rep1,1.3547,4420,2
rep1,1.3552,4421,2
rep1,1.3555,4422,2
rep1,1.3556,4423,2
rep1,1.3557,4424,2
rep1,1.3559,4425,2
rep1,1.3561,4426,2
rep1,1.3568,4427,2
rep1,1.3569,4428,2
rep1,1.3569,4429,2
rep1,1.357,4430,2
rep1,1.357,4431,2
rep1,1.3573,4432,2
rep1,1.3575,4433,2
rep1,1.3577,4434,2
rep1,1.3579,4435,2
rep1,1.358,4436,2
rep1,1.3586,4437,2
rep1,1.3587,4438,2
rep1,1.3587,4439,2
rep1,1.3589,4440,2
rep1,1.3591,4441,2
rep1,1.3593,4442,2
rep1,1.3594,4443,2
rep1,1.3595,4444,2
rep1,1.3596,4445,2
rep1,1.3598,4446,2
rep1,1.3598,4447,2
rep1,1.3601,4448,2
rep1,1.3602,4449,2
rep1,1.3602,4450,2
rep1,1.3602,4451,2
rep1,1.3603,4452,2
rep1,1.3606,4453,2
rep1,1.3608,4454,2
rep1,1.3609,4455,2
rep1,1.3609,4456,2
rep1,1.361,4457,2
rep1,1.3612,4458,2
rep1,1.3613,4459,2
rep1,1.3615,4460,2
rep1,1.3618,4461,2
rep1,1.3618,4462,2
rep1,1.3619,4463,2
rep1,1.362,4464,2
rep1,1.3624,4465,2
rep1,1.3625,4466,2
rep1,1.3626,4467,2
rep1,1.3626,4468,2
rep1,1.3627,4469,2
rep1,1.3631,4470,2
rep1,1.3633,4471,2
rep1,1.3633,4472,2
rep1,1.3633,4473,2
rep1,1.3634,4474,2
rep1,1.3634,4475,2
rep1,1.3636,4476,2
rep1,1.3642,4477,2
rep1,1.3642,4478,2
rep1,1.3643,4479,2
rep1,1.3644,4480,2
rep1,1.3644,4481,2
rep1,1.3645,4482,2
rep1,1.3647,4483,2
rep1,1.3649,4484,2
rep1,1.3651,4485,2
rep1,1.3654,4486,2
rep1,1.3655,4487,2
rep1,1.3657,4488,2
rep1,1.3658,4489,2
rep1,1.366,4490,2
rep1,1.3661,4491,2
rep1,1.3664,4492,2
rep1,1.3664,4493,2
rep1,1.3665,4494,2
rep1,1.3665,4495,2
rep1,1.3675,4496,2
rep1,1.3676,4497,2
rep1,1.3678,4498,2
rep1,1.3679,4499,2
rep1,1.3679,4500,2
rep1,1.3686,4501,2
rep1,1.3686,4502,2
rep1,1.3687,4503,2
rep1,1.369,4504,2
rep1,1.3695,4505,2
rep1,1.3701,4506,2
rep1,1.3702,4507,2
rep1,1.3705,4508,2
rep1,1.3714,4509,2
rep1,1.3714,4510,2
rep1,1.3715,4511,2
rep1,1.3716,4512,2
rep1,1.3717,4513,2
rep1,1.3717,4514,2
rep1,1.3727,4515,2
rep1,1.3728,4516,2
rep1,1.3729,4517,2
rep1,1.373,4518,2
rep1,1.3732,4519,2
rep1,1.3736,4520,2
rep1,1.3737,4521,2
rep1,1.3741,4522,2
rep1,1.3742,4523,2
rep1,1.3744,4524,2
rep1,1.3749,4525,2
rep1,1.3753,4526,2
rep1,1.3755,4527,2
rep1,1.3756,4528,2
rep1,1.3757,4529,2
rep1,1.3763,4530,2
rep1,1.3763,4531,2
rep1,1.3767,4532,2
rep1,1.3769,4533,2
rep1,1.377,4534,2
rep1,1.3771,4535,2
rep1,1.3772,4536,2
rep1,1.3776,4537,2
rep1,1.3778,4538,2
rep1,1.3788,4539,2
rep1,1.3794,4540,2
rep1,1.3799,4541,2
rep1,1.3803,4542,2
rep1,1.3803,4543,2
rep1,1.3805,4544,2
rep1,1.3809,4545,2
rep1,1.3809,4546,2
rep1,1.3812,4547,2
rep1,1.3814,4548,2
rep1,1.3814,4549,2
rep1,1.3817,4550,2
rep1,1.3818,4551,2
rep1,1.3821,4552,2
rep1,1.3821,4553,2
rep1,1.3823,4554,2
rep1,1.3823,4555,2
rep1,1.3827,4556,2
rep1,1.3827,4557,2
rep1,1.3827,4558,2
rep1,1.3829,4559,2
rep1,1.3836,4560,2
rep1,1.384,4561,2
rep1,1.3842,4562,2
rep1,1.3846,4563,2
rep1,1.3847,4564,2
rep1,1.3849,4565,2
rep1,1.3856,4566,2
rep1,1.3857,4567,2
rep1,1.3859,4568,2
rep1,1.3867,4569,2
rep1,1.3869,4570,2
rep1,1.387,4571,2
rep1,1.3874,4572,2
rep1,1.3874,4573,2
rep1,1.3874,4574,2
rep1,1.3874,4575,2
rep1,1.3879,4576,2
rep1,1.3882,4577,2
rep1,1.3882,4578,2
rep1,1.3883,4579,2
rep1,1.3884,4580,2
rep1,1.3886,4581,2
rep1,1.3889,4582,2
rep1,1.389,4583,2
rep1,1.3891,4584,2
rep1,1.3895,4585,2
rep1,1.3899,4586,2
rep1,1.3899,4587,2
rep1,1.39,4588,2
rep1,1.3902,4589,2
rep1,1.3903,4590,2
rep1,1.3903,4591,2
rep1,1.3905,4592,2
rep1,1.3905,4593,2
rep1,1.3912,4594,2
rep1,1.3914,4595,2
rep1,1.392,4596,2
rep1,1.392,4597,2
rep1,1.3922,4598,2
rep1,1.3922,4599,2
rep1,1.3923,4600,2
rep1,1.3924,4601,2
rep1,1.3925,4602,2
rep1,1.3926,4603,2
rep1,1.3929,4604,2
rep1,1.3932,4605,2
rep1,1.3936,4606,2
rep1,1.3937,4607,2
rep1,1.3939,4608,2
rep1,1.3949,4609,2
rep1,1.395,4610,2
rep1,1.395,4611,2
rep1,1.3955,4612,2
rep1,1.3957,4613,2
rep1,1.3969,4614,2
rep1,1.3971,4615,2
rep1,1.3972,4616,2
rep1,1.3976,4617,2
rep1,1.398,4618,2
rep1,1.3982,4619,2
rep1,1.3984,4620,2
rep1,1.3986,4621,2
rep1,1.399,4622,2
rep1,1.3993,4623,2
rep1,1.3994,4624,2
rep1,1.4,4625,2
rep1,1.4001,4626,2
rep1,1.4003,4627,2
rep1,1.4006,4628,2
rep1,1.4007,4629,2
rep1,1.4024,4630,2
rep1,1.4029,4631,2
rep1,1.403,4632,2
rep1,1.4031,4633,2
rep1,1.4031,4634,2
rep1,1.4033,4635,2
rep1,1.4038,4636,2
rep1,1.4043,4637,2
rep1,1.407,4638,2
rep1,1.4071,4639,2
rep1,1.4074,4640,2
rep1,1.4075,4641,2
rep1,1.4078,4642,2
rep1,1.408,4643,2
rep1,1.4081,4644,2
rep1,1.4083,4645,2
rep1,1.4084,4646,2
rep1,1.4085,4647,2
rep1,1.4088,4648,2
rep1,1.4093,4649,2
rep1,1.4095,4650,2
rep1,1.41,4651,2
rep1,1.4104,4652,2
rep1,1.4111,4653,2
rep1,1.4115,4654,2
rep1,1.4122,4655,2
rep1,1.4127,4656,2
rep1,1.4129,4657,2
rep1,1.4132,4658,2
rep1,1.4133,4659,2
rep1,1.4135,4660,2
rep1,1.4142,4661,2
rep1,1.4146,4662,2
rep1,1.4159,4663,2
rep1,1.416,4664,2
rep1,1.417,4665,2
rep1,1.4171,4666,2
rep1,1.4173,4667,2
rep1,1.4175,4668,2
rep1,1.4175,4669,2
rep1,1.418,4670,2
rep1,1.4183,4671,2
rep1,1.42,4672,2
rep1,1.4201,4673,2
rep1,1.4202,4674,2
rep1,1.4205,4675,2
rep1,1.4208,4676,2
rep1,1.4208,4677,2
rep1,1.421,4678,2
rep1,1.4211,4679,2
rep1,1.4212,4680,2
rep1,1.4213,4681,2
rep1,1.4231,4682,2
rep1,1.4232,4683,2
rep1,1.4235,4684,2
rep1,1.4242,4685,2
rep1,1.4245,4686,2
rep1,1.4248,4687,2
rep1,1.4253,4688,2
rep1,1.4257,4689,2
rep1,1.4268,4690,2
rep1,1.427,4691,2
rep1,1.4274,4692,2
rep1,1.4284,4693,2
rep1,1.4284,4694,2
rep1,1.4287,4695,2
rep1,1.4288,4696,2
rep1,1.4291,4697,2
rep1,1.4292,4698,2
rep1,1.4302,4699,2
rep1,1.4302,4700,2
rep1,1.4307,4701,2
rep1,1.431,4702,2
rep1,1.4312,4703,2
rep1,1.4312,4704,2
rep1,1.4318,4705,2
rep1,1.4326,4706,2
rep1,1.433,4707,2
rep1,1.4331,4708,2
rep1,1.4337,4709,2
rep1,1.434,4710,2
rep1,1.4341,4711,2
rep1,1.436,4712,2
rep1,1.4366,4713,2
rep1,1.4367,4714,2
rep1,1.4369,4715,2
rep1,1.4379,4716,2
rep1,1.4384,4717,2
rep1,1.4399,4718,2
rep1,1.4409,4719,2
rep1,1.4411,4720,2
rep1,1.4415,4721,2
rep1,1.4416,4722,2
rep1,1.4418,4723,2
rep1,1.4419,4724,2
rep1,1.4419,4725,2
rep1,1.4428,4726,2
rep1,1.4434,4727,2
rep1,1.4434,4728,2
rep1,1.4437,4729,2
rep1,1.4438,4730,2
rep1,1.4439,4731,2
rep1,1.444,4732,2
rep1,1.4457,4733,2
rep1,1.446,4734,2
rep1,1.4469,4735,2
rep1,1.447,4736,2
rep1,1.4474,4737,2
rep1,1.4477,4738,2
rep1,1.4485,4739,2
rep1,1.4486,4740,2
rep1,1.4494,4741,2
rep1,1.4496,4742,2
rep1,1.4506,4743,2
rep1,1.4508,4744,2
rep1,1.4512,4745,2
rep1,1.4517,4746,2
rep1,1.4519,4747,2
rep1,1.4521,4748,2
rep1,1.4528,4749,2
rep1,1.4532,4750,2
rep1,1.4532,4751,2
rep1,1.4538,4752,2
rep1,1.4545,4753,2
rep1,1.4547,4754,2
rep1,1.4555,4755,2
rep1,1.4556,4756,2
rep1,1.4559,4757,2
rep1,1.4561,4758,2
rep1,1.4563,4759,2
rep1,1.4564,4760,2
rep1,1.4565,4761,2
rep1,1.4567,4762,2
rep1,1.457,4763,2
rep1,1.4571,4764,2
rep1,1.4577,4765,2
rep1,1.4579,4766,2
rep1,1.458,4767,2
rep1,1.4588,4768,2
rep1,1.4599,4769,2
rep1,1.4602,4770,2
rep1,1.4603,4771,2
rep1,1.4603,4772,2
rep1,1.4608,4773,2
rep1,1.461,4774,2
rep1,1.4614,4775,2
rep1,1.4628,4776,2
rep1,1.4628,4777,2
rep1,1.4629,4778,2
rep1,1.4633,4779,2
rep1,1.4644,4780,2
rep1,1.4645,4781,2
rep1,1.4645,4782,2
rep1,1.4647,4783,2
rep1,1.4656,4784,2
rep1,1.4656,4785,2
rep1,1.4663,4786,2
rep1,1.4672,4787,2
rep1,1.4678,4788,2
rep1,1.4679,4789,2
rep1,1.4682,4790,2
rep1,1.4685,4791,2
rep1,1.4687,4792,2
rep1,1.4689,4793,2
rep1,1.469,4794,2
rep1,1.4692,4795,2
rep1,1.4699,4796,2
rep1,1.4703,4797,2
rep1,1.4704,4798,2
rep1,1.4706,4799,2
rep1,1.471,4800,2
rep1,1.4731,4801,2
rep1,1.4738,4802,2
rep1,1.4745,4803,2
rep1,1.4749,4804,2
rep1,1.4752,4805,2
rep1,1.4762,4806,2
rep1,1.4769,4807,2
rep1,1.4772,4808,2
rep1,1.4774,4809,2
rep1,1.4779,4810,2
rep1,1.4784,4811,2
rep1,1.4788,4812,2
rep1,1.4791,4813,2
rep1,1.4791,4814,2
rep1,1.4796,4815,2
rep1,1.4805,4816,2
rep1,1.4809,4817,2
rep1,1.4816,4818,2
rep1,1.4818,4819,2
rep1,1.4822,4820,2
rep1,1.4827,4821,2
rep1,1.4834,4822,2
rep1,1.4837,4823,2
rep1,1.4837,4824,2
rep1,1.4839,4825,2
rep1,1.4857,4826,2
rep1,1.487,4827,2
rep1,1.4872,4828,2
rep1,1.4878,4829,2
rep1,1.4885,4830,2
rep1,1.4887,4831,2
rep1,1.489,4832,2
rep1,1.4893,4833,2
rep1,1.4908,4834,2
rep1,1.492,4835,2
rep1,1.4924,4836,2
rep1,1.4935,4837,2
rep1,1.4943,4838,2
rep1,1.4948,4839,2
rep1,1.4955,4840,2
rep1,1.4957,4841,2
rep1,1.4973,4842,2
rep1,1.4975,4843,2
rep1,1.4988,4844,2
rep1,1.4992,4845,2
rep1,1.5012,4846,2
rep1,1.5014,4847,2
rep1,1.5016,4848,2
rep1,1.5018,4849,2
rep1,1.5019,4850,2
rep1,1.5033,4851,2
rep1,1.5045,4852,2
rep1,1.5076,4853,2
rep1,1.5092,4854,2
rep1,1.5103,4855,2
rep1,1.5115,4856,2
rep1,1.5121,4857,2
rep1,1.5138,4858,2
rep1,1.5139,4859,2
rep1,1.5146,4860,2
rep1,1.5152,4861,2
rep1,1.5162,4862,2
rep1,1.5169,4863,2
rep1,1.5176,4864,2
rep1,1.5177,4865,2
rep1,1.518,4866,2
rep1,1.5187,4867,2
rep1,1.5209,4868,2
rep1,1.5217,4869,2
rep1,1.522,4870,2
rep1,1.5233,4871,2
rep1,1.5261,4872,2
rep1,1.5272,4873,2
rep1,1.5276,4874,2
rep1,1.5286,4875,2
rep1,1.5325,4876,2
rep1,1.5327,4877,2
rep1,1.5343,4878,2
rep1,1.5349,4879,2
rep1,1.5354,4880,2
rep1,1.5356,4881,2
rep1,1.5368,4882,2
rep1,1.5389,4883,2
rep1,1.5403,4884,2
rep1,1.5408,4885,2
rep1,1.542,4886,2
rep1,1.5425,4887,2
rep1,1.5426,4888,2
rep1,1.5455,4889,2
rep1,1.5538,4890,2
rep1,1.5557,4891,2
rep1,1.5578,4892,2
rep1,1.558,4893,2
rep1,1.5587,4894,2
rep1,1.5597,4895,2
rep1,1.5612,4896,2
rep1,1.5623,4897,2
rep1,1.563,4898,2
rep1,1.5638,4899,2
rep1,1.5689,4900,2
rep1,1.5701,4901,2
rep1,1.5713,4902,2
rep1,1.5746,4903,2
rep1,1.5785,4904,2
rep1,1.5794,4905,2
rep1,1.5819,4906,2
rep1,1.5845,4907,2
rep1,1.5866,4908,2
rep1,1.5908,4909,2
rep1,1.595,4910,2
rep1,1.5953,4911,2
rep1,1.5965,4912,2
rep1,1.5985,4913,2
rep1,1.6046,4914,2
rep1,1.6047,4915,2
rep1,1.6065,4916,2
rep1,1.607,4917,2
rep1,1.6205,4918,2
rep1,1.6207,4919,2
rep1,1.6301,4920,2
rep1,1.6344,4921,2
rep1,1.6363,4922,2
rep1,1.6398,4923,2
rep1,1.6404,4924,2
rep1,1.6428,4925,2
rep1,1.648,4926,2
rep1,1.6555,4927,2
rep1,1.6646,4928,2
rep1,1.6711,4929,2
rep1,1.6722,4930,2
rep1,1.6797,4931,2
rep1,1.6803,4932,2
rep1,1.6866,4933,2
rep1,1.6913,4934,2
rep1,1.6959,4935,2
rep1,1.6991,4936,2
rep1,1.7038,4937,2
rep1,1.708,4938,2
rep1,1.7415,4939,2
rep1,1.7494,4940,2
rep1,1.7633,4941,2
rep1,1.804,4942,2
rep1,1.8536,4943,2
rep1,1.8756,4944,2
rep1,2.011,4945,2
rep1,2.0118,4946,2
rep1,2.0122,4947,2
rep1,2.0129,4948,2
rep1,2.0132,4949,2
rep1,2.0153,4950,2
rep1,2.0164,4951,2
rep1,2.0169,4952,2
rep1,2.0195,4953,2
rep1,2.0196,4954,2
rep1,2.021,4955,2
rep1,2.0214,4956,2
rep1,2.0227,4957,2
rep1,2.0247,4958,2
rep1,2.0262,4959,2
rep1,2.0262,4960,2
rep1,2.0291,4961,2
rep1,2.0432,4962,2
rep1,2.0432,4963,2
rep1,2.0432,4964,2
rep1,2.0433,4965,2
rep1,2.0434,4966,2
rep1,2.0434,4967,2
rep1,2.0434,4968,2
rep1,2.0435,4969,2
rep1,2.0436,4970,2
rep1,2.0436,4971,2
rep1,2.0437,4972,2
rep1,2.0438,4973,2
rep1,2.0438,4974,2
rep1,2.0438,4975,2
rep1,2.044,4976,2
rep1,2.044,4977,2
rep1,2.044,4978,2
rep1,2.0442,4979,2
rep1,2.0442,4980,2
rep1,2.0442,4981,2
rep1,2.0442,4982,2
rep1,2.0443,4983,2
rep1,2.0444,4984,2
rep1,2.0444,4985,2
rep1,2.0445,4986,2
rep1,2.0446,4987,2
rep1,2.0447,4988,2
rep1,2.0447,4989,2
rep1,2.0447,4990,2
rep1,2.0448,4991,2
rep1,2.045,4992,2
rep1,2.045,4993,2
rep1,2.0451,4994,2
rep1,2.0451,4995,2
rep1,2.0451,4996,2
rep1,2.0452,4997,2
rep1,2.0454,4998,2
rep1,2.0455,4999,2
rep1,2.0456,5000,2
rep1,2.0456,5001,2
rep1,2.0456,5002,2
rep1,2.0457,5003,2
rep1,2.0457,5004,2
rep1,2.046,5005,2
rep1,2.046,5006,2
rep1,2.046,5007,2
rep1,2.0461,5008,2
rep1,2.0461,5009,2
rep1,2.0462,5010,2
rep1,2.0464,5011,2
rep1,2.0466,5012,2
rep1,2.0466,5013,2
rep1,2.0467,5014,2
rep1,2.0467,5015,2
rep1,2.0469,5016,2
rep1,2.047,5017,2
rep1,2.0475,5018,2
rep1,2.0475,5019,2
rep1,2.0476,5020,2
rep1,2.0476,5021,2
rep1,2.0476,5022,2
rep1,2.0478,5023,2
rep1,2.048,5024,2
rep1,2.0482,5025,2
rep1,2.0483,5026,2
rep1,2.0484,5027,2
rep1,2.0484,5028,2
rep1,2.0485,5029,2
rep1,2.0486,5030,2
rep1,2.0495,5031,2
rep1,2.0495,5032,2
rep1,2.0496,5033,2
rep1,2.0496,5034,2
rep1,2.0497,5035,2
rep1,2.0498,5036,2
rep1,2.0499,5037,2
rep1,2.0502,5038,2
rep1,2.0505,5039,2
rep1,2.0506,5040,2
rep1,2.0506,5041,2
rep1,2.0507,5042,2
rep1,2.0508,5043,2
rep1,2.0508,5044,2
rep1,2.0508,5045,2
rep1,2.0511,5046,2
rep1,2.0512,5047,2
rep1,2.0515,5048,2
rep1,2.0524,5049,2
rep1,2.0528,5050,2
rep1,2.0528,5051,2
rep1,2.0529,5052,2
rep1,2.0531,5053,2
rep1,2.0531,5054,2
rep1,2.0532,5055,2
rep1,2.0533,5056,2
rep1,2.0535,5057,2
rep1,2.0536,5058,2
rep1,2.0539,5059,2
rep1,2.0541,5060,2
rep1,2.0547,5061,2
rep1,2.0549,5062,2
rep1,2.055,5063,2
rep1,2.0552,5064,2
rep1,2.0553,5065,2
rep1,2.0553,5066,2
rep1,2.0559,5067,2
rep1,2.057,5068,2
rep1,2.0571,5069,2
rep1,2.0572,5070,2
rep1,2.0574,5071,2
rep1,2.0576,5072,2
rep1,2.0581,5073,2
rep1,2.0582,5074,2
rep1,2.0584,5075,2
rep1,2.0588,5076,2
rep1,2.0596,5077,2
rep1,2.0598,5078,2
rep1,2.0604,5079,2
rep1,2.0605,5080,2
rep1,2.0613,5081,2
rep1,2.0635,5082,2
rep1,2.0639,5083,2
rep1,2.0651,5084,2
rep1,2.0652,5085,2
rep1,2.068,5086,2
rep1,2.0685,5087,2
rep1,2.0715,5088,2
rep1,2.0719,5089,2
rep1,2.0729,5090,2
rep1,2.0767,5091,2
rep1,2.0767,5092,2
rep1,2.0767,5093,2
rep1,2.0767,5094,2
rep1,2.0767,5095,2
rep1,2.0768,5096,2
rep1,2.0768,5097,2
rep1,2.0769,5098,2
rep1,2.0769,5099,2
rep1,2.0769,5100,2
rep1,2.0769,5101,2
rep1,2.0769,5102,2
rep1,2.077,5103,2
rep1,2.077,5104,2
rep1,2.077,5105,2
rep1,2.077,5106,2
rep1,2.0771,5107,2
rep1,2.0771,5108,2
rep1,2.0771,5109,2
rep1,2.0771,5110,2
rep1,2.0771,5111,2
rep1,2.0772,5112,2
rep1,2.0773,5113,2
rep1,2.0773,5114,2
rep1,2.0774,5115,2
rep1,2.0774,5116,2
rep1,2.0774,5117,2
rep1,2.0775,5118,2
rep1,2.0775,5119,2
rep1,2.0775,5120,2
rep1,2.0775,5121,2
rep1,2.0776,5122,2
rep1,2.0776,5123,2
rep1,2.0776,5124,2
rep1,2.0776,5125,2
rep1,2.0777,5126,2
rep1,2.0777,5127,2
rep1,2.0777,5128,2
rep1,2.0778,5129,2
rep1,2.0778,5130,2
rep1,2.0779,5131,2
rep1,2.0779,5132,2
rep1,2.0779,5133,2
rep1,2.0779,5134,2
rep1,2.078,5135,2
rep1,2.078,5136,2
rep1,2.078,5137,2
rep1,2.0781,5138,2
rep1,2.0781,5139,2
rep1,2.0781,5140,2
rep1,2.0782,5141,2
rep1,2.0782,5142,2
rep1,2.0782,5143,2
rep1,2.0783,5144,2
rep1,2.0783,5145,2
rep1,2.0784,5146,2
rep1,2.0784,5147,2
rep1,2.0784,5148,2
rep1,2.0784,5149,2
rep1,2.0784,5150,2
rep1,2.0785,5151,2
rep1,2.0785,5152,2
rep1,2.0785,5153,2
rep1,2.0786,5154,2
rep1,2.0786,5155,2
rep1,2.0786,5156,2
rep1,2.0787,5157,2
rep1,2.0787,5158,2
rep1,2.0787,5159,2
rep1,2.0788,5160,2
rep1,2.0788,5161,2
rep1,2.0789,5162,2
rep1,2.0789,5163,2
rep1,2.079,5164,2
rep1,2.079,5165,2
rep1,2.079,5166,2
rep1,2.079,5167,2
rep1,2.0791,5168,2
rep1,2.0791,5169,2
rep1,2.0791,5170,2
rep1,2.0792,5171,2
rep1,2.0792,5172,2
rep1,2.0792,5173,2
rep1,2.0793,5174,2
rep1,2.0793,5175,2
rep1,2.0794,5176,2
rep1,2.0794,5177,2
rep1,2.0795,5178,2
rep1,2.0795,5179,2
rep1,2.0795,5180,2
rep1,2.0796,5181,2
rep1,2.0796,5182,2
rep1,2.0796,5183,2
rep1,2.0798,5184,2
rep1,2.0798,5185,2
rep1,2.0798,5186,2
rep1,2.0798,5187,2
rep1,2.0799,5188,2
rep1,2.0799,5189,2
rep1,2.0799,5190,2
rep1,2.08,5191,2
rep1,2.0801,5192,2
rep1,2.0801,5193,2
rep1,2.0801,5194,2
rep1,2.0802,5195,2
rep1,2.0802,5196,2
rep1,2.0802,5197,2
rep1,2.0803,5198,2
rep1,2.0804,5199,2
rep1,2.0804,5200,2
rep1,2.0805,5201,2
rep1,2.0805,5202,2
rep1,2.0805,5203,2
rep1,2.0805,5204,2
rep1,2.0805,5205,2
rep1,2.0806,5206,2
rep1,2.0806,5207,2
rep1,2.0807,5208,2
rep1,2.0807,5209,2
rep1,2.0807,5210,2
rep1,2.0807,5211,2
rep1,2.0807,5212,2
rep1,2.0808,5213,2
rep1,2.0808,5214,2
rep1,2.0808,5215,2
rep1,2.0808,5216,2
rep1,2.0809,5217,2
rep1,2.0809,5218,2
rep1,2.0811,5219,2
rep1,2.0811,5220,2
rep1,2.0811,5221,2
rep1,2.0811,5222,2
rep1,2.0812,5223,2
rep1,2.0813,5224,2
rep1,2.0813,5225,2
rep1,2.0813,5226,2
rep1,2.0813,5227,2
rep1,2.0816,5228,2
rep1,2.0816,5229,2
rep1,2.0816,5230,2
rep1,2.0817,5231,2
rep1,2.0817,5232,2
rep1,2.0817,5233,2
rep1,2.0818,5234,2
rep1,2.0818,5235,2
rep1,2.0818,5236,2
rep1,2.0819,5237,2
rep1,2.0819,5238,2
rep1,2.082,5239,2
rep1,2.082,5240,2
rep1,2.0821,5241,2
rep1,2.0821,5242,2
rep1,2.0822,5243,2
rep1,2.0822,5244,2
rep1,2.0823,5245,2
rep1,2.0823,5246,2
rep1,2.0824,5247,2
rep1,2.0825,5248,2
rep1,2.0825,5249,2
rep1,2.0825,5250,2
rep1,2.0825,5251,2
rep1,2.0826,5252,2
rep1,2.0826,5253,2
rep1,2.0826,5254,2
rep1,2.0826,5255,2
rep1,2.0827,5256,2
rep1,2.0827,5257,2
rep1,2.0828,5258,2
rep1,2.0828,5259,2
rep1,2.0828,5260,2
rep1,2.0829,5261,2
rep1,2.0829,5262,2
rep1,2.083,5263,2
rep1,2.083,5264,2
rep1,2.0831,5265,2
rep1,2.0832,5266,2
rep1,2.0832,5267,2
rep1,2.0833,5268,2
rep1,2.0833,5269,2
rep1,2.0834,5270,2
rep1,2.0834,5271,2
rep1,2.0838,5272,2
rep1,2.0838,5273,2
rep1,2.0839,5274,2
rep1,2.084,5275,2
rep1,2.084,5276,2
rep1,2.084,5277,2
rep1,2.0841,5278,2
rep1,2.0841,5279,2
rep1,2.0842,5280,2
rep1,2.0843,5281,2
rep1,2.0843,5282,2
rep1,2.0843,5283,2
rep1,2.0846,5284,2
rep1,2.0847,5285,2
rep1,2.0849,5286,2
rep1,2.0849,5287,2
rep1,2.085,5288,2
rep1,2.085,5289,2
rep1,2.085,5290,2
rep1,2.0852,5291,2
rep1,2.0852,5292,2
rep1,2.0852,5293,2
rep1,2.0852,5294,2
rep1,2.0853,5295,2
rep1,2.0854,5296,2
rep1,2.0854,5297,2
rep1,2.0854,5298,2
rep1,2.0855,5299,2
rep1,2.0855,5300,2
rep1,2.0855,5301,2
rep1,2.0856,5302,2
rep1,2.0856,5303,2
rep1,2.0856,5304,2
rep1,2.0857,5305,2
rep1,2.0857,5306,2
rep1,2.0858,5307,2
rep1,2.0858,5308,2
rep1,2.0858,5309,2
rep1,2.0858,5310,2
rep1,2.0858,5311,2
rep1,2.0859,5312,2
rep1,2.0859,5313,2
rep1,2.086,5314,2
rep1,2.0861,5315,2
rep1,2.0861,5316,2
rep1,2.0861,5317,2
rep1,2.0862,5318,2
rep1,2.0863,5319,2
rep1,2.0866,5320,2
rep1,2.0866,5321,2
rep1,2.0866,5322,2
rep1,2.0867,5323,2
rep1,2.0867,5324,2
rep1,2.0869,5325,2
rep1,2.0869,5326,2
rep1,2.087,5327,2
rep1,2.0871,5328,2
rep1,2.0871,5329,2
rep1,2.0872,5330,2
rep1,2.0872,5331,2
rep1,2.0873,5332,2
rep1,2.0874,5333,2
rep1,2.0875,5334,2
rep1,2.0875,5335,2
rep1,2.0877,5336,2
rep1,2.0877,5337,2
rep1,2.0877,5338,2
rep1,2.0878,5339,2
rep1,2.0881,5340,2
rep1,2.0881,5341,2
rep1,2.0881,5342,2
rep1,2.0881,5343,2
rep1,2.0882,5344,2
rep1,2.0882,5345,2
rep1,2.0884,5346,2
rep1,2.0885,5347,2
rep1,2.0885,5348,2
rep1,2.0886,5349,2
rep1,2.0887,5350,2
rep1,2.0888,5351,2
rep1,2.0893,5352,2
rep1,2.0893,5353,2
rep1,2.0894,5354,2
rep1,2.0894,5355,2
rep1,2.0896,5356,2
rep1,2.0896,5357,2
rep1,2.0897,5358,2
rep1,2.09,5359,2
rep1,2.0901,5360,2
rep1,2.0903,5361,2
rep1,2.0903,5362,2
rep1,2.0905,5363,2
rep1,2.0905,5364,2
rep1,2.0906,5365,2
rep1,2.0906,5366,2
rep1,2.0909,5367,2
rep1,2.0911,5368,2
rep1,2.0912,5369,2
rep1,2.0913,5370,2
rep1,2.0914,5371,2
rep1,2.0914,5372,2
rep1,2.0915,5373,2
rep1,2.0917,5374,2
rep1,2.0918,5375,2
rep1,2.0919,5376,2
rep1,2.0919,5377,2
rep1,2.0922,5378,2
rep1,2.0922,5379,2
rep1,2.0923,5380,2
rep1,2.0924,5381,2
rep1,2.0925,5382,2
rep1,2.0929,5383,2
rep1,2.0931,5384,2
rep1,2.0931,5385,2
rep1,2.0933,5386,2
rep1,2.0938,5387,2
rep1,2.0939,5388,2
rep1,2.0939,5389,2
rep1,2.0941,5390,2
rep1,2.0946,5391,2
rep1,2.0951,5392,2
rep1,2.0953,5393,2
rep1,2.0954,5394,2
rep1,2.0956,5395,2
rep1,2.096,5396,2
rep1,2.0961,5397,2
rep1,2.0962,5398,2
rep1,2.0965,5399,2
rep1,2.097,5400,2
rep1,2.097,5401,2
rep1,2.0976,5402,2
rep1,2.0977,5403,2
rep1,2.098,5404,2
rep1,2.0983,5405,2
rep1,2.0983,5406,2
rep1,2.0984,5407,2
rep1,2.0988,5408,2
rep1,2.0991,5409,2
rep1,2.0991,5410,2
rep1,2.0992,5411,2
rep1,2.0992,5412,2
rep1,2.0994,5413,2
rep1,2.0995,5414,2
rep1,2.0996,5415,2
rep1,2.0999,5416,2
rep1,2.1004,5417,2
rep1,2.1005,5418,2
rep1,2.1006,5419,2
rep1,2.1012,5420,2
rep1,2.1012,5421,2
rep1,2.1016,5422,2
rep1,2.1018,5423,2
rep1,2.1018,5424,2
rep1,2.102,5425,2
rep1,2.1024,5426,2
rep1,2.1025,5427,2
rep1,2.1026,5428,2
rep1,2.1027,5429,2
rep1,2.1036,5430,2
rep1,2.1039,5431,2
rep1,2.1043,5432,2
rep1,2.1047,5433,2
rep1,2.1072,5434,2
rep1,2.1073,5435,2
rep1,2.108,5436,2
rep1,2.1081,5437,2
rep1,2.1099,5438,2
rep1,2.1101,5439,2
rep1,2.1102,5440,2
rep1,2.1103,5441,2
rep1,2.1103,5442,2
rep1,2.1104,5443,2
rep1,2.1104,5444,2
rep1,2.1106,5445,2
rep1,2.1108,5446,2
rep1,2.1108,5447,2
rep1,2.1109,5448,2
rep1,2.1109,5449,2
rep1,2.1111,5450,2
rep1,2.1112,5451,2
rep1,2.1112,5452,2
rep1,2.1114,5453,2
rep1,2.1116,5454,2
rep1,2.1117,5455,2
rep1,2.1118,5456,2
rep1,2.1118,5457,2
rep1,2.1118,5458,2
rep1,2.1119,5459,2
rep1,2.1121,5460,2
rep1,2.1122,5461,2
rep1,2.1125,5462,2
rep1,2.1125,5463,2
rep1,2.1126,5464,2
rep1,2.1126,5465,2
rep1,2.1127,5466,2
rep1,2.1127,5467,2
rep1,2.113,5468,2
rep1,2.113,5469,2
rep1,2.1131,5470,2
rep1,2.1131,5471,2
rep1,2.1132,5472,2
rep1,2.1133,5473,2
rep1,2.1134,5474,2
rep1,2.1135,5475,2
rep1,2.1137,5476,2
rep1,2.1141,5477,2
rep1,2.1145,5478,2
rep1,2.1146,5479,2
rep1,2.1146,5480,2
rep1,2.1151,5481,2
rep1,2.1151,5482,2
rep1,2.1151,5483,2
rep1,2.1151,5484,2
rep1,2.1153,5485,2
rep1,2.1159,5486,2
rep1,2.1161,5487,2
rep1,2.1161,5488,2
rep1,2.1163,5489,2
rep1,2.1163,5490,2
rep1,2.117,5491,2
rep1,2.1171,5492,2
rep1,2.1172,5493,2
rep1,2.1172,5494,2
rep1,2.1175,5495,2
rep1,2.1175,5496,2
rep1,2.1178,5497,2
rep1,2.1178,5498,2
rep1,2.1182,5499,2
rep1,2.1182,5500,2
rep1,2.1182,5501,2
rep1,2.1183,5502,2
rep1,2.1184,5503,2
rep1,2.1186,5504,2
rep1,2.1186,5505,2
rep1,2.1189,5506,2
rep1,2.1189,5507,2
rep1,2.1189,5508,2
rep1,2.1191,5509,2
rep1,2.1193,5510,2
rep1,2.1199,5511,2
rep1,2.1203,5512,2
rep1,2.1204,5513,2
rep1,2.1207,5514,2
rep1,2.1209,5515,2
rep1,2.121,5516,2
rep1,2.1215,5517,2
rep1,2.122,5518,2
rep1,2.1225,5519,2
rep1,2.1227,5520,2
rep1,2.1234,5521,2
rep1,2.1234,5522,2
rep1,2.1235,5523,2
rep1,2.1236,5524,2
rep1,2.1238,5525,2
rep1,2.1242,5526,2
rep1,2.1245,5527,2
rep1,2.1248,5528,2
rep1,2.125,5529,2
rep1,2.1252,5530,2
rep1,2.1255,5531,2
rep1,2.1261,5532,2
rep1,2.1264,5533,2
rep1,2.1268,5534,2
rep1,2.1268,5535,2
rep1,2.1272,5536,2
rep1,2.1272,5537,2
rep1,2.1275,5538,2
rep1,2.1277,5539,2
rep1,2.1277,5540,2
rep1,2.1278,5541,2
rep1,2.1279,5542,2
rep1,2.1281,5543,2
rep1,2.1282,5544,2
rep1,2.1284,5545,2
rep1,2.1285,5546,2
rep1,2.1292,5547,2
rep1,2.1294,5548,2
rep1,2.1294,5549,2
rep1,2.1296,5550,2
rep1,2.1299,5551,2
rep1,2.13,5552,2
rep1,2.1301,5553,2
rep1,2.1302,5554,2
rep1,2.1305,5555,2
rep1,2.1308,5556,2
rep1,2.1314,5557,2
rep1,2.1315,5558,2
rep1,2.1316,5559,2
rep1,2.1318,5560,2
rep1,2.1335,5561,2
rep1,2.1336,5562,2
rep1,2.1339,5563,2
rep1,2.1342,5564,2
rep1,2.1343,5565,2
rep1,2.1344,5566,2
rep1,2.1344,5567,2
rep1,2.1349,5568,2
rep1,2.1351,5569,2
rep1,2.1361,5570,2
rep1,2.1364,5571,2
rep1,2.1364,5572,2
rep1,2.1365,5573,2
rep1,2.1372,5574,2
rep1,2.1375,5575,2
rep1,2.1379,5576,2
rep1,2.1382,5577,2
rep1,2.1388,5578,2
rep1,2.1391,5579,2
rep1,2.1397,5580,2
rep1,2.1406,5581,2
rep1,2.1413,5582,2
rep1,2.1413,5583,2
rep1,2.1414,5584,2
rep1,2.1417,5585,2
rep1,2.142,5586,2
rep1,2.1431,5587,2
rep1,2.1436,5588,2
rep1,2.144,5589,2
rep1,2.144,5590,2
rep1,2.144,5591,2
rep1,2.1442,5592,2
rep1,2.1443,5593,2
rep1,2.1449,5594,2
rep1,2.1451,5595,2
rep1,2.1452,5596,2
rep1,2.1452,5597,2
rep1,2.1453,5598,2
rep1,2.1456,5599,2
rep1,2.1456,5600,2
rep1,2.1456,5601,2
rep1,2.1458,5602,2
rep1,2.146,5603,2
rep1,2.1462,5604,2
rep1,2.1462,5605,2
rep1,2.1463,5606,2
rep1,2.1464,5607,2
rep1,2.1464,5608,2
rep1,2.1465,5609,2
rep1,2.1467,5610,2
rep1,2.1468,5611,2
rep1,2.1472,5612,2
rep1,2.1473,5613,2
rep1,2.1474,5614,2
rep1,2.1476,5615,2
rep1,2.1479,5616,2
rep1,2.1479,5617,2
rep1,2.1487,5618,2
rep1,2.1489,5619,2
rep1,2.149,5620,2
rep1,2.1491,5621,2
rep1,2.1494,5622,2
rep1,2.1497,5623,2
rep1,2.1497,5624,2
rep1,2.1501,5625,2
rep1,2.1502,5626,2
rep1,2.1502,5627,2
rep1,2.1503,5628,2
rep1,2.1505,5629,2
rep1,2.1507,5630,2
rep1,2.1509,5631,2
rep1,2.151,5632,2
rep1,2.1511,5633,2
rep1,2.1511,5634,2
rep1,2.1513,5635,2
rep1,2.1513,5636,2
rep1,2.1514,5637,2
rep1,2.1515,5638,2
rep1,2.1517,5639,2
rep1,2.1519,5640,2
rep1,2.1519,5641,2
rep1,2.1521,5642,2
rep1,2.1522,5643,2
rep1,2.1525,5644,2
rep1,2.1526,5645,2
rep1,2.1527,5646,2
rep1,2.1529,5647,2
rep1,2.1529,5648,2
rep1,2.1533,5649,2
rep1,2.1534,5650,2
rep1,2.1534,5651,2
rep1,2.1536,5652,2
rep1,2.1537,5653,2
rep1,2.1537,5654,2
rep1,2.1539,5655,2
rep1,2.154,5656,2
rep1,2.1542,5657,2
rep1,2.1545,5658,2
rep1,2.1545,5659,2
rep1,2.1547,5660,2
rep1,2.1553,5661,2
rep1,2.1554,5662,2
rep1,2.1555,5663,2
rep1,2.1557,5664,2
rep1,2.1561,5665,2
rep1,2.1564,5666,2
rep1,2.1565,5667,2
rep1,2.1567,5668,2
rep1,2.1569,5669,2
rep1,2.157,5670,2
rep1,2.157,5671,2
rep1,2.1575,5672,2
rep1,2.1577,5673,2
rep1,2.1579,5674,2
rep1,2.1579,5675,2
rep1,2.1581,5676,2
rep1,2.1582,5677,2
rep1,2.1583,5678,2
rep1,2.1584,5679,2
rep1,2.1591,5680,2
rep1,2.1605,5681,2
rep1,2.1608,5682,2
rep1,2.1614,5683,2
rep1,2.1618,5684,2
rep1,2.162,5685,2
rep1,2.1622,5686,2
rep1,2.1625,5687,2
rep1,2.1627,5688,2
rep1,2.1628,5689,2
rep1,2.163,5690,2
rep1,2.1631,5691,2
rep1,2.1638,5692,2
rep1,2.1639,5693,2
rep1,2.164,5694,2
rep1,2.164,5695,2
rep1,2.1641,5696,2
rep1,2.1642,5697,2
rep1,2.1643,5698,2
rep1,2.1645,5699,2
rep1,2.1647,5700,2
rep1,2.1647,5701,2
rep1,2.1649,5702,2
rep1,2.165,5703,2
rep1,2.1652,5704,2
rep1,2.1654,5705,2
rep1,2.1658,5706,2
rep1,2.1664,5707,2
rep1,2.1667,5708,2
rep1,2.1668,5709,2
rep1,2.1669,5710,2
rep1,2.1671,5711,2
rep1,2.1676,5712,2
rep1,2.168,5713,2
rep1,2.1682,5714,2
rep1,2.1692,5715,2
rep1,2.1697,5716,2
rep1,2.1699,5717,2
rep1,2.1699,5718,2
rep1,2.1701,5719,2
rep1,2.1706,5720,2
rep1,2.1711,5721,2
rep1,2.1715,5722,2
rep1,2.1717,5723,2
rep1,2.1721,5724,2
rep1,2.1722,5725,2
rep1,2.1722,5726,2
rep1,2.1723,5727,2
rep1,2.1724,5728,2
rep1,2.1726,5729,2
rep1,2.173,5730,2
rep1,2.173,5731,2
rep1,2.1733,5732,2
rep1,2.1735,5733,2
rep1,2.1738,5734,2
rep1,2.174,5735,2
rep1,2.1742,5736,2
rep1,2.1746,5737,2
rep1,2.1748,5738,2
rep1,2.175,5739,2
rep1,2.1755,5740,2
rep1,2.1757,5741,2
rep1,2.1763,5742,2
rep1,2.1768,5743,2
rep1,2.1769,5744,2
rep1,2.177,5745,2
rep1,2.1773,5746,2
rep1,2.1776,5747,2
rep1,2.1776,5748,2
rep1,2.1777,5749,2
rep1,2.1778,5750,2
rep1,2.1779,5751,2
rep1,2.178,5752,2
rep1,2.1782,5753,2
rep1,2.1783,5754,2
rep1,2.1784,5755,2
rep1,2.1784,5756,2
rep1,2.1787,5757,2
rep1,2.1788,5758,2
rep1,2.1789,5759,2
rep1,2.1791,5760,2
rep1,2.1793,5761,2
rep1,2.1793,5762,2
rep1,2.1795,5763,2
rep1,2.1795,5764,2
rep1,2.1797,5765,2
rep1,2.1797,5766,2
rep1,2.1801,5767,2
rep1,2.1803,5768,2
rep1,2.1808,5769,2
rep1,2.181,5770,2
rep1,2.1811,5771,2
rep1,2.1812,5772,2
rep1,2.1818,5773,2
rep1,2.1818,5774,2
rep1,2.1821,5775,2
rep1,2.1828,5776,2
rep1,2.183,5777,2
rep1,2.183,5778,2
rep1,2.1832,5779,2
rep1,2.1835,5780,2
rep1,2.1835,5781,2
rep1,2.1836,5782,2
rep1,2.1837,5783,2
rep1,2.1837,5784,2
rep1,2.1838,5785,2
rep1,2.184,5786,2
rep1,2.1841,5787,2
rep1,2.1847,5788,2
rep1,2.1847,5789,2
rep1,2.1849,5790,2
rep1,2.1853,5791,2
rep1,2.1854,5792,2
rep1,2.1854,5793,2
rep1,2.1856,5794,2
rep1,2.1858,5795,2
rep1,2.1859,5796,2
rep1,2.186,5797,2
rep1,2.1865,5798,2
rep1,2.1866,5799,2
rep1,2.1868,5800,2
rep1,2.1869,5801,2
rep1,2.1871,5802,2
rep1,2.1872,5803,2
rep1,2.1873,5804,2
rep1,2.1874,5805,2
rep1,2.1875,5806,2
rep1,2.188,5807,2
rep1,2.1881,5808,2
rep1,2.1884,5809,2
rep1,2.1886,5810,2
rep1,2.1889,5811,2
rep1,2.1892,5812,2
rep1,2.1893,5813,2
rep1,2.1894,5814,2
rep1,2.1895,5815,2
rep1,2.1898,5816,2
rep1,2.19,5817,2
rep1,2.1902,5818,2
rep1,2.1902,5819,2
rep1,2.1906,5820,2
rep1,2.1907,5821,2
rep1,2.1907,5822,2
rep1,2.1907,5823,2
rep1,2.1911,5824,2
rep1,2.1911,5825,2
rep1,2.1913,5826,2
rep1,2.1918,5827,2
rep1,2.1921,5828,2
rep1,2.1922,5829,2
rep1,2.1923,5830,2
rep1,2.1923,5831,2
rep1,2.1924,5832,2
rep1,2.1924,5833,2
rep1,2.1927,5834,2
rep1,2.1928,5835,2
rep1,2.193,5836,2
rep1,2.1931,5837,2
rep1,2.1932,5838,2
rep1,2.1934,5839,2
rep1,2.1934,5840,2
rep1,2.1935,5841,2
rep1,2.1937,5842,2
rep1,2.1938,5843,2
rep1,2.1939,5844,2
rep1,2.194,5845,2
rep1,2.1941,5846,2
rep1,2.1941,5847,2
rep1,2.1942,5848,2
rep1,2.1943,5849,2
rep1,2.1943,5850,2
rep1,2.1944,5851,2
rep1,2.1944,5852,2
rep1,2.1945,5853,2
rep1,2.1948,5854,2
rep1,2.1956,5855,2
rep1,2.1958,5856,2
rep1,2.1961,5857,2
rep1,2.1961,5858,2
rep1,2.1964,5859,2
rep1,2.1966,5860,2
rep1,2.1967,5861,2
rep1,2.1968,5862,2
rep1,2.1976,5863,2
rep1,2.198,5864,2
rep1,2.1983,5865,2
rep1,2.1985,5866,2
rep1,2.1987,5867,2
rep1,2.1987,5868,2
rep1,2.1988,5869,2
rep1,2.1989,5870,2
rep1,2.1989,5871,2
rep1,2.1994,5872,2
rep1,2.1996,5873,2
rep1,2.1997,5874,2
rep1,2.1998,5875,2
rep1,2.1999,5876,2
rep1,2.2003,5877,2
rep1,2.2007,5878,2
rep1,2.2008,5879,2
rep1,2.2009,5880,2
rep1,2.201,5881,2
rep1,2.2012,5882,2
rep1,2.2013,5883,2
rep1,2.2013,5884,2
rep1,2.2014,5885,2
rep1,2.2014,5886,2
rep1,2.2015,5887,2
rep1,2.2016,5888,2
rep1,2.2019,5889,2
rep1,2.202,5890,2
rep1,2.2021,5891,2
rep1,2.2021,5892,2
rep1,2.2024,5893,2
rep1,2.2025,5894,2
rep1,2.2025,5895,2
rep1,2.2028,5896,2
rep1,2.203,5897,2
rep1,2.203,5898,2
rep1,2.2033,5899,2
rep1,2.2035,5900,2
rep1,2.2039,5901,2
rep1,2.2042,5902,2
rep1,2.2043,5903,2
rep1,2.2045,5904,2
rep1,2.2047,5905,2
rep1,2.2047,5906,2
rep1,2.2048,5907,2
rep1,2.2048,5908,2
rep1,2.205,5909,2
rep1,2.205,5910,2
rep1,2.205,5911,2
rep1,2.2051,5912,2
rep1,2.2053,5913,2
rep1,2.2054,5914,2
rep1,2.2055,5915,2
rep1,2.2057,5916,2
rep1,2.2059,5917,2
rep1,2.2062,5918,2
rep1,2.2064,5919,2
rep1,2.2064,5920,2
rep1,2.2064,5921,2
rep1,2.2064,5922,2
rep1,2.2065,5923,2
rep1,2.2066,5924,2
rep1,2.2066,5925,2
rep1,2.207,5926,2
rep1,2.2078,5927,2
rep1,2.2079,5928,2
rep1,2.208,5929,2
rep1,2.2081,5930,2
rep1,2.2085,5931,2
rep1,2.2086,5932,2
rep1,2.209,5933,2
rep1,2.2092,5934,2
rep1,2.2093,5935,2
rep1,2.2097,5936,2
rep1,2.2101,5937,2
rep1,2.2102,5938,2
rep1,2.2108,5939,2
rep1,2.2108,5940,2
rep1,2.2109,5941,2
rep1,2.2112,5942,2
rep1,2.2114,5943,2
rep1,2.212,5944,2
rep1,2.212,5945,2
rep1,2.2121,5946,2
rep1,2.2125,5947,2
rep1,2.2125,5948,2
rep1,2.2126,5949,2
rep1,2.2129,5950,2
rep1,2.213,5951,2
rep1,2.2133,5952,2
rep1,2.2133,5953,2
rep1,2.2134,5954,2
rep1,2.2134,5955,2
rep1,2.2135,5956,2
rep1,2.2136,5957,2
rep1,2.2142,5958,2
rep1,2.2146,5959,2
rep1,2.2147,5960,2
rep1,2.2149,5961,2
rep1,2.2149,5962,2
rep1,2.215,5963,2
rep1,2.2151,5964,2
rep1,2.2153,5965,2
rep1,2.216,5966,2
rep1,2.2161,5967,2
rep1,2.2161,5968,2
rep1,2.2162,5969,2
rep1,2.2163,5970,2
rep1,2.2166,5971,2
rep1,2.2171,5972,2
rep1,2.2172,5973,2
rep1,2.2173,5974,2
rep1,2.2174,5975,2
rep1,2.2174,5976,2
rep1,2.2176,5977,2
rep1,2.2176,5978,2
rep1,2.2177,5979,2
rep1,2.2178,5980,2
rep1,2.2178,5981,2
rep1,2.218,5982,2
rep1,2.218,5983,2
rep1,2.218,5984,2
rep1,2.2182,5985,2
rep1,2.2182,5986,2
rep1,2.2183,5987,2
rep1,2.2183,5988,2
rep1,2.2186,5989,2
rep1,2.2186,5990,2
rep1,2.2189,5991,2
rep1,2.2191,5992,2
rep1,2.2193,5993,2
rep1,2.2194,5994,2
rep1,2.2195,5995,2
rep1,2.2195,5996,2
rep1,2.2197,5997,2
rep1,2.22,5998,2
rep1,2.22,5999,2
rep1,2.2203,6000,2
rep1,2.2203,6001,2
rep1,2.2205,6002,2
rep1,2.2206,6003,2
rep1,2.2207,6004,2
rep1,2.2209,6005,2
rep1,2.2209,6006,2
rep1,2.221,6007,2
rep1,2.2212,6008,2
rep1,2.2213,6009,2
rep1,2.2213,6010,2
rep1,2.2214,6011,2
rep1,2.2215,6012,2
rep1,2.222,6013,2
rep1,2.2221,6014,2
rep1,2.2222,6015,2
rep1,2.2225,6016,2
rep1,2.2225,6017,2
rep1,2.2227,6018,2
rep1,2.2228,6019,2
rep1,2.2229,6020,2
rep1,2.223,6021,2
rep1,2.223,6022,2
rep1,2.2232,6023,2
rep1,2.2232,6024,2
rep1,2.2236,6025,2
rep1,2.2236,6026,2
rep1,2.2236,6027,2
rep1,2.224,6028,2
rep1,2.2241,6029,2
rep1,2.2243,6030,2
rep1,2.2243,6031,2
rep1,2.2244,6032,2
rep1,2.2245,6033,2
rep1,2.2246,6034,2
rep1,2.2248,6035,2
rep1,2.2251,6036,2
rep1,2.2253,6037,2
rep1,2.2254,6038,2
rep1,2.2256,6039,2
rep2,1.0083,1,0
rep2,1.0083,2,0
rep2,1.0084,3,0
rep2,1.0084,4,0
rep2,1.0084,5,0
rep2,1.0084,6,0
rep2,1.0084,7,0
rep2,1.0085,8,0
rep2,1.0085,9,0
rep2,1.0086,10,0
rep2,1.0086,11,0
rep2,1.0086,12,0
rep2,1.0086,13,0
rep2,1.0087,14,0
rep2,1.0088,15,0
rep2,1.0088,16,0
rep2,1.0089,17,0
rep2,1.0089,18,0
rep2,1.0089,19,0
rep2,1.009,20,0
rep2,1.009,21,0
rep2,1.009,22,0
rep2,1.009,23,0
rep2,1.0091,24,0
rep2,1.0091,25,0
rep2,1.0091,26,0
rep2,1.0091,27,0
rep2,1.0093,28,0
rep2,1.0093,29,0
rep2,1.0093,30,0
rep2,1.0094,31,0
rep2,1.0095,32,0
rep2,1.0095,33,0
rep2,1.0096,34,0
rep2,1.0096,35,0
rep2,1.0097,36,0
rep2,1.0098,37,0
rep2,1.0098,38,0
rep2,1.0098,39,0
rep2,1.0098,40,0
rep2,1.0099,41,0
rep2,1.0099,42,0
rep2,1.01,43,0
rep2,1.01,44,0
rep2,1.01,45,0
rep2,1.0102,46,0
rep2,1.0102,47,0
rep2,1.0103,48,0
rep2,1.0103,49,0
rep2,1.0103,50,0
rep2,1.0103,51,0
rep2,1.0103,52,0
rep2,1.0103,53,0
rep2,1.0104,54,0
rep2,1.0104,55,0
rep2,1.0105,56,0
rep2,1.0105,57,0
rep2,1.0105,58,0
rep2,1.0106,59,0
rep2,1.0106,60,0
rep2,1.0106,61,0
rep2,1.0107,62,0
rep2,1.0107,63,0
rep2,1.0108,64,0
rep2,1.0109,65,0
rep2,1.0109,66,0
rep2,1.011,67,0
rep2,1.011,68,0
rep2,1.0111,69,0
rep2,1.0111,70,0
rep2,1.0111,71,0
rep2,1.0113,72,0
rep2,1.0114,73,0
rep2,1.0114,74,0
rep2,1.0114,75,0
rep2,1.0115,76,0
rep2,1.0115,77,0
rep2,1.0115,78,0
rep2,1.0116,79,0
rep2,1.0116,80,0
rep2,1.0117,81,0
rep2,1.0117,82,0
rep2,1.0117,83,0
rep2,1.0117,84,0
rep2,1.0118,85,0
rep2,1.0118,86,0
rep2,1.0119,87,0
rep2,1.0119,88,0
rep2,1.012,89,0
rep2,1.012,90,0
rep2,1.0121,91,0
rep2,1.0122,92,0
rep2,1.0122,93,0
rep2,1.0124,94,0
rep2,1.0125,95,0
rep2,1.0125,96,0
rep2,1.0126,97,0
rep2,1.0128,98,0
rep2,1.0128,99,0
rep2,1.0129,100,0
rep2,1.0129,101,0
rep2,1.013,102,0
rep2,1.0131,103,0
rep2,1.0131,104,0
rep2,1.0134,105,0
rep2,1.0135,106,0
rep2,1.0135,107,0
rep2,1.0136,108,0
rep2,1.0137,109,0
rep2,1.0138,110,0
rep2,1.0139,111,0
rep2,1.014,112,0
rep2,1.014,113,0
rep2,1.014,114,0
rep2,1.0141,115,0
rep2,1.0141,116,0
rep2,1.0141,117,0
rep2,1.0142,118,0
rep2,1.0143,119,0
rep2,1.0145,120,0
rep2,1.0147,121,0
rep2,1.0148,122,0
rep2,1.0149,123,0
rep2,1.015,124,0
rep2,1.0153,125,0
rep2,1.0153,126,0
rep2,1.0154,127,0
rep2,1.0154,128,0
rep2,1.0154,129,0
rep2,1.0155,130,0
rep2,1.0156,131,0
rep2,1.0156,132,0
rep2,1.0158,133,0
rep2,1.0159,134,0
rep2,1.016,135,0
rep2,1.0161,136,0
rep2,1.0162,137,0
rep2,1.0163,138,0
rep2,1.0163,139,0
rep2,1.0164,140,0
rep2,1.0166,141,0
rep2,1.0166,142,0
rep2,1.0166,143,0
rep2,1.0168,144,0
rep2,1.0168,145,0
rep2,1.0169,146,0
rep2,1.0169,147,0
rep2,1.017,148,0
rep2,1.0171,149,0
rep2,1.0171,150,0
rep2,1.0174,151,0
rep2,1.0175,152,0
rep2,1.0176,153,0
rep2,1.0177,154,0
rep2,1.0178,155,0
rep2,1.018,156,0
rep2,1.018,157,0
rep2,1.0182,158,0
rep2,1.0182,159,0
rep2,1.0183,160,0
rep2,1.0183,161,0
rep2,1.0183,162,0
rep2,1.0184,163,0
rep2,1.0185,164,0
rep2,1.019,165,0
rep2,1.019,166,0
rep2,1.0191,167,0
rep2,1.0193,168,0
rep2,1.0193,169,0
rep2,1.0198,170,0
rep2,1.02,171,0
rep2,1.0203,172,0
rep2,1.0204,173,0
rep2,1.0205,174,0
rep2,1.0206,175,0
rep2,1.021,176,0
rep2,1.0211,177,0
rep2,1.0212,178,0
rep2,1.0217,179,0
rep2,1.0217,180,0
rep2,1.0218,181,0
rep2,1.022,182,0
rep2,1.0221,183,0
rep2,1.0221,184,0
rep2,1.0223,185,0
rep2,1.0225,186,0
rep2,1.0225,187,0
rep2,1.0225,188,0
rep2,1.0229,189,0
rep2,1.0233,190,0
rep2,1.0233,191,0
rep2,1.0235,192,0
rep2,1.0236,193,0
rep2,1.0237,194,0
rep2,1.0238,195,0
rep2,1.0247,196,0
rep2,1.0249,197,0
rep2,1.0256,198,0
rep2,1.0262,199,0
rep2,1.0264,200,0
rep2,1.0265,201,0
rep2,1.0267,202,0
rep2,1.0273,203,0
rep2,1.0273,204,0
rep2,1.0274,205,0
rep2,1.0277,206,0
rep2,1.0278,207,0
rep2,1.0291,208,0
rep2,1.0292,209,0
rep2,1.0293,210,0
rep2,1.0296,211,0
rep2,1.0305,212,0
rep2,1.0309,213,0
rep2,1.0318,214,0
rep2,1.032,215,0
rep2,1.0322,216,0
rep2,1.0324,217,0
rep2,1.0328,218,0
rep2,1.0334,219,0
rep2,1.0337,220,0
rep2,1.0341,221,0
rep2,1.0357,222,0
rep2,1.0366,223,0
rep2,1.037,224,0
rep2,1.0377,225,0
rep2,1.0385,226,0
rep2,1.0387,227,0
rep2,1.0408,228,0
rep2,1.042,229,0
rep2,1.0421,230,0
rep2,1.0421,231,0
rep2,1.0421,232,0
rep2,1.0421,233,0
rep2,1.0421,234,0
rep2,1.0422,235,0
rep2,1.0422,236,0
rep2,1.0422,237,0
rep2,1.0422,238,0
rep2,1.0422,239,0
rep2,1.0422,240,0
rep2,1.0422,241,0
rep2,1.0422,242,0
rep2,1.0423,243,0
rep2,1.0423,244,0
rep2,1.0423,245,0
rep2,1.0423,246,0
rep2,1.0423,247,0
rep2,1.0423,248,0
rep2,1.0423,249,0
rep2,1.0424,250,0
rep2,1.0424,251,0
rep2,1.0424,252,0
rep2,1.0424,253,0
rep2,1.0424,254,0
rep2,1.0425,255,0
rep2,1.0425,256,0
rep2,1.0425,257,0
rep2,1.0425,258,0
rep2,1.0425,259,0
rep2,1.0425,260,0
rep2,1.0425,261,0
rep2,1.0426,262,0
rep2,1.0426,263,0
rep2,1.0426,264,0
rep2,1.0426,265,0
rep2,1.0426,266,0
rep2,1.0426,267,0
rep2,1.0427,268,0
rep2,1.0427,269,0
rep2,1.0427,270,0
rep2,1.0427,271,0
rep2,1.0427,272,0
rep2,1.0427,273,0
rep2,1.0427,274,0
rep2,1.0428,275,0
rep2,1.0428,276,0
rep2,1.0428,277,0
rep2,1.0428,278,0
rep2,1.0429,279,0
rep2,1.0429,280,0
rep2,1.0429,281,0
rep2,1.0429,282,0
rep2,1.043,283,0
rep2,1.043,284,0
rep2,1.043,285,0
rep2,1.043,286,0
rep2,1.043,287,0
rep2,1.043,288,0
rep2,1.043,289,0
rep2,1.043,290,0
rep2,1.043,291,0
rep2,1.0431,292,0
rep2,1.0431,293,0
rep2,1.0431,294,0
rep2,1.0431,295,0
rep2,1.0431,296,0
rep2,1.0431,297,0
rep2,1.0431,298,0
rep2,1.0432,299,0
rep2,1.0432,300,0
rep2,1.0433,301,0
rep2,1.0433,302,0
rep2,1.0433,303,0
rep2,1.0433,304,0
rep2,1.0433,305,0
rep2,1.0434,306,0
rep2,1.0434,307,0
rep2,1.0434,308,0
rep2,1.0434,309,0
rep2,1.0434,310,0
rep2,1.0434,311,0
rep2,1.0434,312,0
rep2,1.0435,313,0
rep2,1.0435,314,0
rep2,1.0435,315,0
rep2,1.0435,316,0
rep2,1.0435,317,0
rep2,1.0435,318,0
rep2,1.0435,319,0
rep2,1.0435,320,0
rep2,1.0436,321,0
rep2,1.0436,322,0
rep2,1.0436,323,0
rep2,1.0436,324,0
rep2,1.0436,325,0
rep2,1.0437,326,0
rep2,1.0437,327,0
rep2,1.0437,328,0
rep2,1.0437,329,0
rep2,1.0437,330,0
rep2,1.0438,331,0
rep2,1.0438,332,0
rep2,1.0438,333,0
rep2,1.0438,334,0
rep2,1.0438,335,0
rep2,1.0439,336,0
rep2,1.0439,337,0
rep2,1.0439,338,0
rep2,1.0439,339,0
rep2,1.0439,340,0
rep2,1.0439,341,0
rep2,1.0439,342,0
rep2,1.044,343,0
rep2,1.044,344,0
rep2,1.044,345,0
rep2,1.044,346,0
rep2,1.044,347,0
rep2,1.044,348,0
rep2,1.0441,349,0
rep2,1.0441,350,0
rep2,1.0441,351,0
rep2,1.0441,352,0
rep2,1.0442,353,0
rep2,1.0442,354,0
rep2,1.0442,355,0
rep2,1.0442,356,0
rep2,1.0442,357,0
rep2,1.0442,358,0
rep2,1.0444,359,0
rep2,1.0444,360,0
rep2,1.0444,361,0
rep2,1.0444,362,0
rep2,1.0444,363,0
rep2,1.0444,364,0
rep2,1.0444,365,0
rep2,1.0445,366,0
rep2,1.0445,367,0
rep2,1.0445,368,0
rep2,1.0445,369,0
rep2,1.0445,370,0
rep2,1.0445,371,0
rep2,1.0445,372,0
rep2,1.0445,373,0
rep2,1.0446,374,0
rep2,1.0446,375,0
rep2,1.0446,376,0
rep2,1.0446,377,0
rep2,1.0446,378,0
rep2,1.0446,379,0
rep2,1.0447,380,0
rep2,1.0447,381,0
rep2,1.0447,382,0
rep2,1.0447,383,0
rep2,1.0448,384,0
rep2,1.0448,385,0
rep2,1.0448,386,0
rep2,1.0448,387,0
rep2,1.0449,388,0
rep2,1.0449,389,0
rep2,1.0449,390,0
rep2,1.0449,391,0
rep2,1.0449,392,0
rep2,1.0449,393,0
rep2,1.0449,394,0
rep2,1.045,395,0
rep2,1.045,396,0
rep2,1.045,397,0
rep2,1.045,398,0
rep2,1.045,399,0
rep2,1.045,400,0
rep2,1.045,401,0
rep2,1.045,402,0
rep2,1.045,403,0
rep2,1.0451,404,0
rep2,1.0451,405,0
rep2,1.0451,406,0
rep2,1.0451,407,0
rep2,1.0451,408,0
rep2,1.0451,409,0
rep2,1.0452,410,0
rep2,1.0452,411,0
rep2,1.0452,412,0
rep2,1.0452,413,0
rep2,1.0452,414,0
rep2,1.0452,415,0
rep2,1.0453,416,0
rep2,1.0453,417,0
rep2,1.0453,418,0
rep2,1.0453,419,0
rep2,1.0453,420,0
rep2,1.0453,421,0
rep2,1.0453,422,0
rep2,1.0454,423,0
rep2,1.0454,424,0
rep2,1.0454,425,0
rep2,1.0454,426,0
rep2,1.0454,427,0
rep2,1.0454,428,0
rep2,1.0454,429,0
rep2,1.0454,430,0
rep2,1.0455,431,0
rep2,1.0455,432,0
rep2,1.0455,433,0
rep2,1.0455,434,0
rep2,1.0455,435,0
rep2,1.0456,436,0
rep2,1.0456,437,0
rep2,1.0456,438,0
rep2,1.0456,439,0
rep2,1.0457,440,0
rep2,1.0457,441,0
rep2,1.0457,442,0
rep2,1.0457,443,0
rep2,1.0458,444,0
rep2,1.0458,445,0
rep2,1.0458,446,0
rep2,1.0458,447,0
rep2,1.0458,448,0
rep2,1.0458,449,0
rep2,1.0459,450,0
rep2,1.0459,451,0
rep2,1.046,452,0
rep2,1.046,453,0
rep2,1.0461,454,0
rep2,1.0461,455,0
rep2,1.0461,456,0
rep2,1.0461,457,0
rep2,1.0461,458,0
rep2,1.0461,459,0
rep2,1.0461,460,0
rep2,1.0462,461,0
rep2,1.0462,462,0
rep2,1.0462,463,0
rep2,1.0462,464,0
rep2,1.0462,465,0
rep2,1.0462,466,0
rep2,1.0462,467,0
rep2,1.0462,468,0
rep2,1.0463,469,0
rep2,1.0463,470,0
rep2,1.0463,471,0
rep2,1.0463,472,0
rep2,1.0463,473,0
rep2,1.0463,474,0
rep2,1.0464,475,0
rep2,1.0464,476,0
rep2,1.0464,477,0
rep2,1.0464,478,0
rep2,1.0465,479,0
rep2,1.0465,480,0
rep2,1.0465,481,0
rep2,1.0465,482,0
rep2,1.0465,483,0
rep2,1.0466,484,0
rep2,1.0466,485,0
rep2,1.0466,486,0
rep2,1.0466,487,0
rep2,1.0466,488,0
rep2,1.0466,489,0
rep2,1.0466,490,0
rep2,1.0467,491,0
rep2,1.0467,492,0
rep2,1.0467,493,0
rep2,1.0467,494,0
rep2,1.0467,495,0
rep2,1.0467,496,0
rep2,1.0467,497,0
rep2,1.0468,498,0
rep2,1.0468,499,0
rep2,1.0468,500,0
rep2,1.0468,501,0
rep2,1.0468,502,0
rep2,1.0468,503,0
rep2,1.0468,504,0
rep2,1.0469,505,0
rep2,1.0469,506,0
rep2,1.0469,507,0
rep2,1.0469,508,0
rep2,1.0469,509,0
rep2,1.047,510,0
rep2,1.047,511,0
rep2,1.047,512,0
rep2,1.047,513,0
rep2,1.047,514,0
rep2,1.047,515,0
rep2,1.0471,516,0
rep2,1.0471,517,0
rep2,1.0471,518,0
rep2,1.0471,519,0
rep2,1.0471,520,0
rep2,1.0471,521,0
rep2,1.0471,522,0
rep2,1.0471,523,0
rep2,1.0472,524,0
rep2,1.0472,525,0
rep2,1.0472,526,0
rep2,1.0472,527,0
rep2,1.0472,528,0
rep2,1.0472,529,0
rep2,1.0472,530,0
rep2,1.0472,531,0
rep2,1.0472,532,0
rep2,1.0472,533,0
rep2,1.0473,534,0
rep2,1.0473,535,0
rep2,1.0473,536,0
rep2,1.0473,537,0
rep2,1.0473,538,0
rep2,1.0474,539,0
rep2,1.0474,540,0
rep2,1.0474,541,0
rep2,1.0474,542,0
rep2,1.0475,543,0
rep2,1.0475,544,0
rep2,1.0475,545,0
rep2,1.0476,546,0
rep2,1.0476,547,0
rep2,1.0476,548,0
rep2,1.0476,549,0
rep2,1.0476,550,0
rep2,1.0476,551,0
rep2,1.0476,552,0
rep2,1.0477,553,0
rep2,1.0477,554,0
rep2,1.0477,555,0
rep2,1.0477,556,0
rep2,1.0478,557,0
rep2,1.0478,558,0
rep2,1.0478,559,0
rep2,1.0478,560,0
rep2,1.0479,561,0
rep2,1.0479,562,0
rep2,1.0479,563,0
rep2,1.048,564,0
rep2,1.048,565,0
rep2,1.048,566,0
rep2,1.0481,567,0
rep2,1.0481,568,0
rep2,1.0481,569,0
rep2,1.0481,570,0
rep2,1.0481,571,0
rep2,1.0482,572,0
rep2,1.0482,573,0
rep2,1.0482,574,0
rep2,1.0482,575,0
rep2,1.0482,576,0
rep2,1.0482,577,0
rep2,1.0482,578,0
rep2,1.0483,579,0
rep2,1.0483,580,0
rep2,1.0483,581,0
rep2,1.0483,582,0
rep2,1.0483,583,0
rep2,1.0483,584,0
rep2,1.0484,585,0
rep2,1.0484,586,0
rep2,1.0484,587,0
rep2,1.0485,588,0
rep2,1.0485,589,0
rep2,1.0485,590,0
rep2,1.0486,591,0
rep2,1.0486,592,0
rep2,1.0486,593,0
rep2,1.0486,594,0
rep2,1.0486,595,0
rep2,1.0486,596,0
rep2,1.0487,597,0
rep2,1.0487,598,0
rep2,1.0487,599,0
rep2,1.0488,600,0
rep2,1.0488,601,0
rep2,1.0488,602,0
rep2,1.0488,603,0
rep2,1.0488,604,0
rep2,1.0488,605,0
rep2,1.0489,606,0
rep2,1.0489,607,0
rep2,1.0489,608,0
rep2,1.0489,609,0
rep2,1.0489,610,0
rep2,1.049,611,0
rep2,1.049,612,0
rep2,1.049,613,0
rep2,1.049,614,0
rep2,1.049,615,0
rep2,1.0491,616,0
rep2,1.0491,617,0
rep2,1.0491,618,0
rep2,1.0491,619,0
rep2,1.0492,620,0
rep2,1.0492,621,0
rep2,1.0492,622,0
rep2,1.0492,623,0
rep2,1.0493,624,0
rep2,1.0493,625,0
rep2,1.0494,626,0
rep2,1.0494,627,0
rep2,1.0494,628,0
rep2,1.0494,629,0
rep2,1.0495,630,0
rep2,1.0495,631,0
rep2,1.0495,632,0
rep2,1.0495,633,0
rep2,1.0496,634,0
rep2,1.0496,635,0
rep2,1.0496,636,0
rep2,1.0497,637,0
rep2,1.0497,638,0
rep2,1.0497,639,0
rep2,1.0498,640,0
rep2,1.0498,641,0
rep2,1.0499,642,0
rep2,1.0499,643,0
rep2,1.0499,644,0
rep2,1.0499,645,0
rep2,1.0499,646,0
rep2,1.05,647,0
rep2,1.05,648,0
rep2,1.05,649,0
rep2,1.05,650,0
rep2,1.05,651,0
rep2,1.0501,652,0
rep2,1.0501,653,0
rep2,1.0501,654,0
rep2,1.0502,655,0
rep2,1.0502,656,0
rep2,1.0502,657,0
rep2,1.0502,658,0
rep2,1.0502,659,0
rep2,1.0502,660,0
rep2,1.0503,661,0
rep2,1.0503,662,0
rep2,1.0503,663,0
rep2,1.0504,664,0
rep2,1.0504,665,0
rep2,1.0504,666,0
rep2,1.0505,667,0
rep2,1.0505,668,0
rep2,1.0505,669,0
rep2,1.0505,670,0
rep2,1.0506,671,0
rep2,1.0506,672,0
rep2,1.0506,673,0
rep2,1.0506,674,0
rep2,1.0506,675,0
rep2,1.0506,676,0
rep2,1.0507,677,0
rep2,1.0507,678,0
rep2,1.0507,679,0
rep2,1.0507,680,0
rep2,1.0508,681,0
rep2,1.0508,682,0
rep2,1.0508,683,0
rep2,1.0509,684,0
rep2,1.0509,685,0
rep2,1.0509,686,0
rep2,1.051,687,0
rep2,1.051,688,0
rep2,1.051,689,0
rep2,1.051,690,0
rep2,1.051,691,0
rep2,1.051,692,0
rep2,1.0511,693,0
rep2,1.0511,694,0
rep2,1.0511,695,0
rep2,1.0511,696,0
rep2,1.0512,697,0
rep2,1.0512,698,0
rep2,1.0512,699,0
rep2,1.0513,700,0
rep2,1.0513,701,0
rep2,1.0513,702,0
rep2,1.0513,703,0
rep2,1.0513,704,0
rep2,1.0513,705,0
rep2,1.0514,706,0
rep2,1.0514,707,0
rep2,1.0515,708,0
rep2,1.0515,709,0
rep2,1.0515,710,0
rep2,1.0515,711,0
rep2,1.0516,712,0
rep2,1.0516,713,0
rep2,1.0516,714,0
rep2,1.0517,715,0
rep2,1.0517,716,0
rep2,1.0517,717,0
rep2,1.0517,718,0
rep2,1.0518,719,0
rep2,1.0518,720,0
rep2,1.0518,721,0
rep2,1.0518,722,0
rep2,1.0518,723,0
rep2,1.0518,724,0
rep2,1.0519,725,0
rep2,1.0519,726,0
rep2,1.0519,727,0
rep2,1.052,728,0
rep2,1.052,729,0
rep2,1.052,730,0
rep2,1.052,731,0
rep2,1.0521,732,0
rep2,1.0521,733,0
rep2,1.0522,734,0
rep2,1.0522,735,0
rep2,1.0522,736,0
rep2,1.0522,737,0
rep2,1.0523,738,0
rep2,1.0523,739,0
rep2,1.0523,740,0
rep2,1.0523,741,0
rep2,1.0524,742,0
rep2,1.0524,743,0
rep2,1.0524,744,0
rep2,1.0524,745,0
rep2,1.0525,746,0
rep2,1.0525,747,0
rep2,1.0525,748,0
rep2,1.0526,749,0
rep2,1.0526,750,0
rep2,1.0526,751,0
rep2,1.0527,752,0
rep2,1.0527,753,0
rep2,1.0527,754,0
rep2,1.0528,755,0
rep2,1.0528,756,0
rep2,1.0528,757,0
rep2,1.0529,758,0
rep2,1.0529,759,0
rep2,1.0529,760,0
rep2,1.0529,761,0
rep2,1.053,762,0
rep2,1.053,763,0
rep2,1.053,764,0
rep2,1.0531,765,0
rep2,1.0531,766,0
rep2,1.0531,767,0
rep2,1.0532,768,0
rep2,1.0532,769,0
rep2,1.0532,770,0
rep2,1.0532,771,0
rep2,1.0533,772,0
rep2,1.0533,773,0
rep2,1.0533,774,0
rep2,1.0533,775,0
rep2,1.0534,776,0
rep2,1.0534,777,0
rep2,1.0535,778,0
rep2,1.0535,779,0
rep2,1.0536,780,0
rep2,1.0537,781,0
rep2,1.0537,782,0
rep2,1.0537,783,0
rep2,1.0537,784,0
rep2,1.0538,785,0
rep2,1.0538,786,0
rep2,1.0539,787,0
rep2,1.0539,788,0
rep2,1.054,789,0
rep2,1.054,790,0
rep2,1.054,791,0
rep2,1.0541,792,0
rep2,1.0541,793,0
rep2,1.0541,794,0
rep2,1.0541,795,0
rep2,1.0543,796,0
rep2,1.0543,797,0
rep2,1.0543,798,0
rep2,1.0543,799,0
rep2,1.0543,800,0
rep2,1.0544,801,0
rep2,1.0545,802,0
rep2,1.0545,803,0
rep2,1.0545,804,0
rep2,1.0546,805,0
rep2,1.0547,806,0
rep2,1.0547,807,0
rep2,1.0547,808,0
rep2,1.0547,809,0
rep2,1.0548,810,0
rep2,1.0548,811,0
rep2,1.0549,812,0
rep2,1.055,813,0
rep2,1.055,814,0
rep2,1.0551,815,0
rep2,1.0551,816,0
rep2,1.0551,817,0
rep2,1.0552,818,0
rep2,1.0552,819,0
rep2,1.0552,820,0
rep2,1.0552,821,0
rep2,1.0553,822,0
rep2,1.0553,823,0
rep2,1.0554,824,0
rep2,1.0554,825,0
rep2,1.0554,826,0
rep2,1.0554,827,0
rep2,1.0554,828,0
rep2,1.0555,829,0
rep2,1.0555,830,0
rep2,1.0556,831,0
rep2,1.0556,832,0
rep2,1.0556,833,0
rep2,1.0557,834,0
rep2,1.0558,835,0
rep2,1.0558,836,0
rep2,1.0559,837,0
rep2,1.056,838,0
rep2,1.0561,839,0
rep2,1.0561,840,0
rep2,1.0562,841,0
rep2,1.0562,842,0
rep2,1.0562,843,0
rep2,1.0563,844,0
rep2,1.0563,845,0
rep2,1.0563,846,0
rep2,1.0563,847,0
rep2,1.0564,848,0
rep2,1.0564,849,0
rep2,1.0564,850,0
rep2,1.0564,851,0
rep2,1.0565,852,0
rep2,1.0565,853,0
rep2,1.0565,854,0
rep2,1.0565,855,0
rep2,1.0566,856,0
rep2,1.0566,857,0
rep2,1.0566,858,0
rep2,1.0567,859,0
rep2,1.0567,860,0
rep2,1.0568,861,0
rep2,1.0568,862,0
rep2,1.0569,863,0
rep2,1.0569,864,0
rep2,1.0569,865,0
rep2,1.057,866,0
rep2,1.057,867,0
rep2,1.0571,868,0
rep2,1.0572,869,0
rep2,1.0572,870,0
rep2,1.0572,871,0
rep2,1.0572,872,0
rep2,1.0573,873,0
rep2,1.0573,874,0
rep2,1.0574,875,0
rep2,1.0574,876,0
rep2,1.0575,877,0
rep2,1.0576,878,0
rep2,1.0576,879,0
rep2,1.0576,880,0
rep2,1.0577,881,0
rep2,1.0578,882,0
rep2,1.0578,883,0
rep2,1.0578,884,0
rep2,1.0579,885,0
rep2,1.058,886,0
rep2,1.058,887,0
rep2,1.0581,888,0
rep2,1.0581,889,0
rep2,1.0581,890,0
rep2,1.0582,891,0
rep2,1.0582,892,0
rep2,1.0583,893,0
rep2,1.0583,894,0
rep2,1.0584,895,0
rep2,1.0584,896,0
rep2,1.0584,897,0
rep2,1.0585,898,0
rep2,1.0585,899,0
rep2,1.0585,900,0
rep2,1.0586,901,0
rep2,1.0586,902,0
rep2,1.0587,903,0
rep2,1.0588,904,0
rep2,1.0589,905,0
rep2,1.059,906,0
rep2,1.059,907,0
rep2,1.059,908,0
rep2,1.0591,909,0
rep2,1.0591,910,0
rep2,1.0592,911,0
rep2,1.0593,912,0
rep2,1.0594,913,0
rep2,1.0594,914,0
rep2,1.0594,915,0
rep2,1.0594,916,0
rep2,1.0594,917,0
rep2,1.0595,918,0
rep2,1.0595,919,0
rep2,1.0596,920,0
rep2,1.0597,921,0
rep2,1.0597,922,0
rep2,1.0598,923,0
rep2,1.0598,924,0
rep2,1.0598,925,0
rep2,1.0599,926,0
rep2,1.0599,927,0
rep2,1.0599,928,0
rep2,1.06,929,0
rep2,1.06,930,0
rep2,1.0601,931,0
rep2,1.0602,932,0
rep2,1.0602,933,0
rep2,1.0602,934,0
rep2,1.0603,935,0
rep2,1.0603,936,0
rep2,1.0603,937,0
rep2,1.0603,938,0
rep2,1.0604,939,0
rep2,1.0604,940,0
rep2,1.0604,941,0
rep2,1.0605,942,0
rep2,1.0605,943,0
rep2,1.0606,944,0
rep2,1.0606,945,0
rep2,1.0606,946,0
rep2,1.0607,947,0
rep2,1.0607,948,0
rep2,1.0608,949,0
rep2,1.0608,950,0
rep2,1.0608,951,0
rep2,1.0609,952,0
rep2,1.0609,953,0
rep2,1.061,954,0
rep2,1.061,955,0
rep2,1.0611,956,0
rep2,1.0612,957,0
rep2,1.0613,958,0
rep2,1.0613,959,0
rep2,1.0613,960,0
rep2,1.0614,961,0
rep2,1.0614,962,0
rep2,1.0615,963,0
rep2,1.0615,964,0
rep2,1.0616,965,0
rep2,1.0617,966,0
rep2,1.0617,967,0
rep2,1.0618,968,0
rep2,1.0618,969,0
rep2,1.0619,970,0
rep2,1.062,971,0
rep2,1.062,972,0
rep2,1.062,973,0
rep2,1.062,974,0
rep2,1.0621,975,0
rep2,1.0622,976,0
rep2,1.0623,977,0
rep2,1.0623,978,0
rep2,1.0624,979,0
rep2,1.0624,980,0
rep2,1.0625,981,0
rep2,1.0625,982,0
rep2,1.0626,983,0
rep2,1.0626,984,0
rep2,1.0627,985,0
rep2,1.0628,986,0
rep2,1.0628,987,0
rep2,1.063,988,0
rep2,1.063,989,0
rep2,1.0631,990,0
rep2,1.0632,991,0
rep2,1.0632,992,0
rep2,1.0632,993,0
rep2,1.0633,994,0
rep2,1.0634,995,0
rep2,1.0635,996,0
rep2,1.0635,997,0
rep2,1.0637,998,0
rep2,1.0638,999,0
rep2,1.0638,1000,0
rep2,1.064,1001,0
rep2,1.0642,1002,0
rep2,1.0643,1003,0
rep2,1.0643,1004,0
rep2,1.0645,1005,0
rep2,1.0646,1006,0
rep2,1.0647,1007,0
rep2,1.0648,1008,0
rep2,1.0648,1009,0
rep2,1.0648,1010,0
rep2,1.0649,1011,0
rep2,1.0649,1012,0
rep2,1.0649,1013,0
rep2,1.0649,1014,0
rep2,1.065,1015,0
rep2,1.065,1016,0
rep2,1.0651,1017,0
rep2,1.0651,1018,0
rep2,1.0652,1019,0
rep2,1.0653,1020,0
rep2,1.0653,1021,0
rep2,1.0654,1022,0
rep2,1.0654,1023,0
rep2,1.0655,1024,0
rep2,1.0656,1025,0
rep2,1.0657,1026,0
rep2,1.0658,1027,0
rep2,1.0659,1028,0
rep2,1.0659,1029,0
rep2,1.0659,1030,0
rep2,1.066,1031,0
rep2,1.066,1032,0
rep2,1.0661,1033,0
rep2,1.0662,1034,0
rep2,1.0662,1035,0
rep2,1.0663,1036,0
rep2,1.0665,1037,0
rep2,1.0666,1038,0
rep2,1.0667,1039,0
rep2,1.0667,1040,0
rep2,1.0668,1041,0
rep2,1.0669,1042,0
rep2,1.067,1043,0
rep2,1.0671,1044,0
rep2,1.0672,1045,0
rep2,1.0672,1046,0
rep2,1.0672,1047,0
rep2,1.0673,1048,0
rep2,1.0673,1049,0
rep2,1.0676,1050,0
rep2,1.0677,1051,0
rep2,1.0677,1052,0
rep2,1.0678,1053,0
rep2,1.0678,1054,0
rep2,1.0678,1055,0
rep2,1.0678,1056,0
rep2,1.0679,1057,0
rep2,1.068,1058,0
rep2,1.0681,1059,0
rep2,1.0682,1060,0
rep2,1.0682,1061,0
rep2,1.0682,1062,0
rep2,1.0683,1063,0
rep2,1.0685,1064,0
rep2,1.0686,1065,0
rep2,1.0686,1066,0
rep2,1.0687,1067,0
rep2,1.0689,1068,0
rep2,1.0691,1069,0
rep2,1.0691,1070,0
rep2,1.0692,1071,0
rep2,1.0692,1072,0
rep2,1.0695,1073,0
rep2,1.0695,1074,0
rep2,1.0699,1075,0
rep2,1.0702,1076,0
rep2,1.0702,1077,0
rep2,1.0706,1078,0
rep2,1.0708,1079,0
rep2,1.0708,1080,0
rep2,1.0709,1081,0
rep2,1.0711,1082,0
rep2,1.0711,1083,0
rep2,1.0711,1084,0
rep2,1.0712,1085,0
rep2,1.0713,1086,0
rep2,1.0713,1087,0
rep2,1.0715,1088,0
rep2,1.0716,1089,0
rep2,1.0716,1090,0
rep2,1.0717,1091,0
rep2,1.0717,1092,0
rep2,1.0717,1093,0
rep2,1.0719,1094,0
rep2,1.0719,1095,0
rep2,1.0721,1096,0
rep2,1.0722,1097,0
rep2,1.0723,1098,0
rep2,1.0724,1099,0
rep2,1.0725,1100,0
rep2,1.0729,1101,0
rep2,1.0731,1102,0
rep2,1.0731,1103,0
rep2,1.0734,1104,0
rep2,1.0734,1105,0
rep2,1.0735,1106,0
rep2,1.0736,1107,0
rep2,1.0737,1108,0
rep2,1.0739,1109,0
rep2,1.0741,1110,0
rep2,1.0742,1111,0
rep2,1.0742,1112,0
rep2,1.0742,1113,0
rep2,1.0743,1114,0
rep2,1.0747,1115,0
rep2,1.0748,1116,0
rep2,1.0749,1117,0
rep2,1.0749,1118,0
rep2,1.075,1119,0
rep2,1.0752,1120,0
rep2,1.0754,1121,0
rep2,1.0754,1122,0
rep2,1.0754,1123,0
rep2,1.0755,1124,0
rep2,1.0756,1125,0
rep2,1.0757,1126,0
rep2,1.0757,1127,0
rep2,1.0758,1128,0
rep2,1.0758,1129,0
rep2,1.0758,1130,0
rep2,1.0758,1131,0
rep2,1.0758,1132,0
rep2,1.0759,1133,0
rep2,1.0759,1134,0
rep2,1.0759,1135,0
rep2,1.0759,1136,0
rep2,1.0759,1137,0
rep2,1.0759,1138,0
rep2,1.076,1139,0
rep2,1.076,1140,0
rep2,1.076,1141,0
rep2,1.0761,1142,0
rep2,1.0761,1143,0
rep2,1.0761,1144,0
rep2,1.0762,1145,0
rep2,1.0762,1146,0
rep2,1.0762,1147,0
rep2,1.0763,1148,0
rep2,1.0763,1149,0
rep2,1.0763,1150,0
rep2,1.0763,1151,0
rep2,1.0764,1152,0
rep2,1.0764,1153,0
rep2,1.0765,1154,0
rep2,1.0765,1155,0
rep2,1.0765,1156,0
rep2,1.0766,1157,0
rep2,1.0767,1158,0
rep2,1.0767,1159,0
rep2,1.0767,1160,0
rep2,1.0767,1161,0
rep2,1.0768,1162,0
rep2,1.0768,1163,0
rep2,1.0768,1164,0
rep2,1.0768,1165,0
rep2,1.0769,1166,0
rep2,1.0769,1167,0
rep2,1.0769,1168,0
rep2,1.0769,1169,0
rep2,1.077,1170,0
rep2,1.077,1171,0
rep2,1.077,1172,0
rep2,1.0771,1173,0
rep2,1.0771,1174,0
rep2,1.0771,1175,0
rep2,1.0771,1176,0
rep2,1.0772,1177,0
rep2,1.0772,1178,0
rep2,1.0773,1179,0
rep2,1.0773,1180,0
rep2,1.0773,1181,0
rep2,1.0773,1182,0
rep2,1.0773,1183,0
rep2,1.0774,1184,0
rep2,1.0774,1185,0
rep2,1.0776,1186,0
rep2,1.0777,1187,0
rep2,1.0777,1188,0
rep2,1.0778,1189,0
rep2,1.0778,1190,0
rep2,1.0779,1191,0
rep2,1.0779,1192,0
rep2,1.0781,1193,0
rep2,1.0781,1194,0
rep2,1.0782,1195,0
rep2,1.0782,1196,0
rep2,1.0782,1197,0
rep2,1.0783,1198,0
rep2,1.0783,1199,0
rep2,1.0783,1200,0
rep2,1.0784,1201,0
rep2,1.0784,1202,0
rep2,1.0786,1203,0
rep2,1.0786,1204,0
rep2,1.0787,1205,0
rep2,1.0788,1206,0
rep2,1.0788,1207,0
rep2,1.0788,1208,0
rep2,1.0788,1209,0
rep2,1.0789,1210,0
rep2,1.0789,1211,0
rep2,1.0789,1212,0
rep2,1.0789,1213,0
rep2,1.079,1214,0
rep2,1.079,1215,0
rep2,1.079,1216,0
rep2,1.0791,1217,0
rep2,1.0791,1218,0
rep2,1.0791,1219,0
rep2,1.0791,1220,0
rep2,1.0792,1221,0
rep2,1.0792,1222,0
rep2,1.0793,1223,0
rep2,1.0793,1224,0
rep2,1.0794,1225,0
rep2,1.0795,1226,0
rep2,1.0795,1227,0
rep2,1.0795,1228,0
rep2,1.0796,1229,0
rep2,1.0796,1230,0
rep2,1.0796,1231,0
rep2,1.0796,1232,0
rep2,1.0797,1233,0
rep2,1.0797,1234,0
rep2,1.0797,1235,0
rep2,1.0798,1236,0
rep2,1.0798,1237,0
rep2,1.0799,1238,0
rep2,1.0799,1239,0
rep2,1.0799,1240,0
rep2,1.08,1241,0
rep2,1.08,1242,0
rep2,1.08,1243,0
rep2,1.08,1244,0
rep2,1.08,1245,0
rep2,1.0802,1246,0
rep2,1.0802,1247,0
rep2,1.0804,1248,0
rep2,1.0804,1249,0
rep2,1.0805,1250,0
rep2,1.0805,1251,0
rep2,1.0806,1252,0
rep2,1.0806,1253,0
rep2,1.0806,1254,0
rep2,1.0807,1255,0
rep2,1.0807,1256,0
rep2,1.0808,1257,0
rep2,1.0809,1258,0
rep2,1.081,1259,0
rep2,1.081,1260,0
rep2,1.081,1261,0
rep2,1.0811,1262,0
rep2,1.0811,1263,0
rep2,1.0811,1264,0
rep2,1.0811,1265,0
rep2,1.0812,1266,0
rep2,1.0812,1267,0
rep2,1.0814,1268,0
rep2,1.0815,1269,0
rep2,1.0815,1270,0
rep2,1.0815,1271,0
rep2,1.0815,1272,0
rep2,1.0815,1273,0
rep2,1.0816,1274,0
rep2,1.0817,1275,0
rep2,1.0818,1276,0
rep2,1.0818,1277,0
rep2,1.0818,1278,0
rep2,1.0818,1279,0
rep2,1.0819,1280,0
rep2,1.0819,1281,0
rep2,1.082,1282,0
rep2,1.082,1283,0
rep2,1.0821,1284,0
rep2,1.0821,1285,0
rep2,1.0821,1286,0
rep2,1.0822,1287,0
rep2,1.0822,1288,0
rep2,1.0823,1289,0
rep2,1.0824,1290,0
rep2,1.0824,1291,0
rep2,1.0824,1292,0
rep2,1.0825,1293,0
rep2,1.0825,1294,0
rep2,1.0825,1295,0
rep2,1.0826,1296,0
rep2,1.0826,1297,0
rep2,1.0826,1298,0
rep2,1.0826,1299,0
rep2,1.0827,1300,0
rep2,1.0827,1301,0
rep2,1.0827,1302,0
rep2,1.0829,1303,0
rep2,1.0829,1304,0
rep2,1.083,1305,0
rep2,1.083,1306,0
rep2,1.083,1307,0
rep2,1.083,1308,0
rep2,1.0831,1309,0
rep2,1.0831,1310,0
rep2,1.0832,1311,0
rep2,1.0832,1312,0
rep2,1.0833,1313,0
rep2,1.0833,1314,0
rep2,1.0834,1315,0
rep2,1.0834,1316,0
rep2,1.0835,1317,0
rep2,1.0835,1318,0
rep2,1.0835,1319,0
rep2,1.0835,1320,0
rep2,1.0836,1321,0
rep2,1.0836,1322,0
rep2,1.0837,1323,0
rep2,1.0838,1324,0
rep2,1.0838,1325,0
rep2,1.0839,1326,0
rep2,1.084,1327,0
rep2,1.084,1328,0
rep2,1.084,1329,0
rep2,1.0841,1330,0
rep2,1.0841,1331,0
rep2,1.0841,1332,0
rep2,1.0842,1333,0
rep2,1.0842,1334,0
rep2,1.0842,1335,0
rep2,1.0842,1336,0
rep2,1.0843,1337,0
rep2,1.0843,1338,0
rep2,1.0844,1339,0
rep2,1.0844,1340,0
rep2,1.0846,1341,0
rep2,1.0846,1342,0
rep2,1.0847,1343,0
rep2,1.0847,1344,0
rep2,1.0848,1345,0
rep2,1.0849,1346,0
rep2,1.085,1347,0
rep2,1.085,1348,0
rep2,1.085,1349,0
rep2,1.085,1350,0
rep2,1.0851,1351,0
rep2,1.0852,1352,0
rep2,1.0853,1353,0
rep2,1.0853,1354,0
rep2,1.0853,1355,0
rep2,1.0853,1356,0
rep2,1.0854,1357,0
rep2,1.0854,1358,0
rep2,1.0854,1359,0
rep2,1.0855,1360,0
rep2,1.0855,1361,0
rep2,1.0855,1362,0
rep2,1.0856,1363,0
rep2,1.0856,1364,0
rep2,1.0856,1365,0
rep2,1.0856,1366,0
rep2,1.0857,1367,0
rep2,1.0857,1368,0
rep2,1.0857,1369,0
rep2,1.0858,1370,0
rep2,1.0858,1371,0
rep2,1.0858,1372,0
rep2,1.0859,1373,0
rep2,1.0859,1374,0
rep2,1.086,1375,0
rep2,1.086,1376,0
rep2,1.0863,1377,0
rep2,1.0864,1378,0
rep2,1.0864,1379,0
rep2,1.0865,1380,0
rep2,1.0865,1381,0
rep2,1.0865,1382,0
rep2,1.0866,1383,0
rep2,1.0866,1384,0
rep2,1.0868,1385,0
rep2,1.0869,1386,0
rep2,1.0869,1387,0
rep2,1.087,1388,0
rep2,1.087,1389,0
rep2,1.0871,1390,0
rep2,1.0871,1391,0
rep2,1.0872,1392,0
rep2,1.0872,1393,0
rep2,1.0872,1394,0
rep2,1.0873,1395,0
rep2,1.0873,1396,0
rep2,1.0874,1397,0
rep2,1.0875,1398,0
rep2,1.0875,1399,0
rep2,1.0875,1400,0
rep2,1.0876,1401,0
rep2,1.0876,1402,0
rep2,1.0877,1403,0
rep2,1.0877,1404,0
rep2,1.0878,1405,0
rep2,1.0878,1406,0
rep2,1.0878,1407,0
rep2,1.0879,1408,0
rep2,1.0879,1409,0
rep2,1.0879,1410,0
rep2,1.088,1411,0
rep2,1.0881,1412,0
rep2,1.0881,1413,0
rep2,1.0881,1414,0
rep2,1.0882,1415,0
rep2,1.0883,1416,0
rep2,1.0883,1417,0
rep2,1.0884,1418,0
rep2,1.0885,1419,0
rep2,1.0885,1420,0
rep2,1.0886,1421,0
rep2,1.0886,1422,0
rep2,1.0887,1423,0
rep2,1.0887,1424,0
rep2,1.0889,1425,0
rep2,1.0889,1426,0
rep2,1.089,1427,0
rep2,1.089,1428,0
rep2,1.0892,1429,0
rep2,1.0892,1430,0
rep2,1.0892,1431,0
rep2,1.0892,1432,0
rep2,1.0893,1433,0
rep2,1.0893,1434,0
rep2,1.0893,1435,0
rep2,1.0894,1436,0
rep2,1.0899,1437,0
rep2,1.0899,1438,0
rep2,1.09,1439,0
rep2,1.09,1440,0
rep2,1.09,1441,0
rep2,1.09,1442,0
rep2,1.0901,1443,0
rep2,1.0902,1444,0
rep2,1.0903,1445,0
rep2,1.0903,1446,0
rep2,1.0904,1447,0
rep2,1.0904,1448,0
rep2,1.0905,1449,0
rep2,1.0905,1450,0
rep2,1.0905,1451,0
rep2,1.0906,1452,0
rep2,1.0907,1453,0
rep2,1.0907,1454,0
rep2,1.0909,1455,0
rep2,1.0909,1456,0
rep2,1.0909,1457,0
rep2,1.091,1458,0
rep2,1.091,1459,0
rep2,1.0911,1460,0
rep2,1.0912,1461,0
rep2,1.0912,1462,0
rep2,1.0915,1463,0
rep2,1.0915,1464,0
rep2,1.0916,1465,0
rep2,1.0916,1466,0
rep2,1.0918,1467,0
rep2,1.0919,1468,0
rep2,1.0919,1469,0
rep2,1.0921,1470,0
rep2,1.0921,1471,0
rep2,1.0922,1472,0
rep2,1.0922,1473,0
rep2,1.0923,1474,0
rep2,1.0923,1475,0
rep2,1.0923,1476,0
rep2,1.0924,1477,0
rep2,1.0924,1478,0
rep2,1.0925,1479,0
rep2,1.0925,1480,0
rep2,1.0926,1481,0
rep2,1.0926,1482,0
rep2,1.0929,1483,0
rep2,1.0929,1484,0
rep2,1.0929,1485,0
rep2,1.093,1486,0
rep2,1.0931,1487,0
rep2,1.0932,1488,0
rep2,1.0932,1489,0
rep2,1.0933,1490,0
rep2,1.0933,1491,0
rep2,1.0934,1492,0
rep2,1.0935,1493,0
rep2,1.0936,1494,0
rep2,1.0937,1495,0
rep2,1.0939,1496,0
rep2,1.094,1497,0
rep2,1.094,1498,0
rep2,1.094,1499,0
rep2,1.0941,1500,0
rep2,1.0943,1501,0
rep2,1.0944,1502,0
rep2,1.0944,1503,0
rep2,1.0945,1504,0
rep2,1.0946,1505,0
rep2,1.0948,1506,0
rep2,1.0948,1507,0
rep2,1.0948,1508,0
rep2,1.095,1509,0
rep2,1.095,1510,0
rep2,1.0952,1511,0
rep2,1.0954,1512,0
rep2,1.0954,1513,0
rep2,1.0954,1514,0
rep2,1.0955,1515,0
rep2,1.0955,1516,0
rep2,1.0955,1517,0
rep2,1.0955,1518,0
rep2,1.0956,1519,0
rep2,1.0956,1520,0
rep2,1.0957,1521,0
rep2,1.0957,1522,0
rep2,1.0958,1523,0
rep2,1.096,1524,0
rep2,1.0961,1525,0
rep2,1.0963,1526,0
rep2,1.0965,1527,0
rep2,1.0966,1528,0
rep2,1.0967,1529,0
rep2,1.0967,1530,0
rep2,1.0968,1531,0
rep2,1.0969,1532,0
rep2,1.097,1533,0
rep2,1.097,1534,0
rep2,1.097,1535,0
rep2,1.0971,1536,0
rep2,1.0971,1537,0
rep2,1.0972,1538,0
rep2,1.0973,1539,0
rep2,1.0973,1540,0
rep2,1.0974,1541,0
rep2,1.0975,1542,0
rep2,1.0975,1543,0
rep2,1.0975,1544,0
rep2,1.0976,1545,0
rep2,1.0976,1546,0
rep2,1.0977,1547,0
rep2,1.0977,1548,0
rep2,1.0978,1549,0
rep2,1.0978,1550,0
rep2,1.0979,1551,0
rep2,1.0979,1552,0
rep2,1.098,1553,0
rep2,1.0981,1554,0
rep2,1.0981,1555,0
rep2,1.0982,1556,0
rep2,1.0982,1557,0
rep2,1.0982,1558,0
rep2,1.0983,1559,0
rep2,1.0984,1560,0
rep2,1.0985,1561,0
rep2,1.0986,1562,0
rep2,1.0986,1563,0
rep2,1.0987,1564,0
rep2,1.0988,1565,0
rep2,1.0989,1566,0
rep2,1.0991,1567,0
rep2,1.0991,1568,0
rep2,1.0991,1569,0
rep2,1.0991,1570,0
rep2,1.0993,1571,0
rep2,1.0993,1572,0
rep2,1.0994,1573,0
rep2,1.0995,1574,0
rep2,1.0995,1575,0
rep2,1.0996,1576,0
rep2,1.0996,1577,0
rep2,1.0997,1578,0
rep2,1.0998,1579,0
rep2,1.0999,1580,0
rep2,1.0999,1581,0
rep2,1.0999,1582,0
rep2,1.1,1583,0
rep2,1.1001,1584,0
rep2,1.1001,1585,0
rep2,1.1003,1586,0
rep2,1.1004,1587,0
rep2,1.1005,1588,0
rep2,1.1006,1589,0
rep2,1.1006,1590,0
rep2,1.1007,1591,0
rep2,1.1007,1592,0
rep2,1.1008,1593,0
rep2,1.1013,1594,0
rep2,1.1013,1595,0
rep2,1.1013,1596,0
rep2,1.1016,1597,0
rep2,1.1016,1598,0
rep2,1.1016,1599,0
rep2,1.1017,1600,0
rep2,1.102,1601,0
rep2,1.102,1602,0
rep2,1.1021,1603,0
rep2,1.1022,1604,0
rep2,1.1022,1605,0
rep2,1.1022,1606,0
rep2,1.1022,1607,0
rep2,1.1026,1608,0
rep2,1.1027,1609,0
rep2,1.1027,1610,0
rep2,1.1028,1611,0
rep2,1.1029,1612,0
rep2,1.1029,1613,0
rep2,1.1031,1614,0
rep2,1.1033,1615,0
rep2,1.1035,1616,0
rep2,1.1035,1617,0
rep2,1.1036,1618,0
rep2,1.1036,1619,0
rep2,1.1037,1620,0
rep2,1.1038,1621,0
rep2,1.1038,1622,0
rep2,1.1041,1623,0
rep2,1.1041,1624,0
rep2,1.1043,1625,0
rep2,1.1044,1626,0
rep2,1.1044,1627,0
rep2,1.1044,1628,0
rep2,1.1046,1629,0
rep2,1.1046,1630,0
rep2,1.1048,1631,0
rep2,1.1049,1632,0
rep2,1.105,1633,0
rep2,1.1051,1634,0
rep2,1.1051,1635,0
rep2,1.1052,1636,0
rep2,1.1055,1637,0
rep2,1.1056,1638,0
rep2,1.1057,1639,0
rep2,1.1058,1640,0
rep2,1.1059,1641,0
rep2,1.1059,1642,0
rep2,1.106,1643,0
rep2,1.106,1644,0
rep2,1.106,1645,0
rep2,1.1062,1646,0
rep2,1.1062,1647,0
rep2,1.1063,1648,0
rep2,1.1063,1649,0
rep2,1.1064,1650,0
rep2,1.1064,1651,0
rep2,1.1065,1652,0
rep2,1.1065,1653,0
rep2,1.1066,1654,0
rep2,1.1067,1655,0
rep2,1.1068,1656,0
rep2,1.1069,1657,0
rep2,1.1069,1658,0
rep2,1.107,1659,0
rep2,1.1071,1660,0
rep2,1.1071,1661,0
rep2,1.1072,1662,0
rep2,1.1072,1663,0
rep2,1.1073,1664,0
rep2,1.1076,1665,0
rep2,1.1076,1666,0
rep2,1.1077,1667,0
rep2,1.1081,1668,0
rep2,1.1082,1669,0
rep2,1.1084,1670,0
rep2,1.1084,1671,0
rep2,1.1085,1672,0
rep2,1.1087,1673,0
rep2,1.1088,1674,0
rep2,1.1089,1675,0
rep2,1.109,1676,0
rep2,1.109,1677,0
rep2,1.1091,1678,0
rep2,1.1092,1679,0
rep2,1.1093,1680,0
rep2,1.1093,1681,0
rep2,1.1094,1682,0
rep2,1.1096,1683,0
rep2,1.1096,1684,0
rep2,1.1097,1685,0
rep2,1.1098,1686,0
rep2,1.1099,1687,0
rep2,1.1101,1688,0
rep2,1.1101,1689,0
rep2,1.1102,1690,0
rep2,1.1102,1691,0
rep2,1.1102,1692,0
rep2,1.1103,1693,0
rep2,1.1104,1694,0
rep2,1.1104,1695,0
rep2,1.1104,1696,0
rep2,1.1105,1697,0
rep2,1.1106,1698,0
rep2,1.1106,1699,0
rep2,1.1107,1700,0
rep2,1.1107,1701,0
rep2,1.1108,1702,0
rep2,1.1108,1703,0
rep2,1.1108,1704,0
rep2,1.1108,1705,0
rep2,1.1109,1706,0
rep2,1.111,1707,0
rep2,1.111,1708,0
rep2,1.1111,1709,0
rep2,1.1111,1710,0
rep2,1.1112,1711,0
rep2,1.1112,1712,0
rep2,1.1112,1713,0
rep2,1.1113,1714,0
rep2,1.1114,1715,0
rep2,1.1114,1716,0
rep2,1.1114,1717,0
rep2,1.1114,1718,0
rep2,1.1115,1719,0
rep2,1.1115,1720,0
rep2,1.1117,1721,0
rep2,1.1117,1722,0
rep2,1.1117,1723,0
rep2,1.1117,1724,0
rep2,1.1118,1725,0
rep2,1.1118,1726,0
rep2,1.1119,1727,0
rep2,1.112,1728,0
rep2,1.1121,1729,0
rep2,1.1121,1730,0
rep2,1.1122,1731,0
rep2,1.1123,1732,0
rep2,1.1123,1733,0
rep2,1.1123,1734,0
rep2,1.1124,1735,0
rep2,1.1125,1736,0
rep2,1.1125,1737,0
rep2,1.1126,1738,0
rep2,1.1126,1739,0
rep2,1.1126,1740,0
rep2,1.1126,1741,0
rep2,1.1127,1742,0
rep2,1.1127,1743,0
rep2,1.1128,1744,0
rep2,1.1128,1745,0
rep2,1.1129,1746,0
rep2,1.1129,1747,0
rep2,1.113,1748,0
rep2,1.113,1749,0
rep2,1.113,1750,0
rep2,1.1131,1751,0
rep2,1.1132,1752,0
rep2,1.1132,1753,0
rep2,1.1132,1754,0
rep2,1.1132,1755,0
rep2,1.1133,1756,0
rep2,1.1133,1757,0
rep2,1.1133,1758,0
rep2,1.1136,1759,0
rep2,1.1136,1760,0
rep2,1.1136,1761,0
rep2,1.1136,1762,0
rep2,1.1137,1763,0
rep2,1.1137,1764,0
rep2,1.1137,1765,0
rep2,1.1138,1766,0
rep2,1.1139,1767,0
rep2,1.1139,1768,0
rep2,1.1139,1769,0
rep2,1.114,1770,0
rep2,1.114,1771,0
rep2,1.114,1772,0
rep2,1.1141,1773,0
rep2,1.1142,1774,0
rep2,1.1142,1775,0
rep2,1.1142,1776,0
rep2,1.1143,1777,0
rep2,1.1143,1778,0
rep2,1.1144,1779,0
rep2,1.1145,1780,0
rep2,1.1145,1781,0
rep2,1.1145,1782,0
rep2,1.1146,1783,0
rep2,1.1148,1784,0
rep2,1.1149,1785,0
rep2,1.1149,1786,0
rep2,1.1149,1787,0
rep2,1.115,1788,0
rep2,1.115,1789,0
rep2,1.115,1790,0
rep2,1.1151,1791,0
rep2,1.1152,1792,0
rep2,1.1153,1793,0
rep2,1.1153,1794,0
rep2,1.1153,1795,0
rep2,1.1154,1796,0
rep2,1.1155,1797,0
rep2,1.1156,1798,0
rep2,1.1157,1799,0
rep2,1.1157,1800,0
rep2,1.1157,1801,0
rep2,1.1158,1802,0
rep2,1.1158,1803,0
rep2,1.1159,1804,0
rep2,1.116,1805,0
rep2,1.116,1806,0
rep2,1.1161,1807,0
rep2,1.1161,1808,0
rep2,1.1162,1809,0
rep2,1.1162,1810,0
rep2,1.1163,1811,0
rep2,1.1163,1812,0
rep2,1.1163,1813,0
rep2,1.1164,1814,0
rep2,1.1164,1815,0
rep2,1.1165,1816,0
rep2,1.1165,1817,0
rep2,1.1166,1818,0
rep2,1.1167,1819,0
rep2,1.1167,1820,0
rep2,1.1168,1821,0
rep2,1.1168,1822,0
rep2,1.1169,1823,0
rep2,1.117,1824,0
rep2,1.1171,1825,0
rep2,1.1171,1826,0
rep2,1.1172,1827,0
rep2,1.1173,1828,0
rep2,1.1175,1829,0
rep2,1.1175,1830,0
rep2,1.1176,1831,0
rep2,1.1176,1832,0
rep2,1.1176,1833,0
rep2,1.1177,1834,0
rep2,1.1177,1835,0
rep2,1.1177,1836,0
rep2,1.1179,1837,0
rep2,1.1179,1838,0
rep2,1.1179,1839,0
rep2,1.118,1840,0
rep2,1.118,1841,0
rep2,1.118,1842,0
rep2,1.1181,1843,0
rep2,1.1181,1844,0
rep2,1.1181,1845,0
rep2,1.1183,1846,0
rep2,1.1183,1847,0
rep2,1.1183,1848,0
rep2,1.1183,1849,0
rep2,1.1184,1850,0
rep2,1.1185,1851,0
rep2,1.1186,1852,0
rep2,1.1186,1853,0
rep2,1.1186,1854,0
rep2,1.1189,1855,0
rep2,1.119,1856,0
rep2,1.1191,1857,0
rep2,1.1191,1858,0
rep2,1.1191,1859,0
rep2,1.1191,1860,0
rep2,1.1192,1861,0
rep2,1.1195,1862,0
rep2,1.1196,1863,0
rep2,1.1197,1864,0
rep2,1.1198,1865,0
rep2,1.1198,1866,0
rep2,1.1199,1867,0
rep2,1.12,1868,0
rep2,1.12,1869,0
rep2,1.1201,1870,0
rep2,1.1201,1871,0
rep2,1.1202,1872,0
rep2,1.1203,1873,0
rep2,1.1203,1874,0
rep2,1.1204,1875,0
rep2,1.1204,1876,0
rep2,1.1204,1877,0
rep2,1.1204,1878,0
rep2,1.1205,1879,0
rep2,1.1206,1880,0
rep2,1.1207,1881,0
rep2,1.1207,1882,0
rep2,1.1208,1883,0
rep2,1.1208,1884,0
rep2,1.1209,1885,0
rep2,1.1209,1886,0
rep2,1.121,1887,0
rep2,1.1212,1888,0
rep2,1.1213,1889,0
rep2,1.1213,1890,0
rep2,1.1214,1891,0
rep2,1.1215,1892,0
rep2,1.1215,1893,0
rep2,1.1216,1894,0
rep2,1.1216,1895,0
rep2,1.1216,1896,0
rep2,1.1217,1897,0
rep2,1.1217,1898,0
rep2,1.1218,1899,0
rep2,1.1219,1900,0
rep2,1.1219,1901,0
rep2,1.1219,1902,0
rep2,1.122,1903,0
rep2,1.122,1904,0
rep2,1.1221,1905,0
rep2,1.1222,1906,0
rep2,1.1223,1907,0
rep2,1.1223,1908,0
rep2,1.1224,1909,0
rep2,1.1224,1910,0
rep2,1.1224,1911,0
rep2,1.1225,1912,0
rep2,1.1225,1913,0
rep2,1.1225,1914,0
rep2,1.1226,1915,0
rep2,1.1226,1916,0
rep2,1.1227,1917,0
rep2,1.1228,1918,0
rep2,1.1228,1919,0
rep2,1.1228,1920,0
rep2,1.1228,1921,0
rep2,1.1231,1922,0
rep2,1.1233,1923,0
rep2,1.1235,1924,0
rep2,1.1236,1925,0
rep2,1.1236,1926,0
rep2,1.1237,1927,0
rep2,1.1238,1928,0
rep2,1.1238,1929,0
rep2,1.124,1930,0
rep2,1.124,1931,0
rep2,1.124,1932,0
rep2,1.1241,1933,0
rep2,1.1241,1934,0
rep2,1.1241,1935,0
rep2,1.1242,1936,0
rep2,1.1242,1937,0
rep2,1.1242,1938,0
rep2,1.1243,1939,0
rep2,1.1245,1940,0
rep2,1.1245,1941,0
rep2,1.1248,1942,0
rep2,1.1248,1943,0
rep2,1.1249,1944,0
rep2,1.1249,1945,0
rep2,1.125,1946,0
rep2,1.125,1947,0
rep2,1.125,1948,0
rep2,1.1251,1949,0
rep2,1.1253,1950,0
rep2,1.1253,1951,0
rep2,1.1253,1952,0
rep2,1.1254,1953,0
rep2,1.1254,1954,0
rep2,1.1254,1955,0
rep2,1.1255,1956,0
rep2,1.1256,1957,0
rep2,1.1256,1958,0
rep2,1.1256,1959,0
rep2,1.1257,1960,0
rep2,1.1259,1961,0
rep2,1.1259,1962,0
rep2,1.1259,1963,0
rep2,1.126,1964,0
rep2,1.126,1965,0
rep2,1.1261,1966,0
rep2,1.1261,1967,0
rep2,1.1262,1968,0
rep2,1.1262,1969,0
rep2,1.1263,1970,0
rep2,1.1263,1971,0
rep2,1.1263,1972,0
rep2,1.1263,1973,0
rep2,1.1264,1974,0
rep2,1.1264,1975,0
rep2,1.1264,1976,0
rep2,1.1264,1977,0
rep2,1.1265,1978,0
rep2,1.1266,1979,0
rep2,1.1267,1980,0
rep2,1.1268,1981,0
rep2,1.1268,1982,0
rep2,1.127,1983,0
rep2,1.1271,1984,0
rep2,1.1271,1985,0
rep2,1.1271,1986,0
rep2,1.1272,1987,0
rep2,1.1273,1988,0
rep2,1.1274,1989,0
rep2,1.1275,1990,0
rep2,1.1275,1991,0
rep2,1.1275,1992,0
rep2,1.1276,1993,0
rep2,1.1277,1994,0
rep2,1.1277,1995,0
rep2,1.1278,1996,0
rep2,1.1279,1997,0
rep2,1.128,1998,0
rep2,1.128,1999,0
rep2,1.1281,2000,0
rep2,1.1284,2001,0
rep2,1.1284,2002,0
rep2,1.1284,2003,0
rep2,1.1285,2004,0
rep2,1.1285,2005,0
rep2,1.1286,2006,0
rep2,1.1286,2007,0
rep2,1.1286,2008,0
rep2,1.1287,2009,0
rep2,1.1288,2010,0
rep2,1.1289,2011,0
rep2,1.1289,2012,0
rep2,1.1289,2013,0
rep2,1.129,2014,0
rep2,1.129,2015,0
rep2,1.129,2016,0
rep2,1.129,2017,0
rep2,1.129,2018,0
rep2,1.1291,2019,0
rep2,1.1291,2020,0
rep2,1.1292,2021,0
rep2,1.1293,2022,0
rep2,1.1294,2023,0
rep2,1.1295,2024,0
rep2,1.1295,2025,0
rep2,1.1296,2026,0
rep2,1.1296,2027,0
rep2,1.1296,2028,0
rep2,1.1297,2029,0
rep2,1.1297,2030,0
rep2,1.1298,2031,0
rep2,1.1298,2032,0
rep2,1.13,2033,0
rep2,1.1301,2034,0
rep2,1.1302,2035,0
rep2,1.1302,2036,0
rep2,1.1302,2037,0
rep2,1.1303,2038,0
rep2,1.1303,2039,0
rep2,1.1304,2040,0
rep2,1.1306,2041,0
rep2,1.1306,2042,0
rep2,1.1306,2043,0
rep2,1.1307,2044,0
rep2,1.1308,2045,0
rep2,1.1308,2046,0
rep2,1.1309,2047,0
rep2,1.1311,2048,0
rep2,1.1313,2049,0
rep2,1.1313,2050,0
rep2,1.1314,2051,0
rep2,1.1316,2052,0
rep2,1.1317,2053,0
rep2,1.1318,2054,0
rep2,1.1319,2055,0
rep2,1.1322,2056,0
rep2,1.1324,2057,0
rep2,1.1324,2058,0
rep2,1.1324,2059,0
rep2,1.1325,2060,0
rep2,1.1326,2061,0
rep2,1.1326,2062,0
rep2,1.1326,2063,0
rep2,1.1327,2064,0
rep2,1.1327,2065,0
rep2,1.1327,2066,0
rep2,1.1327,2067,0
rep2,1.1328,2068,0
rep2,1.1328,2069,0
rep2,1.1329,2070,0
rep2,1.1329,2071,0
rep2,1.133,2072,0
rep2,1.133,2073,0
rep2,1.133,2074,0
rep2,1.133,2075,0
rep2,1.1332,2076,0
rep2,1.1332,2077,0
rep2,1.1333,2078,0
rep2,1.1334,2079,0
rep2,1.1334,2080,0
rep2,1.1335,2081,0
rep2,1.1336,2082,0
rep2,1.1337,2083,0
rep2,1.1337,2084,0
rep2,1.1337,2085,0
rep2,1.1339,2086,0
rep2,1.1342,2087,0
rep2,1.1342,2088,0
rep2,1.1342,2089,0
rep2,1.1342,2090,0
rep2,1.1343,2091,0
rep2,1.1344,2092,0
rep2,1.1344,2093,0
rep2,1.1344,2094,0
rep2,1.1346,2095,0
rep2,1.1346,2096,0
rep2,1.1346,2097,0
rep2,1.1347,2098,0
rep2,1.1348,2099,0
rep2,1.1348,2100,0
rep2,1.135,2101,0
rep2,1.1351,2102,0
rep2,1.1351,2103,0
rep2,1.1352,2104,0
rep2,1.1352,2105,0
rep2,1.1352,2106,0
rep2,1.1353,2107,0
rep2,1.1354,2108,0
rep2,1.1354,2109,0
rep2,1.1354,2110,0
rep2,1.1354,2111,0
rep2,1.1355,2112,0
rep2,1.1355,2113,0
rep2,1.1356,2114,0
rep2,1.1356,2115,0
rep2,1.1357,2116,0
rep2,1.1357,2117,0
rep2,1.1357,2118,0
rep2,1.1357,2119,0
rep2,1.1358,2120,0
rep2,1.1358,2121,0
rep2,1.1358,2122,0
rep2,1.1358,2123,0
rep2,1.1359,2124,0
rep2,1.1359,2125,0
rep2,1.136,2126,0
rep2,1.1361,2127,0
rep2,1.1362,2128,0
rep2,1.1363,2129,0
rep2,1.1364,2130,0
rep2,1.1364,2131,0
rep2,1.1364,2132,0
rep2,1.1364,2133,0
rep2,1.1364,2134,0
rep2,1.1365,2135,0
rep2,1.1365,2136,0
rep2,1.1365,2137,0
rep2,1.1366,2138,0
rep2,1.1366,2139,0
rep2,1.1367,2140,0
rep2,1.1368,2141,0
rep2,1.1369,2142,0
rep2,1.1369,2143,0
rep2,1.1369,2144,0
rep2,1.137,2145,0
rep2,1.137,2146,0
rep2,1.137,2147,0
rep2,1.137,2148,0
rep2,1.137,2149,0
rep2,1.1371,2150,0
rep2,1.1371,2151,0
rep2,1.1371,2152,0
rep2,1.1372,2153,0
rep2,1.1373,2154,0
rep2,1.1373,2155,0
rep2,1.1375,2156,0
rep2,1.1376,2157,0
rep2,1.1379,2158,0
rep2,1.1379,2159,0
rep2,1.138,2160,0
rep2,1.138,2161,0
rep2,1.138,2162,0
rep2,1.1383,2163,0
rep2,1.1383,2164,0
rep2,1.1385,2165,0
rep2,1.1385,2166,0
rep2,1.1385,2167,0
rep2,1.1386,2168,0
rep2,1.1386,2169,0
rep2,1.1386,2170,0
rep2,1.1388,2171,0
rep2,1.1389,2172,0
rep2,1.139,2173,0
rep2,1.139,2174,0
rep2,1.1391,2175,0
rep2,1.1391,2176,0
rep2,1.1392,2177,0
rep2,1.1392,2178,0
rep2,1.1393,2179,0
rep2,1.1393,2180,0
rep2,1.1394,2181,0
rep2,1.1395,2182,0
rep2,1.1397,2183,0
rep2,1.1397,2184,0
rep2,1.1399,2185,0
rep2,1.14,2186,0
rep2,1.1401,2187,0
rep2,1.1402,2188,0
rep2,1.1402,2189,0
rep2,1.1403,2190,0
rep2,1.1403,2191,0
rep2,1.1404,2192,0
rep2,1.1405,2193,0
rep2,1.1406,2194,0
rep2,1.1407,2195,0
rep2,1.1409,2196,0
rep2,1.1409,2197,0
rep2,1.141,2198,0
rep2,1.1411,2199,0
rep2,1.1411,2200,0
rep2,1.1413,2201,0
rep2,1.1413,2202,0
rep2,1.1414,2203,0
rep2,1.1414,2204,0
rep2,1.1416,2205,0
rep2,1.1416,2206,0
rep2,1.1417,2207,0
rep2,1.1417,2208,0
rep2,1.1419,2209,0
rep2,1.1421,2210,0
rep2,1.1422,2211,0
rep2,1.1422,2212,0
rep2,1.1423,2213,0
rep2,1.1425,2214,0
rep2,1.1427,2215,0
rep2,1.1427,2216,0
rep2,1.1427,2217,0
rep2,1.1428,2218,0
rep2,1.1428,2219,0
rep2,1.1428,2220,0
rep2,1.1429,2221,0
rep2,1.143,2222,0
rep2,1.1432,2223,0
rep2,1.1432,2224,0
rep2,1.1432,2225,0
rep2,1.1433,2226,0
rep2,1.1433,2227,0
rep2,1.1433,2228,0
rep2,1.1434,2229,0
rep2,1.1435,2230,0
rep2,1.1435,2231,0
rep2,1.1435,2232,0
rep2,1.1439,2233,0
rep2,1.1439,2234,0
rep2,1.144,2235,0
rep2,1.144,2236,0
rep2,1.144,2237,0
rep2,1.144,2238,0
rep2,1.1441,2239,0
rep2,1.1441,2240,0
rep2,1.1441,2241,0
rep2,1.1441,2242,0
rep2,1.1442,2243,0
rep2,1.1443,2244,0
rep2,1.1444,2245,0
rep2,1.1445,2246,0
rep2,1.1448,2247,0
rep2,1.1448,2248,0
rep2,1.1449,2249,0
rep2,1.1449,2250,0
rep2,1.1451,2251,0
rep2,1.1451,2252,0
rep2,1.1452,2253,0
rep2,1.1453,2254,0
rep2,1.1453,2255,0
rep2,1.1453,2256,0
rep2,1.1454,2257,0
rep2,1.1454,2258,0
rep2,1.1455,2259,0
rep2,1.1456,2260,0
rep2,1.1456,2261,0
rep2,1.1457,2262,0
rep2,1.1457,2263,0
rep2,1.1457,2264,0
rep2,1.1457,2265,0
rep2,1.1457,2266,0
rep2,1.1458,2267,0
rep2,1.1459,2268,0
rep2,1.1459,2269,0
rep2,1.146,2270,0
rep2,1.146,2271,0
rep2,1.1461,2272,0
rep2,1.1461,2273,0
rep2,1.1462,2274,0
rep2,1.1462,2275,0
rep2,1.1463,2276,0
rep2,1.1464,2277,0
rep2,1.1464,2278,0
rep2,1.1464,2279,0
rep2,1.1464,2280,0
rep2,1.1465,2281,0
rep2,1.1466,2282,0
rep2,1.1466,2283,0
rep2,1.1466,2284,0
rep2,1.1466,2285,0
rep2,1.1467,2286,0
rep2,1.1468,2287,0
rep2,1.1468,2288,0
rep2,1.1468,2289,0
rep2,1.1469,2290,0
rep2,1.1469,2291,0
rep2,1.147,2292,0
rep2,1.1471,2293,0
rep2,1.1471,2294,0
rep2,1.1472,2295,0
rep2,1.1472,2296,0
rep2,1.1472,2297,0
rep2,1.1474,2298,0
rep2,1.1475,2299,0
rep2,1.1476,2300,0
rep2,1.1477,2301,0
rep2,1.1477,2302,0
rep2,1.1479,2303,0
rep2,1.1479,2304,0
rep2,1.1479,2305,0
rep2,1.148,2306,0
rep2,1.1482,2307,0
rep2,1.1482,2308,0
rep2,1.1483,2309,0
rep2,1.1484,2310,0
rep2,1.1484,2311,0
rep2,1.1485,2312,0
rep2,1.1486,2313,0
rep2,1.1486,2314,0
rep2,1.1487,2315,0
rep2,1.1488,2316,0
rep2,1.1488,2317,0
rep2,1.1489,2318,0
rep2,1.1489,2319,0
rep2,1.1489,2320,0
rep2,1.149,2321,0
rep2,1.149,2322,0
rep2,1.149,2323,0
rep2,1.1492,2324,0
rep2,1.1492,2325,0
rep2,1.1493,2326,0
rep2,1.1494,2327,0
rep2,1.1496,2328,0
rep2,1.1498,2329,0
rep2,1.1498,2330,0
rep2,1.1499,2331,0
rep2,1.15,2332,0
rep2,1.1501,2333,0
rep2,1.1501,2334,0
rep2,1.1501,2335,0
rep2,1.1502,2336,0
rep2,1.1502,2337,0
rep2,1.1502,2338,0
rep2,1.1503,2339,0
rep2,1.1503,2340,0
rep2,1.1503,2341,0
rep2,1.1504,2342,0
rep2,1.1504,2343,0
rep2,1.1504,2344,0
rep2,1.1504,2345,0
rep2,1.1505,2346,0
rep2,1.1505,2347,0
rep2,1.1505,2348,0
rep2,1.1506,2349,0
rep2,1.1506,2350,0
rep2,1.1506,2351,0
rep2,1.1506,2352,0
rep2,1.1507,2353,0
rep2,1.1507,2354,0
rep2,1.151,2355,0
rep2,1.1512,2356,0
rep2,1.1514,2357,0
rep2,1.1515,2358,0
rep2,1.1515,2359,0
rep2,1.1517,2360,0
rep2,1.1518,2361,0
rep2,1.1518,2362,0
rep2,1.152,2363,0
rep2,1.152,2364,0
rep2,1.1521,2365,0
rep2,1.1521,2366,0
rep2,1.1522,2367,0
rep2,1.1522,2368,0
rep2,1.1523,2369,0
rep2,1.1523,2370,0
rep2,1.1524,2371,0
rep2,1.1525,2372,0
rep2,1.1525,2373,0
rep2,1.1526,2374,0
rep2,1.1527,2375,0
rep2,1.1527,2376,0
rep2,1.1527,2377,0
rep2,1.1528,2378,0
rep2,1.1529,2379,0
rep2,1.153,2380,0
rep2,1.1531,2381,0
rep2,1.1532,2382,0
rep2,1.1532,2383,0
rep2,1.1532,2384,0
rep2,1.1533,2385,0
rep2,1.1533,2386,0
rep2,1.1534,2387,0
rep2,1.1534,2388,0
rep2,1.1535,2389,0
rep2,1.1537,2390,0
rep2,1.1537,2391,0
rep2,1.1537,2392,0
rep2,1.1537,2393,0
rep2,1.1539,2394,0
rep2,1.154,2395,0
rep2,1.154,2396,0
rep2,1.1541,2397,0
rep2,1.1541,2398,0
rep2,1.1541,2399,0
rep2,1.1542,2400,0
rep2,1.1542,2401,0
rep2,1.1542,2402,0
rep2,1.1543,2403,0
rep2,1.1545,2404,0
rep2,1.1546,2405,0
rep2,1.1546,2406,0
rep2,1.1546,2407,0
rep2,1.1547,2408,0
rep2,1.1548,2409,0
rep2,1.1549,2410,0
rep2,1.155,2411,0
rep2,1.155,2412,0
rep2,1.155,2413,0
rep2,1.155,2414,0
rep2,1.1551,2415,0
rep2,1.1553,2416,0
rep2,1.1554,2417,0
rep2,1.1554,2418,0
rep2,1.1554,2419,0
rep2,1.1554,2420,0
rep2,1.1556,2421,0
rep2,1.1556,2422,0
rep2,1.1556,2423,0
rep2,1.1557,2424,0
rep2,1.1557,2425,0
rep2,1.1557,2426,0
rep2,1.1557,2427,0
rep2,1.1558,2428,0
rep2,1.156,2429,0
rep2,1.1562,2430,0
rep2,1.1562,2431,0
rep2,1.1563,2432,0
rep2,1.1564,2433,0
rep2,1.1564,2434,0
rep2,1.1564,2435,0
rep2,1.1564,2436,0
rep2,1.1565,2437,0
rep2,1.1567,2438,0
rep2,1.1567,2439,0
rep2,1.1568,2440,0
rep2,1.1571,2441,0
rep2,1.1573,2442,0
rep2,1.1573,2443,0
rep2,1.1573,2444,0
rep2,1.1573,2445,0
rep2,1.1574,2446,0
rep2,1.1574,2447,0
rep2,1.1575,2448,0
rep2,1.1575,2449,0
rep2,1.1576,2450,0
rep2,1.1576,2451,0
rep2,1.1577,2452,0
rep2,1.1578,2453,0
rep2,1.1578,2454,0
rep2,1.1579,2455,0
rep2,1.1579,2456,0
rep2,1.1579,2457,0
rep2,1.158,2458,0
rep2,1.1582,2459,0
rep2,1.1582,2460,0
rep2,1.1583,2461,0
rep2,1.1583,2462,0
rep2,1.1584,2463,0
rep2,1.1584,2464,0
rep2,1.1584,2465,0
rep2,1.1585,2466,0
rep2,1.1585,2467,0
rep2,1.1585,2468,0
rep2,1.1586,2469,0
rep2,1.1587,2470,0
rep2,1.1588,2471,0
rep2,1.1589,2472,0
rep2,1.1589,2473,0
rep2,1.1589,2474,0
rep2,1.159,2475,0
rep2,1.159,2476,0
rep2,1.1591,2477,0
rep2,1.1592,2478,0
rep2,1.1592,2479,0
rep2,1.1593,2480,0
rep2,1.1593,2481,0
rep2,1.1593,2482,0
rep2,1.1594,2483,0
rep2,1.1596,2484,0
rep2,1.1596,2485,0
rep2,1.1597,2486,0
rep2,1.1597,2487,0
rep2,1.1597,2488,0
rep2,1.1598,2489,0
rep2,1.1598,2490,0
rep2,1.1602,2491,0
rep2,1.1602,2492,0
rep2,1.1602,2493,0
rep2,1.1604,2494,0
rep2,1.1605,2495,0
rep2,1.1606,2496,0
rep2,1.1606,2497,0
rep2,1.1606,2498,0
rep2,1.1606,2499,0
rep2,1.1608,2500,0
rep2,1.1608,2501,0
rep2,1.1608,2502,0
rep2,1.1609,2503,0
rep2,1.161,2504,0
rep2,1.161,2505,0
rep2,1.1611,2506,0
rep2,1.1611,2507,0
rep2,1.1611,2508,0
rep2,1.1613,2509,0
rep2,1.1613,2510,0
rep2,1.1613,2511,0
rep2,1.1614,2512,0
rep2,1.1614,2513,0
rep2,1.1615,2514,0
rep2,1.1615,2515,0
rep2,1.1616,2516,0
rep2,1.1616,2517,0
rep2,1.1617,2518,0
rep2,1.1617,2519,0
rep2,1.1618,2520,0
rep2,1.1618,2521,0
rep2,1.1619,2522,0
rep2,1.1619,2523,0
rep2,1.1619,2524,0
rep2,1.1619,2525,0
rep2,1.162,2526,0
rep2,1.162,2527,0
rep2,1.1621,2528,0
rep2,1.1621,2529,0
rep2,1.1622,2530,0
rep2,1.1623,2531,0
rep2,1.1624,2532,0
rep2,1.1624,2533,0
rep2,1.1624,2534,0
rep2,1.1626,2535,0
rep2,1.1627,2536,0
rep2,1.1628,2537,0
rep2,1.1629,2538,0
rep2,1.1629,2539,0
rep2,1.163,2540,0
rep2,1.1631,2541,0
rep2,1.1631,2542,0
rep2,1.1631,2543,0
rep2,1.1632,2544,0
rep2,1.1633,2545,0
rep2,1.1634,2546,0
rep2,1.1635,2547,0
rep2,1.1635,2548,0
rep2,1.1636,2549,0
rep2,1.1637,2550,0
rep2,1.1637,2551,0
rep2,1.1637,2552,0
rep2,1.1638,2553,0
rep2,1.1638,2554,0
rep2,1.1639,2555,0
rep2,1.164,2556,0
rep2,1.1641,2557,0
rep2,1.1641,2558,0
rep2,1.1641,2559,0
rep2,1.1642,2560,0
rep2,1.1643,2561,0
rep2,1.1645,2562,0
rep2,1.1646,2563,0
rep2,1.1647,2564,0
rep2,1.1647,2565,0
rep2,1.1648,2566,0
rep2,1.1649,2567,0
rep2,1.165,2568,0
rep2,1.165,2569,0
rep2,1.1651,2570,0
rep2,1.1651,2571,0
rep2,1.1652,2572,0
rep2,1.1653,2573,0
rep2,1.1654,2574,0
rep2,1.1654,2575,0
rep2,1.1654,2576,0
rep2,1.1655,2577,0
rep2,1.1658,2578,0
rep2,1.1658,2579,0
rep2,1.1659,2580,0
rep2,1.1659,2581,0
rep2,1.1661,2582,0
rep2,1.1662,2583,0
rep2,1.1662,2584,0
rep2,1.1662,2585,0
rep2,1.1663,2586,0
rep2,1.1664,2587,0
rep2,1.1664,2588,0
rep2,1.1665,2589,0
rep2,1.1665,2590,0
rep2,1.1666,2591,0
rep2,1.1666,2592,0
rep2,1.1667,2593,0
rep2,1.1667,2594,0
rep2,1.1668,2595,0
rep2,1.1668,2596,0
rep2,1.1669,2597,0
rep2,1.167,2598,0
rep2,1.167,2599,0
rep2,1.1671,2600,0
rep2,1.1674,2601,0
rep2,1.1674,2602,0
rep2,1.1675,2603,0
rep2,1.1677,2604,0
rep2,1.1677,2605,0
rep2,1.1679,2606,0
rep2,1.1679,2607,0
rep2,1.168,2608,0
rep2,1.1681,2609,0
rep2,1.1681,2610,0
rep2,1.1683,2611,0
rep2,1.1684,2612,0
rep2,1.1684,2613,0
rep2,1.1686,2614,0
rep2,1.1688,2615,0
rep2,1.1689,2616,0
rep2,1.169,2617,0
rep2,1.169,2618,0
rep2,1.1691,2619,0
rep2,1.1691,2620,0
rep2,1.1691,2621,0
rep2,1.1692,2622,0
rep2,1.1694,2623,0
rep2,1.1695,2624,0
rep2,1.1695,2625,0
rep2,1.1696,2626,0
rep2,1.1698,2627,0
rep2,1.1698,2628,0
rep2,1.1699,2629,0
rep2,1.1702,2630,0
rep2,1.1702,2631,0
rep2,1.1702,2632,0
rep2,1.1703,2633,0
rep2,1.1704,2634,0
rep2,1.1704,2635,0
rep2,1.1705,2636,0
rep2,1.1706,2637,0
rep2,1.1707,2638,0
rep2,1.1708,2639,0
rep2,1.1708,2640,0
rep2,1.1708,2641,0
rep2,1.1709,2642,0
rep2,1.1709,2643,0
rep2,1.171,2644,0
rep2,1.1711,2645,0
rep2,1.1713,2646,0
rep2,1.1713,2647,0
rep2,1.1714,2648,0
rep2,1.1715,2649,0
rep2,1.1715,2650,0
rep2,1.1715,2651,0
rep2,1.1716,2652,0
rep2,1.1716,2653,0
rep2,1.1717,2654,0
rep2,1.1718,2655,0
rep2,1.1718,2656,0
rep2,1.1718,2657,0
rep2,1.172,2658,0
rep2,1.1722,2659,0
rep2,1.1722,2660,0
rep2,1.1724,2661,0
rep2,1.1725,2662,0
rep2,1.1725,2663,0
rep2,1.1725,2664,0
rep2,1.1726,2665,0
rep2,1.1726,2666,0
rep2,1.1726,2667,0
rep2,1.1727,2668,0
rep2,1.1727,2669,0
rep2,1.1729,2670,0
rep2,1.173,2671,0
rep2,1.173,2672,0
rep2,1.1731,2673,0
rep2,1.1731,2674,0
rep2,1.1734,2675,0
rep2,1.1734,2676,0
rep2,1.1734,2677,0
rep2,1.1735,2678,0
rep2,1.1735,2679,0
rep2,1.1737,2680,0
rep2,1.1739,2681,0
rep2,1.1739,2682,0
rep2,1.1739,2683,0
rep2,1.1741,2684,0
rep2,1.1742,2685,0
rep2,1.1742,2686,0
rep2,1.1743,2687,0
rep2,1.1743,2688,0
rep2,1.1744,2689,0
rep2,1.1746,2690,0
rep2,1.1747,2691,0
rep2,1.1748,2692,0
rep2,1.1748,2693,0
rep2,1.1749,2694,0
rep2,1.175,2695,0
rep2,1.1751,2696,0
rep2,1.1753,2697,0
rep2,1.1754,2698,0
rep2,1.1754,2699,0
rep2,1.1754,2700,0
rep2,1.1755,2701,0
rep2,1.1755,2702,0
rep2,1.1756,2703,0
rep2,1.1757,2704,0
rep2,1.1758,2705,0
rep2,1.1758,2706,0
rep2,1.1759,2707,0
rep2,1.1759,2708,0
rep2,1.176,2709,0
rep2,1.176,2710,0
rep2,1.1761,2711,0
rep2,1.1761,2712,0
rep2,1.1762,2713,0
rep2,1.1762,2714,0
rep2,1.1763,2715,0
rep2,1.1763,2716,0
rep2,1.1765,2717,0
rep2,1.1766,2718,0
rep2,1.1767,2719,0
rep2,1.1767,2720,0
rep2,1.1767,2721,0
rep2,1.1768,2722,0
rep2,1.1768,2723,0
rep2,1.1769,2724,0
rep2,1.177,2725,0
rep2,1.177,2726,0
rep2,1.1771,2727,0
rep2,1.1772,2728,0
rep2,1.1772,2729,0
rep2,1.1774,2730,0
rep2,1.1774,2731,0
rep2,1.1775,2732,0
rep2,1.1775,2733,0
rep2,1.1775,2734,0
rep2,1.1775,2735,0
rep2,1.1776,2736,0
rep2,1.1777,2737,0
rep2,1.1777,2738,0
rep2,1.1777,2739,0
rep2,1.1778,2740,0
rep2,1.1778,2741,0
rep2,1.1778,2742,0
rep2,1.1778,2743,0
rep2,1.1779,2744,0
rep2,1.178,2745,0
rep2,1.178,2746,0
rep2,1.1781,2747,0
rep2,1.1781,2748,0
rep2,1.1782,2749,0
rep2,1.1782,2750,0
rep2,1.1782,2751,0
rep2,1.1783,2752,0
rep2,1.1783,2753,0
rep2,1.1784,2754,0
rep2,1.1786,2755,0
rep2,1.1786,2756,0
rep2,1.1786,2757,0
rep2,1.1787,2758,0
rep2,1.1789,2759,0
rep2,1.1789,2760,0
rep2,1.179,2761,0
rep2,1.179,2762,0
rep2,1.1791,2763,0
rep2,1.1793,2764,0
rep2,1.1793,2765,0
rep2,1.1794,2766,0
rep2,1.1794,2767,0
rep2,1.1794,2768,0
rep2,1.1794,2769,0
rep2,1.1795,2770,0
rep2,1.1795,2771,0
rep2,1.1795,2772,0
rep2,1.1796,2773,0
rep2,1.1796,2774,0
rep2,1.1797,2775,0
rep2,1.1797,2776,0
rep2,1.1797,2777,0
rep2,1.1798,2778,0
rep2,1.1798,2779,0
rep2,1.1799,2780,0
rep2,1.1799,2781,0
rep2,1.18,2782,0
rep2,1.1801,2783,0
rep2,1.1802,2784,0
rep2,1.1802,2785,0
rep2,1.1803,2786,0
rep2,1.1803,2787,0
rep2,1.1803,2788,0
rep2,1.1804,2789,0
rep2,1.1805,2790,0
rep2,1.1805,2791,0
rep2,1.1806,2792,0
rep2,1.1806,2793,0
rep2,1.1807,2794,0
rep2,1.1807,2795,0
rep2,1.1807,2796,0
rep2,1.1809,2797,0
rep2,1.1809,2798,0
rep2,1.1811,2799,0
rep2,1.1811,2800,0
rep2,1.1812,2801,0
rep2,1.1812,2802,0
rep2,1.1813,2803,0
rep2,1.1813,2804,0
rep2,1.1814,2805,0
rep2,1.1814,2806,0
rep2,1.1815,2807,0
rep2,1.1816,2808,0
rep2,1.1816,2809,0
rep2,1.1816,2810,0
rep2,1.1816,2811,0
rep2,1.1817,2812,0
rep2,1.1817,2813,0
rep2,1.1818,2814,0
rep2,1.1818,2815,0
rep2,1.1819,2816,0
rep2,1.1819,2817,0
rep2,1.1819,2818,0
rep2,1.182,2819,0
rep2,1.1821,2820,0
rep2,1.1821,2821,0
rep2,1.1822,2822,0
rep2,1.1822,2823,0
rep2,1.1823,2824,0
rep2,1.1823,2825,0
rep2,1.1823,2826,0
rep2,1.1824,2827,0
rep2,1.1825,2828,0
rep2,1.1825,2829,0
rep2,1.1825,2830,0
rep2,1.1826,2831,0
rep2,1.1826,2832,0
rep2,1.1827,2833,0
rep2,1.1827,2834,0
rep2,1.1828,2835,0
rep2,1.1828,2836,0
rep2,1.1828,2837,0
rep2,1.1828,2838,0
rep2,1.1829,2839,0
rep2,1.183,2840,0
rep2,1.183,2841,0
rep2,1.1831,2842,0
rep2,1.1832,2843,0
rep2,1.1833,2844,0
rep2,1.1836,2845,0
rep2,1.1837,2846,0
rep2,1.1838,2847,0
rep2,1.1838,2848,0
rep2,1.1839,2849,0
rep2,1.1839,2850,0
rep2,1.184,2851,0
rep2,1.184,2852,0
rep2,1.184,2853,0
rep2,1.1841,2854,0
rep2,1.1841,2855,0
rep2,1.1842,2856,0
rep2,1.1842,2857,0
rep2,1.1843,2858,0
rep2,1.1844,2859,0
rep2,1.1845,2860,0
rep2,1.1846,2861,0
rep2,1.1847,2862,0
rep2,1.1848,2863,0
rep2,1.1848,2864,0
rep2,1.1849,2865,0
rep2,1.1851,2866,0
rep2,1.1851,2867,0
rep2,1.1851,2868,0
rep2,1.1852,2869,0
rep2,1.1853,2870,0
rep2,1.1854,2871,0
rep2,1.1854,2872,0
rep2,1.1855,2873,0
rep2,1.1856,2874,0
rep2,1.1857,2875,0
rep2,1.1858,2876,0
rep2,1.1859,2877,0
rep2,1.1859,2878,0
rep2,1.1861,2879,0
rep2,1.1861,2880,0
rep2,1.1861,2881,0
rep2,1.1861,2882,0
rep2,1.1862,2883,0
rep2,1.1863,2884,0
rep2,1.1864,2885,0
rep2,1.1865,2886,0
rep2,1.1865,2887,0
rep2,1.1865,2888,0
rep2,1.1866,2889,0
rep2,1.1866,2890,0
rep2,1.1866,2891,0
rep2,1.1866,2892,0
rep2,1.1867,2893,0
rep2,1.1868,2894,0
rep2,1.1868,2895,0
rep2,1.1868,2896,0
rep2,1.1869,2897,0
rep2,1.1871,2898,0
rep2,1.1872,2899,0
rep2,1.1872,2900,0
rep2,1.1873,2901,0
rep2,1.1875,2902,0
rep2,1.1875,2903,0
rep2,1.1876,2904,0
rep2,1.1876,2905,0
rep2,1.1877,2906,0
rep2,1.1877,2907,0
rep2,1.1878,2908,0
rep2,1.1879,2909,0
rep2,1.1879,2910,0
rep2,1.188,2911,0
rep2,1.1881,2912,0
rep2,1.1881,2913,0
rep2,1.1882,2914,0
rep2,1.1883,2915,0
rep2,1.1884,2916,0
rep2,1.1885,2917,0
rep2,1.1885,2918,0
rep2,1.1886,2919,0
rep2,1.1886,2920,0
rep2,1.1887,2921,0
rep2,1.1888,2922,0
rep2,1.1888,2923,0
rep2,1.1888,2924,0
rep2,1.1889,2925,0
rep2,1.189,2926,0
rep2,1.189,2927,0
rep2,1.189,2928,0
rep2,1.1893,2929,0
rep2,1.1893,2930,0
rep2,1.1894,2931,0
rep2,1.1896,2932,0
rep2,1.1896,2933,0
rep2,1.1896,2934,0
rep2,1.1897,2935,0
rep2,1.1897,2936,0
rep2,1.19,2937,0
rep2,1.1902,2938,0
rep2,1.1905,2939,0
rep2,1.1906,2940,0
rep2,1.1907,2941,0
rep2,1.191,2942,0
rep2,1.191,2943,0
rep2,1.1912,2944,0
rep2,1.1912,2945,0
rep2,1.1913,2946,0
rep2,1.1913,2947,0
rep2,1.1914,2948,0
rep2,1.1915,2949,0
rep2,1.1915,2950,0
rep2,1.1916,2951,0
rep2,1.1917,2952,0
rep2,1.1917,2953,0
rep2,1.1918,2954,0
rep2,1.1918,2955,0
rep2,1.1919,2956,0
rep2,1.1919,2957,0
rep2,1.192,2958,0
rep2,1.1922,2959,0
rep2,1.1923,2960,0
rep2,1.1923,2961,0
rep2,1.1924,2962,0
rep2,1.1924,2963,0
rep2,1.1925,2964,0
rep2,1.1925,2965,0
rep2,1.1925,2966,0
rep2,1.1929,2967,0
rep2,1.193,2968,0
rep2,1.1931,2969,0
rep2,1.1931,2970,0
rep2,1.1932,2971,0
rep2,1.1932,2972,0
rep2,1.1932,2973,0
rep2,1.1933,2974,0
rep2,1.1934,2975,0
rep2,1.1934,2976,0
rep2,1.1934,2977,0
rep2,1.1937,2978,0
rep2,1.1938,2979,0
rep2,1.1938,2980,0
rep2,1.1939,2981,0
rep2,1.1939,2982,0
rep2,1.194,2983,0
rep2,1.194,2984,0
rep2,1.1942,2985,0
rep2,1.1943,2986,0
rep2,1.1943,2987,0
rep2,1.1943,2988,0
rep2,1.1945,2989,0
rep2,1.1946,2990,0
rep2,1.1946,2991,0
rep2,1.1946,2992,0
rep2,1.1947,2993,0
rep2,1.1948,2994,0
rep2,1.1948,2995,0
rep2,1.1948,2996,0
rep2,1.1949,2997,0
rep2,1.195,2998,0
rep2,1.1951,2999,0
rep2,1.1952,3000,0
rep2,1.1952,3001,0
rep2,1.1954,3002,0
rep2,1.1954,3003,0
rep2,1.1955,3004,0
rep2,1.1955,3005,0
rep2,1.1955,3006,0
rep2,1.1955,3007,0
rep2,1.1957,3008,0
rep2,1.1958,3009,0
rep2,1.1958,3010,0
rep2,1.1959,3011,0
rep2,1.1959,3012,0
rep2,1.196,3013,0
rep2,1.1961,3014,0
rep2,1.1962,3015,0
rep2,1.1963,3016,0
rep2,1.1964,3017,0
rep2,1.1964,3018,0
rep2,1.1964,3019,0
rep2,1.1965,3020,0
rep2,1.1966,3021,0
rep2,1.1966,3022,0
rep2,1.1967,3023,0
rep2,1.1967,3024,0
rep2,1.1968,3025,0
rep2,1.1968,3026,0
rep2,1.1968,3027,0
rep2,1.1969,3028,0
rep2,1.197,3029,0
rep2,1.197,3030,0
rep2,1.197,3031,0
rep2,1.1971,3032,0
rep2,1.1972,3033,0
rep2,1.1973,3034,0
rep2,1.1973,3035,0
rep2,1.1973,3036,0
rep2,1.1973,3037,0
rep2,1.1975,3038,0
rep2,1.1976,3039,0
rep2,1.1976,3040,0
rep2,1.1977,3041,0
rep2,1.1977,3042,0
rep2,1.1979,3043,0
rep2,1.1979,3044,0
rep2,1.1981,3045,0
rep2,1.1986,3046,0
rep2,1.1987,3047,0
rep2,1.1987,3048,0
rep2,1.1988,3049,0
rep2,1.1988,3050,0
rep2,1.1989,3051,0
rep2,1.1989,3052,0
rep2,1.1991,3053,0
rep2,1.1991,3054,0
rep2,1.1991,3055,0
rep2,1.1992,3056,0
rep2,1.1993,3057,0
rep2,1.1995,3058,0
rep2,1.1996,3059,0
rep2,1.1996,3060,0
rep2,1.1997,3061,0
rep2,1.1998,3062,0
rep2,1.2,3063,0
rep2,1.2001,3064,0
rep2,1.2002,3065,0
rep2,1.2003,3066,0
rep2,1.2004,3067,0
rep2,1.2007,3068,0
rep2,1.2008,3069,0
rep2,1.2008,3070,0
rep2,1.2009,3071,0
rep2,1.2009,3072,0
rep2,1.201,3073,0
rep2,1.201,3074,0
rep2,1.2011,3075,0
rep2,1.2012,3076,0
rep2,1.2013,3077,0
rep2,1.2013,3078,0
rep2,1.2013,3079,0
rep2,1.2013,3080,0
rep2,1.2014,3081,0
rep2,1.2014,3082,0
rep2,1.2016,3083,0
rep2,1.2016,3084,0
rep2,1.2019,3085,0
rep2,1.202,3086,0
rep2,1.202,3087,0
rep2,1.2021,3088,0
rep2,1.2021,3089,0
rep2,1.2021,3090,0
rep2,1.2023,3091,0
rep2,1.2023,3092,0
rep2,1.2023,3093,0
rep2,1.2026,3094,0
rep2,1.2026,3095,0
rep2,1.2027,3096,0
rep2,1.2027,3097,0
rep2,1.2027,3098,0
rep2,1.2028,3099,0
rep2,1.2028,3100,0
rep2,1.2031,3101,0
rep2,1.2032,3102,0
rep2,1.2033,3103,0
rep2,1.2033,3104,0
rep2,1.2033,3105,0
rep2,1.2033,3106,0
rep2,1.2035,3107,0
rep2,1.2035,3108,0
rep2,1.2036,3109,0
rep2,1.2036,3110,0
rep2,1.2037,3111,0
rep2,1.2037,3112,0
rep2,1.2037,3113,0
rep2,1.2041,3114,0
rep2,1.2041,3115,0
rep2,1.2042,3116,0
rep2,1.2043,3117,0
rep2,1.2044,3118,0
rep2,1.2045,3119,0
rep2,1.2046,3120,0
rep2,1.2047,3121,0
rep2,1.2048,3122,0
rep2,1.2048,3123,0
rep2,1.2049,3124,0
rep2,1.2049,3125,0
rep2,1.205,3126,0
rep2,1.2051,3127,0
rep2,1.2051,3128,0
rep2,1.2053,3129,0
rep2,1.2054,3130,0
rep2,1.2054,3131,0
rep2,1.2055,3132,0
rep2,1.2055,3133,0
rep2,1.2055,3134,0
rep2,1.2058,3135,0
rep2,1.2058,3136,0
rep2,1.2058,3137,0
rep2,1.2059,3138,0
rep2,1.2059,3139,0
rep2,1.206,3140,0
rep2,1.2063,3141,0
rep2,1.2064,3142,0
rep2,1.2064,3143,0
rep2,1.2065,3144,0
rep2,1.2066,3145,0
rep2,1.2066,3146,0
rep2,1.2067,3147,0
rep2,1.2069,3148,0
rep2,1.2071,3149,0
rep2,1.2071,3150,0
rep2,1.2072,3151,0
rep2,1.2072,3152,0
rep2,1.2074,3153,0
rep2,1.2074,3154,0
rep2,1.2075,3155,0
rep2,1.2075,3156,0
rep2,1.2077,3157,0
rep2,1.2077,3158,0
rep2,1.2078,3159,0
rep2,1.2081,3160,0
rep2,1.2081,3161,0
rep2,1.2082,3162,0
rep2,1.2082,3163,0
rep2,1.2084,3164,0
rep2,1.2084,3165,0
rep2,1.2084,3166,0
rep2,1.2085,3167,0
rep2,1.2088,3168,0
rep2,1.2088,3169,0
rep2,1.2088,3170,0
rep2,1.2089,3171,0
rep2,1.2091,3172,0
rep2,1.2091,3173,0
rep2,1.2092,3174,0
rep2,1.2093,3175,0
rep2,1.2093,3176,0
rep2,1.2093,3177,0
rep2,1.2094,3178,0
rep2,1.2094,3179,0
rep2,1.2095,3180,0
rep2,1.2096,3181,0
rep2,1.2096,3182,0
rep2,1.2099,3183,0
rep2,1.2099,3184,0
rep2,1.2101,3185,0
rep2,1.2103,3186,0
rep2,1.2103,3187,0
rep2,1.2103,3188,0
rep2,1.2103,3189,0
rep2,1.2104,3190,0
rep2,1.2105,3191,0
rep2,1.2105,3192,0
rep2,1.2106,3193,0
rep2,1.2108,3194,0
rep2,1.2109,3195,0
rep2,1.2109,3196,0
rep2,1.211,3197,0
rep2,1.211,3198,0
rep2,1.2111,3199,0
rep2,1.2111,3200,0
rep2,1.2112,3201,0
rep2,1.2113,3202,0
rep2,1.2113,3203,0
rep2,1.2113,3204,0
rep2,1.2114,3205,0
rep2,1.2114,3206,0
rep2,1.2115,3207,0
rep2,1.2116,3208,0
rep2,1.2116,3209,0
rep2,1.2118,3210,0
rep2,1.2118,3211,0
rep2,1.2119,3212,0
rep2,1.2119,3213,0
rep2,1.212,3214,0
rep2,1.2121,3215,0
rep2,1.2121,3216,0
rep2,1.2121,3217,0
rep2,1.2121,3218,0
rep2,1.2122,3219,0
rep2,1.2122,3220,0
rep2,1.2123,3221,0
rep2,1.2124,3222,0
rep2,1.2124,3223,0
rep2,1.2124,3224,0
rep2,1.2125,3225,0
rep2,1.2125,3226,0
rep2,1.2125,3227,0
rep2,1.2126,3228,0
rep2,1.2127,3229,0
rep2,1.2127,3230,0
rep2,1.2127,3231,0
rep2,1.2128,3232,0
rep2,1.2128,3233,0
rep2,1.2129,3234,0
rep2,1.213,3235,0
rep2,1.2131,3236,0
rep2,1.2132,3237,0
rep2,1.2132,3238,0
rep2,1.2133,3239,0
rep2,1.2133,3240,0
rep2,1.2134,3241,0
rep2,1.2134,3242,0
rep2,1.2137,3243,0
rep2,1.2138,3244,0
rep2,1.2138,3245,0
rep2,1.2138,3246,0
rep2,1.2139,3247,0
rep2,1.214,3248,0
rep2,1.214,3249,0
rep2,1.214,3250,0
rep2,1.2141,3251,0
rep2,1.2141,3252,0
rep2,1.2144,3253,0
rep2,1.2145,3254,0
rep2,1.2145,3255,0
rep2,1.2146,3256,0
rep2,1.2147,3257,0
rep2,1.2147,3258,0
rep2,1.2147,3259,0
rep2,1.2148,3260,0
rep2,1.2149,3261,0
rep2,1.215,3262,0
rep2,1.2151,3263,0
rep2,1.2151,3264,0
rep2,1.2152,3265,0
rep2,1.2153,3266,0
rep2,1.2153,3267,0
rep2,1.2154,3268,0
rep2,1.2154,3269,0
rep2,1.2154,3270,0
rep2,1.2154,3271,0
rep2,1.2155,3272,0
rep2,1.2155,3273,0
rep2,1.2156,3274,0
rep2,1.2156,3275,0
rep2,1.2156,3276,0
rep2,1.2157,3277,0
rep2,1.2157,3278,0
rep2,1.2158,3279,0
rep2,1.2158,3280,0
rep2,1.2159,3281,0
rep2,1.216,3282,0
rep2,1.216,3283,0
rep2,1.216,3284,0
rep2,1.2163,3285,0
rep2,1.2164,3286,0
rep2,1.2165,3287,0
rep2,1.2165,3288,0
rep2,1.2166,3289,0
rep2,1.2167,3290,0
rep2,1.2167,3291,0
rep2,1.2169,3292,0
rep2,1.2169,3293,0
rep2,1.2169,3294,0
rep2,1.217,3295,0
rep2,1.217,3296,0
rep2,1.217,3297,0
rep2,1.2171,3298,0
rep2,1.2172,3299,0
rep2,1.2172,3300,0
rep2,1.2172,3301,0
rep2,1.2173,3302,0
rep2,1.2175,3303,0
rep2,1.2175,3304,0
rep2,1.2175,3305,0
rep2,1.2177,3306,0
rep2,1.2178,3307,0
rep2,1.218,3308,0
rep2,1.218,3309,0
rep2,1.218,3310,0
rep2,1.2181,3311,0
rep2,1.2182,3312,0
rep2,1.2182,3313,0
rep2,1.2183,3314,0
rep2,1.2183,3315,0
rep2,1.2184,3316,0
rep2,1.2185,3317,0
rep2,1.2185,3318,0
rep2,1.2186,3319,0
rep2,1.2186,3320,0
rep2,1.2186,3321,0
rep2,1.2187,3322,0
rep2,1.2189,3323,0
rep2,1.2189,3324,0
rep2,1.219,3325,0
rep2,1.2191,3326,0
rep2,1.2191,3327,0
rep2,1.2191,3328,0
rep2,1.2191,3329,0
rep2,1.2194,3330,0
rep2,1.2194,3331,0
rep2,1.2196,3332,0
rep2,1.2196,3333,0
rep2,1.2197,3334,0
rep2,1.2197,3335,0
rep2,1.2198,3336,0
rep2,1.2198,3337,0
rep2,1.2199,3338,0
rep2,1.22,3339,0
rep2,1.22,3340,0
rep2,1.2201,3341,0
rep2,1.2202,3342,0
rep2,1.2203,3343,0
rep2,1.2203,3344,0
rep2,1.2204,3345,0
rep2,1.2205,3346,0
rep2,1.2205,3347,0
rep2,1.2205,3348,0
rep2,1.2206,3349,0
rep2,1.2206,3350,0
rep2,1.2207,3351,0
rep2,1.2208,3352,0
rep2,1.2209,3353,0
rep2,1.2209,3354,0
rep2,1.221,3355,0
rep2,1.2212,3356,0
rep2,1.2214,3357,0
rep2,1.2215,3358,0
rep2,1.2215,3359,0
rep2,1.2215,3360,0
rep2,1.2216,3361,0
rep2,1.2216,3362,0
rep2,1.2217,3363,0
rep2,1.2218,3364,0
rep2,1.222,3365,0
rep2,1.222,3366,0
rep2,1.2222,3367,0
rep2,1.2222,3368,0
rep2,1.2222,3369,0
rep2,1.2222,3370,0
rep2,1.2223,3371,0
rep2,1.2224,3372,0
rep2,1.2226,3373,0
rep2,1.2227,3374,0
rep2,1.2228,3375,0
rep2,1.2229,3376,0
rep2,1.223,3377,0
rep2,1.223,3378,0
rep2,1.2231,3379,0
rep2,1.2232,3380,0
rep2,1.2232,3381,0
rep2,1.2233,3382,0
rep2,1.2233,3383,0
rep2,1.2234,3384,0
rep2,1.2235,3385,0
rep2,1.2235,3386,0
rep2,1.2235,3387,0
rep2,1.2236,3388,0
rep2,1.2236,3389,0
rep2,1.2237,3390,0
rep2,1.2237,3391,0
rep2,1.2238,3392,0
rep2,1.224,3393,0
rep2,1.224,3394,0
rep2,1.224,3395,0
rep2,1.2243,3396,0
rep2,1.2244,3397,0
rep2,1.2244,3398,0
rep2,1.2246,3399,0
rep2,1.2247,3400,0
rep2,1.2247,3401,0
rep2,1.225,3402,0
rep2,1.2251,3403,0
rep2,1.2251,3404,0
rep2,1.2252,3405,0
rep2,1.2255,3406,0
rep2,1.2255,3407,0
rep2,1.2256,3408,0
rep2,1.2256,3409,0
rep2,1.2257,3410,0
rep2,1.2258,3411,0
rep2,1.2258,3412,0
rep2,1.2258,3413,0
rep2,1.2259,3414,0
rep2,1.226,3415,0
rep2,1.226,3416,0
rep2,1.226,3417,0
rep2,1.2261,3418,0
rep2,1.2261,3419,0
rep2,1.2262,3420,0
rep2,1.2262,3421,0
rep2,1.2263,3422,0
rep2,1.2264,3423,0
rep2,1.2265,3424,0
rep2,1.2265,3425,0
rep2,1.2266,3426,0
rep2,1.2266,3427,0
rep2,1.2267,3428,0
rep2,1.2269,3429,0
rep2,1.227,3430,0
rep2,1.2271,3431,0
rep2,1.2271,3432,0
rep2,1.2272,3433,0
rep2,1.2273,3434,0
rep2,1.2273,3435,0
rep2,1.2274,3436,0
rep2,1.2274,3437,0
rep2,1.2274,3438,0
rep2,1.2275,3439,0
rep2,1.2277,3440,0
rep2,1.2278,3441,0
rep2,1.2279,3442,0
rep2,1.228,3443,0
rep2,1.2281,3444,0
rep2,1.2282,3445,0
rep2,1.2284,3446,0
rep2,1.2286,3447,0
rep2,1.2288,3448,0
rep2,1.2289,3449,0
rep2,1.2289,3450,0
rep2,1.2289,3451,0
rep2,1.229,3452,0
rep2,1.2291,3453,0
rep2,1.2292,3454,0
rep2,1.2292,3455,0
rep2,1.2294,3456,0
rep2,1.2294,3457,0
rep2,1.2295,3458,0
rep2,1.2295,3459,0
rep2,1.2295,3460,0
rep2,1.2296,3461,0
rep2,1.2296,3462,0
rep2,1.2296,3463,0
rep2,1.2297,3464,0
rep2,1.2298,3465,0
rep2,1.2298,3466,0
rep2,1.2299,3467,0
rep2,1.2299,3468,0
rep2,1.2299,3469,0
rep2,1.23,3470,0
rep2,1.23,3471,0
rep2,1.2301,3472,0
rep2,1.2301,3473,0
rep2,1.2302,3474,0
rep2,1.2303,3475,0
rep2,1.2303,3476,0
rep2,1.2304,3477,0
rep2,1.2306,3478,0
rep2,1.2308,3479,0
rep2,1.2308,3480,0
rep2,1.2308,3481,0
rep2,1.231,3482,0
rep2,1.2311,3483,0
rep2,1.2311,3484,0
rep2,1.2313,3485,0
rep2,1.2315,3486,0
rep2,1.2316,3487,0
rep2,1.2316,3488,0
rep2,1.2317,3489,0
rep2,1.2317,3490,0
rep2,1.2318,3491,0
rep2,1.2318,3492,0
rep2,1.2319,3493,0
rep2,1.232,3494,0
rep2,1.2321,3495,0
rep2,1.2321,3496,0
rep2,1.2322,3497,0
rep2,1.2323,3498,0
rep2,1.2324,3499,0
rep2,1.2324,3500,0
rep2,1.2324,3501,0
rep2,1.2324,3502,0
rep2,1.2326,3503,0
rep2,1.2326,3504,0
rep2,1.2326,3505,0
rep2,1.2328,3506,0
rep2,1.2328,3507,0
rep2,1.2332,3508,0
rep2,1.2333,3509,0
rep2,1.2335,3510,0
rep2,1.2335,3511,0
rep2,1.2338,3512,0
rep2,1.2338,3513,0
rep2,1.234,3514,0
rep2,1.234,3515,0
rep2,1.234,3516,0
rep2,1.2341,3517,0
rep2,1.2341,3518,0
rep2,1.2343,3519,0
rep2,1.2346,3520,0
rep2,1.2346,3521,0
rep2,1.2347,3522,0
rep2,1.2347,3523,0
rep2,1.2348,3524,0
rep2,1.2349,3525,0
rep2,1.2349,3526,0
rep2,1.2352,3527,0
rep2,1.2353,3528,0
rep2,1.2353,3529,0
rep2,1.2354,3530,0
rep2,1.2354,3531,0
rep2,1.2355,3532,0
rep2,1.2356,3533,0
rep2,1.2357,3534,0
rep2,1.2357,3535,0
rep2,1.2359,3536,0
rep2,1.236,3537,0
rep2,1.236,3538,0
rep2,1.2362,3539,0
rep2,1.2362,3540,0
rep2,1.2363,3541,0
rep2,1.2364,3542,0
rep2,1.2365,3543,0
rep2,1.2365,3544,0
rep2,1.2368,3545,0
rep2,1.2368,3546,0
rep2,1.2369,3547,0
rep2,1.2371,3548,0
rep2,1.2371,3549,0
rep2,1.2372,3550,0
rep2,1.2376,3551,0
rep2,1.2376,3552,0
rep2,1.2376,3553,0
rep2,1.2379,3554,0
rep2,1.238,3555,0
rep2,1.2381,3556,0
rep2,1.2382,3557,0
rep2,1.2382,3558,0
rep2,1.2382,3559,0
rep2,1.2383,3560,0
rep2,1.2383,3561,0
rep2,1.2384,3562,0
rep2,1.2384,3563,0
rep2,1.2384,3564,0
rep2,1.2385,3565,0
rep2,1.2387,3566,0
rep2,1.2387,3567,0
rep2,1.2388,3568,0
rep2,1.2388,3569,0
rep2,1.239,3570,0
rep2,1.239,3571,0
rep2,1.2392,3572,0
rep2,1.2394,3573,0
rep2,1.2395,3574,0
rep2,1.2395,3575,0
rep2,1.2395,3576,0
rep2,1.2395,3577,0
rep2,1.2397,3578,0
rep2,1.2397,3579,0
rep2,1.2398,3580,0
rep2,1.24,3581,0
rep2,1.2401,3582,0
rep2,1.2401,3583,0
rep2,1.2402,3584,0
rep2,1.2402,3585,0
rep2,1.2402,3586,0
rep2,1.2403,3587,0
rep2,1.2404,3588,0
rep2,1.2406,3589,0
rep2,1.2406,3590,0
rep2,1.2407,3591,0
rep2,1.2407,3592,0
rep2,1.2408,3593,0
rep2,1.2409,3594,0
rep2,1.2409,3595,0
rep2,1.2411,3596,0
rep2,1.2411,3597,0
rep2,1.2411,3598,0
rep2,1.2413,3599,0
rep2,1.2413,3600,0
rep2,1.2416,3601,0
rep2,1.2417,3602,0
rep2,1.2418,3603,0
rep2,1.2418,3604,0
rep2,1.2419,3605,0
rep2,1.242,3606,0
rep2,1.242,3607,0
rep2,1.2421,3608,0
rep2,1.2421,3609,0
rep2,1.2424,3610,0
rep2,1.2425,3611,0
rep2,1.2425,3612,0
rep2,1.2426,3613,0
rep2,1.2427,3614,0
rep2,1.2427,3615,0
rep2,1.2427,3616,0
rep2,1.2428,3617,0
rep2,1.2429,3618,0
rep2,1.243,3619,0
rep2,1.2431,3620,0
rep2,1.2431,3621,0
rep2,1.2434,3622,0
rep2,1.2435,3623,0
rep2,1.2437,3624,0
rep2,1.2437,3625,0
rep2,1.2439,3626,0
rep2,1.2439,3627,0
rep2,1.2439,3628,0
rep2,1.2441,3629,0
rep2,1.2442,3630,0
rep2,1.2443,3631,0
rep2,1.2444,3632,0
rep2,1.2445,3633,0
rep2,1.2445,3634,0
rep2,1.2446,3635,0
rep2,1.2446,3636,0
rep2,1.2447,3637,0
rep2,1.2447,3638,0
rep2,1.2449,3639,0
rep2,1.2452,3640,0
rep2,1.2453,3641,0
rep2,1.2453,3642,0
rep2,1.2454,3643,0
rep2,1.2457,3644,0
rep2,1.2457,3645,0
rep2,1.2459,3646,0
rep2,1.246,3647,0
rep2,1.246,3648,0
rep2,1.246,3649,0
rep2,1.2462,3650,0
rep2,1.2463,3651,0
rep2,1.2463,3652,0
rep2,1.2464,3653,0
rep2,1.2465,3654,0
rep2,1.2466,3655,0
rep2,1.2466,3656,0
rep2,1.2467,3657,0
rep2,1.2467,3658,0
rep2,1.2469,3659,0
rep2,1.247,3660,0
rep2,1.247,3661,0
rep2,1.247,3662,0
rep2,1.2472,3663,0
rep2,1.2472,3664,0
rep2,1.2475,3665,0
rep2,1.2475,3666,0
rep2,1.2476,3667,0
rep2,1.2476,3668,0
rep2,1.2477,3669,0
rep2,1.2477,3670,0
rep2,1.2477,3671,0
rep2,1.2477,3672,0
rep2,1.2478,3673,0
rep2,1.2479,3674,0
rep2,1.2479,3675,0
rep2,1.248,3676,0
rep2,1.2481,3677,0
rep2,1.2483,3678,0
rep2,1.2484,3679,0
rep2,1.2484,3680,0
rep2,1.2485,3681,0
rep2,1.2486,3682,0
rep2,1.2486,3683,0
rep2,1.2486,3684,0
rep2,1.2487,3685,0
rep2,1.2487,3686,0
rep2,1.2487,3687,0
rep2,1.2487,3688,0
rep2,1.2488,3689,0
rep2,1.2488,3690,0
rep2,1.2489,3691,0
rep2,1.249,3692,0
rep2,1.249,3693,0
rep2,1.2492,3694,0
rep2,1.2494,3695,0
rep2,1.2494,3696,0
rep2,1.2495,3697,0
rep2,1.2495,3698,0
rep2,1.2496,3699,0
rep2,1.2497,3700,0
rep2,1.2498,3701,0
rep2,1.2498,3702,0
rep2,1.2498,3703,0
rep2,1.2499,3704,0
rep2,1.25,3705,0
rep2,1.25,3706,0
rep2,1.2503,3707,0
rep2,1.2503,3708,0
rep2,1.2504,3709,0
rep2,1.2505,3710,0
rep2,1.2505,3711,0
rep2,1.2505,3712,0
rep2,1.2506,3713,0
rep2,1.2507,3714,0
rep2,1.2507,3715,0
rep2,1.2508,3716,0
rep2,1.2509,3717,0
rep2,1.2509,3718,0
rep2,1.251,3719,0
rep2,1.2511,3720,0
rep2,1.2513,3721,0
rep2,1.2513,3722,0
rep2,1.2514,3723,0
rep2,1.2514,3724,0
rep2,1.2514,3725,0
rep2,1.2514,3726,0
rep2,1.2516,3727,0
rep2,1.2517,3728,0
rep2,1.2519,3729,0
rep2,1.252,3730,0
rep2,1.252,3731,0
rep2,1.2521,3732,0
rep2,1.2522,3733,0
rep2,1.2522,3734,0
rep2,1.2524,3735,0
rep2,1.2525,3736,0
rep2,1.2527,3737,0
rep2,1.2529,3738,0
rep2,1.2529,3739,0
rep2,1.253,3740,0
rep2,1.2533,3741,0
rep2,1.2534,3742,0
rep2,1.2534,3743,0
rep2,1.2534,3744,0
rep2,1.2535,3745,0
rep2,1.2536,3746,0
rep2,1.2537,3747,0
rep2,1.2537,3748,0
rep2,1.2538,3749,0
rep2,1.2539,3750,0
rep2,1.2539,3751,0
rep2,1.2541,3752,0
rep2,1.2542,3753,0
rep2,1.2543,3754,0
rep2,1.2544,3755,0
rep2,1.2545,3756,0
rep2,1.2546,3757,0
rep2,1.2547,3758,0
rep2,1.2547,3759,0
rep2,1.2549,3760,0
rep2,1.2549,3761,0
rep2,1.2549,3762,0
rep2,1.255,3763,0
rep2,1.2552,3764,0
rep2,1.2553,3765,0
rep2,1.2554,3766,0
rep2,1.2554,3767,0
rep2,1.2555,3768,0
rep2,1.2556,3769,0
rep2,1.2556,3770,0
rep2,1.2556,3771,0
rep2,1.2557,3772,0
rep2,1.2557,3773,0
rep2,1.2558,3774,0
rep2,1.2558,3775,0
rep2,1.2558,3776,0
rep2,1.2559,3777,0
rep2,1.2559,3778,0
rep2,1.256,3779,0
rep2,1.2562,3780,0
rep2,1.2564,3781,0
rep2,1.2565,3782,0
rep2,1.2568,3783,0
rep2,1.2568,3784,0
rep2,1.2569,3785,0
rep2,1.257,3786,0
rep2,1.2571,3787,0
rep2,1.2574,3788,0
rep2,1.2575,3789,0
rep2,1.2576,3790,0
rep2,1.2576,3791,0
rep2,1.2578,3792,0
rep2,1.2578,3793,0
rep2,1.258,3794,0
rep2,1.2581,3795,0
rep2,1.2581,3796,0
rep2,1.2581,3797,0
rep2,1.2581,3798,0
rep2,1.2581,3799,0
rep2,1.2582,3800,0
rep2,1.2584,3801,0
rep2,1.2585,3802,0
rep2,1.2585,3803,0
rep2,1.2586,3804,0
rep2,1.2586,3805,0
rep2,1.2588,3806,0
rep2,1.2589,3807,0
rep2,1.2591,3808,0
rep2,1.2591,3809,0
rep2,1.2592,3810,0
rep2,1.2593,3811,0
rep2,1.2595,3812,0
rep2,1.2596,3813,0
rep2,1.2597,3814,0
rep2,1.2598,3815,0
rep2,1.2598,3816,0
rep2,1.2598,3817,0
rep2,1.2598,3818,0
rep2,1.26,3819,0
rep2,1.26,3820,0
rep2,1.26,3821,0
rep2,1.26,3822,0
rep2,1.2604,3823,0
rep2,1.2604,3824,0
rep2,1.2605,3825,0
rep2,1.2606,3826,0
rep2,1.2607,3827,0
rep2,1.2607,3828,0
rep2,1.2607,3829,0
rep2,1.2609,3830,0
rep2,1.261,3831,0
rep2,1.2611,3832,0
rep2,1.2611,3833,0
rep2,1.2612,3834,0
rep2,1.2617,3835,0
rep2,1.2617,3836,0
rep2,1.2619,3837,0
rep2,1.2619,3838,0
rep2,1.2621,3839,0
rep2,1.2622,3840,0
rep2,1.2625,3841,0
rep2,1.2625,3842,0
rep2,1.2625,3843,0
rep2,1.2626,3844,0
rep2,1.2627,3845,0
rep2,1.2627,3846,0
rep2,1.2628,3847,0
rep2,1.263,3848,0
rep2,1.2631,3849,0
rep2,1.2632,3850,0
rep2,1.2632,3851,0
rep2,1.2633,3852,0
rep2,1.2633,3853,0
rep2,1.2634,3854,0
rep2,1.2635,3855,0
rep2,1.2637,3856,0
rep2,1.2637,3857,0
rep2,1.2639,3858,0
rep2,1.2639,3859,0
rep2,1.2641,3860,0
rep2,1.2641,3861,0
rep2,1.2642,3862,0
rep2,1.2644,3863,0
rep2,1.2645,3864,0
rep2,1.2646,3865,0
rep2,1.2647,3866,0
rep2,1.2648,3867,0
rep2,1.2653,3868,0
rep2,1.2654,3869,0
rep2,1.2656,3870,0
rep2,1.2657,3871,0
rep2,1.2658,3872,0
rep2,1.2659,3873,0
rep2,1.2661,3874,0
rep2,1.2665,3875,0
rep2,1.2665,3876,0
rep2,1.2666,3877,0
rep2,1.2668,3878,0
rep2,1.2668,3879,0
rep2,1.2668,3880,0
rep2,1.2671,3881,0
rep2,1.2671,3882,0
rep2,1.2671,3883,0
rep2,1.2672,3884,0
rep2,1.2672,3885,0
rep2,1.2673,3886,0
rep2,1.2677,3887,0
rep2,1.2678,3888,0
rep2,1.2679,3889,0
rep2,1.268,3890,0
rep2,1.2682,3891,0
rep2,1.2682,3892,0
rep2,1.2684,3893,0
rep2,1.2685,3894,0
rep2,1.2686,3895,0
rep2,1.2686,3896,0
rep2,1.2687,3897,0
rep2,1.2688,3898,0
rep2,1.2689,3899,0
rep2,1.2689,3900,0
rep2,1.2689,3901,0
rep2,1.2689,3902,0
rep2,1.2691,3903,0
rep2,1.2694,3904,0
rep2,1.2695,3905,0
rep2,1.2696,3906,0
rep2,1.27,3907,0
rep2,1.2702,3908,0
rep2,1.2703,3909,0
rep2,1.2705,3910,0
rep2,1.2705,3911,0
rep2,1.2705,3912,0
rep2,1.2707,3913,0
rep2,1.2707,3914,0
rep2,1.2712,3915,0
rep2,1.2712,3916,0
rep2,1.2714,3917,0
rep2,1.2716,3918,0
rep2,1.2716,3919,0
rep2,1.2717,3920,0
rep2,1.2718,3921,0
rep2,1.272,3922,0
rep2,1.2724,3923,0
rep2,1.2724,3924,0
rep2,1.2725,3925,0
rep2,1.2726,3926,0
rep2,1.2726,3927,0
rep2,1.2728,3928,0
rep2,1.2728,3929,0
rep2,1.2729,3930,0
rep2,1.2729,3931,0
rep2,1.2734,3932,0
rep2,1.2735,3933,0
rep2,1.2735,3934,0
rep2,1.2737,3935,0
rep2,1.2739,3936,0
rep2,1.2747,3937,0
rep2,1.2748,3938,0
rep2,1.2749,3939,0
rep2,1.2753,3940,0
rep2,1.2757,3941,0
rep2,1.276,3942,0
rep2,1.276,3943,0
rep2,1.2764,3944,0
rep2,1.2764,3945,0
rep2,1.2766,3946,0
rep2,1.2766,3947,0
rep2,1.2766,3948,0
rep2,1.2767,3949,0
rep2,1.2767,3950,0
rep2,1.2769,3951,0
rep2,1.277,3952,0
rep2,1.2772,3953,0
rep2,1.2773,3954,0
rep2,1.2773,3955,0
rep2,1.2775,3956,0
rep2,1.2775,3957,0
rep2,1.2778,3958,0
rep2,1.2779,3959,0
rep2,1.2779,3960,0
rep2,1.278,3961,0
rep2,1.278,3962,0
rep2,1.2781,3963,0
rep2,1.2781,3964,0
rep2,1.2784,3965,0
rep2,1.2785,3966,0
rep2,1.2785,3967,0
rep2,1.2785,3968,0
rep2,1.2786,3969,0
rep2,1.2787,3970,0
rep2,1.2787,3971,0
rep2,1.2788,3972,0
rep2,1.2789,3973,0
rep2,1.279,3974,0
rep2,1.2792,3975,0
rep2,1.2792,3976,0
rep2,1.2793,3977,0
rep2,1.2793,3978,0
rep2,1.2793,3979,0
rep2,1.2796,3980,0
rep2,1.2797,3981,0
rep2,1.2797,3982,0
rep2,1.28,3983,0
rep2,1.2803,3984,0
rep2,1.2804,3985,0
rep2,1.2805,3986,0
rep2,1.2806,3987,0
rep2,1.2807,3988,0
rep2,1.2807,3989,0
rep2,1.2808,3990,0
rep2,1.2809,3991,0
rep2,1.2809,3992,0
rep2,1.2811,3993,0
rep2,1.2811,3994,0
rep2,1.2813,3995,0
rep2,1.2813,3996,0
rep2,1.2814,3997,0
rep2,1.2816,3998,0
rep2,1.2816,3999,0
rep2,1.2816,4000,0
rep2,1.2816,4001,0
rep2,1.2817,4002,0
rep2,1.2817,4003,0
rep2,1.2817,4004,0
rep2,1.2818,4005,0
rep2,1.282,4006,0
rep2,1.282,4007,0
rep2,1.2823,4008,0
rep2,1.2823,4009,0
rep2,1.2823,4010,0
rep2,1.2824,4011,0
rep2,1.2825,4012,0
rep2,1.2826,4013,0
rep2,1.2828,4014,0
rep2,1.2828,4015,0
rep2,1.2829,4016,0
rep2,1.283,4017,0
rep2,1.2833,4018,0
rep2,1.2833,4019,0
rep2,1.2836,4020,0
rep2,1.2837,4021,0
rep2,1.2839,4022,0
rep2,1.284,4023,0
rep2,1.2843,4024,0
rep2,1.2843,4025,0
rep2,1.2844,4026,0
rep2,1.2844,4027,0
rep2,1.2846,4028,0
rep2,1.2849,4029,0
rep2,1.2849,4030,0
rep2,1.285,4031,0
rep2,1.285,4032,0
rep2,1.2852,4033,0
rep2,1.2853,4034,0
rep2,1.2853,4035,0
rep2,1.2857,4036,0
rep2,1.2858,4037,0
rep2,1.2862,4038,0
rep2,1.2863,4039,0
rep2,1.2867,4040,0
rep2,1.2867,4041,0
rep2,1.287,4042,0
rep2,1.2871,4043,0
rep2,1.2872,4044,0
rep2,1.2872,4045,0
rep2,1.2873,4046,0
rep2,1.2873,4047,0
rep2,1.2873,4048,0
rep2,1.2878,4049,0
rep2,1.2878,4050,0
rep2,1.2879,4051,0
rep2,1.2879,4052,0
rep2,1.288,4053,0
rep2,1.288,4054,0
rep2,1.2881,4055,0
rep2,1.2881,4056,0
rep2,1.2882,4057,0
rep2,1.2883,4058,0
rep2,1.2884,4059,0
rep2,1.2887,4060,0
rep2,1.2888,4061,0
rep2,1.2889,4062,0
rep2,1.2889,4063,0
rep2,1.2892,4064,0
rep2,1.2893,4065,0
rep2,1.2896,4066,0
rep2,1.2896,4067,0
rep2,1.2897,4068,0
rep2,1.2897,4069,0
rep2,1.2903,4070,0
rep2,1.2904,4071,0
rep2,1.2905,4072,0
rep2,1.2907,4073,0
rep2,1.2908,4074,0
rep2,1.2911,4075,0
rep2,1.2912,4076,0
rep2,1.2914,4077,0
rep2,1.2914,4078,0
rep2,1.2918,4079,0
rep2,1.2922,4080,0
rep2,1.2925,4081,0
rep2,1.2925,4082,0
rep2,1.2926,4083,0
rep2,1.2928,4084,0
rep2,1.293,4085,0
rep2,1.2931,4086,0
rep2,1.2936,4087,0
rep2,1.2938,4088,0
rep2,1.2939,4089,0
rep2,1.2939,4090,0
rep2,1.294,4091,0
rep2,1.2943,4092,0
rep2,1.2947,4093,0
rep2,1.2949,4094,0
rep2,1.295,4095,0
rep2,1.2953,4096,0
rep2,1.2954,4097,0
rep2,1.2955,4098,0
rep2,1.2956,4099,0
rep2,1.2959,4100,0
rep2,1.2962,4101,0
rep2,1.2962,4102,0
rep2,1.2966,4103,0
rep2,1.2967,4104,0
rep2,1.2967,4105,0
rep2,1.2967,4106,0
rep2,1.2967,4107,0
rep2,1.2969,4108,0
rep2,1.2971,4109,0
rep2,1.2972,4110,0
rep2,1.2972,4111,0
rep2,1.2974,4112,0
rep2,1.2975,4113,0
rep2,1.2978,4114,0
rep2,1.298,4115,0
rep2,1.2983,4116,0
rep2,1.2985,4117,0
rep2,1.2986,4118,0
rep2,1.2988,4119,0
rep2,1.2988,4120,0
rep2,1.2989,4121,0
rep2,1.299,4122,0
rep2,1.2991,4123,0
rep2,1.2991,4124,0
rep2,1.2993,4125,0
rep2,1.2994,4126,0
rep2,1.2995,4127,0
rep2,1.2998,4128,0
rep2,1.2998,4129,0
rep2,1.2999,4130,0
rep2,1.3,4131,0
rep2,1.3002,4132,0
rep2,1.3002,4133,0
rep2,1.3006,4134,0
rep2,1.3008,4135,0
rep2,1.3013,4136,0
rep2,1.3013,4137,0
rep2,1.3013,4138,0
rep2,1.3013,4139,0
rep2,1.3014,4140,0
rep2,1.3015,4141,0
rep2,1.3015,4142,0
rep2,1.3017,4143,0
rep2,1.3017,4144,0
rep2,1.3021,4145,0
rep2,1.3024,4146,0
rep2,1.3025,4147,0
rep2,1.3033,4148,0
rep2,1.3034,4149,0
rep2,1.3034,4150,0
rep2,1.3037,4151,0
rep2,1.3039,4152,0
rep2,1.3042,4153,0
rep2,1.3044,4154,0
rep2,1.3046,4155,0
rep2,1.3047,4156,0
rep2,1.3047,4157,0
rep2,1.3048,4158,0
rep2,1.3049,4159,0
rep2,1.3051,4160,0
rep2,1.3053,4161,0
rep2,1.3054,4162,0
rep2,1.3054,4163,0
rep2,1.3054,4164,0
rep2,1.3055,4165,0
rep2,1.3057,4166,0
rep2,1.3057,4167,0
rep2,1.3059,4168,0
rep2,1.3059,4169,0
rep2,1.306,4170,0
rep2,1.3064,4171,0
rep2,1.3066,4172,0
rep2,1.3068,4173,0
rep2,1.307,4174,0
rep2,1.3071,4175,0
rep2,1.3071,4176,0
rep2,1.3073,4177,0
rep2,1.3074,4178,0
rep2,1.3075,4179,0
rep2,1.3075,4180,0
rep2,1.3078,4181,0
rep2,1.3079,4182,0
rep2,1.3079,4183,0
rep2,1.308,4184,0
rep2,1.3082,4185,0
rep2,1.3086,4186,0
rep2,1.3086,4187,0
rep2,1.3087,4188,0
rep2,1.3087,4189,0
rep2,1.309,4190,0
rep2,1.3093,4191,0
rep2,1.3094,4192,0
rep2,1.3094,4193,0
rep2,1.3097,4194,0
rep2,1.3098,4195,0
rep2,1.3099,4196,0
rep2,1.31,4197,0
rep2,1.3101,4198,0
rep2,1.3106,4199,0
rep2,1.3107,4200,0
rep2,1.3108,4201,0
rep2,1.311,4202,0
rep2,1.311,4203,0
rep2,1.311,4204,0
rep2,1.3112,4205,0
rep2,1.3114,4206,0
rep2,1.3115,4207,0
rep2,1.3115,4208,0
rep2,1.3119,4209,0
rep2,1.3119,4210,0
rep2,1.312,4211,0
rep2,1.312,4212,0
rep2,1.3122,4213,0
rep2,1.3122,4214,0
rep2,1.3124,4215,0
rep2,1.3124,4216,0
rep2,1.3124,4217,0
rep2,1.3126,4218,0
rep2,1.3126,4219,0
rep2,1.3127,4220,0
rep2,1.3127,4221,0
rep2,1.3129,4222,0
rep2,1.3129,4223,0
rep2,1.313,4224,0
rep2,1.3133,4225,0
rep2,1.3135,4226,0
rep2,1.3135,4227,0
rep2,1.3138,4228,0
rep2,1.3139,4229,0
rep2,1.314,4230,0
rep2,1.3141,4231,0
rep2,1.3142,4232,0
rep2,1.3142,4233,0
rep2,1.3142,4234,0
rep2,1.3143,4235,0
rep2,1.3143,4236,0
rep2,1.3146,4237,0
rep2,1.3148,4238,0
rep2,1.3149,4239,0
rep2,1.315,4240,0
rep2,1.3152,4241,0
rep2,1.3158,4242,0
rep2,1.316,4243,0
rep2,1.3163,4244,0
rep2,1.3163,4245,0
rep2,1.3164,4246,0
rep2,1.3164,4247,0
rep2,1.3165,4248,0
rep2,1.3165,4249,0
rep2,1.3168,4250,0
rep2,1.3169,4251,0
rep2,1.3169,4252,0
rep2,1.3169,4253,0
rep2,1.3172,4254,0
rep2,1.3173,4255,0
rep2,1.3174,4256,0
rep2,1.3177,4257,0
rep2,1.318,4258,0
rep2,1.318,4259,0
rep2,1.3182,4260,0
rep2,1.3183,4261,0
rep2,1.3185,4262,0
rep2,1.3185,4263,0
rep2,1.3186,4264,0
rep2,1.3187,4265,0
rep2,1.3189,4266,0
rep2,1.3191,4267,0
rep2,1.3194,4268,0
rep2,1.3196,4269,0
rep2,1.3198,4270,0
rep2,1.3198,4271,0
rep2,1.32,4272,0
rep2,1.3203,4273,0
rep2,1.3204,4274,0
rep2,1.3205,4275,0
rep2,1.3206,4276,0
rep2,1.3208,4277,0
rep2,1.3208,4278,0
rep2,1.3208,4279,0
rep2,1.3209,4280,0
rep2,1.321,4281,0
rep2,1.3211,4282,0
rep2,1.3212,4283,0
rep2,1.3213,4284,0
rep2,1.3215,4285,0
rep2,1.3216,4286,0
rep2,1.3217,4287,0
rep2,1.322,4288,0
rep2,1.3222,4289,0
rep2,1.3224,4290,0
rep2,1.3225,4291,0
rep2,1.3226,4292,0
rep2,1.3227,4293,0
rep2,1.323,4294,0
rep2,1.3233,4295,0
rep2,1.3234,4296,0
rep2,1.3235,4297,0
rep2,1.3236,4298,0
rep2,1.3238,4299,0
rep2,1.3238,4300,0
rep2,1.3239,4301,0
rep2,1.3241,4302,0
rep2,1.3243,4303,0
rep2,1.3244,4304,0
rep2,1.3244,4305,0
rep2,1.3245,4306,0
rep2,1.3246,4307,0
rep2,1.3246,4308,0
rep2,1.3253,4309,0
rep2,1.3256,4310,0
rep2,1.3256,4311,0
rep2,1.3257,4312,0
rep2,1.3259,4313,0
rep2,1.326,4314,0
rep2,1.3261,4315,0
rep2,1.3263,4316,0
rep2,1.3263,4317,0
rep2,1.3265,4318,0
rep2,1.3266,4319,0
rep2,1.3268,4320,0
rep2,1.3269,4321,0
rep2,1.3269,4322,0
rep2,1.3271,4323,0
rep2,1.3272,4324,0
rep2,1.3272,4325,0
rep2,1.3274,4326,0
rep2,1.328,4327,0
rep2,1.3281,4328,0
rep2,1.3282,4329,0
rep2,1.3283,4330,0
rep2,1.3284,4331,0
rep2,1.3286,4332,0
rep2,1.3289,4333,0
rep2,1.3293,4334,0
rep2,1.3299,4335,0
rep2,1.33,4336,0
rep2,1.3301,4337,0
rep2,1.3303,4338,0
rep2,1.3303,4339,0
rep2,1.3304,4340,0
rep2,1.3305,4341,0
rep2,1.3305,4342,0
rep2,1.3306,4343,0
rep2,1.3307,4344,0
rep2,1.331,4345,0
rep2,1.3313,4346,0
rep2,1.3313,4347,0
rep2,1.3314,4348,0
rep2,1.3315,4349,0
rep2,1.3316,4350,0
rep2,1.3318,4351,0
rep2,1.3319,4352,0
rep2,1.332,4353,0
rep2,1.3323,4354,0
rep2,1.3326,4355,0
rep2,1.3326,4356,0
rep2,1.333,4357,0
rep2,1.3332,4358,0
rep2,1.3334,4359,0
rep2,1.3334,4360,0
rep2,1.3335,4361,0
rep2,1.3335,4362,0
rep2,1.3341,4363,0
rep2,1.3343,4364,0
rep2,1.3346,4365,0
rep2,1.335,4366,0
rep2,1.3352,4367,0
rep2,1.3355,4368,0
rep2,1.3356,4369,0
rep2,1.336,4370,0
rep2,1.3361,4371,0
rep2,1.3362,4372,0
rep2,1.3364,4373,0
rep2,1.3365,4374,0
rep2,1.3365,4375,0
rep2,1.3366,4376,0
rep2,1.3367,4377,0
rep2,1.3369,4378,0
rep2,1.3369,4379,0
rep2,1.3372,4380,0
rep2,1.3373,4381,0
rep2,1.3377,4382,0
rep2,1.3378,4383,0
rep2,1.3379,4384,0
rep2,1.338,4385,0
rep2,1.3384,4386,0
rep2,1.3388,4387,0
rep2,1.3392,4388,0
rep2,1.3397,4389,0
rep2,1.3399,4390,0
rep2,1.34,4391,0
rep2,1.3401,4392,0
rep2,1.3401,4393,0
rep2,1.3404,4394,0
rep2,1.3405,4395,0
rep2,1.3405,4396,0
rep2,1.3407,4397,0
rep2,1.3407,4398,0
rep2,1.3409,4399,0
rep2,1.341,4400,0
rep2,1.342,4401,0
rep2,1.342,4402,0
rep2,1.3421,4403,0
rep2,1.3421,4404,0
rep2,1.3426,4405,0
rep2,1.343,4406,0
rep2,1.343,4407,0
rep2,1.3431,4408,0
rep2,1.3433,4409,0
rep2,1.3436,4410,0
rep2,1.3436,4411,0
rep2,1.3437,4412,0
rep2,1.3437,4413,0
rep2,1.3439,4414,0
rep2,1.3439,4415,0
rep2,1.344,4416,0
rep2,1.344,4417,0
rep2,1.344,4418,0
rep2,1.3446,4419,0
rep2,1.345,4420,0
rep2,1.3451,4421,0
rep2,1.3451,4422,0
rep2,1.3454,4423,0
rep2,1.3454,4424,0
rep2,1.346,4425,0
rep2,1.3461,4426,0
rep2,1.3462,4427,0
rep2,1.3462,4428,0
rep2,1.3463,4429,0
rep2,1.3465,4430,0
rep2,1.3466,4431,0
rep2,1.3466,4432,0
rep2,1.3467,4433,0
rep2,1.3469,4434,0
rep2,1.3471,4435,0
rep2,1.3472,4436,0
rep2,1.3472,4437,0
rep2,1.3472,4438,0
rep2,1.3475,4439,0
rep2,1.3476,4440,0
rep2,1.3488,4441,0
rep2,1.3489,4442,0
rep2,1.349,4443,0
rep2,1.3491,4444,0
rep2,1.3491,4445,0
rep2,1.3491,4446,0
rep2,1.3493,4447,0
rep2,1.3495,4448,0
rep2,1.3496,4449,0
rep2,1.3498,4450,0
rep2,1.3498,4451,0
rep2,1.3499,4452,0
rep2,1.35,4453,0
rep2,1.35,4454,0
rep2,1.3501,4455,0
rep2,1.3502,4456,0
rep2,1.3503,4457,0
rep2,1.3504,4458,0
rep2,1.3506,4459,0
rep2,1.3509,4460,0
rep2,1.3509,4461,0
rep2,1.351,4462,0
rep2,1.3515,4463,0
rep2,1.3521,4464,0
rep2,1.3522,4465,0
rep2,1.3526,4466,0
rep2,1.3526,4467,0
rep2,1.3528,4468,0
rep2,1.3529,4469,0
rep2,1.3531,4470,0
rep2,1.3536,4471,0
rep2,1.3537,4472,0
rep2,1.3539,4473,0
rep2,1.3541,4474,0
rep2,1.3542,4475,0
rep2,1.3543,4476,0
rep2,1.3543,4477,0
rep2,1.3543,4478,0
rep2,1.3544,4479,0
rep2,1.3548,4480,0
rep2,1.3548,4481,0
rep2,1.3549,4482,0
rep2,1.3551,4483,0
rep2,1.3555,4484,0
rep2,1.3556,4485,0
rep2,1.3557,4486,0
rep2,1.3558,4487,0
rep2,1.3566,4488,0
rep2,1.3571,4489,0
rep2,1.3572,4490,0
rep2,1.3572,4491,0
rep2,1.3572,4492,0
rep2,1.3572,4493,0
rep2,1.3577,4494,0
rep2,1.358,4495,0
rep2,1.3584,4496,0
rep2,1.3585,4497,0
rep2,1.3586,4498,0
rep2,1.3588,4499,0
rep2,1.3593,4500,0
rep2,1.3598,4501,0
rep2,1.3598,4502,0
rep2,1.3602,4503,0
rep2,1.3605,4504,0
rep2,1.3607,4505,0
rep2,1.361,4506,0
rep2,1.3612,4507,0
rep2,1.3613,4508,0
rep2,1.3615,4509,0
rep2,1.3616,4510,0
rep2,1.3617,4511,0
rep2,1.3619,4512,0
rep2,1.3619,4513,0
rep2,1.362,4514,0
rep2,1.3622,4515,0
rep2,1.3624,4516,0
rep2,1.3625,4517,0
rep2,1.3629,4518,0
rep2,1.363,4519,0
rep2,1.3634,4520,0
rep2,1.3635,4521,0
rep2,1.364,4522,0
rep2,1.3641,4523,0
rep2,1.3643,4524,0
rep2,1.3644,4525,0
rep2,1.3644,4526,0
rep2,1.3647,4527,0
rep2,1.3648,4528,0
rep2,1.3649,4529,0
rep2,1.365,4530,0
rep2,1.365,4531,0
rep2,1.3653,4532,0
rep2,1.3653,4533,0
rep2,1.3656,4534,0
rep2,1.3657,4535,0
rep2,1.3657,4536,0
rep2,1.3658,4537,0
rep2,1.3665,4538,0
rep2,1.3665,4539,0
rep2,1.3666,4540,0
rep2,1.3667,4541,0
rep2,1.367,4542,0
rep2,1.367,4543,0
rep2,1.3671,4544,0
rep2,1.3673,4545,0
rep2,1.3675,4546,0
rep2,1.3682,4547,0
rep2,1.3682,4548,0
rep2,1.3684,4549,0
rep2,1.3686,4550,0
rep2,1.3688,4551,0
rep2,1.369,4552,0
rep2,1.3692,4553,0
rep2,1.3694,4554,0
rep2,1.3697,4555,0
rep2,1.3698,4556,0
rep2,1.37,4557,0
rep2,1.3702,4558,0
rep2,1.3708,4559,0
rep2,1.3708,4560,0
rep2,1.3716,4561,0
rep2,1.3728,4562,0
rep2,1.3729,4563,0
rep2,1.373,4564,0
rep2,1.3734,4565,0
rep2,1.3735,4566,0
rep2,1.3735,4567,0
rep2,1.3737,4568,0
rep2,1.374,4569,0
rep2,1.3745,4570,0
rep2,1.3745,4571,0
rep2,1.3745,4572,0
rep2,1.3746,4573,0
rep2,1.3748,4574,0
rep2,1.3754,4575,0
rep2,1.3757,4576,0
rep2,1.3764,4577,0
rep2,1.3765,4578,0
rep2,1.3765,4579,0
rep2,1.3767,4580,0
rep2,1.377,4581,0
rep2,1.377,4582,0
rep2,1.377,4583,0
rep2,1.3771,4584,0
rep2,1.3772,4585,0
rep2,1.3773,4586,0
rep2,1.3781,4587,0
rep2,1.3783,4588,0
rep2,1.3786,4589,0
rep2,1.3786,4590,0
rep2,1.3788,4591,0
rep2,1.3789,4592,0
rep2,1.3793,4593,0
rep2,1.3793,4594,0
rep2,1.3794,4595,0
rep2,1.3803,4596,0
rep2,1.3805,4597,0
rep2,1.3806,4598,0
rep2,1.3807,4599,0
rep2,1.3815,4600,0
rep2,1.3823,4601,0
rep2,1.3832,4602,0
rep2,1.3833,4603,0
rep2,1.3837,4604,0
rep2,1.3839,4605,0
rep2,1.3839,4606,0
rep2,1.384,4607,0
rep2,1.3849,4608,0
rep2,1.3857,4609,0
rep2,1.3858,4610,0
rep2,1.3862,4611,0
rep2,1.3863,4612,0
rep2,1.3865,4613,0
rep2,1.3869,4614,0
rep2,1.387,4615,0
rep2,1.3881,4616,0
rep2,1.3882,4617,0
rep2,1.3888,4618,0
rep2,1.3894,4619,0
rep2,1.3896,4620,0
rep2,1.3903,4621,0
rep2,1.3906,4622,0
rep2,1.3918,4623,0
rep2,1.3922,4624,0
rep2,1.3923,4625,0
rep2,1.3924,4626,0
rep2,1.3925,4627,0
rep2,1.3927,4628,0
rep2,1.3928,4629,0
rep2,1.3928,4630,0
rep2,1.393,4631,0
rep2,1.393,4632,0
rep2,1.393,4633,0
rep2,1.3932,4634,0
rep2,1.3939,4635,0
rep2,1.3948,4636,0
rep2,1.3948,4637,0
rep2,1.3951,4638,0
rep2,1.3957,4639,0
rep2,1.3959,4640,0
rep2,1.3963,4641,0
rep2,1.3968,4642,0
rep2,1.3971,4643,0
rep2,1.3973,4644,0
rep2,1.3977,4645,0
rep2,1.3978,4646,0
rep2,1.3978,4647,0
rep2,1.398,4648,0
rep2,1.3981,4649,0
rep2,1.3983,4650,0
rep2,1.3984,4651,0
rep2,1.3989,4652,0
rep2,1.3992,4653,0
rep2,1.3993,4654,0
rep2,1.3995,4655,0
rep2,1.3997,4656,0
rep2,1.4001,4657,0
rep2,1.4004,4658,0
rep2,1.4016,4659,0
rep2,1.4019,4660,0
rep2,1.4024,4661,0
rep2,1.4025,4662,0
rep2,1.403,4663,0
rep2,1.4031,4664,0
rep2,1.4034,4665,0
rep2,1.4038,4666,0
rep2,1.404,4667,0
rep2,1.4042,4668,0
rep2,1.4042,4669,0
rep2,1.4046,4670,0
rep2,1.4047,4671,0
rep2,1.405,4672,0
rep2,1.4051,4673,0
rep2,1.4059,4674,0
rep2,1.4063,4675,0
rep2,1.4066,4676,0
rep2,1.4073,4677,0
rep2,1.4076,4678,0
rep2,1.4081,4679,0
rep2,1.4085,4680,0
rep2,1.4085,4681,0
rep2,1.4092,4682,0
rep2,1.4098,4683,0
rep2,1.4102,4684,0
rep2,1.4105,4685,0
rep2,1.4109,4686,0
rep2,1.411,4687,0
rep2,1.4113,4688,0
rep2,1.4114,4689,0
rep2,1.4115,4690,0
rep2,1.4115,4691,0
rep2,1.4116,4692,0
rep2,1.4117,4693,0
rep2,1.4126,4694,0
rep2,1.4128,4695,0
rep2,1.4128,4696,0
rep2,1.413,4697,0
rep2,1.4131,4698,0
rep2,1.4134,4699,0
rep2,1.4134,4700,0
rep2,1.4136,4701,0
rep2,1.4151,4702,0
rep2,1.4151,4703,0
rep2,1.4152,4704,0
rep2,1.4156,4705,0
rep2,1.4156,4706,0
rep2,1.4166,4707,0
rep2,1.4169,4708,0
rep2,1.417,4709,0
rep2,1.4171,4710,0
rep2,1.4171,4711,0
rep2,1.4172,4712,0
rep2,1.4178,4713,0
rep2,1.4179,4714,0
rep2,1.418,4715,0
rep2,1.4187,4716,0
rep2,1.419,4717,0
rep2,1.4191,4718,0
rep2,1.4191,4719,0
rep2,1.4196,4720,0
rep2,1.4205,4721,0
rep2,1.4206,4722,0
rep2,1.4218,4723,0
rep2,1.4226,4724,0
rep2,1.4229,4725,0
rep2,1.423,4726,0
rep2,1.4231,4727,0
rep2,1.4232,4728,0
rep2,1.4233,4729,0
rep2,1.4233,4730,0
rep2,1.4235,4731,0
rep2,1.4238,4732,0
rep2,1.4243,4733,0
rep2,1.4244,4734,0
rep2,1.4249,4735,0
rep2,1.4253,4736,0
rep2,1.4257,4737,0
rep2,1.4258,4738,0
rep2,1.4261,4739,0
rep2,1.4261,4740,0
rep2,1.4263,4741,0
rep2,1.4268,4742,0
rep2,1.4268,4743,0
rep2,1.4268,4744,0
rep2,1.4275,4745,0
rep2,1.428,4746,0
rep2,1.4284,4747,0
rep2,1.4285,4748,0
rep2,1.4291,4749,0
rep2,1.4293,4750,0
rep2,1.4309,4751,0
rep2,1.431,4752,0
rep2,1.431,4753,0
rep2,1.4319,4754,0
rep2,1.4322,4755,0
rep2,1.4322,4756,0
rep2,1.433,4757,0
rep2,1.4334,4758,0
rep2,1.4338,4759,0
rep2,1.4342,4760,0
rep2,1.4345,4761,0
rep2,1.4347,4762,0
rep2,1.4357,4763,0
rep2,1.4362,4764,0
rep2,1.4368,4765,0
rep2,1.4369,4766,0
rep2,1.4392,4767,0
rep2,1.4393,4768,0
rep2,1.4394,4769,0
rep2,1.4399,4770,0
rep2,1.4401,4771,0
rep2,1.4409,4772,0
rep2,1.4409,4773,0
rep2,1.4414,4774,0
rep2,1.4423,4775,0
rep2,1.4423,4776,0
rep2,1.4423,4777,0
rep2,1.4427,4778,0
rep2,1.4429,4779,0
rep2,1.443,4780,0
rep2,1.4435,4781,0
rep2,1.4437,4782,0
rep2,1.4442,4783,0
rep2,1.4446,4784,0
rep2,1.4447,4785,0
rep2,1.4452,4786,0
rep2,1.4459,4787,0
rep2,1.4461,4788,0
rep2,1.4462,4789,0
rep2,1.4462,4790,0
rep2,1.4464,4791,0
rep2,1.4467,4792,0
rep2,1.4468,4793,0
rep2,1.4481,4794,0
rep2,1.4485,4795,0
rep2,1.4488,4796,0
rep2,1.449,4797,0
rep2,1.4494,4798,0
rep2,1.4499,4799,0
rep2,1.45,4800,0
rep2,1.4505,4801,0
rep2,1.4506,4802,0
rep2,1.4513,4803,0
rep2,1.4517,4804,0
rep2,1.4519,4805,0
rep2,1.4519,4806,0
rep2,1.4533,4807,0
rep2,1.4534,4808,0
rep2,1.4535,4809,0
rep2,1.4536,4810,0
rep2,1.454,4811,0
rep2,1.4543,4812,0
rep2,1.4545,4813,0
rep2,1.4548,4814,0
rep2,1.4552,4815,0
rep2,1.4571,4816,0
rep2,1.4575,4817,0
rep2,1.4587,4818,0
rep2,1.4588,4819,0
rep2,1.4593,4820,0
rep2,1.46,4821,0
rep2,1.4604,4822,0
rep2,1.4609,4823,0
rep2,1.4612,4824,0
rep2,1.4614,4825,0
rep2,1.4619,4826,0
rep2,1.4625,4827,0
rep2,1.464,4828,0
rep2,1.4641,4829,0
rep2,1.4652,4830,0
rep2,1.4653,4831,0
rep2,1.4658,4832,0
rep2,1.4665,4833,0
rep2,1.4665,4834,0
rep2,1.4669,4835,0
rep2,1.4678,4836,0
rep2,1.4681,4837,0
rep2,1.4687,4838,0
rep2,1.4697,4839,0
rep2,1.4712,4840,0
rep2,1.4717,4841,0
rep2,1.4718,4842,0
rep2,1.4721,4843,0
rep2,1.4724,4844,0
rep2,1.4727,4845,0
rep2,1.4738,4846,0
rep2,1.4741,4847,0
rep2,1.4741,4848,0
rep2,1.4744,4849,0
rep2,1.4765,4850,0
rep2,1.4767,4851,0
rep2,1.4768,4852,0
rep2,1.4784,4853,0
rep2,1.4797,4854,0
rep2,1.4802,4855,0
rep2,1.4804,4856,0
rep2,1.4814,4857,0
rep2,1.4814,4858,0
rep2,1.4838,4859,0
rep2,1.4842,4860,0
rep2,1.4846,4861,0
rep2,1.4847,4862,0
rep2,1.4849,4863,0
rep2,1.4852,4864,0
rep2,1.4855,4865,0
rep2,1.4888,4866,0
rep2,1.489,4867,0
rep2,1.4896,4868,0
rep2,1.4908,4869,0
rep2,1.4923,4870,0
rep2,1.4925,4871,0
rep2,1.4931,4872,0
rep2,1.4939,4873,0
rep2,1.4945,4874,0
rep2,1.4955,4875,0
rep2,1.4978,4876,0
rep2,1.498,4877,0
rep2,1.4987,4878,0
rep2,1.4997,4879,0
rep2,1.4999,4880,0
rep2,1.5,4881,0
rep2,1.5009,4882,0
rep2,1.501,4883,0
rep2,1.5015,4884,0
rep2,1.5031,4885,0
rep2,1.5038,4886,0
rep2,1.5052,4887,0
rep2,1.5052,4888,0
rep2,1.5062,4889,0
rep2,1.5073,4890,0
rep2,1.5075,4891,0
rep2,1.5083,4892,0
rep2,1.5086,4893,0
rep2,1.5087,4894,0
rep2,1.5093,4895,0
rep2,1.5097,4896,0
rep2,1.5109,4897,0
rep2,1.511,4898,0
rep2,1.5117,4899,0
rep2,1.5119,4900,0
rep2,1.512,4901,0
rep2,1.5121,4902,0
rep2,1.5135,4903,0
rep2,1.5207,4904,0
rep2,1.521,4905,0
rep2,1.5269,4906,0
rep2,1.5316,4907,0
rep2,1.5322,4908,0
rep2,1.5362,4909,0
rep2,1.537,4910,0
rep2,1.537,4911,0
rep2,1.5373,4912,0
rep2,1.5374,4913,0
rep2,1.5375,4914,0
rep2,1.5398,4915,0
rep2,1.5411,4916,0
rep2,1.5422,4917,0
rep2,1.5437,4918,0
rep2,1.545,4919,0
rep2,1.5455,4920,0
rep2,1.5469,4921,0
rep2,1.547,4922,0
rep2,1.5478,4923,0
rep2,1.5547,4924,0
rep2,1.5561,4925,0
rep2,1.5589,4926,0
rep2,1.5613,4927,0
rep2,1.5628,4928,0
rep2,1.5687,4929,0
rep2,1.5711,4930,0
rep2,1.5723,4931,0
rep2,1.5783,4932,0
rep2,1.5787,4933,0
rep2,1.5787,4934,0
rep2,1.5805,4935,0
rep2,1.5818,4936,0
rep2,1.5827,4937,0
rep2,1.584,4938,0
rep2,1.5901,4939,0
rep2,1.5905,4940,0
rep2,1.5911,4941,0
rep2,1.5925,4942,0
rep2,1.5928,4943,0
rep2,1.5938,4944,0
rep2,1.5963,4945,0
rep2,1.597,4946,0
rep2,1.6021,4947,0
rep2,1.6057,4948,0
rep2,1.6145,4949,0
rep2,1.6154,4950,0
rep2,1.6168,4951,0
rep2,1.6241,4952,0
rep2,1.6354,4953,0
rep2,1.641,4954,0
rep2,1.6432,4955,0
rep2,1.648,4956,0
rep2,1.6516,4957,0
rep2,1.6518,4958,0
rep2,1.6524,4959,0
rep2,1.6534,4960,0
rep2,1.6551,4961,0
rep2,1.6574,4962,0
rep2,1.6584,4963,0
rep2,1.6651,4964,0
rep2,1.6729,4965,0
rep2,1.6748,4966,0
rep2,1.6821,4967,0
rep2,1.7129,4968,0
rep2,1.8007,4969,0
rep2,1.8955,4970,0
rep2,2.01,4971,0
rep2,2.0103,4972,0
rep2,2.0105,4973,0
rep2,2.0106,4974,0
rep2,2.0106,4975,0
rep2,2.0107,4976,0
rep2,2.011,4977,0
rep2,2.0117,4978,0
rep2,2.0119,4979,0
rep2,2.012,4980,0
rep2,2.0127,4981,0
rep2,2.0132,4982,0
rep2,2.0171,4983,0
rep2,2.0176,4984,0
rep2,2.0193,4985,0
rep2,2.0195,4986,0
rep2,2.0196,4987,0
rep2,2.0245,4988,0
rep2,2.0342,4989,0
rep2,2.0352,4990,0
rep2,2.039,4991,0
rep2,2.0435,4992,0
rep2,2.0435,4993,0
rep2,2.0436,4994,0
rep2,2.0437,4995,0
rep2,2.0439,4996,0
rep2,2.0439,4997,0
rep2,2.0441,4998,0
rep2,2.0442,4999,0
rep2,2.0443,5000,0
rep2,2.0443,5001,0
rep2,2.0445,5002,0
rep2,2.0445,5003,0
rep2,2.0445,5004,0
rep2,2.0446,5005,0
rep2,2.0448,5006,0
rep2,2.0449,5007,0
rep2,2.0449,5008,0
rep2,2.0451,5009,0
rep2,2.0451,5010,0
rep2,2.0451,5011,0
rep2,2.0453,5012,0
rep2,2.0455,5013,0
rep2,2.0455,5014,0
rep2,2.0456,5015,0
rep2,2.0458,5016,0
rep2,2.0459,5017,0
rep2,2.0459,5018,0
rep2,2.046,5019,0
rep2,2.046,5020,0
rep2,2.0461,5021,0
rep2,2.0461,5022,0
rep2,2.0462,5023,0
rep2,2.0463,5024,0
rep2,2.0463,5025,0
rep2,2.0467,5026,0
rep2,2.0468,5027,0
rep2,2.0468,5028,0
rep2,2.0469,5029,0
rep2,2.047,5030,0
rep2,2.047,5031,0
rep2,2.047,5032,0
rep2,2.0471,5033,0
rep2,2.0472,5034,0
rep2,2.0473,5035,0
rep2,2.0475,5036,0
rep2,2.0476,5037,0
rep2,2.0477,5038,0
rep2,2.0478,5039,0
rep2,2.0479,5040,0
rep2,2.048,5041,0
rep2,2.0481,5042,0
rep2,2.0483,5043,0
rep2,2.0485,5044,0
rep2,2.0485,5045,0
rep2,2.0486,5046,0
rep2,2.049,5047,0
rep2,2.0491,5048,0
rep2,2.0492,5049,0
rep2,2.0492,5050,0
rep2,2.0493,5051,0
rep2,2.0494,5052,0
rep2,2.0495,5053,0
rep2,2.0496,5054,0
rep2,2.0496,5055,0
rep2,2.0499,5056,0
rep2,2.0502,5057,0
rep2,2.0502,5058,0
rep2,2.0504,5059,0
rep2,2.0507,5060,0
rep2,2.0507,5061,0
rep2,2.0507,5062,0
rep2,2.0508,5063,0
rep2,2.0511,5064,0
rep2,2.0513,5065,0
rep2,2.0513,5066,0
rep2,2.0516,5067,0
rep2,2.0518,5068,0
rep2,2.0521,5069,0
rep2,2.0522,5070,0
rep2,2.0523,5071,0
rep2,2.0525,5072,0
rep2,2.0525,5073,0
rep2,2.0527,5074,0
rep2,2.0529,5075,0
rep2,2.053,5076,0
rep2,2.0532,5077,0
rep2,2.0538,5078,0
rep2,2.054,5079,0
rep2,2.0541,5080,0
rep2,2.0543,5081,0
rep2,2.0546,5082,0
rep2,2.0547,5083,0
rep2,2.0549,5084,0
rep2,2.0553,5085,0
rep2,2.0557,5086,0
rep2,2.0563,5087,0
rep2,2.0565,5088,0
rep2,2.0566,5089,0
rep2,2.0583,5090,0
rep2,2.0587,5091,0
rep2,2.0598,5092,0
rep2,2.0599,5093,0
rep2,2.06,5094,0
rep2,2.0606,5095,0
rep2,2.0606,5096,0
rep2,2.0607,5097,0
rep2,2.061,5098,0
rep2,2.0613,5099,0
rep2,2.0629,5100,0
rep2,2.063,5101,0
rep2,2.0631,5102,0
rep2,2.0636,5103,0
rep2,2.0637,5104,0
rep2,2.0647,5105,0
rep2,2.0653,5106,0
rep2,2.0655,5107,0
rep2,2.0662,5108,0
rep2,2.069,5109,0
rep2,2.0705,5110,0
rep2,2.0752,5111,0
rep2,2.0767,5112,0
rep2,2.0769,5113,0
rep2,2.0769,5114,0
rep2,2.0769,5115,0
rep2,2.077,5116,0
rep2,2.0771,5117,0
rep2,2.0771,5118,0
rep2,2.0771,5119,0
rep2,2.0772,5120,0
rep2,2.0772,5121,0
rep2,2.0773,5122,0
rep2,2.0773,5123,0
rep2,2.0774,5124,0
rep2,2.0774,5125,0
rep2,2.0774,5126,0
rep2,2.0774,5127,0
rep2,2.0774,5128,0
rep2,2.0775,5129,0
rep2,2.0775,5130,0
rep2,2.0775,5131,0
rep2,2.0775,5132,0
rep2,2.0775,5133,0
rep2,2.0775,5134,0
rep2,2.0776,5135,0
rep2,2.0776,5136,0
rep2,2.0776,5137,0
rep2,2.0776,5138,0
rep2,2.0777,5139,0
rep2,2.0777,5140,0
rep2,2.0777,5141,0
rep2,2.0778,5142,0
rep2,2.0778,5143,0
rep2,2.0778,5144,0
rep2,2.0778,5145,0
rep2,2.0779,5146,0
rep2,2.0779,5147,0
rep2,2.0779,5148,0
rep2,2.078,5149,0
rep2,2.078,5150,0
rep2,2.078,5151,0
rep2,2.0781,5152,0
rep2,2.0781,5153,0
rep2,2.0781,5154,0
rep2,2.0781,5155,0
rep2,2.0781,5156,0
rep2,2.0782,5157,0
rep2,2.0783,5158,0
rep2,2.0784,5159,0
rep2,2.0784,5160,0
rep2,2.0785,5161,0
rep2,2.0786,5162,0
rep2,2.0786,5163,0
rep2,2.0786,5164,0
rep2,2.0786,5165,0
rep2,2.0786,5166,0
rep2,2.0787,5167,0
rep2,2.0787,5168,0
rep2,2.0787,5169,0
rep2,2.0788,5170,0
rep2,2.0788,5171,0
rep2,2.0788,5172,0
rep2,2.0789,5173,0
rep2,2.0789,5174,0
rep2,2.0789,5175,0
rep2,2.0789,5176,0
rep2,2.079,5177,0
rep2,2.079,5178,0
rep2,2.079,5179,0
rep2,2.0791,5180,0
rep2,2.0791,5181,0
rep2,2.0792,5182,0
rep2,2.0792,5183,0
rep2,2.0792,5184,0
rep2,2.0792,5185,0
rep2,2.0793,5186,0
rep2,2.0793,5187,0
rep2,2.0793,5188,0
rep2,2.0793,5189,0
rep2,2.0794,5190,0
rep2,2.0794,5191,0
rep2,2.0794,5192,0
rep2,2.0795,5193,0
rep2,2.0795,5194,0
rep2,2.0796,5195,0
rep2,2.0796,5196,0
rep2,2.0796,5197,0
rep2,2.0796,5198,0
rep2,2.0796,5199,0
rep2,2.0797,5200,0
rep2,2.0797,5201,0
rep2,2.0798,5202,0
rep2,2.0798,5203,0
rep2,2.0799,5204,0
rep2,2.0799,5205,0
rep2,2.08,5206,0
rep2,2.0801,5207,0
rep2,2.0801,5208,0
rep2,2.0801,5209,0
rep2,2.0802,5210,0
rep2,2.0802,5211,0
rep2,2.0802,5212,0
rep2,2.0802,5213,0
rep2,2.0804,5214,0
rep2,2.0805,5215,0
rep2,2.0805,5216,0
rep2,2.0805,5217,0
rep2,2.0805,5218,0
rep2,2.0806,5219,0
rep2,2.0806,5220,0
rep2,2.0806,5221,0
rep2,2.0806,5222,0
rep2,2.0807,5223,0
rep2,2.0808,5224,0
rep2,2.0808,5225,0
rep2,2.0809,5226,0
rep2,2.0809,5227,0
rep2,2.0811,5228,0
rep2,2.0811,5229,0
rep2,2.0811,5230,0
rep2,2.0812,5231,0
rep2,2.0812,5232,0
rep2,2.0812,5233,0
rep2,2.0813,5234,0
rep2,2.0813,5235,0
rep2,2.0814,5236,0
rep2,2.0814,5237,0
rep2,2.0814,5238,0
rep2,2.0815,5239,0
rep2,2.0815,5240,0
rep2,2.0815,5241,0
rep2,2.0816,5242,0
rep2,2.0816,5243,0
rep2,2.0816,5244,0
rep2,2.0816,5245,0
rep2,2.0816,5246,0
rep2,2.0816,5247,0
rep2,2.0817,5248,0
rep2,2.0817,5249,0
rep2,2.0817,5250,0
rep2,2.0817,5251,0
rep2,2.0819,5252,0
rep2,2.0819,5253,0
rep2,2.0819,5254,0
rep2,2.0819,5255,0
rep2,2.082,5256,0
rep2,2.082,5257,0
rep2,2.0821,5258,0
rep2,2.0822,5259,0
rep2,2.0822,5260,0
rep2,2.0822,5261,0
rep2,2.0823,5262,0
rep2,2.0823,5263,0
rep2,2.0823,5264,0
rep2,2.0824,5265,0
rep2,2.0825,5266,0
rep2,2.0826,5267,0
rep2,2.0826,5268,0
rep2,2.0826,5269,0
rep2,2.0827,5270,0
rep2,2.0828,5271,0
rep2,2.0828,5272,0
rep2,2.0829,5273,0
rep2,2.0831,5274,0
rep2,2.0832,5275,0
rep2,2.0832,5276,0
rep2,2.0832,5277,0
rep2,2.0832,5278,0
rep2,2.0832,5279,0
rep2,2.0833,5280,0
rep2,2.0833,5281,0
rep2,2.0834,5282,0
rep2,2.0835,5283,0
rep2,2.0835,5284,0
rep2,2.0835,5285,0
rep2,2.0835,5286,0
rep2,2.0836,5287,0
rep2,2.0836,5288,0
rep2,2.0836,5289,0
rep2,2.0837,5290,0
rep2,2.084,5291,0
rep2,2.084,5292,0
rep2,2.084,5293,0
rep2,2.0842,5294,0
rep2,2.0842,5295,0
rep2,2.0844,5296,0
rep2,2.0846,5297,0
rep2,2.0846,5298,0
rep2,2.0846,5299,0
rep2,2.0848,5300,0
rep2,2.0848,5301,0
rep2,2.0848,5302,0
rep2,2.0849,5303,0
rep2,2.085,5304,0
rep2,2.0851,5305,0
rep2,2.0852,5306,0
rep2,2.0852,5307,0
rep2,2.0853,5308,0
rep2,2.0853,5309,0
rep2,2.0853,5310,0
rep2,2.0854,5311,0
rep2,2.0855,5312,0
rep2,2.0855,5313,0
rep2,2.0856,5314,0
rep2,2.0856,5315,0
rep2,2.0857,5316,0
rep2,2.0857,5317,0
rep2,2.0858,5318,0
rep2,2.086,5319,0
rep2,2.086,5320,0
rep2,2.0861,5321,0
rep2,2.0861,5322,0
rep2,2.0862,5323,0
rep2,2.0862,5324,0
rep2,2.0862,5325,0
rep2,2.0863,5326,0
rep2,2.0864,5327,0
rep2,2.0865,5328,0
rep2,2.0868,5329,0
rep2,2.0868,5330,0
rep2,2.087,5331,0
rep2,2.0871,5332,0
rep2,2.0871,5333,0
rep2,2.0873,5334,0
rep2,2.0873,5335,0
rep2,2.0874,5336,0
rep2,2.0875,5337,0
rep2,2.0875,5338,0
rep2,2.0876,5339,0
rep2,2.0877,5340,0
rep2,2.0878,5341,0
rep2,2.0878,5342,0
rep2,2.0878,5343,0
rep2,2.0879,5344,0
rep2,2.0879,5345,0
rep2,2.088,5346,0
rep2,2.0881,5347,0
rep2,2.0881,5348,0
rep2,2.0886,5349,0
rep2,2.0889,5350,0
rep2,2.0889,5351,0
rep2,2.0889,5352,0
rep2,2.089,5353,0
rep2,2.0891,5354,0
rep2,2.0892,5355,0
rep2,2.0894,5356,0
rep2,2.0896,5357,0
rep2,2.0896,5358,0
rep2,2.0899,5359,0
rep2,2.0899,5360,0
rep2,2.09,5361,0
rep2,2.0901,5362,0
rep2,2.0901,5363,0
rep2,2.0901,5364,0
rep2,2.0901,5365,0
rep2,2.0903,5366,0
rep2,2.0903,5367,0
rep2,2.0904,5368,0
rep2,2.0905,5369,0
rep2,2.0906,5370,0
rep2,2.0907,5371,0
rep2,2.0909,5372,0
rep2,2.0913,5373,0
rep2,2.0915,5374,0
rep2,2.0915,5375,0
rep2,2.0915,5376,0
rep2,2.0918,5377,0
rep2,2.0918,5378,0
rep2,2.0922,5379,0
rep2,2.0923,5380,0
rep2,2.0923,5381,0
rep2,2.0925,5382,0
rep2,2.0926,5383,0
rep2,2.0927,5384,0
rep2,2.0927,5385,0
rep2,2.0927,5386,0
rep2,2.0929,5387,0
rep2,2.0933,5388,0
rep2,2.0933,5389,0
rep2,2.0934,5390,0
rep2,2.0936,5391,0
rep2,2.0937,5392,0
rep2,2.0939,5393,0
rep2,2.0939,5394,0
rep2,2.094,5395,0
rep2,2.094,5396,0
rep2,2.0942,5397,0
rep2,2.0945,5398,0
rep2,2.0945,5399,0
rep2,2.0945,5400,0
rep2,2.0946,5401,0
rep2,2.095,5402,0
rep2,2.0951,5403,0
rep2,2.0952,5404,0
rep2,2.0954,5405,0
rep2,2.0959,5406,0
rep2,2.0961,5407,0
rep2,2.0965,5408,0
rep2,2.0965,5409,0
rep2,2.0966,5410,0
rep2,2.0967,5411,0
rep2,2.0968,5412,0
rep2,2.0969,5413,0
rep2,2.097,5414,0
rep2,2.0973,5415,0
rep2,2.0973,5416,0
rep2,2.0975,5417,0
rep2,2.0977,5418,0
rep2,2.0979,5419,0
rep2,2.0987,5420,0
rep2,2.099,5421,0
rep2,2.0996,5422,0
rep2,2.0997,5423,0
rep2,2.1005,5424,0
rep2,2.1013,5425,0
rep2,2.1014,5426,0
rep2,2.1015,5427,0
rep2,2.1018,5428,0
rep2,2.1023,5429,0
rep2,2.1028,5430,0
rep2,2.1029,5431,0
rep2,2.1031,5432,0
rep2,2.1039,5433,0
rep2,2.1042,5434,0
rep2,2.1046,5435,0
rep2,2.1047,5436,0
rep2,2.1052,5437,0
rep2,2.1054,5438,0
rep2,2.1059,5439,0
rep2,2.1061,5440,0
rep2,2.1064,5441,0
rep2,2.1065,5442,0
rep2,2.107,5443,0
rep2,2.1074,5444,0
rep2,2.1078,5445,0
rep2,2.109,5446,0
rep2,2.1103,5447,0
rep2,2.1104,5448,0
rep2,2.1106,5449,0
rep2,2.111,5450,0
rep2,2.1111,5451,0
rep2,2.1112,5452,0
rep2,2.1112,5453,0
rep2,2.1112,5454,0
rep2,2.1113,5455,0
rep2,2.1114,5456,0
rep2,2.1115,5457,0
rep2,2.1116,5458,0
rep2,2.1118,5459,0
rep2,2.1118,5460,0
rep2,2.1119,5461,0
rep2,2.112,5462,0
rep2,2.1121,5463,0
rep2,2.1123,5464,0
rep2,2.1124,5465,0
rep2,2.1126,5466,0
rep2,2.1127,5467,0
rep2,2.1127,5468,0
rep2,2.1127,5469,0
rep2,2.1129,5470,0
rep2,2.113,5471,0
rep2,2.1131,5472,0
rep2,2.1132,5473,0
rep2,2.1132,5474,0
rep2,2.1132,5475,0
rep2,2.1133,5476,0
rep2,2.1135,5477,0
rep2,2.1136,5478,0
rep2,2.1141,5479,0
rep2,2.1141,5480,0
rep2,2.1142,5481,0
rep2,2.1144,5482,0
rep2,2.1144,5483,0
rep2,2.1146,5484,0
rep2,2.1146,5485,0
rep2,2.1148,5486,0
rep2,2.115,5487,0
rep2,2.1151,5488,0
rep2,2.1153,5489,0
rep2,2.1153,5490,0
rep2,2.1154,5491,0
rep2,2.1156,5492,0
rep2,2.1157,5493,0
rep2,2.1158,5494,0
rep2,2.1158,5495,0
rep2,2.116,5496,0
rep2,2.1163,5497,0
rep2,2.1164,5498,0
rep2,2.1164,5499,0
rep2,2.1164,5500,0
rep2,2.1166,5501,0
rep2,2.1169,5502,0
rep2,2.1169,5503,0
rep2,2.117,5504,0
rep2,2.1172,5505,0
rep2,2.1172,5506,0
rep2,2.1175,5507,0
rep2,2.1175,5508,0
rep2,2.1176,5509,0
rep2,2.1178,5510,0
rep2,2.1178,5511,0
rep2,2.1183,5512,0
rep2,2.1184,5513,0
rep2,2.1187,5514,0
rep2,2.1192,5515,0
rep2,2.1193,5516,0
rep2,2.1194,5517,0
rep2,2.1196,5518,0
rep2,2.1198,5519,0
rep2,2.1199,5520,0
rep2,2.12,5521,0
rep2,2.1202,5522,0
rep2,2.1205,5523,0
rep2,2.1206,5524,0
rep2,2.1208,5525,0
rep2,2.1209,5526,0
rep2,2.1212,5527,0
rep2,2.1213,5528,0
rep2,2.1214,5529,0
rep2,2.1215,5530,0
rep2,2.1216,5531,0
rep2,2.1219,5532,0
rep2,2.1219,5533,0
rep2,2.1219,5534,0
rep2,2.1222,5535,0
rep2,2.1223,5536,0
rep2,2.1224,5537,0
rep2,2.1224,5538,0
rep2,2.123,5539,0
rep2,2.123,5540,0
rep2,2.1231,5541,0
rep2,2.1231,5542,0
rep2,2.1234,5543,0
rep2,2.1236,5544,0
rep2,2.1237,5545,0
rep2,2.1246,5546,0
rep2,2.1252,5547,0
rep2,2.1253,5548,0
rep2,2.1256,5549,0
rep2,2.1256,5550,0
rep2,2.1256,5551,0
rep2,2.1258,5552,0
rep2,2.1261,5553,0
rep2,2.1262,5554,0
rep2,2.1266,5555,0
rep2,2.1268,5556,0
rep2,2.1268,5557,0
rep2,2.1268,5558,0
rep2,2.127,5559,0
rep2,2.1276,5560,0
rep2,2.128,5561,0
rep2,2.1282,5562,0
rep2,2.1287,5563,0
rep2,2.129,5564,0
rep2,2.1292,5565,0
rep2,2.1294,5566,0
rep2,2.1295,5567,0
rep2,2.1302,5568,0
rep2,2.1305,5569,0
rep2,2.131,5570,0
rep2,2.1312,5571,0
rep2,2.1314,5572,0
rep2,2.1315,5573,0
rep2,2.1316,5574,0
rep2,2.1319,5575,0
rep2,2.1324,5576,0
rep2,2.1325,5577,0
rep2,2.1326,5578,0
rep2,2.1332,5579,0
rep2,2.136,5580,0
rep2,2.136,5581,0
rep2,2.136,5582,0
rep2,2.1362,5583,0
rep2,2.1368,5584,0
rep2,2.137,5585,0
rep2,2.137,5586,0
rep2,2.1371,5587,0
rep2,2.1375,5588,0
rep2,2.1381,5589,0
rep2,2.1382,5590,0
rep2,2.1399,5591,0
rep2,2.1401,5592,0
rep2,2.1401,5593,0
rep2,2.1404,5594,0
rep2,2.1408,5595,0
rep2,2.1416,5596,0
rep2,2.142,5597,0
rep2,2.1421,5598,0
rep2,2.1427,5599,0
rep2,2.143,5600,0
rep2,2.1434,5601,0
rep2,2.1437,5602,0
rep2,2.1441,5603,0
rep2,2.1442,5604,0
rep2,2.1443,5605,0
rep2,2.1444,5606,0
rep2,2.1445,5607,0
rep2,2.1445,5608,0
rep2,2.1448,5609,0
rep2,2.145,5610,0
rep2,2.1452,5611,0
rep2,2.1453,5612,0
rep2,2.1453,5613,0
rep2,2.1453,5614,0
rep2,2.1454,5615,0
rep2,2.1457,5616,0
rep2,2.146,5617,0
rep2,2.146,5618,0
rep2,2.1461,5619,0
rep2,2.1462,5620,0
rep2,2.1462,5621,0
rep2,2.1463,5622,0
rep2,2.1465,5623,0
rep2,2.1465,5624,0
rep2,2.1465,5625,0
rep2,2.1467,5626,0
rep2,2.1468,5627,0
rep2,2.1471,5628,0
rep2,2.1473,5629,0
rep2,2.1473,5630,0
rep2,2.1474,5631,0
rep2,2.1475,5632,0
rep2,2.1477,5633,0
rep2,2.1478,5634,0
rep2,2.148,5635,0
rep2,2.148,5636,0
rep2,2.1481,5637,0
rep2,2.1483,5638,0
rep2,2.1483,5639,0
rep2,2.1483,5640,0
rep2,2.1483,5641,0
rep2,2.1485,5642,0
rep2,2.1486,5643,0
rep2,2.1487,5644,0
rep2,2.1489,5645,0
rep2,2.1489,5646,0
rep2,2.1491,5647,0
rep2,2.1491,5648,0
rep2,2.1493,5649,0
rep2,2.1493,5650,0
rep2,2.1496,5651,0
rep2,2.1497,5652,0
rep2,2.1499,5653,0
rep2,2.15,5654,0
rep2,2.1501,5655,0
rep2,2.1504,5656,0
rep2,2.1505,5657,0
rep2,2.1507,5658,0
rep2,2.1509,5659,0
rep2,2.151,5660,0
rep2,2.1511,5661,0
rep2,2.1514,5662,0
rep2,2.1519,5663,0
rep2,2.1519,5664,0
rep2,2.152,5665,0
rep2,2.1524,5666,0
rep2,2.1524,5667,0
rep2,2.1526,5668,0
rep2,2.1526,5669,0
rep2,2.1528,5670,0
rep2,2.1529,5671,0
rep2,2.153,5672,0
rep2,2.1532,5673,0
rep2,2.1533,5674,0
rep2,2.1534,5675,0
rep2,2.154,5676,0
rep2,2.1545,5677,0
rep2,2.1545,5678,0
rep2,2.1548,5679,0
rep2,2.1551,5680,0
rep2,2.1551,5681,0
rep2,2.1551,5682,0
rep2,2.1552,5683,0
rep2,2.1554,5684,0
rep2,2.1554,5685,0
rep2,2.1555,5686,0
rep2,2.1556,5687,0
rep2,2.1556,5688,0
rep2,2.1557,5689,0
rep2,2.156,5690,0
rep2,2.1562,5691,0
rep2,2.1564,5692,0
rep2,2.1564,5693,0
rep2,2.1565,5694,0
rep2,2.1566,5695,0
rep2,2.1566,5696,0
rep2,2.1568,5697,0
rep2,2.1569,5698,0
rep2,2.157,5699,0
rep2,2.1571,5700,0
rep2,2.1574,5701,0
rep2,2.1577,5702,0
rep2,2.1578,5703,0
rep2,2.158,5704,0
rep2,2.1581,5705,0
rep2,2.1582,5706,0
rep2,2.1583,5707,0
rep2,2.1584,5708,0
rep2,2.1585,5709,0
rep2,2.1586,5710,0
rep2,2.1586,5711,0
rep2,2.1586,5712,0
rep2,2.1588,5713,0
rep2,2.1589,5714,0
rep2,2.159,5715,0
rep2,2.1598,5716,0
rep2,2.1598,5717,0
rep2,2.1598,5718,0
rep2,2.1599,5719,0
rep2,2.1604,5720,0
rep2,2.1608,5721,0
rep2,2.1609,5722,0
rep2,2.1612,5723,0
rep2,2.1615,5724,0
rep2,2.1616,5725,0
rep2,2.1618,5726,0
rep2,2.1623,5727,0
rep2,2.1627,5728,0
rep2,2.1629,5729,0
rep2,2.1631,5730,0
rep2,2.1635,5731,0
rep2,2.1636,5732,0
rep2,2.1641,5733,0
rep2,2.1643,5734,0
rep2,2.1644,5735,0
rep2,2.1648,5736,0
rep2,2.1649,5737,0
rep2,2.165,5738,0
rep2,2.1651,5739,0
rep2,2.1652,5740,0
rep2,2.1655,5741,0
rep2,2.1657,5742,0
rep2,2.1658,5743,0
rep2,2.166,5744,0
rep2,2.1661,5745,0
rep2,2.1662,5746,0
rep2,2.1674,5747,0
rep2,2.1675,5748,0
rep2,2.1677,5749,0
rep2,2.1678,5750,0
rep2,2.168,5751,0
rep2,2.1683,5752,0
rep2,2.1683,5753,0
rep2,2.1684,5754,0
rep2,2.1687,5755,0
rep2,2.1689,5756,0
rep2,2.1691,5757,0
rep2,2.1696,5758,0
rep2,2.1702,5759,0
rep2,2.1706,5760,0
rep2,2.1708,5761,0
rep2,2.1711,5762,0
rep2,2.1711,5763,0
rep2,2.1713,5764,0
rep2,2.1714,5765,0
rep2,2.1722,5766,0
rep2,2.1723,5767,0
rep2,2.1725,5768,0
rep2,2.1726,5769,0
rep2,2.1727,5770,0
rep2,2.1729,5771,0
rep2,2.173,5772,0
rep2,2.1735,5773,0
rep2,2.1737,5774,0
rep2,2.1741,5775,0
rep2,2.1741,5776,0
rep2,2.1747,5777,0
rep2,2.1749,5778,0
rep2,2.1749,5779,0
rep2,2.175,5780,0
rep2,2.1751,5781,0
rep2,2.1753,5782,0
rep2,2.1754,5783,0
rep2,2.1755,5784,0
rep2,2.1758,5785,0
rep2,2.1758,5786,0
rep2,2.1765,5787,0
rep2,2.1767,5788,0
rep2,2.1767,5789,0
rep2,2.1768,5790,0
rep2,2.1768,5791,0
rep2,2.1769,5792,0
rep2,2.1773,5793,0
rep2,2.1773,5794,0
rep2,2.1773,5795,0
rep2,2.1774,5796,0
rep2,2.1775,5797,0
rep2,2.1776,5798,0
rep2,2.1777,5799,0
rep2,2.1777,5800,0
rep2,2.1778,5801,0
rep2,2.1779,5802,0
rep2,2.1782,5803,0
rep2,2.1785,5804,0
rep2,2.1785,5805,0
rep2,2.1787,5806,0
rep2,2.179,5807,0
rep2,2.179,5808,0
rep2,2.1792,5809,0
rep2,2.1793,5810,0
rep2,2.1797,5811,0
rep2,2.1798,5812,0
rep2,2.1799,5813,0
rep2,2.18,5814,0
rep2,2.1805,5815,0
rep2,2.1805,5816,0
rep2,2.1806,5817,0
rep2,2.1806,5818,0
rep2,2.1806,5819,0
rep2,2.1807,5820,0
rep2,2.1808,5821,0
rep2,2.1809,5822,0
rep2,2.1809,5823,0
rep2,2.1813,5824,0
rep2,2.1814,5825,0
rep2,2.1814,5826,0
rep2,2.1816,5827,0
rep2,2.182,5828,0
rep2,2.1822,5829,0
rep2,2.1823,5830,0
rep2,2.1826,5831,0
rep2,2.1827,5832,0
rep2,2.1828,5833,0
rep2,2.1829,5834,0
rep2,2.1829,5835,0
rep2,2.1831,5836,0
rep2,2.1832,5837,0
rep2,2.184,5838,0
rep2,2.1842,5839,0
rep2,2.1843,5840,0
rep2,2.1847,5841,0
rep2,2.1847,5842,0
rep2,2.1848,5843,0
rep2,2.1848,5844,0
rep2,2.1849,5845,0
rep2,2.185,5846,0
rep2,2.1851,5847,0
rep2,2.1852,5848,0
rep2,2.1857,5849,0
rep2,2.1858,5850,0
rep2,2.1858,5851,0
rep2,2.1861,5852,0
rep2,2.1862,5853,0
rep2,2.1863,5854,0
rep2,2.1867,5855,0
rep2,2.1868,5856,0
rep2,2.1868,5857,0
rep2,2.1869,5858,0
rep2,2.187,5859,0
rep2,2.1874,5860,0
rep2,2.1876,5861,0
rep2,2.1876,5862,0
rep2,2.1877,5863,0
rep2,2.1879,5864,0
rep2,2.1883,5865,0
rep2,2.1885,5866,0
rep2,2.1887,5867,0
rep2,2.1887,5868,0
rep2,2.1887,5869,0
rep2,2.1889,5870,0
rep2,2.1891,5871,0
rep2,2.1893,5872,0
rep2,2.1893,5873,0
rep2,2.1893,5874,0
rep2,2.1893,5875,0
rep2,2.1894,5876,0
rep2,2.1897,5877,0
rep2,2.1904,5878,0
rep2,2.1904,5879,0
rep2,2.1907,5880,0
rep2,2.1909,5881,0
rep2,2.1911,5882,0
rep2,2.1912,5883,0
rep2,2.1915,5884,0
rep2,2.1915,5885,0
rep2,2.1916,5886,0
rep2,2.1919,5887,0
rep2,2.1919,5888,0
rep2,2.1921,5889,0
rep2,2.1921,5890,0
rep2,2.1923,5891,0
rep2,2.1923,5892,0
rep2,2.1924,5893,0
rep2,2.1924,5894,0
rep2,2.1928,5895,0
rep2,2.1928,5896,0
rep2,2.1932,5897,0
rep2,2.1935,5898,0
rep2,2.1936,5899,0
rep2,2.1936,5900,0
rep2,2.1939,5901,0
rep2,2.1939,5902,0
rep2,2.1942,5903,0
rep2,2.1944,5904,0
rep2,2.1948,5905,0
rep2,2.1949,5906,0
rep2,2.195,5907,0
rep2,2.195,5908,0
rep2,2.1951,5909,0
rep2,2.1951,5910,0
rep2,2.1951,5911,0
rep2,2.1952,5912,0
rep2,2.1954,5913,0
rep2,2.1957,5914,0
rep2,2.196,5915,0
rep2,2.1964,5916,0
rep2,2.1964,5917,0
rep2,2.1967,5918,0
rep2,2.1971,5919,0
rep2,2.1971,5920,0
rep2,2.1972,5921,0
rep2,2.1978,5922,0
rep2,2.1979,5923,0
rep2,2.1981,5924,0
rep2,2.1984,5925,0
rep2,2.1984,5926,0
rep2,2.1986,5927,0
rep2,2.1989,5928,0
rep2,2.1994,5929,0
rep2,2.1994,5930,0
rep2,2.1996,5931,0
rep2,2.1996,5932,0
rep2,2.2003,5933,0
rep2,2.2003,5934,0
rep2,2.2004,5935,0
rep2,2.2004,5936,0
rep2,2.2009,5937,0
rep2,2.2009,5938,0
rep2,2.2011,5939,0
rep2,2.2017,5940,0
rep2,2.2018,5941,0
rep2,2.2019,5942,0
rep2,2.2019,5943,0
rep2,2.202,5944,0
rep2,2.2021,5945,0
rep2,2.2022,5946,0
rep2,2.2025,5947,0
rep2,2.2026,5948,0
rep2,2.2027,5949,0
rep2,2.2027,5950,0
rep2,2.2028,5951,0
rep2,2.2032,5952,0
rep2,2.2035,5953,0
rep2,2.2035,5954,0
rep2,2.2039,5955,0
rep2,2.2041,5956,0
rep2,2.2043,5957,0
rep2,2.2048,5958,0
rep2,2.205,5959,0
rep2,2.205,5960,0
rep2,2.2052,5961,0
rep2,2.2053,5962,0
rep2,2.2057,5963,0
rep2,2.2059,5964,0
rep2,2.206,5965,0
rep2,2.2062,5966,0
rep2,2.2062,5967,0
rep2,2.2064,5968,0
rep2,2.2066,5969,0
rep2,2.207,5970,0
rep2,2.2071,5971,0
rep2,2.2071,5972,0
rep2,2.2072,5973,0
rep2,2.2073,5974,0
rep2,2.2074,5975,0
rep2,2.2078,5976,0
rep2,2.2078,5977,0
rep2,2.2078,5978,0
rep2,2.2081,5979,0
rep2,2.2082,5980,0
rep2,2.2085,5981,0
rep2,2.2087,5982,0
rep2,2.2089,5983,0
rep2,2.209,5984,0
rep2,2.2094,5985,0
rep2,2.2094,5986,0
rep2,2.2096,5987,0
rep2,2.2097,5988,0
rep2,2.21,5989,0
rep2,2.21,5990,0
rep2,2.2101,5991,0
rep2,2.2102,5992,0
rep2,2.2103,5993,0
rep2,2.2107,5994,0
rep2,2.2111,5995,0
rep2,2.2113,5996,0
rep2,2.2113,5997,0
rep2,2.2114,5998,0
rep2,2.2116,5999,0
rep2,2.2116,6000,0
rep2,2.2116,6001,0
rep2,2.2116,6002,0
rep2,2.2117,6003,0
rep2,2.2117,6004,0
rep2,2.2118,6005,0
rep2,2.2118,6006,0
rep2,2.212,6007,0
rep2,2.2122,6008,0
rep2,2.2122,6009,0
rep2,2.2122,6010,0
rep2,2.2127,6011,0
rep2,2.2128,6012,0
rep2,2.2134,6013,0
rep2,2.2135,6014,0
rep2,2.2137,6015,0
rep2,2.2139,6016,0
rep2,2.2139,6017,0
rep2,2.2141,6018,0
rep2,2.2142,6019,0
rep2,2.2142,6020,0
rep2,2.2144,6021,0
rep2,2.2145,6022,0
rep2,2.2145,6023,0
rep2,2.2146,6024,0
rep2,2.2146,6025,0
rep2,2.2147,6026,0
rep2,2.2148,6027,0
rep2,2.215,6028,0
rep2,2.2151,6029,0
rep2,2.2151,6030,0
rep2,2.2154,6031,0
rep2,2.2154,6032,0
rep2,2.2154,6033,0
rep2,2.2154,6034,0
rep2,2.2157,6035,0
rep2,2.2159,6036,0
rep2,2.216,6037,0
rep2,2.2162,6038,0
rep2,2.2163,6039,0
rep2,2.2164,6040,0
rep2,2.2164,6041,0
rep2,2.2171,6042,0
rep2,2.2171,6043,0
rep2,2.2174,6044,0
rep2,2.2175,6045,0
rep2,2.2177,6046,0
rep2,2.2178,6047,0
rep2,2.2179,6048,0
rep2,2.2179,6049,0
rep2,2.2182,6050,0
rep2,2.2182,6051,0
rep2,2.2186,6052,0
rep2,2.2186,6053,0
rep2,2.2186,6054,0
rep2,2.219,6055,0
rep2,2.2192,6056,0
rep2,2.2193,6057,0
rep2,2.2193,6058,0
rep2,2.2197,6059,0
rep2,2.2198,6060,0
rep2,2.2199,6061,0
rep2,2.2203,6062,0
rep2,2.2204,6063,0
rep2,2.2207,6064,0
rep2,2.221,6065,0
rep2,2.221,6066,0
rep2,2.2216,6067,0
rep2,2.2216,6068,0
rep2,2.2217,6069,0
rep2,2.2218,6070,0
rep2,2.2222,6071,0
rep2,2.2224,6072,0
rep2,2.2226,6073,0
rep2,2.2226,6074,0
rep2,2.2226,6075,0
rep2,2.2229,6076,0
rep2,2.2231,6077,0
rep2,2.2235,6078,0
rep2,2.2236,6079,0
rep2,2.2237,6080,0
rep2,2.2237,6081,0
rep2,2.224,6082,0
rep2,2.2246,6083,0
rep2,2.2247,6084,0
rep3,1.0081,1,0
rep3,1.0081,2,0
rep3,1.0082,3,0
rep3,1.0083,4,0
rep3,1.0083,5,0
rep3,1.0084,6,0
rep3,1.0084,7,0
rep3,1.0084,8,0
rep3,1.0084,9,0
rep3,1.0085,10,0
rep3,1.0085,11,0
rep3,1.0085,12,0
rep3,1.0085,13,0
rep3,1.0086,14,0
rep3,1.0086,15,0
rep3,1.0086,16,0
rep3,1.0087,17,0
rep3,1.0088,18,0
rep3,1.0089,19,0
rep3,1.009,20,0
rep3,1.009,21,0
rep3,1.009,22,0
rep3,1.0091,23,0
rep3,1.0091,24,0
rep3,1.0091,25,0
rep3,1.0091,26,0
rep3,1.0092,27,0
rep3,1.0092,28,0
rep3,1.0092,29,0
rep3,1.0093,30,0
rep3,1.0093,31,0
rep3,1.0093,32,0
rep3,1.0094,33,0
rep3,1.0095,34,0
rep3,1.0095,35,0
rep3,1.0095,36,0
rep3,1.0096,37,0
rep3,1.0097,38,0
rep3,1.0098,39,0
rep3,1.0098,40,0
rep3,1.0099,41,0
rep3,1.0099,42,0
rep3,1.0099,43,0
rep3,1.0099,44,0
rep3,1.0099,45,0
rep3,1.01,46,0
rep3,1.01,47,0
rep3,1.01,48,0
rep3,1.0102,49,0
rep3,1.0103,50,0
rep3,1.0104,51,0
rep3,1.0104,52,0
rep3,1.0104,53,0
rep3,1.0104,54,0
rep3,1.0104,55,0
rep3,1.0105,56,0
rep3,1.0105,57,0
rep3,1.0105,58,0
rep3,1.0105,59,0
rep3,1.0106,60,0
rep3,1.0106,61,0
rep3,1.0106,62,0
rep3,1.0107,63,0
rep3,1.0107,64,0
rep3,1.0107,65,0
rep3,1.0109,66,0
rep3,1.0109,67,0
rep3,1.011,68,0
rep3,1.011,69,0
rep3,1.0111,70,0
rep3,1.0111,71,0
rep3,1.0112,72,0
rep3,1.0112,73,0
rep3,1.0112,74,0
rep3,1.0113,75,0
rep3,1.0113,76,0
rep3,1.0114,77,0
rep3,1.0114,78,0
rep3,1.0114,79,0
rep3,1.0115,80,0
rep3,1.0115,81,0
rep3,1.0116,82,0
rep3,1.0116,83,0
rep3,1.0116,84,0
rep3,1.0117,85,0
rep3,1.0117,86,0
rep3,1.0119,87,0
rep3,1.0122,88,0
rep3,1.0125,89,0
rep3,1.013,90,0
rep3,1.0131,91,0
rep3,1.0132,92,0
rep3,1.0132,93,0
rep3,1.0133,94,0
rep3,1.0133,95,0
rep3,1.014,96,0
rep3,1.014,97,0
rep3,1.0141,98,0
rep3,1.0142,99,0
rep3,1.0143,100,0
rep3,1.0143,101,0
rep3,1.0145,102,0
rep3,1.0146,103,0
rep3,1.0147,104,0
rep3,1.0148,105,0
rep3,1.0149,106,0
rep3,1.0152,107,0
rep3,1.0153,108,0
rep3,1.0153,109,0
rep3,1.0156,110,0
rep3,1.0159,111,0
rep3,1.016,112,0
rep3,1.0161,113,0
rep3,1.0164,114,0
rep3,1.0165,115,0
rep3,1.0165,116,0
rep3,1.0166,117,0
rep3,1.0166,118,0
rep3,1.0166,119,0
rep3,1.0167,120,0
rep3,1.0169,121,0
rep3,1.0169,122,0
rep3,1.0169,123,0
rep3,1.0171,124,0
rep3,1.0173,125,0
rep3,1.0174,126,0
rep3,1.0174,127,0
rep3,1.0175,128,0
rep3,1.0175,129,0
rep3,1.0176,130,0
rep3,1.0177,131,0
rep3,1.0177,132,0
rep3,1.0178,133,0
rep3,1.018,134,0
rep3,1.0181,135,0
rep3,1.0183,136,0
rep3,1.0185,137,0
rep3,1.0187,138,0
rep3,1.019,139,0
rep3,1.019,140,0
rep3,1.0195,141,0
rep3,1.0198,142,0
rep3,1.0198,143,0
rep3,1.02,144,0
rep3,1.0202,145,0
rep3,1.0207,146,0
rep3,1.0213,147,0
rep3,1.0214,148,0
rep3,1.0219,149,0
rep3,1.022,150,0
rep3,1.0232,151,0
rep3,1.0235,152,0
rep3,1.0237,153,0
rep3,1.0239,154,0
rep3,1.024,155,0
rep3,1.0242,156,0
rep3,1.0242,157,0
rep3,1.0249,158,0
rep3,1.025,159,0
rep3,1.0257,160,0
rep3,1.026,161,0
rep3,1.0261,162,0
rep3,1.0262,163,0
rep3,1.0263,164,0
rep3,1.0266,165,0
rep3,1.0269,166,0
rep3,1.0271,167,0
rep3,1.0273,168,0
rep3,1.0273,169,0
rep3,1.0277,170,0
rep3,1.0278,171,0
rep3,1.0283,172,0
rep3,1.0288,173,0
rep3,1.029,174,0
rep3,1.029,175,0
rep3,1.0294,176,0
rep3,1.0297,177,0
rep3,1.0299,178,0
rep3,1.0304,179,0
rep3,1.0306,180,0
rep3,1.0317,181,0
rep3,1.0345,182,0
rep3,1.0348,183,0
rep3,1.0377,184,0
rep3,1.0399,185,0
rep3,1.0406,186,0
rep3,1.0409,187,0
rep3,1.0418,188,0
rep3,1.0419,189,0
rep3,1.0419,190,0
rep3,1.0419,191,0
rep3,1.0419,192,0
rep3,1.042,193,0
rep3,1.042,194,0
rep3,1.042,195,0
rep3,1.042,196,0
rep3,1.042,197,0
rep3,1.042,198,0
rep3,1.042,199,0
rep3,1.042,200,0
rep3,1.0421,201,0
rep3,1.0421,202,0
rep3,1.0421,203,0
rep3,1.0421,204,0
rep3,1.0421,205,0
rep3,1.0422,206,0
rep3,1.0422,207,0
rep3,1.0422,208,0
rep3,1.0422,209,0
rep3,1.0422,210,0
rep3,1.0422,211,0
rep3,1.0422,212,0
rep3,1.0422,213,0
rep3,1.0422,214,0
rep3,1.0423,215,0
rep3,1.0423,216,0
rep3,1.0423,217,0
rep3,1.0423,218,0
rep3,1.0423,219,0
rep3,1.0423,220,0
rep3,1.0423,221,0
rep3,1.0423,222,0
rep3,1.0424,223,0
rep3,1.0424,224,0
rep3,1.0424,225,0
rep3,1.0424,226,0
rep3,1.0424,227,0
rep3,1.0424,228,0
rep3,1.0425,229,0
rep3,1.0425,230,0
rep3,1.0425,231,0
rep3,1.0425,232,0
rep3,1.0425,233,0
rep3,1.0425,234,0
rep3,1.0425,235,0
rep3,1.0425,236,0
rep3,1.0425,237,0
rep3,1.0426,238,0
rep3,1.0426,239,0
rep3,1.0426,240,0
rep3,1.0426,241,0
rep3,1.0426,242,0
rep3,1.0426,243,0
rep3,1.0426,244,0
rep3,1.0427,245,0
rep3,1.0427,246,0
rep3,1.0427,247,0
rep3,1.0427,248,0
rep3,1.0428,249,0
rep3,1.0428,250,0
rep3,1.0428,251,0
rep3,1.0428,252,0
rep3,1.0428,253,0
rep3,1.0428,254,0
rep3,1.0429,255,0
rep3,1.0429,256,0
rep3,1.0429,257,0
rep3,1.0429,258,0
rep3,1.0429,259,0
rep3,1.0429,260,0
rep3,1.0429,261,0
rep3,1.043,262,0
rep3,1.043,263,0
rep3,1.043,264,0
rep3,1.043,265,0
rep3,1.043,266,0
rep3,1.043,267,0
rep3,1.043,268,0
rep3,1.0431,269,0
rep3,1.0431,270,0
rep3,1.0431,271,0
rep3,1.0431,272,0
rep3,1.0432,273,0
rep3,1.0432,274,0
rep3,1.0432,275,0
rep3,1.0432,276,0
rep3,1.0433,277,0
rep3,1.0433,278,0
rep3,1.0433,279,0
rep3,1.0433,280,0
rep3,1.0433,281,0
rep3,1.0433,282,0
rep3,1.0434,283,0
rep3,1.0434,284,0
rep3,1.0434,285,0
rep3,1.0434,286,0
rep3,1.0434,287,0
rep3,1.0435,288,0
rep3,1.0435,289,0
rep3,1.0435,290,0
rep3,1.0435,291,0
rep3,1.0435,292,0
rep3,1.0435,293,0
rep3,1.0435,294,0
rep3,1.0436,295,0
rep3,1.0436,296,0
rep3,1.0436,297,0
rep3,1.0436,298,0
rep3,1.0436,299,0
rep3,1.0436,300,0
rep3,1.0436,301,0
rep3,1.0437,302,0
rep3,1.0437,303,0
rep3,1.0437,304,0
rep3,1.0437,305,0
rep3,1.0437,306,0
rep3,1.0437,307,0
rep3,1.0438,308,0
rep3,1.0438,309,0
rep3,1.0438,310,0
rep3,1.0438,311,0
rep3,1.0438,312,0
rep3,1.0438,313,0
rep3,1.0439,314,0
rep3,1.0439,315,0
rep3,1.0439,316,0
rep3,1.0439,317,0
rep3,1.0439,318,0
rep3,1.0439,319,0
rep3,1.044,320,0
rep3,1.044,321,0
rep3,1.044,322,0
rep3,1.044,323,0
rep3,1.044,324,0
rep3,1.0441,325,0
rep3,1.0441,326,0
rep3,1.0441,327,0
rep3,1.0441,328,0
rep3,1.0441,329,0
rep3,1.0441,330,0
rep3,1.0442,331,0
rep3,1.0442,332,0
rep3,1.0442,333,0
rep3,1.0442,334,0
rep3,1.0442,335,0
rep3,1.0442,336,0
rep3,1.0443,337,0
rep3,1.0443,338,0
rep3,1.0443,339,0
rep3,1.0444,340,0
rep3,1.0444,341,0
rep3,1.0444,342,0
rep3,1.0444,343,0
rep3,1.0444,344,0
rep3,1.0444,345,0
rep3,1.0444,346,0
rep3,1.0444,347,0
rep3,1.0445,348,0
rep3,1.0445,349,0
rep3,1.0446,350,0
rep3,1.0446,351,0
rep3,1.0446,352,0
rep3,1.0446,353,0
rep3,1.0446,354,0
rep3,1.0447,355,0
rep3,1.0447,356,0
rep3,1.0447,357,0
rep3,1.0447,358,0
rep3,1.0447,359,0
rep3,1.0447,360,0
rep3,1.0447,361,0
rep3,1.0448,362,0
rep3,1.0448,363,0
rep3,1.0448,364,0
rep3,1.0448,365,0
rep3,1.0448,366,0
rep3,1.0448,367,0
rep3,1.0449,368,0
rep3,1.0449,369,0
rep3,1.0449,370,0
rep3,1.0449,371,0
rep3,1.0449,372,0
rep3,1.045,373,0
rep3,1.045,374,0
rep3,1.045,375,0
rep3,1.045,376,0
rep3,1.045,377,0
rep3,1.0451,378,0
rep3,1.0451,379,0
rep3,1.0451,380,0
rep3,1.0451,381,0
rep3,1.0451,382,0
rep3,1.0452,383,0
rep3,1.0452,384,0
rep3,1.0452,385,0
rep3,1.0452,386,0
rep3,1.0453,387,0
rep3,1.0453,388,0
rep3,1.0453,389,0
rep3,1.0453,390,0
rep3,1.0453,391,0
rep3,1.0453,392,0
rep3,1.0454,393,0
rep3,1.0454,394,0
rep3,1.0454,395,0
rep3,1.0455,396,0
rep3,1.0455,397,0
rep3,1.0455,398,0
rep3,1.0455,399,0
rep3,1.0455,400,0
rep3,1.0455,401,0
rep3,1.0455,402,0
rep3,1.0456,403,0
rep3,1.0456,404,0
rep3,1.0456,405,0
rep3,1.0456,406,0
rep3,1.0456,407,0
rep3,1.0457,408,0
rep3,1.0457,409,0
rep3,1.0457,410,0
rep3,1.0457,411,0
rep3,1.0458,412,0
rep3,1.0458,413,0
rep3,1.0458,414,0
rep3,1.0458,415,0
rep3,1.0459,416,0
rep3,1.0459,417,0
rep3,1.0459,418,0
rep3,1.0459,419,0
rep3,1.046,420,0
rep3,1.046,421,0
rep3,1.046,422,0
rep3,1.046,423,0
rep3,1.046,424,0
rep3,1.046,425,0
rep3,1.046,426,0
rep3,1.046,427,0
rep3,1.046,428,0
rep3,1.046,429,0
rep3,1.0461,430,0
rep3,1.0461,431,0
rep3,1.0461,432,0
rep3,1.0461,433,0
rep3,1.0461,434,0
rep3,1.0462,435,0
rep3,1.0462,436,0
rep3,1.0462,437,0
rep3,1.0462,438,0
rep3,1.0462,439,0
rep3,1.0462,440,0
rep3,1.0463,441,0
rep3,1.0463,442,0
rep3,1.0463,443,0
rep3,1.0463,444,0
rep3,1.0463,445,0
rep3,1.0463,446,0
rep3,1.0463,447,0
rep3,1.0464,448,0
rep3,1.0464,449,0
rep3,1.0464,450,0
rep3,1.0464,451,0
rep3,1.0465,452,0
rep3,1.0465,453,0
rep3,1.0465,454,0
rep3,1.0466,455,0
rep3,1.0466,456,0
rep3,1.0466,457,0
rep3,1.0466,458,0
rep3,1.0467,459,0
rep3,1.0467,460,0
rep3,1.0467,461,0
rep3,1.0467,462,0
rep3,1.0467,463,0
rep3,1.0467,464,0
rep3,1.0468,465,0
rep3,1.0468,466,0
rep3,1.0468,467,0
rep3,1.0469,468,0
rep3,1.0469,469,0
rep3,1.0469,470,0
rep3,1.0469,471,0
rep3,1.0469,472,0
rep3,1.047,473,0
rep3,1.047,474,0
rep3,1.047,475,0
rep3,1.047,476,0
rep3,1.047,477,0
rep3,1.047,478,0
rep3,1.0471,479,0
rep3,1.0471,480,0
rep3,1.0471,481,0
rep3,1.0471,482,0
rep3,1.0471,483,0
rep3,1.0471,484,0
rep3,1.0472,485,0
rep3,1.0472,486,0
rep3,1.0472,487,0
rep3,1.0472,488,0
rep3,1.0473,489,0
rep3,1.0473,490,0
rep3,1.0473,491,0
rep3,1.0473,492,0
rep3,1.0473,493,0
rep3,1.0474,494,0
rep3,1.0474,495,0
rep3,1.0474,496,0
rep3,1.0474,497,0
rep3,1.0475,498,0
rep3,1.0475,499,0
rep3,1.0475,500,0
rep3,1.0475,501,0
rep3,1.0475,502,0
rep3,1.0475,503,0
rep3,1.0476,504,0
rep3,1.0476,505,0
rep3,1.0476,506,0
rep3,1.0476,507,0
rep3,1.0477,508,0
rep3,1.0477,509,0
rep3,1.0477,510,0
rep3,1.0478,511,0
rep3,1.0478,512,0
rep3,1.0478,513,0
rep3,1.0479,514,0
rep3,1.0479,515,0
rep3,1.0479,516,0
rep3,1.0479,517,0
rep3,1.0479,518,0
rep3,1.048,519,0
rep3,1.048,520,0
rep3,1.0481,521,0
rep3,1.0481,522,0
rep3,1.0481,523,0
rep3,1.0481,524,0
rep3,1.0481,525,0
rep3,1.0481,526,0
rep3,1.0482,527,0
rep3,1.0482,528,0
rep3,1.0482,529,0
rep3,1.0482,530,0
rep3,1.0482,531,0
rep3,1.0482,532,0
rep3,1.0483,533,0
rep3,1.0483,534,0
rep3,1.0483,535,0
rep3,1.0483,536,0
rep3,1.0484,537,0
rep3,1.0484,538,0
rep3,1.0484,539,0
rep3,1.0484,540,0
rep3,1.0484,541,0
rep3,1.0485,542,0
rep3,1.0485,543,0
rep3,1.0485,544,0
rep3,1.0485,545,0
rep3,1.0485,546,0
rep3,1.0486,547,0
rep3,1.0486,548,0
rep3,1.0486,549,0
rep3,1.0486,550,0
rep3,1.0486,551,0
rep3,1.0486,552,0
rep3,1.0487,553,0
rep3,1.0487,554,0
rep3,1.0487,555,0
rep3,1.0487,556,0
rep3,1.0487,557,0
rep3,1.0488,558,0
rep3,1.0488,559,0
rep3,1.0488,560,0
rep3,1.0489,561,0
rep3,1.0489,562,0
rep3,1.049,563,0
rep3,1.049,564,0
rep3,1.049,565,0
rep3,1.049,566,0
rep3,1.0491,567,0
rep3,1.0491,568,0
rep3,1.0491,569,0
rep3,1.0491,570,0
rep3,1.0491,571,0
rep3,1.0491,572,0
rep3,1.0492,573,0
rep3,1.0492,574,0
rep3,1.0492,575,0
rep3,1.0492,576,0
rep3,1.0492,577,0
rep3,1.0493,578,0
rep3,1.0493,579,0
rep3,1.0493,580,0
rep3,1.0494,581,0
rep3,1.0494,582,0
rep3,1.0494,583,0
rep3,1.0494,584,0
rep3,1.0494,585,0
rep3,1.0494,586,0
rep3,1.0495,587,0
rep3,1.0495,588,0
rep3,1.0495,589,0
rep3,1.0495,590,0
rep3,1.0495,591,0
rep3,1.0496,592,0
rep3,1.0496,593,0
rep3,1.0496,594,0
rep3,1.0496,595,0
rep3,1.0497,596,0
rep3,1.0497,597,0
rep3,1.0497,598,0
rep3,1.0497,599,0
rep3,1.0498,600,0
rep3,1.0498,601,0
rep3,1.0498,602,0
rep3,1.0498,603,0
rep3,1.0498,604,0
rep3,1.0498,605,0
rep3,1.0499,606,0
rep3,1.0499,607,0
rep3,1.0499,608,0
rep3,1.0499,609,0
rep3,1.0499,610,0
rep3,1.0499,611,0
rep3,1.05,612,0
rep3,1.05,613,0
rep3,1.05,614,0
rep3,1.0501,615,0
rep3,1.0501,616,0
rep3,1.0501,617,0
rep3,1.0502,618,0
rep3,1.0502,619,0
rep3,1.0502,620,0
rep3,1.0502,621,0
rep3,1.0502,622,0
rep3,1.0502,623,0
rep3,1.0503,624,0
rep3,1.0503,625,0
rep3,1.0504,626,0
rep3,1.0504,627,0
rep3,1.0505,628,0
rep3,1.0505,629,0
rep3,1.0505,630,0
rep3,1.0505,631,0
rep3,1.0505,632,0
rep3,1.0506,633,0
rep3,1.0506,634,0
rep3,1.0506,635,0
rep3,1.0506,636,0
rep3,1.0506,637,0
rep3,1.0506,638,0
rep3,1.0507,639,0
rep3,1.0507,640,0
rep3,1.0507,641,0
rep3,1.0507,642,0
rep3,1.0507,643,0
rep3,1.0507,644,0
rep3,1.0508,645,0
rep3,1.0508,646,0
rep3,1.0509,647,0
rep3,1.0509,648,0
rep3,1.0509,649,0
rep3,1.0509,650,0
rep3,1.0509,651,0
rep3,1.0509,652,0
rep3,1.0509,653,0
rep3,1.051,654,0
rep3,1.051,655,0
rep3,1.051,656,0
rep3,1.051,657,0
rep3,1.0511,658,0
rep3,1.0511,659,0
rep3,1.0511,660,0
rep3,1.0511,661,0
rep3,1.0511,662,0
rep3,1.0512,663,0
rep3,1.0512,664,0
rep3,1.0512,665,0
rep3,1.0513,666,0
rep3,1.0513,667,0
rep3,1.0513,668,0
rep3,1.0514,669,0
rep3,1.0514,670,0
rep3,1.0514,671,0
rep3,1.0515,672,0
rep3,1.0515,673,0
rep3,1.0515,674,0
rep3,1.0515,675,0
rep3,1.0516,676,0
rep3,1.0516,677,0
rep3,1.0516,678,0
rep3,1.0516,679,0
rep3,1.0516,680,0
rep3,1.0517,681,0
rep3,1.0517,682,0
rep3,1.0517,683,0
rep3,1.0517,684,0
rep3,1.0518,685,0
rep3,1.0518,686,0
rep3,1.0518,687,0
rep3,1.0519,688,0
rep3,1.0519,689,0
rep3,1.0519,690,0
rep3,1.0519,691,0
rep3,1.0519,692,0
rep3,1.052,693,0
rep3,1.052,694,0
rep3,1.052,695,0
rep3,1.052,696,0
rep3,1.052,697,0
rep3,1.0521,698,0
rep3,1.0521,699,0
rep3,1.0521,700,0
rep3,1.0522,701,0
rep3,1.0522,702,0
rep3,1.0523,703,0
rep3,1.0523,704,0
rep3,1.0523,705,0
rep3,1.0523,706,0
rep3,1.0524,707,0
rep3,1.0524,708,0
rep3,1.0525,709,0
rep3,1.0525,710,0
rep3,1.0525,711,0
rep3,1.0525,712,0
rep3,1.0525,713,0
rep3,1.0525,714,0
rep3,1.0526,715,0
rep3,1.0526,716,0
rep3,1.0526,717,0
rep3,1.0526,718,0
rep3,1.0527,719,0
rep3,1.0527,720,0
rep3,1.0527,721,0
rep3,1.0527,722,0
rep3,1.0527,723,0
rep3,1.0528,724,0
rep3,1.0528,725,0
rep3,1.0528,726,0
rep3,1.0529,727,0
rep3,1.0529,728,0
rep3,1.0529,729,0
rep3,1.0529,730,0
rep3,1.0529,731,0
rep3,1.053,732,0
rep3,1.053,733,0
rep3,1.0531,734,0
rep3,1.0531,735,0
rep3,1.0531,736,0
rep3,1.0531,737,0
rep3,1.0532,738,0
rep3,1.0532,739,0
rep3,1.0532,740,0
rep3,1.0533,741,0
rep3,1.0533,742,0
rep3,1.0533,743,0
rep3,1.0534,744,0
rep3,1.0534,745,0
rep3,1.0535,746,0
rep3,1.0535,747,0
rep3,1.0536,748,0
rep3,1.0536,749,0
rep3,1.0536,750,0
rep3,1.0537,751,0
rep3,1.0537,752,0
rep3,1.0537,753,0
rep3,1.0538,754,0
rep3,1.0538,755,0
rep3,1.0539,756,0
rep3,1.0539,757,0
rep3,1.054,758,0
rep3,1.054,759,0
rep3,1.0541,760,0
rep3,1.0541,761,0
rep3,1.0542,762,0
rep3,1.0542,763,0
rep3,1.0543,764,0
rep3,1.0543,765,0
rep3,1.0544,766,0
rep3,1.0544,767,0
rep3,1.0544,768,0
rep3,1.0544,769,0
rep3,1.0545,770,0
rep3,1.0545,771,0
rep3,1.0545,772,0
rep3,1.0546,773,0
rep3,1.0546,774,0
rep3,1.0547,775,0
rep3,1.0547,776,0
rep3,1.0547,777,0
rep3,1.0548,778,0
rep3,1.0548,779,0
rep3,1.0548,780,0
rep3,1.0549,781,0
rep3,1.0549,782,0
rep3,1.0549,783,0
rep3,1.055,784,0
rep3,1.055,785,0
rep3,1.0552,786,0
rep3,1.0553,787,0
rep3,1.0554,788,0
rep3,1.0554,789,0
rep3,1.0554,790,0
rep3,1.0555,791,0
rep3,1.0555,792,0
rep3,1.0555,793,0
rep3,1.0556,794,0
rep3,1.0556,795,0
rep3,1.0556,796,0
rep3,1.0557,797,0
rep3,1.0557,798,0
rep3,1.0557,799,0
rep3,1.0558,800,0
rep3,1.0558,801,0
rep3,1.056,802,0
rep3,1.056,803,0
rep3,1.056,804,0
rep3,1.056,805,0
rep3,1.056,806,0
rep3,1.0561,807,0
rep3,1.0561,808,0
rep3,1.0561,809,0
rep3,1.0562,810,0
rep3,1.0563,811,0
rep3,1.0563,812,0
rep3,1.0564,813,0
rep3,1.0564,814,0
rep3,1.0564,815,0
rep3,1.0565,816,0
rep3,1.0565,817,0
rep3,1.0565,818,0
rep3,1.0566,819,0
rep3,1.0566,820,0
rep3,1.0566,821,0
rep3,1.0567,822,0
rep3,1.0567,823,0
rep3,1.0568,824,0
rep3,1.0568,825,0
rep3,1.0568,826,0
rep3,1.0569,827,0
rep3,1.0569,828,0
rep3,1.057,829,0
rep3,1.057,830,0
rep3,1.0571,831,0
rep3,1.0571,832,0
rep3,1.0572,833,0
rep3,1.0572,834,0
rep3,1.0572,835,0
rep3,1.0572,836,0
rep3,1.0573,837,0
rep3,1.0573,838,0
rep3,1.0573,839,0
rep3,1.0574,840,0
rep3,1.0575,841,0
rep3,1.0575,842,0
rep3,1.0577,843,0
rep3,1.0577,844,0
rep3,1.0578,845,0
rep3,1.0578,846,0
rep3,1.0578,847,0
rep3,1.0578,848,0
rep3,1.0578,849,0
rep3,1.058,850,0
rep3,1.058,851,0
rep3,1.058,852,0
rep3,1.058,853,0
rep3,1.058,854,0
rep3,1.0581,855,0
rep3,1.0581,856,0
rep3,1.0581,857,0
rep3,1.0581,858,0
rep3,1.0583,859,0
rep3,1.0583,860,0
rep3,1.0583,861,0
rep3,1.0583,862,0
rep3,1.0584,863,0
rep3,1.0585,864,0
rep3,1.0586,865,0
rep3,1.0587,866,0
rep3,1.0588,867,0
rep3,1.0588,868,0
rep3,1.0589,869,0
rep3,1.059,870,0
rep3,1.059,871,0
rep3,1.059,872,0
rep3,1.0591,873,0
rep3,1.0591,874,0
rep3,1.0591,875,0
rep3,1.0592,876,0
rep3,1.0592,877,0
rep3,1.0593,878,0
rep3,1.0593,879,0
rep3,1.0594,880,0
rep3,1.0594,881,0
rep3,1.0595,882,0
rep3,1.0595,883,0
rep3,1.0596,884,0
rep3,1.0596,885,0
rep3,1.0597,886,0
rep3,1.0597,887,0
rep3,1.0598,888,0
rep3,1.0598,889,0
rep3,1.0598,890,0
rep3,1.0598,891,0
rep3,1.0599,892,0
rep3,1.06,893,0
rep3,1.0602,894,0
rep3,1.0602,895,0
rep3,1.0603,896,0
rep3,1.0603,897,0
rep3,1.0603,898,0
rep3,1.0603,899,0
rep3,1.0604,900,0
rep3,1.0604,901,0
rep3,1.0604,902,0
rep3,1.0605,903,0
rep3,1.0606,904,0
rep3,1.0606,905,0
rep3,1.0607,906,0
rep3,1.0607,907,0
rep3,1.0607,908,0
rep3,1.0607,909,0
rep3,1.0607,910,0
rep3,1.0608,911,0
rep3,1.0609,912,0
rep3,1.0609,913,0
rep3,1.061,914,0
rep3,1.0611,915,0
rep3,1.0612,916,0
rep3,1.0612,917,0
rep3,1.0612,918,0
rep3,1.0613,919,0
rep3,1.0613,920,0
rep3,1.0613,921,0
rep3,1.0614,922,0
rep3,1.0614,923,0
rep3,1.0616,924,0
rep3,1.0616,925,0
rep3,1.0617,926,0
rep3,1.0617,927,0
rep3,1.0619,928,0
rep3,1.0619,929,0
rep3,1.0619,930,0
rep3,1.062,931,0
rep3,1.062,932,0
rep3,1.062,933,0
rep3,1.0621,934,0
rep3,1.0622,935,0
rep3,1.0623,936,0
rep3,1.0624,937,0
rep3,1.0626,938,0
rep3,1.0626,939,0
rep3,1.0626,940,0
rep3,1.0627,941,0
rep3,1.0627,942,0
rep3,1.0628,943,0
rep3,1.0628,944,0
rep3,1.0629,945,0
rep3,1.0629,946,0
rep3,1.0629,947,0
rep3,1.0631,948,0
rep3,1.0633,949,0
rep3,1.0635,950,0
rep3,1.0636,951,0
rep3,1.0637,952,0
rep3,1.0637,953,0
rep3,1.0637,954,0
rep3,1.0639,955,0
rep3,1.0641,956,0
rep3,1.0642,957,0
rep3,1.0642,958,0
rep3,1.0642,959,0
rep3,1.0643,960,0
rep3,1.0643,961,0
rep3,1.0643,962,0
rep3,1.0645,963,0
rep3,1.0645,964,0
rep3,1.0647,965,0
rep3,1.0647,966,0
rep3,1.0648,967,0
rep3,1.0649,968,0
rep3,1.065,969,0
rep3,1.0651,970,0
rep3,1.0651,971,0
rep3,1.0651,972,0
rep3,1.0652,973,0
rep3,1.0652,974,0
rep3,1.0653,975,0
rep3,1.0654,976,0
rep3,1.0655,977,0
rep3,1.0655,978,0
rep3,1.0655,979,0
rep3,1.0657,980,0
rep3,1.0657,981,0
rep3,1.0657,982,0
rep3,1.0658,983,0
rep3,1.0658,984,0
rep3,1.0658,985,0
rep3,1.0659,986,0
rep3,1.0659,987,0
rep3,1.0659,988,0
rep3,1.066,989,0
rep3,1.066,990,0
rep3,1.066,991,0
rep3,1.0661,992,0
rep3,1.0661,993,0
rep3,1.0662,994,0
rep3,1.0662,995,0
rep3,1.0663,996,0
rep3,1.0664,997,0
rep3,1.0665,998,0
rep3,1.0666,999,0
rep3,1.0666,1000,0
rep3,1.0667,1001,0
rep3,1.0668,1002,0
rep3,1.0669,1003,0
rep3,1.067,1004,0
rep3,1.067,1005,0
rep3,1.067,1006,0
rep3,1.0672,1007,0
rep3,1.0673,1008,0
rep3,1.0673,1009,0
rep3,1.0675,1010,0
rep3,1.0677,1011,0
rep3,1.0677,1012,0
rep3,1.0678,1013,0
rep3,1.0678,1014,0
rep3,1.068,1015,0
rep3,1.0681,1016,0
rep3,1.0682,1017,0
rep3,1.0683,1018,0
rep3,1.0683,1019,0
rep3,1.0684,1020,0
rep3,1.0684,1021,0
rep3,1.0685,1022,0
rep3,1.0685,1023,0
rep3,1.0685,1024,0
rep3,1.0685,1025,0
rep3,1.0685,1026,0
rep3,1.0687,1027,0
rep3,1.0687,1028,0
rep3,1.0688,1029,0
rep3,1.0689,1030,0
rep3,1.069,1031,0
rep3,1.069,1032,0
rep3,1.0693,1033,0
rep3,1.0693,1034,0
rep3,1.0694,1035,0
rep3,1.0696,1036,0
rep3,1.0696,1037,0
rep3,1.0698,1038,0
rep3,1.07,1039,0
rep3,1.07,1040,0
rep3,1.07,1041,0
rep3,1.0702,1042,0
rep3,1.0702,1043,0
rep3,1.0705,1044,0
rep3,1.0705,1045,0
rep3,1.0705,1046,0
rep3,1.0709,1047,0
rep3,1.071,1048,0
rep3,1.0713,1049,0
rep3,1.0713,1050,0
rep3,1.0714,1051,0
rep3,1.0714,1052,0
rep3,1.0715,1053,0
rep3,1.0715,1054,0
rep3,1.0716,1055,0
rep3,1.0718,1056,0
rep3,1.0718,1057,0
rep3,1.0719,1058,0
rep3,1.072,1059,0
rep3,1.0722,1060,0
rep3,1.0723,1061,0
rep3,1.0723,1062,0
rep3,1.0724,1063,0
rep3,1.0725,1064,0
rep3,1.0725,1065,0
rep3,1.0727,1066,0
rep3,1.0727,1067,0
rep3,1.0729,1068,0
rep3,1.073,1069,0
rep3,1.073,1070,0
rep3,1.073,1071,0
rep3,1.0735,1072,0
rep3,1.0735,1073,0
rep3,1.0735,1074,0
rep3,1.0736,1075,0
rep3,1.0737,1076,0
rep3,1.074,1077,0
rep3,1.074,1078,0
rep3,1.0741,1079,0
rep3,1.0744,1080,0
rep3,1.0745,1081,0
rep3,1.0746,1082,0
rep3,1.0749,1083,0
rep3,1.0751,1084,0
rep3,1.0751,1085,0
rep3,1.0752,1086,0
rep3,1.0754,1087,0
rep3,1.0754,1088,0
rep3,1.0755,1089,0
rep3,1.0755,1090,0
rep3,1.0755,1091,0
rep3,1.0755,1092,0
rep3,1.0755,1093,0
rep3,1.0756,1094,0
rep3,1.0756,1095,0
rep3,1.0756,1096,0
rep3,1.0757,1097,0
rep3,1.0757,1098,0
rep3,1.0757,1099,0
rep3,1.0757,1100,0
rep3,1.0758,1101,0
rep3,1.0758,1102,0
rep3,1.0758,1103,0
rep3,1.0759,1104,0
rep3,1.0759,1105,0
rep3,1.076,1106,0
rep3,1.076,1107,0
rep3,1.076,1108,0
rep3,1.076,1109,0
rep3,1.0761,1110,0
rep3,1.0761,1111,0
rep3,1.0762,1112,0
rep3,1.0762,1113,0
rep3,1.0764,1114,0
rep3,1.0764,1115,0
rep3,1.0765,1116,0
rep3,1.0765,1117,0
rep3,1.0766,1118,0
rep3,1.0766,1119,0
rep3,1.0766,1120,0
rep3,1.0766,1121,0
rep3,1.0767,1122,0
rep3,1.0767,1123,0
rep3,1.0767,1124,0
rep3,1.0768,1125,0
rep3,1.0768,1126,0
rep3,1.0768,1127,0
rep3,1.0768,1128,0
rep3,1.0768,1129,0
rep3,1.0769,1130,0
rep3,1.0769,1131,0
rep3,1.077,1132,0
rep3,1.077,1133,0
rep3,1.077,1134,0
rep3,1.0771,1135,0
rep3,1.0771,1136,0
rep3,1.0771,1137,0
rep3,1.0771,1138,0
rep3,1.0771,1139,0
rep3,1.0772,1140,0
rep3,1.0773,1141,0
rep3,1.0773,1142,0
rep3,1.0774,1143,0
rep3,1.0774,1144,0
rep3,1.0774,1145,0
rep3,1.0774,1146,0
rep3,1.0775,1147,0
rep3,1.0775,1148,0
rep3,1.0775,1149,0
rep3,1.0776,1150,0
rep3,1.0776,1151,0
rep3,1.0776,1152,0
rep3,1.0777,1153,0
rep3,1.0777,1154,0
rep3,1.0777,1155,0
rep3,1.0777,1156,0
rep3,1.0778,1157,0
rep3,1.0779,1158,0
rep3,1.0779,1159,0
rep3,1.0779,1160,0
rep3,1.0779,1161,0
rep3,1.0779,1162,0
rep3,1.078,1163,0
rep3,1.078,1164,0
rep3,1.078,1165,0
rep3,1.0781,1166,0
rep3,1.0781,1167,0
rep3,1.0781,1168,0
rep3,1.0782,1169,0
rep3,1.0783,1170,0
rep3,1.0783,1171,0
rep3,1.0783,1172,0
rep3,1.0783,1173,0
rep3,1.0784,1174,0
rep3,1.0784,1175,0
rep3,1.0785,1176,0
rep3,1.0785,1177,0
rep3,1.0785,1178,0
rep3,1.0785,1179,0
rep3,1.0786,1180,0
rep3,1.0787,1181,0
rep3,1.0787,1182,0
rep3,1.0787,1183,0
rep3,1.0787,1184,0
rep3,1.0787,1185,0
rep3,1.0787,1186,0
rep3,1.0788,1187,0
rep3,1.0788,1188,0
rep3,1.0789,1189,0
rep3,1.0789,1190,0
rep3,1.079,1191,0
rep3,1.079,1192,0
rep3,1.079,1193,0
rep3,1.079,1194,0
rep3,1.0791,1195,0
rep3,1.0791,1196,0
rep3,1.0793,1197,0
rep3,1.0793,1198,0
rep3,1.0794,1199,0
rep3,1.0794,1200,0
rep3,1.0794,1201,0
rep3,1.0794,1202,0
rep3,1.0794,1203,0
rep3,1.0794,1204,0
rep3,1.0795,1205,0
rep3,1.0795,1206,0
rep3,1.0795,1207,0
rep3,1.0795,1208,0
rep3,1.0796,1209,0
rep3,1.0796,1210,0
rep3,1.0796,1211,0
rep3,1.0797,1212,0
rep3,1.0798,1213,0
rep3,1.0798,1214,0
rep3,1.0799,1215,0
rep3,1.0799,1216,0
rep3,1.0799,1217,0
rep3,1.0799,1218,0
rep3,1.08,1219,0
rep3,1.08,1220,0
rep3,1.08,1221,0
rep3,1.08,1222,0
rep3,1.08,1223,0
rep3,1.0801,1224,0
rep3,1.0801,1225,0
rep3,1.0801,1226,0
rep3,1.0802,1227,0
rep3,1.0802,1228,0
rep3,1.0802,1229,0
rep3,1.0802,1230,0
rep3,1.0803,1231,0
rep3,1.0804,1232,0
rep3,1.0804,1233,0
rep3,1.0804,1234,0
rep3,1.0805,1235,0
rep3,1.0806,1236,0
rep3,1.0807,1237,0
rep3,1.0807,1238,0
rep3,1.0807,1239,0
rep3,1.0808,1240,0
rep3,1.0808,1241,0
rep3,1.0809,1242,0
rep3,1.0809,1243,0
rep3,1.081,1244,0
rep3,1.081,1245,0
rep3,1.0811,1246,0
rep3,1.0812,1247,0
rep3,1.0812,1248,0
rep3,1.0812,1249,0
rep3,1.0812,1250,0
rep3,1.0813,1251,0
rep3,1.0814,1252,0
rep3,1.0814,1253,0
rep3,1.0815,1254,0
rep3,1.0815,1255,0
rep3,1.0816,1256,0
rep3,1.0816,1257,0
rep3,1.0816,1258,0
rep3,1.0816,1259,0
rep3,1.0817,1260,0
rep3,1.0819,1261,0
rep3,1.0819,1262,0
rep3,1.082,1263,0
rep3,1.082,1264,0
rep3,1.0821,1265,0
rep3,1.0821,1266,0
rep3,1.0822,1267,0
rep3,1.0823,1268,0
rep3,1.0823,1269,0
rep3,1.0824,1270,0
rep3,1.0824,1271,0
rep3,1.0824,1272,0
rep3,1.0825,1273,0
rep3,1.0826,1274,0
rep3,1.0826,1275,0
rep3,1.0827,1276,0
rep3,1.0827,1277,0
rep3,1.0828,1278,0
rep3,1.0829,1279,0
rep3,1.0829,1280,0
rep3,1.0829,1281,0
rep3,1.083,1282,0
rep3,1.083,1283,0
rep3,1.083,1284,0
rep3,1.083,1285,0
rep3,1.0831,1286,0
rep3,1.0831,1287,0
rep3,1.0831,1288,0
rep3,1.0831,1289,0
rep3,1.0832,1290,0
rep3,1.0832,1291,0
rep3,1.0833,1292,0
rep3,1.0833,1293,0
rep3,1.0833,1294,0
rep3,1.0834,1295,0
rep3,1.0835,1296,0
rep3,1.0836,1297,0
rep3,1.0836,1298,0
rep3,1.0836,1299,0
rep3,1.0837,1300,0
rep3,1.0838,1301,0
rep3,1.0838,1302,0
rep3,1.0838,1303,0
rep3,1.0839,1304,0
rep3,1.0839,1305,0
rep3,1.0839,1306,0
rep3,1.084,1307,0
rep3,1.0841,1308,0
rep3,1.0841,1309,0
rep3,1.0842,1310,0
rep3,1.0842,1311,0
rep3,1.0842,1312,0
rep3,1.0842,1313,0
rep3,1.0843,1314,0
rep3,1.0843,1315,0
rep3,1.0843,1316,0
rep3,1.0844,1317,0
rep3,1.0844,1318,0
rep3,1.0845,1319,0
rep3,1.0847,1320,0
rep3,1.0847,1321,0
rep3,1.0849,1322,0
rep3,1.0849,1323,0
rep3,1.085,1324,0
rep3,1.085,1325,0
rep3,1.085,1326,0
rep3,1.0851,1327,0
rep3,1.0852,1328,0
rep3,1.0853,1329,0
rep3,1.0853,1330,0
rep3,1.0854,1331,0
rep3,1.0854,1332,0
rep3,1.0854,1333,0
rep3,1.0855,1334,0
rep3,1.0856,1335,0
rep3,1.0856,1336,0
rep3,1.0857,1337,0
rep3,1.0858,1338,0
rep3,1.0859,1339,0
rep3,1.0859,1340,0
rep3,1.0859,1341,0
rep3,1.0861,1342,0
rep3,1.0861,1343,0
rep3,1.0861,1344,0
rep3,1.0862,1345,0
rep3,1.0862,1346,0
rep3,1.0862,1347,0
rep3,1.0863,1348,0
rep3,1.0864,1349,0
rep3,1.0864,1350,0
rep3,1.0865,1351,0
rep3,1.0865,1352,0
rep3,1.0866,1353,0
rep3,1.0866,1354,0
rep3,1.0866,1355,0
rep3,1.0866,1356,0
rep3,1.0867,1357,0
rep3,1.0867,1358,0
rep3,1.0867,1359,0
rep3,1.0868,1360,0
rep3,1.0869,1361,0
rep3,1.0869,1362,0
rep3,1.087,1363,0
rep3,1.0871,1364,0
rep3,1.0871,1365,0
rep3,1.0871,1366,0
rep3,1.0872,1367,0
rep3,1.0872,1368,0
rep3,1.0872,1369,0
rep3,1.0873,1370,0
rep3,1.0873,1371,0
rep3,1.0873,1372,0
rep3,1.0874,1373,0
rep3,1.0874,1374,0
rep3,1.0874,1375,0
rep3,1.0875,1376,0
rep3,1.0875,1377,0
rep3,1.0875,1378,0
rep3,1.0875,1379,0
rep3,1.0876,1380,0
rep3,1.0876,1381,0
rep3,1.0876,1382,0
rep3,1.0876,1383,0
rep3,1.0877,1384,0
rep3,1.0877,1385,0
rep3,1.0877,1386,0
rep3,1.0878,1387,0
rep3,1.0878,1388,0
rep3,1.0879,1389,0
rep3,1.0879,1390,0
rep3,1.0879,1391,0
rep3,1.088,1392,0
rep3,1.0881,1393,0
rep3,1.0881,1394,0
rep3,1.0881,1395,0
rep3,1.0881,1396,0
rep3,1.0882,1397,0
rep3,1.0882,1398,0
rep3,1.0883,1399,0
rep3,1.0883,1400,0
rep3,1.0885,1401,0
rep3,1.0885,1402,0
rep3,1.0885,1403,0
rep3,1.0886,1404,0
rep3,1.0888,1405,0
rep3,1.0888,1406,0
rep3,1.089,1407,0
rep3,1.089,1408,0
rep3,1.089,1409,0
rep3,1.089,1410,0
rep3,1.0891,1411,0
rep3,1.0891,1412,0
rep3,1.0891,1413,0
rep3,1.0891,1414,0
rep3,1.0892,1415,0
rep3,1.0892,1416,0
rep3,1.0893,1417,0
rep3,1.0894,1418,0
rep3,1.0894,1419,0
rep3,1.0895,1420,0
rep3,1.0896,1421,0
rep3,1.0896,1422,0
rep3,1.0896,1423,0
rep3,1.0897,1424,0
rep3,1.0897,1425,0
rep3,1.0897,1426,0
rep3,1.0898,1427,0
rep3,1.0898,1428,0
rep3,1.09,1429,0
rep3,1.09,1430,0
rep3,1.09,1431,0
rep3,1.0901,1432,0
rep3,1.0901,1433,0
rep3,1.0901,1434,0
rep3,1.0901,1435,0
rep3,1.0902,1436,0
rep3,1.0903,1437,0
rep3,1.0903,1438,0
rep3,1.0903,1439,0
rep3,1.0903,1440,0
rep3,1.0904,1441,0
rep3,1.0905,1442,0
rep3,1.0908,1443,0
rep3,1.0909,1444,0
rep3,1.0909,1445,0
rep3,1.0909,1446,0
rep3,1.091,1447,0
rep3,1.0912,1448,0
rep3,1.0914,1449,0
rep3,1.0915,1450,0
rep3,1.0916,1451,0
rep3,1.0916,1452,0
rep3,1.0916,1453,0
rep3,1.0917,1454,0
rep3,1.0917,1455,0
rep3,1.0917,1456,0
rep3,1.0918,1457,0
rep3,1.0918,1458,0
rep3,1.0918,1459,0
rep3,1.0919,1460,0
rep3,1.092,1461,0
rep3,1.092,1462,0
rep3,1.0921,1463,0
rep3,1.0921,1464,0
rep3,1.0923,1465,0
rep3,1.0923,1466,0
rep3,1.0924,1467,0
rep3,1.0924,1468,0
rep3,1.0925,1469,0
rep3,1.0925,1470,0
rep3,1.0926,1471,0
rep3,1.0926,1472,0
rep3,1.0926,1473,0
rep3,1.0927,1474,0
rep3,1.0927,1475,0
rep3,1.0928,1476,0
rep3,1.0928,1477,0
rep3,1.0929,1478,0
rep3,1.0929,1479,0
rep3,1.0929,1480,0
rep3,1.093,1481,0
rep3,1.093,1482,0
rep3,1.0932,1483,0
rep3,1.0933,1484,0
rep3,1.0933,1485,0
rep3,1.0933,1486,0
rep3,1.0934,1487,0
rep3,1.0934,1488,0
rep3,1.0934,1489,0
rep3,1.0936,1490,0
rep3,1.0936,1491,0
rep3,1.0937,1492,0
rep3,1.0937,1493,0
rep3,1.0937,1494,0
rep3,1.0938,1495,0
rep3,1.0938,1496,0
rep3,1.0939,1497,0
rep3,1.0939,1498,0
rep3,1.094,1499,0
rep3,1.0941,1500,0
rep3,1.0941,1501,0
rep3,1.0941,1502,0
rep3,1.0942,1503,0
rep3,1.0942,1504,0
rep3,1.0943,1505,0
rep3,1.0945,1506,0
rep3,1.0945,1507,0
rep3,1.0947,1508,0
rep3,1.0948,1509,0
rep3,1.0948,1510,0
rep3,1.0949,1511,0
rep3,1.0951,1512,0
rep3,1.0952,1513,0
rep3,1.0953,1514,0
rep3,1.0953,1515,0
rep3,1.0954,1516,0
rep3,1.0954,1517,0
rep3,1.0955,1518,0
rep3,1.0956,1519,0
rep3,1.0957,1520,0
rep3,1.0957,1521,0
rep3,1.0961,1522,0
rep3,1.0963,1523,0
rep3,1.0966,1524,0
rep3,1.0967,1525,0
rep3,1.0968,1526,0
rep3,1.0971,1527,0
rep3,1.0972,1528,0
rep3,1.0974,1529,0
rep3,1.0976,1530,0
rep3,1.0976,1531,0
rep3,1.0979,1532,0
rep3,1.0979,1533,0
rep3,1.0981,1534,0
rep3,1.0983,1535,0
rep3,1.0984,1536,0
rep3,1.0984,1537,0
rep3,1.0986,1538,0
rep3,1.0987,1539,0
rep3,1.0988,1540,0
rep3,1.0988,1541,0
rep3,1.0989,1542,0
rep3,1.099,1543,0
rep3,1.099,1544,0
rep3,1.0991,1545,0
rep3,1.0991,1546,0
rep3,1.0991,1547,0
rep3,1.0992,1548,0
rep3,1.0992,1549,0
rep3,1.0995,1550,0
rep3,1.0995,1551,0
rep3,1.0996,1552,0
rep3,1.0996,1553,0
rep3,1.0999,1554,0
rep3,1.1001,1555,0
rep3,1.1001,1556,0
rep3,1.1002,1557,0
rep3,1.1002,1558,0
rep3,1.1003,1559,0
rep3,1.1006,1560,0
rep3,1.1006,1561,0
rep3,1.1006,1562,0
rep3,1.1007,1563,0
rep3,1.1007,1564,0
rep3,1.1007,1565,0
rep3,1.1008,1566,0
rep3,1.1008,1567,0
rep3,1.1009,1568,0
rep3,1.101,1569,0
rep3,1.101,1570,0
rep3,1.101,1571,0
rep3,1.1014,1572,0
rep3,1.1014,1573,0
rep3,1.1014,1574,0
rep3,1.1016,1575,0
rep3,1.1017,1576,0
rep3,1.1018,1577,0
rep3,1.1019,1578,0
rep3,1.1021,1579,0
rep3,1.1022,1580,0
rep3,1.1022,1581,0
rep3,1.1023,1582,0
rep3,1.1024,1583,0
rep3,1.1025,1584,0
rep3,1.1028,1585,0
rep3,1.1029,1586,0
rep3,1.103,1587,0
rep3,1.1032,1588,0
rep3,1.1034,1589,0
rep3,1.1035,1590,0
rep3,1.1037,1591,0
rep3,1.1037,1592,0
rep3,1.1038,1593,0
rep3,1.1038,1594,0
rep3,1.1038,1595,0
rep3,1.104,1596,0
rep3,1.104,1597,0
rep3,1.104,1598,0
rep3,1.1043,1599,0
rep3,1.1045,1600,0
rep3,1.1047,1601,0
rep3,1.1048,1602,0
rep3,1.1048,1603,0
rep3,1.1049,1604,0
rep3,1.1049,1605,0
rep3,1.105,1606,0
rep3,1.105,1607,0
rep3,1.105,1608,0
rep3,1.1052,1609,0
rep3,1.1054,1610,0
rep3,1.1054,1611,0
rep3,1.1056,1612,0
rep3,1.1057,1613,0
rep3,1.1058,1614,0
rep3,1.106,1615,0
rep3,1.1062,1616,0
rep3,1.1062,1617,0
rep3,1.1062,1618,0
rep3,1.1064,1619,0
rep3,1.1065,1620,0
rep3,1.1066,1621,0
rep3,1.1068,1622,0
rep3,1.1069,1623,0
rep3,1.1069,1624,0
rep3,1.1071,1625,0
rep3,1.1071,1626,0
rep3,1.1071,1627,0
rep3,1.1073,1628,0
rep3,1.1074,1629,0
rep3,1.1074,1630,0
rep3,1.1075,1631,0
rep3,1.1075,1632,0
rep3,1.1075,1633,0
rep3,1.1075,1634,0
rep3,1.1078,1635,0
rep3,1.1078,1636,0
rep3,1.1079,1637,0
rep3,1.108,1638,0
rep3,1.1082,1639,0
rep3,1.1082,1640,0
rep3,1.1083,1641,0
rep3,1.1084,1642,0
rep3,1.1084,1643,0
rep3,1.1085,1644,0
rep3,1.1085,1645,0
rep3,1.1088,1646,0
rep3,1.1088,1647,0
rep3,1.1088,1648,0
rep3,1.109,1649,0
rep3,1.109,1650,0
rep3,1.1092,1651,0
rep3,1.1092,1652,0
rep3,1.1092,1653,0
rep3,1.1093,1654,0
rep3,1.1093,1655,0
rep3,1.1093,1656,0
rep3,1.1094,1657,0
rep3,1.1094,1658,0
rep3,1.1096,1659,0
rep3,1.1096,1660,0
rep3,1.1096,1661,0
rep3,1.1097,1662,0
rep3,1.1097,1663,0
rep3,1.1099,1664,0
rep3,1.1099,1665,0
rep3,1.1099,1666,0
rep3,1.1099,1667,0
rep3,1.1099,1668,0
rep3,1.11,1669,0
rep3,1.11,1670,0
rep3,1.1101,1671,0
rep3,1.1101,1672,0
rep3,1.1102,1673,0
rep3,1.1102,1674,0
rep3,1.1103,1675,0
rep3,1.1103,1676,0
rep3,1.1104,1677,0
rep3,1.1104,1678,0
rep3,1.1105,1679,0
rep3,1.1106,1680,0
rep3,1.1106,1681,0
rep3,1.1108,1682,0
rep3,1.1108,1683,0
rep3,1.1108,1684,0
rep3,1.1109,1685,0
rep3,1.111,1686,0
rep3,1.111,1687,0
rep3,1.1111,1688,0
rep3,1.1111,1689,0
rep3,1.1112,1690,0
rep3,1.1114,1691,0
rep3,1.1114,1692,0
rep3,1.1114,1693,0
rep3,1.1115,1694,0
rep3,1.1115,1695,0
rep3,1.1115,1696,0
rep3,1.1116,1697,0
rep3,1.1116,1698,0
rep3,1.1117,1699,0
rep3,1.1118,1700,0
rep3,1.1118,1701,0
rep3,1.1118,1702,0
rep3,1.1119,1703,0
rep3,1.1119,1704,0
rep3,1.112,1705,0
rep3,1.1121,1706,0
rep3,1.1121,1707,0
rep3,1.1121,1708,0
rep3,1.1121,1709,0
rep3,1.1122,1710,0
rep3,1.1122,1711,0
rep3,1.1122,1712,0
rep3,1.1123,1713,0
rep3,1.1124,1714,0
rep3,1.1124,1715,0
rep3,1.1124,1716,0
rep3,1.1125,1717,0
rep3,1.1125,1718,0
rep3,1.1126,1719,0
rep3,1.1126,1720,0
rep3,1.1127,1721,0
rep3,1.1127,1722,0
rep3,1.1128,1723,0
rep3,1.1129,1724,0
rep3,1.113,1725,0
rep3,1.113,1726,0
rep3,1.1131,1727,0
rep3,1.1131,1728,0
rep3,1.1131,1729,0
rep3,1.1133,1730,0
rep3,1.1133,1731,0
rep3,1.1133,1732,0
rep3,1.1134,1733,0
rep3,1.1134,1734,0
rep3,1.1136,1735,0
rep3,1.1137,1736,0
rep3,1.1138,1737,0
rep3,1.1138,1738,0
rep3,1.1138,1739,0
rep3,1.1139,1740,0
rep3,1.114,1741,0
rep3,1.114,1742,0
rep3,1.1141,1743,0
rep3,1.1141,1744,0
rep3,1.1141,1745,0
rep3,1.1141,1746,0
rep3,1.1142,1747,0
rep3,1.1142,1748,0
rep3,1.1144,1749,0
rep3,1.1144,1750,0
rep3,1.1144,1751,0
rep3,1.1144,1752,0
rep3,1.1146,1753,0
rep3,1.1147,1754,0
rep3,1.115,1755,0
rep3,1.1151,1756,0
rep3,1.1151,1757,0
rep3,1.1151,1758,0
rep3,1.1151,1759,0
rep3,1.1152,1760,0
rep3,1.1152,1761,0
rep3,1.1152,1762,0
rep3,1.1153,1763,0
rep3,1.1154,1764,0
rep3,1.1154,1765,0
rep3,1.1154,1766,0
rep3,1.1156,1767,0
rep3,1.1156,1768,0
rep3,1.1156,1769,0
rep3,1.1156,1770,0
rep3,1.1156,1771,0
rep3,1.1157,1772,0
rep3,1.1157,1773,0
rep3,1.1157,1774,0
rep3,1.1158,1775,0
rep3,1.1158,1776,0
rep3,1.1159,1777,0
rep3,1.1159,1778,0
rep3,1.116,1779,0
rep3,1.116,1780,0
rep3,1.1161,1781,0
rep3,1.1162,1782,0
rep3,1.1163,1783,0
rep3,1.1164,1784,0
rep3,1.1165,1785,0
rep3,1.1165,1786,0
rep3,1.1165,1787,0
rep3,1.1165,1788,0
rep3,1.1165,1789,0
rep3,1.1166,1790,0
rep3,1.1166,1791,0
rep3,1.1166,1792,0
rep3,1.1166,1793,0
rep3,1.1167,1794,0
rep3,1.1167,1795,0
rep3,1.1167,1796,0
rep3,1.1167,1797,0
rep3,1.1168,1798,0
rep3,1.1168,1799,0
rep3,1.1169,1800,0
rep3,1.1169,1801,0
rep3,1.117,1802,0
rep3,1.117,1803,0
rep3,1.117,1804,0
rep3,1.117,1805,0
rep3,1.1171,1806,0
rep3,1.1172,1807,0
rep3,1.1174,1808,0
rep3,1.1175,1809,0
rep3,1.1175,1810,0
rep3,1.1177,1811,0
rep3,1.1177,1812,0
rep3,1.1178,1813,0
rep3,1.1178,1814,0
rep3,1.1179,1815,0
rep3,1.1182,1816,0
rep3,1.1182,1817,0
rep3,1.1182,1818,0
rep3,1.1183,1819,0
rep3,1.1183,1820,0
rep3,1.1184,1821,0
rep3,1.1185,1822,0
rep3,1.1185,1823,0
rep3,1.1185,1824,0
rep3,1.1186,1825,0
rep3,1.1186,1826,0
rep3,1.1186,1827,0
rep3,1.1187,1828,0
rep3,1.1187,1829,0
rep3,1.1188,1830,0
rep3,1.1188,1831,0
rep3,1.1188,1832,0
rep3,1.1188,1833,0
rep3,1.1189,1834,0
rep3,1.1189,1835,0
rep3,1.119,1836,0
rep3,1.119,1837,0
rep3,1.1191,1838,0
rep3,1.1191,1839,0
rep3,1.1191,1840,0
rep3,1.1192,1841,0
rep3,1.1192,1842,0
rep3,1.1192,1843,0
rep3,1.1193,1844,0
rep3,1.1193,1845,0
rep3,1.1195,1846,0
rep3,1.1195,1847,0
rep3,1.1196,1848,0
rep3,1.1198,1849,0
rep3,1.1199,1850,0
rep3,1.12,1851,0
rep3,1.1201,1852,0
rep3,1.1202,1853,0
rep3,1.1202,1854,0
rep3,1.1202,1855,0
rep3,1.1202,1856,0
rep3,1.1203,1857,0
rep3,1.1204,1858,0
rep3,1.1205,1859,0
rep3,1.1205,1860,0
rep3,1.1205,1861,0
rep3,1.1206,1862,0
rep3,1.1207,1863,0
rep3,1.1207,1864,0
rep3,1.1208,1865,0
rep3,1.1208,1866,0
rep3,1.1208,1867,0
rep3,1.1208,1868,0
rep3,1.1209,1869,0
rep3,1.121,1870,0
rep3,1.121,1871,0
rep3,1.1211,1872,0
rep3,1.1212,1873,0
rep3,1.1214,1874,0
rep3,1.1214,1875,0
rep3,1.1214,1876,0
rep3,1.1214,1877,0
rep3,1.1214,1878,0
rep3,1.1215,1879,0
rep3,1.1216,1880,0
rep3,1.1217,1881,0
rep3,1.1217,1882,0
rep3,1.1217,1883,0
rep3,1.1217,1884,0
rep3,1.1217,1885,0
rep3,1.1218,1886,0
rep3,1.1218,1887,0
rep3,1.1218,1888,0
rep3,1.122,1889,0
rep3,1.122,1890,0
rep3,1.1221,1891,0
rep3,1.1222,1892,0
rep3,1.1223,1893,0
rep3,1.1223,1894,0
rep3,1.1224,1895,0
rep3,1.1224,1896,0
rep3,1.1224,1897,0
rep3,1.1225,1898,0
rep3,1.1226,1899,0
rep3,1.1226,1900,0
rep3,1.1227,1901,0
rep3,1.1228,1902,0
rep3,1.1228,1903,0
rep3,1.1229,1904,0
rep3,1.123,1905,0
rep3,1.1232,1906,0
rep3,1.1232,1907,0
rep3,1.1232,1908,0
rep3,1.1233,1909,0
rep3,1.1234,1910,0
rep3,1.1234,1911,0
rep3,1.1235,1912,0
rep3,1.1236,1913,0
rep3,1.1236,1914,0
rep3,1.1237,1915,0
rep3,1.1239,1916,0
rep3,1.124,1917,0
rep3,1.124,1918,0
rep3,1.1241,1919,0
rep3,1.1241,1920,0
rep3,1.1242,1921,0
rep3,1.1242,1922,0
rep3,1.1243,1923,0
rep3,1.1243,1924,0
rep3,1.1244,1925,0
rep3,1.1244,1926,0
rep3,1.1245,1927,0
rep3,1.1245,1928,0
rep3,1.1247,1929,0
rep3,1.1248,1930,0
rep3,1.1249,1931,0
rep3,1.125,1932,0
rep3,1.125,1933,0
rep3,1.125,1934,0
rep3,1.1251,1935,0
rep3,1.1251,1936,0
rep3,1.1252,1937,0
rep3,1.1252,1938,0
rep3,1.1253,1939,0
rep3,1.1253,1940,0
rep3,1.1254,1941,0
rep3,1.1254,1942,0
rep3,1.1254,1943,0
rep3,1.1254,1944,0
rep3,1.1255,1945,0
rep3,1.1255,1946,0
rep3,1.1259,1947,0
rep3,1.126,1948,0
rep3,1.126,1949,0
rep3,1.1261,1950,0
rep3,1.1261,1951,0
rep3,1.1262,1952,0
rep3,1.1263,1953,0
rep3,1.1264,1954,0
rep3,1.1266,1955,0
rep3,1.1266,1956,0
rep3,1.1268,1957,0
rep3,1.1268,1958,0
rep3,1.1269,1959,0
rep3,1.1269,1960,0
rep3,1.1269,1961,0
rep3,1.127,1962,0
rep3,1.1271,1963,0
rep3,1.1271,1964,0
rep3,1.1271,1965,0
rep3,1.1271,1966,0
rep3,1.1271,1967,0
rep3,1.1272,1968,0
rep3,1.1273,1969,0
rep3,1.1273,1970,0
rep3,1.1273,1971,0
rep3,1.1275,1972,0
rep3,1.1275,1973,0
rep3,1.1276,1974,0
rep3,1.1277,1975,0
rep3,1.1278,1976,0
rep3,1.1279,1977,0
rep3,1.1279,1978,0
rep3,1.1279,1979,0
rep3,1.128,1980,0
rep3,1.128,1981,0
rep3,1.1281,1982,0
rep3,1.1281,1983,0
rep3,1.1283,1984,0
rep3,1.1284,1985,0
rep3,1.1284,1986,0
rep3,1.1284,1987,0
rep3,1.1285,1988,0
rep3,1.1285,1989,0
rep3,1.1287,1990,0
rep3,1.1287,1991,0
rep3,1.1288,1992,0
rep3,1.1289,1993,0
rep3,1.1289,1994,0
rep3,1.129,1995,0
rep3,1.129,1996,0
rep3,1.129,1997,0
rep3,1.1291,1998,0
rep3,1.1291,1999,0
rep3,1.1291,2000,0
rep3,1.1291,2001,0
rep3,1.1292,2002,0
rep3,1.1292,2003,0
rep3,1.1292,2004,0
rep3,1.1295,2005,0
rep3,1.1295,2006,0
rep3,1.1295,2007,0
rep3,1.1296,2008,0
rep3,1.1298,2009,0
rep3,1.1299,2010,0
rep3,1.1299,2011,0
rep3,1.13,2012,0
rep3,1.1302,2013,0
rep3,1.1302,2014,0
rep3,1.1304,2015,0
rep3,1.1304,2016,0
rep3,1.1306,2017,0
rep3,1.1307,2018,0
rep3,1.1307,2019,0
rep3,1.1308,2020,0
rep3,1.1309,2021,0
rep3,1.1309,2022,0
rep3,1.131,2023,0
rep3,1.131,2024,0
rep3,1.131,2025,0
rep3,1.1311,2026,0
rep3,1.1312,2027,0
rep3,1.1313,2028,0
rep3,1.1313,2029,0
rep3,1.1314,2030,0
rep3,1.1316,2031,0
rep3,1.1317,2032,0
rep3,1.1317,2033,0
rep3,1.1318,2034,0
rep3,1.132,2035,0
rep3,1.132,2036,0
rep3,1.132,2037,0
rep3,1.1321,2038,0
rep3,1.1322,2039,0
rep3,1.1323,2040,0
rep3,1.1324,2041,0
rep3,1.1324,2042,0
rep3,1.1324,2043,0
rep3,1.1325,2044,0
rep3,1.1326,2045,0
rep3,1.1328,2046,0
rep3,1.1329,2047,0
rep3,1.133,2048,0
rep3,1.1331,2049,0
rep3,1.1331,2050,0
rep3,1.1332,2051,0
rep3,1.1332,2052,0
rep3,1.1332,2053,0
rep3,1.1333,2054,0
rep3,1.1335,2055,0
rep3,1.1336,2056,0
rep3,1.1336,2057,0
rep3,1.1337,2058,0
rep3,1.1338,2059,0
rep3,1.1339,2060,0
rep3,1.1339,2061,0
rep3,1.1339,2062,0
rep3,1.134,2063,0
rep3,1.1341,2064,0
rep3,1.1341,2065,0
rep3,1.1342,2066,0
rep3,1.1342,2067,0
rep3,1.1344,2068,0
rep3,1.1346,2069,0
rep3,1.1346,2070,0
rep3,1.1346,2071,0
rep3,1.135,2072,0
rep3,1.135,2073,0
rep3,1.1352,2074,0
rep3,1.1352,2075,0
rep3,1.1352,2076,0
rep3,1.1353,2077,0
rep3,1.1355,2078,0
rep3,1.1355,2079,0
rep3,1.1355,2080,0
rep3,1.1357,2081,0
rep3,1.1357,2082,0
rep3,1.1358,2083,0
rep3,1.1358,2084,0
rep3,1.1358,2085,0
rep3,1.1359,2086,0
rep3,1.1359,2087,0
rep3,1.136,2088,0
rep3,1.1361,2089,0
rep3,1.1362,2090,0
rep3,1.1362,2091,0
rep3,1.1364,2092,0
rep3,1.1364,2093,0
rep3,1.1366,2094,0
rep3,1.1368,2095,0
rep3,1.1369,2096,0
rep3,1.137,2097,0
rep3,1.1371,2098,0
rep3,1.1371,2099,0
rep3,1.1372,2100,0
rep3,1.1372,2101,0
rep3,1.1372,2102,0
rep3,1.1373,2103,0
rep3,1.1376,2104,0
rep3,1.1377,2105,0
rep3,1.1377,2106,0
rep3,1.1378,2107,0
rep3,1.1379,2108,0
rep3,1.1379,2109,0
rep3,1.138,2110,0
rep3,1.1381,2111,0
rep3,1.1382,2112,0
rep3,1.1382,2113,0
rep3,1.1382,2114,0
rep3,1.1383,2115,0
rep3,1.1383,2116,0
rep3,1.1384,2117,0
rep3,1.1386,2118,0
rep3,1.1388,2119,0
rep3,1.1389,2120,0
rep3,1.1389,2121,0
rep3,1.1389,2122,0
rep3,1.1389,2123,0
rep3,1.139,2124,0
rep3,1.1391,2125,0
rep3,1.1392,2126,0
rep3,1.1392,2127,0
rep3,1.1393,2128,0
rep3,1.1393,2129,0
rep3,1.1394,2130,0
rep3,1.1395,2131,0
rep3,1.1395,2132,0
rep3,1.1395,2133,0
rep3,1.1396,2134,0
rep3,1.1396,2135,0
rep3,1.1399,2136,0
rep3,1.14,2137,0
rep3,1.1401,2138,0
rep3,1.1405,2139,0
rep3,1.1406,2140,0
rep3,1.1406,2141,0
rep3,1.1407,2142,0
rep3,1.1407,2143,0
rep3,1.1409,2144,0
rep3,1.1409,2145,0
rep3,1.1411,2146,0
rep3,1.1411,2147,0
rep3,1.1412,2148,0
rep3,1.1412,2149,0
rep3,1.1414,2150,0
rep3,1.1414,2151,0
rep3,1.1415,2152,0
rep3,1.1415,2153,0
rep3,1.1415,2154,0
rep3,1.1417,2155,0
rep3,1.1418,2156,0
rep3,1.1421,2157,0
rep3,1.1424,2158,0
rep3,1.1425,2159,0
rep3,1.1426,2160,0
rep3,1.1427,2161,0
rep3,1.1427,2162,0
rep3,1.1428,2163,0
rep3,1.1428,2164,0
rep3,1.1428,2165,0
rep3,1.1428,2166,0
rep3,1.1429,2167,0
rep3,1.1429,2168,0
rep3,1.1429,2169,0
rep3,1.143,2170,0
rep3,1.1431,2171,0
rep3,1.1432,2172,0
rep3,1.1432,2173,0
rep3,1.1433,2174,0
rep3,1.1433,2175,0
rep3,1.1434,2176,0
rep3,1.1435,2177,0
rep3,1.1436,2178,0
rep3,1.1436,2179,0
rep3,1.1437,2180,0
rep3,1.1437,2181,0
rep3,1.1437,2182,0
rep3,1.1438,2183,0
rep3,1.1438,2184,0
rep3,1.1439,2185,0
rep3,1.1439,2186,0
rep3,1.1439,2187,0
rep3,1.144,2188,0
rep3,1.144,2189,0
rep3,1.144,2190,0
rep3,1.1441,2191,0
rep3,1.1444,2192,0
rep3,1.1445,2193,0
rep3,1.1445,2194,0
rep3,1.1446,2195,0
rep3,1.1449,2196,0
rep3,1.1449,2197,0
rep3,1.145,2198,0
rep3,1.1451,2199,0
rep3,1.1451,2200,0
rep3,1.1451,2201,0
rep3,1.1452,2202,0
rep3,1.1452,2203,0
rep3,1.1452,2204,0
rep3,1.1453,2205,0
rep3,1.1454,2206,0
rep3,1.1454,2207,0
rep3,1.1455,2208,0
rep3,1.1458,2209,0
rep3,1.1458,2210,0
rep3,1.146,2211,0
rep3,1.146,2212,0
rep3,1.1462,2213,0
rep3,1.1463,2214,0
rep3,1.1463,2215,0
rep3,1.1463,2216,0
rep3,1.1465,2217,0
rep3,1.1466,2218,0
rep3,1.1467,2219,0
rep3,1.1467,2220,0
rep3,1.1467,2221,0
rep3,1.1468,2222,0
rep3,1.1469,2223,0
rep3,1.147,2224,0
rep3,1.1471,2225,0
rep3,1.1471,2226,0
rep3,1.1471,2227,0
rep3,1.1473,2228,0
rep3,1.1473,2229,0
rep3,1.1474,2230,0
rep3,1.1475,2231,0
rep3,1.1476,2232,0
rep3,1.1476,2233,0
rep3,1.1477,2234,0
rep3,1.1477,2235,0
rep3,1.1478,2236,0
rep3,1.1478,2237,0
rep3,1.1478,2238,0
rep3,1.1479,2239,0
rep3,1.1479,2240,0
rep3,1.1479,2241,0
rep3,1.1481,2242,0
rep3,1.1482,2243,0
rep3,1.1483,2244,0
rep3,1.1483,2245,0
rep3,1.1484,2246,0
rep3,1.1484,2247,0
rep3,1.1484,2248,0
rep3,1.1485,2249,0
rep3,1.1486,2250,0
rep3,1.1487,2251,0
rep3,1.1488,2252,0
rep3,1.1488,2253,0
rep3,1.1489,2254,0
rep3,1.1489,2255,0
rep3,1.149,2256,0
rep3,1.1491,2257,0
rep3,1.1493,2258,0
rep3,1.1493,2259,0
rep3,1.1494,2260,0
rep3,1.1494,2261,0
rep3,1.1494,2262,0
rep3,1.1495,2263,0
rep3,1.1495,2264,0
rep3,1.1495,2265,0
rep3,1.1496,2266,0
rep3,1.1496,2267,0
rep3,1.1496,2268,0
rep3,1.1496,2269,0
rep3,1.1497,2270,0
rep3,1.1498,2271,0
rep3,1.1498,2272,0
rep3,1.1498,2273,0
rep3,1.1499,2274,0
rep3,1.1499,2275,0
rep3,1.1499,2276,0
rep3,1.15,2277,0
rep3,1.15,2278,0
rep3,1.1501,2279,0
rep3,1.1501,2280,0
rep3,1.1502,2281,0
rep3,1.1502,2282,0
rep3,1.1502,2283,0
rep3,1.1502,2284,0
rep3,1.1503,2285,0
rep3,1.1504,2286,0
rep3,1.1505,2287,0
rep3,1.1505,2288,0
rep3,1.1506,2289,0
rep3,1.1506,2290,0
rep3,1.1507,2291,0
rep3,1.1508,2292,0
rep3,1.151,2293,0
rep3,1.1511,2294,0
rep3,1.1511,2295,0
rep3,1.1511,2296,0
rep3,1.1512,2297,0
rep3,1.1512,2298,0
rep3,1.1514,2299,0
rep3,1.1514,2300,0
rep3,1.1515,2301,0
rep3,1.1516,2302,0
rep3,1.1517,2303,0
rep3,1.1518,2304,0
rep3,1.1518,2305,0
rep3,1.152,2306,0
rep3,1.152,2307,0
rep3,1.1521,2308,0
rep3,1.1522,2309,0
rep3,1.1524,2310,0
rep3,1.1524,2311,0
rep3,1.1525,2312,0
rep3,1.1525,2313,0
rep3,1.1526,2314,0
rep3,1.1527,2315,0
rep3,1.1527,2316,0
rep3,1.1528,2317,0
rep3,1.1528,2318,0
rep3,1.153,2319,0
rep3,1.153,2320,0
rep3,1.153,2321,0
rep3,1.153,2322,0
rep3,1.1532,2323,0
rep3,1.1533,2324,0
rep3,1.1534,2325,0
rep3,1.1534,2326,0
rep3,1.1535,2327,0
rep3,1.1535,2328,0
rep3,1.1537,2329,0
rep3,1.1538,2330,0
rep3,1.1538,2331,0
rep3,1.1538,2332,0
rep3,1.1539,2333,0
rep3,1.1539,2334,0
rep3,1.1539,2335,0
rep3,1.154,2336,0
rep3,1.1542,2337,0
rep3,1.1543,2338,0
rep3,1.1544,2339,0
rep3,1.1544,2340,0
rep3,1.1546,2341,0
rep3,1.1547,2342,0
rep3,1.1547,2343,0
rep3,1.1547,2344,0
rep3,1.155,2345,0
rep3,1.1551,2346,0
rep3,1.1552,2347,0
rep3,1.1553,2348,0
rep3,1.1553,2349,0
rep3,1.1553,2350,0
rep3,1.1554,2351,0
rep3,1.1554,2352,0
rep3,1.1555,2353,0
rep3,1.1557,2354,0
rep3,1.1558,2355,0
rep3,1.1558,2356,0
rep3,1.156,2357,0
rep3,1.156,2358,0
rep3,1.156,2359,0
rep3,1.1561,2360,0
rep3,1.1562,2361,0
rep3,1.1562,2362,0
rep3,1.1562,2363,0
rep3,1.1563,2364,0
rep3,1.1563,2365,0
rep3,1.1563,2366,0
rep3,1.1563,2367,0
rep3,1.1564,2368,0
rep3,1.1565,2369,0
rep3,1.1565,2370,0
rep3,1.1566,2371,0
rep3,1.1566,2372,0
rep3,1.1566,2373,0
rep3,1.1567,2374,0
rep3,1.1567,2375,0
rep3,1.1567,2376,0
rep3,1.1568,2377,0
rep3,1.1569,2378,0
rep3,1.1572,2379,0
rep3,1.1573,2380,0
rep3,1.1574,2381,0
rep3,1.1574,2382,0
rep3,1.1574,2383,0
rep3,1.1576,2384,0
rep3,1.1577,2385,0
rep3,1.1577,2386,0
rep3,1.1577,2387,0
rep3,1.1579,2388,0
rep3,1.1579,2389,0
rep3,1.1579,2390,0
rep3,1.158,2391,0
rep3,1.158,2392,0
rep3,1.1581,2393,0
rep3,1.1581,2394,0
rep3,1.1582,2395,0
rep3,1.1582,2396,0
rep3,1.1583,2397,0
rep3,1.1583,2398,0
rep3,1.1583,2399,0
rep3,1.1584,2400,0
rep3,1.1584,2401,0
rep3,1.1585,2402,0
rep3,1.1586,2403,0
rep3,1.1587,2404,0
rep3,1.1588,2405,0
rep3,1.1588,2406,0
rep3,1.1589,2407,0
rep3,1.1589,2408,0
rep3,1.1589,2409,0
rep3,1.1589,2410,0
rep3,1.159,2411,0
rep3,1.159,2412,0
rep3,1.159,2413,0
rep3,1.1591,2414,0
rep3,1.1591,2415,0
rep3,1.1594,2416,0
rep3,1.1594,2417,0
rep3,1.1594,2418,0
rep3,1.1595,2419,0
rep3,1.1595,2420,0
rep3,1.1597,2421,0
rep3,1.1597,2422,0
rep3,1.1597,2423,0
rep3,1.1598,2424,0
rep3,1.1599,2425,0
rep3,1.1599,2426,0
rep3,1.1599,2427,0
rep3,1.16,2428,0
rep3,1.1601,2429,0
rep3,1.1601,2430,0
rep3,1.1603,2431,0
rep3,1.1604,2432,0
rep3,1.1604,2433,0
rep3,1.1604,2434,0
rep3,1.1605,2435,0
rep3,1.1605,2436,0
rep3,1.1606,2437,0
rep3,1.1608,2438,0
rep3,1.1608,2439,0
rep3,1.1609,2440,0
rep3,1.1611,2441,0
rep3,1.1611,2442,0
rep3,1.1612,2443,0
rep3,1.1612,2444,0
rep3,1.1613,2445,0
rep3,1.1614,2446,0
rep3,1.1615,2447,0
rep3,1.1617,2448,0
rep3,1.1619,2449,0
rep3,1.1621,2450,0
rep3,1.1621,2451,0
rep3,1.1621,2452,0
rep3,1.1622,2453,0
rep3,1.1623,2454,0
rep3,1.1623,2455,0
rep3,1.1625,2456,0
rep3,1.1626,2457,0
rep3,1.1626,2458,0
rep3,1.1626,2459,0
rep3,1.1627,2460,0
rep3,1.1627,2461,0
rep3,1.1629,2462,0
rep3,1.1629,2463,0
rep3,1.1631,2464,0
rep3,1.1632,2465,0
rep3,1.1633,2466,0
rep3,1.1634,2467,0
rep3,1.1634,2468,0
rep3,1.1634,2469,0
rep3,1.1635,2470,0
rep3,1.1636,2471,0
rep3,1.1636,2472,0
rep3,1.1636,2473,0
rep3,1.1636,2474,0
rep3,1.1637,2475,0
rep3,1.1638,2476,0
rep3,1.1638,2477,0
rep3,1.164,2478,0
rep3,1.1641,2479,0
rep3,1.1641,2480,0
rep3,1.1643,2481,0
rep3,1.1643,2482,0
rep3,1.1644,2483,0
rep3,1.1644,2484,0
rep3,1.1646,2485,0
rep3,1.1646,2486,0
rep3,1.1647,2487,0
rep3,1.1648,2488,0
rep3,1.1649,2489,0
rep3,1.165,2490,0
rep3,1.1651,2491,0
rep3,1.1651,2492,0
rep3,1.1653,2493,0
rep3,1.1653,2494,0
rep3,1.1653,2495,0
rep3,1.1654,2496,0
rep3,1.1655,2497,0
rep3,1.1655,2498,0
rep3,1.1657,2499,0
rep3,1.166,2500,0
rep3,1.166,2501,0
rep3,1.1661,2502,0
rep3,1.1662,2503,0
rep3,1.1663,2504,0
rep3,1.1663,2505,0
rep3,1.1664,2506,0
rep3,1.1666,2507,0
rep3,1.1668,2508,0
rep3,1.1669,2509,0
rep3,1.1669,2510,0
rep3,1.1669,2511,0
rep3,1.167,2512,0
rep3,1.1672,2513,0
rep3,1.1673,2514,0
rep3,1.1673,2515,0
rep3,1.1674,2516,0
rep3,1.1674,2517,0
rep3,1.1675,2518,0
rep3,1.1675,2519,0
rep3,1.1675,2520,0
rep3,1.1676,2521,0
rep3,1.1676,2522,0
rep3,1.1677,2523,0
rep3,1.1678,2524,0
rep3,1.1679,2525,0
rep3,1.1679,2526,0
rep3,1.168,2527,0
rep3,1.1681,2528,0
rep3,1.1681,2529,0
rep3,1.1682,2530,0
rep3,1.1682,2531,0
rep3,1.1683,2532,0
rep3,1.1683,2533,0
rep3,1.1685,2534,0
rep3,1.1685,2535,0
rep3,1.1689,2536,0
rep3,1.1691,2537,0
rep3,1.1691,2538,0
rep3,1.1692,2539,0
rep3,1.1692,2540,0
rep3,1.1692,2541,0
rep3,1.1694,2542,0
rep3,1.1697,2543,0
rep3,1.1697,2544,0
rep3,1.1699,2545,0
rep3,1.1699,2546,0
rep3,1.1699,2547,0
rep3,1.1701,2548,0
rep3,1.1705,2549,0
rep3,1.1707,2550,0
rep3,1.1707,2551,0
rep3,1.1711,2552,0
rep3,1.1711,2553,0
rep3,1.1712,2554,0
rep3,1.1713,2555,0
rep3,1.1713,2556,0
rep3,1.1716,2557,0
rep3,1.1716,2558,0
rep3,1.1718,2559,0
rep3,1.1718,2560,0
rep3,1.1719,2561,0
rep3,1.172,2562,0
rep3,1.172,2563,0
rep3,1.1721,2564,0
rep3,1.1721,2565,0
rep3,1.1723,2566,0
rep3,1.1724,2567,0
rep3,1.1725,2568,0
rep3,1.1725,2569,0
rep3,1.1726,2570,0
rep3,1.1726,2571,0
rep3,1.1726,2572,0
rep3,1.1727,2573,0
rep3,1.1728,2574,0
rep3,1.1728,2575,0
rep3,1.1728,2576,0
rep3,1.1729,2577,0
rep3,1.1729,2578,0
rep3,1.173,2579,0
rep3,1.1731,2580,0
rep3,1.1733,2581,0
rep3,1.1733,2582,0
rep3,1.1733,2583,0
rep3,1.1734,2584,0
rep3,1.1734,2585,0
rep3,1.1735,2586,0
rep3,1.1735,2587,0
rep3,1.1735,2588,0
rep3,1.1735,2589,0
rep3,1.1736,2590,0
rep3,1.1737,2591,0
rep3,1.1738,2592,0
rep3,1.174,2593,0
rep3,1.174,2594,0
rep3,1.1741,2595,0
rep3,1.1741,2596,0
rep3,1.1742,2597,0
rep3,1.1743,2598,0
rep3,1.1743,2599,0
rep3,1.1743,2600,0
rep3,1.1744,2601,0
rep3,1.1744,2602,0
rep3,1.1746,2603,0
rep3,1.1746,2604,0
rep3,1.1747,2605,0
rep3,1.1747,2606,0
rep3,1.1749,2607,0
rep3,1.1752,2608,0
rep3,1.1752,2609,0
rep3,1.1752,2610,0
rep3,1.1754,2611,0
rep3,1.1756,2612,0
rep3,1.1756,2613,0
rep3,1.1758,2614,0
rep3,1.1758,2615,0
rep3,1.1759,2616,0
rep3,1.1759,2617,0
rep3,1.1759,2618,0
rep3,1.176,2619,0
rep3,1.1761,2620,0
rep3,1.1761,2621,0
rep3,1.1763,2622,0
rep3,1.1764,2623,0
rep3,1.1764,2624,0
rep3,1.1764,2625,0
rep3,1.1766,2626,0
rep3,1.1768,2627,0
rep3,1.1768,2628,0
rep3,1.1769,2629,0
rep3,1.177,2630,0
rep3,1.177,2631,0
rep3,1.1771,2632,0
rep3,1.1772,2633,0
rep3,1.1773,2634,0
rep3,1.1774,2635,0
rep3,1.1775,2636,0
rep3,1.1775,2637,0
rep3,1.1775,2638,0
rep3,1.1776,2639,0
rep3,1.1776,2640,0
rep3,1.1776,2641,0
rep3,1.1776,2642,0
rep3,1.1777,2643,0
rep3,1.178,2644,0
rep3,1.178,2645,0
rep3,1.178,2646,0
rep3,1.1781,2647,0
rep3,1.1781,2648,0
rep3,1.1782,2649,0
rep3,1.1783,2650,0
rep3,1.1784,2651,0
rep3,1.1784,2652,0
rep3,1.1785,2653,0
rep3,1.1786,2654,0
rep3,1.1786,2655,0
rep3,1.1786,2656,0
rep3,1.1787,2657,0
rep3,1.1787,2658,0
rep3,1.1788,2659,0
rep3,1.1788,2660,0
rep3,1.1788,2661,0
rep3,1.1788,2662,0
rep3,1.1789,2663,0
rep3,1.1789,2664,0
rep3,1.179,2665,0
rep3,1.179,2666,0
rep3,1.179,2667,0
rep3,1.1791,2668,0
rep3,1.1791,2669,0
rep3,1.1792,2670,0
rep3,1.1792,2671,0
rep3,1.1793,2672,0
rep3,1.1794,2673,0
rep3,1.1794,2674,0
rep3,1.1794,2675,0
rep3,1.1795,2676,0
rep3,1.1797,2677,0
rep3,1.1797,2678,0
rep3,1.1798,2679,0
rep3,1.1798,2680,0
rep3,1.1798,2681,0
rep3,1.1799,2682,0
rep3,1.1799,2683,0
rep3,1.18,2684,0
rep3,1.18,2685,0
rep3,1.1801,2686,0
rep3,1.1801,2687,0
rep3,1.1803,2688,0
rep3,1.1804,2689,0
rep3,1.1804,2690,0
rep3,1.1804,2691,0
rep3,1.1805,2692,0
rep3,1.1805,2693,0
rep3,1.1805,2694,0
rep3,1.1805,2695,0
rep3,1.1805,2696,0
rep3,1.1807,2697,0
rep3,1.1807,2698,0
rep3,1.1807,2699,0
rep3,1.1808,2700,0
rep3,1.1808,2701,0
rep3,1.1808,2702,0
rep3,1.1809,2703,0
rep3,1.1809,2704,0
rep3,1.181,2705,0
rep3,1.181,2706,0
rep3,1.181,2707,0
rep3,1.181,2708,0
rep3,1.1811,2709,0
rep3,1.1811,2710,0
rep3,1.1812,2711,0
rep3,1.1812,2712,0
rep3,1.1814,2713,0
rep3,1.1814,2714,0
rep3,1.1815,2715,0
rep3,1.1815,2716,0
rep3,1.1816,2717,0
rep3,1.1817,2718,0
rep3,1.1818,2719,0
rep3,1.182,2720,0
rep3,1.1822,2721,0
rep3,1.1823,2722,0
rep3,1.1824,2723,0
rep3,1.1824,2724,0
rep3,1.1825,2725,0
rep3,1.1826,2726,0
rep3,1.1826,2727,0
rep3,1.1827,2728,0
rep3,1.1828,2729,0
rep3,1.1828,2730,0
rep3,1.1828,2731,0
rep3,1.1829,2732,0
rep3,1.1829,2733,0
rep3,1.183,2734,0
rep3,1.183,2735,0
rep3,1.183,2736,0
rep3,1.1831,2737,0
rep3,1.1831,2738,0
rep3,1.1831,2739,0
rep3,1.1832,2740,0
rep3,1.1832,2741,0
rep3,1.1833,2742,0
rep3,1.1833,2743,0
rep3,1.1834,2744,0
rep3,1.1834,2745,0
rep3,1.1835,2746,0
rep3,1.1835,2747,0
rep3,1.1835,2748,0
rep3,1.1836,2749,0
rep3,1.1836,2750,0
rep3,1.1837,2751,0
rep3,1.1837,2752,0
rep3,1.1837,2753,0
rep3,1.1838,2754,0
rep3,1.1839,2755,0
rep3,1.1839,2756,0
rep3,1.184,2757,0
rep3,1.1841,2758,0
rep3,1.1842,2759,0
rep3,1.1842,2760,0
rep3,1.1843,2761,0
rep3,1.1843,2762,0
rep3,1.1843,2763,0
rep3,1.1844,2764,0
rep3,1.1844,2765,0
rep3,1.1845,2766,0
rep3,1.1845,2767,0
rep3,1.1845,2768,0
rep3,1.1845,2769,0
rep3,1.1847,2770,0
rep3,1.1847,2771,0
rep3,1.1847,2772,0
rep3,1.1847,2773,0
rep3,1.1849,2774,0
rep3,1.1849,2775,0
rep3,1.1851,2776,0
rep3,1.1851,2777,0
rep3,1.1852,2778,0
rep3,1.1852,2779,0
rep3,1.1853,2780,0
rep3,1.1853,2781,0
rep3,1.1854,2782,0
rep3,1.1854,2783,0
rep3,1.1855,2784,0
rep3,1.1856,2785,0
rep3,1.1856,2786,0
rep3,1.1856,2787,0
rep3,1.1856,2788,0
rep3,1.1856,2789,0
rep3,1.1857,2790,0
rep3,1.1857,2791,0
rep3,1.1858,2792,0
rep3,1.1858,2793,0
rep3,1.1859,2794,0
rep3,1.1859,2795,0
rep3,1.186,2796,0
rep3,1.186,2797,0
rep3,1.186,2798,0
rep3,1.1861,2799,0
rep3,1.1861,2800,0
rep3,1.1861,2801,0
rep3,1.1862,2802,0
rep3,1.1862,2803,0
rep3,1.1863,2804,0
rep3,1.1865,2805,0
rep3,1.1865,2806,0
rep3,1.1866,2807,0
rep3,1.1866,2808,0
rep3,1.1866,2809,0
rep3,1.1867,2810,0
rep3,1.1868,2811,0
rep3,1.1868,2812,0
rep3,1.1868,2813,0
rep3,1.1869,2814,0
rep3,1.1871,2815,0
rep3,1.1871,2816,0
rep3,1.1871,2817,0
rep3,1.1872,2818,0
rep3,1.1872,2819,0
rep3,1.1872,2820,0
rep3,1.1873,2821,0
rep3,1.1873,2822,0
rep3,1.1874,2823,0
rep3,1.1874,2824,0
rep3,1.1875,2825,0
rep3,1.1876,2826,0
rep3,1.1876,2827,0
rep3,1.1876,2828,0
rep3,1.1878,2829,0
rep3,1.1878,2830,0
rep3,1.1879,2831,0
rep3,1.188,2832,0
rep3,1.188,2833,0
rep3,1.1881,2834,0
rep3,1.1882,2835,0
rep3,1.1882,2836,0
rep3,1.1882,2837,0
rep3,1.1882,2838,0
rep3,1.1883,2839,0
rep3,1.1883,2840,0
rep3,1.1884,2841,0
rep3,1.1885,2842,0
rep3,1.1886,2843,0
rep3,1.1887,2844,0
rep3,1.1888,2845,0
rep3,1.1888,2846,0
rep3,1.1889,2847,0
rep3,1.1889,2848,0
rep3,1.1891,2849,0
rep3,1.1892,2850,0
rep3,1.1893,2851,0
rep3,1.1893,2852,0
rep3,1.1893,2853,0
rep3,1.1893,2854,0
rep3,1.1894,2855,0
rep3,1.1894,2856,0
rep3,1.1896,2857,0
rep3,1.1897,2858,0
rep3,1.1897,2859,0
rep3,1.1899,2860,0
rep3,1.1899,2861,0
rep3,1.19,2862,0
rep3,1.19,2863,0
rep3,1.1902,2864,0
rep3,1.1902,2865,0
rep3,1.1903,2866,0
rep3,1.1904,2867,0
rep3,1.1904,2868,0
rep3,1.1904,2869,0
rep3,1.1905,2870,0
rep3,1.1905,2871,0
rep3,1.1906,2872,0
rep3,1.1907,2873,0
rep3,1.1909,2874,0
rep3,1.1909,2875,0
rep3,1.1909,2876,0
rep3,1.191,2877,0
rep3,1.191,2878,0
rep3,1.191,2879,0
rep3,1.191,2880,0
rep3,1.1911,2881,0
rep3,1.1912,2882,0
rep3,1.1912,2883,0
rep3,1.1912,2884,0
rep3,1.1913,2885,0
rep3,1.1913,2886,0
rep3,1.1914,2887,0
rep3,1.1915,2888,0
rep3,1.1915,2889,0
rep3,1.1916,2890,0
rep3,1.1917,2891,0
rep3,1.1917,2892,0
rep3,1.1918,2893,0
rep3,1.1918,2894,0
rep3,1.1918,2895,0
rep3,1.1919,2896,0
rep3,1.1919,2897,0
rep3,1.192,2898,0
rep3,1.1921,2899,0
rep3,1.1922,2900,0
rep3,1.1923,2901,0
rep3,1.1925,2902,0
rep3,1.1925,2903,0
rep3,1.1928,2904,0
rep3,1.193,2905,0
rep3,1.193,2906,0
rep3,1.193,2907,0
rep3,1.1931,2908,0
rep3,1.1933,2909,0
rep3,1.1934,2910,0
rep3,1.1934,2911,0
rep3,1.1935,2912,0
rep3,1.1935,2913,0
rep3,1.1937,2914,0
rep3,1.1938,2915,0
rep3,1.1939,2916,0
rep3,1.1939,2917,0
rep3,1.1939,2918,0
rep3,1.194,2919,0
rep3,1.1942,2920,0
rep3,1.1942,2921,0
rep3,1.1943,2922,0
rep3,1.1944,2923,0
rep3,1.1945,2924,0
rep3,1.1945,2925,0
rep3,1.1947,2926,0
rep3,1.1947,2927,0
rep3,1.1947,2928,0
rep3,1.1947,2929,0
rep3,1.195,2930,0
rep3,1.1953,2931,0
rep3,1.1954,2932,0
rep3,1.1954,2933,0
rep3,1.1955,2934,0
rep3,1.1956,2935,0
rep3,1.1958,2936,0
rep3,1.1959,2937,0
rep3,1.1961,2938,0
rep3,1.1961,2939,0
rep3,1.1963,2940,0
rep3,1.1965,2941,0
rep3,1.1966,2942,0
rep3,1.1967,2943,0
rep3,1.1967,2944,0
rep3,1.1968,2945,0
rep3,1.1968,2946,0
rep3,1.1969,2947,0
rep3,1.1971,2948,0
rep3,1.1971,2949,0
rep3,1.1972,2950,0
rep3,1.1972,2951,0
rep3,1.1972,2952,0
rep3,1.1973,2953,0
rep3,1.1973,2954,0
rep3,1.1977,2955,0
rep3,1.1977,2956,0
rep3,1.1978,2957,0
rep3,1.1979,2958,0
rep3,1.1979,2959,0
rep3,1.1981,2960,0
rep3,1.1981,2961,0
rep3,1.1985,2962,0
rep3,1.1985,2963,0
rep3,1.1985,2964,0
rep3,1.1985,2965,0
rep3,1.1986,2966,0
rep3,1.1988,2967,0
rep3,1.1988,2968,0
rep3,1.1988,2969,0
rep3,1.199,2970,0
rep3,1.1991,2971,0
rep3,1.1991,2972,0
rep3,1.1992,2973,0
rep3,1.1995,2974,0
rep3,1.1995,2975,0
rep3,1.1996,2976,0
rep3,1.1996,2977,0
rep3,1.1996,2978,0
rep3,1.1997,2979,0
rep3,1.1998,2980,0
rep3,1.1998,2981,0
rep3,1.1998,2982,0
rep3,1.1999,2983,0
rep3,1.2,2984,0
rep3,1.2001,2985,0
rep3,1.2005,2986,0
rep3,1.2006,2987,0
rep3,1.2006,2988,0
rep3,1.2007,2989,0
rep3,1.2008,2990,0
rep3,1.2009,2991,0
rep3,1.201,2992,0
rep3,1.201,2993,0
rep3,1.2011,2994,0
rep3,1.2011,2995,0
rep3,1.2011,2996,0
rep3,1.2012,2997,0
rep3,1.2013,2998,0
rep3,1.2013,2999,0
rep3,1.2016,3000,0
rep3,1.2017,3001,0
rep3,1.2017,3002,0
rep3,1.2017,3003,0
rep3,1.2018,3004,0
rep3,1.202,3005,0
rep3,1.202,3006,0
rep3,1.202,3007,0
rep3,1.202,3008,0
rep3,1.2021,3009,0
rep3,1.2021,3010,0
rep3,1.2021,3011,0
rep3,1.2021,3012,0
rep3,1.2023,3013,0
rep3,1.2025,3014,0
rep3,1.2025,3015,0
rep3,1.2025,3016,0
rep3,1.2025,3017,0
rep3,1.2026,3018,0
rep3,1.2027,3019,0
rep3,1.2027,3020,0
rep3,1.2027,3021,0
rep3,1.2028,3022,0
rep3,1.2028,3023,0
rep3,1.2029,3024,0
rep3,1.203,3025,0
rep3,1.203,3026,0
rep3,1.2031,3027,0
rep3,1.2032,3028,0
rep3,1.2035,3029,0
rep3,1.2036,3030,0
rep3,1.2036,3031,0
rep3,1.2036,3032,0
rep3,1.2038,3033,0
rep3,1.204,3034,0
rep3,1.204,3035,0
rep3,1.204,3036,0
rep3,1.2041,3037,0
rep3,1.2044,3038,0
rep3,1.2044,3039,0
rep3,1.2045,3040,0
rep3,1.2045,3041,0
rep3,1.2046,3042,0
rep3,1.2047,3043,0
rep3,1.2047,3044,0
rep3,1.205,3045,0
rep3,1.2051,3046,0
rep3,1.2051,3047,0
rep3,1.2053,3048,0
rep3,1.2053,3049,0
rep3,1.2054,3050,0
rep3,1.2054,3051,0
rep3,1.2055,3052,0
rep3,1.2056,3053,0
rep3,1.2057,3054,0
rep3,1.2057,3055,0
rep3,1.2058,3056,0
rep3,1.2059,3057,0
rep3,1.206,3058,0
rep3,1.2061,3059,0
rep3,1.2061,3060,0
rep3,1.2061,3061,0
rep3,1.2062,3062,0
rep3,1.2063,3063,0
rep3,1.2065,3064,0
rep3,1.2066,3065,0
rep3,1.2068,3066,0
rep3,1.2069,3067,0
rep3,1.207,3068,0
rep3,1.2071,3069,0
rep3,1.2072,3070,0
rep3,1.2074,3071,0
rep3,1.2074,3072,0
rep3,1.2075,3073,0
rep3,1.2075,3074,0
rep3,1.2076,3075,0
rep3,1.2077,3076,0
rep3,1.2078,3077,0
rep3,1.2079,3078,0
rep3,1.208,3079,0
rep3,1.2081,3080,0
rep3,1.2082,3081,0
rep3,1.2082,3082,0
rep3,1.2083,3083,0
rep3,1.2084,3084,0
rep3,1.2085,3085,0
rep3,1.2085,3086,0
rep3,1.2087,3087,0
rep3,1.2088,3088,0
rep3,1.2088,3089,0
rep3,1.2089,3090,0
rep3,1.209,3091,0
rep3,1.209,3092,0
rep3,1.2091,3093,0
rep3,1.2092,3094,0
rep3,1.2094,3095,0
rep3,1.2094,3096,0
rep3,1.2095,3097,0
rep3,1.2096,3098,0
rep3,1.2097,3099,0
rep3,1.2097,3100,0
rep3,1.2098,3101,0
rep3,1.2098,3102,0
rep3,1.2099,3103,0
rep3,1.2101,3104,0
rep3,1.2101,3105,0
rep3,1.2101,3106,0
rep3,1.2101,3107,0
rep3,1.2102,3108,0
rep3,1.2102,3109,0
rep3,1.2103,3110,0
rep3,1.2104,3111,0
rep3,1.2104,3112,0
rep3,1.2105,3113,0
rep3,1.2106,3114,0
rep3,1.2107,3115,0
rep3,1.2109,3116,0
rep3,1.2109,3117,0
rep3,1.211,3118,0
rep3,1.211,3119,0
rep3,1.2111,3120,0
rep3,1.2111,3121,0
rep3,1.2112,3122,0
rep3,1.2112,3123,0
rep3,1.2112,3124,0
rep3,1.2114,3125,0
rep3,1.2114,3126,0
rep3,1.2115,3127,0
rep3,1.2115,3128,0
rep3,1.2116,3129,0
rep3,1.2117,3130,0
rep3,1.2118,3131,0
rep3,1.2119,3132,0
rep3,1.212,3133,0
rep3,1.2121,3134,0
rep3,1.2122,3135,0
rep3,1.2122,3136,0
rep3,1.2122,3137,0
rep3,1.2123,3138,0
rep3,1.2125,3139,0
rep3,1.2126,3140,0
rep3,1.2127,3141,0
rep3,1.2127,3142,0
rep3,1.2127,3143,0
rep3,1.2128,3144,0
rep3,1.2128,3145,0
rep3,1.2129,3146,0
rep3,1.213,3147,0
rep3,1.2131,3148,0
rep3,1.2131,3149,0
rep3,1.2132,3150,0
rep3,1.2132,3151,0
rep3,1.2133,3152,0
rep3,1.2134,3153,0
rep3,1.2135,3154,0
rep3,1.2135,3155,0
rep3,1.2136,3156,0
rep3,1.2138,3157,0
rep3,1.2138,3158,0
rep3,1.214,3159,0
rep3,1.214,3160,0
rep3,1.2141,3161,0
rep3,1.2141,3162,0
rep3,1.2142,3163,0
rep3,1.2143,3164,0
rep3,1.2143,3165,0
rep3,1.2143,3166,0
rep3,1.2144,3167,0
rep3,1.2145,3168,0
rep3,1.2146,3169,0
rep3,1.2146,3170,0
rep3,1.2147,3171,0
rep3,1.2147,3172,0
rep3,1.2149,3173,0
rep3,1.2149,3174,0
rep3,1.215,3175,0
rep3,1.2151,3176,0
rep3,1.2151,3177,0
rep3,1.2152,3178,0
rep3,1.2153,3179,0
rep3,1.2154,3180,0
rep3,1.2154,3181,0
rep3,1.2155,3182,0
rep3,1.2155,3183,0
rep3,1.2155,3184,0
rep3,1.2156,3185,0
rep3,1.2157,3186,0
rep3,1.2158,3187,0
rep3,1.216,3188,0
rep3,1.2164,3189,0
rep3,1.2166,3190,0
rep3,1.2168,3191,0
rep3,1.2169,3192,0
rep3,1.217,3193,0
rep3,1.2172,3194,0
rep3,1.2172,3195,0
rep3,1.2172,3196,0
rep3,1.2173,3197,0
rep3,1.2173,3198,0
rep3,1.2174,3199,0
rep3,1.2174,3200,0
rep3,1.2175,3201,0
rep3,1.2175,3202,0
rep3,1.2176,3203,0
rep3,1.2177,3204,0
rep3,1.2178,3205,0
rep3,1.2178,3206,0
rep3,1.2179,3207,0
rep3,1.2179,3208,0
rep3,1.2181,3209,0
rep3,1.2184,3210,0
rep3,1.2184,3211,0
rep3,1.2185,3212,0
rep3,1.2186,3213,0
rep3,1.2186,3214,0
rep3,1.2187,3215,0
rep3,1.2188,3216,0
rep3,1.2189,3217,0
rep3,1.2189,3218,0
rep3,1.2189,3219,0
rep3,1.219,3220,0
rep3,1.2191,3221,0
rep3,1.2191,3222,0
rep3,1.2192,3223,0
rep3,1.2193,3224,0
rep3,1.2196,3225,0
rep3,1.2196,3226,0
rep3,1.2196,3227,0
rep3,1.2199,3228,0
rep3,1.2199,3229,0
rep3,1.2199,3230,0
rep3,1.22,3231,0
rep3,1.22,3232,0
rep3,1.2202,3233,0
rep3,1.2202,3234,0
rep3,1.2202,3235,0
rep3,1.2202,3236,0
rep3,1.2203,3237,0
rep3,1.2203,3238,0
rep3,1.2204,3239,0
rep3,1.2204,3240,0
rep3,1.2205,3241,0
rep3,1.2206,3242,0
rep3,1.2207,3243,0
rep3,1.2209,3244,0
rep3,1.2209,3245,0
rep3,1.221,3246,0
rep3,1.2211,3247,0
rep3,1.2212,3248,0
rep3,1.2214,3249,0
rep3,1.2214,3250,0
rep3,1.2215,3251,0
rep3,1.2216,3252,0
rep3,1.2217,3253,0
rep3,1.2217,3254,0
rep3,1.2218,3255,0
rep3,1.2218,3256,0
rep3,1.2218,3257,0
rep3,1.2218,3258,0
rep3,1.2218,3259,0
rep3,1.222,3260,0
rep3,1.222,3261,0
rep3,1.222,3262,0
rep3,1.222,3263,0
rep3,1.2221,3264,0
rep3,1.2223,3265,0
rep3,1.2224,3266,0
rep3,1.2224,3267,0
rep3,1.2225,3268,0
rep3,1.2227,3269,0
rep3,1.2227,3270,0
rep3,1.2228,3271,0
rep3,1.2228,3272,0
rep3,1.2229,3273,0
rep3,1.223,3274,0
rep3,1.223,3275,0
rep3,1.223,3276,0
rep3,1.2233,3277,0
rep3,1.2238,3278,0
rep3,1.2239,3279,0
rep3,1.224,3280,0
rep3,1.224,3281,0
rep3,1.2241,3282,0
rep3,1.2241,3283,0
rep3,1.2242,3284,0
rep3,1.2244,3285,0
rep3,1.2244,3286,0
rep3,1.2245,3287,0
rep3,1.2246,3288,0
rep3,1.2247,3289,0
rep3,1.2247,3290,0
rep3,1.2247,3291,0
rep3,1.2248,3292,0
rep3,1.2248,3293,0
rep3,1.2248,3294,0
rep3,1.2249,3295,0
rep3,1.2249,3296,0
rep3,1.225,3297,0
rep3,1.2251,3298,0
rep3,1.2251,3299,0
rep3,1.2251,3300,0
rep3,1.2252,3301,0
rep3,1.2252,3302,0
rep3,1.2253,3303,0
rep3,1.2253,3304,0
rep3,1.2254,3305,0
rep3,1.2255,3306,0
rep3,1.2255,3307,0
rep3,1.2256,3308,0
rep3,1.2257,3309,0
rep3,1.226,3310,0
rep3,1.2262,3311,0
rep3,1.2262,3312,0
rep3,1.2263,3313,0
rep3,1.2264,3314,0
rep3,1.2264,3315,0
rep3,1.2266,3316,0
rep3,1.2267,3317,0
rep3,1.2269,3318,0
rep3,1.2271,3319,0
rep3,1.2271,3320,0
rep3,1.2272,3321,0
rep3,1.2272,3322,0
rep3,1.2273,3323,0
rep3,1.2273,3324,0
rep3,1.2274,3325,0
rep3,1.2275,3326,0
rep3,1.2276,3327,0
rep3,1.2277,3328,0
rep3,1.2277,3329,0
rep3,1.2278,3330,0
rep3,1.2278,3331,0
rep3,1.2278,3332,0
rep3,1.2279,3333,0
rep3,1.2279,3334,0
rep3,1.2281,3335,0
rep3,1.2281,3336,0
rep3,1.2282,3337,0
rep3,1.2282,3338,0
rep3,1.2282,3339,0
rep3,1.2282,3340,0
rep3,1.2283,3341,0
rep3,1.2283,3342,0
rep3,1.2284,3343,0
rep3,1.2287,3344,0
rep3,1.2288,3345,0
rep3,1.2289,3346,0
rep3,1.229,3347,0
rep3,1.229,3348,0
rep3,1.2293,3349,0
rep3,1.2293,3350,0
rep3,1.2294,3351,0
rep3,1.2294,3352,0
rep3,1.2295,3353,0
rep3,1.2295,3354,0
rep3,1.2296,3355,0
rep3,1.2297,3356,0
rep3,1.2297,3357,0
rep3,1.2298,3358,0
rep3,1.2301,3359,0
rep3,1.2301,3360,0
rep3,1.2302,3361,0
rep3,1.2303,3362,0
rep3,1.2304,3363,0
rep3,1.2304,3364,0
rep3,1.2304,3365,0
rep3,1.2306,3366,0
rep3,1.2307,3367,0
rep3,1.2308,3368,0
rep3,1.2308,3369,0
rep3,1.2308,3370,0
rep3,1.2309,3371,0
rep3,1.2312,3372,0
rep3,1.2312,3373,0
rep3,1.2312,3374,0
rep3,1.2313,3375,0
rep3,1.2314,3376,0
rep3,1.2314,3377,0
rep3,1.2314,3378,0
rep3,1.2316,3379,0
rep3,1.2317,3380,0
rep3,1.2317,3381,0
rep3,1.232,3382,0
rep3,1.232,3383,0
rep3,1.2321,3384,0
rep3,1.2322,3385,0
rep3,1.2322,3386,0
rep3,1.2323,3387,0
rep3,1.2324,3388,0
rep3,1.2325,3389,0
rep3,1.2326,3390,0
rep3,1.2326,3391,0
rep3,1.2328,3392,0
rep3,1.2328,3393,0
rep3,1.2329,3394,0
rep3,1.2329,3395,0
rep3,1.2329,3396,0
rep3,1.233,3397,0
rep3,1.2334,3398,0
rep3,1.2335,3399,0
rep3,1.2338,3400,0
rep3,1.2339,3401,0
rep3,1.2339,3402,0
rep3,1.234,3403,0
rep3,1.234,3404,0
rep3,1.2341,3405,0
rep3,1.2341,3406,0
rep3,1.2343,3407,0
rep3,1.2344,3408,0
rep3,1.2344,3409,0
rep3,1.2345,3410,0
rep3,1.2348,3411,0
rep3,1.2349,3412,0
rep3,1.2349,3413,0
rep3,1.2349,3414,0
rep3,1.2351,3415,0
rep3,1.2352,3416,0
rep3,1.2353,3417,0
rep3,1.2355,3418,0
rep3,1.2356,3419,0
rep3,1.2357,3420,0
rep3,1.2358,3421,0
rep3,1.2359,3422,0
rep3,1.2361,3423,0
rep3,1.2361,3424,0
rep3,1.2361,3425,0
rep3,1.2362,3426,0
rep3,1.2362,3427,0
rep3,1.2367,3428,0
rep3,1.2367,3429,0
rep3,1.2368,3430,0
rep3,1.2369,3431,0
rep3,1.2371,3432,0
rep3,1.2371,3433,0
rep3,1.2372,3434,0
rep3,1.2376,3435,0
rep3,1.2376,3436,0
rep3,1.2377,3437,0
rep3,1.2377,3438,0
rep3,1.2379,3439,0
rep3,1.2381,3440,0
rep3,1.2381,3441,0
rep3,1.2381,3442,0
rep3,1.2382,3443,0
rep3,1.2384,3444,0
rep3,1.2384,3445,0
rep3,1.2385,3446,0
rep3,1.2387,3447,0
rep3,1.2387,3448,0
rep3,1.2388,3449,0
rep3,1.239,3450,0
rep3,1.2391,3451,0
rep3,1.2391,3452,0
rep3,1.2391,3453,0
rep3,1.2393,3454,0
rep3,1.2394,3455,0
rep3,1.2394,3456,0
rep3,1.2395,3457,0
rep3,1.2397,3458,0
rep3,1.2398,3459,0
rep3,1.24,3460,0
rep3,1.24,3461,0
rep3,1.2401,3462,0
rep3,1.2401,3463,0
rep3,1.2402,3464,0
rep3,1.2403,3465,0
rep3,1.2404,3466,0
rep3,1.2406,3467,0
rep3,1.2407,3468,0
rep3,1.2408,3469,0
rep3,1.2408,3470,0
rep3,1.2409,3471,0
rep3,1.2409,3472,0
rep3,1.2409,3473,0
rep3,1.241,3474,0
rep3,1.2411,3475,0
rep3,1.2412,3476,0
rep3,1.2414,3477,0
rep3,1.2414,3478,0
rep3,1.2414,3479,0
rep3,1.2416,3480,0
rep3,1.2417,3481,0
rep3,1.2418,3482,0
rep3,1.2418,3483,0
rep3,1.2418,3484,0
rep3,1.2419,3485,0
rep3,1.2419,3486,0
rep3,1.2422,3487,0
rep3,1.2423,3488,0
rep3,1.2425,3489,0
rep3,1.2427,3490,0
rep3,1.243,3491,0
rep3,1.243,3492,0
rep3,1.2431,3493,0
rep3,1.2432,3494,0
rep3,1.2434,3495,0
rep3,1.2434,3496,0
rep3,1.2436,3497,0
rep3,1.2437,3498,0
rep3,1.2438,3499,0
rep3,1.2439,3500,0
rep3,1.2439,3501,0
rep3,1.244,3502,0
rep3,1.2441,3503,0
rep3,1.2442,3504,0
rep3,1.2443,3505,0
rep3,1.2443,3506,0
rep3,1.2444,3507,0
rep3,1.2445,3508,0
rep3,1.2445,3509,0
rep3,1.2445,3510,0
rep3,1.2446,3511,0
rep3,1.2446,3512,0
rep3,1.2446,3513,0
rep3,1.245,3514,0
rep3,1.245,3515,0
rep3,1.245,3516,0
rep3,1.2451,3517,0
rep3,1.2453,3518,0
rep3,1.2454,3519,0
rep3,1.2456,3520,0
rep3,1.2456,3521,0
rep3,1.2457,3522,0
rep3,1.2459,3523,0
rep3,1.2459,3524,0
rep3,1.246,3525,0
rep3,1.246,3526,0
rep3,1.246,3527,0
rep3,1.246,3528,0
rep3,1.246,3529,0
rep3,1.2462,3530,0
rep3,1.2462,3531,0
rep3,1.2463,3532,0
rep3,1.2463,3533,0
rep3,1.2464,3534,0
rep3,1.2464,3535,0
rep3,1.2465,3536,0
rep3,1.2465,3537,0
rep3,1.2467,3538,0
rep3,1.2467,3539,0
rep3,1.2468,3540,0
rep3,1.2469,3541,0
rep3,1.2469,3542,0
rep3,1.2469,3543,0
rep3,1.247,3544,0
rep3,1.2473,3545,0
rep3,1.2473,3546,0
rep3,1.2475,3547,0
rep3,1.2476,3548,0
rep3,1.2476,3549,0
rep3,1.2481,3550,0
rep3,1.2483,3551,0
rep3,1.2483,3552,0
rep3,1.2484,3553,0
rep3,1.2484,3554,0
rep3,1.2484,3555,0
rep3,1.2486,3556,0
rep3,1.2486,3557,0
rep3,1.2487,3558,0
rep3,1.2487,3559,0
rep3,1.2488,3560,0
rep3,1.249,3561,0
rep3,1.2491,3562,0
rep3,1.2491,3563,0
rep3,1.2493,3564,0
rep3,1.2493,3565,0
rep3,1.2493,3566,0
rep3,1.2493,3567,0
rep3,1.2494,3568,0
rep3,1.2495,3569,0
rep3,1.2496,3570,0
rep3,1.2497,3571,0
rep3,1.2497,3572,0
rep3,1.2498,3573,0
rep3,1.2499,3574,0
rep3,1.2499,3575,0
rep3,1.2499,3576,0
rep3,1.25,3577,0
rep3,1.2501,3578,0
rep3,1.2502,3579,0
rep3,1.2505,3580,0
rep3,1.2505,3581,0
rep3,1.2506,3582,0
rep3,1.2507,3583,0
rep3,1.2507,3584,0
rep3,1.2508,3585,0
rep3,1.2512,3586,0
rep3,1.2514,3587,0
rep3,1.2514,3588,0
rep3,1.2518,3589,0
rep3,1.2518,3590,0
rep3,1.252,3591,0
rep3,1.2521,3592,0
rep3,1.2523,3593,0
rep3,1.2523,3594,0
rep3,1.2524,3595,0
rep3,1.2524,3596,0
rep3,1.2525,3597,0
rep3,1.2531,3598,0
rep3,1.2531,3599,0
rep3,1.2531,3600,0
rep3,1.2534,3601,0
rep3,1.2534,3602,0
rep3,1.2535,3603,0
rep3,1.2539,3604,0
rep3,1.254,3605,0
rep3,1.2542,3606,0
rep3,1.2543,3607,0
rep3,1.2545,3608,0
rep3,1.2546,3609,0
rep3,1.2548,3610,0
rep3,1.2549,3611,0
rep3,1.2549,3612,0
rep3,1.2549,3613,0
rep3,1.2549,3614,0
rep3,1.2551,3615,0
rep3,1.2551,3616,0
rep3,1.2551,3617,0
rep3,1.2552,3618,0
rep3,1.2553,3619,0
rep3,1.2553,3620,0
rep3,1.2554,3621,0
rep3,1.2554,3622,0
rep3,1.2555,3623,0
rep3,1.2556,3624,0
rep3,1.2556,3625,0
rep3,1.2557,3626,0
rep3,1.2557,3627,0
rep3,1.2557,3628,0
rep3,1.2558,3629,0
rep3,1.2558,3630,0
rep3,1.2558,3631,0
rep3,1.2559,3632,0
rep3,1.256,3633,0
rep3,1.2563,3634,0
rep3,1.2564,3635,0
rep3,1.2565,3636,0
rep3,1.2565,3637,0
rep3,1.2567,3638,0
rep3,1.2568,3639,0
rep3,1.2568,3640,0
rep3,1.2568,3641,0
rep3,1.2569,3642,0
rep3,1.2571,3643,0
rep3,1.2571,3644,0
rep3,1.2572,3645,0
rep3,1.2572,3646,0
rep3,1.2574,3647,0
rep3,1.2574,3648,0
rep3,1.2579,3649,0
rep3,1.258,3650,0
rep3,1.258,3651,0
rep3,1.2581,3652,0
rep3,1.2582,3653,0
rep3,1.2583,3654,0
rep3,1.2583,3655,0
rep3,1.2583,3656,0
rep3,1.2584,3657,0
rep3,1.2585,3658,0
rep3,1.2585,3659,0
rep3,1.2587,3660,0
rep3,1.2588,3661,0
rep3,1.259,3662,0
rep3,1.259,3663,0
rep3,1.2592,3664,0
rep3,1.2593,3665,0
rep3,1.2593,3666,0
rep3,1.2593,3667,0
rep3,1.2594,3668,0
rep3,1.2595,3669,0
rep3,1.2596,3670,0
rep3,1.2598,3671,0
rep3,1.2599,3672,0
rep3,1.2601,3673,0
rep3,1.2602,3674,0
rep3,1.2605,3675,0
rep3,1.2605,3676,0
rep3,1.2605,3677,0
rep3,1.2607,3678,0
rep3,1.2612,3679,0
rep3,1.2613,3680,0
rep3,1.2615,3681,0
rep3,1.2616,3682,0
rep3,1.2617,3683,0
rep3,1.2617,3684,0
rep3,1.2617,3685,0
rep3,1.2621,3686,0
rep3,1.2622,3687,0
rep3,1.2622,3688,0
rep3,1.2623,3689,0
rep3,1.2623,3690,0
rep3,1.2623,3691,0
rep3,1.2628,3692,0
rep3,1.2628,3693,0
rep3,1.2631,3694,0
rep3,1.2631,3695,0
rep3,1.2632,3696,0
rep3,1.2633,3697,0
rep3,1.2633,3698,0
rep3,1.2634,3699,0
rep3,1.2634,3700,0
rep3,1.2636,3701,0
rep3,1.2637,3702,0
rep3,1.264,3703,0
rep3,1.264,3704,0
rep3,1.2641,3705,0
rep3,1.2642,3706,0
rep3,1.2642,3707,0
rep3,1.2643,3708,0
rep3,1.2644,3709,0
rep3,1.2644,3710,0
rep3,1.2644,3711,0
rep3,1.2645,3712,0
rep3,1.2646,3713,0
rep3,1.2647,3714,0
rep3,1.2647,3715,0
rep3,1.2647,3716,0
rep3,1.2649,3717,0
rep3,1.2649,3718,0
rep3,1.2652,3719,0
rep3,1.2654,3720,0
rep3,1.2655,3721,0
rep3,1.2655,3722,0
rep3,1.2656,3723,0
rep3,1.2656,3724,0
rep3,1.2657,3725,0
rep3,1.2658,3726,0
rep3,1.2658,3727,0
rep3,1.2659,3728,0
rep3,1.2659,3729,0
rep3,1.266,3730,0
rep3,1.2661,3731,0
rep3,1.2663,3732,0
rep3,1.2664,3733,0
rep3,1.2664,3734,0
rep3,1.2665,3735,0
rep3,1.2666,3736,0
rep3,1.2668,3737,0
rep3,1.2668,3738,0
rep3,1.2668,3739,0
rep3,1.2669,3740,0
rep3,1.2669,3741,0
rep3,1.2669,3742,0
rep3,1.2669,3743,0
rep3,1.267,3744,0
rep3,1.2671,3745,0
rep3,1.2672,3746,0
rep3,1.2674,3747,0
rep3,1.2674,3748,0
rep3,1.2675,3749,0
rep3,1.2676,3750,0
rep3,1.2676,3751,0
rep3,1.2677,3752,0
rep3,1.2679,3753,0
rep3,1.268,3754,0
rep3,1.2682,3755,0
rep3,1.2683,3756,0
rep3,1.2683,3757,0
rep3,1.2686,3758,0
rep3,1.2687,3759,0
rep3,1.2689,3760,0
rep3,1.2692,3761,0
rep3,1.2692,3762,0
rep3,1.2692,3763,0
rep3,1.2694,3764,0
rep3,1.2694,3765,0
rep3,1.2696,3766,0
rep3,1.2696,3767,0
rep3,1.2697,3768,0
rep3,1.2697,3769,0
rep3,1.27,3770,0
rep3,1.27,3771,0
rep3,1.27,3772,0
rep3,1.2701,3773,0
rep3,1.2702,3774,0
rep3,1.2702,3775,0
rep3,1.2702,3776,0
rep3,1.2702,3777,0
rep3,1.2703,3778,0
rep3,1.2703,3779,0
rep3,1.2703,3780,0
rep3,1.2703,3781,0
rep3,1.2704,3782,0
rep3,1.2705,3783,0
rep3,1.2705,3784,0
rep3,1.2706,3785,0
rep3,1.2707,3786,0
rep3,1.2707,3787,0
rep3,1.2708,3788,0
rep3,1.2709,3789,0
rep3,1.2711,3790,0
rep3,1.2713,3791,0
rep3,1.2713,3792,0
rep3,1.2715,3793,0
rep3,1.2715,3794,0
rep3,1.2716,3795,0
rep3,1.2716,3796,0
rep3,1.2717,3797,0
rep3,1.2717,3798,0
rep3,1.2719,3799,0
rep3,1.2722,3800,0
rep3,1.2722,3801,0
rep3,1.2724,3802,0
rep3,1.2726,3803,0
rep3,1.2726,3804,0
rep3,1.2726,3805,0
rep3,1.2728,3806,0
rep3,1.2728,3807,0
rep3,1.2729,3808,0
rep3,1.2729,3809,0
rep3,1.2729,3810,0
rep3,1.2731,3811,0
rep3,1.2734,3812,0
rep3,1.2734,3813,0
rep3,1.2734,3814,0
rep3,1.2735,3815,0
rep3,1.2735,3816,0
rep3,1.2736,3817,0
rep3,1.2736,3818,0
rep3,1.2736,3819,0
rep3,1.2736,3820,0
rep3,1.2737,3821,0
rep3,1.2738,3822,0
rep3,1.2739,3823,0
rep3,1.2739,3824,0
rep3,1.2739,3825,0
rep3,1.2739,3826,0
rep3,1.274,3827,0
rep3,1.2741,3828,0
rep3,1.2741,3829,0
rep3,1.2742,3830,0
rep3,1.2743,3831,0
rep3,1.2744,3832,0
rep3,1.2744,3833,0
rep3,1.2745,3834,0
rep3,1.2748,3835,0
rep3,1.2748,3836,0
rep3,1.275,3837,0
rep3,1.2751,3838,0
rep3,1.2751,3839,0
rep3,1.2752,3840,0
rep3,1.2754,3841,0
rep3,1.2755,3842,0
rep3,1.2755,3843,0
rep3,1.2756,3844,0
rep3,1.2757,3845,0
rep3,1.2759,3846,0
rep3,1.276,3847,0
rep3,1.2761,3848,0
rep3,1.2762,3849,0
rep3,1.2762,3850,0
rep3,1.2763,3851,0
rep3,1.2763,3852,0
rep3,1.2764,3853,0
rep3,1.2764,3854,0
rep3,1.2765,3855,0
rep3,1.2765,3856,0
rep3,1.2765,3857,0
rep3,1.2767,3858,0
rep3,1.2768,3859,0
rep3,1.2768,3860,0
rep3,1.2769,3861,0
rep3,1.2769,3862,0
rep3,1.2769,3863,0
rep3,1.2769,3864,0
rep3,1.2771,3865,0
rep3,1.2772,3866,0
rep3,1.2773,3867,0
rep3,1.2776,3868,0
rep3,1.2777,3869,0
rep3,1.2779,3870,0
rep3,1.2779,3871,0
rep3,1.278,3872,0
rep3,1.278,3873,0
rep3,1.278,3874,0
rep3,1.2781,3875,0
rep3,1.2781,3876,0
rep3,1.2781,3877,0
rep3,1.2781,3878,0
rep3,1.2784,3879,0
rep3,1.2786,3880,0
rep3,1.2787,3881,0
rep3,1.2787,3882,0
rep3,1.2789,3883,0
rep3,1.279,3884,0
rep3,1.2791,3885,0
rep3,1.2792,3886,0
rep3,1.2795,3887,0
rep3,1.2795,3888,0
rep3,1.2797,3889,0
rep3,1.2798,3890,0
rep3,1.2799,3891,0
rep3,1.2799,3892,0
rep3,1.2799,3893,0
rep3,1.28,3894,0
rep3,1.2801,3895,0
rep3,1.2803,3896,0
rep3,1.2806,3897,0
rep3,1.2806,3898,0
rep3,1.2807,3899,0
rep3,1.2808,3900,0
rep3,1.2808,3901,0
rep3,1.2809,3902,0
rep3,1.2809,3903,0
rep3,1.281,3904,0
rep3,1.2811,3905,0
rep3,1.2812,3906,0
rep3,1.2814,3907,0
rep3,1.2814,3908,0
rep3,1.2816,3909,0
rep3,1.2816,3910,0
rep3,1.2816,3911,0
rep3,1.2817,3912,0
rep3,1.282,3913,0
rep3,1.2822,3914,0
rep3,1.2823,3915,0
rep3,1.2824,3916,0
rep3,1.2824,3917,0
rep3,1.2825,3918,0
rep3,1.2825,3919,0
rep3,1.2826,3920,0
rep3,1.2828,3921,0
rep3,1.2829,3922,0
rep3,1.2829,3923,0
rep3,1.2831,3924,0
rep3,1.2834,3925,0
rep3,1.2834,3926,0
rep3,1.2837,3927,0
rep3,1.2838,3928,0
rep3,1.2838,3929,0
rep3,1.2838,3930,0
rep3,1.2839,3931,0
rep3,1.2841,3932,0
rep3,1.2841,3933,0
rep3,1.2842,3934,0
rep3,1.2842,3935,0
rep3,1.2843,3936,0
rep3,1.2843,3937,0
rep3,1.2845,3938,0
rep3,1.2846,3939,0
rep3,1.2846,3940,0
rep3,1.2847,3941,0
rep3,1.2847,3942,0
rep3,1.2848,3943,0
rep3,1.2848,3944,0
rep3,1.2849,3945,0
rep3,1.285,3946,0
rep3,1.2852,3947,0
rep3,1.2853,3948,0
rep3,1.2855,3949,0
rep3,1.2856,3950,0
rep3,1.2858,3951,0
rep3,1.286,3952,0
rep3,1.2861,3953,0
rep3,1.2861,3954,0
rep3,1.2861,3955,0
rep3,1.2863,3956,0
rep3,1.2864,3957,0
rep3,1.2864,3958,0
rep3,1.2865,3959,0
rep3,1.2865,3960,0
rep3,1.2866,3961,0
rep3,1.2867,3962,0
rep3,1.2869,3963,0
rep3,1.287,3964,0
rep3,1.2871,3965,0
rep3,1.2871,3966,0
rep3,1.2872,3967,0
rep3,1.2872,3968,0
rep3,1.2874,3969,0
rep3,1.2875,3970,0
rep3,1.2876,3971,0
rep3,1.2877,3972,0
rep3,1.288,3973,0
rep3,1.2881,3974,0
rep3,1.2882,3975,0
rep3,1.2884,3976,0
rep3,1.2886,3977,0
rep3,1.2887,3978,0
rep3,1.2887,3979,0
rep3,1.2889,3980,0
rep3,1.2891,3981,0
rep3,1.2893,3982,0
rep3,1.2893,3983,0
rep3,1.2893,3984,0
rep3,1.2895,3985,0
rep3,1.2895,3986,0
rep3,1.2895,3987,0
rep3,1.2895,3988,0
rep3,1.2898,3989,0
rep3,1.2899,3990,0
rep3,1.2901,3991,0
rep3,1.2901,3992,0
rep3,1.2902,3993,0
rep3,1.2905,3994,0
rep3,1.2905,3995,0
rep3,1.2907,3996,0
rep3,1.2909,3997,0
rep3,1.2909,3998,0
rep3,1.2912,3999,0
rep3,1.2912,4000,0
rep3,1.2914,4001,0
rep3,1.2915,4002,0
rep3,1.2916,4003,0
rep3,1.2916,4004,0
rep3,1.2919,4005,0
rep3,1.292,4006,0
rep3,1.2922,4007,0
rep3,1.2923,4008,0
rep3,1.2924,4009,0
rep3,1.2925,4010,0
rep3,1.2925,4011,0
rep3,1.2927,4012,0
rep3,1.293,4013,0
rep3,1.2931,4014,0
rep3,1.2932,4015,0
rep3,1.2933,4016,0
rep3,1.2934,4017,0
rep3,1.2935,4018,0
rep3,1.2936,4019,0
rep3,1.2938,4020,0
rep3,1.2939,4021,0
rep3,1.2941,4022,0
rep3,1.2941,4023,0
rep3,1.2943,4024,0
rep3,1.2944,4025,0
rep3,1.2945,4026,0
rep3,1.2945,4027,0
rep3,1.2946,4028,0
rep3,1.2946,4029,0
rep3,1.2947,4030,0
rep3,1.2949,4031,0
rep3,1.2949,4032,0
rep3,1.2951,4033,0
rep3,1.2952,4034,0
rep3,1.2953,4035,0
rep3,1.2957,4036,0
rep3,1.2957,4037,0
rep3,1.2957,4038,0
rep3,1.2958,4039,0
rep3,1.2959,4040,0
rep3,1.296,4041,0
rep3,1.2962,4042,0
rep3,1.2963,4043,0
rep3,1.2964,4044,0
rep3,1.2966,4045,0
rep3,1.2967,4046,0
rep3,1.2972,4047,0
rep3,1.2973,4048,0
rep3,1.2975,4049,0
rep3,1.2977,4050,0
rep3,1.2977,4051,0
rep3,1.2977,4052,0
rep3,1.298,4053,0
rep3,1.2982,4054,0
rep3,1.2983,4055,0
rep3,1.2988,4056,0
rep3,1.2988,4057,0
rep3,1.299,4058,0
rep3,1.299,4059,0
rep3,1.2991,4060,0
rep3,1.2992,4061,0
rep3,1.2992,4062,0
rep3,1.2993,4063,0
rep3,1.2994,4064,0
rep3,1.2996,4065,0
rep3,1.2997,4066,0
rep3,1.2997,4067,0
rep3,1.2997,4068,0
rep3,1.2998,4069,0
rep3,1.3,4070,0
rep3,1.3,4071,0
rep3,1.3,4072,0
rep3,1.3,4073,0
rep3,1.3003,4074,0
rep3,1.3005,4075,0
rep3,1.3006,4076,0
rep3,1.3008,4077,0
rep3,1.3014,4078,0
rep3,1.3015,4079,0
rep3,1.3017,4080,0
rep3,1.3017,4081,0
rep3,1.302,4082,0
rep3,1.3022,4083,0
rep3,1.3023,4084,0
rep3,1.3024,4085,0
rep3,1.3026,4086,0
rep3,1.3029,4087,0
rep3,1.3029,4088,0
rep3,1.3029,4089,0
rep3,1.3032,4090,0
rep3,1.3033,4091,0
rep3,1.3033,4092,0
rep3,1.3034,4093,0
rep3,1.3035,4094,0
rep3,1.3035,4095,0
rep3,1.3038,4096,0
rep3,1.3039,4097,0
rep3,1.304,4098,0
rep3,1.3042,4099,0
rep3,1.3044,4100,0
rep3,1.3045,4101,0
rep3,1.3047,4102,0
rep3,1.3048,4103,0
rep3,1.3051,4104,0
rep3,1.3052,4105,0
rep3,1.3053,4106,0
rep3,1.3054,4107,0
rep3,1.3055,4108,0
rep3,1.3055,4109,0
rep3,1.3058,4110,0
rep3,1.3059,4111,0
rep3,1.306,4112,0
rep3,1.3061,4113,0
rep3,1.3062,4114,0
rep3,1.3064,4115,0
rep3,1.3066,4116,0
rep3,1.3067,4117,0
rep3,1.307,4118,0
rep3,1.3072,4119,0
rep3,1.3073,4120,0
rep3,1.3074,4121,0
rep3,1.3075,4122,0
rep3,1.3075,4123,0
rep3,1.3083,4124,0
rep3,1.3084,4125,0
rep3,1.3086,4126,0
rep3,1.3089,4127,0
rep3,1.3091,4128,0
rep3,1.3092,4129,0
rep3,1.3092,4130,0
rep3,1.3094,4131,0
rep3,1.3095,4132,0
rep3,1.3096,4133,0
rep3,1.3098,4134,0
rep3,1.31,4135,0
rep3,1.31,4136,0
rep3,1.3101,4137,0
rep3,1.3102,4138,0
rep3,1.3102,4139,0
rep3,1.3103,4140,0
rep3,1.3103,4141,0
rep3,1.3103,4142,0
rep3,1.3103,4143,0
rep3,1.3104,4144,0
rep3,1.3107,4145,0
rep3,1.3109,4146,0
rep3,1.3111,4147,0
rep3,1.3112,4148,0
rep3,1.3112,4149,0
rep3,1.3114,4150,0
rep3,1.3114,4151,0
rep3,1.3114,4152,0
rep3,1.3117,4153,0
rep3,1.3118,4154,0
rep3,1.3118,4155,0
rep3,1.3119,4156,0
rep3,1.3122,4157,0
rep3,1.3122,4158,0
rep3,1.3125,4159,0
rep3,1.3129,4160,0
rep3,1.3129,4161,0
rep3,1.313,4162,0
rep3,1.3132,4163,0
rep3,1.3132,4164,0
rep3,1.3135,4165,0
rep3,1.3135,4166,0
rep3,1.3138,4167,0
rep3,1.3138,4168,0
rep3,1.3139,4169,0
rep3,1.314,4170,0
rep3,1.314,4171,0
rep3,1.3141,4172,0
rep3,1.3142,4173,0
rep3,1.3145,4174,0
rep3,1.3145,4175,0
rep3,1.3146,4176,0
rep3,1.3146,4177,0
rep3,1.3148,4178,0
rep3,1.3148,4179,0
rep3,1.3149,4180,0
rep3,1.3149,4181,0
rep3,1.3149,4182,0
rep3,1.315,4183,0
rep3,1.3151,4184,0
rep3,1.3151,4185,0
rep3,1.3153,4186,0
rep3,1.3156,4187,0
rep3,1.3161,4188,0
rep3,1.3161,4189,0
rep3,1.3162,4190,0
rep3,1.3163,4191,0
rep3,1.3164,4192,0
rep3,1.3166,4193,0
rep3,1.3169,4194,0
rep3,1.317,4195,0
rep3,1.3171,4196,0
rep3,1.3171,4197,0
rep3,1.3172,4198,0
rep3,1.3175,4199,0
rep3,1.3175,4200,0
rep3,1.3177,4201,0
rep3,1.3177,4202,0
rep3,1.3179,4203,0
rep3,1.3184,4204,0
rep3,1.3184,4205,0
rep3,1.3186,4206,0
rep3,1.3188,4207,0
rep3,1.3189,4208,0
rep3,1.3192,4209,0
rep3,1.3193,4210,0
rep3,1.3193,4211,0
rep3,1.3193,4212,0
rep3,1.3194,4213,0
rep3,1.3194,4214,0
rep3,1.3197,4215,0
rep3,1.3198,4216,0
rep3,1.3199,4217,0
rep3,1.3201,4218,0
rep3,1.3201,4219,0
rep3,1.3201,4220,0
rep3,1.3203,4221,0
rep3,1.3208,4222,0
rep3,1.3213,4223,0
rep3,1.3214,4224,0
rep3,1.3214,4225,0
rep3,1.3214,4226,0
rep3,1.3214,4227,0
rep3,1.3221,4228,0
rep3,1.3223,4229,0
rep3,1.3224,4230,0
rep3,1.3226,4231,0
rep3,1.3227,4232,0
rep3,1.3227,4233,0
rep3,1.3228,4234,0
rep3,1.3234,4235,0
rep3,1.3235,4236,0
rep3,1.3235,4237,0
rep3,1.3236,4238,0
rep3,1.3238,4239,0
rep3,1.3239,4240,0
rep3,1.3243,4241,0
rep3,1.3244,4242,0
rep3,1.3244,4243,0
rep3,1.3244,4244,0
rep3,1.3248,4245,0
rep3,1.3248,4246,0
rep3,1.3248,4247,0
rep3,1.3254,4248,0
rep3,1.3257,4249,0
rep3,1.326,4250,0
rep3,1.3262,4251,0
rep3,1.3264,4252,0
rep3,1.3264,4253,0
rep3,1.3265,4254,0
rep3,1.3265,4255,0
rep3,1.3267,4256,0
rep3,1.3267,4257,0
rep3,1.3268,4258,0
rep3,1.3269,4259,0
rep3,1.3271,4260,0
rep3,1.3272,4261,0
rep3,1.3273,4262,0
rep3,1.3273,4263,0
rep3,1.3274,4264,0
rep3,1.3275,4265,0
rep3,1.3275,4266,0
rep3,1.3277,4267,0
rep3,1.3277,4268,0
rep3,1.3278,4269,0
rep3,1.3279,4270,0
rep3,1.328,4271,0
rep3,1.3282,4272,0
rep3,1.3283,4273,0
rep3,1.3283,4274,0
rep3,1.3284,4275,0
rep3,1.3286,4276,0
rep3,1.3287,4277,0
rep3,1.3288,4278,0
rep3,1.3288,4279,0
rep3,1.3292,4280,0
rep3,1.3293,4281,0
rep3,1.3295,4282,0
rep3,1.3299,4283,0
rep3,1.33,4284,0
rep3,1.3301,4285,0
rep3,1.3302,4286,0
rep3,1.3303,4287,0
rep3,1.3306,4288,0
rep3,1.3309,4289,0
rep3,1.331,4290,0
rep3,1.3312,4291,0
rep3,1.3316,4292,0
rep3,1.3318,4293,0
rep3,1.332,4294,0
rep3,1.3324,4295,0
rep3,1.3325,4296,0
rep3,1.3327,4297,0
rep3,1.3328,4298,0
rep3,1.3328,4299,0
rep3,1.3329,4300,0
rep3,1.333,4301,0
rep3,1.3332,4302,0
rep3,1.3333,4303,0
rep3,1.3335,4304,0
rep3,1.3338,4305,0
rep3,1.3339,4306,0
rep3,1.3343,4307,0
rep3,1.3343,4308,0
rep3,1.3344,4309,0
rep3,1.3348,4310,0
rep3,1.3348,4311,0
rep3,1.3349,4312,0
rep3,1.335,4313,0
rep3,1.3351,4314,0
rep3,1.3351,4315,0
rep3,1.3352,4316,0
rep3,1.3352,4317,0
rep3,1.3353,4318,0
rep3,1.3354,4319,0
rep3,1.3357,4320,0
rep3,1.3359,4321,0
rep3,1.336,4322,0
rep3,1.3362,4323,0
rep3,1.3371,4324,0
rep3,1.3371,4325,0
rep3,1.3373,4326,0
rep3,1.3373,4327,0
rep3,1.3374,4328,0
rep3,1.3377,4329,0
rep3,1.3378,4330,0
rep3,1.3381,4331,0
rep3,1.3382,4332,0
rep3,1.3386,4333,0
rep3,1.3389,4334,0
rep3,1.3389,4335,0
rep3,1.339,4336,0
rep3,1.3394,4337,0
rep3,1.34,4338,0
rep3,1.34,4339,0
rep3,1.3401,4340,0
rep3,1.3402,4341,0
rep3,1.3403,4342,0
rep3,1.3404,4343,0
rep3,1.3405,4344,0
rep3,1.3406,4345,0
rep3,1.3408,4346,0
rep3,1.3409,4347,0
rep3,1.3413,4348,0
rep3,1.3415,4349,0
rep3,1.3416,4350,0
rep3,1.3416,4351,0
rep3,1.3419,4352,0
rep3,1.342,4353,0
rep3,1.3421,4354,0
rep3,1.3423,4355,0
rep3,1.3425,4356,0
rep3,1.3429,4357,0
rep3,1.343,4358,0
rep3,1.3431,4359,0
rep3,1.3432,4360,0
rep3,1.3432,4361,0
rep3,1.3433,4362,0
rep3,1.3434,4363,0
rep3,1.3437,4364,0
rep3,1.3437,4365,0
rep3,1.3438,4366,0
rep3,1.3439,4367,0
rep3,1.3445,4368,0
rep3,1.3445,4369,0
rep3,1.3445,4370,0
rep3,1.3449,4371,0
rep3,1.3449,4372,0
rep3,1.345,4373,0
rep3,1.345,4374,0
rep3,1.3452,4375,0
rep3,1.3452,4376,0
rep3,1.3453,4377,0
rep3,1.3457,4378,0
rep3,1.3458,4379,0
rep3,1.3459,4380,0
rep3,1.346,4381,0
rep3,1.3461,4382,0
rep3,1.3461,4383,0
rep3,1.3463,4384,0
rep3,1.3463,4385,0
rep3,1.347,4386,0
rep3,1.3473,4387,0
rep3,1.3474,4388,0
rep3,1.3477,4389,0
rep3,1.3477,4390,0
rep3,1.3478,4391,0
rep3,1.3479,4392,0
rep3,1.348,4393,0
rep3,1.3481,4394,0
rep3,1.3483,4395,0
rep3,1.3483,4396,0
rep3,1.3483,4397,0
rep3,1.3484,4398,0
rep3,1.3484,4399,0
rep3,1.3485,4400,0
rep3,1.3485,4401,0
rep3,1.3486,4402,0
rep3,1.3489,4403,0
rep3,1.3492,4404,0
rep3,1.3492,4405,0
rep3,1.3493,4406,0
rep3,1.3494,4407,0
rep3,1.3494,4408,0
rep3,1.3494,4409,0
rep3,1.3495,4410,0
rep3,1.35,4411,0
rep3,1.3502,4412,0
rep3,1.3502,4413,0
rep3,1.3508,4414,0
rep3,1.3508,4415,0
rep3,1.351,4416,0
rep3,1.3511,4417,0
rep3,1.3512,4418,0
rep3,1.3513,4419,0
rep3,1.3516,4420,0
rep3,1.3516,4421,0
rep3,1.3517,4422,0
rep3,1.3518,4423,0
rep3,1.3521,4424,0
rep3,1.3521,4425,0
rep3,1.3521,4426,0
rep3,1.3523,4427,0
rep3,1.3527,4428,0
rep3,1.3527,4429,0
rep3,1.3529,4430,0
rep3,1.3532,4431,0
rep3,1.3534,4432,0
rep3,1.3536,4433,0
rep3,1.3539,4434,0
rep3,1.354,4435,0
rep3,1.3542,4436,0
rep3,1.3542,4437,0
rep3,1.3543,4438,0
rep3,1.3544,4439,0
rep3,1.3552,4440,0
rep3,1.3553,4441,0
rep3,1.3553,4442,0
rep3,1.3553,4443,0
rep3,1.3554,4444,0
rep3,1.3559,4445,0
rep3,1.3568,4446,0
rep3,1.3568,4447,0
rep3,1.3569,4448,0
rep3,1.357,4449,0
rep3,1.3572,4450,0
rep3,1.3574,4451,0
rep3,1.3577,4452,0
rep3,1.3582,4453,0
rep3,1.3583,4454,0
rep3,1.3584,4455,0
rep3,1.3586,4456,0
rep3,1.3594,4457,0
rep3,1.3595,4458,0
rep3,1.3599,4459,0
rep3,1.3602,4460,0
rep3,1.3603,4461,0
rep3,1.3604,4462,0
rep3,1.3606,4463,0
rep3,1.3608,4464,0
rep3,1.3609,4465,0
rep3,1.361,4466,0
rep3,1.361,4467,0
rep3,1.3613,4468,0
rep3,1.3615,4469,0
rep3,1.3615,4470,0
rep3,1.3616,4471,0
rep3,1.3617,4472,0
rep3,1.3618,4473,0
rep3,1.3618,4474,0
rep3,1.3619,4475,0
rep3,1.362,4476,0
rep3,1.3622,4477,0
rep3,1.3623,4478,0
rep3,1.3623,4479,0
rep3,1.3624,4480,0
rep3,1.3626,4481,0
rep3,1.3627,4482,0
rep3,1.3634,4483,0
rep3,1.3636,4484,0
rep3,1.3637,4485,0
rep3,1.3638,4486,0
rep3,1.3638,4487,0
rep3,1.3639,4488,0
rep3,1.3642,4489,0
rep3,1.3646,4490,0
rep3,1.365,4491,0
rep3,1.3651,4492,0
rep3,1.3652,4493,0
rep3,1.3655,4494,0
rep3,1.3657,4495,0
rep3,1.3658,4496,0
rep3,1.366,4497,0
rep3,1.3662,4498,0
rep3,1.3663,4499,0
rep3,1.3664,4500,0
rep3,1.3664,4501,0
rep3,1.3667,4502,0
rep3,1.3671,4503,0
rep3,1.3675,4504,0
rep3,1.3683,4505,0
rep3,1.3684,4506,0
rep3,1.3684,4507,0
rep3,1.3684,4508,0
rep3,1.3684,4509,0
rep3,1.3685,4510,0
rep3,1.3687,4511,0
rep3,1.3691,4512,0
rep3,1.3695,4513,0
rep3,1.3698,4514,0
rep3,1.3699,4515,0
rep3,1.3699,4516,0
rep3,1.3699,4517,0
rep3,1.3699,4518,0
rep3,1.37,4519,0
rep3,1.37,4520,0
rep3,1.3703,4521,0
rep3,1.3704,4522,0
rep3,1.3708,4523,0
rep3,1.3709,4524,0
rep3,1.3711,4525,0
rep3,1.3717,4526,0
rep3,1.3718,4527,0
rep3,1.3719,4528,0
rep3,1.3721,4529,0
rep3,1.3721,4530,0
rep3,1.3728,4531,0
rep3,1.3731,4532,0
rep3,1.3736,4533,0
rep3,1.3738,4534,0
rep3,1.3738,4535,0
rep3,1.374,4536,0
rep3,1.374,4537,0
rep3,1.3743,4538,0
rep3,1.3749,4539,0
rep3,1.375,4540,0
rep3,1.3752,4541,0
rep3,1.376,4542,0
rep3,1.3761,4543,0
rep3,1.3765,4544,0
rep3,1.3769,4545,0
rep3,1.377,4546,0
rep3,1.3774,4547,0
rep3,1.3774,4548,0
rep3,1.3776,4549,0
rep3,1.3778,4550,0
rep3,1.3783,4551,0
rep3,1.3784,4552,0
rep3,1.3785,4553,0
rep3,1.3785,4554,0
rep3,1.3785,4555,0
rep3,1.3787,4556,0
rep3,1.3789,4557,0
rep3,1.3792,4558,0
rep3,1.3792,4559,0
rep3,1.3794,4560,0
rep3,1.3795,4561,0
rep3,1.3798,4562,0
rep3,1.3799,4563,0
rep3,1.3799,4564,0
rep3,1.38,4565,0
rep3,1.3801,4566,0
rep3,1.3802,4567,0
rep3,1.3802,4568,0
rep3,1.3802,4569,0
rep3,1.3802,4570,0
rep3,1.3805,4571,0
rep3,1.3805,4572,0
rep3,1.3807,4573,0
rep3,1.381,4574,0
rep3,1.3811,4575,0
rep3,1.3811,4576,0
rep3,1.3816,4577,0
rep3,1.382,4578,0
rep3,1.3824,4579,0
rep3,1.3833,4580,0
rep3,1.384,4581,0
rep3,1.3844,4582,0
rep3,1.3845,4583,0
rep3,1.3845,4584,0
rep3,1.3846,4585,0
rep3,1.385,4586,0
rep3,1.3852,4587,0
rep3,1.3857,4588,0
rep3,1.3858,4589,0
rep3,1.386,4590,0
rep3,1.3864,4591,0
rep3,1.3869,4592,0
rep3,1.387,4593,0
rep3,1.387,4594,0
rep3,1.387,4595,0
rep3,1.3872,4596,0
rep3,1.3876,4597,0
rep3,1.3877,4598,0
rep3,1.3879,4599,0
rep3,1.3881,4600,0
rep3,1.3887,4601,0
rep3,1.3889,4602,0
rep3,1.3891,4603,0
rep3,1.3892,4604,0
rep3,1.3892,4605,0
rep3,1.3895,4606,0
rep3,1.3897,4607,0
rep3,1.3897,4608,0
rep3,1.3898,4609,0
rep3,1.3898,4610,0
rep3,1.3899,4611,0
rep3,1.3902,4612,0
rep3,1.3903,4613,0
rep3,1.3903,4614,0
rep3,1.3904,4615,0
rep3,1.3905,4616,0
rep3,1.3905,4617,0
rep3,1.3908,4618,0
rep3,1.391,4619,0
rep3,1.3911,4620,0
rep3,1.3912,4621,0
rep3,1.3916,4622,0
rep3,1.3916,4623,0
rep3,1.3917,4624,0
rep3,1.3917,4625,0
rep3,1.3927,4626,0
rep3,1.3933,4627,0
rep3,1.3934,4628,0
rep3,1.3935,4629,0
rep3,1.3936,4630,0
rep3,1.3937,4631,0
rep3,1.3938,4632,0
rep3,1.3939,4633,0
rep3,1.3942,4634,0
rep3,1.3943,4635,0
rep3,1.3944,4636,0
rep3,1.3947,4637,0
rep3,1.3952,4638,0
rep3,1.3955,4639,0
rep3,1.3957,4640,0
rep3,1.396,4641,0
rep3,1.3967,4642,0
rep3,1.3973,4643,0
rep3,1.3975,4644,0
rep3,1.3979,4645,0
rep3,1.3982,4646,0
rep3,1.3983,4647,0
rep3,1.3986,4648,0
rep3,1.3996,4649,0
rep3,1.3997,4650,0
rep3,1.4,4651,0
rep3,1.4004,4652,0
rep3,1.4008,4653,0
rep3,1.4027,4654,0
rep3,1.403,4655,0
rep3,1.4032,4656,0
rep3,1.4034,4657,0
rep3,1.4037,4658,0
rep3,1.404,4659,0
rep3,1.4041,4660,0
rep3,1.4043,4661,0
rep3,1.4043,4662,0
rep3,1.4048,4663,0
rep3,1.4049,4664,0
rep3,1.4056,4665,0
rep3,1.4056,4666,0
rep3,1.4057,4667,0
rep3,1.4058,4668,0
rep3,1.4064,4669,0
rep3,1.4068,4670,0
rep3,1.4072,4671,0
rep3,1.4073,4672,0
rep3,1.4077,4673,0
rep3,1.4078,4674,0
rep3,1.4088,4675,0
rep3,1.4091,4676,0
rep3,1.4093,4677,0
rep3,1.4094,4678,0
rep3,1.4096,4679,0
rep3,1.4097,4680,0
rep3,1.4097,4681,0
rep3,1.4099,4682,0
rep3,1.4101,4683,0
rep3,1.4107,4684,0
rep3,1.4108,4685,0
rep3,1.4113,4686,0
rep3,1.4114,4687,0
rep3,1.4115,4688,0
rep3,1.4116,4689,0
rep3,1.412,4690,0
rep3,1.4122,4691,0
rep3,1.4124,4692,0
rep3,1.4125,4693,0
rep3,1.4126,4694,0
rep3,1.4126,4695,0
rep3,1.413,4696,0
rep3,1.413,4697,0
rep3,1.4136,4698,0
rep3,1.4139,4699,0
rep3,1.4143,4700,0
rep3,1.4148,4701,0
rep3,1.4152,4702,0
rep3,1.4152,4703,0
rep3,1.4155,4704,0
rep3,1.4165,4705,0
rep3,1.417,4706,0
rep3,1.4172,4707,0
rep3,1.4177,4708,0
rep3,1.4182,4709,0
rep3,1.4194,4710,0
rep3,1.4195,4711,0
rep3,1.4196,4712,0
rep3,1.4201,4713,0
rep3,1.4203,4714,0
rep3,1.4204,4715,0
rep3,1.4204,4716,0
rep3,1.4219,4717,0
rep3,1.4224,4718,0
rep3,1.4226,4719,0
rep3,1.4227,4720,0
rep3,1.4241,4721,0
rep3,1.4246,4722,0
rep3,1.4246,4723,0
rep3,1.4248,4724,0
rep3,1.4251,4725,0
rep3,1.4253,4726,0
rep3,1.4254,4727,0
rep3,1.4254,4728,0
rep3,1.4257,4729,0
rep3,1.4258,4730,0
rep3,1.4263,4731,0
rep3,1.4265,4732,0
rep3,1.4266,4733,0
rep3,1.4266,4734,0
rep3,1.4273,4735,0
rep3,1.4274,4736,0
rep3,1.4277,4737,0
rep3,1.4281,4738,0
rep3,1.4281,4739,0
rep3,1.4281,4740,0
rep3,1.4284,4741,0
rep3,1.4286,4742,0
rep3,1.4296,4743,0
rep3,1.4298,4744,0
rep3,1.4301,4745,0
rep3,1.4306,4746,0
rep3,1.4308,4747,0
rep3,1.4314,4748,0
rep3,1.4316,4749,0
rep3,1.4327,4750,0
rep3,1.4329,4751,0
rep3,1.4333,4752,0
rep3,1.4344,4753,0
rep3,1.4347,4754,0
rep3,1.4362,4755,0
rep3,1.4365,4756,0
rep3,1.4374,4757,0
rep3,1.4377,4758,0
rep3,1.4377,4759,0
rep3,1.4379,4760,0
rep3,1.4384,4761,0
rep3,1.4386,4762,0
rep3,1.4387,4763,0
rep3,1.4397,4764,0
rep3,1.4404,4765,0
rep3,1.4406,4766,0
rep3,1.4407,4767,0
rep3,1.442,4768,0
rep3,1.4423,4769,0
rep3,1.4432,4770,0
rep3,1.4435,4771,0
rep3,1.4443,4772,0
rep3,1.4445,4773,0
rep3,1.4448,4774,0
rep3,1.4456,4775,0
rep3,1.4456,4776,0
rep3,1.447,4777,0
rep3,1.4471,4778,0
rep3,1.4473,4779,0
rep3,1.4476,4780,0
rep3,1.4477,4781,0
rep3,1.4477,4782,0
rep3,1.4477,4783,0
rep3,1.4478,4784,0
rep3,1.4479,4785,0
rep3,1.4482,4786,0
rep3,1.4483,4787,0
rep3,1.4484,4788,0
rep3,1.4486,4789,0
rep3,1.4486,4790,0
rep3,1.4486,4791,0
rep3,1.4493,4792,0
rep3,1.4494,4793,0
rep3,1.4499,4794,0
rep3,1.4503,4795,0
rep3,1.4504,4796,0
rep3,1.4506,4797,0
rep3,1.4523,4798,0
rep3,1.4526,4799,0
rep3,1.4526,4800,0
rep3,1.4533,4801,0
rep3,1.4534,4802,0
rep3,1.4535,4803,0
rep3,1.4537,4804,0
rep3,1.4538,4805,0
rep3,1.4538,4806,0
rep3,1.4538,4807,0
rep3,1.4542,4808,0
rep3,1.4545,4809,0
rep3,1.4545,4810,0
rep3,1.4561,4811,0
rep3,1.4571,4812,0
rep3,1.4572,4813,0
rep3,1.4575,4814,0
rep3,1.4575,4815,0
rep3,1.4577,4816,0
rep3,1.4582,4817,0
rep3,1.4595,4818,0
rep3,1.4595,4819,0
rep3,1.4601,4820,0
rep3,1.4608,4821,0
rep3,1.461,4822,0
rep3,1.461,4823,0
rep3,1.4652,4824,0
rep3,1.4656,4825,0
rep3,1.4661,4826,0
rep3,1.4666,4827,0
rep3,1.4673,4828,0
rep3,1.4676,4829,0
rep3,1.4684,4830,0
rep3,1.469,4831,0
rep3,1.4692,4832,0
rep3,1.4694,4833,0
rep3,1.4715,4834,0
rep3,1.4721,4835,0
rep3,1.4732,4836,0
rep3,1.4745,4837,0
rep3,1.476,4838,0
rep3,1.4776,4839,0
rep3,1.4783,4840,0
rep3,1.4784,4841,0
rep3,1.4789,4842,0
rep3,1.479,4843,0
rep3,1.4797,4844,0
rep3,1.4802,4845,0
rep3,1.4808,4846,0
rep3,1.4811,4847,0
rep3,1.4825,4848,0
rep3,1.4827,4849,0
rep3,1.4831,4850,0
rep3,1.4843,4851,0
rep3,1.4882,4852,0
rep3,1.4888,4853,0
rep3,1.4893,4854,0
rep3,1.4902,4855,0
rep3,1.4913,4856,0
rep3,1.4917,4857,0
rep3,1.4917,4858,0
rep3,1.4921,4859,0
rep3,1.4921,4860,0
rep3,1.4922,4861,0
rep3,1.4923,4862,0
rep3,1.4923,4863,0
rep3,1.4932,4864,0
rep3,1.4941,4865,0
rep3,1.4958,4866,0
rep3,1.4991,4867,0
rep3,1.501,4868,0
rep3,1.5028,4869,0
rep3,1.5046,4870,0
rep3,1.5055,4871,0
rep3,1.506,4872,0
rep3,1.5071,4873,0
rep3,1.5077,4874,0
rep3,1.5093,4875,0
rep3,1.5109,4876,0
rep3,1.5109,4877,0
rep3,1.511,4878,0
rep3,1.5118,4879,0
rep3,1.5131,4880,0
rep3,1.5135,4881,0
rep3,1.5138,4882,0
rep3,1.5143,4883,0
rep3,1.5146,4884,0
rep3,1.5156,4885,0
rep3,1.5162,4886,0
rep3,1.5164,4887,0
rep3,1.5187,4888,0
rep3,1.5208,4889,0
rep3,1.5217,4890,0
rep3,1.5229,4891,0
rep3,1.5238,4892,0
rep3,1.5251,4893,0
rep3,1.5253,4894,0
rep3,1.5256,4895,0
rep3,1.5276,4896,0
rep3,1.5276,4897,0
rep3,1.5277,4898,0
rep3,1.5285,4899,0
rep3,1.5299,4900,0
rep3,1.5304,4901,0
rep3,1.535,4902,0
rep3,1.538,4903,0
rep3,1.5382,4904,0
rep3,1.5384,4905,0
rep3,1.5405,4906,0
rep3,1.5407,4907,0
rep3,1.5433,4908,0
rep3,1.5434,4909,0
rep3,1.5435,4910,0
rep3,1.5444,4911,0
rep3,1.5459,4912,0
rep3,1.5465,4913,0
rep3,1.5483,4914,0
rep3,1.5492,4915,0
rep3,1.5493,4916,0
rep3,1.5504,4917,0
rep3,1.5518,4918,0
rep3,1.5533,4919,0
rep3,1.5539,4920,0
rep3,1.5549,4921,0
rep3,1.5559,4922,0
rep3,1.5599,4923,0
rep3,1.5602,4924,0
rep3,1.5613,4925,0
rep3,1.5621,4926,0
rep3,1.5628,4927,0
rep3,1.5634,4928,0
rep3,1.5665,4929,0
rep3,1.5709,4930,0
rep3,1.5712,4931,0
rep3,1.5722,4932,0
rep3,1.5724,4933,0
rep3,1.5734,4934,0
rep3,1.5782,4935,0
rep3,1.5855,4936,0
rep3,1.5918,4937,0
rep3,1.5918,4938,0
rep3,1.5941,4939,0
rep3,1.6038,4940,0
rep3,1.6081,4941,0
rep3,1.6084,4942,0
rep3,1.6086,4943,0
rep3,1.6195,4944,0
rep3,1.6201,4945,0
rep3,1.6211,4946,0
rep3,1.6231,4947,0
rep3,1.6242,4948,0
rep3,1.6333,4949,0
rep3,1.646,4950,0
rep3,1.6506,4951,0
rep3,1.6553,4952,0
rep3,1.6602,4953,0
rep3,1.672,4954,0
rep3,1.6735,4955,0
rep3,1.6819,4956,0
rep3,1.6823,4957,0
rep3,1.6851,4958,0
rep3,1.6917,4959,0
rep3,1.693,4960,0
rep3,1.7055,4961,0
rep3,1.72,4962,0
rep3,1.7733,4963,0
rep3,1.8235,4964,0
rep3,2.0099,4965,0
rep3,2.0105,4966,0
rep3,2.0106,4967,0
rep3,2.0111,4968,0
rep3,2.0115,4969,0
rep3,2.0123,4970,0
rep3,2.0124,4971,0
rep3,2.0125,4972,0
rep3,2.0126,4973,0
rep3,2.0135,4974,0
rep3,2.0146,4975,0
rep3,2.0149,4976,0
rep3,2.0153,4977,0
rep3,2.0161,4978,0
rep3,2.0172,4979,0
rep3,2.0175,4980,0
rep3,2.0196,4981,0
rep3,2.0338,4982,0
rep3,2.0433,4983,0
rep3,2.0434,4984,0
rep3,2.0434,4985,0
rep3,2.0434,4986,0
rep3,2.0436,4987,0
rep3,2.0437,4988,0
rep3,2.0437,4989,0
rep3,2.044,4990,0
rep3,2.044,4991,0
rep3,2.044,4992,0
rep3,2.0441,4993,0
rep3,2.0442,4994,0
rep3,2.0443,4995,0
rep3,2.0444,4996,0
rep3,2.0445,4997,0
rep3,2.0447,4998,0
rep3,2.0447,4999,0
rep3,2.045,5000,0
rep3,2.045,5001,0
rep3,2.0452,5002,0
rep3,2.0454,5003,0
rep3,2.0454,5004,0
rep3,2.0455,5005,0
rep3,2.0456,5006,0
rep3,2.0458,5007,0
rep3,2.046,5008,0
rep3,2.0462,5009,0
rep3,2.0462,5010,0
rep3,2.0462,5011,0
rep3,2.0462,5012,0
rep3,2.0464,5013,0
rep3,2.0465,5014,0
rep3,2.0467,5015,0
rep3,2.0468,5016,0
rep3,2.0472,5017,0
rep3,2.0475,5018,0
rep3,2.0476,5019,0
rep3,2.0477,5020,0
rep3,2.0479,5021,0
rep3,2.0479,5022,0
rep3,2.0481,5023,0
rep3,2.0482,5024,0
rep3,2.0483,5025,0
rep3,2.0486,5026,0
rep3,2.0486,5027,0
rep3,2.049,5028,0
rep3,2.049,5029,0
rep3,2.0492,5030,0
rep3,2.0493,5031,0
rep3,2.0493,5032,0
rep3,2.0494,5033,0
rep3,2.0497,5034,0
rep3,2.0499,5035,0
rep3,2.0501,5036,0
rep3,2.0502,5037,0
rep3,2.0503,5038,0
rep3,2.0504,5039,0
rep3,2.0505,5040,0
rep3,2.0507,5041,0
rep3,2.0509,5042,0
rep3,2.0511,5043,0
rep3,2.0512,5044,0
rep3,2.0513,5045,0
rep3,2.0515,5046,0
rep3,2.0515,5047,0
rep3,2.0517,5048,0
rep3,2.0519,5049,0
rep3,2.0523,5050,0
rep3,2.0524,5051,0
rep3,2.0526,5052,0
rep3,2.0527,5053,0
rep3,2.0535,5054,0
rep3,2.0536,5055,0
rep3,2.0542,5056,0
rep3,2.0543,5057,0
rep3,2.0543,5058,0
rep3,2.0549,5059,0
rep3,2.0549,5060,0
rep3,2.0552,5061,0
rep3,2.0553,5062,0
rep3,2.0554,5063,0
rep3,2.0554,5064,0
rep3,2.0556,5065,0
rep3,2.0557,5066,0
rep3,2.0558,5067,0
rep3,2.0559,5068,0
rep3,2.0568,5069,0
rep3,2.0571,5070,0
rep3,2.0574,5071,0
rep3,2.058,5072,0
rep3,2.0581,5073,0
rep3,2.0587,5074,0
rep3,2.0591,5075,0
rep3,2.0599,5076,0
rep3,2.0599,5077,0
rep3,2.0614,5078,0
rep3,2.0616,5079,0
rep3,2.0624,5080,0
rep3,2.0635,5081,0
rep3,2.0643,5082,0
rep3,2.0651,5083,0
rep3,2.0658,5084,0
rep3,2.0661,5085,0
rep3,2.0666,5086,0
rep3,2.0673,5087,0
rep3,2.0678,5088,0
rep3,2.0712,5089,0
rep3,2.0726,5090,0
rep3,2.0731,5091,0
rep3,2.0748,5092,0
rep3,2.0759,5093,0
rep3,2.0768,5094,0
rep3,2.0768,5095,0
rep3,2.0768,5096,0
rep3,2.0769,5097,0
rep3,2.0769,5098,0
rep3,2.077,5099,0
rep3,2.077,5100,0
rep3,2.0771,5101,0
rep3,2.0772,5102,0
rep3,2.0772,5103,0
rep3,2.0772,5104,0
rep3,2.0772,5105,0
rep3,2.0772,5106,0
rep3,2.0773,5107,0
rep3,2.0773,5108,0
rep3,2.0773,5109,0
rep3,2.0774,5110,0
rep3,2.0775,5111,0
rep3,2.0775,5112,0
rep3,2.0776,5113,0
rep3,2.0776,5114,0
rep3,2.0777,5115,0
rep3,2.0777,5116,0
rep3,2.0777,5117,0
rep3,2.0777,5118,0
rep3,2.0777,5119,0
rep3,2.0778,5120,0
rep3,2.0778,5121,0
rep3,2.0778,5122,0
rep3,2.0778,5123,0
rep3,2.0778,5124,0
rep3,2.0779,5125,0
rep3,2.0779,5126,0
rep3,2.0781,5127,0
rep3,2.0781,5128,0
rep3,2.0781,5129,0
rep3,2.0782,5130,0
rep3,2.0782,5131,0
rep3,2.0782,5132,0
rep3,2.0782,5133,0
rep3,2.0782,5134,0
rep3,2.0783,5135,0
rep3,2.0783,5136,0
rep3,2.0784,5137,0
rep3,2.0784,5138,0
rep3,2.0785,5139,0
rep3,2.0786,5140,0
rep3,2.0786,5141,0
rep3,2.0786,5142,0
rep3,2.0787,5143,0
rep3,2.0787,5144,0
rep3,2.0787,5145,0
rep3,2.0788,5146,0
rep3,2.0788,5147,0
rep3,2.0788,5148,0
rep3,2.0789,5149,0
rep3,2.0789,5150,0
rep3,2.0789,5151,0
rep3,2.0789,5152,0
rep3,2.079,5153,0
rep3,2.079,5154,0
rep3,2.079,5155,0
rep3,2.079,5156,0
rep3,2.079,5157,0
rep3,2.079,5158,0
rep3,2.0791,5159,0
rep3,2.0792,5160,0
rep3,2.0792,5161,0
rep3,2.0792,5162,0
rep3,2.0792,5163,0
rep3,2.0792,5164,0
rep3,2.0792,5165,0
rep3,2.0793,5166,0
rep3,2.0793,5167,0
rep3,2.0793,5168,0
rep3,2.0794,5169,0
rep3,2.0794,5170,0
rep3,2.0795,5171,0
rep3,2.0795,5172,0
rep3,2.0795,5173,0
rep3,2.0795,5174,0
rep3,2.0796,5175,0
rep3,2.0796,5176,0
rep3,2.0796,5177,0
rep3,2.0797,5178,0
rep3,2.0798,5179,0
rep3,2.0798,5180,0
rep3,2.0798,5181,0
rep3,2.0799,5182,0
rep3,2.0799,5183,0
rep3,2.08,5184,0
rep3,2.08,5185,0
rep3,2.0801,5186,0
rep3,2.0801,5187,0
rep3,2.0801,5188,0
rep3,2.0801,5189,0
rep3,2.0802,5190,0
rep3,2.0802,5191,0
rep3,2.0802,5192,0
rep3,2.0803,5193,0
rep3,2.0803,5194,0
rep3,2.0803,5195,0
rep3,2.0804,5196,0
rep3,2.0804,5197,0
rep3,2.0804,5198,0
rep3,2.0804,5199,0
rep3,2.0805,5200,0
rep3,2.0805,5201,0
rep3,2.0805,5202,0
rep3,2.0805,5203,0
rep3,2.0806,5204,0
rep3,2.0806,5205,0
rep3,2.0807,5206,0
rep3,2.0807,5207,0
rep3,2.0807,5208,0
rep3,2.0808,5209,0
rep3,2.0809,5210,0
rep3,2.081,5211,0
rep3,2.081,5212,0
rep3,2.0811,5213,0
rep3,2.0811,5214,0
rep3,2.0811,5215,0
rep3,2.0811,5216,0
rep3,2.0811,5217,0
rep3,2.0811,5218,0
rep3,2.0812,5219,0
rep3,2.0812,5220,0
rep3,2.0812,5221,0
rep3,2.0812,5222,0
rep3,2.0814,5223,0
rep3,2.0814,5224,0
rep3,2.0814,5225,0
rep3,2.0815,5226,0
rep3,2.0815,5227,0
rep3,2.0816,5228,0
rep3,2.0817,5229,0
rep3,2.0817,5230,0
rep3,2.0817,5231,0
rep3,2.0818,5232,0
rep3,2.0818,5233,0
rep3,2.0819,5234,0
rep3,2.0821,5235,0
rep3,2.0821,5236,0
rep3,2.0822,5237,0
rep3,2.0823,5238,0
rep3,2.0824,5239,0
rep3,2.0824,5240,0
rep3,2.0825,5241,0
rep3,2.0826,5242,0
rep3,2.0826,5243,0
rep3,2.0826,5244,0
rep3,2.0827,5245,0
rep3,2.0827,5246,0
rep3,2.0827,5247,0
rep3,2.0827,5248,0
rep3,2.0828,5249,0
rep3,2.0828,5250,0
rep3,2.0829,5251,0
rep3,2.0829,5252,0
rep3,2.083,5253,0
rep3,2.0831,5254,0
rep3,2.0831,5255,0
rep3,2.0831,5256,0
rep3,2.0831,5257,0
rep3,2.0831,5258,0
rep3,2.0833,5259,0
rep3,2.0833,5260,0
rep3,2.0833,5261,0
rep3,2.0834,5262,0
rep3,2.0834,5263,0
rep3,2.0834,5264,0
rep3,2.0835,5265,0
rep3,2.0836,5266,0
rep3,2.0837,5267,0
rep3,2.0837,5268,0
rep3,2.0837,5269,0
rep3,2.0837,5270,0
rep3,2.0839,5271,0
rep3,2.0839,5272,0
rep3,2.084,5273,0
rep3,2.0841,5274,0
rep3,2.0841,5275,0
rep3,2.0842,5276,0
rep3,2.0843,5277,0
rep3,2.0843,5278,0
rep3,2.0845,5279,0
rep3,2.0846,5280,0
rep3,2.0846,5281,0
rep3,2.0847,5282,0
rep3,2.0849,5283,0
rep3,2.0849,5284,0
rep3,2.0849,5285,0
rep3,2.0849,5286,0
rep3,2.085,5287,0
rep3,2.085,5288,0
rep3,2.085,5289,0
rep3,2.0852,5290,0
rep3,2.0852,5291,0
rep3,2.0853,5292,0
rep3,2.0854,5293,0
rep3,2.0855,5294,0
rep3,2.0856,5295,0
rep3,2.0856,5296,0
rep3,2.0857,5297,0
rep3,2.0858,5298,0
rep3,2.0859,5299,0
rep3,2.086,5300,0
rep3,2.0861,5301,0
rep3,2.0862,5302,0
rep3,2.0862,5303,0
rep3,2.0862,5304,0
rep3,2.0863,5305,0
rep3,2.0864,5306,0
rep3,2.0864,5307,0
rep3,2.0864,5308,0
rep3,2.0865,5309,0
rep3,2.0866,5310,0
rep3,2.0867,5311,0
rep3,2.0868,5312,0
rep3,2.0868,5313,0
rep3,2.0869,5314,0
rep3,2.0869,5315,0
rep3,2.0869,5316,0
rep3,2.087,5317,0
rep3,2.0871,5318,0
rep3,2.0871,5319,0
rep3,2.0872,5320,0
rep3,2.0872,5321,0
rep3,2.0872,5322,0
rep3,2.0873,5323,0
rep3,2.0874,5324,0
rep3,2.0875,5325,0
rep3,2.0878,5326,0
rep3,2.0879,5327,0
rep3,2.0882,5328,0
rep3,2.0882,5329,0
rep3,2.0882,5330,0
rep3,2.0884,5331,0
rep3,2.0884,5332,0
rep3,2.0885,5333,0
rep3,2.0886,5334,0
rep3,2.0888,5335,0
rep3,2.0888,5336,0
rep3,2.089,5337,0
rep3,2.089,5338,0
rep3,2.0891,5339,0
rep3,2.0893,5340,0
rep3,2.0894,5341,0
rep3,2.0894,5342,0
rep3,2.0895,5343,0
rep3,2.0897,5344,0
rep3,2.0898,5345,0
rep3,2.0899,5346,0
rep3,2.09,5347,0
rep3,2.09,5348,0
rep3,2.0901,5349,0
rep3,2.0901,5350,0
rep3,2.0901,5351,0
rep3,2.0903,5352,0
rep3,2.0904,5353,0
rep3,2.0911,5354,0
rep3,2.0913,5355,0
rep3,2.0913,5356,0
rep3,2.0913,5357,0
rep3,2.0913,5358,0
rep3,2.0914,5359,0
rep3,2.0915,5360,0
rep3,2.0915,5361,0
rep3,2.0918,5362,0
rep3,2.092,5363,0
rep3,2.0922,5364,0
rep3,2.0922,5365,0
rep3,2.0922,5366,0
rep3,2.0924,5367,0
rep3,2.0924,5368,0
rep3,2.0925,5369,0
rep3,2.0926,5370,0
rep3,2.0928,5371,0
rep3,2.0929,5372,0
rep3,2.093,5373,0
rep3,2.093,5374,0
rep3,2.0931,5375,0
rep3,2.0931,5376,0
rep3,2.0932,5377,0
rep3,2.0932,5378,0
rep3,2.0932,5379,0
rep3,2.0935,5380,0
rep3,2.0937,5381,0
rep3,2.0938,5382,0
rep3,2.0939,5383,0
rep3,2.0941,5384,0
rep3,2.0942,5385,0
rep3,2.0943,5386,0
rep3,2.0944,5387,0
rep3,2.0944,5388,0
rep3,2.0946,5389,0
rep3,2.0947,5390,0
rep3,2.0949,5391,0
rep3,2.0951,5392,0
rep3,2.0952,5393,0
rep3,2.0953,5394,0
rep3,2.0958,5395,0
rep3,2.096,5396,0
rep3,2.096,5397,0
rep3,2.0963,5398,0
rep3,2.0965,5399,0
rep3,2.0965,5400,0
rep3,2.0966,5401,0
rep3,2.0967,5402,0
rep3,2.0968,5403,0
rep3,2.0969,5404,0
rep3,2.0969,5405,0
rep3,2.0971,5406,0
rep3,2.0971,5407,0
rep3,2.0974,5408,0
rep3,2.0983,5409,0
rep3,2.0984,5410,0
rep3,2.0984,5411,0
rep3,2.0988,5412,0
rep3,2.0993,5413,0
rep3,2.0994,5414,0
rep3,2.1,5415,0
rep3,2.1002,5416,0
rep3,2.1004,5417,0
rep3,2.1013,5418,0
rep3,2.102,5419,0
rep3,2.1021,5420,0
rep3,2.1026,5421,0
rep3,2.1034,5422,0
rep3,2.1037,5423,0
rep3,2.1037,5424,0
rep3,2.104,5425,0
rep3,2.1044,5426,0
rep3,2.1045,5427,0
rep3,2.1046,5428,0
rep3,2.1064,5429,0
rep3,2.1066,5430,0
rep3,2.1069,5431,0
rep3,2.1072,5432,0
rep3,2.1076,5433,0
rep3,2.1087,5434,0
rep3,2.1088,5435,0
rep3,2.1094,5436,0
rep3,2.1097,5437,0
rep3,2.1099,5438,0
rep3,2.1103,5439,0
rep3,2.1103,5440,0
rep3,2.1106,5441,0
rep3,2.1108,5442,0
rep3,2.1108,5443,0
rep3,2.1109,5444,0
rep3,2.1109,5445,0
rep3,2.1109,5446,0
rep3,2.1111,5447,0
rep3,2.1112,5448,0
rep3,2.1115,5449,0
rep3,2.1115,5450,0
rep3,2.1117,5451,0
rep3,2.1117,5452,0
rep3,2.1118,5453,0
rep3,2.1119,5454,0
rep3,2.112,5455,0
rep3,2.1121,5456,0
rep3,2.1122,5457,0
rep3,2.1123,5458,0
rep3,2.1125,5459,0
rep3,2.1125,5460,0
rep3,2.1127,5461,0
rep3,2.1127,5462,0
rep3,2.1127,5463,0
rep3,2.1129,5464,0
rep3,2.1131,5465,0
rep3,2.1133,5466,0
rep3,2.1134,5467,0
rep3,2.1134,5468,0
rep3,2.1138,5469,0
rep3,2.1141,5470,0
rep3,2.1144,5471,0
rep3,2.1144,5472,0
rep3,2.1146,5473,0
rep3,2.1147,5474,0
rep3,2.1147,5475,0
rep3,2.1149,5476,0
rep3,2.115,5477,0
rep3,2.1152,5478,0
rep3,2.1153,5479,0
rep3,2.1155,5480,0
rep3,2.1156,5481,0
rep3,2.1156,5482,0
rep3,2.1156,5483,0
rep3,2.1159,5484,0
rep3,2.1162,5485,0
rep3,2.1162,5486,0
rep3,2.1163,5487,0
rep3,2.1164,5488,0
rep3,2.1165,5489,0
rep3,2.1165,5490,0
rep3,2.1166,5491,0
rep3,2.117,5492,0
rep3,2.1173,5493,0
rep3,2.1175,5494,0
rep3,2.1178,5495,0
rep3,2.118,5496,0
rep3,2.118,5497,0
rep3,2.118,5498,0
rep3,2.1181,5499,0
rep3,2.1182,5500,0
rep3,2.1183,5501,0
rep3,2.1184,5502,0
rep3,2.1186,5503,0
rep3,2.1196,5504,0
rep3,2.1197,5505,0
rep3,2.1202,5506,0
rep3,2.1202,5507,0
rep3,2.1203,5508,0
rep3,2.1203,5509,0
rep3,2.1204,5510,0
rep3,2.1206,5511,0
rep3,2.1207,5512,0
rep3,2.1209,5513,0
rep3,2.121,5514,0
rep3,2.1211,5515,0
rep3,2.1215,5516,0
rep3,2.1219,5517,0
rep3,2.1219,5518,0
rep3,2.122,5519,0
rep3,2.122,5520,0
rep3,2.1223,5521,0
rep3,2.1225,5522,0
rep3,2.1225,5523,0
rep3,2.1227,5524,0
rep3,2.1228,5525,0
rep3,2.1229,5526,0
rep3,2.1229,5527,0
rep3,2.1229,5528,0
rep3,2.1234,5529,0
rep3,2.1238,5530,0
rep3,2.124,5531,0
rep3,2.124,5532,0
rep3,2.124,5533,0
rep3,2.1243,5534,0
rep3,2.1245,5535,0
rep3,2.1246,5536,0
rep3,2.1249,5537,0
rep3,2.1249,5538,0
rep3,2.1249,5539,0
rep3,2.125,5540,0
rep3,2.125,5541,0
rep3,2.1252,5542,0
rep3,2.1253,5543,0
rep3,2.1254,5544,0
rep3,2.1255,5545,0
rep3,2.1256,5546,0
rep3,2.1258,5547,0
rep3,2.1258,5548,0
rep3,2.1262,5549,0
rep3,2.1271,5550,0
rep3,2.1276,5551,0
rep3,2.1281,5552,0
rep3,2.1281,5553,0
rep3,2.1283,5554,0
rep3,2.1284,5555,0
rep3,2.1286,5556,0
rep3,2.1296,5557,0
rep3,2.1296,5558,0
rep3,2.1298,5559,0
rep3,2.1303,5560,0
rep3,2.1304,5561,0
rep3,2.1305,5562,0
rep3,2.1308,5563,0
rep3,2.1308,5564,0
rep3,2.1309,5565,0
rep3,2.1313,5566,0
rep3,2.1316,5567,0
rep3,2.1319,5568,0
rep3,2.1321,5569,0
rep3,2.1327,5570,0
rep3,2.1331,5571,0
rep3,2.1334,5572,0
rep3,2.1335,5573,0
rep3,2.1335,5574,0
rep3,2.1336,5575,0
rep3,2.1337,5576,0
rep3,2.1345,5577,0
rep3,2.1347,5578,0
rep3,2.1348,5579,0
rep3,2.1365,5580,0
rep3,2.1365,5581,0
rep3,2.1366,5582,0
rep3,2.137,5583,0
rep3,2.1386,5584,0
rep3,2.1391,5585,0
rep3,2.1395,5586,0
rep3,2.1405,5587,0
rep3,2.1406,5588,0
rep3,2.1408,5589,0
rep3,2.1413,5590,0
rep3,2.1417,5591,0
rep3,2.1417,5592,0
rep3,2.1418,5593,0
rep3,2.1419,5594,0
rep3,2.1421,5595,0
rep3,2.1426,5596,0
rep3,2.1429,5597,0
rep3,2.1433,5598,0
rep3,2.1434,5599,0
rep3,2.1434,5600,0
rep3,2.1437,5601,0
rep3,2.1438,5602,0
rep3,2.1439,5603,0
rep3,2.1441,5604,0
rep3,2.1444,5605,0
rep3,2.1444,5606,0
rep3,2.1447,5607,0
rep3,2.145,5608,0
rep3,2.145,5609,0
rep3,2.1451,5610,0
rep3,2.1452,5611,0
rep3,2.1453,5612,0
rep3,2.1455,5613,0
rep3,2.1456,5614,0
rep3,2.1457,5615,0
rep3,2.1458,5616,0
rep3,2.1458,5617,0
rep3,2.1465,5618,0
rep3,2.1465,5619,0
rep3,2.1467,5620,0
rep3,2.1468,5621,0
rep3,2.1474,5622,0
rep3,2.1475,5623,0
rep3,2.148,5624,0
rep3,2.148,5625,0
rep3,2.1481,5626,0
rep3,2.1481,5627,0
rep3,2.1482,5628,0
rep3,2.1483,5629,0
rep3,2.1483,5630,0
rep3,2.1485,5631,0
rep3,2.1485,5632,0
rep3,2.1489,5633,0
rep3,2.1491,5634,0
rep3,2.1493,5635,0
rep3,2.1494,5636,0
rep3,2.1497,5637,0
rep3,2.1501,5638,0
rep3,2.1503,5639,0
rep3,2.1505,5640,0
rep3,2.1506,5641,0
rep3,2.1507,5642,0
rep3,2.1508,5643,0
rep3,2.1509,5644,0
rep3,2.1512,5645,0
rep3,2.1514,5646,0
rep3,2.1518,5647,0
rep3,2.1519,5648,0
rep3,2.1521,5649,0
rep3,2.1522,5650,0
rep3,2.1522,5651,0
rep3,2.1524,5652,0
rep3,2.1525,5653,0
rep3,2.1529,5654,0
rep3,2.1529,5655,0
rep3,2.153,5656,0
rep3,2.1532,5657,0
rep3,2.1535,5658,0
rep3,2.1537,5659,0
rep3,2.1537,5660,0
rep3,2.154,5661,0
rep3,2.154,5662,0
rep3,2.1544,5663,0
rep3,2.1545,5664,0
rep3,2.1545,5665,0
rep3,2.1548,5666,0
rep3,2.155,5667,0
rep3,2.1552,5668,0
rep3,2.1552,5669,0
rep3,2.1552,5670,0
rep3,2.1554,5671,0
rep3,2.1566,5672,0
rep3,2.1571,5673,0
rep3,2.1572,5674,0
rep3,2.1578,5675,0
rep3,2.1578,5676,0
rep3,2.1578,5677,0
rep3,2.1578,5678,0
rep3,2.1579,5679,0
rep3,2.1581,5680,0
rep3,2.1584,5681,0
rep3,2.1586,5682,0
rep3,2.1589,5683,0
rep3,2.1591,5684,0
rep3,2.1594,5685,0
rep3,2.1594,5686,0
rep3,2.1595,5687,0
rep3,2.1598,5688,0
rep3,2.1598,5689,0
rep3,2.1605,5690,0
rep3,2.1607,5691,0
rep3,2.1608,5692,0
rep3,2.1609,5693,0
rep3,2.1615,5694,0
rep3,2.1617,5695,0
rep3,2.1618,5696,0
rep3,2.1622,5697,0
rep3,2.1622,5698,0
rep3,2.1626,5699,0
rep3,2.1627,5700,0
rep3,2.1637,5701,0
rep3,2.1638,5702,0
rep3,2.1641,5703,0
rep3,2.1642,5704,0
rep3,2.1643,5705,0
rep3,2.1649,5706,0
rep3,2.1651,5707,0
rep3,2.1654,5708,0
rep3,2.1658,5709,0
rep3,2.1658,5710,0
rep3,2.1661,5711,0
rep3,2.1661,5712,0
rep3,2.1662,5713,0
rep3,2.1662,5714,0
rep3,2.1664,5715,0
rep3,2.1664,5716,0
rep3,2.167,5717,0
rep3,2.1675,5718,0
rep3,2.168,5719,0
rep3,2.168,5720,0
rep3,2.1681,5721,0
rep3,2.1686,5722,0
rep3,2.1688,5723,0
rep3,2.1694,5724,0
rep3,2.1694,5725,0
rep3,2.1695,5726,0
rep3,2.1697,5727,0
rep3,2.1698,5728,0
rep3,2.1698,5729,0
rep3,2.1701,5730,0
rep3,2.1701,5731,0
rep3,2.171,5732,0
rep3,2.1715,5733,0
rep3,2.1716,5734,0
rep3,2.172,5735,0
rep3,2.1721,5736,0
rep3,2.1723,5737,0
rep3,2.1726,5738,0
rep3,2.173,5739,0
rep3,2.1731,5740,0
rep3,2.1736,5741,0
rep3,2.1738,5742,0
rep3,2.1739,5743,0
rep3,2.1744,5744,0
rep3,2.1744,5745,0
rep3,2.1747,5746,0
rep3,2.1751,5747,0
rep3,2.1764,5748,0
rep3,2.1765,5749,0
rep3,2.1768,5750,0
rep3,2.1771,5751,0
rep3,2.1771,5752,0
rep3,2.1773,5753,0
rep3,2.1774,5754,0
rep3,2.1775,5755,0
rep3,2.1776,5756,0
rep3,2.1776,5757,0
rep3,2.1777,5758,0
rep3,2.1778,5759,0
rep3,2.1778,5760,0
rep3,2.178,5761,0
rep3,2.1782,5762,0
rep3,2.1783,5763,0
rep3,2.1783,5764,0
rep3,2.1785,5765,0
rep3,2.1785,5766,0
rep3,2.1789,5767,0
rep3,2.1789,5768,0
rep3,2.1791,5769,0
rep3,2.1791,5770,0
rep3,2.1792,5771,0
rep3,2.1794,5772,0
rep3,2.1798,5773,0
rep3,2.1801,5774,0
rep3,2.1804,5775,0
rep3,2.1804,5776,0
rep3,2.1805,5777,0
rep3,2.1806,5778,0
rep3,2.1807,5779,0
rep3,2.1807,5780,0
rep3,2.1807,5781,0
rep3,2.1808,5782,0
rep3,2.1809,5783,0
rep3,2.1812,5784,0
rep3,2.1812,5785,0
rep3,2.1813,5786,0
rep3,2.1814,5787,0
rep3,2.1814,5788,0
rep3,2.1815,5789,0
rep3,2.1815,5790,0
rep3,2.1817,5791,0
rep3,2.1822,5792,0
rep3,2.1823,5793,0
rep3,2.1824,5794,0
rep3,2.1824,5795,0
rep3,2.1825,5796,0
rep3,2.1826,5797,0
rep3,2.1827,5798,0
rep3,2.1828,5799,0
rep3,2.1828,5800,0
rep3,2.1828,5801,0
rep3,2.1831,5802,0
rep3,2.1837,5803,0
rep3,2.1837,5804,0
rep3,2.1838,5805,0
rep3,2.1839,5806,0
rep3,2.1839,5807,0
rep3,2.1844,5808,0
rep3,2.1847,5809,0
rep3,2.1848,5810,0
rep3,2.1848,5811,0
rep3,2.1848,5812,0
rep3,2.1849,5813,0
rep3,2.1849,5814,0
rep3,2.1852,5815,0
rep3,2.1853,5816,0
rep3,2.1854,5817,0
rep3,2.1857,5818,0
rep3,2.1858,5819,0
rep3,2.1858,5820,0
rep3,2.1859,5821,0
rep3,2.186,5822,0
rep3,2.1861,5823,0
rep3,2.1865,5824,0
rep3,2.1865,5825,0
rep3,2.1866,5826,0
rep3,2.1867,5827,0
rep3,2.1867,5828,0
rep3,2.1869,5829,0
rep3,2.1869,5830,0
rep3,2.187,5831,0
rep3,2.1872,5832,0
rep3,2.1875,5833,0
rep3,2.1876,5834,0
rep3,2.188,5835,0
rep3,2.1881,5836,0
rep3,2.1881,5837,0
rep3,2.1881,5838,0
rep3,2.1881,5839,0
rep3,2.1882,5840,0
rep3,2.1882,5841,0
rep3,2.1883,5842,0
rep3,2.1884,5843,0
rep3,2.1885,5844,0
rep3,2.1887,5845,0
rep3,2.1887,5846,0
rep3,2.1895,5847,0
rep3,2.1895,5848,0
rep3,2.1897,5849,0
rep3,2.1897,5850,0
rep3,2.19,5851,0
rep3,2.1901,5852,0
rep3,2.1902,5853,0
rep3,2.1903,5854,0
rep3,2.1906,5855,0
rep3,2.1907,5856,0
rep3,2.1908,5857,0
rep3,2.1912,5858,0
rep3,2.1915,5859,0
rep3,2.1916,5860,0
rep3,2.1919,5861,0
rep3,2.192,5862,0
rep3,2.1922,5863,0
rep3,2.1923,5864,0
rep3,2.1926,5865,0
rep3,2.193,5866,0
rep3,2.1933,5867,0
rep3,2.1935,5868,0
rep3,2.1935,5869,0
rep3,2.1938,5870,0
rep3,2.1939,5871,0
rep3,2.1945,5872,0
rep3,2.1947,5873,0
rep3,2.1951,5874,0
rep3,2.1951,5875,0
rep3,2.1952,5876,0
rep3,2.1953,5877,0
rep3,2.1953,5878,0
rep3,2.1955,5879,0
rep3,2.1958,5880,0
rep3,2.1958,5881,0
rep3,2.1963,5882,0
rep3,2.1963,5883,0
rep3,2.1963,5884,0
rep3,2.1965,5885,0
rep3,2.1966,5886,0
rep3,2.1968,5887,0
rep3,2.1969,5888,0
rep3,2.1974,5889,0
rep3,2.1974,5890,0
rep3,2.1976,5891,0
rep3,2.1978,5892,0
rep3,2.1979,5893,0
rep3,2.1985,5894,0
rep3,2.1986,5895,0
rep3,2.1988,5896,0
rep3,2.1992,5897,0
rep3,2.1992,5898,0
rep3,2.1994,5899,0
rep3,2.1997,5900,0
rep3,2.1998,5901,0
rep3,2.2001,5902,0
rep3,2.2002,5903,0
rep3,2.2004,5904,0
rep3,2.2005,5905,0
rep3,2.2008,5906,0
rep3,2.2012,5907,0
rep3,2.2013,5908,0
rep3,2.202,5909,0
rep3,2.2023,5910,0
rep3,2.2023,5911,0
rep3,2.2028,5912,0
rep3,2.2029,5913,0
rep3,2.2029,5914,0
rep3,2.203,5915,0
rep3,2.2034,5916,0
rep3,2.2039,5917,0
rep3,2.204,5918,0
rep3,2.2042,5919,0
rep3,2.2047,5920,0
rep3,2.2048,5921,0
rep3,2.2053,5922,0
rep3,2.2059,5923,0
rep3,2.206,5924,0
rep3,2.2061,5925,0
rep3,2.2063,5926,0
rep3,2.2064,5927,0
rep3,2.2066,5928,0
rep3,2.2067,5929,0
rep3,2.2072,5930,0
rep3,2.2074,5931,0
rep3,2.2075,5932,0
rep3,2.2077,5933,0
rep3,2.208,5934,0
rep3,2.208,5935,0
rep3,2.2082,5936,0
rep3,2.2084,5937,0
rep3,2.2085,5938,0
rep3,2.2088,5939,0
rep3,2.2091,5940,0
rep3,2.2094,5941,0
rep3,2.2096,5942,0
rep3,2.2097,5943,0
rep3,2.2099,5944,0
rep3,2.2099,5945,0
rep3,2.2102,5946,0
rep3,2.2105,5947,0
rep3,2.2106,5948,0
rep3,2.2107,5949,0
rep3,2.2107,5950,0
rep3,2.2108,5951,0
rep3,2.2108,5952,0
rep3,2.2109,5953,0
rep3,2.2111,5954,0
rep3,2.2115,5955,0
rep3,2.2115,5956,0
rep3,2.2118,5957,0
rep3,2.2118,5958,0
rep3,2.2119,5959,0
rep3,2.212,5960,0
rep3,2.212,5961,0
rep3,2.2125,5962,0
rep3,2.2126,5963,0
rep3,2.2126,5964,0
rep3,2.2129,5965,0
rep3,2.2132,5966,0
rep3,2.2134,5967,0
rep3,2.2135,5968,0
rep3,2.2135,5969,0
rep3,2.2136,5970,0
rep3,2.2138,5971,0
rep3,2.2139,5972,0
rep3,2.2142,5973,0
rep3,2.2143,5974,0
rep3,2.2146,5975,0
rep3,2.2148,5976,0
rep3,2.2149,5977,0
rep3,2.2152,5978,0
rep3,2.2153,5979,0
rep3,2.2153,5980,0
rep3,2.2153,5981,0
rep3,2.2154,5982,0
rep3,2.2154,5983,0
rep3,2.2155,5984,0
rep3,2.2156,5985,0
rep3,2.2156,5986,0
rep3,2.2158,5987,0
rep3,2.2158,5988,0
rep3,2.2161,5989,0
rep3,2.2161,5990,0
rep3,2.2163,5991,0
rep3,2.2165,5992,0
rep3,2.2165,5993,0
rep3,2.2166,5994,0
rep3,2.2167,5995,0
rep3,2.2168,5996,0
rep3,2.2171,5997,0
rep3,2.2175,5998,0
rep3,2.2181,5999,0
rep3,2.2182,6000,0
rep3,2.2182,6001,0
rep3,2.2184,6002,0
rep3,2.2184,6003,0
rep3,2.2186,6004,0
rep3,2.2188,6005,0
rep3,2.2195,6006,0
rep3,2.2195,6007,0
rep3,2.2197,6008,0
rep3,2.2197,6009,0
rep3,2.2198,6010,0
rep3,2.2198,6011,0
rep3,2.22,6012,0
rep3,2.2204,6013,0
rep3,2.2205,6014,0
rep3,2.2206,6015,0
rep3,2.2206,6016,0
rep3,2.221,6017,0
rep3,2.221,6018,0
rep3,2.221,6019,0
rep3,2.2213,6020,0
rep3,2.2217,6021,0
rep3,2.2217,6022,0
rep3,2.2218,6023,0
rep3,2.222,6024,0
rep3,2.222,6025,0
rep3,2.222,6026,0
rep3,2.2223,6027,0
rep3,2.2225,6028,0
rep3,2.2226,6029,0
rep3,2.2227,6030,0
rep3,2.2232,6031,0
rep3,2.2233,6032,0
rep3,2.2236,6033,0
rep3,2.2237,6034,0
rep3,2.2237,6035,0
rep3,2.2239,6036,0
rep3,2.2239,6037,0
rep3,2.2239,6038,0
rep3,2.224,6039,0
rep3,2.2242,6040,0
rep3,2.2243,6041,0
rep3,2.2244,6042,0
rep3,2.2244,6043,0
rep3,2.2246,6044,0
rep3,2.2252,6045,0
rep3,2.2255,6046,0
rep3,2.2257,6047,0
