rep,t_over_ttl,cum_rehold,cum_duplicate
rep1,0.0562,0,1
rep1,0.1928,0,2
rep1,0.2426,0,3
rep1,0.3028,0,4
rep1,0.3595,0,5
rep1,0.5027,0,6
rep1,0.5863,0,7
rep1,0.7698,0,8
rep1,0.8597,0,9
rep1,0.8898,0,10
rep1,0.9131,0,11
rep1,1.1563,1,11
rep1,1.1593,2,11
rep1,1.1631,3,11
rep1,1.1726,4,11
rep1,1.1731,5,11
rep1,1.1764,6,11
rep1,1.1795,7,11
rep1,1.1796,8,11
rep1,1.1897,9,11
rep1,1.193,10,11
rep1,1.1998,11,11
rep1,1.2093,12,11
rep1,1.2229,13,11
rep1,1.226,14,11
rep1,1.2328,15,11
rep1,1.2427,16,11
rep1,1.2429,17,11
rep1,1.2431,18,11
rep1,1.2561,19,11
rep1,1.2627,20,11
rep1,1.2762,21,11
rep1,1.2763,22,11
rep1,1.2797,23,11
rep1,1.2959,24,11
rep1,1.3064,25,11
rep1,1.3064,26,11
rep1,1.3094,27,11
rep1,1.3096,28,11
rep1,1.3098,29,11
rep1,1.3137,30,11
rep1,1.3198,31,11
rep1,1.3328,32,11
rep1,1.3399,33,11
rep1,1.3526,34,11
rep1,1.3564,35,11
rep1,1.3592,36,11
rep1,1.3596,37,11
rep1,1.3628,38,11
rep1,1.3629,39,11
rep1,1.3661,40,11
rep1,1.3695,41,11
rep1,1.3759,42,11
rep1,1.3765,43,11
rep1,1.3792,44,11
rep1,1.3795,45,11
rep1,1.3797,46,11
rep1,1.3797,47,11
rep1,1.3859,48,11
rep1,1.3861,49,11
rep1,1.3895,50,11
rep1,1.3897,51,11
rep1,1.3897,52,11
rep1,1.3929,53,11
rep1,1.393,54,11
rep1,1.3965,55,11
rep1,1.3994,56,11
rep1,1.4026,57,11
rep1,1.4028,58,11
rep1,1.4064,59,11
rep1,1.4092,60,11
rep1,1.4093,61,11
rep1,1.4095,62,11
rep1,1.4096,63,11
rep1,1.4098,64,11
rep1,1.413,65,11
rep1,1.4161,66,11
rep1,1.4162,67,11
rep1,1.4163,68,11
rep1,1.4198,69,11
rep1,1.4231,70,11
rep1,1.4233,71,11
rep1,1.4264,72,11
rep1,1.4298,73,11
rep1,1.4326,74,11
rep1,1.4326,75,11
rep1,1.4327,76,11
rep1,1.4328,77,11
rep1,1.4329,78,11
rep1,1.4369,79,11
rep1,1.4427,80,11
rep1,1.4462,81,11
rep1,1.4464,82,11
rep1,1.4465,83,11
rep1,1.4494,84,11
rep1,1.4498,85,11
rep1,1.4526,86,11
rep1,1.4563,87,11
rep1,1.4595,88,11
rep1,1.4598,89,11
rep1,1.4626,90,11
rep1,1.4629,91,11
rep1,1.4629,92,11
rep1,1.4693,93,11
rep1,1.4695,94,11
rep1,1.4698,95,11
rep1,1.4799,96,11
rep1,1.4833,97,11
rep1,1.486,98,11
rep1,1.4928,99,11
rep1,1.493,100,11
rep1,1.4932,101,11
rep1,1.496,102,11
rep1,1.4962,103,11
rep1,1.4963,104,11
rep1,1.4964,105,11
rep1,1.4994,106,11
rep1,1.4997,107,11
rep1,1.4997,108,11
rep1,1.4997,109,11
rep1,1.5026,110,11
rep1,1.5028,111,11
rep1,1.503,112,11
rep1,1.5059,113,11
rep1,1.5063,114,11
rep1,1.5094,115,11
rep1,1.5131,116,11
rep1,1.5162,117,11
rep1,1.5163,118,11
rep1,1.5163,119,11
rep1,1.5163,120,11
rep1,1.5165,121,11
rep1,1.5165,122,11
rep1,1.5226,123,11
rep1,1.5227,124,11
rep1,1.5227,125,11
rep1,1.5228,126,11
rep1,1.5229,127,11
rep1,1.523,128,11
rep1,1.523,129,11
rep1,1.5293,130,11
rep1,1.5296,131,11
rep1,1.5298,132,11
rep1,1.5298,133,11
rep1,1.5326,134,11
rep1,1.5332,135,11
rep1,1.5395,136,11
rep1,1.5398,137,11
rep1,1.5427,138,11
rep1,1.5431,139,11
rep1,1.5462,140,11
rep1,1.5463,141,11
rep1,1.5465,142,11
rep1,1.5497,143,11
rep1,1.5562,144,11
rep1,1.5562,145,11
rep1,1.5594,146,11
rep1,1.5626,147,11
rep1,1.5663,148,11
rep1,1.5664,149,11
rep1,1.5697,150,11
rep1,1.5697,151,11
rep1,1.5729,152,11
rep1,1.5759,153,11
rep1,1.5762,154,11
rep1,1.5762,155,11
rep1,1.5763,156,11
rep1,1.5763,157,11
rep1,1.5765,158,11
rep1,1.5793,159,11
rep1,1.5827,160,11
rep1,1.5861,161,11
rep1,1.5893,162,11
rep1,1.5926,163,11
rep1,1.5928,164,11
rep1,1.5931,165,11
rep1,1.596,166,11
rep1,1.5993,167,11
rep1,1.5995,168,11
rep1,1.5995,169,11
rep1,1.5996,170,11
rep1,1.5997,171,11
rep1,1.5997,172,11
rep1,1.6029,173,11
rep1,1.6061,174,11
rep1,1.6063,175,11
rep1,1.6063,176,11
rep1,1.6064,176,12
rep1,1.6093,177,12
rep1,1.6095,178,12
rep1,1.6095,179,12
rep1,1.6097,180,12
rep1,1.6126,181,12
rep1,1.6128,182,12
rep1,1.6128,183,12
rep1,1.616,184,12
rep1,1.6166,185,12
rep1,1.6199,186,12
rep1,1.6227,187,12
rep1,1.6227,188,12
rep1,1.6227,189,12
rep1,1.6229,190,12
rep1,1.6231,191,12
rep1,1.6231,192,12
rep1,1.6231,193,12
rep1,1.6231,194,12
rep1,1.626,195,12
rep1,1.6271,196,12
rep1,1.6271,197,12
rep1,1.6271,198,12
rep1,1.6272,199,12
rep1,1.6272,200,12
rep1,1.6292,201,12
rep1,1.6295,202,12
rep1,1.6295,203,12
rep1,1.6295,204,12
rep1,1.6296,205,12
rep1,1.6296,206,12
rep1,1.6296,207,12
rep1,1.6297,208,12
rep1,1.6298,209,12
rep1,1.6328,210,12
rep1,1.6329,211,12
rep1,1.633,212,12
rep1,1.6359,213,12
rep1,1.6362,214,12
rep1,1.6362,215,12
rep1,1.6395,216,12
rep1,1.6396,217,12
rep1,1.6428,218,12
rep1,1.6428,219,12
rep1,1.643,220,12
rep1,1.6431,221,12
rep1,1.6432,222,12
rep1,1.646,223,12
rep1,1.6461,224,12
rep1,1.6464,225,12
rep1,1.6465,226,12
rep1,1.6494,227,12
rep1,1.653,228,12
rep1,1.653,229,12
rep1,1.6531,230,12
rep1,1.6563,231,12
rep1,1.6563,232,12
rep1,1.6565,233,12
rep1,1.6593,234,12
rep1,1.6593,235,12
rep1,1.6593,236,12
rep1,1.6593,237,12
rep1,1.6595,238,12
rep1,1.6595,239,12
rep1,1.6596,240,12
rep1,1.6596,241,12
rep1,1.6596,242,12
rep1,1.6598,243,12
rep1,1.6598,244,12
rep1,1.6627,245,12
rep1,1.6628,246,12
rep1,1.663,247,12
rep1,1.663,248,12
rep1,1.663,249,12
rep1,1.6662,250,12
rep1,1.6665,251,12
rep1,1.6666,252,12
rep1,1.6696,253,12
rep1,1.6697,254,12
rep1,1.6698,255,12
rep1,1.6726,256,12
rep1,1.6728,257,12
rep1,1.6729,258,12
rep1,1.6732,259,12
rep1,1.6732,260,12
rep1,1.6759,261,12
rep1,1.676,262,12
rep1,1.6762,263,12
rep1,1.6762,264,12
rep1,1.6763,265,12
rep1,1.6763,266,12
rep1,1.6764,267,12
rep1,1.6764,268,12
rep1,1.6794,269,12
rep1,1.6796,270,12
rep1,1.6796,271,12
rep1,1.6828,272,12
rep1,1.6832,273,12
rep1,1.6859,274,12
rep1,1.686,275,12
rep1,1.6862,276,12
rep1,1.6865,277,12
rep1,1.6866,278,12
rep1,1.6892,279,12
rep1,1.6893,280,12
rep1,1.6894,281,12
rep1,1.6895,282,12
rep1,1.6899,283,12
rep1,1.6931,284,12
rep1,1.6931,285,12
rep1,1.6963,286,12
rep1,1.6963,287,12
rep1,1.6964,288,12
rep1,1.6993,289,12
rep1,1.6994,290,12
rep1,1.6996,291,12
rep1,1.6999,292,12
rep1,1.7029,293,12
rep1,1.706,294,12
rep1,1.706,295,12
rep1,1.706,296,12
rep1,1.706,297,12
rep1,1.7061,298,12
rep1,1.7061,299,12
rep1,1.7062,300,12
rep1,1.7063,301,12
rep1,1.7063,302,12
rep1,1.7065,303,12
rep1,1.7097,304,12
rep1,1.7098,305,12
rep1,1.7132,306,12
rep1,1.716,307,12
rep1,1.7163,308,12
rep1,1.7192,309,12
rep1,1.7193,310,12
rep1,1.7226,311,12
rep1,1.7233,312,12
rep1,1.7233,313,12
rep1,1.7259,314,12
rep1,1.7261,315,12
rep1,1.7294,316,12
rep1,1.7326,317,12
rep1,1.7328,318,12
rep1,1.7331,319,12
rep1,1.7394,320,12
rep1,1.7394,321,12
rep1,1.7397,322,12
rep1,1.7429,323,12
rep1,1.743,324,12
rep1,1.7461,325,12
rep1,1.7463,326,12
rep1,1.7465,327,12
rep1,1.7493,328,12
rep1,1.7559,329,12
rep1,1.7561,330,12
rep1,1.7563,331,12
rep1,1.7593,332,12
rep1,1.7593,333,12
rep1,1.7594,334,12
rep1,1.7596,335,12
rep1,1.7599,336,12
rep1,1.763,337,12
rep1,1.7663,338,12
rep1,1.7666,339,12
rep1,1.7666,340,12
rep1,1.77,341,12
rep1,1.7729,342,12
rep1,1.7731,343,12
rep1,1.7731,344,12
rep1,1.776,345,12
rep1,1.7764,346,12
rep1,1.7793,347,12
rep1,1.7794,348,12
rep1,1.7795,349,12
rep1,1.7799,350,12
rep1,1.7828,351,12
rep1,1.7828,352,12
rep1,1.783,353,12
rep1,1.786,354,12
rep1,1.7861,355,12
rep1,1.7864,356,12
rep1,1.7864,356,13
rep1,1.7892,357,13
rep1,1.7893,358,13
rep1,1.7926,359,13
rep1,1.7963,360,13
rep1,1.7963,361,13
rep1,1.7965,362,13
rep1,1.7994,363,13
rep1,1.7995,364,13
rep1,1.7995,365,13
rep1,1.8027,366,13
rep1,1.8028,367,13
rep1,1.8032,368,13
rep1,1.8095,369,13
rep1,1.8097,370,13
rep1,1.8159,371,13
rep1,1.8192,372,13
rep1,1.8197,373,13
rep1,1.8198,374,13
rep1,1.8199,375,13
rep1,1.8229,376,13
rep1,1.8229,377,13
rep1,1.8229,378,13
rep1,1.8232,379,13
rep1,1.8232,380,13
rep1,1.8259,381,13
rep1,1.8261,382,13
rep1,1.8294,383,13
rep1,1.8295,384,13
rep1,1.833,385,13
rep1,1.8394,386,13
rep1,1.8397,387,13
rep1,1.8398,388,13
rep1,1.843,389,13
rep1,1.846,390,13
rep1,1.846,391,13
rep1,1.8462,392,13
rep1,1.8497,393,13
rep1,1.8527,394,13
rep1,1.8536,395,13
rep1,1.8537,396,13
rep1,1.8561,397,13
rep1,1.8565,398,13
rep1,1.8565,399,13
rep1,1.8592,400,13
rep1,1.8593,401,13
rep1,1.8594,402,13
rep1,1.8597,403,13
rep1,1.8599,404,13
rep1,1.8626,405,13
rep1,1.863,406,13
rep1,1.8631,407,13
rep1,1.8633,408,13
rep1,1.8728,409,13
rep1,1.8728,410,13
rep1,1.8729,411,13
rep1,1.8729,412,13
rep1,1.8731,413,13
rep1,1.8731,414,13
rep1,1.8792,415,13
rep1,1.8793,416,13
rep1,1.8793,417,13
rep1,1.8793,418,13
rep1,1.8798,419,13
rep1,1.886,420,13
rep1,1.8893,421,13
rep1,1.8893,422,13
rep1,1.8929,423,13
rep1,1.8961,424,13
rep1,1.8963,425,13
rep1,1.8963,426,13
rep1,1.9027,427,13
rep1,1.9065,428,13
rep1,1.9092,429,13
rep1,1.9092,430,13
rep1,1.9094,431,13
rep1,1.9128,432,13
rep1,1.9131,433,13
rep1,1.916,434,13
rep1,1.9194,435,13
rep1,1.9195,436,13
rep1,1.9197,437,13
rep1,1.9199,438,13
rep1,1.9229,439,13
rep1,1.926,440,13
rep1,1.9293,441,13
rep1,1.9294,442,13
rep1,1.9296,443,13
rep1,1.9296,444,13
rep1,1.9296,445,13
rep1,1.9327,446,13
rep1,1.9329,447,13
rep1,1.9363,448,13
rep1,1.9365,449,13
rep1,1.9395,450,13
rep1,1.9397,451,13
rep1,1.9432,452,13
rep1,1.9432,453,13
rep1,1.9464,454,13
rep1,1.9529,455,13
rep1,1.953,456,13
rep1,1.9561,457,13
rep1,1.9561,458,13
rep1,1.9562,459,13
rep1,1.9562,460,13
rep1,1.9563,460,14
rep1,1.9566,461,14
rep1,1.9592,462,14
rep1,1.9593,463,14
rep1,1.9626,464,14
rep1,1.966,465,14
rep1,1.9661,466,14
rep1,1.9662,467,14
rep1,1.9764,468,14
rep1,1.9826,469,14
rep1,1.9831,470,14
rep1,1.9862,471,14
rep1,1.9893,472,14
rep1,1.9893,473,14
rep1,1.9894,474,14
rep1,1.9895,475,14
rep1,1.9897,476,14
rep1,1.99,477,14
rep1,1.99,478,14
rep1,1.9927,479,14
rep1,1.9927,480,14
rep1,1.9927,481,14
rep1,1.9927,481,15
rep1,1.9928,482,15
rep1,1.9928,483,15
rep1,1.9929,484,15
rep1,1.993,485,15
rep1,1.993,486,15
rep1,1.993,487,15
rep1,1.9931,488,15
rep1,1.9931,489,15
rep1,1.9931,490,15
rep1,1.9931,491,15
rep1,1.9933,492,15
rep1,1.9959,493,15
rep1,1.996,494,15
rep1,1.996,495,15
rep1,1.9961,496,15
rep1,1.9961,497,15
rep1,1.9961,498,15
rep1,1.9962,499,15
rep1,1.9962,500,15
rep1,1.9962,501,15
rep1,1.9962,502,15
rep1,1.9962,503,15
rep1,1.9963,504,15
rep1,1.9963,505,15
rep1,1.9963,506,15
rep1,1.9964,507,15
rep1,1.9964,508,15
rep1,1.9965,509,15
rep1,1.9995,510,15
rep1,1.9996,511,15
rep1,2.0028,512,15
rep1,2.0031,513,15
rep1,2.0062,514,15
rep1,2.0063,515,15
rep1,2.0064,516,15
rep1,2.0064,517,15
rep1,2.0064,518,15
rep1,2.0065,519,15
rep1,2.0093,520,15
rep1,2.0093,521,15
rep1,2.0093,522,15
rep1,2.0094,523,15
rep1,2.0094,524,15
rep1,2.0095,525,15
rep1,2.0097,526,15
rep1,2.0097,527,15
rep1,2.0097,528,15
rep1,2.0098,529,15
rep1,2.0127,530,15
rep1,2.0128,531,15
rep1,2.0128,532,15
rep1,2.0128,533,15
rep1,2.013,534,15
rep1,2.0159,535,15
rep1,2.016,536,15
rep1,2.0161,537,15
rep1,2.0163,538,15
rep1,2.0164,539,15
rep1,2.0166,540,15
rep1,2.0197,541,15
rep1,2.0197,542,15
rep1,2.0226,543,15
rep1,2.0229,544,15
rep1,2.023,545,15
rep1,2.0231,546,15
rep1,2.0231,547,15
rep1,2.0233,548,15
rep1,2.026,549,15
rep1,2.026,550,15
rep1,2.0261,551,15
rep1,2.0261,552,15
rep1,2.0262,553,15
rep1,2.0262,554,15
rep1,2.0263,555,15
rep1,2.0265,556,15
rep1,2.0294,557,15
rep1,2.0295,558,15
rep1,2.0298,559,15
rep1,2.0328,560,15
rep1,2.0328,561,15
rep1,2.033,562,15
rep1,2.0333,563,15
rep1,2.0334,564,15
rep1,2.0361,565,15
rep1,2.0361,566,15
rep1,2.0362,567,15
rep1,2.0363,568,15
rep1,2.0365,569,15
rep1,2.0366,570,15
rep1,2.0366,571,15
rep1,2.0366,572,15
rep1,2.0366,573,15
rep1,2.0396,574,15
rep1,2.0396,575,15
rep1,2.0396,576,15
rep1,2.0398,577,15
rep1,2.0428,578,15
rep1,2.0428,579,15
rep1,2.043,580,15
rep1,2.0433,581,15
rep1,2.0433,582,15
rep1,2.0464,583,15
rep1,2.0464,584,15
rep1,2.0465,585,15
rep1,2.0495,586,15
rep1,2.0496,587,15
rep1,2.0497,588,15
rep1,2.0497,589,15
rep1,2.0497,590,15
rep1,2.0527,591,15
rep1,2.0528,592,15
rep1,2.0529,593,15
rep1,2.0531,594,15
rep1,2.056,595,15
rep1,2.0561,596,15
rep1,2.0562,597,15
rep1,2.0562,598,15
rep1,2.0564,599,15
rep1,2.0565,600,15
rep1,2.0566,601,15
rep1,2.0593,602,15
rep1,2.0598,603,15
rep1,2.0598,604,15
rep1,2.0628,605,15
rep1,2.0628,606,15
rep1,2.0628,607,15
rep1,2.0628,608,15
rep1,2.0628,609,15
rep1,2.066,610,15
rep1,2.066,611,15
rep1,2.066,612,15
rep1,2.066,613,15
rep1,2.0662,614,15
rep1,2.0662,615,15
rep1,2.0663,616,15
rep1,2.0663,617,15
rep1,2.0664,618,15
rep1,2.0665,619,15
rep1,2.0665,620,15
rep1,2.0666,621,15
rep1,2.0693,622,15
rep1,2.0693,623,15
rep1,2.0697,624,15
rep1,2.0697,625,15
rep1,2.0726,626,15
rep1,2.0726,627,15
rep1,2.0726,628,15
rep1,2.0726,629,15
rep1,2.0764,630,15
rep1,2.0765,631,15
rep1,2.0766,632,15
rep1,2.0768,633,15
rep1,2.0796,634,15
rep1,2.0796,635,15
rep1,2.0797,636,15
rep1,2.0827,637,15
rep1,2.0828,638,15
rep1,2.0829,639,15
rep1,2.083,640,15
rep1,2.0831,641,15
rep1,2.0861,642,15
rep1,2.0863,643,15
rep1,2.0863,644,15
rep1,2.0893,645,15
rep1,2.0893,646,15
rep1,2.0894,647,15
rep1,2.0894,648,15
rep1,2.0894,649,15
rep1,2.0895,650,15
rep1,2.0895,651,15
rep1,2.0895,652,15
rep1,2.0895,653,15
rep1,2.0896,654,15
rep1,2.0897,655,15
rep1,2.0898,656,15
rep1,2.0898,657,15
rep1,2.0898,658,15
rep1,2.0899,659,15
rep1,2.0899,660,15
rep1,2.0926,661,15
rep1,2.0927,662,15
rep1,2.0928,663,15
rep1,2.0928,664,15
rep1,2.093,665,15
rep1,2.0962,666,15
rep1,2.0963,667,15
rep1,2.0965,668,15
rep1,2.0965,669,15
rep1,2.0966,670,15
rep1,2.0992,671,15
rep1,2.0993,672,15
rep1,2.0993,673,15
rep1,2.0995,674,15
rep1,2.0997,675,15
rep1,2.0998,676,15
rep1,2.1026,677,15
rep1,2.1028,678,15
rep1,2.1029,679,15
rep1,2.1031,680,15
rep1,2.1031,681,15
rep1,2.1061,682,15
rep1,2.1062,683,15
rep1,2.1062,684,15
rep1,2.1064,685,15
rep1,2.1064,686,15
rep1,2.1098,687,15
rep1,2.1098,688,15
rep1,2.1099,689,15
rep1,2.1128,690,15
rep1,2.1159,691,15
rep1,2.1162,692,15
rep1,2.1163,693,15
rep1,2.1194,694,15
rep1,2.1197,695,15
rep1,2.1197,696,15
rep1,2.1227,697,15
rep1,2.1231,698,15
rep1,2.1259,699,15
rep1,2.1262,700,15
rep1,2.1263,701,15
rep1,2.1263,702,15
rep1,2.1263,703,15
rep1,2.1264,704,15
rep1,2.1293,705,15
rep1,2.1294,706,15
rep1,2.1295,707,15
rep1,2.1297,708,15
rep1,2.1297,709,15
rep1,2.1298,710,15
rep1,2.1326,711,15
rep1,2.1329,712,15
rep1,2.133,713,15
rep1,2.1359,714,15
rep1,2.136,715,15
rep1,2.1361,716,15
rep1,2.1361,717,15
rep1,2.1362,718,15
rep1,2.1362,719,15
rep1,2.1363,720,15
rep1,2.1393,721,15
rep1,2.1396,722,15
rep1,2.1397,723,15
rep1,2.1398,724,15
rep1,2.1426,725,15
rep1,2.143,726,15
rep1,2.146,727,15
rep1,2.146,728,15
rep1,2.146,729,15
rep1,2.1492,730,15
rep1,2.1493,731,15
rep1,2.1493,732,15
rep1,2.1499,733,15
rep1,2.1529,734,15
rep1,2.1531,735,15
rep1,2.1531,736,15
rep1,2.1559,737,15
rep1,2.1596,738,15
rep1,2.1596,739,15
rep1,2.1598,740,15
rep1,2.1626,741,15
rep1,2.1628,742,15
rep1,2.1628,743,15
rep1,2.1628,744,15
rep1,2.163,745,15
rep1,2.1631,746,15
rep1,2.1631,747,15
rep1,2.1661,748,15
rep1,2.1661,749,15
rep1,2.1662,750,15
rep1,2.1665,751,15
rep1,2.1693,752,15
rep1,2.1694,753,15
rep1,2.1698,754,15
rep1,2.1727,755,15
rep1,2.1729,756,15
rep1,2.173,757,15
rep1,2.1731,758,15
rep1,2.1732,759,15
rep1,2.1732,760,15
rep1,2.1762,761,15
rep1,2.1763,762,15
rep1,2.1763,763,15
rep1,2.1765,764,15
rep1,2.1765,765,15
rep1,2.1766,766,15
rep1,2.1797,767,15
rep1,2.1798,768,15
rep1,2.184,769,15
rep1,2.1859,770,15
rep1,2.1859,771,15
rep1,2.1862,772,15
rep1,2.1864,773,15
rep1,2.1864,774,15
rep1,2.1865,775,15
rep1,2.1893,776,15
rep1,2.1894,777,15
rep1,2.1894,778,15
rep1,2.1898,779,15
rep1,2.1898,780,15
rep1,2.1899,781,15
rep1,2.1926,782,15
rep1,2.1926,783,15
rep1,2.1929,784,15
rep1,2.1929,785,15
rep1,2.193,786,15
rep1,2.1962,787,15
rep1,2.1994,788,15
rep1,2.1994,789,15
rep1,2.1995,790,15
rep1,2.1997,791,15
rep1,2.2029,792,15
rep1,2.2032,793,15
rep1,2.2033,794,15
rep1,2.2064,795,15
rep1,2.2094,796,15
rep1,2.2094,797,15
rep1,2.2094,798,15
rep1,2.2097,799,15
rep1,2.2097,800,15
rep1,2.2098,801,15
rep1,2.2099,802,15
rep1,2.2126,803,15
rep1,2.2129,804,15
rep1,2.2131,805,15
rep1,2.2131,806,15
rep1,2.2159,807,15
rep1,2.2162,808,15
rep1,2.2162,809,15
rep1,2.2164,810,15
rep1,2.2164,811,15
rep1,2.2196,812,15
rep1,2.2198,813,15
rep1,2.2226,814,15
rep1,2.2226,815,15
rep1,2.2226,816,15
rep1,2.2227,817,15
rep1,2.2227,818,15
rep1,2.2227,819,15
rep1,2.2228,820,15
rep1,2.2229,821,15
rep1,2.2229,822,15
rep1,2.2229,823,15
rep1,2.2232,824,15
rep1,2.2232,825,15
rep1,2.2232,826,15
rep1,2.2233,827,15
rep1,2.2233,828,15
rep1,2.2261,829,15
rep1,2.2261,830,15
rep1,2.2263,831,15
rep1,2.2298,832,15
rep1,2.2327,833,15
rep1,2.2359,834,15
rep1,2.2361,835,15
rep1,2.2362,836,15
rep1,2.2362,837,15
rep1,2.2362,838,15
rep1,2.2362,839,15
rep1,2.2363,840,15
rep1,2.2363,841,15
rep1,2.2365,842,15
rep1,2.2365,843,15
rep1,2.2366,844,15
rep1,2.2393,845,15
rep1,2.2395,846,15
rep1,2.2429,847,15
rep1,2.2462,848,15
rep1,2.2463,849,15
rep1,2.2464,850,15
rep1,2.2493,851,15
rep1,2.2494,852,15
rep1,2.2494,853,15
rep1,2.2497,854,15
rep1,2.2499,855,15
rep1,2.2528,856,15
rep1,2.2529,857,15
rep1,2.2531,858,15
rep1,2.2561,859,15
rep1,2.2562,860,15
rep1,2.2562,861,15
rep1,2.2563,862,15
rep1,2.2564,863,15
rep1,2.2592,864,15
rep1,2.2593,865,15
rep1,2.2596,866,15
rep1,2.2598,867,15
rep1,2.2626,868,15
rep1,2.2627,869,15
rep1,2.2632,870,15
rep1,2.266,871,15
rep1,2.2661,872,15
rep1,2.2664,873,15
rep1,2.2692,874,15
rep1,2.2694,875,15
rep1,2.2726,876,15
rep1,2.2729,877,15
rep1,2.2731,878,15
rep1,2.2731,879,15
rep1,2.2762,880,15
rep1,2.2764,881,15
rep1,2.2793,882,15
rep1,2.2832,883,15
rep1,2.286,884,15
rep1,2.2861,885,15
rep1,2.2861,886,15
rep1,2.2861,887,15
rep1,2.2895,888,15
rep1,2.2902,889,15
rep1,2.2903,890,15
rep1,2.2904,891,15
rep1,2.2929,892,15
rep1,2.2929,893,15
rep1,2.2931,894,15
rep1,2.2959,895,15
rep1,2.2961,896,15
rep1,2.2963,897,15
rep1,2.2964,898,15
rep1,2.2994,899,15
rep1,2.2995,900,15
rep1,2.2998,901,15
rep1,2.3026,902,15
rep1,2.3027,903,15
rep1,2.3027,904,15
rep1,2.3028,905,15
rep1,2.3062,906,15
rep1,2.3096,907,15
rep1,2.3127,908,15
rep1,2.3129,909,15
rep1,2.3129,910,15
rep1,2.3165,911,15
rep1,2.3166,912,15
rep1,2.3196,913,15
rep1,2.323,914,15
rep1,2.3261,915,15
rep1,2.3263,916,15
rep1,2.3263,917,15
rep1,2.3292,918,15
rep1,2.3293,919,15
rep1,2.3298,920,15
rep1,2.3329,921,15
rep1,2.3332,922,15
rep1,2.3364,923,15
rep1,2.3426,924,15
rep1,2.3426,925,15
rep1,2.3427,926,15
rep1,2.3427,927,15
rep1,2.3427,928,15
rep1,2.3428,929,15
rep1,2.3428,930,15
rep1,2.3428,931,15
rep1,2.3428,932,15
rep1,2.3429,933,15
rep1,2.3429,934,15
rep1,2.3429,935,15
rep1,2.343,936,15
rep1,2.3431,937,15
rep1,2.3431,938,15
rep1,2.3431,939,15
rep1,2.3431,940,15
rep1,2.346,941,15
rep1,2.3461,942,15
rep1,2.3495,943,15
rep1,2.3498,944,15
rep1,2.3526,945,15
rep1,2.3527,946,15
rep1,2.3531,947,15
rep1,2.3532,948,15
rep1,2.3559,949,15
rep1,2.3559,950,15
rep1,2.3563,951,15
rep1,2.3565,952,15
rep1,2.3565,953,15
rep1,2.3592,954,15
rep1,2.3596,955,15
rep1,2.3627,956,15
rep1,2.3629,957,15
rep1,2.366,958,15
rep1,2.3661,959,15
rep1,2.3661,960,15
rep1,2.3665,961,15
rep1,2.3665,962,15
rep1,2.3693,963,15
rep1,2.3696,964,15
rep1,2.3697,965,15
rep1,2.3698,966,15
rep1,2.3728,967,15
rep1,2.3728,968,15
rep1,2.373,969,15
rep1,2.3731,970,15
rep1,2.3762,971,15
rep1,2.3763,972,15
rep1,2.3764,973,15
rep1,2.3764,974,15
rep1,2.3765,975,15
rep1,2.3766,976,15
rep1,2.3794,977,15
rep1,2.3796,978,15
rep1,2.3796,979,15
rep1,2.3797,980,15
rep1,2.3827,981,15
rep1,2.3828,982,15
rep1,2.3829,983,15
rep1,2.383,984,15
rep1,2.383,985,15
rep1,2.383,986,15
rep1,2.3859,987,15
rep1,2.386,988,15
rep1,2.3862,989,15
rep1,2.3862,990,15
rep1,2.3862,991,15
rep1,2.3863,992,15
rep1,2.3864,993,15
rep1,2.3864,994,15
rep1,2.3893,995,15
rep1,2.3895,996,15
rep1,2.3897,997,15
rep1,2.3898,998,15
rep1,2.3899,999,15
rep1,2.3926,1000,15
rep1,2.3927,1001,15
rep1,2.3927,1002,15
rep1,2.3928,1003,15
rep1,2.3929,1004,15
rep1,2.3929,1005,15
rep1,2.393,1006,15
rep1,2.393,1007,15
rep1,2.393,1008,15
rep1,2.3932,1009,15
rep1,2.3962,1010,15
rep1,2.3962,1011,15
rep1,2.3963,1012,15
rep1,2.3965,1013,15
rep1,2.3966,1014,15
rep1,2.3992,1015,15
rep1,2.3992,1016,15
rep1,2.3994,1017,15
rep1,2.3996,1018,15
rep1,2.3996,1019,15
rep1,2.3997,1020,15
rep1,2.3997,1021,15
rep1,2.3999,1022,15
rep1,2.3999,1023,15
rep1,2.3999,1024,15
rep1,2.4028,1025,15
rep1,2.4028,1026,15
rep1,2.4028,1027,15
rep1,2.4029,1028,15
rep1,2.403,1029,15
rep1,2.403,1030,15
rep1,2.4031,1031,15
rep1,2.4032,1032,15
rep1,2.406,1033,15
rep1,2.4068,1034,15
rep1,2.4068,1035,15
rep1,2.4068,1036,15
rep1,2.4069,1036,16
rep1,2.4069,1037,16
rep1,2.4071,1038,16
rep1,2.4071,1039,16
rep1,2.4071,1040,16
rep1,2.4094,1041,16
rep1,2.4126,1042,16
rep1,2.4128,1043,16
rep1,2.4128,1044,16
rep1,2.4128,1045,16
rep1,2.4129,1046,16
rep1,2.413,1047,16
rep1,2.413,1048,16
rep1,2.4131,1049,16
rep1,2.4131,1050,16
rep1,2.4132,1051,16
rep1,2.4132,1052,16
rep1,2.4159,1053,16
rep1,2.4161,1054,16
rep1,2.4161,1055,16
rep1,2.4164,1056,16
rep1,2.4193,1057,16
rep1,2.4196,1058,16
rep1,2.4196,1059,16
rep1,2.4197,1060,16
rep1,2.4198,1061,16
rep1,2.4198,1062,16
rep1,2.4227,1063,16
rep1,2.423,1064,16
rep1,2.4232,1065,16
rep1,2.4261,1066,16
rep1,2.4262,1067,16
rep1,2.4266,1068,16
rep1,2.4293,1069,16
rep1,2.4294,1070,16
rep1,2.43,1071,16
rep1,2.4326,1072,16
rep1,2.4326,1073,16
rep1,2.4327,1074,16
rep1,2.4329,1075,16
rep1,2.433,1076,16
rep1,2.4361,1077,16
rep1,2.4361,1078,16
rep1,2.4363,1079,16
rep1,2.4393,1080,16
rep1,2.4394,1081,16
rep1,2.4395,1082,16
rep1,2.4426,1083,16
rep1,2.4428,1084,16
rep1,2.4429,1085,16
rep1,2.443,1086,16
rep1,2.446,1087,16
rep1,2.4463,1088,16
rep1,2.4496,1089,16
rep1,2.4497,1090,16
rep1,2.4498,1091,16
rep1,2.4526,1092,16
rep1,2.4527,1093,16
rep1,2.4527,1094,16
rep1,2.4532,1095,16
rep1,2.4533,1096,16
rep1,2.4559,1097,16
rep1,2.456,1098,16
rep1,2.456,1099,16
rep1,2.4562,1100,16
rep1,2.4592,1101,16
rep1,2.4597,1102,16
rep1,2.4598,1103,16
rep1,2.4626,1104,16
rep1,2.4628,1105,16
rep1,2.463,1106,16
rep1,2.463,1107,16
rep1,2.4661,1108,16
rep1,2.4661,1109,16
rep1,2.4661,1110,16
rep1,2.4665,1111,16
rep1,2.4693,1112,16
rep1,2.4694,1113,16
rep1,2.4695,1114,16
rep1,2.4696,1115,16
rep1,2.4696,1116,16
rep1,2.4699,1117,16
rep1,2.4699,1118,16
rep1,2.4728,1119,16
rep1,2.4731,1120,16
rep1,2.4731,1121,16
rep1,2.476,1122,16
rep1,2.4763,1123,16
rep1,2.4793,1124,16
rep1,2.4794,1125,16
rep1,2.4794,1126,16
rep1,2.4796,1127,16
rep1,2.4796,1128,16
rep1,2.4796,1129,16
rep1,2.4797,1130,16
rep1,2.4797,1131,16
rep1,2.4827,1132,16
rep1,2.4827,1133,16
rep1,2.486,1134,16
rep1,2.4861,1135,16
rep1,2.4861,1136,16
rep1,2.4861,1137,16
rep1,2.4894,1138,16
rep1,2.4894,1139,16
rep1,2.4896,1140,16
rep1,2.4896,1141,16
rep1,2.4896,1142,16
rep1,2.4899,1143,16
rep1,2.4927,1144,16
rep1,2.4928,1145,16
rep1,2.4928,1146,16
rep1,2.4928,1147,16
rep1,2.4929,1148,16
rep1,2.4929,1149,16
rep1,2.4959,1150,16
rep1,2.4962,1151,16
rep1,2.4962,1152,16
rep1,2.4963,1153,16
rep1,2.4963,1154,16
rep1,2.4963,1155,16
rep1,2.4964,1156,16
rep1,2.4992,1157,16
rep1,2.4995,1158,16
rep1,2.5026,1159,16
rep1,2.5028,1160,16
rep1,2.5029,1161,16
rep1,2.503,1162,16
rep1,2.503,1163,16
rep1,2.5032,1164,16
rep1,2.5064,1165,16
rep1,2.5065,1166,16
rep1,2.5093,1167,16
rep1,2.5095,1168,16
rep1,2.5098,1169,16
rep1,2.5099,1170,16
rep1,2.5127,1171,16
rep1,2.5127,1172,16
rep1,2.5128,1173,16
rep1,2.513,1174,16
rep1,2.5136,1175,16
rep1,2.5159,1176,16
rep1,2.5161,1177,16
rep1,2.5165,1178,16
rep1,2.5192,1179,16
rep1,2.5195,1180,16
rep1,2.5198,1181,16
rep1,2.5264,1182,16
rep1,2.5265,1183,16
rep1,2.5294,1184,16
rep1,2.5329,1185,16
rep1,2.533,1186,16
rep1,2.5331,1187,16
rep1,2.5331,1188,16
rep1,2.5331,1189,16
rep1,2.5362,1190,16
rep1,2.5364,1191,16
rep1,2.5395,1192,16
rep1,2.5396,1193,16
rep1,2.5398,1194,16
rep1,2.5399,1195,16
rep1,2.5428,1196,16
rep1,2.5428,1197,16
rep1,2.5493,1198,16
rep1,2.5494,1199,16
rep1,2.5495,1200,16
rep1,2.5497,1201,16
rep1,2.5497,1202,16
rep1,2.5498,1203,16
rep1,2.5498,1204,16
rep1,2.5498,1205,16
rep1,2.5499,1206,16
rep1,2.5528,1207,16
rep1,2.553,1208,16
rep1,2.5531,1209,16
rep1,2.5562,1210,16
rep1,2.5596,1211,16
rep1,2.5597,1212,16
rep1,2.5598,1213,16
rep1,2.5626,1214,16
rep1,2.5627,1215,16
rep1,2.5629,1216,16
rep1,2.5631,1217,16
rep1,2.5631,1218,16
rep1,2.5632,1219,16
rep1,2.5659,1220,16
rep1,2.566,1221,16
rep1,2.5663,1222,16
rep1,2.5664,1223,16
rep1,2.5665,1224,16
rep1,2.5697,1225,16
rep1,2.5728,1226,16
rep1,2.573,1227,16
rep1,2.5759,1228,16
rep1,2.576,1229,16
rep1,2.5761,1230,16
rep1,2.5792,1231,16
rep1,2.5793,1232,16
rep1,2.5794,1233,16
rep1,2.5827,1234,16
rep1,2.583,1235,16
rep1,2.583,1236,16
rep1,2.5831,1237,16
rep1,2.5832,1238,16
rep1,2.586,1239,16
rep1,2.586,1240,16
rep1,2.586,1241,16
rep1,2.5862,1242,16
rep1,2.5862,1243,16
rep1,2.5863,1244,16
rep1,2.5863,1245,16
rep1,2.5864,1246,16
rep1,2.5864,1247,16
rep1,2.5864,1248,16
rep1,2.5864,1249,16
rep1,2.5865,1250,16
rep1,2.5896,1251,16
rep1,2.5898,1252,16
rep1,2.5926,1253,16
rep1,2.5926,1254,16
rep1,2.5931,1255,16
rep1,2.5931,1256,16
rep1,2.5933,1257,16
rep1,2.5959,1258,16
rep1,2.5961,1259,16
rep1,2.5964,1260,16
rep1,2.5994,1261,16
rep1,2.5995,1262,16
rep1,2.5995,1263,16
rep1,2.5996,1264,16
rep1,2.5997,1265,16
rep1,2.5997,1266,16
rep1,2.5997,1267,16
rep1,2.5999,1268,16
rep1,2.6,1269,16
rep1,2.6027,1270,16
rep1,2.6093,1271,16
rep1,2.6094,1272,16
rep1,2.6094,1273,16
rep1,2.6095,1274,16
rep1,2.6095,1275,16
rep1,2.6098,1276,16
rep1,2.6099,1277,16
rep1,2.6099,1278,16
rep1,2.6126,1279,16
rep1,2.6129,1280,16
rep1,2.6129,1281,16
rep1,2.613,1282,16
rep1,2.6162,1283,16
rep1,2.6163,1284,16
rep1,2.6164,1285,16
rep1,2.6164,1286,16
rep1,2.6193,1287,16
rep1,2.6193,1288,16
rep1,2.6193,1289,16
rep1,2.6193,1290,16
rep1,2.6194,1291,16
rep1,2.6194,1292,16
rep1,2.6196,1293,16
rep1,2.6196,1294,16
rep1,2.6196,1295,16
rep1,2.6196,1296,16
rep1,2.6197,1297,16
rep1,2.62,1298,16
rep1,2.6228,1299,16
rep1,2.6229,1300,16
rep1,2.626,1301,16
rep1,2.6261,1302,16
rep1,2.6263,1303,16
rep1,2.6296,1304,16
rep1,2.6297,1305,16
rep1,2.633,1306,16
rep1,2.6331,1307,16
rep1,2.6331,1308,16
rep1,2.6333,1309,16
rep1,2.6363,1310,16
rep1,2.6363,1311,16
rep1,2.6364,1312,16
rep1,2.6365,1313,16
rep1,2.6365,1314,16
rep1,2.6365,1315,16
rep1,2.6393,1316,16
rep1,2.6394,1317,16
rep1,2.6396,1318,16
rep1,2.6397,1319,16
rep1,2.6398,1320,16
rep1,2.6431,1321,16
rep1,2.6431,1322,16
rep1,2.646,1323,16
rep1,2.6462,1324,16
rep1,2.6462,1325,16
rep1,2.6465,1326,16
rep1,2.6465,1327,16
rep1,2.6493,1328,16
rep1,2.6494,1329,16
rep1,2.6496,1330,16
rep1,2.6529,1331,16
rep1,2.6562,1332,16
rep1,2.6563,1333,16
rep1,2.6595,1334,16
rep1,2.6598,1335,16
rep1,2.6627,1336,16
rep1,2.6628,1337,16
rep1,2.6628,1338,16
rep1,2.663,1339,16
rep1,2.6631,1340,16
rep1,2.6659,1341,16
rep1,2.6664,1342,16
rep1,2.6693,1343,16
rep1,2.6694,1344,16
rep1,2.6726,1345,16
rep1,2.6726,1346,16
rep1,2.6726,1347,16
rep1,2.6726,1348,16
rep1,2.6729,1349,16
rep1,2.673,1350,16
rep1,2.673,1351,16
rep1,2.6762,1352,16
rep1,2.6763,1353,16
rep1,2.6764,1354,16
rep1,2.6794,1355,16
rep1,2.6794,1356,16
rep1,2.6795,1357,16
rep1,2.6796,1358,16
rep1,2.6796,1359,16
rep1,2.6799,1360,16
rep1,2.6828,1361,16
rep1,2.6829,1362,16
rep1,2.6829,1363,16
rep1,2.6833,1364,16
rep1,2.686,1365,16
rep1,2.686,1366,16
rep1,2.686,1367,16
rep1,2.6861,1368,16
rep1,2.6861,1369,16
rep1,2.6862,1370,16
rep1,2.6862,1371,16
rep1,2.6864,1372,16
rep1,2.6865,1373,16
rep1,2.6893,1374,16
rep1,2.6928,1375,16
rep1,2.693,1376,16
rep1,2.6931,1377,16
rep1,2.6932,1378,16
rep1,2.6961,1379,16
rep1,2.6963,1380,16
rep1,2.6994,1381,16
rep1,2.6994,1382,16
rep1,2.6995,1383,16
rep1,2.7026,1384,16
rep1,2.7027,1385,16
rep1,2.7027,1386,16
rep1,2.703,1387,16
rep1,2.703,1388,16
rep1,2.7031,1389,16
rep1,2.7031,1390,16
rep1,2.7032,1391,16
rep1,2.7032,1392,16
rep1,2.7033,1393,16
rep1,2.7063,1394,16
rep1,2.7093,1395,16
rep1,2.7093,1396,16
rep1,2.7094,1397,16
rep1,2.7096,1398,16
rep1,2.7096,1399,16
rep1,2.7129,1400,16
rep1,2.7131,1401,16
rep1,2.7162,1402,16
rep1,2.7163,1403,16
rep1,2.7195,1404,16
rep1,2.7196,1405,16
rep1,2.7197,1406,16
rep1,2.7227,1407,16
rep1,2.7262,1408,16
rep1,2.7264,1409,16
rep1,2.7293,1410,16
rep1,2.7328,1411,16
rep1,2.733,1412,16
rep1,2.736,1413,16
rep1,2.7361,1414,16
rep1,2.7428,1415,16
rep1,2.7428,1416,16
rep1,2.7429,1417,16
rep1,2.7459,1418,16
rep1,2.7462,1419,16
rep1,2.7465,1420,16
rep1,2.7497,1421,16
rep1,2.7498,1422,16
rep1,2.7499,1423,16
rep1,2.7499,1424,16
rep1,2.7526,1425,16
rep1,2.7529,1426,16
rep1,2.7529,1427,16
rep1,2.753,1428,16
rep1,2.7531,1429,16
rep1,2.7559,1430,16
rep1,2.756,1431,16
rep1,2.756,1432,16
rep1,2.756,1433,16
rep1,2.7561,1434,16
rep1,2.7562,1435,16
rep1,2.7565,1436,16
rep1,2.7565,1437,16
rep1,2.7565,1438,16
rep1,2.7596,1439,16
rep1,2.7597,1440,16
rep1,2.7597,1441,16
rep1,2.763,1442,16
rep1,2.763,1443,16
rep1,2.766,1444,16
rep1,2.7661,1445,16
rep1,2.7661,1446,16
rep1,2.7663,1447,16
rep1,2.7663,1448,16
rep1,2.7664,1449,16
rep1,2.7665,1450,16
rep1,2.7665,1451,16
rep1,2.7695,1452,16
rep1,2.7698,1453,16
rep1,2.7699,1454,16
rep1,2.7726,1455,16
rep1,2.7728,1456,16
rep1,2.7731,1457,16
rep1,2.776,1458,16
rep1,2.7762,1459,16
rep1,2.7763,1460,16
rep1,2.7795,1461,16
rep1,2.7828,1462,16
rep1,2.7831,1463,16
rep1,2.786,1464,16
rep1,2.786,1465,16
rep1,2.7862,1466,16
rep1,2.7865,1467,16
rep1,2.7895,1468,16
rep1,2.7896,1469,16
rep1,2.7928,1470,16
rep1,2.7929,1471,16
rep1,2.7962,1472,16
rep1,2.7963,1473,16
rep1,2.7994,1474,16
rep1,2.7995,1475,16
rep1,2.7997,1476,16
rep1,2.8027,1477,16
rep1,2.8029,1478,16
rep1,2.803,1479,16
rep1,2.803,1480,16
rep1,2.8031,1481,16
rep1,2.8062,1482,16
rep1,2.8095,1483,16
rep1,2.8128,1484,16
rep1,2.8128,1485,16
rep1,2.8129,1486,16
rep1,2.8163,1487,16
rep1,2.8163,1488,16
rep1,2.8228,1489,16
rep1,2.826,1490,16
rep1,2.8264,1491,16
rep1,2.8326,1492,16
rep1,2.8332,1493,16
rep1,2.8361,1494,16
rep1,2.8362,1495,16
rep1,2.8364,1496,16
rep1,2.8366,1497,16
rep1,2.8395,1498,16
rep1,2.8427,1499,16
rep1,2.8431,1500,16
rep1,2.846,1501,16
rep1,2.8464,1502,16
rep1,2.8492,1503,16
rep1,2.8494,1504,16
rep1,2.8495,1505,16
rep1,2.8495,1506,16
rep1,2.8495,1507,16
rep1,2.8495,1508,16
rep1,2.8527,1509,16
rep1,2.8528,1510,16
rep1,2.854,1511,16
rep1,2.8595,1512,16
rep1,2.8595,1513,16
rep1,2.8596,1514,16
rep1,2.8596,1515,16
rep1,2.8598,1516,16
rep1,2.8626,1517,16
rep1,2.8627,1518,16
rep1,2.8627,1519,16
rep1,2.8628,1520,16
rep1,2.8663,1521,16
rep1,2.8663,1522,16
rep1,2.8664,1523,16
rep1,2.8693,1524,16
rep1,2.8697,1525,16
rep1,2.8697,1526,16
rep1,2.8697,1527,16
rep1,2.8726,1528,16
rep1,2.8728,1529,16
rep1,2.8728,1530,16
rep1,2.8729,1531,16
rep1,2.8729,1532,16
rep1,2.873,1533,16
rep1,2.8732,1534,16
rep1,2.8732,1535,16
rep1,2.8761,1536,16
rep1,2.8762,1537,16
rep1,2.8794,1538,16
rep1,2.8795,1539,16
rep1,2.8798,1540,16
rep1,2.883,1541,16
rep1,2.883,1542,16
rep1,2.8831,1543,16
rep1,2.8831,1544,16
rep1,2.8831,1545,16
rep1,2.8861,1546,16
rep1,2.8862,1547,16
rep1,2.8866,1548,16
rep1,2.8893,1549,16
rep1,2.8893,1550,16
rep1,2.8894,1551,16
rep1,2.8926,1552,16
rep1,2.8926,1553,16
rep1,2.8926,1554,16
rep1,2.8927,1555,16
rep1,2.8927,1556,16
rep1,2.8927,1557,16
rep1,2.8928,1558,16
rep1,2.8928,1559,16
rep1,2.8931,1560,16
rep1,2.8932,1561,16
rep1,2.8959,1562,16
rep1,2.896,1563,16
rep1,2.8961,1564,16
rep1,2.8961,1565,16
rep1,2.8992,1566,16
rep1,2.8993,1567,16
rep1,2.8996,1568,16
rep1,2.9026,1569,16
rep1,2.9028,1570,16
rep1,2.9059,1571,16
rep1,2.906,1572,16
rep1,2.9061,1573,16
rep1,2.9061,1574,16
rep1,2.9065,1575,16
rep1,2.9096,1576,16
rep1,2.9126,1577,16
rep1,2.9159,1578,16
rep1,2.9161,1579,16
rep1,2.9195,1580,16
rep1,2.9226,1581,16
rep1,2.9228,1582,16
rep1,2.9231,1583,16
rep1,2.9231,1584,16
rep1,2.9231,1585,16
rep1,2.9231,1586,16
rep1,2.926,1587,16
rep1,2.9261,1588,16
rep1,2.9262,1589,16
rep1,2.9263,1590,16
rep1,2.9263,1591,16
rep1,2.9265,1592,16
rep1,2.9292,1593,16
rep1,2.9293,1594,16
rep1,2.9295,1595,16
rep1,2.9295,1596,16
rep1,2.9296,1597,16
rep1,2.9297,1598,16
rep1,2.9298,1599,16
rep1,2.9299,1600,16
rep1,2.9299,1601,16
rep1,2.93,1602,16
rep1,2.93,1603,16
rep1,2.9328,1604,16
rep1,2.9329,1605,16
rep1,2.9331,1606,16
rep1,2.9331,1607,16
rep1,2.9332,1608,16
rep1,2.9333,1609,16
rep1,2.9359,1610,16
rep1,2.9362,1611,16
rep1,2.9393,1612,16
rep1,2.9394,1613,16
rep1,2.9396,1614,16
rep1,2.9396,1615,16
rep1,2.9397,1616,16
rep1,2.9397,1617,16
rep1,2.9397,1618,16
rep1,2.9398,1619,16
rep1,2.9428,1620,16
rep1,2.9429,1621,16
rep1,2.9431,1622,16
rep1,2.9459,1623,16
rep1,2.9465,1624,16
rep1,2.9465,1625,16
rep1,2.9492,1626,16
rep1,2.9498,1627,16
rep1,2.9499,1628,16
rep1,2.95,1629,16
rep1,2.95,1630,16
rep1,2.95,1631,16
rep1,2.95,1632,16
rep1,2.9527,1633,16
rep1,2.9528,1634,16
rep1,2.953,1635,16
rep1,2.9531,1636,16
rep1,2.9559,1637,16
rep1,2.9562,1638,16
rep1,2.9594,1639,16
rep1,2.9595,1640,16
rep1,2.9595,1641,16
rep1,2.9629,1642,16
rep1,2.9629,1643,16
rep1,2.9629,1644,16
rep1,2.9661,1645,16
rep1,2.9662,1646,16
rep1,2.9663,1647,16
rep1,2.9664,1648,16
rep1,2.9696,1649,16
rep1,2.9728,1650,16
rep1,2.9729,1651,16
rep1,2.9761,1652,16
rep1,2.9761,1653,16
rep1,2.9794,1654,16
rep1,2.9796,1655,16
rep1,2.9827,1656,16
rep1,2.9831,1657,16
rep1,2.9832,1658,16
rep1,2.9859,1659,16
rep1,2.9865,1660,16
rep1,2.9893,1661,16
rep1,2.9894,1662,16
rep1,2.9928,1663,16
rep1,2.9965,1664,16
rep1,2.9996,1665,16
rep1,2.9998,1666,16
rep1,3.0029,1667,16
rep1,3.0029,1668,16
rep1,3.003,1669,16
rep1,3.003,1670,16
rep1,3.0031,1671,16
rep1,3.0061,1672,16
rep1,3.0062,1673,16
rep1,3.0063,1674,16
rep1,3.0066,1675,16
rep1,3.0096,1676,16
rep1,3.0129,1677,16
rep1,3.0129,1678,16
rep1,3.013,1679,16
rep1,3.0132,1680,16
rep1,3.0132,1681,16
rep1,3.0132,1682,16
rep1,3.0132,1682,17
rep1,3.0161,1683,17
rep1,3.0161,1684,17
rep1,3.0164,1685,17
rep1,3.0165,1686,17
rep1,3.0192,1687,17
rep1,3.0194,1688,17
rep1,3.023,1689,17
rep1,3.0231,1690,17
rep1,3.026,1691,17
rep1,3.0293,1692,17
rep1,3.0295,1693,17
rep1,3.0297,1694,17
rep1,3.0328,1695,17
rep1,3.0329,1696,17
rep1,3.033,1697,17
rep1,3.0332,1698,17
rep1,3.0361,1699,17
rep1,3.0362,1700,17
rep1,3.0365,1701,17
rep1,3.0395,1702,17
rep1,3.0396,1703,17
rep1,3.0396,1704,17
rep1,3.0398,1705,17
rep1,3.0426,1706,17
rep1,3.0428,1707,17
rep1,3.043,1708,17
rep1,3.0432,1709,17
rep1,3.0463,1710,17
rep1,3.0464,1711,17
rep1,3.0492,1712,17
rep1,3.0492,1713,17
rep1,3.0495,1714,17
rep1,3.0496,1715,17
rep1,3.0498,1716,17
rep1,3.0527,1717,17
rep1,3.0528,1718,17
rep1,3.0529,1719,17
rep1,3.0532,1720,17
rep1,3.0559,1721,17
rep1,3.056,1722,17
rep1,3.056,1723,17
rep1,3.0561,1724,17
rep1,3.0561,1725,17
rep1,3.0566,1726,17
rep1,3.0594,1727,17
rep1,3.0595,1728,17
rep1,3.0596,1729,17
rep1,3.0597,1730,17
rep1,3.0628,1731,17
rep1,3.063,1732,17
rep1,3.0632,1733,17
rep1,3.0632,1734,17
rep1,3.0659,1735,17
rep1,3.066,1736,17
rep1,3.066,1737,17
rep1,3.0661,1738,17
rep1,3.0666,1739,17
rep1,3.0666,1740,17
rep1,3.0667,1741,17
rep1,3.0667,1742,17
rep1,3.0694,1743,17
rep1,3.0694,1744,17
rep1,3.0696,1745,17
rep1,3.0699,1746,17
rep1,3.0731,1747,17
rep1,3.0731,1748,17
rep1,3.0762,1749,17
rep1,3.0764,1750,17
rep1,3.0764,1751,17
rep1,3.0792,1752,17
rep1,3.0796,1753,17
rep1,3.0797,1753,18
rep1,3.0797,1754,18
rep1,3.083,1755,18
rep1,3.0831,1756,18
rep1,3.0859,1757,18
rep1,3.086,1758,18
rep1,3.0862,1759,18
rep1,3.0863,1760,18
rep1,3.0893,1761,18
rep1,3.0893,1762,18
rep1,3.0896,1763,18
rep1,3.0898,1764,18
rep1,3.0898,1765,18
rep1,3.0926,1766,18
rep1,3.0927,1767,18
rep1,3.093,1768,18
rep1,3.0931,1769,18
rep1,3.0959,1770,18
rep1,3.0961,1771,18
rep1,3.0962,1772,18
rep1,3.0965,1773,18
rep1,3.0993,1774,18
rep1,3.0994,1775,18
rep1,3.0995,1776,18
rep1,3.1027,1777,18
rep1,3.1027,1778,18
rep1,3.1028,1779,18
rep1,3.1028,1780,18
rep1,3.1028,1781,18
rep1,3.1029,1782,18
rep1,3.103,1783,18
rep1,3.1032,1784,18
rep1,3.1033,1785,18
rep1,3.106,1786,18
rep1,3.1064,1787,18
rep1,3.1065,1788,18
rep1,3.1095,1789,18
rep1,3.1096,1790,18
rep1,3.1129,1791,18
rep1,3.113,1792,18
rep1,3.113,1793,18
rep1,3.116,1794,18
rep1,3.1161,1795,18
rep1,3.1161,1796,18
rep1,3.1164,1797,18
rep1,3.1192,1798,18
rep1,3.1195,1799,18
rep1,3.1226,1800,18
rep1,3.1228,1801,18
rep1,3.123,1802,18
rep1,3.1231,1803,18
rep1,3.1264,1804,18
rep1,3.1295,1805,18
rep1,3.1297,1806,18
rep1,3.1298,1807,18
rep1,3.1299,1808,18
rep1,3.1328,1809,18
rep1,3.1329,1810,18
rep1,3.1329,1811,18
rep1,3.1329,1812,18
rep1,3.133,1813,18
rep1,3.1331,1814,18
rep1,3.1332,1815,18
rep1,3.1361,1816,18
rep1,3.1361,1817,18
rep1,3.1361,1818,18
rep1,3.1363,1819,18
rep1,3.1363,1820,18
rep1,3.1364,1821,18
rep1,3.1365,1822,18
rep1,3.1398,1823,18
rep1,3.1426,1824,18
rep1,3.1428,1825,18
rep1,3.1429,1826,18
rep1,3.1431,1827,18
rep1,3.1461,1828,18
rep1,3.1464,1829,18
rep1,3.1465,1830,18
rep1,3.1526,1831,18
rep1,3.1527,1832,18
rep1,3.1527,1833,18
rep1,3.1528,1834,18
rep1,3.1529,1835,18
rep1,3.1531,1836,18
rep1,3.1532,1837,18
rep1,3.1559,1838,18
rep1,3.1561,1839,18
rep1,3.1562,1839,19
rep1,3.1564,1840,19
rep1,3.1565,1841,19
rep1,3.1594,1842,19
rep1,3.1596,1843,19
rep1,3.1628,1844,19
rep1,3.1659,1845,19
rep1,3.1664,1846,19
rep1,3.1664,1847,19
rep1,3.1693,1848,19
rep1,3.1694,1849,19
rep1,3.1695,1850,19
rep1,3.1695,1851,19
rep1,3.1696,1852,19
rep1,3.1697,1853,19
rep1,3.173,1854,19
rep1,3.1731,1855,19
rep1,3.1761,1856,19
rep1,3.1764,1857,19
rep1,3.1766,1858,19
rep1,3.1797,1859,19
rep1,3.1798,1860,19
rep1,3.1831,1861,19
rep1,3.1859,1862,19
rep1,3.1864,1863,19
rep1,3.1864,1864,19
rep1,3.1892,1865,19
rep1,3.1893,1866,19
rep1,3.1897,1867,19
rep1,3.1964,1868,19
rep1,3.1965,1869,19
rep1,3.1993,1870,19
rep1,3.1995,1871,19
rep1,3.1996,1872,19
rep1,3.2027,1873,19
rep1,3.2028,1874,19
rep1,3.2031,1875,19
rep1,3.2063,1876,19
rep1,3.2063,1877,19
rep1,3.2064,1878,19
rep1,3.2093,1879,19
rep1,3.2094,1880,19
rep1,3.2094,1881,19
rep1,3.2094,1882,19
rep1,3.2095,1883,19
rep1,3.2095,1884,19
rep1,3.2096,1885,19
rep1,3.2099,1886,19
rep1,3.2126,1887,19
rep1,3.2129,1888,19
rep1,3.2131,1889,19
rep1,3.2132,1890,19
rep1,3.2132,1891,19
rep1,3.2132,1892,19
rep1,3.2161,1893,19
rep1,3.2164,1894,19
rep1,3.2164,1895,19
rep1,3.2193,1896,19
rep1,3.2198,1897,19
rep1,3.2199,1898,19
rep1,3.2227,1899,19
rep1,3.2228,1900,19
rep1,3.2229,1901,19
rep1,3.2266,1902,19
rep1,3.2295,1903,19
rep1,3.2295,1904,19
rep1,3.2296,1905,19
rep1,3.2297,1906,19
rep1,3.2299,1907,19
rep1,3.2326,1908,19
rep1,3.2326,1909,19
rep1,3.2329,1910,19
rep1,3.2362,1911,19
rep1,3.2364,1912,19
rep1,3.2429,1913,19
rep1,3.2431,1914,19
rep1,3.2433,1915,19
rep1,3.2461,1915,20
rep1,3.2464,1916,20
rep1,3.2496,1917,20
rep1,3.2497,1918,20
rep1,3.2529,1919,20
rep1,3.253,1920,20
rep1,3.253,1921,20
rep1,3.2562,1922,20
rep1,3.2565,1923,20
rep1,3.2595,1924,20
rep1,3.2599,1925,20
rep1,3.263,1926,20
rep1,3.2661,1927,20
rep1,3.2663,1928,20
rep1,3.2663,1929,20
rep1,3.2692,1930,20
rep1,3.2694,1931,20
rep1,3.2695,1932,20
rep1,3.2696,1933,20
rep1,3.2696,1934,20
rep1,3.2696,1935,20
rep1,3.2698,1936,20
rep1,3.2698,1937,20
rep1,3.2728,1938,20
rep1,3.2729,1939,20
rep1,3.2729,1940,20
rep1,3.2729,1941,20
rep1,3.2729,1942,20
rep1,3.273,1943,20
rep1,3.273,1944,20
rep1,3.2731,1945,20
rep1,3.2759,1946,20
rep1,3.2763,1947,20
rep1,3.2763,1948,20
rep1,3.2764,1949,20
rep1,3.2793,1950,20
rep1,3.2794,1951,20
rep1,3.2798,1952,20
rep1,3.2798,1953,20
rep1,3.2826,1954,20
rep1,3.2826,1955,20
rep1,3.283,1956,20
rep1,3.2831,1957,20
rep1,3.2859,1958,20
rep1,3.2861,1959,20
rep1,3.2861,1960,20
rep1,3.2865,1961,20
rep1,3.2866,1962,20
rep1,3.2892,1963,20
rep1,3.2897,1964,20
rep1,3.2898,1965,20
rep1,3.2927,1966,20
rep1,3.2931,1967,20
rep1,3.297,1968,20
rep1,3.2971,1969,20
rep1,3.2972,1970,20
rep1,3.2995,1971,20
rep1,3.2996,1972,20
rep1,3.3029,1973,20
rep1,3.303,1974,20
rep1,3.3032,1975,20
rep1,3.3032,1976,20
rep1,3.306,1977,20
rep1,3.3061,1978,20
rep1,3.3064,1979,20
rep1,3.3065,1980,20
rep1,3.3092,1981,20
rep1,3.3094,1982,20
rep1,3.3097,1983,20
rep1,3.3098,1984,20
rep1,3.3129,1985,20
rep1,3.313,1986,20
rep1,3.3132,1987,20
rep1,3.3132,1988,20
rep1,3.3159,1989,20
rep1,3.316,1990,20
rep1,3.316,1991,20
rep1,3.3162,1992,20
rep1,3.3162,1993,20
rep1,3.3162,1994,20
rep1,3.3164,1995,20
rep1,3.3164,1996,20
rep1,3.3165,1997,20
rep1,3.3166,1998,20
rep1,3.3193,1999,20
rep1,3.3194,2000,20
rep1,3.3194,2001,20
rep1,3.3194,2002,20
rep1,3.3199,2003,20
rep1,3.3199,2004,20
rep1,3.3226,2005,20
rep1,3.3227,2006,20
rep1,3.3228,2007,20
rep1,3.3229,2008,20
rep1,3.323,2009,20
rep1,3.326,2010,20
rep1,3.3262,2011,20
rep1,3.3265,2012,20
rep1,3.3265,2013,20
rep1,3.3293,2014,20
rep1,3.3294,2015,20
rep1,3.3296,2016,20
rep1,3.3299,2017,20
rep1,3.3329,2018,20
rep1,3.333,2019,20
rep1,3.3331,2020,20
rep1,3.3331,2021,20
rep1,3.3364,2022,20
rep1,3.3364,2023,20
rep1,3.3365,2024,20
rep1,3.3365,2025,20
rep1,3.3394,2026,20
rep1,3.3395,2027,20
rep1,3.3395,2028,20
rep1,3.3396,2029,20
rep1,3.3397,2030,20
rep1,3.3397,2031,20
rep1,3.3428,2032,20
rep1,3.3428,2033,20
rep1,3.3431,2034,20
rep1,3.3431,2035,20
rep1,3.3431,2036,20
rep1,3.3432,2037,20
rep1,3.3432,2038,20
rep1,3.3432,2039,20
rep1,3.3432,2040,20
rep1,3.3461,2041,20
rep1,3.3462,2042,20
rep1,3.3462,2043,20
rep1,3.3462,2044,20
rep1,3.3462,2045,20
rep1,3.3497,2046,20
rep1,3.3497,2047,20
rep1,3.3499,2048,20
rep1,3.3528,2049,20
rep1,3.3529,2050,20
rep1,3.3562,2051,20
rep1,3.3563,2052,20
rep1,3.3565,2053,20
rep1,3.3594,2054,20
rep1,3.3599,2055,20
rep1,3.3626,2056,20
rep1,3.363,2057,20
rep1,3.366,2058,20
rep1,3.3661,2059,20
rep1,3.3662,2060,20
rep1,3.3662,2061,20
rep1,3.3665,2062,20
rep1,3.3692,2063,20
rep1,3.3694,2064,20
rep1,3.3697,2065,20
rep1,3.3697,2066,20
rep1,3.3727,2067,20
rep1,3.3727,2068,20
rep1,3.3729,2069,20
rep1,3.376,2070,20
rep1,3.376,2071,20
rep1,3.376,2072,20
rep1,3.3761,2073,20
rep1,3.3761,2074,20
rep1,3.3761,2075,20
rep1,3.3762,2076,20
rep1,3.3763,2077,20
rep1,3.3763,2078,20
rep1,3.3765,2079,20
rep1,3.3765,2080,20
rep1,3.3766,2081,20
rep1,3.3793,2082,20
rep1,3.3797,2083,20
rep1,3.3797,2084,20
rep1,3.3829,2085,20
rep1,3.383,2086,20
rep1,3.3832,2087,20
rep1,3.3832,2088,20
rep1,3.3862,2089,20
rep1,3.3865,2090,20
rep1,3.3866,2091,20
rep1,3.3899,2092,20
rep1,3.3899,2093,20
rep1,3.3926,2094,20
rep1,3.3928,2095,20
rep1,3.3931,2096,20
rep1,3.3931,2097,20
rep1,3.3961,2098,20
rep1,3.3962,2099,20
rep1,3.3963,2100,20
rep1,3.3995,2101,20
rep1,3.3997,2102,20
rep1,3.4026,2103,20
rep1,3.4026,2104,20
rep1,3.4029,2105,20
rep1,3.4069,2106,20
rep1,3.407,2107,20
rep1,3.407,2108,20
rep1,3.4071,2109,20
rep1,3.4072,2110,20
rep1,3.4092,2111,20
rep1,3.4092,2112,20
rep1,3.4098,2113,20
rep1,3.4126,2114,20
rep1,3.4128,2115,20
rep1,3.4129,2116,20
rep1,3.4129,2117,20
rep1,3.4129,2118,20
rep1,3.4164,2119,20
rep1,3.4165,2120,20
rep1,3.4193,2121,20
rep1,3.4194,2122,20
rep1,3.4197,2123,20
rep1,3.4228,2124,20
rep1,3.423,2125,20
rep1,3.4231,2126,20
rep1,3.4259,2127,20
rep1,3.4262,2128,20
rep1,3.4265,2129,20
rep1,3.4297,2130,20
rep1,3.4326,2131,20
rep1,3.4327,2132,20
rep1,3.4328,2133,20
rep1,3.4329,2134,20
rep1,3.433,2135,20
rep1,3.4363,2136,20
rep1,3.4364,2137,20
rep1,3.4365,2138,20
rep1,3.4398,2139,20
rep1,3.4398,2140,20
rep1,3.4426,2141,20
rep1,3.4429,2142,20
rep1,3.4429,2143,20
rep1,3.4432,2144,20
rep1,3.4459,2145,20
rep1,3.4459,2146,20
rep1,3.446,2147,20
rep1,3.4461,2148,20
rep1,3.4462,2149,20
rep1,3.4462,2150,20
rep1,3.4462,2151,20
rep1,3.4464,2152,20
rep1,3.4465,2153,20
rep1,3.4495,2154,20
rep1,3.4498,2155,20
rep1,3.45,2156,20
rep1,3.453,2157,20
rep1,3.453,2158,20
rep1,3.4559,2159,20
rep1,3.4563,2160,20
rep1,3.4564,2161,20
rep1,3.4593,2162,20
rep1,3.4593,2163,20
rep1,3.4594,2164,20
rep1,3.4594,2165,20
rep1,3.4597,2166,20
rep1,3.4599,2167,20
rep1,3.4629,2168,20
rep1,3.463,2169,20
rep2,0.2571,0,1
rep2,0.2936,0,2
rep2,0.3451,0,3
rep2,0.3605,0,4
rep2,0.4168,0,5
rep2,0.597,0,6
rep2,0.6602,0,7
rep2,0.9368,0,8
rep2,0.937,0,9
rep2,0.9771,0,10
rep2,1.1434,1,10
rep2,1.147,2,10
rep2,1.157,3,10
rep2,1.1706,4,10
rep2,1.1706,5,10
rep2,1.1839,6,10
rep2,1.1935,7,10
rep2,1.2002,8,10
rep2,1.2105,9,10
rep2,1.2134,10,10
rep2,1.2135,11,10
rep2,1.2135,12,10
rep2,1.2137,13,10
rep2,1.2238,14,10
rep2,1.227,15,10
rep2,1.2372,16,10
rep2,1.2403,17,10
rep2,1.2405,18,10
rep2,1.2469,19,10
rep2,1.2473,20,10
rep2,1.2537,21,10
rep2,1.2704,22,10
rep2,1.2802,23,10
rep2,1.2803,24,10
rep2,1.2903,25,10
rep2,1.297,26,10
rep2,1.3003,27,10
rep2,1.3006,28,10
rep2,1.3006,29,10
rep2,1.3035,30,10
rep2,1.3072,31,10
rep2,1.3137,32,10
rep2,1.3202,33,10
rep2,1.3202,34,10
rep2,1.3271,35,10
rep2,1.3538,36,10
rep2,1.3636,37,10
rep2,1.3837,38,10
rep2,1.3934,39,10
rep2,1.3935,40,10
rep2,1.3937,41,10
rep2,1.3971,42,10
rep2,1.4034,43,10
rep2,1.4206,44,10
rep2,1.4237,45,10
rep2,1.4306,46,10
rep2,1.4403,47,10
rep2,1.4473,48,10
rep2,1.4502,49,10
rep2,1.4503,50,10
rep2,1.4503,51,10
rep2,1.4505,52,10
rep2,1.4505,53,10
rep2,1.4534,54,10
rep2,1.4534,55,10
rep2,1.4534,56,10
rep2,1.4535,57,10
rep2,1.4536,58,10
rep2,1.4536,59,10
rep2,1.4537,60,10
rep2,1.4538,61,10
rep2,1.4538,62,10
rep2,1.4539,63,10
rep2,1.454,64,10
rep2,1.4572,65,10
rep2,1.4601,66,10
rep2,1.4634,67,10
rep2,1.4637,68,10
rep2,1.464,69,10
rep2,1.4667,70,10
rep2,1.4667,71,10
rep2,1.4671,72,10
rep2,1.4672,73,10
rep2,1.4672,74,10
rep2,1.4705,75,10
rep2,1.4734,76,10
rep2,1.4734,77,10
rep2,1.474,78,10
rep2,1.4769,79,10
rep2,1.4772,80,10
rep2,1.4773,81,10
rep2,1.4801,82,10
rep2,1.4801,83,10
rep2,1.4803,84,10
rep2,1.4803,85,10
rep2,1.4804,86,10
rep2,1.4806,87,10
rep2,1.4835,88,10
rep2,1.4838,89,10
rep2,1.4838,90,10
rep2,1.484,91,10
rep2,1.4842,92,10
rep2,1.4868,93,10
rep2,1.4868,94,10
rep2,1.4869,95,10
rep2,1.4869,96,10
rep2,1.4875,97,10
rep2,1.4875,98,10
rep2,1.4876,99,10
rep2,1.4901,100,10
rep2,1.4901,101,10
rep2,1.4904,102,10
rep2,1.4905,103,10
rep2,1.4909,104,10
rep2,1.491,105,10
rep2,1.4937,106,10
rep2,1.4937,107,10
rep2,1.497,108,10
rep2,1.4972,109,10
rep2,1.5036,110,10
rep2,1.5069,111,10
rep2,1.51,112,10
rep2,1.5102,113,10
rep2,1.5107,114,10
rep2,1.5135,115,10
rep2,1.5135,116,10
rep2,1.5135,117,10
rep2,1.5138,118,10
rep2,1.5138,119,10
rep2,1.5168,120,10
rep2,1.517,121,10
rep2,1.5235,122,10
rep2,1.524,123,10
rep2,1.5273,124,10
rep2,1.5302,125,10
rep2,1.5304,126,10
rep2,1.5335,127,10
rep2,1.5338,128,10
rep2,1.5367,129,10
rep2,1.5368,130,10
rep2,1.5369,130,11
rep2,1.5369,131,11
rep2,1.5369,132,11
rep2,1.5371,133,11
rep2,1.5371,134,11
rep2,1.5372,135,11
rep2,1.5372,136,11
rep2,1.5402,137,11
rep2,1.5402,138,11
rep2,1.5407,139,11
rep2,1.5435,140,11
rep2,1.5436,141,11
rep2,1.5437,142,11
rep2,1.5438,143,11
rep2,1.5438,144,11
rep2,1.5503,145,11
rep2,1.5534,146,11
rep2,1.5539,147,11
rep2,1.5572,148,11
rep2,1.567,149,11
rep2,1.567,150,11
rep2,1.567,151,11
rep2,1.5672,152,11
rep2,1.5672,153,11
rep2,1.5702,154,11
rep2,1.5735,155,11
rep2,1.5736,156,11
rep2,1.5738,157,11
rep2,1.5739,158,11
rep2,1.5801,159,11
rep2,1.5838,160,11
rep2,1.5839,161,11
rep2,1.5868,162,11
rep2,1.5869,163,11
rep2,1.5874,164,11
rep2,1.5903,165,11
rep2,1.5937,166,11
rep2,1.5969,167,11
rep2,1.5974,168,11
rep2,1.5974,169,11
rep2,1.5975,170,11
rep2,1.5975,171,11
rep2,1.5976,172,11
rep2,1.5976,173,11
rep2,1.6034,174,11
rep2,1.6037,175,11
rep2,1.604,176,11
rep2,1.6073,177,11
rep2,1.6073,178,11
rep2,1.6106,179,11
rep2,1.6107,180,11
rep2,1.6135,181,11
rep2,1.6136,182,11
rep2,1.6136,183,11
rep2,1.6136,184,11
rep2,1.6136,185,11
rep2,1.6137,186,11
rep2,1.614,187,11
rep2,1.6167,188,11
rep2,1.6169,189,11
rep2,1.6173,190,11
rep2,1.62,191,11
rep2,1.6202,192,11
rep2,1.6203,193,11
rep2,1.6203,194,11
rep2,1.6203,195,11
rep2,1.6203,196,11
rep2,1.6234,197,11
rep2,1.6234,198,11
rep2,1.6234,199,11
rep2,1.6238,200,11
rep2,1.6238,201,11
rep2,1.6271,202,11
rep2,1.6302,203,11
rep2,1.6369,204,11
rep2,1.6435,205,11
rep2,1.647,206,11
rep2,1.6502,207,11
rep2,1.6536,208,11
rep2,1.6567,209,11
rep2,1.6569,210,11
rep2,1.6574,211,11
rep2,1.6603,212,11
rep2,1.6604,213,11
rep2,1.6635,214,11
rep2,1.6637,215,11
rep2,1.6639,216,11
rep2,1.664,217,11
rep2,1.6668,218,11
rep2,1.6669,219,11
rep2,1.667,220,11
rep2,1.6672,221,11
rep2,1.6673,222,11
rep2,1.6702,223,11
rep2,1.6703,224,11
rep2,1.6705,225,11
rep2,1.6706,226,11
rep2,1.6736,227,11
rep2,1.674,228,11
rep2,1.6803,229,11
rep2,1.6868,230,11
rep2,1.6902,231,11
rep2,1.6903,232,11
rep2,1.6938,233,11
rep2,1.694,234,11
rep2,1.697,235,11
rep2,1.697,236,11
rep2,1.6977,237,11
rep2,1.7,238,11
rep2,1.7,239,11
rep2,1.7004,240,11
rep2,1.7035,241,11
rep2,1.7035,242,11
rep2,1.7135,243,11
rep2,1.7169,244,11
rep2,1.7172,245,11
rep2,1.7172,246,11
rep2,1.7267,247,11
rep2,1.7273,248,11
rep2,1.7301,249,11
rep2,1.7339,250,11
rep2,1.7403,251,11
rep2,1.7406,252,11
rep2,1.7434,253,11
rep2,1.7437,254,11
rep2,1.7437,255,11
rep2,1.7502,256,11
rep2,1.7507,257,11
rep2,1.7536,258,11
rep2,1.7567,259,11
rep2,1.7568,260,11
rep2,1.7606,261,11
rep2,1.7673,262,11
rep2,1.7703,263,11
rep2,1.7704,264,11
rep2,1.7737,265,11
rep2,1.7772,266,11
rep2,1.7802,267,11
rep2,1.7834,268,11
rep2,1.7834,269,11
rep2,1.7836,270,11
rep2,1.7836,271,11
rep2,1.7839,272,11
rep2,1.7867,273,11
rep2,1.7874,274,11
rep2,1.79,275,11
rep2,1.7903,276,11
rep2,1.7935,277,11
rep2,1.7938,278,11
rep2,1.7967,279,11
rep2,1.8005,280,11
rep2,1.8035,281,11
rep2,1.8036,282,11
rep2,1.8072,283,11
rep2,1.8103,284,11
rep2,1.8107,285,11
rep2,1.8107,286,11
rep2,1.817,287,11
rep2,1.8174,288,11
rep2,1.8202,289,11
rep2,1.8203,290,11
rep2,1.8234,291,11
rep2,1.8237,292,11
rep2,1.8237,293,11
rep2,1.8238,294,11
rep2,1.8301,295,11
rep2,1.8301,296,11
rep2,1.8303,297,11
rep2,1.8303,298,11
rep2,1.8303,299,11
rep2,1.8305,300,11
rep2,1.8306,301,11
rep2,1.8306,302,11
rep2,1.8334,303,11
rep2,1.8337,304,11
rep2,1.8373,305,11
rep2,1.8373,306,11
rep2,1.8374,307,11
rep2,1.8375,308,11
rep2,1.8376,309,11
rep2,1.8376,310,11
rep2,1.8377,311,11
rep2,1.8377,312,11
rep2,1.8377,313,11
rep2,1.8404,314,11
rep2,1.8435,315,11
rep2,1.8436,316,11
rep2,1.8436,317,11
rep2,1.8436,318,11
rep2,1.8437,319,11
rep2,1.8441,320,11
rep2,1.8441,321,11
rep2,1.8468,322,11
rep2,1.8469,323,11
rep2,1.8469,324,11
rep2,1.8469,325,11
rep2,1.8469,326,11
rep2,1.847,327,11
rep2,1.847,328,11
rep2,1.847,329,11
rep2,1.8471,330,11
rep2,1.8471,331,11
rep2,1.8471,332,11
rep2,1.8501,333,11
rep2,1.8501,334,11
rep2,1.8501,335,11
rep2,1.8502,336,11
rep2,1.8504,337,11
rep2,1.8505,338,11
rep2,1.8508,339,11
rep2,1.8536,340,11
rep2,1.8536,341,11
rep2,1.854,342,11
rep2,1.8569,343,11
rep2,1.8574,344,11
rep2,1.8604,345,11
rep2,1.8605,346,11
rep2,1.8605,347,11
rep2,1.8634,348,11
rep2,1.8669,349,11
rep2,1.87,350,11
rep2,1.8701,351,11
rep2,1.8701,352,11
rep2,1.8701,353,11
rep2,1.8704,354,11
rep2,1.8705,355,11
rep2,1.8734,356,11
rep2,1.8736,357,11
rep2,1.8737,358,11
rep2,1.8738,359,11
rep2,1.8738,360,11
rep2,1.8738,361,11
rep2,1.8769,362,11
rep2,1.877,363,11
rep2,1.8773,364,11
rep2,1.8774,365,11
rep2,1.88,366,11
rep2,1.8805,367,11
rep2,1.8834,368,11
rep2,1.8836,369,11
rep2,1.8838,370,11
rep2,1.8839,371,11
rep2,1.884,372,11
rep2,1.8872,373,11
rep2,1.8872,374,11
rep2,1.8872,375,11
rep2,1.8901,376,11
rep2,1.8904,377,11
rep2,1.8936,378,11
rep2,1.8938,379,11
rep2,1.8938,380,11
rep2,1.8938,381,11
rep2,1.897,382,11
rep2,1.8971,383,11
rep2,1.8973,384,11
rep2,1.9003,385,11
rep2,1.9003,386,11
rep2,1.9003,387,11
rep2,1.9004,388,11
rep2,1.9004,389,11
rep2,1.9005,390,11
rep2,1.9005,391,11
rep2,1.9006,392,11
rep2,1.9042,393,11
rep2,1.9069,394,11
rep2,1.907,395,11
rep2,1.9071,396,11
rep2,1.9071,397,11
rep2,1.9071,398,11
rep2,1.9102,399,11
rep2,1.9103,400,11
rep2,1.9105,401,11
rep2,1.9137,402,11
rep2,1.9138,403,11
rep2,1.9138,404,11
rep2,1.914,405,11
rep2,1.9169,406,11
rep2,1.917,407,11
rep2,1.9171,408,11
rep2,1.9171,409,11
rep2,1.9172,410,11
rep2,1.9172,411,11
rep2,1.9173,412,11
rep2,1.9202,413,11
rep2,1.9202,414,11
rep2,1.9202,415,11
rep2,1.9207,416,11
rep2,1.9235,417,11
rep2,1.9236,418,11
rep2,1.9268,419,11
rep2,1.9268,420,11
rep2,1.927,421,11
rep2,1.9274,422,11
rep2,1.9302,423,11
rep2,1.9302,424,11
rep2,1.9303,425,11
rep2,1.9305,426,11
rep2,1.9334,427,11
rep2,1.9336,428,11
rep2,1.9336,429,11
rep2,1.9337,430,11
rep2,1.9339,431,11
rep2,1.9371,432,11
rep2,1.9372,433,11
rep2,1.9373,434,11
rep2,1.9373,435,11
rep2,1.9402,436,11
rep2,1.9402,437,11
rep2,1.9404,438,11
rep2,1.9406,439,11
rep2,1.9436,440,11
rep2,1.9436,441,11
rep2,1.9436,442,11
rep2,1.9438,443,11
rep2,1.9439,444,11
rep2,1.9472,445,11
rep2,1.9501,446,11
rep2,1.9502,447,11
rep2,1.9503,448,11
rep2,1.9507,449,11
rep2,1.9534,450,11
rep2,1.9537,451,11
rep2,1.9538,452,11
rep2,1.9569,453,11
rep2,1.9569,454,11
rep2,1.9571,455,11
rep2,1.9571,456,11
rep2,1.9572,457,11
rep2,1.9604,458,11
rep2,1.9605,459,11
rep2,1.9636,460,11
rep2,1.9637,461,11
rep2,1.9637,462,11
rep2,1.9637,463,11
rep2,1.9638,464,11
rep2,1.9638,465,11
rep2,1.9639,466,11
rep2,1.9668,467,11
rep2,1.9743,468,11
rep2,1.9744,469,11
rep2,1.9767,470,11
rep2,1.977,471,11
rep2,1.9771,472,11
rep2,1.9771,473,11
rep2,1.9774,474,11
rep2,1.9774,475,11
rep2,1.9804,476,11
rep2,1.9804,477,11
rep2,1.9804,478,11
rep2,1.9805,479,11
rep2,1.9806,480,11
rep2,1.9835,481,11
rep2,1.9836,482,11
rep2,1.9837,483,11
rep2,1.9837,484,11
rep2,1.9871,485,11
rep2,1.9871,486,11
rep2,1.9871,487,11
rep2,1.9873,488,11
rep2,1.9903,489,11
rep2,1.9903,490,11
rep2,1.9903,491,11
rep2,1.9905,492,11
rep2,1.9905,493,11
rep2,1.9935,494,11
rep2,1.9938,495,11
rep2,1.9938,496,11
rep2,1.9939,497,11
rep2,1.9941,498,11
rep2,1.9968,499,11
rep2,1.997,500,11
rep2,1.9973,501,11
rep2,2.0001,502,11
rep2,2.0003,503,11
rep2,2.0003,504,11
rep2,2.0004,505,11
rep2,2.0034,506,11
rep2,2.0035,507,11
rep2,2.0039,508,11
rep2,2.004,509,11
rep2,2.0068,510,11
rep2,2.0069,511,11
rep2,2.0069,512,11
rep2,2.007,513,11
rep2,2.0071,514,11
rep2,2.0071,515,11
rep2,2.0073,516,11
rep2,2.0101,517,11
rep2,2.0105,518,11
rep2,2.0105,519,11
rep2,2.0107,520,11
rep2,2.0137,521,11
rep2,2.0139,522,11
rep2,2.0139,523,11
rep2,2.0139,524,11
rep2,2.0168,524,12
rep2,2.0171,525,12
rep2,2.0172,526,12
rep2,2.0201,527,12
rep2,2.0206,528,12
rep2,2.0236,529,12
rep2,2.0237,530,12
rep2,2.0237,531,12
rep2,2.0237,532,12
rep2,2.024,533,12
rep2,2.0269,534,12
rep2,2.027,535,12
rep2,2.027,536,12
rep2,2.027,537,12
rep2,2.027,538,12
rep2,2.0272,539,12
rep2,2.0272,540,12
rep2,2.0274,541,12
rep2,2.0301,542,12
rep2,2.0302,543,12
rep2,2.0306,544,12
rep2,2.0306,545,12
rep2,2.0308,546,12
rep2,2.0308,547,12
rep2,2.0308,548,12
rep2,2.0336,549,12
rep2,2.0368,550,12
rep2,2.0368,551,12
rep2,2.0369,552,12
rep2,2.037,553,12
rep2,2.037,554,12
rep2,2.0371,555,12
rep2,2.0372,556,12
rep2,2.0373,557,12
rep2,2.0374,558,12
rep2,2.0401,559,12
rep2,2.0405,560,12
rep2,2.0434,561,12
rep2,2.0436,562,12
rep2,2.0437,563,12
rep2,2.044,564,12
rep2,2.0468,565,12
rep2,2.0469,566,12
rep2,2.0471,567,12
rep2,2.0471,568,12
rep2,2.0472,569,12
rep2,2.0473,570,12
rep2,2.05,571,12
rep2,2.0504,572,12
rep2,2.0505,573,12
rep2,2.0536,574,12
rep2,2.0536,575,12
rep2,2.0567,576,12
rep2,2.0568,577,12
rep2,2.0569,578,12
rep2,2.057,579,12
rep2,2.0602,580,12
rep2,2.0606,581,12
rep2,2.0667,582,12
rep2,2.067,583,12
rep2,2.0671,584,12
rep2,2.0672,585,12
rep2,2.0704,586,12
rep2,2.0704,587,12
rep2,2.0738,588,12
rep2,2.0738,589,12
rep2,2.0739,590,12
rep2,2.074,591,12
rep2,2.0769,592,12
rep2,2.077,593,12
rep2,2.0771,594,12
rep2,2.0801,595,12
rep2,2.0801,596,12
rep2,2.0802,597,12
rep2,2.0802,598,12
rep2,2.0802,599,12
rep2,2.0804,600,12
rep2,2.0804,601,12
rep2,2.0805,602,12
rep2,2.0806,603,12
rep2,2.0806,604,12
rep2,2.0806,605,12
rep2,2.0834,606,12
rep2,2.0836,607,12
rep2,2.0836,608,12
rep2,2.0838,609,12
rep2,2.0838,610,12
rep2,2.0838,611,12
rep2,2.0838,612,12
rep2,2.0838,613,12
rep2,2.084,614,12
rep2,2.0867,615,12
rep2,2.087,616,12
rep2,2.087,617,12
rep2,2.0871,618,12
rep2,2.0875,619,12
rep2,2.0876,620,12
rep2,2.0904,621,12
rep2,2.0934,622,12
rep2,2.0936,623,12
rep2,2.0936,624,12
rep2,2.0939,625,12
rep2,2.0967,626,12
rep2,2.0971,627,12
rep2,2.0971,628,12
rep2,2.1001,629,12
rep2,2.1001,630,12
rep2,2.1001,631,12
rep2,2.1001,632,12
rep2,2.1004,633,12
rep2,2.1004,634,12
rep2,2.1005,635,12
rep2,2.1005,636,12
rep2,2.1035,636,13
rep2,2.1036,637,13
rep2,2.104,638,13
rep2,2.1067,639,13
rep2,2.1067,640,13
rep2,2.1068,641,13
rep2,2.1069,642,13
rep2,2.1071,643,13
rep2,2.1072,644,13
rep2,2.1073,645,13
rep2,2.1102,646,13
rep2,2.1103,647,13
rep2,2.1107,648,13
rep2,2.1134,649,13
rep2,2.1141,650,13
rep2,2.1169,651,13
rep2,2.1203,652,13
rep2,2.1203,653,13
rep2,2.1205,654,13
rep2,2.1206,655,13
rep2,2.1234,656,13
rep2,2.1236,657,13
rep2,2.124,658,13
rep2,2.1273,659,13
rep2,2.1273,660,13
rep2,2.1302,661,13
rep2,2.1334,662,13
rep2,2.1336,663,13
rep2,2.1339,664,13
rep2,2.1368,665,13
rep2,2.1373,666,13
rep2,2.1373,667,13
rep2,2.1374,668,13
rep2,2.1401,669,13
rep2,2.1406,670,13
rep2,2.1436,671,13
rep2,2.1468,672,13
rep2,2.1473,673,13
rep2,2.1473,674,13
rep2,2.1501,675,13
rep2,2.1502,676,13
rep2,2.1503,677,13
rep2,2.1535,678,13
rep2,2.1569,679,13
rep2,2.1569,680,13
rep2,2.16,681,13
rep2,2.1601,682,13
rep2,2.1603,683,13
rep2,2.1603,684,13
rep2,2.1636,685,13
rep2,2.1636,686,13
rep2,2.1639,687,13
rep2,2.1667,688,13
rep2,2.1669,689,13
rep2,2.1701,690,13
rep2,2.1734,691,13
rep2,2.1737,692,13
rep2,2.1768,693,13
rep2,2.1768,694,13
rep2,2.1771,695,13
rep2,2.1771,695,14
rep2,2.1772,696,14
rep2,2.1804,697,14
rep2,2.1834,698,14
rep2,2.1835,699,14
rep2,2.1835,700,14
rep2,2.1836,701,14
rep2,2.1836,702,14
rep2,2.1839,703,14
rep2,2.187,704,14
rep2,2.1871,705,14
rep2,2.1872,706,14
rep2,2.1902,707,14
rep2,2.1903,708,14
rep2,2.1906,709,14
rep2,2.1906,710,14
rep2,2.1934,711,14
rep2,2.1937,712,14
rep2,2.1967,713,14
rep2,2.1969,714,14
rep2,2.1971,715,14
rep2,2.2003,716,14
rep2,2.2006,717,14
rep2,2.2035,718,14
rep2,2.2036,719,14
rep2,2.2038,720,14
rep2,2.2039,721,14
rep2,2.2068,722,14
rep2,2.2069,723,14
rep2,2.207,724,14
rep2,2.2071,725,14
rep2,2.2102,726,14
rep2,2.2105,727,14
rep2,2.2107,728,14
rep2,2.2134,729,14
rep2,2.2143,730,14
rep2,2.2144,731,14
rep2,2.2168,732,14
rep2,2.2168,733,14
rep2,2.2168,734,14
rep2,2.2168,735,14
rep2,2.217,736,14
rep2,2.217,737,14
rep2,2.2172,738,14
rep2,2.2206,739,14
rep2,2.2207,740,14
rep2,2.2234,741,14
rep2,2.2234,742,14
rep2,2.2235,743,14
rep2,2.2239,744,14
rep2,2.2267,745,14
rep2,2.2268,746,14
rep2,2.2271,747,14
rep2,2.2273,748,14
rep2,2.2273,749,14
rep2,2.2274,750,14
rep2,2.23,751,14
rep2,2.2304,752,14
rep2,2.2334,753,14
rep2,2.2334,754,14
rep2,2.2335,755,14
rep2,2.2339,756,14
rep2,2.234,757,14
rep2,2.2367,758,14
rep2,2.2367,759,14
rep2,2.2368,760,14
rep2,2.2371,761,14
rep2,2.2373,762,14
rep2,2.24,763,14
rep2,2.2403,764,14
rep2,2.2403,765,14
rep2,2.2434,766,14
rep2,2.2434,767,14
rep2,2.2436,768,14
rep2,2.2437,769,14
rep2,2.2437,770,14
rep2,2.2439,771,14
rep2,2.2439,772,14
rep2,2.244,773,14
rep2,2.2441,774,14
rep2,2.2503,775,14
rep2,2.2504,776,14
rep2,2.2505,777,14
rep2,2.2534,778,14
rep2,2.2536,779,14
rep2,2.2536,780,14
rep2,2.257,781,14
rep2,2.2604,782,14
rep2,2.2634,783,14
rep2,2.2634,784,14
rep2,2.2635,785,14
rep2,2.2635,786,14
rep2,2.2637,787,14
rep2,2.2672,788,14
rep2,2.2703,789,14
rep2,2.2705,790,14
rep2,2.2736,791,14
rep2,2.2736,792,14
rep2,2.2739,793,14
rep2,2.2739,794,14
rep2,2.2773,795,14
rep2,2.2801,796,14
rep2,2.2802,797,14
rep2,2.2803,798,14
rep2,2.2804,799,14
rep2,2.2806,800,14
rep2,2.2834,801,14
rep2,2.2835,802,14
rep2,2.2837,803,14
rep2,2.2839,804,14
rep2,2.2869,805,14
rep2,2.2869,806,14
rep2,2.2869,807,14
rep2,2.2869,808,14
rep2,2.2872,809,14
rep2,2.2904,810,14
rep2,2.2936,811,14
rep2,2.2967,812,14
rep2,2.2969,813,14
rep2,2.297,814,14
rep2,2.3001,815,14
rep2,2.3034,816,14
rep2,2.3037,817,14
rep2,2.3039,818,14
rep2,2.3101,819,14
rep2,2.3134,820,14
rep2,2.3135,821,14
rep2,2.3137,822,14
rep2,2.3139,823,14
rep2,2.3167,824,14
rep2,2.3169,825,14
rep2,2.317,826,14
rep2,2.3174,827,14
rep2,2.3202,828,14
rep2,2.3203,829,14
rep2,2.3205,830,14
rep2,2.3205,831,14
rep2,2.3206,832,14
rep2,2.3206,833,14
rep2,2.3234,834,14
rep2,2.3234,835,14
rep2,2.3235,836,14
rep2,2.3235,837,14
rep2,2.3237,838,14
rep2,2.3237,839,14
rep2,2.3238,840,14
rep2,2.3238,841,14
rep2,2.3241,842,14
rep2,2.327,843,14
rep2,2.327,844,14
rep2,2.327,845,14
rep2,2.3271,846,14
rep2,2.3273,847,14
rep2,2.3301,848,14
rep2,2.3301,849,14
rep2,2.3303,850,14
rep2,2.3307,851,14
rep2,2.3334,852,14
rep2,2.3335,853,14
rep2,2.3336,854,14
rep2,2.3337,855,14
rep2,2.3337,856,14
rep2,2.3338,857,14
rep2,2.3339,858,14
rep2,2.3339,859,14
rep2,2.3368,860,14
rep2,2.3369,861,14
rep2,2.3369,862,14
rep2,2.337,863,14
rep2,2.3372,864,14
rep2,2.3372,865,14
rep2,2.34,866,14
rep2,2.3401,867,14
rep2,2.3401,868,14
rep2,2.3402,869,14
rep2,2.3403,870,14
rep2,2.3408,871,14
rep2,2.3409,872,14
rep2,2.3409,873,14
rep2,2.341,874,14
rep2,2.341,875,14
rep2,2.341,876,14
rep2,2.341,877,14
rep2,2.3411,877,15
rep2,2.3411,878,15
rep2,2.3412,879,15
rep2,2.3434,880,15
rep2,2.3436,881,15
rep2,2.3436,882,15
rep2,2.3437,883,15
rep2,2.3438,884,15
rep2,2.3439,885,15
rep2,2.3439,886,15
rep2,2.3441,887,15
rep2,2.3469,888,15
rep2,2.3471,889,15
rep2,2.3471,890,15
rep2,2.3471,891,15
rep2,2.3472,892,15
rep2,2.3472,893,15
rep2,2.35,894,15
rep2,2.3504,895,15
rep2,2.3504,896,15
rep2,2.3507,897,15
rep2,2.3534,898,15
rep2,2.3535,899,15
rep2,2.3537,900,15
rep2,2.3538,901,15
rep2,2.3568,902,15
rep2,2.357,903,15
rep2,2.3573,904,15
rep2,2.3601,905,15
rep2,2.3601,906,15
rep2,2.3603,907,15
rep2,2.3604,908,15
rep2,2.3605,909,15
rep2,2.3605,910,15
rep2,2.3606,911,15
rep2,2.3635,912,15
rep2,2.3636,913,15
rep2,2.3639,914,15
rep2,2.3639,915,15
rep2,2.364,916,15
rep2,2.3667,917,15
rep2,2.3669,918,15
rep2,2.3669,919,15
rep2,2.3669,920,15
rep2,2.367,921,15
rep2,2.3701,922,15
rep2,2.3701,923,15
rep2,2.3702,924,15
rep2,2.3704,925,15
rep2,2.3707,926,15
rep2,2.3736,927,15
rep2,2.3736,928,15
rep2,2.3738,929,15
rep2,2.374,930,15
rep2,2.3767,931,15
rep2,2.3769,932,15
rep2,2.3769,933,15
rep2,2.38,934,15
rep2,2.38,934,16
rep2,2.3801,935,16
rep2,2.3801,936,16
rep2,2.3801,937,16
rep2,2.3806,938,16
rep2,2.3806,939,16
rep2,2.3807,940,16
rep2,2.3834,941,16
rep2,2.3835,942,16
rep2,2.3836,943,16
rep2,2.3836,944,16
rep2,2.3836,945,16
rep2,2.3836,946,16
rep2,2.3836,947,16
rep2,2.3838,948,16
rep2,2.3838,949,16
rep2,2.3868,950,16
rep2,2.3869,951,16
rep2,2.3869,952,16
rep2,2.3869,953,16
rep2,2.3869,954,16
rep2,2.387,955,16
rep2,2.3873,956,16
rep2,2.39,957,16
rep2,2.3901,958,16
rep2,2.3901,959,16
rep2,2.3901,960,16
rep2,2.3902,961,16
rep2,2.3902,962,16
rep2,2.3902,963,16
rep2,2.3902,964,16
rep2,2.3904,965,16
rep2,2.3905,966,16
rep2,2.3906,967,16
rep2,2.3906,968,16
rep2,2.3906,969,16
rep2,2.3906,970,16
rep2,2.3907,971,16
rep2,2.3934,972,16
rep2,2.3935,973,16
rep2,2.3935,974,16
rep2,2.3935,975,16
rep2,2.3935,976,16
rep2,2.3936,977,16
rep2,2.3937,978,16
rep2,2.3937,979,16
rep2,2.3937,980,16
rep2,2.3938,981,16
rep2,2.3939,982,16
rep2,2.3939,983,16
rep2,2.394,984,16
rep2,2.3969,985,16
rep2,2.3969,986,16
rep2,2.397,987,16
rep2,2.3971,988,16
rep2,2.3972,989,16
rep2,2.3972,990,16
rep2,2.3973,991,16
rep2,2.3973,992,16
rep2,2.3973,993,16
rep2,2.3973,994,16
rep2,2.3973,995,16
rep2,2.3974,996,16
rep2,2.4003,997,16
rep2,2.4004,998,16
rep2,2.4004,998,17
rep2,2.4005,999,17
rep2,2.4036,1000,17
rep2,2.4037,1001,17
rep2,2.4067,1002,17
rep2,2.4068,1003,17
rep2,2.4101,1004,17
rep2,2.4101,1005,17
rep2,2.4102,1006,17
rep2,2.4103,1007,17
rep2,2.4106,1008,17
rep2,2.4138,1009,17
rep2,2.414,1010,17
rep2,2.4171,1010,18
rep2,2.4201,1011,18
rep2,2.4204,1012,18
rep2,2.4204,1013,18
rep2,2.4205,1014,18
rep2,2.4234,1015,18
rep2,2.4235,1016,18
rep2,2.4237,1017,18
rep2,2.4238,1018,18
rep2,2.4268,1019,18
rep2,2.4274,1020,18
rep2,2.4303,1021,18
rep2,2.4306,1022,18
rep2,2.4307,1023,18
rep2,2.4334,1024,18
rep2,2.4334,1025,18
rep2,2.4335,1026,18
rep2,2.4338,1027,18
rep2,2.4338,1028,18
rep2,2.434,1029,18
rep2,2.4371,1030,18
rep2,2.4403,1031,18
rep2,2.4403,1032,18
rep2,2.4404,1033,18
rep2,2.4405,1034,18
rep2,2.4408,1035,18
rep2,2.4435,1036,18
rep2,2.4435,1037,18
rep2,2.4436,1038,18
rep2,2.4437,1039,18
rep2,2.4437,1040,18
rep2,2.447,1041,18
rep2,2.4471,1042,18
rep2,2.4472,1043,18
rep2,2.4502,1044,18
rep2,2.4503,1045,18
rep2,2.4504,1046,18
rep2,2.4504,1047,18
rep2,2.4504,1048,18
rep2,2.4507,1049,18
rep2,2.4508,1050,18
rep2,2.4534,1051,18
rep2,2.4534,1052,18
rep2,2.4534,1053,18
rep2,2.4535,1054,18
rep2,2.4535,1055,18
rep2,2.4535,1056,18
rep2,2.4536,1057,18
rep2,2.4536,1058,18
rep2,2.4537,1059,18
rep2,2.4537,1060,18
rep2,2.4539,1061,18
rep2,2.4539,1062,18
rep2,2.4539,1063,18
rep2,2.454,1064,18
rep2,2.4568,1065,18
rep2,2.4604,1066,18
rep2,2.4605,1067,18
rep2,2.4635,1068,18
rep2,2.4636,1069,18
rep2,2.4637,1070,18
rep2,2.4639,1071,18
rep2,2.4639,1072,18
rep2,2.4667,1073,18
rep2,2.4669,1074,18
rep2,2.4669,1075,18
rep2,2.4702,1076,18
rep2,2.4702,1077,18
rep2,2.4707,1078,18
rep2,2.4707,1079,18
rep2,2.4735,1080,18
rep2,2.4736,1081,18
rep2,2.4736,1082,18
rep2,2.4767,1083,18
rep2,2.4768,1084,18
rep2,2.477,1085,18
rep2,2.477,1086,18
rep2,2.4801,1087,18
rep2,2.4802,1088,18
rep2,2.4804,1089,18
rep2,2.4805,1090,18
rep2,2.4806,1091,18
rep2,2.4834,1092,18
rep2,2.4834,1093,18
rep2,2.4835,1094,18
rep2,2.4837,1095,18
rep2,2.4838,1096,18
rep2,2.484,1097,18
rep2,2.4867,1098,18
rep2,2.4868,1099,18
rep2,2.4869,1100,18
rep2,2.4869,1101,18
rep2,2.487,1102,18
rep2,2.487,1103,18
rep2,2.4872,1104,18
rep2,2.4872,1105,18
rep2,2.4873,1106,18
rep2,2.4873,1107,18
rep2,2.4903,1108,18
rep2,2.4903,1109,18
rep2,2.4904,1110,18
rep2,2.4904,1111,18
rep2,2.4905,1112,18
rep2,2.4908,1113,18
rep2,2.4935,1114,18
rep2,2.4935,1115,18
rep2,2.4935,1116,18
rep2,2.4937,1117,18
rep2,2.4937,1118,18
rep2,2.4939,1119,18
rep2,2.494,1120,18
rep2,2.494,1121,18
rep2,2.494,1122,18
rep2,2.4968,1123,18
rep2,2.4971,1124,18
rep2,2.4972,1125,18
rep2,2.4974,1126,18
rep2,2.5001,1127,18
rep2,2.5003,1128,18
rep2,2.5004,1129,18
rep2,2.5004,1130,18
rep2,2.5004,1131,18
rep2,2.5005,1132,18
rep2,2.5005,1133,18
rep2,2.5007,1134,18
rep2,2.5007,1135,18
rep2,2.5008,1136,18
rep2,2.5036,1137,18
rep2,2.5036,1138,18
rep2,2.5039,1139,18
rep2,2.5041,1140,18
rep2,2.5071,1141,18
rep2,2.5071,1142,18
rep2,2.5072,1143,18
rep2,2.5072,1144,18
rep2,2.5103,1145,18
rep2,2.5103,1146,18
rep2,2.5104,1147,18
rep2,2.5104,1148,18
rep2,2.514,1149,18
rep2,2.514,1150,18
rep2,2.514,1151,18
rep2,2.5172,1152,18
rep2,2.5172,1153,18
rep2,2.5173,1154,18
rep2,2.5203,1155,18
rep2,2.5204,1156,18
rep2,2.5236,1157,18
rep2,2.5239,1158,18
rep2,2.5271,1159,18
rep2,2.5272,1160,18
rep2,2.5272,1161,18
rep2,2.5304,1162,18
rep2,2.5306,1163,18
rep2,2.5307,1164,18
rep2,2.5308,1165,18
rep2,2.5338,1166,18
rep2,2.5338,1167,18
rep2,2.5339,1168,18
rep2,2.5369,1169,18
rep2,2.537,1170,18
rep2,2.5401,1171,18
rep2,2.5406,1172,18
rep2,2.5434,1173,18
rep2,2.5435,1174,18
rep2,2.5436,1175,18
rep2,2.5468,1176,18
rep2,2.5469,1177,18
rep2,2.547,1178,18
rep2,2.5471,1179,18
rep2,2.5501,1180,18
rep2,2.5504,1181,18
rep2,2.5506,1182,18
rep2,2.5534,1183,18
rep2,2.5534,1184,18
rep2,2.5534,1185,18
rep2,2.5536,1186,18
rep2,2.5537,1187,18
rep2,2.5539,1188,18
rep2,2.5571,1189,18
rep2,2.5605,1190,18
rep2,2.5605,1191,18
rep2,2.5634,1192,18
rep2,2.5638,1193,18
rep2,2.564,1194,18
rep2,2.5669,1195,18
rep2,2.5669,1195,19
rep2,2.567,1196,19
rep2,2.5671,1197,19
rep2,2.5702,1198,19
rep2,2.5703,1199,19
rep2,2.5704,1200,19
rep2,2.5734,1201,19
rep2,2.5734,1202,19
rep2,2.5735,1203,19
rep2,2.5736,1204,19
rep2,2.5736,1205,19
rep2,2.5739,1206,19
rep2,2.5768,1207,19
rep2,2.5773,1208,19
rep2,2.5801,1209,19
rep2,2.5801,1210,19
rep2,2.5803,1211,19
rep2,2.5803,1212,19
rep2,2.5803,1213,19
rep2,2.5805,1214,19
rep2,2.5805,1215,19
rep2,2.5806,1216,19
rep2,2.5845,1217,19
rep2,2.5847,1218,19
rep2,2.5847,1219,19
rep2,2.5873,1220,19
rep2,2.5873,1221,19
rep2,2.5874,1222,19
rep2,2.5901,1223,19
rep2,2.5902,1224,19
rep2,2.5903,1225,19
rep2,2.5906,1226,19
rep2,2.5906,1227,19
rep2,2.5906,1228,19
rep2,2.5906,1229,19
rep2,2.594,1230,19
rep2,2.5969,1231,19
rep2,2.5969,1232,19
rep2,2.5969,1233,19
rep2,2.5971,1234,19
rep2,2.6,1235,19
rep2,2.6002,1236,19
rep2,2.6005,1237,19
rep2,2.6006,1238,19
rep2,2.6006,1239,19
rep2,2.6006,1240,19
rep2,2.6037,1241,19
rep2,2.6039,1242,19
rep2,2.607,1243,19
rep2,2.6071,1244,19
rep2,2.6071,1245,19
rep2,2.6072,1246,19
rep2,2.6134,1247,19
rep2,2.6137,1248,19
rep2,2.6137,1249,19
rep2,2.6138,1250,19
rep2,2.6168,1251,19
rep2,2.6169,1252,19
rep2,2.6169,1253,19
rep2,2.6169,1254,19
rep2,2.6174,1255,19
rep2,2.6202,1256,19
rep2,2.6206,1257,19
rep2,2.6235,1258,19
rep2,2.6237,1259,19
rep2,2.6238,1260,19
rep2,2.6239,1261,19
rep2,2.6267,1262,19
rep2,2.6268,1263,19
rep2,2.6272,1264,19
rep2,2.6274,1265,19
rep2,2.6274,1266,19
rep2,2.6301,1267,19
rep2,2.6305,1268,19
rep2,2.6338,1269,19
rep2,2.634,1270,19
rep2,2.6371,1271,19
rep2,2.6371,1272,19
rep2,2.6404,1273,19
rep2,2.6405,1274,19
rep2,2.6406,1275,19
rep2,2.6438,1276,19
rep2,2.6439,1277,19
rep2,2.6468,1278,19
rep2,2.6471,1279,19
rep2,2.6472,1280,19
rep2,2.6501,1281,19
rep2,2.6503,1282,19
rep2,2.6505,1283,19
rep2,2.6535,1284,19
rep2,2.6536,1285,19
rep2,2.6538,1286,19
rep2,2.6538,1287,19
rep2,2.6567,1288,19
rep2,2.6567,1289,19
rep2,2.6571,1290,19
rep2,2.6572,1291,19
rep2,2.6601,1292,19
rep2,2.6602,1293,19
rep2,2.6603,1294,19
rep2,2.6604,1295,19
rep2,2.6605,1296,19
rep2,2.6605,1297,19
rep2,2.6605,1298,19
rep2,2.6606,1299,19
rep2,2.6606,1300,19
rep2,2.6608,1301,19
rep2,2.6636,1302,19
rep2,2.6636,1303,19
rep2,2.6669,1304,19
rep2,2.667,1305,19
rep2,2.667,1306,19
rep2,2.6671,1307,19
rep2,2.6671,1308,19
rep2,2.6703,1309,19
rep2,2.6704,1310,19
rep2,2.6704,1311,19
rep2,2.6738,1312,19
rep2,2.6739,1313,19
rep2,2.6767,1314,19
rep2,2.6768,1315,19
rep2,2.6769,1316,19
rep2,2.6769,1317,19
rep2,2.6769,1318,19
rep2,2.6771,1319,19
rep2,2.68,1320,19
rep2,2.6803,1321,19
rep2,2.6803,1322,19
rep2,2.6804,1323,19
rep2,2.6834,1324,19
rep2,2.6837,1325,19
rep2,2.6869,1326,19
rep2,2.687,1327,19
rep2,2.6902,1328,19
rep2,2.6903,1329,19
rep2,2.6904,1330,19
rep2,2.6905,1331,19
rep2,2.6906,1332,19
rep2,2.6907,1333,19
rep2,2.6934,1334,19
rep2,2.6935,1335,19
rep2,2.6936,1336,19
rep2,2.6939,1337,19
rep2,2.6969,1338,19
rep2,2.6972,1339,19
rep2,2.7,1340,19
rep2,2.7,1341,19
rep2,2.7002,1342,19
rep2,2.7002,1343,19
rep2,2.7003,1344,19
rep2,2.7004,1345,19
rep2,2.7005,1346,19
rep2,2.7006,1347,19
rep2,2.7007,1348,19
rep2,2.7034,1349,19
rep2,2.7044,1350,19
rep2,2.7045,1351,19
rep2,2.7045,1352,19
rep2,2.7046,1353,19
rep2,2.7067,1354,19
rep2,2.7068,1355,19
rep2,2.7072,1356,19
rep2,2.7072,1357,19
rep2,2.7103,1358,19
rep2,2.7103,1359,19
rep2,2.7134,1360,19
rep2,2.7135,1361,19
rep2,2.7138,1362,19
rep2,2.7138,1363,19
rep2,2.714,1364,19
rep2,2.7168,1365,19
rep2,2.7171,1366,19
rep2,2.7171,1367,19
rep2,2.7172,1368,19
rep2,2.7201,1369,19
rep2,2.7204,1370,19
rep2,2.7204,1371,19
rep2,2.7205,1372,19
rep2,2.7205,1372,20
rep2,2.7207,1373,20
rep2,2.7238,1374,20
rep2,2.7238,1375,20
rep2,2.724,1376,20
rep2,2.7269,1377,20
rep2,2.7269,1378,20
rep2,2.727,1379,20
rep2,2.7271,1380,20
rep2,2.7301,1381,20
rep2,2.7301,1382,20
rep2,2.7301,1383,20
rep2,2.7302,1384,20
rep2,2.7305,1385,20
rep2,2.7306,1386,20
rep2,2.7338,1387,20
rep2,2.7367,1388,20
rep2,2.7369,1389,20
rep2,2.7369,1390,20
rep2,2.737,1391,20
rep2,2.737,1392,20
rep2,2.74,1393,20
rep2,2.7405,1394,20
rep2,2.7436,1395,20
rep2,2.7436,1396,20
rep2,2.7437,1397,20
rep2,2.7439,1398,20
rep2,2.7468,1399,20
rep2,2.7468,1400,20
rep2,2.7471,1401,20
rep2,2.7501,1402,20
rep2,2.7504,1403,20
rep2,2.7505,1404,20
rep2,2.7534,1405,20
rep2,2.7536,1406,20
rep2,2.7538,1407,20
rep2,2.7538,1408,20
rep2,2.7538,1409,20
rep2,2.7539,1410,20
rep2,2.7539,1411,20
rep2,2.754,1412,20
rep2,2.7569,1413,20
rep2,2.7604,1414,20
rep2,2.7605,1415,20
rep2,2.7606,1416,20
rep2,2.7607,1417,20
rep2,2.7634,1418,20
rep2,2.7635,1419,20
rep2,2.7635,1420,20
rep2,2.7636,1421,20
rep2,2.7637,1422,20
rep2,2.7637,1423,20
rep2,2.7637,1424,20
rep2,2.7639,1425,20
rep2,2.7639,1426,20
rep2,2.7639,1427,20
rep2,2.7639,1428,20
rep2,2.7639,1429,20
rep2,2.767,1430,20
rep2,2.7673,1431,20
rep2,2.7673,1432,20
rep2,2.7673,1433,20
rep2,2.7705,1434,20
rep2,2.7706,1435,20
rep2,2.7708,1436,20
rep2,2.7737,1437,20
rep2,2.7739,1438,20
rep2,2.7769,1439,20
rep2,2.7769,1440,20
rep2,2.7771,1441,20
rep2,2.7771,1442,20
rep2,2.7802,1443,20
rep2,2.7804,1444,20
rep2,2.7805,1445,20
rep2,2.7805,1446,20
rep2,2.7805,1447,20
rep2,2.7805,1448,20
rep2,2.7807,1449,20
rep2,2.7835,1450,20
rep2,2.7836,1451,20
rep2,2.7837,1452,20
rep2,2.7837,1453,20
rep2,2.7869,1454,20
rep2,2.787,1455,20
rep2,2.7902,1456,20
rep2,2.7904,1457,20
rep2,2.7904,1458,20
rep2,2.7934,1459,20
rep2,2.7935,1460,20
rep2,2.7937,1461,20
rep2,2.7939,1462,20
rep2,2.7967,1463,20
rep2,2.7968,1464,20
rep2,2.7968,1465,20
rep2,2.7969,1466,20
rep2,2.7969,1467,20
rep2,2.797,1468,20
rep2,2.7971,1469,20
rep2,2.7971,1470,20
rep2,2.7972,1471,20
rep2,2.8001,1472,20
rep2,2.8001,1473,20
rep2,2.8003,1474,20
rep2,2.8003,1475,20
rep2,2.8006,1476,20
rep2,2.8006,1477,20
rep2,2.8006,1478,20
rep2,2.8035,1479,20
rep2,2.8036,1480,20
rep2,2.8038,1481,20
rep2,2.8038,1482,20
rep2,2.804,1483,20
rep2,2.8068,1484,20
rep2,2.8069,1485,20
rep2,2.8072,1486,20
rep2,2.8102,1487,20
rep2,2.8103,1488,20
rep2,2.8104,1489,20
rep2,2.8106,1490,20
rep2,2.8135,1491,20
rep2,2.8139,1492,20
rep2,2.8139,1493,20
rep2,2.8168,1494,20
rep2,2.8168,1495,20
rep2,2.8169,1496,20
rep2,2.8172,1497,20
rep2,2.8173,1498,20
rep2,2.82,1499,20
rep2,2.8201,1500,20
rep2,2.8216,1501,20
rep2,2.8236,1502,20
rep2,2.8237,1503,20
rep2,2.8237,1504,20
rep2,2.827,1505,20
rep2,2.8303,1506,20
rep2,2.8303,1507,20
rep2,2.8303,1508,20
rep2,2.8306,1509,20
rep2,2.8335,1510,20
rep2,2.8335,1511,20
rep2,2.8336,1512,20
rep2,2.8339,1513,20
rep2,2.8367,1514,20
rep2,2.8371,1515,20
rep2,2.8372,1516,20
rep2,2.84,1517,20
rep2,2.8402,1518,20
rep2,2.8403,1519,20
rep2,2.8404,1520,20
rep2,2.8405,1521,20
rep2,2.8439,1522,20
rep2,2.8472,1523,20
rep2,2.8472,1524,20
rep2,2.8473,1525,20
rep2,2.8502,1526,20
rep2,2.8507,1527,20
rep2,2.8507,1528,20
rep2,2.8534,1529,20
rep2,2.8535,1530,20
rep2,2.8538,1531,20
rep2,2.8568,1532,20
rep2,2.8569,1533,20
rep2,2.857,1534,20
rep2,2.8571,1535,20
rep2,2.8573,1536,20
rep2,2.8573,1537,20
rep2,2.8573,1538,20
rep2,2.86,1539,20
rep2,2.8601,1540,20
rep2,2.8635,1541,20
rep2,2.8636,1542,20
rep2,2.8637,1543,20
rep2,2.8668,1544,20
rep2,2.8669,1545,20
rep2,2.8669,1546,20
rep2,2.8669,1547,20
rep2,2.8669,1548,20
rep2,2.867,1549,20
rep2,2.867,1550,20
rep2,2.867,1551,20
rep2,2.8672,1552,20
rep2,2.8673,1553,20
rep2,2.8701,1554,20
rep2,2.8701,1555,20
rep2,2.8702,1556,20
rep2,2.8706,1557,20
rep2,2.8739,1558,20
rep2,2.8739,1559,20
rep2,2.8772,1560,20
rep2,2.8773,1561,20
rep2,2.8803,1562,20
rep2,2.8804,1563,20
rep2,2.8834,1564,20
rep2,2.8838,1565,20
rep2,2.8839,1566,20
rep2,2.8867,1567,20
rep2,2.8869,1568,20
rep2,2.887,1569,20
rep2,2.8871,1570,20
rep2,2.8872,1571,20
rep2,2.8872,1572,20
rep2,2.8874,1573,20
rep2,2.8903,1574,20
rep2,2.8905,1575,20
rep2,2.8937,1576,20
rep2,2.8937,1577,20
rep2,2.8968,1578,20
rep2,2.8968,1579,20
rep2,2.8971,1580,20
rep2,2.9001,1581,20
rep2,2.9002,1582,20
rep2,2.9002,1583,20
rep2,2.9003,1584,20
rep2,2.9034,1585,20
rep2,2.9035,1586,20
rep2,2.9035,1587,20
rep2,2.9036,1588,20
rep2,2.9037,1589,20
rep2,2.9069,1590,20
rep2,2.907,1591,20
rep2,2.907,1592,20
rep2,2.9072,1593,20
rep2,2.9102,1594,20
rep2,2.9103,1595,20
rep2,2.9104,1596,20
rep2,2.9106,1597,20
rep2,2.9107,1598,20
rep2,2.9108,1599,20
rep2,2.9134,1600,20
rep2,2.9139,1601,20
rep2,2.914,1602,20
rep2,2.9171,1603,20
rep2,2.9172,1604,20
rep2,2.9202,1605,20
rep2,2.9204,1606,20
rep2,2.9206,1607,20
rep2,2.9236,1608,20
rep2,2.9267,1609,20
rep2,2.9267,1610,20
rep2,2.9269,1611,20
rep2,2.9301,1612,20
rep2,2.9334,1613,20
rep2,2.9367,1614,20
rep2,2.9367,1615,20
rep2,2.9367,1616,20
rep2,2.9368,1617,20
rep2,2.9369,1618,20
rep2,2.937,1619,20
rep2,2.9371,1620,20
rep2,2.9372,1621,20
rep2,2.9372,1622,20
rep2,2.9372,1623,20
rep2,2.9372,1624,20
rep2,2.9372,1625,20
rep2,2.9373,1626,20
rep2,2.9373,1627,20
rep2,2.94,1628,20
rep2,2.9404,1629,20
rep2,2.9404,1630,20
rep2,2.9406,1631,20
rep2,2.9443,1632,20
rep2,2.9443,1633,20
rep2,2.9443,1634,20
rep2,2.9443,1635,20
rep2,2.9443,1636,20
rep2,2.9444,1637,20
rep2,2.9444,1638,20
rep2,2.9444,1639,20
rep2,2.9468,1640,20
rep2,2.9468,1641,20
rep2,2.9468,1642,20
rep2,2.9469,1643,20
rep2,2.947,1644,20
rep2,2.947,1645,20
rep2,2.947,1646,20
rep2,2.9472,1647,20
rep2,2.9472,1648,20
rep2,2.9473,1649,20
rep2,2.9474,1650,20
rep2,2.9474,1651,20
rep2,2.9506,1652,20
rep2,2.9506,1653,20
rep2,2.9507,1654,20
rep2,2.9534,1655,20
rep2,2.9534,1656,20
rep2,2.9535,1657,20
rep2,2.9536,1658,20
rep2,2.9538,1659,20
rep2,2.9539,1660,20
rep2,2.954,1661,20
rep2,2.9568,1662,20
rep2,2.957,1663,20
rep2,2.9573,1664,20
rep2,2.9603,1665,20
rep2,2.9604,1666,20
rep2,2.9604,1667,20
rep2,2.9605,1668,20
rep2,2.9605,1669,20
rep2,2.9606,1670,20
rep2,2.9606,1671,20
rep2,2.9638,1672,20
rep2,2.9639,1673,20
rep2,2.9639,1674,20
rep2,2.967,1675,20
rep2,2.9671,1676,20
rep2,2.9671,1677,20
rep2,2.9673,1678,20
rep2,2.97,1679,20
rep2,2.9701,1680,20
rep2,2.9736,1681,20
rep2,2.9736,1682,20
rep2,2.9736,1683,20
rep2,2.9737,1684,20
rep2,2.9769,1685,20
rep2,2.977,1686,20
rep2,2.9773,1687,20
rep2,2.98,1688,20
rep2,2.9801,1689,20
rep2,2.9802,1690,20
rep2,2.9803,1691,20
rep2,2.9803,1692,20
rep2,2.9804,1693,20
rep2,2.9804,1694,20
rep2,2.9834,1695,20
rep2,2.9837,1696,20
rep2,2.9839,1697,20
rep2,2.9869,1698,20
rep2,2.9869,1699,20
rep2,2.987,1700,20
rep2,2.9902,1701,20
rep2,2.9903,1702,20
rep2,2.9936,1703,20
rep2,2.9936,1704,20
rep2,2.9938,1705,20
rep2,2.994,1706,20
rep2,2.9969,1707,20
rep2,2.997,1708,20
rep2,2.997,1709,20
rep2,2.9971,1710,20
rep2,2.9972,1711,20
rep2,3.0001,1712,20
rep2,3.0004,1713,20
rep2,3.0005,1714,20
rep2,3.0036,1715,20
rep2,3.0036,1716,20
rep2,3.0037,1717,20
rep2,3.0037,1718,20
rep2,3.0038,1719,20
rep2,3.0068,1720,20
rep2,3.007,1721,20
rep2,3.0071,1722,20
rep2,3.0101,1723,20
rep2,3.0102,1724,20
rep2,3.0104,1725,20
rep2,3.0104,1726,20
rep2,3.0104,1727,20
rep2,3.0105,1728,20
rep2,3.0106,1729,20
rep2,3.0169,1730,20
rep2,3.0169,1731,20
rep2,3.017,1732,20
rep2,3.0171,1733,20
rep2,3.0174,1734,20
rep2,3.0174,1735,20
rep2,3.0203,1736,20
rep2,3.0207,1737,20
rep2,3.0235,1738,20
rep2,3.0268,1739,20
rep2,3.0271,1740,20
rep2,3.0272,1741,20
rep2,3.0272,1742,20
rep2,3.0272,1743,20
rep2,3.0334,1744,20
rep2,3.0336,1745,20
rep2,3.0336,1746,20
rep2,3.0337,1747,20
rep2,3.0337,1748,20
rep2,3.037,1749,20
rep2,3.0372,1750,20
rep2,3.0434,1751,20
rep2,3.044,1752,20
rep2,3.044,1753,20
rep2,3.0441,1754,20
rep2,3.0468,1755,20
rep2,3.0468,1756,20
rep2,3.0503,1757,20
rep2,3.054,1758,20
rep2,3.0569,1759,20
rep2,3.0572,1760,20
rep2,3.0573,1761,20
rep2,3.0602,1762,20
rep2,3.0602,1763,20
rep2,3.0604,1764,20
rep2,3.0606,1765,20
rep2,3.0635,1766,20
rep2,3.0637,1767,20
rep2,3.0637,1768,20
rep2,3.0667,1769,20
rep2,3.071,1770,20
rep2,3.0734,1771,20
rep2,3.0735,1772,20
rep2,3.0736,1773,20
rep2,3.0738,1774,20
rep2,3.0738,1775,20
rep2,3.0738,1776,20
rep2,3.0738,1777,20
rep2,3.0739,1778,20
rep2,3.0739,1779,20
rep2,3.074,1780,20
rep2,3.0768,1781,20
rep2,3.077,1782,20
rep2,3.0771,1783,20
rep2,3.0802,1784,20
rep2,3.0803,1785,20
rep2,3.0837,1786,20
rep2,3.0869,1787,20
rep2,3.087,1788,20
rep2,3.0871,1789,20
rep2,3.0903,1790,20
rep2,3.0903,1791,20
rep2,3.0905,1792,20
rep2,3.0906,1793,20
rep2,3.0907,1794,20
rep2,3.0935,1795,20
rep2,3.0938,1796,20
rep2,3.0938,1797,20
rep2,3.0972,1798,20
rep2,3.0974,1799,20
rep2,3.1003,1800,20
rep2,3.1005,1801,20
rep2,3.1037,1802,20
rep2,3.107,1803,20
rep2,3.107,1804,20
rep2,3.1072,1805,20
rep2,3.1073,1806,20
rep2,3.1103,1807,20
rep2,3.1135,1808,20
rep2,3.1167,1809,20
rep2,3.1167,1810,20
rep2,3.117,1811,20
rep2,3.1173,1812,20
rep2,3.1173,1813,20
rep2,3.1203,1814,20
rep2,3.1205,1815,20
rep2,3.1205,1816,20
rep2,3.1207,1817,20
rep2,3.1236,1818,20
rep2,3.1237,1819,20
rep2,3.1237,1820,20
rep2,3.1238,1821,20
rep2,3.1239,1822,20
rep2,3.1267,1823,20
rep2,3.127,1824,20
rep2,3.1271,1825,20
rep2,3.1271,1826,20
rep2,3.1272,1827,20
rep2,3.1302,1828,20
rep2,3.1305,1829,20
rep2,3.1334,1830,20
rep2,3.1335,1831,20
rep2,3.1338,1832,20
rep2,3.1368,1833,20
rep2,3.1368,1834,20
rep2,3.1369,1835,20
rep2,3.1371,1836,20
rep2,3.1373,1837,20
rep2,3.1401,1838,20
rep2,3.1403,1839,20
rep2,3.1405,1840,20
rep2,3.1434,1841,20
rep2,3.1435,1842,20
rep2,3.1437,1843,20
rep2,3.1438,1844,20
rep2,3.1438,1845,20
rep2,3.144,1846,20
rep2,3.144,1847,20
rep2,3.147,1848,20
rep2,3.147,1849,20
rep2,3.1471,1850,20
rep2,3.1503,1851,20
rep2,3.1504,1852,20
rep2,3.1535,1853,20
rep2,3.1537,1854,20
rep2,3.1537,1855,20
rep2,3.1567,1856,20
rep2,3.1569,1857,20
rep2,3.1602,1858,20
rep2,3.1606,1859,20
rep2,3.164,1860,20
rep2,3.1668,1861,20
rep2,3.1669,1862,20
rep2,3.1669,1863,20
rep2,3.167,1864,20
rep2,3.167,1865,20
rep2,3.1672,1866,20
rep2,3.1672,1867,20
rep2,3.1673,1868,20
rep2,3.1673,1869,20
rep2,3.1705,1870,20
rep2,3.1706,1871,20
rep2,3.1746,1872,20
rep2,3.1746,1873,20
rep2,3.1748,1874,20
rep2,3.1748,1875,20
rep2,3.1748,1876,20
rep2,3.1748,1877,20
rep2,3.1769,1878,20
rep2,3.177,1879,20
rep2,3.1771,1880,20
rep2,3.1771,1881,20
rep2,3.1772,1882,20
rep2,3.1774,1883,20
rep2,3.1801,1884,20
rep2,3.1803,1885,20
rep2,3.1804,1886,20
rep2,3.1805,1887,20
rep2,3.1837,1888,20
rep2,3.1837,1889,20
rep2,3.1839,1890,20
rep2,3.187,1891,20
rep2,3.1873,1892,20
rep2,3.1901,1893,20
rep2,3.1902,1894,20
rep2,3.1906,1895,20
rep2,3.1934,1896,20
rep2,3.1938,1897,20
rep2,3.1939,1898,20
rep2,3.1969,1899,20
rep2,3.197,1900,20
rep2,3.2003,1901,20
rep2,3.2003,1902,20
rep2,3.2004,1903,20
rep2,3.2005,1904,20
rep2,3.2006,1905,20
rep2,3.2007,1906,20
rep2,3.2036,1907,20
rep2,3.2037,1908,20
rep2,3.2038,1909,20
rep2,3.2038,1910,20
rep2,3.2039,1911,20
rep2,3.2069,1912,20
rep2,3.2071,1913,20
rep2,3.2072,1914,20
rep2,3.2072,1915,20
rep2,3.2073,1916,20
rep2,3.21,1917,20
rep2,3.2101,1918,20
rep2,3.2102,1919,20
rep2,3.2102,1920,20
rep2,3.2102,1921,20
rep2,3.2102,1922,20
rep2,3.2104,1923,20
rep2,3.2104,1924,20
rep2,3.2105,1925,20
rep2,3.2105,1926,20
rep2,3.2105,1927,20
rep2,3.2107,1928,20
rep2,3.2134,1929,20
rep2,3.2136,1930,20
rep2,3.2136,1931,20
rep2,3.2136,1932,20
rep2,3.2138,1933,20
rep2,3.2168,1934,20
rep2,3.2172,1935,20
rep2,3.22,1936,20
rep2,3.2201,1937,20
rep2,3.2202,1938,20
rep2,3.2202,1939,20
rep2,3.2204,1940,20
rep2,3.2235,1941,20
rep2,3.2236,1942,20
rep2,3.2271,1943,20
rep2,3.2271,1944,20
rep2,3.2271,1945,20
rep2,3.23,1946,20
rep2,3.2301,1947,20
rep2,3.2302,1948,20
rep2,3.2303,1949,20
rep2,3.2303,1950,20
rep2,3.2306,1951,20
rep2,3.2334,1952,20
rep2,3.2337,1953,20
rep2,3.2338,1954,20
rep2,3.2368,1955,20
rep2,3.2402,1956,20
rep2,3.2404,1957,20
rep2,3.2436,1958,20
rep2,3.2439,1959,20
rep2,3.2469,1960,20
rep2,3.247,1961,20
rep2,3.2471,1962,20
rep2,3.2501,1963,20
rep2,3.2501,1964,20
rep2,3.2501,1965,20
rep2,3.2502,1966,20
rep2,3.2502,1967,20
rep2,3.2503,1968,20
rep2,3.2506,1969,20
rep2,3.2507,1970,20
rep2,3.2536,1971,20
rep2,3.2536,1972,20
rep2,3.2537,1973,20
rep2,3.2538,1974,20
rep2,3.2572,1975,20
rep2,3.2573,1976,20
rep2,3.2603,1977,20
rep2,3.2603,1978,20
rep2,3.2603,1979,20
rep2,3.2604,1980,20
rep2,3.2637,1981,20
rep2,3.2639,1982,20
rep2,3.2639,1983,20
rep2,3.2669,1984,20
rep2,3.267,1985,20
rep2,3.2671,1986,20
rep2,3.2674,1987,20
rep2,3.2703,1988,20
rep2,3.2704,1989,20
rep2,3.2734,1990,20
rep2,3.2736,1991,20
rep2,3.274,1992,20
rep2,3.2741,1993,20
rep2,3.2768,1994,20
rep2,3.2769,1995,20
rep2,3.2772,1996,20
rep2,3.2801,1997,20
rep2,3.2801,1998,20
rep2,3.2801,1999,20
rep2,3.2802,2000,20
rep2,3.2802,2001,20
rep2,3.2802,2001,21
rep2,3.2803,2002,21
rep2,3.2803,2003,21
rep2,3.2804,2004,21
rep2,3.2806,2005,21
rep2,3.2806,2006,21
rep2,3.2836,2007,21
rep2,3.2837,2008,21
rep2,3.2868,2009,21
rep2,3.2869,2010,21
rep2,3.287,2011,21
rep2,3.2872,2012,21
rep2,3.2873,2013,21
rep2,3.2874,2014,21
rep2,3.2874,2015,21
rep2,3.2906,2016,21
rep2,3.2934,2017,21
rep2,3.2935,2018,21
rep2,3.2936,2019,21
rep2,3.2936,2020,21
rep2,3.2937,2021,21
rep2,3.2968,2022,21
rep2,3.2972,2023,21
rep2,3.2974,2024,21
rep2,3.3007,2025,21
rep2,3.3034,2026,21
rep2,3.3034,2027,21
rep2,3.3037,2028,21
rep2,3.304,2029,21
rep2,3.3073,2030,21
rep2,3.3073,2031,21
rep2,3.3073,2032,21
rep2,3.3074,2033,21
rep2,3.3075,2034,21
rep2,3.3077,2035,21
rep2,3.3077,2036,21
rep2,3.3078,2037,21
rep2,3.3101,2038,21
rep2,3.3104,2039,21
rep2,3.3135,2040,21
rep2,3.3135,2041,21
rep2,3.3137,2042,21
rep2,3.3139,2043,21
rep2,3.3139,2044,21
rep2,3.3139,2045,21
rep2,3.314,2046,21
rep2,3.3172,2047,21
rep2,3.3172,2048,21
rep2,3.3202,2049,21
rep2,3.3203,2050,21
rep2,3.3207,2051,21
rep2,3.3236,2052,21
rep2,3.3237,2053,21
rep2,3.3238,2054,21
rep2,3.324,2055,21
rep2,3.3241,2056,21
rep2,3.3268,2057,21
rep2,3.327,2058,21
rep2,3.3271,2059,21
rep2,3.3272,2060,21
rep2,3.3272,2061,21
rep2,3.3274,2062,21
rep2,3.3303,2063,21
rep2,3.3303,2064,21
rep2,3.3304,2065,21
rep2,3.3305,2066,21
rep2,3.3307,2067,21
rep2,3.3334,2068,21
rep2,3.3336,2069,21
rep2,3.3368,2070,21
rep2,3.337,2071,21
rep2,3.337,2072,21
rep2,3.3402,2073,21
rep2,3.3404,2074,21
rep2,3.3404,2075,21
rep2,3.3405,2076,21
rep2,3.3469,2077,21
rep2,3.3471,2078,21
rep2,3.3471,2079,21
rep2,3.3472,2080,21
rep2,3.3472,2081,21
rep2,3.3501,2082,21
rep2,3.3501,2083,21
rep2,3.3504,2084,21
rep2,3.3505,2085,21
rep2,3.3505,2086,21
rep2,3.3505,2087,21
rep2,3.3505,2088,21
rep2,3.3506,2089,21
rep2,3.3539,2090,21
rep2,3.3569,2091,21
rep2,3.357,2092,21
rep2,3.3573,2093,21
rep2,3.3573,2094,21
rep2,3.3602,2095,21
rep2,3.3635,2096,21
rep2,3.3637,2097,21
rep2,3.3637,2098,21
rep2,3.3669,2099,21
rep2,3.367,2100,21
rep2,3.3672,2101,21
rep2,3.3705,2102,21
rep2,3.3706,2103,21
rep2,3.3735,2104,21
rep2,3.3735,2105,21
rep2,3.3735,2106,21
rep2,3.3736,2107,21
rep2,3.3737,2108,21
rep2,3.3737,2109,21
rep2,3.3737,2110,21
rep2,3.3738,2111,21
rep2,3.3739,2112,21
rep2,3.374,2113,21
rep2,3.374,2114,21
rep2,3.3768,2115,21
rep2,3.3769,2116,21
rep2,3.377,2117,21
rep2,3.377,2118,21
rep2,3.3771,2119,21
rep2,3.3771,2120,21
rep2,3.3802,2121,21
rep2,3.3802,2122,21
rep2,3.3804,2123,21
rep2,3.3806,2124,21
rep2,3.3839,2125,21
rep2,3.3868,2126,21
rep2,3.3871,2127,21
rep2,3.3871,2128,21
rep2,3.3872,2129,21
rep2,3.3874,2130,21
rep2,3.3903,2131,21
rep2,3.3906,2132,21
rep2,3.3935,2133,21
rep2,3.3936,2134,21
rep2,3.3937,2135,21
rep2,3.3939,2136,21
rep2,3.3967,2137,21
rep2,3.397,2138,21
rep2,3.3971,2139,21
rep2,3.3974,2140,21
rep2,3.4001,2141,21
rep2,3.4005,2142,21
rep2,3.4006,2143,21
rep2,3.4007,2144,21
rep2,3.4008,2145,21
rep2,3.4038,2146,21
rep2,3.4039,2147,21
rep2,3.4067,2148,21
rep2,3.4068,2149,21
rep2,3.4069,2150,21
rep2,3.4069,2151,21
rep2,3.407,2152,21
rep2,3.4072,2153,21
rep2,3.4073,2154,21
rep2,3.4101,2155,21
rep2,3.4103,2156,21
rep2,3.4103,2157,21
rep2,3.4106,2158,21
rep2,3.4134,2159,21
rep2,3.4139,2160,21
rep2,3.4169,2161,21
rep2,3.417,2162,21
rep2,3.42,2163,21
rep2,3.4211,2164,21
rep2,3.4211,2165,21
rep2,3.4211,2166,21
rep2,3.4211,2167,21
rep2,3.4212,2168,21
rep2,3.4237,2169,21
rep2,3.4239,2170,21
rep2,3.4269,2171,21
rep2,3.4301,2172,21
rep2,3.4304,2173,21
rep2,3.4306,2174,21
rep2,3.4368,2175,21
rep2,3.437,2176,21
rep2,3.4372,2177,21
rep2,3.4373,2178,21
rep2,3.4404,2179,21
rep2,3.4406,2180,21
rep2,3.4434,2181,21
rep2,3.4437,2182,21
rep2,3.444,2183,21
rep2,3.4469,2184,21
rep2,3.4501,2185,21
rep2,3.4502,2186,21
rep2,3.4505,2187,21
rep3,0.087,0,1
rep3,0.267,0,2
rep3,0.3304,0,3
rep3,0.567,0,4
rep3,0.8346,0,5
rep3,0.8702,0,6
rep3,0.8902,0,7
rep3,0.9473,0,8
rep3,1.1035,1,8
rep3,1.1068,2,8
rep3,1.1103,3,8
rep3,1.1274,4,8
rep3,1.1305,5,8
rep3,1.1305,6,8
rep3,1.1369,7,8
rep3,1.1435,8,8
rep3,1.1469,9,8
rep3,1.1536,10,8
rep3,1.1606,11,8
rep3,1.1606,12,8
rep3,1.2002,13,8
rep3,1.2038,14,8
rep3,1.2235,15,8
rep3,1.2236,16,8
rep3,1.2274,17,8
rep3,1.2336,18,8
rep3,1.2337,19,8
rep3,1.2503,20,8
rep3,1.2536,21,8
rep3,1.2537,22,8
rep3,1.2568,23,8
rep3,1.2571,24,8
rep3,1.2604,25,8
rep3,1.2705,26,8
rep3,1.2737,27,8
rep3,1.2737,28,8
rep3,1.277,29,8
rep3,1.2904,30,8
rep3,1.2938,31,8
rep3,1.2974,32,8
rep3,1.3037,33,8
rep3,1.3038,34,8
rep3,1.3107,35,8
rep3,1.3107,36,8
rep3,1.3171,37,8
rep3,1.3172,38,8
rep3,1.3204,39,8
rep3,1.3206,40,8
rep3,1.3271,41,8
rep3,1.3302,42,8
rep3,1.3304,43,8
rep3,1.3373,44,8
rep3,1.3405,45,8
rep3,1.347,46,8
rep3,1.3474,47,8
rep3,1.3506,48,8
rep3,1.3507,49,8
rep3,1.3538,50,8
rep3,1.3538,51,8
rep3,1.3541,52,8
rep3,1.3571,53,8
rep3,1.3601,54,8
rep3,1.3603,55,8
rep3,1.3605,56,8
rep3,1.3606,57,8
rep3,1.3606,58,8
rep3,1.3607,59,8
rep3,1.3607,60,8
rep3,1.3671,61,8
rep3,1.3706,62,8
rep3,1.377,63,8
rep3,1.3773,64,8
rep3,1.3774,65,8
rep3,1.3801,66,8
rep3,1.3802,67,8
rep3,1.3802,68,8
rep3,1.3803,69,8
rep3,1.3804,70,8
rep3,1.3835,71,8
rep3,1.3837,72,8
rep3,1.3838,73,8
rep3,1.3841,74,8
rep3,1.3871,75,8
rep3,1.3873,76,8
rep3,1.3902,77,8
rep3,1.3904,78,8
rep3,1.3905,79,8
rep3,1.3905,80,8
rep3,1.4001,81,8
rep3,1.4035,82,8
rep3,1.4037,83,8
rep3,1.4037,84,8
rep3,1.4037,85,8
rep3,1.4069,86,8
rep3,1.4135,87,8
rep3,1.4171,88,8
rep3,1.4172,89,8
rep3,1.4268,90,8
rep3,1.4268,91,8
rep3,1.4274,92,8
rep3,1.4275,93,8
rep3,1.4302,94,8
rep3,1.4304,95,8
rep3,1.4304,96,8
rep3,1.4369,97,8
rep3,1.4371,98,8
rep3,1.4404,99,8
rep3,1.4477,100,8
rep3,1.4478,101,8
rep3,1.448,102,8
rep3,1.4535,103,8
rep3,1.4537,104,8
rep3,1.4537,105,8
rep3,1.454,106,8
rep3,1.457,107,8
rep3,1.4572,108,8
rep3,1.4603,109,8
rep3,1.4638,110,8
rep3,1.4668,111,8
rep3,1.467,112,8
rep3,1.4701,113,8
rep3,1.4704,114,8
rep3,1.4705,115,8
rep3,1.4735,116,8
rep3,1.4736,117,8
rep3,1.4737,118,8
rep3,1.4738,119,8
rep3,1.4738,120,8
rep3,1.474,121,8
rep3,1.474,122,8
rep3,1.4836,123,8
rep3,1.4868,124,8
rep3,1.4871,125,8
rep3,1.494,126,8
rep3,1.4971,127,8
rep3,1.4974,128,8
rep3,1.5003,129,8
rep3,1.5004,130,8
rep3,1.5004,131,8
rep3,1.5005,132,8
rep3,1.5035,133,8
rep3,1.5068,134,8
rep3,1.5069,135,8
rep3,1.507,136,8
rep3,1.5103,137,8
rep3,1.5104,138,8
rep3,1.5104,139,8
rep3,1.5138,140,8
rep3,1.5141,141,8
rep3,1.5204,142,8
rep3,1.5205,143,8
rep3,1.5205,144,8
rep3,1.5206,145,8
rep3,1.5206,146,8
rep3,1.5237,147,8
rep3,1.5238,148,8
rep3,1.5268,149,8
rep3,1.5268,150,8
rep3,1.5268,151,8
rep3,1.5271,152,8
rep3,1.5274,153,8
rep3,1.5303,154,8
rep3,1.5304,155,8
rep3,1.5304,156,8
rep3,1.5335,157,8
rep3,1.5336,158,8
rep3,1.5336,159,8
rep3,1.5339,160,8
rep3,1.5371,161,8
rep3,1.5371,162,8
rep3,1.5373,163,8
rep3,1.5374,164,8
rep3,1.5413,165,8
rep3,1.5414,166,8
rep3,1.5415,167,8
rep3,1.5415,168,8
rep3,1.5415,169,8
rep3,1.5416,170,8
rep3,1.5416,171,8
rep3,1.5436,172,8
rep3,1.5438,173,8
rep3,1.5438,174,8
rep3,1.5439,175,8
rep3,1.5439,176,8
rep3,1.5441,177,8
rep3,1.5441,178,8
rep3,1.5441,179,8
rep3,1.5441,180,8
rep3,1.547,181,8
rep3,1.5471,182,8
rep3,1.5473,183,8
rep3,1.5502,184,8
rep3,1.5502,185,8
rep3,1.5502,186,8
rep3,1.5503,187,8
rep3,1.5505,188,8
rep3,1.5505,189,8
rep3,1.5506,190,8
rep3,1.5506,191,8
rep3,1.5506,192,8
rep3,1.5507,193,8
rep3,1.5535,194,8
rep3,1.5537,195,8
rep3,1.5538,196,8
rep3,1.5539,197,8
rep3,1.554,198,8
rep3,1.557,199,8
rep3,1.557,200,8
rep3,1.557,201,8
rep3,1.5572,202,8
rep3,1.5572,203,8
rep3,1.5573,204,8
rep3,1.5574,205,8
rep3,1.5602,206,8
rep3,1.5604,207,8
rep3,1.5606,208,8
rep3,1.5637,209,8
rep3,1.5639,210,8
rep3,1.5639,211,8
rep3,1.5642,212,8
rep3,1.5669,213,8
rep3,1.5671,214,8
rep3,1.5671,215,8
rep3,1.5672,216,8
rep3,1.5672,217,8
rep3,1.5675,218,8
rep3,1.5735,219,8
rep3,1.5738,220,8
rep3,1.5738,221,8
rep3,1.5738,222,8
rep3,1.5738,223,8
rep3,1.5738,224,8
rep3,1.5768,225,8
rep3,1.577,226,8
rep3,1.577,227,8
rep3,1.577,228,8
rep3,1.577,229,8
rep3,1.5772,230,8
rep3,1.5801,231,8
rep3,1.5802,232,8
rep3,1.5837,233,8
rep3,1.5838,234,8
rep3,1.5839,234,9
rep3,1.584,235,9
rep3,1.5869,236,9
rep3,1.5873,237,9
rep3,1.5873,238,9
rep3,1.5904,239,9
rep3,1.5905,240,9
rep3,1.5906,241,9
rep3,1.5907,242,9
rep3,1.5935,243,9
rep3,1.5939,244,9
rep3,1.5968,245,9
rep3,1.5968,246,9
rep3,1.5969,247,9
rep3,1.597,248,9
rep3,1.5971,249,9
rep3,1.5971,250,9
rep3,1.5972,251,9
rep3,1.5973,252,9
rep3,1.5973,253,9
rep3,1.6004,254,9
rep3,1.6007,255,9
rep3,1.6007,256,9
rep3,1.6037,257,9
rep3,1.6038,258,9
rep3,1.6041,259,9
rep3,1.6041,260,9
rep3,1.6042,261,9
rep3,1.6072,262,9
rep3,1.6073,263,9
rep3,1.6102,264,9
rep3,1.6104,265,9
rep3,1.6136,266,9
rep3,1.6137,267,9
rep3,1.6137,268,9
rep3,1.6138,269,9
rep3,1.6169,270,9
rep3,1.6171,271,9
rep3,1.6172,272,9
rep3,1.6172,273,9
rep3,1.6203,274,9
rep3,1.6204,275,9
rep3,1.6205,276,9
rep3,1.6239,277,9
rep3,1.6268,278,9
rep3,1.6269,279,9
rep3,1.6271,280,9
rep3,1.6271,281,9
rep3,1.6271,282,9
rep3,1.6271,283,9
rep3,1.6305,284,9
rep3,1.6305,285,9
rep3,1.6338,286,9
rep3,1.637,287,9
rep3,1.6371,288,9
rep3,1.6403,289,9
rep3,1.6404,290,9
rep3,1.6435,291,9
rep3,1.6436,292,9
rep3,1.6437,293,9
rep3,1.6438,294,9
rep3,1.6469,295,9
rep3,1.6471,296,9
rep3,1.6502,297,9
rep3,1.6503,298,9
rep3,1.6504,299,9
rep3,1.6506,300,9
rep3,1.6507,301,9
rep3,1.6537,302,9
rep3,1.6541,303,9
rep3,1.6569,304,9
rep3,1.6569,305,9
rep3,1.6571,306,9
rep3,1.6571,307,9
rep3,1.6605,308,9
rep3,1.6606,309,9
rep3,1.6637,310,9
rep3,1.6638,311,9
rep3,1.6639,312,9
rep3,1.664,313,9
rep3,1.667,314,9
rep3,1.667,315,9
rep3,1.6703,316,9
rep3,1.6704,317,9
rep3,1.6706,318,9
rep3,1.6706,319,9
rep3,1.6737,320,9
rep3,1.6739,321,9
rep3,1.6739,322,9
rep3,1.6801,323,9
rep3,1.6802,324,9
rep3,1.6804,325,9
rep3,1.6806,326,9
rep3,1.6838,327,9
rep3,1.6839,328,9
rep3,1.6871,329,9
rep3,1.6905,330,9
rep3,1.6939,331,9
rep3,1.694,332,9
rep3,1.694,333,9
rep3,1.6971,334,9
rep3,1.6972,335,9
rep3,1.6974,336,9
rep3,1.7035,337,9
rep3,1.7036,338,9
rep3,1.7037,339,9
rep3,1.7037,340,9
rep3,1.7038,341,9
rep3,1.7039,342,9
rep3,1.7039,343,9
rep3,1.7073,344,9
rep3,1.7101,345,9
rep3,1.7103,346,9
rep3,1.7106,347,9
rep3,1.7106,348,9
rep3,1.7108,349,9
rep3,1.7137,350,9
rep3,1.7138,351,9
rep3,1.7138,352,9
rep3,1.7168,353,9
rep3,1.7203,354,9
rep3,1.7236,355,9
rep3,1.7239,356,9
rep3,1.7269,357,9
rep3,1.7271,358,9
rep3,1.7274,359,9
rep3,1.7304,360,9
rep3,1.7305,361,9
rep3,1.7305,362,9
rep3,1.7306,363,9
rep3,1.7308,364,9
rep3,1.7335,365,9
rep3,1.7337,366,9
rep3,1.7377,367,9
rep3,1.7377,368,9
rep3,1.7377,369,9
rep3,1.7377,370,9
rep3,1.7379,371,9
rep3,1.738,372,9
rep3,1.7401,373,9
rep3,1.7435,374,9
rep3,1.7435,374,10
rep3,1.7435,375,10
rep3,1.7471,376,10
rep3,1.7472,377,10
rep3,1.7476,378,10
rep3,1.7535,379,10
rep3,1.7536,380,10
rep3,1.757,381,10
rep3,1.7572,382,10
rep3,1.7572,383,10
rep3,1.7574,384,10
rep3,1.7575,385,10
rep3,1.7605,386,10
rep3,1.7637,387,10
rep3,1.7668,388,10
rep3,1.767,389,10
rep3,1.7672,390,10
rep3,1.7673,391,10
rep3,1.7704,392,10
rep3,1.7707,393,10
rep3,1.7735,394,10
rep3,1.7735,395,10
rep3,1.7737,396,10
rep3,1.7739,397,10
rep3,1.7741,398,10
rep3,1.7773,399,10
rep3,1.7802,400,10
rep3,1.7803,401,10
rep3,1.7868,402,10
rep3,1.7903,403,10
rep3,1.7903,404,10
rep3,1.7935,405,10
rep3,1.7935,406,10
rep3,1.7938,407,10
rep3,1.7942,408,10
rep3,1.7974,409,10
rep3,1.8003,410,10
rep3,1.8039,411,10
rep3,1.8068,412,10
rep3,1.807,413,10
rep3,1.807,414,10
rep3,1.807,415,10
rep3,1.8071,416,10
rep3,1.8071,417,10
rep3,1.8071,418,10
rep3,1.8073,419,10
rep3,1.8135,420,10
rep3,1.8136,421,10
rep3,1.8137,422,10
rep3,1.8139,423,10
rep3,1.8139,424,10
rep3,1.8141,425,10
rep3,1.817,426,10
rep3,1.8171,427,10
rep3,1.8172,428,10
rep3,1.8172,429,10
rep3,1.8173,430,10
rep3,1.8174,431,10
rep3,1.8205,432,10
rep3,1.8205,433,10
rep3,1.8207,434,10
rep3,1.8239,435,10
rep3,1.824,436,10
rep3,1.8272,437,10
rep3,1.8273,438,10
rep3,1.8302,439,10
rep3,1.8303,440,10
rep3,1.8305,441,10
rep3,1.8305,442,10
rep3,1.8335,443,10
rep3,1.8335,444,10
rep3,1.8336,445,10
rep3,1.8337,446,10
rep3,1.8338,447,10
rep3,1.834,448,10
rep3,1.834,449,10
rep3,1.834,450,10
rep3,1.8368,451,10
rep3,1.837,452,10
rep3,1.8374,453,10
rep3,1.8402,454,10
rep3,1.8405,455,10
rep3,1.8439,456,10
rep3,1.8441,457,10
rep3,1.8535,458,10
rep3,1.8569,459,10
rep3,1.8574,460,10
rep3,1.8603,461,10
rep3,1.8605,462,10
rep3,1.8637,463,10
rep3,1.8637,464,10
rep3,1.8639,465,10
rep3,1.8674,466,10
rep3,1.8702,467,10
rep3,1.8739,468,10
rep3,1.8768,469,10
rep3,1.8806,470,10
rep3,1.8868,471,10
rep3,1.887,472,10
rep3,1.8872,473,10
rep3,1.8904,474,10
rep3,1.8935,475,10
rep3,1.8938,476,10
rep3,1.8938,477,10
rep3,1.9004,478,10
rep3,1.9009,479,10
rep3,1.9037,480,10
rep3,1.9038,481,10
rep3,1.9038,482,10
rep3,1.9103,483,10
rep3,1.9103,484,10
rep3,1.9105,485,10
rep3,1.9107,486,10
rep3,1.9135,487,10
rep3,1.9137,488,10
rep3,1.9138,489,10
rep3,1.9142,490,10
rep3,1.9169,491,10
rep3,1.9169,492,10
rep3,1.917,493,10
rep3,1.9171,494,10
rep3,1.9172,495,10
rep3,1.9173,496,10
rep3,1.9174,497,10
rep3,1.9174,498,10
rep3,1.9174,499,10
rep3,1.9174,500,10
rep3,1.9174,501,10
rep3,1.9205,502,10
rep3,1.9206,503,10
rep3,1.9235,504,10
rep3,1.9237,505,10
rep3,1.9237,506,10
rep3,1.924,507,10
rep3,1.924,508,10
rep3,1.9268,509,10
rep3,1.9271,510,10
rep3,1.9273,511,10
rep3,1.9302,512,10
rep3,1.9304,513,10
rep3,1.9304,514,10
rep3,1.9306,515,10
rep3,1.9307,516,10
rep3,1.9335,517,10
rep3,1.9336,518,10
rep3,1.9339,519,10
rep3,1.9339,520,10
rep3,1.934,521,10
rep3,1.9368,522,10
rep3,1.937,523,10
rep3,1.9371,524,10
rep3,1.9372,525,10
rep3,1.9373,526,10
rep3,1.9373,527,10
rep3,1.9373,528,10
rep3,1.9373,528,11
rep3,1.9401,529,11
rep3,1.9404,530,11
rep3,1.9405,531,11
rep3,1.9407,532,11
rep3,1.9435,533,11
rep3,1.9436,534,11
rep3,1.944,535,11
rep3,1.947,536,11
rep3,1.9471,537,11
rep3,1.9472,538,11
rep3,1.9473,539,11
rep3,1.9473,540,11
rep3,1.9504,541,11
rep3,1.9504,542,11
rep3,1.9504,543,11
rep3,1.9505,544,11
rep3,1.9537,545,11
rep3,1.9538,546,11
rep3,1.954,547,11
rep3,1.954,548,11
rep3,1.9569,549,11
rep3,1.9569,550,11
rep3,1.957,551,11
rep3,1.9571,552,11
rep3,1.9573,553,11
rep3,1.9573,554,11
rep3,1.9575,555,11
rep3,1.9575,556,11
rep3,1.9601,557,11
rep3,1.9602,558,11
rep3,1.9606,559,11
rep3,1.9607,560,11
rep3,1.9607,561,11
rep3,1.9608,562,11
rep3,1.9668,563,11
rep3,1.9671,564,11
rep3,1.9671,565,11
rep3,1.9672,566,11
rep3,1.9674,567,11
rep3,1.9703,568,11
rep3,1.9715,569,11
rep3,1.9736,570,11
rep3,1.9737,571,11
rep3,1.9738,572,11
rep3,1.9738,573,11
rep3,1.9739,574,11
rep3,1.977,575,11
rep3,1.977,576,11
rep3,1.9771,577,11
rep3,1.9771,578,11
rep3,1.9772,579,11
rep3,1.9774,580,11
rep3,1.9802,581,11
rep3,1.9802,582,11
rep3,1.9804,583,11
rep3,1.9804,584,11
rep3,1.9806,585,11
rep3,1.9806,586,11
rep3,1.9807,587,11
rep3,1.9807,588,11
rep3,1.9837,589,11
rep3,1.9838,590,11
rep3,1.9839,591,11
rep3,1.987,592,11
rep3,1.9872,593,11
rep3,1.9902,594,11
rep3,1.9903,595,11
rep3,1.9903,596,11
rep3,1.9904,597,11
rep3,1.9905,598,11
rep3,1.9905,599,11
rep3,1.9907,600,11
rep3,1.9907,601,11
rep3,1.9908,602,11
rep3,1.9938,603,11
rep3,1.9938,604,11
rep3,1.9938,605,11
rep3,1.9939,606,11
rep3,1.9941,607,11
rep3,1.9941,608,11
rep3,1.9969,609,11
rep3,1.9969,610,11
rep3,1.9974,611,11
rep3,1.9975,612,11
rep3,2.0004,613,11
rep3,2.0004,614,11
rep3,2.0035,615,11
rep3,2.007,616,11
rep3,2.0073,617,11
rep3,2.0106,618,11
rep3,2.0106,619,11
rep3,2.0107,620,11
rep3,2.0136,621,11
rep3,2.0136,622,11
rep3,2.0139,623,11
rep3,2.0139,624,11
rep3,2.0139,625,11
rep3,2.014,626,11
rep3,2.014,627,11
rep3,2.0142,628,11
rep3,2.0142,629,11
rep3,2.017,630,11
rep3,2.017,631,11
rep3,2.017,632,11
rep3,2.0171,633,11
rep3,2.0172,634,11
rep3,2.0173,635,11
rep3,2.0173,636,11
rep3,2.0174,637,11
rep3,2.0202,638,11
rep3,2.0204,639,11
rep3,2.0204,640,11
rep3,2.0205,641,11
rep3,2.0206,642,11
rep3,2.0237,643,11
rep3,2.0241,644,11
rep3,2.0268,645,11
rep3,2.027,646,11
rep3,2.0272,647,11
rep3,2.0273,648,11
rep3,2.0274,649,11
rep3,2.0306,650,11
rep3,2.0306,651,11
rep3,2.0368,652,11
rep3,2.0368,653,11
rep3,2.037,654,11
rep3,2.0371,655,11
rep3,2.0371,656,11
rep3,2.0373,657,11
rep3,2.0406,658,11
rep3,2.0406,659,11
rep3,2.0407,660,11
rep3,2.0435,661,11
rep3,2.0468,662,11
rep3,2.0468,663,11
rep3,2.0469,664,11
rep3,2.0473,665,11
rep3,2.0473,666,11
rep3,2.0475,667,11
rep3,2.0475,668,11
rep3,2.0503,669,11
rep3,2.0505,670,11
rep3,2.0506,671,11
rep3,2.0506,672,11
rep3,2.0535,673,11
rep3,2.0536,674,11
rep3,2.0536,675,11
rep3,2.0537,676,11
rep3,2.0537,677,11
rep3,2.0538,678,11
rep3,2.0538,679,11
rep3,2.0539,680,11
rep3,2.054,681,11
rep3,2.054,682,11
rep3,2.0572,683,11
rep3,2.0602,684,11
rep3,2.0605,685,11
rep3,2.0606,686,11
rep3,2.0636,687,11
rep3,2.0637,688,11
rep3,2.0638,689,11
rep3,2.0638,690,11
rep3,2.0668,691,11
rep3,2.0669,692,11
rep3,2.0669,693,11
rep3,2.0671,694,11
rep3,2.0671,695,11
rep3,2.0671,696,11
rep3,2.0673,697,11
rep3,2.0701,698,11
rep3,2.0702,699,11
rep3,2.0702,700,11
rep3,2.0702,701,11
rep3,2.0702,702,11
rep3,2.0702,703,11
rep3,2.0703,704,11
rep3,2.0703,705,11
rep3,2.0704,706,11
rep3,2.0705,707,11
rep3,2.0705,708,11
rep3,2.0739,709,11
rep3,2.074,710,11
rep3,2.074,711,11
rep3,2.0741,712,11
rep3,2.0741,713,11
rep3,2.077,714,11
rep3,2.0771,715,11
rep3,2.0773,716,11
rep3,2.0773,717,11
rep3,2.0774,718,11
rep3,2.0774,719,11
rep3,2.0803,720,11
rep3,2.0803,721,11
rep3,2.0806,722,11
rep3,2.0807,723,11
rep3,2.0807,724,11
rep3,2.0807,725,11
rep3,2.0839,726,11
rep3,2.084,727,11
rep3,2.084,728,11
rep3,2.0841,729,11
rep3,2.0869,730,11
rep3,2.0871,731,11
rep3,2.0902,732,11
rep3,2.0902,733,11
rep3,2.0903,734,11
rep3,2.0903,735,11
rep3,2.0905,736,11
rep3,2.0907,737,11
rep3,2.0908,738,11
rep3,2.0937,739,11
rep3,2.0938,740,11
rep3,2.097,741,11
rep3,2.0972,742,11
rep3,2.0972,743,11
rep3,2.0973,744,11
rep3,2.1001,745,11
rep3,2.1003,746,11
rep3,2.1005,747,11
rep3,2.1005,748,11
rep3,2.1008,749,11
rep3,2.1008,750,11
rep3,2.1036,751,11
rep3,2.1069,752,11
rep3,2.1071,753,11
rep3,2.1071,754,11
rep3,2.1101,755,11
rep3,2.1102,756,11
rep3,2.1102,757,11
rep3,2.1104,758,11
rep3,2.1104,759,11
rep3,2.1106,760,11
rep3,2.1108,761,11
rep3,2.1137,762,11
rep3,2.1138,763,11
rep3,2.114,764,11
rep3,2.1141,765,11
rep3,2.1169,766,11
rep3,2.1171,767,11
rep3,2.1174,768,11
rep3,2.1201,769,11
rep3,2.1201,770,11
rep3,2.1202,771,11
rep3,2.1202,772,11
rep3,2.1202,773,11
rep3,2.1203,774,11
rep3,2.1203,775,11
rep3,2.1203,776,11
rep3,2.1203,777,11
rep3,2.1204,778,11
rep3,2.1204,779,11
rep3,2.1204,780,11
rep3,2.1204,781,11
rep3,2.1205,782,11
rep3,2.1206,783,11
rep3,2.1206,784,11
rep3,2.1207,785,11
rep3,2.1207,786,11
rep3,2.1207,787,11
rep3,2.1207,788,11
rep3,2.1235,789,11
rep3,2.124,790,11
rep3,2.1241,791,11
rep3,2.1271,792,11
rep3,2.1271,793,11
rep3,2.1272,794,11
rep3,2.1272,795,11
rep3,2.1305,796,11
rep3,2.1305,797,11
rep3,2.1307,798,11
rep3,2.1336,799,11
rep3,2.1372,800,11
rep3,2.1372,801,11
rep3,2.1373,802,11
rep3,2.1403,803,11
rep3,2.1407,804,11
rep3,2.1439,805,11
rep3,2.144,806,11
rep3,2.1441,807,11
rep3,2.1468,808,11
rep3,2.1474,809,11
rep3,2.1474,810,11
rep3,2.1504,811,11
rep3,2.1504,812,11
rep3,2.1504,813,11
rep3,2.1505,814,11
rep3,2.1506,815,11
rep3,2.1538,816,11
rep3,2.1538,817,11
rep3,2.1538,818,11
rep3,2.1539,819,11
rep3,2.1569,820,11
rep3,2.1572,821,11
rep3,2.1601,822,11
rep3,2.1601,823,11
rep3,2.1605,824,11
rep3,2.1606,825,11
rep3,2.1636,826,11
rep3,2.1637,827,11
rep3,2.1638,828,11
rep3,2.1639,829,11
rep3,2.1641,830,11
rep3,2.1668,831,11
rep3,2.1673,832,11
rep3,2.1704,833,11
rep3,2.1736,834,11
rep3,2.1736,835,11
rep3,2.1736,836,11
rep3,2.1738,837,11
rep3,2.1739,838,11
rep3,2.174,839,11
rep3,2.1741,840,11
rep3,2.1771,841,11
rep3,2.1772,842,11
rep3,2.1803,843,11
rep3,2.1803,843,12
rep3,2.1804,844,12
rep3,2.1805,845,12
rep3,2.1806,846,12
rep3,2.1806,847,12
rep3,2.1835,848,12
rep3,2.1848,849,12
rep3,2.1848,850,12
rep3,2.1869,851,12
rep3,2.1869,852,12
rep3,2.1871,853,12
rep3,2.1871,854,12
rep3,2.1872,855,12
rep3,2.1872,856,12
rep3,2.1872,856,13
rep3,2.1873,857,13
rep3,2.1873,858,13
rep3,2.1874,859,13
rep3,2.1902,860,13
rep3,2.1902,861,13
rep3,2.1903,862,13
rep3,2.1904,863,13
rep3,2.1904,864,13
rep3,2.1904,865,13
rep3,2.1905,866,13
rep3,2.1905,867,13
rep3,2.1906,868,13
rep3,2.1938,869,13
rep3,2.1938,870,13
rep3,2.1972,871,13
rep3,2.1973,872,13
rep3,2.2003,873,13
rep3,2.2005,874,13
rep3,2.2006,875,13
rep3,2.2036,876,13
rep3,2.2036,877,13
rep3,2.2037,878,13
rep3,2.2037,879,13
rep3,2.2037,880,13
rep3,2.2039,881,13
rep3,2.204,882,13
rep3,2.204,883,13
rep3,2.204,884,13
rep3,2.204,885,13
rep3,2.2041,886,13
rep3,2.2068,887,13
rep3,2.2069,888,13
rep3,2.207,889,13
rep3,2.2072,890,13
rep3,2.2072,891,13
rep3,2.2073,892,13
rep3,2.2073,893,13
rep3,2.2074,894,13
rep3,2.2102,895,13
rep3,2.2104,896,13
rep3,2.2105,897,13
rep3,2.2108,898,13
rep3,2.2137,899,13
rep3,2.2138,900,13
rep3,2.214,901,13
rep3,2.214,902,13
rep3,2.2141,903,13
rep3,2.2142,904,13
rep3,2.2169,905,13
rep3,2.2169,906,13
rep3,2.217,907,13
rep3,2.2171,908,13
rep3,2.2172,909,13
rep3,2.2172,910,13
rep3,2.2174,911,13
rep3,2.2203,912,13
rep3,2.2204,913,13
rep3,2.2207,914,13
rep3,2.2235,915,13
rep3,2.2235,916,13
rep3,2.2235,917,13
rep3,2.2236,918,13
rep3,2.2236,918,14
rep3,2.2238,919,14
rep3,2.2238,920,14
rep3,2.2238,921,14
rep3,2.2238,922,14
rep3,2.2238,923,14
rep3,2.2241,924,14
rep3,2.227,925,14
rep3,2.227,926,14
rep3,2.227,927,14
rep3,2.2271,928,14
rep3,2.2271,929,14
rep3,2.2271,930,14
rep3,2.2276,931,14
rep3,2.2301,932,14
rep3,2.2303,933,14
rep3,2.2304,934,14
rep3,2.2304,935,14
rep3,2.2304,936,14
rep3,2.2307,937,14
rep3,2.2335,938,14
rep3,2.2335,939,14
rep3,2.2339,940,14
rep3,2.2368,941,14
rep3,2.2369,942,14
rep3,2.237,943,14
rep3,2.2373,944,14
rep3,2.2373,945,14
rep3,2.2374,946,14
rep3,2.2401,947,14
rep3,2.2402,948,14
rep3,2.2403,949,14
rep3,2.2404,950,14
rep3,2.2405,951,14
rep3,2.2406,952,14
rep3,2.2406,953,14
rep3,2.2407,954,14
rep3,2.2436,955,14
rep3,2.2437,956,14
rep3,2.2439,957,14
rep3,2.2439,958,14
rep3,2.2441,959,14
rep3,2.247,960,14
rep3,2.2471,961,14
rep3,2.2473,962,14
rep3,2.2473,963,14
rep3,2.2473,964,14
rep3,2.2502,965,14
rep3,2.2503,966,14
rep3,2.2503,967,14
rep3,2.2504,968,14
rep3,2.2507,969,14
rep3,2.2508,970,14
rep3,2.2536,971,14
rep3,2.2538,972,14
rep3,2.2539,973,14
rep3,2.254,974,14
rep3,2.2541,975,14
rep3,2.2542,976,14
rep3,2.2569,977,14
rep3,2.257,978,14
rep3,2.2571,979,14
rep3,2.2572,980,14
rep3,2.2601,981,14
rep3,2.2603,982,14
rep3,2.2604,983,14
rep3,2.2604,984,14
rep3,2.2607,985,14
rep3,2.2635,986,14
rep3,2.2637,987,14
rep3,2.2637,988,14
rep3,2.2639,989,14
rep3,2.264,990,14
rep3,2.2668,991,14
rep3,2.2669,992,14
rep3,2.2671,993,14
rep3,2.2672,994,14
rep3,2.2706,995,14
rep3,2.2706,996,14
rep3,2.2706,997,14
rep3,2.2707,998,14
rep3,2.2708,999,14
rep3,2.2736,1000,14
rep3,2.2737,1001,14
rep3,2.2749,1002,14
rep3,2.2749,1003,14
rep3,2.275,1004,14
rep3,2.2751,1005,14
rep3,2.2769,1006,14
rep3,2.277,1007,14
rep3,2.2773,1008,14
rep3,2.2773,1009,14
rep3,2.2774,1010,14
rep3,2.2774,1011,14
rep3,2.2801,1012,14
rep3,2.2802,1013,14
rep3,2.2803,1014,14
rep3,2.2804,1015,14
rep3,2.2807,1016,14
rep3,2.2835,1017,14
rep3,2.2836,1018,14
rep3,2.2837,1019,14
rep3,2.2838,1020,14
rep3,2.284,1021,14
rep3,2.284,1022,14
rep3,2.2841,1023,14
rep3,2.2872,1024,14
rep3,2.2873,1025,14
rep3,2.2905,1026,14
rep3,2.2905,1027,14
rep3,2.2906,1028,14
rep3,2.2906,1029,14
rep3,2.2908,1030,14
rep3,2.2936,1031,14
rep3,2.2937,1032,14
rep3,2.2937,1033,14
rep3,2.2937,1034,14
rep3,2.2939,1035,14
rep3,2.2969,1036,14
rep3,2.2971,1037,14
rep3,2.3003,1038,14
rep3,2.3008,1039,14
rep3,2.3035,1040,14
rep3,2.3039,1041,14
rep3,2.3039,1042,14
rep3,2.304,1043,14
rep3,2.307,1044,14
rep3,2.307,1045,14
rep3,2.3072,1046,14
rep3,2.3073,1047,14
rep3,2.3073,1048,14
rep3,2.3073,1049,14
rep3,2.3102,1050,14
rep3,2.3106,1051,14
rep3,2.3106,1052,14
rep3,2.3108,1053,14
rep3,2.3136,1054,14
rep3,2.3137,1055,14
rep3,2.314,1056,14
rep3,2.314,1057,14
rep3,2.3141,1058,14
rep3,2.3171,1059,14
rep3,2.3172,1060,14
rep3,2.3172,1061,14
rep3,2.3173,1062,14
rep3,2.3174,1063,14
rep3,2.3202,1064,14
rep3,2.3202,1065,14
rep3,2.3203,1066,14
rep3,2.3204,1067,14
rep3,2.3205,1068,14
rep3,2.3207,1069,14
rep3,2.3238,1070,14
rep3,2.3268,1071,14
rep3,2.3271,1072,14
rep3,2.3271,1073,14
rep3,2.3271,1074,14
rep3,2.3274,1075,14
rep3,2.3303,1076,14
rep3,2.3306,1077,14
rep3,2.3338,1078,14
rep3,2.3339,1079,14
rep3,2.334,1080,14
rep3,2.3341,1081,14
rep3,2.3369,1082,14
rep3,2.337,1083,14
rep3,2.337,1084,14
rep3,2.3402,1085,14
rep3,2.3403,1086,14
rep3,2.3405,1087,14
rep3,2.3407,1088,14
rep3,2.3408,1089,14
rep3,2.3439,1090,14
rep3,2.3439,1091,14
rep3,2.3469,1092,14
rep3,2.3472,1093,14
rep3,2.3503,1094,14
rep3,2.3503,1095,14
rep3,2.3503,1096,14
rep3,2.3505,1097,14
rep3,2.3535,1098,14
rep3,2.3538,1099,14
rep3,2.3539,1100,14
rep3,2.3539,1101,14
rep3,2.3539,1102,14
rep3,2.357,1103,14
rep3,2.3571,1104,14
rep3,2.3572,1105,14
rep3,2.3572,1106,14
rep3,2.3573,1107,14
rep3,2.3602,1108,14
rep3,2.3603,1109,14
rep3,2.3604,1110,14
rep3,2.3605,1111,14
rep3,2.3605,1112,14
rep3,2.3636,1113,14
rep3,2.3637,1114,14
rep3,2.3638,1115,14
rep3,2.3638,1116,14
rep3,2.3638,1117,14
rep3,2.3668,1118,14
rep3,2.3668,1119,14
rep3,2.3668,1120,14
rep3,2.3668,1121,14
rep3,2.3672,1122,14
rep3,2.3672,1123,14
rep3,2.3672,1124,14
rep3,2.3703,1125,14
rep3,2.3708,1126,14
rep3,2.3735,1127,14
rep3,2.3737,1128,14
rep3,2.3739,1129,14
rep3,2.3739,1130,14
rep3,2.374,1131,14
rep3,2.374,1132,14
rep3,2.3769,1133,14
rep3,2.3769,1134,14
rep3,2.377,1135,14
rep3,2.377,1136,14
rep3,2.3771,1137,14
rep3,2.3771,1138,14
rep3,2.3771,1139,14
rep3,2.3772,1140,14
rep3,2.3772,1141,14
rep3,2.3772,1142,14
rep3,2.3773,1143,14
rep3,2.3774,1144,14
rep3,2.3802,1145,14
rep3,2.3802,1146,14
rep3,2.3803,1147,14
rep3,2.3803,1148,14
rep3,2.3805,1149,14
rep3,2.3805,1150,14
rep3,2.3807,1151,14
rep3,2.3807,1152,14
rep3,2.3835,1153,14
rep3,2.3835,1154,14
rep3,2.3835,1155,14
rep3,2.3836,1156,14
rep3,2.3837,1157,14
rep3,2.3838,1158,14
rep3,2.3838,1159,14
rep3,2.3838,1160,14
rep3,2.3839,1161,14
rep3,2.384,1162,14
rep3,2.3841,1163,14
rep3,2.3873,1164,14
rep3,2.3873,1165,14
rep3,2.3874,1166,14
rep3,2.3874,1167,14
rep3,2.3875,1168,14
rep3,2.3875,1169,14
rep3,2.3875,1170,14
rep3,2.3875,1171,14
rep3,2.3875,1172,14
rep3,2.3875,1173,14
rep3,2.3877,1174,14
rep3,2.3877,1175,14
rep3,2.3878,1176,14
rep3,2.3901,1177,14
rep3,2.3902,1178,14
rep3,2.3902,1179,14
rep3,2.3903,1180,14
rep3,2.3905,1181,14
rep3,2.3905,1182,14
rep3,2.3905,1183,14
rep3,2.3906,1184,14
rep3,2.3935,1185,14
rep3,2.3935,1186,14
rep3,2.3937,1187,14
rep3,2.3937,1188,14
rep3,2.3937,1189,14
rep3,2.3938,1190,14
rep3,2.3938,1191,14
rep3,2.3939,1192,14
rep3,2.394,1193,14
rep3,2.394,1194,14
rep3,2.394,1195,14
rep3,2.3941,1196,14
rep3,2.3941,1197,14
rep3,2.3941,1198,14
rep3,2.3942,1199,14
rep3,2.3969,1200,14
rep3,2.397,1201,14
rep3,2.4003,1202,14
rep3,2.4003,1203,14
rep3,2.4007,1204,14
rep3,2.4036,1205,14
rep3,2.4037,1206,14
rep3,2.4038,1207,14
rep3,2.407,1208,14
rep3,2.407,1209,14
rep3,2.4103,1210,14
rep3,2.4103,1211,14
rep3,2.4104,1212,14
rep3,2.4107,1213,14
rep3,2.4108,1214,14
rep3,2.4138,1215,14
rep3,2.4138,1216,14
rep3,2.4139,1217,14
rep3,2.4141,1218,14
rep3,2.417,1219,14
rep3,2.4202,1220,14
rep3,2.4205,1221,14
rep3,2.4206,1222,14
rep3,2.4207,1223,14
rep3,2.4238,1224,14
rep3,2.4239,1225,14
rep3,2.424,1226,14
rep3,2.4268,1227,14
rep3,2.4275,1228,14
rep3,2.4302,1229,14
rep3,2.4304,1230,14
rep3,2.4335,1231,14
rep3,2.4336,1232,14
rep3,2.4338,1233,14
rep3,2.4368,1234,14
rep3,2.437,1235,14
rep3,2.437,1236,14
rep3,2.4371,1237,14
rep3,2.4372,1238,14
rep3,2.4372,1239,14
rep3,2.4404,1240,14
rep3,2.4405,1241,14
rep3,2.4435,1242,14
rep3,2.4438,1243,14
rep3,2.4438,1244,14
rep3,2.4439,1245,14
rep3,2.444,1246,14
rep3,2.444,1247,14
rep3,2.4472,1248,14
rep3,2.4473,1249,14
rep3,2.4473,1250,14
rep3,2.4473,1251,14
rep3,2.4504,1252,14
rep3,2.4506,1253,14
rep3,2.4535,1254,14
rep3,2.4535,1255,14
rep3,2.4537,1256,14
rep3,2.4537,1257,14
rep3,2.4538,1258,14
rep3,2.4541,1259,14
rep3,2.4542,1260,14
rep3,2.4569,1261,14
rep3,2.457,1262,14
rep3,2.4573,1263,14
rep3,2.4574,1264,14
rep3,2.4604,1265,14
rep3,2.4605,1266,14
rep3,2.4605,1267,14
rep3,2.4606,1268,14
rep3,2.4608,1269,14
rep3,2.464,1270,14
rep3,2.4641,1271,14
rep3,2.467,1272,14
rep3,2.467,1273,14
rep3,2.4672,1274,14
rep3,2.4672,1275,14
rep3,2.4672,1276,14
rep3,2.4674,1277,14
rep3,2.4674,1278,14
rep3,2.4705,1279,14
rep3,2.4707,1280,14
rep3,2.4737,1281,14
rep3,2.4739,1282,14
rep3,2.4739,1283,14
rep3,2.474,1284,14
rep3,2.4768,1285,14
rep3,2.4772,1286,14
rep3,2.4773,1287,14
rep3,2.4803,1288,14
rep3,2.4803,1289,14
rep3,2.4807,1290,14
rep3,2.4868,1291,14
rep3,2.4871,1292,14
rep3,2.4901,1293,14
rep3,2.4904,1294,14
rep3,2.4905,1295,14
rep3,2.4905,1296,14
rep3,2.4908,1297,14
rep3,2.4935,1298,14
rep3,2.4937,1299,14
rep3,2.4937,1300,14
rep3,2.4937,1301,14
rep3,2.4944,1302,14
rep3,2.4944,1303,14
rep3,2.4969,1304,14
rep3,2.497,1305,14
rep3,2.4972,1306,14
rep3,2.4974,1307,14
rep3,2.5005,1308,14
rep3,2.5006,1309,14
rep3,2.5009,1310,14
rep3,2.5036,1311,14
rep3,2.5038,1312,14
rep3,2.5039,1313,14
rep3,2.5069,1314,14
rep3,2.5073,1315,14
rep3,2.5103,1316,14
rep3,2.5104,1317,14
rep3,2.5106,1318,14
rep3,2.5136,1319,14
rep3,2.5137,1320,14
rep3,2.5137,1321,14
rep3,2.5138,1322,14
rep3,2.5142,1323,14
rep3,2.5169,1324,14
rep3,2.5171,1325,14
rep3,2.5172,1326,14
rep3,2.5173,1327,14
rep3,2.5201,1328,14
rep3,2.5203,1329,14
rep3,2.5205,1330,14
rep3,2.5207,1331,14
rep3,2.5208,1332,14
rep3,2.5238,1333,14
rep3,2.5239,1334,14
rep3,2.524,1335,14
rep3,2.527,1336,14
rep3,2.5274,1337,14
rep3,2.5301,1338,14
rep3,2.5305,1339,14
rep3,2.5338,1340,14
rep3,2.5339,1341,14
rep3,2.537,1342,14
rep3,2.5371,1343,14
rep3,2.5371,1344,14
rep3,2.5371,1345,14
rep3,2.5372,1346,14
rep3,2.5373,1347,14
rep3,2.5405,1348,14
rep3,2.5435,1348,15
rep3,2.5441,1349,15
rep3,2.5473,1350,15
rep3,2.5504,1351,15
rep3,2.5505,1352,15
rep3,2.5535,1353,15
rep3,2.5568,1354,15
rep3,2.5571,1355,15
rep3,2.5572,1356,15
rep3,2.5573,1357,15
rep3,2.5602,1358,15
rep3,2.5606,1359,15
rep3,2.5609,1360,15
rep3,2.5635,1361,15
rep3,2.5635,1362,15
rep3,2.5638,1363,15
rep3,2.5639,1364,15
rep3,2.5669,1365,15
rep3,2.567,1366,15
rep3,2.567,1367,15
rep3,2.5674,1368,15
rep3,2.5674,1369,15
rep3,2.5674,1370,15
rep3,2.5674,1371,15
rep3,2.5701,1372,15
rep3,2.5703,1373,15
rep3,2.5707,1374,15
rep3,2.5708,1375,15
rep3,2.5735,1376,15
rep3,2.5735,1377,15
rep3,2.5735,1378,15
rep3,2.5737,1379,15
rep3,2.5738,1380,15
rep3,2.5739,1381,15
rep3,2.5739,1382,15
rep3,2.5739,1382,16
rep3,2.574,1383,16
rep3,2.5741,1384,16
rep3,2.5741,1385,16
rep3,2.5741,1386,16
rep3,2.5768,1387,16
rep3,2.577,1388,16
rep3,2.5773,1389,16
rep3,2.5773,1390,16
rep3,2.5835,1391,16
rep3,2.5837,1392,16
rep3,2.5838,1393,16
rep3,2.584,1394,16
rep3,2.584,1395,16
rep3,2.584,1396,16
rep3,2.5841,1397,16
rep3,2.5868,1398,16
rep3,2.5869,1399,16
rep3,2.5874,1400,16
rep3,2.5904,1401,16
rep3,2.5905,1402,16
rep3,2.5908,1403,16
rep3,2.5908,1404,16
rep3,2.5938,1405,16
rep3,2.5939,1406,16
rep3,2.597,1407,16
rep3,2.5972,1408,16
rep3,2.5973,1409,16
rep3,2.5973,1410,16
rep3,2.6006,1411,16
rep3,2.6007,1412,16
rep3,2.6036,1413,16
rep3,2.6037,1414,16
rep3,2.6038,1415,16
rep3,2.6079,1416,16
rep3,2.6079,1417,16
rep3,2.608,1418,16
rep3,2.608,1419,16
rep3,2.6081,1420,16
rep3,2.6082,1421,16
rep3,2.6082,1422,16
rep3,2.6082,1423,16
rep3,2.6083,1424,16
rep3,2.6104,1425,16
rep3,2.6106,1426,16
rep3,2.6136,1427,16
rep3,2.6138,1428,16
rep3,2.6139,1429,16
rep3,2.614,1430,16
rep3,2.6169,1431,16
rep3,2.617,1432,16
rep3,2.6173,1433,16
rep3,2.6173,1434,16
rep3,2.6174,1435,16
rep3,2.6201,1436,16
rep3,2.6202,1437,16
rep3,2.6205,1438,16
rep3,2.6235,1439,16
rep3,2.6235,1440,16
rep3,2.6235,1441,16
rep3,2.6238,1442,16
rep3,2.627,1443,16
rep3,2.6273,1444,16
rep3,2.6303,1445,16
rep3,2.6304,1446,16
rep3,2.6306,1447,16
rep3,2.6337,1448,16
rep3,2.6339,1449,16
rep3,2.6368,1450,16
rep3,2.6368,1451,16
rep3,2.6372,1452,16
rep3,2.6402,1453,16
rep3,2.6406,1454,16
rep3,2.6435,1455,16
rep3,2.6435,1456,16
rep3,2.6438,1457,16
rep3,2.6441,1458,16
rep3,2.6442,1459,16
rep3,2.6469,1460,16
rep3,2.647,1461,16
rep3,2.647,1462,16
rep3,2.6471,1463,16
rep3,2.6503,1464,16
rep3,2.6503,1465,16
rep3,2.6503,1466,16
rep3,2.6506,1467,16
rep3,2.6506,1468,16
rep3,2.6535,1469,16
rep3,2.6536,1470,16
rep3,2.6537,1471,16
rep3,2.6539,1472,16
rep3,2.6539,1473,16
rep3,2.657,1474,16
rep3,2.6571,1475,16
rep3,2.6572,1476,16
rep3,2.6573,1477,16
rep3,2.6573,1478,16
rep3,2.6604,1479,16
rep3,2.6605,1480,16
rep3,2.6635,1481,16
rep3,2.6637,1482,16
rep3,2.6639,1483,16
rep3,2.6669,1484,16
rep3,2.6672,1485,16
rep3,2.6674,1486,16
rep3,2.6675,1487,16
rep3,2.6702,1488,16
rep3,2.6702,1489,16
rep3,2.6702,1490,16
rep3,2.6702,1491,16
rep3,2.6704,1492,16
rep3,2.6706,1493,16
rep3,2.6706,1494,16
rep3,2.6706,1495,16
rep3,2.6708,1496,16
rep3,2.674,1497,16
rep3,2.677,1498,16
rep3,2.6772,1499,16
rep3,2.6772,1500,16
rep3,2.6775,1501,16
rep3,2.6805,1502,16
rep3,2.6805,1503,16
rep3,2.6835,1504,16
rep3,2.6837,1505,16
rep3,2.6841,1506,16
rep3,2.6868,1507,16
rep3,2.6869,1508,16
rep3,2.6869,1509,16
rep3,2.6871,1510,16
rep3,2.6871,1511,16
rep3,2.6873,1512,16
rep3,2.6903,1513,16
rep3,2.6904,1514,16
rep3,2.6905,1515,16
rep3,2.6908,1516,16
rep3,2.6935,1517,16
rep3,2.6935,1518,16
rep3,2.6939,1519,16
rep3,2.6939,1520,16
rep3,2.6939,1521,16
rep3,2.694,1522,16
rep3,2.6941,1523,16
rep3,2.6972,1524,16
rep3,2.6973,1525,16
rep3,2.6973,1526,16
rep3,2.6974,1527,16
rep3,2.7007,1528,16
rep3,2.7034,1529,16
rep3,2.7035,1530,16
rep3,2.7039,1531,16
rep3,2.7041,1532,16
rep3,2.7068,1533,16
rep3,2.707,1534,16
rep3,2.7072,1535,16
rep3,2.7072,1536,16
rep3,2.7072,1537,16
rep3,2.7073,1538,16
rep3,2.7075,1539,16
rep3,2.7101,1540,16
rep3,2.7104,1541,16
rep3,2.7104,1542,16
rep3,2.7106,1543,16
rep3,2.7107,1544,16
rep3,2.7135,1545,16
rep3,2.714,1546,16
rep3,2.714,1547,16
rep3,2.7169,1548,16
rep3,2.717,1549,16
rep3,2.7174,1550,16
rep3,2.7201,1551,16
rep3,2.724,1552,16
rep3,2.724,1553,16
rep3,2.7241,1554,16
rep3,2.7243,1555,16
rep3,2.7269,1556,16
rep3,2.727,1557,16
rep3,2.7273,1558,16
rep3,2.7274,1559,16
rep3,2.7275,1560,16
rep3,2.7275,1561,16
rep3,2.7302,1562,16
rep3,2.7335,1563,16
rep3,2.7337,1564,16
rep3,2.734,1565,16
rep3,2.734,1566,16
rep3,2.7371,1567,16
rep3,2.7372,1568,16
rep3,2.7372,1569,16
rep3,2.7372,1570,16
rep3,2.7402,1571,16
rep3,2.7403,1572,16
rep3,2.7403,1573,16
rep3,2.7403,1574,16
rep3,2.7404,1575,16
rep3,2.7404,1576,16
rep3,2.7405,1577,16
rep3,2.7406,1578,16
rep3,2.7406,1579,16
rep3,2.7408,1580,16
rep3,2.7408,1581,16
rep3,2.7408,1582,16
rep3,2.7437,1583,16
rep3,2.7437,1584,16
rep3,2.7438,1585,16
rep3,2.744,1586,16
rep3,2.7441,1587,16
rep3,2.7468,1588,16
rep3,2.7472,1589,16
rep3,2.7472,1590,16
rep3,2.7473,1591,16
rep3,2.7503,1592,16
rep3,2.7504,1593,16
rep3,2.7504,1594,16
rep3,2.7506,1595,16
rep3,2.7507,1596,16
rep3,2.7507,1597,16
rep3,2.7535,1598,16
rep3,2.7535,1599,16
rep3,2.7536,1600,16
rep3,2.7537,1601,16
rep3,2.7537,1602,16
rep3,2.7537,1603,16
rep3,2.7538,1604,16
rep3,2.7538,1605,16
rep3,2.7539,1606,16
rep3,2.7539,1607,16
rep3,2.754,1608,16
rep3,2.754,1609,16
rep3,2.754,1610,16
rep3,2.7569,1611,16
rep3,2.7572,1612,16
rep3,2.7572,1613,16
rep3,2.7572,1614,16
rep3,2.7574,1615,16
rep3,2.7603,1616,16
rep3,2.7604,1617,16
rep3,2.7605,1618,16
rep3,2.7605,1619,16
rep3,2.7606,1620,16
rep3,2.7606,1621,16
rep3,2.7608,1622,16
rep3,2.7635,1623,16
rep3,2.7636,1624,16
rep3,2.7637,1625,16
rep3,2.7637,1626,16
rep3,2.7637,1627,16
rep3,2.7641,1628,16
rep3,2.7641,1629,16
rep3,2.767,1630,16
rep3,2.767,1631,16
rep3,2.7671,1632,16
rep3,2.7671,1633,16
rep3,2.7671,1634,16
rep3,2.7704,1635,16
rep3,2.7706,1636,16
rep3,2.7736,1637,16
rep3,2.7769,1638,16
rep3,2.7772,1639,16
rep3,2.7772,1640,16
rep3,2.7773,1641,16
rep3,2.7804,1642,16
rep3,2.7806,1643,16
rep3,2.7836,1644,16
rep3,2.7836,1645,16
rep3,2.7841,1646,16
rep3,2.787,1647,16
rep3,2.787,1648,16
rep3,2.7871,1649,16
rep3,2.7872,1650,16
rep3,2.7874,1651,16
rep3,2.7874,1652,16
rep3,2.7902,1653,16
rep3,2.7902,1654,16
rep3,2.7902,1655,16
rep3,2.7903,1656,16
rep3,2.7904,1657,16
rep3,2.7904,1658,16
rep3,2.7905,1659,16
rep3,2.7905,1660,16
rep3,2.7906,1661,16
rep3,2.7906,1662,16
rep3,2.7907,1663,16
rep3,2.7937,1664,16
rep3,2.7937,1665,16
rep3,2.7938,1666,16
rep3,2.794,1667,16
rep3,2.7968,1668,16
rep3,2.7973,1669,16
rep3,2.8002,1670,16
rep3,2.8003,1671,16
rep3,2.8036,1672,16
rep3,2.8037,1673,16
rep3,2.807,1674,16
rep3,2.8071,1675,16
rep3,2.8073,1676,16
rep3,2.8073,1677,16
rep3,2.8074,1678,16
rep3,2.8105,1679,16
rep3,2.8105,1680,16
rep3,2.8106,1681,16
rep3,2.8107,1682,16
rep3,2.8107,1683,16
rep3,2.8107,1684,16
rep3,2.8138,1685,16
rep3,2.8172,1686,16
rep3,2.8173,1687,16
rep3,2.8202,1688,16
rep3,2.8205,1689,16
rep3,2.8206,1690,16
rep3,2.8207,1691,16
rep3,2.8207,1692,16
rep3,2.8238,1693,16
rep3,2.8238,1694,16
rep3,2.8239,1695,16
rep3,2.8278,1696,16
rep3,2.8281,1697,16
rep3,2.8281,1698,16
rep3,2.8336,1699,16
rep3,2.8336,1700,16
rep3,2.8337,1701,16
rep3,2.8338,1702,16
rep3,2.8368,1703,16
rep3,2.8369,1704,16
rep3,2.837,1705,16
rep3,2.8371,1706,16
rep3,2.8401,1707,16
rep3,2.8401,1708,16
rep3,2.8402,1709,16
rep3,2.8437,1710,16
rep3,2.8441,1711,16
rep3,2.8469,1712,16
rep3,2.8469,1713,16
rep3,2.847,1714,16
rep3,2.8471,1715,16
rep3,2.8471,1716,16
rep3,2.8502,1717,16
rep3,2.8502,1718,16
rep3,2.8502,1719,16
rep3,2.8506,1720,16
rep3,2.8506,1721,16
rep3,2.8507,1722,16
rep3,2.8508,1723,16
rep3,2.8568,1724,16
rep3,2.8569,1725,16
rep3,2.8571,1726,16
rep3,2.8572,1727,16
rep3,2.8602,1728,16
rep3,2.8635,1729,16
rep3,2.8635,1730,16
rep3,2.8636,1731,16
rep3,2.864,1732,16
rep3,2.8641,1733,16
rep3,2.8671,1734,16
rep3,2.8701,1735,16
rep3,2.8702,1736,16
rep3,2.8702,1737,16
rep3,2.8702,1738,16
rep3,2.8703,1739,16
rep3,2.8705,1740,16
rep3,2.8706,1741,16
rep3,2.8708,1742,16
rep3,2.8736,1743,16
rep3,2.8737,1744,16
rep3,2.8739,1745,16
rep3,2.8741,1746,16
rep3,2.8769,1747,16
rep3,2.8769,1748,16
rep3,2.877,1749,16
rep3,2.8771,1750,16
rep3,2.8772,1751,16
rep3,2.8773,1752,16
rep3,2.8804,1753,16
rep3,2.8807,1754,16
rep3,2.8837,1755,16
rep3,2.8839,1756,16
rep3,2.8868,1757,16
rep3,2.887,1758,16
rep3,2.8871,1759,16
rep3,2.8874,1760,16
rep3,2.8901,1761,16
rep3,2.8903,1762,16
rep3,2.8903,1763,16
rep3,2.8903,1764,16
rep3,2.8904,1765,16
rep3,2.8906,1766,16
rep3,2.8907,1767,16
rep3,2.8935,1768,16
rep3,2.8935,1769,16
rep3,2.8935,1770,16
rep3,2.8936,1771,16
rep3,2.8936,1772,16
rep3,2.8936,1773,16
rep3,2.8937,1774,16
rep3,2.8939,1775,16
rep3,2.8939,1776,16
rep3,2.8939,1777,16
rep3,2.894,1778,16
rep3,2.894,1779,16
rep3,2.8941,1780,16
rep3,2.8968,1781,16
rep3,2.8971,1782,16
rep3,2.8972,1783,16
rep3,2.8973,1784,16
rep3,2.8973,1785,16
rep3,2.8975,1786,16
rep3,2.9004,1787,16
rep3,2.9005,1788,16
rep3,2.9035,1789,16
rep3,2.9035,1790,16
rep3,2.9041,1791,16
rep3,2.9041,1792,16
rep3,2.9071,1793,16
rep3,2.9072,1794,16
rep3,2.9073,1795,16
rep3,2.9073,1796,16
rep3,2.9106,1797,16
rep3,2.9106,1798,16
rep3,2.9107,1799,16
rep3,2.9138,1800,16
rep3,2.9138,1801,16
rep3,2.9168,1802,16
rep3,2.9169,1803,16
rep3,2.9172,1804,16
rep3,2.9203,1805,16
rep3,2.9203,1806,16
rep3,2.9203,1807,16
rep3,2.9203,1808,16
rep3,2.9204,1809,16
rep3,2.9204,1810,16
rep3,2.9205,1811,16
rep3,2.9236,1812,16
rep3,2.9237,1813,16
rep3,2.9237,1814,16
rep3,2.924,1815,16
rep3,2.9268,1816,16
rep3,2.927,1817,16
rep3,2.9272,1818,16
rep3,2.9273,1819,16
rep3,2.9301,1820,16
rep3,2.9304,1821,16
rep3,2.9304,1822,16
rep3,2.9304,1823,16
rep3,2.9306,1824,16
rep3,2.9339,1825,16
rep3,2.934,1826,16
rep3,2.9373,1827,16
rep3,2.9373,1828,16
rep3,2.9374,1829,16
rep3,2.9374,1830,16
rep3,2.9374,1831,16
rep3,2.9375,1832,16
rep3,2.9376,1833,16
rep3,2.9376,1834,16
rep3,2.9376,1835,16
rep3,2.9376,1836,16
rep3,2.9376,1837,16
rep3,2.9376,1838,16
rep3,2.9377,1839,16
rep3,2.9377,1840,16
rep3,2.9402,1841,16
rep3,2.9406,1842,16
rep3,2.9436,1843,16
rep3,2.9437,1844,16
rep3,2.944,1845,16
rep3,2.9468,1846,16
rep3,2.9469,1847,16
rep3,2.9469,1848,16
rep3,2.947,1849,16
rep3,2.947,1850,16
rep3,2.947,1851,16
rep3,2.947,1852,16
rep3,2.9471,1853,16
rep3,2.9473,1854,16
rep3,2.9474,1855,16
rep3,2.9501,1856,16
rep3,2.9506,1857,16
rep3,2.9506,1858,16
rep3,2.9507,1859,16
rep3,2.9536,1860,16
rep3,2.9539,1861,16
rep3,2.9569,1862,16
rep3,2.9574,1863,16
rep3,2.9603,1864,16
rep3,2.9604,1865,16
rep3,2.9604,1866,16
rep3,2.9607,1867,16
rep3,2.9635,1868,16
rep3,2.9636,1869,16
rep3,2.9636,1870,16
rep3,2.9672,1871,16
rep3,2.9672,1872,16
rep3,2.9673,1873,16
rep3,2.9673,1874,16
rep3,2.9673,1875,16
rep3,2.9702,1876,16
rep3,2.9705,1877,16
rep3,2.9705,1878,16
rep3,2.9708,1879,16
rep3,2.9737,1880,16
rep3,2.974,1881,16
rep3,2.9769,1882,16
rep3,2.977,1883,16
rep3,2.9773,1884,16
rep3,2.9773,1885,16
rep3,2.9774,1886,16
rep3,2.9838,1887,16
rep3,2.9869,1888,16
rep3,2.9869,1889,16
rep3,2.9872,1890,16
rep3,2.9874,1891,16
rep3,2.9874,1892,16
rep3,2.9908,1893,16
rep3,2.9936,1894,16
rep3,2.994,1895,16
rep3,2.9969,1896,16
rep3,2.997,1897,16
rep3,2.997,1898,16
rep3,2.9971,1899,16
rep3,2.9971,1900,16
rep3,2.9972,1901,16
rep3,2.9972,1902,16
rep3,2.9972,1903,16
rep3,2.9973,1904,16
rep3,3.0001,1905,16
rep3,3.0002,1906,16
rep3,3.0003,1907,16
rep3,3.0003,1908,16
rep3,3.0003,1909,16
rep3,3.0007,1910,16
rep3,3.0035,1911,16
rep3,3.0035,1912,16
rep3,3.0039,1913,16
rep3,3.0103,1914,16
rep3,3.0168,1915,16
rep3,3.0169,1916,16
rep3,3.0169,1917,16
rep3,3.0169,1918,16
rep3,3.0171,1919,16
rep3,3.0173,1920,16
rep3,3.0202,1921,16
rep3,3.0205,1922,16
rep3,3.0205,1923,16
rep3,3.0271,1924,16
rep3,3.0272,1925,16
rep3,3.0273,1926,16
rep3,3.0276,1927,16
rep3,3.0336,1928,16
rep3,3.0337,1929,16
rep3,3.0369,1930,16
rep3,3.0372,1931,16
rep3,3.0374,1932,16
rep3,3.0374,1933,16
rep3,3.0374,1934,16
rep3,3.0402,1935,16
rep3,3.0404,1936,16
rep3,3.0405,1937,16
rep3,3.0435,1938,16
rep3,3.0437,1939,16
rep3,3.044,1940,16
rep3,3.047,1941,16
rep3,3.047,1942,16
rep3,3.0504,1943,16
rep3,3.0507,1944,16
rep3,3.0507,1945,16
rep3,3.0536,1946,16
rep3,3.0539,1947,16
rep3,3.0568,1948,16
rep3,3.0568,1949,16
rep3,3.057,1950,16
rep3,3.0571,1951,16
rep3,3.0571,1952,16
rep3,3.0603,1953,16
rep3,3.0604,1954,16
rep3,3.0604,1955,16
rep3,3.0636,1956,16
rep3,3.0638,1957,16
rep3,3.0639,1958,16
rep3,3.0669,1959,16
rep3,3.067,1960,16
rep3,3.067,1961,16
rep3,3.0671,1962,16
rep3,3.0672,1963,16
rep3,3.0672,1964,16
rep3,3.0703,1965,16
rep3,3.0704,1966,16
rep3,3.0706,1967,16
rep3,3.0736,1968,16
rep3,3.0736,1969,16
rep3,3.0737,1970,16
rep3,3.0739,1971,16
rep3,3.0768,1972,16
rep3,3.0769,1973,16
rep3,3.0771,1974,16
rep3,3.0771,1975,16
rep3,3.0773,1976,16
rep3,3.0773,1977,16
rep3,3.0801,1978,16
rep3,3.0803,1979,16
rep3,3.0803,1980,16
rep3,3.0805,1981,16
rep3,3.0805,1982,16
rep3,3.0806,1983,16
rep3,3.0836,1984,16
rep3,3.0837,1985,16
rep3,3.0838,1986,16
rep3,3.0839,1987,16
rep3,3.084,1988,16
rep3,3.084,1989,16
rep3,3.0871,1990,16
rep3,3.0871,1991,16
rep3,3.0872,1992,16
rep3,3.0902,1993,16
rep3,3.0906,1994,16
rep3,3.0906,1995,16
rep3,3.0939,1996,16
rep3,3.0969,1997,16
rep3,3.0972,1998,16
rep3,3.1002,1999,16
rep3,3.1002,2000,16
rep3,3.1002,2001,16
rep3,3.1003,2002,16
rep3,3.1003,2003,16
rep3,3.1003,2004,16
rep3,3.1005,2005,16
rep3,3.1005,2006,16
rep3,3.1006,2007,16
rep3,3.1006,2008,16
rep3,3.1007,2009,16
rep3,3.1007,2010,16
rep3,3.1007,2011,16
rep3,3.107,2012,16
rep3,3.1074,2013,16
rep3,3.1104,2014,16
rep3,3.1106,2015,16
rep3,3.1137,2016,16
rep3,3.1137,2017,16
rep3,3.1142,2018,16
rep3,3.1142,2019,16
rep3,3.1169,2020,16
rep3,3.1169,2021,16
rep3,3.1172,2022,16
rep3,3.1173,2023,16
rep3,3.1174,2024,16
rep3,3.1203,2025,16
rep3,3.1206,2026,16
rep3,3.1235,2027,16
rep3,3.1236,2028,16
rep3,3.1242,2029,16
rep3,3.1271,2030,16
rep3,3.1305,2031,16
rep3,3.1305,2032,16
rep3,3.1305,2033,16
rep3,3.1306,2034,16
rep3,3.1341,2035,16
rep3,3.1373,2036,16
rep3,3.1373,2037,16
rep3,3.1406,2038,16
rep3,3.1437,2039,16
rep3,3.1439,2040,16
rep3,3.1468,2041,16
rep3,3.1469,2042,16
rep3,3.147,2043,16
rep3,3.1501,2044,16
rep3,3.1503,2045,16
rep3,3.1506,2046,16
rep3,3.1535,2047,16
rep3,3.1535,2048,16
rep3,3.1536,2049,16
rep3,3.1536,2050,16
rep3,3.1537,2051,16
rep3,3.1544,2052,16
rep3,3.1569,2053,16
rep3,3.1573,2054,16
rep3,3.1574,2055,16
rep3,3.1574,2056,16
rep3,3.1604,2057,16
rep3,3.1605,2058,16
rep3,3.1607,2059,16
rep3,3.1635,2060,16
rep3,3.1638,2061,16
rep3,3.164,2062,16
rep3,3.167,2063,16
rep3,3.1672,2064,16
rep3,3.1674,2065,16
rep3,3.1738,2066,16
rep3,3.177,2067,16
rep3,3.1803,2068,16
rep3,3.1806,2069,16
rep3,3.1807,2070,16
rep3,3.1807,2071,16
rep3,3.1808,2072,16
rep3,3.1838,2073,16
rep3,3.1839,2074,16
rep3,3.1868,2075,16
rep3,3.187,2076,16
rep3,3.1874,2077,16
rep3,3.1874,2078,16
rep3,3.1903,2079,16
rep3,3.1906,2080,16
rep3,3.1907,2081,16
rep3,3.1908,2082,16
rep3,3.1938,2083,16
rep3,3.1938,2084,16
rep3,3.194,2085,16
rep3,3.1968,2086,16
rep3,3.2001,2087,16
rep3,3.2003,2088,16
rep3,3.2003,2089,16
rep3,3.2008,2090,16
rep3,3.2035,2091,16
rep3,3.2038,2092,16
rep3,3.204,2093,16
rep3,3.2068,2094,16
rep3,3.2102,2095,16
rep3,3.2103,2096,16
rep3,3.2136,2097,16
rep3,3.2137,2098,16
rep3,3.2141,2099,16
rep3,3.2168,2100,16
rep3,3.2169,2101,16
rep3,3.2169,2102,16
rep3,3.217,2103,16
rep3,3.2172,2104,16
rep3,3.2175,2105,16
rep3,3.2175,2106,16
rep3,3.2176,2107,16
rep3,3.2207,2108,16
rep3,3.2237,2109,16
rep3,3.2239,2110,16
rep3,3.2239,2111,16
rep3,3.2241,2112,16
rep3,3.2241,2113,16
rep3,3.2272,2114,16
rep3,3.2273,2115,16
rep3,3.2273,2116,16
rep3,3.2273,2117,16
rep3,3.2303,2118,16
rep3,3.2305,2119,16
rep3,3.2335,2120,16
rep3,3.2335,2121,16
rep3,3.2336,2122,16
rep3,3.2336,2123,16
rep3,3.2337,2124,16
rep3,3.237,2125,16
rep3,3.237,2126,16
rep3,3.2372,2127,16
rep3,3.2402,2128,16
rep3,3.2404,2129,16
rep3,3.2468,2130,16
rep3,3.247,2131,16
rep3,3.247,2132,16
rep3,3.2471,2133,16
rep3,3.2501,2134,16
rep3,3.2535,2135,16
rep3,3.2536,2136,16
rep3,3.2537,2137,16
rep3,3.254,2138,16
rep3,3.2569,2139,16
rep3,3.2569,2140,16
rep3,3.257,2141,16
rep3,3.257,2142,16
rep3,3.257,2143,16
rep3,3.2571,2144,16
rep3,3.2571,2144,17
rep3,3.2571,2145,17
rep3,3.2573,2146,17
rep3,3.2573,2147,17
rep3,3.2604,2148,17
rep3,3.2606,2149,17
rep3,3.2606,2150,17
rep3,3.2606,2151,17
rep3,3.2637,2152,17
rep3,3.2637,2153,17
rep3,3.2639,2154,17
rep3,3.264,2155,17
rep3,3.2668,2156,17
rep3,3.2703,2157,17
rep3,3.2706,2158,17
rep3,3.2707,2159,17
rep3,3.2739,2160,17
rep3,3.2802,2161,17
rep3,3.2806,2162,17
rep3,3.2807,2163,17
rep3,3.2838,2164,17
rep3,3.2872,2165,17
rep3,3.2873,2166,17
rep3,3.2903,2167,17
rep3,3.2903,2168,17
rep3,3.2904,2169,17
rep3,3.2905,2170,17
rep3,3.2907,2171,17
rep3,3.2937,2172,17
rep3,3.2939,2173,17
rep3,3.2941,2174,17
rep3,3.2968,2175,17
rep3,3.297,2176,17
rep3,3.2973,2177,17
rep3,3.2973,2178,17
rep3,3.2974,2179,17
rep3,3.3002,2180,17
rep3,3.3002,2181,17
rep3,3.3003,2182,17
rep3,3.3003,2183,17
rep3,3.3004,2184,17
rep3,3.3006,2185,17
rep3,3.3006,2186,17
rep3,3.3006,2187,17
rep3,3.3008,2188,17
rep3,3.3035,2189,17
rep3,3.3038,2190,17
rep3,3.3038,2191,17
rep3,3.3039,2192,17
rep3,3.3039,2193,17
rep3,3.304,2194,17
rep3,3.304,2195,17
rep3,3.3041,2196,17
rep3,3.3073,2197,17
rep3,3.3074,2198,17
rep3,3.3074,2199,17
rep3,3.3101,2200,17
rep3,3.3104,2201,17
rep3,3.3105,2202,17
rep3,3.3106,2203,17
rep3,3.3107,2204,17
rep3,3.314,2205,17
rep3,3.3172,2206,17
rep3,3.3173,2207,17
rep3,3.3173,2208,17
rep3,3.3174,2209,17
rep3,3.3202,2210,17
rep3,3.3203,2211,17
rep3,3.3205,2212,17
rep3,3.3205,2213,17
rep3,3.3235,2214,17
rep3,3.3235,2215,17
rep3,3.3237,2216,17
rep3,3.324,2217,17
rep3,3.3269,2218,17
rep3,3.3273,2219,17
rep3,3.3276,2220,17
rep3,3.3301,2221,17
rep3,3.3308,2222,17
rep3,3.3337,2223,17
rep3,3.3338,2224,17
rep3,3.3339,2225,17
rep3,3.3404,2226,17
rep3,3.3405,2227,17
rep3,3.3436,2228,17
rep3,3.3437,2229,17
rep3,3.344,2230,17
rep3,3.344,2231,17
rep3,3.3468,2232,17
rep3,3.347,2233,17
rep3,3.3471,2234,17
rep3,3.3501,2235,17
rep3,3.3501,2236,17
rep3,3.3507,2237,17
rep3,3.3537,2238,17
rep3,3.3538,2239,17
rep3,3.354,2240,17
rep3,3.354,2241,17
rep3,3.3568,2242,17
rep3,3.3571,2243,17
rep3,3.3573,2244,17
rep3,3.3603,2245,17
rep3,3.3604,2246,17
rep3,3.3605,2247,17
rep3,3.3606,2248,17
rep3,3.3606,2249,17
rep3,3.3606,2250,17
rep3,3.3608,2251,17
rep3,3.3635,2252,17
rep3,3.3637,2253,17
rep3,3.3641,2254,17
rep3,3.367,2255,17
rep3,3.367,2256,17
rep3,3.3673,2257,17
rep3,3.3674,2258,17
rep3,3.3704,2259,17
rep3,3.3704,2260,17
rep3,3.3704,2261,17
rep3,3.3704,2262,17
rep3,3.377,2263,17
rep3,3.3803,2264,17
rep3,3.3803,2265,17
rep3,3.3807,2266,17
rep3,3.3809,2267,17
rep3,3.3837,2268,17
rep3,3.3869,2269,17
rep3,3.3873,2270,17
rep3,3.3903,2271,17
rep3,3.3904,2272,17
rep3,3.3905,2273,17
rep3,3.3905,2274,17
rep3,3.3906,2275,17
rep3,3.3937,2276,17
rep3,3.3938,2277,17
rep3,3.394,2278,17
rep3,3.3941,2279,17
rep3,3.3968,2280,17
rep3,3.397,2281,17
rep3,3.397,2282,17
rep3,3.3973,2283,17
rep3,3.3974,2284,17
rep3,3.4004,2285,17
rep3,3.4004,2286,17
rep3,3.4005,2287,17
rep3,3.4008,2288,17
rep3,3.4034,2289,17
rep3,3.4069,2290,17
rep3,3.4074,2291,17
rep3,3.4101,2292,17
rep3,3.4101,2293,17
rep3,3.4137,2294,17
rep3,3.4138,2295,17
rep3,3.4139,2296,17
rep3,3.4169,2297,17
rep3,3.4171,2298,17
rep3,3.4171,2299,17
rep3,3.4203,2300,17
rep3,3.4208,2301,17
rep3,3.4235,2302,17
rep3,3.4237,2303,17
rep3,3.4237,2304,17
rep3,3.424,2305,17
rep3,3.4269,2306,17
rep3,3.4271,2306,18
rep3,3.4271,2307,18
rep3,3.4273,2308,18
rep3,3.4273,2309,18
rep3,3.4274,2310,18
rep3,3.4301,2311,18
rep3,3.4305,2312,18
rep3,3.4307,2313,18
rep3,3.4307,2314,18
rep3,3.4336,2315,18
rep3,3.4372,2316,18
rep3,3.4373,2317,18
rep3,3.4374,2318,18
rep3,3.4405,2319,18
rep4,0.0219,0,1
rep4,0.1148,0,2
rep4,0.195,0,3
rep4,0.2119,0,4
rep4,0.255,0,5
rep4,0.2649,0,6
rep4,0.3084,0,7
rep4,0.3716,0,8
rep4,0.3919,0,9
rep4,0.4386,0,10
rep4,0.5081,0,11
rep4,0.8149,0,12
rep4,0.8418,0,13
rep4,1.1052,0,14
rep4,1.205,1,14
rep4,1.2051,2,14
rep4,1.2052,3,14
rep4,1.2052,4,14
rep4,1.2084,5,14
rep4,1.2114,6,14
rep4,1.2182,7,14
rep4,1.2282,8,14
rep4,1.2286,9,14
rep4,1.2353,10,14
rep4,1.2385,11,14
rep4,1.2447,12,14
rep4,1.2482,13,14
rep4,1.2483,14,14
rep4,1.2582,15,14
rep4,1.2615,16,14
rep4,1.2618,17,14
rep4,1.2648,18,14
rep4,1.2648,19,14
rep4,1.2651,20,14
rep4,1.2683,21,14
rep4,1.2719,22,14
rep4,1.2817,23,14
rep4,1.2881,24,14
rep4,1.2884,25,14
rep4,1.2885,26,14
rep4,1.2949,27,14
rep4,1.295,28,14
rep4,1.295,29,14
rep4,1.2953,30,14
rep4,1.2982,31,14
rep4,1.2983,32,14
rep4,1.2983,33,14
rep4,1.2986,34,14
rep4,1.302,35,14
rep4,1.3053,36,14
rep4,1.3185,37,14
rep4,1.325,38,14
rep4,1.3318,39,14
rep4,1.3319,40,14
rep4,1.342,41,14
rep4,1.3485,42,14
rep4,1.3648,43,14
rep4,1.365,44,14
rep4,1.3654,45,14
rep4,1.3714,46,14
rep4,1.3749,47,14
rep4,1.3754,48,14
rep4,1.3755,49,14
rep4,1.3782,50,14
rep4,1.3782,51,14
rep4,1.3847,52,14
rep4,1.3915,53,14
rep4,1.4082,54,14
rep4,1.4082,55,14
rep4,1.4083,56,14
rep4,1.4118,57,14
rep4,1.4182,58,14
rep4,1.4216,59,14
rep4,1.4251,60,14
rep4,1.4354,61,14
rep4,1.4414,62,14
rep4,1.4416,63,14
rep4,1.4418,64,14
rep4,1.4586,65,14
rep4,1.4683,66,14
rep4,1.4685,67,14
rep4,1.4718,68,14
rep4,1.4748,69,14
rep4,1.4749,70,14
rep4,1.4749,71,14
rep4,1.475,72,14
rep4,1.475,73,14
rep4,1.4752,74,14
rep4,1.4781,75,14
rep4,1.4786,76,14
rep4,1.4817,77,14
rep4,1.4819,78,14
rep4,1.4853,79,14
rep4,1.4854,80,14
rep4,1.4882,81,14
rep4,1.4883,82,14
rep4,1.4883,83,14
rep4,1.4885,84,14
rep4,1.4914,85,14
rep4,1.4914,86,14
rep4,1.4916,87,14
rep4,1.4916,88,14
rep4,1.4916,89,14
rep4,1.4917,90,14
rep4,1.4918,91,14
rep4,1.4918,92,14
rep4,1.4919,93,14
rep4,1.4919,94,14
rep4,1.492,95,14
rep4,1.492,96,14
rep4,1.4948,97,14
rep4,1.4948,98,14
rep4,1.4948,99,14
rep4,1.4952,100,14
rep4,1.4952,101,14
rep4,1.498,102,14
rep4,1.4984,103,14
rep4,1.5016,104,14
rep4,1.5018,105,14
rep4,1.502,106,14
rep4,1.5047,107,14
rep4,1.5047,108,14
rep4,1.5048,109,14
rep4,1.5052,110,14
rep4,1.5052,111,14
rep4,1.5082,112,14
rep4,1.5083,113,14
rep4,1.5087,114,14
rep4,1.5088,115,14
rep4,1.5117,116,14
rep4,1.5151,117,14
rep4,1.5151,118,14
rep4,1.5152,119,14
rep4,1.5183,120,14
rep4,1.5214,121,14
rep4,1.5214,122,14
rep4,1.5216,123,14
rep4,1.5216,124,14
rep4,1.5217,125,14
rep4,1.5218,126,14
rep4,1.5247,127,14
rep4,1.5248,128,14
rep4,1.5249,129,14
rep4,1.5249,130,14
rep4,1.5249,131,14
rep4,1.5251,132,14
rep4,1.5251,133,14
rep4,1.5252,134,14
rep4,1.5253,135,14
rep4,1.5253,136,14
rep4,1.5314,137,14
rep4,1.5315,138,14
rep4,1.5319,139,14
rep4,1.5348,140,14
rep4,1.535,141,14
rep4,1.5352,142,14
rep4,1.5384,143,14
rep4,1.5417,144,14
rep4,1.542,145,14
rep4,1.5449,146,14
rep4,1.5452,147,14
rep4,1.5483,148,14
rep4,1.5483,149,14
rep4,1.5516,150,14
rep4,1.5518,151,14
rep4,1.5518,152,14
rep4,1.5547,153,14
rep4,1.5549,154,14
rep4,1.5615,155,14
rep4,1.5615,156,14
rep4,1.5615,157,14
rep4,1.5615,158,14
rep4,1.5619,159,14
rep4,1.5647,160,14
rep4,1.565,161,14
rep4,1.565,162,14
rep4,1.5685,163,14
rep4,1.5686,164,14
rep4,1.5686,165,14
rep4,1.5715,166,14
rep4,1.5715,167,14
rep4,1.5717,168,14
rep4,1.5717,169,14
rep4,1.5718,170,14
rep4,1.5719,171,14
rep4,1.5751,172,14
rep4,1.5752,173,14
rep4,1.5781,174,14
rep4,1.5781,175,14
rep4,1.5785,176,14
rep4,1.5818,177,14
rep4,1.5818,178,14
rep4,1.5848,179,14
rep4,1.585,180,14
rep4,1.585,181,14
rep4,1.5883,182,14
rep4,1.5885,183,14
rep4,1.5914,184,14
rep4,1.5915,185,14
rep4,1.5915,186,14
rep4,1.5916,187,14
rep4,1.5916,188,14
rep4,1.5917,189,14
rep4,1.5947,190,14
rep4,1.5949,191,14
rep4,1.5951,192,14
rep4,1.5984,193,14
rep4,1.5985,194,14
rep4,1.6014,195,14
rep4,1.6015,196,14
rep4,1.6051,197,14
rep4,1.6052,198,14
rep4,1.6082,199,14
rep4,1.6084,200,14
rep4,1.6116,201,14
rep4,1.6147,202,14
rep4,1.6149,203,14
rep4,1.618,204,14
rep4,1.6183,205,14
rep4,1.6215,206,14
rep4,1.6217,207,14
rep4,1.6247,208,14
rep4,1.6285,209,14
rep4,1.6286,210,14
rep4,1.6315,211,14
rep4,1.6316,212,14
rep4,1.6316,213,14
rep4,1.6347,214,14
rep4,1.6348,215,14
rep4,1.638,216,14
rep4,1.6382,217,14
rep4,1.6383,218,14
rep4,1.6384,219,14
rep4,1.6386,220,14
rep4,1.6418,221,14
rep4,1.6448,222,14
rep4,1.645,223,14
rep4,1.6451,224,14
rep4,1.6452,225,14
rep4,1.6551,226,14
rep4,1.6552,227,14
rep4,1.6552,228,14
rep4,1.6552,229,14
rep4,1.6583,230,14
rep4,1.6614,231,14
rep4,1.6617,232,14
rep4,1.6618,233,14
rep4,1.6618,234,14
rep4,1.6618,235,14
rep4,1.6618,236,14
rep4,1.6619,237,14
rep4,1.6619,238,14
rep4,1.665,239,14
rep4,1.6683,240,14
rep4,1.6719,241,14
rep4,1.672,242,14
rep4,1.6749,243,14
rep4,1.6783,244,14
rep4,1.6881,245,14
rep4,1.6885,246,14
rep4,1.6915,247,14
rep4,1.6915,248,14
rep4,1.6916,249,14
rep4,1.6952,250,14
rep4,1.6981,251,14
rep4,1.7053,252,14
rep4,1.7081,253,14
rep4,1.7083,254,14
rep4,1.7086,255,14
rep4,1.7119,256,14
rep4,1.7151,257,14
rep4,1.7183,258,14
rep4,1.7217,259,14
rep4,1.7217,260,14
rep4,1.7285,261,14
rep4,1.7288,262,14
rep4,1.7316,263,14
rep4,1.7316,264,14
rep4,1.7319,265,14
rep4,1.7353,266,14
rep4,1.738,267,14
rep4,1.7381,268,14
rep4,1.7414,269,14
rep4,1.7449,270,14
rep4,1.7483,271,14
rep4,1.7517,272,14
rep4,1.7519,273,14
rep4,1.7584,274,14
rep4,1.7683,275,14
rep4,1.7683,276,14
rep4,1.7716,277,14
rep4,1.7722,278,14
rep4,1.7818,279,14
rep4,1.7819,280,14
rep4,1.7819,281,14
rep4,1.7849,282,14
rep4,1.7882,283,14
rep4,1.7888,284,14
rep4,1.792,285,14
rep4,1.7948,286,14
rep4,1.7948,287,14
rep4,1.795,288,14
rep4,1.7981,289,14
rep4,1.7982,290,14
rep4,1.7983,291,14
rep4,1.7983,292,14
rep4,1.7985,293,14
rep4,1.8016,294,14
rep4,1.805,295,14
rep4,1.8051,296,14
rep4,1.8153,297,14
rep4,1.8217,298,14
rep4,1.8219,299,14
rep4,1.825,300,14
rep4,1.8284,301,14
rep4,1.8317,302,14
rep4,1.8317,303,14
rep4,1.8348,304,14
rep4,1.8348,305,14
rep4,1.835,306,14
rep4,1.8352,307,14
rep4,1.8382,308,14
rep4,1.8386,309,14
rep4,1.8448,310,14
rep4,1.845,311,14
rep4,1.845,312,14
rep4,1.8452,313,14
rep4,1.8452,314,14
rep4,1.8453,315,14
rep4,1.8481,316,14
rep4,1.8485,317,14
rep4,1.8486,318,14
rep4,1.8487,319,14
rep4,1.8515,320,14
rep4,1.8515,321,14
rep4,1.8516,322,14
rep4,1.8516,323,14
rep4,1.8516,324,14
rep4,1.8547,325,14
rep4,1.8548,326,14
rep4,1.8551,327,14
rep4,1.8552,327,15
rep4,1.8552,328,15
rep4,1.8553,329,15
rep4,1.858,330,15
rep4,1.8582,331,15
rep4,1.8584,332,15
rep4,1.8584,333,15
rep4,1.8584,334,15
rep4,1.8585,335,15
rep4,1.8585,336,15
rep4,1.8614,337,15
rep4,1.8618,338,15
rep4,1.8648,339,15
rep4,1.8649,340,15
rep4,1.865,341,15
rep4,1.8681,342,15
rep4,1.8682,343,15
rep4,1.8683,344,15
rep4,1.8685,345,15
rep4,1.8715,346,15
rep4,1.8748,347,15
rep4,1.8748,348,15
rep4,1.8749,349,15
rep4,1.875,350,15
rep4,1.8751,351,15
rep4,1.8752,352,15
rep4,1.8753,353,15
rep4,1.8782,354,15
rep4,1.8783,355,15
rep4,1.8825,356,15
rep4,1.8825,357,15
rep4,1.8828,358,15
rep4,1.8828,359,15
rep4,1.8829,360,15
rep4,1.8829,361,15
rep4,1.885,362,15
rep4,1.8853,363,15
rep4,1.8881,364,15
rep4,1.8882,365,15
rep4,1.8883,366,15
rep4,1.8883,367,15
rep4,1.8886,368,15
rep4,1.8914,369,15
rep4,1.8915,370,15
rep4,1.8921,371,15
rep4,1.895,372,15
rep4,1.895,373,15
rep4,1.8951,374,15
rep4,1.8951,375,15
rep4,1.8955,376,15
rep4,1.8982,377,15
rep4,1.8983,378,15
rep4,1.8983,379,15
rep4,1.8986,380,15
rep4,1.9014,381,15
rep4,1.9014,382,15
rep4,1.9014,383,15
rep4,1.9015,384,15
rep4,1.9015,385,15
rep4,1.9016,386,15
rep4,1.9016,387,15
rep4,1.9017,388,15
rep4,1.9018,389,15
rep4,1.9018,390,15
rep4,1.9018,391,15
rep4,1.9018,392,15
rep4,1.9019,392,16
rep4,1.9019,393,16
rep4,1.902,394,16
rep4,1.9048,395,16
rep4,1.9049,396,16
rep4,1.905,397,16
rep4,1.9051,398,16
rep4,1.9053,399,16
rep4,1.9053,400,16
rep4,1.9083,401,16
rep4,1.9084,402,16
rep4,1.9114,403,16
rep4,1.9115,404,16
rep4,1.9115,405,16
rep4,1.9115,406,16
rep4,1.9119,407,16
rep4,1.9148,408,16
rep4,1.9148,409,16
rep4,1.915,410,16
rep4,1.9151,411,16
rep4,1.9151,412,16
rep4,1.9151,413,16
rep4,1.9151,414,16
rep4,1.9151,415,16
rep4,1.9153,416,16
rep4,1.9153,417,16
rep4,1.9185,418,16
rep4,1.9219,419,16
rep4,1.9219,420,16
rep4,1.9247,421,16
rep4,1.925,422,16
rep4,1.925,423,16
rep4,1.9253,424,16
rep4,1.9281,425,16
rep4,1.9284,426,16
rep4,1.9285,427,16
rep4,1.9285,428,16
rep4,1.9285,429,16
rep4,1.9285,430,16
rep4,1.9287,431,16
rep4,1.9287,432,16
rep4,1.9316,433,16
rep4,1.9316,434,16
rep4,1.9317,435,16
rep4,1.932,436,16
rep4,1.9321,437,16
rep4,1.9348,438,16
rep4,1.9351,439,16
rep4,1.9352,440,16
rep4,1.9352,441,16
rep4,1.9382,442,16
rep4,1.9383,443,16
rep4,1.9384,444,16
rep4,1.9384,445,16
rep4,1.9385,446,16
rep4,1.9415,447,16
rep4,1.942,448,16
rep4,1.9447,449,16
rep4,1.9448,450,16
rep4,1.9449,451,16
rep4,1.945,452,16
rep4,1.9452,453,16
rep4,1.9452,454,16
rep4,1.9481,455,16
rep4,1.9484,456,16
rep4,1.9485,457,16
rep4,1.9516,458,16
rep4,1.9518,459,16
rep4,1.952,460,16
rep4,1.9521,461,16
rep4,1.9548,462,16
rep4,1.9583,463,16
rep4,1.9616,464,16
rep4,1.9616,465,16
rep4,1.9616,466,16
rep4,1.9617,467,16
rep4,1.9622,468,16
rep4,1.9649,469,16
rep4,1.9649,470,16
rep4,1.9652,471,16
rep4,1.9684,472,16
rep4,1.9716,473,16
rep4,1.9717,474,16
rep4,1.972,475,16
rep4,1.9747,476,16
rep4,1.9747,477,16
rep4,1.9749,477,17
rep4,1.9753,478,17
rep4,1.9754,479,17
rep4,1.978,480,17
rep4,1.9814,481,17
rep4,1.9818,482,17
rep4,1.9819,483,17
rep4,1.982,484,17
rep4,1.982,485,17
rep4,1.9849,486,17
rep4,1.9852,487,17
rep4,1.9881,488,17
rep4,1.9885,489,17
rep4,1.9887,490,17
rep4,1.9915,491,17
rep4,1.9916,492,17
rep4,1.9917,493,17
rep4,1.9921,494,17
rep4,1.9947,495,17
rep4,1.9949,496,17
rep4,1.995,497,17
rep4,1.9951,498,17
rep4,1.9985,499,17
rep4,2.0017,500,17
rep4,2.0017,501,17
rep4,2.0029,502,17
rep4,2.0049,503,17
rep4,2.0051,504,17
rep4,2.0051,505,17
rep4,2.0052,506,17
rep4,2.0052,507,17
rep4,2.0081,508,17
rep4,2.0081,509,17
rep4,2.0081,510,17
rep4,2.0082,511,17
rep4,2.0083,512,17
rep4,2.0083,513,17
rep4,2.0083,514,17
rep4,2.0084,515,17
rep4,2.0086,516,17
rep4,2.0116,517,17
rep4,2.0116,518,17
rep4,2.0118,519,17
rep4,2.0119,520,17
rep4,2.0148,521,17
rep4,2.0148,522,17
rep4,2.0149,523,17
rep4,2.0151,524,17
rep4,2.0152,525,17
rep4,2.0153,526,17
rep4,2.0153,526,18
rep4,2.0183,527,18
rep4,2.0183,528,18
rep4,2.0183,529,18
rep4,2.0183,530,18
rep4,2.0185,531,18
rep4,2.0187,532,18
rep4,2.0187,533,18
rep4,2.0187,534,18
rep4,2.0214,535,18
rep4,2.0214,536,18
rep4,2.0218,537,18
rep4,2.0218,538,18
rep4,2.0218,539,18
rep4,2.0219,540,18
rep4,2.022,541,18
rep4,2.022,542,18
rep4,2.022,543,18
rep4,2.0248,544,18
rep4,2.025,545,18
rep4,2.0283,546,18
rep4,2.0314,547,18
rep4,2.0315,548,18
rep4,2.0316,549,18
rep4,2.0316,550,18
rep4,2.0317,551,18
rep4,2.0348,552,18
rep4,2.0349,553,18
rep4,2.0349,554,18
rep4,2.0349,555,18
rep4,2.0381,556,18
rep4,2.0382,557,18
rep4,2.0382,558,18
rep4,2.0383,559,18
rep4,2.0384,560,18
rep4,2.0385,561,18
rep4,2.0387,562,18
rep4,2.0387,563,18
rep4,2.0388,564,18
rep4,2.0414,565,18
rep4,2.0414,566,18
rep4,2.0415,567,18
rep4,2.0416,568,18
rep4,2.0416,569,18
rep4,2.0416,570,18
rep4,2.0416,571,18
rep4,2.0416,572,18
rep4,2.0417,573,18
rep4,2.0417,574,18
rep4,2.0418,575,18
rep4,2.0418,576,18
rep4,2.0419,577,18
rep4,2.0419,578,18
rep4,2.0419,579,18
rep4,2.0419,580,18
rep4,2.0447,581,18
rep4,2.048,582,18
rep4,2.0485,583,18
rep4,2.0515,584,18
rep4,2.0515,585,18
rep4,2.0516,586,18
rep4,2.0516,587,18
rep4,2.0517,588,18
rep4,2.0519,589,18
rep4,2.0548,590,18
rep4,2.0549,591,18
rep4,2.055,592,18
rep4,2.055,593,18
rep4,2.0551,594,18
rep4,2.0553,595,18
rep4,2.0553,596,18
rep4,2.0581,597,18
rep4,2.0581,598,18
rep4,2.0583,599,18
rep4,2.0584,600,18
rep4,2.0585,601,18
rep4,2.0585,602,18
rep4,2.0586,603,18
rep4,2.0586,604,18
rep4,2.0586,605,18
rep4,2.0617,606,18
rep4,2.0618,607,18
rep4,2.0618,608,18
rep4,2.0648,609,18
rep4,2.0651,610,18
rep4,2.0682,611,18
rep4,2.0716,612,18
rep4,2.0747,613,18
rep4,2.0749,614,18
rep4,2.0749,615,18
rep4,2.0751,616,18
rep4,2.0751,617,18
rep4,2.0781,618,18
rep4,2.0781,619,18
rep4,2.0782,620,18
rep4,2.0782,621,18
rep4,2.0783,622,18
rep4,2.0814,623,18
rep4,2.0818,624,18
rep4,2.0819,625,18
rep4,2.0819,626,18
rep4,2.082,627,18
rep4,2.0859,628,18
rep4,2.0861,629,18
rep4,2.0861,630,18
rep4,2.0884,631,18
rep4,2.0915,632,18
rep4,2.0917,633,18
rep4,2.0917,634,18
rep4,2.0948,635,18
rep4,2.0949,636,18
rep4,2.095,637,18
rep4,2.0951,638,18
rep4,2.0983,639,18
rep4,2.0987,640,18
rep4,2.0987,641,18
rep4,2.1015,642,18
rep4,2.1016,643,18
rep4,2.1016,644,18
rep4,2.1017,645,18
rep4,2.1018,646,18
rep4,2.1048,647,18
rep4,2.1049,648,18
rep4,2.1053,649,18
rep4,2.1081,650,18
rep4,2.1083,651,18
rep4,2.1085,652,18
rep4,2.1114,653,18
rep4,2.1117,654,18
rep4,2.112,655,18
rep4,2.1149,656,18
rep4,2.1152,657,18
rep4,2.1181,658,18
rep4,2.1181,659,18
rep4,2.1181,660,18
rep4,2.1183,661,18
rep4,2.1215,662,18
rep4,2.1215,663,18
rep4,2.1217,664,18
rep4,2.1217,665,18
rep4,2.1217,666,18
rep4,2.1218,667,18
rep4,2.1247,668,18
rep4,2.1247,669,18
rep4,2.1248,670,18
rep4,2.1253,671,18
rep4,2.1253,672,18
rep4,2.1281,673,18
rep4,2.1283,674,18
rep4,2.1284,675,18
rep4,2.1315,676,18
rep4,2.1315,677,18
rep4,2.1316,678,18
rep4,2.1317,679,18
rep4,2.1348,680,18
rep4,2.1349,681,18
rep4,2.1353,682,18
rep4,2.138,683,18
rep4,2.138,684,18
rep4,2.1384,685,18
rep4,2.1415,686,18
rep4,2.1418,687,18
rep4,2.1418,688,18
rep4,2.1419,689,18
rep4,2.1451,690,18
rep4,2.1451,691,18
rep4,2.1483,692,18
rep4,2.1483,693,18
rep4,2.1484,694,18
rep4,2.1515,695,18
rep4,2.1516,696,18
rep4,2.1518,697,18
rep4,2.1519,698,18
rep4,2.152,699,18
rep4,2.1547,700,18
rep4,2.1551,701,18
rep4,2.1552,702,18
rep4,2.1552,703,18
rep4,2.1553,704,18
rep4,2.1582,705,18
rep4,2.1584,706,18
rep4,2.1651,707,18
rep4,2.1682,708,18
rep4,2.1685,709,18
rep4,2.1716,710,18
rep4,2.1717,711,18
rep4,2.1749,712,18
rep4,2.1752,713,18
rep4,2.1782,714,18
rep4,2.1782,715,18
rep4,2.1783,716,18
rep4,2.1815,717,18
rep4,2.1816,718,18
rep4,2.1818,719,18
rep4,2.1847,720,18
rep4,2.1848,721,18
rep4,2.1848,721,19
rep4,2.1851,722,19
rep4,2.1851,723,19
rep4,2.1852,724,19
rep4,2.1852,725,19
rep4,2.1852,726,19
rep4,2.1853,727,19
rep4,2.1853,728,19
rep4,2.1885,729,19
rep4,2.1885,730,19
rep4,2.1887,731,19
rep4,2.1887,732,19
rep4,2.1887,733,19
rep4,2.1888,734,19
rep4,2.1889,735,19
rep4,2.1917,736,19
rep4,2.1918,737,19
rep4,2.1919,738,19
rep4,2.1948,739,19
rep4,2.195,740,19
rep4,2.195,741,19
rep4,2.195,742,19
rep4,2.1952,743,19
rep4,2.2015,744,19
rep4,2.2018,745,19
rep4,2.2019,746,19
rep4,2.2048,747,19
rep4,2.2048,748,19
rep4,2.2051,749,19
rep4,2.2054,750,19
rep4,2.2054,751,19
rep4,2.2081,752,19
rep4,2.2081,753,19
rep4,2.2083,754,19
rep4,2.2085,755,19
rep4,2.2086,756,19
rep4,2.2087,757,19
rep4,2.2115,758,19
rep4,2.2115,759,19
rep4,2.2117,760,19
rep4,2.2118,761,19
rep4,2.2118,762,19
rep4,2.2119,763,19
rep4,2.2152,764,19
rep4,2.2154,765,19
rep4,2.218,766,19
rep4,2.2186,767,19
rep4,2.2186,768,19
rep4,2.2215,769,19
rep4,2.2216,770,19
rep4,2.2217,771,19
rep4,2.2249,772,19
rep4,2.2283,773,19
rep4,2.2316,774,19
rep4,2.2349,775,19
rep4,2.2352,776,19
rep4,2.2352,777,19
rep4,2.2352,778,19
rep4,2.238,779,19
rep4,2.2386,780,19
rep4,2.2386,781,19
rep4,2.2415,782,19
rep4,2.2418,783,19
rep4,2.2453,784,19
rep4,2.248,785,19
rep4,2.2482,786,19
rep4,2.2485,787,19
rep4,2.2548,788,19
rep4,2.2549,789,19
rep4,2.2549,790,19
rep4,2.2582,791,19
rep4,2.2582,792,19
rep4,2.2584,793,19
rep4,2.2615,794,19
rep4,2.2615,795,19
rep4,2.2615,796,19
rep4,2.2618,797,19
rep4,2.2618,798,19
rep4,2.2619,799,19
rep4,2.2619,800,19
rep4,2.2619,801,19
rep4,2.262,802,19
rep4,2.262,803,19
rep4,2.265,804,19
rep4,2.2651,805,19
rep4,2.2651,806,19
rep4,2.2651,807,19
rep4,2.2682,808,19
rep4,2.2683,809,19
rep4,2.2684,810,19
rep4,2.2684,811,19
rep4,2.2684,812,19
rep4,2.2685,813,19
rep4,2.2715,814,19
rep4,2.2716,815,19
rep4,2.2716,816,19
rep4,2.276,817,19
rep4,2.2761,818,19
rep4,2.2761,819,19
rep4,2.2761,820,19
rep4,2.2761,821,19
rep4,2.2762,822,19
rep4,2.2781,823,19
rep4,2.2782,824,19
rep4,2.2784,825,19
rep4,2.2784,826,19
rep4,2.2785,827,19
rep4,2.2787,828,19
rep4,2.2815,829,19
rep4,2.2816,830,19
rep4,2.2847,831,19
rep4,2.2847,832,19
rep4,2.2848,833,19
rep4,2.2849,834,19
rep4,2.285,835,19
rep4,2.2851,836,19
rep4,2.2852,837,19
rep4,2.2852,838,19
rep4,2.2881,839,19
rep4,2.2883,840,19
rep4,2.2883,841,19
rep4,2.2886,842,19
rep4,2.2915,843,19
rep4,2.2916,844,19
rep4,2.2916,845,19
rep4,2.2918,846,19
rep4,2.2918,847,19
rep4,2.2948,848,19
rep4,2.2949,849,19
rep4,2.2951,850,19
rep4,2.2951,851,19
rep4,2.2953,852,19
rep4,2.2983,853,19
rep4,2.2985,854,19
rep4,2.2985,855,19
rep4,2.2985,856,19
rep4,2.2986,857,19
rep4,2.2986,858,19
rep4,2.3014,859,19
rep4,2.3016,860,19
rep4,2.3017,861,19
rep4,2.3018,862,19
rep4,2.3018,863,19
rep4,2.3047,864,19
rep4,2.305,865,19
rep4,2.305,866,19
rep4,2.3051,867,19
rep4,2.3053,868,19
rep4,2.3081,869,19
rep4,2.3081,870,19
rep4,2.3081,871,19
rep4,2.3082,872,19
rep4,2.3083,873,19
rep4,2.3083,874,19
rep4,2.3084,875,19
rep4,2.3086,876,19
rep4,2.3115,877,19
rep4,2.3116,878,19
rep4,2.3117,879,19
rep4,2.3149,880,19
rep4,2.3149,881,19
rep4,2.3149,882,19
rep4,2.3153,883,19
rep4,2.318,884,19
rep4,2.3182,885,19
rep4,2.3182,886,19
rep4,2.3182,887,19
rep4,2.3183,888,19
rep4,2.3185,889,19
rep4,2.3186,890,19
rep4,2.3215,891,19
rep4,2.3216,892,19
rep4,2.3217,893,19
rep4,2.3217,894,19
rep4,2.3218,895,19
rep4,2.322,896,19
rep4,2.3221,897,19
rep4,2.3248,898,19
rep4,2.3249,899,19
rep4,2.3249,900,19
rep4,2.325,901,19
rep4,2.3251,902,19
rep4,2.3251,903,19
rep4,2.3251,904,19
rep4,2.3251,905,19
rep4,2.3252,906,19
rep4,2.3252,907,19
rep4,2.3253,908,19
rep4,2.3253,909,19
rep4,2.3253,910,19
rep4,2.3253,911,19
rep4,2.3282,912,19
rep4,2.3282,913,19
rep4,2.3283,914,19
rep4,2.3284,915,19
rep4,2.3285,916,19
rep4,2.3285,917,19
rep4,2.3285,918,19
rep4,2.3285,919,19
rep4,2.3286,920,19
rep4,2.3286,921,19
rep4,2.3315,922,19
rep4,2.3316,923,19
rep4,2.3317,924,19
rep4,2.3317,925,19
rep4,2.3317,926,19
rep4,2.3318,927,19
rep4,2.3319,928,19
rep4,2.3353,929,19
rep4,2.3353,930,19
rep4,2.3381,931,19
rep4,2.3384,932,19
rep4,2.3385,933,19
rep4,2.3386,934,19
rep4,2.3416,935,19
rep4,2.3416,936,19
rep4,2.3417,937,19
rep4,2.3417,938,19
rep4,2.3447,939,19
rep4,2.3449,940,19
rep4,2.3452,941,19
rep4,2.348,942,19
rep4,2.3483,942,20
rep4,2.3484,943,20
rep4,2.3486,944,20
rep4,2.3514,945,20
rep4,2.3514,946,20
rep4,2.3515,947,20
rep4,2.3515,948,20
rep4,2.3516,949,20
rep4,2.3519,950,20
rep4,2.3521,951,20
rep4,2.3548,952,20
rep4,2.355,953,20
rep4,2.3551,954,20
rep4,2.3551,955,20
rep4,2.3552,956,20
rep4,2.3552,957,20
rep4,2.3553,958,20
rep4,2.3581,959,20
rep4,2.3583,960,20
rep4,2.3583,961,20
rep4,2.3585,962,20
rep4,2.3586,963,20
rep4,2.3586,964,20
rep4,2.3587,965,20
rep4,2.3588,966,20
rep4,2.3614,967,20
rep4,2.3616,968,20
rep4,2.3619,969,20
rep4,2.3647,970,20
rep4,2.3647,971,20
rep4,2.3648,972,20
rep4,2.365,973,20
rep4,2.365,974,20
rep4,2.3651,975,20
rep4,2.3652,976,20
rep4,2.3652,977,20
rep4,2.3652,978,20
rep4,2.3653,979,20
rep4,2.3653,980,20
rep4,2.3654,981,20
rep4,2.3654,982,20
rep4,2.368,983,20
rep4,2.3682,984,20
rep4,2.3682,985,20
rep4,2.3686,986,20
rep4,2.3688,987,20
rep4,2.3717,988,20
rep4,2.3717,989,20
rep4,2.3718,990,20
rep4,2.3718,991,20
rep4,2.3748,992,20
rep4,2.3748,993,20
rep4,2.3749,994,20
rep4,2.3749,995,20
rep4,2.375,996,20
rep4,2.3751,997,20
rep4,2.3752,998,20
rep4,2.3753,999,20
rep4,2.378,1000,20
rep4,2.3781,1001,20
rep4,2.3783,1002,20
rep4,2.3784,1003,20
rep4,2.3785,1004,20
rep4,2.3816,1005,20
rep4,2.3826,1006,20
rep4,2.3826,1007,20
rep4,2.3849,1008,20
rep4,2.3851,1009,20
rep4,2.3852,1010,20
rep4,2.3852,1011,20
rep4,2.3853,1012,20
rep4,2.3854,1013,20
rep4,2.3881,1014,20
rep4,2.3881,1015,20
rep4,2.3883,1016,20
rep4,2.3883,1017,20
rep4,2.3883,1018,20
rep4,2.3884,1019,20
rep4,2.3885,1020,20
rep4,2.3885,1021,20
rep4,2.3886,1022,20
rep4,2.3887,1023,20
rep4,2.3888,1024,20
rep4,2.3915,1025,20
rep4,2.3916,1026,20
rep4,2.3916,1027,20
rep4,2.3916,1028,20
rep4,2.3917,1029,20
rep4,2.3918,1030,20
rep4,2.3918,1031,20
rep4,2.392,1032,20
rep4,2.392,1033,20
rep4,2.392,1034,20
rep4,2.392,1035,20
rep4,2.392,1036,20
rep4,2.3947,1037,20
rep4,2.3948,1038,20
rep4,2.3949,1039,20
rep4,2.395,1040,20
rep4,2.395,1041,20
rep4,2.395,1042,20
rep4,2.3951,1043,20
rep4,2.3953,1044,20
rep4,2.3954,1045,20
rep4,2.3954,1046,20
rep4,2.398,1047,20
rep4,2.3981,1048,20
rep4,2.3982,1049,20
rep4,2.3985,1050,20
rep4,2.3986,1051,20
rep4,2.3986,1052,20
rep4,2.3987,1053,20
rep4,2.4014,1054,20
rep4,2.4014,1055,20
rep4,2.4016,1056,20
rep4,2.4018,1057,20
rep4,2.4047,1058,20
rep4,2.4052,1059,20
rep4,2.4052,1060,20
rep4,2.4052,1061,20
rep4,2.4082,1062,20
rep4,2.4084,1063,20
rep4,2.4116,1064,20
rep4,2.415,1065,20
rep4,2.4153,1066,20
rep4,2.4184,1067,20
rep4,2.4185,1068,20
rep4,2.4186,1069,20
rep4,2.4186,1070,20
rep4,2.4187,1071,20
rep4,2.4187,1072,20
rep4,2.4218,1073,20
rep4,2.4251,1074,20
rep4,2.4252,1075,20
rep4,2.4281,1076,20
rep4,2.4283,1077,20
rep4,2.4285,1078,20
rep4,2.4314,1079,20
rep4,2.4347,1080,20
rep4,2.4349,1081,20
rep4,2.4353,1082,20
rep4,2.4353,1083,20
rep4,2.4353,1084,20
rep4,2.4382,1085,20
rep4,2.4388,1086,20
rep4,2.4415,1087,20
rep4,2.4417,1088,20
rep4,2.4417,1089,20
rep4,2.4417,1090,20
rep4,2.4447,1091,20
rep4,2.4448,1092,20
rep4,2.4452,1093,20
rep4,2.4454,1094,20
rep4,2.4484,1095,20
rep4,2.4484,1096,20
rep4,2.4485,1097,20
rep4,2.4515,1098,20
rep4,2.4516,1099,20
rep4,2.4516,1100,20
rep4,2.4517,1101,20
rep4,2.4521,1102,20
rep4,2.4549,1103,20
rep4,2.455,1104,20
rep4,2.458,1105,20
rep4,2.4581,1106,20
rep4,2.4582,1107,20
rep4,2.4585,1108,20
rep4,2.4585,1109,20
rep4,2.4617,1110,20
rep4,2.4618,1111,20
rep4,2.4619,1112,20
rep4,2.4648,1113,20
rep4,2.4649,1114,20
rep4,2.4649,1115,20
rep4,2.465,1116,20
rep4,2.4651,1117,20
rep4,2.4652,1118,20
rep4,2.4652,1119,20
rep4,2.4653,1120,20
rep4,2.4681,1121,20
rep4,2.4682,1122,20
rep4,2.4682,1123,20
rep4,2.4683,1124,20
rep4,2.4684,1125,20
rep4,2.4685,1126,20
rep4,2.4685,1127,20
rep4,2.4685,1128,20
rep4,2.4686,1129,20
rep4,2.4686,1130,20
rep4,2.4686,1131,20
rep4,2.4686,1132,20
rep4,2.4718,1133,20
rep4,2.4719,1134,20
rep4,2.472,1135,20
rep4,2.4758,1136,20
rep4,2.4758,1137,20
rep4,2.4759,1138,20
rep4,2.4759,1139,20
rep4,2.476,1140,20
rep4,2.4782,1141,20
rep4,2.4786,1142,20
rep4,2.4786,1143,20
rep4,2.4787,1144,20
rep4,2.4787,1145,20
rep4,2.4819,1146,20
rep4,2.485,1147,20
rep4,2.4851,1148,20
rep4,2.4851,1149,20
rep4,2.4851,1150,20
rep4,2.4852,1151,20
rep4,2.4882,1152,20
rep4,2.4914,1153,20
rep4,2.4914,1154,20
rep4,2.495,1155,20
rep4,2.4952,1156,20
rep4,2.4983,1157,20
rep4,2.4987,1158,20
rep4,2.502,1159,20
rep4,2.5049,1160,20
rep4,2.5082,1161,20
rep4,2.5085,1162,20
rep4,2.5114,1163,20
rep4,2.5115,1164,20
rep4,2.5117,1165,20
rep4,2.5117,1166,20
rep4,2.5147,1167,20
rep4,2.5148,1168,20
rep4,2.5149,1169,20
rep4,2.515,1170,20
rep4,2.5151,1171,20
rep4,2.5151,1172,20
rep4,2.5186,1173,20
rep4,2.5216,1174,20
rep4,2.5217,1175,20
rep4,2.5219,1176,20
rep4,2.5221,1177,20
rep4,2.5248,1178,20
rep4,2.5248,1179,20
rep4,2.525,1180,20
rep4,2.5251,1181,20
rep4,2.5282,1182,20
rep4,2.5286,1183,20
rep4,2.5314,1184,20
rep4,2.5314,1185,20
rep4,2.5315,1186,20
rep4,2.5322,1187,20
rep4,2.535,1188,20
rep4,2.5353,1189,20
rep4,2.5382,1190,20
rep4,2.5419,1191,20
rep4,2.5421,1192,20
rep4,2.5449,1193,20
rep4,2.545,1194,20
rep4,2.545,1195,20
rep4,2.5452,1196,20
rep4,2.5482,1197,20
rep4,2.5482,1198,20
rep4,2.5483,1199,20
rep4,2.5484,1200,20
rep4,2.5485,1201,20
rep4,2.5549,1202,20
rep4,2.5549,1203,20
rep4,2.5583,1204,20
rep4,2.5586,1205,20
rep4,2.5616,1206,20
rep4,2.5616,1207,20
rep4,2.5618,1208,20
rep4,2.5621,1209,20
rep4,2.565,1210,20
rep4,2.5651,1211,20
rep4,2.5652,1212,20
rep4,2.568,1213,20
rep4,2.5681,1214,20
rep4,2.5685,1215,20
rep4,2.5685,1216,20
rep4,2.5686,1217,20
rep4,2.5686,1218,20
rep4,2.5714,1219,20
rep4,2.5715,1220,20
rep4,2.5716,1221,20
rep4,2.5716,1222,20
rep4,2.5716,1223,20
rep4,2.5718,1224,20
rep4,2.5719,1225,20
rep4,2.572,1226,20
rep4,2.572,1227,20
rep4,2.5751,1228,20
rep4,2.5752,1229,20
rep4,2.5752,1230,20
rep4,2.5753,1231,20
rep4,2.5754,1232,20
rep4,2.5783,1233,20
rep4,2.5786,1234,20
rep4,2.5787,1235,20
rep4,2.5818,1236,20
rep4,2.5818,1237,20
rep4,2.5819,1238,20
rep4,2.5849,1239,20
rep4,2.588,1240,20
rep4,2.588,1241,20
rep4,2.5884,1242,20
rep4,2.5885,1243,20
rep4,2.5885,1244,20
rep4,2.5886,1245,20
rep4,2.5916,1246,20
rep4,2.5918,1247,20
rep4,2.5919,1248,20
rep4,2.5947,1249,20
rep4,2.5948,1250,20
rep4,2.5982,1251,20
rep4,2.5982,1252,20
rep4,2.5984,1253,20
rep4,2.5986,1254,20
rep4,2.5987,1255,20
rep4,2.6014,1256,20
rep4,2.6014,1257,20
rep4,2.6015,1258,20
rep4,2.6015,1259,20
rep4,2.6016,1260,20
rep4,2.6017,1261,20
rep4,2.6017,1262,20
rep4,2.6017,1263,20
rep4,2.6018,1264,20
rep4,2.6019,1265,20
rep4,2.6019,1266,20
rep4,2.6019,1267,20
rep4,2.6019,1268,20
rep4,2.6048,1269,20
rep4,2.605,1270,20
rep4,2.605,1271,20
rep4,2.6086,1272,20
rep4,2.6114,1273,20
rep4,2.6116,1274,20
rep4,2.6117,1275,20
rep4,2.6118,1276,20
rep4,2.6121,1277,20
rep4,2.6149,1278,20
rep4,2.6151,1279,20
rep4,2.6153,1280,20
rep4,2.6182,1281,20
rep4,2.6183,1282,20
rep4,2.6184,1283,20
rep4,2.6214,1284,20
rep4,2.6215,1285,20
rep4,2.6216,1286,20
rep4,2.6219,1287,20
rep4,2.622,1288,20
rep4,2.622,1289,20
rep4,2.6248,1290,20
rep4,2.625,1291,20
rep4,2.6281,1292,20
rep4,2.6282,1293,20
rep4,2.6283,1294,20
rep4,2.6284,1295,20
rep4,2.6284,1296,20
rep4,2.6314,1297,20
rep4,2.6316,1298,20
rep4,2.6316,1299,20
rep4,2.6348,1300,20
rep4,2.635,1301,20
rep4,2.638,1302,20
rep4,2.6381,1303,20
rep4,2.6385,1304,20
rep4,2.6417,1305,20
rep4,2.6421,1306,20
rep4,2.6421,1307,20
rep4,2.645,1308,20
rep4,2.6451,1309,20
rep4,2.6453,1310,20
rep4,2.6482,1311,20
rep4,2.6483,1312,20
rep4,2.6484,1313,20
rep4,2.6486,1314,20
rep4,2.6487,1315,20
rep4,2.6514,1316,20
rep4,2.6519,1317,20
rep4,2.6519,1318,20
rep4,2.652,1319,20
rep4,2.652,1320,20
rep4,2.6521,1321,20
rep4,2.6552,1322,20
rep4,2.658,1323,20
rep4,2.6581,1324,20
rep4,2.6585,1325,20
rep4,2.6587,1326,20
rep4,2.6614,1327,20
rep4,2.6619,1328,20
rep4,2.6619,1329,20
rep4,2.6619,1330,20
rep4,2.662,1331,20
rep4,2.665,1332,20
rep4,2.665,1333,20
rep4,2.6681,1334,20
rep4,2.6682,1335,20
rep4,2.6683,1336,20
rep4,2.6684,1337,20
rep4,2.6684,1338,20
rep4,2.6715,1339,20
rep4,2.6717,1340,20
rep4,2.6718,1341,20
rep4,2.6718,1342,20
rep4,2.6719,1343,20
rep4,2.672,1344,20
rep4,2.6747,1345,20
rep4,2.6748,1346,20
rep4,2.6749,1347,20
rep4,2.675,1348,20
rep4,2.675,1349,20
rep4,2.6751,1350,20
rep4,2.6751,1351,20
rep4,2.6752,1352,20
rep4,2.6752,1353,20
rep4,2.6752,1354,20
rep4,2.6752,1355,20
rep4,2.6754,1356,20
rep4,2.678,1357,20
rep4,2.6783,1358,20
rep4,2.6783,1359,20
rep4,2.6785,1360,20
rep4,2.6785,1361,20
rep4,2.6785,1362,20
rep4,2.6785,1363,20
rep4,2.6816,1364,20
rep4,2.6819,1365,20
rep4,2.6819,1366,20
rep4,2.6849,1367,20
rep4,2.685,1368,20
rep4,2.6883,1369,20
rep4,2.6884,1370,20
rep4,2.6884,1371,20
rep4,2.6885,1372,20
rep4,2.6914,1373,20
rep4,2.6915,1374,20
rep4,2.6929,1375,20
rep4,2.6948,1376,20
rep4,2.6949,1377,20
rep4,2.6951,1378,20
rep4,2.6953,1379,20
rep4,2.6953,1380,20
rep4,2.6981,1381,20
rep4,2.6982,1382,20
rep4,2.6983,1383,20
rep4,2.7015,1384,20
rep4,2.7015,1385,20
rep4,2.7018,1386,20
rep4,2.7019,1387,20
rep4,2.702,1388,20
rep4,2.7049,1389,20
rep4,2.7049,1390,20
rep4,2.7051,1391,20
rep4,2.7052,1392,20
rep4,2.7081,1393,20
rep4,2.7084,1394,20
rep4,2.7086,1395,20
rep4,2.7086,1396,20
rep4,2.7086,1397,20
rep4,2.7086,1398,20
rep4,2.7114,1399,20
rep4,2.7115,1400,20
rep4,2.7148,1401,20
rep4,2.7149,1402,20
rep4,2.7149,1403,20
rep4,2.715,1404,20
rep4,2.7151,1405,20
rep4,2.7153,1406,20
rep4,2.7182,1407,20
rep4,2.7186,1408,20
rep4,2.7214,1409,20
rep4,2.7214,1410,20
rep4,2.7217,1411,20
rep4,2.7219,1412,20
rep4,2.7251,1413,20
rep4,2.7283,1414,20
rep4,2.7285,1415,20
rep4,2.7317,1416,20
rep4,2.7319,1417,20
rep4,2.7319,1418,20
rep4,2.735,1419,20
rep4,2.7381,1420,20
rep4,2.7387,1421,20
rep4,2.7416,1422,20
rep4,2.7419,1423,20
rep4,2.742,1424,20
rep4,2.742,1425,20
rep4,2.7451,1426,20
rep4,2.7451,1427,20
rep4,2.7451,1428,20
rep4,2.7452,1429,20
rep4,2.7452,1430,20
rep4,2.7453,1431,20
rep4,2.7453,1432,20
rep4,2.7484,1433,20
rep4,2.7485,1434,20
rep4,2.7486,1435,20
rep4,2.7514,1436,20
rep4,2.7517,1437,20
rep4,2.7517,1438,20
rep4,2.7518,1439,20
rep4,2.7518,1440,20
rep4,2.7519,1441,20
rep4,2.7519,1442,20
rep4,2.7547,1443,20
rep4,2.7548,1444,20
rep4,2.755,1445,20
rep4,2.7551,1446,20
rep4,2.7552,1447,20
rep4,2.7552,1448,20
rep4,2.7554,1449,20
rep4,2.7582,1450,20
rep4,2.7582,1451,20
rep4,2.7583,1452,20
rep4,2.7585,1453,20
rep4,2.7586,1454,20
rep4,2.7587,1455,20
rep4,2.7618,1456,20
rep4,2.7619,1457,20
rep4,2.762,1458,20
rep4,2.7648,1459,20
rep4,2.7648,1460,20
rep4,2.765,1461,20
rep4,2.7651,1462,20
rep4,2.7684,1463,20
rep4,2.7685,1464,20
rep4,2.7685,1465,20
rep4,2.7686,1466,20
rep4,2.7714,1467,20
rep4,2.7716,1468,20
rep4,2.7717,1469,20
rep4,2.7718,1470,20
rep4,2.7718,1471,20
rep4,2.7718,1472,20
rep4,2.7719,1473,20
rep4,2.7752,1474,20
rep4,2.7752,1475,20
rep4,2.7753,1476,20
rep4,2.7753,1477,20
rep4,2.7782,1478,20
rep4,2.7782,1479,20
rep4,2.7782,1480,20
rep4,2.7783,1481,20
rep4,2.7783,1482,20
rep4,2.7784,1483,20
rep4,2.7785,1484,20
rep4,2.7786,1485,20
rep4,2.7786,1486,20
rep4,2.7822,1487,20
rep4,2.7823,1488,20
rep4,2.7823,1489,20
rep4,2.7824,1490,20
rep4,2.7824,1491,20
rep4,2.7824,1492,20
rep4,2.7825,1493,20
rep4,2.7826,1494,20
rep4,2.7849,1495,20
rep4,2.785,1496,20
rep4,2.7852,1497,20
rep4,2.7853,1498,20
rep4,2.7854,1499,20
rep4,2.788,1500,20
rep4,2.7882,1501,20
rep4,2.7883,1502,20
rep4,2.7914,1503,20
rep4,2.7915,1504,20
rep4,2.7916,1505,20
rep4,2.7916,1506,20
rep4,2.7921,1507,20
rep4,2.7948,1508,20
rep4,2.7949,1509,20
rep4,2.7952,1510,20
rep4,2.7952,1511,20
rep4,2.798,1512,20
rep4,2.7983,1513,20
rep4,2.7984,1514,20
rep4,2.8017,1515,20
rep4,2.8017,1516,20
rep4,2.8048,1517,20
rep4,2.8049,1518,20
rep4,2.805,1519,20
rep4,2.805,1520,20
rep4,2.8052,1521,20
rep4,2.8052,1522,20
rep4,2.8052,1523,20
rep4,2.8053,1524,20
rep4,2.8054,1525,20
rep4,2.8054,1526,20
rep4,2.8081,1527,20
rep4,2.8081,1528,20
rep4,2.8081,1529,20
rep4,2.8082,1530,20
rep4,2.8082,1531,20
rep4,2.8114,1532,20
rep4,2.8115,1533,20
rep4,2.8115,1534,20
rep4,2.8115,1535,20
rep4,2.8116,1536,20
rep4,2.8152,1537,20
rep4,2.8152,1538,20
rep4,2.8152,1539,20
rep4,2.8181,1540,20
rep4,2.8183,1541,20
rep4,2.8183,1542,20
rep4,2.8185,1543,20
rep4,2.8186,1544,20
rep4,2.8186,1545,20
rep4,2.8218,1546,20
rep4,2.8218,1547,20
rep4,2.8249,1548,20
rep4,2.8252,1549,20
rep4,2.8281,1550,20
rep4,2.8281,1551,20
rep4,2.8285,1552,20
rep4,2.8285,1553,20
rep4,2.8288,1554,20
rep4,2.8318,1555,20
rep4,2.8319,1556,20
rep4,2.8319,1557,20
rep4,2.8347,1558,20
rep4,2.8347,1559,20
rep4,2.835,1560,20
rep4,2.8351,1561,20
rep4,2.8381,1562,20
rep4,2.8382,1563,20
rep4,2.8383,1564,20
rep4,2.8384,1565,20
rep4,2.8387,1566,20
rep4,2.8417,1567,20
rep4,2.8419,1568,20
rep4,2.8447,1569,20
rep4,2.8447,1570,20
rep4,2.8451,1571,20
rep4,2.8451,1572,20
rep4,2.8452,1573,20
rep4,2.8452,1574,20
rep4,2.848,1575,20
rep4,2.8483,1576,20
rep4,2.8483,1577,20
rep4,2.8486,1578,20
rep4,2.8514,1579,20
rep4,2.8515,1580,20
rep4,2.8517,1581,20
rep4,2.8519,1582,20
rep4,2.8551,1583,20
rep4,2.8553,1584,20
rep4,2.8615,1585,20
rep4,2.8617,1586,20
rep4,2.8648,1587,20
rep4,2.8649,1588,20
rep4,2.8649,1589,20
rep4,2.8653,1590,20
rep4,2.8681,1591,20
rep4,2.8681,1592,20
rep4,2.8683,1593,20
rep4,2.8684,1594,20
rep4,2.8686,1595,20
rep4,2.8716,1596,20
rep4,2.8717,1597,20
rep4,2.8717,1598,20
rep4,2.8717,1599,20
rep4,2.8717,1600,20
rep4,2.8717,1601,20
rep4,2.872,1602,20
rep4,2.8749,1603,20
rep4,2.8749,1604,20
rep4,2.875,1605,20
rep4,2.8751,1606,20
rep4,2.8752,1607,20
rep4,2.8753,1608,20
rep4,2.8753,1609,20
rep4,2.8754,1610,20
rep4,2.8754,1611,20
rep4,2.8754,1612,20
rep4,2.878,1613,20
rep4,2.8781,1614,20
rep4,2.8781,1615,20
rep4,2.8782,1616,20
rep4,2.8783,1617,20
rep4,2.8783,1618,20
rep4,2.8784,1619,20
rep4,2.8784,1620,20
rep4,2.8784,1621,20
rep4,2.8785,1622,20
rep4,2.8787,1623,20
rep4,2.8815,1624,20
rep4,2.8815,1625,20
rep4,2.8815,1626,20
rep4,2.8816,1627,20
rep4,2.882,1628,20
rep4,2.882,1629,20
rep4,2.8821,1630,20
rep4,2.8821,1631,20
rep4,2.8821,1632,20
rep4,2.8822,1633,20
rep4,2.8847,1634,20
rep4,2.8854,1635,20
rep4,2.8884,1636,20
rep4,2.8886,1637,20
rep4,2.8888,1638,20
rep4,2.8922,1639,20
rep4,2.8948,1640,20
rep4,2.8949,1641,20
rep4,2.895,1642,20
rep4,2.8951,1643,20
rep4,2.8951,1644,20
rep4,2.8954,1645,20
rep4,2.8954,1646,20
rep4,2.8955,1647,20
rep4,2.8982,1648,20
rep4,2.8984,1649,20
rep4,2.8984,1650,20
rep4,2.8985,1651,20
rep4,2.8986,1652,20
rep4,2.8987,1653,20
rep4,2.9017,1654,20
rep4,2.905,1655,20
rep4,2.9084,1656,20
rep4,2.9084,1657,20
rep4,2.9084,1658,20
rep4,2.9085,1659,20
rep4,2.9086,1660,20
rep4,2.9114,1661,20
rep4,2.9115,1662,20
rep4,2.9119,1663,20
rep4,2.915,1664,20
rep4,2.9151,1665,20
rep4,2.9182,1666,20
rep4,2.9183,1667,20
rep4,2.9184,1668,20
rep4,2.9185,1669,20
rep4,2.9185,1670,20
rep4,2.9187,1671,20
rep4,2.9188,1672,20
rep4,2.9215,1673,20
rep4,2.9216,1674,20
rep4,2.9216,1675,20
rep4,2.9219,1676,20
rep4,2.9251,1677,20
rep4,2.9251,1678,20
rep4,2.9282,1679,20
rep4,2.9283,1680,20
rep4,2.9284,1681,20
rep4,2.9285,1682,20
rep4,2.9287,1683,20
rep4,2.9316,1684,20
rep4,2.9318,1685,20
rep4,2.9318,1686,20
rep4,2.9319,1687,20
rep4,2.9347,1688,20
rep4,2.9353,1689,20
rep4,2.9353,1690,20
rep4,2.9382,1691,20
rep4,2.9384,1692,20
rep4,2.9417,1693,20
rep4,2.9417,1694,20
rep4,2.9419,1695,20
rep4,2.9419,1696,20
rep4,2.9419,1697,20
rep4,2.9449,1698,20
rep4,2.9451,1699,20
rep4,2.9451,1700,20
rep4,2.9452,1701,20
rep4,2.9481,1702,20
rep4,2.9482,1703,20
rep4,2.9484,1704,20
rep4,2.9484,1705,20
rep4,2.9484,1706,20
rep4,2.9485,1707,20
rep4,2.9486,1708,20
rep4,2.9514,1709,20
rep4,2.9516,1710,20
rep4,2.9517,1711,20
rep4,2.952,1712,20
rep4,2.9547,1713,20
rep4,2.9548,1714,20
rep4,2.9548,1715,20
rep4,2.9551,1716,20
rep4,2.9551,1717,20
rep4,2.9552,1718,20
rep4,2.958,1719,20
rep4,2.9581,1720,20
rep4,2.9582,1721,20
rep4,2.9583,1722,20
rep4,2.9584,1723,20
rep4,2.9586,1724,20
rep4,2.9616,1725,20
rep4,2.9618,1726,20
rep4,2.9619,1727,20
rep4,2.9648,1728,20
rep4,2.9682,1729,20
rep4,2.9682,1730,20
rep4,2.9683,1731,20
rep4,2.9715,1732,20
rep4,2.9749,1733,20
rep4,2.9784,1734,20
rep4,2.9784,1735,20
rep4,2.9785,1736,20
rep4,2.9786,1737,20
rep4,2.9787,1738,20
rep4,2.9787,1739,20
rep4,2.9818,1740,20
rep4,2.9818,1741,20
rep4,2.982,1742,20
rep4,2.982,1743,20
rep4,2.9847,1744,20
rep4,2.9848,1745,20
rep4,2.9848,1746,20
rep4,2.9849,1746,21
rep4,2.985,1747,21
rep4,2.9851,1748,21
rep4,2.9852,1749,21
rep4,2.9852,1750,21
rep4,2.9881,1751,21
rep4,2.9882,1752,21
rep4,2.9883,1753,21
rep4,2.9883,1754,21
rep4,2.9885,1755,21
rep4,2.9885,1756,21
rep4,2.9923,1757,21
rep4,2.995,1758,21
rep4,2.9951,1759,21
rep4,2.9951,1760,21
rep4,2.9952,1761,21
rep4,2.9982,1762,21
rep4,2.9983,1763,21
rep4,3.0049,1764,21
rep4,3.0082,1765,21
rep4,3.0083,1766,21
rep4,3.0083,1767,21
rep4,3.0084,1768,21
rep4,3.0087,1769,21
rep4,3.0117,1770,21
rep4,3.0149,1771,21
rep4,3.0149,1772,21
rep4,3.0149,1773,21
rep4,3.0152,1774,21
rep4,3.0183,1775,21
rep4,3.0184,1776,21
rep4,3.0185,1777,21
rep4,3.0215,1778,21
rep4,3.0248,1779,21
rep4,3.0256,1780,21
rep4,3.0285,1781,21
rep4,3.0286,1782,21
rep4,3.0317,1783,21
rep4,3.0319,1784,21
rep4,3.032,1785,21
rep4,3.0347,1786,21
rep4,3.0349,1787,21
rep4,3.035,1788,21
rep4,3.035,1789,21
rep4,3.0381,1790,21
rep4,3.0381,1791,21
rep4,3.0381,1792,21
rep4,3.0383,1793,21
rep4,3.0384,1794,21
rep4,3.0384,1795,21
rep4,3.0384,1796,21
rep4,3.0384,1797,21
rep4,3.0385,1798,21
rep4,3.0385,1799,21
rep4,3.0385,1800,21
rep4,3.0386,1801,21
rep4,3.0416,1802,21
rep4,3.042,1803,21
rep4,3.0451,1804,21
rep4,3.0483,1805,21
rep4,3.0484,1806,21
rep4,3.0487,1807,21
rep4,3.0514,1808,21
rep4,3.0517,1809,21
rep4,3.0517,1810,21
rep4,3.0518,1811,21
rep4,3.0518,1812,21
rep4,3.0519,1813,21
rep4,3.0551,1814,21
rep4,3.0581,1815,21
rep4,3.0616,1816,21
rep4,3.0647,1817,21
rep4,3.0648,1818,21
rep4,3.0749,1819,21
rep4,3.0749,1820,21
rep4,3.075,1821,21
rep4,3.0781,1822,21
rep4,3.0815,1823,21
rep4,3.0847,1824,21
rep4,3.0852,1825,21
rep4,3.0854,1826,21
rep4,3.0882,1827,21
rep4,3.0884,1828,21
rep4,3.0886,1829,21
rep4,3.0916,1830,21
rep4,3.0918,1831,21
rep4,3.0949,1832,21
rep4,3.0949,1833,21
rep4,3.0988,1834,21
rep4,3.0988,1835,21
rep4,3.099,1836,21
rep4,3.1019,1837,21
rep4,3.1049,1838,21
rep4,3.1083,1839,21
rep4,3.1087,1840,21
rep4,3.1115,1841,21
rep4,3.1117,1842,21
rep4,3.1117,1843,21
rep4,3.1117,1844,21
rep4,3.112,1845,21
rep4,3.1185,1846,21
rep4,3.1215,1847,21
rep4,3.1249,1848,21
rep4,3.1251,1849,21
rep4,3.1251,1850,21
rep4,3.1253,1851,21
rep4,3.1253,1852,21
rep4,3.1284,1853,21
rep4,3.1284,1854,21
rep4,3.1284,1855,21
rep4,3.1286,1856,21
rep4,3.1381,1857,21
rep4,3.1382,1858,21
rep4,3.1384,1859,21
rep4,3.1386,1860,21
rep4,3.1416,1861,21
rep4,3.1416,1862,21
rep4,3.1416,1863,21
rep4,3.1417,1864,21
rep4,3.1418,1865,21
rep4,3.1418,1866,21
rep4,3.1421,1867,21
rep4,3.1422,1868,21
rep4,3.1453,1869,21
rep4,3.148,1870,21
rep4,3.1483,1871,21
rep4,3.1484,1872,21
rep4,3.1516,1873,21
rep4,3.1517,1874,21
rep4,3.1522,1875,21
rep4,3.1548,1876,21
rep4,3.1549,1877,21
rep4,3.155,1878,21
rep4,3.1551,1879,21
rep4,3.1553,1880,21
rep4,3.1553,1881,21
rep4,3.1584,1882,21
rep4,3.1584,1883,21
rep4,3.1586,1884,21
rep4,3.1615,1885,21
rep4,3.1617,1886,21
rep4,3.162,1887,21
rep4,3.162,1888,21
rep4,3.1652,1889,21
rep4,3.1681,1890,21
rep4,3.1681,1891,21
rep4,3.1682,1892,21
rep4,3.1683,1893,21
rep4,3.1716,1894,21
rep4,3.172,1895,21
rep4,3.1748,1896,21
rep4,3.1749,1897,21
rep4,3.1749,1898,21
rep4,3.175,1899,21
rep4,3.1751,1900,21
rep4,3.1752,1901,21
rep4,3.1752,1902,21
rep4,3.1783,1903,21
rep4,3.1784,1904,21
rep4,3.1784,1905,21
rep4,3.1784,1906,21
rep4,3.1785,1907,21
rep4,3.1785,1908,21
rep4,3.1815,1909,21
rep4,3.1816,1910,21
rep4,3.1818,1911,21
rep4,3.1818,1912,21
rep4,3.185,1913,21
rep4,3.185,1914,21
rep4,3.1885,1915,21
rep4,3.1885,1916,21
rep4,3.1886,1917,21
rep4,3.1914,1918,21
rep4,3.1915,1919,21
rep4,3.1947,1920,21
rep4,3.1951,1921,21
rep4,3.1952,1922,21
rep4,3.1952,1923,21
rep4,3.1982,1924,21
rep4,3.1982,1925,21
rep4,3.2016,1926,21
rep4,3.2016,1927,21
rep4,3.2048,1928,21
rep4,3.2048,1929,21
rep4,3.2051,1930,21
rep4,3.2052,1931,21
rep4,3.2053,1932,21
rep4,3.2081,1933,21
rep4,3.2083,1934,21
rep4,3.2086,1935,21
rep4,3.2086,1936,21
rep4,3.2086,1937,21
rep4,3.2087,1938,21
rep4,3.2118,1939,21
rep4,3.2119,1940,21
rep4,3.2119,1941,21
rep4,3.2152,1942,21
rep4,3.2182,1943,21
rep4,3.2183,1944,21
rep4,3.2185,1945,21
rep4,3.2185,1946,21
rep4,3.2214,1947,21
rep4,3.2216,1948,21
rep4,3.2216,1949,21
rep4,3.2218,1950,21
rep4,3.2219,1951,21
rep4,3.222,1952,21
rep4,3.2249,1953,21
rep4,3.2249,1954,21
rep4,3.225,1955,21
rep4,3.228,1956,21
rep4,3.228,1957,21
rep4,3.2281,1958,21
rep4,3.2281,1959,21
rep4,3.2286,1960,21
rep4,3.2286,1961,21
rep4,3.2287,1962,21
rep4,3.2287,1963,21
rep4,3.2315,1964,21
rep4,3.2316,1965,21
rep4,3.2317,1966,21
rep4,3.235,1967,21
rep4,3.2351,1968,21
rep4,3.2381,1969,21
rep4,3.2382,1970,21
rep4,3.2382,1971,21
rep4,3.2419,1972,21
rep4,3.2448,1973,21
rep4,3.245,1974,21
rep4,3.2451,1975,21
rep4,3.2452,1976,21
rep4,3.2484,1977,21
rep4,3.2484,1978,21
rep4,3.2519,1979,21
rep4,3.255,1980,21
rep4,3.2552,1981,21
rep4,3.2582,1982,21
rep4,3.2585,1983,21
rep4,3.2614,1984,21
rep4,3.2618,1985,21
rep4,3.2648,1986,21
rep4,3.2653,1987,21
rep4,3.2683,1988,21
rep4,3.2684,1989,21
rep4,3.2684,1990,21
rep4,3.2684,1991,21
rep4,3.2686,1992,21
rep4,3.2686,1993,21
rep4,3.2717,1994,21
rep4,3.2717,1995,21
rep4,3.2718,1996,21
rep4,3.2722,1997,21
rep4,3.2747,1998,21
rep4,3.2751,1999,21
rep4,3.2752,2000,21
rep4,3.2781,2001,21
rep4,3.2785,2002,21
rep4,3.2814,2003,21
rep4,3.2814,2004,21
rep4,3.2818,2005,21
rep4,3.2819,2006,21
rep4,3.282,2007,21
rep4,3.282,2008,21
rep4,3.2847,2009,21
rep4,3.2849,2010,21
rep4,3.285,2011,21
rep4,3.2852,2012,21
rep4,3.2853,2013,21
rep4,3.2853,2014,21
rep4,3.2887,2015,21
rep4,3.2914,2016,21
rep4,3.2916,2017,21
rep4,3.2917,2018,21
rep4,3.2917,2019,21
rep4,3.2917,2020,21
rep4,3.2917,2021,21
rep4,3.2948,2022,21
rep4,3.2953,2023,21
rep4,3.2982,2024,21
rep4,3.2984,2025,21
rep4,3.2987,2026,21
rep4,3.3018,2027,21
rep4,3.302,2028,21
rep4,3.302,2029,21
rep4,3.302,2030,21
rep4,3.3021,2031,21
rep4,3.3022,2032,21
rep4,3.3049,2033,21
rep4,3.3085,2034,21
rep4,3.3086,2035,21
rep4,3.3086,2036,21
rep4,3.3086,2037,21
rep4,3.3087,2038,21
rep4,3.3087,2039,21
rep4,3.3087,2040,21
rep4,3.3114,2041,21
rep4,3.3115,2042,21
rep4,3.3115,2043,21
rep4,3.3117,2044,21
rep4,3.3117,2045,21
rep4,3.3118,2046,21
rep4,3.3118,2047,21
rep4,3.3119,2048,21
rep4,3.312,2049,21
rep4,3.315,2050,21
rep4,3.315,2051,21
rep4,3.315,2052,21
rep4,3.3151,2053,21
rep4,3.3153,2054,21
rep4,3.3181,2055,21
rep4,3.3184,2056,21
rep4,3.3184,2057,21
rep4,3.3186,2058,21
rep4,3.3218,2059,21
rep4,3.322,2060,21
rep4,3.3248,2061,21
rep4,3.3248,2062,21
rep4,3.3248,2063,21
rep4,3.3249,2064,21
rep4,3.3251,2065,21
rep4,3.3252,2066,21
rep4,3.3254,2067,21
rep4,3.3255,2068,21
rep4,3.3285,2069,21
rep4,3.3287,2070,21
rep4,3.3314,2071,21
rep4,3.3318,2072,21
rep4,3.332,2073,21
rep4,3.332,2074,21
rep4,3.332,2075,21
rep4,3.3353,2076,21
rep4,3.3414,2077,21
rep4,3.3418,2078,21
rep4,3.3418,2079,21
rep4,3.3419,2080,21
rep4,3.3419,2081,21
rep4,3.3453,2082,21
rep4,3.348,2083,21
rep4,3.3481,2084,21
rep4,3.3481,2085,21
rep4,3.3481,2086,21
rep4,3.3483,2087,21
rep4,3.3483,2088,21
rep4,3.3485,2089,21
rep4,3.3485,2090,21
rep4,3.3486,2091,21
rep4,3.3486,2092,21
rep4,3.3486,2093,21
rep4,3.3515,2094,21
rep4,3.3517,2095,21
rep4,3.3517,2096,21
rep4,3.3519,2096,22
rep4,3.355,2097,22
rep4,3.3551,2098,22
rep4,3.358,2099,22
rep4,3.3581,2100,22
rep4,3.3586,2101,22
rep4,3.3586,2102,22
rep4,3.3615,2103,22
rep4,3.3647,2104,22
rep4,3.3652,2105,22
rep4,3.3653,2106,22
rep4,3.3654,2107,22
rep4,3.3682,2108,22
rep4,3.3683,2109,22
rep4,3.3684,2110,22
rep4,3.3687,2111,22
rep4,3.3714,2112,22
rep4,3.3717,2113,22
rep4,3.3748,2114,22
rep4,3.3782,2115,22
rep4,3.3782,2116,22
rep4,3.3783,2117,22
rep4,3.3784,2118,22
rep4,3.3786,2119,22
rep4,3.3786,2120,22
rep4,3.3816,2121,22
rep4,3.3881,2122,22
rep4,3.3882,2123,22
rep4,3.3883,2124,22
rep4,3.3917,2125,22
rep4,3.3918,2126,22
rep4,3.395,2127,22
rep4,3.3982,2128,22
rep4,3.3986,2129,22
rep4,3.4015,2130,22
rep4,3.402,2131,22
rep4,3.4021,2132,22
rep4,3.4048,2133,22
rep4,3.4052,2134,22
rep4,3.4114,2135,22
rep4,3.4117,2136,22
rep4,3.4117,2137,22
rep4,3.4149,2138,22
rep4,3.4149,2139,22
rep4,3.4151,2140,22
rep4,3.4153,2141,22
rep4,3.4181,2142,22
rep4,3.4181,2143,22
rep4,3.4216,2144,22
rep4,3.4221,2145,22
rep4,3.4249,2146,22
rep4,3.4281,2147,22
rep4,3.4281,2148,22
rep4,3.4283,2149,22
rep4,3.4285,2150,22
rep4,3.4285,2151,22
rep4,3.4286,2152,22
rep4,3.4286,2153,22
rep4,3.4287,2154,22
rep4,3.4315,2155,22
rep4,3.4315,2156,22
rep4,3.4317,2157,22
rep4,3.4317,2158,22
rep4,3.4318,2159,22
rep4,3.4318,2160,22
rep4,3.432,2161,22
rep4,3.432,2162,22
rep4,3.432,2163,22
rep4,3.4349,2164,22
rep4,3.435,2165,22
rep4,3.4351,2166,22
rep4,3.4353,2167,22
rep4,3.4382,2168,22
rep4,3.4383,2169,22
rep4,3.4415,2170,22
rep4,3.4416,2171,22
rep4,3.4448,2172,22
rep4,3.4449,2173,22
rep4,3.4449,2174,22
rep4,3.4453,2175,22
rep4,3.4453,2176,22
rep4,3.4481,2177,22
rep4,3.4484,2178,22
rep5,0.0746,0,1
rep5,0.0748,0,2
rep5,0.3246,0,3
rep5,0.3545,0,4
rep5,0.4579,0,5
rep5,0.4948,0,6
rep5,0.5281,0,7
rep5,0.5614,0,8
rep5,0.6214,0,9
rep5,0.6415,0,10
rep5,0.6943,0,11
rep5,0.7245,0,12
rep5,0.7414,0,13
rep5,0.7578,0,14
rep5,0.9779,0,15
rep5,1.109,1,15
rep5,1.109,2,15
rep5,1.109,3,15
rep5,1.1112,4,15
rep5,1.1245,5,15
rep5,1.128,6,15
rep5,1.138,7,15
rep5,1.138,8,15
rep5,1.148,9,15
rep5,1.1982,10,15
rep5,1.2144,11,15
rep5,1.2243,12,15
rep5,1.2477,13,15
rep5,1.2511,14,15
rep5,1.2614,15,15
rep5,1.2678,16,15
rep5,1.2679,17,15
rep5,1.2711,18,15
rep5,1.2711,19,15
rep5,1.2714,20,15
rep5,1.2715,21,15
rep5,1.2747,22,15
rep5,1.2748,23,15
rep5,1.2779,24,15
rep5,1.2846,25,15
rep5,1.2878,26,15
rep5,1.2914,27,15
rep5,1.2948,28,15
rep5,1.2976,29,15
rep5,1.2978,30,15
rep5,1.2978,31,15
rep5,1.298,32,15
rep5,1.2982,33,15
rep5,1.3012,34,15
rep5,1.3048,35,15
rep5,1.3078,36,15
rep5,1.308,37,15
rep5,1.308,38,15
rep5,1.3082,39,15
rep5,1.3116,40,15
rep5,1.3181,41,15
rep5,1.3183,42,15
rep5,1.3345,43,15
rep5,1.335,44,15
rep5,1.3414,45,15
rep5,1.3478,46,15
rep5,1.3512,47,15
rep5,1.3515,48,15
rep5,1.3546,49,15
rep5,1.3547,50,15
rep5,1.3581,51,15
rep5,1.3584,52,15
rep5,1.3586,53,15
rep5,1.3676,54,15
rep5,1.3713,55,15
rep5,1.3715,56,15
rep5,1.3748,57,15
rep5,1.3748,58,15
rep5,1.378,59,15
rep5,1.3815,60,15
rep5,1.3843,61,15
rep5,1.3845,62,15
rep5,1.3882,63,15
rep5,1.3882,64,15
rep5,1.3944,65,15
rep5,1.3947,66,15
rep5,1.3977,67,15
rep5,1.3978,68,15
rep5,1.4012,69,15
rep5,1.4013,70,15
rep5,1.4013,71,15
rep5,1.4046,72,15
rep5,1.4082,73,15
rep5,1.4212,74,15
rep5,1.4212,75,15
rep5,1.4315,76,15
rep5,1.4315,77,15
rep5,1.4344,78,15
rep5,1.4346,79,15
rep5,1.4378,80,15
rep5,1.438,81,15
rep5,1.4413,82,15
rep5,1.4446,83,15
rep5,1.4481,84,15
rep5,1.455,85,15
rep5,1.4614,86,15
rep5,1.4616,87,15
rep5,1.4648,88,15
rep5,1.4651,89,15
rep5,1.4745,90,15
rep5,1.478,91,15
rep5,1.481,92,15
rep5,1.4846,93,15
rep5,1.4848,94,15
rep5,1.4878,95,15
rep5,1.4879,96,15
rep5,1.4882,97,15
rep5,1.4911,98,15
rep5,1.4915,99,15
rep5,1.4976,100,15
rep5,1.4981,101,15
rep5,1.5012,102,15
rep5,1.5044,103,15
rep5,1.5048,104,15
rep5,1.5048,105,15
rep5,1.5078,106,15
rep5,1.5079,107,15
rep5,1.508,108,15
rep5,1.5081,109,15
rep5,1.5081,110,15
rep5,1.5082,111,15
rep5,1.5082,112,15
rep5,1.5111,113,15
rep5,1.5112,114,15
rep5,1.5113,115,15
rep5,1.5114,116,15
rep5,1.5114,117,15
rep5,1.5114,118,15
rep5,1.5115,119,15
rep5,1.5143,120,15
rep5,1.5143,121,15
rep5,1.5144,122,15
rep5,1.5147,123,15
rep5,1.5148,124,15
rep5,1.5148,125,15
rep5,1.5178,126,15
rep5,1.5179,127,15
rep5,1.521,128,15
rep5,1.5212,129,15
rep5,1.5215,130,15
rep5,1.5244,131,15
rep5,1.5244,132,15
rep5,1.5245,133,15
rep5,1.5245,134,15
rep5,1.5247,135,15
rep5,1.5247,136,15
rep5,1.5247,137,15
rep5,1.5249,138,15
rep5,1.528,139,15
rep5,1.5282,140,15
rep5,1.531,141,15
rep5,1.5311,142,15
rep5,1.5314,143,15
rep5,1.5314,144,15
rep5,1.5314,145,15
rep5,1.5345,146,15
rep5,1.5346,147,15
rep5,1.5377,148,15
rep5,1.5377,149,15
rep5,1.5377,150,15
rep5,1.5379,151,15
rep5,1.538,152,15
rep5,1.538,153,15
rep5,1.5381,154,15
rep5,1.5383,155,15
rep5,1.5412,156,15
rep5,1.5443,157,15
rep5,1.5476,158,15
rep5,1.5482,159,15
rep5,1.5512,160,15
rep5,1.5512,161,15
rep5,1.5515,162,15
rep5,1.5544,163,15
rep5,1.5544,164,15
rep5,1.5545,165,15
rep5,1.5546,166,15
rep5,1.5546,167,15
rep5,1.5547,168,15
rep5,1.5576,169,15
rep5,1.5578,170,15
rep5,1.5578,171,15
rep5,1.561,172,15
rep5,1.561,173,15
rep5,1.5611,174,15
rep5,1.5611,175,15
rep5,1.5612,176,15
rep5,1.5613,177,15
rep5,1.5614,178,15
rep5,1.5687,179,15
rep5,1.5689,180,15
rep5,1.5713,181,15
rep5,1.5745,182,15
rep5,1.5746,183,15
rep5,1.5813,184,15
rep5,1.5815,185,15
rep5,1.5843,186,15
rep5,1.5844,187,15
rep5,1.5845,188,15
rep5,1.5846,189,15
rep5,1.5846,190,15
rep5,1.5848,191,15
rep5,1.5849,192,15
rep5,1.588,193,15
rep5,1.5881,194,15
rep5,1.5912,195,15
rep5,1.5912,196,15
rep5,1.5913,197,15
rep5,1.5946,198,15
rep5,1.5947,199,15
rep5,1.5948,200,15
rep5,1.5977,201,15
rep5,1.5977,202,15
rep5,1.5978,203,15
rep5,1.5981,204,15
rep5,1.5982,205,15
rep5,1.601,206,15
rep5,1.6012,207,15
rep5,1.6014,208,15
rep5,1.6014,209,15
rep5,1.6048,210,15
rep5,1.6076,211,15
rep5,1.6078,212,15
rep5,1.6078,213,15
rep5,1.6079,214,15
rep5,1.608,215,15
rep5,1.6081,216,15
rep5,1.6082,217,15
rep5,1.6115,218,15
rep5,1.6143,219,15
rep5,1.6143,220,15
rep5,1.6144,221,15
rep5,1.6147,222,15
rep5,1.6148,223,15
rep5,1.6178,224,15
rep5,1.621,225,15
rep5,1.6213,226,15
rep5,1.6246,227,15
rep5,1.6249,228,15
rep5,1.6276,229,15
rep5,1.6278,230,15
rep5,1.628,231,15
rep5,1.631,232,15
rep5,1.631,233,15
rep5,1.6347,234,15
rep5,1.6376,235,15
rep5,1.6378,236,15
rep5,1.6379,237,15
rep5,1.6381,238,15
rep5,1.6381,239,15
rep5,1.6381,240,15
rep5,1.6382,241,15
rep5,1.6412,242,15
rep5,1.6413,243,15
rep5,1.6414,244,15
rep5,1.6444,245,15
rep5,1.6448,246,15
rep5,1.6448,247,15
rep5,1.6481,248,15
rep5,1.6577,249,15
rep5,1.6582,250,15
rep5,1.6611,251,15
rep5,1.6613,252,15
rep5,1.6613,253,15
rep5,1.6615,254,15
rep5,1.6645,255,15
rep5,1.6646,256,15
rep5,1.6678,257,15
rep5,1.6716,258,15
rep5,1.6717,259,15
rep5,1.6717,260,15
rep5,1.6721,261,15
rep5,1.6743,262,15
rep5,1.6743,263,15
rep5,1.6743,264,15
rep5,1.6744,265,15
rep5,1.6779,266,15
rep5,1.6812,267,15
rep5,1.6815,268,15
rep5,1.6816,269,15
rep5,1.6844,270,15
rep5,1.6844,271,15
rep5,1.6845,272,15
rep5,1.6847,273,15
rep5,1.6848,274,15
rep5,1.6877,275,15
rep5,1.6881,276,15
rep5,1.6882,277,15
rep5,1.691,278,15
rep5,1.6912,279,15
rep5,1.6913,280,15
rep5,1.6913,280,16
rep5,1.6947,281,16
rep5,1.6948,282,16
rep5,1.6948,283,16
rep5,1.698,284,16
rep5,1.6982,285,16
rep5,1.7012,286,16
rep5,1.7015,287,16
rep5,1.7046,288,16
rep5,1.708,289,16
rep5,1.7081,290,16
rep5,1.7112,291,16
rep5,1.7113,292,16
rep5,1.7144,293,16
rep5,1.7145,294,16
rep5,1.7145,295,16
rep5,1.7147,296,16
rep5,1.7178,297,16
rep5,1.718,298,16
rep5,1.7248,299,16
rep5,1.7311,300,16
rep5,1.7313,301,16
rep5,1.7313,302,16
rep5,1.7314,303,16
rep5,1.7314,304,16
rep5,1.7314,305,16
rep5,1.7347,306,16
rep5,1.7379,307,16
rep5,1.7415,308,16
rep5,1.7443,309,16
rep5,1.7477,310,16
rep5,1.7516,311,16
rep5,1.7577,312,16
rep5,1.7577,313,16
rep5,1.7577,314,16
rep5,1.7578,315,16
rep5,1.758,316,16
rep5,1.761,317,16
rep5,1.7615,318,16
rep5,1.7646,319,16
rep5,1.7648,320,16
rep5,1.7681,321,16
rep5,1.7682,322,16
rep5,1.7744,323,16
rep5,1.7744,324,16
rep5,1.7778,325,16
rep5,1.7779,326,16
rep5,1.7783,327,16
rep5,1.7846,328,16
rep5,1.7863,329,16
rep5,1.7881,330,16
rep5,1.7917,331,16
rep5,1.798,332,16
rep5,1.8012,333,16
rep5,1.8012,334,16
rep5,1.8013,335,16
rep5,1.8013,336,16
rep5,1.8015,337,16
rep5,1.8046,338,16
rep5,1.8046,339,16
rep5,1.8047,340,16
rep5,1.8083,341,16
rep5,1.811,342,16
rep5,1.8147,343,16
rep5,1.8148,344,16
rep5,1.8177,345,16
rep5,1.8177,346,16
rep5,1.8181,347,16
rep5,1.8243,348,16
rep5,1.8247,349,16
rep5,1.8279,350,16
rep5,1.8379,351,16
rep5,1.8381,352,16
rep5,1.8383,353,16
rep5,1.8411,354,16
rep5,1.8444,355,16
rep5,1.8445,356,16
rep5,1.8445,357,16
rep5,1.8447,358,16
rep5,1.8447,359,16
rep5,1.8478,360,16
rep5,1.8481,361,16
rep5,1.8482,362,16
rep5,1.8483,363,16
rep5,1.8483,364,16
rep5,1.851,364,17
rep5,1.8513,365,17
rep5,1.8514,366,17
rep5,1.8544,367,17
rep5,1.8548,368,17
rep5,1.8549,369,17
rep5,1.8612,370,17
rep5,1.8615,371,17
rep5,1.8677,372,17
rep5,1.8677,373,17
rep5,1.868,374,17
rep5,1.8681,375,17
rep5,1.8681,376,17
rep5,1.8682,377,17
rep5,1.8714,378,17
rep5,1.8715,379,17
rep5,1.8745,380,17
rep5,1.8746,381,17
rep5,1.8777,382,17
rep5,1.8811,383,17
rep5,1.8813,384,17
rep5,1.8816,385,17
rep5,1.8817,386,17
rep5,1.891,387,17
rep5,1.8911,388,17
rep5,1.8912,389,17
rep5,1.8912,390,17
rep5,1.8948,391,17
rep5,1.8948,392,17
rep5,1.8978,393,17
rep5,1.9013,394,17
rep5,1.902,395,17
rep5,1.9045,396,17
rep5,1.9047,397,17
rep5,1.9082,398,17
rep5,1.9113,399,17
rep5,1.9146,400,17
rep5,1.9181,401,17
rep5,1.921,402,17
rep5,1.9212,403,17
rep5,1.9212,404,17
rep5,1.9213,405,17
rep5,1.9214,406,17
rep5,1.9215,407,17
rep5,1.9276,408,17
rep5,1.9278,409,17
rep5,1.9278,410,17
rep5,1.9279,411,17
rep5,1.9279,412,17
rep5,1.9282,413,17
rep5,1.9282,414,17
rep5,1.9313,415,17
rep5,1.9316,416,17
rep5,1.9345,417,17
rep5,1.9346,418,17
rep5,1.9347,419,17
rep5,1.9349,420,17
rep5,1.935,421,17
rep5,1.9377,422,17
rep5,1.9378,423,17
rep5,1.9378,424,17
rep5,1.9378,425,17
rep5,1.9378,426,17
rep5,1.9379,427,17
rep5,1.938,428,17
rep5,1.938,429,17
rep5,1.938,430,17
rep5,1.9382,431,17
rep5,1.9413,432,17
rep5,1.9415,433,17
rep5,1.9416,434,17
rep5,1.9444,435,17
rep5,1.9445,436,17
rep5,1.9446,437,17
rep5,1.9446,438,17
rep5,1.9448,439,17
rep5,1.9477,440,17
rep5,1.9478,441,17
rep5,1.9478,442,17
rep5,1.9478,443,17
rep5,1.9481,444,17
rep5,1.9481,445,17
rep5,1.9481,446,17
rep5,1.951,447,17
rep5,1.951,448,17
rep5,1.9512,449,17
rep5,1.9513,450,17
rep5,1.9515,451,17
rep5,1.9545,452,17
rep5,1.9545,453,17
rep5,1.9546,454,17
rep5,1.9546,455,17
rep5,1.9547,456,17
rep5,1.9547,457,17
rep5,1.9548,458,17
rep5,1.9578,459,17
rep5,1.9578,460,17
rep5,1.9578,461,17
rep5,1.9579,462,17
rep5,1.9579,463,17
rep5,1.961,464,17
rep5,1.9611,465,17
rep5,1.9613,466,17
rep5,1.9614,467,17
rep5,1.9614,468,17
rep5,1.9618,469,17
rep5,1.9643,470,17
rep5,1.9646,471,17
rep5,1.9647,472,17
rep5,1.965,473,17
rep5,1.9678,474,17
rep5,1.9679,475,17
rep5,1.9681,476,17
rep5,1.9682,477,17
rep5,1.9713,478,17
rep5,1.9714,479,17
rep5,1.9715,480,17
rep5,1.9716,481,17
rep5,1.9716,482,17
rep5,1.9743,483,17
rep5,1.9744,484,17
rep5,1.9748,485,17
rep5,1.9749,486,17
rep5,1.9749,487,17
rep5,1.9781,488,17
rep5,1.981,489,17
rep5,1.981,490,17
rep5,1.9814,491,17
rep5,1.9815,492,17
rep5,1.9816,493,17
rep5,1.9843,494,17
rep5,1.9847,495,17
rep5,1.9848,496,17
rep5,1.9848,497,17
rep5,1.9848,498,17
rep5,1.9848,499,17
rep5,1.9877,500,17
rep5,1.988,501,17
rep5,1.9881,502,17
rep5,1.9914,503,17
rep5,1.9914,504,17
rep5,1.9944,505,17
rep5,1.9945,506,17
rep5,1.9945,507,17
rep5,1.9945,508,17
rep5,1.9946,509,17
rep5,1.9947,510,17
rep5,1.9948,511,17
rep5,1.9976,512,17
rep5,1.9978,513,17
rep5,1.9978,514,17
rep5,1.9979,515,17
rep5,1.9982,516,17
rep5,2.001,517,17
rep5,2.0012,518,17
rep5,2.0014,519,17
rep5,2.0015,520,17
rep5,2.0016,521,17
rep5,2.0016,522,17
rep5,2.0016,523,17
rep5,2.0017,524,17
rep5,2.0045,525,17
rep5,2.0047,526,17
rep5,2.0048,527,17
rep5,2.0049,528,17
rep5,2.0049,529,17
rep5,2.005,530,17
rep5,2.005,531,17
rep5,2.0079,532,17
rep5,2.008,533,17
rep5,2.008,534,17
rep5,2.0081,535,17
rep5,2.0082,536,17
rep5,2.0082,537,17
rep5,2.011,538,17
rep5,2.011,539,17
rep5,2.0111,540,17
rep5,2.0111,541,17
rep5,2.0112,542,17
rep5,2.0113,543,17
rep5,2.0113,544,17
rep5,2.0114,545,17
rep5,2.0114,546,17
rep5,2.0114,547,17
rep5,2.0114,548,17
rep5,2.0115,549,17
rep5,2.0145,550,17
rep5,2.0147,551,17
rep5,2.0148,552,17
rep5,2.0148,553,17
rep5,2.018,554,17
rep5,2.0243,555,17
rep5,2.0244,556,17
rep5,2.0249,557,17
rep5,2.025,558,17
rep5,2.025,559,17
rep5,2.0251,560,17
rep5,2.0277,561,17
rep5,2.0277,562,17
rep5,2.0279,563,17
rep5,2.0279,564,17
rep5,2.0279,565,17
rep5,2.028,566,17
rep5,2.028,567,17
rep5,2.0282,568,17
rep5,2.0283,569,17
rep5,2.0283,570,17
rep5,2.031,571,17
rep5,2.031,572,17
rep5,2.031,573,17
rep5,2.0311,574,17
rep5,2.0312,575,17
rep5,2.0313,576,17
rep5,2.0314,577,17
rep5,2.0314,578,17
rep5,2.0315,579,17
rep5,2.0315,580,17
rep5,2.0316,581,17
rep5,2.0343,582,17
rep5,2.0345,583,17
rep5,2.0346,584,17
rep5,2.0346,585,17
rep5,2.0347,586,17
rep5,2.0348,587,17
rep5,2.035,588,17
rep5,2.035,589,17
rep5,2.0378,590,17
rep5,2.0381,591,17
rep5,2.041,592,17
rep5,2.0412,593,17
rep5,2.0412,594,17
rep5,2.0413,595,17
rep5,2.0413,596,17
rep5,2.0414,597,17
rep5,2.0445,598,17
rep5,2.0445,599,17
rep5,2.0446,600,17
rep5,2.0476,601,17
rep5,2.0476,602,17
rep5,2.0479,603,17
rep5,2.0482,604,17
rep5,2.0483,605,17
rep5,2.0513,606,17
rep5,2.0513,607,17
rep5,2.0544,608,17
rep5,2.0546,609,17
rep5,2.0546,610,17
rep5,2.0547,611,17
rep5,2.0548,612,17
rep5,2.0579,613,17
rep5,2.058,614,17
rep5,2.0581,615,17
rep5,2.0613,616,17
rep5,2.0617,617,17
rep5,2.0646,618,17
rep5,2.0648,619,17
rep5,2.0677,620,17
rep5,2.0677,621,17
rep5,2.068,622,17
rep5,2.0681,623,17
rep5,2.0711,624,17
rep5,2.0715,625,17
rep5,2.0716,626,17
rep5,2.0745,627,17
rep5,2.0745,628,17
rep5,2.0745,629,17
rep5,2.0746,630,17
rep5,2.0776,631,17
rep5,2.0778,632,17
rep5,2.078,633,17
rep5,2.0781,634,17
rep5,2.081,635,17
rep5,2.081,636,17
rep5,2.0812,637,17
rep5,2.0812,638,17
rep5,2.0814,639,17
rep5,2.0843,640,17
rep5,2.0848,641,17
rep5,2.0878,642,17
rep5,2.0878,643,17
rep5,2.0879,644,17
rep5,2.088,645,17
rep5,2.0881,646,17
rep5,2.0881,647,17
rep5,2.0912,648,17
rep5,2.0943,649,17
rep5,2.0944,650,17
rep5,2.0944,651,17
rep5,2.0945,652,17
rep5,2.0946,653,17
rep5,2.0946,654,17
rep5,2.0946,655,17
rep5,2.0947,656,17
rep5,2.0948,657,17
rep5,2.0948,658,17
rep5,2.0948,659,17
rep5,2.0948,660,17
rep5,2.0948,661,17
rep5,2.0949,662,17
rep5,2.0949,663,17
rep5,2.0951,664,17
rep5,2.0979,665,17
rep5,2.098,666,17
rep5,2.0982,667,17
rep5,2.0984,668,17
rep5,2.101,669,17
rep5,2.1012,670,17
rep5,2.1013,671,17
rep5,2.1014,672,17
rep5,2.1015,673,17
rep5,2.1016,674,17
rep5,2.1045,675,17
rep5,2.1045,676,17
rep5,2.1046,677,17
rep5,2.1047,678,17
rep5,2.1048,679,17
rep5,2.1049,680,17
rep5,2.105,681,17
rep5,2.1076,682,17
rep5,2.1077,683,17
rep5,2.1079,684,17
rep5,2.1081,685,17
rep5,2.1081,686,17
rep5,2.1081,687,17
rep5,2.1081,688,17
rep5,2.1111,689,17
rep5,2.1112,690,17
rep5,2.1113,691,17
rep5,2.1115,692,17
rep5,2.1145,693,17
rep5,2.1146,694,17
rep5,2.1177,695,17
rep5,2.1177,696,17
rep5,2.1211,697,17
rep5,2.1216,698,17
rep5,2.1243,699,17
rep5,2.1245,700,17
rep5,2.1258,701,17
rep5,2.128,702,17
rep5,2.1281,703,17
rep5,2.1283,704,17
rep5,2.131,705,17
rep5,2.131,706,17
rep5,2.1311,707,17
rep5,2.1312,708,17
rep5,2.1312,709,17
rep5,2.1312,710,17
rep5,2.1313,711,17
rep5,2.1313,712,17
rep5,2.1314,713,17
rep5,2.1345,714,17
rep5,2.1378,715,17
rep5,2.138,716,17
rep5,2.1412,717,17
rep5,2.1414,718,17
rep5,2.1415,719,17
rep5,2.1416,720,17
rep5,2.1416,721,17
rep5,2.1444,722,17
rep5,2.1446,723,17
rep5,2.1446,724,17
rep5,2.1446,725,17
rep5,2.1447,726,17
rep5,2.1448,727,17
rep5,2.1449,728,17
rep5,2.1449,729,17
rep5,2.1449,730,17
rep5,2.1449,731,17
rep5,2.1449,732,17
rep5,2.1477,733,17
rep5,2.1478,734,17
rep5,2.1478,735,17
rep5,2.1478,736,17
rep5,2.1479,737,17
rep5,2.148,738,17
rep5,2.148,739,17
rep5,2.1481,740,17
rep5,2.1482,741,17
rep5,2.1515,742,17
rep5,2.1544,743,17
rep5,2.1545,744,17
rep5,2.1547,745,17
rep5,2.1577,746,17
rep5,2.1578,747,17
rep5,2.1579,748,17
rep5,2.1582,749,17
rep5,2.1582,750,17
rep5,2.1583,751,17
rep5,2.161,752,17
rep5,2.1612,753,17
rep5,2.1614,754,17
rep5,2.1615,755,17
rep5,2.1643,756,17
rep5,2.1645,757,17
rep5,2.1645,758,17
rep5,2.1645,759,17
rep5,2.1646,760,17
rep5,2.1646,761,17
rep5,2.1676,762,17
rep5,2.168,763,17
rep5,2.1682,764,17
rep5,2.1743,765,17
rep5,2.1746,766,17
rep5,2.1776,767,17
rep5,2.1777,768,17
rep5,2.1783,769,17
rep5,2.1811,770,17
rep5,2.1813,771,17
rep5,2.1844,772,17
rep5,2.1846,773,17
rep5,2.1848,774,17
rep5,2.1849,775,17
rep5,2.1851,776,17
rep5,2.1877,777,17
rep5,2.1882,778,17
rep5,2.1911,779,17
rep5,2.1912,780,17
rep5,2.1943,781,17
rep5,2.1944,782,17
rep5,2.1946,783,17
rep5,2.1979,784,17
rep5,2.1979,785,17
rep5,2.1979,786,17
rep5,2.198,787,17
rep5,2.2015,788,17
rep5,2.2016,789,17
rep5,2.2043,790,17
rep5,2.2046,791,17
rep5,2.2048,792,17
rep5,2.2076,793,17
rep5,2.2079,794,17
rep5,2.208,795,17
rep5,2.211,796,17
rep5,2.2111,797,17
rep5,2.2145,798,17
rep5,2.2149,799,17
rep5,2.2149,800,17
rep5,2.218,801,17
rep5,2.2181,802,17
rep5,2.2211,803,17
rep5,2.2211,804,17
rep5,2.2212,805,17
rep5,2.2213,806,17
rep5,2.2214,807,17
rep5,2.2244,808,17
rep5,2.2249,809,17
rep5,2.2277,810,17
rep5,2.231,811,17
rep5,2.2311,812,17
rep5,2.2312,813,17
rep5,2.2313,814,17
rep5,2.2315,815,17
rep5,2.2344,816,17
rep5,2.2345,817,17
rep5,2.2345,818,17
rep5,2.2345,819,17
rep5,2.2348,820,17
rep5,2.235,821,17
rep5,2.2379,822,17
rep5,2.2388,823,17
rep5,2.2412,824,17
rep5,2.2444,825,17
rep5,2.2446,826,17
rep5,2.2477,827,17
rep5,2.2478,828,17
rep5,2.251,829,17
rep5,2.251,830,17
rep5,2.2512,831,17
rep5,2.2512,832,17
rep5,2.2513,833,17
rep5,2.2514,834,17
rep5,2.2515,835,17
rep5,2.2544,836,17
rep5,2.2548,837,17
rep5,2.2549,838,17
rep5,2.2577,839,17
rep5,2.2579,840,17
rep5,2.261,841,17
rep5,2.2612,842,17
rep5,2.2615,843,17
rep5,2.2615,844,17
rep5,2.2645,845,17
rep5,2.2647,846,17
rep5,2.268,847,17
rep5,2.268,848,17
rep5,2.268,849,17
rep5,2.2712,850,17
rep5,2.2714,851,17
rep5,2.2715,852,17
rep5,2.2743,853,17
rep5,2.2746,854,17
rep5,2.2747,855,17
rep5,2.2747,856,17
rep5,2.2748,857,17
rep5,2.2778,858,17
rep5,2.2783,859,17
rep5,2.281,860,17
rep5,2.2811,861,17
rep5,2.2811,862,17
rep5,2.2813,863,17
rep5,2.2814,864,17
rep5,2.2815,865,17
rep5,2.2815,866,17
rep5,2.2847,867,17
rep5,2.288,868,17
rep5,2.288,869,17
rep5,2.2913,870,17
rep5,2.2914,871,17
rep5,2.2914,872,17
rep5,2.2915,873,17
rep5,2.2948,874,17
rep5,2.2948,875,17
rep5,2.2977,876,17
rep5,2.298,877,17
rep5,2.2981,878,17
rep5,2.2982,879,17
rep5,2.301,880,17
rep5,2.3011,881,17
rep5,2.3013,882,17
rep5,2.3043,883,17
rep5,2.308,884,17
rep5,2.3114,885,17
rep5,2.3115,886,17
rep5,2.3115,887,17
rep5,2.3148,888,17
rep5,2.3177,889,17
rep5,2.3211,890,17
rep5,2.3214,891,17
rep5,2.3243,892,17
rep5,2.3278,893,17
rep5,2.3312,894,17
rep5,2.3314,895,17
rep5,2.3345,896,17
rep5,2.3377,897,17
rep5,2.3381,898,17
rep5,2.3478,899,17
rep5,2.351,900,17
rep5,2.3511,901,17
rep5,2.3514,902,17
rep5,2.3514,903,17
rep5,2.3514,904,17
rep5,2.3515,905,17
rep5,2.3543,906,17
rep5,2.3544,907,17
rep5,2.3547,908,17
rep5,2.3592,909,17
rep5,2.3645,910,17
rep5,2.3678,911,17
rep5,2.3714,912,17
rep5,2.3714,913,17
rep5,2.3746,914,17
rep5,2.3777,915,17
rep5,2.3781,916,17
rep5,2.3781,917,17
rep5,2.3812,918,17
rep5,2.3813,919,17
rep5,2.3815,920,17
rep5,2.3843,921,17
rep5,2.3845,922,17
rep5,2.3848,923,17
rep5,2.3848,924,17
rep5,2.3848,925,17
rep5,2.3848,926,17
rep5,2.388,927,17
rep5,2.3882,928,17
rep5,2.3914,929,17
rep5,2.3914,930,17
rep5,2.3943,931,17
rep5,2.3946,932,17
rep5,2.3946,933,17
rep5,2.3979,934,17
rep5,2.3981,935,17
rep5,2.4013,936,17
rep5,2.4016,937,17
rep5,2.4045,938,17
rep5,2.4046,939,17
rep5,2.4046,940,17
rep5,2.4046,941,17
rep5,2.4047,942,17
rep5,2.4048,943,17
rep5,2.4049,944,17
rep5,2.4076,945,17
rep5,2.4076,946,17
rep5,2.408,947,17
rep5,2.408,948,17
rep5,2.4082,949,17
rep5,2.411,950,17
rep5,2.4113,951,17
rep5,2.4115,952,17
rep5,2.4143,953,17
rep5,2.4145,954,17
rep5,2.4146,955,17
rep5,2.4149,956,17
rep5,2.4149,957,17
rep5,2.4177,958,17
rep5,2.418,959,17
rep5,2.4182,960,17
rep5,2.4183,961,17
rep5,2.4212,962,17
rep5,2.4213,963,17
rep5,2.4215,964,17
rep5,2.4247,965,17
rep5,2.4247,966,17
rep5,2.4247,967,17
rep5,2.4277,968,17
rep5,2.4279,969,17
rep5,2.4279,970,17
rep5,2.4279,971,17
rep5,2.428,972,17
rep5,2.4281,973,17
rep5,2.4311,974,17
rep5,2.4313,975,17
rep5,2.4343,976,17
rep5,2.4345,977,17
rep5,2.4346,978,17
rep5,2.4348,979,17
rep5,2.4379,980,17
rep5,2.4379,981,17
rep5,2.4379,982,17
rep5,2.4379,983,17
rep5,2.4381,984,17
rep5,2.4381,985,17
rep5,2.4381,986,17
rep5,2.4382,987,17
rep5,2.441,988,17
rep5,2.441,989,17
rep5,2.4411,990,17
rep5,2.4411,991,17
rep5,2.4444,992,17
rep5,2.4445,993,17
rep5,2.4446,994,17
rep5,2.4447,995,17
rep5,2.4448,996,17
rep5,2.4449,997,17
rep5,2.4476,998,17
rep5,2.4477,999,17
rep5,2.4478,1000,17
rep5,2.448,1001,17
rep5,2.4482,1002,17
rep5,2.4512,1003,17
rep5,2.4514,1004,17
rep5,2.4514,1005,17
rep5,2.4515,1006,17
rep5,2.4545,1007,17
rep5,2.4546,1008,17
rep5,2.458,1009,17
rep5,2.458,1010,17
rep5,2.4611,1011,17
rep5,2.4612,1012,17
rep5,2.4612,1013,17
rep5,2.4614,1014,17
rep5,2.4643,1015,17
rep5,2.4643,1016,17
rep5,2.4645,1017,17
rep5,2.4649,1018,17
rep5,2.4677,1019,17
rep5,2.4678,1020,17
rep5,2.4679,1021,17
rep5,2.468,1022,17
rep5,2.4711,1023,17
rep5,2.4712,1024,17
rep5,2.4713,1025,17
rep5,2.4715,1026,17
rep5,2.4747,1027,17
rep5,2.4749,1028,17
rep5,2.4778,1029,17
rep5,2.4778,1030,17
rep5,2.4778,1031,17
rep5,2.4779,1032,17
rep5,2.4782,1033,17
rep5,2.4784,1034,17
rep5,2.4812,1035,17
rep5,2.4812,1036,17
rep5,2.4846,1037,17
rep5,2.4848,1038,17
rep5,2.485,1039,17
rep5,2.4876,1040,17
rep5,2.4877,1041,17
rep5,2.4878,1042,17
rep5,2.4878,1043,17
rep5,2.4878,1044,17
rep5,2.4878,1045,17
rep5,2.4879,1046,17
rep5,2.4879,1047,17
rep5,2.4881,1048,17
rep5,2.4881,1049,17
rep5,2.4881,1050,17
rep5,2.4881,1051,17
rep5,2.491,1052,17
rep5,2.4913,1053,17
rep5,2.4913,1054,17
rep5,2.4914,1055,17
rep5,2.4945,1056,17
rep5,2.4946,1057,17
rep5,2.4947,1058,17
rep5,2.4949,1059,17
rep5,2.495,1060,17
rep5,2.4978,1061,17
rep5,2.4979,1062,17
rep5,2.501,1063,17
rep5,2.5012,1064,17
rep5,2.5013,1065,17
rep5,2.5043,1066,17
rep5,2.5048,1067,17
rep5,2.5076,1068,17
rep5,2.5077,1069,17
rep5,2.508,1070,17
rep5,2.511,1071,17
rep5,2.5112,1072,17
rep5,2.5112,1073,17
rep5,2.5115,1074,17
rep5,2.5143,1075,17
rep5,2.5146,1076,17
rep5,2.5147,1077,17
rep5,2.5147,1078,17
rep5,2.5148,1079,17
rep5,2.5148,1080,17
rep5,2.5149,1081,17
rep5,2.5178,1082,17
rep5,2.5178,1083,17
rep5,2.518,1084,17
rep5,2.518,1085,17
rep5,2.5181,1086,17
rep5,2.5182,1087,17
rep5,2.5182,1088,17
rep5,2.5183,1089,17
rep5,2.5184,1090,17
rep5,2.5184,1091,17
rep5,2.5212,1092,17
rep5,2.5214,1093,17
rep5,2.5243,1094,17
rep5,2.5244,1095,17
rep5,2.5245,1096,17
rep5,2.5248,1097,17
rep5,2.5248,1098,17
rep5,2.5248,1099,17
rep5,2.5249,1100,17
rep5,2.5276,1101,17
rep5,2.5277,1102,17
rep5,2.528,1103,17
rep5,2.528,1104,17
rep5,2.5282,1105,17
rep5,2.531,1106,17
rep5,2.5345,1107,17
rep5,2.5347,1108,17
rep5,2.5348,1109,17
rep5,2.5349,1110,17
rep5,2.5378,1111,17
rep5,2.5379,1112,17
rep5,2.538,1113,17
rep5,2.5381,1114,17
rep5,2.541,1115,17
rep5,2.5413,1116,17
rep5,2.5444,1117,17
rep5,2.5478,1118,17
rep5,2.5478,1119,17
rep5,2.548,1120,17
rep5,2.5481,1121,17
rep5,2.5482,1122,17
rep5,2.551,1123,17
rep5,2.5512,1124,17
rep5,2.5514,1125,17
rep5,2.5545,1126,17
rep5,2.5547,1127,17
rep5,2.5548,1128,17
rep5,2.5548,1129,17
rep5,2.5576,1130,17
rep5,2.5577,1131,17
rep5,2.5579,1132,17
rep5,2.5579,1133,17
rep5,2.5611,1134,17
rep5,2.5612,1135,17
rep5,2.5613,1136,17
rep5,2.5644,1137,17
rep5,2.5649,1138,17
rep5,2.5649,1139,17
rep5,2.565,1140,17
rep5,2.5679,1141,17
rep5,2.5679,1142,17
rep5,2.5711,1143,17
rep5,2.5712,1144,17
rep5,2.5712,1145,17
rep5,2.5712,1146,17
rep5,2.5743,1147,17
rep5,2.5781,1148,17
rep5,2.5782,1149,17
rep5,2.5782,1150,17
rep5,2.581,1151,17
rep5,2.5811,1152,17
rep5,2.5813,1153,17
rep5,2.5813,1154,17
rep5,2.5844,1155,17
rep5,2.5845,1156,17
rep5,2.5845,1157,17
rep5,2.5846,1158,17
rep5,2.5847,1159,17
rep5,2.5848,1160,17
rep5,2.5849,1161,17
rep5,2.5849,1162,17
rep5,2.5878,1163,17
rep5,2.5881,1164,17
rep5,2.591,1165,17
rep5,2.5911,1166,17
rep5,2.5912,1167,17
rep5,2.5912,1168,17
rep5,2.5912,1169,17
rep5,2.5913,1170,17
rep5,2.5945,1171,17
rep5,2.5946,1172,17
rep5,2.5948,1173,17
rep5,2.5948,1174,17
rep5,2.5986,1175,17
rep5,2.5986,1176,17
rep5,2.5988,1177,17
rep5,2.5989,1178,17
rep5,2.599,1179,17
rep5,2.5991,1180,17
rep5,2.5991,1181,17
rep5,2.6011,1182,17
rep5,2.6014,1183,17
rep5,2.6014,1184,17
rep5,2.6016,1185,17
rep5,2.6044,1186,17
rep5,2.6045,1187,17
rep5,2.6048,1188,17
rep5,2.6076,1189,17
rep5,2.6078,1190,17
rep5,2.6083,1191,17
rep5,2.6144,1192,17
rep5,2.6181,1193,17
rep5,2.6182,1194,17
rep5,2.6184,1195,17
rep5,2.6214,1196,17
rep5,2.6216,1197,17
rep5,2.6244,1198,17
rep5,2.6244,1199,17
rep5,2.6245,1200,17
rep5,2.6245,1201,17
rep5,2.6246,1202,17
rep5,2.6279,1203,17
rep5,2.6279,1204,17
rep5,2.6281,1205,17
rep5,2.6281,1206,17
rep5,2.6283,1207,17
rep5,2.6314,1208,17
rep5,2.6345,1209,17
rep5,2.6347,1210,17
rep5,2.6349,1211,17
rep5,2.6444,1212,17
rep5,2.648,1213,17
rep5,2.6481,1214,17
rep5,2.6514,1215,17
rep5,2.6547,1216,17
rep5,2.658,1217,17
rep5,2.6581,1218,17
rep5,2.6613,1219,17
rep5,2.6615,1220,17
rep5,2.6644,1221,17
rep5,2.6645,1222,17
rep5,2.6646,1223,17
rep5,2.6648,1224,17
rep5,2.6682,1225,17
rep5,2.6711,1226,17
rep5,2.6712,1227,17
rep5,2.6712,1228,17
rep5,2.6714,1229,17
rep5,2.6745,1230,17
rep5,2.6747,1231,17
rep5,2.6749,1232,17
rep5,2.6779,1233,17
rep5,2.678,1234,17
rep5,2.678,1235,17
rep5,2.6782,1236,17
rep5,2.6815,1237,17
rep5,2.6843,1238,17
rep5,2.6843,1239,17
rep5,2.6847,1240,17
rep5,2.6849,1241,17
rep5,2.6877,1242,17
rep5,2.6877,1243,17
rep5,2.6881,1244,17
rep5,2.6911,1245,17
rep5,2.6911,1246,17
rep5,2.6911,1247,17
rep5,2.6913,1248,17
rep5,2.6943,1249,17
rep5,2.6943,1250,17
rep5,2.6943,1251,17
rep5,2.6944,1252,17
rep5,2.6944,1253,17
rep5,2.6945,1254,17
rep5,2.6946,1255,17
rep5,2.6947,1256,17
rep5,2.6977,1257,17
rep5,2.6979,1258,17
rep5,2.6982,1259,17
rep5,2.701,1260,17
rep5,2.7011,1261,17
rep5,2.7011,1262,17
rep5,2.7015,1263,17
rep5,2.7015,1264,17
rep5,2.7044,1265,17
rep5,2.7045,1266,17
rep5,2.7047,1267,17
rep5,2.7048,1268,17
rep5,2.7078,1269,17
rep5,2.7081,1270,17
rep5,2.711,1271,17
rep5,2.7111,1272,17
rep5,2.7111,1273,17
rep5,2.7113,1274,17
rep5,2.7113,1275,17
rep5,2.7144,1276,17
rep5,2.7147,1277,17
rep5,2.7148,1278,17
rep5,2.715,1279,17
rep5,2.7188,1280,17
rep5,2.7189,1281,17
rep5,2.7189,1282,17
rep5,2.719,1283,17
rep5,2.719,1284,17
rep5,2.7212,1285,17
rep5,2.7212,1286,17
rep5,2.7213,1287,17
rep5,2.7215,1288,17
rep5,2.7215,1289,17
rep5,2.7215,1290,17
rep5,2.7215,1291,17
rep5,2.7243,1292,17
rep5,2.7244,1293,17
rep5,2.7246,1294,17
rep5,2.7246,1295,17
rep5,2.7246,1296,17
rep5,2.7248,1297,17
rep5,2.7278,1298,17
rep5,2.7279,1299,17
rep5,2.728,1300,17
rep5,2.7282,1301,17
rep5,2.7313,1302,17
rep5,2.7343,1303,17
rep5,2.7343,1304,17
rep5,2.7343,1305,17
rep5,2.7345,1306,17
rep5,2.7345,1307,17
rep5,2.7346,1308,17
rep5,2.7346,1309,17
rep5,2.7349,1310,17
rep5,2.738,1311,17
rep5,2.738,1312,17
rep5,2.7381,1313,17
rep5,2.7382,1314,17
rep5,2.7413,1315,17
rep5,2.7445,1316,17
rep5,2.7445,1317,17
rep5,2.7445,1318,17
rep5,2.7447,1319,17
rep5,2.7447,1320,17
rep5,2.7448,1321,17
rep5,2.7449,1322,17
rep5,2.7476,1323,17
rep5,2.7477,1324,17
rep5,2.7477,1325,17
rep5,2.7478,1326,17
rep5,2.748,1327,17
rep5,2.7481,1328,17
rep5,2.7511,1329,17
rep5,2.7513,1330,17
rep5,2.7514,1331,17
rep5,2.7545,1332,17
rep5,2.7546,1333,17
rep5,2.7548,1333,18
rep5,2.7548,1334,18
rep5,2.7548,1335,18
rep5,2.7576,1336,18
rep5,2.7577,1337,18
rep5,2.7577,1338,18
rep5,2.7579,1339,18
rep5,2.758,1340,18
rep5,2.7581,1341,18
rep5,2.7582,1342,18
rep5,2.7582,1343,18
rep5,2.7611,1344,18
rep5,2.7611,1345,18
rep5,2.7612,1346,18
rep5,2.7614,1347,18
rep5,2.7614,1348,18
rep5,2.7615,1349,18
rep5,2.7615,1350,18
rep5,2.7643,1351,18
rep5,2.7644,1352,18
rep5,2.7644,1353,18
rep5,2.7644,1354,18
rep5,2.7645,1355,18
rep5,2.7645,1356,18
rep5,2.7646,1357,18
rep5,2.7647,1358,18
rep5,2.7647,1359,18
rep5,2.7648,1360,18
rep5,2.7648,1361,18
rep5,2.7649,1362,18
rep5,2.7677,1363,18
rep5,2.7682,1364,18
rep5,2.7711,1365,18
rep5,2.7712,1366,18
rep5,2.7712,1367,18
rep5,2.7749,1368,18
rep5,2.7749,1369,18
rep5,2.7749,1370,18
rep5,2.7749,1371,18
rep5,2.7749,1372,18
rep5,2.775,1373,18
rep5,2.7776,1374,18
rep5,2.778,1375,18
rep5,2.7781,1376,18
rep5,2.781,1377,18
rep5,2.7811,1378,18
rep5,2.7813,1379,18
rep5,2.7814,1380,18
rep5,2.7817,1381,18
rep5,2.7843,1382,18
rep5,2.7847,1383,18
rep5,2.7848,1384,18
rep5,2.7848,1385,18
rep5,2.7879,1386,18
rep5,2.7911,1387,18
rep5,2.7916,1388,18
rep5,2.7944,1389,18
rep5,2.7947,1390,18
rep5,2.7948,1391,18
rep5,2.7976,1392,18
rep5,2.7978,1393,18
rep5,2.7978,1394,18
rep5,2.7982,1395,18
rep5,2.7982,1396,18
rep5,2.7983,1397,18
rep5,2.8012,1398,18
rep5,2.8044,1399,18
rep5,2.8046,1400,18
rep5,2.8049,1401,18
rep5,2.8081,1402,18
rep5,2.8111,1403,18
rep5,2.8112,1404,18
rep5,2.8114,1405,18
rep5,2.8145,1406,18
rep5,2.8145,1407,18
rep5,2.8177,1408,18
rep5,2.818,1409,18
rep5,2.8181,1410,18
rep5,2.821,1411,18
rep5,2.821,1412,18
rep5,2.8215,1413,18
rep5,2.8245,1414,18
rep5,2.8277,1415,18
rep5,2.8277,1416,18
rep5,2.8282,1417,18
rep5,2.8282,1418,18
rep5,2.8313,1419,18
rep5,2.8345,1420,18
rep5,2.8348,1421,18
rep5,2.8377,1422,18
rep5,2.8377,1423,18
rep5,2.8379,1424,18
rep5,2.838,1425,18
rep5,2.8415,1426,18
rep5,2.8417,1427,18
rep5,2.8418,1428,18
rep5,2.8418,1429,18
rep5,2.8444,1430,18
rep5,2.8445,1431,18
rep5,2.8446,1432,18
rep5,2.8449,1433,18
rep5,2.848,1434,18
rep5,2.8483,1435,18
rep5,2.851,1436,18
rep5,2.851,1437,18
rep5,2.8513,1438,18
rep5,2.8513,1439,18
rep5,2.8544,1440,18
rep5,2.8546,1441,18
rep5,2.8547,1442,18
rep5,2.8548,1443,18
rep5,2.8548,1444,18
rep5,2.8576,1445,18
rep5,2.858,1446,18
rep5,2.858,1447,18
rep5,2.8581,1448,18
rep5,2.8582,1449,18
rep5,2.8583,1450,18
rep5,2.8612,1451,18
rep5,2.8613,1452,18
rep5,2.8644,1453,18
rep5,2.8648,1454,18
rep5,2.8713,1455,18
rep5,2.8713,1456,18
rep5,2.8714,1457,18
rep5,2.8744,1458,18
rep5,2.8746,1459,18
rep5,2.8747,1460,18
rep5,2.8747,1461,18
rep5,2.8747,1462,18
rep5,2.8747,1463,18
rep5,2.8778,1464,18
rep5,2.8779,1465,18
rep5,2.8783,1466,18
rep5,2.8811,1467,18
rep5,2.8813,1468,18
rep5,2.8814,1469,18
rep5,2.8845,1470,18
rep5,2.8847,1471,18
rep5,2.8879,1472,18
rep5,2.8882,1473,18
rep5,2.8913,1474,18
rep5,2.8914,1475,18
rep5,2.8915,1476,18
rep5,2.8915,1477,18
rep5,2.8982,1478,18
rep5,2.8982,1479,18
rep5,2.901,1480,18
rep5,2.9011,1481,18
rep5,2.9011,1482,18
rep5,2.9011,1483,18
rep5,2.9013,1484,18
rep5,2.9043,1485,18
rep5,2.9044,1486,18
rep5,2.9044,1486,19
rep5,2.9046,1487,19
rep5,2.9046,1488,19
rep5,2.9048,1489,19
rep5,2.9048,1490,19
rep5,2.9048,1491,19
rep5,2.9081,1492,19
rep5,2.9083,1493,19
rep5,2.911,1494,19
rep5,2.9114,1495,19
rep5,2.9116,1496,19
rep5,2.9143,1497,19
rep5,2.9178,1498,19
rep5,2.9178,1499,19
rep5,2.9181,1500,19
rep5,2.9181,1501,19
rep5,2.9182,1502,19
rep5,2.921,1503,19
rep5,2.9213,1504,19
rep5,2.9213,1505,19
rep5,2.9214,1506,19
rep5,2.9243,1507,19
rep5,2.9246,1508,19
rep5,2.9247,1509,19
rep5,2.9247,1510,19
rep5,2.9249,1511,19
rep5,2.9277,1512,19
rep5,2.9278,1513,19
rep5,2.9278,1514,19
rep5,2.9279,1515,19
rep5,2.9312,1516,19
rep5,2.9315,1517,19
rep5,2.9315,1518,19
rep5,2.9315,1519,19
rep5,2.9345,1520,19
rep5,2.9345,1521,19
rep5,2.9345,1522,19
rep5,2.9345,1523,19
rep5,2.9348,1524,19
rep5,2.9376,1525,19
rep5,2.9378,1526,19
rep5,2.9379,1527,19
rep5,2.9382,1528,19
rep5,2.9382,1529,19
rep5,2.9446,1530,19
rep5,2.9446,1531,19
rep5,2.9447,1532,19
rep5,2.9448,1533,19
rep5,2.9449,1534,19
rep5,2.9449,1535,19
rep5,2.9477,1536,19
rep5,2.9478,1537,19
rep5,2.9478,1538,19
rep5,2.9478,1539,19
rep5,2.9479,1540,19
rep5,2.9484,1541,19
rep5,2.9485,1542,19
rep5,2.9512,1543,19
rep5,2.9512,1544,19
rep5,2.9513,1545,19
rep5,2.9515,1546,19
rep5,2.9516,1547,19
rep5,2.9516,1548,19
rep5,2.9547,1549,19
rep5,2.9578,1550,19
rep5,2.9578,1551,19
rep5,2.9579,1552,19
rep5,2.9579,1553,19
rep5,2.9581,1554,19
rep5,2.9582,1555,19
rep5,2.9583,1556,19
rep5,2.9583,1557,19
rep5,2.9614,1558,19
rep5,2.9645,1559,19
rep5,2.9645,1560,19
rep5,2.968,1561,19
rep5,2.968,1562,19
rep5,2.968,1563,19
rep5,2.9683,1564,19
rep5,2.9712,1565,19
rep5,2.9712,1566,19
rep5,2.9713,1567,19
rep5,2.9744,1568,19
rep5,2.9749,1569,19
rep5,2.978,1570,19
rep5,2.9811,1571,19
rep5,2.9814,1572,19
rep5,2.9814,1573,19
rep5,2.9816,1574,19
rep5,2.9844,1575,19
rep5,2.9846,1576,19
rep5,2.9879,1577,19
rep5,2.988,1578,19
rep5,2.988,1579,19
rep5,2.9883,1580,19
rep5,2.9911,1581,19
rep5,2.9945,1582,19
rep5,2.998,1583,19
rep5,3.0012,1584,19
rep5,3.0044,1585,19
rep5,3.0078,1586,19
rep5,3.0079,1587,19
rep5,3.0081,1588,19
rep5,3.0148,1589,19
rep5,3.0176,1590,19
rep5,3.0179,1591,19
rep5,3.0181,1592,19
rep5,3.0182,1593,19
rep5,3.0216,1594,19
rep5,3.0216,1595,19
rep5,3.0217,1596,19
rep5,3.0217,1597,19
rep5,3.028,1598,19
rep5,3.0281,1599,19
rep5,3.031,1600,19
rep5,3.0312,1601,19
rep5,3.0312,1602,19
rep5,3.0314,1603,19
rep5,3.0314,1604,19
rep5,3.0315,1605,19
rep5,3.0343,1606,19
rep5,3.0348,1607,19
rep5,3.0378,1608,19
rep5,3.0379,1609,19
rep5,3.0382,1610,19
rep5,3.041,1611,19
rep5,3.0411,1612,19
rep5,3.0412,1613,19
rep5,3.0414,1614,19
rep5,3.0415,1615,19
rep5,3.0415,1616,19
rep5,3.0443,1617,19
rep5,3.0479,1618,19
rep5,3.0482,1619,19
rep5,3.051,1620,19
rep5,3.0511,1621,19
rep5,3.0512,1622,19
rep5,3.0513,1623,19
rep5,3.0514,1624,19
rep5,3.0544,1625,19
rep5,3.0545,1626,19
rep5,3.0546,1627,19
rep5,3.0547,1628,19
rep5,3.0577,1629,19
rep5,3.0577,1630,19
rep5,3.058,1631,19
rep5,3.058,1632,19
rep5,3.0612,1633,19
rep5,3.0613,1634,19
rep5,3.0613,1635,19
rep5,3.0614,1636,19
rep5,3.0616,1637,19
rep5,3.0645,1638,19
rep5,3.0646,1639,19
rep5,3.068,1640,19
rep5,3.0681,1641,19
rep5,3.0681,1642,19
rep5,3.0682,1643,19
rep5,3.0714,1644,19
rep5,3.0716,1645,19
rep5,3.0754,1646,19
rep5,3.0757,1647,19
rep5,3.078,1648,19
rep5,3.078,1649,19
rep5,3.078,1650,19
rep5,3.0783,1651,19
rep5,3.0811,1652,19
rep5,3.0815,1653,19
rep5,3.0845,1654,19
rep5,3.0847,1655,19
rep5,3.0877,1656,19
rep5,3.0879,1657,19
rep5,3.0879,1658,19
rep5,3.088,1659,19
rep5,3.088,1660,19
rep5,3.088,1661,19
rep5,3.0882,1662,19
rep5,3.0912,1663,19
rep5,3.0913,1664,19
rep5,3.0913,1665,19
rep5,3.0917,1666,19
rep5,3.0944,1667,19
rep5,3.095,1668,19
rep5,3.0978,1669,19
rep5,3.0979,1670,19
rep5,3.0979,1671,19
rep5,3.098,1672,19
rep5,3.0981,1673,19
rep5,3.0984,1674,19
rep5,3.101,1675,19
rep5,3.1014,1676,19
rep5,3.1017,1677,19
rep5,3.1044,1678,19
rep5,3.1049,1679,19
rep5,3.1078,1680,19
rep5,3.1079,1681,19
rep5,3.1079,1682,19
rep5,3.1079,1683,19
rep5,3.1081,1684,19
rep5,3.1082,1685,19
rep5,3.1083,1686,19
rep5,3.1111,1687,19
rep5,3.1116,1688,19
rep5,3.1147,1689,19
rep5,3.1147,1690,19
rep5,3.1176,1691,19
rep5,3.1177,1692,19
rep5,3.1179,1693,19
rep5,3.118,1694,19
rep5,3.118,1695,19
rep5,3.118,1696,19
rep5,3.1181,1697,19
rep5,3.1181,1698,19
rep5,3.1181,1699,19
rep5,3.1211,1700,19
rep5,3.1212,1701,19
rep5,3.1213,1702,19
rep5,3.1216,1703,19
rep5,3.1243,1704,19
rep5,3.1247,1705,19
rep5,3.1249,1706,19
rep5,3.1249,1707,19
rep5,3.125,1708,19
rep5,3.1277,1709,19
rep5,3.1277,1710,19
rep5,3.128,1711,19
rep5,3.1281,1712,19
rep5,3.1281,1713,19
rep5,3.1282,1714,19
rep5,3.1283,1715,19
rep5,3.1283,1716,19
rep5,3.1312,1717,19
rep5,3.1312,1718,19
rep5,3.1314,1719,19
rep5,3.1314,1720,19
rep5,3.1315,1721,19
rep5,3.1348,1722,19
rep5,3.1377,1723,19
rep5,3.1378,1724,19
rep5,3.1383,1725,19
rep5,3.1383,1726,19
rep5,3.141,1727,19
rep5,3.1443,1728,19
rep5,3.1445,1729,19
rep5,3.1477,1730,19
rep5,3.1512,1731,19
rep5,3.1513,1732,19
rep5,3.1515,1733,19
rep5,3.1577,1734,19
rep5,3.161,1735,19
rep5,3.1612,1736,19
rep5,3.1613,1737,19
rep5,3.1645,1738,19
rep5,3.1647,1739,19
rep5,3.165,1740,19
rep5,3.168,1741,19
rep5,3.1682,1742,19
rep5,3.1683,1743,19
rep5,3.1711,1744,19
rep5,3.1712,1745,19
rep5,3.1714,1746,19
rep5,3.1715,1747,19
rep5,3.1718,1748,19
rep5,3.1744,1749,19
rep5,3.1748,1750,19
rep5,3.1777,1751,19
rep5,3.1778,1752,19
rep5,3.1781,1753,19
rep5,3.1785,1754,19
rep5,3.1813,1755,19
rep5,3.1816,1756,19
rep5,3.1816,1757,19
rep5,3.1843,1758,19
rep5,3.1844,1759,19
rep5,3.1844,1760,19
rep5,3.1858,1761,19
rep5,3.1876,1762,19
rep5,3.1913,1763,19
rep5,3.1945,1764,19
rep5,3.1947,1765,19
rep5,3.1977,1766,19
rep5,3.201,1767,19
rep5,3.2012,1768,19
rep5,3.2014,1769,19
rep5,3.2044,1770,19
rep5,3.2078,1771,19
rep5,3.2111,1772,19
rep5,3.2113,1773,19
rep5,3.2113,1774,19
rep5,3.2114,1775,19
rep5,3.2144,1776,19
rep5,3.2145,1777,19
rep5,3.2147,1778,19
rep5,3.2179,1779,19
rep5,3.2179,1780,19
rep5,3.2183,1781,19
rep5,3.2211,1782,19
rep5,3.2212,1783,19
rep5,3.2213,1784,19
rep5,3.2215,1785,19
rep5,3.2247,1786,19
rep5,3.2247,1787,19
rep5,3.2249,1788,19
rep5,3.2249,1789,19
rep5,3.2251,1790,19
rep5,3.228,1791,19
rep5,3.231,1792,19
rep5,3.2344,1793,19
rep5,3.2347,1794,19
rep5,3.2347,1795,19
rep5,3.2376,1796,19
rep5,3.2377,1797,19
rep5,3.241,1798,19
rep5,3.2412,1799,19
rep5,3.2414,1800,19
rep5,3.2414,1801,19
rep5,3.2416,1802,19
rep5,3.2445,1803,19
rep5,3.2446,1804,19
rep5,3.2477,1805,19
rep5,3.2478,1806,19
rep5,3.248,1807,19
rep5,3.2483,1808,19
rep5,3.251,1809,19
rep5,3.2512,1810,19
rep5,3.2514,1811,19
rep5,3.2515,1812,19
rep5,3.2515,1813,19
rep5,3.2547,1814,19
rep5,3.2577,1815,19
rep5,3.2582,1816,19
rep5,3.2614,1817,19
rep5,3.2614,1818,19
rep5,3.2615,1819,19
rep5,3.2644,1820,19
rep5,3.2645,1821,19
rep5,3.2646,1822,19
rep5,3.2648,1823,19
rep5,3.2648,1824,19
rep5,3.271,1825,19
rep5,3.2743,1826,19
rep5,3.2745,1827,19
rep5,3.2751,1828,19
rep5,3.2778,1829,19
rep5,3.2814,1830,19
rep5,3.2846,1831,19
rep5,3.2847,1832,19
rep5,3.2879,1833,19
rep5,3.2912,1834,19
rep5,3.2912,1835,19
rep5,3.2915,1836,19
rep5,3.2944,1837,19
rep5,3.2946,1838,19
rep5,3.2949,1839,19
rep5,3.2976,1840,19
rep5,3.2976,1841,19
rep5,3.2977,1842,19
rep5,3.2978,1843,19
rep5,3.2979,1844,19
rep5,3.2981,1845,19
rep5,3.2981,1846,19
rep5,3.3011,1847,19
rep5,3.3013,1848,19
rep5,3.3014,1849,19
rep5,3.3044,1850,19
rep5,3.3045,1851,19
rep5,3.3047,1852,19
rep5,3.305,1853,19
rep5,3.3077,1854,19
rep5,3.3078,1855,19
rep5,3.3078,1856,19
rep5,3.3079,1857,19
rep5,3.3081,1858,19
rep5,3.3111,1859,19
rep5,3.3114,1860,19
rep5,3.3115,1861,19
rep5,3.3116,1862,19
rep5,3.3117,1863,19
rep5,3.3117,1864,19
rep5,3.3117,1865,19
rep5,3.3117,1866,19
rep5,3.3118,1867,19
rep5,3.3143,1868,19
rep5,3.3144,1869,19
rep5,3.3144,1870,19
rep5,3.3145,1871,19
rep5,3.3146,1872,19
rep5,3.3147,1873,19
rep5,3.3147,1874,19
rep5,3.3147,1875,19
rep5,3.3147,1876,19
rep5,3.3148,1877,19
rep5,3.3148,1878,19
rep5,3.3148,1879,19
rep5,3.3149,1880,19
rep5,3.3177,1881,19
rep5,3.3178,1882,19
rep5,3.318,1883,19
rep5,3.318,1884,19
rep5,3.3181,1885,19
rep5,3.3181,1886,19
rep5,3.3183,1887,19
rep5,3.3211,1888,19
rep5,3.3216,1889,19
rep5,3.3245,1890,19
rep5,3.3245,1891,19
rep5,3.3245,1892,19
rep5,3.3246,1893,19
rep5,3.3248,1894,19
rep5,3.3249,1895,19
rep5,3.3249,1896,19
rep5,3.3249,1897,19
rep5,3.328,1898,19
rep5,3.3311,1899,19
rep5,3.3311,1900,19
rep5,3.3311,1901,19
rep5,3.3311,1902,19
rep5,3.3312,1903,19
rep5,3.3315,1904,19
rep5,3.3317,1905,19
rep5,3.3345,1906,19
rep5,3.3347,1907,19
rep5,3.3348,1908,19
rep5,3.3348,1909,19
rep5,3.3378,1910,19
rep5,3.3413,1911,19
rep5,3.3416,1912,19
rep5,3.3443,1913,19
rep5,3.3445,1914,19
rep5,3.3447,1915,19
rep5,3.3449,1916,19
rep5,3.3478,1917,19
rep5,3.3514,1918,19
rep5,3.3514,1919,19
rep5,3.3514,1920,19
rep5,3.3515,1921,19
rep5,3.3544,1922,19
rep5,3.3546,1923,19
rep5,3.3549,1924,19
rep5,3.3581,1925,19
rep5,3.3611,1926,19
rep5,3.3612,1927,19
rep5,3.3612,1928,19
rep5,3.3645,1929,19
rep5,3.3646,1930,19
rep5,3.3648,1931,19
rep5,3.3677,1932,19
rep5,3.3678,1933,19
rep5,3.3679,1934,19
rep5,3.3682,1935,19
rep5,3.3682,1936,19
rep5,3.3683,1937,19
rep5,3.3714,1938,19
rep5,3.3714,1939,19
rep5,3.3718,1940,19
rep5,3.3748,1941,19
rep5,3.3749,1942,19
rep5,3.3749,1943,19
rep5,3.375,1944,19
rep5,3.3776,1945,19
rep5,3.3778,1946,19
rep5,3.3781,1947,19
rep5,3.3781,1948,19
rep5,3.3811,1949,19
rep5,3.3812,1950,19
rep5,3.3812,1951,19
rep5,3.3814,1952,19
rep5,3.3844,1953,19
rep5,3.3844,1954,19
rep5,3.3846,1955,19
rep5,3.3876,1956,19
rep5,3.3876,1957,19
rep5,3.3877,1958,19
rep5,3.3879,1959,19
rep5,3.388,1960,19
rep5,3.3881,1961,19
rep5,3.3882,1962,19
rep5,3.3883,1963,19
rep5,3.3911,1964,19
rep5,3.3912,1965,19
rep5,3.3912,1966,19
rep5,3.3913,1967,19
rep5,3.3914,1968,19
rep5,3.3947,1969,19
rep5,3.3948,1970,19
rep5,3.3977,1971,19
rep5,3.3979,1972,19
rep5,3.398,1973,19
rep5,3.4012,1974,19
rep5,3.4012,1975,19
rep5,3.4012,1976,19
rep5,3.4012,1977,19
rep5,3.4014,1978,19
rep5,3.4045,1979,19
rep5,3.4046,1980,19
rep5,3.405,1981,19
rep5,3.4077,1982,19
rep5,3.411,1983,19
rep5,3.4114,1984,19
rep5,3.4147,1985,19
rep5,3.4148,1986,19
rep5,3.4177,1987,19
rep5,3.418,1988,19
rep5,3.422,1989,19
rep5,3.4221,1990,19
rep5,3.4222,1991,19
rep5,3.4222,1992,19
rep5,3.4223,1993,19
rep5,3.4243,1994,19
rep5,3.4246,1995,19
rep5,3.4248,1996,19
rep5,3.4276,1997,19
rep5,3.4277,1998,19
rep5,3.428,1999,19
rep5,3.4281,2000,19
rep5,3.4312,2001,19
rep5,3.4313,2002,19
rep5,3.4316,2003,19
rep5,3.4347,2004,19
rep5,3.4378,2005,19
rep5,3.4379,2006,19
rep5,3.4445,2007,19
rep5,3.4479,2008,19
rep5,3.4483,2009,19
rep5,3.4512,2010,19
rep5,3.4514,2011,19
rep5,3.4516,2012,19
rep5,3.4544,2013,19
rep5,3.4544,2014,19
rep5,3.4546,2015,19
rep5,3.4546,2016,19
rep5,3.4547,2017,19
rep5,3.4548,2018,19
rep5,3.4548,2019,19
rep5,3.4578,2020,19
rep5,3.4578,2021,19
rep5,3.4579,2022,19
rep5,3.4579,2023,19
rep5,3.458,2024,19
rep5,3.461,2025,19
rep5,3.4611,2026,19
rep5,3.4611,2027,19
rep5,3.4614,2028,19
rep5,3.4615,2029,19
rep5,3.4643,2030,19
rep5,3.4645,2031,19
