rep,t_over_ttl,cum_rehold,cum_duplicate
rep1,0.0426,0,1
rep1,0.1125,0,2
rep1,0.5427,0,3
rep1,0.8729,0,4
rep1,1.0656,1,4
rep1,1.086,1,5
rep1,1.1226,2,5
rep1,1.1357,3,5
rep1,1.136,4,5
rep1,1.2194,5,5
rep1,1.2223,6,5
rep1,1.2228,7,5
rep1,1.2326,8,5
rep1,1.2426,9,5
rep1,1.2528,10,5
rep1,1.2561,11,5
rep1,1.2793,12,5
rep1,1.2958,13,5
rep1,1.3027,14,5
rep1,1.3031,15,5
rep1,1.3058,16,5
rep1,1.3061,17,5
rep1,1.3193,18,5
rep1,1.3193,19,5
rep1,1.3293,20,5
rep1,1.3323,21,5
rep1,1.3392,22,5
rep1,1.3428,23,5
rep1,1.3459,24,5
rep1,1.3523,25,5
rep1,1.3624,26,5
rep1,1.3661,27,5
rep1,1.3727,28,5
rep1,1.3791,29,5
rep1,1.3861,30,5
rep1,1.3863,31,5
rep1,1.396,32,5
rep1,1.3962,33,5
rep1,1.4095,34,5
rep1,1.4126,35,5
rep1,1.4159,36,5
rep1,1.4226,37,5
rep1,1.4259,38,5
rep1,1.4299,39,5
rep1,1.4361,40,5
rep1,1.4425,41,5
rep1,1.4428,42,5
rep1,1.4528,43,5
rep1,1.456,44,5
rep1,1.4593,45,5
rep1,1.4595,46,5
rep1,1.4626,47,5
rep1,1.4628,48,5
rep1,1.4629,49,5
rep1,1.4659,50,5
rep1,1.4662,51,5
rep1,1.4663,52,5
rep1,1.4691,53,5
rep1,1.4691,54,5
rep1,1.4758,55,5
rep1,1.4761,56,5
rep1,1.4761,57,5
rep1,1.4828,58,5
rep1,1.4857,59,5
rep1,1.4858,60,5
rep1,1.4858,61,5
rep1,1.4859,62,5
rep1,1.4861,63,5
rep1,1.489,64,5
rep1,1.4892,65,5
rep1,1.4924,66,5
rep1,1.4926,67,5
rep1,1.4927,68,5
rep1,1.4959,69,5
rep1,1.4994,70,5
rep1,1.4995,71,5
rep1,1.4995,72,5
rep1,1.5026,73,5
rep1,1.506,74,5
rep1,1.509,75,5
rep1,1.5091,76,5
rep1,1.5092,77,5
rep1,1.5092,78,5
rep1,1.5158,79,5
rep1,1.5189,80,5
rep1,1.5228,81,5
rep1,1.5259,82,5
rep1,1.529,83,5
rep1,1.5324,84,5
rep1,1.5326,84,6
rep1,1.5358,85,6
rep1,1.539,86,6
rep1,1.5393,87,6
rep1,1.5395,88,6
rep1,1.5461,89,6
rep1,1.5491,90,6
rep1,1.5492,91,6
rep1,1.5493,92,6
rep1,1.5493,93,6
rep1,1.5494,94,6
rep1,1.5495,95,6
rep1,1.5525,96,6
rep1,1.5557,97,6
rep1,1.5559,98,6
rep1,1.5559,99,6
rep1,1.5591,100,6
rep1,1.5591,101,6
rep1,1.5624,102,6
rep1,1.5659,103,6
rep1,1.5662,104,6
rep1,1.569,105,6
rep1,1.5691,106,6
rep1,1.5694,107,6
rep1,1.5724,108,6
rep1,1.5727,109,6
rep1,1.5758,110,6
rep1,1.5759,111,6
rep1,1.5759,112,6
rep1,1.5761,113,6
rep1,1.5789,114,6
rep1,1.5826,115,6
rep1,1.5859,116,6
rep1,1.5859,117,6
rep1,1.586,118,6
rep1,1.5862,119,6
rep1,1.5896,120,6
rep1,1.5923,121,6
rep1,1.5926,122,6
rep1,1.5926,123,6
rep1,1.5926,124,6
rep1,1.5929,125,6
rep1,1.6029,126,6
rep1,1.6092,127,6
rep1,1.6093,128,6
rep1,1.6095,128,7
rep1,1.6124,129,7
rep1,1.6126,130,7
rep1,1.6195,131,7
rep1,1.6225,132,7
rep1,1.6227,133,7
rep1,1.627,134,7
rep1,1.6271,135,7
rep1,1.6273,136,7
rep1,1.6292,137,7
rep1,1.6327,138,7
rep1,1.6426,139,7
rep1,1.6457,140,7
rep1,1.646,141,7
rep1,1.6492,142,7
rep1,1.6494,143,7
rep1,1.6526,144,7
rep1,1.6527,145,7
rep1,1.6528,146,7
rep1,1.6558,147,7
rep1,1.6559,148,7
rep1,1.656,149,7
rep1,1.6589,150,7
rep1,1.6591,151,7
rep1,1.6594,152,7
rep1,1.6594,153,7
rep1,1.6595,154,7
rep1,1.6623,155,7
rep1,1.6625,156,7
rep1,1.6627,157,7
rep1,1.6628,158,7
rep1,1.6695,159,7
rep1,1.6724,160,7
rep1,1.6727,161,7
rep1,1.6729,162,7
rep1,1.6729,163,7
rep1,1.6759,164,7
rep1,1.676,165,7
rep1,1.676,166,7
rep1,1.6789,167,7
rep1,1.6791,168,7
rep1,1.6792,169,7
rep1,1.6824,170,7
rep1,1.6827,171,7
rep1,1.6856,172,7
rep1,1.6857,173,7
rep1,1.6858,174,7
rep1,1.6892,175,7
rep1,1.6892,176,7
rep1,1.6925,177,7
rep1,1.6926,178,7
rep1,1.6957,179,7
rep1,1.6958,180,7
rep1,1.6959,181,7
rep1,1.699,182,7
rep1,1.7027,183,7
rep1,1.7091,184,7
rep1,1.7092,185,7
rep1,1.7093,186,7
rep1,1.7094,187,7
rep1,1.7129,188,7
rep1,1.7158,189,7
rep1,1.7161,190,7
rep1,1.7161,191,7
rep1,1.7161,192,7
rep1,1.7162,193,7
rep1,1.7192,194,7
rep1,1.7194,195,7
rep1,1.7227,196,7
rep1,1.7227,197,7
rep1,1.7294,198,7
rep1,1.7324,199,7
rep1,1.7325,200,7
rep1,1.7328,201,7
rep1,1.7368,202,7
rep1,1.7369,203,7
rep1,1.7391,204,7
rep1,1.7427,205,7
rep1,1.7429,206,7
rep1,1.7456,207,7
rep1,1.7458,208,7
rep1,1.746,209,7
rep1,1.7461,210,7
rep1,1.7493,211,7
rep1,1.7494,212,7
rep1,1.7525,213,7
rep1,1.7526,214,7
rep1,1.7526,215,7
rep1,1.7529,216,7
rep1,1.7558,217,7
rep1,1.7558,218,7
rep1,1.756,219,7
rep1,1.756,220,7
rep1,1.7591,221,7
rep1,1.7594,222,7
rep1,1.7623,223,7
rep1,1.7629,224,7
rep1,1.7656,225,7
rep1,1.7656,226,7
rep1,1.7657,227,7
rep1,1.7658,228,7
rep1,1.7692,229,7
rep1,1.7695,230,7
rep1,1.7757,231,7
rep1,1.7758,232,7
rep1,1.7761,233,7
rep1,1.7791,234,7
rep1,1.7792,235,7
rep1,1.7792,236,7
rep1,1.7793,237,7
rep1,1.7794,238,7
rep1,1.7827,239,7
rep1,1.7827,240,7
rep1,1.7829,241,7
rep1,1.7859,242,7
rep1,1.7893,243,7
rep1,1.7923,244,7
rep1,1.7925,245,7
rep1,1.7926,246,7
rep1,1.7926,247,7
rep1,1.7926,248,7
rep1,1.7958,249,7
rep1,1.7959,250,7
rep1,1.7961,251,7
rep1,1.7962,252,7
rep1,1.7994,253,7
rep1,1.8024,254,7
rep1,1.8024,255,7
rep1,1.8026,256,7
rep1,1.8029,257,7
rep1,1.8057,258,7
rep1,1.8059,259,7
rep1,1.806,260,7
rep1,1.806,261,7
rep1,1.8061,262,7
rep1,1.8091,263,7
rep1,1.8096,264,7
rep1,1.8156,265,7
rep1,1.8161,266,7
rep1,1.8189,267,7
rep1,1.8225,268,7
rep1,1.8225,269,7
rep1,1.8259,270,7
rep1,1.826,271,7
rep1,1.829,272,7
rep1,1.8291,273,7
rep1,1.8294,274,7
rep1,1.8327,275,7
rep1,1.8356,276,7
rep1,1.8356,277,7
rep1,1.836,278,7
rep1,1.8362,279,7
rep1,1.839,280,7
rep1,1.8402,281,7
rep1,1.8403,282,7
rep1,1.8423,283,7
rep1,1.8424,284,7
rep1,1.8459,285,7
rep1,1.8461,286,7
rep1,1.8491,287,7
rep1,1.8496,288,7
rep1,1.8525,289,7
rep1,1.8527,290,7
rep1,1.8527,291,7
rep1,1.8528,292,7
rep1,1.8558,293,7
rep1,1.8559,294,7
rep1,1.8562,295,7
rep1,1.8562,296,7
rep1,1.8626,297,7
rep1,1.8627,298,7
rep1,1.8724,299,7
rep1,1.8791,300,7
rep1,1.8792,301,7
rep1,1.8794,302,7
rep1,1.8828,303,7
rep1,1.8857,304,7
rep1,1.8859,305,7
rep1,1.886,306,7
rep1,1.8862,307,7
rep1,1.8891,308,7
rep1,1.8894,309,7
rep1,1.8928,310,7
rep1,1.8956,311,7
rep1,1.8958,312,7
rep1,1.896,313,7
rep1,1.8989,314,7
rep1,1.8992,315,7
rep1,1.8992,316,7
rep1,1.9027,317,7
rep1,1.903,318,7
rep1,1.9058,319,7
rep1,1.909,320,7
rep1,1.9094,321,7
rep1,1.9127,322,7
rep1,1.9158,323,7
rep1,1.919,324,7
rep1,1.9192,325,7
rep1,1.9195,326,7
rep1,1.9224,327,7
rep1,1.9227,328,7
rep1,1.9257,329,7
rep1,1.9259,330,7
rep1,1.9259,331,7
rep1,1.926,332,7
rep1,1.9293,333,7
rep1,1.9295,334,7
rep1,1.9325,335,7
rep1,1.9326,336,7
rep1,1.9327,337,7
rep1,1.9358,338,7
rep1,1.9362,339,7
rep1,1.9389,340,7
rep1,1.9431,341,7
rep1,1.9432,342,7
rep1,1.9432,342,8
rep1,1.9433,343,8
rep1,1.9433,344,8
rep1,1.9435,345,8
rep1,1.9436,346,8
rep1,1.9458,347,8
rep1,1.9459,348,8
rep1,1.9459,349,8
rep1,1.946,350,8
rep1,1.9494,351,8
rep1,1.9523,352,8
rep1,1.9525,353,8
rep1,1.9527,354,8
rep1,1.9557,355,8
rep1,1.9558,356,8
rep1,1.9559,357,8
rep1,1.956,358,8
rep1,1.956,359,8
rep1,1.9561,360,8
rep1,1.9591,361,8
rep1,1.9591,362,8
rep1,1.9624,363,8
rep1,1.9625,364,8
rep1,1.9627,365,8
rep1,1.9628,366,8
rep1,1.9658,367,8
rep1,1.9658,368,8
rep1,1.966,369,8
rep1,1.9691,370,8
rep1,1.9694,371,8
rep1,1.9726,372,8
rep1,1.9796,373,8
rep1,1.9828,374,8
rep1,1.9858,375,8
rep1,1.9859,376,8
rep1,1.986,376,9
rep1,1.9861,377,9
rep1,1.9861,378,9
rep1,1.9862,379,9
rep1,1.9863,380,9
rep1,1.989,381,9
rep1,1.9894,382,9
rep1,1.9927,383,9
rep1,1.9989,384,9
rep1,1.9991,385,9
rep1,2.0023,386,9
rep1,2.0025,387,9
rep1,2.0026,388,9
rep1,2.0057,389,9
rep1,2.0058,390,9
rep1,2.0058,391,9
rep1,2.0059,392,9
rep1,2.0062,393,9
rep1,2.0124,394,9
rep1,2.0129,395,9
rep1,2.0161,396,9
rep1,2.019,397,9
rep1,2.0191,398,9
rep1,2.0192,399,9
rep1,2.0256,400,9
rep1,2.0256,401,9
rep1,2.0259,402,9
rep1,2.026,403,9
rep1,2.0261,404,9
rep1,2.0291,405,9
rep1,2.0326,406,9
rep1,2.0328,407,9
rep1,2.0356,408,9
rep1,2.0395,409,9
rep1,2.0425,410,9
rep1,2.0426,411,9
rep1,2.0457,412,9
rep1,2.0458,413,9
rep1,2.0461,414,9
rep1,2.0493,415,9
rep1,2.0496,416,9
rep1,2.0523,417,9
rep1,2.0524,418,9
rep1,2.0527,419,9
rep1,2.0558,420,9
rep1,2.0558,421,9
rep1,2.0593,422,9
rep1,2.0598,423,9
rep1,2.0625,424,9
rep1,2.0627,425,9
rep1,2.0627,426,9
rep1,2.0658,426,10
rep1,2.0723,427,10
rep1,2.0727,428,10
rep1,2.0727,429,10
rep1,2.0728,430,10
rep1,2.0756,430,11
rep1,2.0792,431,11
rep1,2.0794,432,11
rep1,2.0795,433,11
rep1,2.0827,434,11
rep1,2.0959,435,11
rep1,2.096,436,11
rep1,2.0962,437,11
rep1,2.1024,438,11
rep1,2.1024,439,11
rep1,2.1028,440,11
rep1,2.1058,441,11
rep1,2.1059,442,11
rep1,2.1061,443,11
rep1,2.109,444,11
rep1,2.1091,445,11
rep1,2.1093,446,11
rep1,2.1095,447,11
rep1,2.1096,448,11
rep1,2.1096,449,11
rep1,2.1097,450,11
rep1,2.1123,451,11
rep1,2.1124,452,11
rep1,2.1124,453,11
rep1,2.1127,454,11
rep1,2.1127,455,11
rep1,2.1127,456,11
rep1,2.1127,457,11
rep1,2.1127,458,11
rep1,2.1128,459,11
rep1,2.1129,460,11
rep1,2.1158,461,11
rep1,2.1159,462,11
rep1,2.116,463,11
rep1,2.119,464,11
rep1,2.1194,465,11
rep1,2.1227,466,11
rep1,2.1227,467,11
rep1,2.1257,468,11
rep1,2.1291,469,11
rep1,2.1291,470,11
rep1,2.1292,471,11
rep1,2.1324,472,11
rep1,2.1326,473,11
rep1,2.1328,474,11
rep1,2.1357,475,11
rep1,2.1357,476,11
rep1,2.136,477,11
rep1,2.1361,478,11
rep1,2.1393,479,11
rep1,2.1425,480,11
rep1,2.1426,481,11
rep1,2.1456,482,11
rep1,2.1458,483,11
rep1,2.1469,484,11
rep1,2.1489,485,11
rep1,2.1491,486,11
rep1,2.1524,487,11
rep1,2.1558,488,11
rep1,2.1559,489,11
rep1,2.156,490,11
rep1,2.1595,491,11
rep1,2.1625,492,11
rep1,2.1657,493,11
rep1,2.1659,494,11
rep1,2.1659,495,11
rep1,2.1662,496,11
rep1,2.1662,497,11
rep1,2.169,498,11
rep1,2.1693,499,11
rep1,2.1694,500,11
rep1,2.1694,501,11
rep1,2.1726,502,11
rep1,2.1727,503,11
rep1,2.1727,504,11
rep1,2.1728,505,11
rep1,2.1729,506,11
rep1,2.1759,507,11
rep1,2.1761,508,11
rep1,2.1791,509,11
rep1,2.1792,510,11
rep1,2.1828,511,11
rep1,2.1859,512,11
rep1,2.1861,513,11
rep1,2.1889,514,11
rep1,2.189,515,11
rep1,2.1892,516,11
rep1,2.1892,517,11
rep1,2.1894,518,11
rep1,2.1925,519,11
rep1,2.1927,520,11
rep1,2.1957,521,11
rep1,2.1957,522,11
rep1,2.1958,523,11
rep1,2.1959,524,11
rep1,2.1959,525,11
rep1,2.1992,526,11
rep1,2.1993,527,11
rep1,2.1994,528,11
rep1,2.2058,529,11
rep1,2.2062,530,11
rep1,2.2093,531,11
rep1,2.2094,532,11
rep1,2.2123,533,11
rep1,2.2123,534,11
rep1,2.2156,535,11
rep1,2.2158,536,11
rep1,2.2161,537,11
rep1,2.219,538,11
rep1,2.2191,539,11
rep1,2.2194,540,11
rep1,2.2195,541,11
rep1,2.2225,542,11
rep1,2.2226,543,11
rep1,2.2227,544,11
rep1,2.2257,545,11
rep1,2.226,546,11
rep1,2.2291,547,11
rep1,2.2295,548,11
rep1,2.2323,549,11
rep1,2.236,550,11
rep1,2.2362,551,11
rep1,2.2389,552,11
rep1,2.239,553,11
rep1,2.239,554,11
rep1,2.2394,555,11
rep1,2.2426,556,11
rep1,2.2428,557,11
rep1,2.2456,558,11
rep1,2.2459,559,11
rep1,2.2493,560,11
rep1,2.2493,561,11
rep1,2.2495,562,11
rep1,2.2523,563,11
rep1,2.2558,564,11
rep1,2.2558,565,11
rep1,2.2561,566,11
rep1,2.2563,567,11
rep1,2.2623,568,11
rep1,2.2627,569,11
rep1,2.2656,570,11
rep1,2.2657,571,11
rep1,2.2658,572,11
rep1,2.2658,573,11
rep1,2.2658,574,11
rep1,2.2659,575,11
rep1,2.2663,576,11
rep1,2.2664,577,11
rep1,2.2664,578,11
rep1,2.2664,579,11
rep1,2.2723,580,11
rep1,2.2723,581,11
rep1,2.2725,582,11
rep1,2.276,583,11
rep1,2.2793,584,11
rep1,2.2823,585,11
rep1,2.2827,586,11
rep1,2.2859,587,11
rep1,2.2862,588,11
rep1,2.2862,589,11
rep1,2.2889,590,11
rep1,2.2894,591,11
rep1,2.2924,592,11
rep1,2.2924,593,11
rep1,2.2925,594,11
rep1,2.2927,595,11
rep1,2.2927,596,11
rep1,2.2927,597,11
rep1,2.2928,598,11
rep1,2.2958,599,11
rep1,2.2959,600,11
rep1,2.296,601,11
rep1,2.2961,602,11
rep1,2.2992,603,11
rep1,2.3023,604,11
rep1,2.3024,605,11
rep1,2.3026,606,11
rep1,2.3027,607,11
rep1,2.3059,608,11
rep1,2.3062,609,11
rep1,2.3063,610,11
rep1,2.3063,611,11
rep1,2.3092,612,11
rep1,2.3092,613,11
rep1,2.3125,614,11
rep1,2.3127,615,11
rep1,2.3128,616,11
rep1,2.3129,617,11
rep1,2.3157,618,11
rep1,2.3161,619,11
rep1,2.3162,620,11
rep1,2.3162,621,11
rep1,2.3163,622,11
rep1,2.3223,623,11
rep1,2.3224,624,11
rep1,2.3225,625,11
rep1,2.3258,626,11
rep1,2.329,627,11
rep1,2.3295,628,11
rep1,2.3323,629,11
rep1,2.3324,630,11
rep1,2.3394,631,11
rep1,2.3457,632,11
rep1,2.3492,633,11
rep1,2.3495,634,11
rep1,2.3526,635,11
rep1,2.3526,636,11
rep1,2.3557,637,11
rep1,2.3558,638,11
rep1,2.356,639,11
rep1,2.359,640,11
rep1,2.3591,641,11
rep1,2.3626,642,11
rep1,2.3695,643,11
rep1,2.3695,644,11
rep1,2.3696,645,11
rep1,2.3696,646,11
rep1,2.3726,647,11
rep1,2.3758,648,11
rep1,2.376,649,11
rep1,2.3789,650,11
rep1,2.3858,651,11
rep1,2.386,652,11
rep1,2.3892,653,11
rep1,2.3927,654,11
rep1,2.399,655,11
rep1,2.3994,656,11
rep1,2.3995,657,11
rep1,2.4024,658,11
rep1,2.4025,659,11
rep1,2.4026,660,11
rep1,2.4026,661,11
rep1,2.4027,662,11
rep1,2.4028,663,11
rep1,2.4029,664,11
rep1,2.4058,665,11
rep1,2.4061,666,11
rep1,2.4091,667,11
rep1,2.4157,668,11
rep1,2.4159,669,11
rep1,2.416,670,11
rep1,2.4161,671,11
rep1,2.419,672,11
rep1,2.4225,673,11
rep1,2.4226,674,11
rep1,2.4227,675,11
rep1,2.4256,676,11
rep1,2.4258,677,11
rep1,2.4258,678,11
rep1,2.4259,679,11
rep1,2.4292,680,11
rep1,2.4294,681,11
rep1,2.4361,682,11
rep1,2.4393,683,11
rep1,2.4393,684,11
rep1,2.4424,685,11
rep1,2.4425,686,11
rep1,2.4427,687,11
rep1,2.4456,688,11
rep1,2.446,689,11
rep1,2.446,690,11
rep1,2.449,691,11
rep1,2.4493,692,11
rep1,2.4493,693,11
rep1,2.4493,694,11
rep1,2.4494,695,11
rep1,2.4495,696,11
rep1,2.4525,697,11
rep1,2.4527,698,11
rep1,2.4557,699,11
rep1,2.4625,700,11
rep1,2.4626,701,11
rep1,2.4661,702,11
rep1,2.4694,703,11
rep1,2.4724,704,11
rep1,2.4732,705,11
rep1,2.4732,706,11
rep1,2.4732,707,11
rep1,2.479,708,11
rep1,2.4792,709,11
rep1,2.4793,710,11
rep1,2.4794,711,11
rep1,2.4825,712,11
rep1,2.4825,713,11
rep1,2.4826,714,11
rep1,2.483,715,11
rep1,2.4861,716,11
rep1,2.4893,717,11
rep1,2.4927,718,11
rep1,2.4929,719,11
rep1,2.4956,720,11
rep1,2.4958,721,11
rep1,2.496,722,11
rep1,2.4961,723,11
rep1,2.4993,724,11
rep1,2.5023,725,11
rep1,2.5025,726,11
rep1,2.5026,727,11
rep1,2.5061,728,11
rep1,2.5126,729,11
rep1,2.5157,730,11
rep1,2.5159,731,11
rep1,2.5193,732,11
rep1,2.5227,733,11
rep1,2.5257,734,11
rep1,2.5258,735,11
rep1,2.5261,736,11
rep1,2.5296,737,11
rep1,2.5323,738,11
rep1,2.5325,739,11
rep1,2.5328,740,11
rep1,2.539,741,11
rep1,2.5396,742,11
rep1,2.5425,743,11
rep1,2.5456,744,11
rep1,2.5491,745,11
rep1,2.5492,746,11
rep1,2.5492,747,11
rep1,2.5493,748,11
rep1,2.5523,749,11
rep1,2.5524,750,11
rep1,2.5527,751,11
rep1,2.5559,752,11
rep1,2.5561,753,11
rep1,2.559,754,11
rep1,2.5624,755,11
rep1,2.5625,756,11
rep1,2.5626,757,11
rep1,2.5692,758,11
rep1,2.5695,759,11
rep1,2.5725,760,11
rep1,2.5757,761,11
rep1,2.5757,762,11
rep1,2.5758,763,11
rep1,2.5761,764,11
rep1,2.5792,765,11
rep1,2.5858,766,11
rep1,2.5861,767,11
rep1,2.5891,768,11
rep1,2.5894,769,11
rep1,2.5895,770,11
rep1,2.5895,771,11
rep1,2.5923,772,11
rep1,2.5923,773,11
rep1,2.5923,774,11
rep1,2.5926,775,11
rep1,2.5926,776,11
rep1,2.5928,777,11
rep1,2.596,778,11
rep1,2.5991,779,11
rep1,2.6024,780,11
rep1,2.6025,781,11
rep1,2.6027,782,11
rep1,2.6057,783,11
rep1,2.6058,784,11
rep1,2.606,785,11
rep1,2.6062,786,11
rep1,2.609,787,11
rep1,2.6093,788,11
rep1,2.6095,789,11
rep1,2.616,790,11
rep1,2.6161,791,11
rep1,2.6256,792,11
rep1,2.626,793,11
rep1,2.626,794,11
rep1,2.6262,795,11
rep1,2.6291,796,11
rep1,2.6324,797,11
rep1,2.6356,798,11
rep1,2.6361,799,11
rep1,2.6391,800,11
rep1,2.6394,801,11
rep1,2.6428,802,11
rep1,2.6429,803,11
rep1,2.6528,804,11
rep1,2.6528,805,11
rep1,2.6556,806,11
rep1,2.6559,807,11
rep1,2.6561,808,11
rep1,2.6589,809,11
rep1,2.6591,810,11
rep1,2.6592,811,11
rep1,2.6593,812,11
rep1,2.6593,813,11
rep1,2.6593,814,11
rep1,2.6595,815,11
rep1,2.6595,816,11
rep1,2.6623,817,11
rep1,2.6624,818,11
rep1,2.6659,819,11
rep1,2.6659,820,11
rep1,2.669,821,11
rep1,2.6692,822,11
rep1,2.6695,823,11
rep1,2.6724,824,11
rep1,2.6728,825,11
rep1,2.6728,826,11
rep1,2.6761,827,11
rep1,2.679,828,11
rep1,2.6795,829,11
rep1,2.6797,830,11
rep1,2.6797,831,11
rep1,2.6859,832,11
rep1,2.686,833,11
rep1,2.6861,834,11
rep1,2.6894,835,11
rep1,2.6927,836,11
rep1,2.6958,837,11
rep1,2.6959,838,11
rep1,2.6961,839,11
rep1,2.6961,840,11
rep1,2.6962,841,11
rep1,2.6991,842,11
rep1,2.6993,843,11
rep1,2.6994,844,11
rep1,2.6994,845,11
rep1,2.7024,846,11
rep1,2.7057,847,11
rep1,2.7057,848,11
rep1,2.709,849,11
rep1,2.7093,850,11
rep1,2.7095,851,11
rep1,2.7127,852,11
rep1,2.7127,853,11
rep1,2.7128,854,11
rep1,2.7159,855,11
rep1,2.7159,856,11
rep1,2.716,857,11
rep1,2.7161,858,11
rep1,2.7161,859,11
rep1,2.7195,860,11
rep1,2.726,861,11
rep1,2.726,862,11
rep1,2.7291,863,11
rep1,2.7291,864,11
rep1,2.7291,865,11
rep1,2.7292,866,11
rep1,2.7293,867,11
rep1,2.7293,868,11
rep1,2.7327,869,11
rep1,2.7357,870,11
rep1,2.7358,871,11
rep1,2.7391,872,11
rep1,2.7424,873,11
rep1,2.7426,874,11
rep1,2.7429,875,11
rep1,2.7456,876,11
rep1,2.7458,877,11
rep1,2.7459,878,11
rep1,2.7491,879,11
rep1,2.7493,880,11
rep1,2.7494,881,11
rep1,2.7524,882,11
rep1,2.7558,883,11
rep1,2.7559,884,11
rep1,2.7562,885,11
rep1,2.759,886,11
rep1,2.7594,887,11
rep1,2.7628,888,11
rep1,2.7689,889,11
rep1,2.7723,890,11
rep1,2.7726,891,11
rep1,2.7762,892,11
rep1,2.7834,893,11
rep1,2.7835,894,11
rep1,2.786,895,11
rep1,2.7892,896,11
rep1,2.7894,897,11
rep1,2.7927,898,11
rep1,2.7928,899,11
rep1,2.7957,900,11
rep1,2.7958,901,11
rep1,2.7961,902,11
rep1,2.7961,903,11
rep1,2.799,904,11
rep1,2.7993,905,11
rep1,2.7996,906,11
rep1,2.8028,907,11
rep1,2.8028,908,11
rep1,2.8059,909,11
rep1,2.809,910,11
rep1,2.809,911,11
rep1,2.8091,912,11
rep1,2.8092,913,11
rep1,2.8094,914,11
rep1,2.8127,915,11
rep1,2.8157,916,11
rep1,2.8157,917,11
rep1,2.8157,918,11
rep1,2.8158,919,11
rep1,2.8159,920,11
rep1,2.816,921,11
rep1,2.819,922,11
rep1,2.8192,923,11
rep1,2.8193,924,11
rep1,2.8196,925,11
rep1,2.8227,926,11
rep1,2.8257,927,11
rep1,2.826,928,11
rep1,2.8294,929,11
rep1,2.8324,930,11
rep1,2.8325,931,11
rep1,2.8325,932,11
rep1,2.8326,933,11
rep1,2.8327,934,11
rep1,2.8328,935,11
rep1,2.8358,936,11
rep1,2.8359,937,11
rep1,2.8359,938,11
rep1,2.8359,939,11
rep1,2.839,940,11
rep1,2.839,941,11
rep1,2.8391,942,11
rep1,2.8392,943,11
rep1,2.8393,944,11
rep1,2.8393,945,11
rep1,2.8393,945,12
rep1,2.8394,946,12
rep1,2.8424,947,12
rep1,2.8424,948,12
rep1,2.8425,949,12
rep1,2.8425,950,12
rep1,2.8425,951,12
rep1,2.8426,952,12
rep1,2.8426,953,12
rep1,2.8426,954,12
rep1,2.8427,955,12
rep1,2.8429,956,12
rep1,2.846,957,12
rep1,2.8461,958,12
rep1,2.8492,959,12
rep1,2.8495,960,12
rep1,2.8523,961,12
rep1,2.8525,962,12
rep1,2.8526,963,12
rep1,2.8526,964,12
rep1,2.8558,965,12
rep1,2.8558,966,12
rep1,2.859,967,12
rep1,2.8595,968,12
rep1,2.8661,969,12
rep1,2.8662,970,12
rep1,2.8689,971,12
rep1,2.869,972,12
rep1,2.8692,973,12
rep1,2.8694,974,12
rep1,2.8725,975,12
rep1,2.8769,976,12
rep1,2.8769,977,12
rep1,2.877,978,12
rep1,2.8792,979,12
rep1,2.8793,980,12
rep1,2.8795,981,12
rep1,2.8858,982,12
rep1,2.8859,983,12
rep1,2.886,984,12
rep1,2.8893,985,12
rep1,2.8923,986,12
rep1,2.8924,987,12
rep1,2.8926,988,12
rep1,2.8958,989,12
rep1,2.896,990,12
rep1,2.8962,991,12
rep1,2.8989,992,12
rep1,2.9023,993,12
rep1,2.9057,994,12
rep1,2.9058,995,12
rep1,2.906,996,12
rep1,2.9062,997,12
rep1,2.9089,998,12
rep1,2.9091,999,12
rep1,2.9092,1000,12
rep1,2.9093,1001,12
rep1,2.9124,1002,12
rep1,2.9156,1003,12
rep1,2.9161,1004,12
rep1,2.9162,1005,12
rep1,2.919,1006,12
rep1,2.9192,1007,12
rep1,2.9193,1008,12
rep1,2.9194,1009,12
rep1,2.9258,1010,12
rep1,2.9295,1011,12
rep1,2.9326,1012,12
rep1,2.9326,1013,12
rep1,2.9357,1014,12
rep1,2.936,1015,12
rep1,2.9362,1016,12
rep1,2.9392,1017,12
rep1,2.9394,1018,12
rep1,2.9428,1019,12
rep1,2.9458,1020,12
rep1,2.9459,1021,12
rep1,2.9491,1022,12
rep1,2.9525,1023,12
rep1,2.9527,1024,12
rep1,2.956,1025,12
rep1,2.9562,1026,12
rep1,2.9592,1027,12
rep1,2.9594,1028,12
rep1,2.9624,1029,12
rep1,2.9625,1030,12
rep1,2.9628,1031,12
rep1,2.9657,1032,12
rep1,2.966,1033,12
rep1,2.9661,1034,12
rep1,2.969,1035,12
rep1,2.9691,1036,12
rep1,2.9693,1037,12
rep1,2.9724,1038,12
rep1,2.9725,1039,12
rep1,2.9726,1040,12
rep1,2.9727,1041,12
rep1,2.9729,1042,12
rep1,2.9759,1043,12
rep1,2.9791,1044,12
rep1,2.9793,1045,12
rep1,2.9824,1046,12
rep1,2.986,1047,12
rep1,2.9861,1048,12
rep1,2.9862,1049,12
rep1,2.9863,1050,12
rep1,2.9893,1051,12
rep1,2.9923,1052,12
rep1,2.9925,1053,12
rep1,2.9993,1054,12
rep1,2.9994,1055,12
rep1,3.0026,1056,12
rep1,3.0027,1057,12
rep1,3.0056,1058,12
rep1,3.0057,1059,12
rep1,3.009,1060,12
rep1,3.0092,1061,12
rep1,3.0094,1062,12
rep1,3.0094,1063,12
rep1,3.0126,1064,12
rep1,3.0128,1065,12
rep1,3.0128,1066,12
rep1,3.0157,1067,12
rep1,3.0161,1068,12
rep1,3.0162,1069,12
rep1,3.019,1070,12
rep1,3.0223,1071,12
rep1,3.0224,1072,12
rep1,3.0226,1073,12
rep1,3.0228,1074,12
rep1,3.0228,1075,12
rep1,3.0229,1076,12
rep1,3.0257,1077,12
rep1,3.0258,1078,12
rep1,3.0294,1079,12
rep1,3.0326,1080,12
rep1,3.0358,1081,12
rep1,3.0361,1082,12
rep1,3.0391,1083,12
rep1,3.0392,1084,12
rep1,3.0393,1085,12
rep1,3.0427,1086,12
rep1,3.0429,1087,12
rep1,3.0458,1088,12
rep1,3.0459,1089,12
rep1,3.0462,1090,12
rep1,3.049,1091,12
rep1,3.0492,1092,12
rep1,3.0495,1093,12
rep1,3.0525,1094,12
rep1,3.0527,1095,12
rep1,3.0528,1095,13
rep1,3.0529,1096,13
rep1,3.056,1097,13
rep1,3.0561,1098,13
rep1,3.0595,1099,13
rep1,3.0658,1100,13
rep1,3.066,1101,13
rep1,3.0661,1102,13
rep1,3.0662,1103,13
rep1,3.0726,1104,13
rep1,3.0727,1105,13
rep1,3.076,1106,13
rep1,3.0761,1107,13
rep1,3.079,1108,13
rep1,3.0825,1109,13
rep1,3.0858,1110,13
rep1,3.086,1111,13
rep1,3.0894,1112,13
rep1,3.0895,1113,13
rep1,3.0896,1114,13
rep1,3.0896,1115,13
rep1,3.0898,1116,13
rep1,3.0898,1117,13
rep1,3.0924,1118,13
rep1,3.0927,1119,13
rep1,3.0956,1120,13
rep1,3.0957,1121,13
rep1,3.1025,1122,13
rep1,3.1126,1123,13
rep1,3.1128,1124,13
rep1,3.1128,1125,13
rep1,3.1161,1126,13
rep1,3.1192,1127,13
rep1,3.1192,1128,13
rep1,3.1223,1129,13
rep1,3.1225,1130,13
rep1,3.1228,1131,13
rep1,3.1228,1132,13
rep1,3.1258,1133,13
rep1,3.1259,1134,13
rep1,3.126,1135,13
rep1,3.126,1136,13
rep1,3.1293,1137,13
rep1,3.1294,1138,13
rep1,3.1295,1139,13
rep1,3.1326,1140,13
rep1,3.1332,1141,13
rep1,3.1358,1142,13
rep1,3.136,1143,13
rep1,3.1361,1144,13
rep1,3.139,1145,13
rep1,3.1395,1146,13
rep1,3.1426,1147,13
rep1,3.149,1148,13
rep1,3.1558,1149,13
rep1,3.1559,1150,13
rep1,3.1589,1151,13
rep1,3.1589,1152,13
rep1,3.159,1153,13
rep1,3.159,1154,13
rep1,3.1592,1155,13
rep1,3.1594,1156,13
rep1,3.1594,1157,13
rep1,3.1594,1158,13
rep1,3.1594,1159,13
rep1,3.1629,1160,13
rep1,3.1659,1161,13
rep1,3.1662,1162,13
rep1,3.1689,1163,13
rep1,3.1691,1164,13
rep1,3.1693,1165,13
rep1,3.1694,1166,13
rep1,3.1791,1167,13
rep1,3.1794,1168,13
rep1,3.1795,1169,13
rep1,3.1823,1170,13
rep1,3.1858,1171,13
rep1,3.1859,1172,13
rep1,3.186,1173,13
rep1,3.1861,1174,13
rep1,3.1889,1175,13
rep1,3.1925,1176,13
rep1,3.1926,1177,13
rep1,3.1926,1178,13
rep1,3.193,1179,13
rep1,3.1931,1180,13
rep1,3.1932,1181,13
rep1,3.1956,1182,13
rep1,3.1957,1183,13
rep1,3.1958,1184,13
rep1,3.1959,1185,13
rep1,3.196,1186,13
rep1,3.1961,1187,13
rep1,3.1994,1188,13
rep1,3.2058,1189,13
rep1,3.2059,1190,13
rep1,3.2059,1191,13
rep1,3.206,1192,13
rep1,3.206,1193,13
rep1,3.2061,1194,13
rep1,3.2062,1195,13
rep1,3.2128,1196,13
rep1,3.2128,1197,13
rep1,3.2158,1198,13
rep1,3.2158,1199,13
rep1,3.216,1200,13
rep1,3.216,1201,13
rep1,3.2161,1202,13
rep1,3.2192,1203,13
rep1,3.2193,1204,13
rep1,3.2224,1205,13
rep1,3.2227,1206,13
rep1,3.2258,1207,13
rep1,3.226,1208,13
rep1,3.2262,1209,13
rep1,3.2291,1210,13
rep1,3.2291,1211,13
rep1,3.2291,1212,13
rep1,3.2292,1213,13
rep1,3.2294,1214,13
rep1,3.2295,1215,13
rep1,3.2295,1216,13
rep1,3.2327,1217,13
rep1,3.239,1218,13
rep1,3.2426,1219,13
rep1,3.2428,1220,13
rep1,3.2428,1221,13
rep1,3.2458,1222,13
rep1,3.2459,1223,13
rep1,3.246,1224,13
rep1,3.249,1225,13
rep1,3.2492,1226,13
rep1,3.2492,1227,13
rep1,3.2523,1228,13
rep1,3.2524,1229,13
rep1,3.256,1230,13
rep1,3.2623,1231,13
rep1,3.2624,1232,13
rep1,3.2628,1233,13
rep1,3.2658,1234,13
rep1,3.2662,1235,13
rep1,3.2689,1236,13
rep1,3.269,1237,13
rep1,3.2693,1238,13
rep1,3.2791,1239,13
rep1,3.2792,1240,13
rep1,3.2793,1241,13
rep1,3.2794,1242,13
rep1,3.2824,1243,13
rep1,3.2829,1244,13
rep1,3.2829,1245,13
rep1,3.2859,1246,13
rep1,3.2859,1247,13
rep1,3.2859,1248,13
rep1,3.2893,1249,13
rep1,3.2894,1250,13
rep1,3.2925,1251,13
rep1,3.2927,1252,13
rep1,3.2956,1253,13
rep1,3.2957,1254,13
rep1,3.2957,1255,13
rep1,3.2958,1256,13
rep1,3.2962,1257,13
rep1,3.2989,1258,13
rep1,3.299,1259,13
rep1,3.299,1260,13
rep1,3.2992,1261,13
rep1,3.3023,1262,13
rep1,3.3023,1263,13
rep1,3.3025,1264,13
rep1,3.3027,1265,13
rep1,3.3028,1266,13
rep1,3.3029,1267,13
rep1,3.3059,1268,13
rep1,3.306,1269,13
rep1,3.306,1270,13
rep1,3.3061,1271,13
rep1,3.3093,1272,13
rep1,3.3093,1273,13
rep1,3.3124,1274,13
rep1,3.3126,1275,13
rep1,3.3126,1276,13
rep1,3.3157,1277,13
rep1,3.3161,1278,13
rep1,3.3161,1279,13
rep1,3.3193,1280,13
rep1,3.3228,1281,13
rep1,3.3228,1282,13
rep1,3.326,1283,13
rep1,3.3262,1284,13
rep1,3.3297,1285,13
rep1,3.3324,1286,13
rep1,3.3324,1287,13
rep1,3.3326,1288,13
rep1,3.3328,1289,13
rep1,3.3329,1290,13
rep1,3.3359,1291,13
rep1,3.336,1292,13
rep1,3.3363,1293,13
rep1,3.3393,1294,13
rep1,3.3393,1295,13
rep1,3.3395,1296,13
rep1,3.3396,1297,13
rep1,3.3426,1298,13
rep1,3.3427,1299,13
rep1,3.3428,1300,13
rep1,3.3456,1301,13
rep1,3.349,1302,13
rep1,3.3524,1303,13
rep1,3.3561,1304,13
rep1,3.3589,1305,13
rep1,3.3591,1306,13
rep1,3.3591,1307,13
rep1,3.3592,1308,13
rep1,3.3624,1309,13
rep1,3.3626,1310,13
rep1,3.3627,1311,13
rep1,3.3627,1312,13
rep1,3.3629,1313,13
rep1,3.3657,1314,13
rep1,3.3657,1315,13
rep1,3.3657,1316,13
rep1,3.3658,1317,13
rep1,3.3692,1318,13
rep1,3.3692,1319,13
rep1,3.3693,1320,13
rep1,3.3724,1321,13
rep1,3.3726,1322,13
rep1,3.3762,1323,13
rep1,3.3762,1324,13
rep1,3.379,1325,13
rep1,3.3793,1326,13
rep1,3.3827,1327,13
rep1,3.389,1328,13
rep1,3.3893,1329,13
rep1,3.3894,1330,13
rep1,3.3894,1331,13
rep1,3.3895,1332,13
rep1,3.3896,1333,13
rep1,3.3958,1334,13
rep1,3.3961,1335,13
rep1,3.3989,1336,13
rep1,3.3992,1337,13
rep1,3.3993,1338,13
rep1,3.3994,1339,13
rep1,3.3997,1340,13
rep1,3.3998,1341,13
rep1,3.4025,1342,13
rep1,3.4026,1343,13
rep1,3.4057,1344,13
rep1,3.4057,1345,13
rep1,3.4058,1346,13
rep1,3.4058,1347,13
rep1,3.4058,1348,13
rep1,3.406,1349,13
rep1,3.4062,1350,13
rep1,3.4063,1351,13
rep1,3.4091,1352,13
rep1,3.4093,1353,13
rep1,3.4124,1354,13
rep1,3.4128,1355,13
rep1,3.4128,1356,13
rep1,3.416,1357,13
rep1,3.416,1358,13
rep1,3.416,1359,13
rep1,3.4191,1360,13
rep1,3.4192,1361,13
rep1,3.4192,1362,13
rep1,3.4194,1363,13
rep1,3.4195,1364,13
rep1,3.4227,1365,13
rep1,3.4227,1366,13
rep1,3.4228,1367,13
rep1,3.4229,1368,13
rep1,3.4257,1369,13
rep1,3.429,1370,13
rep1,3.4293,1371,13
rep1,3.4295,1372,13
rep1,3.4296,1373,13
rep1,3.4325,1374,13
rep1,3.4326,1375,13
rep1,3.4356,1376,13
rep1,3.4392,1377,13
rep1,3.4393,1378,13
rep1,3.4394,1379,13
rep1,3.4424,1380,13
rep1,3.4424,1381,13
rep1,3.4428,1382,13
rep1,3.4429,1383,13
rep1,3.443,1384,13
rep1,3.446,1385,13
rep1,3.4461,1386,13
rep1,3.4496,1387,13
rep1,3.4529,1388,13
rep1,3.4556,1389,13
rep1,3.4558,1390,13
rep1,3.4558,1391,13
rep1,3.4559,1392,13
rep1,3.4589,1393,13
rep1,3.4589,1394,13
rep1,3.459,1395,13
rep1,3.459,1396,13
rep1,3.459,1397,13
rep1,3.4594,1398,13
rep2,0.6013,0,1
rep2,1.1076,1,1
rep2,1.1343,2,1
rep2,1.1509,3,1
rep2,1.1613,4,1
rep2,1.1876,5,1
rep2,1.1909,5,2
rep2,1.1945,6,2
rep2,1.2012,7,2
rep2,1.2207,8,2
rep2,1.2276,8,3
rep2,1.2342,9,3
rep2,1.2378,10,3
rep2,1.2476,11,3
rep2,1.2542,12,3
rep2,1.2545,13,3
rep2,1.2644,14,3
rep2,1.2645,15,3
rep2,1.2677,16,3
rep2,1.2877,17,3
rep2,1.311,18,3
rep2,1.3145,19,3
rep2,1.3147,20,3
rep2,1.321,21,3
rep2,1.3242,22,3
rep2,1.3275,23,3
rep2,1.3312,24,3
rep2,1.3313,24,4
rep2,1.334,25,4
rep2,1.3375,26,4
rep2,1.3376,27,4
rep2,1.3441,28,4
rep2,1.3476,29,4
rep2,1.3509,30,4
rep2,1.3511,31,4
rep2,1.3609,32,4
rep2,1.3613,33,4
rep2,1.3708,34,4
rep2,1.3877,35,4
rep2,1.3977,36,4
rep2,1.4007,37,4
rep2,1.411,38,4
rep2,1.4142,39,4
rep2,1.421,40,4
rep2,1.4211,41,4
rep2,1.4276,42,4
rep2,1.431,43,4
rep2,1.4342,44,4
rep2,1.4411,45,4
rep2,1.4445,46,4
rep2,1.4445,47,4
rep2,1.4477,48,4
rep2,1.4514,49,4
rep2,1.4544,50,4
rep2,1.4577,51,4
rep2,1.4743,52,4
rep2,1.4745,53,4
rep2,1.4774,54,4
rep2,1.4777,55,4
rep2,1.4808,56,4
rep2,1.481,57,4
rep2,1.4843,58,4
rep2,1.4845,59,4
rep2,1.4847,60,4
rep2,1.4847,61,4
rep2,1.4876,62,4
rep2,1.4878,63,4
rep2,1.4909,64,4
rep2,1.491,65,4
rep2,1.4911,66,4
rep2,1.4913,67,4
rep2,1.4945,68,4
rep2,1.4947,69,4
rep2,1.4973,70,4
rep2,1.4977,71,4
rep2,1.5021,72,4
rep2,1.5022,73,4
rep2,1.5041,74,4
rep2,1.5042,75,4
rep2,1.5046,76,4
rep2,1.5077,77,4
rep2,1.5078,78,4
rep2,1.5176,79,4
rep2,1.5179,80,4
rep2,1.518,81,4
rep2,1.5211,82,4
rep2,1.524,83,4
rep2,1.5276,84,4
rep2,1.5309,85,4
rep2,1.5314,86,4
rep2,1.5343,87,4
rep2,1.5376,88,4
rep2,1.5378,89,4
rep2,1.5408,90,4
rep2,1.5611,91,4
rep2,1.5641,92,4
rep2,1.5644,93,4
rep2,1.5675,94,4
rep2,1.5707,95,4
rep2,1.5743,96,4
rep2,1.5808,97,4
rep2,1.5875,98,4
rep2,1.594,99,4
rep2,1.5977,100,4
rep2,1.5979,101,4
rep2,1.6011,102,4
rep2,1.6041,103,4
rep2,1.6111,104,4
rep2,1.614,105,4
rep2,1.6141,106,4
rep2,1.6174,107,4
rep2,1.6209,108,4
rep2,1.6209,109,4
rep2,1.6313,110,4
rep2,1.6374,111,4
rep2,1.6376,112,4
rep2,1.6376,113,4
rep2,1.6407,114,4
rep2,1.6444,115,4
rep2,1.6545,116,4
rep2,1.6574,117,4
rep2,1.6575,118,4
rep2,1.6576,119,4
rep2,1.6576,120,4
rep2,1.6576,121,4
rep2,1.6608,122,4
rep2,1.661,123,4
rep2,1.6677,124,4
rep2,1.6677,125,4
rep2,1.6678,126,4
rep2,1.6679,127,4
rep2,1.6679,128,4
rep2,1.6712,129,4
rep2,1.6745,130,4
rep2,1.6746,131,4
rep2,1.6777,132,4
rep2,1.6777,133,4
rep2,1.6778,134,4
rep2,1.6779,135,4
rep2,1.6779,136,4
rep2,1.6813,137,4
rep2,1.6876,138,4
rep2,1.688,139,4
rep2,1.688,140,4
rep2,1.6912,141,4
rep2,1.6913,142,4
rep2,1.694,143,4
rep2,1.6941,144,4
rep2,1.6977,145,4
rep2,1.7108,146,4
rep2,1.7109,147,4
rep2,1.7111,148,4
rep2,1.7143,149,4
rep2,1.7186,150,4
rep2,1.7188,151,4
rep2,1.7214,152,4
rep2,1.7241,153,4
rep2,1.7241,154,4
rep2,1.7242,155,4
rep2,1.7243,156,4
rep2,1.7244,157,4
rep2,1.7274,158,4
rep2,1.728,159,4
rep2,1.7374,160,4
rep2,1.7374,161,4
rep2,1.741,162,4
rep2,1.741,163,4
rep2,1.7412,164,4
rep2,1.7442,165,4
rep2,1.7478,166,4
rep2,1.7542,167,4
rep2,1.7545,168,4
rep2,1.7575,169,4
rep2,1.7609,170,4
rep2,1.7674,171,4
rep2,1.7674,172,4
rep2,1.7675,173,4
rep2,1.7675,174,4
rep2,1.7677,175,4
rep2,1.7677,176,4
rep2,1.7679,177,4
rep2,1.7708,178,4
rep2,1.7743,179,4
rep2,1.7777,180,4
rep2,1.781,181,4
rep2,1.7842,182,4
rep2,1.7845,183,4
rep2,1.7908,184,4
rep2,1.7909,185,4
rep2,1.791,186,4
rep2,1.7942,187,4
rep2,1.7944,188,4
rep2,1.7944,189,4
rep2,1.7945,190,4
rep2,1.7947,191,4
rep2,1.7973,192,4
rep2,1.7977,193,4
rep2,1.8009,194,4
rep2,1.8076,195,4
rep2,1.8076,196,4
rep2,1.808,197,4
rep2,1.8109,198,4
rep2,1.8112,199,4
rep2,1.8143,200,4
rep2,1.8143,201,4
rep2,1.8175,202,4
rep2,1.8213,203,4
rep2,1.825,204,4
rep2,1.825,205,4
rep2,1.825,206,4
rep2,1.8251,207,4
rep2,1.8252,208,4
rep2,1.8254,209,4
rep2,1.8254,210,4
rep2,1.8254,211,4
rep2,1.8279,212,4
rep2,1.8279,213,4
rep2,1.8307,214,4
rep2,1.8308,215,4
rep2,1.8343,216,4
rep2,1.8378,217,4
rep2,1.8407,218,4
rep2,1.8407,219,4
rep2,1.8408,220,4
rep2,1.841,221,4
rep2,1.8411,222,4
rep2,1.8509,223,4
rep2,1.8541,224,4
rep2,1.8544,225,4
rep2,1.8575,226,4
rep2,1.8577,227,4
rep2,1.8579,228,4
rep2,1.8609,229,4
rep2,1.8609,230,4
rep2,1.864,231,4
rep2,1.8644,232,4
rep2,1.8674,233,4
rep2,1.8674,234,4
rep2,1.8674,235,4
rep2,1.8676,236,4
rep2,1.8678,237,4
rep2,1.8679,238,4
rep2,1.8679,239,4
rep2,1.8708,240,4
rep2,1.871,241,4
rep2,1.871,242,4
rep2,1.8714,243,4
rep2,1.8742,244,4
rep2,1.8774,245,4
rep2,1.8776,246,4
rep2,1.8807,247,4
rep2,1.881,248,4
rep2,1.8878,249,4
rep2,1.8941,250,4
rep2,1.8941,251,4
rep2,1.8945,252,4
rep2,1.8946,253,4
rep2,1.9007,254,4
rep2,1.9007,255,4
rep2,1.9012,256,4
rep2,1.9044,257,4
rep2,1.9045,258,4
rep2,1.9078,259,4
rep2,1.911,260,4
rep2,1.914,261,4
rep2,1.9142,262,4
rep2,1.9178,263,4
rep2,1.918,264,4
rep2,1.9244,265,4
rep2,1.9307,266,4
rep2,1.9308,267,4
rep2,1.9308,268,4
rep2,1.9314,269,4
rep2,1.9316,270,4
rep2,1.9343,271,4
rep2,1.9344,272,4
rep2,1.9346,273,4
rep2,1.9346,274,4
rep2,1.9374,275,4
rep2,1.9413,276,4
rep2,1.9413,277,4
rep2,1.9443,278,4
rep2,1.9476,279,4
rep2,1.9478,280,4
rep2,1.9511,281,4
rep2,1.9577,282,4
rep2,1.9579,283,4
rep2,1.9641,284,4
rep2,1.9676,285,4
rep2,1.9678,286,4
rep2,1.9678,287,4
rep2,1.9678,288,4
rep2,1.9711,289,4
rep2,1.9712,290,4
rep2,1.9747,291,4
rep2,1.9774,292,4
rep2,1.9776,293,4
rep2,1.9776,294,4
rep2,1.9809,295,4
rep2,1.984,296,4
rep2,1.9877,297,4
rep2,1.9879,298,4
rep2,1.9907,299,4
rep2,1.9908,300,4
rep2,1.9974,301,4
rep2,1.9977,302,4
rep2,1.9978,303,4
rep2,1.9978,304,4
rep2,1.9978,305,4
rep2,1.9979,306,4
rep2,2.0009,307,4
rep2,2.0011,308,4
rep2,2.0012,309,4
rep2,2.0012,310,4
rep2,2.0046,311,4
rep2,2.0074,312,4
rep2,2.0079,313,4
rep2,2.011,314,4
rep2,2.0112,315,4
rep2,2.0146,316,4
rep2,2.0213,317,4
rep2,2.0243,318,4
rep2,2.0243,319,4
rep2,2.0243,320,4
rep2,2.0244,321,4
rep2,2.0274,322,4
rep2,2.0276,323,4
rep2,2.0307,324,4
rep2,2.0312,325,4
rep2,2.0346,326,4
rep2,2.0378,327,4
rep2,2.0378,328,4
rep2,2.0408,329,4
rep2,2.0411,330,4
rep2,2.0413,331,4
rep2,2.0441,332,4
rep2,2.0441,333,4
rep2,2.0444,334,4
rep2,2.0481,335,4
rep2,2.0508,336,4
rep2,2.0512,337,4
rep2,2.0512,338,4
rep2,2.0542,339,4
rep2,2.0544,340,4
rep2,2.0545,341,4
rep2,2.0575,342,4
rep2,2.0607,343,4
rep2,2.061,344,4
rep2,2.0612,345,4
rep2,2.0613,346,4
rep2,2.064,347,4
rep2,2.0642,348,4
rep2,2.0642,349,4
rep2,2.0642,350,4
rep2,2.0643,351,4
rep2,2.0644,352,4
rep2,2.0647,353,4
rep2,2.0675,354,4
rep2,2.0677,355,4
rep2,2.0677,356,4
rep2,2.0677,357,4
rep2,2.0678,358,4
rep2,2.0679,359,4
rep2,2.0707,360,4
rep2,2.0711,361,4
rep2,2.0743,362,4
rep2,2.0744,363,4
rep2,2.0745,364,4
rep2,2.0746,365,4
rep2,2.0777,366,4
rep2,2.0779,367,4
rep2,2.0807,368,4
rep2,2.0809,369,4
rep2,2.081,370,4
rep2,2.0844,371,4
rep2,2.0875,372,4
rep2,2.0877,373,4
rep2,2.0877,374,4
rep2,2.091,375,4
rep2,2.0911,376,4
rep2,2.0978,377,4
rep2,2.1041,378,4
rep2,2.1075,379,4
rep2,2.1076,380,4
rep2,2.1076,381,4
rep2,2.1076,382,4
rep2,2.108,383,4
rep2,2.1175,384,4
rep2,2.1176,385,4
rep2,2.1176,386,4
rep2,2.1178,387,4
rep2,2.118,388,4
rep2,2.121,389,4
rep2,2.121,390,4
rep2,2.1244,391,4
rep2,2.1275,392,4
rep2,2.128,393,4
rep2,2.1307,394,4
rep2,2.131,395,4
rep2,2.1311,396,4
rep2,2.1341,397,4
rep2,2.1345,398,4
rep2,2.1375,399,4
rep2,2.1376,400,4
rep2,2.1377,401,4
rep2,2.1379,402,4
rep2,2.1379,403,4
rep2,2.141,404,4
rep2,2.1412,405,4
rep2,2.1441,406,4
rep2,2.1441,407,4
rep2,2.1442,408,4
rep2,2.1443,409,4
rep2,2.1473,410,4
rep2,2.1474,411,4
rep2,2.1476,412,4
rep2,2.148,413,4
rep2,2.1509,414,4
rep2,2.151,415,4
rep2,2.151,416,4
rep2,2.1541,417,4
rep2,2.1546,418,4
rep2,2.1587,419,4
rep2,2.1587,420,4
rep2,2.1609,421,4
rep2,2.1612,422,4
rep2,2.1612,423,4
rep2,2.1642,424,4
rep2,2.1645,425,4
rep2,2.1675,426,4
rep2,2.1675,427,4
rep2,2.1679,428,4
rep2,2.1707,429,4
rep2,2.1708,430,4
rep2,2.171,431,4
rep2,2.1742,432,4
rep2,2.1743,433,4
rep2,2.1745,434,4
rep2,2.1774,435,4
rep2,2.1811,436,4
rep2,2.1842,437,4
rep2,2.1844,438,4
rep2,2.1876,439,4
rep2,2.1877,440,4
rep2,2.1907,441,4
rep2,2.1909,442,4
rep2,2.1912,443,4
rep2,2.1944,444,4
rep2,2.1975,445,4
rep2,2.198,446,4
rep2,2.2008,447,4
rep2,2.2042,448,4
rep2,2.2043,449,4
rep2,2.2043,450,4
rep2,2.2078,451,4
rep2,2.2079,452,4
rep2,2.2143,453,4
rep2,2.2143,454,4
rep2,2.2146,455,4
rep2,2.2146,456,4
rep2,2.2146,457,4
rep2,2.221,458,4
rep2,2.2212,459,4
rep2,2.2212,460,4
rep2,2.2241,461,4
rep2,2.2241,462,4
rep2,2.2243,463,4
rep2,2.2243,464,4
rep2,2.2244,465,4
rep2,2.2244,466,4
rep2,2.2245,467,4
rep2,2.2246,468,4
rep2,2.2274,469,4
rep2,2.228,470,4
rep2,2.2312,471,4
rep2,2.2343,472,4
rep2,2.2346,473,4
rep2,2.2378,474,4
rep2,2.2411,475,4
rep2,2.2413,476,4
rep2,2.2442,477,4
rep2,2.2444,478,4
rep2,2.2476,479,4
rep2,2.2512,480,4
rep2,2.2513,481,4
rep2,2.2541,482,4
rep2,2.2543,483,4
rep2,2.2545,484,4
rep2,2.2546,485,4
rep2,2.2576,486,4
rep2,2.2577,487,4
rep2,2.2578,488,4
rep2,2.2608,489,4
rep2,2.2613,490,4
rep2,2.264,491,4
rep2,2.2684,492,4
rep2,2.2684,493,4
rep2,2.2685,494,4
rep2,2.2685,495,4
rep2,2.2686,496,4
rep2,2.2687,497,4
rep2,2.2687,498,4
rep2,2.2687,499,4
rep2,2.2709,500,4
rep2,2.274,501,4
rep2,2.2741,502,4
rep2,2.2741,503,4
rep2,2.2743,504,4
rep2,2.2745,505,4
rep2,2.2745,506,4
rep2,2.2745,507,4
rep2,2.2746,508,4
rep2,2.2746,509,4
rep2,2.2747,510,4
rep2,2.2774,511,4
rep2,2.2775,512,4
rep2,2.2776,513,4
rep2,2.2779,514,4
rep2,2.281,515,4
rep2,2.2811,516,4
rep2,2.2812,517,4
rep2,2.2846,518,4
rep2,2.2876,519,4
rep2,2.2878,520,4
rep2,2.291,521,4
rep2,2.2911,522,4
rep2,2.2911,523,4
rep2,2.2912,524,4
rep2,2.2942,525,4
rep2,2.2944,526,4
rep2,2.2977,527,4
rep2,2.3008,528,4
rep2,2.3008,529,4
rep2,2.3041,530,4
rep2,2.3041,531,4
rep2,2.3076,532,4
rep2,2.311,533,4
rep2,2.311,534,4
rep2,2.3144,535,4
rep2,2.3175,536,4
rep2,2.3176,537,4
rep2,2.3179,538,4
rep2,2.3179,539,4
rep2,2.3208,540,4
rep2,2.3209,541,4
rep2,2.3209,542,4
rep2,2.321,543,4
rep2,2.3242,544,4
rep2,2.3278,545,4
rep2,2.3309,546,4
rep2,2.331,547,4
rep2,2.3311,548,4
rep2,2.3377,549,4
rep2,2.3379,550,4
rep2,2.3413,551,4
rep2,2.3443,552,4
rep2,2.3443,553,4
rep2,2.3443,554,4
rep2,2.3445,555,4
rep2,2.3446,556,4
rep2,2.3446,557,4
rep2,2.3474,558,4
rep2,2.3475,559,4
rep2,2.3507,560,4
rep2,2.351,561,4
rep2,2.351,562,4
rep2,2.351,563,4
rep2,2.354,564,4
rep2,2.3542,565,4
rep2,2.3544,566,4
rep2,2.3545,567,4
rep2,2.3546,567,5
rep2,2.3576,568,5
rep2,2.3576,569,5
rep2,2.3578,570,5
rep2,2.3578,571,5
rep2,2.3579,572,5
rep2,2.3611,573,5
rep2,2.3612,574,5
rep2,2.3641,575,5
rep2,2.3642,576,5
rep2,2.3673,577,5
rep2,2.3677,578,5
rep2,2.3708,579,5
rep2,2.374,580,5
rep2,2.3744,581,5
rep2,2.3746,582,5
rep2,2.3779,583,5
rep2,2.3779,584,5
rep2,2.3807,585,5
rep2,2.3807,586,5
rep2,2.3808,587,5
rep2,2.3854,588,5
rep2,2.3874,589,5
rep2,2.3876,590,5
rep2,2.3942,591,5
rep2,2.3944,592,5
rep2,2.3976,593,5
rep2,2.3976,594,5
rep2,2.4007,595,5
rep2,2.401,596,5
rep2,2.4011,597,5
rep2,2.4011,598,5
rep2,2.4014,599,5
rep2,2.4043,600,5
rep2,2.4044,601,5
rep2,2.4044,602,5
rep2,2.4045,603,5
rep2,2.4047,604,5
rep2,2.4076,605,5
rep2,2.4077,606,5
rep2,2.4077,607,5
rep2,2.4079,608,5
rep2,2.4079,609,5
rep2,2.408,610,5
rep2,2.4108,611,5
rep2,2.4111,612,5
rep2,2.414,613,5
rep2,2.4143,614,5
rep2,2.4175,615,5
rep2,2.4177,616,5
rep2,2.4244,617,5
rep2,2.4344,618,5
rep2,2.4407,619,5
rep2,2.4408,620,5
rep2,2.4442,621,5
rep2,2.4509,622,5
rep2,2.451,623,5
rep2,2.4513,624,5
rep2,2.454,625,5
rep2,2.4541,626,5
rep2,2.4545,627,5
rep2,2.4546,628,5
rep2,2.4576,629,5
rep2,2.4577,630,5
rep2,2.4607,631,5
rep2,2.4611,632,5
rep2,2.4611,633,5
rep2,2.4612,634,5
rep2,2.4612,635,5
rep2,2.4612,636,5
rep2,2.4643,637,5
rep2,2.4676,638,5
rep2,2.4676,639,5
rep2,2.4676,640,5
rep2,2.4678,641,5
rep2,2.4679,642,5
rep2,2.4679,643,5
rep2,2.4708,644,5
rep2,2.4743,645,5
rep2,2.4744,646,5
rep2,2.4745,647,5
rep2,2.4776,648,5
rep2,2.4776,649,5
rep2,2.4777,650,5
rep2,2.478,651,5
rep2,2.4807,652,5
rep2,2.4809,653,5
rep2,2.4812,654,5
rep2,2.4814,655,5
rep2,2.4815,656,5
rep2,2.4841,657,5
rep2,2.4842,658,5
rep2,2.4845,659,5
rep2,2.4846,660,5
rep2,2.4874,661,5
rep2,2.4874,662,5
rep2,2.4875,663,5
rep2,2.4875,664,5
rep2,2.4876,665,5
rep2,2.4876,666,5
rep2,2.4877,667,5
rep2,2.4878,668,5
rep2,2.4878,669,5
rep2,2.4878,670,5
rep2,2.4907,671,5
rep2,2.4946,672,5
rep2,2.4975,673,5
rep2,2.5007,674,5
rep2,2.5077,675,5
rep2,2.5108,676,5
rep2,2.5111,677,5
rep2,2.5112,678,5
rep2,2.5113,679,5
rep2,2.5145,680,5
rep2,2.5174,681,5
rep2,2.5177,682,5
rep2,2.5241,683,5
rep2,2.5241,684,5
rep2,2.5243,685,5
rep2,2.5243,686,5
rep2,2.5244,686,6
rep2,2.5275,687,6
rep2,2.5275,688,6
rep2,2.5308,689,6
rep2,2.5309,690,6
rep2,2.5312,691,6
rep2,2.5341,692,6
rep2,2.5343,693,6
rep2,2.5376,694,6
rep2,2.544,695,6
rep2,2.5445,696,6
rep2,2.5446,697,6
rep2,2.5507,698,6
rep2,2.5544,699,6
rep2,2.5577,700,6
rep2,2.5577,701,6
rep2,2.5578,702,6
rep2,2.5645,703,6
rep2,2.5677,704,6
rep2,2.5679,705,6
rep2,2.5707,706,6
rep2,2.5709,707,6
rep2,2.5709,708,6
rep2,2.5742,709,6
rep2,2.5743,710,6
rep2,2.5773,711,6
rep2,2.5774,712,6
rep2,2.5774,713,6
rep2,2.5807,714,6
rep2,2.5845,715,6
rep2,2.5846,716,6
rep2,2.5847,717,6
rep2,2.5907,718,6
rep2,2.5909,719,6
rep2,2.591,720,6
rep2,2.5944,721,6
rep2,2.5945,722,6
rep2,2.6011,723,6
rep2,2.6043,724,6
rep2,2.6043,725,6
rep2,2.6047,726,6
rep2,2.6079,727,6
rep2,2.611,728,6
rep2,2.611,729,6
rep2,2.6141,730,6
rep2,2.6141,731,6
rep2,2.6142,732,6
rep2,2.6142,733,6
rep2,2.6143,734,6
rep2,2.6143,735,6
rep2,2.6145,736,6
rep2,2.6145,737,6
rep2,2.6146,738,6
rep2,2.6174,739,6
rep2,2.6174,740,6
rep2,2.6175,741,6
rep2,2.6175,742,6
rep2,2.6176,743,6
rep2,2.6178,744,6
rep2,2.6209,745,6
rep2,2.621,746,6
rep2,2.6248,747,6
rep2,2.6275,748,6
rep2,2.6276,749,6
rep2,2.6278,750,6
rep2,2.6278,751,6
rep2,2.6279,752,6
rep2,2.6314,753,6
rep2,2.634,754,6
rep2,2.6344,755,6
rep2,2.6376,756,6
rep2,2.6378,757,6
rep2,2.641,758,6
rep2,2.6412,759,6
rep2,2.6441,760,6
rep2,2.6475,761,6
rep2,2.6475,762,6
rep2,2.6507,763,6
rep2,2.6509,764,6
rep2,2.651,765,6
rep2,2.6512,766,6
rep2,2.6575,767,6
rep2,2.6578,768,6
rep2,2.6612,769,6
rep2,2.6678,770,6
rep2,2.668,771,6
rep2,2.6742,772,6
rep2,2.6744,773,6
rep2,2.6745,774,6
rep2,2.6809,775,6
rep2,2.6846,776,6
rep2,2.6878,777,6
rep2,2.6878,778,6
rep2,2.6878,779,6
rep2,2.6878,780,6
rep2,2.6879,781,6
rep2,2.688,782,6
rep2,2.6918,783,6
rep2,2.7043,784,6
rep2,2.7075,785,6
rep2,2.7107,786,6
rep2,2.7109,787,6
rep2,2.7111,788,6
rep2,2.7143,789,6
rep2,2.7147,790,6
rep2,2.7147,791,6
rep2,2.7176,792,6
rep2,2.7178,793,6
rep2,2.7209,794,6
rep2,2.7241,795,6
rep2,2.7242,796,6
rep2,2.7244,797,6
rep2,2.7275,798,6
rep2,2.7278,799,6
rep2,2.731,800,6
rep2,2.7312,801,6
rep2,2.7343,802,6
rep2,2.7344,803,6
rep2,2.7346,804,6
rep2,2.7347,805,6
rep2,2.7347,806,6
rep2,2.7377,807,6
rep2,2.741,808,6
rep2,2.7413,809,6
rep2,2.7474,810,6
rep2,2.7475,811,6
rep2,2.7475,812,6
rep2,2.7477,813,6
rep2,2.7479,814,6
rep2,2.7507,815,6
rep2,2.7507,816,6
rep2,2.7541,817,6
rep2,2.7545,818,6
rep2,2.7546,819,6
rep2,2.7576,820,6
rep2,2.7576,821,6
rep2,2.7577,822,6
rep2,2.7578,823,6
rep2,2.7607,824,6
rep2,2.761,825,6
rep2,2.7611,826,6
rep2,2.7643,827,6
rep2,2.7645,828,6
rep2,2.7678,829,6
rep2,2.768,830,6
rep2,2.7709,831,6
rep2,2.771,832,6
rep2,2.7712,833,6
rep2,2.7713,834,6
rep2,2.7741,835,6
rep2,2.7742,836,6
rep2,2.7744,837,6
rep2,2.7744,838,6
rep2,2.7744,839,6
rep2,2.7777,840,6
rep2,2.7811,841,6
rep2,2.7844,842,6
rep2,2.7877,843,6
rep2,2.7916,844,6
rep2,2.7919,845,6
rep2,2.792,846,6
rep2,2.7976,847,6
rep2,2.7977,848,6
rep2,2.8042,849,6
rep2,2.8046,850,6
rep2,2.8076,851,6
rep2,2.8081,852,6
rep2,2.8112,853,6
rep2,2.8143,854,6
rep2,2.8144,855,6
rep2,2.8146,856,6
rep2,2.8175,857,6
rep2,2.8175,858,6
rep2,2.8241,859,6
rep2,2.8243,860,6
rep2,2.8243,861,6
rep2,2.8243,862,6
rep2,2.8244,863,6
rep2,2.8245,864,6
rep2,2.8245,865,6
rep2,2.8246,866,6
rep2,2.8276,867,6
rep2,2.8277,868,6
rep2,2.8308,869,6
rep2,2.8308,870,6
rep2,2.8309,871,6
rep2,2.831,872,6
rep2,2.8341,873,6
rep2,2.8345,874,6
rep2,2.8409,875,6
rep2,2.8413,876,6
rep2,2.844,877,6
rep2,2.844,878,6
rep2,2.8441,879,6
rep2,2.8445,880,6
rep2,2.8475,881,6
rep2,2.8476,882,6
rep2,2.8477,883,6
rep2,2.8479,884,6
rep2,2.8511,885,6
rep2,2.8512,886,6
rep2,2.8541,887,6
rep2,2.8545,888,6
rep2,2.8576,889,6
rep2,2.8577,890,6
rep2,2.8608,891,6
rep2,2.8609,892,6
rep2,2.8611,893,6
rep2,2.8613,894,6
rep2,2.864,895,6
rep2,2.8643,896,6
rep2,2.8645,897,6
rep2,2.8708,898,6
rep2,2.8709,899,6
rep2,2.871,900,6
rep2,2.8746,901,6
rep2,2.8778,902,6
rep2,2.8812,903,6
rep2,2.8845,904,6
rep2,2.8874,905,6
rep2,2.8878,906,6
rep2,2.888,907,6
rep2,2.8881,908,6
rep2,2.894,909,6
rep2,2.8944,910,6
rep2,2.8949,911,6
rep2,2.9007,912,6
rep2,2.9009,913,6
rep2,2.9011,914,6
rep2,2.9011,915,6
rep2,2.9044,916,6
rep2,2.9044,917,6
rep2,2.908,918,6
rep2,2.9107,919,6
rep2,2.9107,920,6
rep2,2.9108,921,6
rep2,2.9108,922,6
rep2,2.9109,923,6
rep2,2.9111,924,6
rep2,2.9112,925,6
rep2,2.9113,926,6
rep2,2.9177,927,6
rep2,2.9243,928,6
rep2,2.9243,929,6
rep2,2.9245,930,6
rep2,2.9245,931,6
rep2,2.9275,932,6
rep2,2.9277,933,6
rep2,2.9279,934,6
rep2,2.9311,935,6
rep2,2.9312,936,6
rep2,2.9344,937,6
rep2,2.9344,938,6
rep2,2.9346,939,6
rep2,2.9375,940,6
rep2,2.9408,941,6
rep2,2.9409,942,6
rep2,2.9444,943,6
rep2,2.9475,944,6
rep2,2.9478,945,6
rep2,2.9507,946,6
rep2,2.9513,947,6
rep2,2.9513,948,6
rep2,2.9542,949,6
rep2,2.9543,950,6
rep2,2.9544,951,6
rep2,2.9574,952,6
rep2,2.9575,953,6
rep2,2.9576,954,6
rep2,2.9578,955,6
rep2,2.9578,956,6
rep2,2.9612,957,6
rep2,2.9679,958,6
rep2,2.9681,959,6
rep2,2.9712,960,6
rep2,2.974,961,6
rep2,2.9741,962,6
rep2,2.9743,963,6
rep2,2.9744,964,6
rep2,2.9744,965,6
rep2,2.9745,966,6
rep2,2.9775,967,6
rep2,2.9777,968,6
rep2,2.978,969,6
rep2,2.9781,970,6
rep2,2.981,971,6
rep2,2.9812,972,6
rep2,2.9813,973,6
rep2,2.9878,974,6
rep2,2.9907,975,6
rep2,2.9912,976,6
rep2,2.9944,977,6
rep2,2.9977,978,6
rep2,2.9979,979,6
rep2,3.0019,980,6
rep2,3.0019,981,6
rep2,3.002,982,6
rep2,3.002,983,6
rep2,3.0022,984,6
rep2,3.0042,985,6
rep2,3.0043,986,6
rep2,3.0076,987,6
rep2,3.0077,988,6
rep2,3.0078,989,6
rep2,3.0141,990,6
rep2,3.0173,991,6
rep2,3.0177,992,6
rep2,3.021,993,6
rep2,3.0211,994,6
rep2,3.0213,995,6
rep2,3.0242,996,6
rep2,3.0243,997,6
rep2,3.0244,998,6
rep2,3.0247,999,6
rep2,3.0274,1000,6
rep2,3.0275,1001,6
rep2,3.0276,1002,6
rep2,3.0308,1003,6
rep2,3.0309,1004,6
rep2,3.031,1005,6
rep2,3.031,1006,6
rep2,3.031,1007,6
rep2,3.031,1008,6
rep2,3.0311,1009,6
rep2,3.0343,1010,6
rep2,3.0344,1011,6
rep2,3.0375,1012,6
rep2,3.0377,1013,6
rep2,3.038,1014,6
rep2,3.041,1015,6
rep2,3.0412,1016,6
rep2,3.0412,1017,6
rep2,3.0414,1018,6
rep2,3.0442,1019,6
rep2,3.0442,1020,6
rep2,3.0443,1021,6
rep2,3.0474,1022,6
rep2,3.0476,1023,6
rep2,3.0477,1024,6
rep2,3.0511,1025,6
rep2,3.0543,1026,6
rep2,3.0543,1027,6
rep2,3.0575,1028,6
rep2,3.061,1029,6
rep2,3.0612,1030,6
rep2,3.0646,1031,6
rep2,3.0673,1032,6
rep2,3.0674,1033,6
rep2,3.0674,1034,6
rep2,3.068,1035,6
rep2,3.068,1036,6
rep2,3.068,1037,6
rep2,3.0707,1038,6
rep2,3.0711,1039,6
rep2,3.0774,1040,6
rep2,3.0777,1041,6
rep2,3.0777,1042,6
rep2,3.0779,1043,6
rep2,3.0779,1044,6
rep2,3.0842,1045,6
rep2,3.0845,1046,6
rep2,3.0875,1047,6
rep2,3.0877,1048,6
rep2,3.088,1049,6
rep2,3.0911,1050,6
rep2,3.0913,1051,6
rep2,3.0945,1052,6
rep2,3.0946,1053,6
rep2,3.0946,1054,6
rep2,3.1008,1055,6
rep2,3.1009,1056,6
rep2,3.1011,1057,6
rep2,3.1013,1058,6
rep2,3.1014,1059,6
rep2,3.1046,1060,6
rep2,3.1076,1061,6
rep2,3.1077,1062,6
rep2,3.1118,1063,6
rep2,3.112,1064,6
rep2,3.112,1065,6
rep2,3.112,1066,6
rep2,3.112,1067,6
rep2,3.1121,1068,6
rep2,3.1144,1069,6
rep2,3.1174,1070,6
rep2,3.1175,1071,6
rep2,3.1179,1072,6
rep2,3.1179,1073,6
rep2,3.1209,1074,6
rep2,3.1244,1075,6
rep2,3.1244,1076,6
rep2,3.1246,1077,6
rep2,3.1277,1078,6
rep2,3.1308,1079,6
rep2,3.1311,1080,6
rep2,3.1341,1081,6
rep2,3.1346,1082,6
rep2,3.1378,1083,6
rep2,3.1409,1084,6
rep2,3.144,1085,6
rep2,3.1443,1086,6
rep2,3.1445,1087,6
rep2,3.1447,1088,6
rep2,3.148,1089,6
rep2,3.1508,1090,6
rep2,3.1509,1091,6
rep2,3.1509,1092,6
rep2,3.1509,1093,6
rep2,3.1511,1094,6
rep2,3.1576,1095,6
rep2,3.1578,1096,6
rep2,3.158,1097,6
rep2,3.1611,1098,6
rep2,3.1674,1099,6
rep2,3.1676,1100,6
rep2,3.1676,1101,6
rep2,3.1677,1102,6
rep2,3.1679,1103,6
rep2,3.1679,1104,6
rep2,3.1742,1105,6
rep2,3.1774,1106,6
rep2,3.1777,1107,6
rep2,3.1777,1108,6
rep2,3.1807,1109,6
rep2,3.1808,1110,6
rep2,3.1808,1111,6
rep2,3.1809,1112,6
rep2,3.181,1113,6
rep2,3.1811,1114,6
rep2,3.1811,1115,6
rep2,3.1811,1116,6
rep2,3.1811,1117,6
rep2,3.1812,1118,6
rep2,3.1843,1119,6
rep2,3.1843,1120,6
rep2,3.1844,1121,6
rep2,3.1844,1122,6
rep2,3.1877,1123,6
rep2,3.1911,1124,6
rep2,3.194,1125,6
rep2,3.1942,1126,6
rep2,3.1946,1127,6
rep2,3.1974,1128,6
rep2,3.1977,1129,6
rep2,3.1979,1130,6
rep2,3.198,1131,6
rep2,3.2008,1132,6
rep2,3.2009,1133,6
rep2,3.2045,1134,6
rep2,3.2075,1135,6
rep2,3.2077,1136,6
rep2,3.2078,1137,6
rep2,3.2079,1138,6
rep2,3.2107,1139,6
rep2,3.2108,1140,6
rep2,3.211,1141,6
rep2,3.2141,1142,6
rep2,3.2143,1143,6
rep2,3.2144,1144,6
rep2,3.2176,1145,6
rep2,3.2207,1146,6
rep2,3.2213,1147,6
rep2,3.2273,1148,6
rep2,3.2275,1149,6
rep2,3.2276,1150,6
rep2,3.2311,1151,6
rep2,3.2343,1152,6
rep2,3.2346,1153,6
rep2,3.2374,1154,6
rep2,3.2374,1155,6
rep2,3.2375,1156,6
rep2,3.2377,1157,6
rep2,3.2378,1158,6
rep2,3.2379,1159,6
rep2,3.2379,1160,6
rep2,3.238,1161,6
rep2,3.2409,1162,6
rep2,3.241,1163,6
rep2,3.2446,1164,6
rep2,3.2477,1165,6
rep2,3.2478,1166,6
rep2,3.2478,1167,6
rep2,3.248,1168,6
rep2,3.2509,1169,6
rep2,3.2543,1170,6
rep2,3.2544,1171,6
rep2,3.2546,1172,6
rep2,3.2578,1173,6
rep2,3.2613,1174,6
rep2,3.2613,1175,6
rep2,3.2641,1176,6
rep2,3.2643,1177,6
rep2,3.2646,1178,6
rep2,3.2676,1179,6
rep2,3.2709,1180,6
rep2,3.2709,1181,6
rep2,3.271,1182,6
rep2,3.2713,1183,6
rep2,3.2713,1184,6
rep2,3.2713,1185,6
rep2,3.2774,1186,6
rep2,3.2777,1187,6
rep2,3.281,1188,6
rep2,3.2812,1189,6
rep2,3.2814,1190,6
rep2,3.2842,1191,6
rep2,3.2845,1192,6
rep2,3.2875,1193,6
rep2,3.2876,1194,6
rep2,3.2877,1195,6
rep2,3.2913,1196,6
rep2,3.2914,1197,6
rep2,3.2943,1198,6
rep2,3.2944,1199,6
rep2,3.2979,1200,6
rep2,3.3009,1201,6
rep2,3.3044,1202,6
rep2,3.3045,1203,6
rep2,3.3045,1204,6
rep2,3.3075,1205,6
rep2,3.3075,1206,6
rep2,3.3077,1207,6
rep2,3.3079,1208,6
rep2,3.3109,1209,6
rep2,3.3111,1210,6
rep2,3.3111,1211,6
rep2,3.3111,1212,6
rep2,3.3145,1213,6
rep2,3.3175,1214,6
rep2,3.3176,1215,6
rep2,3.3177,1216,6
rep2,3.318,1217,6
rep2,3.3211,1218,6
rep2,3.3212,1219,6
rep2,3.3212,1220,6
rep2,3.3213,1221,6
rep2,3.3214,1222,6
rep2,3.3214,1223,6
rep2,3.3214,1224,6
rep2,3.3214,1225,6
rep2,3.3245,1226,6
rep2,3.3246,1227,6
rep2,3.3247,1228,6
rep2,3.3276,1229,6
rep2,3.3277,1230,6
rep2,3.3279,1231,6
rep2,3.3279,1232,6
rep2,3.328,1233,6
rep2,3.3309,1234,6
rep2,3.331,1235,6
rep2,3.3311,1236,6
rep2,3.3312,1237,6
rep2,3.3345,1238,6
rep2,3.3346,1239,6
rep2,3.3408,1240,6
rep2,3.3411,1241,6
rep2,3.3444,1242,6
rep2,3.3473,1243,6
rep2,3.3474,1244,6
rep2,3.3475,1245,6
rep2,3.3476,1246,6
rep2,3.3478,1247,6
rep2,3.3478,1248,6
rep2,3.351,1249,6
rep2,3.351,1250,6
rep2,3.351,1251,6
rep2,3.3512,1252,6
rep2,3.3544,1253,6
rep2,3.3545,1254,6
rep2,3.3545,1255,6
rep2,3.3545,1256,6
rep2,3.3546,1257,6
rep2,3.3575,1258,6
rep2,3.3577,1259,6
rep2,3.361,1260,6
rep2,3.3615,1261,6
rep2,3.3642,1262,6
rep2,3.3644,1263,6
rep2,3.3679,1264,6
rep2,3.3681,1265,6
rep2,3.371,1266,6
rep2,3.3712,1267,6
rep2,3.3742,1268,6
rep2,3.3774,1269,6
rep2,3.3777,1270,6
rep2,3.3777,1271,6
rep2,3.3779,1272,6
rep2,3.3779,1273,6
rep2,3.3808,1274,6
rep2,3.3811,1275,6
rep2,3.3812,1276,6
rep2,3.3845,1277,6
rep2,3.3878,1278,6
rep2,3.391,1279,6
rep2,3.3911,1280,6
rep2,3.3974,1281,6
rep2,3.3974,1282,6
rep2,3.3977,1283,6
rep2,3.3979,1284,6
rep2,3.4011,1285,6
rep2,3.4041,1286,6
rep2,3.4045,1287,6
rep2,3.4073,1288,6
rep2,3.4078,1289,6
rep2,3.411,1290,6
rep2,3.4111,1291,6
rep2,3.414,1292,6
rep2,3.4173,1293,6
rep2,3.4179,1294,6
rep2,3.421,1295,6
rep2,3.4241,1296,6
rep2,3.4244,1297,6
rep2,3.4244,1298,6
rep2,3.4274,1299,6
rep2,3.4277,1300,6
rep2,3.4279,1301,6
rep2,3.431,1302,6
rep2,3.4341,1303,6
rep2,3.4387,1304,6
rep2,3.4409,1305,6
rep2,3.4441,1306,6
rep2,3.4442,1307,6
rep2,3.4444,1308,6
rep2,3.4445,1309,6
rep2,3.4445,1310,6
rep2,3.4475,1311,6
rep2,3.4477,1312,6
rep2,3.4478,1313,6
rep2,3.451,1314,6
rep2,3.4541,1315,6
rep2,3.4544,1316,6
rep2,3.4546,1317,6
rep2,3.4575,1318,6
rep2,3.4608,1319,6
rep2,3.4609,1320,6
rep2,3.4612,1321,6
rep2,3.4612,1322,6
rep2,3.464,1323,6
rep3,0.1711,0,1
rep3,0.1909,0,2
rep3,0.3111,0,3
rep3,0.6777,0,4
rep3,0.7943,0,5
rep3,1.0575,1,5
rep3,1.0743,2,5
rep3,1.0811,3,5
rep3,1.0942,4,5
rep3,1.131,5,5
rep3,1.1643,6,5
rep3,1.1675,7,5
rep3,1.1876,8,5
rep3,1.1942,9,5
rep3,1.2042,10,5
rep3,1.2277,11,5
rep3,1.2308,12,5
rep3,1.2373,13,5
rep3,1.2475,14,5
rep3,1.254,15,5
rep3,1.2607,16,5
rep3,1.2678,17,5
rep3,1.274,18,5
rep3,1.2843,19,5
rep3,1.2845,20,5
rep3,1.3073,21,5
rep3,1.311,22,5
rep3,1.311,23,5
rep3,1.3111,24,5
rep3,1.3177,25,5
rep3,1.3275,26,5
rep3,1.3342,27,5
rep3,1.3411,28,5
rep3,1.3441,29,5
rep3,1.3445,30,5
rep3,1.3512,31,5
rep3,1.3541,32,5
rep3,1.3543,33,5
rep3,1.3575,34,5
rep3,1.3642,35,5
rep3,1.3677,36,5
rep3,1.3778,37,5
rep3,1.3878,38,5
rep3,1.3944,39,5
rep3,1.401,40,5
rep3,1.4043,41,5
rep3,1.4044,42,5
rep3,1.4073,43,5
rep3,1.4076,44,5
rep3,1.4106,45,5
rep3,1.4142,46,5
rep3,1.4143,47,5
rep3,1.4173,48,5
rep3,1.4174,49,5
rep3,1.4177,50,5
rep3,1.4177,51,5
rep3,1.4177,52,5
rep3,1.4211,53,5
rep3,1.424,54,5
rep3,1.4241,55,5
rep3,1.4277,56,5
rep3,1.4278,57,5
rep3,1.4278,57,6
rep3,1.4311,58,6
rep3,1.4342,59,6
rep3,1.4345,60,6
rep3,1.4373,61,6
rep3,1.4375,62,6
rep3,1.4376,63,6
rep3,1.4377,64,6
rep3,1.4377,65,6
rep3,1.441,66,6
rep3,1.444,67,6
rep3,1.4441,68,6
rep3,1.4442,69,6
rep3,1.4443,70,6
rep3,1.4444,71,6
rep3,1.4474,72,6
rep3,1.4478,73,6
rep3,1.4511,74,6
rep3,1.4543,75,6
rep3,1.4543,76,6
rep3,1.4644,77,6
rep3,1.4707,78,6
rep3,1.4712,79,6
rep3,1.4742,80,6
rep3,1.4742,81,6
rep3,1.4778,82,6
rep3,1.4808,83,6
rep3,1.4842,84,6
rep3,1.4877,85,6
rep3,1.4878,86,6
rep3,1.4912,87,6
rep3,1.4944,88,6
rep3,1.4945,89,6
rep3,1.4976,90,6
rep3,1.4979,91,6
rep3,1.504,92,6
rep3,1.5073,93,6
rep3,1.5073,94,6
rep3,1.5107,95,6
rep3,1.5111,96,6
rep3,1.5141,97,6
rep3,1.5143,98,6
rep3,1.5145,99,6
rep3,1.5175,100,6
rep3,1.5176,101,6
rep3,1.5178,102,6
rep3,1.5209,103,6
rep3,1.5243,104,6
rep3,1.5243,105,6
rep3,1.5275,106,6
rep3,1.5344,107,6
rep3,1.5406,108,6
rep3,1.5407,109,6
rep3,1.5408,110,6
rep3,1.5473,111,6
rep3,1.5506,112,6
rep3,1.5542,113,6
rep3,1.5574,114,6
rep3,1.5608,115,6
rep3,1.5674,116,6
rep3,1.5675,117,6
rep3,1.5676,118,6
rep3,1.5677,119,6
rep3,1.5807,120,6
rep3,1.5908,121,6
rep3,1.5908,122,6
rep3,1.5908,123,6
rep3,1.5909,124,6
rep3,1.591,125,6
rep3,1.594,126,6
rep3,1.5941,127,6
rep3,1.5944,128,6
rep3,1.5985,129,6
rep3,1.5986,130,6
rep3,1.6007,131,6
rep3,1.604,132,6
rep3,1.6043,133,6
rep3,1.6077,134,6
rep3,1.6078,135,6
rep3,1.6111,136,6
rep3,1.6112,137,6
rep3,1.6176,138,6
rep3,1.6176,139,6
rep3,1.6177,140,6
rep3,1.6178,141,6
rep3,1.6209,142,6
rep3,1.621,143,6
rep3,1.6243,144,6
rep3,1.6273,145,6
rep3,1.6275,146,6
rep3,1.6276,147,6
rep3,1.6308,148,6
rep3,1.6309,149,6
rep3,1.631,150,6
rep3,1.6311,151,6
rep3,1.6341,152,6
rep3,1.6342,153,6
rep3,1.6374,154,6
rep3,1.6374,155,6
rep3,1.6376,156,6
rep3,1.6377,157,6
rep3,1.6377,158,6
rep3,1.6407,159,6
rep3,1.641,160,6
rep3,1.6441,161,6
rep3,1.6444,162,6
rep3,1.6446,163,6
rep3,1.6476,164,6
rep3,1.6476,165,6
rep3,1.6507,166,6
rep3,1.6541,167,6
rep3,1.6544,168,6
rep3,1.6575,169,6
rep3,1.6641,170,6
rep3,1.6642,171,6
rep3,1.6643,172,6
rep3,1.6677,173,6
rep3,1.6711,174,6
rep3,1.6775,175,6
rep3,1.6809,176,6
rep3,1.6811,177,6
rep3,1.6877,178,6
rep3,1.6877,179,6
rep3,1.6907,180,6
rep3,1.6911,181,6
rep3,1.694,182,6
rep3,1.6942,183,6
rep3,1.6944,184,6
rep3,1.6945,185,6
rep3,1.6975,186,6
rep3,1.7008,187,6
rep3,1.7042,188,6
rep3,1.7042,189,6
rep3,1.7081,190,6
rep3,1.7111,191,6
rep3,1.721,192,6
rep3,1.7211,193,6
rep3,1.7277,194,6
rep3,1.7309,195,6
rep3,1.7344,196,6
rep3,1.7345,197,6
rep3,1.7378,198,6
rep3,1.7407,199,6
rep3,1.7409,200,6
rep3,1.741,201,6
rep3,1.741,202,6
rep3,1.7443,203,6
rep3,1.7473,204,6
rep3,1.7477,205,6
rep3,1.751,206,6
rep3,1.7542,207,6
rep3,1.7542,208,6
rep3,1.7543,209,6
rep3,1.7573,210,6
rep3,1.7576,211,6
rep3,1.7578,212,6
rep3,1.7612,213,6
rep3,1.764,214,6
rep3,1.7642,215,6
rep3,1.7707,216,6
rep3,1.7708,217,6
rep3,1.771,218,6
rep3,1.7775,219,6
rep3,1.7775,220,6
rep3,1.7778,221,6
rep3,1.7778,222,6
rep3,1.7809,223,6
rep3,1.7841,224,6
rep3,1.7841,225,6
rep3,1.7843,226,6
rep3,1.7843,227,6
rep3,1.7845,228,6
rep3,1.7876,229,6
rep3,1.7876,230,6
rep3,1.7876,231,6
rep3,1.791,232,6
rep3,1.7943,233,6
rep3,1.7975,234,6
rep3,1.801,235,6
rep3,1.8075,236,6
rep3,1.8078,237,6
rep3,1.811,238,6
rep3,1.811,239,6
rep3,1.811,240,6
rep3,1.8111,241,6
rep3,1.8112,242,6
rep3,1.8174,243,6
rep3,1.8188,244,6
rep3,1.8188,245,6
rep3,1.8188,246,6
rep3,1.8209,247,6
rep3,1.8244,248,6
rep3,1.8274,249,6
rep3,1.8308,250,6
rep3,1.8309,251,6
rep3,1.8344,252,6
rep3,1.8344,253,6
rep3,1.8375,254,6
rep3,1.8375,255,6
rep3,1.8409,256,6
rep3,1.844,257,6
rep3,1.8441,258,6
rep3,1.8441,259,6
rep3,1.8444,260,6
rep3,1.8473,261,6
rep3,1.8475,262,6
rep3,1.8477,263,6
rep3,1.8478,264,6
rep3,1.8509,265,6
rep3,1.8542,266,6
rep3,1.8575,267,6
rep3,1.8578,268,6
rep3,1.8579,269,6
rep3,1.8609,270,6
rep3,1.8612,271,6
rep3,1.8678,272,6
rep3,1.8743,273,6
rep3,1.8777,274,6
rep3,1.8841,275,6
rep3,1.8841,276,6
rep3,1.8945,277,6
rep3,1.8976,278,6
rep3,1.8977,279,6
rep3,1.901,280,6
rep3,1.9039,281,6
rep3,1.9043,282,6
rep3,1.9077,283,6
rep3,1.9141,284,6
rep3,1.9143,285,6
rep3,1.9143,286,6
rep3,1.9143,287,6
rep3,1.9144,288,6
rep3,1.9145,289,6
rep3,1.9219,290,6
rep3,1.9242,291,6
rep3,1.9242,292,6
rep3,1.9243,293,6
rep3,1.9243,294,6
rep3,1.9275,295,6
rep3,1.931,296,6
rep3,1.934,297,6
rep3,1.9344,298,6
rep3,1.9373,299,6
rep3,1.9373,300,6
rep3,1.9377,301,6
rep3,1.9407,302,6
rep3,1.9408,303,6
rep3,1.9411,304,6
rep3,1.944,305,6
rep3,1.9441,306,6
rep3,1.9443,307,6
rep3,1.9444,308,6
rep3,1.9445,309,6
rep3,1.9473,310,6
rep3,1.951,311,6
rep3,1.9512,312,6
rep3,1.9513,313,6
rep3,1.9539,314,6
rep3,1.9541,315,6
rep3,1.9542,316,6
rep3,1.9545,317,6
rep3,1.9574,318,6
rep3,1.9575,319,6
rep3,1.9575,320,6
rep3,1.9608,321,6
rep3,1.9609,322,6
rep3,1.964,323,6
rep3,1.9642,324,6
rep3,1.9644,325,6
rep3,1.9645,326,6
rep3,1.9706,327,6
rep3,1.9709,328,6
rep3,1.9741,329,6
rep3,1.9775,330,6
rep3,1.9777,331,6
rep3,1.9809,332,6
rep3,1.9813,333,6
rep3,1.9841,334,6
rep3,1.9842,335,6
rep3,1.9842,336,6
rep3,1.9843,337,6
rep3,1.9843,338,6
rep3,1.9844,339,6
rep3,1.9846,340,6
rep3,1.9879,341,6
rep3,1.9907,342,6
rep3,1.9942,343,6
rep3,1.9943,344,6
rep3,1.9973,345,6
rep3,1.9976,346,6
rep3,1.9978,347,6
rep3,2.0007,348,6
rep3,2.0009,349,6
rep3,2.0041,350,6
rep3,2.0041,351,6
rep3,2.0078,352,6
rep3,2.0107,353,6
rep3,2.0107,354,6
rep3,2.0108,355,6
rep3,2.0108,356,6
rep3,2.0112,357,6
rep3,2.0175,358,6
rep3,2.0179,359,6
rep3,2.0239,360,6
rep3,2.0275,361,6
rep3,2.0276,362,6
rep3,2.0276,363,6
rep3,2.0278,364,6
rep3,2.0278,365,6
rep3,2.0279,366,6
rep3,2.0316,367,6
rep3,2.0317,368,6
rep3,2.0317,369,6
rep3,2.0317,370,6
rep3,2.0318,371,6
rep3,2.0341,372,6
rep3,2.0343,373,6
rep3,2.0343,374,6
rep3,2.0373,375,6
rep3,2.0374,376,6
rep3,2.0375,377,6
rep3,2.0376,378,6
rep3,2.0377,379,6
rep3,2.0407,380,6
rep3,2.0408,381,6
rep3,2.0411,382,6
rep3,2.044,383,6
rep3,2.0442,384,6
rep3,2.0446,385,6
rep3,2.0473,386,6
rep3,2.0506,387,6
rep3,2.0507,388,6
rep3,2.0507,389,6
rep3,2.0507,390,6
rep3,2.051,391,6
rep3,2.0511,392,6
rep3,2.0511,393,6
rep3,2.0539,394,6
rep3,2.0546,395,6
rep3,2.0577,396,6
rep3,2.0609,397,6
rep3,2.0609,398,6
rep3,2.061,399,6
rep3,2.0611,400,6
rep3,2.064,401,6
rep3,2.0641,402,6
rep3,2.0643,403,6
rep3,2.0674,404,6
rep3,2.0678,405,6
rep3,2.0707,406,6
rep3,2.0707,407,6
rep3,2.071,408,6
rep3,2.0739,409,6
rep3,2.074,410,6
rep3,2.0741,411,6
rep3,2.0774,412,6
rep3,2.081,413,6
rep3,2.084,414,6
rep3,2.0841,415,6
rep3,2.0842,416,6
rep3,2.0843,417,6
rep3,2.0845,418,6
rep3,2.0845,419,6
rep3,2.0878,420,6
rep3,2.0878,421,6
rep3,2.0909,422,6
rep3,2.091,423,6
rep3,2.091,424,6
rep3,2.0911,425,6
rep3,2.0911,426,6
rep3,2.0943,427,6
rep3,2.0944,428,6
rep3,2.0945,429,6
rep3,2.0945,430,6
rep3,2.0973,431,6
rep3,2.0974,432,6
rep3,2.0977,433,6
rep3,2.0978,434,6
rep3,2.101,435,6
rep3,2.101,436,6
rep3,2.101,437,6
rep3,2.101,438,6
rep3,2.1012,439,6
rep3,2.1075,440,6
rep3,2.1077,441,6
rep3,2.1079,442,6
rep3,2.114,443,6
rep3,2.1173,444,6
rep3,2.1176,445,6
rep3,2.1178,446,6
rep3,2.1206,447,6
rep3,2.1209,448,6
rep3,2.121,449,6
rep3,2.1211,450,6
rep3,2.1242,451,6
rep3,2.1278,452,6
rep3,2.1341,453,6
rep3,2.1353,454,6
rep3,2.1375,455,6
rep3,2.1378,456,6
rep3,2.1407,457,6
rep3,2.1473,458,6
rep3,2.1473,459,6
rep3,2.154,460,6
rep3,2.154,461,6
rep3,2.154,462,6
rep3,2.1541,463,6
rep3,2.1541,464,6
rep3,2.1542,465,6
rep3,2.1543,466,6
rep3,2.1545,467,6
rep3,2.1575,468,6
rep3,2.1609,469,6
rep3,2.1641,470,6
rep3,2.1643,471,6
rep3,2.1643,472,6
rep3,2.1644,473,6
rep3,2.1673,474,6
rep3,2.1709,475,6
rep3,2.1712,476,6
rep3,2.1739,477,6
rep3,2.1742,478,6
rep3,2.1742,479,6
rep3,2.1775,480,6
rep3,2.1807,481,6
rep3,2.1807,482,6
rep3,2.1809,483,6
rep3,2.1811,484,6
rep3,2.1812,485,6
rep3,2.1839,486,6
rep3,2.184,487,6
rep3,2.1841,488,6
rep3,2.1843,489,6
rep3,2.1844,490,6
rep3,2.1873,491,6
rep3,2.1908,492,6
rep3,2.194,493,6
rep3,2.194,494,6
rep3,2.1941,495,6
rep3,2.1941,496,6
rep3,2.1974,497,6
rep3,2.1978,498,6
rep3,2.2007,499,6
rep3,2.2007,500,6
rep3,2.2009,501,6
rep3,2.2046,502,6
rep3,2.2077,503,6
rep3,2.2077,504,6
rep3,2.2079,505,6
rep3,2.2107,506,6
rep3,2.2109,507,6
rep3,2.211,508,6
rep3,2.211,509,6
rep3,2.211,510,6
rep3,2.2111,511,6
rep3,2.2111,512,6
rep3,2.2111,513,6
rep3,2.2113,514,6
rep3,2.2113,515,6
rep3,2.2141,516,6
rep3,2.2145,517,6
rep3,2.2174,518,6
rep3,2.2178,519,6
rep3,2.2206,520,6
rep3,2.2206,521,6
rep3,2.2212,522,6
rep3,2.2212,523,6
rep3,2.2243,524,6
rep3,2.2275,525,6
rep3,2.2275,526,6
rep3,2.2276,527,6
rep3,2.231,528,6
rep3,2.2342,529,6
rep3,2.2345,530,6
rep3,2.2374,531,6
rep3,2.2406,532,6
rep3,2.2452,533,6
rep3,2.2474,534,6
rep3,2.2474,535,6
rep3,2.2477,536,6
rep3,2.2506,537,6
rep3,2.2508,538,6
rep3,2.2508,539,6
rep3,2.2542,540,6
rep3,2.2573,541,6
rep3,2.2577,542,6
rep3,2.2578,543,6
rep3,2.261,544,6
rep3,2.2643,545,6
rep3,2.2678,546,6
rep3,2.2678,547,6
rep3,2.2741,548,6
rep3,2.2745,549,6
rep3,2.2777,550,6
rep3,2.2813,551,6
rep3,2.2841,552,6
rep3,2.2875,553,6
rep3,2.2876,554,6
rep3,2.2877,555,6
rep3,2.2908,556,6
rep3,2.294,557,6
rep3,2.2944,558,6
rep3,2.2945,559,6
rep3,2.2976,560,6
rep3,2.2976,561,6
rep3,2.3007,562,6
rep3,2.3009,563,6
rep3,2.3011,564,6
rep3,2.304,565,6
rep3,2.3042,566,6
rep3,2.3042,567,6
rep3,2.3073,568,6
rep3,2.3076,569,6
rep3,2.3077,570,6
rep3,2.3106,571,6
rep3,2.3106,572,6
rep3,2.3108,573,6
rep3,2.311,574,6
rep3,2.3142,575,6
rep3,2.3177,576,6
rep3,2.3206,577,6
rep3,2.3243,578,6
rep3,2.3273,579,6
rep3,2.3274,580,6
rep3,2.3275,581,6
rep3,2.3276,582,6
rep3,2.3278,583,6
rep3,2.3278,584,6
rep3,2.3309,584,7
rep3,2.3341,585,7
rep3,2.3342,586,7
rep3,2.3342,587,7
rep3,2.3377,588,7
rep3,2.3377,589,7
rep3,2.3378,590,7
rep3,2.3411,591,7
rep3,2.3441,592,7
rep3,2.3443,593,7
rep3,2.3477,594,7
rep3,2.3507,595,7
rep3,2.351,596,7
rep3,2.351,597,7
rep3,2.3511,598,7
rep3,2.3539,599,7
rep3,2.3583,600,7
rep3,2.3584,601,7
rep3,2.3585,602,7
rep3,2.3585,603,7
rep3,2.3606,604,7
rep3,2.3607,605,7
rep3,2.3608,606,7
rep3,2.3608,607,7
rep3,2.3642,608,7
rep3,2.3642,609,7
rep3,2.3644,610,7
rep3,2.3675,611,7
rep3,2.3676,612,7
rep3,2.3708,613,7
rep3,2.371,614,7
rep3,2.371,615,7
rep3,2.3711,616,7
rep3,2.374,617,7
rep3,2.3741,618,7
rep3,2.3776,619,7
rep3,2.3776,620,7
rep3,2.3806,621,7
rep3,2.3807,622,7
rep3,2.3809,623,7
rep3,2.3809,624,7
rep3,2.3809,625,7
rep3,2.384,626,7
rep3,2.3842,627,7
rep3,2.3874,628,7
rep3,2.3878,629,7
rep3,2.3878,630,7
rep3,2.3908,631,7
rep3,2.3941,632,7
rep3,2.3942,633,7
rep3,2.3944,634,7
rep3,2.3945,635,7
rep3,2.3973,636,7
rep3,2.3974,637,7
rep3,2.3974,638,7
rep3,2.3975,639,7
rep3,2.3978,640,7
rep3,2.4006,641,7
rep3,2.4042,642,7
rep3,2.4044,643,7
rep3,2.4045,644,7
rep3,2.4077,645,7
rep3,2.4077,646,7
rep3,2.4078,647,7
rep3,2.4107,648,7
rep3,2.4107,649,7
rep3,2.4108,650,7
rep3,2.4108,651,7
rep3,2.4109,652,7
rep3,2.4109,653,7
rep3,2.4139,654,7
rep3,2.4175,655,7
rep3,2.4206,656,7
rep3,2.4211,657,7
rep3,2.4244,658,7
rep3,2.4246,659,7
rep3,2.4274,660,7
rep3,2.4277,661,7
rep3,2.4306,662,7
rep3,2.434,663,7
rep3,2.4343,664,7
rep3,2.4372,665,7
rep3,2.4373,666,7
rep3,2.4406,667,7
rep3,2.4407,668,7
rep3,2.4408,669,7
rep3,2.4409,670,7
rep3,2.441,671,7
rep3,2.4443,672,7
rep3,2.4474,673,7
rep3,2.4475,674,7
rep3,2.4477,675,7
rep3,2.4508,676,7
rep3,2.4508,677,7
rep3,2.4509,678,7
rep3,2.4511,679,7
rep3,2.4541,680,7
rep3,2.4541,681,7
rep3,2.4553,682,7
rep3,2.4553,683,7
rep3,2.4575,684,7
rep3,2.4576,685,7
rep3,2.4578,686,7
rep3,2.4578,687,7
rep3,2.461,688,7
rep3,2.4611,689,7
rep3,2.4641,690,7
rep3,2.4643,691,7
rep3,2.4643,692,7
rep3,2.4676,693,7
rep3,2.4679,694,7
rep3,2.4706,695,7
rep3,2.4707,696,7
rep3,2.4711,697,7
rep3,2.4742,698,7
rep3,2.4743,699,7
rep3,2.4743,700,7
rep3,2.4778,701,7
rep3,2.4876,702,7
rep3,2.4907,703,7
rep3,2.4908,704,7
rep3,2.4911,705,7
rep3,2.4942,706,7
rep3,2.4945,707,7
rep3,2.4977,708,7
rep3,2.4979,709,7
rep3,2.5009,710,7
rep3,2.5041,711,7
rep3,2.5042,712,7
rep3,2.5043,713,7
rep3,2.5045,714,7
rep3,2.5046,715,7
rep3,2.5079,716,7
rep3,2.5106,717,7
rep3,2.5107,718,7
rep3,2.514,719,7
rep3,2.514,720,7
rep3,2.5141,721,7
rep3,2.5141,722,7
rep3,2.5142,723,7
rep3,2.5143,724,7
rep3,2.5144,725,7
rep3,2.5144,726,7
rep3,2.5174,727,7
rep3,2.5174,728,7
rep3,2.5177,729,7
rep3,2.5178,730,7
rep3,2.5208,731,7
rep3,2.5209,732,7
rep3,2.521,733,7
rep3,2.5239,734,7
rep3,2.5243,735,7
rep3,2.5244,736,7
rep3,2.5277,737,7
rep3,2.5308,738,7
rep3,2.531,739,7
rep3,2.5312,740,7
rep3,2.5342,741,7
rep3,2.5342,742,7
rep3,2.5345,743,7
rep3,2.5373,744,7
rep3,2.5377,745,7
rep3,2.5377,746,7
rep3,2.5407,747,7
rep3,2.541,748,7
rep3,2.5441,749,7
rep3,2.5441,750,7
rep3,2.5475,751,7
rep3,2.5475,752,7
rep3,2.548,753,7
rep3,2.551,754,7
rep3,2.5573,755,7
rep3,2.5575,756,7
rep3,2.5606,757,7
rep3,2.5622,758,7
rep3,2.5646,759,7
rep3,2.5676,760,7
rep3,2.5709,761,7
rep3,2.5711,762,7
rep3,2.5712,763,7
rep3,2.574,764,7
rep3,2.5741,765,7
rep3,2.5743,766,7
rep3,2.5743,767,7
rep3,2.5743,768,7
rep3,2.5745,769,7
rep3,2.5745,770,7
rep3,2.5775,771,7
rep3,2.5808,772,7
rep3,2.5809,773,7
rep3,2.5873,774,7
rep3,2.5908,775,7
rep3,2.591,776,7
rep3,2.594,777,7
rep3,2.5979,778,7
rep3,2.6007,779,7
rep3,2.6008,780,7
rep3,2.601,781,7
rep3,2.604,782,7
rep3,2.6073,783,7
rep3,2.6073,784,7
rep3,2.6078,785,7
rep3,2.6106,786,7
rep3,2.6142,787,7
rep3,2.6142,788,7
rep3,2.6173,789,7
rep3,2.6173,790,7
rep3,2.6174,791,7
rep3,2.6174,792,7
rep3,2.6176,793,7
rep3,2.6176,794,7
rep3,2.6179,795,7
rep3,2.6208,796,7
rep3,2.6245,797,7
rep3,2.6277,798,7
rep3,2.6278,799,7
rep3,2.6278,800,7
rep3,2.6306,801,7
rep3,2.6309,802,7
rep3,2.6373,803,7
rep3,2.6375,804,7
rep3,2.6378,805,7
rep3,2.6443,806,7
rep3,2.6508,807,7
rep3,2.6509,808,7
rep3,2.6509,809,7
rep3,2.651,810,7
rep3,2.6543,811,7
rep3,2.6543,812,7
rep3,2.6544,813,7
rep3,2.6573,814,7
rep3,2.6573,815,7
rep3,2.6608,816,7
rep3,2.661,817,7
rep3,2.6653,818,7
rep3,2.6655,819,7
rep3,2.6673,820,7
rep3,2.6675,821,7
rep3,2.6679,822,7
rep3,2.6706,823,7
rep3,2.6707,824,7
rep3,2.6709,825,7
rep3,2.671,826,7
rep3,2.6711,827,7
rep3,2.6711,828,7
rep3,2.6741,829,7
rep3,2.6742,830,7
rep3,2.6744,831,7
rep3,2.6744,832,7
rep3,2.6774,833,7
rep3,2.6777,834,7
rep3,2.6778,835,7
rep3,2.6779,836,7
rep3,2.6807,837,7
rep3,2.6839,838,7
rep3,2.6841,839,7
rep3,2.6842,840,7
rep3,2.6846,841,7
rep3,2.6873,842,7
rep3,2.6877,843,7
rep3,2.6908,844,7
rep3,2.691,845,7
rep3,2.6943,846,7
rep3,2.6944,847,7
rep3,2.6977,848,7
rep3,2.7006,849,7
rep3,2.7008,850,7
rep3,2.7008,851,7
rep3,2.7011,852,7
rep3,2.7011,853,7
rep3,2.7012,854,7
rep3,2.7012,855,7
rep3,2.7041,856,7
rep3,2.7075,857,7
rep3,2.7106,858,7
rep3,2.7109,859,7
rep3,2.7142,860,7
rep3,2.7142,861,7
rep3,2.7176,862,7
rep3,2.7177,863,7
rep3,2.7177,864,7
rep3,2.7178,865,7
rep3,2.7242,866,7
rep3,2.7243,867,7
rep3,2.731,868,7
rep3,2.7373,869,7
rep3,2.7375,870,7
rep3,2.7375,871,7
rep3,2.7408,872,7
rep3,2.7409,873,7
rep3,2.7411,874,7
rep3,2.7439,875,7
rep3,2.7443,876,7
rep3,2.7444,877,7
rep3,2.7473,878,7
rep3,2.7474,879,7
rep3,2.7476,880,7
rep3,2.7476,881,7
rep3,2.748,882,7
rep3,2.7506,883,7
rep3,2.751,884,7
rep3,2.7543,885,7
rep3,2.7544,886,7
rep3,2.7546,887,7
rep3,2.7574,888,7
rep3,2.7575,889,7
rep3,2.7575,890,7
rep3,2.7575,891,7
rep3,2.7578,892,7
rep3,2.7578,893,7
rep3,2.7578,894,7
rep3,2.7606,895,7
rep3,2.7608,896,7
rep3,2.7608,897,7
rep3,2.761,898,7
rep3,2.7641,899,7
rep3,2.7675,900,7
rep3,2.7675,901,7
rep3,2.7678,902,7
rep3,2.7678,903,7
rep3,2.7678,904,7
rep3,2.7718,905,7
rep3,2.772,906,7
rep3,2.774,907,7
rep3,2.774,908,7
rep3,2.7741,909,7
rep3,2.7741,909,8
rep3,2.7745,910,8
rep3,2.7745,911,8
rep3,2.7747,912,8
rep3,2.7808,913,8
rep3,2.781,914,8
rep3,2.7811,915,8
rep3,2.784,916,8
rep3,2.7841,917,8
rep3,2.7841,918,8
rep3,2.7874,919,8
rep3,2.7875,920,8
rep3,2.7875,921,8
rep3,2.7876,922,8
rep3,2.7877,923,8
rep3,2.7878,924,8
rep3,2.788,925,8
rep3,2.7906,926,8
rep3,2.7909,927,8
rep3,2.791,928,8
rep3,2.794,929,8
rep3,2.7943,930,8
rep3,2.7979,931,8
rep3,2.8007,932,8
rep3,2.8008,933,8
rep3,2.801,934,8
rep3,2.8012,935,8
rep3,2.804,936,8
rep3,2.8042,937,8
rep3,2.8045,938,8
rep3,2.8074,939,8
rep3,2.8074,940,8
rep3,2.8075,941,8
rep3,2.8076,942,8
rep3,2.8077,943,8
rep3,2.8077,944,8
rep3,2.8078,945,8
rep3,2.814,946,8
rep3,2.8144,947,8
rep3,2.8145,948,8
rep3,2.8146,949,8
rep3,2.8209,950,8
rep3,2.821,951,8
rep3,2.824,952,8
rep3,2.824,953,8
rep3,2.8241,954,8
rep3,2.8241,955,8
rep3,2.8242,956,8
rep3,2.8242,957,8
rep3,2.8244,958,8
rep3,2.8273,959,8
rep3,2.8309,960,8
rep3,2.8311,961,8
rep3,2.8312,962,8
rep3,2.8313,963,8
rep3,2.8339,964,8
rep3,2.8407,965,8
rep3,2.8473,966,8
rep3,2.8474,967,8
rep3,2.8507,968,8
rep3,2.8508,969,8
rep3,2.8509,970,8
rep3,2.8541,971,8
rep3,2.8542,972,8
rep3,2.8575,973,8
rep3,2.8575,974,8
rep3,2.8579,975,8
rep3,2.8608,976,8
rep3,2.8609,977,8
rep3,2.861,978,8
rep3,2.8643,979,8
rep3,2.8645,980,8
rep3,2.8645,981,8
rep3,2.8674,982,8
rep3,2.8675,983,8
rep3,2.8675,984,8
rep3,2.8744,985,8
rep3,2.8774,986,8
rep3,2.8774,987,8
rep3,2.8776,988,8
rep3,2.8779,989,8
rep3,2.8779,990,8
rep3,2.878,991,8
rep3,2.881,992,8
rep3,2.8842,993,8
rep3,2.8842,994,8
rep3,2.8845,995,8
rep3,2.8873,996,8
rep3,2.8878,997,8
rep3,2.8913,998,8
rep3,2.8939,999,8
rep3,2.8973,1000,8
rep3,2.9006,1001,8
rep3,2.9006,1002,8
rep3,2.9011,1003,8
rep3,2.9041,1004,8
rep3,2.9044,1005,8
rep3,2.9044,1006,8
rep3,2.9073,1007,8
rep3,2.9073,1008,8
rep3,2.9076,1009,8
rep3,2.908,1010,8
rep3,2.9112,1011,8
rep3,2.9112,1012,8
rep3,2.914,1013,8
rep3,2.9143,1014,8
rep3,2.9144,1015,8
rep3,2.9144,1016,8
rep3,2.9144,1017,8
rep3,2.9173,1018,8
rep3,2.9175,1019,8
rep3,2.9175,1020,8
rep3,2.9175,1021,8
rep3,2.9177,1022,8
rep3,2.9178,1023,8
rep3,2.9181,1024,8
rep3,2.9208,1025,8
rep3,2.9209,1026,8
rep3,2.921,1027,8
rep3,2.924,1028,8
rep3,2.9242,1029,8
rep3,2.9276,1030,8
rep3,2.9276,1031,8
rep3,2.9307,1032,8
rep3,2.9308,1033,8
rep3,2.931,1034,8
rep3,2.9311,1035,8
rep3,2.934,1036,8
rep3,2.934,1037,8
rep3,2.9341,1038,8
rep3,2.9342,1039,8
rep3,2.9343,1040,8
rep3,2.9374,1041,8
rep3,2.9375,1042,8
rep3,2.9376,1043,8
rep3,2.9376,1044,8
rep3,2.9377,1045,8
rep3,2.9378,1046,8
rep3,2.9378,1047,8
rep3,2.9378,1048,8
rep3,2.9379,1049,8
rep3,2.9407,1050,8
rep3,2.9409,1051,8
rep3,2.9412,1052,8
rep3,2.9412,1053,8
rep3,2.944,1054,8
rep3,2.944,1055,8
rep3,2.944,1056,8
rep3,2.9473,1057,8
rep3,2.9474,1058,8
rep3,2.9476,1059,8
rep3,2.9478,1060,8
rep3,2.9478,1061,8
rep3,2.9507,1062,8
rep3,2.9516,1063,8
rep3,2.9516,1064,8
rep3,2.9517,1065,8
rep3,2.9518,1066,8
rep3,2.9544,1067,8
rep3,2.9573,1068,8
rep3,2.9672,1069,8
rep3,2.9678,1070,8
rep3,2.9707,1071,8
rep3,2.9709,1072,8
rep3,2.9739,1073,8
rep3,2.9741,1074,8
rep3,2.9742,1075,8
rep3,2.9773,1076,8
rep3,2.9776,1077,8
rep3,2.9778,1078,8
rep3,2.9778,1079,8
rep3,2.9808,1080,8
rep3,2.9809,1081,8
rep3,2.9811,1082,8
rep3,2.9845,1083,8
rep3,2.9845,1084,8
rep3,2.9876,1085,8
rep3,2.9877,1086,8
rep3,3.0007,1087,8
rep3,3.0008,1088,8
rep3,3.001,1089,8
rep3,3.0011,1090,8
rep3,3.0039,1091,8
rep3,3.0042,1092,8
rep3,3.0044,1093,8
rep3,3.0045,1094,8
rep3,3.0045,1095,8
rep3,3.0074,1096,8
rep3,3.0074,1097,8
rep3,3.0077,1098,8
rep3,3.0079,1099,8
rep3,3.0107,1100,8
rep3,3.0112,1101,8
rep3,3.0112,1102,8
rep3,3.0143,1103,8
rep3,3.0143,1104,8
rep3,3.0176,1105,8
rep3,3.0176,1106,8
rep3,3.0176,1107,8
rep3,3.0177,1108,8
rep3,3.0207,1109,8
rep3,3.0242,1110,8
rep3,3.0243,1111,8
rep3,3.0243,1112,8
rep3,3.0244,1113,8
rep3,3.0279,1114,8
rep3,3.0306,1115,8
rep3,3.0307,1116,8
rep3,3.0309,1117,8
rep3,3.0339,1118,8
rep3,3.0342,1119,8
rep3,3.0411,1120,8
rep3,3.0411,1121,8
rep3,3.044,1122,8
rep3,3.0443,1123,8
rep3,3.0443,1124,8
rep3,3.0444,1125,8
rep3,3.0444,1126,8
rep3,3.0475,1127,8
rep3,3.0475,1128,8
rep3,3.0476,1129,8
rep3,3.0477,1130,8
rep3,3.0507,1131,8
rep3,3.0509,1132,8
rep3,3.061,1133,8
rep3,3.064,1134,8
rep3,3.0645,1135,8
rep3,3.0646,1136,8
rep3,3.0675,1137,8
rep3,3.0676,1138,8
rep3,3.0707,1139,8
rep3,3.0708,1140,8
rep3,3.074,1141,8
rep3,3.0744,1142,8
rep3,3.0773,1143,8
rep3,3.0773,1144,8
rep3,3.0777,1145,8
rep3,3.0809,1146,8
rep3,3.0839,1147,8
rep3,3.0839,1148,8
rep3,3.084,1149,8
rep3,3.0842,1150,8
rep3,3.0845,1151,8
rep3,3.0877,1152,8
rep3,3.0879,1153,8
rep3,3.0906,1154,8
rep3,3.0942,1155,8
rep3,3.0943,1156,8
rep3,3.0978,1157,8
rep3,3.1009,1158,8
rep3,3.1011,1159,8
rep3,3.1042,1160,8
rep3,3.1043,1161,8
rep3,3.1075,1162,8
rep3,3.1139,1163,8
rep3,3.1141,1164,8
rep3,3.1142,1165,8
rep3,3.1144,1166,8
rep3,3.1144,1167,8
rep3,3.1144,1168,8
rep3,3.1173,1169,8
rep3,3.1173,1170,8
rep3,3.1178,1171,8
rep3,3.1208,1172,8
rep3,3.1208,1173,8
rep3,3.1209,1174,8
rep3,3.121,1175,8
rep3,3.1212,1176,8
rep3,3.1241,1177,8
rep3,3.1245,1178,8
rep3,3.1307,1179,8
rep3,3.134,1180,8
rep3,3.1342,1181,8
rep3,3.1343,1182,8
rep3,3.1344,1183,8
rep3,3.1345,1184,8
rep3,3.1374,1185,8
rep3,3.1375,1186,8
rep3,3.1406,1187,8
rep3,3.1408,1188,8
rep3,3.1411,1189,8
rep3,3.1412,1190,8
rep3,3.1439,1191,8
rep3,3.1442,1192,8
rep3,3.1443,1193,8
rep3,3.1445,1194,8
rep3,3.1476,1195,8
rep3,3.1476,1196,8
rep3,3.1478,1197,8
rep3,3.1506,1198,8
rep3,3.1508,1199,8
rep3,3.1509,1200,8
rep3,3.1509,1201,8
rep3,3.151,1202,8
rep3,3.1511,1203,8
rep3,3.1512,1204,8
rep3,3.154,1205,8
rep3,3.1542,1206,8
rep3,3.1549,1207,8
rep3,3.155,1208,8
rep3,3.1552,1209,8
rep3,3.1575,1210,8
rep3,3.1608,1211,8
rep3,3.1609,1212,8
rep3,3.1611,1213,8
rep3,3.1612,1214,8
rep3,3.1642,1215,8
rep3,3.1642,1216,8
rep3,3.1645,1217,8
rep3,3.1677,1218,8
rep3,3.1707,1219,8
rep3,3.171,1220,8
rep3,3.1742,1221,8
rep3,3.1744,1222,8
rep3,3.1745,1223,8
rep3,3.1776,1224,8
rep3,3.1842,1225,8
rep3,3.1876,1226,8
rep3,3.1878,1227,8
rep3,3.1878,1228,8
rep3,3.1908,1229,8
rep3,3.1941,1230,8
rep3,3.1944,1231,8
rep3,3.1945,1232,8
rep3,3.201,1233,8
rep3,3.2044,1234,8
rep3,3.2075,1235,8
rep3,3.2108,1236,8
rep3,3.2111,1237,8
rep3,3.2139,1238,8
rep3,3.2143,1239,8
rep3,3.2145,1240,8
rep3,3.2145,1241,8
rep3,3.2175,1242,8
rep3,3.2175,1243,8
rep3,3.2175,1244,8
rep3,3.2177,1245,8
rep3,3.2207,1246,8
rep3,3.2208,1247,8
rep3,3.2208,1248,8
rep3,3.2209,1249,8
rep3,3.221,1250,8
rep3,3.2212,1251,8
rep3,3.2245,1252,8
rep3,3.2245,1253,8
rep3,3.2306,1254,8
rep3,3.2306,1255,8
rep3,3.231,1256,8
rep3,3.2311,1257,8
rep3,3.2312,1258,8
rep3,3.234,1259,8
rep3,3.2344,1260,8
rep3,3.2373,1261,8
rep3,3.2373,1262,8
rep3,3.2373,1263,8
rep3,3.2375,1264,8
rep3,3.2375,1265,8
rep3,3.2377,1266,8
rep3,3.2377,1267,8
rep3,3.2378,1268,8
rep3,3.2407,1269,8
rep3,3.2408,1270,8
rep3,3.241,1271,8
rep3,3.2411,1272,8
rep3,3.2441,1273,8
rep3,3.2444,1274,8
rep3,3.2475,1275,8
rep3,3.2477,1276,8
rep3,3.2478,1277,8
rep3,3.2506,1278,8
rep3,3.2539,1279,8
rep3,3.2541,1280,8
rep3,3.2542,1281,8
rep3,3.2546,1282,8
rep3,3.2578,1283,8
rep3,3.2579,1284,8
rep3,3.261,1285,8
rep3,3.2642,1286,8
rep3,3.2642,1287,8
rep3,3.2643,1288,8
rep3,3.2644,1289,8
rep3,3.2678,1290,8
rep3,3.2708,1291,8
rep3,3.271,1292,8
rep3,3.2743,1293,8
rep3,3.2743,1294,8
rep3,3.2744,1295,8
rep3,3.2807,1296,8
rep3,3.2808,1297,8
rep3,3.2841,1298,8
rep3,3.2842,1299,8
rep3,3.2844,1300,8
rep3,3.2845,1301,8
rep3,3.2873,1302,8
rep3,3.2874,1303,8
rep3,3.2875,1304,8
rep3,3.2908,1305,8
rep3,3.2909,1306,8
rep3,3.2909,1307,8
rep3,3.2911,1308,8
rep3,3.2941,1309,8
rep3,3.2943,1310,8
rep3,3.2944,1311,8
rep3,3.2944,1312,8
rep3,3.2945,1313,8
rep3,3.2975,1314,8
rep3,3.2976,1315,8
rep3,3.2979,1316,8
rep3,3.3006,1317,8
rep3,3.3007,1318,8
rep3,3.3009,1319,8
rep3,3.3009,1320,8
rep3,3.3012,1321,8
rep3,3.3042,1322,8
rep3,3.3045,1323,8
rep3,3.3077,1324,8
rep3,3.3079,1325,8
rep3,3.3106,1326,8
rep3,3.3142,1327,8
rep3,3.3145,1328,8
rep3,3.3175,1329,8
rep3,3.3176,1330,8
rep3,3.3209,1331,8
rep3,3.321,1332,8
rep3,3.3212,1333,8
rep3,3.324,1334,8
rep3,3.3308,1335,8
rep3,3.3308,1336,8
rep3,3.3309,1337,8
rep3,3.3311,1338,8
rep3,3.3313,1339,8
rep3,3.3342,1340,8
rep3,3.3345,1341,8
rep3,3.3345,1342,8
rep3,3.3345,1343,8
rep3,3.338,1344,8
rep3,3.338,1345,8
rep3,3.3406,1346,8
rep3,3.3409,1347,8
rep3,3.3412,1348,8
rep3,3.3443,1349,8
rep3,3.3444,1350,8
rep3,3.3507,1351,8
rep3,3.3545,1352,8
rep3,3.3573,1353,8
rep3,3.3576,1354,8
rep3,3.3576,1355,8
rep3,3.3576,1356,8
rep3,3.3579,1357,8
rep3,3.3606,1358,8
rep3,3.3613,1359,8
rep3,3.3613,1360,8
rep3,3.3616,1361,8
rep3,3.3639,1362,8
rep3,3.3639,1363,8
rep3,3.3675,1364,8
rep3,3.3675,1365,8
rep3,3.3676,1366,8
rep3,3.3678,1367,8
rep3,3.3711,1368,8
rep3,3.3741,1369,8
rep3,3.3742,1370,8
rep3,3.3773,1371,8
rep3,3.3773,1372,8
rep3,3.3777,1373,8
rep3,3.3811,1374,8
rep3,3.3841,1375,8
rep3,3.3847,1376,8
rep3,3.3877,1377,8
rep3,3.3906,1378,8
rep3,3.3907,1379,8
rep3,3.3912,1380,8
rep3,3.3941,1381,8
rep3,3.3943,1382,8
rep3,3.3944,1383,8
rep3,3.3977,1384,8
rep3,3.3977,1385,8
rep3,3.3977,1386,8
rep3,3.4009,1387,8
rep3,3.4042,1388,8
rep3,3.4042,1389,8
rep3,3.4073,1390,8
rep3,3.4075,1391,8
rep3,3.4075,1392,8
rep3,3.4076,1393,8
rep3,3.4077,1394,8
rep3,3.4077,1395,8
rep3,3.4079,1396,8
rep3,3.4107,1397,8
rep3,3.4141,1398,8
rep3,3.4145,1399,8
rep3,3.4174,1400,8
rep3,3.4175,1401,8
rep3,3.4175,1402,8
rep3,3.4179,1403,8
rep3,3.4211,1404,8
rep3,3.424,1405,8
rep3,3.4242,1406,8
rep3,3.4274,1407,8
rep3,3.4274,1408,8
rep3,3.4274,1409,8
rep3,3.4275,1410,8
rep3,3.4275,1411,8
rep3,3.4277,1412,8
rep3,3.4277,1413,8
rep3,3.4308,1414,8
rep3,3.4309,1415,8
rep3,3.431,1416,8
rep3,3.4341,1417,8
rep3,3.4341,1417,9
rep3,3.4343,1418,9
rep3,3.4344,1419,9
rep3,3.4373,1420,9
rep3,3.4373,1421,9
rep3,3.4376,1422,9
rep3,3.4378,1423,9
rep3,3.441,1424,9
rep3,3.4441,1425,9
rep3,3.4442,1426,9
rep3,3.4443,1427,9
rep3,3.4473,1428,9
rep3,3.4476,1429,9
rep4,0.1362,0,1
rep4,0.2756,0,2
rep4,0.352,0,3
rep4,0.3952,0,4
rep4,0.4055,0,5
rep4,0.559,0,6
rep4,0.7921,0,7
rep4,0.8154,0,8
rep4,0.8552,0,9
rep4,1.012,0,10
rep4,1.0654,0,11
rep4,1.102,1,11
rep4,1.1086,2,11
rep4,1.1223,3,11
rep4,1.1288,4,11
rep4,1.1522,5,11
rep4,1.1556,5,12
rep4,1.159,6,12
rep4,1.1824,7,12
rep4,1.1921,8,12
rep4,1.1987,9,12
rep4,1.2123,10,12
rep4,1.2221,10,13
rep4,1.2254,11,13
rep4,1.2289,12,13
rep4,1.229,13,13
rep4,1.2291,14,13
rep4,1.2321,15,13
rep4,1.2419,16,13
rep4,1.2421,17,13
rep4,1.2424,18,13
rep4,1.2522,19,13
rep4,1.2587,20,13
rep4,1.2755,21,13
rep4,1.2857,22,13
rep4,1.292,23,13
rep4,1.2922,24,13
rep4,1.2957,25,13
rep4,1.3119,26,13
rep4,1.3187,27,13
rep4,1.3187,28,13
rep4,1.3223,29,13
rep4,1.3254,30,13
rep4,1.3322,31,13
rep4,1.3352,32,13
rep4,1.3556,33,13
rep4,1.3556,34,13
rep4,1.3618,35,13
rep4,1.362,36,13
rep4,1.3721,37,13
rep4,1.3724,38,13
rep4,1.3756,39,13
rep4,1.3787,40,13
rep4,1.3789,41,13
rep4,1.3791,42,13
rep4,1.3886,43,13
rep4,1.3888,44,13
rep4,1.3986,45,13
rep4,1.3991,46,13
rep4,1.4023,47,13
rep4,1.4119,48,13
rep4,1.4119,49,13
rep4,1.4154,50,13
rep4,1.432,51,13
rep4,1.4321,52,13
rep4,1.4323,53,13
rep4,1.4323,54,13
rep4,1.4386,55,13
rep4,1.4419,56,13
rep4,1.4423,57,13
rep4,1.4451,58,13
rep4,1.4492,59,13
rep4,1.4523,60,13
rep4,1.4555,61,13
rep4,1.4618,62,13
rep4,1.4621,63,13
rep4,1.4686,64,13
rep4,1.4689,65,13
rep4,1.479,66,13
rep4,1.479,67,13
rep4,1.4822,68,13
rep4,1.4855,69,13
rep4,1.4888,70,13
rep4,1.4921,71,13
rep4,1.4953,72,13
rep4,1.4954,73,13
rep4,1.4955,74,13
rep4,1.502,75,13
rep4,1.502,76,13
rep4,1.5021,77,13
rep4,1.5022,78,13
rep4,1.5055,79,13
rep4,1.5057,80,13
rep4,1.5085,81,13
rep4,1.5086,82,13
rep4,1.5086,83,13
rep4,1.5089,84,13
rep4,1.512,85,13
rep4,1.5121,86,13
rep4,1.5152,87,13
rep4,1.5153,88,13
rep4,1.5186,89,13
rep4,1.5222,90,13
rep4,1.5255,91,13
rep4,1.5287,92,13
rep4,1.5291,93,13
rep4,1.5355,94,13
rep4,1.5388,95,13
rep4,1.5432,96,13
rep4,1.5456,97,13
rep4,1.5487,98,13
rep4,1.5488,99,13
rep4,1.5519,100,13
rep4,1.5522,101,13
rep4,1.5587,102,13
rep4,1.5587,103,13
rep4,1.559,104,13
rep4,1.5592,105,13
rep4,1.5651,106,13
rep4,1.5656,107,13
rep4,1.5656,108,13
rep4,1.5657,109,13
rep4,1.5658,110,13
rep4,1.5686,111,13
rep4,1.5687,112,13
rep4,1.5753,113,13
rep4,1.5785,114,13
rep4,1.5788,115,13
rep4,1.5788,116,13
rep4,1.5789,117,13
rep4,1.5819,118,13
rep4,1.5852,119,13
rep4,1.5887,120,13
rep4,1.5985,121,13
rep4,1.6022,122,13
rep4,1.6052,123,13
rep4,1.6054,124,13
rep4,1.6055,125,13
rep4,1.6119,126,13
rep4,1.6153,127,13
rep4,1.6154,128,13
rep4,1.6185,129,13
rep4,1.6285,130,13
rep4,1.6286,131,13
rep4,1.6288,132,13
rep4,1.6321,133,13
rep4,1.6324,134,13
rep4,1.6355,135,13
rep4,1.6385,136,13
rep4,1.6387,137,13
rep4,1.6391,138,13
rep4,1.6422,139,13
rep4,1.6455,140,13
rep4,1.6456,141,13
rep4,1.6487,142,13
rep4,1.6488,143,13
rep4,1.6526,144,13
rep4,1.6529,145,13
rep4,1.6529,146,13
rep4,1.6529,147,13
rep4,1.653,148,13
rep4,1.6551,149,13
rep4,1.6555,150,13
rep4,1.6556,151,13
rep4,1.6556,152,13
rep4,1.6586,153,13
rep4,1.6587,154,13
rep4,1.6589,155,13
rep4,1.6589,156,13
rep4,1.659,157,13
rep4,1.6623,158,13
rep4,1.6691,159,13
rep4,1.672,160,13
rep4,1.6754,161,13
rep4,1.6754,162,13
rep4,1.6785,163,13
rep4,1.6788,164,13
rep4,1.6818,165,13
rep4,1.6819,166,13
rep4,1.6821,167,13
rep4,1.6821,168,13
rep4,1.6823,169,13
rep4,1.6855,170,13
rep4,1.6856,171,13
rep4,1.6886,172,13
rep4,1.6954,173,13
rep4,1.6956,174,13
rep4,1.6956,175,13
rep4,1.6987,176,13
rep4,1.6988,177,13
rep4,1.6989,178,13
rep4,1.7019,179,13
rep4,1.7019,180,13
rep4,1.702,181,13
rep4,1.702,182,13
rep4,1.702,183,13
rep4,1.7023,184,13
rep4,1.7054,185,13
rep4,1.7057,186,13
rep4,1.7058,187,13
rep4,1.7087,188,13
rep4,1.7088,189,13
rep4,1.7089,190,13
rep4,1.7091,191,13
rep4,1.7119,192,13
rep4,1.7185,193,13
rep4,1.7185,194,13
rep4,1.719,195,13
rep4,1.722,196,13
rep4,1.7254,197,13
rep4,1.732,198,13
rep4,1.7324,199,13
rep4,1.7324,200,13
rep4,1.7355,201,13
rep4,1.7388,202,13
rep4,1.7389,203,13
rep4,1.742,204,13
rep4,1.7421,205,13
rep4,1.7422,206,13
rep4,1.7423,207,13
rep4,1.7451,208,13
rep4,1.7458,209,13
rep4,1.7487,210,13
rep4,1.7531,211,13
rep4,1.7532,212,13
rep4,1.7532,213,13
rep4,1.7534,214,13
rep4,1.7553,215,13
rep4,1.7555,216,13
rep4,1.7585,217,13
rep4,1.7685,218,13
rep4,1.7686,219,13
rep4,1.7687,220,13
rep4,1.7718,221,13
rep4,1.7723,222,13
rep4,1.7757,223,13
rep4,1.7786,224,13
rep4,1.7788,225,13
rep4,1.7788,226,13
rep4,1.7788,227,13
rep4,1.779,228,13
rep4,1.7818,229,13
rep4,1.7824,230,13
rep4,1.7824,231,13
rep4,1.7855,232,13
rep4,1.7886,233,13
rep4,1.792,234,13
rep4,1.7955,235,13
rep4,1.7988,236,13
rep4,1.799,237,13
rep4,1.802,238,13
rep4,1.8055,239,13
rep4,1.8085,239,14
rep4,1.8086,240,14
rep4,1.809,241,14
rep4,1.8091,242,14
rep4,1.8119,243,14
rep4,1.8121,244,14
rep4,1.8186,245,14
rep4,1.8187,246,14
rep4,1.8188,247,14
rep4,1.8188,248,14
rep4,1.822,249,14
rep4,1.8222,250,14
rep4,1.8257,251,14
rep4,1.8257,252,14
rep4,1.8319,253,14
rep4,1.8325,254,14
rep4,1.8353,255,14
rep4,1.8353,256,14
rep4,1.8356,257,14
rep4,1.8357,258,14
rep4,1.8357,259,14
rep4,1.8386,260,14
rep4,1.8388,261,14
rep4,1.8388,262,14
rep4,1.8389,263,14
rep4,1.839,264,14
rep4,1.839,265,14
rep4,1.8418,266,14
rep4,1.8421,267,14
rep4,1.8422,268,14
rep4,1.8422,269,14
rep4,1.8423,270,14
rep4,1.8424,271,14
rep4,1.8453,272,14
rep4,1.8453,273,14
rep4,1.8453,274,14
rep4,1.8454,275,14
rep4,1.8455,276,14
rep4,1.8456,277,14
rep4,1.8488,278,14
rep4,1.8491,279,14
rep4,1.852,280,14
rep4,1.8521,281,14
rep4,1.8552,282,14
rep4,1.8586,283,14
rep4,1.8587,284,14
rep4,1.859,285,14
rep4,1.859,286,14
rep4,1.8621,287,14
rep4,1.8654,288,14
rep4,1.8687,289,14
rep4,1.869,290,14
rep4,1.872,291,14
rep4,1.8722,292,14
rep4,1.8758,293,14
rep4,1.8788,294,14
rep4,1.8788,295,14
rep4,1.8821,296,14
rep4,1.8823,297,14
rep4,1.8854,298,14
rep4,1.889,299,14
rep4,1.8921,300,14
rep4,1.8952,301,14
rep4,1.8953,302,14
rep4,1.8955,303,14
rep4,1.8955,304,14
rep4,1.8955,305,14
rep4,1.8956,306,14
rep4,1.8957,306,15
rep4,1.8958,307,15
rep4,1.8985,308,15
rep4,1.8986,309,15
rep4,1.9019,310,15
rep4,1.9019,311,15
rep4,1.9051,312,15
rep4,1.9055,313,15
rep4,1.9086,314,15
rep4,1.9087,315,15
rep4,1.9153,316,15
rep4,1.9155,317,15
rep4,1.9156,318,15
rep4,1.9156,319,15
rep4,1.9156,320,15
rep4,1.9157,321,15
rep4,1.9157,322,15
rep4,1.9188,323,15
rep4,1.9188,324,15
rep4,1.9189,325,15
rep4,1.9191,326,15
rep4,1.9253,327,15
rep4,1.9255,328,15
rep4,1.929,329,15
rep4,1.9356,330,15
rep4,1.9387,331,15
rep4,1.9387,332,15
rep4,1.942,333,15
rep4,1.9457,334,15
rep4,1.9458,335,15
rep4,1.9491,336,15
rep4,1.9524,337,15
rep4,1.9553,338,15
rep4,1.9555,339,15
rep4,1.9556,340,15
rep4,1.9594,341,15
rep4,1.9596,342,15
rep4,1.9686,343,15
rep4,1.9691,344,15
rep4,1.9721,345,15
rep4,1.9751,346,15
rep4,1.9754,347,15
rep4,1.9756,348,15
rep4,1.9785,349,15
rep4,1.982,350,15
rep4,1.9823,351,15
rep4,1.989,352,15
rep4,1.9921,353,15
rep4,2.0053,354,15
rep4,2.0053,355,15
rep4,2.0056,356,15
rep4,2.0088,357,15
rep4,2.0088,358,15
rep4,2.012,359,15
rep4,2.0157,360,15
rep4,2.0185,361,15
rep4,2.0186,362,15
rep4,2.0186,363,15
rep4,2.0191,364,15
rep4,2.0191,365,15
rep4,2.022,366,15
rep4,2.0222,367,15
rep4,2.0223,368,15
rep4,2.0252,369,15
rep4,2.0253,370,15
rep4,2.0255,371,15
rep4,2.0256,372,15
rep4,2.0286,373,15
rep4,2.0287,374,15
rep4,2.0288,375,15
rep4,2.0289,376,15
rep4,2.029,377,15
rep4,2.0291,378,15
rep4,2.0322,379,15
rep4,2.0353,380,15
rep4,2.0386,381,15
rep4,2.039,382,15
rep4,2.0391,383,15
rep4,2.0423,384,15
rep4,2.0489,385,15
rep4,2.049,386,15
rep4,2.049,387,15
rep4,2.0491,388,15
rep4,2.052,389,15
rep4,2.0526,390,15
rep4,2.0552,391,15
rep4,2.0553,392,15
rep4,2.0588,393,15
rep4,2.0589,394,15
rep4,2.062,395,15
rep4,2.0656,396,15
rep4,2.0656,397,15
rep4,2.0691,398,15
rep4,2.0718,399,15
rep4,2.072,400,15
rep4,2.0755,401,15
rep4,2.0786,402,15
rep4,2.0786,403,15
rep4,2.0821,404,15
rep4,2.0821,405,15
rep4,2.0823,406,15
rep4,2.0824,407,15
rep4,2.0853,408,15
rep4,2.0854,409,15
rep4,2.0887,410,15
rep4,2.0918,411,15
rep4,2.0919,412,15
rep4,2.0922,413,15
rep4,2.0924,414,15
rep4,2.0988,415,15
rep4,2.0989,416,15
rep4,2.099,417,15
rep4,2.102,418,15
rep4,2.1024,419,15
rep4,2.1025,420,15
rep4,2.1053,421,15
rep4,2.1055,422,15
rep4,2.1086,423,15
rep4,2.1091,424,15
rep4,2.1091,425,15
rep4,2.1121,426,15
rep4,2.1122,427,15
rep4,2.1151,428,15
rep4,2.1153,429,15
rep4,2.1155,430,15
rep4,2.1157,431,15
rep4,2.119,432,15
rep4,2.1219,433,15
rep4,2.1254,434,15
rep4,2.1255,435,15
rep4,2.1256,436,15
rep4,2.1321,437,15
rep4,2.1355,438,15
rep4,2.1358,439,15
rep4,2.1389,440,15
rep4,2.1421,441,15
rep4,2.1424,442,15
rep4,2.1454,443,15
rep4,2.1456,444,15
rep4,2.1457,445,15
rep4,2.1489,446,15
rep4,2.149,447,15
rep4,2.1518,448,15
rep4,2.1521,449,15
rep4,2.1523,450,15
rep4,2.1552,451,15
rep4,2.1557,452,15
rep4,2.1585,453,15
rep4,2.1591,454,15
rep4,2.1618,455,15
rep4,2.1624,456,15
rep4,2.1657,457,15
rep4,2.1688,458,15
rep4,2.1755,459,15
rep4,2.1755,460,15
rep4,2.1757,461,15
rep4,2.1785,462,15
rep4,2.1824,463,15
rep4,2.1824,464,15
rep4,2.1853,465,15
rep4,2.1855,466,15
rep4,2.1886,467,15
rep4,2.1886,468,15
rep4,2.1886,469,15
rep4,2.1888,470,15
rep4,2.192,471,15
rep4,2.192,472,15
rep4,2.1922,473,15
rep4,2.1922,474,15
rep4,2.1954,475,15
rep4,2.1954,476,15
rep4,2.1955,477,15
rep4,2.1955,478,15
rep4,2.1957,479,15
rep4,2.1957,480,15
rep4,2.1958,481,15
rep4,2.1986,482,15
rep4,2.1989,483,15
rep4,2.1993,484,15
rep4,2.2024,485,15
rep4,2.2056,486,15
rep4,2.2056,487,15
rep4,2.2057,488,15
rep4,2.2057,489,15
rep4,2.2089,490,15
rep4,2.2121,491,15
rep4,2.2121,492,15
rep4,2.2122,493,15
rep4,2.2123,494,15
rep4,2.2123,495,15
rep4,2.2124,496,15
rep4,2.2124,497,15
rep4,2.2152,498,15
rep4,2.2187,499,15
rep4,2.2189,500,15
rep4,2.2191,501,15
rep4,2.2218,502,15
rep4,2.2222,503,15
rep4,2.2253,504,15
rep4,2.2255,505,15
rep4,2.2255,506,15
rep4,2.2256,507,15
rep4,2.2286,508,15
rep4,2.2287,509,15
rep4,2.2322,510,15
rep4,2.2322,511,15
rep4,2.2353,512,15
rep4,2.2356,513,15
rep4,2.2387,514,15
rep4,2.2389,515,15
rep4,2.2419,516,15
rep4,2.242,517,15
rep4,2.2453,518,15
rep4,2.2455,519,15
rep4,2.2456,520,15
rep4,2.2458,521,15
rep4,2.2551,522,15
rep4,2.2552,523,15
rep4,2.2553,524,15
rep4,2.2555,525,15
rep4,2.2555,526,15
rep4,2.2556,527,15
rep4,2.2586,528,15
rep4,2.2587,529,15
rep4,2.2587,530,15
rep4,2.2587,531,15
rep4,2.2588,532,15
rep4,2.2621,533,15
rep4,2.2621,534,15
rep4,2.2622,535,15
rep4,2.2624,536,15
rep4,2.2624,537,15
rep4,2.2624,538,15
rep4,2.2656,539,15
rep4,2.2687,540,15
rep4,2.2688,541,15
rep4,2.2764,542,15
rep4,2.2764,543,15
rep4,2.2765,544,15
rep4,2.279,545,15
rep4,2.2856,546,15
rep4,2.2858,547,15
rep4,2.2888,548,15
rep4,2.2889,549,15
rep4,2.2919,550,15
rep4,2.2954,551,15
rep4,2.2957,552,15
rep4,2.299,553,15
rep4,2.3023,554,15
rep4,2.3088,555,15
rep4,2.3122,556,15
rep4,2.3123,557,15
rep4,2.3123,558,15
rep4,2.3153,559,15
rep4,2.3154,560,15
rep4,2.3186,561,15
rep4,2.3253,562,15
rep4,2.3254,563,15
rep4,2.3258,564,15
rep4,2.3258,565,15
rep4,2.3289,566,15
rep4,2.3321,567,15
rep4,2.3323,568,15
rep4,2.3354,569,15
rep4,2.339,570,15
rep4,2.342,571,15
rep4,2.3422,572,15
rep4,2.3485,573,15
rep4,2.3488,574,15
rep4,2.349,575,15
rep4,2.3557,576,15
rep4,2.3558,577,15
rep4,2.3588,578,15
rep4,2.3618,579,15
rep4,2.3619,580,15
rep4,2.362,581,15
rep4,2.3625,582,15
rep4,2.3652,583,15
rep4,2.3656,584,15
rep4,2.3658,585,15
rep4,2.3719,586,15
rep4,2.3787,587,15
rep4,2.3822,588,15
rep4,2.3892,589,15
rep4,2.3893,590,15
rep4,2.3896,591,15
rep4,2.3919,592,15
rep4,2.3919,593,15
rep4,2.3919,594,15
rep4,2.3922,595,15
rep4,2.3924,596,15
rep4,2.3953,597,15
rep4,2.3954,598,15
rep4,2.3955,599,15
rep4,2.3987,600,15
rep4,2.3988,601,15
rep4,2.3989,602,15
rep4,2.399,603,15
rep4,2.3991,604,15
rep4,2.4019,605,15
rep4,2.4021,606,15
rep4,2.4024,607,15
rep4,2.4054,608,15
rep4,2.4054,609,15
rep4,2.4054,610,15
rep4,2.4055,611,15
rep4,2.4059,612,15
rep4,2.409,613,15
rep4,2.4124,614,15
rep4,2.4152,615,15
rep4,2.4152,616,15
rep4,2.4156,617,15
rep4,2.4186,617,16
rep4,2.4186,618,16
rep4,2.4186,619,16
rep4,2.4187,620,16
rep4,2.4187,621,16
rep4,2.4254,622,16
rep4,2.4291,623,16
rep4,2.4351,624,16
rep4,2.4353,625,16
rep4,2.4355,626,16
rep4,2.4388,627,16
rep4,2.4389,628,16
rep4,2.4391,629,16
rep4,2.4452,630,16
rep4,2.4455,631,16
rep4,2.4457,632,16
rep4,2.4486,633,16
rep4,2.4518,634,16
rep4,2.4518,635,16
rep4,2.4519,636,16
rep4,2.4521,637,16
rep4,2.4522,638,16
rep4,2.4523,639,16
rep4,2.4523,640,16
rep4,2.4555,641,16
rep4,2.4557,642,16
rep4,2.4588,643,16
rep4,2.4591,644,16
rep4,2.4592,645,16
rep4,2.4621,646,16
rep4,2.4622,647,16
rep4,2.4622,648,16
rep4,2.4653,649,16
rep4,2.4653,650,16
rep4,2.4653,651,16
rep4,2.4654,652,16
rep4,2.4657,653,16
rep4,2.4658,654,16
rep4,2.4687,655,16
rep4,2.4688,656,16
rep4,2.4693,657,16
rep4,2.472,658,16
rep4,2.4752,659,16
rep4,2.4753,660,16
rep4,2.4754,661,16
rep4,2.4754,662,16
rep4,2.4757,663,16
rep4,2.4788,664,16
rep4,2.479,665,16
rep4,2.479,666,16
rep4,2.479,667,16
rep4,2.4821,668,16
rep4,2.4822,669,16
rep4,2.4823,670,16
rep4,2.4855,671,16
rep4,2.4856,672,16
rep4,2.4856,673,16
rep4,2.4858,674,16
rep4,2.4886,675,16
rep4,2.4886,676,16
rep4,2.4887,677,16
rep4,2.489,678,16
rep4,2.4919,679,16
rep4,2.492,680,16
rep4,2.4921,681,16
rep4,2.4985,682,16
rep4,2.499,683,16
rep4,2.4993,684,16
rep4,2.502,685,16
rep4,2.5024,686,16
rep4,2.5054,687,16
rep4,2.5054,688,16
rep4,2.5055,689,16
rep4,2.5086,690,16
rep4,2.5087,691,16
rep4,2.5119,692,16
rep4,2.5119,693,16
rep4,2.5121,694,16
rep4,2.5123,695,16
rep4,2.5151,696,16
rep4,2.5155,697,16
rep4,2.5191,698,16
rep4,2.5218,699,16
rep4,2.5219,700,16
rep4,2.522,701,16
rep4,2.5253,702,16
rep4,2.5254,703,16
rep4,2.532,704,16
rep4,2.5353,705,16
rep4,2.5353,706,16
rep4,2.5353,707,16
rep4,2.5353,708,16
rep4,2.5355,709,16
rep4,2.5387,710,16
rep4,2.5422,711,16
rep4,2.5457,712,16
rep4,2.5457,713,16
rep4,2.5457,714,16
rep4,2.5487,715,16
rep4,2.5523,716,16
rep4,2.5523,717,16
rep4,2.5557,718,16
rep4,2.5588,719,16
rep4,2.5589,720,16
rep4,2.5592,721,16
rep4,2.562,722,16
rep4,2.5657,723,16
rep4,2.5658,724,16
rep4,2.5722,725,16
rep4,2.5724,726,16
rep4,2.5752,727,16
rep4,2.5752,728,16
rep4,2.5753,729,16
rep4,2.5755,730,16
rep4,2.5756,731,16
rep4,2.5757,732,16
rep4,2.5787,733,16
rep4,2.579,734,16
rep4,2.5791,735,16
rep4,2.5792,736,16
rep4,2.5818,737,16
rep4,2.582,738,16
rep4,2.5821,739,16
rep4,2.5823,740,16
rep4,2.5824,741,16
rep4,2.5855,742,16
rep4,2.5856,743,16
rep4,2.5857,744,16
rep4,2.5885,745,16
rep4,2.5886,746,16
rep4,2.5955,747,16
rep4,2.5958,748,16
rep4,2.5987,749,16
rep4,2.5991,750,16
rep4,2.6025,751,16
rep4,2.6051,752,16
rep4,2.6055,753,16
rep4,2.6057,754,16
rep4,2.6087,755,16
rep4,2.6089,756,16
rep4,2.609,757,16
rep4,2.6119,758,16
rep4,2.6151,759,16
rep4,2.6153,760,16
rep4,2.6153,761,16
rep4,2.6155,762,16
rep4,2.6156,763,16
rep4,2.6156,764,16
rep4,2.6157,765,16
rep4,2.6189,766,16
rep4,2.6222,767,16
rep4,2.6223,768,16
rep4,2.6223,769,16
rep4,2.6252,770,16
rep4,2.6322,771,16
rep4,2.6354,772,16
rep4,2.6387,773,16
rep4,2.6387,774,16
rep4,2.642,775,16
rep4,2.6454,776,16
rep4,2.6455,777,16
rep4,2.6488,778,16
rep4,2.6489,779,16
rep4,2.6519,780,16
rep4,2.6521,781,16
rep4,2.6553,782,16
rep4,2.6554,783,16
rep4,2.6554,784,16
rep4,2.6588,785,16
rep4,2.6589,786,16
rep4,2.6621,787,16
rep4,2.6623,788,16
rep4,2.6623,789,16
rep4,2.6624,790,16
rep4,2.6655,791,16
rep4,2.6656,792,16
rep4,2.6656,793,16
rep4,2.6656,794,16
rep4,2.6657,795,16
rep4,2.6657,796,16
rep4,2.6658,797,16
rep4,2.6659,798,16
rep4,2.6689,799,16
rep4,2.6721,800,16
rep4,2.6754,801,16
rep4,2.6756,802,16
rep4,2.6789,803,16
rep4,2.6789,804,16
rep4,2.682,805,16
rep4,2.682,806,16
rep4,2.682,807,16
rep4,2.6823,808,16
rep4,2.6823,809,16
rep4,2.6864,810,16
rep4,2.6888,811,16
rep4,2.6889,812,16
rep4,2.6892,813,16
rep4,2.6919,814,16
rep4,2.692,815,16
rep4,2.6952,816,16
rep4,2.6952,817,16
rep4,2.6956,818,16
rep4,2.6985,819,16
rep4,2.6987,820,16
rep4,2.6988,821,16
rep4,2.7021,822,16
rep4,2.7022,823,16
rep4,2.7052,824,16
rep4,2.7086,825,16
rep4,2.712,826,16
rep4,2.7124,827,16
rep4,2.7155,828,16
rep4,2.7155,829,16
rep4,2.7157,830,16
rep4,2.7187,831,16
rep4,2.7188,832,16
rep4,2.7191,833,16
rep4,2.7255,834,16
rep4,2.7287,835,16
rep4,2.729,836,16
rep4,2.7319,837,16
rep4,2.7319,838,16
rep4,2.7323,839,16
rep4,2.7352,840,16
rep4,2.7356,841,16
rep4,2.7418,842,16
rep4,2.7453,843,16
rep4,2.7453,844,16
rep4,2.7454,845,16
rep4,2.7456,846,16
rep4,2.7486,847,16
rep4,2.7488,848,16
rep4,2.7489,849,16
rep4,2.7489,850,16
rep4,2.749,851,16
rep4,2.752,852,16
rep4,2.7554,853,16
rep4,2.7557,854,16
rep4,2.7557,855,16
rep4,2.7557,856,16
rep4,2.7589,857,16
rep4,2.7591,858,16
rep4,2.7621,859,16
rep4,2.7623,860,16
rep4,2.7652,861,16
rep4,2.7655,862,16
rep4,2.7687,863,16
rep4,2.7687,864,16
rep4,2.7688,865,16
rep4,2.769,866,16
rep4,2.7718,867,16
rep4,2.7753,868,16
rep4,2.7755,869,16
rep4,2.779,870,16
rep4,2.7819,871,16
rep4,2.783,872,16
rep4,2.7852,873,16
rep4,2.7853,874,16
rep4,2.7853,875,16
rep4,2.7858,876,16
rep4,2.7886,877,16
rep4,2.7891,878,16
rep4,2.7954,879,16
rep4,2.7956,880,16
rep4,2.7986,881,16
rep4,2.802,882,16
rep4,2.8021,883,16
rep4,2.8053,884,16
rep4,2.8085,885,16
rep4,2.8089,886,16
rep4,2.8119,887,16
rep4,2.8119,888,16
rep4,2.8122,889,16
rep4,2.8154,890,16
rep4,2.8154,891,16
rep4,2.8155,892,16
rep4,2.8156,893,16
rep4,2.8156,894,16
rep4,2.8158,895,16
rep4,2.8186,896,16
rep4,2.8218,897,16
rep4,2.8221,898,16
rep4,2.8222,899,16
rep4,2.8322,900,16
rep4,2.8325,901,16
rep4,2.8389,902,16
rep4,2.8421,903,16
rep4,2.8457,904,16
rep4,2.8457,905,16
rep4,2.8487,906,16
rep4,2.8492,907,16
rep4,2.8519,908,16
rep4,2.8523,909,16
rep4,2.8525,910,16
rep4,2.8557,911,16
rep4,2.8586,912,16
rep4,2.8587,913,16
rep4,2.8619,914,16
rep4,2.8621,915,16
rep4,2.8621,916,16
rep4,2.8687,917,16
rep4,2.8688,918,16
rep4,2.869,919,16
rep4,2.869,920,16
rep4,2.869,921,16
rep4,2.8721,922,16
rep4,2.8723,923,16
rep4,2.8753,924,16
rep4,2.8753,925,16
rep4,2.8755,926,16
rep4,2.8755,927,16
rep4,2.8756,927,17
rep4,2.8758,928,17
rep4,2.8788,929,17
rep4,2.879,930,17
rep4,2.8791,931,17
rep4,2.8819,932,17
rep4,2.8821,933,17
rep4,2.8821,934,17
rep4,2.8822,935,17
rep4,2.8822,936,17
rep4,2.8823,937,17
rep4,2.8856,938,17
rep4,2.8857,939,17
rep4,2.8858,940,17
rep4,2.8894,941,17
rep4,2.8895,942,17
rep4,2.8896,943,17
rep4,2.8896,944,17
rep4,2.8896,945,17
rep4,2.8919,946,17
rep4,2.8952,947,17
rep4,2.8955,948,17
rep4,2.8957,949,17
rep4,2.8957,950,17
rep4,2.8985,951,17
rep4,2.8986,952,17
rep4,2.9023,953,17
rep4,2.9051,954,17
rep4,2.9054,955,17
rep4,2.9056,956,17
rep4,2.9056,957,17
rep4,2.9085,958,17
rep4,2.9086,959,17
rep4,2.9087,960,17
rep4,2.9091,961,17
rep4,2.9122,962,17
rep4,2.9155,963,17
rep4,2.9158,964,17
rep4,2.9188,965,17
rep4,2.9189,966,17
rep4,2.9191,967,17
rep4,2.9218,968,17
rep4,2.922,969,17
rep4,2.9222,970,17
rep4,2.9255,971,17
rep4,2.9255,972,17
rep4,2.9287,973,17
rep4,2.9288,974,17
rep4,2.929,975,17
rep4,2.9321,976,17
rep4,2.9354,977,17
rep4,2.9388,978,17
rep4,2.939,979,17
rep4,2.9391,980,17
rep4,2.9391,981,17
rep4,2.9419,982,17
rep4,2.9421,983,17
rep4,2.9422,984,17
rep4,2.9422,985,17
rep4,2.9422,986,17
rep4,2.9456,987,17
rep4,2.9456,988,17
rep4,2.9489,989,17
rep4,2.952,990,17
rep4,2.9521,991,17
rep4,2.9521,992,17
rep4,2.9522,993,17
rep4,2.9522,994,17
rep4,2.9523,995,17
rep4,2.9523,996,17
rep4,2.9554,997,17
rep4,2.9555,998,17
rep4,2.9586,999,17
rep4,2.9587,1000,17
rep4,2.9587,1001,17
rep4,2.9688,1002,17
rep4,2.9719,1003,17
rep4,2.9723,1004,17
rep4,2.9753,1005,17
rep4,2.9758,1006,17
rep4,2.9786,1007,17
rep4,2.9819,1008,17
rep4,2.9855,1009,17
rep4,2.9885,1010,17
rep4,2.9886,1011,17
rep4,2.9887,1012,17
rep4,2.9952,1013,17
rep4,2.9954,1014,17
rep4,2.9986,1015,17
rep4,2.9987,1016,17
rep4,2.9988,1017,17
rep4,2.999,1018,17
rep4,2.9991,1019,17
rep4,3.0018,1020,17
rep4,3.002,1021,17
rep4,3.002,1022,17
rep4,3.0023,1023,17
rep4,3.0023,1024,17
rep4,3.0055,1025,17
rep4,3.0058,1026,17
rep4,3.0085,1027,17
rep4,3.0085,1028,17
rep4,3.0121,1029,17
rep4,3.0123,1030,17
rep4,3.0154,1031,17
rep4,3.0156,1032,17
rep4,3.0185,1033,17
rep4,3.0187,1034,17
rep4,3.0221,1035,17
rep4,3.0253,1036,17
rep4,3.0256,1037,17
rep4,3.0257,1038,17
rep4,3.0258,1039,17
rep4,3.0285,1040,17
rep4,3.0286,1041,17
rep4,3.0288,1042,17
rep4,3.0291,1043,17
rep4,3.0322,1044,17
rep4,3.0322,1045,17
rep4,3.0352,1046,17
rep4,3.0357,1047,17
rep4,3.0419,1048,17
rep4,3.0424,1049,17
rep4,3.0451,1050,17
rep4,3.0452,1051,17
rep4,3.0453,1052,17
rep4,3.0456,1053,17
rep4,3.0486,1054,17
rep4,3.0487,1055,17
rep4,3.0489,1056,17
rep4,3.0519,1057,17
rep4,3.0522,1058,17
rep4,3.0523,1059,17
rep4,3.0553,1060,17
rep4,3.0556,1061,17
rep4,3.0621,1062,17
rep4,3.0624,1063,17
rep4,3.0654,1064,17
rep4,3.0657,1065,17
rep4,3.0685,1066,17
rep4,3.0685,1067,17
rep4,3.0689,1068,17
rep4,3.0752,1069,17
rep4,3.0753,1070,17
rep4,3.0757,1071,17
rep4,3.0758,1072,17
rep4,3.079,1073,17
rep4,3.0791,1074,17
rep4,3.0823,1075,17
rep4,3.0855,1076,17
rep4,3.0857,1077,17
rep4,3.0885,1078,17
rep4,3.0888,1079,17
rep4,3.0889,1080,17
rep4,3.092,1081,17
rep4,3.0921,1082,17
rep4,3.0922,1083,17
rep4,3.0922,1084,17
rep4,3.0923,1085,17
rep4,3.0924,1086,17
rep4,3.0925,1087,17
rep4,3.0952,1088,17
rep4,3.0957,1089,17
rep4,3.0999,1090,17
rep4,3.1021,1091,17
rep4,3.1052,1092,17
rep4,3.1054,1093,17
rep4,3.1085,1094,17
rep4,3.1124,1095,17
rep4,3.1124,1096,17
rep4,3.1154,1097,17
rep4,3.1188,1098,17
rep4,3.1191,1099,17
rep4,3.1218,1100,17
rep4,3.1221,1101,17
rep4,3.1221,1102,17
rep4,3.1224,1103,17
rep4,3.1224,1104,17
rep4,3.1254,1105,17
rep4,3.1254,1106,17
rep4,3.1255,1107,17
rep4,3.1257,1108,17
rep4,3.1258,1109,17
rep4,3.1289,1110,17
rep4,3.1289,1110,18
rep4,3.129,1111,18
rep4,3.1324,1112,18
rep4,3.1358,1113,18
rep4,3.1385,1114,18
rep4,3.1385,1115,18
rep4,3.1387,1116,18
rep4,3.1388,1117,18
rep4,3.1389,1118,18
rep4,3.1421,1119,18
rep4,3.1423,1120,18
rep4,3.1453,1121,18
rep4,3.1454,1122,18
rep4,3.1456,1123,18
rep4,3.1486,1124,18
rep4,3.1487,1125,18
rep4,3.149,1126,18
rep4,3.149,1127,18
rep4,3.1555,1128,18
rep4,3.1585,1129,18
rep4,3.1587,1130,18
rep4,3.1587,1131,18
rep4,3.1587,1132,18
rep4,3.1589,1133,18
rep4,3.159,1134,18
rep4,3.1651,1135,18
rep4,3.1653,1136,18
rep4,3.169,1137,18
rep4,3.1721,1138,18
rep4,3.1721,1139,18
rep4,3.1753,1140,18
rep4,3.1753,1141,18
rep4,3.1757,1142,18
rep4,3.1758,1143,18
rep4,3.1786,1144,18
rep4,3.1819,1145,18
rep4,3.1824,1146,18
rep4,3.1826,1147,18
rep4,3.1853,1148,18
rep4,3.1856,1149,18
rep4,3.1922,1150,18
rep4,3.1924,1151,18
rep4,3.1924,1152,18
rep4,3.1955,1153,18
rep4,3.1955,1154,18
rep4,3.1987,1155,18
rep4,3.1987,1156,18
rep4,3.199,1157,18
rep4,3.2029,1158,18
rep4,3.2053,1159,18
rep4,3.2054,1160,18
rep4,3.2055,1161,18
rep4,3.2056,1162,18
rep4,3.2088,1163,18
rep4,3.2091,1164,18
rep4,3.2091,1165,18
rep4,3.212,1166,18
rep4,3.2151,1167,18
rep4,3.2153,1168,18
rep4,3.2156,1169,18
rep4,3.2158,1170,18
rep4,3.2186,1171,18
rep4,3.2189,1172,18
rep4,3.219,1173,18
rep4,3.2218,1174,18
rep4,3.222,1175,18
rep4,3.2222,1176,18
rep4,3.2223,1177,18
rep4,3.2253,1178,18
rep4,3.2253,1179,18
rep4,3.2254,1180,18
rep4,3.2259,1181,18
rep4,3.2286,1182,18
rep4,3.2287,1183,18
rep4,3.2287,1184,18
rep4,3.2292,1185,18
rep4,3.2318,1186,18
rep4,3.2323,1187,18
rep4,3.2351,1188,18
rep4,3.2387,1189,18
rep4,3.2452,1190,18
rep4,3.2454,1191,18
rep4,3.2485,1192,18
rep4,3.2489,1193,18
rep4,3.249,1194,18
rep4,3.2519,1195,18
rep4,3.2557,1196,18
rep4,3.2618,1197,18
rep4,3.262,1198,18
rep4,3.2655,1199,18
rep4,3.2656,1200,18
rep4,3.2688,1201,18
rep4,3.2689,1202,18
rep4,3.2719,1203,18
rep4,3.2723,1204,18
rep4,3.2755,1205,18
rep4,3.2788,1206,18
rep4,3.2791,1207,18
rep4,3.2791,1208,18
rep4,3.2823,1209,18
rep4,3.2823,1210,18
rep4,3.2856,1211,18
rep4,3.2888,1212,18
rep4,3.2918,1213,18
rep4,3.292,1214,18
rep4,3.2922,1215,18
rep4,3.2923,1216,18
rep4,3.2924,1217,18
rep4,3.2924,1218,18
rep4,3.2925,1219,18
rep4,3.2925,1220,18
rep4,3.2954,1221,18
rep4,3.2954,1222,18
rep4,3.2955,1223,18
rep4,3.2955,1224,18
rep4,3.2957,1225,18
rep4,3.2986,1226,18
rep4,3.2987,1227,18
rep4,3.2988,1228,18
rep4,3.2988,1229,18
rep4,3.2989,1230,18
rep4,3.299,1231,18
rep4,3.3027,1232,18
rep4,3.3029,1233,18
rep4,3.3029,1234,18
rep4,3.303,1235,18
rep4,3.3053,1236,18
rep4,3.3053,1237,18
rep4,3.3057,1238,18
rep4,3.3085,1239,18
rep4,3.3086,1240,18
rep4,3.3087,1241,18
rep4,3.3089,1242,18
rep4,3.3091,1243,18
rep4,3.3122,1244,18
rep4,3.3123,1245,18
rep4,3.3123,1246,18
rep4,3.3154,1247,18
rep4,3.3157,1248,18
rep4,3.3185,1249,18
rep4,3.3187,1250,18
rep4,3.3188,1251,18
rep4,3.3189,1252,18
rep4,3.3257,1253,18
rep4,3.3285,1254,18
rep4,3.3289,1255,18
rep4,3.329,1256,18
rep4,3.3319,1257,18
rep4,3.3321,1258,18
rep4,3.3323,1259,18
rep4,3.3323,1260,18
rep4,3.3355,1261,18
rep4,3.3388,1262,18
rep4,3.3423,1263,18
rep4,3.3423,1264,18
rep4,3.3518,1265,18
rep4,3.3652,1266,18
rep4,3.3655,1267,18
rep4,3.3656,1268,18
rep4,3.3656,1269,18
rep4,3.3657,1270,18
rep4,3.3687,1271,18
rep4,3.3689,1272,18
rep4,3.3755,1273,18
rep4,3.3758,1274,18
rep4,3.3788,1275,18
rep4,3.379,1276,18
rep4,3.3852,1277,18
rep4,3.3853,1278,18
rep4,3.3857,1279,18
rep4,3.3887,1280,18
rep4,3.3923,1281,18
rep4,3.3956,1282,18
rep4,3.3985,1283,18
rep4,3.3997,1284,18
rep4,3.3997,1285,18
rep4,3.3998,1286,18
rep4,3.3998,1287,18
rep4,3.4021,1288,18
rep4,3.4022,1289,18
rep4,3.4022,1290,18
rep4,3.4054,1291,18
rep4,3.4055,1292,18
rep4,3.4058,1293,18
rep4,3.4089,1294,18
rep4,3.409,1295,18
rep4,3.412,1296,18
rep4,3.4121,1297,18
rep4,3.4155,1298,18
rep4,3.4188,1299,18
rep4,3.4218,1300,18
rep4,3.4221,1301,18
rep4,3.4222,1302,18
rep4,3.4222,1303,18
rep4,3.4252,1304,18
rep4,3.4253,1305,18
rep4,3.4255,1306,18
rep4,3.4289,1307,18
rep4,3.4291,1308,18
rep4,3.4352,1309,18
rep4,3.4353,1310,18
rep4,3.4354,1311,18
rep4,3.4354,1312,18
rep4,3.4355,1313,18
rep4,3.4357,1314,18
rep4,3.4357,1315,18
rep4,3.4418,1316,18
rep5,0.0533,0,1
rep5,0.2203,0,2
rep5,0.3399,0,3
rep5,0.4199,0,4
rep5,0.4402,0,5
rep5,1.0932,0,6
rep5,1.1302,1,6
rep5,1.1332,2,6
rep5,1.15,3,6
rep5,1.154,4,6
rep5,1.1638,5,6
rep5,1.1666,6,6
rep5,1.167,7,6
rep5,1.1799,8,6
rep5,1.1865,9,6
rep5,1.1902,10,6
rep5,1.2002,11,6
rep5,1.2165,12,6
rep5,1.2331,13,6
rep5,1.2335,14,6
rep5,1.2369,15,6
rep5,1.2402,16,6
rep5,1.2534,17,6
rep5,1.2598,18,6
rep5,1.2702,19,6
rep5,1.2732,20,6
rep5,1.2832,21,6
rep5,1.2833,22,6
rep5,1.2901,23,6
rep5,1.3,24,6
rep5,1.3002,25,6
rep5,1.3033,26,6
rep5,1.3037,27,6
rep5,1.3066,28,6
rep5,1.3131,29,6
rep5,1.3137,30,6
rep5,1.3171,31,6
rep5,1.3203,32,6
rep5,1.33,33,6
rep5,1.3305,34,6
rep5,1.3465,35,6
rep5,1.3702,36,6
rep5,1.3702,37,6
rep5,1.3703,38,6
rep5,1.3735,39,6
rep5,1.3736,40,6
rep5,1.3769,41,6
rep5,1.38,42,6
rep5,1.39,43,6
rep5,1.4,44,6
rep5,1.4,45,6
rep5,1.4,46,6
rep5,1.4133,47,6
rep5,1.4134,48,6
rep5,1.4134,49,6
rep5,1.4136,50,6
rep5,1.4137,51,6
rep5,1.4203,52,6
rep5,1.4204,53,6
rep5,1.4333,54,6
rep5,1.4402,55,6
rep5,1.45,56,6
rep5,1.4534,57,6
rep5,1.4567,58,6
rep5,1.4568,59,6
rep5,1.457,60,6
rep5,1.4635,61,6
rep5,1.4703,62,6
rep5,1.4736,63,6
rep5,1.4776,64,6
rep5,1.4777,65,6
rep5,1.4798,66,6
rep5,1.4833,67,6
rep5,1.4833,68,6
rep5,1.4834,69,6
rep5,1.4836,70,6
rep5,1.4867,71,6
rep5,1.4868,72,6
rep5,1.4905,73,6
rep5,1.4932,74,6
rep5,1.4932,75,6
rep5,1.4999,76,6
rep5,1.5002,77,6
rep5,1.5033,78,6
rep5,1.5065,79,6
rep5,1.5068,80,6
rep5,1.5069,81,6
rep5,1.5102,82,6
rep5,1.5165,83,6
rep5,1.5233,84,6
rep5,1.5268,85,6
rep5,1.5269,86,6
rep5,1.5466,87,6
rep5,1.5469,88,6
rep5,1.5471,89,6
rep5,1.5498,90,6
rep5,1.5532,91,6
rep5,1.5533,92,6
rep5,1.5567,93,6
rep5,1.5568,94,6
rep5,1.5633,95,6
rep5,1.5633,96,6
rep5,1.5633,97,6
rep5,1.5703,98,6
rep5,1.5734,99,6
rep5,1.5736,100,6
rep5,1.5766,101,6
rep5,1.5768,102,6
rep5,1.5809,103,6
rep5,1.5933,104,6
rep5,1.5934,105,6
rep5,1.5936,106,6
rep5,1.6003,107,6
rep5,1.6003,108,6
rep5,1.6034,109,6
rep5,1.6036,110,6
rep5,1.6068,111,6
rep5,1.6098,112,6
rep5,1.6099,113,6
rep5,1.6132,114,6
rep5,1.617,115,6
rep5,1.6202,116,6
rep5,1.6267,117,6
rep5,1.6269,118,6
rep5,1.64,119,6
rep5,1.6467,120,6
rep5,1.6468,121,6
rep5,1.6468,122,6
rep5,1.6471,123,6
rep5,1.6471,124,6
rep5,1.6498,125,6
rep5,1.6533,126,6
rep5,1.6566,127,6
rep5,1.6566,128,6
rep5,1.6567,129,6
rep5,1.657,130,6
rep5,1.6599,131,6
rep5,1.6602,132,6
rep5,1.6631,133,6
rep5,1.6665,134,6
rep5,1.6666,135,6
rep5,1.6668,136,6
rep5,1.6668,137,6
rep5,1.6699,138,6
rep5,1.6699,139,6
rep5,1.67,140,6
rep5,1.67,141,6
rep5,1.6701,142,6
rep5,1.6704,143,6
rep5,1.6704,144,6
rep5,1.6738,145,6
rep5,1.6765,146,6
rep5,1.6765,147,6
rep5,1.6767,148,6
rep5,1.677,149,6
rep5,1.677,150,6
rep5,1.6771,151,6
rep5,1.68,152,6
rep5,1.68,153,6
rep5,1.6803,154,6
rep5,1.6836,155,6
rep5,1.6867,156,6
rep5,1.6898,157,6
rep5,1.6911,158,6
rep5,1.6911,159,6
rep5,1.6932,160,6
rep5,1.6938,161,6
rep5,1.6969,162,6
rep5,1.7002,163,6
rep5,1.7031,164,6
rep5,1.7103,165,6
rep5,1.7105,166,6
rep5,1.7132,167,6
rep5,1.7133,168,6
rep5,1.7135,169,6
rep5,1.7171,170,6
rep5,1.7171,171,6
rep5,1.7198,172,6
rep5,1.72,173,6
rep5,1.7238,174,6
rep5,1.7368,175,6
rep5,1.7432,176,6
rep5,1.7433,177,6
rep5,1.7433,178,6
rep5,1.7468,179,6
rep5,1.7502,180,6
rep5,1.7533,181,6
rep5,1.7533,182,6
rep5,1.7534,183,6
rep5,1.7598,184,6
rep5,1.7632,185,6
rep5,1.7635,186,6
rep5,1.7671,187,6
rep5,1.7701,188,6
rep5,1.7703,189,6
rep5,1.7732,190,6
rep5,1.7732,191,6
rep5,1.7732,192,6
rep5,1.7735,193,6
rep5,1.7735,194,6
rep5,1.7736,195,6
rep5,1.7766,196,6
rep5,1.7766,197,6
rep5,1.7766,198,6
rep5,1.7831,199,6
rep5,1.7831,200,6
rep5,1.7832,201,6
rep5,1.7866,202,6
rep5,1.7871,203,6
rep5,1.7902,204,6
rep5,1.7975,205,6
rep5,1.7975,206,6
rep5,1.7976,207,6
rep5,1.7977,208,6
rep5,1.7998,209,6
rep5,1.8001,210,6
rep5,1.8032,211,6
rep5,1.8033,212,6
rep5,1.8035,213,6
rep5,1.8037,214,6
rep5,1.8068,215,6
rep5,1.8101,216,6
rep5,1.8103,217,6
rep5,1.8137,218,6
rep5,1.8169,219,6
rep5,1.8202,220,6
rep5,1.8234,221,6
rep5,1.8235,222,6
rep5,1.8235,223,6
rep5,1.8266,224,6
rep5,1.8267,225,6
rep5,1.8269,226,6
rep5,1.8301,227,6
rep5,1.8302,228,6
rep5,1.8333,229,6
rep5,1.8336,230,6
rep5,1.8367,231,6
rep5,1.8404,232,6
rep5,1.8436,233,6
rep5,1.8468,234,6
rep5,1.8469,235,6
rep5,1.8498,236,6
rep5,1.8501,237,6
rep5,1.8502,238,6
rep5,1.8504,239,6
rep5,1.8534,240,6
rep5,1.8534,241,6
rep5,1.8598,242,6
rep5,1.8601,243,6
rep5,1.8637,244,6
rep5,1.8668,245,6
rep5,1.8668,246,6
rep5,1.8698,247,6
rep5,1.8699,248,6
rep5,1.8703,249,6
rep5,1.8735,250,6
rep5,1.8736,251,6
rep5,1.8766,252,6
rep5,1.8768,253,6
rep5,1.8769,254,6
rep5,1.877,255,6
rep5,1.8799,256,6
rep5,1.8802,257,6
rep5,1.8804,258,6
rep5,1.8835,259,6
rep5,1.8866,260,6
rep5,1.887,261,6
rep5,1.8934,262,6
rep5,1.8967,263,6
rep5,1.8969,264,6
rep5,1.8969,265,6
rep5,1.9,266,6
rep5,1.9,267,6
rep5,1.9003,268,6
rep5,1.9033,269,6
rep5,1.9048,270,6
rep5,1.9048,271,6
rep5,1.9098,272,6
rep5,1.91,273,6
rep5,1.9131,274,6
rep5,1.9131,275,6
rep5,1.9131,276,6
rep5,1.9136,277,6
rep5,1.9168,278,6
rep5,1.92,279,6
rep5,1.9202,280,6
rep5,1.9237,281,6
rep5,1.9237,282,6
rep5,1.9238,283,6
rep5,1.9266,284,6
rep5,1.927,285,6
rep5,1.9333,286,6
rep5,1.9334,287,6
rep5,1.9339,288,6
rep5,1.9368,289,6
rep5,1.9403,290,6
rep5,1.9434,291,6
rep5,1.9435,292,6
rep5,1.9466,293,6
rep5,1.9466,294,6
rep5,1.9466,295,6
rep5,1.9499,296,6
rep5,1.9532,297,6
rep5,1.9534,298,6
rep5,1.9568,299,6
rep5,1.9569,300,6
rep5,1.9603,301,6
rep5,1.9638,302,6
rep5,1.9666,303,6
rep5,1.9669,304,6
rep5,1.967,305,6
rep5,1.9698,306,6
rep5,1.9702,307,6
rep5,1.9736,308,6
rep5,1.9765,309,6
rep5,1.9765,310,6
rep5,1.9768,311,6
rep5,1.98,312,6
rep5,1.9802,313,6
rep5,1.9802,314,6
rep5,1.9805,315,6
rep5,1.9835,316,6
rep5,1.9865,317,6
rep5,1.9869,318,6
rep5,1.9899,319,6
rep5,1.9899,320,6
rep5,1.9901,321,6
rep5,1.9901,322,6
rep5,1.9903,323,6
rep5,1.9903,324,6
rep5,1.9933,325,6
rep5,1.9938,326,6
rep5,1.997,327,6
rep5,2.0,328,6
rep5,2.0,329,6
rep5,2.0033,330,6
rep5,2.0034,331,6
rep5,2.0034,332,6
rep5,2.0036,333,6
rep5,2.0037,334,6
rep5,2.0067,335,6
rep5,2.0067,336,6
rep5,2.0104,337,6
rep5,2.0135,338,6
rep5,2.0135,339,6
rep5,2.0136,340,6
rep5,2.0168,341,6
rep5,2.017,342,6
rep5,2.0211,343,6
rep5,2.0213,344,6
rep5,2.0214,345,6
rep5,2.0232,346,6
rep5,2.027,347,6
rep5,2.027,348,6
rep5,2.0271,349,6
rep5,2.0299,350,6
rep5,2.03,351,6
rep5,2.0303,352,6
rep5,2.0336,353,6
rep5,2.0336,354,6
rep5,2.0367,355,6
rep5,2.0368,356,6
rep5,2.037,357,6
rep5,2.0371,358,6
rep5,2.0371,359,6
rep5,2.0399,360,6
rep5,2.0401,361,6
rep5,2.0401,362,6
rep5,2.0403,363,6
rep5,2.0433,364,6
rep5,2.0434,365,6
rep5,2.0435,366,6
rep5,2.0501,367,6
rep5,2.0503,368,6
rep5,2.0505,369,6
rep5,2.0534,370,6
rep5,2.0537,371,6
rep5,2.0565,372,6
rep5,2.0566,373,6
rep5,2.0569,374,6
rep5,2.057,375,6
rep5,2.0571,376,6
rep5,2.0571,377,6
rep5,2.0601,378,6
rep5,2.0635,379,6
rep5,2.0636,380,6
rep5,2.0665,381,6
rep5,2.0701,382,6
rep5,2.0732,383,6
rep5,2.0733,384,6
rep5,2.0734,385,6
rep5,2.0736,386,6
rep5,2.0765,387,6
rep5,2.0765,388,6
rep5,2.0765,389,6
rep5,2.0767,390,6
rep5,2.0769,391,6
rep5,2.0769,392,6
rep5,2.077,393,6
rep5,2.0772,394,6
rep5,2.0801,395,6
rep5,2.0803,396,6
rep5,2.0804,397,6
rep5,2.0832,398,6
rep5,2.0832,399,6
rep5,2.0834,400,6
rep5,2.0866,401,6
rep5,2.0866,402,6
rep5,2.0867,403,6
rep5,2.0867,404,6
rep5,2.0868,405,6
rep5,2.0869,406,6
rep5,2.087,407,6
rep5,2.0871,408,6
rep5,2.0871,409,6
rep5,2.0898,410,6
rep5,2.0899,411,6
rep5,2.09,412,6
rep5,2.0901,413,6
rep5,2.0903,414,6
rep5,2.0904,415,6
rep5,2.0933,416,6
rep5,2.0967,417,6
rep5,2.0969,418,6
rep5,2.0969,419,6
rep5,2.0999,420,6
rep5,2.1003,421,6
rep5,2.1032,422,6
rep5,2.1032,423,6
rep5,2.1033,424,6
rep5,2.1037,425,6
rep5,2.1068,426,6
rep5,2.1104,427,6
rep5,2.1145,428,6
rep5,2.1167,429,6
rep5,2.1169,430,6
rep5,2.1203,431,6
rep5,2.1204,432,6
rep5,2.1232,433,6
rep5,2.1234,434,6
rep5,2.1235,435,6
rep5,2.1266,436,6
rep5,2.1266,437,6
rep5,2.1267,438,6
rep5,2.1268,439,6
rep5,2.1269,440,6
rep5,2.1269,441,6
rep5,2.127,442,6
rep5,2.127,443,6
rep5,2.1304,444,6
rep5,2.1331,445,6
rep5,2.1335,446,6
rep5,2.1401,447,6
rep5,2.1402,448,6
rep5,2.1403,449,6
rep5,2.1434,450,6
rep5,2.1437,451,6
rep5,2.1538,452,6
rep5,2.1567,453,6
rep5,2.1601,454,6
rep5,2.1665,455,6
rep5,2.1667,456,6
rep5,2.1669,457,6
rep5,2.1669,458,6
rep5,2.1699,459,6
rep5,2.1736,460,6
rep5,2.1738,461,6
rep5,2.1766,462,6
rep5,2.1767,463,6
rep5,2.1768,464,6
rep5,2.1769,465,6
rep5,2.1801,466,6
rep5,2.1802,467,6
rep5,2.1837,468,6
rep5,2.1869,469,6
rep5,2.19,470,6
rep5,2.1932,471,6
rep5,2.1933,472,6
rep5,2.1933,473,6
rep5,2.1935,474,6
rep5,2.1937,475,6
rep5,2.1965,476,6
rep5,2.1969,477,6
rep5,2.197,478,6
rep5,2.1999,479,6
rep5,2.2033,480,6
rep5,2.2065,481,6
rep5,2.2067,482,6
rep5,2.2068,483,6
rep5,2.2099,484,6
rep5,2.2131,485,6
rep5,2.214,486,6
rep5,2.2198,487,6
rep5,2.2199,488,6
rep5,2.2203,489,6
rep5,2.2203,490,6
rep5,2.2204,491,6
rep5,2.2233,492,6
rep5,2.2236,493,6
rep5,2.2238,494,6
rep5,2.2299,495,6
rep5,2.2302,496,6
rep5,2.2335,497,6
rep5,2.2365,498,6
rep5,2.237,499,6
rep5,2.2371,500,6
rep5,2.2401,501,6
rep5,2.2402,502,6
rep5,2.2402,503,6
rep5,2.2403,504,6
rep5,2.2437,505,6
rep5,2.2465,506,6
rep5,2.2465,507,6
rep5,2.247,508,6
rep5,2.2565,509,6
rep5,2.2598,510,6
rep5,2.2603,511,6
rep5,2.2604,512,6
rep5,2.2632,513,6
rep5,2.2634,514,6
rep5,2.2635,515,6
rep5,2.2636,516,6
rep5,2.2666,517,6
rep5,2.2667,518,6
rep5,2.2668,519,6
rep5,2.2732,520,6
rep5,2.2735,521,6
rep5,2.2736,522,6
rep5,2.2765,523,6
rep5,2.2768,524,6
rep5,2.2769,525,6
rep5,2.277,526,6
rep5,2.277,527,6
rep5,2.2799,528,6
rep5,2.2832,529,6
rep5,2.2833,530,6
rep5,2.2836,531,6
rep5,2.2865,532,6
rep5,2.2867,533,6
rep5,2.2867,534,6
rep5,2.2869,535,6
rep5,2.2869,536,6
rep5,2.2869,537,6
rep5,2.287,538,6
rep5,2.2902,539,6
rep5,2.2933,540,6
rep5,2.2934,541,6
rep5,2.3001,542,6
rep5,2.3035,543,6
rep5,2.3066,544,6
rep5,2.3066,545,6
rep5,2.3099,546,6
rep5,2.3103,547,6
rep5,2.3175,548,6
rep5,2.3178,549,6
rep5,2.32,550,6
rep5,2.3234,551,6
rep5,2.327,552,6
rep5,2.3271,553,6
rep5,2.3304,554,6
rep5,2.3333,555,6
rep5,2.3334,556,6
rep5,2.3337,557,6
rep5,2.3366,558,6
rep5,2.34,559,6
rep5,2.3435,560,6
rep5,2.3436,561,6
rep5,2.3465,562,6
rep5,2.3466,563,6
rep5,2.3467,564,6
rep5,2.3499,565,6
rep5,2.3503,566,6
rep5,2.3569,567,6
rep5,2.3602,568,6
rep5,2.3602,569,6
rep5,2.3633,570,6
rep5,2.3633,571,6
rep5,2.3634,572,6
rep5,2.3636,573,6
rep5,2.3737,574,6
rep5,2.3765,575,6
rep5,2.3767,576,6
rep5,2.3768,577,6
rep5,2.3833,578,6
rep5,2.3835,579,6
rep5,2.3836,580,6
rep5,2.3869,581,6
rep5,2.39,582,6
rep5,2.3901,583,6
rep5,2.3901,584,6
rep5,2.3903,585,6
rep5,2.3904,586,6
rep5,2.3934,587,6
rep5,2.3935,588,6
rep5,2.3936,589,6
rep5,2.3966,590,6
rep5,2.3968,591,6
rep5,2.3968,592,6
rep5,2.3969,593,6
rep5,2.3971,594,6
rep5,2.3999,595,6
rep5,2.3999,596,6
rep5,2.4001,597,6
rep5,2.4004,598,6
rep5,2.4032,599,6
rep5,2.4035,600,6
rep5,2.4037,601,6
rep5,2.4065,602,6
rep5,2.4066,603,6
rep5,2.4067,604,6
rep5,2.4068,605,6
rep5,2.407,606,6
rep5,2.4137,607,6
rep5,2.4137,608,6
rep5,2.417,609,6
rep5,2.4199,610,6
rep5,2.42,611,6
rep5,2.4204,612,6
rep5,2.4236,613,6
rep5,2.4267,614,6
rep5,2.427,615,6
rep5,2.4299,616,6
rep5,2.4334,617,6
rep5,2.4335,618,6
rep5,2.4335,619,6
rep5,2.4336,620,6
rep5,2.4368,621,6
rep5,2.437,622,6
rep5,2.4402,623,6
rep5,2.4402,624,6
rep5,2.4403,625,6
rep5,2.4434,626,6
rep5,2.4467,627,6
rep5,2.4468,628,6
rep5,2.4469,629,6
rep5,2.447,630,6
rep5,2.4502,631,6
rep5,2.4532,632,6
rep5,2.4537,633,6
rep5,2.46,634,6
rep5,2.4602,635,6
rep5,2.4636,636,6
rep5,2.4639,637,6
rep5,2.4667,638,6
rep5,2.4668,639,6
rep5,2.4669,640,6
rep5,2.4699,641,6
rep5,2.4699,642,6
rep5,2.4701,643,6
rep5,2.4731,644,6
rep5,2.4732,645,6
rep5,2.4765,646,6
rep5,2.4769,647,6
rep5,2.48,648,6
rep5,2.4834,649,6
rep5,2.4835,650,6
rep5,2.487,651,6
rep5,2.4871,652,6
rep5,2.4903,653,6
rep5,2.4934,654,6
rep5,2.4967,655,6
rep5,2.5003,656,6
rep5,2.5004,657,6
rep5,2.5036,658,6
rep5,2.5036,659,6
rep5,2.5065,660,6
rep5,2.5068,661,6
rep5,2.5101,662,6
rep5,2.5131,663,6
rep5,2.5138,664,6
rep5,2.5165,665,6
rep5,2.52,666,6
rep5,2.5201,667,6
rep5,2.5202,668,6
rep5,2.5304,669,6
rep5,2.5333,670,6
rep5,2.5366,671,6
rep5,2.537,672,6
rep5,2.5371,673,6
rep5,2.5398,674,6
rep5,2.5398,675,6
rep5,2.5466,676,6
rep5,2.5468,677,6
rep5,2.5469,678,6
rep5,2.5502,679,6
rep5,2.5535,680,6
rep5,2.5536,681,6
rep5,2.5536,682,6
rep5,2.5538,683,6
rep5,2.5568,684,6
rep5,2.5569,685,6
rep5,2.5598,686,6
rep5,2.5632,687,6
rep5,2.5669,688,6
rep5,2.5701,689,6
rep5,2.5702,690,6
rep5,2.5733,691,6
rep5,2.5734,692,6
rep5,2.5767,693,6
rep5,2.5767,694,6
rep5,2.5799,695,6
rep5,2.58,696,6
rep5,2.5802,697,6
rep5,2.5834,698,6
rep5,2.5865,699,6
rep5,2.5866,700,6
rep5,2.5868,701,6
rep5,2.5899,702,6
rep5,2.5904,703,6
rep5,2.5933,704,6
rep5,2.5935,705,6
rep5,2.5935,706,6
rep5,2.5936,707,6
rep5,2.5937,708,6
rep5,2.5968,709,6
rep5,2.5969,710,6
rep5,2.597,711,6
rep5,2.6001,712,6
rep5,2.6002,713,6
rep5,2.6003,714,6
rep5,2.6038,715,6
rep5,2.6065,716,6
rep5,2.6067,717,6
rep5,2.6069,718,6
rep5,2.6098,719,6
rep5,2.6138,720,6
rep5,2.6165,721,6
rep5,2.6166,722,6
rep5,2.6167,723,6
rep5,2.617,724,6
rep5,2.62,725,6
rep5,2.6201,726,6
rep5,2.6233,727,6
rep5,2.6234,728,6
rep5,2.6235,729,6
rep5,2.6265,730,6
rep5,2.6269,731,6
rep5,2.627,732,6
rep5,2.6301,733,6
rep5,2.6302,734,6
rep5,2.6303,735,6
rep5,2.6368,736,6
rep5,2.6403,737,6
rep5,2.6433,738,6
rep5,2.6436,739,6
rep5,2.6501,740,6
rep5,2.6503,741,6
rep5,2.6532,742,6
rep5,2.6533,743,6
rep5,2.6602,744,6
rep5,2.6602,745,6
rep5,2.6602,746,6
rep5,2.6631,747,6
rep5,2.6634,748,6
rep5,2.6666,749,6
rep5,2.6668,750,6
rep5,2.6735,751,6
rep5,2.6736,752,6
rep5,2.6765,753,6
rep5,2.6766,754,6
rep5,2.6768,755,6
rep5,2.6769,756,6
rep5,2.6769,757,6
rep5,2.6801,758,6
rep5,2.6804,759,6
rep5,2.6831,760,6
rep5,2.6834,761,6
rep5,2.6836,762,6
rep5,2.6838,763,6
rep5,2.6868,764,6
rep5,2.6898,765,6
rep5,2.6937,766,6
rep5,2.6968,767,6
rep5,2.7002,768,6
rep5,2.7002,769,6
rep5,2.7002,770,6
rep5,2.7003,771,6
rep5,2.7036,772,6
rep5,2.7068,773,6
rep5,2.7102,774,6
rep5,2.7199,775,6
rep5,2.7199,776,6
rep5,2.7201,777,6
rep5,2.7206,778,6
rep5,2.7237,779,6
rep5,2.7269,780,6
rep5,2.7334,781,6
rep5,2.7369,782,6
rep5,2.7398,783,6
rep5,2.7401,784,6
rep5,2.7435,785,6
rep5,2.7436,786,6
rep5,2.7465,787,6
rep5,2.7499,787,7
rep5,2.75,788,7
rep5,2.7503,789,7
rep5,2.7534,790,7
rep5,2.7535,791,7
rep5,2.7566,792,7
rep5,2.7599,793,7
rep5,2.7631,794,7
rep5,2.7634,795,7
rep5,2.7636,796,7
rep5,2.7637,797,7
rep5,2.7637,798,7
rep5,2.7665,799,7
rep5,2.7667,800,7
rep5,2.7668,801,7
rep5,2.7668,802,7
rep5,2.7668,803,7
rep5,2.7669,804,7
rep5,2.7699,805,7
rep5,2.7699,806,7
rep5,2.7701,807,7
rep5,2.7704,808,7
rep5,2.7704,809,7
rep5,2.7735,810,7
rep5,2.7737,811,7
rep5,2.7765,812,7
rep5,2.7766,813,7
rep5,2.7767,814,7
rep5,2.777,815,7
rep5,2.7801,816,7
rep5,2.7802,817,7
rep5,2.7803,818,7
rep5,2.7804,819,7
rep5,2.7835,820,7
rep5,2.7865,821,7
rep5,2.7865,822,7
rep5,2.7867,823,7
rep5,2.7934,824,7
rep5,2.7965,825,7
rep5,2.7966,826,7
rep5,2.7966,827,7
rep5,2.7967,828,7
rep5,2.7968,829,7
rep5,2.7999,830,7
rep5,2.8005,831,7
rep5,2.8032,832,7
rep5,2.8032,833,7
rep5,2.8033,834,7
rep5,2.8033,835,7
rep5,2.8035,836,7
rep5,2.8035,837,7
rep5,2.8037,838,7
rep5,2.8134,839,7
rep5,2.814,840,7
rep5,2.814,841,7
rep5,2.814,842,7
rep5,2.8201,843,7
rep5,2.8202,844,7
rep5,2.8232,845,7
rep5,2.8233,846,7
rep5,2.8237,847,7
rep5,2.8267,848,7
rep5,2.8269,849,7
rep5,2.8269,850,7
rep5,2.8301,851,7
rep5,2.8301,852,7
rep5,2.8365,853,7
rep5,2.8367,854,7
rep5,2.8369,855,7
rep5,2.837,856,7
rep5,2.8401,857,7
rep5,2.8434,858,7
rep5,2.8434,859,7
rep5,2.8434,860,7
rep5,2.8435,861,7
rep5,2.8466,862,7
rep5,2.8469,863,7
rep5,2.85,864,7
rep5,2.8503,865,7
rep5,2.8535,866,7
rep5,2.8571,867,7
rep5,2.8601,868,7
rep5,2.8602,869,7
rep5,2.8603,870,7
rep5,2.8668,871,7
rep5,2.8698,872,7
rep5,2.87,873,7
rep5,2.8733,874,7
rep5,2.8735,875,7
rep5,2.8737,876,7
rep5,2.8769,877,7
rep5,2.8801,878,7
rep5,2.8803,879,7
rep5,2.8835,880,7
rep5,2.8871,881,7
rep5,2.8935,882,7
rep5,2.8936,883,7
rep5,2.8965,884,7
rep5,2.8998,885,7
rep5,2.9003,886,7
rep5,2.9003,887,7
rep5,2.9034,888,7
rep5,2.9065,889,7
rep5,2.9066,890,7
rep5,2.9068,891,7
rep5,2.907,892,7
rep5,2.9071,893,7
rep5,2.9099,894,7
rep5,2.9101,895,7
rep5,2.9132,896,7
rep5,2.9133,897,7
rep5,2.9133,898,7
rep5,2.9134,899,7
rep5,2.9136,900,7
rep5,2.9167,901,7
rep5,2.9168,902,7
rep5,2.9206,903,7
rep5,2.9206,904,7
rep5,2.9207,905,7
rep5,2.9207,906,7
rep5,2.9208,907,7
rep5,2.9234,908,7
rep5,2.9236,909,7
rep5,2.9236,910,7
rep5,2.9237,911,7
rep5,2.9268,912,7
rep5,2.9299,913,7
rep5,2.9299,914,7
rep5,2.9302,915,7
rep5,2.9302,916,7
rep5,2.9302,917,7
rep5,2.9304,918,7
rep5,2.9335,919,7
rep5,2.9336,920,7
rep5,2.9337,921,7
rep5,2.9365,922,7
rep5,2.9366,923,7
rep5,2.9372,924,7
rep5,2.9432,925,7
rep5,2.9432,926,7
rep5,2.9433,927,7
rep5,2.9436,928,7
rep5,2.9436,929,7
rep5,2.9438,930,7
rep5,2.9469,931,7
rep5,2.9499,932,7
rep5,2.95,933,7
rep5,2.9501,934,7
rep5,2.9532,935,7
rep5,2.9571,936,7
rep5,2.9598,937,7
rep5,2.9599,938,7
rep5,2.96,939,7
rep5,2.9635,940,7
rep5,2.9637,941,7
rep5,2.9638,942,7
rep5,2.9671,943,7
rep5,2.9732,944,7
rep5,2.9732,945,7
rep5,2.9732,946,7
rep5,2.9736,947,7
rep5,2.9768,948,7
rep5,2.9769,949,7
rep5,2.9799,950,7
rep5,2.98,951,7
rep5,2.9801,952,7
rep5,2.9804,953,7
rep5,2.9868,954,7
rep5,2.9868,955,7
rep5,2.987,956,7
rep5,2.9901,957,7
rep5,3.0001,958,7
rep5,3.0002,958,8
rep5,3.0032,959,8
rep5,3.0034,960,8
rep5,3.0034,961,8
rep5,3.0065,962,8
rep5,3.0066,963,8
rep5,3.0067,964,8
rep5,3.007,965,8
rep5,3.0098,966,8
rep5,3.0098,967,8
rep5,3.0101,968,8
rep5,3.0102,969,8
rep5,3.0105,970,8
rep5,3.0131,971,8
rep5,3.0169,972,8
rep5,3.0198,973,8
rep5,3.0203,974,8
rep5,3.0204,975,8
rep5,3.0206,976,8
rep5,3.0206,977,8
rep5,3.0234,978,8
rep5,3.0268,979,8
rep5,3.027,980,8
rep5,3.0271,981,8
rep5,3.0298,982,8
rep5,3.0299,983,8
rep5,3.0334,984,8
rep5,3.0367,985,8
rep5,3.0368,986,8
rep5,3.037,987,8
rep5,3.0371,988,8
rep5,3.0399,989,8
rep5,3.0402,990,8
rep5,3.0432,991,8
rep5,3.0433,992,8
rep5,3.0435,993,8
rep5,3.0465,994,8
rep5,3.0468,995,8
rep5,3.0469,996,8
rep5,3.047,997,8
rep5,3.0501,998,8
rep5,3.0501,999,8
rep5,3.0535,1000,8
rep5,3.0566,1001,8
rep5,3.0569,1002,8
rep5,3.057,1003,8
rep5,3.06,1004,8
rep5,3.06,1005,8
rep5,3.0601,1006,8
rep5,3.0603,1007,8
rep5,3.0604,1008,8
rep5,3.0631,1009,8
rep5,3.0632,1010,8
rep5,3.0634,1011,8
rep5,3.0636,1012,8
rep5,3.0637,1013,8
rep5,3.0666,1014,8
rep5,3.0666,1015,8
rep5,3.0666,1016,8
rep5,3.0667,1017,8
rep5,3.0668,1018,8
rep5,3.0699,1019,8
rep5,3.0701,1020,8
rep5,3.0701,1021,8
rep5,3.0732,1022,8
rep5,3.0735,1023,8
rep5,3.0735,1024,8
rep5,3.0736,1025,8
rep5,3.0737,1026,8
rep5,3.0765,1027,8
rep5,3.0768,1028,8
rep5,3.0769,1029,8
rep5,3.0769,1030,8
rep5,3.077,1031,8
rep5,3.08,1032,8
rep5,3.0802,1033,8
rep5,3.0804,1034,8
rep5,3.0834,1035,8
rep5,3.0836,1036,8
rep5,3.0836,1037,8
rep5,3.0836,1038,8
rep5,3.0868,1039,8
rep5,3.0899,1040,8
rep5,3.09,1041,8
rep5,3.0901,1042,8
rep5,3.0901,1043,8
rep5,3.0903,1044,8
rep5,3.0904,1045,8
rep5,3.0932,1046,8
rep5,3.0935,1047,8
rep5,3.0936,1048,8
rep5,3.0937,1049,8
rep5,3.0969,1050,8
rep5,3.0969,1051,8
rep5,3.0998,1052,8
rep5,3.1002,1053,8
rep5,3.1037,1054,8
rep5,3.1037,1055,8
rep5,3.1071,1056,8
rep5,3.1099,1057,8
rep5,3.11,1058,8
rep5,3.1131,1059,8
rep5,3.1133,1060,8
rep5,3.1133,1061,8
rep5,3.1133,1062,8
rep5,3.1135,1063,8
rep5,3.1137,1064,8
rep5,3.1137,1065,8
rep5,3.1138,1066,8
rep5,3.1199,1067,8
rep5,3.12,1068,8
rep5,3.1202,1069,8
rep5,3.1236,1070,8
rep5,3.1267,1071,8
rep5,3.1299,1072,8
rep5,3.1303,1073,8
rep5,3.1304,1074,8
rep5,3.1331,1075,8
rep5,3.1335,1076,8
rep5,3.1335,1077,8
rep5,3.1336,1078,8
rep5,3.1336,1079,8
rep5,3.1336,1080,8
rep5,3.1398,1081,8
rep5,3.1401,1082,8
rep5,3.1404,1083,8
rep5,3.1404,1084,8
rep5,3.1432,1085,8
rep5,3.1435,1086,8
rep5,3.1435,1087,8
rep5,3.147,1088,8
rep5,3.1499,1089,8
rep5,3.1502,1090,8
rep5,3.1503,1091,8
rep5,3.1504,1092,8
rep5,3.1532,1093,8
rep5,3.1534,1094,8
rep5,3.1536,1095,8
rep5,3.1565,1096,8
rep5,3.1568,1097,8
rep5,3.1568,1098,8
rep5,3.1568,1099,8
rep5,3.1599,1100,8
rep5,3.16,1101,8
rep5,3.16,1102,8
rep5,3.16,1103,8
rep5,3.1602,1104,8
rep5,3.1602,1105,8
rep5,3.1602,1106,8
rep5,3.1603,1107,8
rep5,3.1635,1108,8
rep5,3.1635,1109,8
rep5,3.1668,1110,8
rep5,3.167,1111,8
rep5,3.1704,1112,8
rep5,3.1734,1112,9
rep5,3.1765,1113,9
rep5,3.1766,1114,9
rep5,3.177,1115,9
rep5,3.1771,1116,9
rep5,3.1802,1117,9
rep5,3.1802,1118,9
rep5,3.1803,1119,9
rep5,3.1833,1120,9
rep5,3.1834,1121,9
rep5,3.1837,1122,9
rep5,3.1865,1123,9
rep5,3.1931,1124,9
rep5,3.1934,1125,9
rep5,3.1937,1126,9
rep5,3.1965,1127,9
rep5,3.197,1128,9
rep5,3.197,1129,9
rep5,3.197,1130,9
rep5,3.197,1131,9
rep5,3.2002,1132,9
rep5,3.2036,1133,9
rep5,3.2036,1134,9
rep5,3.2068,1135,9
rep5,3.207,1136,9
rep5,3.2134,1137,9
rep5,3.2134,1138,9
rep5,3.2134,1139,9
rep5,3.2165,1140,9
rep5,3.2166,1141,9
rep5,3.2168,1142,9
rep5,3.2169,1143,9
rep5,3.2169,1144,9
rep5,3.2169,1145,9
rep5,3.2171,1146,9
rep5,3.2201,1147,9
rep5,3.2201,1148,9
rep5,3.2242,1149,9
rep5,3.2243,1150,9
rep5,3.2243,1151,9
rep5,3.2245,1152,9
rep5,3.2267,1153,9
rep5,3.2268,1154,9
rep5,3.2268,1155,9
rep5,3.2269,1156,9
rep5,3.2269,1157,9
rep5,3.227,1158,9
rep5,3.227,1159,9
rep5,3.2302,1160,9
rep5,3.2302,1161,9
rep5,3.2332,1162,9
rep5,3.2332,1163,9
rep5,3.2335,1164,9
rep5,3.2365,1165,9
rep5,3.2398,1166,9
rep5,3.24,1167,9
rep5,3.24,1168,9
rep5,3.2401,1169,9
rep5,3.2402,1170,9
rep5,3.2432,1171,9
rep5,3.2432,1172,9
rep5,3.2465,1173,9
rep5,3.2465,1174,9
rep5,3.2467,1175,9
rep5,3.2468,1176,9
rep5,3.2468,1177,9
rep5,3.247,1178,9
rep5,3.2499,1179,9
rep5,3.25,1180,9
rep5,3.25,1181,9
rep5,3.2501,1182,9
rep5,3.2501,1183,9
rep5,3.2502,1184,9
rep5,3.2531,1185,9
rep5,3.2569,1186,9
rep5,3.257,1187,9
rep5,3.257,1188,9
rep5,3.2604,1189,9
rep5,3.2631,1190,9
rep5,3.2668,1191,9
rep5,3.2701,1192,9
rep5,3.2733,1193,9
rep5,3.2768,1194,9
rep5,3.28,1195,9
rep5,3.2802,1196,9
rep5,3.2835,1197,9
rep5,3.2838,1198,9
rep5,3.2839,1199,9
rep5,3.2865,1200,9
rep5,3.2867,1201,9
rep5,3.2869,1202,9
rep5,3.2871,1203,9
rep5,3.2871,1204,9
rep5,3.2934,1205,9
rep5,3.2934,1206,9
rep5,3.2936,1207,9
rep5,3.2968,1208,9
rep5,3.2969,1209,9
rep5,3.2998,1210,9
rep5,3.3004,1211,9
rep5,3.3036,1212,9
rep5,3.3067,1213,9
rep5,3.3099,1214,9
rep5,3.3102,1215,9
rep5,3.3102,1216,9
rep5,3.3133,1217,9
rep5,3.3166,1218,9
rep5,3.3169,1219,9
rep5,3.3171,1220,9
rep5,3.3199,1221,9
rep5,3.32,1222,9
rep5,3.3201,1223,9
rep5,3.3201,1224,9
rep5,3.3201,1225,9
rep5,3.3202,1226,9
rep5,3.3233,1227,9
rep5,3.3238,1228,9
rep5,3.3239,1229,9
rep5,3.324,1230,9
rep5,3.3269,1231,9
rep5,3.3269,1232,9
rep5,3.3271,1233,9
rep5,3.3303,1234,9
rep5,3.3333,1235,9
rep5,3.3365,1236,9
rep5,3.3368,1237,9
rep5,3.3368,1238,9
rep5,3.3369,1239,9
rep5,3.337,1240,9
rep5,3.3401,1241,9
rep5,3.3402,1242,9
rep5,3.3404,1243,9
rep5,3.3435,1244,9
rep5,3.3437,1245,9
rep5,3.3468,1246,9
rep5,3.3468,1247,9
rep5,3.3471,1248,9
rep5,3.35,1249,9
rep5,3.3503,1250,9
rep5,3.3503,1251,9
rep5,3.3504,1252,9
rep5,3.3537,1253,9
rep5,3.3565,1254,9
rep5,3.3567,1255,9
rep5,3.3567,1256,9
rep5,3.3599,1257,9
rep5,3.36,1258,9
rep5,3.3601,1259,9
rep5,3.3632,1260,9
rep5,3.3632,1261,9
rep5,3.3634,1262,9
rep5,3.3634,1263,9
rep5,3.3636,1264,9
rep5,3.3637,1265,9
rep5,3.3665,1266,9
rep5,3.3665,1267,9
rep5,3.3666,1268,9
rep5,3.3668,1269,9
rep5,3.3668,1270,9
rep5,3.3668,1271,9
rep5,3.3669,1272,9
rep5,3.367,1273,9
rep5,3.367,1274,9
rep5,3.367,1275,9
rep5,3.367,1276,9
rep5,3.3699,1277,9
rep5,3.3701,1278,9
rep5,3.3701,1279,9
rep5,3.3732,1280,9
rep5,3.3733,1281,9
rep5,3.3737,1282,9
rep5,3.3765,1283,9
rep5,3.3768,1284,9
rep5,3.3798,1285,9
rep5,3.38,1286,9
rep5,3.3801,1287,9
rep5,3.3803,1288,9
rep5,3.3803,1289,9
rep5,3.3835,1290,9
rep5,3.3865,1291,9
rep5,3.3869,1292,9
rep5,3.3871,1293,9
rep5,3.39,1294,9
rep5,3.3932,1295,9
rep5,3.3966,1296,9
rep5,3.3968,1297,9
rep5,3.3971,1298,9
rep5,3.3971,1299,9
rep5,3.4,1300,9
rep5,3.4032,1301,9
rep5,3.4032,1302,9
rep5,3.4036,1303,9
rep5,3.4068,1304,9
rep5,3.4068,1305,9
rep5,3.407,1306,9
rep5,3.407,1307,9
rep5,3.4099,1308,9
rep5,3.41,1309,9
rep5,3.4131,1310,9
rep5,3.4133,1311,9
rep5,3.4134,1312,9
rep5,3.4134,1313,9
rep5,3.4137,1314,9
rep5,3.4166,1315,9
rep5,3.4168,1316,9
rep5,3.4198,1317,9
rep5,3.4201,1318,9
rep5,3.4202,1319,9
rep5,3.4203,1320,9
rep5,3.4233,1321,9
rep5,3.4234,1322,9
rep5,3.4234,1323,9
rep5,3.4234,1324,9
rep5,3.4235,1325,9
rep5,3.4236,1326,9
rep5,3.4236,1327,9
rep5,3.4236,1328,9
rep5,3.4237,1329,9
rep5,3.4237,1330,9
rep5,3.4268,1331,9
rep5,3.4269,1332,9
rep5,3.427,1333,9
rep5,3.4301,1334,9
rep5,3.4301,1335,9
rep5,3.4302,1336,9
rep5,3.4332,1337,9
rep5,3.4334,1338,9
rep5,3.4337,1339,9
rep5,3.4366,1340,9
rep5,3.4366,1341,9
rep5,3.4367,1342,9
rep5,3.437,1343,9
rep5,3.4436,1344,9
rep5,3.4465,1345,9
rep5,3.4467,1346,9
rep5,3.4469,1347,9
rep5,3.4469,1348,9
rep5,3.4501,1349,9
rep5,3.4503,1349,10
rep5,3.4532,1350,10
rep5,3.4535,1351,10
rep5,3.4565,1352,10
rep5,3.4566,1353,10
rep5,3.4569,1354,10
rep5,3.457,1355,10
rep5,3.46,1356,10
rep5,3.4602,1357,10
