rep,t_over_ttl,cum_rehold,cum_duplicate
rep1,0.1723,0,1
rep1,1.0502,1,1
rep1,1.0508,2,1
rep1,1.0519,3,1
rep1,1.0537,4,1
rep1,1.057,5,1
rep1,1.0584,6,1
rep1,1.0584,7,1
rep1,1.0592,8,1
rep1,1.0636,9,1
rep1,1.0638,10,1
rep1,1.0667,11,1
rep1,1.0675,12,1
rep1,1.0678,13,1
rep1,1.0682,14,1
rep1,1.0702,15,1
rep1,1.0733,16,1
rep1,1.0757,17,1
rep1,1.0758,18,1
rep1,1.0765,19,1
rep1,1.0777,20,1
rep1,1.0797,21,1
rep1,1.0817,22,1
rep1,1.0838,23,1
rep1,1.0843,24,1
rep1,1.0849,25,1
rep1,1.0851,26,1
rep1,1.0868,27,1
rep1,1.0872,28,1
rep1,1.0882,29,1
rep1,1.0888,30,1
rep1,1.0889,31,1
rep1,1.0906,32,1
rep1,1.0911,33,1
rep1,1.0917,34,1
rep1,1.092,35,1
rep1,1.0923,36,1
rep1,1.0924,37,1
rep1,1.0928,38,1
rep1,1.0933,39,1
rep1,1.0947,40,1
rep1,1.098,41,1
rep1,1.0986,42,1
rep1,1.1009,43,1
rep1,1.1014,44,1
rep1,1.1016,45,1
rep1,1.1027,46,1
rep1,1.1034,47,1
rep1,1.1037,48,1
rep1,1.1042,49,1
rep1,1.1043,50,1
rep1,1.1043,51,1
rep1,1.1048,52,1
rep1,1.1065,53,1
rep1,1.107,54,1
rep1,1.109,55,1
rep1,1.1093,56,1
rep1,1.1094,57,1
rep1,1.1106,58,1
rep1,1.1113,59,1
rep1,1.1129,60,1
rep1,1.1142,61,1
rep1,1.1143,62,1
rep1,1.1159,63,1
rep1,1.1168,64,1
rep1,1.1176,65,1
rep1,1.1178,66,1
rep1,1.118,67,1
rep1,1.1182,68,1
rep1,1.1185,69,1
rep1,1.1187,70,1
rep1,1.1189,71,1
rep1,1.1195,72,1
rep1,1.1197,73,1
rep1,1.1203,74,1
rep1,1.1205,75,1
rep1,1.1217,76,1
rep1,1.1221,77,1
rep1,1.1223,78,1
rep1,1.123,79,1
rep1,1.1231,80,1
rep1,1.1232,81,1
rep1,1.1238,82,1
rep1,1.1251,83,1
rep1,1.1256,84,1
rep1,1.1258,85,1
rep1,1.1266,86,1
rep1,1.127,87,1
rep1,1.1279,88,1
rep1,1.1286,89,1
rep1,1.1298,90,1
rep1,1.1299,91,1
rep1,1.1299,92,1
rep1,1.1306,93,1
rep1,1.1311,94,1
rep1,1.1313,95,1
rep1,1.1317,96,1
rep1,1.1318,97,1
rep1,1.132,98,1
rep1,1.1322,99,1
rep1,1.1323,100,1
rep1,1.1331,101,1
rep1,1.1333,102,1
rep1,1.1341,103,1
rep1,1.1347,104,1
rep1,1.135,105,1
rep1,1.1352,106,1
rep1,1.1364,107,1
rep1,1.1366,108,1
rep1,1.1379,109,1
rep1,1.1392,110,1
rep1,1.1393,111,1
rep1,1.1396,112,1
rep1,1.1402,113,1
rep1,1.1406,114,1
rep1,1.141,115,1
rep1,1.1415,116,1
rep1,1.1417,117,1
rep1,1.1419,118,1
rep1,1.1426,119,1
rep1,1.143,120,1
rep1,1.1432,121,1
rep1,1.1436,122,1
rep1,1.1441,123,1
rep1,1.1451,124,1
rep1,1.1455,125,1
rep1,1.1459,126,1
rep1,1.1461,127,1
rep1,1.147,128,1
rep1,1.149,129,1
rep1,1.1495,130,1
rep1,1.1497,131,1
rep1,1.1504,132,1
rep1,1.1509,133,1
rep1,1.1512,134,1
rep1,1.1522,135,1
rep1,1.1549,136,1
rep1,1.1559,137,1
rep1,1.1566,138,1
rep1,1.1569,139,1
rep1,1.1573,140,1
rep1,1.1574,141,1
rep1,1.1581,142,1
rep1,1.1582,143,1
rep1,1.1586,144,1
rep1,1.1586,145,1
rep1,1.1593,146,1
rep1,1.1594,147,1
rep1,1.1599,148,1
rep1,1.16,149,1
rep1,1.1607,150,1
rep1,1.1621,151,1
rep1,1.1622,152,1
rep1,1.1631,153,1
rep1,1.1637,154,1
rep1,1.1643,155,1
rep1,1.1651,156,1
rep1,1.1662,157,1
rep1,1.1665,158,1
rep1,1.1666,159,1
rep1,1.1668,160,1
rep1,1.1671,161,1
rep1,1.168,162,1
rep1,1.168,163,1
rep1,1.1682,164,1
rep1,1.1688,165,1
rep1,1.169,166,1
rep1,1.1696,167,1
rep1,1.17,168,1
rep1,1.1702,169,1
rep1,1.1704,170,1
rep1,1.1712,171,1
rep1,1.172,172,1
rep1,1.1727,173,1
rep1,1.1733,174,1
rep1,1.1734,175,1
rep1,1.1735,176,1
rep1,1.1735,177,1
rep1,1.1746,178,1
rep1,1.1764,179,1
rep1,1.1774,180,1
rep1,1.178,181,1
rep1,1.1794,182,1
rep1,1.1796,183,1
rep1,1.1798,184,1
rep1,1.1801,185,1
rep1,1.1801,186,1
rep1,1.1803,187,1
rep1,1.1808,188,1
rep1,1.1813,189,1
rep1,1.1816,190,1
rep1,1.1817,191,1
rep1,1.1819,192,1
rep1,1.1824,193,1
rep1,1.183,194,1
rep1,1.1832,195,1
rep1,1.1834,196,1
rep1,1.1835,197,1
rep1,1.1836,198,1
rep1,1.1838,199,1
rep1,1.1846,200,1
rep1,1.1846,201,1
rep1,1.1851,202,1
rep1,1.1853,203,1
rep1,1.1868,204,1
rep1,1.1869,205,1
rep1,1.1873,206,1
rep1,1.188,207,1
rep1,1.1881,208,1
rep1,1.1884,209,1
rep1,1.1894,210,1
rep1,1.1895,211,1
rep1,1.1895,212,1
rep1,1.1896,213,1
rep1,1.1899,214,1
rep1,1.1903,215,1
rep1,1.1908,216,1
rep1,1.1908,217,1
rep1,1.1909,218,1
rep1,1.1911,219,1
rep1,1.1911,220,1
rep1,1.1912,221,1
rep1,1.1913,222,1
rep1,1.1921,223,1
rep1,1.1922,224,1
rep1,1.1947,225,1
rep1,1.1947,226,1
rep1,1.1949,227,1
rep1,1.1969,228,1
rep1,1.1976,229,1
rep1,1.1984,230,1
rep1,1.1986,231,1
rep1,1.1993,232,1
rep1,1.1998,233,1
rep1,1.2005,234,1
rep1,1.201,235,1
rep1,1.2013,236,1
rep1,1.2013,237,1
rep1,1.2016,238,1
rep1,1.2021,239,1
rep1,1.2023,240,1
rep1,1.2027,241,1
rep1,1.2028,242,1
rep1,1.2032,243,1
rep1,1.2033,244,1
rep1,1.2034,245,1
rep1,1.2035,246,1
rep1,1.2038,247,1
rep1,1.2049,248,1
rep1,1.2059,249,1
rep1,1.2063,250,1
rep1,1.2065,251,1
rep1,1.2066,252,1
rep1,1.2066,253,1
rep1,1.2073,254,1
rep1,1.2076,255,1
rep1,1.2078,256,1
rep1,1.208,257,1
rep1,1.2081,258,1
rep1,1.2085,259,1
rep1,1.2086,260,1
rep1,1.2088,261,1
rep1,1.2104,262,1
rep1,1.2107,263,1
rep1,1.2108,264,1
rep1,1.2113,265,1
rep1,1.2129,266,1
rep1,1.2131,267,1
rep1,1.2134,268,1
rep1,1.2138,269,1
rep1,1.2146,270,1
rep1,1.2155,271,1
rep1,1.2156,272,1
rep1,1.217,273,1
rep1,1.2171,274,1
rep1,1.2177,275,1
rep1,1.2194,276,1
rep1,1.2196,277,1
rep1,1.2204,278,1
rep1,1.2209,279,1
rep1,1.2209,280,1
rep1,1.2214,281,1
rep1,1.2215,282,1
rep1,1.2219,283,1
rep1,1.2219,284,1
rep1,1.2227,285,1
rep1,1.2228,286,1
rep1,1.2232,287,1
rep1,1.2236,288,1
rep1,1.2237,289,1
rep1,1.2241,290,1
rep1,1.2245,291,1
rep1,1.2249,292,1
rep1,1.2254,293,1
rep1,1.2256,294,1
rep1,1.226,295,1
rep1,1.2267,296,1
rep1,1.2277,297,1
rep1,1.2283,298,1
rep1,1.2284,299,1
rep1,1.2289,300,1
rep1,1.2289,301,1
rep1,1.229,302,1
rep1,1.2294,303,1
rep1,1.2295,304,1
rep1,1.2295,305,1
rep1,1.23,306,1
rep1,1.2309,307,1
rep1,1.231,308,1
rep1,1.2319,309,1
rep1,1.2332,310,1
rep1,1.2333,311,1
rep1,1.2336,312,1
rep1,1.2342,313,1
rep1,1.2356,314,1
rep1,1.2356,315,1
rep1,1.2357,316,1
rep1,1.2362,317,1
rep1,1.2365,318,1
rep1,1.2366,319,1
rep1,1.2369,320,1
rep1,1.237,321,1
rep1,1.237,322,1
rep1,1.2373,323,1
rep1,1.2375,324,1
rep1,1.2376,325,1
rep1,1.2381,326,1
rep1,1.2383,327,1
rep1,1.2388,328,1
rep1,1.2394,329,1
rep1,1.2399,330,1
rep1,1.2411,331,1
rep1,1.2413,332,1
rep1,1.2414,333,1
rep1,1.2417,334,1
rep1,1.2417,335,1
rep1,1.2419,336,1
rep1,1.2422,337,1
rep1,1.2426,338,1
rep1,1.2427,339,1
rep1,1.2428,340,1
rep1,1.243,341,1
rep1,1.2435,342,1
rep1,1.2442,343,1
rep1,1.2442,344,1
rep1,1.2448,345,1
rep1,1.2451,346,1
rep1,1.2452,347,1
rep1,1.2458,348,1
rep1,1.246,349,1
rep1,1.2465,350,1
rep1,1.2465,351,1
rep1,1.2472,352,1
rep1,1.2472,353,1
rep1,1.2497,354,1
rep1,1.2501,355,1
rep1,1.2505,356,1
rep1,1.2506,357,1
rep1,1.2508,358,1
rep1,1.2514,359,1
rep1,1.2516,360,1
rep1,1.2519,361,1
rep1,1.2524,362,1
rep1,1.2525,363,1
rep1,1.2531,364,1
rep1,1.2537,365,1
rep1,1.254,366,1
rep1,1.2545,367,1
rep1,1.2547,368,1
rep1,1.2547,369,1
rep1,1.2553,370,1
rep1,1.2555,371,1
rep1,1.2559,372,1
rep1,1.256,373,1
rep1,1.256,374,1
rep1,1.2562,375,1
rep1,1.2565,376,1
rep1,1.2578,377,1
rep1,1.2582,378,1
rep1,1.2585,379,1
rep1,1.2599,380,1
rep1,1.2599,381,1
rep1,1.2601,382,1
rep1,1.2602,383,1
rep1,1.2606,384,1
rep1,1.2608,385,1
rep1,1.2611,386,1
rep1,1.2612,387,1
rep1,1.2621,388,1
rep1,1.2626,389,1
rep1,1.2627,390,1
rep1,1.2633,391,1
rep1,1.2635,392,1
rep1,1.2635,393,1
rep1,1.2636,394,1
rep1,1.2639,395,1
rep1,1.2642,396,1
rep1,1.2653,397,1
rep1,1.2654,398,1
rep1,1.2661,399,1
rep1,1.2664,400,1
rep1,1.2666,401,1
rep1,1.2671,402,1
rep1,1.2673,403,1
rep1,1.2673,404,1
rep1,1.268,405,1
rep1,1.2683,406,1
rep1,1.2683,407,1
rep1,1.2685,408,1
rep1,1.269,409,1
rep1,1.2697,410,1
rep1,1.2698,411,1
rep1,1.2704,412,1
rep1,1.2711,413,1
rep1,1.2717,414,1
rep1,1.272,415,1
rep1,1.2723,416,1
rep1,1.2725,417,1
rep1,1.2726,418,1
rep1,1.2728,419,1
rep1,1.2733,420,1
rep1,1.2735,421,1
rep1,1.2739,422,1
rep1,1.2745,423,1
rep1,1.2746,424,1
rep1,1.2749,425,1
rep1,1.2754,426,1
rep1,1.2758,427,1
rep1,1.2759,428,1
rep1,1.276,429,1
rep1,1.2775,430,1
rep1,1.2778,431,1
rep1,1.2781,432,1
rep1,1.2789,433,1
rep1,1.279,434,1
rep1,1.2794,435,1
rep1,1.2802,436,1
rep1,1.2803,437,1
rep1,1.2805,438,1
rep1,1.2806,439,1
rep1,1.2809,440,1
rep1,1.2812,441,1
rep1,1.2821,442,1
rep1,1.2823,443,1
rep1,1.2827,444,1
rep1,1.2828,445,1
rep1,1.2833,446,1
rep1,1.2837,447,1
rep1,1.2846,448,1
rep1,1.2853,449,1
rep1,1.2858,450,1
rep1,1.2862,451,1
rep1,1.2863,452,1
rep1,1.2868,453,1
rep1,1.2872,454,1
rep1,1.2873,455,1
rep1,1.2875,456,1
rep1,1.2878,457,1
rep1,1.2881,458,1
rep1,1.2882,459,1
rep1,1.2886,460,1
rep1,1.289,461,1
rep1,1.2891,462,1
rep1,1.2891,463,1
rep1,1.2895,464,1
rep1,1.2903,465,1
rep1,1.2907,466,1
rep1,1.2909,467,1
rep1,1.2916,468,1
rep1,1.2917,469,1
rep1,1.292,470,1
rep1,1.292,471,1
rep1,1.2922,472,1
rep1,1.2934,473,1
rep1,1.2935,474,1
rep1,1.2939,475,1
rep1,1.2954,476,1
rep1,1.2957,477,1
rep1,1.2964,478,1
rep1,1.2966,479,1
rep1,1.297,480,1
rep1,1.2971,481,1
rep1,1.2974,482,1
rep1,1.2977,483,1
rep1,1.298,484,1
rep1,1.2981,485,1
rep1,1.2985,486,1
rep1,1.299,487,1
rep1,1.2991,488,1
rep1,1.2996,489,1
rep1,1.301,490,1
rep1,1.301,491,1
rep1,1.3011,492,1
rep1,1.3013,493,1
rep1,1.3013,494,1
rep1,1.3016,495,1
rep1,1.3018,496,1
rep1,1.3021,497,1
rep1,1.3024,498,1
rep1,1.3025,499,1
rep1,1.3031,500,1
rep1,1.3031,501,1
rep1,1.3032,502,1
rep1,1.3037,503,1
rep1,1.3037,504,1
rep1,1.3043,505,1
rep1,1.3045,506,1
rep1,1.3048,507,1
rep1,1.305,508,1
rep1,1.3052,509,1
rep1,1.3055,510,1
rep1,1.3058,511,1
rep1,1.3059,512,1
rep1,1.3067,513,1
rep1,1.3067,514,1
rep1,1.3068,515,1
rep1,1.3074,516,1
rep1,1.3079,517,1
rep1,1.308,518,1
rep1,1.3083,519,1
rep1,1.3084,520,1
rep1,1.3094,521,1
rep1,1.3096,522,1
rep1,1.3098,523,1
rep1,1.3112,524,1
rep1,1.3113,525,1
rep1,1.3115,526,1
rep1,1.3116,527,1
rep1,1.3123,528,1
rep1,1.3123,529,1
rep1,1.3127,530,1
rep1,1.3137,531,1
rep1,1.3138,532,1
rep1,1.3144,533,1
rep1,1.3152,534,1
rep1,1.3153,535,1
rep1,1.3156,536,1
rep1,1.3157,537,1
rep1,1.3159,538,1
rep1,1.316,539,1
rep1,1.3162,540,1
rep1,1.3171,541,1
rep1,1.3171,542,1
rep1,1.3173,543,1
rep1,1.3177,544,1
rep1,1.3177,545,1
rep1,1.3178,546,1
rep1,1.3195,547,1
rep1,1.3215,548,1
rep1,1.3218,549,1
rep1,1.3219,550,1
rep1,1.3223,551,1
rep1,1.3226,552,1
rep1,1.3226,553,1
rep1,1.3233,554,1
rep1,1.3241,555,1
rep1,1.3244,556,1
rep1,1.3245,557,1
rep1,1.3249,558,1
rep1,1.3251,559,1
rep1,1.326,560,1
rep1,1.3264,561,1
rep1,1.3268,562,1
rep1,1.3269,563,1
rep1,1.327,564,1
rep1,1.3275,565,1
rep1,1.3278,566,1
rep1,1.3281,567,1
rep1,1.3284,568,1
rep1,1.3288,569,1
rep1,1.3295,570,1
rep1,1.3295,571,1
rep1,1.3299,572,1
rep1,1.3302,573,1
rep1,1.3304,574,1
rep1,1.3307,575,1
rep1,1.3314,576,1
rep1,1.3315,577,1
rep1,1.3315,578,1
rep1,1.3315,579,1
rep1,1.3316,580,1
rep1,1.332,581,1
rep1,1.3321,582,1
rep1,1.3332,583,1
rep1,1.3333,584,1
rep1,1.3339,585,1
rep1,1.3344,586,1
rep1,1.3349,587,1
rep1,1.3352,588,1
rep1,1.3354,589,1
rep1,1.3356,590,1
rep1,1.3371,591,1
rep1,1.3371,592,1
rep1,1.3373,593,1
rep1,1.3378,594,1
rep1,1.3381,595,1
rep1,1.3392,596,1
rep1,1.3394,597,1
rep1,1.3396,598,1
rep1,1.3398,599,1
rep1,1.3399,600,1
rep1,1.3401,601,1
rep1,1.3406,602,1
rep1,1.341,603,1
rep1,1.3417,604,1
rep1,1.3422,605,1
rep1,1.3431,606,1
rep1,1.3433,607,1
rep1,1.3438,608,1
rep1,1.344,609,1
rep1,1.3444,610,1
rep1,1.3449,611,1
rep1,1.3458,612,1
rep1,1.3467,613,1
rep1,1.3467,614,1
rep1,1.3468,615,1
rep1,1.3475,616,1
rep1,1.3475,617,1
rep1,1.3486,618,1
rep1,1.3507,619,1
rep1,1.3509,620,1
rep1,1.3514,621,1
rep1,1.3515,622,1
rep1,1.3516,623,1
rep1,1.3525,624,1
rep1,1.3526,625,1
rep1,1.353,626,1
rep1,1.3535,627,1
rep1,1.3537,628,1
rep1,1.3537,628,2
rep1,1.3539,629,2
rep1,1.3546,630,2
rep1,1.3559,631,2
rep1,1.3574,632,2
rep1,1.3579,633,2
rep1,1.3586,634,2
rep1,1.3587,635,2
rep1,1.3594,636,2
rep1,1.3594,637,2
rep1,1.3597,638,2
rep1,1.361,639,2
rep1,1.3616,640,2
rep1,1.3616,641,2
rep1,1.3622,642,2
rep1,1.3627,643,2
rep1,1.3629,644,2
rep1,1.3634,645,2
rep1,1.3638,646,2
rep1,1.364,647,2
rep1,1.3648,648,2
rep1,1.3665,649,2
rep1,1.3665,650,2
rep1,1.3671,651,2
rep1,1.3676,652,2
rep1,1.3676,653,2
rep1,1.3676,654,2
rep1,1.3677,655,2
rep1,1.3681,656,2
rep1,1.3684,657,2
rep1,1.3687,658,2
rep1,1.3688,659,2
rep1,1.3691,660,2
rep1,1.3694,661,2
rep1,1.3698,662,2
rep1,1.3699,663,2
rep1,1.3704,664,2
rep1,1.3718,665,2
rep1,1.372,666,2
rep1,1.3727,667,2
rep1,1.3727,668,2
rep1,1.3736,669,2
rep1,1.3736,670,2
rep1,1.3742,671,2
rep1,1.3756,672,2
rep1,1.3757,673,2
rep1,1.3759,674,2
rep1,1.3764,675,2
rep1,1.3765,676,2
rep1,1.3766,677,2
rep1,1.3773,678,2
rep1,1.3775,679,2
rep1,1.3776,680,2
rep1,1.3778,681,2
rep1,1.3784,682,2
rep1,1.3787,683,2
rep1,1.3792,684,2
rep1,1.3794,685,2
rep1,1.3796,686,2
rep1,1.3797,687,2
rep1,1.3801,688,2
rep1,1.3812,689,2
rep1,1.3813,690,2
rep1,1.3823,691,2
rep1,1.3831,692,2
rep1,1.3837,693,2
rep1,1.384,694,2
rep1,1.385,695,2
rep1,1.3853,696,2
rep1,1.3859,697,2
rep1,1.3863,698,2
rep1,1.3873,699,2
rep1,1.3873,700,2
rep1,1.3874,701,2
rep1,1.388,702,2
rep1,1.3881,703,2
rep1,1.3885,704,2
rep1,1.389,705,2
rep1,1.3894,706,2
rep1,1.3901,707,2
rep1,1.3901,708,2
rep1,1.3905,709,2
rep1,1.3907,710,2
rep1,1.3912,711,2
rep1,1.3913,712,2
rep1,1.3913,713,2
rep1,1.3915,714,2
rep1,1.3917,715,2
rep1,1.3919,716,2
rep1,1.3919,717,2
rep1,1.3922,718,2
rep1,1.3924,719,2
rep1,1.3927,720,2
rep1,1.3929,721,2
rep1,1.393,722,2
rep1,1.3932,723,2
rep1,1.3937,724,2
rep1,1.3937,725,2
rep1,1.394,726,2
rep1,1.3953,727,2
rep1,1.3956,728,2
rep1,1.3957,729,2
rep1,1.3961,730,2
rep1,1.3965,731,2
rep1,1.3966,732,2
rep1,1.3968,733,2
rep1,1.3975,734,2
rep1,1.3981,735,2
rep1,1.3991,736,2
rep1,1.3992,737,2
rep1,1.3994,738,2
rep1,1.3995,739,2
rep1,1.3995,740,2
rep1,1.3996,741,2
rep1,1.4002,742,2
rep1,1.4002,743,2
rep1,1.4004,744,2
rep1,1.4016,745,2
rep1,1.4016,746,2
rep1,1.4018,747,2
rep1,1.4018,748,2
rep1,1.402,749,2
rep1,1.4021,750,2
rep1,1.4026,751,2
rep1,1.4026,752,2
rep1,1.4031,753,2
rep1,1.4031,754,2
rep1,1.4049,755,2
rep1,1.4054,756,2
rep1,1.4057,757,2
rep1,1.4062,758,2
rep1,1.4066,759,2
rep1,1.4066,760,2
rep1,1.4068,761,2
rep1,1.4079,762,2
rep1,1.4083,763,2
rep1,1.4086,764,2
rep1,1.4088,765,2
rep1,1.4094,766,2
rep1,1.4096,767,2
rep1,1.41,768,2
rep1,1.4102,769,2
rep1,1.4106,770,2
rep1,1.412,771,2
rep1,1.4121,772,2
rep1,1.4127,773,2
rep1,1.4128,774,2
rep1,1.4129,775,2
rep1,1.4137,776,2
rep1,1.4145,777,2
rep1,1.4153,778,2
rep1,1.4154,779,2
rep1,1.4158,780,2
rep1,1.4159,781,2
rep1,1.4167,782,2
rep1,1.4167,783,2
rep1,1.4171,784,2
rep1,1.4176,785,2
rep1,1.4177,786,2
rep1,1.418,787,2
rep1,1.418,788,2
rep1,1.4184,789,2
rep1,1.4186,790,2
rep1,1.419,791,2
rep1,1.4194,792,2
rep1,1.4202,793,2
rep1,1.4204,794,2
rep1,1.4212,795,2
rep1,1.4213,796,2
rep1,1.4216,797,2
rep1,1.4216,798,2
rep1,1.422,799,2
rep1,1.4226,800,2
rep1,1.4226,801,2
rep1,1.4233,802,2
rep1,1.4237,803,2
rep1,1.4238,804,2
rep1,1.4244,805,2
rep1,1.4246,806,2
rep1,1.4255,807,2
rep1,1.4255,808,2
rep1,1.4262,809,2
rep1,1.427,810,2
rep1,1.4271,811,2
rep1,1.4272,812,2
rep1,1.4272,813,2
rep1,1.4278,814,2
rep1,1.4281,815,2
rep1,1.4282,816,2
rep1,1.4289,817,2
rep1,1.4296,818,2
rep1,1.4299,819,2
rep1,1.4301,820,2
rep1,1.4303,821,2
rep1,1.4305,822,2
rep1,1.4306,823,2
rep1,1.4313,824,2
rep1,1.4314,825,2
rep1,1.4316,826,2
rep1,1.432,827,2
rep1,1.4322,828,2
rep1,1.4325,829,2
rep1,1.4328,830,2
rep1,1.4332,831,2
rep1,1.4337,832,2
rep1,1.4342,833,2
rep1,1.4345,834,2
rep1,1.4347,835,2
rep1,1.4351,836,2
rep1,1.4353,837,2
rep1,1.4354,838,2
rep1,1.4355,839,2
rep1,1.4364,840,2
rep1,1.4377,841,2
rep1,1.4378,842,2
rep1,1.4382,843,2
rep1,1.4394,844,2
rep1,1.4395,845,2
rep1,1.4395,846,2
rep1,1.4402,847,2
rep1,1.4414,848,2
rep1,1.4416,849,2
rep1,1.4424,850,2
rep1,1.4429,851,2
rep1,1.4429,852,2
rep1,1.4436,853,2
rep1,1.4441,854,2
rep1,1.446,855,2
rep1,1.4468,856,2
rep1,1.4475,857,2
rep1,1.4478,858,2
rep1,1.4484,859,2
rep1,1.4488,860,2
rep1,1.4493,861,2
rep1,1.4499,862,2
rep1,1.4501,863,2
rep1,1.4508,864,2
rep1,1.4516,865,2
rep1,1.4517,866,2
rep1,1.4523,867,2
rep1,1.4527,868,2
rep1,1.4529,869,2
rep1,1.4535,870,2
rep1,1.4537,871,2
rep1,1.4538,872,2
rep1,1.454,873,2
rep1,1.4541,874,2
rep1,1.4545,875,2
rep1,1.4546,876,2
rep1,1.4555,877,2
rep1,1.4559,878,2
rep1,1.4564,879,2
rep1,1.4569,880,2
rep1,1.457,881,2
rep1,1.4575,882,2
rep1,1.4579,883,2
rep1,1.458,884,2
rep1,1.4581,885,2
rep1,1.4587,886,2
rep1,1.4588,887,2
rep1,1.4589,888,2
rep1,1.4597,889,2
rep1,1.4603,890,2
rep1,1.4604,891,2
rep1,1.4607,892,2
rep1,1.4608,893,2
rep1,1.4626,894,2
rep1,1.4627,895,2
rep1,1.4636,896,2
rep1,1.4638,897,2
rep1,1.4651,898,2
rep1,1.4657,899,2
rep1,1.466,900,2
rep1,1.4661,901,2
rep1,1.4674,902,2
rep1,1.4677,903,2
rep1,1.4682,904,2
rep1,1.4691,905,2
rep1,1.4696,906,2
rep1,1.47,907,2
rep1,1.4702,908,2
rep1,1.4705,909,2
rep1,1.4706,910,2
rep1,1.4712,911,2
rep1,1.4724,912,2
rep1,1.4725,913,2
rep1,1.4728,914,2
rep1,1.4732,915,2
rep1,1.4733,916,2
rep1,1.4737,917,2
rep1,1.4741,918,2
rep1,1.4744,919,2
rep1,1.4745,920,2
rep1,1.4749,921,2
rep1,1.4753,922,2
rep1,1.476,923,2
rep1,1.4764,924,2
rep1,1.477,925,2
rep1,1.4771,926,2
rep1,1.4773,927,2
rep1,1.4776,928,2
rep1,1.4776,929,2
rep1,1.4779,930,2
rep1,1.4781,931,2
rep1,1.4782,932,2
rep1,1.4784,933,2
rep1,1.4786,934,2
rep1,1.4799,935,2
rep1,1.4803,936,2
rep1,1.4805,937,2
rep1,1.4807,938,2
rep1,1.4808,939,2
rep1,1.481,940,2
rep1,1.4825,941,2
rep1,1.4826,942,2
rep1,1.4829,943,2
rep1,1.4832,944,2
rep1,1.4837,945,2
rep1,1.4841,946,2
rep1,1.4844,947,2
rep1,1.4845,948,2
rep1,1.4856,949,2
rep1,1.4861,950,2
rep1,1.4872,951,2
rep1,1.4873,952,2
rep1,1.4876,953,2
rep1,1.488,954,2
rep1,1.4882,955,2
rep1,1.4887,956,2
rep1,1.4899,957,2
rep1,1.4905,958,2
rep1,1.4908,959,2
rep1,1.491,960,2
rep1,1.4911,961,2
rep1,1.4927,962,2
rep1,1.4934,963,2
rep1,1.4938,964,2
rep1,1.4939,965,2
rep1,1.4946,966,2
rep1,1.4951,967,2
rep1,1.4952,968,2
rep1,1.4957,969,2
rep1,1.4974,970,2
rep1,1.4976,971,2
rep1,1.4978,972,2
rep1,1.4988,973,2
rep1,1.4999,974,2
rep1,1.5003,975,2
rep1,1.5005,976,2
rep1,1.5005,977,2
rep1,1.5011,978,2
rep1,1.5012,979,2
rep1,1.5019,980,2
rep1,1.502,981,2
rep1,1.5022,982,2
rep1,1.5027,983,2
rep1,1.503,984,2
rep1,1.5038,985,2
rep1,1.5042,986,2
rep1,1.5043,987,2
rep1,1.5049,988,2
rep1,1.5058,989,2
rep1,1.506,990,2
rep1,1.5066,991,2
rep1,1.5073,992,2
rep1,1.5077,993,2
rep1,1.508,994,2
rep1,1.5082,995,2
rep1,1.5088,996,2
rep1,1.5093,997,2
rep1,1.5098,998,2
rep1,1.51,999,2
rep1,1.5103,1000,2
rep1,1.5105,1001,2
rep1,1.5106,1002,2
rep1,1.5113,1003,2
rep1,1.5125,1004,2
rep1,1.5126,1005,2
rep1,1.5127,1006,2
rep1,1.5134,1007,2
rep1,1.5135,1008,2
rep1,1.5137,1009,2
rep1,1.5142,1010,2
rep1,1.5149,1011,2
rep1,1.515,1012,2
rep1,1.5156,1013,2
rep1,1.5158,1014,2
rep1,1.5178,1015,2
rep1,1.518,1016,2
rep1,1.5184,1017,2
rep1,1.5187,1018,2
rep1,1.519,1019,2
rep1,1.52,1020,2
rep1,1.5207,1021,2
rep1,1.5218,1022,2
rep1,1.5221,1023,2
rep1,1.5221,1024,2
rep1,1.5221,1025,2
rep1,1.5226,1026,2
rep1,1.5231,1027,2
rep1,1.5233,1028,2
rep1,1.5234,1029,2
rep1,1.5235,1030,2
rep1,1.524,1031,2
rep1,1.5258,1032,2
rep1,1.5263,1033,2
rep1,1.5265,1034,2
rep1,1.5268,1035,2
rep1,1.5277,1036,2
rep1,1.5278,1037,2
rep1,1.5284,1038,2
rep1,1.5285,1039,2
rep1,1.529,1040,2
rep1,1.5294,1041,2
rep1,1.5296,1042,2
rep1,1.5296,1043,2
rep1,1.5305,1044,2
rep1,1.5309,1045,2
rep1,1.5313,1046,2
rep1,1.5323,1047,2
rep1,1.5332,1048,2
rep1,1.5335,1049,2
rep1,1.5335,1050,2
rep1,1.5347,1051,2
rep1,1.5351,1052,2
rep1,1.5352,1053,2
rep1,1.5352,1054,2
rep1,1.5365,1055,2
rep1,1.5366,1056,2
rep1,1.5373,1057,2
rep1,1.5388,1058,2
rep1,1.5399,1059,2
rep1,1.5402,1060,2
rep1,1.5416,1061,2
rep1,1.5435,1062,2
rep1,1.5441,1063,2
rep1,1.5446,1064,2
rep1,1.5452,1065,2
rep1,1.5453,1066,2
rep1,1.5456,1067,2
rep1,1.5456,1068,2
rep1,1.5465,1069,2
rep1,1.5486,1070,2
rep1,1.5489,1071,2
rep1,1.5494,1072,2
rep1,1.5503,1073,2
rep1,1.5509,1074,2
rep1,1.5519,1075,2
rep1,1.5534,1076,2
rep1,1.5546,1077,2
rep1,1.5547,1078,2
rep1,1.5562,1079,2
rep1,1.5566,1080,2
rep1,1.5566,1081,2
rep1,1.5578,1082,2
rep1,1.5582,1083,2
rep1,1.5586,1084,2
rep1,1.5594,1085,2
rep1,1.5611,1086,2
rep1,1.5625,1087,2
rep1,1.5629,1088,2
rep1,1.5642,1089,2
rep1,1.5652,1090,2
rep1,1.5664,1091,2
rep1,1.5665,1092,2
rep1,1.5668,1093,2
rep1,1.5675,1094,2
rep1,1.5676,1095,2
rep1,1.5689,1096,2
rep1,1.569,1097,2
rep1,1.5694,1098,2
rep1,1.5705,1099,2
rep1,1.5707,1100,2
rep1,1.5707,1101,2
rep1,1.5728,1102,2
rep1,1.573,1103,2
rep1,1.5732,1104,2
rep1,1.5737,1105,2
rep1,1.5739,1106,2
rep1,1.5742,1107,2
rep1,1.5742,1108,2
rep1,1.5745,1109,2
rep1,1.576,1110,2
rep1,1.5773,1111,2
rep1,1.5778,1112,2
rep1,1.578,1113,2
rep1,1.5786,1114,2
rep1,1.5795,1115,2
rep1,1.5801,1116,2
rep1,1.581,1117,2
rep1,1.5838,1118,2
rep1,1.584,1119,2
rep1,1.5842,1120,2
rep1,1.5843,1121,2
rep1,1.5844,1122,2
rep1,1.5855,1123,2
rep1,1.5862,1124,2
rep1,1.5873,1125,2
rep1,1.5882,1126,2
rep1,1.5885,1127,2
rep1,1.5886,1128,2
rep1,1.5888,1129,2
rep1,1.589,1130,2
rep1,1.5896,1131,2
rep1,1.5897,1132,2
rep1,1.5901,1133,2
rep1,1.5915,1134,2
rep1,1.5925,1135,2
rep1,1.5927,1136,2
rep1,1.5927,1137,2
rep1,1.5933,1138,2
rep1,1.5936,1139,2
rep1,1.5948,1140,2
rep1,1.595,1141,2
rep1,1.5956,1142,2
rep1,1.5965,1143,2
rep1,1.5966,1144,2
rep1,1.5981,1145,2
rep1,1.5985,1146,2
rep1,1.5989,1147,2
rep1,1.6001,1148,2
rep1,1.6003,1149,2
rep1,1.601,1150,2
rep1,1.601,1151,2
rep1,1.6018,1152,2
rep1,1.6045,1153,2
rep1,1.6047,1154,2
rep1,1.6047,1155,2
rep1,1.6051,1156,2
rep1,1.6055,1157,2
rep1,1.6062,1158,2
rep1,1.6064,1159,2
rep1,1.6065,1160,2
rep1,1.6068,1161,2
rep1,1.6073,1162,2
rep1,1.6078,1163,2
rep1,1.6082,1164,2
rep1,1.6084,1165,2
rep1,1.6085,1166,2
rep1,1.6088,1167,2
rep1,1.609,1168,2
rep1,1.6093,1169,2
rep1,1.6113,1170,2
rep1,1.6125,1171,2
rep1,1.613,1172,2
rep1,1.6133,1173,2
rep1,1.6133,1174,2
rep1,1.6148,1175,2
rep1,1.6149,1176,2
rep1,1.6152,1177,2
rep1,1.6162,1178,2
rep1,1.6164,1179,2
rep1,1.6167,1180,2
rep1,1.6167,1181,2
rep1,1.617,1182,2
rep1,1.6176,1183,2
rep1,1.6184,1184,2
rep1,1.6184,1185,2
rep1,1.6186,1186,2
rep1,1.6188,1187,2
rep1,1.62,1188,2
rep1,1.6201,1189,2
rep1,1.6205,1190,2
rep1,1.6219,1191,2
rep1,1.6222,1192,2
rep1,1.6223,1193,2
rep1,1.6227,1194,2
rep1,1.6228,1195,2
rep1,1.623,1196,2
rep1,1.6247,1197,2
rep1,1.6252,1198,2
rep1,1.6252,1199,2
rep1,1.6257,1200,2
rep1,1.6262,1201,2
rep1,1.6265,1202,2
rep1,1.6274,1203,2
rep1,1.6274,1204,2
rep1,1.6274,1205,2
rep1,1.6274,1206,2
rep1,1.6284,1207,2
rep1,1.6286,1208,2
rep1,1.6287,1209,2
rep1,1.6291,1210,2
rep1,1.6293,1211,2
rep1,1.6295,1212,2
rep1,1.6302,1213,2
rep1,1.6302,1214,2
rep1,1.6305,1215,2
rep1,1.6321,1216,2
rep1,1.6332,1217,2
rep1,1.6337,1218,2
rep1,1.6353,1219,2
rep1,1.6358,1220,2
rep1,1.6372,1221,2
rep1,1.6374,1222,2
rep1,1.6374,1223,2
rep1,1.6377,1224,2
rep1,1.6379,1225,2
rep1,1.6381,1226,2
rep1,1.6382,1227,2
rep1,1.6388,1228,2
rep1,1.6395,1229,2
rep1,1.6401,1230,2
rep1,1.6404,1231,2
rep1,1.6407,1232,2
rep1,1.6414,1233,2
rep1,1.6426,1234,2
rep1,1.6431,1235,2
rep1,1.6431,1236,2
rep1,1.6439,1237,2
rep1,1.644,1238,2
rep1,1.6443,1239,2
rep1,1.6449,1240,2
rep1,1.645,1241,2
rep1,1.6458,1242,2
rep1,1.646,1243,2
rep1,1.6463,1244,2
rep1,1.6482,1245,2
rep1,1.6486,1246,2
rep1,1.6493,1247,2
rep1,1.6497,1248,2
rep1,1.6498,1249,2
rep1,1.6504,1250,2
rep1,1.6516,1251,2
rep1,1.6518,1252,2
rep1,1.6525,1253,2
rep1,1.6527,1254,2
rep1,1.6528,1255,2
rep1,1.6534,1256,2
rep1,1.6537,1257,2
rep1,1.6537,1258,2
rep1,1.654,1259,2
rep1,1.6552,1260,2
rep1,1.6553,1261,2
rep1,1.656,1262,2
rep1,1.6561,1263,2
rep1,1.6567,1264,2
rep1,1.6576,1265,2
rep1,1.6577,1266,2
rep1,1.6582,1267,2
rep1,1.6589,1268,2
rep1,1.6589,1269,2
rep1,1.6614,1270,2
rep1,1.6624,1271,2
rep1,1.6637,1272,2
rep1,1.6652,1273,2
rep1,1.6657,1274,2
rep1,1.6667,1275,2
rep1,1.6673,1276,2
rep1,1.6685,1277,2
rep1,1.6692,1278,2
rep1,1.6692,1279,2
rep1,1.67,1280,2
rep1,1.6703,1281,2
rep1,1.6709,1282,2
rep1,1.671,1283,2
rep1,1.6722,1284,2
rep1,1.6732,1285,2
rep1,1.6746,1286,2
rep1,1.6746,1287,2
rep1,1.6755,1288,2
rep1,1.6773,1289,2
rep1,1.6779,1290,2
rep1,1.679,1291,2
rep1,1.6795,1292,2
rep1,1.6799,1293,2
rep1,1.6807,1294,2
rep1,1.6813,1295,2
rep1,1.6816,1296,2
rep1,1.6828,1297,2
rep1,1.6833,1298,2
rep1,1.6837,1299,2
rep1,1.6847,1300,2
rep1,1.6851,1301,2
rep1,1.6851,1302,2
rep1,1.6857,1303,2
rep1,1.6862,1304,2
rep1,1.6863,1305,2
rep1,1.6869,1306,2
rep1,1.6871,1307,2
rep1,1.6873,1308,2
rep1,1.6876,1309,2
rep1,1.6876,1310,2
rep1,1.6888,1311,2
rep1,1.6898,1312,2
rep1,1.6902,1313,2
rep1,1.6906,1314,2
rep1,1.6911,1315,2
rep1,1.6916,1316,2
rep1,1.6942,1317,2
rep1,1.6944,1318,2
rep1,1.6944,1319,2
rep1,1.6951,1320,2
rep1,1.6955,1321,2
rep1,1.6989,1322,2
rep1,1.6997,1323,2
rep1,1.7002,1324,2
rep1,1.7002,1325,2
rep1,1.7004,1326,2
rep1,1.7021,1327,2
rep1,1.7025,1328,2
rep1,1.7029,1329,2
rep1,1.7041,1330,2
rep1,1.7057,1331,2
rep1,1.706,1332,2
rep1,1.706,1333,2
rep1,1.7068,1334,2
rep1,1.7068,1335,2
rep1,1.7069,1336,2
rep1,1.7084,1337,2
rep1,1.7087,1338,2
rep1,1.7102,1339,2
rep1,1.7103,1340,2
rep1,1.7111,1341,2
rep1,1.712,1342,2
rep1,1.7129,1343,2
rep1,1.7134,1344,2
rep1,1.7138,1345,2
rep1,1.7144,1346,2
rep1,1.7145,1347,2
rep1,1.7151,1348,2
rep1,1.7155,1349,2
rep1,1.7157,1350,2
rep1,1.7157,1351,2
rep1,1.7164,1352,2
rep1,1.7167,1353,2
rep1,1.7178,1354,2
rep1,1.7179,1355,2
rep1,1.7185,1356,2
rep1,1.7187,1357,2
rep1,1.7187,1358,2
rep1,1.7196,1359,2
rep1,1.7206,1360,2
rep1,1.7207,1361,2
rep1,1.7211,1362,2
rep1,1.7219,1363,2
rep1,1.7228,1364,2
rep1,1.7228,1365,2
rep1,1.7234,1366,2
rep1,1.7241,1367,2
rep1,1.7268,1368,2
rep1,1.7276,1369,2
rep1,1.7288,1370,2
rep1,1.729,1371,2
rep1,1.7299,1372,2
rep1,1.7303,1373,2
rep1,1.731,1374,2
rep1,1.7312,1375,2
rep1,1.7315,1376,2
rep1,1.7317,1377,2
rep1,1.7319,1378,2
rep1,1.7326,1379,2
rep1,1.7331,1380,2
rep1,1.7341,1381,2
rep1,1.7343,1382,2
rep1,1.7355,1383,2
rep1,1.7359,1384,2
rep1,1.7366,1385,2
rep1,1.7369,1386,2
rep1,1.737,1387,2
rep1,1.7373,1388,2
rep1,1.7382,1389,2
rep1,1.7389,1390,2
rep1,1.7389,1391,2
rep1,1.7391,1392,2
rep1,1.7399,1393,2
rep1,1.7405,1394,2
rep1,1.7408,1395,2
rep1,1.7417,1396,2
rep1,1.742,1397,2
rep1,1.7424,1398,2
rep1,1.7449,1399,2
rep1,1.7454,1400,2
rep1,1.7462,1401,2
rep1,1.7466,1402,2
rep1,1.7468,1403,2
rep1,1.7468,1404,2
rep1,1.7474,1405,2
rep1,1.7482,1406,2
rep1,1.7483,1407,2
rep1,1.7485,1408,2
rep1,1.7488,1409,2
rep1,1.7507,1410,2
rep1,1.7507,1411,2
rep1,1.7508,1412,2
rep1,1.7511,1413,2
rep1,1.7512,1414,2
rep1,1.7514,1415,2
rep1,1.7529,1416,2
rep1,1.7543,1417,2
rep1,1.7545,1418,2
rep1,1.7547,1419,2
rep1,1.7558,1420,2
rep1,1.7569,1421,2
rep1,1.7572,1422,2
rep1,1.7583,1423,2
rep1,1.7592,1424,2
rep1,1.7595,1425,2
rep1,1.7609,1426,2
rep1,1.7632,1427,2
rep1,1.7636,1428,2
rep1,1.764,1429,2
rep1,1.7642,1430,2
rep1,1.7677,1431,2
rep1,1.7683,1432,2
rep1,1.7688,1433,2
rep1,1.7689,1434,2
rep1,1.7689,1435,2
rep1,1.7698,1436,2
rep1,1.7704,1437,2
rep1,1.7704,1438,2
rep1,1.7708,1439,2
rep1,1.7715,1440,2
rep1,1.7723,1441,2
rep1,1.7723,1442,2
rep1,1.773,1443,2
rep1,1.7736,1444,2
rep1,1.7741,1445,2
rep1,1.7753,1446,2
rep1,1.7757,1447,2
rep1,1.7762,1448,2
rep1,1.7763,1449,2
rep1,1.7764,1450,2
rep1,1.7768,1451,2
rep1,1.7773,1452,2
rep1,1.7773,1453,2
rep1,1.7787,1454,2
rep1,1.7793,1455,2
rep1,1.7808,1456,2
rep1,1.782,1457,2
rep1,1.7828,1458,2
rep1,1.7833,1459,2
rep1,1.7841,1460,2
rep1,1.7846,1461,2
rep1,1.7852,1462,2
rep1,1.7854,1463,2
rep1,1.7855,1464,2
rep1,1.7857,1465,2
rep1,1.7865,1466,2
rep1,1.7868,1467,2
rep1,1.7869,1468,2
rep1,1.7872,1469,2
rep1,1.7878,1470,2
rep1,1.7878,1471,2
rep1,1.7884,1472,2
rep1,1.7885,1473,2
rep1,1.7888,1474,2
rep1,1.7913,1475,2
rep1,1.7915,1476,2
rep1,1.7917,1477,2
rep1,1.7923,1478,2
rep1,1.7927,1479,2
rep1,1.7934,1480,2
rep1,1.7936,1481,2
rep1,1.7937,1482,2
rep1,1.7944,1483,2
rep1,1.7947,1484,2
rep1,1.7952,1485,2
rep1,1.7954,1486,2
rep1,1.7954,1487,2
rep1,1.7962,1488,2
rep1,1.7966,1489,2
rep1,1.7966,1490,2
rep1,1.8015,1491,2
rep1,1.8021,1492,2
rep1,1.8026,1493,2
rep1,1.8027,1494,2
rep1,1.8034,1495,2
rep1,1.8044,1496,2
rep1,1.8047,1497,2
rep1,1.805,1498,2
rep1,1.8062,1499,2
rep1,1.8062,1500,2
rep1,1.8063,1501,2
rep1,1.8073,1502,2
rep1,1.808,1503,2
rep1,1.8105,1504,2
rep1,1.8113,1505,2
rep1,1.8116,1506,2
rep1,1.8119,1507,2
rep1,1.8122,1508,2
rep1,1.8124,1509,2
rep1,1.813,1510,2
rep1,1.8131,1511,2
rep1,1.8143,1512,2
rep1,1.8151,1513,2
rep1,1.8151,1514,2
rep1,1.8153,1515,2
rep1,1.8155,1516,2
rep1,1.8156,1517,2
rep1,1.8168,1518,2
rep1,1.818,1519,2
rep1,1.8184,1520,2
rep1,1.8191,1521,2
rep1,1.8198,1522,2
rep1,1.8219,1523,2
rep1,1.8221,1524,2
rep1,1.8228,1525,2
rep1,1.8229,1526,2
rep1,1.8232,1527,2
rep1,1.8236,1528,2
rep1,1.8248,1529,2
rep1,1.8274,1530,2
rep1,1.8276,1531,2
rep1,1.8282,1532,2
rep1,1.8291,1533,2
rep1,1.8319,1534,2
rep1,1.8338,1535,2
rep1,1.8341,1536,2
rep1,1.835,1537,2
rep1,1.8359,1538,2
rep1,1.8361,1539,2
rep1,1.8402,1540,2
rep1,1.8402,1541,2
rep1,1.8409,1542,2
rep1,1.8411,1543,2
rep1,1.8412,1544,2
rep1,1.8414,1545,2
rep1,1.8418,1546,2
rep1,1.8419,1547,2
rep1,1.8423,1548,2
rep1,1.8425,1549,2
rep1,1.8431,1550,2
rep1,1.8452,1551,2
rep1,1.8458,1552,2
rep1,1.846,1553,2
rep1,1.846,1554,2
rep1,1.8472,1555,2
rep1,1.8479,1556,2
rep1,1.8481,1557,2
rep1,1.8493,1558,2
rep1,1.8495,1559,2
rep1,1.8498,1560,2
rep1,1.8509,1561,2
rep1,1.8511,1562,2
rep1,1.8511,1563,2
rep1,1.8513,1564,2
rep1,1.8516,1565,2
rep1,1.8528,1566,2
rep1,1.853,1567,2
rep1,1.8533,1568,2
rep1,1.854,1569,2
rep1,1.8549,1570,2
rep1,1.8551,1571,2
rep1,1.8552,1572,2
rep1,1.8553,1573,2
rep1,1.8565,1574,2
rep1,1.8569,1575,2
rep1,1.8571,1576,2
rep1,1.8576,1577,2
rep1,1.8578,1578,2
rep1,1.8579,1579,2
rep1,1.8588,1580,2
rep1,1.8593,1581,2
rep1,1.8597,1582,2
rep1,1.8597,1583,2
rep1,1.8607,1584,2
rep1,1.8613,1585,2
rep1,1.8635,1586,2
rep1,1.8651,1587,2
rep1,1.8665,1588,2
rep1,1.8673,1589,2
rep1,1.868,1590,2
rep1,1.8683,1591,2
rep1,1.8696,1592,2
rep1,1.8699,1593,2
rep1,1.87,1594,2
rep1,1.8705,1595,2
rep1,1.8705,1596,2
rep1,1.8715,1597,2
rep1,1.8716,1598,2
rep1,1.8723,1599,2
rep1,1.8724,1600,2
rep1,1.8728,1601,2
rep1,1.8741,1602,2
rep1,1.8759,1603,2
rep1,1.8763,1604,2
rep1,1.8768,1605,2
rep1,1.877,1606,2
rep1,1.8788,1607,2
rep1,1.88,1608,2
rep1,1.8803,1609,2
rep1,1.8803,1610,2
rep1,1.8826,1611,2
rep1,1.8834,1612,2
rep1,1.8838,1613,2
rep1,1.8841,1614,2
rep1,1.8842,1615,2
rep1,1.8845,1616,2
rep1,1.8847,1617,2
rep1,1.8859,1618,2
rep1,1.8893,1619,2
rep1,1.8902,1620,2
rep1,1.8903,1621,2
rep1,1.8906,1622,2
rep1,1.8914,1623,2
rep1,1.8915,1624,2
rep1,1.8926,1625,2
rep1,1.8926,1626,2
rep1,1.8935,1627,2
rep1,1.8939,1628,2
rep1,1.8941,1629,2
rep1,1.8944,1630,2
rep1,1.8952,1631,2
rep1,1.8969,1632,2
rep1,1.8972,1633,2
rep1,1.8973,1634,2
rep1,1.8979,1635,2
rep1,1.8986,1636,2
rep1,1.8997,1637,2
rep1,1.8997,1638,2
rep1,1.9006,1639,2
rep1,1.9006,1640,2
rep1,1.9007,1641,2
rep1,1.9011,1642,2
rep1,1.9013,1643,2
rep1,1.902,1644,2
rep1,1.9034,1645,2
rep1,1.9038,1646,2
rep1,1.9043,1647,2
rep1,1.9048,1648,2
rep1,1.9053,1649,2
rep1,1.9055,1650,2
rep1,1.906,1651,2
rep1,1.9079,1652,2
rep1,1.9088,1653,2
rep1,1.9094,1654,2
rep1,1.91,1655,2
rep1,1.9102,1656,2
rep1,1.911,1657,2
rep1,1.9111,1658,2
rep1,1.9117,1659,2
rep1,1.9125,1660,2
rep1,1.9136,1661,2
rep1,1.9144,1662,2
rep1,1.9155,1663,2
rep1,1.9164,1664,2
rep1,1.9175,1665,2
rep1,1.9177,1666,2
rep1,1.9182,1667,2
rep1,1.9186,1668,2
rep1,1.9186,1669,2
rep1,1.921,1670,2
rep1,1.9222,1671,2
rep1,1.9225,1672,2
rep1,1.9231,1673,2
rep1,1.9235,1674,2
rep1,1.924,1675,2
rep1,1.9248,1676,2
rep1,1.9248,1677,2
rep1,1.9254,1678,2
rep1,1.9254,1679,2
rep1,1.9261,1680,2
rep1,1.9264,1681,2
rep1,1.9271,1682,2
rep1,1.9271,1683,2
rep1,1.9273,1684,2
rep1,1.9273,1685,2
rep1,1.9275,1686,2
rep1,1.9276,1687,2
rep1,1.9283,1688,2
rep1,1.9295,1689,2
rep1,1.9316,1690,2
rep1,1.9319,1691,2
rep1,1.9321,1692,2
rep1,1.9322,1693,2
rep1,1.9324,1694,2
rep1,1.9327,1695,2
rep1,1.9352,1696,2
rep1,1.9355,1697,2
rep1,1.9357,1698,2
rep1,1.938,1699,2
rep1,1.938,1700,2
rep1,1.9383,1701,2
rep1,1.9385,1702,2
rep1,1.9387,1703,2
rep1,1.939,1704,2
rep1,1.9401,1705,2
rep1,1.9404,1706,2
rep1,1.9409,1707,2
rep1,1.9419,1708,2
rep1,1.9429,1709,2
rep1,1.9437,1710,2
rep1,1.9439,1711,2
rep1,1.9439,1712,2
rep1,1.9444,1713,2
rep1,1.9445,1714,2
rep1,1.9451,1715,2
rep1,1.9454,1716,2
rep1,1.9456,1717,2
rep1,1.9462,1718,2
rep1,1.9466,1719,2
rep1,1.9468,1720,2
rep1,1.9472,1721,2
rep1,1.9472,1722,2
rep1,1.9479,1723,2
rep1,1.9484,1724,2
rep1,1.949,1725,2
rep1,1.9491,1726,2
rep1,1.9491,1727,2
rep1,1.9493,1728,2
rep1,1.9494,1729,2
rep1,1.9505,1730,2
rep1,1.9523,1731,2
rep1,1.9525,1732,2
rep1,1.9531,1733,2
rep1,1.9549,1734,2
rep1,1.9572,1735,2
rep1,1.9579,1736,2
rep1,1.9589,1737,2
rep1,1.9593,1738,2
rep1,1.9594,1739,2
rep1,1.9601,1740,2
rep1,1.9602,1741,2
rep1,1.9604,1742,2
rep1,1.9611,1743,2
rep1,1.962,1744,2
rep1,1.962,1745,2
rep1,1.9631,1746,2
rep1,1.9632,1747,2
rep1,1.9638,1748,2
rep1,1.9644,1749,2
rep1,1.9657,1750,2
rep1,1.9661,1751,2
rep1,1.9662,1752,2
rep1,1.9664,1753,2
rep1,1.9666,1754,2
rep1,1.9668,1755,2
rep1,1.9674,1756,2
rep1,1.9681,1757,2
rep1,1.9683,1758,2
rep1,1.9683,1759,2
rep1,1.9689,1760,2
rep1,1.9689,1761,2
rep1,1.9691,1762,2
rep1,1.9695,1763,2
rep1,1.9698,1764,2
rep1,1.9711,1765,2
rep1,1.9713,1766,2
rep1,1.9717,1767,2
rep1,1.9723,1768,2
rep1,1.9728,1769,2
rep1,1.9728,1770,2
rep1,1.973,1771,2
rep1,1.9748,1772,2
rep1,1.9754,1773,2
rep1,1.9759,1774,2
rep1,1.9761,1775,2
rep1,1.9779,1776,2
rep1,1.9788,1777,2
rep1,1.98,1778,2
rep1,1.9801,1779,2
rep1,1.9825,1780,2
rep1,1.9832,1781,2
rep1,1.9833,1782,2
rep1,1.9835,1783,2
rep1,1.9842,1784,2
rep1,1.9864,1785,2
rep1,1.987,1786,2
rep1,1.9879,1787,2
rep1,1.9888,1788,2
rep1,1.9904,1789,2
rep1,1.9907,1790,2
rep1,1.9921,1791,2
rep1,1.9924,1792,2
rep1,1.9928,1793,2
rep1,1.9931,1794,2
rep1,1.9936,1795,2
rep1,1.9955,1796,2
rep1,1.996,1797,2
rep1,1.9962,1798,2
rep1,1.9976,1799,2
rep1,1.9987,1800,2
rep1,2.0008,1801,2
rep1,2.0013,1802,2
rep1,2.0014,1803,2
rep1,2.0015,1804,2
rep1,2.0016,1805,2
rep1,2.002,1806,2
rep1,2.0023,1807,2
rep1,2.0039,1808,2
rep1,2.0054,1809,2
rep1,2.0062,1810,2
rep1,2.0073,1811,2
rep1,2.0082,1812,2
rep1,2.0086,1813,2
rep1,2.0091,1814,2
rep1,2.0099,1815,2
rep1,2.0099,1816,2
rep1,2.0104,1817,2
rep1,2.0107,1818,2
rep1,2.011,1819,2
rep1,2.0111,1820,2
rep1,2.0121,1821,2
rep1,2.0127,1822,2
rep1,2.0145,1823,2
rep1,2.0147,1824,2
rep1,2.0148,1825,2
rep1,2.015,1826,2
rep1,2.0156,1827,2
rep1,2.0173,1828,2
rep1,2.0182,1829,2
rep1,2.0186,1830,2
rep1,2.019,1831,2
rep1,2.0198,1832,2
rep1,2.0201,1833,2
rep1,2.0203,1834,2
rep1,2.0209,1835,2
rep1,2.021,1836,2
rep1,2.0215,1837,2
rep1,2.0222,1838,2
rep1,2.0225,1839,2
rep1,2.0232,1840,2
rep1,2.0242,1841,2
rep1,2.0244,1842,2
rep1,2.0244,1843,2
rep1,2.0248,1844,2
rep1,2.025,1845,2
rep1,2.0264,1846,2
rep1,2.0267,1847,2
rep1,2.027,1848,2
rep1,2.0284,1849,2
rep1,2.0288,1850,2
rep1,2.0295,1851,2
rep1,2.0296,1852,2
rep1,2.0338,1853,2
rep1,2.0339,1854,2
rep1,2.034,1855,2
rep1,2.0347,1856,2
rep1,2.0354,1857,2
rep1,2.0358,1858,2
rep1,2.0367,1859,2
rep1,2.0369,1860,2
rep1,2.0378,1861,2
rep1,2.038,1862,2
rep1,2.0384,1863,2
rep1,2.0391,1864,2
rep1,2.0396,1865,2
rep1,2.0405,1866,2
rep1,2.0426,1867,2
rep1,2.0429,1868,2
rep1,2.0429,1869,2
rep1,2.044,1870,2
rep1,2.0441,1871,2
rep1,2.0454,1872,2
rep1,2.0456,1873,2
rep1,2.0461,1874,2
rep1,2.0461,1875,2
rep1,2.0463,1876,2
rep1,2.0467,1877,2
rep1,2.0473,1878,2
rep1,2.0482,1879,2
rep1,2.0497,1880,2
rep1,2.0503,1881,2
rep1,2.0504,1882,2
rep1,2.051,1883,2
rep1,2.0518,1884,2
rep1,2.0544,1885,2
rep1,2.0546,1886,2
rep1,2.0552,1887,2
rep1,2.0558,1888,2
rep1,2.0558,1889,2
rep1,2.0571,1890,2
rep1,2.0575,1891,2
rep1,2.0584,1892,2
rep1,2.0584,1893,2
rep1,2.059,1894,2
rep1,2.0615,1895,2
rep1,2.063,1896,2
rep1,2.0633,1897,2
rep1,2.0638,1898,2
rep1,2.0649,1899,2
rep1,2.0653,1900,2
rep1,2.0657,1901,2
rep1,2.066,1902,2
rep1,2.0665,1903,2
rep1,2.0668,1904,2
rep1,2.0685,1905,2
rep1,2.0687,1906,2
rep1,2.0694,1907,2
rep1,2.0709,1908,2
rep1,2.0713,1909,2
rep1,2.0719,1910,2
rep1,2.0725,1911,2
rep1,2.0727,1912,2
rep1,2.0746,1913,2
rep1,2.0754,1914,2
rep1,2.0756,1915,2
rep1,2.0759,1916,2
rep1,2.0765,1917,2
rep1,2.0773,1918,2
rep1,2.0788,1919,2
rep1,2.0793,1920,2
rep1,2.0805,1921,2
rep1,2.0808,1922,2
rep1,2.0811,1923,2
rep1,2.0824,1924,2
rep1,2.0825,1925,2
rep1,2.0825,1926,2
rep1,2.084,1927,2
rep1,2.0841,1928,2
rep1,2.0847,1929,2
rep1,2.0851,1930,2
rep1,2.0859,1931,2
rep1,2.0859,1932,2
rep1,2.0866,1933,2
rep1,2.0885,1934,2
rep1,2.0893,1935,2
rep1,2.0896,1936,2
rep1,2.0904,1937,2
rep1,2.0925,1938,2
rep1,2.0936,1939,2
rep1,2.0942,1940,2
rep1,2.0943,1941,2
rep1,2.0955,1942,2
rep1,2.0958,1943,2
rep1,2.0964,1944,2
rep1,2.0967,1945,2
rep1,2.097,1946,2
rep1,2.0972,1947,2
rep1,2.0973,1948,2
rep1,2.0977,1949,2
rep1,2.0986,1950,2
rep1,2.0994,1951,2
rep1,2.0996,1952,2
rep1,2.0996,1953,2
rep1,2.0996,1954,2
rep1,2.0998,1955,2
rep1,2.1006,1956,2
rep1,2.1008,1957,2
rep1,2.1011,1958,2
rep1,2.1019,1959,2
rep1,2.102,1960,2
rep1,2.1064,1961,2
rep1,2.107,1962,2
rep1,2.107,1963,2
rep1,2.1077,1964,2
rep1,2.1078,1965,2
rep1,2.1078,1966,2
rep1,2.1083,1967,2
rep1,2.1093,1968,2
rep1,2.1097,1969,2
rep1,2.1099,1970,2
rep1,2.1099,1971,2
rep1,2.1103,1972,2
rep1,2.1108,1973,2
rep1,2.1119,1974,2
rep1,2.1124,1975,2
rep1,2.1133,1976,2
rep1,2.1136,1977,2
rep1,2.1147,1978,2
rep1,2.1151,1979,2
rep1,2.1158,1980,2
rep1,2.1162,1981,2
rep1,2.1168,1982,2
rep1,2.1176,1983,2
rep1,2.1177,1984,2
rep1,2.1186,1985,2
rep1,2.1192,1986,2
rep1,2.1197,1987,2
rep1,2.1197,1988,2
rep1,2.1198,1989,2
rep1,2.1206,1990,2
rep1,2.1211,1991,2
rep1,2.1213,1992,2
rep1,2.1218,1993,2
rep1,2.1226,1994,2
rep1,2.1226,1995,2
rep1,2.1232,1996,2
rep1,2.1234,1997,2
rep1,2.1243,1998,2
rep1,2.1249,1999,2
rep1,2.125,2000,2
rep1,2.1259,2001,2
rep1,2.1266,2002,2
rep1,2.1266,2003,2
rep1,2.129,2004,2
rep1,2.1292,2005,2
rep1,2.1295,2006,2
rep1,2.1302,2007,2
rep1,2.1302,2008,2
rep1,2.1306,2009,2
rep1,2.1317,2010,2
rep1,2.1321,2011,2
rep1,2.1322,2012,2
rep1,2.1333,2013,2
rep1,2.134,2014,2
rep1,2.1341,2015,2
rep1,2.1343,2016,2
rep1,2.1346,2017,2
rep1,2.1358,2018,2
rep1,2.1365,2019,2
rep1,2.1365,2020,2
rep1,2.137,2021,2
rep1,2.1373,2022,2
rep1,2.1375,2023,2
rep1,2.1377,2024,2
rep1,2.138,2025,2
rep1,2.139,2026,2
rep1,2.1393,2027,2
rep1,2.1393,2028,2
rep1,2.1394,2029,2
rep1,2.1395,2030,2
rep1,2.1397,2031,2
rep1,2.1397,2032,2
rep1,2.1412,2033,2
rep1,2.1412,2034,2
rep1,2.1422,2035,2
rep1,2.1434,2036,2
rep1,2.144,2037,2
rep1,2.1444,2038,2
rep1,2.1446,2039,2
rep1,2.1453,2040,2
rep1,2.1458,2041,2
rep1,2.1458,2042,2
rep1,2.1465,2043,2
rep1,2.1468,2044,2
rep1,2.1482,2045,2
rep1,2.149,2046,2
rep1,2.15,2047,2
rep1,2.1505,2048,2
rep1,2.1505,2049,2
rep1,2.1506,2050,2
rep1,2.1506,2051,2
rep1,2.1513,2052,2
rep1,2.1525,2053,2
rep1,2.1526,2054,2
rep1,2.1533,2055,2
rep1,2.1544,2056,2
rep1,2.1559,2057,2
rep1,2.1566,2058,2
rep1,2.1568,2059,2
rep1,2.157,2060,2
rep1,2.1581,2061,2
rep1,2.1581,2062,2
rep1,2.1586,2063,2
rep1,2.1587,2064,2
rep1,2.1592,2065,2
rep1,2.1592,2066,2
rep1,2.1606,2067,2
rep1,2.1621,2068,2
rep1,2.1623,2069,2
rep1,2.1627,2070,2
rep1,2.1636,2071,2
rep1,2.1651,2072,2
rep1,2.1651,2073,2
rep1,2.1652,2074,2
rep1,2.1659,2075,2
rep1,2.1666,2076,2
rep1,2.1671,2077,2
rep1,2.1677,2078,2
rep1,2.1681,2079,2
rep1,2.1684,2080,2
rep1,2.1691,2081,2
rep1,2.1693,2082,2
rep1,2.1697,2083,2
rep1,2.1697,2084,2
rep1,2.1709,2085,2
rep1,2.1716,2086,2
rep1,2.1719,2087,2
rep1,2.1721,2088,2
rep1,2.1723,2089,2
rep1,2.1728,2090,2
rep1,2.1743,2091,2
rep1,2.1745,2092,2
rep1,2.1746,2093,2
rep1,2.1748,2094,2
rep1,2.175,2095,2
rep1,2.1755,2096,2
rep1,2.1761,2097,2
rep1,2.1765,2098,2
rep1,2.177,2099,2
rep1,2.1771,2100,2
rep1,2.1773,2101,2
rep1,2.1779,2102,2
rep1,2.1779,2103,2
rep1,2.1784,2104,2
rep1,2.179,2105,2
rep1,2.1792,2106,2
rep1,2.1793,2107,2
rep1,2.1795,2108,2
rep1,2.1801,2109,2
rep1,2.181,2110,2
rep1,2.181,2111,2
rep1,2.1811,2112,2
rep1,2.1819,2113,2
rep1,2.1821,2114,2
rep1,2.1826,2115,2
rep1,2.1833,2116,2
rep1,2.1841,2117,2
rep1,2.1845,2118,2
rep1,2.1851,2119,2
rep1,2.1854,2120,2
rep1,2.1856,2121,2
rep1,2.1863,2122,2
rep1,2.1864,2123,2
rep1,2.188,2124,2
rep1,2.1884,2125,2
rep1,2.1885,2126,2
rep1,2.1888,2127,2
rep1,2.1893,2128,2
rep1,2.19,2129,2
rep1,2.1901,2130,2
rep1,2.1904,2131,2
rep1,2.1915,2132,2
rep1,2.1927,2133,2
rep1,2.1932,2134,2
rep1,2.1932,2135,2
rep1,2.1948,2136,2
rep1,2.1948,2137,2
rep1,2.195,2138,2
rep1,2.1952,2139,2
rep1,2.1954,2140,2
rep1,2.1961,2141,2
rep1,2.1964,2142,2
rep1,2.1975,2143,2
rep1,2.1979,2144,2
rep1,2.1981,2145,2
rep1,2.1982,2146,2
rep1,2.1984,2147,2
rep1,2.1987,2148,2
rep1,2.1992,2149,2
rep1,2.1999,2150,2
rep1,2.1999,2151,2
rep1,2.2001,2152,2
rep1,2.2002,2153,2
rep1,2.2004,2154,2
rep1,2.201,2155,2
rep1,2.2019,2156,2
rep1,2.2024,2157,2
rep1,2.2027,2158,2
rep1,2.2028,2159,2
rep1,2.2036,2160,2
rep1,2.205,2161,2
rep1,2.2056,2162,2
rep1,2.2061,2163,2
rep1,2.2065,2164,2
rep1,2.2069,2165,2
rep1,2.207,2166,2
rep1,2.207,2167,2
rep1,2.2082,2168,2
rep1,2.209,2169,2
rep1,2.2095,2170,2
rep1,2.2098,2171,2
rep1,2.2099,2172,2
rep1,2.2101,2173,2
rep1,2.2103,2174,2
rep1,2.2107,2175,2
rep1,2.2112,2176,2
rep1,2.2115,2177,2
rep1,2.2116,2178,2
rep1,2.2129,2179,2
rep1,2.2133,2180,2
rep1,2.2134,2181,2
rep1,2.2137,2182,2
rep1,2.2139,2183,2
rep1,2.2142,2184,2
rep1,2.2146,2185,2
rep1,2.2149,2186,2
rep1,2.2152,2187,2
rep1,2.2156,2188,2
rep1,2.2161,2189,2
rep1,2.2167,2190,2
rep1,2.2168,2191,2
rep1,2.217,2192,2
rep1,2.2171,2193,2
rep1,2.2184,2194,2
rep1,2.2187,2195,2
rep1,2.2196,2196,2
rep1,2.2201,2197,2
rep1,2.2212,2198,2
rep1,2.2221,2199,2
rep1,2.2221,2200,2
rep1,2.2224,2201,2
rep1,2.2226,2202,2
rep1,2.223,2203,2
rep1,2.2232,2204,2
rep1,2.2238,2205,2
rep1,2.2238,2206,2
rep1,2.2242,2207,2
rep1,2.2249,2208,2
rep1,2.2254,2209,2
rep1,2.2257,2210,2
rep1,2.2261,2211,2
rep1,2.2262,2212,2
rep1,2.2269,2213,2
rep1,2.2272,2214,2
rep1,2.2273,2215,2
rep1,2.2274,2216,2
rep1,2.2278,2217,2
rep1,2.2281,2218,2
rep1,2.2282,2219,2
rep1,2.2285,2220,2
rep1,2.229,2221,2
rep1,2.2297,2222,2
rep1,2.2305,2223,2
rep1,2.231,2224,2
rep1,2.2313,2225,2
rep1,2.2319,2226,2
rep1,2.2322,2227,2
rep1,2.2326,2228,2
rep1,2.2337,2229,2
rep1,2.2337,2230,2
rep1,2.2338,2231,2
rep1,2.2339,2232,2
rep1,2.2342,2233,2
rep1,2.2346,2234,2
rep1,2.2352,2235,2
rep1,2.2359,2236,2
rep1,2.2361,2237,2
rep1,2.2365,2238,2
rep1,2.2367,2239,2
rep1,2.2374,2240,2
rep1,2.2374,2241,2
rep1,2.2375,2242,2
rep1,2.2382,2243,2
rep1,2.2386,2244,2
rep1,2.2388,2245,2
rep1,2.2388,2246,2
rep1,2.2392,2247,2
rep1,2.2399,2248,2
rep1,2.2401,2249,2
rep1,2.2408,2250,2
rep1,2.2411,2251,2
rep1,2.242,2252,2
rep1,2.2422,2253,2
rep1,2.2444,2254,2
rep1,2.2447,2255,2
rep1,2.245,2256,2
rep1,2.2451,2257,2
rep1,2.2466,2258,2
rep1,2.2474,2259,2
rep1,2.2478,2260,2
rep1,2.2479,2261,2
rep1,2.2481,2262,2
rep1,2.2485,2263,2
rep1,2.249,2264,2
rep1,2.2492,2265,2
rep1,2.2495,2266,2
rep1,2.2502,2267,2
rep1,2.2502,2268,2
rep1,2.2503,2269,2
rep1,2.2504,2270,2
rep1,2.2507,2271,2
rep1,2.2511,2272,2
rep1,2.2511,2273,2
rep1,2.2516,2274,2
rep1,2.2516,2275,2
rep1,2.2521,2276,2
rep1,2.2529,2277,2
rep1,2.2534,2278,2
rep1,2.2537,2279,2
rep1,2.2538,2280,2
rep1,2.2542,2281,2
rep1,2.2547,2282,2
rep1,2.2548,2283,2
rep1,2.2553,2284,2
rep1,2.2562,2285,2
rep1,2.2572,2286,2
rep1,2.2579,2287,2
rep1,2.2579,2288,2
rep1,2.2581,2289,2
rep1,2.2581,2290,2
rep1,2.2584,2291,2
rep1,2.2588,2292,2
rep1,2.2602,2293,2
rep1,2.2602,2294,2
rep1,2.2604,2295,2
rep1,2.2609,2296,2
rep1,2.261,2297,2
rep1,2.2615,2298,2
rep1,2.2615,2299,2
rep1,2.2617,2300,2
rep1,2.262,2301,2
rep1,2.2625,2302,2
rep1,2.2631,2303,2
rep2,1.0461,1,0
rep2,1.0481,2,0
rep2,1.0496,3,0
rep2,1.0502,4,0
rep2,1.0506,5,0
rep2,1.0507,6,0
rep2,1.0515,7,0
rep2,1.0522,8,0
rep2,1.0541,9,0
rep2,1.0562,10,0
rep2,1.0562,11,0
rep2,1.0574,12,0
rep2,1.0604,13,0
rep2,1.0605,14,0
rep2,1.0624,15,0
rep2,1.0624,16,0
rep2,1.0629,17,0
rep2,1.0646,18,0
rep2,1.0683,19,0
rep2,1.0685,20,0
rep2,1.0714,21,0
rep2,1.0759,22,0
rep2,1.0765,23,0
rep2,1.0766,24,0
rep2,1.0769,25,0
rep2,1.0782,26,0
rep2,1.0782,27,0
rep2,1.0795,28,0
rep2,1.0795,29,0
rep2,1.0812,30,0
rep2,1.0825,31,0
rep2,1.0825,32,0
rep2,1.0825,33,0
rep2,1.0826,34,0
rep2,1.0828,35,0
rep2,1.083,36,0
rep2,1.0836,37,0
rep2,1.0839,38,0
rep2,1.0842,39,0
rep2,1.0852,40,0
rep2,1.0852,41,0
rep2,1.0869,42,0
rep2,1.0869,43,0
rep2,1.0881,44,0
rep2,1.0881,45,0
rep2,1.0896,46,0
rep2,1.0897,47,0
rep2,1.0903,48,0
rep2,1.0908,49,0
rep2,1.0908,50,0
rep2,1.0911,51,0
rep2,1.0922,52,0
rep2,1.0922,53,0
rep2,1.0932,54,0
rep2,1.0935,55,0
rep2,1.0941,56,0
rep2,1.0944,57,0
rep2,1.0964,58,0
rep2,1.0973,59,0
rep2,1.0979,60,0
rep2,1.099,61,0
rep2,1.1008,62,0
rep2,1.1011,63,0
rep2,1.1019,64,0
rep2,1.1031,65,0
rep2,1.1035,66,0
rep2,1.1045,67,0
rep2,1.1047,68,0
rep2,1.1048,69,0
rep2,1.1054,70,0
rep2,1.1056,71,0
rep2,1.1061,72,0
rep2,1.1064,73,0
rep2,1.1067,74,0
rep2,1.1074,75,0
rep2,1.1092,76,0
rep2,1.1093,77,0
rep2,1.1101,78,0
rep2,1.1105,79,0
rep2,1.1106,80,0
rep2,1.1107,81,0
rep2,1.1109,82,0
rep2,1.1116,83,0
rep2,1.1119,84,0
rep2,1.1123,85,0
rep2,1.1124,86,0
rep2,1.1128,87,0
rep2,1.1137,88,0
rep2,1.1148,89,0
rep2,1.1151,90,0
rep2,1.1161,91,0
rep2,1.1164,92,0
rep2,1.1168,93,0
rep2,1.1174,94,0
rep2,1.1178,95,0
rep2,1.1184,96,0
rep2,1.1184,97,0
rep2,1.1193,98,0
rep2,1.1194,99,0
rep2,1.1224,100,0
rep2,1.1228,101,0
rep2,1.1233,102,0
rep2,1.1238,103,0
rep2,1.1242,104,0
rep2,1.1246,105,0
rep2,1.1247,106,0
rep2,1.125,107,0
rep2,1.1254,108,0
rep2,1.1256,109,0
rep2,1.1263,110,0
rep2,1.1264,111,0
rep2,1.1271,112,0
rep2,1.1277,113,0
rep2,1.1282,114,0
rep2,1.1291,115,0
rep2,1.1307,116,0
rep2,1.1308,117,0
rep2,1.1316,118,0
rep2,1.132,119,0
rep2,1.1323,120,0
rep2,1.1333,121,0
rep2,1.1344,122,0
rep2,1.1346,123,0
rep2,1.135,124,0
rep2,1.136,125,0
rep2,1.136,126,0
rep2,1.1362,127,0
rep2,1.1371,128,0
rep2,1.1378,129,0
rep2,1.1386,130,0
rep2,1.1389,131,0
rep2,1.1392,132,0
rep2,1.1395,133,0
rep2,1.14,134,0
rep2,1.1404,135,0
rep2,1.1405,136,0
rep2,1.1406,137,0
rep2,1.141,138,0
rep2,1.1413,139,0
rep2,1.1413,140,0
rep2,1.1414,141,0
rep2,1.142,142,0
rep2,1.1424,143,0
rep2,1.1427,144,0
rep2,1.143,145,0
rep2,1.1437,146,0
rep2,1.1438,147,0
rep2,1.1449,148,0
rep2,1.1452,149,0
rep2,1.1455,150,0
rep2,1.1459,151,0
rep2,1.1465,152,0
rep2,1.1465,153,0
rep2,1.1471,154,0
rep2,1.1472,155,0
rep2,1.1475,156,0
rep2,1.1475,157,0
rep2,1.1476,158,0
rep2,1.1491,159,0
rep2,1.1492,160,0
rep2,1.1502,161,0
rep2,1.1506,162,0
rep2,1.1508,163,0
rep2,1.151,164,0
rep2,1.1511,165,0
rep2,1.1511,166,0
rep2,1.1514,167,0
rep2,1.1517,168,0
rep2,1.1518,169,0
rep2,1.1518,170,0
rep2,1.152,171,0
rep2,1.1531,172,0
rep2,1.1534,173,0
rep2,1.154,174,0
rep2,1.1543,175,0
rep2,1.1543,176,0
rep2,1.1546,177,0
rep2,1.1556,178,0
rep2,1.1558,179,0
rep2,1.1558,180,0
rep2,1.1563,181,0
rep2,1.1579,182,0
rep2,1.158,183,0
rep2,1.1581,184,0
rep2,1.1586,185,0
rep2,1.1591,186,0
rep2,1.1599,187,0
rep2,1.1604,188,0
rep2,1.1606,189,0
rep2,1.1621,190,0
rep2,1.1622,191,0
rep2,1.1628,192,0
rep2,1.1628,193,0
rep2,1.1631,194,0
rep2,1.1635,195,0
rep2,1.1635,196,0
rep2,1.1642,197,0
rep2,1.1642,198,0
rep2,1.166,199,0
rep2,1.1661,200,0
rep2,1.1666,201,0
rep2,1.167,202,0
rep2,1.1677,203,0
rep2,1.1683,204,0
rep2,1.169,205,0
rep2,1.1696,206,0
rep2,1.1697,207,0
rep2,1.1707,208,0
rep2,1.1719,209,0
rep2,1.1726,210,0
rep2,1.1729,211,0
rep2,1.1732,212,0
rep2,1.1735,213,0
rep2,1.1743,214,0
rep2,1.1755,215,0
rep2,1.176,216,0
rep2,1.1763,217,0
rep2,1.1764,218,0
rep2,1.1768,219,0
rep2,1.178,220,0
rep2,1.1797,221,0
rep2,1.18,222,0
rep2,1.1804,223,0
rep2,1.1804,224,0
rep2,1.1806,225,0
rep2,1.1807,226,0
rep2,1.1819,227,0
rep2,1.182,228,0
rep2,1.1821,229,0
rep2,1.1823,230,0
rep2,1.1825,231,0
rep2,1.1831,232,0
rep2,1.1833,233,0
rep2,1.1835,234,0
rep2,1.1845,235,0
rep2,1.1846,236,0
rep2,1.1848,237,0
rep2,1.1849,238,0
rep2,1.1854,239,0
rep2,1.1856,240,0
rep2,1.1856,241,0
rep2,1.1857,242,0
rep2,1.1864,243,0
rep2,1.1871,244,0
rep2,1.1872,245,0
rep2,1.1874,246,0
rep2,1.1878,247,0
rep2,1.1879,248,0
rep2,1.1882,249,0
rep2,1.1884,250,0
rep2,1.1885,251,0
rep2,1.1887,252,0
rep2,1.1895,253,0
rep2,1.1896,254,0
rep2,1.1897,255,0
rep2,1.1904,256,0
rep2,1.1905,257,0
rep2,1.191,258,0
rep2,1.1918,259,0
rep2,1.1928,260,0
rep2,1.1929,261,0
rep2,1.193,262,0
rep2,1.1932,263,0
rep2,1.1932,264,0
rep2,1.1934,265,0
rep2,1.194,266,0
rep2,1.1944,267,0
rep2,1.1948,268,0
rep2,1.1952,269,0
rep2,1.1955,270,0
rep2,1.1967,271,0
rep2,1.1968,272,0
rep2,1.1973,273,0
rep2,1.1985,274,0
rep2,1.1991,275,0
rep2,1.1994,276,0
rep2,1.1996,277,0
rep2,1.2,278,0
rep2,1.2007,279,0
rep2,1.201,280,0
rep2,1.2017,281,0
rep2,1.2018,282,0
rep2,1.202,283,0
rep2,1.2034,284,0
rep2,1.2039,285,0
rep2,1.2044,286,0
rep2,1.2051,287,0
rep2,1.2054,288,0
rep2,1.2054,289,0
rep2,1.2055,290,0
rep2,1.2059,291,0
rep2,1.2059,292,0
rep2,1.2066,293,0
rep2,1.2067,294,0
rep2,1.2071,295,0
rep2,1.2073,296,0
rep2,1.2078,297,0
rep2,1.2088,298,0
rep2,1.209,299,0
rep2,1.2098,300,0
rep2,1.2102,301,0
rep2,1.2107,302,0
rep2,1.2115,303,0
rep2,1.2124,304,0
rep2,1.2126,305,0
rep2,1.2139,306,0
rep2,1.214,307,0
rep2,1.2141,308,0
rep2,1.2153,309,0
rep2,1.2153,310,0
rep2,1.2172,311,0
rep2,1.2175,312,0
rep2,1.2177,313,0
rep2,1.218,314,0
rep2,1.2181,315,0
rep2,1.2183,316,0
rep2,1.2187,317,0
rep2,1.2195,318,0
rep2,1.2196,319,0
rep2,1.2202,320,0
rep2,1.2206,321,0
rep2,1.2215,322,0
rep2,1.2215,323,0
rep2,1.2221,324,0
rep2,1.2221,325,0
rep2,1.2224,326,0
rep2,1.2225,327,0
rep2,1.2229,328,0
rep2,1.223,329,0
rep2,1.2235,330,0
rep2,1.2235,331,0
rep2,1.2238,332,0
rep2,1.2244,333,0
rep2,1.2252,334,0
rep2,1.2256,335,0
rep2,1.2258,336,0
rep2,1.226,337,0
rep2,1.227,338,0
rep2,1.2271,339,0
rep2,1.2271,340,0
rep2,1.2276,341,0
rep2,1.2281,342,0
rep2,1.2283,343,0
rep2,1.2285,344,0
rep2,1.2285,345,0
rep2,1.2288,346,0
rep2,1.2297,347,0
rep2,1.2299,348,0
rep2,1.2306,349,0
rep2,1.2306,350,0
rep2,1.2306,351,0
rep2,1.2313,352,0
rep2,1.2315,353,0
rep2,1.2318,354,0
rep2,1.2318,355,0
rep2,1.2319,356,0
rep2,1.2326,357,0
rep2,1.2336,358,0
rep2,1.234,359,0
rep2,1.2343,360,0
rep2,1.2346,361,0
rep2,1.2347,362,0
rep2,1.2348,363,0
rep2,1.2349,364,0
rep2,1.2352,365,0
rep2,1.2357,366,0
rep2,1.2358,367,0
rep2,1.2359,368,0
rep2,1.2362,369,0
rep2,1.2366,370,0
rep2,1.2382,371,0
rep2,1.2389,372,0
rep2,1.24,373,0
rep2,1.2407,374,0
rep2,1.2411,375,0
rep2,1.2413,376,0
rep2,1.2419,377,0
rep2,1.2422,378,0
rep2,1.2425,379,0
rep2,1.2426,380,0
rep2,1.2428,381,0
rep2,1.243,382,0
rep2,1.2433,383,0
rep2,1.2438,384,0
rep2,1.2444,385,0
rep2,1.246,386,0
rep2,1.2466,387,0
rep2,1.2466,388,0
rep2,1.2469,389,0
rep2,1.2475,390,0
rep2,1.2482,391,0
rep2,1.2483,392,0
rep2,1.2485,393,0
rep2,1.2487,394,0
rep2,1.2487,395,0
rep2,1.2494,396,0
rep2,1.2497,397,0
rep2,1.2499,398,0
rep2,1.2513,399,0
rep2,1.2513,400,0
rep2,1.2516,401,0
rep2,1.2519,402,0
rep2,1.2524,403,0
rep2,1.2531,404,0
rep2,1.2535,405,0
rep2,1.254,406,0
rep2,1.2545,407,0
rep2,1.2545,408,0
rep2,1.2547,409,0
rep2,1.2547,410,0
rep2,1.2548,411,0
rep2,1.2551,412,0
rep2,1.2557,413,0
rep2,1.2561,414,0
rep2,1.2565,415,0
rep2,1.2579,416,0
rep2,1.2581,417,0
rep2,1.2593,418,0
rep2,1.2593,419,0
rep2,1.2594,420,0
rep2,1.26,421,0
rep2,1.2609,422,0
rep2,1.2616,423,0
rep2,1.2616,424,0
rep2,1.2622,425,0
rep2,1.2626,426,0
rep2,1.2629,427,0
rep2,1.2636,428,0
rep2,1.2637,429,0
rep2,1.2641,430,0
rep2,1.2644,431,0
rep2,1.2644,432,0
rep2,1.2644,433,0
rep2,1.2644,434,0
rep2,1.265,435,0
rep2,1.2652,436,0
rep2,1.2656,437,0
rep2,1.2659,438,0
rep2,1.2659,439,0
rep2,1.2661,440,0
rep2,1.2662,441,0
rep2,1.267,442,0
rep2,1.2671,443,0
rep2,1.2676,444,0
rep2,1.2677,445,0
rep2,1.2681,446,0
rep2,1.2681,447,0
rep2,1.2689,448,0
rep2,1.269,449,0
rep2,1.2691,450,0
rep2,1.2693,451,0
rep2,1.2697,452,0
rep2,1.2703,453,0
rep2,1.2706,454,0
rep2,1.2709,455,0
rep2,1.2709,456,0
rep2,1.271,457,0
rep2,1.2716,458,0
rep2,1.2718,459,0
rep2,1.2718,460,0
rep2,1.2725,461,0
rep2,1.2732,462,0
rep2,1.274,463,0
rep2,1.2741,464,0
rep2,1.2745,465,0
rep2,1.2748,466,0
rep2,1.275,467,0
rep2,1.2754,468,0
rep2,1.2758,469,0
rep2,1.2759,470,0
rep2,1.276,471,0
rep2,1.2761,472,0
rep2,1.2762,473,0
rep2,1.2766,474,0
rep2,1.2766,475,0
rep2,1.2767,476,0
rep2,1.2772,477,0
rep2,1.2774,478,0
rep2,1.2786,479,0
rep2,1.2789,480,0
rep2,1.279,481,0
rep2,1.2797,482,0
rep2,1.2798,483,0
rep2,1.2801,484,0
rep2,1.2803,485,0
rep2,1.2811,486,0
rep2,1.2813,487,0
rep2,1.2816,488,0
rep2,1.282,489,0
rep2,1.2822,490,0
rep2,1.2825,491,0
rep2,1.2825,492,0
rep2,1.2829,493,0
rep2,1.2848,494,0
rep2,1.285,495,0
rep2,1.2854,496,0
rep2,1.2856,497,0
rep2,1.2859,498,0
rep2,1.2865,499,0
rep2,1.2866,500,0
rep2,1.2868,501,0
rep2,1.2872,502,0
rep2,1.2877,503,0
rep2,1.2877,504,0
rep2,1.288,505,0
rep2,1.288,506,0
rep2,1.2884,507,0
rep2,1.2887,508,0
rep2,1.2891,509,0
rep2,1.2894,510,0
rep2,1.2899,511,0
rep2,1.2902,512,0
rep2,1.2902,513,0
rep2,1.2918,514,0
rep2,1.2925,515,0
rep2,1.2932,516,0
rep2,1.2934,517,0
rep2,1.2935,518,0
rep2,1.2936,519,0
rep2,1.2943,520,0
rep2,1.2944,521,0
rep2,1.2949,522,0
rep2,1.295,523,0
rep2,1.2957,524,0
rep2,1.2959,525,0
rep2,1.296,526,0
rep2,1.2964,527,0
rep2,1.2968,528,0
rep2,1.2969,529,0
rep2,1.297,530,0
rep2,1.2974,531,0
rep2,1.2982,532,0
rep2,1.2987,533,0
rep2,1.2994,534,0
rep2,1.3001,535,0
rep2,1.3006,536,0
rep2,1.3009,537,0
rep2,1.302,538,0
rep2,1.302,539,0
rep2,1.3021,540,0
rep2,1.3024,541,0
rep2,1.3024,542,0
rep2,1.3032,543,0
rep2,1.3034,544,0
rep2,1.3045,545,0
rep2,1.3053,546,0
rep2,1.3054,547,0
rep2,1.3054,548,0
rep2,1.3058,549,0
rep2,1.306,550,0
rep2,1.3062,551,0
rep2,1.3077,552,0
rep2,1.3077,553,0
rep2,1.3079,554,0
rep2,1.3081,555,0
rep2,1.3093,556,0
rep2,1.3094,557,0
rep2,1.3095,558,0
rep2,1.31,559,0
rep2,1.3101,560,0
rep2,1.3104,561,0
rep2,1.3108,562,0
rep2,1.311,563,0
rep2,1.3111,564,0
rep2,1.312,565,0
rep2,1.3122,566,0
rep2,1.3133,567,0
rep2,1.3133,568,0
rep2,1.3134,569,0
rep2,1.3137,570,0
rep2,1.3157,571,0
rep2,1.3157,572,0
rep2,1.3159,573,0
rep2,1.316,574,0
rep2,1.3172,575,0
rep2,1.3179,576,0
rep2,1.3181,577,0
rep2,1.3182,578,0
rep2,1.3185,579,0
rep2,1.3187,580,0
rep2,1.3192,581,0
rep2,1.3193,582,0
rep2,1.3199,583,0
rep2,1.3204,584,0
rep2,1.3209,585,0
rep2,1.3215,586,0
rep2,1.3223,587,0
rep2,1.3223,588,0
rep2,1.3225,589,0
rep2,1.323,590,0
rep2,1.3231,591,0
rep2,1.3231,592,0
rep2,1.3233,593,0
rep2,1.3236,594,0
rep2,1.324,595,0
rep2,1.3247,596,0
rep2,1.3253,597,0
rep2,1.3253,598,0
rep2,1.3262,599,0
rep2,1.3262,600,0
rep2,1.3274,601,0
rep2,1.3281,602,0
rep2,1.3284,603,0
rep2,1.3287,604,0
rep2,1.3288,605,0
rep2,1.3291,606,0
rep2,1.3295,607,0
rep2,1.3297,608,0
rep2,1.3298,609,0
rep2,1.33,610,0
rep2,1.3303,611,0
rep2,1.3304,612,0
rep2,1.331,613,0
rep2,1.3314,614,0
rep2,1.3314,615,0
rep2,1.3315,616,0
rep2,1.3315,617,0
rep2,1.332,618,0
rep2,1.3324,619,0
rep2,1.3324,620,0
rep2,1.3327,621,0
rep2,1.3329,622,0
rep2,1.3332,623,0
rep2,1.3335,624,0
rep2,1.3342,625,0
rep2,1.3343,626,0
rep2,1.3348,627,0
rep2,1.3349,628,0
rep2,1.3354,629,0
rep2,1.3356,630,0
rep2,1.336,631,0
rep2,1.3361,632,0
rep2,1.3367,633,0
rep2,1.3369,634,0
rep2,1.3371,635,0
rep2,1.338,636,0
rep2,1.338,637,0
rep2,1.338,638,0
rep2,1.3389,639,0
rep2,1.3396,640,0
rep2,1.3398,641,0
rep2,1.3399,642,0
rep2,1.3403,643,0
rep2,1.3409,644,0
rep2,1.341,645,0
rep2,1.3416,646,0
rep2,1.3419,647,0
rep2,1.3426,648,0
rep2,1.3429,649,0
rep2,1.3449,650,0
rep2,1.3451,651,0
rep2,1.3452,652,0
rep2,1.3453,653,0
rep2,1.3461,654,0
rep2,1.3462,655,0
rep2,1.3469,656,0
rep2,1.347,657,0
rep2,1.347,658,0
rep2,1.3473,659,0
rep2,1.3476,660,0
rep2,1.3483,661,0
rep2,1.3489,662,0
rep2,1.349,663,0
rep2,1.349,664,0
rep2,1.3491,665,0
rep2,1.3496,666,0
rep2,1.3496,667,0
rep2,1.3513,668,0
rep2,1.3514,669,0
rep2,1.3518,670,0
rep2,1.352,671,0
rep2,1.352,672,0
rep2,1.3523,673,0
rep2,1.3524,674,0
rep2,1.3526,675,0
rep2,1.3527,676,0
rep2,1.3529,677,0
rep2,1.3536,678,0
rep2,1.3536,679,0
rep2,1.3543,680,0
rep2,1.3546,681,0
rep2,1.3554,682,0
rep2,1.3564,683,0
rep2,1.3567,684,0
rep2,1.3568,685,0
rep2,1.3569,686,0
rep2,1.3573,687,0
rep2,1.3573,688,0
rep2,1.3573,689,0
rep2,1.3573,690,0
rep2,1.3581,691,0
rep2,1.3586,692,0
rep2,1.3586,693,0
rep2,1.359,694,0
rep2,1.3591,695,0
rep2,1.3596,696,0
rep2,1.3607,697,0
rep2,1.3609,698,0
rep2,1.3616,699,0
rep2,1.3619,700,0
rep2,1.3624,701,0
rep2,1.3625,702,0
rep2,1.3626,703,0
rep2,1.3634,704,0
rep2,1.3643,705,0
rep2,1.3643,706,0
rep2,1.3644,707,0
rep2,1.3645,708,0
rep2,1.365,709,0
rep2,1.3653,710,0
rep2,1.3653,711,0
rep2,1.3661,712,0
rep2,1.3661,713,0
rep2,1.3664,714,0
rep2,1.3677,715,0
rep2,1.3677,716,0
rep2,1.3677,717,0
rep2,1.3691,718,0
rep2,1.3691,719,0
rep2,1.3696,720,0
rep2,1.3704,721,0
rep2,1.3713,722,0
rep2,1.3717,723,0
rep2,1.3737,724,0
rep2,1.3741,725,0
rep2,1.3743,726,0
rep2,1.3745,727,0
rep2,1.3752,728,0
rep2,1.3753,729,0
rep2,1.3754,730,0
rep2,1.3756,731,0
rep2,1.376,732,0
rep2,1.3761,733,0
rep2,1.3762,734,0
rep2,1.3763,735,0
rep2,1.3764,736,0
rep2,1.3774,737,0
rep2,1.378,738,0
rep2,1.3783,739,0
rep2,1.3786,740,0
rep2,1.3791,741,0
rep2,1.3803,742,0
rep2,1.3805,743,0
rep2,1.3806,744,0
rep2,1.3816,745,0
rep2,1.3819,746,0
rep2,1.3819,747,0
rep2,1.3828,748,0
rep2,1.3831,749,0
rep2,1.3841,750,0
rep2,1.3842,751,0
rep2,1.3847,752,0
rep2,1.385,753,0
rep2,1.3855,754,0
rep2,1.3857,755,0
rep2,1.3861,756,0
rep2,1.387,757,0
rep2,1.3874,758,0
rep2,1.3874,759,0
rep2,1.3881,760,0
rep2,1.3882,761,0
rep2,1.3887,762,0
rep2,1.3893,763,0
rep2,1.3905,764,0
rep2,1.3909,765,0
rep2,1.3911,766,0
rep2,1.3912,767,0
rep2,1.3914,768,0
rep2,1.3921,769,0
rep2,1.3924,770,0
rep2,1.3927,771,0
rep2,1.393,772,0
rep2,1.3935,773,0
rep2,1.3936,774,0
rep2,1.3938,775,0
rep2,1.3938,776,0
rep2,1.3943,777,0
rep2,1.3943,778,0
rep2,1.3943,779,0
rep2,1.3948,780,0
rep2,1.3955,781,0
rep2,1.3964,782,0
rep2,1.3967,783,0
rep2,1.3968,784,0
rep2,1.3989,785,0
rep2,1.3989,786,0
rep2,1.4002,787,0
rep2,1.4007,788,0
rep2,1.4014,789,0
rep2,1.4014,790,0
rep2,1.4015,791,0
rep2,1.4018,792,0
rep2,1.4019,793,0
rep2,1.4022,794,0
rep2,1.4022,795,0
rep2,1.4029,796,0
rep2,1.4034,797,0
rep2,1.4039,798,0
rep2,1.404,799,0
rep2,1.4049,800,0
rep2,1.4051,801,0
rep2,1.4054,802,0
rep2,1.4056,803,0
rep2,1.4058,804,0
rep2,1.4059,805,0
rep2,1.4061,806,0
rep2,1.4066,807,0
rep2,1.4068,808,0
rep2,1.4069,809,0
rep2,1.4072,810,0
rep2,1.4073,811,0
rep2,1.4079,812,0
rep2,1.4081,813,0
rep2,1.4084,814,0
rep2,1.409,815,0
rep2,1.4098,816,0
rep2,1.4099,817,0
rep2,1.4101,818,0
rep2,1.411,819,0
rep2,1.4111,820,0
rep2,1.4113,821,0
rep2,1.4123,822,0
rep2,1.4125,823,0
rep2,1.413,824,0
rep2,1.4134,825,0
rep2,1.4137,826,0
rep2,1.4142,827,0
rep2,1.4145,828,0
rep2,1.4147,829,0
rep2,1.415,830,0
rep2,1.4156,831,0
rep2,1.416,832,0
rep2,1.4168,833,0
rep2,1.4175,834,0
rep2,1.4178,835,0
rep2,1.4184,836,0
rep2,1.4195,837,0
rep2,1.4199,838,0
rep2,1.42,839,0
rep2,1.4215,840,0
rep2,1.4217,841,0
rep2,1.4224,842,0
rep2,1.4228,843,0
rep2,1.4231,844,0
rep2,1.4233,845,0
rep2,1.424,846,0
rep2,1.4245,847,0
rep2,1.4256,848,0
rep2,1.4258,849,0
rep2,1.4263,850,0
rep2,1.4264,851,0
rep2,1.4268,852,0
rep2,1.4276,853,0
rep2,1.4282,854,0
rep2,1.4284,855,0
rep2,1.4296,856,0
rep2,1.4307,857,0
rep2,1.4308,858,0
rep2,1.4312,859,0
rep2,1.4313,860,0
rep2,1.4317,861,0
rep2,1.4318,862,0
rep2,1.4323,863,0
rep2,1.4324,864,0
rep2,1.4324,865,0
rep2,1.4327,866,0
rep2,1.4327,867,0
rep2,1.433,868,0
rep2,1.4332,869,0
rep2,1.4334,870,0
rep2,1.4338,871,0
rep2,1.4352,872,0
rep2,1.4355,873,0
rep2,1.4359,874,0
rep2,1.438,875,0
rep2,1.4382,876,0
rep2,1.4384,877,0
rep2,1.4388,878,0
rep2,1.439,879,0
rep2,1.439,880,0
rep2,1.4395,881,0
rep2,1.4401,882,0
rep2,1.4404,883,0
rep2,1.4404,884,0
rep2,1.4405,885,0
rep2,1.4412,886,0
rep2,1.4419,887,0
rep2,1.4422,888,0
rep2,1.4423,889,0
rep2,1.4426,890,0
rep2,1.4432,891,0
rep2,1.4437,892,0
rep2,1.4438,893,0
rep2,1.4442,894,0
rep2,1.4445,895,0
rep2,1.4445,896,0
rep2,1.4446,897,0
rep2,1.4449,898,0
rep2,1.445,899,0
rep2,1.4456,900,0
rep2,1.4468,901,0
rep2,1.4476,902,0
rep2,1.448,903,0
rep2,1.4489,904,0
rep2,1.449,905,0
rep2,1.45,906,0
rep2,1.4504,907,0
rep2,1.4506,908,0
rep2,1.452,909,0
rep2,1.4525,910,0
rep2,1.4546,911,0
rep2,1.4548,912,0
rep2,1.4549,913,0
rep2,1.455,914,0
rep2,1.4556,915,0
rep2,1.4558,916,0
rep2,1.4559,917,0
rep2,1.4575,918,0
rep2,1.4575,919,0
rep2,1.4576,920,0
rep2,1.4581,921,0
rep2,1.4582,922,0
rep2,1.4601,923,0
rep2,1.4608,924,0
rep2,1.4608,925,0
rep2,1.4611,926,0
rep2,1.4621,927,0
rep2,1.4622,928,0
rep2,1.4641,929,0
rep2,1.4645,930,0
rep2,1.4661,931,0
rep2,1.4666,932,0
rep2,1.4674,933,0
rep2,1.4676,934,0
rep2,1.4677,935,0
rep2,1.4689,936,0
rep2,1.4693,937,0
rep2,1.4695,938,0
rep2,1.4713,939,0
rep2,1.4717,940,0
rep2,1.4718,941,0
rep2,1.472,942,0
rep2,1.4728,943,0
rep2,1.4732,944,0
rep2,1.4738,945,0
rep2,1.4743,946,0
rep2,1.4746,947,0
rep2,1.4747,948,0
rep2,1.4747,949,0
rep2,1.4749,950,0
rep2,1.4755,951,0
rep2,1.4757,952,0
rep2,1.4759,953,0
rep2,1.4766,954,0
rep2,1.4768,955,0
rep2,1.4779,956,0
rep2,1.4784,957,0
rep2,1.4788,958,0
rep2,1.4793,959,0
rep2,1.4796,960,0
rep2,1.4798,961,0
rep2,1.4802,962,0
rep2,1.4814,963,0
rep2,1.4815,964,0
rep2,1.4823,965,0
rep2,1.4827,966,0
rep2,1.4827,967,0
rep2,1.4836,968,0
rep2,1.4842,969,0
rep2,1.4842,970,0
rep2,1.4848,971,0
rep2,1.4849,972,0
rep2,1.4849,973,0
rep2,1.4856,974,0
rep2,1.4857,975,0
rep2,1.4858,976,0
rep2,1.486,977,0
rep2,1.4862,978,0
rep2,1.4866,979,0
rep2,1.4866,980,0
rep2,1.4876,981,0
rep2,1.4882,982,0
rep2,1.4884,983,0
rep2,1.489,984,0
rep2,1.4899,985,0
rep2,1.4899,986,0
rep2,1.4904,987,0
rep2,1.4907,988,0
rep2,1.4909,989,0
rep2,1.4909,990,0
rep2,1.492,991,0
rep2,1.4924,992,0
rep2,1.4924,993,0
rep2,1.4932,994,0
rep2,1.4936,995,0
rep2,1.4944,996,0
rep2,1.495,997,0
rep2,1.4956,998,0
rep2,1.496,999,0
rep2,1.4977,1000,0
rep2,1.4983,1001,0
rep2,1.4989,1002,0
rep2,1.499,1003,0
rep2,1.4994,1004,0
rep2,1.5001,1005,0
rep2,1.5012,1006,0
rep2,1.503,1007,0
rep2,1.5031,1008,0
rep2,1.5035,1009,0
rep2,1.5037,1010,0
rep2,1.5049,1011,0
rep2,1.5054,1012,0
rep2,1.5062,1013,0
rep2,1.5062,1014,0
rep2,1.5069,1015,0
rep2,1.5071,1016,0
rep2,1.5075,1017,0
rep2,1.5078,1018,0
rep2,1.5086,1019,0
rep2,1.5087,1020,0
rep2,1.5099,1021,0
rep2,1.5099,1022,0
rep2,1.5101,1023,0
rep2,1.5103,1024,0
rep2,1.5103,1025,0
rep2,1.5113,1026,0
rep2,1.5115,1027,0
rep2,1.5119,1028,0
rep2,1.5124,1029,0
rep2,1.5133,1030,0
rep2,1.5137,1031,0
rep2,1.514,1032,0
rep2,1.5142,1033,0
rep2,1.5143,1034,0
rep2,1.5147,1035,0
rep2,1.5152,1036,0
rep2,1.5157,1037,0
rep2,1.5158,1038,0
rep2,1.516,1039,0
rep2,1.5166,1040,0
rep2,1.5167,1041,0
rep2,1.5178,1042,0
rep2,1.5182,1043,0
rep2,1.5194,1044,0
rep2,1.5205,1045,0
rep2,1.5206,1046,0
rep2,1.5212,1047,0
rep2,1.522,1048,0
rep2,1.5226,1049,0
rep2,1.5231,1050,0
rep2,1.5236,1051,0
rep2,1.5267,1052,0
rep2,1.5268,1053,0
rep2,1.5273,1054,0
rep2,1.5284,1055,0
rep2,1.5288,1056,0
rep2,1.529,1057,0
rep2,1.5292,1058,0
rep2,1.5296,1059,0
rep2,1.5307,1060,0
rep2,1.5314,1061,0
rep2,1.5314,1062,0
rep2,1.5321,1063,0
rep2,1.5331,1064,0
rep2,1.5335,1065,0
rep2,1.5341,1066,0
rep2,1.5345,1067,0
rep2,1.5345,1068,0
rep2,1.5346,1069,0
rep2,1.5352,1070,0
rep2,1.5355,1071,0
rep2,1.5362,1072,0
rep2,1.5371,1073,0
rep2,1.5373,1074,0
rep2,1.5373,1075,0
rep2,1.5376,1076,0
rep2,1.5393,1077,0
rep2,1.5395,1078,0
rep2,1.5402,1079,0
rep2,1.5406,1080,0
rep2,1.5409,1081,0
rep2,1.5412,1082,0
rep2,1.5424,1083,0
rep2,1.5425,1084,0
rep2,1.5431,1085,0
rep2,1.5437,1086,0
rep2,1.544,1087,0
rep2,1.5446,1088,0
rep2,1.545,1089,0
rep2,1.5451,1090,0
rep2,1.5454,1091,0
rep2,1.5456,1092,0
rep2,1.5457,1093,0
rep2,1.5472,1094,0
rep2,1.5475,1095,0
rep2,1.5482,1096,0
rep2,1.5484,1097,0
rep2,1.5489,1098,0
rep2,1.549,1099,0
rep2,1.5498,1100,0
rep2,1.5498,1101,0
rep2,1.5498,1102,0
rep2,1.5512,1103,0
rep2,1.5513,1104,0
rep2,1.5513,1105,0
rep2,1.5514,1106,0
rep2,1.5516,1107,0
rep2,1.5524,1108,0
rep2,1.5524,1109,0
rep2,1.5528,1110,0
rep2,1.553,1111,0
rep2,1.5534,1112,0
rep2,1.5536,1113,0
rep2,1.5541,1114,0
rep2,1.5542,1115,0
rep2,1.5543,1116,0
rep2,1.5546,1117,0
rep2,1.5551,1118,0
rep2,1.5551,1119,0
rep2,1.5552,1120,0
rep2,1.5553,1121,0
rep2,1.5553,1122,0
rep2,1.5557,1123,0
rep2,1.5558,1124,0
rep2,1.5569,1125,0
rep2,1.5574,1126,0
rep2,1.5576,1127,0
rep2,1.5578,1128,0
rep2,1.5578,1129,0
rep2,1.558,1130,0
rep2,1.5587,1131,0
rep2,1.5587,1132,0
rep2,1.5589,1133,0
rep2,1.5591,1134,0
rep2,1.5599,1135,0
rep2,1.5613,1136,0
rep2,1.5624,1137,0
rep2,1.5629,1138,0
rep2,1.5631,1139,0
rep2,1.5633,1140,0
rep2,1.5634,1141,0
rep2,1.5638,1142,0
rep2,1.5652,1143,0
rep2,1.5654,1144,0
rep2,1.5655,1145,0
rep2,1.5657,1146,0
rep2,1.5661,1147,0
rep2,1.5667,1148,0
rep2,1.5667,1149,0
rep2,1.5669,1150,0
rep2,1.567,1151,0
rep2,1.5671,1152,0
rep2,1.5672,1153,0
rep2,1.5678,1154,0
rep2,1.5681,1155,0
rep2,1.569,1156,0
rep2,1.5707,1157,0
rep2,1.5711,1158,0
rep2,1.5711,1159,0
rep2,1.5717,1160,0
rep2,1.5719,1161,0
rep2,1.5726,1162,0
rep2,1.573,1163,0
rep2,1.5739,1164,0
rep2,1.5739,1165,0
rep2,1.5756,1166,0
rep2,1.576,1167,0
rep2,1.578,1168,0
rep2,1.5781,1169,0
rep2,1.5783,1170,0
rep2,1.5783,1171,0
rep2,1.579,1172,0
rep2,1.5803,1173,0
rep2,1.5805,1174,0
rep2,1.5809,1175,0
rep2,1.5824,1176,0
rep2,1.5834,1177,0
rep2,1.584,1178,0
rep2,1.5843,1179,0
rep2,1.5853,1180,0
rep2,1.5854,1181,0
rep2,1.5856,1182,0
rep2,1.586,1183,0
rep2,1.5883,1184,0
rep2,1.5894,1185,0
rep2,1.5898,1186,0
rep2,1.5906,1187,0
rep2,1.5912,1188,0
rep2,1.5919,1189,0
rep2,1.592,1190,0
rep2,1.5947,1191,0
rep2,1.5949,1192,0
rep2,1.5963,1193,0
rep2,1.5974,1194,0
rep2,1.5979,1195,0
rep2,1.598,1196,0
rep2,1.5982,1197,0
rep2,1.5992,1198,0
rep2,1.5999,1199,0
rep2,1.5999,1200,0
rep2,1.601,1201,0
rep2,1.6013,1202,0
rep2,1.602,1203,0
rep2,1.6039,1204,0
rep2,1.6039,1205,0
rep2,1.6053,1206,0
rep2,1.606,1207,0
rep2,1.6062,1208,0
rep2,1.6066,1209,0
rep2,1.6069,1210,0
rep2,1.6072,1211,0
rep2,1.6082,1212,0
rep2,1.6123,1213,0
rep2,1.6127,1214,0
rep2,1.6129,1215,0
rep2,1.6141,1216,0
rep2,1.6155,1217,0
rep2,1.6155,1218,0
rep2,1.6155,1219,0
rep2,1.618,1220,0
rep2,1.6185,1221,0
rep2,1.6187,1222,0
rep2,1.6188,1223,0
rep2,1.6189,1224,0
rep2,1.6194,1225,0
rep2,1.6205,1226,0
rep2,1.6208,1227,0
rep2,1.6217,1228,0
rep2,1.6225,1229,0
rep2,1.6227,1230,0
rep2,1.6235,1231,0
rep2,1.6235,1232,0
rep2,1.6239,1233,0
rep2,1.6249,1234,0
rep2,1.625,1235,0
rep2,1.6256,1236,0
rep2,1.6259,1237,0
rep2,1.6272,1238,0
rep2,1.6283,1239,0
rep2,1.6298,1240,0
rep2,1.6299,1241,0
rep2,1.6302,1242,0
rep2,1.6309,1243,0
rep2,1.6317,1244,0
rep2,1.6317,1245,0
rep2,1.6324,1246,0
rep2,1.6324,1247,0
rep2,1.6331,1248,0
rep2,1.6338,1249,0
rep2,1.6339,1250,0
rep2,1.6343,1251,0
rep2,1.6344,1252,0
rep2,1.6355,1253,0
rep2,1.6363,1254,0
rep2,1.6379,1255,0
rep2,1.638,1256,0
rep2,1.6388,1257,0
rep2,1.6393,1258,0
rep2,1.64,1259,0
rep2,1.6407,1260,0
rep2,1.6407,1261,0
rep2,1.6415,1262,0
rep2,1.6418,1263,0
rep2,1.6429,1264,0
rep2,1.6437,1265,0
rep2,1.6439,1266,0
rep2,1.6446,1267,0
rep2,1.645,1268,0
rep2,1.6456,1269,0
rep2,1.6462,1270,0
rep2,1.6466,1271,0
rep2,1.6468,1272,0
rep2,1.6468,1273,0
rep2,1.6468,1274,0
rep2,1.647,1275,0
rep2,1.6477,1276,0
rep2,1.6491,1277,0
rep2,1.6502,1278,0
rep2,1.6511,1279,0
rep2,1.6514,1280,0
rep2,1.6515,1281,0
rep2,1.6521,1282,0
rep2,1.6525,1283,0
rep2,1.6527,1284,0
rep2,1.6534,1285,0
rep2,1.6537,1286,0
rep2,1.654,1287,0
rep2,1.6541,1288,0
rep2,1.6543,1289,0
rep2,1.6546,1290,0
rep2,1.6554,1291,0
rep2,1.657,1292,0
rep2,1.6571,1293,0
rep2,1.6573,1294,0
rep2,1.6577,1295,0
rep2,1.6584,1296,0
rep2,1.6592,1297,0
rep2,1.6596,1298,0
rep2,1.6598,1299,0
rep2,1.6606,1300,0
rep2,1.6609,1301,0
rep2,1.661,1302,0
rep2,1.6624,1303,0
rep2,1.6625,1304,0
rep2,1.6631,1305,0
rep2,1.6635,1306,0
rep2,1.6643,1307,0
rep2,1.6646,1308,0
rep2,1.6652,1309,0
rep2,1.6661,1310,0
rep2,1.6667,1311,0
rep2,1.6671,1312,0
rep2,1.6678,1313,0
rep2,1.6686,1314,0
rep2,1.6686,1315,0
rep2,1.6687,1316,0
rep2,1.6696,1317,0
rep2,1.6699,1318,0
rep2,1.6699,1319,0
rep2,1.672,1320,0
rep2,1.6727,1321,0
rep2,1.673,1322,0
rep2,1.6735,1323,0
rep2,1.6752,1324,0
rep2,1.6753,1325,0
rep2,1.6759,1326,0
rep2,1.6765,1327,0
rep2,1.6766,1328,0
rep2,1.6772,1329,0
rep2,1.6779,1330,0
rep2,1.6781,1331,0
rep2,1.6788,1332,0
rep2,1.6798,1333,0
rep2,1.6801,1334,0
rep2,1.6811,1335,0
rep2,1.6814,1336,0
rep2,1.6816,1337,0
rep2,1.6819,1338,0
rep2,1.6823,1339,0
rep2,1.6824,1340,0
rep2,1.6834,1341,0
rep2,1.6882,1342,0
rep2,1.69,1343,0
rep2,1.69,1344,0
rep2,1.6912,1345,0
rep2,1.692,1346,0
rep2,1.6921,1347,0
rep2,1.6922,1348,0
rep2,1.6932,1349,0
rep2,1.6943,1350,0
rep2,1.6944,1351,0
rep2,1.6945,1352,0
rep2,1.6946,1353,0
rep2,1.6948,1354,0
rep2,1.6953,1355,0
rep2,1.6968,1356,0
rep2,1.6969,1357,0
rep2,1.6972,1358,0
rep2,1.6972,1359,0
rep2,1.6976,1360,0
rep2,1.6977,1361,0
rep2,1.6991,1362,0
rep2,1.7023,1363,0
rep2,1.7024,1364,0
rep2,1.7028,1365,0
rep2,1.7046,1366,0
rep2,1.7051,1367,0
rep2,1.7051,1368,0
rep2,1.706,1369,0
rep2,1.7089,1370,0
rep2,1.7103,1371,0
rep2,1.7106,1372,0
rep2,1.7109,1373,0
rep2,1.7113,1374,0
rep2,1.7121,1375,0
rep2,1.7123,1376,0
rep2,1.7129,1377,0
rep2,1.7134,1378,0
rep2,1.7137,1379,0
rep2,1.7141,1380,0
rep2,1.7144,1381,0
rep2,1.7161,1382,0
rep2,1.717,1383,0
rep2,1.7184,1384,0
rep2,1.7188,1385,0
rep2,1.7189,1386,0
rep2,1.7193,1387,0
rep2,1.7195,1388,0
rep2,1.72,1389,0
rep2,1.7203,1390,0
rep2,1.721,1391,0
rep2,1.7216,1392,0
rep2,1.7219,1393,0
rep2,1.7223,1394,0
rep2,1.7227,1395,0
rep2,1.7235,1396,0
rep2,1.7245,1397,0
rep2,1.7254,1398,0
rep2,1.7254,1399,0
rep2,1.7257,1400,0
rep2,1.7261,1401,0
rep2,1.7263,1402,0
rep2,1.7269,1403,0
rep2,1.7279,1404,0
rep2,1.7294,1405,0
rep2,1.7299,1406,0
rep2,1.7299,1407,0
rep2,1.7313,1408,0
rep2,1.7313,1409,0
rep2,1.7321,1410,0
rep2,1.7332,1411,0
rep2,1.7336,1412,0
rep2,1.7343,1413,0
rep2,1.7353,1414,0
rep2,1.7362,1415,0
rep2,1.7367,1416,0
rep2,1.7369,1417,0
rep2,1.7372,1418,0
rep2,1.7373,1419,0
rep2,1.7387,1420,0
rep2,1.7392,1421,0
rep2,1.7393,1422,0
rep2,1.7394,1423,0
rep2,1.7396,1424,0
rep2,1.7397,1425,0
rep2,1.74,1426,0
rep2,1.7403,1427,0
rep2,1.741,1428,0
rep2,1.7412,1429,0
rep2,1.7417,1430,0
rep2,1.7418,1431,0
rep2,1.742,1432,0
rep2,1.7423,1433,0
rep2,1.743,1434,0
rep2,1.743,1435,0
rep2,1.7434,1436,0
rep2,1.7436,1437,0
rep2,1.7437,1438,0
rep2,1.744,1439,0
rep2,1.7461,1440,0
rep2,1.7466,1441,0
rep2,1.7468,1442,0
rep2,1.7468,1443,0
rep2,1.747,1444,0
rep2,1.7477,1445,0
rep2,1.749,1446,0
rep2,1.7502,1447,0
rep2,1.7507,1448,0
rep2,1.7513,1449,0
rep2,1.7516,1450,0
rep2,1.7519,1451,0
rep2,1.7525,1452,0
rep2,1.7527,1453,0
rep2,1.754,1454,0
rep2,1.7546,1455,0
rep2,1.755,1456,0
rep2,1.7553,1457,0
rep2,1.7562,1458,0
rep2,1.7569,1459,0
rep2,1.7572,1460,0
rep2,1.7576,1461,0
rep2,1.7585,1462,0
rep2,1.76,1463,0
rep2,1.7606,1464,0
rep2,1.7609,1465,0
rep2,1.761,1466,0
rep2,1.7612,1467,0
rep2,1.7613,1468,0
rep2,1.7613,1469,0
rep2,1.762,1470,0
rep2,1.7626,1471,0
rep2,1.7646,1472,0
rep2,1.7647,1473,0
rep2,1.7651,1474,0
rep2,1.7653,1475,0
rep2,1.7656,1476,0
rep2,1.766,1477,0
rep2,1.7662,1478,0
rep2,1.7666,1479,0
rep2,1.768,1480,0
rep2,1.7682,1481,0
rep2,1.7682,1482,0
rep2,1.769,1483,0
rep2,1.7692,1484,0
rep2,1.7695,1485,0
rep2,1.7716,1486,0
rep2,1.7719,1487,0
rep2,1.7732,1488,0
rep2,1.774,1489,0
rep2,1.7749,1490,0
rep2,1.7751,1491,0
rep2,1.7756,1492,0
rep2,1.7761,1493,0
rep2,1.7765,1494,0
rep2,1.7769,1495,0
rep2,1.7774,1496,0
rep2,1.778,1497,0
rep2,1.7781,1498,0
rep2,1.7803,1499,0
rep2,1.7803,1500,0
rep2,1.7818,1501,0
rep2,1.7834,1502,0
rep2,1.7844,1503,0
rep2,1.7848,1504,0
rep2,1.7852,1505,0
rep2,1.7868,1506,0
rep2,1.787,1507,0
rep2,1.7871,1508,0
rep2,1.7877,1509,0
rep2,1.7897,1510,0
rep2,1.7901,1511,0
rep2,1.7936,1512,0
rep2,1.7936,1513,0
rep2,1.7938,1514,0
rep2,1.7948,1515,0
rep2,1.7956,1516,0
rep2,1.7964,1517,0
rep2,1.7965,1518,0
rep2,1.7979,1519,0
rep2,1.7984,1520,0
rep2,1.7988,1521,0
rep2,1.8003,1522,0
rep2,1.8024,1523,0
rep2,1.8025,1524,0
rep2,1.8026,1525,0
rep2,1.8026,1526,0
rep2,1.8031,1527,0
rep2,1.804,1528,0
rep2,1.8044,1529,0
rep2,1.8047,1530,0
rep2,1.8057,1531,0
rep2,1.807,1532,0
rep2,1.807,1533,0
rep2,1.8072,1534,0
rep2,1.8085,1535,0
rep2,1.8086,1536,0
rep2,1.8087,1537,0
rep2,1.8097,1538,0
rep2,1.8099,1539,0
rep2,1.8105,1540,0
rep2,1.811,1541,0
rep2,1.8111,1542,0
rep2,1.8115,1543,0
rep2,1.8115,1544,0
rep2,1.8124,1545,0
rep2,1.8131,1546,0
rep2,1.8132,1547,0
rep2,1.8134,1548,0
rep2,1.8144,1549,0
rep2,1.8145,1550,0
rep2,1.8149,1551,0
rep2,1.8161,1552,0
rep2,1.8173,1553,0
rep2,1.8181,1554,0
rep2,1.8182,1555,0
rep2,1.8186,1556,0
rep2,1.819,1557,0
rep2,1.8193,1558,0
rep2,1.8211,1559,0
rep2,1.8219,1560,0
rep2,1.8226,1561,0
rep2,1.8234,1562,0
rep2,1.8245,1563,0
rep2,1.8252,1564,0
rep2,1.8255,1565,0
rep2,1.8272,1566,0
rep2,1.8292,1567,0
rep2,1.8302,1568,0
rep2,1.8304,1569,0
rep2,1.8311,1570,0
rep2,1.8329,1571,0
rep2,1.8344,1572,0
rep2,1.8353,1573,0
rep2,1.8353,1574,0
rep2,1.8367,1575,0
rep2,1.837,1576,0
rep2,1.8375,1577,0
rep2,1.8378,1578,0
rep2,1.8384,1579,0
rep2,1.8387,1580,0
rep2,1.8391,1581,0
rep2,1.8396,1582,0
rep2,1.841,1583,0
rep2,1.8425,1584,0
rep2,1.8432,1585,0
rep2,1.8432,1586,0
rep2,1.8433,1587,0
rep2,1.844,1588,0
rep2,1.8445,1589,0
rep2,1.845,1590,0
rep2,1.8451,1591,0
rep2,1.8455,1592,0
rep2,1.8461,1593,0
rep2,1.8468,1594,0
rep2,1.847,1595,0
rep2,1.8487,1596,0
rep2,1.8488,1597,0
rep2,1.8495,1598,0
rep2,1.8501,1599,0
rep2,1.8503,1600,0
rep2,1.8507,1601,0
rep2,1.851,1602,0
rep2,1.8517,1603,0
rep2,1.8519,1604,0
rep2,1.8526,1605,0
rep2,1.8526,1606,0
rep2,1.8538,1607,0
rep2,1.855,1608,0
rep2,1.855,1609,0
rep2,1.8551,1610,0
rep2,1.8557,1611,0
rep2,1.8559,1612,0
rep2,1.857,1613,0
rep2,1.8573,1614,0
rep2,1.8573,1615,0
rep2,1.8576,1616,0
rep2,1.858,1617,0
rep2,1.8585,1618,0
rep2,1.8589,1619,0
rep2,1.859,1620,0
rep2,1.8609,1621,0
rep2,1.861,1622,0
rep2,1.8614,1623,0
rep2,1.8624,1624,0
rep2,1.8631,1625,0
rep2,1.8636,1626,0
rep2,1.8637,1627,0
rep2,1.8642,1628,0
rep2,1.8651,1629,0
rep2,1.8652,1630,0
rep2,1.8656,1631,0
rep2,1.8664,1632,0
rep2,1.8676,1633,0
rep2,1.8685,1634,0
rep2,1.8694,1635,0
rep2,1.8702,1636,0
rep2,1.8706,1637,0
rep2,1.8712,1638,0
rep2,1.8729,1639,0
rep2,1.874,1640,0
rep2,1.8746,1641,0
rep2,1.8748,1642,0
rep2,1.8766,1643,0
rep2,1.8771,1644,0
rep2,1.8786,1645,0
rep2,1.8795,1646,0
rep2,1.8807,1647,0
rep2,1.8822,1648,0
rep2,1.8824,1649,0
rep2,1.8827,1650,0
rep2,1.8827,1651,0
rep2,1.8829,1652,0
rep2,1.8832,1653,0
rep2,1.8833,1654,0
rep2,1.8838,1655,0
rep2,1.8839,1656,0
rep2,1.8839,1657,0
rep2,1.8846,1658,0
rep2,1.8848,1659,0
rep2,1.8853,1660,0
rep2,1.8858,1661,0
rep2,1.8859,1662,0
rep2,1.8862,1663,0
rep2,1.8864,1664,0
rep2,1.8892,1665,0
rep2,1.8895,1666,0
rep2,1.89,1667,0
rep2,1.8907,1668,0
rep2,1.8919,1669,0
rep2,1.8926,1670,0
rep2,1.8928,1671,0
rep2,1.8933,1672,0
rep2,1.8939,1673,0
rep2,1.8943,1674,0
rep2,1.8946,1675,0
rep2,1.8961,1676,0
rep2,1.8965,1677,0
rep2,1.8966,1678,0
rep2,1.8966,1679,0
rep2,1.8972,1680,0
rep2,1.8982,1681,0
rep2,1.8986,1682,0
rep2,1.8986,1683,0
rep2,1.8995,1684,0
rep2,1.9003,1685,0
rep2,1.9012,1686,0
rep2,1.9014,1687,0
rep2,1.9035,1688,0
rep2,1.9037,1689,0
rep2,1.9052,1690,0
rep2,1.9059,1691,0
rep2,1.9059,1692,0
rep2,1.9064,1693,0
rep2,1.9068,1694,0
rep2,1.9071,1695,0
rep2,1.9075,1696,0
rep2,1.909,1697,0
rep2,1.9093,1698,0
rep2,1.9102,1699,0
rep2,1.912,1700,0
rep2,1.9122,1701,0
rep2,1.9131,1702,0
rep2,1.9133,1703,0
rep2,1.914,1704,0
rep2,1.9145,1705,0
rep2,1.9148,1706,0
rep2,1.9151,1707,0
rep2,1.9174,1708,0
rep2,1.9177,1709,0
rep2,1.918,1710,0
rep2,1.9185,1711,0
rep2,1.9189,1712,0
rep2,1.9192,1713,0
rep2,1.9193,1714,0
rep2,1.9202,1715,0
rep2,1.9209,1716,0
rep2,1.9215,1717,0
rep2,1.9218,1718,0
rep2,1.9222,1719,0
rep2,1.9224,1720,0
rep2,1.9226,1721,0
rep2,1.9239,1722,0
rep2,1.924,1723,0
rep2,1.9242,1724,0
rep2,1.9243,1725,0
rep2,1.9245,1726,0
rep2,1.9259,1727,0
rep2,1.9264,1728,0
rep2,1.9267,1729,0
rep2,1.9276,1730,0
rep2,1.9276,1731,0
rep2,1.9278,1732,0
rep2,1.9284,1733,0
rep2,1.9296,1734,0
rep2,1.9304,1735,0
rep2,1.9304,1736,0
rep2,1.9311,1737,0
rep2,1.9311,1738,0
rep2,1.9318,1739,0
rep2,1.9322,1740,0
rep2,1.9324,1741,0
rep2,1.9326,1742,0
rep2,1.9336,1743,0
rep2,1.9352,1744,0
rep2,1.9356,1745,0
rep2,1.9363,1746,0
rep2,1.9369,1747,0
rep2,1.9375,1748,0
rep2,1.9379,1749,0
rep2,1.9393,1750,0
rep2,1.9408,1751,0
rep2,1.9416,1752,0
rep2,1.942,1753,0
rep2,1.9422,1754,0
rep2,1.9423,1755,0
rep2,1.943,1756,0
rep2,1.9431,1757,0
rep2,1.9445,1758,0
rep2,1.946,1759,0
rep2,1.9463,1760,0
rep2,1.9463,1761,0
rep2,1.9464,1762,0
rep2,1.9484,1763,0
rep2,1.9495,1764,0
rep2,1.9507,1765,0
rep2,1.9509,1766,0
rep2,1.9513,1767,0
rep2,1.9516,1768,0
rep2,1.9516,1769,0
rep2,1.9525,1770,0
rep2,1.9535,1771,0
rep2,1.954,1772,0
rep2,1.954,1773,0
rep2,1.954,1774,0
rep2,1.9544,1775,0
rep2,1.9546,1776,0
rep2,1.9549,1777,0
rep2,1.9556,1778,0
rep2,1.9564,1779,0
rep2,1.957,1780,0
rep2,1.9574,1781,0
rep2,1.9581,1782,0
rep2,1.9587,1783,0
rep2,1.9587,1784,0
rep2,1.9592,1785,0
rep2,1.9614,1786,0
rep2,1.9617,1787,0
rep2,1.963,1788,0
rep2,1.9637,1789,0
rep2,1.965,1790,0
rep2,1.9655,1791,0
rep2,1.9664,1792,0
rep2,1.9669,1793,0
rep2,1.9679,1794,0
rep2,1.9691,1795,0
rep2,1.9701,1796,0
rep2,1.9706,1797,0
rep2,1.971,1798,0
rep2,1.9713,1799,0
rep2,1.9717,1800,0
rep2,1.9718,1801,0
rep2,1.9734,1802,0
rep2,1.9736,1803,0
rep2,1.9741,1804,0
rep2,1.9744,1805,0
rep2,1.9747,1806,0
rep2,1.9748,1807,0
rep2,1.9763,1808,0
rep2,1.9778,1809,0
rep2,1.9778,1810,0
rep2,1.9787,1811,0
rep2,1.9796,1812,0
rep2,1.9808,1813,0
rep2,1.9809,1814,0
rep2,1.9817,1815,0
rep2,1.982,1816,0
rep2,1.9825,1817,0
rep2,1.9834,1818,0
rep2,1.9846,1819,0
rep2,1.9856,1820,0
rep2,1.9863,1821,0
rep2,1.9866,1822,0
rep2,1.987,1823,0
rep2,1.9877,1824,0
rep2,1.9886,1825,0
rep2,1.9894,1826,0
rep2,1.991,1827,0
rep2,1.992,1828,0
rep2,1.9932,1829,0
rep2,1.9936,1830,0
rep2,1.9941,1831,0
rep2,1.9954,1832,0
rep2,1.9959,1833,0
rep2,1.9962,1834,0
rep2,1.9964,1835,0
rep2,1.997,1836,0
rep2,1.9975,1837,0
rep2,1.9978,1838,0
rep2,1.9987,1839,0
rep2,1.9992,1840,0
rep2,2.0001,1841,0
rep2,2.0013,1842,0
rep2,2.0013,1843,0
rep2,2.0014,1844,0
rep2,2.002,1845,0
rep2,2.0031,1846,0
rep2,2.0038,1847,0
rep2,2.0043,1848,0
rep2,2.0045,1849,0
rep2,2.0046,1850,0
rep2,2.005,1851,0
rep2,2.0057,1852,0
rep2,2.006,1853,0
rep2,2.0062,1854,0
rep2,2.0063,1855,0
rep2,2.0079,1856,0
rep2,2.008,1857,0
rep2,2.0083,1858,0
rep2,2.0088,1859,0
rep2,2.0094,1860,0
rep2,2.0098,1861,0
rep2,2.0112,1862,0
rep2,2.0113,1863,0
rep2,2.0115,1864,0
rep2,2.0142,1865,0
rep2,2.0143,1866,0
rep2,2.0145,1867,0
rep2,2.0151,1868,0
rep2,2.0156,1869,0
rep2,2.0161,1870,0
rep2,2.0162,1871,0
rep2,2.0173,1872,0
rep2,2.0175,1873,0
rep2,2.0177,1874,0
rep2,2.0177,1875,0
rep2,2.0183,1876,0
rep2,2.0189,1877,0
rep2,2.0191,1878,0
rep2,2.0197,1879,0
rep2,2.0201,1880,0
rep2,2.0201,1881,0
rep2,2.0202,1882,0
rep2,2.0208,1883,0
rep2,2.021,1884,0
rep2,2.0216,1885,0
rep2,2.0219,1886,0
rep2,2.0227,1887,0
rep2,2.0231,1888,0
rep2,2.0244,1889,0
rep2,2.0253,1890,0
rep2,2.0253,1891,0
rep2,2.0255,1892,0
rep2,2.0264,1893,0
rep2,2.0268,1894,0
rep2,2.027,1895,0
rep2,2.0272,1896,0
rep2,2.0274,1897,0
rep2,2.0277,1898,0
rep2,2.0287,1899,0
rep2,2.029,1900,0
rep2,2.0291,1901,0
rep2,2.0307,1902,0
rep2,2.0308,1903,0
rep2,2.0309,1904,0
rep2,2.0313,1905,0
rep2,2.0315,1906,0
rep2,2.0315,1907,0
rep2,2.0324,1908,0
rep2,2.0327,1909,0
rep2,2.033,1910,0
rep2,2.0337,1911,0
rep2,2.034,1912,0
rep2,2.036,1913,0
rep2,2.0363,1914,0
rep2,2.0369,1915,0
rep2,2.0373,1916,0
rep2,2.0387,1917,0
rep2,2.041,1918,0
rep2,2.0413,1919,0
rep2,2.0425,1920,0
rep2,2.0425,1921,0
rep2,2.0427,1922,0
rep2,2.0434,1923,0
rep2,2.0434,1924,0
rep2,2.0437,1925,0
rep2,2.0439,1926,0
rep2,2.0445,1927,0
rep2,2.0449,1928,0
rep2,2.0458,1929,0
rep2,2.0465,1930,0
rep2,2.047,1931,0
rep2,2.0474,1932,0
rep2,2.0479,1933,0
rep2,2.0482,1934,0
rep2,2.0492,1935,0
rep2,2.0493,1936,0
rep2,2.0493,1937,0
rep2,2.0504,1938,0
rep2,2.0505,1939,0
rep2,2.0509,1940,0
rep2,2.0524,1941,0
rep2,2.0524,1942,0
rep2,2.0536,1943,0
rep2,2.0558,1944,0
rep2,2.0568,1945,0
rep2,2.0574,1946,0
rep2,2.0581,1947,0
rep2,2.0582,1948,0
rep2,2.0587,1949,0
rep2,2.0589,1950,0
rep2,2.0596,1951,0
rep2,2.0597,1952,0
rep2,2.0597,1953,0
rep2,2.0597,1954,0
rep2,2.0604,1955,0
rep2,2.0612,1956,0
rep2,2.0624,1957,0
rep2,2.0633,1958,0
rep2,2.0642,1959,0
rep2,2.0643,1960,0
rep2,2.0647,1961,0
rep2,2.0662,1962,0
rep2,2.067,1963,0
rep2,2.0672,1964,0
rep2,2.0675,1965,0
rep2,2.0676,1966,0
rep2,2.069,1967,0
rep2,2.069,1968,0
rep2,2.07,1969,0
rep2,2.0703,1970,0
rep2,2.0711,1971,0
rep2,2.0714,1972,0
rep2,2.0715,1973,0
rep2,2.0724,1974,0
rep2,2.0731,1975,0
rep2,2.074,1976,0
rep2,2.0741,1977,0
rep2,2.0742,1978,0
rep2,2.0745,1979,0
rep2,2.0748,1980,0
rep2,2.0753,1981,0
rep2,2.0754,1982,0
rep2,2.0756,1983,0
rep2,2.0759,1984,0
rep2,2.0766,1985,0
rep2,2.0774,1986,0
rep2,2.078,1987,0
rep2,2.0782,1988,0
rep2,2.0783,1989,0
rep2,2.0796,1990,0
rep2,2.08,1991,0
rep2,2.0802,1992,0
rep2,2.0809,1993,0
rep2,2.0816,1994,0
rep2,2.0819,1995,0
rep2,2.0822,1996,0
rep2,2.0825,1997,0
rep2,2.084,1998,0
rep2,2.0841,1999,0
rep2,2.0843,2000,0
rep2,2.0843,2001,0
rep2,2.085,2002,0
rep2,2.085,2003,0
rep2,2.0855,2004,0
rep2,2.0856,2005,0
rep2,2.0859,2006,0
rep2,2.0861,2007,0
rep2,2.0863,2008,0
rep2,2.0868,2009,0
rep2,2.0868,2010,0
rep2,2.0881,2011,0
rep2,2.0886,2012,0
rep2,2.0889,2013,0
rep2,2.089,2014,0
rep2,2.0895,2015,0
rep2,2.0902,2016,0
rep2,2.0902,2017,0
rep2,2.0907,2018,0
rep2,2.0909,2019,0
rep2,2.0909,2020,0
rep2,2.0912,2021,0
rep2,2.0919,2022,0
rep2,2.0922,2023,0
rep2,2.094,2024,0
rep2,2.094,2025,0
rep2,2.0945,2026,0
rep2,2.095,2027,0
rep2,2.0959,2028,0
rep2,2.0965,2029,0
rep2,2.0987,2030,0
rep2,2.0989,2031,0
rep2,2.099,2032,0
rep2,2.1003,2033,0
rep2,2.1004,2034,0
rep2,2.1008,2035,0
rep2,2.1014,2036,0
rep2,2.1025,2037,0
rep2,2.1025,2038,0
rep2,2.1028,2039,0
rep2,2.1029,2040,0
rep2,2.103,2041,0
rep2,2.1049,2042,0
rep2,2.1059,2043,0
rep2,2.1061,2044,0
rep2,2.1074,2045,0
rep2,2.1077,2046,0
rep2,2.1079,2047,0
rep2,2.108,2048,0
rep2,2.1088,2049,0
rep2,2.1098,2050,0
rep2,2.11,2051,0
rep2,2.1105,2052,0
rep2,2.1106,2053,0
rep2,2.1109,2054,0
rep2,2.111,2055,0
rep2,2.1112,2056,0
rep2,2.1116,2057,0
rep2,2.1118,2058,0
rep2,2.1123,2059,0
rep2,2.1129,2060,0
rep2,2.113,2061,0
rep2,2.113,2062,0
rep2,2.1144,2063,0
rep2,2.1154,2064,0
rep2,2.1158,2065,0
rep2,2.1179,2066,0
rep2,2.1181,2067,0
rep2,2.1184,2068,0
rep2,2.119,2069,0
rep2,2.1207,2070,0
rep2,2.1215,2071,0
rep2,2.1226,2072,0
rep2,2.1228,2073,0
rep2,2.1233,2074,0
rep2,2.1233,2075,0
rep2,2.1237,2076,0
rep2,2.1245,2077,0
rep2,2.1256,2078,0
rep2,2.1263,2079,0
rep2,2.1266,2080,0
rep2,2.127,2081,0
rep2,2.1272,2082,0
rep2,2.1274,2083,0
rep2,2.1289,2084,0
rep2,2.1296,2085,0
rep2,2.1303,2086,0
rep2,2.1307,2087,0
rep2,2.1308,2088,0
rep2,2.1313,2089,0
rep2,2.1321,2090,0
rep2,2.1325,2091,0
rep2,2.1326,2092,0
rep2,2.1332,2093,0
rep2,2.1351,2094,0
rep2,2.1354,2095,0
rep2,2.1367,2096,0
rep2,2.1372,2097,0
rep2,2.1377,2098,0
rep2,2.1381,2099,0
rep2,2.1383,2100,0
rep2,2.1388,2101,0
rep2,2.1397,2102,0
rep2,2.1419,2103,0
rep2,2.1423,2104,0
rep2,2.143,2105,0
rep2,2.1441,2106,0
rep2,2.1442,2107,0
rep2,2.1444,2108,0
rep2,2.1447,2109,0
rep2,2.1456,2110,0
rep2,2.146,2111,0
rep2,2.1463,2112,0
rep2,2.1463,2113,0
rep2,2.1466,2114,0
rep2,2.1474,2115,0
rep2,2.1486,2116,0
rep2,2.1491,2117,0
rep2,2.1496,2118,0
rep2,2.1505,2119,0
rep2,2.1505,2120,0
rep2,2.152,2121,0
rep2,2.1522,2122,0
rep2,2.1524,2123,0
rep2,2.1534,2124,0
rep2,2.155,2125,0
rep2,2.1553,2126,0
rep2,2.1553,2127,0
rep2,2.1558,2128,0
rep2,2.1573,2129,0
rep2,2.1574,2130,0
rep2,2.1576,2131,0
rep2,2.1581,2132,0
rep2,2.1581,2133,0
rep2,2.1585,2134,0
rep2,2.1597,2135,0
rep2,2.16,2136,0
rep2,2.1616,2137,0
rep2,2.1618,2138,0
rep2,2.1619,2139,0
rep2,2.162,2140,0
rep2,2.1625,2141,0
rep2,2.1636,2142,0
rep2,2.1641,2143,0
rep2,2.1647,2144,0
rep2,2.1651,2145,0
rep2,2.1662,2146,0
rep2,2.1664,2147,0
rep2,2.1666,2148,0
rep2,2.1681,2149,0
rep2,2.1682,2150,0
rep2,2.1692,2151,0
rep2,2.1692,2152,0
rep2,2.1694,2153,0
rep2,2.1694,2154,0
rep2,2.1699,2155,0
rep2,2.1711,2156,0
rep2,2.1712,2157,0
rep2,2.1717,2158,0
rep2,2.1724,2159,0
rep2,2.1727,2160,0
rep2,2.1731,2161,0
rep2,2.1739,2162,0
rep2,2.1743,2163,0
rep2,2.175,2164,0
rep2,2.1761,2165,0
rep2,2.1763,2166,0
rep2,2.1772,2167,0
rep2,2.1779,2168,0
rep2,2.1779,2169,0
rep2,2.1793,2170,0
rep2,2.1795,2171,0
rep2,2.1796,2172,0
rep2,2.1804,2173,0
rep2,2.1806,2174,0
rep2,2.181,2175,0
rep2,2.1811,2176,0
rep2,2.1813,2177,0
rep2,2.1829,2178,0
rep2,2.1835,2179,0
rep2,2.1838,2180,0
rep2,2.1838,2181,0
rep2,2.1845,2182,0
rep2,2.1852,2183,0
rep2,2.1854,2184,0
rep2,2.1857,2185,0
rep2,2.1861,2186,0
rep2,2.1863,2187,0
rep2,2.1871,2188,0
rep2,2.1878,2189,0
rep2,2.1882,2190,0
rep2,2.1884,2191,0
rep2,2.1885,2192,0
rep2,2.19,2193,0
rep2,2.1902,2194,0
rep2,2.1903,2195,0
rep2,2.1905,2196,0
rep2,2.1907,2197,0
rep2,2.1908,2198,0
rep2,2.1912,2199,0
rep2,2.1912,2200,0
rep2,2.1913,2201,0
rep2,2.1914,2202,0
rep2,2.1921,2203,0
rep2,2.1925,2204,0
rep2,2.1933,2205,0
rep2,2.1937,2206,0
rep2,2.1938,2207,0
rep2,2.1945,2208,0
rep2,2.195,2209,0
rep2,2.1953,2210,0
rep2,2.1954,2211,0
rep2,2.1973,2212,0
rep2,2.198,2213,0
rep2,2.1984,2214,0
rep2,2.1985,2215,0
rep2,2.199,2216,0
rep2,2.1999,2217,0
rep2,2.1999,2218,0
rep2,2.2003,2219,0
rep2,2.202,2220,0
rep2,2.2024,2221,0
rep2,2.2033,2222,0
rep2,2.2035,2223,0
rep2,2.2035,2224,0
rep2,2.2041,2225,0
rep2,2.2063,2226,0
rep2,2.2063,2227,0
rep2,2.2074,2228,0
rep2,2.2076,2229,0
rep2,2.2078,2230,0
rep2,2.2081,2231,0
rep2,2.2086,2232,0
rep2,2.2087,2233,0
rep2,2.2091,2234,0
rep2,2.2101,2235,0
rep2,2.2111,2236,0
rep2,2.2112,2237,0
rep2,2.2119,2238,0
rep2,2.2122,2239,0
rep2,2.2125,2240,0
rep2,2.2131,2241,0
rep2,2.2139,2242,0
rep2,2.2145,2243,0
rep2,2.2146,2244,0
rep2,2.2149,2245,0
rep2,2.2152,2246,0
rep2,2.2153,2247,0
rep2,2.2154,2248,0
rep2,2.2158,2249,0
rep2,2.2163,2250,0
rep2,2.2166,2251,0
rep2,2.2169,2252,0
rep2,2.2182,2253,0
rep2,2.2182,2254,0
rep2,2.2182,2255,0
rep2,2.2183,2256,0
rep2,2.2186,2257,0
rep2,2.2191,2258,0
rep2,2.2198,2259,0
rep2,2.2204,2260,0
rep2,2.2208,2261,0
rep2,2.221,2262,0
rep2,2.2214,2263,0
rep2,2.2215,2264,0
rep2,2.2218,2265,0
rep2,2.2221,2266,0
rep2,2.2221,2267,0
rep2,2.2226,2268,0
rep2,2.2228,2269,0
rep2,2.2229,2270,0
rep2,2.223,2271,0
rep2,2.2234,2272,0
rep2,2.224,2273,0
rep2,2.2248,2274,0
rep2,2.2248,2275,0
rep2,2.2254,2276,0
rep2,2.2257,2277,0
rep2,2.226,2278,0
rep2,2.2263,2279,0
rep2,2.2268,2280,0
rep2,2.227,2281,0
rep2,2.2278,2282,0
rep2,2.2281,2283,0
rep2,2.2285,2284,0
rep2,2.2293,2285,0
rep2,2.2295,2286,0
rep2,2.2301,2287,0
rep2,2.2306,2288,0
rep2,2.2307,2289,0
rep2,2.2311,2290,0
rep2,2.2312,2291,0
rep2,2.2327,2292,0
rep2,2.2331,2293,0
rep2,2.234,2294,0
rep2,2.2342,2295,0
rep2,2.2345,2296,0
rep2,2.2352,2297,0
rep2,2.2356,2298,0
rep2,2.2356,2299,0
rep2,2.2364,2300,0
rep2,2.2365,2301,0
rep2,2.2375,2302,0
rep2,2.2376,2303,0
rep2,2.2381,2304,0
rep2,2.2389,2305,0
rep2,2.2392,2306,0
rep2,2.2392,2307,0
rep2,2.2392,2308,0
rep2,2.2404,2309,0
rep2,2.2407,2310,0
rep2,2.2414,2311,0
rep2,2.2416,2312,0
rep2,2.2427,2313,0
rep2,2.2429,2314,0
rep2,2.2438,2315,0
rep2,2.244,2316,0
rep2,2.2447,2317,0
rep2,2.2448,2318,0
rep3,1.0565,1,0
rep3,1.0584,2,0
rep3,1.0608,3,0
rep3,1.0615,4,0
rep3,1.068,5,0
rep3,1.0691,6,0
rep3,1.0693,7,0
rep3,1.0698,8,0
rep3,1.074,9,0
rep3,1.0744,10,0
rep3,1.0751,11,0
rep3,1.0765,12,0
rep3,1.0812,13,0
rep3,1.0818,14,0
rep3,1.0832,15,0
rep3,1.0834,16,0
rep3,1.0854,17,0
rep3,1.0855,18,0
rep3,1.086,19,0
rep3,1.0927,20,0
rep3,1.093,21,0
rep3,1.0935,22,0
rep3,1.0936,23,0
rep3,1.0972,24,0
rep3,1.0972,25,0
rep3,1.0975,26,0
rep3,1.0978,27,0
rep3,1.0981,28,0
rep3,1.0986,29,0
rep3,1.0989,30,0
rep3,1.0993,31,0
rep3,1.0996,32,0
rep3,1.1003,33,0
rep3,1.1007,34,0
rep3,1.1008,35,0
rep3,1.1038,36,0
rep3,1.1061,37,0
rep3,1.1072,38,0
rep3,1.108,39,0
rep3,1.1101,40,0
rep3,1.1104,41,0
rep3,1.1106,42,0
rep3,1.1118,43,0
rep3,1.1118,44,0
rep3,1.1118,45,0
rep3,1.1122,46,0
rep3,1.1123,47,0
rep3,1.1125,48,0
rep3,1.1133,49,0
rep3,1.1141,50,0
rep3,1.1142,51,0
rep3,1.1167,52,0
rep3,1.1172,53,0
rep3,1.1181,54,0
rep3,1.1182,55,0
rep3,1.1187,56,0
rep3,1.1191,57,0
rep3,1.1214,58,0
rep3,1.1217,59,0
rep3,1.1219,60,0
rep3,1.1232,61,0
rep3,1.1236,62,0
rep3,1.1246,63,0
rep3,1.1263,64,0
rep3,1.1265,65,0
rep3,1.1275,66,0
rep3,1.1282,67,0
rep3,1.1289,68,0
rep3,1.1292,69,0
rep3,1.1293,70,0
rep3,1.1296,71,0
rep3,1.1304,72,0
rep3,1.1307,73,0
rep3,1.1309,74,0
rep3,1.1313,75,0
rep3,1.1319,76,0
rep3,1.1322,77,0
rep3,1.1336,78,0
rep3,1.1337,79,0
rep3,1.1351,80,0
rep3,1.1355,81,0
rep3,1.1363,82,0
rep3,1.1367,83,0
rep3,1.1368,84,0
rep3,1.137,85,0
rep3,1.1373,86,0
rep3,1.1379,87,0
rep3,1.1381,88,0
rep3,1.1386,89,0
rep3,1.1392,90,0
rep3,1.1403,91,0
rep3,1.1408,92,0
rep3,1.142,93,0
rep3,1.1423,94,0
rep3,1.1424,95,0
rep3,1.143,96,0
rep3,1.1435,97,0
rep3,1.1438,98,0
rep3,1.1441,99,0
rep3,1.1444,100,0
rep3,1.1465,101,0
rep3,1.1465,102,0
rep3,1.1476,103,0
rep3,1.1478,104,0
rep3,1.1478,105,0
rep3,1.1489,106,0
rep3,1.1498,107,0
rep3,1.1501,108,0
rep3,1.1505,109,0
rep3,1.1506,110,0
rep3,1.1514,111,0
rep3,1.1521,112,0
rep3,1.1536,113,0
rep3,1.1546,114,0
rep3,1.1548,115,0
rep3,1.1551,116,0
rep3,1.1557,117,0
rep3,1.1599,118,0
rep3,1.1603,119,0
rep3,1.1614,120,0
rep3,1.1614,121,0
rep3,1.1619,122,0
rep3,1.1627,123,0
rep3,1.1635,124,0
rep3,1.1638,125,0
rep3,1.1639,126,0
rep3,1.1641,127,0
rep3,1.1646,128,0
rep3,1.1647,129,0
rep3,1.1651,130,0
rep3,1.1657,131,0
rep3,1.1661,132,0
rep3,1.1671,133,0
rep3,1.168,134,0
rep3,1.1685,135,0
rep3,1.1694,136,0
rep3,1.1699,137,0
rep3,1.1707,138,0
rep3,1.1707,139,0
rep3,1.1708,140,0
rep3,1.1714,141,0
rep3,1.1721,142,0
rep3,1.1728,143,0
rep3,1.1733,144,0
rep3,1.1738,145,0
rep3,1.1738,146,0
rep3,1.1749,147,0
rep3,1.1751,148,0
rep3,1.1755,149,0
rep3,1.1756,150,0
rep3,1.1761,151,0
rep3,1.1763,152,0
rep3,1.1776,153,0
rep3,1.1781,154,0
rep3,1.1782,155,0
rep3,1.1783,156,0
rep3,1.1785,157,0
rep3,1.1791,158,0
rep3,1.1794,159,0
rep3,1.1795,160,0
rep3,1.1802,161,0
rep3,1.1819,162,0
rep3,1.1827,163,0
rep3,1.1842,164,0
rep3,1.1852,165,0
rep3,1.1853,166,0
rep3,1.1854,167,0
rep3,1.1859,168,0
rep3,1.1865,169,0
rep3,1.1866,170,0
rep3,1.1874,171,0
rep3,1.1874,172,0
rep3,1.188,173,0
rep3,1.1884,174,0
rep3,1.1888,175,0
rep3,1.1893,176,0
rep3,1.1902,177,0
rep3,1.1905,178,0
rep3,1.1915,179,0
rep3,1.1916,180,0
rep3,1.1933,181,0
rep3,1.1935,182,0
rep3,1.1939,183,0
rep3,1.1945,184,0
rep3,1.1948,185,0
rep3,1.1948,186,0
rep3,1.1951,187,0
rep3,1.1953,188,0
rep3,1.1954,189,0
rep3,1.1961,190,0
rep3,1.1965,191,0
rep3,1.1965,192,0
rep3,1.1968,193,0
rep3,1.1972,194,0
rep3,1.1974,195,0
rep3,1.1975,196,0
rep3,1.1978,197,0
rep3,1.198,198,0
rep3,1.1981,199,0
rep3,1.1984,200,0
rep3,1.1985,201,0
rep3,1.1988,202,0
rep3,1.1991,203,0
rep3,1.1993,204,0
rep3,1.1994,205,0
rep3,1.1999,206,0
rep3,1.2001,207,0
rep3,1.2002,208,0
rep3,1.2006,209,0
rep3,1.2006,210,0
rep3,1.2008,211,0
rep3,1.201,212,0
rep3,1.201,213,0
rep3,1.2015,214,0
rep3,1.2025,215,0
rep3,1.2029,216,0
rep3,1.2034,217,0
rep3,1.2036,218,0
rep3,1.2042,219,0
rep3,1.2047,220,0
rep3,1.2056,221,0
rep3,1.2058,222,0
rep3,1.2069,223,0
rep3,1.2073,224,0
rep3,1.2076,225,0
rep3,1.2077,226,0
rep3,1.2079,227,0
rep3,1.208,228,0
rep3,1.2089,229,0
rep3,1.2091,230,0
rep3,1.2094,231,0
rep3,1.2094,232,0
rep3,1.2094,233,0
rep3,1.2101,234,0
rep3,1.2101,235,0
rep3,1.2111,236,0
rep3,1.2118,237,0
rep3,1.2122,238,0
rep3,1.2125,239,0
rep3,1.2131,240,0
rep3,1.2133,241,0
rep3,1.2151,242,0
rep3,1.2154,243,0
rep3,1.2158,244,0
rep3,1.2159,245,0
rep3,1.217,246,0
rep3,1.2171,247,0
rep3,1.2173,248,0
rep3,1.2176,249,0
rep3,1.2181,250,0
rep3,1.2184,251,0
rep3,1.2188,252,0
rep3,1.2191,253,0
rep3,1.2198,254,0
rep3,1.2198,255,0
rep3,1.2213,256,0
rep3,1.222,257,0
rep3,1.2223,258,0
rep3,1.2227,259,0
rep3,1.223,260,0
rep3,1.2236,261,0
rep3,1.2244,262,0
rep3,1.2249,263,0
rep3,1.2256,264,0
rep3,1.2261,265,0
rep3,1.2262,266,0
rep3,1.2269,267,0
rep3,1.2272,268,0
rep3,1.2275,269,0
rep3,1.2275,270,0
rep3,1.2281,271,0
rep3,1.2281,272,0
rep3,1.2285,273,0
rep3,1.2287,274,0
rep3,1.2288,275,0
rep3,1.2292,276,0
rep3,1.2297,277,0
rep3,1.2299,278,0
rep3,1.2304,279,0
rep3,1.2314,280,0
rep3,1.2316,281,0
rep3,1.2318,282,0
rep3,1.2319,283,0
rep3,1.2321,284,0
rep3,1.2325,285,0
rep3,1.2325,286,0
rep3,1.233,287,0
rep3,1.2335,288,0
rep3,1.234,289,0
rep3,1.2341,290,0
rep3,1.2343,291,0
rep3,1.2347,292,0
rep3,1.2355,293,0
rep3,1.2355,294,0
rep3,1.2362,295,0
rep3,1.2362,296,0
rep3,1.2364,297,0
rep3,1.2366,298,0
rep3,1.2367,299,0
rep3,1.2374,300,0
rep3,1.238,301,0
rep3,1.2382,302,0
rep3,1.2384,303,0
rep3,1.239,304,0
rep3,1.2391,305,0
rep3,1.2395,306,0
rep3,1.2401,307,0
rep3,1.2401,308,0
rep3,1.2405,309,0
rep3,1.2406,310,0
rep3,1.2412,311,0
rep3,1.2413,312,0
rep3,1.2416,313,0
rep3,1.2417,314,0
rep3,1.2417,315,0
rep3,1.2425,316,0
rep3,1.2431,317,0
rep3,1.2435,318,0
rep3,1.2446,319,0
rep3,1.2459,320,0
rep3,1.246,321,0
rep3,1.2462,322,0
rep3,1.2465,323,0
rep3,1.2466,324,0
rep3,1.2469,325,0
rep3,1.2476,326,0
rep3,1.2481,327,0
rep3,1.2484,328,0
rep3,1.2488,329,0
rep3,1.2488,330,0
rep3,1.2491,331,0
rep3,1.2495,332,0
rep3,1.2496,333,0
rep3,1.2503,334,0
rep3,1.2506,335,0
rep3,1.2508,336,0
rep3,1.2509,337,0
rep3,1.2518,338,0
rep3,1.252,339,0
rep3,1.2525,340,0
rep3,1.2526,341,0
rep3,1.2529,342,0
rep3,1.253,343,0
rep3,1.2534,344,0
rep3,1.2537,345,0
rep3,1.2537,346,0
rep3,1.2542,347,0
rep3,1.2542,348,0
rep3,1.2544,349,0
rep3,1.2546,350,0
rep3,1.2546,351,0
rep3,1.2569,352,0
rep3,1.2577,353,0
rep3,1.2591,354,0
rep3,1.2602,355,0
rep3,1.2604,356,0
rep3,1.2612,357,0
rep3,1.2614,358,0
rep3,1.2617,359,0
rep3,1.2623,360,0
rep3,1.2623,361,0
rep3,1.2626,362,0
rep3,1.263,363,0
rep3,1.263,364,0
rep3,1.2636,365,0
rep3,1.2638,366,0
rep3,1.2646,367,0
rep3,1.2649,368,0
rep3,1.265,369,0
rep3,1.2655,370,0
rep3,1.2656,371,0
rep3,1.2659,372,0
rep3,1.2664,373,0
rep3,1.267,374,0
rep3,1.2671,375,0
rep3,1.2674,376,0
rep3,1.2675,377,0
rep3,1.2678,378,0
rep3,1.2679,379,0
rep3,1.2679,380,0
rep3,1.2681,381,0
rep3,1.2684,382,0
rep3,1.2688,383,0
rep3,1.2688,384,0
rep3,1.2693,385,0
rep3,1.2699,386,0
rep3,1.27,387,0
rep3,1.2709,388,0
rep3,1.2712,389,0
rep3,1.2714,390,0
rep3,1.2715,391,0
rep3,1.272,392,0
rep3,1.2722,393,0
rep3,1.2723,394,0
rep3,1.2728,395,0
rep3,1.2728,396,0
rep3,1.2729,397,0
rep3,1.2734,398,0
rep3,1.2742,399,0
rep3,1.2744,400,0
rep3,1.2749,401,0
rep3,1.2749,402,0
rep3,1.275,403,0
rep3,1.2759,404,0
rep3,1.2761,405,0
rep3,1.2765,406,0
rep3,1.2768,407,0
rep3,1.2768,408,0
rep3,1.2769,409,0
rep3,1.2773,410,0
rep3,1.2775,411,0
rep3,1.278,412,0
rep3,1.2781,413,0
rep3,1.2782,414,0
rep3,1.2784,415,0
rep3,1.2787,416,0
rep3,1.2788,417,0
rep3,1.2793,418,0
rep3,1.2813,419,0
rep3,1.2814,420,0
rep3,1.2818,421,0
rep3,1.2818,422,0
rep3,1.2822,423,0
rep3,1.2825,424,0
rep3,1.2825,425,0
rep3,1.283,426,0
rep3,1.2831,427,0
rep3,1.2833,428,0
rep3,1.285,429,0
rep3,1.2858,430,0
rep3,1.2862,431,0
rep3,1.2866,432,0
rep3,1.2866,433,0
rep3,1.2869,434,0
rep3,1.2876,435,0
rep3,1.2879,436,0
rep3,1.2881,437,0
rep3,1.2883,438,0
rep3,1.2887,439,0
rep3,1.2889,440,0
rep3,1.2889,441,0
rep3,1.2899,442,0
rep3,1.2907,443,0
rep3,1.2914,444,0
rep3,1.2937,445,0
rep3,1.294,446,0
rep3,1.2951,447,0
rep3,1.2951,448,0
rep3,1.2953,449,0
rep3,1.2955,450,0
rep3,1.2958,451,0
rep3,1.2964,452,0
rep3,1.2966,453,0
rep3,1.2991,454,0
rep3,1.2995,455,0
rep3,1.2999,456,0
rep3,1.3008,457,0
rep3,1.3019,458,0
rep3,1.3027,459,0
rep3,1.3031,460,0
rep3,1.3043,461,0
rep3,1.3044,462,0
rep3,1.3046,463,0
rep3,1.3056,464,0
rep3,1.3056,465,0
rep3,1.3057,466,0
rep3,1.3066,467,0
rep3,1.3066,468,0
rep3,1.3066,469,0
rep3,1.3067,470,0
rep3,1.3086,471,0
rep3,1.3087,472,0
rep3,1.3087,473,0
rep3,1.3091,474,0
rep3,1.3096,475,0
rep3,1.3103,476,0
rep3,1.3106,477,0
rep3,1.3107,478,0
rep3,1.3118,479,0
rep3,1.3123,480,0
rep3,1.3124,481,0
rep3,1.3132,482,0
rep3,1.3132,483,0
rep3,1.3133,484,0
rep3,1.3135,485,0
rep3,1.3148,486,0
rep3,1.3149,487,0
rep3,1.3151,488,0
rep3,1.3167,489,0
rep3,1.3172,490,0
rep3,1.3177,491,0
rep3,1.3178,492,0
rep3,1.3179,493,0
rep3,1.318,494,0
rep3,1.3185,495,0
rep3,1.3185,496,0
rep3,1.3192,497,0
rep3,1.3197,498,0
rep3,1.32,499,0
rep3,1.3204,500,0
rep3,1.3207,501,0
rep3,1.3208,502,0
rep3,1.3221,503,0
rep3,1.3223,504,0
rep3,1.3225,505,0
rep3,1.3231,506,0
rep3,1.3234,507,0
rep3,1.3235,508,0
rep3,1.3241,509,0
rep3,1.3243,510,0
rep3,1.3248,511,0
rep3,1.325,512,0
rep3,1.3254,513,0
rep3,1.3257,514,0
rep3,1.3261,515,0
rep3,1.3261,516,0
rep3,1.3261,517,0
rep3,1.3263,518,0
rep3,1.3269,519,0
rep3,1.3279,520,0
rep3,1.3282,521,0
rep3,1.3285,522,0
rep3,1.3287,523,0
rep3,1.3292,524,0
rep3,1.3294,525,0
rep3,1.3295,526,0
rep3,1.3305,527,0
rep3,1.3308,528,0
rep3,1.3312,529,0
rep3,1.3321,530,0
rep3,1.3323,531,0
rep3,1.3325,532,0
rep3,1.3328,533,0
rep3,1.333,534,0
rep3,1.3334,535,0
rep3,1.3335,536,0
rep3,1.3344,537,0
rep3,1.3356,538,0
rep3,1.3357,539,0
rep3,1.3358,540,0
rep3,1.3365,541,0
rep3,1.3367,542,0
rep3,1.337,543,0
rep3,1.337,544,0
rep3,1.337,545,0
rep3,1.3378,546,0
rep3,1.3378,547,0
rep3,1.338,548,0
rep3,1.3383,549,0
rep3,1.3388,550,0
rep3,1.339,551,0
rep3,1.3396,552,0
rep3,1.3397,553,0
rep3,1.3402,554,0
rep3,1.3406,555,0
rep3,1.3413,556,0
rep3,1.3416,557,0
rep3,1.3422,558,0
rep3,1.3424,559,0
rep3,1.3426,560,0
rep3,1.3431,561,0
rep3,1.3434,562,0
rep3,1.3434,563,0
rep3,1.3436,564,0
rep3,1.3438,565,0
rep3,1.3441,566,0
rep3,1.3444,567,0
rep3,1.3446,568,0
rep3,1.3451,569,0
rep3,1.3451,570,0
rep3,1.3457,571,0
rep3,1.346,572,0
rep3,1.3463,573,0
rep3,1.3466,574,0
rep3,1.3466,575,0
rep3,1.3469,576,0
rep3,1.347,577,0
rep3,1.348,578,0
rep3,1.3483,579,0
rep3,1.3498,580,0
rep3,1.3505,581,0
rep3,1.351,582,0
rep3,1.3515,583,0
rep3,1.3516,584,0
rep3,1.3516,585,0
rep3,1.3518,586,0
rep3,1.3521,587,0
rep3,1.3522,588,0
rep3,1.3526,589,0
rep3,1.3527,590,0
rep3,1.3528,591,0
rep3,1.3529,592,0
rep3,1.3532,593,0
rep3,1.3544,594,0
rep3,1.3555,595,0
rep3,1.3557,596,0
rep3,1.3557,597,0
rep3,1.3567,598,0
rep3,1.357,599,0
rep3,1.3571,600,0
rep3,1.3575,601,0
rep3,1.3575,602,0
rep3,1.3578,603,0
rep3,1.3581,604,0
rep3,1.3581,605,0
rep3,1.3584,606,0
rep3,1.3586,607,0
rep3,1.3587,608,0
rep3,1.3591,609,0
rep3,1.3593,610,0
rep3,1.3594,611,0
rep3,1.3597,612,0
rep3,1.3602,613,0
rep3,1.3604,614,0
rep3,1.3606,615,0
rep3,1.3611,616,0
rep3,1.3615,617,0
rep3,1.3621,618,0
rep3,1.3621,619,0
rep3,1.3628,620,0
rep3,1.3629,621,0
rep3,1.3635,622,0
rep3,1.3646,623,0
rep3,1.3647,624,0
rep3,1.3657,625,0
rep3,1.3659,626,0
rep3,1.3659,627,0
rep3,1.3668,628,0
rep3,1.3669,629,0
rep3,1.3673,630,0
rep3,1.3673,631,0
rep3,1.3674,632,0
rep3,1.3681,633,0
rep3,1.3682,634,0
rep3,1.3688,635,0
rep3,1.3688,636,0
rep3,1.3696,637,0
rep3,1.3703,638,0
rep3,1.3705,639,0
rep3,1.3708,640,0
rep3,1.3712,641,0
rep3,1.3714,642,0
rep3,1.3722,643,0
rep3,1.3725,644,0
rep3,1.373,645,0
rep3,1.3732,646,0
rep3,1.3732,647,0
rep3,1.3738,648,0
rep3,1.3739,649,0
rep3,1.374,650,0
rep3,1.3744,651,0
rep3,1.3747,652,0
rep3,1.3754,653,0
rep3,1.3756,654,0
rep3,1.3763,655,0
rep3,1.3766,656,0
rep3,1.3767,657,0
rep3,1.3771,658,0
rep3,1.3771,659,0
rep3,1.3774,660,0
rep3,1.3784,661,0
rep3,1.3785,662,0
rep3,1.3785,663,0
rep3,1.3786,664,0
rep3,1.3789,665,0
rep3,1.3793,666,0
rep3,1.38,667,0
rep3,1.38,668,0
rep3,1.3805,669,0
rep3,1.3811,670,0
rep3,1.3816,671,0
rep3,1.3821,672,0
rep3,1.3822,673,0
rep3,1.3822,674,0
rep3,1.3826,675,0
rep3,1.3827,676,0
rep3,1.3829,677,0
rep3,1.3838,678,0
rep3,1.3838,679,0
rep3,1.3841,680,0
rep3,1.3842,681,0
rep3,1.3847,682,0
rep3,1.3848,683,0
rep3,1.3851,684,0
rep3,1.3853,685,0
rep3,1.3854,686,0
rep3,1.3859,687,0
rep3,1.3867,688,0
rep3,1.3871,689,0
rep3,1.3873,690,0
rep3,1.3873,691,0
rep3,1.3874,692,0
rep3,1.3878,693,0
rep3,1.3882,694,0
rep3,1.389,695,0
rep3,1.3891,696,0
rep3,1.3902,697,0
rep3,1.391,698,0
rep3,1.3916,699,0
rep3,1.3917,700,0
rep3,1.3926,701,0
rep3,1.3936,702,0
rep3,1.3939,703,0
rep3,1.3946,704,0
rep3,1.3952,705,0
rep3,1.396,706,0
rep3,1.3963,707,0
rep3,1.3964,708,0
rep3,1.3969,709,0
rep3,1.3977,710,0
rep3,1.399,711,0
rep3,1.399,712,0
rep3,1.401,713,0
rep3,1.4012,714,0
rep3,1.4015,715,0
rep3,1.4021,716,0
rep3,1.4044,717,0
rep3,1.4044,718,0
rep3,1.4052,719,0
rep3,1.4057,720,0
rep3,1.4058,721,0
rep3,1.4063,722,0
rep3,1.4064,723,0
rep3,1.4065,724,0
rep3,1.407,725,0
rep3,1.4073,726,0
rep3,1.4076,727,0
rep3,1.4078,728,0
rep3,1.4078,729,0
rep3,1.4083,730,0
rep3,1.4085,731,0
rep3,1.4087,732,0
rep3,1.4096,733,0
rep3,1.4101,734,0
rep3,1.4105,735,0
rep3,1.4113,736,0
rep3,1.4115,737,0
rep3,1.4121,738,0
rep3,1.4123,739,0
rep3,1.4127,740,0
rep3,1.413,741,0
rep3,1.4131,742,0
rep3,1.4136,743,0
rep3,1.4151,744,0
rep3,1.4155,745,0
rep3,1.4156,746,0
rep3,1.4159,747,0
rep3,1.4164,748,0
rep3,1.4165,749,0
rep3,1.417,750,0
rep3,1.4176,751,0
rep3,1.4181,752,0
rep3,1.4187,753,0
rep3,1.4188,754,0
rep3,1.4189,755,0
rep3,1.4193,756,0
rep3,1.42,757,0
rep3,1.4202,758,0
rep3,1.4205,759,0
rep3,1.4211,760,0
rep3,1.4213,761,0
rep3,1.4219,762,0
rep3,1.4221,763,0
rep3,1.4221,764,0
rep3,1.4222,765,0
rep3,1.4226,766,0
rep3,1.4228,767,0
rep3,1.4245,768,0
rep3,1.4247,769,0
rep3,1.4255,770,0
rep3,1.4256,771,0
rep3,1.4268,772,0
rep3,1.4269,773,0
rep3,1.4272,774,0
rep3,1.4275,775,0
rep3,1.4287,776,0
rep3,1.4292,777,0
rep3,1.4292,778,0
rep3,1.4293,779,0
rep3,1.4296,780,0
rep3,1.4296,781,0
rep3,1.4299,782,0
rep3,1.4302,783,0
rep3,1.4304,784,0
rep3,1.4307,785,0
rep3,1.4309,786,0
rep3,1.4314,787,0
rep3,1.4319,788,0
rep3,1.4324,789,0
rep3,1.4327,790,0
rep3,1.4329,791,0
rep3,1.4333,792,0
rep3,1.4335,793,0
rep3,1.4336,794,0
rep3,1.4339,795,0
rep3,1.4347,796,0
rep3,1.4353,797,0
rep3,1.4355,798,0
rep3,1.4356,799,0
rep3,1.4357,800,0
rep3,1.436,801,0
rep3,1.4366,802,0
rep3,1.4374,803,0
rep3,1.4378,804,0
rep3,1.4382,805,0
rep3,1.4387,806,0
rep3,1.4391,807,0
rep3,1.4394,808,0
rep3,1.4396,809,0
rep3,1.4408,810,0
rep3,1.441,811,0
rep3,1.4413,812,0
rep3,1.4416,813,0
rep3,1.4418,814,0
rep3,1.4419,815,0
rep3,1.4432,816,0
rep3,1.4447,817,0
rep3,1.4452,818,0
rep3,1.4454,819,0
rep3,1.4459,820,0
rep3,1.4465,821,0
rep3,1.4466,822,0
rep3,1.4469,823,0
rep3,1.447,824,0
rep3,1.4479,825,0
rep3,1.4481,826,0
rep3,1.4487,827,0
rep3,1.4487,828,0
rep3,1.4491,829,0
rep3,1.4498,830,0
rep3,1.4502,831,0
rep3,1.4511,832,0
rep3,1.4517,833,0
rep3,1.4517,834,0
rep3,1.452,835,0
rep3,1.4522,836,0
rep3,1.4527,837,0
rep3,1.4528,838,0
rep3,1.4531,839,0
rep3,1.4533,840,0
rep3,1.4533,841,0
rep3,1.4536,842,0
rep3,1.4538,843,0
rep3,1.4546,844,0
rep3,1.4558,845,0
rep3,1.4561,846,0
rep3,1.4571,847,0
rep3,1.4577,848,0
rep3,1.458,849,0
rep3,1.4587,850,0
rep3,1.4587,851,0
rep3,1.4592,852,0
rep3,1.4596,853,0
rep3,1.4601,854,0
rep3,1.4602,855,0
rep3,1.4614,856,0
rep3,1.4616,857,0
rep3,1.4616,858,0
rep3,1.4616,859,0
rep3,1.4616,860,0
rep3,1.4635,861,0
rep3,1.4635,862,0
rep3,1.4636,863,0
rep3,1.4641,864,0
rep3,1.4641,865,0
rep3,1.4646,866,0
rep3,1.4648,867,0
rep3,1.466,868,0
rep3,1.4662,869,0
rep3,1.4668,870,0
rep3,1.4675,871,0
rep3,1.4676,872,0
rep3,1.468,873,0
rep3,1.4681,874,0
rep3,1.4694,875,0
rep3,1.4696,876,0
rep3,1.4697,877,0
rep3,1.4698,878,0
rep3,1.4702,879,0
rep3,1.4704,880,0
rep3,1.4708,881,0
rep3,1.4708,882,0
rep3,1.4713,883,0
rep3,1.4713,884,0
rep3,1.4719,885,0
rep3,1.4722,886,0
rep3,1.4732,887,0
rep3,1.4748,888,0
rep3,1.4749,889,0
rep3,1.4751,890,0
rep3,1.4757,891,0
rep3,1.4767,892,0
rep3,1.4771,893,0
rep3,1.4772,894,0
rep3,1.4773,895,0
rep3,1.4782,896,0
rep3,1.4786,897,0
rep3,1.4788,898,0
rep3,1.4788,899,0
rep3,1.4798,900,0
rep3,1.4799,901,0
rep3,1.4805,902,0
rep3,1.4805,903,0
rep3,1.4813,904,0
rep3,1.4817,905,0
rep3,1.4828,906,0
rep3,1.483,907,0
rep3,1.4833,908,0
rep3,1.4839,909,0
rep3,1.4844,910,0
rep3,1.4849,911,0
rep3,1.4854,912,0
rep3,1.4861,913,0
rep3,1.4864,914,0
rep3,1.4867,915,0
rep3,1.4867,916,0
rep3,1.4876,917,0
rep3,1.488,918,0
rep3,1.4884,919,0
rep3,1.4887,920,0
rep3,1.489,921,0
rep3,1.4891,922,0
rep3,1.4909,923,0
rep3,1.4909,924,0
rep3,1.4912,925,0
rep3,1.4922,926,0
rep3,1.4922,927,0
rep3,1.4923,928,0
rep3,1.4924,929,0
rep3,1.4928,930,0
rep3,1.493,931,0
rep3,1.4934,932,0
rep3,1.4935,933,0
rep3,1.494,934,0
rep3,1.4944,935,0
rep3,1.4945,936,0
rep3,1.4951,937,0
rep3,1.4956,938,0
rep3,1.4957,939,0
rep3,1.4957,940,0
rep3,1.4958,941,0
rep3,1.496,942,0
rep3,1.4961,943,0
rep3,1.4961,944,0
rep3,1.4963,945,0
rep3,1.4971,946,0
rep3,1.4972,947,0
rep3,1.4976,948,0
rep3,1.4978,949,0
rep3,1.498,950,0
rep3,1.4992,951,0
rep3,1.4998,952,0
rep3,1.5009,953,0
rep3,1.5009,954,0
rep3,1.5011,955,0
rep3,1.5016,956,0
rep3,1.5021,957,0
rep3,1.5021,958,0
rep3,1.5025,959,0
rep3,1.5025,960,0
rep3,1.5036,961,0
rep3,1.5048,962,0
rep3,1.5049,963,0
rep3,1.5053,964,0
rep3,1.5053,965,0
rep3,1.5059,966,0
rep3,1.5059,967,0
rep3,1.5064,968,0
rep3,1.5068,969,0
rep3,1.508,970,0
rep3,1.5083,971,0
rep3,1.5084,972,0
rep3,1.5086,973,0
rep3,1.5089,974,0
rep3,1.5092,975,0
rep3,1.5099,976,0
rep3,1.5099,977,0
rep3,1.51,978,0
rep3,1.5105,979,0
rep3,1.5105,980,0
rep3,1.5109,981,0
rep3,1.5114,982,0
rep3,1.5115,983,0
rep3,1.5119,984,0
rep3,1.5122,985,0
rep3,1.513,986,0
rep3,1.5133,987,0
rep3,1.5138,988,0
rep3,1.5141,989,0
rep3,1.5145,990,0
rep3,1.5148,991,0
rep3,1.5152,992,0
rep3,1.5152,993,0
rep3,1.5154,994,0
rep3,1.516,995,0
rep3,1.5168,996,0
rep3,1.5171,997,0
rep3,1.5179,998,0
rep3,1.5182,999,0
rep3,1.5188,1000,0
rep3,1.5196,1001,0
rep3,1.5204,1002,0
rep3,1.5205,1003,0
rep3,1.5206,1004,0
rep3,1.521,1005,0
rep3,1.5211,1006,0
rep3,1.5215,1007,0
rep3,1.5215,1008,0
rep3,1.5219,1009,0
rep3,1.5221,1010,0
rep3,1.523,1011,0
rep3,1.5235,1012,0
rep3,1.5236,1013,0
rep3,1.524,1014,0
rep3,1.525,1015,0
rep3,1.5258,1016,0
rep3,1.5259,1017,0
rep3,1.5263,1018,0
rep3,1.5264,1019,0
rep3,1.5271,1020,0
rep3,1.5273,1021,0
rep3,1.5275,1022,0
rep3,1.5278,1023,0
rep3,1.5283,1024,0
rep3,1.5285,1025,0
rep3,1.5286,1026,0
rep3,1.5296,1027,0
rep3,1.5297,1028,0
rep3,1.5305,1029,0
rep3,1.5308,1030,0
rep3,1.5317,1031,0
rep3,1.5319,1032,0
rep3,1.5323,1033,0
rep3,1.5329,1034,0
rep3,1.5336,1035,0
rep3,1.534,1036,0
rep3,1.5341,1037,0
rep3,1.5354,1038,0
rep3,1.536,1039,0
rep3,1.5363,1040,0
rep3,1.5377,1041,0
rep3,1.5384,1042,0
rep3,1.5384,1043,0
rep3,1.5392,1044,0
rep3,1.5412,1045,0
rep3,1.542,1046,0
rep3,1.5423,1047,0
rep3,1.5428,1048,0
rep3,1.543,1049,0
rep3,1.5441,1050,0
rep3,1.5445,1051,0
rep3,1.5445,1052,0
rep3,1.5445,1053,0
rep3,1.5452,1054,0
rep3,1.5455,1055,0
rep3,1.5456,1056,0
rep3,1.5461,1057,0
rep3,1.5469,1058,0
rep3,1.5474,1059,0
rep3,1.5477,1060,0
rep3,1.5481,1061,0
rep3,1.5483,1062,0
rep3,1.5496,1063,0
rep3,1.5505,1064,0
rep3,1.5512,1065,0
rep3,1.5524,1066,0
rep3,1.5525,1067,0
rep3,1.5526,1068,0
rep3,1.5529,1069,0
rep3,1.5548,1070,0
rep3,1.5554,1071,0
rep3,1.5556,1072,0
rep3,1.5558,1073,0
rep3,1.5563,1074,0
rep3,1.5564,1075,0
rep3,1.5574,1076,0
rep3,1.5576,1077,0
rep3,1.5576,1078,0
rep3,1.5584,1079,0
rep3,1.5587,1080,0
rep3,1.5598,1081,0
rep3,1.5606,1082,0
rep3,1.5606,1083,0
rep3,1.5612,1084,0
rep3,1.5613,1085,0
rep3,1.5614,1086,0
rep3,1.562,1087,0
rep3,1.5621,1088,0
rep3,1.5626,1089,0
rep3,1.5639,1090,0
rep3,1.5641,1091,0
rep3,1.5644,1092,0
rep3,1.5651,1093,0
rep3,1.5657,1094,0
rep3,1.5659,1095,0
rep3,1.5665,1096,0
rep3,1.5666,1097,0
rep3,1.5669,1098,0
rep3,1.5675,1099,0
rep3,1.5678,1100,0
rep3,1.5683,1101,0
rep3,1.5683,1102,0
rep3,1.5685,1103,0
rep3,1.5694,1104,0
rep3,1.5696,1105,0
rep3,1.5702,1106,0
rep3,1.5703,1107,0
rep3,1.5704,1108,0
rep3,1.5713,1109,0
rep3,1.5715,1110,0
rep3,1.572,1111,0
rep3,1.5744,1112,0
rep3,1.5749,1113,0
rep3,1.5768,1114,0
rep3,1.5776,1115,0
rep3,1.5784,1116,0
rep3,1.5786,1117,0
rep3,1.5788,1118,0
rep3,1.5802,1119,0
rep3,1.5805,1120,0
rep3,1.5811,1121,0
rep3,1.582,1122,0
rep3,1.5822,1123,0
rep3,1.5825,1124,0
rep3,1.585,1125,0
rep3,1.5854,1126,0
rep3,1.586,1127,0
rep3,1.5863,1128,0
rep3,1.5863,1129,0
rep3,1.5871,1130,0
rep3,1.5871,1131,0
rep3,1.5874,1132,0
rep3,1.5877,1133,0
rep3,1.5879,1134,0
rep3,1.5899,1135,0
rep3,1.59,1136,0
rep3,1.5902,1137,0
rep3,1.5906,1138,0
rep3,1.5921,1139,0
rep3,1.593,1140,0
rep3,1.5934,1141,0
rep3,1.5944,1142,0
rep3,1.5947,1143,0
rep3,1.5954,1144,0
rep3,1.5958,1145,0
rep3,1.5966,1146,0
rep3,1.5969,1147,0
rep3,1.5973,1148,0
rep3,1.5985,1149,0
rep3,1.599,1150,0
rep3,1.5995,1151,0
rep3,1.6003,1152,0
rep3,1.6008,1153,0
rep3,1.6015,1154,0
rep3,1.6016,1155,0
rep3,1.602,1156,0
rep3,1.6026,1157,0
rep3,1.6028,1158,0
rep3,1.6031,1159,0
rep3,1.6041,1160,0
rep3,1.6044,1161,0
rep3,1.605,1162,0
rep3,1.6054,1163,0
rep3,1.6057,1164,0
rep3,1.6059,1165,0
rep3,1.6065,1166,0
rep3,1.608,1167,0
rep3,1.6089,1168,0
rep3,1.6096,1169,0
rep3,1.6111,1170,0
rep3,1.6113,1171,0
rep3,1.6113,1172,0
rep3,1.6116,1173,0
rep3,1.6123,1174,0
rep3,1.613,1175,0
rep3,1.6138,1176,0
rep3,1.6147,1177,0
rep3,1.615,1178,0
rep3,1.6152,1179,0
rep3,1.6157,1180,0
rep3,1.6166,1181,0
rep3,1.6173,1182,0
rep3,1.6174,1183,0
rep3,1.6176,1184,0
rep3,1.6178,1185,0
rep3,1.6191,1186,0
rep3,1.6192,1187,0
rep3,1.6195,1188,0
rep3,1.6203,1189,0
rep3,1.6204,1190,0
rep3,1.6208,1191,0
rep3,1.622,1192,0
rep3,1.6222,1193,0
rep3,1.6232,1194,0
rep3,1.6247,1195,0
rep3,1.6248,1196,0
rep3,1.6255,1197,0
rep3,1.6255,1198,0
rep3,1.626,1199,0
rep3,1.626,1200,0
rep3,1.6273,1201,0
rep3,1.6301,1202,0
rep3,1.6315,1203,0
rep3,1.6323,1204,0
rep3,1.6331,1205,0
rep3,1.6333,1206,0
rep3,1.6341,1207,0
rep3,1.6355,1208,0
rep3,1.6355,1209,0
rep3,1.6362,1210,0
rep3,1.6369,1211,0
rep3,1.6374,1212,0
rep3,1.6398,1213,0
rep3,1.6399,1214,0
rep3,1.6401,1215,0
rep3,1.6409,1216,0
rep3,1.641,1217,0
rep3,1.6411,1218,0
rep3,1.6412,1219,0
rep3,1.6416,1220,0
rep3,1.6416,1221,0
rep3,1.642,1222,0
rep3,1.6423,1223,0
rep3,1.6436,1224,0
rep3,1.6443,1225,0
rep3,1.6445,1226,0
rep3,1.6452,1227,0
rep3,1.6457,1228,0
rep3,1.647,1229,0
rep3,1.647,1230,0
rep3,1.6471,1231,0
rep3,1.6502,1232,0
rep3,1.6516,1233,0
rep3,1.6522,1234,0
rep3,1.653,1235,0
rep3,1.6533,1236,0
rep3,1.6542,1237,0
rep3,1.6549,1238,0
rep3,1.6551,1239,0
rep3,1.6553,1240,0
rep3,1.6558,1241,0
rep3,1.6572,1242,0
rep3,1.6577,1243,0
rep3,1.6593,1244,0
rep3,1.6593,1245,0
rep3,1.6595,1246,0
rep3,1.6601,1247,0
rep3,1.6604,1248,0
rep3,1.6608,1249,0
rep3,1.6608,1250,0
rep3,1.6615,1251,0
rep3,1.6619,1252,0
rep3,1.6627,1253,0
rep3,1.6633,1254,0
rep3,1.6637,1255,0
rep3,1.6638,1256,0
rep3,1.6651,1257,0
rep3,1.6671,1258,0
rep3,1.6671,1259,0
rep3,1.6679,1260,0
rep3,1.6685,1261,0
rep3,1.6687,1262,0
rep3,1.6691,1263,0
rep3,1.6699,1264,0
rep3,1.6699,1265,0
rep3,1.6708,1266,0
rep3,1.6729,1267,0
rep3,1.673,1268,0
rep3,1.6739,1269,0
rep3,1.6741,1270,0
rep3,1.675,1271,0
rep3,1.675,1272,0
rep3,1.6753,1273,0
rep3,1.6756,1274,0
rep3,1.6765,1275,0
rep3,1.6767,1276,0
rep3,1.6773,1277,0
rep3,1.6776,1278,0
rep3,1.6782,1279,0
rep3,1.6796,1280,0
rep3,1.6798,1281,0
rep3,1.6799,1282,0
rep3,1.6799,1283,0
rep3,1.6811,1284,0
rep3,1.6814,1285,0
rep3,1.6815,1286,0
rep3,1.6816,1287,0
rep3,1.6822,1288,0
rep3,1.6824,1289,0
rep3,1.6831,1290,0
rep3,1.6834,1291,0
rep3,1.6836,1292,0
rep3,1.6837,1293,0
rep3,1.6839,1294,0
rep3,1.6843,1295,0
rep3,1.6853,1296,0
rep3,1.6856,1297,0
rep3,1.6856,1298,0
rep3,1.6879,1299,0
rep3,1.6881,1300,0
rep3,1.6883,1301,0
rep3,1.6888,1302,0
rep3,1.69,1303,0
rep3,1.6908,1304,0
rep3,1.6915,1305,0
rep3,1.692,1306,0
rep3,1.6926,1307,0
rep3,1.6931,1308,0
rep3,1.6932,1309,0
rep3,1.6938,1310,0
rep3,1.6939,1311,0
rep3,1.6944,1312,0
rep3,1.6953,1313,0
rep3,1.6956,1314,0
rep3,1.6964,1315,0
rep3,1.6971,1316,0
rep3,1.6975,1317,0
rep3,1.6982,1318,0
rep3,1.6989,1319,0
rep3,1.699,1320,0
rep3,1.6992,1321,0
rep3,1.6994,1322,0
rep3,1.7003,1323,0
rep3,1.7007,1324,0
rep3,1.7015,1325,0
rep3,1.7019,1326,0
rep3,1.7019,1327,0
rep3,1.7021,1328,0
rep3,1.7029,1329,0
rep3,1.7059,1330,0
rep3,1.7059,1331,0
rep3,1.7068,1332,0
rep3,1.7069,1333,0
rep3,1.7075,1334,0
rep3,1.7075,1335,0
rep3,1.7078,1336,0
rep3,1.7087,1337,0
rep3,1.7108,1338,0
rep3,1.7109,1339,0
rep3,1.7126,1340,0
rep3,1.7127,1341,0
rep3,1.713,1342,0
rep3,1.7137,1343,0
rep3,1.7142,1344,0
rep3,1.7145,1345,0
rep3,1.7147,1346,0
rep3,1.7148,1347,0
rep3,1.7157,1348,0
rep3,1.7161,1349,0
rep3,1.7162,1350,0
rep3,1.7167,1351,0
rep3,1.7169,1352,0
rep3,1.7174,1353,0
rep3,1.7175,1354,0
rep3,1.7181,1355,0
rep3,1.7183,1356,0
rep3,1.7189,1357,0
rep3,1.7195,1358,0
rep3,1.7196,1359,0
rep3,1.7198,1360,0
rep3,1.7199,1361,0
rep3,1.7204,1362,0
rep3,1.7221,1363,0
rep3,1.7222,1364,0
rep3,1.7228,1365,0
rep3,1.7232,1366,0
rep3,1.7235,1367,0
rep3,1.7242,1368,0
rep3,1.7248,1369,0
rep3,1.7253,1370,0
rep3,1.7258,1371,0
rep3,1.7264,1372,0
rep3,1.7267,1373,0
rep3,1.7274,1374,0
rep3,1.7275,1375,0
rep3,1.7278,1376,0
rep3,1.7288,1377,0
rep3,1.7294,1378,0
rep3,1.731,1379,0
rep3,1.7314,1380,0
rep3,1.7318,1381,0
rep3,1.7319,1382,0
rep3,1.7329,1383,0
rep3,1.7331,1384,0
rep3,1.7353,1385,0
rep3,1.7356,1386,0
rep3,1.7368,1387,0
rep3,1.7371,1388,0
rep3,1.7372,1389,0
rep3,1.7373,1390,0
rep3,1.7377,1391,0
rep3,1.7379,1392,0
rep3,1.739,1393,0
rep3,1.7396,1394,0
rep3,1.7399,1395,0
rep3,1.7408,1396,0
rep3,1.7411,1397,0
rep3,1.7418,1398,0
rep3,1.7433,1399,0
rep3,1.7447,1400,0
rep3,1.7464,1401,0
rep3,1.7468,1402,0
rep3,1.7469,1403,0
rep3,1.7472,1404,0
rep3,1.7473,1405,0
rep3,1.7481,1406,0
rep3,1.7488,1407,0
rep3,1.749,1408,0
rep3,1.7492,1409,0
rep3,1.7494,1410,0
rep3,1.7502,1411,0
rep3,1.7504,1412,0
rep3,1.7508,1413,0
rep3,1.7511,1414,0
rep3,1.7518,1415,0
rep3,1.752,1416,0
rep3,1.7525,1417,0
rep3,1.7527,1418,0
rep3,1.7542,1419,0
rep3,1.7552,1420,0
rep3,1.7553,1421,0
rep3,1.7557,1422,0
rep3,1.7559,1423,0
rep3,1.756,1424,0
rep3,1.7562,1425,0
rep3,1.7568,1426,0
rep3,1.7576,1427,0
rep3,1.7584,1428,0
rep3,1.7587,1429,0
rep3,1.7592,1430,0
rep3,1.76,1431,0
rep3,1.7603,1432,0
rep3,1.7612,1433,0
rep3,1.7622,1434,0
rep3,1.7623,1435,0
rep3,1.7633,1436,0
rep3,1.7634,1437,0
rep3,1.7637,1438,0
rep3,1.7649,1439,0
rep3,1.7653,1440,0
rep3,1.7659,1441,0
rep3,1.766,1442,0
rep3,1.7687,1443,0
rep3,1.7687,1444,0
rep3,1.769,1445,0
rep3,1.769,1446,0
rep3,1.7695,1447,0
rep3,1.7699,1448,0
rep3,1.7702,1449,0
rep3,1.7702,1450,0
rep3,1.7706,1451,0
rep3,1.771,1452,0
rep3,1.7718,1453,0
rep3,1.7728,1454,0
rep3,1.7728,1455,0
rep3,1.7729,1456,0
rep3,1.7755,1457,0
rep3,1.7758,1458,0
rep3,1.7774,1459,0
rep3,1.7778,1460,0
rep3,1.7788,1461,0
rep3,1.779,1462,0
rep3,1.779,1463,0
rep3,1.78,1464,0
rep3,1.7801,1465,0
rep3,1.7804,1466,0
rep3,1.7807,1467,0
rep3,1.7818,1468,0
rep3,1.7822,1469,0
rep3,1.7831,1470,0
rep3,1.7844,1471,0
rep3,1.7845,1472,0
rep3,1.7846,1473,0
rep3,1.7851,1474,0
rep3,1.7856,1475,0
rep3,1.7859,1476,0
rep3,1.7859,1477,0
rep3,1.7862,1478,0
rep3,1.7871,1479,0
rep3,1.7873,1480,0
rep3,1.7886,1481,0
rep3,1.7887,1482,0
rep3,1.7898,1483,0
rep3,1.7902,1484,0
rep3,1.7906,1485,0
rep3,1.7911,1486,0
rep3,1.7912,1487,0
rep3,1.7913,1488,0
rep3,1.7916,1489,0
rep3,1.792,1490,0
rep3,1.7925,1491,0
rep3,1.7925,1492,0
rep3,1.7925,1493,0
rep3,1.7929,1494,0
rep3,1.7933,1495,0
rep3,1.7936,1496,0
rep3,1.7938,1497,0
rep3,1.7945,1498,0
rep3,1.795,1499,0
rep3,1.7955,1500,0
rep3,1.7957,1501,0
rep3,1.7965,1502,0
rep3,1.797,1503,0
rep3,1.7978,1504,0
rep3,1.7979,1505,0
rep3,1.7984,1506,0
rep3,1.7995,1507,0
rep3,1.7997,1508,0
rep3,1.8006,1509,0
rep3,1.8014,1510,0
rep3,1.8016,1511,0
rep3,1.8025,1512,0
rep3,1.8026,1513,0
rep3,1.8028,1514,0
rep3,1.8038,1515,0
rep3,1.8042,1516,0
rep3,1.8044,1517,0
rep3,1.8055,1518,0
rep3,1.8065,1519,0
rep3,1.8069,1520,0
rep3,1.8074,1521,0
rep3,1.8082,1522,0
rep3,1.8083,1523,0
rep3,1.809,1524,0
rep3,1.8091,1525,0
rep3,1.8095,1526,0
rep3,1.8098,1527,0
rep3,1.8105,1528,0
rep3,1.8115,1529,0
rep3,1.8132,1530,0
rep3,1.8134,1531,0
rep3,1.8146,1532,0
rep3,1.815,1533,0
rep3,1.8154,1534,0
rep3,1.8157,1535,0
rep3,1.8162,1536,0
rep3,1.8167,1537,0
rep3,1.817,1538,0
rep3,1.8172,1539,0
rep3,1.8192,1540,0
rep3,1.8194,1541,0
rep3,1.8203,1542,0
rep3,1.8207,1543,0
rep3,1.8214,1544,0
rep3,1.8218,1545,0
rep3,1.823,1546,0
rep3,1.8232,1547,0
rep3,1.8246,1548,0
rep3,1.8248,1549,0
rep3,1.8262,1550,0
rep3,1.8262,1551,0
rep3,1.828,1552,0
rep3,1.829,1553,0
rep3,1.8294,1554,0
rep3,1.8305,1555,0
rep3,1.8315,1556,0
rep3,1.8329,1557,0
rep3,1.8335,1558,0
rep3,1.8338,1559,0
rep3,1.8345,1560,0
rep3,1.8351,1561,0
rep3,1.8356,1562,0
rep3,1.8362,1563,0
rep3,1.8365,1564,0
rep3,1.8383,1565,0
rep3,1.8394,1566,0
rep3,1.8398,1567,0
rep3,1.8402,1568,0
rep3,1.8406,1569,0
rep3,1.8407,1570,0
rep3,1.8419,1571,0
rep3,1.8426,1572,0
rep3,1.8431,1573,0
rep3,1.8436,1574,0
rep3,1.8438,1575,0
rep3,1.8443,1576,0
rep3,1.8445,1577,0
rep3,1.8463,1578,0
rep3,1.847,1579,0
rep3,1.8477,1580,0
rep3,1.8482,1581,0
rep3,1.8486,1582,0
rep3,1.849,1583,0
rep3,1.8494,1584,0
rep3,1.8498,1585,0
rep3,1.8498,1586,0
rep3,1.8504,1587,0
rep3,1.8505,1588,0
rep3,1.8508,1589,0
rep3,1.8509,1590,0
rep3,1.8513,1591,0
rep3,1.8552,1592,0
rep3,1.8553,1593,0
rep3,1.8557,1594,0
rep3,1.8563,1595,0
rep3,1.8563,1596,0
rep3,1.8566,1597,0
rep3,1.8575,1598,0
rep3,1.8576,1599,0
rep3,1.8587,1600,0
rep3,1.8593,1601,0
rep3,1.8603,1602,0
rep3,1.8604,1603,0
rep3,1.8607,1604,0
rep3,1.8612,1605,0
rep3,1.8615,1606,0
rep3,1.8618,1607,0
rep3,1.8619,1608,0
rep3,1.8621,1609,0
rep3,1.8632,1610,0
rep3,1.8634,1611,0
rep3,1.8643,1612,0
rep3,1.8651,1613,0
rep3,1.8663,1614,0
rep3,1.8683,1615,0
rep3,1.8696,1616,0
rep3,1.8696,1617,0
rep3,1.8703,1618,0
rep3,1.8716,1619,0
rep3,1.8719,1620,0
rep3,1.8726,1621,0
rep3,1.8731,1622,0
rep3,1.8732,1623,0
rep3,1.8737,1624,0
rep3,1.8741,1625,0
rep3,1.8741,1626,0
rep3,1.8749,1627,0
rep3,1.8754,1628,0
rep3,1.8777,1629,0
rep3,1.8778,1630,0
rep3,1.8785,1631,0
rep3,1.8789,1632,0
rep3,1.8802,1633,0
rep3,1.8806,1634,0
rep3,1.8814,1635,0
rep3,1.8824,1636,0
rep3,1.8829,1637,0
rep3,1.883,1638,0
rep3,1.8838,1639,0
rep3,1.8842,1640,0
rep3,1.8843,1641,0
rep3,1.8845,1642,0
rep3,1.8848,1643,0
rep3,1.8859,1644,0
rep3,1.8862,1645,0
rep3,1.8864,1646,0
rep3,1.8868,1647,0
rep3,1.8871,1648,0
rep3,1.8871,1649,0
rep3,1.8875,1650,0
rep3,1.8884,1651,0
rep3,1.8887,1652,0
rep3,1.8891,1653,0
rep3,1.8895,1654,0
rep3,1.8897,1655,0
rep3,1.8905,1656,0
rep3,1.8906,1657,0
rep3,1.8915,1658,0
rep3,1.8916,1659,0
rep3,1.8916,1660,0
rep3,1.8917,1661,0
rep3,1.892,1662,0
rep3,1.8922,1663,0
rep3,1.8937,1664,0
rep3,1.8938,1665,0
rep3,1.8941,1666,0
rep3,1.895,1667,0
rep3,1.895,1668,0
rep3,1.8968,1669,0
rep3,1.8968,1670,0
rep3,1.8979,1671,0
rep3,1.8983,1672,0
rep3,1.8986,1673,0
rep3,1.8988,1674,0
rep3,1.9003,1675,0
rep3,1.9009,1676,0
rep3,1.9011,1677,0
rep3,1.9019,1678,0
rep3,1.9036,1679,0
rep3,1.905,1680,0
rep3,1.9056,1681,0
rep3,1.9056,1682,0
rep3,1.9064,1683,0
rep3,1.9066,1684,0
rep3,1.9068,1685,0
rep3,1.907,1686,0
rep3,1.9088,1687,0
rep3,1.9095,1688,0
rep3,1.9098,1689,0
rep3,1.9101,1690,0
rep3,1.9103,1691,0
rep3,1.9103,1692,0
rep3,1.9106,1693,0
rep3,1.9108,1694,0
rep3,1.9108,1695,0
rep3,1.9117,1696,0
rep3,1.9119,1697,0
rep3,1.9156,1698,0
rep3,1.9159,1699,0
rep3,1.9161,1700,0
rep3,1.9165,1701,0
rep3,1.9185,1702,0
rep3,1.9196,1703,0
rep3,1.9197,1704,0
rep3,1.9201,1705,0
rep3,1.9207,1706,0
rep3,1.9212,1707,0
rep3,1.9216,1708,0
rep3,1.9223,1709,0
rep3,1.9229,1710,0
rep3,1.9233,1711,0
rep3,1.9236,1712,0
rep3,1.9245,1713,0
rep3,1.925,1714,0
rep3,1.9252,1715,0
rep3,1.9253,1716,0
rep3,1.9255,1717,0
rep3,1.9257,1718,0
rep3,1.9269,1719,0
rep3,1.9273,1720,0
rep3,1.9275,1721,0
rep3,1.9282,1722,0
rep3,1.93,1723,0
rep3,1.9315,1724,0
rep3,1.9318,1725,0
rep3,1.9355,1726,0
rep3,1.9358,1727,0
rep3,1.9361,1728,0
rep3,1.9375,1729,0
rep3,1.9383,1730,0
rep3,1.9386,1731,0
rep3,1.9402,1732,0
rep3,1.9414,1733,0
rep3,1.9416,1734,0
rep3,1.9418,1735,0
rep3,1.9424,1736,0
rep3,1.9428,1737,0
rep3,1.9433,1738,0
rep3,1.9447,1739,0
rep3,1.9453,1740,0
rep3,1.9455,1741,0
rep3,1.9456,1742,0
rep3,1.9459,1743,0
rep3,1.9464,1744,0
rep3,1.9475,1745,0
rep3,1.9489,1746,0
rep3,1.9494,1747,0
rep3,1.9504,1748,0
rep3,1.9542,1749,0
rep3,1.9544,1750,0
rep3,1.9545,1751,0
rep3,1.955,1752,0
rep3,1.9553,1753,0
rep3,1.9577,1754,0
rep3,1.9591,1755,0
rep3,1.9591,1756,0
rep3,1.9596,1757,0
rep3,1.9607,1758,0
rep3,1.9609,1759,0
rep3,1.9617,1760,0
rep3,1.9617,1761,0
rep3,1.9617,1762,0
rep3,1.9622,1763,0
rep3,1.9627,1764,0
rep3,1.9631,1765,0
rep3,1.9638,1766,0
rep3,1.964,1767,0
rep3,1.9667,1768,0
rep3,1.9669,1769,0
rep3,1.9677,1770,0
rep3,1.9678,1771,0
rep3,1.9688,1772,0
rep3,1.9691,1773,0
rep3,1.9693,1774,0
rep3,1.9699,1775,0
rep3,1.9701,1776,0
rep3,1.9703,1777,0
rep3,1.9715,1778,0
rep3,1.9722,1779,0
rep3,1.9729,1780,0
rep3,1.9736,1781,0
rep3,1.9736,1782,0
rep3,1.9739,1783,0
rep3,1.974,1784,0
rep3,1.9745,1785,0
rep3,1.975,1786,0
rep3,1.9775,1787,0
rep3,1.9788,1788,0
rep3,1.9792,1789,0
rep3,1.9792,1790,0
rep3,1.9794,1791,0
rep3,1.9795,1792,0
rep3,1.9796,1793,0
rep3,1.9797,1794,0
rep3,1.98,1795,0
rep3,1.9803,1796,0
rep3,1.9814,1797,0
rep3,1.9824,1798,0
rep3,1.9843,1799,0
rep3,1.9844,1800,0
rep3,1.9845,1801,0
rep3,1.9847,1802,0
rep3,1.9854,1803,0
rep3,1.9872,1804,0
rep3,1.9873,1805,0
rep3,1.988,1806,0
rep3,1.9885,1807,0
rep3,1.9888,1808,0
rep3,1.9894,1809,0
rep3,1.9895,1810,0
rep3,1.9907,1811,0
rep3,1.9911,1812,0
rep3,1.9924,1813,0
rep3,1.9929,1814,0
rep3,1.994,1815,0
rep3,1.9943,1816,0
rep3,1.9959,1817,0
rep3,1.996,1818,0
rep3,1.9968,1819,0
rep3,1.9971,1820,0
rep3,1.9975,1821,0
rep3,1.9986,1822,0
rep3,2.0024,1823,0
rep3,2.0028,1824,0
rep3,2.0032,1825,0
rep3,2.0034,1826,0
rep3,2.0034,1827,0
rep3,2.0044,1828,0
rep3,2.0055,1829,0
rep3,2.0056,1830,0
rep3,2.0057,1831,0
rep3,2.0062,1832,0
rep3,2.0066,1833,0
rep3,2.0066,1834,0
rep3,2.0074,1835,0
rep3,2.0079,1836,0
rep3,2.008,1837,0
rep3,2.0086,1838,0
rep3,2.0092,1839,0
rep3,2.0097,1840,0
rep3,2.0098,1841,0
rep3,2.0132,1842,0
rep3,2.0132,1843,0
rep3,2.0135,1844,0
rep3,2.0145,1845,0
rep3,2.0147,1846,0
rep3,2.0169,1847,0
rep3,2.0169,1848,0
rep3,2.0177,1849,0
rep3,2.018,1850,0
rep3,2.0185,1851,0
rep3,2.0201,1852,0
rep3,2.0207,1853,0
rep3,2.0215,1854,0
rep3,2.0217,1855,0
rep3,2.0221,1856,0
rep3,2.0223,1857,0
rep3,2.0227,1858,0
rep3,2.0232,1859,0
rep3,2.0237,1860,0
rep3,2.0241,1861,0
rep3,2.0251,1862,0
rep3,2.0253,1863,0
rep3,2.0253,1864,0
rep3,2.0263,1865,0
rep3,2.0263,1866,0
rep3,2.0268,1867,0
rep3,2.027,1868,0
rep3,2.028,1869,0
rep3,2.0282,1870,0
rep3,2.0295,1871,0
rep3,2.0306,1872,0
rep3,2.0306,1873,0
rep3,2.0315,1874,0
rep3,2.0325,1875,0
rep3,2.0328,1876,0
rep3,2.0351,1877,0
rep3,2.0356,1878,0
rep3,2.0357,1879,0
rep3,2.0361,1880,0
rep3,2.0375,1881,0
rep3,2.038,1882,0
rep3,2.0382,1883,0
rep3,2.0385,1884,0
rep3,2.0399,1885,0
rep3,2.0408,1886,0
rep3,2.0411,1887,0
rep3,2.0418,1888,0
rep3,2.0426,1889,0
rep3,2.043,1890,0
rep3,2.0431,1891,0
rep3,2.0432,1892,0
rep3,2.0439,1893,0
rep3,2.0441,1894,0
rep3,2.0473,1895,0
rep3,2.048,1896,0
rep3,2.0492,1897,0
rep3,2.0495,1898,0
rep3,2.0497,1899,0
rep3,2.0504,1900,0
rep3,2.0515,1901,0
rep3,2.0522,1902,0
rep3,2.053,1903,0
rep3,2.0545,1904,0
rep3,2.0548,1905,0
rep3,2.0558,1906,0
rep3,2.0563,1907,0
rep3,2.0563,1908,0
rep3,2.0571,1909,0
rep3,2.0582,1910,0
rep3,2.0587,1911,0
rep3,2.0588,1912,0
rep3,2.0591,1913,0
rep3,2.0605,1914,0
rep3,2.0611,1915,0
rep3,2.0611,1916,0
rep3,2.0616,1917,0
rep3,2.0628,1918,0
rep3,2.0633,1919,0
rep3,2.0633,1920,0
rep3,2.0634,1921,0
rep3,2.0642,1922,0
rep3,2.0646,1923,0
rep3,2.0646,1924,0
rep3,2.0662,1925,0
rep3,2.0669,1926,0
rep3,2.0674,1927,0
rep3,2.068,1928,0
rep3,2.0682,1929,0
rep3,2.0697,1930,0
rep3,2.0699,1931,0
rep3,2.07,1932,0
rep3,2.0707,1933,0
rep3,2.0709,1934,0
rep3,2.0713,1935,0
rep3,2.0716,1936,0
rep3,2.072,1937,0
rep3,2.0723,1938,0
rep3,2.0724,1939,0
rep3,2.0725,1940,0
rep3,2.0726,1941,0
rep3,2.0727,1942,0
rep3,2.0741,1943,0
rep3,2.0748,1944,0
rep3,2.0755,1945,0
rep3,2.0761,1946,0
rep3,2.0774,1947,0
rep3,2.0775,1948,0
rep3,2.0777,1949,0
rep3,2.0779,1950,0
rep3,2.0781,1951,0
rep3,2.0783,1952,0
rep3,2.0783,1953,0
rep3,2.0787,1954,0
rep3,2.079,1955,0
rep3,2.0795,1956,0
rep3,2.0798,1957,0
rep3,2.0806,1958,0
rep3,2.0813,1959,0
rep3,2.0814,1960,0
rep3,2.0819,1961,0
rep3,2.082,1962,0
rep3,2.0824,1963,0
rep3,2.0828,1964,0
rep3,2.0837,1965,0
rep3,2.0848,1966,0
rep3,2.0849,1967,0
rep3,2.0849,1968,0
rep3,2.0851,1969,0
rep3,2.0852,1970,0
rep3,2.0862,1971,0
rep3,2.0865,1972,0
rep3,2.0867,1973,0
rep3,2.0902,1974,0
rep3,2.0903,1975,0
rep3,2.0905,1976,0
rep3,2.0924,1977,0
rep3,2.0927,1978,0
rep3,2.0927,1979,0
rep3,2.0929,1980,0
rep3,2.0934,1981,0
rep3,2.0949,1982,0
rep3,2.0952,1983,0
rep3,2.0957,1984,0
rep3,2.0973,1985,0
rep3,2.0975,1986,0
rep3,2.098,1987,0
rep3,2.0982,1988,0
rep3,2.0986,1989,0
rep3,2.1004,1990,0
rep3,2.1005,1991,0
rep3,2.1017,1992,0
rep3,2.1018,1993,0
rep3,2.1022,1994,0
rep3,2.1027,1995,0
rep3,2.1029,1996,0
rep3,2.1029,1997,0
rep3,2.1036,1998,0
rep3,2.1036,1999,0
rep3,2.1037,2000,0
rep3,2.1039,2001,0
rep3,2.1043,2002,0
rep3,2.1054,2003,0
rep3,2.1055,2004,0
rep3,2.1057,2005,0
rep3,2.1061,2006,0
rep3,2.1062,2007,0
rep3,2.107,2008,0
rep3,2.1085,2009,0
rep3,2.109,2010,0
rep3,2.1096,2011,0
rep3,2.1102,2012,0
rep3,2.1104,2013,0
rep3,2.1109,2014,0
rep3,2.111,2015,0
rep3,2.1117,2016,0
rep3,2.1124,2017,0
rep3,2.1142,2018,0
rep3,2.1153,2019,0
rep3,2.1153,2020,0
rep3,2.1167,2021,0
rep3,2.1167,2022,0
rep3,2.1173,2023,0
rep3,2.1178,2024,0
rep3,2.1187,2025,0
rep3,2.1189,2026,0
rep3,2.1194,2027,0
rep3,2.12,2028,0
rep3,2.1201,2029,0
rep3,2.1208,2030,0
rep3,2.121,2031,0
rep3,2.1216,2032,0
rep3,2.1221,2033,0
rep3,2.1221,2034,0
rep3,2.1225,2035,0
rep3,2.1228,2036,0
rep3,2.1235,2037,0
rep3,2.1238,2038,0
rep3,2.125,2039,0
rep3,2.1255,2040,0
rep3,2.1272,2041,0
rep3,2.1277,2042,0
rep3,2.1277,2043,0
rep3,2.1282,2044,0
rep3,2.1283,2045,0
rep3,2.1286,2046,0
rep3,2.1291,2047,0
rep3,2.1293,2048,0
rep3,2.1294,2049,0
rep3,2.1295,2050,0
rep3,2.1297,2051,0
rep3,2.1302,2052,0
rep3,2.1306,2053,0
rep3,2.1307,2054,0
rep3,2.1316,2055,0
rep3,2.1322,2056,0
rep3,2.1333,2057,0
rep3,2.1338,2058,0
rep3,2.1343,2059,0
rep3,2.1346,2060,0
rep3,2.1347,2061,0
rep3,2.1353,2062,0
rep3,2.1355,2063,0
rep3,2.1367,2064,0
rep3,2.1372,2065,0
rep3,2.1375,2066,0
rep3,2.1381,2067,0
rep3,2.1381,2068,0
rep3,2.1399,2069,0
rep3,2.1413,2070,0
rep3,2.1419,2071,0
rep3,2.1421,2072,0
rep3,2.143,2073,0
rep3,2.1433,2074,0
rep3,2.1438,2075,0
rep3,2.1445,2076,0
rep3,2.1455,2077,0
rep3,2.1462,2078,0
rep3,2.1463,2079,0
rep3,2.1473,2080,0
rep3,2.1475,2081,0
rep3,2.1484,2082,0
rep3,2.149,2083,0
rep3,2.1502,2084,0
rep3,2.1509,2085,0
rep3,2.1516,2086,0
rep3,2.1521,2087,0
rep3,2.1526,2088,0
rep3,2.1528,2089,0
rep3,2.153,2090,0
rep3,2.1543,2091,0
rep3,2.1551,2092,0
rep3,2.1551,2093,0
rep3,2.1551,2094,0
rep3,2.1553,2095,0
rep3,2.1575,2096,0
rep3,2.1579,2097,0
rep3,2.1582,2098,0
rep3,2.1586,2099,0
rep3,2.1599,2100,0
rep3,2.1603,2101,0
rep3,2.1605,2102,0
rep3,2.1606,2103,0
rep3,2.161,2104,0
rep3,2.1614,2105,0
rep3,2.1622,2106,0
rep3,2.1624,2107,0
rep3,2.1626,2108,0
rep3,2.163,2109,0
rep3,2.1631,2110,0
rep3,2.1638,2111,0
rep3,2.1644,2112,0
rep3,2.1654,2113,0
rep3,2.1656,2114,0
rep3,2.1661,2115,0
rep3,2.1668,2116,0
rep3,2.1675,2117,0
rep3,2.1679,2118,0
rep3,2.1679,2119,0
rep3,2.1681,2120,0
rep3,2.1682,2121,0
rep3,2.1689,2122,0
rep3,2.1689,2123,0
rep3,2.1699,2124,0
rep3,2.1705,2125,0
rep3,2.1709,2126,0
rep3,2.1715,2127,0
rep3,2.1724,2128,0
rep3,2.1727,2129,0
rep3,2.1729,2130,0
rep3,2.1729,2131,0
rep3,2.1747,2132,0
rep3,2.1752,2133,0
rep3,2.1754,2134,0
rep3,2.1757,2135,0
rep3,2.1759,2136,0
rep3,2.1762,2137,0
rep3,2.1777,2138,0
rep3,2.1779,2139,0
rep3,2.178,2140,0
rep3,2.1782,2141,0
rep3,2.1785,2142,0
rep3,2.1788,2143,0
rep3,2.1793,2144,0
rep3,2.1799,2145,0
rep3,2.18,2146,0
rep3,2.1806,2147,0
rep3,2.1809,2148,0
rep3,2.181,2149,0
rep3,2.1813,2150,0
rep3,2.1822,2151,0
rep3,2.1837,2152,0
rep3,2.1852,2153,0
rep3,2.1856,2154,0
rep3,2.1862,2155,0
rep3,2.1863,2156,0
rep3,2.1878,2157,0
rep3,2.1884,2158,0
rep3,2.1891,2159,0
rep3,2.1895,2160,0
rep3,2.1904,2161,0
rep3,2.1905,2162,0
rep3,2.1911,2163,0
rep3,2.1915,2164,0
rep3,2.1917,2165,0
rep3,2.1918,2166,0
rep3,2.1929,2167,0
rep3,2.1934,2168,0
rep3,2.1945,2169,0
rep3,2.1952,2170,0
rep3,2.1954,2171,0
rep3,2.1955,2172,0
rep3,2.1959,2173,0
rep3,2.1973,2174,0
rep3,2.1977,2175,0
rep3,2.1981,2176,0
rep3,2.1982,2177,0
rep3,2.199,2178,0
rep3,2.1992,2179,0
rep3,2.1993,2180,0
rep3,2.2006,2181,0
rep3,2.2007,2182,0
rep3,2.2011,2183,0
rep3,2.2013,2184,0
rep3,2.2017,2185,0
rep3,2.2018,2186,0
rep3,2.2025,2187,0
rep3,2.2027,2188,0
rep3,2.2031,2189,0
rep3,2.2031,2190,0
rep3,2.2032,2191,0
rep3,2.2035,2192,0
rep3,2.2045,2193,0
rep3,2.2047,2194,0
rep3,2.205,2195,0
rep3,2.2051,2196,0
rep3,2.2057,2197,0
rep3,2.2061,2198,0
rep3,2.2068,2199,0
rep3,2.2075,2200,0
rep3,2.2083,2201,0
rep3,2.2084,2202,0
rep3,2.2085,2203,0
rep3,2.2087,2204,0
rep3,2.2089,2205,0
rep3,2.209,2206,0
rep3,2.2091,2207,0
rep3,2.2097,2208,0
rep3,2.2105,2209,0
rep3,2.2105,2210,0
rep3,2.2109,2211,0
rep3,2.2113,2212,0
rep3,2.2116,2213,0
rep3,2.212,2214,0
rep3,2.2122,2215,0
rep3,2.2124,2216,0
rep3,2.2126,2217,0
rep3,2.2132,2218,0
rep3,2.2134,2219,0
rep3,2.2135,2220,0
rep3,2.2136,2221,0
rep3,2.2141,2222,0
rep3,2.2143,2223,0
rep3,2.2148,2224,0
rep3,2.2151,2225,0
rep3,2.2159,2226,0
rep3,2.216,2227,0
rep3,2.2164,2228,0
rep3,2.217,2229,0
rep3,2.2182,2230,0
rep3,2.2189,2231,0
rep3,2.2193,2232,0
rep3,2.2196,2233,0
rep3,2.2208,2234,0
rep3,2.2213,2235,0
rep3,2.2216,2236,0
rep3,2.2221,2237,0
rep3,2.2227,2238,0
rep3,2.2227,2239,0
rep3,2.2228,2240,0
rep3,2.2232,2241,0
rep3,2.2232,2242,0
rep3,2.2236,2243,0
rep3,2.2244,2244,0
rep3,2.2253,2245,0
rep3,2.2262,2246,0
rep3,2.2273,2247,0
rep3,2.2279,2248,0
rep3,2.2285,2249,0
rep3,2.2286,2250,0
rep3,2.2286,2251,0
rep3,2.2287,2252,0
rep3,2.2291,2253,0
rep3,2.2294,2254,0
rep3,2.2296,2255,0
rep3,2.23,2256,0
rep3,2.2306,2257,0
rep3,2.2322,2258,0
rep3,2.2324,2259,0
rep3,2.2325,2260,0
rep3,2.2329,2261,0
rep3,2.2335,2262,0
rep3,2.2343,2263,0
rep3,2.2345,2264,0
rep3,2.2347,2265,0
rep3,2.2356,2266,0
rep3,2.2357,2267,0
rep3,2.2357,2268,0
rep3,2.2363,2269,0
rep3,2.2363,2270,0
rep3,2.2366,2271,0
rep3,2.2374,2272,0
rep3,2.2377,2273,0
rep3,2.2378,2274,0
rep3,2.2384,2275,0
rep3,2.2386,2276,0
rep3,2.2394,2277,0
rep3,2.2394,2278,0
rep3,2.2394,2279,0
rep3,2.2396,2280,0
rep3,2.2398,2281,0
rep3,2.2409,2282,0
rep3,2.2409,2283,0
rep3,2.2413,2284,0
rep3,2.2416,2285,0
rep3,2.2422,2286,0
rep3,2.2427,2287,0
rep3,2.2429,2288,0
rep3,2.2438,2289,0
rep3,2.2443,2290,0
rep3,2.2447,2291,0
rep3,2.2454,2292,0
rep3,2.2455,2293,0
rep3,2.2458,2294,0
rep3,2.2459,2295,0
rep3,2.2463,2296,0
rep3,2.2471,2297,0
rep3,2.2478,2298,0
rep3,2.2485,2299,0
rep3,2.2487,2300,0
rep3,2.2502,2301,0
rep3,2.2505,2302,0
rep3,2.2509,2303,0
rep3,2.2511,2304,0
rep3,2.2512,2305,0
rep3,2.2515,2306,0
rep3,2.2518,2307,0
rep3,2.252,2308,0
rep3,2.2524,2309,0
rep3,2.2526,2310,0
rep3,2.2526,2311,0
rep3,2.2535,2312,0
rep3,2.2536,2313,0
rep3,2.2537,2314,0
rep3,2.2543,2315,0
rep3,2.2543,2316,0
rep3,2.2546,2317,0
rep3,2.2553,2318,0
rep3,2.2559,2319,0
rep3,2.2561,2320,0
rep3,2.2569,2321,0
rep3,2.2583,2322,0
rep3,2.2591,2323,0
rep3,2.2593,2324,0
rep3,2.2598,2325,0
rep3,2.2602,2326,0
rep3,2.2612,2327,0
rep3,2.2615,2328,0
rep3,2.2618,2329,0
rep3,2.2621,2330,0
rep3,2.2631,2331,0
rep3,2.2632,2332,0
rep3,2.2632,2333,0
rep3,2.2634,2334,0
rep3,2.2641,2335,0
rep3,2.2643,2336,0
rep3,2.2648,2337,0
rep3,2.2649,2338,0
rep3,2.2661,2339,0
rep3,2.2671,2340,0
rep3,2.2672,2341,0
rep3,2.2675,2342,0
rep3,2.2677,2343,0
rep3,2.2681,2344,0
rep3,2.2684,2345,0
rep3,2.2687,2346,0
rep3,2.2692,2347,0
rep3,2.2693,2348,0
rep3,2.2694,2349,0
rep3,2.2697,2350,0
rep3,2.2705,2351,0
rep4,1.0465,1,0
rep4,1.0483,2,0
rep4,1.0511,3,0
rep4,1.0538,4,0
rep4,1.0563,5,0
rep4,1.0591,6,0
rep4,1.0594,7,0
rep4,1.0598,8,0
rep4,1.0613,9,0
rep4,1.0627,10,0
rep4,1.0631,11,0
rep4,1.0637,12,0
rep4,1.0663,13,0
rep4,1.0694,14,0
rep4,1.0697,15,0
rep4,1.0702,16,0
rep4,1.0726,17,0
rep4,1.073,18,0
rep4,1.0734,19,0
rep4,1.0746,20,0
rep4,1.0751,21,0
rep4,1.0775,22,0
rep4,1.0792,23,0
rep4,1.0792,24,0
rep4,1.0818,25,0
rep4,1.0818,26,0
rep4,1.0823,27,0
rep4,1.0829,28,0
rep4,1.0832,29,0
rep4,1.0839,30,0
rep4,1.0839,31,0
rep4,1.0841,32,0
rep4,1.0852,33,0
rep4,1.0855,34,0
rep4,1.086,35,0
rep4,1.0861,36,0
rep4,1.0874,37,0
rep4,1.0885,38,0
rep4,1.0887,39,0
rep4,1.09,40,0
rep4,1.0912,41,0
rep4,1.0915,42,0
rep4,1.0916,43,0
rep4,1.0927,44,0
rep4,1.0955,45,0
rep4,1.0961,46,0
rep4,1.0974,47,0
rep4,1.0982,48,0
rep4,1.1002,49,0
rep4,1.1024,50,0
rep4,1.1052,51,0
rep4,1.1058,52,0
rep4,1.1071,53,0
rep4,1.1072,54,0
rep4,1.1084,55,0
rep4,1.1088,56,0
rep4,1.109,57,0
rep4,1.1107,58,0
rep4,1.1109,59,0
rep4,1.1119,60,0
rep4,1.1123,61,0
rep4,1.1128,62,0
rep4,1.1167,63,0
rep4,1.1169,64,0
rep4,1.117,65,0
rep4,1.118,66,0
rep4,1.1182,67,0
rep4,1.1182,68,0
rep4,1.1197,69,0
rep4,1.1198,70,0
rep4,1.1199,71,0
rep4,1.1207,72,0
rep4,1.1208,73,0
rep4,1.1213,74,0
rep4,1.1221,75,0
rep4,1.1227,76,0
rep4,1.1237,77,0
rep4,1.124,78,0
rep4,1.124,79,0
rep4,1.1245,80,0
rep4,1.1246,81,0
rep4,1.1246,82,0
rep4,1.1249,83,0
rep4,1.1251,84,0
rep4,1.1258,85,0
rep4,1.1259,86,0
rep4,1.1274,87,0
rep4,1.1286,88,0
rep4,1.1293,89,0
rep4,1.1305,90,0
rep4,1.1308,91,0
rep4,1.1314,92,0
rep4,1.1318,93,0
rep4,1.134,94,0
rep4,1.1348,95,0
rep4,1.1356,96,0
rep4,1.1359,97,0
rep4,1.1362,98,0
rep4,1.1363,99,0
rep4,1.1387,100,0
rep4,1.139,101,0
rep4,1.1399,102,0
rep4,1.1399,103,0
rep4,1.1401,104,0
rep4,1.141,105,0
rep4,1.1419,106,0
rep4,1.1432,107,0
rep4,1.1442,108,0
rep4,1.1443,109,0
rep4,1.145,110,0
rep4,1.1454,111,0
rep4,1.1458,112,0
rep4,1.1459,113,0
rep4,1.1461,114,0
rep4,1.1471,115,0
rep4,1.1473,116,0
rep4,1.1478,117,0
rep4,1.1485,118,0
rep4,1.1494,119,0
rep4,1.1503,120,0
rep4,1.1508,121,0
rep4,1.1521,122,0
rep4,1.153,123,0
rep4,1.153,124,0
rep4,1.1533,125,0
rep4,1.1535,126,0
rep4,1.1538,127,0
rep4,1.1542,128,0
rep4,1.1543,129,0
rep4,1.1544,130,0
rep4,1.1556,131,0
rep4,1.1562,132,0
rep4,1.1566,133,0
rep4,1.1568,134,0
rep4,1.1572,135,0
rep4,1.1581,136,0
rep4,1.1583,137,0
rep4,1.1586,138,0
rep4,1.1588,139,0
rep4,1.159,140,0
rep4,1.1593,141,0
rep4,1.1593,142,0
rep4,1.1596,143,0
rep4,1.1599,144,0
rep4,1.1601,145,0
rep4,1.1603,146,0
rep4,1.1604,147,0
rep4,1.1605,148,0
rep4,1.1608,149,0
rep4,1.1611,150,0
rep4,1.1615,151,0
rep4,1.1619,152,0
rep4,1.162,153,0
rep4,1.1622,154,0
rep4,1.1625,155,0
rep4,1.1625,156,0
rep4,1.163,157,0
rep4,1.1636,158,0
rep4,1.1639,159,0
rep4,1.1641,160,0
rep4,1.1641,161,0
rep4,1.1644,162,0
rep4,1.1645,163,0
rep4,1.1656,164,0
rep4,1.1659,165,0
rep4,1.1665,166,0
rep4,1.1667,167,0
rep4,1.1669,168,0
rep4,1.167,169,0
rep4,1.1672,170,0
rep4,1.168,171,0
rep4,1.1693,172,0
rep4,1.1699,173,0
rep4,1.1705,174,0
rep4,1.1707,175,0
rep4,1.171,176,0
rep4,1.1713,177,0
rep4,1.1719,178,0
rep4,1.173,179,0
rep4,1.1735,180,0
rep4,1.1736,181,0
rep4,1.1745,182,0
rep4,1.1751,183,0
rep4,1.1765,184,0
rep4,1.1765,185,0
rep4,1.1773,186,0
rep4,1.1776,187,0
rep4,1.1781,188,0
rep4,1.1785,189,0
rep4,1.1786,190,0
rep4,1.1803,191,0
rep4,1.1805,192,0
rep4,1.1806,193,0
rep4,1.1806,194,0
rep4,1.1821,195,0
rep4,1.1822,196,0
rep4,1.1827,197,0
rep4,1.1831,198,0
rep4,1.1834,199,0
rep4,1.1836,200,0
rep4,1.1839,201,0
rep4,1.1839,202,0
rep4,1.1842,203,0
rep4,1.1844,204,0
rep4,1.1855,205,0
rep4,1.1857,206,0
rep4,1.1858,207,0
rep4,1.1866,208,0
rep4,1.1872,209,0
rep4,1.1875,210,0
rep4,1.1878,211,0
rep4,1.1884,212,0
rep4,1.1889,213,0
rep4,1.1893,214,0
rep4,1.19,215,0
rep4,1.1901,216,0
rep4,1.1906,217,0
rep4,1.191,218,0
rep4,1.1914,219,0
rep4,1.1916,220,0
rep4,1.1919,221,0
rep4,1.1934,222,0
rep4,1.1939,223,0
rep4,1.1945,224,0
rep4,1.1947,225,0
rep4,1.1947,226,0
rep4,1.1948,227,0
rep4,1.1951,228,0
rep4,1.1953,229,0
rep4,1.1957,230,0
rep4,1.1966,231,0
rep4,1.1967,232,0
rep4,1.1972,233,0
rep4,1.1973,234,0
rep4,1.1975,235,0
rep4,1.1976,236,0
rep4,1.198,237,0
rep4,1.198,238,0
rep4,1.1981,239,0
rep4,1.1989,240,0
rep4,1.1992,241,0
rep4,1.1996,242,0
rep4,1.2001,243,0
rep4,1.2002,244,0
rep4,1.201,245,0
rep4,1.2017,246,0
rep4,1.202,247,0
rep4,1.2025,248,0
rep4,1.2028,249,0
rep4,1.2038,250,0
rep4,1.2039,251,0
rep4,1.2051,252,0
rep4,1.2052,253,0
rep4,1.2055,254,0
rep4,1.2057,255,0
rep4,1.2059,256,0
rep4,1.2062,257,0
rep4,1.2064,258,0
rep4,1.207,259,0
rep4,1.207,260,0
rep4,1.2073,261,0
rep4,1.2079,262,0
rep4,1.2079,263,0
rep4,1.2084,264,0
rep4,1.2086,265,0
rep4,1.2096,266,0
rep4,1.2101,267,0
rep4,1.2115,268,0
rep4,1.2115,269,0
rep4,1.2118,270,0
rep4,1.2132,271,0
rep4,1.2135,272,0
rep4,1.2142,273,0
rep4,1.2142,274,0
rep4,1.2146,275,0
rep4,1.2149,276,0
rep4,1.2149,277,0
rep4,1.2152,278,0
rep4,1.2154,279,0
rep4,1.2159,280,0
rep4,1.2163,281,0
rep4,1.2168,282,0
rep4,1.218,283,0
rep4,1.2188,284,0
rep4,1.219,285,0
rep4,1.2201,286,0
rep4,1.2206,287,0
rep4,1.2206,288,0
rep4,1.2207,289,0
rep4,1.2209,290,0
rep4,1.2215,291,0
rep4,1.2219,292,0
rep4,1.2219,293,0
rep4,1.2222,294,0
rep4,1.2225,295,0
rep4,1.2232,296,0
rep4,1.2234,297,0
rep4,1.2238,298,0
rep4,1.2238,299,0
rep4,1.2245,300,0
rep4,1.2252,301,0
rep4,1.2261,302,0
rep4,1.2274,303,0
rep4,1.2279,304,0
rep4,1.2283,305,0
rep4,1.2283,306,0
rep4,1.2288,307,0
rep4,1.2289,308,0
rep4,1.229,309,0
rep4,1.2299,310,0
rep4,1.23,311,0
rep4,1.2305,312,0
rep4,1.2308,313,0
rep4,1.2313,314,0
rep4,1.2313,315,0
rep4,1.2314,316,0
rep4,1.2321,317,0
rep4,1.2321,318,0
rep4,1.2322,319,0
rep4,1.2323,320,0
rep4,1.2325,321,0
rep4,1.2327,322,0
rep4,1.233,323,0
rep4,1.2334,324,0
rep4,1.2338,325,0
rep4,1.2339,326,0
rep4,1.2343,327,0
rep4,1.2344,328,0
rep4,1.2345,329,0
rep4,1.2351,330,0
rep4,1.2357,331,0
rep4,1.2361,332,0
rep4,1.2371,333,0
rep4,1.2371,334,0
rep4,1.2373,335,0
rep4,1.238,336,0
rep4,1.2389,337,0
rep4,1.2394,338,0
rep4,1.2394,339,0
rep4,1.2394,340,0
rep4,1.2399,341,0
rep4,1.24,342,0
rep4,1.2408,343,0
rep4,1.241,344,0
rep4,1.2417,345,0
rep4,1.2417,346,0
rep4,1.242,347,0
rep4,1.2428,348,0
rep4,1.2431,349,0
rep4,1.2444,350,0
rep4,1.2445,351,0
rep4,1.245,352,0
rep4,1.2454,353,0
rep4,1.2457,354,0
rep4,1.2459,355,0
rep4,1.2461,356,0
rep4,1.2462,357,0
rep4,1.2465,358,0
rep4,1.2469,359,0
rep4,1.2469,360,0
rep4,1.2471,361,0
rep4,1.2483,362,0
rep4,1.2487,363,0
rep4,1.2494,364,0
rep4,1.2499,365,0
rep4,1.2509,366,0
rep4,1.251,367,0
rep4,1.2512,368,0
rep4,1.2517,369,0
rep4,1.2528,370,0
rep4,1.2528,371,0
rep4,1.2533,372,0
rep4,1.2535,373,0
rep4,1.2544,374,0
rep4,1.2545,375,0
rep4,1.2556,376,0
rep4,1.2559,377,0
rep4,1.2562,378,0
rep4,1.257,379,0
rep4,1.2572,380,0
rep4,1.2573,381,0
rep4,1.258,382,0
rep4,1.258,383,0
rep4,1.2582,384,0
rep4,1.2582,385,0
rep4,1.2585,386,0
rep4,1.2594,387,0
rep4,1.2597,388,0
rep4,1.2601,389,0
rep4,1.2605,390,0
rep4,1.2607,391,0
rep4,1.2607,392,0
rep4,1.2615,393,0
rep4,1.2616,394,0
rep4,1.2622,395,0
rep4,1.2622,396,0
rep4,1.2623,397,0
rep4,1.2627,398,0
rep4,1.2627,399,0
rep4,1.2627,400,0
rep4,1.2628,401,0
rep4,1.2632,402,0
rep4,1.2635,403,0
rep4,1.2639,404,0
rep4,1.2643,405,0
rep4,1.2644,406,0
rep4,1.2645,407,0
rep4,1.2646,408,0
rep4,1.2656,409,0
rep4,1.2657,410,0
rep4,1.2658,411,0
rep4,1.2658,412,0
rep4,1.2662,413,0
rep4,1.2664,414,0
rep4,1.2671,415,0
rep4,1.2673,416,0
rep4,1.2676,417,0
rep4,1.2676,418,0
rep4,1.2677,419,0
rep4,1.269,420,0
rep4,1.2691,421,0
rep4,1.2699,422,0
rep4,1.2704,423,0
rep4,1.2704,424,0
rep4,1.2708,425,0
rep4,1.2708,426,0
rep4,1.2726,427,0
rep4,1.2729,428,0
rep4,1.2738,429,0
rep4,1.2739,430,0
rep4,1.2742,431,0
rep4,1.2748,432,0
rep4,1.2748,433,0
rep4,1.2752,434,0
rep4,1.2761,435,0
rep4,1.2768,436,0
rep4,1.2772,437,0
rep4,1.2776,438,0
rep4,1.2789,439,0
rep4,1.2799,440,0
rep4,1.28,441,0
rep4,1.2803,442,0
rep4,1.2808,443,0
rep4,1.281,444,0
rep4,1.2812,445,0
rep4,1.2819,446,0
rep4,1.2822,447,0
rep4,1.2828,448,0
rep4,1.2838,449,0
rep4,1.2838,450,0
rep4,1.2844,451,0
rep4,1.2844,452,0
rep4,1.2845,453,0
rep4,1.2846,454,0
rep4,1.2847,455,0
rep4,1.2848,456,0
rep4,1.285,457,0
rep4,1.2851,458,0
rep4,1.2854,459,0
rep4,1.2854,460,0
rep4,1.2855,461,0
rep4,1.286,462,0
rep4,1.2866,463,0
rep4,1.2871,464,0
rep4,1.2876,465,0
rep4,1.2878,466,0
rep4,1.2878,467,0
rep4,1.2881,468,0
rep4,1.2884,469,0
rep4,1.2888,470,0
rep4,1.289,471,0
rep4,1.2892,472,0
rep4,1.2894,473,0
rep4,1.29,474,0
rep4,1.2906,475,0
rep4,1.2908,476,0
rep4,1.2914,477,0
rep4,1.2918,478,0
rep4,1.2924,479,0
rep4,1.2924,480,0
rep4,1.293,481,0
rep4,1.2941,482,0
rep4,1.2942,483,0
rep4,1.2947,484,0
rep4,1.2954,485,0
rep4,1.2957,486,0
rep4,1.296,487,0
rep4,1.2961,488,0
rep4,1.2961,489,0
rep4,1.2967,490,0
rep4,1.2968,491,0
rep4,1.2974,492,0
rep4,1.2977,493,0
rep4,1.2979,494,0
rep4,1.2982,495,0
rep4,1.2982,496,0
rep4,1.2985,497,0
rep4,1.2992,498,0
rep4,1.3001,499,0
rep4,1.3003,500,0
rep4,1.3009,501,0
rep4,1.3009,502,0
rep4,1.3015,503,0
rep4,1.3016,504,0
rep4,1.3018,505,0
rep4,1.3018,506,0
rep4,1.302,507,0
rep4,1.3023,508,0
rep4,1.3029,509,0
rep4,1.303,510,0
rep4,1.3037,511,0
rep4,1.304,512,0
rep4,1.3054,513,0
rep4,1.3054,514,0
rep4,1.3064,515,0
rep4,1.3064,516,0
rep4,1.3066,517,0
rep4,1.3068,518,0
rep4,1.307,519,0
rep4,1.3073,520,0
rep4,1.3076,521,0
rep4,1.3076,522,0
rep4,1.3078,523,0
rep4,1.308,524,0
rep4,1.3083,525,0
rep4,1.309,526,0
rep4,1.3091,527,0
rep4,1.3099,528,0
rep4,1.31,529,0
rep4,1.3101,530,0
rep4,1.3102,531,0
rep4,1.3103,532,0
rep4,1.3104,533,0
rep4,1.3119,534,0
rep4,1.3122,535,0
rep4,1.3122,536,0
rep4,1.3132,537,0
rep4,1.3134,538,0
rep4,1.3139,539,0
rep4,1.3142,540,0
rep4,1.3144,541,0
rep4,1.3144,542,0
rep4,1.3147,543,0
rep4,1.3151,544,0
rep4,1.3155,545,0
rep4,1.3157,546,0
rep4,1.3162,547,0
rep4,1.3169,548,0
rep4,1.3174,549,0
rep4,1.3187,550,0
rep4,1.3199,551,0
rep4,1.3202,552,0
rep4,1.3208,553,0
rep4,1.3213,554,0
rep4,1.3217,555,0
rep4,1.3218,556,0
rep4,1.3222,557,0
rep4,1.3226,558,0
rep4,1.3227,559,0
rep4,1.323,560,0
rep4,1.323,561,0
rep4,1.3231,562,0
rep4,1.3242,563,0
rep4,1.3242,564,0
rep4,1.3248,565,0
rep4,1.3253,566,0
rep4,1.3253,567,0
rep4,1.3263,568,0
rep4,1.3267,569,0
rep4,1.3271,570,0
rep4,1.3271,571,0
rep4,1.3273,572,0
rep4,1.3277,573,0
rep4,1.3279,574,0
rep4,1.328,575,0
rep4,1.3284,576,0
rep4,1.3289,577,0
rep4,1.3291,578,0
rep4,1.3294,579,0
rep4,1.33,580,0
rep4,1.33,581,0
rep4,1.3302,582,0
rep4,1.3305,583,0
rep4,1.331,584,0
rep4,1.3311,585,0
rep4,1.3315,586,0
rep4,1.3321,587,0
rep4,1.3327,588,0
rep4,1.3338,589,0
rep4,1.3341,590,0
rep4,1.3344,591,0
rep4,1.3347,592,0
rep4,1.3347,593,0
rep4,1.3349,594,0
rep4,1.3351,595,0
rep4,1.3356,596,0
rep4,1.3357,597,0
rep4,1.3359,598,0
rep4,1.3367,599,0
rep4,1.3371,600,0
rep4,1.3374,601,0
rep4,1.3376,602,0
rep4,1.3388,603,0
rep4,1.3398,604,0
rep4,1.3402,605,0
rep4,1.3402,606,0
rep4,1.3406,607,0
rep4,1.3408,608,0
rep4,1.3412,609,0
rep4,1.3413,610,0
rep4,1.3416,611,0
rep4,1.3423,612,0
rep4,1.3428,613,0
rep4,1.343,614,0
rep4,1.3439,615,0
rep4,1.3439,616,0
rep4,1.3445,617,0
rep4,1.3449,618,0
rep4,1.3453,619,0
rep4,1.3463,620,0
rep4,1.3463,621,0
rep4,1.3472,622,0
rep4,1.3474,623,0
rep4,1.3478,624,0
rep4,1.3479,625,0
rep4,1.3482,626,0
rep4,1.3487,627,0
rep4,1.349,628,0
rep4,1.3495,629,0
rep4,1.3497,630,0
rep4,1.3498,631,0
rep4,1.3503,632,0
rep4,1.3505,633,0
rep4,1.3509,634,0
rep4,1.351,635,0
rep4,1.3512,636,0
rep4,1.3519,637,0
rep4,1.3522,638,0
rep4,1.3523,639,0
rep4,1.3526,640,0
rep4,1.353,641,0
rep4,1.3536,642,0
rep4,1.3537,643,0
rep4,1.3537,644,0
rep4,1.3538,645,0
rep4,1.3542,646,0
rep4,1.3543,647,0
rep4,1.3548,648,0
rep4,1.3551,649,0
rep4,1.3551,650,0
rep4,1.3553,651,0
rep4,1.3556,652,0
rep4,1.3572,653,0
rep4,1.3572,654,0
rep4,1.3575,655,0
rep4,1.3577,656,0
rep4,1.3582,657,0
rep4,1.3583,658,0
rep4,1.3594,659,0
rep4,1.3596,660,0
rep4,1.3597,661,0
rep4,1.3605,662,0
rep4,1.3607,663,0
rep4,1.362,664,0
rep4,1.3634,665,0
rep4,1.3637,666,0
rep4,1.3643,667,0
rep4,1.3646,668,0
rep4,1.3648,669,0
rep4,1.3653,670,0
rep4,1.3654,671,0
rep4,1.3654,671,1
rep4,1.3655,672,1
rep4,1.3659,673,1
rep4,1.366,674,1
rep4,1.3665,675,1
rep4,1.3667,676,1
rep4,1.3672,677,1
rep4,1.3676,678,1
rep4,1.3677,679,1
rep4,1.3677,680,1
rep4,1.3695,681,1
rep4,1.3699,682,1
rep4,1.3703,683,1
rep4,1.3708,684,1
rep4,1.3719,685,1
rep4,1.372,686,1
rep4,1.3722,687,1
rep4,1.3722,688,1
rep4,1.3728,689,1
rep4,1.3729,690,1
rep4,1.3732,691,1
rep4,1.3747,692,1
rep4,1.3751,693,1
rep4,1.3751,694,1
rep4,1.3758,695,1
rep4,1.376,696,1
rep4,1.3763,697,1
rep4,1.3766,698,1
rep4,1.3768,699,1
rep4,1.3778,700,1
rep4,1.378,701,1
rep4,1.3782,702,1
rep4,1.3782,703,1
rep4,1.3786,704,1
rep4,1.3791,705,1
rep4,1.3796,706,1
rep4,1.3796,707,1
rep4,1.3801,708,1
rep4,1.3807,709,1
rep4,1.3822,710,1
rep4,1.383,711,1
rep4,1.3834,712,1
rep4,1.3834,713,1
rep4,1.3835,714,1
rep4,1.384,715,1
rep4,1.384,716,1
rep4,1.384,717,1
rep4,1.3843,718,1
rep4,1.3846,719,1
rep4,1.3847,720,1
rep4,1.3849,721,1
rep4,1.3851,722,1
rep4,1.3854,723,1
rep4,1.3855,724,1
rep4,1.3855,725,1
rep4,1.3858,726,1
rep4,1.386,727,1
rep4,1.3864,728,1
rep4,1.3865,729,1
rep4,1.3876,730,1
rep4,1.3876,731,1
rep4,1.388,732,1
rep4,1.3882,733,1
rep4,1.3894,734,1
rep4,1.3896,735,1
rep4,1.3899,736,1
rep4,1.39,737,1
rep4,1.3904,738,1
rep4,1.3908,739,1
rep4,1.3909,740,1
rep4,1.3912,741,1
rep4,1.3912,742,1
rep4,1.3924,743,1
rep4,1.3929,744,1
rep4,1.3936,745,1
rep4,1.3936,746,1
rep4,1.3945,747,1
rep4,1.3953,748,1
rep4,1.3955,749,1
rep4,1.3958,750,1
rep4,1.396,751,1
rep4,1.3964,752,1
rep4,1.3971,753,1
rep4,1.3975,754,1
rep4,1.3976,755,1
rep4,1.3979,756,1
rep4,1.3981,757,1
rep4,1.3981,758,1
rep4,1.3984,759,1
rep4,1.3993,760,1
rep4,1.3993,761,1
rep4,1.3995,762,1
rep4,1.3996,763,1
rep4,1.3997,764,1
rep4,1.401,765,1
rep4,1.4015,766,1
rep4,1.4016,767,1
rep4,1.4028,768,1
rep4,1.4034,769,1
rep4,1.4037,770,1
rep4,1.4038,771,1
rep4,1.4045,772,1
rep4,1.4047,773,1
rep4,1.4051,774,1
rep4,1.4056,775,1
rep4,1.4063,776,1
rep4,1.4066,777,1
rep4,1.4068,778,1
rep4,1.4072,779,1
rep4,1.4072,780,1
rep4,1.4074,781,1
rep4,1.4076,782,1
rep4,1.4078,783,1
rep4,1.4079,784,1
rep4,1.408,785,1
rep4,1.4084,786,1
rep4,1.4084,787,1
rep4,1.4086,788,1
rep4,1.4089,789,1
rep4,1.4091,790,1
rep4,1.4092,791,1
rep4,1.4094,792,1
rep4,1.4099,793,1
rep4,1.4111,794,1
rep4,1.4113,795,1
rep4,1.4114,796,1
rep4,1.4122,797,1
rep4,1.4125,798,1
rep4,1.413,799,1
rep4,1.4134,800,1
rep4,1.4142,801,1
rep4,1.415,802,1
rep4,1.4154,803,1
rep4,1.4161,804,1
rep4,1.4165,805,1
rep4,1.4173,806,1
rep4,1.4175,807,1
rep4,1.4178,808,1
rep4,1.4181,809,1
rep4,1.4191,810,1
rep4,1.4198,811,1
rep4,1.4205,812,1
rep4,1.4207,813,1
rep4,1.4216,814,1
rep4,1.4218,815,1
rep4,1.4219,816,1
rep4,1.4222,817,1
rep4,1.4229,818,1
rep4,1.4232,819,1
rep4,1.4236,820,1
rep4,1.4238,821,1
rep4,1.4251,822,1
rep4,1.4253,823,1
rep4,1.4258,824,1
rep4,1.4263,825,1
rep4,1.4274,826,1
rep4,1.4274,827,1
rep4,1.4276,828,1
rep4,1.4287,829,1
rep4,1.4292,830,1
rep4,1.4296,831,1
rep4,1.43,832,1
rep4,1.4305,833,1
rep4,1.4306,834,1
rep4,1.4317,835,1
rep4,1.4318,836,1
rep4,1.432,837,1
rep4,1.4323,838,1
rep4,1.4331,839,1
rep4,1.4334,840,1
rep4,1.434,841,1
rep4,1.4341,842,1
rep4,1.4343,843,1
rep4,1.4347,844,1
rep4,1.4349,845,1
rep4,1.435,846,1
rep4,1.4357,847,1
rep4,1.4361,848,1
rep4,1.4363,849,1
rep4,1.4364,850,1
rep4,1.4367,851,1
rep4,1.4368,852,1
rep4,1.437,853,1
rep4,1.4371,854,1
rep4,1.4375,855,1
rep4,1.4378,856,1
rep4,1.4379,857,1
rep4,1.4382,858,1
rep4,1.4386,859,1
rep4,1.4397,860,1
rep4,1.4405,861,1
rep4,1.4405,862,1
rep4,1.4406,863,1
rep4,1.4406,864,1
rep4,1.4412,865,1
rep4,1.4413,866,1
rep4,1.4416,867,1
rep4,1.4417,868,1
rep4,1.442,869,1
rep4,1.442,870,1
rep4,1.4429,871,1
rep4,1.4432,872,1
rep4,1.4437,873,1
rep4,1.4438,874,1
rep4,1.4441,875,1
rep4,1.4455,876,1
rep4,1.4455,877,1
rep4,1.4458,878,1
rep4,1.4471,879,1
rep4,1.4473,880,1
rep4,1.4478,881,1
rep4,1.4485,882,1
rep4,1.4488,883,1
rep4,1.4493,884,1
rep4,1.4502,885,1
rep4,1.4508,886,1
rep4,1.451,887,1
rep4,1.4524,888,1
rep4,1.453,889,1
rep4,1.4532,890,1
rep4,1.4545,891,1
rep4,1.4547,892,1
rep4,1.455,893,1
rep4,1.456,894,1
rep4,1.4562,895,1
rep4,1.4563,896,1
rep4,1.4563,897,1
rep4,1.4567,898,1
rep4,1.4567,899,1
rep4,1.4574,900,1
rep4,1.4575,901,1
rep4,1.4582,902,1
rep4,1.4586,903,1
rep4,1.4602,904,1
rep4,1.4615,905,1
rep4,1.4618,906,1
rep4,1.4621,907,1
rep4,1.4624,908,1
rep4,1.4629,909,1
rep4,1.4631,910,1
rep4,1.4634,911,1
rep4,1.4634,912,1
rep4,1.4635,913,1
rep4,1.4638,914,1
rep4,1.4639,915,1
rep4,1.4647,916,1
rep4,1.4649,917,1
rep4,1.4651,918,1
rep4,1.4652,919,1
rep4,1.4659,920,1
rep4,1.4659,921,1
rep4,1.4663,922,1
rep4,1.4666,923,1
rep4,1.4673,924,1
rep4,1.4679,925,1
rep4,1.4697,926,1
rep4,1.4697,927,1
rep4,1.4706,928,1
rep4,1.4708,929,1
rep4,1.4712,930,1
rep4,1.4712,931,1
rep4,1.4716,932,1
rep4,1.4721,933,1
rep4,1.4723,934,1
rep4,1.4736,935,1
rep4,1.474,936,1
rep4,1.474,937,1
rep4,1.4743,938,1
rep4,1.4747,939,1
rep4,1.4758,940,1
rep4,1.476,941,1
rep4,1.4767,942,1
rep4,1.477,943,1
rep4,1.477,944,1
rep4,1.4779,945,1
rep4,1.4781,946,1
rep4,1.4781,947,1
rep4,1.4787,948,1
rep4,1.4792,949,1
rep4,1.4812,950,1
rep4,1.4819,951,1
rep4,1.4824,952,1
rep4,1.4827,953,1
rep4,1.483,954,1
rep4,1.4831,955,1
rep4,1.4838,956,1
rep4,1.4849,957,1
rep4,1.485,958,1
rep4,1.4855,959,1
rep4,1.4858,960,1
rep4,1.4867,961,1
rep4,1.4872,962,1
rep4,1.4876,963,1
rep4,1.4879,964,1
rep4,1.4881,965,1
rep4,1.4882,966,1
rep4,1.4882,967,1
rep4,1.4892,968,1
rep4,1.4897,969,1
rep4,1.4905,970,1
rep4,1.4908,971,1
rep4,1.4917,972,1
rep4,1.4917,973,1
rep4,1.4926,974,1
rep4,1.4926,975,1
rep4,1.4935,976,1
rep4,1.4944,977,1
rep4,1.4945,978,1
rep4,1.495,979,1
rep4,1.4951,980,1
rep4,1.496,981,1
rep4,1.4968,982,1
rep4,1.4978,983,1
rep4,1.4978,984,1
rep4,1.4988,985,1
rep4,1.4999,986,1
rep4,1.5001,987,1
rep4,1.5011,988,1
rep4,1.5016,989,1
rep4,1.5021,990,1
rep4,1.5021,991,1
rep4,1.5027,992,1
rep4,1.5031,993,1
rep4,1.5039,994,1
rep4,1.5046,995,1
rep4,1.5049,996,1
rep4,1.505,997,1
rep4,1.5051,998,1
rep4,1.5051,999,1
rep4,1.5055,1000,1
rep4,1.506,1001,1
rep4,1.5062,1002,1
rep4,1.5063,1003,1
rep4,1.5069,1004,1
rep4,1.5073,1005,1
rep4,1.5074,1006,1
rep4,1.5074,1007,1
rep4,1.5078,1008,1
rep4,1.5089,1009,1
rep4,1.5094,1010,1
rep4,1.5109,1011,1
rep4,1.5112,1012,1
rep4,1.5113,1013,1
rep4,1.5123,1014,1
rep4,1.5129,1015,1
rep4,1.5136,1016,1
rep4,1.5137,1017,1
rep4,1.5138,1018,1
rep4,1.514,1019,1
rep4,1.5147,1020,1
rep4,1.5151,1021,1
rep4,1.5154,1022,1
rep4,1.5156,1023,1
rep4,1.5161,1024,1
rep4,1.5163,1025,1
rep4,1.5166,1026,1
rep4,1.5171,1027,1
rep4,1.5173,1028,1
rep4,1.5187,1029,1
rep4,1.5189,1030,1
rep4,1.5195,1031,1
rep4,1.5202,1032,1
rep4,1.5203,1033,1
rep4,1.5205,1034,1
rep4,1.5221,1035,1
rep4,1.5221,1036,1
rep4,1.5226,1037,1
rep4,1.5232,1038,1
rep4,1.5233,1039,1
rep4,1.5239,1040,1
rep4,1.5241,1041,1
rep4,1.5241,1042,1
rep4,1.5242,1043,1
rep4,1.5245,1044,1
rep4,1.5246,1045,1
rep4,1.5248,1046,1
rep4,1.5249,1047,1
rep4,1.5257,1048,1
rep4,1.5267,1049,1
rep4,1.5275,1050,1
rep4,1.5284,1051,1
rep4,1.5285,1052,1
rep4,1.5289,1053,1
rep4,1.5294,1054,1
rep4,1.5295,1055,1
rep4,1.5308,1056,1
rep4,1.5311,1057,1
rep4,1.5314,1058,1
rep4,1.5317,1059,1
rep4,1.5319,1060,1
rep4,1.532,1061,1
rep4,1.5328,1062,1
rep4,1.5332,1063,1
rep4,1.5343,1064,1
rep4,1.5359,1065,1
rep4,1.5359,1066,1
rep4,1.5363,1067,1
rep4,1.5365,1068,1
rep4,1.5377,1069,1
rep4,1.5379,1070,1
rep4,1.5381,1071,1
rep4,1.5384,1072,1
rep4,1.5396,1073,1
rep4,1.5396,1074,1
rep4,1.5398,1075,1
rep4,1.541,1076,1
rep4,1.5415,1077,1
rep4,1.5418,1078,1
rep4,1.5428,1079,1
rep4,1.5429,1080,1
rep4,1.5429,1081,1
rep4,1.5433,1082,1
rep4,1.5435,1083,1
rep4,1.5446,1084,1
rep4,1.5448,1085,1
rep4,1.5449,1086,1
rep4,1.5454,1087,1
rep4,1.5464,1088,1
rep4,1.5469,1089,1
rep4,1.547,1090,1
rep4,1.5472,1091,1
rep4,1.5472,1092,1
rep4,1.5473,1093,1
rep4,1.5475,1094,1
rep4,1.5476,1095,1
rep4,1.548,1096,1
rep4,1.5496,1097,1
rep4,1.5512,1098,1
rep4,1.5524,1099,1
rep4,1.5525,1100,1
rep4,1.553,1101,1
rep4,1.5531,1102,1
rep4,1.5548,1103,1
rep4,1.5553,1104,1
rep4,1.5555,1105,1
rep4,1.5558,1106,1
rep4,1.5568,1107,1
rep4,1.5576,1108,1
rep4,1.5576,1109,1
rep4,1.558,1110,1
rep4,1.5582,1111,1
rep4,1.5591,1112,1
rep4,1.5593,1113,1
rep4,1.5599,1114,1
rep4,1.5601,1115,1
rep4,1.5628,1116,1
rep4,1.5629,1117,1
rep4,1.563,1118,1
rep4,1.5633,1119,1
rep4,1.5636,1120,1
rep4,1.5639,1121,1
rep4,1.5646,1122,1
rep4,1.5647,1123,1
rep4,1.565,1124,1
rep4,1.5652,1125,1
rep4,1.5656,1126,1
rep4,1.5659,1127,1
rep4,1.5671,1128,1
rep4,1.5679,1129,1
rep4,1.5683,1130,1
rep4,1.5684,1131,1
rep4,1.5697,1132,1
rep4,1.5699,1133,1
rep4,1.5702,1134,1
rep4,1.5706,1135,1
rep4,1.5715,1136,1
rep4,1.5716,1137,1
rep4,1.5717,1138,1
rep4,1.5719,1139,1
rep4,1.5723,1140,1
rep4,1.5726,1141,1
rep4,1.5731,1142,1
rep4,1.5745,1143,1
rep4,1.5748,1144,1
rep4,1.5754,1145,1
rep4,1.5755,1146,1
rep4,1.5771,1147,1
rep4,1.5793,1148,1
rep4,1.5794,1149,1
rep4,1.5796,1150,1
rep4,1.5796,1151,1
rep4,1.5801,1152,1
rep4,1.5803,1153,1
rep4,1.581,1154,1
rep4,1.5815,1155,1
rep4,1.5817,1156,1
rep4,1.5819,1157,1
rep4,1.5824,1158,1
rep4,1.5825,1159,1
rep4,1.5836,1160,1
rep4,1.5837,1161,1
rep4,1.5837,1162,1
rep4,1.5842,1163,1
rep4,1.5854,1164,1
rep4,1.5859,1165,1
rep4,1.5869,1166,1
rep4,1.5877,1167,1
rep4,1.5878,1168,1
rep4,1.5882,1169,1
rep4,1.5882,1170,1
rep4,1.5892,1171,1
rep4,1.5898,1172,1
rep4,1.5901,1173,1
rep4,1.5905,1174,1
rep4,1.5921,1175,1
rep4,1.5922,1176,1
rep4,1.5925,1177,1
rep4,1.5929,1178,1
rep4,1.5937,1179,1
rep4,1.5939,1180,1
rep4,1.5941,1181,1
rep4,1.5944,1182,1
rep4,1.5955,1183,1
rep4,1.5956,1184,1
rep4,1.5967,1185,1
rep4,1.5973,1186,1
rep4,1.5979,1187,1
rep4,1.5993,1188,1
rep4,1.5994,1189,1
rep4,1.6,1190,1
rep4,1.6007,1191,1
rep4,1.6012,1192,1
rep4,1.6013,1193,1
rep4,1.6016,1194,1
rep4,1.6024,1195,1
rep4,1.603,1196,1
rep4,1.6037,1197,1
rep4,1.6042,1198,1
rep4,1.6043,1199,1
rep4,1.6044,1200,1
rep4,1.6054,1201,1
rep4,1.6059,1202,1
rep4,1.606,1203,1
rep4,1.6061,1204,1
rep4,1.6066,1205,1
rep4,1.6068,1206,1
rep4,1.6076,1207,1
rep4,1.6077,1208,1
rep4,1.608,1209,1
rep4,1.6082,1210,1
rep4,1.6086,1211,1
rep4,1.6093,1212,1
rep4,1.61,1213,1
rep4,1.61,1214,1
rep4,1.61,1215,1
rep4,1.6107,1216,1
rep4,1.611,1217,1
rep4,1.611,1218,1
rep4,1.6114,1219,1
rep4,1.6122,1220,1
rep4,1.6123,1221,1
rep4,1.6143,1222,1
rep4,1.6144,1223,1
rep4,1.6145,1224,1
rep4,1.6149,1225,1
rep4,1.6158,1226,1
rep4,1.616,1227,1
rep4,1.616,1228,1
rep4,1.6177,1229,1
rep4,1.6177,1230,1
rep4,1.6179,1231,1
rep4,1.6203,1232,1
rep4,1.6209,1233,1
rep4,1.621,1234,1
rep4,1.6214,1235,1
rep4,1.6216,1236,1
rep4,1.6219,1237,1
rep4,1.6235,1238,1
rep4,1.6237,1239,1
rep4,1.6238,1240,1
rep4,1.6248,1241,1
rep4,1.6248,1242,1
rep4,1.6255,1243,1
rep4,1.6267,1244,1
rep4,1.6268,1245,1
rep4,1.6274,1246,1
rep4,1.6275,1247,1
rep4,1.6277,1248,1
rep4,1.6283,1249,1
rep4,1.6289,1250,1
rep4,1.6298,1251,1
rep4,1.6305,1252,1
rep4,1.6309,1253,1
rep4,1.6309,1254,1
rep4,1.6327,1255,1
rep4,1.6328,1256,1
rep4,1.6336,1257,1
rep4,1.6336,1258,1
rep4,1.6337,1259,1
rep4,1.6348,1260,1
rep4,1.6348,1261,1
rep4,1.6355,1262,1
rep4,1.6357,1263,1
rep4,1.6361,1264,1
rep4,1.6367,1265,1
rep4,1.638,1266,1
rep4,1.638,1267,1
rep4,1.6386,1268,1
rep4,1.6392,1269,1
rep4,1.6396,1270,1
rep4,1.64,1271,1
rep4,1.6401,1272,1
rep4,1.641,1273,1
rep4,1.6412,1274,1
rep4,1.6426,1275,1
rep4,1.6426,1276,1
rep4,1.6428,1277,1
rep4,1.6428,1278,1
rep4,1.6436,1279,1
rep4,1.6439,1280,1
rep4,1.6441,1281,1
rep4,1.6442,1282,1
rep4,1.6444,1283,1
rep4,1.6447,1284,1
rep4,1.6448,1285,1
rep4,1.6457,1286,1
rep4,1.6464,1287,1
rep4,1.647,1288,1
rep4,1.6473,1289,1
rep4,1.6473,1290,1
rep4,1.6479,1291,1
rep4,1.6481,1292,1
rep4,1.6496,1293,1
rep4,1.6497,1294,1
rep4,1.6503,1295,1
rep4,1.6504,1296,1
rep4,1.6513,1297,1
rep4,1.652,1298,1
rep4,1.6528,1299,1
rep4,1.653,1300,1
rep4,1.6533,1301,1
rep4,1.6537,1302,1
rep4,1.6541,1303,1
rep4,1.6549,1304,1
rep4,1.6557,1305,1
rep4,1.6563,1306,1
rep4,1.6567,1307,1
rep4,1.657,1308,1
rep4,1.6574,1309,1
rep4,1.6576,1310,1
rep4,1.658,1311,1
rep4,1.6585,1312,1
rep4,1.6592,1313,1
rep4,1.6597,1314,1
rep4,1.6599,1315,1
rep4,1.6602,1316,1
rep4,1.6609,1317,1
rep4,1.661,1318,1
rep4,1.6615,1319,1
rep4,1.6619,1320,1
rep4,1.6636,1321,1
rep4,1.6637,1322,1
rep4,1.6653,1323,1
rep4,1.6656,1324,1
rep4,1.666,1325,1
rep4,1.6664,1326,1
rep4,1.6666,1327,1
rep4,1.668,1328,1
rep4,1.6681,1329,1
rep4,1.6684,1330,1
rep4,1.6687,1331,1
rep4,1.6688,1332,1
rep4,1.669,1333,1
rep4,1.6696,1334,1
rep4,1.6698,1335,1
rep4,1.6702,1336,1
rep4,1.6706,1337,1
rep4,1.6712,1338,1
rep4,1.6726,1339,1
rep4,1.6726,1340,1
rep4,1.673,1341,1
rep4,1.6738,1342,1
rep4,1.6748,1343,1
rep4,1.6748,1344,1
rep4,1.6758,1345,1
rep4,1.6766,1346,1
rep4,1.6768,1347,1
rep4,1.677,1348,1
rep4,1.677,1349,1
rep4,1.6772,1350,1
rep4,1.6774,1351,1
rep4,1.6775,1352,1
rep4,1.6782,1353,1
rep4,1.6783,1354,1
rep4,1.6801,1355,1
rep4,1.6804,1356,1
rep4,1.6809,1357,1
rep4,1.681,1358,1
rep4,1.6812,1359,1
rep4,1.682,1360,1
rep4,1.6826,1361,1
rep4,1.6826,1362,1
rep4,1.6833,1363,1
rep4,1.6848,1364,1
rep4,1.685,1365,1
rep4,1.6854,1366,1
rep4,1.6859,1367,1
rep4,1.6865,1368,1
rep4,1.6889,1369,1
rep4,1.6895,1370,1
rep4,1.6896,1371,1
rep4,1.6908,1372,1
rep4,1.6916,1373,1
rep4,1.692,1374,1
rep4,1.6921,1375,1
rep4,1.6938,1376,1
rep4,1.6939,1377,1
rep4,1.6942,1378,1
rep4,1.695,1379,1
rep4,1.6966,1380,1
rep4,1.6976,1381,1
rep4,1.698,1382,1
rep4,1.6986,1383,1
rep4,1.6997,1384,1
rep4,1.6997,1385,1
rep4,1.6999,1386,1
rep4,1.7007,1387,1
rep4,1.7016,1388,1
rep4,1.7018,1389,1
rep4,1.703,1390,1
rep4,1.704,1391,1
rep4,1.7044,1392,1
rep4,1.7069,1393,1
rep4,1.7073,1394,1
rep4,1.7085,1395,1
rep4,1.7088,1396,1
rep4,1.7095,1397,1
rep4,1.7098,1398,1
rep4,1.7101,1399,1
rep4,1.7113,1400,1
rep4,1.7117,1401,1
rep4,1.714,1402,1
rep4,1.7141,1403,1
rep4,1.7144,1404,1
rep4,1.7146,1405,1
rep4,1.7153,1406,1
rep4,1.7165,1407,1
rep4,1.7167,1408,1
rep4,1.7171,1409,1
rep4,1.7174,1410,1
rep4,1.7179,1411,1
rep4,1.7184,1412,1
rep4,1.7188,1413,1
rep4,1.7207,1414,1
rep4,1.7208,1415,1
rep4,1.7208,1416,1
rep4,1.7209,1417,1
rep4,1.7214,1418,1
rep4,1.722,1419,1
rep4,1.7223,1420,1
rep4,1.7224,1421,1
rep4,1.7231,1422,1
rep4,1.7235,1423,1
rep4,1.7242,1424,1
rep4,1.7253,1425,1
rep4,1.7255,1426,1
rep4,1.7262,1427,1
rep4,1.7275,1428,1
rep4,1.728,1429,1
rep4,1.7285,1430,1
rep4,1.7289,1431,1
rep4,1.7294,1432,1
rep4,1.7306,1433,1
rep4,1.7314,1434,1
rep4,1.7333,1435,1
rep4,1.7335,1436,1
rep4,1.7341,1437,1
rep4,1.7341,1438,1
rep4,1.7346,1439,1
rep4,1.7351,1440,1
rep4,1.7353,1441,1
rep4,1.7353,1442,1
rep4,1.7361,1443,1
rep4,1.7366,1444,1
rep4,1.7369,1445,1
rep4,1.7372,1446,1
rep4,1.7377,1447,1
rep4,1.7388,1448,1
rep4,1.7388,1449,1
rep4,1.7402,1450,1
rep4,1.7408,1451,1
rep4,1.741,1452,1
rep4,1.7415,1453,1
rep4,1.7423,1454,1
rep4,1.7423,1455,1
rep4,1.7428,1456,1
rep4,1.7436,1457,1
rep4,1.7445,1458,1
rep4,1.7451,1459,1
rep4,1.7459,1460,1
rep4,1.7464,1461,1
rep4,1.7465,1462,1
rep4,1.7469,1463,1
rep4,1.7473,1464,1
rep4,1.7476,1465,1
rep4,1.7478,1466,1
rep4,1.7489,1467,1
rep4,1.7498,1468,1
rep4,1.7498,1469,1
rep4,1.7512,1470,1
rep4,1.7519,1471,1
rep4,1.7522,1472,1
rep4,1.7525,1473,1
rep4,1.7526,1474,1
rep4,1.7529,1475,1
rep4,1.7535,1476,1
rep4,1.7537,1477,1
rep4,1.7557,1478,1
rep4,1.7566,1479,1
rep4,1.757,1480,1
rep4,1.7574,1481,1
rep4,1.7574,1482,1
rep4,1.7577,1483,1
rep4,1.7588,1484,1
rep4,1.7591,1485,1
rep4,1.7596,1486,1
rep4,1.7601,1487,1
rep4,1.7602,1488,1
rep4,1.7609,1489,1
rep4,1.7618,1490,1
rep4,1.764,1491,1
rep4,1.7644,1492,1
rep4,1.7659,1493,1
rep4,1.7661,1494,1
rep4,1.7662,1495,1
rep4,1.7664,1496,1
rep4,1.7694,1497,1
rep4,1.7698,1498,1
rep4,1.7702,1499,1
rep4,1.7716,1500,1
rep4,1.7717,1501,1
rep4,1.7728,1502,1
rep4,1.7729,1503,1
rep4,1.773,1504,1
rep4,1.7735,1505,1
rep4,1.7735,1506,1
rep4,1.7744,1507,1
rep4,1.776,1508,1
rep4,1.7775,1509,1
rep4,1.7796,1510,1
rep4,1.7803,1511,1
rep4,1.781,1512,1
rep4,1.7822,1513,1
rep4,1.7823,1514,1
rep4,1.7826,1515,1
rep4,1.7827,1516,1
rep4,1.7829,1517,1
rep4,1.7829,1518,1
rep4,1.7836,1519,1
rep4,1.7845,1520,1
rep4,1.7846,1521,1
rep4,1.7855,1522,1
rep4,1.7856,1523,1
rep4,1.7859,1524,1
rep4,1.7861,1525,1
rep4,1.7864,1526,1
rep4,1.7871,1527,1
rep4,1.7894,1528,1
rep4,1.7894,1529,1
rep4,1.7908,1530,1
rep4,1.7914,1531,1
rep4,1.7914,1532,1
rep4,1.7921,1533,1
rep4,1.7922,1534,1
rep4,1.793,1535,1
rep4,1.7937,1536,1
rep4,1.7939,1537,1
rep4,1.7941,1538,1
rep4,1.7944,1539,1
rep4,1.7952,1540,1
rep4,1.7958,1541,1
rep4,1.796,1542,1
rep4,1.7963,1543,1
rep4,1.7965,1544,1
rep4,1.797,1545,1
rep4,1.7971,1546,1
rep4,1.7971,1547,1
rep4,1.7973,1548,1
rep4,1.7983,1549,1
rep4,1.7984,1550,1
rep4,1.7986,1551,1
rep4,1.7988,1552,1
rep4,1.7994,1553,1
rep4,1.7999,1554,1
rep4,1.8001,1555,1
rep4,1.8016,1556,1
rep4,1.8018,1557,1
rep4,1.8018,1558,1
rep4,1.802,1559,1
rep4,1.803,1560,1
rep4,1.8039,1561,1
rep4,1.8046,1562,1
rep4,1.8048,1563,1
rep4,1.8054,1564,1
rep4,1.8058,1565,1
rep4,1.8061,1566,1
rep4,1.8064,1567,1
rep4,1.8069,1568,1
rep4,1.807,1569,1
rep4,1.8077,1570,1
rep4,1.8091,1571,1
rep4,1.8093,1572,1
rep4,1.8095,1573,1
rep4,1.8097,1574,1
rep4,1.8099,1575,1
rep4,1.8103,1576,1
rep4,1.8115,1577,1
rep4,1.8117,1578,1
rep4,1.812,1579,1
rep4,1.8128,1580,1
rep4,1.8137,1581,1
rep4,1.8145,1582,1
rep4,1.8152,1583,1
rep4,1.8154,1584,1
rep4,1.816,1585,1
rep4,1.8162,1586,1
rep4,1.8172,1587,1
rep4,1.8175,1588,1
rep4,1.8179,1589,1
rep4,1.8185,1590,1
rep4,1.8191,1591,1
rep4,1.8194,1592,1
rep4,1.8203,1593,1
rep4,1.8208,1594,1
rep4,1.8213,1595,1
rep4,1.8234,1596,1
rep4,1.8259,1597,1
rep4,1.8264,1598,1
rep4,1.827,1599,1
rep4,1.8272,1600,1
rep4,1.8277,1601,1
rep4,1.8278,1602,1
rep4,1.8296,1603,1
rep4,1.8302,1604,1
rep4,1.8331,1605,1
rep4,1.8341,1606,1
rep4,1.8345,1607,1
rep4,1.835,1608,1
rep4,1.8356,1609,1
rep4,1.8366,1610,1
rep4,1.8373,1611,1
rep4,1.8382,1612,1
rep4,1.8386,1613,1
rep4,1.8387,1614,1
rep4,1.8392,1615,1
rep4,1.8399,1616,1
rep4,1.8404,1617,1
rep4,1.8412,1618,1
rep4,1.8414,1619,1
rep4,1.8427,1620,1
rep4,1.8432,1621,1
rep4,1.8434,1622,1
rep4,1.845,1623,1
rep4,1.8455,1624,1
rep4,1.8469,1625,1
rep4,1.847,1626,1
rep4,1.8471,1627,1
rep4,1.8476,1628,1
rep4,1.8487,1629,1
rep4,1.8511,1630,1
rep4,1.8512,1631,1
rep4,1.8512,1632,1
rep4,1.8513,1633,1
rep4,1.8517,1634,1
rep4,1.8521,1635,1
rep4,1.8539,1636,1
rep4,1.8542,1637,1
rep4,1.8545,1638,1
rep4,1.8551,1639,1
rep4,1.8568,1640,1
rep4,1.8569,1641,1
rep4,1.857,1642,1
rep4,1.8577,1643,1
rep4,1.8582,1644,1
rep4,1.8594,1645,1
rep4,1.8599,1646,1
rep4,1.86,1647,1
rep4,1.8603,1648,1
rep4,1.8603,1649,1
rep4,1.8607,1650,1
rep4,1.862,1651,1
rep4,1.8621,1652,1
rep4,1.8625,1653,1
rep4,1.8627,1654,1
rep4,1.863,1655,1
rep4,1.8633,1656,1
rep4,1.8636,1657,1
rep4,1.865,1658,1
rep4,1.8662,1659,1
rep4,1.8672,1660,1
rep4,1.8678,1661,1
rep4,1.8681,1662,1
rep4,1.8683,1663,1
rep4,1.8692,1664,1
rep4,1.8696,1665,1
rep4,1.8712,1666,1
rep4,1.8713,1667,1
rep4,1.8717,1668,1
rep4,1.872,1669,1
rep4,1.8724,1670,1
rep4,1.8727,1671,1
rep4,1.8731,1672,1
rep4,1.8738,1673,1
rep4,1.8743,1674,1
rep4,1.876,1675,1
rep4,1.8761,1676,1
rep4,1.8763,1677,1
rep4,1.8775,1678,1
rep4,1.8782,1679,1
rep4,1.8803,1680,1
rep4,1.8804,1681,1
rep4,1.8818,1682,1
rep4,1.8819,1683,1
rep4,1.882,1684,1
rep4,1.8827,1685,1
rep4,1.8835,1686,1
rep4,1.8838,1687,1
rep4,1.8843,1688,1
rep4,1.8857,1689,1
rep4,1.887,1690,1
rep4,1.8876,1691,1
rep4,1.8882,1692,1
rep4,1.8883,1693,1
rep4,1.8886,1694,1
rep4,1.8898,1695,1
rep4,1.8907,1696,1
rep4,1.8914,1697,1
rep4,1.893,1698,1
rep4,1.8932,1699,1
rep4,1.8934,1700,1
rep4,1.8934,1701,1
rep4,1.894,1702,1
rep4,1.8942,1703,1
rep4,1.8948,1704,1
rep4,1.8948,1705,1
rep4,1.8964,1706,1
rep4,1.8981,1707,1
rep4,1.8991,1708,1
rep4,1.8996,1709,1
rep4,1.8998,1710,1
rep4,1.9002,1711,1
rep4,1.9005,1712,1
rep4,1.9006,1713,1
rep4,1.902,1714,1
rep4,1.9033,1715,1
rep4,1.9035,1716,1
rep4,1.9047,1717,1
rep4,1.9053,1718,1
rep4,1.9054,1719,1
rep4,1.9066,1720,1
rep4,1.9072,1721,1
rep4,1.9076,1722,1
rep4,1.9078,1723,1
rep4,1.9084,1724,1
rep4,1.9086,1725,1
rep4,1.9086,1726,1
rep4,1.9103,1727,1
rep4,1.912,1728,1
rep4,1.9121,1729,1
rep4,1.9135,1730,1
rep4,1.9135,1731,1
rep4,1.914,1732,1
rep4,1.914,1733,1
rep4,1.9141,1734,1
rep4,1.9142,1735,1
rep4,1.9149,1736,1
rep4,1.9151,1737,1
rep4,1.9156,1738,1
rep4,1.9156,1739,1
rep4,1.9162,1740,1
rep4,1.9173,1741,1
rep4,1.9175,1742,1
rep4,1.9175,1743,1
rep4,1.9182,1744,1
rep4,1.9184,1745,1
rep4,1.9191,1746,1
rep4,1.9198,1747,1
rep4,1.9214,1748,1
rep4,1.9219,1749,1
rep4,1.9222,1750,1
rep4,1.9233,1751,1
rep4,1.9238,1752,1
rep4,1.9243,1753,1
rep4,1.9251,1754,1
rep4,1.9254,1755,1
rep4,1.9259,1756,1
rep4,1.926,1757,1
rep4,1.9261,1758,1
rep4,1.9263,1759,1
rep4,1.9265,1760,1
rep4,1.9268,1761,1
rep4,1.927,1762,1
rep4,1.9274,1763,1
rep4,1.9277,1764,1
rep4,1.9281,1765,1
rep4,1.9282,1766,1
rep4,1.9283,1767,1
rep4,1.9286,1768,1
rep4,1.9289,1769,1
rep4,1.9296,1770,1
rep4,1.9313,1771,1
rep4,1.9314,1772,1
rep4,1.932,1773,1
rep4,1.9328,1774,1
rep4,1.9334,1775,1
rep4,1.9352,1776,1
rep4,1.9357,1777,1
rep4,1.9366,1778,1
rep4,1.9367,1779,1
rep4,1.9373,1780,1
rep4,1.9384,1781,1
rep4,1.9385,1782,1
rep4,1.9386,1783,1
rep4,1.9388,1784,1
rep4,1.9391,1785,1
rep4,1.9396,1786,1
rep4,1.94,1787,1
rep4,1.9411,1788,1
rep4,1.9412,1789,1
rep4,1.9443,1790,1
rep4,1.9451,1791,1
rep4,1.9467,1792,1
rep4,1.9468,1793,1
rep4,1.9492,1794,1
rep4,1.9495,1795,1
rep4,1.95,1796,1
rep4,1.95,1797,1
rep4,1.9512,1798,1
rep4,1.9541,1799,1
rep4,1.9547,1800,1
rep4,1.9551,1801,1
rep4,1.9578,1802,1
rep4,1.9579,1803,1
rep4,1.9579,1804,1
rep4,1.9583,1805,1
rep4,1.9597,1806,1
rep4,1.9597,1807,1
rep4,1.96,1808,1
rep4,1.9603,1809,1
rep4,1.9613,1810,1
rep4,1.962,1811,1
rep4,1.9621,1812,1
rep4,1.9622,1813,1
rep4,1.9624,1814,1
rep4,1.9625,1815,1
rep4,1.9625,1816,1
rep4,1.9629,1817,1
rep4,1.9633,1818,1
rep4,1.9634,1819,1
rep4,1.9635,1820,1
rep4,1.9646,1821,1
rep4,1.965,1822,1
rep4,1.9661,1823,1
rep4,1.9669,1824,1
rep4,1.9676,1825,1
rep4,1.968,1826,1
rep4,1.9682,1827,1
rep4,1.9684,1828,1
rep4,1.9689,1829,1
rep4,1.9691,1830,1
rep4,1.9693,1831,1
rep4,1.9697,1832,1
rep4,1.97,1833,1
rep4,1.9706,1834,1
rep4,1.9707,1835,1
rep4,1.9708,1836,1
rep4,1.9716,1837,1
rep4,1.9717,1838,1
rep4,1.9722,1839,1
rep4,1.9735,1840,1
rep4,1.9741,1841,1
rep4,1.975,1842,1
rep4,1.9753,1843,1
rep4,1.9753,1844,1
rep4,1.9755,1845,1
rep4,1.9757,1846,1
rep4,1.977,1847,1
rep4,1.9772,1848,1
rep4,1.9791,1849,1
rep4,1.9799,1850,1
rep4,1.9801,1851,1
rep4,1.9806,1852,1
rep4,1.9811,1853,1
rep4,1.9814,1854,1
rep4,1.982,1855,1
rep4,1.9825,1856,1
rep4,1.9838,1857,1
rep4,1.9839,1858,1
rep4,1.984,1859,1
rep4,1.9856,1860,1
rep4,1.9859,1861,1
rep4,1.9885,1862,1
rep4,1.9905,1863,1
rep4,1.9917,1864,1
rep4,1.9924,1865,1
rep4,1.9925,1866,1
rep4,1.9933,1867,1
rep4,1.9965,1868,1
rep4,1.9969,1869,1
rep4,1.9973,1870,1
rep4,1.9974,1871,1
rep4,1.9976,1872,1
rep4,1.9979,1873,1
rep4,1.9986,1874,1
rep4,1.9992,1875,1
rep4,2.0001,1876,1
rep4,2.0013,1877,1
rep4,2.0013,1878,1
rep4,2.002,1879,1
rep4,2.0026,1880,1
rep4,2.0032,1881,1
rep4,2.0033,1882,1
rep4,2.0043,1883,1
rep4,2.0046,1884,1
rep4,2.0053,1885,1
rep4,2.0069,1886,1
rep4,2.0075,1887,1
rep4,2.0081,1888,1
rep4,2.0081,1889,1
rep4,2.0092,1890,1
rep4,2.0092,1891,1
rep4,2.0097,1892,1
rep4,2.0098,1893,1
rep4,2.0099,1894,1
rep4,2.0106,1895,1
rep4,2.0123,1896,1
rep4,2.0149,1897,1
rep4,2.0155,1898,1
rep4,2.0165,1899,1
rep4,2.017,1900,1
rep4,2.0173,1901,1
rep4,2.0189,1902,1
rep4,2.0205,1903,1
rep4,2.021,1904,1
rep4,2.0212,1905,1
rep4,2.0216,1906,1
rep4,2.0216,1907,1
rep4,2.0228,1908,1
rep4,2.0253,1909,1
rep4,2.0258,1910,1
rep4,2.0263,1911,1
rep4,2.0276,1912,1
rep4,2.0276,1913,1
rep4,2.0286,1914,1
rep4,2.0286,1915,1
rep4,2.0293,1916,1
rep4,2.0299,1917,1
rep4,2.03,1918,1
rep4,2.0302,1919,1
rep4,2.032,1920,1
rep4,2.0326,1921,1
rep4,2.0336,1922,1
rep4,2.0338,1923,1
rep4,2.0339,1924,1
rep4,2.034,1925,1
rep4,2.0344,1926,1
rep4,2.0351,1927,1
rep4,2.036,1928,1
rep4,2.0361,1929,1
rep4,2.0366,1930,1
rep4,2.0378,1931,1
rep4,2.038,1932,1
rep4,2.038,1933,1
rep4,2.038,1934,1
rep4,2.0393,1935,1
rep4,2.0403,1936,1
rep4,2.0406,1937,1
rep4,2.0411,1938,1
rep4,2.043,1939,1
rep4,2.0431,1940,1
rep4,2.0438,1941,1
rep4,2.0447,1942,1
rep4,2.0449,1943,1
rep4,2.0452,1944,1
rep4,2.0455,1945,1
rep4,2.0467,1946,1
rep4,2.0471,1947,1
rep4,2.0477,1948,1
rep4,2.0484,1949,1
rep4,2.0487,1950,1
rep4,2.0495,1951,1
rep4,2.0505,1952,1
rep4,2.0515,1953,1
rep4,2.052,1954,1
rep4,2.0531,1955,1
rep4,2.0532,1956,1
rep4,2.0535,1957,1
rep4,2.0539,1958,1
rep4,2.054,1959,1
rep4,2.0554,1960,1
rep4,2.0567,1961,1
rep4,2.057,1962,1
rep4,2.057,1963,1
rep4,2.0575,1964,1
rep4,2.0583,1965,1
rep4,2.0584,1966,1
rep4,2.0589,1967,1
rep4,2.0592,1968,1
rep4,2.0593,1969,1
rep4,2.0602,1970,1
rep4,2.0603,1971,1
rep4,2.0608,1972,1
rep4,2.0614,1973,1
rep4,2.0615,1974,1
rep4,2.0625,1975,1
rep4,2.0633,1976,1
rep4,2.0645,1977,1
rep4,2.0651,1978,1
rep4,2.0675,1979,1
rep4,2.0681,1980,1
rep4,2.0691,1981,1
rep4,2.0698,1982,1
rep4,2.0722,1983,1
rep4,2.0726,1984,1
rep4,2.0735,1985,1
rep4,2.0738,1986,1
rep4,2.0741,1987,1
rep4,2.0751,1988,1
rep4,2.0756,1989,1
rep4,2.0756,1990,1
rep4,2.0768,1991,1
rep4,2.0782,1992,1
rep4,2.0787,1993,1
rep4,2.0794,1994,1
rep4,2.08,1995,1
rep4,2.0802,1996,1
rep4,2.0806,1997,1
rep4,2.0809,1998,1
rep4,2.0815,1999,1
rep4,2.0817,2000,1
rep4,2.0822,2001,1
rep4,2.0832,2002,1
rep4,2.0839,2003,1
rep4,2.0842,2004,1
rep4,2.0845,2005,1
rep4,2.0853,2006,1
rep4,2.0853,2007,1
rep4,2.086,2008,1
rep4,2.0861,2009,1
rep4,2.0865,2010,1
rep4,2.0868,2011,1
rep4,2.0871,2012,1
rep4,2.0881,2013,1
rep4,2.0896,2014,1
rep4,2.0908,2015,1
rep4,2.0928,2016,1
rep4,2.0931,2017,1
rep4,2.0933,2018,1
rep4,2.0941,2019,1
rep4,2.0948,2020,1
rep4,2.095,2021,1
rep4,2.0958,2022,1
rep4,2.0962,2023,1
rep4,2.0973,2024,1
rep4,2.0975,2025,1
rep4,2.098,2026,1
rep4,2.0982,2027,1
rep4,2.0985,2028,1
rep4,2.0985,2029,1
rep4,2.0986,2030,1
rep4,2.0989,2031,1
rep4,2.0993,2032,1
rep4,2.0997,2033,1
rep4,2.1002,2034,1
rep4,2.1012,2035,1
rep4,2.1013,2036,1
rep4,2.1017,2037,1
rep4,2.1019,2038,1
rep4,2.1024,2039,1
rep4,2.1031,2040,1
rep4,2.1033,2041,1
rep4,2.1045,2042,1
rep4,2.1061,2043,1
rep4,2.1063,2044,1
rep4,2.1064,2045,1
rep4,2.1067,2046,1
rep4,2.1069,2047,1
rep4,2.1083,2048,1
rep4,2.1089,2049,1
rep4,2.1099,2050,1
rep4,2.1101,2051,1
rep4,2.111,2052,1
rep4,2.1111,2053,1
rep4,2.1112,2054,1
rep4,2.1117,2055,1
rep4,2.1119,2056,1
rep4,2.1123,2057,1
rep4,2.1142,2058,1
rep4,2.1155,2059,1
rep4,2.1159,2060,1
rep4,2.1159,2061,1
rep4,2.1161,2062,1
rep4,2.1162,2063,1
rep4,2.1175,2064,1
rep4,2.1177,2065,1
rep4,2.1178,2066,1
rep4,2.1179,2067,1
rep4,2.1189,2068,1
rep4,2.1197,2069,1
rep4,2.12,2070,1
rep4,2.121,2071,1
rep4,2.1218,2072,1
rep4,2.1221,2073,1
rep4,2.1223,2074,1
rep4,2.1225,2075,1
rep4,2.1237,2076,1
rep4,2.1239,2077,1
rep4,2.1239,2078,1
rep4,2.1241,2079,1
rep4,2.1244,2080,1
rep4,2.1252,2081,1
rep4,2.1258,2082,1
rep4,2.1258,2083,1
rep4,2.1281,2084,1
rep4,2.1282,2085,1
rep4,2.1286,2086,1
rep4,2.1287,2087,1
rep4,2.1296,2088,1
rep4,2.1301,2089,1
rep4,2.1301,2090,1
rep4,2.1306,2091,1
rep4,2.1317,2092,1
rep4,2.1321,2093,1
rep4,2.1325,2094,1
rep4,2.1332,2095,1
rep4,2.134,2096,1
rep4,2.1346,2097,1
rep4,2.135,2098,1
rep4,2.1352,2099,1
rep4,2.1353,2100,1
rep4,2.1359,2101,1
rep4,2.1361,2102,1
rep4,2.1368,2103,1
rep4,2.137,2104,1
rep4,2.1383,2105,1
rep4,2.1387,2106,1
rep4,2.1399,2107,1
rep4,2.141,2108,1
rep4,2.1413,2109,1
rep4,2.1415,2110,1
rep4,2.1417,2111,1
rep4,2.1432,2112,1
rep4,2.1437,2113,1
rep4,2.1446,2114,1
rep4,2.1448,2115,1
rep4,2.1449,2116,1
rep4,2.1453,2117,1
rep4,2.1464,2118,1
rep4,2.1466,2119,1
rep4,2.1471,2120,1
rep4,2.1478,2121,1
rep4,2.1483,2122,1
rep4,2.1488,2123,1
rep4,2.1496,2124,1
rep4,2.1498,2125,1
rep4,2.1501,2126,1
rep4,2.151,2127,1
rep4,2.151,2128,1
rep4,2.1515,2129,1
rep4,2.1517,2130,1
rep4,2.1519,2131,1
rep4,2.152,2132,1
rep4,2.1524,2133,1
rep4,2.1527,2134,1
rep4,2.1532,2135,1
rep4,2.1542,2136,1
rep4,2.1545,2137,1
rep4,2.1549,2138,1
rep4,2.1559,2139,1
rep4,2.1563,2140,1
rep4,2.1564,2141,1
rep4,2.1573,2142,1
rep4,2.1578,2143,1
rep4,2.159,2144,1
rep4,2.1592,2145,1
rep4,2.1596,2146,1
rep4,2.1597,2147,1
rep4,2.1597,2148,1
rep4,2.1604,2149,1
rep4,2.1606,2150,1
rep4,2.1613,2151,1
rep4,2.1623,2152,1
rep4,2.1633,2153,1
rep4,2.1646,2154,1
rep4,2.1646,2155,1
rep4,2.1647,2156,1
rep4,2.1657,2157,1
rep4,2.1661,2158,1
rep4,2.1669,2159,1
rep4,2.1675,2160,1
rep4,2.1676,2161,1
rep4,2.1684,2162,1
rep4,2.1687,2163,1
rep4,2.169,2164,1
rep4,2.1694,2165,1
rep4,2.1696,2166,1
rep4,2.1701,2167,1
rep4,2.1702,2168,1
rep4,2.1708,2169,1
rep4,2.1713,2170,1
rep4,2.1713,2171,1
rep4,2.1715,2172,1
rep4,2.1718,2173,1
rep4,2.1721,2174,1
rep4,2.1728,2175,1
rep4,2.1739,2176,1
rep4,2.1755,2177,1
rep4,2.1756,2178,1
rep4,2.1769,2179,1
rep4,2.1775,2180,1
rep4,2.1779,2181,1
rep4,2.1787,2182,1
rep4,2.1788,2183,1
rep4,2.1795,2184,1
rep4,2.1797,2185,1
rep4,2.18,2186,1
rep4,2.1802,2187,1
rep4,2.1806,2188,1
rep4,2.1808,2189,1
rep4,2.1822,2190,1
rep4,2.1835,2191,1
rep4,2.1842,2192,1
rep4,2.1849,2193,1
rep4,2.1852,2194,1
rep4,2.1857,2195,1
rep4,2.1858,2196,1
rep4,2.1859,2197,1
rep4,2.1866,2198,1
rep4,2.1866,2199,1
rep4,2.1869,2200,1
rep4,2.187,2201,1
rep4,2.1873,2202,1
rep4,2.1882,2203,1
rep4,2.1884,2204,1
rep4,2.1889,2205,1
rep4,2.1893,2206,1
rep4,2.1903,2207,1
rep4,2.1918,2208,1
rep4,2.1924,2209,1
rep4,2.1926,2210,1
rep4,2.193,2211,1
rep4,2.1937,2212,1
rep4,2.1939,2213,1
rep4,2.1944,2214,1
rep4,2.1947,2215,1
rep4,2.195,2216,1
rep4,2.1956,2217,1
rep4,2.1956,2218,1
rep4,2.1957,2219,1
rep4,2.1973,2220,1
rep4,2.1976,2221,1
rep4,2.1976,2222,1
rep4,2.1977,2223,1
rep4,2.198,2224,1
rep4,2.1986,2225,1
rep4,2.1987,2226,1
rep4,2.1989,2227,1
rep4,2.1998,2228,1
rep4,2.1999,2229,1
rep4,2.2,2230,1
rep4,2.2014,2231,1
rep4,2.2024,2232,1
rep4,2.2025,2233,1
rep4,2.2026,2234,1
rep4,2.2028,2235,1
rep4,2.2029,2236,1
rep4,2.2036,2237,1
rep4,2.2041,2238,1
rep4,2.2043,2239,1
rep4,2.2049,2240,1
rep4,2.2058,2241,1
rep4,2.2061,2242,1
rep4,2.2065,2243,1
rep4,2.2072,2244,1
rep4,2.2083,2245,1
rep4,2.2086,2246,1
rep4,2.2095,2247,1
rep4,2.2103,2248,1
rep4,2.2106,2249,1
rep4,2.2107,2250,1
rep4,2.2112,2251,1
rep4,2.2115,2252,1
rep4,2.2117,2253,1
rep4,2.212,2254,1
rep4,2.2122,2255,1
rep4,2.2127,2256,1
rep4,2.2128,2257,1
rep4,2.2128,2258,1
rep4,2.2136,2259,1
rep4,2.2136,2260,1
rep4,2.2137,2261,1
rep4,2.2138,2262,1
rep4,2.2141,2263,1
rep4,2.2157,2264,1
rep4,2.2158,2265,1
rep4,2.2171,2266,1
rep4,2.2174,2267,1
rep4,2.2177,2268,1
rep4,2.218,2269,1
rep4,2.2186,2270,1
rep4,2.2187,2271,1
rep4,2.2187,2272,1
rep4,2.2193,2273,1
rep4,2.2193,2274,1
rep4,2.2203,2275,1
rep4,2.2203,2276,1
rep4,2.2204,2277,1
rep4,2.2207,2278,1
rep4,2.221,2279,1
rep4,2.2211,2280,1
rep4,2.2211,2281,1
rep4,2.2217,2282,1
rep4,2.2226,2283,1
rep4,2.2228,2284,1
rep4,2.2229,2285,1
rep4,2.2233,2286,1
rep4,2.2233,2287,1
rep4,2.2242,2288,1
rep4,2.2243,2289,1
rep4,2.2251,2290,1
rep4,2.2253,2291,1
rep4,2.2257,2292,1
rep4,2.2257,2293,1
rep4,2.2265,2294,1
rep4,2.2266,2295,1
rep4,2.2268,2296,1
rep4,2.2274,2297,1
rep4,2.2276,2298,1
rep4,2.2284,2299,1
rep4,2.2291,2300,1
rep4,2.2297,2301,1
rep4,2.23,2302,1
rep4,2.2303,2303,1
rep4,2.2306,2304,1
rep4,2.2309,2305,1
rep4,2.2309,2306,1
rep4,2.2311,2307,1
rep4,2.2313,2308,1
rep4,2.2326,2309,1
rep4,2.2339,2310,1
rep4,2.2341,2311,1
rep4,2.2341,2312,1
rep4,2.235,2313,1
rep4,2.2351,2314,1
rep4,2.2358,2315,1
rep4,2.2362,2316,1
rep4,2.2378,2317,1
rep4,2.2383,2318,1
rep4,2.2387,2319,1
rep4,2.2394,2320,1
rep4,2.2395,2321,1
rep4,2.2397,2322,1
rep4,2.2404,2323,1
rep4,2.2407,2324,1
rep4,2.2408,2325,1
rep4,2.2415,2326,1
rep4,2.2419,2327,1
rep4,2.2421,2328,1
rep4,2.2429,2329,1
rep4,2.2429,2330,1
rep4,2.2429,2331,1
rep4,2.2433,2332,1
rep4,2.2435,2333,1
rep4,2.2436,2334,1
rep4,2.2436,2335,1
rep4,2.2439,2336,1
rep4,2.2441,2337,1
rep4,2.2446,2338,1
rep4,2.2447,2339,1
rep4,2.245,2340,1
rep4,2.246,2341,1
rep4,2.2462,2342,1
rep4,2.2467,2343,1
rep4,2.2483,2344,1
rep4,2.2486,2345,1
rep4,2.2486,2346,1
rep4,2.2488,2347,1
rep4,2.25,2348,1
rep4,2.2502,2349,1
rep4,2.2509,2350,1
rep4,2.2516,2351,1
rep4,2.2523,2352,1
rep4,2.2525,2353,1
rep4,2.2528,2354,1
rep4,2.2531,2355,1
rep4,2.2537,2356,1
rep4,2.254,2357,1
rep4,2.2541,2358,1
rep4,2.2546,2359,1
rep4,2.2552,2360,1
rep4,2.2559,2361,1
rep5,0.2627,0,1
rep5,1.0444,1,1
rep5,1.0466,2,1
rep5,1.0493,3,1
rep5,1.0503,4,1
rep5,1.0517,5,1
rep5,1.0533,6,1
rep5,1.0574,7,1
rep5,1.0587,8,1
rep5,1.0592,9,1
rep5,1.0607,10,1
rep5,1.0662,11,1
rep5,1.0792,12,1
rep5,1.0793,13,1
rep5,1.0795,14,1
rep5,1.0813,15,1
rep5,1.0814,16,1
rep5,1.0818,17,1
rep5,1.0822,18,1
rep5,1.0829,19,1
rep5,1.0834,20,1
rep5,1.085,21,1
rep5,1.0854,22,1
rep5,1.0863,23,1
rep5,1.0866,24,1
rep5,1.088,25,1
rep5,1.0882,26,1
rep5,1.0886,27,1
rep5,1.0895,28,1
rep5,1.0924,29,1
rep5,1.0927,30,1
rep5,1.0946,31,1
rep5,1.095,32,1
rep5,1.0953,33,1
rep5,1.0957,34,1
rep5,1.096,35,1
rep5,1.0963,36,1
rep5,1.0966,37,1
rep5,1.0972,38,1
rep5,1.0976,39,1
rep5,1.0978,40,1
rep5,1.0983,41,1
rep5,1.1002,42,1
rep5,1.1002,43,1
rep5,1.1016,44,1
rep5,1.1023,45,1
rep5,1.1031,46,1
rep5,1.1035,47,1
rep5,1.1042,48,1
rep5,1.1052,49,1
rep5,1.1054,50,1
rep5,1.1063,51,1
rep5,1.1079,52,1
rep5,1.109,53,1
rep5,1.1092,54,1
rep5,1.1115,55,1
rep5,1.1117,56,1
rep5,1.112,57,1
rep5,1.1123,58,1
rep5,1.1126,59,1
rep5,1.1136,60,1
rep5,1.114,61,1
rep5,1.1144,62,1
rep5,1.115,63,1
rep5,1.1154,64,1
rep5,1.1155,65,1
rep5,1.1159,66,1
rep5,1.1166,67,1
rep5,1.1167,68,1
rep5,1.1168,69,1
rep5,1.1171,70,1
rep5,1.1174,71,1
rep5,1.1182,72,1
rep5,1.1187,73,1
rep5,1.1188,74,1
rep5,1.1189,75,1
rep5,1.1198,76,1
rep5,1.1202,77,1
rep5,1.1203,78,1
rep5,1.1205,79,1
rep5,1.1205,80,1
rep5,1.1209,81,1
rep5,1.1218,82,1
rep5,1.1219,83,1
rep5,1.1222,84,1
rep5,1.1226,85,1
rep5,1.1235,86,1
rep5,1.1238,87,1
rep5,1.1241,88,1
rep5,1.1244,89,1
rep5,1.1246,90,1
rep5,1.1246,91,1
rep5,1.1248,92,1
rep5,1.1251,93,1
rep5,1.1256,94,1
rep5,1.1257,95,1
rep5,1.126,96,1
rep5,1.126,97,1
rep5,1.1262,98,1
rep5,1.1275,99,1
rep5,1.1284,100,1
rep5,1.1288,101,1
rep5,1.1298,102,1
rep5,1.1299,103,1
rep5,1.1308,104,1
rep5,1.1321,105,1
rep5,1.1321,106,1
rep5,1.1338,107,1
rep5,1.134,108,1
rep5,1.134,109,1
rep5,1.1341,110,1
rep5,1.1343,111,1
rep5,1.1365,112,1
rep5,1.1368,113,1
rep5,1.1373,114,1
rep5,1.1373,115,1
rep5,1.1374,116,1
rep5,1.1375,117,1
rep5,1.1382,118,1
rep5,1.1385,119,1
rep5,1.1386,120,1
rep5,1.1388,121,1
rep5,1.1392,122,1
rep5,1.1395,123,1
rep5,1.14,124,1
rep5,1.1402,125,1
rep5,1.1419,126,1
rep5,1.1424,127,1
rep5,1.1428,128,1
rep5,1.1433,129,1
rep5,1.1441,130,1
rep5,1.1442,131,1
rep5,1.1443,132,1
rep5,1.1448,133,1
rep5,1.145,134,1
rep5,1.1451,135,1
rep5,1.1455,136,1
rep5,1.1455,137,1
rep5,1.1489,138,1
rep5,1.1492,139,1
rep5,1.1497,140,1
rep5,1.1504,141,1
rep5,1.1507,142,1
rep5,1.1509,143,1
rep5,1.1515,144,1
rep5,1.1517,145,1
rep5,1.1521,146,1
rep5,1.1523,147,1
rep5,1.1531,148,1
rep5,1.1536,149,1
rep5,1.1538,150,1
rep5,1.1541,151,1
rep5,1.155,152,1
rep5,1.1559,153,1
rep5,1.157,154,1
rep5,1.158,155,1
rep5,1.158,156,1
rep5,1.1591,157,1
rep5,1.1592,158,1
rep5,1.1593,159,1
rep5,1.1598,160,1
rep5,1.1604,161,1
rep5,1.1609,162,1
rep5,1.161,163,1
rep5,1.1614,164,1
rep5,1.1616,165,1
rep5,1.1617,166,1
rep5,1.1621,167,1
rep5,1.1628,168,1
rep5,1.1633,169,1
rep5,1.1636,170,1
rep5,1.164,171,1
rep5,1.1649,172,1
rep5,1.1654,173,1
rep5,1.1656,174,1
rep5,1.1658,175,1
rep5,1.1662,176,1
rep5,1.1664,177,1
rep5,1.1671,178,1
rep5,1.168,179,1
rep5,1.168,180,1
rep5,1.1686,181,1
rep5,1.1694,182,1
rep5,1.1699,183,1
rep5,1.1724,184,1
rep5,1.1733,185,1
rep5,1.1741,186,1
rep5,1.1748,187,1
rep5,1.1749,188,1
rep5,1.1752,189,1
rep5,1.1759,190,1
rep5,1.1763,191,1
rep5,1.1772,192,1
rep5,1.1773,193,1
rep5,1.1782,194,1
rep5,1.1787,195,1
rep5,1.1789,196,1
rep5,1.1801,197,1
rep5,1.1804,198,1
rep5,1.1808,199,1
rep5,1.1814,200,1
rep5,1.1819,201,1
rep5,1.1825,202,1
rep5,1.1829,203,1
rep5,1.1831,204,1
rep5,1.1847,205,1
rep5,1.1851,206,1
rep5,1.1852,207,1
rep5,1.1857,208,1
rep5,1.1862,209,1
rep5,1.1867,210,1
rep5,1.1879,211,1
rep5,1.1887,212,1
rep5,1.1888,213,1
rep5,1.189,214,1
rep5,1.1895,215,1
rep5,1.1897,216,1
rep5,1.1898,217,1
rep5,1.1902,218,1
rep5,1.1902,219,1
rep5,1.1904,220,1
rep5,1.191,221,1
rep5,1.1911,222,1
rep5,1.1912,223,1
rep5,1.1923,224,1
rep5,1.1927,225,1
rep5,1.1928,226,1
rep5,1.1931,227,1
rep5,1.1938,228,1
rep5,1.194,229,1
rep5,1.1941,230,1
rep5,1.1942,231,1
rep5,1.1949,232,1
rep5,1.1949,233,1
rep5,1.1953,234,1
rep5,1.1958,235,1
rep5,1.1972,236,1
rep5,1.1976,237,1
rep5,1.1977,238,1
rep5,1.1978,239,1
rep5,1.1981,240,1
rep5,1.1982,241,1
rep5,1.1988,242,1
rep5,1.199,243,1
rep5,1.1992,244,1
rep5,1.1996,245,1
rep5,1.2005,246,1
rep5,1.201,247,1
rep5,1.2012,248,1
rep5,1.2023,249,1
rep5,1.2025,250,1
rep5,1.2029,251,1
rep5,1.2031,252,1
rep5,1.2049,253,1
rep5,1.2051,254,1
rep5,1.2052,255,1
rep5,1.2053,256,1
rep5,1.2056,257,1
rep5,1.2058,258,1
rep5,1.2066,259,1
rep5,1.2067,260,1
rep5,1.2072,261,1
rep5,1.2078,262,1
rep5,1.2083,263,1
rep5,1.2085,264,1
rep5,1.2088,265,1
rep5,1.2103,266,1
rep5,1.2104,267,1
rep5,1.2113,268,1
rep5,1.2113,269,1
rep5,1.2129,270,1
rep5,1.2134,271,1
rep5,1.2136,272,1
rep5,1.2141,273,1
rep5,1.2147,274,1
rep5,1.2151,275,1
rep5,1.216,276,1
rep5,1.216,277,1
rep5,1.2162,278,1
rep5,1.2174,279,1
rep5,1.2181,280,1
rep5,1.2187,281,1
rep5,1.2189,282,1
rep5,1.2199,283,1
rep5,1.22,284,1
rep5,1.2206,285,1
rep5,1.2207,286,1
rep5,1.2208,287,1
rep5,1.2208,288,1
rep5,1.2226,289,1
rep5,1.2229,290,1
rep5,1.224,291,1
rep5,1.224,292,1
rep5,1.2248,293,1
rep5,1.2251,294,1
rep5,1.2253,295,1
rep5,1.2253,296,1
rep5,1.2254,297,1
rep5,1.2254,298,1
rep5,1.2258,299,1
rep5,1.2262,300,1
rep5,1.2267,301,1
rep5,1.2267,302,1
rep5,1.2273,303,1
rep5,1.2278,304,1
rep5,1.2279,305,1
rep5,1.2287,306,1
rep5,1.2291,307,1
rep5,1.2295,308,1
rep5,1.2296,309,1
rep5,1.2303,310,1
rep5,1.2306,311,1
rep5,1.2324,312,1
rep5,1.2325,313,1
rep5,1.2325,314,1
rep5,1.2334,315,1
rep5,1.2336,316,1
rep5,1.2339,317,1
rep5,1.2341,318,1
rep5,1.2341,319,1
rep5,1.2344,320,1
rep5,1.2345,321,1
rep5,1.2346,322,1
rep5,1.2348,323,1
rep5,1.2356,324,1
rep5,1.2359,325,1
rep5,1.2359,326,1
rep5,1.2368,327,1
rep5,1.2372,328,1
rep5,1.238,329,1
rep5,1.2387,330,1
rep5,1.2393,331,1
rep5,1.2399,332,1
rep5,1.2409,333,1
rep5,1.2414,334,1
rep5,1.2417,335,1
rep5,1.2418,336,1
rep5,1.242,337,1
rep5,1.2425,338,1
rep5,1.2429,339,1
rep5,1.2429,340,1
rep5,1.2433,341,1
rep5,1.2435,342,1
rep5,1.244,343,1
rep5,1.2451,344,1
rep5,1.2451,345,1
rep5,1.2458,346,1
rep5,1.2461,347,1
rep5,1.2466,348,1
rep5,1.2469,349,1
rep5,1.247,350,1
rep5,1.247,351,1
rep5,1.2473,352,1
rep5,1.2476,353,1
rep5,1.2481,354,1
rep5,1.249,355,1
rep5,1.2495,356,1
rep5,1.2495,357,1
rep5,1.2499,358,1
rep5,1.2499,359,1
rep5,1.25,360,1
rep5,1.2503,361,1
rep5,1.2503,362,1
rep5,1.2504,363,1
rep5,1.251,364,1
rep5,1.2517,365,1
rep5,1.2518,366,1
rep5,1.2521,367,1
rep5,1.2527,368,1
rep5,1.253,369,1
rep5,1.2531,370,1
rep5,1.2536,371,1
rep5,1.2539,372,1
rep5,1.2541,373,1
rep5,1.2541,374,1
rep5,1.2544,375,1
rep5,1.2548,376,1
rep5,1.255,377,1
rep5,1.2559,378,1
rep5,1.2568,379,1
rep5,1.2568,380,1
rep5,1.2572,381,1
rep5,1.2575,382,1
rep5,1.2578,383,1
rep5,1.258,384,1
rep5,1.26,385,1
rep5,1.2601,386,1
rep5,1.2601,387,1
rep5,1.2607,388,1
rep5,1.2608,389,1
rep5,1.2609,390,1
rep5,1.261,391,1
rep5,1.2614,392,1
rep5,1.2618,393,1
rep5,1.2634,394,1
rep5,1.2635,395,1
rep5,1.2636,396,1
rep5,1.2637,397,1
rep5,1.2647,398,1
rep5,1.2654,399,1
rep5,1.2659,400,1
rep5,1.2659,401,1
rep5,1.2665,402,1
rep5,1.2666,403,1
rep5,1.2667,404,1
rep5,1.2671,405,1
rep5,1.2671,406,1
rep5,1.2675,407,1
rep5,1.2677,408,1
rep5,1.2678,409,1
rep5,1.2684,410,1
rep5,1.2686,411,1
rep5,1.2687,412,1
rep5,1.2688,413,1
rep5,1.269,414,1
rep5,1.2697,415,1
rep5,1.2698,416,1
rep5,1.27,417,1
rep5,1.2701,418,1
rep5,1.2706,419,1
rep5,1.2712,420,1
rep5,1.2715,421,1
rep5,1.2715,422,1
rep5,1.272,423,1
rep5,1.2724,424,1
rep5,1.2734,425,1
rep5,1.2734,426,1
rep5,1.2735,427,1
rep5,1.2742,428,1
rep5,1.2744,429,1
rep5,1.2748,430,1
rep5,1.275,431,1
rep5,1.2753,432,1
rep5,1.2764,433,1
rep5,1.2778,434,1
rep5,1.278,435,1
rep5,1.2781,436,1
rep5,1.2783,437,1
rep5,1.2797,438,1
rep5,1.2799,439,1
rep5,1.28,440,1
rep5,1.2804,441,1
rep5,1.2812,442,1
rep5,1.2815,443,1
rep5,1.2815,444,1
rep5,1.2816,445,1
rep5,1.282,446,1
rep5,1.2836,447,1
rep5,1.2837,448,1
rep5,1.2838,449,1
rep5,1.284,450,1
rep5,1.2844,451,1
rep5,1.2853,452,1
rep5,1.287,453,1
rep5,1.2875,454,1
rep5,1.2877,455,1
rep5,1.2878,456,1
rep5,1.2881,457,1
rep5,1.2881,458,1
rep5,1.2888,459,1
rep5,1.2891,460,1
rep5,1.2896,461,1
rep5,1.2898,462,1
rep5,1.2904,463,1
rep5,1.2906,464,1
rep5,1.2907,465,1
rep5,1.2913,466,1
rep5,1.2919,467,1
rep5,1.2922,468,1
rep5,1.2922,469,1
rep5,1.2925,470,1
rep5,1.2927,471,1
rep5,1.2933,472,1
rep5,1.2943,473,1
rep5,1.2945,474,1
rep5,1.2945,475,1
rep5,1.2948,476,1
rep5,1.295,477,1
rep5,1.2957,478,1
rep5,1.2959,479,1
rep5,1.296,480,1
rep5,1.296,481,1
rep5,1.2963,482,1
rep5,1.2964,483,1
rep5,1.2973,484,1
rep5,1.2975,485,1
rep5,1.298,486,1
rep5,1.2983,487,1
rep5,1.2983,488,1
rep5,1.2984,489,1
rep5,1.2987,490,1
rep5,1.2988,491,1
rep5,1.2995,492,1
rep5,1.2997,493,1
rep5,1.2999,494,1
rep5,1.3005,495,1
rep5,1.3012,496,1
rep5,1.3014,497,1
rep5,1.302,498,1
rep5,1.3022,499,1
rep5,1.3026,500,1
rep5,1.3028,501,1
rep5,1.3029,502,1
rep5,1.303,503,1
rep5,1.3036,504,1
rep5,1.3038,505,1
rep5,1.304,506,1
rep5,1.3041,507,1
rep5,1.3054,508,1
rep5,1.3054,509,1
rep5,1.3056,510,1
rep5,1.306,511,1
rep5,1.3061,512,1
rep5,1.3065,513,1
rep5,1.3066,514,1
rep5,1.307,515,1
rep5,1.3071,516,1
rep5,1.3072,517,1
rep5,1.3079,518,1
rep5,1.3088,519,1
rep5,1.3094,520,1
rep5,1.3095,521,1
rep5,1.3097,522,1
rep5,1.3101,523,1
rep5,1.3103,524,1
rep5,1.311,525,1
rep5,1.3115,526,1
rep5,1.3115,527,1
rep5,1.3117,528,1
rep5,1.3122,529,1
rep5,1.3123,530,1
rep5,1.3138,531,1
rep5,1.3141,532,1
rep5,1.3146,533,1
rep5,1.3148,534,1
rep5,1.3153,535,1
rep5,1.3156,536,1
rep5,1.3168,537,1
rep5,1.3175,538,1
rep5,1.3178,539,1
rep5,1.3181,540,1
rep5,1.3181,541,1
rep5,1.3187,542,1
rep5,1.3191,543,1
rep5,1.3192,544,1
rep5,1.3197,545,1
rep5,1.3198,546,1
rep5,1.3199,547,1
rep5,1.3203,548,1
rep5,1.3206,549,1
rep5,1.321,550,1
rep5,1.322,551,1
rep5,1.3225,552,1
rep5,1.3225,553,1
rep5,1.3227,554,1
rep5,1.3238,555,1
rep5,1.3241,556,1
rep5,1.3244,557,1
rep5,1.3244,558,1
rep5,1.3245,559,1
rep5,1.325,560,1
rep5,1.3256,561,1
rep5,1.3261,562,1
rep5,1.3263,563,1
rep5,1.3269,564,1
rep5,1.327,565,1
rep5,1.3272,566,1
rep5,1.3278,567,1
rep5,1.3295,568,1
rep5,1.3297,569,1
rep5,1.3304,570,1
rep5,1.3305,571,1
rep5,1.3312,572,1
rep5,1.3312,573,1
rep5,1.3314,574,1
rep5,1.3317,575,1
rep5,1.3325,576,1
rep5,1.3326,577,1
rep5,1.333,578,1
rep5,1.3334,579,1
rep5,1.3342,580,1
rep5,1.3344,581,1
rep5,1.3346,582,1
rep5,1.335,583,1
rep5,1.3354,584,1
rep5,1.3355,585,1
rep5,1.3359,586,1
rep5,1.3361,587,1
rep5,1.3364,588,1
rep5,1.3366,589,1
rep5,1.3371,590,1
rep5,1.3373,591,1
rep5,1.3374,592,1
rep5,1.3375,593,1
rep5,1.3375,594,1
rep5,1.3378,595,1
rep5,1.3381,596,1
rep5,1.3387,597,1
rep5,1.3394,598,1
rep5,1.3406,599,1
rep5,1.3408,600,1
rep5,1.3416,601,1
rep5,1.3418,602,1
rep5,1.3419,603,1
rep5,1.3422,604,1
rep5,1.3424,605,1
rep5,1.343,606,1
rep5,1.3432,607,1
rep5,1.3434,608,1
rep5,1.3434,609,1
rep5,1.3445,610,1
rep5,1.3445,611,1
rep5,1.3446,612,1
rep5,1.3448,613,1
rep5,1.3449,614,1
rep5,1.3451,615,1
rep5,1.3464,616,1
rep5,1.3466,617,1
rep5,1.3479,618,1
rep5,1.3479,619,1
rep5,1.3483,620,1
rep5,1.3489,621,1
rep5,1.349,622,1
rep5,1.3491,623,1
rep5,1.3498,624,1
rep5,1.3505,625,1
rep5,1.3516,626,1
rep5,1.3518,627,1
rep5,1.3519,628,1
rep5,1.3523,629,1
rep5,1.3523,630,1
rep5,1.3528,631,1
rep5,1.3538,632,1
rep5,1.354,633,1
rep5,1.3549,634,1
rep5,1.3558,635,1
rep5,1.3558,636,1
rep5,1.3568,637,1
rep5,1.3573,638,1
rep5,1.3574,639,1
rep5,1.3574,640,1
rep5,1.3588,641,1
rep5,1.3588,642,1
rep5,1.3593,643,1
rep5,1.3597,644,1
rep5,1.36,645,1
rep5,1.36,646,1
rep5,1.3604,647,1
rep5,1.3613,648,1
rep5,1.3622,649,1
rep5,1.3623,650,1
rep5,1.3632,651,1
rep5,1.3632,652,1
rep5,1.3632,653,1
rep5,1.3642,654,1
rep5,1.3642,655,1
rep5,1.3646,656,1
rep5,1.3646,657,1
rep5,1.3648,658,1
rep5,1.3649,659,1
rep5,1.3652,660,1
rep5,1.3654,661,1
rep5,1.3657,662,1
rep5,1.3659,663,1
rep5,1.3662,664,1
rep5,1.3662,665,1
rep5,1.3667,666,1
rep5,1.3671,667,1
rep5,1.3674,668,1
rep5,1.3676,669,1
rep5,1.3676,670,1
rep5,1.3681,671,1
rep5,1.3686,672,1
rep5,1.3695,673,1
rep5,1.3696,674,1
rep5,1.3698,675,1
rep5,1.3698,676,1
rep5,1.37,677,1
rep5,1.3702,678,1
rep5,1.3705,679,1
rep5,1.3707,680,1
rep5,1.3713,681,1
rep5,1.3714,682,1
rep5,1.3721,683,1
rep5,1.3727,684,1
rep5,1.3728,685,1
rep5,1.3728,686,1
rep5,1.3736,687,1
rep5,1.3738,688,1
rep5,1.3739,689,1
rep5,1.374,690,1
rep5,1.3745,691,1
rep5,1.3746,692,1
rep5,1.3755,693,1
rep5,1.3756,694,1
rep5,1.3756,695,1
rep5,1.3758,696,1
rep5,1.3759,697,1
rep5,1.376,698,1
rep5,1.3767,699,1
rep5,1.3778,700,1
rep5,1.3782,701,1
rep5,1.3785,702,1
rep5,1.3786,703,1
rep5,1.3789,704,1
rep5,1.3791,705,1
rep5,1.3799,706,1
rep5,1.3802,707,1
rep5,1.3806,708,1
rep5,1.381,709,1
rep5,1.3814,710,1
rep5,1.3815,711,1
rep5,1.3819,712,1
rep5,1.3824,713,1
rep5,1.3837,714,1
rep5,1.3839,715,1
rep5,1.3841,716,1
rep5,1.3842,717,1
rep5,1.3847,718,1
rep5,1.3848,719,1
rep5,1.3853,720,1
rep5,1.386,721,1
rep5,1.3866,722,1
rep5,1.3868,723,1
rep5,1.3879,724,1
rep5,1.3879,724,2
rep5,1.3883,725,2
rep5,1.3885,726,2
rep5,1.3886,727,2
rep5,1.3894,728,2
rep5,1.3898,729,2
rep5,1.3898,730,2
rep5,1.3901,731,2
rep5,1.3903,732,2
rep5,1.3913,733,2
rep5,1.392,734,2
rep5,1.393,735,2
rep5,1.3931,736,2
rep5,1.3936,737,2
rep5,1.3937,738,2
rep5,1.3941,739,2
rep5,1.3941,740,2
rep5,1.3945,741,2
rep5,1.3951,742,2
rep5,1.3955,743,2
rep5,1.3958,744,2
rep5,1.3963,745,2
rep5,1.3965,746,2
rep5,1.3971,747,2
rep5,1.3973,748,2
rep5,1.398,749,2
rep5,1.3991,750,2
rep5,1.3993,751,2
rep5,1.3996,752,2
rep5,1.3997,753,2
rep5,1.3999,754,2
rep5,1.4002,755,2
rep5,1.4005,756,2
rep5,1.4007,757,2
rep5,1.4012,758,2
rep5,1.402,759,2
rep5,1.4021,760,2
rep5,1.4025,761,2
rep5,1.4029,762,2
rep5,1.4037,763,2
rep5,1.404,764,2
rep5,1.4044,765,2
rep5,1.4051,766,2
rep5,1.4052,767,2
rep5,1.4058,768,2
rep5,1.4066,769,2
rep5,1.407,770,2
rep5,1.4077,771,2
rep5,1.4087,772,2
rep5,1.4088,773,2
rep5,1.4091,774,2
rep5,1.4092,775,2
rep5,1.4093,776,2
rep5,1.4094,777,2
rep5,1.4095,778,2
rep5,1.4098,779,2
rep5,1.4099,780,2
rep5,1.4103,781,2
rep5,1.4109,782,2
rep5,1.4111,783,2
rep5,1.4118,784,2
rep5,1.4124,785,2
rep5,1.4125,786,2
rep5,1.4133,787,2
rep5,1.4137,788,2
rep5,1.414,789,2
rep5,1.4148,790,2
rep5,1.4153,791,2
rep5,1.4153,792,2
rep5,1.4154,793,2
rep5,1.416,794,2
rep5,1.4164,795,2
rep5,1.4168,796,2
rep5,1.4177,797,2
rep5,1.4181,798,2
rep5,1.4188,799,2
rep5,1.419,800,2
rep5,1.419,801,2
rep5,1.4191,802,2
rep5,1.4198,803,2
rep5,1.4205,804,2
rep5,1.421,805,2
rep5,1.4211,806,2
rep5,1.4213,807,2
rep5,1.4214,808,2
rep5,1.4217,809,2
rep5,1.422,810,2
rep5,1.4227,811,2
rep5,1.4229,812,2
rep5,1.4234,813,2
rep5,1.4248,814,2
rep5,1.4249,815,2
rep5,1.4252,816,2
rep5,1.4263,817,2
rep5,1.4268,818,2
rep5,1.4272,819,2
rep5,1.4275,820,2
rep5,1.4276,821,2
rep5,1.4276,822,2
rep5,1.4282,823,2
rep5,1.4285,824,2
rep5,1.4286,825,2
rep5,1.4294,826,2
rep5,1.4301,827,2
rep5,1.4304,828,2
rep5,1.4307,829,2
rep5,1.4311,830,2
rep5,1.4314,831,2
rep5,1.4314,832,2
rep5,1.4318,833,2
rep5,1.4318,834,2
rep5,1.4321,835,2
rep5,1.4324,836,2
rep5,1.4333,837,2
rep5,1.4336,838,2
rep5,1.4336,839,2
rep5,1.4344,840,2
rep5,1.4348,841,2
rep5,1.435,842,2
rep5,1.4351,843,2
rep5,1.4352,844,2
rep5,1.4354,845,2
rep5,1.4357,846,2
rep5,1.4358,847,2
rep5,1.4358,848,2
rep5,1.4361,849,2
rep5,1.4363,850,2
rep5,1.4364,851,2
rep5,1.437,852,2
rep5,1.4373,853,2
rep5,1.4374,854,2
rep5,1.4382,855,2
rep5,1.4385,856,2
rep5,1.4386,857,2
rep5,1.4391,858,2
rep5,1.4392,859,2
rep5,1.4397,860,2
rep5,1.4402,861,2
rep5,1.4405,862,2
rep5,1.4406,863,2
rep5,1.4409,864,2
rep5,1.441,865,2
rep5,1.4417,866,2
rep5,1.4419,867,2
rep5,1.4429,868,2
rep5,1.4437,869,2
rep5,1.444,870,2
rep5,1.4442,871,2
rep5,1.4449,872,2
rep5,1.4454,873,2
rep5,1.4469,874,2
rep5,1.4471,875,2
rep5,1.4472,876,2
rep5,1.4482,877,2
rep5,1.4483,878,2
rep5,1.4484,879,2
rep5,1.4505,880,2
rep5,1.4506,881,2
rep5,1.4512,882,2
rep5,1.4516,883,2
rep5,1.4518,884,2
rep5,1.4523,885,2
rep5,1.4532,886,2
rep5,1.4536,887,2
rep5,1.4539,888,2
rep5,1.4543,889,2
rep5,1.4543,890,2
rep5,1.4549,891,2
rep5,1.4553,892,2
rep5,1.4555,893,2
rep5,1.4563,894,2
rep5,1.4574,895,2
rep5,1.4581,896,2
rep5,1.4584,897,2
rep5,1.4593,898,2
rep5,1.4593,899,2
rep5,1.4608,900,2
rep5,1.4613,901,2
rep5,1.4623,902,2
rep5,1.4628,903,2
rep5,1.4633,904,2
rep5,1.4637,905,2
rep5,1.4639,906,2
rep5,1.4645,907,2
rep5,1.4646,908,2
rep5,1.4665,909,2
rep5,1.467,910,2
rep5,1.4671,911,2
rep5,1.4676,912,2
rep5,1.4685,913,2
rep5,1.4686,914,2
rep5,1.469,915,2
rep5,1.4695,916,2
rep5,1.4697,917,2
rep5,1.47,918,2
rep5,1.4701,919,2
rep5,1.4702,920,2
rep5,1.4702,921,2
rep5,1.4705,922,2
rep5,1.4714,923,2
rep5,1.4714,924,2
rep5,1.4722,925,2
rep5,1.4724,926,2
rep5,1.4726,927,2
rep5,1.4727,928,2
rep5,1.4747,929,2
rep5,1.4748,930,2
rep5,1.4748,931,2
rep5,1.4755,932,2
rep5,1.4756,933,2
rep5,1.4767,934,2
rep5,1.4776,935,2
rep5,1.4779,936,2
rep5,1.478,937,2
rep5,1.4786,938,2
rep5,1.479,939,2
rep5,1.4815,940,2
rep5,1.4822,941,2
rep5,1.4829,942,2
rep5,1.4833,943,2
rep5,1.4845,944,2
rep5,1.4856,945,2
rep5,1.4856,946,2
rep5,1.4859,947,2
rep5,1.4859,948,2
rep5,1.4863,949,2
rep5,1.4864,950,2
rep5,1.4873,951,2
rep5,1.4874,952,2
rep5,1.4875,953,2
rep5,1.4884,954,2
rep5,1.4885,955,2
rep5,1.4889,956,2
rep5,1.4893,957,2
rep5,1.4895,958,2
rep5,1.4905,959,2
rep5,1.4905,960,2
rep5,1.4912,961,2
rep5,1.4916,962,2
rep5,1.4925,963,2
rep5,1.4927,964,2
rep5,1.4939,965,2
rep5,1.4949,966,2
rep5,1.4956,967,2
rep5,1.4961,968,2
rep5,1.4961,969,2
rep5,1.4966,970,2
rep5,1.4969,971,2
rep5,1.4971,972,2
rep5,1.4975,973,2
rep5,1.4975,974,2
rep5,1.4978,975,2
rep5,1.4985,976,2
rep5,1.5009,977,2
rep5,1.5009,978,2
rep5,1.502,979,2
rep5,1.5026,980,2
rep5,1.5031,981,2
rep5,1.5032,982,2
rep5,1.504,983,2
rep5,1.5044,984,2
rep5,1.505,985,2
rep5,1.5056,986,2
rep5,1.5064,987,2
rep5,1.5068,988,2
rep5,1.5071,989,2
rep5,1.5073,990,2
rep5,1.5084,991,2
rep5,1.5087,992,2
rep5,1.5096,993,2
rep5,1.5096,994,2
rep5,1.5116,995,2
rep5,1.5124,996,2
rep5,1.5124,997,2
rep5,1.5128,998,2
rep5,1.5135,999,2
rep5,1.5136,1000,2
rep5,1.5137,1001,2
rep5,1.5147,1002,2
rep5,1.5153,1003,2
rep5,1.5153,1004,2
rep5,1.5168,1005,2
rep5,1.5174,1006,2
rep5,1.518,1007,2
rep5,1.5182,1008,2
rep5,1.5183,1009,2
rep5,1.5185,1010,2
rep5,1.5202,1011,2
rep5,1.5202,1012,2
rep5,1.5208,1013,2
rep5,1.5215,1014,2
rep5,1.5215,1015,2
rep5,1.5216,1016,2
rep5,1.522,1017,2
rep5,1.5224,1018,2
rep5,1.5233,1019,2
rep5,1.5245,1020,2
rep5,1.5249,1021,2
rep5,1.5254,1022,2
rep5,1.5261,1023,2
rep5,1.5264,1024,2
rep5,1.5268,1025,2
rep5,1.5272,1026,2
rep5,1.5286,1027,2
rep5,1.5292,1028,2
rep5,1.53,1029,2
rep5,1.5304,1030,2
rep5,1.5308,1031,2
rep5,1.5312,1032,2
rep5,1.5315,1033,2
rep5,1.5317,1034,2
rep5,1.5319,1035,2
rep5,1.5321,1036,2
rep5,1.5338,1037,2
rep5,1.5353,1038,2
rep5,1.5363,1039,2
rep5,1.5372,1040,2
rep5,1.5374,1041,2
rep5,1.5381,1042,2
rep5,1.5381,1043,2
rep5,1.5384,1044,2
rep5,1.5388,1045,2
rep5,1.5395,1046,2
rep5,1.5401,1047,2
rep5,1.5403,1048,2
rep5,1.5404,1049,2
rep5,1.5406,1050,2
rep5,1.5407,1051,2
rep5,1.5412,1052,2
rep5,1.5416,1053,2
rep5,1.5417,1054,2
rep5,1.5419,1055,2
rep5,1.5421,1056,2
rep5,1.5422,1057,2
rep5,1.5426,1058,2
rep5,1.5427,1059,2
rep5,1.5447,1060,2
rep5,1.5448,1061,2
rep5,1.545,1062,2
rep5,1.5454,1063,2
rep5,1.5459,1064,2
rep5,1.5464,1065,2
rep5,1.5473,1066,2
rep5,1.5475,1067,2
rep5,1.5485,1068,2
rep5,1.5487,1069,2
rep5,1.5498,1070,2
rep5,1.55,1071,2
rep5,1.5506,1072,2
rep5,1.5512,1073,2
rep5,1.5513,1074,2
rep5,1.5526,1075,2
rep5,1.5528,1076,2
rep5,1.5535,1077,2
rep5,1.554,1078,2
rep5,1.5541,1079,2
rep5,1.5551,1080,2
rep5,1.5554,1081,2
rep5,1.5562,1082,2
rep5,1.5564,1083,2
rep5,1.5565,1084,2
rep5,1.5578,1085,2
rep5,1.5583,1086,2
rep5,1.5606,1087,2
rep5,1.561,1088,2
rep5,1.5614,1089,2
rep5,1.5619,1090,2
rep5,1.5644,1091,2
rep5,1.5648,1092,2
rep5,1.5664,1093,2
rep5,1.567,1094,2
rep5,1.5676,1095,2
rep5,1.5686,1096,2
rep5,1.57,1097,2
rep5,1.5701,1098,2
rep5,1.5725,1099,2
rep5,1.5727,1100,2
rep5,1.5733,1101,2
rep5,1.5736,1102,2
rep5,1.5745,1103,2
rep5,1.5745,1104,2
rep5,1.5753,1105,2
rep5,1.5754,1106,2
rep5,1.5759,1107,2
rep5,1.576,1108,2
rep5,1.576,1109,2
rep5,1.5789,1110,2
rep5,1.5789,1111,2
rep5,1.5789,1112,2
rep5,1.5792,1113,2
rep5,1.5803,1114,2
rep5,1.5811,1115,2
rep5,1.5815,1116,2
rep5,1.5818,1117,2
rep5,1.5819,1118,2
rep5,1.5823,1119,2
rep5,1.5836,1120,2
rep5,1.5858,1121,2
rep5,1.5861,1122,2
rep5,1.5868,1123,2
rep5,1.5872,1124,2
rep5,1.5872,1125,2
rep5,1.5874,1126,2
rep5,1.5877,1127,2
rep5,1.5881,1128,2
rep5,1.5887,1129,2
rep5,1.5892,1130,2
rep5,1.5895,1131,2
rep5,1.5899,1132,2
rep5,1.5901,1133,2
rep5,1.5906,1134,2
rep5,1.5916,1135,2
rep5,1.5916,1136,2
rep5,1.5923,1137,2
rep5,1.5925,1138,2
rep5,1.5929,1139,2
rep5,1.5939,1140,2
rep5,1.5939,1141,2
rep5,1.5944,1142,2
rep5,1.5947,1143,2
rep5,1.5951,1144,2
rep5,1.5951,1145,2
rep5,1.5955,1146,2
rep5,1.5957,1147,2
rep5,1.5959,1148,2
rep5,1.5976,1149,2
rep5,1.5978,1150,2
rep5,1.5979,1151,2
rep5,1.5982,1152,2
rep5,1.5985,1153,2
rep5,1.5986,1154,2
rep5,1.5989,1155,2
rep5,1.5996,1156,2
rep5,1.6005,1157,2
rep5,1.6008,1158,2
rep5,1.6009,1159,2
rep5,1.6012,1160,2
rep5,1.6014,1161,2
rep5,1.6018,1162,2
rep5,1.6022,1163,2
rep5,1.6024,1164,2
rep5,1.6026,1165,2
rep5,1.6036,1166,2
rep5,1.6039,1167,2
rep5,1.6047,1168,2
rep5,1.6049,1169,2
rep5,1.6059,1170,2
rep5,1.6062,1171,2
rep5,1.6067,1172,2
rep5,1.6068,1173,2
rep5,1.6072,1174,2
rep5,1.6072,1175,2
rep5,1.6074,1176,2
rep5,1.608,1177,2
rep5,1.6087,1178,2
rep5,1.6089,1179,2
rep5,1.6091,1180,2
rep5,1.6096,1181,2
rep5,1.6112,1182,2
rep5,1.6115,1183,2
rep5,1.6119,1184,2
rep5,1.6121,1185,2
rep5,1.6131,1186,2
rep5,1.614,1187,2
rep5,1.6141,1188,2
rep5,1.6142,1189,2
rep5,1.6144,1190,2
rep5,1.6152,1191,2
rep5,1.6157,1192,2
rep5,1.6158,1193,2
rep5,1.6162,1194,2
rep5,1.617,1195,2
rep5,1.618,1196,2
rep5,1.6186,1197,2
rep5,1.6188,1198,2
rep5,1.6197,1199,2
rep5,1.6198,1200,2
rep5,1.6208,1201,2
rep5,1.6212,1202,2
rep5,1.6215,1203,2
rep5,1.6221,1204,2
rep5,1.6225,1205,2
rep5,1.6247,1206,2
rep5,1.6263,1207,2
rep5,1.6264,1208,2
rep5,1.627,1209,2
rep5,1.627,1210,2
rep5,1.6272,1211,2
rep5,1.6275,1212,2
rep5,1.6277,1213,2
rep5,1.6284,1214,2
rep5,1.629,1215,2
rep5,1.6297,1216,2
rep5,1.6298,1217,2
rep5,1.6302,1218,2
rep5,1.6311,1219,2
rep5,1.6313,1220,2
rep5,1.6321,1221,2
rep5,1.6324,1222,2
rep5,1.6329,1223,2
rep5,1.6333,1224,2
rep5,1.6336,1225,2
rep5,1.6341,1226,2
rep5,1.6351,1227,2
rep5,1.6353,1228,2
rep5,1.6365,1229,2
rep5,1.6365,1230,2
rep5,1.6369,1231,2
rep5,1.6381,1232,2
rep5,1.6393,1233,2
rep5,1.6399,1234,2
rep5,1.6411,1235,2
rep5,1.6429,1236,2
rep5,1.643,1237,2
rep5,1.6446,1238,2
rep5,1.6449,1239,2
rep5,1.6454,1240,2
rep5,1.6458,1241,2
rep5,1.6469,1242,2
rep5,1.647,1243,2
rep5,1.6472,1244,2
rep5,1.6472,1245,2
rep5,1.6478,1246,2
rep5,1.648,1247,2
rep5,1.6485,1248,2
rep5,1.6485,1249,2
rep5,1.6489,1250,2
rep5,1.649,1251,2
rep5,1.6493,1252,2
rep5,1.6501,1253,2
rep5,1.6502,1254,2
rep5,1.6506,1255,2
rep5,1.6513,1256,2
rep5,1.6517,1257,2
rep5,1.653,1258,2
rep5,1.6535,1259,2
rep5,1.6548,1260,2
rep5,1.655,1261,2
rep5,1.6551,1262,2
rep5,1.6553,1263,2
rep5,1.6564,1264,2
rep5,1.6577,1265,2
rep5,1.658,1266,2
rep5,1.6591,1267,2
rep5,1.6591,1268,2
rep5,1.6603,1269,2
rep5,1.6605,1270,2
rep5,1.6611,1271,2
rep5,1.6618,1272,2
rep5,1.6619,1273,2
rep5,1.6619,1274,2
rep5,1.6619,1275,2
rep5,1.6624,1276,2
rep5,1.6625,1277,2
rep5,1.663,1278,2
rep5,1.6631,1279,2
rep5,1.6635,1280,2
rep5,1.6645,1281,2
rep5,1.6646,1282,2
rep5,1.6648,1283,2
rep5,1.6651,1284,2
rep5,1.6661,1285,2
rep5,1.6664,1286,2
rep5,1.6675,1287,2
rep5,1.6678,1288,2
rep5,1.6704,1289,2
rep5,1.6705,1290,2
rep5,1.6714,1291,2
rep5,1.6715,1292,2
rep5,1.6719,1293,2
rep5,1.6721,1294,2
rep5,1.6733,1295,2
rep5,1.6737,1296,2
rep5,1.6748,1297,2
rep5,1.676,1298,2
rep5,1.6761,1299,2
rep5,1.6777,1300,2
rep5,1.6781,1301,2
rep5,1.6783,1302,2
rep5,1.6788,1303,2
rep5,1.6793,1304,2
rep5,1.6807,1305,2
rep5,1.6822,1306,2
rep5,1.6824,1307,2
rep5,1.6839,1308,2
rep5,1.684,1309,2
rep5,1.6841,1310,2
rep5,1.6856,1311,2
rep5,1.6862,1312,2
rep5,1.6866,1313,2
rep5,1.6868,1314,2
rep5,1.6882,1315,2
rep5,1.6902,1316,2
rep5,1.6907,1317,2
rep5,1.6908,1318,2
rep5,1.6913,1319,2
rep5,1.6924,1320,2
rep5,1.6933,1321,2
rep5,1.6945,1322,2
rep5,1.6947,1323,2
rep5,1.6948,1324,2
rep5,1.6965,1325,2
rep5,1.6972,1326,2
rep5,1.6975,1327,2
rep5,1.6979,1328,2
rep5,1.7,1329,2
rep5,1.7006,1330,2
rep5,1.7011,1331,2
rep5,1.7017,1332,2
rep5,1.7027,1333,2
rep5,1.7031,1334,2
rep5,1.7039,1335,2
rep5,1.7041,1336,2
rep5,1.7042,1337,2
rep5,1.7047,1338,2
rep5,1.7051,1339,2
rep5,1.7055,1340,2
rep5,1.7057,1341,2
rep5,1.707,1342,2
rep5,1.7073,1343,2
rep5,1.7077,1344,2
rep5,1.7081,1345,2
rep5,1.709,1346,2
rep5,1.7096,1347,2
rep5,1.7107,1348,2
rep5,1.7112,1349,2
rep5,1.7128,1350,2
rep5,1.7149,1351,2
rep5,1.7152,1352,2
rep5,1.7156,1353,2
rep5,1.7159,1354,2
rep5,1.7161,1355,2
rep5,1.7165,1356,2
rep5,1.7165,1357,2
rep5,1.7168,1358,2
rep5,1.717,1359,2
rep5,1.7171,1360,2
rep5,1.7175,1361,2
rep5,1.7176,1362,2
rep5,1.719,1363,2
rep5,1.7209,1364,2
rep5,1.7227,1365,2
rep5,1.7228,1366,2
rep5,1.7236,1367,2
rep5,1.7243,1368,2
rep5,1.7262,1369,2
rep5,1.7264,1370,2
rep5,1.728,1371,2
rep5,1.7293,1372,2
rep5,1.73,1373,2
rep5,1.73,1374,2
rep5,1.7309,1375,2
rep5,1.732,1376,2
rep5,1.7325,1377,2
rep5,1.7328,1378,2
rep5,1.7337,1379,2
rep5,1.7341,1380,2
rep5,1.7341,1381,2
rep5,1.7353,1382,2
rep5,1.7357,1383,2
rep5,1.737,1384,2
rep5,1.7373,1385,2
rep5,1.7376,1386,2
rep5,1.7378,1387,2
rep5,1.7386,1388,2
rep5,1.7397,1389,2
rep5,1.7405,1390,2
rep5,1.7437,1391,2
rep5,1.7443,1392,2
rep5,1.7448,1393,2
rep5,1.7449,1394,2
rep5,1.7451,1395,2
rep5,1.7452,1396,2
rep5,1.7462,1397,2
rep5,1.7467,1398,2
rep5,1.7468,1399,2
rep5,1.748,1400,2
rep5,1.7482,1401,2
rep5,1.7502,1402,2
rep5,1.7526,1403,2
rep5,1.7528,1404,2
rep5,1.7532,1405,2
rep5,1.7533,1406,2
rep5,1.7536,1407,2
rep5,1.7549,1408,2
rep5,1.7553,1409,2
rep5,1.7557,1410,2
rep5,1.7564,1411,2
rep5,1.7565,1412,2
rep5,1.7566,1413,2
rep5,1.7579,1414,2
rep5,1.7583,1415,2
rep5,1.7595,1416,2
rep5,1.7597,1417,2
rep5,1.76,1418,2
rep5,1.7613,1419,2
rep5,1.7613,1420,2
rep5,1.7616,1421,2
rep5,1.7624,1422,2
rep5,1.7624,1423,2
rep5,1.7626,1424,2
rep5,1.7628,1425,2
rep5,1.7629,1426,2
rep5,1.7632,1427,2
rep5,1.7636,1428,2
rep5,1.7637,1429,2
rep5,1.764,1430,2
rep5,1.7642,1431,2
rep5,1.7642,1432,2
rep5,1.7651,1433,2
rep5,1.7659,1434,2
rep5,1.7663,1435,2
rep5,1.7671,1436,2
rep5,1.7672,1437,2
rep5,1.7681,1438,2
rep5,1.7689,1439,2
rep5,1.7691,1440,2
rep5,1.7714,1441,2
rep5,1.7726,1442,2
rep5,1.773,1443,2
rep5,1.7746,1444,2
rep5,1.7752,1445,2
rep5,1.7754,1446,2
rep5,1.7766,1447,2
rep5,1.7767,1448,2
rep5,1.7778,1449,2
rep5,1.7784,1450,2
rep5,1.7787,1451,2
rep5,1.779,1452,2
rep5,1.7801,1453,2
rep5,1.7803,1454,2
rep5,1.7807,1455,2
rep5,1.7836,1456,2
rep5,1.7837,1457,2
rep5,1.7844,1458,2
rep5,1.7848,1459,2
rep5,1.7858,1460,2
rep5,1.7867,1461,2
rep5,1.7867,1462,2
rep5,1.7869,1463,2
rep5,1.7878,1464,2
rep5,1.7882,1465,2
rep5,1.7888,1466,2
rep5,1.7897,1467,2
rep5,1.7903,1468,2
rep5,1.7904,1469,2
rep5,1.7911,1470,2
rep5,1.7926,1471,2
rep5,1.7928,1472,2
rep5,1.7929,1473,2
rep5,1.7932,1474,2
rep5,1.7949,1475,2
rep5,1.795,1476,2
rep5,1.7953,1477,2
rep5,1.796,1478,2
rep5,1.7967,1479,2
rep5,1.7968,1480,2
rep5,1.797,1481,2
rep5,1.7974,1482,2
rep5,1.7984,1483,2
rep5,1.8015,1484,2
rep5,1.8021,1485,2
rep5,1.8021,1486,2
rep5,1.8029,1487,2
rep5,1.8035,1488,2
rep5,1.8039,1489,2
rep5,1.8045,1490,2
rep5,1.8063,1491,2
rep5,1.8063,1492,2
rep5,1.8065,1493,2
rep5,1.807,1494,2
rep5,1.808,1495,2
rep5,1.8081,1496,2
rep5,1.8106,1497,2
rep5,1.8117,1498,2
rep5,1.8122,1499,2
rep5,1.8125,1500,2
rep5,1.8128,1501,2
rep5,1.8138,1502,2
rep5,1.814,1503,2
rep5,1.8147,1504,2
rep5,1.8147,1505,2
rep5,1.8157,1506,2
rep5,1.8161,1507,2
rep5,1.8163,1508,2
rep5,1.8173,1509,2
rep5,1.8178,1510,2
rep5,1.8182,1511,2
rep5,1.8187,1512,2
rep5,1.8192,1513,2
rep5,1.8197,1514,2
rep5,1.822,1515,2
rep5,1.8222,1516,2
rep5,1.8227,1517,2
rep5,1.8243,1518,2
rep5,1.8245,1519,2
rep5,1.8246,1520,2
rep5,1.8248,1521,2
rep5,1.8249,1522,2
rep5,1.8271,1523,2
rep5,1.8286,1524,2
rep5,1.8303,1525,2
rep5,1.831,1526,2
rep5,1.8313,1527,2
rep5,1.8324,1528,2
rep5,1.8334,1529,2
rep5,1.8336,1530,2
rep5,1.8343,1531,2
rep5,1.8348,1532,2
rep5,1.8354,1533,2
rep5,1.8363,1534,2
rep5,1.837,1535,2
rep5,1.8372,1536,2
rep5,1.8395,1537,2
rep5,1.8397,1538,2
rep5,1.8398,1539,2
rep5,1.84,1540,2
rep5,1.8401,1541,2
rep5,1.8402,1542,2
rep5,1.841,1543,2
rep5,1.8424,1544,2
rep5,1.8431,1545,2
rep5,1.8431,1546,2
rep5,1.8433,1547,2
rep5,1.8439,1548,2
rep5,1.844,1549,2
rep5,1.8451,1550,2
rep5,1.8451,1551,2
rep5,1.8475,1552,2
rep5,1.8494,1553,2
rep5,1.8495,1554,2
rep5,1.8497,1555,2
rep5,1.8502,1556,2
rep5,1.8502,1557,2
rep5,1.8523,1558,2
rep5,1.8533,1559,2
rep5,1.8549,1560,2
rep5,1.855,1561,2
rep5,1.8558,1562,2
rep5,1.8566,1563,2
rep5,1.8567,1564,2
rep5,1.8567,1565,2
rep5,1.8573,1566,2
rep5,1.8587,1567,2
rep5,1.859,1568,2
rep5,1.8594,1569,2
rep5,1.8602,1570,2
rep5,1.8608,1571,2
rep5,1.8611,1572,2
rep5,1.8613,1573,2
rep5,1.8619,1574,2
rep5,1.8624,1575,2
rep5,1.8649,1576,2
rep5,1.8662,1577,2
rep5,1.8663,1578,2
rep5,1.8666,1579,2
rep5,1.8667,1580,2
rep5,1.8683,1581,2
rep5,1.8687,1582,2
rep5,1.869,1583,2
rep5,1.8699,1584,2
rep5,1.8701,1585,2
rep5,1.8706,1586,2
rep5,1.872,1587,2
rep5,1.8721,1588,2
rep5,1.8726,1589,2
rep5,1.8728,1590,2
rep5,1.8729,1591,2
rep5,1.8748,1592,2
rep5,1.876,1593,2
rep5,1.8767,1594,2
rep5,1.8769,1595,2
rep5,1.877,1596,2
rep5,1.877,1597,2
rep5,1.8773,1598,2
rep5,1.8775,1599,2
rep5,1.878,1600,2
rep5,1.8797,1601,2
rep5,1.8798,1602,2
rep5,1.8803,1603,2
rep5,1.8803,1604,2
rep5,1.8829,1605,2
rep5,1.8841,1606,2
rep5,1.8844,1607,2
rep5,1.8846,1608,2
rep5,1.8854,1609,2
rep5,1.8857,1610,2
rep5,1.8864,1611,2
rep5,1.8864,1612,2
rep5,1.8882,1613,2
rep5,1.8882,1614,2
rep5,1.8883,1615,2
rep5,1.8883,1616,2
rep5,1.8886,1617,2
rep5,1.8891,1618,2
rep5,1.891,1619,2
rep5,1.8911,1620,2
rep5,1.8915,1621,2
rep5,1.8919,1622,2
rep5,1.8931,1623,2
rep5,1.8937,1624,2
rep5,1.8945,1625,2
rep5,1.8948,1626,2
rep5,1.8951,1627,2
rep5,1.8953,1628,2
rep5,1.8957,1629,2
rep5,1.8969,1630,2
rep5,1.897,1631,2
rep5,1.8995,1632,2
rep5,1.9003,1633,2
rep5,1.9005,1634,2
rep5,1.9014,1635,2
rep5,1.9019,1636,2
rep5,1.9027,1637,2
rep5,1.903,1638,2
rep5,1.903,1639,2
rep5,1.9048,1640,2
rep5,1.9056,1641,2
rep5,1.9065,1642,2
rep5,1.9068,1643,2
rep5,1.9069,1644,2
rep5,1.9075,1645,2
rep5,1.9076,1646,2
rep5,1.9093,1647,2
rep5,1.9099,1648,2
rep5,1.9103,1649,2
rep5,1.9107,1650,2
rep5,1.9108,1651,2
rep5,1.9116,1652,2
rep5,1.9118,1653,2
rep5,1.912,1654,2
rep5,1.9126,1655,2
rep5,1.9129,1656,2
rep5,1.9133,1657,2
rep5,1.9144,1658,2
rep5,1.9149,1659,2
rep5,1.915,1660,2
rep5,1.9152,1661,2
rep5,1.9157,1662,2
rep5,1.9163,1663,2
rep5,1.9175,1664,2
rep5,1.9185,1665,2
rep5,1.9187,1666,2
rep5,1.9208,1667,2
rep5,1.9208,1668,2
rep5,1.9212,1669,2
rep5,1.9215,1670,2
rep5,1.9219,1671,2
rep5,1.9223,1672,2
rep5,1.9235,1673,2
rep5,1.924,1674,2
rep5,1.9243,1675,2
rep5,1.9246,1676,2
rep5,1.9248,1677,2
rep5,1.9263,1678,2
rep5,1.9268,1679,2
rep5,1.9274,1680,2
rep5,1.928,1681,2
rep5,1.9295,1682,2
rep5,1.9297,1683,2
rep5,1.9318,1684,2
rep5,1.9326,1685,2
rep5,1.9335,1686,2
rep5,1.935,1687,2
rep5,1.9351,1688,2
rep5,1.9361,1689,2
rep5,1.9362,1690,2
rep5,1.937,1691,2
rep5,1.9378,1692,2
rep5,1.938,1693,2
rep5,1.9393,1694,2
rep5,1.9393,1695,2
rep5,1.9394,1696,2
rep5,1.9396,1697,2
rep5,1.9401,1698,2
rep5,1.9401,1699,2
rep5,1.9404,1700,2
rep5,1.9405,1701,2
rep5,1.9414,1702,2
rep5,1.9415,1703,2
rep5,1.9417,1704,2
rep5,1.9426,1705,2
rep5,1.9429,1706,2
rep5,1.944,1707,2
rep5,1.9442,1708,2
rep5,1.9442,1709,2
rep5,1.9443,1710,2
rep5,1.9447,1711,2
rep5,1.945,1712,2
rep5,1.945,1713,2
rep5,1.9455,1714,2
rep5,1.9466,1715,2
rep5,1.947,1716,2
rep5,1.9478,1717,2
rep5,1.9479,1718,2
rep5,1.9481,1719,2
rep5,1.95,1720,2
rep5,1.9507,1721,2
rep5,1.9511,1722,2
rep5,1.9512,1723,2
rep5,1.9522,1724,2
rep5,1.9527,1725,2
rep5,1.9532,1726,2
rep5,1.9534,1727,2
rep5,1.9542,1728,2
rep5,1.9552,1729,2
rep5,1.9558,1730,2
rep5,1.9559,1731,2
rep5,1.956,1732,2
rep5,1.956,1733,2
rep5,1.9566,1734,2
rep5,1.9567,1735,2
rep5,1.9578,1736,2
rep5,1.9583,1737,2
rep5,1.9609,1738,2
rep5,1.9611,1739,2
rep5,1.9611,1740,2
rep5,1.9619,1741,2
rep5,1.962,1742,2
rep5,1.9624,1743,2
rep5,1.9637,1744,2
rep5,1.964,1745,2
rep5,1.9642,1746,2
rep5,1.9644,1747,2
rep5,1.965,1748,2
rep5,1.9653,1749,2
rep5,1.9654,1750,2
rep5,1.9669,1751,2
rep5,1.9673,1752,2
rep5,1.9674,1753,2
rep5,1.9677,1754,2
rep5,1.969,1755,2
rep5,1.9691,1756,2
rep5,1.9693,1757,2
rep5,1.9696,1758,2
rep5,1.9708,1759,2
rep5,1.972,1760,2
rep5,1.9722,1761,2
rep5,1.9732,1762,2
rep5,1.9743,1763,2
rep5,1.9749,1764,2
rep5,1.9764,1765,2
rep5,1.9771,1766,2
rep5,1.9772,1767,2
rep5,1.9785,1768,2
rep5,1.9788,1769,2
rep5,1.9795,1770,2
rep5,1.9798,1771,2
rep5,1.9798,1772,2
rep5,1.9805,1773,2
rep5,1.9811,1774,2
rep5,1.9812,1775,2
rep5,1.9813,1776,2
rep5,1.9814,1777,2
rep5,1.9816,1778,2
rep5,1.9818,1779,2
rep5,1.983,1780,2
rep5,1.9841,1781,2
rep5,1.9852,1782,2
rep5,1.9854,1783,2
rep5,1.9855,1784,2
rep5,1.9861,1785,2
rep5,1.9861,1786,2
rep5,1.9864,1787,2
rep5,1.9866,1788,2
rep5,1.9872,1789,2
rep5,1.9881,1790,2
rep5,1.9887,1791,2
rep5,1.9896,1792,2
rep5,1.9909,1793,2
rep5,1.991,1794,2
rep5,1.9921,1795,2
rep5,1.9927,1796,2
rep5,1.9928,1797,2
rep5,1.993,1798,2
rep5,1.9949,1799,2
rep5,1.9957,1800,2
rep5,1.9959,1801,2
rep5,1.9966,1802,2
rep5,1.9975,1803,2
rep5,1.9978,1804,2
rep5,1.9984,1805,2
rep5,1.9984,1806,2
rep5,1.9992,1807,2
rep5,1.9995,1808,2
rep5,2.0006,1809,2
rep5,2.0007,1810,2
rep5,2.001,1811,2
rep5,2.0011,1812,2
rep5,2.0012,1813,2
rep5,2.0021,1814,2
rep5,2.0029,1815,2
rep5,2.0054,1816,2
rep5,2.0057,1817,2
rep5,2.006,1818,2
rep5,2.0062,1819,2
rep5,2.0064,1820,2
rep5,2.007,1821,2
rep5,2.0072,1822,2
rep5,2.0076,1823,2
rep5,2.0076,1824,2
rep5,2.0082,1825,2
rep5,2.0088,1826,2
rep5,2.0091,1827,2
rep5,2.0095,1828,2
rep5,2.0098,1829,2
rep5,2.0112,1830,2
rep5,2.0112,1831,2
rep5,2.0113,1832,2
rep5,2.0121,1833,2
rep5,2.0127,1834,2
rep5,2.014,1835,2
rep5,2.0148,1836,2
rep5,2.0149,1837,2
rep5,2.015,1838,2
rep5,2.016,1839,2
rep5,2.0162,1840,2
rep5,2.0166,1841,2
rep5,2.0166,1842,2
rep5,2.0172,1843,2
rep5,2.0176,1844,2
rep5,2.0179,1845,2
rep5,2.0179,1846,2
rep5,2.0181,1847,2
rep5,2.0185,1848,2
rep5,2.0187,1849,2
rep5,2.0188,1850,2
rep5,2.0192,1851,2
rep5,2.0211,1852,2
rep5,2.0215,1853,2
rep5,2.0216,1854,2
rep5,2.0225,1855,2
rep5,2.0231,1856,2
rep5,2.025,1857,2
rep5,2.0255,1858,2
rep5,2.0259,1859,2
rep5,2.0259,1860,2
rep5,2.0269,1861,2
rep5,2.027,1862,2
rep5,2.0277,1863,2
rep5,2.029,1864,2
rep5,2.029,1865,2
rep5,2.0304,1866,2
rep5,2.0306,1867,2
rep5,2.0319,1868,2
rep5,2.0329,1869,2
rep5,2.034,1870,2
rep5,2.0341,1871,2
rep5,2.0356,1872,2
rep5,2.0362,1873,2
rep5,2.0371,1874,2
rep5,2.0379,1875,2
rep5,2.038,1876,2
rep5,2.038,1877,2
rep5,2.0384,1878,2
rep5,2.0387,1879,2
rep5,2.0392,1880,2
rep5,2.0396,1881,2
rep5,2.0408,1882,2
rep5,2.042,1883,2
rep5,2.0421,1884,2
rep5,2.0421,1885,2
rep5,2.0421,1886,2
rep5,2.0436,1887,2
rep5,2.0443,1888,2
rep5,2.0454,1889,2
rep5,2.046,1890,2
rep5,2.047,1891,2
rep5,2.0472,1892,2
rep5,2.0474,1893,2
rep5,2.0477,1894,2
rep5,2.0484,1895,2
rep5,2.0485,1896,2
rep5,2.0489,1897,2
rep5,2.0496,1898,2
rep5,2.0504,1899,2
rep5,2.0506,1900,2
rep5,2.0515,1901,2
rep5,2.0532,1902,2
rep5,2.0537,1903,2
rep5,2.0541,1904,2
rep5,2.0542,1905,2
rep5,2.0575,1906,2
rep5,2.0578,1907,2
rep5,2.058,1908,2
rep5,2.0587,1909,2
rep5,2.0594,1910,2
rep5,2.0599,1911,2
rep5,2.0599,1912,2
rep5,2.0601,1913,2
rep5,2.0605,1914,2
rep5,2.0608,1915,2
rep5,2.0611,1916,2
rep5,2.0612,1917,2
rep5,2.0622,1918,2
rep5,2.0625,1919,2
rep5,2.0629,1920,2
rep5,2.0634,1921,2
rep5,2.064,1922,2
rep5,2.0645,1923,2
rep5,2.065,1924,2
rep5,2.0651,1925,2
rep5,2.0652,1926,2
rep5,2.0658,1927,2
rep5,2.0658,1928,2
rep5,2.067,1929,2
rep5,2.067,1930,2
rep5,2.0677,1931,2
rep5,2.0682,1932,2
rep5,2.069,1933,2
rep5,2.0692,1934,2
rep5,2.07,1935,2
rep5,2.0711,1936,2
rep5,2.0721,1937,2
rep5,2.0722,1938,2
rep5,2.0733,1939,2
rep5,2.0743,1940,2
rep5,2.0756,1941,2
rep5,2.0759,1942,2
rep5,2.077,1943,2
rep5,2.0776,1944,2
rep5,2.0784,1945,2
rep5,2.0791,1946,2
rep5,2.0793,1947,2
rep5,2.0797,1948,2
rep5,2.0799,1949,2
rep5,2.0802,1950,2
rep5,2.0814,1951,2
rep5,2.0828,1952,2
rep5,2.0836,1953,2
rep5,2.0844,1954,2
rep5,2.0847,1955,2
rep5,2.0853,1956,2
rep5,2.0855,1957,2
rep5,2.0863,1958,2
rep5,2.0865,1959,2
rep5,2.087,1960,2
rep5,2.0875,1961,2
rep5,2.0877,1962,2
rep5,2.0882,1963,2
rep5,2.0883,1964,2
rep5,2.0885,1965,2
rep5,2.0886,1966,2
rep5,2.089,1967,2
rep5,2.0899,1968,2
rep5,2.09,1969,2
rep5,2.0908,1970,2
rep5,2.0912,1971,2
rep5,2.0916,1972,2
rep5,2.0919,1973,2
rep5,2.0922,1974,2
rep5,2.0925,1975,2
rep5,2.0926,1976,2
rep5,2.0928,1977,2
rep5,2.0932,1978,2
rep5,2.0942,1979,2
rep5,2.0943,1980,2
rep5,2.0945,1981,2
rep5,2.0955,1982,2
rep5,2.0959,1983,2
rep5,2.0973,1984,2
rep5,2.0985,1985,2
rep5,2.0997,1986,2
rep5,2.1001,1987,2
rep5,2.1004,1988,2
rep5,2.1019,1989,2
rep5,2.102,1990,2
rep5,2.1023,1991,2
rep5,2.1028,1992,2
rep5,2.103,1993,2
rep5,2.1036,1994,2
rep5,2.1043,1995,2
rep5,2.1046,1996,2
rep5,2.1047,1997,2
rep5,2.1049,1998,2
rep5,2.1049,1999,2
rep5,2.1055,2000,2
rep5,2.108,2001,2
rep5,2.1083,2002,2
rep5,2.1088,2003,2
rep5,2.109,2004,2
rep5,2.1093,2005,2
rep5,2.1095,2006,2
rep5,2.1099,2007,2
rep5,2.1105,2008,2
rep5,2.1107,2009,2
rep5,2.1117,2010,2
rep5,2.1129,2011,2
rep5,2.1132,2012,2
rep5,2.1142,2013,2
rep5,2.1154,2014,2
rep5,2.1155,2015,2
rep5,2.1156,2016,2
rep5,2.1156,2017,2
rep5,2.1159,2018,2
rep5,2.1166,2019,2
rep5,2.1173,2020,2
rep5,2.1176,2021,2
rep5,2.1184,2022,2
rep5,2.1188,2023,2
rep5,2.1193,2024,2
rep5,2.1199,2025,2
rep5,2.1199,2026,2
rep5,2.1205,2027,2
rep5,2.1208,2028,2
rep5,2.1212,2029,2
rep5,2.1215,2030,2
rep5,2.122,2031,2
rep5,2.1225,2032,2
rep5,2.1229,2033,2
rep5,2.1232,2034,2
rep5,2.1233,2035,2
rep5,2.1239,2036,2
rep5,2.1246,2037,2
rep5,2.1254,2038,2
rep5,2.1257,2039,2
rep5,2.1261,2040,2
rep5,2.1265,2041,2
rep5,2.1266,2042,2
rep5,2.1279,2043,2
rep5,2.128,2044,2
rep5,2.1282,2045,2
rep5,2.1285,2046,2
rep5,2.1292,2047,2
rep5,2.13,2048,2
rep5,2.1303,2049,2
rep5,2.1309,2050,2
rep5,2.1309,2051,2
rep5,2.1316,2052,2
rep5,2.1329,2053,2
rep5,2.1337,2054,2
rep5,2.1339,2055,2
rep5,2.1346,2056,2
rep5,2.1349,2057,2
rep5,2.1351,2058,2
rep5,2.1357,2059,2
rep5,2.137,2060,2
rep5,2.1375,2061,2
rep5,2.138,2062,2
rep5,2.1385,2063,2
rep5,2.1399,2064,2
rep5,2.14,2065,2
rep5,2.14,2066,2
rep5,2.1405,2067,2
rep5,2.1413,2068,2
rep5,2.1414,2069,2
rep5,2.142,2070,2
rep5,2.1426,2071,2
rep5,2.1432,2072,2
rep5,2.1433,2073,2
rep5,2.1447,2074,2
rep5,2.1453,2075,2
rep5,2.1457,2076,2
rep5,2.1466,2077,2
rep5,2.1471,2078,2
rep5,2.1476,2079,2
rep5,2.1478,2080,2
rep5,2.1484,2081,2
rep5,2.1496,2082,2
rep5,2.1506,2083,2
rep5,2.1508,2084,2
rep5,2.151,2085,2
rep5,2.1518,2086,2
rep5,2.1525,2087,2
rep5,2.1529,2088,2
rep5,2.1531,2089,2
rep5,2.1539,2090,2
rep5,2.1542,2091,2
rep5,2.1545,2092,2
rep5,2.1555,2093,2
rep5,2.1564,2094,2
rep5,2.1566,2095,2
rep5,2.1567,2096,2
rep5,2.1569,2097,2
rep5,2.1572,2098,2
rep5,2.1579,2099,2
rep5,2.1584,2100,2
rep5,2.1596,2101,2
rep5,2.1606,2102,2
rep5,2.1613,2103,2
rep5,2.1618,2104,2
rep5,2.1619,2105,2
rep5,2.1622,2106,2
rep5,2.1625,2107,2
rep5,2.1627,2108,2
rep5,2.1645,2109,2
rep5,2.1649,2110,2
rep5,2.165,2111,2
rep5,2.1653,2112,2
rep5,2.1655,2113,2
rep5,2.1656,2114,2
rep5,2.1658,2115,2
rep5,2.1663,2116,2
rep5,2.1663,2117,2
rep5,2.1668,2118,2
rep5,2.167,2119,2
rep5,2.1677,2120,2
rep5,2.1677,2121,2
rep5,2.1685,2122,2
rep5,2.1691,2123,2
rep5,2.1693,2124,2
rep5,2.171,2125,2
rep5,2.1717,2126,2
rep5,2.1718,2127,2
rep5,2.172,2128,2
rep5,2.1724,2129,2
rep5,2.1726,2130,2
rep5,2.1727,2131,2
rep5,2.1728,2132,2
rep5,2.1729,2133,2
rep5,2.1738,2134,2
rep5,2.1752,2135,2
rep5,2.1765,2136,2
rep5,2.1767,2137,2
rep5,2.1773,2138,2
rep5,2.1779,2139,2
rep5,2.1784,2140,2
rep5,2.1789,2141,2
rep5,2.1804,2142,2
rep5,2.1807,2143,2
rep5,2.1809,2144,2
rep5,2.1814,2145,2
rep5,2.1817,2146,2
rep5,2.1827,2147,2
rep5,2.183,2148,2
rep5,2.1838,2149,2
rep5,2.1844,2150,2
rep5,2.1845,2151,2
rep5,2.1852,2152,2
rep5,2.1868,2153,2
rep5,2.1875,2154,2
rep5,2.1877,2155,2
rep5,2.1881,2156,2
rep5,2.1882,2157,2
rep5,2.1889,2158,2
rep5,2.1893,2159,2
rep5,2.1893,2160,2
rep5,2.1899,2161,2
rep5,2.1906,2162,2
rep5,2.1908,2163,2
rep5,2.1909,2164,2
rep5,2.191,2165,2
rep5,2.192,2166,2
rep5,2.1925,2167,2
rep5,2.1927,2168,2
rep5,2.1931,2169,2
rep5,2.1934,2170,2
rep5,2.1939,2171,2
rep5,2.1939,2172,2
rep5,2.1943,2173,2
rep5,2.1949,2174,2
rep5,2.1955,2175,2
rep5,2.1956,2176,2
rep5,2.1963,2177,2
rep5,2.1967,2178,2
rep5,2.197,2179,2
rep5,2.1975,2180,2
rep5,2.1975,2181,2
rep5,2.1976,2182,2
rep5,2.1977,2183,2
rep5,2.1982,2184,2
rep5,2.1999,2185,2
rep5,2.2006,2186,2
rep5,2.2013,2187,2
rep5,2.2019,2188,2
rep5,2.202,2189,2
rep5,2.2024,2190,2
rep5,2.2024,2191,2
rep5,2.2028,2192,2
rep5,2.2032,2193,2
rep5,2.2033,2194,2
rep5,2.2038,2195,2
rep5,2.2041,2196,2
rep5,2.2041,2197,2
rep5,2.2041,2198,2
rep5,2.2045,2199,2
rep5,2.2053,2200,2
rep5,2.2054,2201,2
rep5,2.2065,2202,2
rep5,2.2066,2203,2
rep5,2.2069,2204,2
rep5,2.2074,2205,2
rep5,2.2086,2206,2
rep5,2.2097,2207,2
rep5,2.2107,2208,2
rep5,2.2112,2209,2
rep5,2.2117,2210,2
rep5,2.2118,2211,2
rep5,2.2119,2212,2
rep5,2.2121,2213,2
rep5,2.213,2214,2
rep5,2.2132,2215,2
rep5,2.2136,2216,2
rep5,2.2139,2217,2
rep5,2.2139,2218,2
rep5,2.2141,2219,2
rep5,2.2142,2220,2
rep5,2.2143,2221,2
rep5,2.2147,2222,2
rep5,2.2149,2223,2
rep5,2.2152,2224,2
rep5,2.2178,2225,2
rep5,2.2178,2226,2
rep5,2.2179,2227,2
rep5,2.2179,2228,2
rep5,2.2184,2229,2
rep5,2.2185,2230,2
rep5,2.2189,2231,2
rep5,2.2191,2232,2
rep5,2.2196,2233,2
rep5,2.2196,2234,2
rep5,2.2199,2235,2
rep5,2.2205,2236,2
rep5,2.2207,2237,2
rep5,2.2209,2238,2
rep5,2.221,2239,2
rep5,2.2213,2240,2
rep5,2.2214,2241,2
rep5,2.2233,2242,2
rep5,2.2233,2243,2
rep5,2.2233,2244,2
rep5,2.2237,2245,2
rep5,2.224,2246,2
rep5,2.2249,2247,2
rep5,2.225,2248,2
rep5,2.2254,2249,2
rep5,2.2257,2250,2
rep5,2.2265,2251,2
rep5,2.2268,2252,2
rep5,2.2269,2253,2
rep5,2.2278,2254,2
rep5,2.2279,2255,2
rep5,2.2282,2256,2
rep5,2.2282,2257,2
rep5,2.2283,2258,2
rep5,2.2285,2259,2
rep5,2.2287,2260,2
rep5,2.2304,2261,2
rep5,2.2304,2262,2
rep5,2.231,2263,2
rep5,2.2312,2264,2
rep5,2.232,2265,2
rep5,2.2325,2266,2
rep5,2.2331,2267,2
rep5,2.2337,2268,2
rep5,2.2341,2269,2
rep5,2.2348,2270,2
rep5,2.235,2271,2
rep5,2.2353,2272,2
rep5,2.2355,2273,2
rep5,2.2358,2274,2
rep5,2.2359,2275,2
rep5,2.236,2276,2
rep5,2.2374,2277,2
rep5,2.238,2278,2
rep5,2.2383,2279,2
rep5,2.2388,2280,2
rep5,2.2399,2281,2
rep5,2.2401,2282,2
rep5,2.2406,2283,2
rep5,2.2418,2284,2
rep5,2.2419,2285,2
rep5,2.2421,2286,2
rep5,2.2423,2287,2
rep5,2.2426,2288,2
rep5,2.2429,2289,2
rep5,2.2432,2290,2
rep5,2.2433,2291,2
rep5,2.2447,2292,2
rep5,2.2456,2293,2
rep5,2.2461,2294,2
rep5,2.2462,2295,2
rep5,2.2466,2296,2
rep5,2.2482,2297,2
rep5,2.2483,2298,2
rep5,2.2484,2299,2
rep5,2.2484,2300,2
rep5,2.249,2301,2
rep5,2.2493,2302,2
rep5,2.2493,2303,2
rep5,2.2495,2304,2
rep5,2.2497,2305,2
rep5,2.2504,2306,2
