rep,t_over_ttl,cum_rehold,cum_duplicate
rep1,0.0196,0,1
rep1,1.0213,1,1
rep1,1.0213,2,1
rep1,1.0214,3,1
rep1,1.0214,4,1
rep1,1.0214,5,1
rep1,1.0214,6,1
rep1,1.0214,7,1
rep1,1.0214,8,1
rep1,1.0215,9,1
rep1,1.0215,10,1
rep1,1.0215,11,1
rep1,1.0215,12,1
rep1,1.0216,13,1
rep1,1.0216,14,1
rep1,1.0216,15,1
rep1,1.0216,16,1
rep1,1.0217,17,1
rep1,1.0217,18,1
rep1,1.0217,19,1
rep1,1.0217,20,1
rep1,1.0218,21,1
rep1,1.0218,22,1
rep1,1.0218,23,1
rep1,1.0218,24,1
rep1,1.0218,25,1
rep1,1.0218,26,1
rep1,1.0218,27,1
rep1,1.0219,28,1
rep1,1.0219,29,1
rep1,1.0219,30,1
rep1,1.0219,31,1
rep1,1.022,32,1
rep1,1.022,33,1
rep1,1.0221,34,1
rep1,1.0221,35,1
rep1,1.0221,36,1
rep1,1.0221,37,1
rep1,1.0221,38,1
rep1,1.0221,39,1
rep1,1.0222,40,1
rep1,1.0222,41,1
rep1,1.0222,42,1
rep1,1.0222,43,1
rep1,1.0223,44,1
rep1,1.0223,45,1
rep1,1.0223,46,1
rep1,1.0224,47,1
rep1,1.0224,48,1
rep1,1.0224,49,1
rep1,1.0224,50,1
rep1,1.0224,51,1
rep1,1.0225,52,1
rep1,1.0225,53,1
rep1,1.0225,54,1
rep1,1.0225,55,1
rep1,1.0226,56,1
rep1,1.0227,57,1
rep1,1.0227,58,1
rep1,1.0227,59,1
rep1,1.0227,60,1
rep1,1.0227,61,1
rep1,1.0228,62,1
rep1,1.0228,63,1
rep1,1.0228,64,1
rep1,1.0228,65,1
rep1,1.0229,66,1
rep1,1.0229,67,1
rep1,1.0229,68,1
rep1,1.023,69,1
rep1,1.023,70,1
rep1,1.023,71,1
rep1,1.023,72,1
rep1,1.0231,73,1
rep1,1.0231,74,1
rep1,1.0231,75,1
rep1,1.0231,76,1
rep1,1.0231,77,1
rep1,1.0232,78,1
rep1,1.0232,79,1
rep1,1.0232,80,1
rep1,1.0232,81,1
rep1,1.0232,82,1
rep1,1.0232,83,1
rep1,1.0232,84,1
rep1,1.0232,85,1
rep1,1.0233,86,1
rep1,1.0234,87,1
rep1,1.0234,88,1
rep1,1.0234,89,1
rep1,1.0235,90,1
rep1,1.0235,91,1
rep1,1.0235,92,1
rep1,1.0235,93,1
rep1,1.0235,94,1
rep1,1.0235,95,1
rep1,1.0236,96,1
rep1,1.0236,97,1
rep1,1.0236,98,1
rep1,1.0236,99,1
rep1,1.0236,100,1
rep1,1.0236,101,1
rep1,1.0237,102,1
rep1,1.0237,103,1
rep1,1.0237,104,1
rep1,1.0237,105,1
rep1,1.0237,106,1
rep1,1.0238,107,1
rep1,1.0238,108,1
rep1,1.0239,109,1
rep1,1.0239,110,1
rep1,1.0239,111,1
rep1,1.024,112,1
rep1,1.024,113,1
rep1,1.024,114,1
rep1,1.024,115,1
rep1,1.024,116,1
rep1,1.024,117,1
rep1,1.0241,118,1
rep1,1.0241,119,1
rep1,1.0241,120,1
rep1,1.0241,121,1
rep1,1.0241,122,1
rep1,1.0242,123,1
rep1,1.0242,124,1
rep1,1.0242,125,1
rep1,1.0242,126,1
rep1,1.0242,127,1
rep1,1.0243,128,1
rep1,1.0243,129,1
rep1,1.0243,130,1
rep1,1.0244,131,1
rep1,1.0244,132,1
rep1,1.0245,133,1
rep1,1.0245,134,1
rep1,1.0245,135,1
rep1,1.0245,136,1
rep1,1.0245,137,1
rep1,1.0245,138,1
rep1,1.0246,139,1
rep1,1.0246,140,1
rep1,1.0246,141,1
rep1,1.0246,142,1
rep1,1.0246,143,1
rep1,1.0246,144,1
rep1,1.0247,145,1
rep1,1.0247,146,1
rep1,1.0247,147,1
rep1,1.0247,148,1
rep1,1.0248,149,1
rep1,1.0248,150,1
rep1,1.0248,151,1
rep1,1.0249,152,1
rep1,1.025,153,1
rep1,1.025,154,1
rep1,1.025,155,1
rep1,1.025,156,1
rep1,1.0251,157,1
rep1,1.0251,158,1
rep1,1.0251,159,1
rep1,1.0251,160,1
rep1,1.0252,161,1
rep1,1.0252,162,1
rep1,1.0252,163,1
rep1,1.0252,164,1
rep1,1.0253,165,1
rep1,1.0253,166,1
rep1,1.0253,167,1
rep1,1.0254,168,1
rep1,1.0254,169,1
rep1,1.0254,170,1
rep1,1.0255,171,1
rep1,1.0255,172,1
rep1,1.0255,173,1
rep1,1.0256,174,1
rep1,1.0257,175,1
rep1,1.0257,176,1
rep1,1.0257,177,1
rep1,1.0257,178,1
rep1,1.0258,179,1
rep1,1.0259,180,1
rep1,1.0259,181,1
rep1,1.0259,182,1
rep1,1.0259,183,1
rep1,1.0259,184,1
rep1,1.026,185,1
rep1,1.026,186,1
rep1,1.0261,187,1
rep1,1.0261,188,1
rep1,1.0261,189,1
rep1,1.0261,190,1
rep1,1.0262,191,1
rep1,1.0262,192,1
rep1,1.0262,193,1
rep1,1.0262,194,1
rep1,1.0263,195,1
rep1,1.0263,196,1
rep1,1.0263,197,1
rep1,1.0263,198,1
rep1,1.0263,199,1
rep1,1.0263,200,1
rep1,1.0264,201,1
rep1,1.0264,202,1
rep1,1.0264,203,1
rep1,1.0265,204,1
rep1,1.0265,205,1
rep1,1.0265,206,1
rep1,1.0265,207,1
rep1,1.0265,208,1
rep1,1.0266,209,1
rep1,1.0266,210,1
rep1,1.0267,211,1
rep1,1.0267,212,1
rep1,1.0267,213,1
rep1,1.0267,214,1
rep1,1.0268,215,1
rep1,1.0268,216,1
rep1,1.0269,217,1
rep1,1.0269,218,1
rep1,1.0269,219,1
rep1,1.027,220,1
rep1,1.027,221,1
rep1,1.027,222,1
rep1,1.0272,223,1
rep1,1.0272,224,1
rep1,1.0272,225,1
rep1,1.0272,226,1
rep1,1.0273,227,1
rep1,1.0273,228,1
rep1,1.0273,229,1
rep1,1.0273,230,1
rep1,1.0273,231,1
rep1,1.0273,232,1
rep1,1.0274,233,1
rep1,1.0274,234,1
rep1,1.0274,235,1
rep1,1.0274,236,1
rep1,1.0275,237,1
rep1,1.0275,238,1
rep1,1.0275,239,1
rep1,1.0275,240,1
rep1,1.0275,241,1
rep1,1.0275,242,1
rep1,1.0275,243,1
rep1,1.0276,244,1
rep1,1.0276,245,1
rep1,1.0276,246,1
rep1,1.0277,247,1
rep1,1.0277,248,1
rep1,1.0277,249,1
rep1,1.0277,250,1
rep1,1.0277,251,1
rep1,1.0277,252,1
rep1,1.0278,253,1
rep1,1.0278,254,1
rep1,1.0278,255,1
rep1,1.0279,256,1
rep1,1.028,257,1
rep1,1.028,258,1
rep1,1.028,259,1
rep1,1.0281,260,1
rep1,1.0281,261,1
rep1,1.0281,262,1
rep1,1.0281,263,1
rep1,1.0281,264,1
rep1,1.0281,265,1
rep1,1.0281,266,1
rep1,1.0282,267,1
rep1,1.0282,268,1
rep1,1.0282,269,1
rep1,1.0282,270,1
rep1,1.0282,271,1
rep1,1.0283,272,1
rep1,1.0284,273,1
rep1,1.0284,274,1
rep1,1.0285,275,1
rep1,1.0285,276,1
rep1,1.0285,277,1
rep1,1.0286,278,1
rep1,1.0286,279,1
rep1,1.0286,280,1
rep1,1.0286,281,1
rep1,1.0286,282,1
rep1,1.0287,283,1
rep1,1.0288,284,1
rep1,1.0288,285,1
rep1,1.0289,286,1
rep1,1.0289,287,1
rep1,1.029,288,1
rep1,1.029,289,1
rep1,1.029,290,1
rep1,1.0291,291,1
rep1,1.0291,292,1
rep1,1.0291,293,1
rep1,1.0291,294,1
rep1,1.0291,295,1
rep1,1.0291,296,1
rep1,1.0292,297,1
rep1,1.0293,298,1
rep1,1.0294,299,1
rep1,1.0294,300,1
rep1,1.0294,301,1
rep1,1.0294,302,1
rep1,1.0295,303,1
rep1,1.0295,304,1
rep1,1.0296,305,1
rep1,1.0296,306,1
rep1,1.0296,307,1
rep1,1.0297,308,1
rep1,1.0297,309,1
rep1,1.0298,310,1
rep1,1.0298,311,1
rep1,1.0299,312,1
rep1,1.0299,313,1
rep1,1.0299,314,1
rep1,1.0299,315,1
rep1,1.03,316,1
rep1,1.0301,317,1
rep1,1.0301,318,1
rep1,1.0301,319,1
rep1,1.0302,320,1
rep1,1.0302,321,1
rep1,1.0302,322,1
rep1,1.0303,323,1
rep1,1.0304,324,1
rep1,1.0304,325,1
rep1,1.0304,326,1
rep1,1.0304,327,1
rep1,1.0304,328,1
rep1,1.0305,329,1
rep1,1.0306,330,1
rep1,1.0306,331,1
rep1,1.0307,332,1
rep1,1.0307,333,1
rep1,1.0308,334,1
rep1,1.0308,335,1
rep1,1.0309,336,1
rep1,1.0309,337,1
rep1,1.0309,338,1
rep1,1.0309,339,1
rep1,1.0309,340,1
rep1,1.0311,341,1
rep1,1.0311,342,1
rep1,1.0311,343,1
rep1,1.0312,344,1
rep1,1.0312,345,1
rep1,1.0312,346,1
rep1,1.0312,347,1
rep1,1.0313,348,1
rep1,1.0313,349,1
rep1,1.0313,350,1
rep1,1.0314,351,1
rep1,1.0314,352,1
rep1,1.0314,353,1
rep1,1.0315,354,1
rep1,1.0315,355,1
rep1,1.0315,356,1
rep1,1.0315,357,1
rep1,1.0316,358,1
rep1,1.0316,359,1
rep1,1.0317,360,1
rep1,1.0319,361,1
rep1,1.0319,362,1
rep1,1.0319,363,1
rep1,1.0319,364,1
rep1,1.032,365,1
rep1,1.0321,366,1
rep1,1.0321,367,1
rep1,1.0322,368,1
rep1,1.0322,369,1
rep1,1.0322,370,1
rep1,1.0323,371,1
rep1,1.0323,372,1
rep1,1.0323,373,1
rep1,1.0324,374,1
rep1,1.0325,375,1
rep1,1.0325,376,1
rep1,1.0325,377,1
rep1,1.0326,378,1
rep1,1.0326,379,1
rep1,1.0328,380,1
rep1,1.0328,381,1
rep1,1.0328,382,1
rep1,1.0328,383,1
rep1,1.0331,384,1
rep1,1.0332,385,1
rep1,1.0332,386,1
rep1,1.0332,387,1
rep1,1.0332,388,1
rep1,1.0332,389,1
rep1,1.0332,390,1
rep1,1.0334,391,1
rep1,1.0335,392,1
rep1,1.0335,393,1
rep1,1.0336,394,1
rep1,1.0337,395,1
rep1,1.0337,396,1
rep1,1.0337,397,1
rep1,1.0338,398,1
rep1,1.0338,399,1
rep1,1.0339,400,1
rep1,1.034,401,1
rep1,1.034,402,1
rep1,1.034,403,1
rep1,1.0341,404,1
rep1,1.0341,405,1
rep1,1.0342,406,1
rep1,1.0342,407,1
rep1,1.0343,408,1
rep1,1.0343,409,1
rep1,1.0346,410,1
rep1,1.0346,411,1
rep1,1.0346,412,1
rep1,1.0348,413,1
rep1,1.0348,414,1
rep1,1.0349,415,1
rep1,1.035,416,1
rep1,1.035,417,1
rep1,1.0352,418,1
rep1,1.0352,419,1
rep1,1.0352,420,1
rep1,1.0352,421,1
rep1,1.0353,422,1
rep1,1.0353,423,1
rep1,1.0354,424,1
rep1,1.0355,425,1
rep1,1.0355,426,1
rep1,1.0356,427,1
rep1,1.0356,428,1
rep1,1.0357,429,1
rep1,1.0358,430,1
rep1,1.0359,431,1
rep1,1.0359,432,1
rep1,1.0359,433,1
rep1,1.036,434,1
rep1,1.036,435,1
rep1,1.036,436,1
rep1,1.036,437,1
rep1,1.0361,438,1
rep1,1.0362,439,1
rep1,1.0362,440,1
rep1,1.0363,441,1
rep1,1.0363,442,1
rep1,1.0363,443,1
rep1,1.0364,444,1
rep1,1.0365,445,1
rep1,1.0365,446,1
rep1,1.0366,447,1
rep1,1.0367,448,1
rep1,1.0367,449,1
rep1,1.0368,450,1
rep1,1.0368,451,1
rep1,1.0368,452,1
rep1,1.0368,453,1
rep1,1.0369,454,1
rep1,1.0371,455,1
rep1,1.0372,456,1
rep1,1.0373,457,1
rep1,1.0373,458,1
rep1,1.0374,459,1
rep1,1.0376,460,1
rep1,1.0377,461,1
rep1,1.0377,462,1
rep1,1.0377,463,1
rep1,1.0378,464,1
rep1,1.0378,465,1
rep1,1.0379,466,1
rep1,1.0379,467,1
rep1,1.038,468,1
rep1,1.0384,469,1
rep1,1.0385,470,1
rep1,1.0385,471,1
rep1,1.0387,472,1
rep1,1.0388,473,1
rep1,1.0389,474,1
rep1,1.0389,475,1
rep1,1.0389,476,1
rep1,1.039,477,1
rep1,1.0391,478,1
rep1,1.0392,479,1
rep1,1.0392,480,1
rep1,1.0394,481,1
rep1,1.0396,482,1
rep1,1.0396,483,1
rep1,1.0397,484,1
rep1,1.0397,485,1
rep1,1.0398,486,1
rep1,1.0399,487,1
rep1,1.0399,488,1
rep1,1.0399,489,1
rep1,1.0401,490,1
rep1,1.0401,491,1
rep1,1.0402,492,1
rep1,1.0406,493,1
rep1,1.0407,494,1
rep1,1.0407,495,1
rep1,1.0408,496,1
rep1,1.0408,497,1
rep1,1.0408,498,1
rep1,1.0409,499,1
rep1,1.041,500,1
rep1,1.041,501,1
rep1,1.041,502,1
rep1,1.0411,503,1
rep1,1.0414,504,1
rep1,1.0415,505,1
rep1,1.0415,506,1
rep1,1.0418,507,1
rep1,1.0419,508,1
rep1,1.0419,509,1
rep1,1.042,510,1
rep1,1.042,511,1
rep1,1.0421,512,1
rep1,1.0421,513,1
rep1,1.0422,514,1
rep1,1.0423,515,1
rep1,1.0423,516,1
rep1,1.0423,517,1
rep1,1.0424,518,1
rep1,1.0425,519,1
rep1,1.0425,520,1
rep1,1.0427,521,1
rep1,1.0428,522,1
rep1,1.0429,523,1
rep1,1.0429,524,1
rep1,1.043,525,1
rep1,1.043,526,1
rep1,1.0431,527,1
rep1,1.0432,528,1
rep1,1.0433,529,1
rep1,1.0433,530,1
rep1,1.0435,531,1
rep1,1.0435,532,1
rep1,1.0437,533,1
rep1,1.0437,534,1
rep1,1.0437,535,1
rep1,1.0437,536,1
rep1,1.0441,537,1
rep1,1.0443,538,1
rep1,1.0447,539,1
rep1,1.0449,540,1
rep1,1.0451,541,1
rep1,1.0453,542,1
rep1,1.0456,543,1
rep1,1.0461,544,1
rep1,1.0461,545,1
rep1,1.0462,546,1
rep1,1.0464,547,1
rep1,1.0465,548,1
rep1,1.0466,549,1
rep1,1.0466,550,1
rep1,1.0469,551,1
rep1,1.0472,552,1
rep1,1.0474,553,1
rep1,1.0475,554,1
rep1,1.0477,555,1
rep1,1.0484,556,1
rep1,1.0485,557,1
rep1,1.0486,558,1
rep1,1.0488,559,1
rep1,1.0489,560,1
rep1,1.0492,561,1
rep1,1.0493,562,1
rep1,1.0494,563,1
rep1,1.0495,564,1
rep1,1.0495,565,1
rep1,1.0499,566,1
rep1,1.0501,567,1
rep1,1.0503,568,1
rep1,1.0503,569,1
rep1,1.0504,570,1
rep1,1.0506,571,1
rep1,1.0508,572,1
rep1,1.051,573,1
rep1,1.0514,574,1
rep1,1.0526,575,1
rep1,1.0527,576,1
rep1,1.0528,577,1
rep1,1.0534,578,1
rep1,1.0538,579,1
rep1,1.0539,580,1
rep1,1.0542,581,1
rep1,1.0544,582,1
rep1,1.0547,583,1
rep1,1.0555,584,1
rep1,1.0555,585,1
rep1,1.0557,586,1
rep1,1.0558,587,1
rep1,1.0559,588,1
rep1,1.0559,589,1
rep1,1.0559,590,1
rep1,1.056,591,1
rep1,1.056,592,1
rep1,1.056,593,1
rep1,1.056,594,1
rep1,1.056,595,1
rep1,1.056,596,1
rep1,1.056,597,1
rep1,1.0561,598,1
rep1,1.0561,599,1
rep1,1.0561,600,1
rep1,1.0561,601,1
rep1,1.0561,602,1
rep1,1.0562,603,1
rep1,1.0562,604,1
rep1,1.0562,605,1
rep1,1.0562,606,1
rep1,1.0562,607,1
rep1,1.0563,608,1
rep1,1.0563,609,1
rep1,1.0563,610,1
rep1,1.0563,611,1
rep1,1.0564,612,1
rep1,1.0564,613,1
rep1,1.0564,614,1
rep1,1.0564,615,1
rep1,1.0564,616,1
rep1,1.0565,617,1
rep1,1.0565,618,1
rep1,1.0565,619,1
rep1,1.0565,620,1
rep1,1.0565,621,1
rep1,1.0565,622,1
rep1,1.0566,623,1
rep1,1.0566,624,1
rep1,1.0566,625,1
rep1,1.0566,626,1
rep1,1.0566,627,1
rep1,1.0567,628,1
rep1,1.0567,629,1
rep1,1.0567,630,1
rep1,1.0567,631,1
rep1,1.0568,632,1
rep1,1.0568,633,1
rep1,1.0568,634,1
rep1,1.0568,635,1
rep1,1.0568,636,1
rep1,1.0568,637,1
rep1,1.0569,638,1
rep1,1.0569,639,1
rep1,1.0569,640,1
rep1,1.0569,641,1
rep1,1.0569,642,1
rep1,1.0569,643,1
rep1,1.0569,644,1
rep1,1.057,645,1
rep1,1.057,646,1
rep1,1.057,647,1
rep1,1.057,648,1
rep1,1.0571,649,1
rep1,1.0571,650,1
rep1,1.0571,651,1
rep1,1.0571,652,1
rep1,1.0572,653,1
rep1,1.0572,654,1
rep1,1.0572,655,1
rep1,1.0572,656,1
rep1,1.0573,657,1
rep1,1.0573,658,1
rep1,1.0573,659,1
rep1,1.0573,660,1
rep1,1.0573,661,1
rep1,1.0573,662,1
rep1,1.0574,663,1
rep1,1.0574,664,1
rep1,1.0575,665,1
rep1,1.0575,666,1
rep1,1.0575,667,1
rep1,1.0576,668,1
rep1,1.0576,669,1
rep1,1.0576,670,1
rep1,1.0576,671,1
rep1,1.0576,672,1
rep1,1.0576,673,1
rep1,1.0577,674,1
rep1,1.0577,675,1
rep1,1.0577,676,1
rep1,1.0577,677,1
rep1,1.0577,678,1
rep1,1.0577,679,1
rep1,1.0578,680,1
rep1,1.0578,681,1
rep1,1.0578,682,1
rep1,1.0578,683,1
rep1,1.0578,684,1
rep1,1.0579,685,1
rep1,1.0579,686,1
rep1,1.0579,687,1
rep1,1.0579,688,1
rep1,1.0579,689,1
rep1,1.058,690,1
rep1,1.0581,691,1
rep1,1.0581,692,1
rep1,1.0581,693,1
rep1,1.0581,694,1
rep1,1.0582,695,1
rep1,1.0582,696,1
rep1,1.0582,697,1
rep1,1.0582,698,1
rep1,1.0582,699,1
rep1,1.0582,700,1
rep1,1.0583,701,1
rep1,1.0583,702,1
rep1,1.0583,703,1
rep1,1.0584,704,1
rep1,1.0584,705,1
rep1,1.0584,706,1
rep1,1.0584,707,1
rep1,1.0584,708,1
rep1,1.0584,709,1
rep1,1.0584,710,1
rep1,1.0584,711,1
rep1,1.0585,712,1
rep1,1.0585,713,1
rep1,1.0585,714,1
rep1,1.0585,715,1
rep1,1.0585,716,1
rep1,1.0585,717,1
rep1,1.0586,718,1
rep1,1.0586,719,1
rep1,1.0586,720,1
rep1,1.0586,721,1
rep1,1.0587,722,1
rep1,1.0587,723,1
rep1,1.0587,724,1
rep1,1.0587,725,1
rep1,1.0588,726,1
rep1,1.0588,727,1
rep1,1.0588,728,1
rep1,1.0588,729,1
rep1,1.0588,730,1
rep1,1.0588,731,1
rep1,1.0588,732,1
rep1,1.0589,733,1
rep1,1.0589,734,1
rep1,1.0589,735,1
rep1,1.0589,736,1
rep1,1.059,737,1
rep1,1.059,738,1
rep1,1.059,739,1
rep1,1.059,740,1
rep1,1.0591,741,1
rep1,1.0591,742,1
rep1,1.0591,743,1
rep1,1.0591,744,1
rep1,1.0591,745,1
rep1,1.0592,746,1
rep1,1.0592,747,1
rep1,1.0592,748,1
rep1,1.0593,749,1
rep1,1.0593,750,1
rep1,1.0593,751,1
rep1,1.0593,752,1
rep1,1.0594,753,1
rep1,1.0594,754,1
rep1,1.0594,755,1
rep1,1.0594,756,1
rep1,1.0595,757,1
rep1,1.0595,758,1
rep1,1.0595,759,1
rep1,1.0595,760,1
rep1,1.0596,761,1
rep1,1.0596,762,1
rep1,1.0596,763,1
rep1,1.0596,764,1
rep1,1.0596,765,1
rep1,1.0597,766,1
rep1,1.0597,767,1
rep1,1.0597,768,1
rep1,1.0597,769,1
rep1,1.0597,770,1
rep1,1.0598,771,1
rep1,1.0598,772,1
rep1,1.0598,773,1
rep1,1.0598,774,1
rep1,1.0598,775,1
rep1,1.0599,776,1
rep1,1.0599,777,1
rep1,1.0599,778,1
rep1,1.06,779,1
rep1,1.06,780,1
rep1,1.0601,781,1
rep1,1.0601,782,1
rep1,1.0601,783,1
rep1,1.0601,784,1
rep1,1.0602,785,1
rep1,1.0602,786,1
rep1,1.0602,787,1
rep1,1.0602,788,1
rep1,1.0602,789,1
rep1,1.0603,790,1
rep1,1.0603,791,1
rep1,1.0603,792,1
rep1,1.0603,793,1
rep1,1.0604,794,1
rep1,1.0604,795,1
rep1,1.0604,796,1
rep1,1.0604,797,1
rep1,1.0605,798,1
rep1,1.0605,799,1
rep1,1.0605,800,1
rep1,1.0605,801,1
rep1,1.0606,802,1
rep1,1.0606,803,1
rep1,1.0606,804,1
rep1,1.0606,805,1
rep1,1.0606,806,1
rep1,1.0606,807,1
rep1,1.0607,808,1
rep1,1.0607,809,1
rep1,1.0608,810,1
rep1,1.0608,811,1
rep1,1.0608,812,1
rep1,1.0608,813,1
rep1,1.0608,814,1
rep1,1.0609,815,1
rep1,1.0609,816,1
rep1,1.0609,817,1
rep1,1.0609,818,1
rep1,1.061,819,1
rep1,1.061,820,1
rep1,1.061,821,1
rep1,1.061,822,1
rep1,1.0611,823,1
rep1,1.0611,824,1
rep1,1.0611,825,1
rep1,1.0611,826,1
rep1,1.0611,827,1
rep1,1.0611,828,1
rep1,1.0611,829,1
rep1,1.0611,830,1
rep1,1.0612,831,1
rep1,1.0612,832,1
rep1,1.0612,833,1
rep1,1.0612,834,1
rep1,1.0613,835,1
rep1,1.0613,836,1
rep1,1.0613,837,1
rep1,1.0613,838,1
rep1,1.0614,839,1
rep1,1.0614,840,1
rep1,1.0614,841,1
rep1,1.0614,842,1
rep1,1.0614,843,1
rep1,1.0615,844,1
rep1,1.0615,845,1
rep1,1.0615,846,1
rep1,1.0615,847,1
rep1,1.0616,848,1
rep1,1.0616,849,1
rep1,1.0616,850,1
rep1,1.0616,851,1
rep1,1.0616,852,1
rep1,1.0619,853,1
rep1,1.0619,854,1
rep1,1.0619,855,1
rep1,1.0619,856,1
rep1,1.062,857,1
rep1,1.0621,858,1
rep1,1.0621,859,1
rep1,1.0621,860,1
rep1,1.0622,861,1
rep1,1.0622,862,1
rep1,1.0622,863,1
rep1,1.0623,864,1
rep1,1.0623,865,1
rep1,1.0623,866,1
rep1,1.0624,867,1
rep1,1.0624,868,1
rep1,1.0624,869,1
rep1,1.0625,870,1
rep1,1.0625,871,1
rep1,1.0625,872,1
rep1,1.0626,873,1
rep1,1.0626,874,1
rep1,1.0626,875,1
rep1,1.0626,876,1
rep1,1.0626,877,1
rep1,1.0627,878,1
rep1,1.0627,879,1
rep1,1.0627,880,1
rep1,1.0628,881,1
rep1,1.0628,882,1
rep1,1.0628,883,1
rep1,1.0628,884,1
rep1,1.0628,885,1
rep1,1.0629,886,1
rep1,1.0629,887,1
rep1,1.0629,888,1
rep1,1.0629,889,1
rep1,1.0629,890,1
rep1,1.0629,891,1
rep1,1.063,892,1
rep1,1.063,893,1
rep1,1.063,894,1
rep1,1.0631,895,1
rep1,1.0632,896,1
rep1,1.0632,897,1
rep1,1.0632,898,1
rep1,1.0632,899,1
rep1,1.0633,900,1
rep1,1.0633,901,1
rep1,1.0633,902,1
rep1,1.0633,903,1
rep1,1.0633,904,1
rep1,1.0634,905,1
rep1,1.0634,906,1
rep1,1.0634,907,1
rep1,1.0634,908,1
rep1,1.0634,909,1
rep1,1.0635,910,1
rep1,1.0635,911,1
rep1,1.0636,912,1
rep1,1.0637,913,1
rep1,1.0637,914,1
rep1,1.0637,915,1
rep1,1.0637,916,1
rep1,1.0638,917,1
rep1,1.0638,918,1
rep1,1.0638,919,1
rep1,1.0638,920,1
rep1,1.0638,921,1
rep1,1.0639,922,1
rep1,1.0639,923,1
rep1,1.064,924,1
rep1,1.064,925,1
rep1,1.0641,926,1
rep1,1.0642,927,1
rep1,1.0642,928,1
rep1,1.0642,929,1
rep1,1.0642,930,1
rep1,1.0643,931,1
rep1,1.0644,932,1
rep1,1.0644,933,1
rep1,1.0644,934,1
rep1,1.0644,935,1
rep1,1.0645,936,1
rep1,1.0645,937,1
rep1,1.0645,938,1
rep1,1.0645,939,1
rep1,1.0645,940,1
rep1,1.0645,941,1
rep1,1.0646,942,1
rep1,1.0646,943,1
rep1,1.0646,944,1
rep1,1.0647,945,1
rep1,1.0647,946,1
rep1,1.0647,947,1
rep1,1.0648,948,1
rep1,1.0648,949,1
rep1,1.0648,950,1
rep1,1.0649,951,1
rep1,1.065,952,1
rep1,1.065,953,1
rep1,1.0651,954,1
rep1,1.0651,955,1
rep1,1.0651,956,1
rep1,1.0651,957,1
rep1,1.0652,958,1
rep1,1.0652,959,1
rep1,1.0652,960,1
rep1,1.0653,961,1
rep1,1.0653,962,1
rep1,1.0653,963,1
rep1,1.0653,964,1
rep1,1.0654,965,1
rep1,1.0654,966,1
rep1,1.0654,967,1
rep1,1.0654,968,1
rep1,1.0655,969,1
rep1,1.0655,970,1
rep1,1.0655,971,1
rep1,1.0655,972,1
rep1,1.0655,973,1
rep1,1.0655,974,1
rep1,1.0656,975,1
rep1,1.0656,976,1
rep1,1.0656,977,1
rep1,1.0657,978,1
rep1,1.0657,979,1
rep1,1.0657,980,1
rep1,1.0657,981,1
rep1,1.0657,982,1
rep1,1.0657,983,1
rep1,1.0657,984,1
rep1,1.0658,985,1
rep1,1.0659,986,1
rep1,1.066,987,1
rep1,1.0661,988,1
rep1,1.0661,989,1
rep1,1.0662,990,1
rep1,1.0662,991,1
rep1,1.0662,992,1
rep1,1.0662,993,1
rep1,1.0662,994,1
rep1,1.0663,995,1
rep1,1.0663,996,1
rep1,1.0663,997,1
rep1,1.0664,998,1
rep1,1.0665,999,1
rep1,1.0665,1000,1
rep1,1.0665,1001,1
rep1,1.0665,1002,1
rep1,1.0665,1003,1
rep1,1.0666,1004,1
rep1,1.0666,1005,1
rep1,1.0666,1006,1
rep1,1.0667,1007,1
rep1,1.0667,1008,1
rep1,1.0667,1009,1
rep1,1.0667,1010,1
rep1,1.0667,1011,1
rep1,1.0667,1012,1
rep1,1.0667,1013,1
rep1,1.0669,1014,1
rep1,1.0669,1015,1
rep1,1.0669,1016,1
rep1,1.0669,1017,1
rep1,1.0669,1018,1
rep1,1.067,1019,1
rep1,1.067,1020,1
rep1,1.067,1021,1
rep1,1.0671,1022,1
rep1,1.0672,1023,1
rep1,1.0672,1024,1
rep1,1.0672,1025,1
rep1,1.0672,1026,1
rep1,1.0672,1027,1
rep1,1.0673,1028,1
rep1,1.0673,1029,1
rep1,1.0673,1030,1
rep1,1.0673,1031,1
rep1,1.0673,1032,1
rep1,1.0674,1033,1
rep1,1.0675,1034,1
rep1,1.0675,1035,1
rep1,1.0676,1036,1
rep1,1.0676,1037,1
rep1,1.0676,1038,1
rep1,1.0676,1039,1
rep1,1.0676,1040,1
rep1,1.0677,1041,1
rep1,1.0677,1042,1
rep1,1.0677,1043,1
rep1,1.0678,1044,1
rep1,1.0678,1045,1
rep1,1.0678,1046,1
rep1,1.0679,1047,1
rep1,1.0679,1048,1
rep1,1.068,1049,1
rep1,1.0681,1050,1
rep1,1.0682,1051,1
rep1,1.0682,1052,1
rep1,1.0682,1053,1
rep1,1.0684,1054,1
rep1,1.0684,1055,1
rep1,1.0684,1056,1
rep1,1.0685,1057,1
rep1,1.0686,1058,1
rep1,1.0686,1059,1
rep1,1.0687,1060,1
rep1,1.0687,1061,1
rep1,1.0688,1062,1
rep1,1.0688,1063,1
rep1,1.0688,1064,1
rep1,1.0688,1065,1
rep1,1.0689,1066,1
rep1,1.0689,1067,1
rep1,1.0689,1068,1
rep1,1.069,1069,1
rep1,1.0691,1070,1
rep1,1.0692,1071,1
rep1,1.0692,1072,1
rep1,1.0692,1073,1
rep1,1.0693,1074,1
rep1,1.0693,1075,1
rep1,1.0694,1076,1
rep1,1.0694,1077,1
rep1,1.0695,1078,1
rep1,1.0695,1079,1
rep1,1.0695,1080,1
rep1,1.0696,1081,1
rep1,1.0696,1082,1
rep1,1.0698,1083,1
rep1,1.0699,1084,1
rep1,1.07,1085,1
rep1,1.0701,1086,1
rep1,1.0701,1087,1
rep1,1.0702,1088,1
rep1,1.0702,1089,1
rep1,1.0702,1090,1
rep1,1.0703,1091,1
rep1,1.0703,1092,1
rep1,1.0704,1093,1
rep1,1.0705,1094,1
rep1,1.0705,1095,1
rep1,1.0706,1096,1
rep1,1.0706,1097,1
rep1,1.0707,1098,1
rep1,1.0707,1099,1
rep1,1.0708,1100,1
rep1,1.0709,1101,1
rep1,1.071,1102,1
rep1,1.071,1103,1
rep1,1.0711,1104,1
rep1,1.0711,1105,1
rep1,1.0711,1106,1
rep1,1.0711,1107,1
rep1,1.0712,1108,1
rep1,1.0713,1109,1
rep1,1.0713,1110,1
rep1,1.0714,1111,1
rep1,1.0714,1112,1
rep1,1.0714,1113,1
rep1,1.0715,1114,1
rep1,1.0715,1115,1
rep1,1.0716,1116,1
rep1,1.0716,1117,1
rep1,1.0717,1118,1
rep1,1.0717,1119,1
rep1,1.0719,1120,1
rep1,1.072,1121,1
rep1,1.072,1122,1
rep1,1.072,1123,1
rep1,1.072,1124,1
rep1,1.0721,1125,1
rep1,1.0723,1126,1
rep1,1.0724,1127,1
rep1,1.0724,1128,1
rep1,1.0724,1129,1
rep1,1.0725,1130,1
rep1,1.0725,1131,1
rep1,1.0725,1132,1
rep1,1.0726,1133,1
rep1,1.0726,1134,1
rep1,1.0726,1135,1
rep1,1.0727,1136,1
rep1,1.0727,1137,1
rep1,1.0728,1138,1
rep1,1.0729,1139,1
rep1,1.0729,1140,1
rep1,1.0731,1141,1
rep1,1.0733,1142,1
rep1,1.0733,1143,1
rep1,1.0734,1144,1
rep1,1.0734,1145,1
rep1,1.0734,1146,1
rep1,1.0734,1147,1
rep1,1.0734,1148,1
rep1,1.0734,1149,1
rep1,1.0736,1150,1
rep1,1.0736,1151,1
rep1,1.0738,1152,1
rep1,1.0739,1153,1
rep1,1.074,1154,1
rep1,1.074,1155,1
rep1,1.074,1156,1
rep1,1.0742,1157,1
rep1,1.0743,1158,1
rep1,1.0744,1159,1
rep1,1.0744,1160,1
rep1,1.0745,1161,1
rep1,1.0745,1162,1
rep1,1.0745,1163,1
rep1,1.0747,1164,1
rep1,1.0748,1165,1
rep1,1.0748,1166,1
rep1,1.0749,1167,1
rep1,1.075,1168,1
rep1,1.075,1169,1
rep1,1.0751,1170,1
rep1,1.0751,1171,1
rep1,1.0751,1172,1
rep1,1.0753,1173,1
rep1,1.0754,1174,1
rep1,1.0756,1175,1
rep1,1.0756,1176,1
rep1,1.0757,1177,1
rep1,1.0758,1178,1
rep1,1.0758,1179,1
rep1,1.0759,1180,1
rep1,1.0759,1181,1
rep1,1.076,1182,1
rep1,1.076,1183,1
rep1,1.0763,1184,1
rep1,1.0764,1185,1
rep1,1.0764,1186,1
rep1,1.0764,1187,1
rep1,1.0764,1188,1
rep1,1.0766,1189,1
rep1,1.0766,1190,1
rep1,1.0766,1191,1
rep1,1.0767,1192,1
rep1,1.0767,1193,1
rep1,1.0769,1194,1
rep1,1.0769,1195,1
rep1,1.0769,1196,1
rep1,1.0769,1197,1
rep1,1.077,1198,1
rep1,1.077,1199,1
rep1,1.0772,1200,1
rep1,1.0772,1201,1
rep1,1.0772,1202,1
rep1,1.0772,1203,1
rep1,1.0773,1204,1
rep1,1.0773,1205,1
rep1,1.0774,1206,1
rep1,1.0774,1207,1
rep1,1.0775,1208,1
rep1,1.0775,1209,1
rep1,1.0775,1210,1
rep1,1.0775,1211,1
rep1,1.0775,1212,1
rep1,1.0776,1213,1
rep1,1.0777,1214,1
rep1,1.0777,1215,1
rep1,1.0778,1216,1
rep1,1.0778,1217,1
rep1,1.0779,1218,1
rep1,1.0779,1219,1
rep1,1.078,1220,1
rep1,1.078,1221,1
rep1,1.0781,1222,1
rep1,1.0781,1223,1
rep1,1.0782,1224,1
rep1,1.0782,1225,1
rep1,1.0782,1226,1
rep1,1.0783,1227,1
rep1,1.0783,1228,1
rep1,1.0784,1229,1
rep1,1.0784,1230,1
rep1,1.0785,1231,1
rep1,1.0785,1232,1
rep1,1.0786,1233,1
rep1,1.0787,1234,1
rep1,1.0787,1235,1
rep1,1.0788,1236,1
rep1,1.0788,1237,1
rep1,1.0789,1238,1
rep1,1.0789,1239,1
rep1,1.079,1240,1
rep1,1.0791,1241,1
rep1,1.0792,1242,1
rep1,1.0794,1243,1
rep1,1.0795,1244,1
rep1,1.0795,1245,1
rep1,1.0797,1246,1
rep1,1.0797,1247,1
rep1,1.0798,1248,1
rep1,1.08,1249,1
rep1,1.08,1250,1
rep1,1.0801,1251,1
rep1,1.0803,1252,1
rep1,1.0804,1253,1
rep1,1.0804,1254,1
rep1,1.0805,1255,1
rep1,1.0806,1256,1
rep1,1.0806,1257,1
rep1,1.0806,1258,1
rep1,1.0806,1259,1
rep1,1.0807,1260,1
rep1,1.0808,1261,1
rep1,1.0808,1262,1
rep1,1.0809,1263,1
rep1,1.0809,1264,1
rep1,1.0809,1265,1
rep1,1.0809,1266,1
rep1,1.081,1267,1
rep1,1.081,1268,1
rep1,1.0811,1269,1
rep1,1.0811,1270,1
rep1,1.0813,1271,1
rep1,1.0815,1272,1
rep1,1.0815,1273,1
rep1,1.0815,1274,1
rep1,1.0815,1275,1
rep1,1.0816,1276,1
rep1,1.0816,1277,1
rep1,1.0817,1278,1
rep1,1.0818,1279,1
rep1,1.0819,1280,1
rep1,1.0819,1281,1
rep1,1.082,1282,1
rep1,1.0821,1283,1
rep1,1.0821,1284,1
rep1,1.0825,1285,1
rep1,1.0825,1286,1
rep1,1.0828,1287,1
rep1,1.083,1288,1
rep1,1.083,1289,1
rep1,1.083,1290,1
rep1,1.0831,1291,1
rep1,1.0832,1292,1
rep1,1.0832,1293,1
rep1,1.0833,1294,1
rep1,1.0833,1295,1
rep1,1.0833,1296,1
rep1,1.0834,1297,1
rep1,1.0836,1298,1
rep1,1.0837,1299,1
rep1,1.0838,1300,1
rep1,1.0839,1301,1
rep1,1.0842,1302,1
rep1,1.0842,1303,1
rep1,1.0844,1304,1
rep1,1.0844,1305,1
rep1,1.0845,1306,1
rep1,1.0846,1307,1
rep1,1.0846,1308,1
rep1,1.0848,1309,1
rep1,1.085,1310,1
rep1,1.0851,1311,1
rep1,1.0852,1312,1
rep1,1.0852,1313,1
rep1,1.0852,1314,1
rep1,1.0854,1315,1
rep1,1.0855,1316,1
rep1,1.0857,1317,1
rep1,1.0857,1318,1
rep1,1.0858,1319,1
rep1,1.0858,1320,1
rep1,1.086,1321,1
rep1,1.0861,1322,1
rep1,1.0862,1323,1
rep1,1.0862,1324,1
rep1,1.0864,1325,1
rep1,1.0864,1326,1
rep1,1.0866,1327,1
rep1,1.0866,1328,1
rep1,1.0866,1329,1
rep1,1.0867,1330,1
rep1,1.0869,1331,1
rep1,1.0869,1332,1
rep1,1.087,1333,1
rep1,1.0872,1334,1
rep1,1.0874,1335,1
rep1,1.0875,1336,1
rep1,1.0876,1337,1
rep1,1.0876,1338,1
rep1,1.0877,1339,1
rep1,1.0881,1340,1
rep1,1.0881,1341,1
rep1,1.0883,1342,1
rep1,1.0883,1343,1
rep1,1.0883,1344,1
rep1,1.0885,1345,1
rep1,1.0885,1346,1
rep1,1.0886,1347,1
rep1,1.0886,1348,1
rep1,1.0887,1349,1
rep1,1.0888,1350,1
rep1,1.0888,1351,1
rep1,1.0888,1352,1
rep1,1.0892,1353,1
rep1,1.0893,1354,1
rep1,1.0896,1355,1
rep1,1.0897,1356,1
rep1,1.0899,1357,1
rep1,1.09,1358,1
rep1,1.09,1359,1
rep1,1.09,1360,1
rep1,1.0901,1361,1
rep1,1.0901,1362,1
rep1,1.0901,1363,1
rep1,1.0903,1364,1
rep1,1.0904,1365,1
rep1,1.0904,1366,1
rep1,1.0905,1367,1
rep1,1.0905,1368,1
rep1,1.0905,1369,1
rep1,1.0906,1370,1
rep1,1.0906,1371,1
rep1,1.0906,1372,1
rep1,1.0906,1373,1
rep1,1.0907,1374,1
rep1,1.0907,1375,1
rep1,1.0907,1376,1
rep1,1.0908,1377,1
rep1,1.0908,1378,1
rep1,1.0908,1379,1
rep1,1.0908,1380,1
rep1,1.0908,1381,1
rep1,1.0909,1382,1
rep1,1.0909,1383,1
rep1,1.091,1384,1
rep1,1.0911,1385,1
rep1,1.0911,1386,1
rep1,1.0912,1387,1
rep1,1.0912,1388,1
rep1,1.0913,1389,1
rep1,1.0914,1390,1
rep1,1.0914,1391,1
rep1,1.0914,1392,1
rep1,1.0915,1393,1
rep1,1.0915,1394,1
rep1,1.0916,1395,1
rep1,1.0916,1396,1
rep1,1.0917,1397,1
rep1,1.0918,1398,1
rep1,1.0918,1399,1
rep1,1.0918,1400,1
rep1,1.0918,1401,1
rep1,1.0918,1402,1
rep1,1.0919,1403,1
rep1,1.092,1404,1
rep1,1.092,1405,1
rep1,1.0921,1406,1
rep1,1.0921,1407,1
rep1,1.0922,1408,1
rep1,1.0923,1409,1
rep1,1.0924,1410,1
rep1,1.0925,1411,1
rep1,1.0925,1412,1
rep1,1.0926,1413,1
rep1,1.0926,1414,1
rep1,1.0926,1415,1
rep1,1.0926,1416,1
rep1,1.0926,1417,1
rep1,1.0927,1418,1
rep1,1.0928,1419,1
rep1,1.0929,1420,1
rep1,1.0929,1421,1
rep1,1.0929,1422,1
rep1,1.0929,1423,1
rep1,1.093,1424,1
rep1,1.093,1425,1
rep1,1.0931,1426,1
rep1,1.0932,1427,1
rep1,1.0932,1428,1
rep1,1.0933,1429,1
rep1,1.0933,1430,1
rep1,1.0933,1431,1
rep1,1.0934,1432,1
rep1,1.0934,1433,1
rep1,1.0934,1434,1
rep1,1.0934,1435,1
rep1,1.0934,1436,1
rep1,1.0935,1437,1
rep1,1.0935,1438,1
rep1,1.0935,1439,1
rep1,1.0935,1440,1
rep1,1.0935,1441,1
rep1,1.0936,1442,1
rep1,1.0937,1443,1
rep1,1.0937,1444,1
rep1,1.0938,1445,1
rep1,1.0938,1446,1
rep1,1.0938,1447,1
rep1,1.0939,1448,1
rep1,1.094,1449,1
rep1,1.0942,1450,1
rep1,1.0942,1451,1
rep1,1.0943,1452,1
rep1,1.0943,1453,1
rep1,1.0943,1454,1
rep1,1.0943,1455,1
rep1,1.0944,1456,1
rep1,1.0944,1457,1
rep1,1.0946,1458,1
rep1,1.0947,1459,1
rep1,1.0947,1460,1
rep1,1.0947,1461,1
rep1,1.0948,1462,1
rep1,1.0949,1463,1
rep1,1.0949,1464,1
rep1,1.0949,1465,1
rep1,1.0949,1466,1
rep1,1.095,1467,1
rep1,1.0951,1468,1
rep1,1.0951,1469,1
rep1,1.0951,1470,1
rep1,1.0951,1471,1
rep1,1.0951,1472,1
rep1,1.0952,1473,1
rep1,1.0953,1474,1
rep1,1.0954,1475,1
rep1,1.0954,1476,1
rep1,1.0956,1477,1
rep1,1.0956,1478,1
rep1,1.0957,1479,1
rep1,1.0957,1480,1
rep1,1.0957,1481,1
rep1,1.0958,1482,1
rep1,1.0958,1483,1
rep1,1.0959,1484,1
rep1,1.0959,1485,1
rep1,1.096,1486,1
rep1,1.096,1487,1
rep1,1.096,1488,1
rep1,1.0961,1489,1
rep1,1.0961,1490,1
rep1,1.0961,1491,1
rep1,1.0962,1492,1
rep1,1.0962,1493,1
rep1,1.0963,1494,1
rep1,1.0963,1495,1
rep1,1.0965,1496,1
rep1,1.0965,1497,1
rep1,1.0965,1498,1
rep1,1.0966,1499,1
rep1,1.0966,1500,1
rep1,1.0966,1501,1
rep1,1.0968,1502,1
rep1,1.0968,1503,1
rep1,1.0968,1504,1
rep1,1.0969,1505,1
rep1,1.0969,1506,1
rep1,1.097,1507,1
rep1,1.0971,1508,1
rep1,1.0972,1509,1
rep1,1.0972,1510,1
rep1,1.0973,1511,1
rep1,1.0973,1512,1
rep1,1.0974,1513,1
rep1,1.0975,1514,1
rep1,1.0976,1515,1
rep1,1.0976,1516,1
rep1,1.0977,1517,1
rep1,1.0977,1518,1
rep1,1.0977,1519,1
rep1,1.0978,1520,1
rep1,1.0978,1521,1
rep1,1.0979,1522,1
rep1,1.0979,1523,1
rep1,1.098,1524,1
rep1,1.098,1525,1
rep1,1.098,1526,1
rep1,1.0981,1527,1
rep1,1.0981,1528,1
rep1,1.0981,1529,1
rep1,1.0981,1530,1
rep1,1.0982,1531,1
rep1,1.0983,1532,1
rep1,1.0984,1533,1
rep1,1.0984,1534,1
rep1,1.0984,1535,1
rep1,1.0985,1536,1
rep1,1.0986,1537,1
rep1,1.0987,1538,1
rep1,1.0987,1539,1
rep1,1.0988,1540,1
rep1,1.0988,1541,1
rep1,1.0988,1542,1
rep1,1.0988,1543,1
rep1,1.0988,1544,1
rep1,1.0989,1545,1
rep1,1.0989,1546,1
rep1,1.0989,1547,1
rep1,1.099,1548,1
rep1,1.099,1549,1
rep1,1.099,1550,1
rep1,1.099,1551,1
rep1,1.0991,1552,1
rep1,1.0991,1553,1
rep1,1.0992,1554,1
rep1,1.0992,1555,1
rep1,1.0992,1556,1
rep1,1.0993,1557,1
rep1,1.0993,1558,1
rep1,1.0994,1559,1
rep1,1.0995,1560,1
rep1,1.0995,1561,1
rep1,1.0996,1562,1
rep1,1.0996,1563,1
rep1,1.0996,1564,1
rep1,1.0997,1565,1
rep1,1.0997,1566,1
rep1,1.0999,1567,1
rep1,1.1,1568,1
rep1,1.1001,1569,1
rep1,1.1002,1570,1
rep1,1.1002,1571,1
rep1,1.1002,1572,1
rep1,1.1004,1573,1
rep1,1.1005,1574,1
rep1,1.1006,1575,1
rep1,1.1006,1576,1
rep1,1.1007,1577,1
rep1,1.1007,1578,1
rep1,1.1007,1579,1
rep1,1.1008,1580,1
rep1,1.1008,1581,1
rep1,1.1009,1582,1
rep1,1.1009,1583,1
rep1,1.1009,1584,1
rep1,1.101,1585,1
rep1,1.101,1586,1
rep1,1.1011,1587,1
rep1,1.1011,1588,1
rep1,1.1012,1589,1
rep1,1.1012,1590,1
rep1,1.1014,1591,1
rep1,1.1014,1592,1
rep1,1.1015,1593,1
rep1,1.1015,1594,1
rep1,1.1015,1595,1
rep1,1.1016,1596,1
rep1,1.1016,1597,1
rep1,1.1017,1598,1
rep1,1.1017,1599,1
rep1,1.1018,1600,1
rep1,1.102,1601,1
rep1,1.1021,1602,1
rep1,1.1021,1603,1
rep1,1.1023,1604,1
rep1,1.1024,1605,1
rep1,1.1024,1606,1
rep1,1.1025,1607,1
rep1,1.1026,1608,1
rep1,1.1026,1609,1
rep1,1.1026,1610,1
rep1,1.1027,1611,1
rep1,1.1027,1612,1
rep1,1.1027,1613,1
rep1,1.1027,1614,1
rep1,1.1028,1615,1
rep1,1.1028,1616,1
rep1,1.1028,1617,1
rep1,1.1028,1618,1
rep1,1.1029,1619,1
rep1,1.103,1620,1
rep1,1.103,1621,1
rep1,1.1032,1622,1
rep1,1.1032,1623,1
rep1,1.1032,1624,1
rep1,1.1033,1625,1
rep1,1.1033,1626,1
rep1,1.1034,1627,1
rep1,1.1035,1628,1
rep1,1.1035,1629,1
rep1,1.1036,1630,1
rep1,1.1036,1631,1
rep1,1.1036,1632,1
rep1,1.1037,1633,1
rep1,1.1039,1634,1
rep1,1.104,1635,1
rep1,1.104,1636,1
rep1,1.104,1637,1
rep1,1.104,1638,1
rep1,1.1041,1639,1
rep1,1.1042,1640,1
rep1,1.1042,1641,1
rep1,1.1042,1642,1
rep1,1.1045,1643,1
rep1,1.1045,1644,1
rep1,1.1045,1645,1
rep1,1.1045,1646,1
rep1,1.1046,1647,1
rep1,1.1046,1648,1
rep1,1.1047,1649,1
rep1,1.1048,1650,1
rep1,1.1048,1651,1
rep1,1.1048,1652,1
rep1,1.1049,1653,1
rep1,1.1049,1654,1
rep1,1.1051,1655,1
rep1,1.1052,1656,1
rep1,1.1053,1657,1
rep1,1.1054,1658,1
rep1,1.1055,1659,1
rep1,1.1055,1660,1
rep1,1.1057,1661,1
rep1,1.106,1662,1
rep1,1.106,1663,1
rep1,1.1061,1664,1
rep1,1.1061,1665,1
rep1,1.1061,1666,1
rep1,1.1063,1667,1
rep1,1.1063,1668,1
rep1,1.1065,1669,1
rep1,1.1065,1670,1
rep1,1.1065,1671,1
rep1,1.1065,1672,1
rep1,1.1066,1673,1
rep1,1.1066,1674,1
rep1,1.1068,1675,1
rep1,1.1069,1676,1
rep1,1.1069,1677,1
rep1,1.1069,1678,1
rep1,1.107,1679,1
rep1,1.1071,1680,1
rep1,1.1071,1681,1
rep1,1.1072,1682,1
rep1,1.1073,1683,1
rep1,1.1073,1684,1
rep1,1.1074,1685,1
rep1,1.1075,1686,1
rep1,1.1075,1687,1
rep1,1.1075,1688,1
rep1,1.1075,1689,1
rep1,1.1076,1690,1
rep1,1.1077,1691,1
rep1,1.1078,1692,1
rep1,1.1079,1693,1
rep1,1.1079,1694,1
rep1,1.1079,1695,1
rep1,1.108,1696,1
rep1,1.108,1697,1
rep1,1.1082,1698,1
rep1,1.1083,1699,1
rep1,1.1084,1700,1
rep1,1.1084,1701,1
rep1,1.1085,1702,1
rep1,1.1085,1703,1
rep1,1.1086,1704,1
rep1,1.1087,1705,1
rep1,1.1087,1706,1
rep1,1.1089,1707,1
rep1,1.109,1708,1
rep1,1.1092,1709,1
rep1,1.1092,1710,1
rep1,1.1092,1711,1
rep1,1.1093,1712,1
rep1,1.1095,1713,1
rep1,1.1096,1714,1
rep1,1.1096,1715,1
rep1,1.1097,1716,1
rep1,1.1099,1717,1
rep1,1.11,1718,1
rep1,1.11,1719,1
rep1,1.1101,1720,1
rep1,1.1102,1721,1
rep1,1.1102,1722,1
rep1,1.1103,1723,1
rep1,1.1104,1724,1
rep1,1.1104,1725,1
rep1,1.1104,1726,1
rep1,1.1105,1727,1
rep1,1.1106,1728,1
rep1,1.1106,1729,1
rep1,1.1107,1730,1
rep1,1.1107,1731,1
rep1,1.1107,1732,1
rep1,1.111,1733,1
rep1,1.1111,1734,1
rep1,1.1112,1735,1
rep1,1.1112,1736,1
rep1,1.1112,1737,1
rep1,1.1113,1738,1
rep1,1.1114,1739,1
rep1,1.1114,1740,1
rep1,1.1115,1741,1
rep1,1.1115,1742,1
rep1,1.1116,1743,1
rep1,1.1117,1744,1
rep1,1.1118,1745,1
rep1,1.1118,1746,1
rep1,1.1119,1747,1
rep1,1.112,1748,1
rep1,1.112,1749,1
rep1,1.1121,1750,1
rep1,1.1121,1751,1
rep1,1.1122,1752,1
rep1,1.1122,1753,1
rep1,1.1123,1754,1
rep1,1.1123,1755,1
rep1,1.1123,1756,1
rep1,1.1123,1757,1
rep1,1.1125,1758,1
rep1,1.1125,1759,1
rep1,1.1126,1760,1
rep1,1.1127,1761,1
rep1,1.1127,1762,1
rep1,1.1128,1763,1
rep1,1.1129,1764,1
rep1,1.113,1765,1
rep1,1.113,1766,1
rep1,1.113,1767,1
rep1,1.1132,1768,1
rep1,1.1133,1769,1
rep1,1.1133,1770,1
rep1,1.1134,1771,1
rep1,1.1134,1772,1
rep1,1.1135,1773,1
rep1,1.1135,1774,1
rep1,1.1136,1775,1
rep1,1.1136,1776,1
rep1,1.1137,1777,1
rep1,1.1138,1778,1
rep1,1.1138,1779,1
rep1,1.1139,1780,1
rep1,1.1141,1781,1
rep1,1.1142,1782,1
rep1,1.1143,1783,1
rep1,1.1143,1784,1
rep1,1.1144,1785,1
rep1,1.1144,1786,1
rep1,1.1145,1787,1
rep1,1.1145,1788,1
rep1,1.1145,1789,1
rep1,1.1145,1790,1
rep1,1.1146,1791,1
rep1,1.1147,1792,1
rep1,1.1147,1793,1
rep1,1.1148,1794,1
rep1,1.1148,1795,1
rep1,1.115,1796,1
rep1,1.1151,1797,1
rep1,1.1151,1798,1
rep1,1.1151,1799,1
rep1,1.1152,1800,1
rep1,1.1152,1801,1
rep1,1.1153,1802,1
rep1,1.1153,1803,1
rep1,1.1155,1804,1
rep1,1.1155,1805,1
rep1,1.1156,1806,1
rep1,1.1156,1807,1
rep1,1.1157,1808,1
rep1,1.1157,1809,1
rep1,1.1158,1810,1
rep1,1.1159,1811,1
rep1,1.116,1812,1
rep1,1.116,1813,1
rep1,1.1161,1814,1
rep1,1.1162,1815,1
rep1,1.1162,1816,1
rep1,1.1163,1817,1
rep1,1.1163,1818,1
rep1,1.1165,1819,1
rep1,1.1165,1820,1
rep1,1.1167,1821,1
rep1,1.1169,1822,1
rep1,1.117,1823,1
rep1,1.1172,1824,1
rep1,1.1173,1825,1
rep1,1.1173,1826,1
rep1,1.1174,1827,1
rep1,1.1174,1828,1
rep1,1.1176,1829,1
rep1,1.1176,1830,1
rep1,1.1176,1831,1
rep1,1.1177,1832,1
rep1,1.1178,1833,1
rep1,1.1179,1834,1
rep1,1.118,1835,1
rep1,1.118,1836,1
rep1,1.118,1837,1
rep1,1.1181,1838,1
rep1,1.1182,1839,1
rep1,1.1182,1840,1
rep1,1.1183,1841,1
rep1,1.1183,1842,1
rep1,1.1185,1843,1
rep1,1.1185,1844,1
rep1,1.1186,1845,1
rep1,1.1187,1846,1
rep1,1.1189,1847,1
rep1,1.119,1848,1
rep1,1.1193,1849,1
rep1,1.1194,1850,1
rep1,1.1194,1851,1
rep1,1.1194,1852,1
rep1,1.1195,1853,1
rep1,1.1196,1854,1
rep1,1.1197,1855,1
rep1,1.1198,1856,1
rep1,1.1199,1857,1
rep1,1.12,1858,1
rep1,1.1201,1859,1
rep1,1.1202,1860,1
rep1,1.1202,1861,1
rep1,1.1203,1862,1
rep1,1.1204,1863,1
rep1,1.1205,1864,1
rep1,1.1205,1865,1
rep1,1.1207,1866,1
rep1,1.1207,1867,1
rep1,1.1208,1868,1
rep1,1.1209,1869,1
rep1,1.1209,1870,1
rep1,1.1209,1871,1
rep1,1.1209,1872,1
rep1,1.1209,1873,1
rep1,1.1211,1874,1
rep1,1.1211,1875,1
rep1,1.1213,1876,1
rep1,1.1213,1877,1
rep1,1.1214,1878,1
rep1,1.1215,1879,1
rep1,1.1215,1880,1
rep1,1.1217,1881,1
rep1,1.1218,1882,1
rep1,1.1218,1883,1
rep1,1.1219,1884,1
rep1,1.1222,1885,1
rep1,1.1222,1886,1
rep1,1.1224,1887,1
rep1,1.1225,1888,1
rep1,1.1226,1889,1
rep1,1.1226,1890,1
rep1,1.1228,1891,1
rep1,1.1229,1892,1
rep1,1.1229,1893,1
rep1,1.123,1894,1
rep1,1.1231,1895,1
rep1,1.1231,1896,1
rep1,1.1231,1897,1
rep1,1.1233,1898,1
rep1,1.1234,1899,1
rep1,1.1235,1900,1
rep1,1.1237,1901,1
rep1,1.1238,1902,1
rep1,1.1238,1903,1
rep1,1.1239,1904,1
rep1,1.1239,1905,1
rep1,1.1239,1906,1
rep1,1.124,1907,1
rep1,1.1243,1908,1
rep1,1.1243,1909,1
rep1,1.1243,1910,1
rep1,1.1243,1911,1
rep1,1.1243,1912,1
rep1,1.1244,1913,1
rep1,1.1244,1914,1
rep1,1.1244,1915,1
rep1,1.1245,1916,1
rep1,1.1246,1917,1
rep1,1.1246,1918,1
rep1,1.1246,1919,1
rep1,1.1246,1920,1
rep1,1.1247,1921,1
rep1,1.1247,1922,1
rep1,1.1247,1923,1
rep1,1.1247,1924,1
rep1,1.1247,1925,1
rep1,1.1248,1926,1
rep1,1.1248,1927,1
rep1,1.1249,1928,1
rep1,1.125,1929,1
rep1,1.125,1930,1
rep1,1.125,1931,1
rep1,1.1251,1932,1
rep1,1.1251,1933,1
rep1,1.1252,1934,1
rep1,1.1253,1935,1
rep1,1.1253,1936,1
rep1,1.1253,1937,1
rep1,1.1253,1938,1
rep1,1.1254,1939,1
rep1,1.1254,1940,1
rep1,1.1255,1941,1
rep1,1.1255,1942,1
rep1,1.1255,1943,1
rep1,1.1256,1944,1
rep1,1.1257,1945,1
rep1,1.1257,1946,1
rep1,1.1257,1947,1
rep1,1.1258,1948,1
rep1,1.1259,1949,1
rep1,1.1259,1950,1
rep1,1.126,1951,1
rep1,1.126,1952,1
rep1,1.1261,1953,1
rep1,1.1261,1954,1
rep1,1.1262,1955,1
rep1,1.1263,1956,1
rep1,1.1264,1957,1
rep1,1.1264,1958,1
rep1,1.1264,1959,1
rep1,1.1265,1960,1
rep1,1.1265,1961,1
rep1,1.1265,1962,1
rep1,1.1266,1963,1
rep1,1.1266,1964,1
rep1,1.1266,1965,1
rep1,1.1267,1966,1
rep1,1.1268,1967,1
rep1,1.127,1968,1
rep1,1.1271,1969,1
rep1,1.1271,1970,1
rep1,1.1272,1971,1
rep1,1.1274,1972,1
rep1,1.1275,1973,1
rep1,1.1276,1974,1
rep1,1.1276,1975,1
rep1,1.1277,1976,1
rep1,1.1277,1977,1
rep1,1.1277,1978,1
rep1,1.1278,1979,1
rep1,1.1279,1980,1
rep1,1.1279,1981,1
rep1,1.1281,1982,1
rep1,1.1281,1983,1
rep1,1.1281,1984,1
rep1,1.1282,1985,1
rep1,1.1283,1986,1
rep1,1.1284,1987,1
rep1,1.1284,1988,1
rep1,1.1285,1989,1
rep1,1.1285,1990,1
rep1,1.1287,1991,1
rep1,1.1289,1992,1
rep1,1.129,1993,1
rep1,1.1291,1994,1
rep1,1.1291,1995,1
rep1,1.1291,1996,1
rep1,1.1292,1997,1
rep1,1.1293,1998,1
rep1,1.1294,1999,1
rep1,1.1294,2000,1
rep1,1.1295,2001,1
rep1,1.1295,2002,1
rep1,1.1296,2003,1
rep1,1.1296,2004,1
rep1,1.1296,2005,1
rep1,1.1297,2006,1
rep1,1.1297,2007,1
rep1,1.1298,2008,1
rep1,1.1299,2009,1
rep1,1.13,2010,1
rep1,1.13,2011,1
rep1,1.13,2012,1
rep1,1.1301,2013,1
rep1,1.1302,2014,1
rep1,1.1303,2015,1
rep1,1.1303,2016,1
rep1,1.1303,2017,1
rep1,1.1304,2018,1
rep1,1.1304,2019,1
rep1,1.1305,2020,1
rep1,1.1305,2021,1
rep1,1.1305,2022,1
rep1,1.1306,2023,1
rep1,1.1306,2024,1
rep1,1.1306,2025,1
rep1,1.1307,2026,1
rep1,1.1308,2027,1
rep1,1.1308,2028,1
rep1,1.1308,2029,1
rep1,1.1308,2030,1
rep1,1.1308,2031,1
rep1,1.1309,2032,1
rep1,1.131,2033,1
rep1,1.1311,2034,1
rep1,1.1311,2035,1
rep1,1.1311,2036,1
rep1,1.1311,2037,1
rep1,1.1312,2038,1
rep1,1.1313,2039,1
rep1,1.1313,2040,1
rep1,1.1313,2041,1
rep1,1.1313,2042,1
rep1,1.1314,2043,1
rep1,1.1315,2044,1
rep1,1.1316,2045,1
rep1,1.1317,2046,1
rep1,1.1317,2047,1
rep1,1.1317,2048,1
rep1,1.1318,2049,1
rep1,1.1318,2050,1
rep1,1.1319,2051,1
rep1,1.1319,2052,1
rep1,1.132,2053,1
rep1,1.132,2054,1
rep1,1.1322,2055,1
rep1,1.1322,2056,1
rep1,1.1322,2057,1
rep1,1.1322,2058,1
rep1,1.1322,2059,1
rep1,1.1323,2060,1
rep1,1.1324,2061,1
rep1,1.1324,2062,1
rep1,1.1324,2063,1
rep1,1.1325,2064,1
rep1,1.1325,2065,1
rep1,1.1326,2066,1
rep1,1.1327,2067,1
rep1,1.1328,2068,1
rep1,1.1328,2069,1
rep1,1.1328,2070,1
rep1,1.1329,2071,1
rep1,1.1329,2072,1
rep1,1.1329,2073,1
rep1,1.133,2074,1
rep1,1.1331,2075,1
rep1,1.1334,2076,1
rep1,1.1335,2077,1
rep1,1.1335,2078,1
rep1,1.1335,2079,1
rep1,1.1336,2080,1
rep1,1.1337,2081,1
rep1,1.1339,2082,1
rep1,1.1341,2083,1
rep1,1.1341,2084,1
rep1,1.1344,2085,1
rep1,1.1344,2086,1
rep1,1.1344,2087,1
rep1,1.1345,2088,1
rep1,1.1346,2089,1
rep1,1.1347,2090,1
rep1,1.1348,2091,1
rep1,1.1349,2092,1
rep1,1.1349,2093,1
rep1,1.1349,2094,1
rep1,1.1349,2095,1
rep1,1.135,2096,1
rep1,1.135,2097,1
rep1,1.1351,2098,1
rep1,1.1352,2099,1
rep1,1.1352,2100,1
rep1,1.1353,2101,1
rep1,1.1353,2102,1
rep1,1.1353,2103,1
rep1,1.1354,2104,1
rep1,1.1354,2105,1
rep1,1.1355,2106,1
rep1,1.1355,2107,1
rep1,1.1355,2108,1
rep1,1.1356,2109,1
rep1,1.1358,2110,1
rep1,1.1359,2111,1
rep1,1.136,2112,1
rep1,1.136,2113,1
rep1,1.136,2114,1
rep1,1.136,2115,1
rep1,1.1362,2116,1
rep1,1.1364,2117,1
rep1,1.1364,2118,1
rep1,1.1365,2119,1
rep1,1.1365,2120,1
rep1,1.1368,2121,1
rep1,1.1368,2122,1
rep1,1.1369,2123,1
rep1,1.137,2124,1
rep1,1.137,2125,1
rep1,1.1372,2126,1
rep1,1.1373,2127,1
rep1,1.1374,2128,1
rep1,1.1375,2129,1
rep1,1.1375,2130,1
rep1,1.1375,2131,1
rep1,1.1376,2132,1
rep1,1.1378,2133,1
rep1,1.1378,2134,1
rep1,1.1379,2135,1
rep1,1.1379,2136,1
rep1,1.138,2137,1
rep1,1.138,2138,1
rep1,1.1381,2139,1
rep1,1.1383,2140,1
rep1,1.1384,2141,1
rep1,1.1385,2142,1
rep1,1.1385,2143,1
rep1,1.1385,2144,1
rep1,1.1385,2145,1
rep1,1.1386,2146,1
rep1,1.1386,2147,1
rep1,1.1387,2148,1
rep1,1.1387,2149,1
rep1,1.1389,2150,1
rep1,1.1389,2151,1
rep1,1.139,2152,1
rep1,1.1394,2153,1
rep1,1.1394,2154,1
rep1,1.1395,2155,1
rep1,1.1398,2156,1
rep1,1.1398,2157,1
rep1,1.1399,2158,1
rep1,1.1399,2159,1
rep1,1.1399,2160,1
rep1,1.1401,2161,1
rep1,1.1401,2162,1
rep1,1.1402,2163,1
rep1,1.1403,2164,1
rep1,1.1403,2165,1
rep1,1.1403,2166,1
rep1,1.1403,2167,1
rep1,1.1404,2168,1
rep1,1.1404,2169,1
rep1,1.1404,2170,1
rep1,1.1405,2171,1
rep1,1.1406,2172,1
rep1,1.1406,2173,1
rep1,1.1407,2174,1
rep1,1.1407,2175,1
rep1,1.1408,2176,1
rep1,1.1409,2177,1
rep1,1.141,2178,1
rep1,1.1411,2179,1
rep1,1.1412,2180,1
rep1,1.1412,2181,1
rep1,1.1413,2182,1
rep1,1.1413,2183,1
rep1,1.1414,2184,1
rep1,1.1414,2185,1
rep1,1.1415,2186,1
rep1,1.1416,2187,1
rep1,1.1416,2188,1
rep1,1.1416,2189,1
rep1,1.1417,2190,1
rep1,1.1418,2191,1
rep1,1.1418,2192,1
rep1,1.1419,2193,1
rep1,1.1419,2194,1
rep1,1.142,2195,1
rep1,1.142,2196,1
rep1,1.1421,2197,1
rep1,1.1421,2198,1
rep1,1.1422,2199,1
rep1,1.1423,2200,1
rep1,1.1424,2201,1
rep1,1.1425,2202,1
rep1,1.1425,2203,1
rep1,1.1426,2204,1
rep1,1.1426,2205,1
rep1,1.1427,2206,1
rep1,1.1427,2207,1
rep1,1.1427,2208,1
rep1,1.1428,2209,1
rep1,1.1428,2210,1
rep1,1.1429,2211,1
rep1,1.1429,2212,1
rep1,1.1429,2213,1
rep1,1.1429,2214,1
rep1,1.1431,2215,1
rep1,1.1432,2216,1
rep1,1.1433,2217,1
rep1,1.1433,2218,1
rep1,1.1435,2219,1
rep1,1.1435,2220,1
rep1,1.1435,2221,1
rep1,1.1436,2222,1
rep1,1.1436,2223,1
rep1,1.1437,2224,1
rep1,1.1438,2225,1
rep1,1.1439,2226,1
rep1,1.1441,2227,1
rep1,1.1442,2228,1
rep1,1.1442,2229,1
rep1,1.1443,2230,1
rep1,1.1443,2231,1
rep1,1.1443,2232,1
rep1,1.1444,2233,1
rep1,1.1446,2234,1
rep1,1.1447,2235,1
rep1,1.1449,2236,1
rep1,1.145,2237,1
rep1,1.145,2238,1
rep1,1.1451,2239,1
rep1,1.1451,2240,1
rep1,1.1451,2241,1
rep1,1.1452,2242,1
rep1,1.1453,2243,1
rep1,1.1453,2244,1
rep1,1.1454,2245,1
rep1,1.1455,2246,1
rep1,1.1455,2247,1
rep1,1.1456,2248,1
rep1,1.1457,2249,1
rep1,1.1457,2250,1
rep1,1.1457,2251,1
rep1,1.1458,2252,1
rep1,1.1458,2253,1
rep1,1.1458,2254,1
rep1,1.1459,2255,1
rep1,1.1459,2256,1
rep1,1.1459,2257,1
rep1,1.1459,2258,1
rep1,1.146,2259,1
rep1,1.146,2260,1
rep1,1.1461,2261,1
rep1,1.1463,2262,1
rep1,1.1465,2263,1
rep1,1.1466,2264,1
rep1,1.1466,2265,1
rep1,1.1467,2266,1
rep1,1.1468,2267,1
rep1,1.1468,2268,1
rep1,1.1469,2269,1
rep1,1.1469,2270,1
rep1,1.1469,2271,1
rep1,1.147,2272,1
rep1,1.1472,2273,1
rep1,1.1472,2274,1
rep1,1.1473,2275,1
rep1,1.1475,2276,1
rep1,1.1475,2277,1
rep1,1.1478,2278,1
rep1,1.1478,2279,1
rep1,1.1479,2280,1
rep1,1.1479,2281,1
rep1,1.148,2282,1
rep1,1.1481,2283,1
rep1,1.1481,2284,1
rep1,1.1482,2285,1
rep1,1.1483,2286,1
rep1,1.1483,2287,1
rep1,1.1484,2288,1
rep1,1.1484,2289,1
rep1,1.1484,2290,1
rep1,1.1485,2291,1
rep1,1.1486,2292,1
rep1,1.1487,2293,1
rep1,1.1487,2294,1
rep1,1.1488,2295,1
rep1,1.1489,2296,1
rep1,1.1492,2297,1
rep1,1.1492,2298,1
rep1,1.1493,2299,1
rep1,1.1493,2300,1
rep1,1.1494,2301,1
rep1,1.1495,2302,1
rep1,1.1496,2303,1
rep1,1.1497,2304,1
rep1,1.1498,2305,1
rep1,1.1501,2306,1
rep1,1.1502,2307,1
rep1,1.1503,2308,1
rep1,1.1505,2309,1
rep1,1.1505,2310,1
rep1,1.1505,2311,1
rep1,1.1507,2312,1
rep1,1.1507,2313,1
rep1,1.1507,2314,1
rep1,1.1507,2315,1
rep1,1.1508,2316,1
rep1,1.1508,2317,1
rep1,1.1509,2318,1
rep1,1.151,2319,1
rep1,1.151,2320,1
rep1,1.151,2321,1
rep1,1.1511,2322,1
rep1,1.1512,2323,1
rep1,1.1512,2324,1
rep1,1.1513,2325,1
rep1,1.1513,2326,1
rep1,1.1513,2327,1
rep1,1.1513,2328,1
rep1,1.1514,2329,1
rep1,1.1514,2330,1
rep1,1.1515,2331,1
rep1,1.1515,2332,1
rep1,1.1515,2333,1
rep1,1.1516,2334,1
rep1,1.1517,2335,1
rep1,1.1517,2336,1
rep1,1.1518,2337,1
rep1,1.1519,2338,1
rep1,1.152,2339,1
rep1,1.152,2340,1
rep1,1.1521,2341,1
rep1,1.1522,2342,1
rep1,1.1522,2343,1
rep1,1.1523,2344,1
rep1,1.1523,2345,1
rep1,1.1526,2346,1
rep1,1.1526,2347,1
rep1,1.1527,2348,1
rep1,1.1528,2349,1
rep1,1.1531,2350,1
rep1,1.1532,2351,1
rep1,1.1532,2352,1
rep1,1.1533,2353,1
rep1,1.1533,2354,1
rep1,1.1534,2355,1
rep1,1.1537,2356,1
rep1,1.1537,2357,1
rep1,1.1538,2358,1
rep1,1.1539,2359,1
rep1,1.154,2360,1
rep1,1.154,2361,1
rep1,1.1541,2362,1
rep1,1.1541,2363,1
rep1,1.1544,2364,1
rep1,1.1544,2365,1
rep1,1.1544,2366,1
rep1,1.1544,2367,1
rep1,1.1544,2368,1
rep1,1.1544,2369,1
rep1,1.1545,2370,1
rep1,1.1545,2371,1
rep1,1.1546,2372,1
rep1,1.1547,2373,1
rep1,1.1547,2374,1
rep1,1.1547,2375,1
rep1,1.1548,2376,1
rep1,1.1548,2377,1
rep1,1.1548,2378,1
rep1,1.1549,2379,1
rep1,1.1549,2380,1
rep1,1.1549,2381,1
rep1,1.155,2382,1
rep1,1.1552,2383,1
rep1,1.1554,2384,1
rep1,1.1556,2385,1
rep1,1.1558,2386,1
rep1,1.1559,2387,1
rep1,1.1559,2388,1
rep1,1.1561,2389,1
rep1,1.1562,2390,1
rep1,1.1564,2391,1
rep1,1.1565,2392,1
rep1,1.1566,2393,1
rep1,1.1566,2394,1
rep1,1.1567,2395,1
rep1,1.1569,2396,1
rep1,1.157,2397,1
rep1,1.157,2398,1
rep1,1.1571,2399,1
rep1,1.1573,2400,1
rep1,1.1575,2401,1
rep1,1.1575,2402,1
rep1,1.1576,2403,1
rep1,1.1577,2404,1
rep1,1.1578,2405,1
rep1,1.1578,2406,1
rep1,1.1579,2407,1
rep1,1.1579,2408,1
rep1,1.158,2409,1
rep1,1.158,2410,1
rep1,1.158,2411,1
rep1,1.1581,2412,1
rep1,1.1581,2413,1
rep1,1.1582,2414,1
rep1,1.1582,2415,1
rep1,1.1583,2416,1
rep1,1.1583,2417,1
rep1,1.1584,2418,1
rep1,1.1584,2419,1
rep1,1.1584,2420,1
rep1,1.1585,2421,1
rep1,1.1585,2422,1
rep1,1.1586,2423,1
rep1,1.1586,2424,1
rep1,1.1586,2425,1
rep1,1.1587,2426,1
rep1,1.1588,2427,1
rep1,1.1588,2428,1
rep1,1.1588,2429,1
rep1,1.1589,2430,1
rep1,1.159,2431,1
rep1,1.1591,2432,1
rep1,1.1591,2433,1
rep1,1.1592,2434,1
rep1,1.1592,2435,1
rep1,1.1592,2436,1
rep1,1.1592,2437,1
rep1,1.1592,2438,1
rep1,1.1592,2439,1
rep1,1.1593,2440,1
rep1,1.1594,2441,1
rep1,1.1594,2442,1
rep1,1.1594,2443,1
rep1,1.1595,2444,1
rep1,1.1595,2445,1
rep1,1.1596,2446,1
rep1,1.1596,2447,1
rep1,1.1596,2448,1
rep1,1.1597,2449,1
rep1,1.1598,2450,1
rep1,1.1598,2451,1
rep1,1.1598,2452,1
rep1,1.1599,2453,1
rep1,1.16,2454,1
rep1,1.1601,2455,1
rep1,1.1601,2456,1
rep1,1.1602,2457,1
rep1,1.1603,2458,1
rep1,1.1603,2459,1
rep1,1.1604,2460,1
rep1,1.1604,2461,1
rep1,1.1605,2462,1
rep1,1.1605,2463,1
rep1,1.1606,2464,1
rep1,1.1606,2465,1
rep1,1.1607,2466,1
rep1,1.1608,2467,1
rep1,1.1608,2468,1
rep1,1.1609,2469,1
rep1,1.1609,2470,1
rep1,1.161,2471,1
rep1,1.161,2472,1
rep1,1.161,2473,1
rep1,1.1611,2474,1
rep1,1.1612,2475,1
rep1,1.1612,2476,1
rep1,1.1613,2477,1
rep1,1.1613,2478,1
rep1,1.1613,2479,1
rep1,1.1614,2480,1
rep1,1.1614,2481,1
rep1,1.1614,2482,1
rep1,1.1614,2483,1
rep1,1.1614,2484,1
rep1,1.1615,2485,1
rep1,1.1616,2486,1
rep1,1.1616,2487,1
rep1,1.1617,2488,1
rep1,1.1618,2489,1
rep1,1.1618,2490,1
rep1,1.1618,2491,1
rep1,1.1619,2492,1
rep1,1.1619,2493,1
rep1,1.1621,2494,1
rep1,1.1621,2495,1
rep1,1.1623,2496,1
rep1,1.1623,2497,1
rep1,1.1623,2498,1
rep1,1.1625,2499,1
rep1,1.1625,2500,1
rep1,1.1626,2501,1
rep1,1.1626,2502,1
rep1,1.1626,2503,1
rep1,1.1626,2504,1
rep1,1.1627,2505,1
rep1,1.1628,2506,1
rep1,1.1628,2507,1
rep1,1.1628,2508,1
rep1,1.1629,2509,1
rep1,1.1629,2510,1
rep1,1.1629,2511,1
rep1,1.163,2512,1
rep1,1.163,2513,1
rep1,1.163,2514,1
rep1,1.1631,2515,1
rep1,1.1632,2516,1
rep1,1.1632,2517,1
rep1,1.1632,2518,1
rep1,1.1633,2519,1
rep1,1.1633,2520,1
rep1,1.1633,2521,1
rep1,1.1634,2522,1
rep1,1.1634,2523,1
rep1,1.1635,2524,1
rep1,1.1635,2525,1
rep1,1.1635,2526,1
rep1,1.1636,2527,1
rep1,1.1637,2528,1
rep1,1.1638,2529,1
rep1,1.1638,2530,1
rep1,1.1639,2531,1
rep1,1.164,2532,1
rep1,1.1641,2533,1
rep1,1.1641,2534,1
rep1,1.1641,2535,1
rep1,1.1642,2536,1
rep1,1.1643,2537,1
rep1,1.1643,2538,1
rep1,1.1644,2539,1
rep1,1.1644,2540,1
rep1,1.1644,2541,1
rep1,1.1645,2542,1
rep1,1.1645,2543,1
rep1,1.1646,2544,1
rep1,1.1646,2545,1
rep1,1.1646,2546,1
rep1,1.1648,2547,1
rep1,1.1648,2548,1
rep1,1.1649,2549,1
rep1,1.1649,2550,1
rep1,1.165,2551,1
rep1,1.165,2552,1
rep1,1.1651,2553,1
rep1,1.1651,2554,1
rep1,1.1651,2555,1
rep1,1.1652,2556,1
rep1,1.1652,2557,1
rep1,1.1654,2558,1
rep1,1.1654,2559,1
rep1,1.1655,2560,1
rep1,1.1657,2561,1
rep1,1.1657,2562,1
rep1,1.1657,2563,1
rep1,1.1658,2564,1
rep1,1.1658,2565,1
rep1,1.1658,2566,1
rep1,1.166,2567,1
rep1,1.166,2568,1
rep1,1.1661,2569,1
rep1,1.1663,2570,1
rep1,1.1663,2571,1
rep1,1.1663,2572,1
rep1,1.1664,2573,1
rep1,1.1664,2574,1
rep1,1.1665,2575,1
rep1,1.1665,2576,1
rep1,1.1666,2577,1
rep1,1.1667,2578,1
rep1,1.1667,2579,1
rep1,1.1667,2580,1
rep1,1.1667,2581,1
rep1,1.1668,2582,1
rep1,1.1669,2583,1
rep1,1.1669,2584,1
rep1,1.167,2585,1
rep1,1.167,2586,1
rep1,1.1671,2587,1
rep1,1.1671,2588,1
rep1,1.1672,2589,1
rep1,1.1672,2590,1
rep1,1.1672,2591,1
rep1,1.1673,2592,1
rep1,1.1674,2593,1
rep1,1.1676,2594,1
rep1,1.1676,2595,1
rep1,1.1677,2596,1
rep1,1.1678,2597,1
rep1,1.1681,2598,1
rep1,1.1682,2599,1
rep1,1.1682,2600,1
rep1,1.1682,2601,1
rep1,1.1683,2602,1
rep1,1.1683,2603,1
rep1,1.1684,2604,1
rep1,1.1684,2605,1
rep1,1.1685,2606,1
rep1,1.1685,2607,1
rep1,1.1685,2608,1
rep1,1.1686,2609,1
rep1,1.1687,2610,1
rep1,1.1687,2611,1
rep1,1.1689,2612,1
rep1,1.1689,2613,1
rep1,1.169,2614,1
rep1,1.1691,2615,1
rep1,1.1692,2616,1
rep1,1.1692,2617,1
rep1,1.1693,2618,1
rep1,1.1694,2619,1
rep1,1.1694,2620,1
rep1,1.1695,2621,1
rep1,1.1696,2622,1
rep1,1.1697,2623,1
rep1,1.1698,2624,1
rep1,1.1698,2625,1
rep1,1.1698,2626,1
rep1,1.1699,2627,1
rep1,1.17,2628,1
rep1,1.17,2629,1
rep1,1.1701,2630,1
rep1,1.1701,2631,1
rep1,1.1701,2632,1
rep1,1.1704,2633,1
rep1,1.1705,2634,1
rep1,1.1705,2635,1
rep1,1.1705,2636,1
rep1,1.1706,2637,1
rep1,1.1707,2638,1
rep1,1.1707,2639,1
rep1,1.1708,2640,1
rep1,1.1708,2641,1
rep1,1.1708,2642,1
rep1,1.1709,2643,1
rep1,1.171,2644,1
rep1,1.171,2645,1
rep1,1.1712,2646,1
rep1,1.1712,2647,1
rep1,1.1714,2648,1
rep1,1.1714,2649,1
rep1,1.1714,2650,1
rep1,1.1715,2651,1
rep1,1.1715,2652,1
rep1,1.1715,2653,1
rep1,1.1716,2654,1
rep1,1.1716,2655,1
rep1,1.1717,2656,1
rep1,1.1717,2657,1
rep1,1.1717,2658,1
rep1,1.1719,2659,1
rep1,1.1719,2660,1
rep1,1.172,2661,1
rep1,1.172,2662,1
rep1,1.172,2663,1
rep1,1.1723,2664,1
rep1,1.1723,2665,1
rep1,1.1724,2666,1
rep1,1.1724,2667,1
rep1,1.1725,2668,1
rep1,1.1726,2669,1
rep1,1.1726,2670,1
rep1,1.1727,2671,1
rep1,1.1728,2672,1
rep1,1.173,2673,1
rep1,1.173,2674,1
rep1,1.1731,2675,1
rep1,1.1732,2676,1
rep1,1.1735,2677,1
rep1,1.1735,2678,1
rep1,1.1735,2679,1
rep1,1.1735,2680,1
rep1,1.1735,2681,1
rep1,1.1736,2682,1
rep1,1.1736,2683,1
rep1,1.1738,2684,1
rep1,1.1739,2685,1
rep1,1.174,2686,1
rep1,1.174,2687,1
rep1,1.1741,2688,1
rep1,1.1741,2689,1
rep1,1.1742,2690,1
rep1,1.1742,2691,1
rep1,1.1743,2692,1
rep1,1.1744,2693,1
rep1,1.1744,2694,1
rep1,1.1746,2695,1
rep1,1.1748,2696,1
rep1,1.1748,2697,1
rep1,1.1749,2698,1
rep1,1.1749,2699,1
rep1,1.1749,2700,1
rep1,1.1749,2701,1
rep1,1.1751,2702,1
rep1,1.1751,2703,1
rep1,1.1753,2704,1
rep1,1.1755,2705,1
rep1,1.1756,2706,1
rep1,1.1756,2707,1
rep1,1.1757,2708,1
rep1,1.1757,2709,1
rep1,1.1758,2710,1
rep1,1.1759,2711,1
rep1,1.1759,2712,1
rep1,1.1762,2713,1
rep1,1.1762,2714,1
rep1,1.1763,2715,1
rep1,1.1763,2716,1
rep1,1.1763,2717,1
rep1,1.1764,2718,1
rep1,1.1764,2719,1
rep1,1.1764,2720,1
rep1,1.1765,2721,1
rep1,1.1766,2722,1
rep1,1.1767,2723,1
rep1,1.1767,2724,1
rep1,1.1768,2725,1
rep1,1.1768,2726,1
rep1,1.1769,2727,1
rep1,1.1769,2728,1
rep1,1.1771,2729,1
rep1,1.1772,2730,1
rep1,1.1772,2731,1
rep1,1.1773,2732,1
rep1,1.1773,2733,1
rep1,1.1773,2734,1
rep1,1.1774,2735,1
rep1,1.1774,2736,1
rep1,1.1775,2737,1
rep1,1.1776,2738,1
rep1,1.1777,2739,1
rep1,1.1777,2740,1
rep1,1.1777,2741,1
rep1,1.1779,2742,1
rep1,1.1781,2743,1
rep1,1.1781,2744,1
rep1,1.1782,2745,1
rep1,1.1783,2746,1
rep1,1.1783,2747,1
rep1,1.1784,2748,1
rep1,1.1784,2749,1
rep1,1.1784,2750,1
rep1,1.1785,2751,1
rep1,1.1785,2752,1
rep1,1.1786,2753,1
rep1,1.1787,2754,1
rep1,1.1787,2755,1
rep1,1.1788,2756,1
rep1,1.1789,2757,1
rep1,1.179,2758,1
rep1,1.179,2759,1
rep1,1.179,2760,1
rep1,1.1791,2761,1
rep1,1.1792,2762,1
rep1,1.1792,2763,1
rep1,1.1793,2764,1
rep1,1.1794,2765,1
rep1,1.1795,2766,1
rep1,1.1795,2767,1
rep1,1.1795,2768,1
rep1,1.1795,2769,1
rep1,1.1796,2770,1
rep1,1.1796,2771,1
rep1,1.1799,2772,1
rep1,1.1799,2773,1
rep1,1.18,2774,1
rep1,1.1803,2775,1
rep1,1.1804,2776,1
rep1,1.1805,2777,1
rep1,1.1805,2778,1
rep1,1.1806,2779,1
rep1,1.1806,2780,1
rep1,1.1806,2781,1
rep1,1.1806,2782,1
rep1,1.1808,2783,1
rep1,1.1808,2784,1
rep1,1.181,2785,1
rep1,1.1812,2786,1
rep1,1.1814,2787,1
rep1,1.1814,2788,1
rep1,1.1815,2789,1
rep1,1.1816,2790,1
rep1,1.1819,2791,1
rep1,1.1819,2792,1
rep1,1.182,2793,1
rep1,1.182,2794,1
rep1,1.1821,2795,1
rep1,1.1821,2796,1
rep1,1.1822,2797,1
rep1,1.1823,2798,1
rep1,1.1823,2799,1
rep1,1.1823,2800,1
rep1,1.1824,2801,1
rep1,1.1825,2802,1
rep1,1.1826,2803,1
rep1,1.1826,2804,1
rep1,1.1827,2805,1
rep1,1.1828,2806,1
rep1,1.1828,2807,1
rep1,1.1829,2808,1
rep1,1.183,2809,1
rep1,1.183,2810,1
rep1,1.1833,2811,1
rep1,1.1833,2812,1
rep1,1.1833,2813,1
rep1,1.1834,2814,1
rep1,1.1834,2815,1
rep1,1.1836,2816,1
rep1,1.1837,2817,1
rep1,1.1837,2818,1
rep1,1.1838,2819,1
rep1,1.1838,2820,1
rep1,1.1839,2821,1
rep1,1.184,2822,1
rep1,1.184,2823,1
rep1,1.1841,2824,1
rep1,1.1841,2825,1
rep1,1.1843,2826,1
rep1,1.1843,2827,1
rep1,1.1844,2828,1
rep1,1.1844,2829,1
rep1,1.1844,2830,1
rep1,1.1845,2831,1
rep1,1.1846,2832,1
rep1,1.1846,2833,1
rep1,1.1847,2834,1
rep1,1.1849,2835,1
rep1,1.185,2836,1
rep1,1.1852,2837,1
rep1,1.1853,2838,1
rep1,1.1853,2839,1
rep1,1.1853,2840,1
rep1,1.1858,2841,1
rep1,1.1859,2842,1
rep1,1.186,2843,1
rep1,1.186,2844,1
rep1,1.1863,2845,1
rep1,1.1863,2846,1
rep1,1.1863,2847,1
rep1,1.1863,2848,1
rep1,1.1864,2849,1
rep1,1.1865,2850,1
rep1,1.1865,2851,1
rep1,1.1865,2852,1
rep1,1.1866,2853,1
rep1,1.1867,2854,1
rep1,1.1868,2855,1
rep1,1.1869,2856,1
rep1,1.1869,2857,1
rep1,1.187,2858,1
rep1,1.187,2859,1
rep1,1.1874,2860,1
rep1,1.1875,2861,1
rep1,1.1875,2862,1
rep1,1.1878,2863,1
rep1,1.1878,2864,1
rep1,1.1879,2865,1
rep1,1.188,2866,1
rep1,1.1881,2867,1
rep1,1.1881,2868,1
rep1,1.1882,2869,1
rep1,1.1884,2870,1
rep1,1.1884,2871,1
rep1,1.1885,2872,1
rep1,1.1885,2873,1
rep1,1.1886,2874,1
rep1,1.1886,2875,1
rep1,1.1887,2876,1
rep1,1.1887,2877,1
rep1,1.1887,2878,1
rep1,1.1887,2879,1
rep1,1.1889,2880,1
rep1,1.1889,2881,1
rep1,1.1889,2882,1
rep1,1.1889,2883,1
rep1,1.189,2884,1
rep1,1.1891,2885,1
rep1,1.1894,2886,1
rep1,1.1894,2887,1
rep1,1.1894,2888,1
rep1,1.1896,2889,1
rep1,1.1896,2890,1
rep1,1.1896,2891,1
rep1,1.1897,2892,1
rep1,1.1897,2893,1
rep1,1.1898,2894,1
rep1,1.1899,2895,1
rep1,1.19,2896,1
rep1,1.19,2897,1
rep1,1.1901,2898,1
rep1,1.1901,2899,1
rep1,1.1903,2900,1
rep1,1.1904,2901,1
rep1,1.1905,2902,1
rep1,1.1908,2903,1
rep1,1.1909,2904,1
rep1,1.1909,2905,1
rep1,1.191,2906,1
rep1,1.1911,2907,1
rep1,1.1911,2908,1
rep1,1.1912,2909,1
rep1,1.1912,2910,1
rep1,1.1914,2911,1
rep1,1.1914,2912,1
rep1,1.1914,2913,1
rep1,1.1917,2914,1
rep1,1.1918,2915,1
rep1,1.1918,2916,1
rep1,1.1918,2917,1
rep1,1.1919,2918,1
rep1,1.192,2919,1
rep1,1.192,2920,1
rep1,1.192,2921,1
rep1,1.1921,2922,1
rep1,1.1921,2923,1
rep1,1.1921,2924,1
rep1,1.1922,2925,1
rep1,1.1922,2926,1
rep1,1.1922,2927,1
rep1,1.1925,2928,1
rep1,1.1925,2929,1
rep1,1.1925,2930,1
rep1,1.1926,2931,1
rep1,1.1926,2932,1
rep1,1.1927,2933,1
rep1,1.1927,2934,1
rep1,1.1927,2935,1
rep1,1.1927,2936,1
rep1,1.1928,2937,1
rep1,1.1928,2938,1
rep1,1.1929,2939,1
rep1,1.193,2940,1
rep1,1.1931,2941,1
rep1,1.1931,2942,1
rep1,1.1931,2943,1
rep1,1.1932,2944,1
rep1,1.1932,2945,1
rep1,1.1932,2946,1
rep1,1.1932,2947,1
rep1,1.1933,2948,1
rep1,1.1934,2949,1
rep1,1.1935,2950,1
rep1,1.1935,2951,1
rep1,1.1936,2952,1
rep1,1.1936,2953,1
rep1,1.1938,2954,1
rep1,1.1939,2955,1
rep1,1.194,2956,1
rep1,1.194,2957,1
rep1,1.194,2958,1
rep1,1.1941,2959,1
rep1,1.1943,2960,1
rep1,1.1943,2961,1
rep1,1.1944,2962,1
rep1,1.1945,2963,1
rep1,1.1946,2964,1
rep1,1.1946,2965,1
rep1,1.1947,2966,1
rep1,1.1948,2967,1
rep1,1.1949,2968,1
rep1,1.1949,2969,1
rep1,1.1949,2970,1
rep1,1.195,2971,1
rep1,1.195,2972,1
rep1,1.1951,2973,1
rep1,1.1951,2974,1
rep1,1.1951,2975,1
rep1,1.1952,2976,1
rep1,1.1952,2977,1
rep1,1.1952,2978,1
rep1,1.1953,2979,1
rep1,1.1953,2980,1
rep1,1.1953,2981,1
rep1,1.1953,2982,1
rep1,1.1954,2983,1
rep1,1.1956,2984,1
rep1,1.1957,2985,1
rep1,1.1958,2986,1
rep1,1.1959,2987,1
rep1,1.1959,2988,1
rep1,1.196,2989,1
rep1,1.196,2990,1
rep1,1.1962,2991,1
rep1,1.1962,2992,1
rep1,1.1962,2993,1
rep1,1.1963,2994,1
rep1,1.1964,2995,1
rep1,1.1964,2996,1
rep1,1.1965,2997,1
rep1,1.1966,2998,1
rep1,1.1967,2999,1
rep1,1.1968,3000,1
rep1,1.1968,3001,1
rep1,1.1969,3002,1
rep1,1.1969,3003,1
rep1,1.1969,3004,1
rep1,1.197,3005,1
rep1,1.1972,3006,1
rep1,1.1973,3007,1
rep1,1.1973,3008,1
rep1,1.1973,3009,1
rep1,1.1973,3010,1
rep1,1.1974,3011,1
rep1,1.1974,3012,1
rep1,1.1974,3013,1
rep1,1.1975,3014,1
rep1,1.1975,3015,1
rep1,1.1975,3016,1
rep1,1.1976,3017,1
rep1,1.1976,3018,1
rep1,1.1976,3019,1
rep1,1.1978,3020,1
rep1,1.1978,3021,1
rep1,1.1978,3022,1
rep1,1.198,3023,1
rep1,1.198,3024,1
rep1,1.198,3025,1
rep1,1.1982,3026,1
rep1,1.1983,3027,1
rep1,1.1983,3028,1
rep1,1.1984,3029,1
rep1,1.1985,3030,1
rep1,1.1987,3031,1
rep1,1.1987,3032,1
rep1,1.1988,3033,1
rep1,1.1988,3034,1
rep1,1.1989,3035,1
rep1,1.1989,3036,1
rep1,1.199,3037,1
rep1,1.199,3038,1
rep1,1.1991,3039,1
rep1,1.1991,3040,1
rep1,1.1992,3041,1
rep1,1.1992,3042,1
rep1,1.1993,3043,1
rep1,1.1994,3044,1
rep1,1.1995,3045,1
rep1,1.1996,3046,1
rep1,1.1999,3047,1
rep1,1.1999,3048,1
rep1,1.2,3049,1
rep1,1.2001,3050,1
rep1,1.2001,3051,1
rep1,1.2002,3052,1
rep1,1.2002,3053,1
rep1,1.2003,3054,1
rep1,1.2003,3055,1
rep1,1.2003,3056,1
rep1,1.2003,3057,1
rep1,1.2004,3058,1
rep1,1.2004,3059,1
rep1,1.2005,3060,1
rep1,1.2005,3061,1
rep1,1.2006,3062,1
rep1,1.2007,3063,1
rep1,1.2008,3064,1
rep1,1.2009,3065,1
rep1,1.2009,3066,1
rep1,1.2009,3067,1
rep1,1.2011,3068,1
rep1,1.2011,3069,1
rep1,1.2011,3070,1
rep1,1.2012,3071,1
rep1,1.2013,3072,1
rep1,1.2014,3073,1
rep1,1.2014,3074,1
rep1,1.2014,3075,1
rep1,1.2014,3076,1
rep1,1.2015,3077,1
rep1,1.2015,3078,1
rep1,1.2017,3079,1
rep1,1.2018,3080,1
rep1,1.2018,3081,1
rep1,1.2018,3082,1
rep1,1.2019,3083,1
rep1,1.2019,3084,1
rep1,1.202,3085,1
rep1,1.202,3086,1
rep1,1.2021,3087,1
rep1,1.2021,3088,1
rep1,1.2023,3089,1
rep1,1.2023,3090,1
rep1,1.2024,3091,1
rep1,1.2025,3092,1
rep1,1.2025,3093,1
rep1,1.2025,3094,1
rep1,1.2027,3095,1
rep1,1.2031,3096,1
rep1,1.2031,3097,1
rep1,1.2032,3098,1
rep1,1.2033,3099,1
rep1,1.2034,3100,1
rep1,1.2035,3101,1
rep1,1.2036,3102,1
rep1,1.2036,3103,1
rep1,1.2036,3104,1
rep1,1.2036,3105,1
rep1,1.2037,3106,1
rep1,1.2038,3107,1
rep1,1.2039,3108,1
rep1,1.204,3109,1
rep1,1.204,3110,1
rep1,1.2041,3111,1
rep1,1.2041,3112,1
rep1,1.2041,3113,1
rep1,1.2041,3114,1
rep1,1.2044,3115,1
rep1,1.2046,3116,1
rep1,1.2047,3117,1
rep1,1.2047,3118,1
rep1,1.2048,3119,1
rep1,1.2051,3120,1
rep1,1.2053,3121,1
rep1,1.2053,3122,1
rep1,1.2055,3123,1
rep1,1.2056,3124,1
rep1,1.2056,3125,1
rep1,1.2056,3126,1
rep1,1.2057,3127,1
rep1,1.2057,3128,1
rep1,1.2057,3129,1
rep1,1.206,3130,1
rep1,1.2062,3131,1
rep1,1.2063,3132,1
rep1,1.2067,3133,1
rep1,1.2068,3134,1
rep1,1.2068,3135,1
rep1,1.2069,3136,1
rep1,1.207,3137,1
rep1,1.207,3138,1
rep1,1.2071,3139,1
rep1,1.2071,3140,1
rep1,1.2072,3141,1
rep1,1.2072,3142,1
rep1,1.2073,3143,1
rep1,1.2073,3144,1
rep1,1.2074,3145,1
rep1,1.2074,3146,1
rep1,1.2074,3147,1
rep1,1.2074,3148,1
rep1,1.2075,3149,1
rep1,1.2075,3150,1
rep1,1.2075,3151,1
rep1,1.2076,3152,1
rep1,1.208,3153,1
rep1,1.208,3154,1
rep1,1.2082,3155,1
rep1,1.2082,3156,1
rep1,1.2082,3157,1
rep1,1.2083,3158,1
rep1,1.2083,3159,1
rep1,1.2083,3160,1
rep1,1.2083,3161,1
rep1,1.2083,3162,1
rep1,1.2085,3163,1
rep1,1.2085,3164,1
rep1,1.2085,3165,1
rep1,1.2086,3166,1
rep1,1.2087,3167,1
rep1,1.2088,3168,1
rep1,1.2089,3169,1
rep1,1.209,3170,1
rep1,1.2091,3171,1
rep1,1.2091,3172,1
rep1,1.2092,3173,1
rep1,1.2092,3174,1
rep1,1.2093,3175,1
rep1,1.2093,3176,1
rep1,1.2093,3177,1
rep1,1.2094,3178,1
rep1,1.2095,3179,1
rep1,1.2095,3180,1
rep1,1.2097,3181,1
rep1,1.2097,3182,1
rep1,1.2097,3183,1
rep1,1.2098,3184,1
rep1,1.2099,3185,1
rep1,1.21,3186,1
rep1,1.2101,3187,1
rep1,1.2101,3188,1
rep1,1.2101,3189,1
rep1,1.2102,3190,1
rep1,1.2103,3191,1
rep1,1.2103,3192,1
rep1,1.2103,3193,1
rep1,1.2103,3194,1
rep1,1.2104,3195,1
rep1,1.2104,3196,1
rep1,1.2105,3197,1
rep1,1.2107,3198,1
rep1,1.2107,3199,1
rep1,1.2108,3200,1
rep1,1.2108,3201,1
rep1,1.2108,3202,1
rep1,1.2108,3203,1
rep1,1.2109,3204,1
rep1,1.2109,3205,1
rep1,1.211,3206,1
rep1,1.2112,3207,1
rep1,1.2114,3208,1
rep1,1.2116,3209,1
rep1,1.2118,3210,1
rep1,1.2118,3211,1
rep1,1.212,3212,1
rep1,1.2122,3213,1
rep1,1.2123,3214,1
rep1,1.2123,3215,1
rep1,1.2123,3216,1
rep1,1.2124,3217,1
rep1,1.2124,3218,1
rep1,1.2124,3219,1
rep1,1.2125,3220,1
rep1,1.2125,3221,1
rep1,1.2126,3222,1
rep1,1.2128,3223,1
rep1,1.213,3224,1
rep1,1.2131,3225,1
rep1,1.2132,3226,1
rep1,1.2132,3227,1
rep1,1.2133,3228,1
rep1,1.2134,3229,1
rep1,1.2134,3230,1
rep1,1.2135,3231,1
rep1,1.2135,3232,1
rep1,1.2136,3233,1
rep1,1.214,3234,1
rep1,1.2142,3235,1
rep1,1.2146,3236,1
rep1,1.2146,3237,1
rep1,1.2147,3238,1
rep1,1.2147,3239,1
rep1,1.2147,3240,1
rep1,1.2148,3241,1
rep1,1.2149,3242,1
rep1,1.215,3243,1
rep1,1.215,3244,1
rep1,1.2151,3245,1
rep1,1.2151,3246,1
rep1,1.2151,3247,1
rep1,1.2152,3248,1
rep1,1.2153,3249,1
rep1,1.2153,3250,1
rep1,1.2153,3251,1
rep1,1.2155,3252,1
rep1,1.2156,3253,1
rep1,1.2156,3254,1
rep1,1.2156,3255,1
rep1,1.2158,3256,1
rep1,1.2158,3257,1
rep1,1.2158,3258,1
rep1,1.2158,3259,1
rep1,1.2162,3260,1
rep1,1.2162,3261,1
rep1,1.2163,3262,1
rep1,1.2163,3263,1
rep1,1.2164,3264,1
rep1,1.2164,3265,1
rep1,1.2165,3266,1
rep1,1.2166,3267,1
rep1,1.2167,3268,1
rep1,1.2168,3269,1
rep1,1.2169,3270,1
rep1,1.2169,3271,1
rep1,1.217,3272,1
rep1,1.2171,3273,1
rep1,1.2171,3274,1
rep1,1.2171,3275,1
rep1,1.2171,3276,1
rep1,1.2171,3277,1
rep1,1.2172,3278,1
rep1,1.2172,3279,1
rep1,1.2172,3280,1
rep1,1.2172,3281,1
rep1,1.2173,3282,1
rep1,1.2173,3283,1
rep1,1.2174,3284,1
rep1,1.2175,3285,1
rep1,1.2175,3286,1
rep1,1.2175,3287,1
rep1,1.2175,3288,1
rep1,1.2176,3289,1
rep1,1.2176,3290,1
rep1,1.2176,3291,1
rep1,1.2177,3292,1
rep1,1.2178,3293,1
rep1,1.2178,3294,1
rep1,1.2178,3295,1
rep1,1.2179,3296,1
rep1,1.2179,3297,1
rep1,1.2181,3298,1
rep1,1.2182,3299,1
rep1,1.2184,3300,1
rep1,1.2186,3301,1
rep1,1.2186,3302,1
rep1,1.2186,3303,1
rep1,1.2187,3304,1
rep1,1.2188,3305,1
rep1,1.219,3306,1
rep1,1.2193,3307,1
rep1,1.2193,3308,1
rep1,1.2193,3309,1
rep1,1.2193,3310,1
rep1,1.2194,3311,1
rep1,1.2195,3312,1
rep1,1.2197,3313,1
rep1,1.2199,3314,1
rep1,1.22,3315,1
rep1,1.22,3316,1
rep1,1.2201,3317,1
rep1,1.2201,3318,1
rep1,1.2202,3319,1
rep1,1.2203,3320,1
rep1,1.2203,3321,1
rep1,1.2203,3322,1
rep1,1.2204,3323,1
rep1,1.2204,3324,1
rep1,1.2205,3325,1
rep1,1.2205,3326,1
rep1,1.2205,3327,1
rep1,1.2206,3328,1
rep1,1.2206,3329,1
rep1,1.2207,3330,1
rep1,1.2207,3331,1
rep1,1.2207,3332,1
rep1,1.2208,3333,1
rep1,1.2209,3334,1
rep1,1.2209,3335,1
rep1,1.221,3336,1
rep1,1.2211,3337,1
rep1,1.2211,3338,1
rep1,1.2212,3339,1
rep1,1.2213,3340,1
rep1,1.2213,3341,1
rep1,1.2215,3342,1
rep1,1.2215,3343,1
rep1,1.2215,3344,1
rep1,1.2215,3345,1
rep1,1.2217,3346,1
rep1,1.2219,3347,1
rep1,1.2219,3348,1
rep1,1.2221,3349,1
rep1,1.2221,3350,1
rep1,1.2222,3351,1
rep1,1.2222,3352,1
rep1,1.2222,3353,1
rep1,1.2223,3354,1
rep1,1.2223,3355,1
rep1,1.2223,3356,1
rep1,1.2225,3357,1
rep1,1.2225,3358,1
rep1,1.2226,3359,1
rep1,1.2227,3360,1
rep1,1.2227,3361,1
rep1,1.2228,3362,1
rep1,1.2228,3363,1
rep1,1.2229,3364,1
rep1,1.223,3365,1
rep1,1.2233,3366,1
rep1,1.2235,3367,1
rep1,1.2235,3368,1
rep1,1.2235,3369,1
rep1,1.2236,3370,1
rep1,1.2236,3371,1
rep1,1.2237,3372,1
rep1,1.2237,3373,1
rep1,1.2238,3374,1
rep1,1.2239,3375,1
rep1,1.2242,3376,1
rep1,1.2244,3377,1
rep1,1.2244,3378,1
rep1,1.2245,3379,1
rep1,1.2245,3380,1
rep1,1.2246,3381,1
rep1,1.2246,3382,1
rep1,1.2247,3383,1
rep1,1.2248,3384,1
rep1,1.2249,3385,1
rep1,1.2249,3386,1
rep1,1.225,3387,1
rep1,1.2251,3388,1
rep1,1.2252,3389,1
rep1,1.2253,3390,1
rep1,1.2254,3391,1
rep1,1.2255,3392,1
rep1,1.2255,3393,1
rep1,1.2257,3394,1
rep1,1.2258,3395,1
rep1,1.2258,3396,1
rep1,1.2258,3397,1
rep1,1.226,3398,1
rep1,1.226,3399,1
rep1,1.226,3400,1
rep1,1.2261,3401,1
rep1,1.2261,3402,1
rep1,1.2261,3403,1
rep1,1.2262,3404,1
rep1,1.2264,3405,1
rep1,1.2264,3406,1
rep1,1.2265,3407,1
rep1,1.2266,3408,1
rep1,1.2266,3409,1
rep1,1.2266,3410,1
rep1,1.2267,3411,1
rep1,1.2268,3412,1
rep1,1.2269,3413,1
rep1,1.227,3414,1
rep1,1.2272,3415,1
rep1,1.2272,3416,1
rep1,1.2274,3417,1
rep1,1.2275,3418,1
rep1,1.2275,3419,1
rep1,1.2278,3420,1
rep1,1.2278,3421,1
rep1,1.228,3422,1
rep1,1.2281,3423,1
rep1,1.2281,3424,1
rep1,1.2281,3425,1
rep1,1.2282,3426,1
rep1,1.2282,3427,1
rep1,1.2282,3428,1
rep1,1.2286,3429,1
rep1,1.2287,3430,1
rep1,1.2288,3431,1
rep1,1.2289,3432,1
rep1,1.2289,3433,1
rep1,1.2291,3434,1
rep1,1.2291,3435,1
rep1,1.2292,3436,1
rep1,1.2292,3437,1
rep1,1.2294,3438,1
rep1,1.2294,3439,1
rep1,1.2295,3440,1
rep1,1.2295,3441,1
rep1,1.2296,3442,1
rep1,1.2296,3443,1
rep1,1.2296,3444,1
rep1,1.2297,3445,1
rep1,1.2298,3446,1
rep1,1.23,3447,1
rep1,1.2301,3448,1
rep1,1.2302,3449,1
rep1,1.2302,3450,1
rep1,1.2303,3451,1
rep1,1.2306,3452,1
rep1,1.2306,3453,1
rep1,1.2306,3454,1
rep1,1.2306,3455,1
rep1,1.2307,3456,1
rep1,1.2307,3457,1
rep1,1.2308,3458,1
rep1,1.2308,3459,1
rep1,1.2309,3460,1
rep1,1.231,3461,1
rep1,1.2312,3462,1
rep1,1.2312,3463,1
rep1,1.2312,3464,1
rep1,1.2313,3465,1
rep1,1.2314,3466,1
rep1,1.2314,3467,1
rep1,1.2315,3468,1
rep1,1.2315,3469,1
rep1,1.2315,3470,1
rep1,1.2315,3471,1
rep1,1.2316,3472,1
rep1,1.2317,3473,1
rep1,1.2318,3474,1
rep1,1.2319,3475,1
rep1,1.2321,3476,1
rep1,1.2322,3477,1
rep1,1.2322,3478,1
rep1,1.2322,3479,1
rep1,1.2323,3480,1
rep1,1.2325,3481,1
rep1,1.2325,3482,1
rep1,1.2326,3483,1
rep1,1.2328,3484,1
rep1,1.2328,3485,1
rep1,1.2331,3486,1
rep1,1.2332,3487,1
rep1,1.2332,3488,1
rep1,1.2333,3489,1
rep1,1.2334,3490,1
rep1,1.2335,3491,1
rep1,1.2335,3492,1
rep1,1.2336,3493,1
rep1,1.2337,3494,1
rep1,1.2337,3495,1
rep1,1.2338,3496,1
rep1,1.2339,3497,1
rep1,1.234,3498,1
rep1,1.234,3499,1
rep1,1.234,3500,1
rep1,1.2342,3501,1
rep1,1.2343,3502,1
rep1,1.2344,3503,1
rep1,1.2345,3504,1
rep1,1.2345,3505,1
rep1,1.2345,3506,1
rep1,1.2345,3507,1
rep1,1.2347,3508,1
rep1,1.2347,3509,1
rep1,1.2348,3510,1
rep1,1.2349,3511,1
rep1,1.2349,3512,1
rep1,1.2349,3513,1
rep1,1.235,3514,1
rep1,1.235,3515,1
rep1,1.2351,3516,1
rep1,1.2354,3517,1
rep1,1.2355,3518,1
rep1,1.2356,3519,1
rep1,1.2356,3520,1
rep1,1.2357,3521,1
rep1,1.2357,3522,1
rep1,1.2357,3523,1
rep1,1.2358,3524,1
rep1,1.2358,3525,1
rep1,1.2358,3526,1
rep1,1.2359,3527,1
rep1,1.2361,3528,1
rep1,1.2362,3529,1
rep1,1.2363,3530,1
rep1,1.2363,3531,1
rep1,1.2364,3532,1
rep1,1.2365,3533,1
rep1,1.2365,3534,1
rep1,1.2366,3535,1
rep1,1.2366,3536,1
rep1,1.2366,3537,1
rep1,1.2366,3538,1
rep1,1.2367,3539,1
rep1,1.2368,3540,1
rep1,1.2368,3541,1
rep1,1.2369,3542,1
rep1,1.237,3543,1
rep1,1.2371,3544,1
rep1,1.2371,3545,1
rep1,1.2372,3546,1
rep1,1.2373,3547,1
rep1,1.2374,3548,1
rep1,1.2375,3549,1
rep1,1.2376,3550,1
rep1,1.2377,3551,1
rep1,1.2377,3552,1
rep1,1.2378,3553,1
rep1,1.2382,3554,1
rep1,1.2382,3555,1
rep1,1.2382,3556,1
rep1,1.2383,3557,1
rep1,1.2385,3558,1
rep1,1.2385,3559,1
rep1,1.2386,3560,1
rep1,1.2387,3561,1
rep1,1.2387,3562,1
rep1,1.2388,3563,1
rep1,1.2388,3564,1
rep1,1.2389,3565,1
rep1,1.239,3566,1
rep1,1.239,3567,1
rep1,1.2391,3568,1
rep1,1.2391,3569,1
rep1,1.2392,3570,1
rep1,1.2393,3571,1
rep1,1.2393,3572,1
rep1,1.2394,3573,1
rep1,1.2396,3574,1
rep1,1.2398,3575,1
rep1,1.2399,3576,1
rep1,1.2402,3577,1
rep1,1.2403,3578,1
rep1,1.2404,3579,1
rep1,1.2404,3580,1
rep1,1.2404,3581,1
rep1,1.2404,3582,1
rep1,1.2405,3583,1
rep1,1.2405,3584,1
rep1,1.2406,3585,1
rep1,1.2408,3586,1
rep1,1.2409,3587,1
rep1,1.241,3588,1
rep1,1.2411,3589,1
rep1,1.2411,3590,1
rep1,1.2412,3591,1
rep1,1.2413,3592,1
rep1,1.2414,3593,1
rep1,1.2417,3594,1
rep1,1.2418,3595,1
rep1,1.2418,3596,1
rep1,1.2419,3597,1
rep1,1.242,3598,1
rep1,1.242,3599,1
rep1,1.2422,3600,1
rep1,1.2422,3601,1
rep1,1.2426,3602,1
rep1,1.2427,3603,1
rep1,1.2427,3604,1
rep1,1.2428,3605,1
rep1,1.2429,3606,1
rep1,1.2429,3607,1
rep1,1.243,3608,1
rep1,1.243,3609,1
rep1,1.243,3610,1
rep1,1.2434,3611,1
rep1,1.2435,3612,1
rep1,1.2435,3613,1
rep1,1.2436,3614,1
rep1,1.2437,3615,1
rep1,1.2437,3616,1
rep1,1.2439,3617,1
rep1,1.2439,3618,1
rep1,1.244,3619,1
rep1,1.2441,3620,1
rep1,1.2441,3621,1
rep1,1.2441,3622,1
rep1,1.2442,3623,1
rep1,1.2442,3624,1
rep1,1.2442,3625,1
rep1,1.2444,3626,1
rep1,1.2446,3627,1
rep1,1.2446,3628,1
rep1,1.2447,3629,1
rep1,1.2448,3630,1
rep1,1.2448,3631,1
rep1,1.2449,3632,1
rep1,1.2449,3633,1
rep1,1.2453,3634,1
rep1,1.2453,3635,1
rep1,1.2453,3636,1
rep1,1.2455,3637,1
rep1,1.2455,3638,1
rep1,1.2456,3639,1
rep1,1.2457,3640,1
rep1,1.2457,3641,1
rep1,1.2457,3642,1
rep1,1.2458,3643,1
rep1,1.2458,3644,1
rep1,1.2459,3645,1
rep1,1.2461,3646,1
rep1,1.2461,3647,1
rep1,1.2461,3648,1
rep1,1.2463,3649,1
rep1,1.2463,3650,1
rep1,1.2465,3651,1
rep1,1.2466,3652,1
rep1,1.2467,3653,1
rep1,1.2468,3654,1
rep1,1.2469,3655,1
rep1,1.247,3656,1
rep1,1.2471,3657,1
rep1,1.2473,3658,1
rep1,1.2474,3659,1
rep1,1.2475,3660,1
rep1,1.2475,3661,1
rep1,1.2476,3662,1
rep1,1.2477,3663,1
rep1,1.248,3664,1
rep1,1.248,3665,1
rep1,1.2482,3666,1
rep1,1.2483,3667,1
rep1,1.2484,3668,1
rep1,1.2485,3669,1
rep1,1.249,3670,1
rep1,1.2492,3671,1
rep1,1.2493,3672,1
rep1,1.2493,3673,1
rep1,1.2494,3674,1
rep1,1.2497,3675,1
rep1,1.2497,3676,1
rep1,1.2498,3677,1
rep1,1.2498,3678,1
rep1,1.2499,3679,1
rep1,1.25,3680,1
rep1,1.2502,3681,1
rep1,1.2502,3682,1
rep1,1.2503,3683,1
rep1,1.2504,3684,1
rep1,1.2504,3685,1
rep1,1.2504,3686,1
rep1,1.2504,3687,1
rep1,1.2505,3688,1
rep1,1.2506,3689,1
rep1,1.2506,3690,1
rep1,1.2508,3691,1
rep1,1.2509,3692,1
rep1,1.251,3693,1
rep1,1.2511,3694,1
rep1,1.2511,3695,1
rep1,1.2512,3696,1
rep1,1.2512,3697,1
rep1,1.2512,3698,1
rep1,1.2515,3699,1
rep1,1.2519,3700,1
rep1,1.252,3701,1
rep1,1.252,3702,1
rep1,1.2522,3703,1
rep1,1.2522,3704,1
rep1,1.2523,3705,1
rep1,1.2525,3706,1
rep1,1.2526,3707,1
rep1,1.2526,3708,1
rep1,1.2526,3709,1
rep1,1.2527,3710,1
rep1,1.2529,3711,1
rep1,1.253,3712,1
rep1,1.2531,3713,1
rep1,1.2531,3714,1
rep1,1.2531,3715,1
rep1,1.2534,3716,1
rep1,1.2535,3717,1
rep1,1.2536,3718,1
rep1,1.2536,3719,1
rep1,1.2537,3720,1
rep1,1.2538,3721,1
rep1,1.2538,3722,1
rep1,1.2543,3723,1
rep1,1.2545,3724,1
rep1,1.2546,3725,1
rep1,1.2546,3726,1
rep1,1.2548,3727,1
rep1,1.255,3728,1
rep1,1.2551,3729,1
rep1,1.2553,3730,1
rep1,1.2554,3731,1
rep1,1.2555,3732,1
rep1,1.2556,3733,1
rep1,1.2559,3734,1
rep1,1.2559,3735,1
rep1,1.256,3736,1
rep1,1.256,3737,1
rep1,1.2561,3738,1
rep1,1.2561,3739,1
rep1,1.2561,3740,1
rep1,1.2562,3741,1
rep1,1.2563,3742,1
rep1,1.2564,3743,1
rep1,1.2565,3744,1
rep1,1.2566,3745,1
rep1,1.2567,3746,1
rep1,1.2567,3747,1
rep1,1.2568,3748,1
rep1,1.257,3749,1
rep1,1.2571,3750,1
rep1,1.2574,3751,1
rep1,1.2575,3752,1
rep1,1.2575,3753,1
rep1,1.2577,3754,1
rep1,1.2578,3755,1
rep1,1.2579,3756,1
rep1,1.2581,3757,1
rep1,1.2583,3758,1
rep1,1.2583,3759,1
rep1,1.2584,3760,1
rep1,1.2585,3761,1
rep1,1.2586,3762,1
rep1,1.2586,3763,1
rep1,1.2587,3764,1
rep1,1.2588,3765,1
rep1,1.2591,3766,1
rep1,1.2591,3767,1
rep1,1.2592,3768,1
rep1,1.2593,3769,1
rep1,1.2594,3770,1
rep1,1.2594,3771,1
rep1,1.2594,3772,1
rep1,1.2594,3773,1
rep1,1.2596,3774,1
rep1,1.2596,3775,1
rep1,1.2597,3776,1
rep1,1.2597,3777,1
rep1,1.26,3778,1
rep1,1.2602,3779,1
rep1,1.2604,3780,1
rep1,1.2605,3781,1
rep1,1.2605,3782,1
rep1,1.2606,3783,1
rep1,1.2606,3784,1
rep1,1.2607,3785,1
rep1,1.2608,3786,1
rep1,1.2608,3787,1
rep1,1.261,3788,1
rep1,1.2612,3789,1
rep1,1.2613,3790,1
rep1,1.2613,3791,1
rep1,1.2615,3792,1
rep1,1.2616,3793,1
rep1,1.2616,3794,1
rep1,1.2616,3795,1
rep1,1.2617,3796,1
rep1,1.2617,3797,1
rep1,1.2618,3798,1
rep1,1.2618,3799,1
rep1,1.2619,3800,1
rep1,1.2623,3801,1
rep1,1.2624,3802,1
rep1,1.2624,3803,1
rep1,1.2624,3804,1
rep1,1.2625,3805,1
rep1,1.2625,3806,1
rep1,1.2626,3807,1
rep1,1.2626,3808,1
rep1,1.2629,3809,1
rep1,1.2631,3810,1
rep1,1.2632,3811,1
rep1,1.2632,3812,1
rep1,1.2633,3813,1
rep1,1.2633,3814,1
rep1,1.2634,3815,1
rep1,1.2634,3816,1
rep1,1.2636,3817,1
rep1,1.2639,3818,1
rep1,1.264,3819,1
rep1,1.2641,3820,1
rep1,1.2641,3821,1
rep1,1.2641,3822,1
rep1,1.2641,3823,1
rep1,1.2643,3824,1
rep1,1.2643,3825,1
rep1,1.2645,3826,1
rep1,1.2646,3827,1
rep1,1.2646,3828,1
rep1,1.2648,3829,1
rep1,1.2649,3830,1
rep1,1.2649,3831,1
rep1,1.2649,3832,1
rep1,1.2651,3833,1
rep1,1.2651,3834,1
rep1,1.2652,3835,1
rep1,1.2652,3836,1
rep1,1.2653,3837,1
rep1,1.2654,3838,1
rep1,1.2656,3839,1
rep1,1.2656,3840,1
rep1,1.2657,3841,1
rep1,1.2657,3842,1
rep1,1.2659,3843,1
rep1,1.2659,3844,1
rep1,1.2661,3845,1
rep1,1.2661,3846,1
rep1,1.2661,3847,1
rep1,1.2661,3848,1
rep1,1.2662,3849,1
rep1,1.2662,3850,1
rep1,1.2662,3851,1
rep1,1.2663,3852,1
rep1,1.2664,3853,1
rep1,1.2665,3854,1
rep1,1.2666,3855,1
rep1,1.2667,3856,1
rep1,1.2668,3857,1
rep1,1.267,3858,1
rep1,1.267,3859,1
rep1,1.267,3860,1
rep1,1.2671,3861,1
rep1,1.2671,3862,1
rep1,1.2672,3863,1
rep1,1.2674,3864,1
rep1,1.2674,3865,1
rep1,1.2676,3866,1
rep1,1.268,3867,1
rep1,1.268,3868,1
rep1,1.2681,3869,1
rep1,1.2681,3870,1
rep1,1.2681,3871,1
rep1,1.2682,3872,1
rep1,1.2682,3873,1
rep1,1.2684,3874,1
rep1,1.2685,3875,1
rep1,1.2685,3876,1
rep1,1.2686,3877,1
rep1,1.2689,3878,1
rep1,1.2689,3879,1
rep1,1.269,3880,1
rep1,1.2691,3881,1
rep1,1.2691,3882,1
rep1,1.2692,3883,1
rep1,1.2692,3884,1
rep1,1.2694,3885,1
rep1,1.2695,3886,1
rep1,1.2695,3887,1
rep1,1.2696,3888,1
rep1,1.2696,3889,1
rep1,1.2697,3890,1
rep1,1.2698,3891,1
rep1,1.2698,3892,1
rep1,1.2698,3893,1
rep1,1.2698,3894,1
rep1,1.2698,3895,1
rep1,1.2698,3896,1
rep1,1.27,3897,1
rep1,1.27,3898,1
rep1,1.2705,3899,1
rep1,1.2706,3900,1
rep1,1.2706,3901,1
rep1,1.2708,3902,1
rep1,1.271,3903,1
rep1,1.2711,3904,1
rep1,1.2713,3905,1
rep1,1.2714,3906,1
rep1,1.2714,3907,1
rep1,1.2714,3908,1
rep1,1.2716,3909,1
rep1,1.2716,3910,1
rep1,1.2717,3911,1
rep1,1.2718,3912,1
rep1,1.2718,3913,1
rep1,1.2719,3914,1
rep1,1.272,3915,1
rep1,1.272,3916,1
rep1,1.272,3917,1
rep1,1.272,3918,1
rep1,1.272,3919,1
rep1,1.2721,3920,1
rep1,1.2722,3921,1
rep1,1.2722,3922,1
rep1,1.2726,3923,1
rep1,1.2726,3924,1
rep1,1.2726,3925,1
rep1,1.2726,3926,1
rep1,1.2728,3927,1
rep1,1.2729,3928,1
rep1,1.273,3929,1
rep1,1.2731,3930,1
rep1,1.2732,3931,1
rep1,1.2733,3932,1
rep1,1.2734,3933,1
rep1,1.2734,3934,1
rep1,1.2736,3935,1
rep1,1.2737,3936,1
rep1,1.2737,3937,1
rep1,1.2739,3938,1
rep1,1.274,3939,1
rep1,1.2741,3940,1
rep1,1.2742,3941,1
rep1,1.2743,3942,1
rep1,1.2743,3943,1
rep1,1.2743,3944,1
rep1,1.2745,3945,1
rep1,1.2746,3946,1
rep1,1.2746,3947,1
rep1,1.2746,3948,1
rep1,1.2747,3949,1
rep1,1.2747,3950,1
rep1,1.2747,3951,1
rep1,1.2748,3952,1
rep1,1.275,3953,1
rep1,1.275,3954,1
rep1,1.2752,3955,1
rep1,1.2754,3956,1
rep1,1.2754,3957,1
rep1,1.2754,3958,1
rep1,1.2755,3959,1
rep1,1.2756,3960,1
rep1,1.2759,3961,1
rep1,1.276,3962,1
rep1,1.2761,3963,1
rep1,1.2765,3964,1
rep1,1.2766,3965,1
rep1,1.2769,3966,1
rep1,1.2771,3967,1
rep1,1.2771,3968,1
rep1,1.2771,3969,1
rep1,1.2772,3970,1
rep1,1.2772,3971,1
rep1,1.2774,3972,1
rep1,1.2777,3973,1
rep1,1.2777,3974,1
rep1,1.2779,3975,1
rep1,1.2779,3976,1
rep1,1.2779,3977,1
rep1,1.278,3978,1
rep1,1.2782,3979,1
rep1,1.2782,3980,1
rep1,1.2783,3981,1
rep1,1.2784,3982,1
rep1,1.2785,3983,1
rep1,1.2785,3984,1
rep1,1.2786,3985,1
rep1,1.2786,3986,1
rep1,1.2788,3987,1
rep1,1.2789,3988,1
rep1,1.279,3989,1
rep1,1.2791,3990,1
rep1,1.2794,3991,1
rep1,1.2794,3992,1
rep1,1.2796,3993,1
rep1,1.2799,3994,1
rep1,1.28,3995,1
rep1,1.2801,3996,1
rep1,1.2803,3997,1
rep1,1.2803,3998,1
rep1,1.2803,3999,1
rep1,1.2804,4000,1
rep1,1.2808,4001,1
rep1,1.2809,4002,1
rep1,1.2809,4003,1
rep1,1.281,4004,1
rep1,1.2811,4005,1
rep1,1.2812,4006,1
rep1,1.2813,4007,1
rep1,1.2814,4008,1
rep1,1.2818,4009,1
rep1,1.282,4010,1
rep1,1.2821,4011,1
rep1,1.2823,4012,1
rep1,1.2824,4013,1
rep1,1.2825,4014,1
rep1,1.2826,4015,1
rep1,1.2826,4016,1
rep1,1.2828,4017,1
rep1,1.2829,4018,1
rep1,1.283,4019,1
rep1,1.283,4020,1
rep1,1.283,4021,1
rep1,1.2833,4022,1
rep1,1.2836,4023,1
rep1,1.2837,4024,1
rep1,1.2838,4025,1
rep1,1.2838,4026,1
rep1,1.2839,4027,1
rep1,1.284,4028,1
rep1,1.284,4029,1
rep1,1.2843,4030,1
rep1,1.2843,4031,1
rep1,1.2844,4032,1
rep1,1.2844,4033,1
rep1,1.2845,4034,1
rep1,1.2848,4035,1
rep1,1.2848,4036,1
rep1,1.2851,4037,1
rep1,1.2851,4038,1
rep1,1.2855,4039,1
rep1,1.2856,4040,1
rep1,1.2856,4041,1
rep1,1.2857,4042,1
rep1,1.2858,4043,1
rep1,1.2858,4044,1
rep1,1.2859,4045,1
rep1,1.286,4046,1
rep1,1.286,4047,1
rep1,1.286,4048,1
rep1,1.2862,4049,1
rep1,1.2864,4050,1
rep1,1.2865,4051,1
rep1,1.2866,4052,1
rep1,1.2867,4053,1
rep1,1.2867,4054,1
rep1,1.2868,4055,1
rep1,1.2874,4056,1
rep1,1.2875,4057,1
rep1,1.2876,4058,1
rep1,1.2876,4059,1
rep1,1.2876,4060,1
rep1,1.2878,4061,1
rep1,1.2878,4062,1
rep1,1.2878,4063,1
rep1,1.2879,4064,1
rep1,1.288,4065,1
rep1,1.2882,4066,1
rep1,1.2882,4067,1
rep1,1.2882,4068,1
rep1,1.2883,4069,1
rep1,1.2884,4070,1
rep1,1.2884,4071,1
rep1,1.2886,4072,1
rep1,1.2887,4073,1
rep1,1.289,4074,1
rep1,1.2891,4075,1
rep1,1.2892,4076,1
rep1,1.2893,4077,1
rep1,1.2898,4078,1
rep1,1.2898,4079,1
rep1,1.2899,4080,1
rep1,1.29,4081,1
rep1,1.2902,4082,1
rep1,1.2906,4083,1
rep1,1.2907,4084,1
rep1,1.2913,4085,1
rep1,1.2913,4086,1
rep1,1.2914,4087,1
rep1,1.2915,4088,1
rep1,1.2916,4089,1
rep1,1.2917,4090,1
rep1,1.2917,4091,1
rep1,1.2917,4092,1
rep1,1.2918,4093,1
rep1,1.2918,4094,1
rep1,1.2919,4095,1
rep1,1.2921,4096,1
rep1,1.2922,4097,1
rep1,1.2923,4098,1
rep1,1.2924,4099,1
rep1,1.2925,4100,1
rep1,1.2925,4101,1
rep1,1.2925,4102,1
rep1,1.2926,4103,1
rep1,1.2927,4104,1
rep1,1.2927,4105,1
rep1,1.2927,4106,1
rep1,1.2928,4107,1
rep1,1.2931,4108,1
rep1,1.2932,4109,1
rep1,1.2933,4110,1
rep1,1.2933,4111,1
rep1,1.2934,4112,1
rep1,1.2934,4113,1
rep1,1.2934,4114,1
rep1,1.294,4115,1
rep1,1.2941,4116,1
rep1,1.2945,4117,1
rep1,1.2946,4118,1
rep1,1.2948,4119,1
rep1,1.2951,4120,1
rep1,1.2952,4121,1
rep1,1.2954,4122,1
rep1,1.2954,4123,1
rep1,1.2955,4124,1
rep1,1.2956,4125,1
rep1,1.2957,4126,1
rep1,1.2961,4127,1
rep1,1.2963,4128,1
rep1,1.2968,4129,1
rep1,1.2972,4130,1
rep1,1.2975,4131,1
rep1,1.2977,4132,1
rep1,1.2979,4133,1
rep1,1.2979,4134,1
rep1,1.2981,4135,1
rep1,1.2985,4136,1
rep1,1.2987,4137,1
rep1,1.2988,4138,1
rep1,1.2988,4139,1
rep1,1.299,4140,1
rep1,1.2993,4141,1
rep1,1.2994,4142,1
rep1,1.2995,4143,1
rep1,1.2996,4144,1
rep1,1.2996,4145,1
rep1,1.2998,4146,1
rep1,1.2998,4147,1
rep1,1.3001,4148,1
rep1,1.3006,4149,1
rep1,1.3006,4150,1
rep1,1.3009,4151,1
rep1,1.301,4152,1
rep1,1.3012,4153,1
rep1,1.3014,4154,1
rep1,1.3016,4155,1
rep1,1.3016,4156,1
rep1,1.3016,4157,1
rep1,1.3016,4158,1
rep1,1.302,4159,1
rep1,1.3023,4160,1
rep1,1.3024,4161,1
rep1,1.3026,4162,1
rep1,1.3027,4163,1
rep1,1.3028,4164,1
rep1,1.3029,4165,1
rep1,1.303,4166,1
rep1,1.3034,4167,1
rep1,1.3039,4168,1
rep1,1.304,4169,1
rep1,1.3041,4170,1
rep1,1.3042,4171,1
rep1,1.3042,4172,1
rep1,1.3043,4173,1
rep1,1.3044,4174,1
rep1,1.3045,4175,1
rep1,1.3045,4176,1
rep1,1.3046,4177,1
rep1,1.3047,4178,1
rep1,1.3049,4179,1
rep1,1.305,4180,1
rep1,1.3052,4181,1
rep1,1.3054,4182,1
rep1,1.3056,4183,1
rep1,1.3057,4184,1
rep1,1.3061,4185,1
rep1,1.3061,4186,1
rep1,1.3061,4187,1
rep1,1.3061,4188,1
rep1,1.3063,4189,1
rep1,1.3065,4190,1
rep1,1.3065,4191,1
rep1,1.3067,4192,1
rep1,1.3068,4193,1
rep1,1.307,4194,1
rep1,1.307,4195,1
rep1,1.307,4196,1
rep1,1.3074,4197,1
rep1,1.3074,4198,1
rep1,1.3075,4199,1
rep1,1.3076,4200,1
rep1,1.3077,4201,1
rep1,1.3078,4202,1
rep1,1.3079,4203,1
rep1,1.308,4204,1
rep1,1.308,4205,1
rep1,1.3088,4206,1
rep1,1.3088,4207,1
rep1,1.3088,4208,1
rep1,1.3088,4209,1
rep1,1.3093,4210,1
rep1,1.3094,4211,1
rep1,1.3095,4212,1
rep1,1.3098,4213,1
rep1,1.3101,4214,1
rep1,1.3102,4215,1
rep1,1.3103,4216,1
rep1,1.3104,4217,1
rep1,1.3107,4218,1
rep1,1.3109,4219,1
rep1,1.3111,4220,1
rep1,1.3111,4221,1
rep1,1.3113,4222,1
rep1,1.3116,4223,1
rep1,1.3116,4224,1
rep1,1.3117,4225,1
rep1,1.3117,4226,1
rep1,1.3121,4227,1
rep1,1.3122,4228,1
rep1,1.3124,4229,1
rep1,1.3124,4230,1
rep1,1.3124,4231,1
rep1,1.3125,4232,1
rep1,1.3128,4233,1
rep1,1.3128,4234,1
rep1,1.3128,4235,1
rep1,1.3131,4236,1
rep1,1.3134,4237,1
rep1,1.3137,4238,1
rep1,1.3137,4239,1
rep1,1.3139,4240,1
rep1,1.3139,4241,1
rep1,1.314,4242,1
rep1,1.3141,4243,1
rep1,1.3141,4244,1
rep1,1.3142,4245,1
rep1,1.3142,4246,1
rep1,1.3143,4247,1
rep1,1.3144,4248,1
rep1,1.3145,4249,1
rep1,1.3148,4250,1
rep1,1.315,4251,1
rep1,1.3151,4252,1
rep1,1.3151,4253,1
rep1,1.3152,4254,1
rep1,1.3153,4255,1
rep1,1.3153,4256,1
rep1,1.3154,4257,1
rep1,1.3155,4258,1
rep1,1.3155,4259,1
rep1,1.3158,4260,1
rep1,1.3162,4261,1
rep1,1.3162,4262,1
rep1,1.3166,4263,1
rep1,1.3167,4264,1
rep1,1.3168,4265,1
rep1,1.3168,4266,1
rep1,1.317,4267,1
rep1,1.3175,4268,1
rep1,1.3176,4269,1
rep1,1.3177,4270,1
rep1,1.318,4271,1
rep1,1.3181,4272,1
rep1,1.3181,4273,1
rep1,1.3189,4274,1
rep1,1.3191,4275,1
rep1,1.3196,4276,1
rep1,1.3197,4277,1
rep1,1.3197,4278,1
rep1,1.3198,4279,1
rep1,1.3199,4280,1
rep1,1.3199,4281,1
rep1,1.3199,4282,1
rep1,1.32,4283,1
rep1,1.3201,4284,1
rep1,1.3203,4285,1
rep1,1.3204,4286,1
rep1,1.3205,4287,1
rep1,1.3205,4288,1
rep1,1.3206,4289,1
rep1,1.3207,4290,1
rep1,1.3208,4291,1
rep1,1.3208,4292,1
rep1,1.321,4293,1
rep1,1.321,4294,1
rep1,1.3211,4295,1
rep1,1.3212,4296,1
rep1,1.3213,4297,1
rep1,1.3214,4298,1
rep1,1.3215,4299,1
rep1,1.3217,4300,1
rep1,1.3219,4301,1
rep1,1.3221,4302,1
rep1,1.3221,4303,1
rep1,1.3222,4304,1
rep1,1.3224,4305,1
rep1,1.3224,4306,1
rep1,1.3224,4307,1
rep1,1.3229,4308,1
rep1,1.323,4309,1
rep1,1.3231,4310,1
rep1,1.3235,4311,1
rep1,1.324,4312,1
rep1,1.3243,4313,1
rep1,1.3248,4314,1
rep1,1.325,4315,1
rep1,1.325,4316,1
rep1,1.3252,4317,1
rep1,1.3254,4318,1
rep1,1.3255,4319,1
rep1,1.3256,4320,1
rep1,1.3257,4321,1
rep1,1.3257,4322,1
rep1,1.3257,4323,1
rep1,1.3257,4324,1
rep1,1.3258,4325,1
rep1,1.326,4326,1
rep1,1.326,4327,1
rep1,1.3264,4328,1
rep1,1.3265,4329,1
rep1,1.3268,4330,1
rep1,1.3271,4331,1
rep1,1.3272,4332,1
rep1,1.3274,4333,1
rep1,1.3275,4334,1
rep1,1.3276,4335,1
rep1,1.3278,4336,1
rep1,1.3282,4337,1
rep1,1.3283,4338,1
rep1,1.3284,4339,1
rep1,1.3289,4340,1
rep1,1.3289,4341,1
rep1,1.3289,4342,1
rep1,1.3289,4343,1
rep1,1.3291,4344,1
rep1,1.3291,4345,1
rep1,1.3293,4346,1
rep1,1.3295,4347,1
rep1,1.3296,4348,1
rep1,1.3297,4349,1
rep1,1.3297,4350,1
rep1,1.3297,4351,1
rep1,1.3304,4352,1
rep1,1.3305,4353,1
rep1,1.3307,4354,1
rep1,1.3307,4355,1
rep1,1.3311,4356,1
rep1,1.3312,4357,1
rep1,1.3313,4358,1
rep1,1.3314,4359,1
rep1,1.3316,4360,1
rep1,1.3317,4361,1
rep1,1.3317,4362,1
rep1,1.3317,4363,1
rep1,1.3321,4364,1
rep1,1.3321,4365,1
rep1,1.3326,4366,1
rep1,1.3328,4367,1
rep1,1.3332,4368,1
rep1,1.3334,4369,1
rep1,1.3337,4370,1
rep1,1.3339,4371,1
rep1,1.334,4372,1
rep1,1.3341,4373,1
rep1,1.3343,4374,1
rep1,1.3344,4375,1
rep1,1.3345,4376,1
rep1,1.3346,4377,1
rep1,1.3346,4378,1
rep1,1.3347,4379,1
rep1,1.3349,4380,1
rep1,1.3349,4381,1
rep1,1.3349,4382,1
rep1,1.335,4383,1
rep1,1.3353,4384,1
rep1,1.3357,4385,1
rep1,1.3357,4386,1
rep1,1.3359,4387,1
rep1,1.3359,4388,1
rep1,1.3363,4389,1
rep1,1.3366,4390,1
rep1,1.3368,4391,1
rep1,1.337,4392,1
rep1,1.3373,4393,1
rep1,1.3374,4394,1
rep1,1.3375,4395,1
rep1,1.3377,4396,1
rep1,1.3379,4397,1
rep1,1.3379,4398,1
rep1,1.3384,4399,1
rep1,1.3385,4400,1
rep1,1.3387,4401,1
rep1,1.3388,4402,1
rep1,1.3393,4403,1
rep1,1.3396,4404,1
rep1,1.3397,4405,1
rep1,1.3399,4406,1
rep1,1.3401,4407,1
rep1,1.3402,4408,1
rep1,1.3405,4409,1
rep1,1.3406,4410,1
rep1,1.3409,4411,1
rep1,1.341,4412,1
rep1,1.3414,4413,1
rep1,1.3414,4414,1
rep1,1.3416,4415,1
rep1,1.342,4416,1
rep1,1.342,4417,1
rep1,1.3421,4418,1
rep1,1.3422,4419,1
rep1,1.3423,4420,1
rep1,1.3423,4421,1
rep1,1.3425,4422,1
rep1,1.3427,4423,1
rep1,1.3427,4424,1
rep1,1.343,4425,1
rep1,1.3432,4426,1
rep1,1.3433,4427,1
rep1,1.3433,4428,1
rep1,1.3435,4429,1
rep1,1.3438,4430,1
rep1,1.344,4431,1
rep1,1.3441,4432,1
rep1,1.3445,4433,1
rep1,1.3446,4434,1
rep1,1.3447,4435,1
rep1,1.3451,4436,1
rep1,1.3451,4437,1
rep1,1.3454,4438,1
rep1,1.3454,4439,1
rep1,1.3454,4440,1
rep1,1.3454,4441,1
rep1,1.3457,4442,1
rep1,1.3458,4443,1
rep1,1.3459,4444,1
rep1,1.3461,4445,1
rep1,1.3464,4446,1
rep1,1.3466,4447,1
rep1,1.3467,4448,1
rep1,1.3468,4449,1
rep1,1.3474,4450,1
rep1,1.3475,4451,1
rep1,1.3479,4452,1
rep1,1.3482,4453,1
rep1,1.3483,4454,1
rep1,1.3486,4455,1
rep1,1.3487,4456,1
rep1,1.349,4457,1
rep1,1.3491,4458,1
rep1,1.3493,4459,1
rep1,1.3496,4460,1
rep1,1.3496,4461,1
rep1,1.3497,4462,1
rep1,1.3499,4463,1
rep1,1.35,4464,1
rep1,1.3503,4465,1
rep1,1.3503,4466,1
rep1,1.3514,4467,1
rep1,1.3515,4468,1
rep1,1.352,4469,1
rep1,1.3522,4470,1
rep1,1.3525,4471,1
rep1,1.3528,4472,1
rep1,1.3529,4473,1
rep1,1.353,4474,1
rep1,1.353,4475,1
rep1,1.3531,4476,1
rep1,1.3532,4477,1
rep1,1.3533,4478,1
rep1,1.3533,4479,1
rep1,1.3536,4480,1
rep1,1.3537,4481,1
rep1,1.3538,4482,1
rep1,1.354,4483,1
rep1,1.3542,4484,1
rep1,1.3545,4485,1
rep1,1.3545,4486,1
rep1,1.3546,4487,1
rep1,1.3549,4488,1
rep1,1.355,4489,1
rep1,1.3552,4490,1
rep1,1.3558,4491,1
rep1,1.3558,4492,1
rep1,1.3561,4493,1
rep1,1.3562,4494,1
rep1,1.3567,4495,1
rep1,1.3573,4496,1
rep1,1.3578,4497,1
rep1,1.3579,4498,1
rep1,1.3582,4499,1
rep1,1.3586,4500,1
rep1,1.3589,4501,1
rep1,1.3589,4502,1
rep1,1.3592,4503,1
rep1,1.3593,4504,1
rep1,1.3593,4505,1
rep1,1.3593,4506,1
rep1,1.3594,4507,1
rep1,1.3596,4508,1
rep1,1.3598,4509,1
rep1,1.3598,4510,1
rep1,1.3604,4511,1
rep1,1.3606,4512,1
rep1,1.3607,4513,1
rep1,1.3608,4514,1
rep1,1.3612,4515,1
rep1,1.3613,4516,1
rep1,1.3616,4517,1
rep1,1.3616,4518,1
rep1,1.3617,4519,1
rep1,1.3621,4520,1
rep1,1.3623,4521,1
rep1,1.3625,4522,1
rep1,1.3626,4523,1
rep1,1.3626,4524,1
rep1,1.3628,4525,1
rep1,1.3629,4526,1
rep1,1.363,4527,1
rep1,1.3633,4528,1
rep1,1.3635,4529,1
rep1,1.3636,4530,1
rep1,1.3637,4531,1
rep1,1.3637,4532,1
rep1,1.3638,4533,1
rep1,1.3639,4534,1
rep1,1.3639,4535,1
rep1,1.3641,4536,1
rep1,1.3642,4537,1
rep1,1.3644,4538,1
rep1,1.3644,4539,1
rep1,1.3647,4540,1
rep1,1.3648,4541,1
rep1,1.3651,4542,1
rep1,1.3653,4543,1
rep1,1.3654,4544,1
rep1,1.3657,4545,1
rep1,1.366,4546,1
rep1,1.3663,4547,1
rep1,1.3664,4548,1
rep1,1.3666,4549,1
rep1,1.3667,4550,1
rep1,1.367,4551,1
rep1,1.3673,4552,1
rep1,1.3678,4553,1
rep1,1.3681,4554,1
rep1,1.3682,4555,1
rep1,1.3684,4556,1
rep1,1.3686,4557,1
rep1,1.3688,4558,1
rep1,1.3692,4559,1
rep1,1.3693,4560,1
rep1,1.3694,4561,1
rep1,1.3695,4562,1
rep1,1.3695,4563,1
rep1,1.3696,4564,1
rep1,1.3697,4565,1
rep1,1.3708,4566,1
rep1,1.3711,4567,1
rep1,1.3714,4568,1
rep1,1.3718,4569,1
rep1,1.372,4570,1
rep1,1.372,4571,1
rep1,1.3721,4572,1
rep1,1.373,4573,1
rep1,1.3731,4574,1
rep1,1.3736,4575,1
rep1,1.3738,4576,1
rep1,1.3742,4577,1
rep1,1.3743,4578,1
rep1,1.3743,4579,1
rep1,1.3744,4580,1
rep1,1.3745,4581,1
rep1,1.3747,4582,1
rep1,1.3749,4583,1
rep1,1.3751,4584,1
rep1,1.3751,4585,1
rep1,1.3754,4586,1
rep1,1.3759,4587,1
rep1,1.3759,4588,1
rep1,1.3763,4589,1
rep1,1.3764,4590,1
rep1,1.3766,4591,1
rep1,1.3768,4592,1
rep1,1.3769,4593,1
rep1,1.3774,4594,1
rep1,1.3775,4595,1
rep1,1.3778,4596,1
rep1,1.3779,4597,1
rep1,1.3781,4598,1
rep1,1.3787,4599,1
rep1,1.3788,4600,1
rep1,1.379,4601,1
rep1,1.3793,4602,1
rep1,1.3797,4603,1
rep1,1.3797,4604,1
rep1,1.3797,4605,1
rep1,1.3798,4606,1
rep1,1.38,4607,1
rep1,1.38,4608,1
rep1,1.3801,4609,1
rep1,1.3803,4610,1
rep1,1.3804,4611,1
rep1,1.3805,4612,1
rep1,1.3807,4613,1
rep1,1.3807,4614,1
rep1,1.3811,4615,1
rep1,1.3811,4616,1
rep1,1.3811,4617,1
rep1,1.382,4618,1
rep1,1.3824,4619,1
rep1,1.3825,4620,1
rep1,1.3826,4621,1
rep1,1.3826,4622,1
rep1,1.3827,4623,1
rep1,1.3828,4624,1
rep1,1.3834,4625,1
rep1,1.3837,4626,1
rep1,1.384,4627,1
rep1,1.384,4628,1
rep1,1.3843,4629,1
rep1,1.3843,4630,1
rep1,1.3847,4631,1
rep1,1.385,4632,1
rep1,1.3851,4633,1
rep1,1.386,4634,1
rep1,1.386,4635,1
rep1,1.3862,4636,1
rep1,1.3864,4637,1
rep1,1.3866,4638,1
rep1,1.3867,4639,1
rep1,1.3867,4640,1
rep1,1.3868,4641,1
rep1,1.3869,4642,1
rep1,1.3871,4643,1
rep1,1.3873,4644,1
rep1,1.3873,4645,1
rep1,1.3876,4646,1
rep1,1.388,4647,1
rep1,1.3882,4648,1
rep1,1.3883,4649,1
rep1,1.3885,4650,1
rep1,1.3886,4651,1
rep1,1.3887,4652,1
rep1,1.3889,4653,1
rep1,1.3889,4654,1
rep1,1.3893,4655,1
rep1,1.39,4656,1
rep1,1.39,4657,1
rep1,1.3902,4658,1
rep1,1.3902,4659,1
rep1,1.3902,4660,1
rep1,1.3906,4661,1
rep1,1.3913,4662,1
rep1,1.392,4663,1
rep1,1.3922,4664,1
rep1,1.3926,4665,1
rep1,1.3927,4666,1
rep1,1.3929,4667,1
rep1,1.393,4668,1
rep1,1.3934,4669,1
rep1,1.3935,4670,1
rep1,1.3936,4671,1
rep1,1.3939,4672,1
rep1,1.3944,4673,1
rep1,1.3946,4674,1
rep1,1.3948,4675,1
rep1,1.3951,4676,1
rep1,1.3951,4677,1
rep1,1.3951,4678,1
rep1,1.3953,4679,1
rep1,1.3954,4680,1
rep1,1.3962,4681,1
rep1,1.3963,4682,1
rep1,1.397,4683,1
rep1,1.3976,4684,1
rep1,1.3976,4685,1
rep1,1.3979,4686,1
rep1,1.398,4687,1
rep1,1.3983,4688,1
rep1,1.3985,4689,1
rep1,1.3992,4690,1
rep1,1.3995,4691,1
rep1,1.4003,4692,1
rep1,1.4004,4693,1
rep1,1.4006,4694,1
rep1,1.4006,4695,1
rep1,1.4025,4696,1
rep1,1.4026,4697,1
rep1,1.4027,4698,1
rep1,1.4029,4699,1
rep1,1.4033,4700,1
rep1,1.4033,4701,1
rep1,1.4036,4702,1
rep1,1.4038,4703,1
rep1,1.4047,4704,1
rep1,1.4055,4705,1
rep1,1.4057,4706,1
rep1,1.4066,4707,1
rep1,1.4067,4708,1
rep1,1.4068,4709,1
rep1,1.4075,4710,1
rep1,1.4077,4711,1
rep1,1.4079,4712,1
rep1,1.4082,4713,1
rep1,1.4082,4714,1
rep1,1.4088,4715,1
rep1,1.4094,4716,1
rep1,1.4095,4717,1
rep1,1.4099,4718,1
rep1,1.4101,4719,1
rep1,1.4104,4720,1
rep1,1.4108,4721,1
rep1,1.4111,4722,1
rep1,1.4113,4723,1
rep1,1.4114,4724,1
rep1,1.4117,4725,1
rep1,1.4122,4726,1
rep1,1.4133,4727,1
rep1,1.4135,4728,1
rep1,1.414,4729,1
rep1,1.4147,4730,1
rep1,1.4156,4731,1
rep1,1.4159,4732,1
rep1,1.4177,4733,1
rep1,1.4177,4734,1
rep1,1.4185,4735,1
rep1,1.4187,4736,1
rep1,1.4194,4737,1
rep1,1.42,4738,1
rep1,1.4206,4739,1
rep1,1.4208,4740,1
rep1,1.421,4741,1
rep1,1.4213,4742,1
rep1,1.4215,4743,1
rep1,1.422,4744,1
rep1,1.422,4745,1
rep1,1.4223,4746,1
rep1,1.4225,4747,1
rep1,1.4226,4748,1
rep1,1.4228,4749,1
rep1,1.4228,4750,1
rep1,1.4229,4751,1
rep1,1.4233,4752,1
rep1,1.4233,4753,1
rep1,1.4235,4754,1
rep1,1.4237,4755,1
rep1,1.4238,4756,1
rep1,1.4247,4757,1
rep1,1.425,4758,1
rep1,1.425,4759,1
rep1,1.4252,4760,1
rep1,1.4253,4761,1
rep1,1.4264,4762,1
rep1,1.4267,4763,1
rep1,1.4267,4764,1
rep1,1.4267,4765,1
rep1,1.4269,4766,1
rep1,1.4269,4767,1
rep1,1.4284,4768,1
rep1,1.4285,4769,1
rep1,1.4287,4770,1
rep1,1.4295,4771,1
rep1,1.4296,4772,1
rep1,1.43,4773,1
rep1,1.4301,4774,1
rep1,1.4302,4775,1
rep1,1.4304,4776,1
rep1,1.431,4777,1
rep1,1.431,4778,1
rep1,1.4318,4779,1
rep1,1.4319,4780,1
rep1,1.432,4781,1
rep1,1.4323,4782,1
rep1,1.4323,4783,1
rep1,1.4329,4784,1
rep1,1.4333,4785,1
rep1,1.4334,4786,1
rep1,1.4344,4787,1
rep1,1.4345,4788,1
rep1,1.4347,4789,1
rep1,1.4348,4790,1
rep1,1.435,4791,1
rep1,1.4356,4792,1
rep1,1.4357,4793,1
rep1,1.4362,4794,1
rep1,1.4363,4795,1
rep1,1.4369,4796,1
rep1,1.4371,4797,1
rep1,1.4374,4798,1
rep1,1.4391,4799,1
rep1,1.44,4800,1
rep1,1.4402,4801,1
rep1,1.4402,4802,1
rep1,1.4406,4803,1
rep1,1.441,4804,1
rep1,1.4416,4805,1
rep1,1.4419,4806,1
rep1,1.443,4807,1
rep1,1.4431,4808,1
rep1,1.4434,4809,1
rep1,1.4437,4810,1
rep1,1.4453,4811,1
rep1,1.4455,4812,1
rep1,1.4461,4813,1
rep1,1.4477,4814,1
rep1,1.448,4815,1
rep1,1.4481,4816,1
rep1,1.4482,4817,1
rep1,1.45,4818,1
rep1,1.4515,4819,1
rep1,1.4524,4820,1
rep1,1.4531,4821,1
rep1,1.4534,4822,1
rep1,1.4536,4823,1
rep1,1.4551,4824,1
rep1,1.4575,4825,1
rep1,1.458,4826,1
rep1,1.4586,4827,1
rep1,1.4591,4828,1
rep1,1.4593,4829,1
rep1,1.4597,4830,1
rep1,1.46,4831,1
rep1,1.4601,4832,1
rep1,1.4603,4833,1
rep1,1.4605,4834,1
rep1,1.4614,4835,1
rep1,1.4618,4836,1
rep1,1.4629,4837,1
rep1,1.4635,4838,1
rep1,1.4644,4839,1
rep1,1.4646,4840,1
rep1,1.4648,4841,1
rep1,1.4649,4842,1
rep1,1.4657,4843,1
rep1,1.4667,4844,1
rep1,1.467,4845,1
rep1,1.468,4846,1
rep1,1.4682,4847,1
rep1,1.4686,4848,1
rep1,1.4689,4849,1
rep1,1.4696,4850,1
rep1,1.4702,4851,1
rep1,1.4714,4852,1
rep1,1.4715,4853,1
rep1,1.4725,4854,1
rep1,1.4725,4855,1
rep1,1.4728,4856,1
rep1,1.4738,4857,1
rep1,1.4742,4858,1
rep1,1.475,4859,1
rep1,1.4753,4860,1
rep1,1.4755,4861,1
rep1,1.4765,4862,1
rep1,1.4768,4863,1
rep1,1.4769,4864,1
rep1,1.4772,4865,1
rep1,1.4783,4866,1
rep1,1.4793,4867,1
rep1,1.4794,4868,1
rep1,1.4812,4869,1
rep1,1.4813,4870,1
rep1,1.4821,4871,1
rep1,1.483,4872,1
rep1,1.4834,4873,1
rep1,1.484,4874,1
rep1,1.4841,4875,1
rep1,1.4844,4876,1
rep1,1.4852,4877,1
rep1,1.4879,4878,1
rep1,1.4882,4879,1
rep1,1.4886,4880,1
rep1,1.4897,4881,1
rep1,1.4907,4882,1
rep1,1.492,4883,1
rep1,1.4936,4884,1
rep1,1.4942,4885,1
rep1,1.4947,4886,1
rep1,1.4957,4887,1
rep1,1.4961,4888,1
rep1,1.4966,4889,1
rep1,1.4967,4890,1
rep1,1.4973,4891,1
rep1,1.4983,4892,1
rep1,1.4986,4893,1
rep1,1.4989,4894,1
rep1,1.5002,4895,1
rep1,1.5005,4896,1
rep1,1.5009,4897,1
rep1,1.5011,4898,1
rep1,1.5016,4899,1
rep1,1.5023,4900,1
rep1,1.5059,4901,1
rep1,1.5071,4902,1
rep1,1.5073,4903,1
rep1,1.5074,4904,1
rep1,1.5075,4905,1
rep1,1.5079,4906,1
rep1,1.5088,4907,1
rep1,1.5131,4908,1
rep1,1.5133,4909,1
rep1,1.5156,4910,1
rep1,1.5156,4911,1
rep1,1.5169,4912,1
rep1,1.517,4913,1
rep1,1.5201,4914,1
rep1,1.5221,4915,1
rep1,1.5224,4916,1
rep1,1.5225,4917,1
rep1,1.5229,4918,1
rep1,1.5236,4919,1
rep1,1.5237,4920,1
rep1,1.5239,4921,1
rep1,1.5245,4922,1
rep1,1.5247,4923,1
rep1,1.5273,4924,1
rep1,1.5286,4925,1
rep1,1.5293,4926,1
rep1,1.5296,4927,1
rep1,1.5303,4928,1
rep1,1.5341,4929,1
rep1,1.5346,4930,1
rep1,1.5355,4931,1
rep1,1.537,4932,1
rep1,1.5386,4933,1
rep1,1.5407,4934,1
rep1,1.5424,4935,1
rep1,1.5439,4936,1
rep1,1.544,4937,1
rep1,1.5471,4938,1
rep1,1.5493,4939,1
rep1,1.5514,4940,1
rep1,1.5555,4941,1
rep1,1.5563,4942,1
rep1,1.5595,4943,1
rep1,1.5599,4944,1
rep1,1.5617,4945,1
rep1,1.5621,4946,1
rep1,1.5645,4947,1
rep1,1.5645,4948,1
rep1,1.5657,4949,1
rep1,1.5664,4950,1
rep1,1.5699,4951,1
rep1,1.5703,4952,1
rep1,1.571,4953,1
rep1,1.572,4954,1
rep1,1.5721,4955,1
rep1,1.5729,4956,1
rep1,1.5732,4957,1
rep1,1.5747,4958,1
rep1,1.578,4959,1
rep1,1.5807,4960,1
rep1,1.5827,4961,1
rep1,1.5847,4962,1
rep1,1.5871,4963,1
rep1,1.5883,4964,1
rep1,1.5899,4965,1
rep1,1.5912,4966,1
rep1,1.5927,4967,1
rep1,1.5934,4968,1
rep1,1.5937,4969,1
rep1,1.5962,4970,1
rep1,1.6004,4971,1
rep1,1.6017,4972,1
rep1,1.6044,4973,1
rep1,1.6054,4974,1
rep1,1.6059,4975,1
rep1,1.6105,4976,1
rep1,1.6156,4977,1
rep1,1.6199,4978,1
rep1,1.625,4979,1
rep1,1.6384,4980,1
rep1,1.6395,4981,1
rep1,1.6399,4982,1
rep1,1.6405,4983,1
rep1,1.6427,4984,1
rep1,1.6448,4985,1
rep1,1.6518,4986,1
rep1,1.6626,4987,1
rep1,1.6664,4988,1
rep1,1.6737,4989,1
rep1,1.6773,4990,1
rep1,1.6786,4991,1
rep1,1.6845,4992,1
rep1,1.6899,4993,1
rep1,1.6941,4994,1
rep1,1.6951,4995,1
rep1,1.7049,4996,1
rep1,1.7289,4997,1
rep1,1.755,4998,1
rep1,1.7619,4999,1
rep1,1.7705,5000,1
rep1,1.7713,5001,1
rep1,1.8006,5002,1
rep1,1.8231,5003,1
rep1,1.8271,5004,1
rep1,1.8688,5005,1
rep1,1.8866,5006,1
rep1,1.9405,5007,1
rep1,2.0256,5008,1
rep1,2.0257,5009,1
rep1,2.0259,5010,1
rep1,2.026,5011,1
rep1,2.026,5012,1
rep1,2.0262,5013,1
rep1,2.0266,5014,1
rep1,2.0267,5015,1
rep1,2.0269,5016,1
rep1,2.0269,5017,1
rep1,2.027,5018,1
rep1,2.027,5019,1
rep1,2.0271,5020,1
rep1,2.0271,5021,1
rep1,2.0275,5022,1
rep1,2.0276,5023,1
rep1,2.0278,5024,1
rep1,2.0281,5025,1
rep1,2.0282,5026,1
rep1,2.0282,5027,1
rep1,2.0284,5028,1
rep1,2.029,5029,1
rep1,2.029,5030,1
rep1,2.029,5031,1
rep1,2.0292,5032,1
rep1,2.0293,5033,1
rep1,2.0293,5034,1
rep1,2.0294,5035,1
rep1,2.0297,5036,1
rep1,2.0299,5037,1
rep1,2.0299,5038,1
rep1,2.03,5039,1
rep1,2.0303,5040,1
rep1,2.0307,5041,1
rep1,2.0308,5042,1
rep1,2.031,5043,1
rep1,2.031,5044,1
rep1,2.0312,5045,1
rep1,2.0312,5046,1
rep1,2.0313,5047,1
rep1,2.0314,5048,1
rep1,2.0317,5049,1
rep1,2.0318,5050,1
rep1,2.032,5051,1
rep1,2.0322,5052,1
rep1,2.0324,5053,1
rep1,2.0328,5054,1
rep1,2.0329,5055,1
rep1,2.033,5056,1
rep1,2.0331,5057,1
rep1,2.0331,5058,1
rep1,2.0333,5059,1
rep1,2.0333,5060,1
rep1,2.0334,5061,1
rep1,2.0335,5062,1
rep1,2.0336,5063,1
rep1,2.0337,5064,1
rep1,2.0339,5065,1
rep1,2.0345,5066,1
rep1,2.0352,5067,1
rep1,2.0362,5068,1
rep1,2.0364,5069,1
rep1,2.0375,5070,1
rep1,2.0379,5071,1
rep1,2.0383,5072,1
rep1,2.0384,5073,1
rep1,2.0392,5074,1
rep1,2.0401,5075,1
rep1,2.0407,5076,1
rep1,2.0407,5077,1
rep1,2.0409,5078,1
rep1,2.0428,5079,1
rep1,2.0466,5080,1
rep1,2.0498,5081,1
rep1,2.0514,5082,1
rep1,2.0518,5083,1
rep1,2.0523,5084,1
rep1,2.0544,5085,1
rep1,2.0563,5086,1
rep1,2.0579,5087,1
rep1,2.0592,5088,1
rep1,2.0592,5089,1
rep1,2.0592,5090,1
rep1,2.0593,5091,1
rep1,2.0593,5092,1
rep1,2.0593,5093,1
rep1,2.0593,5094,1
rep1,2.0594,5095,1
rep1,2.0594,5096,1
rep1,2.0594,5097,1
rep1,2.0594,5098,1
rep1,2.0596,5099,1
rep1,2.0596,5100,1
rep1,2.0596,5101,1
rep1,2.0597,5102,1
rep1,2.0597,5103,1
rep1,2.0597,5104,1
rep1,2.0598,5105,1
rep1,2.0598,5106,1
rep1,2.0599,5107,1
rep1,2.0599,5108,1
rep1,2.0599,5109,1
rep1,2.06,5110,1
rep1,2.06,5111,1
rep1,2.06,5112,1
rep1,2.0601,5113,1
rep1,2.0603,5114,1
rep1,2.0603,5115,1
rep1,2.0603,5116,1
rep1,2.0603,5117,1
rep1,2.0603,5118,1
rep1,2.0604,5119,1
rep1,2.0604,5120,1
rep1,2.0605,5121,1
rep1,2.0605,5122,1
rep1,2.0605,5123,1
rep1,2.0606,5124,1
rep1,2.0606,5125,1
rep1,2.0607,5126,1
rep1,2.0607,5127,1
rep1,2.0607,5128,1
rep1,2.0608,5129,1
rep1,2.0608,5130,1
rep1,2.0608,5131,1
rep1,2.0609,5132,1
rep1,2.0609,5133,1
rep1,2.061,5134,1
rep1,2.0611,5135,1
rep1,2.0612,5136,1
rep1,2.0612,5137,1
rep1,2.0612,5138,1
rep1,2.0613,5139,1
rep1,2.0613,5140,1
rep1,2.0615,5141,1
rep1,2.0616,5142,1
rep1,2.0616,5143,1
rep1,2.0617,5144,1
rep1,2.0618,5145,1
rep1,2.0618,5146,1
rep1,2.0618,5147,1
rep1,2.0618,5148,1
rep1,2.0619,5149,1
rep1,2.0619,5150,1
rep1,2.062,5151,1
rep1,2.0621,5152,1
rep1,2.0621,5153,1
rep1,2.0622,5154,1
rep1,2.0623,5155,1
rep1,2.0623,5156,1
rep1,2.0624,5157,1
rep1,2.0625,5158,1
rep1,2.0625,5159,1
rep1,2.0626,5160,1
rep1,2.0626,5161,1
rep1,2.0626,5162,1
rep1,2.0627,5163,1
rep1,2.0627,5164,1
rep1,2.0627,5165,1
rep1,2.0628,5166,1
rep1,2.0628,5167,1
rep1,2.0629,5168,1
rep1,2.0629,5169,1
rep1,2.0629,5170,1
rep1,2.063,5171,1
rep1,2.063,5172,1
rep1,2.0631,5173,1
rep1,2.0631,5174,1
rep1,2.0634,5175,1
rep1,2.0634,5176,1
rep1,2.0635,5177,1
rep1,2.0635,5178,1
rep1,2.0636,5179,1
rep1,2.0636,5180,1
rep1,2.0638,5181,1
rep1,2.0638,5182,1
rep1,2.0638,5183,1
rep1,2.0639,5184,1
rep1,2.0639,5185,1
rep1,2.064,5186,1
rep1,2.0641,5187,1
rep1,2.0641,5188,1
rep1,2.0642,5189,1
rep1,2.0642,5190,1
rep1,2.0643,5191,1
rep1,2.0645,5192,1
rep1,2.0645,5193,1
rep1,2.0645,5194,1
rep1,2.0647,5195,1
rep1,2.0647,5196,1
rep1,2.0647,5197,1
rep1,2.0648,5198,1
rep1,2.0648,5199,1
rep1,2.0649,5200,1
rep1,2.0649,5201,1
rep1,2.0649,5202,1
rep1,2.0651,5203,1
rep1,2.0652,5204,1
rep1,2.0652,5205,1
rep1,2.0652,5206,1
rep1,2.0652,5207,1
rep1,2.0652,5208,1
rep1,2.0653,5209,1
rep1,2.0653,5210,1
rep1,2.0654,5211,1
rep1,2.0654,5212,1
rep1,2.0655,5213,1
rep1,2.0656,5214,1
rep1,2.0656,5215,1
rep1,2.0657,5216,1
rep1,2.0657,5217,1
rep1,2.0658,5218,1
rep1,2.0661,5219,1
rep1,2.0661,5220,1
rep1,2.0661,5221,1
rep1,2.0661,5222,1
rep1,2.0661,5223,1
rep1,2.0662,5224,1
rep1,2.0662,5225,1
rep1,2.0664,5226,1
rep1,2.0664,5227,1
rep1,2.0665,5228,1
rep1,2.0665,5229,1
rep1,2.0666,5230,1
rep1,2.0666,5231,1
rep1,2.0668,5232,1
rep1,2.0669,5233,1
rep1,2.067,5234,1
rep1,2.067,5235,1
rep1,2.067,5236,1
rep1,2.0671,5237,1
rep1,2.0672,5238,1
rep1,2.0674,5239,1
rep1,2.0674,5240,1
rep1,2.0675,5241,1
rep1,2.0675,5242,1
rep1,2.0677,5243,1
rep1,2.0678,5244,1
rep1,2.068,5245,1
rep1,2.068,5246,1
rep1,2.0681,5247,1
rep1,2.0685,5248,1
rep1,2.0686,5249,1
rep1,2.0686,5250,1
rep1,2.0686,5251,1
rep1,2.069,5252,1
rep1,2.069,5253,1
rep1,2.0691,5254,1
rep1,2.0692,5255,1
rep1,2.0693,5256,1
rep1,2.0693,5257,1
rep1,2.0695,5258,1
rep1,2.0695,5259,1
rep1,2.0695,5260,1
rep1,2.0696,5261,1
rep1,2.0696,5262,1
rep1,2.0699,5263,1
rep1,2.07,5264,1
rep1,2.07,5265,1
rep1,2.07,5266,1
rep1,2.0701,5267,1
rep1,2.0701,5268,1
rep1,2.0703,5269,1
rep1,2.0704,5270,1
rep1,2.0705,5271,1
rep1,2.0705,5272,1
rep1,2.0706,5273,1
rep1,2.0707,5274,1
rep1,2.0707,5275,1
rep1,2.071,5276,1
rep1,2.071,5277,1
rep1,2.0715,5278,1
rep1,2.0715,5279,1
rep1,2.0716,5280,1
rep1,2.0721,5281,1
rep1,2.0723,5282,1
rep1,2.0723,5283,1
rep1,2.0723,5284,1
rep1,2.0724,5285,1
rep1,2.0728,5286,1
rep1,2.073,5287,1
rep1,2.073,5288,1
rep1,2.0731,5289,1
rep1,2.0734,5290,1
rep1,2.0735,5291,1
rep1,2.0736,5292,1
rep1,2.0741,5293,1
rep1,2.0745,5294,1
rep1,2.0749,5295,1
rep1,2.0756,5296,1
rep1,2.0757,5297,1
rep1,2.0758,5298,1
rep1,2.0761,5299,1
rep1,2.0762,5300,1
rep1,2.0765,5301,1
rep1,2.0768,5302,1
rep1,2.0773,5303,1
rep1,2.0774,5304,1
rep1,2.0774,5305,1
rep1,2.0779,5306,1
rep1,2.0782,5307,1
rep1,2.0783,5308,1
rep1,2.0783,5309,1
rep1,2.0785,5310,1
rep1,2.0792,5311,1
rep1,2.0806,5312,1
rep1,2.0807,5313,1
rep1,2.0815,5314,1
rep1,2.0816,5315,1
rep1,2.0822,5316,1
rep1,2.0823,5317,1
rep1,2.0826,5318,1
rep1,2.0827,5319,1
rep1,2.083,5320,1
rep1,2.0835,5321,1
rep1,2.0838,5322,1
rep1,2.0843,5323,1
rep1,2.0844,5324,1
rep1,2.0847,5325,1
rep1,2.0863,5326,1
rep1,2.0865,5327,1
rep1,2.0869,5328,1
rep1,2.0871,5329,1
rep1,2.0873,5330,1
rep1,2.0878,5331,1
rep1,2.0881,5332,1
rep1,2.0889,5333,1
rep1,2.0894,5334,1
rep1,2.0896,5335,1
rep1,2.0905,5336,1
rep1,2.0912,5337,1
rep1,2.0928,5338,1
rep1,2.0931,5339,1
rep1,2.0931,5340,1
rep1,2.0931,5341,1
rep1,2.0932,5342,1
rep1,2.0932,5343,1
rep1,2.0933,5344,1
rep1,2.0933,5345,1
rep1,2.0933,5346,1
rep1,2.0933,5347,1
rep1,2.0933,5348,1
rep1,2.0934,5349,1
rep1,2.0934,5350,1
rep1,2.0935,5351,1
rep1,2.0936,5352,1
rep1,2.0936,5353,1
rep1,2.0937,5354,1
rep1,2.0937,5355,1
rep1,2.0937,5356,1
rep1,2.0937,5357,1
rep1,2.0938,5358,1
rep1,2.0939,5359,1
rep1,2.094,5360,1
rep1,2.0941,5361,1
rep1,2.0941,5362,1
rep1,2.0942,5363,1
rep1,2.0943,5364,1
rep1,2.0943,5365,1
rep1,2.0944,5366,1
rep1,2.0944,5367,1
rep1,2.0946,5368,1
rep1,2.0946,5369,1
rep1,2.0946,5370,1
rep1,2.0947,5371,1
rep1,2.0948,5372,1
rep1,2.0948,5373,1
rep1,2.0948,5374,1
rep1,2.0948,5375,1
rep1,2.0949,5376,1
rep1,2.0949,5377,1
rep1,2.0951,5378,1
rep1,2.0952,5379,1
rep1,2.0953,5380,1
rep1,2.0953,5381,1
rep1,2.0953,5382,1
rep1,2.0956,5383,1
rep1,2.0956,5384,1
rep1,2.0958,5385,1
rep1,2.0959,5386,1
rep1,2.0959,5387,1
rep1,2.0959,5388,1
rep1,2.0961,5389,1
rep1,2.0961,5390,1
rep1,2.0962,5391,1
rep1,2.0962,5392,1
rep1,2.0965,5393,1
rep1,2.0965,5394,1
rep1,2.0965,5395,1
rep1,2.0965,5396,1
rep1,2.0966,5397,1
rep1,2.0966,5398,1
rep1,2.0966,5399,1
rep1,2.0968,5400,1
rep1,2.0968,5401,1
rep1,2.0968,5402,1
rep1,2.0969,5403,1
rep1,2.0969,5404,1
rep1,2.097,5405,1
rep1,2.0971,5406,1
rep1,2.0971,5407,1
rep1,2.0971,5408,1
rep1,2.0972,5409,1
rep1,2.0972,5410,1
rep1,2.0972,5411,1
rep1,2.0973,5412,1
rep1,2.0973,5413,1
rep1,2.0974,5414,1
rep1,2.0974,5415,1
rep1,2.0975,5416,1
rep1,2.0976,5417,1
rep1,2.0976,5418,1
rep1,2.0976,5419,1
rep1,2.0977,5420,1
rep1,2.0977,5421,1
rep1,2.0978,5422,1
rep1,2.0979,5423,1
rep1,2.0979,5424,1
rep1,2.0979,5425,1
rep1,2.098,5426,1
rep1,2.0981,5427,1
rep1,2.0981,5428,1
rep1,2.0981,5429,1
rep1,2.0982,5430,1
rep1,2.0984,5431,1
rep1,2.0985,5432,1
rep1,2.0986,5433,1
rep1,2.0986,5434,1
rep1,2.0986,5435,1
rep1,2.0987,5436,1
rep1,2.0987,5437,1
rep1,2.0987,5438,1
rep1,2.0987,5439,1
rep1,2.0988,5440,1
rep1,2.0989,5441,1
rep1,2.0991,5442,1
rep1,2.0992,5443,1
rep1,2.0992,5444,1
rep1,2.0993,5445,1
rep1,2.0993,5446,1
rep1,2.0994,5447,1
rep1,2.0994,5448,1
rep1,2.0995,5449,1
rep1,2.0995,5450,1
rep1,2.0998,5451,1
rep1,2.1002,5452,1
rep1,2.1002,5453,1
rep1,2.1002,5454,1
rep1,2.1003,5455,1
rep1,2.1003,5456,1
rep1,2.1004,5457,1
rep1,2.1004,5458,1
rep1,2.1007,5459,1
rep1,2.1007,5460,1
rep1,2.1007,5461,1
rep1,2.1008,5462,1
rep1,2.1008,5463,1
rep1,2.1009,5464,1
rep1,2.101,5465,1
rep1,2.1011,5466,1
rep1,2.1013,5467,1
rep1,2.1013,5468,1
rep1,2.1014,5469,1
rep1,2.1014,5470,1
rep1,2.1015,5471,1
rep1,2.1016,5472,1
rep1,2.1018,5473,1
rep1,2.1018,5474,1
rep1,2.1019,5475,1
rep1,2.1019,5476,1
rep1,2.1021,5477,1
rep1,2.1023,5478,1
rep1,2.1024,5479,1
rep1,2.1027,5480,1
rep1,2.103,5481,1
rep1,2.1031,5482,1
rep1,2.1031,5483,1
rep1,2.1033,5484,1
rep1,2.1033,5485,1
rep1,2.1038,5486,1
rep1,2.1039,5487,1
rep1,2.104,5488,1
rep1,2.1042,5489,1
rep1,2.1042,5490,1
rep1,2.1045,5491,1
rep1,2.1045,5492,1
rep1,2.1045,5493,1
rep1,2.1046,5494,1
rep1,2.1046,5495,1
rep1,2.1047,5496,1
rep1,2.105,5497,1
rep1,2.1051,5498,1
rep1,2.1053,5499,1
rep1,2.1053,5500,1
rep1,2.1054,5501,1
rep1,2.1054,5502,1
rep1,2.1055,5503,1
rep1,2.1061,5504,1
rep1,2.1063,5505,1
rep1,2.1066,5506,1
rep1,2.1069,5507,1
rep1,2.1069,5508,1
rep1,2.107,5509,1
rep1,2.1072,5510,1
rep1,2.1074,5511,1
rep1,2.1075,5512,1
rep1,2.1079,5513,1
rep1,2.1081,5514,1
rep1,2.1081,5515,1
rep1,2.1082,5516,1
rep1,2.1084,5517,1
rep1,2.1085,5518,1
rep1,2.1087,5519,1
rep1,2.1088,5520,1
rep1,2.1091,5521,1
rep1,2.1094,5522,1
rep1,2.1094,5523,1
rep1,2.1095,5524,1
rep1,2.1095,5525,1
rep1,2.1096,5526,1
rep1,2.1098,5527,1
rep1,2.11,5528,1
rep1,2.1101,5529,1
rep1,2.1101,5530,1
rep1,2.1101,5531,1
rep1,2.1103,5532,1
rep1,2.1105,5533,1
rep1,2.1114,5534,1
rep1,2.1116,5535,1
rep1,2.1116,5536,1
rep1,2.1126,5537,1
rep1,2.113,5538,1
rep1,2.1132,5539,1
rep1,2.1139,5540,1
rep1,2.114,5541,1
rep1,2.1146,5542,1
rep1,2.1147,5543,1
rep1,2.1154,5544,1
rep1,2.1159,5545,1
rep1,2.1161,5546,1
rep1,2.1165,5547,1
rep1,2.1166,5548,1
rep1,2.1169,5549,1
rep1,2.1171,5550,1
rep1,2.1173,5551,1
rep1,2.1176,5552,1
rep1,2.1181,5553,1
rep1,2.1182,5554,1
rep1,2.1182,5555,1
rep1,2.1185,5556,1
rep1,2.1188,5557,1
rep1,2.1195,5558,1
rep1,2.1196,5559,1
rep1,2.1196,5560,1
rep1,2.1197,5561,1
rep1,2.1199,5562,1
rep1,2.1204,5563,1
rep1,2.1205,5564,1
rep1,2.122,5565,1
rep1,2.1237,5566,1
rep1,2.1238,5567,1
rep1,2.1242,5568,1
rep1,2.1246,5569,1
rep1,2.1255,5570,1
rep1,2.1259,5571,1
rep1,2.1265,5572,1
rep1,2.1265,5573,1
rep1,2.1265,5574,1
rep1,2.1266,5575,1
rep1,2.1267,5576,1
rep1,2.1268,5577,1
rep1,2.1276,5578,1
rep1,2.1277,5579,1
rep1,2.1278,5580,1
rep1,2.1279,5581,1
rep1,2.1279,5582,1
rep1,2.1279,5583,1
rep1,2.1279,5584,1
rep1,2.1281,5585,1
rep1,2.1282,5586,1
rep1,2.1283,5587,1
rep1,2.1285,5588,1
rep1,2.1285,5589,1
rep1,2.1288,5590,1
rep1,2.1289,5591,1
rep1,2.129,5592,1
rep1,2.1291,5593,1
rep1,2.1291,5594,1
rep1,2.1292,5595,1
rep1,2.1292,5596,1
rep1,2.1293,5597,1
rep1,2.1294,5598,1
rep1,2.1296,5599,1
rep1,2.1297,5600,1
rep1,2.1297,5601,1
rep1,2.1298,5602,1
rep1,2.1299,5603,1
rep1,2.1299,5604,1
rep1,2.13,5605,1
rep1,2.1301,5606,1
rep1,2.1301,5607,1
rep1,2.1301,5608,1
rep1,2.1302,5609,1
rep1,2.1303,5610,1
rep1,2.1304,5611,1
rep1,2.1305,5612,1
rep1,2.131,5613,1
rep1,2.1311,5614,1
rep1,2.1314,5615,1
rep1,2.1315,5616,1
rep1,2.1315,5617,1
rep1,2.1315,5618,1
rep1,2.1318,5619,1
rep1,2.1319,5620,1
rep1,2.1319,5621,1
rep1,2.1321,5622,1
rep1,2.1323,5623,1
rep1,2.1325,5624,1
rep1,2.1325,5625,1
rep1,2.1327,5626,1
rep1,2.1328,5627,1
rep1,2.1329,5628,1
rep1,2.1332,5629,1
rep1,2.1332,5630,1
rep1,2.1333,5631,1
rep1,2.1335,5632,1
rep1,2.1336,5633,1
rep1,2.1337,5634,1
rep1,2.1337,5635,1
rep1,2.1342,5636,1
rep1,2.1344,5637,1
rep1,2.1344,5638,1
rep1,2.1346,5639,1
rep1,2.1365,5640,1
rep1,2.1367,5641,1
rep1,2.1374,5642,1
rep1,2.1375,5643,1
rep1,2.1377,5644,1
rep1,2.1379,5645,1
rep1,2.138,5646,1
rep1,2.1384,5647,1
rep1,2.1385,5648,1
rep1,2.1386,5649,1
rep1,2.1386,5650,1
rep1,2.1388,5651,1
rep1,2.139,5652,1
rep1,2.1391,5653,1
rep1,2.1392,5654,1
rep1,2.1394,5655,1
rep1,2.1395,5656,1
rep1,2.1399,5657,1
rep1,2.1399,5658,1
rep1,2.14,5659,1
rep1,2.1401,5660,1
rep1,2.1402,5661,1
rep1,2.1408,5662,1
rep1,2.1408,5663,1
rep1,2.1409,5664,1
rep1,2.141,5665,1
rep1,2.1414,5666,1
rep1,2.1414,5667,1
rep1,2.1418,5668,1
rep1,2.1419,5669,1
rep1,2.1423,5670,1
rep1,2.1423,5671,1
rep1,2.1427,5672,1
rep1,2.1429,5673,1
rep1,2.1435,5674,1
rep1,2.1436,5675,1
rep1,2.1437,5676,1
rep1,2.1444,5677,1
rep1,2.1444,5678,1
rep1,2.1448,5679,1
rep1,2.1451,5680,1
rep1,2.1451,5681,1
rep1,2.1453,5682,1
rep1,2.1459,5683,1
rep1,2.1463,5684,1
rep1,2.1466,5685,1
rep1,2.1469,5686,1
rep1,2.147,5687,1
rep1,2.147,5688,1
rep1,2.1471,5689,1
rep1,2.1474,5690,1
rep1,2.1474,5691,1
rep1,2.1475,5692,1
rep1,2.1475,5693,1
rep1,2.1476,5694,1
rep1,2.1478,5695,1
rep1,2.148,5696,1
rep1,2.148,5697,1
rep1,2.1484,5698,1
rep1,2.1488,5699,1
rep1,2.1492,5700,1
rep1,2.1493,5701,1
rep1,2.1494,5702,1
rep1,2.1497,5703,1
rep1,2.1498,5704,1
rep1,2.15,5705,1
rep1,2.15,5706,1
rep1,2.15,5707,1
rep1,2.1501,5708,1
rep1,2.1507,5709,1
rep1,2.1507,5710,1
rep1,2.1509,5711,1
rep1,2.1509,5712,1
rep1,2.1516,5713,1
rep1,2.1517,5714,1
rep1,2.1519,5715,1
rep1,2.1531,5716,1
rep1,2.1534,5717,1
rep1,2.1539,5718,1
rep1,2.1542,5719,1
rep1,2.1546,5720,1
rep1,2.1547,5721,1
rep1,2.1553,5722,1
rep1,2.1554,5723,1
rep1,2.1554,5724,1
rep1,2.1555,5725,1
rep1,2.1556,5726,1
rep1,2.1565,5727,1
rep1,2.1571,5728,1
rep1,2.1571,5729,1
rep1,2.1574,5730,1
rep1,2.1575,5731,1
rep1,2.1578,5732,1
rep1,2.1591,5733,1
rep1,2.1592,5734,1
rep1,2.1592,5735,1
rep1,2.1593,5736,1
rep1,2.1594,5737,1
rep1,2.1599,5738,1
rep1,2.16,5739,1
rep1,2.1601,5740,1
rep1,2.1602,5741,1
rep1,2.1605,5742,1
rep1,2.1605,5743,1
rep1,2.1606,5744,1
rep1,2.1606,5745,1
rep1,2.1606,5746,1
rep1,2.1607,5747,1
rep1,2.1607,5748,1
rep1,2.1608,5749,1
rep1,2.161,5750,1
rep1,2.1612,5751,1
rep1,2.1614,5752,1
rep1,2.1614,5753,1
rep1,2.1615,5754,1
rep1,2.1616,5755,1
rep1,2.1618,5756,1
rep1,2.1619,5757,1
rep1,2.1623,5758,1
rep1,2.1624,5759,1
rep1,2.1625,5760,1
rep1,2.1626,5761,1
rep1,2.1628,5762,1
rep1,2.1629,5763,1
rep1,2.1631,5764,1
rep1,2.1633,5765,1
rep1,2.1634,5766,1
rep1,2.1635,5767,1
rep1,2.1636,5768,1
rep1,2.1638,5769,1
rep1,2.1643,5770,1
rep1,2.1644,5771,1
rep1,2.1644,5772,1
rep1,2.1646,5773,1
rep1,2.1646,5774,1
rep1,2.1648,5775,1
rep1,2.1651,5776,1
rep1,2.1651,5777,1
rep1,2.1653,5778,1
rep1,2.1655,5779,1
rep1,2.1658,5780,1
rep1,2.1658,5781,1
rep1,2.166,5782,1
rep1,2.1664,5783,1
rep1,2.1665,5784,1
rep1,2.1666,5785,1
rep1,2.1666,5786,1
rep1,2.1668,5787,1
rep1,2.1669,5788,1
rep1,2.1676,5789,1
rep1,2.1676,5790,1
rep1,2.1678,5791,1
rep1,2.1681,5792,1
rep1,2.1681,5793,1
rep1,2.1682,5794,1
rep1,2.1682,5795,1
rep1,2.1685,5796,1
rep1,2.1689,5797,1
rep1,2.1691,5798,1
rep1,2.17,5799,1
rep1,2.1701,5800,1
rep1,2.1706,5801,1
rep1,2.1706,5802,1
rep1,2.1707,5803,1
rep1,2.1707,5804,1
rep1,2.1709,5805,1
rep1,2.171,5806,1
rep1,2.171,5807,1
rep1,2.1711,5808,1
rep1,2.1712,5809,1
rep1,2.1714,5810,1
rep1,2.1715,5811,1
rep1,2.1716,5812,1
rep1,2.1717,5813,1
rep1,2.1717,5814,1
rep1,2.1718,5815,1
rep1,2.172,5816,1
rep1,2.1725,5817,1
rep1,2.1726,5818,1
rep1,2.1727,5819,1
rep1,2.1728,5820,1
rep1,2.1729,5821,1
rep1,2.1731,5822,1
rep1,2.1731,5823,1
rep1,2.1732,5824,1
rep1,2.1732,5825,1
rep1,2.1733,5826,1
rep1,2.1735,5827,1
rep1,2.1735,5828,1
rep1,2.1737,5829,1
rep1,2.1737,5830,1
rep1,2.1737,5831,1
rep1,2.1737,5832,1
rep1,2.1742,5833,1
rep1,2.1743,5834,1
rep1,2.1744,5835,1
rep1,2.1744,5836,1
rep1,2.1744,5837,1
rep1,2.1746,5838,1
rep1,2.1748,5839,1
rep1,2.1749,5840,1
rep1,2.1751,5841,1
rep1,2.1751,5842,1
rep1,2.1752,5843,1
rep1,2.1752,5844,1
rep1,2.1759,5845,1
rep1,2.1761,5846,1
rep1,2.1765,5847,1
rep1,2.1766,5848,1
rep1,2.177,5849,1
rep1,2.1771,5850,1
rep1,2.1775,5851,1
rep1,2.1778,5852,1
rep1,2.1781,5853,1
rep1,2.1784,5854,1
rep1,2.1784,5855,1
rep1,2.1787,5856,1
rep1,2.1788,5857,1
rep1,2.1789,5858,1
rep1,2.1793,5859,1
rep1,2.1794,5860,1
rep1,2.1796,5861,1
rep1,2.1803,5862,1
rep1,2.1804,5863,1
rep1,2.1807,5864,1
rep1,2.1807,5865,1
rep1,2.181,5866,1
rep1,2.1813,5867,1
rep1,2.1814,5868,1
rep1,2.1815,5869,1
rep1,2.1818,5870,1
rep1,2.1822,5871,1
rep1,2.1824,5872,1
rep1,2.1827,5873,1
rep1,2.1827,5874,1
rep1,2.1827,5875,1
rep1,2.1828,5876,1
rep1,2.1836,5877,1
rep1,2.1836,5878,1
rep1,2.1836,5879,1
rep1,2.1836,5880,1
rep1,2.1843,5881,1
rep1,2.1845,5882,1
rep1,2.1845,5883,1
rep1,2.1849,5884,1
rep1,2.185,5885,1
rep1,2.1851,5886,1
rep1,2.1851,5887,1
rep1,2.1852,5888,1
rep1,2.1854,5889,1
rep1,2.1856,5890,1
rep1,2.1857,5891,1
rep1,2.1857,5892,1
rep1,2.1858,5893,1
rep1,2.1865,5894,1
rep1,2.1865,5895,1
rep1,2.1866,5896,1
rep1,2.1866,5897,1
rep1,2.1867,5898,1
rep1,2.1869,5899,1
rep1,2.1869,5900,1
rep1,2.187,5901,1
rep1,2.1871,5902,1
rep1,2.1873,5903,1
rep1,2.1876,5904,1
rep1,2.1885,5905,1
rep1,2.1886,5906,1
rep1,2.1886,5907,1
rep1,2.1886,5908,1
rep1,2.1887,5909,1
rep1,2.189,5910,1
rep1,2.189,5911,1
rep1,2.189,5912,1
rep1,2.1891,5913,1
rep1,2.1895,5914,1
rep1,2.1899,5915,1
rep1,2.19,5916,1
rep1,2.1909,5917,1
rep1,2.1913,5918,1
rep1,2.1916,5919,1
rep1,2.1918,5920,1
rep1,2.1919,5921,1
rep1,2.1919,5922,1
rep1,2.1921,5923,1
rep1,2.1923,5924,1
rep1,2.1925,5925,1
rep1,2.1927,5926,1
rep1,2.1928,5927,1
rep1,2.193,5928,1
rep1,2.193,5929,1
rep1,2.1933,5930,1
rep1,2.1936,5931,1
rep1,2.1936,5932,1
rep1,2.1937,5933,1
rep1,2.1938,5934,1
rep1,2.1938,5935,1
rep1,2.1938,5936,1
rep1,2.1944,5937,1
rep1,2.1945,5938,1
rep1,2.1946,5939,1
rep1,2.1946,5940,1
rep1,2.1948,5941,1
rep1,2.195,5942,1
rep1,2.1952,5943,1
rep1,2.1952,5944,1
rep1,2.1954,5945,1
rep1,2.1955,5946,1
rep1,2.1956,5947,1
rep1,2.1957,5948,1
rep1,2.1958,5949,1
rep1,2.1959,5950,1
rep1,2.196,5951,1
rep1,2.1961,5952,1
rep1,2.1962,5953,1
rep1,2.1962,5954,1
rep1,2.1966,5955,1
rep1,2.1966,5956,1
rep1,2.1966,5957,1
rep1,2.1969,5958,1
rep1,2.197,5959,1
rep1,2.1974,5960,1
rep1,2.1974,5961,1
rep1,2.1981,5962,1
rep1,2.1983,5963,1
rep1,2.1983,5964,1
rep1,2.1985,5965,1
rep1,2.1987,5966,1
rep1,2.1988,5967,1
rep1,2.199,5968,1
rep1,2.199,5969,1
rep1,2.199,5970,1
rep1,2.1992,5971,1
rep1,2.1996,5972,1
rep1,2.1998,5973,1
rep1,2.2,5974,1
rep1,2.2001,5975,1
rep1,2.2001,5976,1
rep1,2.2002,5977,1
rep1,2.2007,5978,1
rep1,2.2009,5979,1
rep1,2.2014,5980,1
rep1,2.2016,5981,1
rep1,2.202,5982,1
rep1,2.202,5983,1
rep1,2.202,5984,1
rep1,2.2021,5985,1
rep1,2.2027,5986,1
rep1,2.2029,5987,1
rep1,2.2033,5988,1
rep1,2.2033,5989,1
rep1,2.2033,5990,1
rep1,2.2034,5991,1
rep1,2.2034,5992,1
rep1,2.2034,5993,1
rep1,2.2039,5994,1
rep1,2.2039,5995,1
rep1,2.204,5996,1
rep1,2.2042,5997,1
rep1,2.2047,5998,1
rep1,2.2049,5999,1
rep1,2.2052,6000,1
rep1,2.2052,6001,1
rep1,2.2053,6002,1
rep1,2.2058,6003,1
rep1,2.2058,6004,1
rep1,2.2062,6005,1
rep1,2.2062,6006,1
rep1,2.2064,6007,1
rep1,2.2064,6008,1
rep1,2.2066,6009,1
rep1,2.2066,6010,1
rep1,2.2067,6011,1
rep1,2.2068,6012,1
rep1,2.2071,6013,1
rep1,2.2072,6014,1
rep1,2.2074,6015,1
rep1,2.2075,6016,1
rep1,2.2076,6017,1
rep1,2.2076,6018,1
rep1,2.2078,6019,1
rep1,2.208,6020,1
rep1,2.2085,6021,1
rep1,2.2087,6022,1
rep1,2.2087,6023,1
rep1,2.2088,6024,1
rep1,2.209,6025,1
rep1,2.2094,6026,1
rep1,2.2094,6027,1
rep1,2.2099,6028,1
rep1,2.2099,6029,1
rep1,2.21,6030,1
rep1,2.2101,6031,1
rep1,2.2102,6032,1
rep1,2.2105,6033,1
rep1,2.2105,6034,1
rep1,2.2106,6035,1
rep1,2.2106,6036,1
rep1,2.2108,6037,1
rep1,2.2109,6038,1
rep1,2.2112,6039,1
rep1,2.2113,6040,1
rep1,2.2113,6041,1
rep1,2.2113,6042,1
rep1,2.2114,6043,1
rep1,2.2119,6044,1
rep1,2.2123,6045,1
rep1,2.2125,6046,1
rep1,2.2125,6047,1
rep1,2.2128,6048,1
rep1,2.2131,6049,1
rep1,2.2132,6050,1
rep1,2.2133,6051,1
rep1,2.2135,6052,1
rep1,2.2136,6053,1
rep1,2.2137,6054,1
rep1,2.214,6055,1
rep1,2.2143,6056,1
rep1,2.2144,6057,1
rep1,2.2146,6058,1
rep1,2.2147,6059,1
rep1,2.2151,6060,1
rep1,2.2152,6061,1
rep1,2.2153,6062,1
rep1,2.2154,6063,1
rep1,2.2156,6064,1
rep1,2.2156,6065,1
rep1,2.2156,6066,1
rep1,2.2156,6067,1
rep1,2.216,6068,1
rep1,2.2167,6069,1
rep1,2.2169,6070,1
rep1,2.2172,6071,1
rep1,2.2173,6072,1
rep1,2.2173,6073,1
rep1,2.2173,6074,1
rep1,2.2175,6075,1
rep1,2.2181,6076,1
rep1,2.2184,6077,1
rep1,2.2185,6078,1
rep1,2.2186,6079,1
rep1,2.2186,6080,1
rep1,2.2187,6081,1
rep1,2.2187,6082,1
rep1,2.2192,6083,1
rep1,2.2193,6084,1
rep1,2.2194,6085,1
rep1,2.2194,6086,1
rep1,2.2194,6087,1
rep1,2.2197,6088,1
rep1,2.2199,6089,1
rep1,2.2201,6090,1
rep1,2.2203,6091,1
rep1,2.2206,6092,1
rep1,2.2206,6093,1
rep1,2.2209,6094,1
rep1,2.221,6095,1
rep1,2.221,6096,1
rep1,2.2212,6097,1
rep1,2.2214,6098,1
rep1,2.2214,6099,1
rep1,2.2216,6100,1
rep1,2.2217,6101,1
rep1,2.2218,6102,1
rep1,2.2218,6103,1
rep1,2.2219,6104,1
rep1,2.222,6105,1
rep1,2.2227,6106,1
rep1,2.2228,6107,1
rep1,2.223,6108,1
rep1,2.2231,6109,1
rep1,2.2231,6110,1
rep1,2.2232,6111,1
rep1,2.2232,6112,1
rep1,2.2233,6113,1
rep1,2.2233,6114,1
rep1,2.2233,6115,1
rep1,2.2234,6116,1
rep1,2.2236,6117,1
rep1,2.2237,6118,1
rep1,2.2241,6119,1
rep1,2.2243,6120,1
rep1,2.2244,6121,1
rep1,2.2245,6122,1
rep1,2.2247,6123,1
rep1,2.2248,6124,1
rep1,2.2254,6125,1
rep1,2.2254,6126,1
rep2,1.0212,1,0
rep2,1.0212,2,0
rep2,1.0212,3,0
rep2,1.0213,4,0
rep2,1.0213,5,0
rep2,1.0214,6,0
rep2,1.0214,7,0
rep2,1.0214,8,0
rep2,1.0214,9,0
rep2,1.0214,10,0
rep2,1.0214,11,0
rep2,1.0214,12,0
rep2,1.0214,13,0
rep2,1.0215,14,0
rep2,1.0215,15,0
rep2,1.0215,16,0
rep2,1.0215,17,0
rep2,1.0215,18,0
rep2,1.0215,19,0
rep2,1.0215,20,0
rep2,1.0216,21,0
rep2,1.0216,22,0
rep2,1.0216,23,0
rep2,1.0216,24,0
rep2,1.0217,25,0
rep2,1.0217,26,0
rep2,1.0217,27,0
rep2,1.0217,28,0
rep2,1.0217,29,0
rep2,1.0218,30,0
rep2,1.0218,31,0
rep2,1.0218,32,0
rep2,1.0218,33,0
rep2,1.0218,34,0
rep2,1.0218,35,0
rep2,1.0218,36,0
rep2,1.0219,37,0
rep2,1.0219,38,0
rep2,1.0219,39,0
rep2,1.0219,40,0
rep2,1.022,41,0
rep2,1.022,42,0
rep2,1.022,43,0
rep2,1.022,44,0
rep2,1.022,45,0
rep2,1.022,46,0
rep2,1.0221,47,0
rep2,1.0221,48,0
rep2,1.0221,49,0
rep2,1.0221,50,0
rep2,1.0222,51,0
rep2,1.0222,52,0
rep2,1.0222,53,0
rep2,1.0222,54,0
rep2,1.0222,55,0
rep2,1.0222,56,0
rep2,1.0222,57,0
rep2,1.0222,58,0
rep2,1.0223,59,0
rep2,1.0223,60,0
rep2,1.0223,61,0
rep2,1.0223,62,0
rep2,1.0223,63,0
rep2,1.0224,64,0
rep2,1.0224,65,0
rep2,1.0224,66,0
rep2,1.0225,67,0
rep2,1.0225,68,0
rep2,1.0225,69,0
rep2,1.0225,70,0
rep2,1.0225,71,0
rep2,1.0225,72,0
rep2,1.0226,73,0
rep2,1.0226,74,0
rep2,1.0226,75,0
rep2,1.0226,76,0
rep2,1.0226,77,0
rep2,1.0226,78,0
rep2,1.0226,79,0
rep2,1.0228,80,0
rep2,1.0228,81,0
rep2,1.0228,82,0
rep2,1.0228,83,0
rep2,1.0228,84,0
rep2,1.0229,85,0
rep2,1.0229,86,0
rep2,1.0229,87,0
rep2,1.0229,88,0
rep2,1.0229,89,0
rep2,1.0229,90,0
rep2,1.0229,91,0
rep2,1.023,92,0
rep2,1.023,93,0
rep2,1.023,94,0
rep2,1.023,95,0
rep2,1.023,96,0
rep2,1.0231,97,0
rep2,1.0231,98,0
rep2,1.0231,99,0
rep2,1.0231,100,0
rep2,1.0231,101,0
rep2,1.0232,102,0
rep2,1.0232,103,0
rep2,1.0232,104,0
rep2,1.0232,105,0
rep2,1.0232,106,0
rep2,1.0232,107,0
rep2,1.0232,108,0
rep2,1.0232,109,0
rep2,1.0233,110,0
rep2,1.0233,111,0
rep2,1.0233,112,0
rep2,1.0234,113,0
rep2,1.0234,114,0
rep2,1.0234,115,0
rep2,1.0234,116,0
rep2,1.0234,117,0
rep2,1.0235,118,0
rep2,1.0235,119,0
rep2,1.0235,120,0
rep2,1.0235,121,0
rep2,1.0235,122,0
rep2,1.0236,123,0
rep2,1.0236,124,0
rep2,1.0236,125,0
rep2,1.0236,126,0
rep2,1.0236,127,0
rep2,1.0237,128,0
rep2,1.0237,129,0
rep2,1.0237,130,0
rep2,1.0237,131,0
rep2,1.0237,132,0
rep2,1.0237,133,0
rep2,1.0238,134,0
rep2,1.0238,135,0
rep2,1.0238,136,0
rep2,1.0238,137,0
rep2,1.0238,138,0
rep2,1.0238,139,0
rep2,1.0239,140,0
rep2,1.0239,141,0
rep2,1.0239,142,0
rep2,1.0239,143,0
rep2,1.024,144,0
rep2,1.024,145,0
rep2,1.024,146,0
rep2,1.024,147,0
rep2,1.0241,148,0
rep2,1.0241,149,0
rep2,1.0241,150,0
rep2,1.0241,151,0
rep2,1.0241,152,0
rep2,1.0242,153,0
rep2,1.0242,154,0
rep2,1.0242,155,0
rep2,1.0242,156,0
rep2,1.0243,157,0
rep2,1.0243,158,0
rep2,1.0243,159,0
rep2,1.0244,160,0
rep2,1.0244,161,0
rep2,1.0244,162,0
rep2,1.0244,163,0
rep2,1.0244,164,0
rep2,1.0244,165,0
rep2,1.0245,166,0
rep2,1.0245,167,0
rep2,1.0245,168,0
rep2,1.0245,169,0
rep2,1.0245,170,0
rep2,1.0245,171,0
rep2,1.0246,172,0
rep2,1.0246,173,0
rep2,1.0246,174,0
rep2,1.0246,175,0
rep2,1.0247,176,0
rep2,1.0247,177,0
rep2,1.0248,178,0
rep2,1.0248,179,0
rep2,1.0248,180,0
rep2,1.0248,181,0
rep2,1.0249,182,0
rep2,1.0249,183,0
rep2,1.0249,184,0
rep2,1.0249,185,0
rep2,1.025,186,0
rep2,1.025,187,0
rep2,1.025,188,0
rep2,1.025,189,0
rep2,1.0251,190,0
rep2,1.0251,191,0
rep2,1.0251,192,0
rep2,1.0251,193,0
rep2,1.0251,194,0
rep2,1.0252,195,0
rep2,1.0252,196,0
rep2,1.0252,197,0
rep2,1.0253,198,0
rep2,1.0253,199,0
rep2,1.0254,200,0
rep2,1.0254,201,0
rep2,1.0254,202,0
rep2,1.0254,203,0
rep2,1.0254,204,0
rep2,1.0254,205,0
rep2,1.0255,206,0
rep2,1.0255,207,0
rep2,1.0255,208,0
rep2,1.0255,209,0
rep2,1.0256,210,0
rep2,1.0256,211,0
rep2,1.0256,212,0
rep2,1.0256,213,0
rep2,1.0257,214,0
rep2,1.0257,215,0
rep2,1.0257,216,0
rep2,1.0257,217,0
rep2,1.0258,218,0
rep2,1.0258,219,0
rep2,1.0258,220,0
rep2,1.0258,221,0
rep2,1.0258,222,0
rep2,1.0258,223,0
rep2,1.0259,224,0
rep2,1.0259,225,0
rep2,1.0259,226,0
rep2,1.026,227,0
rep2,1.026,228,0
rep2,1.026,229,0
rep2,1.026,230,0
rep2,1.026,231,0
rep2,1.0261,232,0
rep2,1.0261,233,0
rep2,1.0261,234,0
rep2,1.0261,235,0
rep2,1.0262,236,0
rep2,1.0262,237,0
rep2,1.0262,238,0
rep2,1.0262,239,0
rep2,1.0263,240,0
rep2,1.0263,241,0
rep2,1.0263,242,0
rep2,1.0264,243,0
rep2,1.0264,244,0
rep2,1.0264,245,0
rep2,1.0265,246,0
rep2,1.0265,247,0
rep2,1.0266,248,0
rep2,1.0266,249,0
rep2,1.0266,250,0
rep2,1.0266,251,0
rep2,1.0267,252,0
rep2,1.0267,253,0
rep2,1.0267,254,0
rep2,1.0268,255,0
rep2,1.0268,256,0
rep2,1.0268,257,0
rep2,1.0269,258,0
rep2,1.0269,259,0
rep2,1.027,260,0
rep2,1.027,261,0
rep2,1.027,262,0
rep2,1.027,263,0
rep2,1.0271,264,0
rep2,1.0271,265,0
rep2,1.0271,266,0
rep2,1.0271,267,0
rep2,1.0271,268,0
rep2,1.0272,269,0
rep2,1.0272,270,0
rep2,1.0273,271,0
rep2,1.0273,272,0
rep2,1.0273,273,0
rep2,1.0273,274,0
rep2,1.0274,275,0
rep2,1.0274,276,0
rep2,1.0275,277,0
rep2,1.0275,278,0
rep2,1.0275,279,0
rep2,1.0275,280,0
rep2,1.0276,281,0
rep2,1.0276,282,0
rep2,1.0276,283,0
rep2,1.0276,284,0
rep2,1.0276,285,0
rep2,1.0277,286,0
rep2,1.0277,287,0
rep2,1.0277,288,0
rep2,1.0277,289,0
rep2,1.0278,290,0
rep2,1.0278,291,0
rep2,1.0278,292,0
rep2,1.0278,293,0
rep2,1.0279,294,0
rep2,1.0279,295,0
rep2,1.0279,296,0
rep2,1.0279,297,0
rep2,1.0279,298,0
rep2,1.028,299,0
rep2,1.028,300,0
rep2,1.0281,301,0
rep2,1.0281,302,0
rep2,1.0281,303,0
rep2,1.0281,304,0
rep2,1.0282,305,0
rep2,1.0282,306,0
rep2,1.0282,307,0
rep2,1.0282,308,0
rep2,1.0283,309,0
rep2,1.0283,310,0
rep2,1.0283,311,0
rep2,1.0283,312,0
rep2,1.0284,313,0
rep2,1.0284,314,0
rep2,1.0284,315,0
rep2,1.0285,316,0
rep2,1.0285,317,0
rep2,1.0286,318,0
rep2,1.0286,319,0
rep2,1.0286,320,0
rep2,1.0286,321,0
rep2,1.0286,322,0
rep2,1.0286,323,0
rep2,1.0287,324,0
rep2,1.0288,325,0
rep2,1.0288,326,0
rep2,1.0288,327,0
rep2,1.0288,328,0
rep2,1.0289,329,0
rep2,1.029,330,0
rep2,1.029,331,0
rep2,1.029,332,0
rep2,1.0291,333,0
rep2,1.0291,334,0
rep2,1.0291,335,0
rep2,1.0292,336,0
rep2,1.0292,337,0
rep2,1.0292,338,0
rep2,1.0292,339,0
rep2,1.0293,340,0
rep2,1.0294,341,0
rep2,1.0294,342,0
rep2,1.0294,343,0
rep2,1.0295,344,0
rep2,1.0295,345,0
rep2,1.0295,346,0
rep2,1.0295,347,0
rep2,1.0296,348,0
rep2,1.0296,349,0
rep2,1.0296,350,0
rep2,1.0297,351,0
rep2,1.0297,352,0
rep2,1.0297,353,0
rep2,1.0297,354,0
rep2,1.0298,355,0
rep2,1.0298,356,0
rep2,1.0298,357,0
rep2,1.0299,358,0
rep2,1.0299,359,0
rep2,1.03,360,0
rep2,1.03,361,0
rep2,1.03,362,0
rep2,1.0301,363,0
rep2,1.0301,364,0
rep2,1.0301,365,0
rep2,1.0302,366,0
rep2,1.0302,367,0
rep2,1.0302,368,0
rep2,1.0302,369,0
rep2,1.0302,370,0
rep2,1.0302,371,0
rep2,1.0303,372,0
rep2,1.0303,373,0
rep2,1.0303,374,0
rep2,1.0303,375,0
rep2,1.0303,376,0
rep2,1.0303,377,0
rep2,1.0304,378,0
rep2,1.0304,379,0
rep2,1.0304,380,0
rep2,1.0305,381,0
rep2,1.0305,382,0
rep2,1.0305,383,0
rep2,1.0305,384,0
rep2,1.0306,385,0
rep2,1.0306,386,0
rep2,1.0306,387,0
rep2,1.0307,388,0
rep2,1.0307,389,0
rep2,1.0308,390,0
rep2,1.0309,391,0
rep2,1.0309,392,0
rep2,1.0309,393,0
rep2,1.0309,394,0
rep2,1.0309,395,0
rep2,1.0311,396,0
rep2,1.0311,397,0
rep2,1.0312,398,0
rep2,1.0312,399,0
rep2,1.0312,400,0
rep2,1.0312,401,0
rep2,1.0312,402,0
rep2,1.0313,403,0
rep2,1.0313,404,0
rep2,1.0313,405,0
rep2,1.0314,406,0
rep2,1.0314,407,0
rep2,1.0315,408,0
rep2,1.0315,409,0
rep2,1.0315,410,0
rep2,1.0316,411,0
rep2,1.0316,412,0
rep2,1.0316,413,0
rep2,1.0317,414,0
rep2,1.0317,415,0
rep2,1.0317,416,0
rep2,1.0317,417,0
rep2,1.0317,418,0
rep2,1.0317,419,0
rep2,1.0318,420,0
rep2,1.0318,421,0
rep2,1.0321,422,0
rep2,1.0321,423,0
rep2,1.0321,424,0
rep2,1.0323,425,0
rep2,1.0323,426,0
rep2,1.0323,427,0
rep2,1.0324,428,0
rep2,1.0325,429,0
rep2,1.0325,430,0
rep2,1.0325,431,0
rep2,1.0325,432,0
rep2,1.0326,433,0
rep2,1.0327,434,0
rep2,1.0327,435,0
rep2,1.0327,436,0
rep2,1.0328,437,0
rep2,1.0328,438,0
rep2,1.0329,439,0
rep2,1.0329,440,0
rep2,1.0329,441,0
rep2,1.033,442,0
rep2,1.0332,443,0
rep2,1.0333,444,0
rep2,1.0333,445,0
rep2,1.0333,446,0
rep2,1.0333,447,0
rep2,1.0334,448,0
rep2,1.0334,449,0
rep2,1.0334,450,0
rep2,1.0335,451,0
rep2,1.0335,452,0
rep2,1.0335,453,0
rep2,1.0335,454,0
rep2,1.0336,455,0
rep2,1.0336,456,0
rep2,1.0337,457,0
rep2,1.0338,458,0
rep2,1.0338,459,0
rep2,1.0339,460,0
rep2,1.034,461,0
rep2,1.0341,462,0
rep2,1.0342,463,0
rep2,1.0342,464,0
rep2,1.0343,465,0
rep2,1.0343,466,0
rep2,1.0343,467,0
rep2,1.0344,468,0
rep2,1.0344,469,0
rep2,1.0345,470,0
rep2,1.0345,471,0
rep2,1.0345,472,0
rep2,1.0346,473,0
rep2,1.0346,474,0
rep2,1.0347,475,0
rep2,1.0347,476,0
rep2,1.0347,477,0
rep2,1.0348,478,0
rep2,1.0348,479,0
rep2,1.0349,480,0
rep2,1.0349,481,0
rep2,1.0349,482,0
rep2,1.035,483,0
rep2,1.0351,484,0
rep2,1.0351,485,0
rep2,1.0351,486,0
rep2,1.0352,487,0
rep2,1.0352,488,0
rep2,1.0353,489,0
rep2,1.0353,490,0
rep2,1.0354,491,0
rep2,1.0355,492,0
rep2,1.0357,493,0
rep2,1.0357,494,0
rep2,1.0357,495,0
rep2,1.0358,496,0
rep2,1.0358,497,0
rep2,1.0358,498,0
rep2,1.0358,499,0
rep2,1.0359,500,0
rep2,1.036,501,0
rep2,1.036,502,0
rep2,1.0361,503,0
rep2,1.0361,504,0
rep2,1.0363,505,0
rep2,1.0364,506,0
rep2,1.0365,507,0
rep2,1.0365,508,0
rep2,1.0366,509,0
rep2,1.0367,510,0
rep2,1.0367,511,0
rep2,1.0367,512,0
rep2,1.0368,513,0
rep2,1.0369,514,0
rep2,1.0369,515,0
rep2,1.0369,516,0
rep2,1.037,517,0
rep2,1.0372,518,0
rep2,1.0373,519,0
rep2,1.0373,520,0
rep2,1.0375,521,0
rep2,1.0375,522,0
rep2,1.0375,523,0
rep2,1.0376,524,0
rep2,1.0376,525,0
rep2,1.0376,526,0
rep2,1.0377,527,0
rep2,1.0377,528,0
rep2,1.0377,529,0
rep2,1.0378,530,0
rep2,1.0379,531,0
rep2,1.038,532,0
rep2,1.0381,533,0
rep2,1.0382,534,0
rep2,1.0382,535,0
rep2,1.0382,536,0
rep2,1.0384,537,0
rep2,1.0384,538,0
rep2,1.0385,539,0
rep2,1.0386,540,0
rep2,1.0386,541,0
rep2,1.0386,542,0
rep2,1.0387,543,0
rep2,1.0388,544,0
rep2,1.0388,545,0
rep2,1.0388,546,0
rep2,1.0389,547,0
rep2,1.0389,548,0
rep2,1.039,549,0
rep2,1.039,550,0
rep2,1.0392,551,0
rep2,1.0393,552,0
rep2,1.0393,553,0
rep2,1.0394,554,0
rep2,1.0395,555,0
rep2,1.0396,556,0
rep2,1.0396,557,0
rep2,1.0397,558,0
rep2,1.0398,559,0
rep2,1.0401,560,0
rep2,1.0401,561,0
rep2,1.0402,562,0
rep2,1.0403,563,0
rep2,1.0408,564,0
rep2,1.0408,565,0
rep2,1.0409,566,0
rep2,1.0409,567,0
rep2,1.0412,568,0
rep2,1.0412,569,0
rep2,1.0415,570,0
rep2,1.0415,571,0
rep2,1.0416,572,0
rep2,1.0418,573,0
rep2,1.0418,574,0
rep2,1.0419,575,0
rep2,1.0419,576,0
rep2,1.0421,577,0
rep2,1.0422,578,0
rep2,1.0422,579,0
rep2,1.0422,580,0
rep2,1.0424,581,0
rep2,1.0425,582,0
rep2,1.0427,583,0
rep2,1.0428,584,0
rep2,1.0428,585,0
rep2,1.0428,586,0
rep2,1.0431,587,0
rep2,1.0431,588,0
rep2,1.0431,589,0
rep2,1.0432,590,0
rep2,1.0433,591,0
rep2,1.0435,592,0
rep2,1.0437,593,0
rep2,1.0438,594,0
rep2,1.0442,595,0
rep2,1.0444,596,0
rep2,1.0445,597,0
rep2,1.0445,598,0
rep2,1.0448,599,0
rep2,1.045,600,0
rep2,1.0452,601,0
rep2,1.0452,602,0
rep2,1.0454,603,0
rep2,1.0459,604,0
rep2,1.0459,605,0
rep2,1.0459,606,0
rep2,1.0471,607,0
rep2,1.0474,608,0
rep2,1.0475,609,0
rep2,1.0478,610,0
rep2,1.0478,611,0
rep2,1.048,612,0
rep2,1.0483,613,0
rep2,1.0484,614,0
rep2,1.0484,615,0
rep2,1.0484,616,0
rep2,1.0485,617,0
rep2,1.0486,618,0
rep2,1.0486,619,0
rep2,1.0488,620,0
rep2,1.0492,621,0
rep2,1.0493,622,0
rep2,1.0493,623,0
rep2,1.0493,624,0
rep2,1.0493,625,0
rep2,1.0494,626,0
rep2,1.0496,627,0
rep2,1.0496,628,0
rep2,1.0499,629,0
rep2,1.0499,630,0
rep2,1.0501,631,0
rep2,1.0502,632,0
rep2,1.0503,633,0
rep2,1.0506,634,0
rep2,1.0506,635,0
rep2,1.0507,636,0
rep2,1.0508,637,0
rep2,1.051,638,0
rep2,1.0511,639,0
rep2,1.0512,640,0
rep2,1.0514,641,0
rep2,1.0514,642,0
rep2,1.0516,643,0
rep2,1.0516,644,0
rep2,1.0521,645,0
rep2,1.0524,646,0
rep2,1.0525,647,0
rep2,1.0526,648,0
rep2,1.0527,649,0
rep2,1.0529,650,0
rep2,1.0535,651,0
rep2,1.0542,652,0
rep2,1.0543,653,0
rep2,1.0544,654,0
rep2,1.0547,655,0
rep2,1.0555,656,0
rep2,1.0555,657,0
rep2,1.0556,658,0
rep2,1.0557,659,0
rep2,1.0557,660,0
rep2,1.0557,661,0
rep2,1.0558,662,0
rep2,1.0558,663,0
rep2,1.0558,664,0
rep2,1.0559,665,0
rep2,1.0559,666,0
rep2,1.0559,667,0
rep2,1.0559,668,0
rep2,1.0559,669,0
rep2,1.0559,670,0
rep2,1.0559,671,0
rep2,1.0559,672,0
rep2,1.056,673,0
rep2,1.056,674,0
rep2,1.056,675,0
rep2,1.056,676,0
rep2,1.0561,677,0
rep2,1.0561,678,0
rep2,1.0561,679,0
rep2,1.0561,680,0
rep2,1.0561,681,0
rep2,1.0562,682,0
rep2,1.0562,683,0
rep2,1.0562,684,0
rep2,1.0563,685,0
rep2,1.0563,686,0
rep2,1.0563,687,0
rep2,1.0563,688,0
rep2,1.0563,689,0
rep2,1.0563,690,0
rep2,1.0563,691,0
rep2,1.0564,692,0
rep2,1.0564,693,0
rep2,1.0564,694,0
rep2,1.0564,695,0
rep2,1.0564,696,0
rep2,1.0564,697,0
rep2,1.0564,698,0
rep2,1.0565,699,0
rep2,1.0565,700,0
rep2,1.0565,701,0
rep2,1.0565,702,0
rep2,1.0565,703,0
rep2,1.0566,704,0
rep2,1.0566,705,0
rep2,1.0566,706,0
rep2,1.0566,707,0
rep2,1.0566,708,0
rep2,1.0567,709,0
rep2,1.0567,710,0
rep2,1.0567,711,0
rep2,1.0567,712,0
rep2,1.0567,713,0
rep2,1.0567,714,0
rep2,1.0567,715,0
rep2,1.0567,716,0
rep2,1.0568,717,0
rep2,1.0568,718,0
rep2,1.0568,719,0
rep2,1.0569,720,0
rep2,1.0569,721,0
rep2,1.0569,722,0
rep2,1.0571,723,0
rep2,1.0571,724,0
rep2,1.0571,725,0
rep2,1.0571,726,0
rep2,1.0571,727,0
rep2,1.0571,728,0
rep2,1.0571,729,0
rep2,1.0572,730,0
rep2,1.0572,731,0
rep2,1.0572,732,0
rep2,1.0572,733,0
rep2,1.0572,734,0
rep2,1.0572,735,0
rep2,1.0573,736,0
rep2,1.0573,737,0
rep2,1.0573,738,0
rep2,1.0574,739,0
rep2,1.0574,740,0
rep2,1.0574,741,0
rep2,1.0574,742,0
rep2,1.0575,743,0
rep2,1.0576,744,0
rep2,1.0576,745,0
rep2,1.0576,746,0
rep2,1.0577,747,0
rep2,1.0577,748,0
rep2,1.0577,749,0
rep2,1.0578,750,0
rep2,1.0578,751,0
rep2,1.0578,752,0
rep2,1.0578,753,0
rep2,1.0578,754,0
rep2,1.0578,755,0
rep2,1.0579,756,0
rep2,1.0579,757,0
rep2,1.0579,758,0
rep2,1.0579,759,0
rep2,1.058,760,0
rep2,1.0581,761,0
rep2,1.0581,762,0
rep2,1.0581,763,0
rep2,1.0581,764,0
rep2,1.0581,765,0
rep2,1.0581,766,0
rep2,1.0581,767,0
rep2,1.0581,768,0
rep2,1.0582,769,0
rep2,1.0582,770,0
rep2,1.0582,771,0
rep2,1.0582,772,0
rep2,1.0582,773,0
rep2,1.0582,774,0
rep2,1.0583,775,0
rep2,1.0583,776,0
rep2,1.0583,777,0
rep2,1.0583,778,0
rep2,1.0583,779,0
rep2,1.0583,780,0
rep2,1.0584,781,0
rep2,1.0584,782,0
rep2,1.0584,783,0
rep2,1.0584,784,0
rep2,1.0585,785,0
rep2,1.0585,786,0
rep2,1.0585,787,0
rep2,1.0585,788,0
rep2,1.0585,789,0
rep2,1.0586,790,0
rep2,1.0586,791,0
rep2,1.0586,792,0
rep2,1.0586,793,0
rep2,1.0586,794,0
rep2,1.0586,795,0
rep2,1.0586,796,0
rep2,1.0587,797,0
rep2,1.0587,798,0
rep2,1.0587,799,0
rep2,1.0588,800,0
rep2,1.0588,801,0
rep2,1.0588,802,0
rep2,1.0588,803,0
rep2,1.0588,804,0
rep2,1.0588,805,0
rep2,1.0589,806,0
rep2,1.0589,807,0
rep2,1.0589,808,0
rep2,1.0589,809,0
rep2,1.0589,810,0
rep2,1.059,811,0
rep2,1.059,812,0
rep2,1.059,813,0
rep2,1.059,814,0
rep2,1.059,815,0
rep2,1.0591,816,0
rep2,1.0591,817,0
rep2,1.0591,818,0
rep2,1.0591,819,0
rep2,1.0591,820,0
rep2,1.0592,821,0
rep2,1.0592,822,0
rep2,1.0593,823,0
rep2,1.0593,824,0
rep2,1.0593,825,0
rep2,1.0593,826,0
rep2,1.0594,827,0
rep2,1.0594,828,0
rep2,1.0594,829,0
rep2,1.0594,830,0
rep2,1.0594,831,0
rep2,1.0594,832,0
rep2,1.0595,833,0
rep2,1.0595,834,0
rep2,1.0595,835,0
rep2,1.0595,836,0
rep2,1.0596,837,0
rep2,1.0596,838,0
rep2,1.0596,839,0
rep2,1.0596,840,0
rep2,1.0597,841,0
rep2,1.0597,842,0
rep2,1.0597,843,0
rep2,1.0597,844,0
rep2,1.0597,845,0
rep2,1.0598,846,0
rep2,1.0598,847,0
rep2,1.0598,848,0
rep2,1.0599,849,0
rep2,1.0599,850,0
rep2,1.0599,851,0
rep2,1.0599,852,0
rep2,1.06,853,0
rep2,1.06,854,0
rep2,1.06,855,0
rep2,1.06,856,0
rep2,1.06,857,0
rep2,1.0601,858,0
rep2,1.0601,859,0
rep2,1.0601,860,0
rep2,1.0601,861,0
rep2,1.0601,862,0
rep2,1.0602,863,0
rep2,1.0602,864,0
rep2,1.0602,865,0
rep2,1.0602,866,0
rep2,1.0603,867,0
rep2,1.0603,868,0
rep2,1.0603,869,0
rep2,1.0603,870,0
rep2,1.0603,871,0
rep2,1.0604,872,0
rep2,1.0604,873,0
rep2,1.0604,874,0
rep2,1.0604,875,0
rep2,1.0605,876,0
rep2,1.0605,877,0
rep2,1.0606,878,0
rep2,1.0606,879,0
rep2,1.0606,880,0
rep2,1.0606,881,0
rep2,1.0606,882,0
rep2,1.0606,883,0
rep2,1.0607,884,0
rep2,1.0607,885,0
rep2,1.0607,886,0
rep2,1.0607,887,0
rep2,1.0608,888,0
rep2,1.0608,889,0
rep2,1.0608,890,0
rep2,1.0609,891,0
rep2,1.0609,892,0
rep2,1.0609,893,0
rep2,1.061,894,0
rep2,1.061,895,0
rep2,1.061,896,0
rep2,1.061,897,0
rep2,1.0611,898,0
rep2,1.0611,899,0
rep2,1.0611,900,0
rep2,1.0611,901,0
rep2,1.0611,902,0
rep2,1.0612,903,0
rep2,1.0612,904,0
rep2,1.0612,905,0
rep2,1.0612,906,0
rep2,1.0612,907,0
rep2,1.0613,908,0
rep2,1.0613,909,0
rep2,1.0613,910,0
rep2,1.0614,911,0
rep2,1.0614,912,0
rep2,1.0614,913,0
rep2,1.0614,914,0
rep2,1.0614,915,0
rep2,1.0615,916,0
rep2,1.0615,917,0
rep2,1.0616,918,0
rep2,1.0616,919,0
rep2,1.0616,920,0
rep2,1.0616,921,0
rep2,1.0616,922,0
rep2,1.0617,923,0
rep2,1.0617,924,0
rep2,1.0617,925,0
rep2,1.0618,926,0
rep2,1.0619,927,0
rep2,1.062,928,0
rep2,1.062,929,0
rep2,1.062,930,0
rep2,1.062,931,0
rep2,1.0621,932,0
rep2,1.0621,933,0
rep2,1.0621,934,0
rep2,1.0621,935,0
rep2,1.0622,936,0
rep2,1.0622,937,0
rep2,1.0622,938,0
rep2,1.0623,939,0
rep2,1.0623,940,0
rep2,1.0623,941,0
rep2,1.0624,942,0
rep2,1.0624,943,0
rep2,1.0624,944,0
rep2,1.0624,945,0
rep2,1.0624,946,0
rep2,1.0625,947,0
rep2,1.0625,948,0
rep2,1.0625,949,0
rep2,1.0625,950,0
rep2,1.0626,951,0
rep2,1.0626,952,0
rep2,1.0626,953,0
rep2,1.0627,954,0
rep2,1.0627,955,0
rep2,1.0628,956,0
rep2,1.0628,957,0
rep2,1.0629,958,0
rep2,1.0629,959,0
rep2,1.0629,960,0
rep2,1.063,961,0
rep2,1.063,962,0
rep2,1.0631,963,0
rep2,1.0631,964,0
rep2,1.0631,965,0
rep2,1.0631,966,0
rep2,1.0631,967,0
rep2,1.0631,968,0
rep2,1.0631,969,0
rep2,1.0631,970,0
rep2,1.0631,971,0
rep2,1.0632,972,0
rep2,1.0632,973,0
rep2,1.0633,974,0
rep2,1.0633,975,0
rep2,1.0633,976,0
rep2,1.0633,977,0
rep2,1.0634,978,0
rep2,1.0634,979,0
rep2,1.0634,980,0
rep2,1.0634,981,0
rep2,1.0634,982,0
rep2,1.0635,983,0
rep2,1.0635,984,0
rep2,1.0635,985,0
rep2,1.0635,986,0
rep2,1.0635,987,0
rep2,1.0636,988,0
rep2,1.0636,989,0
rep2,1.0636,990,0
rep2,1.0637,991,0
rep2,1.0637,992,0
rep2,1.0637,993,0
rep2,1.0637,994,0
rep2,1.0637,995,0
rep2,1.0638,996,0
rep2,1.0638,997,0
rep2,1.0638,998,0
rep2,1.0638,999,0
rep2,1.0638,1000,0
rep2,1.0638,1001,0
rep2,1.064,1002,0
rep2,1.064,1003,0
rep2,1.064,1004,0
rep2,1.064,1005,0
rep2,1.064,1006,0
rep2,1.0641,1007,0
rep2,1.0641,1008,0
rep2,1.0641,1009,0
rep2,1.0642,1010,0
rep2,1.0642,1011,0
rep2,1.0642,1012,0
rep2,1.0642,1013,0
rep2,1.0644,1014,0
rep2,1.0644,1015,0
rep2,1.0644,1016,0
rep2,1.0645,1017,0
rep2,1.0646,1018,0
rep2,1.0646,1019,0
rep2,1.0646,1020,0
rep2,1.0646,1021,0
rep2,1.0646,1022,0
rep2,1.0647,1023,0
rep2,1.0647,1024,0
rep2,1.0648,1025,0
rep2,1.0648,1026,0
rep2,1.0648,1027,0
rep2,1.0648,1028,0
rep2,1.0649,1029,0
rep2,1.0649,1030,0
rep2,1.0649,1031,0
rep2,1.065,1032,0
rep2,1.065,1033,0
rep2,1.065,1034,0
rep2,1.0651,1035,0
rep2,1.0651,1036,0
rep2,1.0651,1037,0
rep2,1.0651,1038,0
rep2,1.0652,1039,0
rep2,1.0652,1040,0
rep2,1.0652,1041,0
rep2,1.0653,1042,0
rep2,1.0653,1043,0
rep2,1.0653,1044,0
rep2,1.0654,1045,0
rep2,1.0655,1046,0
rep2,1.0655,1047,0
rep2,1.0656,1048,0
rep2,1.0656,1049,0
rep2,1.0657,1050,0
rep2,1.0657,1051,0
rep2,1.0659,1052,0
rep2,1.0659,1053,0
rep2,1.066,1054,0
rep2,1.066,1055,0
rep2,1.066,1056,0
rep2,1.0661,1057,0
rep2,1.0661,1058,0
rep2,1.0661,1059,0
rep2,1.0661,1060,0
rep2,1.0662,1061,0
rep2,1.0663,1062,0
rep2,1.0663,1063,0
rep2,1.0663,1064,0
rep2,1.0664,1065,0
rep2,1.0664,1066,0
rep2,1.0664,1067,0
rep2,1.0665,1068,0
rep2,1.0665,1069,0
rep2,1.0665,1070,0
rep2,1.0666,1071,0
rep2,1.0666,1072,0
rep2,1.0666,1073,0
rep2,1.0667,1074,0
rep2,1.0667,1075,0
rep2,1.0668,1076,0
rep2,1.0669,1077,0
rep2,1.067,1078,0
rep2,1.067,1079,0
rep2,1.0671,1080,0
rep2,1.0671,1081,0
rep2,1.0671,1082,0
rep2,1.0673,1083,0
rep2,1.0673,1084,0
rep2,1.0673,1085,0
rep2,1.0674,1086,0
rep2,1.0674,1087,0
rep2,1.0674,1088,0
rep2,1.0674,1089,0
rep2,1.0675,1090,0
rep2,1.0676,1091,0
rep2,1.0676,1092,0
rep2,1.0678,1093,0
rep2,1.0678,1094,0
rep2,1.0679,1095,0
rep2,1.068,1096,0
rep2,1.068,1097,0
rep2,1.068,1098,0
rep2,1.068,1099,0
rep2,1.0681,1100,0
rep2,1.0681,1101,0
rep2,1.0681,1102,0
rep2,1.0681,1103,0
rep2,1.0682,1104,0
rep2,1.0682,1105,0
rep2,1.0682,1106,0
rep2,1.0682,1107,0
rep2,1.0682,1108,0
rep2,1.0683,1109,0
rep2,1.0684,1110,0
rep2,1.0684,1111,0
rep2,1.0684,1112,0
rep2,1.0684,1113,0
rep2,1.0685,1114,0
rep2,1.0685,1115,0
rep2,1.0686,1116,0
rep2,1.0686,1117,0
rep2,1.0686,1118,0
rep2,1.0687,1119,0
rep2,1.0687,1120,0
rep2,1.0688,1121,0
rep2,1.0688,1122,0
rep2,1.0688,1123,0
rep2,1.0688,1124,0
rep2,1.0688,1125,0
rep2,1.0689,1126,0
rep2,1.0689,1127,0
rep2,1.0689,1128,0
rep2,1.0689,1129,0
rep2,1.0689,1130,0
rep2,1.0689,1131,0
rep2,1.069,1132,0
rep2,1.069,1133,0
rep2,1.0692,1134,0
rep2,1.0692,1135,0
rep2,1.0694,1136,0
rep2,1.0695,1137,0
rep2,1.0695,1138,0
rep2,1.0697,1139,0
rep2,1.0697,1140,0
rep2,1.0697,1141,0
rep2,1.0699,1142,0
rep2,1.0699,1143,0
rep2,1.07,1144,0
rep2,1.0701,1145,0
rep2,1.0701,1146,0
rep2,1.0702,1147,0
rep2,1.0703,1148,0
rep2,1.0703,1149,0
rep2,1.0703,1150,0
rep2,1.0705,1151,0
rep2,1.0706,1152,0
rep2,1.0706,1153,0
rep2,1.0707,1154,0
rep2,1.0707,1155,0
rep2,1.0708,1156,0
rep2,1.0708,1157,0
rep2,1.0708,1158,0
rep2,1.071,1159,0
rep2,1.071,1160,0
rep2,1.0711,1161,0
rep2,1.0711,1162,0
rep2,1.0711,1163,0
rep2,1.0711,1164,0
rep2,1.0712,1165,0
rep2,1.0712,1166,0
rep2,1.0712,1167,0
rep2,1.0712,1168,0
rep2,1.0713,1169,0
rep2,1.0713,1170,0
rep2,1.0714,1171,0
rep2,1.0714,1172,0
rep2,1.0714,1173,0
rep2,1.0715,1174,0
rep2,1.0715,1175,0
rep2,1.0715,1176,0
rep2,1.0715,1177,0
rep2,1.0716,1178,0
rep2,1.0716,1179,0
rep2,1.0717,1180,0
rep2,1.0717,1181,0
rep2,1.0717,1182,0
rep2,1.0717,1183,0
rep2,1.0717,1184,0
rep2,1.0718,1185,0
rep2,1.0719,1186,0
rep2,1.0719,1187,0
rep2,1.072,1188,0
rep2,1.0722,1189,0
rep2,1.0722,1190,0
rep2,1.0722,1191,0
rep2,1.0722,1192,0
rep2,1.0722,1193,0
rep2,1.0723,1194,0
rep2,1.0724,1195,0
rep2,1.0724,1196,0
rep2,1.0725,1197,0
rep2,1.0725,1198,0
rep2,1.0725,1199,0
rep2,1.0726,1200,0
rep2,1.0726,1201,0
rep2,1.0726,1202,0
rep2,1.0728,1203,0
rep2,1.0728,1204,0
rep2,1.0729,1205,0
rep2,1.0729,1206,0
rep2,1.0729,1207,0
rep2,1.073,1208,0
rep2,1.073,1209,0
rep2,1.0731,1210,0
rep2,1.0731,1211,0
rep2,1.0731,1212,0
rep2,1.0732,1213,0
rep2,1.0732,1214,0
rep2,1.0735,1215,0
rep2,1.0735,1216,0
rep2,1.0735,1217,0
rep2,1.0735,1218,0
rep2,1.0736,1219,0
rep2,1.0737,1220,0
rep2,1.0737,1221,0
rep2,1.0737,1222,0
rep2,1.0737,1223,0
rep2,1.0738,1224,0
rep2,1.0738,1225,0
rep2,1.074,1226,0
rep2,1.074,1227,0
rep2,1.074,1228,0
rep2,1.0741,1229,0
rep2,1.0741,1230,0
rep2,1.0742,1231,0
rep2,1.0742,1232,0
rep2,1.0743,1233,0
rep2,1.0743,1234,0
rep2,1.0743,1235,0
rep2,1.0744,1236,0
rep2,1.0744,1237,0
rep2,1.0746,1238,0
rep2,1.0746,1239,0
rep2,1.0746,1240,0
rep2,1.0747,1241,0
rep2,1.0747,1242,0
rep2,1.0748,1243,0
rep2,1.0748,1244,0
rep2,1.0748,1245,0
rep2,1.0749,1246,0
rep2,1.0751,1247,0
rep2,1.0752,1248,0
rep2,1.0752,1249,0
rep2,1.0753,1250,0
rep2,1.0754,1251,0
rep2,1.0754,1252,0
rep2,1.0755,1253,0
rep2,1.0755,1254,0
rep2,1.0755,1255,0
rep2,1.0756,1256,0
rep2,1.0756,1257,0
rep2,1.0756,1258,0
rep2,1.0757,1259,0
rep2,1.0757,1260,0
rep2,1.0757,1261,0
rep2,1.0758,1262,0
rep2,1.0758,1263,0
rep2,1.0758,1264,0
rep2,1.0759,1265,0
rep2,1.076,1266,0
rep2,1.076,1267,0
rep2,1.0761,1268,0
rep2,1.0762,1269,0
rep2,1.0762,1270,0
rep2,1.0762,1271,0
rep2,1.0763,1272,0
rep2,1.0763,1273,0
rep2,1.0764,1274,0
rep2,1.0764,1275,0
rep2,1.0765,1276,0
rep2,1.0766,1277,0
rep2,1.0766,1278,0
rep2,1.0767,1279,0
rep2,1.0769,1280,0
rep2,1.0769,1281,0
rep2,1.077,1282,0
rep2,1.077,1283,0
rep2,1.077,1284,0
rep2,1.0771,1285,0
rep2,1.0771,1286,0
rep2,1.0772,1287,0
rep2,1.0773,1288,0
rep2,1.0773,1289,0
rep2,1.0774,1290,0
rep2,1.0774,1291,0
rep2,1.0777,1292,0
rep2,1.0777,1293,0
rep2,1.0778,1294,0
rep2,1.0778,1295,0
rep2,1.0779,1296,0
rep2,1.078,1297,0
rep2,1.0781,1298,0
rep2,1.0782,1299,0
rep2,1.0783,1300,0
rep2,1.0783,1301,0
rep2,1.0784,1302,0
rep2,1.0784,1303,0
rep2,1.0784,1304,0
rep2,1.0784,1305,0
rep2,1.0785,1306,0
rep2,1.0785,1307,0
rep2,1.0786,1308,0
rep2,1.0789,1309,0
rep2,1.079,1310,0
rep2,1.0792,1311,0
rep2,1.0792,1312,0
rep2,1.0793,1313,0
rep2,1.0793,1314,0
rep2,1.0793,1315,0
rep2,1.0795,1316,0
rep2,1.0796,1317,0
rep2,1.0797,1318,0
rep2,1.0799,1319,0
rep2,1.08,1320,0
rep2,1.08,1321,0
rep2,1.08,1322,0
rep2,1.0802,1323,0
rep2,1.0803,1324,0
rep2,1.0803,1325,0
rep2,1.0804,1326,0
rep2,1.0804,1327,0
rep2,1.0805,1328,0
rep2,1.0805,1329,0
rep2,1.0805,1330,0
rep2,1.0806,1331,0
rep2,1.0806,1332,0
rep2,1.0807,1333,0
rep2,1.0809,1334,0
rep2,1.0809,1335,0
rep2,1.0809,1336,0
rep2,1.0809,1337,0
rep2,1.081,1338,0
rep2,1.0812,1339,0
rep2,1.0812,1340,0
rep2,1.0814,1341,0
rep2,1.0815,1342,0
rep2,1.0815,1343,0
rep2,1.0816,1344,0
rep2,1.0816,1345,0
rep2,1.0817,1346,0
rep2,1.0818,1347,0
rep2,1.082,1348,0
rep2,1.082,1349,0
rep2,1.0822,1350,0
rep2,1.0823,1351,0
rep2,1.0824,1352,0
rep2,1.0824,1353,0
rep2,1.0825,1354,0
rep2,1.0828,1355,0
rep2,1.0832,1356,0
rep2,1.0832,1357,0
rep2,1.0833,1358,0
rep2,1.0835,1359,0
rep2,1.0835,1360,0
rep2,1.0837,1361,0
rep2,1.084,1362,0
rep2,1.084,1363,0
rep2,1.084,1364,0
rep2,1.0842,1365,0
rep2,1.0842,1366,0
rep2,1.0842,1367,0
rep2,1.0843,1368,0
rep2,1.0844,1369,0
rep2,1.0844,1370,0
rep2,1.0845,1371,0
rep2,1.0845,1372,0
rep2,1.0846,1373,0
rep2,1.0848,1374,0
rep2,1.0849,1375,0
rep2,1.085,1376,0
rep2,1.085,1377,0
rep2,1.085,1378,0
rep2,1.085,1379,0
rep2,1.0851,1380,0
rep2,1.0851,1381,0
rep2,1.0851,1382,0
rep2,1.0852,1383,0
rep2,1.0853,1384,0
rep2,1.0854,1385,0
rep2,1.0854,1386,0
rep2,1.0854,1387,0
rep2,1.0855,1388,0
rep2,1.0856,1389,0
rep2,1.0856,1390,0
rep2,1.0858,1391,0
rep2,1.0859,1392,0
rep2,1.086,1393,0
rep2,1.0862,1394,0
rep2,1.0862,1395,0
rep2,1.0864,1396,0
rep2,1.0864,1397,0
rep2,1.0865,1398,0
rep2,1.0865,1399,0
rep2,1.0866,1400,0
rep2,1.0867,1401,0
rep2,1.0868,1402,0
rep2,1.0868,1403,0
rep2,1.0869,1404,0
rep2,1.0871,1405,0
rep2,1.0872,1406,0
rep2,1.0872,1407,0
rep2,1.0872,1408,0
rep2,1.0872,1409,0
rep2,1.0873,1410,0
rep2,1.0874,1411,0
rep2,1.0874,1412,0
rep2,1.0875,1413,0
rep2,1.0877,1414,0
rep2,1.0878,1415,0
rep2,1.0879,1416,0
rep2,1.088,1417,0
rep2,1.088,1418,0
rep2,1.088,1419,0
rep2,1.0881,1420,0
rep2,1.0882,1421,0
rep2,1.0883,1422,0
rep2,1.0883,1423,0
rep2,1.0884,1424,0
rep2,1.0885,1425,0
rep2,1.0885,1426,0
rep2,1.0885,1427,0
rep2,1.0886,1428,0
rep2,1.0887,1429,0
rep2,1.0888,1430,0
rep2,1.0888,1431,0
rep2,1.0888,1432,0
rep2,1.0889,1433,0
rep2,1.0891,1434,0
rep2,1.0891,1435,0
rep2,1.0896,1436,0
rep2,1.0897,1437,0
rep2,1.0897,1438,0
rep2,1.0898,1439,0
rep2,1.0898,1440,0
rep2,1.0898,1441,0
rep2,1.0898,1442,0
rep2,1.0898,1443,0
rep2,1.0899,1444,0
rep2,1.0899,1445,0
rep2,1.0899,1446,0
rep2,1.0899,1447,0
rep2,1.0899,1448,0
rep2,1.09,1449,0
rep2,1.0901,1450,0
rep2,1.0901,1451,0
rep2,1.0901,1452,0
rep2,1.0902,1453,0
rep2,1.0902,1454,0
rep2,1.0902,1455,0
rep2,1.0902,1456,0
rep2,1.0903,1457,0
rep2,1.0903,1458,0
rep2,1.0903,1459,0
rep2,1.0904,1460,0
rep2,1.0904,1461,0
rep2,1.0904,1462,0
rep2,1.0905,1463,0
rep2,1.0906,1464,0
rep2,1.0906,1465,0
rep2,1.0906,1466,0
rep2,1.0906,1467,0
rep2,1.0906,1468,0
rep2,1.0906,1469,0
rep2,1.0907,1470,0
rep2,1.0907,1471,0
rep2,1.0908,1472,0
rep2,1.0909,1473,0
rep2,1.0909,1474,0
rep2,1.0909,1475,0
rep2,1.091,1476,0
rep2,1.0911,1477,0
rep2,1.0915,1478,0
rep2,1.0915,1479,0
rep2,1.0916,1480,0
rep2,1.0916,1481,0
rep2,1.0916,1482,0
rep2,1.0917,1483,0
rep2,1.0918,1484,0
rep2,1.0918,1485,0
rep2,1.0918,1486,0
rep2,1.092,1487,0
rep2,1.092,1488,0
rep2,1.092,1489,0
rep2,1.0921,1490,0
rep2,1.0922,1491,0
rep2,1.0922,1492,0
rep2,1.0924,1493,0
rep2,1.0924,1494,0
rep2,1.0924,1495,0
rep2,1.0925,1496,0
rep2,1.0926,1497,0
rep2,1.0926,1498,0
rep2,1.0927,1499,0
rep2,1.0927,1500,0
rep2,1.0927,1501,0
rep2,1.0928,1502,0
rep2,1.0928,1503,0
rep2,1.093,1504,0
rep2,1.093,1505,0
rep2,1.0931,1506,0
rep2,1.0931,1507,0
rep2,1.0931,1508,0
rep2,1.0932,1509,0
rep2,1.0932,1510,0
rep2,1.0933,1511,0
rep2,1.0933,1512,0
rep2,1.0934,1513,0
rep2,1.0934,1514,0
rep2,1.0935,1515,0
rep2,1.0936,1516,0
rep2,1.0936,1517,0
rep2,1.0936,1518,0
rep2,1.0936,1519,0
rep2,1.0937,1520,0
rep2,1.0938,1521,0
rep2,1.0938,1522,0
rep2,1.0938,1523,0
rep2,1.0938,1524,0
rep2,1.0939,1525,0
rep2,1.0939,1526,0
rep2,1.0939,1527,0
rep2,1.094,1528,0
rep2,1.094,1529,0
rep2,1.0941,1530,0
rep2,1.0941,1531,0
rep2,1.0941,1532,0
rep2,1.0942,1533,0
rep2,1.0942,1534,0
rep2,1.0943,1535,0
rep2,1.0943,1536,0
rep2,1.0943,1537,0
rep2,1.0944,1538,0
rep2,1.0944,1539,0
rep2,1.0944,1540,0
rep2,1.0944,1541,0
rep2,1.0945,1542,0
rep2,1.0945,1543,0
rep2,1.0946,1544,0
rep2,1.0946,1545,0
rep2,1.0946,1546,0
rep2,1.0947,1547,0
rep2,1.0948,1548,0
rep2,1.0948,1549,0
rep2,1.0949,1550,0
rep2,1.0949,1551,0
rep2,1.0951,1552,0
rep2,1.0952,1553,0
rep2,1.0953,1554,0
rep2,1.0953,1555,0
rep2,1.0954,1556,0
rep2,1.0954,1557,0
rep2,1.0954,1558,0
rep2,1.0954,1559,0
rep2,1.0955,1560,0
rep2,1.0955,1561,0
rep2,1.0956,1562,0
rep2,1.0956,1563,0
rep2,1.0957,1564,0
rep2,1.0958,1565,0
rep2,1.0958,1566,0
rep2,1.0958,1567,0
rep2,1.0958,1568,0
rep2,1.0959,1569,0
rep2,1.0959,1570,0
rep2,1.096,1571,0
rep2,1.096,1572,0
rep2,1.096,1573,0
rep2,1.0961,1574,0
rep2,1.0961,1575,0
rep2,1.0961,1576,0
rep2,1.0962,1577,0
rep2,1.0963,1578,0
rep2,1.0963,1579,0
rep2,1.0964,1580,0
rep2,1.0965,1581,0
rep2,1.0968,1582,0
rep2,1.0968,1583,0
rep2,1.0969,1584,0
rep2,1.097,1585,0
rep2,1.097,1586,0
rep2,1.0971,1587,0
rep2,1.0972,1588,0
rep2,1.0973,1589,0
rep2,1.0973,1590,0
rep2,1.0973,1591,0
rep2,1.0975,1592,0
rep2,1.0975,1593,0
rep2,1.0975,1594,0
rep2,1.0975,1595,0
rep2,1.0976,1596,0
rep2,1.0976,1597,0
rep2,1.0976,1598,0
rep2,1.0976,1599,0
rep2,1.0976,1600,0
rep2,1.0977,1601,0
rep2,1.0979,1602,0
rep2,1.0979,1603,0
rep2,1.098,1604,0
rep2,1.098,1605,0
rep2,1.098,1606,0
rep2,1.0981,1607,0
rep2,1.0981,1608,0
rep2,1.0981,1609,0
rep2,1.0981,1610,0
rep2,1.0982,1611,0
rep2,1.0982,1612,0
rep2,1.0983,1613,0
rep2,1.0983,1614,0
rep2,1.0984,1615,0
rep2,1.0984,1616,0
rep2,1.0984,1617,0
rep2,1.0985,1618,0
rep2,1.0986,1619,0
rep2,1.0986,1620,0
rep2,1.0986,1621,0
rep2,1.0986,1622,0
rep2,1.0987,1623,0
rep2,1.0988,1624,0
rep2,1.0988,1625,0
rep2,1.0989,1626,0
rep2,1.0989,1627,0
rep2,1.0989,1628,0
rep2,1.099,1629,0
rep2,1.0991,1630,0
rep2,1.0991,1631,0
rep2,1.0992,1632,0
rep2,1.0993,1633,0
rep2,1.0993,1634,0
rep2,1.0993,1635,0
rep2,1.0993,1636,0
rep2,1.0994,1637,0
rep2,1.0994,1638,0
rep2,1.0994,1639,0
rep2,1.0994,1640,0
rep2,1.0996,1641,0
rep2,1.0996,1642,0
rep2,1.0997,1643,0
rep2,1.0999,1644,0
rep2,1.0999,1645,0
rep2,1.1,1646,0
rep2,1.1001,1647,0
rep2,1.1001,1648,0
rep2,1.1001,1649,0
rep2,1.1001,1650,0
rep2,1.1002,1651,0
rep2,1.1002,1652,0
rep2,1.1002,1653,0
rep2,1.1003,1654,0
rep2,1.1003,1655,0
rep2,1.1006,1656,0
rep2,1.1007,1657,0
rep2,1.1007,1658,0
rep2,1.1008,1659,0
rep2,1.1008,1660,0
rep2,1.1009,1661,0
rep2,1.101,1662,0
rep2,1.1011,1663,0
rep2,1.1012,1664,0
rep2,1.1013,1665,0
rep2,1.1013,1666,0
rep2,1.1013,1667,0
rep2,1.1014,1668,0
rep2,1.1015,1669,0
rep2,1.1015,1670,0
rep2,1.1015,1671,0
rep2,1.1016,1672,0
rep2,1.1016,1673,0
rep2,1.1016,1674,0
rep2,1.1017,1675,0
rep2,1.1017,1676,0
rep2,1.1018,1677,0
rep2,1.1019,1678,0
rep2,1.1019,1679,0
rep2,1.102,1680,0
rep2,1.102,1681,0
rep2,1.1021,1682,0
rep2,1.1021,1683,0
rep2,1.1021,1684,0
rep2,1.1022,1685,0
rep2,1.1022,1686,0
rep2,1.1022,1687,0
rep2,1.1022,1688,0
rep2,1.1022,1689,0
rep2,1.1023,1690,0
rep2,1.1023,1691,0
rep2,1.1023,1692,0
rep2,1.1024,1693,0
rep2,1.1024,1694,0
rep2,1.1025,1695,0
rep2,1.1025,1696,0
rep2,1.1025,1697,0
rep2,1.1026,1698,0
rep2,1.1026,1699,0
rep2,1.1026,1700,0
rep2,1.1026,1701,0
rep2,1.1027,1702,0
rep2,1.1029,1703,0
rep2,1.103,1704,0
rep2,1.1031,1705,0
rep2,1.1031,1706,0
rep2,1.1032,1707,0
rep2,1.1035,1708,0
rep2,1.1035,1709,0
rep2,1.1036,1710,0
rep2,1.1037,1711,0
rep2,1.1037,1712,0
rep2,1.1038,1713,0
rep2,1.1038,1714,0
rep2,1.104,1715,0
rep2,1.1041,1716,0
rep2,1.1043,1717,0
rep2,1.1044,1718,0
rep2,1.1046,1719,0
rep2,1.1047,1720,0
rep2,1.1048,1721,0
rep2,1.1049,1722,0
rep2,1.1049,1723,0
rep2,1.1049,1724,0
rep2,1.105,1725,0
rep2,1.105,1726,0
rep2,1.105,1727,0
rep2,1.1051,1728,0
rep2,1.1051,1729,0
rep2,1.1052,1730,0
rep2,1.1053,1731,0
rep2,1.1055,1732,0
rep2,1.1056,1733,0
rep2,1.1056,1734,0
rep2,1.1056,1735,0
rep2,1.1058,1736,0
rep2,1.1058,1737,0
rep2,1.1059,1738,0
rep2,1.106,1739,0
rep2,1.1063,1740,0
rep2,1.1063,1741,0
rep2,1.1063,1742,0
rep2,1.1066,1743,0
rep2,1.1066,1744,0
rep2,1.1067,1745,0
rep2,1.1067,1746,0
rep2,1.1067,1747,0
rep2,1.1067,1748,0
rep2,1.1069,1749,0
rep2,1.1069,1750,0
rep2,1.107,1751,0
rep2,1.107,1752,0
rep2,1.1071,1753,0
rep2,1.1071,1754,0
rep2,1.1073,1755,0
rep2,1.1073,1756,0
rep2,1.1074,1757,0
rep2,1.1074,1758,0
rep2,1.1074,1759,0
rep2,1.1075,1760,0
rep2,1.1076,1761,0
rep2,1.1076,1762,0
rep2,1.1076,1763,0
rep2,1.1078,1764,0
rep2,1.1079,1765,0
rep2,1.108,1766,0
rep2,1.108,1767,0
rep2,1.1082,1768,0
rep2,1.1083,1769,0
rep2,1.1083,1770,0
rep2,1.1083,1771,0
rep2,1.1085,1772,0
rep2,1.1086,1773,0
rep2,1.1086,1774,0
rep2,1.1086,1775,0
rep2,1.1087,1776,0
rep2,1.1087,1777,0
rep2,1.1088,1778,0
rep2,1.1088,1779,0
rep2,1.1089,1780,0
rep2,1.1089,1781,0
rep2,1.1089,1782,0
rep2,1.1089,1783,0
rep2,1.109,1784,0
rep2,1.1091,1785,0
rep2,1.1091,1786,0
rep2,1.1091,1787,0
rep2,1.1091,1788,0
rep2,1.1092,1789,0
rep2,1.1092,1790,0
rep2,1.1092,1791,0
rep2,1.1093,1792,0
rep2,1.1094,1793,0
rep2,1.1095,1794,0
rep2,1.1095,1795,0
rep2,1.1099,1796,0
rep2,1.11,1797,0
rep2,1.11,1798,0
rep2,1.1101,1799,0
rep2,1.1102,1800,0
rep2,1.1102,1801,0
rep2,1.1102,1802,0
rep2,1.1103,1803,0
rep2,1.1104,1804,0
rep2,1.1104,1805,0
rep2,1.1106,1806,0
rep2,1.1106,1807,0
rep2,1.1107,1808,0
rep2,1.1108,1809,0
rep2,1.1109,1810,0
rep2,1.111,1811,0
rep2,1.1111,1812,0
rep2,1.1111,1813,0
rep2,1.1111,1814,0
rep2,1.1111,1815,0
rep2,1.1115,1816,0
rep2,1.1116,1817,0
rep2,1.1117,1818,0
rep2,1.1117,1819,0
rep2,1.1117,1820,0
rep2,1.1117,1821,0
rep2,1.1119,1822,0
rep2,1.1119,1823,0
rep2,1.112,1824,0
rep2,1.112,1825,0
rep2,1.1121,1826,0
rep2,1.1122,1827,0
rep2,1.1122,1828,0
rep2,1.1124,1829,0
rep2,1.1125,1830,0
rep2,1.1126,1831,0
rep2,1.1126,1832,0
rep2,1.1127,1833,0
rep2,1.1127,1834,0
rep2,1.1128,1835,0
rep2,1.1128,1836,0
rep2,1.113,1837,0
rep2,1.1131,1838,0
rep2,1.1131,1839,0
rep2,1.1131,1840,0
rep2,1.1131,1841,0
rep2,1.1132,1842,0
rep2,1.1132,1843,0
rep2,1.1133,1844,0
rep2,1.1134,1845,0
rep2,1.1136,1846,0
rep2,1.1138,1847,0
rep2,1.1139,1848,0
rep2,1.1139,1849,0
rep2,1.114,1850,0
rep2,1.1141,1851,0
rep2,1.1142,1852,0
rep2,1.1144,1853,0
rep2,1.1144,1854,0
rep2,1.1147,1855,0
rep2,1.1151,1856,0
rep2,1.1155,1857,0
rep2,1.1157,1858,0
rep2,1.1158,1859,0
rep2,1.1159,1860,0
rep2,1.1159,1861,0
rep2,1.1159,1862,0
rep2,1.116,1863,0
rep2,1.116,1864,0
rep2,1.1163,1865,0
rep2,1.1164,1866,0
rep2,1.1165,1867,0
rep2,1.1167,1868,0
rep2,1.1168,1869,0
rep2,1.1169,1870,0
rep2,1.117,1871,0
rep2,1.117,1872,0
rep2,1.1172,1873,0
rep2,1.1172,1874,0
rep2,1.1174,1875,0
rep2,1.1174,1876,0
rep2,1.1176,1877,0
rep2,1.1178,1878,0
rep2,1.1178,1879,0
rep2,1.1179,1880,0
rep2,1.1181,1881,0
rep2,1.1183,1882,0
rep2,1.1184,1883,0
rep2,1.1185,1884,0
rep2,1.1185,1885,0
rep2,1.1186,1886,0
rep2,1.1186,1887,0
rep2,1.1187,1888,0
rep2,1.1188,1889,0
rep2,1.1189,1890,0
rep2,1.1189,1891,0
rep2,1.1189,1892,0
rep2,1.1189,1893,0
rep2,1.119,1894,0
rep2,1.119,1895,0
rep2,1.119,1896,0
rep2,1.119,1897,0
rep2,1.119,1898,0
rep2,1.119,1899,0
rep2,1.1191,1900,0
rep2,1.1192,1901,0
rep2,1.1193,1902,0
rep2,1.1194,1903,0
rep2,1.1194,1904,0
rep2,1.1195,1905,0
rep2,1.1195,1906,0
rep2,1.1197,1907,0
rep2,1.1199,1908,0
rep2,1.1199,1909,0
rep2,1.12,1910,0
rep2,1.12,1911,0
rep2,1.1201,1912,0
rep2,1.1202,1913,0
rep2,1.1202,1914,0
rep2,1.1203,1915,0
rep2,1.1204,1916,0
rep2,1.1205,1917,0
rep2,1.1206,1918,0
rep2,1.1209,1919,0
rep2,1.1209,1920,0
rep2,1.121,1921,0
rep2,1.1211,1922,0
rep2,1.1212,1923,0
rep2,1.1213,1924,0
rep2,1.1213,1925,0
rep2,1.1214,1926,0
rep2,1.1215,1927,0
rep2,1.1217,1928,0
rep2,1.1219,1929,0
rep2,1.1219,1930,0
rep2,1.1219,1931,0
rep2,1.122,1932,0
rep2,1.1221,1933,0
rep2,1.1222,1934,0
rep2,1.1223,1935,0
rep2,1.1223,1936,0
rep2,1.1224,1937,0
rep2,1.1226,1938,0
rep2,1.1226,1939,0
rep2,1.1227,1940,0
rep2,1.1227,1941,0
rep2,1.1227,1942,0
rep2,1.1228,1943,0
rep2,1.1229,1944,0
rep2,1.1229,1945,0
rep2,1.1229,1946,0
rep2,1.1231,1947,0
rep2,1.1233,1948,0
rep2,1.1233,1949,0
rep2,1.1234,1950,0
rep2,1.1235,1951,0
rep2,1.1236,1952,0
rep2,1.1237,1953,0
rep2,1.1237,1954,0
rep2,1.1237,1955,0
rep2,1.1238,1956,0
rep2,1.1239,1957,0
rep2,1.1239,1958,0
rep2,1.1239,1959,0
rep2,1.124,1960,0
rep2,1.124,1961,0
rep2,1.1242,1962,0
rep2,1.1243,1963,0
rep2,1.1243,1964,0
rep2,1.1244,1965,0
rep2,1.1244,1966,0
rep2,1.1245,1967,0
rep2,1.1245,1968,0
rep2,1.1245,1969,0
rep2,1.1246,1970,0
rep2,1.1247,1971,0
rep2,1.1249,1972,0
rep2,1.1249,1973,0
rep2,1.1249,1974,0
rep2,1.1249,1975,0
rep2,1.125,1976,0
rep2,1.125,1977,0
rep2,1.1251,1978,0
rep2,1.1251,1979,0
rep2,1.1252,1980,0
rep2,1.1252,1981,0
rep2,1.1253,1982,0
rep2,1.1253,1983,0
rep2,1.1253,1984,0
rep2,1.1254,1985,0
rep2,1.1254,1986,0
rep2,1.1256,1987,0
rep2,1.1256,1988,0
rep2,1.1256,1989,0
rep2,1.1257,1990,0
rep2,1.1258,1991,0
rep2,1.1259,1992,0
rep2,1.1259,1993,0
rep2,1.1259,1994,0
rep2,1.1259,1995,0
rep2,1.126,1996,0
rep2,1.126,1997,0
rep2,1.1261,1998,0
rep2,1.1261,1999,0
rep2,1.1265,2000,0
rep2,1.1265,2001,0
rep2,1.1265,2002,0
rep2,1.1265,2003,0
rep2,1.1266,2004,0
rep2,1.1266,2005,0
rep2,1.1266,2006,0
rep2,1.1267,2007,0
rep2,1.1267,2008,0
rep2,1.1268,2009,0
rep2,1.1269,2010,0
rep2,1.1269,2011,0
rep2,1.1269,2012,0
rep2,1.1269,2013,0
rep2,1.127,2014,0
rep2,1.127,2015,0
rep2,1.127,2016,0
rep2,1.127,2017,0
rep2,1.1271,2018,0
rep2,1.1272,2019,0
rep2,1.1272,2020,0
rep2,1.1274,2021,0
rep2,1.1274,2022,0
rep2,1.1275,2023,0
rep2,1.1276,2024,0
rep2,1.1276,2025,0
rep2,1.1277,2026,0
rep2,1.1277,2027,0
rep2,1.1277,2028,0
rep2,1.1278,2029,0
rep2,1.1279,2030,0
rep2,1.1279,2031,0
rep2,1.1279,2032,0
rep2,1.128,2033,0
rep2,1.128,2034,0
rep2,1.1281,2035,0
rep2,1.1281,2036,0
rep2,1.1281,2037,0
rep2,1.1281,2038,0
rep2,1.1282,2039,0
rep2,1.1282,2040,0
rep2,1.1283,2041,0
rep2,1.1284,2042,0
rep2,1.1284,2043,0
rep2,1.1285,2044,0
rep2,1.1285,2045,0
rep2,1.1285,2046,0
rep2,1.1286,2047,0
rep2,1.1286,2048,0
rep2,1.1288,2049,0
rep2,1.1288,2050,0
rep2,1.1289,2051,0
rep2,1.129,2052,0
rep2,1.129,2053,0
rep2,1.129,2054,0
rep2,1.1291,2055,0
rep2,1.1291,2056,0
rep2,1.1291,2057,0
rep2,1.1292,2058,0
rep2,1.1292,2059,0
rep2,1.1294,2060,0
rep2,1.1294,2061,0
rep2,1.1295,2062,0
rep2,1.1295,2063,0
rep2,1.1297,2064,0
rep2,1.1298,2065,0
rep2,1.1299,2066,0
rep2,1.13,2067,0
rep2,1.13,2068,0
rep2,1.1301,2069,0
rep2,1.1301,2070,0
rep2,1.1302,2071,0
rep2,1.1302,2072,0
rep2,1.1302,2073,0
rep2,1.1303,2074,0
rep2,1.1303,2075,0
rep2,1.1306,2076,0
rep2,1.1306,2077,0
rep2,1.1307,2078,0
rep2,1.1307,2079,0
rep2,1.1307,2080,0
rep2,1.1308,2081,0
rep2,1.1308,2082,0
rep2,1.1309,2083,0
rep2,1.1309,2084,0
rep2,1.131,2085,0
rep2,1.131,2086,0
rep2,1.1311,2087,0
rep2,1.1311,2088,0
rep2,1.1313,2089,0
rep2,1.1314,2090,0
rep2,1.1317,2091,0
rep2,1.1319,2092,0
rep2,1.1319,2093,0
rep2,1.132,2094,0
rep2,1.1321,2095,0
rep2,1.1321,2096,0
rep2,1.1322,2097,0
rep2,1.1322,2098,0
rep2,1.1323,2099,0
rep2,1.1323,2100,0
rep2,1.1323,2101,0
rep2,1.1325,2102,0
rep2,1.1325,2103,0
rep2,1.1326,2104,0
rep2,1.1327,2105,0
rep2,1.1328,2106,0
rep2,1.1329,2107,0
rep2,1.133,2108,0
rep2,1.133,2109,0
rep2,1.1331,2110,0
rep2,1.1331,2111,0
rep2,1.1333,2112,0
rep2,1.1333,2113,0
rep2,1.1333,2114,0
rep2,1.1333,2115,0
rep2,1.1334,2116,0
rep2,1.1335,2117,0
rep2,1.1335,2118,0
rep2,1.1335,2119,0
rep2,1.1336,2120,0
rep2,1.1337,2121,0
rep2,1.1337,2122,0
rep2,1.1338,2123,0
rep2,1.1338,2124,0
rep2,1.1339,2125,0
rep2,1.134,2126,0
rep2,1.134,2127,0
rep2,1.1341,2128,0
rep2,1.1341,2129,0
rep2,1.1342,2130,0
rep2,1.1343,2131,0
rep2,1.1344,2132,0
rep2,1.1344,2133,0
rep2,1.1344,2134,0
rep2,1.1346,2135,0
rep2,1.1347,2136,0
rep2,1.1348,2137,0
rep2,1.1348,2138,0
rep2,1.1348,2139,0
rep2,1.1348,2140,0
rep2,1.1349,2141,0
rep2,1.135,2142,0
rep2,1.1351,2143,0
rep2,1.1351,2144,0
rep2,1.1352,2145,0
rep2,1.1353,2146,0
rep2,1.1353,2147,0
rep2,1.1354,2148,0
rep2,1.1354,2149,0
rep2,1.1355,2150,0
rep2,1.1356,2151,0
rep2,1.1356,2152,0
rep2,1.1357,2153,0
rep2,1.1357,2154,0
rep2,1.1358,2155,0
rep2,1.1358,2156,0
rep2,1.1358,2157,0
rep2,1.1358,2158,0
rep2,1.136,2159,0
rep2,1.136,2160,0
rep2,1.136,2161,0
rep2,1.1361,2162,0
rep2,1.1361,2163,0
rep2,1.1361,2164,0
rep2,1.1362,2165,0
rep2,1.1363,2166,0
rep2,1.1364,2167,0
rep2,1.1365,2168,0
rep2,1.1367,2169,0
rep2,1.1367,2170,0
rep2,1.1368,2171,0
rep2,1.137,2172,0
rep2,1.137,2173,0
rep2,1.1371,2174,0
rep2,1.1372,2175,0
rep2,1.1372,2176,0
rep2,1.1374,2177,0
rep2,1.1374,2178,0
rep2,1.1376,2179,0
rep2,1.1377,2180,0
rep2,1.1378,2181,0
rep2,1.1378,2182,0
rep2,1.1379,2183,0
rep2,1.1379,2184,0
rep2,1.1379,2185,0
rep2,1.138,2186,0
rep2,1.138,2187,0
rep2,1.1381,2188,0
rep2,1.1383,2189,0
rep2,1.1384,2190,0
rep2,1.1384,2191,0
rep2,1.1384,2192,0
rep2,1.1384,2193,0
rep2,1.1384,2194,0
rep2,1.1385,2195,0
rep2,1.1385,2196,0
rep2,1.1385,2197,0
rep2,1.1387,2198,0
rep2,1.1388,2199,0
rep2,1.1388,2200,0
rep2,1.1388,2201,0
rep2,1.1389,2202,0
rep2,1.1391,2203,0
rep2,1.1391,2204,0
rep2,1.1391,2205,0
rep2,1.1391,2206,0
rep2,1.1394,2207,0
rep2,1.1395,2208,0
rep2,1.1395,2209,0
rep2,1.1395,2210,0
rep2,1.1396,2211,0
rep2,1.1396,2212,0
rep2,1.1398,2213,0
rep2,1.1399,2214,0
rep2,1.1403,2215,0
rep2,1.1403,2216,0
rep2,1.1404,2217,0
rep2,1.1405,2218,0
rep2,1.1405,2219,0
rep2,1.1405,2220,0
rep2,1.1406,2221,0
rep2,1.1407,2222,0
rep2,1.1407,2223,0
rep2,1.1407,2224,0
rep2,1.1408,2225,0
rep2,1.1408,2226,0
rep2,1.1409,2227,0
rep2,1.141,2228,0
rep2,1.1411,2229,0
rep2,1.1412,2230,0
rep2,1.1413,2231,0
rep2,1.1413,2232,0
rep2,1.1415,2233,0
rep2,1.1416,2234,0
rep2,1.1417,2235,0
rep2,1.1418,2236,0
rep2,1.1419,2237,0
rep2,1.142,2238,0
rep2,1.142,2239,0
rep2,1.1421,2240,0
rep2,1.1422,2241,0
rep2,1.1422,2242,0
rep2,1.1422,2243,0
rep2,1.1423,2244,0
rep2,1.1423,2245,0
rep2,1.1423,2246,0
rep2,1.1424,2247,0
rep2,1.1424,2248,0
rep2,1.1425,2249,0
rep2,1.1425,2250,0
rep2,1.1425,2251,0
rep2,1.1428,2252,0
rep2,1.1428,2253,0
rep2,1.1428,2254,0
rep2,1.1429,2255,0
rep2,1.143,2256,0
rep2,1.143,2257,0
rep2,1.1431,2258,0
rep2,1.1432,2259,0
rep2,1.1435,2260,0
rep2,1.1436,2261,0
rep2,1.1437,2262,0
rep2,1.1437,2263,0
rep2,1.1437,2264,0
rep2,1.1437,2265,0
rep2,1.1438,2266,0
rep2,1.1438,2267,0
rep2,1.1438,2268,0
rep2,1.1438,2269,0
rep2,1.144,2270,0
rep2,1.1441,2271,0
rep2,1.1441,2272,0
rep2,1.1442,2273,0
rep2,1.1442,2274,0
rep2,1.1442,2275,0
rep2,1.1442,2276,0
rep2,1.1443,2277,0
rep2,1.1443,2278,0
rep2,1.1445,2279,0
rep2,1.1446,2280,0
rep2,1.1446,2281,0
rep2,1.1447,2282,0
rep2,1.1448,2283,0
rep2,1.1449,2284,0
rep2,1.145,2285,0
rep2,1.145,2286,0
rep2,1.1451,2287,0
rep2,1.1451,2288,0
rep2,1.1451,2289,0
rep2,1.1452,2290,0
rep2,1.1452,2291,0
rep2,1.1453,2292,0
rep2,1.1456,2293,0
rep2,1.1457,2294,0
rep2,1.1457,2295,0
rep2,1.1458,2296,0
rep2,1.1458,2297,0
rep2,1.146,2298,0
rep2,1.1462,2299,0
rep2,1.1462,2300,0
rep2,1.1463,2301,0
rep2,1.1463,2302,0
rep2,1.1463,2303,0
rep2,1.1463,2304,0
rep2,1.1464,2305,0
rep2,1.1466,2306,0
rep2,1.1466,2307,0
rep2,1.1469,2308,0
rep2,1.147,2309,0
rep2,1.1471,2310,0
rep2,1.1471,2311,0
rep2,1.1472,2312,0
rep2,1.1473,2313,0
rep2,1.1474,2314,0
rep2,1.1475,2315,0
rep2,1.1475,2316,0
rep2,1.1477,2317,0
rep2,1.1478,2318,0
rep2,1.1479,2319,0
rep2,1.1479,2320,0
rep2,1.148,2321,0
rep2,1.1481,2322,0
rep2,1.1482,2323,0
rep2,1.1483,2324,0
rep2,1.1485,2325,0
rep2,1.1485,2326,0
rep2,1.1485,2327,0
rep2,1.1486,2328,0
rep2,1.1489,2329,0
rep2,1.1489,2330,0
rep2,1.1489,2331,0
rep2,1.1491,2332,0
rep2,1.1491,2333,0
rep2,1.1491,2334,0
rep2,1.1492,2335,0
rep2,1.1493,2336,0
rep2,1.1493,2337,0
rep2,1.1494,2338,0
rep2,1.1495,2339,0
rep2,1.1496,2340,0
rep2,1.1496,2341,0
rep2,1.1496,2342,0
rep2,1.1497,2343,0
rep2,1.1498,2344,0
rep2,1.1498,2345,0
rep2,1.1502,2346,0
rep2,1.1502,2347,0
rep2,1.1502,2348,0
rep2,1.1503,2349,0
rep2,1.1503,2350,0
rep2,1.1503,2351,0
rep2,1.1504,2352,0
rep2,1.1504,2353,0
rep2,1.1505,2354,0
rep2,1.1506,2355,0
rep2,1.1507,2356,0
rep2,1.1507,2357,0
rep2,1.1508,2358,0
rep2,1.1508,2359,0
rep2,1.1509,2360,0
rep2,1.151,2361,0
rep2,1.151,2362,0
rep2,1.1513,2363,0
rep2,1.1513,2364,0
rep2,1.1514,2365,0
rep2,1.1514,2366,0
rep2,1.1514,2367,0
rep2,1.1515,2368,0
rep2,1.1516,2369,0
rep2,1.1516,2370,0
rep2,1.1516,2371,0
rep2,1.1518,2372,0
rep2,1.1519,2373,0
rep2,1.1519,2374,0
rep2,1.152,2375,0
rep2,1.152,2376,0
rep2,1.1523,2377,0
rep2,1.1523,2378,0
rep2,1.1524,2379,0
rep2,1.1526,2380,0
rep2,1.1526,2381,0
rep2,1.1527,2382,0
rep2,1.1528,2383,0
rep2,1.1528,2384,0
rep2,1.1528,2385,0
rep2,1.1529,2386,0
rep2,1.1529,2387,0
rep2,1.1531,2388,0
rep2,1.1531,2389,0
rep2,1.1531,2390,0
rep2,1.1532,2391,0
rep2,1.1532,2392,0
rep2,1.1533,2393,0
rep2,1.1533,2394,0
rep2,1.1534,2395,0
rep2,1.1535,2396,0
rep2,1.1536,2397,0
rep2,1.1537,2398,0
rep2,1.1537,2399,0
rep2,1.1537,2400,0
rep2,1.1538,2401,0
rep2,1.1538,2402,0
rep2,1.1539,2403,0
rep2,1.1539,2404,0
rep2,1.1539,2405,0
rep2,1.1539,2406,0
rep2,1.154,2407,0
rep2,1.1543,2408,0
rep2,1.1544,2409,0
rep2,1.1545,2410,0
rep2,1.1546,2411,0
rep2,1.1546,2412,0
rep2,1.1546,2413,0
rep2,1.1546,2414,0
rep2,1.1547,2415,0
rep2,1.1548,2416,0
rep2,1.1548,2417,0
rep2,1.155,2418,0
rep2,1.1551,2419,0
rep2,1.1551,2420,0
rep2,1.1553,2421,0
rep2,1.1553,2422,0
rep2,1.1553,2423,0
rep2,1.1554,2424,0
rep2,1.1555,2425,0
rep2,1.1555,2426,0
rep2,1.1556,2427,0
rep2,1.1556,2428,0
rep2,1.1556,2429,0
rep2,1.1557,2430,0
rep2,1.1557,2431,0
rep2,1.1558,2432,0
rep2,1.156,2433,0
rep2,1.1563,2434,0
rep2,1.1564,2435,0
rep2,1.1566,2436,0
rep2,1.1568,2437,0
rep2,1.1568,2438,0
rep2,1.1569,2439,0
rep2,1.157,2440,0
rep2,1.157,2441,0
rep2,1.1572,2442,0
rep2,1.1572,2443,0
rep2,1.1573,2444,0
rep2,1.1573,2445,0
rep2,1.1574,2446,0
rep2,1.1574,2447,0
rep2,1.1574,2448,0
rep2,1.1574,2449,0
rep2,1.1574,2450,0
rep2,1.1575,2451,0
rep2,1.1577,2452,0
rep2,1.1577,2453,0
rep2,1.1577,2454,0
rep2,1.1578,2455,0
rep2,1.1578,2456,0
rep2,1.1578,2457,0
rep2,1.1579,2458,0
rep2,1.1579,2459,0
rep2,1.1579,2460,0
rep2,1.1581,2461,0
rep2,1.1581,2462,0
rep2,1.1581,2463,0
rep2,1.1582,2464,0
rep2,1.1582,2465,0
rep2,1.1583,2466,0
rep2,1.1583,2467,0
rep2,1.1584,2468,0
rep2,1.1584,2469,0
rep2,1.1585,2470,0
rep2,1.1586,2471,0
rep2,1.1587,2472,0
rep2,1.1587,2473,0
rep2,1.1588,2474,0
rep2,1.1588,2475,0
rep2,1.1589,2476,0
rep2,1.159,2477,0
rep2,1.1592,2478,0
rep2,1.1592,2479,0
rep2,1.1592,2480,0
rep2,1.1594,2481,0
rep2,1.1594,2482,0
rep2,1.1594,2483,0
rep2,1.1595,2484,0
rep2,1.1597,2485,0
rep2,1.16,2486,0
rep2,1.16,2487,0
rep2,1.16,2488,0
rep2,1.16,2489,0
rep2,1.1601,2490,0
rep2,1.1601,2491,0
rep2,1.1603,2492,0
rep2,1.1604,2493,0
rep2,1.1604,2494,0
rep2,1.1604,2495,0
rep2,1.1605,2496,0
rep2,1.1605,2497,0
rep2,1.1605,2498,0
rep2,1.1606,2499,0
rep2,1.1606,2500,0
rep2,1.1607,2501,0
rep2,1.1607,2502,0
rep2,1.1608,2503,0
rep2,1.1608,2504,0
rep2,1.1609,2505,0
rep2,1.1609,2506,0
rep2,1.1611,2507,0
rep2,1.1612,2508,0
rep2,1.1612,2509,0
rep2,1.1612,2510,0
rep2,1.1613,2511,0
rep2,1.1613,2512,0
rep2,1.1614,2513,0
rep2,1.1614,2514,0
rep2,1.1614,2515,0
rep2,1.1614,2516,0
rep2,1.1615,2517,0
rep2,1.1616,2518,0
rep2,1.1616,2519,0
rep2,1.1616,2520,0
rep2,1.1617,2521,0
rep2,1.1619,2522,0
rep2,1.1619,2523,0
rep2,1.162,2524,0
rep2,1.162,2525,0
rep2,1.162,2526,0
rep2,1.1621,2527,0
rep2,1.1622,2528,0
rep2,1.1624,2529,0
rep2,1.1624,2530,0
rep2,1.1625,2531,0
rep2,1.1626,2532,0
rep2,1.1626,2533,0
rep2,1.1628,2534,0
rep2,1.163,2535,0
rep2,1.163,2536,0
rep2,1.1631,2537,0
rep2,1.1631,2538,0
rep2,1.1631,2539,0
rep2,1.1631,2540,0
rep2,1.1631,2541,0
rep2,1.1632,2542,0
rep2,1.1633,2543,0
rep2,1.1633,2544,0
rep2,1.1634,2545,0
rep2,1.1634,2546,0
rep2,1.1634,2547,0
rep2,1.1635,2548,0
rep2,1.1637,2549,0
rep2,1.1637,2550,0
rep2,1.1638,2551,0
rep2,1.1638,2552,0
rep2,1.1638,2553,0
rep2,1.1639,2554,0
rep2,1.164,2555,0
rep2,1.164,2556,0
rep2,1.1641,2557,0
rep2,1.1641,2558,0
rep2,1.1642,2559,0
rep2,1.1642,2560,0
rep2,1.1642,2561,0
rep2,1.1644,2562,0
rep2,1.1644,2563,0
rep2,1.1645,2564,0
rep2,1.1646,2565,0
rep2,1.1646,2566,0
rep2,1.1646,2567,0
rep2,1.1647,2568,0
rep2,1.1648,2569,0
rep2,1.1648,2570,0
rep2,1.1649,2571,0
rep2,1.165,2572,0
rep2,1.1651,2573,0
rep2,1.1652,2574,0
rep2,1.1652,2575,0
rep2,1.1652,2576,0
rep2,1.1653,2577,0
rep2,1.1653,2578,0
rep2,1.1654,2579,0
rep2,1.1654,2580,0
rep2,1.1655,2581,0
rep2,1.1656,2582,0
rep2,1.1656,2583,0
rep2,1.1656,2584,0
rep2,1.1656,2585,0
rep2,1.1657,2586,0
rep2,1.1658,2587,0
rep2,1.1658,2588,0
rep2,1.1659,2589,0
rep2,1.1662,2590,0
rep2,1.1662,2591,0
rep2,1.1663,2592,0
rep2,1.1663,2593,0
rep2,1.1664,2594,0
rep2,1.1664,2595,0
rep2,1.1665,2596,0
rep2,1.1666,2597,0
rep2,1.1667,2598,0
rep2,1.1667,2599,0
rep2,1.1667,2600,0
rep2,1.1668,2601,0
rep2,1.1668,2602,0
rep2,1.167,2603,0
rep2,1.1671,2604,0
rep2,1.1671,2605,0
rep2,1.1672,2606,0
rep2,1.1672,2607,0
rep2,1.1673,2608,0
rep2,1.1674,2609,0
rep2,1.1675,2610,0
rep2,1.1675,2611,0
rep2,1.1675,2612,0
rep2,1.1676,2613,0
rep2,1.1677,2614,0
rep2,1.1677,2615,0
rep2,1.1678,2616,0
rep2,1.1679,2617,0
rep2,1.1679,2618,0
rep2,1.1681,2619,0
rep2,1.1682,2620,0
rep2,1.1682,2621,0
rep2,1.1684,2622,0
rep2,1.1686,2623,0
rep2,1.1686,2624,0
rep2,1.1687,2625,0
rep2,1.1687,2626,0
rep2,1.1688,2627,0
rep2,1.1688,2628,0
rep2,1.1689,2629,0
rep2,1.1689,2630,0
rep2,1.1689,2631,0
rep2,1.169,2632,0
rep2,1.1692,2633,0
rep2,1.1692,2634,0
rep2,1.1692,2635,0
rep2,1.1693,2636,0
rep2,1.1694,2637,0
rep2,1.1694,2638,0
rep2,1.1694,2639,0
rep2,1.1696,2640,0
rep2,1.1697,2641,0
rep2,1.1697,2642,0
rep2,1.1698,2643,0
rep2,1.1698,2644,0
rep2,1.1698,2645,0
rep2,1.1699,2646,0
rep2,1.1701,2647,0
rep2,1.1704,2648,0
rep2,1.1705,2649,0
rep2,1.1706,2650,0
rep2,1.1706,2651,0
rep2,1.1708,2652,0
rep2,1.1708,2653,0
rep2,1.1708,2654,0
rep2,1.1709,2655,0
rep2,1.1709,2656,0
rep2,1.1711,2657,0
rep2,1.1711,2658,0
rep2,1.1711,2659,0
rep2,1.1712,2660,0
rep2,1.1712,2661,0
rep2,1.1714,2662,0
rep2,1.1714,2663,0
rep2,1.1714,2664,0
rep2,1.1717,2665,0
rep2,1.1718,2666,0
rep2,1.1718,2667,0
rep2,1.172,2668,0
rep2,1.172,2669,0
rep2,1.172,2670,0
rep2,1.172,2671,0
rep2,1.1721,2672,0
rep2,1.1722,2673,0
rep2,1.1723,2674,0
rep2,1.1724,2675,0
rep2,1.1724,2676,0
rep2,1.1724,2677,0
rep2,1.1724,2678,0
rep2,1.1724,2679,0
rep2,1.1725,2680,0
rep2,1.1725,2681,0
rep2,1.1726,2682,0
rep2,1.1726,2683,0
rep2,1.1726,2684,0
rep2,1.1727,2685,0
rep2,1.1728,2686,0
rep2,1.1729,2687,0
rep2,1.173,2688,0
rep2,1.173,2689,0
rep2,1.1731,2690,0
rep2,1.1731,2691,0
rep2,1.1731,2692,0
rep2,1.1732,2693,0
rep2,1.1733,2694,0
rep2,1.1733,2695,0
rep2,1.1734,2696,0
rep2,1.1736,2697,0
rep2,1.1736,2698,0
rep2,1.1736,2699,0
rep2,1.1736,2700,0
rep2,1.1739,2701,0
rep2,1.1739,2702,0
rep2,1.1739,2703,0
rep2,1.174,2704,0
rep2,1.174,2705,0
rep2,1.174,2706,0
rep2,1.1741,2707,0
rep2,1.1741,2708,0
rep2,1.1741,2709,0
rep2,1.1742,2710,0
rep2,1.1742,2711,0
rep2,1.1742,2712,0
rep2,1.1742,2713,0
rep2,1.1742,2714,0
rep2,1.1743,2715,0
rep2,1.1743,2716,0
rep2,1.1743,2717,0
rep2,1.1744,2718,0
rep2,1.1745,2719,0
rep2,1.1745,2720,0
rep2,1.1747,2721,0
rep2,1.1747,2722,0
rep2,1.1749,2723,0
rep2,1.175,2724,0
rep2,1.1751,2725,0
rep2,1.1752,2726,0
rep2,1.1752,2727,0
rep2,1.1752,2728,0
rep2,1.1753,2729,0
rep2,1.1753,2730,0
rep2,1.1754,2731,0
rep2,1.1755,2732,0
rep2,1.1755,2733,0
rep2,1.1755,2734,0
rep2,1.1756,2735,0
rep2,1.1756,2736,0
rep2,1.1757,2737,0
rep2,1.1758,2738,0
rep2,1.1758,2739,0
rep2,1.1758,2740,0
rep2,1.1759,2741,0
rep2,1.1759,2742,0
rep2,1.1759,2743,0
rep2,1.176,2744,0
rep2,1.176,2745,0
rep2,1.1761,2746,0
rep2,1.1761,2747,0
rep2,1.1762,2748,0
rep2,1.1762,2749,0
rep2,1.1763,2750,0
rep2,1.1763,2751,0
rep2,1.1763,2752,0
rep2,1.1765,2753,0
rep2,1.1766,2754,0
rep2,1.1766,2755,0
rep2,1.1766,2756,0
rep2,1.1767,2757,0
rep2,1.1768,2758,0
rep2,1.1768,2759,0
rep2,1.1769,2760,0
rep2,1.1769,2761,0
rep2,1.177,2762,0
rep2,1.177,2763,0
rep2,1.1771,2764,0
rep2,1.1772,2765,0
rep2,1.1773,2766,0
rep2,1.1774,2767,0
rep2,1.1774,2768,0
rep2,1.1774,2769,0
rep2,1.1774,2770,0
rep2,1.1777,2771,0
rep2,1.1777,2772,0
rep2,1.1777,2773,0
rep2,1.1777,2774,0
rep2,1.1778,2775,0
rep2,1.1782,2776,0
rep2,1.1782,2777,0
rep2,1.1783,2778,0
rep2,1.1784,2779,0
rep2,1.1784,2780,0
rep2,1.1784,2781,0
rep2,1.1785,2782,0
rep2,1.1786,2783,0
rep2,1.1787,2784,0
rep2,1.1788,2785,0
rep2,1.1789,2786,0
rep2,1.1789,2787,0
rep2,1.1789,2788,0
rep2,1.179,2789,0
rep2,1.1793,2790,0
rep2,1.1793,2791,0
rep2,1.1794,2792,0
rep2,1.1795,2793,0
rep2,1.1795,2794,0
rep2,1.1797,2795,0
rep2,1.1797,2796,0
rep2,1.1797,2797,0
rep2,1.1798,2798,0
rep2,1.1798,2799,0
rep2,1.18,2800,0
rep2,1.1801,2801,0
rep2,1.1801,2802,0
rep2,1.1802,2803,0
rep2,1.1802,2804,0
rep2,1.1803,2805,0
rep2,1.1804,2806,0
rep2,1.1805,2807,0
rep2,1.1806,2808,0
rep2,1.1807,2809,0
rep2,1.1808,2810,0
rep2,1.1808,2811,0
rep2,1.181,2812,0
rep2,1.181,2813,0
rep2,1.1812,2814,0
rep2,1.1813,2815,0
rep2,1.1815,2816,0
rep2,1.1815,2817,0
rep2,1.1816,2818,0
rep2,1.1817,2819,0
rep2,1.1817,2820,0
rep2,1.1818,2821,0
rep2,1.182,2822,0
rep2,1.1821,2823,0
rep2,1.1821,2824,0
rep2,1.1822,2825,0
rep2,1.1822,2826,0
rep2,1.1824,2827,0
rep2,1.1825,2828,0
rep2,1.1827,2829,0
rep2,1.1828,2830,0
rep2,1.183,2831,0
rep2,1.183,2832,0
rep2,1.1831,2833,0
rep2,1.1831,2834,0
rep2,1.1831,2835,0
rep2,1.1832,2836,0
rep2,1.1833,2837,0
rep2,1.1835,2838,0
rep2,1.1837,2839,0
rep2,1.1837,2840,0
rep2,1.1837,2841,0
rep2,1.1838,2842,0
rep2,1.1839,2843,0
rep2,1.1839,2844,0
rep2,1.1839,2845,0
rep2,1.1839,2846,0
rep2,1.184,2847,0
rep2,1.1842,2848,0
rep2,1.1843,2849,0
rep2,1.1846,2850,0
rep2,1.1846,2851,0
rep2,1.1847,2852,0
rep2,1.1849,2853,0
rep2,1.1849,2854,0
rep2,1.185,2855,0
rep2,1.185,2856,0
rep2,1.1852,2857,0
rep2,1.1856,2858,0
rep2,1.1856,2859,0
rep2,1.1857,2860,0
rep2,1.1857,2861,0
rep2,1.1858,2862,0
rep2,1.1859,2863,0
rep2,1.1859,2864,0
rep2,1.186,2865,0
rep2,1.1861,2866,0
rep2,1.1863,2867,0
rep2,1.1863,2868,0
rep2,1.1864,2869,0
rep2,1.1866,2870,0
rep2,1.1867,2871,0
rep2,1.1868,2872,0
rep2,1.187,2873,0
rep2,1.1872,2874,0
rep2,1.1874,2875,0
rep2,1.1876,2876,0
rep2,1.1876,2877,0
rep2,1.1879,2878,0
rep2,1.1879,2879,0
rep2,1.1879,2880,0
rep2,1.188,2881,0
rep2,1.188,2882,0
rep2,1.1881,2883,0
rep2,1.1882,2884,0
rep2,1.1882,2885,0
rep2,1.1882,2886,0
rep2,1.1882,2887,0
rep2,1.1883,2888,0
rep2,1.1883,2889,0
rep2,1.1887,2890,0
rep2,1.1887,2891,0
rep2,1.1888,2892,0
rep2,1.1888,2893,0
rep2,1.1888,2894,0
rep2,1.1888,2895,0
rep2,1.1889,2896,0
rep2,1.189,2897,0
rep2,1.189,2898,0
rep2,1.1891,2899,0
rep2,1.1891,2900,0
rep2,1.1892,2901,0
rep2,1.1892,2902,0
rep2,1.1893,2903,0
rep2,1.1893,2904,0
rep2,1.1893,2905,0
rep2,1.1893,2906,0
rep2,1.1895,2907,0
rep2,1.1897,2908,0
rep2,1.1897,2909,0
rep2,1.1897,2910,0
rep2,1.1898,2911,0
rep2,1.1898,2912,0
rep2,1.1901,2913,0
rep2,1.1901,2914,0
rep2,1.1902,2915,0
rep2,1.1902,2916,0
rep2,1.1902,2917,0
rep2,1.1904,2918,0
rep2,1.1904,2919,0
rep2,1.1905,2920,0
rep2,1.1906,2921,0
rep2,1.1906,2922,0
rep2,1.1908,2923,0
rep2,1.1909,2924,0
rep2,1.1909,2925,0
rep2,1.1911,2926,0
rep2,1.1911,2927,0
rep2,1.1913,2928,0
rep2,1.1913,2929,0
rep2,1.1914,2930,0
rep2,1.1917,2931,0
rep2,1.1917,2932,0
rep2,1.1918,2933,0
rep2,1.1918,2934,0
rep2,1.1918,2935,0
rep2,1.1918,2936,0
rep2,1.1919,2937,0
rep2,1.1919,2938,0
rep2,1.192,2939,0
rep2,1.192,2940,0
rep2,1.192,2941,0
rep2,1.1921,2942,0
rep2,1.1921,2943,0
rep2,1.1921,2944,0
rep2,1.1922,2945,0
rep2,1.1922,2946,0
rep2,1.1922,2947,0
rep2,1.1924,2948,0
rep2,1.1927,2949,0
rep2,1.1927,2950,0
rep2,1.1929,2951,0
rep2,1.1929,2952,0
rep2,1.193,2953,0
rep2,1.193,2954,0
rep2,1.1932,2955,0
rep2,1.1933,2956,0
rep2,1.1933,2957,0
rep2,1.1935,2958,0
rep2,1.1935,2959,0
rep2,1.1936,2960,0
rep2,1.1936,2961,0
rep2,1.1937,2962,0
rep2,1.1937,2963,0
rep2,1.1938,2964,0
rep2,1.194,2965,0
rep2,1.194,2966,0
rep2,1.1941,2967,0
rep2,1.1942,2968,0
rep2,1.1942,2969,0
rep2,1.1942,2970,0
rep2,1.1942,2971,0
rep2,1.1943,2972,0
rep2,1.1944,2973,0
rep2,1.1944,2974,0
rep2,1.1945,2975,0
rep2,1.1947,2976,0
rep2,1.1947,2977,0
rep2,1.1947,2978,0
rep2,1.1948,2979,0
rep2,1.1949,2980,0
rep2,1.195,2981,0
rep2,1.195,2982,0
rep2,1.195,2983,0
rep2,1.195,2984,0
rep2,1.1951,2985,0
rep2,1.1951,2986,0
rep2,1.1952,2987,0
rep2,1.1952,2988,0
rep2,1.1953,2989,0
rep2,1.1954,2990,0
rep2,1.1955,2991,0
rep2,1.1955,2992,0
rep2,1.1955,2993,0
rep2,1.1956,2994,0
rep2,1.1956,2995,0
rep2,1.1956,2996,0
rep2,1.1957,2997,0
rep2,1.1958,2998,0
rep2,1.1958,2999,0
rep2,1.1958,3000,0
rep2,1.1958,3001,0
rep2,1.1959,3002,0
rep2,1.196,3003,0
rep2,1.196,3004,0
rep2,1.1961,3005,0
rep2,1.1961,3006,0
rep2,1.1961,3007,0
rep2,1.1963,3008,0
rep2,1.1963,3009,0
rep2,1.1964,3010,0
rep2,1.1965,3011,0
rep2,1.1966,3012,0
rep2,1.1967,3013,0
rep2,1.1968,3014,0
rep2,1.1968,3015,0
rep2,1.1968,3016,0
rep2,1.1968,3017,0
rep2,1.1969,3018,0
rep2,1.1969,3019,0
rep2,1.1972,3020,0
rep2,1.1973,3021,0
rep2,1.1973,3022,0
rep2,1.1973,3023,0
rep2,1.1973,3024,0
rep2,1.1973,3025,0
rep2,1.1974,3026,0
rep2,1.1975,3027,0
rep2,1.1976,3028,0
rep2,1.1976,3029,0
rep2,1.1978,3030,0
rep2,1.1978,3031,0
rep2,1.198,3032,0
rep2,1.1981,3033,0
rep2,1.1982,3034,0
rep2,1.1982,3035,0
rep2,1.1982,3036,0
rep2,1.1983,3037,0
rep2,1.1983,3038,0
rep2,1.1984,3039,0
rep2,1.1984,3040,0
rep2,1.1985,3041,0
rep2,1.1985,3042,0
rep2,1.1987,3043,0
rep2,1.1987,3044,0
rep2,1.1988,3045,0
rep2,1.1988,3046,0
rep2,1.1989,3047,0
rep2,1.199,3048,0
rep2,1.199,3049,0
rep2,1.1991,3050,0
rep2,1.1991,3051,0
rep2,1.1992,3052,0
rep2,1.1992,3053,0
rep2,1.1993,3054,0
rep2,1.1993,3055,0
rep2,1.1994,3056,0
rep2,1.1995,3057,0
rep2,1.1996,3058,0
rep2,1.1997,3059,0
rep2,1.1998,3060,0
rep2,1.1999,3061,0
rep2,1.2,3062,0
rep2,1.2002,3063,0
rep2,1.2002,3064,0
rep2,1.2003,3065,0
rep2,1.2003,3066,0
rep2,1.2004,3067,0
rep2,1.2006,3068,0
rep2,1.2007,3069,0
rep2,1.2007,3070,0
rep2,1.2008,3071,0
rep2,1.2008,3072,0
rep2,1.2009,3073,0
rep2,1.2009,3074,0
rep2,1.2009,3075,0
rep2,1.2014,3076,0
rep2,1.2014,3077,0
rep2,1.2015,3078,0
rep2,1.2016,3079,0
rep2,1.2016,3080,0
rep2,1.2017,3081,0
rep2,1.2018,3082,0
rep2,1.2019,3083,0
rep2,1.2021,3084,0
rep2,1.2022,3085,0
rep2,1.2022,3086,0
rep2,1.2023,3087,0
rep2,1.2023,3088,0
rep2,1.2024,3089,0
rep2,1.2024,3090,0
rep2,1.2024,3091,0
rep2,1.2025,3092,0
rep2,1.2026,3093,0
rep2,1.2026,3094,0
rep2,1.2029,3095,0
rep2,1.203,3096,0
rep2,1.203,3097,0
rep2,1.203,3098,0
rep2,1.2031,3099,0
rep2,1.2031,3100,0
rep2,1.2031,3101,0
rep2,1.2031,3102,0
rep2,1.2031,3103,0
rep2,1.2034,3104,0
rep2,1.2034,3105,0
rep2,1.2035,3106,0
rep2,1.2035,3107,0
rep2,1.2035,3108,0
rep2,1.2036,3109,0
rep2,1.2036,3110,0
rep2,1.2037,3111,0
rep2,1.2037,3112,0
rep2,1.2038,3113,0
rep2,1.2038,3114,0
rep2,1.204,3115,0
rep2,1.204,3116,0
rep2,1.204,3117,0
rep2,1.2041,3118,0
rep2,1.2041,3119,0
rep2,1.2041,3120,0
rep2,1.2043,3121,0
rep2,1.2046,3122,0
rep2,1.2046,3123,0
rep2,1.2047,3124,0
rep2,1.2047,3125,0
rep2,1.2048,3126,0
rep2,1.2048,3127,0
rep2,1.2048,3128,0
rep2,1.2049,3129,0
rep2,1.2049,3130,0
rep2,1.205,3131,0
rep2,1.205,3132,0
rep2,1.2052,3133,0
rep2,1.2052,3134,0
rep2,1.2052,3135,0
rep2,1.2053,3136,0
rep2,1.2054,3137,0
rep2,1.2054,3138,0
rep2,1.2054,3139,0
rep2,1.2056,3140,0
rep2,1.2057,3141,0
rep2,1.2058,3142,0
rep2,1.2059,3143,0
rep2,1.2059,3144,0
rep2,1.206,3145,0
rep2,1.206,3146,0
rep2,1.2061,3147,0
rep2,1.2062,3148,0
rep2,1.2062,3149,0
rep2,1.2063,3150,0
rep2,1.2064,3151,0
rep2,1.2067,3152,0
rep2,1.2068,3153,0
rep2,1.2068,3154,0
rep2,1.2068,3155,0
rep2,1.207,3156,0
rep2,1.207,3157,0
rep2,1.207,3158,0
rep2,1.2072,3159,0
rep2,1.2072,3160,0
rep2,1.2073,3161,0
rep2,1.2073,3162,0
rep2,1.2074,3163,0
rep2,1.2074,3164,0
rep2,1.2076,3165,0
rep2,1.2077,3166,0
rep2,1.2078,3167,0
rep2,1.2078,3168,0
rep2,1.2079,3169,0
rep2,1.2079,3170,0
rep2,1.2079,3171,0
rep2,1.208,3172,0
rep2,1.2081,3173,0
rep2,1.2081,3174,0
rep2,1.2081,3175,0
rep2,1.2082,3176,0
rep2,1.2086,3177,0
rep2,1.2086,3178,0
rep2,1.2087,3179,0
rep2,1.2087,3180,0
rep2,1.2088,3181,0
rep2,1.2089,3182,0
rep2,1.2089,3183,0
rep2,1.2089,3184,0
rep2,1.209,3185,0
rep2,1.209,3186,0
rep2,1.209,3187,0
rep2,1.2091,3188,0
rep2,1.2091,3189,0
rep2,1.2092,3190,0
rep2,1.2092,3191,0
rep2,1.2093,3192,0
rep2,1.2095,3193,0
rep2,1.2095,3194,0
rep2,1.2095,3195,0
rep2,1.2097,3196,0
rep2,1.2098,3197,0
rep2,1.2101,3198,0
rep2,1.2101,3199,0
rep2,1.2102,3200,0
rep2,1.2102,3201,0
rep2,1.2103,3202,0
rep2,1.2103,3203,0
rep2,1.2103,3204,0
rep2,1.2105,3205,0
rep2,1.2105,3206,0
rep2,1.2105,3207,0
rep2,1.2106,3208,0
rep2,1.2106,3209,0
rep2,1.2106,3210,0
rep2,1.2107,3211,0
rep2,1.2108,3212,0
rep2,1.2108,3213,0
rep2,1.2108,3214,0
rep2,1.2109,3215,0
rep2,1.2111,3216,0
rep2,1.2113,3217,0
rep2,1.2113,3218,0
rep2,1.2114,3219,0
rep2,1.2114,3220,0
rep2,1.2114,3221,0
rep2,1.2114,3222,0
rep2,1.2115,3223,0
rep2,1.2117,3224,0
rep2,1.2117,3225,0
rep2,1.2118,3226,0
rep2,1.2119,3227,0
rep2,1.2119,3228,0
rep2,1.212,3229,0
rep2,1.212,3230,0
rep2,1.2121,3231,0
rep2,1.2121,3232,0
rep2,1.2122,3233,0
rep2,1.2123,3234,0
rep2,1.2123,3235,0
rep2,1.2125,3236,0
rep2,1.2125,3237,0
rep2,1.2126,3238,0
rep2,1.2127,3239,0
rep2,1.2128,3240,0
rep2,1.2128,3241,0
rep2,1.213,3242,0
rep2,1.2131,3243,0
rep2,1.2131,3244,0
rep2,1.2132,3245,0
rep2,1.2133,3246,0
rep2,1.2133,3247,0
rep2,1.2134,3248,0
rep2,1.2135,3249,0
rep2,1.2135,3250,0
rep2,1.2135,3251,0
rep2,1.2137,3252,0
rep2,1.2137,3253,0
rep2,1.2141,3254,0
rep2,1.2141,3255,0
rep2,1.2143,3256,0
rep2,1.2143,3257,0
rep2,1.2144,3258,0
rep2,1.2146,3259,0
rep2,1.2146,3260,0
rep2,1.2147,3261,0
rep2,1.2147,3262,0
rep2,1.2148,3263,0
rep2,1.2149,3264,0
rep2,1.2151,3265,0
rep2,1.2153,3266,0
rep2,1.2154,3267,0
rep2,1.2155,3268,0
rep2,1.2155,3269,0
rep2,1.2155,3270,0
rep2,1.2156,3271,0
rep2,1.2156,3272,0
rep2,1.2158,3273,0
rep2,1.2158,3274,0
rep2,1.2159,3275,0
rep2,1.2161,3276,0
rep2,1.2162,3277,0
rep2,1.2162,3278,0
rep2,1.2163,3279,0
rep2,1.2164,3280,0
rep2,1.2164,3281,0
rep2,1.2164,3282,0
rep2,1.2165,3283,0
rep2,1.2166,3284,0
rep2,1.2167,3285,0
rep2,1.2168,3286,0
rep2,1.2168,3287,0
rep2,1.2173,3288,0
rep2,1.2173,3289,0
rep2,1.2174,3290,0
rep2,1.2174,3291,0
rep2,1.2176,3292,0
rep2,1.2176,3293,0
rep2,1.2177,3294,0
rep2,1.2178,3295,0
rep2,1.2178,3296,0
rep2,1.2178,3297,0
rep2,1.2179,3298,0
rep2,1.2179,3299,0
rep2,1.2181,3300,0
rep2,1.2182,3301,0
rep2,1.2185,3302,0
rep2,1.2185,3303,0
rep2,1.2186,3304,0
rep2,1.2188,3305,0
rep2,1.2189,3306,0
rep2,1.2189,3307,0
rep2,1.219,3308,0
rep2,1.2191,3309,0
rep2,1.2191,3310,0
rep2,1.2192,3311,0
rep2,1.2192,3312,0
rep2,1.2193,3313,0
rep2,1.2194,3314,0
rep2,1.2196,3315,0
rep2,1.2197,3316,0
rep2,1.2197,3317,0
rep2,1.2198,3318,0
rep2,1.22,3319,0
rep2,1.2201,3320,0
rep2,1.2201,3321,0
rep2,1.2201,3322,0
rep2,1.2203,3323,0
rep2,1.2204,3324,0
rep2,1.2205,3325,0
rep2,1.2207,3326,0
rep2,1.2207,3327,0
rep2,1.2207,3328,0
rep2,1.2208,3329,0
rep2,1.2209,3330,0
rep2,1.2211,3331,0
rep2,1.2212,3332,0
rep2,1.2215,3333,0
rep2,1.2215,3334,0
rep2,1.2216,3335,0
rep2,1.2222,3336,0
rep2,1.2222,3337,0
rep2,1.2223,3338,0
rep2,1.2224,3339,0
rep2,1.2225,3340,0
rep2,1.2225,3341,0
rep2,1.2226,3342,0
rep2,1.2227,3343,0
rep2,1.2227,3344,0
rep2,1.2229,3345,0
rep2,1.223,3346,0
rep2,1.2232,3347,0
rep2,1.2232,3348,0
rep2,1.2234,3349,0
rep2,1.2234,3350,0
rep2,1.2235,3351,0
rep2,1.2237,3352,0
rep2,1.224,3353,0
rep2,1.2242,3354,0
rep2,1.2243,3355,0
rep2,1.2243,3356,0
rep2,1.2244,3357,0
rep2,1.2244,3358,0
rep2,1.2245,3359,0
rep2,1.2245,3360,0
rep2,1.2245,3361,0
rep2,1.2246,3362,0
rep2,1.2248,3363,0
rep2,1.2248,3364,0
rep2,1.2249,3365,0
rep2,1.2249,3366,0
rep2,1.225,3367,0
rep2,1.2251,3368,0
rep2,1.2253,3369,0
rep2,1.2254,3370,0
rep2,1.2255,3371,0
rep2,1.2255,3372,0
rep2,1.2256,3373,0
rep2,1.2258,3374,0
rep2,1.2258,3375,0
rep2,1.2259,3376,0
rep2,1.226,3377,0
rep2,1.2263,3378,0
rep2,1.2264,3379,0
rep2,1.2264,3380,0
rep2,1.2264,3381,0
rep2,1.2265,3382,0
rep2,1.2265,3383,0
rep2,1.2265,3384,0
rep2,1.2265,3385,0
rep2,1.2266,3386,0
rep2,1.2266,3387,0
rep2,1.2269,3388,0
rep2,1.227,3389,0
rep2,1.2271,3390,0
rep2,1.2273,3391,0
rep2,1.2274,3392,0
rep2,1.2274,3393,0
rep2,1.2274,3394,0
rep2,1.2275,3395,0
rep2,1.2277,3396,0
rep2,1.2278,3397,0
rep2,1.2278,3398,0
rep2,1.2279,3399,0
rep2,1.2279,3400,0
rep2,1.2279,3401,0
rep2,1.2279,3402,0
rep2,1.228,3403,0
rep2,1.2282,3404,0
rep2,1.2282,3405,0
rep2,1.2282,3406,0
rep2,1.2284,3407,0
rep2,1.2285,3408,0
rep2,1.2287,3409,0
rep2,1.2288,3410,0
rep2,1.2289,3411,0
rep2,1.2289,3412,0
rep2,1.2289,3413,0
rep2,1.229,3414,0
rep2,1.2292,3415,0
rep2,1.2292,3416,0
rep2,1.2293,3417,0
rep2,1.2293,3418,0
rep2,1.2294,3419,0
rep2,1.2294,3420,0
rep2,1.2295,3421,0
rep2,1.2296,3422,0
rep2,1.2297,3423,0
rep2,1.2298,3424,0
rep2,1.2299,3425,0
rep2,1.23,3426,0
rep2,1.2301,3427,0
rep2,1.2303,3428,0
rep2,1.2305,3429,0
rep2,1.2305,3430,0
rep2,1.2305,3431,0
rep2,1.2306,3432,0
rep2,1.2306,3433,0
rep2,1.2307,3434,0
rep2,1.2307,3435,0
rep2,1.2307,3436,0
rep2,1.2308,3437,0
rep2,1.2308,3438,0
rep2,1.2308,3439,0
rep2,1.2309,3440,0
rep2,1.2309,3441,0
rep2,1.2311,3442,0
rep2,1.2311,3443,0
rep2,1.2312,3444,0
rep2,1.2312,3445,0
rep2,1.2312,3446,0
rep2,1.2312,3447,0
rep2,1.2313,3448,0
rep2,1.2313,3449,0
rep2,1.2314,3450,0
rep2,1.2315,3451,0
rep2,1.2316,3452,0
rep2,1.2316,3453,0
rep2,1.2317,3454,0
rep2,1.2317,3455,0
rep2,1.2317,3456,0
rep2,1.2317,3457,0
rep2,1.2318,3458,0
rep2,1.2319,3459,0
rep2,1.2319,3460,0
rep2,1.232,3461,0
rep2,1.232,3462,0
rep2,1.232,3463,0
rep2,1.2322,3464,0
rep2,1.2322,3465,0
rep2,1.2323,3466,0
rep2,1.2326,3467,0
rep2,1.2326,3468,0
rep2,1.2326,3469,0
rep2,1.2327,3470,0
rep2,1.2327,3471,0
rep2,1.233,3472,0
rep2,1.2331,3473,0
rep2,1.2331,3474,0
rep2,1.2331,3475,0
rep2,1.2331,3476,0
rep2,1.2332,3477,0
rep2,1.2333,3478,0
rep2,1.2333,3479,0
rep2,1.2335,3480,0
rep2,1.2335,3481,0
rep2,1.2337,3482,0
rep2,1.2337,3483,0
rep2,1.234,3484,0
rep2,1.234,3485,0
rep2,1.234,3486,0
rep2,1.2346,3487,0
rep2,1.2347,3488,0
rep2,1.2349,3489,0
rep2,1.2349,3490,0
rep2,1.235,3491,0
rep2,1.2352,3492,0
rep2,1.2353,3493,0
rep2,1.2353,3494,0
rep2,1.2354,3495,0
rep2,1.2354,3496,0
rep2,1.2354,3497,0
rep2,1.2355,3498,0
rep2,1.2356,3499,0
rep2,1.2356,3500,0
rep2,1.2356,3501,0
rep2,1.2356,3502,0
rep2,1.2357,3503,0
rep2,1.2357,3504,0
rep2,1.2357,3505,0
rep2,1.2358,3506,0
rep2,1.2359,3507,0
rep2,1.2361,3508,0
rep2,1.2361,3509,0
rep2,1.2362,3510,0
rep2,1.2364,3511,0
rep2,1.2365,3512,0
rep2,1.2366,3513,0
rep2,1.2367,3514,0
rep2,1.2367,3515,0
rep2,1.2368,3516,0
rep2,1.2368,3517,0
rep2,1.2368,3518,0
rep2,1.2369,3519,0
rep2,1.2369,3520,0
rep2,1.237,3521,0
rep2,1.2371,3522,0
rep2,1.2372,3523,0
rep2,1.2372,3524,0
rep2,1.2373,3525,0
rep2,1.2373,3526,0
rep2,1.2374,3527,0
rep2,1.2375,3528,0
rep2,1.2376,3529,0
rep2,1.2377,3530,0
rep2,1.2378,3531,0
rep2,1.238,3532,0
rep2,1.238,3533,0
rep2,1.238,3534,0
rep2,1.2381,3535,0
rep2,1.2381,3536,0
rep2,1.2382,3537,0
rep2,1.2384,3538,0
rep2,1.2384,3539,0
rep2,1.2384,3540,0
rep2,1.2385,3541,0
rep2,1.2385,3542,0
rep2,1.2386,3543,0
rep2,1.2389,3544,0
rep2,1.2389,3545,0
rep2,1.239,3546,0
rep2,1.2394,3547,0
rep2,1.2394,3548,0
rep2,1.2394,3549,0
rep2,1.2394,3550,0
rep2,1.2396,3551,0
rep2,1.2396,3552,0
rep2,1.2396,3553,0
rep2,1.2397,3554,0
rep2,1.2397,3555,0
rep2,1.2398,3556,0
rep2,1.2398,3557,0
rep2,1.2399,3558,0
rep2,1.2399,3559,0
rep2,1.24,3560,0
rep2,1.24,3561,0
rep2,1.2402,3562,0
rep2,1.2403,3563,0
rep2,1.2405,3564,0
rep2,1.2405,3565,0
rep2,1.2406,3566,0
rep2,1.2406,3567,0
rep2,1.2409,3568,0
rep2,1.2409,3569,0
rep2,1.2409,3570,0
rep2,1.2409,3571,0
rep2,1.241,3572,0
rep2,1.2411,3573,0
rep2,1.2411,3574,0
rep2,1.2411,3575,0
rep2,1.2414,3576,0
rep2,1.2415,3577,0
rep2,1.2416,3578,0
rep2,1.2417,3579,0
rep2,1.2419,3580,0
rep2,1.2421,3581,0
rep2,1.2421,3582,0
rep2,1.2422,3583,0
rep2,1.2422,3584,0
rep2,1.2424,3585,0
rep2,1.2424,3586,0
rep2,1.2425,3587,0
rep2,1.2426,3588,0
rep2,1.2427,3589,0
rep2,1.2428,3590,0
rep2,1.2428,3591,0
rep2,1.2429,3592,0
rep2,1.2429,3593,0
rep2,1.2431,3594,0
rep2,1.2432,3595,0
rep2,1.2435,3596,0
rep2,1.2436,3597,0
rep2,1.2437,3598,0
rep2,1.2438,3599,0
rep2,1.2439,3600,0
rep2,1.2439,3601,0
rep2,1.2441,3602,0
rep2,1.2442,3603,0
rep2,1.2443,3604,0
rep2,1.2445,3605,0
rep2,1.2445,3606,0
rep2,1.2445,3607,0
rep2,1.2446,3608,0
rep2,1.2446,3609,0
rep2,1.2447,3610,0
rep2,1.2447,3611,0
rep2,1.2448,3612,0
rep2,1.2449,3613,0
rep2,1.245,3614,0
rep2,1.2452,3615,0
rep2,1.2452,3616,0
rep2,1.2452,3617,0
rep2,1.2453,3618,0
rep2,1.2453,3619,0
rep2,1.2454,3620,0
rep2,1.2454,3621,0
rep2,1.2455,3622,0
rep2,1.2455,3623,0
rep2,1.2457,3624,0
rep2,1.2459,3625,0
rep2,1.2459,3626,0
rep2,1.2459,3627,0
rep2,1.2461,3628,0
rep2,1.2461,3629,0
rep2,1.2462,3630,0
rep2,1.2462,3631,0
rep2,1.2462,3632,0
rep2,1.2462,3633,0
rep2,1.2463,3634,0
rep2,1.2463,3635,0
rep2,1.2463,3636,0
rep2,1.2464,3637,0
rep2,1.2466,3638,0
rep2,1.2467,3639,0
rep2,1.2467,3640,0
rep2,1.2469,3641,0
rep2,1.2472,3642,0
rep2,1.2473,3643,0
rep2,1.2473,3644,0
rep2,1.2475,3645,0
rep2,1.2475,3646,0
rep2,1.2475,3647,0
rep2,1.2476,3648,0
rep2,1.2479,3649,0
rep2,1.2479,3650,0
rep2,1.2481,3651,0
rep2,1.2483,3652,0
rep2,1.2483,3653,0
rep2,1.2486,3654,0
rep2,1.2486,3655,0
rep2,1.2487,3656,0
rep2,1.2489,3657,0
rep2,1.2489,3658,0
rep2,1.2489,3659,0
rep2,1.249,3660,0
rep2,1.2491,3661,0
rep2,1.2491,3662,0
rep2,1.2491,3663,0
rep2,1.2491,3664,0
rep2,1.2492,3665,0
rep2,1.2493,3666,0
rep2,1.2494,3667,0
rep2,1.2494,3668,0
rep2,1.2497,3669,0
rep2,1.2497,3670,0
rep2,1.2497,3671,0
rep2,1.2499,3672,0
rep2,1.2499,3673,0
rep2,1.2499,3674,0
rep2,1.25,3675,0
rep2,1.25,3676,0
rep2,1.2501,3677,0
rep2,1.2506,3678,0
rep2,1.2506,3679,0
rep2,1.2507,3680,0
rep2,1.2508,3681,0
rep2,1.2509,3682,0
rep2,1.2509,3683,0
rep2,1.251,3684,0
rep2,1.251,3685,0
rep2,1.2511,3686,0
rep2,1.2512,3687,0
rep2,1.2513,3688,0
rep2,1.2513,3689,0
rep2,1.2513,3690,0
rep2,1.2516,3691,0
rep2,1.2516,3692,0
rep2,1.2518,3693,0
rep2,1.2522,3694,0
rep2,1.2522,3695,0
rep2,1.2524,3696,0
rep2,1.2525,3697,0
rep2,1.2527,3698,0
rep2,1.2527,3699,0
rep2,1.2529,3700,0
rep2,1.2529,3701,0
rep2,1.253,3702,0
rep2,1.2531,3703,0
rep2,1.2532,3704,0
rep2,1.2533,3705,0
rep2,1.2535,3706,0
rep2,1.2536,3707,0
rep2,1.2537,3708,0
rep2,1.2538,3709,0
rep2,1.2539,3710,0
rep2,1.2539,3711,0
rep2,1.2539,3712,0
rep2,1.254,3713,0
rep2,1.254,3714,0
rep2,1.2541,3715,0
rep2,1.2541,3716,0
rep2,1.2543,3717,0
rep2,1.2546,3718,0
rep2,1.2547,3719,0
rep2,1.2549,3720,0
rep2,1.2554,3721,0
rep2,1.2555,3722,0
rep2,1.2558,3723,0
rep2,1.2559,3724,0
rep2,1.2559,3725,0
rep2,1.256,3726,0
rep2,1.256,3727,0
rep2,1.2563,3728,0
rep2,1.2564,3729,0
rep2,1.2564,3730,0
rep2,1.2565,3731,0
rep2,1.2566,3732,0
rep2,1.2567,3733,0
rep2,1.2567,3734,0
rep2,1.2568,3735,0
rep2,1.2568,3736,0
rep2,1.257,3737,0
rep2,1.257,3738,0
rep2,1.2571,3739,0
rep2,1.2573,3740,0
rep2,1.2575,3741,0
rep2,1.2576,3742,0
rep2,1.2576,3743,0
rep2,1.2578,3744,0
rep2,1.2578,3745,0
rep2,1.2579,3746,0
rep2,1.258,3747,0
rep2,1.2581,3748,0
rep2,1.2582,3749,0
rep2,1.2583,3750,0
rep2,1.2585,3751,0
rep2,1.2588,3752,0
rep2,1.2588,3753,0
rep2,1.2589,3754,0
rep2,1.2589,3755,0
rep2,1.259,3756,0
rep2,1.2591,3757,0
rep2,1.2591,3758,0
rep2,1.2591,3759,0
rep2,1.2592,3760,0
rep2,1.2592,3761,0
rep2,1.2593,3762,0
rep2,1.2595,3763,0
rep2,1.2596,3764,0
rep2,1.2597,3765,0
rep2,1.2597,3766,0
rep2,1.2598,3767,0
rep2,1.26,3768,0
rep2,1.2601,3769,0
rep2,1.2602,3770,0
rep2,1.2603,3771,0
rep2,1.2604,3772,0
rep2,1.2605,3773,0
rep2,1.2606,3774,0
rep2,1.2607,3775,0
rep2,1.2607,3776,0
rep2,1.2607,3777,0
rep2,1.2608,3778,0
rep2,1.2609,3779,0
rep2,1.261,3780,0
rep2,1.2611,3781,0
rep2,1.2612,3782,0
rep2,1.2613,3783,0
rep2,1.2613,3784,0
rep2,1.2614,3785,0
rep2,1.2614,3786,0
rep2,1.2614,3787,0
rep2,1.2617,3788,0
rep2,1.2617,3789,0
rep2,1.2618,3790,0
rep2,1.2618,3791,0
rep2,1.2619,3792,0
rep2,1.2621,3793,0
rep2,1.2621,3794,0
rep2,1.2622,3795,0
rep2,1.2622,3796,0
rep2,1.2624,3797,0
rep2,1.2624,3798,0
rep2,1.2624,3799,0
rep2,1.2624,3800,0
rep2,1.2627,3801,0
rep2,1.2627,3802,0
rep2,1.2628,3803,0
rep2,1.2631,3804,0
rep2,1.2632,3805,0
rep2,1.2633,3806,0
rep2,1.2634,3807,0
rep2,1.2634,3808,0
rep2,1.2634,3809,0
rep2,1.2636,3810,0
rep2,1.2636,3811,0
rep2,1.2637,3812,0
rep2,1.2637,3813,0
rep2,1.2638,3814,0
rep2,1.2642,3815,0
rep2,1.2642,3816,0
rep2,1.2643,3817,0
rep2,1.2643,3818,0
rep2,1.2644,3819,0
rep2,1.2644,3820,0
rep2,1.2645,3821,0
rep2,1.2646,3822,0
rep2,1.2646,3823,0
rep2,1.2649,3824,0
rep2,1.2649,3825,0
rep2,1.265,3826,0
rep2,1.2652,3827,0
rep2,1.2652,3828,0
rep2,1.2655,3829,0
rep2,1.2656,3830,0
rep2,1.2656,3831,0
rep2,1.2657,3832,0
rep2,1.2663,3833,0
rep2,1.2663,3834,0
rep2,1.2664,3835,0
rep2,1.2665,3836,0
rep2,1.2666,3837,0
rep2,1.2668,3838,0
rep2,1.2668,3839,0
rep2,1.2669,3840,0
rep2,1.2669,3841,0
rep2,1.2669,3842,0
rep2,1.267,3843,0
rep2,1.267,3844,0
rep2,1.2671,3845,0
rep2,1.2673,3846,0
rep2,1.2674,3847,0
rep2,1.2675,3848,0
rep2,1.2678,3849,0
rep2,1.2678,3850,0
rep2,1.2678,3851,0
rep2,1.2679,3852,0
rep2,1.268,3853,0
rep2,1.2681,3854,0
rep2,1.2682,3855,0
rep2,1.2683,3856,0
rep2,1.2686,3857,0
rep2,1.2687,3858,0
rep2,1.2688,3859,0
rep2,1.269,3860,0
rep2,1.2692,3861,0
rep2,1.2693,3862,0
rep2,1.2693,3863,0
rep2,1.2693,3864,0
rep2,1.2694,3865,0
rep2,1.2694,3866,0
rep2,1.2695,3867,0
rep2,1.2695,3868,0
rep2,1.2696,3869,0
rep2,1.2697,3870,0
rep2,1.2697,3871,0
rep2,1.2699,3872,0
rep2,1.2699,3873,0
rep2,1.2701,3874,0
rep2,1.2701,3875,0
rep2,1.2702,3876,0
rep2,1.2703,3877,0
rep2,1.2703,3878,0
rep2,1.2703,3879,0
rep2,1.2704,3880,0
rep2,1.2704,3881,0
rep2,1.2705,3882,0
rep2,1.2705,3883,0
rep2,1.2705,3884,0
rep2,1.2706,3885,0
rep2,1.2708,3886,0
rep2,1.2709,3887,0
rep2,1.2713,3888,0
rep2,1.2713,3889,0
rep2,1.2713,3890,0
rep2,1.2717,3891,0
rep2,1.2717,3892,0
rep2,1.272,3893,0
rep2,1.272,3894,0
rep2,1.2722,3895,0
rep2,1.2722,3896,0
rep2,1.2722,3897,0
rep2,1.2722,3898,0
rep2,1.2723,3899,0
rep2,1.2723,3900,0
rep2,1.2725,3901,0
rep2,1.2726,3902,0
rep2,1.2727,3903,0
rep2,1.273,3904,0
rep2,1.273,3905,0
rep2,1.273,3906,0
rep2,1.2731,3907,0
rep2,1.2731,3908,0
rep2,1.2732,3909,0
rep2,1.2733,3910,0
rep2,1.2734,3911,0
rep2,1.2735,3912,0
rep2,1.2735,3913,0
rep2,1.2737,3914,0
rep2,1.2737,3915,0
rep2,1.2738,3916,0
rep2,1.2738,3917,0
rep2,1.2739,3918,0
rep2,1.274,3919,0
rep2,1.2741,3920,0
rep2,1.2743,3921,0
rep2,1.2743,3922,0
rep2,1.2745,3923,0
rep2,1.2745,3924,0
rep2,1.2748,3925,0
rep2,1.2749,3926,0
rep2,1.275,3927,0
rep2,1.2751,3928,0
rep2,1.2751,3929,0
rep2,1.2753,3930,0
rep2,1.2754,3931,0
rep2,1.2755,3932,0
rep2,1.2757,3933,0
rep2,1.2759,3934,0
rep2,1.2759,3935,0
rep2,1.276,3936,0
rep2,1.2762,3937,0
rep2,1.2763,3938,0
rep2,1.2764,3939,0
rep2,1.2764,3940,0
rep2,1.2767,3941,0
rep2,1.2767,3942,0
rep2,1.2767,3943,0
rep2,1.2767,3944,0
rep2,1.2768,3945,0
rep2,1.2769,3946,0
rep2,1.2769,3947,0
rep2,1.277,3948,0
rep2,1.2772,3949,0
rep2,1.2774,3950,0
rep2,1.2774,3951,0
rep2,1.2775,3952,0
rep2,1.2778,3953,0
rep2,1.278,3954,0
rep2,1.278,3955,0
rep2,1.2781,3956,0
rep2,1.2783,3957,0
rep2,1.2784,3958,0
rep2,1.2785,3959,0
rep2,1.2785,3960,0
rep2,1.2786,3961,0
rep2,1.2787,3962,0
rep2,1.2788,3963,0
rep2,1.2788,3964,0
rep2,1.2789,3965,0
rep2,1.279,3966,0
rep2,1.279,3967,0
rep2,1.2791,3968,0
rep2,1.2792,3969,0
rep2,1.2793,3970,0
rep2,1.2794,3971,0
rep2,1.2795,3972,0
rep2,1.2797,3973,0
rep2,1.2798,3974,0
rep2,1.2798,3975,0
rep2,1.2798,3976,0
rep2,1.2801,3977,0
rep2,1.2802,3978,0
rep2,1.2804,3979,0
rep2,1.2806,3980,0
rep2,1.2806,3981,0
rep2,1.2807,3982,0
rep2,1.2808,3983,0
rep2,1.2811,3984,0
rep2,1.2813,3985,0
rep2,1.2814,3986,0
rep2,1.2815,3987,0
rep2,1.2815,3988,0
rep2,1.2817,3989,0
rep2,1.2817,3990,0
rep2,1.2817,3991,0
rep2,1.2819,3992,0
rep2,1.282,3993,0
rep2,1.282,3994,0
rep2,1.2822,3995,0
rep2,1.2823,3996,0
rep2,1.2826,3997,0
rep2,1.2828,3998,0
rep2,1.2828,3999,0
rep2,1.2829,4000,0
rep2,1.283,4001,0
rep2,1.283,4002,0
rep2,1.2832,4003,0
rep2,1.2835,4004,0
rep2,1.2838,4005,0
rep2,1.2838,4006,0
rep2,1.284,4007,0
rep2,1.2841,4008,0
rep2,1.2842,4009,0
rep2,1.2842,4010,0
rep2,1.2844,4011,0
rep2,1.2845,4012,0
rep2,1.2846,4013,0
rep2,1.2847,4014,0
rep2,1.2852,4015,0
rep2,1.2853,4016,0
rep2,1.2854,4017,0
rep2,1.2858,4018,0
rep2,1.2858,4019,0
rep2,1.2861,4020,0
rep2,1.2862,4021,0
rep2,1.2864,4022,0
rep2,1.2864,4023,0
rep2,1.2864,4024,0
rep2,1.2865,4025,0
rep2,1.2865,4026,0
rep2,1.2867,4027,0
rep2,1.2868,4028,0
rep2,1.2869,4029,0
rep2,1.287,4030,0
rep2,1.2872,4031,0
rep2,1.2873,4032,0
rep2,1.2874,4033,0
rep2,1.2876,4034,0
rep2,1.2877,4035,0
rep2,1.2877,4036,0
rep2,1.2878,4037,0
rep2,1.288,4038,0
rep2,1.2881,4039,0
rep2,1.2882,4040,0
rep2,1.2883,4041,0
rep2,1.2884,4042,0
rep2,1.2886,4043,0
rep2,1.2886,4044,0
rep2,1.2886,4045,0
rep2,1.2886,4046,0
rep2,1.2889,4047,0
rep2,1.2893,4048,0
rep2,1.2894,4049,0
rep2,1.2894,4050,0
rep2,1.2895,4051,0
rep2,1.2896,4052,0
rep2,1.2896,4053,0
rep2,1.2897,4054,0
rep2,1.2897,4055,0
rep2,1.2897,4056,0
rep2,1.2899,4057,0
rep2,1.2902,4058,0
rep2,1.2904,4059,0
rep2,1.2909,4060,0
rep2,1.2909,4061,0
rep2,1.2913,4062,0
rep2,1.2915,4063,0
rep2,1.2916,4064,0
rep2,1.2917,4065,0
rep2,1.2917,4066,0
rep2,1.2918,4067,0
rep2,1.2918,4068,0
rep2,1.2919,4069,0
rep2,1.292,4070,0
rep2,1.2921,4071,0
rep2,1.2921,4072,0
rep2,1.2922,4073,0
rep2,1.2924,4074,0
rep2,1.2926,4075,0
rep2,1.2927,4076,0
rep2,1.2927,4077,0
rep2,1.2927,4078,0
rep2,1.293,4079,0
rep2,1.293,4080,0
rep2,1.2931,4081,0
rep2,1.2931,4082,0
rep2,1.2932,4083,0
rep2,1.2933,4084,0
rep2,1.2934,4085,0
rep2,1.2935,4086,0
rep2,1.2938,4087,0
rep2,1.2941,4088,0
rep2,1.2942,4089,0
rep2,1.2942,4090,0
rep2,1.2943,4091,0
rep2,1.2944,4092,0
rep2,1.2944,4093,0
rep2,1.2947,4094,0
rep2,1.295,4095,0
rep2,1.295,4096,0
rep2,1.2951,4097,0
rep2,1.2951,4098,0
rep2,1.2952,4099,0
rep2,1.2952,4100,0
rep2,1.2953,4101,0
rep2,1.2953,4102,0
rep2,1.2953,4103,0
rep2,1.2954,4104,0
rep2,1.2954,4105,0
rep2,1.2956,4106,0
rep2,1.2956,4107,0
rep2,1.2957,4108,0
rep2,1.2957,4109,0
rep2,1.2961,4110,0
rep2,1.2961,4111,0
rep2,1.2962,4112,0
rep2,1.2964,4113,0
rep2,1.2964,4114,0
rep2,1.2964,4115,0
rep2,1.2965,4116,0
rep2,1.2965,4117,0
rep2,1.2966,4118,0
rep2,1.2967,4119,0
rep2,1.2968,4120,0
rep2,1.2969,4121,0
rep2,1.2973,4122,0
rep2,1.2974,4123,0
rep2,1.2974,4124,0
rep2,1.2977,4125,0
rep2,1.2978,4126,0
rep2,1.2978,4127,0
rep2,1.2978,4128,0
rep2,1.2979,4129,0
rep2,1.298,4130,0
rep2,1.298,4131,0
rep2,1.298,4132,0
rep2,1.2982,4133,0
rep2,1.2983,4134,0
rep2,1.2983,4135,0
rep2,1.2985,4136,0
rep2,1.2985,4137,0
rep2,1.2987,4138,0
rep2,1.2987,4139,0
rep2,1.2989,4140,0
rep2,1.299,4141,0
rep2,1.2992,4142,0
rep2,1.2994,4143,0
rep2,1.2994,4144,0
rep2,1.2995,4145,0
rep2,1.2996,4146,0
rep2,1.2997,4147,0
rep2,1.2998,4148,0
rep2,1.3,4149,0
rep2,1.3001,4150,0
rep2,1.3003,4151,0
rep2,1.3003,4152,0
rep2,1.3004,4153,0
rep2,1.3004,4154,0
rep2,1.3004,4155,0
rep2,1.3005,4156,0
rep2,1.3006,4157,0
rep2,1.3009,4158,0
rep2,1.3009,4159,0
rep2,1.3011,4160,0
rep2,1.3013,4161,0
rep2,1.3014,4162,0
rep2,1.3015,4163,0
rep2,1.3015,4164,0
rep2,1.3015,4165,0
rep2,1.3016,4166,0
rep2,1.3016,4167,0
rep2,1.3017,4168,0
rep2,1.3019,4169,0
rep2,1.302,4170,0
rep2,1.302,4171,0
rep2,1.3023,4172,0
rep2,1.3023,4173,0
rep2,1.3025,4174,0
rep2,1.3025,4175,0
rep2,1.3026,4176,0
rep2,1.3027,4177,0
rep2,1.3027,4178,0
rep2,1.3027,4179,0
rep2,1.3028,4180,0
rep2,1.3029,4181,0
rep2,1.3029,4182,0
rep2,1.303,4183,0
rep2,1.3031,4184,0
rep2,1.3032,4185,0
rep2,1.3032,4186,0
rep2,1.3034,4187,0
rep2,1.3036,4188,0
rep2,1.3038,4189,0
rep2,1.3038,4190,0
rep2,1.3039,4191,0
rep2,1.3042,4192,0
rep2,1.3044,4193,0
rep2,1.3044,4194,0
rep2,1.3044,4195,0
rep2,1.3048,4196,0
rep2,1.3049,4197,0
rep2,1.305,4198,0
rep2,1.3051,4199,0
rep2,1.3053,4200,0
rep2,1.3054,4201,0
rep2,1.3055,4202,0
rep2,1.3056,4203,0
rep2,1.3057,4204,0
rep2,1.3059,4205,0
rep2,1.3061,4206,0
rep2,1.3063,4207,0
rep2,1.3064,4208,0
rep2,1.3065,4209,0
rep2,1.3065,4210,0
rep2,1.3069,4211,0
rep2,1.3072,4212,0
rep2,1.3073,4213,0
rep2,1.3074,4214,0
rep2,1.3076,4215,0
rep2,1.3077,4216,0
rep2,1.3079,4217,0
rep2,1.308,4218,0
rep2,1.3084,4219,0
rep2,1.3084,4220,0
rep2,1.3085,4221,0
rep2,1.3086,4222,0
rep2,1.3087,4223,0
rep2,1.3089,4224,0
rep2,1.3089,4225,0
rep2,1.3094,4226,0
rep2,1.3094,4227,0
rep2,1.3094,4228,0
rep2,1.3095,4229,0
rep2,1.3095,4230,0
rep2,1.3095,4231,0
rep2,1.3097,4232,0
rep2,1.3098,4233,0
rep2,1.3101,4234,0
rep2,1.3101,4235,0
rep2,1.3102,4236,0
rep2,1.3102,4237,0
rep2,1.3103,4238,0
rep2,1.3106,4239,0
rep2,1.3108,4240,0
rep2,1.3111,4241,0
rep2,1.3112,4242,0
rep2,1.3113,4243,0
rep2,1.3114,4244,0
rep2,1.3114,4245,0
rep2,1.3117,4246,0
rep2,1.3118,4247,0
rep2,1.3119,4248,0
rep2,1.312,4249,0
rep2,1.3121,4250,0
rep2,1.3121,4251,0
rep2,1.3122,4252,0
rep2,1.3125,4253,0
rep2,1.3126,4254,0
rep2,1.3127,4255,0
rep2,1.3128,4256,0
rep2,1.313,4257,0
rep2,1.3131,4258,0
rep2,1.3133,4259,0
rep2,1.3134,4260,0
rep2,1.3134,4261,0
rep2,1.3137,4262,0
rep2,1.3138,4263,0
rep2,1.3139,4264,0
rep2,1.3141,4265,0
rep2,1.3142,4266,0
rep2,1.3142,4267,0
rep2,1.3143,4268,0
rep2,1.3144,4269,0
rep2,1.3145,4270,0
rep2,1.3146,4271,0
rep2,1.3148,4272,0
rep2,1.3148,4273,0
rep2,1.315,4274,0
rep2,1.315,4275,0
rep2,1.315,4276,0
rep2,1.3151,4277,0
rep2,1.3151,4278,0
rep2,1.3152,4279,0
rep2,1.3156,4280,0
rep2,1.3157,4281,0
rep2,1.3157,4282,0
rep2,1.3158,4283,0
rep2,1.3162,4284,0
rep2,1.3162,4285,0
rep2,1.3163,4286,0
rep2,1.3167,4287,0
rep2,1.3171,4288,0
rep2,1.3172,4289,0
rep2,1.3173,4290,0
rep2,1.3174,4291,0
rep2,1.3175,4292,0
rep2,1.3176,4293,0
rep2,1.3177,4294,0
rep2,1.3178,4295,0
rep2,1.3179,4296,0
rep2,1.3182,4297,0
rep2,1.3182,4298,0
rep2,1.3183,4299,0
rep2,1.3184,4300,0
rep2,1.3186,4301,0
rep2,1.3187,4302,0
rep2,1.3188,4303,0
rep2,1.3192,4304,0
rep2,1.3193,4305,0
rep2,1.3195,4306,0
rep2,1.3195,4307,0
rep2,1.3196,4308,0
rep2,1.3204,4309,0
rep2,1.3204,4310,0
rep2,1.3205,4311,0
rep2,1.3205,4312,0
rep2,1.3208,4313,0
rep2,1.3208,4314,0
rep2,1.3208,4315,0
rep2,1.321,4316,0
rep2,1.3212,4317,0
rep2,1.3213,4318,0
rep2,1.3214,4319,0
rep2,1.3214,4320,0
rep2,1.3218,4321,0
rep2,1.3219,4322,0
rep2,1.3219,4323,0
rep2,1.322,4324,0
rep2,1.322,4325,0
rep2,1.3225,4326,0
rep2,1.3226,4327,0
rep2,1.3226,4328,0
rep2,1.3228,4329,0
rep2,1.3229,4330,0
rep2,1.323,4331,0
rep2,1.3235,4332,0
rep2,1.3236,4333,0
rep2,1.324,4334,0
rep2,1.324,4335,0
rep2,1.3241,4336,0
rep2,1.3241,4337,0
rep2,1.3242,4338,0
rep2,1.3243,4339,0
rep2,1.3246,4340,0
rep2,1.3249,4341,0
rep2,1.3253,4342,0
rep2,1.3254,4343,0
rep2,1.3258,4344,0
rep2,1.3258,4345,0
rep2,1.3261,4346,0
rep2,1.3263,4347,0
rep2,1.3265,4348,0
rep2,1.3268,4349,0
rep2,1.327,4350,0
rep2,1.3278,4351,0
rep2,1.3278,4352,0
rep2,1.3279,4353,0
rep2,1.3281,4354,0
rep2,1.3283,4355,0
rep2,1.3285,4356,0
rep2,1.3286,4357,0
rep2,1.3286,4358,0
rep2,1.3288,4359,0
rep2,1.3288,4360,0
rep2,1.329,4361,0
rep2,1.329,4362,0
rep2,1.329,4363,0
rep2,1.3291,4364,0
rep2,1.3296,4365,0
rep2,1.3298,4366,0
rep2,1.3298,4367,0
rep2,1.3301,4368,0
rep2,1.3304,4369,0
rep2,1.3306,4370,0
rep2,1.3306,4371,0
rep2,1.3309,4372,0
rep2,1.331,4373,0
rep2,1.3313,4374,0
rep2,1.3313,4375,0
rep2,1.3314,4376,0
rep2,1.3315,4377,0
rep2,1.3316,4378,0
rep2,1.3319,4379,0
rep2,1.332,4380,0
rep2,1.3328,4381,0
rep2,1.333,4382,0
rep2,1.333,4383,0
rep2,1.3332,4384,0
rep2,1.3332,4385,0
rep2,1.3333,4386,0
rep2,1.3334,4387,0
rep2,1.3337,4388,0
rep2,1.3337,4389,0
rep2,1.3341,4390,0
rep2,1.3342,4391,0
rep2,1.3343,4392,0
rep2,1.3345,4393,0
rep2,1.3346,4394,0
rep2,1.3346,4395,0
rep2,1.3346,4396,0
rep2,1.3348,4397,0
rep2,1.335,4398,0
rep2,1.3351,4399,0
rep2,1.3353,4400,0
rep2,1.3354,4401,0
rep2,1.3354,4402,0
rep2,1.3357,4403,0
rep2,1.3357,4404,0
rep2,1.3363,4405,0
rep2,1.3365,4406,0
rep2,1.3366,4407,0
rep2,1.3366,4408,0
rep2,1.3367,4409,0
rep2,1.3369,4410,0
rep2,1.337,4411,0
rep2,1.3371,4412,0
rep2,1.3373,4413,0
rep2,1.3375,4414,0
rep2,1.3375,4415,0
rep2,1.3376,4416,0
rep2,1.3377,4417,0
rep2,1.3378,4418,0
rep2,1.338,4419,0
rep2,1.3381,4420,0
rep2,1.3383,4421,0
rep2,1.3387,4422,0
rep2,1.3388,4423,0
rep2,1.3389,4424,0
rep2,1.339,4425,0
rep2,1.3392,4426,0
rep2,1.3392,4427,0
rep2,1.3396,4428,0
rep2,1.3398,4429,0
rep2,1.3401,4430,0
rep2,1.3405,4431,0
rep2,1.3405,4432,0
rep2,1.3407,4433,0
rep2,1.3409,4434,0
rep2,1.3411,4435,0
rep2,1.3414,4436,0
rep2,1.3414,4437,0
rep2,1.3419,4438,0
rep2,1.342,4439,0
rep2,1.3423,4440,0
rep2,1.3429,4441,0
rep2,1.343,4442,0
rep2,1.3432,4443,0
rep2,1.3436,4444,0
rep2,1.3437,4445,0
rep2,1.3438,4446,0
rep2,1.3439,4447,0
rep2,1.3441,4448,0
rep2,1.3442,4449,0
rep2,1.3443,4450,0
rep2,1.3443,4451,0
rep2,1.3446,4452,0
rep2,1.3447,4453,0
rep2,1.3448,4454,0
rep2,1.3451,4455,0
rep2,1.3453,4456,0
rep2,1.3454,4457,0
rep2,1.3457,4458,0
rep2,1.3458,4459,0
rep2,1.346,4460,0
rep2,1.346,4461,0
rep2,1.346,4462,0
rep2,1.3461,4463,0
rep2,1.3466,4464,0
rep2,1.3474,4465,0
rep2,1.3474,4466,0
rep2,1.3476,4467,0
rep2,1.3483,4468,0
rep2,1.3487,4469,0
rep2,1.3487,4470,0
rep2,1.3487,4471,0
rep2,1.3487,4472,0
rep2,1.3489,4473,0
rep2,1.349,4474,0
rep2,1.3492,4475,0
rep2,1.3494,4476,0
rep2,1.3495,4477,0
rep2,1.3496,4478,0
rep2,1.3499,4479,0
rep2,1.3504,4480,0
rep2,1.3505,4481,0
rep2,1.3506,4482,0
rep2,1.3508,4483,0
rep2,1.3509,4484,0
rep2,1.3512,4485,0
rep2,1.3512,4486,0
rep2,1.3512,4487,0
rep2,1.3514,4488,0
rep2,1.3524,4489,0
rep2,1.3527,4490,0
rep2,1.3528,4491,0
rep2,1.3528,4492,0
rep2,1.3528,4493,0
rep2,1.3531,4494,0
rep2,1.3531,4495,0
rep2,1.3531,4496,0
rep2,1.3531,4497,0
rep2,1.3532,4498,0
rep2,1.3534,4499,0
rep2,1.3534,4500,0
rep2,1.3537,4501,0
rep2,1.3538,4502,0
rep2,1.3539,4503,0
rep2,1.3539,4504,0
rep2,1.354,4505,0
rep2,1.354,4506,0
rep2,1.3555,4507,0
rep2,1.3561,4508,0
rep2,1.3562,4509,0
rep2,1.3563,4510,0
rep2,1.3564,4511,0
rep2,1.3566,4512,0
rep2,1.3568,4513,0
rep2,1.357,4514,0
rep2,1.3572,4515,0
rep2,1.3576,4516,0
rep2,1.3576,4517,0
rep2,1.3583,4518,0
rep2,1.3585,4519,0
rep2,1.359,4520,0
rep2,1.3592,4521,0
rep2,1.3593,4522,0
rep2,1.3593,4523,0
rep2,1.3594,4524,0
rep2,1.3596,4525,0
rep2,1.3597,4526,0
rep2,1.3603,4527,0
rep2,1.3603,4528,0
rep2,1.3603,4529,0
rep2,1.3604,4530,0
rep2,1.3607,4531,0
rep2,1.3607,4532,0
rep2,1.3608,4533,0
rep2,1.361,4534,0
rep2,1.3613,4535,0
rep2,1.3614,4536,0
rep2,1.3615,4537,0
rep2,1.3616,4538,0
rep2,1.362,4539,0
rep2,1.362,4540,0
rep2,1.3625,4541,0
rep2,1.3627,4542,0
rep2,1.363,4543,0
rep2,1.3638,4544,0
rep2,1.3639,4545,0
rep2,1.364,4546,0
rep2,1.364,4547,0
rep2,1.3641,4548,0
rep2,1.3642,4549,0
rep2,1.3646,4550,0
rep2,1.3646,4551,0
rep2,1.3648,4552,0
rep2,1.3648,4553,0
rep2,1.3648,4554,0
rep2,1.3648,4555,0
rep2,1.365,4556,0
rep2,1.3655,4557,0
rep2,1.3657,4558,0
rep2,1.3657,4559,0
rep2,1.3659,4560,0
rep2,1.3661,4561,0
rep2,1.3665,4562,0
rep2,1.3667,4563,0
rep2,1.3669,4564,0
rep2,1.367,4565,0
rep2,1.3674,4566,0
rep2,1.3675,4567,0
rep2,1.3675,4568,0
rep2,1.3675,4569,0
rep2,1.3676,4570,0
rep2,1.3676,4571,0
rep2,1.3677,4572,0
rep2,1.3678,4573,0
rep2,1.3682,4574,0
rep2,1.3683,4575,0
rep2,1.3688,4576,0
rep2,1.369,4577,0
rep2,1.3691,4578,0
rep2,1.3696,4579,0
rep2,1.3698,4580,0
rep2,1.3699,4581,0
rep2,1.3701,4582,0
rep2,1.3703,4583,0
rep2,1.3703,4584,0
rep2,1.3704,4585,0
rep2,1.3706,4586,0
rep2,1.371,4587,0
rep2,1.3713,4588,0
rep2,1.3714,4589,0
rep2,1.3714,4590,0
rep2,1.3717,4591,0
rep2,1.3717,4592,0
rep2,1.3718,4593,0
rep2,1.3718,4594,0
rep2,1.372,4595,0
rep2,1.372,4596,0
rep2,1.3721,4597,0
rep2,1.3722,4598,0
rep2,1.3723,4599,0
rep2,1.3723,4600,0
rep2,1.3724,4601,0
rep2,1.3724,4602,0
rep2,1.3725,4603,0
rep2,1.3726,4604,0
rep2,1.3732,4605,0
rep2,1.3735,4606,0
rep2,1.3737,4607,0
rep2,1.3746,4608,0
rep2,1.3748,4609,0
rep2,1.3749,4610,0
rep2,1.3752,4611,0
rep2,1.3759,4612,0
rep2,1.3764,4613,0
rep2,1.3767,4614,0
rep2,1.3768,4615,0
rep2,1.377,4616,0
rep2,1.377,4617,0
rep2,1.3772,4618,0
rep2,1.3777,4619,0
rep2,1.3778,4620,0
rep2,1.3779,4621,0
rep2,1.3779,4622,0
rep2,1.3779,4623,0
rep2,1.3786,4624,0
rep2,1.3786,4625,0
rep2,1.3787,4626,0
rep2,1.3789,4627,0
rep2,1.3791,4628,0
rep2,1.3797,4629,0
rep2,1.3797,4630,0
rep2,1.3801,4631,0
rep2,1.3802,4632,0
rep2,1.3806,4633,0
rep2,1.3808,4634,0
rep2,1.3816,4635,0
rep2,1.3819,4636,0
rep2,1.3825,4637,0
rep2,1.3826,4638,0
rep2,1.3827,4639,0
rep2,1.3829,4640,0
rep2,1.3831,4641,0
rep2,1.3832,4642,0
rep2,1.3833,4643,0
rep2,1.384,4644,0
rep2,1.3842,4645,0
rep2,1.3843,4646,0
rep2,1.3845,4647,0
rep2,1.3846,4648,0
rep2,1.3848,4649,0
rep2,1.385,4650,0
rep2,1.3852,4651,0
rep2,1.3852,4652,0
rep2,1.3853,4653,0
rep2,1.3855,4654,0
rep2,1.3856,4655,0
rep2,1.3859,4656,0
rep2,1.3859,4657,0
rep2,1.386,4658,0
rep2,1.3861,4659,0
rep2,1.3862,4660,0
rep2,1.3863,4661,0
rep2,1.3864,4662,0
rep2,1.3869,4663,0
rep2,1.3873,4664,0
rep2,1.3876,4665,0
rep2,1.388,4666,0
rep2,1.3881,4667,0
rep2,1.3882,4668,0
rep2,1.3882,4669,0
rep2,1.3888,4670,0
rep2,1.3888,4671,0
rep2,1.3893,4672,0
rep2,1.3894,4673,0
rep2,1.3904,4674,0
rep2,1.3915,4675,0
rep2,1.3918,4676,0
rep2,1.3927,4677,0
rep2,1.3928,4678,0
rep2,1.3928,4679,0
rep2,1.393,4680,0
rep2,1.393,4681,0
rep2,1.3933,4682,0
rep2,1.3934,4683,0
rep2,1.3939,4684,0
rep2,1.3942,4685,0
rep2,1.3944,4686,0
rep2,1.3945,4687,0
rep2,1.3948,4688,0
rep2,1.3952,4689,0
rep2,1.3957,4690,0
rep2,1.3957,4691,0
rep2,1.3959,4692,0
rep2,1.3966,4693,0
rep2,1.3966,4694,0
rep2,1.3971,4695,0
rep2,1.3974,4696,0
rep2,1.3976,4697,0
rep2,1.3978,4698,0
rep2,1.3981,4699,0
rep2,1.3986,4700,0
rep2,1.3986,4701,0
rep2,1.3986,4702,0
rep2,1.3988,4703,0
rep2,1.3989,4704,0
rep2,1.399,4705,0
rep2,1.399,4706,0
rep2,1.3993,4707,0
rep2,1.3994,4708,0
rep2,1.3997,4709,0
rep2,1.4,4710,0
rep2,1.4004,4711,0
rep2,1.4009,4712,0
rep2,1.4012,4713,0
rep2,1.4018,4714,0
rep2,1.4018,4715,0
rep2,1.4024,4716,0
rep2,1.4028,4717,0
rep2,1.4034,4718,0
rep2,1.4034,4719,0
rep2,1.4034,4720,0
rep2,1.4035,4721,0
rep2,1.4041,4722,0
rep2,1.4042,4723,0
rep2,1.4043,4724,0
rep2,1.4044,4725,0
rep2,1.4047,4726,0
rep2,1.405,4727,0
rep2,1.405,4728,0
rep2,1.4053,4729,0
rep2,1.4058,4730,0
rep2,1.4061,4731,0
rep2,1.4062,4732,0
rep2,1.4063,4733,0
rep2,1.4073,4734,0
rep2,1.4079,4735,0
rep2,1.4079,4736,0
rep2,1.4084,4737,0
rep2,1.4092,4738,0
rep2,1.4093,4739,0
rep2,1.4094,4740,0
rep2,1.4094,4741,0
rep2,1.4107,4742,0
rep2,1.4112,4743,0
rep2,1.4115,4744,0
rep2,1.4116,4745,0
rep2,1.412,4746,0
rep2,1.4123,4747,0
rep2,1.4125,4748,0
rep2,1.4146,4749,0
rep2,1.4149,4750,0
rep2,1.415,4751,0
rep2,1.415,4752,0
rep2,1.4153,4753,0
rep2,1.4156,4754,0
rep2,1.4158,4755,0
rep2,1.4168,4756,0
rep2,1.4181,4757,0
rep2,1.4209,4758,0
rep2,1.421,4759,0
rep2,1.4212,4760,0
rep2,1.4214,4761,0
rep2,1.4217,4762,0
rep2,1.4218,4763,0
rep2,1.4219,4764,0
rep2,1.4222,4765,0
rep2,1.4223,4766,0
rep2,1.423,4767,0
rep2,1.423,4768,0
rep2,1.4235,4769,0
rep2,1.4241,4770,0
rep2,1.4245,4771,0
rep2,1.4247,4772,0
rep2,1.4248,4773,0
rep2,1.4248,4774,0
rep2,1.4251,4775,0
rep2,1.4254,4776,0
rep2,1.4254,4777,0
rep2,1.4262,4778,0
rep2,1.4265,4779,0
rep2,1.4266,4780,0
rep2,1.427,4781,0
rep2,1.4277,4782,0
rep2,1.4282,4783,0
rep2,1.4283,4784,0
rep2,1.4287,4785,0
rep2,1.4291,4786,0
rep2,1.4291,4787,0
rep2,1.4294,4788,0
rep2,1.4296,4789,0
rep2,1.4303,4790,0
rep2,1.4305,4791,0
rep2,1.4306,4792,0
rep2,1.4309,4793,0
rep2,1.4311,4794,0
rep2,1.4321,4795,0
rep2,1.4322,4796,0
rep2,1.4327,4797,0
rep2,1.4329,4798,0
rep2,1.4333,4799,0
rep2,1.4334,4800,0
rep2,1.4334,4801,0
rep2,1.4335,4802,0
rep2,1.434,4803,0
rep2,1.4345,4804,0
rep2,1.4347,4805,0
rep2,1.4363,4806,0
rep2,1.4381,4807,0
rep2,1.4383,4808,0
rep2,1.4384,4809,0
rep2,1.4388,4810,0
rep2,1.4391,4811,0
rep2,1.4392,4812,0
rep2,1.4399,4813,0
rep2,1.4399,4814,0
rep2,1.4407,4815,0
rep2,1.4416,4816,0
rep2,1.4419,4817,0
rep2,1.4424,4818,0
rep2,1.4428,4819,0
rep2,1.443,4820,0
rep2,1.4444,4821,0
rep2,1.4446,4822,0
rep2,1.4467,4823,0
rep2,1.4469,4824,0
rep2,1.4469,4825,0
rep2,1.4472,4826,0
rep2,1.4476,4827,0
rep2,1.4477,4828,0
rep2,1.4478,4829,0
rep2,1.4486,4830,0
rep2,1.4492,4831,0
rep2,1.4494,4832,0
rep2,1.4496,4833,0
rep2,1.4532,4834,0
rep2,1.4534,4835,0
rep2,1.4535,4836,0
rep2,1.4548,4837,0
rep2,1.4548,4838,0
rep2,1.4549,4839,0
rep2,1.4553,4840,0
rep2,1.4557,4841,0
rep2,1.4561,4842,0
rep2,1.4564,4843,0
rep2,1.4577,4844,0
rep2,1.458,4845,0
rep2,1.4584,4846,0
rep2,1.4592,4847,0
rep2,1.4595,4848,0
rep2,1.4597,4849,0
rep2,1.46,4850,0
rep2,1.4608,4851,0
rep2,1.4608,4852,0
rep2,1.461,4853,0
rep2,1.4611,4854,0
rep2,1.4614,4855,0
rep2,1.4619,4856,0
rep2,1.4634,4857,0
rep2,1.4638,4858,0
rep2,1.4641,4859,0
rep2,1.4642,4860,0
rep2,1.4645,4861,0
rep2,1.4655,4862,0
rep2,1.4657,4863,0
rep2,1.466,4864,0
rep2,1.4661,4865,0
rep2,1.4661,4866,0
rep2,1.4662,4867,0
rep2,1.4663,4868,0
rep2,1.468,4869,0
rep2,1.4705,4870,0
rep2,1.4717,4871,0
rep2,1.4719,4872,0
rep2,1.4733,4873,0
rep2,1.4735,4874,0
rep2,1.4747,4875,0
rep2,1.4767,4876,0
rep2,1.4777,4877,0
rep2,1.4791,4878,0
rep2,1.4794,4879,0
rep2,1.4798,4880,0
rep2,1.481,4881,0
rep2,1.4829,4882,0
rep2,1.4833,4883,0
rep2,1.4844,4884,0
rep2,1.4847,4885,0
rep2,1.4853,4886,0
rep2,1.4861,4887,0
rep2,1.4872,4888,0
rep2,1.4873,4889,0
rep2,1.4881,4890,0
rep2,1.4882,4891,0
rep2,1.4885,4892,0
rep2,1.4891,4893,0
rep2,1.4897,4894,0
rep2,1.4915,4895,0
rep2,1.492,4896,0
rep2,1.4925,4897,0
rep2,1.4942,4898,0
rep2,1.495,4899,0
rep2,1.4959,4900,0
rep2,1.4969,4901,0
rep2,1.4976,4902,0
rep2,1.4982,4903,0
rep2,1.499,4904,0
rep2,1.4994,4905,0
rep2,1.5,4906,0
rep2,1.5001,4907,0
rep2,1.5004,4908,0
rep2,1.5006,4909,0
rep2,1.502,4910,0
rep2,1.5028,4911,0
rep2,1.5029,4912,0
rep2,1.5032,4913,0
rep2,1.5044,4914,0
rep2,1.5051,4915,0
rep2,1.5057,4916,0
rep2,1.5066,4917,0
rep2,1.5079,4918,0
rep2,1.5122,4919,0
rep2,1.5131,4920,0
rep2,1.5143,4921,0
rep2,1.5148,4922,0
rep2,1.5151,4923,0
rep2,1.5154,4924,0
rep2,1.5165,4925,0
rep2,1.5178,4926,0
rep2,1.5184,4927,0
rep2,1.5197,4928,0
rep2,1.5221,4929,0
rep2,1.5222,4930,0
rep2,1.5222,4931,0
rep2,1.523,4932,0
rep2,1.5231,4933,0
rep2,1.5241,4934,0
rep2,1.5263,4935,0
rep2,1.5291,4936,0
rep2,1.5303,4937,0
rep2,1.5308,4938,0
rep2,1.5321,4939,0
rep2,1.5328,4940,0
rep2,1.5328,4941,0
rep2,1.5335,4942,0
rep2,1.535,4943,0
rep2,1.5354,4944,0
rep2,1.5369,4945,0
rep2,1.5415,4946,0
rep2,1.5489,4947,0
rep2,1.5503,4948,0
rep2,1.5537,4949,0
rep2,1.5538,4950,0
rep2,1.5548,4951,0
rep2,1.5551,4952,0
rep2,1.5561,4953,0
rep2,1.5596,4954,0
rep2,1.56,4955,0
rep2,1.5609,4956,0
rep2,1.5627,4957,0
rep2,1.5627,4958,0
rep2,1.5659,4959,0
rep2,1.5666,4960,0
rep2,1.5672,4961,0
rep2,1.5688,4962,0
rep2,1.5691,4963,0
rep2,1.5715,4964,0
rep2,1.5749,4965,0
rep2,1.578,4966,0
rep2,1.5815,4967,0
rep2,1.5824,4968,0
rep2,1.5858,4969,0
rep2,1.5885,4970,0
rep2,1.5966,4971,0
rep2,1.5982,4972,0
rep2,1.5985,4973,0
rep2,1.6002,4974,0
rep2,1.6019,4975,0
rep2,1.6031,4976,0
rep2,1.6176,4977,0
rep2,1.6183,4978,0
rep2,1.6231,4979,0
rep2,1.6301,4980,0
rep2,1.6382,4981,0
rep2,1.6395,4982,0
rep2,1.6427,4983,0
rep2,1.6432,4984,0
rep2,1.6468,4985,0
rep2,1.6504,4986,0
rep2,1.6528,4987,0
rep2,1.6765,4988,0
rep2,1.6867,4989,0
rep2,1.6871,4990,0
rep2,1.69,4991,0
rep2,1.6912,4992,0
rep2,1.7215,4993,0
rep2,1.737,4994,0
rep2,1.8207,4995,0
rep2,2.0254,4996,0
rep2,2.0255,4997,0
rep2,2.0256,4998,0
rep2,2.0258,4999,0
rep2,2.026,5000,0
rep2,2.0263,5001,0
rep2,2.0264,5002,0
rep2,2.0266,5003,0
rep2,2.0267,5004,0
rep2,2.0268,5005,0
rep2,2.0269,5006,0
rep2,2.027,5007,0
rep2,2.0271,5008,0
rep2,2.0276,5009,0
rep2,2.0282,5010,0
rep2,2.0283,5011,0
rep2,2.0285,5012,0
rep2,2.0287,5013,0
rep2,2.0288,5014,0
rep2,2.0289,5015,0
rep2,2.029,5016,0
rep2,2.0292,5017,0
rep2,2.0294,5018,0
rep2,2.0295,5019,0
rep2,2.0298,5020,0
rep2,2.0298,5021,0
rep2,2.0299,5022,0
rep2,2.0302,5023,0
rep2,2.0304,5024,0
rep2,2.0305,5025,0
rep2,2.0306,5026,0
rep2,2.0307,5027,0
rep2,2.0308,5028,0
rep2,2.0311,5029,0
rep2,2.0312,5030,0
rep2,2.0313,5031,0
rep2,2.0314,5032,0
rep2,2.0315,5033,0
rep2,2.0316,5034,0
rep2,2.0317,5035,0
rep2,2.0318,5036,0
rep2,2.0323,5037,0
rep2,2.0324,5038,0
rep2,2.0331,5039,0
rep2,2.034,5040,0
rep2,2.0353,5041,0
rep2,2.0353,5042,0
rep2,2.0358,5043,0
rep2,2.0359,5044,0
rep2,2.0359,5045,0
rep2,2.0371,5046,0
rep2,2.0372,5047,0
rep2,2.0372,5048,0
rep2,2.0375,5049,0
rep2,2.0386,5050,0
rep2,2.0404,5051,0
rep2,2.0408,5052,0
rep2,2.0416,5053,0
rep2,2.0425,5054,0
rep2,2.0442,5055,0
rep2,2.045,5056,0
rep2,2.0453,5057,0
rep2,2.046,5058,0
rep2,2.048,5059,0
rep2,2.0484,5060,0
rep2,2.0515,5061,0
rep2,2.0516,5062,0
rep2,2.0526,5063,0
rep2,2.0551,5064,0
rep2,2.0589,5065,0
rep2,2.0589,5066,0
rep2,2.059,5067,0
rep2,2.059,5068,0
rep2,2.059,5069,0
rep2,2.059,5070,0
rep2,2.0591,5071,0
rep2,2.0591,5072,0
rep2,2.0591,5073,0
rep2,2.0592,5074,0
rep2,2.0593,5075,0
rep2,2.0593,5076,0
rep2,2.0594,5077,0
rep2,2.0595,5078,0
rep2,2.0596,5079,0
rep2,2.0596,5080,0
rep2,2.0596,5081,0
rep2,2.0596,5082,0
rep2,2.0597,5083,0
rep2,2.0597,5084,0
rep2,2.0597,5085,0
rep2,2.0597,5086,0
rep2,2.0599,5087,0
rep2,2.0599,5088,0
rep2,2.0599,5089,0
rep2,2.06,5090,0
rep2,2.0601,5091,0
rep2,2.0601,5092,0
rep2,2.0601,5093,0
rep2,2.0602,5094,0
rep2,2.0602,5095,0
rep2,2.0602,5096,0
rep2,2.0602,5097,0
rep2,2.0603,5098,0
rep2,2.0603,5099,0
rep2,2.0603,5100,0
rep2,2.0603,5101,0
rep2,2.0603,5102,0
rep2,2.0604,5103,0
rep2,2.0604,5104,0
rep2,2.0604,5105,0
rep2,2.0605,5106,0
rep2,2.0605,5107,0
rep2,2.0607,5108,0
rep2,2.0607,5109,0
rep2,2.0607,5110,0
rep2,2.0609,5111,0
rep2,2.0609,5112,0
rep2,2.0609,5113,0
rep2,2.061,5114,0
rep2,2.061,5115,0
rep2,2.061,5116,0
rep2,2.0611,5117,0
rep2,2.0611,5118,0
rep2,2.0611,5119,0
rep2,2.0611,5120,0
rep2,2.0611,5121,0
rep2,2.0611,5122,0
rep2,2.0612,5123,0
rep2,2.0613,5124,0
rep2,2.0613,5125,0
rep2,2.0613,5126,0
rep2,2.0614,5127,0
rep2,2.0614,5128,0
rep2,2.0615,5129,0
rep2,2.0616,5130,0
rep2,2.0616,5131,0
rep2,2.0616,5132,0
rep2,2.0616,5133,0
rep2,2.0616,5134,0
rep2,2.0616,5135,0
rep2,2.0617,5136,0
rep2,2.0618,5137,0
rep2,2.0618,5138,0
rep2,2.0618,5139,0
rep2,2.0619,5140,0
rep2,2.0619,5141,0
rep2,2.0619,5142,0
rep2,2.0619,5143,0
rep2,2.0621,5144,0
rep2,2.0622,5145,0
rep2,2.0622,5146,0
rep2,2.0623,5147,0
rep2,2.0624,5148,0
rep2,2.0624,5149,0
rep2,2.0624,5150,0
rep2,2.0624,5151,0
rep2,2.0625,5152,0
rep2,2.0627,5153,0
rep2,2.0628,5154,0
rep2,2.0628,5155,0
rep2,2.0628,5156,0
rep2,2.0628,5157,0
rep2,2.0629,5158,0
rep2,2.063,5159,0
rep2,2.063,5160,0
rep2,2.0631,5161,0
rep2,2.0631,5162,0
rep2,2.0631,5163,0
rep2,2.0632,5164,0
rep2,2.0633,5165,0
rep2,2.0633,5166,0
rep2,2.0633,5167,0
rep2,2.0634,5168,0
rep2,2.0634,5169,0
rep2,2.0634,5170,0
rep2,2.0635,5171,0
rep2,2.0635,5172,0
rep2,2.0636,5173,0
rep2,2.0636,5174,0
rep2,2.0637,5175,0
rep2,2.0641,5176,0
rep2,2.0641,5177,0
rep2,2.0641,5178,0
rep2,2.0642,5179,0
rep2,2.0642,5180,0
rep2,2.0643,5181,0
rep2,2.0643,5182,0
rep2,2.0644,5183,0
rep2,2.0644,5184,0
rep2,2.0647,5185,0
rep2,2.0647,5186,0
rep2,2.0648,5187,0
rep2,2.0648,5188,0
rep2,2.065,5189,0
rep2,2.0651,5190,0
rep2,2.0651,5191,0
rep2,2.0651,5192,0
rep2,2.0651,5193,0
rep2,2.0651,5194,0
rep2,2.0652,5195,0
rep2,2.0654,5196,0
rep2,2.0655,5197,0
rep2,2.0657,5198,0
rep2,2.0657,5199,0
rep2,2.0657,5200,0
rep2,2.0658,5201,0
rep2,2.0659,5202,0
rep2,2.0659,5203,0
rep2,2.066,5204,0
rep2,2.066,5205,0
rep2,2.0662,5206,0
rep2,2.0662,5207,0
rep2,2.0662,5208,0
rep2,2.0662,5209,0
rep2,2.0663,5210,0
rep2,2.0664,5211,0
rep2,2.0665,5212,0
rep2,2.0665,5213,0
rep2,2.0665,5214,0
rep2,2.0667,5215,0
rep2,2.0668,5216,0
rep2,2.0669,5217,0
rep2,2.0669,5218,0
rep2,2.067,5219,0
rep2,2.067,5220,0
rep2,2.0671,5221,0
rep2,2.0671,5222,0
rep2,2.0672,5223,0
rep2,2.0673,5224,0
rep2,2.0674,5225,0
rep2,2.0676,5226,0
rep2,2.0676,5227,0
rep2,2.0677,5228,0
rep2,2.0677,5229,0
rep2,2.0678,5230,0
rep2,2.068,5231,0
rep2,2.068,5232,0
rep2,2.068,5233,0
rep2,2.0681,5234,0
rep2,2.0682,5235,0
rep2,2.0683,5236,0
rep2,2.0684,5237,0
rep2,2.0685,5238,0
rep2,2.0685,5239,0
rep2,2.0685,5240,0
rep2,2.0686,5241,0
rep2,2.0688,5242,0
rep2,2.0688,5243,0
rep2,2.0688,5244,0
rep2,2.0688,5245,0
rep2,2.0689,5246,0
rep2,2.069,5247,0
rep2,2.0691,5248,0
rep2,2.0692,5249,0
rep2,2.0693,5250,0
rep2,2.0694,5251,0
rep2,2.0694,5252,0
rep2,2.0697,5253,0
rep2,2.0698,5254,0
rep2,2.0699,5255,0
rep2,2.0701,5256,0
rep2,2.0703,5257,0
rep2,2.0705,5258,0
rep2,2.0705,5259,0
rep2,2.071,5260,0
rep2,2.0711,5261,0
rep2,2.0711,5262,0
rep2,2.0711,5263,0
rep2,2.0713,5264,0
rep2,2.0713,5265,0
rep2,2.0713,5266,0
rep2,2.0714,5267,0
rep2,2.0714,5268,0
rep2,2.0715,5269,0
rep2,2.0716,5270,0
rep2,2.0717,5271,0
rep2,2.0719,5272,0
rep2,2.0725,5273,0
rep2,2.0728,5274,0
rep2,2.073,5275,0
rep2,2.0731,5276,0
rep2,2.0732,5277,0
rep2,2.0735,5278,0
rep2,2.0737,5279,0
rep2,2.074,5280,0
rep2,2.074,5281,0
rep2,2.0742,5282,0
rep2,2.0744,5283,0
rep2,2.0745,5284,0
rep2,2.0747,5285,0
rep2,2.0748,5286,0
rep2,2.0751,5287,0
rep2,2.0752,5288,0
rep2,2.0756,5289,0
rep2,2.0756,5290,0
rep2,2.0759,5291,0
rep2,2.0765,5292,0
rep2,2.0765,5293,0
rep2,2.0765,5294,0
rep2,2.0765,5295,0
rep2,2.0769,5296,0
rep2,2.0771,5297,0
rep2,2.0772,5298,0
rep2,2.0773,5299,0
rep2,2.0776,5300,0
rep2,2.0777,5301,0
rep2,2.0779,5302,0
rep2,2.0782,5303,0
rep2,2.0783,5304,0
rep2,2.0783,5305,0
rep2,2.0784,5306,0
rep2,2.08,5307,0
rep2,2.0809,5308,0
rep2,2.0822,5309,0
rep2,2.0823,5310,0
rep2,2.0827,5311,0
rep2,2.0827,5312,0
rep2,2.0831,5313,0
rep2,2.0841,5314,0
rep2,2.0845,5315,0
rep2,2.0853,5316,0
rep2,2.0863,5317,0
rep2,2.0867,5318,0
rep2,2.0877,5319,0
rep2,2.0878,5320,0
rep2,2.0879,5321,0
rep2,2.0891,5322,0
rep2,2.0897,5323,0
rep2,2.0899,5324,0
rep2,2.0902,5325,0
rep2,2.0917,5326,0
rep2,2.0926,5327,0
rep2,2.0926,5328,0
rep2,2.0928,5329,0
rep2,2.0928,5330,0
rep2,2.0928,5331,0
rep2,2.0928,5332,0
rep2,2.0929,5333,0
rep2,2.0929,5334,0
rep2,2.093,5335,0
rep2,2.093,5336,0
rep2,2.093,5337,0
rep2,2.0931,5338,0
rep2,2.0931,5339,0
rep2,2.0931,5340,0
rep2,2.0931,5341,0
rep2,2.0932,5342,0
rep2,2.0934,5343,0
rep2,2.0934,5344,0
rep2,2.0935,5345,0
rep2,2.0935,5346,0
rep2,2.0935,5347,0
rep2,2.0935,5348,0
rep2,2.0936,5349,0
rep2,2.0936,5350,0
rep2,2.0937,5351,0
rep2,2.0938,5352,0
rep2,2.0938,5353,0
rep2,2.0939,5354,0
rep2,2.094,5355,0
rep2,2.094,5356,0
rep2,2.0941,5357,0
rep2,2.0941,5358,0
rep2,2.0942,5359,0
rep2,2.0942,5360,0
rep2,2.0943,5361,0
rep2,2.0945,5362,0
rep2,2.0945,5363,0
rep2,2.0947,5364,0
rep2,2.0947,5365,0
rep2,2.0947,5366,0
rep2,2.0948,5367,0
rep2,2.0949,5368,0
rep2,2.0949,5369,0
rep2,2.0949,5370,0
rep2,2.0949,5371,0
rep2,2.095,5372,0
rep2,2.0951,5373,0
rep2,2.0951,5374,0
rep2,2.0951,5375,0
rep2,2.0951,5376,0
rep2,2.0953,5377,0
rep2,2.0954,5378,0
rep2,2.0955,5379,0
rep2,2.0955,5380,0
rep2,2.0955,5381,0
rep2,2.0956,5382,0
rep2,2.0956,5383,0
rep2,2.0956,5384,0
rep2,2.0956,5385,0
rep2,2.0957,5386,0
rep2,2.0957,5387,0
rep2,2.0957,5388,0
rep2,2.0958,5389,0
rep2,2.0958,5390,0
rep2,2.0959,5391,0
rep2,2.0959,5392,0
rep2,2.0964,5393,0
rep2,2.0964,5394,0
rep2,2.0964,5395,0
rep2,2.0965,5396,0
rep2,2.0966,5397,0
rep2,2.0966,5398,0
rep2,2.0967,5399,0
rep2,2.0967,5400,0
rep2,2.0968,5401,0
rep2,2.0969,5402,0
rep2,2.0969,5403,0
rep2,2.0969,5404,0
rep2,2.0972,5405,0
rep2,2.0974,5406,0
rep2,2.0975,5407,0
rep2,2.0976,5408,0
rep2,2.0976,5409,0
rep2,2.0976,5410,0
rep2,2.0977,5411,0
rep2,2.0977,5412,0
rep2,2.0978,5413,0
rep2,2.0981,5414,0
rep2,2.0984,5415,0
rep2,2.0986,5416,0
rep2,2.0987,5417,0
rep2,2.0987,5418,0
rep2,2.0989,5419,0
rep2,2.099,5420,0
rep2,2.099,5421,0
rep2,2.0991,5422,0
rep2,2.0992,5423,0
rep2,2.0992,5424,0
rep2,2.0994,5425,0
rep2,2.1,5426,0
rep2,2.1,5427,0
rep2,2.1001,5428,0
rep2,2.1001,5429,0
rep2,2.1003,5430,0
rep2,2.1003,5431,0
rep2,2.1004,5432,0
rep2,2.1004,5433,0
rep2,2.1005,5434,0
rep2,2.1006,5435,0
rep2,2.1006,5436,0
rep2,2.1007,5437,0
rep2,2.1007,5438,0
rep2,2.1009,5439,0
rep2,2.1013,5440,0
rep2,2.1013,5441,0
rep2,2.1014,5442,0
rep2,2.1014,5443,0
rep2,2.1014,5444,0
rep2,2.1015,5445,0
rep2,2.1017,5446,0
rep2,2.1017,5447,0
rep2,2.1017,5448,0
rep2,2.1017,5449,0
rep2,2.1019,5450,0
rep2,2.1019,5451,0
rep2,2.102,5452,0
rep2,2.102,5453,0
rep2,2.102,5454,0
rep2,2.1021,5455,0
rep2,2.1024,5456,0
rep2,2.1026,5457,0
rep2,2.1026,5458,0
rep2,2.1027,5459,0
rep2,2.1028,5460,0
rep2,2.1028,5461,0
rep2,2.103,5462,0
rep2,2.1034,5463,0
rep2,2.1035,5464,0
rep2,2.1035,5465,0
rep2,2.1036,5466,0
rep2,2.1036,5467,0
rep2,2.1042,5468,0
rep2,2.1043,5469,0
rep2,2.1045,5470,0
rep2,2.1045,5471,0
rep2,2.1048,5472,0
rep2,2.1049,5473,0
rep2,2.1049,5474,0
rep2,2.105,5475,0
rep2,2.105,5476,0
rep2,2.1051,5477,0
rep2,2.1051,5478,0
rep2,2.1054,5479,0
rep2,2.1059,5480,0
rep2,2.106,5481,0
rep2,2.1061,5482,0
rep2,2.1064,5483,0
rep2,2.1065,5484,0
rep2,2.1066,5485,0
rep2,2.1069,5486,0
rep2,2.1074,5487,0
rep2,2.1076,5488,0
rep2,2.1078,5489,0
rep2,2.1078,5490,0
rep2,2.1086,5491,0
rep2,2.1086,5492,0
rep2,2.1086,5493,0
rep2,2.1087,5494,0
rep2,2.1087,5495,0
rep2,2.1089,5496,0
rep2,2.1091,5497,0
rep2,2.1093,5498,0
rep2,2.1093,5499,0
rep2,2.1096,5500,0
rep2,2.1096,5501,0
rep2,2.11,5502,0
rep2,2.1103,5503,0
rep2,2.1103,5504,0
rep2,2.1104,5505,0
rep2,2.1104,5506,0
rep2,2.1104,5507,0
rep2,2.1109,5508,0
rep2,2.111,5509,0
rep2,2.1112,5510,0
rep2,2.1113,5511,0
rep2,2.1114,5512,0
rep2,2.1118,5513,0
rep2,2.1119,5514,0
rep2,2.112,5515,0
rep2,2.1125,5516,0
rep2,2.1127,5517,0
rep2,2.1136,5518,0
rep2,2.1138,5519,0
rep2,2.1148,5520,0
rep2,2.1148,5521,0
rep2,2.1151,5522,0
rep2,2.1155,5523,0
rep2,2.1161,5524,0
rep2,2.1165,5525,0
rep2,2.117,5526,0
rep2,2.1172,5527,0
rep2,2.1172,5528,0
rep2,2.1175,5529,0
rep2,2.1176,5530,0
rep2,2.1179,5531,0
rep2,2.1185,5532,0
rep2,2.1192,5533,0
rep2,2.1197,5534,0
rep2,2.1204,5535,0
rep2,2.1212,5536,0
rep2,2.1221,5537,0
rep2,2.1221,5538,0
rep2,2.1223,5539,0
rep2,2.1232,5540,0
rep2,2.1236,5541,0
rep2,2.1243,5542,0
rep2,2.1247,5543,0
rep2,2.1249,5544,0
rep2,2.125,5545,0
rep2,2.1262,5546,0
rep2,2.1263,5547,0
rep2,2.1265,5548,0
rep2,2.1266,5549,0
rep2,2.1266,5550,0
rep2,2.1269,5551,0
rep2,2.1272,5552,0
rep2,2.1275,5553,0
rep2,2.1275,5554,0
rep2,2.1276,5555,0
rep2,2.1278,5556,0
rep2,2.1283,5557,0
rep2,2.1285,5558,0
rep2,2.1285,5559,0
rep2,2.1287,5560,0
rep2,2.1288,5561,0
rep2,2.129,5562,0
rep2,2.1291,5563,0
rep2,2.1291,5564,0
rep2,2.1292,5565,0
rep2,2.1292,5566,0
rep2,2.1294,5567,0
rep2,2.1297,5568,0
rep2,2.1298,5569,0
rep2,2.1298,5570,0
rep2,2.13,5571,0
rep2,2.13,5572,0
rep2,2.1301,5573,0
rep2,2.1301,5574,0
rep2,2.1302,5575,0
rep2,2.1302,5576,0
rep2,2.1302,5577,0
rep2,2.1303,5578,0
rep2,2.1305,5579,0
rep2,2.1307,5580,0
rep2,2.1307,5581,0
rep2,2.131,5582,0
rep2,2.1312,5583,0
rep2,2.1317,5584,0
rep2,2.1318,5585,0
rep2,2.1318,5586,0
rep2,2.132,5587,0
rep2,2.1322,5588,0
rep2,2.1323,5589,0
rep2,2.1323,5590,0
rep2,2.1328,5591,0
rep2,2.1328,5592,0
rep2,2.1328,5593,0
rep2,2.1328,5594,0
rep2,2.1333,5595,0
rep2,2.1334,5596,0
rep2,2.1335,5597,0
rep2,2.1335,5598,0
rep2,2.1338,5599,0
rep2,2.1338,5600,0
rep2,2.1347,5601,0
rep2,2.1349,5602,0
rep2,2.1351,5603,0
rep2,2.1354,5604,0
rep2,2.1356,5605,0
rep2,2.1356,5606,0
rep2,2.1358,5607,0
rep2,2.1358,5608,0
rep2,2.136,5609,0
rep2,2.136,5610,0
rep2,2.1362,5611,0
rep2,2.1365,5612,0
rep2,2.1365,5613,0
rep2,2.1374,5614,0
rep2,2.1378,5615,0
rep2,2.1378,5616,0
rep2,2.1378,5617,0
rep2,2.138,5618,0
rep2,2.1384,5619,0
rep2,2.1386,5620,0
rep2,2.1391,5621,0
rep2,2.1391,5622,0
rep2,2.1391,5623,0
rep2,2.14,5624,0
rep2,2.1404,5625,0
rep2,2.1405,5626,0
rep2,2.141,5627,0
rep2,2.1411,5628,0
rep2,2.1412,5629,0
rep2,2.1414,5630,0
rep2,2.1416,5631,0
rep2,2.1417,5632,0
rep2,2.1419,5633,0
rep2,2.1424,5634,0
rep2,2.1426,5635,0
rep2,2.1432,5636,0
rep2,2.1433,5637,0
rep2,2.1437,5638,0
rep2,2.1439,5639,0
rep2,2.144,5640,0
rep2,2.144,5641,0
rep2,2.1441,5642,0
rep2,2.1444,5643,0
rep2,2.1447,5644,0
rep2,2.1449,5645,0
rep2,2.1451,5646,0
rep2,2.1452,5647,0
rep2,2.1453,5648,0
rep2,2.1454,5649,0
rep2,2.1461,5650,0
rep2,2.1466,5651,0
rep2,2.1469,5652,0
rep2,2.1471,5653,0
rep2,2.1471,5654,0
rep2,2.1472,5655,0
rep2,2.1475,5656,0
rep2,2.1476,5657,0
rep2,2.1476,5658,0
rep2,2.1476,5659,0
rep2,2.1477,5660,0
rep2,2.1487,5661,0
rep2,2.1487,5662,0
rep2,2.1489,5663,0
rep2,2.1489,5664,0
rep2,2.149,5665,0
rep2,2.1496,5666,0
rep2,2.1499,5667,0
rep2,2.1503,5668,0
rep2,2.1503,5669,0
rep2,2.1504,5670,0
rep2,2.1505,5671,0
rep2,2.1506,5672,0
rep2,2.151,5673,0
rep2,2.1511,5674,0
rep2,2.1511,5675,0
rep2,2.1512,5676,0
rep2,2.1513,5677,0
rep2,2.1514,5678,0
rep2,2.1515,5679,0
rep2,2.1517,5680,0
rep2,2.1518,5681,0
rep2,2.1519,5682,0
rep2,2.152,5683,0
rep2,2.1524,5684,0
rep2,2.1524,5685,0
rep2,2.1525,5686,0
rep2,2.1525,5687,0
rep2,2.1528,5688,0
rep2,2.1529,5689,0
rep2,2.1531,5690,0
rep2,2.1533,5691,0
rep2,2.1536,5692,0
rep2,2.154,5693,0
rep2,2.1546,5694,0
rep2,2.1546,5695,0
rep2,2.1547,5696,0
rep2,2.1547,5697,0
rep2,2.1549,5698,0
rep2,2.1553,5699,0
rep2,2.1556,5700,0
rep2,2.1556,5701,0
rep2,2.156,5702,0
rep2,2.1563,5703,0
rep2,2.1568,5704,0
rep2,2.1569,5705,0
rep2,2.1569,5706,0
rep2,2.1572,5707,0
rep2,2.1573,5708,0
rep2,2.1579,5709,0
rep2,2.158,5710,0
rep2,2.1583,5711,0
rep2,2.1584,5712,0
rep2,2.1585,5713,0
rep2,2.1595,5714,0
rep2,2.1597,5715,0
rep2,2.1597,5716,0
rep2,2.16,5717,0
rep2,2.16,5718,0
rep2,2.1601,5719,0
rep2,2.1602,5720,0
rep2,2.1605,5721,0
rep2,2.1606,5722,0
rep2,2.1609,5723,0
rep2,2.1609,5724,0
rep2,2.1611,5725,0
rep2,2.1614,5726,0
rep2,2.1614,5727,0
rep2,2.1616,5728,0
rep2,2.1618,5729,0
rep2,2.1622,5730,0
rep2,2.1623,5731,0
rep2,2.1626,5732,0
rep2,2.1628,5733,0
rep2,2.1629,5734,0
rep2,2.1631,5735,0
rep2,2.1632,5736,0
rep2,2.1633,5737,0
rep2,2.1636,5738,0
rep2,2.1638,5739,0
rep2,2.1641,5740,0
rep2,2.1641,5741,0
rep2,2.1645,5742,0
rep2,2.1646,5743,0
rep2,2.1647,5744,0
rep2,2.1651,5745,0
rep2,2.1651,5746,0
rep2,2.1653,5747,0
rep2,2.1656,5748,0
rep2,2.1656,5749,0
rep2,2.1658,5750,0
rep2,2.1658,5751,0
rep2,2.1659,5752,0
rep2,2.166,5753,0
rep2,2.166,5754,0
rep2,2.1662,5755,0
rep2,2.1665,5756,0
rep2,2.1666,5757,0
rep2,2.1667,5758,0
rep2,2.1668,5759,0
rep2,2.1669,5760,0
rep2,2.167,5761,0
rep2,2.1672,5762,0
rep2,2.1672,5763,0
rep2,2.1673,5764,0
rep2,2.1674,5765,0
rep2,2.1679,5766,0
rep2,2.1681,5767,0
rep2,2.1682,5768,0
rep2,2.1683,5769,0
rep2,2.1688,5770,0
rep2,2.1688,5771,0
rep2,2.1688,5772,0
rep2,2.1689,5773,0
rep2,2.1693,5774,0
rep2,2.1693,5775,0
rep2,2.1694,5776,0
rep2,2.1696,5777,0
rep2,2.1698,5778,0
rep2,2.1699,5779,0
rep2,2.1699,5780,0
rep2,2.17,5781,0
rep2,2.17,5782,0
rep2,2.1706,5783,0
rep2,2.1706,5784,0
rep2,2.1707,5785,0
rep2,2.1709,5786,0
rep2,2.1711,5787,0
rep2,2.1713,5788,0
rep2,2.1723,5789,0
rep2,2.1723,5790,0
rep2,2.1726,5791,0
rep2,2.1727,5792,0
rep2,2.1729,5793,0
rep2,2.173,5794,0
rep2,2.173,5795,0
rep2,2.1731,5796,0
rep2,2.1732,5797,0
rep2,2.1733,5798,0
rep2,2.1733,5799,0
rep2,2.1737,5800,0
rep2,2.1737,5801,0
rep2,2.1737,5802,0
rep2,2.1743,5803,0
rep2,2.1744,5804,0
rep2,2.1744,5805,0
rep2,2.1749,5806,0
rep2,2.1749,5807,0
rep2,2.1749,5808,0
rep2,2.1754,5809,0
rep2,2.1755,5810,0
rep2,2.1755,5811,0
rep2,2.1756,5812,0
rep2,2.1757,5813,0
rep2,2.176,5814,0
rep2,2.176,5815,0
rep2,2.1764,5816,0
rep2,2.1765,5817,0
rep2,2.1766,5818,0
rep2,2.1766,5819,0
rep2,2.1772,5820,0
rep2,2.1773,5821,0
rep2,2.1778,5822,0
rep2,2.1789,5823,0
rep2,2.1789,5824,0
rep2,2.179,5825,0
rep2,2.1791,5826,0
rep2,2.1792,5827,0
rep2,2.1799,5828,0
rep2,2.1804,5829,0
rep2,2.1805,5830,0
rep2,2.1807,5831,0
rep2,2.1811,5832,0
rep2,2.1811,5833,0
rep2,2.1812,5834,0
rep2,2.1815,5835,0
rep2,2.1817,5836,0
rep2,2.182,5837,0
rep2,2.1821,5838,0
rep2,2.1822,5839,0
rep2,2.1824,5840,0
rep2,2.1826,5841,0
rep2,2.1828,5842,0
rep2,2.1842,5843,0
rep2,2.1842,5844,0
rep2,2.1844,5845,0
rep2,2.1848,5846,0
rep2,2.1849,5847,0
rep2,2.1854,5848,0
rep2,2.1855,5849,0
rep2,2.1858,5850,0
rep2,2.1865,5851,0
rep2,2.1867,5852,0
rep2,2.1874,5853,0
rep2,2.1881,5854,0
rep2,2.1885,5855,0
rep2,2.189,5856,0
rep2,2.1892,5857,0
rep2,2.1893,5858,0
rep2,2.1898,5859,0
rep2,2.1898,5860,0
rep2,2.1899,5861,0
rep2,2.19,5862,0
rep2,2.1906,5863,0
rep2,2.1906,5864,0
rep2,2.191,5865,0
rep2,2.1915,5866,0
rep2,2.1918,5867,0
rep2,2.1919,5868,0
rep2,2.1919,5869,0
rep2,2.192,5870,0
rep2,2.1926,5871,0
rep2,2.1927,5872,0
rep2,2.1929,5873,0
rep2,2.1938,5874,0
rep2,2.1943,5875,0
rep2,2.1943,5876,0
rep2,2.1944,5877,0
rep2,2.1946,5878,0
rep2,2.1946,5879,0
rep2,2.1947,5880,0
rep2,2.1948,5881,0
rep2,2.1948,5882,0
rep2,2.195,5883,0
rep2,2.1951,5884,0
rep2,2.1952,5885,0
rep2,2.1952,5886,0
rep2,2.1952,5887,0
rep2,2.1953,5888,0
rep2,2.1953,5889,0
rep2,2.1953,5890,0
rep2,2.1956,5891,0
rep2,2.1957,5892,0
rep2,2.1958,5893,0
rep2,2.1958,5894,0
rep2,2.1958,5895,0
rep2,2.196,5896,0
rep2,2.1961,5897,0
rep2,2.1961,5898,0
rep2,2.1962,5899,0
rep2,2.1964,5900,0
rep2,2.1965,5901,0
rep2,2.1968,5902,0
rep2,2.1969,5903,0
rep2,2.1973,5904,0
rep2,2.1976,5905,0
rep2,2.1976,5906,0
rep2,2.1977,5907,0
rep2,2.1979,5908,0
rep2,2.1984,5909,0
rep2,2.1985,5910,0
rep2,2.1985,5911,0
rep2,2.1988,5912,0
rep2,2.1989,5913,0
rep2,2.199,5914,0
rep2,2.1992,5915,0
rep2,2.1996,5916,0
rep2,2.1996,5917,0
rep2,2.1999,5918,0
rep2,2.2,5919,0
rep2,2.2,5920,0
rep2,2.2,5921,0
rep2,2.2001,5922,0
rep2,2.2002,5923,0
rep2,2.2003,5924,0
rep2,2.2003,5925,0
rep2,2.2008,5926,0
rep2,2.201,5927,0
rep2,2.201,5928,0
rep2,2.201,5929,0
rep2,2.2011,5930,0
rep2,2.2012,5931,0
rep2,2.2014,5932,0
rep2,2.2015,5933,0
rep2,2.2016,5934,0
rep2,2.2018,5935,0
rep2,2.2018,5936,0
rep2,2.202,5937,0
rep2,2.2021,5938,0
rep2,2.2023,5939,0
rep2,2.2026,5940,0
rep2,2.2028,5941,0
rep2,2.2028,5942,0
rep2,2.2031,5943,0
rep2,2.2031,5944,0
rep2,2.2034,5945,0
rep2,2.2042,5946,0
rep2,2.2043,5947,0
rep2,2.2046,5948,0
rep2,2.2048,5949,0
rep2,2.2049,5950,0
rep2,2.2052,5951,0
rep2,2.2053,5952,0
rep2,2.2058,5953,0
rep2,2.2059,5954,0
rep2,2.206,5955,0
rep2,2.2061,5956,0
rep2,2.2062,5957,0
rep2,2.2062,5958,0
rep2,2.2065,5959,0
rep2,2.2069,5960,0
rep2,2.2073,5961,0
rep2,2.2075,5962,0
rep2,2.2076,5963,0
rep2,2.208,5964,0
rep2,2.208,5965,0
rep2,2.2081,5966,0
rep2,2.2081,5967,0
rep2,2.2082,5968,0
rep2,2.2083,5969,0
rep2,2.2085,5970,0
rep2,2.2086,5971,0
rep2,2.2088,5972,0
rep2,2.2088,5973,0
rep2,2.2088,5974,0
rep2,2.2089,5975,0
rep2,2.2089,5976,0
rep2,2.209,5977,0
rep2,2.2091,5978,0
rep2,2.2094,5979,0
rep2,2.2094,5980,0
rep2,2.2096,5981,0
rep2,2.2101,5982,0
rep2,2.2102,5983,0
rep2,2.2103,5984,0
rep2,2.2103,5985,0
rep2,2.2106,5986,0
rep2,2.2106,5987,0
rep2,2.2107,5988,0
rep2,2.211,5989,0
rep2,2.211,5990,0
rep2,2.211,5991,0
rep2,2.2112,5992,0
rep2,2.2114,5993,0
rep2,2.2114,5994,0
rep2,2.2121,5995,0
rep2,2.2128,5996,0
rep2,2.2128,5997,0
rep2,2.2132,5998,0
rep2,2.2135,5999,0
rep2,2.2135,6000,0
rep2,2.2136,6001,0
rep2,2.214,6002,0
rep2,2.2141,6003,0
rep2,2.2142,6004,0
rep2,2.2147,6005,0
rep2,2.215,6006,0
rep2,2.2151,6007,0
rep2,2.2151,6008,0
rep2,2.2152,6009,0
rep2,2.2159,6010,0
rep2,2.2159,6011,0
rep2,2.216,6012,0
rep2,2.2161,6013,0
rep2,2.2161,6014,0
rep2,2.2161,6015,0
rep2,2.2163,6016,0
rep2,2.2164,6017,0
rep2,2.2165,6018,0
rep2,2.2166,6019,0
rep2,2.2167,6020,0
rep2,2.2167,6021,0
rep2,2.2168,6022,0
rep2,2.217,6023,0
rep2,2.2172,6024,0
rep2,2.2172,6025,0
rep2,2.2173,6026,0
rep2,2.2173,6027,0
rep2,2.2174,6028,0
rep2,2.2175,6029,0
rep2,2.2176,6030,0
rep2,2.2178,6031,0
rep2,2.2188,6032,0
rep2,2.2192,6033,0
rep2,2.2193,6034,0
rep2,2.2195,6035,0
rep2,2.2197,6036,0
rep2,2.2203,6037,0
rep2,2.2206,6038,0
rep2,2.2207,6039,0
rep2,2.2209,6040,0
rep2,2.2212,6041,0
rep2,2.2215,6042,0
rep2,2.2216,6043,0
rep2,2.222,6044,0
rep2,2.2224,6045,0
rep2,2.2226,6046,0
rep2,2.2228,6047,0
rep2,2.2228,6048,0
rep2,2.2232,6049,0
rep2,2.2233,6050,0
rep2,2.2237,6051,0
rep2,2.2237,6052,0
rep2,2.2241,6053,0
rep2,2.2242,6054,0
rep2,2.2242,6055,0
rep2,2.2243,6056,0
rep3,1.0224,1,0
rep3,1.0224,2,0
rep3,1.0224,3,0
rep3,1.0224,4,0
rep3,1.0225,5,0
rep3,1.0225,6,0
rep3,1.0225,7,0
rep3,1.0225,8,0
rep3,1.0225,9,0
rep3,1.0225,10,0
rep3,1.0225,11,0
rep3,1.0226,12,0
rep3,1.0226,13,0
rep3,1.0226,14,0
rep3,1.0226,15,0
rep3,1.0226,16,0
rep3,1.0226,17,0
rep3,1.0227,18,0
rep3,1.0227,19,0
rep3,1.0227,20,0
rep3,1.0227,21,0
rep3,1.0228,22,0
rep3,1.0228,23,0
rep3,1.0228,24,0
rep3,1.0228,25,0
rep3,1.0228,26,0
rep3,1.0228,27,0
rep3,1.0229,28,0
rep3,1.0229,29,0
rep3,1.0229,30,0
rep3,1.0229,31,0
rep3,1.023,32,0
rep3,1.023,33,0
rep3,1.023,34,0
rep3,1.023,35,0
rep3,1.023,36,0
rep3,1.023,37,0
rep3,1.0231,38,0
rep3,1.0231,39,0
rep3,1.0231,40,0
rep3,1.0232,41,0
rep3,1.0232,42,0
rep3,1.0232,43,0
rep3,1.0232,44,0
rep3,1.0233,45,0
rep3,1.0233,46,0
rep3,1.0233,47,0
rep3,1.0233,48,0
rep3,1.0233,49,0
rep3,1.0234,50,0
rep3,1.0234,51,0
rep3,1.0234,52,0
rep3,1.0234,53,0
rep3,1.0234,54,0
rep3,1.0234,55,0
rep3,1.0235,56,0
rep3,1.0235,57,0
rep3,1.0235,58,0
rep3,1.0235,59,0
rep3,1.0235,60,0
rep3,1.0235,61,0
rep3,1.0236,62,0
rep3,1.0236,63,0
rep3,1.0236,64,0
rep3,1.0236,65,0
rep3,1.0236,66,0
rep3,1.0236,67,0
rep3,1.0237,68,0
rep3,1.0237,69,0
rep3,1.0237,70,0
rep3,1.0237,71,0
rep3,1.0237,72,0
rep3,1.0238,73,0
rep3,1.0238,74,0
rep3,1.0238,75,0
rep3,1.0238,76,0
rep3,1.0238,77,0
rep3,1.0238,78,0
rep3,1.0239,79,0
rep3,1.0239,80,0
rep3,1.0239,81,0
rep3,1.0239,82,0
rep3,1.0239,83,0
rep3,1.024,84,0
rep3,1.024,85,0
rep3,1.024,86,0
rep3,1.024,87,0
rep3,1.024,88,0
rep3,1.024,89,0
rep3,1.0241,90,0
rep3,1.0241,91,0
rep3,1.0241,92,0
rep3,1.0241,93,0
rep3,1.0241,94,0
rep3,1.0242,95,0
rep3,1.0242,96,0
rep3,1.0243,97,0
rep3,1.0243,98,0
rep3,1.0243,99,0
rep3,1.0243,100,0
rep3,1.0243,101,0
rep3,1.0244,102,0
rep3,1.0244,103,0
rep3,1.0244,104,0
rep3,1.0244,105,0
rep3,1.0244,106,0
rep3,1.0245,107,0
rep3,1.0245,108,0
rep3,1.0245,109,0
rep3,1.0245,110,0
rep3,1.0245,111,0
rep3,1.0245,112,0
rep3,1.0246,113,0
rep3,1.0246,114,0
rep3,1.0246,115,0
rep3,1.0246,116,0
rep3,1.0246,117,0
rep3,1.0246,118,0
rep3,1.0247,119,0
rep3,1.0247,120,0
rep3,1.0247,121,0
rep3,1.0247,122,0
rep3,1.0247,123,0
rep3,1.0248,124,0
rep3,1.0248,125,0
rep3,1.0248,126,0
rep3,1.0248,127,0
rep3,1.0248,128,0
rep3,1.0249,129,0
rep3,1.0249,130,0
rep3,1.0249,131,0
rep3,1.0249,132,0
rep3,1.025,133,0
rep3,1.025,134,0
rep3,1.025,135,0
rep3,1.025,136,0
rep3,1.0251,137,0
rep3,1.0251,138,0
rep3,1.0251,139,0
rep3,1.0251,140,0
rep3,1.0251,141,0
rep3,1.0251,142,0
rep3,1.0252,143,0
rep3,1.0252,144,0
rep3,1.0252,145,0
rep3,1.0252,146,0
rep3,1.0253,147,0
rep3,1.0253,148,0
rep3,1.0253,149,0
rep3,1.0253,150,0
rep3,1.0253,151,0
rep3,1.0254,152,0
rep3,1.0254,153,0
rep3,1.0254,154,0
rep3,1.0254,155,0
rep3,1.0254,156,0
rep3,1.0254,157,0
rep3,1.0254,158,0
rep3,1.0255,159,0
rep3,1.0255,160,0
rep3,1.0255,161,0
rep3,1.0255,162,0
rep3,1.0256,163,0
rep3,1.0256,164,0
rep3,1.0256,165,0
rep3,1.0256,166,0
rep3,1.0256,167,0
rep3,1.0257,168,0
rep3,1.0257,169,0
rep3,1.0257,170,0
rep3,1.0257,171,0
rep3,1.0258,172,0
rep3,1.0258,173,0
rep3,1.0258,174,0
rep3,1.0259,175,0
rep3,1.0259,176,0
rep3,1.026,177,0
rep3,1.026,178,0
rep3,1.0261,179,0
rep3,1.0261,180,0
rep3,1.0261,181,0
rep3,1.0261,182,0
rep3,1.0262,183,0
rep3,1.0262,184,0
rep3,1.0262,185,0
rep3,1.0262,186,0
rep3,1.0262,187,0
rep3,1.0263,188,0
rep3,1.0263,189,0
rep3,1.0263,190,0
rep3,1.0263,191,0
rep3,1.0264,192,0
rep3,1.0264,193,0
rep3,1.0264,194,0
rep3,1.0264,195,0
rep3,1.0264,196,0
rep3,1.0264,197,0
rep3,1.0265,198,0
rep3,1.0265,199,0
rep3,1.0266,200,0
rep3,1.0266,201,0
rep3,1.0266,202,0
rep3,1.0266,203,0
rep3,1.0266,204,0
rep3,1.0267,205,0
rep3,1.0267,206,0
rep3,1.0267,207,0
rep3,1.0267,208,0
rep3,1.0268,209,0
rep3,1.0268,210,0
rep3,1.0268,211,0
rep3,1.0268,212,0
rep3,1.0268,213,0
rep3,1.0269,214,0
rep3,1.0269,215,0
rep3,1.027,216,0
rep3,1.027,217,0
rep3,1.027,218,0
rep3,1.0271,219,0
rep3,1.0271,220,0
rep3,1.0271,221,0
rep3,1.0272,222,0
rep3,1.0272,223,0
rep3,1.0272,224,0
rep3,1.0273,225,0
rep3,1.0273,226,0
rep3,1.0274,227,0
rep3,1.0274,228,0
rep3,1.0274,229,0
rep3,1.0274,230,0
rep3,1.0275,231,0
rep3,1.0275,232,0
rep3,1.0275,233,0
rep3,1.0275,234,0
rep3,1.0275,235,0
rep3,1.0276,236,0
rep3,1.0276,237,0
rep3,1.0277,238,0
rep3,1.0277,239,0
rep3,1.0277,240,0
rep3,1.0277,241,0
rep3,1.0278,242,0
rep3,1.0278,243,0
rep3,1.0278,244,0
rep3,1.0278,245,0
rep3,1.0278,246,0
rep3,1.0278,247,0
rep3,1.0279,248,0
rep3,1.028,249,0
rep3,1.028,250,0
rep3,1.028,251,0
rep3,1.028,252,0
rep3,1.028,253,0
rep3,1.028,254,0
rep3,1.0281,255,0
rep3,1.0281,256,0
rep3,1.0281,257,0
rep3,1.0281,258,0
rep3,1.0282,259,0
rep3,1.0282,260,0
rep3,1.0282,261,0
rep3,1.0283,262,0
rep3,1.0283,263,0
rep3,1.0283,264,0
rep3,1.0284,265,0
rep3,1.0284,266,0
rep3,1.0284,267,0
rep3,1.0284,268,0
rep3,1.0285,269,0
rep3,1.0285,270,0
rep3,1.0285,271,0
rep3,1.0285,272,0
rep3,1.0285,273,0
rep3,1.0286,274,0
rep3,1.0286,275,0
rep3,1.0286,276,0
rep3,1.0286,277,0
rep3,1.0286,278,0
rep3,1.0286,279,0
rep3,1.0287,280,0
rep3,1.0287,281,0
rep3,1.0288,282,0
rep3,1.0289,283,0
rep3,1.0289,284,0
rep3,1.0289,285,0
rep3,1.0289,286,0
rep3,1.0291,287,0
rep3,1.0291,288,0
rep3,1.0291,289,0
rep3,1.0293,290,0
rep3,1.0293,291,0
rep3,1.0293,292,0
rep3,1.0293,293,0
rep3,1.0293,294,0
rep3,1.0293,295,0
rep3,1.0294,296,0
rep3,1.0294,297,0
rep3,1.0294,298,0
rep3,1.0294,299,0
rep3,1.0295,300,0
rep3,1.0295,301,0
rep3,1.0295,302,0
rep3,1.0295,303,0
rep3,1.0295,304,0
rep3,1.0296,305,0
rep3,1.0296,306,0
rep3,1.0296,307,0
rep3,1.0297,308,0
rep3,1.0297,309,0
rep3,1.0297,310,0
rep3,1.0298,311,0
rep3,1.0298,312,0
rep3,1.0298,313,0
rep3,1.0299,314,0
rep3,1.0299,315,0
rep3,1.0299,316,0
rep3,1.03,317,0
rep3,1.03,318,0
rep3,1.0301,319,0
rep3,1.0301,320,0
rep3,1.0301,321,0
rep3,1.0301,322,0
rep3,1.0302,323,0
rep3,1.0302,324,0
rep3,1.0302,325,0
rep3,1.0302,326,0
rep3,1.0303,327,0
rep3,1.0303,328,0
rep3,1.0303,329,0
rep3,1.0303,330,0
rep3,1.0304,331,0
rep3,1.0304,332,0
rep3,1.0304,333,0
rep3,1.0305,334,0
rep3,1.0305,335,0
rep3,1.0305,336,0
rep3,1.0306,337,0
rep3,1.0306,338,0
rep3,1.0306,339,0
rep3,1.0306,340,0
rep3,1.0307,341,0
rep3,1.0307,342,0
rep3,1.0308,343,0
rep3,1.0309,344,0
rep3,1.0309,345,0
rep3,1.031,346,0
rep3,1.031,347,0
rep3,1.031,348,0
rep3,1.0311,349,0
rep3,1.0311,350,0
rep3,1.0312,351,0
rep3,1.0312,352,0
rep3,1.0313,353,0
rep3,1.0313,354,0
rep3,1.0313,355,0
rep3,1.0313,356,0
rep3,1.0314,357,0
rep3,1.0314,358,0
rep3,1.0314,359,0
rep3,1.0315,360,0
rep3,1.0315,361,0
rep3,1.0316,362,0
rep3,1.0316,363,0
rep3,1.0316,364,0
rep3,1.0316,365,0
rep3,1.0316,366,0
rep3,1.0316,367,0
rep3,1.0316,368,0
rep3,1.0316,369,0
rep3,1.0317,370,0
rep3,1.0317,371,0
rep3,1.0318,372,0
rep3,1.0318,373,0
rep3,1.0318,374,0
rep3,1.0318,375,0
rep3,1.0318,376,0
rep3,1.0319,377,0
rep3,1.032,378,0
rep3,1.032,379,0
rep3,1.0321,380,0
rep3,1.0321,381,0
rep3,1.0322,382,0
rep3,1.0322,383,0
rep3,1.0322,384,0
rep3,1.0323,385,0
rep3,1.0323,386,0
rep3,1.0323,387,0
rep3,1.0323,388,0
rep3,1.0324,389,0
rep3,1.0325,390,0
rep3,1.0325,391,0
rep3,1.0326,392,0
rep3,1.0326,393,0
rep3,1.0326,394,0
rep3,1.0328,395,0
rep3,1.0328,396,0
rep3,1.033,397,0
rep3,1.033,398,0
rep3,1.033,399,0
rep3,1.033,400,0
rep3,1.0331,401,0
rep3,1.0331,402,0
rep3,1.0332,403,0
rep3,1.0332,404,0
rep3,1.0332,405,0
rep3,1.0333,406,0
rep3,1.0333,407,0
rep3,1.0334,408,0
rep3,1.0334,409,0
rep3,1.0335,410,0
rep3,1.0335,411,0
rep3,1.0335,412,0
rep3,1.0336,413,0
rep3,1.0336,414,0
rep3,1.0337,415,0
rep3,1.0337,416,0
rep3,1.0337,417,0
rep3,1.0338,418,0
rep3,1.0338,419,0
rep3,1.034,420,0
rep3,1.034,421,0
rep3,1.0341,422,0
rep3,1.0341,423,0
rep3,1.0342,424,0
rep3,1.0342,425,0
rep3,1.0343,426,0
rep3,1.0344,427,0
rep3,1.0344,428,0
rep3,1.0344,429,0
rep3,1.0344,430,0
rep3,1.0344,431,0
rep3,1.0345,432,0
rep3,1.0346,433,0
rep3,1.0347,434,0
rep3,1.0347,435,0
rep3,1.0347,436,0
rep3,1.0347,437,0
rep3,1.0348,438,0
rep3,1.0348,439,0
rep3,1.0348,440,0
rep3,1.0349,441,0
rep3,1.0349,442,0
rep3,1.0349,443,0
rep3,1.0349,444,0
rep3,1.035,445,0
rep3,1.035,446,0
rep3,1.0351,447,0
rep3,1.0351,448,0
rep3,1.0351,449,0
rep3,1.0352,450,0
rep3,1.0352,451,0
rep3,1.0352,452,0
rep3,1.0352,453,0
rep3,1.0353,454,0
rep3,1.0353,455,0
rep3,1.0353,456,0
rep3,1.0354,457,0
rep3,1.0354,458,0
rep3,1.0355,459,0
rep3,1.0355,460,0
rep3,1.0356,461,0
rep3,1.0356,462,0
rep3,1.0356,463,0
rep3,1.0357,464,0
rep3,1.0357,465,0
rep3,1.0357,466,0
rep3,1.0359,467,0
rep3,1.0359,468,0
rep3,1.036,469,0
rep3,1.0361,470,0
rep3,1.0362,471,0
rep3,1.0362,472,0
rep3,1.0364,473,0
rep3,1.0364,474,0
rep3,1.0364,475,0
rep3,1.0365,476,0
rep3,1.0365,477,0
rep3,1.0366,478,0
rep3,1.0367,479,0
rep3,1.0367,480,0
rep3,1.0368,481,0
rep3,1.0368,482,0
rep3,1.0368,483,0
rep3,1.0368,484,0
rep3,1.0369,485,0
rep3,1.0369,486,0
rep3,1.0369,487,0
rep3,1.0371,488,0
rep3,1.0371,489,0
rep3,1.0372,490,0
rep3,1.0373,491,0
rep3,1.0373,492,0
rep3,1.0374,493,0
rep3,1.0375,494,0
rep3,1.0375,495,0
rep3,1.0376,496,0
rep3,1.0376,497,0
rep3,1.0376,498,0
rep3,1.0379,499,0
rep3,1.0379,500,0
rep3,1.0382,501,0
rep3,1.0383,502,0
rep3,1.0383,503,0
rep3,1.0383,504,0
rep3,1.0384,505,0
rep3,1.0385,506,0
rep3,1.0385,507,0
rep3,1.0385,508,0
rep3,1.0386,509,0
rep3,1.0387,510,0
rep3,1.0388,511,0
rep3,1.039,512,0
rep3,1.0391,513,0
rep3,1.0393,514,0
rep3,1.0394,515,0
rep3,1.0395,516,0
rep3,1.0395,517,0
rep3,1.0395,518,0
rep3,1.0397,519,0
rep3,1.0397,520,0
rep3,1.0399,521,0
rep3,1.0399,522,0
rep3,1.0401,523,0
rep3,1.0402,524,0
rep3,1.0402,525,0
rep3,1.0402,526,0
rep3,1.0402,527,0
rep3,1.0403,528,0
rep3,1.0404,529,0
rep3,1.0405,530,0
rep3,1.0405,531,0
rep3,1.0406,532,0
rep3,1.0407,533,0
rep3,1.0408,534,0
rep3,1.041,535,0
rep3,1.041,536,0
rep3,1.041,537,0
rep3,1.0411,538,0
rep3,1.0412,539,0
rep3,1.0414,540,0
rep3,1.0414,541,0
rep3,1.0415,542,0
rep3,1.0415,543,0
rep3,1.0416,544,0
rep3,1.0417,545,0
rep3,1.0417,546,0
rep3,1.0417,547,0
rep3,1.0417,548,0
rep3,1.0418,549,0
rep3,1.0419,550,0
rep3,1.0421,551,0
rep3,1.0422,552,0
rep3,1.0423,553,0
rep3,1.0424,554,0
rep3,1.0426,555,0
rep3,1.0426,556,0
rep3,1.0427,557,0
rep3,1.0428,558,0
rep3,1.0429,559,0
rep3,1.043,560,0
rep3,1.0432,561,0
rep3,1.0432,562,0
rep3,1.0433,563,0
rep3,1.0434,564,0
rep3,1.0436,565,0
rep3,1.0437,566,0
rep3,1.0437,567,0
rep3,1.0438,568,0
rep3,1.0438,569,0
rep3,1.0441,570,0
rep3,1.0441,571,0
rep3,1.0443,572,0
rep3,1.0444,573,0
rep3,1.0444,574,0
rep3,1.0445,575,0
rep3,1.0446,576,0
rep3,1.0446,577,0
rep3,1.0449,578,0
rep3,1.045,579,0
rep3,1.0451,580,0
rep3,1.0454,581,0
rep3,1.0454,582,0
rep3,1.0455,583,0
rep3,1.0456,584,0
rep3,1.0457,585,0
rep3,1.0458,586,0
rep3,1.0459,587,0
rep3,1.0459,588,0
rep3,1.0462,589,0
rep3,1.0463,590,0
rep3,1.0466,591,0
rep3,1.0467,592,0
rep3,1.0467,593,0
rep3,1.0467,594,0
rep3,1.0468,595,0
rep3,1.0469,596,0
rep3,1.047,597,0
rep3,1.0471,598,0
rep3,1.0472,599,0
rep3,1.0472,600,0
rep3,1.0473,601,0
rep3,1.0474,602,0
rep3,1.0475,603,0
rep3,1.0476,604,0
rep3,1.0478,605,0
rep3,1.0479,606,0
rep3,1.048,607,0
rep3,1.0482,608,0
rep3,1.0482,609,0
rep3,1.0483,610,0
rep3,1.0484,611,0
rep3,1.0485,612,0
rep3,1.0486,613,0
rep3,1.0486,614,0
rep3,1.0487,615,0
rep3,1.0488,616,0
rep3,1.0489,617,0
rep3,1.0491,618,0
rep3,1.0491,619,0
rep3,1.0494,620,0
rep3,1.0495,621,0
rep3,1.0495,622,0
rep3,1.0496,623,0
rep3,1.0499,624,0
rep3,1.05,625,0
rep3,1.0501,626,0
rep3,1.0502,627,0
rep3,1.0505,628,0
rep3,1.0506,629,0
rep3,1.0507,630,0
rep3,1.0508,631,0
rep3,1.051,632,0
rep3,1.0513,633,0
rep3,1.0513,634,0
rep3,1.0514,635,0
rep3,1.0514,636,0
rep3,1.0514,637,0
rep3,1.0515,638,0
rep3,1.0516,639,0
rep3,1.0517,640,0
rep3,1.052,641,0
rep3,1.0521,642,0
rep3,1.0523,643,0
rep3,1.0525,644,0
rep3,1.0527,645,0
rep3,1.0527,646,0
rep3,1.053,647,0
rep3,1.0533,648,0
rep3,1.0537,649,0
rep3,1.0537,650,0
rep3,1.0537,651,0
rep3,1.0546,652,0
rep3,1.055,653,0
rep3,1.0551,654,0
rep3,1.0551,655,0
rep3,1.0555,656,0
rep3,1.0556,657,0
rep3,1.0557,658,0
rep3,1.0564,659,0
rep3,1.0566,660,0
rep3,1.0566,661,0
rep3,1.0571,662,0
rep3,1.0571,663,0
rep3,1.0571,664,0
rep3,1.0572,665,0
rep3,1.0572,666,0
rep3,1.0572,667,0
rep3,1.0572,668,0
rep3,1.0572,669,0
rep3,1.0573,670,0
rep3,1.0573,671,0
rep3,1.0573,672,0
rep3,1.0573,673,0
rep3,1.0573,674,0
rep3,1.0574,675,0
rep3,1.0574,676,0
rep3,1.0574,677,0
rep3,1.0574,678,0
rep3,1.0574,679,0
rep3,1.0574,680,0
rep3,1.0574,681,0
rep3,1.0575,682,0
rep3,1.0575,683,0
rep3,1.0575,684,0
rep3,1.0575,685,0
rep3,1.0575,686,0
rep3,1.0575,687,0
rep3,1.0575,688,0
rep3,1.0575,689,0
rep3,1.0576,690,0
rep3,1.0576,691,0
rep3,1.0577,692,0
rep3,1.0577,693,0
rep3,1.0577,694,0
rep3,1.0577,695,0
rep3,1.0577,696,0
rep3,1.0577,697,0
rep3,1.0577,698,0
rep3,1.0578,699,0
rep3,1.0578,700,0
rep3,1.0578,701,0
rep3,1.0578,702,0
rep3,1.0578,703,0
rep3,1.0578,704,0
rep3,1.0578,705,0
rep3,1.0579,706,0
rep3,1.0579,707,0
rep3,1.0579,708,0
rep3,1.0579,709,0
rep3,1.0579,710,0
rep3,1.0579,711,0
rep3,1.058,712,0
rep3,1.058,713,0
rep3,1.058,714,0
rep3,1.058,715,0
rep3,1.058,716,0
rep3,1.0581,717,0
rep3,1.0581,718,0
rep3,1.0581,719,0
rep3,1.0581,720,0
rep3,1.0581,721,0
rep3,1.0581,722,0
rep3,1.0582,723,0
rep3,1.0582,724,0
rep3,1.0582,725,0
rep3,1.0582,726,0
rep3,1.0582,727,0
rep3,1.0583,728,0
rep3,1.0583,729,0
rep3,1.0583,730,0
rep3,1.0583,731,0
rep3,1.0584,732,0
rep3,1.0584,733,0
rep3,1.0584,734,0
rep3,1.0585,735,0
rep3,1.0585,736,0
rep3,1.0585,737,0
rep3,1.0585,738,0
rep3,1.0586,739,0
rep3,1.0586,740,0
rep3,1.0586,741,0
rep3,1.0586,742,0
rep3,1.0586,743,0
rep3,1.0587,744,0
rep3,1.0587,745,0
rep3,1.0587,746,0
rep3,1.0587,747,0
rep3,1.0587,748,0
rep3,1.0587,749,0
rep3,1.0587,750,0
rep3,1.0588,751,0
rep3,1.0588,752,0
rep3,1.0588,753,0
rep3,1.0588,754,0
rep3,1.0588,755,0
rep3,1.0588,756,0
rep3,1.0589,757,0
rep3,1.0589,758,0
rep3,1.0589,759,0
rep3,1.059,760,0
rep3,1.059,761,0
rep3,1.059,762,0
rep3,1.059,763,0
rep3,1.059,764,0
rep3,1.0591,765,0
rep3,1.0591,766,0
rep3,1.0592,767,0
rep3,1.0592,768,0
rep3,1.0592,769,0
rep3,1.0592,770,0
rep3,1.0592,771,0
rep3,1.0593,772,0
rep3,1.0593,773,0
rep3,1.0594,774,0
rep3,1.0594,775,0
rep3,1.0594,776,0
rep3,1.0594,777,0
rep3,1.0595,778,0
rep3,1.0595,779,0
rep3,1.0595,780,0
rep3,1.0596,781,0
rep3,1.0596,782,0
rep3,1.0596,783,0
rep3,1.0596,784,0
rep3,1.0596,785,0
rep3,1.0596,786,0
rep3,1.0597,787,0
rep3,1.0597,788,0
rep3,1.0597,789,0
rep3,1.0598,790,0
rep3,1.0598,791,0
rep3,1.0598,792,0
rep3,1.0598,793,0
rep3,1.0598,794,0
rep3,1.0599,795,0
rep3,1.0599,796,0
rep3,1.0599,797,0
rep3,1.0599,798,0
rep3,1.06,799,0
rep3,1.06,800,0
rep3,1.06,801,0
rep3,1.06,802,0
rep3,1.06,803,0
rep3,1.06,804,0
rep3,1.06,805,0
rep3,1.0601,806,0
rep3,1.0601,807,0
rep3,1.0601,808,0
rep3,1.0601,809,0
rep3,1.0602,810,0
rep3,1.0602,811,0
rep3,1.0602,812,0
rep3,1.0602,813,0
rep3,1.0602,814,0
rep3,1.0602,815,0
rep3,1.0603,816,0
rep3,1.0603,817,0
rep3,1.0603,818,0
rep3,1.0603,819,0
rep3,1.0603,820,0
rep3,1.0604,821,0
rep3,1.0604,822,0
rep3,1.0604,823,0
rep3,1.0605,824,0
rep3,1.0605,825,0
rep3,1.0605,826,0
rep3,1.0606,827,0
rep3,1.0606,828,0
rep3,1.0606,829,0
rep3,1.0606,830,0
rep3,1.0607,831,0
rep3,1.0607,832,0
rep3,1.0607,833,0
rep3,1.0607,834,0
rep3,1.0607,835,0
rep3,1.0608,836,0
rep3,1.0608,837,0
rep3,1.0608,838,0
rep3,1.0608,839,0
rep3,1.0609,840,0
rep3,1.0609,841,0
rep3,1.0609,842,0
rep3,1.0609,843,0
rep3,1.061,844,0
rep3,1.061,845,0
rep3,1.061,846,0
rep3,1.0611,847,0
rep3,1.0611,848,0
rep3,1.0612,849,0
rep3,1.0612,850,0
rep3,1.0612,851,0
rep3,1.0612,852,0
rep3,1.0612,853,0
rep3,1.0613,854,0
rep3,1.0613,855,0
rep3,1.0613,856,0
rep3,1.0613,857,0
rep3,1.0613,858,0
rep3,1.0614,859,0
rep3,1.0614,860,0
rep3,1.0614,861,0
rep3,1.0615,862,0
rep3,1.0615,863,0
rep3,1.0615,864,0
rep3,1.0615,865,0
rep3,1.0616,866,0
rep3,1.0616,867,0
rep3,1.0616,868,0
rep3,1.0616,869,0
rep3,1.0617,870,0
rep3,1.0617,871,0
rep3,1.0618,872,0
rep3,1.0618,873,0
rep3,1.0618,874,0
rep3,1.0619,875,0
rep3,1.0619,876,0
rep3,1.0619,877,0
rep3,1.0619,878,0
rep3,1.062,879,0
rep3,1.062,880,0
rep3,1.0621,881,0
rep3,1.0621,882,0
rep3,1.0621,883,0
rep3,1.0621,884,0
rep3,1.0621,885,0
rep3,1.0621,886,0
rep3,1.0621,887,0
rep3,1.0622,888,0
rep3,1.0622,889,0
rep3,1.0622,890,0
rep3,1.0623,891,0
rep3,1.0623,892,0
rep3,1.0623,893,0
rep3,1.0624,894,0
rep3,1.0625,895,0
rep3,1.0625,896,0
rep3,1.0625,897,0
rep3,1.0625,898,0
rep3,1.0626,899,0
rep3,1.0626,900,0
rep3,1.0626,901,0
rep3,1.0626,902,0
rep3,1.0627,903,0
rep3,1.0627,904,0
rep3,1.0627,905,0
rep3,1.0627,906,0
rep3,1.0628,907,0
rep3,1.0629,908,0
rep3,1.0629,909,0
rep3,1.0629,910,0
rep3,1.0629,911,0
rep3,1.0629,912,0
rep3,1.063,913,0
rep3,1.063,914,0
rep3,1.063,915,0
rep3,1.0631,916,0
rep3,1.0631,917,0
rep3,1.0632,918,0
rep3,1.0632,919,0
rep3,1.0632,920,0
rep3,1.0633,921,0
rep3,1.0633,922,0
rep3,1.0634,923,0
rep3,1.0634,924,0
rep3,1.0635,925,0
rep3,1.0635,926,0
rep3,1.0635,927,0
rep3,1.0635,928,0
rep3,1.0636,929,0
rep3,1.0636,930,0
rep3,1.0636,931,0
rep3,1.0636,932,0
rep3,1.0637,933,0
rep3,1.0637,934,0
rep3,1.0637,935,0
rep3,1.0637,936,0
rep3,1.0638,937,0
rep3,1.0638,938,0
rep3,1.0639,939,0
rep3,1.0639,940,0
rep3,1.0639,941,0
rep3,1.0639,942,0
rep3,1.0641,943,0
rep3,1.0641,944,0
rep3,1.0642,945,0
rep3,1.0642,946,0
rep3,1.0642,947,0
rep3,1.0642,948,0
rep3,1.0642,949,0
rep3,1.0643,950,0
rep3,1.0643,951,0
rep3,1.0643,952,0
rep3,1.0643,953,0
rep3,1.0643,954,0
rep3,1.0643,955,0
rep3,1.0643,956,0
rep3,1.0644,957,0
rep3,1.0644,958,0
rep3,1.0644,959,0
rep3,1.0644,960,0
rep3,1.0644,961,0
rep3,1.0645,962,0
rep3,1.0646,963,0
rep3,1.0646,964,0
rep3,1.0647,965,0
rep3,1.0647,966,0
rep3,1.0647,967,0
rep3,1.0647,968,0
rep3,1.0648,969,0
rep3,1.0648,970,0
rep3,1.0648,971,0
rep3,1.0648,972,0
rep3,1.0649,973,0
rep3,1.0649,974,0
rep3,1.0649,975,0
rep3,1.0649,976,0
rep3,1.0649,977,0
rep3,1.065,978,0
rep3,1.065,979,0
rep3,1.065,980,0
rep3,1.0651,981,0
rep3,1.0651,982,0
rep3,1.0651,983,0
rep3,1.0652,984,0
rep3,1.0653,985,0
rep3,1.0653,986,0
rep3,1.0653,987,0
rep3,1.0653,988,0
rep3,1.0654,989,0
rep3,1.0654,990,0
rep3,1.0654,991,0
rep3,1.0655,992,0
rep3,1.0655,993,0
rep3,1.0655,994,0
rep3,1.0655,995,0
rep3,1.0655,996,0
rep3,1.0656,997,0
rep3,1.0656,998,0
rep3,1.0657,999,0
rep3,1.0657,1000,0
rep3,1.0657,1001,0
rep3,1.0657,1002,0
rep3,1.0658,1003,0
rep3,1.0658,1004,0
rep3,1.0659,1005,0
rep3,1.0659,1006,0
rep3,1.0659,1007,0
rep3,1.0659,1008,0
rep3,1.0659,1009,0
rep3,1.066,1010,0
rep3,1.066,1011,0
rep3,1.066,1012,0
rep3,1.066,1013,0
rep3,1.0661,1014,0
rep3,1.0661,1015,0
rep3,1.0661,1016,0
rep3,1.0661,1017,0
rep3,1.0662,1018,0
rep3,1.0662,1019,0
rep3,1.0663,1020,0
rep3,1.0663,1021,0
rep3,1.0663,1022,0
rep3,1.0664,1023,0
rep3,1.0664,1024,0
rep3,1.0665,1025,0
rep3,1.0665,1026,0
rep3,1.0665,1027,0
rep3,1.0666,1028,0
rep3,1.0666,1029,0
rep3,1.0666,1030,0
rep3,1.0667,1031,0
rep3,1.0667,1032,0
rep3,1.0667,1033,0
rep3,1.0667,1034,0
rep3,1.0667,1035,0
rep3,1.0668,1036,0
rep3,1.0668,1037,0
rep3,1.0668,1038,0
rep3,1.0668,1039,0
rep3,1.0669,1040,0
rep3,1.0669,1041,0
rep3,1.067,1042,0
rep3,1.067,1043,0
rep3,1.067,1044,0
rep3,1.067,1045,0
rep3,1.0671,1046,0
rep3,1.0671,1047,0
rep3,1.0672,1048,0
rep3,1.0672,1049,0
rep3,1.0672,1050,0
rep3,1.0672,1051,0
rep3,1.0672,1052,0
rep3,1.0673,1053,0
rep3,1.0673,1054,0
rep3,1.0673,1055,0
rep3,1.0673,1056,0
rep3,1.0674,1057,0
rep3,1.0675,1058,0
rep3,1.0675,1059,0
rep3,1.0676,1060,0
rep3,1.0676,1061,0
rep3,1.0676,1062,0
rep3,1.0677,1063,0
rep3,1.0678,1064,0
rep3,1.0678,1065,0
rep3,1.0678,1066,0
rep3,1.0679,1067,0
rep3,1.068,1068,0
rep3,1.0681,1069,0
rep3,1.0681,1070,0
rep3,1.0681,1071,0
rep3,1.0681,1072,0
rep3,1.0682,1073,0
rep3,1.0683,1074,0
rep3,1.0684,1075,0
rep3,1.0684,1076,0
rep3,1.0684,1077,0
rep3,1.0685,1078,0
rep3,1.0685,1079,0
rep3,1.0685,1080,0
rep3,1.0685,1081,0
rep3,1.0686,1082,0
rep3,1.0686,1083,0
rep3,1.0686,1084,0
rep3,1.0686,1085,0
rep3,1.0687,1086,0
rep3,1.0687,1087,0
rep3,1.0688,1088,0
rep3,1.0688,1089,0
rep3,1.0688,1090,0
rep3,1.0688,1091,0
rep3,1.0688,1092,0
rep3,1.0689,1093,0
rep3,1.0689,1094,0
rep3,1.0689,1095,0
rep3,1.069,1096,0
rep3,1.069,1097,0
rep3,1.069,1098,0
rep3,1.069,1099,0
rep3,1.069,1100,0
rep3,1.0691,1101,0
rep3,1.0692,1102,0
rep3,1.0692,1103,0
rep3,1.0692,1104,0
rep3,1.0693,1105,0
rep3,1.0693,1106,0
rep3,1.0693,1107,0
rep3,1.0694,1108,0
rep3,1.0694,1109,0
rep3,1.0695,1110,0
rep3,1.0695,1111,0
rep3,1.0696,1112,0
rep3,1.0696,1113,0
rep3,1.0696,1114,0
rep3,1.0697,1115,0
rep3,1.0697,1116,0
rep3,1.0698,1117,0
rep3,1.0698,1118,0
rep3,1.0698,1119,0
rep3,1.0698,1120,0
rep3,1.0699,1121,0
rep3,1.0699,1122,0
rep3,1.07,1123,0
rep3,1.07,1124,0
rep3,1.0701,1125,0
rep3,1.0701,1126,0
rep3,1.0701,1127,0
rep3,1.0701,1128,0
rep3,1.0703,1129,0
rep3,1.0703,1130,0
rep3,1.0703,1131,0
rep3,1.0703,1132,0
rep3,1.0704,1133,0
rep3,1.0705,1134,0
rep3,1.0705,1135,0
rep3,1.0705,1136,0
rep3,1.0705,1137,0
rep3,1.0706,1138,0
rep3,1.0706,1139,0
rep3,1.0707,1140,0
rep3,1.0707,1141,0
rep3,1.0707,1142,0
rep3,1.0708,1143,0
rep3,1.071,1144,0
rep3,1.071,1145,0
rep3,1.0711,1146,0
rep3,1.0711,1147,0
rep3,1.0712,1148,0
rep3,1.0712,1149,0
rep3,1.0713,1150,0
rep3,1.0714,1151,0
rep3,1.0714,1152,0
rep3,1.0715,1153,0
rep3,1.0715,1154,0
rep3,1.0715,1155,0
rep3,1.0716,1156,0
rep3,1.0716,1157,0
rep3,1.0717,1158,0
rep3,1.0718,1159,0
rep3,1.0718,1160,0
rep3,1.0718,1161,0
rep3,1.0718,1162,0
rep3,1.0719,1163,0
rep3,1.0719,1164,0
rep3,1.0719,1165,0
rep3,1.0719,1166,0
rep3,1.072,1167,0
rep3,1.072,1168,0
rep3,1.0721,1169,0
rep3,1.0721,1170,0
rep3,1.0722,1171,0
rep3,1.0722,1172,0
rep3,1.0723,1173,0
rep3,1.0724,1174,0
rep3,1.0726,1175,0
rep3,1.0728,1176,0
rep3,1.0728,1177,0
rep3,1.0728,1178,0
rep3,1.0729,1179,0
rep3,1.0729,1180,0
rep3,1.073,1181,0
rep3,1.0731,1182,0
rep3,1.0732,1183,0
rep3,1.0732,1184,0
rep3,1.0732,1185,0
rep3,1.0733,1186,0
rep3,1.0733,1187,0
rep3,1.0734,1188,0
rep3,1.0734,1189,0
rep3,1.0734,1190,0
rep3,1.0735,1191,0
rep3,1.0736,1192,0
rep3,1.0737,1193,0
rep3,1.0737,1194,0
rep3,1.0737,1195,0
rep3,1.0738,1196,0
rep3,1.0738,1197,0
rep3,1.0739,1198,0
rep3,1.0739,1199,0
rep3,1.074,1200,0
rep3,1.074,1201,0
rep3,1.074,1202,0
rep3,1.0741,1203,0
rep3,1.0741,1204,0
rep3,1.0741,1205,0
rep3,1.0744,1206,0
rep3,1.0745,1207,0
rep3,1.0745,1208,0
rep3,1.0747,1209,0
rep3,1.0748,1210,0
rep3,1.0748,1211,0
rep3,1.0748,1212,0
rep3,1.0749,1213,0
rep3,1.075,1214,0
rep3,1.075,1215,0
rep3,1.0751,1216,0
rep3,1.0751,1217,0
rep3,1.0753,1218,0
rep3,1.0753,1219,0
rep3,1.0754,1220,0
rep3,1.0754,1221,0
rep3,1.0755,1222,0
rep3,1.0755,1223,0
rep3,1.0756,1224,0
rep3,1.0757,1225,0
rep3,1.0757,1226,0
rep3,1.0757,1227,0
rep3,1.0758,1228,0
rep3,1.0759,1229,0
rep3,1.076,1230,0
rep3,1.076,1231,0
rep3,1.076,1232,0
rep3,1.0761,1233,0
rep3,1.0761,1234,0
rep3,1.0762,1235,0
rep3,1.0763,1236,0
rep3,1.0763,1237,0
rep3,1.0763,1238,0
rep3,1.0763,1239,0
rep3,1.0765,1240,0
rep3,1.0766,1241,0
rep3,1.0766,1242,0
rep3,1.0767,1243,0
rep3,1.0769,1244,0
rep3,1.0769,1245,0
rep3,1.0769,1246,0
rep3,1.0771,1247,0
rep3,1.0772,1248,0
rep3,1.0773,1249,0
rep3,1.0773,1250,0
rep3,1.0773,1251,0
rep3,1.0774,1252,0
rep3,1.0777,1253,0
rep3,1.0777,1254,0
rep3,1.0778,1255,0
rep3,1.0778,1256,0
rep3,1.0778,1257,0
rep3,1.078,1258,0
rep3,1.0781,1259,0
rep3,1.0782,1260,0
rep3,1.0783,1261,0
rep3,1.0784,1262,0
rep3,1.0784,1263,0
rep3,1.0784,1264,0
rep3,1.0785,1265,0
rep3,1.0786,1266,0
rep3,1.0786,1267,0
rep3,1.0787,1268,0
rep3,1.0787,1269,0
rep3,1.0787,1270,0
rep3,1.0788,1271,0
rep3,1.0788,1272,0
rep3,1.0788,1273,0
rep3,1.0789,1274,0
rep3,1.079,1275,0
rep3,1.0791,1276,0
rep3,1.0791,1277,0
rep3,1.0792,1278,0
rep3,1.0792,1279,0
rep3,1.0794,1280,0
rep3,1.0796,1281,0
rep3,1.0796,1282,0
rep3,1.0796,1283,0
rep3,1.0797,1284,0
rep3,1.0797,1285,0
rep3,1.0797,1286,0
rep3,1.0797,1287,0
rep3,1.0798,1288,0
rep3,1.0798,1289,0
rep3,1.0799,1290,0
rep3,1.08,1291,0
rep3,1.08,1292,0
rep3,1.0801,1293,0
rep3,1.0802,1294,0
rep3,1.0802,1295,0
rep3,1.0804,1296,0
rep3,1.0805,1297,0
rep3,1.0805,1298,0
rep3,1.0805,1299,0
rep3,1.0805,1300,0
rep3,1.0808,1301,0
rep3,1.0809,1302,0
rep3,1.081,1303,0
rep3,1.0811,1304,0
rep3,1.0811,1305,0
rep3,1.0811,1306,0
rep3,1.0812,1307,0
rep3,1.0812,1308,0
rep3,1.0812,1309,0
rep3,1.0814,1310,0
rep3,1.0814,1311,0
rep3,1.0815,1312,0
rep3,1.0815,1313,0
rep3,1.0815,1314,0
rep3,1.0816,1315,0
rep3,1.0816,1316,0
rep3,1.0816,1317,0
rep3,1.0817,1318,0
rep3,1.0817,1319,0
rep3,1.0818,1320,0
rep3,1.0819,1321,0
rep3,1.0819,1322,0
rep3,1.0819,1323,0
rep3,1.0822,1324,0
rep3,1.0822,1325,0
rep3,1.0824,1326,0
rep3,1.0824,1327,0
rep3,1.0825,1328,0
rep3,1.0827,1329,0
rep3,1.0827,1330,0
rep3,1.0828,1331,0
rep3,1.0828,1332,0
rep3,1.083,1333,0
rep3,1.0832,1334,0
rep3,1.0832,1335,0
rep3,1.0832,1336,0
rep3,1.0833,1337,0
rep3,1.0834,1338,0
rep3,1.0835,1339,0
rep3,1.0835,1340,0
rep3,1.0835,1341,0
rep3,1.0835,1342,0
rep3,1.0837,1343,0
rep3,1.0837,1344,0
rep3,1.0838,1345,0
rep3,1.0838,1346,0
rep3,1.0839,1347,0
rep3,1.0839,1348,0
rep3,1.0839,1349,0
rep3,1.084,1350,0
rep3,1.0842,1351,0
rep3,1.0842,1352,0
rep3,1.0843,1353,0
rep3,1.0843,1354,0
rep3,1.0845,1355,0
rep3,1.0845,1356,0
rep3,1.0845,1357,0
rep3,1.0846,1358,0
rep3,1.0846,1359,0
rep3,1.0846,1360,0
rep3,1.0848,1361,0
rep3,1.0848,1362,0
rep3,1.0849,1363,0
rep3,1.0851,1364,0
rep3,1.0851,1365,0
rep3,1.0851,1366,0
rep3,1.0851,1367,0
rep3,1.0856,1368,0
rep3,1.0856,1369,0
rep3,1.0857,1370,0
rep3,1.0858,1371,0
rep3,1.0858,1372,0
rep3,1.086,1373,0
rep3,1.0862,1374,0
rep3,1.0863,1375,0
rep3,1.0865,1376,0
rep3,1.0866,1377,0
rep3,1.0867,1378,0
rep3,1.0868,1379,0
rep3,1.0869,1380,0
rep3,1.0871,1381,0
rep3,1.0871,1382,0
rep3,1.0872,1383,0
rep3,1.0872,1384,0
rep3,1.0873,1385,0
rep3,1.0873,1386,0
rep3,1.0876,1387,0
rep3,1.0876,1388,0
rep3,1.0879,1389,0
rep3,1.0879,1390,0
rep3,1.0879,1391,0
rep3,1.088,1392,0
rep3,1.088,1393,0
rep3,1.0882,1394,0
rep3,1.0882,1395,0
rep3,1.0882,1396,0
rep3,1.0883,1397,0
rep3,1.0883,1398,0
rep3,1.0886,1399,0
rep3,1.0887,1400,0
rep3,1.0888,1401,0
rep3,1.0888,1402,0
rep3,1.0893,1403,0
rep3,1.0893,1404,0
rep3,1.0893,1405,0
rep3,1.0894,1406,0
rep3,1.0895,1407,0
rep3,1.0895,1408,0
rep3,1.0898,1409,0
rep3,1.0898,1410,0
rep3,1.0898,1411,0
rep3,1.0899,1412,0
rep3,1.0901,1413,0
rep3,1.0901,1414,0
rep3,1.0901,1415,0
rep3,1.0903,1416,0
rep3,1.0905,1417,0
rep3,1.0905,1418,0
rep3,1.0906,1419,0
rep3,1.091,1420,0
rep3,1.0911,1421,0
rep3,1.0912,1422,0
rep3,1.0912,1423,0
rep3,1.0912,1424,0
rep3,1.0912,1425,0
rep3,1.0913,1426,0
rep3,1.0913,1427,0
rep3,1.0913,1428,0
rep3,1.0914,1429,0
rep3,1.0915,1430,0
rep3,1.0915,1431,0
rep3,1.0916,1432,0
rep3,1.0916,1433,0
rep3,1.0916,1434,0
rep3,1.0916,1435,0
rep3,1.0917,1436,0
rep3,1.0918,1437,0
rep3,1.0918,1438,0
rep3,1.0919,1439,0
rep3,1.0919,1440,0
rep3,1.092,1441,0
rep3,1.092,1442,0
rep3,1.0921,1443,0
rep3,1.0921,1444,0
rep3,1.0922,1445,0
rep3,1.0923,1446,0
rep3,1.0923,1447,0
rep3,1.0923,1448,0
rep3,1.0924,1449,0
rep3,1.0925,1450,0
rep3,1.0925,1451,0
rep3,1.0925,1452,0
rep3,1.0925,1453,0
rep3,1.0926,1454,0
rep3,1.0926,1455,0
rep3,1.0927,1456,0
rep3,1.0927,1457,0
rep3,1.0928,1458,0
rep3,1.0928,1459,0
rep3,1.0928,1460,0
rep3,1.0929,1461,0
rep3,1.0929,1462,0
rep3,1.093,1463,0
rep3,1.093,1464,0
rep3,1.0931,1465,0
rep3,1.0931,1466,0
rep3,1.0932,1467,0
rep3,1.0933,1468,0
rep3,1.0934,1469,0
rep3,1.0934,1470,0
rep3,1.0934,1471,0
rep3,1.0935,1472,0
rep3,1.0935,1473,0
rep3,1.0936,1474,0
rep3,1.0936,1475,0
rep3,1.0937,1476,0
rep3,1.0937,1477,0
rep3,1.0938,1478,0
rep3,1.0938,1479,0
rep3,1.0938,1480,0
rep3,1.0938,1481,0
rep3,1.0939,1482,0
rep3,1.094,1483,0
rep3,1.094,1484,0
rep3,1.0941,1485,0
rep3,1.0941,1486,0
rep3,1.0942,1487,0
rep3,1.0943,1488,0
rep3,1.0944,1489,0
rep3,1.0944,1490,0
rep3,1.0945,1491,0
rep3,1.0945,1492,0
rep3,1.0946,1493,0
rep3,1.0947,1494,0
rep3,1.0948,1495,0
rep3,1.0948,1496,0
rep3,1.0949,1497,0
rep3,1.0949,1498,0
rep3,1.0949,1499,0
rep3,1.095,1500,0
rep3,1.095,1501,0
rep3,1.095,1502,0
rep3,1.0952,1503,0
rep3,1.0953,1504,0
rep3,1.0953,1505,0
rep3,1.0953,1506,0
rep3,1.0953,1507,0
rep3,1.0954,1508,0
rep3,1.0954,1509,0
rep3,1.0955,1510,0
rep3,1.0955,1511,0
rep3,1.0955,1512,0
rep3,1.0955,1513,0
rep3,1.0956,1514,0
rep3,1.0956,1515,0
rep3,1.0956,1516,0
rep3,1.0957,1517,0
rep3,1.0958,1518,0
rep3,1.0959,1519,0
rep3,1.0959,1520,0
rep3,1.096,1521,0
rep3,1.0961,1522,0
rep3,1.0961,1523,0
rep3,1.0962,1524,0
rep3,1.0962,1525,0
rep3,1.0962,1526,0
rep3,1.0962,1527,0
rep3,1.0963,1528,0
rep3,1.0963,1529,0
rep3,1.0963,1530,0
rep3,1.0963,1531,0
rep3,1.0964,1532,0
rep3,1.0965,1533,0
rep3,1.0965,1534,0
rep3,1.0966,1535,0
rep3,1.0966,1536,0
rep3,1.0967,1537,0
rep3,1.0968,1538,0
rep3,1.0969,1539,0
rep3,1.0969,1540,0
rep3,1.0969,1541,0
rep3,1.0971,1542,0
rep3,1.0971,1543,0
rep3,1.0972,1544,0
rep3,1.0972,1545,0
rep3,1.0974,1546,0
rep3,1.0974,1547,0
rep3,1.0974,1548,0
rep3,1.0974,1549,0
rep3,1.0975,1550,0
rep3,1.0975,1551,0
rep3,1.0976,1552,0
rep3,1.0976,1553,0
rep3,1.0976,1554,0
rep3,1.0977,1555,0
rep3,1.0977,1556,0
rep3,1.0977,1557,0
rep3,1.0978,1558,0
rep3,1.0978,1559,0
rep3,1.098,1560,0
rep3,1.0981,1561,0
rep3,1.0982,1562,0
rep3,1.0983,1563,0
rep3,1.0983,1564,0
rep3,1.0983,1565,0
rep3,1.0984,1566,0
rep3,1.0985,1567,0
rep3,1.0985,1568,0
rep3,1.0986,1569,0
rep3,1.0986,1570,0
rep3,1.0987,1571,0
rep3,1.0988,1572,0
rep3,1.0988,1573,0
rep3,1.0988,1574,0
rep3,1.0989,1575,0
rep3,1.099,1576,0
rep3,1.0991,1577,0
rep3,1.0991,1578,0
rep3,1.0991,1579,0
rep3,1.0992,1580,0
rep3,1.0992,1581,0
rep3,1.0993,1582,0
rep3,1.0994,1583,0
rep3,1.0995,1584,0
rep3,1.0995,1585,0
rep3,1.0996,1586,0
rep3,1.0996,1587,0
rep3,1.0996,1588,0
rep3,1.0997,1589,0
rep3,1.0997,1590,0
rep3,1.0998,1591,0
rep3,1.0999,1592,0
rep3,1.0999,1593,0
rep3,1.1,1594,0
rep3,1.1001,1595,0
rep3,1.1001,1596,0
rep3,1.1001,1597,0
rep3,1.1001,1598,0
rep3,1.1003,1599,0
rep3,1.1003,1600,0
rep3,1.1003,1601,0
rep3,1.1003,1602,0
rep3,1.1004,1603,0
rep3,1.1004,1604,0
rep3,1.1004,1605,0
rep3,1.1005,1606,0
rep3,1.1006,1607,0
rep3,1.1006,1608,0
rep3,1.1007,1609,0
rep3,1.1008,1610,0
rep3,1.1009,1611,0
rep3,1.101,1612,0
rep3,1.1011,1613,0
rep3,1.1012,1614,0
rep3,1.1012,1615,0
rep3,1.1013,1616,0
rep3,1.1013,1617,0
rep3,1.1013,1618,0
rep3,1.1015,1619,0
rep3,1.1016,1620,0
rep3,1.1016,1621,0
rep3,1.1017,1622,0
rep3,1.1018,1623,0
rep3,1.1018,1624,0
rep3,1.1018,1625,0
rep3,1.1019,1626,0
rep3,1.102,1627,0
rep3,1.102,1628,0
rep3,1.102,1629,0
rep3,1.102,1630,0
rep3,1.1021,1631,0
rep3,1.1021,1632,0
rep3,1.1021,1633,0
rep3,1.1023,1634,0
rep3,1.1023,1635,0
rep3,1.1023,1636,0
rep3,1.1023,1637,0
rep3,1.1024,1638,0
rep3,1.1025,1639,0
rep3,1.1025,1640,0
rep3,1.1026,1641,0
rep3,1.1026,1642,0
rep3,1.1026,1643,0
rep3,1.1026,1644,0
rep3,1.1028,1645,0
rep3,1.1029,1646,0
rep3,1.1029,1647,0
rep3,1.1029,1648,0
rep3,1.1029,1649,0
rep3,1.103,1650,0
rep3,1.1031,1651,0
rep3,1.1032,1652,0
rep3,1.1032,1653,0
rep3,1.1033,1654,0
rep3,1.1033,1655,0
rep3,1.1033,1656,0
rep3,1.1033,1657,0
rep3,1.1034,1658,0
rep3,1.1035,1659,0
rep3,1.1036,1660,0
rep3,1.1037,1661,0
rep3,1.1038,1662,0
rep3,1.1038,1663,0
rep3,1.1038,1664,0
rep3,1.1039,1665,0
rep3,1.104,1666,0
rep3,1.1042,1667,0
rep3,1.1043,1668,0
rep3,1.1044,1669,0
rep3,1.1046,1670,0
rep3,1.1048,1671,0
rep3,1.1048,1672,0
rep3,1.1049,1673,0
rep3,1.1049,1674,0
rep3,1.1049,1675,0
rep3,1.1051,1676,0
rep3,1.1051,1677,0
rep3,1.1052,1678,0
rep3,1.1052,1679,0
rep3,1.1053,1680,0
rep3,1.1053,1681,0
rep3,1.1053,1682,0
rep3,1.1055,1683,0
rep3,1.1056,1684,0
rep3,1.1056,1685,0
rep3,1.1056,1686,0
rep3,1.1056,1687,0
rep3,1.1056,1688,0
rep3,1.1057,1689,0
rep3,1.1058,1690,0
rep3,1.1059,1691,0
rep3,1.1059,1692,0
rep3,1.1059,1693,0
rep3,1.1061,1694,0
rep3,1.1061,1695,0
rep3,1.1062,1696,0
rep3,1.1063,1697,0
rep3,1.1063,1698,0
rep3,1.1065,1699,0
rep3,1.1065,1700,0
rep3,1.1067,1701,0
rep3,1.1068,1702,0
rep3,1.1068,1703,0
rep3,1.1068,1704,0
rep3,1.1068,1705,0
rep3,1.1069,1706,0
rep3,1.107,1707,0
rep3,1.107,1708,0
rep3,1.1071,1709,0
rep3,1.1072,1710,0
rep3,1.1072,1711,0
rep3,1.1073,1712,0
rep3,1.1074,1713,0
rep3,1.1074,1714,0
rep3,1.1074,1715,0
rep3,1.1075,1716,0
rep3,1.1075,1717,0
rep3,1.1075,1718,0
rep3,1.1077,1719,0
rep3,1.1077,1720,0
rep3,1.1078,1721,0
rep3,1.1079,1722,0
rep3,1.1081,1723,0
rep3,1.1081,1724,0
rep3,1.1082,1725,0
rep3,1.1082,1726,0
rep3,1.1084,1727,0
rep3,1.1084,1728,0
rep3,1.1085,1729,0
rep3,1.1086,1730,0
rep3,1.1086,1731,0
rep3,1.1087,1732,0
rep3,1.1088,1733,0
rep3,1.1088,1734,0
rep3,1.1089,1735,0
rep3,1.1089,1736,0
rep3,1.109,1737,0
rep3,1.1091,1738,0
rep3,1.1091,1739,0
rep3,1.1092,1740,0
rep3,1.1092,1741,0
rep3,1.1093,1742,0
rep3,1.1093,1743,0
rep3,1.1093,1744,0
rep3,1.1093,1745,0
rep3,1.1094,1746,0
rep3,1.1094,1747,0
rep3,1.1095,1748,0
rep3,1.1095,1749,0
rep3,1.1095,1750,0
rep3,1.1096,1751,0
rep3,1.1097,1752,0
rep3,1.1098,1753,0
rep3,1.1098,1754,0
rep3,1.1099,1755,0
rep3,1.1099,1756,0
rep3,1.1099,1757,0
rep3,1.11,1758,0
rep3,1.1101,1759,0
rep3,1.1101,1760,0
rep3,1.1101,1761,0
rep3,1.1102,1762,0
rep3,1.1102,1763,0
rep3,1.1103,1764,0
rep3,1.1103,1765,0
rep3,1.1104,1766,0
rep3,1.1105,1767,0
rep3,1.1106,1768,0
rep3,1.1107,1769,0
rep3,1.1108,1770,0
rep3,1.1109,1771,0
rep3,1.1109,1772,0
rep3,1.1111,1773,0
rep3,1.1111,1774,0
rep3,1.1112,1775,0
rep3,1.1113,1776,0
rep3,1.1113,1777,0
rep3,1.1114,1778,0
rep3,1.1117,1779,0
rep3,1.1119,1780,0
rep3,1.1119,1781,0
rep3,1.1119,1782,0
rep3,1.112,1783,0
rep3,1.112,1784,0
rep3,1.112,1785,0
rep3,1.1121,1786,0
rep3,1.1121,1787,0
rep3,1.1122,1788,0
rep3,1.1122,1789,0
rep3,1.1123,1790,0
rep3,1.1123,1791,0
rep3,1.1125,1792,0
rep3,1.1126,1793,0
rep3,1.1126,1794,0
rep3,1.1127,1795,0
rep3,1.1128,1796,0
rep3,1.1128,1797,0
rep3,1.1128,1798,0
rep3,1.1128,1799,0
rep3,1.1129,1800,0
rep3,1.1129,1801,0
rep3,1.1129,1802,0
rep3,1.1131,1803,0
rep3,1.1131,1804,0
rep3,1.1132,1805,0
rep3,1.1133,1806,0
rep3,1.1133,1807,0
rep3,1.1133,1808,0
rep3,1.1133,1809,0
rep3,1.1133,1810,0
rep3,1.1134,1811,0
rep3,1.1134,1812,0
rep3,1.1135,1813,0
rep3,1.1135,1814,0
rep3,1.1135,1815,0
rep3,1.1135,1816,0
rep3,1.1136,1817,0
rep3,1.1137,1818,0
rep3,1.1137,1819,0
rep3,1.1138,1820,0
rep3,1.1138,1821,0
rep3,1.1138,1822,0
rep3,1.1139,1823,0
rep3,1.114,1824,0
rep3,1.114,1825,0
rep3,1.1141,1826,0
rep3,1.1141,1827,0
rep3,1.1141,1828,0
rep3,1.1142,1829,0
rep3,1.1142,1830,0
rep3,1.1144,1831,0
rep3,1.1144,1832,0
rep3,1.1145,1833,0
rep3,1.1146,1834,0
rep3,1.1146,1835,0
rep3,1.1147,1836,0
rep3,1.1147,1837,0
rep3,1.1148,1838,0
rep3,1.115,1839,0
rep3,1.115,1840,0
rep3,1.115,1841,0
rep3,1.1151,1842,0
rep3,1.1151,1843,0
rep3,1.1152,1844,0
rep3,1.1152,1845,0
rep3,1.1153,1846,0
rep3,1.1155,1847,0
rep3,1.1156,1848,0
rep3,1.1157,1849,0
rep3,1.1158,1850,0
rep3,1.1158,1851,0
rep3,1.1158,1852,0
rep3,1.1159,1853,0
rep3,1.116,1854,0
rep3,1.116,1855,0
rep3,1.116,1856,0
rep3,1.1163,1857,0
rep3,1.1165,1858,0
rep3,1.1166,1859,0
rep3,1.1166,1860,0
rep3,1.1166,1861,0
rep3,1.1167,1862,0
rep3,1.1167,1863,0
rep3,1.1169,1864,0
rep3,1.1171,1865,0
rep3,1.1172,1866,0
rep3,1.1173,1867,0
rep3,1.1173,1868,0
rep3,1.1173,1869,0
rep3,1.1174,1870,0
rep3,1.1175,1871,0
rep3,1.1176,1872,0
rep3,1.1176,1873,0
rep3,1.1176,1874,0
rep3,1.1177,1875,0
rep3,1.1177,1876,0
rep3,1.1178,1877,0
rep3,1.1178,1878,0
rep3,1.1178,1879,0
rep3,1.118,1880,0
rep3,1.118,1881,0
rep3,1.1181,1882,0
rep3,1.1185,1883,0
rep3,1.1185,1884,0
rep3,1.1186,1885,0
rep3,1.1186,1886,0
rep3,1.1187,1887,0
rep3,1.1187,1888,0
rep3,1.1189,1889,0
rep3,1.1189,1890,0
rep3,1.1192,1891,0
rep3,1.1192,1892,0
rep3,1.1193,1893,0
rep3,1.1195,1894,0
rep3,1.1195,1895,0
rep3,1.1196,1896,0
rep3,1.1198,1897,0
rep3,1.1198,1898,0
rep3,1.1201,1899,0
rep3,1.1201,1900,0
rep3,1.1201,1901,0
rep3,1.1201,1902,0
rep3,1.1202,1903,0
rep3,1.1202,1904,0
rep3,1.1204,1905,0
rep3,1.1206,1906,0
rep3,1.1206,1907,0
rep3,1.1207,1908,0
rep3,1.1207,1909,0
rep3,1.1209,1910,0
rep3,1.121,1911,0
rep3,1.1211,1912,0
rep3,1.1215,1913,0
rep3,1.1215,1914,0
rep3,1.1215,1915,0
rep3,1.1216,1916,0
rep3,1.1216,1917,0
rep3,1.1217,1918,0
rep3,1.1219,1919,0
rep3,1.122,1920,0
rep3,1.122,1921,0
rep3,1.1221,1922,0
rep3,1.1221,1923,0
rep3,1.1222,1924,0
rep3,1.1223,1925,0
rep3,1.1224,1926,0
rep3,1.1224,1927,0
rep3,1.1224,1928,0
rep3,1.1225,1929,0
rep3,1.1227,1930,0
rep3,1.1227,1931,0
rep3,1.1227,1932,0
rep3,1.1227,1933,0
rep3,1.1229,1934,0
rep3,1.123,1935,0
rep3,1.1231,1936,0
rep3,1.1232,1937,0
rep3,1.1232,1938,0
rep3,1.1233,1939,0
rep3,1.1233,1940,0
rep3,1.1236,1941,0
rep3,1.1237,1942,0
rep3,1.1237,1943,0
rep3,1.1238,1944,0
rep3,1.1238,1945,0
rep3,1.1239,1946,0
rep3,1.124,1947,0
rep3,1.1241,1948,0
rep3,1.1241,1949,0
rep3,1.1241,1950,0
rep3,1.1242,1951,0
rep3,1.1243,1952,0
rep3,1.1244,1953,0
rep3,1.1245,1954,0
rep3,1.1246,1955,0
rep3,1.1246,1956,0
rep3,1.1248,1957,0
rep3,1.1248,1958,0
rep3,1.125,1959,0
rep3,1.1251,1960,0
rep3,1.1251,1961,0
rep3,1.1252,1962,0
rep3,1.1253,1963,0
rep3,1.1253,1964,0
rep3,1.1253,1965,0
rep3,1.1254,1966,0
rep3,1.1255,1967,0
rep3,1.1255,1968,0
rep3,1.1255,1969,0
rep3,1.1256,1970,0
rep3,1.1257,1971,0
rep3,1.1257,1972,0
rep3,1.1258,1973,0
rep3,1.1258,1974,0
rep3,1.1258,1975,0
rep3,1.1259,1976,0
rep3,1.1259,1977,0
rep3,1.1259,1978,0
rep3,1.1261,1979,0
rep3,1.1261,1980,0
rep3,1.1262,1981,0
rep3,1.1262,1982,0
rep3,1.1263,1983,0
rep3,1.1263,1984,0
rep3,1.1264,1985,0
rep3,1.1264,1986,0
rep3,1.1264,1987,0
rep3,1.1267,1988,0
rep3,1.1267,1989,0
rep3,1.1268,1990,0
rep3,1.1268,1991,0
rep3,1.1268,1992,0
rep3,1.1269,1993,0
rep3,1.127,1994,0
rep3,1.127,1995,0
rep3,1.1272,1996,0
rep3,1.1273,1997,0
rep3,1.1275,1998,0
rep3,1.1275,1999,0
rep3,1.1276,2000,0
rep3,1.1276,2001,0
rep3,1.1276,2002,0
rep3,1.1278,2003,0
rep3,1.1279,2004,0
rep3,1.1279,2005,0
rep3,1.128,2006,0
rep3,1.128,2007,0
rep3,1.128,2008,0
rep3,1.128,2009,0
rep3,1.1281,2010,0
rep3,1.1283,2011,0
rep3,1.1283,2012,0
rep3,1.1284,2013,0
rep3,1.1284,2014,0
rep3,1.1285,2015,0
rep3,1.1285,2016,0
rep3,1.1286,2017,0
rep3,1.1286,2018,0
rep3,1.1287,2019,0
rep3,1.1288,2020,0
rep3,1.1288,2021,0
rep3,1.1289,2022,0
rep3,1.129,2023,0
rep3,1.1291,2024,0
rep3,1.1292,2025,0
rep3,1.1292,2026,0
rep3,1.1292,2027,0
rep3,1.1293,2028,0
rep3,1.1293,2029,0
rep3,1.1294,2030,0
rep3,1.1296,2031,0
rep3,1.1296,2032,0
rep3,1.1297,2033,0
rep3,1.1297,2034,0
rep3,1.1297,2035,0
rep3,1.1298,2036,0
rep3,1.1298,2037,0
rep3,1.1299,2038,0
rep3,1.1299,2039,0
rep3,1.13,2040,0
rep3,1.13,2041,0
rep3,1.13,2042,0
rep3,1.1301,2043,0
rep3,1.1301,2044,0
rep3,1.1302,2045,0
rep3,1.1304,2046,0
rep3,1.1305,2047,0
rep3,1.1306,2048,0
rep3,1.1307,2049,0
rep3,1.1308,2050,0
rep3,1.1308,2051,0
rep3,1.1308,2052,0
rep3,1.1308,2053,0
rep3,1.1309,2054,0
rep3,1.131,2055,0
rep3,1.131,2056,0
rep3,1.131,2057,0
rep3,1.1311,2058,0
rep3,1.1311,2059,0
rep3,1.1311,2060,0
rep3,1.1313,2061,0
rep3,1.1313,2062,0
rep3,1.1313,2063,0
rep3,1.1314,2064,0
rep3,1.1314,2065,0
rep3,1.1315,2066,0
rep3,1.1315,2067,0
rep3,1.1316,2068,0
rep3,1.1317,2069,0
rep3,1.1318,2070,0
rep3,1.1318,2071,0
rep3,1.1319,2072,0
rep3,1.132,2073,0
rep3,1.132,2074,0
rep3,1.1321,2075,0
rep3,1.1321,2076,0
rep3,1.1322,2077,0
rep3,1.1323,2078,0
rep3,1.1324,2079,0
rep3,1.1324,2080,0
rep3,1.1324,2081,0
rep3,1.1325,2082,0
rep3,1.1325,2083,0
rep3,1.1325,2084,0
rep3,1.1325,2085,0
rep3,1.1326,2086,0
rep3,1.1326,2087,0
rep3,1.1326,2088,0
rep3,1.1327,2089,0
rep3,1.1328,2090,0
rep3,1.133,2091,0
rep3,1.133,2092,0
rep3,1.1331,2093,0
rep3,1.1332,2094,0
rep3,1.1333,2095,0
rep3,1.1334,2096,0
rep3,1.1334,2097,0
rep3,1.1335,2098,0
rep3,1.1335,2099,0
rep3,1.1337,2100,0
rep3,1.1338,2101,0
rep3,1.1338,2102,0
rep3,1.1338,2103,0
rep3,1.1338,2104,0
rep3,1.1339,2105,0
rep3,1.134,2106,0
rep3,1.1342,2107,0
rep3,1.1343,2108,0
rep3,1.1344,2109,0
rep3,1.1344,2110,0
rep3,1.1346,2111,0
rep3,1.1346,2112,0
rep3,1.1347,2113,0
rep3,1.1347,2114,0
rep3,1.1348,2115,0
rep3,1.1348,2116,0
rep3,1.1349,2117,0
rep3,1.1349,2118,0
rep3,1.1349,2119,0
rep3,1.1349,2120,0
rep3,1.135,2121,0
rep3,1.1351,2122,0
rep3,1.1351,2123,0
rep3,1.1352,2124,0
rep3,1.1353,2125,0
rep3,1.1353,2126,0
rep3,1.1353,2127,0
rep3,1.1353,2128,0
rep3,1.1354,2129,0
rep3,1.1354,2130,0
rep3,1.1354,2131,0
rep3,1.1355,2132,0
rep3,1.1357,2133,0
rep3,1.1357,2134,0
rep3,1.1358,2135,0
rep3,1.1359,2136,0
rep3,1.136,2137,0
rep3,1.1361,2138,0
rep3,1.1361,2139,0
rep3,1.1362,2140,0
rep3,1.1362,2141,0
rep3,1.1363,2142,0
rep3,1.1365,2143,0
rep3,1.1365,2144,0
rep3,1.1366,2145,0
rep3,1.1369,2146,0
rep3,1.1369,2147,0
rep3,1.1371,2148,0
rep3,1.1371,2149,0
rep3,1.1372,2150,0
rep3,1.1373,2151,0
rep3,1.1373,2152,0
rep3,1.1375,2153,0
rep3,1.1375,2154,0
rep3,1.1376,2155,0
rep3,1.1381,2156,0
rep3,1.1382,2157,0
rep3,1.1383,2158,0
rep3,1.1383,2159,0
rep3,1.1383,2160,0
rep3,1.1383,2161,0
rep3,1.1384,2162,0
rep3,1.1384,2163,0
rep3,1.1384,2164,0
rep3,1.1384,2165,0
rep3,1.1385,2166,0
rep3,1.1385,2167,0
rep3,1.1386,2168,0
rep3,1.1386,2169,0
rep3,1.1386,2170,0
rep3,1.1387,2171,0
rep3,1.1387,2172,0
rep3,1.1387,2173,0
rep3,1.1388,2174,0
rep3,1.1389,2175,0
rep3,1.1389,2176,0
rep3,1.1389,2177,0
rep3,1.1393,2178,0
rep3,1.1393,2179,0
rep3,1.1395,2180,0
rep3,1.1396,2181,0
rep3,1.1396,2182,0
rep3,1.1397,2183,0
rep3,1.1397,2184,0
rep3,1.1399,2185,0
rep3,1.1399,2186,0
rep3,1.14,2187,0
rep3,1.1401,2188,0
rep3,1.1401,2189,0
rep3,1.1401,2190,0
rep3,1.1401,2191,0
rep3,1.1402,2192,0
rep3,1.1402,2193,0
rep3,1.1403,2194,0
rep3,1.1403,2195,0
rep3,1.1405,2196,0
rep3,1.1406,2197,0
rep3,1.1406,2198,0
rep3,1.1406,2199,0
rep3,1.1407,2200,0
rep3,1.1408,2201,0
rep3,1.1408,2202,0
rep3,1.1408,2203,0
rep3,1.1408,2204,0
rep3,1.1409,2205,0
rep3,1.1409,2206,0
rep3,1.1409,2207,0
rep3,1.141,2208,0
rep3,1.141,2209,0
rep3,1.141,2210,0
rep3,1.1411,2211,0
rep3,1.1411,2212,0
rep3,1.1411,2213,0
rep3,1.1411,2214,0
rep3,1.1411,2215,0
rep3,1.1412,2216,0
rep3,1.1412,2217,0
rep3,1.1412,2218,0
rep3,1.1413,2219,0
rep3,1.1414,2220,0
rep3,1.1414,2221,0
rep3,1.1414,2222,0
rep3,1.1414,2223,0
rep3,1.1414,2224,0
rep3,1.1416,2225,0
rep3,1.1416,2226,0
rep3,1.1417,2227,0
rep3,1.1417,2228,0
rep3,1.1418,2229,0
rep3,1.1419,2230,0
rep3,1.142,2231,0
rep3,1.142,2232,0
rep3,1.142,2233,0
rep3,1.142,2234,0
rep3,1.1421,2235,0
rep3,1.1421,2236,0
rep3,1.1421,2237,0
rep3,1.1422,2238,0
rep3,1.1422,2239,0
rep3,1.1424,2240,0
rep3,1.1425,2241,0
rep3,1.1426,2242,0
rep3,1.1426,2243,0
rep3,1.1426,2244,0
rep3,1.1427,2245,0
rep3,1.1427,2246,0
rep3,1.1428,2247,0
rep3,1.1428,2248,0
rep3,1.1429,2249,0
rep3,1.1429,2250,0
rep3,1.143,2251,0
rep3,1.1431,2252,0
rep3,1.1431,2253,0
rep3,1.1431,2254,0
rep3,1.1432,2255,0
rep3,1.1433,2256,0
rep3,1.1434,2257,0
rep3,1.1435,2258,0
rep3,1.1435,2259,0
rep3,1.1435,2260,0
rep3,1.1435,2261,0
rep3,1.1436,2262,0
rep3,1.1436,2263,0
rep3,1.1437,2264,0
rep3,1.1439,2265,0
rep3,1.144,2266,0
rep3,1.1441,2267,0
rep3,1.1442,2268,0
rep3,1.1443,2269,0
rep3,1.1443,2270,0
rep3,1.1443,2271,0
rep3,1.1443,2272,0
rep3,1.1444,2273,0
rep3,1.1445,2274,0
rep3,1.1445,2275,0
rep3,1.1445,2276,0
rep3,1.1446,2277,0
rep3,1.1447,2278,0
rep3,1.1447,2279,0
rep3,1.1449,2280,0
rep3,1.145,2281,0
rep3,1.1451,2282,0
rep3,1.1452,2283,0
rep3,1.1452,2284,0
rep3,1.1452,2285,0
rep3,1.1455,2286,0
rep3,1.1456,2287,0
rep3,1.1457,2288,0
rep3,1.1458,2289,0
rep3,1.1458,2290,0
rep3,1.1459,2291,0
rep3,1.1459,2292,0
rep3,1.146,2293,0
rep3,1.1462,2294,0
rep3,1.1462,2295,0
rep3,1.1462,2296,0
rep3,1.1463,2297,0
rep3,1.1463,2298,0
rep3,1.1464,2299,0
rep3,1.1464,2300,0
rep3,1.1465,2301,0
rep3,1.1466,2302,0
rep3,1.1467,2303,0
rep3,1.1467,2304,0
rep3,1.147,2305,0
rep3,1.1471,2306,0
rep3,1.1471,2307,0
rep3,1.1472,2308,0
rep3,1.1473,2309,0
rep3,1.1473,2310,0
rep3,1.1474,2311,0
rep3,1.1475,2312,0
rep3,1.1478,2313,0
rep3,1.1479,2314,0
rep3,1.148,2315,0
rep3,1.148,2316,0
rep3,1.148,2317,0
rep3,1.1481,2318,0
rep3,1.1482,2319,0
rep3,1.1482,2320,0
rep3,1.1483,2321,0
rep3,1.1483,2322,0
rep3,1.1484,2323,0
rep3,1.1485,2324,0
rep3,1.1485,2325,0
rep3,1.1485,2326,0
rep3,1.1486,2327,0
rep3,1.1486,2328,0
rep3,1.1487,2329,0
rep3,1.1489,2330,0
rep3,1.1489,2331,0
rep3,1.1491,2332,0
rep3,1.1491,2333,0
rep3,1.1491,2334,0
rep3,1.1491,2335,0
rep3,1.1492,2336,0
rep3,1.1492,2337,0
rep3,1.1494,2338,0
rep3,1.1496,2339,0
rep3,1.1496,2340,0
rep3,1.1499,2341,0
rep3,1.1499,2342,0
rep3,1.15,2343,0
rep3,1.15,2344,0
rep3,1.1502,2345,0
rep3,1.1502,2346,0
rep3,1.1504,2347,0
rep3,1.1505,2348,0
rep3,1.1505,2349,0
rep3,1.1505,2350,0
rep3,1.1505,2351,0
rep3,1.1505,2352,0
rep3,1.1506,2353,0
rep3,1.1506,2354,0
rep3,1.1508,2355,0
rep3,1.1509,2356,0
rep3,1.151,2357,0
rep3,1.1511,2358,0
rep3,1.1511,2359,0
rep3,1.1512,2360,0
rep3,1.1513,2361,0
rep3,1.1515,2362,0
rep3,1.1515,2363,0
rep3,1.1515,2364,0
rep3,1.1516,2365,0
rep3,1.1517,2366,0
rep3,1.1517,2367,0
rep3,1.1517,2368,0
rep3,1.1517,2369,0
rep3,1.1518,2370,0
rep3,1.1518,2371,0
rep3,1.1519,2372,0
rep3,1.152,2373,0
rep3,1.152,2374,0
rep3,1.1521,2375,0
rep3,1.1522,2376,0
rep3,1.1522,2377,0
rep3,1.1522,2378,0
rep3,1.1524,2379,0
rep3,1.1524,2380,0
rep3,1.1524,2381,0
rep3,1.1525,2382,0
rep3,1.1526,2383,0
rep3,1.1527,2384,0
rep3,1.1528,2385,0
rep3,1.1528,2386,0
rep3,1.153,2387,0
rep3,1.1531,2388,0
rep3,1.1531,2389,0
rep3,1.1533,2390,0
rep3,1.1534,2391,0
rep3,1.1534,2392,0
rep3,1.1534,2393,0
rep3,1.1536,2394,0
rep3,1.1537,2395,0
rep3,1.1537,2396,0
rep3,1.1538,2397,0
rep3,1.1538,2398,0
rep3,1.1539,2399,0
rep3,1.154,2400,0
rep3,1.154,2401,0
rep3,1.1542,2402,0
rep3,1.1543,2403,0
rep3,1.1545,2404,0
rep3,1.1546,2405,0
rep3,1.1546,2406,0
rep3,1.1547,2407,0
rep3,1.1547,2408,0
rep3,1.1547,2409,0
rep3,1.1547,2410,0
rep3,1.1548,2411,0
rep3,1.1548,2412,0
rep3,1.1548,2413,0
rep3,1.1548,2414,0
rep3,1.1549,2415,0
rep3,1.1553,2416,0
rep3,1.1553,2417,0
rep3,1.1554,2418,0
rep3,1.1555,2419,0
rep3,1.1556,2420,0
rep3,1.1556,2421,0
rep3,1.1557,2422,0
rep3,1.1559,2423,0
rep3,1.1559,2424,0
rep3,1.156,2425,0
rep3,1.156,2426,0
rep3,1.156,2427,0
rep3,1.1561,2428,0
rep3,1.1564,2429,0
rep3,1.1566,2430,0
rep3,1.1566,2431,0
rep3,1.1568,2432,0
rep3,1.1568,2433,0
rep3,1.1569,2434,0
rep3,1.157,2435,0
rep3,1.157,2436,0
rep3,1.157,2437,0
rep3,1.1571,2438,0
rep3,1.1571,2439,0
rep3,1.1572,2440,0
rep3,1.1573,2441,0
rep3,1.1574,2442,0
rep3,1.1574,2443,0
rep3,1.1574,2444,0
rep3,1.1575,2445,0
rep3,1.1576,2446,0
rep3,1.1578,2447,0
rep3,1.1579,2448,0
rep3,1.158,2449,0
rep3,1.1581,2450,0
rep3,1.1581,2451,0
rep3,1.1581,2452,0
rep3,1.1582,2453,0
rep3,1.1585,2454,0
rep3,1.1585,2455,0
rep3,1.1586,2456,0
rep3,1.1588,2457,0
rep3,1.1588,2458,0
rep3,1.1589,2459,0
rep3,1.1589,2460,0
rep3,1.159,2461,0
rep3,1.1591,2462,0
rep3,1.1591,2463,0
rep3,1.1592,2464,0
rep3,1.1593,2465,0
rep3,1.1594,2466,0
rep3,1.1594,2467,0
rep3,1.1594,2468,0
rep3,1.1594,2469,0
rep3,1.1595,2470,0
rep3,1.1596,2471,0
rep3,1.1596,2472,0
rep3,1.1597,2473,0
rep3,1.1597,2474,0
rep3,1.1598,2475,0
rep3,1.1598,2476,0
rep3,1.1599,2477,0
rep3,1.1599,2478,0
rep3,1.1599,2479,0
rep3,1.1599,2480,0
rep3,1.16,2481,0
rep3,1.16,2482,0
rep3,1.16,2483,0
rep3,1.1601,2484,0
rep3,1.1601,2485,0
rep3,1.1601,2486,0
rep3,1.1602,2487,0
rep3,1.1604,2488,0
rep3,1.1605,2489,0
rep3,1.1606,2490,0
rep3,1.1606,2491,0
rep3,1.1606,2492,0
rep3,1.1606,2493,0
rep3,1.1607,2494,0
rep3,1.1607,2495,0
rep3,1.1608,2496,0
rep3,1.1608,2497,0
rep3,1.1611,2498,0
rep3,1.1611,2499,0
rep3,1.1611,2500,0
rep3,1.1612,2501,0
rep3,1.1612,2502,0
rep3,1.1612,2503,0
rep3,1.1613,2504,0
rep3,1.1613,2505,0
rep3,1.1614,2506,0
rep3,1.1614,2507,0
rep3,1.1615,2508,0
rep3,1.1616,2509,0
rep3,1.1616,2510,0
rep3,1.1616,2511,0
rep3,1.1617,2512,0
rep3,1.1618,2513,0
rep3,1.1618,2514,0
rep3,1.162,2515,0
rep3,1.162,2516,0
rep3,1.162,2517,0
rep3,1.162,2518,0
rep3,1.162,2519,0
rep3,1.1621,2520,0
rep3,1.1621,2521,0
rep3,1.1622,2522,0
rep3,1.1622,2523,0
rep3,1.1623,2524,0
rep3,1.1623,2525,0
rep3,1.1623,2526,0
rep3,1.1624,2527,0
rep3,1.1624,2528,0
rep3,1.1625,2529,0
rep3,1.1625,2530,0
rep3,1.1625,2531,0
rep3,1.1626,2532,0
rep3,1.1627,2533,0
rep3,1.1627,2534,0
rep3,1.1627,2535,0
rep3,1.1629,2536,0
rep3,1.1629,2537,0
rep3,1.1629,2538,0
rep3,1.163,2539,0
rep3,1.163,2540,0
rep3,1.1632,2541,0
rep3,1.1632,2542,0
rep3,1.1635,2543,0
rep3,1.1635,2544,0
rep3,1.1637,2545,0
rep3,1.1639,2546,0
rep3,1.164,2547,0
rep3,1.164,2548,0
rep3,1.1641,2549,0
rep3,1.1642,2550,0
rep3,1.1643,2551,0
rep3,1.1643,2552,0
rep3,1.1644,2553,0
rep3,1.1645,2554,0
rep3,1.1645,2555,0
rep3,1.1646,2556,0
rep3,1.1646,2557,0
rep3,1.1646,2558,0
rep3,1.1647,2559,0
rep3,1.1647,2560,0
rep3,1.1648,2561,0
rep3,1.1649,2562,0
rep3,1.1649,2563,0
rep3,1.165,2564,0
rep3,1.1651,2565,0
rep3,1.1652,2566,0
rep3,1.1653,2567,0
rep3,1.1653,2568,0
rep3,1.1654,2569,0
rep3,1.1655,2570,0
rep3,1.1656,2571,0
rep3,1.1656,2572,0
rep3,1.1656,2573,0
rep3,1.1657,2574,0
rep3,1.1658,2575,0
rep3,1.1658,2576,0
rep3,1.1658,2577,0
rep3,1.1659,2578,0
rep3,1.166,2579,0
rep3,1.166,2580,0
rep3,1.1661,2581,0
rep3,1.1661,2582,0
rep3,1.1663,2583,0
rep3,1.1663,2584,0
rep3,1.1664,2585,0
rep3,1.1664,2586,0
rep3,1.1666,2587,0
rep3,1.1666,2588,0
rep3,1.1666,2589,0
rep3,1.1668,2590,0
rep3,1.1668,2591,0
rep3,1.1668,2592,0
rep3,1.1668,2593,0
rep3,1.1669,2594,0
rep3,1.167,2595,0
rep3,1.167,2596,0
rep3,1.1671,2597,0
rep3,1.1671,2598,0
rep3,1.1672,2599,0
rep3,1.1673,2600,0
rep3,1.1674,2601,0
rep3,1.1674,2602,0
rep3,1.1674,2603,0
rep3,1.1675,2604,0
rep3,1.1676,2605,0
rep3,1.1676,2606,0
rep3,1.1676,2607,0
rep3,1.1678,2608,0
rep3,1.1679,2609,0
rep3,1.1679,2610,0
rep3,1.1681,2611,0
rep3,1.1684,2612,0
rep3,1.1685,2613,0
rep3,1.1686,2614,0
rep3,1.1686,2615,0
rep3,1.1686,2616,0
rep3,1.1687,2617,0
rep3,1.1687,2618,0
rep3,1.1688,2619,0
rep3,1.1689,2620,0
rep3,1.1689,2621,0
rep3,1.169,2622,0
rep3,1.169,2623,0
rep3,1.1691,2624,0
rep3,1.1692,2625,0
rep3,1.1692,2626,0
rep3,1.1693,2627,0
rep3,1.1693,2628,0
rep3,1.1694,2629,0
rep3,1.1695,2630,0
rep3,1.1695,2631,0
rep3,1.1696,2632,0
rep3,1.1697,2633,0
rep3,1.1697,2634,0
rep3,1.1698,2635,0
rep3,1.1698,2636,0
rep3,1.1699,2637,0
rep3,1.17,2638,0
rep3,1.17,2639,0
rep3,1.1701,2640,0
rep3,1.1701,2641,0
rep3,1.1701,2642,0
rep3,1.1701,2643,0
rep3,1.1703,2644,0
rep3,1.1703,2645,0
rep3,1.1705,2646,0
rep3,1.1706,2647,0
rep3,1.1706,2648,0
rep3,1.1707,2649,0
rep3,1.1708,2650,0
rep3,1.1709,2651,0
rep3,1.1709,2652,0
rep3,1.1709,2653,0
rep3,1.171,2654,0
rep3,1.1711,2655,0
rep3,1.1712,2656,0
rep3,1.1713,2657,0
rep3,1.1713,2658,0
rep3,1.1715,2659,0
rep3,1.1717,2660,0
rep3,1.1717,2661,0
rep3,1.1718,2662,0
rep3,1.1718,2663,0
rep3,1.1718,2664,0
rep3,1.1719,2665,0
rep3,1.1719,2666,0
rep3,1.1719,2667,0
rep3,1.1722,2668,0
rep3,1.1722,2669,0
rep3,1.1723,2670,0
rep3,1.1723,2671,0
rep3,1.1724,2672,0
rep3,1.1725,2673,0
rep3,1.1725,2674,0
rep3,1.1726,2675,0
rep3,1.1726,2676,0
rep3,1.1726,2677,0
rep3,1.1727,2678,0
rep3,1.1727,2679,0
rep3,1.1728,2680,0
rep3,1.1728,2681,0
rep3,1.1728,2682,0
rep3,1.1729,2683,0
rep3,1.1729,2684,0
rep3,1.173,2685,0
rep3,1.173,2686,0
rep3,1.173,2687,0
rep3,1.173,2688,0
rep3,1.1732,2689,0
rep3,1.1733,2690,0
rep3,1.1733,2691,0
rep3,1.1734,2692,0
rep3,1.1734,2693,0
rep3,1.1735,2694,0
rep3,1.1736,2695,0
rep3,1.1737,2696,0
rep3,1.1738,2697,0
rep3,1.1739,2698,0
rep3,1.174,2699,0
rep3,1.174,2700,0
rep3,1.1742,2701,0
rep3,1.1743,2702,0
rep3,1.1744,2703,0
rep3,1.1745,2704,0
rep3,1.1746,2705,0
rep3,1.1746,2706,0
rep3,1.1746,2707,0
rep3,1.1747,2708,0
rep3,1.1747,2709,0
rep3,1.1748,2710,0
rep3,1.1749,2711,0
rep3,1.1751,2712,0
rep3,1.1752,2713,0
rep3,1.1752,2714,0
rep3,1.1753,2715,0
rep3,1.1754,2716,0
rep3,1.1755,2717,0
rep3,1.1756,2718,0
rep3,1.1756,2719,0
rep3,1.1756,2720,0
rep3,1.1756,2721,0
rep3,1.1757,2722,0
rep3,1.1758,2723,0
rep3,1.1759,2724,0
rep3,1.1759,2725,0
rep3,1.176,2726,0
rep3,1.176,2727,0
rep3,1.176,2728,0
rep3,1.1761,2729,0
rep3,1.1762,2730,0
rep3,1.1762,2731,0
rep3,1.1763,2732,0
rep3,1.1764,2733,0
rep3,1.1765,2734,0
rep3,1.1765,2735,0
rep3,1.1766,2736,0
rep3,1.1766,2737,0
rep3,1.1767,2738,0
rep3,1.1767,2739,0
rep3,1.1767,2740,0
rep3,1.1767,2741,0
rep3,1.1768,2742,0
rep3,1.1768,2743,0
rep3,1.1769,2744,0
rep3,1.1771,2745,0
rep3,1.1772,2746,0
rep3,1.1772,2747,0
rep3,1.1772,2748,0
rep3,1.1772,2749,0
rep3,1.1772,2750,0
rep3,1.1773,2751,0
rep3,1.1774,2752,0
rep3,1.1774,2753,0
rep3,1.1776,2754,0
rep3,1.1776,2755,0
rep3,1.1776,2756,0
rep3,1.1777,2757,0
rep3,1.1778,2758,0
rep3,1.1778,2759,0
rep3,1.1778,2760,0
rep3,1.1778,2761,0
rep3,1.1779,2762,0
rep3,1.1779,2763,0
rep3,1.178,2764,0
rep3,1.1781,2765,0
rep3,1.1781,2766,0
rep3,1.1781,2767,0
rep3,1.1782,2768,0
rep3,1.1782,2769,0
rep3,1.1783,2770,0
rep3,1.1783,2771,0
rep3,1.1784,2772,0
rep3,1.1784,2773,0
rep3,1.1784,2774,0
rep3,1.1785,2775,0
rep3,1.1787,2776,0
rep3,1.1787,2777,0
rep3,1.1787,2778,0
rep3,1.1788,2779,0
rep3,1.1788,2780,0
rep3,1.1789,2781,0
rep3,1.1789,2782,0
rep3,1.179,2783,0
rep3,1.179,2784,0
rep3,1.1792,2785,0
rep3,1.1792,2786,0
rep3,1.1793,2787,0
rep3,1.1793,2788,0
rep3,1.1794,2789,0
rep3,1.1796,2790,0
rep3,1.1797,2791,0
rep3,1.1797,2792,0
rep3,1.1797,2793,0
rep3,1.1798,2794,0
rep3,1.1799,2795,0
rep3,1.18,2796,0
rep3,1.1801,2797,0
rep3,1.1801,2798,0
rep3,1.1803,2799,0
rep3,1.1804,2800,0
rep3,1.1804,2801,0
rep3,1.1805,2802,0
rep3,1.1805,2803,0
rep3,1.1807,2804,0
rep3,1.1808,2805,0
rep3,1.1808,2806,0
rep3,1.1809,2807,0
rep3,1.181,2808,0
rep3,1.181,2809,0
rep3,1.181,2810,0
rep3,1.181,2811,0
rep3,1.181,2812,0
rep3,1.1811,2813,0
rep3,1.1812,2814,0
rep3,1.1812,2815,0
rep3,1.1813,2816,0
rep3,1.1814,2817,0
rep3,1.1814,2818,0
rep3,1.1814,2819,0
rep3,1.1815,2820,0
rep3,1.1815,2821,0
rep3,1.1816,2822,0
rep3,1.1816,2823,0
rep3,1.1816,2824,0
rep3,1.1818,2825,0
rep3,1.1819,2826,0
rep3,1.182,2827,0
rep3,1.182,2828,0
rep3,1.182,2829,0
rep3,1.1821,2830,0
rep3,1.1822,2831,0
rep3,1.1823,2832,0
rep3,1.1824,2833,0
rep3,1.1824,2834,0
rep3,1.1825,2835,0
rep3,1.1828,2836,0
rep3,1.1829,2837,0
rep3,1.1829,2838,0
rep3,1.183,2839,0
rep3,1.1831,2840,0
rep3,1.1832,2841,0
rep3,1.1832,2842,0
rep3,1.1833,2843,0
rep3,1.1834,2844,0
rep3,1.1835,2845,0
rep3,1.1836,2846,0
rep3,1.1836,2847,0
rep3,1.1836,2848,0
rep3,1.1837,2849,0
rep3,1.1837,2850,0
rep3,1.184,2851,0
rep3,1.1842,2852,0
rep3,1.1843,2853,0
rep3,1.1846,2854,0
rep3,1.1849,2855,0
rep3,1.1849,2856,0
rep3,1.1849,2857,0
rep3,1.1851,2858,0
rep3,1.1851,2859,0
rep3,1.1851,2860,0
rep3,1.1852,2861,0
rep3,1.1855,2862,0
rep3,1.1856,2863,0
rep3,1.1857,2864,0
rep3,1.1858,2865,0
rep3,1.1859,2866,0
rep3,1.1859,2867,0
rep3,1.186,2868,0
rep3,1.1861,2869,0
rep3,1.1862,2870,0
rep3,1.1862,2871,0
rep3,1.1863,2872,0
rep3,1.1863,2873,0
rep3,1.1865,2874,0
rep3,1.1866,2875,0
rep3,1.1866,2876,0
rep3,1.1867,2877,0
rep3,1.1867,2878,0
rep3,1.1867,2879,0
rep3,1.1867,2880,0
rep3,1.187,2881,0
rep3,1.187,2882,0
rep3,1.1871,2883,0
rep3,1.1872,2884,0
rep3,1.1872,2885,0
rep3,1.1873,2886,0
rep3,1.1873,2887,0
rep3,1.1874,2888,0
rep3,1.1876,2889,0
rep3,1.1877,2890,0
rep3,1.1877,2891,0
rep3,1.1878,2892,0
rep3,1.1878,2893,0
rep3,1.1878,2894,0
rep3,1.1879,2895,0
rep3,1.188,2896,0
rep3,1.1881,2897,0
rep3,1.1881,2898,0
rep3,1.1882,2899,0
rep3,1.1882,2900,0
rep3,1.1884,2901,0
rep3,1.1885,2902,0
rep3,1.1885,2903,0
rep3,1.1886,2904,0
rep3,1.1887,2905,0
rep3,1.1887,2906,0
rep3,1.1887,2907,0
rep3,1.1889,2908,0
rep3,1.189,2909,0
rep3,1.189,2910,0
rep3,1.1892,2911,0
rep3,1.1892,2912,0
rep3,1.1893,2913,0
rep3,1.1894,2914,0
rep3,1.1897,2915,0
rep3,1.1897,2916,0
rep3,1.1898,2917,0
rep3,1.1899,2918,0
rep3,1.19,2919,0
rep3,1.19,2920,0
rep3,1.19,2921,0
rep3,1.1901,2922,0
rep3,1.1901,2923,0
rep3,1.1904,2924,0
rep3,1.1904,2925,0
rep3,1.1906,2926,0
rep3,1.1906,2927,0
rep3,1.1909,2928,0
rep3,1.1909,2929,0
rep3,1.191,2930,0
rep3,1.1911,2931,0
rep3,1.1911,2932,0
rep3,1.1911,2933,0
rep3,1.1912,2934,0
rep3,1.1913,2935,0
rep3,1.1914,2936,0
rep3,1.1915,2937,0
rep3,1.1916,2938,0
rep3,1.1918,2939,0
rep3,1.1919,2940,0
rep3,1.192,2941,0
rep3,1.1921,2942,0
rep3,1.1921,2943,0
rep3,1.1921,2944,0
rep3,1.1921,2945,0
rep3,1.1922,2946,0
rep3,1.1922,2947,0
rep3,1.1923,2948,0
rep3,1.1924,2949,0
rep3,1.1924,2950,0
rep3,1.1925,2951,0
rep3,1.1926,2952,0
rep3,1.1927,2953,0
rep3,1.1927,2954,0
rep3,1.1928,2955,0
rep3,1.1928,2956,0
rep3,1.193,2957,0
rep3,1.193,2958,0
rep3,1.1931,2959,0
rep3,1.1931,2960,0
rep3,1.1932,2961,0
rep3,1.1932,2962,0
rep3,1.1932,2963,0
rep3,1.1933,2964,0
rep3,1.1933,2965,0
rep3,1.1934,2966,0
rep3,1.1934,2967,0
rep3,1.1934,2968,0
rep3,1.1935,2969,0
rep3,1.1935,2970,0
rep3,1.1935,2971,0
rep3,1.1935,2972,0
rep3,1.1936,2973,0
rep3,1.1936,2974,0
rep3,1.1938,2975,0
rep3,1.1939,2976,0
rep3,1.1939,2977,0
rep3,1.1939,2978,0
rep3,1.194,2979,0
rep3,1.194,2980,0
rep3,1.194,2981,0
rep3,1.194,2982,0
rep3,1.1941,2983,0
rep3,1.1942,2984,0
rep3,1.1942,2985,0
rep3,1.1944,2986,0
rep3,1.1944,2987,0
rep3,1.1944,2988,0
rep3,1.1945,2989,0
rep3,1.1945,2990,0
rep3,1.1945,2991,0
rep3,1.1946,2992,0
rep3,1.1948,2993,0
rep3,1.1949,2994,0
rep3,1.1949,2995,0
rep3,1.1949,2996,0
rep3,1.195,2997,0
rep3,1.195,2998,0
rep3,1.1952,2999,0
rep3,1.1953,3000,0
rep3,1.1953,3001,0
rep3,1.1953,3002,0
rep3,1.1954,3003,0
rep3,1.1954,3004,0
rep3,1.1954,3005,0
rep3,1.1956,3006,0
rep3,1.1956,3007,0
rep3,1.1956,3008,0
rep3,1.1958,3009,0
rep3,1.1959,3010,0
rep3,1.1961,3011,0
rep3,1.1961,3012,0
rep3,1.1962,3013,0
rep3,1.1963,3014,0
rep3,1.1964,3015,0
rep3,1.1964,3016,0
rep3,1.1965,3017,0
rep3,1.1967,3018,0
rep3,1.1967,3019,0
rep3,1.1969,3020,0
rep3,1.197,3021,0
rep3,1.1971,3022,0
rep3,1.1971,3023,0
rep3,1.1972,3024,0
rep3,1.1972,3025,0
rep3,1.1972,3026,0
rep3,1.1972,3027,0
rep3,1.1973,3028,0
rep3,1.1973,3029,0
rep3,1.1976,3030,0
rep3,1.1977,3031,0
rep3,1.1978,3032,0
rep3,1.1979,3033,0
rep3,1.1979,3034,0
rep3,1.1981,3035,0
rep3,1.1981,3036,0
rep3,1.1981,3037,0
rep3,1.1982,3038,0
rep3,1.1982,3039,0
rep3,1.1982,3040,0
rep3,1.1983,3041,0
rep3,1.1984,3042,0
rep3,1.1984,3043,0
rep3,1.1985,3044,0
rep3,1.1986,3045,0
rep3,1.1986,3046,0
rep3,1.1986,3047,0
rep3,1.1986,3048,0
rep3,1.1986,3049,0
rep3,1.1988,3050,0
rep3,1.1988,3051,0
rep3,1.199,3052,0
rep3,1.199,3053,0
rep3,1.1991,3054,0
rep3,1.1991,3055,0
rep3,1.1992,3056,0
rep3,1.1994,3057,0
rep3,1.1994,3058,0
rep3,1.1994,3059,0
rep3,1.1994,3060,0
rep3,1.1995,3061,0
rep3,1.1997,3062,0
rep3,1.1997,3063,0
rep3,1.1997,3064,0
rep3,1.1998,3065,0
rep3,1.1999,3066,0
rep3,1.1999,3067,0
rep3,1.2,3068,0
rep3,1.2,3069,0
rep3,1.2,3070,0
rep3,1.2001,3071,0
rep3,1.2002,3072,0
rep3,1.2004,3073,0
rep3,1.2005,3074,0
rep3,1.2005,3075,0
rep3,1.2005,3076,0
rep3,1.2005,3077,0
rep3,1.2007,3078,0
rep3,1.2008,3079,0
rep3,1.2008,3080,0
rep3,1.2009,3081,0
rep3,1.2009,3082,0
rep3,1.201,3083,0
rep3,1.2011,3084,0
rep3,1.2011,3085,0
rep3,1.2011,3086,0
rep3,1.2012,3087,0
rep3,1.2012,3088,0
rep3,1.2012,3089,0
rep3,1.2013,3090,0
rep3,1.2014,3091,0
rep3,1.2017,3092,0
rep3,1.2017,3093,0
rep3,1.2017,3094,0
rep3,1.2017,3095,0
rep3,1.2018,3096,0
rep3,1.2018,3097,0
rep3,1.2019,3098,0
rep3,1.202,3099,0
rep3,1.2021,3100,0
rep3,1.2023,3101,0
rep3,1.2024,3102,0
rep3,1.2025,3103,0
rep3,1.2025,3104,0
rep3,1.2026,3105,0
rep3,1.2027,3106,0
rep3,1.2027,3107,0
rep3,1.2027,3108,0
rep3,1.2028,3109,0
rep3,1.2029,3110,0
rep3,1.2031,3111,0
rep3,1.2032,3112,0
rep3,1.2033,3113,0
rep3,1.2033,3114,0
rep3,1.2033,3115,0
rep3,1.2034,3116,0
rep3,1.2034,3117,0
rep3,1.2035,3118,0
rep3,1.2035,3119,0
rep3,1.2036,3120,0
rep3,1.2036,3121,0
rep3,1.2036,3122,0
rep3,1.2037,3123,0
rep3,1.2037,3124,0
rep3,1.2038,3125,0
rep3,1.2038,3126,0
rep3,1.204,3127,0
rep3,1.2041,3128,0
rep3,1.2042,3129,0
rep3,1.2042,3130,0
rep3,1.2042,3131,0
rep3,1.2043,3132,0
rep3,1.2044,3133,0
rep3,1.2045,3134,0
rep3,1.2045,3135,0
rep3,1.2048,3136,0
rep3,1.2048,3137,0
rep3,1.2048,3138,0
rep3,1.2049,3139,0
rep3,1.205,3140,0
rep3,1.2051,3141,0
rep3,1.2054,3142,0
rep3,1.2054,3143,0
rep3,1.2055,3144,0
rep3,1.2056,3145,0
rep3,1.2056,3146,0
rep3,1.2056,3147,0
rep3,1.2057,3148,0
rep3,1.2057,3149,0
rep3,1.2057,3150,0
rep3,1.2058,3151,0
rep3,1.2059,3152,0
rep3,1.2059,3153,0
rep3,1.2059,3154,0
rep3,1.206,3155,0
rep3,1.206,3156,0
rep3,1.2061,3157,0
rep3,1.2061,3158,0
rep3,1.2062,3159,0
rep3,1.2062,3160,0
rep3,1.2063,3161,0
rep3,1.2063,3162,0
rep3,1.2063,3163,0
rep3,1.2063,3164,0
rep3,1.2063,3165,0
rep3,1.2063,3166,0
rep3,1.2064,3167,0
rep3,1.2065,3168,0
rep3,1.2066,3169,0
rep3,1.2068,3170,0
rep3,1.2069,3171,0
rep3,1.207,3172,0
rep3,1.207,3173,0
rep3,1.207,3174,0
rep3,1.2072,3175,0
rep3,1.2072,3176,0
rep3,1.2073,3177,0
rep3,1.2075,3178,0
rep3,1.2079,3179,0
rep3,1.208,3180,0
rep3,1.2081,3181,0
rep3,1.2081,3182,0
rep3,1.2082,3183,0
rep3,1.2082,3184,0
rep3,1.2083,3185,0
rep3,1.2083,3186,0
rep3,1.2083,3187,0
rep3,1.2084,3188,0
rep3,1.2085,3189,0
rep3,1.2085,3190,0
rep3,1.2086,3191,0
rep3,1.2086,3192,0
rep3,1.2086,3193,0
rep3,1.2088,3194,0
rep3,1.2088,3195,0
rep3,1.2089,3196,0
rep3,1.2089,3197,0
rep3,1.2091,3198,0
rep3,1.2092,3199,0
rep3,1.2092,3200,0
rep3,1.2093,3201,0
rep3,1.2094,3202,0
rep3,1.2095,3203,0
rep3,1.2095,3204,0
rep3,1.2095,3205,0
rep3,1.2096,3206,0
rep3,1.2098,3207,0
rep3,1.2099,3208,0
rep3,1.21,3209,0
rep3,1.2101,3210,0
rep3,1.2101,3211,0
rep3,1.2101,3212,0
rep3,1.2102,3213,0
rep3,1.2102,3214,0
rep3,1.2104,3215,0
rep3,1.2105,3216,0
rep3,1.2106,3217,0
rep3,1.2106,3218,0
rep3,1.2108,3219,0
rep3,1.2111,3220,0
rep3,1.2112,3221,0
rep3,1.2113,3222,0
rep3,1.2114,3223,0
rep3,1.2114,3224,0
rep3,1.2114,3225,0
rep3,1.2115,3226,0
rep3,1.2115,3227,0
rep3,1.2115,3228,0
rep3,1.2116,3229,0
rep3,1.2116,3230,0
rep3,1.2116,3231,0
rep3,1.2118,3232,0
rep3,1.2118,3233,0
rep3,1.2118,3234,0
rep3,1.2118,3235,0
rep3,1.212,3236,0
rep3,1.212,3237,0
rep3,1.2121,3238,0
rep3,1.2122,3239,0
rep3,1.2123,3240,0
rep3,1.2125,3241,0
rep3,1.2126,3242,0
rep3,1.2126,3243,0
rep3,1.2127,3244,0
rep3,1.2128,3245,0
rep3,1.2129,3246,0
rep3,1.213,3247,0
rep3,1.2131,3248,0
rep3,1.2131,3249,0
rep3,1.2132,3250,0
rep3,1.2132,3251,0
rep3,1.2133,3252,0
rep3,1.2134,3253,0
rep3,1.2135,3254,0
rep3,1.2136,3255,0
rep3,1.2136,3256,0
rep3,1.2137,3257,0
rep3,1.2137,3258,0
rep3,1.2137,3259,0
rep3,1.2138,3260,0
rep3,1.2139,3261,0
rep3,1.2139,3262,0
rep3,1.214,3263,0
rep3,1.2141,3264,0
rep3,1.2141,3265,0
rep3,1.2142,3266,0
rep3,1.2144,3267,0
rep3,1.2145,3268,0
rep3,1.2145,3269,0
rep3,1.2145,3270,0
rep3,1.2146,3271,0
rep3,1.2146,3272,0
rep3,1.2147,3273,0
rep3,1.2147,3274,0
rep3,1.2148,3275,0
rep3,1.2148,3276,0
rep3,1.2149,3277,0
rep3,1.2149,3278,0
rep3,1.2153,3279,0
rep3,1.2154,3280,0
rep3,1.2154,3281,0
rep3,1.2154,3282,0
rep3,1.2155,3283,0
rep3,1.2156,3284,0
rep3,1.2157,3285,0
rep3,1.2157,3286,0
rep3,1.2157,3287,0
rep3,1.2158,3288,0
rep3,1.2159,3289,0
rep3,1.216,3290,0
rep3,1.2161,3291,0
rep3,1.2161,3292,0
rep3,1.2161,3293,0
rep3,1.2163,3294,0
rep3,1.2163,3295,0
rep3,1.2164,3296,0
rep3,1.2165,3297,0
rep3,1.2165,3298,0
rep3,1.2168,3299,0
rep3,1.2168,3300,0
rep3,1.2169,3301,0
rep3,1.2169,3302,0
rep3,1.2173,3303,0
rep3,1.2173,3304,0
rep3,1.2173,3305,0
rep3,1.2175,3306,0
rep3,1.2176,3307,0
rep3,1.2177,3308,0
rep3,1.2177,3309,0
rep3,1.2177,3310,0
rep3,1.218,3311,0
rep3,1.218,3312,0
rep3,1.218,3313,0
rep3,1.218,3314,0
rep3,1.2182,3315,0
rep3,1.2183,3316,0
rep3,1.2183,3317,0
rep3,1.2184,3318,0
rep3,1.2185,3319,0
rep3,1.2185,3320,0
rep3,1.2188,3321,0
rep3,1.2189,3322,0
rep3,1.2189,3323,0
rep3,1.219,3324,0
rep3,1.2191,3325,0
rep3,1.2193,3326,0
rep3,1.2194,3327,0
rep3,1.2194,3328,0
rep3,1.2195,3329,0
rep3,1.2195,3330,0
rep3,1.2195,3331,0
rep3,1.2196,3332,0
rep3,1.2197,3333,0
rep3,1.2198,3334,0
rep3,1.22,3335,0
rep3,1.2202,3336,0
rep3,1.2203,3337,0
rep3,1.2204,3338,0
rep3,1.2205,3339,0
rep3,1.2206,3340,0
rep3,1.2206,3341,0
rep3,1.2206,3342,0
rep3,1.2207,3343,0
rep3,1.2207,3344,0
rep3,1.2207,3345,0
rep3,1.2207,3346,0
rep3,1.2208,3347,0
rep3,1.2209,3348,0
rep3,1.2209,3349,0
rep3,1.221,3350,0
rep3,1.2213,3351,0
rep3,1.2213,3352,0
rep3,1.2213,3353,0
rep3,1.2215,3354,0
rep3,1.2215,3355,0
rep3,1.2216,3356,0
rep3,1.2219,3357,0
rep3,1.222,3358,0
rep3,1.2221,3359,0
rep3,1.2222,3360,0
rep3,1.2222,3361,0
rep3,1.2223,3362,0
rep3,1.2223,3363,0
rep3,1.2226,3364,0
rep3,1.2227,3365,0
rep3,1.2229,3366,0
rep3,1.223,3367,0
rep3,1.223,3368,0
rep3,1.2231,3369,0
rep3,1.2233,3370,0
rep3,1.2234,3371,0
rep3,1.2235,3372,0
rep3,1.2238,3373,0
rep3,1.2239,3374,0
rep3,1.224,3375,0
rep3,1.2244,3376,0
rep3,1.2244,3377,0
rep3,1.2244,3378,0
rep3,1.2244,3379,0
rep3,1.2245,3380,0
rep3,1.2246,3381,0
rep3,1.2246,3382,0
rep3,1.225,3383,0
rep3,1.225,3384,0
rep3,1.2253,3385,0
rep3,1.2254,3386,0
rep3,1.2254,3387,0
rep3,1.2254,3388,0
rep3,1.2255,3389,0
rep3,1.2256,3390,0
rep3,1.2258,3391,0
rep3,1.226,3392,0
rep3,1.2261,3393,0
rep3,1.2261,3394,0
rep3,1.2261,3395,0
rep3,1.2262,3396,0
rep3,1.2264,3397,0
rep3,1.2264,3398,0
rep3,1.2265,3399,0
rep3,1.2266,3400,0
rep3,1.2268,3401,0
rep3,1.227,3402,0
rep3,1.227,3403,0
rep3,1.2271,3404,0
rep3,1.2272,3405,0
rep3,1.2272,3406,0
rep3,1.2272,3407,0
rep3,1.2272,3408,0
rep3,1.2272,3409,0
rep3,1.2272,3410,0
rep3,1.2273,3411,0
rep3,1.2273,3412,0
rep3,1.2274,3413,0
rep3,1.2274,3414,0
rep3,1.2275,3415,0
rep3,1.2276,3416,0
rep3,1.2277,3417,0
rep3,1.2277,3418,0
rep3,1.2277,3419,0
rep3,1.2279,3420,0
rep3,1.2279,3421,0
rep3,1.2282,3422,0
rep3,1.2283,3423,0
rep3,1.2284,3424,0
rep3,1.2284,3425,0
rep3,1.2284,3426,0
rep3,1.2285,3427,0
rep3,1.2286,3428,0
rep3,1.2287,3429,0
rep3,1.2287,3430,0
rep3,1.2287,3431,0
rep3,1.2288,3432,0
rep3,1.2289,3433,0
rep3,1.2289,3434,0
rep3,1.2289,3435,0
rep3,1.2289,3436,0
rep3,1.229,3437,0
rep3,1.229,3438,0
rep3,1.229,3439,0
rep3,1.2291,3440,0
rep3,1.2291,3441,0
rep3,1.2292,3442,0
rep3,1.2292,3443,0
rep3,1.2292,3444,0
rep3,1.2294,3445,0
rep3,1.2294,3446,0
rep3,1.2295,3447,0
rep3,1.2295,3448,0
rep3,1.2296,3449,0
rep3,1.2297,3450,0
rep3,1.23,3451,0
rep3,1.23,3452,0
rep3,1.23,3453,0
rep3,1.2301,3454,0
rep3,1.2302,3455,0
rep3,1.2303,3456,0
rep3,1.2303,3457,0
rep3,1.2304,3458,0
rep3,1.2305,3459,0
rep3,1.2306,3460,0
rep3,1.2306,3461,0
rep3,1.2308,3462,0
rep3,1.2308,3463,0
rep3,1.2309,3464,0
rep3,1.2309,3465,0
rep3,1.231,3466,0
rep3,1.231,3467,0
rep3,1.2311,3468,0
rep3,1.2312,3469,0
rep3,1.2313,3470,0
rep3,1.2314,3471,0
rep3,1.2314,3472,0
rep3,1.2314,3473,0
rep3,1.2316,3474,0
rep3,1.2317,3475,0
rep3,1.2317,3476,0
rep3,1.2317,3477,0
rep3,1.232,3478,0
rep3,1.2321,3479,0
rep3,1.2321,3480,0
rep3,1.2323,3481,0
rep3,1.2323,3482,0
rep3,1.2324,3483,0
rep3,1.2324,3484,0
rep3,1.2326,3485,0
rep3,1.2327,3486,0
rep3,1.2331,3487,0
rep3,1.2332,3488,0
rep3,1.2332,3489,0
rep3,1.2333,3490,0
rep3,1.2334,3491,0
rep3,1.2334,3492,0
rep3,1.2335,3493,0
rep3,1.2335,3494,0
rep3,1.2336,3495,0
rep3,1.2336,3496,0
rep3,1.2337,3497,0
rep3,1.2338,3498,0
rep3,1.2338,3499,0
rep3,1.2339,3500,0
rep3,1.2339,3501,0
rep3,1.234,3502,0
rep3,1.2341,3503,0
rep3,1.2342,3504,0
rep3,1.2343,3505,0
rep3,1.2343,3506,0
rep3,1.2344,3507,0
rep3,1.2346,3508,0
rep3,1.2348,3509,0
rep3,1.2348,3510,0
rep3,1.2348,3511,0
rep3,1.2349,3512,0
rep3,1.235,3513,0
rep3,1.2351,3514,0
rep3,1.2352,3515,0
rep3,1.2352,3516,0
rep3,1.2352,3517,0
rep3,1.2354,3518,0
rep3,1.2355,3519,0
rep3,1.2357,3520,0
rep3,1.2357,3521,0
rep3,1.2357,3522,0
rep3,1.2358,3523,0
rep3,1.2358,3524,0
rep3,1.236,3525,0
rep3,1.2361,3526,0
rep3,1.2362,3527,0
rep3,1.2363,3528,0
rep3,1.2364,3529,0
rep3,1.2364,3530,0
rep3,1.2364,3531,0
rep3,1.2365,3532,0
rep3,1.2366,3533,0
rep3,1.2367,3534,0
rep3,1.2367,3535,0
rep3,1.2369,3536,0
rep3,1.237,3537,0
rep3,1.237,3538,0
rep3,1.2371,3539,0
rep3,1.2372,3540,0
rep3,1.2374,3541,0
rep3,1.2376,3542,0
rep3,1.2376,3543,0
rep3,1.2379,3544,0
rep3,1.2379,3545,0
rep3,1.238,3546,0
rep3,1.238,3547,0
rep3,1.238,3548,0
rep3,1.238,3549,0
rep3,1.2381,3550,0
rep3,1.2381,3551,0
rep3,1.2381,3552,0
rep3,1.2382,3553,0
rep3,1.2382,3554,0
rep3,1.2383,3555,0
rep3,1.2383,3556,0
rep3,1.2383,3557,0
rep3,1.2384,3558,0
rep3,1.2384,3559,0
rep3,1.2389,3560,0
rep3,1.239,3561,0
rep3,1.2391,3562,0
rep3,1.2392,3563,0
rep3,1.2392,3564,0
rep3,1.2393,3565,0
rep3,1.2393,3566,0
rep3,1.2394,3567,0
rep3,1.2394,3568,0
rep3,1.2396,3569,0
rep3,1.2396,3570,0
rep3,1.2398,3571,0
rep3,1.2399,3572,0
rep3,1.2399,3573,0
rep3,1.2399,3574,0
rep3,1.24,3575,0
rep3,1.24,3576,0
rep3,1.24,3577,0
rep3,1.2401,3578,0
rep3,1.2401,3579,0
rep3,1.2401,3580,0
rep3,1.2401,3581,0
rep3,1.2402,3582,0
rep3,1.2403,3583,0
rep3,1.2403,3584,0
rep3,1.2403,3585,0
rep3,1.2403,3586,0
rep3,1.2405,3587,0
rep3,1.2407,3588,0
rep3,1.2407,3589,0
rep3,1.2408,3590,0
rep3,1.2408,3591,0
rep3,1.2409,3592,0
rep3,1.2409,3593,0
rep3,1.241,3594,0
rep3,1.2411,3595,0
rep3,1.2411,3596,0
rep3,1.2411,3597,0
rep3,1.2413,3598,0
rep3,1.2413,3599,0
rep3,1.2413,3600,0
rep3,1.2415,3601,0
rep3,1.2416,3602,0
rep3,1.2417,3603,0
rep3,1.2418,3604,0
rep3,1.2419,3605,0
rep3,1.2419,3606,0
rep3,1.2419,3607,0
rep3,1.2419,3608,0
rep3,1.242,3609,0
rep3,1.2422,3610,0
rep3,1.2422,3611,0
rep3,1.2423,3612,0
rep3,1.2423,3613,0
rep3,1.2424,3614,0
rep3,1.2424,3615,0
rep3,1.2425,3616,0
rep3,1.2425,3617,0
rep3,1.2427,3618,0
rep3,1.2428,3619,0
rep3,1.2432,3620,0
rep3,1.2432,3621,0
rep3,1.2432,3622,0
rep3,1.2436,3623,0
rep3,1.2436,3624,0
rep3,1.2436,3625,0
rep3,1.2438,3626,0
rep3,1.2438,3627,0
rep3,1.2439,3628,0
rep3,1.2441,3629,0
rep3,1.2441,3630,0
rep3,1.2442,3631,0
rep3,1.2445,3632,0
rep3,1.2445,3633,0
rep3,1.2446,3634,0
rep3,1.2446,3635,0
rep3,1.2446,3636,0
rep3,1.2447,3637,0
rep3,1.2449,3638,0
rep3,1.245,3639,0
rep3,1.245,3640,0
rep3,1.245,3641,0
rep3,1.245,3642,0
rep3,1.2451,3643,0
rep3,1.2451,3644,0
rep3,1.2454,3645,0
rep3,1.2455,3646,0
rep3,1.2455,3647,0
rep3,1.2459,3648,0
rep3,1.2459,3649,0
rep3,1.2459,3650,0
rep3,1.2461,3651,0
rep3,1.2462,3652,0
rep3,1.2462,3653,0
rep3,1.2463,3654,0
rep3,1.2464,3655,0
rep3,1.2464,3656,0
rep3,1.2465,3657,0
rep3,1.2465,3658,0
rep3,1.2467,3659,0
rep3,1.247,3660,0
rep3,1.2474,3661,0
rep3,1.2474,3662,0
rep3,1.2476,3663,0
rep3,1.2476,3664,0
rep3,1.2476,3665,0
rep3,1.2477,3666,0
rep3,1.2478,3667,0
rep3,1.2479,3668,0
rep3,1.248,3669,0
rep3,1.2481,3670,0
rep3,1.2481,3671,0
rep3,1.2482,3672,0
rep3,1.2483,3673,0
rep3,1.2485,3674,0
rep3,1.2485,3675,0
rep3,1.2488,3676,0
rep3,1.2488,3677,0
rep3,1.2488,3678,0
rep3,1.2488,3679,0
rep3,1.2489,3680,0
rep3,1.2493,3681,0
rep3,1.2493,3682,0
rep3,1.2494,3683,0
rep3,1.2495,3684,0
rep3,1.2496,3685,0
rep3,1.2497,3686,0
rep3,1.2498,3687,0
rep3,1.25,3688,0
rep3,1.2502,3689,0
rep3,1.2503,3690,0
rep3,1.2504,3691,0
rep3,1.2505,3692,0
rep3,1.2506,3693,0
rep3,1.2508,3694,0
rep3,1.2509,3695,0
rep3,1.251,3696,0
rep3,1.251,3697,0
rep3,1.2512,3698,0
rep3,1.2512,3699,0
rep3,1.2513,3700,0
rep3,1.2514,3701,0
rep3,1.2515,3702,0
rep3,1.2516,3703,0
rep3,1.2517,3704,0
rep3,1.2518,3705,0
rep3,1.2518,3706,0
rep3,1.2519,3707,0
rep3,1.2521,3708,0
rep3,1.2521,3709,0
rep3,1.2522,3710,0
rep3,1.2522,3711,0
rep3,1.2523,3712,0
rep3,1.2523,3713,0
rep3,1.2524,3714,0
rep3,1.2524,3715,0
rep3,1.2525,3716,0
rep3,1.2528,3717,0
rep3,1.2528,3718,0
rep3,1.2529,3719,0
rep3,1.2531,3720,0
rep3,1.2532,3721,0
rep3,1.2533,3722,0
rep3,1.2533,3723,0
rep3,1.2535,3724,0
rep3,1.2537,3725,0
rep3,1.2537,3726,0
rep3,1.2538,3727,0
rep3,1.2539,3728,0
rep3,1.2539,3729,0
rep3,1.254,3730,0
rep3,1.2541,3731,0
rep3,1.2542,3732,0
rep3,1.2544,3733,0
rep3,1.2545,3734,0
rep3,1.2545,3735,0
rep3,1.2545,3736,0
rep3,1.2545,3737,0
rep3,1.2547,3738,0
rep3,1.2549,3739,0
rep3,1.2549,3740,0
rep3,1.2551,3741,0
rep3,1.2552,3742,0
rep3,1.2552,3743,0
rep3,1.2553,3744,0
rep3,1.2553,3745,0
rep3,1.2555,3746,0
rep3,1.2555,3747,0
rep3,1.2556,3748,0
rep3,1.2557,3749,0
rep3,1.2558,3750,0
rep3,1.256,3751,0
rep3,1.2561,3752,0
rep3,1.2561,3753,0
rep3,1.2561,3754,0
rep3,1.2564,3755,0
rep3,1.2564,3756,0
rep3,1.2564,3757,0
rep3,1.2566,3758,0
rep3,1.2567,3759,0
rep3,1.2568,3760,0
rep3,1.2569,3761,0
rep3,1.2569,3762,0
rep3,1.2569,3763,0
rep3,1.257,3764,0
rep3,1.257,3765,0
rep3,1.257,3766,0
rep3,1.2572,3767,0
rep3,1.2573,3768,0
rep3,1.2574,3769,0
rep3,1.2576,3770,0
rep3,1.2578,3771,0
rep3,1.2578,3772,0
rep3,1.2579,3773,0
rep3,1.258,3774,0
rep3,1.2581,3775,0
rep3,1.2582,3776,0
rep3,1.2582,3777,0
rep3,1.2583,3778,0
rep3,1.2584,3779,0
rep3,1.2585,3780,0
rep3,1.2589,3781,0
rep3,1.2589,3782,0
rep3,1.2589,3783,0
rep3,1.2589,3784,0
rep3,1.2591,3785,0
rep3,1.2591,3786,0
rep3,1.2591,3787,0
rep3,1.2591,3788,0
rep3,1.2592,3789,0
rep3,1.2593,3790,0
rep3,1.2594,3791,0
rep3,1.2595,3792,0
rep3,1.2596,3793,0
rep3,1.2597,3794,0
rep3,1.2598,3795,0
rep3,1.2598,3796,0
rep3,1.2598,3797,0
rep3,1.2598,3798,0
rep3,1.2599,3799,0
rep3,1.26,3800,0
rep3,1.26,3801,0
rep3,1.26,3802,0
rep3,1.2601,3803,0
rep3,1.2601,3804,0
rep3,1.2601,3805,0
rep3,1.2602,3806,0
rep3,1.2602,3807,0
rep3,1.2605,3808,0
rep3,1.2607,3809,0
rep3,1.2607,3810,0
rep3,1.2607,3811,0
rep3,1.2608,3812,0
rep3,1.2608,3813,0
rep3,1.2608,3814,0
rep3,1.2608,3815,0
rep3,1.2611,3816,0
rep3,1.2612,3817,0
rep3,1.2613,3818,0
rep3,1.2613,3819,0
rep3,1.2614,3820,0
rep3,1.2616,3821,0
rep3,1.2616,3822,0
rep3,1.2618,3823,0
rep3,1.262,3824,0
rep3,1.262,3825,0
rep3,1.2621,3826,0
rep3,1.2621,3827,0
rep3,1.2623,3828,0
rep3,1.2624,3829,0
rep3,1.2624,3830,0
rep3,1.2625,3831,0
rep3,1.2626,3832,0
rep3,1.2627,3833,0
rep3,1.263,3834,0
rep3,1.263,3835,0
rep3,1.2631,3836,0
rep3,1.2631,3837,0
rep3,1.2631,3838,0
rep3,1.2632,3839,0
rep3,1.2633,3840,0
rep3,1.2635,3841,0
rep3,1.2636,3842,0
rep3,1.2637,3843,0
rep3,1.2637,3844,0
rep3,1.2638,3845,0
rep3,1.2638,3846,0
rep3,1.2639,3847,0
rep3,1.2639,3848,0
rep3,1.2639,3849,0
rep3,1.2642,3850,0
rep3,1.2642,3851,0
rep3,1.2643,3852,0
rep3,1.2644,3853,0
rep3,1.2645,3854,0
rep3,1.2646,3855,0
rep3,1.2647,3856,0
rep3,1.265,3857,0
rep3,1.2653,3858,0
rep3,1.2653,3859,0
rep3,1.2654,3860,0
rep3,1.2654,3861,0
rep3,1.2655,3862,0
rep3,1.2656,3863,0
rep3,1.2658,3864,0
rep3,1.266,3865,0
rep3,1.2662,3866,0
rep3,1.2662,3867,0
rep3,1.2662,3868,0
rep3,1.2663,3869,0
rep3,1.2663,3870,0
rep3,1.2663,3871,0
rep3,1.2664,3872,0
rep3,1.2665,3873,0
rep3,1.2665,3874,0
rep3,1.2666,3875,0
rep3,1.2666,3876,0
rep3,1.2666,3877,0
rep3,1.2667,3878,0
rep3,1.2668,3879,0
rep3,1.2668,3880,0
rep3,1.2668,3881,0
rep3,1.2669,3882,0
rep3,1.2669,3883,0
rep3,1.2671,3884,0
rep3,1.2672,3885,0
rep3,1.2674,3886,0
rep3,1.2674,3887,0
rep3,1.2674,3888,0
rep3,1.2676,3889,0
rep3,1.2677,3890,0
rep3,1.2677,3891,0
rep3,1.2678,3892,0
rep3,1.2679,3893,0
rep3,1.268,3894,0
rep3,1.268,3895,0
rep3,1.2681,3896,0
rep3,1.2684,3897,0
rep3,1.2685,3898,0
rep3,1.2686,3899,0
rep3,1.2687,3900,0
rep3,1.2688,3901,0
rep3,1.2688,3902,0
rep3,1.2689,3903,0
rep3,1.2689,3904,0
rep3,1.269,3905,0
rep3,1.269,3906,0
rep3,1.269,3907,0
rep3,1.2691,3908,0
rep3,1.2691,3909,0
rep3,1.2692,3910,0
rep3,1.2692,3911,0
rep3,1.2692,3912,0
rep3,1.2693,3913,0
rep3,1.2693,3914,0
rep3,1.2693,3915,0
rep3,1.2695,3916,0
rep3,1.2695,3917,0
rep3,1.2696,3918,0
rep3,1.2696,3919,0
rep3,1.2696,3920,0
rep3,1.2696,3921,0
rep3,1.2697,3922,0
rep3,1.2697,3923,0
rep3,1.2697,3924,0
rep3,1.2699,3925,0
rep3,1.27,3926,0
rep3,1.27,3927,0
rep3,1.2701,3928,0
rep3,1.2701,3929,0
rep3,1.2701,3930,0
rep3,1.2702,3931,0
rep3,1.2702,3932,0
rep3,1.2703,3933,0
rep3,1.2703,3934,0
rep3,1.2704,3935,0
rep3,1.2705,3936,0
rep3,1.2706,3937,0
rep3,1.2707,3938,0
rep3,1.2708,3939,0
rep3,1.271,3940,0
rep3,1.2711,3941,0
rep3,1.2711,3942,0
rep3,1.2712,3943,0
rep3,1.2713,3944,0
rep3,1.2714,3945,0
rep3,1.2714,3946,0
rep3,1.2715,3947,0
rep3,1.2717,3948,0
rep3,1.272,3949,0
rep3,1.272,3950,0
rep3,1.272,3951,0
rep3,1.2723,3952,0
rep3,1.2726,3953,0
rep3,1.2728,3954,0
rep3,1.2729,3955,0
rep3,1.273,3956,0
rep3,1.2732,3957,0
rep3,1.2733,3958,0
rep3,1.2735,3959,0
rep3,1.2736,3960,0
rep3,1.2736,3961,0
rep3,1.2737,3962,0
rep3,1.2738,3963,0
rep3,1.2738,3964,0
rep3,1.274,3965,0
rep3,1.274,3966,0
rep3,1.2741,3967,0
rep3,1.2741,3968,0
rep3,1.2744,3969,0
rep3,1.2746,3970,0
rep3,1.2746,3971,0
rep3,1.2746,3972,0
rep3,1.2746,3973,0
rep3,1.2748,3974,0
rep3,1.2749,3975,0
rep3,1.275,3976,0
rep3,1.2756,3977,0
rep3,1.2756,3978,0
rep3,1.2757,3979,0
rep3,1.2758,3980,0
rep3,1.2758,3981,0
rep3,1.276,3982,0
rep3,1.2761,3983,0
rep3,1.2763,3984,0
rep3,1.2765,3985,0
rep3,1.2765,3986,0
rep3,1.2766,3987,0
rep3,1.2767,3988,0
rep3,1.2767,3989,0
rep3,1.2768,3990,0
rep3,1.277,3991,0
rep3,1.2771,3992,0
rep3,1.2779,3993,0
rep3,1.2782,3994,0
rep3,1.2785,3995,0
rep3,1.2786,3996,0
rep3,1.2791,3997,0
rep3,1.2791,3998,0
rep3,1.2793,3999,0
rep3,1.2794,4000,0
rep3,1.2798,4001,0
rep3,1.2798,4002,0
rep3,1.2799,4003,0
rep3,1.2802,4004,0
rep3,1.2804,4005,0
rep3,1.2804,4006,0
rep3,1.2805,4007,0
rep3,1.2805,4008,0
rep3,1.2808,4009,0
rep3,1.2808,4010,0
rep3,1.2809,4011,0
rep3,1.2815,4012,0
rep3,1.2816,4013,0
rep3,1.2817,4014,0
rep3,1.2817,4015,0
rep3,1.2818,4016,0
rep3,1.2819,4017,0
rep3,1.282,4018,0
rep3,1.2821,4019,0
rep3,1.2821,4020,0
rep3,1.2822,4021,0
rep3,1.2823,4022,0
rep3,1.2823,4023,0
rep3,1.2824,4024,0
rep3,1.2825,4025,0
rep3,1.2826,4026,0
rep3,1.283,4027,0
rep3,1.2831,4028,0
rep3,1.2832,4029,0
rep3,1.2833,4030,0
rep3,1.2836,4031,0
rep3,1.284,4032,0
rep3,1.2841,4033,0
rep3,1.2842,4034,0
rep3,1.2844,4035,0
rep3,1.2845,4036,0
rep3,1.2847,4037,0
rep3,1.2847,4038,0
rep3,1.285,4039,0
rep3,1.285,4040,0
rep3,1.2852,4041,0
rep3,1.2853,4042,0
rep3,1.2857,4043,0
rep3,1.2857,4044,0
rep3,1.2858,4045,0
rep3,1.2863,4046,0
rep3,1.2864,4047,0
rep3,1.2865,4048,0
rep3,1.2865,4049,0
rep3,1.2865,4050,0
rep3,1.2865,4051,0
rep3,1.2865,4052,0
rep3,1.2866,4053,0
rep3,1.2868,4054,0
rep3,1.2868,4055,0
rep3,1.287,4056,0
rep3,1.2871,4057,0
rep3,1.2871,4058,0
rep3,1.2873,4059,0
rep3,1.2874,4060,0
rep3,1.2875,4061,0
rep3,1.2876,4062,0
rep3,1.2877,4063,0
rep3,1.2877,4064,0
rep3,1.2878,4065,0
rep3,1.288,4066,0
rep3,1.2881,4067,0
rep3,1.2881,4068,0
rep3,1.2883,4069,0
rep3,1.2884,4070,0
rep3,1.2885,4071,0
rep3,1.2887,4072,0
rep3,1.2888,4073,0
rep3,1.289,4074,0
rep3,1.2891,4075,0
rep3,1.2891,4076,0
rep3,1.2892,4077,0
rep3,1.2893,4078,0
rep3,1.2894,4079,0
rep3,1.2895,4080,0
rep3,1.2896,4081,0
rep3,1.2897,4082,0
rep3,1.2897,4083,0
rep3,1.2901,4084,0
rep3,1.2901,4085,0
rep3,1.2901,4086,0
rep3,1.2905,4087,0
rep3,1.2905,4088,0
rep3,1.2906,4089,0
rep3,1.2907,4090,0
rep3,1.2908,4091,0
rep3,1.291,4092,0
rep3,1.291,4093,0
rep3,1.2911,4094,0
rep3,1.2913,4095,0
rep3,1.2914,4096,0
rep3,1.2919,4097,0
rep3,1.2919,4098,0
rep3,1.292,4099,0
rep3,1.292,4100,0
rep3,1.2925,4101,0
rep3,1.2926,4102,0
rep3,1.2927,4103,0
rep3,1.2927,4104,0
rep3,1.293,4105,0
rep3,1.2931,4106,0
rep3,1.2935,4107,0
rep3,1.2936,4108,0
rep3,1.2937,4109,0
rep3,1.2938,4110,0
rep3,1.294,4111,0
rep3,1.294,4112,0
rep3,1.2942,4113,0
rep3,1.2942,4114,0
rep3,1.2945,4115,0
rep3,1.2951,4116,0
rep3,1.2951,4117,0
rep3,1.2952,4118,0
rep3,1.2952,4119,0
rep3,1.2953,4120,0
rep3,1.2954,4121,0
rep3,1.2954,4122,0
rep3,1.2955,4123,0
rep3,1.2955,4124,0
rep3,1.2959,4125,0
rep3,1.296,4126,0
rep3,1.2961,4127,0
rep3,1.2961,4128,0
rep3,1.2965,4129,0
rep3,1.2966,4130,0
rep3,1.2967,4131,0
rep3,1.2967,4132,0
rep3,1.2967,4133,0
rep3,1.2973,4134,0
rep3,1.2973,4135,0
rep3,1.2975,4136,0
rep3,1.2977,4137,0
rep3,1.2977,4138,0
rep3,1.2978,4139,0
rep3,1.2979,4140,0
rep3,1.2981,4141,0
rep3,1.2982,4142,0
rep3,1.2983,4143,0
rep3,1.2984,4144,0
rep3,1.2985,4145,0
rep3,1.2985,4146,0
rep3,1.2986,4147,0
rep3,1.2987,4148,0
rep3,1.2991,4149,0
rep3,1.2991,4150,0
rep3,1.2995,4151,0
rep3,1.2997,4152,0
rep3,1.3001,4153,0
rep3,1.3002,4154,0
rep3,1.3004,4155,0
rep3,1.3008,4156,0
rep3,1.3008,4157,0
rep3,1.3009,4158,0
rep3,1.3009,4159,0
rep3,1.3009,4160,0
rep3,1.3009,4161,0
rep3,1.301,4162,0
rep3,1.3013,4163,0
rep3,1.3013,4164,0
rep3,1.3013,4165,0
rep3,1.3016,4166,0
rep3,1.3017,4167,0
rep3,1.3017,4168,0
rep3,1.3018,4169,0
rep3,1.3022,4170,0
rep3,1.3023,4171,0
rep3,1.3024,4172,0
rep3,1.3024,4173,0
rep3,1.3024,4174,0
rep3,1.3024,4175,0
rep3,1.3027,4176,0
rep3,1.3028,4177,0
rep3,1.3028,4178,0
rep3,1.303,4179,0
rep3,1.3031,4180,0
rep3,1.3033,4181,0
rep3,1.3035,4182,0
rep3,1.3036,4183,0
rep3,1.3037,4184,0
rep3,1.3038,4185,0
rep3,1.3038,4186,0
rep3,1.3038,4187,0
rep3,1.304,4188,0
rep3,1.304,4189,0
rep3,1.304,4190,0
rep3,1.3042,4191,0
rep3,1.3042,4192,0
rep3,1.3044,4193,0
rep3,1.3045,4194,0
rep3,1.3046,4195,0
rep3,1.3047,4196,0
rep3,1.3047,4197,0
rep3,1.3048,4198,0
rep3,1.3048,4199,0
rep3,1.305,4200,0
rep3,1.305,4201,0
rep3,1.3053,4202,0
rep3,1.3055,4203,0
rep3,1.3055,4204,0
rep3,1.3056,4205,0
rep3,1.3058,4206,0
rep3,1.306,4207,0
rep3,1.306,4208,0
rep3,1.3062,4209,0
rep3,1.3065,4210,0
rep3,1.3065,4211,0
rep3,1.3066,4212,0
rep3,1.3066,4213,0
rep3,1.3067,4214,0
rep3,1.3067,4215,0
rep3,1.3068,4216,0
rep3,1.3069,4217,0
rep3,1.3072,4218,0
rep3,1.3073,4219,0
rep3,1.3074,4220,0
rep3,1.3074,4221,0
rep3,1.3075,4222,0
rep3,1.3075,4223,0
rep3,1.3076,4224,0
rep3,1.3076,4225,0
rep3,1.3079,4226,0
rep3,1.308,4227,0
rep3,1.308,4228,0
rep3,1.3082,4229,0
rep3,1.3082,4230,0
rep3,1.3084,4231,0
rep3,1.3084,4232,0
rep3,1.3086,4233,0
rep3,1.3086,4234,0
rep3,1.3086,4235,0
rep3,1.3087,4236,0
rep3,1.309,4237,0
rep3,1.3094,4238,0
rep3,1.3097,4239,0
rep3,1.3097,4240,0
rep3,1.3098,4241,0
rep3,1.3099,4242,0
rep3,1.3102,4243,0
rep3,1.3103,4244,0
rep3,1.3104,4245,0
rep3,1.3104,4246,0
rep3,1.3105,4247,0
rep3,1.3107,4248,0
rep3,1.3108,4249,0
rep3,1.3111,4250,0
rep3,1.3115,4251,0
rep3,1.3116,4252,0
rep3,1.3118,4253,0
rep3,1.3119,4254,0
rep3,1.3119,4255,0
rep3,1.3119,4256,0
rep3,1.3119,4257,0
rep3,1.3123,4258,0
rep3,1.3123,4259,0
rep3,1.3125,4260,0
rep3,1.3125,4261,0
rep3,1.3125,4262,0
rep3,1.3126,4263,0
rep3,1.3127,4264,0
rep3,1.3129,4265,0
rep3,1.3132,4266,0
rep3,1.3134,4267,0
rep3,1.3135,4268,0
rep3,1.3136,4269,0
rep3,1.3136,4270,0
rep3,1.3137,4271,0
rep3,1.3138,4272,0
rep3,1.314,4273,0
rep3,1.3141,4274,0
rep3,1.3144,4275,0
rep3,1.3144,4276,0
rep3,1.3149,4277,0
rep3,1.3151,4278,0
rep3,1.3152,4279,0
rep3,1.3152,4280,0
rep3,1.3153,4281,0
rep3,1.3153,4282,0
rep3,1.3158,4283,0
rep3,1.3159,4284,0
rep3,1.316,4285,0
rep3,1.316,4286,0
rep3,1.3165,4287,0
rep3,1.3165,4288,0
rep3,1.3168,4289,0
rep3,1.317,4290,0
rep3,1.317,4291,0
rep3,1.317,4292,0
rep3,1.317,4293,0
rep3,1.3173,4294,0
rep3,1.3178,4295,0
rep3,1.3179,4296,0
rep3,1.318,4297,0
rep3,1.3188,4298,0
rep3,1.319,4299,0
rep3,1.3192,4300,0
rep3,1.3193,4301,0
rep3,1.3193,4302,0
rep3,1.3195,4303,0
rep3,1.3196,4304,0
rep3,1.3196,4305,0
rep3,1.3197,4306,0
rep3,1.3199,4307,0
rep3,1.32,4308,0
rep3,1.32,4309,0
rep3,1.3201,4310,0
rep3,1.3206,4311,0
rep3,1.3207,4312,0
rep3,1.3209,4313,0
rep3,1.3214,4314,0
rep3,1.3214,4315,0
rep3,1.3214,4316,0
rep3,1.3215,4317,0
rep3,1.3216,4318,0
rep3,1.3218,4319,0
rep3,1.3218,4320,0
rep3,1.3219,4321,0
rep3,1.3219,4322,0
rep3,1.322,4323,0
rep3,1.3221,4324,0
rep3,1.3225,4325,0
rep3,1.3226,4326,0
rep3,1.3228,4327,0
rep3,1.323,4328,0
rep3,1.3233,4329,0
rep3,1.3233,4330,0
rep3,1.3234,4331,0
rep3,1.3235,4332,0
rep3,1.3236,4333,0
rep3,1.3238,4334,0
rep3,1.3238,4335,0
rep3,1.3239,4336,0
rep3,1.3241,4337,0
rep3,1.3245,4338,0
rep3,1.3246,4339,0
rep3,1.3246,4340,0
rep3,1.3247,4341,0
rep3,1.3248,4342,0
rep3,1.3249,4343,0
rep3,1.325,4344,0
rep3,1.325,4345,0
rep3,1.3253,4346,0
rep3,1.3255,4347,0
rep3,1.3264,4348,0
rep3,1.3266,4349,0
rep3,1.3267,4350,0
rep3,1.3267,4351,0
rep3,1.3267,4352,0
rep3,1.327,4353,0
rep3,1.3271,4354,0
rep3,1.3271,4355,0
rep3,1.3274,4356,0
rep3,1.3275,4357,0
rep3,1.3276,4358,0
rep3,1.3279,4359,0
rep3,1.328,4360,0
rep3,1.3282,4361,0
rep3,1.3282,4362,0
rep3,1.3284,4363,0
rep3,1.3285,4364,0
rep3,1.3285,4365,0
rep3,1.3288,4366,0
rep3,1.3292,4367,0
rep3,1.3295,4368,0
rep3,1.3296,4369,0
rep3,1.3298,4370,0
rep3,1.3299,4371,0
rep3,1.33,4372,0
rep3,1.3303,4373,0
rep3,1.3305,4374,0
rep3,1.3305,4375,0
rep3,1.3307,4376,0
rep3,1.3308,4377,0
rep3,1.3308,4378,0
rep3,1.3311,4379,0
rep3,1.3311,4380,0
rep3,1.3311,4381,0
rep3,1.3313,4382,0
rep3,1.3314,4383,0
rep3,1.3314,4384,0
rep3,1.3315,4385,0
rep3,1.3316,4386,0
rep3,1.3318,4387,0
rep3,1.3318,4388,0
rep3,1.3321,4389,0
rep3,1.3324,4390,0
rep3,1.3324,4391,0
rep3,1.3325,4392,0
rep3,1.3328,4393,0
rep3,1.3329,4394,0
rep3,1.3329,4395,0
rep3,1.333,4396,0
rep3,1.333,4397,0
rep3,1.3332,4398,0
rep3,1.3335,4399,0
rep3,1.3336,4400,0
rep3,1.3336,4401,0
rep3,1.3339,4402,0
rep3,1.3342,4403,0
rep3,1.3342,4404,0
rep3,1.3343,4405,0
rep3,1.3344,4406,0
rep3,1.3345,4407,0
rep3,1.3349,4408,0
rep3,1.335,4409,0
rep3,1.3352,4410,0
rep3,1.3353,4411,0
rep3,1.3353,4412,0
rep3,1.3354,4413,0
rep3,1.3355,4414,0
rep3,1.3357,4415,0
rep3,1.3358,4416,0
rep3,1.3358,4417,0
rep3,1.3361,4418,0
rep3,1.3363,4419,0
rep3,1.3365,4420,0
rep3,1.3366,4421,0
rep3,1.3367,4422,0
rep3,1.3367,4423,0
rep3,1.3368,4424,0
rep3,1.3369,4425,0
rep3,1.3369,4426,0
rep3,1.3371,4427,0
rep3,1.3371,4428,0
rep3,1.3375,4429,0
rep3,1.3375,4430,0
rep3,1.3377,4431,0
rep3,1.3378,4432,0
rep3,1.3379,4433,0
rep3,1.3382,4434,0
rep3,1.3383,4435,0
rep3,1.3384,4436,0
rep3,1.3384,4437,0
rep3,1.3385,4438,0
rep3,1.3386,4439,0
rep3,1.3387,4440,0
rep3,1.3389,4441,0
rep3,1.3391,4442,0
rep3,1.3395,4443,0
rep3,1.3396,4444,0
rep3,1.3396,4445,0
rep3,1.3397,4446,0
rep3,1.34,4447,0
rep3,1.34,4448,0
rep3,1.3401,4449,0
rep3,1.3402,4450,0
rep3,1.3405,4451,0
rep3,1.3406,4452,0
rep3,1.3407,4453,0
rep3,1.3407,4454,0
rep3,1.3407,4455,0
rep3,1.3409,4456,0
rep3,1.3411,4457,0
rep3,1.3413,4458,0
rep3,1.3416,4459,0
rep3,1.3419,4460,0
rep3,1.342,4461,0
rep3,1.3421,4462,0
rep3,1.3421,4463,0
rep3,1.3423,4464,0
rep3,1.3425,4465,0
rep3,1.3427,4466,0
rep3,1.343,4467,0
rep3,1.3431,4468,0
rep3,1.3434,4469,0
rep3,1.3434,4470,0
rep3,1.3436,4471,0
rep3,1.3437,4472,0
rep3,1.3438,4473,0
rep3,1.3439,4474,0
rep3,1.3443,4475,0
rep3,1.3443,4476,0
rep3,1.3448,4477,0
rep3,1.345,4478,0
rep3,1.345,4479,0
rep3,1.345,4480,0
rep3,1.345,4481,0
rep3,1.3453,4482,0
rep3,1.3454,4483,0
rep3,1.3456,4484,0
rep3,1.3458,4485,0
rep3,1.3459,4486,0
rep3,1.3463,4487,0
rep3,1.3463,4488,0
rep3,1.3464,4489,0
rep3,1.3465,4490,0
rep3,1.3467,4491,0
rep3,1.3467,4492,0
rep3,1.347,4493,0
rep3,1.347,4494,0
rep3,1.3471,4495,0
rep3,1.3475,4496,0
rep3,1.3475,4497,0
rep3,1.3475,4498,0
rep3,1.3476,4499,0
rep3,1.3481,4500,0
rep3,1.3485,4501,0
rep3,1.3486,4502,0
rep3,1.3488,4503,0
rep3,1.3489,4504,0
rep3,1.349,4505,0
rep3,1.3492,4506,0
rep3,1.3492,4507,0
rep3,1.3493,4508,0
rep3,1.3494,4509,0
rep3,1.3495,4510,0
rep3,1.3496,4511,0
rep3,1.3502,4512,0
rep3,1.3504,4513,0
rep3,1.3506,4514,0
rep3,1.3508,4515,0
rep3,1.3515,4516,0
rep3,1.3521,4517,0
rep3,1.3521,4518,0
rep3,1.3522,4519,0
rep3,1.3525,4520,0
rep3,1.3525,4521,0
rep3,1.3526,4522,0
rep3,1.3527,4523,0
rep3,1.3533,4524,0
rep3,1.3534,4525,0
rep3,1.3537,4526,0
rep3,1.354,4527,0
rep3,1.3542,4528,0
rep3,1.3544,4529,0
rep3,1.3545,4530,0
rep3,1.3551,4531,0
rep3,1.3551,4532,0
rep3,1.3554,4533,0
rep3,1.3555,4534,0
rep3,1.356,4535,0
rep3,1.3561,4536,0
rep3,1.3562,4537,0
rep3,1.3568,4538,0
rep3,1.3569,4539,0
rep3,1.3571,4540,0
rep3,1.3576,4541,0
rep3,1.3578,4542,0
rep3,1.3578,4543,0
rep3,1.3585,4544,0
rep3,1.3589,4545,0
rep3,1.359,4546,0
rep3,1.3591,4547,0
rep3,1.3592,4548,0
rep3,1.3596,4549,0
rep3,1.3596,4550,0
rep3,1.3598,4551,0
rep3,1.3598,4552,0
rep3,1.3601,4553,0
rep3,1.3603,4554,0
rep3,1.3604,4555,0
rep3,1.3605,4556,0
rep3,1.3605,4557,0
rep3,1.3608,4558,0
rep3,1.3608,4559,0
rep3,1.3612,4560,0
rep3,1.3613,4561,0
rep3,1.3616,4562,0
rep3,1.3616,4563,0
rep3,1.3617,4564,0
rep3,1.3625,4565,0
rep3,1.3627,4566,0
rep3,1.363,4567,0
rep3,1.3632,4568,0
rep3,1.3634,4569,0
rep3,1.3636,4570,0
rep3,1.3636,4571,0
rep3,1.3637,4572,0
rep3,1.3639,4573,0
rep3,1.3643,4574,0
rep3,1.3645,4575,0
rep3,1.3651,4576,0
rep3,1.3653,4577,0
rep3,1.3656,4578,0
rep3,1.366,4579,0
rep3,1.366,4580,0
rep3,1.3662,4581,0
rep3,1.3662,4582,0
rep3,1.3664,4583,0
rep3,1.3665,4584,0
rep3,1.3671,4585,0
rep3,1.3673,4586,0
rep3,1.3676,4587,0
rep3,1.3677,4588,0
rep3,1.3682,4589,0
rep3,1.3687,4590,0
rep3,1.3687,4591,0
rep3,1.3691,4592,0
rep3,1.3691,4593,0
rep3,1.3692,4594,0
rep3,1.3694,4595,0
rep3,1.3694,4596,0
rep3,1.3698,4597,0
rep3,1.3701,4598,0
rep3,1.3702,4599,0
rep3,1.3702,4600,0
rep3,1.3707,4601,0
rep3,1.372,4602,0
rep3,1.3721,4603,0
rep3,1.3723,4604,0
rep3,1.3728,4605,0
rep3,1.3731,4606,0
rep3,1.3732,4607,0
rep3,1.3737,4608,0
rep3,1.3738,4609,0
rep3,1.3747,4610,0
rep3,1.3748,4611,0
rep3,1.3748,4612,0
rep3,1.3756,4613,0
rep3,1.3758,4614,0
rep3,1.376,4615,0
rep3,1.3761,4616,0
rep3,1.3762,4617,0
rep3,1.3764,4618,0
rep3,1.3764,4619,0
rep3,1.3766,4620,0
rep3,1.3768,4621,0
rep3,1.3772,4622,0
rep3,1.3775,4623,0
rep3,1.3776,4624,0
rep3,1.3778,4625,0
rep3,1.3778,4626,0
rep3,1.3781,4627,0
rep3,1.3782,4628,0
rep3,1.3785,4629,0
rep3,1.3786,4630,0
rep3,1.3787,4631,0
rep3,1.3788,4632,0
rep3,1.379,4633,0
rep3,1.3795,4634,0
rep3,1.3798,4635,0
rep3,1.38,4636,0
rep3,1.3804,4637,0
rep3,1.3805,4638,0
rep3,1.3807,4639,0
rep3,1.3807,4640,0
rep3,1.381,4641,0
rep3,1.3815,4642,0
rep3,1.3815,4643,0
rep3,1.3819,4644,0
rep3,1.3821,4645,0
rep3,1.3821,4646,0
rep3,1.3821,4647,0
rep3,1.383,4648,0
rep3,1.3834,4649,0
rep3,1.3836,4650,0
rep3,1.3838,4651,0
rep3,1.3839,4652,0
rep3,1.384,4653,0
rep3,1.3847,4654,0
rep3,1.3847,4655,0
rep3,1.385,4656,0
rep3,1.3854,4657,0
rep3,1.3854,4658,0
rep3,1.3854,4659,0
rep3,1.3857,4660,0
rep3,1.3866,4661,0
rep3,1.3866,4662,0
rep3,1.3868,4663,0
rep3,1.3875,4664,0
rep3,1.3879,4665,0
rep3,1.3881,4666,0
rep3,1.3883,4667,0
rep3,1.3888,4668,0
rep3,1.3891,4669,0
rep3,1.3898,4670,0
rep3,1.3899,4671,0
rep3,1.3899,4672,0
rep3,1.3905,4673,0
rep3,1.3905,4674,0
rep3,1.3907,4675,0
rep3,1.3908,4676,0
rep3,1.3918,4677,0
rep3,1.3922,4678,0
rep3,1.3924,4679,0
rep3,1.3925,4680,0
rep3,1.3926,4681,0
rep3,1.3926,4682,0
rep3,1.3928,4683,0
rep3,1.3928,4684,0
rep3,1.3932,4685,0
rep3,1.3939,4686,0
rep3,1.3945,4687,0
rep3,1.3948,4688,0
rep3,1.3949,4689,0
rep3,1.3955,4690,0
rep3,1.3955,4691,0
rep3,1.3959,4692,0
rep3,1.3962,4693,0
rep3,1.3964,4694,0
rep3,1.3965,4695,0
rep3,1.3965,4696,0
rep3,1.3973,4697,0
rep3,1.3982,4698,0
rep3,1.3984,4699,0
rep3,1.3985,4700,0
rep3,1.399,4701,0
rep3,1.3991,4702,0
rep3,1.3992,4703,0
rep3,1.3999,4704,0
rep3,1.4005,4705,0
rep3,1.4009,4706,0
rep3,1.4011,4707,0
rep3,1.4014,4708,0
rep3,1.4017,4709,0
rep3,1.4019,4710,0
rep3,1.4021,4711,0
rep3,1.4024,4712,0
rep3,1.4027,4713,0
rep3,1.4028,4714,0
rep3,1.4036,4715,0
rep3,1.4038,4716,0
rep3,1.4045,4717,0
rep3,1.4046,4718,0
rep3,1.4049,4719,0
rep3,1.4049,4720,0
rep3,1.4051,4721,0
rep3,1.4052,4722,0
rep3,1.4053,4723,0
rep3,1.4053,4724,0
rep3,1.4055,4725,0
rep3,1.4056,4726,0
rep3,1.4056,4727,0
rep3,1.4057,4728,0
rep3,1.4059,4729,0
rep3,1.406,4730,0
rep3,1.4061,4731,0
rep3,1.4063,4732,0
rep3,1.4065,4733,0
rep3,1.4065,4734,0
rep3,1.407,4735,0
rep3,1.4075,4736,0
rep3,1.4076,4737,0
rep3,1.4079,4738,0
rep3,1.4079,4739,0
rep3,1.4082,4740,0
rep3,1.4082,4741,0
rep3,1.4094,4742,0
rep3,1.4094,4743,0
rep3,1.4096,4744,0
rep3,1.4097,4745,0
rep3,1.4102,4746,0
rep3,1.4105,4747,0
rep3,1.4119,4748,0
rep3,1.4119,4749,0
rep3,1.4123,4750,0
rep3,1.4131,4751,0
rep3,1.4135,4752,0
rep3,1.4137,4753,0
rep3,1.4137,4754,0
rep3,1.4139,4755,0
rep3,1.4142,4756,0
rep3,1.4151,4757,0
rep3,1.4153,4758,0
rep3,1.4156,4759,0
rep3,1.4164,4760,0
rep3,1.4173,4761,0
rep3,1.4174,4762,0
rep3,1.4177,4763,0
rep3,1.4177,4764,0
rep3,1.418,4765,0
rep3,1.4189,4766,0
rep3,1.4189,4767,0
rep3,1.4191,4768,0
rep3,1.4194,4769,0
rep3,1.4197,4770,0
rep3,1.42,4771,0
rep3,1.4201,4772,0
rep3,1.4202,4773,0
rep3,1.4204,4774,0
rep3,1.4205,4775,0
rep3,1.421,4776,0
rep3,1.4212,4777,0
rep3,1.4217,4778,0
rep3,1.4223,4779,0
rep3,1.4223,4780,0
rep3,1.4226,4781,0
rep3,1.4226,4782,0
rep3,1.4227,4783,0
rep3,1.4227,4784,0
rep3,1.4231,4785,0
rep3,1.4233,4786,0
rep3,1.4245,4787,0
rep3,1.4252,4788,0
rep3,1.4261,4789,0
rep3,1.4262,4790,0
rep3,1.4263,4791,0
rep3,1.4279,4792,0
rep3,1.4288,4793,0
rep3,1.4294,4794,0
rep3,1.4296,4795,0
rep3,1.4296,4796,0
rep3,1.4297,4797,0
rep3,1.4299,4798,0
rep3,1.4304,4799,0
rep3,1.4304,4800,0
rep3,1.4305,4801,0
rep3,1.4305,4802,0
rep3,1.4315,4803,0
rep3,1.4316,4804,0
rep3,1.4324,4805,0
rep3,1.4335,4806,0
rep3,1.4335,4807,0
rep3,1.4336,4808,0
rep3,1.4336,4809,0
rep3,1.434,4810,0
rep3,1.4353,4811,0
rep3,1.4359,4812,0
rep3,1.4365,4813,0
rep3,1.4367,4814,0
rep3,1.4369,4815,0
rep3,1.4372,4816,0
rep3,1.4373,4817,0
rep3,1.4379,4818,0
rep3,1.4386,4819,0
rep3,1.4386,4820,0
rep3,1.4388,4821,0
rep3,1.439,4822,0
rep3,1.4395,4823,0
rep3,1.4398,4824,0
rep3,1.4398,4825,0
rep3,1.441,4826,0
rep3,1.4411,4827,0
rep3,1.4418,4828,0
rep3,1.4423,4829,0
rep3,1.4429,4830,0
rep3,1.4439,4831,0
rep3,1.4451,4832,0
rep3,1.4454,4833,0
rep3,1.4456,4834,0
rep3,1.4459,4835,0
rep3,1.4459,4836,0
rep3,1.4463,4837,0
rep3,1.4472,4838,0
rep3,1.4475,4839,0
rep3,1.4476,4840,0
rep3,1.4481,4841,0
rep3,1.4484,4842,0
rep3,1.4494,4843,0
rep3,1.4509,4844,0
rep3,1.4511,4845,0
rep3,1.4511,4846,0
rep3,1.4525,4847,0
rep3,1.4527,4848,0
rep3,1.4532,4849,0
rep3,1.4546,4850,0
rep3,1.4548,4851,0
rep3,1.4565,4852,0
rep3,1.4568,4853,0
rep3,1.4568,4854,0
rep3,1.4569,4855,0
rep3,1.4569,4856,0
rep3,1.457,4857,0
rep3,1.4572,4858,0
rep3,1.4575,4859,0
rep3,1.4581,4860,0
rep3,1.4587,4861,0
rep3,1.4596,4862,0
rep3,1.4596,4863,0
rep3,1.4597,4864,0
rep3,1.4604,4865,0
rep3,1.4609,4866,0
rep3,1.4614,4867,0
rep3,1.462,4868,0
rep3,1.4623,4869,0
rep3,1.4627,4870,0
rep3,1.4629,4871,0
rep3,1.4636,4872,0
rep3,1.4638,4873,0
rep3,1.4639,4874,0
rep3,1.4643,4875,0
rep3,1.4651,4876,0
rep3,1.4654,4877,0
rep3,1.4675,4878,0
rep3,1.4676,4879,0
rep3,1.4676,4880,0
rep3,1.4687,4881,0
rep3,1.4688,4882,0
rep3,1.4691,4883,0
rep3,1.4693,4884,0
rep3,1.4694,4885,0
rep3,1.4698,4886,0
rep3,1.4699,4887,0
rep3,1.4704,4888,0
rep3,1.471,4889,0
rep3,1.4713,4890,0
rep3,1.4725,4891,0
rep3,1.4726,4892,0
rep3,1.4728,4893,0
rep3,1.4735,4894,0
rep3,1.4743,4895,0
rep3,1.4746,4896,0
rep3,1.4751,4897,0
rep3,1.4758,4898,0
rep3,1.4761,4899,0
rep3,1.4766,4900,0
rep3,1.4773,4901,0
rep3,1.4775,4902,0
rep3,1.4776,4903,0
rep3,1.4777,4904,0
rep3,1.4781,4905,0
rep3,1.4783,4906,0
rep3,1.4794,4907,0
rep3,1.4804,4908,0
rep3,1.4817,4909,0
rep3,1.4822,4910,0
rep3,1.4833,4911,0
rep3,1.4839,4912,0
rep3,1.4845,4913,0
rep3,1.4853,4914,0
rep3,1.4855,4915,0
rep3,1.486,4916,0
rep3,1.4879,4917,0
rep3,1.4881,4918,0
rep3,1.4886,4919,0
rep3,1.489,4920,0
rep3,1.4905,4921,0
rep3,1.4911,4922,0
rep3,1.4916,4923,0
rep3,1.4921,4924,0
rep3,1.4929,4925,0
rep3,1.4932,4926,0
rep3,1.4937,4927,0
rep3,1.4945,4928,0
rep3,1.4952,4929,0
rep3,1.4966,4930,0
rep3,1.4967,4931,0
rep3,1.4967,4932,0
rep3,1.4989,4933,0
rep3,1.5001,4934,0
rep3,1.5013,4935,0
rep3,1.502,4936,0
rep3,1.5021,4937,0
rep3,1.5027,4938,0
rep3,1.5029,4939,0
rep3,1.5031,4940,0
rep3,1.5032,4941,0
rep3,1.5033,4942,0
rep3,1.5036,4943,0
rep3,1.5039,4944,0
rep3,1.5039,4945,0
rep3,1.5041,4946,0
rep3,1.5052,4947,0
rep3,1.5055,4948,0
rep3,1.506,4949,0
rep3,1.506,4950,0
rep3,1.5061,4951,0
rep3,1.5064,4952,0
rep3,1.5079,4953,0
rep3,1.5101,4954,0
rep3,1.5146,4955,0
rep3,1.5152,4956,0
rep3,1.5169,4957,0
rep3,1.517,4958,0
rep3,1.5176,4959,0
rep3,1.5178,4960,0
rep3,1.5183,4961,0
rep3,1.5191,4962,0
rep3,1.5195,4963,0
rep3,1.5201,4964,0
rep3,1.5209,4965,0
rep3,1.5212,4966,0
rep3,1.5215,4967,0
rep3,1.5217,4968,0
rep3,1.5219,4969,0
rep3,1.5225,4970,0
rep3,1.524,4971,0
rep3,1.5244,4972,0
rep3,1.526,4973,0
rep3,1.5288,4974,0
rep3,1.5295,4975,0
rep3,1.5296,4976,0
rep3,1.5296,4977,0
rep3,1.5302,4978,0
rep3,1.5303,4979,0
rep3,1.5305,4980,0
rep3,1.5346,4981,0
rep3,1.5399,4982,0
rep3,1.5406,4983,0
rep3,1.5415,4984,0
rep3,1.5416,4985,0
rep3,1.5421,4986,0
rep3,1.543,4987,0
rep3,1.5434,4988,0
rep3,1.5442,4989,0
rep3,1.5445,4990,0
rep3,1.5451,4991,0
rep3,1.5474,4992,0
rep3,1.5478,4993,0
rep3,1.5479,4994,0
rep3,1.5492,4995,0
rep3,1.5505,4996,0
rep3,1.5509,4997,0
rep3,1.5513,4998,0
rep3,1.5517,4999,0
rep3,1.5532,5000,0
rep3,1.556,5001,0
rep3,1.5616,5002,0
rep3,1.5616,5003,0
rep3,1.5617,5004,0
rep3,1.564,5005,0
rep3,1.5681,5006,0
rep3,1.5692,5007,0
rep3,1.5702,5008,0
rep3,1.5732,5009,0
rep3,1.5736,5010,0
rep3,1.5796,5011,0
rep3,1.5804,5012,0
rep3,1.5809,5013,0
rep3,1.5809,5014,0
rep3,1.5825,5015,0
rep3,1.5827,5016,0
rep3,1.5829,5017,0
rep3,1.5844,5018,0
rep3,1.5857,5019,0
rep3,1.5862,5020,0
rep3,1.592,5021,0
rep3,1.5953,5022,0
rep3,1.5968,5023,0
rep3,1.5994,5024,0
rep3,1.6002,5025,0
rep3,1.6115,5026,0
rep3,1.612,5027,0
rep3,1.6168,5028,0
rep3,1.6176,5029,0
rep3,1.6183,5030,0
rep3,1.6189,5031,0
rep3,1.6197,5032,0
rep3,1.6198,5033,0
rep3,1.6228,5034,0
rep3,1.6243,5035,0
rep3,1.6275,5036,0
rep3,1.6279,5037,0
rep3,1.6338,5038,0
rep3,1.6362,5039,0
rep3,1.6377,5040,0
rep3,1.6405,5041,0
rep3,1.6447,5042,0
rep3,1.6521,5043,0
rep3,1.6698,5044,0
rep3,1.6725,5045,0
rep3,1.6758,5046,0
rep3,1.6772,5047,0
rep3,1.6789,5048,0
rep3,1.7204,5049,0
rep3,1.7456,5050,0
rep3,1.7549,5051,0
rep3,1.7698,5052,0
rep3,1.771,5053,0
rep3,1.7752,5054,0
rep3,1.7986,5055,0
rep3,1.8665,5056,0
rep3,1.8882,5057,0
rep3,1.9629,5058,0
rep3,2.027,5059,0
rep3,2.0271,5060,0
rep3,2.0272,5061,0
rep3,2.0273,5062,0
rep3,2.0273,5063,0
rep3,2.0274,5064,0
rep3,2.0274,5065,0
rep3,2.0276,5066,0
rep3,2.0277,5067,0
rep3,2.0278,5068,0
rep3,2.0278,5069,0
rep3,2.0279,5070,0
rep3,2.0279,5071,0
rep3,2.0283,5072,0
rep3,2.0283,5073,0
rep3,2.0284,5074,0
rep3,2.0284,5075,0
rep3,2.0286,5076,0
rep3,2.0286,5077,0
rep3,2.0287,5078,0
rep3,2.0287,5079,0
rep3,2.0288,5080,0
rep3,2.0289,5081,0
rep3,2.029,5082,0
rep3,2.0294,5083,0
rep3,2.0294,5084,0
rep3,2.0295,5085,0
rep3,2.0295,5086,0
rep3,2.0299,5087,0
rep3,2.03,5088,0
rep3,2.0301,5089,0
rep3,2.0304,5090,0
rep3,2.0304,5091,0
rep3,2.0305,5092,0
rep3,2.0307,5093,0
rep3,2.0309,5094,0
rep3,2.0309,5095,0
rep3,2.0309,5096,0
rep3,2.031,5097,0
rep3,2.031,5098,0
rep3,2.0311,5099,0
rep3,2.0311,5100,0
rep3,2.0312,5101,0
rep3,2.0314,5102,0
rep3,2.0317,5103,0
rep3,2.0318,5104,0
rep3,2.0319,5105,0
rep3,2.032,5106,0
rep3,2.032,5107,0
rep3,2.032,5108,0
rep3,2.0323,5109,0
rep3,2.0324,5110,0
rep3,2.0325,5111,0
rep3,2.0325,5112,0
rep3,2.0325,5113,0
rep3,2.0326,5114,0
rep3,2.0327,5115,0
rep3,2.0333,5116,0
rep3,2.0338,5117,0
rep3,2.0339,5118,0
rep3,2.034,5119,0
rep3,2.0341,5120,0
rep3,2.0342,5121,0
rep3,2.0343,5122,0
rep3,2.0344,5123,0
rep3,2.0346,5124,0
rep3,2.0347,5125,0
rep3,2.0355,5126,0
rep3,2.0355,5127,0
rep3,2.0356,5128,0
rep3,2.0358,5129,0
rep3,2.0361,5130,0
rep3,2.037,5131,0
rep3,2.0371,5132,0
rep3,2.0381,5133,0
rep3,2.0387,5134,0
rep3,2.0406,5135,0
rep3,2.0413,5136,0
rep3,2.0418,5137,0
rep3,2.0419,5138,0
rep3,2.0423,5139,0
rep3,2.0435,5140,0
rep3,2.0436,5141,0
rep3,2.0442,5142,0
rep3,2.0445,5143,0
rep3,2.0445,5144,0
rep3,2.0486,5145,0
rep3,2.0494,5146,0
rep3,2.0523,5147,0
rep3,2.0534,5148,0
rep3,2.0558,5149,0
rep3,2.0569,5150,0
rep3,2.0606,5151,0
rep3,2.0606,5152,0
rep3,2.0606,5153,0
rep3,2.0607,5154,0
rep3,2.0607,5155,0
rep3,2.0608,5156,0
rep3,2.0608,5157,0
rep3,2.0608,5158,0
rep3,2.0608,5159,0
rep3,2.0609,5160,0
rep3,2.061,5161,0
rep3,2.061,5162,0
rep3,2.061,5163,0
rep3,2.061,5164,0
rep3,2.0611,5165,0
rep3,2.0611,5166,0
rep3,2.0611,5167,0
rep3,2.0612,5168,0
rep3,2.0612,5169,0
rep3,2.0612,5170,0
rep3,2.0613,5171,0
rep3,2.0613,5172,0
rep3,2.0613,5173,0
rep3,2.0614,5174,0
rep3,2.0614,5175,0
rep3,2.0614,5176,0
rep3,2.0615,5177,0
rep3,2.0616,5178,0
rep3,2.0616,5179,0
rep3,2.0617,5180,0
rep3,2.0618,5181,0
rep3,2.0618,5182,0
rep3,2.0618,5183,0
rep3,2.0618,5184,0
rep3,2.0619,5185,0
rep3,2.0621,5186,0
rep3,2.0621,5187,0
rep3,2.0621,5188,0
rep3,2.0622,5189,0
rep3,2.0622,5190,0
rep3,2.0622,5191,0
rep3,2.0624,5192,0
rep3,2.0624,5193,0
rep3,2.0624,5194,0
rep3,2.0625,5195,0
rep3,2.0625,5196,0
rep3,2.0626,5197,0
rep3,2.0627,5198,0
rep3,2.0627,5199,0
rep3,2.0627,5200,0
rep3,2.0627,5201,0
rep3,2.0627,5202,0
rep3,2.0628,5203,0
rep3,2.0628,5204,0
rep3,2.0628,5205,0
rep3,2.063,5206,0
rep3,2.0631,5207,0
rep3,2.0631,5208,0
rep3,2.0632,5209,0
rep3,2.0632,5210,0
rep3,2.0633,5211,0
rep3,2.0633,5212,0
rep3,2.0633,5213,0
rep3,2.0633,5214,0
rep3,2.0633,5215,0
rep3,2.0634,5216,0
rep3,2.0634,5217,0
rep3,2.0634,5218,0
rep3,2.0634,5219,0
rep3,2.0635,5220,0
rep3,2.0635,5221,0
rep3,2.0637,5222,0
rep3,2.0638,5223,0
rep3,2.0639,5224,0
rep3,2.0639,5225,0
rep3,2.064,5226,0
rep3,2.064,5227,0
rep3,2.0641,5228,0
rep3,2.0641,5229,0
rep3,2.0641,5230,0
rep3,2.0642,5231,0
rep3,2.0642,5232,0
rep3,2.0643,5233,0
rep3,2.0643,5234,0
rep3,2.0644,5235,0
rep3,2.0644,5236,0
rep3,2.0644,5237,0
rep3,2.0647,5238,0
rep3,2.0648,5239,0
rep3,2.0649,5240,0
rep3,2.0649,5241,0
rep3,2.0651,5242,0
rep3,2.0651,5243,0
rep3,2.0651,5244,0
rep3,2.0652,5245,0
rep3,2.0652,5246,0
rep3,2.0652,5247,0
rep3,2.0653,5248,0
rep3,2.0654,5249,0
rep3,2.0654,5250,0
rep3,2.0654,5251,0
rep3,2.0654,5252,0
rep3,2.0655,5253,0
rep3,2.0655,5254,0
rep3,2.0655,5255,0
rep3,2.0655,5256,0
rep3,2.0656,5257,0
rep3,2.0656,5258,0
rep3,2.0656,5259,0
rep3,2.0657,5260,0
rep3,2.0658,5261,0
rep3,2.0658,5262,0
rep3,2.0659,5263,0
rep3,2.066,5264,0
rep3,2.066,5265,0
rep3,2.0661,5266,0
rep3,2.0661,5267,0
rep3,2.0662,5268,0
rep3,2.0662,5269,0
rep3,2.0663,5270,0
rep3,2.0664,5271,0
rep3,2.0666,5272,0
rep3,2.0666,5273,0
rep3,2.0666,5274,0
rep3,2.0666,5275,0
rep3,2.0668,5276,0
rep3,2.0669,5277,0
rep3,2.0669,5278,0
rep3,2.0671,5279,0
rep3,2.0671,5280,0
rep3,2.0672,5281,0
rep3,2.0672,5282,0
rep3,2.0673,5283,0
rep3,2.0675,5284,0
rep3,2.0679,5285,0
rep3,2.068,5286,0
rep3,2.0681,5287,0
rep3,2.0681,5288,0
rep3,2.0681,5289,0
rep3,2.0683,5290,0
rep3,2.0683,5291,0
rep3,2.0683,5292,0
rep3,2.0684,5293,0
rep3,2.0686,5294,0
rep3,2.0686,5295,0
rep3,2.0686,5296,0
rep3,2.0687,5297,0
rep3,2.0691,5298,0
rep3,2.0691,5299,0
rep3,2.0692,5300,0
rep3,2.0693,5301,0
rep3,2.0695,5302,0
rep3,2.0695,5303,0
rep3,2.0695,5304,0
rep3,2.0697,5305,0
rep3,2.0698,5306,0
rep3,2.0699,5307,0
rep3,2.0702,5308,0
rep3,2.0702,5309,0
rep3,2.0703,5310,0
rep3,2.0704,5311,0
rep3,2.0705,5312,0
rep3,2.0709,5313,0
rep3,2.071,5314,0
rep3,2.071,5315,0
rep3,2.071,5316,0
rep3,2.071,5317,0
rep3,2.0711,5318,0
rep3,2.0711,5319,0
rep3,2.0712,5320,0
rep3,2.0713,5321,0
rep3,2.0713,5322,0
rep3,2.0713,5323,0
rep3,2.0714,5324,0
rep3,2.0715,5325,0
rep3,2.0716,5326,0
rep3,2.0717,5327,0
rep3,2.0718,5328,0
rep3,2.0719,5329,0
rep3,2.0719,5330,0
rep3,2.0719,5331,0
rep3,2.072,5332,0
rep3,2.072,5333,0
rep3,2.0722,5334,0
rep3,2.0722,5335,0
rep3,2.0723,5336,0
rep3,2.0724,5337,0
rep3,2.0724,5338,0
rep3,2.0724,5339,0
rep3,2.0725,5340,0
rep3,2.0725,5341,0
rep3,2.073,5342,0
rep3,2.0731,5343,0
rep3,2.0733,5344,0
rep3,2.0734,5345,0
rep3,2.0736,5346,0
rep3,2.0736,5347,0
rep3,2.0737,5348,0
rep3,2.0739,5349,0
rep3,2.0741,5350,0
rep3,2.0741,5351,0
rep3,2.0741,5352,0
rep3,2.0741,5353,0
rep3,2.0744,5354,0
rep3,2.0749,5355,0
rep3,2.075,5356,0
rep3,2.0751,5357,0
rep3,2.0751,5358,0
rep3,2.0752,5359,0
rep3,2.0752,5360,0
rep3,2.0756,5361,0
rep3,2.0758,5362,0
rep3,2.0763,5363,0
rep3,2.0764,5364,0
rep3,2.0768,5365,0
rep3,2.0769,5366,0
rep3,2.0769,5367,0
rep3,2.0775,5368,0
rep3,2.0776,5369,0
rep3,2.0778,5370,0
rep3,2.0779,5371,0
rep3,2.078,5372,0
rep3,2.0781,5373,0
rep3,2.0784,5374,0
rep3,2.0784,5375,0
rep3,2.0785,5376,0
rep3,2.0786,5377,0
rep3,2.0791,5378,0
rep3,2.0792,5379,0
rep3,2.0796,5380,0
rep3,2.0798,5381,0
rep3,2.0802,5382,0
rep3,2.0807,5383,0
rep3,2.0809,5384,0
rep3,2.0814,5385,0
rep3,2.0818,5386,0
rep3,2.0818,5387,0
rep3,2.082,5388,0
rep3,2.0823,5389,0
rep3,2.0831,5390,0
rep3,2.0834,5391,0
rep3,2.0835,5392,0
rep3,2.0837,5393,0
rep3,2.0841,5394,0
rep3,2.0841,5395,0
rep3,2.0842,5396,0
rep3,2.0846,5397,0
rep3,2.0849,5398,0
rep3,2.0853,5399,0
rep3,2.0855,5400,0
rep3,2.087,5401,0
rep3,2.0871,5402,0
rep3,2.0873,5403,0
rep3,2.0873,5404,0
rep3,2.0879,5405,0
rep3,2.0881,5406,0
rep3,2.0884,5407,0
rep3,2.0889,5408,0
rep3,2.0892,5409,0
rep3,2.0894,5410,0
rep3,2.09,5411,0
rep3,2.0902,5412,0
rep3,2.0906,5413,0
rep3,2.0906,5414,0
rep3,2.0937,5415,0
rep3,2.0939,5416,0
rep3,2.0945,5417,0
rep3,2.0945,5418,0
rep3,2.0945,5419,0
rep3,2.0946,5420,0
rep3,2.0946,5421,0
rep3,2.0947,5422,0
rep3,2.0948,5423,0
rep3,2.0948,5424,0
rep3,2.0948,5425,0
rep3,2.0949,5426,0
rep3,2.0949,5427,0
rep3,2.0949,5428,0
rep3,2.095,5429,0
rep3,2.095,5430,0
rep3,2.0951,5431,0
rep3,2.0951,5432,0
rep3,2.0952,5433,0
rep3,2.0952,5434,0
rep3,2.0952,5435,0
rep3,2.0953,5436,0
rep3,2.0954,5437,0
rep3,2.0955,5438,0
rep3,2.0955,5439,0
rep3,2.0956,5440,0
rep3,2.0956,5441,0
rep3,2.0957,5442,0
rep3,2.0957,5443,0
rep3,2.0957,5444,0
rep3,2.0957,5445,0
rep3,2.0957,5446,0
rep3,2.096,5447,0
rep3,2.096,5448,0
rep3,2.096,5449,0
rep3,2.0961,5450,0
rep3,2.0962,5451,0
rep3,2.0962,5452,0
rep3,2.0962,5453,0
rep3,2.0962,5454,0
rep3,2.0963,5455,0
rep3,2.0964,5456,0
rep3,2.0965,5457,0
rep3,2.0966,5458,0
rep3,2.0967,5459,0
rep3,2.0967,5460,0
rep3,2.0968,5461,0
rep3,2.0968,5462,0
rep3,2.0969,5463,0
rep3,2.097,5464,0
rep3,2.097,5465,0
rep3,2.0971,5466,0
rep3,2.0971,5467,0
rep3,2.0972,5468,0
rep3,2.0972,5469,0
rep3,2.0973,5470,0
rep3,2.0973,5471,0
rep3,2.0973,5472,0
rep3,2.0974,5473,0
rep3,2.0974,5474,0
rep3,2.0975,5475,0
rep3,2.0975,5476,0
rep3,2.0975,5477,0
rep3,2.0975,5478,0
rep3,2.0977,5479,0
rep3,2.0977,5480,0
rep3,2.0977,5481,0
rep3,2.0978,5482,0
rep3,2.0979,5483,0
rep3,2.0979,5484,0
rep3,2.0979,5485,0
rep3,2.098,5486,0
rep3,2.0981,5487,0
rep3,2.0981,5488,0
rep3,2.0982,5489,0
rep3,2.0982,5490,0
rep3,2.0983,5491,0
rep3,2.0984,5492,0
rep3,2.0985,5493,0
rep3,2.0986,5494,0
rep3,2.0986,5495,0
rep3,2.0986,5496,0
rep3,2.0988,5497,0
rep3,2.0988,5498,0
rep3,2.0988,5499,0
rep3,2.0989,5500,0
rep3,2.0989,5501,0
rep3,2.0989,5502,0
rep3,2.0991,5503,0
rep3,2.0991,5504,0
rep3,2.0991,5505,0
rep3,2.0992,5506,0
rep3,2.0992,5507,0
rep3,2.0992,5508,0
rep3,2.0993,5509,0
rep3,2.0993,5510,0
rep3,2.0993,5511,0
rep3,2.0994,5512,0
rep3,2.0995,5513,0
rep3,2.0996,5514,0
rep3,2.0996,5515,0
rep3,2.1,5516,0
rep3,2.1,5517,0
rep3,2.1001,5518,0
rep3,2.1001,5519,0
rep3,2.1003,5520,0
rep3,2.1006,5521,0
rep3,2.1008,5522,0
rep3,2.1009,5523,0
rep3,2.1009,5524,0
rep3,2.101,5525,0
rep3,2.1011,5526,0
rep3,2.1012,5527,0
rep3,2.1013,5528,0
rep3,2.1013,5529,0
rep3,2.1013,5530,0
rep3,2.1014,5531,0
rep3,2.1014,5532,0
rep3,2.1015,5533,0
rep3,2.1016,5534,0
rep3,2.1017,5535,0
rep3,2.1018,5536,0
rep3,2.1018,5537,0
rep3,2.1019,5538,0
rep3,2.102,5539,0
rep3,2.1022,5540,0
rep3,2.1023,5541,0
rep3,2.1026,5542,0
rep3,2.1026,5543,0
rep3,2.1027,5544,0
rep3,2.1028,5545,0
rep3,2.1029,5546,0
rep3,2.1029,5547,0
rep3,2.1029,5548,0
rep3,2.103,5549,0
rep3,2.103,5550,0
rep3,2.103,5551,0
rep3,2.1031,5552,0
rep3,2.1031,5553,0
rep3,2.1032,5554,0
rep3,2.1038,5555,0
rep3,2.1039,5556,0
rep3,2.1041,5557,0
rep3,2.1041,5558,0
rep3,2.1043,5559,0
rep3,2.1043,5560,0
rep3,2.1043,5561,0
rep3,2.1044,5562,0
rep3,2.1048,5563,0
rep3,2.1049,5564,0
rep3,2.1053,5565,0
rep3,2.1053,5566,0
rep3,2.1054,5567,0
rep3,2.1057,5568,0
rep3,2.1057,5569,0
rep3,2.1058,5570,0
rep3,2.1058,5571,0
rep3,2.1058,5572,0
rep3,2.1063,5573,0
rep3,2.1064,5574,0
rep3,2.1065,5575,0
rep3,2.1068,5576,0
rep3,2.107,5577,0
rep3,2.1079,5578,0
rep3,2.108,5579,0
rep3,2.108,5580,0
rep3,2.1081,5581,0
rep3,2.1084,5582,0
rep3,2.1086,5583,0
rep3,2.1087,5584,0
rep3,2.1087,5585,0
rep3,2.1087,5586,0
rep3,2.1089,5587,0
rep3,2.1091,5588,0
rep3,2.1095,5589,0
rep3,2.1097,5590,0
rep3,2.1099,5591,0
rep3,2.1103,5592,0
rep3,2.1104,5593,0
rep3,2.1104,5594,0
rep3,2.1109,5595,0
rep3,2.1109,5596,0
rep3,2.111,5597,0
rep3,2.1112,5598,0
rep3,2.1114,5599,0
rep3,2.1116,5600,0
rep3,2.1117,5601,0
rep3,2.112,5602,0
rep3,2.1121,5603,0
rep3,2.1122,5604,0
rep3,2.1124,5605,0
rep3,2.1125,5606,0
rep3,2.1129,5607,0
rep3,2.1129,5608,0
rep3,2.1133,5609,0
rep3,2.1135,5610,0
rep3,2.1136,5611,0
rep3,2.1136,5612,0
rep3,2.1138,5613,0
rep3,2.1139,5614,0
rep3,2.114,5615,0
rep3,2.1145,5616,0
rep3,2.1147,5617,0
rep3,2.1148,5618,0
rep3,2.115,5619,0
rep3,2.1152,5620,0
rep3,2.1152,5621,0
rep3,2.1153,5622,0
rep3,2.1154,5623,0
rep3,2.1162,5624,0
rep3,2.1163,5625,0
rep3,2.1164,5626,0
rep3,2.1171,5627,0
rep3,2.1175,5628,0
rep3,2.1178,5629,0
rep3,2.118,5630,0
rep3,2.118,5631,0
rep3,2.1181,5632,0
rep3,2.1183,5633,0
rep3,2.1185,5634,0
rep3,2.1189,5635,0
rep3,2.119,5636,0
rep3,2.1194,5637,0
rep3,2.1201,5638,0
rep3,2.1201,5639,0
rep3,2.1207,5640,0
rep3,2.1211,5641,0
rep3,2.1212,5642,0
rep3,2.1215,5643,0
rep3,2.1216,5644,0
rep3,2.1219,5645,0
rep3,2.1221,5646,0
rep3,2.1224,5647,0
rep3,2.1225,5648,0
rep3,2.1226,5649,0
rep3,2.1227,5650,0
rep3,2.1232,5651,0
rep3,2.1238,5652,0
rep3,2.1241,5653,0
rep3,2.1248,5654,0
rep3,2.125,5655,0
rep3,2.1261,5656,0
rep3,2.1262,5657,0
rep3,2.1265,5658,0
rep3,2.1265,5659,0
rep3,2.1272,5660,0
rep3,2.1273,5661,0
rep3,2.1276,5662,0
rep3,2.1284,5663,0
rep3,2.1284,5664,0
rep3,2.1284,5665,0
rep3,2.1285,5666,0
rep3,2.1285,5667,0
rep3,2.1286,5668,0
rep3,2.1287,5669,0
rep3,2.1288,5670,0
rep3,2.1289,5671,0
rep3,2.1291,5672,0
rep3,2.1291,5673,0
rep3,2.1292,5674,0
rep3,2.1295,5675,0
rep3,2.1298,5676,0
rep3,2.13,5677,0
rep3,2.1304,5678,0
rep3,2.1307,5679,0
rep3,2.1307,5680,0
rep3,2.131,5681,0
rep3,2.1311,5682,0
rep3,2.1316,5683,0
rep3,2.1316,5684,0
rep3,2.1316,5685,0
rep3,2.1318,5686,0
rep3,2.1318,5687,0
rep3,2.132,5688,0
rep3,2.1321,5689,0
rep3,2.1325,5690,0
rep3,2.1326,5691,0
rep3,2.1327,5692,0
rep3,2.1329,5693,0
rep3,2.133,5694,0
rep3,2.1333,5695,0
rep3,2.1337,5696,0
rep3,2.1339,5697,0
rep3,2.1341,5698,0
rep3,2.1344,5699,0
rep3,2.1345,5700,0
rep3,2.1345,5701,0
rep3,2.1346,5702,0
rep3,2.1346,5703,0
rep3,2.1346,5704,0
rep3,2.1347,5705,0
rep3,2.1349,5706,0
rep3,2.1349,5707,0
rep3,2.1349,5708,0
rep3,2.1352,5709,0
rep3,2.1353,5710,0
rep3,2.1357,5711,0
rep3,2.1359,5712,0
rep3,2.136,5713,0
rep3,2.136,5714,0
rep3,2.1362,5715,0
rep3,2.1363,5716,0
rep3,2.1363,5717,0
rep3,2.1366,5718,0
rep3,2.1367,5719,0
rep3,2.1368,5720,0
rep3,2.1369,5721,0
rep3,2.137,5722,0
rep3,2.137,5723,0
rep3,2.1371,5724,0
rep3,2.1371,5725,0
rep3,2.1374,5726,0
rep3,2.1375,5727,0
rep3,2.1375,5728,0
rep3,2.1375,5729,0
rep3,2.1376,5730,0
rep3,2.1376,5731,0
rep3,2.1377,5732,0
rep3,2.1377,5733,0
rep3,2.1378,5734,0
rep3,2.1378,5735,0
rep3,2.1379,5736,0
rep3,2.1384,5737,0
rep3,2.1386,5738,0
rep3,2.1386,5739,0
rep3,2.1387,5740,0
rep3,2.1389,5741,0
rep3,2.1389,5742,0
rep3,2.1394,5743,0
rep3,2.1397,5744,0
rep3,2.14,5745,0
rep3,2.1401,5746,0
rep3,2.1404,5747,0
rep3,2.1405,5748,0
rep3,2.1406,5749,0
rep3,2.1407,5750,0
rep3,2.1412,5751,0
rep3,2.1415,5752,0
rep3,2.1415,5753,0
rep3,2.1416,5754,0
rep3,2.1417,5755,0
rep3,2.1418,5756,0
rep3,2.1418,5757,0
rep3,2.1419,5758,0
rep3,2.142,5759,0
rep3,2.1425,5760,0
rep3,2.1431,5761,0
rep3,2.1433,5762,0
rep3,2.1436,5763,0
rep3,2.1438,5764,0
rep3,2.1438,5765,0
rep3,2.1439,5766,0
rep3,2.1444,5767,0
rep3,2.1449,5768,0
rep3,2.1455,5769,0
rep3,2.1455,5770,0
rep3,2.1457,5771,0
rep3,2.146,5772,0
rep3,2.1461,5773,0
rep3,2.1461,5774,0
rep3,2.1465,5775,0
rep3,2.147,5776,0
rep3,2.1474,5777,0
rep3,2.1476,5778,0
rep3,2.1477,5779,0
rep3,2.1477,5780,0
rep3,2.1478,5781,0
rep3,2.148,5782,0
rep3,2.1483,5783,0
rep3,2.1483,5784,0
rep3,2.1488,5785,0
rep3,2.149,5786,0
rep3,2.149,5787,0
rep3,2.1492,5788,0
rep3,2.1494,5789,0
rep3,2.1494,5790,0
rep3,2.1494,5791,0
rep3,2.1497,5792,0
rep3,2.1497,5793,0
rep3,2.1503,5794,0
rep3,2.1508,5795,0
rep3,2.1513,5796,0
rep3,2.1516,5797,0
rep3,2.1518,5798,0
rep3,2.1519,5799,0
rep3,2.152,5800,0
rep3,2.1528,5801,0
rep3,2.1541,5802,0
rep3,2.1544,5803,0
rep3,2.1547,5804,0
rep3,2.1556,5805,0
rep3,2.1557,5806,0
rep3,2.1562,5807,0
rep3,2.1562,5808,0
rep3,2.1562,5809,0
rep3,2.1565,5810,0
rep3,2.157,5811,0
rep3,2.1571,5812,0
rep3,2.1571,5813,0
rep3,2.1573,5814,0
rep3,2.1579,5815,0
rep3,2.1579,5816,0
rep3,2.158,5817,0
rep3,2.1582,5818,0
rep3,2.1584,5819,0
rep3,2.1585,5820,0
rep3,2.1587,5821,0
rep3,2.1588,5822,0
rep3,2.1589,5823,0
rep3,2.1597,5824,0
rep3,2.1597,5825,0
rep3,2.1603,5826,0
rep3,2.1605,5827,0
rep3,2.1606,5828,0
rep3,2.1611,5829,0
rep3,2.1613,5830,0
rep3,2.1614,5831,0
rep3,2.1617,5832,0
rep3,2.1618,5833,0
rep3,2.1618,5834,0
rep3,2.1618,5835,0
rep3,2.1619,5836,0
rep3,2.162,5837,0
rep3,2.162,5838,0
rep3,2.1621,5839,0
rep3,2.1622,5840,0
rep3,2.1623,5841,0
rep3,2.1627,5842,0
rep3,2.1627,5843,0
rep3,2.1628,5844,0
rep3,2.163,5845,0
rep3,2.163,5846,0
rep3,2.1631,5847,0
rep3,2.1633,5848,0
rep3,2.1633,5849,0
rep3,2.1634,5850,0
rep3,2.1635,5851,0
rep3,2.1636,5852,0
rep3,2.1637,5853,0
rep3,2.1637,5854,0
rep3,2.1638,5855,0
rep3,2.1639,5856,0
rep3,2.164,5857,0
rep3,2.1641,5858,0
rep3,2.1641,5859,0
rep3,2.1642,5860,0
rep3,2.1648,5861,0
rep3,2.165,5862,0
rep3,2.165,5863,0
rep3,2.1652,5864,0
rep3,2.1653,5865,0
rep3,2.1654,5866,0
rep3,2.1655,5867,0
rep3,2.1656,5868,0
rep3,2.1658,5869,0
rep3,2.1658,5870,0
rep3,2.1659,5871,0
rep3,2.166,5872,0
rep3,2.166,5873,0
rep3,2.1661,5874,0
rep3,2.1661,5875,0
rep3,2.1661,5876,0
rep3,2.1666,5877,0
rep3,2.1666,5878,0
rep3,2.1668,5879,0
rep3,2.1669,5880,0
rep3,2.167,5881,0
rep3,2.1671,5882,0
rep3,2.1671,5883,0
rep3,2.1671,5884,0
rep3,2.1676,5885,0
rep3,2.1679,5886,0
rep3,2.1681,5887,0
rep3,2.1683,5888,0
rep3,2.1683,5889,0
rep3,2.1684,5890,0
rep3,2.1685,5891,0
rep3,2.1685,5892,0
rep3,2.1686,5893,0
rep3,2.1686,5894,0
rep3,2.1687,5895,0
rep3,2.1688,5896,0
rep3,2.1688,5897,0
rep3,2.1689,5898,0
rep3,2.169,5899,0
rep3,2.1691,5900,0
rep3,2.1692,5901,0
rep3,2.1694,5902,0
rep3,2.1698,5903,0
rep3,2.1698,5904,0
rep3,2.1699,5905,0
rep3,2.17,5906,0
rep3,2.1702,5907,0
rep3,2.1703,5908,0
rep3,2.1705,5909,0
rep3,2.1705,5910,0
rep3,2.171,5911,0
rep3,2.171,5912,0
rep3,2.1713,5913,0
rep3,2.1717,5914,0
rep3,2.1718,5915,0
rep3,2.172,5916,0
rep3,2.172,5917,0
rep3,2.1724,5918,0
rep3,2.1727,5919,0
rep3,2.1728,5920,0
rep3,2.1731,5921,0
rep3,2.1733,5922,0
rep3,2.1734,5923,0
rep3,2.1736,5924,0
rep3,2.1738,5925,0
rep3,2.1739,5926,0
rep3,2.1739,5927,0
rep3,2.1741,5928,0
rep3,2.1741,5929,0
rep3,2.1743,5930,0
rep3,2.1746,5931,0
rep3,2.1747,5932,0
rep3,2.1748,5933,0
rep3,2.175,5934,0
rep3,2.175,5935,0
rep3,2.1752,5936,0
rep3,2.1754,5937,0
rep3,2.1754,5938,0
rep3,2.1756,5939,0
rep3,2.1757,5940,0
rep3,2.1759,5941,0
rep3,2.1759,5942,0
rep3,2.1759,5943,0
rep3,2.1762,5944,0
rep3,2.1766,5945,0
rep3,2.1767,5946,0
rep3,2.1771,5947,0
rep3,2.1774,5948,0
rep3,2.1775,5949,0
rep3,2.1776,5950,0
rep3,2.1777,5951,0
rep3,2.178,5952,0
rep3,2.1783,5953,0
rep3,2.1785,5954,0
rep3,2.1788,5955,0
rep3,2.1789,5956,0
rep3,2.1792,5957,0
rep3,2.1792,5958,0
rep3,2.1792,5959,0
rep3,2.1793,5960,0
rep3,2.1795,5961,0
rep3,2.1795,5962,0
rep3,2.1797,5963,0
rep3,2.1798,5964,0
rep3,2.18,5965,0
rep3,2.1802,5966,0
rep3,2.1802,5967,0
rep3,2.1806,5968,0
rep3,2.1809,5969,0
rep3,2.1811,5970,0
rep3,2.1812,5971,0
rep3,2.1814,5972,0
rep3,2.1815,5973,0
rep3,2.1817,5974,0
rep3,2.1819,5975,0
rep3,2.1821,5976,0
rep3,2.1822,5977,0
rep3,2.1822,5978,0
rep3,2.1823,5979,0
rep3,2.1824,5980,0
rep3,2.1825,5981,0
rep3,2.1835,5982,0
rep3,2.1836,5983,0
rep3,2.184,5984,0
rep3,2.1845,5985,0
rep3,2.1846,5986,0
rep3,2.1846,5987,0
rep3,2.1846,5988,0
rep3,2.1851,5989,0
rep3,2.1851,5990,0
rep3,2.1852,5991,0
rep3,2.1856,5992,0
rep3,2.1858,5993,0
rep3,2.1858,5994,0
rep3,2.1859,5995,0
rep3,2.186,5996,0
rep3,2.1861,5997,0
rep3,2.1866,5998,0
rep3,2.1867,5999,0
rep3,2.1868,6000,0
rep3,2.1869,6001,0
rep3,2.1876,6002,0
rep3,2.1878,6003,0
rep3,2.1878,6004,0
rep3,2.1879,6005,0
rep3,2.188,6006,0
rep3,2.1881,6007,0
rep3,2.1883,6008,0
rep3,2.1888,6009,0
rep3,2.1889,6010,0
rep3,2.1893,6011,0
rep3,2.1893,6012,0
rep3,2.1895,6013,0
rep3,2.1898,6014,0
rep3,2.1899,6015,0
rep3,2.1902,6016,0
rep3,2.1905,6017,0
rep3,2.1911,6018,0
rep3,2.1912,6019,0
rep3,2.1913,6020,0
rep3,2.1918,6021,0
rep3,2.1918,6022,0
rep3,2.1919,6023,0
rep3,2.1919,6024,0
rep3,2.192,6025,0
rep3,2.1923,6026,0
rep3,2.1929,6027,0
rep3,2.1932,6028,0
rep3,2.1938,6029,0
rep3,2.194,6030,0
rep3,2.1942,6031,0
rep3,2.1948,6032,0
rep3,2.1948,6033,0
rep3,2.195,6034,0
rep3,2.1952,6035,0
rep3,2.1956,6036,0
rep3,2.1956,6037,0
rep3,2.1956,6038,0
rep3,2.1961,6039,0
rep3,2.1963,6040,0
rep3,2.1963,6041,0
rep3,2.1965,6042,0
rep3,2.1967,6043,0
rep3,2.1969,6044,0
rep3,2.197,6045,0
rep3,2.197,6046,0
rep3,2.1971,6047,0
rep3,2.1971,6048,0
rep3,2.1972,6049,0
rep3,2.1972,6050,0
rep3,2.1974,6051,0
rep3,2.1974,6052,0
rep3,2.1976,6053,0
rep3,2.198,6054,0
rep3,2.198,6055,0
rep3,2.1982,6056,0
rep3,2.1982,6057,0
rep3,2.199,6058,0
rep3,2.1992,6059,0
rep3,2.1993,6060,0
rep3,2.1994,6061,0
rep3,2.1995,6062,0
rep3,2.1997,6063,0
rep3,2.1997,6064,0
rep3,2.2006,6065,0
rep3,2.2006,6066,0
rep3,2.2006,6067,0
rep3,2.2008,6068,0
rep3,2.2012,6069,0
rep3,2.2012,6070,0
rep3,2.2013,6071,0
rep3,2.2013,6072,0
rep3,2.2014,6073,0
rep3,2.2015,6074,0
rep3,2.2016,6075,0
rep3,2.2017,6076,0
rep3,2.2022,6077,0
rep3,2.2023,6078,0
rep3,2.2026,6079,0
rep3,2.2027,6080,0
rep3,2.2028,6081,0
rep3,2.2028,6082,0
rep3,2.2033,6083,0
rep3,2.2034,6084,0
rep3,2.2039,6085,0
rep3,2.2041,6086,0
rep3,2.2041,6087,0
rep3,2.2043,6088,0
rep3,2.2043,6089,0
rep3,2.2044,6090,0
rep3,2.2044,6091,0
rep3,2.2045,6092,0
rep3,2.2046,6093,0
rep3,2.2048,6094,0
rep3,2.2051,6095,0
rep3,2.2056,6096,0
rep3,2.2059,6097,0
rep3,2.2063,6098,0
rep3,2.2064,6099,0
rep3,2.2064,6100,0
rep3,2.2065,6101,0
rep3,2.2066,6102,0
rep3,2.207,6103,0
rep3,2.2071,6104,0
rep3,2.2074,6105,0
rep3,2.2078,6106,0
rep3,2.208,6107,0
rep3,2.2083,6108,0
rep3,2.2083,6109,0
rep3,2.2085,6110,0
rep3,2.2086,6111,0
rep3,2.2088,6112,0
rep3,2.2089,6113,0
rep3,2.2089,6114,0
rep3,2.2092,6115,0
rep3,2.2095,6116,0
rep3,2.2095,6117,0
rep3,2.2096,6118,0
rep3,2.2097,6119,0
rep3,2.2099,6120,0
rep3,2.2101,6121,0
rep3,2.2102,6122,0
rep3,2.2102,6123,0
rep3,2.2102,6124,0
rep3,2.2104,6125,0
rep3,2.2107,6126,0
rep3,2.2112,6127,0
rep3,2.2116,6128,0
rep3,2.2116,6129,0
rep3,2.2116,6130,0
rep3,2.2117,6131,0
rep3,2.2118,6132,0
rep3,2.2119,6133,0
rep3,2.212,6134,0
rep3,2.2121,6135,0
rep3,2.2121,6136,0
rep3,2.2121,6137,0
rep3,2.2124,6138,0
rep3,2.2124,6139,0
rep3,2.2124,6140,0
rep3,2.2128,6141,0
rep3,2.2129,6142,0
rep3,2.213,6143,0
rep3,2.213,6144,0
rep3,2.213,6145,0
rep3,2.2134,6146,0
rep3,2.2134,6147,0
rep3,2.2135,6148,0
rep3,2.2135,6149,0
rep3,2.2138,6150,0
rep3,2.214,6151,0
rep3,2.2141,6152,0
rep3,2.2142,6153,0
rep3,2.2142,6154,0
rep3,2.2154,6155,0
rep3,2.2155,6156,0
rep3,2.2156,6157,0
rep3,2.2156,6158,0
rep3,2.2159,6159,0
rep3,2.2159,6160,0
rep3,2.216,6161,0
rep3,2.2163,6162,0
rep3,2.2167,6163,0
rep3,2.2168,6164,0
rep3,2.217,6165,0
rep3,2.2172,6166,0
rep3,2.2175,6167,0
rep3,2.2178,6168,0
rep3,2.218,6169,0
rep3,2.2181,6170,0
rep3,2.2182,6171,0
rep3,2.2185,6172,0
rep3,2.2186,6173,0
rep3,2.2186,6174,0
rep3,2.2187,6175,0
rep3,2.2188,6176,0
rep3,2.219,6177,0
rep3,2.2195,6178,0
rep3,2.2197,6179,0
rep3,2.2205,6180,0
rep3,2.2205,6181,0
rep3,2.2207,6182,0
rep3,2.2208,6183,0
rep3,2.221,6184,0
rep3,2.2215,6185,0
rep3,2.2216,6186,0
rep3,2.2217,6187,0
rep3,2.222,6188,0
rep3,2.2221,6189,0
rep3,2.2221,6190,0
rep3,2.2226,6191,0
rep3,2.2229,6192,0
rep3,2.2233,6193,0
rep3,2.2236,6194,0
rep3,2.2236,6195,0
rep3,2.2241,6196,0
rep3,2.2242,6197,0
rep3,2.2243,6198,0
rep3,2.2245,6199,0
rep3,2.2246,6200,0
rep3,2.2247,6201,0
rep3,2.2247,6202,0
rep3,2.2248,6203,0
rep3,2.2248,6204,0
rep3,2.2253,6205,0
rep3,2.2256,6206,0
rep4,1.0229,1,0
rep4,1.0229,2,0
rep4,1.0229,3,0
rep4,1.023,4,0
rep4,1.0231,5,0
rep4,1.0231,6,0
rep4,1.0231,7,0
rep4,1.0231,8,0
rep4,1.0231,9,0
rep4,1.0231,10,0
rep4,1.0232,11,0
rep4,1.0232,12,0
rep4,1.0232,13,0
rep4,1.0233,14,0
rep4,1.0233,15,0
rep4,1.0233,16,0
rep4,1.0233,17,0
rep4,1.0234,18,0
rep4,1.0234,19,0
rep4,1.0234,20,0
rep4,1.0234,21,0
rep4,1.0234,22,0
rep4,1.0234,23,0
rep4,1.0234,24,0
rep4,1.0235,25,0
rep4,1.0235,26,0
rep4,1.0235,27,0
rep4,1.0235,28,0
rep4,1.0235,29,0
rep4,1.0235,30,0
rep4,1.0235,31,0
rep4,1.0236,32,0
rep4,1.0236,33,0
rep4,1.0236,34,0
rep4,1.0236,35,0
rep4,1.0236,36,0
rep4,1.0236,37,0
rep4,1.0237,38,0
rep4,1.0237,39,0
rep4,1.0237,40,0
rep4,1.0237,41,0
rep4,1.0237,42,0
rep4,1.0237,43,0
rep4,1.0237,44,0
rep4,1.0238,45,0
rep4,1.0238,46,0
rep4,1.0238,47,0
rep4,1.0238,48,0
rep4,1.0238,49,0
rep4,1.0238,50,0
rep4,1.0239,51,0
rep4,1.0239,52,0
rep4,1.0239,53,0
rep4,1.0239,54,0
rep4,1.024,55,0
rep4,1.024,56,0
rep4,1.024,57,0
rep4,1.024,58,0
rep4,1.024,59,0
rep4,1.024,60,0
rep4,1.024,61,0
rep4,1.0241,62,0
rep4,1.0241,63,0
rep4,1.0241,64,0
rep4,1.0241,65,0
rep4,1.0242,66,0
rep4,1.0243,67,0
rep4,1.0243,68,0
rep4,1.0243,69,0
rep4,1.0244,70,0
rep4,1.0244,71,0
rep4,1.0244,72,0
rep4,1.0244,73,0
rep4,1.0244,74,0
rep4,1.0245,75,0
rep4,1.0245,76,0
rep4,1.0245,77,0
rep4,1.0245,78,0
rep4,1.0245,79,0
rep4,1.0246,80,0
rep4,1.0246,81,0
rep4,1.0246,82,0
rep4,1.0246,83,0
rep4,1.0246,84,0
rep4,1.0246,85,0
rep4,1.0246,86,0
rep4,1.0247,87,0
rep4,1.0247,88,0
rep4,1.0247,89,0
rep4,1.0248,90,0
rep4,1.0248,91,0
rep4,1.0249,92,0
rep4,1.0249,93,0
rep4,1.0249,94,0
rep4,1.025,95,0
rep4,1.025,96,0
rep4,1.025,97,0
rep4,1.0251,98,0
rep4,1.0251,99,0
rep4,1.0251,100,0
rep4,1.0251,101,0
rep4,1.0251,102,0
rep4,1.0251,103,0
rep4,1.0252,104,0
rep4,1.0252,105,0
rep4,1.0252,106,0
rep4,1.0252,107,0
rep4,1.0252,108,0
rep4,1.0253,109,0
rep4,1.0253,110,0
rep4,1.0253,111,0
rep4,1.0253,112,0
rep4,1.0253,113,0
rep4,1.0253,114,0
rep4,1.0253,115,0
rep4,1.0254,116,0
rep4,1.0254,117,0
rep4,1.0254,118,0
rep4,1.0254,119,0
rep4,1.0254,120,0
rep4,1.0255,121,0
rep4,1.0255,122,0
rep4,1.0256,123,0
rep4,1.0256,124,0
rep4,1.0256,125,0
rep4,1.0257,126,0
rep4,1.0257,127,0
rep4,1.0257,128,0
rep4,1.0257,129,0
rep4,1.0258,130,0
rep4,1.0258,131,0
rep4,1.0258,132,0
rep4,1.0258,133,0
rep4,1.0258,134,0
rep4,1.0259,135,0
rep4,1.0259,136,0
rep4,1.0259,137,0
rep4,1.0259,138,0
rep4,1.026,139,0
rep4,1.026,140,0
rep4,1.026,141,0
rep4,1.026,142,0
rep4,1.0261,143,0
rep4,1.0261,144,0
rep4,1.0261,145,0
rep4,1.0261,146,0
rep4,1.0261,147,0
rep4,1.0261,148,0
rep4,1.0262,149,0
rep4,1.0262,150,0
rep4,1.0262,151,0
rep4,1.0263,152,0
rep4,1.0263,153,0
rep4,1.0263,154,0
rep4,1.0263,155,0
rep4,1.0264,156,0
rep4,1.0264,157,0
rep4,1.0264,158,0
rep4,1.0265,159,0
rep4,1.0265,160,0
rep4,1.0265,161,0
rep4,1.0265,162,0
rep4,1.0265,163,0
rep4,1.0266,164,0
rep4,1.0266,165,0
rep4,1.0266,166,0
rep4,1.0266,167,0
rep4,1.0267,168,0
rep4,1.0267,169,0
rep4,1.0267,170,0
rep4,1.0267,171,0
rep4,1.0268,172,0
rep4,1.0268,173,0
rep4,1.0268,174,0
rep4,1.0268,175,0
rep4,1.0268,176,0
rep4,1.0269,177,0
rep4,1.0269,178,0
rep4,1.0269,179,0
rep4,1.0269,180,0
rep4,1.0269,181,0
rep4,1.027,182,0
rep4,1.027,183,0
rep4,1.027,184,0
rep4,1.0271,185,0
rep4,1.0271,186,0
rep4,1.0271,187,0
rep4,1.0271,188,0
rep4,1.0271,189,0
rep4,1.0271,190,0
rep4,1.0272,191,0
rep4,1.0272,192,0
rep4,1.0272,193,0
rep4,1.0272,194,0
rep4,1.0272,195,0
rep4,1.0273,196,0
rep4,1.0273,197,0
rep4,1.0273,198,0
rep4,1.0273,199,0
rep4,1.0273,200,0
rep4,1.0273,201,0
rep4,1.0273,202,0
rep4,1.0273,203,0
rep4,1.0274,204,0
rep4,1.0274,205,0
rep4,1.0274,206,0
rep4,1.0274,207,0
rep4,1.0275,208,0
rep4,1.0276,209,0
rep4,1.0276,210,0
rep4,1.0276,211,0
rep4,1.0276,212,0
rep4,1.0276,213,0
rep4,1.0276,214,0
rep4,1.0276,215,0
rep4,1.0277,216,0
rep4,1.0277,217,0
rep4,1.0278,218,0
rep4,1.0278,219,0
rep4,1.0278,220,0
rep4,1.0279,221,0
rep4,1.0279,222,0
rep4,1.0279,223,0
rep4,1.0279,224,0
rep4,1.0279,225,0
rep4,1.028,226,0
rep4,1.028,227,0
rep4,1.0281,228,0
rep4,1.0281,229,0
rep4,1.0282,230,0
rep4,1.0282,231,0
rep4,1.0282,232,0
rep4,1.0282,233,0
rep4,1.0282,234,0
rep4,1.0283,235,0
rep4,1.0283,236,0
rep4,1.0283,237,0
rep4,1.0284,238,0
rep4,1.0284,239,0
rep4,1.0284,240,0
rep4,1.0285,241,0
rep4,1.0285,242,0
rep4,1.0285,243,0
rep4,1.0285,244,0
rep4,1.0286,245,0
rep4,1.0286,246,0
rep4,1.0286,247,0
rep4,1.0286,248,0
rep4,1.0287,249,0
rep4,1.0287,250,0
rep4,1.0287,251,0
rep4,1.0287,252,0
rep4,1.0287,253,0
rep4,1.0288,254,0
rep4,1.0288,255,0
rep4,1.0288,256,0
rep4,1.0288,257,0
rep4,1.0288,258,0
rep4,1.0289,259,0
rep4,1.0289,260,0
rep4,1.0289,261,0
rep4,1.029,262,0
rep4,1.0291,263,0
rep4,1.0291,264,0
rep4,1.0291,265,0
rep4,1.0291,266,0
rep4,1.0291,267,0
rep4,1.0292,268,0
rep4,1.0292,269,0
rep4,1.0292,270,0
rep4,1.0292,271,0
rep4,1.0293,272,0
rep4,1.0293,273,0
rep4,1.0293,274,0
rep4,1.0294,275,0
rep4,1.0294,276,0
rep4,1.0294,277,0
rep4,1.0295,278,0
rep4,1.0295,279,0
rep4,1.0295,280,0
rep4,1.0295,281,0
rep4,1.0295,282,0
rep4,1.0296,283,0
rep4,1.0296,284,0
rep4,1.0296,285,0
rep4,1.0296,286,0
rep4,1.0297,287,0
rep4,1.0297,288,0
rep4,1.0298,289,0
rep4,1.0299,290,0
rep4,1.0299,291,0
rep4,1.0299,292,0
rep4,1.03,293,0
rep4,1.03,294,0
rep4,1.0301,295,0
rep4,1.0301,296,0
rep4,1.0301,297,0
rep4,1.0302,298,0
rep4,1.0303,299,0
rep4,1.0303,300,0
rep4,1.0304,301,0
rep4,1.0304,302,0
rep4,1.0304,303,0
rep4,1.0306,304,0
rep4,1.0306,305,0
rep4,1.0306,306,0
rep4,1.0306,307,0
rep4,1.0306,308,0
rep4,1.0307,309,0
rep4,1.0307,310,0
rep4,1.0307,311,0
rep4,1.0307,312,0
rep4,1.0308,313,0
rep4,1.0309,314,0
rep4,1.0309,315,0
rep4,1.0309,316,0
rep4,1.0309,317,0
rep4,1.0309,318,0
rep4,1.031,319,0
rep4,1.031,320,0
rep4,1.0311,321,0
rep4,1.0311,322,0
rep4,1.0312,323,0
rep4,1.0312,324,0
rep4,1.0313,325,0
rep4,1.0313,326,0
rep4,1.0314,327,0
rep4,1.0314,328,0
rep4,1.0314,329,0
rep4,1.0315,330,0
rep4,1.0315,331,0
rep4,1.0315,332,0
rep4,1.0315,333,0
rep4,1.0315,334,0
rep4,1.0316,335,0
rep4,1.0316,336,0
rep4,1.0317,337,0
rep4,1.0317,338,0
rep4,1.0318,339,0
rep4,1.0318,340,0
rep4,1.0318,341,0
rep4,1.0318,342,0
rep4,1.0318,343,0
rep4,1.0319,344,0
rep4,1.0319,345,0
rep4,1.032,346,0
rep4,1.0321,347,0
rep4,1.0321,348,0
rep4,1.0321,349,0
rep4,1.0322,350,0
rep4,1.0322,350,1
rep4,1.0322,351,1
rep4,1.0323,352,1
rep4,1.0323,353,1
rep4,1.0323,354,1
rep4,1.0324,355,1
rep4,1.0325,356,1
rep4,1.0325,357,1
rep4,1.0325,358,1
rep4,1.0325,359,1
rep4,1.0325,360,1
rep4,1.0325,361,1
rep4,1.0326,362,1
rep4,1.0326,363,1
rep4,1.0326,364,1
rep4,1.0327,365,1
rep4,1.0327,366,1
rep4,1.0328,367,1
rep4,1.0328,368,1
rep4,1.0328,369,1
rep4,1.0329,370,1
rep4,1.033,371,1
rep4,1.033,372,1
rep4,1.033,373,1
rep4,1.0331,374,1
rep4,1.0332,375,1
rep4,1.0332,376,1
rep4,1.0334,377,1
rep4,1.0334,378,1
rep4,1.0334,379,1
rep4,1.0335,380,1
rep4,1.0335,381,1
rep4,1.0336,382,1
rep4,1.0336,383,1
rep4,1.0336,384,1
rep4,1.0337,385,1
rep4,1.0337,386,1
rep4,1.0337,387,1
rep4,1.0338,388,1
rep4,1.0338,389,1
rep4,1.0338,390,1
rep4,1.0339,391,1
rep4,1.0339,392,1
rep4,1.034,393,1
rep4,1.034,394,1
rep4,1.034,395,1
rep4,1.034,396,1
rep4,1.0341,397,1
rep4,1.0341,398,1
rep4,1.0341,399,1
rep4,1.0341,400,1
rep4,1.0342,401,1
rep4,1.0342,402,1
rep4,1.0342,403,1
rep4,1.0342,404,1
rep4,1.0343,405,1
rep4,1.0343,406,1
rep4,1.0343,407,1
rep4,1.0344,408,1
rep4,1.0344,409,1
rep4,1.0345,410,1
rep4,1.0346,411,1
rep4,1.0346,412,1
rep4,1.0346,413,1
rep4,1.0346,414,1
rep4,1.0347,415,1
rep4,1.0347,416,1
rep4,1.0347,417,1
rep4,1.0348,418,1
rep4,1.0348,419,1
rep4,1.0349,420,1
rep4,1.0349,421,1
rep4,1.035,422,1
rep4,1.0351,423,1
rep4,1.0351,424,1
rep4,1.0351,425,1
rep4,1.0352,426,1
rep4,1.0354,427,1
rep4,1.0354,428,1
rep4,1.0354,429,1
rep4,1.0354,430,1
rep4,1.0355,431,1
rep4,1.0355,432,1
rep4,1.0356,433,1
rep4,1.0358,434,1
rep4,1.0358,435,1
rep4,1.0358,436,1
rep4,1.0358,437,1
rep4,1.0359,438,1
rep4,1.0359,439,1
rep4,1.036,440,1
rep4,1.0361,441,1
rep4,1.0361,442,1
rep4,1.0361,443,1
rep4,1.0361,444,1
rep4,1.0362,445,1
rep4,1.0364,446,1
rep4,1.0364,447,1
rep4,1.0365,448,1
rep4,1.0365,449,1
rep4,1.0366,450,1
rep4,1.0366,451,1
rep4,1.0366,452,1
rep4,1.0367,453,1
rep4,1.0368,454,1
rep4,1.0369,455,1
rep4,1.0371,456,1
rep4,1.0374,457,1
rep4,1.0375,458,1
rep4,1.0376,459,1
rep4,1.0376,460,1
rep4,1.0377,461,1
rep4,1.0377,462,1
rep4,1.0378,463,1
rep4,1.0378,464,1
rep4,1.0379,465,1
rep4,1.0379,466,1
rep4,1.0379,467,1
rep4,1.0381,468,1
rep4,1.0381,469,1
rep4,1.0382,470,1
rep4,1.0382,471,1
rep4,1.0382,472,1
rep4,1.0383,473,1
rep4,1.0383,474,1
rep4,1.0383,475,1
rep4,1.0384,476,1
rep4,1.0385,477,1
rep4,1.0385,478,1
rep4,1.0386,479,1
rep4,1.0386,480,1
rep4,1.0388,481,1
rep4,1.039,482,1
rep4,1.039,483,1
rep4,1.039,484,1
rep4,1.0392,485,1
rep4,1.0393,486,1
rep4,1.0393,487,1
rep4,1.0393,488,1
rep4,1.0394,489,1
rep4,1.0395,490,1
rep4,1.0398,491,1
rep4,1.0398,492,1
rep4,1.0399,493,1
rep4,1.04,494,1
rep4,1.04,495,1
rep4,1.0402,496,1
rep4,1.0403,497,1
rep4,1.0404,498,1
rep4,1.0404,499,1
rep4,1.0405,500,1
rep4,1.0405,501,1
rep4,1.0405,502,1
rep4,1.0406,503,1
rep4,1.0407,504,1
rep4,1.0407,505,1
rep4,1.0408,506,1
rep4,1.0408,507,1
rep4,1.0409,508,1
rep4,1.041,509,1
rep4,1.0411,510,1
rep4,1.0412,511,1
rep4,1.0412,512,1
rep4,1.0412,513,1
rep4,1.0412,514,1
rep4,1.0413,515,1
rep4,1.0414,516,1
rep4,1.0414,517,1
rep4,1.0415,518,1
rep4,1.0416,519,1
rep4,1.0418,520,1
rep4,1.0419,521,1
rep4,1.0421,522,1
rep4,1.0421,523,1
rep4,1.0422,524,1
rep4,1.0423,525,1
rep4,1.0424,526,1
rep4,1.0424,527,1
rep4,1.0425,528,1
rep4,1.0427,529,1
rep4,1.0429,530,1
rep4,1.043,531,1
rep4,1.0431,532,1
rep4,1.0433,533,1
rep4,1.0433,534,1
rep4,1.0433,535,1
rep4,1.0433,536,1
rep4,1.0433,537,1
rep4,1.0438,538,1
rep4,1.0438,539,1
rep4,1.0438,540,1
rep4,1.044,541,1
rep4,1.0441,542,1
rep4,1.0441,543,1
rep4,1.0442,544,1
rep4,1.0442,545,1
rep4,1.0443,546,1
rep4,1.0444,547,1
rep4,1.0448,548,1
rep4,1.0448,549,1
rep4,1.045,550,1
rep4,1.0452,551,1
rep4,1.0453,552,1
rep4,1.0455,553,1
rep4,1.0458,554,1
rep4,1.0462,555,1
rep4,1.0466,556,1
rep4,1.0469,557,1
rep4,1.047,558,1
rep4,1.0474,559,1
rep4,1.0474,560,1
rep4,1.0474,561,1
rep4,1.0476,562,1
rep4,1.0476,563,1
rep4,1.0477,564,1
rep4,1.0479,565,1
rep4,1.048,566,1
rep4,1.048,567,1
rep4,1.0484,568,1
rep4,1.0488,569,1
rep4,1.0489,570,1
rep4,1.0489,571,1
rep4,1.0489,572,1
rep4,1.0493,573,1
rep4,1.0495,574,1
rep4,1.0495,575,1
rep4,1.0495,576,1
rep4,1.0498,577,1
rep4,1.05,578,1
rep4,1.0504,579,1
rep4,1.0518,580,1
rep4,1.0519,581,1
rep4,1.0525,582,1
rep4,1.053,583,1
rep4,1.0532,584,1
rep4,1.0534,585,1
rep4,1.0536,586,1
rep4,1.0539,587,1
rep4,1.0541,588,1
rep4,1.0544,589,1
rep4,1.0546,590,1
rep4,1.0548,591,1
rep4,1.0563,592,1
rep4,1.0564,593,1
rep4,1.0566,594,1
rep4,1.0569,595,1
rep4,1.057,596,1
rep4,1.0572,597,1
rep4,1.0574,598,1
rep4,1.0575,599,1
rep4,1.0575,600,1
rep4,1.0575,601,1
rep4,1.0576,602,1
rep4,1.0576,603,1
rep4,1.0576,604,1
rep4,1.0576,605,1
rep4,1.0576,606,1
rep4,1.0577,607,1
rep4,1.0577,608,1
rep4,1.0577,609,1
rep4,1.0577,610,1
rep4,1.0577,611,1
rep4,1.0578,612,1
rep4,1.0578,613,1
rep4,1.0578,614,1
rep4,1.0578,615,1
rep4,1.0578,616,1
rep4,1.0579,617,1
rep4,1.0579,618,1
rep4,1.0579,619,1
rep4,1.0579,620,1
rep4,1.0579,621,1
rep4,1.0579,622,1
rep4,1.058,623,1
rep4,1.058,624,1
rep4,1.058,625,1
rep4,1.058,626,1
rep4,1.058,627,1
rep4,1.058,628,1
rep4,1.0581,629,1
rep4,1.0581,630,1
rep4,1.0581,631,1
rep4,1.0581,632,1
rep4,1.0581,633,1
rep4,1.0581,634,1
rep4,1.0581,635,1
rep4,1.0582,636,1
rep4,1.0582,637,1
rep4,1.0582,638,1
rep4,1.0582,639,1
rep4,1.0582,640,1
rep4,1.0583,641,1
rep4,1.0583,642,1
rep4,1.0583,643,1
rep4,1.0584,644,1
rep4,1.0584,645,1
rep4,1.0584,646,1
rep4,1.0584,647,1
rep4,1.0584,648,1
rep4,1.0584,649,1
rep4,1.0585,649,2
rep4,1.0585,650,2
rep4,1.0585,651,2
rep4,1.0585,652,2
rep4,1.0585,653,2
rep4,1.0585,654,2
rep4,1.0586,655,2
rep4,1.0586,656,2
rep4,1.0586,657,2
rep4,1.0586,658,2
rep4,1.0586,659,2
rep4,1.0587,660,2
rep4,1.0587,661,2
rep4,1.0587,662,2
rep4,1.0587,663,2
rep4,1.0587,664,2
rep4,1.0588,665,2
rep4,1.0588,666,2
rep4,1.0588,667,2
rep4,1.0588,668,2
rep4,1.0589,669,2
rep4,1.0589,670,2
rep4,1.0589,671,2
rep4,1.0589,672,2
rep4,1.059,673,2
rep4,1.059,674,2
rep4,1.059,675,2
rep4,1.059,676,2
rep4,1.059,677,2
rep4,1.059,678,2
rep4,1.0591,679,2
rep4,1.0591,680,2
rep4,1.0591,681,2
rep4,1.0591,682,2
rep4,1.0592,683,2
rep4,1.0592,684,2
rep4,1.0592,685,2
rep4,1.0592,686,2
rep4,1.0592,687,2
rep4,1.0593,688,2
rep4,1.0593,689,2
rep4,1.0593,690,2
rep4,1.0593,691,2
rep4,1.0593,692,2
rep4,1.0593,693,2
rep4,1.0594,694,2
rep4,1.0594,695,2
rep4,1.0594,696,2
rep4,1.0594,697,2
rep4,1.0594,698,2
rep4,1.0594,699,2
rep4,1.0595,700,2
rep4,1.0595,701,2
rep4,1.0595,702,2
rep4,1.0595,703,2
rep4,1.0595,704,2
rep4,1.0596,705,2
rep4,1.0596,706,2
rep4,1.0596,707,2
rep4,1.0596,708,2
rep4,1.0597,709,2
rep4,1.0597,710,2
rep4,1.0597,711,2
rep4,1.0597,712,2
rep4,1.0598,713,2
rep4,1.0598,714,2
rep4,1.0598,715,2
rep4,1.0598,716,2
rep4,1.0598,717,2
rep4,1.0598,718,2
rep4,1.0598,719,2
rep4,1.0598,720,2
rep4,1.0599,721,2
rep4,1.0599,722,2
rep4,1.06,723,2
rep4,1.06,724,2
rep4,1.06,725,2
rep4,1.0601,726,2
rep4,1.0601,727,2
rep4,1.0601,728,2
rep4,1.0601,729,2
rep4,1.0602,730,2
rep4,1.0602,731,2
rep4,1.0602,732,2
rep4,1.0602,733,2
rep4,1.0602,734,2
rep4,1.0602,735,2
rep4,1.0603,736,2
rep4,1.0603,737,2
rep4,1.0603,738,2
rep4,1.0603,739,2
rep4,1.0604,740,2
rep4,1.0604,741,2
rep4,1.0604,742,2
rep4,1.0604,743,2
rep4,1.0604,744,2
rep4,1.0605,745,2
rep4,1.0605,746,2
rep4,1.0605,747,2
rep4,1.0605,748,2
rep4,1.0606,749,2
rep4,1.0606,750,2
rep4,1.0606,751,2
rep4,1.0606,752,2
rep4,1.0606,753,2
rep4,1.0606,754,2
rep4,1.0607,755,2
rep4,1.0607,756,2
rep4,1.0608,757,2
rep4,1.0608,758,2
rep4,1.0608,759,2
rep4,1.0608,760,2
rep4,1.0609,761,2
rep4,1.0609,762,2
rep4,1.0609,763,2
rep4,1.0609,764,2
rep4,1.061,765,2
rep4,1.061,766,2
rep4,1.061,767,2
rep4,1.061,768,2
rep4,1.0611,769,2
rep4,1.0611,770,2
rep4,1.0611,771,2
rep4,1.0611,772,2
rep4,1.0612,773,2
rep4,1.0612,774,2
rep4,1.0612,775,2
rep4,1.0613,776,2
rep4,1.0613,777,2
rep4,1.0613,778,2
rep4,1.0613,779,2
rep4,1.0614,780,2
rep4,1.0614,781,2
rep4,1.0615,782,2
rep4,1.0615,783,2
rep4,1.0615,784,2
rep4,1.0615,785,2
rep4,1.0615,786,2
rep4,1.0616,787,2
rep4,1.0616,788,2
rep4,1.0616,789,2
rep4,1.0616,790,2
rep4,1.0616,791,2
rep4,1.0616,792,2
rep4,1.0616,793,2
rep4,1.0617,794,2
rep4,1.0617,795,2
rep4,1.0618,796,2
rep4,1.0618,797,2
rep4,1.0618,798,2
rep4,1.0618,799,2
rep4,1.0618,800,2
rep4,1.0619,801,2
rep4,1.0619,802,2
rep4,1.0619,803,2
rep4,1.0619,804,2
rep4,1.0619,805,2
rep4,1.0619,806,2
rep4,1.0619,807,2
rep4,1.062,808,2
rep4,1.062,809,2
rep4,1.062,810,2
rep4,1.0622,811,2
rep4,1.0622,812,2
rep4,1.0623,813,2
rep4,1.0623,814,2
rep4,1.0623,815,2
rep4,1.0623,816,2
rep4,1.0623,817,2
rep4,1.0623,818,2
rep4,1.0624,819,2
rep4,1.0625,820,2
rep4,1.0625,821,2
rep4,1.0625,822,2
rep4,1.0625,823,2
rep4,1.0625,824,2
rep4,1.0626,825,2
rep4,1.0626,826,2
rep4,1.0626,827,2
rep4,1.0626,828,2
rep4,1.0627,829,2
rep4,1.0627,830,2
rep4,1.0627,831,2
rep4,1.0627,832,2
rep4,1.0627,833,2
rep4,1.0627,834,2
rep4,1.0627,835,2
rep4,1.0627,836,2
rep4,1.0627,837,2
rep4,1.0628,838,2
rep4,1.0628,839,2
rep4,1.0629,840,2
rep4,1.0629,841,2
rep4,1.0629,842,2
rep4,1.0629,843,2
rep4,1.063,844,2
rep4,1.063,845,2
rep4,1.063,846,2
rep4,1.063,847,2
rep4,1.0631,848,2
rep4,1.0631,849,2
rep4,1.0631,850,2
rep4,1.0632,851,2
rep4,1.0632,852,2
rep4,1.0632,853,2
rep4,1.0633,854,2
rep4,1.0633,855,2
rep4,1.0634,856,2
rep4,1.0634,857,2
rep4,1.0634,858,2
rep4,1.0634,859,2
rep4,1.0634,860,2
rep4,1.0635,861,2
rep4,1.0635,862,2
rep4,1.0635,863,2
rep4,1.0636,864,2
rep4,1.0636,865,2
rep4,1.0636,866,2
rep4,1.0636,867,2
rep4,1.0636,868,2
rep4,1.0636,869,2
rep4,1.0637,870,2
rep4,1.0637,871,2
rep4,1.0638,872,2
rep4,1.0638,873,2
rep4,1.0638,874,2
rep4,1.0638,875,2
rep4,1.0639,876,2
rep4,1.0639,877,2
rep4,1.0639,878,2
rep4,1.064,879,2
rep4,1.064,880,2
rep4,1.064,881,2
rep4,1.064,882,2
rep4,1.064,883,2
rep4,1.064,884,2
rep4,1.064,885,2
rep4,1.064,886,2
rep4,1.0641,887,2
rep4,1.0641,888,2
rep4,1.0641,889,2
rep4,1.0641,890,2
rep4,1.0641,891,2
rep4,1.0642,892,2
rep4,1.0642,893,2
rep4,1.0642,894,2
rep4,1.0643,895,2
rep4,1.0643,896,2
rep4,1.0643,897,2
rep4,1.0643,898,2
rep4,1.0644,899,2
rep4,1.0644,900,2
rep4,1.0644,901,2
rep4,1.0644,902,2
rep4,1.0645,903,2
rep4,1.0645,904,2
rep4,1.0645,905,2
rep4,1.0645,906,2
rep4,1.0645,907,2
rep4,1.0646,908,2
rep4,1.0646,909,2
rep4,1.0646,910,2
rep4,1.0647,911,2
rep4,1.0647,912,2
rep4,1.0647,913,2
rep4,1.0647,914,2
rep4,1.0648,915,2
rep4,1.0648,916,2
rep4,1.0648,917,2
rep4,1.0648,918,2
rep4,1.0649,919,2
rep4,1.0649,920,2
rep4,1.0649,921,2
rep4,1.0649,922,2
rep4,1.0651,923,2
rep4,1.0651,924,2
rep4,1.0651,925,2
rep4,1.0651,926,2
rep4,1.0652,927,2
rep4,1.0652,928,2
rep4,1.0653,929,2
rep4,1.0653,930,2
rep4,1.0654,931,2
rep4,1.0654,932,2
rep4,1.0654,933,2
rep4,1.0655,934,2
rep4,1.0655,935,2
rep4,1.0655,936,2
rep4,1.0655,937,2
rep4,1.0655,938,2
rep4,1.0656,939,2
rep4,1.0656,940,2
rep4,1.0657,941,2
rep4,1.0657,942,2
rep4,1.0657,943,2
rep4,1.0658,944,2
rep4,1.0658,945,2
rep4,1.0659,946,2
rep4,1.0659,947,2
rep4,1.066,948,2
rep4,1.066,949,2
rep4,1.066,950,2
rep4,1.066,951,2
rep4,1.0661,952,2
rep4,1.0661,953,2
rep4,1.0661,954,2
rep4,1.0662,955,2
rep4,1.0662,956,2
rep4,1.0662,957,2
rep4,1.0662,958,2
rep4,1.0663,959,2
rep4,1.0663,960,2
rep4,1.0663,961,2
rep4,1.0664,962,2
rep4,1.0664,963,2
rep4,1.0664,964,2
rep4,1.0664,965,2
rep4,1.0665,966,2
rep4,1.0665,967,2
rep4,1.0666,968,2
rep4,1.0666,969,2
rep4,1.0666,970,2
rep4,1.0666,971,2
rep4,1.0666,972,2
rep4,1.0668,973,2
rep4,1.0668,974,2
rep4,1.0668,975,2
rep4,1.0668,976,2
rep4,1.0669,977,2
rep4,1.0669,978,2
rep4,1.0669,979,2
rep4,1.0669,980,2
rep4,1.0671,981,2
rep4,1.0671,982,2
rep4,1.0671,983,2
rep4,1.0671,984,2
rep4,1.0671,985,2
rep4,1.0672,986,2
rep4,1.0672,987,2
rep4,1.0673,988,2
rep4,1.0673,989,2
rep4,1.0673,990,2
rep4,1.0675,991,2
rep4,1.0675,992,2
rep4,1.0675,993,2
rep4,1.0676,994,2
rep4,1.0677,995,2
rep4,1.0677,996,2
rep4,1.0677,997,2
rep4,1.0677,998,2
rep4,1.0678,999,2
rep4,1.0679,1000,2
rep4,1.0679,1001,2
rep4,1.0679,1002,2
rep4,1.0679,1003,2
rep4,1.068,1004,2
rep4,1.068,1005,2
rep4,1.0681,1006,2
rep4,1.0681,1007,2
rep4,1.0682,1008,2
rep4,1.0682,1009,2
rep4,1.0682,1010,2
rep4,1.0683,1011,2
rep4,1.0683,1012,2
rep4,1.0684,1013,2
rep4,1.0684,1014,2
rep4,1.0684,1015,2
rep4,1.0684,1016,2
rep4,1.0684,1017,2
rep4,1.0684,1018,2
rep4,1.0685,1019,2
rep4,1.0686,1020,2
rep4,1.0686,1021,2
rep4,1.0687,1022,2
rep4,1.0687,1023,2
rep4,1.0689,1024,2
rep4,1.0689,1025,2
rep4,1.0689,1026,2
rep4,1.0689,1027,2
rep4,1.069,1028,2
rep4,1.0691,1029,2
rep4,1.0691,1030,2
rep4,1.0691,1031,2
rep4,1.0691,1032,2
rep4,1.0692,1033,2
rep4,1.0692,1034,2
rep4,1.0693,1035,2
rep4,1.0693,1036,2
rep4,1.0694,1037,2
rep4,1.0695,1038,2
rep4,1.0695,1039,2
rep4,1.0696,1040,2
rep4,1.0696,1041,2
rep4,1.0696,1042,2
rep4,1.0697,1043,2
rep4,1.0697,1044,2
rep4,1.0698,1045,2
rep4,1.0698,1046,2
rep4,1.0698,1047,2
rep4,1.0699,1048,2
rep4,1.0699,1049,2
rep4,1.0699,1050,2
rep4,1.0699,1051,2
rep4,1.07,1052,2
rep4,1.07,1053,2
rep4,1.0701,1054,2
rep4,1.0701,1055,2
rep4,1.0701,1056,2
rep4,1.0701,1057,2
rep4,1.0701,1058,2
rep4,1.0701,1059,2
rep4,1.0701,1060,2
rep4,1.0702,1061,2
rep4,1.0702,1062,2
rep4,1.0702,1063,2
rep4,1.0702,1064,2
rep4,1.0702,1065,2
rep4,1.0702,1066,2
rep4,1.0703,1067,2
rep4,1.0703,1068,2
rep4,1.0704,1069,2
rep4,1.0704,1070,2
rep4,1.0704,1071,2
rep4,1.0705,1072,2
rep4,1.0705,1073,2
rep4,1.0705,1074,2
rep4,1.0705,1075,2
rep4,1.0706,1076,2
rep4,1.0706,1077,2
rep4,1.0706,1078,2
rep4,1.0707,1079,2
rep4,1.0707,1080,2
rep4,1.0707,1081,2
rep4,1.0707,1082,2
rep4,1.0708,1083,2
rep4,1.0709,1084,2
rep4,1.0709,1085,2
rep4,1.071,1086,2
rep4,1.071,1087,2
rep4,1.071,1088,2
rep4,1.0711,1089,2
rep4,1.0711,1090,2
rep4,1.0711,1091,2
rep4,1.0711,1092,2
rep4,1.0712,1093,2
rep4,1.0712,1094,2
rep4,1.0713,1095,2
rep4,1.0713,1096,2
rep4,1.0713,1097,2
rep4,1.0713,1098,2
rep4,1.0713,1099,2
rep4,1.0714,1100,2
rep4,1.0714,1101,2
rep4,1.0715,1102,2
rep4,1.0715,1103,2
rep4,1.0715,1104,2
rep4,1.0715,1105,2
rep4,1.0715,1106,2
rep4,1.0716,1107,2
rep4,1.0716,1108,2
rep4,1.0717,1109,2
rep4,1.0718,1110,2
rep4,1.0718,1111,2
rep4,1.0719,1112,2
rep4,1.072,1113,2
rep4,1.072,1114,2
rep4,1.072,1115,2
rep4,1.0721,1116,2
rep4,1.0721,1117,2
rep4,1.0722,1118,2
rep4,1.0722,1119,2
rep4,1.0723,1120,2
rep4,1.0723,1121,2
rep4,1.0723,1122,2
rep4,1.0723,1123,2
rep4,1.0725,1124,2
rep4,1.0725,1125,2
rep4,1.0727,1126,2
rep4,1.0727,1127,2
rep4,1.0727,1128,2
rep4,1.0728,1129,2
rep4,1.0728,1130,2
rep4,1.0729,1131,2
rep4,1.073,1132,2
rep4,1.073,1133,2
rep4,1.0732,1134,2
rep4,1.0732,1135,2
rep4,1.0733,1136,2
rep4,1.0734,1137,2
rep4,1.0734,1138,2
rep4,1.0734,1139,2
rep4,1.0736,1140,2
rep4,1.0736,1141,2
rep4,1.0737,1142,2
rep4,1.0738,1143,2
rep4,1.0738,1144,2
rep4,1.0739,1145,2
rep4,1.0739,1146,2
rep4,1.074,1147,2
rep4,1.0742,1148,2
rep4,1.0743,1149,2
rep4,1.0743,1150,2
rep4,1.0743,1151,2
rep4,1.0746,1152,2
rep4,1.0746,1153,2
rep4,1.0747,1154,2
rep4,1.0748,1155,2
rep4,1.0748,1156,2
rep4,1.0748,1157,2
rep4,1.0749,1158,2
rep4,1.0749,1159,2
rep4,1.075,1160,2
rep4,1.075,1161,2
rep4,1.0751,1162,2
rep4,1.0751,1163,2
rep4,1.0752,1164,2
rep4,1.0752,1165,2
rep4,1.0752,1166,2
rep4,1.0752,1167,2
rep4,1.0753,1168,2
rep4,1.0753,1169,2
rep4,1.0754,1170,2
rep4,1.0755,1171,2
rep4,1.0756,1172,2
rep4,1.0756,1173,2
rep4,1.0757,1174,2
rep4,1.0757,1175,2
rep4,1.0757,1176,2
rep4,1.0758,1177,2
rep4,1.0759,1178,2
rep4,1.0761,1179,2
rep4,1.0761,1180,2
rep4,1.0761,1181,2
rep4,1.0761,1182,2
rep4,1.0762,1183,2
rep4,1.0764,1184,2
rep4,1.0765,1185,2
rep4,1.0765,1186,2
rep4,1.0765,1187,2
rep4,1.0766,1188,2
rep4,1.0767,1189,2
rep4,1.0767,1190,2
rep4,1.0769,1191,2
rep4,1.077,1192,2
rep4,1.077,1193,2
rep4,1.0771,1194,2
rep4,1.0771,1195,2
rep4,1.0773,1196,2
rep4,1.0774,1197,2
rep4,1.0776,1198,2
rep4,1.0777,1199,2
rep4,1.0778,1200,2
rep4,1.0778,1201,2
rep4,1.0778,1202,2
rep4,1.0779,1203,2
rep4,1.0779,1204,2
rep4,1.0781,1205,2
rep4,1.0781,1206,2
rep4,1.0782,1207,2
rep4,1.0783,1208,2
rep4,1.0785,1209,2
rep4,1.0785,1210,2
rep4,1.0786,1211,2
rep4,1.0787,1212,2
rep4,1.0787,1213,2
rep4,1.0788,1214,2
rep4,1.0789,1215,2
rep4,1.0789,1216,2
rep4,1.0789,1217,2
rep4,1.0791,1218,2
rep4,1.0792,1219,2
rep4,1.0792,1220,2
rep4,1.0793,1221,2
rep4,1.0795,1222,2
rep4,1.0795,1223,2
rep4,1.0796,1224,2
rep4,1.0796,1225,2
rep4,1.0797,1226,2
rep4,1.08,1227,2
rep4,1.08,1228,2
rep4,1.08,1229,2
rep4,1.0801,1230,2
rep4,1.0802,1231,2
rep4,1.0802,1232,2
rep4,1.0802,1233,2
rep4,1.0802,1234,2
rep4,1.0804,1235,2
rep4,1.0805,1236,2
rep4,1.0805,1237,2
rep4,1.0806,1238,2
rep4,1.0806,1239,2
rep4,1.0807,1240,2
rep4,1.0808,1241,2
rep4,1.0809,1242,2
rep4,1.0809,1243,2
rep4,1.081,1244,2
rep4,1.081,1245,2
rep4,1.081,1246,2
rep4,1.081,1247,2
rep4,1.0811,1248,2
rep4,1.0812,1249,2
rep4,1.0813,1250,2
rep4,1.0813,1251,2
rep4,1.0813,1252,2
rep4,1.0814,1253,2
rep4,1.0816,1254,2
rep4,1.0816,1255,2
rep4,1.0816,1256,2
rep4,1.0816,1257,2
rep4,1.0817,1258,2
rep4,1.0818,1259,2
rep4,1.0819,1260,2
rep4,1.082,1261,2
rep4,1.0821,1262,2
rep4,1.0822,1263,2
rep4,1.0823,1264,2
rep4,1.0824,1265,2
rep4,1.0825,1266,2
rep4,1.0825,1267,2
rep4,1.0826,1268,2
rep4,1.0826,1269,2
rep4,1.0826,1270,2
rep4,1.0827,1271,2
rep4,1.0827,1272,2
rep4,1.0828,1273,2
rep4,1.0829,1274,2
rep4,1.0829,1275,2
rep4,1.0829,1276,2
rep4,1.083,1277,2
rep4,1.083,1278,2
rep4,1.0831,1279,2
rep4,1.0831,1280,2
rep4,1.0833,1281,2
rep4,1.0834,1282,2
rep4,1.0835,1283,2
rep4,1.0836,1284,2
rep4,1.0836,1285,2
rep4,1.0836,1286,2
rep4,1.0837,1287,2
rep4,1.0838,1288,2
rep4,1.0839,1289,2
rep4,1.0841,1290,2
rep4,1.0842,1291,2
rep4,1.0842,1292,2
rep4,1.0846,1293,2
rep4,1.0846,1294,2
rep4,1.085,1295,2
rep4,1.0851,1296,2
rep4,1.0852,1297,2
rep4,1.0852,1298,2
rep4,1.0853,1299,2
rep4,1.0853,1300,2
rep4,1.0855,1301,2
rep4,1.0856,1302,2
rep4,1.0857,1303,2
rep4,1.0857,1304,2
rep4,1.0857,1305,2
rep4,1.086,1306,2
rep4,1.086,1307,2
rep4,1.0861,1308,2
rep4,1.0861,1309,2
rep4,1.0866,1310,2
rep4,1.0867,1311,2
rep4,1.0868,1312,2
rep4,1.0869,1313,2
rep4,1.087,1314,2
rep4,1.0871,1315,2
rep4,1.0873,1316,2
rep4,1.0874,1317,2
rep4,1.0874,1318,2
rep4,1.0875,1319,2
rep4,1.0876,1320,2
rep4,1.088,1321,2
rep4,1.0881,1322,2
rep4,1.0882,1323,2
rep4,1.0882,1324,2
rep4,1.0882,1325,2
rep4,1.0882,1326,2
rep4,1.0883,1327,2
rep4,1.0884,1328,2
rep4,1.0885,1329,2
rep4,1.0885,1330,2
rep4,1.0885,1331,2
rep4,1.0887,1332,2
rep4,1.0887,1333,2
rep4,1.0891,1334,2
rep4,1.0893,1335,2
rep4,1.0893,1336,2
rep4,1.0893,1337,2
rep4,1.0893,1338,2
rep4,1.0895,1339,2
rep4,1.0895,1340,2
rep4,1.0898,1341,2
rep4,1.0898,1342,2
rep4,1.0899,1343,2
rep4,1.0899,1344,2
rep4,1.0899,1345,2
rep4,1.09,1346,2
rep4,1.0901,1347,2
rep4,1.0903,1348,2
rep4,1.0903,1349,2
rep4,1.0904,1350,2
rep4,1.0904,1351,2
rep4,1.0905,1352,2
rep4,1.0905,1353,2
rep4,1.0905,1354,2
rep4,1.0905,1355,2
rep4,1.0906,1356,2
rep4,1.0906,1357,2
rep4,1.0909,1358,2
rep4,1.0909,1359,2
rep4,1.091,1360,2
rep4,1.0911,1361,2
rep4,1.0912,1362,2
rep4,1.0912,1363,2
rep4,1.0912,1364,2
rep4,1.0913,1365,2
rep4,1.0913,1366,2
rep4,1.0915,1367,2
rep4,1.0915,1368,2
rep4,1.0915,1369,2
rep4,1.0916,1370,2
rep4,1.0916,1371,2
rep4,1.0916,1372,2
rep4,1.0916,1373,2
rep4,1.0917,1374,2
rep4,1.0917,1375,2
rep4,1.0917,1376,2
rep4,1.0917,1377,2
rep4,1.0919,1378,2
rep4,1.0919,1379,2
rep4,1.0919,1380,2
rep4,1.092,1381,2
rep4,1.092,1382,2
rep4,1.092,1383,2
rep4,1.092,1384,2
rep4,1.0921,1385,2
rep4,1.0921,1386,2
rep4,1.0921,1387,2
rep4,1.0922,1388,2
rep4,1.0923,1389,2
rep4,1.0924,1390,2
rep4,1.0924,1391,2
rep4,1.0924,1392,2
rep4,1.0924,1393,2
rep4,1.0925,1394,2
rep4,1.0925,1395,2
rep4,1.0926,1396,2
rep4,1.0926,1397,2
rep4,1.0926,1398,2
rep4,1.0926,1399,2
rep4,1.0927,1400,2
rep4,1.0927,1401,2
rep4,1.0927,1402,2
rep4,1.0928,1403,2
rep4,1.0928,1404,2
rep4,1.0928,1405,2
rep4,1.0929,1406,2
rep4,1.0929,1407,2
rep4,1.093,1408,2
rep4,1.093,1409,2
rep4,1.093,1410,2
rep4,1.0931,1411,2
rep4,1.0932,1412,2
rep4,1.0932,1413,2
rep4,1.0933,1414,2
rep4,1.0934,1415,2
rep4,1.0934,1416,2
rep4,1.0934,1417,2
rep4,1.0935,1418,2
rep4,1.0935,1419,2
rep4,1.0935,1420,2
rep4,1.0936,1421,2
rep4,1.0937,1422,2
rep4,1.0938,1423,2
rep4,1.0938,1424,2
rep4,1.0938,1425,2
rep4,1.0938,1426,2
rep4,1.0939,1427,2
rep4,1.0941,1428,2
rep4,1.0941,1429,2
rep4,1.0942,1430,2
rep4,1.0942,1431,2
rep4,1.0942,1432,2
rep4,1.0943,1433,2
rep4,1.0943,1434,2
rep4,1.0943,1435,2
rep4,1.0943,1436,2
rep4,1.0944,1437,2
rep4,1.0944,1438,2
rep4,1.0944,1439,2
rep4,1.0945,1440,2
rep4,1.0945,1441,2
rep4,1.0947,1442,2
rep4,1.0948,1443,2
rep4,1.0948,1444,2
rep4,1.0948,1445,2
rep4,1.0949,1446,2
rep4,1.095,1447,2
rep4,1.095,1448,2
rep4,1.095,1449,2
rep4,1.0951,1450,2
rep4,1.0951,1451,2
rep4,1.0952,1452,2
rep4,1.0954,1453,2
rep4,1.0955,1454,2
rep4,1.0956,1455,2
rep4,1.0957,1456,2
rep4,1.0957,1457,2
rep4,1.0958,1458,2
rep4,1.0958,1459,2
rep4,1.0958,1460,2
rep4,1.0959,1461,2
rep4,1.0959,1462,2
rep4,1.096,1463,2
rep4,1.096,1464,2
rep4,1.096,1465,2
rep4,1.096,1466,2
rep4,1.0961,1467,2
rep4,1.0962,1468,2
rep4,1.0963,1469,2
rep4,1.0963,1470,2
rep4,1.0964,1471,2
rep4,1.0965,1472,2
rep4,1.0965,1473,2
rep4,1.0966,1474,2
rep4,1.0966,1475,2
rep4,1.0967,1476,2
rep4,1.0967,1477,2
rep4,1.0968,1478,2
rep4,1.0969,1479,2
rep4,1.0969,1480,2
rep4,1.0969,1481,2
rep4,1.0969,1482,2
rep4,1.097,1483,2
rep4,1.0971,1484,2
rep4,1.0972,1485,2
rep4,1.0972,1486,2
rep4,1.0974,1487,2
rep4,1.0974,1488,2
rep4,1.0974,1489,2
rep4,1.0974,1490,2
rep4,1.0974,1491,2
rep4,1.0975,1492,2
rep4,1.0975,1493,2
rep4,1.0975,1494,2
rep4,1.0975,1495,2
rep4,1.0975,1496,2
rep4,1.0977,1497,2
rep4,1.0977,1498,2
rep4,1.0977,1499,2
rep4,1.0978,1500,2
rep4,1.0978,1501,2
rep4,1.0979,1502,2
rep4,1.098,1503,2
rep4,1.098,1504,2
rep4,1.0982,1505,2
rep4,1.0983,1506,2
rep4,1.0983,1507,2
rep4,1.0984,1508,2
rep4,1.0984,1509,2
rep4,1.0985,1510,2
rep4,1.0986,1511,2
rep4,1.0987,1512,2
rep4,1.0988,1513,2
rep4,1.0988,1514,2
rep4,1.0989,1515,2
rep4,1.099,1516,2
rep4,1.0992,1517,2
rep4,1.0992,1518,2
rep4,1.0992,1519,2
rep4,1.0993,1520,2
rep4,1.0993,1521,2
rep4,1.0994,1522,2
rep4,1.0994,1523,2
rep4,1.0994,1524,2
rep4,1.0995,1525,2
rep4,1.0995,1526,2
rep4,1.0996,1527,2
rep4,1.0996,1528,2
rep4,1.0997,1529,2
rep4,1.1,1530,2
rep4,1.1001,1531,2
rep4,1.1001,1532,2
rep4,1.1002,1533,2
rep4,1.1002,1534,2
rep4,1.1003,1535,2
rep4,1.1003,1536,2
rep4,1.1004,1537,2
rep4,1.1005,1538,2
rep4,1.1006,1539,2
rep4,1.1006,1540,2
rep4,1.1007,1541,2
rep4,1.1008,1542,2
rep4,1.1008,1543,2
rep4,1.1008,1544,2
rep4,1.1009,1545,2
rep4,1.101,1546,2
rep4,1.101,1547,2
rep4,1.101,1548,2
rep4,1.1011,1549,2
rep4,1.1012,1550,2
rep4,1.1012,1551,2
rep4,1.1013,1552,2
rep4,1.1013,1553,2
rep4,1.1013,1554,2
rep4,1.1014,1555,2
rep4,1.1014,1556,2
rep4,1.1014,1557,2
rep4,1.1015,1558,2
rep4,1.1017,1559,2
rep4,1.1017,1560,2
rep4,1.1017,1561,2
rep4,1.1018,1562,2
rep4,1.1018,1563,2
rep4,1.1019,1564,2
rep4,1.1019,1565,2
rep4,1.102,1566,2
rep4,1.102,1567,2
rep4,1.1022,1568,2
rep4,1.1023,1569,2
rep4,1.1023,1570,2
rep4,1.1023,1571,2
rep4,1.1023,1572,2
rep4,1.1023,1573,2
rep4,1.1024,1574,2
rep4,1.1024,1575,2
rep4,1.1026,1576,2
rep4,1.1026,1577,2
rep4,1.1027,1578,2
rep4,1.1027,1579,2
rep4,1.1027,1580,2
rep4,1.1028,1581,2
rep4,1.1028,1582,2
rep4,1.1028,1583,2
rep4,1.1028,1584,2
rep4,1.1029,1585,2
rep4,1.1029,1586,2
rep4,1.1029,1587,2
rep4,1.103,1588,2
rep4,1.1031,1589,2
rep4,1.1032,1590,2
rep4,1.1032,1591,2
rep4,1.1032,1592,2
rep4,1.1033,1593,2
rep4,1.1033,1594,2
rep4,1.1033,1595,2
rep4,1.1033,1596,2
rep4,1.1034,1597,2
rep4,1.1035,1598,2
rep4,1.1036,1599,2
rep4,1.1036,1600,2
rep4,1.1037,1601,2
rep4,1.1037,1602,2
rep4,1.1041,1603,2
rep4,1.1042,1604,2
rep4,1.1043,1605,2
rep4,1.1043,1606,2
rep4,1.1043,1607,2
rep4,1.1044,1608,2
rep4,1.1044,1609,2
rep4,1.1044,1610,2
rep4,1.1045,1611,2
rep4,1.1045,1612,2
rep4,1.1045,1613,2
rep4,1.1045,1614,2
rep4,1.1046,1615,2
rep4,1.1047,1616,2
rep4,1.1048,1617,2
rep4,1.1049,1618,2
rep4,1.1049,1619,2
rep4,1.1049,1620,2
rep4,1.105,1621,2
rep4,1.1051,1622,2
rep4,1.1051,1623,2
rep4,1.1053,1624,2
rep4,1.1053,1625,2
rep4,1.1056,1626,2
rep4,1.1057,1627,2
rep4,1.1058,1628,2
rep4,1.1058,1629,2
rep4,1.106,1630,2
rep4,1.106,1631,2
rep4,1.1061,1632,2
rep4,1.1061,1633,2
rep4,1.1062,1634,2
rep4,1.1063,1635,2
rep4,1.1064,1636,2
rep4,1.1066,1637,2
rep4,1.1066,1638,2
rep4,1.1066,1639,2
rep4,1.1067,1640,2
rep4,1.1067,1641,2
rep4,1.1069,1642,2
rep4,1.1069,1643,2
rep4,1.1069,1644,2
rep4,1.107,1645,2
rep4,1.1073,1646,2
rep4,1.1075,1647,2
rep4,1.1075,1648,2
rep4,1.1076,1649,2
rep4,1.1077,1650,2
rep4,1.1077,1651,2
rep4,1.1079,1652,2
rep4,1.1079,1653,2
rep4,1.108,1654,2
rep4,1.108,1655,2
rep4,1.1083,1656,2
rep4,1.1084,1657,2
rep4,1.1084,1658,2
rep4,1.1084,1659,2
rep4,1.1084,1660,2
rep4,1.1085,1661,2
rep4,1.1085,1662,2
rep4,1.1087,1663,2
rep4,1.1087,1664,2
rep4,1.1091,1665,2
rep4,1.1092,1666,2
rep4,1.1092,1667,2
rep4,1.1093,1668,2
rep4,1.1093,1669,2
rep4,1.1093,1670,2
rep4,1.1094,1671,2
rep4,1.1094,1672,2
rep4,1.1095,1673,2
rep4,1.1095,1674,2
rep4,1.1096,1675,2
rep4,1.1097,1676,2
rep4,1.1097,1677,2
rep4,1.1098,1678,2
rep4,1.11,1679,2
rep4,1.1101,1680,2
rep4,1.1105,1681,2
rep4,1.1106,1682,2
rep4,1.1106,1683,2
rep4,1.1106,1684,2
rep4,1.1107,1685,2
rep4,1.1108,1686,2
rep4,1.1109,1687,2
rep4,1.111,1688,2
rep4,1.1111,1689,2
rep4,1.1112,1690,2
rep4,1.1113,1691,2
rep4,1.1114,1692,2
rep4,1.1116,1693,2
rep4,1.1117,1694,2
rep4,1.1118,1695,2
rep4,1.1118,1696,2
rep4,1.1118,1697,2
rep4,1.1119,1698,2
rep4,1.112,1699,2
rep4,1.1121,1700,2
rep4,1.1121,1701,2
rep4,1.1122,1702,2
rep4,1.1124,1703,2
rep4,1.1124,1704,2
rep4,1.1126,1705,2
rep4,1.1127,1706,2
rep4,1.1129,1707,2
rep4,1.113,1708,2
rep4,1.113,1709,2
rep4,1.113,1710,2
rep4,1.1131,1711,2
rep4,1.1131,1712,2
rep4,1.1132,1713,2
rep4,1.1133,1714,2
rep4,1.1133,1715,2
rep4,1.1133,1716,2
rep4,1.1134,1717,2
rep4,1.1134,1718,2
rep4,1.1135,1719,2
rep4,1.1137,1720,2
rep4,1.1138,1721,2
rep4,1.1138,1722,2
rep4,1.1139,1723,2
rep4,1.1139,1724,2
rep4,1.114,1725,2
rep4,1.1141,1726,2
rep4,1.1141,1727,2
rep4,1.1142,1728,2
rep4,1.1145,1729,2
rep4,1.1145,1730,2
rep4,1.1146,1731,2
rep4,1.1147,1732,2
rep4,1.1147,1733,2
rep4,1.1149,1734,2
rep4,1.115,1735,2
rep4,1.115,1736,2
rep4,1.115,1737,2
rep4,1.1151,1738,2
rep4,1.1151,1739,2
rep4,1.1151,1740,2
rep4,1.1151,1741,2
rep4,1.1151,1742,2
rep4,1.1152,1743,2
rep4,1.1152,1744,2
rep4,1.1154,1745,2
rep4,1.1154,1746,2
rep4,1.1155,1747,2
rep4,1.1156,1748,2
rep4,1.1156,1749,2
rep4,1.1157,1750,2
rep4,1.1158,1751,2
rep4,1.1158,1752,2
rep4,1.116,1753,2
rep4,1.116,1754,2
rep4,1.1161,1755,2
rep4,1.1165,1756,2
rep4,1.1165,1757,2
rep4,1.1167,1758,2
rep4,1.1169,1759,2
rep4,1.1169,1760,2
rep4,1.1173,1761,2
rep4,1.1174,1762,2
rep4,1.1174,1763,2
rep4,1.1174,1764,2
rep4,1.1176,1765,2
rep4,1.1176,1766,2
rep4,1.1176,1767,2
rep4,1.1176,1768,2
rep4,1.1177,1769,2
rep4,1.1177,1770,2
rep4,1.1178,1771,2
rep4,1.1179,1772,2
rep4,1.1179,1773,2
rep4,1.1183,1774,2
rep4,1.1183,1775,2
rep4,1.1184,1776,2
rep4,1.1185,1777,2
rep4,1.1186,1778,2
rep4,1.1186,1779,2
rep4,1.1191,1780,2
rep4,1.1192,1781,2
rep4,1.1193,1782,2
rep4,1.1193,1783,2
rep4,1.1195,1784,2
rep4,1.1195,1785,2
rep4,1.1197,1786,2
rep4,1.1198,1787,2
rep4,1.1199,1788,2
rep4,1.1199,1789,2
rep4,1.1199,1790,2
rep4,1.12,1791,2
rep4,1.1203,1792,2
rep4,1.1204,1793,2
rep4,1.1204,1794,2
rep4,1.1205,1795,2
rep4,1.1205,1796,2
rep4,1.1206,1797,2
rep4,1.1206,1798,2
rep4,1.1207,1799,2
rep4,1.1207,1800,2
rep4,1.1208,1801,2
rep4,1.121,1802,2
rep4,1.1211,1803,2
rep4,1.1212,1804,2
rep4,1.1213,1805,2
rep4,1.1214,1806,2
rep4,1.1214,1807,2
rep4,1.1214,1808,2
rep4,1.1217,1809,2
rep4,1.1217,1810,2
rep4,1.1217,1811,2
rep4,1.1219,1812,2
rep4,1.122,1813,2
rep4,1.122,1814,2
rep4,1.122,1815,2
rep4,1.1221,1816,2
rep4,1.1221,1817,2
rep4,1.1222,1818,2
rep4,1.1223,1819,2
rep4,1.1223,1820,2
rep4,1.1226,1821,2
rep4,1.1226,1822,2
rep4,1.1227,1823,2
rep4,1.1228,1824,2
rep4,1.1229,1825,2
rep4,1.1232,1826,2
rep4,1.1232,1827,2
rep4,1.1233,1828,2
rep4,1.1233,1829,2
rep4,1.1235,1830,2
rep4,1.1236,1831,2
rep4,1.1239,1832,2
rep4,1.124,1833,2
rep4,1.1241,1834,2
rep4,1.1242,1835,2
rep4,1.1242,1836,2
rep4,1.1244,1837,2
rep4,1.1244,1838,2
rep4,1.1245,1839,2
rep4,1.1245,1840,2
rep4,1.1246,1841,2
rep4,1.1246,1842,2
rep4,1.1247,1843,2
rep4,1.1247,1844,2
rep4,1.1247,1845,2
rep4,1.125,1846,2
rep4,1.125,1847,2
rep4,1.1251,1848,2
rep4,1.1252,1849,2
rep4,1.1254,1850,2
rep4,1.1254,1851,2
rep4,1.1256,1852,2
rep4,1.1258,1853,2
rep4,1.1259,1854,2
rep4,1.126,1855,2
rep4,1.126,1856,2
rep4,1.1261,1857,2
rep4,1.1261,1858,2
rep4,1.1262,1859,2
rep4,1.1264,1860,2
rep4,1.1264,1861,2
rep4,1.1264,1862,2
rep4,1.1265,1863,2
rep4,1.1265,1864,2
rep4,1.1265,1865,2
rep4,1.1266,1866,2
rep4,1.1267,1867,2
rep4,1.1267,1868,2
rep4,1.1267,1869,2
rep4,1.1268,1870,2
rep4,1.1268,1871,2
rep4,1.1269,1872,2
rep4,1.1269,1873,2
rep4,1.127,1874,2
rep4,1.127,1875,2
rep4,1.1271,1876,2
rep4,1.1271,1877,2
rep4,1.1271,1878,2
rep4,1.1272,1879,2
rep4,1.1272,1880,2
rep4,1.1273,1881,2
rep4,1.1273,1882,2
rep4,1.1273,1883,2
rep4,1.1274,1884,2
rep4,1.1275,1885,2
rep4,1.1276,1886,2
rep4,1.1277,1887,2
rep4,1.1277,1888,2
rep4,1.1278,1889,2
rep4,1.1279,1890,2
rep4,1.128,1891,2
rep4,1.128,1892,2
rep4,1.1282,1893,2
rep4,1.1282,1894,2
rep4,1.1282,1895,2
rep4,1.1282,1896,2
rep4,1.1283,1897,2
rep4,1.1284,1898,2
rep4,1.1284,1899,2
rep4,1.1285,1900,2
rep4,1.1285,1901,2
rep4,1.1285,1902,2
rep4,1.1285,1903,2
rep4,1.1285,1904,2
rep4,1.1286,1905,2
rep4,1.1286,1906,2
rep4,1.1287,1907,2
rep4,1.1287,1908,2
rep4,1.1288,1909,2
rep4,1.1289,1910,2
rep4,1.129,1911,2
rep4,1.129,1912,2
rep4,1.1291,1913,2
rep4,1.1291,1914,2
rep4,1.1291,1915,2
rep4,1.1292,1916,2
rep4,1.1293,1917,2
rep4,1.1293,1918,2
rep4,1.1293,1919,2
rep4,1.1294,1920,2
rep4,1.1294,1921,2
rep4,1.1294,1922,2
rep4,1.1294,1923,2
rep4,1.1295,1924,2
rep4,1.1295,1925,2
rep4,1.1296,1926,2
rep4,1.1298,1927,2
rep4,1.1298,1928,2
rep4,1.1299,1929,2
rep4,1.1299,1930,2
rep4,1.13,1931,2
rep4,1.13,1932,2
rep4,1.13,1933,2
rep4,1.13,1934,2
rep4,1.1302,1935,2
rep4,1.1303,1936,2
rep4,1.1305,1937,2
rep4,1.1305,1938,2
rep4,1.1307,1939,2
rep4,1.1307,1940,2
rep4,1.1307,1941,2
rep4,1.1308,1942,2
rep4,1.1309,1943,2
rep4,1.131,1944,2
rep4,1.1311,1945,2
rep4,1.1312,1946,2
rep4,1.1312,1947,2
rep4,1.1313,1948,2
rep4,1.1313,1949,2
rep4,1.1313,1950,2
rep4,1.1314,1951,2
rep4,1.1314,1952,2
rep4,1.1314,1953,2
rep4,1.1315,1954,2
rep4,1.1317,1955,2
rep4,1.1317,1956,2
rep4,1.1317,1957,2
rep4,1.1318,1958,2
rep4,1.1319,1959,2
rep4,1.132,1960,2
rep4,1.132,1961,2
rep4,1.1321,1962,2
rep4,1.1322,1963,2
rep4,1.1322,1964,2
rep4,1.1324,1965,2
rep4,1.1325,1966,2
rep4,1.1325,1967,2
rep4,1.1325,1968,2
rep4,1.1326,1969,2
rep4,1.1327,1970,2
rep4,1.1327,1971,2
rep4,1.1328,1972,2
rep4,1.1328,1973,2
rep4,1.1329,1974,2
rep4,1.1329,1975,2
rep4,1.1331,1976,2
rep4,1.1333,1977,2
rep4,1.1333,1978,2
rep4,1.1335,1979,2
rep4,1.1335,1980,2
rep4,1.1335,1981,2
rep4,1.1336,1982,2
rep4,1.1336,1983,2
rep4,1.1338,1984,2
rep4,1.1339,1985,2
rep4,1.1341,1986,2
rep4,1.1342,1987,2
rep4,1.1342,1988,2
rep4,1.1342,1989,2
rep4,1.1343,1990,2
rep4,1.1343,1991,2
rep4,1.1345,1992,2
rep4,1.1346,1993,2
rep4,1.1346,1994,2
rep4,1.1346,1995,2
rep4,1.1349,1996,2
rep4,1.135,1997,2
rep4,1.1351,1998,2
rep4,1.1351,1999,2
rep4,1.1352,2000,2
rep4,1.1352,2001,2
rep4,1.1353,2002,2
rep4,1.1353,2003,2
rep4,1.1354,2004,2
rep4,1.1355,2005,2
rep4,1.1356,2006,2
rep4,1.1358,2007,2
rep4,1.1359,2008,2
rep4,1.1359,2009,2
rep4,1.1359,2010,2
rep4,1.1359,2011,2
rep4,1.136,2012,2
rep4,1.136,2013,2
rep4,1.136,2014,2
rep4,1.1361,2015,2
rep4,1.1361,2016,2
rep4,1.1362,2017,2
rep4,1.1363,2018,2
rep4,1.1364,2019,2
rep4,1.1365,2020,2
rep4,1.1365,2021,2
rep4,1.1365,2022,2
rep4,1.1366,2023,2
rep4,1.1366,2024,2
rep4,1.1367,2025,2
rep4,1.1368,2026,2
rep4,1.1368,2027,2
rep4,1.137,2028,2
rep4,1.137,2029,2
rep4,1.137,2030,2
rep4,1.1372,2031,2
rep4,1.1372,2032,2
rep4,1.1372,2033,2
rep4,1.1372,2034,2
rep4,1.1372,2035,2
rep4,1.1374,2036,2
rep4,1.1375,2037,2
rep4,1.1375,2038,2
rep4,1.1375,2039,2
rep4,1.1376,2040,2
rep4,1.1376,2041,2
rep4,1.1377,2042,2
rep4,1.1379,2043,2
rep4,1.1381,2044,2
rep4,1.1382,2045,2
rep4,1.1382,2046,2
rep4,1.1382,2047,2
rep4,1.1383,2048,2
rep4,1.1383,2049,2
rep4,1.1384,2050,2
rep4,1.1385,2051,2
rep4,1.1386,2052,2
rep4,1.1386,2053,2
rep4,1.1386,2054,2
rep4,1.1387,2055,2
rep4,1.1388,2056,2
rep4,1.1388,2057,2
rep4,1.1389,2058,2
rep4,1.1392,2059,2
rep4,1.1392,2060,2
rep4,1.1392,2061,2
rep4,1.1392,2062,2
rep4,1.1394,2063,2
rep4,1.1395,2064,2
rep4,1.1396,2065,2
rep4,1.1397,2066,2
rep4,1.1398,2067,2
rep4,1.1398,2068,2
rep4,1.1398,2069,2
rep4,1.1399,2070,2
rep4,1.1399,2071,2
rep4,1.14,2072,2
rep4,1.14,2073,2
rep4,1.1401,2074,2
rep4,1.1402,2075,2
rep4,1.1402,2076,2
rep4,1.1403,2077,2
rep4,1.1403,2078,2
rep4,1.1404,2079,2
rep4,1.1404,2080,2
rep4,1.1405,2081,2
rep4,1.1406,2082,2
rep4,1.1406,2083,2
rep4,1.1406,2084,2
rep4,1.1406,2085,2
rep4,1.1407,2086,2
rep4,1.1407,2087,2
rep4,1.1407,2088,2
rep4,1.1408,2089,2
rep4,1.1409,2090,2
rep4,1.141,2091,2
rep4,1.141,2092,2
rep4,1.141,2093,2
rep4,1.1411,2094,2
rep4,1.1411,2095,2
rep4,1.1412,2096,2
rep4,1.1413,2097,2
rep4,1.1414,2098,2
rep4,1.1415,2099,2
rep4,1.1415,2100,2
rep4,1.1416,2101,2
rep4,1.1417,2102,2
rep4,1.1418,2103,2
rep4,1.1419,2104,2
rep4,1.142,2105,2
rep4,1.142,2106,2
rep4,1.142,2107,2
rep4,1.142,2108,2
rep4,1.1421,2109,2
rep4,1.1421,2110,2
rep4,1.1423,2111,2
rep4,1.1425,2112,2
rep4,1.1425,2113,2
rep4,1.1429,2114,2
rep4,1.143,2115,2
rep4,1.1431,2116,2
rep4,1.1432,2117,2
rep4,1.1432,2118,2
rep4,1.1432,2119,2
rep4,1.1432,2120,2
rep4,1.1432,2121,2
rep4,1.1432,2122,2
rep4,1.1433,2123,2
rep4,1.1433,2124,2
rep4,1.1433,2125,2
rep4,1.1433,2126,2
rep4,1.1434,2127,2
rep4,1.1435,2128,2
rep4,1.1438,2129,2
rep4,1.1439,2130,2
rep4,1.144,2131,2
rep4,1.1441,2132,2
rep4,1.1441,2133,2
rep4,1.1442,2134,2
rep4,1.1442,2135,2
rep4,1.1442,2136,2
rep4,1.1443,2137,2
rep4,1.1444,2138,2
rep4,1.1444,2139,2
rep4,1.1444,2140,2
rep4,1.1445,2141,2
rep4,1.1446,2142,2
rep4,1.1447,2143,2
rep4,1.1447,2144,2
rep4,1.1447,2145,2
rep4,1.1447,2146,2
rep4,1.1448,2147,2
rep4,1.1448,2148,2
rep4,1.1449,2149,2
rep4,1.1449,2150,2
rep4,1.145,2151,2
rep4,1.1451,2152,2
rep4,1.1452,2153,2
rep4,1.1453,2154,2
rep4,1.1454,2155,2
rep4,1.1454,2156,2
rep4,1.1455,2157,2
rep4,1.1456,2158,2
rep4,1.1456,2159,2
rep4,1.1456,2160,2
rep4,1.1458,2161,2
rep4,1.1459,2162,2
rep4,1.146,2163,2
rep4,1.1461,2164,2
rep4,1.1461,2165,2
rep4,1.1462,2166,2
rep4,1.1462,2167,2
rep4,1.1464,2168,2
rep4,1.1464,2169,2
rep4,1.1465,2170,2
rep4,1.1465,2171,2
rep4,1.1465,2172,2
rep4,1.1465,2173,2
rep4,1.1466,2174,2
rep4,1.1466,2175,2
rep4,1.1468,2176,2
rep4,1.1469,2177,2
rep4,1.1469,2178,2
rep4,1.147,2179,2
rep4,1.147,2180,2
rep4,1.1471,2181,2
rep4,1.1471,2182,2
rep4,1.1472,2183,2
rep4,1.1472,2184,2
rep4,1.1473,2185,2
rep4,1.1474,2186,2
rep4,1.1476,2187,2
rep4,1.1476,2188,2
rep4,1.1476,2189,2
rep4,1.1476,2190,2
rep4,1.1476,2191,2
rep4,1.1477,2192,2
rep4,1.1477,2193,2
rep4,1.1477,2194,2
rep4,1.1478,2195,2
rep4,1.1478,2196,2
rep4,1.1479,2197,2
rep4,1.148,2198,2
rep4,1.148,2199,2
rep4,1.1481,2200,2
rep4,1.1482,2201,2
rep4,1.1482,2202,2
rep4,1.1483,2203,2
rep4,1.1484,2204,2
rep4,1.1485,2205,2
rep4,1.1486,2206,2
rep4,1.1487,2207,2
rep4,1.1487,2208,2
rep4,1.1488,2209,2
rep4,1.1489,2210,2
rep4,1.149,2211,2
rep4,1.1491,2212,2
rep4,1.1491,2213,2
rep4,1.1491,2214,2
rep4,1.1492,2215,2
rep4,1.1493,2216,2
rep4,1.1493,2217,2
rep4,1.1493,2218,2
rep4,1.1494,2219,2
rep4,1.1495,2220,2
rep4,1.1495,2221,2
rep4,1.1495,2222,2
rep4,1.1496,2223,2
rep4,1.1496,2224,2
rep4,1.1496,2225,2
rep4,1.1497,2226,2
rep4,1.1498,2227,2
rep4,1.1498,2228,2
rep4,1.1498,2229,2
rep4,1.1498,2230,2
rep4,1.1498,2231,2
rep4,1.1498,2232,2
rep4,1.1499,2233,2
rep4,1.1499,2234,2
rep4,1.1499,2235,2
rep4,1.15,2236,2
rep4,1.1501,2237,2
rep4,1.1501,2238,2
rep4,1.1502,2239,2
rep4,1.1502,2240,2
rep4,1.1502,2241,2
rep4,1.1504,2242,2
rep4,1.1505,2243,2
rep4,1.1506,2244,2
rep4,1.1506,2245,2
rep4,1.1508,2246,2
rep4,1.1509,2247,2
rep4,1.1511,2248,2
rep4,1.1511,2249,2
rep4,1.1511,2250,2
rep4,1.1512,2251,2
rep4,1.1513,2252,2
rep4,1.1516,2253,2
rep4,1.1517,2254,2
rep4,1.1517,2255,2
rep4,1.1517,2256,2
rep4,1.1518,2257,2
rep4,1.1519,2258,2
rep4,1.152,2259,2
rep4,1.1521,2260,2
rep4,1.1522,2261,2
rep4,1.1522,2262,2
rep4,1.1522,2263,2
rep4,1.1523,2264,2
rep4,1.1523,2265,2
rep4,1.1524,2266,2
rep4,1.1525,2267,2
rep4,1.1526,2268,2
rep4,1.153,2269,2
rep4,1.153,2270,2
rep4,1.1531,2271,2
rep4,1.1533,2272,2
rep4,1.1533,2273,2
rep4,1.1534,2274,2
rep4,1.1534,2275,2
rep4,1.1534,2276,2
rep4,1.1536,2277,2
rep4,1.1536,2278,2
rep4,1.1537,2279,2
rep4,1.1538,2280,2
rep4,1.1539,2281,2
rep4,1.1539,2282,2
rep4,1.1542,2283,2
rep4,1.1542,2284,2
rep4,1.1544,2285,2
rep4,1.1545,2286,2
rep4,1.1546,2287,2
rep4,1.1547,2288,2
rep4,1.1547,2289,2
rep4,1.1547,2290,2
rep4,1.1548,2291,2
rep4,1.1549,2292,2
rep4,1.1549,2293,2
rep4,1.1549,2294,2
rep4,1.1549,2295,2
rep4,1.155,2296,2
rep4,1.1551,2297,2
rep4,1.1552,2298,2
rep4,1.1553,2299,2
rep4,1.1553,2300,2
rep4,1.1553,2301,2
rep4,1.1554,2302,2
rep4,1.1555,2303,2
rep4,1.1556,2304,2
rep4,1.1556,2305,2
rep4,1.1557,2306,2
rep4,1.1557,2307,2
rep4,1.1558,2308,2
rep4,1.156,2309,2
rep4,1.1562,2310,2
rep4,1.1562,2311,2
rep4,1.1563,2312,2
rep4,1.1564,2313,2
rep4,1.1564,2314,2
rep4,1.1565,2315,2
rep4,1.1565,2316,2
rep4,1.1566,2317,2
rep4,1.1567,2318,2
rep4,1.1567,2319,2
rep4,1.1569,2320,2
rep4,1.157,2321,2
rep4,1.157,2322,2
rep4,1.157,2323,2
rep4,1.1571,2324,2
rep4,1.1572,2325,2
rep4,1.1573,2326,2
rep4,1.1574,2327,2
rep4,1.1574,2328,2
rep4,1.1575,2329,2
rep4,1.1577,2330,2
rep4,1.1577,2331,2
rep4,1.1578,2332,2
rep4,1.1578,2333,2
rep4,1.1582,2334,2
rep4,1.1584,2335,2
rep4,1.1584,2336,2
rep4,1.1586,2337,2
rep4,1.1587,2338,2
rep4,1.1589,2339,2
rep4,1.1589,2340,2
rep4,1.1589,2341,2
rep4,1.159,2342,2
rep4,1.159,2343,2
rep4,1.1591,2344,2
rep4,1.1592,2345,2
rep4,1.1592,2346,2
rep4,1.1592,2347,2
rep4,1.1594,2348,2
rep4,1.1595,2349,2
rep4,1.1595,2350,2
rep4,1.1595,2351,2
rep4,1.1595,2352,2
rep4,1.1596,2353,2
rep4,1.1596,2354,2
rep4,1.1597,2355,2
rep4,1.1597,2356,2
rep4,1.1597,2357,2
rep4,1.1598,2358,2
rep4,1.1598,2359,2
rep4,1.1598,2360,2
rep4,1.16,2361,2
rep4,1.16,2362,2
rep4,1.16,2363,2
rep4,1.1601,2364,2
rep4,1.1602,2365,2
rep4,1.1602,2366,2
rep4,1.1602,2367,2
rep4,1.1603,2368,2
rep4,1.1603,2369,2
rep4,1.1604,2370,2
rep4,1.1606,2371,2
rep4,1.1606,2372,2
rep4,1.1606,2373,2
rep4,1.1607,2374,2
rep4,1.1607,2375,2
rep4,1.1607,2376,2
rep4,1.1608,2377,2
rep4,1.1609,2378,2
rep4,1.161,2379,2
rep4,1.161,2380,2
rep4,1.1611,2381,2
rep4,1.1612,2382,2
rep4,1.1612,2383,2
rep4,1.1613,2384,2
rep4,1.1613,2385,2
rep4,1.1613,2386,2
rep4,1.1614,2387,2
rep4,1.1614,2388,2
rep4,1.1615,2389,2
rep4,1.1616,2390,2
rep4,1.1616,2391,2
rep4,1.1617,2392,2
rep4,1.1618,2393,2
rep4,1.1618,2394,2
rep4,1.1618,2395,2
rep4,1.1619,2396,2
rep4,1.162,2397,2
rep4,1.162,2398,2
rep4,1.162,2399,2
rep4,1.1621,2400,2
rep4,1.1623,2401,2
rep4,1.1624,2402,2
rep4,1.1625,2403,2
rep4,1.1625,2404,2
rep4,1.1625,2405,2
rep4,1.1625,2406,2
rep4,1.1628,2407,2
rep4,1.1628,2408,2
rep4,1.1628,2409,2
rep4,1.1628,2410,2
rep4,1.1628,2411,2
rep4,1.163,2412,2
rep4,1.1632,2413,2
rep4,1.1633,2414,2
rep4,1.1633,2415,2
rep4,1.1634,2416,2
rep4,1.1635,2417,2
rep4,1.1635,2418,2
rep4,1.1636,2419,2
rep4,1.1636,2420,2
rep4,1.1636,2421,2
rep4,1.1637,2422,2
rep4,1.1637,2423,2
rep4,1.1638,2424,2
rep4,1.164,2425,2
rep4,1.1641,2426,2
rep4,1.1641,2427,2
rep4,1.1641,2428,2
rep4,1.1642,2429,2
rep4,1.1642,2430,2
rep4,1.1643,2431,2
rep4,1.1643,2432,2
rep4,1.1643,2433,2
rep4,1.1643,2434,2
rep4,1.1644,2435,2
rep4,1.1644,2436,2
rep4,1.1644,2437,2
rep4,1.1644,2438,2
rep4,1.1645,2439,2
rep4,1.1646,2440,2
rep4,1.1647,2441,2
rep4,1.1648,2442,2
rep4,1.1649,2443,2
rep4,1.165,2444,2
rep4,1.1651,2445,2
rep4,1.1651,2446,2
rep4,1.1651,2447,2
rep4,1.1652,2448,2
rep4,1.1654,2449,2
rep4,1.1654,2450,2
rep4,1.1654,2451,2
rep4,1.1655,2452,2
rep4,1.1655,2453,2
rep4,1.1656,2454,2
rep4,1.1657,2455,2
rep4,1.1657,2456,2
rep4,1.1658,2457,2
rep4,1.1658,2458,2
rep4,1.1658,2459,2
rep4,1.1659,2460,2
rep4,1.1661,2461,2
rep4,1.1661,2462,2
rep4,1.1663,2463,2
rep4,1.1663,2464,2
rep4,1.1663,2465,2
rep4,1.1664,2466,2
rep4,1.1665,2467,2
rep4,1.1665,2468,2
rep4,1.1665,2469,2
rep4,1.1667,2470,2
rep4,1.1667,2471,2
rep4,1.1669,2472,2
rep4,1.167,2473,2
rep4,1.167,2474,2
rep4,1.167,2475,2
rep4,1.1671,2476,2
rep4,1.1672,2477,2
rep4,1.1672,2478,2
rep4,1.1673,2479,2
rep4,1.1674,2480,2
rep4,1.1675,2481,2
rep4,1.1675,2482,2
rep4,1.1675,2483,2
rep4,1.1676,2484,2
rep4,1.1676,2485,2
rep4,1.1676,2486,2
rep4,1.1676,2487,2
rep4,1.1677,2488,2
rep4,1.1677,2489,2
rep4,1.1677,2490,2
rep4,1.1678,2491,2
rep4,1.1678,2492,2
rep4,1.1678,2493,2
rep4,1.168,2494,2
rep4,1.168,2495,2
rep4,1.168,2496,2
rep4,1.168,2497,2
rep4,1.1681,2498,2
rep4,1.1682,2499,2
rep4,1.1682,2500,2
rep4,1.1682,2501,2
rep4,1.1682,2502,2
rep4,1.1683,2503,2
rep4,1.1684,2504,2
rep4,1.1684,2505,2
rep4,1.1684,2506,2
rep4,1.1684,2507,2
rep4,1.1685,2508,2
rep4,1.1685,2509,2
rep4,1.1687,2510,2
rep4,1.1687,2511,2
rep4,1.1687,2512,2
rep4,1.1688,2513,2
rep4,1.1688,2514,2
rep4,1.1689,2515,2
rep4,1.1689,2516,2
rep4,1.1689,2517,2
rep4,1.1689,2518,2
rep4,1.169,2519,2
rep4,1.1692,2520,2
rep4,1.1693,2521,2
rep4,1.1693,2522,2
rep4,1.1694,2523,2
rep4,1.1694,2524,2
rep4,1.1695,2525,2
rep4,1.1695,2526,2
rep4,1.1696,2527,2
rep4,1.1697,2528,2
rep4,1.1697,2529,2
rep4,1.1697,2530,2
rep4,1.1697,2531,2
rep4,1.1698,2532,2
rep4,1.1698,2533,2
rep4,1.1699,2534,2
rep4,1.17,2535,2
rep4,1.17,2536,2
rep4,1.1701,2537,2
rep4,1.1701,2538,2
rep4,1.1702,2539,2
rep4,1.1702,2540,2
rep4,1.1702,2541,2
rep4,1.1702,2542,2
rep4,1.1703,2543,2
rep4,1.1704,2544,2
rep4,1.1705,2545,2
rep4,1.1705,2546,2
rep4,1.1706,2547,2
rep4,1.1707,2548,2
rep4,1.1707,2549,2
rep4,1.1707,2550,2
rep4,1.1708,2551,2
rep4,1.1709,2552,2
rep4,1.171,2553,2
rep4,1.1711,2554,2
rep4,1.1712,2555,2
rep4,1.1712,2556,2
rep4,1.1712,2557,2
rep4,1.1712,2558,2
rep4,1.1713,2559,2
rep4,1.1713,2560,2
rep4,1.1713,2561,2
rep4,1.1715,2562,2
rep4,1.1716,2563,2
rep4,1.1717,2564,2
rep4,1.1717,2565,2
rep4,1.1718,2566,2
rep4,1.1718,2567,2
rep4,1.1719,2568,2
rep4,1.172,2569,2
rep4,1.1721,2570,2
rep4,1.1721,2571,2
rep4,1.1723,2572,2
rep4,1.1724,2573,2
rep4,1.1724,2574,2
rep4,1.1724,2575,2
rep4,1.1725,2576,2
rep4,1.1725,2577,2
rep4,1.1727,2578,2
rep4,1.1728,2579,2
rep4,1.1728,2580,2
rep4,1.1731,2581,2
rep4,1.1732,2582,2
rep4,1.1732,2583,2
rep4,1.1732,2584,2
rep4,1.1733,2585,2
rep4,1.1735,2586,2
rep4,1.1735,2587,2
rep4,1.1736,2588,2
rep4,1.1736,2589,2
rep4,1.1737,2590,2
rep4,1.174,2591,2
rep4,1.1741,2592,2
rep4,1.1741,2593,2
rep4,1.1741,2594,2
rep4,1.1742,2595,2
rep4,1.1743,2596,2
rep4,1.1745,2597,2
rep4,1.1745,2598,2
rep4,1.1747,2599,2
rep4,1.1747,2600,2
rep4,1.1747,2601,2
rep4,1.1747,2602,2
rep4,1.1748,2603,2
rep4,1.1749,2604,2
rep4,1.1749,2605,2
rep4,1.175,2606,2
rep4,1.1751,2607,2
rep4,1.1752,2608,2
rep4,1.1752,2609,2
rep4,1.1754,2610,2
rep4,1.1754,2611,2
rep4,1.1754,2612,2
rep4,1.1754,2613,2
rep4,1.1755,2614,2
rep4,1.1756,2615,2
rep4,1.1756,2616,2
rep4,1.1758,2617,2
rep4,1.1759,2618,2
rep4,1.1759,2619,2
rep4,1.1759,2620,2
rep4,1.176,2621,2
rep4,1.176,2622,2
rep4,1.1761,2623,2
rep4,1.1762,2624,2
rep4,1.1762,2625,2
rep4,1.1763,2626,2
rep4,1.1765,2627,2
rep4,1.1766,2628,2
rep4,1.1766,2629,2
rep4,1.1767,2630,2
rep4,1.1768,2631,2
rep4,1.1769,2632,2
rep4,1.1769,2633,2
rep4,1.177,2634,2
rep4,1.177,2635,2
rep4,1.177,2636,2
rep4,1.1771,2637,2
rep4,1.1772,2638,2
rep4,1.1773,2639,2
rep4,1.1773,2640,2
rep4,1.1773,2641,2
rep4,1.1774,2642,2
rep4,1.1774,2643,2
rep4,1.1775,2644,2
rep4,1.1775,2645,2
rep4,1.1775,2646,2
rep4,1.1776,2647,2
rep4,1.1777,2648,2
rep4,1.1777,2649,2
rep4,1.1779,2650,2
rep4,1.1781,2651,2
rep4,1.1782,2652,2
rep4,1.1782,2653,2
rep4,1.1782,2654,2
rep4,1.1783,2655,2
rep4,1.1784,2656,2
rep4,1.1784,2657,2
rep4,1.1785,2658,2
rep4,1.1786,2659,2
rep4,1.1786,2660,2
rep4,1.1787,2661,2
rep4,1.1787,2662,2
rep4,1.1787,2663,2
rep4,1.1787,2664,2
rep4,1.1788,2665,2
rep4,1.1788,2666,2
rep4,1.1789,2667,2
rep4,1.1789,2668,2
rep4,1.1789,2669,2
rep4,1.1792,2670,2
rep4,1.1792,2671,2
rep4,1.1792,2672,2
rep4,1.1793,2673,2
rep4,1.1794,2674,2
rep4,1.1794,2675,2
rep4,1.1794,2676,2
rep4,1.1796,2677,2
rep4,1.1797,2678,2
rep4,1.1798,2679,2
rep4,1.1798,2680,2
rep4,1.1799,2681,2
rep4,1.1801,2682,2
rep4,1.1801,2683,2
rep4,1.1801,2684,2
rep4,1.1802,2685,2
rep4,1.1802,2686,2
rep4,1.1803,2687,2
rep4,1.1803,2688,2
rep4,1.1805,2689,2
rep4,1.1806,2690,2
rep4,1.1808,2691,2
rep4,1.1809,2692,2
rep4,1.1809,2693,2
rep4,1.1809,2694,2
rep4,1.181,2695,2
rep4,1.181,2696,2
rep4,1.181,2697,2
rep4,1.1812,2698,2
rep4,1.1813,2699,2
rep4,1.1813,2700,2
rep4,1.1813,2701,2
rep4,1.1814,2702,2
rep4,1.1815,2703,2
rep4,1.1817,2704,2
rep4,1.1818,2705,2
rep4,1.1818,2706,2
rep4,1.182,2707,2
rep4,1.182,2708,2
rep4,1.1821,2709,2
rep4,1.1821,2710,2
rep4,1.1822,2711,2
rep4,1.1822,2712,2
rep4,1.1823,2713,2
rep4,1.1823,2714,2
rep4,1.1824,2715,2
rep4,1.1824,2716,2
rep4,1.1825,2717,2
rep4,1.1826,2718,2
rep4,1.1826,2719,2
rep4,1.1826,2720,2
rep4,1.1826,2721,2
rep4,1.1827,2722,2
rep4,1.1827,2723,2
rep4,1.1828,2724,2
rep4,1.1829,2725,2
rep4,1.1829,2726,2
rep4,1.183,2727,2
rep4,1.183,2728,2
rep4,1.1831,2729,2
rep4,1.1831,2730,2
rep4,1.1832,2731,2
rep4,1.1833,2732,2
rep4,1.1833,2733,2
rep4,1.1833,2734,2
rep4,1.1833,2735,2
rep4,1.1834,2736,2
rep4,1.1836,2737,2
rep4,1.1836,2738,2
rep4,1.1838,2739,2
rep4,1.184,2740,2
rep4,1.184,2741,2
rep4,1.184,2742,2
rep4,1.1841,2743,2
rep4,1.1842,2744,2
rep4,1.1843,2745,2
rep4,1.1843,2746,2
rep4,1.1844,2747,2
rep4,1.1845,2748,2
rep4,1.1846,2749,2
rep4,1.1847,2750,2
rep4,1.1847,2751,2
rep4,1.1847,2752,2
rep4,1.1848,2753,2
rep4,1.1848,2754,2
rep4,1.1849,2755,2
rep4,1.185,2756,2
rep4,1.185,2757,2
rep4,1.185,2758,2
rep4,1.1854,2759,2
rep4,1.1854,2760,2
rep4,1.1855,2761,2
rep4,1.1856,2762,2
rep4,1.1858,2763,2
rep4,1.1858,2764,2
rep4,1.1858,2765,2
rep4,1.1859,2766,2
rep4,1.1862,2767,2
rep4,1.1862,2768,2
rep4,1.1863,2769,2
rep4,1.1863,2770,2
rep4,1.1866,2771,2
rep4,1.187,2772,2
rep4,1.187,2773,2
rep4,1.1871,2774,2
rep4,1.1872,2775,2
rep4,1.1872,2776,2
rep4,1.1872,2777,2
rep4,1.1873,2778,2
rep4,1.1873,2779,2
rep4,1.1875,2780,2
rep4,1.1875,2781,2
rep4,1.1876,2782,2
rep4,1.1879,2783,2
rep4,1.188,2784,2
rep4,1.188,2785,2
rep4,1.1881,2786,2
rep4,1.1881,2787,2
rep4,1.1881,2788,2
rep4,1.1881,2789,2
rep4,1.1883,2790,2
rep4,1.1884,2791,2
rep4,1.1886,2792,2
rep4,1.1887,2793,2
rep4,1.1888,2794,2
rep4,1.189,2795,2
rep4,1.1891,2796,2
rep4,1.1893,2797,2
rep4,1.1893,2798,2
rep4,1.1894,2799,2
rep4,1.1895,2800,2
rep4,1.1897,2801,2
rep4,1.1898,2802,2
rep4,1.1898,2803,2
rep4,1.1899,2804,2
rep4,1.1899,2805,2
rep4,1.19,2806,2
rep4,1.19,2807,2
rep4,1.19,2808,2
rep4,1.19,2809,2
rep4,1.1902,2810,2
rep4,1.1904,2811,2
rep4,1.1904,2812,2
rep4,1.1905,2813,2
rep4,1.1905,2814,2
rep4,1.1905,2815,2
rep4,1.1906,2816,2
rep4,1.1907,2817,2
rep4,1.1909,2818,2
rep4,1.191,2819,2
rep4,1.191,2820,2
rep4,1.191,2821,2
rep4,1.191,2822,2
rep4,1.1911,2823,2
rep4,1.1911,2824,2
rep4,1.1911,2825,2
rep4,1.1915,2826,2
rep4,1.1917,2827,2
rep4,1.1917,2828,2
rep4,1.1918,2829,2
rep4,1.1918,2830,2
rep4,1.1918,2831,2
rep4,1.1919,2832,2
rep4,1.1921,2833,2
rep4,1.1923,2834,2
rep4,1.1925,2835,2
rep4,1.1925,2836,2
rep4,1.1926,2837,2
rep4,1.1928,2838,2
rep4,1.1928,2839,2
rep4,1.1929,2840,2
rep4,1.1929,2841,2
rep4,1.1929,2842,2
rep4,1.193,2843,2
rep4,1.1931,2844,2
rep4,1.1931,2845,2
rep4,1.1932,2846,2
rep4,1.1936,2847,2
rep4,1.1936,2848,2
rep4,1.1936,2849,2
rep4,1.1937,2850,2
rep4,1.1937,2851,2
rep4,1.1938,2852,2
rep4,1.1939,2853,2
rep4,1.1939,2854,2
rep4,1.194,2855,2
rep4,1.1941,2856,2
rep4,1.1941,2857,2
rep4,1.1941,2858,2
rep4,1.1942,2859,2
rep4,1.1943,2860,2
rep4,1.1944,2861,2
rep4,1.1945,2862,2
rep4,1.1945,2863,2
rep4,1.1946,2864,2
rep4,1.1946,2865,2
rep4,1.1946,2866,2
rep4,1.1947,2867,2
rep4,1.1948,2868,2
rep4,1.1949,2869,2
rep4,1.195,2870,2
rep4,1.195,2871,2
rep4,1.1951,2872,2
rep4,1.1952,2873,2
rep4,1.1954,2874,2
rep4,1.1957,2875,2
rep4,1.1957,2876,2
rep4,1.1957,2877,2
rep4,1.1958,2878,2
rep4,1.1959,2879,2
rep4,1.1959,2880,2
rep4,1.1959,2881,2
rep4,1.196,2882,2
rep4,1.196,2883,2
rep4,1.1961,2884,2
rep4,1.1961,2885,2
rep4,1.1962,2886,2
rep4,1.1962,2887,2
rep4,1.1963,2888,2
rep4,1.1964,2889,2
rep4,1.1964,2890,2
rep4,1.1966,2891,2
rep4,1.1966,2892,2
rep4,1.1967,2893,2
rep4,1.1967,2894,2
rep4,1.1968,2895,2
rep4,1.197,2896,2
rep4,1.197,2897,2
rep4,1.1971,2898,2
rep4,1.1972,2899,2
rep4,1.1973,2900,2
rep4,1.1973,2901,2
rep4,1.1974,2902,2
rep4,1.1974,2903,2
rep4,1.1975,2904,2
rep4,1.1975,2905,2
rep4,1.1975,2906,2
rep4,1.1977,2907,2
rep4,1.1978,2908,2
rep4,1.1979,2909,2
rep4,1.1979,2910,2
rep4,1.198,2911,2
rep4,1.198,2912,2
rep4,1.198,2913,2
rep4,1.1981,2914,2
rep4,1.1982,2915,2
rep4,1.1982,2916,2
rep4,1.1982,2917,2
rep4,1.1983,2918,2
rep4,1.1983,2919,2
rep4,1.1984,2920,2
rep4,1.1985,2921,2
rep4,1.1985,2922,2
rep4,1.1985,2923,2
rep4,1.1986,2924,2
rep4,1.1987,2925,2
rep4,1.1987,2926,2
rep4,1.1988,2927,2
rep4,1.1989,2928,2
rep4,1.1989,2929,2
rep4,1.1989,2930,2
rep4,1.1989,2931,2
rep4,1.1991,2932,2
rep4,1.1992,2933,2
rep4,1.1993,2934,2
rep4,1.1993,2935,2
rep4,1.1994,2936,2
rep4,1.1994,2937,2
rep4,1.1995,2938,2
rep4,1.1995,2939,2
rep4,1.1996,2940,2
rep4,1.1996,2941,2
rep4,1.1998,2942,2
rep4,1.1999,2943,2
rep4,1.2,2944,2
rep4,1.2001,2945,2
rep4,1.2002,2946,2
rep4,1.2003,2947,2
rep4,1.2005,2948,2
rep4,1.2005,2949,2
rep4,1.2006,2950,2
rep4,1.2007,2951,2
rep4,1.2007,2952,2
rep4,1.2007,2953,2
rep4,1.2008,2954,2
rep4,1.2009,2955,2
rep4,1.2009,2956,2
rep4,1.2009,2957,2
rep4,1.201,2958,2
rep4,1.2011,2959,2
rep4,1.2012,2960,2
rep4,1.2013,2961,2
rep4,1.2013,2962,2
rep4,1.2013,2963,2
rep4,1.2014,2964,2
rep4,1.2015,2965,2
rep4,1.2015,2966,2
rep4,1.2017,2967,2
rep4,1.2017,2968,2
rep4,1.2017,2969,2
rep4,1.2019,2970,2
rep4,1.2019,2971,2
rep4,1.2023,2972,2
rep4,1.2024,2973,2
rep4,1.2024,2974,2
rep4,1.2024,2975,2
rep4,1.2026,2976,2
rep4,1.2026,2977,2
rep4,1.2028,2978,2
rep4,1.2029,2979,2
rep4,1.2029,2980,2
rep4,1.2029,2981,2
rep4,1.2031,2982,2
rep4,1.2032,2983,2
rep4,1.2033,2984,2
rep4,1.2034,2985,2
rep4,1.2036,2986,2
rep4,1.2036,2987,2
rep4,1.2037,2988,2
rep4,1.2038,2989,2
rep4,1.2038,2990,2
rep4,1.2038,2991,2
rep4,1.2038,2992,2
rep4,1.2038,2993,2
rep4,1.2039,2994,2
rep4,1.2039,2995,2
rep4,1.204,2996,2
rep4,1.204,2997,2
rep4,1.2041,2998,2
rep4,1.2042,2999,2
rep4,1.2042,3000,2
rep4,1.2043,3001,2
rep4,1.2044,3002,2
rep4,1.2044,3003,2
rep4,1.2045,3004,2
rep4,1.2045,3005,2
rep4,1.2045,3006,2
rep4,1.2046,3007,2
rep4,1.2047,3008,2
rep4,1.2048,3009,2
rep4,1.2048,3010,2
rep4,1.2048,3011,2
rep4,1.2049,3012,2
rep4,1.205,3013,2
rep4,1.205,3014,2
rep4,1.2051,3015,2
rep4,1.2051,3016,2
rep4,1.2052,3017,2
rep4,1.2053,3018,2
rep4,1.2053,3019,2
rep4,1.2054,3020,2
rep4,1.2056,3021,2
rep4,1.2056,3022,2
rep4,1.2056,3023,2
rep4,1.2058,3024,2
rep4,1.2059,3025,2
rep4,1.2059,3026,2
rep4,1.206,3027,2
rep4,1.2062,3028,2
rep4,1.2063,3029,2
rep4,1.2064,3030,2
rep4,1.2064,3031,2
rep4,1.2065,3032,2
rep4,1.2066,3033,2
rep4,1.2067,3034,2
rep4,1.2067,3035,2
rep4,1.2068,3036,2
rep4,1.2068,3037,2
rep4,1.2069,3038,2
rep4,1.2069,3039,2
rep4,1.2071,3040,2
rep4,1.2071,3041,2
rep4,1.2072,3042,2
rep4,1.2072,3043,2
rep4,1.2072,3044,2
rep4,1.2074,3045,2
rep4,1.2075,3046,2
rep4,1.2075,3047,2
rep4,1.2076,3048,2
rep4,1.2077,3049,2
rep4,1.2077,3050,2
rep4,1.2078,3051,2
rep4,1.2078,3052,2
rep4,1.2079,3053,2
rep4,1.2079,3054,2
rep4,1.2079,3055,2
rep4,1.208,3056,2
rep4,1.2081,3057,2
rep4,1.2081,3058,2
rep4,1.2083,3059,2
rep4,1.2084,3060,2
rep4,1.2084,3061,2
rep4,1.2085,3062,2
rep4,1.2085,3063,2
rep4,1.2086,3064,2
rep4,1.2087,3065,2
rep4,1.2087,3066,2
rep4,1.2087,3067,2
rep4,1.2088,3068,2
rep4,1.2089,3069,2
rep4,1.2089,3070,2
rep4,1.209,3071,2
rep4,1.209,3072,2
rep4,1.2092,3073,2
rep4,1.2092,3074,2
rep4,1.2093,3075,2
rep4,1.2094,3076,2
rep4,1.2095,3077,2
rep4,1.2096,3078,2
rep4,1.2097,3079,2
rep4,1.2099,3080,2
rep4,1.2099,3081,2
rep4,1.21,3082,2
rep4,1.21,3083,2
rep4,1.2101,3084,2
rep4,1.2102,3085,2
rep4,1.2105,3086,2
rep4,1.2107,3087,2
rep4,1.2107,3088,2
rep4,1.2107,3089,2
rep4,1.2108,3090,2
rep4,1.2109,3091,2
rep4,1.2109,3092,2
rep4,1.2111,3093,2
rep4,1.2111,3094,2
rep4,1.2111,3095,2
rep4,1.2111,3096,2
rep4,1.2112,3097,2
rep4,1.2113,3098,2
rep4,1.2114,3099,2
rep4,1.2115,3100,2
rep4,1.2116,3101,2
rep4,1.2116,3102,2
rep4,1.2116,3103,2
rep4,1.2116,3104,2
rep4,1.2116,3105,2
rep4,1.2116,3106,2
rep4,1.2117,3107,2
rep4,1.2117,3108,2
rep4,1.2118,3109,2
rep4,1.2122,3110,2
rep4,1.2122,3111,2
rep4,1.2122,3112,2
rep4,1.2123,3113,2
rep4,1.2123,3114,2
rep4,1.2124,3115,2
rep4,1.2125,3116,2
rep4,1.2127,3117,2
rep4,1.2127,3118,2
rep4,1.2127,3119,2
rep4,1.2128,3120,2
rep4,1.2132,3121,2
rep4,1.2134,3122,2
rep4,1.2134,3123,2
rep4,1.2135,3124,2
rep4,1.2135,3125,2
rep4,1.2136,3126,2
rep4,1.2136,3127,2
rep4,1.2136,3128,2
rep4,1.2137,3129,2
rep4,1.2138,3130,2
rep4,1.2139,3131,2
rep4,1.2139,3132,2
rep4,1.2141,3133,2
rep4,1.2143,3134,2
rep4,1.2143,3135,2
rep4,1.2144,3136,2
rep4,1.2144,3137,2
rep4,1.2146,3138,2
rep4,1.2146,3139,2
rep4,1.2146,3140,2
rep4,1.2149,3141,2
rep4,1.215,3142,2
rep4,1.215,3143,2
rep4,1.2151,3144,2
rep4,1.2151,3145,2
rep4,1.2151,3146,2
rep4,1.2154,3147,2
rep4,1.2154,3148,2
rep4,1.2154,3149,2
rep4,1.2155,3150,2
rep4,1.2155,3151,2
rep4,1.2155,3152,2
rep4,1.2155,3153,2
rep4,1.2156,3154,2
rep4,1.2158,3155,2
rep4,1.2159,3156,2
rep4,1.216,3157,2
rep4,1.2161,3158,2
rep4,1.2161,3159,2
rep4,1.2162,3160,2
rep4,1.2162,3161,2
rep4,1.2162,3162,2
rep4,1.2163,3163,2
rep4,1.2165,3164,2
rep4,1.2166,3165,2
rep4,1.2166,3166,2
rep4,1.2167,3167,2
rep4,1.2168,3168,2
rep4,1.217,3169,2
rep4,1.217,3170,2
rep4,1.2171,3171,2
rep4,1.2172,3172,2
rep4,1.2174,3173,2
rep4,1.2175,3174,2
rep4,1.2175,3175,2
rep4,1.2176,3176,2
rep4,1.2177,3177,2
rep4,1.2177,3178,2
rep4,1.2178,3179,2
rep4,1.2178,3180,2
rep4,1.2178,3181,2
rep4,1.2179,3182,2
rep4,1.218,3183,2
rep4,1.218,3184,2
rep4,1.218,3185,2
rep4,1.2181,3186,2
rep4,1.2182,3187,2
rep4,1.2182,3188,2
rep4,1.2183,3189,2
rep4,1.2183,3190,2
rep4,1.2186,3191,2
rep4,1.2186,3192,2
rep4,1.2187,3193,2
rep4,1.2187,3194,2
rep4,1.2187,3195,2
rep4,1.2189,3196,2
rep4,1.2191,3197,2
rep4,1.2192,3198,2
rep4,1.2193,3199,2
rep4,1.2194,3200,2
rep4,1.2195,3201,2
rep4,1.2195,3202,2
rep4,1.2196,3203,2
rep4,1.2196,3204,2
rep4,1.2197,3205,2
rep4,1.2198,3206,2
rep4,1.2199,3207,2
rep4,1.2201,3208,2
rep4,1.2202,3209,2
rep4,1.2202,3210,2
rep4,1.2203,3211,2
rep4,1.2204,3212,2
rep4,1.2204,3213,2
rep4,1.2205,3214,2
rep4,1.2207,3215,2
rep4,1.2208,3216,2
rep4,1.221,3217,2
rep4,1.221,3218,2
rep4,1.2211,3219,2
rep4,1.2211,3220,2
rep4,1.2211,3221,2
rep4,1.2212,3222,2
rep4,1.2213,3223,2
rep4,1.2213,3224,2
rep4,1.2214,3225,2
rep4,1.2214,3226,2
rep4,1.2214,3227,2
rep4,1.2216,3228,2
rep4,1.2217,3229,2
rep4,1.222,3230,2
rep4,1.222,3231,2
rep4,1.2221,3232,2
rep4,1.2221,3233,2
rep4,1.2222,3234,2
rep4,1.2223,3235,2
rep4,1.2224,3236,2
rep4,1.2224,3237,2
rep4,1.2225,3238,2
rep4,1.2225,3239,2
rep4,1.2226,3240,2
rep4,1.2227,3241,2
rep4,1.2227,3242,2
rep4,1.2229,3243,2
rep4,1.2229,3244,2
rep4,1.2229,3245,2
rep4,1.2229,3246,2
rep4,1.223,3247,2
rep4,1.223,3248,2
rep4,1.223,3249,2
rep4,1.2239,3250,2
rep4,1.224,3251,2
rep4,1.2243,3252,2
rep4,1.2243,3253,2
rep4,1.2244,3254,2
rep4,1.2245,3255,2
rep4,1.2245,3256,2
rep4,1.2246,3257,2
rep4,1.2247,3258,2
rep4,1.2248,3259,2
rep4,1.2251,3260,2
rep4,1.2252,3261,2
rep4,1.2253,3262,2
rep4,1.2254,3263,2
rep4,1.2257,3264,2
rep4,1.2259,3265,2
rep4,1.2259,3266,2
rep4,1.226,3267,2
rep4,1.226,3268,2
rep4,1.226,3269,2
rep4,1.2263,3270,2
rep4,1.2264,3271,2
rep4,1.2264,3272,2
rep4,1.2265,3273,2
rep4,1.2265,3274,2
rep4,1.2266,3275,2
rep4,1.2266,3276,2
rep4,1.2266,3277,2
rep4,1.2267,3278,2
rep4,1.2268,3279,2
rep4,1.2269,3280,2
rep4,1.227,3281,2
rep4,1.227,3282,2
rep4,1.2272,3283,2
rep4,1.2273,3284,2
rep4,1.2273,3285,2
rep4,1.2274,3286,2
rep4,1.2274,3287,2
rep4,1.2274,3288,2
rep4,1.2276,3289,2
rep4,1.2277,3290,2
rep4,1.2277,3291,2
rep4,1.2277,3292,2
rep4,1.2277,3293,2
rep4,1.2278,3294,2
rep4,1.2279,3295,2
rep4,1.2279,3296,2
rep4,1.2279,3297,2
rep4,1.228,3298,2
rep4,1.228,3299,2
rep4,1.228,3300,2
rep4,1.228,3301,2
rep4,1.228,3302,2
rep4,1.2281,3303,2
rep4,1.2281,3304,2
rep4,1.2284,3305,2
rep4,1.2284,3306,2
rep4,1.2288,3307,2
rep4,1.2288,3308,2
rep4,1.2288,3309,2
rep4,1.2289,3310,2
rep4,1.229,3311,2
rep4,1.229,3312,2
rep4,1.2291,3313,2
rep4,1.2291,3314,2
rep4,1.2292,3315,2
rep4,1.2292,3316,2
rep4,1.2293,3317,2
rep4,1.2293,3318,2
rep4,1.2294,3319,2
rep4,1.2294,3320,2
rep4,1.2295,3321,2
rep4,1.2296,3322,2
rep4,1.2297,3323,2
rep4,1.2297,3324,2
rep4,1.2297,3325,2
rep4,1.2298,3326,2
rep4,1.2299,3327,2
rep4,1.23,3328,2
rep4,1.2301,3329,2
rep4,1.2301,3330,2
rep4,1.2302,3331,2
rep4,1.2302,3332,2
rep4,1.2302,3333,2
rep4,1.2303,3334,2
rep4,1.2304,3335,2
rep4,1.2306,3336,2
rep4,1.2306,3337,2
rep4,1.2307,3338,2
rep4,1.2308,3339,2
rep4,1.2308,3340,2
rep4,1.2309,3341,2
rep4,1.2309,3342,2
rep4,1.2309,3343,2
rep4,1.2312,3344,2
rep4,1.2312,3345,2
rep4,1.2313,3346,2
rep4,1.2314,3347,2
rep4,1.2315,3348,2
rep4,1.2316,3349,2
rep4,1.2316,3350,2
rep4,1.2316,3351,2
rep4,1.2317,3352,2
rep4,1.2318,3353,2
rep4,1.2318,3354,2
rep4,1.2318,3355,2
rep4,1.2319,3356,2
rep4,1.232,3357,2
rep4,1.232,3358,2
rep4,1.232,3359,2
rep4,1.232,3360,2
rep4,1.232,3361,2
rep4,1.2321,3362,2
rep4,1.2321,3363,2
rep4,1.2322,3364,2
rep4,1.2323,3365,2
rep4,1.2326,3366,2
rep4,1.2326,3367,2
rep4,1.2326,3368,2
rep4,1.2327,3369,2
rep4,1.2327,3370,2
rep4,1.2328,3371,2
rep4,1.2328,3372,2
rep4,1.2328,3373,2
rep4,1.2329,3374,2
rep4,1.233,3375,2
rep4,1.233,3376,2
rep4,1.2331,3377,2
rep4,1.2331,3378,2
rep4,1.2331,3379,2
rep4,1.2331,3380,2
rep4,1.2331,3381,2
rep4,1.2331,3382,2
rep4,1.2334,3383,2
rep4,1.2335,3384,2
rep4,1.2336,3385,2
rep4,1.2338,3386,2
rep4,1.2339,3387,2
rep4,1.234,3388,2
rep4,1.234,3389,2
rep4,1.2341,3390,2
rep4,1.2341,3391,2
rep4,1.2342,3392,2
rep4,1.2346,3393,2
rep4,1.2348,3394,2
rep4,1.2349,3395,2
rep4,1.2349,3396,2
rep4,1.2355,3397,2
rep4,1.2357,3398,2
rep4,1.2357,3399,2
rep4,1.2358,3400,2
rep4,1.2358,3401,2
rep4,1.2359,3402,2
rep4,1.236,3403,2
rep4,1.2361,3404,2
rep4,1.2361,3405,2
rep4,1.2361,3406,2
rep4,1.2363,3407,2
rep4,1.2364,3408,2
rep4,1.2364,3409,2
rep4,1.2365,3410,2
rep4,1.2366,3411,2
rep4,1.2367,3412,2
rep4,1.2368,3413,2
rep4,1.2368,3414,2
rep4,1.2371,3415,2
rep4,1.2373,3416,2
rep4,1.2376,3417,2
rep4,1.2376,3418,2
rep4,1.2377,3419,2
rep4,1.2379,3420,2
rep4,1.2379,3421,2
rep4,1.2379,3422,2
rep4,1.2379,3423,2
rep4,1.2381,3424,2
rep4,1.2382,3425,2
rep4,1.2384,3426,2
rep4,1.2385,3427,2
rep4,1.2385,3428,2
rep4,1.2385,3429,2
rep4,1.2387,3430,2
rep4,1.2387,3431,2
rep4,1.2387,3432,2
rep4,1.2387,3433,2
rep4,1.2388,3434,2
rep4,1.239,3435,2
rep4,1.239,3436,2
rep4,1.2392,3437,2
rep4,1.2392,3438,2
rep4,1.2394,3439,2
rep4,1.2394,3440,2
rep4,1.2397,3441,2
rep4,1.2398,3442,2
rep4,1.2399,3443,2
rep4,1.2399,3444,2
rep4,1.24,3445,2
rep4,1.2402,3446,2
rep4,1.2403,3447,2
rep4,1.2404,3448,2
rep4,1.2404,3449,2
rep4,1.2404,3450,2
rep4,1.2405,3451,2
rep4,1.2405,3452,2
rep4,1.2405,3453,2
rep4,1.2406,3454,2
rep4,1.2407,3455,2
rep4,1.2409,3456,2
rep4,1.2409,3457,2
rep4,1.2409,3458,2
rep4,1.241,3459,2
rep4,1.241,3460,2
rep4,1.2412,3461,2
rep4,1.2417,3462,2
rep4,1.2418,3463,2
rep4,1.2418,3464,2
rep4,1.2418,3465,2
rep4,1.2419,3466,2
rep4,1.2419,3467,2
rep4,1.242,3468,2
rep4,1.242,3469,2
rep4,1.2421,3470,2
rep4,1.2423,3471,2
rep4,1.2423,3472,2
rep4,1.2424,3473,2
rep4,1.2424,3474,2
rep4,1.2425,3475,2
rep4,1.2426,3476,2
rep4,1.2427,3477,2
rep4,1.2427,3478,2
rep4,1.2428,3479,2
rep4,1.2429,3480,2
rep4,1.2429,3481,2
rep4,1.2429,3482,2
rep4,1.2431,3483,2
rep4,1.2432,3484,2
rep4,1.2432,3485,2
rep4,1.2433,3486,2
rep4,1.2433,3487,2
rep4,1.2434,3488,2
rep4,1.2436,3489,2
rep4,1.2437,3490,2
rep4,1.244,3491,2
rep4,1.244,3492,2
rep4,1.2441,3493,2
rep4,1.2442,3494,2
rep4,1.2443,3495,2
rep4,1.2445,3496,2
rep4,1.2445,3497,2
rep4,1.2445,3498,2
rep4,1.2446,3499,2
rep4,1.2448,3500,2
rep4,1.2448,3501,2
rep4,1.2449,3502,2
rep4,1.2449,3503,2
rep4,1.245,3504,2
rep4,1.245,3505,2
rep4,1.2453,3506,2
rep4,1.2454,3507,2
rep4,1.2456,3508,2
rep4,1.2456,3509,2
rep4,1.2457,3510,2
rep4,1.2457,3511,2
rep4,1.2459,3512,2
rep4,1.2461,3513,2
rep4,1.2461,3514,2
rep4,1.2462,3515,2
rep4,1.2463,3516,2
rep4,1.2463,3517,2
rep4,1.2464,3518,2
rep4,1.2466,3519,2
rep4,1.2466,3520,2
rep4,1.2467,3521,2
rep4,1.2468,3522,2
rep4,1.2468,3523,2
rep4,1.2468,3524,2
rep4,1.247,3525,2
rep4,1.247,3526,2
rep4,1.2471,3527,2
rep4,1.2471,3528,2
rep4,1.2472,3529,2
rep4,1.2473,3530,2
rep4,1.2473,3531,2
rep4,1.2474,3532,2
rep4,1.2475,3533,2
rep4,1.2476,3534,2
rep4,1.2477,3535,2
rep4,1.2477,3536,2
rep4,1.2479,3537,2
rep4,1.2479,3538,2
rep4,1.2483,3539,2
rep4,1.2485,3540,2
rep4,1.2487,3541,2
rep4,1.2488,3542,2
rep4,1.2489,3543,2
rep4,1.249,3544,2
rep4,1.2492,3545,2
rep4,1.2493,3546,2
rep4,1.2493,3547,2
rep4,1.2494,3548,2
rep4,1.2495,3549,2
rep4,1.2496,3550,2
rep4,1.2497,3551,2
rep4,1.2497,3552,2
rep4,1.2497,3553,2
rep4,1.2498,3554,2
rep4,1.2498,3555,2
rep4,1.2501,3556,2
rep4,1.2501,3557,2
rep4,1.2502,3558,2
rep4,1.2503,3559,2
rep4,1.2503,3560,2
rep4,1.2506,3561,2
rep4,1.2506,3562,2
rep4,1.2507,3563,2
rep4,1.2507,3564,2
rep4,1.2508,3565,2
rep4,1.2509,3566,2
rep4,1.251,3567,2
rep4,1.2511,3568,2
rep4,1.2512,3569,2
rep4,1.2513,3570,2
rep4,1.2515,3571,2
rep4,1.2517,3572,2
rep4,1.2518,3573,2
rep4,1.2521,3574,2
rep4,1.2522,3575,2
rep4,1.2523,3576,2
rep4,1.2524,3577,2
rep4,1.2525,3578,2
rep4,1.2526,3579,2
rep4,1.2529,3580,2
rep4,1.2533,3581,2
rep4,1.2534,3582,2
rep4,1.2535,3583,2
rep4,1.2535,3584,2
rep4,1.2536,3585,2
rep4,1.2539,3586,2
rep4,1.254,3587,2
rep4,1.2541,3588,2
rep4,1.2542,3589,2
rep4,1.2542,3590,2
rep4,1.2542,3591,2
rep4,1.2543,3592,2
rep4,1.2543,3593,2
rep4,1.2545,3594,2
rep4,1.2545,3595,2
rep4,1.2546,3596,2
rep4,1.2546,3597,2
rep4,1.2548,3598,2
rep4,1.2548,3599,2
rep4,1.255,3600,2
rep4,1.2551,3601,2
rep4,1.2552,3602,2
rep4,1.2554,3603,2
rep4,1.2554,3604,2
rep4,1.2554,3605,2
rep4,1.2555,3606,2
rep4,1.2557,3607,2
rep4,1.2558,3608,2
rep4,1.2559,3609,2
rep4,1.2561,3610,2
rep4,1.2563,3611,2
rep4,1.2566,3612,2
rep4,1.2566,3613,2
rep4,1.2566,3614,2
rep4,1.2569,3615,2
rep4,1.2569,3616,2
rep4,1.257,3617,2
rep4,1.257,3618,2
rep4,1.2571,3619,2
rep4,1.2571,3620,2
rep4,1.2571,3621,2
rep4,1.2573,3622,2
rep4,1.2573,3623,2
rep4,1.2574,3624,2
rep4,1.2576,3625,2
rep4,1.2577,3626,2
rep4,1.2578,3627,2
rep4,1.2579,3628,2
rep4,1.2579,3629,2
rep4,1.258,3630,2
rep4,1.258,3631,2
rep4,1.2582,3632,2
rep4,1.2583,3633,2
rep4,1.2584,3634,2
rep4,1.2584,3635,2
rep4,1.2586,3636,2
rep4,1.2587,3637,2
rep4,1.2588,3638,2
rep4,1.2589,3639,2
rep4,1.2591,3640,2
rep4,1.2591,3641,2
rep4,1.2592,3642,2
rep4,1.2593,3643,2
rep4,1.2593,3644,2
rep4,1.2593,3645,2
rep4,1.2595,3646,2
rep4,1.2595,3647,2
rep4,1.2598,3648,2
rep4,1.2599,3649,2
rep4,1.26,3650,2
rep4,1.2601,3651,2
rep4,1.2601,3652,2
rep4,1.2602,3653,2
rep4,1.2602,3654,2
rep4,1.2604,3655,2
rep4,1.2604,3656,2
rep4,1.2605,3657,2
rep4,1.2606,3658,2
rep4,1.2607,3659,2
rep4,1.2608,3660,2
rep4,1.2608,3661,2
rep4,1.2608,3662,2
rep4,1.2609,3663,2
rep4,1.261,3664,2
rep4,1.2612,3665,2
rep4,1.2612,3666,2
rep4,1.2613,3667,2
rep4,1.2613,3668,2
rep4,1.2613,3669,2
rep4,1.2613,3670,2
rep4,1.2613,3671,2
rep4,1.2614,3672,2
rep4,1.2615,3673,2
rep4,1.2615,3674,2
rep4,1.2616,3675,2
rep4,1.2618,3676,2
rep4,1.2619,3677,2
rep4,1.2619,3678,2
rep4,1.262,3679,2
rep4,1.262,3680,2
rep4,1.2621,3681,2
rep4,1.2622,3682,2
rep4,1.2622,3683,2
rep4,1.2623,3684,2
rep4,1.2625,3685,2
rep4,1.2626,3686,2
rep4,1.2629,3687,2
rep4,1.2629,3688,2
rep4,1.263,3689,2
rep4,1.2631,3690,2
rep4,1.2633,3691,2
rep4,1.2633,3692,2
rep4,1.2634,3693,2
rep4,1.2635,3694,2
rep4,1.2636,3695,2
rep4,1.2636,3696,2
rep4,1.2637,3697,2
rep4,1.2637,3698,2
rep4,1.2638,3699,2
rep4,1.2639,3700,2
rep4,1.264,3701,2
rep4,1.2641,3702,2
rep4,1.2641,3703,2
rep4,1.2642,3704,2
rep4,1.2643,3705,2
rep4,1.2644,3706,2
rep4,1.2645,3707,2
rep4,1.2646,3708,2
rep4,1.2646,3709,2
rep4,1.2646,3710,2
rep4,1.2647,3711,2
rep4,1.2647,3712,2
rep4,1.2647,3713,2
rep4,1.2647,3714,2
rep4,1.2648,3715,2
rep4,1.2649,3716,2
rep4,1.2649,3717,2
rep4,1.265,3718,2
rep4,1.2652,3719,2
rep4,1.2653,3720,2
rep4,1.2657,3721,2
rep4,1.2658,3722,2
rep4,1.2662,3723,2
rep4,1.2662,3724,2
rep4,1.2663,3725,2
rep4,1.2664,3726,2
rep4,1.2664,3727,2
rep4,1.2665,3728,2
rep4,1.2667,3729,2
rep4,1.2667,3730,2
rep4,1.2667,3731,2
rep4,1.2668,3732,2
rep4,1.2668,3733,2
rep4,1.2669,3734,2
rep4,1.2669,3735,2
rep4,1.267,3736,2
rep4,1.267,3737,2
rep4,1.2671,3738,2
rep4,1.2673,3739,2
rep4,1.2675,3740,2
rep4,1.2676,3741,2
rep4,1.2677,3742,2
rep4,1.2677,3743,2
rep4,1.2678,3744,2
rep4,1.2678,3745,2
rep4,1.268,3746,2
rep4,1.2681,3747,2
rep4,1.2681,3748,2
rep4,1.2684,3749,2
rep4,1.2684,3750,2
rep4,1.2684,3751,2
rep4,1.2689,3752,2
rep4,1.2689,3753,2
rep4,1.269,3754,2
rep4,1.2691,3755,2
rep4,1.2692,3756,2
rep4,1.2695,3757,2
rep4,1.2697,3758,2
rep4,1.2698,3759,2
rep4,1.27,3760,2
rep4,1.2701,3761,2
rep4,1.2701,3762,2
rep4,1.2702,3763,2
rep4,1.2703,3764,2
rep4,1.2703,3765,2
rep4,1.2705,3766,2
rep4,1.2706,3767,2
rep4,1.2707,3768,2
rep4,1.2709,3769,2
rep4,1.2709,3770,2
rep4,1.2709,3771,2
rep4,1.271,3772,2
rep4,1.271,3773,2
rep4,1.271,3774,2
rep4,1.271,3775,2
rep4,1.2712,3776,2
rep4,1.2713,3777,2
rep4,1.2714,3778,2
rep4,1.2714,3779,2
rep4,1.2715,3780,2
rep4,1.2716,3781,2
rep4,1.2717,3782,2
rep4,1.2718,3783,2
rep4,1.272,3784,2
rep4,1.2721,3785,2
rep4,1.2722,3786,2
rep4,1.2722,3787,2
rep4,1.2723,3788,2
rep4,1.2723,3789,2
rep4,1.2727,3790,2
rep4,1.2728,3791,2
rep4,1.2729,3792,2
rep4,1.2731,3793,2
rep4,1.2732,3794,2
rep4,1.2732,3795,2
rep4,1.2733,3796,2
rep4,1.2734,3797,2
rep4,1.2735,3798,2
rep4,1.2737,3799,2
rep4,1.2738,3800,2
rep4,1.2738,3801,2
rep4,1.2739,3802,2
rep4,1.2741,3803,2
rep4,1.2742,3804,2
rep4,1.2743,3805,2
rep4,1.2747,3806,2
rep4,1.2748,3807,2
rep4,1.2748,3808,2
rep4,1.275,3809,2
rep4,1.275,3810,2
rep4,1.2752,3811,2
rep4,1.2752,3812,2
rep4,1.2752,3813,2
rep4,1.2753,3814,2
rep4,1.2756,3815,2
rep4,1.2756,3816,2
rep4,1.2758,3817,2
rep4,1.276,3818,2
rep4,1.276,3819,2
rep4,1.2761,3820,2
rep4,1.2761,3821,2
rep4,1.2762,3822,2
rep4,1.2763,3823,2
rep4,1.2764,3824,2
rep4,1.2764,3825,2
rep4,1.2764,3826,2
rep4,1.2765,3827,2
rep4,1.2766,3828,2
rep4,1.2767,3829,2
rep4,1.2767,3830,2
rep4,1.2768,3831,2
rep4,1.2768,3832,2
rep4,1.2768,3833,2
rep4,1.277,3834,2
rep4,1.2771,3835,2
rep4,1.2771,3836,2
rep4,1.2772,3837,2
rep4,1.2774,3838,2
rep4,1.2775,3839,2
rep4,1.2777,3840,2
rep4,1.2777,3841,2
rep4,1.2777,3842,2
rep4,1.2777,3843,2
rep4,1.2781,3844,2
rep4,1.2782,3845,2
rep4,1.2786,3846,2
rep4,1.2787,3847,2
rep4,1.2787,3848,2
rep4,1.2792,3849,2
rep4,1.2794,3850,2
rep4,1.2795,3851,2
rep4,1.2796,3852,2
rep4,1.2799,3853,2
rep4,1.28,3854,2
rep4,1.28,3855,2
rep4,1.2803,3856,2
rep4,1.2805,3857,2
rep4,1.2807,3858,2
rep4,1.2808,3859,2
rep4,1.281,3860,2
rep4,1.2811,3861,2
rep4,1.2812,3862,2
rep4,1.2812,3863,2
rep4,1.2814,3864,2
rep4,1.2815,3865,2
rep4,1.2817,3866,2
rep4,1.2818,3867,2
rep4,1.2823,3868,2
rep4,1.2823,3869,2
rep4,1.2824,3870,2
rep4,1.2825,3871,2
rep4,1.2826,3872,2
rep4,1.2826,3873,2
rep4,1.2827,3874,2
rep4,1.2828,3875,2
rep4,1.2829,3876,2
rep4,1.2829,3877,2
rep4,1.283,3878,2
rep4,1.283,3879,2
rep4,1.2831,3880,2
rep4,1.2831,3881,2
rep4,1.2834,3882,2
rep4,1.2835,3883,2
rep4,1.2835,3884,2
rep4,1.2839,3885,2
rep4,1.2842,3886,2
rep4,1.2844,3887,2
rep4,1.2848,3888,2
rep4,1.2849,3889,2
rep4,1.2851,3890,2
rep4,1.2853,3891,2
rep4,1.2854,3892,2
rep4,1.2855,3893,2
rep4,1.2855,3894,2
rep4,1.2855,3895,2
rep4,1.2856,3896,2
rep4,1.2857,3897,2
rep4,1.2857,3898,2
rep4,1.2858,3899,2
rep4,1.2859,3900,2
rep4,1.2861,3901,2
rep4,1.2863,3902,2
rep4,1.2863,3903,2
rep4,1.2864,3904,2
rep4,1.2865,3905,2
rep4,1.2866,3906,2
rep4,1.2867,3907,2
rep4,1.2869,3908,2
rep4,1.2869,3909,2
rep4,1.287,3910,2
rep4,1.287,3911,2
rep4,1.2871,3912,2
rep4,1.2871,3913,2
rep4,1.2872,3914,2
rep4,1.2872,3915,2
rep4,1.2872,3916,2
rep4,1.2873,3917,2
rep4,1.2874,3918,2
rep4,1.2875,3919,2
rep4,1.2877,3920,2
rep4,1.2877,3921,2
rep4,1.2879,3922,2
rep4,1.2879,3923,2
rep4,1.288,3924,2
rep4,1.288,3925,2
rep4,1.2882,3926,2
rep4,1.2882,3927,2
rep4,1.2883,3928,2
rep4,1.2883,3929,2
rep4,1.2885,3930,2
rep4,1.2887,3931,2
rep4,1.2891,3932,2
rep4,1.2892,3933,2
rep4,1.2893,3934,2
rep4,1.2895,3935,2
rep4,1.2896,3936,2
rep4,1.2897,3937,2
rep4,1.2897,3938,2
rep4,1.2901,3939,2
rep4,1.2906,3940,2
rep4,1.291,3941,2
rep4,1.291,3942,2
rep4,1.2913,3943,2
rep4,1.2913,3944,2
rep4,1.2914,3945,2
rep4,1.2917,3946,2
rep4,1.2917,3947,2
rep4,1.2917,3948,2
rep4,1.2919,3949,2
rep4,1.2919,3950,2
rep4,1.292,3951,2
rep4,1.2921,3952,2
rep4,1.2923,3953,2
rep4,1.2926,3954,2
rep4,1.2927,3955,2
rep4,1.2927,3956,2
rep4,1.2928,3957,2
rep4,1.2928,3958,2
rep4,1.2929,3959,2
rep4,1.293,3960,2
rep4,1.2931,3961,2
rep4,1.2933,3962,2
rep4,1.2934,3963,2
rep4,1.2935,3964,2
rep4,1.2935,3965,2
rep4,1.2936,3966,2
rep4,1.2937,3967,2
rep4,1.2937,3968,2
rep4,1.2937,3969,2
rep4,1.2938,3970,2
rep4,1.2938,3971,2
rep4,1.2939,3972,2
rep4,1.294,3973,2
rep4,1.2942,3974,2
rep4,1.2942,3975,2
rep4,1.2942,3976,2
rep4,1.2942,3977,2
rep4,1.2944,3978,2
rep4,1.2945,3979,2
rep4,1.2946,3980,2
rep4,1.2947,3981,2
rep4,1.2948,3982,2
rep4,1.2949,3983,2
rep4,1.295,3984,2
rep4,1.295,3985,2
rep4,1.2953,3986,2
rep4,1.2955,3987,2
rep4,1.2955,3988,2
rep4,1.2957,3989,2
rep4,1.2959,3990,2
rep4,1.296,3991,2
rep4,1.296,3992,2
rep4,1.2961,3993,2
rep4,1.2961,3994,2
rep4,1.2962,3995,2
rep4,1.2963,3996,2
rep4,1.2969,3997,2
rep4,1.2969,3998,2
rep4,1.2971,3999,2
rep4,1.2972,4000,2
rep4,1.2973,4001,2
rep4,1.2973,4002,2
rep4,1.2973,4003,2
rep4,1.2973,4004,2
rep4,1.2973,4005,2
rep4,1.2973,4006,2
rep4,1.2976,4007,2
rep4,1.2978,4008,2
rep4,1.298,4009,2
rep4,1.2981,4010,2
rep4,1.2982,4011,2
rep4,1.2983,4012,2
rep4,1.2984,4013,2
rep4,1.2988,4014,2
rep4,1.2988,4015,2
rep4,1.2988,4016,2
rep4,1.2993,4017,2
rep4,1.2994,4018,2
rep4,1.2994,4019,2
rep4,1.2996,4020,2
rep4,1.2997,4021,2
rep4,1.2997,4022,2
rep4,1.2998,4023,2
rep4,1.2999,4024,2
rep4,1.3,4025,2
rep4,1.3002,4026,2
rep4,1.3003,4027,2
rep4,1.3003,4028,2
rep4,1.3004,4029,2
rep4,1.3006,4030,2
rep4,1.3008,4031,2
rep4,1.3008,4032,2
rep4,1.3009,4033,2
rep4,1.3009,4034,2
rep4,1.301,4035,2
rep4,1.301,4036,2
rep4,1.3011,4037,2
rep4,1.3012,4038,2
rep4,1.3012,4039,2
rep4,1.3015,4040,2
rep4,1.3019,4041,2
rep4,1.3021,4042,2
rep4,1.3022,4043,2
rep4,1.3023,4044,2
rep4,1.3023,4045,2
rep4,1.3024,4046,2
rep4,1.3025,4047,2
rep4,1.3026,4048,2
rep4,1.3026,4049,2
rep4,1.3029,4050,2
rep4,1.3029,4051,2
rep4,1.303,4052,2
rep4,1.3031,4053,2
rep4,1.3032,4054,2
rep4,1.3033,4055,2
rep4,1.3036,4056,2
rep4,1.3037,4057,2
rep4,1.3038,4058,2
rep4,1.3042,4059,2
rep4,1.3042,4060,2
rep4,1.3043,4061,2
rep4,1.3043,4062,2
rep4,1.3044,4063,2
rep4,1.3045,4064,2
rep4,1.3046,4065,2
rep4,1.3046,4066,2
rep4,1.3047,4067,2
rep4,1.3048,4068,2
rep4,1.3048,4069,2
rep4,1.3049,4070,2
rep4,1.3051,4071,2
rep4,1.3053,4072,2
rep4,1.3053,4073,2
rep4,1.3054,4074,2
rep4,1.3054,4075,2
rep4,1.3055,4076,2
rep4,1.3055,4077,2
rep4,1.3056,4078,2
rep4,1.3056,4079,2
rep4,1.3056,4080,2
rep4,1.3059,4081,2
rep4,1.306,4082,2
rep4,1.306,4083,2
rep4,1.3061,4084,2
rep4,1.3061,4085,2
rep4,1.3063,4086,2
rep4,1.3063,4087,2
rep4,1.3064,4088,2
rep4,1.3065,4089,2
rep4,1.3067,4090,2
rep4,1.3067,4091,2
rep4,1.3069,4092,2
rep4,1.307,4093,2
rep4,1.3072,4094,2
rep4,1.3073,4095,2
rep4,1.3073,4096,2
rep4,1.3076,4097,2
rep4,1.3076,4098,2
rep4,1.3077,4099,2
rep4,1.3079,4100,2
rep4,1.3079,4101,2
rep4,1.3081,4102,2
rep4,1.3082,4103,2
rep4,1.3083,4104,2
rep4,1.3084,4105,2
rep4,1.3085,4106,2
rep4,1.3085,4107,2
rep4,1.3088,4108,2
rep4,1.3088,4109,2
rep4,1.3089,4110,2
rep4,1.3089,4111,2
rep4,1.309,4112,2
rep4,1.3091,4113,2
rep4,1.3093,4114,2
rep4,1.3093,4115,2
rep4,1.3094,4116,2
rep4,1.3095,4117,2
rep4,1.3096,4118,2
rep4,1.3096,4119,2
rep4,1.3099,4120,2
rep4,1.3099,4121,2
rep4,1.31,4122,2
rep4,1.31,4123,2
rep4,1.31,4124,2
rep4,1.3102,4125,2
rep4,1.3103,4126,2
rep4,1.3104,4127,2
rep4,1.3104,4128,2
rep4,1.3107,4129,2
rep4,1.3108,4130,2
rep4,1.3109,4131,2
rep4,1.3109,4132,2
rep4,1.3119,4133,2
rep4,1.3123,4134,2
rep4,1.3124,4135,2
rep4,1.3125,4136,2
rep4,1.3126,4137,2
rep4,1.3127,4138,2
rep4,1.313,4139,2
rep4,1.3131,4140,2
rep4,1.3131,4141,2
rep4,1.3131,4142,2
rep4,1.3133,4143,2
rep4,1.3134,4144,2
rep4,1.3135,4145,2
rep4,1.3139,4146,2
rep4,1.314,4147,2
rep4,1.3144,4148,2
rep4,1.3146,4149,2
rep4,1.3149,4150,2
rep4,1.315,4151,2
rep4,1.3151,4152,2
rep4,1.3151,4153,2
rep4,1.3156,4154,2
rep4,1.3158,4155,2
rep4,1.3159,4156,2
rep4,1.316,4157,2
rep4,1.3161,4158,2
rep4,1.3163,4159,2
rep4,1.3165,4160,2
rep4,1.3166,4161,2
rep4,1.3168,4162,2
rep4,1.3168,4163,2
rep4,1.3171,4164,2
rep4,1.3171,4165,2
rep4,1.3172,4166,2
rep4,1.3174,4167,2
rep4,1.3175,4168,2
rep4,1.3176,4169,2
rep4,1.3177,4170,2
rep4,1.3179,4171,2
rep4,1.3182,4172,2
rep4,1.3182,4173,2
rep4,1.3183,4174,2
rep4,1.3187,4175,2
rep4,1.3191,4176,2
rep4,1.3193,4177,2
rep4,1.3193,4178,2
rep4,1.3194,4179,2
rep4,1.3196,4180,2
rep4,1.3197,4181,2
rep4,1.3201,4182,2
rep4,1.3201,4183,2
rep4,1.3201,4184,2
rep4,1.3201,4185,2
rep4,1.3202,4186,2
rep4,1.3203,4187,2
rep4,1.3203,4188,2
rep4,1.3203,4189,2
rep4,1.3203,4190,2
rep4,1.3204,4191,2
rep4,1.3206,4192,2
rep4,1.3207,4193,2
rep4,1.3208,4194,2
rep4,1.321,4195,2
rep4,1.3212,4196,2
rep4,1.3216,4197,2
rep4,1.3217,4198,2
rep4,1.3219,4199,2
rep4,1.322,4200,2
rep4,1.3224,4201,2
rep4,1.3224,4202,2
rep4,1.3226,4203,2
rep4,1.3226,4204,2
rep4,1.3227,4205,2
rep4,1.3227,4206,2
rep4,1.3227,4207,2
rep4,1.3227,4208,2
rep4,1.3227,4209,2
rep4,1.3228,4210,2
rep4,1.3228,4211,2
rep4,1.323,4212,2
rep4,1.323,4213,2
rep4,1.323,4214,2
rep4,1.323,4215,2
rep4,1.3233,4216,2
rep4,1.3234,4217,2
rep4,1.3237,4218,2
rep4,1.3239,4219,2
rep4,1.324,4220,2
rep4,1.3241,4221,2
rep4,1.3244,4222,2
rep4,1.3244,4223,2
rep4,1.3246,4224,2
rep4,1.3249,4225,2
rep4,1.3251,4226,2
rep4,1.3252,4227,2
rep4,1.3255,4228,2
rep4,1.3257,4229,2
rep4,1.3257,4230,2
rep4,1.3258,4231,2
rep4,1.3261,4232,2
rep4,1.3266,4233,2
rep4,1.3268,4234,2
rep4,1.3268,4235,2
rep4,1.3271,4236,2
rep4,1.3272,4237,2
rep4,1.3277,4238,2
rep4,1.328,4239,2
rep4,1.328,4240,2
rep4,1.328,4241,2
rep4,1.3281,4242,2
rep4,1.3284,4243,2
rep4,1.3285,4244,2
rep4,1.3285,4245,2
rep4,1.3285,4246,2
rep4,1.3287,4247,2
rep4,1.3288,4248,2
rep4,1.3289,4249,2
rep4,1.3289,4250,2
rep4,1.3291,4251,2
rep4,1.3294,4252,2
rep4,1.3295,4253,2
rep4,1.3296,4254,2
rep4,1.3296,4255,2
rep4,1.3296,4256,2
rep4,1.3299,4257,2
rep4,1.3301,4258,2
rep4,1.3305,4259,2
rep4,1.3305,4260,2
rep4,1.3307,4261,2
rep4,1.3311,4262,2
rep4,1.3312,4263,2
rep4,1.3314,4264,2
rep4,1.3316,4265,2
rep4,1.3319,4266,2
rep4,1.332,4267,2
rep4,1.3321,4268,2
rep4,1.3328,4269,2
rep4,1.3331,4270,2
rep4,1.3331,4271,2
rep4,1.3333,4272,2
rep4,1.3334,4273,2
rep4,1.3335,4274,2
rep4,1.334,4275,2
rep4,1.3341,4276,2
rep4,1.3343,4277,2
rep4,1.3346,4278,2
rep4,1.3346,4279,2
rep4,1.3351,4280,2
rep4,1.3354,4281,2
rep4,1.3356,4282,2
rep4,1.336,4283,2
rep4,1.336,4284,2
rep4,1.336,4285,2
rep4,1.3365,4286,2
rep4,1.3366,4287,2
rep4,1.3367,4288,2
rep4,1.3367,4289,2
rep4,1.3377,4290,2
rep4,1.3378,4291,2
rep4,1.3378,4292,2
rep4,1.3381,4293,2
rep4,1.3385,4294,2
rep4,1.3387,4295,2
rep4,1.3387,4296,2
rep4,1.3387,4297,2
rep4,1.339,4298,2
rep4,1.3391,4299,2
rep4,1.3393,4300,2
rep4,1.3393,4301,2
rep4,1.3395,4302,2
rep4,1.3395,4303,2
rep4,1.3398,4304,2
rep4,1.3399,4305,2
rep4,1.34,4306,2
rep4,1.3401,4307,2
rep4,1.3401,4308,2
rep4,1.3402,4309,2
rep4,1.3402,4310,2
rep4,1.3404,4311,2
rep4,1.3404,4312,2
rep4,1.3405,4313,2
rep4,1.3406,4314,2
rep4,1.3408,4315,2
rep4,1.3408,4316,2
rep4,1.3411,4317,2
rep4,1.3413,4318,2
rep4,1.3415,4319,2
rep4,1.3417,4320,2
rep4,1.3418,4321,2
rep4,1.3418,4322,2
rep4,1.3421,4323,2
rep4,1.3424,4324,2
rep4,1.3425,4325,2
rep4,1.3428,4326,2
rep4,1.3435,4327,2
rep4,1.3437,4328,2
rep4,1.344,4329,2
rep4,1.344,4330,2
rep4,1.3446,4331,2
rep4,1.3447,4332,2
rep4,1.3447,4333,2
rep4,1.3452,4334,2
rep4,1.3453,4335,2
rep4,1.3455,4336,2
rep4,1.3458,4337,2
rep4,1.3461,4338,2
rep4,1.3466,4339,2
rep4,1.3469,4340,2
rep4,1.347,4341,2
rep4,1.3473,4342,2
rep4,1.3473,4343,2
rep4,1.3475,4344,2
rep4,1.3475,4345,2
rep4,1.3477,4346,2
rep4,1.3477,4347,2
rep4,1.3479,4348,2
rep4,1.348,4349,2
rep4,1.3482,4350,2
rep4,1.3483,4351,2
rep4,1.349,4352,2
rep4,1.3491,4353,2
rep4,1.3491,4354,2
rep4,1.3492,4355,2
rep4,1.3492,4356,2
rep4,1.3495,4357,2
rep4,1.3497,4358,2
rep4,1.3499,4359,2
rep4,1.35,4360,2
rep4,1.3501,4361,2
rep4,1.3502,4362,2
rep4,1.3503,4363,2
rep4,1.3505,4364,2
rep4,1.3506,4365,2
rep4,1.3514,4366,2
rep4,1.3516,4367,2
rep4,1.352,4368,2
rep4,1.3522,4369,2
rep4,1.3526,4370,2
rep4,1.3527,4371,2
rep4,1.3527,4372,2
rep4,1.3529,4373,2
rep4,1.3529,4374,2
rep4,1.3529,4375,2
rep4,1.3531,4376,2
rep4,1.3532,4377,2
rep4,1.3532,4378,2
rep4,1.3534,4379,2
rep4,1.3541,4380,2
rep4,1.3541,4381,2
rep4,1.3543,4382,2
rep4,1.3543,4383,2
rep4,1.3543,4384,2
rep4,1.3544,4385,2
rep4,1.3548,4386,2
rep4,1.3556,4387,2
rep4,1.356,4388,2
rep4,1.3563,4389,2
rep4,1.3564,4390,2
rep4,1.3566,4391,2
rep4,1.3566,4392,2
rep4,1.3567,4393,2
rep4,1.3567,4394,2
rep4,1.3569,4395,2
rep4,1.3569,4396,2
rep4,1.3569,4397,2
rep4,1.357,4398,2
rep4,1.3571,4399,2
rep4,1.3573,4400,2
rep4,1.3575,4401,2
rep4,1.3576,4402,2
rep4,1.3576,4403,2
rep4,1.3585,4404,2
rep4,1.3586,4405,2
rep4,1.3586,4406,2
rep4,1.3587,4407,2
rep4,1.3595,4408,2
rep4,1.3596,4409,2
rep4,1.3597,4410,2
rep4,1.3598,4411,2
rep4,1.3604,4412,2
rep4,1.3605,4413,2
rep4,1.3605,4414,2
rep4,1.3605,4415,2
rep4,1.3609,4416,2
rep4,1.3612,4417,2
rep4,1.3614,4418,2
rep4,1.3616,4419,2
rep4,1.3623,4420,2
rep4,1.3624,4421,2
rep4,1.3625,4422,2
rep4,1.3626,4423,2
rep4,1.3627,4424,2
rep4,1.3627,4425,2
rep4,1.3627,4426,2
rep4,1.3632,4427,2
rep4,1.3633,4428,2
rep4,1.3636,4429,2
rep4,1.3636,4430,2
rep4,1.364,4431,2
rep4,1.3647,4432,2
rep4,1.3648,4433,2
rep4,1.3648,4434,2
rep4,1.3649,4435,2
rep4,1.365,4436,2
rep4,1.3656,4437,2
rep4,1.3657,4438,2
rep4,1.3657,4439,2
rep4,1.3658,4440,2
rep4,1.366,4441,2
rep4,1.366,4442,2
rep4,1.3661,4443,2
rep4,1.3662,4444,2
rep4,1.3662,4445,2
rep4,1.3662,4446,2
rep4,1.3663,4447,2
rep4,1.3663,4448,2
rep4,1.3668,4449,2
rep4,1.367,4450,2
rep4,1.367,4451,2
rep4,1.3672,4452,2
rep4,1.3672,4453,2
rep4,1.3673,4454,2
rep4,1.3674,4455,2
rep4,1.3676,4456,2
rep4,1.3677,4457,2
rep4,1.3677,4458,2
rep4,1.3686,4459,2
rep4,1.3691,4460,2
rep4,1.3697,4461,2
rep4,1.3698,4462,2
rep4,1.3704,4463,2
rep4,1.3708,4464,2
rep4,1.3713,4465,2
rep4,1.3716,4466,2
rep4,1.3716,4467,2
rep4,1.3718,4468,2
rep4,1.3723,4469,2
rep4,1.3723,4470,2
rep4,1.3723,4471,2
rep4,1.3725,4472,2
rep4,1.3726,4473,2
rep4,1.373,4474,2
rep4,1.3731,4475,2
rep4,1.3734,4476,2
rep4,1.3746,4477,2
rep4,1.3746,4478,2
rep4,1.3747,4479,2
rep4,1.3747,4480,2
rep4,1.3749,4481,2
rep4,1.375,4482,2
rep4,1.3755,4483,2
rep4,1.3757,4484,2
rep4,1.3759,4485,2
rep4,1.3762,4486,2
rep4,1.3764,4487,2
rep4,1.3766,4488,2
rep4,1.377,4489,2
rep4,1.3772,4490,2
rep4,1.3773,4491,2
rep4,1.3779,4492,2
rep4,1.3782,4493,2
rep4,1.3785,4494,2
rep4,1.3785,4495,2
rep4,1.3787,4496,2
rep4,1.3787,4497,2
rep4,1.3788,4498,2
rep4,1.3789,4499,2
rep4,1.3792,4500,2
rep4,1.3795,4501,2
rep4,1.3797,4502,2
rep4,1.3801,4503,2
rep4,1.3803,4504,2
rep4,1.3807,4505,2
rep4,1.3811,4506,2
rep4,1.3811,4507,2
rep4,1.3812,4508,2
rep4,1.382,4509,2
rep4,1.3822,4510,2
rep4,1.3823,4511,2
rep4,1.3824,4512,2
rep4,1.3825,4513,2
rep4,1.3826,4514,2
rep4,1.3827,4515,2
rep4,1.3829,4516,2
rep4,1.3831,4517,2
rep4,1.3831,4518,2
rep4,1.3832,4519,2
rep4,1.3836,4520,2
rep4,1.3838,4521,2
rep4,1.3843,4522,2
rep4,1.3845,4523,2
rep4,1.3849,4524,2
rep4,1.385,4525,2
rep4,1.3853,4526,2
rep4,1.3853,4527,2
rep4,1.3855,4528,2
rep4,1.3855,4529,2
rep4,1.3861,4530,2
rep4,1.3863,4531,2
rep4,1.3864,4532,2
rep4,1.3869,4533,2
rep4,1.3871,4534,2
rep4,1.3875,4535,2
rep4,1.3875,4536,2
rep4,1.3884,4537,2
rep4,1.3885,4538,2
rep4,1.3886,4539,2
rep4,1.3887,4540,2
rep4,1.3888,4541,2
rep4,1.3888,4542,2
rep4,1.3892,4543,2
rep4,1.3895,4544,2
rep4,1.3899,4545,2
rep4,1.3902,4546,2
rep4,1.3906,4547,2
rep4,1.3906,4548,2
rep4,1.3912,4549,2
rep4,1.3912,4550,2
rep4,1.3915,4551,2
rep4,1.3915,4552,2
rep4,1.3919,4553,2
rep4,1.392,4554,2
rep4,1.392,4555,2
rep4,1.3921,4556,2
rep4,1.3922,4557,2
rep4,1.3923,4558,2
rep4,1.3924,4559,2
rep4,1.393,4560,2
rep4,1.393,4561,2
rep4,1.3931,4562,2
rep4,1.3932,4563,2
rep4,1.3932,4564,2
rep4,1.3932,4565,2
rep4,1.3933,4566,2
rep4,1.3939,4567,2
rep4,1.3939,4568,2
rep4,1.3945,4569,2
rep4,1.3947,4570,2
rep4,1.3949,4571,2
rep4,1.3952,4572,2
rep4,1.3952,4573,2
rep4,1.3956,4574,2
rep4,1.3956,4575,2
rep4,1.3957,4576,2
rep4,1.3958,4577,2
rep4,1.3961,4578,2
rep4,1.3961,4579,2
rep4,1.3963,4580,2
rep4,1.3964,4581,2
rep4,1.3968,4582,2
rep4,1.3971,4583,2
rep4,1.3972,4584,2
rep4,1.3976,4585,2
rep4,1.3979,4586,2
rep4,1.398,4587,2
rep4,1.3987,4588,2
rep4,1.3989,4589,2
rep4,1.3992,4590,2
rep4,1.3998,4591,2
rep4,1.4001,4592,2
rep4,1.4003,4593,2
rep4,1.4003,4594,2
rep4,1.4008,4595,2
rep4,1.4016,4596,2
rep4,1.4018,4597,2
rep4,1.4021,4598,2
rep4,1.4022,4599,2
rep4,1.4022,4600,2
rep4,1.4023,4601,2
rep4,1.4025,4602,2
rep4,1.4026,4603,2
rep4,1.4026,4604,2
rep4,1.4032,4605,2
rep4,1.4034,4606,2
rep4,1.4034,4607,2
rep4,1.4039,4608,2
rep4,1.4039,4609,2
rep4,1.4039,4610,2
rep4,1.404,4611,2
rep4,1.4046,4612,2
rep4,1.405,4613,2
rep4,1.405,4614,2
rep4,1.4054,4615,2
rep4,1.406,4616,2
rep4,1.4061,4617,2
rep4,1.4065,4618,2
rep4,1.4068,4619,2
rep4,1.4071,4620,2
rep4,1.4073,4621,2
rep4,1.4077,4622,2
rep4,1.4078,4623,2
rep4,1.4078,4624,2
rep4,1.4082,4625,2
rep4,1.409,4626,2
rep4,1.4091,4627,2
rep4,1.4092,4628,2
rep4,1.4095,4629,2
rep4,1.41,4630,2
rep4,1.4102,4631,2
rep4,1.4104,4632,2
rep4,1.4113,4633,2
rep4,1.4113,4634,2
rep4,1.4118,4635,2
rep4,1.4121,4636,2
rep4,1.4124,4637,2
rep4,1.4126,4638,2
rep4,1.4132,4639,2
rep4,1.4134,4640,2
rep4,1.4138,4641,2
rep4,1.4143,4642,2
rep4,1.4143,4643,2
rep4,1.4146,4644,2
rep4,1.4149,4645,2
rep4,1.4149,4646,2
rep4,1.4152,4647,2
rep4,1.4156,4648,2
rep4,1.4158,4649,2
rep4,1.4161,4650,2
rep4,1.4168,4651,2
rep4,1.4171,4652,2
rep4,1.4172,4653,2
rep4,1.4181,4654,2
rep4,1.4184,4655,2
rep4,1.4184,4656,2
rep4,1.4186,4657,2
rep4,1.4187,4658,2
rep4,1.4193,4659,2
rep4,1.4198,4660,2
rep4,1.4199,4661,2
rep4,1.4203,4662,2
rep4,1.4211,4663,2
rep4,1.4213,4664,2
rep4,1.4216,4665,2
rep4,1.4217,4666,2
rep4,1.422,4667,2
rep4,1.4222,4668,2
rep4,1.4234,4669,2
rep4,1.4235,4670,2
rep4,1.4237,4671,2
rep4,1.4248,4672,2
rep4,1.4249,4673,2
rep4,1.4252,4674,2
rep4,1.4253,4675,2
rep4,1.4256,4676,2
rep4,1.4256,4677,2
rep4,1.4257,4678,2
rep4,1.4258,4679,2
rep4,1.4269,4680,2
rep4,1.4271,4681,2
rep4,1.4276,4682,2
rep4,1.4278,4683,2
rep4,1.428,4684,2
rep4,1.4281,4685,2
rep4,1.4287,4686,2
rep4,1.4289,4687,2
rep4,1.4293,4688,2
rep4,1.4294,4689,2
rep4,1.4297,4690,2
rep4,1.4299,4691,2
rep4,1.4303,4692,2
rep4,1.4308,4693,2
rep4,1.4308,4694,2
rep4,1.4311,4695,2
rep4,1.4316,4696,2
rep4,1.4317,4697,2
rep4,1.4318,4698,2
rep4,1.4322,4699,2
rep4,1.4332,4700,2
rep4,1.4334,4701,2
rep4,1.4339,4702,2
rep4,1.4341,4703,2
rep4,1.4342,4704,2
rep4,1.4342,4705,2
rep4,1.4345,4706,2
rep4,1.4346,4707,2
rep4,1.4347,4708,2
rep4,1.4348,4709,2
rep4,1.435,4710,2
rep4,1.435,4711,2
rep4,1.4354,4712,2
rep4,1.4356,4713,2
rep4,1.4358,4714,2
rep4,1.4371,4715,2
rep4,1.4372,4716,2
rep4,1.4389,4717,2
rep4,1.4389,4718,2
rep4,1.4391,4719,2
rep4,1.44,4720,2
rep4,1.4405,4721,2
rep4,1.4406,4722,2
rep4,1.4409,4723,2
rep4,1.4412,4724,2
rep4,1.4423,4725,2
rep4,1.4428,4726,2
rep4,1.4429,4727,2
rep4,1.4432,4728,2
rep4,1.4435,4729,2
rep4,1.4435,4730,2
rep4,1.444,4731,2
rep4,1.4441,4732,2
rep4,1.4445,4733,2
rep4,1.4447,4734,2
rep4,1.4454,4735,2
rep4,1.4455,4736,2
rep4,1.4458,4737,2
rep4,1.4458,4738,2
rep4,1.4461,4739,2
rep4,1.4466,4740,2
rep4,1.4469,4741,2
rep4,1.447,4742,2
rep4,1.4482,4743,2
rep4,1.4484,4744,2
rep4,1.4485,4745,2
rep4,1.4486,4746,2
rep4,1.4497,4747,2
rep4,1.45,4748,2
rep4,1.4506,4749,2
rep4,1.4509,4750,2
rep4,1.451,4751,2
rep4,1.4516,4752,2
rep4,1.452,4753,2
rep4,1.4525,4754,2
rep4,1.4528,4755,2
rep4,1.4533,4756,2
rep4,1.4536,4757,2
rep4,1.4539,4758,2
rep4,1.4539,4759,2
rep4,1.454,4760,2
rep4,1.4546,4761,2
rep4,1.4549,4762,2
rep4,1.4554,4763,2
rep4,1.4554,4764,2
rep4,1.4563,4765,2
rep4,1.4566,4766,2
rep4,1.4576,4767,2
rep4,1.4578,4768,2
rep4,1.4591,4769,2
rep4,1.46,4770,2
rep4,1.4607,4771,2
rep4,1.4607,4772,2
rep4,1.4609,4773,2
rep4,1.4612,4774,2
rep4,1.4615,4775,2
rep4,1.4616,4776,2
rep4,1.462,4777,2
rep4,1.4633,4778,2
rep4,1.4633,4779,2
rep4,1.4641,4780,2
rep4,1.4645,4781,2
rep4,1.465,4782,2
rep4,1.4657,4783,2
rep4,1.4675,4784,2
rep4,1.4676,4785,2
rep4,1.4679,4786,2
rep4,1.4703,4787,2
rep4,1.471,4788,2
rep4,1.4721,4789,2
rep4,1.473,4790,2
rep4,1.473,4791,2
rep4,1.4747,4792,2
rep4,1.4751,4793,2
rep4,1.4757,4794,2
rep4,1.4762,4795,2
rep4,1.4768,4796,2
rep4,1.4774,4797,2
rep4,1.4778,4798,2
rep4,1.4781,4799,2
rep4,1.4788,4800,2
rep4,1.479,4801,2
rep4,1.4793,4802,2
rep4,1.4801,4803,2
rep4,1.4811,4804,2
rep4,1.4823,4805,2
rep4,1.4827,4806,2
rep4,1.4832,4807,2
rep4,1.4835,4808,2
rep4,1.4837,4809,2
rep4,1.4844,4810,2
rep4,1.4848,4811,2
rep4,1.4853,4812,2
rep4,1.4853,4813,2
rep4,1.4855,4814,2
rep4,1.4861,4815,2
rep4,1.4863,4816,2
rep4,1.4868,4817,2
rep4,1.4878,4818,2
rep4,1.4902,4819,2
rep4,1.4905,4820,2
rep4,1.4907,4821,2
rep4,1.4957,4822,2
rep4,1.4966,4823,2
rep4,1.497,4824,2
rep4,1.4988,4825,2
rep4,1.4993,4826,2
rep4,1.4994,4827,2
rep4,1.5012,4828,2
rep4,1.502,4829,2
rep4,1.5026,4830,2
rep4,1.5027,4831,2
rep4,1.5029,4832,2
rep4,1.5038,4833,2
rep4,1.5067,4834,2
rep4,1.5069,4835,2
rep4,1.5072,4836,2
rep4,1.5102,4837,2
rep4,1.5104,4838,2
rep4,1.5112,4839,2
rep4,1.5125,4840,2
rep4,1.5172,4841,2
rep4,1.5177,4842,2
rep4,1.5177,4843,2
rep4,1.5191,4844,2
rep4,1.5201,4845,2
rep4,1.5236,4846,2
rep4,1.5244,4847,2
rep4,1.5254,4848,2
rep4,1.526,4849,2
rep4,1.5266,4850,2
rep4,1.5271,4851,2
rep4,1.5272,4852,2
rep4,1.5292,4853,2
rep4,1.53,4854,2
rep4,1.5326,4855,2
rep4,1.5328,4856,2
rep4,1.5332,4857,2
rep4,1.5337,4858,2
rep4,1.5349,4859,2
rep4,1.536,4860,2
rep4,1.5375,4861,2
rep4,1.5391,4862,2
rep4,1.54,4863,2
rep4,1.5443,4864,2
rep4,1.5443,4865,2
rep4,1.5446,4866,2
rep4,1.5469,4867,2
rep4,1.5477,4868,2
rep4,1.55,4869,2
rep4,1.5501,4870,2
rep4,1.5505,4871,2
rep4,1.5508,4872,2
rep4,1.5516,4873,2
rep4,1.5563,4874,2
rep4,1.5593,4875,2
rep4,1.5595,4876,2
rep4,1.5603,4877,2
rep4,1.5641,4878,2
rep4,1.566,4879,2
rep4,1.5665,4880,2
rep4,1.5666,4881,2
rep4,1.5684,4882,2
rep4,1.5689,4883,2
rep4,1.5698,4884,2
rep4,1.5699,4885,2
rep4,1.57,4886,2
rep4,1.5717,4887,2
rep4,1.5729,4888,2
rep4,1.5734,4889,2
rep4,1.574,4890,2
rep4,1.5749,4891,2
rep4,1.5764,4892,2
rep4,1.5775,4893,2
rep4,1.5819,4894,2
rep4,1.5868,4895,2
rep4,1.5871,4896,2
rep4,1.59,4897,2
rep4,1.5915,4898,2
rep4,1.5943,4899,2
rep4,1.5959,4900,2
rep4,1.5968,4901,2
rep4,1.5969,4902,2
rep4,1.5971,4903,2
rep4,1.602,4904,2
rep4,1.6048,4905,2
rep4,1.6117,4906,2
rep4,1.6184,4907,2
rep4,1.625,4908,2
rep4,1.6411,4909,2
rep4,1.6479,4910,2
rep4,1.6489,4911,2
rep4,1.6519,4912,2
rep4,1.6532,4913,2
rep4,1.6591,4914,2
rep4,1.6653,4915,2
rep4,1.6743,4916,2
rep4,1.6749,4917,2
rep4,1.6804,4918,2
rep4,1.6828,4919,2
rep4,1.684,4920,2
rep4,1.6981,4921,2
rep4,1.7104,4922,2
rep4,1.7116,4923,2
rep4,1.7346,4924,2
rep4,1.7397,4925,2
rep4,1.7518,4926,2
rep4,1.7571,4927,2
rep4,1.7576,4928,2
rep4,1.8604,4929,2
rep4,1.9102,4930,2
rep4,2.0271,4931,2
rep4,2.0272,4932,2
rep4,2.0272,4933,2
rep4,2.0273,4934,2
rep4,2.0275,4935,2
rep4,2.0279,4936,2
rep4,2.028,4937,2
rep4,2.0284,4938,2
rep4,2.0285,4939,2
rep4,2.0286,4940,2
rep4,2.0286,4941,2
rep4,2.0289,4942,2
rep4,2.029,4943,2
rep4,2.029,4944,2
rep4,2.0292,4945,2
rep4,2.0292,4946,2
rep4,2.0294,4947,2
rep4,2.03,4948,2
rep4,2.0301,4949,2
rep4,2.0303,4950,2
rep4,2.0303,4951,2
rep4,2.0304,4952,2
rep4,2.0307,4953,2
rep4,2.0311,4954,2
rep4,2.0312,4955,2
rep4,2.0313,4956,2
rep4,2.0314,4957,2
rep4,2.0316,4958,2
rep4,2.0316,4959,2
rep4,2.032,4960,2
rep4,2.0321,4961,2
rep4,2.0322,4962,2
rep4,2.0323,4963,2
rep4,2.0324,4964,2
rep4,2.0326,4965,2
rep4,2.0326,4966,2
rep4,2.0328,4967,2
rep4,2.0332,4968,2
rep4,2.0337,4969,2
rep4,2.0338,4970,2
rep4,2.0339,4971,2
rep4,2.0342,4972,2
rep4,2.0342,4973,2
rep4,2.0342,4974,2
rep4,2.0343,4975,2
rep4,2.0344,4976,2
rep4,2.0348,4977,2
rep4,2.0349,4978,2
rep4,2.0351,4979,2
rep4,2.0351,4980,2
rep4,2.0355,4981,2
rep4,2.0357,4982,2
rep4,2.0357,4983,2
rep4,2.036,4984,2
rep4,2.0362,4985,2
rep4,2.0362,4986,2
rep4,2.0363,4987,2
rep4,2.0364,4988,2
rep4,2.0368,4989,2
rep4,2.0371,4990,2
rep4,2.0372,4991,2
rep4,2.0373,4992,2
rep4,2.0373,4993,2
rep4,2.0375,4994,2
rep4,2.0377,4995,2
rep4,2.038,4996,2
rep4,2.0385,4997,2
rep4,2.0387,4998,2
rep4,2.0392,4999,2
rep4,2.0393,5000,2
rep4,2.0405,5001,2
rep4,2.0408,5002,2
rep4,2.0413,5003,2
rep4,2.0414,5004,2
rep4,2.0419,5005,2
rep4,2.043,5006,2
rep4,2.0437,5007,2
rep4,2.0437,5008,2
rep4,2.0452,5009,2
rep4,2.0455,5010,2
rep4,2.0465,5011,2
rep4,2.0478,5012,2
rep4,2.0497,5013,2
rep4,2.0558,5014,2
rep4,2.0606,5015,2
rep4,2.0607,5016,2
rep4,2.0608,5017,2
rep4,2.0608,5018,2
rep4,2.0609,5019,2
rep4,2.0609,5020,2
rep4,2.0609,5021,2
rep4,2.061,5022,2
rep4,2.061,5023,2
rep4,2.0611,5024,2
rep4,2.0611,5025,2
rep4,2.0612,5026,2
rep4,2.0613,5027,2
rep4,2.0613,5028,2
rep4,2.0613,5029,2
rep4,2.0613,5030,2
rep4,2.0613,5031,2
rep4,2.0614,5032,2
rep4,2.0614,5033,2
rep4,2.0614,5034,2
rep4,2.0615,5035,2
rep4,2.0615,5036,2
rep4,2.0616,5037,2
rep4,2.0616,5038,2
rep4,2.0617,5039,2
rep4,2.0617,5040,2
rep4,2.0617,5041,2
rep4,2.0618,5042,2
rep4,2.0618,5043,2
rep4,2.0619,5044,2
rep4,2.0619,5045,2
rep4,2.062,5046,2
rep4,2.062,5047,2
rep4,2.0621,5048,2
rep4,2.0621,5049,2
rep4,2.0621,5050,2
rep4,2.0622,5051,2
rep4,2.0622,5052,2
rep4,2.0622,5053,2
rep4,2.0623,5054,2
rep4,2.0623,5055,2
rep4,2.0623,5056,2
rep4,2.0623,5057,2
rep4,2.0624,5058,2
rep4,2.0625,5059,2
rep4,2.0625,5060,2
rep4,2.0626,5061,2
rep4,2.0627,5062,2
rep4,2.0627,5063,2
rep4,2.0628,5064,2
rep4,2.0628,5065,2
rep4,2.0628,5066,2
rep4,2.0628,5067,2
rep4,2.0628,5068,2
rep4,2.0629,5069,2
rep4,2.063,5070,2
rep4,2.063,5071,2
rep4,2.063,5072,2
rep4,2.0631,5073,2
rep4,2.0631,5074,2
rep4,2.0632,5075,2
rep4,2.0633,5076,2
rep4,2.0634,5077,2
rep4,2.0634,5078,2
rep4,2.0635,5079,2
rep4,2.0636,5080,2
rep4,2.0637,5081,2
rep4,2.0637,5082,2
rep4,2.0637,5083,2
rep4,2.0637,5084,2
rep4,2.0639,5085,2
rep4,2.0639,5086,2
rep4,2.0639,5087,2
rep4,2.0639,5088,2
rep4,2.064,5089,2
rep4,2.0642,5090,2
rep4,2.0643,5091,2
rep4,2.0643,5092,2
rep4,2.0643,5093,2
rep4,2.0644,5094,2
rep4,2.0644,5095,2
rep4,2.0645,5096,2
rep4,2.0646,5097,2
rep4,2.0646,5098,2
rep4,2.0646,5099,2
rep4,2.0647,5100,2
rep4,2.0647,5101,2
rep4,2.0647,5102,2
rep4,2.0648,5103,2
rep4,2.0649,5104,2
rep4,2.065,5105,2
rep4,2.065,5106,2
rep4,2.065,5107,2
rep4,2.0651,5108,2
rep4,2.0652,5109,2
rep4,2.0652,5110,2
rep4,2.0655,5111,2
rep4,2.0655,5112,2
rep4,2.0656,5113,2
rep4,2.0657,5114,2
rep4,2.0657,5115,2
rep4,2.0657,5116,2
rep4,2.0658,5117,2
rep4,2.0659,5118,2
rep4,2.066,5119,2
rep4,2.0661,5120,2
rep4,2.0661,5121,2
rep4,2.0662,5122,2
rep4,2.0663,5123,2
rep4,2.0663,5124,2
rep4,2.0663,5125,2
rep4,2.0664,5126,2
rep4,2.0664,5127,2
rep4,2.0665,5128,2
rep4,2.0665,5129,2
rep4,2.0666,5130,2
rep4,2.0666,5131,2
rep4,2.0668,5132,2
rep4,2.0668,5133,2
rep4,2.0669,5134,2
rep4,2.067,5135,2
rep4,2.067,5136,2
rep4,2.067,5137,2
rep4,2.0671,5138,2
rep4,2.0672,5139,2
rep4,2.0673,5140,2
rep4,2.0673,5141,2
rep4,2.0676,5142,2
rep4,2.0678,5143,2
rep4,2.0679,5144,2
rep4,2.0679,5145,2
rep4,2.0679,5146,2
rep4,2.0682,5147,2
rep4,2.0682,5148,2
rep4,2.0683,5149,2
rep4,2.0683,5150,2
rep4,2.0683,5151,2
rep4,2.0683,5152,2
rep4,2.0684,5153,2
rep4,2.0685,5154,2
rep4,2.0687,5155,2
rep4,2.0687,5156,2
rep4,2.0688,5157,2
rep4,2.0688,5158,2
rep4,2.0688,5159,2
rep4,2.0688,5160,2
rep4,2.0688,5161,2
rep4,2.0689,5162,2
rep4,2.069,5163,2
rep4,2.069,5164,2
rep4,2.069,5165,2
rep4,2.0692,5166,2
rep4,2.0694,5167,2
rep4,2.0697,5168,2
rep4,2.0697,5169,2
rep4,2.0698,5170,2
rep4,2.0702,5171,2
rep4,2.0703,5172,2
rep4,2.0706,5173,2
rep4,2.0707,5174,2
rep4,2.0708,5175,2
rep4,2.0708,5176,2
rep4,2.0709,5177,2
rep4,2.0709,5178,2
rep4,2.0709,5179,2
rep4,2.071,5180,2
rep4,2.071,5181,2
rep4,2.0715,5182,2
rep4,2.0716,5183,2
rep4,2.0717,5184,2
rep4,2.0718,5185,2
rep4,2.0719,5186,2
rep4,2.0719,5187,2
rep4,2.0719,5188,2
rep4,2.0723,5189,2
rep4,2.0724,5190,2
rep4,2.0725,5191,2
rep4,2.0728,5192,2
rep4,2.073,5193,2
rep4,2.073,5194,2
rep4,2.0732,5195,2
rep4,2.0732,5196,2
rep4,2.0733,5197,2
rep4,2.0733,5198,2
rep4,2.0735,5199,2
rep4,2.0736,5200,2
rep4,2.0737,5201,2
rep4,2.0739,5202,2
rep4,2.074,5203,2
rep4,2.0741,5204,2
rep4,2.0742,5205,2
rep4,2.0742,5206,2
rep4,2.0742,5207,2
rep4,2.0744,5208,2
rep4,2.0745,5209,2
rep4,2.0746,5210,2
rep4,2.0748,5211,2
rep4,2.0753,5212,2
rep4,2.0753,5213,2
rep4,2.0754,5214,2
rep4,2.0754,5215,2
rep4,2.0758,5216,2
rep4,2.0759,5217,2
rep4,2.076,5218,2
rep4,2.0762,5219,2
rep4,2.0767,5220,2
rep4,2.0768,5221,2
rep4,2.0769,5222,2
rep4,2.0771,5223,2
rep4,2.0776,5224,2
rep4,2.078,5225,2
rep4,2.078,5226,2
rep4,2.0782,5227,2
rep4,2.0783,5228,2
rep4,2.0786,5229,2
rep4,2.079,5230,2
rep4,2.0794,5231,2
rep4,2.0796,5232,2
rep4,2.0798,5233,2
rep4,2.08,5234,2
rep4,2.0804,5235,2
rep4,2.0806,5236,2
rep4,2.0807,5237,2
rep4,2.0813,5238,2
rep4,2.082,5239,2
rep4,2.0823,5240,2
rep4,2.0824,5241,2
rep4,2.0827,5242,2
rep4,2.083,5243,2
rep4,2.0839,5244,2
rep4,2.0843,5245,2
rep4,2.0844,5246,2
rep4,2.0846,5247,2
rep4,2.0873,5248,2
rep4,2.0882,5249,2
rep4,2.0882,5250,2
rep4,2.0884,5251,2
rep4,2.0887,5252,2
rep4,2.0902,5253,2
rep4,2.0924,5254,2
rep4,2.0942,5255,2
rep4,2.0943,5256,2
rep4,2.0943,5257,2
rep4,2.0943,5258,2
rep4,2.0943,5259,2
rep4,2.0943,5260,2
rep4,2.0944,5261,2
rep4,2.0944,5262,2
rep4,2.0945,5263,2
rep4,2.0945,5264,2
rep4,2.0945,5265,2
rep4,2.0945,5266,2
rep4,2.0946,5267,2
rep4,2.0946,5268,2
rep4,2.0947,5269,2
rep4,2.0947,5270,2
rep4,2.0948,5271,2
rep4,2.095,5272,2
rep4,2.095,5273,2
rep4,2.095,5274,2
rep4,2.0951,5275,2
rep4,2.0951,5276,2
rep4,2.0951,5277,2
rep4,2.0951,5278,2
rep4,2.0952,5279,2
rep4,2.0954,5280,2
rep4,2.0955,5281,2
rep4,2.0955,5282,2
rep4,2.0955,5283,2
rep4,2.0956,5284,2
rep4,2.0957,5285,2
rep4,2.0958,5286,2
rep4,2.0958,5287,2
rep4,2.0959,5288,2
rep4,2.0959,5289,2
rep4,2.096,5290,2
rep4,2.096,5291,2
rep4,2.096,5292,2
rep4,2.0961,5293,2
rep4,2.0961,5294,2
rep4,2.0962,5295,2
rep4,2.0962,5296,2
rep4,2.0963,5297,2
rep4,2.0964,5298,2
rep4,2.0964,5299,2
rep4,2.0964,5300,2
rep4,2.0964,5301,2
rep4,2.0965,5302,2
rep4,2.0965,5303,2
rep4,2.0965,5304,2
rep4,2.0966,5305,2
rep4,2.0966,5306,2
rep4,2.0967,5307,2
rep4,2.0967,5308,2
rep4,2.0968,5309,2
rep4,2.0969,5310,2
rep4,2.097,5311,2
rep4,2.097,5312,2
rep4,2.097,5313,2
rep4,2.0971,5314,2
rep4,2.0972,5315,2
rep4,2.0972,5316,2
rep4,2.0972,5317,2
rep4,2.0973,5318,2
rep4,2.0974,5319,2
rep4,2.0978,5320,2
rep4,2.0978,5321,2
rep4,2.0978,5322,2
rep4,2.0979,5323,2
rep4,2.098,5324,2
rep4,2.098,5325,2
rep4,2.0981,5326,2
rep4,2.0982,5327,2
rep4,2.0983,5328,2
rep4,2.0983,5329,2
rep4,2.0983,5330,2
rep4,2.0984,5331,2
rep4,2.0984,5332,2
rep4,2.0984,5333,2
rep4,2.0984,5334,2
rep4,2.0985,5335,2
rep4,2.0985,5336,2
rep4,2.0987,5337,2
rep4,2.0987,5338,2
rep4,2.0988,5339,2
rep4,2.0988,5340,2
rep4,2.0989,5341,2
rep4,2.099,5342,2
rep4,2.099,5343,2
rep4,2.099,5344,2
rep4,2.0992,5345,2
rep4,2.0992,5346,2
rep4,2.0993,5347,2
rep4,2.0993,5348,2
rep4,2.0994,5349,2
rep4,2.0995,5350,2
rep4,2.0997,5351,2
rep4,2.0997,5352,2
rep4,2.0998,5353,2
rep4,2.1002,5354,2
rep4,2.1003,5355,2
rep4,2.1004,5356,2
rep4,2.1005,5357,2
rep4,2.1005,5358,2
rep4,2.1005,5359,2
rep4,2.1005,5360,2
rep4,2.1005,5361,2
rep4,2.1006,5362,2
rep4,2.1006,5363,2
rep4,2.1007,5364,2
rep4,2.1007,5365,2
rep4,2.1008,5366,2
rep4,2.1008,5367,2
rep4,2.1009,5368,2
rep4,2.1009,5369,2
rep4,2.101,5370,2
rep4,2.101,5371,2
rep4,2.1011,5372,2
rep4,2.1011,5373,2
rep4,2.1012,5374,2
rep4,2.1012,5375,2
rep4,2.1012,5376,2
rep4,2.1012,5377,2
rep4,2.1012,5378,2
rep4,2.1013,5379,2
rep4,2.1017,5380,2
rep4,2.1018,5381,2
rep4,2.1018,5382,2
rep4,2.1019,5383,2
rep4,2.102,5384,2
rep4,2.1021,5385,2
rep4,2.1021,5386,2
rep4,2.1022,5387,2
rep4,2.1022,5388,2
rep4,2.1023,5389,2
rep4,2.1024,5390,2
rep4,2.1024,5391,2
rep4,2.1024,5392,2
rep4,2.1028,5393,2
rep4,2.1029,5394,2
rep4,2.103,5395,2
rep4,2.103,5396,2
rep4,2.1032,5397,2
rep4,2.1033,5398,2
rep4,2.1033,5399,2
rep4,2.1034,5400,2
rep4,2.1035,5401,2
rep4,2.1041,5402,2
rep4,2.1042,5403,2
rep4,2.1044,5404,2
rep4,2.1044,5405,2
rep4,2.1044,5406,2
rep4,2.1045,5407,2
rep4,2.1045,5408,2
rep4,2.1046,5409,2
rep4,2.1046,5410,2
rep4,2.1047,5411,2
rep4,2.1048,5412,2
rep4,2.1048,5413,2
rep4,2.1049,5414,2
rep4,2.1051,5415,2
rep4,2.1055,5416,2
rep4,2.1056,5417,2
rep4,2.1059,5418,2
rep4,2.1059,5419,2
rep4,2.106,5420,2
rep4,2.106,5421,2
rep4,2.1065,5422,2
rep4,2.1065,5423,2
rep4,2.1067,5424,2
rep4,2.1069,5425,2
rep4,2.107,5426,2
rep4,2.1072,5427,2
rep4,2.1073,5428,2
rep4,2.1074,5429,2
rep4,2.1074,5430,2
rep4,2.1075,5431,2
rep4,2.1078,5432,2
rep4,2.1079,5433,2
rep4,2.1081,5434,2
rep4,2.1082,5435,2
rep4,2.1084,5436,2
rep4,2.1086,5437,2
rep4,2.1087,5438,2
rep4,2.1088,5439,2
rep4,2.109,5440,2
rep4,2.1094,5441,2
rep4,2.11,5442,2
rep4,2.11,5443,2
rep4,2.1101,5444,2
rep4,2.1105,5445,2
rep4,2.1106,5446,2
rep4,2.1106,5447,2
rep4,2.1108,5448,2
rep4,2.1109,5449,2
rep4,2.1112,5450,2
rep4,2.1114,5451,2
rep4,2.1115,5452,2
rep4,2.1115,5453,2
rep4,2.1116,5454,2
rep4,2.1119,5455,2
rep4,2.112,5456,2
rep4,2.1121,5457,2
rep4,2.1127,5458,2
rep4,2.1132,5459,2
rep4,2.1135,5460,2
rep4,2.1136,5461,2
rep4,2.1137,5462,2
rep4,2.1138,5463,2
rep4,2.1141,5464,2
rep4,2.1143,5465,2
rep4,2.1145,5466,2
rep4,2.1146,5467,2
rep4,2.1146,5468,2
rep4,2.1147,5469,2
rep4,2.115,5470,2
rep4,2.1151,5471,2
rep4,2.1155,5472,2
rep4,2.1158,5473,2
rep4,2.116,5474,2
rep4,2.116,5475,2
rep4,2.1161,5476,2
rep4,2.1168,5477,2
rep4,2.1173,5478,2
rep4,2.1176,5479,2
rep4,2.1177,5480,2
rep4,2.118,5481,2
rep4,2.1181,5482,2
rep4,2.1181,5483,2
rep4,2.1183,5484,2
rep4,2.1187,5485,2
rep4,2.1188,5486,2
rep4,2.1193,5487,2
rep4,2.1209,5488,2
rep4,2.121,5489,2
rep4,2.1212,5490,2
rep4,2.122,5491,2
rep4,2.1221,5492,2
rep4,2.1222,5493,2
rep4,2.1225,5494,2
rep4,2.1225,5495,2
rep4,2.1235,5496,2
rep4,2.1236,5497,2
rep4,2.124,5498,2
rep4,2.124,5499,2
rep4,2.1246,5500,2
rep4,2.1251,5501,2
rep4,2.1258,5502,2
rep4,2.1268,5503,2
rep4,2.127,5504,2
rep4,2.1284,5505,2
rep4,2.1284,5506,2
rep4,2.1286,5507,2
rep4,2.1286,5508,2
rep4,2.129,5509,2
rep4,2.1291,5510,2
rep4,2.1294,5511,2
rep4,2.1297,5512,2
rep4,2.1298,5513,2
rep4,2.1299,5514,2
rep4,2.13,5515,2
rep4,2.13,5516,2
rep4,2.1301,5517,2
rep4,2.1302,5518,2
rep4,2.1302,5519,2
rep4,2.1303,5520,2
rep4,2.1304,5521,2
rep4,2.1306,5522,2
rep4,2.1311,5523,2
rep4,2.1312,5524,2
rep4,2.1312,5525,2
rep4,2.1313,5526,2
rep4,2.1314,5527,2
rep4,2.1315,5528,2
rep4,2.1316,5529,2
rep4,2.1321,5530,2
rep4,2.1324,5531,2
rep4,2.1327,5532,2
rep4,2.1329,5533,2
rep4,2.133,5534,2
rep4,2.1331,5535,2
rep4,2.1332,5536,2
rep4,2.1336,5537,2
rep4,2.1337,5538,2
rep4,2.1339,5539,2
rep4,2.1343,5540,2
rep4,2.1343,5541,2
rep4,2.1344,5542,2
rep4,2.1349,5543,2
rep4,2.1354,5544,2
rep4,2.1359,5545,2
rep4,2.136,5546,2
rep4,2.1361,5547,2
rep4,2.1362,5548,2
rep4,2.1365,5549,2
rep4,2.1366,5550,2
rep4,2.1368,5551,2
rep4,2.137,5552,2
rep4,2.1371,5553,2
rep4,2.1372,5554,2
rep4,2.1373,5555,2
rep4,2.1385,5556,2
rep4,2.1389,5557,2
rep4,2.1395,5558,2
rep4,2.1398,5559,2
rep4,2.1399,5560,2
rep4,2.14,5561,2
rep4,2.1402,5562,2
rep4,2.1404,5563,2
rep4,2.1405,5564,2
rep4,2.1408,5565,2
rep4,2.1413,5566,2
rep4,2.1417,5567,2
rep4,2.1417,5568,2
rep4,2.142,5569,2
rep4,2.1422,5570,2
rep4,2.1423,5571,2
rep4,2.1425,5572,2
rep4,2.1426,5573,2
rep4,2.1428,5574,2
rep4,2.1431,5575,2
rep4,2.1433,5576,2
rep4,2.1434,5577,2
rep4,2.1436,5578,2
rep4,2.1437,5579,2
rep4,2.1437,5580,2
rep4,2.1438,5581,2
rep4,2.1438,5582,2
rep4,2.1438,5583,2
rep4,2.1441,5584,2
rep4,2.1443,5585,2
rep4,2.1444,5586,2
rep4,2.1444,5587,2
rep4,2.1446,5588,2
rep4,2.1449,5589,2
rep4,2.145,5590,2
rep4,2.1455,5591,2
rep4,2.1456,5592,2
rep4,2.1456,5593,2
rep4,2.1458,5594,2
rep4,2.1461,5595,2
rep4,2.1464,5596,2
rep4,2.1466,5597,2
rep4,2.1477,5598,2
rep4,2.1479,5599,2
rep4,2.148,5600,2
rep4,2.148,5601,2
rep4,2.1482,5602,2
rep4,2.1483,5603,2
rep4,2.1484,5604,2
rep4,2.1485,5605,2
rep4,2.1486,5606,2
rep4,2.149,5607,2
rep4,2.1494,5608,2
rep4,2.1496,5609,2
rep4,2.1497,5610,2
rep4,2.1499,5611,2
rep4,2.1499,5612,2
rep4,2.1499,5613,2
rep4,2.1499,5614,2
rep4,2.1503,5615,2
rep4,2.1511,5616,2
rep4,2.1513,5617,2
rep4,2.1513,5618,2
rep4,2.1516,5619,2
rep4,2.1516,5620,2
rep4,2.1517,5621,2
rep4,2.1518,5622,2
rep4,2.1518,5623,2
rep4,2.1519,5624,2
rep4,2.1524,5625,2
rep4,2.1525,5626,2
rep4,2.1526,5627,2
rep4,2.1529,5628,2
rep4,2.1534,5629,2
rep4,2.1536,5630,2
rep4,2.1537,5631,2
rep4,2.1538,5632,2
rep4,2.1543,5633,2
rep4,2.1553,5634,2
rep4,2.1554,5635,2
rep4,2.1556,5636,2
rep4,2.1558,5637,2
rep4,2.156,5638,2
rep4,2.1562,5639,2
rep4,2.1573,5640,2
rep4,2.1583,5641,2
rep4,2.1584,5642,2
rep4,2.16,5643,2
rep4,2.1605,5644,2
rep4,2.1611,5645,2
rep4,2.1615,5646,2
rep4,2.1615,5647,2
rep4,2.1616,5648,2
rep4,2.1616,5649,2
rep4,2.1618,5650,2
rep4,2.1621,5651,2
rep4,2.1624,5652,2
rep4,2.1626,5653,2
rep4,2.1633,5654,2
rep4,2.1634,5655,2
rep4,2.1635,5656,2
rep4,2.1641,5657,2
rep4,2.1645,5658,2
rep4,2.1645,5659,2
rep4,2.1646,5660,2
rep4,2.1648,5661,2
rep4,2.1649,5662,2
rep4,2.165,5663,2
rep4,2.165,5664,2
rep4,2.1653,5665,2
rep4,2.1656,5666,2
rep4,2.1656,5667,2
rep4,2.1657,5668,2
rep4,2.1657,5669,2
rep4,2.1659,5670,2
rep4,2.1663,5671,2
rep4,2.1664,5672,2
rep4,2.1668,5673,2
rep4,2.1668,5674,2
rep4,2.167,5675,2
rep4,2.1671,5676,2
rep4,2.1671,5677,2
rep4,2.1672,5678,2
rep4,2.1672,5679,2
rep4,2.1673,5680,2
rep4,2.1675,5681,2
rep4,2.1677,5682,2
rep4,2.1679,5683,2
rep4,2.1679,5684,2
rep4,2.1682,5685,2
rep4,2.1684,5686,2
rep4,2.1689,5687,2
rep4,2.1689,5688,2
rep4,2.169,5689,2
rep4,2.1692,5690,2
rep4,2.1693,5691,2
rep4,2.1693,5692,2
rep4,2.1694,5693,2
rep4,2.1696,5694,2
rep4,2.1696,5695,2
rep4,2.1698,5696,2
rep4,2.1699,5697,2
rep4,2.1701,5698,2
rep4,2.1701,5699,2
rep4,2.1702,5700,2
rep4,2.1703,5701,2
rep4,2.1704,5702,2
rep4,2.1704,5703,2
rep4,2.1707,5704,2
rep4,2.1708,5705,2
rep4,2.1712,5706,2
rep4,2.1713,5707,2
rep4,2.1714,5708,2
rep4,2.1715,5709,2
rep4,2.1719,5710,2
rep4,2.172,5711,2
rep4,2.1721,5712,2
rep4,2.1722,5713,2
rep4,2.1724,5714,2
rep4,2.1726,5715,2
rep4,2.1729,5716,2
rep4,2.1732,5717,2
rep4,2.1736,5718,2
rep4,2.1738,5719,2
rep4,2.1738,5720,2
rep4,2.1743,5721,2
rep4,2.1747,5722,2
rep4,2.1749,5723,2
rep4,2.1752,5724,2
rep4,2.1755,5725,2
rep4,2.1757,5726,2
rep4,2.1758,5727,2
rep4,2.1758,5728,2
rep4,2.176,5729,2
rep4,2.1761,5730,2
rep4,2.1761,5731,2
rep4,2.1763,5732,2
rep4,2.1764,5733,2
rep4,2.1765,5734,2
rep4,2.1767,5735,2
rep4,2.1768,5736,2
rep4,2.1769,5737,2
rep4,2.1773,5738,2
rep4,2.1776,5739,2
rep4,2.1778,5740,2
rep4,2.1784,5741,2
rep4,2.1786,5742,2
rep4,2.179,5743,2
rep4,2.1791,5744,2
rep4,2.1792,5745,2
rep4,2.1793,5746,2
rep4,2.1799,5747,2
rep4,2.18,5748,2
rep4,2.1801,5749,2
rep4,2.1802,5750,2
rep4,2.1804,5751,2
rep4,2.1804,5752,2
rep4,2.1805,5753,2
rep4,2.1808,5754,2
rep4,2.1809,5755,2
rep4,2.1811,5756,2
rep4,2.1813,5757,2
rep4,2.1823,5758,2
rep4,2.1826,5759,2
rep4,2.1827,5760,2
rep4,2.1827,5761,2
rep4,2.1828,5762,2
rep4,2.183,5763,2
rep4,2.1831,5764,2
rep4,2.1835,5765,2
rep4,2.1836,5766,2
rep4,2.1837,5767,2
rep4,2.1838,5768,2
rep4,2.1841,5769,2
rep4,2.1842,5770,2
rep4,2.1843,5771,2
rep4,2.1844,5772,2
rep4,2.1847,5773,2
rep4,2.1847,5774,2
rep4,2.1848,5775,2
rep4,2.1851,5776,2
rep4,2.1853,5777,2
rep4,2.1855,5778,2
rep4,2.1856,5779,2
rep4,2.1859,5780,2
rep4,2.1861,5781,2
rep4,2.1869,5782,2
rep4,2.1873,5783,2
rep4,2.1876,5784,2
rep4,2.188,5785,2
rep4,2.1885,5786,2
rep4,2.1886,5787,2
rep4,2.189,5788,2
rep4,2.1894,5789,2
rep4,2.1895,5790,2
rep4,2.1895,5791,2
rep4,2.1903,5792,2
rep4,2.1906,5793,2
rep4,2.1909,5794,2
rep4,2.1909,5795,2
rep4,2.1909,5796,2
rep4,2.1912,5797,2
rep4,2.1913,5798,2
rep4,2.1914,5799,2
rep4,2.1914,5800,2
rep4,2.1916,5801,2
rep4,2.1921,5802,2
rep4,2.1925,5803,2
rep4,2.1925,5804,2
rep4,2.1927,5805,2
rep4,2.1927,5806,2
rep4,2.1927,5807,2
rep4,2.1931,5808,2
rep4,2.1933,5809,2
rep4,2.1935,5810,2
rep4,2.1935,5811,2
rep4,2.1935,5812,2
rep4,2.1939,5813,2
rep4,2.1941,5814,2
rep4,2.1943,5815,2
rep4,2.1946,5816,2
rep4,2.1949,5817,2
rep4,2.1951,5818,2
rep4,2.1952,5819,2
rep4,2.1952,5820,2
rep4,2.1953,5821,2
rep4,2.1956,5822,2
rep4,2.196,5823,2
rep4,2.196,5824,2
rep4,2.1965,5825,2
rep4,2.1966,5826,2
rep4,2.197,5827,2
rep4,2.1972,5828,2
rep4,2.1977,5829,2
rep4,2.1977,5830,2
rep4,2.1977,5831,2
rep4,2.1978,5832,2
rep4,2.1981,5833,2
rep4,2.1982,5834,2
rep4,2.1986,5835,2
rep4,2.1987,5836,2
rep4,2.1987,5837,2
rep4,2.1987,5838,2
rep4,2.1987,5839,2
rep4,2.1989,5840,2
rep4,2.199,5841,2
rep4,2.199,5842,2
rep4,2.1991,5843,2
rep4,2.1991,5844,2
rep4,2.1991,5845,2
rep4,2.1992,5846,2
rep4,2.1992,5847,2
rep4,2.1994,5848,2
rep4,2.1997,5849,2
rep4,2.1999,5850,2
rep4,2.1999,5851,2
rep4,2.2002,5852,2
rep4,2.2006,5853,2
rep4,2.2006,5854,2
rep4,2.2007,5855,2
rep4,2.2007,5856,2
rep4,2.2007,5857,2
rep4,2.2008,5858,2
rep4,2.2009,5859,2
rep4,2.2009,5860,2
rep4,2.2016,5861,2
rep4,2.2016,5862,2
rep4,2.2018,5863,2
rep4,2.2021,5864,2
rep4,2.2022,5865,2
rep4,2.2022,5866,2
rep4,2.2023,5867,2
rep4,2.2026,5868,2
rep4,2.2029,5869,2
rep4,2.2034,5870,2
rep4,2.2034,5871,2
rep4,2.2035,5872,2
rep4,2.2035,5873,2
rep4,2.2035,5874,2
rep4,2.2036,5875,2
rep4,2.2037,5876,2
rep4,2.2038,5877,2
rep4,2.2042,5878,2
rep4,2.2042,5879,2
rep4,2.2042,5880,2
rep4,2.2043,5881,2
rep4,2.2046,5882,2
rep4,2.2046,5883,2
rep4,2.2046,5884,2
rep4,2.2046,5885,2
rep4,2.2047,5886,2
rep4,2.2047,5887,2
rep4,2.2051,5888,2
rep4,2.2052,5889,2
rep4,2.2053,5890,2
rep4,2.2054,5891,2
rep4,2.2054,5892,2
rep4,2.2056,5893,2
rep4,2.2057,5894,2
rep4,2.2058,5895,2
rep4,2.2058,5896,2
rep4,2.2063,5897,2
rep4,2.2063,5898,2
rep4,2.2063,5899,2
rep4,2.2067,5900,2
rep4,2.2069,5901,2
rep4,2.2073,5902,2
rep4,2.2074,5903,2
rep4,2.2076,5904,2
rep4,2.2077,5905,2
rep4,2.208,5906,2
rep4,2.208,5907,2
rep4,2.2083,5908,2
rep4,2.2084,5909,2
rep4,2.2084,5910,2
rep4,2.2085,5911,2
rep4,2.2085,5912,2
rep4,2.2085,5913,2
rep4,2.2085,5914,2
rep4,2.2086,5915,2
rep4,2.2087,5916,2
rep4,2.209,5917,2
rep4,2.209,5918,2
rep4,2.2091,5919,2
rep4,2.2094,5920,2
rep4,2.2095,5921,2
rep4,2.2097,5922,2
rep4,2.2098,5923,2
rep4,2.21,5924,2
rep4,2.2101,5925,2
rep4,2.2101,5926,2
rep4,2.2102,5927,2
rep4,2.2104,5928,2
rep4,2.2108,5929,2
rep4,2.2111,5930,2
rep4,2.2112,5931,2
rep4,2.2113,5932,2
rep4,2.2113,5933,2
rep4,2.2113,5934,2
rep4,2.2114,5935,2
rep4,2.2115,5936,2
rep4,2.2115,5937,2
rep4,2.2118,5938,2
rep4,2.2122,5939,2
rep4,2.2125,5940,2
rep4,2.2131,5941,2
rep4,2.2132,5942,2
rep4,2.2132,5943,2
rep4,2.2133,5944,2
rep4,2.2133,5945,2
rep4,2.2134,5946,2
rep4,2.2134,5947,2
rep4,2.2138,5948,2
rep4,2.214,5949,2
rep4,2.2143,5950,2
rep4,2.2147,5951,2
rep4,2.2147,5952,2
rep4,2.2149,5953,2
rep4,2.2151,5954,2
rep4,2.2152,5955,2
rep4,2.2154,5956,2
rep4,2.2156,5957,2
rep4,2.2156,5958,2
rep4,2.2159,5959,2
rep4,2.2159,5960,2
rep4,2.216,5961,2
rep4,2.216,5962,2
rep4,2.2162,5963,2
rep4,2.2162,5964,2
rep4,2.2164,5965,2
rep4,2.2169,5966,2
rep4,2.2169,5967,2
rep4,2.2169,5968,2
rep4,2.217,5969,2
rep4,2.2171,5970,2
rep4,2.2171,5971,2
rep4,2.2173,5972,2
rep4,2.2176,5973,2
rep4,2.2177,5974,2
rep4,2.2178,5975,2
rep4,2.2179,5976,2
rep4,2.218,5977,2
rep4,2.2183,5978,2
rep4,2.2186,5979,2
rep4,2.2189,5980,2
rep4,2.219,5981,2
rep4,2.2199,5982,2
rep4,2.22,5983,2
rep4,2.22,5984,2
rep4,2.2204,5985,2
rep4,2.2205,5986,2
rep4,2.2207,5987,2
rep4,2.221,5988,2
rep4,2.2213,5989,2
rep4,2.2214,5990,2
rep4,2.2215,5991,2
rep4,2.2216,5992,2
rep4,2.2217,5993,2
rep4,2.2218,5994,2
rep4,2.2218,5995,2
rep4,2.2221,5996,2
rep4,2.2224,5997,2
rep4,2.2226,5998,2
rep4,2.223,5999,2
rep4,2.2231,6000,2
rep4,2.2232,6001,2
rep4,2.2232,6002,2
rep4,2.2238,6003,2
rep4,2.224,6004,2
rep4,2.224,6005,2
rep4,2.224,6006,2
rep4,2.2242,6007,2
rep4,2.2245,6008,2
rep4,2.2249,6009,2
rep4,2.2249,6010,2
rep4,2.2254,6011,2
rep4,2.2255,6012,2
rep4,2.2256,6013,2
rep4,2.2259,6014,2
rep4,2.2261,6015,2
rep4,2.2265,6016,2
rep5,0.0278,0,1
rep5,1.0215,1,1
rep5,1.0215,2,1
rep5,1.0215,3,1
rep5,1.0216,4,1
rep5,1.0216,5,1
rep5,1.0216,6,1
rep5,1.0216,7,1
rep5,1.0216,8,1
rep5,1.0216,9,1
rep5,1.0217,10,1
rep5,1.0217,11,1
rep5,1.0217,12,1
rep5,1.0217,13,1
rep5,1.0218,14,1
rep5,1.0218,15,1
rep5,1.0218,16,1
rep5,1.0218,17,1
rep5,1.0219,18,1
rep5,1.0219,19,1
rep5,1.0219,20,1
rep5,1.0219,21,1
rep5,1.0219,22,1
rep5,1.0219,23,1
rep5,1.0219,24,1
rep5,1.0219,25,1
rep5,1.0219,26,1
rep5,1.0219,27,1
rep5,1.0219,28,1
rep5,1.022,29,1
rep5,1.022,30,1
rep5,1.022,31,1
rep5,1.0221,32,1
rep5,1.0221,33,1
rep5,1.0221,34,1
rep5,1.0221,35,1
rep5,1.0221,36,1
rep5,1.0221,37,1
rep5,1.0221,38,1
rep5,1.0222,39,1
rep5,1.0222,40,1
rep5,1.0222,41,1
rep5,1.0222,42,1
rep5,1.0223,43,1
rep5,1.0223,44,1
rep5,1.0223,45,1
rep5,1.0223,46,1
rep5,1.0223,47,1
rep5,1.0223,48,1
rep5,1.0224,49,1
rep5,1.0224,50,1
rep5,1.0224,51,1
rep5,1.0225,52,1
rep5,1.0225,53,1
rep5,1.0225,54,1
rep5,1.0225,55,1
rep5,1.0225,56,1
rep5,1.0225,57,1
rep5,1.0225,58,1
rep5,1.0225,59,1
rep5,1.0225,60,1
rep5,1.0225,61,1
rep5,1.0226,62,1
rep5,1.0227,63,1
rep5,1.0227,64,1
rep5,1.0227,65,1
rep5,1.0227,66,1
rep5,1.0227,67,1
rep5,1.0227,68,1
rep5,1.0227,69,1
rep5,1.0228,70,1
rep5,1.0228,71,1
rep5,1.0228,72,1
rep5,1.0228,73,1
rep5,1.0228,74,1
rep5,1.0229,75,1
rep5,1.0229,76,1
rep5,1.0229,77,1
rep5,1.0229,78,1
rep5,1.023,79,1
rep5,1.023,80,1
rep5,1.023,81,1
rep5,1.023,82,1
rep5,1.023,83,1
rep5,1.0231,84,1
rep5,1.0231,85,1
rep5,1.0231,86,1
rep5,1.0231,87,1
rep5,1.0232,88,1
rep5,1.0232,89,1
rep5,1.0232,90,1
rep5,1.0232,91,1
rep5,1.0233,92,1
rep5,1.0233,93,1
rep5,1.0233,94,1
rep5,1.0233,95,1
rep5,1.0234,96,1
rep5,1.0234,97,1
rep5,1.0234,98,1
rep5,1.0235,99,1
rep5,1.0235,100,1
rep5,1.0235,101,1
rep5,1.0235,102,1
rep5,1.0235,103,1
rep5,1.0235,104,1
rep5,1.0235,105,1
rep5,1.0235,106,1
rep5,1.0235,107,1
rep5,1.0236,108,1
rep5,1.0236,109,1
rep5,1.0236,110,1
rep5,1.0236,111,1
rep5,1.0236,112,1
rep5,1.0237,113,1
rep5,1.0237,114,1
rep5,1.0237,115,1
rep5,1.0237,116,1
rep5,1.0237,117,1
rep5,1.0238,118,1
rep5,1.0238,119,1
rep5,1.0239,120,1
rep5,1.0239,121,1
rep5,1.0239,122,1
rep5,1.0239,123,1
rep5,1.0239,124,1
rep5,1.0239,125,1
rep5,1.0239,126,1
rep5,1.024,127,1
rep5,1.024,128,1
rep5,1.024,129,1
rep5,1.024,130,1
rep5,1.024,131,1
rep5,1.024,132,1
rep5,1.0241,133,1
rep5,1.0241,134,1
rep5,1.0241,135,1
rep5,1.0241,136,1
rep5,1.0241,137,1
rep5,1.0241,138,1
rep5,1.0241,139,1
rep5,1.0241,140,1
rep5,1.0242,141,1
rep5,1.0242,142,1
rep5,1.0242,143,1
rep5,1.0242,144,1
rep5,1.0243,145,1
rep5,1.0243,146,1
rep5,1.0243,147,1
rep5,1.0243,148,1
rep5,1.0243,149,1
rep5,1.0244,150,1
rep5,1.0244,151,1
rep5,1.0244,152,1
rep5,1.0244,153,1
rep5,1.0245,154,1
rep5,1.0245,155,1
rep5,1.0245,156,1
rep5,1.0246,157,1
rep5,1.0246,158,1
rep5,1.0246,159,1
rep5,1.0246,160,1
rep5,1.0246,161,1
rep5,1.0247,162,1
rep5,1.0247,163,1
rep5,1.0247,164,1
rep5,1.0247,165,1
rep5,1.0248,166,1
rep5,1.0248,167,1
rep5,1.0248,168,1
rep5,1.0248,169,1
rep5,1.0248,170,1
rep5,1.0248,171,1
rep5,1.0248,172,1
rep5,1.0249,173,1
rep5,1.0249,174,1
rep5,1.0249,175,1
rep5,1.025,176,1
rep5,1.025,177,1
rep5,1.025,178,1
rep5,1.025,179,1
rep5,1.025,180,1
rep5,1.0251,181,1
rep5,1.0251,182,1
rep5,1.0251,183,1
rep5,1.0251,184,1
rep5,1.0252,185,1
rep5,1.0252,186,1
rep5,1.0252,187,1
rep5,1.0252,188,1
rep5,1.0253,189,1
rep5,1.0253,190,1
rep5,1.0253,191,1
rep5,1.0254,192,1
rep5,1.0254,193,1
rep5,1.0254,194,1
rep5,1.0255,195,1
rep5,1.0255,196,1
rep5,1.0255,197,1
rep5,1.0255,198,1
rep5,1.0255,199,1
rep5,1.0255,200,1
rep5,1.0256,201,1
rep5,1.0256,202,1
rep5,1.0256,203,1
rep5,1.0256,204,1
rep5,1.0256,205,1
rep5,1.0256,206,1
rep5,1.0257,207,1
rep5,1.0257,208,1
rep5,1.0257,209,1
rep5,1.0258,210,1
rep5,1.0258,211,1
rep5,1.0258,212,1
rep5,1.0258,213,1
rep5,1.0258,214,1
rep5,1.0258,215,1
rep5,1.0259,216,1
rep5,1.0259,217,1
rep5,1.0259,218,1
rep5,1.0259,219,1
rep5,1.026,220,1
rep5,1.026,221,1
rep5,1.026,222,1
rep5,1.026,223,1
rep5,1.026,224,1
rep5,1.0261,225,1
rep5,1.0261,226,1
rep5,1.0261,227,1
rep5,1.0261,228,1
rep5,1.0261,229,1
rep5,1.0261,230,1
rep5,1.0262,231,1
rep5,1.0262,232,1
rep5,1.0262,233,1
rep5,1.0262,234,1
rep5,1.0263,235,1
rep5,1.0263,236,1
rep5,1.0263,237,1
rep5,1.0263,238,1
rep5,1.0263,239,1
rep5,1.0263,240,1
rep5,1.0264,241,1
rep5,1.0264,242,1
rep5,1.0264,243,1
rep5,1.0264,244,1
rep5,1.0264,245,1
rep5,1.0264,246,1
rep5,1.0264,247,1
rep5,1.0265,248,1
rep5,1.0265,249,1
rep5,1.0266,250,1
rep5,1.0266,251,1
rep5,1.0267,252,1
rep5,1.0267,253,1
rep5,1.0267,254,1
rep5,1.0267,255,1
rep5,1.0267,256,1
rep5,1.0268,257,1
rep5,1.0268,258,1
rep5,1.0268,259,1
rep5,1.0269,260,1
rep5,1.0269,261,1
rep5,1.0269,262,1
rep5,1.0269,263,1
rep5,1.0269,264,1
rep5,1.0269,265,1
rep5,1.027,266,1
rep5,1.0271,267,1
rep5,1.0271,268,1
rep5,1.0271,269,1
rep5,1.0271,270,1
rep5,1.0272,271,1
rep5,1.0272,272,1
rep5,1.0272,273,1
rep5,1.0272,274,1
rep5,1.0272,275,1
rep5,1.0273,276,1
rep5,1.0273,277,1
rep5,1.0273,278,1
rep5,1.0273,279,1
rep5,1.0274,280,1
rep5,1.0274,281,1
rep5,1.0274,282,1
rep5,1.0274,283,1
rep5,1.0275,284,1
rep5,1.0275,285,1
rep5,1.0275,286,1
rep5,1.0275,287,1
rep5,1.0276,288,1
rep5,1.0276,289,1
rep5,1.0276,290,1
rep5,1.0276,291,1
rep5,1.0277,292,1
rep5,1.0277,293,1
rep5,1.0277,294,1
rep5,1.0277,295,1
rep5,1.0277,296,1
rep5,1.0277,297,1
rep5,1.0278,298,1
rep5,1.0278,299,1
rep5,1.0278,300,1
rep5,1.0278,301,1
rep5,1.0279,302,1
rep5,1.0279,303,1
rep5,1.028,304,1
rep5,1.028,305,1
rep5,1.0281,306,1
rep5,1.0281,307,1
rep5,1.0281,308,1
rep5,1.0281,309,1
rep5,1.0281,310,1
rep5,1.0281,311,1
rep5,1.0282,312,1
rep5,1.0282,313,1
rep5,1.0282,314,1
rep5,1.0282,315,1
rep5,1.0282,316,1
rep5,1.0282,317,1
rep5,1.0283,318,1
rep5,1.0283,319,1
rep5,1.0284,320,1
rep5,1.0284,321,1
rep5,1.0284,322,1
rep5,1.0285,323,1
rep5,1.0285,324,1
rep5,1.0285,325,1
rep5,1.0285,326,1
rep5,1.0286,327,1
rep5,1.0286,328,1
rep5,1.0286,329,1
rep5,1.0286,330,1
rep5,1.0286,331,1
rep5,1.0287,332,1
rep5,1.0287,333,1
rep5,1.0287,334,1
rep5,1.0287,335,1
rep5,1.0287,336,1
rep5,1.0288,337,1
rep5,1.0288,338,1
rep5,1.0288,339,1
rep5,1.0288,340,1
rep5,1.0289,341,1
rep5,1.0289,342,1
rep5,1.0289,343,1
rep5,1.029,344,1
rep5,1.029,345,1
rep5,1.0291,346,1
rep5,1.0291,347,1
rep5,1.0291,348,1
rep5,1.0291,349,1
rep5,1.0291,350,1
rep5,1.0292,351,1
rep5,1.0292,352,1
rep5,1.0293,353,1
rep5,1.0293,354,1
rep5,1.0293,355,1
rep5,1.0293,356,1
rep5,1.0293,357,1
rep5,1.0294,358,1
rep5,1.0294,359,1
rep5,1.0294,360,1
rep5,1.0294,361,1
rep5,1.0294,362,1
rep5,1.0295,363,1
rep5,1.0296,364,1
rep5,1.0296,365,1
rep5,1.0297,366,1
rep5,1.0297,367,1
rep5,1.0297,368,1
rep5,1.0297,369,1
rep5,1.0298,370,1
rep5,1.0298,371,1
rep5,1.0298,372,1
rep5,1.0298,373,1
rep5,1.0299,374,1
rep5,1.0299,375,1
rep5,1.0299,376,1
rep5,1.0299,377,1
rep5,1.0299,378,1
rep5,1.0299,379,1
rep5,1.03,380,1
rep5,1.03,381,1
rep5,1.03,382,1
rep5,1.0301,383,1
rep5,1.0302,384,1
rep5,1.0303,385,1
rep5,1.0303,386,1
rep5,1.0303,387,1
rep5,1.0304,388,1
rep5,1.0304,389,1
rep5,1.0305,390,1
rep5,1.0306,391,1
rep5,1.0306,392,1
rep5,1.0306,393,1
rep5,1.0307,394,1
rep5,1.0307,395,1
rep5,1.0307,396,1
rep5,1.0307,397,1
rep5,1.0308,398,1
rep5,1.0308,399,1
rep5,1.0309,400,1
rep5,1.0309,401,1
rep5,1.0309,402,1
rep5,1.0309,403,1
rep5,1.031,404,1
rep5,1.031,405,1
rep5,1.031,406,1
rep5,1.0311,407,1
rep5,1.0311,408,1
rep5,1.0311,409,1
rep5,1.0311,410,1
rep5,1.0312,411,1
rep5,1.0312,412,1
rep5,1.0313,413,1
rep5,1.0313,414,1
rep5,1.0313,415,1
rep5,1.0314,416,1
rep5,1.0314,417,1
rep5,1.0316,418,1
rep5,1.0317,419,1
rep5,1.0318,420,1
rep5,1.0318,421,1
rep5,1.0318,422,1
rep5,1.0318,423,1
rep5,1.0318,424,1
rep5,1.0318,425,1
rep5,1.0319,426,1
rep5,1.0319,427,1
rep5,1.0319,428,1
rep5,1.032,429,1
rep5,1.032,430,1
rep5,1.0321,431,1
rep5,1.0322,432,1
rep5,1.0322,433,1
rep5,1.0323,434,1
rep5,1.0324,435,1
rep5,1.0324,436,1
rep5,1.0324,437,1
rep5,1.0325,438,1
rep5,1.0325,439,1
rep5,1.0326,440,1
rep5,1.0327,441,1
rep5,1.0327,442,1
rep5,1.0327,443,1
rep5,1.0328,444,1
rep5,1.0328,445,1
rep5,1.0329,446,1
rep5,1.033,447,1
rep5,1.033,448,1
rep5,1.0331,449,1
rep5,1.0331,450,1
rep5,1.0332,451,1
rep5,1.0332,452,1
rep5,1.0333,453,1
rep5,1.0334,454,1
rep5,1.0334,455,1
rep5,1.0334,456,1
rep5,1.0335,457,1
rep5,1.0335,458,1
rep5,1.0335,459,1
rep5,1.0335,460,1
rep5,1.0335,461,1
rep5,1.0336,462,1
rep5,1.0337,463,1
rep5,1.0337,464,1
rep5,1.0338,465,1
rep5,1.0339,466,1
rep5,1.0339,467,1
rep5,1.0339,468,1
rep5,1.034,469,1
rep5,1.034,470,1
rep5,1.034,471,1
rep5,1.0341,472,1
rep5,1.0342,473,1
rep5,1.0343,474,1
rep5,1.0343,475,1
rep5,1.0343,476,1
rep5,1.0344,477,1
rep5,1.0344,478,1
rep5,1.0344,479,1
rep5,1.0345,480,1
rep5,1.0346,481,1
rep5,1.0346,482,1
rep5,1.0346,483,1
rep5,1.0346,484,1
rep5,1.0346,485,1
rep5,1.0347,486,1
rep5,1.0348,487,1
rep5,1.0348,488,1
rep5,1.0348,489,1
rep5,1.0349,490,1
rep5,1.035,491,1
rep5,1.035,492,1
rep5,1.035,493,1
rep5,1.0351,494,1
rep5,1.0351,495,1
rep5,1.0351,496,1
rep5,1.0351,497,1
rep5,1.0352,498,1
rep5,1.0352,499,1
rep5,1.0352,500,1
rep5,1.0352,501,1
rep5,1.0353,502,1
rep5,1.0354,503,1
rep5,1.0354,504,1
rep5,1.0355,505,1
rep5,1.0355,506,1
rep5,1.0355,507,1
rep5,1.0355,508,1
rep5,1.0356,509,1
rep5,1.0356,510,1
rep5,1.0357,511,1
rep5,1.0357,512,1
rep5,1.0358,513,1
rep5,1.0359,514,1
rep5,1.036,515,1
rep5,1.0361,516,1
rep5,1.0362,517,1
rep5,1.0363,518,1
rep5,1.0363,519,1
rep5,1.0363,520,1
rep5,1.0365,521,1
rep5,1.0365,522,1
rep5,1.0365,523,1
rep5,1.0367,524,1
rep5,1.0367,525,1
rep5,1.0368,526,1
rep5,1.0368,527,1
rep5,1.0369,528,1
rep5,1.0369,529,1
rep5,1.0369,530,1
rep5,1.0369,531,1
rep5,1.037,532,1
rep5,1.037,533,1
rep5,1.037,534,1
rep5,1.037,535,1
rep5,1.0371,536,1
rep5,1.0372,537,1
rep5,1.0372,538,1
rep5,1.0372,539,1
rep5,1.0373,540,1
rep5,1.0374,541,1
rep5,1.0376,542,1
rep5,1.0378,543,1
rep5,1.038,544,1
rep5,1.0381,545,1
rep5,1.0382,546,1
rep5,1.0382,547,1
rep5,1.0382,548,1
rep5,1.0382,549,1
rep5,1.0383,550,1
rep5,1.0385,551,1
rep5,1.0385,552,1
rep5,1.0386,553,1
rep5,1.0386,554,1
rep5,1.0386,555,1
rep5,1.0387,556,1
rep5,1.0388,557,1
rep5,1.039,558,1
rep5,1.0391,559,1
rep5,1.0391,560,1
rep5,1.0391,561,1
rep5,1.0391,562,1
rep5,1.0392,563,1
rep5,1.0393,564,1
rep5,1.0393,565,1
rep5,1.0393,566,1
rep5,1.0393,567,1
rep5,1.0394,568,1
rep5,1.0395,569,1
rep5,1.0395,570,1
rep5,1.0396,571,1
rep5,1.0396,572,1
rep5,1.0396,573,1
rep5,1.0397,574,1
rep5,1.0397,575,1
rep5,1.0397,576,1
rep5,1.0398,577,1
rep5,1.0403,578,1
rep5,1.0403,579,1
rep5,1.0403,580,1
rep5,1.0404,581,1
rep5,1.0404,582,1
rep5,1.0405,583,1
rep5,1.0405,584,1
rep5,1.0406,585,1
rep5,1.0407,586,1
rep5,1.0409,587,1
rep5,1.0409,588,1
rep5,1.0411,589,1
rep5,1.0412,590,1
rep5,1.0412,591,1
rep5,1.0413,592,1
rep5,1.0413,593,1
rep5,1.0414,594,1
rep5,1.0418,595,1
rep5,1.0421,596,1
rep5,1.0421,597,1
rep5,1.0421,598,1
rep5,1.0422,599,1
rep5,1.0424,600,1
rep5,1.0424,601,1
rep5,1.0426,602,1
rep5,1.0428,603,1
rep5,1.0429,604,1
rep5,1.043,605,1
rep5,1.043,606,1
rep5,1.0432,607,1
rep5,1.0433,608,1
rep5,1.0433,609,1
rep5,1.0434,610,1
rep5,1.0434,611,1
rep5,1.0435,612,1
rep5,1.0435,613,1
rep5,1.0437,614,1
rep5,1.0438,615,1
rep5,1.0441,616,1
rep5,1.0444,617,1
rep5,1.0446,618,1
rep5,1.0448,619,1
rep5,1.0448,620,1
rep5,1.0451,621,1
rep5,1.0453,622,1
rep5,1.0457,623,1
rep5,1.0458,624,1
rep5,1.0458,625,1
rep5,1.046,626,1
rep5,1.0463,627,1
rep5,1.0464,628,1
rep5,1.0464,629,1
rep5,1.0466,630,1
rep5,1.047,631,1
rep5,1.047,632,1
rep5,1.0473,633,1
rep5,1.0473,634,1
rep5,1.0475,635,1
rep5,1.0477,636,1
rep5,1.0478,637,1
rep5,1.0479,638,1
rep5,1.0481,639,1
rep5,1.0485,640,1
rep5,1.0485,641,1
rep5,1.0486,642,1
rep5,1.0486,643,1
rep5,1.0488,644,1
rep5,1.0489,645,1
rep5,1.0489,646,1
rep5,1.049,647,1
rep5,1.049,648,1
rep5,1.0492,649,1
rep5,1.0493,650,1
rep5,1.0494,651,1
rep5,1.0498,652,1
rep5,1.0499,653,1
rep5,1.0499,654,1
rep5,1.0504,655,1
rep5,1.0506,656,1
rep5,1.0507,657,1
rep5,1.0507,658,1
rep5,1.0513,659,1
rep5,1.0516,660,1
rep5,1.0516,661,1
rep5,1.0518,662,1
rep5,1.052,663,1
rep5,1.0521,664,1
rep5,1.0522,665,1
rep5,1.0526,666,1
rep5,1.0529,667,1
rep5,1.053,668,1
rep5,1.0536,669,1
rep5,1.0538,670,1
rep5,1.0539,671,1
rep5,1.054,672,1
rep5,1.0544,673,1
rep5,1.0544,674,1
rep5,1.0547,675,1
rep5,1.0548,676,1
rep5,1.0552,677,1
rep5,1.0553,678,1
rep5,1.0555,679,1
rep5,1.0556,680,1
rep5,1.0556,681,1
rep5,1.0557,682,1
rep5,1.056,683,1
rep5,1.0561,684,1
rep5,1.0561,685,1
rep5,1.0561,686,1
rep5,1.0561,687,1
rep5,1.0561,688,1
rep5,1.0562,689,1
rep5,1.0562,690,1
rep5,1.0562,691,1
rep5,1.0562,692,1
rep5,1.0562,693,1
rep5,1.0563,694,1
rep5,1.0563,695,1
rep5,1.0563,696,1
rep5,1.0563,697,1
rep5,1.0563,698,1
rep5,1.0563,699,1
rep5,1.0564,700,1
rep5,1.0564,701,1
rep5,1.0564,702,1
rep5,1.0564,703,1
rep5,1.0564,704,1
rep5,1.0565,705,1
rep5,1.0565,706,1
rep5,1.0565,707,1
rep5,1.0565,708,1
rep5,1.0565,709,1
rep5,1.0565,710,1
rep5,1.0566,711,1
rep5,1.0566,712,1
rep5,1.0566,713,1
rep5,1.0566,714,1
rep5,1.0566,715,1
rep5,1.0566,716,1
rep5,1.0566,717,1
rep5,1.0567,718,1
rep5,1.0567,719,1
rep5,1.0567,720,1
rep5,1.0567,721,1
rep5,1.0568,722,1
rep5,1.0568,723,1
rep5,1.0569,724,1
rep5,1.0569,725,1
rep5,1.0569,726,1
rep5,1.0569,727,1
rep5,1.0569,728,1
rep5,1.057,729,1
rep5,1.057,730,1
rep5,1.057,731,1
rep5,1.057,732,1
rep5,1.0571,733,1
rep5,1.0571,734,1
rep5,1.0571,735,1
rep5,1.0571,736,1
rep5,1.0571,737,1
rep5,1.0571,738,1
rep5,1.0571,739,1
rep5,1.0571,740,1
rep5,1.0571,741,1
rep5,1.0572,742,1
rep5,1.0572,743,1
rep5,1.0572,744,1
rep5,1.0572,745,1
rep5,1.0572,746,1
rep5,1.0572,747,1
rep5,1.0572,748,1
rep5,1.0573,749,1
rep5,1.0573,750,1
rep5,1.0573,751,1
rep5,1.0574,752,1
rep5,1.0574,753,1
rep5,1.0574,754,1
rep5,1.0574,755,1
rep5,1.0574,756,1
rep5,1.0574,757,1
rep5,1.0574,758,1
rep5,1.0574,759,1
rep5,1.0575,760,1
rep5,1.0575,761,1
rep5,1.0575,762,1
rep5,1.0575,763,1
rep5,1.0576,764,1
rep5,1.0576,765,1
rep5,1.0576,766,1
rep5,1.0577,767,1
rep5,1.0577,768,1
rep5,1.0577,769,1
rep5,1.0577,770,1
rep5,1.0577,771,1
rep5,1.0578,772,1
rep5,1.0578,773,1
rep5,1.0578,774,1
rep5,1.0579,775,1
rep5,1.0579,776,1
rep5,1.0579,777,1
rep5,1.0579,778,1
rep5,1.0579,779,1
rep5,1.0579,780,1
rep5,1.058,781,1
rep5,1.058,782,1
rep5,1.058,783,1
rep5,1.058,784,1
rep5,1.0581,785,1
rep5,1.0581,786,1
rep5,1.0581,787,1
rep5,1.0581,788,1
rep5,1.0581,789,1
rep5,1.0581,790,1
rep5,1.0581,791,1
rep5,1.0582,792,1
rep5,1.0582,793,1
rep5,1.0582,794,1
rep5,1.0583,795,1
rep5,1.0583,796,1
rep5,1.0583,797,1
rep5,1.0583,798,1
rep5,1.0583,799,1
rep5,1.0583,800,1
rep5,1.0583,801,1
rep5,1.0584,802,1
rep5,1.0584,803,1
rep5,1.0584,804,1
rep5,1.0584,805,1
rep5,1.0585,806,1
rep5,1.0585,807,1
rep5,1.0585,808,1
rep5,1.0586,809,1
rep5,1.0586,810,1
rep5,1.0586,811,1
rep5,1.0586,812,1
rep5,1.0587,813,1
rep5,1.0587,814,1
rep5,1.0587,815,1
rep5,1.0588,816,1
rep5,1.0588,817,1
rep5,1.0588,818,1
rep5,1.0588,819,1
rep5,1.0588,820,1
rep5,1.0589,821,1
rep5,1.0589,822,1
rep5,1.0589,823,1
rep5,1.059,824,1
rep5,1.059,825,1
rep5,1.059,826,1
rep5,1.059,827,1
rep5,1.059,828,1
rep5,1.0591,829,1
rep5,1.0591,830,1
rep5,1.0591,831,1
rep5,1.0591,832,1
rep5,1.0592,833,1
rep5,1.0592,834,1
rep5,1.0592,835,1
rep5,1.0592,836,1
rep5,1.0592,837,1
rep5,1.0592,838,1
rep5,1.0593,839,1
rep5,1.0593,840,1
rep5,1.0593,841,1
rep5,1.0593,842,1
rep5,1.0594,843,1
rep5,1.0594,844,1
rep5,1.0594,845,1
rep5,1.0594,846,1
rep5,1.0595,847,1
rep5,1.0595,848,1
rep5,1.0595,849,1
rep5,1.0595,850,1
rep5,1.0596,851,1
rep5,1.0596,852,1
rep5,1.0596,853,1
rep5,1.0597,854,1
rep5,1.0597,855,1
rep5,1.0597,856,1
rep5,1.0597,857,1
rep5,1.0598,858,1
rep5,1.0598,859,1
rep5,1.0599,860,1
rep5,1.0599,861,1
rep5,1.0599,862,1
rep5,1.06,863,1
rep5,1.06,864,1
rep5,1.06,865,1
rep5,1.06,866,1
rep5,1.06,867,1
rep5,1.0601,868,1
rep5,1.0601,869,1
rep5,1.0601,870,1
rep5,1.0601,871,1
rep5,1.0602,872,1
rep5,1.0602,873,1
rep5,1.0602,874,1
rep5,1.0602,875,1
rep5,1.0603,876,1
rep5,1.0603,877,1
rep5,1.0603,878,1
rep5,1.0604,879,1
rep5,1.0604,880,1
rep5,1.0604,881,1
rep5,1.0604,882,1
rep5,1.0604,883,1
rep5,1.0605,884,1
rep5,1.0606,885,1
rep5,1.0606,886,1
rep5,1.0606,887,1
rep5,1.0606,888,1
rep5,1.0607,889,1
rep5,1.0607,890,1
rep5,1.0607,891,1
rep5,1.0608,892,1
rep5,1.0608,893,1
rep5,1.0608,894,1
rep5,1.0609,895,1
rep5,1.0609,896,1
rep5,1.0609,897,1
rep5,1.061,898,1
rep5,1.061,899,1
rep5,1.061,900,1
rep5,1.0611,901,1
rep5,1.0611,902,1
rep5,1.0611,903,1
rep5,1.0612,904,1
rep5,1.0612,905,1
rep5,1.0612,906,1
rep5,1.0613,907,1
rep5,1.0613,908,1
rep5,1.0613,909,1
rep5,1.0614,910,1
rep5,1.0614,911,1
rep5,1.0614,912,1
rep5,1.0614,913,1
rep5,1.0614,914,1
rep5,1.0614,915,1
rep5,1.0614,916,1
rep5,1.0615,917,1
rep5,1.0615,918,1
rep5,1.0615,919,1
rep5,1.0615,920,1
rep5,1.0616,921,1
rep5,1.0616,922,1
rep5,1.0616,923,1
rep5,1.0616,924,1
rep5,1.0617,925,1
rep5,1.0617,926,1
rep5,1.0617,927,1
rep5,1.0618,928,1
rep5,1.0618,929,1
rep5,1.0619,930,1
rep5,1.0619,931,1
rep5,1.062,932,1
rep5,1.062,933,1
rep5,1.062,934,1
rep5,1.0621,935,1
rep5,1.0621,936,1
rep5,1.0621,937,1
rep5,1.0621,938,1
rep5,1.0621,939,1
rep5,1.0621,940,1
rep5,1.0621,941,1
rep5,1.0622,942,1
rep5,1.0622,943,1
rep5,1.0622,944,1
rep5,1.0623,945,1
rep5,1.0623,946,1
rep5,1.0623,947,1
rep5,1.0623,948,1
rep5,1.0624,949,1
rep5,1.0624,950,1
rep5,1.0624,951,1
rep5,1.0624,952,1
rep5,1.0624,953,1
rep5,1.0624,954,1
rep5,1.0625,955,1
rep5,1.0625,956,1
rep5,1.0625,957,1
rep5,1.0625,958,1
rep5,1.0626,959,1
rep5,1.0626,960,1
rep5,1.0627,961,1
rep5,1.0627,962,1
rep5,1.0627,963,1
rep5,1.0627,964,1
rep5,1.0627,965,1
rep5,1.0628,966,1
rep5,1.0629,967,1
rep5,1.0629,968,1
rep5,1.063,969,1
rep5,1.063,970,1
rep5,1.0631,971,1
rep5,1.0631,972,1
rep5,1.0631,973,1
rep5,1.0631,974,1
rep5,1.0631,975,1
rep5,1.0632,976,1
rep5,1.0632,977,1
rep5,1.0633,978,1
rep5,1.0633,979,1
rep5,1.0634,980,1
rep5,1.0634,981,1
rep5,1.0634,982,1
rep5,1.0635,983,1
rep5,1.0635,984,1
rep5,1.0636,985,1
rep5,1.0636,986,1
rep5,1.0636,987,1
rep5,1.0636,988,1
rep5,1.0636,989,1
rep5,1.0637,990,1
rep5,1.0637,991,1
rep5,1.0638,992,1
rep5,1.0638,993,1
rep5,1.0638,994,1
rep5,1.0639,995,1
rep5,1.0639,996,1
rep5,1.0639,997,1
rep5,1.0639,998,1
rep5,1.0639,999,1
rep5,1.0639,1000,1
rep5,1.064,1001,1
rep5,1.064,1002,1
rep5,1.0641,1003,1
rep5,1.0641,1004,1
rep5,1.0641,1005,1
rep5,1.0641,1006,1
rep5,1.0642,1007,1
rep5,1.0642,1008,1
rep5,1.0643,1009,1
rep5,1.0643,1010,1
rep5,1.0643,1011,1
rep5,1.0643,1012,1
rep5,1.0643,1013,1
rep5,1.0644,1014,1
rep5,1.0644,1015,1
rep5,1.0644,1016,1
rep5,1.0645,1017,1
rep5,1.0645,1018,1
rep5,1.0646,1019,1
rep5,1.0646,1020,1
rep5,1.0648,1021,1
rep5,1.0648,1022,1
rep5,1.0648,1023,1
rep5,1.0648,1024,1
rep5,1.065,1025,1
rep5,1.065,1026,1
rep5,1.0651,1027,1
rep5,1.0651,1028,1
rep5,1.0651,1029,1
rep5,1.0652,1030,1
rep5,1.0652,1031,1
rep5,1.0653,1032,1
rep5,1.0653,1033,1
rep5,1.0653,1034,1
rep5,1.0653,1035,1
rep5,1.0653,1036,1
rep5,1.0654,1037,1
rep5,1.0654,1038,1
rep5,1.0654,1039,1
rep5,1.0655,1040,1
rep5,1.0655,1041,1
rep5,1.0655,1042,1
rep5,1.0655,1043,1
rep5,1.0656,1044,1
rep5,1.0656,1045,1
rep5,1.0656,1046,1
rep5,1.0656,1047,1
rep5,1.0656,1048,1
rep5,1.0656,1049,1
rep5,1.0657,1050,1
rep5,1.0657,1051,1
rep5,1.0657,1052,1
rep5,1.0657,1053,1
rep5,1.0658,1054,1
rep5,1.0659,1055,1
rep5,1.0659,1056,1
rep5,1.0659,1057,1
rep5,1.0659,1058,1
rep5,1.066,1059,1
rep5,1.066,1060,1
rep5,1.0661,1061,1
rep5,1.0661,1062,1
rep5,1.0661,1063,1
rep5,1.0661,1064,1
rep5,1.0662,1065,1
rep5,1.0662,1066,1
rep5,1.0663,1067,1
rep5,1.0663,1068,1
rep5,1.0663,1069,1
rep5,1.0664,1070,1
rep5,1.0664,1071,1
rep5,1.0664,1072,1
rep5,1.0664,1073,1
rep5,1.0665,1074,1
rep5,1.0665,1075,1
rep5,1.0666,1076,1
rep5,1.0666,1077,1
rep5,1.0666,1078,1
rep5,1.0667,1079,1
rep5,1.0668,1080,1
rep5,1.0668,1081,1
rep5,1.0668,1082,1
rep5,1.0668,1083,1
rep5,1.0668,1084,1
rep5,1.0668,1085,1
rep5,1.0669,1086,1
rep5,1.0669,1087,1
rep5,1.0669,1088,1
rep5,1.067,1089,1
rep5,1.067,1090,1
rep5,1.0671,1091,1
rep5,1.0671,1092,1
rep5,1.0672,1093,1
rep5,1.0672,1094,1
rep5,1.0672,1095,1
rep5,1.0673,1096,1
rep5,1.0673,1097,1
rep5,1.0673,1098,1
rep5,1.0674,1099,1
rep5,1.0674,1100,1
rep5,1.0674,1101,1
rep5,1.0675,1102,1
rep5,1.0675,1103,1
rep5,1.0675,1104,1
rep5,1.0675,1105,1
rep5,1.0676,1106,1
rep5,1.0676,1107,1
rep5,1.0677,1108,1
rep5,1.0677,1109,1
rep5,1.0677,1110,1
rep5,1.0677,1111,1
rep5,1.0677,1112,1
rep5,1.0678,1113,1
rep5,1.0679,1114,1
rep5,1.068,1115,1
rep5,1.068,1116,1
rep5,1.068,1117,1
rep5,1.0681,1118,1
rep5,1.0681,1119,1
rep5,1.0682,1120,1
rep5,1.0682,1121,1
rep5,1.0682,1122,1
rep5,1.0683,1123,1
rep5,1.0683,1124,1
rep5,1.0683,1125,1
rep5,1.0683,1126,1
rep5,1.0684,1127,1
rep5,1.0685,1128,1
rep5,1.0685,1129,1
rep5,1.0686,1130,1
rep5,1.0686,1131,1
rep5,1.0687,1132,1
rep5,1.0687,1133,1
rep5,1.0687,1134,1
rep5,1.0688,1135,1
rep5,1.0688,1136,1
rep5,1.0688,1137,1
rep5,1.0688,1138,1
rep5,1.0689,1139,1
rep5,1.069,1140,1
rep5,1.069,1141,1
rep5,1.069,1142,1
rep5,1.0691,1143,1
rep5,1.0691,1144,1
rep5,1.0692,1145,1
rep5,1.0692,1146,1
rep5,1.0692,1147,1
rep5,1.0693,1148,1
rep5,1.0693,1149,1
rep5,1.0694,1150,1
rep5,1.0694,1151,1
rep5,1.0695,1152,1
rep5,1.0695,1153,1
rep5,1.0696,1154,1
rep5,1.0696,1155,1
rep5,1.0697,1156,1
rep5,1.0697,1157,1
rep5,1.0698,1158,1
rep5,1.0698,1159,1
rep5,1.0699,1160,1
rep5,1.0699,1161,1
rep5,1.07,1162,1
rep5,1.07,1163,1
rep5,1.07,1164,1
rep5,1.0701,1165,1
rep5,1.0701,1166,1
rep5,1.0701,1167,1
rep5,1.0702,1168,1
rep5,1.0703,1169,1
rep5,1.0703,1170,1
rep5,1.0704,1171,1
rep5,1.0704,1172,1
rep5,1.0704,1173,1
rep5,1.0704,1174,1
rep5,1.0705,1175,1
rep5,1.0705,1176,1
rep5,1.0706,1177,1
rep5,1.0706,1178,1
rep5,1.0706,1179,1
rep5,1.0707,1180,1
rep5,1.0707,1181,1
rep5,1.0708,1182,1
rep5,1.0708,1183,1
rep5,1.0709,1184,1
rep5,1.0709,1185,1
rep5,1.071,1186,1
rep5,1.071,1187,1
rep5,1.0712,1188,1
rep5,1.0712,1189,1
rep5,1.0713,1190,1
rep5,1.0713,1191,1
rep5,1.0715,1192,1
rep5,1.0716,1193,1
rep5,1.0716,1194,1
rep5,1.0717,1195,1
rep5,1.0718,1196,1
rep5,1.0718,1197,1
rep5,1.0718,1198,1
rep5,1.0719,1199,1
rep5,1.0721,1200,1
rep5,1.0721,1201,1
rep5,1.0722,1202,1
rep5,1.0724,1203,1
rep5,1.0724,1204,1
rep5,1.0724,1205,1
rep5,1.0725,1206,1
rep5,1.0726,1207,1
rep5,1.0726,1208,1
rep5,1.0726,1209,1
rep5,1.0728,1210,1
rep5,1.0728,1211,1
rep5,1.0729,1212,1
rep5,1.073,1213,1
rep5,1.0731,1214,1
rep5,1.0733,1215,1
rep5,1.0733,1216,1
rep5,1.0733,1217,1
rep5,1.0733,1218,1
rep5,1.0733,1219,1
rep5,1.0733,1220,1
rep5,1.0735,1221,1
rep5,1.0735,1222,1
rep5,1.0736,1223,1
rep5,1.0737,1224,1
rep5,1.0737,1225,1
rep5,1.0737,1226,1
rep5,1.0738,1227,1
rep5,1.0739,1228,1
rep5,1.074,1229,1
rep5,1.074,1230,1
rep5,1.074,1231,1
rep5,1.0741,1232,1
rep5,1.0741,1233,1
rep5,1.0742,1234,1
rep5,1.0742,1235,1
rep5,1.0744,1236,1
rep5,1.0744,1237,1
rep5,1.0745,1238,1
rep5,1.0745,1239,1
rep5,1.0746,1240,1
rep5,1.0746,1241,1
rep5,1.0747,1242,1
rep5,1.0747,1243,1
rep5,1.0747,1244,1
rep5,1.0748,1245,1
rep5,1.0748,1246,1
rep5,1.0748,1247,1
rep5,1.0748,1248,1
rep5,1.075,1249,1
rep5,1.075,1250,1
rep5,1.075,1251,1
rep5,1.0752,1252,1
rep5,1.0752,1253,1
rep5,1.0755,1254,1
rep5,1.0755,1255,1
rep5,1.0756,1256,1
rep5,1.0756,1257,1
rep5,1.0757,1258,1
rep5,1.0759,1259,1
rep5,1.0759,1260,1
rep5,1.0759,1261,1
rep5,1.0759,1262,1
rep5,1.0759,1263,1
rep5,1.0761,1264,1
rep5,1.0761,1265,1
rep5,1.0763,1266,1
rep5,1.0764,1267,1
rep5,1.0765,1268,1
rep5,1.0766,1269,1
rep5,1.0767,1270,1
rep5,1.0767,1271,1
rep5,1.077,1272,1
rep5,1.077,1273,1
rep5,1.077,1274,1
rep5,1.0771,1275,1
rep5,1.0771,1276,1
rep5,1.0772,1277,1
rep5,1.0772,1278,1
rep5,1.0772,1279,1
rep5,1.0772,1280,1
rep5,1.0773,1281,1
rep5,1.0775,1282,1
rep5,1.0776,1283,1
rep5,1.0776,1284,1
rep5,1.0777,1285,1
rep5,1.0778,1286,1
rep5,1.0779,1287,1
rep5,1.0779,1288,1
rep5,1.0779,1289,1
rep5,1.078,1290,1
rep5,1.0781,1291,1
rep5,1.0781,1292,1
rep5,1.0782,1293,1
rep5,1.0783,1294,1
rep5,1.0783,1295,1
rep5,1.0784,1296,1
rep5,1.0784,1297,1
rep5,1.0784,1298,1
rep5,1.0785,1299,1
rep5,1.0785,1300,1
rep5,1.0786,1301,1
rep5,1.0786,1302,1
rep5,1.0786,1303,1
rep5,1.0787,1304,1
rep5,1.0787,1305,1
rep5,1.0788,1306,1
rep5,1.0789,1307,1
rep5,1.0791,1308,1
rep5,1.0791,1309,1
rep5,1.0791,1310,1
rep5,1.0792,1311,1
rep5,1.0792,1312,1
rep5,1.0793,1313,1
rep5,1.0795,1314,1
rep5,1.0798,1315,1
rep5,1.08,1316,1
rep5,1.0801,1317,1
rep5,1.0802,1318,1
rep5,1.0803,1319,1
rep5,1.0804,1320,1
rep5,1.0805,1321,1
rep5,1.0806,1322,1
rep5,1.0807,1323,1
rep5,1.0807,1324,1
rep5,1.0808,1325,1
rep5,1.0808,1326,1
rep5,1.0808,1327,1
rep5,1.0809,1328,1
rep5,1.0809,1329,1
rep5,1.0809,1330,1
rep5,1.081,1331,1
rep5,1.081,1332,1
rep5,1.0811,1333,1
rep5,1.0813,1334,1
rep5,1.0814,1335,1
rep5,1.0814,1336,1
rep5,1.0815,1337,1
rep5,1.0816,1338,1
rep5,1.0817,1339,1
rep5,1.0817,1340,1
rep5,1.0819,1341,1
rep5,1.0819,1342,1
rep5,1.082,1343,1
rep5,1.0821,1344,1
rep5,1.0821,1345,1
rep5,1.0821,1346,1
rep5,1.0821,1347,1
rep5,1.0822,1348,1
rep5,1.0822,1349,1
rep5,1.0823,1350,1
rep5,1.0824,1351,1
rep5,1.0824,1352,1
rep5,1.0825,1353,1
rep5,1.0825,1354,1
rep5,1.0826,1355,1
rep5,1.0829,1356,1
rep5,1.083,1357,1
rep5,1.0831,1358,1
rep5,1.0831,1359,1
rep5,1.0832,1360,1
rep5,1.0832,1361,1
rep5,1.0834,1362,1
rep5,1.0835,1363,1
rep5,1.0836,1364,1
rep5,1.0837,1365,1
rep5,1.0838,1366,1
rep5,1.0838,1367,1
rep5,1.0839,1368,1
rep5,1.0843,1369,1
rep5,1.0844,1370,1
rep5,1.0844,1371,1
rep5,1.0844,1372,1
rep5,1.0845,1373,1
rep5,1.0847,1374,1
rep5,1.0848,1375,1
rep5,1.0848,1376,1
rep5,1.0849,1377,1
rep5,1.0849,1378,1
rep5,1.0851,1379,1
rep5,1.0852,1380,1
rep5,1.0852,1381,1
rep5,1.0852,1382,1
rep5,1.0856,1383,1
rep5,1.0856,1384,1
rep5,1.0857,1385,1
rep5,1.0857,1386,1
rep5,1.0858,1387,1
rep5,1.0858,1388,1
rep5,1.0858,1389,1
rep5,1.0858,1390,1
rep5,1.0858,1391,1
rep5,1.0859,1392,1
rep5,1.0859,1393,1
rep5,1.086,1394,1
rep5,1.0861,1395,1
rep5,1.0861,1396,1
rep5,1.0861,1397,1
rep5,1.0862,1398,1
rep5,1.0862,1399,1
rep5,1.0862,1400,1
rep5,1.0864,1401,1
rep5,1.0864,1402,1
rep5,1.0868,1403,1
rep5,1.087,1404,1
rep5,1.0872,1405,1
rep5,1.0872,1406,1
rep5,1.0874,1407,1
rep5,1.0876,1408,1
rep5,1.0876,1409,1
rep5,1.0876,1410,1
rep5,1.0877,1411,1
rep5,1.0878,1412,1
rep5,1.0879,1413,1
rep5,1.088,1414,1
rep5,1.0881,1415,1
rep5,1.0881,1416,1
rep5,1.0882,1417,1
rep5,1.0883,1418,1
rep5,1.0883,1419,1
rep5,1.0883,1420,1
rep5,1.0886,1421,1
rep5,1.0887,1422,1
rep5,1.0888,1423,1
rep5,1.0889,1424,1
rep5,1.0891,1425,1
rep5,1.0891,1426,1
rep5,1.0891,1427,1
rep5,1.0892,1428,1
rep5,1.0892,1429,1
rep5,1.0893,1430,1
rep5,1.0895,1431,1
rep5,1.0895,1432,1
rep5,1.0896,1433,1
rep5,1.0898,1434,1
rep5,1.0899,1435,1
rep5,1.0901,1436,1
rep5,1.0902,1437,1
rep5,1.0903,1438,1
rep5,1.0903,1439,1
rep5,1.0904,1440,1
rep5,1.0904,1441,1
rep5,1.0905,1442,1
rep5,1.0905,1443,1
rep5,1.0906,1444,1
rep5,1.0906,1445,1
rep5,1.0907,1446,1
rep5,1.0907,1447,1
rep5,1.0907,1448,1
rep5,1.0908,1449,1
rep5,1.0909,1450,1
rep5,1.0909,1451,1
rep5,1.091,1452,1
rep5,1.091,1453,1
rep5,1.0911,1454,1
rep5,1.0911,1455,1
rep5,1.0911,1456,1
rep5,1.0911,1457,1
rep5,1.0911,1458,1
rep5,1.0912,1459,1
rep5,1.0912,1460,1
rep5,1.0912,1461,1
rep5,1.0913,1462,1
rep5,1.0913,1463,1
rep5,1.0914,1464,1
rep5,1.0915,1465,1
rep5,1.0915,1466,1
rep5,1.0916,1467,1
rep5,1.0916,1468,1
rep5,1.0916,1469,1
rep5,1.0917,1470,1
rep5,1.0917,1471,1
rep5,1.0917,1472,1
rep5,1.0918,1473,1
rep5,1.0919,1474,1
rep5,1.0919,1475,1
rep5,1.092,1476,1
rep5,1.092,1477,1
rep5,1.0921,1478,1
rep5,1.0922,1479,1
rep5,1.0922,1480,1
rep5,1.0922,1481,1
rep5,1.0922,1482,1
rep5,1.0925,1483,1
rep5,1.0925,1484,1
rep5,1.0926,1485,1
rep5,1.0927,1486,1
rep5,1.0927,1487,1
rep5,1.0928,1488,1
rep5,1.093,1489,1
rep5,1.093,1490,1
rep5,1.0931,1491,1
rep5,1.0931,1492,1
rep5,1.0932,1493,1
rep5,1.0933,1494,1
rep5,1.0933,1495,1
rep5,1.0933,1496,1
rep5,1.0934,1497,1
rep5,1.0935,1498,1
rep5,1.0935,1499,1
rep5,1.0936,1500,1
rep5,1.0937,1501,1
rep5,1.0937,1502,1
rep5,1.0937,1503,1
rep5,1.0938,1504,1
rep5,1.0939,1505,1
rep5,1.094,1506,1
rep5,1.094,1507,1
rep5,1.094,1508,1
rep5,1.0941,1509,1
rep5,1.0941,1510,1
rep5,1.0942,1511,1
rep5,1.0942,1512,1
rep5,1.0942,1513,1
rep5,1.0942,1514,1
rep5,1.0942,1515,1
rep5,1.0943,1516,1
rep5,1.0943,1517,1
rep5,1.0944,1518,1
rep5,1.0944,1519,1
rep5,1.0945,1520,1
rep5,1.0946,1521,1
rep5,1.0946,1522,1
rep5,1.0946,1523,1
rep5,1.0947,1524,1
rep5,1.0949,1525,1
rep5,1.0949,1526,1
rep5,1.0949,1527,1
rep5,1.095,1528,1
rep5,1.095,1529,1
rep5,1.0951,1530,1
rep5,1.0951,1531,1
rep5,1.0952,1532,1
rep5,1.0952,1533,1
rep5,1.0952,1534,1
rep5,1.0952,1535,1
rep5,1.0953,1536,1
rep5,1.0954,1537,1
rep5,1.0954,1538,1
rep5,1.0955,1539,1
rep5,1.0955,1540,1
rep5,1.0955,1541,1
rep5,1.0956,1542,1
rep5,1.0956,1543,1
rep5,1.0956,1544,1
rep5,1.0957,1545,1
rep5,1.0958,1546,1
rep5,1.0959,1547,1
rep5,1.096,1548,1
rep5,1.096,1549,1
rep5,1.096,1550,1
rep5,1.0961,1551,1
rep5,1.0961,1552,1
rep5,1.0961,1553,1
rep5,1.0961,1554,1
rep5,1.0962,1555,1
rep5,1.0962,1556,1
rep5,1.0963,1557,1
rep5,1.0963,1558,1
rep5,1.0964,1559,1
rep5,1.0964,1560,1
rep5,1.0965,1561,1
rep5,1.0965,1562,1
rep5,1.0965,1563,1
rep5,1.0966,1564,1
rep5,1.0967,1565,1
rep5,1.0967,1566,1
rep5,1.0968,1567,1
rep5,1.0969,1568,1
rep5,1.0969,1569,1
rep5,1.097,1570,1
rep5,1.097,1571,1
rep5,1.0971,1572,1
rep5,1.0972,1573,1
rep5,1.0972,1574,1
rep5,1.0974,1575,1
rep5,1.0974,1576,1
rep5,1.0974,1577,1
rep5,1.0974,1578,1
rep5,1.0975,1579,1
rep5,1.0975,1580,1
rep5,1.0976,1581,1
rep5,1.0976,1582,1
rep5,1.0976,1583,1
rep5,1.0978,1584,1
rep5,1.0979,1585,1
rep5,1.0979,1586,1
rep5,1.098,1587,1
rep5,1.098,1588,1
rep5,1.098,1589,1
rep5,1.0981,1590,1
rep5,1.0981,1591,1
rep5,1.0982,1592,1
rep5,1.0982,1593,1
rep5,1.0982,1594,1
rep5,1.0982,1595,1
rep5,1.0982,1596,1
rep5,1.0983,1597,1
rep5,1.0984,1598,1
rep5,1.0986,1599,1
rep5,1.0986,1600,1
rep5,1.0987,1601,1
rep5,1.0988,1602,1
rep5,1.0988,1603,1
rep5,1.0988,1604,1
rep5,1.0989,1605,1
rep5,1.0989,1606,1
rep5,1.099,1607,1
rep5,1.099,1608,1
rep5,1.099,1609,1
rep5,1.0991,1610,1
rep5,1.0991,1611,1
rep5,1.0991,1612,1
rep5,1.0991,1613,1
rep5,1.0991,1614,1
rep5,1.0991,1615,1
rep5,1.0992,1616,1
rep5,1.0992,1617,1
rep5,1.0992,1618,1
rep5,1.0993,1619,1
rep5,1.0993,1620,1
rep5,1.0993,1621,1
rep5,1.0993,1622,1
rep5,1.0994,1623,1
rep5,1.0994,1624,1
rep5,1.0995,1625,1
rep5,1.0995,1626,1
rep5,1.0995,1627,1
rep5,1.0996,1628,1
rep5,1.0997,1629,1
rep5,1.0998,1630,1
rep5,1.0999,1631,1
rep5,1.0999,1632,1
rep5,1.0999,1633,1
rep5,1.1,1634,1
rep5,1.1,1635,1
rep5,1.1001,1636,1
rep5,1.1001,1637,1
rep5,1.1001,1638,1
rep5,1.1003,1639,1
rep5,1.1003,1640,1
rep5,1.1004,1641,1
rep5,1.1005,1642,1
rep5,1.1005,1643,1
rep5,1.1007,1644,1
rep5,1.1007,1645,1
rep5,1.1008,1646,1
rep5,1.1008,1647,1
rep5,1.101,1648,1
rep5,1.101,1649,1
rep5,1.1011,1650,1
rep5,1.1011,1651,1
rep5,1.1011,1652,1
rep5,1.1012,1653,1
rep5,1.1012,1654,1
rep5,1.1012,1655,1
rep5,1.1014,1656,1
rep5,1.1014,1657,1
rep5,1.1015,1658,1
rep5,1.1016,1659,1
rep5,1.1016,1660,1
rep5,1.1017,1661,1
rep5,1.1017,1662,1
rep5,1.1018,1663,1
rep5,1.1018,1664,1
rep5,1.1018,1665,1
rep5,1.1018,1666,1
rep5,1.1019,1667,1
rep5,1.1019,1668,1
rep5,1.1019,1669,1
rep5,1.1019,1670,1
rep5,1.102,1671,1
rep5,1.1021,1672,1
rep5,1.1021,1673,1
rep5,1.1023,1674,1
rep5,1.1024,1675,1
rep5,1.1024,1676,1
rep5,1.1024,1677,1
rep5,1.1026,1678,1
rep5,1.1027,1679,1
rep5,1.1027,1680,1
rep5,1.1028,1681,1
rep5,1.1029,1682,1
rep5,1.1029,1683,1
rep5,1.103,1684,1
rep5,1.1031,1685,1
rep5,1.1031,1686,1
rep5,1.1032,1687,1
rep5,1.1032,1688,1
rep5,1.1033,1689,1
rep5,1.1033,1690,1
rep5,1.1033,1691,1
rep5,1.1034,1692,1
rep5,1.1035,1693,1
rep5,1.1035,1694,1
rep5,1.1037,1695,1
rep5,1.1037,1696,1
rep5,1.1038,1697,1
rep5,1.1039,1698,1
rep5,1.1039,1699,1
rep5,1.104,1700,1
rep5,1.1041,1701,1
rep5,1.1041,1702,1
rep5,1.1042,1703,1
rep5,1.1042,1704,1
rep5,1.1042,1705,1
rep5,1.1043,1706,1
rep5,1.1044,1707,1
rep5,1.1044,1708,1
rep5,1.1044,1709,1
rep5,1.1045,1710,1
rep5,1.1045,1711,1
rep5,1.1047,1712,1
rep5,1.1048,1713,1
rep5,1.1049,1714,1
rep5,1.105,1715,1
rep5,1.1051,1716,1
rep5,1.1051,1717,1
rep5,1.1052,1718,1
rep5,1.1053,1719,1
rep5,1.1053,1720,1
rep5,1.1053,1721,1
rep5,1.1054,1722,1
rep5,1.1056,1723,1
rep5,1.1056,1724,1
rep5,1.1056,1725,1
rep5,1.1059,1726,1
rep5,1.1059,1727,1
rep5,1.1059,1728,1
rep5,1.106,1729,1
rep5,1.106,1730,1
rep5,1.1061,1731,1
rep5,1.1061,1732,1
rep5,1.1061,1733,1
rep5,1.1062,1734,1
rep5,1.1064,1735,1
rep5,1.1066,1736,1
rep5,1.1067,1737,1
rep5,1.1067,1738,1
rep5,1.1068,1739,1
rep5,1.1068,1740,1
rep5,1.1068,1741,1
rep5,1.107,1742,1
rep5,1.107,1743,1
rep5,1.107,1744,1
rep5,1.1071,1745,1
rep5,1.1071,1746,1
rep5,1.1072,1747,1
rep5,1.1072,1748,1
rep5,1.1073,1749,1
rep5,1.1074,1750,1
rep5,1.1074,1751,1
rep5,1.1075,1752,1
rep5,1.1075,1753,1
rep5,1.1075,1754,1
rep5,1.1076,1755,1
rep5,1.1076,1756,1
rep5,1.1077,1757,1
rep5,1.1077,1758,1
rep5,1.1078,1759,1
rep5,1.1081,1760,1
rep5,1.1081,1761,1
rep5,1.1082,1762,1
rep5,1.1083,1763,1
rep5,1.1083,1764,1
rep5,1.1083,1765,1
rep5,1.1084,1766,1
rep5,1.1084,1767,1
rep5,1.1084,1768,1
rep5,1.1084,1769,1
rep5,1.1085,1770,1
rep5,1.1086,1771,1
rep5,1.1086,1772,1
rep5,1.1086,1773,1
rep5,1.1088,1774,1
rep5,1.1089,1775,1
rep5,1.109,1776,1
rep5,1.1091,1777,1
rep5,1.1092,1778,1
rep5,1.1092,1779,1
rep5,1.1094,1780,1
rep5,1.1095,1781,1
rep5,1.1095,1782,1
rep5,1.1096,1783,1
rep5,1.1097,1784,1
rep5,1.1097,1785,1
rep5,1.1098,1786,1
rep5,1.1098,1787,1
rep5,1.1099,1788,1
rep5,1.1099,1789,1
rep5,1.1099,1790,1
rep5,1.1101,1791,1
rep5,1.1101,1792,1
rep5,1.1101,1793,1
rep5,1.1102,1794,1
rep5,1.1102,1795,1
rep5,1.1102,1796,1
rep5,1.1103,1797,1
rep5,1.1103,1798,1
rep5,1.1105,1799,1
rep5,1.1105,1800,1
rep5,1.1106,1801,1
rep5,1.1106,1802,1
rep5,1.1107,1803,1
rep5,1.1108,1804,1
rep5,1.1108,1805,1
rep5,1.1108,1806,1
rep5,1.1108,1807,1
rep5,1.1109,1808,1
rep5,1.1109,1809,1
rep5,1.111,1810,1
rep5,1.1111,1811,1
rep5,1.1111,1812,1
rep5,1.1112,1813,1
rep5,1.1112,1814,1
rep5,1.1113,1815,1
rep5,1.1113,1816,1
rep5,1.1115,1817,1
rep5,1.1116,1818,1
rep5,1.1116,1819,1
rep5,1.1117,1820,1
rep5,1.1118,1821,1
rep5,1.1118,1822,1
rep5,1.1119,1823,1
rep5,1.112,1824,1
rep5,1.112,1825,1
rep5,1.112,1826,1
rep5,1.1121,1827,1
rep5,1.1122,1828,1
rep5,1.1123,1829,1
rep5,1.1123,1830,1
rep5,1.1124,1831,1
rep5,1.1125,1832,1
rep5,1.1125,1833,1
rep5,1.1125,1834,1
rep5,1.1128,1835,1
rep5,1.1128,1836,1
rep5,1.1128,1837,1
rep5,1.1129,1838,1
rep5,1.1129,1839,1
rep5,1.1129,1840,1
rep5,1.1129,1841,1
rep5,1.113,1842,1
rep5,1.1131,1843,1
rep5,1.1132,1844,1
rep5,1.1134,1845,1
rep5,1.1135,1846,1
rep5,1.1135,1847,1
rep5,1.1136,1848,1
rep5,1.1136,1849,1
rep5,1.1139,1850,1
rep5,1.114,1851,1
rep5,1.1141,1852,1
rep5,1.1141,1853,1
rep5,1.1142,1854,1
rep5,1.1142,1855,1
rep5,1.1143,1856,1
rep5,1.1144,1857,1
rep5,1.1144,1858,1
rep5,1.1144,1859,1
rep5,1.1144,1860,1
rep5,1.1144,1861,1
rep5,1.1145,1862,1
rep5,1.1146,1863,1
rep5,1.1146,1864,1
rep5,1.1147,1865,1
rep5,1.1147,1866,1
rep5,1.1148,1867,1
rep5,1.1148,1868,1
rep5,1.1148,1869,1
rep5,1.1149,1870,1
rep5,1.115,1871,1
rep5,1.1151,1872,1
rep5,1.1151,1873,1
rep5,1.1151,1874,1
rep5,1.1152,1875,1
rep5,1.1153,1876,1
rep5,1.1153,1877,1
rep5,1.1155,1878,1
rep5,1.1156,1879,1
rep5,1.1157,1880,1
rep5,1.1159,1881,1
rep5,1.1161,1882,1
rep5,1.1161,1883,1
rep5,1.1161,1884,1
rep5,1.1162,1885,1
rep5,1.1163,1886,1
rep5,1.1163,1887,1
rep5,1.1164,1888,1
rep5,1.1166,1889,1
rep5,1.1166,1890,1
rep5,1.1167,1891,1
rep5,1.1168,1892,1
rep5,1.1169,1893,1
rep5,1.1169,1894,1
rep5,1.1169,1895,1
rep5,1.1172,1896,1
rep5,1.1172,1897,1
rep5,1.1172,1898,1
rep5,1.1173,1899,1
rep5,1.1173,1900,1
rep5,1.1173,1901,1
rep5,1.1174,1902,1
rep5,1.1174,1903,1
rep5,1.1175,1904,1
rep5,1.1176,1905,1
rep5,1.1176,1906,1
rep5,1.1178,1907,1
rep5,1.1178,1908,1
rep5,1.1179,1909,1
rep5,1.118,1910,1
rep5,1.118,1911,1
rep5,1.118,1912,1
rep5,1.1183,1913,1
rep5,1.1184,1914,1
rep5,1.1184,1915,1
rep5,1.1185,1916,1
rep5,1.1185,1917,1
rep5,1.1186,1918,1
rep5,1.1186,1919,1
rep5,1.1186,1920,1
rep5,1.1187,1921,1
rep5,1.1187,1922,1
rep5,1.1187,1923,1
rep5,1.1188,1924,1
rep5,1.119,1925,1
rep5,1.119,1926,1
rep5,1.1193,1927,1
rep5,1.1193,1928,1
rep5,1.1193,1929,1
rep5,1.1197,1930,1
rep5,1.1197,1931,1
rep5,1.1199,1932,1
rep5,1.1199,1933,1
rep5,1.12,1934,1
rep5,1.1201,1935,1
rep5,1.1201,1936,1
rep5,1.1202,1937,1
rep5,1.1203,1938,1
rep5,1.1203,1939,1
rep5,1.1204,1940,1
rep5,1.1204,1941,1
rep5,1.1204,1942,1
rep5,1.1205,1943,1
rep5,1.1206,1944,1
rep5,1.1207,1945,1
rep5,1.1207,1946,1
rep5,1.1209,1947,1
rep5,1.121,1948,1
rep5,1.1211,1949,1
rep5,1.1211,1950,1
rep5,1.1214,1951,1
rep5,1.1216,1952,1
rep5,1.1217,1953,1
rep5,1.1218,1954,1
rep5,1.1218,1955,1
rep5,1.1219,1956,1
rep5,1.122,1957,1
rep5,1.122,1958,1
rep5,1.1221,1959,1
rep5,1.1221,1960,1
rep5,1.1222,1961,1
rep5,1.1223,1962,1
rep5,1.1223,1963,1
rep5,1.1223,1964,1
rep5,1.1224,1965,1
rep5,1.1224,1966,1
rep5,1.1225,1967,1
rep5,1.1225,1968,1
rep5,1.1226,1969,1
rep5,1.1228,1970,1
rep5,1.1228,1971,1
rep5,1.1228,1972,1
rep5,1.1229,1973,1
rep5,1.123,1974,1
rep5,1.123,1975,1
rep5,1.123,1976,1
rep5,1.1231,1977,1
rep5,1.1231,1978,1
rep5,1.1234,1979,1
rep5,1.1234,1980,1
rep5,1.1236,1981,1
rep5,1.1236,1982,1
rep5,1.1236,1983,1
rep5,1.1237,1984,1
rep5,1.1239,1985,1
rep5,1.124,1986,1
rep5,1.124,1987,1
rep5,1.124,1988,1
rep5,1.1241,1989,1
rep5,1.1241,1990,1
rep5,1.1242,1991,1
rep5,1.1242,1992,1
rep5,1.1243,1993,1
rep5,1.1243,1994,1
rep5,1.1244,1995,1
rep5,1.1244,1996,1
rep5,1.1245,1997,1
rep5,1.1246,1998,1
rep5,1.1247,1999,1
rep5,1.1249,2000,1
rep5,1.125,2001,1
rep5,1.125,2002,1
rep5,1.1251,2003,1
rep5,1.1252,2004,1
rep5,1.1252,2005,1
rep5,1.1252,2006,1
rep5,1.1253,2007,1
rep5,1.1253,2008,1
rep5,1.1254,2009,1
rep5,1.1254,2010,1
rep5,1.1255,2011,1
rep5,1.1256,2012,1
rep5,1.1256,2013,1
rep5,1.1257,2014,1
rep5,1.1257,2015,1
rep5,1.1257,2016,1
rep5,1.1258,2017,1
rep5,1.1258,2018,1
rep5,1.1259,2019,1
rep5,1.1259,2020,1
rep5,1.1259,2021,1
rep5,1.126,2022,1
rep5,1.1261,2023,1
rep5,1.1262,2024,1
rep5,1.1262,2025,1
rep5,1.1264,2026,1
rep5,1.1265,2027,1
rep5,1.1265,2028,1
rep5,1.1266,2029,1
rep5,1.1267,2030,1
rep5,1.1268,2031,1
rep5,1.1268,2032,1
rep5,1.1268,2033,1
rep5,1.1269,2034,1
rep5,1.1269,2035,1
rep5,1.127,2036,1
rep5,1.127,2037,1
rep5,1.127,2038,1
rep5,1.1271,2039,1
rep5,1.1271,2040,1
rep5,1.1272,2041,1
rep5,1.1273,2042,1
rep5,1.1273,2043,1
rep5,1.1273,2044,1
rep5,1.1273,2045,1
rep5,1.1274,2046,1
rep5,1.1274,2047,1
rep5,1.1274,2048,1
rep5,1.1275,2049,1
rep5,1.1275,2050,1
rep5,1.1275,2051,1
rep5,1.1275,2052,1
rep5,1.1275,2053,1
rep5,1.1276,2054,1
rep5,1.1277,2055,1
rep5,1.1277,2056,1
rep5,1.1278,2057,1
rep5,1.1279,2058,1
rep5,1.128,2059,1
rep5,1.1281,2060,1
rep5,1.1281,2061,1
rep5,1.1281,2062,1
rep5,1.1282,2063,1
rep5,1.1283,2064,1
rep5,1.1284,2065,1
rep5,1.1284,2066,1
rep5,1.1285,2067,1
rep5,1.1286,2068,1
rep5,1.1288,2069,1
rep5,1.1288,2070,1
rep5,1.1288,2071,1
rep5,1.1289,2072,1
rep5,1.1291,2073,1
rep5,1.1291,2074,1
rep5,1.1292,2075,1
rep5,1.1293,2076,1
rep5,1.1293,2077,1
rep5,1.1294,2078,1
rep5,1.1294,2079,1
rep5,1.1296,2080,1
rep5,1.1297,2081,1
rep5,1.1298,2082,1
rep5,1.1299,2083,1
rep5,1.1299,2084,1
rep5,1.1299,2085,1
rep5,1.13,2086,1
rep5,1.1301,2087,1
rep5,1.1301,2088,1
rep5,1.1301,2089,1
rep5,1.1302,2090,1
rep5,1.1302,2091,1
rep5,1.1302,2092,1
rep5,1.1303,2093,1
rep5,1.1303,2094,1
rep5,1.1303,2095,1
rep5,1.1304,2096,1
rep5,1.1304,2097,1
rep5,1.1305,2098,1
rep5,1.1305,2099,1
rep5,1.1305,2100,1
rep5,1.1306,2101,1
rep5,1.1306,2102,1
rep5,1.1309,2103,1
rep5,1.1309,2104,1
rep5,1.1309,2105,1
rep5,1.1311,2106,1
rep5,1.1311,2107,1
rep5,1.1311,2108,1
rep5,1.1311,2109,1
rep5,1.1311,2110,1
rep5,1.1312,2111,1
rep5,1.1312,2112,1
rep5,1.1312,2113,1
rep5,1.1315,2114,1
rep5,1.1315,2115,1
rep5,1.1316,2116,1
rep5,1.1316,2117,1
rep5,1.1316,2118,1
rep5,1.1316,2119,1
rep5,1.1317,2120,1
rep5,1.1318,2121,1
rep5,1.1319,2122,1
rep5,1.1319,2123,1
rep5,1.132,2124,1
rep5,1.132,2125,1
rep5,1.132,2126,1
rep5,1.1321,2127,1
rep5,1.1321,2128,1
rep5,1.1321,2129,1
rep5,1.1322,2130,1
rep5,1.1322,2131,1
rep5,1.1323,2132,1
rep5,1.1324,2133,1
rep5,1.1324,2134,1
rep5,1.1324,2135,1
rep5,1.1325,2136,1
rep5,1.1326,2137,1
rep5,1.1327,2138,1
rep5,1.1327,2139,1
rep5,1.1328,2140,1
rep5,1.1329,2141,1
rep5,1.1329,2142,1
rep5,1.1329,2143,1
rep5,1.1331,2144,1
rep5,1.1332,2145,1
rep5,1.1333,2146,1
rep5,1.1333,2147,1
rep5,1.1333,2148,1
rep5,1.1333,2149,1
rep5,1.1333,2150,1
rep5,1.1333,2151,1
rep5,1.1334,2152,1
rep5,1.1334,2153,1
rep5,1.1335,2154,1
rep5,1.1335,2155,1
rep5,1.1336,2156,1
rep5,1.1337,2157,1
rep5,1.1338,2158,1
rep5,1.1339,2159,1
rep5,1.1339,2160,1
rep5,1.134,2161,1
rep5,1.134,2162,1
rep5,1.1341,2163,1
rep5,1.1342,2164,1
rep5,1.1343,2165,1
rep5,1.1343,2166,1
rep5,1.1345,2167,1
rep5,1.1348,2168,1
rep5,1.1349,2169,1
rep5,1.1351,2170,1
rep5,1.1352,2171,1
rep5,1.1353,2172,1
rep5,1.1353,2173,1
rep5,1.1353,2174,1
rep5,1.1354,2175,1
rep5,1.1354,2176,1
rep5,1.1355,2177,1
rep5,1.1355,2178,1
rep5,1.1355,2179,1
rep5,1.1356,2180,1
rep5,1.1356,2181,1
rep5,1.1357,2182,1
rep5,1.1357,2183,1
rep5,1.1357,2184,1
rep5,1.1357,2185,1
rep5,1.1358,2186,1
rep5,1.1358,2187,1
rep5,1.1359,2188,1
rep5,1.1361,2189,1
rep5,1.1361,2190,1
rep5,1.1363,2191,1
rep5,1.1363,2192,1
rep5,1.1366,2193,1
rep5,1.1366,2194,1
rep5,1.1367,2195,1
rep5,1.1368,2196,1
rep5,1.1368,2197,1
rep5,1.1368,2198,1
rep5,1.1369,2199,1
rep5,1.137,2200,1
rep5,1.137,2201,1
rep5,1.1372,2202,1
rep5,1.1372,2203,1
rep5,1.1374,2204,1
rep5,1.1374,2205,1
rep5,1.1375,2206,1
rep5,1.1375,2207,1
rep5,1.1376,2208,1
rep5,1.1376,2209,1
rep5,1.1377,2210,1
rep5,1.1377,2211,1
rep5,1.1377,2212,1
rep5,1.1378,2213,1
rep5,1.1379,2214,1
rep5,1.1381,2215,1
rep5,1.1382,2216,1
rep5,1.1383,2217,1
rep5,1.1383,2218,1
rep5,1.1383,2219,1
rep5,1.1383,2220,1
rep5,1.1384,2221,1
rep5,1.1384,2222,1
rep5,1.1384,2223,1
rep5,1.1385,2224,1
rep5,1.1387,2225,1
rep5,1.1388,2226,1
rep5,1.1393,2227,1
rep5,1.1393,2228,1
rep5,1.1394,2229,1
rep5,1.1394,2230,1
rep5,1.1397,2231,1
rep5,1.1397,2232,1
rep5,1.1399,2233,1
rep5,1.1399,2234,1
rep5,1.14,2235,1
rep5,1.1401,2236,1
rep5,1.1407,2237,1
rep5,1.1408,2238,1
rep5,1.1408,2239,1
rep5,1.1409,2240,1
rep5,1.1411,2241,1
rep5,1.1412,2242,1
rep5,1.1413,2243,1
rep5,1.1414,2244,1
rep5,1.1415,2245,1
rep5,1.1416,2246,1
rep5,1.1418,2247,1
rep5,1.1419,2248,1
rep5,1.1419,2249,1
rep5,1.142,2250,1
rep5,1.1421,2251,1
rep5,1.1421,2252,1
rep5,1.1421,2253,1
rep5,1.1421,2254,1
rep5,1.1422,2255,1
rep5,1.1422,2256,1
rep5,1.1423,2257,1
rep5,1.1425,2258,1
rep5,1.1426,2259,1
rep5,1.1427,2260,1
rep5,1.1429,2261,1
rep5,1.143,2262,1
rep5,1.1431,2263,1
rep5,1.1431,2264,1
rep5,1.1432,2265,1
rep5,1.1432,2266,1
rep5,1.1432,2267,1
rep5,1.1433,2268,1
rep5,1.1433,2269,1
rep5,1.1434,2270,1
rep5,1.1434,2271,1
rep5,1.1435,2272,1
rep5,1.1435,2273,1
rep5,1.1435,2274,1
rep5,1.1435,2275,1
rep5,1.1436,2276,1
rep5,1.1436,2277,1
rep5,1.1436,2278,1
rep5,1.144,2279,1
rep5,1.144,2280,1
rep5,1.1441,2281,1
rep5,1.1441,2282,1
rep5,1.1442,2283,1
rep5,1.1442,2284,1
rep5,1.1443,2285,1
rep5,1.1443,2286,1
rep5,1.1444,2287,1
rep5,1.1444,2288,1
rep5,1.1444,2289,1
rep5,1.1445,2290,1
rep5,1.1445,2291,1
rep5,1.1446,2292,1
rep5,1.1446,2293,1
rep5,1.1446,2294,1
rep5,1.1447,2295,1
rep5,1.1449,2296,1
rep5,1.145,2297,1
rep5,1.1451,2298,1
rep5,1.1451,2299,1
rep5,1.1452,2300,1
rep5,1.1452,2301,1
rep5,1.1453,2302,1
rep5,1.1453,2303,1
rep5,1.1455,2304,1
rep5,1.1456,2305,1
rep5,1.1456,2306,1
rep5,1.1456,2307,1
rep5,1.1457,2308,1
rep5,1.1457,2309,1
rep5,1.1457,2310,1
rep5,1.1457,2311,1
rep5,1.1458,2312,1
rep5,1.1459,2313,1
rep5,1.1459,2314,1
rep5,1.146,2315,1
rep5,1.146,2316,1
rep5,1.1461,2317,1
rep5,1.1461,2318,1
rep5,1.1461,2319,1
rep5,1.1462,2320,1
rep5,1.1462,2321,1
rep5,1.1462,2322,1
rep5,1.1462,2323,1
rep5,1.1464,2324,1
rep5,1.1464,2325,1
rep5,1.1464,2326,1
rep5,1.1465,2327,1
rep5,1.1466,2328,1
rep5,1.1466,2329,1
rep5,1.1468,2330,1
rep5,1.1469,2331,1
rep5,1.1469,2332,1
rep5,1.147,2333,1
rep5,1.1471,2334,1
rep5,1.1472,2335,1
rep5,1.1472,2336,1
rep5,1.1473,2337,1
rep5,1.1474,2338,1
rep5,1.1474,2339,1
rep5,1.1474,2340,1
rep5,1.1477,2341,1
rep5,1.1478,2342,1
rep5,1.1478,2343,1
rep5,1.1479,2344,1
rep5,1.1481,2345,1
rep5,1.1482,2346,1
rep5,1.1484,2347,1
rep5,1.1484,2348,1
rep5,1.1484,2349,1
rep5,1.1485,2350,1
rep5,1.1485,2351,1
rep5,1.1486,2352,1
rep5,1.1486,2353,1
rep5,1.1487,2354,1
rep5,1.1487,2355,1
rep5,1.1488,2356,1
rep5,1.1488,2357,1
rep5,1.1489,2358,1
rep5,1.1489,2359,1
rep5,1.149,2360,1
rep5,1.149,2361,1
rep5,1.1491,2362,1
rep5,1.1491,2363,1
rep5,1.1492,2364,1
rep5,1.1492,2365,1
rep5,1.1492,2366,1
rep5,1.1494,2367,1
rep5,1.1494,2368,1
rep5,1.1495,2369,1
rep5,1.1498,2370,1
rep5,1.1498,2371,1
rep5,1.1499,2372,1
rep5,1.1499,2373,1
rep5,1.1499,2374,1
rep5,1.1499,2375,1
rep5,1.15,2376,1
rep5,1.1503,2377,1
rep5,1.1504,2378,1
rep5,1.1506,2379,1
rep5,1.1507,2380,1
rep5,1.1509,2381,1
rep5,1.151,2382,1
rep5,1.151,2383,1
rep5,1.1511,2384,1
rep5,1.1511,2385,1
rep5,1.1512,2386,1
rep5,1.1513,2387,1
rep5,1.1514,2388,1
rep5,1.1516,2389,1
rep5,1.1517,2390,1
rep5,1.1518,2391,1
rep5,1.152,2392,1
rep5,1.1521,2393,1
rep5,1.1521,2394,1
rep5,1.1522,2395,1
rep5,1.1523,2396,1
rep5,1.1525,2397,1
rep5,1.1525,2398,1
rep5,1.1528,2399,1
rep5,1.153,2400,1
rep5,1.1531,2401,1
rep5,1.1532,2402,1
rep5,1.1533,2403,1
rep5,1.1533,2404,1
rep5,1.1533,2405,1
rep5,1.1533,2406,1
rep5,1.1534,2407,1
rep5,1.1534,2408,1
rep5,1.1534,2409,1
rep5,1.1536,2410,1
rep5,1.1538,2411,1
rep5,1.154,2412,1
rep5,1.1541,2413,1
rep5,1.1541,2414,1
rep5,1.1542,2415,1
rep5,1.1543,2416,1
rep5,1.1543,2417,1
rep5,1.1543,2418,1
rep5,1.1544,2419,1
rep5,1.1544,2420,1
rep5,1.1547,2421,1
rep5,1.1548,2422,1
rep5,1.1549,2423,1
rep5,1.155,2424,1
rep5,1.155,2425,1
rep5,1.155,2426,1
rep5,1.1551,2427,1
rep5,1.1552,2428,1
rep5,1.1553,2429,1
rep5,1.1553,2430,1
rep5,1.1554,2431,1
rep5,1.1554,2432,1
rep5,1.1556,2433,1
rep5,1.156,2434,1
rep5,1.1561,2435,1
rep5,1.1561,2436,1
rep5,1.1562,2437,1
rep5,1.1563,2438,1
rep5,1.1564,2439,1
rep5,1.1565,2440,1
rep5,1.1565,2441,1
rep5,1.1565,2442,1
rep5,1.1567,2443,1
rep5,1.1568,2444,1
rep5,1.1571,2445,1
rep5,1.1571,2446,1
rep5,1.1571,2447,1
rep5,1.1572,2448,1
rep5,1.1572,2449,1
rep5,1.1573,2450,1
rep5,1.1574,2451,1
rep5,1.1575,2452,1
rep5,1.1575,2453,1
rep5,1.1576,2454,1
rep5,1.1577,2455,1
rep5,1.1578,2456,1
rep5,1.1578,2457,1
rep5,1.1578,2458,1
rep5,1.1579,2459,1
rep5,1.158,2460,1
rep5,1.1581,2461,1
rep5,1.1582,2462,1
rep5,1.1582,2463,1
rep5,1.1582,2464,1
rep5,1.1582,2465,1
rep5,1.1582,2466,1
rep5,1.1583,2467,1
rep5,1.1583,2468,1
rep5,1.1584,2469,1
rep5,1.1585,2470,1
rep5,1.1585,2471,1
rep5,1.1586,2472,1
rep5,1.1587,2473,1
rep5,1.1588,2474,1
rep5,1.1589,2475,1
rep5,1.1589,2476,1
rep5,1.159,2477,1
rep5,1.159,2478,1
rep5,1.159,2479,1
rep5,1.1591,2480,1
rep5,1.1591,2481,1
rep5,1.1591,2482,1
rep5,1.1592,2483,1
rep5,1.1593,2484,1
rep5,1.1593,2485,1
rep5,1.1594,2486,1
rep5,1.1594,2487,1
rep5,1.1595,2488,1
rep5,1.1595,2489,1
rep5,1.1595,2490,1
rep5,1.1596,2491,1
rep5,1.1596,2492,1
rep5,1.1596,2493,1
rep5,1.1596,2494,1
rep5,1.1597,2495,1
rep5,1.1597,2496,1
rep5,1.1598,2497,1
rep5,1.1599,2498,1
rep5,1.1599,2499,1
rep5,1.1599,2500,1
rep5,1.16,2501,1
rep5,1.16,2502,1
rep5,1.16,2503,1
rep5,1.1601,2504,1
rep5,1.1601,2505,1
rep5,1.1602,2506,1
rep5,1.1602,2507,1
rep5,1.1604,2508,1
rep5,1.1604,2509,1
rep5,1.1604,2510,1
rep5,1.1605,2511,1
rep5,1.1605,2512,1
rep5,1.1605,2513,1
rep5,1.1607,2514,1
rep5,1.1607,2515,1
rep5,1.1607,2516,1
rep5,1.1607,2517,1
rep5,1.1608,2518,1
rep5,1.1609,2519,1
rep5,1.1609,2520,1
rep5,1.1609,2521,1
rep5,1.161,2522,1
rep5,1.161,2523,1
rep5,1.1611,2524,1
rep5,1.1612,2525,1
rep5,1.1613,2526,1
rep5,1.1613,2527,1
rep5,1.1614,2528,1
rep5,1.1614,2529,1
rep5,1.1614,2530,1
rep5,1.1615,2531,1
rep5,1.1615,2532,1
rep5,1.1615,2533,1
rep5,1.1615,2534,1
rep5,1.1616,2535,1
rep5,1.1616,2536,1
rep5,1.1617,2537,1
rep5,1.1617,2538,1
rep5,1.1617,2539,1
rep5,1.1618,2540,1
rep5,1.1618,2541,1
rep5,1.1618,2542,1
rep5,1.1618,2543,1
rep5,1.1619,2544,1
rep5,1.1619,2545,1
rep5,1.162,2546,1
rep5,1.162,2547,1
rep5,1.1621,2548,1
rep5,1.1622,2549,1
rep5,1.1623,2550,1
rep5,1.1624,2551,1
rep5,1.1625,2552,1
rep5,1.1627,2553,1
rep5,1.1629,2554,1
rep5,1.1629,2555,1
rep5,1.1631,2556,1
rep5,1.1631,2557,1
rep5,1.1631,2558,1
rep5,1.1631,2559,1
rep5,1.1632,2560,1
rep5,1.1632,2561,1
rep5,1.1632,2562,1
rep5,1.1632,2563,1
rep5,1.1634,2564,1
rep5,1.1635,2565,1
rep5,1.1635,2566,1
rep5,1.1636,2567,1
rep5,1.1636,2568,1
rep5,1.1637,2569,1
rep5,1.1637,2570,1
rep5,1.1637,2571,1
rep5,1.1638,2572,1
rep5,1.164,2573,1
rep5,1.1641,2574,1
rep5,1.1641,2575,1
rep5,1.1641,2576,1
rep5,1.1642,2577,1
rep5,1.1642,2578,1
rep5,1.1643,2579,1
rep5,1.1644,2580,1
rep5,1.1644,2581,1
rep5,1.1646,2582,1
rep5,1.1648,2583,1
rep5,1.1648,2584,1
rep5,1.1648,2585,1
rep5,1.1648,2586,1
rep5,1.1648,2587,1
rep5,1.1648,2588,1
rep5,1.1649,2589,1
rep5,1.1651,2590,1
rep5,1.1654,2591,1
rep5,1.1654,2592,1
rep5,1.1654,2593,1
rep5,1.1654,2594,1
rep5,1.1654,2595,1
rep5,1.1655,2596,1
rep5,1.1655,2597,1
rep5,1.1656,2598,1
rep5,1.1656,2599,1
rep5,1.1656,2600,1
rep5,1.1658,2601,1
rep5,1.1658,2602,1
rep5,1.1659,2603,1
rep5,1.1659,2604,1
rep5,1.166,2605,1
rep5,1.166,2606,1
rep5,1.166,2607,1
rep5,1.1661,2608,1
rep5,1.1662,2609,1
rep5,1.1662,2610,1
rep5,1.1663,2611,1
rep5,1.1664,2612,1
rep5,1.1664,2613,1
rep5,1.1665,2614,1
rep5,1.1665,2615,1
rep5,1.1666,2616,1
rep5,1.1667,2617,1
rep5,1.1668,2618,1
rep5,1.1669,2619,1
rep5,1.1669,2620,1
rep5,1.167,2621,1
rep5,1.1671,2622,1
rep5,1.1671,2623,1
rep5,1.1671,2624,1
rep5,1.1671,2625,1
rep5,1.1672,2626,1
rep5,1.1673,2627,1
rep5,1.1674,2628,1
rep5,1.1675,2629,1
rep5,1.1675,2630,1
rep5,1.1676,2631,1
rep5,1.1677,2632,1
rep5,1.1677,2633,1
rep5,1.1678,2634,1
rep5,1.1678,2635,1
rep5,1.1679,2636,1
rep5,1.168,2637,1
rep5,1.168,2638,1
rep5,1.1681,2639,1
rep5,1.1681,2640,1
rep5,1.1681,2641,1
rep5,1.1682,2642,1
rep5,1.1683,2643,1
rep5,1.1683,2644,1
rep5,1.1683,2645,1
rep5,1.1684,2646,1
rep5,1.1684,2647,1
rep5,1.1684,2648,1
rep5,1.1686,2649,1
rep5,1.1687,2650,1
rep5,1.1687,2651,1
rep5,1.1689,2652,1
rep5,1.1689,2653,1
rep5,1.169,2654,1
rep5,1.169,2655,1
rep5,1.1691,2656,1
rep5,1.1692,2657,1
rep5,1.1692,2658,1
rep5,1.1696,2659,1
rep5,1.1697,2660,1
rep5,1.1697,2661,1
rep5,1.1698,2662,1
rep5,1.1699,2663,1
rep5,1.1699,2664,1
rep5,1.17,2665,1
rep5,1.17,2666,1
rep5,1.1701,2667,1
rep5,1.1702,2668,1
rep5,1.1702,2669,1
rep5,1.1702,2670,1
rep5,1.1705,2671,1
rep5,1.1705,2672,1
rep5,1.1706,2673,1
rep5,1.1708,2674,1
rep5,1.1709,2675,1
rep5,1.1709,2676,1
rep5,1.171,2677,1
rep5,1.171,2678,1
rep5,1.171,2679,1
rep5,1.1711,2680,1
rep5,1.1713,2681,1
rep5,1.1714,2682,1
rep5,1.1714,2683,1
rep5,1.1716,2684,1
rep5,1.1717,2685,1
rep5,1.1718,2686,1
rep5,1.1718,2687,1
rep5,1.1719,2688,1
rep5,1.1719,2689,1
rep5,1.172,2690,1
rep5,1.172,2691,1
rep5,1.172,2692,1
rep5,1.1721,2693,1
rep5,1.1722,2694,1
rep5,1.1722,2695,1
rep5,1.1723,2696,1
rep5,1.1724,2697,1
rep5,1.1724,2698,1
rep5,1.1725,2699,1
rep5,1.1726,2700,1
rep5,1.1726,2701,1
rep5,1.1726,2702,1
rep5,1.1727,2703,1
rep5,1.1728,2704,1
rep5,1.1728,2705,1
rep5,1.173,2706,1
rep5,1.1731,2707,1
rep5,1.1731,2708,1
rep5,1.1731,2709,1
rep5,1.1732,2710,1
rep5,1.1732,2711,1
rep5,1.1733,2712,1
rep5,1.1733,2713,1
rep5,1.1733,2714,1
rep5,1.1733,2715,1
rep5,1.1733,2716,1
rep5,1.1734,2717,1
rep5,1.1734,2718,1
rep5,1.1734,2719,1
rep5,1.1735,2720,1
rep5,1.1735,2721,1
rep5,1.1737,2722,1
rep5,1.1737,2723,1
rep5,1.1738,2724,1
rep5,1.1738,2725,1
rep5,1.174,2726,1
rep5,1.174,2727,1
rep5,1.1741,2728,1
rep5,1.1741,2729,1
rep5,1.1742,2730,1
rep5,1.1742,2731,1
rep5,1.1744,2732,1
rep5,1.1744,2733,1
rep5,1.1744,2734,1
rep5,1.1745,2735,1
rep5,1.1745,2736,1
rep5,1.1746,2737,1
rep5,1.1747,2738,1
rep5,1.1748,2739,1
rep5,1.1749,2740,1
rep5,1.1752,2741,1
rep5,1.1753,2742,1
rep5,1.1753,2743,1
rep5,1.1754,2744,1
rep5,1.1754,2745,1
rep5,1.1754,2746,1
rep5,1.1756,2747,1
rep5,1.1756,2748,1
rep5,1.1757,2749,1
rep5,1.1757,2750,1
rep5,1.1757,2751,1
rep5,1.1758,2752,1
rep5,1.1759,2753,1
rep5,1.1761,2754,1
rep5,1.1762,2755,1
rep5,1.1762,2756,1
rep5,1.1762,2757,1
rep5,1.1763,2758,1
rep5,1.1763,2759,1
rep5,1.1763,2760,1
rep5,1.1763,2761,1
rep5,1.1765,2762,1
rep5,1.1765,2763,1
rep5,1.1765,2764,1
rep5,1.1766,2765,1
rep5,1.1767,2766,1
rep5,1.1767,2767,1
rep5,1.1769,2768,1
rep5,1.1769,2769,1
rep5,1.1771,2770,1
rep5,1.1771,2771,1
rep5,1.1771,2772,1
rep5,1.1771,2773,1
rep5,1.1772,2774,1
rep5,1.1772,2775,1
rep5,1.1774,2776,1
rep5,1.1774,2777,1
rep5,1.1774,2778,1
rep5,1.1774,2779,1
rep5,1.1776,2780,1
rep5,1.1776,2781,1
rep5,1.1776,2782,1
rep5,1.1777,2783,1
rep5,1.1778,2784,1
rep5,1.1778,2785,1
rep5,1.1779,2786,1
rep5,1.178,2787,1
rep5,1.1781,2788,1
rep5,1.1781,2789,1
rep5,1.1781,2790,1
rep5,1.1782,2791,1
rep5,1.1783,2792,1
rep5,1.1783,2793,1
rep5,1.1784,2794,1
rep5,1.1784,2795,1
rep5,1.1784,2796,1
rep5,1.1784,2797,1
rep5,1.1785,2798,1
rep5,1.1786,2799,1
rep5,1.1787,2800,1
rep5,1.1787,2801,1
rep5,1.1787,2802,1
rep5,1.1787,2803,1
rep5,1.1788,2804,1
rep5,1.1789,2805,1
rep5,1.1789,2806,1
rep5,1.1789,2807,1
rep5,1.1791,2808,1
rep5,1.1791,2809,1
rep5,1.1792,2810,1
rep5,1.1792,2811,1
rep5,1.1792,2812,1
rep5,1.1792,2813,1
rep5,1.1793,2814,1
rep5,1.1794,2815,1
rep5,1.1794,2816,1
rep5,1.1795,2817,1
rep5,1.1797,2818,1
rep5,1.1797,2819,1
rep5,1.1797,2820,1
rep5,1.1799,2821,1
rep5,1.18,2822,1
rep5,1.18,2823,1
rep5,1.18,2824,1
rep5,1.1801,2825,1
rep5,1.1801,2826,1
rep5,1.1801,2827,1
rep5,1.1801,2828,1
rep5,1.1802,2829,1
rep5,1.1807,2830,1
rep5,1.1807,2831,1
rep5,1.1807,2832,1
rep5,1.1808,2833,1
rep5,1.1808,2834,1
rep5,1.181,2835,1
rep5,1.1811,2836,1
rep5,1.1811,2837,1
rep5,1.1813,2838,1
rep5,1.1815,2839,1
rep5,1.1815,2840,1
rep5,1.1817,2841,1
rep5,1.1818,2842,1
rep5,1.1818,2843,1
rep5,1.1819,2844,1
rep5,1.1821,2845,1
rep5,1.1821,2846,1
rep5,1.1822,2847,1
rep5,1.1822,2848,1
rep5,1.1823,2849,1
rep5,1.1825,2850,1
rep5,1.1825,2851,1
rep5,1.1825,2852,1
rep5,1.1827,2853,1
rep5,1.1827,2854,1
rep5,1.1828,2855,1
rep5,1.1829,2856,1
rep5,1.1829,2857,1
rep5,1.1829,2858,1
rep5,1.1831,2859,1
rep5,1.1831,2860,1
rep5,1.1831,2861,1
rep5,1.1832,2862,1
rep5,1.1832,2863,1
rep5,1.1833,2864,1
rep5,1.1833,2865,1
rep5,1.1834,2866,1
rep5,1.1834,2867,1
rep5,1.1835,2868,1
rep5,1.1835,2869,1
rep5,1.1835,2870,1
rep5,1.1838,2871,1
rep5,1.1838,2872,1
rep5,1.184,2873,1
rep5,1.184,2874,1
rep5,1.1841,2875,1
rep5,1.1841,2876,1
rep5,1.1843,2877,1
rep5,1.1843,2878,1
rep5,1.1844,2879,1
rep5,1.1845,2880,1
rep5,1.1845,2881,1
rep5,1.1846,2882,1
rep5,1.1846,2883,1
rep5,1.1848,2884,1
rep5,1.1848,2885,1
rep5,1.1848,2886,1
rep5,1.1848,2887,1
rep5,1.185,2888,1
rep5,1.1852,2889,1
rep5,1.1853,2890,1
rep5,1.1853,2891,1
rep5,1.1853,2892,1
rep5,1.1855,2893,1
rep5,1.1856,2894,1
rep5,1.1856,2895,1
rep5,1.1856,2896,1
rep5,1.1857,2897,1
rep5,1.1857,2898,1
rep5,1.1857,2899,1
rep5,1.1858,2900,1
rep5,1.1858,2901,1
rep5,1.1858,2902,1
rep5,1.1859,2903,1
rep5,1.1861,2904,1
rep5,1.1863,2905,1
rep5,1.1863,2906,1
rep5,1.1864,2907,1
rep5,1.1865,2908,1
rep5,1.1866,2909,1
rep5,1.1868,2910,1
rep5,1.1869,2911,1
rep5,1.187,2912,1
rep5,1.187,2913,1
rep5,1.1871,2914,1
rep5,1.1871,2915,1
rep5,1.1875,2916,1
rep5,1.1875,2917,1
rep5,1.1876,2918,1
rep5,1.1877,2919,1
rep5,1.1877,2920,1
rep5,1.188,2921,1
rep5,1.1881,2922,1
rep5,1.1882,2923,1
rep5,1.1882,2924,1
rep5,1.1888,2925,1
rep5,1.189,2926,1
rep5,1.189,2927,1
rep5,1.1891,2928,1
rep5,1.1891,2929,1
rep5,1.1892,2930,1
rep5,1.1892,2931,1
rep5,1.1893,2932,1
rep5,1.1896,2933,1
rep5,1.1897,2934,1
rep5,1.1897,2935,1
rep5,1.1898,2936,1
rep5,1.1899,2937,1
rep5,1.1899,2938,1
rep5,1.1899,2939,1
rep5,1.19,2940,1
rep5,1.1901,2941,1
rep5,1.1902,2942,1
rep5,1.1905,2943,1
rep5,1.1906,2944,1
rep5,1.1906,2945,1
rep5,1.1908,2946,1
rep5,1.1908,2947,1
rep5,1.1908,2948,1
rep5,1.1912,2949,1
rep5,1.1912,2950,1
rep5,1.1913,2951,1
rep5,1.1914,2952,1
rep5,1.1914,2953,1
rep5,1.1915,2954,1
rep5,1.1915,2955,1
rep5,1.1916,2956,1
rep5,1.1916,2957,1
rep5,1.1917,2958,1
rep5,1.1918,2959,1
rep5,1.1918,2960,1
rep5,1.1918,2961,1
rep5,1.1919,2962,1
rep5,1.1919,2963,1
rep5,1.192,2964,1
rep5,1.192,2965,1
rep5,1.1921,2966,1
rep5,1.1921,2967,1
rep5,1.1921,2968,1
rep5,1.1921,2969,1
rep5,1.1921,2970,1
rep5,1.1922,2971,1
rep5,1.1923,2972,1
rep5,1.1924,2973,1
rep5,1.1925,2974,1
rep5,1.1926,2975,1
rep5,1.1926,2976,1
rep5,1.1927,2977,1
rep5,1.1927,2978,1
rep5,1.1927,2979,1
rep5,1.1928,2980,1
rep5,1.1929,2981,1
rep5,1.193,2982,1
rep5,1.193,2983,1
rep5,1.193,2984,1
rep5,1.1931,2985,1
rep5,1.1931,2986,1
rep5,1.1931,2987,1
rep5,1.1931,2988,1
rep5,1.1932,2989,1
rep5,1.1932,2990,1
rep5,1.1933,2991,1
rep5,1.1934,2992,1
rep5,1.1934,2993,1
rep5,1.1935,2994,1
rep5,1.1936,2995,1
rep5,1.1936,2996,1
rep5,1.1937,2997,1
rep5,1.1937,2998,1
rep5,1.1938,2999,1
rep5,1.1938,3000,1
rep5,1.1938,3001,1
rep5,1.1938,3002,1
rep5,1.194,3003,1
rep5,1.194,3004,1
rep5,1.1942,3005,1
rep5,1.1945,3006,1
rep5,1.1945,3007,1
rep5,1.1946,3008,1
rep5,1.1946,3009,1
rep5,1.1947,3010,1
rep5,1.1948,3011,1
rep5,1.1948,3012,1
rep5,1.195,3013,1
rep5,1.1951,3014,1
rep5,1.1952,3015,1
rep5,1.1952,3016,1
rep5,1.1952,3017,1
rep5,1.1954,3018,1
rep5,1.1955,3019,1
rep5,1.1955,3020,1
rep5,1.1956,3021,1
rep5,1.1956,3022,1
rep5,1.1957,3023,1
rep5,1.1957,3024,1
rep5,1.1959,3025,1
rep5,1.196,3026,1
rep5,1.1961,3027,1
rep5,1.1962,3028,1
rep5,1.1965,3029,1
rep5,1.1965,3030,1
rep5,1.1965,3031,1
rep5,1.1965,3032,1
rep5,1.1966,3033,1
rep5,1.1966,3034,1
rep5,1.1967,3035,1
rep5,1.1967,3036,1
rep5,1.1967,3037,1
rep5,1.1967,3038,1
rep5,1.1967,3039,1
rep5,1.1968,3040,1
rep5,1.1968,3041,1
rep5,1.197,3042,1
rep5,1.197,3043,1
rep5,1.1971,3044,1
rep5,1.1971,3045,1
rep5,1.1973,3046,1
rep5,1.1973,3047,1
rep5,1.1975,3048,1
rep5,1.1975,3049,1
rep5,1.1977,3050,1
rep5,1.1977,3051,1
rep5,1.1977,3052,1
rep5,1.1978,3053,1
rep5,1.1978,3054,1
rep5,1.1978,3055,1
rep5,1.1979,3056,1
rep5,1.198,3057,1
rep5,1.198,3058,1
rep5,1.1982,3059,1
rep5,1.1983,3060,1
rep5,1.1985,3061,1
rep5,1.1985,3062,1
rep5,1.1985,3063,1
rep5,1.1986,3064,1
rep5,1.1987,3065,1
rep5,1.1987,3066,1
rep5,1.1988,3067,1
rep5,1.1988,3068,1
rep5,1.1988,3069,1
rep5,1.199,3070,1
rep5,1.1992,3071,1
rep5,1.1992,3072,1
rep5,1.1994,3073,1
rep5,1.1994,3074,1
rep5,1.1994,3075,1
rep5,1.1995,3076,1
rep5,1.1995,3077,1
rep5,1.1995,3078,1
rep5,1.1996,3079,1
rep5,1.1998,3080,1
rep5,1.1999,3081,1
rep5,1.1999,3082,1
rep5,1.1999,3083,1
rep5,1.2001,3084,1
rep5,1.2002,3085,1
rep5,1.2002,3086,1
rep5,1.2002,3087,1
rep5,1.2003,3088,1
rep5,1.2005,3089,1
rep5,1.2005,3090,1
rep5,1.2006,3091,1
rep5,1.2007,3092,1
rep5,1.2007,3093,1
rep5,1.2009,3094,1
rep5,1.2009,3095,1
rep5,1.201,3096,1
rep5,1.2011,3097,1
rep5,1.2012,3098,1
rep5,1.2013,3099,1
rep5,1.2015,3100,1
rep5,1.2015,3101,1
rep5,1.2016,3102,1
rep5,1.2016,3103,1
rep5,1.2017,3104,1
rep5,1.2017,3105,1
rep5,1.2018,3106,1
rep5,1.2018,3107,1
rep5,1.2019,3108,1
rep5,1.2019,3109,1
rep5,1.202,3110,1
rep5,1.202,3111,1
rep5,1.2022,3112,1
rep5,1.2022,3113,1
rep5,1.2022,3114,1
rep5,1.2022,3115,1
rep5,1.2023,3116,1
rep5,1.2023,3117,1
rep5,1.2024,3118,1
rep5,1.2024,3119,1
rep5,1.2024,3120,1
rep5,1.2025,3121,1
rep5,1.2026,3122,1
rep5,1.2026,3123,1
rep5,1.2027,3124,1
rep5,1.2031,3125,1
rep5,1.2032,3126,1
rep5,1.2033,3127,1
rep5,1.2033,3128,1
rep5,1.2034,3129,1
rep5,1.2034,3130,1
rep5,1.2036,3131,1
rep5,1.2037,3132,1
rep5,1.2037,3133,1
rep5,1.2038,3134,1
rep5,1.204,3135,1
rep5,1.2042,3136,1
rep5,1.2043,3137,1
rep5,1.2043,3138,1
rep5,1.2043,3139,1
rep5,1.2043,3140,1
rep5,1.2043,3141,1
rep5,1.2044,3142,1
rep5,1.2044,3143,1
rep5,1.2044,3144,1
rep5,1.2044,3145,1
rep5,1.2045,3146,1
rep5,1.2045,3147,1
rep5,1.2045,3148,1
rep5,1.2047,3149,1
rep5,1.2048,3150,1
rep5,1.2048,3151,1
rep5,1.2049,3152,1
rep5,1.2051,3153,1
rep5,1.2051,3154,1
rep5,1.2051,3155,1
rep5,1.2051,3156,1
rep5,1.2052,3157,1
rep5,1.2053,3158,1
rep5,1.2054,3159,1
rep5,1.2055,3160,1
rep5,1.2055,3161,1
rep5,1.2055,3162,1
rep5,1.2055,3163,1
rep5,1.2059,3164,1
rep5,1.2061,3165,1
rep5,1.2061,3166,1
rep5,1.2062,3167,1
rep5,1.2062,3168,1
rep5,1.2063,3169,1
rep5,1.2063,3170,1
rep5,1.2064,3171,1
rep5,1.2065,3172,1
rep5,1.2065,3173,1
rep5,1.2065,3174,1
rep5,1.2066,3175,1
rep5,1.2066,3176,1
rep5,1.2066,3177,1
rep5,1.2069,3178,1
rep5,1.2069,3179,1
rep5,1.207,3180,1
rep5,1.2073,3181,1
rep5,1.2073,3182,1
rep5,1.2073,3183,1
rep5,1.2073,3184,1
rep5,1.2074,3185,1
rep5,1.2076,3186,1
rep5,1.2076,3187,1
rep5,1.2076,3188,1
rep5,1.2077,3189,1
rep5,1.2077,3190,1
rep5,1.2078,3191,1
rep5,1.2078,3192,1
rep5,1.2079,3193,1
rep5,1.2079,3194,1
rep5,1.208,3195,1
rep5,1.2081,3196,1
rep5,1.2082,3197,1
rep5,1.2082,3198,1
rep5,1.2083,3199,1
rep5,1.2083,3200,1
rep5,1.2085,3201,1
rep5,1.2085,3202,1
rep5,1.2086,3203,1
rep5,1.2086,3204,1
rep5,1.2086,3205,1
rep5,1.2088,3206,1
rep5,1.2088,3207,1
rep5,1.2089,3208,1
rep5,1.2089,3209,1
rep5,1.209,3210,1
rep5,1.2091,3211,1
rep5,1.2091,3212,1
rep5,1.2094,3213,1
rep5,1.2096,3214,1
rep5,1.2097,3215,1
rep5,1.2098,3216,1
rep5,1.2098,3217,1
rep5,1.2098,3218,1
rep5,1.2099,3219,1
rep5,1.2099,3220,1
rep5,1.2099,3221,1
rep5,1.21,3222,1
rep5,1.21,3223,1
rep5,1.2101,3224,1
rep5,1.2102,3225,1
rep5,1.2102,3226,1
rep5,1.2103,3227,1
rep5,1.2105,3228,1
rep5,1.2105,3229,1
rep5,1.2106,3230,1
rep5,1.2106,3231,1
rep5,1.2107,3232,1
rep5,1.2107,3233,1
rep5,1.2108,3234,1
rep5,1.2108,3235,1
rep5,1.2109,3236,1
rep5,1.2109,3237,1
rep5,1.2112,3238,1
rep5,1.2114,3239,1
rep5,1.2115,3240,1
rep5,1.2116,3241,1
rep5,1.2117,3242,1
rep5,1.2117,3243,1
rep5,1.2118,3244,1
rep5,1.2118,3245,1
rep5,1.2119,3246,1
rep5,1.212,3247,1
rep5,1.212,3248,1
rep5,1.2122,3249,1
rep5,1.2123,3250,1
rep5,1.2124,3251,1
rep5,1.2125,3252,1
rep5,1.2125,3253,1
rep5,1.2125,3254,1
rep5,1.2126,3255,1
rep5,1.2127,3256,1
rep5,1.2127,3257,1
rep5,1.2128,3258,1
rep5,1.2129,3259,1
rep5,1.2129,3260,1
rep5,1.213,3261,1
rep5,1.2131,3262,1
rep5,1.2132,3263,1
rep5,1.2132,3264,1
rep5,1.2134,3265,1
rep5,1.2134,3266,1
rep5,1.2134,3267,1
rep5,1.2135,3268,1
rep5,1.2136,3269,1
rep5,1.2137,3270,1
rep5,1.2138,3271,1
rep5,1.2139,3272,1
rep5,1.214,3273,1
rep5,1.214,3274,1
rep5,1.2141,3275,1
rep5,1.2142,3276,1
rep5,1.2142,3277,1
rep5,1.2143,3278,1
rep5,1.2143,3279,1
rep5,1.2145,3280,1
rep5,1.2148,3281,1
rep5,1.2149,3282,1
rep5,1.215,3283,1
rep5,1.215,3284,1
rep5,1.2152,3285,1
rep5,1.2154,3286,1
rep5,1.2154,3287,1
rep5,1.2154,3288,1
rep5,1.2154,3289,1
rep5,1.2155,3290,1
rep5,1.2155,3291,1
rep5,1.2157,3292,1
rep5,1.2158,3293,1
rep5,1.2159,3294,1
rep5,1.2159,3295,1
rep5,1.216,3296,1
rep5,1.216,3297,1
rep5,1.2163,3298,1
rep5,1.2163,3299,1
rep5,1.2164,3300,1
rep5,1.2164,3301,1
rep5,1.2166,3302,1
rep5,1.2166,3303,1
rep5,1.2167,3304,1
rep5,1.2167,3305,1
rep5,1.2168,3306,1
rep5,1.2169,3307,1
rep5,1.2172,3308,1
rep5,1.2172,3309,1
rep5,1.2172,3310,1
rep5,1.2174,3311,1
rep5,1.2175,3312,1
rep5,1.2175,3313,1
rep5,1.2176,3314,1
rep5,1.2177,3315,1
rep5,1.2177,3316,1
rep5,1.2178,3317,1
rep5,1.2178,3318,1
rep5,1.2179,3319,1
rep5,1.218,3320,1
rep5,1.2186,3321,1
rep5,1.2186,3322,1
rep5,1.2187,3323,1
rep5,1.2188,3324,1
rep5,1.219,3325,1
rep5,1.2191,3326,1
rep5,1.2192,3327,1
rep5,1.2192,3328,1
rep5,1.2192,3329,1
rep5,1.2192,3330,1
rep5,1.2193,3331,1
rep5,1.2193,3332,1
rep5,1.2193,3333,1
rep5,1.2195,3334,1
rep5,1.2196,3335,1
rep5,1.2196,3336,1
rep5,1.2196,3337,1
rep5,1.2199,3338,1
rep5,1.2199,3339,1
rep5,1.2199,3340,1
rep5,1.2199,3341,1
rep5,1.2199,3342,1
rep5,1.22,3343,1
rep5,1.2202,3344,1
rep5,1.2202,3345,1
rep5,1.2203,3346,1
rep5,1.2204,3347,1
rep5,1.2204,3348,1
rep5,1.2205,3349,1
rep5,1.2205,3350,1
rep5,1.2206,3351,1
rep5,1.2209,3352,1
rep5,1.2209,3353,1
rep5,1.221,3354,1
rep5,1.221,3355,1
rep5,1.221,3356,1
rep5,1.2212,3357,1
rep5,1.2213,3358,1
rep5,1.2213,3359,1
rep5,1.2215,3360,1
rep5,1.2215,3361,1
rep5,1.2215,3362,1
rep5,1.2216,3363,1
rep5,1.2219,3364,1
rep5,1.2219,3365,1
rep5,1.222,3366,1
rep5,1.2221,3367,1
rep5,1.2223,3368,1
rep5,1.2224,3369,1
rep5,1.2225,3370,1
rep5,1.2226,3371,1
rep5,1.2227,3372,1
rep5,1.223,3373,1
rep5,1.223,3374,1
rep5,1.2234,3375,1
rep5,1.2234,3376,1
rep5,1.2234,3377,1
rep5,1.2235,3378,1
rep5,1.2235,3379,1
rep5,1.2235,3380,1
rep5,1.2236,3381,1
rep5,1.2236,3382,1
rep5,1.2237,3383,1
rep5,1.2237,3384,1
rep5,1.2239,3385,1
rep5,1.224,3386,1
rep5,1.224,3387,1
rep5,1.224,3388,1
rep5,1.2241,3389,1
rep5,1.2243,3390,1
rep5,1.2245,3391,1
rep5,1.2245,3392,1
rep5,1.2245,3393,1
rep5,1.2247,3394,1
rep5,1.2249,3395,1
rep5,1.2251,3396,1
rep5,1.2251,3397,1
rep5,1.2252,3398,1
rep5,1.2252,3399,1
rep5,1.2253,3400,1
rep5,1.2254,3401,1
rep5,1.2254,3402,1
rep5,1.2254,3403,1
rep5,1.2254,3404,1
rep5,1.2255,3405,1
rep5,1.2255,3406,1
rep5,1.2256,3407,1
rep5,1.2256,3408,1
rep5,1.2257,3409,1
rep5,1.2257,3410,1
rep5,1.2258,3411,1
rep5,1.2258,3412,1
rep5,1.2259,3413,1
rep5,1.2259,3414,1
rep5,1.226,3415,1
rep5,1.226,3416,1
rep5,1.226,3417,1
rep5,1.2261,3418,1
rep5,1.2261,3419,1
rep5,1.2262,3420,1
rep5,1.2264,3421,1
rep5,1.2264,3422,1
rep5,1.2266,3423,1
rep5,1.2267,3424,1
rep5,1.2267,3425,1
rep5,1.2267,3426,1
rep5,1.2267,3427,1
rep5,1.2268,3428,1
rep5,1.2269,3429,1
rep5,1.2269,3430,1
rep5,1.2269,3431,1
rep5,1.2272,3432,1
rep5,1.2272,3433,1
rep5,1.2272,3434,1
rep5,1.2273,3435,1
rep5,1.2273,3436,1
rep5,1.2274,3437,1
rep5,1.2274,3438,1
rep5,1.2275,3439,1
rep5,1.2276,3440,1
rep5,1.2277,3441,1
rep5,1.2278,3442,1
rep5,1.2278,3443,1
rep5,1.2279,3444,1
rep5,1.2279,3445,1
rep5,1.228,3446,1
rep5,1.2281,3447,1
rep5,1.2281,3448,1
rep5,1.2282,3449,1
rep5,1.2283,3450,1
rep5,1.2284,3451,1
rep5,1.2285,3452,1
rep5,1.2286,3453,1
rep5,1.2287,3454,1
rep5,1.2288,3455,1
rep5,1.2288,3456,1
rep5,1.2288,3457,1
rep5,1.2288,3458,1
rep5,1.2289,3459,1
rep5,1.229,3460,1
rep5,1.2292,3461,1
rep5,1.2293,3462,1
rep5,1.2293,3463,1
rep5,1.2294,3464,1
rep5,1.2294,3465,1
rep5,1.2297,3466,1
rep5,1.2298,3467,1
rep5,1.2299,3468,1
rep5,1.2301,3469,1
rep5,1.2302,3470,1
rep5,1.2302,3471,1
rep5,1.2303,3472,1
rep5,1.2304,3473,1
rep5,1.2304,3474,1
rep5,1.2305,3475,1
rep5,1.2306,3476,1
rep5,1.2306,3477,1
rep5,1.2306,3478,1
rep5,1.2307,3479,1
rep5,1.2307,3480,1
rep5,1.231,3481,1
rep5,1.231,3482,1
rep5,1.231,3483,1
rep5,1.2311,3484,1
rep5,1.2313,3485,1
rep5,1.2313,3486,1
rep5,1.2315,3487,1
rep5,1.2315,3488,1
rep5,1.2316,3489,1
rep5,1.2316,3490,1
rep5,1.2316,3491,1
rep5,1.2316,3492,1
rep5,1.2317,3493,1
rep5,1.2318,3494,1
rep5,1.2318,3495,1
rep5,1.2319,3496,1
rep5,1.2319,3497,1
rep5,1.232,3498,1
rep5,1.232,3499,1
rep5,1.2321,3500,1
rep5,1.2321,3501,1
rep5,1.2323,3502,1
rep5,1.2324,3503,1
rep5,1.2324,3504,1
rep5,1.2325,3505,1
rep5,1.2325,3506,1
rep5,1.2326,3507,1
rep5,1.2326,3508,1
rep5,1.2327,3509,1
rep5,1.2327,3510,1
rep5,1.2328,3511,1
rep5,1.2328,3512,1
rep5,1.2329,3513,1
rep5,1.233,3514,1
rep5,1.2331,3515,1
rep5,1.2331,3516,1
rep5,1.2331,3517,1
rep5,1.2333,3518,1
rep5,1.2335,3519,1
rep5,1.2336,3520,1
rep5,1.2337,3521,1
rep5,1.2337,3522,1
rep5,1.2338,3523,1
rep5,1.2338,3524,1
rep5,1.2338,3525,1
rep5,1.2339,3526,1
rep5,1.2339,3527,1
rep5,1.234,3528,1
rep5,1.2341,3529,1
rep5,1.2341,3530,1
rep5,1.2342,3531,1
rep5,1.2343,3532,1
rep5,1.2343,3533,1
rep5,1.2345,3534,1
rep5,1.2347,3535,1
rep5,1.2347,3536,1
rep5,1.2348,3537,1
rep5,1.2348,3538,1
rep5,1.2348,3539,1
rep5,1.2348,3540,1
rep5,1.2349,3541,1
rep5,1.2352,3542,1
rep5,1.2352,3543,1
rep5,1.2354,3544,1
rep5,1.2354,3545,1
rep5,1.2354,3546,1
rep5,1.2356,3547,1
rep5,1.2358,3548,1
rep5,1.2359,3549,1
rep5,1.2362,3550,1
rep5,1.2363,3551,1
rep5,1.2363,3552,1
rep5,1.2364,3553,1
rep5,1.2366,3554,1
rep5,1.2367,3555,1
rep5,1.2367,3556,1
rep5,1.2368,3557,1
rep5,1.2368,3558,1
rep5,1.2368,3559,1
rep5,1.2369,3560,1
rep5,1.2369,3561,1
rep5,1.237,3562,1
rep5,1.2372,3563,1
rep5,1.2376,3564,1
rep5,1.2377,3565,1
rep5,1.2377,3566,1
rep5,1.2377,3567,1
rep5,1.2377,3568,1
rep5,1.2379,3569,1
rep5,1.2379,3570,1
rep5,1.2379,3571,1
rep5,1.2381,3572,1
rep5,1.2381,3573,1
rep5,1.2381,3574,1
rep5,1.2382,3575,1
rep5,1.2383,3576,1
rep5,1.2383,3577,1
rep5,1.2384,3578,1
rep5,1.2385,3579,1
rep5,1.2386,3580,1
rep5,1.2386,3581,1
rep5,1.2388,3582,1
rep5,1.2389,3583,1
rep5,1.239,3584,1
rep5,1.2391,3585,1
rep5,1.2391,3586,1
rep5,1.2394,3587,1
rep5,1.2395,3588,1
rep5,1.2396,3589,1
rep5,1.2396,3590,1
rep5,1.2396,3591,1
rep5,1.2396,3592,1
rep5,1.2396,3593,1
rep5,1.24,3594,1
rep5,1.24,3595,1
rep5,1.24,3596,1
rep5,1.2401,3597,1
rep5,1.2401,3598,1
rep5,1.2401,3599,1
rep5,1.2402,3600,1
rep5,1.2402,3601,1
rep5,1.2403,3602,1
rep5,1.2403,3603,1
rep5,1.2404,3604,1
rep5,1.2404,3605,1
rep5,1.2405,3606,1
rep5,1.2405,3607,1
rep5,1.2407,3608,1
rep5,1.2408,3609,1
rep5,1.2409,3610,1
rep5,1.2411,3611,1
rep5,1.2413,3612,1
rep5,1.2414,3613,1
rep5,1.2415,3614,1
rep5,1.2416,3615,1
rep5,1.2416,3616,1
rep5,1.2417,3617,1
rep5,1.2419,3618,1
rep5,1.2419,3619,1
rep5,1.242,3620,1
rep5,1.242,3621,1
rep5,1.2421,3622,1
rep5,1.2421,3623,1
rep5,1.2421,3624,1
rep5,1.2422,3625,1
rep5,1.2422,3626,1
rep5,1.2423,3627,1
rep5,1.2425,3628,1
rep5,1.2428,3629,1
rep5,1.2429,3630,1
rep5,1.243,3631,1
rep5,1.243,3632,1
rep5,1.2431,3633,1
rep5,1.2434,3634,1
rep5,1.2434,3635,1
rep5,1.2435,3636,1
rep5,1.2435,3637,1
rep5,1.2436,3638,1
rep5,1.2438,3639,1
rep5,1.244,3640,1
rep5,1.2441,3641,1
rep5,1.2442,3642,1
rep5,1.2444,3643,1
rep5,1.2445,3644,1
rep5,1.2446,3645,1
rep5,1.2449,3646,1
rep5,1.245,3647,1
rep5,1.2451,3648,1
rep5,1.2451,3649,1
rep5,1.2451,3650,1
rep5,1.2452,3651,1
rep5,1.2456,3652,1
rep5,1.2457,3653,1
rep5,1.2458,3654,1
rep5,1.2459,3655,1
rep5,1.246,3656,1
rep5,1.246,3657,1
rep5,1.2461,3658,1
rep5,1.2462,3659,1
rep5,1.2463,3660,1
rep5,1.2465,3661,1
rep5,1.2465,3662,1
rep5,1.2466,3663,1
rep5,1.2466,3664,1
rep5,1.2467,3665,1
rep5,1.2468,3666,1
rep5,1.247,3667,1
rep5,1.2471,3668,1
rep5,1.2473,3669,1
rep5,1.2473,3670,1
rep5,1.2473,3671,1
rep5,1.2475,3672,1
rep5,1.2475,3673,1
rep5,1.2476,3674,1
rep5,1.2476,3675,1
rep5,1.2476,3676,1
rep5,1.2476,3677,1
rep5,1.2476,3678,1
rep5,1.2477,3679,1
rep5,1.248,3680,1
rep5,1.248,3681,1
rep5,1.2486,3682,1
rep5,1.2486,3683,1
rep5,1.2486,3684,1
rep5,1.2486,3685,1
rep5,1.2488,3686,1
rep5,1.2489,3687,1
rep5,1.249,3688,1
rep5,1.2491,3689,1
rep5,1.2492,3690,1
rep5,1.2492,3691,1
rep5,1.2492,3692,1
rep5,1.2494,3693,1
rep5,1.2494,3694,1
rep5,1.2494,3695,1
rep5,1.2496,3696,1
rep5,1.2498,3697,1
rep5,1.2498,3698,1
rep5,1.2498,3699,1
rep5,1.2499,3700,1
rep5,1.2501,3701,1
rep5,1.2502,3702,1
rep5,1.2503,3703,1
rep5,1.2503,3704,1
rep5,1.2504,3705,1
rep5,1.2506,3706,1
rep5,1.2506,3707,1
rep5,1.2506,3708,1
rep5,1.2509,3709,1
rep5,1.2509,3710,1
rep5,1.2509,3711,1
rep5,1.2512,3712,1
rep5,1.2512,3713,1
rep5,1.2512,3714,1
rep5,1.2513,3715,1
rep5,1.2514,3716,1
rep5,1.2516,3717,1
rep5,1.2516,3718,1
rep5,1.2519,3719,1
rep5,1.2519,3720,1
rep5,1.2522,3721,1
rep5,1.2522,3722,1
rep5,1.2522,3723,1
rep5,1.2524,3724,1
rep5,1.2527,3725,1
rep5,1.2529,3726,1
rep5,1.2531,3727,1
rep5,1.2531,3728,1
rep5,1.2533,3729,1
rep5,1.2533,3730,1
rep5,1.2534,3731,1
rep5,1.2535,3732,1
rep5,1.2536,3733,1
rep5,1.2539,3734,1
rep5,1.254,3735,1
rep5,1.2541,3736,1
rep5,1.2541,3737,1
rep5,1.2542,3738,1
rep5,1.2548,3739,1
rep5,1.2548,3740,1
rep5,1.2548,3741,1
rep5,1.2549,3742,1
rep5,1.255,3743,1
rep5,1.2553,3744,1
rep5,1.2555,3745,1
rep5,1.2555,3746,1
rep5,1.2561,3747,1
rep5,1.2562,3748,1
rep5,1.2564,3749,1
rep5,1.2565,3750,1
rep5,1.2566,3751,1
rep5,1.2566,3752,1
rep5,1.2566,3753,1
rep5,1.2566,3754,1
rep5,1.2568,3755,1
rep5,1.257,3756,1
rep5,1.2571,3757,1
rep5,1.2572,3758,1
rep5,1.2572,3759,1
rep5,1.2572,3760,1
rep5,1.2573,3761,1
rep5,1.2574,3762,1
rep5,1.2575,3763,1
rep5,1.2577,3764,1
rep5,1.2578,3765,1
rep5,1.258,3766,1
rep5,1.2581,3767,1
rep5,1.2583,3768,1
rep5,1.2584,3769,1
rep5,1.2585,3770,1
rep5,1.2585,3771,1
rep5,1.2588,3772,1
rep5,1.2588,3773,1
rep5,1.2589,3774,1
rep5,1.2591,3775,1
rep5,1.2591,3776,1
rep5,1.2593,3777,1
rep5,1.2594,3778,1
rep5,1.2594,3779,1
rep5,1.2595,3780,1
rep5,1.2595,3781,1
rep5,1.2595,3782,1
rep5,1.2596,3783,1
rep5,1.2596,3784,1
rep5,1.2598,3785,1
rep5,1.2599,3786,1
rep5,1.2599,3787,1
rep5,1.2599,3788,1
rep5,1.26,3789,1
rep5,1.2601,3790,1
rep5,1.2601,3791,1
rep5,1.2602,3792,1
rep5,1.2603,3793,1
rep5,1.2604,3794,1
rep5,1.2605,3795,1
rep5,1.2605,3796,1
rep5,1.2607,3797,1
rep5,1.2607,3798,1
rep5,1.2607,3799,1
rep5,1.2607,3800,1
rep5,1.2608,3801,1
rep5,1.2608,3802,1
rep5,1.2609,3803,1
rep5,1.261,3804,1
rep5,1.261,3805,1
rep5,1.261,3806,1
rep5,1.261,3807,1
rep5,1.261,3808,1
rep5,1.261,3809,1
rep5,1.2614,3810,1
rep5,1.2617,3811,1
rep5,1.2618,3812,1
rep5,1.262,3813,1
rep5,1.2621,3814,1
rep5,1.2621,3815,1
rep5,1.2624,3816,1
rep5,1.2624,3817,1
rep5,1.2624,3818,1
rep5,1.2624,3819,1
rep5,1.2624,3820,1
rep5,1.2624,3821,1
rep5,1.2625,3822,1
rep5,1.2625,3823,1
rep5,1.2626,3824,1
rep5,1.2627,3825,1
rep5,1.2628,3826,1
rep5,1.2628,3827,1
rep5,1.263,3828,1
rep5,1.2631,3829,1
rep5,1.2632,3830,1
rep5,1.2633,3831,1
rep5,1.2633,3832,1
rep5,1.2634,3833,1
rep5,1.2635,3834,1
rep5,1.2635,3835,1
rep5,1.2635,3836,1
rep5,1.2635,3837,1
rep5,1.2636,3838,1
rep5,1.2639,3839,1
rep5,1.2641,3840,1
rep5,1.2644,3841,1
rep5,1.2644,3842,1
rep5,1.2647,3843,1
rep5,1.2647,3844,1
rep5,1.2649,3845,1
rep5,1.2649,3846,1
rep5,1.2652,3847,1
rep5,1.2653,3848,1
rep5,1.2654,3849,1
rep5,1.2655,3850,1
rep5,1.2655,3851,1
rep5,1.2655,3852,1
rep5,1.2656,3853,1
rep5,1.2656,3854,1
rep5,1.2656,3855,1
rep5,1.2657,3856,1
rep5,1.2657,3857,1
rep5,1.2659,3858,1
rep5,1.266,3859,1
rep5,1.266,3860,1
rep5,1.2661,3861,1
rep5,1.2662,3862,1
rep5,1.2662,3863,1
rep5,1.2663,3864,1
rep5,1.2663,3865,1
rep5,1.2663,3866,1
rep5,1.2664,3867,1
rep5,1.2664,3868,1
rep5,1.2665,3869,1
rep5,1.2665,3870,1
rep5,1.2665,3871,1
rep5,1.2667,3872,1
rep5,1.2668,3873,1
rep5,1.267,3874,1
rep5,1.267,3875,1
rep5,1.2673,3876,1
rep5,1.2673,3877,1
rep5,1.2673,3878,1
rep5,1.2674,3879,1
rep5,1.2674,3880,1
rep5,1.2675,3881,1
rep5,1.2676,3882,1
rep5,1.2678,3883,1
rep5,1.2678,3884,1
rep5,1.268,3885,1
rep5,1.2682,3886,1
rep5,1.2683,3887,1
rep5,1.2684,3888,1
rep5,1.2685,3889,1
rep5,1.2686,3890,1
rep5,1.2687,3891,1
rep5,1.2687,3892,1
rep5,1.2689,3893,1
rep5,1.2689,3894,1
rep5,1.2689,3895,1
rep5,1.2689,3896,1
rep5,1.269,3897,1
rep5,1.2691,3898,1
rep5,1.2692,3899,1
rep5,1.2693,3900,1
rep5,1.2693,3901,1
rep5,1.2693,3902,1
rep5,1.2694,3903,1
rep5,1.2695,3904,1
rep5,1.2698,3905,1
rep5,1.2699,3906,1
rep5,1.27,3907,1
rep5,1.2701,3908,1
rep5,1.2702,3909,1
rep5,1.2707,3910,1
rep5,1.2708,3911,1
rep5,1.2709,3912,1
rep5,1.2709,3913,1
rep5,1.2709,3914,1
rep5,1.2709,3915,1
rep5,1.2711,3916,1
rep5,1.2713,3917,1
rep5,1.2714,3918,1
rep5,1.2714,3919,1
rep5,1.2715,3920,1
rep5,1.2718,3921,1
rep5,1.2719,3922,1
rep5,1.2719,3923,1
rep5,1.272,3924,1
rep5,1.272,3925,1
rep5,1.2721,3926,1
rep5,1.2721,3927,1
rep5,1.2726,3928,1
rep5,1.2727,3929,1
rep5,1.2727,3930,1
rep5,1.2728,3931,1
rep5,1.2729,3932,1
rep5,1.2729,3933,1
rep5,1.273,3934,1
rep5,1.2731,3935,1
rep5,1.2731,3936,1
rep5,1.2731,3937,1
rep5,1.2733,3938,1
rep5,1.2733,3939,1
rep5,1.2735,3940,1
rep5,1.2736,3941,1
rep5,1.2736,3942,1
rep5,1.2737,3943,1
rep5,1.2738,3944,1
rep5,1.2739,3945,1
rep5,1.274,3946,1
rep5,1.274,3947,1
rep5,1.2743,3948,1
rep5,1.2743,3949,1
rep5,1.2744,3950,1
rep5,1.2745,3951,1
rep5,1.2745,3952,1
rep5,1.2746,3953,1
rep5,1.2746,3954,1
rep5,1.2749,3955,1
rep5,1.2752,3956,1
rep5,1.2752,3957,1
rep5,1.2755,3958,1
rep5,1.2757,3959,1
rep5,1.2758,3960,1
rep5,1.276,3961,1
rep5,1.2761,3962,1
rep5,1.2763,3963,1
rep5,1.2765,3964,1
rep5,1.2766,3965,1
rep5,1.2767,3966,1
rep5,1.2768,3967,1
rep5,1.2768,3968,1
rep5,1.2768,3969,1
rep5,1.2768,3970,1
rep5,1.277,3971,1
rep5,1.2771,3972,1
rep5,1.2772,3973,1
rep5,1.2772,3974,1
rep5,1.2773,3975,1
rep5,1.2775,3976,1
rep5,1.2775,3977,1
rep5,1.2777,3978,1
rep5,1.2777,3979,1
rep5,1.2777,3980,1
rep5,1.2778,3981,1
rep5,1.2778,3982,1
rep5,1.278,3983,1
rep5,1.2781,3984,1
rep5,1.2782,3985,1
rep5,1.2782,3986,1
rep5,1.2784,3987,1
rep5,1.2785,3988,1
rep5,1.2788,3989,1
rep5,1.2788,3990,1
rep5,1.2789,3991,1
rep5,1.2796,3992,1
rep5,1.2798,3993,1
rep5,1.28,3994,1
rep5,1.2803,3995,1
rep5,1.2804,3996,1
rep5,1.2807,3997,1
rep5,1.2811,3998,1
rep5,1.2812,3999,1
rep5,1.2812,4000,1
rep5,1.2812,4001,1
rep5,1.2814,4002,1
rep5,1.2816,4003,1
rep5,1.2817,4004,1
rep5,1.2818,4005,1
rep5,1.2819,4006,1
rep5,1.2819,4007,1
rep5,1.2821,4008,1
rep5,1.2822,4009,1
rep5,1.2822,4010,1
rep5,1.2824,4011,1
rep5,1.2824,4012,1
rep5,1.2825,4013,1
rep5,1.283,4014,1
rep5,1.283,4015,1
rep5,1.2831,4016,1
rep5,1.2835,4017,1
rep5,1.2835,4018,1
rep5,1.2836,4019,1
rep5,1.2836,4020,1
rep5,1.2839,4021,1
rep5,1.2841,4022,1
rep5,1.2844,4023,1
rep5,1.2845,4024,1
rep5,1.2852,4025,1
rep5,1.2852,4026,1
rep5,1.2855,4027,1
rep5,1.2855,4028,1
rep5,1.2857,4029,1
rep5,1.286,4030,1
rep5,1.2862,4031,1
rep5,1.2864,4032,1
rep5,1.2864,4033,1
rep5,1.2868,4034,1
rep5,1.287,4035,1
rep5,1.287,4036,1
rep5,1.2871,4037,1
rep5,1.2872,4038,1
rep5,1.2873,4039,1
rep5,1.2874,4040,1
rep5,1.2875,4041,1
rep5,1.2876,4042,1
rep5,1.2876,4043,1
rep5,1.2877,4044,1
rep5,1.2879,4045,1
rep5,1.288,4046,1
rep5,1.2882,4047,1
rep5,1.2883,4048,1
rep5,1.2884,4049,1
rep5,1.2885,4050,1
rep5,1.2886,4051,1
rep5,1.2888,4052,1
rep5,1.2891,4053,1
rep5,1.2893,4054,1
rep5,1.2895,4055,1
rep5,1.2897,4056,1
rep5,1.2898,4057,1
rep5,1.2898,4058,1
rep5,1.2899,4059,1
rep5,1.2899,4060,1
rep5,1.2903,4061,1
rep5,1.2903,4062,1
rep5,1.2903,4063,1
rep5,1.2903,4064,1
rep5,1.2904,4065,1
rep5,1.2904,4066,1
rep5,1.2905,4067,1
rep5,1.2905,4068,1
rep5,1.2907,4069,1
rep5,1.2907,4070,1
rep5,1.2908,4071,1
rep5,1.2908,4072,1
rep5,1.2909,4073,1
rep5,1.291,4074,1
rep5,1.2911,4075,1
rep5,1.2912,4076,1
rep5,1.2913,4077,1
rep5,1.2914,4078,1
rep5,1.2915,4079,1
rep5,1.2919,4080,1
rep5,1.292,4081,1
rep5,1.2923,4082,1
rep5,1.2923,4083,1
rep5,1.2924,4084,1
rep5,1.2924,4085,1
rep5,1.2924,4086,1
rep5,1.2925,4087,1
rep5,1.2932,4088,1
rep5,1.2933,4089,1
rep5,1.2933,4090,1
rep5,1.2933,4091,1
rep5,1.2934,4092,1
rep5,1.2934,4093,1
rep5,1.2935,4094,1
rep5,1.2936,4095,1
rep5,1.2937,4096,1
rep5,1.2937,4097,1
rep5,1.2938,4098,1
rep5,1.2938,4099,1
rep5,1.2939,4100,1
rep5,1.294,4101,1
rep5,1.2941,4102,1
rep5,1.2946,4103,1
rep5,1.2946,4104,1
rep5,1.2947,4105,1
rep5,1.2948,4106,1
rep5,1.2951,4107,1
rep5,1.2953,4108,1
rep5,1.2954,4109,1
rep5,1.2957,4110,1
rep5,1.2958,4111,1
rep5,1.2959,4112,1
rep5,1.296,4113,1
rep5,1.2962,4114,1
rep5,1.2963,4115,1
rep5,1.2963,4116,1
rep5,1.2965,4117,1
rep5,1.2966,4118,1
rep5,1.2966,4119,1
rep5,1.2968,4120,1
rep5,1.2968,4121,1
rep5,1.297,4122,1
rep5,1.2973,4123,1
rep5,1.2974,4124,1
rep5,1.2974,4125,1
rep5,1.2975,4126,1
rep5,1.2975,4127,1
rep5,1.2978,4128,1
rep5,1.2978,4129,1
rep5,1.2983,4130,1
rep5,1.2984,4131,1
rep5,1.2985,4132,1
rep5,1.2986,4133,1
rep5,1.2986,4134,1
rep5,1.2987,4135,1
rep5,1.2989,4136,1
rep5,1.299,4137,1
rep5,1.2991,4138,1
rep5,1.2992,4139,1
rep5,1.2996,4140,1
rep5,1.3001,4141,1
rep5,1.3002,4142,1
rep5,1.3002,4143,1
rep5,1.3003,4144,1
rep5,1.3004,4145,1
rep5,1.3005,4146,1
rep5,1.3007,4147,1
rep5,1.3008,4148,1
rep5,1.301,4149,1
rep5,1.3013,4150,1
rep5,1.3013,4151,1
rep5,1.3014,4152,1
rep5,1.3015,4153,1
rep5,1.3018,4154,1
rep5,1.302,4155,1
rep5,1.302,4156,1
rep5,1.3021,4157,1
rep5,1.3021,4158,1
rep5,1.3022,4159,1
rep5,1.3022,4160,1
rep5,1.3023,4161,1
rep5,1.3023,4162,1
rep5,1.3024,4163,1
rep5,1.3024,4164,1
rep5,1.3025,4165,1
rep5,1.3025,4166,1
rep5,1.3026,4167,1
rep5,1.3027,4168,1
rep5,1.3029,4169,1
rep5,1.303,4170,1
rep5,1.3031,4171,1
rep5,1.3033,4172,1
rep5,1.3035,4173,1
rep5,1.3036,4174,1
rep5,1.3038,4175,1
rep5,1.3038,4176,1
rep5,1.3038,4177,1
rep5,1.304,4178,1
rep5,1.3042,4179,1
rep5,1.3044,4180,1
rep5,1.3044,4181,1
rep5,1.3045,4182,1
rep5,1.3048,4183,1
rep5,1.3049,4184,1
rep5,1.3049,4185,1
rep5,1.305,4186,1
rep5,1.3051,4187,1
rep5,1.3051,4188,1
rep5,1.3053,4189,1
rep5,1.3058,4190,1
rep5,1.3061,4191,1
rep5,1.3061,4192,1
rep5,1.3061,4193,1
rep5,1.3063,4194,1
rep5,1.3063,4195,1
rep5,1.3064,4196,1
rep5,1.3065,4197,1
rep5,1.3065,4198,1
rep5,1.3066,4199,1
rep5,1.3068,4200,1
rep5,1.3069,4201,1
rep5,1.3071,4202,1
rep5,1.3071,4203,1
rep5,1.3072,4204,1
rep5,1.3073,4205,1
rep5,1.3075,4206,1
rep5,1.3075,4207,1
rep5,1.3075,4208,1
rep5,1.3077,4209,1
rep5,1.3077,4210,1
rep5,1.3078,4211,1
rep5,1.3079,4212,1
rep5,1.3079,4213,1
rep5,1.3082,4214,1
rep5,1.3084,4215,1
rep5,1.3086,4216,1
rep5,1.3089,4217,1
rep5,1.3089,4218,1
rep5,1.309,4219,1
rep5,1.3092,4220,1
rep5,1.3097,4221,1
rep5,1.3099,4222,1
rep5,1.31,4223,1
rep5,1.3102,4224,1
rep5,1.3103,4225,1
rep5,1.3104,4226,1
rep5,1.3106,4227,1
rep5,1.3111,4228,1
rep5,1.3111,4229,1
rep5,1.3111,4230,1
rep5,1.3113,4231,1
rep5,1.3113,4232,1
rep5,1.3114,4233,1
rep5,1.3115,4234,1
rep5,1.3115,4235,1
rep5,1.3115,4236,1
rep5,1.3116,4237,1
rep5,1.3118,4238,1
rep5,1.3119,4239,1
rep5,1.312,4240,1
rep5,1.312,4241,1
rep5,1.312,4242,1
rep5,1.3124,4243,1
rep5,1.3125,4244,1
rep5,1.3127,4245,1
rep5,1.3127,4246,1
rep5,1.3128,4247,1
rep5,1.3128,4248,1
rep5,1.3131,4249,1
rep5,1.3133,4250,1
rep5,1.3134,4251,1
rep5,1.3135,4252,1
rep5,1.3135,4253,1
rep5,1.3137,4254,1
rep5,1.3139,4255,1
rep5,1.314,4256,1
rep5,1.314,4257,1
rep5,1.3141,4258,1
rep5,1.3142,4259,1
rep5,1.3142,4260,1
rep5,1.3145,4261,1
rep5,1.3147,4262,1
rep5,1.3148,4263,1
rep5,1.3148,4264,1
rep5,1.3149,4265,1
rep5,1.3152,4266,1
rep5,1.3153,4267,1
rep5,1.3156,4268,1
rep5,1.3157,4269,1
rep5,1.3157,4270,1
rep5,1.3159,4271,1
rep5,1.316,4272,1
rep5,1.3162,4273,1
rep5,1.3164,4274,1
rep5,1.3164,4275,1
rep5,1.3165,4276,1
rep5,1.3166,4277,1
rep5,1.3168,4278,1
rep5,1.3168,4279,1
rep5,1.3169,4280,1
rep5,1.3171,4281,1
rep5,1.3176,4282,1
rep5,1.3176,4283,1
rep5,1.3177,4284,1
rep5,1.3179,4285,1
rep5,1.318,4286,1
rep5,1.3183,4287,1
rep5,1.3185,4288,1
rep5,1.3189,4289,1
rep5,1.3193,4290,1
rep5,1.3194,4291,1
rep5,1.3195,4292,1
rep5,1.3196,4293,1
rep5,1.3199,4294,1
rep5,1.3199,4295,1
rep5,1.32,4296,1
rep5,1.32,4297,1
rep5,1.3201,4298,1
rep5,1.3204,4299,1
rep5,1.3204,4300,1
rep5,1.3205,4301,1
rep5,1.3205,4302,1
rep5,1.3207,4303,1
rep5,1.3208,4304,1
rep5,1.321,4305,1
rep5,1.3212,4306,1
rep5,1.3213,4307,1
rep5,1.3215,4308,1
rep5,1.3215,4309,1
rep5,1.3217,4310,1
rep5,1.3218,4311,1
rep5,1.322,4312,1
rep5,1.3221,4313,1
rep5,1.3222,4314,1
rep5,1.3224,4315,1
rep5,1.3224,4316,1
rep5,1.3224,4317,1
rep5,1.3235,4318,1
rep5,1.3237,4319,1
rep5,1.3238,4320,1
rep5,1.3243,4321,1
rep5,1.3244,4322,1
rep5,1.3244,4323,1
rep5,1.3246,4324,1
rep5,1.3247,4325,1
rep5,1.3248,4326,1
rep5,1.3252,4327,1
rep5,1.3253,4328,1
rep5,1.3253,4329,1
rep5,1.3255,4330,1
rep5,1.3255,4331,1
rep5,1.3255,4332,1
rep5,1.3256,4333,1
rep5,1.3259,4334,1
rep5,1.326,4335,1
rep5,1.3262,4336,1
rep5,1.3263,4337,1
rep5,1.3263,4338,1
rep5,1.3265,4339,1
rep5,1.3266,4340,1
rep5,1.3267,4341,1
rep5,1.3267,4342,1
rep5,1.327,4343,1
rep5,1.3273,4344,1
rep5,1.3275,4345,1
rep5,1.3275,4346,1
rep5,1.3277,4347,1
rep5,1.3277,4348,1
rep5,1.3277,4349,1
rep5,1.3279,4350,1
rep5,1.328,4351,1
rep5,1.3284,4352,1
rep5,1.3287,4353,1
rep5,1.3287,4354,1
rep5,1.3291,4355,1
rep5,1.3294,4356,1
rep5,1.3296,4357,1
rep5,1.3297,4358,1
rep5,1.3299,4359,1
rep5,1.3302,4360,1
rep5,1.3303,4361,1
rep5,1.3303,4362,1
rep5,1.3307,4363,1
rep5,1.3308,4364,1
rep5,1.3308,4365,1
rep5,1.3311,4366,1
rep5,1.3313,4367,1
rep5,1.3315,4368,1
rep5,1.3316,4369,1
rep5,1.3318,4370,1
rep5,1.3322,4371,1
rep5,1.3325,4372,1
rep5,1.3325,4373,1
rep5,1.3325,4374,1
rep5,1.3327,4375,1
rep5,1.3327,4376,1
rep5,1.3327,4377,1
rep5,1.3328,4378,1
rep5,1.3328,4379,1
rep5,1.3329,4380,1
rep5,1.333,4381,1
rep5,1.3331,4382,1
rep5,1.3335,4383,1
rep5,1.3335,4384,1
rep5,1.3339,4385,1
rep5,1.3341,4386,1
rep5,1.3346,4387,1
rep5,1.3347,4388,1
rep5,1.3348,4389,1
rep5,1.3349,4390,1
rep5,1.335,4391,1
rep5,1.3351,4392,1
rep5,1.3357,4393,1
rep5,1.3358,4394,1
rep5,1.336,4395,1
rep5,1.3362,4396,1
rep5,1.3364,4397,1
rep5,1.3365,4398,1
rep5,1.3367,4399,1
rep5,1.3367,4400,1
rep5,1.3369,4401,1
rep5,1.3369,4402,1
rep5,1.3371,4403,1
rep5,1.3372,4404,1
rep5,1.3373,4405,1
rep5,1.3374,4406,1
rep5,1.3375,4407,1
rep5,1.3376,4408,1
rep5,1.3376,4409,1
rep5,1.3377,4410,1
rep5,1.3379,4411,1
rep5,1.3379,4412,1
rep5,1.3385,4413,1
rep5,1.3386,4414,1
rep5,1.3386,4415,1
rep5,1.3388,4416,1
rep5,1.339,4417,1
rep5,1.3392,4418,1
rep5,1.3392,4419,1
rep5,1.3392,4420,1
rep5,1.3398,4421,1
rep5,1.3399,4422,1
rep5,1.3404,4423,1
rep5,1.3407,4424,1
rep5,1.3409,4425,1
rep5,1.3411,4426,1
rep5,1.3411,4427,1
rep5,1.3415,4428,1
rep5,1.3415,4429,1
rep5,1.342,4430,1
rep5,1.3421,4431,1
rep5,1.3422,4432,1
rep5,1.3423,4433,1
rep5,1.3424,4434,1
rep5,1.3426,4435,1
rep5,1.3428,4436,1
rep5,1.3429,4437,1
rep5,1.343,4438,1
rep5,1.3431,4439,1
rep5,1.3432,4440,1
rep5,1.3433,4441,1
rep5,1.3433,4442,1
rep5,1.3434,4443,1
rep5,1.3434,4444,1
rep5,1.3435,4445,1
rep5,1.3435,4446,1
rep5,1.3436,4447,1
rep5,1.3441,4448,1
rep5,1.3443,4449,1
rep5,1.3444,4450,1
rep5,1.3447,4451,1
rep5,1.3449,4452,1
rep5,1.3451,4453,1
rep5,1.3456,4454,1
rep5,1.3458,4455,1
rep5,1.3459,4456,1
rep5,1.3461,4457,1
rep5,1.3466,4458,1
rep5,1.3467,4459,1
rep5,1.3468,4460,1
rep5,1.347,4461,1
rep5,1.347,4462,1
rep5,1.347,4463,1
rep5,1.3471,4464,1
rep5,1.3471,4465,1
rep5,1.3472,4466,1
rep5,1.3479,4467,1
rep5,1.348,4468,1
rep5,1.3483,4469,1
rep5,1.3485,4470,1
rep5,1.3491,4471,1
rep5,1.3491,4472,1
rep5,1.3492,4473,1
rep5,1.3493,4474,1
rep5,1.3499,4475,1
rep5,1.3505,4476,1
rep5,1.3508,4477,1
rep5,1.3512,4478,1
rep5,1.3512,4479,1
rep5,1.3516,4480,1
rep5,1.3516,4481,1
rep5,1.3517,4482,1
rep5,1.3519,4483,1
rep5,1.3522,4484,1
rep5,1.3522,4485,1
rep5,1.3523,4486,1
rep5,1.3523,4487,1
rep5,1.3524,4488,1
rep5,1.3525,4489,1
rep5,1.3537,4490,1
rep5,1.3537,4491,1
rep5,1.354,4492,1
rep5,1.3541,4493,1
rep5,1.3552,4494,1
rep5,1.3553,4495,1
rep5,1.3554,4496,1
rep5,1.3555,4497,1
rep5,1.3558,4498,1
rep5,1.3559,4499,1
rep5,1.356,4500,1
rep5,1.3561,4501,1
rep5,1.3561,4502,1
rep5,1.3565,4503,1
rep5,1.3567,4504,1
rep5,1.357,4505,1
rep5,1.3572,4506,1
rep5,1.3572,4507,1
rep5,1.3573,4508,1
rep5,1.3575,4509,1
rep5,1.3576,4510,1
rep5,1.3578,4511,1
rep5,1.3579,4512,1
rep5,1.3579,4513,1
rep5,1.358,4514,1
rep5,1.3581,4515,1
rep5,1.3581,4516,1
rep5,1.3582,4517,1
rep5,1.3583,4518,1
rep5,1.3584,4519,1
rep5,1.3586,4520,1
rep5,1.3587,4521,1
rep5,1.3588,4522,1
rep5,1.3593,4523,1
rep5,1.3594,4524,1
rep5,1.3594,4525,1
rep5,1.3596,4526,1
rep5,1.3596,4527,1
rep5,1.3597,4528,1
rep5,1.3599,4529,1
rep5,1.3601,4530,1
rep5,1.3602,4531,1
rep5,1.3605,4532,1
rep5,1.3606,4533,1
rep5,1.3606,4534,1
rep5,1.3607,4535,1
rep5,1.361,4536,1
rep5,1.3613,4537,1
rep5,1.3613,4538,1
rep5,1.3613,4539,1
rep5,1.3616,4540,1
rep5,1.3616,4541,1
rep5,1.362,4542,1
rep5,1.3622,4543,1
rep5,1.3624,4544,1
rep5,1.3627,4545,1
rep5,1.3629,4546,1
rep5,1.3629,4547,1
rep5,1.3629,4548,1
rep5,1.3631,4549,1
rep5,1.3634,4550,1
rep5,1.3635,4551,1
rep5,1.3637,4552,1
rep5,1.3637,4553,1
rep5,1.3639,4554,1
rep5,1.3642,4555,1
rep5,1.3643,4556,1
rep5,1.3646,4557,1
rep5,1.3646,4558,1
rep5,1.3649,4559,1
rep5,1.3653,4560,1
rep5,1.3654,4561,1
rep5,1.3654,4562,1
rep5,1.3655,4563,1
rep5,1.3656,4564,1
rep5,1.3657,4565,1
rep5,1.3658,4566,1
rep5,1.3659,4567,1
rep5,1.366,4568,1
rep5,1.3663,4569,1
rep5,1.3664,4570,1
rep5,1.3667,4571,1
rep5,1.367,4572,1
rep5,1.3674,4573,1
rep5,1.3675,4574,1
rep5,1.3675,4575,1
rep5,1.3676,4576,1
rep5,1.3676,4577,1
rep5,1.3677,4578,1
rep5,1.3679,4579,1
rep5,1.368,4580,1
rep5,1.3681,4581,1
rep5,1.3684,4582,1
rep5,1.3686,4583,1
rep5,1.3687,4584,1
rep5,1.3695,4585,1
rep5,1.3695,4586,1
rep5,1.3696,4587,1
rep5,1.3698,4588,1
rep5,1.3699,4589,1
rep5,1.3705,4590,1
rep5,1.3706,4591,1
rep5,1.3707,4592,1
rep5,1.3709,4593,1
rep5,1.3714,4594,1
rep5,1.3715,4595,1
rep5,1.3721,4596,1
rep5,1.3727,4597,1
rep5,1.3727,4598,1
rep5,1.3736,4599,1
rep5,1.3745,4600,1
rep5,1.3746,4601,1
rep5,1.3747,4602,1
rep5,1.3751,4603,1
rep5,1.3753,4604,1
rep5,1.3754,4605,1
rep5,1.3755,4606,1
rep5,1.3759,4607,1
rep5,1.3764,4608,1
rep5,1.3765,4609,1
rep5,1.3772,4610,1
rep5,1.3772,4611,1
rep5,1.3779,4612,1
rep5,1.378,4613,1
rep5,1.3789,4614,1
rep5,1.3791,4615,1
rep5,1.3793,4616,1
rep5,1.3798,4617,1
rep5,1.38,4618,1
rep5,1.3804,4619,1
rep5,1.3806,4620,1
rep5,1.3809,4621,1
rep5,1.3813,4622,1
rep5,1.3817,4623,1
rep5,1.3819,4624,1
rep5,1.3824,4625,1
rep5,1.3825,4626,1
rep5,1.3827,4627,1
rep5,1.3829,4628,1
rep5,1.3832,4629,1
rep5,1.3834,4630,1
rep5,1.384,4631,1
rep5,1.3841,4632,1
rep5,1.385,4633,1
rep5,1.3851,4634,1
rep5,1.3854,4635,1
rep5,1.3859,4636,1
rep5,1.3861,4637,1
rep5,1.3862,4638,1
rep5,1.3864,4639,1
rep5,1.3865,4640,1
rep5,1.3872,4641,1
rep5,1.3874,4642,1
rep5,1.3877,4643,1
rep5,1.3882,4644,1
rep5,1.3886,4645,1
rep5,1.3886,4646,1
rep5,1.3888,4647,1
rep5,1.3891,4648,1
rep5,1.3898,4649,1
rep5,1.3898,4650,1
rep5,1.3899,4651,1
rep5,1.3904,4652,1
rep5,1.3911,4653,1
rep5,1.3914,4654,1
rep5,1.3916,4655,1
rep5,1.3917,4656,1
rep5,1.3918,4657,1
rep5,1.3923,4658,1
rep5,1.3926,4659,1
rep5,1.3928,4660,1
rep5,1.3934,4661,1
rep5,1.3938,4662,1
rep5,1.3938,4663,1
rep5,1.3939,4664,1
rep5,1.3942,4665,1
rep5,1.3945,4666,1
rep5,1.3946,4667,1
rep5,1.3949,4668,1
rep5,1.3959,4669,1
rep5,1.3962,4670,1
rep5,1.3964,4671,1
rep5,1.3965,4672,1
rep5,1.3976,4673,1
rep5,1.3979,4674,1
rep5,1.3981,4675,1
rep5,1.3982,4676,1
rep5,1.3983,4677,1
rep5,1.3983,4678,1
rep5,1.3983,4679,1
rep5,1.3989,4680,1
rep5,1.399,4681,1
rep5,1.399,4682,1
rep5,1.3991,4683,1
rep5,1.3994,4684,1
rep5,1.3997,4685,1
rep5,1.3998,4686,1
rep5,1.4002,4687,1
rep5,1.4007,4688,1
rep5,1.4011,4689,1
rep5,1.4011,4690,1
rep5,1.4013,4691,1
rep5,1.4014,4692,1
rep5,1.4018,4693,1
rep5,1.4019,4694,1
rep5,1.4022,4695,1
rep5,1.4028,4696,1
rep5,1.4029,4697,1
rep5,1.4032,4698,1
rep5,1.4033,4699,1
rep5,1.4038,4700,1
rep5,1.4039,4701,1
rep5,1.4042,4702,1
rep5,1.4046,4703,1
rep5,1.4046,4704,1
rep5,1.4048,4705,1
rep5,1.4051,4706,1
rep5,1.4054,4707,1
rep5,1.4058,4708,1
rep5,1.4063,4709,1
rep5,1.4066,4710,1
rep5,1.4067,4711,1
rep5,1.4068,4712,1
rep5,1.407,4713,1
rep5,1.4071,4714,1
rep5,1.4071,4715,1
rep5,1.4072,4716,1
rep5,1.4075,4717,1
rep5,1.4076,4718,1
rep5,1.4078,4719,1
rep5,1.4079,4720,1
rep5,1.4086,4721,1
rep5,1.4094,4722,1
rep5,1.4098,4723,1
rep5,1.4099,4724,1
rep5,1.4101,4725,1
rep5,1.4105,4726,1
rep5,1.4108,4727,1
rep5,1.4111,4728,1
rep5,1.4115,4729,1
rep5,1.4118,4730,1
rep5,1.412,4731,1
rep5,1.4122,4732,1
rep5,1.4132,4733,1
rep5,1.4136,4734,1
rep5,1.4138,4735,1
rep5,1.4141,4736,1
rep5,1.4141,4737,1
rep5,1.4141,4738,1
rep5,1.4146,4739,1
rep5,1.4147,4740,1
rep5,1.415,4741,1
rep5,1.4155,4742,1
rep5,1.4159,4743,1
rep5,1.4161,4744,1
rep5,1.4164,4745,1
rep5,1.4164,4746,1
rep5,1.417,4747,1
rep5,1.4171,4748,1
rep5,1.4174,4749,1
rep5,1.4176,4750,1
rep5,1.4178,4751,1
rep5,1.4179,4752,1
rep5,1.4188,4753,1
rep5,1.4202,4754,1
rep5,1.4211,4755,1
rep5,1.422,4756,1
rep5,1.4222,4757,1
rep5,1.4225,4758,1
rep5,1.4226,4759,1
rep5,1.4233,4760,1
rep5,1.4236,4761,1
rep5,1.4239,4762,1
rep5,1.4242,4763,1
rep5,1.4247,4764,1
rep5,1.4247,4765,1
rep5,1.4255,4766,1
rep5,1.4256,4767,1
rep5,1.4257,4768,1
rep5,1.4269,4769,1
rep5,1.4269,4770,1
rep5,1.4273,4771,1
rep5,1.4273,4772,1
rep5,1.4282,4773,1
rep5,1.4285,4774,1
rep5,1.4293,4775,1
rep5,1.4308,4776,1
rep5,1.4314,4777,1
rep5,1.4319,4778,1
rep5,1.432,4779,1
rep5,1.4324,4780,1
rep5,1.4328,4781,1
rep5,1.4335,4782,1
rep5,1.4336,4783,1
rep5,1.4339,4784,1
rep5,1.4345,4785,1
rep5,1.4345,4786,1
rep5,1.4347,4787,1
rep5,1.4351,4788,1
rep5,1.4353,4789,1
rep5,1.4353,4790,1
rep5,1.4357,4791,1
rep5,1.436,4792,1
rep5,1.4363,4793,1
rep5,1.4364,4794,1
rep5,1.4365,4795,1
rep5,1.4367,4796,1
rep5,1.4367,4797,1
rep5,1.437,4798,1
rep5,1.4371,4799,1
rep5,1.4381,4800,1
rep5,1.4381,4801,1
rep5,1.4397,4802,1
rep5,1.4402,4803,1
rep5,1.4407,4804,1
rep5,1.4412,4805,1
rep5,1.4417,4806,1
rep5,1.4421,4807,1
rep5,1.4424,4808,1
rep5,1.4426,4809,1
rep5,1.4427,4810,1
rep5,1.443,4811,1
rep5,1.4431,4812,1
rep5,1.4438,4813,1
rep5,1.4441,4814,1
rep5,1.4442,4815,1
rep5,1.4444,4816,1
rep5,1.4451,4817,1
rep5,1.4454,4818,1
rep5,1.4454,4819,1
rep5,1.4462,4820,1
rep5,1.4463,4821,1
rep5,1.4465,4822,1
rep5,1.4469,4823,1
rep5,1.4474,4824,1
rep5,1.4478,4825,1
rep5,1.4483,4826,1
rep5,1.4485,4827,1
rep5,1.4491,4828,1
rep5,1.4493,4829,1
rep5,1.4496,4830,1
rep5,1.4496,4831,1
rep5,1.4498,4832,1
rep5,1.4498,4833,1
rep5,1.4505,4834,1
rep5,1.4505,4835,1
rep5,1.4513,4836,1
rep5,1.4517,4837,1
rep5,1.4522,4838,1
rep5,1.4532,4839,1
rep5,1.454,4840,1
rep5,1.4543,4841,1
rep5,1.4556,4842,1
rep5,1.4561,4843,1
rep5,1.4575,4844,1
rep5,1.4576,4845,1
rep5,1.4583,4846,1
rep5,1.4603,4847,1
rep5,1.4618,4848,1
rep5,1.4626,4849,1
rep5,1.4626,4850,1
rep5,1.4631,4851,1
rep5,1.4637,4852,1
rep5,1.4653,4853,1
rep5,1.4654,4854,1
rep5,1.4674,4855,1
rep5,1.4676,4856,1
rep5,1.4679,4857,1
rep5,1.4712,4858,1
rep5,1.4714,4859,1
rep5,1.473,4860,1
rep5,1.4734,4861,1
rep5,1.4747,4862,1
rep5,1.4752,4863,1
rep5,1.4755,4864,1
rep5,1.4766,4865,1
rep5,1.4768,4866,1
rep5,1.4772,4867,1
rep5,1.4773,4868,1
rep5,1.4791,4869,1
rep5,1.4792,4870,1
rep5,1.4807,4871,1
rep5,1.4809,4872,1
rep5,1.4813,4873,1
rep5,1.4815,4874,1
rep5,1.4828,4875,1
rep5,1.4834,4876,1
rep5,1.4859,4877,1
rep5,1.4862,4878,1
rep5,1.4865,4879,1
rep5,1.4868,4880,1
rep5,1.4869,4881,1
rep5,1.4879,4882,1
rep5,1.4887,4883,1
rep5,1.4902,4884,1
rep5,1.4905,4885,1
rep5,1.4908,4886,1
rep5,1.4924,4887,1
rep5,1.4952,4888,1
rep5,1.4986,4889,1
rep5,1.4988,4890,1
rep5,1.5007,4891,1
rep5,1.5009,4892,1
rep5,1.501,4893,1
rep5,1.5032,4894,1
rep5,1.5036,4895,1
rep5,1.5058,4896,1
rep5,1.5077,4897,1
rep5,1.5079,4898,1
rep5,1.5085,4899,1
rep5,1.509,4900,1
rep5,1.5091,4901,1
rep5,1.515,4902,1
rep5,1.5169,4903,1
rep5,1.5179,4904,1
rep5,1.5198,4905,1
rep5,1.5205,4906,1
rep5,1.5226,4907,1
rep5,1.5234,4908,1
rep5,1.5246,4909,1
rep5,1.525,4910,1
rep5,1.5257,4911,1
rep5,1.5265,4912,1
rep5,1.5279,4913,1
rep5,1.529,4914,1
rep5,1.5305,4915,1
rep5,1.5316,4916,1
rep5,1.5317,4917,1
rep5,1.5323,4918,1
rep5,1.5325,4919,1
rep5,1.5336,4920,1
rep5,1.5343,4921,1
rep5,1.5363,4922,1
rep5,1.5383,4923,1
rep5,1.5387,4924,1
rep5,1.5396,4925,1
rep5,1.5396,4926,1
rep5,1.5409,4927,1
rep5,1.5416,4928,1
rep5,1.5424,4929,1
rep5,1.5434,4930,1
rep5,1.5436,4931,1
rep5,1.5448,4932,1
rep5,1.5449,4933,1
rep5,1.5463,4934,1
rep5,1.5475,4935,1
rep5,1.5505,4936,1
rep5,1.5506,4937,1
rep5,1.5507,4938,1
rep5,1.5518,4939,1
rep5,1.5545,4940,1
rep5,1.5546,4941,1
rep5,1.5563,4942,1
rep5,1.5571,4943,1
rep5,1.563,4944,1
rep5,1.5636,4945,1
rep5,1.5677,4946,1
rep5,1.5697,4947,1
rep5,1.5699,4948,1
rep5,1.5723,4949,1
rep5,1.5724,4950,1
rep5,1.5729,4951,1
rep5,1.5761,4952,1
rep5,1.5832,4953,1
rep5,1.5842,4954,1
rep5,1.5869,4955,1
rep5,1.5907,4956,1
rep5,1.5954,4957,1
rep5,1.5975,4958,1
rep5,1.5989,4959,1
rep5,1.599,4960,1
rep5,1.6004,4961,1
rep5,1.6017,4962,1
rep5,1.6062,4963,1
rep5,1.6082,4964,1
rep5,1.6092,4965,1
rep5,1.6134,4966,1
rep5,1.6179,4967,1
rep5,1.6187,4968,1
rep5,1.627,4969,1
rep5,1.6276,4970,1
rep5,1.6296,4971,1
rep5,1.634,4972,1
rep5,1.6365,4973,1
rep5,1.6452,4974,1
rep5,1.6481,4975,1
rep5,1.6511,4976,1
rep5,1.6513,4977,1
rep5,1.6696,4978,1
rep5,1.676,4979,1
rep5,1.6795,4980,1
rep5,1.7114,4981,1
rep5,1.7125,4982,1
rep5,1.7312,4983,1
rep5,1.7546,4984,1
rep5,1.7584,4985,1
rep5,1.7616,4986,1
rep5,1.7831,4987,1
rep5,1.7854,4988,1
rep5,1.8306,4989,1
rep5,1.8389,4990,1
rep5,1.8501,4991,1
rep5,1.8803,4992,1
rep5,2.01,4993,1
rep5,2.0258,4994,1
rep5,2.0259,4995,1
rep5,2.0259,4996,1
rep5,2.026,4997,1
rep5,2.0263,4998,1
rep5,2.0263,4999,1
rep5,2.0264,5000,1
rep5,2.0264,5001,1
rep5,2.0266,5002,1
rep5,2.0267,5003,1
rep5,2.0267,5004,1
rep5,2.027,5005,1
rep5,2.0274,5006,1
rep5,2.0275,5007,1
rep5,2.0275,5008,1
rep5,2.0276,5009,1
rep5,2.0276,5010,1
rep5,2.0279,5011,1
rep5,2.028,5012,1
rep5,2.028,5013,1
rep5,2.0281,5014,1
rep5,2.0282,5015,1
rep5,2.0283,5016,1
rep5,2.0283,5017,1
rep5,2.0283,5018,1
rep5,2.0284,5019,1
rep5,2.0284,5020,1
rep5,2.0285,5021,1
rep5,2.0285,5022,1
rep5,2.0285,5023,1
rep5,2.0286,5024,1
rep5,2.0289,5025,1
rep5,2.0289,5026,1
rep5,2.0293,5027,1
rep5,2.0293,5028,1
rep5,2.0294,5029,1
rep5,2.0296,5030,1
rep5,2.0297,5031,1
rep5,2.0297,5032,1
rep5,2.0298,5033,1
rep5,2.03,5034,1
rep5,2.0301,5035,1
rep5,2.0303,5036,1
rep5,2.0303,5037,1
rep5,2.0304,5038,1
rep5,2.0306,5039,1
rep5,2.0308,5040,1
rep5,2.0309,5041,1
rep5,2.0309,5042,1
rep5,2.0311,5043,1
rep5,2.0312,5044,1
rep5,2.0314,5045,1
rep5,2.0315,5046,1
rep5,2.0315,5047,1
rep5,2.0317,5048,1
rep5,2.032,5049,1
rep5,2.032,5050,1
rep5,2.0324,5051,1
rep5,2.0325,5052,1
rep5,2.0327,5053,1
rep5,2.0328,5054,1
rep5,2.0328,5055,1
rep5,2.0333,5056,1
rep5,2.0334,5057,1
rep5,2.0337,5058,1
rep5,2.034,5059,1
rep5,2.034,5060,1
rep5,2.0341,5061,1
rep5,2.0344,5062,1
rep5,2.035,5063,1
rep5,2.036,5064,1
rep5,2.0366,5065,1
rep5,2.0367,5066,1
rep5,2.0367,5067,1
rep5,2.0368,5068,1
rep5,2.037,5069,1
rep5,2.0372,5070,1
rep5,2.0375,5071,1
rep5,2.0375,5072,1
rep5,2.0378,5073,1
rep5,2.0386,5074,1
rep5,2.0388,5075,1
rep5,2.039,5076,1
rep5,2.0397,5077,1
rep5,2.0399,5078,1
rep5,2.0407,5079,1
rep5,2.0415,5080,1
rep5,2.0417,5081,1
rep5,2.0423,5082,1
rep5,2.0425,5083,1
rep5,2.0425,5084,1
rep5,2.0427,5085,1
rep5,2.043,5086,1
rep5,2.0432,5087,1
rep5,2.0433,5088,1
rep5,2.0433,5089,1
rep5,2.0434,5090,1
rep5,2.0435,5091,1
rep5,2.0446,5092,1
rep5,2.0447,5093,1
rep5,2.0448,5094,1
rep5,2.0456,5095,1
rep5,2.0466,5096,1
rep5,2.0466,5097,1
rep5,2.0479,5098,1
rep5,2.0485,5099,1
rep5,2.0516,5100,1
rep5,2.0535,5101,1
rep5,2.0574,5102,1
rep5,2.0584,5103,1
rep5,2.0593,5104,1
rep5,2.0594,5105,1
rep5,2.0594,5106,1
rep5,2.0594,5107,1
rep5,2.0595,5108,1
rep5,2.0595,5109,1
rep5,2.0596,5110,1
rep5,2.0596,5111,1
rep5,2.0596,5112,1
rep5,2.0596,5113,1
rep5,2.0597,5114,1
rep5,2.0597,5115,1
rep5,2.0597,5116,1
rep5,2.0597,5117,1
rep5,2.0599,5118,1
rep5,2.0599,5119,1
rep5,2.06,5120,1
rep5,2.06,5121,1
rep5,2.0601,5122,1
rep5,2.0601,5123,1
rep5,2.0602,5124,1
rep5,2.0602,5125,1
rep5,2.0603,5126,1
rep5,2.0603,5127,1
rep5,2.0604,5128,1
rep5,2.0604,5129,1
rep5,2.0604,5130,1
rep5,2.0605,5131,1
rep5,2.0605,5132,1
rep5,2.0605,5133,1
rep5,2.0606,5134,1
rep5,2.0606,5135,1
rep5,2.0606,5136,1
rep5,2.0606,5137,1
rep5,2.0607,5138,1
rep5,2.0607,5139,1
rep5,2.0607,5140,1
rep5,2.0607,5141,1
rep5,2.0608,5142,1
rep5,2.0609,5143,1
rep5,2.0609,5144,1
rep5,2.0609,5145,1
rep5,2.061,5146,1
rep5,2.061,5147,1
rep5,2.061,5148,1
rep5,2.061,5149,1
rep5,2.061,5150,1
rep5,2.0612,5151,1
rep5,2.0612,5152,1
rep5,2.0612,5153,1
rep5,2.0613,5154,1
rep5,2.0613,5155,1
rep5,2.0614,5156,1
rep5,2.0614,5157,1
rep5,2.0615,5158,1
rep5,2.0615,5159,1
rep5,2.0615,5160,1
rep5,2.0615,5161,1
rep5,2.0616,5162,1
rep5,2.0616,5163,1
rep5,2.0616,5164,1
rep5,2.0616,5165,1
rep5,2.0617,5166,1
rep5,2.0617,5167,1
rep5,2.0618,5168,1
rep5,2.0618,5169,1
rep5,2.0618,5170,1
rep5,2.0618,5171,1
rep5,2.0619,5172,1
rep5,2.0619,5173,1
rep5,2.062,5174,1
rep5,2.062,5175,1
rep5,2.062,5176,1
rep5,2.062,5177,1
rep5,2.0621,5178,1
rep5,2.0621,5179,1
rep5,2.0621,5180,1
rep5,2.0622,5181,1
rep5,2.0622,5182,1
rep5,2.0622,5183,1
rep5,2.0624,5184,1
rep5,2.0625,5185,1
rep5,2.0626,5186,1
rep5,2.0627,5187,1
rep5,2.0627,5188,1
rep5,2.0627,5189,1
rep5,2.0628,5190,1
rep5,2.0629,5191,1
rep5,2.0629,5192,1
rep5,2.063,5193,1
rep5,2.063,5194,1
rep5,2.063,5195,1
rep5,2.0632,5196,1
rep5,2.0632,5197,1
rep5,2.0633,5198,1
rep5,2.0634,5199,1
rep5,2.0634,5200,1
rep5,2.0635,5201,1
rep5,2.0635,5202,1
rep5,2.0635,5203,1
rep5,2.0635,5204,1
rep5,2.0636,5205,1
rep5,2.0637,5206,1
rep5,2.0637,5207,1
rep5,2.0637,5208,1
rep5,2.0637,5209,1
rep5,2.0638,5210,1
rep5,2.0638,5211,1
rep5,2.0639,5212,1
rep5,2.0639,5213,1
rep5,2.0639,5214,1
rep5,2.0639,5215,1
rep5,2.064,5216,1
rep5,2.0641,5217,1
rep5,2.0641,5218,1
rep5,2.0641,5219,1
rep5,2.0642,5220,1
rep5,2.0642,5221,1
rep5,2.0642,5222,1
rep5,2.0644,5223,1
rep5,2.0644,5224,1
rep5,2.0645,5225,1
rep5,2.0645,5226,1
rep5,2.0645,5227,1
rep5,2.0646,5228,1
rep5,2.0646,5229,1
rep5,2.0646,5230,1
rep5,2.0647,5231,1
rep5,2.0647,5232,1
rep5,2.0648,5233,1
rep5,2.0648,5234,1
rep5,2.0648,5235,1
rep5,2.0649,5236,1
rep5,2.0649,5237,1
rep5,2.065,5238,1
rep5,2.0651,5239,1
rep5,2.0653,5240,1
rep5,2.0654,5241,1
rep5,2.0655,5242,1
rep5,2.0655,5243,1
rep5,2.0659,5244,1
rep5,2.0661,5245,1
rep5,2.0662,5246,1
rep5,2.0662,5247,1
rep5,2.0662,5248,1
rep5,2.0663,5249,1
rep5,2.0663,5250,1
rep5,2.0663,5251,1
rep5,2.0663,5252,1
rep5,2.0663,5253,1
rep5,2.0666,5254,1
rep5,2.0667,5255,1
rep5,2.0668,5256,1
rep5,2.0671,5257,1
rep5,2.0671,5258,1
rep5,2.0674,5259,1
rep5,2.0674,5260,1
rep5,2.0674,5261,1
rep5,2.0675,5262,1
rep5,2.0675,5263,1
rep5,2.0677,5264,1
rep5,2.0677,5265,1
rep5,2.0677,5266,1
rep5,2.0678,5267,1
rep5,2.0679,5268,1
rep5,2.068,5269,1
rep5,2.068,5270,1
rep5,2.0681,5271,1
rep5,2.0682,5272,1
rep5,2.0683,5273,1
rep5,2.0683,5274,1
rep5,2.0684,5275,1
rep5,2.0685,5276,1
rep5,2.0686,5277,1
rep5,2.0687,5278,1
rep5,2.0688,5279,1
rep5,2.0689,5280,1
rep5,2.0689,5281,1
rep5,2.069,5282,1
rep5,2.069,5283,1
rep5,2.0691,5284,1
rep5,2.0693,5285,1
rep5,2.0693,5286,1
rep5,2.0695,5287,1
rep5,2.0696,5288,1
rep5,2.0697,5289,1
rep5,2.0698,5290,1
rep5,2.0702,5291,1
rep5,2.0704,5292,1
rep5,2.0704,5293,1
rep5,2.0707,5294,1
rep5,2.0707,5295,1
rep5,2.0707,5296,1
rep5,2.0708,5297,1
rep5,2.0708,5298,1
rep5,2.0708,5299,1
rep5,2.071,5300,1
rep5,2.0716,5301,1
rep5,2.0717,5302,1
rep5,2.0717,5303,1
rep5,2.0719,5304,1
rep5,2.072,5305,1
rep5,2.0721,5306,1
rep5,2.0722,5307,1
rep5,2.0724,5308,1
rep5,2.0726,5309,1
rep5,2.0727,5310,1
rep5,2.0729,5311,1
rep5,2.073,5312,1
rep5,2.073,5313,1
rep5,2.0731,5314,1
rep5,2.0732,5315,1
rep5,2.0732,5316,1
rep5,2.0737,5317,1
rep5,2.0738,5318,1
rep5,2.074,5319,1
rep5,2.0745,5320,1
rep5,2.0748,5321,1
rep5,2.0748,5322,1
rep5,2.0749,5323,1
rep5,2.0754,5324,1
rep5,2.0754,5325,1
rep5,2.0755,5326,1
rep5,2.0759,5327,1
rep5,2.076,5328,1
rep5,2.0762,5329,1
rep5,2.0764,5330,1
rep5,2.077,5331,1
rep5,2.0774,5332,1
rep5,2.0778,5333,1
rep5,2.0778,5334,1
rep5,2.078,5335,1
rep5,2.0782,5336,1
rep5,2.0783,5337,1
rep5,2.0783,5338,1
rep5,2.0784,5339,1
rep5,2.0786,5340,1
rep5,2.0787,5341,1
rep5,2.0788,5342,1
rep5,2.0788,5343,1
rep5,2.0789,5344,1
rep5,2.0789,5345,1
rep5,2.0797,5346,1
rep5,2.0798,5347,1
rep5,2.0807,5348,1
rep5,2.0807,5349,1
rep5,2.0812,5350,1
rep5,2.0813,5351,1
rep5,2.0818,5352,1
rep5,2.0818,5353,1
rep5,2.0821,5354,1
rep5,2.0821,5355,1
rep5,2.0824,5356,1
rep5,2.0825,5357,1
rep5,2.0828,5358,1
rep5,2.084,5359,1
rep5,2.0843,5360,1
rep5,2.0848,5361,1
rep5,2.085,5362,1
rep5,2.0851,5363,1
rep5,2.0857,5364,1
rep5,2.0861,5365,1
rep5,2.0871,5366,1
rep5,2.0876,5367,1
rep5,2.0886,5368,1
rep5,2.0892,5369,1
rep5,2.0897,5370,1
rep5,2.0907,5371,1
rep5,2.0914,5372,1
rep5,2.0919,5373,1
rep5,2.0921,5374,1
rep5,2.0925,5375,1
rep5,2.0926,5376,1
rep5,2.0929,5377,1
rep5,2.0932,5378,1
rep5,2.0932,5379,1
rep5,2.0932,5380,1
rep5,2.0932,5381,1
rep5,2.0933,5382,1
rep5,2.0933,5383,1
rep5,2.0933,5384,1
rep5,2.0934,5385,1
rep5,2.0934,5386,1
rep5,2.0935,5387,1
rep5,2.0935,5388,1
rep5,2.0936,5389,1
rep5,2.0936,5390,1
rep5,2.0937,5391,1
rep5,2.0937,5392,1
rep5,2.0938,5393,1
rep5,2.0938,5394,1
rep5,2.0938,5395,1
rep5,2.0939,5396,1
rep5,2.0939,5397,1
rep5,2.094,5398,1
rep5,2.094,5399,1
rep5,2.0941,5400,1
rep5,2.0941,5401,1
rep5,2.0942,5402,1
rep5,2.0942,5403,1
rep5,2.0943,5404,1
rep5,2.0944,5405,1
rep5,2.0945,5406,1
rep5,2.0945,5407,1
rep5,2.0945,5408,1
rep5,2.0946,5409,1
rep5,2.0947,5410,1
rep5,2.0947,5411,1
rep5,2.0948,5412,1
rep5,2.0948,5413,1
rep5,2.0948,5414,1
rep5,2.0948,5415,1
rep5,2.095,5416,1
rep5,2.095,5417,1
rep5,2.095,5418,1
rep5,2.0951,5419,1
rep5,2.0952,5420,1
rep5,2.0954,5421,1
rep5,2.0954,5422,1
rep5,2.0955,5423,1
rep5,2.0955,5424,1
rep5,2.0955,5425,1
rep5,2.0957,5426,1
rep5,2.0957,5427,1
rep5,2.0958,5428,1
rep5,2.0959,5429,1
rep5,2.096,5430,1
rep5,2.096,5431,1
rep5,2.0961,5432,1
rep5,2.0962,5433,1
rep5,2.0962,5434,1
rep5,2.0963,5435,1
rep5,2.0964,5436,1
rep5,2.0966,5437,1
rep5,2.0966,5438,1
rep5,2.0966,5439,1
rep5,2.0967,5440,1
rep5,2.0967,5441,1
rep5,2.0967,5442,1
rep5,2.0969,5443,1
rep5,2.0969,5444,1
rep5,2.097,5445,1
rep5,2.097,5446,1
rep5,2.0971,5447,1
rep5,2.0972,5448,1
rep5,2.0972,5449,1
rep5,2.0973,5450,1
rep5,2.0973,5451,1
rep5,2.0974,5452,1
rep5,2.0975,5453,1
rep5,2.0976,5454,1
rep5,2.0976,5455,1
rep5,2.0976,5456,1
rep5,2.0976,5457,1
rep5,2.0978,5458,1
rep5,2.0978,5459,1
rep5,2.0979,5460,1
rep5,2.0979,5461,1
rep5,2.098,5462,1
rep5,2.098,5463,1
rep5,2.0981,5464,1
rep5,2.0982,5465,1
rep5,2.0982,5466,1
rep5,2.0982,5467,1
rep5,2.0983,5468,1
rep5,2.0984,5469,1
rep5,2.0984,5470,1
rep5,2.0985,5471,1
rep5,2.0986,5472,1
rep5,2.0987,5473,1
rep5,2.0987,5474,1
rep5,2.0988,5475,1
rep5,2.0988,5476,1
rep5,2.0988,5477,1
rep5,2.0989,5478,1
rep5,2.099,5479,1
rep5,2.099,5480,1
rep5,2.099,5481,1
rep5,2.099,5482,1
rep5,2.099,5483,1
rep5,2.0991,5484,1
rep5,2.0992,5485,1
rep5,2.0993,5486,1
rep5,2.0995,5487,1
rep5,2.0996,5488,1
rep5,2.0996,5489,1
rep5,2.0998,5490,1
rep5,2.0998,5491,1
rep5,2.1,5492,1
rep5,2.1001,5493,1
rep5,2.1003,5494,1
rep5,2.1004,5495,1
rep5,2.1004,5496,1
rep5,2.1005,5497,1
rep5,2.1005,5498,1
rep5,2.1006,5499,1
rep5,2.1008,5500,1
rep5,2.1009,5501,1
rep5,2.101,5502,1
rep5,2.101,5503,1
rep5,2.1011,5504,1
rep5,2.1012,5505,1
rep5,2.1012,5506,1
rep5,2.1013,5507,1
rep5,2.1013,5508,1
rep5,2.1013,5509,1
rep5,2.1014,5510,1
rep5,2.1015,5511,1
rep5,2.1015,5512,1
rep5,2.1016,5513,1
rep5,2.1017,5514,1
rep5,2.102,5515,1
rep5,2.1021,5516,1
rep5,2.1023,5517,1
rep5,2.1024,5518,1
rep5,2.1025,5519,1
rep5,2.1028,5520,1
rep5,2.103,5521,1
rep5,2.1031,5522,1
rep5,2.1031,5523,1
rep5,2.1033,5524,1
rep5,2.1035,5525,1
rep5,2.1036,5526,1
rep5,2.1036,5527,1
rep5,2.1037,5528,1
rep5,2.1039,5529,1
rep5,2.1039,5530,1
rep5,2.104,5531,1
rep5,2.104,5532,1
rep5,2.1042,5533,1
rep5,2.1043,5534,1
rep5,2.1043,5535,1
rep5,2.1044,5536,1
rep5,2.1049,5537,1
rep5,2.1051,5538,1
rep5,2.1056,5539,1
rep5,2.1056,5540,1
rep5,2.1058,5541,1
rep5,2.1058,5542,1
rep5,2.1059,5543,1
rep5,2.106,5544,1
rep5,2.1064,5545,1
rep5,2.1065,5546,1
rep5,2.1065,5547,1
rep5,2.1066,5548,1
rep5,2.1066,5549,1
rep5,2.1067,5550,1
rep5,2.1068,5551,1
rep5,2.1071,5552,1
rep5,2.1071,5553,1
rep5,2.1073,5554,1
rep5,2.1075,5555,1
rep5,2.1075,5556,1
rep5,2.1077,5557,1
rep5,2.1078,5558,1
rep5,2.1082,5559,1
rep5,2.1085,5560,1
rep5,2.1094,5561,1
rep5,2.1095,5562,1
rep5,2.1101,5563,1
rep5,2.1106,5564,1
rep5,2.1108,5565,1
rep5,2.1109,5566,1
rep5,2.1111,5567,1
rep5,2.1112,5568,1
rep5,2.1114,5569,1
rep5,2.1117,5570,1
rep5,2.1123,5571,1
rep5,2.1126,5572,1
rep5,2.1128,5573,1
rep5,2.1128,5574,1
rep5,2.1132,5575,1
rep5,2.1132,5576,1
rep5,2.1132,5577,1
rep5,2.1136,5578,1
rep5,2.1136,5579,1
rep5,2.1138,5580,1
rep5,2.1145,5581,1
rep5,2.1146,5582,1
rep5,2.1151,5583,1
rep5,2.1156,5584,1
rep5,2.116,5585,1
rep5,2.116,5586,1
rep5,2.1161,5587,1
rep5,2.1163,5588,1
rep5,2.1165,5589,1
rep5,2.1166,5590,1
rep5,2.1168,5591,1
rep5,2.117,5592,1
rep5,2.1174,5593,1
rep5,2.1179,5594,1
rep5,2.119,5595,1
rep5,2.1191,5596,1
rep5,2.1193,5597,1
rep5,2.1195,5598,1
rep5,2.1203,5599,1
rep5,2.1206,5600,1
rep5,2.1207,5601,1
rep5,2.1211,5602,1
rep5,2.1222,5603,1
rep5,2.1234,5604,1
rep5,2.1247,5605,1
rep5,2.1251,5606,1
rep5,2.1252,5607,1
rep5,2.1259,5608,1
rep5,2.126,5609,1
rep5,2.1265,5610,1
rep5,2.1266,5611,1
rep5,2.1267,5612,1
rep5,2.1268,5613,1
rep5,2.127,5614,1
rep5,2.1273,5615,1
rep5,2.1273,5616,1
rep5,2.1274,5617,1
rep5,2.1274,5618,1
rep5,2.1274,5619,1
rep5,2.1275,5620,1
rep5,2.1276,5621,1
rep5,2.1278,5622,1
rep5,2.1279,5623,1
rep5,2.1279,5624,1
rep5,2.1279,5625,1
rep5,2.128,5626,1
rep5,2.1283,5627,1
rep5,2.1283,5628,1
rep5,2.1285,5629,1
rep5,2.1285,5630,1
rep5,2.1285,5631,1
rep5,2.1287,5632,1
rep5,2.1288,5633,1
rep5,2.1288,5634,1
rep5,2.1292,5635,1
rep5,2.1293,5636,1
rep5,2.1294,5637,1
rep5,2.1294,5638,1
rep5,2.1294,5639,1
rep5,2.1294,5640,1
rep5,2.1296,5641,1
rep5,2.1302,5642,1
rep5,2.1302,5643,1
rep5,2.1305,5644,1
rep5,2.1306,5645,1
rep5,2.1308,5646,1
rep5,2.1311,5647,1
rep5,2.1311,5648,1
rep5,2.1312,5649,1
rep5,2.1314,5650,1
rep5,2.1314,5651,1
rep5,2.1315,5652,1
rep5,2.1319,5653,1
rep5,2.1319,5654,1
rep5,2.1322,5655,1
rep5,2.1324,5656,1
rep5,2.1325,5657,1
rep5,2.1326,5658,1
rep5,2.133,5659,1
rep5,2.133,5660,1
rep5,2.1332,5661,1
rep5,2.1333,5662,1
rep5,2.1334,5663,1
rep5,2.1336,5664,1
rep5,2.1337,5665,1
rep5,2.1337,5666,1
rep5,2.1337,5667,1
rep5,2.1338,5668,1
rep5,2.1341,5669,1
rep5,2.1342,5670,1
rep5,2.1344,5671,1
rep5,2.1346,5672,1
rep5,2.1346,5673,1
rep5,2.1346,5674,1
rep5,2.1352,5675,1
rep5,2.1354,5676,1
rep5,2.1357,5677,1
rep5,2.1362,5678,1
rep5,2.1362,5679,1
rep5,2.1364,5680,1
rep5,2.1365,5681,1
rep5,2.1369,5682,1
rep5,2.1371,5683,1
rep5,2.1371,5684,1
rep5,2.1371,5685,1
rep5,2.1375,5686,1
rep5,2.1375,5687,1
rep5,2.1377,5688,1
rep5,2.138,5689,1
rep5,2.138,5690,1
rep5,2.1381,5691,1
rep5,2.1387,5692,1
rep5,2.1388,5693,1
rep5,2.1388,5694,1
rep5,2.139,5695,1
rep5,2.1394,5696,1
rep5,2.1397,5697,1
rep5,2.1398,5698,1
rep5,2.1402,5699,1
rep5,2.1403,5700,1
rep5,2.1406,5701,1
rep5,2.141,5702,1
rep5,2.1411,5703,1
rep5,2.1415,5704,1
rep5,2.1416,5705,1
rep5,2.1417,5706,1
rep5,2.1424,5707,1
rep5,2.1425,5708,1
rep5,2.1429,5709,1
rep5,2.1434,5710,1
rep5,2.1439,5711,1
rep5,2.144,5712,1
rep5,2.1443,5713,1
rep5,2.1444,5714,1
rep5,2.1447,5715,1
rep5,2.1449,5716,1
rep5,2.1453,5717,1
rep5,2.1454,5718,1
rep5,2.1455,5719,1
rep5,2.1456,5720,1
rep5,2.1457,5721,1
rep5,2.1457,5722,1
rep5,2.1463,5723,1
rep5,2.1465,5724,1
rep5,2.1465,5725,1
rep5,2.1468,5726,1
rep5,2.1473,5727,1
rep5,2.1484,5728,1
rep5,2.1491,5729,1
rep5,2.1494,5730,1
rep5,2.1495,5731,1
rep5,2.1503,5732,1
rep5,2.1506,5733,1
rep5,2.1508,5734,1
rep5,2.1509,5735,1
rep5,2.1511,5736,1
rep5,2.1514,5737,1
rep5,2.1517,5738,1
rep5,2.1517,5739,1
rep5,2.1518,5740,1
rep5,2.152,5741,1
rep5,2.1525,5742,1
rep5,2.1525,5743,1
rep5,2.1531,5744,1
rep5,2.1534,5745,1
rep5,2.1535,5746,1
rep5,2.1535,5747,1
rep5,2.1538,5748,1
rep5,2.1538,5749,1
rep5,2.1539,5750,1
rep5,2.1541,5751,1
rep5,2.1542,5752,1
rep5,2.1544,5753,1
rep5,2.1545,5754,1
rep5,2.1547,5755,1
rep5,2.1548,5756,1
rep5,2.1551,5757,1
rep5,2.1561,5758,1
rep5,2.1561,5759,1
rep5,2.1562,5760,1
rep5,2.1565,5761,1
rep5,2.1565,5762,1
rep5,2.1569,5763,1
rep5,2.157,5764,1
rep5,2.1576,5765,1
rep5,2.1578,5766,1
rep5,2.1581,5767,1
rep5,2.1588,5768,1
rep5,2.1591,5769,1
rep5,2.1597,5770,1
rep5,2.1598,5771,1
rep5,2.1605,5772,1
rep5,2.1607,5773,1
rep5,2.1609,5774,1
rep5,2.1609,5775,1
rep5,2.1609,5776,1
rep5,2.161,5777,1
rep5,2.1611,5778,1
rep5,2.1612,5779,1
rep5,2.1615,5780,1
rep5,2.1615,5781,1
rep5,2.1615,5782,1
rep5,2.1618,5783,1
rep5,2.1618,5784,1
rep5,2.1622,5785,1
rep5,2.1623,5786,1
rep5,2.1624,5787,1
rep5,2.1626,5788,1
rep5,2.1627,5789,1
rep5,2.1628,5790,1
rep5,2.163,5791,1
rep5,2.1632,5792,1
rep5,2.1632,5793,1
rep5,2.1633,5794,1
rep5,2.1635,5795,1
rep5,2.1637,5796,1
rep5,2.1641,5797,1
rep5,2.165,5798,1
rep5,2.1651,5799,1
rep5,2.1654,5800,1
rep5,2.1655,5801,1
rep5,2.1659,5802,1
rep5,2.1661,5803,1
rep5,2.1665,5804,1
rep5,2.1666,5805,1
rep5,2.1666,5806,1
rep5,2.167,5807,1
rep5,2.1674,5808,1
rep5,2.1675,5809,1
rep5,2.1676,5810,1
rep5,2.1678,5811,1
rep5,2.168,5812,1
rep5,2.168,5813,1
rep5,2.1686,5814,1
rep5,2.1686,5815,1
rep5,2.1688,5816,1
rep5,2.1691,5817,1
rep5,2.1692,5818,1
rep5,2.1692,5819,1
rep5,2.1695,5820,1
rep5,2.1695,5821,1
rep5,2.1696,5822,1
rep5,2.1699,5823,1
rep5,2.1702,5824,1
rep5,2.1705,5825,1
rep5,2.1707,5826,1
rep5,2.1708,5827,1
rep5,2.1712,5828,1
rep5,2.1712,5829,1
rep5,2.1714,5830,1
rep5,2.1715,5831,1
rep5,2.1715,5832,1
rep5,2.1716,5833,1
rep5,2.1717,5834,1
rep5,2.172,5835,1
rep5,2.1721,5836,1
rep5,2.1723,5837,1
rep5,2.1728,5838,1
rep5,2.1728,5839,1
rep5,2.1728,5840,1
rep5,2.173,5841,1
rep5,2.1731,5842,1
rep5,2.1731,5843,1
rep5,2.1734,5844,1
rep5,2.1734,5845,1
rep5,2.1737,5846,1
rep5,2.1738,5847,1
rep5,2.174,5848,1
rep5,2.1741,5849,1
rep5,2.1742,5850,1
rep5,2.1745,5851,1
rep5,2.1745,5852,1
rep5,2.1745,5853,1
rep5,2.1748,5854,1
rep5,2.1748,5855,1
rep5,2.1748,5856,1
rep5,2.1749,5857,1
rep5,2.1751,5858,1
rep5,2.1753,5859,1
rep5,2.1755,5860,1
rep5,2.176,5861,1
rep5,2.176,5862,1
rep5,2.1761,5863,1
rep5,2.1762,5864,1
rep5,2.1763,5865,1
rep5,2.1763,5866,1
rep5,2.1768,5867,1
rep5,2.1769,5868,1
rep5,2.1769,5869,1
rep5,2.177,5870,1
rep5,2.1774,5871,1
rep5,2.1775,5872,1
rep5,2.1776,5873,1
rep5,2.1778,5874,1
rep5,2.1781,5875,1
rep5,2.1781,5876,1
rep5,2.1785,5877,1
rep5,2.1787,5878,1
rep5,2.1789,5879,1
rep5,2.1789,5880,1
rep5,2.179,5881,1
rep5,2.1791,5882,1
rep5,2.1796,5883,1
rep5,2.1804,5884,1
rep5,2.1808,5885,1
rep5,2.1813,5886,1
rep5,2.1815,5887,1
rep5,2.1816,5888,1
rep5,2.1816,5889,1
rep5,2.1818,5890,1
rep5,2.1819,5891,1
rep5,2.182,5892,1
rep5,2.1821,5893,1
rep5,2.1821,5894,1
rep5,2.1823,5895,1
rep5,2.1827,5896,1
rep5,2.1831,5897,1
rep5,2.1832,5898,1
rep5,2.1833,5899,1
rep5,2.1836,5900,1
rep5,2.1842,5901,1
rep5,2.1844,5902,1
rep5,2.1845,5903,1
rep5,2.1847,5904,1
rep5,2.1847,5905,1
rep5,2.1848,5906,1
rep5,2.185,5907,1
rep5,2.185,5908,1
rep5,2.1852,5909,1
rep5,2.1853,5910,1
rep5,2.1856,5911,1
rep5,2.1859,5912,1
rep5,2.1863,5913,1
rep5,2.1867,5914,1
rep5,2.1869,5915,1
rep5,2.1873,5916,1
rep5,2.1878,5917,1
rep5,2.1878,5918,1
rep5,2.1879,5919,1
rep5,2.1879,5920,1
rep5,2.188,5921,1
rep5,2.1883,5922,1
rep5,2.1886,5923,1
rep5,2.1886,5924,1
rep5,2.1888,5925,1
rep5,2.1888,5926,1
rep5,2.1893,5927,1
rep5,2.1893,5928,1
rep5,2.1896,5929,1
rep5,2.1899,5930,1
rep5,2.1901,5931,1
rep5,2.1904,5932,1
rep5,2.1906,5933,1
rep5,2.1907,5934,1
rep5,2.1908,5935,1
rep5,2.191,5936,1
rep5,2.1912,5937,1
rep5,2.1912,5938,1
rep5,2.1918,5939,1
rep5,2.1922,5940,1
rep5,2.1925,5941,1
rep5,2.1925,5942,1
rep5,2.1927,5943,1
rep5,2.193,5944,1
rep5,2.1932,5945,1
rep5,2.1935,5946,1
rep5,2.1937,5947,1
rep5,2.1937,5948,1
rep5,2.1944,5949,1
rep5,2.1946,5950,1
rep5,2.1946,5951,1
rep5,2.1948,5952,1
rep5,2.1949,5953,1
rep5,2.195,5954,1
rep5,2.1951,5955,1
rep5,2.1955,5956,1
rep5,2.1955,5957,1
rep5,2.1956,5958,1
rep5,2.1957,5959,1
rep5,2.196,5960,1
rep5,2.196,5961,1
rep5,2.1961,5962,1
rep5,2.1962,5963,1
rep5,2.1963,5964,1
rep5,2.1964,5965,1
rep5,2.1968,5966,1
rep5,2.197,5967,1
rep5,2.197,5968,1
rep5,2.1972,5969,1
rep5,2.1972,5970,1
rep5,2.1974,5971,1
rep5,2.1981,5972,1
rep5,2.1981,5973,1
rep5,2.1986,5974,1
rep5,2.1988,5975,1
rep5,2.1989,5976,1
rep5,2.1989,5977,1
rep5,2.199,5978,1
rep5,2.1992,5979,1
rep5,2.1993,5980,1
rep5,2.1996,5981,1
rep5,2.1996,5982,1
rep5,2.1997,5983,1
rep5,2.1998,5984,1
rep5,2.1998,5985,1
rep5,2.2001,5986,1
rep5,2.2002,5987,1
rep5,2.2003,5988,1
rep5,2.2004,5989,1
rep5,2.2004,5990,1
rep5,2.2006,5991,1
rep5,2.201,5992,1
rep5,2.2013,5993,1
rep5,2.2014,5994,1
rep5,2.2014,5995,1
rep5,2.2015,5996,1
rep5,2.2016,5997,1
rep5,2.2017,5998,1
rep5,2.2021,5999,1
rep5,2.2022,6000,1
rep5,2.2022,6001,1
rep5,2.2022,6002,1
rep5,2.2023,6003,1
rep5,2.2023,6004,1
rep5,2.2028,6005,1
rep5,2.2035,6006,1
rep5,2.2035,6007,1
rep5,2.2035,6008,1
rep5,2.2038,6009,1
rep5,2.2039,6010,1
rep5,2.2039,6011,1
rep5,2.2041,6012,1
rep5,2.2041,6013,1
rep5,2.2043,6014,1
rep5,2.2044,6015,1
rep5,2.2046,6016,1
rep5,2.2049,6017,1
rep5,2.205,6018,1
rep5,2.2052,6019,1
rep5,2.2052,6020,1
rep5,2.2054,6021,1
rep5,2.2055,6022,1
rep5,2.2056,6023,1
rep5,2.2056,6024,1
rep5,2.206,6025,1
rep5,2.206,6026,1
rep5,2.2064,6027,1
rep5,2.2066,6028,1
rep5,2.2066,6029,1
rep5,2.2067,6030,1
rep5,2.2071,6031,1
rep5,2.2073,6032,1
rep5,2.2074,6033,1
rep5,2.2074,6034,1
rep5,2.2075,6035,1
rep5,2.2077,6036,1
rep5,2.2077,6037,1
rep5,2.2078,6038,1
rep5,2.208,6039,1
rep5,2.2081,6040,1
rep5,2.2085,6041,1
rep5,2.2087,6042,1
rep5,2.2088,6043,1
rep5,2.2091,6044,1
rep5,2.2094,6045,1
rep5,2.2094,6046,1
rep5,2.2095,6047,1
rep5,2.2095,6048,1
rep5,2.2103,6049,1
rep5,2.2103,6050,1
rep5,2.2103,6051,1
rep5,2.2106,6052,1
rep5,2.2107,6053,1
rep5,2.2108,6054,1
rep5,2.2109,6055,1
rep5,2.2111,6056,1
rep5,2.2112,6057,1
rep5,2.2113,6058,1
rep5,2.2114,6059,1
rep5,2.2114,6060,1
rep5,2.2115,6061,1
rep5,2.2116,6062,1
rep5,2.2117,6063,1
rep5,2.2117,6064,1
rep5,2.2119,6065,1
rep5,2.212,6066,1
rep5,2.212,6067,1
rep5,2.2121,6068,1
rep5,2.2122,6069,1
rep5,2.2127,6070,1
rep5,2.2127,6071,1
rep5,2.2131,6072,1
rep5,2.2132,6073,1
rep5,2.2136,6074,1
rep5,2.2139,6075,1
rep5,2.2139,6076,1
rep5,2.2142,6077,1
rep5,2.2143,6078,1
rep5,2.2148,6079,1
rep5,2.2148,6080,1
rep5,2.2157,6081,1
rep5,2.2158,6082,1
rep5,2.2161,6083,1
rep5,2.2162,6084,1
rep5,2.2164,6085,1
rep5,2.2175,6086,1
rep5,2.2176,6087,1
rep5,2.2177,6088,1
rep5,2.2178,6089,1
rep5,2.2186,6090,1
rep5,2.2187,6091,1
rep5,2.2187,6092,1
rep5,2.2191,6093,1
rep5,2.2193,6094,1
rep5,2.2197,6095,1
rep5,2.2197,6096,1
rep5,2.2199,6097,1
rep5,2.22,6098,1
rep5,2.2205,6099,1
rep5,2.2206,6100,1
rep5,2.2206,6101,1
rep5,2.2207,6102,1
rep5,2.2215,6103,1
rep5,2.2218,6104,1
rep5,2.2222,6105,1
rep5,2.2223,6106,1
rep5,2.2225,6107,1
rep5,2.2227,6108,1
rep5,2.2228,6109,1
rep5,2.2228,6110,1
rep5,2.2229,6111,1
rep5,2.2232,6112,1
rep5,2.2238,6113,1
rep5,2.2239,6114,1
rep5,2.2243,6115,1
